[2026-06-15 16:31:28,202][root][INFO] - Recurrent UNet Model Successfully Configured and Initialized.
[2026-06-15 16:31:28,219][root][INFO] - Starting from scratch (no valid checkpoint provided).
[2026-06-15 16:31:33,798][root][INFO] - Train: 4480000 samples, Val: 640000 samples
[2026-06-15 16:31:34,887][root][INFO] - Starting training from epoch 1
[2026-06-15 16:31:57,852][root][INFO] - Epoch [1/5], Batch [1/300], Loss: 2.0885 (Overall: 2.0462, Change: 2.1309), TF Ratio: 1.000
[2026-06-15 16:31:58,005][root][INFO] - Epoch [1/5], Batch [2/300], Loss: 2.1046 (Overall: 1.9905, Change: 2.2509), TF Ratio: 1.000
[2026-06-15 16:32:01,590][root][INFO] - Epoch [1/5], Batch [3/300], Loss: 2.0953 (Overall: 2.1623, Change: 1.9912), TF Ratio: 0.999
[2026-06-15 16:32:08,912][root][INFO] - Epoch [1/5], Batch [4/300], Loss: 2.1103 (Overall: 2.1162, Change: 2.1946), TF Ratio: 0.999
[2026-06-15 16:32:09,064][root][INFO] - Epoch [1/5], Batch [5/300], Loss: 2.0901 (Overall: 1.9590, Change: 2.0596), TF Ratio: 0.999
[2026-06-15 16:32:09,216][root][INFO] - Epoch [1/5], Batch [6/300], Loss: 2.0371 (Overall: 1.7218, Change: 1.8216), TF Ratio: 0.999
[2026-06-15 16:32:09,368][root][INFO] - Epoch [1/5], Batch [7/300], Loss: 2.0462 (Overall: 2.0732, Change: 2.1286), TF Ratio: 0.999
[2026-06-15 16:32:18,697][root][INFO] - Epoch [1/5], Batch [8/300], Loss: 2.0169 (Overall: 1.7860, Change: 1.8378), TF Ratio: 0.998
[2026-06-15 16:32:18,854][root][INFO] - Epoch [1/5], Batch [9/300], Loss: 1.9843 (Overall: 1.5380, Change: 1.9099), TF Ratio: 0.998
[2026-06-15 16:32:19,007][root][INFO] - Epoch [1/5], Batch [10/300], Loss: 1.9665 (Overall: 1.7168, Change: 1.8951), TF Ratio: 0.998
[2026-06-15 16:32:19,159][root][INFO] - Epoch [1/5], Batch [11/300], Loss: 1.9372 (Overall: 1.5101, Change: 1.7776), TF Ratio: 0.998
[2026-06-15 16:32:26,571][root][INFO] - Epoch [1/5], Batch [12/300], Loss: 1.9336 (Overall: 1.9281, Change: 1.8594), TF Ratio: 0.998
[2026-06-15 16:32:26,736][root][INFO] - Epoch [1/5], Batch [13/300], Loss: 1.9150 (Overall: 1.3921, Change: 1.9913), TF Ratio: 0.997
[2026-06-15 16:32:26,889][root][INFO] - Epoch [1/5], Batch [14/300], Loss: 1.9005 (Overall: 1.5473, Change: 1.8791), TF Ratio: 0.997
[2026-06-15 16:32:27,041][root][INFO] - Epoch [1/5], Batch [15/300], Loss: 1.8772 (Overall: 1.2848, Change: 1.8176), TF Ratio: 0.997
[2026-06-15 16:32:36,384][root][INFO] - Epoch [1/5], Batch [16/300], Loss: 1.8640 (Overall: 1.5339, Change: 1.7956), TF Ratio: 0.997
[2026-06-15 16:32:36,542][root][INFO] - Epoch [1/5], Batch [17/300], Loss: 1.8463 (Overall: 1.3332, Change: 1.7929), TF Ratio: 0.997
[2026-06-15 16:32:36,694][root][INFO] - Epoch [1/5], Batch [18/300], Loss: 1.8456 (Overall: 1.6168, Change: 2.0530), TF Ratio: 0.996
[2026-06-15 16:32:36,847][root][INFO] - Epoch [1/5], Batch [19/300], Loss: 1.8360 (Overall: 1.3286, Change: 1.9960), TF Ratio: 0.996
[2026-06-15 16:32:41,725][root][INFO] - Epoch [1/5], Batch [20/300], Loss: 1.8201 (Overall: 1.4572, Change: 1.5802), TF Ratio: 0.996
[2026-06-15 16:32:41,882][root][INFO] - Epoch [1/5], Batch [21/300], Loss: 1.8077 (Overall: 1.2044, Change: 1.9151), TF Ratio: 0.996
[2026-06-15 16:32:42,034][root][INFO] - Epoch [1/5], Batch [22/300], Loss: 1.7981 (Overall: 1.2539, Change: 1.9389), TF Ratio: 0.996
[2026-06-15 16:32:42,187][root][INFO] - Epoch [1/5], Batch [23/300], Loss: 1.7943 (Overall: 1.3329, Change: 2.0870), TF Ratio: 0.995
[2026-06-15 16:32:53,044][root][INFO] - Epoch [1/5], Batch [24/300], Loss: 1.7796 (Overall: 1.2087, Change: 1.6739), TF Ratio: 0.995
[2026-06-15 16:32:53,200][root][INFO] - Epoch [1/5], Batch [25/300], Loss: 1.7668 (Overall: 1.2278, Change: 1.6930), TF Ratio: 0.995
[2026-06-15 16:32:53,353][root][INFO] - Epoch [1/5], Batch [26/300], Loss: 1.7529 (Overall: 1.2407, Change: 1.5713), TF Ratio: 0.995
[2026-06-15 16:32:53,504][root][INFO] - Epoch [1/5], Batch [27/300], Loss: 1.7397 (Overall: 1.2875, Change: 1.5049), TF Ratio: 0.995
[2026-06-15 16:33:00,313][root][INFO] - Epoch [1/5], Batch [28/300], Loss: 1.7320 (Overall: 1.2233, Change: 1.8238), TF Ratio: 0.994
[2026-06-15 16:33:00,469][root][INFO] - Epoch [1/5], Batch [29/300], Loss: 1.7205 (Overall: 1.1126, Change: 1.6838), TF Ratio: 0.994
[2026-06-15 16:33:00,621][root][INFO] - Epoch [1/5], Batch [30/300], Loss: 1.7143 (Overall: 1.2884, Change: 1.7832), TF Ratio: 0.994
[2026-06-15 16:33:00,776][root][INFO] - Epoch [1/5], Batch [31/300], Loss: 1.7132 (Overall: 1.3219, Change: 2.0343), TF Ratio: 0.994
[2026-06-15 16:33:06,921][root][INFO] - Epoch [1/5], Batch [32/300], Loss: 1.7059 (Overall: 1.0491, Change: 1.9150), TF Ratio: 0.994
[2026-06-15 16:33:07,246][root][INFO] - Epoch [1/5], Batch [33/300], Loss: 1.6969 (Overall: 1.1930, Change: 1.6200), TF Ratio: 0.993
[2026-06-15 16:33:09,202][root][INFO] - Epoch [1/5], Batch [34/300], Loss: 1.6870 (Overall: 1.3048, Change: 1.4155), TF Ratio: 0.993
[2026-06-15 16:33:09,355][root][INFO] - Epoch [1/5], Batch [35/300], Loss: 1.6773 (Overall: 1.3694, Change: 1.3298), TF Ratio: 0.993
[2026-06-15 16:33:15,197][root][INFO] - Epoch [1/5], Batch [36/300], Loss: 1.6689 (Overall: 1.2491, Change: 1.4959), TF Ratio: 0.993
[2026-06-15 16:33:15,353][root][INFO] - Epoch [1/5], Batch [37/300], Loss: 1.6557 (Overall: 0.9494, Change: 1.4131), TF Ratio: 0.993
[2026-06-15 16:33:15,506][root][INFO] - Epoch [1/5], Batch [38/300], Loss: 1.6497 (Overall: 1.0768, Change: 1.7820), TF Ratio: 0.992
[2026-06-15 16:33:15,659][root][INFO] - Epoch [1/5], Batch [39/300], Loss: 1.6362 (Overall: 0.9661, Change: 1.2807), TF Ratio: 0.992
[2026-06-15 16:33:20,591][root][INFO] - Epoch [1/5], Batch [40/300], Loss: 1.6252 (Overall: 1.0731, Change: 1.3201), TF Ratio: 0.992
[2026-06-15 16:33:21,865][root][INFO] - Epoch [1/5], Batch [41/300], Loss: 1.6172 (Overall: 0.9931, Change: 1.5948), TF Ratio: 0.992
[2026-06-15 16:33:22,760][root][INFO] - Epoch [1/5], Batch [42/300], Loss: 1.6174 (Overall: 1.2475, Change: 2.0108), TF Ratio: 0.992
[2026-06-15 16:33:22,913][root][INFO] - Epoch [1/5], Batch [43/300], Loss: 1.6131 (Overall: 1.1654, Change: 1.6958), TF Ratio: 0.991
[2026-06-15 16:33:33,911][root][INFO] - Epoch [1/5], Batch [44/300], Loss: 1.6091 (Overall: 1.0545, Change: 1.8164), TF Ratio: 0.991
[2026-06-15 16:33:34,064][root][INFO] - Epoch [1/5], Batch [45/300], Loss: 1.6015 (Overall: 0.9848, Change: 1.5562), TF Ratio: 0.991
[2026-06-15 16:33:34,217][root][INFO] - Epoch [1/5], Batch [46/300], Loss: 1.5980 (Overall: 1.2905, Change: 1.5874), TF Ratio: 0.991
[2026-06-15 16:33:34,370][root][INFO] - Epoch [1/5], Batch [47/300], Loss: 1.5922 (Overall: 0.9984, Change: 1.6519), TF Ratio: 0.991
[2026-06-15 16:33:43,331][root][INFO] - Epoch [1/5], Batch [48/300], Loss: 1.5872 (Overall: 1.1212, Change: 1.5799), TF Ratio: 0.990
[2026-06-15 16:33:43,487][root][INFO] - Epoch [1/5], Batch [49/300], Loss: 1.5806 (Overall: 0.9789, Change: 1.5509), TF Ratio: 0.990
[2026-06-15 16:33:43,640][root][INFO] - Epoch [1/5], Batch [50/300], Loss: 1.5761 (Overall: 1.1263, Change: 1.5886), TF Ratio: 0.990
[2026-06-15 16:33:43,908][root][INFO] - Epoch [1/5], Batch [51/300], Loss: 1.5715 (Overall: 0.9921, Change: 1.6865), TF Ratio: 0.990
[2026-06-15 16:33:50,722][root][INFO] - Epoch [1/5], Batch [52/300], Loss: 1.5687 (Overall: 1.2117, Change: 1.6422), TF Ratio: 0.990
[2026-06-15 16:33:50,877][root][INFO] - Epoch [1/5], Batch [53/300], Loss: 1.5662 (Overall: 1.1339, Change: 1.7427), TF Ratio: 0.989
[2026-06-15 16:33:51,029][root][INFO] - Epoch [1/5], Batch [54/300], Loss: 1.5645 (Overall: 1.3082, Change: 1.6338), TF Ratio: 0.989
[2026-06-15 16:33:51,181][root][INFO] - Epoch [1/5], Batch [55/300], Loss: 1.5649 (Overall: 1.3032, Change: 1.8775), TF Ratio: 0.989
[2026-06-15 16:34:01,806][root][INFO] - Epoch [1/5], Batch [56/300], Loss: 1.5622 (Overall: 1.0993, Change: 1.7206), TF Ratio: 0.989
[2026-06-15 16:34:02,096][root][INFO] - Epoch [1/5], Batch [57/300], Loss: 1.5601 (Overall: 0.8776, Change: 2.0071), TF Ratio: 0.989
[2026-06-15 16:34:02,248][root][INFO] - Epoch [1/5], Batch [58/300], Loss: 1.5559 (Overall: 0.9998, Change: 1.6395), TF Ratio: 0.988
[2026-06-15 16:34:02,401][root][INFO] - Epoch [1/5], Batch [59/300], Loss: 1.5496 (Overall: 0.8529, Change: 1.5124), TF Ratio: 0.988
[2026-06-15 16:34:13,353][root][INFO] - Epoch [1/5], Batch [60/300], Loss: 1.5434 (Overall: 0.9685, Change: 1.3882), TF Ratio: 0.988
[2026-06-15 16:34:13,509][root][INFO] - Epoch [1/5], Batch [61/300], Loss: 1.5367 (Overall: 0.8991, Change: 1.3697), TF Ratio: 0.988
[2026-06-15 16:34:13,661][root][INFO] - Epoch [1/5], Batch [62/300], Loss: 1.5307 (Overall: 0.9353, Change: 1.3980), TF Ratio: 0.988
[2026-06-15 16:34:13,813][root][INFO] - Epoch [1/5], Batch [63/300], Loss: 1.5283 (Overall: 1.1893, Change: 1.5588), TF Ratio: 0.987
[2026-06-15 16:34:19,041][root][INFO] - Epoch [1/5], Batch [64/300], Loss: 1.5264 (Overall: 1.2103, Change: 1.6135), TF Ratio: 0.987
[2026-06-15 16:34:19,203][root][INFO] - Epoch [1/5], Batch [65/300], Loss: 1.5251 (Overall: 1.3858, Change: 1.4885), TF Ratio: 0.987
[2026-06-15 16:34:19,355][root][INFO] - Epoch [1/5], Batch [66/300], Loss: 1.5264 (Overall: 1.2186, Change: 2.0067), TF Ratio: 0.987
[2026-06-15 16:34:19,506][root][INFO] - Epoch [1/5], Batch [67/300], Loss: 1.5252 (Overall: 1.2997, Change: 1.5997), TF Ratio: 0.987
[2026-06-15 16:34:29,104][root][INFO] - Epoch [1/5], Batch [68/300], Loss: 1.5186 (Overall: 0.9610, Change: 1.1864), TF Ratio: 0.986
[2026-06-15 16:34:29,260][root][INFO] - Epoch [1/5], Batch [69/300], Loss: 1.5166 (Overall: 1.1043, Change: 1.6627), TF Ratio: 0.986
[2026-06-15 16:34:29,414][root][INFO] - Epoch [1/5], Batch [70/300], Loss: 1.5137 (Overall: 0.8762, Change: 1.7508), TF Ratio: 0.986
[2026-06-15 16:34:29,567][root][INFO] - Epoch [1/5], Batch [71/300], Loss: 1.5086 (Overall: 0.9544, Change: 1.3494), TF Ratio: 0.986
[2026-06-15 16:34:37,999][root][INFO] - Epoch [1/5], Batch [72/300], Loss: 1.5045 (Overall: 1.0062, Change: 1.4073), TF Ratio: 0.986
[2026-06-15 16:34:38,156][root][INFO] - Epoch [1/5], Batch [73/300], Loss: 1.5028 (Overall: 1.0215, Change: 1.7511), TF Ratio: 0.985
[2026-06-15 16:34:38,308][root][INFO] - Epoch [1/5], Batch [74/300], Loss: 1.4983 (Overall: 0.9297, Change: 1.4099), TF Ratio: 0.985
[2026-06-15 16:34:38,461][root][INFO] - Epoch [1/5], Batch [75/300], Loss: 1.4958 (Overall: 0.8685, Change: 1.7480), TF Ratio: 0.985
[2026-06-15 16:34:46,293][root][INFO] - Epoch [1/5], Batch [76/300], Loss: 1.4944 (Overall: 1.1108, Change: 1.6623), TF Ratio: 0.985
[2026-06-15 16:34:46,456][root][INFO] - Epoch [1/5], Batch [77/300], Loss: 1.4944 (Overall: 1.2706, Change: 1.7171), TF Ratio: 0.985
[2026-06-15 16:34:46,609][root][INFO] - Epoch [1/5], Batch [78/300], Loss: 1.4891 (Overall: 0.8444, Change: 1.3306), TF Ratio: 0.984
[2026-06-15 16:34:46,762][root][INFO] - Epoch [1/5], Batch [79/300], Loss: 1.4845 (Overall: 0.8942, Change: 1.3551), TF Ratio: 0.984
[2026-06-15 16:34:53,554][root][INFO] - Epoch [1/5], Batch [80/300], Loss: 1.4831 (Overall: 1.0376, Change: 1.6995), TF Ratio: 0.984
[2026-06-15 16:34:53,710][root][INFO] - Epoch [1/5], Batch [81/300], Loss: 1.4816 (Overall: 1.0346, Change: 1.6912), TF Ratio: 0.984
[2026-06-15 16:34:53,865][root][INFO] - Epoch [1/5], Batch [82/300], Loss: 1.4793 (Overall: 0.9656, Change: 1.6247), TF Ratio: 0.984
[2026-06-15 16:34:54,018][root][INFO] - Epoch [1/5], Batch [83/300], Loss: 1.4747 (Overall: 0.9628, Change: 1.2327), TF Ratio: 0.983
[2026-06-15 16:35:01,297][root][INFO] - Epoch [1/5], Batch [84/300], Loss: 1.4736 (Overall: 0.9566, Change: 1.8109), TF Ratio: 0.983
[2026-06-15 16:35:01,456][root][INFO] - Epoch [1/5], Batch [85/300], Loss: 1.4716 (Overall: 0.9165, Change: 1.6838), TF Ratio: 0.983
[2026-06-15 16:35:01,609][root][INFO] - Epoch [1/5], Batch [86/300], Loss: 1.4678 (Overall: 0.9323, Change: 1.3632), TF Ratio: 0.983
[2026-06-15 16:35:01,762][root][INFO] - Epoch [1/5], Batch [87/300], Loss: 1.4657 (Overall: 0.9354, Change: 1.6311), TF Ratio: 0.983
[2026-06-15 16:35:05,323][root][INFO] - Epoch [1/5], Batch [88/300], Loss: 1.4630 (Overall: 0.7752, Change: 1.6723), TF Ratio: 0.982
[2026-06-15 16:35:05,481][root][INFO] - Epoch [1/5], Batch [89/300], Loss: 1.4625 (Overall: 1.1576, Change: 1.6785), TF Ratio: 0.982
[2026-06-15 16:35:05,634][root][INFO] - Epoch [1/5], Batch [90/300], Loss: 1.4600 (Overall: 0.9495, Change: 1.5351), TF Ratio: 0.982
[2026-06-15 16:35:05,787][root][INFO] - Epoch [1/5], Batch [91/300], Loss: 1.4580 (Overall: 0.9582, Change: 1.5990), TF Ratio: 0.982
[2026-06-15 16:35:20,995][root][INFO] - Epoch [1/5], Batch [92/300], Loss: 1.4554 (Overall: 0.9588, Change: 1.4774), TF Ratio: 0.982
[2026-06-15 16:35:21,152][root][INFO] - Epoch [1/5], Batch [93/300], Loss: 1.4534 (Overall: 0.9145, Change: 1.6135), TF Ratio: 0.981
[2026-06-15 16:35:21,303][root][INFO] - Epoch [1/5], Batch [94/300], Loss: 1.4508 (Overall: 0.9417, Change: 1.4913), TF Ratio: 0.981
[2026-06-15 16:35:21,455][root][INFO] - Epoch [1/5], Batch [95/300], Loss: 1.4499 (Overall: 0.8317, Change: 1.8963), TF Ratio: 0.981
[2026-06-15 16:35:21,621][root][INFO] - Epoch [1/5], Batch [96/300], Loss: 1.4486 (Overall: 1.0474, Change: 1.5978), TF Ratio: 0.981
[2026-06-15 16:35:21,773][root][INFO] - Epoch [1/5], Batch [97/300], Loss: 1.4461 (Overall: 0.9057, Change: 1.4988), TF Ratio: 0.981
[2026-06-15 16:35:21,925][root][INFO] - Epoch [1/5], Batch [98/300], Loss: 1.4436 (Overall: 0.8554, Change: 1.5651), TF Ratio: 0.980
[2026-06-15 16:35:23,003][root][INFO] - Epoch [1/5], Batch [99/300], Loss: 1.4450 (Overall: 1.1619, Change: 1.9850), TF Ratio: 0.980
[2026-06-15 16:35:52,169][root][INFO] - Epoch [1/5], Batch [100/300], Loss: 1.4443 (Overall: 1.0821, Change: 1.6858), TF Ratio: 0.980
[2026-06-15 16:35:52,324][root][INFO] - Epoch [1/5], Batch [101/300], Loss: 1.4415 (Overall: 0.8578, Change: 1.4615), TF Ratio: 0.980
[2026-06-15 16:35:52,476][root][INFO] - Epoch [1/5], Batch [102/300], Loss: 1.4400 (Overall: 0.9022, Change: 1.6740), TF Ratio: 0.980
[2026-06-15 16:35:52,628][root][INFO] - Epoch [1/5], Batch [103/300], Loss: 1.4370 (Overall: 0.8645, Change: 1.3847), TF Ratio: 0.979
[2026-06-15 16:35:52,793][root][INFO] - Epoch [1/5], Batch [104/300], Loss: 1.4349 (Overall: 1.0487, Change: 1.4024), TF Ratio: 0.979
[2026-06-15 16:35:52,947][root][INFO] - Epoch [1/5], Batch [105/300], Loss: 1.4340 (Overall: 1.1835, Change: 1.4857), TF Ratio: 0.979
[2026-06-15 16:35:53,100][root][INFO] - Epoch [1/5], Batch [106/300], Loss: 1.4324 (Overall: 0.9738, Change: 1.5526), TF Ratio: 0.979
[2026-06-15 16:35:53,259][root][INFO] - Epoch [1/5], Batch [107/300], Loss: 1.4305 (Overall: 0.9416, Change: 1.5328), TF Ratio: 0.979
[2026-06-15 16:36:06,268][root][INFO] - Epoch [1/5], Batch [108/300], Loss: 1.4296 (Overall: 1.0380, Change: 1.6121), TF Ratio: 0.978
[2026-06-15 16:36:06,428][root][INFO] - Epoch [1/5], Batch [109/300], Loss: 1.4269 (Overall: 0.9447, Change: 1.3231), TF Ratio: 0.978
[2026-06-15 16:36:06,580][root][INFO] - Epoch [1/5], Batch [110/300], Loss: 1.4255 (Overall: 0.9097, Change: 1.6450), TF Ratio: 0.978
[2026-06-15 16:36:06,733][root][INFO] - Epoch [1/5], Batch [111/300], Loss: 1.4275 (Overall: 1.4172, Change: 1.8727), TF Ratio: 0.978
[2026-06-15 16:36:06,902][root][INFO] - Epoch [1/5], Batch [112/300], Loss: 1.4237 (Overall: 0.9145, Change: 1.0922), TF Ratio: 0.978
[2026-06-15 16:36:07,055][root][INFO] - Epoch [1/5], Batch [113/300], Loss: 1.4218 (Overall: 1.0172, Change: 1.4053), TF Ratio: 0.977
[2026-06-15 16:36:07,208][root][INFO] - Epoch [1/5], Batch [114/300], Loss: 1.4192 (Overall: 0.8567, Change: 1.3992), TF Ratio: 0.977
[2026-06-15 16:36:07,360][root][INFO] - Epoch [1/5], Batch [115/300], Loss: 1.4180 (Overall: 0.9358, Change: 1.6126), TF Ratio: 0.977
[2026-06-15 16:36:20,220][root][INFO] - Epoch [1/5], Batch [116/300], Loss: 1.4168 (Overall: 1.0133, Change: 1.5558), TF Ratio: 0.977
[2026-06-15 16:36:20,376][root][INFO] - Epoch [1/5], Batch [117/300], Loss: 1.4164 (Overall: 1.0834, Change: 1.6553), TF Ratio: 0.977
[2026-06-15 16:36:20,529][root][INFO] - Epoch [1/5], Batch [118/300], Loss: 1.4165 (Overall: 1.2126, Change: 1.6487), TF Ratio: 0.976
[2026-06-15 16:36:20,681][root][INFO] - Epoch [1/5], Batch [119/300], Loss: 1.4160 (Overall: 0.8798, Change: 1.8337), TF Ratio: 0.976
[2026-06-15 16:36:20,854][root][INFO] - Epoch [1/5], Batch [120/300], Loss: 1.4151 (Overall: 0.9781, Change: 1.6348), TF Ratio: 0.976
[2026-06-15 16:36:21,008][root][INFO] - Epoch [1/5], Batch [121/300], Loss: 1.4144 (Overall: 0.9334, Change: 1.7312), TF Ratio: 0.976
[2026-06-15 16:36:21,160][root][INFO] - Epoch [1/5], Batch [122/300], Loss: 1.4139 (Overall: 1.0080, Change: 1.6994), TF Ratio: 0.976
[2026-06-15 16:36:21,312][root][INFO] - Epoch [1/5], Batch [123/300], Loss: 1.4125 (Overall: 0.9125, Change: 1.5640), TF Ratio: 0.975
[2026-06-15 16:36:36,480][root][INFO] - Epoch [1/5], Batch [124/300], Loss: 1.4108 (Overall: 0.7396, Change: 1.6518), TF Ratio: 0.975
[2026-06-15 16:36:36,643][root][INFO] - Epoch [1/5], Batch [125/300], Loss: 1.4085 (Overall: 0.7888, Change: 1.4723), TF Ratio: 0.975
[2026-06-15 16:36:36,795][root][INFO] - Epoch [1/5], Batch [126/300], Loss: 1.4083 (Overall: 0.9126, Change: 1.8443), TF Ratio: 0.975
[2026-06-15 16:36:36,949][root][INFO] - Epoch [1/5], Batch [127/300], Loss: 1.4062 (Overall: 0.9764, Change: 1.3037), TF Ratio: 0.975
[2026-06-15 16:36:37,115][root][INFO] - Epoch [1/5], Batch [128/300], Loss: 1.4038 (Overall: 0.8509, Change: 1.3534), TF Ratio: 0.974
[2026-06-15 16:36:37,267][root][INFO] - Epoch [1/5], Batch [129/300], Loss: 1.4042 (Overall: 1.1655, Change: 1.7565), TF Ratio: 0.974
[2026-06-15 16:36:37,420][root][INFO] - Epoch [1/5], Batch [130/300], Loss: 1.4031 (Overall: 0.8412, Change: 1.6811), TF Ratio: 0.974
[2026-06-15 16:36:37,573][root][INFO] - Epoch [1/5], Batch [131/300], Loss: 1.4023 (Overall: 1.0132, Change: 1.5747), TF Ratio: 0.974
[2026-06-15 16:37:00,109][root][INFO] - Epoch [1/5], Batch [132/300], Loss: 1.4023 (Overall: 1.1147, Change: 1.6976), TF Ratio: 0.974
[2026-06-15 16:37:00,265][root][INFO] - Epoch [1/5], Batch [133/300], Loss: 1.4017 (Overall: 1.2924, Change: 1.3496), TF Ratio: 0.973
[2026-06-15 16:37:00,417][root][INFO] - Epoch [1/5], Batch [134/300], Loss: 1.4006 (Overall: 0.9633, Change: 1.5343), TF Ratio: 0.973
[2026-06-15 16:37:00,569][root][INFO] - Epoch [1/5], Batch [135/300], Loss: 1.4009 (Overall: 0.8497, Change: 2.0426), TF Ratio: 0.973
[2026-06-15 16:37:00,740][root][INFO] - Epoch [1/5], Batch [136/300], Loss: 1.4010 (Overall: 1.0835, Change: 1.7419), TF Ratio: 0.973
[2026-06-15 16:37:00,893][root][INFO] - Epoch [1/5], Batch [137/300], Loss: 1.3993 (Overall: 0.8974, Change: 1.4311), TF Ratio: 0.973
[2026-06-15 16:37:01,045][root][INFO] - Epoch [1/5], Batch [138/300], Loss: 1.3976 (Overall: 0.9457, Change: 1.3952), TF Ratio: 0.972
[2026-06-15 16:37:01,197][root][INFO] - Epoch [1/5], Batch [139/300], Loss: 1.3961 (Overall: 0.9844, Change: 1.3984), TF Ratio: 0.972
[2026-06-15 16:37:17,740][root][INFO] - Epoch [1/5], Batch [140/300], Loss: 1.3963 (Overall: 0.9534, Change: 1.8811), TF Ratio: 0.972
[2026-06-15 16:37:17,896][root][INFO] - Epoch [1/5], Batch [141/300], Loss: 1.3942 (Overall: 0.7164, Change: 1.4800), TF Ratio: 0.972
[2026-06-15 16:37:18,048][root][INFO] - Epoch [1/5], Batch [142/300], Loss: 1.3916 (Overall: 0.6813, Change: 1.3813), TF Ratio: 0.972
[2026-06-15 16:37:18,201][root][INFO] - Epoch [1/5], Batch [143/300], Loss: 1.3916 (Overall: 1.0195, Change: 1.7574), TF Ratio: 0.971
[2026-06-15 16:37:18,373][root][INFO] - Epoch [1/5], Batch [144/300], Loss: 1.3915 (Overall: 1.2339, Change: 1.5370), TF Ratio: 0.971
[2026-06-15 16:37:18,527][root][INFO] - Epoch [1/5], Batch [145/300], Loss: 1.3906 (Overall: 0.8255, Change: 1.6843), TF Ratio: 0.971
[2026-06-15 16:37:18,680][root][INFO] - Epoch [1/5], Batch [146/300], Loss: 1.3910 (Overall: 1.3254, Change: 1.5651), TF Ratio: 0.971
[2026-06-15 16:37:18,832][root][INFO] - Epoch [1/5], Batch [147/300], Loss: 1.3901 (Overall: 0.8260, Change: 1.6883), TF Ratio: 0.971
[2026-06-15 16:37:31,640][root][INFO] - Epoch [1/5], Batch [148/300], Loss: 1.3883 (Overall: 0.8693, Change: 1.3945), TF Ratio: 0.970
[2026-06-15 16:37:31,796][root][INFO] - Epoch [1/5], Batch [149/300], Loss: 1.3872 (Overall: 0.8798, Change: 1.5648), TF Ratio: 0.970
[2026-06-15 16:37:31,948][root][INFO] - Epoch [1/5], Batch [150/300], Loss: 1.3855 (Overall: 0.7489, Change: 1.5109), TF Ratio: 0.970
[2026-06-15 16:37:32,100][root][INFO] - Epoch [1/5], Batch [151/300], Loss: 1.3854 (Overall: 1.1574, Change: 1.5971), TF Ratio: 0.970
[2026-06-15 16:37:32,268][root][INFO] - Epoch [1/5], Batch [152/300], Loss: 1.3844 (Overall: 0.8120, Change: 1.6588), TF Ratio: 0.970
[2026-06-15 16:37:32,422][root][INFO] - Epoch [1/5], Batch [153/300], Loss: 1.3845 (Overall: 0.8489, Change: 1.9292), TF Ratio: 0.969
[2026-06-15 16:37:32,576][root][INFO] - Epoch [1/5], Batch [154/300], Loss: 1.3831 (Overall: 0.9852, Change: 1.3445), TF Ratio: 0.969
[2026-06-15 16:37:32,729][root][INFO] - Epoch [1/5], Batch [155/300], Loss: 1.3813 (Overall: 0.9005, Change: 1.3065), TF Ratio: 0.969
[2026-06-15 16:37:46,487][root][INFO] - Epoch [1/5], Batch [156/300], Loss: 1.3796 (Overall: 0.7645, Change: 1.4935), TF Ratio: 0.969
[2026-06-15 16:37:46,643][root][INFO] - Epoch [1/5], Batch [157/300], Loss: 1.3797 (Overall: 1.0227, Change: 1.7641), TF Ratio: 0.969
[2026-06-15 16:37:46,795][root][INFO] - Epoch [1/5], Batch [158/300], Loss: 1.3788 (Overall: 0.8860, Change: 1.5885), TF Ratio: 0.968
[2026-06-15 16:37:46,948][root][INFO] - Epoch [1/5], Batch [159/300], Loss: 1.3775 (Overall: 0.9178, Change: 1.4049), TF Ratio: 0.968
[2026-06-15 16:37:47,118][root][INFO] - Epoch [1/5], Batch [160/300], Loss: 1.3741 (Overall: 0.7110, Change: 0.9736), TF Ratio: 0.968
[2026-06-15 16:37:47,272][root][INFO] - Epoch [1/5], Batch [161/300], Loss: 1.3730 (Overall: 0.9926, Change: 1.4043), TF Ratio: 0.968
[2026-06-15 16:37:47,425][root][INFO] - Epoch [1/5], Batch [162/300], Loss: 1.3735 (Overall: 1.2669, Change: 1.6372), TF Ratio: 0.968
[2026-06-15 16:37:47,578][root][INFO] - Epoch [1/5], Batch [163/300], Loss: 1.3717 (Overall: 0.7398, Change: 1.4039), TF Ratio: 0.967
[2026-06-15 16:37:59,233][root][INFO] - Epoch [1/5], Batch [164/300], Loss: 1.3712 (Overall: 1.0311, Change: 1.5801), TF Ratio: 0.967
[2026-06-15 16:37:59,390][root][INFO] - Epoch [1/5], Batch [165/300], Loss: 1.3707 (Overall: 0.9576, Change: 1.6106), TF Ratio: 0.967
[2026-06-15 16:37:59,543][root][INFO] - Epoch [1/5], Batch [166/300], Loss: 1.3697 (Overall: 0.9029, Change: 1.5051), TF Ratio: 0.967
[2026-06-15 16:37:59,695][root][INFO] - Epoch [1/5], Batch [167/300], Loss: 1.3698 (Overall: 1.4830, Change: 1.2822), TF Ratio: 0.967
[2026-06-15 16:37:59,868][root][INFO] - Epoch [1/5], Batch [168/300], Loss: 1.3685 (Overall: 0.8502, Change: 1.4600), TF Ratio: 0.966
[2026-06-15 16:38:00,021][root][INFO] - Epoch [1/5], Batch [169/300], Loss: 1.3688 (Overall: 1.3738, Change: 1.4481), TF Ratio: 0.966
[2026-06-15 16:38:00,174][root][INFO] - Epoch [1/5], Batch [170/300], Loss: 1.3670 (Overall: 0.8391, Change: 1.2928), TF Ratio: 0.966
[2026-06-15 16:38:00,328][root][INFO] - Epoch [1/5], Batch [171/300], Loss: 1.3661 (Overall: 0.9293, Change: 1.5137), TF Ratio: 0.966
[2026-06-15 16:38:13,770][root][INFO] - Epoch [1/5], Batch [172/300], Loss: 1.3650 (Overall: 0.7573, Change: 1.5702), TF Ratio: 0.966
[2026-06-15 16:38:13,937][root][INFO] - Epoch [1/5], Batch [173/300], Loss: 1.3644 (Overall: 0.8999, Change: 1.6351), TF Ratio: 0.965
[2026-06-15 16:38:14,089][root][INFO] - Epoch [1/5], Batch [174/300], Loss: 1.3645 (Overall: 1.2234, Change: 1.5573), TF Ratio: 0.965
[2026-06-15 16:38:14,242][root][INFO] - Epoch [1/5], Batch [175/300], Loss: 1.3628 (Overall: 0.6903, Change: 1.4237), TF Ratio: 0.965
[2026-06-15 16:38:14,406][root][INFO] - Epoch [1/5], Batch [176/300], Loss: 1.3630 (Overall: 0.8137, Change: 1.9743), TF Ratio: 0.965
[2026-06-15 16:38:14,560][root][INFO] - Epoch [1/5], Batch [177/300], Loss: 1.3614 (Overall: 1.0005, Change: 1.1824), TF Ratio: 0.965
[2026-06-15 16:38:14,712][root][INFO] - Epoch [1/5], Batch [178/300], Loss: 1.3611 (Overall: 0.8545, Change: 1.7681), TF Ratio: 0.964
[2026-06-15 16:38:14,864][root][INFO] - Epoch [1/5], Batch [179/300], Loss: 1.3618 (Overall: 1.2489, Change: 1.7020), TF Ratio: 0.964
[2026-06-15 16:38:24,450][root][INFO] - Epoch [1/5], Batch [180/300], Loss: 1.3632 (Overall: 0.9860, Change: 2.2382), TF Ratio: 0.964
[2026-06-15 16:38:24,603][root][INFO] - Epoch [1/5], Batch [181/300], Loss: 1.3630 (Overall: 1.0410, Change: 1.6170), TF Ratio: 0.964
[2026-06-15 16:38:24,755][root][INFO] - Epoch [1/5], Batch [182/300], Loss: 1.3615 (Overall: 0.8133, Change: 1.3777), TF Ratio: 0.964
[2026-06-15 16:38:24,905][root][INFO] - Epoch [1/5], Batch [183/300], Loss: 1.3605 (Overall: 1.0302, Change: 1.3209), TF Ratio: 0.963
[2026-06-15 16:38:33,008][root][INFO] - Epoch [1/5], Batch [184/300], Loss: 1.3600 (Overall: 0.9854, Change: 1.5634), TF Ratio: 0.963
[2026-06-15 16:38:33,165][root][INFO] - Epoch [1/5], Batch [185/300], Loss: 1.3579 (Overall: 0.8116, Change: 1.1355), TF Ratio: 0.963
[2026-06-15 16:38:33,318][root][INFO] - Epoch [1/5], Batch [186/300], Loss: 1.3579 (Overall: 0.9875, Change: 1.6971), TF Ratio: 0.963
[2026-06-15 16:38:33,471][root][INFO] - Epoch [1/5], Batch [187/300], Loss: 1.3579 (Overall: 1.1644, Change: 1.5621), TF Ratio: 0.963
[2026-06-15 16:38:44,665][root][INFO] - Epoch [1/5], Batch [188/300], Loss: 1.3575 (Overall: 0.8808, Change: 1.6770), TF Ratio: 0.962
[2026-06-15 16:38:44,827][root][INFO] - Epoch [1/5], Batch [189/300], Loss: 1.3558 (Overall: 0.8853, Change: 1.1994), TF Ratio: 0.962
[2026-06-15 16:38:44,979][root][INFO] - Epoch [1/5], Batch [190/300], Loss: 1.3541 (Overall: 0.7761, Change: 1.3066), TF Ratio: 0.962
[2026-06-15 16:38:45,131][root][INFO] - Epoch [1/5], Batch [191/300], Loss: 1.3537 (Overall: 0.8137, Change: 1.7332), TF Ratio: 0.962
[2026-06-15 16:38:59,121][root][INFO] - Epoch [1/5], Batch [192/300], Loss: 1.3536 (Overall: 1.0929, Change: 1.5594), TF Ratio: 0.962
[2026-06-15 16:38:59,278][root][INFO] - Epoch [1/5], Batch [193/300], Loss: 1.3526 (Overall: 0.8151, Change: 1.5296), TF Ratio: 0.961
[2026-06-15 16:38:59,432][root][INFO] - Epoch [1/5], Batch [194/300], Loss: 1.3549 (Overall: 1.5462, Change: 2.0363), TF Ratio: 0.961
[2026-06-15 16:38:59,585][root][INFO] - Epoch [1/5], Batch [195/300], Loss: 1.3538 (Overall: 0.8163, Change: 1.4738), TF Ratio: 0.961
[2026-06-15 16:39:01,355][root][INFO] - Epoch [1/5], Batch [196/300], Loss: 1.3536 (Overall: 1.1953, Change: 1.4360), TF Ratio: 0.961
[2026-06-15 16:39:01,510][root][INFO] - Epoch [1/5], Batch [197/300], Loss: 1.3531 (Overall: 0.8314, Change: 1.6776), TF Ratio: 0.961
[2026-06-15 16:39:01,664][root][INFO] - Epoch [1/5], Batch [198/300], Loss: 1.3517 (Overall: 0.8043, Change: 1.3385), TF Ratio: 0.960
[2026-06-15 16:39:01,817][root][INFO] - Epoch [1/5], Batch [199/300], Loss: 1.3536 (Overall: 1.7393, Change: 1.7128), TF Ratio: 0.960
[2026-06-15 16:39:23,107][root][INFO] - Epoch [1/5], Batch [200/300], Loss: 1.3529 (Overall: 0.8727, Change: 1.5662), TF Ratio: 0.960
[2026-06-15 16:39:23,270][root][INFO] - Epoch [1/5], Batch [201/300], Loss: 1.3541 (Overall: 1.3595, Change: 1.8290), TF Ratio: 0.960
[2026-06-15 16:39:23,426][root][INFO] - Epoch [1/5], Batch [202/300], Loss: 1.3529 (Overall: 0.7692, Change: 1.4399), TF Ratio: 0.960
[2026-06-15 16:39:23,580][root][INFO] - Epoch [1/5], Batch [203/300], Loss: 1.3524 (Overall: 0.9870, Change: 1.5202), TF Ratio: 0.959
[2026-06-15 16:39:23,743][root][INFO] - Epoch [1/5], Batch [204/300], Loss: 1.3505 (Overall: 0.8261, Change: 1.0887), TF Ratio: 0.959
[2026-06-15 16:39:23,898][root][INFO] - Epoch [1/5], Batch [205/300], Loss: 1.3497 (Overall: 1.0196, Change: 1.3913), TF Ratio: 0.959
[2026-06-15 16:39:24,050][root][INFO] - Epoch [1/5], Batch [206/300], Loss: 1.3490 (Overall: 0.9083, Change: 1.4830), TF Ratio: 0.959
[2026-06-15 16:39:24,202][root][INFO] - Epoch [1/5], Batch [207/300], Loss: 1.3478 (Overall: 0.7679, Change: 1.4251), TF Ratio: 0.959
[2026-06-15 16:39:46,984][root][INFO] - Epoch [1/5], Batch [208/300], Loss: 1.3472 (Overall: 0.9790, Change: 1.4813), TF Ratio: 0.958
[2026-06-15 16:39:47,141][root][INFO] - Epoch [1/5], Batch [209/300], Loss: 1.3463 (Overall: 0.8037, Change: 1.4875), TF Ratio: 0.958
[2026-06-15 16:39:47,293][root][INFO] - Epoch [1/5], Batch [210/300], Loss: 1.3451 (Overall: 0.9193, Change: 1.2811), TF Ratio: 0.958
[2026-06-15 16:39:47,445][root][INFO] - Epoch [1/5], Batch [211/300], Loss: 1.3435 (Overall: 0.9163, Change: 1.1007), TF Ratio: 0.958
[2026-06-15 16:39:53,243][root][INFO] - Epoch [1/5], Batch [212/300], Loss: 1.3423 (Overall: 0.7933, Change: 1.3931), TF Ratio: 0.958
[2026-06-15 16:39:53,398][root][INFO] - Epoch [1/5], Batch [213/300], Loss: 1.3408 (Overall: 0.7841, Change: 1.2784), TF Ratio: 0.957
[2026-06-15 16:39:53,551][root][INFO] - Epoch [1/5], Batch [214/300], Loss: 1.3411 (Overall: 1.2364, Change: 1.5540), TF Ratio: 0.957
[2026-06-15 16:39:53,704][root][INFO] - Epoch [1/5], Batch [215/300], Loss: 1.3424 (Overall: 1.1395, Change: 2.1191), TF Ratio: 0.957
[2026-06-15 16:39:58,762][root][INFO] - Epoch [1/5], Batch [216/300], Loss: 1.3421 (Overall: 1.0092, Change: 1.5464), TF Ratio: 0.957
[2026-06-15 16:40:04,418][root][INFO] - Epoch [1/5], Batch [217/300], Loss: 1.3414 (Overall: 0.9310, Change: 1.4184), TF Ratio: 0.957
[2026-06-15 16:40:05,699][root][INFO] - Epoch [1/5], Batch [218/300], Loss: 1.3410 (Overall: 0.8900, Change: 1.6526), TF Ratio: 0.956
[2026-06-15 16:40:05,852][root][INFO] - Epoch [1/5], Batch [219/300], Loss: 1.3437 (Overall: 1.5241, Change: 2.3215), TF Ratio: 0.956
[2026-06-15 16:40:09,563][root][INFO] - Epoch [1/5], Batch [220/300], Loss: 1.3441 (Overall: 1.0652, Change: 1.8092), TF Ratio: 0.956
[2026-06-15 16:40:09,718][root][INFO] - Epoch [1/5], Batch [221/300], Loss: 1.3462 (Overall: 1.4671, Change: 2.1463), TF Ratio: 0.956
[2026-06-15 16:40:09,871][root][INFO] - Epoch [1/5], Batch [222/300], Loss: 1.3460 (Overall: 0.8656, Change: 1.7115), TF Ratio: 0.956
[2026-06-15 16:40:10,025][root][INFO] - Epoch [1/5], Batch [223/300], Loss: 1.3457 (Overall: 0.9067, Change: 1.6699), TF Ratio: 0.955
[2026-06-15 16:40:16,752][root][INFO] - Epoch [1/5], Batch [224/300], Loss: 1.3456 (Overall: 0.9652, Change: 1.6663), TF Ratio: 0.955
[2026-06-15 16:40:17,799][root][INFO] - Epoch [1/5], Batch [225/300], Loss: 1.3448 (Overall: 0.7124, Change: 1.6214), TF Ratio: 0.955
[2026-06-15 16:40:18,160][root][INFO] - Epoch [1/5], Batch [226/300], Loss: 1.3443 (Overall: 0.9170, Change: 1.5689), TF Ratio: 0.955
[2026-06-15 16:40:18,313][root][INFO] - Epoch [1/5], Batch [227/300], Loss: 1.3430 (Overall: 0.7086, Change: 1.3572), TF Ratio: 0.955
[2026-06-15 16:40:21,319][root][INFO] - Epoch [1/5], Batch [228/300], Loss: 1.3422 (Overall: 0.8301, Change: 1.5233), TF Ratio: 0.954
[2026-06-15 16:40:21,478][root][INFO] - Epoch [1/5], Batch [229/300], Loss: 1.3425 (Overall: 1.1825, Change: 1.6121), TF Ratio: 0.954
[2026-06-15 16:40:21,631][root][INFO] - Epoch [1/5], Batch [230/300], Loss: 1.3411 (Overall: 1.1802, Change: 0.8877), TF Ratio: 0.954
[2026-06-15 16:40:21,783][root][INFO] - Epoch [1/5], Batch [231/300], Loss: 1.3402 (Overall: 0.8092, Change: 1.4311), TF Ratio: 0.954
[2026-06-15 16:40:29,666][root][INFO] - Epoch [1/5], Batch [232/300], Loss: 1.3408 (Overall: 1.0421, Change: 1.9107), TF Ratio: 0.954
[2026-06-15 16:40:29,989][root][INFO] - Epoch [1/5], Batch [233/300], Loss: 1.3403 (Overall: 0.7774, Change: 1.7153), TF Ratio: 0.953
[2026-06-15 16:40:30,142][root][INFO] - Epoch [1/5], Batch [234/300], Loss: 1.3392 (Overall: 0.6746, Change: 1.4519), TF Ratio: 0.953
[2026-06-15 16:40:30,295][root][INFO] - Epoch [1/5], Batch [235/300], Loss: 1.3384 (Overall: 0.8979, Change: 1.4058), TF Ratio: 0.953
[2026-06-15 16:40:37,960][root][INFO] - Epoch [1/5], Batch [236/300], Loss: 1.3374 (Overall: 0.9125, Change: 1.3217), TF Ratio: 0.953
[2026-06-15 16:40:38,123][root][INFO] - Epoch [1/5], Batch [237/300], Loss: 1.3387 (Overall: 1.6070, Change: 1.6687), TF Ratio: 0.953
[2026-06-15 16:40:38,277][root][INFO] - Epoch [1/5], Batch [238/300], Loss: 1.3385 (Overall: 0.8524, Change: 1.7401), TF Ratio: 0.952
[2026-06-15 16:40:38,430][root][INFO] - Epoch [1/5], Batch [239/300], Loss: 1.3382 (Overall: 0.8928, Change: 1.6144), TF Ratio: 0.952
[2026-06-15 16:40:43,255][root][INFO] - Epoch [1/5], Batch [240/300], Loss: 1.3375 (Overall: 0.8986, Change: 1.4356), TF Ratio: 0.952
[2026-06-15 16:40:43,408][root][INFO] - Epoch [1/5], Batch [241/300], Loss: 1.3370 (Overall: 0.8649, Change: 1.5746), TF Ratio: 0.952
[2026-06-15 16:40:46,600][root][INFO] - Epoch [1/5], Batch [242/300], Loss: 1.3364 (Overall: 0.8701, Change: 1.5438), TF Ratio: 0.952
[2026-06-15 16:40:46,754][root][INFO] - Epoch [1/5], Batch [243/300], Loss: 1.3367 (Overall: 1.3161, Change: 1.5095), TF Ratio: 0.951
[2026-06-15 16:40:52,635][root][INFO] - Epoch [1/5], Batch [244/300], Loss: 1.3360 (Overall: 0.8454, Change: 1.4548), TF Ratio: 0.951
[2026-06-15 16:40:52,790][root][INFO] - Epoch [1/5], Batch [245/300], Loss: 1.3354 (Overall: 1.0668, Change: 1.3405), TF Ratio: 0.951
[2026-06-15 16:40:52,942][root][INFO] - Epoch [1/5], Batch [246/300], Loss: 1.3335 (Overall: 0.7144, Change: 0.9886), TF Ratio: 0.951
[2026-06-15 16:40:53,094][root][INFO] - Epoch [1/5], Batch [247/300], Loss: 1.3330 (Overall: 0.8110, Change: 1.6229), TF Ratio: 0.951
[2026-06-15 16:40:57,634][root][INFO] - Epoch [1/5], Batch [248/300], Loss: 1.3327 (Overall: 1.0023, Change: 1.5347), TF Ratio: 0.950
[2026-06-15 16:40:57,793][root][INFO] - Epoch [1/5], Batch [249/300], Loss: 1.3318 (Overall: 0.8666, Change: 1.3348), TF Ratio: 0.950
[2026-06-15 16:41:04,183][root][INFO] - Epoch [1/5], Batch [250/300], Loss: 1.3316 (Overall: 0.8391, Change: 1.7440), TF Ratio: 0.950
[2026-06-15 16:41:04,336][root][INFO] - Epoch [1/5], Batch [251/300], Loss: 1.3309 (Overall: 0.6963, Change: 1.5982), TF Ratio: 0.950
[2026-06-15 16:41:04,503][root][INFO] - Epoch [1/5], Batch [252/300], Loss: 1.3300 (Overall: 0.7752, Change: 1.4139), TF Ratio: 0.950
[2026-06-15 16:41:04,657][root][INFO] - Epoch [1/5], Batch [253/300], Loss: 1.3286 (Overall: 0.8374, Change: 1.1373), TF Ratio: 0.949
[2026-06-15 16:41:04,809][root][INFO] - Epoch [1/5], Batch [254/300], Loss: 1.3290 (Overall: 1.1571, Change: 1.7114), TF Ratio: 0.949
[2026-06-15 16:41:04,963][root][INFO] - Epoch [1/5], Batch [255/300], Loss: 1.3282 (Overall: 0.6754, Change: 1.5394), TF Ratio: 0.949
[2026-06-15 16:41:13,955][root][INFO] - Epoch [1/5], Batch [256/300], Loss: 1.3270 (Overall: 0.8240, Change: 1.2222), TF Ratio: 0.949
[2026-06-15 16:41:14,111][root][INFO] - Epoch [1/5], Batch [257/300], Loss: 1.3272 (Overall: 1.2249, Change: 1.5621), TF Ratio: 0.949
[2026-06-15 16:41:16,424][root][INFO] - Epoch [1/5], Batch [258/300], Loss: 1.3269 (Overall: 0.9775, Change: 1.5107), TF Ratio: 0.948
[2026-06-15 16:41:16,577][root][INFO] - Epoch [1/5], Batch [259/300], Loss: 1.3268 (Overall: 0.9052, Change: 1.6872), TF Ratio: 0.948
[2026-06-15 16:41:16,742][root][INFO] - Epoch [1/5], Batch [260/300], Loss: 1.3262 (Overall: 0.8335, Change: 1.5363), TF Ratio: 0.948
[2026-06-15 16:41:16,895][root][INFO] - Epoch [1/5], Batch [261/300], Loss: 1.3272 (Overall: 1.1840, Change: 1.9440), TF Ratio: 0.948
[2026-06-15 16:41:17,048][root][INFO] - Epoch [1/5], Batch [262/300], Loss: 1.3264 (Overall: 0.8214, Change: 1.4630), TF Ratio: 0.948
[2026-06-15 16:41:17,200][root][INFO] - Epoch [1/5], Batch [263/300], Loss: 1.3255 (Overall: 0.8512, Change: 1.3041), TF Ratio: 0.947
[2026-06-15 16:41:32,970][root][INFO] - Epoch [1/5], Batch [264/300], Loss: 1.3252 (Overall: 0.8036, Change: 1.7037), TF Ratio: 0.947
[2026-06-15 16:41:33,136][root][INFO] - Epoch [1/5], Batch [265/300], Loss: 1.3245 (Overall: 1.0386, Change: 1.2424), TF Ratio: 0.947
[2026-06-15 16:41:33,288][root][INFO] - Epoch [1/5], Batch [266/300], Loss: 1.3239 (Overall: 0.8129, Change: 1.4851), TF Ratio: 0.947
[2026-06-15 16:41:33,442][root][INFO] - Epoch [1/5], Batch [267/300], Loss: 1.3234 (Overall: 0.7849, Change: 1.6025), TF Ratio: 0.947
[2026-06-15 16:41:33,625][root][INFO] - Epoch [1/5], Batch [268/300], Loss: 1.3226 (Overall: 0.6601, Change: 1.5852), TF Ratio: 0.946
[2026-06-15 16:41:33,779][root][INFO] - Epoch [1/5], Batch [269/300], Loss: 1.3225 (Overall: 0.7703, Change: 1.8264), TF Ratio: 0.946
[2026-06-15 16:41:33,931][root][INFO] - Epoch [1/5], Batch [270/300], Loss: 1.3216 (Overall: 0.9547, Change: 1.1710), TF Ratio: 0.946
[2026-06-15 16:41:34,084][root][INFO] - Epoch [1/5], Batch [271/300], Loss: 1.3200 (Overall: 0.6695, Change: 1.1074), TF Ratio: 0.946
[2026-06-15 16:41:45,858][root][INFO] - Epoch [1/5], Batch [272/300], Loss: 1.3197 (Overall: 0.8119, Change: 1.6866), TF Ratio: 0.946
[2026-06-15 16:41:46,013][root][INFO] - Epoch [1/5], Batch [273/300], Loss: 1.3192 (Overall: 0.8547, Change: 1.4969), TF Ratio: 0.945
[2026-06-15 16:41:50,581][root][INFO] - Epoch [1/5], Batch [274/300], Loss: 1.3185 (Overall: 0.8031, Change: 1.4462), TF Ratio: 0.945
[2026-06-15 16:41:50,733][root][INFO] - Epoch [1/5], Batch [275/300], Loss: 1.3181 (Overall: 0.7735, Change: 1.6295), TF Ratio: 0.945
[2026-06-15 16:41:53,244][root][INFO] - Epoch [1/5], Batch [276/300], Loss: 1.3192 (Overall: 1.0214, Change: 2.2174), TF Ratio: 0.945
[2026-06-15 16:41:53,398][root][INFO] - Epoch [1/5], Batch [277/300], Loss: 1.3189 (Overall: 0.7831, Change: 1.7371), TF Ratio: 0.945
[2026-06-15 16:41:53,550][root][INFO] - Epoch [1/5], Batch [278/300], Loss: 1.3180 (Overall: 0.8400, Change: 1.2580), TF Ratio: 0.944
[2026-06-15 16:41:53,701][root][INFO] - Epoch [1/5], Batch [279/300], Loss: 1.3172 (Overall: 0.7254, Change: 1.5071), TF Ratio: 0.944
[2026-06-15 16:42:08,326][root][INFO] - Epoch [1/5], Batch [280/300], Loss: 1.3163 (Overall: 0.8221, Change: 1.2751), TF Ratio: 0.944
[2026-06-15 16:42:08,482][root][INFO] - Epoch [1/5], Batch [281/300], Loss: 1.3155 (Overall: 0.9383, Change: 1.2609), TF Ratio: 0.944
[2026-06-15 16:42:08,636][root][INFO] - Epoch [1/5], Batch [282/300], Loss: 1.3150 (Overall: 0.8025, Change: 1.5621), TF Ratio: 0.944
[2026-06-15 16:42:08,788][root][INFO] - Epoch [1/5], Batch [283/300], Loss: 1.3146 (Overall: 0.5919, Change: 1.7642), TF Ratio: 0.943
[2026-06-15 16:42:12,875][root][INFO] - Epoch [1/5], Batch [284/300], Loss: 1.3141 (Overall: 0.8118, Change: 1.5696), TF Ratio: 0.943
[2026-06-15 16:42:13,028][root][INFO] - Epoch [1/5], Batch [285/300], Loss: 1.3130 (Overall: 0.9649, Change: 1.0132), TF Ratio: 0.943
[2026-06-15 16:42:13,180][root][INFO] - Epoch [1/5], Batch [286/300], Loss: 1.3124 (Overall: 0.7745, Change: 1.4934), TF Ratio: 0.943
[2026-06-15 16:42:13,334][root][INFO] - Epoch [1/5], Batch [287/300], Loss: 1.3115 (Overall: 0.9132, Change: 1.2291), TF Ratio: 0.943
[2026-06-15 16:42:22,894][root][INFO] - Epoch [1/5], Batch [288/300], Loss: 1.3114 (Overall: 1.1504, Change: 1.4203), TF Ratio: 0.942
[2026-06-15 16:42:23,048][root][INFO] - Epoch [1/5], Batch [289/300], Loss: 1.3111 (Overall: 1.0145, Change: 1.4042), TF Ratio: 0.942
[2026-06-15 16:42:23,201][root][INFO] - Epoch [1/5], Batch [290/300], Loss: 1.3121 (Overall: 1.2675, Change: 1.9628), TF Ratio: 0.942
[2026-06-15 16:42:23,354][root][INFO] - Epoch [1/5], Batch [291/300], Loss: 1.3121 (Overall: 1.2156, Change: 1.3909), TF Ratio: 0.942
[2026-06-15 16:42:29,906][root][INFO] - Epoch [1/5], Batch [292/300], Loss: 1.3118 (Overall: 0.9205, Change: 1.5200), TF Ratio: 0.942
[2026-06-15 16:42:30,065][root][INFO] - Epoch [1/5], Batch [293/300], Loss: 1.3123 (Overall: 1.2671, Change: 1.6639), TF Ratio: 0.941
[2026-06-15 16:42:30,217][root][INFO] - Epoch [1/5], Batch [294/300], Loss: 1.3124 (Overall: 0.9874, Change: 1.6720), TF Ratio: 0.941
[2026-06-15 16:42:30,369][root][INFO] - Epoch [1/5], Batch [295/300], Loss: 1.3127 (Overall: 1.1717, Change: 1.6745), TF Ratio: 0.941
[2026-06-15 16:42:34,155][root][INFO] - Epoch [1/5], Batch [296/300], Loss: 1.3122 (Overall: 0.7808, Change: 1.5130), TF Ratio: 0.941
[2026-06-15 16:42:34,312][root][INFO] - Epoch [1/5], Batch [297/300], Loss: 1.3117 (Overall: 0.7388, Change: 1.6182), TF Ratio: 0.941
[2026-06-15 16:42:34,464][root][INFO] - Epoch [1/5], Batch [298/300], Loss: 1.3110 (Overall: 0.8949, Change: 1.2690), TF Ratio: 0.940
[2026-06-15 16:42:34,618][root][INFO] - Epoch [1/5], Batch [299/300], Loss: 1.3112 (Overall: 0.9958, Change: 1.7919), TF Ratio: 0.940
[2026-06-15 16:42:41,298][root][INFO] - Epoch [1/5], Batch [300/300], Loss: 1.3109 (Overall: 0.8906, Change: 1.5492), TF Ratio: 0.940
[2026-06-15 16:42:57,053][root][INFO] - Epoch 1 done. Validating...
[2026-06-15 16:43:41,494][root][INFO] - Epoch [1/5] | Train: 1.3052 | Val: 0.7803
[2026-06-15 16:43:41,741][root][INFO] - Checkpoint saved: /gpfs/scratch/bsc32/bsc096444/ai4land-tfm/trained_models/unet_impl/41825124/best_model.pth
[2026-06-15 16:43:41,911][root][INFO] - Checkpoint saved: /gpfs/scratch/bsc32/bsc096444/ai4land-tfm/trained_models/unet_impl/41825124/model_epoch_1.pth
[2026-06-15 16:44:02,935][root][INFO] - Epoch [2/5], Batch [1/300], Loss: 1.3248 (Overall: 1.2197, Change: 1.4300), TF Ratio: 0.940
[2026-06-15 16:44:03,087][root][INFO] - Epoch [2/5], Batch [2/300], Loss: 1.3208 (Overall: 0.9685, Change: 1.6650), TF Ratio: 0.940
[2026-06-15 16:44:03,240][root][INFO] - Epoch [2/5], Batch [3/300], Loss: 1.3827 (Overall: 1.3778, Change: 1.6355), TF Ratio: 0.939
[2026-06-15 16:44:06,689][root][INFO] - Epoch [2/5], Batch [4/300], Loss: 1.3133 (Overall: 0.9430, Change: 1.2671), TF Ratio: 0.939
[2026-06-15 16:44:06,845][root][INFO] - Epoch [2/5], Batch [5/300], Loss: 1.2912 (Overall: 0.6457, Change: 1.7592), TF Ratio: 0.939
[2026-06-15 16:44:06,997][root][INFO] - Epoch [2/5], Batch [6/300], Loss: 1.2323 (Overall: 0.7833, Change: 1.0930), TF Ratio: 0.939
[2026-06-15 16:44:07,150][root][INFO] - Epoch [2/5], Batch [7/300], Loss: 1.2310 (Overall: 0.7006, Change: 1.7454), TF Ratio: 0.939
[2026-06-15 16:44:19,317][root][INFO] - Epoch [2/5], Batch [8/300], Loss: 1.2141 (Overall: 0.8464, Change: 1.3455), TF Ratio: 0.938
[2026-06-15 16:44:19,471][root][INFO] - Epoch [2/5], Batch [9/300], Loss: 1.2020 (Overall: 0.8079, Change: 1.4032), TF Ratio: 0.938
[2026-06-15 16:44:19,624][root][INFO] - Epoch [2/5], Batch [10/300], Loss: 1.2041 (Overall: 0.8962, Change: 1.5487), TF Ratio: 0.938
[2026-06-15 16:44:19,777][root][INFO] - Epoch [2/5], Batch [11/300], Loss: 1.1936 (Overall: 0.6871, Change: 1.4900), TF Ratio: 0.938
[2026-06-15 16:44:25,130][root][INFO] - Epoch [2/5], Batch [12/300], Loss: 1.1869 (Overall: 0.9479, Change: 1.2793), TF Ratio: 0.938
[2026-06-15 16:44:25,285][root][INFO] - Epoch [2/5], Batch [13/300], Loss: 1.1774 (Overall: 0.7377, Change: 1.3887), TF Ratio: 0.937
[2026-06-15 16:44:25,438][root][INFO] - Epoch [2/5], Batch [14/300], Loss: 1.1706 (Overall: 0.7358, Change: 1.4272), TF Ratio: 0.937
[2026-06-15 16:44:25,591][root][INFO] - Epoch [2/5], Batch [15/300], Loss: 1.1724 (Overall: 0.7825, Change: 1.6146), TF Ratio: 0.937
[2026-06-15 16:44:38,406][root][INFO] - Epoch [2/5], Batch [16/300], Loss: 1.1749 (Overall: 0.7969, Change: 1.6280), TF Ratio: 0.937
[2026-06-15 16:44:38,561][root][INFO] - Epoch [2/5], Batch [17/300], Loss: 1.1648 (Overall: 0.8269, Change: 1.1804), TF Ratio: 0.937
[2026-06-15 16:44:38,713][root][INFO] - Epoch [2/5], Batch [18/300], Loss: 1.1695 (Overall: 1.2470, Change: 1.2495), TF Ratio: 0.936
[2026-06-15 16:44:38,865][root][INFO] - Epoch [2/5], Batch [19/300], Loss: 1.1642 (Overall: 0.8540, Change: 1.2837), TF Ratio: 0.936
[2026-06-15 16:44:45,620][root][INFO] - Epoch [2/5], Batch [20/300], Loss: 1.1715 (Overall: 0.9882, Change: 1.6333), TF Ratio: 0.936
[2026-06-15 16:44:45,775][root][INFO] - Epoch [2/5], Batch [21/300], Loss: 1.1789 (Overall: 0.9090, Change: 1.7460), TF Ratio: 0.936
[2026-06-15 16:44:45,927][root][INFO] - Epoch [2/5], Batch [22/300], Loss: 1.1776 (Overall: 0.8546, Change: 1.4447), TF Ratio: 0.936
[2026-06-15 16:44:46,080][root][INFO] - Epoch [2/5], Batch [23/300], Loss: 1.1693 (Overall: 0.7266, Change: 1.2454), TF Ratio: 0.935
[2026-06-15 16:44:57,840][root][INFO] - Epoch [2/5], Batch [24/300], Loss: 1.1667 (Overall: 1.0641, Change: 1.1488), TF Ratio: 0.935
[2026-06-15 16:44:57,995][root][INFO] - Epoch [2/5], Batch [25/300], Loss: 1.1613 (Overall: 0.7195, Change: 1.3453), TF Ratio: 0.935
[2026-06-15 16:44:58,148][root][INFO] - Epoch [2/5], Batch [26/300], Loss: 1.1588 (Overall: 0.8779, Change: 1.3144), TF Ratio: 0.935
[2026-06-15 16:44:58,300][root][INFO] - Epoch [2/5], Batch [27/300], Loss: 1.1599 (Overall: 0.8016, Change: 1.5774), TF Ratio: 0.935
[2026-06-15 16:45:11,284][root][INFO] - Epoch [2/5], Batch [28/300], Loss: 1.1601 (Overall: 0.7642, Change: 1.5675), TF Ratio: 0.934
[2026-06-15 16:45:11,439][root][INFO] - Epoch [2/5], Batch [29/300], Loss: 1.1609 (Overall: 1.0522, Change: 1.3119), TF Ratio: 0.934
[2026-06-15 16:45:11,591][root][INFO] - Epoch [2/5], Batch [30/300], Loss: 1.1602 (Overall: 0.6865, Change: 1.5949), TF Ratio: 0.934
[2026-06-15 16:45:11,743][root][INFO] - Epoch [2/5], Batch [31/300], Loss: 1.1631 (Overall: 0.7021, Change: 1.7992), TF Ratio: 0.934
[2026-06-15 16:45:16,061][root][INFO] - Epoch [2/5], Batch [32/300], Loss: 1.1587 (Overall: 0.7483, Change: 1.2928), TF Ratio: 0.934
[2026-06-15 16:45:16,216][root][INFO] - Epoch [2/5], Batch [33/300], Loss: 1.1540 (Overall: 0.9388, Change: 1.0724), TF Ratio: 0.933
[2026-06-15 16:45:16,368][root][INFO] - Epoch [2/5], Batch [34/300], Loss: 1.1496 (Overall: 0.6251, Change: 1.3836), TF Ratio: 0.933
[2026-06-15 16:45:16,520][root][INFO] - Epoch [2/5], Batch [35/300], Loss: 1.1443 (Overall: 0.8119, Change: 1.1141), TF Ratio: 0.933
[2026-06-15 16:45:30,159][root][INFO] - Epoch [2/5], Batch [36/300], Loss: 1.1636 (Overall: 1.8762, Change: 1.8003), TF Ratio: 0.933
[2026-06-15 16:45:30,314][root][INFO] - Epoch [2/5], Batch [37/300], Loss: 1.1605 (Overall: 0.5777, Change: 1.5193), TF Ratio: 0.933
[2026-06-15 16:45:30,467][root][INFO] - Epoch [2/5], Batch [38/300], Loss: 1.1586 (Overall: 0.6286, Change: 1.5513), TF Ratio: 0.932
[2026-06-15 16:45:30,620][root][INFO] - Epoch [2/5], Batch [39/300], Loss: 1.1595 (Overall: 0.7524, Change: 1.6364), TF Ratio: 0.932
[2026-06-15 16:45:30,785][root][INFO] - Epoch [2/5], Batch [40/300], Loss: 1.1590 (Overall: 0.7038, Change: 1.5700), TF Ratio: 0.932
[2026-06-15 16:45:30,939][root][INFO] - Epoch [2/5], Batch [41/300], Loss: 1.1531 (Overall: 0.7477, Change: 1.0920), TF Ratio: 0.932
[2026-06-15 16:45:31,093][root][INFO] - Epoch [2/5], Batch [42/300], Loss: 1.1502 (Overall: 0.7970, Change: 1.2625), TF Ratio: 0.932
[2026-06-15 16:45:31,245][root][INFO] - Epoch [2/5], Batch [43/300], Loss: 1.1559 (Overall: 1.2081, Change: 1.5790), TF Ratio: 0.931
[2026-06-15 16:45:42,585][root][INFO] - Epoch [2/5], Batch [44/300], Loss: 1.1557 (Overall: 0.7081, Change: 1.5917), TF Ratio: 0.931
[2026-06-15 16:45:42,740][root][INFO] - Epoch [2/5], Batch [45/300], Loss: 1.1530 (Overall: 0.9915, Change: 1.0737), TF Ratio: 0.931
[2026-06-15 16:45:42,893][root][INFO] - Epoch [2/5], Batch [46/300], Loss: 1.1566 (Overall: 0.9829, Change: 1.6552), TF Ratio: 0.931
[2026-06-15 16:45:43,045][root][INFO] - Epoch [2/5], Batch [47/300], Loss: 1.1581 (Overall: 0.8676, Change: 1.5843), TF Ratio: 0.931
[2026-06-15 16:45:43,226][root][INFO] - Epoch [2/5], Batch [48/300], Loss: 1.1587 (Overall: 0.8073, Change: 1.5736), TF Ratio: 0.930
[2026-06-15 16:45:43,379][root][INFO] - Epoch [2/5], Batch [49/300], Loss: 1.1608 (Overall: 1.0394, Change: 1.4806), TF Ratio: 0.930
[2026-06-15 16:45:43,531][root][INFO] - Epoch [2/5], Batch [50/300], Loss: 1.1607 (Overall: 0.7932, Change: 1.5207), TF Ratio: 0.930
[2026-06-15 16:45:43,684][root][INFO] - Epoch [2/5], Batch [51/300], Loss: 1.1610 (Overall: 0.8482, Change: 1.4967), TF Ratio: 0.930
[2026-06-15 16:45:54,764][root][INFO] - Epoch [2/5], Batch [52/300], Loss: 1.1613 (Overall: 0.6585, Change: 1.7006), TF Ratio: 0.930
[2026-06-15 16:45:54,918][root][INFO] - Epoch [2/5], Batch [53/300], Loss: 1.1611 (Overall: 0.8339, Change: 1.4616), TF Ratio: 0.929
[2026-06-15 16:45:55,072][root][INFO] - Epoch [2/5], Batch [54/300], Loss: 1.1557 (Overall: 0.7804, Change: 0.9633), TF Ratio: 0.929
[2026-06-15 16:45:55,225][root][INFO] - Epoch [2/5], Batch [55/300], Loss: 1.1547 (Overall: 0.7588, Change: 1.4410), TF Ratio: 0.929
[2026-06-15 16:45:55,808][root][INFO] - Epoch [2/5], Batch [56/300], Loss: 1.1559 (Overall: 0.9917, Change: 1.4566), TF Ratio: 0.929
[2026-06-15 16:45:55,962][root][INFO] - Epoch [2/5], Batch [57/300], Loss: 1.1517 (Overall: 0.7393, Change: 1.0897), TF Ratio: 0.929
[2026-06-15 16:45:56,114][root][INFO] - Epoch [2/5], Batch [58/300], Loss: 1.1514 (Overall: 0.7802, Change: 1.4941), TF Ratio: 0.928
[2026-06-15 16:45:56,267][root][INFO] - Epoch [2/5], Batch [59/300], Loss: 1.1493 (Overall: 0.7285, Change: 1.3235), TF Ratio: 0.928
[2026-06-15 16:46:06,859][root][INFO] - Epoch [2/5], Batch [60/300], Loss: 1.1500 (Overall: 1.0052, Change: 1.3777), TF Ratio: 0.928
[2026-06-15 16:46:07,015][root][INFO] - Epoch [2/5], Batch [61/300], Loss: 1.1496 (Overall: 0.8845, Change: 1.3581), TF Ratio: 0.928
[2026-06-15 16:46:07,167][root][INFO] - Epoch [2/5], Batch [62/300], Loss: 1.1495 (Overall: 0.7121, Change: 1.5805), TF Ratio: 0.928
[2026-06-15 16:46:07,320][root][INFO] - Epoch [2/5], Batch [63/300], Loss: 1.1483 (Overall: 0.7780, Change: 1.3742), TF Ratio: 0.927
[2026-06-15 16:46:15,367][root][INFO] - Epoch [2/5], Batch [64/300], Loss: 1.1446 (Overall: 0.7343, Change: 1.0801), TF Ratio: 0.927
[2026-06-15 16:46:15,523][root][INFO] - Epoch [2/5], Batch [65/300], Loss: 1.1452 (Overall: 0.8565, Change: 1.5160), TF Ratio: 0.927
[2026-06-15 16:46:15,675][root][INFO] - Epoch [2/5], Batch [66/300], Loss: 1.1414 (Overall: 0.9475, Change: 0.8461), TF Ratio: 0.927
[2026-06-15 16:46:15,828][root][INFO] - Epoch [2/5], Batch [67/300], Loss: 1.1386 (Overall: 0.7913, Change: 1.1063), TF Ratio: 0.927
[2026-06-15 16:46:24,701][root][INFO] - Epoch [2/5], Batch [68/300], Loss: 1.1365 (Overall: 0.8231, Change: 1.1758), TF Ratio: 0.926
[2026-06-15 16:46:24,857][root][INFO] - Epoch [2/5], Batch [69/300], Loss: 1.1372 (Overall: 0.8637, Change: 1.5038), TF Ratio: 0.926
[2026-06-15 16:46:25,009][root][INFO] - Epoch [2/5], Batch [70/300], Loss: 1.1344 (Overall: 0.7844, Change: 1.0975), TF Ratio: 0.926
[2026-06-15 16:46:25,162][root][INFO] - Epoch [2/5], Batch [71/300], Loss: 1.1333 (Overall: 0.7375, Change: 1.3731), TF Ratio: 0.926
[2026-06-15 16:46:26,665][root][INFO] - Epoch [2/5], Batch [72/300], Loss: 1.1340 (Overall: 1.1041, Change: 1.2715), TF Ratio: 0.926
[2026-06-15 16:46:26,819][root][INFO] - Epoch [2/5], Batch [73/300], Loss: 1.1316 (Overall: 0.7062, Change: 1.2077), TF Ratio: 0.925
[2026-06-15 16:46:26,972][root][INFO] - Epoch [2/5], Batch [74/300], Loss: 1.1317 (Overall: 0.5666, Change: 1.7079), TF Ratio: 0.925
[2026-06-15 16:46:27,125][root][INFO] - Epoch [2/5], Batch [75/300], Loss: 1.1305 (Overall: 0.6230, Change: 1.4634), TF Ratio: 0.925
[2026-06-15 16:46:38,389][root][INFO] - Epoch [2/5], Batch [76/300], Loss: 1.1329 (Overall: 0.9751, Change: 1.6447), TF Ratio: 0.925
[2026-06-15 16:46:38,544][root][INFO] - Epoch [2/5], Batch [77/300], Loss: 1.1339 (Overall: 1.0933, Change: 1.3262), TF Ratio: 0.925
[2026-06-15 16:46:38,696][root][INFO] - Epoch [2/5], Batch [78/300], Loss: 1.1358 (Overall: 1.0642, Change: 1.5011), TF Ratio: 0.924
[2026-06-15 16:46:38,848][root][INFO] - Epoch [2/5], Batch [79/300], Loss: 1.1337 (Overall: 0.7258, Change: 1.2110), TF Ratio: 0.924
[2026-06-15 16:46:44,679][root][INFO] - Epoch [2/5], Batch [80/300], Loss: 1.1317 (Overall: 0.9705, Change: 0.9862), TF Ratio: 0.924
[2026-06-15 16:46:44,834][root][INFO] - Epoch [2/5], Batch [81/300], Loss: 1.1358 (Overall: 1.0218, Change: 1.8942), TF Ratio: 0.924
[2026-06-15 16:46:44,987][root][INFO] - Epoch [2/5], Batch [82/300], Loss: 1.1348 (Overall: 0.6909, Change: 1.4265), TF Ratio: 0.924
[2026-06-15 16:46:45,141][root][INFO] - Epoch [2/5], Batch [83/300], Loss: 1.1339 (Overall: 1.0670, Change: 1.0451), TF Ratio: 0.923
[2026-06-15 16:46:50,286][root][INFO] - Epoch [2/5], Batch [84/300], Loss: 1.1332 (Overall: 0.8573, Change: 1.2967), TF Ratio: 0.923
[2026-06-15 16:46:50,440][root][INFO] - Epoch [2/5], Batch [85/300], Loss: 1.1314 (Overall: 0.7453, Change: 1.2158), TF Ratio: 0.923
[2026-06-15 16:46:50,592][root][INFO] - Epoch [2/5], Batch [86/300], Loss: 1.1339 (Overall: 1.0986, Change: 1.5943), TF Ratio: 0.923
[2026-06-15 16:46:50,745][root][INFO] - Epoch [2/5], Batch [87/300], Loss: 1.1351 (Overall: 1.0010, Change: 1.4803), TF Ratio: 0.923
[2026-06-15 16:47:00,147][root][INFO] - Epoch [2/5], Batch [88/300], Loss: 1.1350 (Overall: 0.7468, Change: 1.4970), TF Ratio: 0.922
[2026-06-15 16:47:00,302][root][INFO] - Epoch [2/5], Batch [89/300], Loss: 1.1351 (Overall: 0.8126, Change: 1.4748), TF Ratio: 0.922
[2026-06-15 16:47:00,453][root][INFO] - Epoch [2/5], Batch [90/300], Loss: 1.1369 (Overall: 0.9050, Change: 1.7016), TF Ratio: 0.922
[2026-06-15 16:47:00,606][root][INFO] - Epoch [2/5], Batch [91/300], Loss: 1.1383 (Overall: 0.8302, Change: 1.6934), TF Ratio: 0.922
[2026-06-15 16:47:06,456][root][INFO] - Epoch [2/5], Batch [92/300], Loss: 1.1398 (Overall: 0.7353, Change: 1.8082), TF Ratio: 0.922
[2026-06-15 16:47:06,610][root][INFO] - Epoch [2/5], Batch [93/300], Loss: 1.1377 (Overall: 0.6938, Change: 1.2001), TF Ratio: 0.921
[2026-06-15 16:47:06,762][root][INFO] - Epoch [2/5], Batch [94/300], Loss: 1.1357 (Overall: 0.6443, Change: 1.2542), TF Ratio: 0.921
[2026-06-15 16:47:06,915][root][INFO] - Epoch [2/5], Batch [95/300], Loss: 1.1346 (Overall: 0.5300, Change: 1.5276), TF Ratio: 0.921
[2026-06-15 16:47:11,583][root][INFO] - Epoch [2/5], Batch [96/300], Loss: 1.1340 (Overall: 0.9428, Change: 1.2123), TF Ratio: 0.921
[2026-06-15 16:47:11,737][root][INFO] - Epoch [2/5], Batch [97/300], Loss: 1.1326 (Overall: 0.6338, Change: 1.3661), TF Ratio: 0.921
[2026-06-15 16:47:11,889][root][INFO] - Epoch [2/5], Batch [98/300], Loss: 1.1340 (Overall: 0.8766, Change: 1.6668), TF Ratio: 0.920
[2026-06-15 16:47:12,042][root][INFO] - Epoch [2/5], Batch [99/300], Loss: 1.1334 (Overall: 0.7261, Change: 1.4204), TF Ratio: 0.920
[2026-06-15 16:47:20,831][root][INFO] - Epoch [2/5], Batch [100/300], Loss: 1.1309 (Overall: 0.7122, Change: 1.0521), TF Ratio: 0.920
[2026-06-15 16:47:20,986][root][INFO] - Epoch [2/5], Batch [101/300], Loss: 1.1295 (Overall: 0.7004, Change: 1.2744), TF Ratio: 0.920
[2026-06-15 16:47:21,139][root][INFO] - Epoch [2/5], Batch [102/300], Loss: 1.1283 (Overall: 0.7379, Change: 1.2920), TF Ratio: 0.920
[2026-06-15 16:47:21,292][root][INFO] - Epoch [2/5], Batch [103/300], Loss: 1.1254 (Overall: 0.5462, Change: 1.1137), TF Ratio: 0.919
[2026-06-15 16:47:25,045][root][INFO] - Epoch [2/5], Batch [104/300], Loss: 1.1240 (Overall: 0.5218, Change: 1.4254), TF Ratio: 0.919
[2026-06-15 16:47:25,199][root][INFO] - Epoch [2/5], Batch [105/300], Loss: 1.1258 (Overall: 0.9738, Change: 1.6475), TF Ratio: 0.919
[2026-06-15 16:47:25,351][root][INFO] - Epoch [2/5], Batch [106/300], Loss: 1.1233 (Overall: 0.6814, Change: 1.0478), TF Ratio: 0.919
[2026-06-15 16:47:25,503][root][INFO] - Epoch [2/5], Batch [107/300], Loss: 1.1238 (Overall: 0.7609, Change: 1.5961), TF Ratio: 0.919
[2026-06-15 16:47:33,464][root][INFO] - Epoch [2/5], Batch [108/300], Loss: 1.1243 (Overall: 0.8993, Change: 1.4576), TF Ratio: 0.918
[2026-06-15 16:47:33,619][root][INFO] - Epoch [2/5], Batch [109/300], Loss: 1.1263 (Overall: 1.0014, Change: 1.6787), TF Ratio: 0.918
[2026-06-15 16:47:33,771][root][INFO] - Epoch [2/5], Batch [110/300], Loss: 1.1257 (Overall: 0.7549, Change: 1.3605), TF Ratio: 0.918
[2026-06-15 16:47:33,923][root][INFO] - Epoch [2/5], Batch [111/300], Loss: 1.1235 (Overall: 0.9459, Change: 0.8326), TF Ratio: 0.918
[2026-06-15 16:47:38,906][root][INFO] - Epoch [2/5], Batch [112/300], Loss: 1.1250 (Overall: 1.0051, Change: 1.5713), TF Ratio: 0.918
[2026-06-15 16:47:39,063][root][INFO] - Epoch [2/5], Batch [113/300], Loss: 1.1259 (Overall: 0.7048, Change: 1.7371), TF Ratio: 0.917
[2026-06-15 16:47:39,216][root][INFO] - Epoch [2/5], Batch [114/300], Loss: 1.1263 (Overall: 0.7579, Change: 1.5975), TF Ratio: 0.917
[2026-06-15 16:47:39,369][root][INFO] - Epoch [2/5], Batch [115/300], Loss: 1.1253 (Overall: 0.6266, Change: 1.3951), TF Ratio: 0.917
[2026-06-15 16:47:46,423][root][INFO] - Epoch [2/5], Batch [116/300], Loss: 1.1249 (Overall: 0.7242, Change: 1.4345), TF Ratio: 0.917
[2026-06-15 16:47:46,579][root][INFO] - Epoch [2/5], Batch [117/300], Loss: 1.1252 (Overall: 0.8829, Change: 1.4383), TF Ratio: 0.917
[2026-06-15 16:47:46,732][root][INFO] - Epoch [2/5], Batch [118/300], Loss: 1.1251 (Overall: 0.7478, Change: 1.4848), TF Ratio: 0.916
[2026-06-15 16:47:46,885][root][INFO] - Epoch [2/5], Batch [119/300], Loss: 1.1236 (Overall: 0.6061, Change: 1.2721), TF Ratio: 0.916
[2026-06-15 16:47:50,393][root][INFO] - Epoch [2/5], Batch [120/300], Loss: 1.1236 (Overall: 0.7993, Change: 1.4446), TF Ratio: 0.916
[2026-06-15 16:47:50,547][root][INFO] - Epoch [2/5], Batch [121/300], Loss: 1.1240 (Overall: 0.7331, Change: 1.6200), TF Ratio: 0.916
[2026-06-15 16:47:50,700][root][INFO] - Epoch [2/5], Batch [122/300], Loss: 1.1236 (Overall: 0.6197, Change: 1.5282), TF Ratio: 0.916
[2026-06-15 16:47:50,860][root][INFO] - Epoch [2/5], Batch [123/300], Loss: 1.1237 (Overall: 0.8490, Change: 1.4273), TF Ratio: 0.915
[2026-06-15 16:48:00,248][root][INFO] - Epoch [2/5], Batch [124/300], Loss: 1.1233 (Overall: 0.9228, Change: 1.2154), TF Ratio: 0.915
[2026-06-15 16:48:00,404][root][INFO] - Epoch [2/5], Batch [125/300], Loss: 1.1230 (Overall: 0.7744, Change: 1.4109), TF Ratio: 0.915
[2026-06-15 16:48:00,557][root][INFO] - Epoch [2/5], Batch [126/300], Loss: 1.1224 (Overall: 0.6614, Change: 1.4212), TF Ratio: 0.915
[2026-06-15 16:48:00,710][root][INFO] - Epoch [2/5], Batch [127/300], Loss: 1.1203 (Overall: 0.6717, Change: 1.0537), TF Ratio: 0.915
[2026-06-15 16:48:05,915][root][INFO] - Epoch [2/5], Batch [128/300], Loss: 1.1196 (Overall: 0.8571, Change: 1.1942), TF Ratio: 0.914
[2026-06-15 16:48:06,072][root][INFO] - Epoch [2/5], Batch [129/300], Loss: 1.1195 (Overall: 0.8334, Change: 1.3854), TF Ratio: 0.914
[2026-06-15 16:48:06,225][root][INFO] - Epoch [2/5], Batch [130/300], Loss: 1.1206 (Overall: 0.8176, Change: 1.6924), TF Ratio: 0.914
[2026-06-15 16:48:06,377][root][INFO] - Epoch [2/5], Batch [131/300], Loss: 1.1208 (Overall: 0.8054, Change: 1.5001), TF Ratio: 0.914
[2026-06-15 16:48:25,860][root][INFO] - Epoch [2/5], Batch [132/300], Loss: 1.1228 (Overall: 1.2783, Change: 1.4828), TF Ratio: 0.914
[2026-06-15 16:48:26,015][root][INFO] - Epoch [2/5], Batch [133/300], Loss: 1.1228 (Overall: 0.7323, Change: 1.5296), TF Ratio: 0.913
[2026-06-15 16:48:26,167][root][INFO] - Epoch [2/5], Batch [134/300], Loss: 1.1229 (Overall: 0.7876, Change: 1.4826), TF Ratio: 0.913
[2026-06-15 16:48:26,321][root][INFO] - Epoch [2/5], Batch [135/300], Loss: 1.1218 (Overall: 0.6306, Change: 1.3046), TF Ratio: 0.913
[2026-06-15 16:48:26,487][root][INFO] - Epoch [2/5], Batch [136/300], Loss: 1.1219 (Overall: 0.8544, Change: 1.4253), TF Ratio: 0.913
[2026-06-15 16:48:26,641][root][INFO] - Epoch [2/5], Batch [137/300], Loss: 1.1218 (Overall: 0.7788, Change: 1.4265), TF Ratio: 0.913
[2026-06-15 16:48:26,793][root][INFO] - Epoch [2/5], Batch [138/300], Loss: 1.1210 (Overall: 0.6870, Change: 1.3497), TF Ratio: 0.912
[2026-06-15 16:48:26,946][root][INFO] - Epoch [2/5], Batch [139/300], Loss: 1.1213 (Overall: 0.9604, Change: 1.3547), TF Ratio: 0.912
[2026-06-15 16:48:42,887][root][INFO] - Epoch [2/5], Batch [140/300], Loss: 1.1209 (Overall: 0.7589, Change: 1.3829), TF Ratio: 0.912
[2026-06-15 16:48:43,045][root][INFO] - Epoch [2/5], Batch [141/300], Loss: 1.1228 (Overall: 0.7783, Change: 2.0006), TF Ratio: 0.912
[2026-06-15 16:48:43,197][root][INFO] - Epoch [2/5], Batch [142/300], Loss: 1.1205 (Overall: 0.6117, Change: 0.9692), TF Ratio: 0.912
[2026-06-15 16:48:43,350][root][INFO] - Epoch [2/5], Batch [143/300], Loss: 1.1211 (Overall: 0.7824, Change: 1.6467), TF Ratio: 0.911
[2026-06-15 16:48:43,529][root][INFO] - Epoch [2/5], Batch [144/300], Loss: 1.1217 (Overall: 0.7855, Change: 1.6197), TF Ratio: 0.911
[2026-06-15 16:48:43,684][root][INFO] - Epoch [2/5], Batch [145/300], Loss: 1.1226 (Overall: 1.0529, Change: 1.4422), TF Ratio: 0.911
[2026-06-15 16:48:43,837][root][INFO] - Epoch [2/5], Batch [146/300], Loss: 1.1223 (Overall: 0.6803, Change: 1.4981), TF Ratio: 0.911
[2026-06-15 16:48:43,989][root][INFO] - Epoch [2/5], Batch [147/300], Loss: 1.1214 (Overall: 0.8121, Change: 1.1529), TF Ratio: 0.911
[2026-06-15 16:48:55,294][root][INFO] - Epoch [2/5], Batch [148/300], Loss: 1.1212 (Overall: 0.7897, Change: 1.3941), TF Ratio: 0.910
[2026-06-15 16:48:55,466][root][INFO] - Epoch [2/5], Batch [149/300], Loss: 1.1188 (Overall: 0.5506, Change: 0.9876), TF Ratio: 0.910
[2026-06-15 16:48:55,618][root][INFO] - Epoch [2/5], Batch [150/300], Loss: 1.1171 (Overall: 0.6751, Change: 1.0551), TF Ratio: 0.910
[2026-06-15 16:48:55,771][root][INFO] - Epoch [2/5], Batch [151/300], Loss: 1.1172 (Overall: 0.7241, Change: 1.5360), TF Ratio: 0.910
[2026-06-15 16:48:55,936][root][INFO] - Epoch [2/5], Batch [152/300], Loss: 1.1171 (Overall: 0.7348, Change: 1.4722), TF Ratio: 0.910
[2026-06-15 16:48:56,090][root][INFO] - Epoch [2/5], Batch [153/300], Loss: 1.1179 (Overall: 1.1871, Change: 1.2708), TF Ratio: 0.909
[2026-06-15 16:48:56,241][root][INFO] - Epoch [2/5], Batch [154/300], Loss: 1.1169 (Overall: 0.7890, Change: 1.1513), TF Ratio: 0.909
[2026-06-15 16:48:56,394][root][INFO] - Epoch [2/5], Batch [155/300], Loss: 1.1171 (Overall: 0.9333, Change: 1.3477), TF Ratio: 0.909
[2026-06-15 16:49:14,129][root][INFO] - Epoch [2/5], Batch [156/300], Loss: 1.1162 (Overall: 0.6946, Change: 1.2711), TF Ratio: 0.909
[2026-06-15 16:49:14,284][root][INFO] - Epoch [2/5], Batch [157/300], Loss: 1.1165 (Overall: 0.8069, Change: 1.5191), TF Ratio: 0.909
[2026-06-15 16:49:14,436][root][INFO] - Epoch [2/5], Batch [158/300], Loss: 1.1187 (Overall: 1.2019, Change: 1.7286), TF Ratio: 0.908
[2026-06-15 16:49:14,588][root][INFO] - Epoch [2/5], Batch [159/300], Loss: 1.1189 (Overall: 0.7849, Change: 1.5090), TF Ratio: 0.908
[2026-06-15 16:49:14,755][root][INFO] - Epoch [2/5], Batch [160/300], Loss: 1.1193 (Overall: 1.0213, Change: 1.3479), TF Ratio: 0.908
[2026-06-15 16:49:14,910][root][INFO] - Epoch [2/5], Batch [161/300], Loss: 1.1186 (Overall: 0.6236, Change: 1.3980), TF Ratio: 0.908
[2026-06-15 16:49:15,062][root][INFO] - Epoch [2/5], Batch [162/300], Loss: 1.1181 (Overall: 0.6946, Change: 1.3695), TF Ratio: 0.908
[2026-06-15 16:49:15,215][root][INFO] - Epoch [2/5], Batch [163/300], Loss: 1.1184 (Overall: 0.8107, Change: 1.5164), TF Ratio: 0.907
[2026-06-15 16:49:31,027][root][INFO] - Epoch [2/5], Batch [164/300], Loss: 1.1191 (Overall: 0.8062, Change: 1.6612), TF Ratio: 0.907
[2026-06-15 16:49:31,182][root][INFO] - Epoch [2/5], Batch [165/300], Loss: 1.1192 (Overall: 0.8589, Change: 1.4168), TF Ratio: 0.907
[2026-06-15 16:49:31,334][root][INFO] - Epoch [2/5], Batch [166/300], Loss: 1.1181 (Overall: 0.6367, Change: 1.2338), TF Ratio: 0.907
[2026-06-15 16:49:31,486][root][INFO] - Epoch [2/5], Batch [167/300], Loss: 1.1180 (Overall: 0.8774, Change: 1.3294), TF Ratio: 0.907
[2026-06-15 16:49:31,655][root][INFO] - Epoch [2/5], Batch [168/300], Loss: 1.1188 (Overall: 1.0590, Change: 1.4658), TF Ratio: 0.906
[2026-06-15 16:49:31,809][root][INFO] - Epoch [2/5], Batch [169/300], Loss: 1.1171 (Overall: 0.7860, Change: 0.8512), TF Ratio: 0.906
[2026-06-15 16:49:31,962][root][INFO] - Epoch [2/5], Batch [170/300], Loss: 1.1170 (Overall: 0.7532, Change: 1.4734), TF Ratio: 0.906
[2026-06-15 16:49:32,114][root][INFO] - Epoch [2/5], Batch [171/300], Loss: 1.1203 (Overall: 0.7250, Change: 2.6173), TF Ratio: 0.906
[2026-06-15 16:49:44,270][root][INFO] - Epoch [2/5], Batch [172/300], Loss: 1.1200 (Overall: 0.7644, Change: 1.3640), TF Ratio: 0.906
[2026-06-15 16:49:44,426][root][INFO] - Epoch [2/5], Batch [173/300], Loss: 1.1203 (Overall: 0.8240, Change: 1.5490), TF Ratio: 0.905
[2026-06-15 16:49:44,582][root][INFO] - Epoch [2/5], Batch [174/300], Loss: 1.1209 (Overall: 0.8849, Change: 1.5455), TF Ratio: 0.905
[2026-06-15 16:49:44,735][root][INFO] - Epoch [2/5], Batch [175/300], Loss: 1.1202 (Overall: 0.6634, Change: 1.3554), TF Ratio: 0.905
[2026-06-15 16:49:44,901][root][INFO] - Epoch [2/5], Batch [176/300], Loss: 1.1231 (Overall: 0.8791, Change: 2.3803), TF Ratio: 0.905
[2026-06-15 16:49:45,054][root][INFO] - Epoch [2/5], Batch [177/300], Loss: 1.1229 (Overall: 0.7667, Change: 1.3841), TF Ratio: 0.905
[2026-06-15 16:49:45,206][root][INFO] - Epoch [2/5], Batch [178/300], Loss: 1.1226 (Overall: 0.8423, Change: 1.3015), TF Ratio: 0.904
[2026-06-15 16:49:45,359][root][INFO] - Epoch [2/5], Batch [179/300], Loss: 1.1215 (Overall: 0.9591, Change: 0.8997), TF Ratio: 0.904
[2026-06-15 16:49:56,095][root][INFO] - Epoch [2/5], Batch [180/300], Loss: 1.1210 (Overall: 0.7737, Change: 1.2849), TF Ratio: 0.904
[2026-06-15 16:49:56,266][root][INFO] - Epoch [2/5], Batch [181/300], Loss: 1.1210 (Overall: 0.8273, Change: 1.4114), TF Ratio: 0.904
[2026-06-15 16:49:56,418][root][INFO] - Epoch [2/5], Batch [182/300], Loss: 1.1199 (Overall: 0.5532, Change: 1.3109), TF Ratio: 0.904
[2026-06-15 16:49:56,572][root][INFO] - Epoch [2/5], Batch [183/300], Loss: 1.1198 (Overall: 0.6665, Change: 1.5079), TF Ratio: 0.903
[2026-06-15 16:49:56,741][root][INFO] - Epoch [2/5], Batch [184/300], Loss: 1.1197 (Overall: 0.8718, Change: 1.3389), TF Ratio: 0.903
[2026-06-15 16:49:56,895][root][INFO] - Epoch [2/5], Batch [185/300], Loss: 1.1197 (Overall: 0.7775, Change: 1.4729), TF Ratio: 0.903
[2026-06-15 16:49:57,047][root][INFO] - Epoch [2/5], Batch [186/300], Loss: 1.1193 (Overall: 0.9275, Change: 1.1587), TF Ratio: 0.903
[2026-06-15 16:49:57,200][root][INFO] - Epoch [2/5], Batch [187/300], Loss: 1.1189 (Overall: 0.7514, Change: 1.3187), TF Ratio: 0.903
[2026-06-15 16:50:20,755][root][INFO] - Epoch [2/5], Batch [188/300], Loss: 1.1194 (Overall: 0.7878, Change: 1.6435), TF Ratio: 0.902
[2026-06-15 16:50:20,910][root][INFO] - Epoch [2/5], Batch [189/300], Loss: 1.1205 (Overall: 1.0227, Change: 1.6591), TF Ratio: 0.902
[2026-06-15 16:50:21,063][root][INFO] - Epoch [2/5], Batch [190/300], Loss: 1.1184 (Overall: 0.5429, Change: 0.8999), TF Ratio: 0.902
[2026-06-15 16:50:21,215][root][INFO] - Epoch [2/5], Batch [191/300], Loss: 1.1182 (Overall: 1.0043, Change: 1.1465), TF Ratio: 0.902
[2026-06-15 16:50:21,379][root][INFO] - Epoch [2/5], Batch [192/300], Loss: 1.1180 (Overall: 0.6866, Change: 1.4774), TF Ratio: 0.902
[2026-06-15 16:50:21,532][root][INFO] - Epoch [2/5], Batch [193/300], Loss: 1.1159 (Overall: 0.5815, Change: 0.8472), TF Ratio: 0.901
[2026-06-15 16:50:21,684][root][INFO] - Epoch [2/5], Batch [194/300], Loss: 1.1174 (Overall: 1.3012, Change: 1.4879), TF Ratio: 0.901
[2026-06-15 16:50:21,836][root][INFO] - Epoch [2/5], Batch [195/300], Loss: 1.1170 (Overall: 0.6301, Change: 1.4576), TF Ratio: 0.901
[2026-06-15 16:50:38,244][root][INFO] - Epoch [2/5], Batch [196/300], Loss: 1.1164 (Overall: 0.6946, Change: 1.2854), TF Ratio: 0.901
[2026-06-15 16:50:38,400][root][INFO] - Epoch [2/5], Batch [197/300], Loss: 1.1157 (Overall: 0.7641, Change: 1.1947), TF Ratio: 0.901
[2026-06-15 16:50:38,553][root][INFO] - Epoch [2/5], Batch [198/300], Loss: 1.1159 (Overall: 0.9720, Change: 1.3558), TF Ratio: 0.900
[2026-06-15 16:50:38,709][root][INFO] - Epoch [2/5], Batch [199/300], Loss: 1.1152 (Overall: 0.5712, Change: 1.3855), TF Ratio: 0.900
[2026-06-15 16:50:38,880][root][INFO] - Epoch [2/5], Batch [200/300], Loss: 1.1166 (Overall: 0.9110, Change: 1.8656), TF Ratio: 0.900
[2026-06-15 16:50:39,033][root][INFO] - Epoch [2/5], Batch [201/300], Loss: 1.1163 (Overall: 0.7716, Change: 1.3707), TF Ratio: 0.900
[2026-06-15 16:50:39,188][root][INFO] - Epoch [2/5], Batch [202/300], Loss: 1.1165 (Overall: 0.9128, Change: 1.3850), TF Ratio: 0.900
[2026-06-15 16:50:39,340][root][INFO] - Epoch [2/5], Batch [203/300], Loss: 1.1166 (Overall: 0.6270, Change: 1.6491), TF Ratio: 0.899
[2026-06-15 16:50:53,672][root][INFO] - Epoch [2/5], Batch [204/300], Loss: 1.1158 (Overall: 0.6005, Change: 1.3111), TF Ratio: 0.899
[2026-06-15 16:50:53,829][root][INFO] - Epoch [2/5], Batch [205/300], Loss: 1.1155 (Overall: 0.7200, Change: 1.3712), TF Ratio: 0.899
[2026-06-15 16:50:53,982][root][INFO] - Epoch [2/5], Batch [206/300], Loss: 1.1157 (Overall: 0.7352, Change: 1.5684), TF Ratio: 0.899
[2026-06-15 16:50:54,134][root][INFO] - Epoch [2/5], Batch [207/300], Loss: 1.1156 (Overall: 0.5510, Change: 1.6508), TF Ratio: 0.899
[2026-06-15 16:50:54,302][root][INFO] - Epoch [2/5], Batch [208/300], Loss: 1.1154 (Overall: 0.9746, Change: 1.1924), TF Ratio: 0.898
[2026-06-15 16:50:54,455][root][INFO] - Epoch [2/5], Batch [209/300], Loss: 1.1156 (Overall: 0.7876, Change: 1.5261), TF Ratio: 0.898
[2026-06-15 16:50:54,607][root][INFO] - Epoch [2/5], Batch [210/300], Loss: 1.1159 (Overall: 0.6984, Change: 1.6343), TF Ratio: 0.898
[2026-06-15 16:50:54,760][root][INFO] - Epoch [2/5], Batch [211/300], Loss: 1.1173 (Overall: 0.7280, Change: 2.1145), TF Ratio: 0.898
[2026-06-15 16:51:05,488][root][INFO] - Epoch [2/5], Batch [212/300], Loss: 1.1167 (Overall: 0.7387, Change: 1.2305), TF Ratio: 0.898
[2026-06-15 16:51:05,657][root][INFO] - Epoch [2/5], Batch [213/300], Loss: 1.1166 (Overall: 0.7860, Change: 1.3996), TF Ratio: 0.897
[2026-06-15 16:51:05,809][root][INFO] - Epoch [2/5], Batch [214/300], Loss: 1.1154 (Overall: 0.5694, Change: 1.1675), TF Ratio: 0.897
[2026-06-15 16:51:05,961][root][INFO] - Epoch [2/5], Batch [215/300], Loss: 1.1155 (Overall: 0.7143, Change: 1.5583), TF Ratio: 0.897
[2026-06-15 16:51:06,123][root][INFO] - Epoch [2/5], Batch [216/300], Loss: 1.1154 (Overall: 0.6894, Change: 1.4798), TF Ratio: 0.897
[2026-06-15 16:51:06,275][root][INFO] - Epoch [2/5], Batch [217/300], Loss: 1.1139 (Overall: 0.7277, Change: 0.8726), TF Ratio: 0.897
[2026-06-15 16:51:06,428][root][INFO] - Epoch [2/5], Batch [218/300], Loss: 1.1144 (Overall: 0.6670, Change: 1.7509), TF Ratio: 0.896
[2026-06-15 16:51:06,583][root][INFO] - Epoch [2/5], Batch [219/300], Loss: 1.1146 (Overall: 0.7062, Change: 1.6167), TF Ratio: 0.896
[2026-06-15 16:51:23,139][root][INFO] - Epoch [2/5], Batch [220/300], Loss: 1.1140 (Overall: 0.7581, Change: 1.2178), TF Ratio: 0.896
[2026-06-15 16:51:23,292][root][INFO] - Epoch [2/5], Batch [221/300], Loss: 1.1132 (Overall: 0.6368, Change: 1.2333), TF Ratio: 0.896
[2026-06-15 16:51:23,444][root][INFO] - Epoch [2/5], Batch [222/300], Loss: 1.1132 (Overall: 0.9725, Change: 1.2743), TF Ratio: 0.896
[2026-06-15 16:51:23,596][root][INFO] - Epoch [2/5], Batch [223/300], Loss: 1.1130 (Overall: 0.7147, Change: 1.4120), TF Ratio: 0.895
[2026-06-15 16:51:23,769][root][INFO] - Epoch [2/5], Batch [224/300], Loss: 1.1117 (Overall: 0.4985, Change: 1.1598), TF Ratio: 0.895
[2026-06-15 16:51:23,921][root][INFO] - Epoch [2/5], Batch [225/300], Loss: 1.1113 (Overall: 0.6426, Change: 1.3793), TF Ratio: 0.895
[2026-06-15 16:51:24,073][root][INFO] - Epoch [2/5], Batch [226/300], Loss: 1.1102 (Overall: 0.5193, Change: 1.2131), TF Ratio: 0.895
[2026-06-15 16:51:24,226][root][INFO] - Epoch [2/5], Batch [227/300], Loss: 1.1109 (Overall: 0.9480, Change: 1.5654), TF Ratio: 0.895
[2026-06-15 16:51:38,643][root][INFO] - Epoch [2/5], Batch [228/300], Loss: 1.1104 (Overall: 0.7412, Change: 1.2641), TF Ratio: 0.894
[2026-06-15 16:51:38,799][root][INFO] - Epoch [2/5], Batch [229/300], Loss: 1.1101 (Overall: 0.6845, Change: 1.4281), TF Ratio: 0.894
[2026-06-15 16:51:38,951][root][INFO] - Epoch [2/5], Batch [230/300], Loss: 1.1105 (Overall: 0.6983, Change: 1.6633), TF Ratio: 0.894
[2026-06-15 16:51:39,104][root][INFO] - Epoch [2/5], Batch [231/300], Loss: 1.1100 (Overall: 0.7812, Change: 1.2391), TF Ratio: 0.894
[2026-06-15 16:51:39,273][root][INFO] - Epoch [2/5], Batch [232/300], Loss: 1.1086 (Overall: 0.6873, Change: 0.8524), TF Ratio: 0.894
[2026-06-15 16:51:39,426][root][INFO] - Epoch [2/5], Batch [233/300], Loss: 1.1074 (Overall: 0.7810, Change: 0.9174), TF Ratio: 0.893
[2026-06-15 16:51:39,578][root][INFO] - Epoch [2/5], Batch [234/300], Loss: 1.1075 (Overall: 0.9333, Change: 1.3297), TF Ratio: 0.893
[2026-06-15 16:51:39,730][root][INFO] - Epoch [2/5], Batch [235/300], Loss: 1.1081 (Overall: 1.0254, Change: 1.4379), TF Ratio: 0.893
[2026-06-15 16:51:50,875][root][INFO] - Epoch [2/5], Batch [236/300], Loss: 1.1073 (Overall: 0.7057, Change: 1.1530), TF Ratio: 0.893
[2026-06-15 16:51:51,030][root][INFO] - Epoch [2/5], Batch [237/300], Loss: 1.1077 (Overall: 1.0463, Change: 1.3367), TF Ratio: 0.893
[2026-06-15 16:51:51,182][root][INFO] - Epoch [2/5], Batch [238/300], Loss: 1.1071 (Overall: 0.5938, Change: 1.3344), TF Ratio: 0.892
[2026-06-15 16:51:51,334][root][INFO] - Epoch [2/5], Batch [239/300], Loss: 1.1074 (Overall: 0.7728, Change: 1.5975), TF Ratio: 0.892
[2026-06-15 16:51:51,513][root][INFO] - Epoch [2/5], Batch [240/300], Loss: 1.1071 (Overall: 0.6377, Change: 1.4508), TF Ratio: 0.892
[2026-06-15 16:51:51,666][root][INFO] - Epoch [2/5], Batch [241/300], Loss: 1.1107 (Overall: 0.6068, Change: 3.3143), TF Ratio: 0.892
[2026-06-15 16:51:51,820][root][INFO] - Epoch [2/5], Batch [242/300], Loss: 1.1096 (Overall: 0.4983, Change: 1.2086), TF Ratio: 0.892
[2026-06-15 16:51:51,973][root][INFO] - Epoch [2/5], Batch [243/300], Loss: 1.1095 (Overall: 0.6103, Change: 1.5369), TF Ratio: 0.891
[2026-06-15 16:52:02,580][root][INFO] - Epoch [2/5], Batch [244/300], Loss: 1.1092 (Overall: 0.6946, Change: 1.3784), TF Ratio: 0.891
[2026-06-15 16:52:02,735][root][INFO] - Epoch [2/5], Batch [245/300], Loss: 1.1080 (Overall: 0.6287, Change: 1.0264), TF Ratio: 0.891
[2026-06-15 16:52:02,896][root][INFO] - Epoch [2/5], Batch [246/300], Loss: 1.1079 (Overall: 0.5990, Change: 1.5830), TF Ratio: 0.891
[2026-06-15 16:52:03,047][root][INFO] - Epoch [2/5], Batch [247/300], Loss: 1.1091 (Overall: 1.2204, Change: 1.5614), TF Ratio: 0.891
[2026-06-15 16:52:03,208][root][INFO] - Epoch [2/5], Batch [248/300], Loss: 1.1092 (Overall: 1.0338, Change: 1.2389), TF Ratio: 0.890
[2026-06-15 16:52:03,360][root][INFO] - Epoch [2/5], Batch [249/300], Loss: 1.1092 (Overall: 0.5908, Change: 1.6266), TF Ratio: 0.890
[2026-06-15 16:52:03,513][root][INFO] - Epoch [2/5], Batch [250/300], Loss: 1.1100 (Overall: 1.1488, Change: 1.4486), TF Ratio: 0.890
[2026-06-15 16:52:03,665][root][INFO] - Epoch [2/5], Batch [251/300], Loss: 1.1108 (Overall: 0.8482, Change: 1.8165), TF Ratio: 0.890
[2026-06-15 16:52:15,700][root][INFO] - Epoch [2/5], Batch [252/300], Loss: 1.1104 (Overall: 0.5682, Change: 1.4210), TF Ratio: 0.890
[2026-06-15 16:52:15,855][root][INFO] - Epoch [2/5], Batch [253/300], Loss: 1.1103 (Overall: 0.7780, Change: 1.3864), TF Ratio: 0.889
[2026-06-15 16:52:16,007][root][INFO] - Epoch [2/5], Batch [254/300], Loss: 1.1101 (Overall: 0.8374, Change: 1.3089), TF Ratio: 0.889
[2026-06-15 16:52:16,159][root][INFO] - Epoch [2/5], Batch [255/300], Loss: 1.1099 (Overall: 0.5089, Change: 1.6195), TF Ratio: 0.889
[2026-06-15 16:52:16,332][root][INFO] - Epoch [2/5], Batch [256/300], Loss: 1.1101 (Overall: 0.9542, Change: 1.3339), TF Ratio: 0.889
[2026-06-15 16:52:16,485][root][INFO] - Epoch [2/5], Batch [257/300], Loss: 1.1103 (Overall: 0.8226, Change: 1.4995), TF Ratio: 0.889
[2026-06-15 16:52:16,637][root][INFO] - Epoch [2/5], Batch [258/300], Loss: 1.1102 (Overall: 0.6003, Change: 1.5879), TF Ratio: 0.888
[2026-06-15 16:52:16,789][root][INFO] - Epoch [2/5], Batch [259/300], Loss: 1.1088 (Overall: 0.5565, Change: 0.9146), TF Ratio: 0.888
[2026-06-15 16:52:31,261][root][INFO] - Epoch [2/5], Batch [260/300], Loss: 1.1091 (Overall: 0.7438, Change: 1.6488), TF Ratio: 0.888
[2026-06-15 16:52:31,416][root][INFO] - Epoch [2/5], Batch [261/300], Loss: 1.1088 (Overall: 0.6633, Change: 1.4105), TF Ratio: 0.888
[2026-06-15 16:52:31,567][root][INFO] - Epoch [2/5], Batch [262/300], Loss: 1.1083 (Overall: 0.9090, Change: 1.0404), TF Ratio: 0.888
[2026-06-15 16:52:31,720][root][INFO] - Epoch [2/5], Batch [263/300], Loss: 1.1078 (Overall: 0.7708, Change: 1.1879), TF Ratio: 0.887
[2026-06-15 16:52:31,887][root][INFO] - Epoch [2/5], Batch [264/300], Loss: 1.1079 (Overall: 0.7364, Change: 1.5019), TF Ratio: 0.887
[2026-06-15 16:52:32,040][root][INFO] - Epoch [2/5], Batch [265/300], Loss: 1.1074 (Overall: 0.7283, Change: 1.2181), TF Ratio: 0.887
[2026-06-15 16:52:32,191][root][INFO] - Epoch [2/5], Batch [266/300], Loss: 1.1073 (Overall: 0.9405, Change: 1.2498), TF Ratio: 0.887
[2026-06-15 16:52:32,343][root][INFO] - Epoch [2/5], Batch [267/300], Loss: 1.1076 (Overall: 0.7774, Change: 1.5982), TF Ratio: 0.887
[2026-06-15 16:52:47,256][root][INFO] - Epoch [2/5], Batch [268/300], Loss: 1.1073 (Overall: 0.6548, Change: 1.4165), TF Ratio: 0.886
[2026-06-15 16:52:47,413][root][INFO] - Epoch [2/5], Batch [269/300], Loss: 1.1073 (Overall: 0.5308, Change: 1.6454), TF Ratio: 0.886
[2026-06-15 16:52:47,567][root][INFO] - Epoch [2/5], Batch [270/300], Loss: 1.1063 (Overall: 0.5442, Change: 1.1678), TF Ratio: 0.886
[2026-06-15 16:52:47,720][root][INFO] - Epoch [2/5], Batch [271/300], Loss: 1.1078 (Overall: 1.2439, Change: 1.7470), TF Ratio: 0.886
[2026-06-15 16:52:47,883][root][INFO] - Epoch [2/5], Batch [272/300], Loss: 1.1080 (Overall: 1.2118, Change: 1.1433), TF Ratio: 0.886
[2026-06-15 16:52:48,037][root][INFO] - Epoch [2/5], Batch [273/300], Loss: 1.1079 (Overall: 0.7344, Change: 1.4190), TF Ratio: 0.885
[2026-06-15 16:52:48,190][root][INFO] - Epoch [2/5], Batch [274/300], Loss: 1.1082 (Overall: 0.9053, Change: 1.4913), TF Ratio: 0.885
[2026-06-15 16:52:48,342][root][INFO] - Epoch [2/5], Batch [275/300], Loss: 1.1080 (Overall: 0.6707, Change: 1.3891), TF Ratio: 0.885
[2026-06-15 16:53:01,611][root][INFO] - Epoch [2/5], Batch [276/300], Loss: 1.1079 (Overall: 0.7360, Change: 1.4223), TF Ratio: 0.885
[2026-06-15 16:53:01,766][root][INFO] - Epoch [2/5], Batch [277/300], Loss: 1.1083 (Overall: 0.9238, Change: 1.5152), TF Ratio: 0.885
[2026-06-15 16:53:01,918][root][INFO] - Epoch [2/5], Batch [278/300], Loss: 1.1083 (Overall: 0.5305, Change: 1.7032), TF Ratio: 0.884
[2026-06-15 16:53:02,070][root][INFO] - Epoch [2/5], Batch [279/300], Loss: 1.1087 (Overall: 0.8390, Change: 1.6045), TF Ratio: 0.884
[2026-06-15 16:53:02,234][root][INFO] - Epoch [2/5], Batch [280/300], Loss: 1.1089 (Overall: 0.8734, Change: 1.4575), TF Ratio: 0.884
[2026-06-15 16:53:02,386][root][INFO] - Epoch [2/5], Batch [281/300], Loss: 1.1089 (Overall: 0.6690, Change: 1.5577), TF Ratio: 0.884
[2026-06-15 16:53:02,538][root][INFO] - Epoch [2/5], Batch [282/300], Loss: 1.1090 (Overall: 0.9317, Change: 1.3042), TF Ratio: 0.884
[2026-06-15 16:53:02,689][root][INFO] - Epoch [2/5], Batch [283/300], Loss: 1.1089 (Overall: 0.7335, Change: 1.4652), TF Ratio: 0.883
[2026-06-15 16:53:18,769][root][INFO] - Epoch [2/5], Batch [284/300], Loss: 1.1081 (Overall: 0.5555, Change: 1.1953), TF Ratio: 0.883
[2026-06-15 16:53:18,933][root][INFO] - Epoch [2/5], Batch [285/300], Loss: 1.1076 (Overall: 0.6664, Change: 1.2626), TF Ratio: 0.883
[2026-06-15 16:53:19,085][root][INFO] - Epoch [2/5], Batch [286/300], Loss: 1.1070 (Overall: 0.7342, Change: 1.1581), TF Ratio: 0.883
[2026-06-15 16:53:19,237][root][INFO] - Epoch [2/5], Batch [287/300], Loss: 1.1069 (Overall: 0.6141, Change: 1.5337), TF Ratio: 0.883
[2026-06-15 16:53:19,403][root][INFO] - Epoch [2/5], Batch [288/300], Loss: 1.1073 (Overall: 0.8881, Change: 1.5398), TF Ratio: 0.882
[2026-06-15 16:53:19,557][root][INFO] - Epoch [2/5], Batch [289/300], Loss: 1.1072 (Overall: 0.6601, Change: 1.5209), TF Ratio: 0.882
[2026-06-15 16:53:19,709][root][INFO] - Epoch [2/5], Batch [290/300], Loss: 1.1076 (Overall: 0.6130, Change: 1.8155), TF Ratio: 0.882
[2026-06-15 16:53:19,862][root][INFO] - Epoch [2/5], Batch [291/300], Loss: 1.1062 (Overall: 0.5231, Change: 0.8997), TF Ratio: 0.882
[2026-06-15 16:53:32,150][root][INFO] - Epoch [2/5], Batch [292/300], Loss: 1.1067 (Overall: 1.0809, Change: 1.3874), TF Ratio: 0.882
[2026-06-15 16:53:32,305][root][INFO] - Epoch [2/5], Batch [293/300], Loss: 1.1072 (Overall: 0.8279, Change: 1.6759), TF Ratio: 0.881
[2026-06-15 16:53:32,457][root][INFO] - Epoch [2/5], Batch [294/300], Loss: 1.1067 (Overall: 0.8695, Change: 1.0505), TF Ratio: 0.881
[2026-06-15 16:53:32,609][root][INFO] - Epoch [2/5], Batch [295/300], Loss: 1.1070 (Overall: 0.7751, Change: 1.6207), TF Ratio: 0.881
[2026-06-15 16:53:32,772][root][INFO] - Epoch [2/5], Batch [296/300], Loss: 1.1077 (Overall: 1.0251, Change: 1.6191), TF Ratio: 0.881
[2026-06-15 16:53:32,927][root][INFO] - Epoch [2/5], Batch [297/300], Loss: 1.1073 (Overall: 0.5915, Change: 1.3876), TF Ratio: 0.881
[2026-06-15 16:53:33,079][root][INFO] - Epoch [2/5], Batch [298/300], Loss: 1.1068 (Overall: 0.7104, Change: 1.2139), TF Ratio: 0.880
[2026-06-15 16:53:33,231][root][INFO] - Epoch [2/5], Batch [299/300], Loss: 1.1073 (Overall: 0.9153, Change: 1.5663), TF Ratio: 0.880
[2026-06-15 16:53:49,287][root][INFO] - Epoch [2/5], Batch [300/300], Loss: 1.1066 (Overall: 0.6482, Change: 1.1748), TF Ratio: 0.880
[2026-06-15 16:54:09,930][root][INFO] - Epoch 2 done. Validating...
[2026-06-15 16:54:56,600][root][INFO] - Epoch [2/5] | Train: 1.1072 | Val: 0.7245
[2026-06-15 16:54:56,820][root][INFO] - Checkpoint saved: /gpfs/scratch/bsc32/bsc096444/ai4land-tfm/trained_models/unet_impl/41825124/best_model.pth
[2026-06-15 16:54:57,004][root][INFO] - Checkpoint saved: /gpfs/scratch/bsc32/bsc096444/ai4land-tfm/trained_models/unet_impl/41825124/model_epoch_2.pth
[2026-06-15 16:55:16,650][root][INFO] - Epoch [3/5], Batch [1/300], Loss: 1.2796 (Overall: 1.0840, Change: 1.4751), TF Ratio: 0.880
[2026-06-15 16:55:16,804][root][INFO] - Epoch [3/5], Batch [2/300], Loss: 1.2007 (Overall: 0.9440, Change: 1.2998), TF Ratio: 0.880
[2026-06-15 16:55:16,956][root][INFO] - Epoch [3/5], Batch [3/300], Loss: 1.1536 (Overall: 0.7452, Change: 1.3732), TF Ratio: 0.879
[2026-06-15 16:55:21,468][root][INFO] - Epoch [3/5], Batch [4/300], Loss: 1.1273 (Overall: 0.9502, Change: 1.1469), TF Ratio: 0.879
[2026-06-15 16:55:21,621][root][INFO] - Epoch [3/5], Batch [5/300], Loss: 1.1284 (Overall: 1.0042, Change: 1.2616), TF Ratio: 0.879
[2026-06-15 16:55:21,773][root][INFO] - Epoch [3/5], Batch [6/300], Loss: 1.1228 (Overall: 0.7374, Change: 1.4516), TF Ratio: 0.879
[2026-06-15 16:55:21,938][root][INFO] - Epoch [3/5], Batch [7/300], Loss: 1.1598 (Overall: 1.3071, Change: 1.4567), TF Ratio: 0.879
[2026-06-15 16:55:33,911][root][INFO] - Epoch [3/5], Batch [8/300], Loss: 1.1531 (Overall: 0.9986, Change: 1.2135), TF Ratio: 0.878
[2026-06-15 16:55:34,073][root][INFO] - Epoch [3/5], Batch [9/300], Loss: 1.1424 (Overall: 0.5132, Change: 1.6003), TF Ratio: 0.878
[2026-06-15 16:55:34,226][root][INFO] - Epoch [3/5], Batch [10/300], Loss: 1.1420 (Overall: 0.9030, Change: 1.3751), TF Ratio: 0.878
[2026-06-15 16:55:34,379][root][INFO] - Epoch [3/5], Batch [11/300], Loss: 1.1265 (Overall: 0.7520, Change: 1.1905), TF Ratio: 0.878
[2026-06-15 16:55:34,557][root][INFO] - Epoch [3/5], Batch [12/300], Loss: 1.1040 (Overall: 0.6139, Change: 1.0996), TF Ratio: 0.878
[2026-06-15 16:55:34,711][root][INFO] - Epoch [3/5], Batch [13/300], Loss: 1.1050 (Overall: 0.6672, Change: 1.5653), TF Ratio: 0.877
[2026-06-15 16:55:34,865][root][INFO] - Epoch [3/5], Batch [14/300], Loss: 1.1046 (Overall: 0.6755, Change: 1.5234), TF Ratio: 0.877
[2026-06-15 16:55:35,019][root][INFO] - Epoch [3/5], Batch [15/300], Loss: 1.1070 (Overall: 0.7592, Change: 1.5229), TF Ratio: 0.877
[2026-06-15 16:55:45,726][root][INFO] - Epoch [3/5], Batch [16/300], Loss: 1.1006 (Overall: 0.9134, Change: 1.0960), TF Ratio: 0.877
[2026-06-15 16:55:45,880][root][INFO] - Epoch [3/5], Batch [17/300], Loss: 1.1050 (Overall: 0.7158, Change: 1.6330), TF Ratio: 0.877
[2026-06-15 16:55:46,032][root][INFO] - Epoch [3/5], Batch [18/300], Loss: 1.1008 (Overall: 1.1635, Change: 0.8961), TF Ratio: 0.876
[2026-06-15 16:55:46,185][root][INFO] - Epoch [3/5], Batch [19/300], Loss: 1.1066 (Overall: 1.0697, Change: 1.3517), TF Ratio: 0.876
[2026-06-15 16:55:47,264][root][INFO] - Epoch [3/5], Batch [20/300], Loss: 1.1344 (Overall: 1.9118, Change: 1.4137), TF Ratio: 0.876
[2026-06-15 16:55:47,419][root][INFO] - Epoch [3/5], Batch [21/300], Loss: 1.1254 (Overall: 0.6473, Change: 1.2450), TF Ratio: 0.876
[2026-06-15 16:55:47,572][root][INFO] - Epoch [3/5], Batch [22/300], Loss: 1.1252 (Overall: 0.8110, Change: 1.4309), TF Ratio: 0.876
[2026-06-15 16:55:47,725][root][INFO] - Epoch [3/5], Batch [23/300], Loss: 1.1294 (Overall: 0.6256, Change: 1.8153), TF Ratio: 0.875
[2026-06-15 16:55:57,599][root][INFO] - Epoch [3/5], Batch [24/300], Loss: 1.1317 (Overall: 0.9707, Change: 1.4021), TF Ratio: 0.875
[2026-06-15 16:55:57,755][root][INFO] - Epoch [3/5], Batch [25/300], Loss: 1.1291 (Overall: 0.8622, Change: 1.2701), TF Ratio: 0.875
[2026-06-15 16:55:57,908][root][INFO] - Epoch [3/5], Batch [26/300], Loss: 1.1365 (Overall: 1.0269, Change: 1.6168), TF Ratio: 0.875
[2026-06-15 16:55:58,061][root][INFO] - Epoch [3/5], Batch [27/300], Loss: 1.1295 (Overall: 0.7016, Change: 1.1935), TF Ratio: 0.875
[2026-06-15 16:56:02,044][root][INFO] - Epoch [3/5], Batch [28/300], Loss: 1.1198 (Overall: 0.5175, Change: 1.1989), TF Ratio: 0.874
[2026-06-15 16:56:02,198][root][INFO] - Epoch [3/5], Batch [29/300], Loss: 1.1273 (Overall: 1.1684, Change: 1.5065), TF Ratio: 0.874
[2026-06-15 16:56:02,350][root][INFO] - Epoch [3/5], Batch [30/300], Loss: 1.1151 (Overall: 0.5069, Change: 1.0136), TF Ratio: 0.874
[2026-06-15 16:56:02,503][root][INFO] - Epoch [3/5], Batch [31/300], Loss: 1.1106 (Overall: 0.7994, Change: 1.1538), TF Ratio: 0.874
[2026-06-15 16:56:09,687][root][INFO] - Epoch [3/5], Batch [32/300], Loss: 1.1116 (Overall: 0.6916, Change: 1.5904), TF Ratio: 0.874
[2026-06-15 16:56:09,848][root][INFO] - Epoch [3/5], Batch [33/300], Loss: 1.1088 (Overall: 0.8688, Change: 1.1703), TF Ratio: 0.873
[2026-06-15 16:56:10,000][root][INFO] - Epoch [3/5], Batch [34/300], Loss: 1.1053 (Overall: 0.8334, Change: 1.1484), TF Ratio: 0.873
[2026-06-15 16:56:10,153][root][INFO] - Epoch [3/5], Batch [35/300], Loss: 1.1127 (Overall: 1.1049, Change: 1.6204), TF Ratio: 0.873
[2026-06-15 16:56:16,417][root][INFO] - Epoch [3/5], Batch [36/300], Loss: 1.1100 (Overall: 0.6887, Change: 1.3444), TF Ratio: 0.873
[2026-06-15 16:56:16,575][root][INFO] - Epoch [3/5], Batch [37/300], Loss: 1.1080 (Overall: 0.5692, Change: 1.5025), TF Ratio: 0.873
[2026-06-15 16:56:16,727][root][INFO] - Epoch [3/5], Batch [38/300], Loss: 1.1044 (Overall: 0.8885, Change: 1.0524), TF Ratio: 0.872
[2026-06-15 16:56:16,879][root][INFO] - Epoch [3/5], Batch [39/300], Loss: 1.1029 (Overall: 0.6188, Change: 1.4707), TF Ratio: 0.872
[2026-06-15 16:56:28,989][root][INFO] - Epoch [3/5], Batch [40/300], Loss: 1.0967 (Overall: 0.4920, Change: 1.2212), TF Ratio: 0.872
[2026-06-15 16:56:29,148][root][INFO] - Epoch [3/5], Batch [41/300], Loss: 1.1027 (Overall: 0.9553, Change: 1.7289), TF Ratio: 0.872
[2026-06-15 16:56:29,302][root][INFO] - Epoch [3/5], Batch [42/300], Loss: 1.1022 (Overall: 0.9292, Change: 1.2317), TF Ratio: 0.872
[2026-06-15 16:56:29,454][root][INFO] - Epoch [3/5], Batch [43/300], Loss: 1.0989 (Overall: 0.8033, Change: 1.1227), TF Ratio: 0.871
[2026-06-15 16:56:30,045][root][INFO] - Epoch [3/5], Batch [44/300], Loss: 1.0977 (Overall: 0.7769, Change: 1.3169), TF Ratio: 0.871
[2026-06-15 16:56:30,200][root][INFO] - Epoch [3/5], Batch [45/300], Loss: 1.0962 (Overall: 0.6628, Change: 1.3923), TF Ratio: 0.871
[2026-06-15 16:56:30,353][root][INFO] - Epoch [3/5], Batch [46/300], Loss: 1.0999 (Overall: 0.9926, Change: 1.5410), TF Ratio: 0.871
[2026-06-15 16:56:30,506][root][INFO] - Epoch [3/5], Batch [47/300], Loss: 1.1001 (Overall: 0.6523, Change: 1.5696), TF Ratio: 0.871
[2026-06-15 16:56:45,424][root][INFO] - Epoch [3/5], Batch [48/300], Loss: 1.0985 (Overall: 0.6937, Change: 1.3466), TF Ratio: 0.870
[2026-06-15 16:56:45,580][root][INFO] - Epoch [3/5], Batch [49/300], Loss: 1.0951 (Overall: 0.7543, Change: 1.1188), TF Ratio: 0.870
[2026-06-15 16:56:45,733][root][INFO] - Epoch [3/5], Batch [50/300], Loss: 1.0936 (Overall: 0.8210, Change: 1.2131), TF Ratio: 0.870
[2026-06-15 16:56:45,885][root][INFO] - Epoch [3/5], Batch [51/300], Loss: 1.0894 (Overall: 0.5754, Change: 1.1802), TF Ratio: 0.870
[2026-06-15 16:56:46,053][root][INFO] - Epoch [3/5], Batch [52/300], Loss: 1.0872 (Overall: 0.7593, Change: 1.1964), TF Ratio: 0.870
[2026-06-15 16:56:46,206][root][INFO] - Epoch [3/5], Batch [53/300], Loss: 1.0848 (Overall: 0.7864, Change: 1.1296), TF Ratio: 0.869
[2026-06-15 16:56:46,358][root][INFO] - Epoch [3/5], Batch [54/300], Loss: 1.0835 (Overall: 0.5384, Change: 1.4897), TF Ratio: 0.869
[2026-06-15 16:56:46,510][root][INFO] - Epoch [3/5], Batch [55/300], Loss: 1.0814 (Overall: 0.5568, Change: 1.3814), TF Ratio: 0.869
[2026-06-15 16:57:05,259][root][INFO] - Epoch [3/5], Batch [56/300], Loss: 1.0857 (Overall: 1.2272, Change: 1.4144), TF Ratio: 0.869
[2026-06-15 16:57:05,417][root][INFO] - Epoch [3/5], Batch [57/300], Loss: 1.0872 (Overall: 0.9397, Change: 1.4083), TF Ratio: 0.869
[2026-06-15 16:57:05,569][root][INFO] - Epoch [3/5], Batch [58/300], Loss: 1.0878 (Overall: 0.7906, Change: 1.4547), TF Ratio: 0.868
[2026-06-15 16:57:05,721][root][INFO] - Epoch [3/5], Batch [59/300], Loss: 1.0893 (Overall: 0.7384, Change: 1.6085), TF Ratio: 0.868
[2026-06-15 16:57:05,894][root][INFO] - Epoch [3/5], Batch [60/300], Loss: 1.0906 (Overall: 0.6871, Change: 1.6521), TF Ratio: 0.868
[2026-06-15 16:57:06,053][root][INFO] - Epoch [3/5], Batch [61/300], Loss: 1.0895 (Overall: 0.5336, Change: 1.5154), TF Ratio: 0.868
[2026-06-15 16:57:06,206][root][INFO] - Epoch [3/5], Batch [62/300], Loss: 1.0915 (Overall: 0.7662, Change: 1.6581), TF Ratio: 0.868
[2026-06-15 16:57:06,358][root][INFO] - Epoch [3/5], Batch [63/300], Loss: 1.0887 (Overall: 0.8336, Change: 0.9969), TF Ratio: 0.867
[2026-06-15 16:57:21,946][root][INFO] - Epoch [3/5], Batch [64/300], Loss: 1.0847 (Overall: 0.5062, Change: 1.1555), TF Ratio: 0.867
[2026-06-15 16:57:22,101][root][INFO] - Epoch [3/5], Batch [65/300], Loss: 1.0841 (Overall: 0.8715, Change: 1.2264), TF Ratio: 0.867
[2026-06-15 16:57:22,252][root][INFO] - Epoch [3/5], Batch [66/300], Loss: 1.0859 (Overall: 1.0422, Change: 1.3636), TF Ratio: 0.867
[2026-06-15 16:57:22,405][root][INFO] - Epoch [3/5], Batch [67/300], Loss: 1.0832 (Overall: 0.7404, Change: 1.0670), TF Ratio: 0.867
[2026-06-15 16:57:22,581][root][INFO] - Epoch [3/5], Batch [68/300], Loss: 1.0812 (Overall: 0.6722, Change: 1.2147), TF Ratio: 0.866
[2026-06-15 16:57:22,732][root][INFO] - Epoch [3/5], Batch [69/300], Loss: 1.0826 (Overall: 0.9038, Change: 1.4556), TF Ratio: 0.866
[2026-06-15 16:57:22,883][root][INFO] - Epoch [3/5], Batch [70/300], Loss: 1.0861 (Overall: 0.6181, Change: 2.0429), TF Ratio: 0.866
[2026-06-15 16:57:23,035][root][INFO] - Epoch [3/5], Batch [71/300], Loss: 1.0844 (Overall: 0.4761, Change: 1.4489), TF Ratio: 0.866
[2026-06-15 16:57:37,578][root][INFO] - Epoch [3/5], Batch [72/300], Loss: 1.0849 (Overall: 0.6025, Change: 1.6391), TF Ratio: 0.866
[2026-06-15 16:57:37,732][root][INFO] - Epoch [3/5], Batch [73/300], Loss: 1.0832 (Overall: 0.5981, Change: 1.3208), TF Ratio: 0.865
[2026-06-15 16:57:37,884][root][INFO] - Epoch [3/5], Batch [74/300], Loss: 1.0844 (Overall: 0.7736, Change: 1.5768), TF Ratio: 0.865
[2026-06-15 16:57:38,036][root][INFO] - Epoch [3/5], Batch [75/300], Loss: 1.0916 (Overall: 1.4739, Change: 1.7733), TF Ratio: 0.865
[2026-06-15 16:57:40,248][root][INFO] - Epoch [3/5], Batch [76/300], Loss: 1.0856 (Overall: 0.6144, Change: 0.6581), TF Ratio: 0.865
[2026-06-15 16:57:40,401][root][INFO] - Epoch [3/5], Batch [77/300], Loss: 1.0865 (Overall: 0.9251, Change: 1.3816), TF Ratio: 0.865
[2026-06-15 16:57:40,554][root][INFO] - Epoch [3/5], Batch [78/300], Loss: 1.0865 (Overall: 0.6919, Change: 1.4756), TF Ratio: 0.864
[2026-06-15 16:57:40,706][root][INFO] - Epoch [3/5], Batch [79/300], Loss: 1.0871 (Overall: 1.0752, Change: 1.1990), TF Ratio: 0.864
[2026-06-15 16:57:49,323][root][INFO] - Epoch [3/5], Batch [80/300], Loss: 1.0851 (Overall: 0.5869, Change: 1.2754), TF Ratio: 0.864
[2026-06-15 16:57:49,478][root][INFO] - Epoch [3/5], Batch [81/300], Loss: 1.0827 (Overall: 0.6541, Change: 1.1155), TF Ratio: 0.864
[2026-06-15 16:57:49,629][root][INFO] - Epoch [3/5], Batch [82/300], Loss: 1.0821 (Overall: 0.8901, Change: 1.1897), TF Ratio: 0.864
[2026-06-15 16:57:49,781][root][INFO] - Epoch [3/5], Batch [83/300], Loss: 1.0793 (Overall: 0.5288, Change: 1.1708), TF Ratio: 0.863
[2026-06-15 16:57:57,384][root][INFO] - Epoch [3/5], Batch [84/300], Loss: 1.0833 (Overall: 0.8930, Change: 1.9275), TF Ratio: 0.863
[2026-06-15 16:57:57,539][root][INFO] - Epoch [3/5], Batch [85/300], Loss: 1.0797 (Overall: 0.5487, Change: 1.0023), TF Ratio: 0.863
[2026-06-15 16:57:57,691][root][INFO] - Epoch [3/5], Batch [86/300], Loss: 1.0797 (Overall: 0.5523, Change: 1.6091), TF Ratio: 0.863
[2026-06-15 16:57:57,844][root][INFO] - Epoch [3/5], Batch [87/300], Loss: 1.0811 (Overall: 0.8645, Change: 1.5426), TF Ratio: 0.863
[2026-06-15 16:58:04,837][root][INFO] - Epoch [3/5], Batch [88/300], Loss: 1.0800 (Overall: 0.6994, Change: 1.2619), TF Ratio: 0.862
[2026-06-15 16:58:04,995][root][INFO] - Epoch [3/5], Batch [89/300], Loss: 1.0822 (Overall: 0.6673, Change: 1.8878), TF Ratio: 0.862
[2026-06-15 16:58:05,146][root][INFO] - Epoch [3/5], Batch [90/300], Loss: 1.0797 (Overall: 0.6893, Change: 1.0201), TF Ratio: 0.862
[2026-06-15 16:58:05,298][root][INFO] - Epoch [3/5], Batch [91/300], Loss: 1.0793 (Overall: 0.7596, Change: 1.3344), TF Ratio: 0.862
[2026-06-15 16:58:13,731][root][INFO] - Epoch [3/5], Batch [92/300], Loss: 1.0774 (Overall: 0.5594, Change: 1.2452), TF Ratio: 0.862
[2026-06-15 16:58:13,887][root][INFO] - Epoch [3/5], Batch [93/300], Loss: 1.0778 (Overall: 0.8267, Change: 1.4018), TF Ratio: 0.861
[2026-06-15 16:58:14,041][root][INFO] - Epoch [3/5], Batch [94/300], Loss: 1.0735 (Overall: 0.4415, Change: 0.9172), TF Ratio: 0.861
[2026-06-15 16:58:14,193][root][INFO] - Epoch [3/5], Batch [95/300], Loss: 1.0730 (Overall: 0.6989, Change: 1.3521), TF Ratio: 0.861
[2026-06-15 16:58:17,133][root][INFO] - Epoch [3/5], Batch [96/300], Loss: 1.0730 (Overall: 0.7180, Change: 1.4252), TF Ratio: 0.861
[2026-06-15 16:58:17,288][root][INFO] - Epoch [3/5], Batch [97/300], Loss: 1.0726 (Overall: 0.7744, Change: 1.2979), TF Ratio: 0.861
[2026-06-15 16:58:17,441][root][INFO] - Epoch [3/5], Batch [98/300], Loss: 1.0730 (Overall: 0.7843, Change: 1.4387), TF Ratio: 0.860
[2026-06-15 16:58:20,887][root][INFO] - Epoch [3/5], Batch [99/300], Loss: 1.0719 (Overall: 0.5584, Change: 1.3683), TF Ratio: 0.860
[2026-06-15 16:58:29,720][root][INFO] - Epoch [3/5], Batch [100/300], Loss: 1.0729 (Overall: 0.9600, Change: 1.3807), TF Ratio: 0.860
[2026-06-15 16:58:29,877][root][INFO] - Epoch [3/5], Batch [101/300], Loss: 1.0742 (Overall: 0.8719, Change: 1.5395), TF Ratio: 0.860
[2026-06-15 16:58:30,029][root][INFO] - Epoch [3/5], Batch [102/300], Loss: 1.0740 (Overall: 0.7904, Change: 1.3184), TF Ratio: 0.860
[2026-06-15 16:58:30,181][root][INFO] - Epoch [3/5], Batch [103/300], Loss: 1.0739 (Overall: 0.7850, Change: 1.3317), TF Ratio: 0.859
[2026-06-15 16:58:30,482][root][INFO] - Epoch [3/5], Batch [104/300], Loss: 1.0736 (Overall: 0.8505, Change: 1.2494), TF Ratio: 0.859
[2026-06-15 16:58:30,635][root][INFO] - Epoch [3/5], Batch [105/300], Loss: 1.0763 (Overall: 1.1626, Change: 1.5338), TF Ratio: 0.859
[2026-06-15 16:58:30,787][root][INFO] - Epoch [3/5], Batch [106/300], Loss: 1.0775 (Overall: 1.0245, Change: 1.3975), TF Ratio: 0.859
[2026-06-15 16:58:32,244][root][INFO] - Epoch [3/5], Batch [107/300], Loss: 1.0782 (Overall: 0.7433, Change: 1.5659), TF Ratio: 0.859
[2026-06-15 16:58:41,265][root][INFO] - Epoch [3/5], Batch [108/300], Loss: 1.0775 (Overall: 0.7230, Change: 1.2702), TF Ratio: 0.858
[2026-06-15 16:58:41,419][root][INFO] - Epoch [3/5], Batch [109/300], Loss: 1.0773 (Overall: 1.1681, Change: 0.9552), TF Ratio: 0.858
[2026-06-15 16:58:41,572][root][INFO] - Epoch [3/5], Batch [110/300], Loss: 1.0785 (Overall: 0.5849, Change: 1.8132), TF Ratio: 0.858
[2026-06-15 16:58:41,724][root][INFO] - Epoch [3/5], Batch [111/300], Loss: 1.0763 (Overall: 0.5533, Change: 1.1187), TF Ratio: 0.858
[2026-06-15 16:58:41,932][root][INFO] - Epoch [3/5], Batch [112/300], Loss: 1.0772 (Overall: 0.9114, Change: 1.4581), TF Ratio: 0.858
[2026-06-15 16:58:42,085][root][INFO] - Epoch [3/5], Batch [113/300], Loss: 1.0768 (Overall: 0.6430, Change: 1.4068), TF Ratio: 0.857
[2026-06-15 16:58:42,237][root][INFO] - Epoch [3/5], Batch [114/300], Loss: 1.0785 (Overall: 0.8954, Change: 1.6471), TF Ratio: 0.857
[2026-06-15 16:58:50,090][root][INFO] - Epoch [3/5], Batch [115/300], Loss: 1.0779 (Overall: 0.6495, Change: 1.3672), TF Ratio: 0.857
[2026-06-15 16:58:56,569][root][INFO] - Epoch [3/5], Batch [116/300], Loss: 1.0778 (Overall: 0.7796, Change: 1.3690), TF Ratio: 0.857
[2026-06-15 16:58:56,722][root][INFO] - Epoch [3/5], Batch [117/300], Loss: 1.0795 (Overall: 0.7667, Change: 1.7876), TF Ratio: 0.857
[2026-06-15 16:58:56,874][root][INFO] - Epoch [3/5], Batch [118/300], Loss: 1.0774 (Overall: 0.6072, Change: 1.0484), TF Ratio: 0.856
[2026-06-15 16:58:57,026][root][INFO] - Epoch [3/5], Batch [119/300], Loss: 1.0769 (Overall: 0.5191, Change: 1.5052), TF Ratio: 0.856
[2026-06-15 16:58:58,169][root][INFO] - Epoch [3/5], Batch [120/300], Loss: 1.0785 (Overall: 1.0305, Change: 1.5046), TF Ratio: 0.856
[2026-06-15 16:58:58,322][root][INFO] - Epoch [3/5], Batch [121/300], Loss: 1.0785 (Overall: 0.7763, Change: 1.4005), TF Ratio: 0.856
[2026-06-15 16:58:58,473][root][INFO] - Epoch [3/5], Batch [122/300], Loss: 1.0792 (Overall: 0.5525, Change: 1.7576), TF Ratio: 0.856
[2026-06-15 16:59:03,255][root][INFO] - Epoch [3/5], Batch [123/300], Loss: 1.0815 (Overall: 1.1953, Change: 1.5464), TF Ratio: 0.855
[2026-06-15 16:59:09,395][root][INFO] - Epoch [3/5], Batch [124/300], Loss: 1.0817 (Overall: 0.5969, Change: 1.6067), TF Ratio: 0.855
[2026-06-15 16:59:09,551][root][INFO] - Epoch [3/5], Batch [125/300], Loss: 1.0778 (Overall: 0.4447, Change: 0.7423), TF Ratio: 0.855
[2026-06-15 16:59:09,704][root][INFO] - Epoch [3/5], Batch [126/300], Loss: 1.0771 (Overall: 0.6449, Change: 1.3380), TF Ratio: 0.855
[2026-06-15 16:59:09,856][root][INFO] - Epoch [3/5], Batch [127/300], Loss: 1.0779 (Overall: 0.6491, Change: 1.7001), TF Ratio: 0.855
[2026-06-15 16:59:12,295][root][INFO] - Epoch [3/5], Batch [128/300], Loss: 1.0763 (Overall: 0.6421, Change: 1.1182), TF Ratio: 0.854
[2026-06-15 16:59:12,449][root][INFO] - Epoch [3/5], Batch [129/300], Loss: 1.0754 (Overall: 0.8311, Change: 1.0762), TF Ratio: 0.854
[2026-06-15 16:59:12,601][root][INFO] - Epoch [3/5], Batch [130/300], Loss: 1.0730 (Overall: 0.6056, Change: 0.9336), TF Ratio: 0.854
[2026-06-15 16:59:26,508][root][INFO] - Epoch [3/5], Batch [131/300], Loss: 1.0715 (Overall: 0.6666, Change: 1.0810), TF Ratio: 0.854
[2026-06-15 16:59:27,609][root][INFO] - Epoch [3/5], Batch [132/300], Loss: 1.0686 (Overall: 0.4671, Change: 0.9163), TF Ratio: 0.854
[2026-06-15 16:59:27,762][root][INFO] - Epoch [3/5], Batch [133/300], Loss: 1.0685 (Overall: 0.7138, Change: 1.3903), TF Ratio: 0.853
[2026-06-15 16:59:27,914][root][INFO] - Epoch [3/5], Batch [134/300], Loss: 1.0666 (Overall: 0.6328, Change: 0.9956), TF Ratio: 0.853
[2026-06-15 16:59:28,067][root][INFO] - Epoch [3/5], Batch [135/300], Loss: 1.0659 (Overall: 0.7028, Change: 1.2421), TF Ratio: 0.853
[2026-06-15 16:59:28,234][root][INFO] - Epoch [3/5], Batch [136/300], Loss: 1.0650 (Overall: 0.7747, Change: 1.1010), TF Ratio: 0.853
[2026-06-15 16:59:28,402][root][INFO] - Epoch [3/5], Batch [137/300], Loss: 1.0638 (Overall: 0.4991, Change: 1.3076), TF Ratio: 0.853
[2026-06-15 16:59:28,556][root][INFO] - Epoch [3/5], Batch [138/300], Loss: 1.0639 (Overall: 0.7121, Change: 1.4506), TF Ratio: 0.852
[2026-06-15 16:59:37,968][root][INFO] - Epoch [3/5], Batch [139/300], Loss: 1.0642 (Overall: 0.9903, Change: 1.2120), TF Ratio: 0.852
[2026-06-15 16:59:40,532][root][INFO] - Epoch [3/5], Batch [140/300], Loss: 1.0649 (Overall: 0.5683, Change: 1.7633), TF Ratio: 0.852
[2026-06-15 16:59:40,687][root][INFO] - Epoch [3/5], Batch [141/300], Loss: 1.0632 (Overall: 0.5506, Change: 1.1052), TF Ratio: 0.852
[2026-06-15 16:59:40,840][root][INFO] - Epoch [3/5], Batch [142/300], Loss: 1.0626 (Overall: 0.6731, Change: 1.2790), TF Ratio: 0.852
[2026-06-15 16:59:40,992][root][INFO] - Epoch [3/5], Batch [143/300], Loss: 1.0614 (Overall: 0.6277, Change: 1.1622), TF Ratio: 0.851
[2026-06-15 16:59:41,485][root][INFO] - Epoch [3/5], Batch [144/300], Loss: 1.0623 (Overall: 0.7861, Change: 1.5992), TF Ratio: 0.851
[2026-06-15 16:59:41,639][root][INFO] - Epoch [3/5], Batch [145/300], Loss: 1.0616 (Overall: 0.7729, Change: 1.1393), TF Ratio: 0.851
[2026-06-15 16:59:41,791][root][INFO] - Epoch [3/5], Batch [146/300], Loss: 1.0626 (Overall: 1.0058, Change: 1.4182), TF Ratio: 0.851
[2026-06-15 16:59:49,765][root][INFO] - Epoch [3/5], Batch [147/300], Loss: 1.0623 (Overall: 0.5832, Change: 1.4497), TF Ratio: 0.851
[2026-06-15 16:59:55,050][root][INFO] - Epoch [3/5], Batch [148/300], Loss: 1.0615 (Overall: 0.6703, Change: 1.2166), TF Ratio: 0.850
[2026-06-15 16:59:55,203][root][INFO] - Epoch [3/5], Batch [149/300], Loss: 1.0623 (Overall: 0.9618, Change: 1.3906), TF Ratio: 0.850
[2026-06-15 16:59:55,355][root][INFO] - Epoch [3/5], Batch [150/300], Loss: 1.0601 (Overall: 0.7395, Change: 0.7143), TF Ratio: 0.850
[2026-06-15 16:59:55,507][root][INFO] - Epoch [3/5], Batch [151/300], Loss: 1.0616 (Overall: 0.9112, Change: 1.6646), TF Ratio: 0.850
[2026-06-15 16:59:59,666][root][INFO] - Epoch [3/5], Batch [152/300], Loss: 1.0616 (Overall: 0.6687, Change: 1.4689), TF Ratio: 0.850
[2026-06-15 16:59:59,820][root][INFO] - Epoch [3/5], Batch [153/300], Loss: 1.0614 (Overall: 0.7210, Change: 1.3374), TF Ratio: 0.849
[2026-06-15 16:59:59,971][root][INFO] - Epoch [3/5], Batch [154/300], Loss: 1.0618 (Overall: 0.8035, Change: 1.4300), TF Ratio: 0.849
[2026-06-15 17:00:07,924][root][INFO] - Epoch [3/5], Batch [155/300], Loss: 1.0628 (Overall: 1.0403, Change: 1.4071), TF Ratio: 0.849
[2026-06-15 17:00:22,114][root][INFO] - Epoch [3/5], Batch [156/300], Loss: 1.0612 (Overall: 0.7039, Change: 0.9250), TF Ratio: 0.849
[2026-06-15 17:00:22,268][root][INFO] - Epoch [3/5], Batch [157/300], Loss: 1.0610 (Overall: 0.8333, Change: 1.2146), TF Ratio: 0.849
[2026-06-15 17:00:22,420][root][INFO] - Epoch [3/5], Batch [158/300], Loss: 1.0604 (Overall: 0.5673, Change: 1.3751), TF Ratio: 0.848
[2026-06-15 17:00:22,572][root][INFO] - Epoch [3/5], Batch [159/300], Loss: 1.0613 (Overall: 0.9512, Change: 1.4516), TF Ratio: 0.848
[2026-06-15 17:00:22,740][root][INFO] - Epoch [3/5], Batch [160/300], Loss: 1.0600 (Overall: 0.4595, Change: 1.2442), TF Ratio: 0.848
[2026-06-15 17:00:22,893][root][INFO] - Epoch [3/5], Batch [161/300], Loss: 1.0590 (Overall: 0.5504, Change: 1.2502), TF Ratio: 0.848
[2026-06-15 17:00:23,052][root][INFO] - Epoch [3/5], Batch [162/300], Loss: 1.0575 (Overall: 0.5671, Change: 1.0596), TF Ratio: 0.848
[2026-06-15 17:00:26,068][root][INFO] - Epoch [3/5], Batch [163/300], Loss: 1.0573 (Overall: 0.7912, Change: 1.2774), TF Ratio: 0.847
[2026-06-15 17:00:37,886][root][INFO] - Epoch [3/5], Batch [164/300], Loss: 1.0581 (Overall: 0.9223, Change: 1.4506), TF Ratio: 0.847
[2026-06-15 17:00:38,040][root][INFO] - Epoch [3/5], Batch [165/300], Loss: 1.0602 (Overall: 0.9794, Change: 1.8066), TF Ratio: 0.847
[2026-06-15 17:00:38,193][root][INFO] - Epoch [3/5], Batch [166/300], Loss: 1.0597 (Overall: 0.5489, Change: 1.4053), TF Ratio: 0.847
[2026-06-15 17:00:38,345][root][INFO] - Epoch [3/5], Batch [167/300], Loss: 1.0600 (Overall: 0.9694, Change: 1.2736), TF Ratio: 0.847
[2026-06-15 17:00:38,514][root][INFO] - Epoch [3/5], Batch [168/300], Loss: 1.0616 (Overall: 0.6136, Change: 2.0224), TF Ratio: 0.846
[2026-06-15 17:00:38,667][root][INFO] - Epoch [3/5], Batch [169/300], Loss: 1.0598 (Overall: 0.5122, Change: 1.0315), TF Ratio: 0.846
[2026-06-15 17:00:38,819][root][INFO] - Epoch [3/5], Batch [170/300], Loss: 1.0598 (Overall: 0.8004, Change: 1.3013), TF Ratio: 0.846
[2026-06-15 17:00:45,821][root][INFO] - Epoch [3/5], Batch [171/300], Loss: 1.0598 (Overall: 0.7142, Change: 1.4205), TF Ratio: 0.846
[2026-06-15 17:00:54,803][root][INFO] - Epoch [3/5], Batch [172/300], Loss: 1.0578 (Overall: 0.5102, Change: 0.9076), TF Ratio: 0.846
[2026-06-15 17:00:54,958][root][INFO] - Epoch [3/5], Batch [173/300], Loss: 1.0566 (Overall: 0.6118, Change: 1.0877), TF Ratio: 0.845
[2026-06-15 17:00:55,111][root][INFO] - Epoch [3/5], Batch [174/300], Loss: 1.0560 (Overall: 0.4821, Change: 1.4281), TF Ratio: 0.845
[2026-06-15 17:00:55,265][root][INFO] - Epoch [3/5], Batch [175/300], Loss: 1.0559 (Overall: 0.5221, Change: 1.5363), TF Ratio: 0.845
[2026-06-15 17:00:55,430][root][INFO] - Epoch [3/5], Batch [176/300], Loss: 1.0556 (Overall: 0.7998, Change: 1.2291), TF Ratio: 0.845
[2026-06-15 17:00:55,584][root][INFO] - Epoch [3/5], Batch [177/300], Loss: 1.0565 (Overall: 0.8727, Change: 1.5515), TF Ratio: 0.845
[2026-06-15 17:00:55,736][root][INFO] - Epoch [3/5], Batch [178/300], Loss: 1.0575 (Overall: 0.9545, Change: 1.4944), TF Ratio: 0.844
[2026-06-15 17:00:57,274][root][INFO] - Epoch [3/5], Batch [179/300], Loss: 1.0584 (Overall: 0.7117, Change: 1.7296), TF Ratio: 0.844
[2026-06-15 17:01:07,196][root][INFO] - Epoch [3/5], Batch [180/300], Loss: 1.0571 (Overall: 0.6064, Change: 1.0596), TF Ratio: 0.844
[2026-06-15 17:01:07,353][root][INFO] - Epoch [3/5], Batch [181/300], Loss: 1.0565 (Overall: 0.5924, Change: 1.2916), TF Ratio: 0.844
[2026-06-15 17:01:07,506][root][INFO] - Epoch [3/5], Batch [182/300], Loss: 1.0559 (Overall: 0.6593, Change: 1.2610), TF Ratio: 0.844
[2026-06-15 17:01:07,659][root][INFO] - Epoch [3/5], Batch [183/300], Loss: 1.0569 (Overall: 0.9327, Change: 1.5258), TF Ratio: 0.843
[2026-06-15 17:01:07,830][root][INFO] - Epoch [3/5], Batch [184/300], Loss: 1.0569 (Overall: 0.7140, Change: 1.3856), TF Ratio: 0.843
[2026-06-15 17:01:07,984][root][INFO] - Epoch [3/5], Batch [185/300], Loss: 1.0560 (Overall: 0.4908, Change: 1.3132), TF Ratio: 0.843
[2026-06-15 17:01:08,136][root][INFO] - Epoch [3/5], Batch [186/300], Loss: 1.0577 (Overall: 1.0744, Change: 1.6713), TF Ratio: 0.843
[2026-06-15 17:01:13,489][root][INFO] - Epoch [3/5], Batch [187/300], Loss: 1.0577 (Overall: 0.9380, Change: 1.1743), TF Ratio: 0.843
[2026-06-15 17:01:22,089][root][INFO] - Epoch [3/5], Batch [188/300], Loss: 1.0582 (Overall: 0.7847, Change: 1.4967), TF Ratio: 0.842
[2026-06-15 17:01:22,245][root][INFO] - Epoch [3/5], Batch [189/300], Loss: 1.0579 (Overall: 1.0605, Change: 0.9652), TF Ratio: 0.842
[2026-06-15 17:01:22,397][root][INFO] - Epoch [3/5], Batch [190/300], Loss: 1.0571 (Overall: 0.7453, Change: 1.0492), TF Ratio: 0.842
[2026-06-15 17:01:22,550][root][INFO] - Epoch [3/5], Batch [191/300], Loss: 1.0575 (Overall: 0.8206, Change: 1.4532), TF Ratio: 0.842
[2026-06-15 17:01:22,726][root][INFO] - Epoch [3/5], Batch [192/300], Loss: 1.0558 (Overall: 0.6130, Change: 0.8497), TF Ratio: 0.842
[2026-06-15 17:01:22,880][root][INFO] - Epoch [3/5], Batch [193/300], Loss: 1.0557 (Overall: 1.0064, Change: 1.0583), TF Ratio: 0.841
[2026-06-15 17:01:23,032][root][INFO] - Epoch [3/5], Batch [194/300], Loss: 1.0547 (Overall: 0.6284, Change: 1.0983), TF Ratio: 0.841
[2026-06-15 17:01:26,770][root][INFO] - Epoch [3/5], Batch [195/300], Loss: 1.0556 (Overall: 0.8923, Change: 1.5929), TF Ratio: 0.841
[2026-06-15 17:01:41,037][root][INFO] - Epoch [3/5], Batch [196/300], Loss: 1.0551 (Overall: 0.7860, Change: 1.1259), TF Ratio: 0.841
[2026-06-15 17:01:41,194][root][INFO] - Epoch [3/5], Batch [197/300], Loss: 1.0550 (Overall: 0.8889, Change: 1.1858), TF Ratio: 0.841
[2026-06-15 17:01:41,346][root][INFO] - Epoch [3/5], Batch [198/300], Loss: 1.0545 (Overall: 0.9177, Change: 0.9717), TF Ratio: 0.840
[2026-06-15 17:01:41,498][root][INFO] - Epoch [3/5], Batch [199/300], Loss: 1.0562 (Overall: 1.1551, Change: 1.6379), TF Ratio: 0.840
[2026-06-15 17:01:41,669][root][INFO] - Epoch [3/5], Batch [200/300], Loss: 1.0570 (Overall: 1.0012, Change: 1.4111), TF Ratio: 0.840
[2026-06-15 17:01:41,846][root][INFO] - Epoch [3/5], Batch [201/300], Loss: 1.0558 (Overall: 0.6206, Change: 1.0275), TF Ratio: 0.840
[2026-06-15 17:01:41,998][root][INFO] - Epoch [3/5], Batch [202/300], Loss: 1.0556 (Overall: 0.6683, Change: 1.3524), TF Ratio: 0.840
[2026-06-15 17:01:42,151][root][INFO] - Epoch [3/5], Batch [203/300], Loss: 1.0540 (Overall: 0.5337, Change: 0.9416), TF Ratio: 0.839
[2026-06-15 17:01:53,968][root][INFO] - Epoch [3/5], Batch [204/300], Loss: 1.0535 (Overall: 0.5898, Change: 1.3292), TF Ratio: 0.839
[2026-06-15 17:01:54,124][root][INFO] - Epoch [3/5], Batch [205/300], Loss: 1.0530 (Overall: 0.5522, Change: 1.3263), TF Ratio: 0.839
[2026-06-15 17:01:54,276][root][INFO] - Epoch [3/5], Batch [206/300], Loss: 1.0536 (Overall: 0.9720, Change: 1.4032), TF Ratio: 0.839
[2026-06-15 17:01:54,428][root][INFO] - Epoch [3/5], Batch [207/300], Loss: 1.0540 (Overall: 0.7312, Change: 1.5342), TF Ratio: 0.839
[2026-06-15 17:01:54,606][root][INFO] - Epoch [3/5], Batch [208/300], Loss: 1.0536 (Overall: 0.8261, Change: 1.1074), TF Ratio: 0.838
[2026-06-15 17:01:54,761][root][INFO] - Epoch [3/5], Batch [209/300], Loss: 1.0536 (Overall: 0.7295, Change: 1.3800), TF Ratio: 0.838
[2026-06-15 17:01:54,913][root][INFO] - Epoch [3/5], Batch [210/300], Loss: 1.0537 (Overall: 0.6566, Change: 1.4860), TF Ratio: 0.838
[2026-06-15 17:01:55,066][root][INFO] - Epoch [3/5], Batch [211/300], Loss: 1.0535 (Overall: 0.5095, Change: 1.5373), TF Ratio: 0.838
[2026-06-15 17:02:19,042][root][INFO] - Epoch [3/5], Batch [212/300], Loss: 1.0540 (Overall: 0.6595, Change: 1.6273), TF Ratio: 0.838
[2026-06-15 17:02:19,197][root][INFO] - Epoch [3/5], Batch [213/300], Loss: 1.0550 (Overall: 1.0214, Change: 1.5401), TF Ratio: 0.837
[2026-06-15 17:02:19,348][root][INFO] - Epoch [3/5], Batch [214/300], Loss: 1.0552 (Overall: 0.9730, Change: 1.2112), TF Ratio: 0.837
[2026-06-15 17:02:19,500][root][INFO] - Epoch [3/5], Batch [215/300], Loss: 1.0550 (Overall: 0.7083, Change: 1.3303), TF Ratio: 0.837
[2026-06-15 17:02:19,671][root][INFO] - Epoch [3/5], Batch [216/300], Loss: 1.0556 (Overall: 0.8942, Change: 1.4549), TF Ratio: 0.837
[2026-06-15 17:02:19,824][root][INFO] - Epoch [3/5], Batch [217/300], Loss: 1.0542 (Overall: 0.4231, Change: 1.0756), TF Ratio: 0.837
[2026-06-15 17:02:19,976][root][INFO] - Epoch [3/5], Batch [218/300], Loss: 1.0542 (Overall: 0.7918, Change: 1.3369), TF Ratio: 0.836
[2026-06-15 17:02:20,128][root][INFO] - Epoch [3/5], Batch [219/300], Loss: 1.0548 (Overall: 0.8489, Change: 1.5222), TF Ratio: 0.836
[2026-06-15 17:02:37,406][root][INFO] - Epoch [3/5], Batch [220/300], Loss: 1.0550 (Overall: 0.7271, Change: 1.4456), TF Ratio: 0.836
[2026-06-15 17:02:37,560][root][INFO] - Epoch [3/5], Batch [221/300], Loss: 1.0561 (Overall: 0.9000, Change: 1.7261), TF Ratio: 0.836
[2026-06-15 17:02:37,713][root][INFO] - Epoch [3/5], Batch [222/300], Loss: 1.0562 (Overall: 0.8670, Change: 1.2524), TF Ratio: 0.836
[2026-06-15 17:02:37,865][root][INFO] - Epoch [3/5], Batch [223/300], Loss: 1.0572 (Overall: 1.1821, Change: 1.3952), TF Ratio: 0.835
[2026-06-15 17:02:38,032][root][INFO] - Epoch [3/5], Batch [224/300], Loss: 1.0568 (Overall: 0.6089, Change: 1.3482), TF Ratio: 0.835
[2026-06-15 17:02:38,184][root][INFO] - Epoch [3/5], Batch [225/300], Loss: 1.0587 (Overall: 0.9377, Change: 2.0180), TF Ratio: 0.835
[2026-06-15 17:02:38,336][root][INFO] - Epoch [3/5], Batch [226/300], Loss: 1.0581 (Overall: 0.5825, Change: 1.2482), TF Ratio: 0.835
[2026-06-15 17:02:38,489][root][INFO] - Epoch [3/5], Batch [227/300], Loss: 1.0582 (Overall: 0.5996, Change: 1.5704), TF Ratio: 0.835
[2026-06-15 17:03:04,985][root][INFO] - Epoch [3/5], Batch [228/300], Loss: 1.0584 (Overall: 0.7574, Change: 1.4332), TF Ratio: 0.834
[2026-06-15 17:03:05,140][root][INFO] - Epoch [3/5], Batch [229/300], Loss: 1.0586 (Overall: 1.0898, Change: 1.1165), TF Ratio: 0.834
[2026-06-15 17:03:05,291][root][INFO] - Epoch [3/5], Batch [230/300], Loss: 1.0575 (Overall: 0.5764, Change: 1.0511), TF Ratio: 0.834
[2026-06-15 17:03:05,444][root][INFO] - Epoch [3/5], Batch [231/300], Loss: 1.0577 (Overall: 0.5997, Change: 1.5930), TF Ratio: 0.834
[2026-06-15 17:03:05,610][root][INFO] - Epoch [3/5], Batch [232/300], Loss: 1.0576 (Overall: 0.7135, Change: 1.3658), TF Ratio: 0.834
[2026-06-15 17:03:05,763][root][INFO] - Epoch [3/5], Batch [233/300], Loss: 1.0570 (Overall: 0.7205, Change: 1.1310), TF Ratio: 0.833
[2026-06-15 17:03:05,916][root][INFO] - Epoch [3/5], Batch [234/300], Loss: 1.0570 (Overall: 0.6830, Change: 1.4240), TF Ratio: 0.833
[2026-06-15 17:03:06,069][root][INFO] - Epoch [3/5], Batch [235/300], Loss: 1.0559 (Overall: 0.5689, Change: 1.0366), TF Ratio: 0.833
[2026-06-15 17:03:21,092][root][INFO] - Epoch [3/5], Batch [236/300], Loss: 1.0563 (Overall: 0.8009, Change: 1.4744), TF Ratio: 0.833
[2026-06-15 17:03:21,246][root][INFO] - Epoch [3/5], Batch [237/300], Loss: 1.0564 (Overall: 0.6830, Change: 1.4896), TF Ratio: 0.833
[2026-06-15 17:03:21,398][root][INFO] - Epoch [3/5], Batch [238/300], Loss: 1.0555 (Overall: 0.4202, Change: 1.2503), TF Ratio: 0.832
[2026-06-15 17:03:21,550][root][INFO] - Epoch [3/5], Batch [239/300], Loss: 1.0552 (Overall: 0.7119, Change: 1.2748), TF Ratio: 0.832
[2026-06-15 17:03:21,719][root][INFO] - Epoch [3/5], Batch [240/300], Loss: 1.0540 (Overall: 0.5890, Change: 0.9612), TF Ratio: 0.832
[2026-06-15 17:03:21,872][root][INFO] - Epoch [3/5], Batch [241/300], Loss: 1.0537 (Overall: 0.8470, Change: 1.1083), TF Ratio: 0.832
[2026-06-15 17:03:22,031][root][INFO] - Epoch [3/5], Batch [242/300], Loss: 1.0543 (Overall: 0.9580, Change: 1.4052), TF Ratio: 0.832
[2026-06-15 17:03:22,184][root][INFO] - Epoch [3/5], Batch [243/300], Loss: 1.0549 (Overall: 0.9462, Change: 1.4949), TF Ratio: 0.831
[2026-06-15 17:03:36,561][root][INFO] - Epoch [3/5], Batch [244/300], Loss: 1.0566 (Overall: 1.3252, Change: 1.5902), TF Ratio: 0.831
[2026-06-15 17:03:36,715][root][INFO] - Epoch [3/5], Batch [245/300], Loss: 1.0561 (Overall: 0.4081, Change: 1.4874), TF Ratio: 0.831
[2026-06-15 17:03:36,867][root][INFO] - Epoch [3/5], Batch [246/300], Loss: 1.0560 (Overall: 0.6745, Change: 1.3763), TF Ratio: 0.831
[2026-06-15 17:03:37,019][root][INFO] - Epoch [3/5], Batch [247/300], Loss: 1.0558 (Overall: 0.6365, Change: 1.3655), TF Ratio: 0.831
[2026-06-15 17:03:37,184][root][INFO] - Epoch [3/5], Batch [248/300], Loss: 1.0558 (Overall: 0.6323, Change: 1.5008), TF Ratio: 0.830
[2026-06-15 17:03:37,337][root][INFO] - Epoch [3/5], Batch [249/300], Loss: 1.0566 (Overall: 0.8982, Change: 1.5828), TF Ratio: 0.830
[2026-06-15 17:03:37,489][root][INFO] - Epoch [3/5], Batch [250/300], Loss: 1.0558 (Overall: 0.7619, Change: 0.9409), TF Ratio: 0.830
[2026-06-15 17:03:37,641][root][INFO] - Epoch [3/5], Batch [251/300], Loss: 1.0559 (Overall: 0.7594, Change: 1.4008), TF Ratio: 0.830
[2026-06-15 17:03:51,116][root][INFO] - Epoch [3/5], Batch [252/300], Loss: 1.0568 (Overall: 1.0405, Change: 1.5408), TF Ratio: 0.830
[2026-06-15 17:03:51,274][root][INFO] - Epoch [3/5], Batch [253/300], Loss: 1.0569 (Overall: 0.6703, Change: 1.5063), TF Ratio: 0.829
[2026-06-15 17:03:51,427][root][INFO] - Epoch [3/5], Batch [254/300], Loss: 1.0565 (Overall: 0.6598, Change: 1.2594), TF Ratio: 0.829
[2026-06-15 17:03:51,580][root][INFO] - Epoch [3/5], Batch [255/300], Loss: 1.0560 (Overall: 0.8170, Change: 1.0304), TF Ratio: 0.829
[2026-06-15 17:03:51,749][root][INFO] - Epoch [3/5], Batch [256/300], Loss: 1.0561 (Overall: 0.7124, Change: 1.4243), TF Ratio: 0.829
[2026-06-15 17:03:51,905][root][INFO] - Epoch [3/5], Batch [257/300], Loss: 1.0567 (Overall: 0.9078, Change: 1.5316), TF Ratio: 0.829
[2026-06-15 17:03:52,057][root][INFO] - Epoch [3/5], Batch [258/300], Loss: 1.0565 (Overall: 0.6781, Change: 1.3176), TF Ratio: 0.828
[2026-06-15 17:03:52,210][root][INFO] - Epoch [3/5], Batch [259/300], Loss: 1.0562 (Overall: 0.8006, Change: 1.1601), TF Ratio: 0.828
[2026-06-15 17:04:06,271][root][INFO] - Epoch [3/5], Batch [260/300], Loss: 1.0561 (Overall: 0.6869, Change: 1.3935), TF Ratio: 0.828
[2026-06-15 17:04:06,425][root][INFO] - Epoch [3/5], Batch [261/300], Loss: 1.0559 (Overall: 0.9312, Change: 1.0731), TF Ratio: 0.828
[2026-06-15 17:04:06,577][root][INFO] - Epoch [3/5], Batch [262/300], Loss: 1.0548 (Overall: 0.4992, Change: 1.0092), TF Ratio: 0.828
[2026-06-15 17:04:06,728][root][INFO] - Epoch [3/5], Batch [263/300], Loss: 1.0550 (Overall: 0.8178, Change: 1.4024), TF Ratio: 0.827
[2026-06-15 17:04:06,891][root][INFO] - Epoch [3/5], Batch [264/300], Loss: 1.0550 (Overall: 0.7006, Change: 1.4244), TF Ratio: 0.827
[2026-06-15 17:04:07,044][root][INFO] - Epoch [3/5], Batch [265/300], Loss: 1.0547 (Overall: 0.7384, Change: 1.2369), TF Ratio: 0.827
[2026-06-15 17:04:07,198][root][INFO] - Epoch [3/5], Batch [266/300], Loss: 1.0543 (Overall: 0.5965, Change: 1.2722), TF Ratio: 0.827
[2026-06-15 17:04:07,350][root][INFO] - Epoch [3/5], Batch [267/300], Loss: 1.0537 (Overall: 0.6941, Change: 1.0820), TF Ratio: 0.827
[2026-06-15 17:04:19,451][root][INFO] - Epoch [3/5], Batch [268/300], Loss: 1.0542 (Overall: 0.4956, Change: 1.8761), TF Ratio: 0.826
[2026-06-15 17:04:19,610][root][INFO] - Epoch [3/5], Batch [269/300], Loss: 1.0539 (Overall: 0.7445, Change: 1.2013), TF Ratio: 0.826
[2026-06-15 17:04:19,762][root][INFO] - Epoch [3/5], Batch [270/300], Loss: 1.0537 (Overall: 0.5849, Change: 1.4483), TF Ratio: 0.826
[2026-06-15 17:04:19,915][root][INFO] - Epoch [3/5], Batch [271/300], Loss: 1.0537 (Overall: 0.8018, Change: 1.3030), TF Ratio: 0.826
[2026-06-15 17:04:20,091][root][INFO] - Epoch [3/5], Batch [272/300], Loss: 1.0533 (Overall: 0.6623, Change: 1.2370), TF Ratio: 0.826
[2026-06-15 17:04:20,245][root][INFO] - Epoch [3/5], Batch [273/300], Loss: 1.0534 (Overall: 0.7599, Change: 1.3854), TF Ratio: 0.825
[2026-06-15 17:04:20,397][root][INFO] - Epoch [3/5], Batch [274/300], Loss: 1.0527 (Overall: 0.5477, Change: 1.1619), TF Ratio: 0.825
[2026-06-15 17:04:20,550][root][INFO] - Epoch [3/5], Batch [275/300], Loss: 1.0528 (Overall: 1.0294, Change: 1.1519), TF Ratio: 0.825
[2026-06-15 17:04:43,091][root][INFO] - Epoch [3/5], Batch [276/300], Loss: 1.0522 (Overall: 0.3884, Change: 1.3808), TF Ratio: 0.825
[2026-06-15 17:04:43,245][root][INFO] - Epoch [3/5], Batch [277/300], Loss: 1.0526 (Overall: 0.6949, Change: 1.6512), TF Ratio: 0.825
[2026-06-15 17:04:43,397][root][INFO] - Epoch [3/5], Batch [278/300], Loss: 1.0533 (Overall: 0.9666, Change: 1.4828), TF Ratio: 0.824
[2026-06-15 17:04:43,549][root][INFO] - Epoch [3/5], Batch [279/300], Loss: 1.0524 (Overall: 0.5906, Change: 1.0649), TF Ratio: 0.824
[2026-06-15 17:04:43,713][root][INFO] - Epoch [3/5], Batch [280/300], Loss: 1.0515 (Overall: 0.4641, Change: 1.1349), TF Ratio: 0.824
[2026-06-15 17:04:43,865][root][INFO] - Epoch [3/5], Batch [281/300], Loss: 1.0521 (Overall: 0.8441, Change: 1.5508), TF Ratio: 0.824
[2026-06-15 17:04:44,019][root][INFO] - Epoch [3/5], Batch [282/300], Loss: 1.0523 (Overall: 0.8557, Change: 1.3888), TF Ratio: 0.824
[2026-06-15 17:04:44,171][root][INFO] - Epoch [3/5], Batch [283/300], Loss: 1.0520 (Overall: 0.3370, Change: 1.5853), TF Ratio: 0.823
[2026-06-15 17:04:56,009][root][INFO] - Epoch [3/5], Batch [284/300], Loss: 1.0521 (Overall: 0.6344, Change: 1.5431), TF Ratio: 0.823
[2026-06-15 17:04:56,164][root][INFO] - Epoch [3/5], Batch [285/300], Loss: 1.0527 (Overall: 0.8227, Change: 1.5920), TF Ratio: 0.823
[2026-06-15 17:04:56,315][root][INFO] - Epoch [3/5], Batch [286/300], Loss: 1.0526 (Overall: 0.4440, Change: 1.6065), TF Ratio: 0.823
[2026-06-15 17:04:56,466][root][INFO] - Epoch [3/5], Batch [287/300], Loss: 1.0514 (Overall: 0.5725, Change: 0.8692), TF Ratio: 0.823
[2026-06-15 17:04:56,632][root][INFO] - Epoch [3/5], Batch [288/300], Loss: 1.0503 (Overall: 0.6050, Change: 0.8841), TF Ratio: 0.822
[2026-06-15 17:04:56,784][root][INFO] - Epoch [3/5], Batch [289/300], Loss: 1.0508 (Overall: 1.0420, Change: 1.3255), TF Ratio: 0.822
[2026-06-15 17:04:56,936][root][INFO] - Epoch [3/5], Batch [290/300], Loss: 1.0502 (Overall: 0.6064, Change: 1.1563), TF Ratio: 0.822
[2026-06-15 17:04:57,089][root][INFO] - Epoch [3/5], Batch [291/300], Loss: 1.0493 (Overall: 0.4098, Change: 1.1500), TF Ratio: 0.822
[2026-06-15 17:05:09,793][root][INFO] - Epoch [3/5], Batch [292/300], Loss: 1.0487 (Overall: 0.6554, Change: 1.0932), TF Ratio: 0.822
[2026-06-15 17:05:09,949][root][INFO] - Epoch [3/5], Batch [293/300], Loss: 1.0488 (Overall: 0.7296, Change: 1.4444), TF Ratio: 0.821
[2026-06-15 17:05:10,101][root][INFO] - Epoch [3/5], Batch [294/300], Loss: 1.0494 (Overall: 0.7559, Change: 1.6609), TF Ratio: 0.821
[2026-06-15 17:05:10,254][root][INFO] - Epoch [3/5], Batch [295/300], Loss: 1.0495 (Overall: 0.7200, Change: 1.4282), TF Ratio: 0.821
[2026-06-15 17:05:10,419][root][INFO] - Epoch [3/5], Batch [296/300], Loss: 1.0489 (Overall: 0.5911, Change: 1.1947), TF Ratio: 0.821
[2026-06-15 17:05:10,572][root][INFO] - Epoch [3/5], Batch [297/300], Loss: 1.0484 (Overall: 0.6453, Change: 1.1654), TF Ratio: 0.821
[2026-06-15 17:05:10,725][root][INFO] - Epoch [3/5], Batch [298/300], Loss: 1.0504 (Overall: 0.4908, Change: 2.7608), TF Ratio: 0.820
[2026-06-15 17:05:10,878][root][INFO] - Epoch [3/5], Batch [299/300], Loss: 1.0509 (Overall: 0.6976, Change: 1.7419), TF Ratio: 0.820
[2026-06-15 17:05:29,859][root][INFO] - Epoch [3/5], Batch [300/300], Loss: 1.0509 (Overall: 0.5998, Change: 1.4493), TF Ratio: 0.820
[2026-06-15 17:05:33,606][root][INFO] - Epoch 3 done. Validating...
[2026-06-15 17:06:24,748][root][INFO] - Epoch [3/5] | Train: 1.0507 | Val: 0.7297
[2026-06-15 17:06:24,943][root][INFO] - Checkpoint saved: /gpfs/scratch/bsc32/bsc096444/ai4land-tfm/trained_models/unet_impl/41825124/model_epoch_3.pth
[2026-06-15 17:06:38,899][root][INFO] - Epoch [4/5], Batch [1/300], Loss: 1.1626 (Overall: 0.8163, Change: 1.5088), TF Ratio: 0.820
[2026-06-15 17:06:39,174][root][INFO] - Epoch [4/5], Batch [2/300], Loss: 1.1492 (Overall: 0.7356, Change: 1.5359), TF Ratio: 0.820
[2026-06-15 17:06:40,347][root][INFO] - Epoch [4/5], Batch [3/300], Loss: 1.0922 (Overall: 0.6020, Change: 1.3543), TF Ratio: 0.819
[2026-06-15 17:06:49,051][root][INFO] - Epoch [4/5], Batch [4/300], Loss: 1.0704 (Overall: 0.6553, Change: 1.3549), TF Ratio: 0.819
[2026-06-15 17:06:49,207][root][INFO] - Epoch [4/5], Batch [5/300], Loss: 1.0371 (Overall: 0.6520, Change: 1.1556), TF Ratio: 0.819
[2026-06-15 17:06:49,360][root][INFO] - Epoch [4/5], Batch [6/300], Loss: 1.0062 (Overall: 0.7157, Change: 0.9877), TF Ratio: 0.819
[2026-06-15 17:06:49,513][root][INFO] - Epoch [4/5], Batch [7/300], Loss: 1.0020 (Overall: 0.6708, Change: 1.2826), TF Ratio: 0.819
[2026-06-15 17:07:07,522][root][INFO] - Epoch [4/5], Batch [8/300], Loss: 1.0146 (Overall: 0.6341, Change: 1.5718), TF Ratio: 0.818
[2026-06-15 17:07:07,675][root][INFO] - Epoch [4/5], Batch [9/300], Loss: 1.0185 (Overall: 0.8540, Change: 1.2448), TF Ratio: 0.818
[2026-06-15 17:07:07,827][root][INFO] - Epoch [4/5], Batch [10/300], Loss: 1.0119 (Overall: 0.6391, Change: 1.2669), TF Ratio: 0.818
[2026-06-15 17:07:07,979][root][INFO] - Epoch [4/5], Batch [11/300], Loss: 1.0149 (Overall: 0.7611, Change: 1.3275), TF Ratio: 0.818
[2026-06-15 17:07:08,145][root][INFO] - Epoch [4/5], Batch [12/300], Loss: 1.0035 (Overall: 0.7127, Change: 1.0456), TF Ratio: 0.818
[2026-06-15 17:07:08,297][root][INFO] - Epoch [4/5], Batch [13/300], Loss: 1.0203 (Overall: 1.1209, Change: 1.3231), TF Ratio: 0.817
[2026-06-15 17:07:08,449][root][INFO] - Epoch [4/5], Batch [14/300], Loss: 1.0257 (Overall: 0.8154, Change: 1.3746), TF Ratio: 0.817
[2026-06-15 17:07:08,601][root][INFO] - Epoch [4/5], Batch [15/300], Loss: 1.0263 (Overall: 0.6242, Change: 1.4455), TF Ratio: 0.817
[2026-06-15 17:07:23,653][root][INFO] - Epoch [4/5], Batch [16/300], Loss: 1.0303 (Overall: 0.7140, Change: 1.4670), TF Ratio: 0.817
[2026-06-15 17:07:23,807][root][INFO] - Epoch [4/5], Batch [17/300], Loss: 1.0179 (Overall: 0.4859, Change: 1.1544), TF Ratio: 0.817
[2026-06-15 17:07:23,960][root][INFO] - Epoch [4/5], Batch [18/300], Loss: 1.0206 (Overall: 0.7090, Change: 1.4237), TF Ratio: 0.816
[2026-06-15 17:07:24,112][root][INFO] - Epoch [4/5], Batch [19/300], Loss: 1.0125 (Overall: 0.8286, Change: 0.9027), TF Ratio: 0.816
[2026-06-15 17:07:24,282][root][INFO] - Epoch [4/5], Batch [20/300], Loss: 1.0248 (Overall: 0.8819, Change: 1.6379), TF Ratio: 0.816
[2026-06-15 17:07:24,435][root][INFO] - Epoch [4/5], Batch [21/300], Loss: 1.0349 (Overall: 0.9584, Change: 1.5121), TF Ratio: 0.816
[2026-06-15 17:07:24,588][root][INFO] - Epoch [4/5], Batch [22/300], Loss: 1.0287 (Overall: 0.5619, Change: 1.2367), TF Ratio: 0.816
[2026-06-15 17:07:24,740][root][INFO] - Epoch [4/5], Batch [23/300], Loss: 1.0328 (Overall: 0.5946, Change: 1.6502), TF Ratio: 0.815
[2026-06-15 17:07:38,293][root][INFO] - Epoch [4/5], Batch [24/300], Loss: 1.0350 (Overall: 1.0102, Change: 1.1636), TF Ratio: 0.815
[2026-06-15 17:07:38,447][root][INFO] - Epoch [4/5], Batch [25/300], Loss: 1.0318 (Overall: 0.6258, Change: 1.2829), TF Ratio: 0.815
[2026-06-15 17:07:38,601][root][INFO] - Epoch [4/5], Batch [26/300], Loss: 1.0278 (Overall: 0.7526, Change: 1.1011), TF Ratio: 0.815
[2026-06-15 17:07:38,754][root][INFO] - Epoch [4/5], Batch [27/300], Loss: 1.0208 (Overall: 0.5052, Change: 1.1719), TF Ratio: 0.815
[2026-06-15 17:07:38,929][root][INFO] - Epoch [4/5], Batch [28/300], Loss: 1.0266 (Overall: 0.6220, Change: 1.7437), TF Ratio: 0.814
[2026-06-15 17:07:39,082][root][INFO] - Epoch [4/5], Batch [29/300], Loss: 1.0297 (Overall: 0.6778, Change: 1.5555), TF Ratio: 0.814
[2026-06-15 17:07:39,235][root][INFO] - Epoch [4/5], Batch [30/300], Loss: 1.0280 (Overall: 0.6002, Change: 1.3598), TF Ratio: 0.814
[2026-06-15 17:07:39,388][root][INFO] - Epoch [4/5], Batch [31/300], Loss: 1.0328 (Overall: 0.8189, Change: 1.5347), TF Ratio: 0.814
[2026-06-15 17:07:52,580][root][INFO] - Epoch [4/5], Batch [32/300], Loss: 1.0325 (Overall: 0.5849, Change: 1.4627), TF Ratio: 0.814
[2026-06-15 17:07:52,736][root][INFO] - Epoch [4/5], Batch [33/300], Loss: 1.0331 (Overall: 0.6945, Change: 1.4084), TF Ratio: 0.813
[2026-06-15 17:07:54,438][root][INFO] - Epoch [4/5], Batch [34/300], Loss: 1.0290 (Overall: 0.4752, Change: 1.3153), TF Ratio: 0.813
[2026-06-15 17:07:54,591][root][INFO] - Epoch [4/5], Batch [35/300], Loss: 1.0279 (Overall: 0.6351, Change: 1.3411), TF Ratio: 0.813
[2026-06-15 17:07:54,755][root][INFO] - Epoch [4/5], Batch [36/300], Loss: 1.0314 (Overall: 0.7119, Change: 1.5980), TF Ratio: 0.813
[2026-06-15 17:07:54,909][root][INFO] - Epoch [4/5], Batch [37/300], Loss: 1.0321 (Overall: 0.8027, Change: 1.3111), TF Ratio: 0.813
[2026-06-15 17:07:55,063][root][INFO] - Epoch [4/5], Batch [38/300], Loss: 1.0344 (Overall: 0.5964, Change: 1.6433), TF Ratio: 0.812
[2026-06-15 17:07:55,215][root][INFO] - Epoch [4/5], Batch [39/300], Loss: 1.0348 (Overall: 0.8170, Change: 1.2811), TF Ratio: 0.812
[2026-06-15 17:08:05,750][root][INFO] - Epoch [4/5], Batch [40/300], Loss: 1.0268 (Overall: 0.5083, Change: 0.9265), TF Ratio: 0.812
[2026-06-15 17:08:05,906][root][INFO] - Epoch [4/5], Batch [41/300], Loss: 1.0228 (Overall: 0.4987, Change: 1.2267), TF Ratio: 0.812
[2026-06-15 17:08:07,235][root][INFO] - Epoch [4/5], Batch [42/300], Loss: 1.0230 (Overall: 0.5929, Change: 1.4648), TF Ratio: 0.812
[2026-06-15 17:08:07,387][root][INFO] - Epoch [4/5], Batch [43/300], Loss: 1.0181 (Overall: 0.6746, Change: 0.9487), TF Ratio: 0.811
[2026-06-15 17:08:07,551][root][INFO] - Epoch [4/5], Batch [44/300], Loss: 1.0155 (Overall: 0.5019, Change: 1.3059), TF Ratio: 0.811
[2026-06-15 17:08:07,705][root][INFO] - Epoch [4/5], Batch [45/300], Loss: 1.0126 (Overall: 0.5552, Change: 1.2190), TF Ratio: 0.811
[2026-06-15 17:08:07,857][root][INFO] - Epoch [4/5], Batch [46/300], Loss: 1.0091 (Overall: 0.5433, Change: 1.1559), TF Ratio: 0.811
[2026-06-15 17:08:08,009][root][INFO] - Epoch [4/5], Batch [47/300], Loss: 1.0054 (Overall: 0.5557, Change: 1.1209), TF Ratio: 0.811
[2026-06-15 17:08:18,874][root][INFO] - Epoch [4/5], Batch [48/300], Loss: 1.0044 (Overall: 0.5849, Change: 1.3288), TF Ratio: 0.810
[2026-06-15 17:08:19,030][root][INFO] - Epoch [4/5], Batch [49/300], Loss: 1.0047 (Overall: 0.6406, Change: 1.3915), TF Ratio: 0.810
[2026-06-15 17:08:23,232][root][INFO] - Epoch [4/5], Batch [50/300], Loss: 1.0063 (Overall: 0.9045, Change: 1.2724), TF Ratio: 0.810
[2026-06-15 17:08:23,385][root][INFO] - Epoch [4/5], Batch [51/300], Loss: 1.0087 (Overall: 0.6511, Change: 1.6035), TF Ratio: 0.810
[2026-06-15 17:08:23,550][root][INFO] - Epoch [4/5], Batch [52/300], Loss: 1.0074 (Overall: 0.6199, Change: 1.2565), TF Ratio: 0.810
[2026-06-15 17:08:23,703][root][INFO] - Epoch [4/5], Batch [53/300], Loss: 1.0088 (Overall: 0.7118, Change: 1.4507), TF Ratio: 0.809
[2026-06-15 17:08:23,856][root][INFO] - Epoch [4/5], Batch [54/300], Loss: 1.0100 (Overall: 0.7904, Change: 1.3619), TF Ratio: 0.809
[2026-06-15 17:08:24,008][root][INFO] - Epoch [4/5], Batch [55/300], Loss: 1.0120 (Overall: 1.0129, Change: 1.2315), TF Ratio: 0.809
[2026-06-15 17:08:32,595][root][INFO] - Epoch [4/5], Batch [56/300], Loss: 1.0106 (Overall: 0.6608, Change: 1.1997), TF Ratio: 0.809
[2026-06-15 17:08:32,750][root][INFO] - Epoch [4/5], Batch [57/300], Loss: 1.0115 (Overall: 0.7457, Change: 1.3817), TF Ratio: 0.809
[2026-06-15 17:08:35,656][root][INFO] - Epoch [4/5], Batch [58/300], Loss: 1.0116 (Overall: 0.7681, Change: 1.2683), TF Ratio: 0.808
[2026-06-15 17:08:35,810][root][INFO] - Epoch [4/5], Batch [59/300], Loss: 1.0086 (Overall: 0.6307, Change: 1.0391), TF Ratio: 0.808
[2026-06-15 17:08:35,975][root][INFO] - Epoch [4/5], Batch [60/300], Loss: 1.0100 (Overall: 0.9077, Change: 1.2710), TF Ratio: 0.808
[2026-06-15 17:08:36,129][root][INFO] - Epoch [4/5], Batch [61/300], Loss: 1.0119 (Overall: 0.7921, Change: 1.4601), TF Ratio: 0.808
[2026-06-15 17:08:36,283][root][INFO] - Epoch [4/5], Batch [62/300], Loss: 1.0102 (Overall: 0.8134, Change: 1.0079), TF Ratio: 0.808
[2026-06-15 17:08:36,436][root][INFO] - Epoch [4/5], Batch [63/300], Loss: 1.0107 (Overall: 0.4248, Change: 1.6493), TF Ratio: 0.807
[2026-06-15 17:08:47,871][root][INFO] - Epoch [4/5], Batch [64/300], Loss: 1.0109 (Overall: 0.7453, Change: 1.3112), TF Ratio: 0.807
[2026-06-15 17:08:48,034][root][INFO] - Epoch [4/5], Batch [65/300], Loss: 1.0100 (Overall: 0.5463, Change: 1.3468), TF Ratio: 0.807
[2026-06-15 17:08:53,892][root][INFO] - Epoch [4/5], Batch [66/300], Loss: 1.0093 (Overall: 0.6703, Change: 1.2606), TF Ratio: 0.807
[2026-06-15 17:08:54,045][root][INFO] - Epoch [4/5], Batch [67/300], Loss: 1.0090 (Overall: 0.7714, Change: 1.2150), TF Ratio: 0.807
[2026-06-15 17:08:54,211][root][INFO] - Epoch [4/5], Batch [68/300], Loss: 1.0101 (Overall: 0.8958, Change: 1.2609), TF Ratio: 0.806
[2026-06-15 17:08:54,364][root][INFO] - Epoch [4/5], Batch [69/300], Loss: 1.0094 (Overall: 0.8755, Change: 1.0489), TF Ratio: 0.806
[2026-06-15 17:08:54,517][root][INFO] - Epoch [4/5], Batch [70/300], Loss: 1.0108 (Overall: 0.8788, Change: 1.3433), TF Ratio: 0.806
[2026-06-15 17:08:54,669][root][INFO] - Epoch [4/5], Batch [71/300], Loss: 1.0111 (Overall: 0.6073, Change: 1.4482), TF Ratio: 0.806
[2026-06-15 17:09:08,333][root][INFO] - Epoch [4/5], Batch [72/300], Loss: 1.0096 (Overall: 0.8389, Change: 0.9789), TF Ratio: 0.806
[2026-06-15 17:09:22,036][root][INFO] - Epoch [4/5], Batch [73/300], Loss: 1.0108 (Overall: 0.5084, Change: 1.6850), TF Ratio: 0.805
[2026-06-15 17:09:22,188][root][INFO] - Epoch [4/5], Batch [74/300], Loss: 1.0056 (Overall: 0.4776, Change: 0.7708), TF Ratio: 0.805
[2026-06-15 17:09:22,340][root][INFO] - Epoch [4/5], Batch [75/300], Loss: 1.0069 (Overall: 0.7549, Change: 1.4519), TF Ratio: 0.805
[2026-06-15 17:09:22,511][root][INFO] - Epoch [4/5], Batch [76/300], Loss: 1.0096 (Overall: 1.1021, Change: 1.3182), TF Ratio: 0.805
[2026-06-15 17:09:22,666][root][INFO] - Epoch [4/5], Batch [77/300], Loss: 1.0084 (Overall: 0.7439, Change: 1.0866), TF Ratio: 0.805
[2026-06-15 17:09:26,039][root][INFO] - Epoch [4/5], Batch [78/300], Loss: 1.0088 (Overall: 0.7709, Change: 1.3183), TF Ratio: 0.804
[2026-06-15 17:09:26,192][root][INFO] - Epoch [4/5], Batch [79/300], Loss: 1.0075 (Overall: 0.6736, Change: 1.1293), TF Ratio: 0.804
[2026-06-15 17:09:34,400][root][INFO] - Epoch [4/5], Batch [80/300], Loss: 1.0071 (Overall: 0.6104, Change: 1.3459), TF Ratio: 0.804
[2026-06-15 17:09:35,454][root][INFO] - Epoch [4/5], Batch [81/300], Loss: 1.0082 (Overall: 0.7003, Change: 1.4859), TF Ratio: 0.804
[2026-06-15 17:09:35,607][root][INFO] - Epoch [4/5], Batch [82/300], Loss: 1.0093 (Overall: 0.8585, Change: 1.3457), TF Ratio: 0.804
[2026-06-15 17:09:35,760][root][INFO] - Epoch [4/5], Batch [83/300], Loss: 1.0118 (Overall: 0.9186, Change: 1.5171), TF Ratio: 0.803
[2026-06-15 17:09:35,942][root][INFO] - Epoch [4/5], Batch [84/300], Loss: 1.0123 (Overall: 1.0274, Change: 1.0780), TF Ratio: 0.803
[2026-06-15 17:09:36,096][root][INFO] - Epoch [4/5], Batch [85/300], Loss: 1.0145 (Overall: 0.9218, Change: 1.4765), TF Ratio: 0.803
[2026-06-15 17:09:41,577][root][INFO] - Epoch [4/5], Batch [86/300], Loss: 1.0145 (Overall: 0.6947, Change: 1.3254), TF Ratio: 0.803
[2026-06-15 17:09:41,730][root][INFO] - Epoch [4/5], Batch [87/300], Loss: 1.0146 (Overall: 0.4736, Change: 1.5839), TF Ratio: 0.803
[2026-06-15 17:09:48,464][root][INFO] - Epoch [4/5], Batch [88/300], Loss: 1.0159 (Overall: 0.8557, Change: 1.4079), TF Ratio: 0.802
[2026-06-15 17:09:48,703][root][INFO] - Epoch [4/5], Batch [89/300], Loss: 1.0176 (Overall: 1.1018, Change: 1.2162), TF Ratio: 0.802
[2026-06-15 17:09:48,856][root][INFO] - Epoch [4/5], Batch [90/300], Loss: 1.0145 (Overall: 0.5450, Change: 0.9388), TF Ratio: 0.802
[2026-06-15 17:09:49,008][root][INFO] - Epoch [4/5], Batch [91/300], Loss: 1.0132 (Overall: 0.7200, Change: 1.0762), TF Ratio: 0.802
[2026-06-15 17:09:49,177][root][INFO] - Epoch [4/5], Batch [92/300], Loss: 1.0113 (Overall: 0.4939, Change: 1.1895), TF Ratio: 0.802
[2026-06-15 17:09:49,347][root][INFO] - Epoch [4/5], Batch [93/300], Loss: 1.0110 (Overall: 0.6367, Change: 1.3123), TF Ratio: 0.801
[2026-06-15 17:09:53,418][root][INFO] - Epoch [4/5], Batch [94/300], Loss: 1.0077 (Overall: 0.6809, Change: 0.7319), TF Ratio: 0.801
[2026-06-15 17:09:53,570][root][INFO] - Epoch [4/5], Batch [95/300], Loss: 1.0060 (Overall: 0.6110, Change: 1.0705), TF Ratio: 0.801
[2026-06-15 17:10:01,197][root][INFO] - Epoch [4/5], Batch [96/300], Loss: 1.0050 (Overall: 0.5709, Change: 1.2555), TF Ratio: 0.801
[2026-06-15 17:10:05,720][root][INFO] - Epoch [4/5], Batch [97/300], Loss: 1.0056 (Overall: 1.1183, Change: 1.0009), TF Ratio: 0.801
[2026-06-15 17:10:05,873][root][INFO] - Epoch [4/5], Batch [98/300], Loss: 1.0074 (Overall: 0.6043, Change: 1.7712), TF Ratio: 0.800
[2026-06-15 17:10:06,026][root][INFO] - Epoch [4/5], Batch [99/300], Loss: 1.0081 (Overall: 0.9058, Change: 1.2377), TF Ratio: 0.800
[2026-06-15 17:10:06,205][root][INFO] - Epoch [4/5], Batch [100/300], Loss: 1.0074 (Overall: 0.8294, Change: 1.0619), TF Ratio: 0.800
[2026-06-15 17:10:06,359][root][INFO] - Epoch [4/5], Batch [101/300], Loss: 1.0100 (Overall: 0.8973, Change: 1.6409), TF Ratio: 0.800
[2026-06-15 17:10:09,123][root][INFO] - Epoch [4/5], Batch [102/300], Loss: 1.0108 (Overall: 0.6790, Change: 1.4923), TF Ratio: 0.800
[2026-06-15 17:10:09,275][root][INFO] - Epoch [4/5], Batch [103/300], Loss: 1.0106 (Overall: 0.4977, Change: 1.4819), TF Ratio: 0.799
[2026-06-15 17:10:13,885][root][INFO] - Epoch [4/5], Batch [104/300], Loss: 1.0087 (Overall: 0.5184, Change: 1.1049), TF Ratio: 0.799
[2026-06-15 17:10:21,527][root][INFO] - Epoch [4/5], Batch [105/300], Loss: 1.0100 (Overall: 0.8483, Change: 1.4546), TF Ratio: 0.799
[2026-06-15 17:10:21,680][root][INFO] - Epoch [4/5], Batch [106/300], Loss: 1.0093 (Overall: 0.6151, Change: 1.2431), TF Ratio: 0.799
[2026-06-15 17:10:21,832][root][INFO] - Epoch [4/5], Batch [107/300], Loss: 1.0083 (Overall: 0.7508, Change: 1.0735), TF Ratio: 0.799
[2026-06-15 17:10:22,004][root][INFO] - Epoch [4/5], Batch [108/300], Loss: 1.0084 (Overall: 0.4096, Change: 1.6199), TF Ratio: 0.798
[2026-06-15 17:10:22,158][root][INFO] - Epoch [4/5], Batch [109/300], Loss: 1.0074 (Overall: 0.5710, Change: 1.2182), TF Ratio: 0.798
[2026-06-15 17:10:27,774][root][INFO] - Epoch [4/5], Batch [110/300], Loss: 1.0090 (Overall: 0.9560, Change: 1.4286), TF Ratio: 0.798
[2026-06-15 17:10:27,926][root][INFO] - Epoch [4/5], Batch [111/300], Loss: 1.0106 (Overall: 0.8346, Change: 1.5291), TF Ratio: 0.798
[2026-06-15 17:10:33,652][root][INFO] - Epoch [4/5], Batch [112/300], Loss: 1.0075 (Overall: 0.3700, Change: 0.9622), TF Ratio: 0.798
[2026-06-15 17:10:34,309][root][INFO] - Epoch [4/5], Batch [113/300], Loss: 1.0074 (Overall: 0.6176, Change: 1.3656), TF Ratio: 0.797
[2026-06-15 17:10:34,463][root][INFO] - Epoch [4/5], Batch [114/300], Loss: 1.0061 (Overall: 0.5092, Change: 1.2249), TF Ratio: 0.797
[2026-06-15 17:10:34,615][root][INFO] - Epoch [4/5], Batch [115/300], Loss: 1.0068 (Overall: 0.8455, Change: 1.3209), TF Ratio: 0.797
[2026-06-15 17:10:34,787][root][INFO] - Epoch [4/5], Batch [116/300], Loss: 1.0074 (Overall: 0.4857, Change: 1.6548), TF Ratio: 0.797
[2026-06-15 17:10:34,940][root][INFO] - Epoch [4/5], Batch [117/300], Loss: 1.0089 (Overall: 1.0327, Change: 1.3308), TF Ratio: 0.797
[2026-06-15 17:10:39,278][root][INFO] - Epoch [4/5], Batch [118/300], Loss: 1.0184 (Overall: 1.7742, Change: 2.4897), TF Ratio: 0.796
[2026-06-15 17:10:39,430][root][INFO] - Epoch [4/5], Batch [119/300], Loss: 1.0168 (Overall: 0.5746, Change: 1.0903), TF Ratio: 0.796
[2026-06-15 17:10:47,609][root][INFO] - Epoch [4/5], Batch [120/300], Loss: 1.0164 (Overall: 0.4228, Change: 1.5207), TF Ratio: 0.796
[2026-06-15 17:10:47,764][root][INFO] - Epoch [4/5], Batch [121/300], Loss: 1.0156 (Overall: 0.7592, Change: 1.0790), TF Ratio: 0.796
[2026-06-15 17:10:47,923][root][INFO] - Epoch [4/5], Batch [122/300], Loss: 1.0158 (Overall: 0.8422, Change: 1.2354), TF Ratio: 0.796
[2026-06-15 17:10:48,075][root][INFO] - Epoch [4/5], Batch [123/300], Loss: 1.0154 (Overall: 0.6729, Change: 1.2583), TF Ratio: 0.795
[2026-06-15 17:10:48,246][root][INFO] - Epoch [4/5], Batch [124/300], Loss: 1.0162 (Overall: 0.5179, Change: 1.7194), TF Ratio: 0.795
[2026-06-15 17:10:48,399][root][INFO] - Epoch [4/5], Batch [125/300], Loss: 1.0157 (Overall: 0.8652, Change: 1.0219), TF Ratio: 0.795
[2026-06-15 17:10:52,483][root][INFO] - Epoch [4/5], Batch [126/300], Loss: 1.0148 (Overall: 0.4315, Change: 1.3763), TF Ratio: 0.795
[2026-06-15 17:10:52,634][root][INFO] - Epoch [4/5], Batch [127/300], Loss: 1.0140 (Overall: 0.6151, Change: 1.2080), TF Ratio: 0.795
[2026-06-15 17:11:02,769][root][INFO] - Epoch [4/5], Batch [128/300], Loss: 1.0143 (Overall: 0.7580, Change: 1.3436), TF Ratio: 0.794
[2026-06-15 17:11:02,924][root][INFO] - Epoch [4/5], Batch [129/300], Loss: 1.0143 (Overall: 0.9746, Change: 1.0789), TF Ratio: 0.794
[2026-06-15 17:11:03,076][root][INFO] - Epoch [4/5], Batch [130/300], Loss: 1.0146 (Overall: 0.7898, Change: 1.3105), TF Ratio: 0.794
[2026-06-15 17:11:03,228][root][INFO] - Epoch [4/5], Batch [131/300], Loss: 1.0160 (Overall: 0.8741, Change: 1.5080), TF Ratio: 0.794
[2026-06-15 17:11:03,417][root][INFO] - Epoch [4/5], Batch [132/300], Loss: 1.0152 (Overall: 0.5784, Change: 1.2518), TF Ratio: 0.794
[2026-06-15 17:11:03,571][root][INFO] - Epoch [4/5], Batch [133/300], Loss: 1.0200 (Overall: 1.0806, Change: 2.2167), TF Ratio: 0.793
[2026-06-15 17:11:06,917][root][INFO] - Epoch [4/5], Batch [134/300], Loss: 1.0196 (Overall: 0.7576, Change: 1.1876), TF Ratio: 0.793
[2026-06-15 17:11:07,070][root][INFO] - Epoch [4/5], Batch [135/300], Loss: 1.0192 (Overall: 0.4501, Change: 1.4896), TF Ratio: 0.793
[2026-06-15 17:11:18,065][root][INFO] - Epoch [4/5], Batch [136/300], Loss: 1.0160 (Overall: 0.5437, Change: 0.6239), TF Ratio: 0.793
[2026-06-15 17:11:18,220][root][INFO] - Epoch [4/5], Batch [137/300], Loss: 1.0160 (Overall: 0.6739, Change: 1.3430), TF Ratio: 0.793
[2026-06-15 17:11:18,372][root][INFO] - Epoch [4/5], Batch [138/300], Loss: 1.0170 (Overall: 0.9204, Change: 1.3934), TF Ratio: 0.792
[2026-06-15 17:11:18,524][root][INFO] - Epoch [4/5], Batch [139/300], Loss: 1.0166 (Overall: 0.7390, Change: 1.1881), TF Ratio: 0.792
[2026-06-15 17:11:18,693][root][INFO] - Epoch [4/5], Batch [140/300], Loss: 1.0167 (Overall: 0.6012, Change: 1.4384), TF Ratio: 0.792
[2026-06-15 17:11:18,846][root][INFO] - Epoch [4/5], Batch [141/300], Loss: 1.0183 (Overall: 0.6626, Change: 1.8485), TF Ratio: 0.792
[2026-06-15 17:11:18,998][root][INFO] - Epoch [4/5], Batch [142/300], Loss: 1.0189 (Overall: 0.6628, Change: 1.5290), TF Ratio: 0.792
[2026-06-15 17:11:19,150][root][INFO] - Epoch [4/5], Batch [143/300], Loss: 1.0176 (Overall: 0.6684, Change: 1.0063), TF Ratio: 0.791
[2026-06-15 17:11:52,624][root][INFO] - Epoch [4/5], Batch [144/300], Loss: 1.0181 (Overall: 0.9473, Change: 1.2349), TF Ratio: 0.791
[2026-06-15 17:11:52,780][root][INFO] - Epoch [4/5], Batch [145/300], Loss: 1.0186 (Overall: 0.6427, Change: 1.5436), TF Ratio: 0.791
[2026-06-15 17:11:52,932][root][INFO] - Epoch [4/5], Batch [146/300], Loss: 1.0176 (Overall: 0.4402, Change: 1.2917), TF Ratio: 0.791
[2026-06-15 17:11:53,084][root][INFO] - Epoch [4/5], Batch [147/300], Loss: 1.0164 (Overall: 0.6664, Change: 1.0065), TF Ratio: 0.791
[2026-06-15 17:11:53,249][root][INFO] - Epoch [4/5], Batch [148/300], Loss: 1.0187 (Overall: 1.2034, Change: 1.5242), TF Ratio: 0.790
[2026-06-15 17:11:53,401][root][INFO] - Epoch [4/5], Batch [149/300], Loss: 1.0181 (Overall: 0.8499, Change: 1.0142), TF Ratio: 0.790
[2026-06-15 17:11:53,553][root][INFO] - Epoch [4/5], Batch [150/300], Loss: 1.0185 (Overall: 0.7980, Change: 1.3487), TF Ratio: 0.790
[2026-06-15 17:11:53,705][root][INFO] - Epoch [4/5], Batch [151/300], Loss: 1.0204 (Overall: 1.1618, Change: 1.4500), TF Ratio: 0.790
[2026-06-15 17:12:08,150][root][INFO] - Epoch [4/5], Batch [152/300], Loss: 1.0223 (Overall: 0.8311, Change: 1.7717), TF Ratio: 0.790
[2026-06-15 17:12:08,305][root][INFO] - Epoch [4/5], Batch [153/300], Loss: 1.0224 (Overall: 0.7081, Change: 1.3735), TF Ratio: 0.789
[2026-06-15 17:12:08,458][root][INFO] - Epoch [4/5], Batch [154/300], Loss: 1.0216 (Overall: 0.7196, Change: 1.0836), TF Ratio: 0.789
[2026-06-15 17:12:08,611][root][INFO] - Epoch [4/5], Batch [155/300], Loss: 1.0224 (Overall: 0.9202, Change: 1.3592), TF Ratio: 0.789
[2026-06-15 17:12:08,775][root][INFO] - Epoch [4/5], Batch [156/300], Loss: 1.0218 (Overall: 0.5776, Change: 1.2938), TF Ratio: 0.789
[2026-06-15 17:12:08,928][root][INFO] - Epoch [4/5], Batch [157/300], Loss: 1.0225 (Overall: 0.6983, Change: 1.5497), TF Ratio: 0.789
[2026-06-15 17:12:09,096][root][INFO] - Epoch [4/5], Batch [158/300], Loss: 1.0227 (Overall: 0.7136, Change: 1.4251), TF Ratio: 0.788
[2026-06-15 17:12:09,250][root][INFO] - Epoch [4/5], Batch [159/300], Loss: 1.0203 (Overall: 0.5221, Change: 0.7465), TF Ratio: 0.788
[2026-06-15 17:12:20,810][root][INFO] - Epoch [4/5], Batch [160/300], Loss: 1.0204 (Overall: 0.5426, Change: 1.5246), TF Ratio: 0.788
[2026-06-15 17:12:20,973][root][INFO] - Epoch [4/5], Batch [161/300], Loss: 1.0203 (Overall: 0.4656, Change: 1.5403), TF Ratio: 0.788
[2026-06-15 17:12:21,125][root][INFO] - Epoch [4/5], Batch [162/300], Loss: 1.0195 (Overall: 0.5709, Change: 1.2258), TF Ratio: 0.788
[2026-06-15 17:12:21,277][root][INFO] - Epoch [4/5], Batch [163/300], Loss: 1.0192 (Overall: 0.5867, Change: 1.3518), TF Ratio: 0.787
[2026-06-15 17:12:21,449][root][INFO] - Epoch [4/5], Batch [164/300], Loss: 1.0205 (Overall: 0.9925, Change: 1.4643), TF Ratio: 0.787
[2026-06-15 17:12:21,603][root][INFO] - Epoch [4/5], Batch [165/300], Loss: 1.0236 (Overall: 1.4193, Change: 1.6630), TF Ratio: 0.787
[2026-06-15 17:12:21,756][root][INFO] - Epoch [4/5], Batch [166/300], Loss: 1.0250 (Overall: 0.6844, Change: 1.8148), TF Ratio: 0.787
[2026-06-15 17:12:21,908][root][INFO] - Epoch [4/5], Batch [167/300], Loss: 1.0264 (Overall: 1.0442, Change: 1.4633), TF Ratio: 0.787
[2026-06-15 17:12:39,213][root][INFO] - Epoch [4/5], Batch [168/300], Loss: 1.0272 (Overall: 0.7695, Change: 1.5576), TF Ratio: 0.786
[2026-06-15 17:12:39,368][root][INFO] - Epoch [4/5], Batch [169/300], Loss: 1.0285 (Overall: 0.8508, Change: 1.6300), TF Ratio: 0.786
[2026-06-15 17:12:39,520][root][INFO] - Epoch [4/5], Batch [170/300], Loss: 1.0307 (Overall: 0.6115, Change: 2.2002), TF Ratio: 0.786
[2026-06-15 17:12:39,673][root][INFO] - Epoch [4/5], Batch [171/300], Loss: 1.0306 (Overall: 0.6507, Change: 1.3856), TF Ratio: 0.786
[2026-06-15 17:12:39,855][root][INFO] - Epoch [4/5], Batch [172/300], Loss: 1.0303 (Overall: 0.7103, Change: 1.2354), TF Ratio: 0.786
[2026-06-15 17:12:40,007][root][INFO] - Epoch [4/5], Batch [173/300], Loss: 1.0298 (Overall: 0.7184, Change: 1.1947), TF Ratio: 0.785
[2026-06-15 17:12:40,160][root][INFO] - Epoch [4/5], Batch [174/300], Loss: 1.0298 (Overall: 0.6934, Change: 1.3457), TF Ratio: 0.785
[2026-06-15 17:12:40,312][root][INFO] - Epoch [4/5], Batch [175/300], Loss: 1.0314 (Overall: 0.7870, Change: 1.8473), TF Ratio: 0.785
[2026-06-15 17:12:51,965][root][INFO] - Epoch [4/5], Batch [176/300], Loss: 1.0307 (Overall: 0.5997, Change: 1.1925), TF Ratio: 0.785
[2026-06-15 17:12:52,128][root][INFO] - Epoch [4/5], Batch [177/300], Loss: 1.0289 (Overall: 0.5336, Change: 0.9030), TF Ratio: 0.785
[2026-06-15 17:12:52,280][root][INFO] - Epoch [4/5], Batch [178/300], Loss: 1.0292 (Overall: 1.0829, Change: 1.1019), TF Ratio: 0.784
[2026-06-15 17:12:52,432][root][INFO] - Epoch [4/5], Batch [179/300], Loss: 1.0279 (Overall: 0.5675, Change: 0.9935), TF Ratio: 0.784
[2026-06-15 17:12:52,604][root][INFO] - Epoch [4/5], Batch [180/300], Loss: 1.0291 (Overall: 0.9272, Change: 1.5850), TF Ratio: 0.784
[2026-06-15 17:12:52,757][root][INFO] - Epoch [4/5], Batch [181/300], Loss: 1.0295 (Overall: 0.6380, Change: 1.5544), TF Ratio: 0.784
[2026-06-15 17:12:52,910][root][INFO] - Epoch [4/5], Batch [182/300], Loss: 1.0290 (Overall: 0.6369, Change: 1.2270), TF Ratio: 0.784
[2026-06-15 17:12:53,062][root][INFO] - Epoch [4/5], Batch [183/300], Loss: 1.0290 (Overall: 0.9715, Change: 1.1177), TF Ratio: 0.783
[2026-06-15 17:13:08,634][root][INFO] - Epoch [4/5], Batch [184/300], Loss: 1.0279 (Overall: 0.5282, Change: 1.1062), TF Ratio: 0.783
[2026-06-15 17:13:08,790][root][INFO] - Epoch [4/5], Batch [185/300], Loss: 1.0269 (Overall: 0.6501, Change: 1.0544), TF Ratio: 0.783
[2026-06-15 17:13:08,943][root][INFO] - Epoch [4/5], Batch [186/300], Loss: 1.0265 (Overall: 0.5019, Change: 1.3896), TF Ratio: 0.783
[2026-06-15 17:13:09,096][root][INFO] - Epoch [4/5], Batch [187/300], Loss: 1.0262 (Overall: 0.5430, Change: 1.3778), TF Ratio: 0.783
[2026-06-15 17:13:09,259][root][INFO] - Epoch [4/5], Batch [188/300], Loss: 1.0258 (Overall: 0.5269, Change: 1.3755), TF Ratio: 0.782
[2026-06-15 17:13:09,413][root][INFO] - Epoch [4/5], Batch [189/300], Loss: 1.0254 (Overall: 0.6506, Change: 1.2574), TF Ratio: 0.782
[2026-06-15 17:13:09,566][root][INFO] - Epoch [4/5], Batch [190/300], Loss: 1.0253 (Overall: 0.6241, Change: 1.4030), TF Ratio: 0.782
[2026-06-15 17:13:09,717][root][INFO] - Epoch [4/5], Batch [191/300], Loss: 1.0254 (Overall: 0.8762, Change: 1.2017), TF Ratio: 0.782
[2026-06-15 17:13:23,434][root][INFO] - Epoch [4/5], Batch [192/300], Loss: 1.0253 (Overall: 0.7910, Change: 1.2272), TF Ratio: 0.782
[2026-06-15 17:13:23,590][root][INFO] - Epoch [4/5], Batch [193/300], Loss: 1.0260 (Overall: 0.6927, Change: 1.6175), TF Ratio: 0.781
[2026-06-15 17:13:23,743][root][INFO] - Epoch [4/5], Batch [194/300], Loss: 1.0262 (Overall: 0.7808, Change: 1.3707), TF Ratio: 0.781
[2026-06-15 17:13:23,895][root][INFO] - Epoch [4/5], Batch [195/300], Loss: 1.0254 (Overall: 0.6548, Change: 1.0729), TF Ratio: 0.781
[2026-06-15 17:13:24,071][root][INFO] - Epoch [4/5], Batch [196/300], Loss: 1.0252 (Overall: 0.6311, Change: 1.3558), TF Ratio: 0.781
[2026-06-15 17:13:24,224][root][INFO] - Epoch [4/5], Batch [197/300], Loss: 1.0247 (Overall: 0.5157, Change: 1.3239), TF Ratio: 0.781
[2026-06-15 17:13:24,377][root][INFO] - Epoch [4/5], Batch [198/300], Loss: 1.0257 (Overall: 0.6478, Change: 1.8037), TF Ratio: 0.780
[2026-06-15 17:13:24,534][root][INFO] - Epoch [4/5], Batch [199/300], Loss: 1.0253 (Overall: 0.4632, Change: 1.4412), TF Ratio: 0.780
[2026-06-15 17:13:37,557][root][INFO] - Epoch [4/5], Batch [200/300], Loss: 1.0231 (Overall: 0.4705, Change: 0.6698), TF Ratio: 0.780
[2026-06-15 17:13:37,712][root][INFO] - Epoch [4/5], Batch [201/300], Loss: 1.0241 (Overall: 0.8052, Change: 1.6605), TF Ratio: 0.780
[2026-06-15 17:13:37,874][root][INFO] - Epoch [4/5], Batch [202/300], Loss: 1.0242 (Overall: 0.7047, Change: 1.3901), TF Ratio: 0.780
[2026-06-15 17:13:38,026][root][INFO] - Epoch [4/5], Batch [203/300], Loss: 1.0242 (Overall: 0.5553, Change: 1.4908), TF Ratio: 0.779
[2026-06-15 17:13:38,191][root][INFO] - Epoch [4/5], Batch [204/300], Loss: 1.0247 (Overall: 0.6146, Change: 1.6377), TF Ratio: 0.779
[2026-06-15 17:13:38,344][root][INFO] - Epoch [4/5], Batch [205/300], Loss: 1.0250 (Overall: 0.5407, Change: 1.6362), TF Ratio: 0.779
[2026-06-15 17:13:38,497][root][INFO] - Epoch [4/5], Batch [206/300], Loss: 1.0260 (Overall: 0.8111, Change: 1.6531), TF Ratio: 0.779
[2026-06-15 17:13:38,650][root][INFO] - Epoch [4/5], Batch [207/300], Loss: 1.0253 (Overall: 0.5958, Change: 1.1701), TF Ratio: 0.779
[2026-06-15 17:13:55,536][root][INFO] - Epoch [4/5], Batch [208/300], Loss: 1.0244 (Overall: 0.4522, Change: 1.1949), TF Ratio: 0.778
[2026-06-15 17:13:55,696][root][INFO] - Epoch [4/5], Batch [209/300], Loss: 1.0235 (Overall: 0.6378, Change: 1.0458), TF Ratio: 0.778
[2026-06-15 17:13:55,848][root][INFO] - Epoch [4/5], Batch [210/300], Loss: 1.0240 (Overall: 0.8605, Change: 1.3823), TF Ratio: 0.778
[2026-06-15 17:13:56,000][root][INFO] - Epoch [4/5], Batch [211/300], Loss: 1.0233 (Overall: 0.5583, Change: 1.2216), TF Ratio: 0.778
[2026-06-15 17:13:56,166][root][INFO] - Epoch [4/5], Batch [212/300], Loss: 1.0230 (Overall: 0.5151, Change: 1.4016), TF Ratio: 0.778
[2026-06-15 17:13:56,319][root][INFO] - Epoch [4/5], Batch [213/300], Loss: 1.0216 (Overall: 0.4313, Change: 0.9919), TF Ratio: 0.777
[2026-06-15 17:13:56,472][root][INFO] - Epoch [4/5], Batch [214/300], Loss: 1.0221 (Overall: 0.7186, Change: 1.5731), TF Ratio: 0.777
[2026-06-15 17:13:56,624][root][INFO] - Epoch [4/5], Batch [215/300], Loss: 1.0220 (Overall: 0.8002, Change: 1.1666), TF Ratio: 0.777
[2026-06-15 17:14:08,687][root][INFO] - Epoch [4/5], Batch [216/300], Loss: 1.0223 (Overall: 0.7358, Change: 1.4616), TF Ratio: 0.777
[2026-06-15 17:14:08,843][root][INFO] - Epoch [4/5], Batch [217/300], Loss: 1.0236 (Overall: 1.0951, Change: 1.5238), TF Ratio: 0.777
[2026-06-15 17:14:08,995][root][INFO] - Epoch [4/5], Batch [218/300], Loss: 1.0221 (Overall: 0.6645, Change: 0.6967), TF Ratio: 0.776
[2026-06-15 17:14:09,146][root][INFO] - Epoch [4/5], Batch [219/300], Loss: 1.0221 (Overall: 0.8574, Change: 1.2184), TF Ratio: 0.776
[2026-06-15 17:14:09,312][root][INFO] - Epoch [4/5], Batch [220/300], Loss: 1.0205 (Overall: 0.5718, Change: 0.7410), TF Ratio: 0.776
[2026-06-15 17:14:09,465][root][INFO] - Epoch [4/5], Batch [221/300], Loss: 1.0198 (Overall: 0.8207, Change: 0.9080), TF Ratio: 0.776
[2026-06-15 17:14:09,628][root][INFO] - Epoch [4/5], Batch [222/300], Loss: 1.0189 (Overall: 0.5024, Change: 1.1327), TF Ratio: 0.776
[2026-06-15 17:14:09,780][root][INFO] - Epoch [4/5], Batch [223/300], Loss: 1.0193 (Overall: 0.6925, Change: 1.5267), TF Ratio: 0.775
[2026-06-15 17:14:28,460][root][INFO] - Epoch [4/5], Batch [224/300], Loss: 1.0181 (Overall: 0.4805, Change: 1.0146), TF Ratio: 0.775
[2026-06-15 17:14:28,615][root][INFO] - Epoch [4/5], Batch [225/300], Loss: 1.0179 (Overall: 0.4501, Change: 1.5335), TF Ratio: 0.775
[2026-06-15 17:14:28,766][root][INFO] - Epoch [4/5], Batch [226/300], Loss: 1.0183 (Overall: 0.8181, Change: 1.3832), TF Ratio: 0.775
[2026-06-15 17:14:28,918][root][INFO] - Epoch [4/5], Batch [227/300], Loss: 1.0185 (Overall: 0.6412, Change: 1.4673), TF Ratio: 0.775
[2026-06-15 17:14:29,084][root][INFO] - Epoch [4/5], Batch [228/300], Loss: 1.0186 (Overall: 0.3948, Change: 1.7228), TF Ratio: 0.774
[2026-06-15 17:14:29,238][root][INFO] - Epoch [4/5], Batch [229/300], Loss: 1.0213 (Overall: 1.2044, Change: 2.0501), TF Ratio: 0.774
[2026-06-15 17:14:29,390][root][INFO] - Epoch [4/5], Batch [230/300], Loss: 1.0211 (Overall: 0.7989, Change: 1.1707), TF Ratio: 0.774
[2026-06-15 17:14:29,542][root][INFO] - Epoch [4/5], Batch [231/300], Loss: 1.0212 (Overall: 0.7973, Change: 1.2886), TF Ratio: 0.774
[2026-06-15 17:14:52,718][root][INFO] - Epoch [4/5], Batch [232/300], Loss: 1.0201 (Overall: 0.5392, Change: 0.9659), TF Ratio: 0.774
[2026-06-15 17:14:52,871][root][INFO] - Epoch [4/5], Batch [233/300], Loss: 1.0212 (Overall: 0.7826, Change: 1.7746), TF Ratio: 0.773
[2026-06-15 17:14:53,023][root][INFO] - Epoch [4/5], Batch [234/300], Loss: 1.0239 (Overall: 0.9645, Change: 2.3291), TF Ratio: 0.773
[2026-06-15 17:14:53,174][root][INFO] - Epoch [4/5], Batch [235/300], Loss: 1.0245 (Overall: 0.9989, Change: 1.3390), TF Ratio: 0.773
[2026-06-15 17:14:53,343][root][INFO] - Epoch [4/5], Batch [236/300], Loss: 1.0251 (Overall: 0.8849, Change: 1.4549), TF Ratio: 0.773
[2026-06-15 17:14:53,496][root][INFO] - Epoch [4/5], Batch [237/300], Loss: 1.0243 (Overall: 0.6176, Change: 1.0747), TF Ratio: 0.773
[2026-06-15 17:14:53,649][root][INFO] - Epoch [4/5], Batch [238/300], Loss: 1.0231 (Overall: 0.5335, Change: 0.9297), TF Ratio: 0.772
[2026-06-15 17:14:53,801][root][INFO] - Epoch [4/5], Batch [239/300], Loss: 1.0238 (Overall: 0.4449, Change: 1.9424), TF Ratio: 0.772
[2026-06-15 17:15:06,494][root][INFO] - Epoch [4/5], Batch [240/300], Loss: 1.0227 (Overall: 0.3832, Change: 1.1121), TF Ratio: 0.772
[2026-06-15 17:15:06,661][root][INFO] - Epoch [4/5], Batch [241/300], Loss: 1.0230 (Overall: 0.6735, Change: 1.5200), TF Ratio: 0.772
[2026-06-15 17:15:06,813][root][INFO] - Epoch [4/5], Batch [242/300], Loss: 1.0231 (Overall: 0.7681, Change: 1.3172), TF Ratio: 0.772
[2026-06-15 17:15:06,965][root][INFO] - Epoch [4/5], Batch [243/300], Loss: 1.0236 (Overall: 0.5722, Change: 1.7377), TF Ratio: 0.771
[2026-06-15 17:15:07,133][root][INFO] - Epoch [4/5], Batch [244/300], Loss: 1.0240 (Overall: 0.7131, Change: 1.5375), TF Ratio: 0.771
[2026-06-15 17:15:07,286][root][INFO] - Epoch [4/5], Batch [245/300], Loss: 1.0233 (Overall: 0.6583, Change: 1.0168), TF Ratio: 0.771
[2026-06-15 17:15:07,439][root][INFO] - Epoch [4/5], Batch [246/300], Loss: 1.0217 (Overall: 0.4750, Change: 0.8160), TF Ratio: 0.771
[2026-06-15 17:15:07,591][root][INFO] - Epoch [4/5], Batch [247/300], Loss: 1.0221 (Overall: 0.8710, Change: 1.3565), TF Ratio: 0.771
[2026-06-15 17:15:23,544][root][INFO] - Epoch [4/5], Batch [248/300], Loss: 1.0215 (Overall: 0.8243, Change: 0.9211), TF Ratio: 0.770
[2026-06-15 17:15:23,700][root][INFO] - Epoch [4/5], Batch [249/300], Loss: 1.0216 (Overall: 0.6606, Change: 1.4532), TF Ratio: 0.770
[2026-06-15 17:15:23,853][root][INFO] - Epoch [4/5], Batch [250/300], Loss: 1.0229 (Overall: 1.0530, Change: 1.5995), TF Ratio: 0.770
[2026-06-15 17:15:24,005][root][INFO] - Epoch [4/5], Batch [251/300], Loss: 1.0227 (Overall: 0.6798, Change: 1.2800), TF Ratio: 0.770
[2026-06-15 17:15:24,172][root][INFO] - Epoch [4/5], Batch [252/300], Loss: 1.0219 (Overall: 0.5274, Change: 1.1408), TF Ratio: 0.770
[2026-06-15 17:15:24,325][root][INFO] - Epoch [4/5], Batch [253/300], Loss: 1.0219 (Overall: 0.5974, Change: 1.4032), TF Ratio: 0.769
[2026-06-15 17:15:24,477][root][INFO] - Epoch [4/5], Batch [254/300], Loss: 1.0214 (Overall: 0.6088, Change: 1.1878), TF Ratio: 0.769
[2026-06-15 17:15:24,629][root][INFO] - Epoch [4/5], Batch [255/300], Loss: 1.0213 (Overall: 0.8203, Change: 1.1764), TF Ratio: 0.769
[2026-06-15 17:15:40,668][root][INFO] - Epoch [4/5], Batch [256/300], Loss: 1.0210 (Overall: 0.6494, Change: 1.2323), TF Ratio: 0.769
[2026-06-15 17:15:40,823][root][INFO] - Epoch [4/5], Batch [257/300], Loss: 1.0208 (Overall: 0.5349, Change: 1.4018), TF Ratio: 0.769
[2026-06-15 17:15:40,975][root][INFO] - Epoch [4/5], Batch [258/300], Loss: 1.0206 (Overall: 0.7099, Change: 1.2260), TF Ratio: 0.768
[2026-06-15 17:15:41,127][root][INFO] - Epoch [4/5], Batch [259/300], Loss: 1.0208 (Overall: 0.6659, Change: 1.5281), TF Ratio: 0.768
[2026-06-15 17:15:41,293][root][INFO] - Epoch [4/5], Batch [260/300], Loss: 1.0211 (Overall: 1.1763, Change: 0.9881), TF Ratio: 0.768
[2026-06-15 17:15:41,446][root][INFO] - Epoch [4/5], Batch [261/300], Loss: 1.0212 (Overall: 0.7033, Change: 1.4157), TF Ratio: 0.768
[2026-06-15 17:15:41,598][root][INFO] - Epoch [4/5], Batch [262/300], Loss: 1.0215 (Overall: 0.6599, Change: 1.5104), TF Ratio: 0.768
[2026-06-15 17:15:41,750][root][INFO] - Epoch [4/5], Batch [263/300], Loss: 1.0221 (Overall: 0.9092, Change: 1.4532), TF Ratio: 0.767
[2026-06-15 17:15:52,806][root][INFO] - Epoch [4/5], Batch [264/300], Loss: 1.0220 (Overall: 0.5659, Change: 1.4418), TF Ratio: 0.767
[2026-06-15 17:15:52,963][root][INFO] - Epoch [4/5], Batch [265/300], Loss: 1.0212 (Overall: 0.7385, Change: 0.8760), TF Ratio: 0.767
[2026-06-15 17:15:53,116][root][INFO] - Epoch [4/5], Batch [266/300], Loss: 1.0214 (Overall: 0.7332, Change: 1.3894), TF Ratio: 0.767
[2026-06-15 17:15:53,268][root][INFO] - Epoch [4/5], Batch [267/300], Loss: 1.0205 (Overall: 0.4517, Change: 1.1115), TF Ratio: 0.767
[2026-06-15 17:15:53,432][root][INFO] - Epoch [4/5], Batch [268/300], Loss: 1.0204 (Overall: 0.6065, Change: 1.3881), TF Ratio: 0.766
[2026-06-15 17:15:53,586][root][INFO] - Epoch [4/5], Batch [269/300], Loss: 1.0191 (Overall: 0.5533, Change: 0.8245), TF Ratio: 0.766
[2026-06-15 17:15:53,738][root][INFO] - Epoch [4/5], Batch [270/300], Loss: 1.0189 (Overall: 0.8032, Change: 1.0933), TF Ratio: 0.766
[2026-06-15 17:15:53,891][root][INFO] - Epoch [4/5], Batch [271/300], Loss: 1.0191 (Overall: 0.6987, Change: 1.4721), TF Ratio: 0.766
[2026-06-15 17:16:07,298][root][INFO] - Epoch [4/5], Batch [272/300], Loss: 1.0189 (Overall: 0.7921, Change: 1.1274), TF Ratio: 0.766
[2026-06-15 17:16:07,458][root][INFO] - Epoch [4/5], Batch [273/300], Loss: 1.0192 (Overall: 0.7290, Change: 1.4920), TF Ratio: 0.765
[2026-06-15 17:16:07,610][root][INFO] - Epoch [4/5], Batch [274/300], Loss: 1.0182 (Overall: 0.5782, Change: 0.8804), TF Ratio: 0.765
[2026-06-15 17:16:07,762][root][INFO] - Epoch [4/5], Batch [275/300], Loss: 1.0181 (Overall: 0.6687, Change: 1.3438), TF Ratio: 0.765
[2026-06-15 17:16:07,925][root][INFO] - Epoch [4/5], Batch [276/300], Loss: 1.0188 (Overall: 0.7569, Change: 1.6226), TF Ratio: 0.765
[2026-06-15 17:16:08,078][root][INFO] - Epoch [4/5], Batch [277/300], Loss: 1.0193 (Overall: 0.9303, Change: 1.4071), TF Ratio: 0.765
[2026-06-15 17:16:08,231][root][INFO] - Epoch [4/5], Batch [278/300], Loss: 1.0190 (Overall: 0.5309, Change: 1.3463), TF Ratio: 0.764
[2026-06-15 17:16:08,383][root][INFO] - Epoch [4/5], Batch [279/300], Loss: 1.0193 (Overall: 0.8502, Change: 1.3744), TF Ratio: 0.764
[2026-06-15 17:16:20,532][root][INFO] - Epoch [4/5], Batch [280/300], Loss: 1.0195 (Overall: 0.8170, Change: 1.3102), TF Ratio: 0.764
[2026-06-15 17:16:20,691][root][INFO] - Epoch [4/5], Batch [281/300], Loss: 1.0187 (Overall: 0.4756, Change: 1.1125), TF Ratio: 0.764
[2026-06-15 17:16:20,843][root][INFO] - Epoch [4/5], Batch [282/300], Loss: 1.0191 (Overall: 0.9496, Change: 1.2880), TF Ratio: 0.764
[2026-06-15 17:16:20,995][root][INFO] - Epoch [4/5], Batch [283/300], Loss: 1.0194 (Overall: 0.7836, Change: 1.4309), TF Ratio: 0.763
[2026-06-15 17:16:21,159][root][INFO] - Epoch [4/5], Batch [284/300], Loss: 1.0189 (Overall: 0.7678, Change: 1.0060), TF Ratio: 0.763
[2026-06-15 17:16:21,312][root][INFO] - Epoch [4/5], Batch [285/300], Loss: 1.0197 (Overall: 0.5967, Change: 1.8916), TF Ratio: 0.763
[2026-06-15 17:16:21,465][root][INFO] - Epoch [4/5], Batch [286/300], Loss: 1.0191 (Overall: 0.8103, Change: 0.9193), TF Ratio: 0.763
[2026-06-15 17:16:21,639][root][INFO] - Epoch [4/5], Batch [287/300], Loss: 1.0191 (Overall: 0.6105, Change: 1.3739), TF Ratio: 0.763
[2026-06-15 17:16:34,688][root][INFO] - Epoch [4/5], Batch [288/300], Loss: 1.0196 (Overall: 0.8619, Change: 1.4801), TF Ratio: 0.762
[2026-06-15 17:16:34,843][root][INFO] - Epoch [4/5], Batch [289/300], Loss: 1.0194 (Overall: 0.5243, Change: 1.4060), TF Ratio: 0.762
[2026-06-15 17:16:34,994][root][INFO] - Epoch [4/5], Batch [290/300], Loss: 1.0195 (Overall: 0.7251, Change: 1.3640), TF Ratio: 0.762
[2026-06-15 17:16:35,145][root][INFO] - Epoch [4/5], Batch [291/300], Loss: 1.0197 (Overall: 0.8651, Change: 1.3026), TF Ratio: 0.762
[2026-06-15 17:16:35,314][root][INFO] - Epoch [4/5], Batch [292/300], Loss: 1.0193 (Overall: 0.6856, Change: 1.1218), TF Ratio: 0.762
[2026-06-15 17:16:35,466][root][INFO] - Epoch [4/5], Batch [293/300], Loss: 1.0191 (Overall: 0.6690, Change: 1.2321), TF Ratio: 0.761
[2026-06-15 17:16:35,618][root][INFO] - Epoch [4/5], Batch [294/300], Loss: 1.0180 (Overall: 0.4271, Change: 0.9612), TF Ratio: 0.761
[2026-06-15 17:16:35,771][root][INFO] - Epoch [4/5], Batch [295/300], Loss: 1.0180 (Overall: 1.0619, Change: 1.0027), TF Ratio: 0.761
[2026-06-15 17:16:50,876][root][INFO] - Epoch [4/5], Batch [296/300], Loss: 1.0192 (Overall: 1.1890, Change: 1.5448), TF Ratio: 0.761
[2026-06-15 17:16:51,031][root][INFO] - Epoch [4/5], Batch [297/300], Loss: 1.0201 (Overall: 0.8440, Change: 1.7458), TF Ratio: 0.761
[2026-06-15 17:16:51,184][root][INFO] - Epoch [4/5], Batch [298/300], Loss: 1.0201 (Overall: 0.6444, Change: 1.4069), TF Ratio: 0.760
[2026-06-15 17:16:51,337][root][INFO] - Epoch [4/5], Batch [299/300], Loss: 1.0200 (Overall: 0.4812, Change: 1.4715), TF Ratio: 0.760
[2026-06-15 17:16:51,514][root][INFO] - Epoch [4/5], Batch [300/300], Loss: 1.0200 (Overall: 0.4698, Change: 1.5684), TF Ratio: 0.760
[2026-06-15 17:17:01,886][root][INFO] - Epoch 4 done. Validating...
[2026-06-15 17:17:49,007][root][INFO] - Epoch [4/5] | Train: 1.0208 | Val: 0.7154
[2026-06-15 17:17:49,197][root][INFO] - Checkpoint saved: /gpfs/scratch/bsc32/bsc096444/ai4land-tfm/trained_models/unet_impl/41825124/best_model.pth
[2026-06-15 17:17:49,392][root][INFO] - Checkpoint saved: /gpfs/scratch/bsc32/bsc096444/ai4land-tfm/trained_models/unet_impl/41825124/model_epoch_4.pth
[2026-06-15 17:18:08,498][root][INFO] - Epoch [5/5], Batch [1/300], Loss: 0.9728 (Overall: 0.7467, Change: 1.1990), TF Ratio: 0.760
[2026-06-15 17:18:08,802][root][INFO] - Epoch [5/5], Batch [2/300], Loss: 0.9684 (Overall: 0.6870, Change: 1.2408), TF Ratio: 0.760
[2026-06-15 17:18:10,161][root][INFO] - Epoch [5/5], Batch [3/300], Loss: 0.9852 (Overall: 0.7587, Change: 1.2788), TF Ratio: 0.759
[2026-06-15 17:18:15,520][root][INFO] - Epoch [5/5], Batch [4/300], Loss: 0.9921 (Overall: 0.6089, Change: 1.4168), TF Ratio: 0.759
[2026-06-15 17:18:15,674][root][INFO] - Epoch [5/5], Batch [5/300], Loss: 0.9951 (Overall: 0.7553, Change: 1.2594), TF Ratio: 0.759
[2026-06-15 17:18:15,826][root][INFO] - Epoch [5/5], Batch [6/300], Loss: 1.0069 (Overall: 0.8406, Change: 1.2907), TF Ratio: 0.759
[2026-06-15 17:18:15,977][root][INFO] - Epoch [5/5], Batch [7/300], Loss: 1.0074 (Overall: 0.7763, Change: 1.2443), TF Ratio: 0.759
[2026-06-15 17:18:22,509][root][INFO] - Epoch [5/5], Batch [8/300], Loss: 1.0015 (Overall: 0.7363, Change: 1.1841), TF Ratio: 0.758
[2026-06-15 17:18:22,663][root][INFO] - Epoch [5/5], Batch [9/300], Loss: 1.0197 (Overall: 0.5451, Change: 1.7862), TF Ratio: 0.758
[2026-06-15 17:18:22,815][root][INFO] - Epoch [5/5], Batch [10/300], Loss: 1.0416 (Overall: 0.6047, Change: 1.8728), TF Ratio: 0.758
[2026-06-15 17:18:22,968][root][INFO] - Epoch [5/5], Batch [11/300], Loss: 1.0499 (Overall: 0.6171, Change: 1.6483), TF Ratio: 0.758
[2026-06-15 17:18:29,721][root][INFO] - Epoch [5/5], Batch [12/300], Loss: 1.0333 (Overall: 0.5617, Change: 1.1389), TF Ratio: 0.758
[2026-06-15 17:18:29,876][root][INFO] - Epoch [5/5], Batch [13/300], Loss: 1.0330 (Overall: 0.5950, Change: 1.4655), TF Ratio: 0.757
[2026-06-15 17:18:30,029][root][INFO] - Epoch [5/5], Batch [14/300], Loss: 1.0527 (Overall: 0.9904, Change: 1.6254), TF Ratio: 0.757
[2026-06-15 17:18:30,181][root][INFO] - Epoch [5/5], Batch [15/300], Loss: 1.0431 (Overall: 0.6267, Change: 1.1907), TF Ratio: 0.757
[2026-06-15 17:18:36,426][root][INFO] - Epoch [5/5], Batch [16/300], Loss: 1.0497 (Overall: 0.9291, Change: 1.3687), TF Ratio: 0.757
[2026-06-15 17:18:36,580][root][INFO] - Epoch [5/5], Batch [17/300], Loss: 1.0429 (Overall: 0.6523, Change: 1.2162), TF Ratio: 0.757
[2026-06-15 17:18:36,732][root][INFO] - Epoch [5/5], Batch [18/300], Loss: 1.0433 (Overall: 0.7099, Change: 1.3907), TF Ratio: 0.756
[2026-06-15 17:18:36,884][root][INFO] - Epoch [5/5], Batch [19/300], Loss: 1.0445 (Overall: 0.6867, Change: 1.4465), TF Ratio: 0.756
[2026-06-15 17:18:47,366][root][INFO] - Epoch [5/5], Batch [20/300], Loss: 1.0317 (Overall: 0.5984, Change: 0.9769), TF Ratio: 0.756
[2026-06-15 17:18:47,521][root][INFO] - Epoch [5/5], Batch [21/300], Loss: 1.0331 (Overall: 0.6840, Change: 1.4380), TF Ratio: 0.756
[2026-06-15 17:18:47,673][root][INFO] - Epoch [5/5], Batch [22/300], Loss: 1.0265 (Overall: 0.7915, Change: 0.9844), TF Ratio: 0.756
[2026-06-15 17:18:47,825][root][INFO] - Epoch [5/5], Batch [23/300], Loss: 1.0280 (Overall: 0.7810, Change: 1.3420), TF Ratio: 0.755
[2026-06-15 17:18:59,886][root][INFO] - Epoch [5/5], Batch [24/300], Loss: 1.0280 (Overall: 0.5958, Change: 1.4588), TF Ratio: 0.755
[2026-06-15 17:19:00,043][root][INFO] - Epoch [5/5], Batch [25/300], Loss: 1.0292 (Overall: 0.5543, Change: 1.5622), TF Ratio: 0.755
[2026-06-15 17:19:00,196][root][INFO] - Epoch [5/5], Batch [26/300], Loss: 1.0286 (Overall: 0.7157, Change: 1.3132), TF Ratio: 0.755
[2026-06-15 17:19:00,348][root][INFO] - Epoch [5/5], Batch [27/300], Loss: 1.0231 (Overall: 0.6632, Change: 1.0957), TF Ratio: 0.755
[2026-06-15 17:19:04,698][root][INFO] - Epoch [5/5], Batch [28/300], Loss: 1.0198 (Overall: 0.6587, Change: 1.2003), TF Ratio: 0.754
[2026-06-15 17:19:04,852][root][INFO] - Epoch [5/5], Batch [29/300], Loss: 1.0257 (Overall: 0.7684, Change: 1.6166), TF Ratio: 0.754
[2026-06-15 17:19:05,004][root][INFO] - Epoch [5/5], Batch [30/300], Loss: 1.0297 (Overall: 1.0132, Change: 1.2742), TF Ratio: 0.754
[2026-06-15 17:19:05,156][root][INFO] - Epoch [5/5], Batch [31/300], Loss: 1.0311 (Overall: 0.5525, Change: 1.5973), TF Ratio: 0.754
[2026-06-15 17:19:12,052][root][INFO] - Epoch [5/5], Batch [32/300], Loss: 1.0354 (Overall: 1.1669, Change: 1.1691), TF Ratio: 0.754
[2026-06-15 17:19:12,206][root][INFO] - Epoch [5/5], Batch [33/300], Loss: 1.0366 (Overall: 0.6272, Change: 1.5223), TF Ratio: 0.753
[2026-06-15 17:19:12,359][root][INFO] - Epoch [5/5], Batch [34/300], Loss: 1.0364 (Overall: 0.5511, Change: 1.5107), TF Ratio: 0.753
[2026-06-15 17:19:12,512][root][INFO] - Epoch [5/5], Batch [35/300], Loss: 1.0434 (Overall: 0.8784, Change: 1.6815), TF Ratio: 0.753
[2026-06-15 17:19:23,349][root][INFO] - Epoch [5/5], Batch [36/300], Loss: 1.0430 (Overall: 0.6542, Change: 1.4091), TF Ratio: 0.753
[2026-06-15 17:19:23,506][root][INFO] - Epoch [5/5], Batch [37/300], Loss: 1.0466 (Overall: 0.9691, Change: 1.3812), TF Ratio: 0.753
[2026-06-15 17:19:23,659][root][INFO] - Epoch [5/5], Batch [38/300], Loss: 1.0467 (Overall: 0.7749, Change: 1.3270), TF Ratio: 0.752
[2026-06-15 17:19:23,811][root][INFO] - Epoch [5/5], Batch [39/300], Loss: 1.0458 (Overall: 0.5357, Change: 1.4878), TF Ratio: 0.752
[2026-06-15 17:19:29,093][root][INFO] - Epoch [5/5], Batch [40/300], Loss: 1.0405 (Overall: 0.6241, Change: 1.0437), TF Ratio: 0.752
[2026-06-15 17:19:29,254][root][INFO] - Epoch [5/5], Batch [41/300], Loss: 1.0347 (Overall: 0.7506, Change: 0.8526), TF Ratio: 0.752
[2026-06-15 17:19:29,407][root][INFO] - Epoch [5/5], Batch [42/300], Loss: 1.0355 (Overall: 0.8333, Change: 1.3025), TF Ratio: 0.752
[2026-06-15 17:19:29,560][root][INFO] - Epoch [5/5], Batch [43/300], Loss: 1.0305 (Overall: 0.6696, Change: 0.9746), TF Ratio: 0.751
[2026-06-15 17:19:48,690][root][INFO] - Epoch [5/5], Batch [44/300], Loss: 1.0283 (Overall: 0.8518, Change: 1.0083), TF Ratio: 0.751
[2026-06-15 17:19:48,846][root][INFO] - Epoch [5/5], Batch [45/300], Loss: 1.0215 (Overall: 0.4665, Change: 0.9803), TF Ratio: 0.751
[2026-06-15 17:19:49,004][root][INFO] - Epoch [5/5], Batch [46/300], Loss: 1.0228 (Overall: 0.6238, Change: 1.5377), TF Ratio: 0.751
[2026-06-15 17:19:49,157][root][INFO] - Epoch [5/5], Batch [47/300], Loss: 1.0191 (Overall: 0.4161, Change: 1.2814), TF Ratio: 0.751
[2026-06-15 17:19:49,337][root][INFO] - Epoch [5/5], Batch [48/300], Loss: 1.0151 (Overall: 0.4265, Change: 1.2347), TF Ratio: 0.750
[2026-06-15 17:19:49,490][root][INFO] - Epoch [5/5], Batch [49/300], Loss: 1.0174 (Overall: 0.8346, Change: 1.4193), TF Ratio: 0.750
[2026-06-15 17:19:49,643][root][INFO] - Epoch [5/5], Batch [50/300], Loss: 1.0146 (Overall: 0.5081, Change: 1.2488), TF Ratio: 0.750
[2026-06-15 17:19:49,795][root][INFO] - Epoch [5/5], Batch [51/300], Loss: 1.0160 (Overall: 0.7470, Change: 1.4194), TF Ratio: 0.750
[2026-06-15 17:20:01,158][root][INFO] - Epoch [5/5], Batch [52/300], Loss: 1.0154 (Overall: 0.5848, Change: 1.3848), TF Ratio: 0.750
[2026-06-15 17:20:01,315][root][INFO] - Epoch [5/5], Batch [53/300], Loss: 1.0134 (Overall: 0.5695, Change: 1.2469), TF Ratio: 0.749
[2026-06-15 17:20:01,467][root][INFO] - Epoch [5/5], Batch [54/300], Loss: 1.0101 (Overall: 0.5081, Change: 1.1704), TF Ratio: 0.749
[2026-06-15 17:20:01,619][root][INFO] - Epoch [5/5], Batch [55/300], Loss: 1.0124 (Overall: 0.8409, Change: 1.4272), TF Ratio: 0.749
[2026-06-15 17:20:07,924][root][INFO] - Epoch [5/5], Batch [56/300], Loss: 1.0140 (Overall: 0.7784, Change: 1.4275), TF Ratio: 0.749
[2026-06-15 17:20:08,080][root][INFO] - Epoch [5/5], Batch [57/300], Loss: 1.0107 (Overall: 0.5368, Change: 1.1142), TF Ratio: 0.749
[2026-06-15 17:20:08,233][root][INFO] - Epoch [5/5], Batch [58/300], Loss: 1.0122 (Overall: 0.8105, Change: 1.3811), TF Ratio: 0.748
[2026-06-15 17:20:08,385][root][INFO] - Epoch [5/5], Batch [59/300], Loss: 1.0088 (Overall: 0.2896, Change: 1.3337), TF Ratio: 0.748
[2026-06-15 17:20:14,832][root][INFO] - Epoch [5/5], Batch [60/300], Loss: 1.0087 (Overall: 0.7291, Change: 1.2799), TF Ratio: 0.748
[2026-06-15 17:20:14,993][root][INFO] - Epoch [5/5], Batch [61/300], Loss: 1.0107 (Overall: 0.5551, Change: 1.7006), TF Ratio: 0.748
[2026-06-15 17:20:15,145][root][INFO] - Epoch [5/5], Batch [62/300], Loss: 1.0132 (Overall: 0.7778, Change: 1.5646), TF Ratio: 0.748
[2026-06-15 17:20:15,298][root][INFO] - Epoch [5/5], Batch [63/300], Loss: 1.0142 (Overall: 0.8385, Change: 1.3084), TF Ratio: 0.747
[2026-06-15 17:20:22,860][root][INFO] - Epoch [5/5], Batch [64/300], Loss: 1.0107 (Overall: 0.4360, Change: 1.1412), TF Ratio: 0.747
[2026-06-15 17:20:23,016][root][INFO] - Epoch [5/5], Batch [65/300], Loss: 1.0095 (Overall: 0.7328, Change: 1.1308), TF Ratio: 0.747
[2026-06-15 17:20:23,169][root][INFO] - Epoch [5/5], Batch [66/300], Loss: 1.0051 (Overall: 0.4421, Change: 1.0033), TF Ratio: 0.747
[2026-06-15 17:20:23,320][root][INFO] - Epoch [5/5], Batch [67/300], Loss: 1.0032 (Overall: 0.7607, Change: 0.9953), TF Ratio: 0.747
[2026-06-15 17:20:30,938][root][INFO] - Epoch [5/5], Batch [68/300], Loss: 1.0032 (Overall: 0.3767, Change: 1.6306), TF Ratio: 0.746
[2026-06-15 17:20:31,093][root][INFO] - Epoch [5/5], Batch [69/300], Loss: 1.0021 (Overall: 0.6089, Change: 1.2479), TF Ratio: 0.746
[2026-06-15 17:20:31,246][root][INFO] - Epoch [5/5], Batch [70/300], Loss: 1.0034 (Overall: 0.6681, Change: 1.5114), TF Ratio: 0.746
[2026-06-15 17:20:31,398][root][INFO] - Epoch [5/5], Batch [71/300], Loss: 1.0039 (Overall: 0.6168, Change: 1.4679), TF Ratio: 0.746
[2026-06-15 17:20:37,660][root][INFO] - Epoch [5/5], Batch [72/300], Loss: 1.0010 (Overall: 0.7434, Change: 0.8405), TF Ratio: 0.746
[2026-06-15 17:20:37,817][root][INFO] - Epoch [5/5], Batch [73/300], Loss: 1.0018 (Overall: 0.9757, Change: 1.1463), TF Ratio: 0.745
[2026-06-15 17:20:37,969][root][INFO] - Epoch [5/5], Batch [74/300], Loss: 1.0022 (Overall: 0.7837, Change: 1.2732), TF Ratio: 0.745
[2026-06-15 17:20:38,122][root][INFO] - Epoch [5/5], Batch [75/300], Loss: 1.0021 (Overall: 0.7376, Change: 1.2558), TF Ratio: 0.745
[2026-06-15 17:20:47,595][root][INFO] - Epoch [5/5], Batch [76/300], Loss: 1.0003 (Overall: 0.5000, Change: 1.2371), TF Ratio: 0.745
[2026-06-15 17:20:47,756][root][INFO] - Epoch [5/5], Batch [77/300], Loss: 1.0015 (Overall: 0.8576, Change: 1.3248), TF Ratio: 0.745
[2026-06-15 17:20:47,909][root][INFO] - Epoch [5/5], Batch [78/300], Loss: 1.0013 (Overall: 0.6347, Change: 1.3310), TF Ratio: 0.744
[2026-06-15 17:20:48,061][root][INFO] - Epoch [5/5], Batch [79/300], Loss: 1.0004 (Overall: 0.4763, Change: 1.3873), TF Ratio: 0.744
[2026-06-15 17:20:50,755][root][INFO] - Epoch [5/5], Batch [80/300], Loss: 1.0036 (Overall: 1.0939, Change: 1.4119), TF Ratio: 0.744
[2026-06-15 17:20:50,928][root][INFO] - Epoch [5/5], Batch [81/300], Loss: 1.0020 (Overall: 0.7980, Change: 0.9617), TF Ratio: 0.744
[2026-06-15 17:20:51,080][root][INFO] - Epoch [5/5], Batch [82/300], Loss: 1.0014 (Overall: 0.5485, Change: 1.3476), TF Ratio: 0.744
[2026-06-15 17:20:51,232][root][INFO] - Epoch [5/5], Batch [83/300], Loss: 0.9960 (Overall: 0.3996, Change: 0.7119), TF Ratio: 0.743
[2026-06-15 17:21:02,803][root][INFO] - Epoch [5/5], Batch [84/300], Loss: 0.9964 (Overall: 0.6332, Change: 1.4324), TF Ratio: 0.743
[2026-06-15 17:21:02,960][root][INFO] - Epoch [5/5], Batch [85/300], Loss: 0.9940 (Overall: 0.5527, Change: 1.0259), TF Ratio: 0.743
[2026-06-15 17:21:03,112][root][INFO] - Epoch [5/5], Batch [86/300], Loss: 0.9913 (Overall: 0.5448, Change: 0.9817), TF Ratio: 0.743
[2026-06-15 17:21:03,263][root][INFO] - Epoch [5/5], Batch [87/300], Loss: 0.9917 (Overall: 0.9303, Change: 1.1184), TF Ratio: 0.743
[2026-06-15 17:21:03,437][root][INFO] - Epoch [5/5], Batch [88/300], Loss: 0.9909 (Overall: 0.7382, Change: 1.0991), TF Ratio: 0.742
[2026-06-15 17:21:03,591][root][INFO] - Epoch [5/5], Batch [89/300], Loss: 0.9906 (Overall: 0.7323, Change: 1.2018), TF Ratio: 0.742
[2026-06-15 17:21:03,744][root][INFO] - Epoch [5/5], Batch [90/300], Loss: 0.9892 (Overall: 0.5373, Change: 1.1875), TF Ratio: 0.742
[2026-06-15 17:21:03,896][root][INFO] - Epoch [5/5], Batch [91/300], Loss: 0.9894 (Overall: 0.7804, Change: 1.2450), TF Ratio: 0.742
[2026-06-15 17:21:14,147][root][INFO] - Epoch [5/5], Batch [92/300], Loss: 0.9897 (Overall: 0.5438, Change: 1.4774), TF Ratio: 0.742
[2026-06-15 17:21:14,303][root][INFO] - Epoch [5/5], Batch [93/300], Loss: 0.9931 (Overall: 0.8097, Change: 1.8010), TF Ratio: 0.741
[2026-06-15 17:21:14,456][root][INFO] - Epoch [5/5], Batch [94/300], Loss: 0.9932 (Overall: 0.6783, Change: 1.3424), TF Ratio: 0.741
[2026-06-15 17:21:14,608][root][INFO] - Epoch [5/5], Batch [95/300], Loss: 0.9940 (Overall: 0.7297, Change: 1.4056), TF Ratio: 0.741
[2026-06-15 17:21:15,804][root][INFO] - Epoch [5/5], Batch [96/300], Loss: 0.9933 (Overall: 0.5767, Change: 1.2784), TF Ratio: 0.741
[2026-06-15 17:21:15,957][root][INFO] - Epoch [5/5], Batch [97/300], Loss: 0.9934 (Overall: 0.8953, Change: 1.0939), TF Ratio: 0.741
[2026-06-15 17:21:16,111][root][INFO] - Epoch [5/5], Batch [98/300], Loss: 0.9923 (Overall: 0.5030, Change: 1.2752), TF Ratio: 0.740
[2026-06-15 17:21:16,265][root][INFO] - Epoch [5/5], Batch [99/300], Loss: 0.9911 (Overall: 0.6535, Change: 1.0960), TF Ratio: 0.740
[2026-06-15 17:21:25,533][root][INFO] - Epoch [5/5], Batch [100/300], Loss: 0.9907 (Overall: 0.7680, Change: 1.1373), TF Ratio: 0.740
[2026-06-15 17:21:25,691][root][INFO] - Epoch [5/5], Batch [101/300], Loss: 0.9902 (Overall: 0.4497, Change: 1.4261), TF Ratio: 0.740
[2026-06-15 17:21:25,843][root][INFO] - Epoch [5/5], Batch [102/300], Loss: 0.9899 (Overall: 0.6561, Change: 1.2726), TF Ratio: 0.740
[2026-06-15 17:21:25,995][root][INFO] - Epoch [5/5], Batch [103/300], Loss: 0.9866 (Overall: 0.5273, Change: 0.7725), TF Ratio: 0.739
[2026-06-15 17:21:29,912][root][INFO] - Epoch [5/5], Batch [104/300], Loss: 0.9873 (Overall: 0.6148, Change: 1.4991), TF Ratio: 0.739
[2026-06-15 17:21:30,068][root][INFO] - Epoch [5/5], Batch [105/300], Loss: 0.9864 (Overall: 0.6615, Change: 1.1251), TF Ratio: 0.739
[2026-06-15 17:21:30,220][root][INFO] - Epoch [5/5], Batch [106/300], Loss: 0.9867 (Overall: 0.6172, Change: 1.4168), TF Ratio: 0.739
[2026-06-15 17:21:30,372][root][INFO] - Epoch [5/5], Batch [107/300], Loss: 0.9882 (Overall: 0.8119, Change: 1.4790), TF Ratio: 0.739
[2026-06-15 17:21:40,219][root][INFO] - Epoch [5/5], Batch [108/300], Loss: 0.9877 (Overall: 0.9458, Change: 0.9258), TF Ratio: 0.738
[2026-06-15 17:21:40,375][root][INFO] - Epoch [5/5], Batch [109/300], Loss: 0.9900 (Overall: 0.8121, Change: 1.6712), TF Ratio: 0.738
[2026-06-15 17:21:40,527][root][INFO] - Epoch [5/5], Batch [110/300], Loss: 0.9897 (Overall: 0.5826, Change: 1.3165), TF Ratio: 0.738
[2026-06-15 17:21:40,679][root][INFO] - Epoch [5/5], Batch [111/300], Loss: 0.9881 (Overall: 0.7200, Change: 0.9013), TF Ratio: 0.738
[2026-06-15 17:21:47,409][root][INFO] - Epoch [5/5], Batch [112/300], Loss: 0.9881 (Overall: 0.6164, Change: 1.3798), TF Ratio: 0.738
[2026-06-15 17:21:47,565][root][INFO] - Epoch [5/5], Batch [113/300], Loss: 0.9886 (Overall: 0.5899, Change: 1.4908), TF Ratio: 0.737
[2026-06-15 17:21:47,717][root][INFO] - Epoch [5/5], Batch [114/300], Loss: 0.9881 (Overall: 0.5929, Change: 1.2626), TF Ratio: 0.737
[2026-06-15 17:21:47,869][root][INFO] - Epoch [5/5], Batch [115/300], Loss: 0.9890 (Overall: 0.5791, Change: 1.6113), TF Ratio: 0.737
[2026-06-15 17:22:02,352][root][INFO] - Epoch [5/5], Batch [116/300], Loss: 0.9903 (Overall: 0.5682, Change: 1.7103), TF Ratio: 0.737
[2026-06-15 17:22:02,507][root][INFO] - Epoch [5/5], Batch [117/300], Loss: 0.9896 (Overall: 0.6671, Change: 1.1532), TF Ratio: 0.737
[2026-06-15 17:22:02,660][root][INFO] - Epoch [5/5], Batch [118/300], Loss: 0.9884 (Overall: 0.5121, Change: 1.1705), TF Ratio: 0.736
[2026-06-15 17:22:02,812][root][INFO] - Epoch [5/5], Batch [119/300], Loss: 0.9875 (Overall: 0.5952, Change: 1.1875), TF Ratio: 0.736
[2026-06-15 17:22:02,984][root][INFO] - Epoch [5/5], Batch [120/300], Loss: 0.9896 (Overall: 0.6249, Change: 1.8403), TF Ratio: 0.736
[2026-06-15 17:22:03,137][root][INFO] - Epoch [5/5], Batch [121/300], Loss: 0.9912 (Overall: 0.6851, Change: 1.6966), TF Ratio: 0.736
[2026-06-15 17:22:03,290][root][INFO] - Epoch [5/5], Batch [122/300], Loss: 0.9915 (Overall: 0.7740, Change: 1.2607), TF Ratio: 0.736
[2026-06-15 17:22:03,443][root][INFO] - Epoch [5/5], Batch [123/300], Loss: 0.9908 (Overall: 0.4638, Change: 1.3624), TF Ratio: 0.735
[2026-06-15 17:22:14,871][root][INFO] - Epoch [5/5], Batch [124/300], Loss: 0.9907 (Overall: 0.6397, Change: 1.3074), TF Ratio: 0.735
[2026-06-15 17:22:15,027][root][INFO] - Epoch [5/5], Batch [125/300], Loss: 0.9909 (Overall: 0.8099, Change: 1.2351), TF Ratio: 0.735
[2026-06-15 17:22:15,180][root][INFO] - Epoch [5/5], Batch [126/300], Loss: 0.9922 (Overall: 0.7087, Change: 1.6020), TF Ratio: 0.735
[2026-06-15 17:22:15,333][root][INFO] - Epoch [5/5], Batch [127/300], Loss: 0.9916 (Overall: 0.5123, Change: 1.3124), TF Ratio: 0.735
[2026-06-15 17:22:18,818][root][INFO] - Epoch [5/5], Batch [128/300], Loss: 0.9919 (Overall: 0.8225, Change: 1.2275), TF Ratio: 0.734
[2026-06-15 17:22:18,972][root][INFO] - Epoch [5/5], Batch [129/300], Loss: 0.9907 (Overall: 0.5090, Change: 1.1831), TF Ratio: 0.734
[2026-06-15 17:22:19,124][root][INFO] - Epoch [5/5], Batch [130/300], Loss: 0.9910 (Overall: 0.6111, Change: 1.4421), TF Ratio: 0.734
[2026-06-15 17:22:19,276][root][INFO] - Epoch [5/5], Batch [131/300], Loss: 0.9899 (Overall: 0.4486, Change: 1.2364), TF Ratio: 0.734
[2026-06-15 17:22:31,819][root][INFO] - Epoch [5/5], Batch [132/300], Loss: 0.9937 (Overall: 1.1519, Change: 1.8338), TF Ratio: 0.734
[2026-06-15 17:22:31,974][root][INFO] - Epoch [5/5], Batch [133/300], Loss: 0.9939 (Overall: 0.8098, Change: 1.2320), TF Ratio: 0.733
[2026-06-15 17:22:32,127][root][INFO] - Epoch [5/5], Batch [134/300], Loss: 0.9940 (Overall: 0.9367, Change: 1.0887), TF Ratio: 0.733
[2026-06-15 17:22:32,279][root][INFO] - Epoch [5/5], Batch [135/300], Loss: 0.9942 (Overall: 0.4161, Change: 1.6166), TF Ratio: 0.733
[2026-06-15 17:22:33,143][root][INFO] - Epoch [5/5], Batch [136/300], Loss: 0.9948 (Overall: 0.4922, Change: 1.6612), TF Ratio: 0.733
[2026-06-15 17:22:33,297][root][INFO] - Epoch [5/5], Batch [137/300], Loss: 0.9942 (Overall: 0.6381, Change: 1.1776), TF Ratio: 0.733
[2026-06-15 17:22:33,449][root][INFO] - Epoch [5/5], Batch [138/300], Loss: 0.9924 (Overall: 0.5886, Change: 0.9051), TF Ratio: 0.732
[2026-06-15 17:22:33,606][root][INFO] - Epoch [5/5], Batch [139/300], Loss: 0.9931 (Overall: 0.8738, Change: 1.3218), TF Ratio: 0.732
[2026-06-15 17:22:45,288][root][INFO] - Epoch [5/5], Batch [140/300], Loss: 0.9958 (Overall: 0.2898, Change: 2.4502), TF Ratio: 0.732
[2026-06-15 17:22:45,445][root][INFO] - Epoch [5/5], Batch [141/300], Loss: 0.9953 (Overall: 0.4339, Change: 1.4044), TF Ratio: 0.732
[2026-06-15 17:22:45,598][root][INFO] - Epoch [5/5], Batch [142/300], Loss: 0.9942 (Overall: 0.4322, Change: 1.2401), TF Ratio: 0.732
[2026-06-15 17:22:45,753][root][INFO] - Epoch [5/5], Batch [143/300], Loss: 0.9935 (Overall: 0.6947, Change: 1.0926), TF Ratio: 0.731
[2026-06-15 17:22:47,242][root][INFO] - Epoch [5/5], Batch [144/300], Loss: 0.9945 (Overall: 0.8989, Change: 1.3855), TF Ratio: 0.731
[2026-06-15 17:22:47,396][root][INFO] - Epoch [5/5], Batch [145/300], Loss: 0.9924 (Overall: 0.4631, Change: 0.9016), TF Ratio: 0.731
[2026-06-15 17:22:47,549][root][INFO] - Epoch [5/5], Batch [146/300], Loss: 0.9927 (Overall: 0.5903, Change: 1.4962), TF Ratio: 0.731
[2026-06-15 17:22:47,702][root][INFO] - Epoch [5/5], Batch [147/300], Loss: 0.9925 (Overall: 0.6895, Change: 1.2269), TF Ratio: 0.731
[2026-06-15 17:23:02,417][root][INFO] - Epoch [5/5], Batch [148/300], Loss: 0.9922 (Overall: 0.6803, Change: 1.2383), TF Ratio: 0.730
[2026-06-15 17:23:02,572][root][INFO] - Epoch [5/5], Batch [149/300], Loss: 0.9928 (Overall: 0.7515, Change: 1.3850), TF Ratio: 0.730
[2026-06-15 17:23:02,725][root][INFO] - Epoch [5/5], Batch [150/300], Loss: 0.9947 (Overall: 0.6313, Change: 1.9261), TF Ratio: 0.730
[2026-06-15 17:23:02,877][root][INFO] - Epoch [5/5], Batch [151/300], Loss: 0.9953 (Overall: 0.5927, Change: 1.5869), TF Ratio: 0.730
[2026-06-15 17:23:03,042][root][INFO] - Epoch [5/5], Batch [152/300], Loss: 0.9921 (Overall: 0.4657, Change: 0.5588), TF Ratio: 0.730
[2026-06-15 17:23:03,196][root][INFO] - Epoch [5/5], Batch [153/300], Loss: 0.9926 (Overall: 0.6911, Change: 1.4404), TF Ratio: 0.729
[2026-06-15 17:23:03,348][root][INFO] - Epoch [5/5], Batch [154/300], Loss: 0.9921 (Overall: 0.7151, Change: 1.1198), TF Ratio: 0.729
[2026-06-15 17:23:03,501][root][INFO] - Epoch [5/5], Batch [155/300], Loss: 0.9915 (Overall: 0.5966, Change: 1.1948), TF Ratio: 0.729
[2026-06-15 17:23:16,084][root][INFO] - Epoch [5/5], Batch [156/300], Loss: 0.9913 (Overall: 1.0461, Change: 0.8868), TF Ratio: 0.729
[2026-06-15 17:23:16,239][root][INFO] - Epoch [5/5], Batch [157/300], Loss: 0.9915 (Overall: 0.8832, Change: 1.1442), TF Ratio: 0.729
[2026-06-15 17:23:16,392][root][INFO] - Epoch [5/5], Batch [158/300], Loss: 0.9916 (Overall: 0.5391, Change: 1.4850), TF Ratio: 0.728
[2026-06-15 17:23:16,544][root][INFO] - Epoch [5/5], Batch [159/300], Loss: 0.9916 (Overall: 0.6200, Change: 1.3675), TF Ratio: 0.728
[2026-06-15 17:23:16,719][root][INFO] - Epoch [5/5], Batch [160/300], Loss: 0.9909 (Overall: 0.6820, Change: 1.0678), TF Ratio: 0.728
[2026-06-15 17:23:16,872][root][INFO] - Epoch [5/5], Batch [161/300], Loss: 0.9926 (Overall: 0.9788, Change: 1.5693), TF Ratio: 0.728
[2026-06-15 17:23:17,024][root][INFO] - Epoch [5/5], Batch [162/300], Loss: 0.9927 (Overall: 0.5914, Change: 1.4293), TF Ratio: 0.728
[2026-06-15 17:23:17,176][root][INFO] - Epoch [5/5], Batch [163/300], Loss: 0.9925 (Overall: 0.6953, Change: 1.2113), TF Ratio: 0.727
[2026-06-15 17:23:32,215][root][INFO] - Epoch [5/5], Batch [164/300], Loss: 0.9923 (Overall: 0.7132, Change: 1.2072), TF Ratio: 0.727
[2026-06-15 17:23:32,378][root][INFO] - Epoch [5/5], Batch [165/300], Loss: 0.9918 (Overall: 0.5314, Change: 1.2901), TF Ratio: 0.727
[2026-06-15 17:23:32,531][root][INFO] - Epoch [5/5], Batch [166/300], Loss: 0.9906 (Overall: 0.3811, Change: 1.2118), TF Ratio: 0.727
[2026-06-15 17:23:32,683][root][INFO] - Epoch [5/5], Batch [167/300], Loss: 0.9919 (Overall: 0.6734, Change: 1.7200), TF Ratio: 0.727
[2026-06-15 17:23:32,851][root][INFO] - Epoch [5/5], Batch [168/300], Loss: 0.9912 (Overall: 0.9000, Change: 0.8457), TF Ratio: 0.726
[2026-06-15 17:23:33,004][root][INFO] - Epoch [5/5], Batch [169/300], Loss: 0.9910 (Overall: 0.4212, Change: 1.5122), TF Ratio: 0.726
[2026-06-15 17:23:33,158][root][INFO] - Epoch [5/5], Batch [170/300], Loss: 0.9909 (Overall: 0.5115, Change: 1.4219), TF Ratio: 0.726
[2026-06-15 17:23:33,311][root][INFO] - Epoch [5/5], Batch [171/300], Loss: 0.9918 (Overall: 1.0030, Change: 1.2881), TF Ratio: 0.726
[2026-06-15 17:23:45,307][root][INFO] - Epoch [5/5], Batch [172/300], Loss: 0.9928 (Overall: 0.9648, Change: 1.3849), TF Ratio: 0.726
[2026-06-15 17:23:45,462][root][INFO] - Epoch [5/5], Batch [173/300], Loss: 0.9932 (Overall: 0.6252, Change: 1.4847), TF Ratio: 0.725
[2026-06-15 17:23:45,614][root][INFO] - Epoch [5/5], Batch [174/300], Loss: 0.9947 (Overall: 0.3663, Change: 2.1310), TF Ratio: 0.725
[2026-06-15 17:23:45,767][root][INFO] - Epoch [5/5], Batch [175/300], Loss: 0.9919 (Overall: 0.3637, Change: 0.6534), TF Ratio: 0.725
[2026-06-15 17:23:45,948][root][INFO] - Epoch [5/5], Batch [176/300], Loss: 0.9912 (Overall: 0.5672, Change: 1.1847), TF Ratio: 0.725
[2026-06-15 17:23:46,101][root][INFO] - Epoch [5/5], Batch [177/300], Loss: 0.9928 (Overall: 0.8149, Change: 1.7114), TF Ratio: 0.725
[2026-06-15 17:23:46,273][root][INFO] - Epoch [5/5], Batch [178/300], Loss: 0.9929 (Overall: 0.5095, Change: 1.5140), TF Ratio: 0.724
[2026-06-15 17:23:46,425][root][INFO] - Epoch [5/5], Batch [179/300], Loss: 0.9928 (Overall: 0.5221, Change: 1.4309), TF Ratio: 0.724
[2026-06-15 17:23:59,477][root][INFO] - Epoch [5/5], Batch [180/300], Loss: 0.9903 (Overall: 0.5220, Change: 0.5605), TF Ratio: 0.724
[2026-06-15 17:23:59,633][root][INFO] - Epoch [5/5], Batch [181/300], Loss: 0.9907 (Overall: 0.8091, Change: 1.3111), TF Ratio: 0.724
[2026-06-15 17:23:59,785][root][INFO] - Epoch [5/5], Batch [182/300], Loss: 0.9894 (Overall: 0.8118, Change: 0.7080), TF Ratio: 0.724
[2026-06-15 17:23:59,938][root][INFO] - Epoch [5/5], Batch [183/300], Loss: 0.9877 (Overall: 0.5036, Change: 0.8580), TF Ratio: 0.723
[2026-06-15 17:24:02,683][root][INFO] - Epoch [5/5], Batch [184/300], Loss: 0.9882 (Overall: 0.9197, Change: 1.2262), TF Ratio: 0.723
[2026-06-15 17:24:02,843][root][INFO] - Epoch [5/5], Batch [185/300], Loss: 0.9883 (Overall: 0.8743, Change: 1.1314), TF Ratio: 0.723
[2026-06-15 17:24:02,996][root][INFO] - Epoch [5/5], Batch [186/300], Loss: 0.9892 (Overall: 0.5333, Change: 1.7975), TF Ratio: 0.723
[2026-06-15 17:24:03,148][root][INFO] - Epoch [5/5], Batch [187/300], Loss: 0.9899 (Overall: 0.5283, Change: 1.6983), TF Ratio: 0.723
[2026-06-15 17:24:11,938][root][INFO] - Epoch [5/5], Batch [188/300], Loss: 0.9915 (Overall: 0.6786, Change: 1.9252), TF Ratio: 0.722
[2026-06-15 17:24:12,095][root][INFO] - Epoch [5/5], Batch [189/300], Loss: 0.9911 (Overall: 0.6049, Change: 1.2206), TF Ratio: 0.722
[2026-06-15 17:24:12,247][root][INFO] - Epoch [5/5], Batch [190/300], Loss: 0.9918 (Overall: 0.6106, Change: 1.6360), TF Ratio: 0.722
[2026-06-15 17:24:12,399][root][INFO] - Epoch [5/5], Batch [191/300], Loss: 0.9900 (Overall: 0.4935, Change: 0.7890), TF Ratio: 0.722
[2026-06-15 17:24:13,784][root][INFO] - Epoch [5/5], Batch [192/300], Loss: 0.9905 (Overall: 0.7411, Change: 1.4353), TF Ratio: 0.722
[2026-06-15 17:24:13,937][root][INFO] - Epoch [5/5], Batch [193/300], Loss: 0.9897 (Overall: 0.6464, Change: 1.0417), TF Ratio: 0.721
[2026-06-15 17:24:14,089][root][INFO] - Epoch [5/5], Batch [194/300], Loss: 0.9898 (Overall: 0.7513, Change: 1.2569), TF Ratio: 0.721
[2026-06-15 17:24:14,241][root][INFO] - Epoch [5/5], Batch [195/300], Loss: 0.9897 (Overall: 0.6310, Change: 1.3140), TF Ratio: 0.721
[2026-06-15 17:24:27,828][root][INFO] - Epoch [5/5], Batch [196/300], Loss: 0.9894 (Overall: 0.5819, Change: 1.2721), TF Ratio: 0.721
[2026-06-15 17:24:27,983][root][INFO] - Epoch [5/5], Batch [197/300], Loss: 0.9895 (Overall: 0.5051, Change: 1.5242), TF Ratio: 0.721
[2026-06-15 17:24:28,135][root][INFO] - Epoch [5/5], Batch [198/300], Loss: 0.9900 (Overall: 0.8117, Change: 1.3693), TF Ratio: 0.720
[2026-06-15 17:24:28,287][root][INFO] - Epoch [5/5], Batch [199/300], Loss: 0.9913 (Overall: 0.8458, Change: 1.6294), TF Ratio: 0.720
[2026-06-15 17:24:28,460][root][INFO] - Epoch [5/5], Batch [200/300], Loss: 0.9903 (Overall: 0.6876, Change: 0.9245), TF Ratio: 0.720
[2026-06-15 17:24:28,613][root][INFO] - Epoch [5/5], Batch [201/300], Loss: 0.9898 (Overall: 0.4622, Change: 1.3180), TF Ratio: 0.720
[2026-06-15 17:24:28,765][root][INFO] - Epoch [5/5], Batch [202/300], Loss: 0.9895 (Overall: 0.5143, Change: 1.3308), TF Ratio: 0.720
[2026-06-15 17:24:28,917][root][INFO] - Epoch [5/5], Batch [203/300], Loss: 0.9896 (Overall: 0.5921, Change: 1.4205), TF Ratio: 0.719
[2026-06-15 17:24:45,713][root][INFO] - Epoch [5/5], Batch [204/300], Loss: 0.9897 (Overall: 0.5125, Change: 1.4991), TF Ratio: 0.719
[2026-06-15 17:24:45,868][root][INFO] - Epoch [5/5], Batch [205/300], Loss: 0.9890 (Overall: 0.7143, Change: 1.0027), TF Ratio: 0.719
[2026-06-15 17:24:46,020][root][INFO] - Epoch [5/5], Batch [206/300], Loss: 0.9882 (Overall: 0.5081, Change: 1.1365), TF Ratio: 0.719
[2026-06-15 17:24:46,173][root][INFO] - Epoch [5/5], Batch [207/300], Loss: 0.9881 (Overall: 0.4588, Change: 1.4830), TF Ratio: 0.719
[2026-06-15 17:24:46,339][root][INFO] - Epoch [5/5], Batch [208/300], Loss: 0.9878 (Overall: 0.5783, Change: 1.2537), TF Ratio: 0.718
[2026-06-15 17:24:46,491][root][INFO] - Epoch [5/5], Batch [209/300], Loss: 0.9875 (Overall: 0.5736, Change: 1.2637), TF Ratio: 0.718
[2026-06-15 17:24:46,644][root][INFO] - Epoch [5/5], Batch [210/300], Loss: 0.9867 (Overall: 0.6386, Change: 1.0225), TF Ratio: 0.718
[2026-06-15 17:24:46,796][root][INFO] - Epoch [5/5], Batch [211/300], Loss: 0.9870 (Overall: 0.6581, Change: 1.4470), TF Ratio: 0.718
[2026-06-15 17:25:06,586][root][INFO] - Epoch [5/5], Batch [212/300], Loss: 0.9888 (Overall: 1.1671, Change: 1.5531), TF Ratio: 0.718
[2026-06-15 17:25:06,741][root][INFO] - Epoch [5/5], Batch [213/300], Loss: 0.9881 (Overall: 0.5579, Change: 1.1123), TF Ratio: 0.717
[2026-06-15 17:25:06,893][root][INFO] - Epoch [5/5], Batch [214/300], Loss: 0.9882 (Overall: 0.6681, Change: 1.3594), TF Ratio: 0.717
[2026-06-15 17:25:07,045][root][INFO] - Epoch [5/5], Batch [215/300], Loss: 0.9875 (Overall: 0.5915, Change: 1.0957), TF Ratio: 0.717
[2026-06-15 17:25:07,217][root][INFO] - Epoch [5/5], Batch [216/300], Loss: 0.9878 (Overall: 0.5533, Change: 1.5640), TF Ratio: 0.717
[2026-06-15 17:25:07,370][root][INFO] - Epoch [5/5], Batch [217/300], Loss: 0.9883 (Overall: 0.6215, Change: 1.5724), TF Ratio: 0.717
[2026-06-15 17:25:07,523][root][INFO] - Epoch [5/5], Batch [218/300], Loss: 0.9875 (Overall: 0.7330, Change: 0.8912), TF Ratio: 0.716
[2026-06-15 17:25:07,676][root][INFO] - Epoch [5/5], Batch [219/300], Loss: 0.9880 (Overall: 0.7050, Change: 1.4697), TF Ratio: 0.716
[2026-06-15 17:25:23,939][root][INFO] - Epoch [5/5], Batch [220/300], Loss: 0.9881 (Overall: 0.8872, Change: 1.1231), TF Ratio: 0.716
[2026-06-15 17:25:24,093][root][INFO] - Epoch [5/5], Batch [221/300], Loss: 0.9880 (Overall: 0.8251, Change: 1.1171), TF Ratio: 0.716
[2026-06-15 17:25:24,246][root][INFO] - Epoch [5/5], Batch [222/300], Loss: 0.9874 (Overall: 0.4797, Change: 1.2280), TF Ratio: 0.716
[2026-06-15 17:25:24,397][root][INFO] - Epoch [5/5], Batch [223/300], Loss: 0.9874 (Overall: 0.7244, Change: 1.2370), TF Ratio: 0.715
[2026-06-15 17:25:24,570][root][INFO] - Epoch [5/5], Batch [224/300], Loss: 0.9876 (Overall: 0.7430, Change: 1.3599), TF Ratio: 0.715
[2026-06-15 17:25:24,723][root][INFO] - Epoch [5/5], Batch [225/300], Loss: 0.9878 (Overall: 0.8105, Change: 1.2525), TF Ratio: 0.715
[2026-06-15 17:25:24,876][root][INFO] - Epoch [5/5], Batch [226/300], Loss: 0.9880 (Overall: 0.5857, Change: 1.4486), TF Ratio: 0.715
[2026-06-15 17:25:25,030][root][INFO] - Epoch [5/5], Batch [227/300], Loss: 0.9874 (Overall: 0.4700, Change: 1.2501), TF Ratio: 0.715
[2026-06-15 17:25:36,522][root][INFO] - Epoch [5/5], Batch [228/300], Loss: 0.9877 (Overall: 0.6985, Change: 1.4178), TF Ratio: 0.714
[2026-06-15 17:25:36,676][root][INFO] - Epoch [5/5], Batch [229/300], Loss: 0.9874 (Overall: 0.6523, Change: 1.1798), TF Ratio: 0.714
[2026-06-15 17:25:36,828][root][INFO] - Epoch [5/5], Batch [230/300], Loss: 0.9879 (Overall: 0.9304, Change: 1.2673), TF Ratio: 0.714
[2026-06-15 17:25:36,980][root][INFO] - Epoch [5/5], Batch [231/300], Loss: 0.9883 (Overall: 0.7996, Change: 1.3875), TF Ratio: 0.714
[2026-06-15 17:25:37,148][root][INFO] - Epoch [5/5], Batch [232/300], Loss: 0.9893 (Overall: 0.8148, Change: 1.6010), TF Ratio: 0.714
[2026-06-15 17:25:37,300][root][INFO] - Epoch [5/5], Batch [233/300], Loss: 0.9898 (Overall: 0.8579, Change: 1.3692), TF Ratio: 0.713
[2026-06-15 17:25:37,453][root][INFO] - Epoch [5/5], Batch [234/300], Loss: 0.9911 (Overall: 0.8458, Change: 1.7113), TF Ratio: 0.713
[2026-06-15 17:25:37,607][root][INFO] - Epoch [5/5], Batch [235/300], Loss: 0.9907 (Overall: 0.7871, Change: 1.0196), TF Ratio: 0.713
[2026-06-15 17:25:54,337][root][INFO] - Epoch [5/5], Batch [236/300], Loss: 0.9911 (Overall: 0.6476, Change: 1.5360), TF Ratio: 0.713
[2026-06-15 17:25:54,492][root][INFO] - Epoch [5/5], Batch [237/300], Loss: 0.9901 (Overall: 0.7310, Change: 0.7627), TF Ratio: 0.713
[2026-06-15 17:25:54,643][root][INFO] - Epoch [5/5], Batch [238/300], Loss: 0.9900 (Overall: 0.9019, Change: 1.0554), TF Ratio: 0.712
[2026-06-15 17:25:54,795][root][INFO] - Epoch [5/5], Batch [239/300], Loss: 0.9902 (Overall: 0.7856, Change: 1.2568), TF Ratio: 0.712
[2026-06-15 17:25:54,965][root][INFO] - Epoch [5/5], Batch [240/300], Loss: 0.9898 (Overall: 0.7148, Change: 1.0693), TF Ratio: 0.712
[2026-06-15 17:25:55,118][root][INFO] - Epoch [5/5], Batch [241/300], Loss: 0.9900 (Overall: 0.4756, Change: 1.6424), TF Ratio: 0.712
[2026-06-15 17:25:55,270][root][INFO] - Epoch [5/5], Batch [242/300], Loss: 0.9898 (Overall: 0.6973, Change: 1.1586), TF Ratio: 0.712
[2026-06-15 17:25:55,422][root][INFO] - Epoch [5/5], Batch [243/300], Loss: 0.9906 (Overall: 0.6993, Change: 1.6636), TF Ratio: 0.711
[2026-06-15 17:26:08,546][root][INFO] - Epoch [5/5], Batch [244/300], Loss: 0.9908 (Overall: 0.7368, Change: 1.3435), TF Ratio: 0.711
[2026-06-15 17:26:08,702][root][INFO] - Epoch [5/5], Batch [245/300], Loss: 0.9909 (Overall: 0.5433, Change: 1.4743), TF Ratio: 0.711
[2026-06-15 17:26:08,854][root][INFO] - Epoch [5/5], Batch [246/300], Loss: 0.9909 (Overall: 0.6289, Change: 1.3873), TF Ratio: 0.711
[2026-06-15 17:26:09,006][root][INFO] - Epoch [5/5], Batch [247/300], Loss: 0.9911 (Overall: 0.6561, Change: 1.4243), TF Ratio: 0.711
[2026-06-15 17:26:09,182][root][INFO] - Epoch [5/5], Batch [248/300], Loss: 0.9911 (Overall: 0.7260, Change: 1.2579), TF Ratio: 0.710
[2026-06-15 17:26:09,335][root][INFO] - Epoch [5/5], Batch [249/300], Loss: 0.9910 (Overall: 0.7192, Change: 1.2061), TF Ratio: 0.710
[2026-06-15 17:26:09,488][root][INFO] - Epoch [5/5], Batch [250/300], Loss: 0.9914 (Overall: 0.6815, Change: 1.4727), TF Ratio: 0.710
[2026-06-15 17:26:09,640][root][INFO] - Epoch [5/5], Batch [251/300], Loss: 0.9914 (Overall: 0.6583, Change: 1.3305), TF Ratio: 0.710
[2026-06-15 17:26:22,526][root][INFO] - Epoch [5/5], Batch [252/300], Loss: 0.9910 (Overall: 0.5106, Change: 1.2964), TF Ratio: 0.710
[2026-06-15 17:26:22,683][root][INFO] - Epoch [5/5], Batch [253/300], Loss: 0.9907 (Overall: 0.7491, Change: 1.0793), TF Ratio: 0.709
[2026-06-15 17:26:22,836][root][INFO] - Epoch [5/5], Batch [254/300], Loss: 0.9908 (Overall: 0.4922, Change: 1.5397), TF Ratio: 0.709
[2026-06-15 17:26:22,989][root][INFO] - Epoch [5/5], Batch [255/300], Loss: 0.9918 (Overall: 1.2079, Change: 1.2881), TF Ratio: 0.709
[2026-06-15 17:26:23,159][root][INFO] - Epoch [5/5], Batch [256/300], Loss: 0.9921 (Overall: 0.7098, Change: 1.4221), TF Ratio: 0.709
[2026-06-15 17:26:23,312][root][INFO] - Epoch [5/5], Batch [257/300], Loss: 0.9916 (Overall: 0.4944, Change: 1.2212), TF Ratio: 0.709
[2026-06-15 17:26:23,464][root][INFO] - Epoch [5/5], Batch [258/300], Loss: 0.9920 (Overall: 0.6478, Change: 1.5416), TF Ratio: 0.708
[2026-06-15 17:26:23,616][root][INFO] - Epoch [5/5], Batch [259/300], Loss: 0.9919 (Overall: 0.5637, Change: 1.3722), TF Ratio: 0.708
[2026-06-15 17:26:34,776][root][INFO] - Epoch [5/5], Batch [260/300], Loss: 0.9911 (Overall: 0.3522, Change: 1.2011), TF Ratio: 0.708
[2026-06-15 17:26:34,933][root][INFO] - Epoch [5/5], Batch [261/300], Loss: 0.9910 (Overall: 0.6020, Change: 1.3616), TF Ratio: 0.708
[2026-06-15 17:26:35,086][root][INFO] - Epoch [5/5], Batch [262/300], Loss: 0.9905 (Overall: 0.6563, Change: 1.0411), TF Ratio: 0.708
[2026-06-15 17:26:35,240][root][INFO] - Epoch [5/5], Batch [263/300], Loss: 0.9904 (Overall: 0.5336, Change: 1.3953), TF Ratio: 0.707
[2026-06-15 17:26:35,406][root][INFO] - Epoch [5/5], Batch [264/300], Loss: 0.9905 (Overall: 0.8112, Change: 1.2053), TF Ratio: 0.707
[2026-06-15 17:26:35,559][root][INFO] - Epoch [5/5], Batch [265/300], Loss: 0.9902 (Overall: 0.7849, Change: 1.0530), TF Ratio: 0.707
[2026-06-15 17:26:35,721][root][INFO] - Epoch [5/5], Batch [266/300], Loss: 0.9903 (Overall: 0.7142, Change: 1.3254), TF Ratio: 0.707
[2026-06-15 17:26:35,873][root][INFO] - Epoch [5/5], Batch [267/300], Loss: 0.9901 (Overall: 0.7819, Change: 1.1018), TF Ratio: 0.707
[2026-06-15 17:26:52,182][root][INFO] - Epoch [5/5], Batch [268/300], Loss: 0.9901 (Overall: 0.6082, Change: 1.3527), TF Ratio: 0.706
[2026-06-15 17:26:52,337][root][INFO] - Epoch [5/5], Batch [269/300], Loss: 0.9899 (Overall: 0.3915, Change: 1.4626), TF Ratio: 0.706
[2026-06-15 17:26:52,489][root][INFO] - Epoch [5/5], Batch [270/300], Loss: 0.9897 (Overall: 0.8297, Change: 1.0864), TF Ratio: 0.706
[2026-06-15 17:26:52,641][root][INFO] - Epoch [5/5], Batch [271/300], Loss: 0.9902 (Overall: 0.5785, Change: 1.6283), TF Ratio: 0.706
[2026-06-15 17:26:52,811][root][INFO] - Epoch [5/5], Batch [272/300], Loss: 0.9901 (Overall: 0.6122, Change: 1.3585), TF Ratio: 0.706
[2026-06-15 17:26:52,964][root][INFO] - Epoch [5/5], Batch [273/300], Loss: 0.9901 (Overall: 0.4544, Change: 1.5069), TF Ratio: 0.705
[2026-06-15 17:26:53,116][root][INFO] - Epoch [5/5], Batch [274/300], Loss: 0.9891 (Overall: 0.5728, Change: 0.8732), TF Ratio: 0.705
[2026-06-15 17:26:53,269][root][INFO] - Epoch [5/5], Batch [275/300], Loss: 0.9893 (Overall: 0.7759, Change: 1.2939), TF Ratio: 0.705
[2026-06-15 17:27:14,128][root][INFO] - Epoch [5/5], Batch [276/300], Loss: 0.9901 (Overall: 0.6913, Change: 1.7299), TF Ratio: 0.705
[2026-06-15 17:27:14,284][root][INFO] - Epoch [5/5], Batch [277/300], Loss: 0.9905 (Overall: 0.5607, Change: 1.6303), TF Ratio: 0.705
[2026-06-15 17:27:14,436][root][INFO] - Epoch [5/5], Batch [278/300], Loss: 0.9910 (Overall: 0.7400, Change: 1.5555), TF Ratio: 0.704
[2026-06-15 17:27:14,589][root][INFO] - Epoch [5/5], Batch [279/300], Loss: 0.9912 (Overall: 0.4651, Change: 1.6018), TF Ratio: 0.704
[2026-06-15 17:27:14,756][root][INFO] - Epoch [5/5], Batch [280/300], Loss: 0.9902 (Overall: 0.4975, Change: 0.9374), TF Ratio: 0.704
[2026-06-15 17:27:14,909][root][INFO] - Epoch [5/5], Batch [281/300], Loss: 0.9902 (Overall: 0.8735, Change: 1.0812), TF Ratio: 0.704
[2026-06-15 17:27:15,062][root][INFO] - Epoch [5/5], Batch [282/300], Loss: 0.9903 (Overall: 1.0317, Change: 1.0234), TF Ratio: 0.704
[2026-06-15 17:27:15,214][root][INFO] - Epoch [5/5], Batch [283/300], Loss: 0.9906 (Overall: 0.9248, Change: 1.2414), TF Ratio: 0.703
[2026-06-15 17:27:29,676][root][INFO] - Epoch [5/5], Batch [284/300], Loss: 0.9905 (Overall: 0.4546, Change: 1.4457), TF Ratio: 0.703
[2026-06-15 17:27:29,831][root][INFO] - Epoch [5/5], Batch [285/300], Loss: 0.9905 (Overall: 0.3886, Change: 1.5833), TF Ratio: 0.703
[2026-06-15 17:27:29,983][root][INFO] - Epoch [5/5], Batch [286/300], Loss: 0.9902 (Overall: 0.5167, Change: 1.3231), TF Ratio: 0.703
[2026-06-15 17:27:30,135][root][INFO] - Epoch [5/5], Batch [287/300], Loss: 0.9901 (Overall: 0.6206, Change: 1.3028), TF Ratio: 0.703
[2026-06-15 17:27:30,303][root][INFO] - Epoch [5/5], Batch [288/300], Loss: 0.9913 (Overall: 1.2970, Change: 1.3496), TF Ratio: 0.702
[2026-06-15 17:27:30,456][root][INFO] - Epoch [5/5], Batch [289/300], Loss: 0.9915 (Overall: 0.6806, Change: 1.4474), TF Ratio: 0.702
[2026-06-15 17:27:30,608][root][INFO] - Epoch [5/5], Batch [290/300], Loss: 0.9924 (Overall: 0.7656, Change: 1.7327), TF Ratio: 0.702
[2026-06-15 17:27:30,761][root][INFO] - Epoch [5/5], Batch [291/300], Loss: 0.9922 (Overall: 0.8682, Change: 1.0063), TF Ratio: 0.702
[2026-06-15 17:27:42,058][root][INFO] - Epoch [5/5], Batch [292/300], Loss: 0.9924 (Overall: 0.4168, Change: 1.6696), TF Ratio: 0.702
[2026-06-15 17:27:42,213][root][INFO] - Epoch [5/5], Batch [293/300], Loss: 0.9933 (Overall: 0.7415, Change: 1.7714), TF Ratio: 0.701
[2026-06-15 17:27:42,365][root][INFO] - Epoch [5/5], Batch [294/300], Loss: 0.9934 (Overall: 0.7009, Change: 1.3619), TF Ratio: 0.701
[2026-06-15 17:27:42,518][root][INFO] - Epoch [5/5], Batch [295/300], Loss: 0.9936 (Overall: 0.7171, Change: 1.3619), TF Ratio: 0.701
[2026-06-15 17:27:42,687][root][INFO] - Epoch [5/5], Batch [296/300], Loss: 0.9934 (Overall: 0.5978, Change: 1.2801), TF Ratio: 0.701
[2026-06-15 17:27:42,840][root][INFO] - Epoch [5/5], Batch [297/300], Loss: 0.9934 (Overall: 0.7946, Change: 1.1645), TF Ratio: 0.701
[2026-06-15 17:27:42,993][root][INFO] - Epoch [5/5], Batch [298/300], Loss: 0.9932 (Overall: 0.8737, Change: 1.0033), TF Ratio: 0.700
[2026-06-15 17:27:43,145][root][INFO] - Epoch [5/5], Batch [299/300], Loss: 0.9933 (Overall: 0.8948, Change: 1.1688), TF Ratio: 0.700
[2026-06-15 17:27:55,706][root][INFO] - Epoch [5/5], Batch [300/300], Loss: 0.9933 (Overall: 0.7724, Change: 1.2164), TF Ratio: 0.700
[2026-06-15 17:27:59,483][root][INFO] - Epoch 5 done. Validating...
[2026-06-15 17:28:48,879][root][INFO] - Epoch [5/5] | Train: 0.9988 | Val: 0.7114
[2026-06-15 17:28:49,088][root][INFO] - Checkpoint saved: /gpfs/scratch/bsc32/bsc096444/ai4land-tfm/trained_models/unet_impl/41825124/best_model.pth
[2026-06-15 17:28:49,267][root][INFO] - Checkpoint saved: /gpfs/scratch/bsc32/bsc096444/ai4land-tfm/trained_models/unet_impl/41825124/model_epoch_5.pth
[2026-06-15 17:28:49,939][root][INFO] - Training complete.
