2026-06-14 21:43:35,833 - INFO - Recurrent UNet Model Successfully Configured and Initialized.
2026-06-14 21:43:35,833 - INFO - Starting from scratch (no valid checkpoint provided).
2026-06-14 21:43:36,279 - INFO - Train: 4480000 samples, Val: 640000 samples
2026-06-14 21:43:41,915 - INFO - Starting training from epoch 1
2026-06-14 21:43:45,504 - INFO - Epoch [1/5], Batch [1/300], Loss: 2.3660 (Overall: 2.4256, Change: 2.3065), TF Ratio: 1.000
2026-06-14 21:43:47,100 - INFO - Epoch [1/5], Batch [2/300], Loss: 2.3299 (Overall: 2.3497, Change: 2.2376), TF Ratio: 1.000
2026-06-14 21:43:47,308 - INFO - Epoch [1/5], Batch [3/300], Loss: 2.3140 (Overall: 2.3525, Change: 2.2119), TF Ratio: 0.999
2026-06-14 21:43:47,761 - INFO - Epoch [1/5], Batch [4/300], Loss: 2.3067 (Overall: 2.4050, Change: 2.1648), TF Ratio: 0.999
2026-06-14 21:43:47,916 - INFO - Epoch [1/5], Batch [5/300], Loss: 2.2660 (Overall: 2.1543, Change: 2.0517), TF Ratio: 0.999
2026-06-14 21:43:48,076 - INFO - Epoch [1/5], Batch [6/300], Loss: 2.2307 (Overall: 1.9858, Change: 2.1226), TF Ratio: 0.999
2026-06-14 21:43:48,228 - INFO - Epoch [1/5], Batch [7/300], Loss: 2.1680 (Overall: 1.8446, Change: 1.7389), TF Ratio: 0.999
2026-06-14 21:43:50,153 - INFO - Epoch [1/5], Batch [8/300], Loss: 2.1429 (Overall: 1.8821, Change: 2.0523), TF Ratio: 0.998
2026-06-14 21:43:50,306 - INFO - Epoch [1/5], Batch [9/300], Loss: 2.0852 (Overall: 1.5812, Change: 1.6661), TF Ratio: 0.998
2026-06-14 21:43:50,458 - INFO - Epoch [1/5], Batch [10/300], Loss: 2.0613 (Overall: 1.7936, Change: 1.8990), TF Ratio: 0.998
2026-06-14 21:43:50,610 - INFO - Epoch [1/5], Batch [11/300], Loss: 2.0456 (Overall: 1.5945, Change: 2.1832), TF Ratio: 0.998
2026-06-14 21:43:50,785 - INFO - Epoch [1/5], Batch [12/300], Loss: 2.0188 (Overall: 1.6511, Change: 1.7965), TF Ratio: 0.998
2026-06-14 21:43:50,941 - INFO - Epoch [1/5], Batch [13/300], Loss: 2.0032 (Overall: 1.7091, Change: 1.9227), TF Ratio: 0.997
2026-06-14 21:43:51,093 - INFO - Epoch [1/5], Batch [14/300], Loss: 1.9930 (Overall: 1.6197, Change: 2.1015), TF Ratio: 0.997
2026-06-14 21:43:51,244 - INFO - Epoch [1/5], Batch [15/300], Loss: 1.9761 (Overall: 1.5802, Change: 1.8979), TF Ratio: 0.997
2026-06-14 21:43:52,646 - INFO - Epoch [1/5], Batch [16/300], Loss: 1.9639 (Overall: 1.7548, Change: 1.8083), TF Ratio: 0.997
2026-06-14 21:43:52,799 - INFO - Epoch [1/5], Batch [17/300], Loss: 1.9459 (Overall: 1.5466, Change: 1.7683), TF Ratio: 0.997
2026-06-14 21:43:52,952 - INFO - Epoch [1/5], Batch [18/300], Loss: 1.9379 (Overall: 1.6232, Change: 1.9822), TF Ratio: 0.996
2026-06-14 21:43:53,104 - INFO - Epoch [1/5], Batch [19/300], Loss: 1.9276 (Overall: 1.5539, Change: 1.9288), TF Ratio: 0.996
2026-06-14 21:43:53,306 - INFO - Epoch [1/5], Batch [20/300], Loss: 1.9217 (Overall: 1.6349, Change: 1.9833), TF Ratio: 0.996
2026-06-14 21:43:53,460 - INFO - Epoch [1/5], Batch [21/300], Loss: 1.9048 (Overall: 1.3280, Change: 1.8051), TF Ratio: 0.996
2026-06-14 21:43:53,614 - INFO - Epoch [1/5], Batch [22/300], Loss: 1.8907 (Overall: 1.4683, Change: 1.7235), TF Ratio: 0.996
2026-06-14 21:43:53,766 - INFO - Epoch [1/5], Batch [23/300], Loss: 1.8730 (Overall: 1.4140, Change: 1.5521), TF Ratio: 0.995
2026-06-14 21:43:53,927 - INFO - Epoch [1/5], Batch [24/300], Loss: 1.8652 (Overall: 1.4478, Change: 1.9264), TF Ratio: 0.995
2026-06-14 21:43:54,082 - INFO - Epoch [1/5], Batch [25/300], Loss: 1.8487 (Overall: 1.2640, Change: 1.6385), TF Ratio: 0.995
2026-06-14 21:43:54,235 - INFO - Epoch [1/5], Batch [26/300], Loss: 1.8380 (Overall: 1.2300, Change: 1.9104), TF Ratio: 0.995
2026-06-14 21:43:54,388 - INFO - Epoch [1/5], Batch [27/300], Loss: 1.8359 (Overall: 1.4322, Change: 2.1293), TF Ratio: 0.995
2026-06-14 21:43:54,648 - INFO - Epoch [1/5], Batch [28/300], Loss: 1.8257 (Overall: 1.2786, Change: 1.8246), TF Ratio: 0.994
2026-06-14 21:43:55,244 - INFO - Epoch [1/5], Batch [29/300], Loss: 1.8104 (Overall: 1.3217, Change: 1.4394), TF Ratio: 0.994
2026-06-14 21:43:55,396 - INFO - Epoch [1/5], Batch [30/300], Loss: 1.7988 (Overall: 1.2965, Change: 1.6302), TF Ratio: 0.994
2026-06-14 21:43:55,554 - INFO - Epoch [1/5], Batch [31/300], Loss: 1.7899 (Overall: 1.3025, Change: 1.7451), TF Ratio: 0.994
2026-06-14 21:43:55,740 - INFO - Epoch [1/5], Batch [32/300], Loss: 1.7766 (Overall: 1.2722, Change: 1.4525), TF Ratio: 0.994
2026-06-14 21:43:55,892 - INFO - Epoch [1/5], Batch [33/300], Loss: 1.7696 (Overall: 1.3223, Change: 1.7697), TF Ratio: 0.993
2026-06-14 21:43:56,044 - INFO - Epoch [1/5], Batch [34/300], Loss: 1.7518 (Overall: 1.2965, Change: 1.0376), TF Ratio: 0.993
2026-06-14 21:43:56,197 - INFO - Epoch [1/5], Batch [35/300], Loss: 1.7386 (Overall: 1.1939, Change: 1.3833), TF Ratio: 0.993
2026-06-14 21:43:56,374 - INFO - Epoch [1/5], Batch [36/300], Loss: 1.7391 (Overall: 1.4468, Change: 2.0640), TF Ratio: 0.993
2026-06-14 21:43:56,534 - INFO - Epoch [1/5], Batch [37/300], Loss: 1.7350 (Overall: 1.2624, Change: 1.9145), TF Ratio: 0.993
2026-06-14 21:43:56,686 - INFO - Epoch [1/5], Batch [38/300], Loss: 1.7316 (Overall: 1.2488, Change: 1.9607), TF Ratio: 0.992
2026-06-14 21:43:56,838 - INFO - Epoch [1/5], Batch [39/300], Loss: 1.7231 (Overall: 1.1775, Change: 1.6226), TF Ratio: 0.992
2026-06-14 21:43:56,998 - INFO - Epoch [1/5], Batch [40/300], Loss: 1.7166 (Overall: 1.0933, Change: 1.8312), TF Ratio: 0.992
2026-06-14 21:43:57,150 - INFO - Epoch [1/5], Batch [41/300], Loss: 1.7109 (Overall: 1.2528, Change: 1.7158), TF Ratio: 0.992
2026-06-14 21:43:57,302 - INFO - Epoch [1/5], Batch [42/300], Loss: 1.7075 (Overall: 1.3118, Change: 1.8231), TF Ratio: 0.992
2026-06-14 21:43:57,453 - INFO - Epoch [1/5], Batch [43/300], Loss: 1.7032 (Overall: 1.3887, Change: 1.6556), TF Ratio: 0.991
2026-06-14 21:43:57,615 - INFO - Epoch [1/5], Batch [44/300], Loss: 1.6987 (Overall: 1.4044, Change: 1.6070), TF Ratio: 0.991
2026-06-14 21:43:57,768 - INFO - Epoch [1/5], Batch [45/300], Loss: 1.6949 (Overall: 1.2087, Change: 1.8460), TF Ratio: 0.991
2026-06-14 21:43:57,920 - INFO - Epoch [1/5], Batch [46/300], Loss: 1.6872 (Overall: 1.0494, Change: 1.6374), TF Ratio: 0.991
2026-06-14 21:43:58,301 - INFO - Epoch [1/5], Batch [47/300], Loss: 1.6807 (Overall: 1.4156, Change: 1.3441), TF Ratio: 0.991
2026-06-14 21:43:58,456 - INFO - Epoch [1/5], Batch [48/300], Loss: 1.6774 (Overall: 1.5753, Change: 1.4689), TF Ratio: 0.990
2026-06-14 21:43:58,608 - INFO - Epoch [1/5], Batch [49/300], Loss: 1.6701 (Overall: 1.1453, Change: 1.4947), TF Ratio: 0.990
2026-06-14 21:44:01,134 - INFO - Epoch [1/5], Batch [50/300], Loss: 1.6648 (Overall: 1.1969, Change: 1.6097), TF Ratio: 0.990
2026-06-14 21:44:01,300 - INFO - Epoch [1/5], Batch [51/300], Loss: 1.6620 (Overall: 1.3349, Change: 1.7133), TF Ratio: 0.990
2026-06-14 21:44:01,460 - INFO - Epoch [1/5], Batch [52/300], Loss: 1.6574 (Overall: 1.1204, Change: 1.7294), TF Ratio: 0.990
2026-06-14 21:44:01,615 - INFO - Epoch [1/5], Batch [53/300], Loss: 1.6534 (Overall: 1.1231, Change: 1.7622), TF Ratio: 0.989
2026-06-14 21:44:01,767 - INFO - Epoch [1/5], Batch [54/300], Loss: 1.6511 (Overall: 1.4146, Change: 1.6438), TF Ratio: 0.989
2026-06-14 21:44:01,922 - INFO - Epoch [1/5], Batch [55/300], Loss: 1.6465 (Overall: 1.1002, Change: 1.6925), TF Ratio: 0.989
2026-06-14 21:44:02,123 - INFO - Epoch [1/5], Batch [56/300], Loss: 1.6406 (Overall: 1.0614, Change: 1.5711), TF Ratio: 0.989
2026-06-14 21:44:02,276 - INFO - Epoch [1/5], Batch [57/300], Loss: 1.6354 (Overall: 1.1088, Change: 1.5873), TF Ratio: 0.989
2026-06-14 21:44:02,436 - INFO - Epoch [1/5], Batch [58/300], Loss: 1.6341 (Overall: 1.1895, Change: 1.9306), TF Ratio: 0.988
2026-06-14 21:44:02,588 - INFO - Epoch [1/5], Batch [59/300], Loss: 1.6429 (Overall: 1.9698, Change: 2.3289), TF Ratio: 0.988
2026-06-14 21:44:02,741 - INFO - Epoch [1/5], Batch [60/300], Loss: 1.6380 (Overall: 1.1906, Change: 1.5140), TF Ratio: 0.988
2026-06-14 21:44:02,893 - INFO - Epoch [1/5], Batch [61/300], Loss: 1.6327 (Overall: 1.1624, Change: 1.4671), TF Ratio: 0.988
2026-06-14 21:44:03,045 - INFO - Epoch [1/5], Batch [62/300], Loss: 1.6295 (Overall: 1.1163, Change: 1.7469), TF Ratio: 0.988
2026-06-14 21:44:03,198 - INFO - Epoch [1/5], Batch [63/300], Loss: 1.6241 (Overall: 1.0841, Change: 1.5037), TF Ratio: 0.987
2026-06-14 21:44:03,357 - INFO - Epoch [1/5], Batch [64/300], Loss: 1.6229 (Overall: 1.3074, Change: 1.7755), TF Ratio: 0.987
2026-06-14 21:44:03,511 - INFO - Epoch [1/5], Batch [65/300], Loss: 1.6201 (Overall: 1.0529, Change: 1.8397), TF Ratio: 0.987
2026-06-14 21:44:03,663 - INFO - Epoch [1/5], Batch [66/300], Loss: 1.6276 (Overall: 2.0107, Change: 2.2186), TF Ratio: 0.987
2026-06-14 21:44:03,816 - INFO - Epoch [1/5], Batch [67/300], Loss: 1.6232 (Overall: 1.0572, Change: 1.6080), TF Ratio: 0.987
2026-06-14 21:44:03,988 - INFO - Epoch [1/5], Batch [68/300], Loss: 1.6194 (Overall: 1.0162, Change: 1.7030), TF Ratio: 0.986
2026-06-14 21:44:04,140 - INFO - Epoch [1/5], Batch [69/300], Loss: 1.6159 (Overall: 1.1238, Change: 1.6418), TF Ratio: 0.986
2026-06-14 21:44:04,292 - INFO - Epoch [1/5], Batch [70/300], Loss: 1.6161 (Overall: 1.2497, Change: 2.0111), TF Ratio: 0.986
2026-06-14 21:44:04,444 - INFO - Epoch [1/5], Batch [71/300], Loss: 1.6136 (Overall: 1.1924, Change: 1.6758), TF Ratio: 0.986
2026-06-14 21:44:04,605 - INFO - Epoch [1/5], Batch [72/300], Loss: 1.6099 (Overall: 1.2100, Change: 1.4868), TF Ratio: 0.986
2026-06-14 21:44:04,758 - INFO - Epoch [1/5], Batch [73/300], Loss: 1.6061 (Overall: 1.2631, Change: 1.4082), TF Ratio: 0.985
2026-06-14 21:44:04,910 - INFO - Epoch [1/5], Batch [74/300], Loss: 1.6019 (Overall: 1.0850, Change: 1.5018), TF Ratio: 0.985
2026-06-14 21:44:05,063 - INFO - Epoch [1/5], Batch [75/300], Loss: 1.6015 (Overall: 1.1523, Change: 1.9933), TF Ratio: 0.985
2026-06-14 21:44:05,237 - INFO - Epoch [1/5], Batch [76/300], Loss: 1.5983 (Overall: 1.1368, Change: 1.5762), TF Ratio: 0.985
2026-06-14 21:44:05,389 - INFO - Epoch [1/5], Batch [77/300], Loss: 1.5959 (Overall: 1.2326, Change: 1.6032), TF Ratio: 0.985
2026-06-14 21:44:05,541 - INFO - Epoch [1/5], Batch [78/300], Loss: 1.5939 (Overall: 1.0806, Change: 1.7861), TF Ratio: 0.984
2026-06-14 21:44:05,693 - INFO - Epoch [1/5], Batch [79/300], Loss: 1.5890 (Overall: 1.0239, Change: 1.3914), TF Ratio: 0.984
2026-06-14 21:44:05,855 - INFO - Epoch [1/5], Batch [80/300], Loss: 1.5844 (Overall: 1.0716, Change: 1.3733), TF Ratio: 0.984
2026-06-14 21:44:06,007 - INFO - Epoch [1/5], Batch [81/300], Loss: 1.5842 (Overall: 1.1411, Change: 1.9929), TF Ratio: 0.984
2026-06-14 21:44:06,158 - INFO - Epoch [1/5], Batch [82/300], Loss: 1.5826 (Overall: 1.1312, Change: 1.7776), TF Ratio: 0.984
2026-06-14 21:44:06,309 - INFO - Epoch [1/5], Batch [83/300], Loss: 1.5781 (Overall: 1.0209, Change: 1.4056), TF Ratio: 0.983
2026-06-14 21:44:06,470 - INFO - Epoch [1/5], Batch [84/300], Loss: 1.5749 (Overall: 1.0479, Change: 1.5567), TF Ratio: 0.983
2026-06-14 21:44:06,623 - INFO - Epoch [1/5], Batch [85/300], Loss: 1.5728 (Overall: 1.0305, Change: 1.7677), TF Ratio: 0.983
2026-06-14 21:44:08,456 - INFO - Epoch [1/5], Batch [86/300], Loss: 1.5689 (Overall: 0.9954, Change: 1.4757), TF Ratio: 0.983
2026-06-14 21:44:08,619 - INFO - Epoch [1/5], Batch [87/300], Loss: 1.5664 (Overall: 1.1564, Change: 1.5600), TF Ratio: 0.983
2026-06-14 21:44:09,873 - INFO - Epoch [1/5], Batch [88/300], Loss: 1.5638 (Overall: 0.9587, Change: 1.7132), TF Ratio: 0.982
2026-06-14 21:44:10,024 - INFO - Epoch [1/5], Batch [89/300], Loss: 1.5633 (Overall: 1.0774, Change: 1.9562), TF Ratio: 0.982
2026-06-14 21:44:10,176 - INFO - Epoch [1/5], Batch [90/300], Loss: 1.5600 (Overall: 1.0723, Change: 1.4523), TF Ratio: 0.982
2026-06-14 21:44:10,328 - INFO - Epoch [1/5], Batch [91/300], Loss: 1.5559 (Overall: 1.0042, Change: 1.3842), TF Ratio: 0.982
2026-06-14 21:44:10,491 - INFO - Epoch [1/5], Batch [92/300], Loss: 1.5513 (Overall: 1.0633, Change: 1.1931), TF Ratio: 0.982
2026-06-14 21:44:10,643 - INFO - Epoch [1/5], Batch [93/300], Loss: 1.5497 (Overall: 1.1541, Change: 1.6490), TF Ratio: 0.981
2026-06-14 21:44:10,795 - INFO - Epoch [1/5], Batch [94/300], Loss: 1.5456 (Overall: 0.9914, Change: 1.3334), TF Ratio: 0.981
2026-06-14 21:44:11,011 - INFO - Epoch [1/5], Batch [95/300], Loss: 1.5435 (Overall: 0.9432, Change: 1.7491), TF Ratio: 0.981
2026-06-14 21:44:11,164 - INFO - Epoch [1/5], Batch [96/300], Loss: 1.5434 (Overall: 1.1359, Change: 1.9310), TF Ratio: 0.981
2026-06-14 21:44:11,315 - INFO - Epoch [1/5], Batch [97/300], Loss: 1.5421 (Overall: 1.1028, Change: 1.7340), TF Ratio: 0.981
2026-06-14 21:44:11,466 - INFO - Epoch [1/5], Batch [98/300], Loss: 1.5413 (Overall: 1.1719, Change: 1.7555), TF Ratio: 0.980
2026-06-14 21:44:11,618 - INFO - Epoch [1/5], Batch [99/300], Loss: 1.5387 (Overall: 0.9931, Change: 1.5762), TF Ratio: 0.980
2026-06-14 21:44:14,205 - INFO - Epoch [1/5], Batch [100/300], Loss: 1.5374 (Overall: 1.0812, Change: 1.7362), TF Ratio: 0.980
2026-06-14 21:44:14,359 - INFO - Epoch [1/5], Batch [101/300], Loss: 1.5372 (Overall: 1.2090, Change: 1.8211), TF Ratio: 0.980
2026-06-14 21:44:14,517 - INFO - Epoch [1/5], Batch [102/300], Loss: 1.5334 (Overall: 1.0320, Change: 1.2660), TF Ratio: 0.980
2026-06-14 21:44:14,674 - INFO - Epoch [1/5], Batch [103/300], Loss: 1.5332 (Overall: 1.2155, Change: 1.8188), TF Ratio: 0.979
2026-06-14 21:44:14,831 - INFO - Epoch [1/5], Batch [104/300], Loss: 1.5309 (Overall: 1.0847, Change: 1.5063), TF Ratio: 0.979
2026-06-14 21:44:14,985 - INFO - Epoch [1/5], Batch [105/300], Loss: 1.5285 (Overall: 1.0232, Change: 1.5356), TF Ratio: 0.979
2026-06-14 21:44:15,140 - INFO - Epoch [1/5], Batch [106/300], Loss: 1.5265 (Overall: 0.9562, Change: 1.6766), TF Ratio: 0.979
2026-06-14 21:44:15,292 - INFO - Epoch [1/5], Batch [107/300], Loss: 1.5266 (Overall: 1.2699, Change: 1.8080), TF Ratio: 0.979
2026-06-14 21:44:15,455 - INFO - Epoch [1/5], Batch [108/300], Loss: 1.5239 (Overall: 1.0132, Change: 1.4474), TF Ratio: 0.978
2026-06-14 21:44:15,608 - INFO - Epoch [1/5], Batch [109/300], Loss: 1.5239 (Overall: 1.2571, Change: 1.7985), TF Ratio: 0.978
2026-06-14 21:44:15,760 - INFO - Epoch [1/5], Batch [110/300], Loss: 1.5219 (Overall: 1.2580, Change: 1.3429), TF Ratio: 0.978
2026-06-14 21:44:15,914 - INFO - Epoch [1/5], Batch [111/300], Loss: 1.5230 (Overall: 1.6087, Change: 1.6772), TF Ratio: 0.978
2026-06-14 21:44:16,723 - INFO - Epoch [1/5], Batch [112/300], Loss: 1.5227 (Overall: 1.0597, Change: 1.9311), TF Ratio: 0.978
2026-06-14 21:44:16,885 - INFO - Epoch [1/5], Batch [113/300], Loss: 1.5197 (Overall: 0.9137, Change: 1.4516), TF Ratio: 0.977
2026-06-14 21:44:17,039 - INFO - Epoch [1/5], Batch [114/300], Loss: 1.5193 (Overall: 0.9754, Change: 1.9648), TF Ratio: 0.977
2026-06-14 21:44:17,194 - INFO - Epoch [1/5], Batch [115/300], Loss: 1.5211 (Overall: 1.1585, Change: 2.3082), TF Ratio: 0.977
2026-06-14 21:44:17,351 - INFO - Epoch [1/5], Batch [116/300], Loss: 1.5191 (Overall: 1.0799, Change: 1.4848), TF Ratio: 0.977
2026-06-14 21:44:17,506 - INFO - Epoch [1/5], Batch [117/300], Loss: 1.5184 (Overall: 1.0503, Change: 1.8355), TF Ratio: 0.977
2026-06-14 21:44:17,670 - INFO - Epoch [1/5], Batch [118/300], Loss: 1.5163 (Overall: 0.9522, Change: 1.5829), TF Ratio: 0.976
2026-06-14 21:44:17,822 - INFO - Epoch [1/5], Batch [119/300], Loss: 1.5147 (Overall: 1.0108, Change: 1.6388), TF Ratio: 0.976
2026-06-14 21:44:17,984 - INFO - Epoch [1/5], Batch [120/300], Loss: 1.5137 (Overall: 0.9943, Change: 1.7928), TF Ratio: 0.976
2026-06-14 21:44:18,138 - INFO - Epoch [1/5], Batch [121/300], Loss: 1.5124 (Overall: 1.0619, Change: 1.6609), TF Ratio: 0.976
2026-06-14 21:44:18,291 - INFO - Epoch [1/5], Batch [122/300], Loss: 1.5102 (Overall: 1.0493, Change: 1.4273), TF Ratio: 0.976
2026-06-14 21:44:18,444 - INFO - Epoch [1/5], Batch [123/300], Loss: 1.5083 (Overall: 0.9766, Change: 1.5822), TF Ratio: 0.975
2026-06-14 21:44:25,352 - INFO - Epoch [1/5], Batch [124/300], Loss: 1.5068 (Overall: 1.0486, Change: 1.6044), TF Ratio: 0.975
2026-06-14 21:44:25,507 - INFO - Epoch [1/5], Batch [125/300], Loss: 1.5057 (Overall: 0.9747, Change: 1.7617), TF Ratio: 0.975
2026-06-14 21:44:25,659 - INFO - Epoch [1/5], Batch [126/300], Loss: 1.5074 (Overall: 1.2910, Change: 2.1484), TF Ratio: 0.975
2026-06-14 21:44:25,811 - INFO - Epoch [1/5], Batch [127/300], Loss: 1.5064 (Overall: 1.1624, Change: 1.5891), TF Ratio: 0.975
2026-06-14 21:44:25,965 - INFO - Epoch [1/5], Batch [128/300], Loss: 1.5048 (Overall: 0.9944, Change: 1.6172), TF Ratio: 0.974
2026-06-14 21:44:26,119 - INFO - Epoch [1/5], Batch [129/300], Loss: 1.5029 (Overall: 1.0864, Change: 1.4274), TF Ratio: 0.974
2026-06-14 21:44:26,274 - INFO - Epoch [1/5], Batch [130/300], Loss: 1.5006 (Overall: 0.9473, Change: 1.4681), TF Ratio: 0.974
2026-06-14 21:44:26,426 - INFO - Epoch [1/5], Batch [131/300], Loss: 1.4986 (Overall: 1.0106, Change: 1.4673), TF Ratio: 0.974
2026-06-14 21:44:26,579 - INFO - Epoch [1/5], Batch [132/300], Loss: 1.4978 (Overall: 0.9657, Change: 1.8187), TF Ratio: 0.974
2026-06-14 21:44:26,731 - INFO - Epoch [1/5], Batch [133/300], Loss: 1.4986 (Overall: 1.3535, Change: 1.8540), TF Ratio: 0.973
2026-06-14 21:44:26,884 - INFO - Epoch [1/5], Batch [134/300], Loss: 1.4977 (Overall: 1.0959, Change: 1.6592), TF Ratio: 0.973
2026-06-14 21:44:27,037 - INFO - Epoch [1/5], Batch [135/300], Loss: 1.4971 (Overall: 1.1715, Change: 1.6564), TF Ratio: 0.973
2026-06-14 21:44:27,199 - INFO - Epoch [1/5], Batch [136/300], Loss: 1.4956 (Overall: 0.9631, Change: 1.6170), TF Ratio: 0.973
2026-06-14 21:44:27,352 - INFO - Epoch [1/5], Batch [137/300], Loss: 1.4933 (Overall: 0.8940, Change: 1.4750), TF Ratio: 0.973
2026-06-14 21:44:27,506 - INFO - Epoch [1/5], Batch [138/300], Loss: 1.4930 (Overall: 1.1133, Change: 1.7918), TF Ratio: 0.972
2026-06-14 21:44:27,659 - INFO - Epoch [1/5], Batch [139/300], Loss: 1.4951 (Overall: 1.0791, Change: 2.4940), TF Ratio: 0.972
2026-06-14 21:44:27,839 - INFO - Epoch [1/5], Batch [140/300], Loss: 1.4938 (Overall: 0.9355, Change: 1.6737), TF Ratio: 0.972
2026-06-14 21:44:27,992 - INFO - Epoch [1/5], Batch [141/300], Loss: 1.4920 (Overall: 0.8579, Change: 1.6224), TF Ratio: 0.972
2026-06-14 21:44:28,146 - INFO - Epoch [1/5], Batch [142/300], Loss: 1.4923 (Overall: 1.0300, Change: 2.0387), TF Ratio: 0.972
2026-06-14 21:44:28,298 - INFO - Epoch [1/5], Batch [143/300], Loss: 1.4907 (Overall: 0.9894, Change: 1.5445), TF Ratio: 0.971
2026-06-14 21:44:28,461 - INFO - Epoch [1/5], Batch [144/300], Loss: 1.4895 (Overall: 1.1333, Change: 1.5020), TF Ratio: 0.971
2026-06-14 21:44:28,622 - INFO - Epoch [1/5], Batch [145/300], Loss: 1.4880 (Overall: 1.1127, Change: 1.4220), TF Ratio: 0.971
2026-06-14 21:44:28,774 - INFO - Epoch [1/5], Batch [146/300], Loss: 1.4864 (Overall: 0.9770, Change: 1.5564), TF Ratio: 0.971
2026-06-14 21:44:28,930 - INFO - Epoch [1/5], Batch [147/300], Loss: 1.4842 (Overall: 1.0772, Change: 1.2244), TF Ratio: 0.971
2026-06-14 21:44:29,085 - INFO - Epoch [1/5], Batch [148/300], Loss: 1.4821 (Overall: 0.8888, Change: 1.4627), TF Ratio: 0.970
2026-06-14 21:44:29,238 - INFO - Epoch [1/5], Batch [149/300], Loss: 1.4813 (Overall: 1.0455, Change: 1.6737), TF Ratio: 0.970
2026-06-14 21:44:29,392 - INFO - Epoch [1/5], Batch [150/300], Loss: 1.4802 (Overall: 0.9315, Change: 1.7028), TF Ratio: 0.970
2026-06-14 21:44:29,544 - INFO - Epoch [1/5], Batch [151/300], Loss: 1.4781 (Overall: 0.8715, Change: 1.4545), TF Ratio: 0.970
2026-06-14 21:44:29,709 - INFO - Epoch [1/5], Batch [152/300], Loss: 1.4768 (Overall: 1.0063, Change: 1.5581), TF Ratio: 0.970
2026-06-14 21:44:29,864 - INFO - Epoch [1/5], Batch [153/300], Loss: 1.4760 (Overall: 1.0288, Change: 1.7041), TF Ratio: 0.969
2026-06-14 21:44:30,017 - INFO - Epoch [1/5], Batch [154/300], Loss: 1.4750 (Overall: 1.0020, Change: 1.6242), TF Ratio: 0.969
2026-06-14 21:44:30,189 - INFO - Epoch [1/5], Batch [155/300], Loss: 1.4724 (Overall: 0.8465, Change: 1.3044), TF Ratio: 0.969
2026-06-14 21:44:30,353 - INFO - Epoch [1/5], Batch [156/300], Loss: 1.4712 (Overall: 0.9313, Change: 1.6372), TF Ratio: 0.969
2026-06-14 21:44:30,506 - INFO - Epoch [1/5], Batch [157/300], Loss: 1.4690 (Overall: 0.9506, Change: 1.3091), TF Ratio: 0.969
2026-06-14 21:44:30,659 - INFO - Epoch [1/5], Batch [158/300], Loss: 1.4664 (Overall: 0.8956, Change: 1.2260), TF Ratio: 0.968
2026-06-14 21:44:30,811 - INFO - Epoch [1/5], Batch [159/300], Loss: 1.4646 (Overall: 1.1454, Change: 1.2025), TF Ratio: 0.968
2026-06-14 21:44:30,971 - INFO - Epoch [1/5], Batch [160/300], Loss: 1.4653 (Overall: 1.3402, Change: 1.8127), TF Ratio: 0.968
2026-06-14 21:44:31,125 - INFO - Epoch [1/5], Batch [161/300], Loss: 1.4663 (Overall: 1.1737, Change: 2.0761), TF Ratio: 0.968
2026-06-14 21:44:31,279 - INFO - Epoch [1/5], Batch [162/300], Loss: 1.4656 (Overall: 0.9495, Change: 1.7472), TF Ratio: 0.968
2026-06-14 21:44:31,436 - INFO - Epoch [1/5], Batch [163/300], Loss: 1.4673 (Overall: 1.6065, Change: 1.8954), TF Ratio: 0.967
2026-06-14 21:44:31,615 - INFO - Epoch [1/5], Batch [164/300], Loss: 1.4670 (Overall: 1.2865, Change: 1.5310), TF Ratio: 0.967
2026-06-14 21:44:31,769 - INFO - Epoch [1/5], Batch [165/300], Loss: 1.4662 (Overall: 0.9174, Change: 1.7647), TF Ratio: 0.967
2026-06-14 21:44:31,924 - INFO - Epoch [1/5], Batch [166/300], Loss: 1.4649 (Overall: 0.8804, Change: 1.6107), TF Ratio: 0.967
2026-06-14 21:44:32,076 - INFO - Epoch [1/5], Batch [167/300], Loss: 1.4654 (Overall: 1.2367, Change: 1.8734), TF Ratio: 0.967
2026-06-14 21:44:32,254 - INFO - Epoch [1/5], Batch [168/300], Loss: 1.4640 (Overall: 1.0010, Change: 1.4593), TF Ratio: 0.966
2026-06-14 21:44:32,407 - INFO - Epoch [1/5], Batch [169/300], Loss: 1.4621 (Overall: 1.1471, Change: 1.1181), TF Ratio: 0.966
2026-06-14 21:44:32,561 - INFO - Epoch [1/5], Batch [170/300], Loss: 1.4612 (Overall: 1.1068, Change: 1.5368), TF Ratio: 0.966
2026-06-14 21:44:32,713 - INFO - Epoch [1/5], Batch [171/300], Loss: 1.4600 (Overall: 0.8855, Change: 1.6037), TF Ratio: 0.966
2026-06-14 21:44:32,882 - INFO - Epoch [1/5], Batch [172/300], Loss: 1.4585 (Overall: 0.9748, Change: 1.4561), TF Ratio: 0.966
2026-06-14 21:44:33,035 - INFO - Epoch [1/5], Batch [173/300], Loss: 1.4573 (Overall: 0.9887, Change: 1.5146), TF Ratio: 0.965
2026-06-14 21:44:33,197 - INFO - Epoch [1/5], Batch [174/300], Loss: 1.4550 (Overall: 0.8269, Change: 1.2834), TF Ratio: 0.965
2026-06-14 21:44:33,353 - INFO - Epoch [1/5], Batch [175/300], Loss: 1.4548 (Overall: 1.1002, Change: 1.7431), TF Ratio: 0.965
2026-06-14 21:44:33,518 - INFO - Epoch [1/5], Batch [176/300], Loss: 1.4541 (Overall: 0.9947, Change: 1.6374), TF Ratio: 0.965
2026-06-14 21:44:33,674 - INFO - Epoch [1/5], Batch [177/300], Loss: 1.4528 (Overall: 0.7915, Change: 1.6587), TF Ratio: 0.965
2026-06-14 21:44:33,826 - INFO - Epoch [1/5], Batch [178/300], Loss: 1.4510 (Overall: 0.9875, Change: 1.2964), TF Ratio: 0.964
2026-06-14 21:44:33,978 - INFO - Epoch [1/5], Batch [179/300], Loss: 1.4496 (Overall: 0.8160, Change: 1.5923), TF Ratio: 0.964
2026-06-14 21:44:34,133 - INFO - Epoch [1/5], Batch [180/300], Loss: 1.4479 (Overall: 1.0134, Change: 1.2647), TF Ratio: 0.964
2026-06-14 21:44:34,285 - INFO - Epoch [1/5], Batch [181/300], Loss: 1.4461 (Overall: 0.9820, Change: 1.2464), TF Ratio: 0.964
2026-06-14 21:44:34,438 - INFO - Epoch [1/5], Batch [182/300], Loss: 1.4436 (Overall: 0.7619, Change: 1.2489), TF Ratio: 0.964
2026-06-14 21:44:34,589 - INFO - Epoch [1/5], Batch [183/300], Loss: 1.4419 (Overall: 0.9255, Change: 1.3225), TF Ratio: 0.963
2026-06-14 21:44:34,746 - INFO - Epoch [1/5], Batch [184/300], Loss: 1.4398 (Overall: 1.0042, Change: 1.0908), TF Ratio: 0.963
2026-06-14 21:44:34,898 - INFO - Epoch [1/5], Batch [185/300], Loss: 1.4399 (Overall: 0.9438, Change: 1.9865), TF Ratio: 0.963
2026-06-14 21:44:35,050 - INFO - Epoch [1/5], Batch [186/300], Loss: 1.4385 (Overall: 0.8306, Change: 1.5354), TF Ratio: 0.963
2026-06-14 21:44:35,201 - INFO - Epoch [1/5], Batch [187/300], Loss: 1.4376 (Overall: 1.0849, Change: 1.4486), TF Ratio: 0.963
2026-06-14 21:44:35,357 - INFO - Epoch [1/5], Batch [188/300], Loss: 1.4362 (Overall: 0.9733, Change: 1.3917), TF Ratio: 0.962
2026-06-14 21:44:35,508 - INFO - Epoch [1/5], Batch [189/300], Loss: 1.4355 (Overall: 0.9813, Change: 1.6042), TF Ratio: 0.962
2026-06-14 21:44:35,660 - INFO - Epoch [1/5], Batch [190/300], Loss: 1.4346 (Overall: 1.1075, Change: 1.4453), TF Ratio: 0.962
2026-06-14 21:44:35,814 - INFO - Epoch [1/5], Batch [191/300], Loss: 1.4339 (Overall: 1.1172, Change: 1.4597), TF Ratio: 0.962
2026-06-14 21:44:38,395 - INFO - Epoch [1/5], Batch [192/300], Loss: 1.4335 (Overall: 1.1226, Change: 1.6152), TF Ratio: 0.962
2026-06-14 21:44:38,552 - INFO - Epoch [1/5], Batch [193/300], Loss: 1.4337 (Overall: 0.9254, Change: 2.0237), TF Ratio: 0.961
2026-06-14 21:44:38,723 - INFO - Epoch [1/5], Batch [194/300], Loss: 1.4339 (Overall: 1.3271, Change: 1.6010), TF Ratio: 0.961
2026-06-14 21:44:38,877 - INFO - Epoch [1/5], Batch [195/300], Loss: 1.4334 (Overall: 0.8317, Change: 1.8302), TF Ratio: 0.961
2026-06-14 21:44:39,031 - INFO - Epoch [1/5], Batch [196/300], Loss: 1.4330 (Overall: 0.9731, Change: 1.7522), TF Ratio: 0.961
2026-06-14 21:44:39,185 - INFO - Epoch [1/5], Batch [197/300], Loss: 1.4314 (Overall: 1.0203, Change: 1.2175), TF Ratio: 0.961
2026-06-14 21:44:39,339 - INFO - Epoch [1/5], Batch [198/300], Loss: 1.4293 (Overall: 0.8913, Change: 1.1261), TF Ratio: 0.960
2026-06-14 21:44:39,492 - INFO - Epoch [1/5], Batch [199/300], Loss: 1.4287 (Overall: 0.9694, Change: 1.6721), TF Ratio: 0.960
2026-06-14 21:44:39,654 - INFO - Epoch [1/5], Batch [200/300], Loss: 1.4261 (Overall: 0.8642, Change: 0.9345), TF Ratio: 0.960
2026-06-14 21:44:39,808 - INFO - Epoch [1/5], Batch [201/300], Loss: 1.4246 (Overall: 0.9918, Change: 1.2443), TF Ratio: 0.960
2026-06-14 21:44:39,960 - INFO - Epoch [1/5], Batch [202/300], Loss: 1.4234 (Overall: 1.0500, Change: 1.3400), TF Ratio: 0.960
2026-06-14 21:44:40,112 - INFO - Epoch [1/5], Batch [203/300], Loss: 1.4228 (Overall: 0.9290, Change: 1.6842), TF Ratio: 0.959
2026-06-14 21:44:41,219 - INFO - Epoch [1/5], Batch [204/300], Loss: 1.4223 (Overall: 1.2104, Change: 1.4170), TF Ratio: 0.959
2026-06-14 21:44:41,372 - INFO - Epoch [1/5], Batch [205/300], Loss: 1.4214 (Overall: 0.7769, Change: 1.6871), TF Ratio: 0.959
2026-06-14 21:44:41,524 - INFO - Epoch [1/5], Batch [206/300], Loss: 1.4209 (Overall: 1.0311, Change: 1.5950), TF Ratio: 0.959
2026-06-14 21:44:41,677 - INFO - Epoch [1/5], Batch [207/300], Loss: 1.4203 (Overall: 1.0407, Change: 1.5541), TF Ratio: 0.959
2026-06-14 21:44:41,840 - INFO - Epoch [1/5], Batch [208/300], Loss: 1.4197 (Overall: 1.1811, Change: 1.4161), TF Ratio: 0.958
2026-06-14 21:44:41,994 - INFO - Epoch [1/5], Batch [209/300], Loss: 1.4184 (Overall: 0.8619, Change: 1.4560), TF Ratio: 0.958
2026-06-14 21:44:42,156 - INFO - Epoch [1/5], Batch [210/300], Loss: 1.4173 (Overall: 0.9309, Change: 1.4275), TF Ratio: 0.958
2026-06-14 21:44:42,308 - INFO - Epoch [1/5], Batch [211/300], Loss: 1.4172 (Overall: 0.9100, Change: 1.8766), TF Ratio: 0.958
2026-06-14 21:44:42,462 - INFO - Epoch [1/5], Batch [212/300], Loss: 1.4183 (Overall: 1.3469, Change: 1.9532), TF Ratio: 0.958
2026-06-14 21:44:42,621 - INFO - Epoch [1/5], Batch [213/300], Loss: 1.4173 (Overall: 0.9134, Change: 1.4968), TF Ratio: 0.957
2026-06-14 21:44:42,782 - INFO - Epoch [1/5], Batch [214/300], Loss: 1.4172 (Overall: 1.1034, Change: 1.6795), TF Ratio: 0.957
2026-06-14 21:44:42,935 - INFO - Epoch [1/5], Batch [215/300], Loss: 1.4156 (Overall: 0.8348, Change: 1.3389), TF Ratio: 0.957
2026-06-14 21:44:43,097 - INFO - Epoch [1/5], Batch [216/300], Loss: 1.4149 (Overall: 1.1692, Change: 1.3322), TF Ratio: 0.957
2026-06-14 21:44:43,269 - INFO - Epoch [1/5], Batch [217/300], Loss: 1.4138 (Overall: 0.9772, Change: 1.3935), TF Ratio: 0.957
2026-06-14 21:44:43,421 - INFO - Epoch [1/5], Batch [218/300], Loss: 1.4126 (Overall: 1.0010, Change: 1.2978), TF Ratio: 0.956
2026-06-14 21:44:43,585 - INFO - Epoch [1/5], Batch [219/300], Loss: 1.4123 (Overall: 1.0974, Change: 1.6178), TF Ratio: 0.956
2026-06-14 21:44:43,747 - INFO - Epoch [1/5], Batch [220/300], Loss: 1.4115 (Overall: 1.0613, Change: 1.4120), TF Ratio: 0.956
2026-06-14 21:44:43,901 - INFO - Epoch [1/5], Batch [221/300], Loss: 1.4100 (Overall: 0.7617, Change: 1.3947), TF Ratio: 0.956
2026-06-14 21:44:44,055 - INFO - Epoch [1/5], Batch [222/300], Loss: 1.4098 (Overall: 1.0040, Change: 1.7276), TF Ratio: 0.956
2026-06-14 21:44:44,208 - INFO - Epoch [1/5], Batch [223/300], Loss: 1.4092 (Overall: 0.8343, Change: 1.7241), TF Ratio: 0.955
2026-06-14 21:44:44,391 - INFO - Epoch [1/5], Batch [224/300], Loss: 1.4102 (Overall: 1.4912, Change: 1.7605), TF Ratio: 0.955
2026-06-14 21:44:44,545 - INFO - Epoch [1/5], Batch [225/300], Loss: 1.4086 (Overall: 0.9123, Change: 1.1809), TF Ratio: 0.955
2026-06-14 21:44:44,708 - INFO - Epoch [1/5], Batch [226/300], Loss: 1.4075 (Overall: 0.8428, Change: 1.4827), TF Ratio: 0.955
2026-06-14 21:44:44,861 - INFO - Epoch [1/5], Batch [227/300], Loss: 1.4087 (Overall: 1.5131, Change: 1.8671), TF Ratio: 0.955
2026-06-14 21:44:45,017 - INFO - Epoch [1/5], Batch [228/300], Loss: 1.4090 (Overall: 1.2863, Change: 1.6356), TF Ratio: 0.954
2026-06-14 21:44:45,171 - INFO - Epoch [1/5], Batch [229/300], Loss: 1.4072 (Overall: 0.8713, Change: 1.1132), TF Ratio: 0.954
2026-06-14 21:44:45,324 - INFO - Epoch [1/5], Batch [230/300], Loss: 1.4069 (Overall: 1.1196, Change: 1.5542), TF Ratio: 0.954
2026-06-14 21:44:45,490 - INFO - Epoch [1/5], Batch [231/300], Loss: 1.4061 (Overall: 0.9594, Change: 1.4969), TF Ratio: 0.954
2026-06-14 21:44:45,644 - INFO - Epoch [1/5], Batch [232/300], Loss: 1.4054 (Overall: 0.9888, Change: 1.5043), TF Ratio: 0.954
2026-06-14 21:44:45,807 - INFO - Epoch [1/5], Batch [233/300], Loss: 1.4047 (Overall: 0.9008, Change: 1.6080), TF Ratio: 0.953
2026-06-14 21:44:45,960 - INFO - Epoch [1/5], Batch [234/300], Loss: 1.4045 (Overall: 1.0145, Change: 1.6838), TF Ratio: 0.953
2026-06-14 21:44:46,114 - INFO - Epoch [1/5], Batch [235/300], Loss: 1.4047 (Overall: 1.1764, Change: 1.7246), TF Ratio: 0.953
2026-06-14 21:44:46,287 - INFO - Epoch [1/5], Batch [236/300], Loss: 1.4048 (Overall: 0.8737, Change: 1.9938), TF Ratio: 0.953
2026-06-14 21:44:46,440 - INFO - Epoch [1/5], Batch [237/300], Loss: 1.4033 (Overall: 0.9430, Change: 1.1576), TF Ratio: 0.953
2026-06-14 21:44:46,594 - INFO - Epoch [1/5], Batch [238/300], Loss: 1.4033 (Overall: 0.9097, Change: 1.8913), TF Ratio: 0.952
2026-06-14 21:44:47,643 - INFO - Epoch [1/5], Batch [239/300], Loss: 1.4031 (Overall: 1.1557, Change: 1.5584), TF Ratio: 0.952
2026-06-14 21:44:50,191 - INFO - Epoch [1/5], Batch [240/300], Loss: 1.4014 (Overall: 0.7182, Change: 1.2377), TF Ratio: 0.952
2026-06-14 21:44:50,344 - INFO - Epoch [1/5], Batch [241/300], Loss: 1.4008 (Overall: 1.0238, Change: 1.5077), TF Ratio: 0.952
2026-06-14 21:44:50,496 - INFO - Epoch [1/5], Batch [242/300], Loss: 1.4000 (Overall: 0.9064, Change: 1.5226), TF Ratio: 0.952
2026-06-14 21:44:50,649 - INFO - Epoch [1/5], Batch [243/300], Loss: 1.3997 (Overall: 1.1361, Change: 1.5094), TF Ratio: 0.951
2026-06-14 21:44:50,803 - INFO - Epoch [1/5], Batch [244/300], Loss: 1.3991 (Overall: 0.9640, Change: 1.5662), TF Ratio: 0.951
2026-06-14 21:44:50,955 - INFO - Epoch [1/5], Batch [245/300], Loss: 1.3994 (Overall: 1.2640, Change: 1.6729), TF Ratio: 0.951
2026-06-14 21:44:51,108 - INFO - Epoch [1/5], Batch [246/300], Loss: 1.3980 (Overall: 0.8651, Change: 1.2474), TF Ratio: 0.951
2026-06-14 21:44:51,260 - INFO - Epoch [1/5], Batch [247/300], Loss: 1.3971 (Overall: 0.8735, Change: 1.4830), TF Ratio: 0.951
2026-06-14 21:44:51,414 - INFO - Epoch [1/5], Batch [248/300], Loss: 1.3964 (Overall: 0.8586, Change: 1.5880), TF Ratio: 0.950
2026-06-14 21:44:51,577 - INFO - Epoch [1/5], Batch [249/300], Loss: 1.3950 (Overall: 0.8255, Change: 1.2417), TF Ratio: 0.950
2026-06-14 21:44:51,729 - INFO - Epoch [1/5], Batch [250/300], Loss: 1.3943 (Overall: 0.8603, Change: 1.5984), TF Ratio: 0.950
2026-06-14 21:44:54,271 - INFO - Epoch [1/5], Batch [251/300], Loss: 1.3940 (Overall: 0.8549, Change: 1.7487), TF Ratio: 0.950
2026-06-14 21:44:54,424 - INFO - Epoch [1/5], Batch [252/300], Loss: 1.3939 (Overall: 1.1217, Change: 1.6551), TF Ratio: 0.950
2026-06-14 21:44:54,576 - INFO - Epoch [1/5], Batch [253/300], Loss: 1.3934 (Overall: 0.9319, Change: 1.5830), TF Ratio: 0.949
2026-06-14 21:44:54,728 - INFO - Epoch [1/5], Batch [254/300], Loss: 1.3927 (Overall: 0.7552, Change: 1.6870), TF Ratio: 0.949
2026-06-14 21:44:54,881 - INFO - Epoch [1/5], Batch [255/300], Loss: 1.3915 (Overall: 0.8479, Change: 1.3190), TF Ratio: 0.949
2026-06-14 21:44:55,041 - INFO - Epoch [1/5], Batch [256/300], Loss: 1.3909 (Overall: 0.8998, Change: 1.5782), TF Ratio: 0.949
2026-06-14 21:44:55,194 - INFO - Epoch [1/5], Batch [257/300], Loss: 1.3898 (Overall: 0.8270, Change: 1.3752), TF Ratio: 0.949
2026-06-14 21:44:55,347 - INFO - Epoch [1/5], Batch [258/300], Loss: 1.3889 (Overall: 0.8772, Change: 1.4276), TF Ratio: 0.948
2026-06-14 21:44:55,498 - INFO - Epoch [1/5], Batch [259/300], Loss: 1.3881 (Overall: 0.9968, Change: 1.3834), TF Ratio: 0.948
2026-06-14 21:44:55,655 - INFO - Epoch [1/5], Batch [260/300], Loss: 1.3873 (Overall: 0.8521, Change: 1.5123), TF Ratio: 0.948
2026-06-14 21:44:55,808 - INFO - Epoch [1/5], Batch [261/300], Loss: 1.3878 (Overall: 1.2062, Change: 1.8485), TF Ratio: 0.948
2026-06-14 21:44:55,962 - INFO - Epoch [1/5], Batch [262/300], Loss: 1.3860 (Overall: 0.8364, Change: 0.9775), TF Ratio: 0.948
2026-06-14 21:44:56,916 - INFO - Epoch [1/5], Batch [263/300], Loss: 1.3854 (Overall: 0.9202, Change: 1.5208), TF Ratio: 0.947
2026-06-14 21:44:57,071 - INFO - Epoch [1/5], Batch [264/300], Loss: 1.3836 (Overall: 0.8238, Change: 0.9978), TF Ratio: 0.947
2026-06-14 21:44:57,223 - INFO - Epoch [1/5], Batch [265/300], Loss: 1.3833 (Overall: 0.9675, Change: 1.6462), TF Ratio: 0.947
2026-06-14 21:44:57,376 - INFO - Epoch [1/5], Batch [266/300], Loss: 1.3826 (Overall: 0.9849, Change: 1.4335), TF Ratio: 0.947
2026-06-14 21:44:57,527 - INFO - Epoch [1/5], Batch [267/300], Loss: 1.3807 (Overall: 0.7649, Change: 0.9613), TF Ratio: 0.947
2026-06-14 21:44:57,693 - INFO - Epoch [1/5], Batch [268/300], Loss: 1.3803 (Overall: 0.7645, Change: 1.7680), TF Ratio: 0.946
2026-06-14 21:44:57,846 - INFO - Epoch [1/5], Batch [269/300], Loss: 1.3788 (Overall: 0.7857, Change: 1.2069), TF Ratio: 0.946
2026-06-14 21:44:57,999 - INFO - Epoch [1/5], Batch [270/300], Loss: 1.3772 (Overall: 0.8876, Change: 0.9872), TF Ratio: 0.946
2026-06-14 21:44:58,152 - INFO - Epoch [1/5], Batch [271/300], Loss: 1.3768 (Overall: 1.0357, Change: 1.5175), TF Ratio: 0.946
2026-06-14 21:44:58,314 - INFO - Epoch [1/5], Batch [272/300], Loss: 1.3764 (Overall: 0.7670, Change: 1.7665), TF Ratio: 0.946
2026-06-14 21:44:58,474 - INFO - Epoch [1/5], Batch [273/300], Loss: 1.3761 (Overall: 0.8172, Change: 1.7749), TF Ratio: 0.945
2026-06-14 21:44:58,627 - INFO - Epoch [1/5], Batch [274/300], Loss: 1.3748 (Overall: 0.8327, Change: 1.1656), TF Ratio: 0.945
2026-06-14 21:44:58,781 - INFO - Epoch [1/5], Batch [275/300], Loss: 1.3747 (Overall: 1.0976, Change: 1.6099), TF Ratio: 0.945
2026-06-14 21:45:02,976 - INFO - Epoch [1/5], Batch [276/300], Loss: 1.3733 (Overall: 0.7558, Change: 1.2627), TF Ratio: 0.945
2026-06-14 21:45:03,129 - INFO - Epoch [1/5], Batch [277/300], Loss: 1.3724 (Overall: 1.0617, Change: 1.1532), TF Ratio: 0.945
2026-06-14 21:45:03,280 - INFO - Epoch [1/5], Batch [278/300], Loss: 1.3715 (Overall: 0.9434, Change: 1.2794), TF Ratio: 0.944
2026-06-14 21:45:03,433 - INFO - Epoch [1/5], Batch [279/300], Loss: 1.3708 (Overall: 0.9156, Change: 1.4784), TF Ratio: 0.944
2026-06-14 21:45:07,459 - INFO - Epoch [1/5], Batch [280/300], Loss: 1.3700 (Overall: 0.8812, Change: 1.4091), TF Ratio: 0.944
2026-06-14 21:45:07,616 - INFO - Epoch [1/5], Batch [281/300], Loss: 1.3693 (Overall: 0.8573, Change: 1.4925), TF Ratio: 0.944
2026-06-14 21:45:07,774 - INFO - Epoch [1/5], Batch [282/300], Loss: 1.3685 (Overall: 0.7893, Change: 1.4706), TF Ratio: 0.944
2026-06-14 21:45:07,926 - INFO - Epoch [1/5], Batch [283/300], Loss: 1.3682 (Overall: 1.0042, Change: 1.5974), TF Ratio: 0.943
2026-06-14 21:45:08,080 - INFO - Epoch [1/5], Batch [284/300], Loss: 1.3680 (Overall: 1.1237, Change: 1.4681), TF Ratio: 0.943
2026-06-14 21:45:08,234 - INFO - Epoch [1/5], Batch [285/300], Loss: 1.3674 (Overall: 0.8893, Change: 1.5066), TF Ratio: 0.943
2026-06-14 21:45:08,387 - INFO - Epoch [1/5], Batch [286/300], Loss: 1.3667 (Overall: 0.7762, Change: 1.5747), TF Ratio: 0.943
2026-06-14 21:45:08,541 - INFO - Epoch [1/5], Batch [287/300], Loss: 1.3660 (Overall: 0.9630, Change: 1.3640), TF Ratio: 0.943
2026-06-14 21:45:08,710 - INFO - Epoch [1/5], Batch [288/300], Loss: 1.3650 (Overall: 0.9719, Change: 1.1661), TF Ratio: 0.942
2026-06-14 21:45:08,865 - INFO - Epoch [1/5], Batch [289/300], Loss: 1.3646 (Overall: 0.9079, Change: 1.6035), TF Ratio: 0.942
2026-06-14 21:45:09,018 - INFO - Epoch [1/5], Batch [290/300], Loss: 1.3634 (Overall: 0.9389, Change: 1.0927), TF Ratio: 0.942
2026-06-14 21:45:09,171 - INFO - Epoch [1/5], Batch [291/300], Loss: 1.3629 (Overall: 0.9411, Change: 1.4800), TF Ratio: 0.942
2026-06-14 21:45:09,324 - INFO - Epoch [1/5], Batch [292/300], Loss: 1.3626 (Overall: 0.9208, Change: 1.6515), TF Ratio: 0.942
2026-06-14 21:45:09,477 - INFO - Epoch [1/5], Batch [293/300], Loss: 1.3629 (Overall: 1.2720, Change: 1.5964), TF Ratio: 0.941
2026-06-14 21:45:09,630 - INFO - Epoch [1/5], Batch [294/300], Loss: 1.3627 (Overall: 0.9755, Change: 1.6575), TF Ratio: 0.941
2026-06-14 21:45:09,783 - INFO - Epoch [1/5], Batch [295/300], Loss: 1.3617 (Overall: 0.7886, Change: 1.3741), TF Ratio: 0.941
2026-06-14 21:45:09,937 - INFO - Epoch [1/5], Batch [296/300], Loss: 1.3612 (Overall: 0.8433, Change: 1.5639), TF Ratio: 0.941
2026-06-14 21:45:10,089 - INFO - Epoch [1/5], Batch [297/300], Loss: 1.3603 (Overall: 0.9463, Change: 1.2176), TF Ratio: 0.941
2026-06-14 21:45:10,241 - INFO - Epoch [1/5], Batch [298/300], Loss: 1.3599 (Overall: 0.8825, Change: 1.6351), TF Ratio: 0.940
2026-06-14 21:45:10,393 - INFO - Epoch [1/5], Batch [299/300], Loss: 1.3595 (Overall: 1.0435, Change: 1.3942), TF Ratio: 0.940
2026-06-14 21:45:10,558 - INFO - Epoch [1/5], Batch [300/300], Loss: 1.3593 (Overall: 0.9310, Change: 1.7026), TF Ratio: 0.940
2026-06-14 21:45:13,781 - INFO - Epoch 1 done. Validating...
2026-06-14 21:45:22,823 - INFO - Epoch [1/5] | Train: 1.3761 | Val: 0.7632
2026-06-14 21:45:23,044 - INFO - Checkpoint saved: /gpfs/scratch/bsc32/bsc096444/ai4land-tfm/trained_models/unet_impl/41798197/best_model.pth
2026-06-14 21:45:23,223 - INFO - Checkpoint saved: /gpfs/scratch/bsc32/bsc096444/ai4land-tfm/trained_models/unet_impl/41798197/model_epoch_1.pth
2026-06-14 21:45:33,491 - INFO - Epoch [2/5], Batch [1/300], Loss: 1.2935 (Overall: 0.7894, Change: 1.7976), TF Ratio: 0.940
2026-06-14 21:45:33,671 - INFO - Epoch [2/5], Batch [2/300], Loss: 1.1747 (Overall: 0.9242, Change: 1.1878), TF Ratio: 0.940
2026-06-14 21:45:33,839 - INFO - Epoch [2/5], Batch [3/300], Loss: 1.1734 (Overall: 0.9524, Change: 1.3889), TF Ratio: 0.939
2026-06-14 21:45:34,458 - INFO - Epoch [2/5], Batch [4/300], Loss: 1.1371 (Overall: 0.8000, Change: 1.2563), TF Ratio: 0.939
2026-06-14 21:45:34,614 - INFO - Epoch [2/5], Batch [5/300], Loss: 1.1489 (Overall: 0.7291, Change: 1.6634), TF Ratio: 0.939
2026-06-14 21:45:34,771 - INFO - Epoch [2/5], Batch [6/300], Loss: 1.1709 (Overall: 1.1058, Change: 1.4564), TF Ratio: 0.939
2026-06-14 21:45:34,925 - INFO - Epoch [2/5], Batch [7/300], Loss: 1.1654 (Overall: 0.7071, Change: 1.5575), TF Ratio: 0.939
2026-06-14 21:45:35,079 - INFO - Epoch [2/5], Batch [8/300], Loss: 1.1353 (Overall: 0.7427, Change: 1.1061), TF Ratio: 0.938
2026-06-14 21:45:35,233 - INFO - Epoch [2/5], Batch [9/300], Loss: 1.1493 (Overall: 0.8849, Change: 1.6373), TF Ratio: 0.938
2026-06-14 21:45:35,391 - INFO - Epoch [2/5], Batch [10/300], Loss: 1.1734 (Overall: 1.0806, Change: 1.7007), TF Ratio: 0.938
2026-06-14 21:45:35,545 - INFO - Epoch [2/5], Batch [11/300], Loss: 1.1748 (Overall: 0.7929, Change: 1.5852), TF Ratio: 0.938
2026-06-14 21:45:38,888 - INFO - Epoch [2/5], Batch [12/300], Loss: 1.1823 (Overall: 0.8407, Change: 1.6884), TF Ratio: 0.938
2026-06-14 21:45:39,046 - INFO - Epoch [2/5], Batch [13/300], Loss: 1.1949 (Overall: 1.1546, Change: 1.5368), TF Ratio: 0.937
2026-06-14 21:45:39,199 - INFO - Epoch [2/5], Batch [14/300], Loss: 1.1977 (Overall: 0.9609, Change: 1.5077), TF Ratio: 0.937
2026-06-14 21:45:39,356 - INFO - Epoch [2/5], Batch [15/300], Loss: 1.1908 (Overall: 0.9178, Change: 1.2698), TF Ratio: 0.937
2026-06-14 21:45:39,511 - INFO - Epoch [2/5], Batch [16/300], Loss: 1.1885 (Overall: 0.7422, Change: 1.5664), TF Ratio: 0.937
2026-06-14 21:45:39,665 - INFO - Epoch [2/5], Batch [17/300], Loss: 1.2201 (Overall: 1.3630, Change: 2.0900), TF Ratio: 0.937
2026-06-14 21:45:39,819 - INFO - Epoch [2/5], Batch [18/300], Loss: 1.2168 (Overall: 1.1515, Change: 1.1673), TF Ratio: 0.936
2026-06-14 21:45:39,973 - INFO - Epoch [2/5], Batch [19/300], Loss: 1.2138 (Overall: 0.8831, Change: 1.4378), TF Ratio: 0.936
2026-06-14 21:45:44,058 - INFO - Epoch [2/5], Batch [20/300], Loss: 1.2074 (Overall: 0.8409, Change: 1.3302), TF Ratio: 0.936
2026-06-14 21:45:44,216 - INFO - Epoch [2/5], Batch [21/300], Loss: 1.1964 (Overall: 0.7179, Change: 1.2371), TF Ratio: 0.936
2026-06-14 21:45:44,370 - INFO - Epoch [2/5], Batch [22/300], Loss: 1.1912 (Overall: 0.7734, Change: 1.3908), TF Ratio: 0.936
2026-06-14 21:45:44,523 - INFO - Epoch [2/5], Batch [23/300], Loss: 1.1916 (Overall: 0.9152, Change: 1.4840), TF Ratio: 0.935
2026-06-14 21:45:44,680 - INFO - Epoch [2/5], Batch [24/300], Loss: 1.1894 (Overall: 0.8959, Change: 1.3815), TF Ratio: 0.935
2026-06-14 21:45:44,838 - INFO - Epoch [2/5], Batch [25/300], Loss: 1.1848 (Overall: 0.8356, Change: 1.3135), TF Ratio: 0.935
2026-06-14 21:45:44,991 - INFO - Epoch [2/5], Batch [26/300], Loss: 1.1730 (Overall: 0.7584, Change: 0.9983), TF Ratio: 0.935
2026-06-14 21:45:45,144 - INFO - Epoch [2/5], Batch [27/300], Loss: 1.1742 (Overall: 0.6867, Change: 1.7243), TF Ratio: 0.935
2026-06-14 21:45:45,305 - INFO - Epoch [2/5], Batch [28/300], Loss: 1.1784 (Overall: 1.1067, Change: 1.4744), TF Ratio: 0.934
2026-06-14 21:45:45,458 - INFO - Epoch [2/5], Batch [29/300], Loss: 1.1757 (Overall: 1.0211, Change: 1.1780), TF Ratio: 0.934
2026-06-14 21:45:45,614 - INFO - Epoch [2/5], Batch [30/300], Loss: 1.1885 (Overall: 1.2601, Change: 1.8629), TF Ratio: 0.934
2026-06-14 21:45:45,780 - INFO - Epoch [2/5], Batch [31/300], Loss: 1.1798 (Overall: 0.7748, Change: 1.0634), TF Ratio: 0.934
2026-06-14 21:45:45,935 - INFO - Epoch [2/5], Batch [32/300], Loss: 1.1816 (Overall: 1.0273, Change: 1.4445), TF Ratio: 0.934
2026-06-14 21:45:46,087 - INFO - Epoch [2/5], Batch [33/300], Loss: 1.1818 (Overall: 0.8969, Change: 1.4786), TF Ratio: 0.933
2026-06-14 21:45:46,240 - INFO - Epoch [2/5], Batch [34/300], Loss: 1.1887 (Overall: 1.6032, Change: 1.2331), TF Ratio: 0.933
2026-06-14 21:45:46,393 - INFO - Epoch [2/5], Batch [35/300], Loss: 1.1954 (Overall: 0.9948, Change: 1.8523), TF Ratio: 0.933
2026-06-14 21:45:46,552 - INFO - Epoch [2/5], Batch [36/300], Loss: 1.1905 (Overall: 0.8081, Change: 1.2300), TF Ratio: 0.933
2026-06-14 21:45:46,708 - INFO - Epoch [2/5], Batch [37/300], Loss: 1.1868 (Overall: 0.8696, Change: 1.2370), TF Ratio: 0.933
2026-06-14 21:45:46,868 - INFO - Epoch [2/5], Batch [38/300], Loss: 1.1853 (Overall: 1.0286, Change: 1.2313), TF Ratio: 0.932
2026-06-14 21:45:47,147 - INFO - Epoch [2/5], Batch [39/300], Loss: 1.1841 (Overall: 0.8617, Change: 1.4126), TF Ratio: 0.932
2026-06-14 21:45:47,303 - INFO - Epoch [2/5], Batch [40/300], Loss: 1.1901 (Overall: 1.2292, Change: 1.6228), TF Ratio: 0.932
2026-06-14 21:45:47,465 - INFO - Epoch [2/5], Batch [41/300], Loss: 1.1824 (Overall: 0.7968, Change: 0.9479), TF Ratio: 0.932
2026-06-14 21:45:47,621 - INFO - Epoch [2/5], Batch [42/300], Loss: 1.1833 (Overall: 0.9214, Change: 1.5240), TF Ratio: 0.932
2026-06-14 21:45:47,773 - INFO - Epoch [2/5], Batch [43/300], Loss: 1.1868 (Overall: 1.1341, Change: 1.5279), TF Ratio: 0.931
2026-06-14 21:45:47,927 - INFO - Epoch [2/5], Batch [44/300], Loss: 1.1888 (Overall: 0.8595, Change: 1.6948), TF Ratio: 0.931
2026-06-14 21:45:48,089 - INFO - Epoch [2/5], Batch [45/300], Loss: 1.1854 (Overall: 0.7404, Change: 1.3282), TF Ratio: 0.931
2026-06-14 21:45:48,245 - INFO - Epoch [2/5], Batch [46/300], Loss: 1.1804 (Overall: 0.8654, Change: 1.0406), TF Ratio: 0.931
2026-06-14 21:45:48,400 - INFO - Epoch [2/5], Batch [47/300], Loss: 1.1783 (Overall: 0.7817, Change: 1.3860), TF Ratio: 0.931
2026-06-14 21:45:48,561 - INFO - Epoch [2/5], Batch [48/300], Loss: 1.1763 (Overall: 0.8794, Change: 1.2888), TF Ratio: 0.930
2026-06-14 21:45:48,717 - INFO - Epoch [2/5], Batch [49/300], Loss: 1.1761 (Overall: 0.9090, Change: 1.4167), TF Ratio: 0.930
2026-06-14 21:45:48,872 - INFO - Epoch [2/5], Batch [50/300], Loss: 1.1785 (Overall: 0.9800, Change: 1.6166), TF Ratio: 0.930
2026-06-14 21:45:49,025 - INFO - Epoch [2/5], Batch [51/300], Loss: 1.1731 (Overall: 0.7585, Change: 1.0522), TF Ratio: 0.930
2026-06-14 21:45:49,190 - INFO - Epoch [2/5], Batch [52/300], Loss: 1.1686 (Overall: 0.7248, Change: 1.1439), TF Ratio: 0.930
2026-06-14 21:45:49,342 - INFO - Epoch [2/5], Batch [53/300], Loss: 1.1671 (Overall: 1.0157, Change: 1.1651), TF Ratio: 0.929
2026-06-14 21:45:49,495 - INFO - Epoch [2/5], Batch [54/300], Loss: 1.1657 (Overall: 0.8796, Change: 1.3024), TF Ratio: 0.929
2026-06-14 21:45:49,648 - INFO - Epoch [2/5], Batch [55/300], Loss: 1.1693 (Overall: 1.1750, Change: 1.5535), TF Ratio: 0.929
2026-06-14 21:45:50,819 - INFO - Epoch [2/5], Batch [56/300], Loss: 1.1699 (Overall: 0.8366, Change: 1.5670), TF Ratio: 0.929
2026-06-14 21:45:50,974 - INFO - Epoch [2/5], Batch [57/300], Loss: 1.1667 (Overall: 0.7197, Change: 1.2575), TF Ratio: 0.929
2026-06-14 21:45:51,126 - INFO - Epoch [2/5], Batch [58/300], Loss: 1.1737 (Overall: 0.8652, Change: 2.2837), TF Ratio: 0.928
2026-06-14 21:45:51,278 - INFO - Epoch [2/5], Batch [59/300], Loss: 1.1730 (Overall: 0.8790, Change: 1.3874), TF Ratio: 0.928
2026-06-14 21:45:51,431 - INFO - Epoch [2/5], Batch [60/300], Loss: 1.1692 (Overall: 0.8766, Change: 1.0045), TF Ratio: 0.928
2026-06-14 21:45:51,585 - INFO - Epoch [2/5], Batch [61/300], Loss: 1.1666 (Overall: 0.8271, Change: 1.1949), TF Ratio: 0.928
2026-06-14 21:45:51,738 - INFO - Epoch [2/5], Batch [62/300], Loss: 1.1659 (Overall: 0.7566, Change: 1.4956), TF Ratio: 0.928
2026-06-14 21:45:53,515 - INFO - Epoch [2/5], Batch [63/300], Loss: 1.1642 (Overall: 0.8141, Change: 1.3068), TF Ratio: 0.927
2026-06-14 21:45:53,671 - INFO - Epoch [2/5], Batch [64/300], Loss: 1.1624 (Overall: 0.7484, Change: 1.3479), TF Ratio: 0.927
2026-06-14 21:45:53,826 - INFO - Epoch [2/5], Batch [65/300], Loss: 1.1656 (Overall: 0.6944, Change: 2.0416), TF Ratio: 0.927
2026-06-14 21:45:53,979 - INFO - Epoch [2/5], Batch [66/300], Loss: 1.1635 (Overall: 0.6966, Change: 1.3618), TF Ratio: 0.927
2026-06-14 21:45:54,133 - INFO - Epoch [2/5], Batch [67/300], Loss: 1.1593 (Overall: 0.7053, Change: 1.0574), TF Ratio: 0.927
2026-06-14 21:45:54,290 - INFO - Epoch [2/5], Batch [68/300], Loss: 1.1599 (Overall: 0.9392, Change: 1.4569), TF Ratio: 0.926
2026-06-14 21:45:54,452 - INFO - Epoch [2/5], Batch [69/300], Loss: 1.1568 (Overall: 0.6268, Change: 1.2662), TF Ratio: 0.926
2026-06-14 21:45:54,607 - INFO - Epoch [2/5], Batch [70/300], Loss: 1.1583 (Overall: 0.9950, Change: 1.5278), TF Ratio: 0.926
2026-06-14 21:45:54,767 - INFO - Epoch [2/5], Batch [71/300], Loss: 1.1584 (Overall: 0.7238, Change: 1.6073), TF Ratio: 0.926
2026-06-14 21:45:55,452 - INFO - Epoch [2/5], Batch [72/300], Loss: 1.1586 (Overall: 0.8357, Change: 1.5081), TF Ratio: 0.926
2026-06-14 21:45:55,612 - INFO - Epoch [2/5], Batch [73/300], Loss: 1.1586 (Overall: 0.8803, Change: 1.4465), TF Ratio: 0.925
2026-06-14 21:45:55,772 - INFO - Epoch [2/5], Batch [74/300], Loss: 1.1586 (Overall: 0.9635, Change: 1.3528), TF Ratio: 0.925
2026-06-14 21:45:56,917 - INFO - Epoch [2/5], Batch [75/300], Loss: 1.1594 (Overall: 0.8662, Change: 1.5609), TF Ratio: 0.925
2026-06-14 21:45:57,071 - INFO - Epoch [2/5], Batch [76/300], Loss: 1.1641 (Overall: 1.0154, Change: 2.0303), TF Ratio: 0.925
2026-06-14 21:45:57,226 - INFO - Epoch [2/5], Batch [77/300], Loss: 1.1674 (Overall: 1.2148, Change: 1.6122), TF Ratio: 0.925
2026-06-14 21:45:57,381 - INFO - Epoch [2/5], Batch [78/300], Loss: 1.1641 (Overall: 0.6090, Change: 1.2080), TF Ratio: 0.924
2026-06-14 21:45:57,536 - INFO - Epoch [2/5], Batch [79/300], Loss: 1.1626 (Overall: 0.6943, Change: 1.4000), TF Ratio: 0.924
2026-06-14 21:45:57,698 - INFO - Epoch [2/5], Batch [80/300], Loss: 1.1613 (Overall: 0.6943, Change: 1.4237), TF Ratio: 0.924
2026-06-14 21:45:57,854 - INFO - Epoch [2/5], Batch [81/300], Loss: 1.1621 (Overall: 1.0232, Change: 1.4274), TF Ratio: 0.924
2026-06-14 21:45:58,007 - INFO - Epoch [2/5], Batch [82/300], Loss: 1.1625 (Overall: 0.8217, Change: 1.5717), TF Ratio: 0.924
2026-06-14 21:45:58,160 - INFO - Epoch [2/5], Batch [83/300], Loss: 1.1623 (Overall: 0.7345, Change: 1.5540), TF Ratio: 0.923
2026-06-14 21:45:58,319 - INFO - Epoch [2/5], Batch [84/300], Loss: 1.1635 (Overall: 0.7825, Change: 1.7534), TF Ratio: 0.923
2026-06-14 21:45:58,472 - INFO - Epoch [2/5], Batch [85/300], Loss: 1.1631 (Overall: 0.9053, Change: 1.3481), TF Ratio: 0.923
2026-06-14 21:45:58,626 - INFO - Epoch [2/5], Batch [86/300], Loss: 1.1621 (Overall: 0.7534, Change: 1.3953), TF Ratio: 0.923
2026-06-14 21:45:58,780 - INFO - Epoch [2/5], Batch [87/300], Loss: 1.1605 (Overall: 0.6390, Change: 1.4145), TF Ratio: 0.923
2026-06-14 21:45:58,935 - INFO - Epoch [2/5], Batch [88/300], Loss: 1.1576 (Overall: 0.6540, Change: 1.1544), TF Ratio: 0.922
2026-06-14 21:45:59,089 - INFO - Epoch [2/5], Batch [89/300], Loss: 1.1590 (Overall: 0.9127, Change: 1.6429), TF Ratio: 0.922
2026-06-14 21:45:59,242 - INFO - Epoch [2/5], Batch [90/300], Loss: 1.1613 (Overall: 1.2348, Change: 1.5024), TF Ratio: 0.922
2026-06-14 21:45:59,395 - INFO - Epoch [2/5], Batch [91/300], Loss: 1.1621 (Overall: 1.0621, Change: 1.4115), TF Ratio: 0.922
2026-06-14 21:45:59,557 - INFO - Epoch [2/5], Batch [92/300], Loss: 1.1632 (Overall: 0.9981, Change: 1.5191), TF Ratio: 0.922
2026-06-14 21:45:59,712 - INFO - Epoch [2/5], Batch [93/300], Loss: 1.1595 (Overall: 0.8684, Change: 0.7736), TF Ratio: 0.921
2026-06-14 21:45:59,866 - INFO - Epoch [2/5], Batch [94/300], Loss: 1.1611 (Overall: 1.0203, Change: 1.6112), TF Ratio: 0.921
2026-06-14 21:46:00,020 - INFO - Epoch [2/5], Batch [95/300], Loss: 1.1609 (Overall: 0.9634, Change: 1.3169), TF Ratio: 0.921
2026-06-14 21:46:00,484 - INFO - Epoch [2/5], Batch [96/300], Loss: 1.1587 (Overall: 0.7095, Change: 1.1939), TF Ratio: 0.921
2026-06-14 21:46:00,638 - INFO - Epoch [2/5], Batch [97/300], Loss: 1.1571 (Overall: 0.8983, Change: 1.0921), TF Ratio: 0.921
2026-06-14 21:46:00,791 - INFO - Epoch [2/5], Batch [98/300], Loss: 1.1570 (Overall: 0.8372, Change: 1.4753), TF Ratio: 0.920
2026-06-14 21:46:00,944 - INFO - Epoch [2/5], Batch [99/300], Loss: 1.1575 (Overall: 0.8995, Change: 1.5062), TF Ratio: 0.920
2026-06-14 21:46:01,379 - INFO - Epoch [2/5], Batch [100/300], Loss: 1.1582 (Overall: 1.0059, Change: 1.4549), TF Ratio: 0.920
2026-06-14 21:46:01,534 - INFO - Epoch [2/5], Batch [101/300], Loss: 1.1609 (Overall: 1.1405, Change: 1.7122), TF Ratio: 0.920
2026-06-14 21:46:01,691 - INFO - Epoch [2/5], Batch [102/300], Loss: 1.1620 (Overall: 0.7590, Change: 1.7816), TF Ratio: 0.920
2026-06-14 21:46:01,848 - INFO - Epoch [2/5], Batch [103/300], Loss: 1.1614 (Overall: 0.7977, Change: 1.4093), TF Ratio: 0.919
2026-06-14 21:46:02,010 - INFO - Epoch [2/5], Batch [104/300], Loss: 1.1608 (Overall: 1.0076, Change: 1.1957), TF Ratio: 0.919
2026-06-14 21:46:02,167 - INFO - Epoch [2/5], Batch [105/300], Loss: 1.1581 (Overall: 0.7646, Change: 0.9794), TF Ratio: 0.919
2026-06-14 21:46:02,323 - INFO - Epoch [2/5], Batch [106/300], Loss: 1.1584 (Overall: 0.8506, Change: 1.5378), TF Ratio: 0.919
2026-06-14 21:46:02,476 - INFO - Epoch [2/5], Batch [107/300], Loss: 1.1584 (Overall: 0.9791, Change: 1.3353), TF Ratio: 0.919
2026-06-14 21:46:03,991 - INFO - Epoch [2/5], Batch [108/300], Loss: 1.1588 (Overall: 0.9313, Change: 1.4606), TF Ratio: 0.918
2026-06-14 21:46:04,145 - INFO - Epoch [2/5], Batch [109/300], Loss: 1.1601 (Overall: 1.1522, Change: 1.4541), TF Ratio: 0.918
2026-06-14 21:46:04,305 - INFO - Epoch [2/5], Batch [110/300], Loss: 1.1581 (Overall: 0.8190, Change: 1.0693), TF Ratio: 0.918
2026-06-14 21:46:04,458 - INFO - Epoch [2/5], Batch [111/300], Loss: 1.1585 (Overall: 0.8354, Change: 1.5689), TF Ratio: 0.918
2026-06-14 21:46:04,622 - INFO - Epoch [2/5], Batch [112/300], Loss: 1.1580 (Overall: 0.7178, Change: 1.4833), TF Ratio: 0.918
2026-06-14 21:46:04,777 - INFO - Epoch [2/5], Batch [113/300], Loss: 1.1589 (Overall: 0.8189, Change: 1.7076), TF Ratio: 0.917
2026-06-14 21:46:04,939 - INFO - Epoch [2/5], Batch [114/300], Loss: 1.1573 (Overall: 0.6316, Change: 1.3149), TF Ratio: 0.917
2026-06-14 21:46:05,091 - INFO - Epoch [2/5], Batch [115/300], Loss: 1.1573 (Overall: 0.7293, Change: 1.5872), TF Ratio: 0.917
2026-06-14 21:46:05,245 - INFO - Epoch [2/5], Batch [116/300], Loss: 1.1575 (Overall: 0.8406, Change: 1.5189), TF Ratio: 0.917
2026-06-14 21:46:05,399 - INFO - Epoch [2/5], Batch [117/300], Loss: 1.1573 (Overall: 0.7760, Change: 1.4983), TF Ratio: 0.917
2026-06-14 21:46:05,551 - INFO - Epoch [2/5], Batch [118/300], Loss: 1.1566 (Overall: 0.8372, Change: 1.3155), TF Ratio: 0.916
2026-06-14 21:46:05,713 - INFO - Epoch [2/5], Batch [119/300], Loss: 1.1563 (Overall: 0.8212, Change: 1.4006), TF Ratio: 0.916
2026-06-14 21:46:05,867 - INFO - Epoch [2/5], Batch [120/300], Loss: 1.1573 (Overall: 1.2373, Change: 1.3157), TF Ratio: 0.916
2026-06-14 21:46:06,021 - INFO - Epoch [2/5], Batch [121/300], Loss: 1.1587 (Overall: 1.0224, Change: 1.6402), TF Ratio: 0.916
2026-06-14 21:46:06,174 - INFO - Epoch [2/5], Batch [122/300], Loss: 1.1586 (Overall: 0.8894, Change: 1.3995), TF Ratio: 0.916
2026-06-14 21:46:06,327 - INFO - Epoch [2/5], Batch [123/300], Loss: 1.1602 (Overall: 0.7708, Change: 1.9394), TF Ratio: 0.915
2026-06-14 21:46:06,494 - INFO - Epoch [2/5], Batch [124/300], Loss: 1.1619 (Overall: 1.1618, Change: 1.5889), TF Ratio: 0.915
2026-06-14 21:46:06,654 - INFO - Epoch [2/5], Batch [125/300], Loss: 1.1617 (Overall: 0.7229, Change: 1.5586), TF Ratio: 0.915
2026-06-14 21:46:06,807 - INFO - Epoch [2/5], Batch [126/300], Loss: 1.1614 (Overall: 0.9307, Change: 1.2968), TF Ratio: 0.915
2026-06-14 21:46:06,961 - INFO - Epoch [2/5], Batch [127/300], Loss: 1.1605 (Overall: 0.5876, Change: 1.5090), TF Ratio: 0.915
2026-06-14 21:46:07,120 - INFO - Epoch [2/5], Batch [128/300], Loss: 1.1605 (Overall: 0.9707, Change: 1.3525), TF Ratio: 0.914
2026-06-14 21:46:07,274 - INFO - Epoch [2/5], Batch [129/300], Loss: 1.1606 (Overall: 0.8519, Change: 1.5054), TF Ratio: 0.914
2026-06-14 21:46:07,427 - INFO - Epoch [2/5], Batch [130/300], Loss: 1.1599 (Overall: 0.8416, Change: 1.2865), TF Ratio: 0.914
2026-06-14 21:46:07,581 - INFO - Epoch [2/5], Batch [131/300], Loss: 1.1590 (Overall: 0.7154, Change: 1.3662), TF Ratio: 0.914
2026-06-14 21:46:07,734 - INFO - Epoch [2/5], Batch [132/300], Loss: 1.1601 (Overall: 1.0474, Change: 1.5582), TF Ratio: 0.914
2026-06-14 21:46:07,886 - INFO - Epoch [2/5], Batch [133/300], Loss: 1.1622 (Overall: 1.2699, Change: 1.6086), TF Ratio: 0.913
2026-06-14 21:46:08,039 - INFO - Epoch [2/5], Batch [134/300], Loss: 1.1615 (Overall: 0.6944, Change: 1.4501), TF Ratio: 0.913
2026-06-14 21:46:08,192 - INFO - Epoch [2/5], Batch [135/300], Loss: 1.1676 (Overall: 1.3325, Change: 2.6475), TF Ratio: 0.913
2026-06-14 21:46:08,350 - INFO - Epoch [2/5], Batch [136/300], Loss: 1.1670 (Overall: 0.8592, Change: 1.3173), TF Ratio: 0.913
2026-06-14 21:46:08,504 - INFO - Epoch [2/5], Batch [137/300], Loss: 1.1669 (Overall: 0.8104, Change: 1.4927), TF Ratio: 0.913
2026-06-14 21:46:08,659 - INFO - Epoch [2/5], Batch [138/300], Loss: 1.1687 (Overall: 0.9729, Change: 1.8539), TF Ratio: 0.912
2026-06-14 21:46:08,814 - INFO - Epoch [2/5], Batch [139/300], Loss: 1.1700 (Overall: 1.1789, Change: 1.5106), TF Ratio: 0.912
2026-06-14 21:46:08,973 - INFO - Epoch [2/5], Batch [140/300], Loss: 1.1703 (Overall: 0.9394, Change: 1.5038), TF Ratio: 0.912
2026-06-14 21:46:09,128 - INFO - Epoch [2/5], Batch [141/300], Loss: 1.1707 (Overall: 0.6779, Change: 1.7665), TF Ratio: 0.912
2026-06-14 21:46:09,290 - INFO - Epoch [2/5], Batch [142/300], Loss: 1.1706 (Overall: 0.7919, Change: 1.5180), TF Ratio: 0.912
2026-06-14 21:46:09,444 - INFO - Epoch [2/5], Batch [143/300], Loss: 1.1738 (Overall: 0.7736, Change: 2.4733), TF Ratio: 0.911
2026-06-14 21:46:10,669 - INFO - Epoch [2/5], Batch [144/300], Loss: 1.1748 (Overall: 1.0825, Change: 1.5604), TF Ratio: 0.911
2026-06-14 21:46:10,826 - INFO - Epoch [2/5], Batch [145/300], Loss: 1.1747 (Overall: 0.6612, Change: 1.6647), TF Ratio: 0.911
2026-06-14 21:46:10,980 - INFO - Epoch [2/5], Batch [146/300], Loss: 1.1743 (Overall: 0.7288, Change: 1.5140), TF Ratio: 0.911
2026-06-14 21:46:11,133 - INFO - Epoch [2/5], Batch [147/300], Loss: 1.1760 (Overall: 1.1665, Change: 1.6773), TF Ratio: 0.911
2026-06-14 21:46:11,292 - INFO - Epoch [2/5], Batch [148/300], Loss: 1.1765 (Overall: 0.9199, Change: 1.5563), TF Ratio: 0.910
2026-06-14 21:46:11,456 - INFO - Epoch [2/5], Batch [149/300], Loss: 1.1762 (Overall: 0.9693, Change: 1.3178), TF Ratio: 0.910
2026-06-14 21:46:11,610 - INFO - Epoch [2/5], Batch [150/300], Loss: 1.1755 (Overall: 0.6858, Change: 1.4479), TF Ratio: 0.910
2026-06-14 21:46:11,764 - INFO - Epoch [2/5], Batch [151/300], Loss: 1.1755 (Overall: 0.8722, Change: 1.4877), TF Ratio: 0.910
2026-06-14 21:46:11,920 - INFO - Epoch [2/5], Batch [152/300], Loss: 1.1732 (Overall: 0.5766, Change: 1.0794), TF Ratio: 0.910
2026-06-14 21:46:12,075 - INFO - Epoch [2/5], Batch [153/300], Loss: 1.1719 (Overall: 0.6476, Change: 1.2848), TF Ratio: 0.909
2026-06-14 21:46:12,238 - INFO - Epoch [2/5], Batch [154/300], Loss: 1.1738 (Overall: 0.9820, Change: 1.9519), TF Ratio: 0.909
2026-06-14 21:46:12,392 - INFO - Epoch [2/5], Batch [155/300], Loss: 1.1744 (Overall: 0.9311, Change: 1.6091), TF Ratio: 0.909
2026-06-14 21:46:13,869 - INFO - Epoch [2/5], Batch [156/300], Loss: 1.1737 (Overall: 0.6990, Change: 1.4368), TF Ratio: 0.909
2026-06-14 21:46:14,025 - INFO - Epoch [2/5], Batch [157/300], Loss: 1.1747 (Overall: 1.0283, Change: 1.6259), TF Ratio: 0.909
2026-06-14 21:46:14,191 - INFO - Epoch [2/5], Batch [158/300], Loss: 1.1757 (Overall: 0.8921, Change: 1.7760), TF Ratio: 0.908
2026-06-14 21:46:14,346 - INFO - Epoch [2/5], Batch [159/300], Loss: 1.1760 (Overall: 0.8323, Change: 1.6126), TF Ratio: 0.908
2026-06-14 21:46:14,501 - INFO - Epoch [2/5], Batch [160/300], Loss: 1.1753 (Overall: 1.1325, Change: 0.9882), TF Ratio: 0.908
2026-06-14 21:46:14,654 - INFO - Epoch [2/5], Batch [161/300], Loss: 1.1736 (Overall: 0.6984, Change: 1.1002), TF Ratio: 0.908
2026-06-14 21:46:14,808 - INFO - Epoch [2/5], Batch [162/300], Loss: 1.1725 (Overall: 0.7068, Change: 1.2942), TF Ratio: 0.908
2026-06-14 21:46:14,965 - INFO - Epoch [2/5], Batch [163/300], Loss: 1.1721 (Overall: 0.6327, Change: 1.5781), TF Ratio: 0.907
2026-06-14 21:46:15,124 - INFO - Epoch [2/5], Batch [164/300], Loss: 1.1717 (Overall: 0.9051, Change: 1.3135), TF Ratio: 0.907
2026-06-14 21:46:15,277 - INFO - Epoch [2/5], Batch [165/300], Loss: 1.1709 (Overall: 0.9541, Change: 1.1221), TF Ratio: 0.907
2026-06-14 21:46:15,429 - INFO - Epoch [2/5], Batch [166/300], Loss: 1.1701 (Overall: 0.7549, Change: 1.3304), TF Ratio: 0.907
2026-06-14 21:46:15,583 - INFO - Epoch [2/5], Batch [167/300], Loss: 1.1700 (Overall: 0.8280, Change: 1.4486), TF Ratio: 0.907
2026-06-14 21:46:16,591 - INFO - Epoch [2/5], Batch [168/300], Loss: 1.1686 (Overall: 0.9981, Change: 0.8815), TF Ratio: 0.906
2026-06-14 21:46:16,759 - INFO - Epoch [2/5], Batch [169/300], Loss: 1.1682 (Overall: 0.8913, Change: 1.3020), TF Ratio: 0.906
2026-06-14 21:46:17,314 - INFO - Epoch [2/5], Batch [170/300], Loss: 1.1676 (Overall: 1.0003, Change: 1.1463), TF Ratio: 0.906
2026-06-14 21:46:17,470 - INFO - Epoch [2/5], Batch [171/300], Loss: 1.1675 (Overall: 0.8323, Change: 1.4812), TF Ratio: 0.906
2026-06-14 21:46:17,628 - INFO - Epoch [2/5], Batch [172/300], Loss: 1.1672 (Overall: 1.2230, Change: 1.0131), TF Ratio: 0.906
2026-06-14 21:46:17,784 - INFO - Epoch [2/5], Batch [173/300], Loss: 1.1661 (Overall: 0.7389, Change: 1.1845), TF Ratio: 0.905
2026-06-14 21:46:17,940 - INFO - Epoch [2/5], Batch [174/300], Loss: 1.1641 (Overall: 0.5958, Change: 1.0646), TF Ratio: 0.905
2026-06-14 21:46:18,093 - INFO - Epoch [2/5], Batch [175/300], Loss: 1.1637 (Overall: 0.7541, Change: 1.4187), TF Ratio: 0.905
2026-06-14 21:46:18,252 - INFO - Epoch [2/5], Batch [176/300], Loss: 1.1614 (Overall: 0.6951, Change: 0.8404), TF Ratio: 0.905
2026-06-14 21:46:18,405 - INFO - Epoch [2/5], Batch [177/300], Loss: 1.1614 (Overall: 0.9024, Change: 1.4200), TF Ratio: 0.905
2026-06-14 21:46:18,559 - INFO - Epoch [2/5], Batch [178/300], Loss: 1.1610 (Overall: 0.7710, Change: 1.4041), TF Ratio: 0.904
2026-06-14 21:46:18,713 - INFO - Epoch [2/5], Batch [179/300], Loss: 1.1594 (Overall: 0.5373, Change: 1.2060), TF Ratio: 0.904
2026-06-14 21:46:18,867 - INFO - Epoch [2/5], Batch [180/300], Loss: 1.1595 (Overall: 0.8348, Change: 1.5350), TF Ratio: 0.904
2026-06-14 21:46:19,020 - INFO - Epoch [2/5], Batch [181/300], Loss: 1.1595 (Overall: 1.1838, Change: 1.1035), TF Ratio: 0.904
2026-06-14 21:46:20,012 - INFO - Epoch [2/5], Batch [182/300], Loss: 1.1593 (Overall: 0.9744, Change: 1.2782), TF Ratio: 0.904
2026-06-14 21:46:20,168 - INFO - Epoch [2/5], Batch [183/300], Loss: 1.1598 (Overall: 0.9286, Change: 1.5706), TF Ratio: 0.903
2026-06-14 21:46:20,325 - INFO - Epoch [2/5], Batch [184/300], Loss: 1.1599 (Overall: 0.8972, Change: 1.4589), TF Ratio: 0.903
2026-06-14 21:46:20,483 - INFO - Epoch [2/5], Batch [185/300], Loss: 1.1590 (Overall: 0.8337, Change: 1.1544), TF Ratio: 0.903
2026-06-14 21:46:20,639 - INFO - Epoch [2/5], Batch [186/300], Loss: 1.1589 (Overall: 0.7077, Change: 1.5905), TF Ratio: 0.903
2026-06-14 21:46:20,796 - INFO - Epoch [2/5], Batch [187/300], Loss: 1.1592 (Overall: 0.7390, Change: 1.6837), TF Ratio: 0.903
2026-06-14 21:46:20,952 - INFO - Epoch [2/5], Batch [188/300], Loss: 1.1604 (Overall: 1.2394, Change: 1.5341), TF Ratio: 0.902
2026-06-14 21:46:21,105 - INFO - Epoch [2/5], Batch [189/300], Loss: 1.1599 (Overall: 0.7806, Change: 1.3560), TF Ratio: 0.902
2026-06-14 21:46:21,258 - INFO - Epoch [2/5], Batch [190/300], Loss: 1.1594 (Overall: 0.8593, Change: 1.2807), TF Ratio: 0.902
2026-06-14 21:46:21,412 - INFO - Epoch [2/5], Batch [191/300], Loss: 1.1588 (Overall: 0.5981, Change: 1.4689), TF Ratio: 0.902
2026-06-14 21:46:21,575 - INFO - Epoch [2/5], Batch [192/300], Loss: 1.1588 (Overall: 0.9239, Change: 1.4054), TF Ratio: 0.902
2026-06-14 21:46:21,729 - INFO - Epoch [2/5], Batch [193/300], Loss: 1.1587 (Overall: 0.7360, Change: 1.5288), TF Ratio: 0.901
2026-06-14 21:46:21,883 - INFO - Epoch [2/5], Batch [194/300], Loss: 1.1593 (Overall: 0.7831, Change: 1.7821), TF Ratio: 0.901
2026-06-14 21:46:22,036 - INFO - Epoch [2/5], Batch [195/300], Loss: 1.1596 (Overall: 0.7593, Change: 1.6840), TF Ratio: 0.901
2026-06-14 21:46:22,193 - INFO - Epoch [2/5], Batch [196/300], Loss: 1.1599 (Overall: 0.9140, Change: 1.4910), TF Ratio: 0.901
2026-06-14 21:46:22,347 - INFO - Epoch [2/5], Batch [197/300], Loss: 1.1589 (Overall: 0.7092, Change: 1.2158), TF Ratio: 0.901
2026-06-14 21:46:22,500 - INFO - Epoch [2/5], Batch [198/300], Loss: 1.1593 (Overall: 1.1707, Change: 1.3113), TF Ratio: 0.900
2026-06-14 21:46:22,653 - INFO - Epoch [2/5], Batch [199/300], Loss: 1.1592 (Overall: 0.9750, Change: 1.3085), TF Ratio: 0.900
2026-06-14 21:46:22,823 - INFO - Epoch [2/5], Batch [200/300], Loss: 1.1596 (Overall: 1.0153, Change: 1.4670), TF Ratio: 0.900
2026-06-14 21:46:22,980 - INFO - Epoch [2/5], Batch [201/300], Loss: 1.1600 (Overall: 1.0252, Change: 1.4763), TF Ratio: 0.900
2026-06-14 21:46:23,147 - INFO - Epoch [2/5], Batch [202/300], Loss: 1.1599 (Overall: 0.7857, Change: 1.4599), TF Ratio: 0.900
2026-06-14 21:46:23,310 - INFO - Epoch [2/5], Batch [203/300], Loss: 1.1599 (Overall: 0.9296, Change: 1.3874), TF Ratio: 0.899
2026-06-14 21:46:23,466 - INFO - Epoch [2/5], Batch [204/300], Loss: 1.1604 (Overall: 0.8806, Change: 1.6475), TF Ratio: 0.899
2026-06-14 21:46:23,621 - INFO - Epoch [2/5], Batch [205/300], Loss: 1.1597 (Overall: 0.8837, Change: 1.1789), TF Ratio: 0.899
2026-06-14 21:46:23,774 - INFO - Epoch [2/5], Batch [206/300], Loss: 1.1599 (Overall: 1.0103, Change: 1.3817), TF Ratio: 0.899
2026-06-14 21:46:23,926 - INFO - Epoch [2/5], Batch [207/300], Loss: 1.1580 (Overall: 0.6238, Change: 0.8914), TF Ratio: 0.899
2026-06-14 21:46:24,084 - INFO - Epoch [2/5], Batch [208/300], Loss: 1.1587 (Overall: 0.9150, Change: 1.6861), TF Ratio: 0.898
2026-06-14 21:46:24,237 - INFO - Epoch [2/5], Batch [209/300], Loss: 1.1578 (Overall: 0.7420, Change: 1.2159), TF Ratio: 0.898
2026-06-14 21:46:24,390 - INFO - Epoch [2/5], Batch [210/300], Loss: 1.1563 (Overall: 0.6561, Change: 1.0457), TF Ratio: 0.898
2026-06-14 21:46:24,543 - INFO - Epoch [2/5], Batch [211/300], Loss: 1.1554 (Overall: 0.8962, Change: 1.0373), TF Ratio: 0.898
2026-06-14 21:46:24,697 - INFO - Epoch [2/5], Batch [212/300], Loss: 1.1552 (Overall: 0.7890, Change: 1.4264), TF Ratio: 0.898
2026-06-14 21:46:24,851 - INFO - Epoch [2/5], Batch [213/300], Loss: 1.1543 (Overall: 0.6812, Change: 1.2562), TF Ratio: 0.897
2026-06-14 21:46:25,004 - INFO - Epoch [2/5], Batch [214/300], Loss: 1.1547 (Overall: 0.9126, Change: 1.5582), TF Ratio: 0.897
2026-06-14 21:46:25,158 - INFO - Epoch [2/5], Batch [215/300], Loss: 1.1561 (Overall: 0.8027, Change: 2.0860), TF Ratio: 0.897
2026-06-14 21:46:26,231 - INFO - Epoch [2/5], Batch [216/300], Loss: 1.1560 (Overall: 0.7407, Change: 1.5246), TF Ratio: 0.897
2026-06-14 21:46:26,386 - INFO - Epoch [2/5], Batch [217/300], Loss: 1.1555 (Overall: 0.6802, Change: 1.4211), TF Ratio: 0.897
2026-06-14 21:46:26,541 - INFO - Epoch [2/5], Batch [218/300], Loss: 1.1553 (Overall: 0.8827, Change: 1.3486), TF Ratio: 0.896
2026-06-14 21:46:26,695 - INFO - Epoch [2/5], Batch [219/300], Loss: 1.1544 (Overall: 0.7724, Change: 1.1596), TF Ratio: 0.896
2026-06-14 21:46:26,853 - INFO - Epoch [2/5], Batch [220/300], Loss: 1.1546 (Overall: 0.8225, Change: 1.5817), TF Ratio: 0.896
2026-06-14 21:46:27,011 - INFO - Epoch [2/5], Batch [221/300], Loss: 1.1558 (Overall: 1.0875, Change: 1.7375), TF Ratio: 0.896
2026-06-14 21:46:27,178 - INFO - Epoch [2/5], Batch [222/300], Loss: 1.1551 (Overall: 0.8808, Change: 1.1090), TF Ratio: 0.896
2026-06-14 21:46:27,331 - INFO - Epoch [2/5], Batch [223/300], Loss: 1.1548 (Overall: 0.6437, Change: 1.5566), TF Ratio: 0.895
2026-06-14 21:46:27,485 - INFO - Epoch [2/5], Batch [224/300], Loss: 1.1550 (Overall: 0.6653, Change: 1.6979), TF Ratio: 0.895
2026-06-14 21:46:27,639 - INFO - Epoch [2/5], Batch [225/300], Loss: 1.1543 (Overall: 0.6566, Change: 1.3396), TF Ratio: 0.895
2026-06-14 21:46:27,793 - INFO - Epoch [2/5], Batch [226/300], Loss: 1.1536 (Overall: 0.8407, Change: 1.1775), TF Ratio: 0.895
2026-06-14 21:46:27,947 - INFO - Epoch [2/5], Batch [227/300], Loss: 1.1526 (Overall: 0.7795, Change: 1.0841), TF Ratio: 0.895
2026-06-14 21:46:29,073 - INFO - Epoch [2/5], Batch [228/300], Loss: 1.1523 (Overall: 0.8316, Change: 1.3429), TF Ratio: 0.894
2026-06-14 21:46:29,234 - INFO - Epoch [2/5], Batch [229/300], Loss: 1.1520 (Overall: 0.8205, Change: 1.3216), TF Ratio: 0.894
2026-06-14 21:46:29,389 - INFO - Epoch [2/5], Batch [230/300], Loss: 1.1514 (Overall: 0.9515, Change: 1.0583), TF Ratio: 0.894
2026-06-14 21:46:29,552 - INFO - Epoch [2/5], Batch [231/300], Loss: 1.1500 (Overall: 0.7791, Change: 0.9023), TF Ratio: 0.894
2026-06-14 21:46:29,718 - INFO - Epoch [2/5], Batch [232/300], Loss: 1.1509 (Overall: 1.3907, Change: 1.3281), TF Ratio: 0.894
2026-06-14 21:46:29,874 - INFO - Epoch [2/5], Batch [233/300], Loss: 1.1500 (Overall: 0.6133, Change: 1.2853), TF Ratio: 0.893
2026-06-14 21:46:30,028 - INFO - Epoch [2/5], Batch [234/300], Loss: 1.1504 (Overall: 0.7863, Change: 1.6574), TF Ratio: 0.893
2026-06-14 21:46:30,190 - INFO - Epoch [2/5], Batch [235/300], Loss: 1.1502 (Overall: 0.6272, Change: 1.5803), TF Ratio: 0.893
2026-06-14 21:46:30,346 - INFO - Epoch [2/5], Batch [236/300], Loss: 1.1473 (Overall: 0.9328, Change: 0.0000), TF Ratio: 0.893
2026-06-14 21:46:30,500 - INFO - Epoch [2/5], Batch [237/300], Loss: 1.1467 (Overall: 0.8131, Change: 1.2190), TF Ratio: 0.893
2026-06-14 21:46:30,657 - INFO - Epoch [2/5], Batch [238/300], Loss: 1.1463 (Overall: 0.5885, Change: 1.4930), TF Ratio: 0.892
2026-06-14 21:46:30,814 - INFO - Epoch [2/5], Batch [239/300], Loss: 1.1461 (Overall: 0.7581, Change: 1.4437), TF Ratio: 0.892
2026-06-14 21:46:30,975 - INFO - Epoch [2/5], Batch [240/300], Loss: 1.1459 (Overall: 0.8127, Change: 1.3764), TF Ratio: 0.892
2026-06-14 21:46:31,149 - INFO - Epoch [2/5], Batch [241/300], Loss: 1.1451 (Overall: 0.5418, Change: 1.4022), TF Ratio: 0.892
2026-06-14 21:46:31,304 - INFO - Epoch [2/5], Batch [242/300], Loss: 1.1448 (Overall: 0.6573, Change: 1.4883), TF Ratio: 0.892
2026-06-14 21:46:31,617 - INFO - Epoch [2/5], Batch [243/300], Loss: 1.1438 (Overall: 0.8388, Change: 0.9428), TF Ratio: 0.891
2026-06-14 21:46:31,774 - INFO - Epoch [2/5], Batch [244/300], Loss: 1.1430 (Overall: 0.5610, Change: 1.3501), TF Ratio: 0.891
2026-06-14 21:46:31,928 - INFO - Epoch [2/5], Batch [245/300], Loss: 1.1439 (Overall: 1.0889, Change: 1.6132), TF Ratio: 0.891
2026-06-14 21:46:32,086 - INFO - Epoch [2/5], Batch [246/300], Loss: 1.1442 (Overall: 0.9592, Change: 1.4823), TF Ratio: 0.891
2026-06-14 21:46:32,240 - INFO - Epoch [2/5], Batch [247/300], Loss: 1.1445 (Overall: 0.8094, Change: 1.6312), TF Ratio: 0.891
2026-06-14 21:46:32,422 - INFO - Epoch [2/5], Batch [248/300], Loss: 1.1455 (Overall: 1.0955, Change: 1.6941), TF Ratio: 0.890
2026-06-14 21:46:32,577 - INFO - Epoch [2/5], Batch [249/300], Loss: 1.1446 (Overall: 0.6669, Change: 1.1557), TF Ratio: 0.890
2026-06-14 21:46:32,732 - INFO - Epoch [2/5], Batch [250/300], Loss: 1.1442 (Overall: 0.7182, Change: 1.3788), TF Ratio: 0.890
2026-06-14 21:46:32,885 - INFO - Epoch [2/5], Batch [251/300], Loss: 1.1439 (Overall: 0.6510, Change: 1.4880), TF Ratio: 0.890
2026-06-14 21:46:33,310 - INFO - Epoch [2/5], Batch [252/300], Loss: 1.1445 (Overall: 1.0600, Change: 1.5410), TF Ratio: 0.890
2026-06-14 21:46:33,465 - INFO - Epoch [2/5], Batch [253/300], Loss: 1.1446 (Overall: 0.7875, Change: 1.5343), TF Ratio: 0.889
2026-06-14 21:46:33,628 - INFO - Epoch [2/5], Batch [254/300], Loss: 1.1439 (Overall: 0.7228, Change: 1.2316), TF Ratio: 0.889
2026-06-14 21:46:33,785 - INFO - Epoch [2/5], Batch [255/300], Loss: 1.1433 (Overall: 0.7152, Change: 1.2653), TF Ratio: 0.889
2026-06-14 21:46:33,945 - INFO - Epoch [2/5], Batch [256/300], Loss: 1.1426 (Overall: 0.6427, Change: 1.2711), TF Ratio: 0.889
2026-06-14 21:46:34,114 - INFO - Epoch [2/5], Batch [257/300], Loss: 1.1423 (Overall: 0.6671, Change: 1.4598), TF Ratio: 0.889
2026-06-14 21:46:34,269 - INFO - Epoch [2/5], Batch [258/300], Loss: 1.1414 (Overall: 0.8599, Change: 0.9592), TF Ratio: 0.888
2026-06-14 21:46:34,430 - INFO - Epoch [2/5], Batch [259/300], Loss: 1.1414 (Overall: 0.7750, Change: 1.5273), TF Ratio: 0.888
2026-06-14 21:46:34,600 - INFO - Epoch [2/5], Batch [260/300], Loss: 1.1402 (Overall: 0.4895, Change: 1.1658), TF Ratio: 0.888
2026-06-14 21:46:34,757 - INFO - Epoch [2/5], Batch [261/300], Loss: 1.1395 (Overall: 0.7702, Change: 1.1745), TF Ratio: 0.888
2026-06-14 21:46:34,911 - INFO - Epoch [2/5], Batch [262/300], Loss: 1.1396 (Overall: 0.8958, Change: 1.3889), TF Ratio: 0.888
2026-06-14 21:46:35,066 - INFO - Epoch [2/5], Batch [263/300], Loss: 1.1382 (Overall: 0.4894, Change: 1.0775), TF Ratio: 0.887
2026-06-14 21:46:35,237 - INFO - Epoch [2/5], Batch [264/300], Loss: 1.1372 (Overall: 0.5911, Change: 1.1698), TF Ratio: 0.887
2026-06-14 21:46:35,393 - INFO - Epoch [2/5], Batch [265/300], Loss: 1.1370 (Overall: 0.9778, Change: 1.1998), TF Ratio: 0.887
2026-06-14 21:46:35,549 - INFO - Epoch [2/5], Batch [266/300], Loss: 1.1366 (Overall: 0.8990, Change: 1.1389), TF Ratio: 0.887
2026-06-14 21:46:35,708 - INFO - Epoch [2/5], Batch [267/300], Loss: 1.1368 (Overall: 0.6918, Change: 1.6995), TF Ratio: 0.887
2026-06-14 21:46:35,879 - INFO - Epoch [2/5], Batch [268/300], Loss: 1.1366 (Overall: 0.6424, Change: 1.5219), TF Ratio: 0.886
2026-06-14 21:46:36,035 - INFO - Epoch [2/5], Batch [269/300], Loss: 1.1370 (Overall: 0.8653, Change: 1.6236), TF Ratio: 0.886
2026-06-14 21:46:36,190 - INFO - Epoch [2/5], Batch [270/300], Loss: 1.1362 (Overall: 0.6157, Change: 1.1946), TF Ratio: 0.886
2026-06-14 21:46:36,345 - INFO - Epoch [2/5], Batch [271/300], Loss: 1.1361 (Overall: 0.8361, Change: 1.4210), TF Ratio: 0.886
2026-06-14 21:46:36,500 - INFO - Epoch [2/5], Batch [272/300], Loss: 1.1366 (Overall: 0.8819, Change: 1.6432), TF Ratio: 0.886
2026-06-14 21:46:36,654 - INFO - Epoch [2/5], Batch [273/300], Loss: 1.1369 (Overall: 0.8771, Change: 1.5696), TF Ratio: 0.885
2026-06-14 21:46:36,807 - INFO - Epoch [2/5], Batch [274/300], Loss: 1.1369 (Overall: 1.1071, Change: 1.1507), TF Ratio: 0.885
2026-06-14 21:46:36,960 - INFO - Epoch [2/5], Batch [275/300], Loss: 1.1370 (Overall: 1.0276, Change: 1.3212), TF Ratio: 0.885
2026-06-14 21:46:37,138 - INFO - Epoch [2/5], Batch [276/300], Loss: 1.1375 (Overall: 1.0749, Change: 1.4679), TF Ratio: 0.885
2026-06-14 21:46:37,291 - INFO - Epoch [2/5], Batch [277/300], Loss: 1.1371 (Overall: 0.7185, Change: 1.3142), TF Ratio: 0.885
2026-06-14 21:46:37,445 - INFO - Epoch [2/5], Batch [278/300], Loss: 1.1361 (Overall: 0.5824, Change: 1.1611), TF Ratio: 0.884
2026-06-14 21:46:37,616 - INFO - Epoch [2/5], Batch [279/300], Loss: 1.1358 (Overall: 0.6351, Change: 1.4629), TF Ratio: 0.884
2026-06-14 21:46:39,036 - INFO - Epoch [2/5], Batch [280/300], Loss: 1.1353 (Overall: 0.6567, Change: 1.3049), TF Ratio: 0.884
2026-06-14 21:46:39,189 - INFO - Epoch [2/5], Batch [281/300], Loss: 1.1357 (Overall: 0.9550, Change: 1.5668), TF Ratio: 0.884
2026-06-14 21:46:39,351 - INFO - Epoch [2/5], Batch [282/300], Loss: 1.1363 (Overall: 1.0679, Change: 1.5271), TF Ratio: 0.884
2026-06-14 21:46:39,504 - INFO - Epoch [2/5], Batch [283/300], Loss: 1.1359 (Overall: 0.9963, Change: 1.0898), TF Ratio: 0.883
2026-06-14 21:46:39,659 - INFO - Epoch [2/5], Batch [284/300], Loss: 1.1365 (Overall: 0.9703, Change: 1.5903), TF Ratio: 0.883
2026-06-14 21:46:39,814 - INFO - Epoch [2/5], Batch [285/300], Loss: 1.1360 (Overall: 0.7497, Change: 1.2539), TF Ratio: 0.883
2026-06-14 21:46:39,967 - INFO - Epoch [2/5], Batch [286/300], Loss: 1.1347 (Overall: 0.5444, Change: 0.9690), TF Ratio: 0.883
2026-06-14 21:46:40,120 - INFO - Epoch [2/5], Batch [287/300], Loss: 1.1355 (Overall: 1.1277, Change: 1.6344), TF Ratio: 0.883
2026-06-14 21:46:40,286 - INFO - Epoch [2/5], Batch [288/300], Loss: 1.1355 (Overall: 0.7948, Change: 1.4788), TF Ratio: 0.882
2026-06-14 21:46:40,446 - INFO - Epoch [2/5], Batch [289/300], Loss: 1.1355 (Overall: 1.1219, Change: 1.1314), TF Ratio: 0.882
2026-06-14 21:46:40,603 - INFO - Epoch [2/5], Batch [290/300], Loss: 1.1352 (Overall: 0.7636, Change: 1.3618), TF Ratio: 0.882
2026-06-14 21:46:40,759 - INFO - Epoch [2/5], Batch [291/300], Loss: 1.1352 (Overall: 0.9041, Change: 1.3700), TF Ratio: 0.882
2026-06-14 21:46:40,928 - INFO - Epoch [2/5], Batch [292/300], Loss: 1.1350 (Overall: 0.8626, Change: 1.2498), TF Ratio: 0.882
2026-06-14 21:46:41,088 - INFO - Epoch [2/5], Batch [293/300], Loss: 1.1355 (Overall: 0.9889, Change: 1.5678), TF Ratio: 0.881
2026-06-14 21:46:41,244 - INFO - Epoch [2/5], Batch [294/300], Loss: 1.1353 (Overall: 0.7376, Change: 1.4547), TF Ratio: 0.881
2026-06-14 21:46:41,401 - INFO - Epoch [2/5], Batch [295/300], Loss: 1.1347 (Overall: 0.7524, Change: 1.1590), TF Ratio: 0.881
2026-06-14 21:46:41,560 - INFO - Epoch [2/5], Batch [296/300], Loss: 1.1346 (Overall: 0.8959, Change: 1.3270), TF Ratio: 0.881
2026-06-14 21:46:41,723 - INFO - Epoch [2/5], Batch [297/300], Loss: 1.1339 (Overall: 0.7781, Change: 1.0616), TF Ratio: 0.881
2026-06-14 21:46:41,880 - INFO - Epoch [2/5], Batch [298/300], Loss: 1.1337 (Overall: 0.6979, Change: 1.4369), TF Ratio: 0.880
2026-06-14 21:46:42,037 - INFO - Epoch [2/5], Batch [299/300], Loss: 1.1334 (Overall: 0.6539, Change: 1.4582), TF Ratio: 0.880
2026-06-14 21:46:42,198 - INFO - Epoch [2/5], Batch [300/300], Loss: 1.1337 (Overall: 0.8015, Change: 1.6101), TF Ratio: 0.880
2026-06-14 21:46:48,269 - INFO - Epoch 2 done. Validating...
2026-06-14 21:46:53,585 - INFO - Epoch [2/5] | Train: 1.1481 | Val: 0.7151
2026-06-14 21:46:53,812 - INFO - Checkpoint saved: /gpfs/scratch/bsc32/bsc096444/ai4land-tfm/trained_models/unet_impl/41798197/best_model.pth
2026-06-14 21:46:53,982 - INFO - Checkpoint saved: /gpfs/scratch/bsc32/bsc096444/ai4land-tfm/trained_models/unet_impl/41798197/model_epoch_2.pth
2026-06-14 21:46:57,061 - INFO - Epoch [3/5], Batch [1/300], Loss: 1.0436 (Overall: 0.6381, Change: 1.4492), TF Ratio: 0.880
2026-06-14 21:46:57,598 - INFO - Epoch [3/5], Batch [2/300], Loss: 1.1232 (Overall: 0.9585, Change: 1.4470), TF Ratio: 0.880
2026-06-14 21:46:58,295 - INFO - Epoch [3/5], Batch [3/300], Loss: 1.1744 (Overall: 1.0588, Change: 1.4946), TF Ratio: 0.879
2026-06-14 21:47:00,230 - INFO - Epoch [3/5], Batch [4/300], Loss: 1.1652 (Overall: 0.7209, Change: 1.5547), TF Ratio: 0.879
2026-06-14 21:47:00,398 - INFO - Epoch [3/5], Batch [5/300], Loss: 1.1692 (Overall: 0.9240, Change: 1.4462), TF Ratio: 0.879
2026-06-14 21:47:00,561 - INFO - Epoch [3/5], Batch [6/300], Loss: 1.1840 (Overall: 0.9678, Change: 1.5484), TF Ratio: 0.879
2026-06-14 21:47:00,715 - INFO - Epoch [3/5], Batch [7/300], Loss: 1.1745 (Overall: 0.7496, Change: 1.4850), TF Ratio: 0.879
2026-06-14 21:47:00,871 - INFO - Epoch [3/5], Batch [8/300], Loss: 1.1719 (Overall: 0.9227, Change: 1.3847), TF Ratio: 0.878
2026-06-14 21:47:01,026 - INFO - Epoch [3/5], Batch [9/300], Loss: 1.1671 (Overall: 1.0464, Change: 1.2106), TF Ratio: 0.878
2026-06-14 21:47:01,180 - INFO - Epoch [3/5], Batch [10/300], Loss: 1.1654 (Overall: 0.8716, Change: 1.4280), TF Ratio: 0.878
2026-06-14 21:47:01,336 - INFO - Epoch [3/5], Batch [11/300], Loss: 1.1584 (Overall: 0.7813, Change: 1.3959), TF Ratio: 0.878
2026-06-14 21:47:03,878 - INFO - Epoch [3/5], Batch [12/300], Loss: 1.1294 (Overall: 0.5799, Change: 1.0420), TF Ratio: 0.878
2026-06-14 21:47:04,037 - INFO - Epoch [3/5], Batch [13/300], Loss: 1.1314 (Overall: 0.8516, Change: 1.4585), TF Ratio: 0.877
2026-06-14 21:47:04,204 - INFO - Epoch [3/5], Batch [14/300], Loss: 1.1436 (Overall: 0.7308, Change: 1.8730), TF Ratio: 0.877
2026-06-14 21:47:06,113 - INFO - Epoch [3/5], Batch [15/300], Loss: 1.1449 (Overall: 0.7482, Change: 1.5790), TF Ratio: 0.877
2026-06-14 21:47:06,268 - INFO - Epoch [3/5], Batch [16/300], Loss: 1.1485 (Overall: 0.9103, Change: 1.4946), TF Ratio: 0.877
2026-06-14 21:47:06,429 - INFO - Epoch [3/5], Batch [17/300], Loss: 1.1690 (Overall: 1.0069, Change: 1.9860), TF Ratio: 0.877
2026-06-14 21:47:06,583 - INFO - Epoch [3/5], Batch [18/300], Loss: 1.1640 (Overall: 0.9240, Change: 1.2337), TF Ratio: 0.876
2026-06-14 21:47:06,737 - INFO - Epoch [3/5], Batch [19/300], Loss: 1.1645 (Overall: 0.7474, Change: 1.6010), TF Ratio: 0.876
2026-06-14 21:47:06,901 - INFO - Epoch [3/5], Batch [20/300], Loss: 1.1617 (Overall: 0.6967, Change: 1.5185), TF Ratio: 0.876
2026-06-14 21:47:07,068 - INFO - Epoch [3/5], Batch [21/300], Loss: 1.1544 (Overall: 0.6054, Change: 1.4132), TF Ratio: 0.876
2026-06-14 21:47:07,234 - INFO - Epoch [3/5], Batch [22/300], Loss: 1.1523 (Overall: 0.8979, Change: 1.3204), TF Ratio: 0.876
2026-06-14 21:47:07,389 - INFO - Epoch [3/5], Batch [23/300], Loss: 1.1499 (Overall: 0.8718, Change: 1.3198), TF Ratio: 0.875
2026-06-14 21:47:07,547 - INFO - Epoch [3/5], Batch [24/300], Loss: 1.1426 (Overall: 0.9695, Change: 0.9805), TF Ratio: 0.875
2026-06-14 21:47:07,701 - INFO - Epoch [3/5], Batch [25/300], Loss: 1.1331 (Overall: 0.6629, Change: 1.1462), TF Ratio: 0.875
2026-06-14 21:47:07,859 - INFO - Epoch [3/5], Batch [26/300], Loss: 1.1296 (Overall: 0.6411, Change: 1.4437), TF Ratio: 0.875
2026-06-14 21:47:08,018 - INFO - Epoch [3/5], Batch [27/300], Loss: 1.1402 (Overall: 0.7759, Change: 2.0549), TF Ratio: 0.875
2026-06-14 21:47:08,178 - INFO - Epoch [3/5], Batch [28/300], Loss: 1.1473 (Overall: 0.6572, Change: 2.0237), TF Ratio: 0.874
2026-06-14 21:47:08,336 - INFO - Epoch [3/5], Batch [29/300], Loss: 1.1461 (Overall: 0.9016, Change: 1.3231), TF Ratio: 0.874
2026-06-14 21:47:08,490 - INFO - Epoch [3/5], Batch [30/300], Loss: 1.1365 (Overall: 0.5166, Change: 1.1984), TF Ratio: 0.874
2026-06-14 21:47:08,643 - INFO - Epoch [3/5], Batch [31/300], Loss: 1.1310 (Overall: 0.6995, Change: 1.2327), TF Ratio: 0.874
2026-06-14 21:47:08,806 - INFO - Epoch [3/5], Batch [32/300], Loss: 1.1312 (Overall: 0.5018, Change: 1.7716), TF Ratio: 0.874
2026-06-14 21:47:08,959 - INFO - Epoch [3/5], Batch [33/300], Loss: 1.1250 (Overall: 0.7556, Change: 1.0977), TF Ratio: 0.873
2026-06-14 21:47:09,112 - INFO - Epoch [3/5], Batch [34/300], Loss: 1.1302 (Overall: 0.9445, Change: 1.6570), TF Ratio: 0.873
2026-06-14 21:47:09,266 - INFO - Epoch [3/5], Batch [35/300], Loss: 1.1315 (Overall: 0.7972, Change: 1.5590), TF Ratio: 0.873
2026-06-14 21:47:09,423 - INFO - Epoch [3/5], Batch [36/300], Loss: 1.1266 (Overall: 0.6340, Change: 1.2775), TF Ratio: 0.873
2026-06-14 21:47:09,578 - INFO - Epoch [3/5], Batch [37/300], Loss: 1.1238 (Overall: 0.7549, Change: 1.2900), TF Ratio: 0.873
2026-06-14 21:47:09,733 - INFO - Epoch [3/5], Batch [38/300], Loss: 1.1406 (Overall: 1.0230, Change: 2.5026), TF Ratio: 0.872
2026-06-14 21:47:10,181 - INFO - Epoch [3/5], Batch [39/300], Loss: 1.1402 (Overall: 0.8362, Change: 1.4135), TF Ratio: 0.872
2026-06-14 21:47:10,341 - INFO - Epoch [3/5], Batch [40/300], Loss: 1.1434 (Overall: 0.5198, Change: 2.0125), TF Ratio: 0.872
2026-06-14 21:47:10,501 - INFO - Epoch [3/5], Batch [41/300], Loss: 1.1464 (Overall: 1.2192, Change: 1.3175), TF Ratio: 0.872
2026-06-14 21:47:10,664 - INFO - Epoch [3/5], Batch [42/300], Loss: 1.1475 (Overall: 0.8596, Change: 1.5198), TF Ratio: 0.872
2026-06-14 21:47:10,825 - INFO - Epoch [3/5], Batch [43/300], Loss: 1.1565 (Overall: 1.3173, Change: 1.7551), TF Ratio: 0.871
2026-06-14 21:47:10,983 - INFO - Epoch [3/5], Batch [44/300], Loss: 1.1534 (Overall: 0.5634, Change: 1.4782), TF Ratio: 0.871
2026-06-14 21:47:11,140 - INFO - Epoch [3/5], Batch [45/300], Loss: 1.1531 (Overall: 0.6646, Change: 1.6143), TF Ratio: 0.871
2026-06-14 21:47:11,295 - INFO - Epoch [3/5], Batch [46/300], Loss: 1.1502 (Overall: 0.7812, Change: 1.2542), TF Ratio: 0.871
2026-06-14 21:47:11,449 - INFO - Epoch [3/5], Batch [47/300], Loss: 1.1499 (Overall: 0.5465, Change: 1.7266), TF Ratio: 0.871
2026-06-14 21:47:11,614 - INFO - Epoch [3/5], Batch [48/300], Loss: 1.1469 (Overall: 0.5214, Change: 1.4900), TF Ratio: 0.870
2026-06-14 21:47:11,767 - INFO - Epoch [3/5], Batch [49/300], Loss: 1.1455 (Overall: 0.6998, Change: 1.4603), TF Ratio: 0.870
2026-06-14 21:47:11,920 - INFO - Epoch [3/5], Batch [50/300], Loss: 1.1479 (Overall: 0.6219, Change: 1.9042), TF Ratio: 0.870
2026-06-14 21:47:12,072 - INFO - Epoch [3/5], Batch [51/300], Loss: 1.1458 (Overall: 0.8106, Change: 1.2742), TF Ratio: 0.870
2026-06-14 21:47:12,236 - INFO - Epoch [3/5], Batch [52/300], Loss: 1.1406 (Overall: 0.6612, Change: 1.0890), TF Ratio: 0.870
2026-06-14 21:47:12,390 - INFO - Epoch [3/5], Batch [53/300], Loss: 1.1341 (Overall: 0.5717, Change: 1.0201), TF Ratio: 0.869
2026-06-14 21:47:12,554 - INFO - Epoch [3/5], Batch [54/300], Loss: 1.1339 (Overall: 0.8209, Change: 1.4274), TF Ratio: 0.869
2026-06-14 21:47:12,707 - INFO - Epoch [3/5], Batch [55/300], Loss: 1.1338 (Overall: 0.9723, Change: 1.2814), TF Ratio: 0.869
2026-06-14 21:47:12,879 - INFO - Epoch [3/5], Batch [56/300], Loss: 1.1313 (Overall: 0.7843, Change: 1.2039), TF Ratio: 0.869
2026-06-14 21:47:13,037 - INFO - Epoch [3/5], Batch [57/300], Loss: 1.1334 (Overall: 0.8194, Change: 1.6799), TF Ratio: 0.869
2026-06-14 21:47:13,197 - INFO - Epoch [3/5], Batch [58/300], Loss: 1.1321 (Overall: 0.7409, Change: 1.3759), TF Ratio: 0.868
2026-06-14 21:47:13,351 - INFO - Epoch [3/5], Batch [59/300], Loss: 1.1315 (Overall: 0.6143, Change: 1.5857), TF Ratio: 0.868
2026-06-14 21:47:13,504 - INFO - Epoch [3/5], Batch [60/300], Loss: 1.1295 (Overall: 0.7633, Change: 1.2561), TF Ratio: 0.868
2026-06-14 21:47:13,658 - INFO - Epoch [3/5], Batch [61/300], Loss: 1.1294 (Overall: 0.8519, Change: 1.3914), TF Ratio: 0.868
2026-06-14 21:47:13,814 - INFO - Epoch [3/5], Batch [62/300], Loss: 1.1314 (Overall: 0.7357, Change: 1.7816), TF Ratio: 0.868
2026-06-14 21:47:13,967 - INFO - Epoch [3/5], Batch [63/300], Loss: 1.1289 (Overall: 0.8721, Change: 1.0730), TF Ratio: 0.867
2026-06-14 21:47:14,122 - INFO - Epoch [3/5], Batch [64/300], Loss: 1.1306 (Overall: 0.8292, Change: 1.6464), TF Ratio: 0.867
2026-06-14 21:47:14,281 - INFO - Epoch [3/5], Batch [65/300], Loss: 1.1302 (Overall: 0.7746, Change: 1.4329), TF Ratio: 0.867
2026-06-14 21:47:14,438 - INFO - Epoch [3/5], Batch [66/300], Loss: 1.1262 (Overall: 0.7342, Change: 0.9968), TF Ratio: 0.867
2026-06-14 21:47:14,591 - INFO - Epoch [3/5], Batch [67/300], Loss: 1.1214 (Overall: 0.5280, Change: 1.0810), TF Ratio: 0.867
2026-06-14 21:47:14,748 - INFO - Epoch [3/5], Batch [68/300], Loss: 1.1220 (Overall: 0.9107, Change: 1.4137), TF Ratio: 0.866
2026-06-14 21:47:14,903 - INFO - Epoch [3/5], Batch [69/300], Loss: 1.1233 (Overall: 0.8194, Change: 1.6042), TF Ratio: 0.866
2026-06-14 21:47:15,061 - INFO - Epoch [3/5], Batch [70/300], Loss: 1.1213 (Overall: 0.7252, Change: 1.2409), TF Ratio: 0.866
2026-06-14 21:47:15,214 - INFO - Epoch [3/5], Batch [71/300], Loss: 1.1218 (Overall: 0.7537, Change: 1.5583), TF Ratio: 0.866
2026-06-14 21:47:15,376 - INFO - Epoch [3/5], Batch [72/300], Loss: 1.1226 (Overall: 0.8080, Change: 1.5516), TF Ratio: 0.866
2026-06-14 21:47:15,530 - INFO - Epoch [3/5], Batch [73/300], Loss: 1.1245 (Overall: 0.7801, Change: 1.7377), TF Ratio: 0.865
2026-06-14 21:47:15,694 - INFO - Epoch [3/5], Batch [74/300], Loss: 1.1216 (Overall: 0.7598, Change: 1.0710), TF Ratio: 0.865
2026-06-14 21:47:15,847 - INFO - Epoch [3/5], Batch [75/300], Loss: 1.1211 (Overall: 0.7080, Change: 1.4571), TF Ratio: 0.865
2026-06-14 21:47:19,008 - INFO - Epoch [3/5], Batch [76/300], Loss: 1.1177 (Overall: 0.5797, Change: 1.1382), TF Ratio: 0.865
2026-06-14 21:47:19,168 - INFO - Epoch [3/5], Batch [77/300], Loss: 1.1207 (Overall: 0.8674, Change: 1.8392), TF Ratio: 0.865
2026-06-14 21:47:19,321 - INFO - Epoch [3/5], Batch [78/300], Loss: 1.1197 (Overall: 0.7876, Change: 1.2904), TF Ratio: 0.864
2026-06-14 21:47:19,475 - INFO - Epoch [3/5], Batch [79/300], Loss: 1.1200 (Overall: 0.8989, Change: 1.3900), TF Ratio: 0.864
2026-06-14 21:47:19,650 - INFO - Epoch [3/5], Batch [80/300], Loss: 1.1234 (Overall: 1.1336, Change: 1.6561), TF Ratio: 0.864
2026-06-14 21:47:19,804 - INFO - Epoch [3/5], Batch [81/300], Loss: 1.1221 (Overall: 0.8509, Change: 1.1818), TF Ratio: 0.864
2026-06-14 21:47:19,957 - INFO - Epoch [3/5], Batch [82/300], Loss: 1.1269 (Overall: 0.7175, Change: 2.3156), TF Ratio: 0.864
2026-06-14 21:47:20,109 - INFO - Epoch [3/5], Batch [83/300], Loss: 1.1257 (Overall: 0.8655, Change: 1.1807), TF Ratio: 0.863
2026-06-14 21:47:23,523 - INFO - Epoch [3/5], Batch [84/300], Loss: 1.1261 (Overall: 0.9780, Change: 1.3514), TF Ratio: 0.863
2026-06-14 21:47:23,686 - INFO - Epoch [3/5], Batch [85/300], Loss: 1.1224 (Overall: 0.5213, Change: 1.0910), TF Ratio: 0.863
2026-06-14 21:47:23,841 - INFO - Epoch [3/5], Batch [86/300], Loss: 1.1214 (Overall: 1.0618, Change: 1.0203), TF Ratio: 0.863
2026-06-14 21:47:23,994 - INFO - Epoch [3/5], Batch [87/300], Loss: 1.1211 (Overall: 0.6150, Change: 1.5657), TF Ratio: 0.863
2026-06-14 21:47:24,479 - INFO - Epoch [3/5], Batch [88/300], Loss: 1.1203 (Overall: 0.5708, Change: 1.5441), TF Ratio: 0.862
2026-06-14 21:47:24,633 - INFO - Epoch [3/5], Batch [89/300], Loss: 1.1184 (Overall: 0.6763, Change: 1.2218), TF Ratio: 0.862
2026-06-14 21:47:24,799 - INFO - Epoch [3/5], Batch [90/300], Loss: 1.1153 (Overall: 0.7431, Change: 0.9370), TF Ratio: 0.862
2026-06-14 21:47:24,955 - INFO - Epoch [3/5], Batch [91/300], Loss: 1.1153 (Overall: 0.7225, Change: 1.5066), TF Ratio: 0.862
2026-06-14 21:47:25,110 - INFO - Epoch [3/5], Batch [92/300], Loss: 1.1180 (Overall: 0.7620, Change: 1.9639), TF Ratio: 0.862
2026-06-14 21:47:25,263 - INFO - Epoch [3/5], Batch [93/300], Loss: 1.1202 (Overall: 1.2514, Change: 1.3918), TF Ratio: 0.861
2026-06-14 21:47:25,415 - INFO - Epoch [3/5], Batch [94/300], Loss: 1.1210 (Overall: 0.8221, Change: 1.5743), TF Ratio: 0.861
2026-06-14 21:47:25,568 - INFO - Epoch [3/5], Batch [95/300], Loss: 1.1178 (Overall: 0.6642, Change: 0.9633), TF Ratio: 0.861
2026-06-14 21:47:25,724 - INFO - Epoch [3/5], Batch [96/300], Loss: 1.1180 (Overall: 0.8613, Change: 1.4116), TF Ratio: 0.861
2026-06-14 21:47:25,878 - INFO - Epoch [3/5], Batch [97/300], Loss: 1.1166 (Overall: 0.7940, Change: 1.1833), TF Ratio: 0.861
2026-06-14 21:47:26,032 - INFO - Epoch [3/5], Batch [98/300], Loss: 1.1183 (Overall: 0.7949, Change: 1.7641), TF Ratio: 0.860
2026-06-14 21:47:26,185 - INFO - Epoch [3/5], Batch [99/300], Loss: 1.1161 (Overall: 0.7340, Change: 1.0603), TF Ratio: 0.860
2026-06-14 21:47:26,349 - INFO - Epoch [3/5], Batch [100/300], Loss: 1.1182 (Overall: 0.9430, Change: 1.7136), TF Ratio: 0.860
2026-06-14 21:47:29,252 - INFO - Epoch [3/5], Batch [101/300], Loss: 1.1140 (Overall: 0.5100, Change: 0.8832), TF Ratio: 0.860
2026-06-14 21:47:31,099 - INFO - Epoch [3/5], Batch [102/300], Loss: 1.1130 (Overall: 0.6622, Change: 1.3539), TF Ratio: 0.860
2026-06-14 21:47:31,257 - INFO - Epoch [3/5], Batch [103/300], Loss: 1.1154 (Overall: 1.1168, Change: 1.6038), TF Ratio: 0.859
2026-06-14 21:47:31,422 - INFO - Epoch [3/5], Batch [104/300], Loss: 1.1139 (Overall: 1.0077, Change: 0.9180), TF Ratio: 0.859
2026-06-14 21:47:31,580 - INFO - Epoch [3/5], Batch [105/300], Loss: 1.1142 (Overall: 0.7750, Change: 1.5064), TF Ratio: 0.859
2026-06-14 21:47:31,736 - INFO - Epoch [3/5], Batch [106/300], Loss: 1.1124 (Overall: 0.7531, Change: 1.0893), TF Ratio: 0.859
2026-06-14 21:47:31,893 - INFO - Epoch [3/5], Batch [107/300], Loss: 1.1125 (Overall: 0.7455, Change: 1.5054), TF Ratio: 0.859
2026-06-14 21:47:32,051 - INFO - Epoch [3/5], Batch [108/300], Loss: 1.1122 (Overall: 0.6436, Change: 1.5233), TF Ratio: 0.858
2026-06-14 21:47:32,209 - INFO - Epoch [3/5], Batch [109/300], Loss: 1.1128 (Overall: 0.8542, Change: 1.4935), TF Ratio: 0.858
2026-06-14 21:47:32,369 - INFO - Epoch [3/5], Batch [110/300], Loss: 1.1125 (Overall: 0.6404, Change: 1.5248), TF Ratio: 0.858
2026-06-14 21:47:32,535 - INFO - Epoch [3/5], Batch [111/300], Loss: 1.1097 (Overall: 0.5531, Change: 1.0530), TF Ratio: 0.858
2026-06-14 21:47:32,708 - INFO - Epoch [3/5], Batch [112/300], Loss: 1.1089 (Overall: 0.5879, Change: 1.4442), TF Ratio: 0.858
2026-06-14 21:47:32,887 - INFO - Epoch [3/5], Batch [113/300], Loss: 1.1094 (Overall: 0.8387, Change: 1.5086), TF Ratio: 0.857
2026-06-14 21:47:33,041 - INFO - Epoch [3/5], Batch [114/300], Loss: 1.1106 (Overall: 0.9980, Change: 1.4819), TF Ratio: 0.857
2026-06-14 21:47:33,196 - INFO - Epoch [3/5], Batch [115/300], Loss: 1.1091 (Overall: 0.6411, Change: 1.2478), TF Ratio: 0.857
2026-06-14 21:47:33,353 - INFO - Epoch [3/5], Batch [116/300], Loss: 1.1097 (Overall: 1.2389, Change: 1.1083), TF Ratio: 0.857
2026-06-14 21:47:33,511 - INFO - Epoch [3/5], Batch [117/300], Loss: 1.1083 (Overall: 0.8433, Change: 1.0547), TF Ratio: 0.857
2026-06-14 21:47:33,673 - INFO - Epoch [3/5], Batch [118/300], Loss: 1.1092 (Overall: 1.1374, Change: 1.2916), TF Ratio: 0.856
2026-06-14 21:47:33,826 - INFO - Epoch [3/5], Batch [119/300], Loss: 1.1087 (Overall: 0.7028, Change: 1.3807), TF Ratio: 0.856
2026-06-14 21:47:33,984 - INFO - Epoch [3/5], Batch [120/300], Loss: 1.1089 (Overall: 0.9259, Change: 1.3570), TF Ratio: 0.856
2026-06-14 21:47:34,138 - INFO - Epoch [3/5], Batch [121/300], Loss: 1.1108 (Overall: 1.0886, Change: 1.5817), TF Ratio: 0.856
2026-06-14 21:47:34,292 - INFO - Epoch [3/5], Batch [122/300], Loss: 1.1102 (Overall: 0.4963, Change: 1.5679), TF Ratio: 0.856
2026-06-14 21:47:34,445 - INFO - Epoch [3/5], Batch [123/300], Loss: 1.1110 (Overall: 0.8945, Change: 1.5414), TF Ratio: 0.855
2026-06-14 21:47:34,608 - INFO - Epoch [3/5], Batch [124/300], Loss: 1.1105 (Overall: 0.7705, Change: 1.3197), TF Ratio: 0.855
2026-06-14 21:47:34,764 - INFO - Epoch [3/5], Batch [125/300], Loss: 1.1089 (Overall: 0.6390, Change: 1.1893), TF Ratio: 0.855
2026-06-14 21:47:34,917 - INFO - Epoch [3/5], Batch [126/300], Loss: 1.1090 (Overall: 0.5956, Change: 1.6390), TF Ratio: 0.855
2026-06-14 21:47:35,070 - INFO - Epoch [3/5], Batch [127/300], Loss: 1.1090 (Overall: 0.7299, Change: 1.4927), TF Ratio: 0.855
2026-06-14 21:47:35,232 - INFO - Epoch [3/5], Batch [128/300], Loss: 1.1084 (Overall: 0.6656, Change: 1.4012), TF Ratio: 0.854
2026-06-14 21:47:35,388 - INFO - Epoch [3/5], Batch [129/300], Loss: 1.1071 (Overall: 0.7133, Change: 1.1564), TF Ratio: 0.854
2026-06-14 21:47:35,547 - INFO - Epoch [3/5], Batch [130/300], Loss: 1.1053 (Overall: 0.6609, Change: 1.0804), TF Ratio: 0.854
2026-06-14 21:47:35,700 - INFO - Epoch [3/5], Batch [131/300], Loss: 1.1042 (Overall: 0.5934, Change: 1.3476), TF Ratio: 0.854
2026-06-14 21:47:35,854 - INFO - Epoch [3/5], Batch [132/300], Loss: 1.1032 (Overall: 0.6544, Change: 1.2836), TF Ratio: 0.854
2026-06-14 21:47:36,008 - INFO - Epoch [3/5], Batch [133/300], Loss: 1.1036 (Overall: 0.8319, Change: 1.4836), TF Ratio: 0.853
2026-06-14 21:47:36,162 - INFO - Epoch [3/5], Batch [134/300], Loss: 1.1021 (Overall: 0.6350, Change: 1.1638), TF Ratio: 0.853
2026-06-14 21:47:36,316 - INFO - Epoch [3/5], Batch [135/300], Loss: 1.1010 (Overall: 0.7267, Change: 1.1710), TF Ratio: 0.853
2026-06-14 21:47:36,482 - INFO - Epoch [3/5], Batch [136/300], Loss: 1.1029 (Overall: 1.2112, Change: 1.5229), TF Ratio: 0.853
2026-06-14 21:47:36,638 - INFO - Epoch [3/5], Batch [137/300], Loss: 1.1022 (Overall: 0.7865, Change: 1.2306), TF Ratio: 0.853
2026-06-14 21:47:38,511 - INFO - Epoch [3/5], Batch [138/300], Loss: 1.1037 (Overall: 1.0498, Change: 1.5621), TF Ratio: 0.852
2026-06-14 21:47:38,665 - INFO - Epoch [3/5], Batch [139/300], Loss: 1.1049 (Overall: 0.9737, Change: 1.5641), TF Ratio: 0.852
2026-06-14 21:47:38,837 - INFO - Epoch [3/5], Batch [140/300], Loss: 1.1049 (Overall: 0.7054, Change: 1.5170), TF Ratio: 0.852
2026-06-14 21:47:38,989 - INFO - Epoch [3/5], Batch [141/300], Loss: 1.1062 (Overall: 0.8241, Change: 1.7402), TF Ratio: 0.852
2026-06-14 21:47:39,141 - INFO - Epoch [3/5], Batch [142/300], Loss: 1.1054 (Overall: 0.7501, Change: 1.2487), TF Ratio: 0.852
2026-06-14 21:47:39,293 - INFO - Epoch [3/5], Batch [143/300], Loss: 1.1057 (Overall: 0.6166, Change: 1.6615), TF Ratio: 0.851
2026-06-14 21:47:39,448 - INFO - Epoch [3/5], Batch [144/300], Loss: 1.1052 (Overall: 0.6024, Change: 1.4578), TF Ratio: 0.851
2026-06-14 21:47:39,602 - INFO - Epoch [3/5], Batch [145/300], Loss: 1.1059 (Overall: 0.8951, Change: 1.5195), TF Ratio: 0.851
2026-06-14 21:47:39,756 - INFO - Epoch [3/5], Batch [146/300], Loss: 1.1075 (Overall: 0.6310, Change: 2.0544), TF Ratio: 0.851
2026-06-14 21:47:39,911 - INFO - Epoch [3/5], Batch [147/300], Loss: 1.1071 (Overall: 0.7555, Change: 1.3349), TF Ratio: 0.851
2026-06-14 21:47:40,068 - INFO - Epoch [3/5], Batch [148/300], Loss: 1.1078 (Overall: 1.0092, Change: 1.4234), TF Ratio: 0.850
2026-06-14 21:47:40,229 - INFO - Epoch [3/5], Batch [149/300], Loss: 1.1092 (Overall: 1.0655, Change: 1.5808), TF Ratio: 0.850
2026-06-14 21:47:41,814 - INFO - Epoch [3/5], Batch [150/300], Loss: 1.1099 (Overall: 0.9519, Change: 1.4565), TF Ratio: 0.850
2026-06-14 21:47:41,970 - INFO - Epoch [3/5], Batch [151/300], Loss: 1.1110 (Overall: 1.0043, Change: 1.5593), TF Ratio: 0.850
2026-06-14 21:47:42,125 - INFO - Epoch [3/5], Batch [152/300], Loss: 1.1104 (Overall: 1.0403, Change: 1.0104), TF Ratio: 0.850
2026-06-14 21:47:42,279 - INFO - Epoch [3/5], Batch [153/300], Loss: 1.1093 (Overall: 0.5969, Change: 1.2740), TF Ratio: 0.849
2026-06-14 21:47:42,432 - INFO - Epoch [3/5], Batch [154/300], Loss: 1.1091 (Overall: 0.8783, Change: 1.2887), TF Ratio: 0.849
2026-06-14 21:47:42,585 - INFO - Epoch [3/5], Batch [155/300], Loss: 1.1082 (Overall: 0.7595, Change: 1.1596), TF Ratio: 0.849
2026-06-14 21:47:42,748 - INFO - Epoch [3/5], Batch [156/300], Loss: 1.1092 (Overall: 1.0749, Change: 1.4488), TF Ratio: 0.849
2026-06-14 21:47:42,901 - INFO - Epoch [3/5], Batch [157/300], Loss: 1.1093 (Overall: 0.6868, Change: 1.5877), TF Ratio: 0.849
2026-06-14 21:47:43,054 - INFO - Epoch [3/5], Batch [158/300], Loss: 1.1093 (Overall: 0.8240, Change: 1.3742), TF Ratio: 0.848
2026-06-14 21:47:43,208 - INFO - Epoch [3/5], Batch [159/300], Loss: 1.1086 (Overall: 0.7015, Change: 1.2896), TF Ratio: 0.848
2026-06-14 21:47:43,363 - INFO - Epoch [3/5], Batch [160/300], Loss: 1.1080 (Overall: 0.7223, Change: 1.3103), TF Ratio: 0.848
2026-06-14 21:47:43,517 - INFO - Epoch [3/5], Batch [161/300], Loss: 1.1078 (Overall: 0.8796, Change: 1.2748), TF Ratio: 0.848
2026-06-14 21:47:43,670 - INFO - Epoch [3/5], Batch [162/300], Loss: 1.1093 (Overall: 1.1058, Change: 1.6021), TF Ratio: 0.848
2026-06-14 21:47:43,834 - INFO - Epoch [3/5], Batch [163/300], Loss: 1.1091 (Overall: 0.5507, Change: 1.5915), TF Ratio: 0.847
2026-06-14 21:47:43,996 - INFO - Epoch [3/5], Batch [164/300], Loss: 1.1094 (Overall: 0.8409, Change: 1.4962), TF Ratio: 0.847
2026-06-14 21:47:44,152 - INFO - Epoch [3/5], Batch [165/300], Loss: 1.1088 (Overall: 0.6554, Change: 1.3617), TF Ratio: 0.847
2026-06-14 21:47:44,305 - INFO - Epoch [3/5], Batch [166/300], Loss: 1.1094 (Overall: 0.6763, Change: 1.7417), TF Ratio: 0.847
2026-06-14 21:47:44,459 - INFO - Epoch [3/5], Batch [167/300], Loss: 1.1096 (Overall: 1.0919, Change: 1.1731), TF Ratio: 0.847
2026-06-14 21:47:44,626 - INFO - Epoch [3/5], Batch [168/300], Loss: 1.1077 (Overall: 0.5017, Change: 1.0853), TF Ratio: 0.846
2026-06-14 21:47:44,781 - INFO - Epoch [3/5], Batch [169/300], Loss: 1.1076 (Overall: 0.8470, Change: 1.3443), TF Ratio: 0.846
2026-06-14 21:47:44,933 - INFO - Epoch [3/5], Batch [170/300], Loss: 1.1080 (Overall: 0.9486, Change: 1.3975), TF Ratio: 0.846
2026-06-14 21:47:45,085 - INFO - Epoch [3/5], Batch [171/300], Loss: 1.1071 (Overall: 0.6984, Change: 1.2084), TF Ratio: 0.846
2026-06-14 21:47:45,245 - INFO - Epoch [3/5], Batch [172/300], Loss: 1.1073 (Overall: 0.7431, Change: 1.5265), TF Ratio: 0.846
2026-06-14 21:47:45,405 - INFO - Epoch [3/5], Batch [173/300], Loss: 1.1072 (Overall: 0.7250, Change: 1.4763), TF Ratio: 0.845
2026-06-14 21:47:45,560 - INFO - Epoch [3/5], Batch [174/300], Loss: 1.1102 (Overall: 0.8246, Change: 2.4144), TF Ratio: 0.845
2026-06-14 21:47:45,716 - INFO - Epoch [3/5], Batch [175/300], Loss: 1.1111 (Overall: 1.0674, Change: 1.4652), TF Ratio: 0.845
2026-06-14 21:47:45,875 - INFO - Epoch [3/5], Batch [176/300], Loss: 1.1127 (Overall: 1.2895, Change: 1.5187), TF Ratio: 0.845
2026-06-14 21:47:46,030 - INFO - Epoch [3/5], Batch [177/300], Loss: 1.1140 (Overall: 1.1841, Change: 1.5038), TF Ratio: 0.845
2026-06-14 21:47:46,184 - INFO - Epoch [3/5], Batch [178/300], Loss: 1.1130 (Overall: 0.7431, Change: 1.1030), TF Ratio: 0.844
2026-06-14 21:47:46,355 - INFO - Epoch [3/5], Batch [179/300], Loss: 1.1134 (Overall: 0.7703, Change: 1.6250), TF Ratio: 0.844
2026-06-14 21:47:46,512 - INFO - Epoch [3/5], Batch [180/300], Loss: 1.1130 (Overall: 0.6374, Change: 1.4488), TF Ratio: 0.844
2026-06-14 21:47:46,670 - INFO - Epoch [3/5], Batch [181/300], Loss: 1.1134 (Overall: 0.7995, Change: 1.5629), TF Ratio: 0.844
2026-06-14 21:47:46,823 - INFO - Epoch [3/5], Batch [182/300], Loss: 1.1128 (Overall: 0.7630, Change: 1.2535), TF Ratio: 0.844
2026-06-14 21:47:46,975 - INFO - Epoch [3/5], Batch [183/300], Loss: 1.1136 (Overall: 0.8262, Change: 1.6642), TF Ratio: 0.843
2026-06-14 21:47:47,131 - INFO - Epoch [3/5], Batch [184/300], Loss: 1.1132 (Overall: 0.4507, Change: 1.6409), TF Ratio: 0.843
2026-06-14 21:47:47,298 - INFO - Epoch [3/5], Batch [185/300], Loss: 1.1132 (Overall: 0.7425, Change: 1.4983), TF Ratio: 0.843
2026-06-14 21:47:47,451 - INFO - Epoch [3/5], Batch [186/300], Loss: 1.1128 (Overall: 0.5884, Change: 1.4883), TF Ratio: 0.843
2026-06-14 21:47:47,604 - INFO - Epoch [3/5], Batch [187/300], Loss: 1.1129 (Overall: 0.8600, Change: 1.3905), TF Ratio: 0.843
2026-06-14 21:47:47,759 - INFO - Epoch [3/5], Batch [188/300], Loss: 1.1120 (Overall: 0.6922, Change: 1.2160), TF Ratio: 0.842
2026-06-14 21:47:47,913 - INFO - Epoch [3/5], Batch [189/300], Loss: 1.1114 (Overall: 0.6182, Change: 1.3622), TF Ratio: 0.842
2026-06-14 21:47:48,069 - INFO - Epoch [3/5], Batch [190/300], Loss: 1.1113 (Overall: 0.7246, Change: 1.4571), TF Ratio: 0.842
2026-06-14 21:47:48,224 - INFO - Epoch [3/5], Batch [191/300], Loss: 1.1117 (Overall: 0.6165, Change: 1.7553), TF Ratio: 0.842
2026-06-14 21:47:48,382 - INFO - Epoch [3/5], Batch [192/300], Loss: 1.1114 (Overall: 0.5571, Change: 1.5688), TF Ratio: 0.842
2026-06-14 21:47:48,548 - INFO - Epoch [3/5], Batch [193/300], Loss: 1.1117 (Overall: 0.9410, Change: 1.3896), TF Ratio: 0.841
2026-06-14 21:47:48,707 - INFO - Epoch [3/5], Batch [194/300], Loss: 1.1116 (Overall: 0.5046, Change: 1.6796), TF Ratio: 0.841
2026-06-14 21:47:48,876 - INFO - Epoch [3/5], Batch [195/300], Loss: 1.1106 (Overall: 0.6788, Change: 1.1369), TF Ratio: 0.841
2026-06-14 21:47:49,040 - INFO - Epoch [3/5], Batch [196/300], Loss: 1.1107 (Overall: 0.7696, Change: 1.5038), TF Ratio: 0.841
2026-06-14 21:47:49,198 - INFO - Epoch [3/5], Batch [197/300], Loss: 1.1116 (Overall: 0.7962, Change: 1.7912), TF Ratio: 0.841
2026-06-14 21:47:49,705 - INFO - Epoch [3/5], Batch [198/300], Loss: 1.1111 (Overall: 0.5539, Change: 1.4627), TF Ratio: 0.840
2026-06-14 21:47:49,860 - INFO - Epoch [3/5], Batch [199/300], Loss: 1.1109 (Overall: 0.6333, Change: 1.5179), TF Ratio: 0.840
2026-06-14 21:47:50,403 - INFO - Epoch [3/5], Batch [200/300], Loss: 1.1107 (Overall: 0.5663, Change: 1.5735), TF Ratio: 0.840
2026-06-14 21:47:50,558 - INFO - Epoch [3/5], Batch [201/300], Loss: 1.1106 (Overall: 0.7932, Change: 1.3673), TF Ratio: 0.840
2026-06-14 21:47:50,711 - INFO - Epoch [3/5], Batch [202/300], Loss: 1.1110 (Overall: 0.8894, Change: 1.4859), TF Ratio: 0.840
2026-06-14 21:47:50,878 - INFO - Epoch [3/5], Batch [203/300], Loss: 1.1116 (Overall: 0.8877, Change: 1.6157), TF Ratio: 0.839
2026-06-14 21:47:51,033 - INFO - Epoch [3/5], Batch [204/300], Loss: 1.1117 (Overall: 1.0609, Change: 1.1914), TF Ratio: 0.839
2026-06-14 21:47:51,188 - INFO - Epoch [3/5], Batch [205/300], Loss: 1.1103 (Overall: 0.5596, Change: 1.1031), TF Ratio: 0.839
2026-06-14 21:47:51,342 - INFO - Epoch [3/5], Batch [206/300], Loss: 1.1110 (Overall: 0.9190, Change: 1.5699), TF Ratio: 0.839
2026-06-14 21:47:51,506 - INFO - Epoch [3/5], Batch [207/300], Loss: 1.1110 (Overall: 0.6052, Change: 1.5995), TF Ratio: 0.839
2026-06-14 21:47:51,666 - INFO - Epoch [3/5], Batch [208/300], Loss: 1.1122 (Overall: 0.9834, Change: 1.7555), TF Ratio: 0.838
2026-06-14 21:47:51,821 - INFO - Epoch [3/5], Batch [209/300], Loss: 1.1109 (Overall: 0.5887, Change: 1.1043), TF Ratio: 0.838
2026-06-14 21:47:51,974 - INFO - Epoch [3/5], Batch [210/300], Loss: 1.1109 (Overall: 0.8465, Change: 1.3487), TF Ratio: 0.838
2026-06-14 21:47:52,128 - INFO - Epoch [3/5], Batch [211/300], Loss: 1.1107 (Overall: 0.8476, Change: 1.3125), TF Ratio: 0.838
2026-06-14 21:47:52,828 - INFO - Epoch [3/5], Batch [212/300], Loss: 1.1105 (Overall: 0.6889, Change: 1.4309), TF Ratio: 0.838
2026-06-14 21:47:52,981 - INFO - Epoch [3/5], Batch [213/300], Loss: 1.1092 (Overall: 0.6656, Change: 1.0243), TF Ratio: 0.837
2026-06-14 21:47:53,138 - INFO - Epoch [3/5], Batch [214/300], Loss: 1.1094 (Overall: 0.6949, Change: 1.5858), TF Ratio: 0.837
2026-06-14 21:47:53,294 - INFO - Epoch [3/5], Batch [215/300], Loss: 1.1095 (Overall: 0.7152, Change: 1.5510), TF Ratio: 0.837
2026-06-14 21:47:53,462 - INFO - Epoch [3/5], Batch [216/300], Loss: 1.1104 (Overall: 0.5938, Change: 2.0005), TF Ratio: 0.837
2026-06-14 21:47:53,620 - INFO - Epoch [3/5], Batch [217/300], Loss: 1.1102 (Overall: 0.4842, Change: 1.6595), TF Ratio: 0.837
2026-06-14 21:47:53,773 - INFO - Epoch [3/5], Batch [218/300], Loss: 1.1103 (Overall: 0.7537, Change: 1.4991), TF Ratio: 0.836
2026-06-14 21:47:53,927 - INFO - Epoch [3/5], Batch [219/300], Loss: 1.1102 (Overall: 0.8667, Change: 1.3212), TF Ratio: 0.836
2026-06-14 21:47:54,827 - INFO - Epoch [3/5], Batch [220/300], Loss: 1.1117 (Overall: 1.0640, Change: 1.8421), TF Ratio: 0.836
2026-06-14 21:47:54,985 - INFO - Epoch [3/5], Batch [221/300], Loss: 1.1106 (Overall: 0.5715, Change: 1.1608), TF Ratio: 0.836
2026-06-14 21:47:55,918 - INFO - Epoch [3/5], Batch [222/300], Loss: 1.1091 (Overall: 0.5540, Change: 1.0009), TF Ratio: 0.836
2026-06-14 21:47:56,070 - INFO - Epoch [3/5], Batch [223/300], Loss: 1.1098 (Overall: 0.9724, Change: 1.5269), TF Ratio: 0.835
