[2026-06-15 05:22:46,933][root][INFO] - Recurrent UNet Model Successfully Configured and Initialized.
[2026-06-15 05:22:46,934][root][INFO] - Starting from scratch (no valid checkpoint provided).
[2026-06-15 05:22:52,247][root][INFO] - Train: 4480000 samples, Val: 640000 samples
[2026-06-15 05:22:52,249][root][INFO] - Starting training from epoch 1
[2026-06-15 05:23:06,180][root][INFO] - Epoch [1/5], Batch [1/300], Loss: 2.0217 (Overall: 2.1691, Change: 1.8742), TF Ratio: 1.000
[2026-06-15 05:23:06,331][root][INFO] - Epoch [1/5], Batch [2/300], Loss: 2.0547 (Overall: 2.1022, Change: 2.0731), TF Ratio: 1.000
[2026-06-15 05:23:06,481][root][INFO] - Epoch [1/5], Batch [3/300], Loss: 2.0491 (Overall: 2.1172, Change: 1.9590), TF Ratio: 0.999
[2026-06-15 05:23:07,032][root][INFO] - Epoch [1/5], Batch [4/300], Loss: 2.0521 (Overall: 2.1211, Change: 2.0005), TF Ratio: 0.999
[2026-06-15 05:23:07,182][root][INFO] - Epoch [1/5], Batch [5/300], Loss: 2.0347 (Overall: 1.9363, Change: 1.9940), TF Ratio: 0.999
[2026-06-15 05:23:07,332][root][INFO] - Epoch [1/5], Batch [6/300], Loss: 2.0124 (Overall: 1.9640, Change: 1.8381), TF Ratio: 0.999
[2026-06-15 05:23:07,482][root][INFO] - Epoch [1/5], Batch [7/300], Loss: 1.9975 (Overall: 1.8479, Change: 1.9686), TF Ratio: 0.999
[2026-06-15 05:23:18,066][root][INFO] - Epoch [1/5], Batch [8/300], Loss: 1.9975 (Overall: 1.9385, Change: 2.0568), TF Ratio: 0.998
[2026-06-15 05:23:18,216][root][INFO] - Epoch [1/5], Batch [9/300], Loss: 1.9920 (Overall: 1.7911, Change: 2.1038), TF Ratio: 0.998
[2026-06-15 05:23:18,367][root][INFO] - Epoch [1/5], Batch [10/300], Loss: 1.9668 (Overall: 1.6980, Change: 1.7830), TF Ratio: 0.998
[2026-06-15 05:23:18,519][root][INFO] - Epoch [1/5], Batch [11/300], Loss: 1.9571 (Overall: 1.8179, Change: 1.9026), TF Ratio: 0.998
[2026-06-15 05:23:20,818][root][INFO] - Epoch [1/5], Batch [12/300], Loss: 1.9381 (Overall: 1.8680, Change: 1.5894), TF Ratio: 0.998
[2026-06-15 05:23:20,968][root][INFO] - Epoch [1/5], Batch [13/300], Loss: 1.9278 (Overall: 1.5186, Change: 2.0893), TF Ratio: 0.997
[2026-06-15 05:23:21,118][root][INFO] - Epoch [1/5], Batch [14/300], Loss: 1.9062 (Overall: 1.7329, Change: 1.5195), TF Ratio: 0.997
[2026-06-15 05:23:22,051][root][INFO] - Epoch [1/5], Batch [15/300], Loss: 1.9273 (Overall: 1.6768, Change: 2.7662), TF Ratio: 0.997
[2026-06-15 05:23:28,738][root][INFO] - Epoch [1/5], Batch [16/300], Loss: 1.9235 (Overall: 1.6754, Change: 2.0579), TF Ratio: 0.997
[2026-06-15 05:23:28,891][root][INFO] - Epoch [1/5], Batch [17/300], Loss: 1.9058 (Overall: 1.5634, Change: 1.6833), TF Ratio: 0.997
[2026-06-15 05:23:29,041][root][INFO] - Epoch [1/5], Batch [18/300], Loss: 1.8927 (Overall: 1.4732, Change: 1.8653), TF Ratio: 0.996
[2026-06-15 05:23:29,191][root][INFO] - Epoch [1/5], Batch [19/300], Loss: 1.8836 (Overall: 1.5432, Change: 1.8991), TF Ratio: 0.996
[2026-06-15 05:23:31,665][root][INFO] - Epoch [1/5], Batch [20/300], Loss: 1.8793 (Overall: 1.7296, Change: 1.8648), TF Ratio: 0.996
[2026-06-15 05:23:31,815][root][INFO] - Epoch [1/5], Batch [21/300], Loss: 1.8621 (Overall: 1.3730, Change: 1.6638), TF Ratio: 0.996
[2026-06-15 05:23:32,111][root][INFO] - Epoch [1/5], Batch [22/300], Loss: 1.8487 (Overall: 1.3799, Change: 1.7515), TF Ratio: 0.996
[2026-06-15 05:23:33,231][root][INFO] - Epoch [1/5], Batch [23/300], Loss: 1.8461 (Overall: 1.5541, Change: 2.0262), TF Ratio: 0.995
[2026-06-15 05:23:40,832][root][INFO] - Epoch [1/5], Batch [24/300], Loss: 1.8392 (Overall: 1.6682, Change: 1.6935), TF Ratio: 0.995
[2026-06-15 05:23:41,918][root][INFO] - Epoch [1/5], Batch [25/300], Loss: 1.8304 (Overall: 1.5069, Change: 1.7274), TF Ratio: 0.995
[2026-06-15 05:23:42,068][root][INFO] - Epoch [1/5], Batch [26/300], Loss: 1.8240 (Overall: 1.4907, Change: 1.8380), TF Ratio: 0.995
[2026-06-15 05:23:42,218][root][INFO] - Epoch [1/5], Batch [27/300], Loss: 1.8205 (Overall: 1.6739, Change: 1.7885), TF Ratio: 0.995
[2026-06-15 05:23:43,640][root][INFO] - Epoch [1/5], Batch [28/300], Loss: 1.8099 (Overall: 1.3769, Change: 1.6692), TF Ratio: 0.994
[2026-06-15 05:23:43,793][root][INFO] - Epoch [1/5], Batch [29/300], Loss: 1.8029 (Overall: 1.5637, Change: 1.6500), TF Ratio: 0.994
[2026-06-15 05:23:44,061][root][INFO] - Epoch [1/5], Batch [30/300], Loss: 1.7924 (Overall: 1.5059, Change: 1.4672), TF Ratio: 0.994
[2026-06-15 05:23:45,013][root][INFO] - Epoch [1/5], Batch [31/300], Loss: 1.7852 (Overall: 1.3333, Change: 1.8106), TF Ratio: 0.994
[2026-06-15 05:23:54,007][root][INFO] - Epoch [1/5], Batch [32/300], Loss: 1.7757 (Overall: 1.4535, Change: 1.5034), TF Ratio: 0.994
[2026-06-15 05:23:54,157][root][INFO] - Epoch [1/5], Batch [33/300], Loss: 1.7665 (Overall: 1.2188, Change: 1.7260), TF Ratio: 0.993
[2026-06-15 05:23:54,307][root][INFO] - Epoch [1/5], Batch [34/300], Loss: 1.7638 (Overall: 1.6388, Change: 1.7097), TF Ratio: 0.993
[2026-06-15 05:23:54,457][root][INFO] - Epoch [1/5], Batch [35/300], Loss: 1.7557 (Overall: 1.2734, Change: 1.6890), TF Ratio: 0.993
[2026-06-15 05:23:56,070][root][INFO] - Epoch [1/5], Batch [36/300], Loss: 1.7541 (Overall: 1.3564, Change: 2.0413), TF Ratio: 0.993
[2026-06-15 05:23:56,219][root][INFO] - Epoch [1/5], Batch [37/300], Loss: 1.7556 (Overall: 1.4071, Change: 2.2135), TF Ratio: 0.993
[2026-06-15 05:23:56,370][root][INFO] - Epoch [1/5], Batch [38/300], Loss: 1.7491 (Overall: 1.1922, Change: 1.8244), TF Ratio: 0.992
[2026-06-15 05:23:56,520][root][INFO] - Epoch [1/5], Batch [39/300], Loss: 1.7476 (Overall: 1.5494, Change: 1.8279), TF Ratio: 0.992
[2026-06-15 05:24:06,169][root][INFO] - Epoch [1/5], Batch [40/300], Loss: 1.7413 (Overall: 1.4789, Change: 1.5136), TF Ratio: 0.992
[2026-06-15 05:24:06,319][root][INFO] - Epoch [1/5], Batch [41/300], Loss: 1.7397 (Overall: 1.3805, Change: 1.9684), TF Ratio: 0.992
[2026-06-15 05:24:06,469][root][INFO] - Epoch [1/5], Batch [42/300], Loss: 1.7380 (Overall: 1.3499, Change: 1.9934), TF Ratio: 0.992
[2026-06-15 05:24:06,619][root][INFO] - Epoch [1/5], Batch [43/300], Loss: 1.7328 (Overall: 1.4405, Change: 1.5841), TF Ratio: 0.991
[2026-06-15 05:24:07,338][root][INFO] - Epoch [1/5], Batch [44/300], Loss: 1.7295 (Overall: 1.3889, Change: 1.7865), TF Ratio: 0.991
[2026-06-15 05:24:07,487][root][INFO] - Epoch [1/5], Batch [45/300], Loss: 1.7215 (Overall: 1.1723, Change: 1.5644), TF Ratio: 0.991
[2026-06-15 05:24:08,437][root][INFO] - Epoch [1/5], Batch [46/300], Loss: 1.7172 (Overall: 1.2909, Change: 1.7596), TF Ratio: 0.991
[2026-06-15 05:24:08,587][root][INFO] - Epoch [1/5], Batch [47/300], Loss: 1.7108 (Overall: 1.2399, Change: 1.5952), TF Ratio: 0.991
[2026-06-15 05:24:17,242][root][INFO] - Epoch [1/5], Batch [48/300], Loss: 1.7075 (Overall: 1.3950, Change: 1.7064), TF Ratio: 0.990
[2026-06-15 05:24:17,392][root][INFO] - Epoch [1/5], Batch [49/300], Loss: 1.7035 (Overall: 1.2075, Change: 1.8152), TF Ratio: 0.990
[2026-06-15 05:24:17,542][root][INFO] - Epoch [1/5], Batch [50/300], Loss: 1.6976 (Overall: 1.3014, Change: 1.5187), TF Ratio: 0.990
[2026-06-15 05:24:17,694][root][INFO] - Epoch [1/5], Batch [51/300], Loss: 1.6912 (Overall: 1.0683, Change: 1.6695), TF Ratio: 0.990
[2026-06-15 05:24:18,242][root][INFO] - Epoch [1/5], Batch [52/300], Loss: 1.6933 (Overall: 1.9454, Change: 1.6609), TF Ratio: 0.990
[2026-06-15 05:24:18,391][root][INFO] - Epoch [1/5], Batch [53/300], Loss: 1.6909 (Overall: 1.3182, Change: 1.8153), TF Ratio: 0.989
[2026-06-15 05:24:19,690][root][INFO] - Epoch [1/5], Batch [54/300], Loss: 1.6868 (Overall: 1.1933, Change: 1.7391), TF Ratio: 0.989
[2026-06-15 05:24:19,841][root][INFO] - Epoch [1/5], Batch [55/300], Loss: 1.6807 (Overall: 1.2221, Change: 1.4859), TF Ratio: 0.989
[2026-06-15 05:24:28,836][root][INFO] - Epoch [1/5], Batch [56/300], Loss: 1.6755 (Overall: 1.0591, Change: 1.7200), TF Ratio: 0.989
[2026-06-15 05:24:28,986][root][INFO] - Epoch [1/5], Batch [57/300], Loss: 1.6736 (Overall: 1.3604, Change: 1.7722), TF Ratio: 0.989
[2026-06-15 05:24:29,137][root][INFO] - Epoch [1/5], Batch [58/300], Loss: 1.6733 (Overall: 1.4266, Change: 1.8895), TF Ratio: 0.988
[2026-06-15 05:24:29,288][root][INFO] - Epoch [1/5], Batch [59/300], Loss: 1.6669 (Overall: 1.4396, Change: 1.1435), TF Ratio: 0.988
[2026-06-15 05:24:29,439][root][INFO] - Epoch [1/5], Batch [60/300], Loss: 1.6625 (Overall: 1.1036, Change: 1.7064), TF Ratio: 0.988
[2026-06-15 05:24:29,589][root][INFO] - Epoch [1/5], Batch [61/300], Loss: 1.6616 (Overall: 1.4779, Change: 1.7428), TF Ratio: 0.988
[2026-06-15 05:24:31,536][root][INFO] - Epoch [1/5], Batch [62/300], Loss: 1.6558 (Overall: 1.0554, Change: 1.5467), TF Ratio: 0.988
[2026-06-15 05:24:31,686][root][INFO] - Epoch [1/5], Batch [63/300], Loss: 1.6543 (Overall: 1.3049, Change: 1.8085), TF Ratio: 0.987
[2026-06-15 05:24:39,202][root][INFO] - Epoch [1/5], Batch [64/300], Loss: 1.6509 (Overall: 1.1358, Change: 1.7384), TF Ratio: 0.987
[2026-06-15 05:24:39,356][root][INFO] - Epoch [1/5], Batch [65/300], Loss: 1.6486 (Overall: 1.3346, Change: 1.6682), TF Ratio: 0.987
[2026-06-15 05:24:39,507][root][INFO] - Epoch [1/5], Batch [66/300], Loss: 1.6474 (Overall: 1.2242, Change: 1.9135), TF Ratio: 0.987
[2026-06-15 05:24:39,749][root][INFO] - Epoch [1/5], Batch [67/300], Loss: 1.6433 (Overall: 1.1589, Change: 1.5876), TF Ratio: 0.987
[2026-06-15 05:24:39,900][root][INFO] - Epoch [1/5], Batch [68/300], Loss: 1.6383 (Overall: 1.2148, Change: 1.3955), TF Ratio: 0.986
[2026-06-15 05:24:40,050][root][INFO] - Epoch [1/5], Batch [69/300], Loss: 1.6389 (Overall: 1.4325, Change: 1.9323), TF Ratio: 0.986
[2026-06-15 05:24:42,463][root][INFO] - Epoch [1/5], Batch [70/300], Loss: 1.6386 (Overall: 1.3386, Change: 1.8940), TF Ratio: 0.986
[2026-06-15 05:24:45,032][root][INFO] - Epoch [1/5], Batch [71/300], Loss: 1.6366 (Overall: 1.3150, Change: 1.6745), TF Ratio: 0.986
[2026-06-15 05:24:50,350][root][INFO] - Epoch [1/5], Batch [72/300], Loss: 1.6345 (Overall: 1.3286, Change: 1.6429), TF Ratio: 0.986
[2026-06-15 05:24:50,500][root][INFO] - Epoch [1/5], Batch [73/300], Loss: 1.6334 (Overall: 1.1923, Change: 1.9141), TF Ratio: 0.985
[2026-06-15 05:24:50,650][root][INFO] - Epoch [1/5], Batch [74/300], Loss: 1.6318 (Overall: 1.1228, Change: 1.9167), TF Ratio: 0.985
[2026-06-15 05:24:53,817][root][INFO] - Epoch [1/5], Batch [75/300], Loss: 1.6290 (Overall: 1.0950, Change: 1.7364), TF Ratio: 0.985
[2026-06-15 05:24:53,968][root][INFO] - Epoch [1/5], Batch [76/300], Loss: 1.6278 (Overall: 1.4317, Change: 1.6503), TF Ratio: 0.985
[2026-06-15 05:24:54,118][root][INFO] - Epoch [1/5], Batch [77/300], Loss: 1.6258 (Overall: 1.3279, Change: 1.6257), TF Ratio: 0.985
[2026-06-15 05:24:56,559][root][INFO] - Epoch [1/5], Batch [78/300], Loss: 1.6226 (Overall: 1.1275, Change: 1.6134), TF Ratio: 0.984
[2026-06-15 05:24:57,080][root][INFO] - Epoch [1/5], Batch [79/300], Loss: 1.6224 (Overall: 1.2201, Change: 1.9967), TF Ratio: 0.984
[2026-06-15 05:25:01,205][root][INFO] - Epoch [1/5], Batch [80/300], Loss: 1.6178 (Overall: 1.1044, Change: 1.4061), TF Ratio: 0.984
[2026-06-15 05:25:01,355][root][INFO] - Epoch [1/5], Batch [81/300], Loss: 1.6172 (Overall: 1.3170, Change: 1.8166), TF Ratio: 0.984
[2026-06-15 05:25:01,504][root][INFO] - Epoch [1/5], Batch [82/300], Loss: 1.6207 (Overall: 2.0177, Change: 1.8003), TF Ratio: 0.984
[2026-06-15 05:25:04,549][root][INFO] - Epoch [1/5], Batch [83/300], Loss: 1.6211 (Overall: 1.3685, Change: 1.9302), TF Ratio: 0.983
[2026-06-15 05:25:04,700][root][INFO] - Epoch [1/5], Batch [84/300], Loss: 1.6212 (Overall: 1.2200, Change: 2.0451), TF Ratio: 0.983
[2026-06-15 05:25:04,850][root][INFO] - Epoch [1/5], Batch [85/300], Loss: 1.6194 (Overall: 1.1816, Change: 1.7450), TF Ratio: 0.983
[2026-06-15 05:25:07,717][root][INFO] - Epoch [1/5], Batch [86/300], Loss: 1.6177 (Overall: 1.2756, Change: 1.6844), TF Ratio: 0.983
[2026-06-15 05:25:09,468][root][INFO] - Epoch [1/5], Batch [87/300], Loss: 1.6152 (Overall: 1.2072, Change: 1.5913), TF Ratio: 0.983
[2026-06-15 05:25:12,502][root][INFO] - Epoch [1/5], Batch [88/300], Loss: 1.6104 (Overall: 1.0871, Change: 1.2973), TF Ratio: 0.982
[2026-06-15 05:25:12,652][root][INFO] - Epoch [1/5], Batch [89/300], Loss: 1.6101 (Overall: 1.3332, Change: 1.8408), TF Ratio: 0.982
[2026-06-15 05:25:12,802][root][INFO] - Epoch [1/5], Batch [90/300], Loss: 1.6099 (Overall: 1.1685, Change: 2.0021), TF Ratio: 0.982
[2026-06-15 05:25:15,361][root][INFO] - Epoch [1/5], Batch [91/300], Loss: 1.6085 (Overall: 1.3325, Change: 1.6457), TF Ratio: 0.982
[2026-06-15 05:25:15,512][root][INFO] - Epoch [1/5], Batch [92/300], Loss: 1.6055 (Overall: 1.1483, Change: 1.5011), TF Ratio: 0.982
[2026-06-15 05:25:15,662][root][INFO] - Epoch [1/5], Batch [93/300], Loss: 1.6029 (Overall: 1.1211, Change: 1.6161), TF Ratio: 0.981
[2026-06-15 05:25:18,437][root][INFO] - Epoch [1/5], Batch [94/300], Loss: 1.6003 (Overall: 1.0176, Change: 1.7002), TF Ratio: 0.981
[2026-06-15 05:25:21,327][root][INFO] - Epoch [1/5], Batch [95/300], Loss: 1.5964 (Overall: 1.0356, Change: 1.4276), TF Ratio: 0.981
[2026-06-15 05:25:24,031][root][INFO] - Epoch [1/5], Batch [96/300], Loss: 1.5940 (Overall: 1.1157, Change: 1.6105), TF Ratio: 0.981
[2026-06-15 05:25:24,181][root][INFO] - Epoch [1/5], Batch [97/300], Loss: 1.5926 (Overall: 1.1184, Change: 1.7982), TF Ratio: 0.981
[2026-06-15 05:25:24,331][root][INFO] - Epoch [1/5], Batch [98/300], Loss: 1.5931 (Overall: 1.3836, Change: 1.9007), TF Ratio: 0.980
[2026-06-15 05:25:26,709][root][INFO] - Epoch [1/5], Batch [99/300], Loss: 1.5902 (Overall: 1.2543, Change: 1.3555), TF Ratio: 0.980
[2026-06-15 05:25:26,860][root][INFO] - Epoch [1/5], Batch [100/300], Loss: 1.5874 (Overall: 1.1445, Change: 1.4734), TF Ratio: 0.980
[2026-06-15 05:25:27,010][root][INFO] - Epoch [1/5], Batch [101/300], Loss: 1.5857 (Overall: 1.1536, Change: 1.6790), TF Ratio: 0.980
[2026-06-15 05:25:29,145][root][INFO] - Epoch [1/5], Batch [102/300], Loss: 1.5829 (Overall: 1.1245, Change: 1.4702), TF Ratio: 0.980
[2026-06-15 05:25:32,631][root][INFO] - Epoch [1/5], Batch [103/300], Loss: 1.5793 (Overall: 1.0150, Change: 1.4087), TF Ratio: 0.979
[2026-06-15 05:25:34,465][root][INFO] - Epoch [1/5], Batch [104/300], Loss: 1.5789 (Overall: 1.2819, Change: 1.8054), TF Ratio: 0.979
[2026-06-15 05:25:34,615][root][INFO] - Epoch [1/5], Batch [105/300], Loss: 1.5756 (Overall: 1.0969, Change: 1.3683), TF Ratio: 0.979
[2026-06-15 05:25:34,765][root][INFO] - Epoch [1/5], Batch [106/300], Loss: 1.5747 (Overall: 1.3130, Change: 1.6468), TF Ratio: 0.979
[2026-06-15 05:25:39,121][root][INFO] - Epoch [1/5], Batch [107/300], Loss: 1.5748 (Overall: 1.1094, Change: 2.0535), TF Ratio: 0.979
[2026-06-15 05:25:39,272][root][INFO] - Epoch [1/5], Batch [108/300], Loss: 1.5740 (Overall: 1.4383, Change: 1.5338), TF Ratio: 0.978
[2026-06-15 05:25:39,421][root][INFO] - Epoch [1/5], Batch [109/300], Loss: 1.5732 (Overall: 1.2212, Change: 1.7681), TF Ratio: 0.978
[2026-06-15 05:25:39,571][root][INFO] - Epoch [1/5], Batch [110/300], Loss: 1.5703 (Overall: 1.0425, Change: 1.4579), TF Ratio: 0.978
[2026-06-15 05:25:45,476][root][INFO] - Epoch [1/5], Batch [111/300], Loss: 1.5698 (Overall: 1.3418, Change: 1.6921), TF Ratio: 0.978
[2026-06-15 05:25:45,628][root][INFO] - Epoch [1/5], Batch [112/300], Loss: 1.5668 (Overall: 1.1814, Change: 1.2891), TF Ratio: 0.978
[2026-06-15 05:25:45,777][root][INFO] - Epoch [1/5], Batch [113/300], Loss: 1.5667 (Overall: 1.2606, Change: 1.8495), TF Ratio: 0.977
[2026-06-15 05:25:45,927][root][INFO] - Epoch [1/5], Batch [114/300], Loss: 1.5646 (Overall: 1.0605, Change: 1.5869), TF Ratio: 0.977
[2026-06-15 05:25:51,874][root][INFO] - Epoch [1/5], Batch [115/300], Loss: 1.5622 (Overall: 1.1171, Change: 1.4618), TF Ratio: 0.977
[2026-06-15 05:25:52,025][root][INFO] - Epoch [1/5], Batch [116/300], Loss: 1.5606 (Overall: 1.1804, Change: 1.5778), TF Ratio: 0.977
[2026-06-15 05:25:52,175][root][INFO] - Epoch [1/5], Batch [117/300], Loss: 1.5602 (Overall: 1.3560, Change: 1.6592), TF Ratio: 0.977
[2026-06-15 05:25:52,325][root][INFO] - Epoch [1/5], Batch [118/300], Loss: 1.5595 (Overall: 1.2752, Change: 1.6814), TF Ratio: 0.976
[2026-06-15 05:25:56,007][root][INFO] - Epoch [1/5], Batch [119/300], Loss: 1.5601 (Overall: 1.1819, Change: 2.0856), TF Ratio: 0.976
[2026-06-15 05:25:56,158][root][INFO] - Epoch [1/5], Batch [120/300], Loss: 1.5593 (Overall: 1.1911, Change: 1.7423), TF Ratio: 0.976
[2026-06-15 05:25:56,307][root][INFO] - Epoch [1/5], Batch [121/300], Loss: 1.5574 (Overall: 1.2085, Change: 1.4375), TF Ratio: 0.976
[2026-06-15 05:25:56,457][root][INFO] - Epoch [1/5], Batch [122/300], Loss: 1.5551 (Overall: 1.1561, Change: 1.3991), TF Ratio: 0.976
[2026-06-15 05:26:04,890][root][INFO] - Epoch [1/5], Batch [123/300], Loss: 1.5545 (Overall: 1.3057, Change: 1.6521), TF Ratio: 0.975
[2026-06-15 05:26:05,042][root][INFO] - Epoch [1/5], Batch [124/300], Loss: 1.5542 (Overall: 1.3127, Change: 1.7381), TF Ratio: 0.975
[2026-06-15 05:26:05,191][root][INFO] - Epoch [1/5], Batch [125/300], Loss: 1.5537 (Overall: 1.1337, Change: 1.8327), TF Ratio: 0.975
[2026-06-15 05:26:05,342][root][INFO] - Epoch [1/5], Batch [126/300], Loss: 1.5527 (Overall: 1.3333, Change: 1.5262), TF Ratio: 0.975
[2026-06-15 05:26:08,143][root][INFO] - Epoch [1/5], Batch [127/300], Loss: 1.5506 (Overall: 1.1952, Change: 1.3872), TF Ratio: 0.975
[2026-06-15 05:26:09,435][root][INFO] - Epoch [1/5], Batch [128/300], Loss: 1.5513 (Overall: 1.4050, Change: 1.8837), TF Ratio: 0.974
[2026-06-15 05:26:09,586][root][INFO] - Epoch [1/5], Batch [129/300], Loss: 1.5541 (Overall: 1.3008, Change: 2.5012), TF Ratio: 0.974
[2026-06-15 05:26:09,736][root][INFO] - Epoch [1/5], Batch [130/300], Loss: 1.5535 (Overall: 1.2229, Change: 1.7448), TF Ratio: 0.974
[2026-06-15 05:26:15,448][root][INFO] - Epoch [1/5], Batch [131/300], Loss: 1.5517 (Overall: 1.0873, Change: 1.5502), TF Ratio: 0.974
[2026-06-15 05:26:15,599][root][INFO] - Epoch [1/5], Batch [132/300], Loss: 1.5505 (Overall: 1.0849, Change: 1.7084), TF Ratio: 0.974
[2026-06-15 05:26:15,749][root][INFO] - Epoch [1/5], Batch [133/300], Loss: 1.5481 (Overall: 1.1305, Change: 1.3278), TF Ratio: 0.973
[2026-06-15 05:26:15,899][root][INFO] - Epoch [1/5], Batch [134/300], Loss: 1.5477 (Overall: 1.3002, Change: 1.6805), TF Ratio: 0.973
[2026-06-15 05:26:18,300][root][INFO] - Epoch [1/5], Batch [135/300], Loss: 1.5474 (Overall: 1.1986, Change: 1.8035), TF Ratio: 0.973
[2026-06-15 05:26:20,256][root][INFO] - Epoch [1/5], Batch [136/300], Loss: 1.5464 (Overall: 1.1319, Change: 1.6963), TF Ratio: 0.973
[2026-06-15 05:26:20,406][root][INFO] - Epoch [1/5], Batch [137/300], Loss: 1.5444 (Overall: 1.0478, Change: 1.5107), TF Ratio: 0.973
[2026-06-15 05:26:20,556][root][INFO] - Epoch [1/5], Batch [138/300], Loss: 1.5443 (Overall: 1.0727, Change: 1.9695), TF Ratio: 0.972
[2026-06-15 05:26:26,216][root][INFO] - Epoch [1/5], Batch [139/300], Loss: 1.5433 (Overall: 1.0734, Change: 1.7536), TF Ratio: 0.972
[2026-06-15 05:26:26,367][root][INFO] - Epoch [1/5], Batch [140/300], Loss: 1.5424 (Overall: 1.1765, Change: 1.6479), TF Ratio: 0.972
[2026-06-15 05:26:26,517][root][INFO] - Epoch [1/5], Batch [141/300], Loss: 1.5445 (Overall: 1.8016, Change: 1.8679), TF Ratio: 0.972
[2026-06-15 05:26:26,668][root][INFO] - Epoch [1/5], Batch [142/300], Loss: 1.5442 (Overall: 1.3827, Change: 1.6337), TF Ratio: 0.972
[2026-06-15 05:26:29,663][root][INFO] - Epoch [1/5], Batch [143/300], Loss: 1.5442 (Overall: 1.2462, Change: 1.8353), TF Ratio: 0.971
[2026-06-15 05:26:30,379][root][INFO] - Epoch [1/5], Batch [144/300], Loss: 1.5436 (Overall: 1.2208, Change: 1.7031), TF Ratio: 0.971
[2026-06-15 05:26:30,528][root][INFO] - Epoch [1/5], Batch [145/300], Loss: 1.5424 (Overall: 1.1458, Change: 1.5953), TF Ratio: 0.971
[2026-06-15 05:26:30,678][root][INFO] - Epoch [1/5], Batch [146/300], Loss: 1.5404 (Overall: 1.1549, Change: 1.3498), TF Ratio: 0.971
[2026-06-15 05:26:36,633][root][INFO] - Epoch [1/5], Batch [147/300], Loss: 1.5396 (Overall: 1.1825, Change: 1.6691), TF Ratio: 0.971
[2026-06-15 05:26:36,784][root][INFO] - Epoch [1/5], Batch [148/300], Loss: 1.5379 (Overall: 1.0015, Change: 1.5631), TF Ratio: 0.970
[2026-06-15 05:26:36,936][root][INFO] - Epoch [1/5], Batch [149/300], Loss: 1.5379 (Overall: 1.3096, Change: 1.7675), TF Ratio: 0.970
[2026-06-15 05:26:37,086][root][INFO] - Epoch [1/5], Batch [150/300], Loss: 1.5370 (Overall: 1.1027, Change: 1.6863), TF Ratio: 0.970
[2026-06-15 05:26:39,371][root][INFO] - Epoch [1/5], Batch [151/300], Loss: 1.5358 (Overall: 1.0730, Change: 1.6591), TF Ratio: 0.970
[2026-06-15 05:26:40,920][root][INFO] - Epoch [1/5], Batch [152/300], Loss: 1.5339 (Overall: 1.0957, Change: 1.4072), TF Ratio: 0.970
[2026-06-15 05:26:41,070][root][INFO] - Epoch [1/5], Batch [153/300], Loss: 1.5339 (Overall: 1.1937, Change: 1.8598), TF Ratio: 0.969
[2026-06-15 05:26:41,221][root][INFO] - Epoch [1/5], Batch [154/300], Loss: 1.5334 (Overall: 1.1656, Change: 1.7538), TF Ratio: 0.969
[2026-06-15 05:26:48,354][root][INFO] - Epoch [1/5], Batch [155/300], Loss: 1.5310 (Overall: 1.0893, Change: 1.2170), TF Ratio: 0.969
[2026-06-15 05:26:48,506][root][INFO] - Epoch [1/5], Batch [156/300], Loss: 1.5278 (Overall: 0.9874, Change: 1.0817), TF Ratio: 0.969
[2026-06-15 05:26:48,656][root][INFO] - Epoch [1/5], Batch [157/300], Loss: 1.5271 (Overall: 1.0221, Change: 1.8193), TF Ratio: 0.969
[2026-06-15 05:26:48,807][root][INFO] - Epoch [1/5], Batch [158/300], Loss: 1.5269 (Overall: 1.1468, Change: 1.8328), TF Ratio: 0.968
[2026-06-15 05:26:50,140][root][INFO] - Epoch [1/5], Batch [159/300], Loss: 1.5251 (Overall: 0.9631, Change: 1.5196), TF Ratio: 0.968
[2026-06-15 05:26:53,135][root][INFO] - Epoch [1/5], Batch [160/300], Loss: 1.5248 (Overall: 1.1571, Change: 1.7955), TF Ratio: 0.968
[2026-06-15 05:26:53,285][root][INFO] - Epoch [1/5], Batch [161/300], Loss: 1.5238 (Overall: 1.1267, Change: 1.5960), TF Ratio: 0.968
[2026-06-15 05:26:53,435][root][INFO] - Epoch [1/5], Batch [162/300], Loss: 1.5232 (Overall: 1.1127, Change: 1.7670), TF Ratio: 0.968
[2026-06-15 05:26:58,865][root][INFO] - Epoch [1/5], Batch [163/300], Loss: 1.5224 (Overall: 1.1772, Change: 1.6127), TF Ratio: 0.967
[2026-06-15 05:26:59,016][root][INFO] - Epoch [1/5], Batch [164/300], Loss: 1.5216 (Overall: 1.1746, Change: 1.6084), TF Ratio: 0.967
[2026-06-15 05:26:59,166][root][INFO] - Epoch [1/5], Batch [165/300], Loss: 1.5209 (Overall: 1.1053, Change: 1.7036), TF Ratio: 0.967
[2026-06-15 05:26:59,317][root][INFO] - Epoch [1/5], Batch [166/300], Loss: 1.5199 (Overall: 0.9863, Change: 1.7120), TF Ratio: 0.967
[2026-06-15 05:27:02,489][root][INFO] - Epoch [1/5], Batch [167/300], Loss: 1.5195 (Overall: 1.2491, Change: 1.6503), TF Ratio: 0.967
[2026-06-15 05:27:03,420][root][INFO] - Epoch [1/5], Batch [168/300], Loss: 1.5186 (Overall: 1.0900, Change: 1.6536), TF Ratio: 0.966
[2026-06-15 05:27:03,570][root][INFO] - Epoch [1/5], Batch [169/300], Loss: 1.5176 (Overall: 1.0613, Change: 1.6389), TF Ratio: 0.966
[2026-06-15 05:27:03,721][root][INFO] - Epoch [1/5], Batch [170/300], Loss: 1.5171 (Overall: 1.0549, Change: 1.8050), TF Ratio: 0.966
[2026-06-15 05:27:09,392][root][INFO] - Epoch [1/5], Batch [171/300], Loss: 1.5162 (Overall: 1.1069, Change: 1.6360), TF Ratio: 0.966
[2026-06-15 05:27:09,543][root][INFO] - Epoch [1/5], Batch [172/300], Loss: 1.5152 (Overall: 1.2447, Change: 1.4247), TF Ratio: 0.966
[2026-06-15 05:27:09,693][root][INFO] - Epoch [1/5], Batch [173/300], Loss: 1.5149 (Overall: 1.2538, Change: 1.6816), TF Ratio: 0.965
[2026-06-15 05:27:09,843][root][INFO] - Epoch [1/5], Batch [174/300], Loss: 1.5156 (Overall: 0.9812, Change: 2.2754), TF Ratio: 0.965
[2026-06-15 05:27:13,775][root][INFO] - Epoch [1/5], Batch [175/300], Loss: 1.5152 (Overall: 1.1194, Change: 1.7928), TF Ratio: 0.965
[2026-06-15 05:27:14,100][root][INFO] - Epoch [1/5], Batch [176/300], Loss: 1.5170 (Overall: 1.2470, Change: 2.4134), TF Ratio: 0.965
[2026-06-15 05:27:14,250][root][INFO] - Epoch [1/5], Batch [177/300], Loss: 1.5163 (Overall: 1.2107, Change: 1.5713), TF Ratio: 0.965
[2026-06-15 05:27:14,401][root][INFO] - Epoch [1/5], Batch [178/300], Loss: 1.5156 (Overall: 1.3914, Change: 1.3849), TF Ratio: 0.964
[2026-06-15 05:27:19,601][root][INFO] - Epoch [1/5], Batch [179/300], Loss: 1.5140 (Overall: 0.9934, Change: 1.4751), TF Ratio: 0.964
[2026-06-15 05:27:19,752][root][INFO] - Epoch [1/5], Batch [180/300], Loss: 1.5130 (Overall: 0.9997, Change: 1.6624), TF Ratio: 0.964
[2026-06-15 05:27:19,903][root][INFO] - Epoch [1/5], Batch [181/300], Loss: 1.5127 (Overall: 1.2415, Change: 1.6840), TF Ratio: 0.964
[2026-06-15 05:27:20,053][root][INFO] - Epoch [1/5], Batch [182/300], Loss: 1.5110 (Overall: 1.0038, Change: 1.3863), TF Ratio: 0.964
[2026-06-15 05:27:25,230][root][INFO] - Epoch [1/5], Batch [183/300], Loss: 1.5097 (Overall: 1.0695, Change: 1.4789), TF Ratio: 0.963
[2026-06-15 05:27:26,255][root][INFO] - Epoch [1/5], Batch [184/300], Loss: 1.5089 (Overall: 1.0050, Change: 1.7348), TF Ratio: 0.963
[2026-06-15 05:27:26,405][root][INFO] - Epoch [1/5], Batch [185/300], Loss: 1.5075 (Overall: 0.9436, Change: 1.5435), TF Ratio: 0.963
[2026-06-15 05:27:26,555][root][INFO] - Epoch [1/5], Batch [186/300], Loss: 1.5083 (Overall: 0.9395, Change: 2.3647), TF Ratio: 0.963
[2026-06-15 05:27:31,141][root][INFO] - Epoch [1/5], Batch [187/300], Loss: 1.5077 (Overall: 1.3296, Change: 1.4632), TF Ratio: 0.963
[2026-06-15 05:27:31,293][root][INFO] - Epoch [1/5], Batch [188/300], Loss: 1.5069 (Overall: 1.0447, Change: 1.6872), TF Ratio: 0.962
[2026-06-15 05:27:31,443][root][INFO] - Epoch [1/5], Batch [189/300], Loss: 1.5060 (Overall: 1.0709, Change: 1.5888), TF Ratio: 0.962
[2026-06-15 05:27:31,593][root][INFO] - Epoch [1/5], Batch [190/300], Loss: 1.5046 (Overall: 0.9774, Change: 1.5287), TF Ratio: 0.962
[2026-06-15 05:27:37,660][root][INFO] - Epoch [1/5], Batch [191/300], Loss: 1.5044 (Overall: 1.3164, Change: 1.5917), TF Ratio: 0.962
[2026-06-15 05:27:37,811][root][INFO] - Epoch [1/5], Batch [192/300], Loss: 1.5037 (Overall: 1.1207, Change: 1.6231), TF Ratio: 0.962
[2026-06-15 05:27:37,961][root][INFO] - Epoch [1/5], Batch [193/300], Loss: 1.5027 (Overall: 1.1444, Change: 1.4851), TF Ratio: 0.961
[2026-06-15 05:27:38,115][root][INFO] - Epoch [1/5], Batch [194/300], Loss: 1.5028 (Overall: 1.1371, Change: 1.8880), TF Ratio: 0.961
[2026-06-15 05:27:43,833][root][INFO] - Epoch [1/5], Batch [195/300], Loss: 1.5011 (Overall: 1.0046, Change: 1.3490), TF Ratio: 0.961
[2026-06-15 05:27:43,985][root][INFO] - Epoch [1/5], Batch [196/300], Loss: 1.5022 (Overall: 1.5541, Change: 1.8834), TF Ratio: 0.961
[2026-06-15 05:27:44,135][root][INFO] - Epoch [1/5], Batch [197/300], Loss: 1.5013 (Overall: 1.1538, Change: 1.5146), TF Ratio: 0.961
[2026-06-15 05:27:44,285][root][INFO] - Epoch [1/5], Batch [198/300], Loss: 1.5004 (Overall: 1.1928, Change: 1.4261), TF Ratio: 0.960
[2026-06-15 05:27:48,530][root][INFO] - Epoch [1/5], Batch [199/300], Loss: 1.5009 (Overall: 1.3702, Change: 1.8248), TF Ratio: 0.960
[2026-06-15 05:27:48,681][root][INFO] - Epoch [1/5], Batch [200/300], Loss: 1.5007 (Overall: 1.4092, Change: 1.5305), TF Ratio: 0.960
[2026-06-15 05:27:48,831][root][INFO] - Epoch [1/5], Batch [201/300], Loss: 1.4994 (Overall: 1.0042, Change: 1.4574), TF Ratio: 0.960
[2026-06-15 05:27:48,981][root][INFO] - Epoch [1/5], Batch [202/300], Loss: 1.4977 (Overall: 0.9603, Change: 1.3801), TF Ratio: 0.960
[2026-06-15 05:27:53,504][root][INFO] - Epoch [1/5], Batch [203/300], Loss: 1.4965 (Overall: 1.1048, Change: 1.3715), TF Ratio: 0.959
[2026-06-15 05:27:53,656][root][INFO] - Epoch [1/5], Batch [204/300], Loss: 1.4946 (Overall: 1.0281, Change: 1.2187), TF Ratio: 0.959
[2026-06-15 05:27:53,806][root][INFO] - Epoch [1/5], Batch [205/300], Loss: 1.4950 (Overall: 1.1627, Change: 1.9693), TF Ratio: 0.959
[2026-06-15 05:27:53,957][root][INFO] - Epoch [1/5], Batch [206/300], Loss: 1.4930 (Overall: 0.8710, Change: 1.2991), TF Ratio: 0.959
[2026-06-15 05:28:00,317][root][INFO] - Epoch [1/5], Batch [207/300], Loss: 1.4924 (Overall: 1.1292, Change: 1.6014), TF Ratio: 0.959
[2026-06-15 05:28:00,469][root][INFO] - Epoch [1/5], Batch [208/300], Loss: 1.4909 (Overall: 1.3609, Change: 0.9967), TF Ratio: 0.958
[2026-06-15 05:28:00,619][root][INFO] - Epoch [1/5], Batch [209/300], Loss: 1.4905 (Overall: 1.2580, Change: 1.5687), TF Ratio: 0.958
[2026-06-15 05:28:00,769][root][INFO] - Epoch [1/5], Batch [210/300], Loss: 1.4887 (Overall: 0.9226, Change: 1.3119), TF Ratio: 0.958
[2026-06-15 05:28:03,682][root][INFO] - Epoch [1/5], Batch [211/300], Loss: 1.4892 (Overall: 1.1831, Change: 2.0163), TF Ratio: 0.958
[2026-06-15 05:28:03,833][root][INFO] - Epoch [1/5], Batch [212/300], Loss: 1.4899 (Overall: 1.1218, Change: 2.1284), TF Ratio: 0.958
[2026-06-15 05:28:03,983][root][INFO] - Epoch [1/5], Batch [213/300], Loss: 1.4895 (Overall: 1.1272, Change: 1.6787), TF Ratio: 0.957
[2026-06-15 05:28:04,134][root][INFO] - Epoch [1/5], Batch [214/300], Loss: 1.4895 (Overall: 1.4343, Change: 1.5712), TF Ratio: 0.957
[2026-06-15 05:28:11,026][root][INFO] - Epoch [1/5], Batch [215/300], Loss: 1.4882 (Overall: 0.8844, Change: 1.5199), TF Ratio: 0.957
[2026-06-15 05:28:11,178][root][INFO] - Epoch [1/5], Batch [216/300], Loss: 1.4899 (Overall: 1.6614, Change: 2.0695), TF Ratio: 0.957
[2026-06-15 05:28:11,328][root][INFO] - Epoch [1/5], Batch [217/300], Loss: 1.4894 (Overall: 1.3171, Change: 1.4386), TF Ratio: 0.957
[2026-06-15 05:28:11,480][root][INFO] - Epoch [1/5], Batch [218/300], Loss: 1.4891 (Overall: 1.2159, Change: 1.6384), TF Ratio: 0.956
[2026-06-15 05:28:14,958][root][INFO] - Epoch [1/5], Batch [219/300], Loss: 1.4883 (Overall: 1.1759, Change: 1.4441), TF Ratio: 0.956
[2026-06-15 05:28:15,110][root][INFO] - Epoch [1/5], Batch [220/300], Loss: 1.4884 (Overall: 1.3907, Change: 1.6066), TF Ratio: 0.956
[2026-06-15 05:28:15,261][root][INFO] - Epoch [1/5], Batch [221/300], Loss: 1.4865 (Overall: 1.0408, Change: 1.0990), TF Ratio: 0.956
[2026-06-15 05:28:15,412][root][INFO] - Epoch [1/5], Batch [222/300], Loss: 1.4855 (Overall: 1.0227, Change: 1.5068), TF Ratio: 0.956
[2026-06-15 05:28:21,152][root][INFO] - Epoch [1/5], Batch [223/300], Loss: 1.4838 (Overall: 0.9558, Change: 1.2532), TF Ratio: 0.955
[2026-06-15 05:28:21,305][root][INFO] - Epoch [1/5], Batch [224/300], Loss: 1.4833 (Overall: 1.0155, Change: 1.7262), TF Ratio: 0.955
[2026-06-15 05:28:21,457][root][INFO] - Epoch [1/5], Batch [225/300], Loss: 1.4821 (Overall: 0.8743, Change: 1.5468), TF Ratio: 0.955
[2026-06-15 05:28:21,608][root][INFO] - Epoch [1/5], Batch [226/300], Loss: 1.4814 (Overall: 0.9112, Change: 1.7540), TF Ratio: 0.955
[2026-06-15 05:28:25,606][root][INFO] - Epoch [1/5], Batch [227/300], Loss: 1.4810 (Overall: 1.3859, Change: 1.3770), TF Ratio: 0.955
[2026-06-15 05:28:25,758][root][INFO] - Epoch [1/5], Batch [228/300], Loss: 1.4804 (Overall: 1.2706, Change: 1.4530), TF Ratio: 0.954
[2026-06-15 05:28:25,909][root][INFO] - Epoch [1/5], Batch [229/300], Loss: 1.4799 (Overall: 0.9156, Change: 1.7898), TF Ratio: 0.954
[2026-06-15 05:28:26,060][root][INFO] - Epoch [1/5], Batch [230/300], Loss: 1.4791 (Overall: 1.0200, Change: 1.5761), TF Ratio: 0.954
[2026-06-15 05:28:32,438][root][INFO] - Epoch [1/5], Batch [231/300], Loss: 1.4790 (Overall: 1.1240, Change: 1.7946), TF Ratio: 0.954
[2026-06-15 05:28:32,589][root][INFO] - Epoch [1/5], Batch [232/300], Loss: 1.4787 (Overall: 1.0329, Change: 1.7956), TF Ratio: 0.954
[2026-06-15 05:28:32,740][root][INFO] - Epoch [1/5], Batch [233/300], Loss: 1.4780 (Overall: 1.0095, Change: 1.6268), TF Ratio: 0.953
[2026-06-15 05:28:32,890][root][INFO] - Epoch [1/5], Batch [234/300], Loss: 1.4780 (Overall: 1.3058, Change: 1.6266), TF Ratio: 0.953
[2026-06-15 05:28:36,241][root][INFO] - Epoch [1/5], Batch [235/300], Loss: 1.4779 (Overall: 1.0834, Change: 1.8517), TF Ratio: 0.953
[2026-06-15 05:28:36,393][root][INFO] - Epoch [1/5], Batch [236/300], Loss: 1.4764 (Overall: 1.0153, Change: 1.2194), TF Ratio: 0.953
[2026-06-15 05:28:36,543][root][INFO] - Epoch [1/5], Batch [237/300], Loss: 1.4753 (Overall: 1.0223, Change: 1.4174), TF Ratio: 0.953
[2026-06-15 05:28:36,693][root][INFO] - Epoch [1/5], Batch [238/300], Loss: 1.4743 (Overall: 0.9068, Change: 1.5631), TF Ratio: 0.952
[2026-06-15 05:28:44,485][root][INFO] - Epoch [1/5], Batch [239/300], Loss: 1.4738 (Overall: 1.2137, Change: 1.4916), TF Ratio: 0.952
[2026-06-15 05:28:44,636][root][INFO] - Epoch [1/5], Batch [240/300], Loss: 1.4731 (Overall: 0.9582, Change: 1.6348), TF Ratio: 0.952
[2026-06-15 05:28:44,786][root][INFO] - Epoch [1/5], Batch [241/300], Loss: 1.4717 (Overall: 0.9955, Change: 1.2860), TF Ratio: 0.952
[2026-06-15 05:28:44,937][root][INFO] - Epoch [1/5], Batch [242/300], Loss: 1.4709 (Overall: 1.0417, Change: 1.4991), TF Ratio: 0.952
[2026-06-15 05:28:46,504][root][INFO] - Epoch [1/5], Batch [243/300], Loss: 1.4707 (Overall: 1.1365, Change: 1.7274), TF Ratio: 0.951
[2026-06-15 05:28:46,655][root][INFO] - Epoch [1/5], Batch [244/300], Loss: 1.4696 (Overall: 0.9599, Change: 1.4247), TF Ratio: 0.951
[2026-06-15 05:28:46,806][root][INFO] - Epoch [1/5], Batch [245/300], Loss: 1.4689 (Overall: 1.1708, Change: 1.4740), TF Ratio: 0.951
[2026-06-15 05:28:46,965][root][INFO] - Epoch [1/5], Batch [246/300], Loss: 1.4678 (Overall: 0.9190, Change: 1.4457), TF Ratio: 0.951
[2026-06-15 05:28:55,195][root][INFO] - Epoch [1/5], Batch [247/300], Loss: 1.4674 (Overall: 1.0691, Change: 1.6922), TF Ratio: 0.951
[2026-06-15 05:28:55,346][root][INFO] - Epoch [1/5], Batch [248/300], Loss: 1.4663 (Overall: 1.0870, Change: 1.2728), TF Ratio: 0.950
[2026-06-15 05:28:55,497][root][INFO] - Epoch [1/5], Batch [249/300], Loss: 1.4666 (Overall: 1.0573, Change: 2.0218), TF Ratio: 0.950
[2026-06-15 05:28:55,647][root][INFO] - Epoch [1/5], Batch [250/300], Loss: 1.4648 (Overall: 0.9938, Change: 1.0459), TF Ratio: 0.950
[2026-06-15 05:28:57,327][root][INFO] - Epoch [1/5], Batch [251/300], Loss: 1.4641 (Overall: 1.2924, Change: 1.2965), TF Ratio: 0.950
[2026-06-15 05:28:57,479][root][INFO] - Epoch [1/5], Batch [252/300], Loss: 1.4635 (Overall: 1.1322, Change: 1.4968), TF Ratio: 0.950
[2026-06-15 05:28:57,629][root][INFO] - Epoch [1/5], Batch [253/300], Loss: 1.4627 (Overall: 1.1353, Change: 1.3582), TF Ratio: 0.949
[2026-06-15 05:28:57,779][root][INFO] - Epoch [1/5], Batch [254/300], Loss: 1.4622 (Overall: 1.1101, Change: 1.5872), TF Ratio: 0.949
[2026-06-15 05:29:07,805][root][INFO] - Epoch [1/5], Batch [255/300], Loss: 1.4621 (Overall: 1.5731, Change: 1.3035), TF Ratio: 0.949
[2026-06-15 05:29:07,957][root][INFO] - Epoch [1/5], Batch [256/300], Loss: 1.4615 (Overall: 1.0725, Change: 1.5283), TF Ratio: 0.949
[2026-06-15 05:29:08,107][root][INFO] - Epoch [1/5], Batch [257/300], Loss: 1.4608 (Overall: 1.0751, Change: 1.5134), TF Ratio: 0.949
[2026-06-15 05:29:08,258][root][INFO] - Epoch [1/5], Batch [258/300], Loss: 1.4602 (Overall: 1.0596, Change: 1.5574), TF Ratio: 0.948
[2026-06-15 05:29:08,823][root][INFO] - Epoch [1/5], Batch [259/300], Loss: 1.4605 (Overall: 1.1960, Change: 1.8572), TF Ratio: 0.948
[2026-06-15 05:29:08,975][root][INFO] - Epoch [1/5], Batch [260/300], Loss: 1.4590 (Overall: 1.0327, Change: 1.0915), TF Ratio: 0.948
[2026-06-15 05:29:09,125][root][INFO] - Epoch [1/5], Batch [261/300], Loss: 1.4588 (Overall: 1.2734, Change: 1.5459), TF Ratio: 0.948
[2026-06-15 05:29:09,275][root][INFO] - Epoch [1/5], Batch [262/300], Loss: 1.4573 (Overall: 0.8778, Change: 1.2912), TF Ratio: 0.948
[2026-06-15 05:29:19,605][root][INFO] - Epoch [1/5], Batch [263/300], Loss: 1.4571 (Overall: 1.4519, Change: 1.3492), TF Ratio: 0.947
[2026-06-15 05:29:19,757][root][INFO] - Epoch [1/5], Batch [264/300], Loss: 1.4557 (Overall: 0.8997, Change: 1.2487), TF Ratio: 0.947
[2026-06-15 05:29:19,907][root][INFO] - Epoch [1/5], Batch [265/300], Loss: 1.4544 (Overall: 0.9350, Change: 1.3203), TF Ratio: 0.947
[2026-06-15 05:29:20,058][root][INFO] - Epoch [1/5], Batch [266/300], Loss: 1.4533 (Overall: 1.0987, Change: 1.2125), TF Ratio: 0.947
[2026-06-15 05:29:20,209][root][INFO] - Epoch [1/5], Batch [267/300], Loss: 1.4524 (Overall: 0.8541, Change: 1.5842), TF Ratio: 0.947
[2026-06-15 05:29:20,360][root][INFO] - Epoch [1/5], Batch [268/300], Loss: 1.4511 (Overall: 1.1999, Change: 0.9775), TF Ratio: 0.946
[2026-06-15 05:29:20,510][root][INFO] - Epoch [1/5], Batch [269/300], Loss: 1.4505 (Overall: 1.1354, Change: 1.4764), TF Ratio: 0.946
[2026-06-15 05:29:20,661][root][INFO] - Epoch [1/5], Batch [270/300], Loss: 1.4505 (Overall: 1.1878, Change: 1.6892), TF Ratio: 0.946
[2026-06-15 05:29:30,464][root][INFO] - Epoch [1/5], Batch [271/300], Loss: 1.4503 (Overall: 0.8723, Change: 1.9091), TF Ratio: 0.946
[2026-06-15 05:29:31,227][root][INFO] - Epoch [1/5], Batch [272/300], Loss: 1.4489 (Overall: 0.7987, Change: 1.3763), TF Ratio: 0.946
[2026-06-15 05:29:31,377][root][INFO] - Epoch [1/5], Batch [273/300], Loss: 1.4468 (Overall: 0.7911, Change: 0.9283), TF Ratio: 0.945
[2026-06-15 05:29:31,528][root][INFO] - Epoch [1/5], Batch [274/300], Loss: 1.4456 (Overall: 0.9056, Change: 1.3306), TF Ratio: 0.945
[2026-06-15 05:29:31,678][root][INFO] - Epoch [1/5], Batch [275/300], Loss: 1.4453 (Overall: 1.0982, Change: 1.6566), TF Ratio: 0.945
[2026-06-15 05:29:31,829][root][INFO] - Epoch [1/5], Batch [276/300], Loss: 1.4458 (Overall: 1.0058, Change: 2.1456), TF Ratio: 0.945
[2026-06-15 05:29:31,980][root][INFO] - Epoch [1/5], Batch [277/300], Loss: 1.4451 (Overall: 1.0682, Change: 1.4557), TF Ratio: 0.945
[2026-06-15 05:29:32,131][root][INFO] - Epoch [1/5], Batch [278/300], Loss: 1.4451 (Overall: 1.4723, Change: 1.3806), TF Ratio: 0.944
[2026-06-15 05:29:45,431][root][INFO] - Epoch [1/5], Batch [279/300], Loss: 1.4442 (Overall: 1.0826, Change: 1.3195), TF Ratio: 0.944
[2026-06-15 05:29:45,582][root][INFO] - Epoch [1/5], Batch [280/300], Loss: 1.4435 (Overall: 1.0468, Change: 1.4304), TF Ratio: 0.944
[2026-06-15 05:29:45,731][root][INFO] - Epoch [1/5], Batch [281/300], Loss: 1.4427 (Overall: 1.0456, Change: 1.3913), TF Ratio: 0.944
[2026-06-15 05:29:45,881][root][INFO] - Epoch [1/5], Batch [282/300], Loss: 1.4433 (Overall: 1.7537, Change: 1.4935), TF Ratio: 0.944
[2026-06-15 05:29:46,031][root][INFO] - Epoch [1/5], Batch [283/300], Loss: 1.4418 (Overall: 0.8157, Change: 1.2200), TF Ratio: 0.943
[2026-06-15 05:29:46,182][root][INFO] - Epoch [1/5], Batch [284/300], Loss: 1.4409 (Overall: 1.0203, Change: 1.3731), TF Ratio: 0.943
[2026-06-15 05:29:46,331][root][INFO] - Epoch [1/5], Batch [285/300], Loss: 1.4401 (Overall: 0.9590, Change: 1.4491), TF Ratio: 0.943
[2026-06-15 05:29:46,480][root][INFO] - Epoch [1/5], Batch [286/300], Loss: 1.4404 (Overall: 1.5447, Change: 1.4773), TF Ratio: 0.943
[2026-06-15 05:29:57,778][root][INFO] - Epoch [1/5], Batch [287/300], Loss: 1.4400 (Overall: 0.9920, Change: 1.6606), TF Ratio: 0.943
[2026-06-15 05:29:57,930][root][INFO] - Epoch [1/5], Batch [288/300], Loss: 1.4394 (Overall: 0.9253, Change: 1.6392), TF Ratio: 0.942
[2026-06-15 05:29:58,080][root][INFO] - Epoch [1/5], Batch [289/300], Loss: 1.4389 (Overall: 1.1282, Change: 1.4540), TF Ratio: 0.942
[2026-06-15 05:29:58,232][root][INFO] - Epoch [1/5], Batch [290/300], Loss: 1.4382 (Overall: 0.8092, Change: 1.6730), TF Ratio: 0.942
[2026-06-15 05:29:58,382][root][INFO] - Epoch [1/5], Batch [291/300], Loss: 1.4378 (Overall: 1.3752, Change: 1.2734), TF Ratio: 0.942
[2026-06-15 05:29:58,534][root][INFO] - Epoch [1/5], Batch [292/300], Loss: 1.4375 (Overall: 1.1427, Change: 1.5222), TF Ratio: 0.942
[2026-06-15 05:29:58,684][root][INFO] - Epoch [1/5], Batch [293/300], Loss: 1.4369 (Overall: 0.9706, Change: 1.5447), TF Ratio: 0.941
[2026-06-15 05:29:58,835][root][INFO] - Epoch [1/5], Batch [294/300], Loss: 1.4364 (Overall: 0.9639, Change: 1.6516), TF Ratio: 0.941
[2026-06-15 05:30:11,215][root][INFO] - Epoch [1/5], Batch [295/300], Loss: 1.4358 (Overall: 0.9898, Change: 1.5480), TF Ratio: 0.941
[2026-06-15 05:30:11,367][root][INFO] - Epoch [1/5], Batch [296/300], Loss: 1.4355 (Overall: 1.0240, Change: 1.6225), TF Ratio: 0.941
[2026-06-15 05:30:11,518][root][INFO] - Epoch [1/5], Batch [297/300], Loss: 1.4350 (Overall: 1.0398, Change: 1.5419), TF Ratio: 0.941
[2026-06-15 05:30:11,668][root][INFO] - Epoch [1/5], Batch [298/300], Loss: 1.4342 (Overall: 0.9636, Change: 1.4423), TF Ratio: 0.940
[2026-06-15 05:30:11,819][root][INFO] - Epoch [1/5], Batch [299/300], Loss: 1.4327 (Overall: 0.7934, Change: 1.1488), TF Ratio: 0.940
[2026-06-15 05:30:11,970][root][INFO] - Epoch [1/5], Batch [300/300], Loss: 1.4322 (Overall: 1.0483, Change: 1.5669), TF Ratio: 0.940
[2026-06-15 05:30:20,816][root][INFO] - Epoch 1 done. Validating...
[2026-06-15 05:30:56,554][root][INFO] - Epoch [1/5] | Train: 1.4322 | Val: 0.6299
[2026-06-15 05:30:56,814][root][INFO] - Checkpoint saved: /gpfs/scratch/bsc32/bsc096444/ai4land-tfm/trained_models/unet_impl/41799699/best_model.pth
[2026-06-15 05:30:57,004][root][INFO] - Checkpoint saved: /gpfs/scratch/bsc32/bsc096444/ai4land-tfm/trained_models/unet_impl/41799699/model_epoch_1.pth
[2026-06-15 05:31:10,181][root][INFO] - Epoch [2/5], Batch [1/300], Loss: 1.6268 (Overall: 1.0658, Change: 2.1879), TF Ratio: 0.940
[2026-06-15 05:31:10,332][root][INFO] - Epoch [2/5], Batch [2/300], Loss: 1.4591 (Overall: 1.0823, Change: 1.5005), TF Ratio: 0.940
[2026-06-15 05:31:10,483][root][INFO] - Epoch [2/5], Batch [3/300], Loss: 1.4736 (Overall: 1.0949, Change: 1.9101), TF Ratio: 0.939
[2026-06-15 05:31:10,634][root][INFO] - Epoch [2/5], Batch [4/300], Loss: 1.4053 (Overall: 1.0374, Change: 1.3631), TF Ratio: 0.939
[2026-06-15 05:31:10,785][root][INFO] - Epoch [2/5], Batch [5/300], Loss: 1.3731 (Overall: 0.9792, Change: 1.5099), TF Ratio: 0.939
[2026-06-15 05:31:10,936][root][INFO] - Epoch [2/5], Batch [6/300], Loss: 1.3916 (Overall: 1.3960, Change: 1.5718), TF Ratio: 0.939
[2026-06-15 05:31:11,087][root][INFO] - Epoch [2/5], Batch [7/300], Loss: 1.3474 (Overall: 0.8158, Change: 1.3485), TF Ratio: 0.939
[2026-06-15 05:31:19,593][root][INFO] - Epoch [2/5], Batch [8/300], Loss: 1.3423 (Overall: 0.9630, Change: 1.6510), TF Ratio: 0.938
[2026-06-15 05:31:20,902][root][INFO] - Epoch [2/5], Batch [9/300], Loss: 1.3565 (Overall: 0.9345, Change: 2.0058), TF Ratio: 0.938
[2026-06-15 05:31:21,053][root][INFO] - Epoch [2/5], Batch [10/300], Loss: 1.3646 (Overall: 1.1302, Change: 1.7444), TF Ratio: 0.938
[2026-06-15 05:31:21,212][root][INFO] - Epoch [2/5], Batch [11/300], Loss: 1.3394 (Overall: 0.9239, Change: 1.2499), TF Ratio: 0.938
[2026-06-15 05:31:21,363][root][INFO] - Epoch [2/5], Batch [12/300], Loss: 1.3335 (Overall: 0.9789, Change: 1.5591), TF Ratio: 0.938
[2026-06-15 05:31:21,513][root][INFO] - Epoch [2/5], Batch [13/300], Loss: 1.3154 (Overall: 0.9346, Change: 1.2622), TF Ratio: 0.937
[2026-06-15 05:31:21,664][root][INFO] - Epoch [2/5], Batch [14/300], Loss: 1.3018 (Overall: 0.9092, Change: 1.3415), TF Ratio: 0.937
[2026-06-15 05:31:21,814][root][INFO] - Epoch [2/5], Batch [15/300], Loss: 1.3021 (Overall: 1.0964, Change: 1.5146), TF Ratio: 0.937
[2026-06-15 05:31:30,033][root][INFO] - Epoch [2/5], Batch [16/300], Loss: 1.3134 (Overall: 1.1955, Change: 1.7701), TF Ratio: 0.937
[2026-06-15 05:31:31,338][root][INFO] - Epoch [2/5], Batch [17/300], Loss: 1.3144 (Overall: 1.0477, Change: 1.6154), TF Ratio: 0.937
[2026-06-15 05:31:31,491][root][INFO] - Epoch [2/5], Batch [18/300], Loss: 1.3048 (Overall: 0.9104, Change: 1.3729), TF Ratio: 0.936
[2026-06-15 05:31:31,894][root][INFO] - Epoch [2/5], Batch [19/300], Loss: 1.2952 (Overall: 1.0542, Change: 1.1887), TF Ratio: 0.936
[2026-06-15 05:31:32,047][root][INFO] - Epoch [2/5], Batch [20/300], Loss: 1.2859 (Overall: 0.8776, Change: 1.3424), TF Ratio: 0.936
[2026-06-15 05:31:32,197][root][INFO] - Epoch [2/5], Batch [21/300], Loss: 1.2835 (Overall: 0.9473, Change: 1.5231), TF Ratio: 0.936
[2026-06-15 05:31:32,347][root][INFO] - Epoch [2/5], Batch [22/300], Loss: 1.2728 (Overall: 0.8767, Change: 1.2170), TF Ratio: 0.936
[2026-06-15 05:31:32,497][root][INFO] - Epoch [2/5], Batch [23/300], Loss: 1.2696 (Overall: 0.8524, Change: 1.5494), TF Ratio: 0.935
[2026-06-15 05:31:40,632][root][INFO] - Epoch [2/5], Batch [24/300], Loss: 1.2799 (Overall: 1.0837, Change: 1.9499), TF Ratio: 0.935
[2026-06-15 05:31:44,600][root][INFO] - Epoch [2/5], Batch [25/300], Loss: 1.2770 (Overall: 0.8699, Change: 1.5435), TF Ratio: 0.935
[2026-06-15 05:31:44,751][root][INFO] - Epoch [2/5], Batch [26/300], Loss: 1.2738 (Overall: 1.1380, Change: 1.2472), TF Ratio: 0.935
[2026-06-15 05:31:44,901][root][INFO] - Epoch [2/5], Batch [27/300], Loss: 1.2727 (Overall: 0.8979, Change: 1.5910), TF Ratio: 0.935
[2026-06-15 05:31:45,053][root][INFO] - Epoch [2/5], Batch [28/300], Loss: 1.2721 (Overall: 1.0034, Change: 1.5071), TF Ratio: 0.934
[2026-06-15 05:31:45,203][root][INFO] - Epoch [2/5], Batch [29/300], Loss: 1.2728 (Overall: 1.1846, Change: 1.4035), TF Ratio: 0.934
[2026-06-15 05:31:45,354][root][INFO] - Epoch [2/5], Batch [30/300], Loss: 1.3122 (Overall: 1.2611, Change: 3.6486), TF Ratio: 0.934
[2026-06-15 05:31:45,504][root][INFO] - Epoch [2/5], Batch [31/300], Loss: 1.3080 (Overall: 0.8883, Change: 1.4739), TF Ratio: 0.934
[2026-06-15 05:31:52,317][root][INFO] - Epoch [2/5], Batch [32/300], Loss: 1.3022 (Overall: 1.0462, Change: 1.1969), TF Ratio: 0.934
[2026-06-15 05:31:55,040][root][INFO] - Epoch [2/5], Batch [33/300], Loss: 1.3071 (Overall: 1.1701, Change: 1.7591), TF Ratio: 0.933
[2026-06-15 05:31:55,190][root][INFO] - Epoch [2/5], Batch [34/300], Loss: 1.3106 (Overall: 1.0475, Change: 1.8075), TF Ratio: 0.933
[2026-06-15 05:31:56,722][root][INFO] - Epoch [2/5], Batch [35/300], Loss: 1.3071 (Overall: 0.7452, Change: 1.6265), TF Ratio: 0.933
[2026-06-15 05:31:56,874][root][INFO] - Epoch [2/5], Batch [36/300], Loss: 1.3041 (Overall: 1.0657, Change: 1.3367), TF Ratio: 0.933
[2026-06-15 05:31:57,024][root][INFO] - Epoch [2/5], Batch [37/300], Loss: 1.2994 (Overall: 0.9009, Change: 1.3553), TF Ratio: 0.933
[2026-06-15 05:31:57,176][root][INFO] - Epoch [2/5], Batch [38/300], Loss: 1.2981 (Overall: 0.9414, Change: 1.5638), TF Ratio: 0.932
[2026-06-15 05:31:57,327][root][INFO] - Epoch [2/5], Batch [39/300], Loss: 1.2929 (Overall: 0.9211, Change: 1.2707), TF Ratio: 0.932
[2026-06-15 05:32:05,160][root][INFO] - Epoch [2/5], Batch [40/300], Loss: 1.2914 (Overall: 1.0256, Change: 1.4363), TF Ratio: 0.932
[2026-06-15 05:32:05,902][root][INFO] - Epoch [2/5], Batch [41/300], Loss: 1.2908 (Overall: 0.9932, Change: 1.5400), TF Ratio: 0.932
[2026-06-15 05:32:06,052][root][INFO] - Epoch [2/5], Batch [42/300], Loss: 1.2897 (Overall: 0.9713, Change: 1.5225), TF Ratio: 0.932
[2026-06-15 05:32:06,909][root][INFO] - Epoch [2/5], Batch [43/300], Loss: 1.2893 (Overall: 0.9540, Change: 1.5897), TF Ratio: 0.931
[2026-06-15 05:32:07,061][root][INFO] - Epoch [2/5], Batch [44/300], Loss: 1.2900 (Overall: 0.8601, Change: 1.7781), TF Ratio: 0.931
[2026-06-15 05:32:07,210][root][INFO] - Epoch [2/5], Batch [45/300], Loss: 1.2926 (Overall: 0.9049, Change: 1.9102), TF Ratio: 0.931
[2026-06-15 05:32:07,361][root][INFO] - Epoch [2/5], Batch [46/300], Loss: 1.2940 (Overall: 0.9382, Change: 1.7767), TF Ratio: 0.931
[2026-06-15 05:32:07,512][root][INFO] - Epoch [2/5], Batch [47/300], Loss: 1.2989 (Overall: 1.2987, Change: 1.7499), TF Ratio: 0.931
[2026-06-15 05:32:15,445][root][INFO] - Epoch [2/5], Batch [48/300], Loss: 1.2986 (Overall: 1.0749, Change: 1.4876), TF Ratio: 0.930
[2026-06-15 05:32:15,800][root][INFO] - Epoch [2/5], Batch [49/300], Loss: 1.2996 (Overall: 1.0926, Change: 1.6070), TF Ratio: 0.930
[2026-06-15 05:32:15,950][root][INFO] - Epoch [2/5], Batch [50/300], Loss: 1.2983 (Overall: 0.9741, Change: 1.4920), TF Ratio: 0.930
[2026-06-15 05:32:17,854][root][INFO] - Epoch [2/5], Batch [51/300], Loss: 1.2951 (Overall: 0.8247, Change: 1.4489), TF Ratio: 0.930
[2026-06-15 05:32:18,005][root][INFO] - Epoch [2/5], Batch [52/300], Loss: 1.2929 (Overall: 0.8150, Change: 1.5467), TF Ratio: 0.930
[2026-06-15 05:32:18,168][root][INFO] - Epoch [2/5], Batch [53/300], Loss: 1.2908 (Overall: 0.7668, Change: 1.5934), TF Ratio: 0.929
[2026-06-15 05:32:18,318][root][INFO] - Epoch [2/5], Batch [54/300], Loss: 1.2896 (Overall: 0.9673, Change: 1.4860), TF Ratio: 0.929
[2026-06-15 05:32:18,469][root][INFO] - Epoch [2/5], Batch [55/300], Loss: 1.2923 (Overall: 1.2941, Change: 1.5802), TF Ratio: 0.929
[2026-06-15 05:32:26,148][root][INFO] - Epoch [2/5], Batch [56/300], Loss: 1.2923 (Overall: 0.8932, Change: 1.6927), TF Ratio: 0.929
[2026-06-15 05:32:26,298][root][INFO] - Epoch [2/5], Batch [57/300], Loss: 1.2903 (Overall: 0.9788, Change: 1.3817), TF Ratio: 0.929
[2026-06-15 05:32:26,448][root][INFO] - Epoch [2/5], Batch [58/300], Loss: 1.2879 (Overall: 0.9726, Change: 1.3218), TF Ratio: 0.928
[2026-06-15 05:32:28,584][root][INFO] - Epoch [2/5], Batch [59/300], Loss: 1.2879 (Overall: 0.7521, Change: 1.8262), TF Ratio: 0.928
[2026-06-15 05:32:28,735][root][INFO] - Epoch [2/5], Batch [60/300], Loss: 1.2924 (Overall: 0.8451, Change: 2.2751), TF Ratio: 0.928
[2026-06-15 05:32:29,702][root][INFO] - Epoch [2/5], Batch [61/300], Loss: 1.2919 (Overall: 0.8950, Change: 1.6275), TF Ratio: 0.928
[2026-06-15 05:32:29,853][root][INFO] - Epoch [2/5], Batch [62/300], Loss: 1.2920 (Overall: 0.9932, Change: 1.6025), TF Ratio: 0.928
[2026-06-15 05:32:30,004][root][INFO] - Epoch [2/5], Batch [63/300], Loss: 1.2885 (Overall: 0.7488, Change: 1.3988), TF Ratio: 0.927
[2026-06-15 05:32:36,539][root][INFO] - Epoch [2/5], Batch [64/300], Loss: 1.2914 (Overall: 1.0614, Change: 1.8795), TF Ratio: 0.927
[2026-06-15 05:32:37,102][root][INFO] - Epoch [2/5], Batch [65/300], Loss: 1.2909 (Overall: 1.0580, Change: 1.4682), TF Ratio: 0.927
[2026-06-15 05:32:37,252][root][INFO] - Epoch [2/5], Batch [66/300], Loss: 1.2909 (Overall: 1.1020, Change: 1.4778), TF Ratio: 0.927
[2026-06-15 05:32:39,766][root][INFO] - Epoch [2/5], Batch [67/300], Loss: 1.2855 (Overall: 0.7102, Change: 1.1382), TF Ratio: 0.927
[2026-06-15 05:32:39,917][root][INFO] - Epoch [2/5], Batch [68/300], Loss: 1.2875 (Overall: 0.9695, Change: 1.8744), TF Ratio: 0.926
[2026-06-15 05:32:40,443][root][INFO] - Epoch [2/5], Batch [69/300], Loss: 1.2842 (Overall: 0.6770, Change: 1.4426), TF Ratio: 0.926
[2026-06-15 05:32:40,593][root][INFO] - Epoch [2/5], Batch [70/300], Loss: 1.2836 (Overall: 1.0786, Change: 1.4099), TF Ratio: 0.926
[2026-06-15 05:32:40,743][root][INFO] - Epoch [2/5], Batch [71/300], Loss: 1.2816 (Overall: 0.9078, Change: 1.3748), TF Ratio: 0.926
[2026-06-15 05:32:45,821][root][INFO] - Epoch [2/5], Batch [72/300], Loss: 1.2804 (Overall: 0.9512, Change: 1.4434), TF Ratio: 0.926
[2026-06-15 05:32:50,666][root][INFO] - Epoch [2/5], Batch [73/300], Loss: 1.2800 (Overall: 0.7694, Change: 1.7347), TF Ratio: 0.925
[2026-06-15 05:32:50,817][root][INFO] - Epoch [2/5], Batch [74/300], Loss: 1.2813 (Overall: 0.9652, Change: 1.7877), TF Ratio: 0.925
[2026-06-15 05:32:50,967][root][INFO] - Epoch [2/5], Batch [75/300], Loss: 1.2810 (Overall: 0.7690, Change: 1.7478), TF Ratio: 0.925
[2026-06-15 05:32:51,119][root][INFO] - Epoch [2/5], Batch [76/300], Loss: 1.2854 (Overall: 1.2881, Change: 1.9426), TF Ratio: 0.925
[2026-06-15 05:32:51,688][root][INFO] - Epoch [2/5], Batch [77/300], Loss: 1.2860 (Overall: 1.2203, Change: 1.4412), TF Ratio: 0.925
[2026-06-15 05:32:51,839][root][INFO] - Epoch [2/5], Batch [78/300], Loss: 1.2849 (Overall: 0.8957, Change: 1.4956), TF Ratio: 0.924
[2026-06-15 05:32:51,989][root][INFO] - Epoch [2/5], Batch [79/300], Loss: 1.2832 (Overall: 0.8755, Change: 1.4396), TF Ratio: 0.924
[2026-06-15 05:32:57,556][root][INFO] - Epoch [2/5], Batch [80/300], Loss: 1.2826 (Overall: 0.8933, Change: 1.5761), TF Ratio: 0.924
[2026-06-15 05:33:00,741][root][INFO] - Epoch [2/5], Batch [81/300], Loss: 1.2824 (Overall: 0.8735, Change: 1.6510), TF Ratio: 0.924
[2026-06-15 05:33:00,891][root][INFO] - Epoch [2/5], Batch [82/300], Loss: 1.2835 (Overall: 1.1809, Change: 1.5747), TF Ratio: 0.924
[2026-06-15 05:33:01,042][root][INFO] - Epoch [2/5], Batch [83/300], Loss: 1.2841 (Overall: 0.9928, Change: 1.6697), TF Ratio: 0.923
[2026-06-15 05:33:01,193][root][INFO] - Epoch [2/5], Batch [84/300], Loss: 1.2851 (Overall: 1.1166, Change: 1.6096), TF Ratio: 0.923
[2026-06-15 05:33:03,917][root][INFO] - Epoch [2/5], Batch [85/300], Loss: 1.2825 (Overall: 0.8904, Change: 1.2411), TF Ratio: 0.923
[2026-06-15 05:33:04,068][root][INFO] - Epoch [2/5], Batch [86/300], Loss: 1.2835 (Overall: 0.7654, Change: 1.9717), TF Ratio: 0.923
[2026-06-15 05:33:04,218][root][INFO] - Epoch [2/5], Batch [87/300], Loss: 1.2841 (Overall: 1.1483, Change: 1.5278), TF Ratio: 0.923
[2026-06-15 05:33:08,008][root][INFO] - Epoch [2/5], Batch [88/300], Loss: 1.2819 (Overall: 0.7820, Change: 1.3998), TF Ratio: 0.922
[2026-06-15 05:33:10,550][root][INFO] - Epoch [2/5], Batch [89/300], Loss: 1.2796 (Overall: 0.9305, Change: 1.2153), TF Ratio: 0.922
[2026-06-15 05:33:10,701][root][INFO] - Epoch [2/5], Batch [90/300], Loss: 1.2779 (Overall: 0.9438, Change: 1.3105), TF Ratio: 0.922
[2026-06-15 05:33:11,904][root][INFO] - Epoch [2/5], Batch [91/300], Loss: 1.2752 (Overall: 0.7794, Change: 1.2919), TF Ratio: 0.922
[2026-06-15 05:33:12,055][root][INFO] - Epoch [2/5], Batch [92/300], Loss: 1.2725 (Overall: 0.7601, Change: 1.2926), TF Ratio: 0.922
[2026-06-15 05:33:15,955][root][INFO] - Epoch [2/5], Batch [93/300], Loss: 1.2730 (Overall: 0.9795, Change: 1.6624), TF Ratio: 0.921
[2026-06-15 05:33:16,106][root][INFO] - Epoch [2/5], Batch [94/300], Loss: 1.2711 (Overall: 0.7836, Change: 1.4004), TF Ratio: 0.921
[2026-06-15 05:33:16,256][root][INFO] - Epoch [2/5], Batch [95/300], Loss: 1.2704 (Overall: 0.8611, Change: 1.5554), TF Ratio: 0.921
[2026-06-15 05:33:18,092][root][INFO] - Epoch [2/5], Batch [96/300], Loss: 1.2712 (Overall: 1.0327, Change: 1.6469), TF Ratio: 0.921
[2026-06-15 05:33:24,475][root][INFO] - Epoch [2/5], Batch [97/300], Loss: 1.2697 (Overall: 0.9121, Change: 1.3567), TF Ratio: 0.921
[2026-06-15 05:33:24,626][root][INFO] - Epoch [2/5], Batch [98/300], Loss: 1.2679 (Overall: 0.9460, Change: 1.2254), TF Ratio: 0.920
[2026-06-15 05:33:24,777][root][INFO] - Epoch [2/5], Batch [99/300], Loss: 1.2681 (Overall: 1.0268, Change: 1.5459), TF Ratio: 0.920
[2026-06-15 05:33:24,928][root][INFO] - Epoch [2/5], Batch [100/300], Loss: 1.2698 (Overall: 1.0514, Change: 1.8320), TF Ratio: 0.920
[2026-06-15 05:33:26,691][root][INFO] - Epoch [2/5], Batch [101/300], Loss: 1.2705 (Overall: 0.8796, Change: 1.8124), TF Ratio: 0.920
[2026-06-15 05:33:26,841][root][INFO] - Epoch [2/5], Batch [102/300], Loss: 1.2709 (Overall: 0.8862, Change: 1.7177), TF Ratio: 0.920
[2026-06-15 05:33:26,991][root][INFO] - Epoch [2/5], Batch [103/300], Loss: 1.2697 (Overall: 0.9356, Change: 1.3708), TF Ratio: 0.919
[2026-06-15 05:33:28,305][root][INFO] - Epoch [2/5], Batch [104/300], Loss: 1.2681 (Overall: 0.9813, Change: 1.2292), TF Ratio: 0.919
[2026-06-15 05:33:34,236][root][INFO] - Epoch [2/5], Batch [105/300], Loss: 1.2674 (Overall: 0.9406, Change: 1.4371), TF Ratio: 0.919
[2026-06-15 05:33:34,387][root][INFO] - Epoch [2/5], Batch [106/300], Loss: 1.2660 (Overall: 0.7665, Change: 1.4760), TF Ratio: 0.919
[2026-06-15 05:33:34,537][root][INFO] - Epoch [2/5], Batch [107/300], Loss: 1.2680 (Overall: 1.2253, Change: 1.7281), TF Ratio: 0.919
[2026-06-15 05:33:34,688][root][INFO] - Epoch [2/5], Batch [108/300], Loss: 1.2685 (Overall: 0.9283, Change: 1.7142), TF Ratio: 0.918
[2026-06-15 05:33:37,810][root][INFO] - Epoch [2/5], Batch [109/300], Loss: 1.2683 (Overall: 0.9296, Change: 1.5629), TF Ratio: 0.918
[2026-06-15 05:33:37,961][root][INFO] - Epoch [2/5], Batch [110/300], Loss: 1.2691 (Overall: 0.9744, Change: 1.7437), TF Ratio: 0.918
[2026-06-15 05:33:38,117][root][INFO] - Epoch [2/5], Batch [111/300], Loss: 1.2703 (Overall: 1.2682, Change: 1.5414), TF Ratio: 0.918
[2026-06-15 05:33:38,268][root][INFO] - Epoch [2/5], Batch [112/300], Loss: 1.2700 (Overall: 0.9906, Change: 1.4872), TF Ratio: 0.918
[2026-06-15 05:33:45,816][root][INFO] - Epoch [2/5], Batch [113/300], Loss: 1.2707 (Overall: 1.2764, Change: 1.4153), TF Ratio: 0.917
[2026-06-15 05:33:45,966][root][INFO] - Epoch [2/5], Batch [114/300], Loss: 1.2699 (Overall: 0.8950, Change: 1.4572), TF Ratio: 0.917
[2026-06-15 05:33:46,117][root][INFO] - Epoch [2/5], Batch [115/300], Loss: 1.2686 (Overall: 0.8493, Change: 1.3877), TF Ratio: 0.917
[2026-06-15 05:33:46,269][root][INFO] - Epoch [2/5], Batch [116/300], Loss: 1.2699 (Overall: 1.2257, Change: 1.6238), TF Ratio: 0.917
[2026-06-15 05:33:52,368][root][INFO] - Epoch [2/5], Batch [117/300], Loss: 1.2688 (Overall: 0.8512, Change: 1.4349), TF Ratio: 0.917
[2026-06-15 05:33:52,518][root][INFO] - Epoch [2/5], Batch [118/300], Loss: 1.2672 (Overall: 0.9131, Change: 1.2332), TF Ratio: 0.916
[2026-06-15 05:33:52,669][root][INFO] - Epoch [2/5], Batch [119/300], Loss: 1.2667 (Overall: 0.7226, Change: 1.7003), TF Ratio: 0.916
[2026-06-15 05:33:52,821][root][INFO] - Epoch [2/5], Batch [120/300], Loss: 1.2649 (Overall: 1.0269, Change: 1.0880), TF Ratio: 0.916
[2026-06-15 05:33:56,761][root][INFO] - Epoch [2/5], Batch [121/300], Loss: 1.2638 (Overall: 0.9339, Change: 1.3271), TF Ratio: 0.916
[2026-06-15 05:33:56,911][root][INFO] - Epoch [2/5], Batch [122/300], Loss: 1.2662 (Overall: 1.4224, Change: 1.6779), TF Ratio: 0.916
[2026-06-15 05:33:57,062][root][INFO] - Epoch [2/5], Batch [123/300], Loss: 1.2647 (Overall: 0.9871, Change: 1.1761), TF Ratio: 0.915
[2026-06-15 05:33:57,213][root][INFO] - Epoch [2/5], Batch [124/300], Loss: 1.2648 (Overall: 1.1210, Change: 1.4434), TF Ratio: 0.915
[2026-06-15 05:34:04,033][root][INFO] - Epoch [2/5], Batch [125/300], Loss: 1.2652 (Overall: 1.0475, Change: 1.5753), TF Ratio: 0.915
[2026-06-15 05:34:04,183][root][INFO] - Epoch [2/5], Batch [126/300], Loss: 1.2650 (Overall: 1.0478, Change: 1.4264), TF Ratio: 0.915
[2026-06-15 05:34:04,334][root][INFO] - Epoch [2/5], Batch [127/300], Loss: 1.2641 (Overall: 0.9306, Change: 1.3810), TF Ratio: 0.915
[2026-06-15 05:34:04,485][root][INFO] - Epoch [2/5], Batch [128/300], Loss: 1.2628 (Overall: 0.8494, Change: 1.3514), TF Ratio: 0.914
[2026-06-15 05:34:07,435][root][INFO] - Epoch [2/5], Batch [129/300], Loss: 1.2653 (Overall: 1.1748, Change: 1.9943), TF Ratio: 0.914
[2026-06-15 05:34:07,586][root][INFO] - Epoch [2/5], Batch [130/300], Loss: 1.2641 (Overall: 0.8984, Change: 1.3090), TF Ratio: 0.914
[2026-06-15 05:34:07,736][root][INFO] - Epoch [2/5], Batch [131/300], Loss: 1.2641 (Overall: 0.8833, Change: 1.6422), TF Ratio: 0.914
[2026-06-15 05:34:07,887][root][INFO] - Epoch [2/5], Batch [132/300], Loss: 1.2637 (Overall: 1.0125, Change: 1.4143), TF Ratio: 0.914
[2026-06-15 05:34:15,128][root][INFO] - Epoch [2/5], Batch [133/300], Loss: 1.2631 (Overall: 0.7692, Change: 1.6003), TF Ratio: 0.913
[2026-06-15 05:34:15,278][root][INFO] - Epoch [2/5], Batch [134/300], Loss: 1.2631 (Overall: 0.7428, Change: 1.7735), TF Ratio: 0.913
[2026-06-15 05:34:15,429][root][INFO] - Epoch [2/5], Batch [135/300], Loss: 1.2627 (Overall: 0.7865, Change: 1.6340), TF Ratio: 0.913
[2026-06-15 05:34:15,580][root][INFO] - Epoch [2/5], Batch [136/300], Loss: 1.2618 (Overall: 0.8297, Change: 1.4692), TF Ratio: 0.913
[2026-06-15 05:34:17,706][root][INFO] - Epoch [2/5], Batch [137/300], Loss: 1.2619 (Overall: 0.8524, Change: 1.6764), TF Ratio: 0.913
[2026-06-15 05:34:17,859][root][INFO] - Epoch [2/5], Batch [138/300], Loss: 1.2609 (Overall: 0.8390, Change: 1.4255), TF Ratio: 0.912
[2026-06-15 05:34:18,010][root][INFO] - Epoch [2/5], Batch [139/300], Loss: 1.2600 (Overall: 0.8535, Change: 1.4120), TF Ratio: 0.912
[2026-06-15 05:34:18,172][root][INFO] - Epoch [2/5], Batch [140/300], Loss: 1.2608 (Overall: 1.1583, Change: 1.5859), TF Ratio: 0.912
[2026-06-15 05:34:26,458][root][INFO] - Epoch [2/5], Batch [141/300], Loss: 1.2607 (Overall: 1.1163, Change: 1.3836), TF Ratio: 0.912
[2026-06-15 05:34:26,609][root][INFO] - Epoch [2/5], Batch [142/300], Loss: 1.2613 (Overall: 0.8718, Change: 1.8257), TF Ratio: 0.912
[2026-06-15 05:34:26,760][root][INFO] - Epoch [2/5], Batch [143/300], Loss: 1.2609 (Overall: 0.9100, Change: 1.5021), TF Ratio: 0.911
[2026-06-15 05:34:26,912][root][INFO] - Epoch [2/5], Batch [144/300], Loss: 1.2602 (Overall: 0.8370, Change: 1.4574), TF Ratio: 0.911
[2026-06-15 05:34:27,951][root][INFO] - Epoch [2/5], Batch [145/300], Loss: 1.2589 (Overall: 0.9093, Change: 1.2466), TF Ratio: 0.911
[2026-06-15 05:34:28,101][root][INFO] - Epoch [2/5], Batch [146/300], Loss: 1.2590 (Overall: 1.0269, Change: 1.5277), TF Ratio: 0.911
[2026-06-15 05:34:28,252][root][INFO] - Epoch [2/5], Batch [147/300], Loss: 1.2576 (Overall: 0.7639, Change: 1.3392), TF Ratio: 0.911
[2026-06-15 05:34:28,403][root][INFO] - Epoch [2/5], Batch [148/300], Loss: 1.2577 (Overall: 1.1402, Change: 1.3984), TF Ratio: 0.910
[2026-06-15 05:34:37,025][root][INFO] - Epoch [2/5], Batch [149/300], Loss: 1.2604 (Overall: 1.6741, Change: 1.6411), TF Ratio: 0.910
[2026-06-15 05:34:37,176][root][INFO] - Epoch [2/5], Batch [150/300], Loss: 1.2589 (Overall: 0.8985, Change: 1.1813), TF Ratio: 0.910
[2026-06-15 05:34:37,326][root][INFO] - Epoch [2/5], Batch [151/300], Loss: 1.2604 (Overall: 1.1487, Change: 1.8229), TF Ratio: 0.910
[2026-06-15 05:34:37,478][root][INFO] - Epoch [2/5], Batch [152/300], Loss: 1.2605 (Overall: 0.9033, Change: 1.6587), TF Ratio: 0.910
[2026-06-15 05:34:37,902][root][INFO] - Epoch [2/5], Batch [153/300], Loss: 1.2599 (Overall: 0.7446, Change: 1.5663), TF Ratio: 0.909
[2026-06-15 05:34:38,053][root][INFO] - Epoch [2/5], Batch [154/300], Loss: 1.2583 (Overall: 0.9158, Change: 1.1287), TF Ratio: 0.909
[2026-06-15 05:34:38,203][root][INFO] - Epoch [2/5], Batch [155/300], Loss: 1.2572 (Overall: 0.8556, Change: 1.3103), TF Ratio: 0.909
[2026-06-15 05:34:38,355][root][INFO] - Epoch [2/5], Batch [156/300], Loss: 1.2562 (Overall: 0.9653, Change: 1.2535), TF Ratio: 0.909
[2026-06-15 05:34:47,972][root][INFO] - Epoch [2/5], Batch [157/300], Loss: 1.2560 (Overall: 0.9942, Change: 1.4381), TF Ratio: 0.909
[2026-06-15 05:34:48,122][root][INFO] - Epoch [2/5], Batch [158/300], Loss: 1.2555 (Overall: 1.0432, Change: 1.3144), TF Ratio: 0.908
[2026-06-15 05:34:48,272][root][INFO] - Epoch [2/5], Batch [159/300], Loss: 1.2558 (Overall: 1.1988, Change: 1.4035), TF Ratio: 0.908
[2026-06-15 05:34:48,424][root][INFO] - Epoch [2/5], Batch [160/300], Loss: 1.2557 (Overall: 1.0222, Change: 1.4662), TF Ratio: 0.908
[2026-06-15 05:34:49,063][root][INFO] - Epoch [2/5], Batch [161/300], Loss: 1.2554 (Overall: 1.0767, Change: 1.3357), TF Ratio: 0.908
[2026-06-15 05:34:49,214][root][INFO] - Epoch [2/5], Batch [162/300], Loss: 1.2550 (Overall: 0.9112, Change: 1.4848), TF Ratio: 0.908
[2026-06-15 05:34:49,364][root][INFO] - Epoch [2/5], Batch [163/300], Loss: 1.2554 (Overall: 0.9418, Change: 1.6914), TF Ratio: 0.907
[2026-06-15 05:34:49,516][root][INFO] - Epoch [2/5], Batch [164/300], Loss: 1.2544 (Overall: 0.8068, Change: 1.3731), TF Ratio: 0.907
[2026-06-15 05:35:01,311][root][INFO] - Epoch [2/5], Batch [165/300], Loss: 1.2528 (Overall: 0.8759, Change: 1.1092), TF Ratio: 0.907
[2026-06-15 05:35:01,462][root][INFO] - Epoch [2/5], Batch [166/300], Loss: 1.2527 (Overall: 0.9951, Change: 1.4662), TF Ratio: 0.907
[2026-06-15 05:35:01,613][root][INFO] - Epoch [2/5], Batch [167/300], Loss: 1.2516 (Overall: 0.7579, Change: 1.3890), TF Ratio: 0.907
[2026-06-15 05:35:01,765][root][INFO] - Epoch [2/5], Batch [168/300], Loss: 1.2517 (Overall: 1.0751, Change: 1.4598), TF Ratio: 0.906
[2026-06-15 05:35:01,915][root][INFO] - Epoch [2/5], Batch [169/300], Loss: 1.2528 (Overall: 1.2133, Change: 1.6688), TF Ratio: 0.906
[2026-06-15 05:35:02,066][root][INFO] - Epoch [2/5], Batch [170/300], Loss: 1.2519 (Overall: 0.7184, Change: 1.4765), TF Ratio: 0.906
[2026-06-15 05:35:02,216][root][INFO] - Epoch [2/5], Batch [171/300], Loss: 1.2522 (Overall: 1.1040, Change: 1.5073), TF Ratio: 0.906
[2026-06-15 05:35:02,367][root][INFO] - Epoch [2/5], Batch [172/300], Loss: 1.2526 (Overall: 0.9668, Change: 1.6728), TF Ratio: 0.906
[2026-06-15 05:35:11,209][root][INFO] - Epoch [2/5], Batch [173/300], Loss: 1.2533 (Overall: 1.1659, Change: 1.5615), TF Ratio: 0.905
[2026-06-15 05:35:11,359][root][INFO] - Epoch [2/5], Batch [174/300], Loss: 1.2533 (Overall: 1.1090, Change: 1.4194), TF Ratio: 0.905
[2026-06-15 05:35:11,509][root][INFO] - Epoch [2/5], Batch [175/300], Loss: 1.2548 (Overall: 1.4102, Change: 1.6265), TF Ratio: 0.905
[2026-06-15 05:35:11,660][root][INFO] - Epoch [2/5], Batch [176/300], Loss: 1.2549 (Overall: 0.9320, Change: 1.5979), TF Ratio: 0.905
[2026-06-15 05:35:11,810][root][INFO] - Epoch [2/5], Batch [177/300], Loss: 1.2542 (Overall: 0.9426, Change: 1.3045), TF Ratio: 0.905
[2026-06-15 05:35:11,961][root][INFO] - Epoch [2/5], Batch [178/300], Loss: 1.2546 (Overall: 1.0110, Change: 1.6494), TF Ratio: 0.904
[2026-06-15 05:35:12,111][root][INFO] - Epoch [2/5], Batch [179/300], Loss: 1.2549 (Overall: 0.8437, Change: 1.7735), TF Ratio: 0.904
[2026-06-15 05:35:12,263][root][INFO] - Epoch [2/5], Batch [180/300], Loss: 1.2531 (Overall: 0.7638, Change: 1.1015), TF Ratio: 0.904
[2026-06-15 05:35:21,470][root][INFO] - Epoch [2/5], Batch [181/300], Loss: 1.2530 (Overall: 0.9090, Change: 1.5446), TF Ratio: 0.904
[2026-06-15 05:35:21,620][root][INFO] - Epoch [2/5], Batch [182/300], Loss: 1.2548 (Overall: 1.6323, Change: 1.5599), TF Ratio: 0.904
[2026-06-15 05:35:21,770][root][INFO] - Epoch [2/5], Batch [183/300], Loss: 1.2542 (Overall: 0.8946, Change: 1.3782), TF Ratio: 0.903
[2026-06-15 05:35:21,921][root][INFO] - Epoch [2/5], Batch [184/300], Loss: 1.2540 (Overall: 0.8790, Change: 1.5489), TF Ratio: 0.903
[2026-06-15 05:35:22,071][root][INFO] - Epoch [2/5], Batch [185/300], Loss: 1.2532 (Overall: 0.7476, Change: 1.4810), TF Ratio: 0.903
[2026-06-15 05:35:22,222][root][INFO] - Epoch [2/5], Batch [186/300], Loss: 1.2522 (Overall: 0.8972, Change: 1.2476), TF Ratio: 0.903
[2026-06-15 05:35:22,374][root][INFO] - Epoch [2/5], Batch [187/300], Loss: 1.2519 (Overall: 0.8739, Change: 1.5008), TF Ratio: 0.903
[2026-06-15 05:35:22,525][root][INFO] - Epoch [2/5], Batch [188/300], Loss: 1.2520 (Overall: 0.8548, Change: 1.6786), TF Ratio: 0.902
[2026-06-15 05:35:32,711][root][INFO] - Epoch [2/5], Batch [189/300], Loss: 1.2515 (Overall: 1.0085, Change: 1.3001), TF Ratio: 0.902
[2026-06-15 05:35:32,861][root][INFO] - Epoch [2/5], Batch [190/300], Loss: 1.2513 (Overall: 0.9141, Change: 1.5115), TF Ratio: 0.902
[2026-06-15 05:35:33,013][root][INFO] - Epoch [2/5], Batch [191/300], Loss: 1.2542 (Overall: 1.0170, Change: 2.5910), TF Ratio: 0.902
[2026-06-15 05:35:33,165][root][INFO] - Epoch [2/5], Batch [192/300], Loss: 1.2542 (Overall: 0.9915, Change: 1.5500), TF Ratio: 0.902
[2026-06-15 05:35:33,315][root][INFO] - Epoch [2/5], Batch [193/300], Loss: 1.2538 (Overall: 0.8613, Change: 1.4936), TF Ratio: 0.901
[2026-06-15 05:35:33,467][root][INFO] - Epoch [2/5], Batch [194/300], Loss: 1.2547 (Overall: 1.1886, Change: 1.6414), TF Ratio: 0.901
[2026-06-15 05:35:33,619][root][INFO] - Epoch [2/5], Batch [195/300], Loss: 1.2551 (Overall: 0.9003, Change: 1.7840), TF Ratio: 0.901
[2026-06-15 05:35:33,772][root][INFO] - Epoch [2/5], Batch [196/300], Loss: 1.2550 (Overall: 0.9222, Change: 1.5495), TF Ratio: 0.901
[2026-06-15 05:35:46,352][root][INFO] - Epoch [2/5], Batch [197/300], Loss: 1.2551 (Overall: 0.9711, Change: 1.5787), TF Ratio: 0.901
[2026-06-15 05:35:46,504][root][INFO] - Epoch [2/5], Batch [198/300], Loss: 1.2544 (Overall: 0.6731, Change: 1.5430), TF Ratio: 0.900
[2026-06-15 05:35:46,656][root][INFO] - Epoch [2/5], Batch [199/300], Loss: 1.2545 (Overall: 1.0917, Change: 1.4710), TF Ratio: 0.900
[2026-06-15 05:35:46,808][root][INFO] - Epoch [2/5], Batch [200/300], Loss: 1.2559 (Overall: 1.1675, Change: 1.8941), TF Ratio: 0.900
[2026-06-15 05:35:46,959][root][INFO] - Epoch [2/5], Batch [201/300], Loss: 1.2567 (Overall: 1.4258, Change: 1.4113), TF Ratio: 0.900
[2026-06-15 05:35:47,110][root][INFO] - Epoch [2/5], Batch [202/300], Loss: 1.2562 (Overall: 0.9571, Change: 1.3587), TF Ratio: 0.900
[2026-06-15 05:35:47,261][root][INFO] - Epoch [2/5], Batch [203/300], Loss: 1.2557 (Overall: 0.8402, Change: 1.4773), TF Ratio: 0.899
[2026-06-15 05:35:47,414][root][INFO] - Epoch [2/5], Batch [204/300], Loss: 1.2549 (Overall: 0.7920, Change: 1.3968), TF Ratio: 0.899
[2026-06-15 05:35:55,651][root][INFO] - Epoch [2/5], Batch [205/300], Loss: 1.2541 (Overall: 0.7544, Change: 1.4255), TF Ratio: 0.899
[2026-06-15 05:35:55,802][root][INFO] - Epoch [2/5], Batch [206/300], Loss: 1.2540 (Overall: 0.8446, Change: 1.6035), TF Ratio: 0.899
[2026-06-15 05:35:55,953][root][INFO] - Epoch [2/5], Batch [207/300], Loss: 1.2536 (Overall: 0.9388, Change: 1.4223), TF Ratio: 0.899
[2026-06-15 05:35:56,108][root][INFO] - Epoch [2/5], Batch [208/300], Loss: 1.2540 (Overall: 1.0977, Change: 1.5716), TF Ratio: 0.898
[2026-06-15 05:35:56,259][root][INFO] - Epoch [2/5], Batch [209/300], Loss: 1.2532 (Overall: 0.6917, Change: 1.4731), TF Ratio: 0.898
[2026-06-15 05:35:56,410][root][INFO] - Epoch [2/5], Batch [210/300], Loss: 1.2536 (Overall: 1.2224, Change: 1.4655), TF Ratio: 0.898
[2026-06-15 05:35:56,563][root][INFO] - Epoch [2/5], Batch [211/300], Loss: 1.2520 (Overall: 0.7609, Change: 1.0714), TF Ratio: 0.898
[2026-06-15 05:35:56,715][root][INFO] - Epoch [2/5], Batch [212/300], Loss: 1.2522 (Overall: 1.2249, Change: 1.3617), TF Ratio: 0.898
[2026-06-15 05:36:07,041][root][INFO] - Epoch [2/5], Batch [213/300], Loss: 1.2523 (Overall: 1.0752, Change: 1.4429), TF Ratio: 0.897
[2026-06-15 05:36:07,195][root][INFO] - Epoch [2/5], Batch [214/300], Loss: 1.2516 (Overall: 0.7207, Change: 1.4859), TF Ratio: 0.897
[2026-06-15 05:36:07,346][root][INFO] - Epoch [2/5], Batch [215/300], Loss: 1.2514 (Overall: 0.9327, Change: 1.5092), TF Ratio: 0.897
[2026-06-15 05:36:07,498][root][INFO] - Epoch [2/5], Batch [216/300], Loss: 1.2508 (Overall: 0.9166, Change: 1.3301), TF Ratio: 0.897
[2026-06-15 05:36:07,650][root][INFO] - Epoch [2/5], Batch [217/300], Loss: 1.2498 (Overall: 0.7894, Change: 1.2772), TF Ratio: 0.897
[2026-06-15 05:36:07,801][root][INFO] - Epoch [2/5], Batch [218/300], Loss: 1.2479 (Overall: 0.6177, Change: 1.0486), TF Ratio: 0.896
[2026-06-15 05:36:07,953][root][INFO] - Epoch [2/5], Batch [219/300], Loss: 1.2486 (Overall: 0.9612, Change: 1.8145), TF Ratio: 0.896
[2026-06-15 05:36:08,105][root][INFO] - Epoch [2/5], Batch [220/300], Loss: 1.2472 (Overall: 0.8192, Change: 1.0954), TF Ratio: 0.896
[2026-06-15 05:36:18,361][root][INFO] - Epoch [2/5], Batch [221/300], Loss: 1.2473 (Overall: 1.0385, Change: 1.4762), TF Ratio: 0.896
[2026-06-15 05:36:18,512][root][INFO] - Epoch [2/5], Batch [222/300], Loss: 1.2470 (Overall: 0.8884, Change: 1.4640), TF Ratio: 0.896
[2026-06-15 05:36:18,663][root][INFO] - Epoch [2/5], Batch [223/300], Loss: 1.2463 (Overall: 0.8067, Change: 1.4106), TF Ratio: 0.895
[2026-06-15 05:36:18,815][root][INFO] - Epoch [2/5], Batch [224/300], Loss: 1.2461 (Overall: 0.9099, Change: 1.4625), TF Ratio: 0.895
[2026-06-15 05:36:18,973][root][INFO] - Epoch [2/5], Batch [225/300], Loss: 1.2450 (Overall: 0.6473, Change: 1.3446), TF Ratio: 0.895
[2026-06-15 05:36:19,124][root][INFO] - Epoch [2/5], Batch [226/300], Loss: 1.2439 (Overall: 0.7056, Change: 1.3116), TF Ratio: 0.895
[2026-06-15 05:36:19,276][root][INFO] - Epoch [2/5], Batch [227/300], Loss: 1.2430 (Overall: 0.9643, Change: 1.1105), TF Ratio: 0.895
[2026-06-15 05:36:19,428][root][INFO] - Epoch [2/5], Batch [228/300], Loss: 1.2432 (Overall: 0.8726, Change: 1.6994), TF Ratio: 0.894
[2026-06-15 05:36:29,168][root][INFO] - Epoch [2/5], Batch [229/300], Loss: 1.2439 (Overall: 1.0928, Change: 1.7272), TF Ratio: 0.894
[2026-06-15 05:36:29,318][root][INFO] - Epoch [2/5], Batch [230/300], Loss: 1.2448 (Overall: 1.2456, Change: 1.6574), TF Ratio: 0.894
[2026-06-15 05:36:29,468][root][INFO] - Epoch [2/5], Batch [231/300], Loss: 1.2442 (Overall: 0.9645, Change: 1.2246), TF Ratio: 0.894
[2026-06-15 05:36:29,620][root][INFO] - Epoch [2/5], Batch [232/300], Loss: 1.2437 (Overall: 0.8187, Change: 1.4605), TF Ratio: 0.894
[2026-06-15 05:36:29,770][root][INFO] - Epoch [2/5], Batch [233/300], Loss: 1.2444 (Overall: 0.9205, Change: 1.8765), TF Ratio: 0.893
[2026-06-15 05:36:29,921][root][INFO] - Epoch [2/5], Batch [234/300], Loss: 1.2446 (Overall: 0.9608, Change: 1.6256), TF Ratio: 0.893
[2026-06-15 05:36:30,072][root][INFO] - Epoch [2/5], Batch [235/300], Loss: 1.2444 (Overall: 0.9517, Change: 1.4591), TF Ratio: 0.893
[2026-06-15 05:36:30,224][root][INFO] - Epoch [2/5], Batch [236/300], Loss: 1.2429 (Overall: 0.6575, Change: 1.1094), TF Ratio: 0.893
[2026-06-15 05:36:38,815][root][INFO] - Epoch [2/5], Batch [237/300], Loss: 1.2456 (Overall: 1.1013, Change: 2.6591), TF Ratio: 0.893
[2026-06-15 05:36:38,966][root][INFO] - Epoch [2/5], Batch [238/300], Loss: 1.2461 (Overall: 0.9739, Change: 1.7410), TF Ratio: 0.892
[2026-06-15 05:36:39,117][root][INFO] - Epoch [2/5], Batch [239/300], Loss: 1.2458 (Overall: 0.7187, Change: 1.6525), TF Ratio: 0.892
[2026-06-15 05:36:39,269][root][INFO] - Epoch [2/5], Batch [240/300], Loss: 1.2459 (Overall: 0.9654, Change: 1.5800), TF Ratio: 0.892
[2026-06-15 05:36:39,420][root][INFO] - Epoch [2/5], Batch [241/300], Loss: 1.2453 (Overall: 1.1102, Change: 1.0585), TF Ratio: 0.892
[2026-06-15 05:36:39,572][root][INFO] - Epoch [2/5], Batch [242/300], Loss: 1.2441 (Overall: 0.7270, Change: 1.2253), TF Ratio: 0.892
[2026-06-15 05:36:39,723][root][INFO] - Epoch [2/5], Batch [243/300], Loss: 1.2435 (Overall: 0.8440, Change: 1.3536), TF Ratio: 0.891
[2026-06-15 05:36:39,875][root][INFO] - Epoch [2/5], Batch [244/300], Loss: 1.2443 (Overall: 1.1577, Change: 1.6864), TF Ratio: 0.891
[2026-06-15 05:36:50,302][root][INFO] - Epoch [2/5], Batch [245/300], Loss: 1.2445 (Overall: 0.9053, Change: 1.6961), TF Ratio: 0.891
[2026-06-15 05:36:50,453][root][INFO] - Epoch [2/5], Batch [246/300], Loss: 1.2433 (Overall: 0.7965, Change: 1.1164), TF Ratio: 0.891
[2026-06-15 05:36:50,604][root][INFO] - Epoch [2/5], Batch [247/300], Loss: 1.2427 (Overall: 0.7726, Change: 1.4239), TF Ratio: 0.891
[2026-06-15 05:36:50,755][root][INFO] - Epoch [2/5], Batch [248/300], Loss: 1.2448 (Overall: 1.7370, Change: 1.7786), TF Ratio: 0.890
[2026-06-15 05:36:50,906][root][INFO] - Epoch [2/5], Batch [249/300], Loss: 1.2446 (Overall: 0.9663, Change: 1.4166), TF Ratio: 0.890
[2026-06-15 05:36:51,056][root][INFO] - Epoch [2/5], Batch [250/300], Loss: 1.2443 (Overall: 0.9128, Change: 1.4225), TF Ratio: 0.890
[2026-06-15 05:36:51,207][root][INFO] - Epoch [2/5], Batch [251/300], Loss: 1.2449 (Overall: 0.9534, Change: 1.8522), TF Ratio: 0.890
[2026-06-15 05:36:51,360][root][INFO] - Epoch [2/5], Batch [252/300], Loss: 1.2448 (Overall: 0.8788, Change: 1.5694), TF Ratio: 0.890
[2026-06-15 05:37:03,909][root][INFO] - Epoch [2/5], Batch [253/300], Loss: 1.2443 (Overall: 0.7841, Change: 1.4071), TF Ratio: 0.889
[2026-06-15 05:37:04,061][root][INFO] - Epoch [2/5], Batch [254/300], Loss: 1.2438 (Overall: 0.9041, Change: 1.3710), TF Ratio: 0.889
[2026-06-15 05:37:04,211][root][INFO] - Epoch [2/5], Batch [255/300], Loss: 1.2444 (Overall: 1.0831, Change: 1.7032), TF Ratio: 0.889
[2026-06-15 05:37:04,364][root][INFO] - Epoch [2/5], Batch [256/300], Loss: 1.2439 (Overall: 0.8140, Change: 1.4304), TF Ratio: 0.889
[2026-06-15 05:37:04,515][root][INFO] - Epoch [2/5], Batch [257/300], Loss: 1.2430 (Overall: 0.7461, Change: 1.2649), TF Ratio: 0.889
[2026-06-15 05:37:04,666][root][INFO] - Epoch [2/5], Batch [258/300], Loss: 1.2425 (Overall: 0.7159, Change: 1.5172), TF Ratio: 0.888
[2026-06-15 05:37:04,818][root][INFO] - Epoch [2/5], Batch [259/300], Loss: 1.2419 (Overall: 0.9588, Change: 1.1824), TF Ratio: 0.888
[2026-06-15 05:37:04,970][root][INFO] - Epoch [2/5], Batch [260/300], Loss: 1.2413 (Overall: 0.9927, Change: 1.2104), TF Ratio: 0.888
[2026-06-15 05:37:14,242][root][INFO] - Epoch [2/5], Batch [261/300], Loss: 1.2410 (Overall: 0.7905, Change: 1.5417), TF Ratio: 0.888
[2026-06-15 05:37:14,393][root][INFO] - Epoch [2/5], Batch [262/300], Loss: 1.2409 (Overall: 0.8414, Change: 1.5533), TF Ratio: 0.888
[2026-06-15 05:37:14,544][root][INFO] - Epoch [2/5], Batch [263/300], Loss: 1.2411 (Overall: 1.0020, Change: 1.6156), TF Ratio: 0.887
[2026-06-15 05:37:14,696][root][INFO] - Epoch [2/5], Batch [264/300], Loss: 1.2401 (Overall: 0.7489, Change: 1.1708), TF Ratio: 0.887
[2026-06-15 05:37:14,846][root][INFO] - Epoch [2/5], Batch [265/300], Loss: 1.2399 (Overall: 0.7734, Change: 1.6249), TF Ratio: 0.887
[2026-06-15 05:37:14,997][root][INFO] - Epoch [2/5], Batch [266/300], Loss: 1.2393 (Overall: 0.7710, Change: 1.3604), TF Ratio: 0.887
[2026-06-15 05:37:15,147][root][INFO] - Epoch [2/5], Batch [267/300], Loss: 1.2394 (Overall: 1.0676, Change: 1.4857), TF Ratio: 0.887
[2026-06-15 05:37:15,299][root][INFO] - Epoch [2/5], Batch [268/300], Loss: 1.2385 (Overall: 0.7477, Change: 1.2281), TF Ratio: 0.886
[2026-06-15 05:37:24,325][root][INFO] - Epoch [2/5], Batch [269/300], Loss: 1.2381 (Overall: 0.8290, Change: 1.4515), TF Ratio: 0.886
[2026-06-15 05:37:24,475][root][INFO] - Epoch [2/5], Batch [270/300], Loss: 1.2375 (Overall: 0.7756, Change: 1.3953), TF Ratio: 0.886
[2026-06-15 05:37:24,626][root][INFO] - Epoch [2/5], Batch [271/300], Loss: 1.2367 (Overall: 0.7755, Change: 1.2525), TF Ratio: 0.886
[2026-06-15 05:37:24,777][root][INFO] - Epoch [2/5], Batch [272/300], Loss: 1.2364 (Overall: 0.9589, Change: 1.3243), TF Ratio: 0.886
[2026-06-15 05:37:24,936][root][INFO] - Epoch [2/5], Batch [273/300], Loss: 1.2350 (Overall: 0.6391, Change: 1.0895), TF Ratio: 0.885
[2026-06-15 05:37:25,087][root][INFO] - Epoch [2/5], Batch [274/300], Loss: 1.2352 (Overall: 1.1893, Change: 1.3848), TF Ratio: 0.885
[2026-06-15 05:37:25,237][root][INFO] - Epoch [2/5], Batch [275/300], Loss: 1.2357 (Overall: 1.2117, Change: 1.5315), TF Ratio: 0.885
[2026-06-15 05:37:25,389][root][INFO] - Epoch [2/5], Batch [276/300], Loss: 1.2354 (Overall: 0.8592, Change: 1.4783), TF Ratio: 0.885
[2026-06-15 05:37:34,074][root][INFO] - Epoch [2/5], Batch [277/300], Loss: 1.2343 (Overall: 0.8299, Change: 1.0115), TF Ratio: 0.885
[2026-06-15 05:37:34,225][root][INFO] - Epoch [2/5], Batch [278/300], Loss: 1.2344 (Overall: 1.1661, Change: 1.3408), TF Ratio: 0.884
[2026-06-15 05:37:34,376][root][INFO] - Epoch [2/5], Batch [279/300], Loss: 1.2343 (Overall: 0.8430, Change: 1.5956), TF Ratio: 0.884
[2026-06-15 05:37:34,527][root][INFO] - Epoch [2/5], Batch [280/300], Loss: 1.2361 (Overall: 1.8076, Change: 1.6667), TF Ratio: 0.884
[2026-06-15 05:37:34,677][root][INFO] - Epoch [2/5], Batch [281/300], Loss: 1.2355 (Overall: 0.8002, Change: 1.3318), TF Ratio: 0.884
[2026-06-15 05:37:34,828][root][INFO] - Epoch [2/5], Batch [282/300], Loss: 1.2352 (Overall: 1.0382, Change: 1.2499), TF Ratio: 0.884
[2026-06-15 05:37:34,978][root][INFO] - Epoch [2/5], Batch [283/300], Loss: 1.2344 (Overall: 0.8636, Change: 1.1784), TF Ratio: 0.883
[2026-06-15 05:37:35,130][root][INFO] - Epoch [2/5], Batch [284/300], Loss: 1.2350 (Overall: 1.2432, Change: 1.5326), TF Ratio: 0.883
[2026-06-15 05:37:44,106][root][INFO] - Epoch [2/5], Batch [285/300], Loss: 1.2345 (Overall: 0.7921, Change: 1.4034), TF Ratio: 0.883
[2026-06-15 05:37:44,256][root][INFO] - Epoch [2/5], Batch [286/300], Loss: 1.2349 (Overall: 0.9601, Change: 1.7218), TF Ratio: 0.883
[2026-06-15 05:37:44,407][root][INFO] - Epoch [2/5], Batch [287/300], Loss: 1.2355 (Overall: 0.7979, Change: 2.0510), TF Ratio: 0.883
[2026-06-15 05:37:44,558][root][INFO] - Epoch [2/5], Batch [288/300], Loss: 1.2359 (Overall: 0.8288, Change: 1.8551), TF Ratio: 0.882
[2026-06-15 05:37:44,709][root][INFO] - Epoch [2/5], Batch [289/300], Loss: 1.2355 (Overall: 1.0277, Change: 1.2254), TF Ratio: 0.882
[2026-06-15 05:37:44,861][root][INFO] - Epoch [2/5], Batch [290/300], Loss: 1.2349 (Overall: 0.9049, Change: 1.2278), TF Ratio: 0.882
[2026-06-15 05:37:45,012][root][INFO] - Epoch [2/5], Batch [291/300], Loss: 1.2341 (Overall: 0.7253, Change: 1.2966), TF Ratio: 0.882
[2026-06-15 05:37:45,165][root][INFO] - Epoch [2/5], Batch [292/300], Loss: 1.2336 (Overall: 0.7635, Change: 1.4004), TF Ratio: 0.882
[2026-06-15 05:37:53,791][root][INFO] - Epoch [2/5], Batch [293/300], Loss: 1.2339 (Overall: 1.2090, Change: 1.4248), TF Ratio: 0.881
[2026-06-15 05:37:53,943][root][INFO] - Epoch [2/5], Batch [294/300], Loss: 1.2332 (Overall: 0.7554, Change: 1.2664), TF Ratio: 0.881
[2026-06-15 05:37:54,093][root][INFO] - Epoch [2/5], Batch [295/300], Loss: 1.2330 (Overall: 0.9751, Change: 1.3940), TF Ratio: 0.881
[2026-06-15 05:37:54,245][root][INFO] - Epoch [2/5], Batch [296/300], Loss: 1.2317 (Overall: 0.7219, Change: 0.9967), TF Ratio: 0.881
[2026-06-15 05:37:54,395][root][INFO] - Epoch [2/5], Batch [297/300], Loss: 1.2323 (Overall: 1.1660, Change: 1.6136), TF Ratio: 0.881
[2026-06-15 05:37:54,546][root][INFO] - Epoch [2/5], Batch [298/300], Loss: 1.2317 (Overall: 0.7601, Change: 1.3868), TF Ratio: 0.880
[2026-06-15 05:37:54,696][root][INFO] - Epoch [2/5], Batch [299/300], Loss: 1.2326 (Overall: 1.1943, Change: 1.8206), TF Ratio: 0.880
[2026-06-15 05:37:54,847][root][INFO] - Epoch [2/5], Batch [300/300], Loss: 1.2326 (Overall: 0.7695, Change: 1.6517), TF Ratio: 0.880
[2026-06-15 05:38:04,263][root][INFO] - Epoch 2 done. Validating...
[2026-06-15 05:38:36,713][root][INFO] - Epoch [2/5] | Train: 1.2326 | Val: 0.5930
[2026-06-15 05:38:36,909][root][INFO] - Checkpoint saved: /gpfs/scratch/bsc32/bsc096444/ai4land-tfm/trained_models/unet_impl/41799699/best_model.pth
[2026-06-15 05:38:37,121][root][INFO] - Checkpoint saved: /gpfs/scratch/bsc32/bsc096444/ai4land-tfm/trained_models/unet_impl/41799699/model_epoch_2.pth
[2026-06-15 05:38:51,091][root][INFO] - Epoch [3/5], Batch [1/300], Loss: 1.1028 (Overall: 0.8015, Change: 1.4041), TF Ratio: 0.880
[2026-06-15 05:38:51,242][root][INFO] - Epoch [3/5], Batch [2/300], Loss: 1.1194 (Overall: 0.9036, Change: 1.3683), TF Ratio: 0.880
[2026-06-15 05:38:51,393][root][INFO] - Epoch [3/5], Batch [3/300], Loss: 1.1608 (Overall: 0.7373, Change: 1.7501), TF Ratio: 0.879
[2026-06-15 05:38:51,544][root][INFO] - Epoch [3/5], Batch [4/300], Loss: 1.1393 (Overall: 0.7374, Change: 1.4118), TF Ratio: 0.879
[2026-06-15 05:38:51,694][root][INFO] - Epoch [3/5], Batch [5/300], Loss: 1.1483 (Overall: 0.8994, Change: 1.4697), TF Ratio: 0.879
[2026-06-15 05:38:51,845][root][INFO] - Epoch [3/5], Batch [6/300], Loss: 1.1673 (Overall: 1.0211, Change: 1.5030), TF Ratio: 0.879
[2026-06-15 05:38:51,996][root][INFO] - Epoch [3/5], Batch [7/300], Loss: 1.1667 (Overall: 0.9083, Change: 1.4183), TF Ratio: 0.879
[2026-06-15 05:38:58,893][root][INFO] - Epoch [3/5], Batch [8/300], Loss: 1.1792 (Overall: 1.0795, Change: 1.4538), TF Ratio: 0.878
[2026-06-15 05:39:01,284][root][INFO] - Epoch [3/5], Batch [9/300], Loss: 1.2188 (Overall: 0.7496, Change: 2.3213), TF Ratio: 0.878
[2026-06-15 05:39:01,434][root][INFO] - Epoch [3/5], Batch [10/300], Loss: 1.2403 (Overall: 1.0995, Change: 1.7684), TF Ratio: 0.878
[2026-06-15 05:39:01,585][root][INFO] - Epoch [3/5], Batch [11/300], Loss: 1.2325 (Overall: 1.2950, Change: 1.0143), TF Ratio: 0.878
[2026-06-15 05:39:01,736][root][INFO] - Epoch [3/5], Batch [12/300], Loss: 1.2235 (Overall: 0.8519, Change: 1.3959), TF Ratio: 0.878
[2026-06-15 05:39:01,886][root][INFO] - Epoch [3/5], Batch [13/300], Loss: 1.2150 (Overall: 0.7696, Change: 1.4564), TF Ratio: 0.877
[2026-06-15 05:39:02,037][root][INFO] - Epoch [3/5], Batch [14/300], Loss: 1.2024 (Overall: 0.7824, Change: 1.2952), TF Ratio: 0.877
[2026-06-15 05:39:02,187][root][INFO] - Epoch [3/5], Batch [15/300], Loss: 1.2010 (Overall: 0.8944, Change: 1.4684), TF Ratio: 0.877
[2026-06-15 05:39:08,907][root][INFO] - Epoch [3/5], Batch [16/300], Loss: 1.2078 (Overall: 1.0917, Change: 1.5286), TF Ratio: 0.877
[2026-06-15 05:39:11,365][root][INFO] - Epoch [3/5], Batch [17/300], Loss: 1.2064 (Overall: 0.8200, Change: 1.5467), TF Ratio: 0.877
[2026-06-15 05:39:11,516][root][INFO] - Epoch [3/5], Batch [18/300], Loss: 1.1983 (Overall: 0.7850, Change: 1.3368), TF Ratio: 0.876
[2026-06-15 05:39:12,478][root][INFO] - Epoch [3/5], Batch [19/300], Loss: 1.2018 (Overall: 0.7713, Change: 1.7570), TF Ratio: 0.876
[2026-06-15 05:39:14,059][root][INFO] - Epoch [3/5], Batch [20/300], Loss: 1.2023 (Overall: 1.0072, Change: 1.4192), TF Ratio: 0.876
[2026-06-15 05:39:14,209][root][INFO] - Epoch [3/5], Batch [21/300], Loss: 1.1956 (Overall: 0.8801, Change: 1.2423), TF Ratio: 0.876
[2026-06-15 05:39:14,359][root][INFO] - Epoch [3/5], Batch [22/300], Loss: 1.1930 (Overall: 0.9197, Change: 1.3567), TF Ratio: 0.876
[2026-06-15 05:39:14,510][root][INFO] - Epoch [3/5], Batch [23/300], Loss: 1.1930 (Overall: 0.8461, Change: 1.5403), TF Ratio: 0.875
[2026-06-15 05:39:19,395][root][INFO] - Epoch [3/5], Batch [24/300], Loss: 1.1904 (Overall: 0.7617, Change: 1.4996), TF Ratio: 0.875
[2026-06-15 05:39:22,018][root][INFO] - Epoch [3/5], Batch [25/300], Loss: 1.1871 (Overall: 0.9161, Change: 1.2977), TF Ratio: 0.875
[2026-06-15 05:39:22,170][root][INFO] - Epoch [3/5], Batch [26/300], Loss: 1.1855 (Overall: 0.6904, Change: 1.6049), TF Ratio: 0.875
[2026-06-15 05:39:24,259][root][INFO] - Epoch [3/5], Batch [27/300], Loss: 1.1929 (Overall: 1.2981, Change: 1.4685), TF Ratio: 0.875
[2026-06-15 05:39:25,164][root][INFO] - Epoch [3/5], Batch [28/300], Loss: 1.2021 (Overall: 1.1738, Change: 1.7271), TF Ratio: 0.874
[2026-06-15 05:39:25,315][root][INFO] - Epoch [3/5], Batch [29/300], Loss: 1.1962 (Overall: 0.5733, Change: 1.4881), TF Ratio: 0.874
[2026-06-15 05:39:25,466][root][INFO] - Epoch [3/5], Batch [30/300], Loss: 1.1932 (Overall: 0.6508, Change: 1.5624), TF Ratio: 0.874
[2026-06-15 05:39:25,616][root][INFO] - Epoch [3/5], Batch [31/300], Loss: 1.1960 (Overall: 0.8107, Change: 1.7487), TF Ratio: 0.874
[2026-06-15 05:39:30,110][root][INFO] - Epoch [3/5], Batch [32/300], Loss: 1.2007 (Overall: 1.0794, Change: 1.6132), TF Ratio: 0.874
[2026-06-15 05:39:31,478][root][INFO] - Epoch [3/5], Batch [33/300], Loss: 1.1980 (Overall: 0.8391, Change: 1.3844), TF Ratio: 0.873
[2026-06-15 05:39:31,629][root][INFO] - Epoch [3/5], Batch [34/300], Loss: 1.1906 (Overall: 0.7561, Change: 1.1392), TF Ratio: 0.873
[2026-06-15 05:39:34,148][root][INFO] - Epoch [3/5], Batch [35/300], Loss: 1.1914 (Overall: 0.8805, Change: 1.5562), TF Ratio: 0.873
[2026-06-15 05:39:35,643][root][INFO] - Epoch [3/5], Batch [36/300], Loss: 1.1912 (Overall: 0.6017, Change: 1.7654), TF Ratio: 0.873
[2026-06-15 05:39:35,794][root][INFO] - Epoch [3/5], Batch [37/300], Loss: 1.1847 (Overall: 0.6539, Change: 1.2512), TF Ratio: 0.873
[2026-06-15 05:39:35,946][root][INFO] - Epoch [3/5], Batch [38/300], Loss: 1.1870 (Overall: 0.8240, Change: 1.7184), TF Ratio: 0.872
[2026-06-15 05:39:36,098][root][INFO] - Epoch [3/5], Batch [39/300], Loss: 1.1928 (Overall: 1.0600, Change: 1.7649), TF Ratio: 0.872
[2026-06-15 05:39:40,116][root][INFO] - Epoch [3/5], Batch [40/300], Loss: 1.1924 (Overall: 0.8729, Change: 1.4776), TF Ratio: 0.872
[2026-06-15 05:39:41,717][root][INFO] - Epoch [3/5], Batch [41/300], Loss: 1.1951 (Overall: 1.0585, Change: 1.5509), TF Ratio: 0.872
[2026-06-15 05:39:41,868][root][INFO] - Epoch [3/5], Batch [42/300], Loss: 1.1988 (Overall: 1.1560, Change: 1.5466), TF Ratio: 0.872
[2026-06-15 05:39:44,884][root][INFO] - Epoch [3/5], Batch [43/300], Loss: 1.1983 (Overall: 0.9002, Change: 1.4553), TF Ratio: 0.871
[2026-06-15 05:39:45,366][root][INFO] - Epoch [3/5], Batch [44/300], Loss: 1.1988 (Overall: 0.9380, Change: 1.4989), TF Ratio: 0.871
[2026-06-15 05:39:45,518][root][INFO] - Epoch [3/5], Batch [45/300], Loss: 1.1975 (Overall: 0.9941, Change: 1.2862), TF Ratio: 0.871
[2026-06-15 05:39:47,618][root][INFO] - Epoch [3/5], Batch [46/300], Loss: 1.2010 (Overall: 0.7266, Change: 1.9935), TF Ratio: 0.871
[2026-06-15 05:39:47,768][root][INFO] - Epoch [3/5], Batch [47/300], Loss: 1.1971 (Overall: 0.7522, Change: 1.2826), TF Ratio: 0.871
[2026-06-15 05:39:53,832][root][INFO] - Epoch [3/5], Batch [48/300], Loss: 1.1899 (Overall: 0.6726, Change: 1.0310), TF Ratio: 0.870
[2026-06-15 05:39:53,981][root][INFO] - Epoch [3/5], Batch [49/300], Loss: 1.1997 (Overall: 1.1478, Change: 2.1957), TF Ratio: 0.870
[2026-06-15 05:39:54,132][root][INFO] - Epoch [3/5], Batch [50/300], Loss: 1.2045 (Overall: 1.2894, Change: 1.5822), TF Ratio: 0.870
[2026-06-15 05:39:55,918][root][INFO] - Epoch [3/5], Batch [51/300], Loss: 1.2039 (Overall: 0.8563, Change: 1.4918), TF Ratio: 0.870
[2026-06-15 05:39:58,886][root][INFO] - Epoch [3/5], Batch [52/300], Loss: 1.1992 (Overall: 0.6986, Change: 1.2259), TF Ratio: 0.870
[2026-06-15 05:39:59,037][root][INFO] - Epoch [3/5], Batch [53/300], Loss: 1.2016 (Overall: 0.8945, Change: 1.7533), TF Ratio: 0.869
[2026-06-15 05:39:59,188][root][INFO] - Epoch [3/5], Batch [54/300], Loss: 1.2047 (Overall: 0.8324, Change: 1.9067), TF Ratio: 0.869
[2026-06-15 05:39:59,339][root][INFO] - Epoch [3/5], Batch [55/300], Loss: 1.2013 (Overall: 0.9228, Change: 1.1091), TF Ratio: 0.869
[2026-06-15 05:40:04,628][root][INFO] - Epoch [3/5], Batch [56/300], Loss: 1.1997 (Overall: 0.8010, Change: 1.4271), TF Ratio: 0.869
[2026-06-15 05:40:04,779][root][INFO] - Epoch [3/5], Batch [57/300], Loss: 1.1977 (Overall: 0.6979, Change: 1.4765), TF Ratio: 0.869
[2026-06-15 05:40:04,929][root][INFO] - Epoch [3/5], Batch [58/300], Loss: 1.1971 (Overall: 0.7793, Change: 1.5460), TF Ratio: 0.868
[2026-06-15 05:40:07,337][root][INFO] - Epoch [3/5], Batch [59/300], Loss: 1.1934 (Overall: 0.9658, Change: 0.9866), TF Ratio: 0.868
[2026-06-15 05:40:09,953][root][INFO] - Epoch [3/5], Batch [60/300], Loss: 1.1886 (Overall: 0.6270, Change: 1.1857), TF Ratio: 0.868
[2026-06-15 05:40:10,103][root][INFO] - Epoch [3/5], Batch [61/300], Loss: 1.1883 (Overall: 0.8812, Change: 1.4585), TF Ratio: 0.868
[2026-06-15 05:40:10,575][root][INFO] - Epoch [3/5], Batch [62/300], Loss: 1.1870 (Overall: 0.7887, Change: 1.4245), TF Ratio: 0.868
[2026-06-15 05:40:10,725][root][INFO] - Epoch [3/5], Batch [63/300], Loss: 1.1873 (Overall: 0.9596, Change: 1.4620), TF Ratio: 0.867
[2026-06-15 05:40:14,334][root][INFO] - Epoch [3/5], Batch [64/300], Loss: 1.1942 (Overall: 0.9026, Change: 2.3494), TF Ratio: 0.867
[2026-06-15 05:40:14,484][root][INFO] - Epoch [3/5], Batch [65/300], Loss: 1.1888 (Overall: 0.5389, Change: 1.1490), TF Ratio: 0.867
[2026-06-15 05:40:14,635][root][INFO] - Epoch [3/5], Batch [66/300], Loss: 1.1899 (Overall: 0.9778, Change: 1.5500), TF Ratio: 0.867
[2026-06-15 05:40:17,138][root][INFO] - Epoch [3/5], Batch [67/300], Loss: 1.1887 (Overall: 0.8483, Change: 1.3693), TF Ratio: 0.867
[2026-06-15 05:40:19,524][root][INFO] - Epoch [3/5], Batch [68/300], Loss: 1.1898 (Overall: 0.9852, Change: 1.5361), TF Ratio: 0.866
[2026-06-15 05:40:19,674][root][INFO] - Epoch [3/5], Batch [69/300], Loss: 1.1865 (Overall: 0.6917, Change: 1.2306), TF Ratio: 0.866
[2026-06-15 05:40:21,368][root][INFO] - Epoch [3/5], Batch [70/300], Loss: 1.1901 (Overall: 1.2336, Change: 1.6447), TF Ratio: 0.866
[2026-06-15 05:40:21,520][root][INFO] - Epoch [3/5], Batch [71/300], Loss: 1.1885 (Overall: 0.6832, Change: 1.4689), TF Ratio: 0.866
[2026-06-15 05:40:24,159][root][INFO] - Epoch [3/5], Batch [72/300], Loss: 1.1943 (Overall: 1.4849, Change: 1.7254), TF Ratio: 0.866
[2026-06-15 05:40:24,308][root][INFO] - Epoch [3/5], Batch [73/300], Loss: 1.1949 (Overall: 1.1040, Change: 1.3835), TF Ratio: 0.865
[2026-06-15 05:40:24,459][root][INFO] - Epoch [3/5], Batch [74/300], Loss: 1.1940 (Overall: 0.7342, Change: 1.5154), TF Ratio: 0.865
[2026-06-15 05:40:26,686][root][INFO] - Epoch [3/5], Batch [75/300], Loss: 1.1967 (Overall: 1.2966, Change: 1.5009), TF Ratio: 0.865
[2026-06-15 05:40:29,809][root][INFO] - Epoch [3/5], Batch [76/300], Loss: 1.1960 (Overall: 0.7914, Change: 1.4890), TF Ratio: 0.865
[2026-06-15 05:40:29,961][root][INFO] - Epoch [3/5], Batch [77/300], Loss: 1.1941 (Overall: 0.6958, Change: 1.4098), TF Ratio: 0.865
[2026-06-15 05:40:33,528][root][INFO] - Epoch [3/5], Batch [78/300], Loss: 1.1962 (Overall: 1.1541, Change: 1.5563), TF Ratio: 0.864
[2026-06-15 05:40:33,679][root][INFO] - Epoch [3/5], Batch [79/300], Loss: 1.1948 (Overall: 0.8000, Change: 1.3717), TF Ratio: 0.864
[2026-06-15 05:40:33,965][root][INFO] - Epoch [3/5], Batch [80/300], Loss: 1.1954 (Overall: 1.0116, Change: 1.4803), TF Ratio: 0.864
[2026-06-15 05:40:34,115][root][INFO] - Epoch [3/5], Batch [81/300], Loss: 1.2002 (Overall: 0.9327, Change: 2.2317), TF Ratio: 0.864
[2026-06-15 05:40:34,265][root][INFO] - Epoch [3/5], Batch [82/300], Loss: 1.1980 (Overall: 0.7344, Change: 1.3032), TF Ratio: 0.864
[2026-06-15 05:40:36,926][root][INFO] - Epoch [3/5], Batch [83/300], Loss: 1.1979 (Overall: 0.7952, Change: 1.5832), TF Ratio: 0.863
[2026-06-15 05:40:39,780][root][INFO] - Epoch [3/5], Batch [84/300], Loss: 1.1977 (Overall: 0.7983, Change: 1.5735), TF Ratio: 0.863
[2026-06-15 05:40:39,931][root][INFO] - Epoch [3/5], Batch [85/300], Loss: 1.1979 (Overall: 0.7031, Change: 1.7255), TF Ratio: 0.863
[2026-06-15 05:40:44,223][root][INFO] - Epoch [3/5], Batch [86/300], Loss: 1.1992 (Overall: 1.0698, Change: 1.5393), TF Ratio: 0.863
[2026-06-15 05:40:44,373][root][INFO] - Epoch [3/5], Batch [87/300], Loss: 1.1997 (Overall: 0.8145, Change: 1.6774), TF Ratio: 0.863
[2026-06-15 05:40:44,525][root][INFO] - Epoch [3/5], Batch [88/300], Loss: 1.2002 (Overall: 0.9966, Change: 1.4817), TF Ratio: 0.862
[2026-06-15 05:40:44,677][root][INFO] - Epoch [3/5], Batch [89/300], Loss: 1.1975 (Overall: 0.8172, Change: 1.1023), TF Ratio: 0.862
[2026-06-15 05:40:44,827][root][INFO] - Epoch [3/5], Batch [90/300], Loss: 1.1978 (Overall: 0.8225, Change: 1.6343), TF Ratio: 0.862
[2026-06-15 05:40:47,409][root][INFO] - Epoch [3/5], Batch [91/300], Loss: 1.1994 (Overall: 1.0636, Change: 1.6205), TF Ratio: 0.862
[2026-06-15 05:40:52,020][root][INFO] - Epoch [3/5], Batch [92/300], Loss: 1.1997 (Overall: 0.8712, Change: 1.5745), TF Ratio: 0.862
[2026-06-15 05:40:52,170][root][INFO] - Epoch [3/5], Batch [93/300], Loss: 1.2002 (Overall: 0.9657, Change: 1.5393), TF Ratio: 0.861
[2026-06-15 05:40:56,241][root][INFO] - Epoch [3/5], Batch [94/300], Loss: 1.1981 (Overall: 0.6371, Change: 1.3570), TF Ratio: 0.861
[2026-06-15 05:40:56,391][root][INFO] - Epoch [3/5], Batch [95/300], Loss: 1.1972 (Overall: 0.8463, Change: 1.3898), TF Ratio: 0.861
[2026-06-15 05:40:56,543][root][INFO] - Epoch [3/5], Batch [96/300], Loss: 1.1969 (Overall: 0.7210, Change: 1.6081), TF Ratio: 0.861
[2026-06-15 05:40:56,694][root][INFO] - Epoch [3/5], Batch [97/300], Loss: 1.1959 (Overall: 0.6937, Change: 1.5025), TF Ratio: 0.861
[2026-06-15 05:40:56,845][root][INFO] - Epoch [3/5], Batch [98/300], Loss: 1.1958 (Overall: 0.9429, Change: 1.4371), TF Ratio: 0.860
[2026-06-15 05:40:59,310][root][INFO] - Epoch [3/5], Batch [99/300], Loss: 1.1967 (Overall: 1.0534, Change: 1.5249), TF Ratio: 0.860
[2026-06-15 05:41:05,776][root][INFO] - Epoch [3/5], Batch [100/300], Loss: 1.1969 (Overall: 1.0501, Change: 1.3827), TF Ratio: 0.860
[2026-06-15 05:41:05,926][root][INFO] - Epoch [3/5], Batch [101/300], Loss: 1.1968 (Overall: 0.8335, Change: 1.5399), TF Ratio: 0.860
[2026-06-15 05:41:06,293][root][INFO] - Epoch [3/5], Batch [102/300], Loss: 1.1964 (Overall: 0.6756, Change: 1.6329), TF Ratio: 0.860
[2026-06-15 05:41:06,444][root][INFO] - Epoch [3/5], Batch [103/300], Loss: 1.1972 (Overall: 1.0058, Change: 1.5509), TF Ratio: 0.859
[2026-06-15 05:41:09,133][root][INFO] - Epoch [3/5], Batch [104/300], Loss: 1.2023 (Overall: 1.5011, Change: 1.9451), TF Ratio: 0.859
[2026-06-15 05:41:09,283][root][INFO] - Epoch [3/5], Batch [105/300], Loss: 1.2024 (Overall: 0.7904, Change: 1.6371), TF Ratio: 0.859
[2026-06-15 05:41:09,434][root][INFO] - Epoch [3/5], Batch [106/300], Loss: 1.2001 (Overall: 0.8122, Change: 1.1102), TF Ratio: 0.859
[2026-06-15 05:41:09,584][root][INFO] - Epoch [3/5], Batch [107/300], Loss: 1.2000 (Overall: 0.7448, Change: 1.6301), TF Ratio: 0.859
[2026-06-15 05:41:16,164][root][INFO] - Epoch [3/5], Batch [108/300], Loss: 1.1997 (Overall: 1.0156, Change: 1.3315), TF Ratio: 0.858
[2026-06-15 05:41:16,315][root][INFO] - Epoch [3/5], Batch [109/300], Loss: 1.1995 (Overall: 1.0283, Change: 1.3278), TF Ratio: 0.858
[2026-06-15 05:41:17,307][root][INFO] - Epoch [3/5], Batch [110/300], Loss: 1.1999 (Overall: 0.9167, Change: 1.5647), TF Ratio: 0.858
[2026-06-15 05:41:17,458][root][INFO] - Epoch [3/5], Batch [111/300], Loss: 1.1996 (Overall: 0.5364, Change: 1.8012), TF Ratio: 0.858
[2026-06-15 05:41:18,750][root][INFO] - Epoch [3/5], Batch [112/300], Loss: 1.2042 (Overall: 0.7887, Change: 2.6369), TF Ratio: 0.858
[2026-06-15 05:41:18,901][root][INFO] - Epoch [3/5], Batch [113/300], Loss: 1.2023 (Overall: 0.6385, Change: 1.3404), TF Ratio: 0.857
[2026-06-15 05:41:19,056][root][INFO] - Epoch [3/5], Batch [114/300], Loss: 1.2019 (Overall: 0.7693, Change: 1.5338), TF Ratio: 0.857
[2026-06-15 05:41:19,207][root][INFO] - Epoch [3/5], Batch [115/300], Loss: 1.2040 (Overall: 0.9301, Change: 1.9626), TF Ratio: 0.857
[2026-06-15 05:41:26,117][root][INFO] - Epoch [3/5], Batch [116/300], Loss: 1.2045 (Overall: 0.6062, Change: 1.9097), TF Ratio: 0.857
[2026-06-15 05:41:26,267][root][INFO] - Epoch [3/5], Batch [117/300], Loss: 1.2035 (Overall: 0.8530, Change: 1.3270), TF Ratio: 0.857
[2026-06-15 05:41:27,836][root][INFO] - Epoch [3/5], Batch [118/300], Loss: 1.2032 (Overall: 1.0042, Change: 1.3339), TF Ratio: 0.856
[2026-06-15 05:41:27,987][root][INFO] - Epoch [3/5], Batch [119/300], Loss: 1.2000 (Overall: 0.6832, Change: 0.9679), TF Ratio: 0.856
[2026-06-15 05:41:28,335][root][INFO] - Epoch [3/5], Batch [120/300], Loss: 1.2005 (Overall: 0.9688, Change: 1.5466), TF Ratio: 0.856
[2026-06-15 05:41:28,485][root][INFO] - Epoch [3/5], Batch [121/300], Loss: 1.2022 (Overall: 0.8328, Change: 1.9846), TF Ratio: 0.856
[2026-06-15 05:41:28,636][root][INFO] - Epoch [3/5], Batch [122/300], Loss: 1.2017 (Overall: 0.7989, Change: 1.4674), TF Ratio: 0.856
[2026-06-15 05:41:29,984][root][INFO] - Epoch [3/5], Batch [123/300], Loss: 1.2011 (Overall: 0.8510, Change: 1.4182), TF Ratio: 0.855
[2026-06-15 05:41:37,408][root][INFO] - Epoch [3/5], Batch [124/300], Loss: 1.2018 (Overall: 0.9707, Change: 1.5970), TF Ratio: 0.855
[2026-06-15 05:41:37,558][root][INFO] - Epoch [3/5], Batch [125/300], Loss: 1.2020 (Overall: 1.1948, Change: 1.2636), TF Ratio: 0.855
[2026-06-15 05:41:38,244][root][INFO] - Epoch [3/5], Batch [126/300], Loss: 1.2013 (Overall: 0.7202, Change: 1.5108), TF Ratio: 0.855
[2026-06-15 05:41:38,394][root][INFO] - Epoch [3/5], Batch [127/300], Loss: 1.2003 (Overall: 0.7914, Change: 1.3461), TF Ratio: 0.855
[2026-06-15 05:41:38,760][root][INFO] - Epoch [3/5], Batch [128/300], Loss: 1.1999 (Overall: 0.5535, Change: 1.7616), TF Ratio: 0.854
[2026-06-15 05:41:38,910][root][INFO] - Epoch [3/5], Batch [129/300], Loss: 1.2001 (Overall: 0.7429, Change: 1.7115), TF Ratio: 0.854
[2026-06-15 05:41:39,061][root][INFO] - Epoch [3/5], Batch [130/300], Loss: 1.2006 (Overall: 1.0074, Change: 1.5159), TF Ratio: 0.854
[2026-06-15 05:41:40,129][root][INFO] - Epoch [3/5], Batch [131/300], Loss: 1.1995 (Overall: 0.6926, Change: 1.4262), TF Ratio: 0.854
[2026-06-15 05:41:47,822][root][INFO] - Epoch [3/5], Batch [132/300], Loss: 1.1989 (Overall: 0.8398, Change: 1.3924), TF Ratio: 0.854
[2026-06-15 05:41:47,972][root][INFO] - Epoch [3/5], Batch [133/300], Loss: 1.1987 (Overall: 0.8011, Change: 1.5459), TF Ratio: 0.853
[2026-06-15 05:41:52,077][root][INFO] - Epoch [3/5], Batch [134/300], Loss: 1.1981 (Overall: 0.6317, Change: 1.6105), TF Ratio: 0.853
[2026-06-15 05:41:52,227][root][INFO] - Epoch [3/5], Batch [135/300], Loss: 1.1986 (Overall: 1.2923, Change: 1.2379), TF Ratio: 0.853
[2026-06-15 05:41:52,379][root][INFO] - Epoch [3/5], Batch [136/300], Loss: 1.1968 (Overall: 0.5460, Change: 1.3535), TF Ratio: 0.853
[2026-06-15 05:41:52,529][root][INFO] - Epoch [3/5], Batch [137/300], Loss: 1.1969 (Overall: 0.6838, Change: 1.7448), TF Ratio: 0.853
[2026-06-15 05:41:52,680][root][INFO] - Epoch [3/5], Batch [138/300], Loss: 1.1974 (Overall: 1.0115, Change: 1.5039), TF Ratio: 0.852
[2026-06-15 05:41:52,831][root][INFO] - Epoch [3/5], Batch [139/300], Loss: 1.1973 (Overall: 0.9282, Change: 1.4541), TF Ratio: 0.852
[2026-06-15 05:41:58,883][root][INFO] - Epoch [3/5], Batch [140/300], Loss: 1.1981 (Overall: 1.0055, Change: 1.6043), TF Ratio: 0.852
[2026-06-15 05:41:59,034][root][INFO] - Epoch [3/5], Batch [141/300], Loss: 1.1986 (Overall: 1.1811, Change: 1.3481), TF Ratio: 0.852
[2026-06-15 05:42:02,255][root][INFO] - Epoch [3/5], Batch [142/300], Loss: 1.1986 (Overall: 1.1791, Change: 1.2323), TF Ratio: 0.852
[2026-06-15 05:42:02,406][root][INFO] - Epoch [3/5], Batch [143/300], Loss: 1.1987 (Overall: 0.9076, Change: 1.5040), TF Ratio: 0.851
[2026-06-15 05:42:02,557][root][INFO] - Epoch [3/5], Batch [144/300], Loss: 1.2008 (Overall: 1.2992, Change: 1.7034), TF Ratio: 0.851
[2026-06-15 05:42:02,708][root][INFO] - Epoch [3/5], Batch [145/300], Loss: 1.2005 (Overall: 0.7257, Change: 1.5955), TF Ratio: 0.851
[2026-06-15 05:42:02,858][root][INFO] - Epoch [3/5], Batch [146/300], Loss: 1.1994 (Overall: 0.6720, Change: 1.3970), TF Ratio: 0.851
[2026-06-15 05:42:03,009][root][INFO] - Epoch [3/5], Batch [147/300], Loss: 1.1981 (Overall: 0.6401, Change: 1.3923), TF Ratio: 0.851
[2026-06-15 05:42:08,872][root][INFO] - Epoch [3/5], Batch [148/300], Loss: 1.1977 (Overall: 0.9960, Change: 1.2935), TF Ratio: 0.850
[2026-06-15 05:42:09,023][root][INFO] - Epoch [3/5], Batch [149/300], Loss: 1.1987 (Overall: 1.1318, Change: 1.5342), TF Ratio: 0.850
[2026-06-15 05:42:13,803][root][INFO] - Epoch [3/5], Batch [150/300], Loss: 1.1986 (Overall: 0.8396, Change: 1.5270), TF Ratio: 0.850
[2026-06-15 05:42:13,953][root][INFO] - Epoch [3/5], Batch [151/300], Loss: 1.1997 (Overall: 1.2899, Change: 1.4549), TF Ratio: 0.850
[2026-06-15 05:42:14,104][root][INFO] - Epoch [3/5], Batch [152/300], Loss: 1.1992 (Overall: 0.6810, Change: 1.5757), TF Ratio: 0.850
[2026-06-15 05:42:14,254][root][INFO] - Epoch [3/5], Batch [153/300], Loss: 1.1975 (Overall: 0.7019, Change: 1.1613), TF Ratio: 0.849
[2026-06-15 05:42:14,404][root][INFO] - Epoch [3/5], Batch [154/300], Loss: 1.1964 (Overall: 0.8394, Change: 1.2167), TF Ratio: 0.849
[2026-06-15 05:42:14,554][root][INFO] - Epoch [3/5], Batch [155/300], Loss: 1.1982 (Overall: 1.3176, Change: 1.6469), TF Ratio: 0.849
[2026-06-15 05:42:19,480][root][INFO] - Epoch [3/5], Batch [156/300], Loss: 1.1976 (Overall: 1.1413, Change: 1.0695), TF Ratio: 0.849
[2026-06-15 05:42:19,630][root][INFO] - Epoch [3/5], Batch [157/300], Loss: 1.1963 (Overall: 0.8680, Change: 1.1018), TF Ratio: 0.849
[2026-06-15 05:42:24,775][root][INFO] - Epoch [3/5], Batch [158/300], Loss: 1.1959 (Overall: 0.9956, Change: 1.2791), TF Ratio: 0.848
[2026-06-15 05:42:24,926][root][INFO] - Epoch [3/5], Batch [159/300], Loss: 1.1975 (Overall: 1.0969, Change: 1.8146), TF Ratio: 0.848
[2026-06-15 05:42:25,077][root][INFO] - Epoch [3/5], Batch [160/300], Loss: 1.1967 (Overall: 0.7553, Change: 1.3679), TF Ratio: 0.848
[2026-06-15 05:42:25,227][root][INFO] - Epoch [3/5], Batch [161/300], Loss: 1.1986 (Overall: 1.4886, Change: 1.5135), TF Ratio: 0.848
[2026-06-15 05:42:25,377][root][INFO] - Epoch [3/5], Batch [162/300], Loss: 1.1980 (Overall: 0.9478, Change: 1.2547), TF Ratio: 0.848
[2026-06-15 05:42:25,528][root][INFO] - Epoch [3/5], Batch [163/300], Loss: 1.1994 (Overall: 1.1469, Change: 1.7204), TF Ratio: 0.847
[2026-06-15 05:42:31,069][root][INFO] - Epoch [3/5], Batch [164/300], Loss: 1.2006 (Overall: 0.7525, Change: 2.0453), TF Ratio: 0.847
[2026-06-15 05:42:31,219][root][INFO] - Epoch [3/5], Batch [165/300], Loss: 1.2003 (Overall: 0.7996, Change: 1.4854), TF Ratio: 0.847
[2026-06-15 05:42:35,590][root][INFO] - Epoch [3/5], Batch [166/300], Loss: 1.1986 (Overall: 0.6043, Change: 1.2492), TF Ratio: 0.847
[2026-06-15 05:42:35,740][root][INFO] - Epoch [3/5], Batch [167/300], Loss: 1.1978 (Overall: 0.5962, Change: 1.5316), TF Ratio: 0.847
[2026-06-15 05:42:35,892][root][INFO] - Epoch [3/5], Batch [168/300], Loss: 1.1970 (Overall: 0.9819, Change: 1.1173), TF Ratio: 0.846
[2026-06-15 05:42:36,042][root][INFO] - Epoch [3/5], Batch [169/300], Loss: 1.1969 (Overall: 0.9878, Change: 1.4042), TF Ratio: 0.846
[2026-06-15 05:42:36,193][root][INFO] - Epoch [3/5], Batch [170/300], Loss: 1.1974 (Overall: 0.9241, Change: 1.6401), TF Ratio: 0.846
[2026-06-15 05:42:36,380][root][INFO] - Epoch [3/5], Batch [171/300], Loss: 1.1969 (Overall: 0.6939, Change: 1.5076), TF Ratio: 0.846
[2026-06-15 05:42:40,950][root][INFO] - Epoch [3/5], Batch [172/300], Loss: 1.1984 (Overall: 0.8836, Change: 2.0374), TF Ratio: 0.846
[2026-06-15 05:42:41,101][root][INFO] - Epoch [3/5], Batch [173/300], Loss: 1.1966 (Overall: 0.6592, Change: 1.1139), TF Ratio: 0.845
[2026-06-15 05:42:45,291][root][INFO] - Epoch [3/5], Batch [174/300], Loss: 1.1964 (Overall: 0.5770, Change: 1.7526), TF Ratio: 0.845
[2026-06-15 05:42:45,442][root][INFO] - Epoch [3/5], Batch [175/300], Loss: 1.1965 (Overall: 0.8513, Change: 1.5613), TF Ratio: 0.845
[2026-06-15 05:42:45,593][root][INFO] - Epoch [3/5], Batch [176/300], Loss: 1.1962 (Overall: 0.8294, Change: 1.4647), TF Ratio: 0.845
[2026-06-15 05:42:45,743][root][INFO] - Epoch [3/5], Batch [177/300], Loss: 1.1973 (Overall: 1.1505, Change: 1.6448), TF Ratio: 0.845
[2026-06-15 05:42:45,894][root][INFO] - Epoch [3/5], Batch [178/300], Loss: 1.1987 (Overall: 1.3975, Change: 1.4764), TF Ratio: 0.844
[2026-06-15 05:42:46,044][root][INFO] - Epoch [3/5], Batch [179/300], Loss: 1.1983 (Overall: 0.9869, Change: 1.2878), TF Ratio: 0.844
[2026-06-15 05:42:50,934][root][INFO] - Epoch [3/5], Batch [180/300], Loss: 1.1980 (Overall: 0.8154, Change: 1.4409), TF Ratio: 0.844
[2026-06-15 05:42:51,085][root][INFO] - Epoch [3/5], Batch [181/300], Loss: 1.1974 (Overall: 0.7065, Change: 1.4983), TF Ratio: 0.844
[2026-06-15 05:42:57,397][root][INFO] - Epoch [3/5], Batch [182/300], Loss: 1.1988 (Overall: 1.1818, Change: 1.7100), TF Ratio: 0.844
[2026-06-15 05:42:57,547][root][INFO] - Epoch [3/5], Batch [183/300], Loss: 1.1985 (Overall: 0.8081, Change: 1.4671), TF Ratio: 0.843
[2026-06-15 05:42:57,699][root][INFO] - Epoch [3/5], Batch [184/300], Loss: 1.1958 (Overall: 0.6656, Change: 0.7493), TF Ratio: 0.843
[2026-06-15 05:42:57,849][root][INFO] - Epoch [3/5], Batch [185/300], Loss: 1.1958 (Overall: 1.0545, Change: 1.3488), TF Ratio: 0.843
[2026-06-15 05:42:57,999][root][INFO] - Epoch [3/5], Batch [186/300], Loss: 1.1980 (Overall: 1.6513, Change: 1.5522), TF Ratio: 0.843
[2026-06-15 05:42:58,150][root][INFO] - Epoch [3/5], Batch [187/300], Loss: 1.1965 (Overall: 0.7868, Change: 1.0564), TF Ratio: 0.843
[2026-06-15 05:43:01,059][root][INFO] - Epoch [3/5], Batch [188/300], Loss: 1.1966 (Overall: 1.1239, Change: 1.3009), TF Ratio: 0.842
[2026-06-15 05:43:01,209][root][INFO] - Epoch [3/5], Batch [189/300], Loss: 1.1972 (Overall: 0.8588, Change: 1.7677), TF Ratio: 0.842
[2026-06-15 05:43:07,108][root][INFO] - Epoch [3/5], Batch [190/300], Loss: 1.1972 (Overall: 0.8498, Change: 1.5263), TF Ratio: 0.842
[2026-06-15 05:43:07,259][root][INFO] - Epoch [3/5], Batch [191/300], Loss: 1.1962 (Overall: 0.6314, Change: 1.3876), TF Ratio: 0.842
[2026-06-15 05:43:07,410][root][INFO] - Epoch [3/5], Batch [192/300], Loss: 1.1966 (Overall: 1.0430, Change: 1.5099), TF Ratio: 0.842
[2026-06-15 05:43:07,560][root][INFO] - Epoch [3/5], Batch [193/300], Loss: 1.1957 (Overall: 0.8156, Change: 1.2066), TF Ratio: 0.841
[2026-06-15 05:43:07,711][root][INFO] - Epoch [3/5], Batch [194/300], Loss: 1.1961 (Overall: 1.1041, Change: 1.4705), TF Ratio: 0.841
[2026-06-15 05:43:07,861][root][INFO] - Epoch [3/5], Batch [195/300], Loss: 1.1973 (Overall: 1.1506, Change: 1.6989), TF Ratio: 0.841
[2026-06-15 05:43:12,327][root][INFO] - Epoch [3/5], Batch [196/300], Loss: 1.1951 (Overall: 0.7267, Change: 0.7984), TF Ratio: 0.841
[2026-06-15 05:43:12,477][root][INFO] - Epoch [3/5], Batch [197/300], Loss: 1.1950 (Overall: 0.6754, Change: 1.6945), TF Ratio: 0.841
[2026-06-15 05:43:17,017][root][INFO] - Epoch [3/5], Batch [198/300], Loss: 1.1946 (Overall: 0.6871, Change: 1.5455), TF Ratio: 0.840
[2026-06-15 05:43:17,174][root][INFO] - Epoch [3/5], Batch [199/300], Loss: 1.1955 (Overall: 1.0902, Change: 1.6458), TF Ratio: 0.840
[2026-06-15 05:43:17,326][root][INFO] - Epoch [3/5], Batch [200/300], Loss: 1.1957 (Overall: 0.7697, Change: 1.6927), TF Ratio: 0.840
[2026-06-15 05:43:17,476][root][INFO] - Epoch [3/5], Batch [201/300], Loss: 1.1953 (Overall: 0.8364, Change: 1.3952), TF Ratio: 0.840
[2026-06-15 05:43:17,633][root][INFO] - Epoch [3/5], Batch [202/300], Loss: 1.1956 (Overall: 1.0780, Change: 1.4259), TF Ratio: 0.840
[2026-06-15 05:43:17,784][root][INFO] - Epoch [3/5], Batch [203/300], Loss: 1.1942 (Overall: 0.9153, Change: 0.9037), TF Ratio: 0.839
[2026-06-15 05:43:24,073][root][INFO] - Epoch [3/5], Batch [204/300], Loss: 1.1950 (Overall: 1.0699, Change: 1.6675), TF Ratio: 0.839
[2026-06-15 05:43:24,223][root][INFO] - Epoch [3/5], Batch [205/300], Loss: 1.1939 (Overall: 0.8281, Change: 1.1199), TF Ratio: 0.839
[2026-06-15 05:43:28,555][root][INFO] - Epoch [3/5], Batch [206/300], Loss: 1.1963 (Overall: 1.8739, Change: 1.5020), TF Ratio: 0.839
[2026-06-15 05:43:28,705][root][INFO] - Epoch [3/5], Batch [207/300], Loss: 1.1961 (Overall: 0.9875, Change: 1.2999), TF Ratio: 0.839
[2026-06-15 05:43:28,856][root][INFO] - Epoch [3/5], Batch [208/300], Loss: 1.1956 (Overall: 0.9591, Change: 1.2166), TF Ratio: 0.838
[2026-06-15 05:43:29,006][root][INFO] - Epoch [3/5], Batch [209/300], Loss: 1.1956 (Overall: 0.8157, Change: 1.6035), TF Ratio: 0.838
[2026-06-15 05:43:29,157][root][INFO] - Epoch [3/5], Batch [210/300], Loss: 1.1956 (Overall: 0.6362, Change: 1.7250), TF Ratio: 0.838
[2026-06-15 05:43:29,307][root][INFO] - Epoch [3/5], Batch [211/300], Loss: 1.1958 (Overall: 1.2383, Change: 1.2611), TF Ratio: 0.838
[2026-06-15 05:43:34,182][root][INFO] - Epoch [3/5], Batch [212/300], Loss: 1.1945 (Overall: 0.7021, Change: 1.1246), TF Ratio: 0.838
[2026-06-15 05:43:34,332][root][INFO] - Epoch [3/5], Batch [213/300], Loss: 1.1940 (Overall: 0.7836, Change: 1.4201), TF Ratio: 0.837
[2026-06-15 05:43:38,197][root][INFO] - Epoch [3/5], Batch [214/300], Loss: 1.1932 (Overall: 0.8435, Change: 1.1966), TF Ratio: 0.837
[2026-06-15 05:43:38,348][root][INFO] - Epoch [3/5], Batch [215/300], Loss: 1.1935 (Overall: 0.5815, Change: 1.9260), TF Ratio: 0.837
[2026-06-15 05:43:38,499][root][INFO] - Epoch [3/5], Batch [216/300], Loss: 1.1923 (Overall: 0.7517, Change: 1.1022), TF Ratio: 0.837
[2026-06-15 05:43:38,649][root][INFO] - Epoch [3/5], Batch [217/300], Loss: 1.1940 (Overall: 1.1520, Change: 1.9997), TF Ratio: 0.837
[2026-06-15 05:43:38,800][root][INFO] - Epoch [3/5], Batch [218/300], Loss: 1.1937 (Overall: 0.7678, Change: 1.4713), TF Ratio: 0.836
[2026-06-15 05:43:38,951][root][INFO] - Epoch [3/5], Batch [219/300], Loss: 1.1928 (Overall: 0.6701, Change: 1.3194), TF Ratio: 0.836
[2026-06-15 05:43:44,454][root][INFO] - Epoch [3/5], Batch [220/300], Loss: 1.1929 (Overall: 0.9136, Change: 1.5385), TF Ratio: 0.836
[2026-06-15 05:43:44,605][root][INFO] - Epoch [3/5], Batch [221/300], Loss: 1.1925 (Overall: 0.9965, Change: 1.1962), TF Ratio: 0.836
[2026-06-15 05:43:49,392][root][INFO] - Epoch [3/5], Batch [222/300], Loss: 1.1922 (Overall: 0.8992, Change: 1.3446), TF Ratio: 0.836
[2026-06-15 05:43:49,542][root][INFO] - Epoch [3/5], Batch [223/300], Loss: 1.1918 (Overall: 0.9963, Change: 1.2203), TF Ratio: 0.835
[2026-06-15 05:43:49,693][root][INFO] - Epoch [3/5], Batch [224/300], Loss: 1.1917 (Overall: 1.0333, Change: 1.3185), TF Ratio: 0.835
[2026-06-15 05:43:49,843][root][INFO] - Epoch [3/5], Batch [225/300], Loss: 1.1911 (Overall: 0.8046, Change: 1.2810), TF Ratio: 0.835
[2026-06-15 05:43:49,993][root][INFO] - Epoch [3/5], Batch [226/300], Loss: 1.1924 (Overall: 1.0784, Change: 1.9190), TF Ratio: 0.835
[2026-06-15 05:43:50,145][root][INFO] - Epoch [3/5], Batch [227/300], Loss: 1.1933 (Overall: 1.2356, Change: 1.5556), TF Ratio: 0.835
[2026-06-15 05:43:55,698][root][INFO] - Epoch [3/5], Batch [228/300], Loss: 1.1933 (Overall: 0.9305, Change: 1.4519), TF Ratio: 0.834
[2026-06-15 05:43:55,848][root][INFO] - Epoch [3/5], Batch [229/300], Loss: 1.1931 (Overall: 0.7081, Change: 1.5562), TF Ratio: 0.834
[2026-06-15 05:43:59,742][root][INFO] - Epoch [3/5], Batch [230/300], Loss: 1.1920 (Overall: 0.8207, Change: 1.0770), TF Ratio: 0.834
[2026-06-15 05:43:59,893][root][INFO] - Epoch [3/5], Batch [231/300], Loss: 1.1917 (Overall: 0.6755, Change: 1.5865), TF Ratio: 0.834
[2026-06-15 05:44:00,044][root][INFO] - Epoch [3/5], Batch [232/300], Loss: 1.1917 (Overall: 0.9361, Change: 1.4133), TF Ratio: 0.834
[2026-06-15 05:44:00,194][root][INFO] - Epoch [3/5], Batch [233/300], Loss: 1.1908 (Overall: 0.7861, Change: 1.2103), TF Ratio: 0.833
[2026-06-15 05:44:00,344][root][INFO] - Epoch [3/5], Batch [234/300], Loss: 1.1918 (Overall: 1.2496, Change: 1.5626), TF Ratio: 0.833
[2026-06-15 05:44:00,496][root][INFO] - Epoch [3/5], Batch [235/300], Loss: 1.1910 (Overall: 0.6678, Change: 1.3658), TF Ratio: 0.833
[2026-06-15 05:44:05,588][root][INFO] - Epoch [3/5], Batch [236/300], Loss: 1.1910 (Overall: 0.9472, Change: 1.4319), TF Ratio: 0.833
[2026-06-15 05:44:05,738][root][INFO] - Epoch [3/5], Batch [237/300], Loss: 1.1909 (Overall: 0.8984, Change: 1.4483), TF Ratio: 0.833
[2026-06-15 05:44:11,074][root][INFO] - Epoch [3/5], Batch [238/300], Loss: 1.1900 (Overall: 0.7474, Change: 1.1962), TF Ratio: 0.832
[2026-06-15 05:44:11,225][root][INFO] - Epoch [3/5], Batch [239/300], Loss: 1.1900 (Overall: 0.6117, Change: 1.7831), TF Ratio: 0.832
[2026-06-15 05:44:11,376][root][INFO] - Epoch [3/5], Batch [240/300], Loss: 1.1899 (Overall: 0.6647, Change: 1.6670), TF Ratio: 0.832
[2026-06-15 05:44:11,526][root][INFO] - Epoch [3/5], Batch [241/300], Loss: 1.1900 (Overall: 0.9203, Change: 1.5023), TF Ratio: 0.832
[2026-06-15 05:44:11,676][root][INFO] - Epoch [3/5], Batch [242/300], Loss: 1.1902 (Overall: 0.7154, Change: 1.7593), TF Ratio: 0.832
[2026-06-15 05:44:11,827][root][INFO] - Epoch [3/5], Batch [243/300], Loss: 1.1903 (Overall: 0.7788, Change: 1.6263), TF Ratio: 0.831
[2026-06-15 05:44:15,620][root][INFO] - Epoch [3/5], Batch [244/300], Loss: 1.1900 (Overall: 0.8047, Change: 1.4668), TF Ratio: 0.831
[2026-06-15 05:44:15,771][root][INFO] - Epoch [3/5], Batch [245/300], Loss: 1.1901 (Overall: 1.0548, Change: 1.3503), TF Ratio: 0.831
[2026-06-15 05:44:23,164][root][INFO] - Epoch [3/5], Batch [246/300], Loss: 1.1908 (Overall: 1.0948, Change: 1.6305), TF Ratio: 0.831
[2026-06-15 05:44:23,315][root][INFO] - Epoch [3/5], Batch [247/300], Loss: 1.1904 (Overall: 0.6934, Change: 1.5137), TF Ratio: 0.831
[2026-06-15 05:44:23,467][root][INFO] - Epoch [3/5], Batch [248/300], Loss: 1.1900 (Overall: 0.6970, Change: 1.4380), TF Ratio: 0.830
[2026-06-15 05:44:23,617][root][INFO] - Epoch [3/5], Batch [249/300], Loss: 1.1900 (Overall: 1.0314, Change: 1.3624), TF Ratio: 0.830
[2026-06-15 05:44:23,767][root][INFO] - Epoch [3/5], Batch [250/300], Loss: 1.1901 (Overall: 0.8879, Change: 1.5499), TF Ratio: 0.830
[2026-06-15 05:44:23,917][root][INFO] - Epoch [3/5], Batch [251/300], Loss: 1.1886 (Overall: 0.6830, Change: 0.9681), TF Ratio: 0.830
[2026-06-15 05:44:25,525][root][INFO] - Epoch [3/5], Batch [252/300], Loss: 1.1879 (Overall: 0.8958, Change: 1.0874), TF Ratio: 0.830
[2026-06-15 05:44:25,674][root][INFO] - Epoch [3/5], Batch [253/300], Loss: 1.1868 (Overall: 0.7580, Change: 1.1048), TF Ratio: 0.829
[2026-06-15 05:44:33,599][root][INFO] - Epoch [3/5], Batch [254/300], Loss: 1.1881 (Overall: 0.6080, Change: 2.3957), TF Ratio: 0.829
[2026-06-15 05:44:33,750][root][INFO] - Epoch [3/5], Batch [255/300], Loss: 1.1880 (Overall: 0.6774, Change: 1.6751), TF Ratio: 0.829
[2026-06-15 05:44:33,901][root][INFO] - Epoch [3/5], Batch [256/300], Loss: 1.1888 (Overall: 1.1828, Change: 1.5832), TF Ratio: 0.829
[2026-06-15 05:44:34,052][root][INFO] - Epoch [3/5], Batch [257/300], Loss: 1.1885 (Overall: 0.7803, Change: 1.4436), TF Ratio: 0.829
[2026-06-15 05:44:34,203][root][INFO] - Epoch [3/5], Batch [258/300], Loss: 1.1888 (Overall: 0.7499, Change: 1.7703), TF Ratio: 0.828
[2026-06-15 05:44:34,353][root][INFO] - Epoch [3/5], Batch [259/300], Loss: 1.1881 (Overall: 0.7389, Change: 1.3058), TF Ratio: 0.828
[2026-06-15 05:44:36,319][root][INFO] - Epoch [3/5], Batch [260/300], Loss: 1.1884 (Overall: 0.9704, Change: 1.5603), TF Ratio: 0.828
[2026-06-15 05:44:36,469][root][INFO] - Epoch [3/5], Batch [261/300], Loss: 1.1887 (Overall: 1.0471, Change: 1.4538), TF Ratio: 0.828
[2026-06-15 05:44:43,880][root][INFO] - Epoch [3/5], Batch [262/300], Loss: 1.1883 (Overall: 0.6939, Change: 1.4912), TF Ratio: 0.828
[2026-06-15 05:44:44,031][root][INFO] - Epoch [3/5], Batch [263/300], Loss: 1.1882 (Overall: 0.6454, Change: 1.6670), TF Ratio: 0.827
[2026-06-15 05:44:44,182][root][INFO] - Epoch [3/5], Batch [264/300], Loss: 1.1869 (Overall: 0.6631, Change: 1.0317), TF Ratio: 0.827
[2026-06-15 05:44:44,333][root][INFO] - Epoch [3/5], Batch [265/300], Loss: 1.1859 (Overall: 0.6708, Change: 1.1560), TF Ratio: 0.827
[2026-06-15 05:44:44,483][root][INFO] - Epoch [3/5], Batch [266/300], Loss: 1.1863 (Overall: 0.9712, Change: 1.6294), TF Ratio: 0.827
[2026-06-15 05:44:44,634][root][INFO] - Epoch [3/5], Batch [267/300], Loss: 1.1861 (Overall: 0.8879, Change: 1.3652), TF Ratio: 0.827
[2026-06-15 05:44:46,358][root][INFO] - Epoch [3/5], Batch [268/300], Loss: 1.1860 (Overall: 0.9210, Change: 1.4285), TF Ratio: 0.826
[2026-06-15 05:44:46,509][root][INFO] - Epoch [3/5], Batch [269/300], Loss: 1.1852 (Overall: 0.6748, Change: 1.2447), TF Ratio: 0.826
[2026-06-15 05:44:55,149][root][INFO] - Epoch [3/5], Batch [270/300], Loss: 1.1858 (Overall: 1.0821, Change: 1.6221), TF Ratio: 0.826
[2026-06-15 05:44:55,299][root][INFO] - Epoch [3/5], Batch [271/300], Loss: 1.1862 (Overall: 0.9664, Change: 1.6113), TF Ratio: 0.826
[2026-06-15 05:44:55,450][root][INFO] - Epoch [3/5], Batch [272/300], Loss: 1.1859 (Overall: 0.7876, Change: 1.4476), TF Ratio: 0.826
[2026-06-15 05:44:55,600][root][INFO] - Epoch [3/5], Batch [273/300], Loss: 1.1859 (Overall: 0.8008, Change: 1.5698), TF Ratio: 0.825
[2026-06-15 05:44:55,751][root][INFO] - Epoch [3/5], Batch [274/300], Loss: 1.1855 (Overall: 0.8257, Change: 1.3063), TF Ratio: 0.825
[2026-06-15 05:44:55,908][root][INFO] - Epoch [3/5], Batch [275/300], Loss: 1.1850 (Overall: 0.8976, Change: 1.2249), TF Ratio: 0.825
[2026-06-15 05:44:56,059][root][INFO] - Epoch [3/5], Batch [276/300], Loss: 1.1847 (Overall: 0.9189, Change: 1.2399), TF Ratio: 0.825
[2026-06-15 05:44:56,210][root][INFO] - Epoch [3/5], Batch [277/300], Loss: 1.1840 (Overall: 0.7641, Change: 1.2263), TF Ratio: 0.825
[2026-06-15 05:45:04,646][root][INFO] - Epoch [3/5], Batch [278/300], Loss: 1.1831 (Overall: 0.6756, Change: 1.2312), TF Ratio: 0.824
[2026-06-15 05:45:04,796][root][INFO] - Epoch [3/5], Batch [279/300], Loss: 1.1829 (Overall: 0.7002, Change: 1.5394), TF Ratio: 0.824
[2026-06-15 05:45:04,947][root][INFO] - Epoch [3/5], Batch [280/300], Loss: 1.1832 (Overall: 1.0285, Change: 1.5208), TF Ratio: 0.824
[2026-06-15 05:45:05,097][root][INFO] - Epoch [3/5], Batch [281/300], Loss: 1.1821 (Overall: 0.6305, Change: 1.0962), TF Ratio: 0.824
[2026-06-15 05:45:05,248][root][INFO] - Epoch [3/5], Batch [282/300], Loss: 1.1820 (Overall: 0.6609, Change: 1.6671), TF Ratio: 0.824
[2026-06-15 05:45:05,398][root][INFO] - Epoch [3/5], Batch [283/300], Loss: 1.1819 (Overall: 0.9915, Change: 1.3145), TF Ratio: 0.823
[2026-06-15 05:45:05,687][root][INFO] - Epoch [3/5], Batch [284/300], Loss: 1.1822 (Overall: 1.2403, Change: 1.2651), TF Ratio: 0.823
[2026-06-15 05:45:05,837][root][INFO] - Epoch [3/5], Batch [285/300], Loss: 1.1821 (Overall: 0.6649, Change: 1.6760), TF Ratio: 0.823
[2026-06-15 05:45:14,519][root][INFO] - Epoch [3/5], Batch [286/300], Loss: 1.1821 (Overall: 0.9416, Change: 1.3796), TF Ratio: 0.823
[2026-06-15 05:45:14,670][root][INFO] - Epoch [3/5], Batch [287/300], Loss: 1.1822 (Overall: 0.9165, Change: 1.4956), TF Ratio: 0.823
[2026-06-15 05:45:14,820][root][INFO] - Epoch [3/5], Batch [288/300], Loss: 1.1822 (Overall: 0.9319, Change: 1.4443), TF Ratio: 0.822
[2026-06-15 05:45:14,971][root][INFO] - Epoch [3/5], Batch [289/300], Loss: 1.1821 (Overall: 1.0427, Change: 1.2928), TF Ratio: 0.822
[2026-06-15 05:45:15,121][root][INFO] - Epoch [3/5], Batch [290/300], Loss: 1.1826 (Overall: 0.7132, Change: 1.9053), TF Ratio: 0.822
[2026-06-15 05:45:15,272][root][INFO] - Epoch [3/5], Batch [291/300], Loss: 1.1817 (Overall: 0.9750, Change: 0.9005), TF Ratio: 0.822
[2026-06-15 05:45:15,424][root][INFO] - Epoch [3/5], Batch [292/300], Loss: 1.1816 (Overall: 1.0968, Change: 1.2188), TF Ratio: 0.822
[2026-06-15 05:45:15,575][root][INFO] - Epoch [3/5], Batch [293/300], Loss: 1.1804 (Overall: 0.6687, Change: 0.9647), TF Ratio: 0.821
[2026-06-15 05:45:24,475][root][INFO] - Epoch [3/5], Batch [294/300], Loss: 1.1808 (Overall: 1.2167, Change: 1.3993), TF Ratio: 0.821
[2026-06-15 05:45:24,625][root][INFO] - Epoch [3/5], Batch [295/300], Loss: 1.1807 (Overall: 1.0515, Change: 1.2597), TF Ratio: 0.821
[2026-06-15 05:45:24,777][root][INFO] - Epoch [3/5], Batch [296/300], Loss: 1.1804 (Overall: 1.1141, Change: 1.0595), TF Ratio: 0.821
[2026-06-15 05:45:24,926][root][INFO] - Epoch [3/5], Batch [297/300], Loss: 1.1817 (Overall: 1.5174, Change: 1.6208), TF Ratio: 0.821
[2026-06-15 05:45:25,077][root][INFO] - Epoch [3/5], Batch [298/300], Loss: 1.1822 (Overall: 0.8520, Change: 1.7682), TF Ratio: 0.820
[2026-06-15 05:45:25,227][root][INFO] - Epoch [3/5], Batch [299/300], Loss: 1.1819 (Overall: 1.0522, Change: 1.1563), TF Ratio: 0.820
[2026-06-15 05:45:26,391][root][INFO] - Epoch [3/5], Batch [300/300], Loss: 1.1821 (Overall: 0.9773, Change: 1.5219), TF Ratio: 0.820
[2026-06-15 05:45:35,954][root][INFO] - Epoch 3 done. Validating...
[2026-06-15 05:46:09,414][root][INFO] - Epoch [3/5] | Train: 1.1821 | Val: 0.5923
[2026-06-15 05:46:09,636][root][INFO] - Checkpoint saved: /gpfs/scratch/bsc32/bsc096444/ai4land-tfm/trained_models/unet_impl/41799699/best_model.pth
[2026-06-15 05:46:09,837][root][INFO] - Checkpoint saved: /gpfs/scratch/bsc32/bsc096444/ai4land-tfm/trained_models/unet_impl/41799699/model_epoch_3.pth
[2026-06-15 05:46:22,849][root][INFO] - Epoch [4/5], Batch [1/300], Loss: 0.9240 (Overall: 0.6540, Change: 1.1941), TF Ratio: 0.820
[2026-06-15 05:46:23,001][root][INFO] - Epoch [4/5], Batch [2/300], Loss: 0.9135 (Overall: 0.6724, Change: 1.1335), TF Ratio: 0.820
[2026-06-15 05:46:24,569][root][INFO] - Epoch [4/5], Batch [3/300], Loss: 0.9851 (Overall: 0.7712, Change: 1.4856), TF Ratio: 0.819
[2026-06-15 05:46:24,721][root][INFO] - Epoch [4/5], Batch [4/300], Loss: 1.1000 (Overall: 1.4820, Change: 1.4071), TF Ratio: 0.819
[2026-06-15 05:46:24,871][root][INFO] - Epoch [4/5], Batch [5/300], Loss: 1.1105 (Overall: 1.0013, Change: 1.3036), TF Ratio: 0.819
[2026-06-15 05:46:25,021][root][INFO] - Epoch [4/5], Batch [6/300], Loss: 1.0872 (Overall: 0.5441, Change: 1.3970), TF Ratio: 0.819
[2026-06-15 05:46:25,172][root][INFO] - Epoch [4/5], Batch [7/300], Loss: 1.0894 (Overall: 0.8108, Change: 1.3946), TF Ratio: 0.819
[2026-06-15 05:46:33,087][root][INFO] - Epoch [4/5], Batch [8/300], Loss: 1.1353 (Overall: 1.4527, Change: 1.4606), TF Ratio: 0.818
[2026-06-15 05:46:33,772][root][INFO] - Epoch [4/5], Batch [9/300], Loss: 1.1389 (Overall: 0.7952, Change: 1.5403), TF Ratio: 0.818
[2026-06-15 05:46:33,922][root][INFO] - Epoch [4/5], Batch [10/300], Loss: 1.1495 (Overall: 0.9226, Change: 1.5669), TF Ratio: 0.818
[2026-06-15 05:46:34,502][root][INFO] - Epoch [4/5], Batch [11/300], Loss: 1.1518 (Overall: 0.9382, Change: 1.4124), TF Ratio: 0.818
[2026-06-15 05:46:34,654][root][INFO] - Epoch [4/5], Batch [12/300], Loss: 1.1447 (Overall: 0.7309, Change: 1.4004), TF Ratio: 0.818
[2026-06-15 05:46:34,803][root][INFO] - Epoch [4/5], Batch [13/300], Loss: 1.1354 (Overall: 0.6928, Change: 1.3569), TF Ratio: 0.817
[2026-06-15 05:46:34,953][root][INFO] - Epoch [4/5], Batch [14/300], Loss: 1.1376 (Overall: 1.0265, Change: 1.3043), TF Ratio: 0.817
[2026-06-15 05:46:35,104][root][INFO] - Epoch [4/5], Batch [15/300], Loss: 1.1286 (Overall: 0.6522, Change: 1.3547), TF Ratio: 0.817
[2026-06-15 05:46:43,434][root][INFO] - Epoch [4/5], Batch [16/300], Loss: 1.1272 (Overall: 0.9533, Change: 1.2572), TF Ratio: 0.817
[2026-06-15 05:46:44,361][root][INFO] - Epoch [4/5], Batch [17/300], Loss: 1.1274 (Overall: 0.9085, Change: 1.3551), TF Ratio: 0.817
[2026-06-15 05:46:44,511][root][INFO] - Epoch [4/5], Batch [18/300], Loss: 1.1358 (Overall: 0.9655, Change: 1.5906), TF Ratio: 0.816
[2026-06-15 05:46:44,662][root][INFO] - Epoch [4/5], Batch [19/300], Loss: 1.1387 (Overall: 0.7743, Change: 1.6069), TF Ratio: 0.816
[2026-06-15 05:46:44,813][root][INFO] - Epoch [4/5], Batch [20/300], Loss: 1.1372 (Overall: 0.7329, Change: 1.4834), TF Ratio: 0.816
[2026-06-15 05:46:44,963][root][INFO] - Epoch [4/5], Batch [21/300], Loss: 1.1373 (Overall: 0.8097, Change: 1.4707), TF Ratio: 0.816
[2026-06-15 05:46:45,114][root][INFO] - Epoch [4/5], Batch [22/300], Loss: 1.1326 (Overall: 0.6938, Change: 1.3729), TF Ratio: 0.816
[2026-06-15 05:46:45,264][root][INFO] - Epoch [4/5], Batch [23/300], Loss: 1.1316 (Overall: 0.5703, Change: 1.6510), TF Ratio: 0.815
[2026-06-15 05:46:54,565][root][INFO] - Epoch [4/5], Batch [24/300], Loss: 1.1355 (Overall: 0.8587, Change: 1.5906), TF Ratio: 0.815
[2026-06-15 05:46:54,715][root][INFO] - Epoch [4/5], Batch [25/300], Loss: 1.1362 (Overall: 0.7455, Change: 1.5583), TF Ratio: 0.815
[2026-06-15 05:46:54,865][root][INFO] - Epoch [4/5], Batch [26/300], Loss: 1.1396 (Overall: 0.7992, Change: 1.6513), TF Ratio: 0.815
[2026-06-15 05:46:55,015][root][INFO] - Epoch [4/5], Batch [27/300], Loss: 1.1318 (Overall: 0.7602, Change: 1.0980), TF Ratio: 0.815
[2026-06-15 05:46:55,167][root][INFO] - Epoch [4/5], Batch [28/300], Loss: 1.1293 (Overall: 0.6533, Change: 1.4719), TF Ratio: 0.814
[2026-06-15 05:46:55,318][root][INFO] - Epoch [4/5], Batch [29/300], Loss: 1.1307 (Overall: 0.6339, Change: 1.7029), TF Ratio: 0.814
[2026-06-15 05:46:55,468][root][INFO] - Epoch [4/5], Batch [30/300], Loss: 1.1200 (Overall: 0.6170, Change: 1.0037), TF Ratio: 0.814
[2026-06-15 05:46:55,618][root][INFO] - Epoch [4/5], Batch [31/300], Loss: 1.1160 (Overall: 0.5866, Change: 1.4084), TF Ratio: 0.814
[2026-06-15 05:47:06,540][root][INFO] - Epoch [4/5], Batch [32/300], Loss: 1.1090 (Overall: 0.5692, Change: 1.2136), TF Ratio: 0.814
[2026-06-15 05:47:07,462][root][INFO] - Epoch [4/5], Batch [33/300], Loss: 1.1109 (Overall: 1.0767, Change: 1.2648), TF Ratio: 0.813
[2026-06-15 05:47:07,613][root][INFO] - Epoch [4/5], Batch [34/300], Loss: 1.1138 (Overall: 1.1063, Change: 1.3100), TF Ratio: 0.813
[2026-06-15 05:47:07,763][root][INFO] - Epoch [4/5], Batch [35/300], Loss: 1.1141 (Overall: 0.8271, Change: 1.4229), TF Ratio: 0.813
[2026-06-15 05:47:07,915][root][INFO] - Epoch [4/5], Batch [36/300], Loss: 1.1187 (Overall: 0.9889, Change: 1.5752), TF Ratio: 0.813
[2026-06-15 05:47:08,065][root][INFO] - Epoch [4/5], Batch [37/300], Loss: 1.1228 (Overall: 1.0262, Change: 1.5096), TF Ratio: 0.813
[2026-06-15 05:47:08,215][root][INFO] - Epoch [4/5], Batch [38/300], Loss: 1.1248 (Overall: 0.9966, Change: 1.4030), TF Ratio: 0.812
[2026-06-15 05:47:08,366][root][INFO] - Epoch [4/5], Batch [39/300], Loss: 1.1283 (Overall: 0.6907, Change: 1.8284), TF Ratio: 0.812
[2026-06-15 05:47:19,570][root][INFO] - Epoch [4/5], Batch [40/300], Loss: 1.1322 (Overall: 0.8894, Change: 1.6838), TF Ratio: 0.812
[2026-06-15 05:47:19,721][root][INFO] - Epoch [4/5], Batch [41/300], Loss: 1.1369 (Overall: 1.2058, Change: 1.4411), TF Ratio: 0.812
[2026-06-15 05:47:19,871][root][INFO] - Epoch [4/5], Batch [42/300], Loss: 1.1412 (Overall: 0.8322, Change: 1.8073), TF Ratio: 0.812
[2026-06-15 05:47:20,021][root][INFO] - Epoch [4/5], Batch [43/300], Loss: 1.1481 (Overall: 1.2163, Change: 1.6590), TF Ratio: 0.811
[2026-06-15 05:47:20,172][root][INFO] - Epoch [4/5], Batch [44/300], Loss: 1.1562 (Overall: 1.2441, Change: 1.7648), TF Ratio: 0.811
[2026-06-15 05:47:20,323][root][INFO] - Epoch [4/5], Batch [45/300], Loss: 1.1533 (Overall: 0.8050, Change: 1.2434), TF Ratio: 0.811
[2026-06-15 05:47:20,474][root][INFO] - Epoch [4/5], Batch [46/300], Loss: 1.1512 (Overall: 0.5757, Change: 1.5396), TF Ratio: 0.811
[2026-06-15 05:47:20,625][root][INFO] - Epoch [4/5], Batch [47/300], Loss: 1.1505 (Overall: 0.6617, Change: 1.5725), TF Ratio: 0.811
[2026-06-15 05:47:30,819][root][INFO] - Epoch [4/5], Batch [48/300], Loss: 1.1538 (Overall: 1.1541, Change: 1.4664), TF Ratio: 0.810
[2026-06-15 05:47:30,970][root][INFO] - Epoch [4/5], Batch [49/300], Loss: 1.1526 (Overall: 0.9087, Change: 1.2758), TF Ratio: 0.810
[2026-06-15 05:47:31,121][root][INFO] - Epoch [4/5], Batch [50/300], Loss: 1.1535 (Overall: 0.7763, Change: 1.6233), TF Ratio: 0.810
[2026-06-15 05:47:31,271][root][INFO] - Epoch [4/5], Batch [51/300], Loss: 1.1573 (Overall: 1.1426, Change: 1.5515), TF Ratio: 0.810
[2026-06-15 05:47:31,422][root][INFO] - Epoch [4/5], Batch [52/300], Loss: 1.1548 (Overall: 0.6069, Change: 1.4443), TF Ratio: 0.810
[2026-06-15 05:47:31,572][root][INFO] - Epoch [4/5], Batch [53/300], Loss: 1.1551 (Overall: 0.8970, Change: 1.4477), TF Ratio: 0.809
[2026-06-15 05:47:31,723][root][INFO] - Epoch [4/5], Batch [54/300], Loss: 1.1537 (Overall: 0.7873, Change: 1.3744), TF Ratio: 0.809
[2026-06-15 05:47:31,873][root][INFO] - Epoch [4/5], Batch [55/300], Loss: 1.1589 (Overall: 1.4459, Change: 1.4324), TF Ratio: 0.809
[2026-06-15 05:47:42,840][root][INFO] - Epoch [4/5], Batch [56/300], Loss: 1.1593 (Overall: 0.7523, Change: 1.6072), TF Ratio: 0.809
[2026-06-15 05:47:42,990][root][INFO] - Epoch [4/5], Batch [57/300], Loss: 1.1642 (Overall: 1.1280, Change: 1.7465), TF Ratio: 0.809
[2026-06-15 05:47:43,140][root][INFO] - Epoch [4/5], Batch [58/300], Loss: 1.1618 (Overall: 0.6481, Change: 1.4096), TF Ratio: 0.808
[2026-06-15 05:47:43,290][root][INFO] - Epoch [4/5], Batch [59/300], Loss: 1.1623 (Overall: 0.7584, Change: 1.6179), TF Ratio: 0.808
[2026-06-15 05:47:43,442][root][INFO] - Epoch [4/5], Batch [60/300], Loss: 1.1645 (Overall: 0.6116, Change: 1.9748), TF Ratio: 0.808
[2026-06-15 05:47:43,592][root][INFO] - Epoch [4/5], Batch [61/300], Loss: 1.1603 (Overall: 0.6684, Change: 1.1556), TF Ratio: 0.808
[2026-06-15 05:47:43,743][root][INFO] - Epoch [4/5], Batch [62/300], Loss: 1.1576 (Overall: 0.5487, Change: 1.4375), TF Ratio: 0.808
[2026-06-15 05:47:43,895][root][INFO] - Epoch [4/5], Batch [63/300], Loss: 1.1533 (Overall: 0.6306, Change: 1.1379), TF Ratio: 0.807
[2026-06-15 05:47:53,603][root][INFO] - Epoch [4/5], Batch [64/300], Loss: 1.1515 (Overall: 0.8065, Change: 1.2679), TF Ratio: 0.807
[2026-06-15 05:47:53,754][root][INFO] - Epoch [4/5], Batch [65/300], Loss: 1.1476 (Overall: 0.7342, Change: 1.0644), TF Ratio: 0.807
[2026-06-15 05:47:53,908][root][INFO] - Epoch [4/5], Batch [66/300], Loss: 1.1487 (Overall: 0.9974, Change: 1.4492), TF Ratio: 0.807
[2026-06-15 05:47:54,058][root][INFO] - Epoch [4/5], Batch [67/300], Loss: 1.1486 (Overall: 0.9927, Change: 1.2917), TF Ratio: 0.807
[2026-06-15 05:47:54,209][root][INFO] - Epoch [4/5], Batch [68/300], Loss: 1.1474 (Overall: 0.7635, Change: 1.3710), TF Ratio: 0.806
[2026-06-15 05:47:54,360][root][INFO] - Epoch [4/5], Batch [69/300], Loss: 1.1478 (Overall: 0.7051, Change: 1.6352), TF Ratio: 0.806
[2026-06-15 05:47:54,510][root][INFO] - Epoch [4/5], Batch [70/300], Loss: 1.1526 (Overall: 1.1954, Change: 1.7714), TF Ratio: 0.806
[2026-06-15 05:47:54,660][root][INFO] - Epoch [4/5], Batch [71/300], Loss: 1.1522 (Overall: 0.7783, Change: 1.4762), TF Ratio: 0.806
[2026-06-15 05:48:04,432][root][INFO] - Epoch [4/5], Batch [72/300], Loss: 1.1499 (Overall: 0.7629, Change: 1.2039), TF Ratio: 0.806
[2026-06-15 05:48:04,582][root][INFO] - Epoch [4/5], Batch [73/300], Loss: 1.1485 (Overall: 0.7306, Change: 1.3650), TF Ratio: 0.805
[2026-06-15 05:48:04,733][root][INFO] - Epoch [4/5], Batch [74/300], Loss: 1.1462 (Overall: 0.8256, Change: 1.1305), TF Ratio: 0.805
[2026-06-15 05:48:04,883][root][INFO] - Epoch [4/5], Batch [75/300], Loss: 1.1450 (Overall: 0.7951, Change: 1.3228), TF Ratio: 0.805
[2026-06-15 05:48:05,035][root][INFO] - Epoch [4/5], Batch [76/300], Loss: 1.1476 (Overall: 1.1195, Change: 1.5712), TF Ratio: 0.805
[2026-06-15 05:48:05,186][root][INFO] - Epoch [4/5], Batch [77/300], Loss: 1.1523 (Overall: 1.2653, Change: 1.7472), TF Ratio: 0.805
[2026-06-15 05:48:05,336][root][INFO] - Epoch [4/5], Batch [78/300], Loss: 1.1540 (Overall: 0.7343, Change: 1.8387), TF Ratio: 0.804
[2026-06-15 05:48:05,487][root][INFO] - Epoch [4/5], Batch [79/300], Loss: 1.1536 (Overall: 0.8180, Change: 1.4229), TF Ratio: 0.804
[2026-06-15 05:48:14,949][root][INFO] - Epoch [4/5], Batch [80/300], Loss: 1.1511 (Overall: 0.7076, Change: 1.2070), TF Ratio: 0.804
[2026-06-15 05:48:15,099][root][INFO] - Epoch [4/5], Batch [81/300], Loss: 1.1502 (Overall: 0.8993, Change: 1.2593), TF Ratio: 0.804
[2026-06-15 05:48:15,250][root][INFO] - Epoch [4/5], Batch [82/300], Loss: 1.1507 (Overall: 0.7650, Change: 1.6161), TF Ratio: 0.804
[2026-06-15 05:48:15,400][root][INFO] - Epoch [4/5], Batch [83/300], Loss: 1.1499 (Overall: 0.9091, Change: 1.2489), TF Ratio: 0.803
[2026-06-15 05:48:15,551][root][INFO] - Epoch [4/5], Batch [84/300], Loss: 1.1520 (Overall: 1.0406, Change: 1.6146), TF Ratio: 0.803
[2026-06-15 05:48:15,702][root][INFO] - Epoch [4/5], Batch [85/300], Loss: 1.1494 (Overall: 0.7403, Change: 1.1163), TF Ratio: 0.803
[2026-06-15 05:48:15,852][root][INFO] - Epoch [4/5], Batch [86/300], Loss: 1.1473 (Overall: 0.6787, Change: 1.2634), TF Ratio: 0.803
[2026-06-15 05:48:16,003][root][INFO] - Epoch [4/5], Batch [87/300], Loss: 1.1482 (Overall: 1.0193, Change: 1.4267), TF Ratio: 0.803
[2026-06-15 05:48:25,290][root][INFO] - Epoch [4/5], Batch [88/300], Loss: 1.1500 (Overall: 0.8031, Change: 1.8152), TF Ratio: 0.802
[2026-06-15 05:48:25,440][root][INFO] - Epoch [4/5], Batch [89/300], Loss: 1.1543 (Overall: 0.6966, Change: 2.3693), TF Ratio: 0.802
[2026-06-15 05:48:25,591][root][INFO] - Epoch [4/5], Batch [90/300], Loss: 1.1534 (Overall: 0.7267, Change: 1.4234), TF Ratio: 0.802
[2026-06-15 05:48:25,741][root][INFO] - Epoch [4/5], Batch [91/300], Loss: 1.1551 (Overall: 1.1301, Change: 1.4879), TF Ratio: 0.802
[2026-06-15 05:48:25,893][root][INFO] - Epoch [4/5], Batch [92/300], Loss: 1.1519 (Overall: 0.4986, Change: 1.2137), TF Ratio: 0.802
[2026-06-15 05:48:26,043][root][INFO] - Epoch [4/5], Batch [93/300], Loss: 1.1507 (Overall: 0.7053, Change: 1.3869), TF Ratio: 0.801
[2026-06-15 05:48:26,194][root][INFO] - Epoch [4/5], Batch [94/300], Loss: 1.1495 (Overall: 0.8722, Change: 1.1913), TF Ratio: 0.801
[2026-06-15 05:48:26,351][root][INFO] - Epoch [4/5], Batch [95/300], Loss: 1.1485 (Overall: 0.6655, Change: 1.4435), TF Ratio: 0.801
[2026-06-15 05:48:36,761][root][INFO] - Epoch [4/5], Batch [96/300], Loss: 1.1504 (Overall: 0.9996, Change: 1.6783), TF Ratio: 0.801
[2026-06-15 05:48:36,911][root][INFO] - Epoch [4/5], Batch [97/300], Loss: 1.1497 (Overall: 0.6921, Change: 1.4663), TF Ratio: 0.801
[2026-06-15 05:48:37,061][root][INFO] - Epoch [4/5], Batch [98/300], Loss: 1.1504 (Overall: 1.0039, Change: 1.4209), TF Ratio: 0.800
[2026-06-15 05:48:37,211][root][INFO] - Epoch [4/5], Batch [99/300], Loss: 1.1518 (Overall: 1.1179, Change: 1.4675), TF Ratio: 0.800
[2026-06-15 05:48:37,363][root][INFO] - Epoch [4/5], Batch [100/300], Loss: 1.1498 (Overall: 0.7860, Change: 1.1261), TF Ratio: 0.800
[2026-06-15 05:48:37,513][root][INFO] - Epoch [4/5], Batch [101/300], Loss: 1.1497 (Overall: 0.7946, Change: 1.4763), TF Ratio: 0.800
[2026-06-15 05:48:37,663][root][INFO] - Epoch [4/5], Batch [102/300], Loss: 1.1491 (Overall: 0.7156, Change: 1.4727), TF Ratio: 0.800
[2026-06-15 05:48:37,813][root][INFO] - Epoch [4/5], Batch [103/300], Loss: 1.1487 (Overall: 0.7916, Change: 1.4085), TF Ratio: 0.799
[2026-06-15 05:48:46,366][root][INFO] - Epoch [4/5], Batch [104/300], Loss: 1.1475 (Overall: 0.6901, Change: 1.3727), TF Ratio: 0.799
[2026-06-15 05:48:46,516][root][INFO] - Epoch [4/5], Batch [105/300], Loss: 1.1476 (Overall: 0.7011, Change: 1.6000), TF Ratio: 0.799
[2026-06-15 05:48:46,676][root][INFO] - Epoch [4/5], Batch [106/300], Loss: 1.1476 (Overall: 0.7372, Change: 1.5554), TF Ratio: 0.799
[2026-06-15 05:48:46,826][root][INFO] - Epoch [4/5], Batch [107/300], Loss: 1.1478 (Overall: 0.7172, Change: 1.6235), TF Ratio: 0.799
[2026-06-15 05:48:46,978][root][INFO] - Epoch [4/5], Batch [108/300], Loss: 1.1494 (Overall: 1.1545, Change: 1.4852), TF Ratio: 0.798
[2026-06-15 05:48:47,128][root][INFO] - Epoch [4/5], Batch [109/300], Loss: 1.1466 (Overall: 0.7250, Change: 0.9754), TF Ratio: 0.798
[2026-06-15 05:48:47,278][root][INFO] - Epoch [4/5], Batch [110/300], Loss: 1.1460 (Overall: 0.5364, Change: 1.6211), TF Ratio: 0.798
[2026-06-15 05:48:47,429][root][INFO] - Epoch [4/5], Batch [111/300], Loss: 1.1448 (Overall: 0.8528, Change: 1.1726), TF Ratio: 0.798
[2026-06-15 05:48:56,430][root][INFO] - Epoch [4/5], Batch [112/300], Loss: 1.1453 (Overall: 0.8187, Change: 1.5895), TF Ratio: 0.798
[2026-06-15 05:48:56,580][root][INFO] - Epoch [4/5], Batch [113/300], Loss: 1.1459 (Overall: 0.8995, Change: 1.5132), TF Ratio: 0.797
[2026-06-15 05:48:56,731][root][INFO] - Epoch [4/5], Batch [114/300], Loss: 1.1441 (Overall: 0.5910, Change: 1.3040), TF Ratio: 0.797
[2026-06-15 05:48:56,881][root][INFO] - Epoch [4/5], Batch [115/300], Loss: 1.1420 (Overall: 0.5747, Change: 1.2248), TF Ratio: 0.797
[2026-06-15 05:48:57,033][root][INFO] - Epoch [4/5], Batch [116/300], Loss: 1.1389 (Overall: 0.5286, Change: 1.0284), TF Ratio: 0.797
[2026-06-15 05:48:57,183][root][INFO] - Epoch [4/5], Batch [117/300], Loss: 1.1374 (Overall: 0.5602, Change: 1.3712), TF Ratio: 0.797
[2026-06-15 05:48:57,334][root][INFO] - Epoch [4/5], Batch [118/300], Loss: 1.1371 (Overall: 0.6132, Change: 1.5906), TF Ratio: 0.796
[2026-06-15 05:48:57,484][root][INFO] - Epoch [4/5], Batch [119/300], Loss: 1.1373 (Overall: 0.9329, Change: 1.3956), TF Ratio: 0.796
[2026-06-15 05:49:08,812][root][INFO] - Epoch [4/5], Batch [120/300], Loss: 1.1388 (Overall: 0.6947, Change: 1.9403), TF Ratio: 0.796
[2026-06-15 05:49:08,969][root][INFO] - Epoch [4/5], Batch [121/300], Loss: 1.1398 (Overall: 0.9873, Change: 1.5272), TF Ratio: 0.796
[2026-06-15 05:49:09,119][root][INFO] - Epoch [4/5], Batch [122/300], Loss: 1.1393 (Overall: 0.6118, Change: 1.5459), TF Ratio: 0.796
[2026-06-15 05:49:09,270][root][INFO] - Epoch [4/5], Batch [123/300], Loss: 1.1375 (Overall: 0.5594, Change: 1.2769), TF Ratio: 0.795
[2026-06-15 05:49:09,421][root][INFO] - Epoch [4/5], Batch [124/300], Loss: 1.1379 (Overall: 0.8550, Change: 1.5196), TF Ratio: 0.795
[2026-06-15 05:49:09,571][root][INFO] - Epoch [4/5], Batch [125/300], Loss: 1.1359 (Overall: 0.7583, Change: 1.0209), TF Ratio: 0.795
[2026-06-15 05:49:09,721][root][INFO] - Epoch [4/5], Batch [126/300], Loss: 1.1353 (Overall: 0.7952, Change: 1.3089), TF Ratio: 0.795
[2026-06-15 05:49:09,872][root][INFO] - Epoch [4/5], Batch [127/300], Loss: 1.1370 (Overall: 1.0937, Change: 1.6130), TF Ratio: 0.795
[2026-06-15 05:49:19,905][root][INFO] - Epoch [4/5], Batch [128/300], Loss: 1.1356 (Overall: 0.7954, Change: 1.1247), TF Ratio: 0.794
[2026-06-15 05:49:20,055][root][INFO] - Epoch [4/5], Batch [129/300], Loss: 1.1350 (Overall: 0.7396, Change: 1.3737), TF Ratio: 0.794
[2026-06-15 05:49:20,205][root][INFO] - Epoch [4/5], Batch [130/300], Loss: 1.1348 (Overall: 0.8146, Change: 1.3985), TF Ratio: 0.794
[2026-06-15 05:49:20,356][root][INFO] - Epoch [4/5], Batch [131/300], Loss: 1.1344 (Overall: 0.7117, Change: 1.4676), TF Ratio: 0.794
[2026-06-15 05:49:20,507][root][INFO] - Epoch [4/5], Batch [132/300], Loss: 1.1322 (Overall: 0.6267, Change: 1.0687), TF Ratio: 0.794
[2026-06-15 05:49:20,657][root][INFO] - Epoch [4/5], Batch [133/300], Loss: 1.1329 (Overall: 0.9148, Change: 1.5296), TF Ratio: 0.793
[2026-06-15 05:49:20,807][root][INFO] - Epoch [4/5], Batch [134/300], Loss: 1.1309 (Overall: 0.6012, Change: 1.1235), TF Ratio: 0.793
[2026-06-15 05:49:20,957][root][INFO] - Epoch [4/5], Batch [135/300], Loss: 1.1332 (Overall: 1.2131, Change: 1.6739), TF Ratio: 0.793
[2026-06-15 05:49:32,372][root][INFO] - Epoch [4/5], Batch [136/300], Loss: 1.1307 (Overall: 0.5954, Change: 0.9929), TF Ratio: 0.793
[2026-06-15 05:49:32,522][root][INFO] - Epoch [4/5], Batch [137/300], Loss: 1.1292 (Overall: 0.6033, Change: 1.2490), TF Ratio: 0.793
[2026-06-15 05:49:32,672][root][INFO] - Epoch [4/5], Batch [138/300], Loss: 1.1293 (Overall: 0.9342, Change: 1.3335), TF Ratio: 0.792
[2026-06-15 05:49:32,822][root][INFO] - Epoch [4/5], Batch [139/300], Loss: 1.1339 (Overall: 1.9731, Change: 1.5614), TF Ratio: 0.792
[2026-06-15 05:49:32,974][root][INFO] - Epoch [4/5], Batch [140/300], Loss: 1.1374 (Overall: 1.6041, Change: 1.6582), TF Ratio: 0.792
[2026-06-15 05:49:33,124][root][INFO] - Epoch [4/5], Batch [141/300], Loss: 1.1374 (Overall: 1.0177, Change: 1.2616), TF Ratio: 0.792
[2026-06-15 05:49:33,274][root][INFO] - Epoch [4/5], Batch [142/300], Loss: 1.1353 (Overall: 0.6378, Change: 1.0442), TF Ratio: 0.792
[2026-06-15 05:49:33,425][root][INFO] - Epoch [4/5], Batch [143/300], Loss: 1.1350 (Overall: 0.8323, Change: 1.3512), TF Ratio: 0.791
[2026-06-15 05:49:42,602][root][INFO] - Epoch [4/5], Batch [144/300], Loss: 1.1343 (Overall: 0.8459, Change: 1.2130), TF Ratio: 0.791
[2026-06-15 05:49:42,752][root][INFO] - Epoch [4/5], Batch [145/300], Loss: 1.1334 (Overall: 0.8429, Change: 1.1771), TF Ratio: 0.791
[2026-06-15 05:49:42,902][root][INFO] - Epoch [4/5], Batch [146/300], Loss: 1.1313 (Overall: 0.8008, Change: 0.8371), TF Ratio: 0.791
[2026-06-15 05:49:43,052][root][INFO] - Epoch [4/5], Batch [147/300], Loss: 1.1314 (Overall: 0.6832, Change: 1.6003), TF Ratio: 0.791
[2026-06-15 05:49:43,204][root][INFO] - Epoch [4/5], Batch [148/300], Loss: 1.1300 (Overall: 0.7336, Change: 1.1235), TF Ratio: 0.790
[2026-06-15 05:49:43,354][root][INFO] - Epoch [4/5], Batch [149/300], Loss: 1.1294 (Overall: 0.5799, Change: 1.5020), TF Ratio: 0.790
[2026-06-15 05:49:43,504][root][INFO] - Epoch [4/5], Batch [150/300], Loss: 1.1336 (Overall: 0.9275, Change: 2.6049), TF Ratio: 0.790
[2026-06-15 05:49:43,655][root][INFO] - Epoch [4/5], Batch [151/300], Loss: 1.1329 (Overall: 0.8366, Change: 1.2189), TF Ratio: 0.790
[2026-06-15 05:49:52,901][root][INFO] - Epoch [4/5], Batch [152/300], Loss: 1.1325 (Overall: 0.7743, Change: 1.3510), TF Ratio: 0.790
[2026-06-15 05:49:53,050][root][INFO] - Epoch [4/5], Batch [153/300], Loss: 1.1334 (Overall: 0.9475, Change: 1.6089), TF Ratio: 0.789
[2026-06-15 05:49:53,201][root][INFO] - Epoch [4/5], Batch [154/300], Loss: 1.1352 (Overall: 1.1715, Change: 1.6578), TF Ratio: 0.789
[2026-06-15 05:49:53,351][root][INFO] - Epoch [4/5], Batch [155/300], Loss: 1.1354 (Overall: 0.8397, Change: 1.4642), TF Ratio: 0.789
[2026-06-15 05:49:53,502][root][INFO] - Epoch [4/5], Batch [156/300], Loss: 1.1354 (Overall: 0.8432, Change: 1.4470), TF Ratio: 0.789
[2026-06-15 05:49:53,653][root][INFO] - Epoch [4/5], Batch [157/300], Loss: 1.1358 (Overall: 0.9150, Change: 1.4744), TF Ratio: 0.789
[2026-06-15 05:49:53,804][root][INFO] - Epoch [4/5], Batch [158/300], Loss: 1.1348 (Overall: 0.8375, Change: 1.1081), TF Ratio: 0.788
[2026-06-15 05:49:53,955][root][INFO] - Epoch [4/5], Batch [159/300], Loss: 1.1353 (Overall: 1.1541, Change: 1.2920), TF Ratio: 0.788
[2026-06-15 05:50:06,194][root][INFO] - Epoch [4/5], Batch [160/300], Loss: 1.1336 (Overall: 0.6010, Change: 1.1195), TF Ratio: 0.788
[2026-06-15 05:50:06,344][root][INFO] - Epoch [4/5], Batch [161/300], Loss: 1.1326 (Overall: 0.6438, Change: 1.3065), TF Ratio: 0.788
[2026-06-15 05:50:06,493][root][INFO] - Epoch [4/5], Batch [162/300], Loss: 1.1391 (Overall: 1.8530, Change: 2.5237), TF Ratio: 0.788
[2026-06-15 05:50:06,643][root][INFO] - Epoch [4/5], Batch [163/300], Loss: 1.1383 (Overall: 0.7681, Change: 1.2418), TF Ratio: 0.787
[2026-06-15 05:50:06,794][root][INFO] - Epoch [4/5], Batch [164/300], Loss: 1.1393 (Overall: 1.0922, Change: 1.5109), TF Ratio: 0.787
[2026-06-15 05:50:06,943][root][INFO] - Epoch [4/5], Batch [165/300], Loss: 1.1419 (Overall: 1.0002, Change: 2.1271), TF Ratio: 0.787
[2026-06-15 05:50:07,093][root][INFO] - Epoch [4/5], Batch [166/300], Loss: 1.1428 (Overall: 0.9935, Change: 1.5953), TF Ratio: 0.787
[2026-06-15 05:50:07,243][root][INFO] - Epoch [4/5], Batch [167/300], Loss: 1.1427 (Overall: 0.7428, Change: 1.5030), TF Ratio: 0.787
[2026-06-15 05:50:16,799][root][INFO] - Epoch [4/5], Batch [168/300], Loss: 1.1424 (Overall: 0.6684, Change: 1.5098), TF Ratio: 0.786
[2026-06-15 05:50:16,950][root][INFO] - Epoch [4/5], Batch [169/300], Loss: 1.1424 (Overall: 0.7001, Change: 1.5947), TF Ratio: 0.786
[2026-06-15 05:50:17,100][root][INFO] - Epoch [4/5], Batch [170/300], Loss: 1.1409 (Overall: 0.7661, Change: 1.0071), TF Ratio: 0.786
[2026-06-15 05:50:17,250][root][INFO] - Epoch [4/5], Batch [171/300], Loss: 1.1414 (Overall: 0.8119, Change: 1.6442), TF Ratio: 0.786
[2026-06-15 05:50:17,401][root][INFO] - Epoch [4/5], Batch [172/300], Loss: 1.1408 (Overall: 0.8467, Change: 1.2347), TF Ratio: 0.786
[2026-06-15 05:50:17,551][root][INFO] - Epoch [4/5], Batch [173/300], Loss: 1.1416 (Overall: 0.7289, Change: 1.8378), TF Ratio: 0.785
[2026-06-15 05:50:17,701][root][INFO] - Epoch [4/5], Batch [174/300], Loss: 1.1412 (Overall: 0.8263, Change: 1.2967), TF Ratio: 0.785
[2026-06-15 05:50:17,852][root][INFO] - Epoch [4/5], Batch [175/300], Loss: 1.1429 (Overall: 1.1003, Change: 1.7737), TF Ratio: 0.785
[2026-06-15 05:50:26,572][root][INFO] - Epoch [4/5], Batch [176/300], Loss: 1.1433 (Overall: 0.8549, Change: 1.5877), TF Ratio: 0.785
[2026-06-15 05:50:26,723][root][INFO] - Epoch [4/5], Batch [177/300], Loss: 1.1421 (Overall: 0.5895, Change: 1.2724), TF Ratio: 0.785
[2026-06-15 05:50:26,873][root][INFO] - Epoch [4/5], Batch [178/300], Loss: 1.1419 (Overall: 1.1122, Change: 1.1035), TF Ratio: 0.784
[2026-06-15 05:50:27,023][root][INFO] - Epoch [4/5], Batch [179/300], Loss: 1.1427 (Overall: 1.0103, Change: 1.5377), TF Ratio: 0.784
[2026-06-15 05:50:27,174][root][INFO] - Epoch [4/5], Batch [180/300], Loss: 1.1421 (Overall: 0.7023, Change: 1.3703), TF Ratio: 0.784
[2026-06-15 05:50:27,324][root][INFO] - Epoch [4/5], Batch [181/300], Loss: 1.1426 (Overall: 1.0321, Change: 1.4492), TF Ratio: 0.784
[2026-06-15 05:50:27,475][root][INFO] - Epoch [4/5], Batch [182/300], Loss: 1.1414 (Overall: 0.8407, Change: 1.0086), TF Ratio: 0.784
[2026-06-15 05:50:27,625][root][INFO] - Epoch [4/5], Batch [183/300], Loss: 1.1414 (Overall: 0.8562, Change: 1.4420), TF Ratio: 0.783
[2026-06-15 05:50:36,872][root][INFO] - Epoch [4/5], Batch [184/300], Loss: 1.1418 (Overall: 0.8608, Change: 1.5601), TF Ratio: 0.783
[2026-06-15 05:50:37,022][root][INFO] - Epoch [4/5], Batch [185/300], Loss: 1.1404 (Overall: 0.6250, Change: 1.1380), TF Ratio: 0.783
[2026-06-15 05:50:37,172][root][INFO] - Epoch [4/5], Batch [186/300], Loss: 1.1407 (Overall: 1.0780, Change: 1.2960), TF Ratio: 0.783
[2026-06-15 05:50:37,323][root][INFO] - Epoch [4/5], Batch [187/300], Loss: 1.1411 (Overall: 0.6916, Change: 1.7386), TF Ratio: 0.783
[2026-06-15 05:50:37,475][root][INFO] - Epoch [4/5], Batch [188/300], Loss: 1.1401 (Overall: 0.6472, Change: 1.2695), TF Ratio: 0.782
[2026-06-15 05:50:37,625][root][INFO] - Epoch [4/5], Batch [189/300], Loss: 1.1401 (Overall: 0.8961, Change: 1.3878), TF Ratio: 0.782
[2026-06-15 05:50:37,775][root][INFO] - Epoch [4/5], Batch [190/300], Loss: 1.1410 (Overall: 1.2857, Change: 1.3254), TF Ratio: 0.782
[2026-06-15 05:50:37,925][root][INFO] - Epoch [4/5], Batch [191/300], Loss: 1.1413 (Overall: 0.8454, Change: 1.5501), TF Ratio: 0.782
[2026-06-15 05:50:47,570][root][INFO] - Epoch [4/5], Batch [192/300], Loss: 1.1417 (Overall: 1.0301, Change: 1.4027), TF Ratio: 0.782
[2026-06-15 05:50:47,720][root][INFO] - Epoch [4/5], Batch [193/300], Loss: 1.1399 (Overall: 0.5590, Change: 1.0526), TF Ratio: 0.781
[2026-06-15 05:50:47,871][root][INFO] - Epoch [4/5], Batch [194/300], Loss: 1.1385 (Overall: 0.5747, Change: 1.1393), TF Ratio: 0.781
[2026-06-15 05:50:48,021][root][INFO] - Epoch [4/5], Batch [195/300], Loss: 1.1394 (Overall: 0.9737, Change: 1.6778), TF Ratio: 0.781
[2026-06-15 05:50:48,175][root][INFO] - Epoch [4/5], Batch [196/300], Loss: 1.1384 (Overall: 0.7188, Change: 1.1476), TF Ratio: 0.781
[2026-06-15 05:50:48,325][root][INFO] - Epoch [4/5], Batch [197/300], Loss: 1.1367 (Overall: 0.7502, Change: 0.8678), TF Ratio: 0.781
[2026-06-15 05:50:48,475][root][INFO] - Epoch [4/5], Batch [198/300], Loss: 1.1353 (Overall: 0.6194, Change: 1.0807), TF Ratio: 0.780
[2026-06-15 05:50:48,625][root][INFO] - Epoch [4/5], Batch [199/300], Loss: 1.1341 (Overall: 0.7386, Change: 1.0800), TF Ratio: 0.780
[2026-06-15 05:51:00,077][root][INFO] - Epoch [4/5], Batch [200/300], Loss: 1.1344 (Overall: 0.7488, Change: 1.6282), TF Ratio: 0.780
[2026-06-15 05:51:00,227][root][INFO] - Epoch [4/5], Batch [201/300], Loss: 1.1339 (Overall: 0.7156, Change: 1.3455), TF Ratio: 0.780
[2026-06-15 05:51:00,376][root][INFO] - Epoch [4/5], Batch [202/300], Loss: 1.1345 (Overall: 1.1333, Change: 1.3814), TF Ratio: 0.780
[2026-06-15 05:51:00,527][root][INFO] - Epoch [4/5], Batch [203/300], Loss: 1.1343 (Overall: 0.6924, Change: 1.4848), TF Ratio: 0.779
[2026-06-15 05:51:00,678][root][INFO] - Epoch [4/5], Batch [204/300], Loss: 1.1341 (Overall: 0.7787, Change: 1.4109), TF Ratio: 0.779
[2026-06-15 05:51:00,828][root][INFO] - Epoch [4/5], Batch [205/300], Loss: 1.1337 (Overall: 0.7149, Change: 1.4198), TF Ratio: 0.779
[2026-06-15 05:51:00,978][root][INFO] - Epoch [4/5], Batch [206/300], Loss: 1.1327 (Overall: 0.7698, Change: 1.0566), TF Ratio: 0.779
[2026-06-15 05:51:01,128][root][INFO] - Epoch [4/5], Batch [207/300], Loss: 1.1334 (Overall: 1.0067, Change: 1.5445), TF Ratio: 0.779
[2026-06-15 05:51:10,222][root][INFO] - Epoch [4/5], Batch [208/300], Loss: 1.1335 (Overall: 1.0680, Change: 1.2547), TF Ratio: 0.778
[2026-06-15 05:51:10,372][root][INFO] - Epoch [4/5], Batch [209/300], Loss: 1.1330 (Overall: 0.6161, Change: 1.4609), TF Ratio: 0.778
[2026-06-15 05:51:10,523][root][INFO] - Epoch [4/5], Batch [210/300], Loss: 1.1331 (Overall: 0.8757, Change: 1.4058), TF Ratio: 0.778
[2026-06-15 05:51:10,673][root][INFO] - Epoch [4/5], Batch [211/300], Loss: 1.1314 (Overall: 0.5545, Change: 1.0146), TF Ratio: 0.778
[2026-06-15 05:51:10,825][root][INFO] - Epoch [4/5], Batch [212/300], Loss: 1.1310 (Overall: 0.6738, Change: 1.3911), TF Ratio: 0.778
[2026-06-15 05:51:10,975][root][INFO] - Epoch [4/5], Batch [213/300], Loss: 1.1312 (Overall: 0.7582, Change: 1.5986), TF Ratio: 0.777
[2026-06-15 05:51:11,125][root][INFO] - Epoch [4/5], Batch [214/300], Loss: 1.1301 (Overall: 0.7547, Change: 1.0452), TF Ratio: 0.777
[2026-06-15 05:51:11,275][root][INFO] - Epoch [4/5], Batch [215/300], Loss: 1.1307 (Overall: 0.8215, Change: 1.7131), TF Ratio: 0.777
[2026-06-15 05:51:19,881][root][INFO] - Epoch [4/5], Batch [216/300], Loss: 1.1300 (Overall: 0.7204, Change: 1.2268), TF Ratio: 0.777
[2026-06-15 05:51:20,032][root][INFO] - Epoch [4/5], Batch [217/300], Loss: 1.1285 (Overall: 0.6755, Change: 0.9412), TF Ratio: 0.777
[2026-06-15 05:51:20,182][root][INFO] - Epoch [4/5], Batch [218/300], Loss: 1.1279 (Overall: 0.6694, Change: 1.3203), TF Ratio: 0.776
[2026-06-15 05:51:20,333][root][INFO] - Epoch [4/5], Batch [219/300], Loss: 1.1282 (Overall: 0.7509, Change: 1.6461), TF Ratio: 0.776
[2026-06-15 05:51:20,484][root][INFO] - Epoch [4/5], Batch [220/300], Loss: 1.1289 (Overall: 1.0769, Change: 1.4584), TF Ratio: 0.776
[2026-06-15 05:51:20,634][root][INFO] - Epoch [4/5], Batch [221/300], Loss: 1.1293 (Overall: 1.0179, Change: 1.4334), TF Ratio: 0.776
[2026-06-15 05:51:20,784][root][INFO] - Epoch [4/5], Batch [222/300], Loss: 1.1288 (Overall: 0.9961, Change: 1.0423), TF Ratio: 0.776
[2026-06-15 05:51:20,935][root][INFO] - Epoch [4/5], Batch [223/300], Loss: 1.1284 (Overall: 0.7170, Change: 1.3468), TF Ratio: 0.775
[2026-06-15 05:51:30,522][root][INFO] - Epoch [4/5], Batch [224/300], Loss: 1.1284 (Overall: 0.7641, Change: 1.4997), TF Ratio: 0.775
[2026-06-15 05:51:30,672][root][INFO] - Epoch [4/5], Batch [225/300], Loss: 1.1285 (Overall: 0.7111, Change: 1.5868), TF Ratio: 0.775
[2026-06-15 05:51:30,822][root][INFO] - Epoch [4/5], Batch [226/300], Loss: 1.1286 (Overall: 0.6658, Change: 1.6434), TF Ratio: 0.775
[2026-06-15 05:51:30,973][root][INFO] - Epoch [4/5], Batch [227/300], Loss: 1.1285 (Overall: 0.6653, Change: 1.5487), TF Ratio: 0.775
[2026-06-15 05:51:31,124][root][INFO] - Epoch [4/5], Batch [228/300], Loss: 1.1287 (Overall: 0.7963, Change: 1.5364), TF Ratio: 0.774
[2026-06-15 05:51:31,274][root][INFO] - Epoch [4/5], Batch [229/300], Loss: 1.1282 (Overall: 0.5988, Change: 1.4529), TF Ratio: 0.774
[2026-06-15 05:51:31,424][root][INFO] - Epoch [4/5], Batch [230/300], Loss: 1.1284 (Overall: 0.6948, Change: 1.6530), TF Ratio: 0.774
[2026-06-15 05:51:31,574][root][INFO] - Epoch [4/5], Batch [231/300], Loss: 1.1289 (Overall: 1.0341, Change: 1.4583), TF Ratio: 0.774
[2026-06-15 05:51:43,028][root][INFO] - Epoch [4/5], Batch [232/300], Loss: 1.1290 (Overall: 0.9484, Change: 1.3265), TF Ratio: 0.774
[2026-06-15 05:51:43,178][root][INFO] - Epoch [4/5], Batch [233/300], Loss: 1.1277 (Overall: 0.6854, Change: 0.9822), TF Ratio: 0.773
[2026-06-15 05:51:43,328][root][INFO] - Epoch [4/5], Batch [234/300], Loss: 1.1278 (Overall: 0.9407, Change: 1.3391), TF Ratio: 0.773
[2026-06-15 05:51:43,478][root][INFO] - Epoch [4/5], Batch [235/300], Loss: 1.1271 (Overall: 0.6423, Change: 1.3241), TF Ratio: 0.773
[2026-06-15 05:51:43,629][root][INFO] - Epoch [4/5], Batch [236/300], Loss: 1.1263 (Overall: 0.8923, Change: 0.9721), TF Ratio: 0.773
[2026-06-15 05:51:43,779][root][INFO] - Epoch [4/5], Batch [237/300], Loss: 1.1262 (Overall: 0.7442, Change: 1.4665), TF Ratio: 0.773
[2026-06-15 05:51:43,929][root][INFO] - Epoch [4/5], Batch [238/300], Loss: 1.1258 (Overall: 0.7281, Change: 1.3098), TF Ratio: 0.772
[2026-06-15 05:51:44,080][root][INFO] - Epoch [4/5], Batch [239/300], Loss: 1.1259 (Overall: 0.4859, Change: 1.8437), TF Ratio: 0.772
[2026-06-15 05:51:53,076][root][INFO] - Epoch [4/5], Batch [240/300], Loss: 1.1250 (Overall: 0.5507, Change: 1.2710), TF Ratio: 0.772
[2026-06-15 05:51:53,226][root][INFO] - Epoch [4/5], Batch [241/300], Loss: 1.1251 (Overall: 0.8473, Change: 1.4246), TF Ratio: 0.772
[2026-06-15 05:51:53,377][root][INFO] - Epoch [4/5], Batch [242/300], Loss: 1.1244 (Overall: 0.6566, Change: 1.2620), TF Ratio: 0.772
[2026-06-15 05:51:53,527][root][INFO] - Epoch [4/5], Batch [243/300], Loss: 1.1259 (Overall: 1.2259, Change: 1.7414), TF Ratio: 0.771
[2026-06-15 05:51:53,678][root][INFO] - Epoch [4/5], Batch [244/300], Loss: 1.1263 (Overall: 0.7893, Change: 1.6764), TF Ratio: 0.771
[2026-06-15 05:51:53,828][root][INFO] - Epoch [4/5], Batch [245/300], Loss: 1.1256 (Overall: 0.7351, Change: 1.1779), TF Ratio: 0.771
[2026-06-15 05:51:53,978][root][INFO] - Epoch [4/5], Batch [246/300], Loss: 1.1240 (Overall: 0.5802, Change: 0.8772), TF Ratio: 0.771
[2026-06-15 05:51:54,129][root][INFO] - Epoch [4/5], Batch [247/300], Loss: 1.1239 (Overall: 0.6787, Change: 1.5113), TF Ratio: 0.771
[2026-06-15 05:52:03,142][root][INFO] - Epoch [4/5], Batch [248/300], Loss: 1.1246 (Overall: 0.7283, Change: 1.8874), TF Ratio: 0.770
[2026-06-15 05:52:03,292][root][INFO] - Epoch [4/5], Batch [249/300], Loss: 1.1248 (Overall: 0.9407, Change: 1.3745), TF Ratio: 0.770
[2026-06-15 05:52:03,442][root][INFO] - Epoch [4/5], Batch [250/300], Loss: 1.1246 (Overall: 0.8346, Change: 1.3470), TF Ratio: 0.770
[2026-06-15 05:52:03,592][root][INFO] - Epoch [4/5], Batch [251/300], Loss: 1.1239 (Overall: 0.5998, Change: 1.2894), TF Ratio: 0.770
[2026-06-15 05:52:03,743][root][INFO] - Epoch [4/5], Batch [252/300], Loss: 1.1245 (Overall: 1.0920, Change: 1.4297), TF Ratio: 0.770
[2026-06-15 05:52:03,893][root][INFO] - Epoch [4/5], Batch [253/300], Loss: 1.1242 (Overall: 0.7271, Change: 1.4090), TF Ratio: 0.769
[2026-06-15 05:52:04,044][root][INFO] - Epoch [4/5], Batch [254/300], Loss: 1.1251 (Overall: 0.7898, Change: 1.8914), TF Ratio: 0.769
[2026-06-15 05:52:04,203][root][INFO] - Epoch [4/5], Batch [255/300], Loss: 1.1248 (Overall: 0.7578, Change: 1.3656), TF Ratio: 0.769
[2026-06-15 05:52:14,534][root][INFO] - Epoch [4/5], Batch [256/300], Loss: 1.1242 (Overall: 0.6902, Change: 1.2488), TF Ratio: 0.769
[2026-06-15 05:52:14,684][root][INFO] - Epoch [4/5], Batch [257/300], Loss: 1.1239 (Overall: 0.7971, Change: 1.2932), TF Ratio: 0.769
[2026-06-15 05:52:14,834][root][INFO] - Epoch [4/5], Batch [258/300], Loss: 1.1247 (Overall: 0.5903, Change: 2.0389), TF Ratio: 0.768
[2026-06-15 05:52:14,985][root][INFO] - Epoch [4/5], Batch [259/300], Loss: 1.1250 (Overall: 0.7027, Change: 1.7238), TF Ratio: 0.768
[2026-06-15 05:52:15,135][root][INFO] - Epoch [4/5], Batch [260/300], Loss: 1.1243 (Overall: 0.7548, Change: 1.1109), TF Ratio: 0.768
[2026-06-15 05:52:15,285][root][INFO] - Epoch [4/5], Batch [261/300], Loss: 1.1236 (Overall: 0.5115, Change: 1.3699), TF Ratio: 0.768
[2026-06-15 05:52:15,436][root][INFO] - Epoch [4/5], Batch [262/300], Loss: 1.1247 (Overall: 0.8196, Change: 2.0399), TF Ratio: 0.768
[2026-06-15 05:52:15,586][root][INFO] - Epoch [4/5], Batch [263/300], Loss: 1.1233 (Overall: 0.5821, Change: 0.8909), TF Ratio: 0.767
[2026-06-15 05:52:25,259][root][INFO] - Epoch [4/5], Batch [264/300], Loss: 1.1233 (Overall: 0.8126, Change: 1.4415), TF Ratio: 0.767
[2026-06-15 05:52:25,409][root][INFO] - Epoch [4/5], Batch [265/300], Loss: 1.1226 (Overall: 0.6572, Change: 1.2240), TF Ratio: 0.767
[2026-06-15 05:52:25,559][root][INFO] - Epoch [4/5], Batch [266/300], Loss: 1.1235 (Overall: 1.1761, Change: 1.5518), TF Ratio: 0.767
[2026-06-15 05:52:25,710][root][INFO] - Epoch [4/5], Batch [267/300], Loss: 1.1236 (Overall: 0.8620, Change: 1.4528), TF Ratio: 0.767
[2026-06-15 05:52:25,861][root][INFO] - Epoch [4/5], Batch [268/300], Loss: 1.1238 (Overall: 0.8835, Change: 1.4443), TF Ratio: 0.766
[2026-06-15 05:52:26,011][root][INFO] - Epoch [4/5], Batch [269/300], Loss: 1.1243 (Overall: 1.1065, Change: 1.4102), TF Ratio: 0.766
[2026-06-15 05:52:26,162][root][INFO] - Epoch [4/5], Batch [270/300], Loss: 1.1252 (Overall: 0.6502, Change: 2.1076), TF Ratio: 0.766
[2026-06-15 05:52:26,312][root][INFO] - Epoch [4/5], Batch [271/300], Loss: 1.1244 (Overall: 0.6961, Change: 1.0935), TF Ratio: 0.766
[2026-06-15 05:52:35,298][root][INFO] - Epoch [4/5], Batch [272/300], Loss: 1.1245 (Overall: 1.0575, Change: 1.2716), TF Ratio: 0.766
[2026-06-15 05:52:35,449][root][INFO] - Epoch [4/5], Batch [273/300], Loss: 1.1241 (Overall: 0.8344, Change: 1.2002), TF Ratio: 0.765
[2026-06-15 05:52:35,599][root][INFO] - Epoch [4/5], Batch [274/300], Loss: 1.1232 (Overall: 0.5629, Change: 1.1652), TF Ratio: 0.765
[2026-06-15 05:52:35,749][root][INFO] - Epoch [4/5], Batch [275/300], Loss: 1.1231 (Overall: 0.8006, Change: 1.3992), TF Ratio: 0.765
[2026-06-15 05:52:35,900][root][INFO] - Epoch [4/5], Batch [276/300], Loss: 1.1234 (Overall: 1.0264, Change: 1.4005), TF Ratio: 0.765
[2026-06-15 05:52:36,051][root][INFO] - Epoch [4/5], Batch [277/300], Loss: 1.1244 (Overall: 0.6881, Change: 2.1004), TF Ratio: 0.765
[2026-06-15 05:52:36,201][root][INFO] - Epoch [4/5], Batch [278/300], Loss: 1.1239 (Overall: 0.6079, Change: 1.3747), TF Ratio: 0.764
[2026-06-15 05:52:36,352][root][INFO] - Epoch [4/5], Batch [279/300], Loss: 1.1238 (Overall: 0.8390, Change: 1.3571), TF Ratio: 0.764
[2026-06-15 05:52:45,425][root][INFO] - Epoch [4/5], Batch [280/300], Loss: 1.1232 (Overall: 0.6702, Change: 1.2383), TF Ratio: 0.764
[2026-06-15 05:52:45,576][root][INFO] - Epoch [4/5], Batch [281/300], Loss: 1.1225 (Overall: 0.5614, Change: 1.2654), TF Ratio: 0.764
[2026-06-15 05:52:45,726][root][INFO] - Epoch [4/5], Batch [282/300], Loss: 1.1237 (Overall: 1.4391, Change: 1.5121), TF Ratio: 0.764
[2026-06-15 05:52:45,876][root][INFO] - Epoch [4/5], Batch [283/300], Loss: 1.1244 (Overall: 1.0867, Change: 1.5755), TF Ratio: 0.763
[2026-06-15 05:52:46,027][root][INFO] - Epoch [4/5], Batch [284/300], Loss: 1.1250 (Overall: 0.8513, Change: 1.7284), TF Ratio: 0.763
[2026-06-15 05:52:46,177][root][INFO] - Epoch [4/5], Batch [285/300], Loss: 1.1251 (Overall: 0.7719, Change: 1.5261), TF Ratio: 0.763
[2026-06-15 05:52:46,327][root][INFO] - Epoch [4/5], Batch [286/300], Loss: 1.1249 (Overall: 0.7250, Change: 1.4068), TF Ratio: 0.763
[2026-06-15 05:52:46,478][root][INFO] - Epoch [4/5], Batch [287/300], Loss: 1.1252 (Overall: 0.7992, Change: 1.6032), TF Ratio: 0.763
[2026-06-15 05:52:55,307][root][INFO] - Epoch [4/5], Batch [288/300], Loss: 1.1253 (Overall: 0.9037, Change: 1.3972), TF Ratio: 0.762
[2026-06-15 05:52:55,457][root][INFO] - Epoch [4/5], Batch [289/300], Loss: 1.1246 (Overall: 0.7426, Change: 1.1240), TF Ratio: 0.762
[2026-06-15 05:52:55,608][root][INFO] - Epoch [4/5], Batch [290/300], Loss: 1.1240 (Overall: 0.5936, Change: 1.3307), TF Ratio: 0.762
[2026-06-15 05:52:55,758][root][INFO] - Epoch [4/5], Batch [291/300], Loss: 1.1249 (Overall: 0.8673, Change: 1.8931), TF Ratio: 0.762
[2026-06-15 05:52:55,910][root][INFO] - Epoch [4/5], Batch [292/300], Loss: 1.1239 (Overall: 0.5461, Change: 1.1018), TF Ratio: 0.762
[2026-06-15 05:52:56,059][root][INFO] - Epoch [4/5], Batch [293/300], Loss: 1.1233 (Overall: 1.0297, Change: 0.8674), TF Ratio: 0.761
[2026-06-15 05:52:56,210][root][INFO] - Epoch [4/5], Batch [294/300], Loss: 1.1229 (Overall: 0.7647, Change: 1.2711), TF Ratio: 0.761
[2026-06-15 05:52:56,360][root][INFO] - Epoch [4/5], Batch [295/300], Loss: 1.1231 (Overall: 1.1283, Change: 1.2332), TF Ratio: 0.761
[2026-06-15 05:53:04,970][root][INFO] - Epoch [4/5], Batch [296/300], Loss: 1.1235 (Overall: 1.0262, Change: 1.4147), TF Ratio: 0.761
[2026-06-15 05:53:05,120][root][INFO] - Epoch [4/5], Batch [297/300], Loss: 1.1235 (Overall: 0.9426, Change: 1.3099), TF Ratio: 0.761
[2026-06-15 05:53:05,271][root][INFO] - Epoch [4/5], Batch [298/300], Loss: 1.1244 (Overall: 1.1767, Change: 1.6346), TF Ratio: 0.760
[2026-06-15 05:53:05,421][root][INFO] - Epoch [4/5], Batch [299/300], Loss: 1.1238 (Overall: 0.8607, Change: 1.0430), TF Ratio: 0.760
[2026-06-15 05:53:05,573][root][INFO] - Epoch [4/5], Batch [300/300], Loss: 1.1228 (Overall: 0.6086, Change: 1.0101), TF Ratio: 0.760
[2026-06-15 05:53:16,296][root][INFO] - Epoch 4 done. Validating...
[2026-06-15 05:53:51,543][root][INFO] - Epoch [4/5] | Train: 1.1228 | Val: 0.5743
[2026-06-15 05:53:51,737][root][INFO] - Checkpoint saved: /gpfs/scratch/bsc32/bsc096444/ai4land-tfm/trained_models/unet_impl/41799699/best_model.pth
[2026-06-15 05:53:51,936][root][INFO] - Checkpoint saved: /gpfs/scratch/bsc32/bsc096444/ai4land-tfm/trained_models/unet_impl/41799699/model_epoch_4.pth
[2026-06-15 05:54:05,903][root][INFO] - Epoch [5/5], Batch [1/300], Loss: 1.0270 (Overall: 0.8155, Change: 1.2385), TF Ratio: 0.760
[2026-06-15 05:54:06,053][root][INFO] - Epoch [5/5], Batch [2/300], Loss: 1.1165 (Overall: 1.0871, Change: 1.3250), TF Ratio: 0.760
[2026-06-15 05:54:06,204][root][INFO] - Epoch [5/5], Batch [3/300], Loss: 1.0732 (Overall: 1.0278, Change: 0.9452), TF Ratio: 0.759
[2026-06-15 05:54:06,355][root][INFO] - Epoch [5/5], Batch [4/300], Loss: 1.0913 (Overall: 0.9929, Change: 1.2988), TF Ratio: 0.759
[2026-06-15 05:54:06,506][root][INFO] - Epoch [5/5], Batch [5/300], Loss: 1.1861 (Overall: 0.8397, Change: 2.2905), TF Ratio: 0.759
[2026-06-15 05:54:06,656][root][INFO] - Epoch [5/5], Batch [6/300], Loss: 1.1400 (Overall: 0.7220, Change: 1.0975), TF Ratio: 0.759
[2026-06-15 05:54:06,808][root][INFO] - Epoch [5/5], Batch [7/300], Loss: 1.1090 (Overall: 0.6203, Change: 1.2249), TF Ratio: 0.759
[2026-06-15 05:54:17,338][root][INFO] - Epoch [5/5], Batch [8/300], Loss: 1.1157 (Overall: 0.9410, Change: 1.3854), TF Ratio: 0.758
[2026-06-15 05:54:17,488][root][INFO] - Epoch [5/5], Batch [9/300], Loss: 1.1216 (Overall: 0.8651, Change: 1.4709), TF Ratio: 0.758
[2026-06-15 05:54:17,638][root][INFO] - Epoch [5/5], Batch [10/300], Loss: 1.1044 (Overall: 0.9230, Change: 0.9765), TF Ratio: 0.758
[2026-06-15 05:54:17,789][root][INFO] - Epoch [5/5], Batch [11/300], Loss: 1.0975 (Overall: 0.8296, Change: 1.2283), TF Ratio: 0.758
[2026-06-15 05:54:17,940][root][INFO] - Epoch [5/5], Batch [12/300], Loss: 1.0964 (Overall: 0.7239, Change: 1.4439), TF Ratio: 0.758
[2026-06-15 05:54:18,090][root][INFO] - Epoch [5/5], Batch [13/300], Loss: 1.0984 (Overall: 0.8764, Change: 1.3691), TF Ratio: 0.757
[2026-06-15 05:54:18,240][root][INFO] - Epoch [5/5], Batch [14/300], Loss: 1.1052 (Overall: 1.1374, Change: 1.2486), TF Ratio: 0.757
[2026-06-15 05:54:18,391][root][INFO] - Epoch [5/5], Batch [15/300], Loss: 1.1034 (Overall: 0.8569, Change: 1.2995), TF Ratio: 0.757
[2026-06-15 05:54:27,621][root][INFO] - Epoch [5/5], Batch [16/300], Loss: 1.1151 (Overall: 1.0383, Change: 1.5453), TF Ratio: 0.757
[2026-06-15 05:54:27,771][root][INFO] - Epoch [5/5], Batch [17/300], Loss: 1.1205 (Overall: 0.9400, Change: 1.4712), TF Ratio: 0.757
[2026-06-15 05:54:27,921][root][INFO] - Epoch [5/5], Batch [18/300], Loss: 1.1255 (Overall: 1.0510, Change: 1.3700), TF Ratio: 0.756
[2026-06-15 05:54:28,071][root][INFO] - Epoch [5/5], Batch [19/300], Loss: 1.1332 (Overall: 1.0402, Change: 1.5061), TF Ratio: 0.756
[2026-06-15 05:54:28,222][root][INFO] - Epoch [5/5], Batch [20/300], Loss: 1.1326 (Overall: 0.9849, Change: 1.2566), TF Ratio: 0.756
[2026-06-15 05:54:28,372][root][INFO] - Epoch [5/5], Batch [21/300], Loss: 1.1331 (Overall: 0.6870, Change: 1.5979), TF Ratio: 0.756
[2026-06-15 05:54:28,522][root][INFO] - Epoch [5/5], Batch [22/300], Loss: 1.1361 (Overall: 1.2451, Change: 1.1550), TF Ratio: 0.756
[2026-06-15 05:54:28,673][root][INFO] - Epoch [5/5], Batch [23/300], Loss: 1.1399 (Overall: 1.0278, Change: 1.4170), TF Ratio: 0.755
[2026-06-15 05:54:39,350][root][INFO] - Epoch [5/5], Batch [24/300], Loss: 1.1382 (Overall: 0.7845, Change: 1.4153), TF Ratio: 0.755
[2026-06-15 05:54:39,500][root][INFO] - Epoch [5/5], Batch [25/300], Loss: 1.1353 (Overall: 0.7842, Change: 1.3471), TF Ratio: 0.755
[2026-06-15 05:54:39,650][root][INFO] - Epoch [5/5], Batch [26/300], Loss: 1.1386 (Overall: 1.0816, Change: 1.3601), TF Ratio: 0.755
[2026-06-15 05:54:39,801][root][INFO] - Epoch [5/5], Batch [27/300], Loss: 1.1250 (Overall: 0.7002, Change: 0.8399), TF Ratio: 0.755
[2026-06-15 05:54:39,952][root][INFO] - Epoch [5/5], Batch [28/300], Loss: 1.1259 (Overall: 0.7503, Change: 1.5546), TF Ratio: 0.754
[2026-06-15 05:54:40,102][root][INFO] - Epoch [5/5], Batch [29/300], Loss: 1.1264 (Overall: 0.7027, Change: 1.5774), TF Ratio: 0.754
[2026-06-15 05:54:40,252][root][INFO] - Epoch [5/5], Batch [30/300], Loss: 1.1210 (Overall: 0.7584, Change: 1.1710), TF Ratio: 0.754
[2026-06-15 05:54:40,402][root][INFO] - Epoch [5/5], Batch [31/300], Loss: 1.1195 (Overall: 0.7823, Change: 1.3668), TF Ratio: 0.754
[2026-06-15 05:54:50,420][root][INFO] - Epoch [5/5], Batch [32/300], Loss: 1.1175 (Overall: 1.0494, Change: 1.0591), TF Ratio: 0.754
[2026-06-15 05:54:50,570][root][INFO] - Epoch [5/5], Batch [33/300], Loss: 1.1215 (Overall: 1.0603, Change: 1.4403), TF Ratio: 0.753
[2026-06-15 05:54:50,720][root][INFO] - Epoch [5/5], Batch [34/300], Loss: 1.1184 (Overall: 0.7972, Change: 1.2370), TF Ratio: 0.753
[2026-06-15 05:54:50,870][root][INFO] - Epoch [5/5], Batch [35/300], Loss: 1.1250 (Overall: 1.1242, Change: 1.5730), TF Ratio: 0.753
[2026-06-15 05:54:51,022][root][INFO] - Epoch [5/5], Batch [36/300], Loss: 1.1235 (Overall: 0.7598, Change: 1.3779), TF Ratio: 0.753
[2026-06-15 05:54:51,171][root][INFO] - Epoch [5/5], Batch [37/300], Loss: 1.1181 (Overall: 0.6569, Change: 1.1946), TF Ratio: 0.753
[2026-06-15 05:54:51,322][root][INFO] - Epoch [5/5], Batch [38/300], Loss: 1.1109 (Overall: 0.6724, Change: 1.0165), TF Ratio: 0.752
[2026-06-15 05:54:51,472][root][INFO] - Epoch [5/5], Batch [39/300], Loss: 1.1156 (Overall: 1.0052, Change: 1.5794), TF Ratio: 0.752
[2026-06-15 05:55:00,452][root][INFO] - Epoch [5/5], Batch [40/300], Loss: 1.1113 (Overall: 0.5243, Change: 1.3666), TF Ratio: 0.752
[2026-06-15 05:55:00,602][root][INFO] - Epoch [5/5], Batch [41/300], Loss: 1.1114 (Overall: 1.0102, Change: 1.2172), TF Ratio: 0.752
[2026-06-15 05:55:00,752][root][INFO] - Epoch [5/5], Batch [42/300], Loss: 1.1142 (Overall: 0.9224, Change: 1.5381), TF Ratio: 0.752
[2026-06-15 05:55:00,902][root][INFO] - Epoch [5/5], Batch [43/300], Loss: 1.1155 (Overall: 0.6912, Change: 1.6447), TF Ratio: 0.751
[2026-06-15 05:55:01,053][root][INFO] - Epoch [5/5], Batch [44/300], Loss: 1.1167 (Overall: 0.9918, Change: 1.3530), TF Ratio: 0.751
[2026-06-15 05:55:01,203][root][INFO] - Epoch [5/5], Batch [45/300], Loss: 1.1174 (Overall: 0.6899, Change: 1.5993), TF Ratio: 0.751
[2026-06-15 05:55:01,354][root][INFO] - Epoch [5/5], Batch [46/300], Loss: 1.1177 (Overall: 0.6168, Change: 1.6458), TF Ratio: 0.751
[2026-06-15 05:55:01,504][root][INFO] - Epoch [5/5], Batch [47/300], Loss: 1.1160 (Overall: 1.0743, Change: 1.0056), TF Ratio: 0.751
[2026-06-15 05:55:10,258][root][INFO] - Epoch [5/5], Batch [48/300], Loss: 1.1114 (Overall: 0.8590, Change: 0.9310), TF Ratio: 0.750
[2026-06-15 05:55:10,408][root][INFO] - Epoch [5/5], Batch [49/300], Loss: 1.1094 (Overall: 1.0009, Change: 1.0259), TF Ratio: 0.750
[2026-06-15 05:55:10,559][root][INFO] - Epoch [5/5], Batch [50/300], Loss: 1.1116 (Overall: 0.7200, Change: 1.7208), TF Ratio: 0.750
[2026-06-15 05:55:10,709][root][INFO] - Epoch [5/5], Batch [51/300], Loss: 1.1143 (Overall: 1.0772, Change: 1.4208), TF Ratio: 0.750
[2026-06-15 05:55:10,860][root][INFO] - Epoch [5/5], Batch [52/300], Loss: 1.1106 (Overall: 0.5580, Change: 1.2795), TF Ratio: 0.750
[2026-06-15 05:55:11,010][root][INFO] - Epoch [5/5], Batch [53/300], Loss: 1.1119 (Overall: 0.8939, Change: 1.4737), TF Ratio: 0.749
[2026-06-15 05:55:11,161][root][INFO] - Epoch [5/5], Batch [54/300], Loss: 1.1114 (Overall: 0.7401, Change: 1.4305), TF Ratio: 0.749
[2026-06-15 05:55:11,311][root][INFO] - Epoch [5/5], Batch [55/300], Loss: 1.1105 (Overall: 0.6346, Change: 1.4807), TF Ratio: 0.749
[2026-06-15 05:55:19,954][root][INFO] - Epoch [5/5], Batch [56/300], Loss: 1.1061 (Overall: 0.7122, Change: 1.0217), TF Ratio: 0.749
[2026-06-15 05:55:20,104][root][INFO] - Epoch [5/5], Batch [57/300], Loss: 1.1086 (Overall: 1.1086, Change: 1.3857), TF Ratio: 0.749
[2026-06-15 05:55:20,255][root][INFO] - Epoch [5/5], Batch [58/300], Loss: 1.1055 (Overall: 0.6815, Change: 1.1769), TF Ratio: 0.748
[2026-06-15 05:55:20,405][root][INFO] - Epoch [5/5], Batch [59/300], Loss: 1.1075 (Overall: 0.9247, Change: 1.5191), TF Ratio: 0.748
[2026-06-15 05:55:20,557][root][INFO] - Epoch [5/5], Batch [60/300], Loss: 1.1076 (Overall: 0.7441, Change: 1.4870), TF Ratio: 0.748
[2026-06-15 05:55:20,707][root][INFO] - Epoch [5/5], Batch [61/300], Loss: 1.1073 (Overall: 0.4756, Change: 1.7011), TF Ratio: 0.748
[2026-06-15 05:55:20,857][root][INFO] - Epoch [5/5], Batch [62/300], Loss: 1.1124 (Overall: 1.3661, Change: 1.4792), TF Ratio: 0.748
[2026-06-15 05:55:21,008][root][INFO] - Epoch [5/5], Batch [63/300], Loss: 1.1160 (Overall: 1.0078, Change: 1.6786), TF Ratio: 0.747
[2026-06-15 05:55:29,328][root][INFO] - Epoch [5/5], Batch [64/300], Loss: 1.1174 (Overall: 0.9259, Change: 1.4827), TF Ratio: 0.747
[2026-06-15 05:55:29,478][root][INFO] - Epoch [5/5], Batch [65/300], Loss: 1.1166 (Overall: 0.6393, Change: 1.4932), TF Ratio: 0.747
[2026-06-15 05:55:29,629][root][INFO] - Epoch [5/5], Batch [66/300], Loss: 1.1170 (Overall: 0.9358, Change: 1.3429), TF Ratio: 0.747
[2026-06-15 05:55:29,779][root][INFO] - Epoch [5/5], Batch [67/300], Loss: 1.1162 (Overall: 0.7887, Change: 1.3442), TF Ratio: 0.747
[2026-06-15 05:55:29,931][root][INFO] - Epoch [5/5], Batch [68/300], Loss: 1.1162 (Overall: 0.7712, Change: 1.4591), TF Ratio: 0.746
[2026-06-15 05:55:30,081][root][INFO] - Epoch [5/5], Batch [69/300], Loss: 1.1161 (Overall: 0.9238, Change: 1.2869), TF Ratio: 0.746
[2026-06-15 05:55:30,776][root][INFO] - Epoch [5/5], Batch [70/300], Loss: 1.1180 (Overall: 0.8327, Change: 1.6783), TF Ratio: 0.746
[2026-06-15 05:55:30,927][root][INFO] - Epoch [5/5], Batch [71/300], Loss: 1.1190 (Overall: 0.5407, Change: 1.8358), TF Ratio: 0.746
[2026-06-15 05:55:44,282][root][INFO] - Epoch [5/5], Batch [72/300], Loss: 1.1197 (Overall: 0.9192, Change: 1.4086), TF Ratio: 0.746
[2026-06-15 05:55:44,433][root][INFO] - Epoch [5/5], Batch [73/300], Loss: 1.1156 (Overall: 0.6530, Change: 0.9932), TF Ratio: 0.745
[2026-06-15 05:55:44,583][root][INFO] - Epoch [5/5], Batch [74/300], Loss: 1.1182 (Overall: 0.9798, Change: 1.6386), TF Ratio: 0.745
[2026-06-15 05:55:44,733][root][INFO] - Epoch [5/5], Batch [75/300], Loss: 1.1206 (Overall: 1.0758, Change: 1.5176), TF Ratio: 0.745
[2026-06-15 05:55:44,885][root][INFO] - Epoch [5/5], Batch [76/300], Loss: 1.1207 (Overall: 0.5613, Change: 1.6966), TF Ratio: 0.745
[2026-06-15 05:55:45,035][root][INFO] - Epoch [5/5], Batch [77/300], Loss: 1.1214 (Overall: 0.8968, Change: 1.4542), TF Ratio: 0.745
[2026-06-15 05:55:45,186][root][INFO] - Epoch [5/5], Batch [78/300], Loss: 1.1194 (Overall: 0.5494, Change: 1.3786), TF Ratio: 0.744
[2026-06-15 05:55:45,336][root][INFO] - Epoch [5/5], Batch [79/300], Loss: 1.1208 (Overall: 0.8297, Change: 1.6264), TF Ratio: 0.744
[2026-06-15 05:55:54,519][root][INFO] - Epoch [5/5], Batch [80/300], Loss: 1.1203 (Overall: 0.8629, Change: 1.3092), TF Ratio: 0.744
[2026-06-15 05:55:54,670][root][INFO] - Epoch [5/5], Batch [81/300], Loss: 1.1194 (Overall: 0.8908, Change: 1.2014), TF Ratio: 0.744
[2026-06-15 05:55:54,821][root][INFO] - Epoch [5/5], Batch [82/300], Loss: 1.1208 (Overall: 0.8433, Change: 1.6170), TF Ratio: 0.744
[2026-06-15 05:55:54,975][root][INFO] - Epoch [5/5], Batch [83/300], Loss: 1.1186 (Overall: 0.5948, Change: 1.2908), TF Ratio: 0.743
[2026-06-15 05:55:55,126][root][INFO] - Epoch [5/5], Batch [84/300], Loss: 1.1170 (Overall: 0.5591, Change: 1.4057), TF Ratio: 0.743
[2026-06-15 05:55:55,287][root][INFO] - Epoch [5/5], Batch [85/300], Loss: 1.1179 (Overall: 0.9879, Change: 1.3914), TF Ratio: 0.743
[2026-06-15 05:55:55,439][root][INFO] - Epoch [5/5], Batch [86/300], Loss: 1.1183 (Overall: 0.7077, Change: 1.6019), TF Ratio: 0.743
[2026-06-15 05:55:55,591][root][INFO] - Epoch [5/5], Batch [87/300], Loss: 1.1166 (Overall: 0.5333, Change: 1.4111), TF Ratio: 0.743
[2026-06-15 05:56:04,459][root][INFO] - Epoch [5/5], Batch [88/300], Loss: 1.1159 (Overall: 0.7470, Change: 1.3569), TF Ratio: 0.742
[2026-06-15 05:56:04,610][root][INFO] - Epoch [5/5], Batch [89/300], Loss: 1.1163 (Overall: 0.7900, Change: 1.5197), TF Ratio: 0.742
[2026-06-15 05:56:04,760][root][INFO] - Epoch [5/5], Batch [90/300], Loss: 1.1160 (Overall: 0.8059, Change: 1.3792), TF Ratio: 0.742
[2026-06-15 05:56:04,911][root][INFO] - Epoch [5/5], Batch [91/300], Loss: 1.1186 (Overall: 1.1140, Change: 1.5768), TF Ratio: 0.742
[2026-06-15 05:56:05,063][root][INFO] - Epoch [5/5], Batch [92/300], Loss: 1.1157 (Overall: 0.4515, Change: 1.2587), TF Ratio: 0.742
[2026-06-15 05:56:05,214][root][INFO] - Epoch [5/5], Batch [93/300], Loss: 1.1131 (Overall: 0.5578, Change: 1.1961), TF Ratio: 0.741
[2026-06-15 05:56:05,365][root][INFO] - Epoch [5/5], Batch [94/300], Loss: 1.1101 (Overall: 0.8203, Change: 0.8369), TF Ratio: 0.741
[2026-06-15 05:56:05,516][root][INFO] - Epoch [5/5], Batch [95/300], Loss: 1.1113 (Overall: 0.5310, Change: 1.9126), TF Ratio: 0.741
[2026-06-15 05:56:14,507][root][INFO] - Epoch [5/5], Batch [96/300], Loss: 1.1138 (Overall: 1.0969, Change: 1.5997), TF Ratio: 0.741
[2026-06-15 05:56:14,657][root][INFO] - Epoch [5/5], Batch [97/300], Loss: 1.1146 (Overall: 0.9222, Change: 1.4707), TF Ratio: 0.741
[2026-06-15 05:56:14,815][root][INFO] - Epoch [5/5], Batch [98/300], Loss: 1.1145 (Overall: 0.5335, Change: 1.6826), TF Ratio: 0.740
[2026-06-15 05:56:14,966][root][INFO] - Epoch [5/5], Batch [99/300], Loss: 1.1122 (Overall: 0.5767, Change: 1.1880), TF Ratio: 0.740
[2026-06-15 05:56:15,118][root][INFO] - Epoch [5/5], Batch [100/300], Loss: 1.1131 (Overall: 0.8244, Change: 1.5720), TF Ratio: 0.740
[2026-06-15 05:56:15,268][root][INFO] - Epoch [5/5], Batch [101/300], Loss: 1.1125 (Overall: 0.6991, Change: 1.4205), TF Ratio: 0.740
[2026-06-15 05:56:15,418][root][INFO] - Epoch [5/5], Batch [102/300], Loss: 1.1102 (Overall: 0.7197, Change: 1.0267), TF Ratio: 0.740
[2026-06-15 05:56:15,569][root][INFO] - Epoch [5/5], Batch [103/300], Loss: 1.1107 (Overall: 0.8527, Change: 1.4762), TF Ratio: 0.739
[2026-06-15 05:56:27,259][root][INFO] - Epoch [5/5], Batch [104/300], Loss: 1.1129 (Overall: 0.8400, Change: 1.8321), TF Ratio: 0.739
[2026-06-15 05:56:27,409][root][INFO] - Epoch [5/5], Batch [105/300], Loss: 1.1140 (Overall: 0.7331, Change: 1.7335), TF Ratio: 0.739
[2026-06-15 05:56:27,560][root][INFO] - Epoch [5/5], Batch [106/300], Loss: 1.1147 (Overall: 0.7668, Change: 1.6000), TF Ratio: 0.739
[2026-06-15 05:56:27,711][root][INFO] - Epoch [5/5], Batch [107/300], Loss: 1.1147 (Overall: 0.7256, Change: 1.5106), TF Ratio: 0.739
[2026-06-15 05:56:27,863][root][INFO] - Epoch [5/5], Batch [108/300], Loss: 1.1140 (Overall: 0.6145, Change: 1.4602), TF Ratio: 0.738
[2026-06-15 05:56:28,014][root][INFO] - Epoch [5/5], Batch [109/300], Loss: 1.1152 (Overall: 0.8900, Change: 1.6051), TF Ratio: 0.738
[2026-06-15 05:56:28,164][root][INFO] - Epoch [5/5], Batch [110/300], Loss: 1.1141 (Overall: 0.5849, Change: 1.3907), TF Ratio: 0.738
[2026-06-15 05:56:28,315][root][INFO] - Epoch [5/5], Batch [111/300], Loss: 1.1143 (Overall: 0.8753, Change: 1.4125), TF Ratio: 0.738
[2026-06-15 05:56:36,825][root][INFO] - Epoch [5/5], Batch [112/300], Loss: 1.1139 (Overall: 0.7210, Change: 1.4076), TF Ratio: 0.738
[2026-06-15 05:56:36,976][root][INFO] - Epoch [5/5], Batch [113/300], Loss: 1.1151 (Overall: 1.1334, Change: 1.3632), TF Ratio: 0.737
[2026-06-15 05:56:37,127][root][INFO] - Epoch [5/5], Batch [114/300], Loss: 1.1136 (Overall: 0.6773, Change: 1.2246), TF Ratio: 0.737
[2026-06-15 05:56:37,277][root][INFO] - Epoch [5/5], Batch [115/300], Loss: 1.1125 (Overall: 0.7712, Change: 1.2058), TF Ratio: 0.737
[2026-06-15 05:56:37,429][root][INFO] - Epoch [5/5], Batch [116/300], Loss: 1.1115 (Overall: 0.5626, Change: 1.4288), TF Ratio: 0.737
[2026-06-15 05:56:37,579][root][INFO] - Epoch [5/5], Batch [117/300], Loss: 1.1094 (Overall: 0.6110, Change: 1.1096), TF Ratio: 0.737
[2026-06-15 05:56:37,730][root][INFO] - Epoch [5/5], Batch [118/300], Loss: 1.1079 (Overall: 0.4458, Change: 1.4135), TF Ratio: 0.736
[2026-06-15 05:56:37,881][root][INFO] - Epoch [5/5], Batch [119/300], Loss: 1.1081 (Overall: 0.7828, Change: 1.4997), TF Ratio: 0.736
[2026-06-15 05:56:46,914][root][INFO] - Epoch [5/5], Batch [120/300], Loss: 1.1086 (Overall: 0.9755, Change: 1.3610), TF Ratio: 0.736
[2026-06-15 05:56:47,064][root][INFO] - Epoch [5/5], Batch [121/300], Loss: 1.1105 (Overall: 1.1352, Change: 1.5224), TF Ratio: 0.736
[2026-06-15 05:56:47,215][root][INFO] - Epoch [5/5], Batch [122/300], Loss: 1.1103 (Overall: 0.5861, Change: 1.5970), TF Ratio: 0.736
[2026-06-15 05:56:47,365][root][INFO] - Epoch [5/5], Batch [123/300], Loss: 1.1122 (Overall: 1.0149, Change: 1.6821), TF Ratio: 0.735
[2026-06-15 05:56:47,517][root][INFO] - Epoch [5/5], Batch [124/300], Loss: 1.1126 (Overall: 0.6396, Change: 1.6616), TF Ratio: 0.735
[2026-06-15 05:56:47,667][root][INFO] - Epoch [5/5], Batch [125/300], Loss: 1.1128 (Overall: 0.5581, Change: 1.7353), TF Ratio: 0.735
[2026-06-15 05:56:47,817][root][INFO] - Epoch [5/5], Batch [126/300], Loss: 1.1125 (Overall: 0.8768, Change: 1.2645), TF Ratio: 0.735
[2026-06-15 05:56:47,967][root][INFO] - Epoch [5/5], Batch [127/300], Loss: 1.1117 (Overall: 0.8497, Change: 1.1613), TF Ratio: 0.735
[2026-06-15 05:56:55,999][root][INFO] - Epoch [5/5], Batch [128/300], Loss: 1.1110 (Overall: 0.6039, Change: 1.4538), TF Ratio: 0.734
[2026-06-15 05:56:59,428][root][INFO] - Epoch [5/5], Batch [129/300], Loss: 1.1124 (Overall: 1.0720, Change: 1.5059), TF Ratio: 0.734
[2026-06-15 05:56:59,578][root][INFO] - Epoch [5/5], Batch [130/300], Loss: 1.1122 (Overall: 0.8744, Change: 1.3005), TF Ratio: 0.734
[2026-06-15 05:56:59,728][root][INFO] - Epoch [5/5], Batch [131/300], Loss: 1.1122 (Overall: 0.6116, Change: 1.6260), TF Ratio: 0.734
[2026-06-15 05:56:59,879][root][INFO] - Epoch [5/5], Batch [132/300], Loss: 1.1155 (Overall: 1.3273, Change: 1.7448), TF Ratio: 0.734
[2026-06-15 05:57:00,028][root][INFO] - Epoch [5/5], Batch [133/300], Loss: 1.1159 (Overall: 0.9827, Change: 1.3604), TF Ratio: 0.733
[2026-06-15 05:57:00,245][root][INFO] - Epoch [5/5], Batch [134/300], Loss: 1.1187 (Overall: 1.1443, Change: 1.8568), TF Ratio: 0.733
[2026-06-15 05:57:00,395][root][INFO] - Epoch [5/5], Batch [135/300], Loss: 1.1192 (Overall: 0.8533, Change: 1.5012), TF Ratio: 0.733
[2026-06-15 05:57:06,746][root][INFO] - Epoch [5/5], Batch [136/300], Loss: 1.1190 (Overall: 0.5366, Change: 1.6517), TF Ratio: 0.733
[2026-06-15 05:57:09,126][root][INFO] - Epoch [5/5], Batch [137/300], Loss: 1.1201 (Overall: 0.7932, Change: 1.7473), TF Ratio: 0.733
[2026-06-15 05:57:09,277][root][INFO] - Epoch [5/5], Batch [138/300], Loss: 1.1197 (Overall: 1.0280, Change: 1.1061), TF Ratio: 0.732
[2026-06-15 05:57:09,427][root][INFO] - Epoch [5/5], Batch [139/300], Loss: 1.1201 (Overall: 0.8796, Change: 1.4735), TF Ratio: 0.732
[2026-06-15 05:57:09,579][root][INFO] - Epoch [5/5], Batch [140/300], Loss: 1.1211 (Overall: 0.9405, Change: 1.5588), TF Ratio: 0.732
[2026-06-15 05:57:09,730][root][INFO] - Epoch [5/5], Batch [141/300], Loss: 1.1206 (Overall: 0.6945, Change: 1.4132), TF Ratio: 0.732
[2026-06-15 05:57:10,162][root][INFO] - Epoch [5/5], Batch [142/300], Loss: 1.1187 (Overall: 0.7588, Change: 0.9636), TF Ratio: 0.732
[2026-06-15 05:57:10,530][root][INFO] - Epoch [5/5], Batch [143/300], Loss: 1.1185 (Overall: 0.5776, Change: 1.5974), TF Ratio: 0.731
[2026-06-15 05:57:16,810][root][INFO] - Epoch [5/5], Batch [144/300], Loss: 1.1184 (Overall: 0.8105, Change: 1.3821), TF Ratio: 0.731
[2026-06-15 05:57:18,869][root][INFO] - Epoch [5/5], Batch [145/300], Loss: 1.1190 (Overall: 1.0231, Change: 1.4039), TF Ratio: 0.731
[2026-06-15 05:57:19,020][root][INFO] - Epoch [5/5], Batch [146/300], Loss: 1.1203 (Overall: 1.1495, Change: 1.4543), TF Ratio: 0.731
[2026-06-15 05:57:19,170][root][INFO] - Epoch [5/5], Batch [147/300], Loss: 1.1211 (Overall: 0.7257, Change: 1.7528), TF Ratio: 0.731
[2026-06-15 05:57:19,322][root][INFO] - Epoch [5/5], Batch [148/300], Loss: 1.1202 (Overall: 0.8232, Change: 1.1611), TF Ratio: 0.730
[2026-06-15 05:57:19,472][root][INFO] - Epoch [5/5], Batch [149/300], Loss: 1.1207 (Overall: 1.0244, Change: 1.3641), TF Ratio: 0.730
[2026-06-15 05:57:21,279][root][INFO] - Epoch [5/5], Batch [150/300], Loss: 1.1202 (Overall: 0.6707, Change: 1.4066), TF Ratio: 0.730
[2026-06-15 05:57:21,430][root][INFO] - Epoch [5/5], Batch [151/300], Loss: 1.1191 (Overall: 0.5089, Change: 1.4201), TF Ratio: 0.730
[2026-06-15 05:57:28,369][root][INFO] - Epoch [5/5], Batch [152/300], Loss: 1.1192 (Overall: 0.7710, Change: 1.4907), TF Ratio: 0.730
[2026-06-15 05:57:29,351][root][INFO] - Epoch [5/5], Batch [153/300], Loss: 1.1187 (Overall: 0.8135, Change: 1.2599), TF Ratio: 0.729
[2026-06-15 05:57:29,501][root][INFO] - Epoch [5/5], Batch [154/300], Loss: 1.1186 (Overall: 0.5885, Change: 1.6248), TF Ratio: 0.729
[2026-06-15 05:57:29,652][root][INFO] - Epoch [5/5], Batch [155/300], Loss: 1.1183 (Overall: 0.7819, Change: 1.3501), TF Ratio: 0.729
[2026-06-15 05:57:29,803][root][INFO] - Epoch [5/5], Batch [156/300], Loss: 1.1176 (Overall: 0.7153, Change: 1.3081), TF Ratio: 0.729
[2026-06-15 05:57:29,953][root][INFO] - Epoch [5/5], Batch [157/300], Loss: 1.1178 (Overall: 0.8392, Change: 1.4571), TF Ratio: 0.729
[2026-06-15 05:57:31,342][root][INFO] - Epoch [5/5], Batch [158/300], Loss: 1.1176 (Overall: 0.6924, Change: 1.4939), TF Ratio: 0.728
[2026-06-15 05:57:31,494][root][INFO] - Epoch [5/5], Batch [159/300], Loss: 1.1163 (Overall: 0.6694, Change: 1.1561), TF Ratio: 0.728
[2026-06-15 05:57:38,249][root][INFO] - Epoch [5/5], Batch [160/300], Loss: 1.1173 (Overall: 0.9821, Change: 1.5606), TF Ratio: 0.728
[2026-06-15 05:57:42,382][root][INFO] - Epoch [5/5], Batch [161/300], Loss: 1.1171 (Overall: 0.8792, Change: 1.3027), TF Ratio: 0.728
[2026-06-15 05:57:42,534][root][INFO] - Epoch [5/5], Batch [162/300], Loss: 1.1169 (Overall: 0.6745, Change: 1.4944), TF Ratio: 0.728
[2026-06-15 05:57:42,685][root][INFO] - Epoch [5/5], Batch [163/300], Loss: 1.1160 (Overall: 0.7782, Change: 1.1522), TF Ratio: 0.727
[2026-06-15 05:57:42,837][root][INFO] - Epoch [5/5], Batch [164/300], Loss: 1.1156 (Overall: 0.6842, Change: 1.4027), TF Ratio: 0.727
[2026-06-15 05:57:42,988][root][INFO] - Epoch [5/5], Batch [165/300], Loss: 1.1158 (Overall: 0.9295, Change: 1.3687), TF Ratio: 0.727
[2026-06-15 05:57:43,138][root][INFO] - Epoch [5/5], Batch [166/300], Loss: 1.1159 (Overall: 0.7353, Change: 1.5301), TF Ratio: 0.727
[2026-06-15 05:57:43,289][root][INFO] - Epoch [5/5], Batch [167/300], Loss: 1.1159 (Overall: 0.5608, Change: 1.7001), TF Ratio: 0.727
[2026-06-15 05:57:48,863][root][INFO] - Epoch [5/5], Batch [168/300], Loss: 1.1168 (Overall: 0.9568, Change: 1.5456), TF Ratio: 0.726
[2026-06-15 05:57:52,400][root][INFO] - Epoch [5/5], Batch [169/300], Loss: 1.1175 (Overall: 1.1199, Change: 1.3579), TF Ratio: 0.726
[2026-06-15 05:57:52,550][root][INFO] - Epoch [5/5], Batch [170/300], Loss: 1.1190 (Overall: 1.2890, Change: 1.4750), TF Ratio: 0.726
[2026-06-15 05:57:52,700][root][INFO] - Epoch [5/5], Batch [171/300], Loss: 1.1192 (Overall: 0.7872, Change: 1.4945), TF Ratio: 0.726
[2026-06-15 05:57:52,852][root][INFO] - Epoch [5/5], Batch [172/300], Loss: 1.1208 (Overall: 0.7289, Change: 2.0594), TF Ratio: 0.726
[2026-06-15 05:57:53,002][root][INFO] - Epoch [5/5], Batch [173/300], Loss: 1.1215 (Overall: 0.9931, Change: 1.5135), TF Ratio: 0.725
[2026-06-15 05:57:53,152][root][INFO] - Epoch [5/5], Batch [174/300], Loss: 1.1218 (Overall: 0.9030, Change: 1.4474), TF Ratio: 0.725
[2026-06-15 05:57:53,302][root][INFO] - Epoch [5/5], Batch [175/300], Loss: 1.1222 (Overall: 0.8312, Change: 1.5577), TF Ratio: 0.725
[2026-06-15 05:58:01,755][root][INFO] - Epoch [5/5], Batch [176/300], Loss: 1.1236 (Overall: 1.0238, Change: 1.6812), TF Ratio: 0.725
[2026-06-15 05:58:04,873][root][INFO] - Epoch [5/5], Batch [177/300], Loss: 1.1236 (Overall: 0.7302, Change: 1.5165), TF Ratio: 0.725
[2026-06-15 05:58:05,023][root][INFO] - Epoch [5/5], Batch [178/300], Loss: 1.1229 (Overall: 0.7414, Change: 1.2895), TF Ratio: 0.724
[2026-06-15 05:58:05,173][root][INFO] - Epoch [5/5], Batch [179/300], Loss: 1.1220 (Overall: 0.6206, Change: 1.2807), TF Ratio: 0.724
[2026-06-15 05:58:05,324][root][INFO] - Epoch [5/5], Batch [180/300], Loss: 1.1237 (Overall: 1.1812, Change: 1.6624), TF Ratio: 0.724
[2026-06-15 05:58:05,474][root][INFO] - Epoch [5/5], Batch [181/300], Loss: 1.1244 (Overall: 0.7557, Change: 1.7560), TF Ratio: 0.724
[2026-06-15 05:58:05,624][root][INFO] - Epoch [5/5], Batch [182/300], Loss: 1.1249 (Overall: 0.8037, Change: 1.6390), TF Ratio: 0.724
[2026-06-15 05:58:05,774][root][INFO] - Epoch [5/5], Batch [183/300], Loss: 1.1250 (Overall: 0.7384, Change: 1.5341), TF Ratio: 0.723
[2026-06-15 05:58:11,804][root][INFO] - Epoch [5/5], Batch [184/300], Loss: 1.1272 (Overall: 1.4961, Change: 1.5698), TF Ratio: 0.723
[2026-06-15 05:58:14,410][root][INFO] - Epoch [5/5], Batch [185/300], Loss: 1.1270 (Overall: 0.7601, Change: 1.4276), TF Ratio: 0.723
[2026-06-15 05:58:14,561][root][INFO] - Epoch [5/5], Batch [186/300], Loss: 1.1270 (Overall: 1.0171, Change: 1.2335), TF Ratio: 0.723
[2026-06-15 05:58:14,711][root][INFO] - Epoch [5/5], Batch [187/300], Loss: 1.1272 (Overall: 0.6865, Change: 1.6282), TF Ratio: 0.723
[2026-06-15 05:58:14,863][root][INFO] - Epoch [5/5], Batch [188/300], Loss: 1.1273 (Overall: 0.7904, Change: 1.5047), TF Ratio: 0.722
[2026-06-15 05:58:15,012][root][INFO] - Epoch [5/5], Batch [189/300], Loss: 1.1268 (Overall: 0.7435, Change: 1.3369), TF Ratio: 0.722
[2026-06-15 05:58:17,234][root][INFO] - Epoch [5/5], Batch [190/300], Loss: 1.1269 (Overall: 0.8775, Change: 1.3952), TF Ratio: 0.722
[2026-06-15 05:58:17,418][root][INFO] - Epoch [5/5], Batch [191/300], Loss: 1.1303 (Overall: 2.2282, Change: 1.3236), TF Ratio: 0.722
[2026-06-15 05:58:21,683][root][INFO] - Epoch [5/5], Batch [192/300], Loss: 1.1300 (Overall: 0.7973, Change: 1.3689), TF Ratio: 0.722
[2026-06-15 05:58:25,056][root][INFO] - Epoch [5/5], Batch [193/300], Loss: 1.1299 (Overall: 0.8987, Change: 1.2965), TF Ratio: 0.721
[2026-06-15 05:58:25,207][root][INFO] - Epoch [5/5], Batch [194/300], Loss: 1.1286 (Overall: 0.7969, Change: 0.9767), TF Ratio: 0.721
[2026-06-15 05:58:25,357][root][INFO] - Epoch [5/5], Batch [195/300], Loss: 1.1290 (Overall: 0.9301, Change: 1.4804), TF Ratio: 0.721
[2026-06-15 05:58:25,509][root][INFO] - Epoch [5/5], Batch [196/300], Loss: 1.1294 (Overall: 1.0074, Change: 1.4136), TF Ratio: 0.721
[2026-06-15 05:58:25,660][root][INFO] - Epoch [5/5], Batch [197/300], Loss: 1.1289 (Overall: 0.5912, Change: 1.4532), TF Ratio: 0.721
[2026-06-15 05:58:27,936][root][INFO] - Epoch [5/5], Batch [198/300], Loss: 1.1290 (Overall: 0.8920, Change: 1.4118), TF Ratio: 0.720
[2026-06-15 05:58:28,087][root][INFO] - Epoch [5/5], Batch [199/300], Loss: 1.1278 (Overall: 0.7206, Change: 1.0528), TF Ratio: 0.720
[2026-06-15 05:58:32,941][root][INFO] - Epoch [5/5], Batch [200/300], Loss: 1.1281 (Overall: 0.8892, Change: 1.5126), TF Ratio: 0.720
[2026-06-15 05:58:34,614][root][INFO] - Epoch [5/5], Batch [201/300], Loss: 1.1284 (Overall: 0.8832, Change: 1.4956), TF Ratio: 0.720
[2026-06-15 05:58:34,764][root][INFO] - Epoch [5/5], Batch [202/300], Loss: 1.1291 (Overall: 0.7206, Change: 1.7887), TF Ratio: 0.720
[2026-06-15 05:58:34,914][root][INFO] - Epoch [5/5], Batch [203/300], Loss: 1.1287 (Overall: 0.6718, Change: 1.4371), TF Ratio: 0.719
[2026-06-15 05:58:35,066][root][INFO] - Epoch [5/5], Batch [204/300], Loss: 1.1298 (Overall: 0.7564, Change: 1.9438), TF Ratio: 0.719
[2026-06-15 05:58:35,218][root][INFO] - Epoch [5/5], Batch [205/300], Loss: 1.1307 (Overall: 0.7392, Change: 1.8952), TF Ratio: 0.719
[2026-06-15 05:58:37,528][root][INFO] - Epoch [5/5], Batch [206/300], Loss: 1.1306 (Overall: 0.6433, Change: 1.5938), TF Ratio: 0.719
[2026-06-15 05:58:37,678][root][INFO] - Epoch [5/5], Batch [207/300], Loss: 1.1306 (Overall: 0.9529, Change: 1.3145), TF Ratio: 0.719
[2026-06-15 05:58:44,330][root][INFO] - Epoch [5/5], Batch [208/300], Loss: 1.1309 (Overall: 1.0186, Change: 1.3364), TF Ratio: 0.718
[2026-06-15 05:58:44,510][root][INFO] - Epoch [5/5], Batch [209/300], Loss: 1.1307 (Overall: 0.8241, Change: 1.3868), TF Ratio: 0.718
[2026-06-15 05:58:44,660][root][INFO] - Epoch [5/5], Batch [210/300], Loss: 1.1298 (Overall: 0.5673, Change: 1.3036), TF Ratio: 0.718
[2026-06-15 05:58:44,811][root][INFO] - Epoch [5/5], Batch [211/300], Loss: 1.1301 (Overall: 0.4738, Change: 1.8980), TF Ratio: 0.718
[2026-06-15 05:58:44,962][root][INFO] - Epoch [5/5], Batch [212/300], Loss: 1.1294 (Overall: 0.7603, Change: 1.1982), TF Ratio: 0.718
[2026-06-15 05:58:45,112][root][INFO] - Epoch [5/5], Batch [213/300], Loss: 1.1278 (Overall: 0.8564, Change: 0.7141), TF Ratio: 0.717
[2026-06-15 05:58:47,315][root][INFO] - Epoch [5/5], Batch [214/300], Loss: 1.1274 (Overall: 0.7211, Change: 1.3990), TF Ratio: 0.717
[2026-06-15 05:58:47,466][root][INFO] - Epoch [5/5], Batch [215/300], Loss: 1.1280 (Overall: 0.8407, Change: 1.6504), TF Ratio: 0.717
[2026-06-15 05:58:55,113][root][INFO] - Epoch [5/5], Batch [216/300], Loss: 1.1268 (Overall: 0.7131, Change: 1.0416), TF Ratio: 0.717
[2026-06-15 05:58:55,263][root][INFO] - Epoch [5/5], Batch [217/300], Loss: 1.1268 (Overall: 0.8852, Change: 1.3712), TF Ratio: 0.717
[2026-06-15 05:58:55,413][root][INFO] - Epoch [5/5], Batch [218/300], Loss: 1.1268 (Overall: 0.7945, Change: 1.4430), TF Ratio: 0.716
[2026-06-15 05:58:55,563][root][INFO] - Epoch [5/5], Batch [219/300], Loss: 1.1278 (Overall: 0.9813, Change: 1.6945), TF Ratio: 0.716
[2026-06-15 05:58:55,714][root][INFO] - Epoch [5/5], Batch [220/300], Loss: 1.1301 (Overall: 1.7171, Change: 1.5754), TF Ratio: 0.716
[2026-06-15 05:58:55,864][root][INFO] - Epoch [5/5], Batch [221/300], Loss: 1.1302 (Overall: 0.8118, Change: 1.4764), TF Ratio: 0.716
[2026-06-15 05:58:56,952][root][INFO] - Epoch [5/5], Batch [222/300], Loss: 1.1310 (Overall: 1.1422, Change: 1.4905), TF Ratio: 0.716
[2026-06-15 05:58:57,103][root][INFO] - Epoch [5/5], Batch [223/300], Loss: 1.1299 (Overall: 0.5440, Change: 1.2323), TF Ratio: 0.715
[2026-06-15 05:59:05,113][root][INFO] - Epoch [5/5], Batch [224/300], Loss: 1.1300 (Overall: 1.0094, Change: 1.2678), TF Ratio: 0.715
[2026-06-15 05:59:05,263][root][INFO] - Epoch [5/5], Batch [225/300], Loss: 1.1292 (Overall: 0.5155, Change: 1.3815), TF Ratio: 0.715
[2026-06-15 05:59:05,414][root][INFO] - Epoch [5/5], Batch [226/300], Loss: 1.1289 (Overall: 0.9761, Change: 1.1817), TF Ratio: 0.715
[2026-06-15 05:59:05,564][root][INFO] - Epoch [5/5], Batch [227/300], Loss: 1.1288 (Overall: 0.6588, Change: 1.5378), TF Ratio: 0.715
[2026-06-15 05:59:05,716][root][INFO] - Epoch [5/5], Batch [228/300], Loss: 1.1296 (Overall: 0.8553, Change: 1.7476), TF Ratio: 0.714
[2026-06-15 05:59:05,866][root][INFO] - Epoch [5/5], Batch [229/300], Loss: 1.1307 (Overall: 1.1926, Change: 1.5924), TF Ratio: 0.714
[2026-06-15 05:59:10,036][root][INFO] - Epoch [5/5], Batch [230/300], Loss: 1.1310 (Overall: 1.0740, Change: 1.3380), TF Ratio: 0.714
[2026-06-15 05:59:10,186][root][INFO] - Epoch [5/5], Batch [231/300], Loss: 1.1313 (Overall: 0.7620, Change: 1.6020), TF Ratio: 0.714
[2026-06-15 05:59:14,910][root][INFO] - Epoch [5/5], Batch [232/300], Loss: 1.1310 (Overall: 0.8561, Change: 1.2932), TF Ratio: 0.714
[2026-06-15 05:59:15,709][root][INFO] - Epoch [5/5], Batch [233/300], Loss: 1.1298 (Overall: 0.8395, Change: 0.8448), TF Ratio: 0.713
[2026-06-15 05:59:15,859][root][INFO] - Epoch [5/5], Batch [234/300], Loss: 1.1285 (Overall: 0.6234, Change: 1.0569), TF Ratio: 0.713
[2026-06-15 05:59:16,009][root][INFO] - Epoch [5/5], Batch [235/300], Loss: 1.1285 (Overall: 0.8277, Change: 1.4000), TF Ratio: 0.713
[2026-06-15 05:59:16,160][root][INFO] - Epoch [5/5], Batch [236/300], Loss: 1.1290 (Overall: 1.0347, Change: 1.4795), TF Ratio: 0.713
[2026-06-15 05:59:16,310][root][INFO] - Epoch [5/5], Batch [237/300], Loss: 1.1287 (Overall: 0.7969, Change: 1.3238), TF Ratio: 0.713
[2026-06-15 05:59:19,991][root][INFO] - Epoch [5/5], Batch [238/300], Loss: 1.1282 (Overall: 0.6528, Change: 1.3434), TF Ratio: 0.712
[2026-06-15 05:59:20,142][root][INFO] - Epoch [5/5], Batch [239/300], Loss: 1.1273 (Overall: 0.4987, Change: 1.3321), TF Ratio: 0.712
[2026-06-15 05:59:26,126][root][INFO] - Epoch [5/5], Batch [240/300], Loss: 1.1279 (Overall: 0.9094, Change: 1.6377), TF Ratio: 0.712
[2026-06-15 05:59:26,276][root][INFO] - Epoch [5/5], Batch [241/300], Loss: 1.1281 (Overall: 0.9883, Change: 1.3747), TF Ratio: 0.712
[2026-06-15 05:59:26,426][root][INFO] - Epoch [5/5], Batch [242/300], Loss: 1.1294 (Overall: 1.1408, Change: 1.7393), TF Ratio: 0.712
[2026-06-15 05:59:26,576][root][INFO] - Epoch [5/5], Batch [243/300], Loss: 1.1300 (Overall: 0.8114, Change: 1.7543), TF Ratio: 0.711
[2026-06-15 05:59:26,729][root][INFO] - Epoch [5/5], Batch [244/300], Loss: 1.1297 (Overall: 0.8655, Change: 1.2188), TF Ratio: 0.711
[2026-06-15 05:59:26,884][root][INFO] - Epoch [5/5], Batch [245/300], Loss: 1.1292 (Overall: 0.8210, Change: 1.1874), TF Ratio: 0.711
[2026-06-15 05:59:29,940][root][INFO] - Epoch [5/5], Batch [246/300], Loss: 1.1288 (Overall: 0.6914, Change: 1.4007), TF Ratio: 0.711
[2026-06-15 05:59:30,090][root][INFO] - Epoch [5/5], Batch [247/300], Loss: 1.1286 (Overall: 0.8226, Change: 1.3222), TF Ratio: 0.711
[2026-06-15 05:59:40,170][root][INFO] - Epoch [5/5], Batch [248/300], Loss: 1.1283 (Overall: 0.9283, Change: 1.2018), TF Ratio: 0.710
[2026-06-15 05:59:40,326][root][INFO] - Epoch [5/5], Batch [249/300], Loss: 1.1274 (Overall: 0.6845, Change: 1.1056), TF Ratio: 0.710
[2026-06-15 05:59:40,477][root][INFO] - Epoch [5/5], Batch [250/300], Loss: 1.1274 (Overall: 0.8982, Change: 1.3540), TF Ratio: 0.710
[2026-06-15 05:59:40,627][root][INFO] - Epoch [5/5], Batch [251/300], Loss: 1.1271 (Overall: 0.7291, Change: 1.3703), TF Ratio: 0.710
[2026-06-15 05:59:40,778][root][INFO] - Epoch [5/5], Batch [252/300], Loss: 1.1268 (Overall: 0.7237, Change: 1.3677), TF Ratio: 0.710
[2026-06-15 05:59:40,929][root][INFO] - Epoch [5/5], Batch [253/300], Loss: 1.1265 (Overall: 0.6144, Change: 1.5123), TF Ratio: 0.709
[2026-06-15 05:59:41,080][root][INFO] - Epoch [5/5], Batch [254/300], Loss: 1.1265 (Overall: 0.9753, Change: 1.2651), TF Ratio: 0.709
[2026-06-15 05:59:41,230][root][INFO] - Epoch [5/5], Batch [255/300], Loss: 1.1260 (Overall: 0.5977, Change: 1.4186), TF Ratio: 0.709
[2026-06-15 05:59:50,753][root][INFO] - Epoch [5/5], Batch [256/300], Loss: 1.1261 (Overall: 0.8116, Change: 1.4944), TF Ratio: 0.709
[2026-06-15 05:59:50,903][root][INFO] - Epoch [5/5], Batch [257/300], Loss: 1.1254 (Overall: 0.5952, Change: 1.2568), TF Ratio: 0.709
[2026-06-15 05:59:51,060][root][INFO] - Epoch [5/5], Batch [258/300], Loss: 1.1252 (Overall: 0.7389, Change: 1.4218), TF Ratio: 0.708
[2026-06-15 05:59:51,210][root][INFO] - Epoch [5/5], Batch [259/300], Loss: 1.1254 (Overall: 0.7924, Change: 1.5762), TF Ratio: 0.708
[2026-06-15 05:59:51,361][root][INFO] - Epoch [5/5], Batch [260/300], Loss: 1.1246 (Overall: 0.7482, Change: 1.0996), TF Ratio: 0.708
[2026-06-15 05:59:51,512][root][INFO] - Epoch [5/5], Batch [261/300], Loss: 1.1268 (Overall: 1.6249, Change: 1.7432), TF Ratio: 0.708
[2026-06-15 05:59:51,662][root][INFO] - Epoch [5/5], Batch [262/300], Loss: 1.1272 (Overall: 0.9476, Change: 1.5273), TF Ratio: 0.708
[2026-06-15 05:59:51,812][root][INFO] - Epoch [5/5], Batch [263/300], Loss: 1.1273 (Overall: 0.9281, Change: 1.3959), TF Ratio: 0.707
[2026-06-15 06:00:02,012][root][INFO] - Epoch [5/5], Batch [264/300], Loss: 1.1278 (Overall: 0.9757, Change: 1.5309), TF Ratio: 0.707
[2026-06-15 06:00:02,162][root][INFO] - Epoch [5/5], Batch [265/300], Loss: 1.1281 (Overall: 0.7701, Change: 1.6474), TF Ratio: 0.707
[2026-06-15 06:00:02,321][root][INFO] - Epoch [5/5], Batch [266/300], Loss: 1.1279 (Overall: 0.8034, Change: 1.3540), TF Ratio: 0.707
[2026-06-15 06:00:02,471][root][INFO] - Epoch [5/5], Batch [267/300], Loss: 1.1271 (Overall: 0.6730, Change: 1.1485), TF Ratio: 0.707
[2026-06-15 06:00:02,623][root][INFO] - Epoch [5/5], Batch [268/300], Loss: 1.1271 (Overall: 0.7899, Change: 1.4763), TF Ratio: 0.706
[2026-06-15 06:00:02,773][root][INFO] - Epoch [5/5], Batch [269/300], Loss: 1.1274 (Overall: 0.8881, Change: 1.4832), TF Ratio: 0.706
[2026-06-15 06:00:02,924][root][INFO] - Epoch [5/5], Batch [270/300], Loss: 1.1270 (Overall: 0.7186, Change: 1.3393), TF Ratio: 0.706
[2026-06-15 06:00:03,074][root][INFO] - Epoch [5/5], Batch [271/300], Loss: 1.1274 (Overall: 0.6315, Change: 1.8641), TF Ratio: 0.706
[2026-06-15 06:00:12,733][root][INFO] - Epoch [5/5], Batch [272/300], Loss: 1.1275 (Overall: 0.8879, Change: 1.3948), TF Ratio: 0.706
[2026-06-15 06:00:12,883][root][INFO] - Epoch [5/5], Batch [273/300], Loss: 1.1270 (Overall: 1.0308, Change: 0.9799), TF Ratio: 0.705
[2026-06-15 06:00:13,033][root][INFO] - Epoch [5/5], Batch [274/300], Loss: 1.1269 (Overall: 0.9602, Change: 1.1910), TF Ratio: 0.705
[2026-06-15 06:00:13,183][root][INFO] - Epoch [5/5], Batch [275/300], Loss: 1.1274 (Overall: 0.5690, Change: 1.9930), TF Ratio: 0.705
[2026-06-15 06:00:13,335][root][INFO] - Epoch [5/5], Batch [276/300], Loss: 1.1274 (Overall: 0.7169, Change: 1.5107), TF Ratio: 0.705
[2026-06-15 06:00:13,485][root][INFO] - Epoch [5/5], Batch [277/300], Loss: 1.1272 (Overall: 0.5878, Change: 1.5631), TF Ratio: 0.705
[2026-06-15 06:00:13,636][root][INFO] - Epoch [5/5], Batch [278/300], Loss: 1.1264 (Overall: 0.7820, Change: 1.0182), TF Ratio: 0.704
[2026-06-15 06:00:13,787][root][INFO] - Epoch [5/5], Batch [279/300], Loss: 1.1262 (Overall: 0.6706, Change: 1.4653), TF Ratio: 0.704
[2026-06-15 06:00:22,615][root][INFO] - Epoch [5/5], Batch [280/300], Loss: 1.1264 (Overall: 0.6999, Change: 1.6866), TF Ratio: 0.704
[2026-06-15 06:00:22,765][root][INFO] - Epoch [5/5], Batch [281/300], Loss: 1.1279 (Overall: 1.2662, Change: 1.8502), TF Ratio: 0.704
[2026-06-15 06:00:22,915][root][INFO] - Epoch [5/5], Batch [282/300], Loss: 1.1276 (Overall: 0.7817, Change: 1.3063), TF Ratio: 0.704
[2026-06-15 06:00:23,066][root][INFO] - Epoch [5/5], Batch [283/300], Loss: 1.1277 (Overall: 0.7042, Change: 1.5696), TF Ratio: 0.703
[2026-06-15 06:00:23,217][root][INFO] - Epoch [5/5], Batch [284/300], Loss: 1.1280 (Overall: 1.0441, Change: 1.3738), TF Ratio: 0.703
[2026-06-15 06:00:23,367][root][INFO] - Epoch [5/5], Batch [285/300], Loss: 1.1274 (Overall: 0.6667, Change: 1.2940), TF Ratio: 0.703
[2026-06-15 06:00:24,122][root][INFO] - Epoch [5/5], Batch [286/300], Loss: 1.1272 (Overall: 0.6459, Change: 1.4770), TF Ratio: 0.703
[2026-06-15 06:00:24,272][root][INFO] - Epoch [5/5], Batch [287/300], Loss: 1.1276 (Overall: 0.9095, Change: 1.5635), TF Ratio: 0.703
[2026-06-15 06:00:35,458][root][INFO] - Epoch [5/5], Batch [288/300], Loss: 1.1275 (Overall: 0.7793, Change: 1.4484), TF Ratio: 0.702
[2026-06-15 06:00:35,608][root][INFO] - Epoch [5/5], Batch [289/300], Loss: 1.1271 (Overall: 0.6773, Change: 1.3453), TF Ratio: 0.702
[2026-06-15 06:00:35,759][root][INFO] - Epoch [5/5], Batch [290/300], Loss: 1.1269 (Overall: 0.7175, Change: 1.3939), TF Ratio: 0.702
[2026-06-15 06:00:35,909][root][INFO] - Epoch [5/5], Batch [291/300], Loss: 1.1268 (Overall: 0.8377, Change: 1.3521), TF Ratio: 0.702
[2026-06-15 06:00:36,061][root][INFO] - Epoch [5/5], Batch [292/300], Loss: 1.1254 (Overall: 0.7388, Change: 0.6988), TF Ratio: 0.702
[2026-06-15 06:00:36,211][root][INFO] - Epoch [5/5], Batch [293/300], Loss: 1.1250 (Overall: 0.5084, Change: 1.5075), TF Ratio: 0.701
[2026-06-15 06:00:36,362][root][INFO] - Epoch [5/5], Batch [294/300], Loss: 1.1252 (Overall: 0.9868, Change: 1.3659), TF Ratio: 0.701
[2026-06-15 06:00:36,512][root][INFO] - Epoch [5/5], Batch [295/300], Loss: 1.1250 (Overall: 0.7802, Change: 1.4070), TF Ratio: 0.701
[2026-06-15 06:00:46,421][root][INFO] - Epoch [5/5], Batch [296/300], Loss: 1.1250 (Overall: 0.7388, Change: 1.4526), TF Ratio: 0.701
[2026-06-15 06:00:46,571][root][INFO] - Epoch [5/5], Batch [297/300], Loss: 1.1245 (Overall: 0.6009, Change: 1.4010), TF Ratio: 0.701
[2026-06-15 06:00:46,721][root][INFO] - Epoch [5/5], Batch [298/300], Loss: 1.1243 (Overall: 0.8692, Change: 1.2315), TF Ratio: 0.700
[2026-06-15 06:00:46,872][root][INFO] - Epoch [5/5], Batch [299/300], Loss: 1.1238 (Overall: 0.5545, Change: 1.3910), TF Ratio: 0.700
[2026-06-15 06:00:47,023][root][INFO] - Epoch [5/5], Batch [300/300], Loss: 1.1241 (Overall: 0.7703, Change: 1.6679), TF Ratio: 0.700
[2026-06-15 06:00:56,597][root][INFO] - Epoch 5 done. Validating...
[2026-06-15 06:01:31,298][root][INFO] - Epoch [5/5] | Train: 1.1241 | Val: 0.5615
[2026-06-15 06:01:31,498][root][INFO] - Checkpoint saved: /gpfs/scratch/bsc32/bsc096444/ai4land-tfm/trained_models/unet_impl/41799699/best_model.pth
[2026-06-15 06:01:31,680][root][INFO] - Checkpoint saved: /gpfs/scratch/bsc32/bsc096444/ai4land-tfm/trained_models/unet_impl/41799699/model_epoch_5.pth
[2026-06-15 06:01:32,328][root][INFO] - Training complete.
