[2026-06-15 13:28:21,819][root][INFO] - Recurrent UNet Model Successfully Configured and Initialized.
[2026-06-15 13:28:21,833][root][INFO] - Starting from scratch (no valid checkpoint provided).
[2026-06-15 13:28:27,118][root][INFO] - Train: 4480000 samples, Val: 640000 samples
[2026-06-15 13:28:28,133][root][INFO] - Starting training from epoch 1
[2026-06-15 13:28:58,258][root][INFO] - Epoch [1/5], Batch [1/300], Loss: 2.2570 (Overall: 2.4330, Change: 2.0809), TF Ratio: 1.000
[2026-06-15 13:28:58,822][root][INFO] - Epoch [1/5], Batch [2/300], Loss: 2.2778 (Overall: 2.3708, Change: 2.2265), TF Ratio: 1.000
[2026-06-15 13:28:58,975][root][INFO] - Epoch [1/5], Batch [3/300], Loss: 2.2760 (Overall: 2.3046, Change: 2.2400), TF Ratio: 0.999
[2026-06-15 13:29:09,850][root][INFO] - Epoch [1/5], Batch [4/300], Loss: 2.2589 (Overall: 2.3514, Change: 2.0641), TF Ratio: 0.999
[2026-06-15 13:29:10,015][root][INFO] - Epoch [1/5], Batch [5/300], Loss: 2.2103 (Overall: 2.2207, Change: 1.8113), TF Ratio: 0.999
[2026-06-15 13:29:10,169][root][INFO] - Epoch [1/5], Batch [6/300], Loss: 2.1664 (Overall: 1.9393, Change: 1.9544), TF Ratio: 0.999
[2026-06-15 13:29:10,324][root][INFO] - Epoch [1/5], Batch [7/300], Loss: 2.1378 (Overall: 2.0163, Change: 1.9156), TF Ratio: 0.999
[2026-06-15 13:29:10,558][root][INFO] - Epoch [1/5], Batch [8/300], Loss: 2.1123 (Overall: 1.9948, Change: 1.8723), TF Ratio: 0.998
[2026-06-15 13:29:10,712][root][INFO] - Epoch [1/5], Batch [9/300], Loss: 2.0910 (Overall: 1.9703, Change: 1.8724), TF Ratio: 0.998
[2026-06-15 13:29:10,865][root][INFO] - Epoch [1/5], Batch [10/300], Loss: 2.0799 (Overall: 2.0068, Change: 1.9530), TF Ratio: 0.998
[2026-06-15 13:29:11,019][root][INFO] - Epoch [1/5], Batch [11/300], Loss: 2.0504 (Overall: 1.7133, Change: 1.7961), TF Ratio: 0.998
[2026-06-15 13:29:21,263][root][INFO] - Epoch [1/5], Batch [12/300], Loss: 2.0370 (Overall: 1.8186, Change: 1.9603), TF Ratio: 0.998
[2026-06-15 13:29:21,419][root][INFO] - Epoch [1/5], Batch [13/300], Loss: 2.0084 (Overall: 1.6671, Change: 1.6633), TF Ratio: 0.997
[2026-06-15 13:29:21,572][root][INFO] - Epoch [1/5], Batch [14/300], Loss: 1.9914 (Overall: 1.6879, Change: 1.8527), TF Ratio: 0.997
[2026-06-15 13:29:21,725][root][INFO] - Epoch [1/5], Batch [15/300], Loss: 1.9697 (Overall: 1.8116, Change: 1.5227), TF Ratio: 0.997
[2026-06-15 13:29:30,461][root][INFO] - Epoch [1/5], Batch [16/300], Loss: 1.9580 (Overall: 1.8306, Change: 1.7333), TF Ratio: 0.997
[2026-06-15 13:29:30,618][root][INFO] - Epoch [1/5], Batch [17/300], Loss: 1.9329 (Overall: 1.6271, Change: 1.4349), TF Ratio: 0.997
[2026-06-15 13:29:30,770][root][INFO] - Epoch [1/5], Batch [18/300], Loss: 1.9289 (Overall: 1.8075, Change: 1.9136), TF Ratio: 0.996
[2026-06-15 13:29:30,923][root][INFO] - Epoch [1/5], Batch [19/300], Loss: 1.9187 (Overall: 1.7087, Change: 1.7613), TF Ratio: 0.996
[2026-06-15 13:29:31,092][root][INFO] - Epoch [1/5], Batch [20/300], Loss: 1.9121 (Overall: 1.6522, Change: 1.9241), TF Ratio: 0.996
[2026-06-15 13:29:31,244][root][INFO] - Epoch [1/5], Batch [21/300], Loss: 1.8958 (Overall: 1.6388, Change: 1.5007), TF Ratio: 0.996
[2026-06-15 13:29:31,398][root][INFO] - Epoch [1/5], Batch [22/300], Loss: 1.8875 (Overall: 1.6740, Change: 1.7510), TF Ratio: 0.996
[2026-06-15 13:29:31,550][root][INFO] - Epoch [1/5], Batch [23/300], Loss: 1.8866 (Overall: 1.5175, Change: 2.2165), TF Ratio: 0.995
[2026-06-15 13:29:36,781][root][INFO] - Epoch [1/5], Batch [24/300], Loss: 1.8715 (Overall: 1.5297, Change: 1.5180), TF Ratio: 0.995
[2026-06-15 13:29:36,942][root][INFO] - Epoch [1/5], Batch [25/300], Loss: 1.8639 (Overall: 1.4687, Change: 1.8940), TF Ratio: 0.995
[2026-06-15 13:29:37,330][root][INFO] - Epoch [1/5], Batch [26/300], Loss: 1.8655 (Overall: 1.8116, Change: 1.9984), TF Ratio: 0.995
[2026-06-15 13:29:37,482][root][INFO] - Epoch [1/5], Batch [27/300], Loss: 1.8550 (Overall: 1.3870, Change: 1.7770), TF Ratio: 0.995
[2026-06-15 13:29:47,301][root][INFO] - Epoch [1/5], Batch [28/300], Loss: 1.8453 (Overall: 1.3320, Change: 1.8387), TF Ratio: 0.994
[2026-06-15 13:29:47,458][root][INFO] - Epoch [1/5], Batch [29/300], Loss: 1.8388 (Overall: 1.5379, Change: 1.7708), TF Ratio: 0.994
[2026-06-15 13:29:47,611][root][INFO] - Epoch [1/5], Batch [30/300], Loss: 1.8235 (Overall: 1.4944, Change: 1.2646), TF Ratio: 0.994
[2026-06-15 13:29:47,767][root][INFO] - Epoch [1/5], Batch [31/300], Loss: 1.8191 (Overall: 1.5322, Change: 1.8468), TF Ratio: 0.994
[2026-06-15 13:29:47,931][root][INFO] - Epoch [1/5], Batch [32/300], Loss: 1.8130 (Overall: 1.4648, Change: 1.7809), TF Ratio: 0.994
[2026-06-15 13:29:48,086][root][INFO] - Epoch [1/5], Batch [33/300], Loss: 1.8109 (Overall: 1.6759, Change: 1.8095), TF Ratio: 0.993
[2026-06-15 13:29:48,239][root][INFO] - Epoch [1/5], Batch [34/300], Loss: 1.8022 (Overall: 1.3965, Change: 1.6346), TF Ratio: 0.993
[2026-06-15 13:29:48,392][root][INFO] - Epoch [1/5], Batch [35/300], Loss: 1.7962 (Overall: 1.6501, Change: 1.5326), TF Ratio: 0.993
[2026-06-15 13:29:53,834][root][INFO] - Epoch [1/5], Batch [36/300], Loss: 1.7941 (Overall: 1.4346, Change: 2.0065), TF Ratio: 0.993
[2026-06-15 13:29:54,072][root][INFO] - Epoch [1/5], Batch [37/300], Loss: 1.7852 (Overall: 1.3678, Change: 1.5669), TF Ratio: 0.993
[2026-06-15 13:29:56,079][root][INFO] - Epoch [1/5], Batch [38/300], Loss: 1.7763 (Overall: 1.3633, Change: 1.5319), TF Ratio: 0.992
[2026-06-15 13:29:56,233][root][INFO] - Epoch [1/5], Batch [39/300], Loss: 1.7699 (Overall: 1.3530, Change: 1.6984), TF Ratio: 0.992
[2026-06-15 13:30:06,755][root][INFO] - Epoch [1/5], Batch [40/300], Loss: 1.7633 (Overall: 1.3071, Change: 1.7023), TF Ratio: 0.992
[2026-06-15 13:30:06,912][root][INFO] - Epoch [1/5], Batch [41/300], Loss: 1.7561 (Overall: 1.3699, Change: 1.5688), TF Ratio: 0.992
[2026-06-15 13:30:07,065][root][INFO] - Epoch [1/5], Batch [42/300], Loss: 1.7498 (Overall: 1.3756, Change: 1.6032), TF Ratio: 0.992
[2026-06-15 13:30:07,219][root][INFO] - Epoch [1/5], Batch [43/300], Loss: 1.7393 (Overall: 1.3403, Change: 1.2620), TF Ratio: 0.991
[2026-06-15 13:30:07,383][root][INFO] - Epoch [1/5], Batch [44/300], Loss: 1.7349 (Overall: 1.3492, Change: 1.7395), TF Ratio: 0.991
[2026-06-15 13:30:07,536][root][INFO] - Epoch [1/5], Batch [45/300], Loss: 1.7341 (Overall: 1.4667, Change: 1.9330), TF Ratio: 0.991
[2026-06-15 13:30:07,689][root][INFO] - Epoch [1/5], Batch [46/300], Loss: 1.7332 (Overall: 1.4138, Change: 1.9732), TF Ratio: 0.991
[2026-06-15 13:30:07,841][root][INFO] - Epoch [1/5], Batch [47/300], Loss: 1.7270 (Overall: 1.3549, Change: 1.5274), TF Ratio: 0.991
[2026-06-15 13:30:11,721][root][INFO] - Epoch [1/5], Batch [48/300], Loss: 1.7205 (Overall: 1.3619, Change: 1.4652), TF Ratio: 0.990
[2026-06-15 13:30:11,878][root][INFO] - Epoch [1/5], Batch [49/300], Loss: 1.7174 (Overall: 1.3061, Change: 1.8305), TF Ratio: 0.990
[2026-06-15 13:30:12,031][root][INFO] - Epoch [1/5], Batch [50/300], Loss: 1.7103 (Overall: 1.3248, Change: 1.4049), TF Ratio: 0.990
[2026-06-15 13:30:12,184][root][INFO] - Epoch [1/5], Batch [51/300], Loss: 1.7029 (Overall: 1.2050, Change: 1.4539), TF Ratio: 0.990
[2026-06-15 13:30:19,818][root][INFO] - Epoch [1/5], Batch [52/300], Loss: 1.6965 (Overall: 1.2840, Change: 1.4564), TF Ratio: 0.990
[2026-06-15 13:30:19,974][root][INFO] - Epoch [1/5], Batch [53/300], Loss: 1.6880 (Overall: 1.2237, Change: 1.2702), TF Ratio: 0.989
[2026-06-15 13:30:20,127][root][INFO] - Epoch [1/5], Batch [54/300], Loss: 1.6866 (Overall: 1.4526, Change: 1.7684), TF Ratio: 0.989
[2026-06-15 13:30:20,281][root][INFO] - Epoch [1/5], Batch [55/300], Loss: 1.6885 (Overall: 1.6518, Change: 1.9359), TF Ratio: 0.989
[2026-06-15 13:30:20,441][root][INFO] - Epoch [1/5], Batch [56/300], Loss: 1.6831 (Overall: 1.2730, Change: 1.5000), TF Ratio: 0.989
[2026-06-15 13:30:20,596][root][INFO] - Epoch [1/5], Batch [57/300], Loss: 1.6804 (Overall: 1.6057, Change: 1.4507), TF Ratio: 0.989
[2026-06-15 13:30:20,749][root][INFO] - Epoch [1/5], Batch [58/300], Loss: 1.6745 (Overall: 1.1672, Change: 1.5091), TF Ratio: 0.988
[2026-06-15 13:30:20,903][root][INFO] - Epoch [1/5], Batch [59/300], Loss: 1.6705 (Overall: 1.2853, Change: 1.5953), TF Ratio: 0.988
[2026-06-15 13:30:25,139][root][INFO] - Epoch [1/5], Batch [60/300], Loss: 1.6663 (Overall: 1.3828, Change: 1.4534), TF Ratio: 0.988
[2026-06-15 13:30:25,294][root][INFO] - Epoch [1/5], Batch [61/300], Loss: 1.6626 (Overall: 1.1677, Change: 1.7087), TF Ratio: 0.988
[2026-06-15 13:30:25,743][root][INFO] - Epoch [1/5], Batch [62/300], Loss: 1.6618 (Overall: 1.6024, Change: 1.6246), TF Ratio: 0.988
[2026-06-15 13:30:25,896][root][INFO] - Epoch [1/5], Batch [63/300], Loss: 1.6611 (Overall: 1.3701, Change: 1.8665), TF Ratio: 0.987
[2026-06-15 13:30:39,566][root][INFO] - Epoch [1/5], Batch [64/300], Loss: 1.6589 (Overall: 1.3281, Change: 1.7191), TF Ratio: 0.987
[2026-06-15 13:30:39,723][root][INFO] - Epoch [1/5], Batch [65/300], Loss: 1.6561 (Overall: 1.2958, Change: 1.6582), TF Ratio: 0.987
[2026-06-15 13:30:39,874][root][INFO] - Epoch [1/5], Batch [66/300], Loss: 1.6554 (Overall: 1.5174, Change: 1.6980), TF Ratio: 0.987
[2026-06-15 13:30:40,027][root][INFO] - Epoch [1/5], Batch [67/300], Loss: 1.6487 (Overall: 1.2264, Change: 1.1848), TF Ratio: 0.987
[2026-06-15 13:30:40,198][root][INFO] - Epoch [1/5], Batch [68/300], Loss: 1.6472 (Overall: 1.2762, Change: 1.8218), TF Ratio: 0.986
[2026-06-15 13:30:40,351][root][INFO] - Epoch [1/5], Batch [69/300], Loss: 1.6424 (Overall: 1.2204, Change: 1.4030), TF Ratio: 0.986
[2026-06-15 13:30:40,502][root][INFO] - Epoch [1/5], Batch [70/300], Loss: 1.6406 (Overall: 1.3409, Change: 1.6996), TF Ratio: 0.986
[2026-06-15 13:30:40,654][root][INFO] - Epoch [1/5], Batch [71/300], Loss: 1.6371 (Overall: 1.1786, Change: 1.5995), TF Ratio: 0.986
[2026-06-15 13:30:41,403][root][INFO] - Epoch [1/5], Batch [72/300], Loss: 1.6339 (Overall: 1.2385, Change: 1.5763), TF Ratio: 0.986
[2026-06-15 13:30:41,563][root][INFO] - Epoch [1/5], Batch [73/300], Loss: 1.6299 (Overall: 1.2547, Change: 1.4282), TF Ratio: 0.985
[2026-06-15 13:30:41,715][root][INFO] - Epoch [1/5], Batch [74/300], Loss: 1.6246 (Overall: 1.1502, Change: 1.3219), TF Ratio: 0.985
[2026-06-15 13:30:41,867][root][INFO] - Epoch [1/5], Batch [75/300], Loss: 1.6224 (Overall: 1.2040, Change: 1.7226), TF Ratio: 0.985
[2026-06-15 13:30:57,171][root][INFO] - Epoch [1/5], Batch [76/300], Loss: 1.6213 (Overall: 1.1772, Change: 1.8916), TF Ratio: 0.985
[2026-06-15 13:30:57,327][root][INFO] - Epoch [1/5], Batch [77/300], Loss: 1.6176 (Overall: 1.3529, Change: 1.3260), TF Ratio: 0.985
[2026-06-15 13:30:57,480][root][INFO] - Epoch [1/5], Batch [78/300], Loss: 1.6159 (Overall: 1.0447, Change: 1.9314), TF Ratio: 0.984
[2026-06-15 13:30:57,634][root][INFO] - Epoch [1/5], Batch [79/300], Loss: 1.6133 (Overall: 1.1379, Change: 1.6756), TF Ratio: 0.984
[2026-06-15 13:30:57,806][root][INFO] - Epoch [1/5], Batch [80/300], Loss: 1.6101 (Overall: 1.2794, Change: 1.4355), TF Ratio: 0.984
[2026-06-15 13:30:57,959][root][INFO] - Epoch [1/5], Batch [81/300], Loss: 1.6096 (Overall: 1.1997, Change: 1.9481), TF Ratio: 0.984
[2026-06-15 13:30:58,111][root][INFO] - Epoch [1/5], Batch [82/300], Loss: 1.6092 (Overall: 1.2542, Change: 1.8940), TF Ratio: 0.984
[2026-06-15 13:30:58,263][root][INFO] - Epoch [1/5], Batch [83/300], Loss: 1.6073 (Overall: 1.2258, Change: 1.6821), TF Ratio: 0.983
[2026-06-15 13:30:58,441][root][INFO] - Epoch [1/5], Batch [84/300], Loss: 1.6059 (Overall: 1.4595, Change: 1.5185), TF Ratio: 0.983
[2026-06-15 13:30:58,594][root][INFO] - Epoch [1/5], Batch [85/300], Loss: 1.6035 (Overall: 1.2655, Change: 1.5351), TF Ratio: 0.983
[2026-06-15 13:30:58,747][root][INFO] - Epoch [1/5], Batch [86/300], Loss: 1.6015 (Overall: 1.7153, Change: 1.1379), TF Ratio: 0.983
[2026-06-15 13:30:58,901][root][INFO] - Epoch [1/5], Batch [87/300], Loss: 1.6022 (Overall: 1.4508, Change: 1.8776), TF Ratio: 0.983
[2026-06-15 13:31:15,196][root][INFO] - Epoch [1/5], Batch [88/300], Loss: 1.5994 (Overall: 1.1424, Change: 1.5749), TF Ratio: 0.982
[2026-06-15 13:31:15,353][root][INFO] - Epoch [1/5], Batch [89/300], Loss: 1.5976 (Overall: 1.2209, Change: 1.6615), TF Ratio: 0.982
[2026-06-15 13:31:15,505][root][INFO] - Epoch [1/5], Batch [90/300], Loss: 1.5932 (Overall: 1.1133, Change: 1.2895), TF Ratio: 0.982
[2026-06-15 13:31:15,658][root][INFO] - Epoch [1/5], Batch [91/300], Loss: 1.5918 (Overall: 1.1838, Change: 1.7438), TF Ratio: 0.982
[2026-06-15 13:31:15,839][root][INFO] - Epoch [1/5], Batch [92/300], Loss: 1.5924 (Overall: 1.4832, Change: 1.8188), TF Ratio: 0.982
[2026-06-15 13:31:15,992][root][INFO] - Epoch [1/5], Batch [93/300], Loss: 1.5871 (Overall: 1.2182, Change: 0.9721), TF Ratio: 0.981
[2026-06-15 13:31:16,145][root][INFO] - Epoch [1/5], Batch [94/300], Loss: 1.5863 (Overall: 1.8475, Change: 1.1749), TF Ratio: 0.981
[2026-06-15 13:31:16,297][root][INFO] - Epoch [1/5], Batch [95/300], Loss: 1.5892 (Overall: 1.1293, Change: 2.6045), TF Ratio: 0.981
[2026-06-15 13:31:17,219][root][INFO] - Epoch [1/5], Batch [96/300], Loss: 1.5875 (Overall: 1.1389, Change: 1.7003), TF Ratio: 0.981
[2026-06-15 13:31:17,372][root][INFO] - Epoch [1/5], Batch [97/300], Loss: 1.5856 (Overall: 1.2575, Change: 1.5593), TF Ratio: 0.981
[2026-06-15 13:31:17,525][root][INFO] - Epoch [1/5], Batch [98/300], Loss: 1.5843 (Overall: 1.1480, Change: 1.7573), TF Ratio: 0.980
[2026-06-15 13:31:17,677][root][INFO] - Epoch [1/5], Batch [99/300], Loss: 1.5831 (Overall: 1.3850, Change: 1.5406), TF Ratio: 0.980
[2026-06-15 13:31:33,005][root][INFO] - Epoch [1/5], Batch [100/300], Loss: 1.5841 (Overall: 1.0179, Change: 2.3530), TF Ratio: 0.980
[2026-06-15 13:31:33,161][root][INFO] - Epoch [1/5], Batch [101/300], Loss: 1.5829 (Overall: 1.2703, Change: 1.6530), TF Ratio: 0.980
[2026-06-15 13:31:33,314][root][INFO] - Epoch [1/5], Batch [102/300], Loss: 1.5800 (Overall: 1.1826, Change: 1.3983), TF Ratio: 0.980
[2026-06-15 13:31:33,467][root][INFO] - Epoch [1/5], Batch [103/300], Loss: 1.5782 (Overall: 1.2295, Change: 1.5562), TF Ratio: 0.979
[2026-06-15 13:31:33,645][root][INFO] - Epoch [1/5], Batch [104/300], Loss: 1.5767 (Overall: 1.3009, Change: 1.5400), TF Ratio: 0.979
[2026-06-15 13:31:33,798][root][INFO] - Epoch [1/5], Batch [105/300], Loss: 1.5736 (Overall: 1.0590, Change: 1.4443), TF Ratio: 0.979
[2026-06-15 13:31:33,951][root][INFO] - Epoch [1/5], Batch [106/300], Loss: 1.5698 (Overall: 1.1317, Change: 1.2093), TF Ratio: 0.979
[2026-06-15 13:31:34,103][root][INFO] - Epoch [1/5], Batch [107/300], Loss: 1.5682 (Overall: 1.2307, Change: 1.5707), TF Ratio: 0.979
[2026-06-15 13:31:35,002][root][INFO] - Epoch [1/5], Batch [108/300], Loss: 1.5673 (Overall: 1.2539, Change: 1.6825), TF Ratio: 0.978
[2026-06-15 13:31:35,156][root][INFO] - Epoch [1/5], Batch [109/300], Loss: 1.5617 (Overall: 1.2281, Change: 0.6869), TF Ratio: 0.978
[2026-06-15 13:31:35,413][root][INFO] - Epoch [1/5], Batch [110/300], Loss: 1.5606 (Overall: 1.1398, Change: 1.7597), TF Ratio: 0.978
[2026-06-15 13:31:35,565][root][INFO] - Epoch [1/5], Batch [111/300], Loss: 1.5586 (Overall: 1.0354, Change: 1.6318), TF Ratio: 0.978
[2026-06-15 13:31:47,040][root][INFO] - Epoch [1/5], Batch [112/300], Loss: 1.5564 (Overall: 1.0511, Change: 1.5805), TF Ratio: 0.978
[2026-06-15 13:31:47,196][root][INFO] - Epoch [1/5], Batch [113/300], Loss: 1.5532 (Overall: 0.9685, Change: 1.4148), TF Ratio: 0.977
[2026-06-15 13:31:47,350][root][INFO] - Epoch [1/5], Batch [114/300], Loss: 1.5508 (Overall: 1.3068, Change: 1.2434), TF Ratio: 0.977
[2026-06-15 13:31:47,503][root][INFO] - Epoch [1/5], Batch [115/300], Loss: 1.5488 (Overall: 1.1580, Change: 1.4952), TF Ratio: 0.977
[2026-06-15 13:31:47,672][root][INFO] - Epoch [1/5], Batch [116/300], Loss: 1.5510 (Overall: 1.4421, Change: 2.1700), TF Ratio: 0.977
[2026-06-15 13:31:47,826][root][INFO] - Epoch [1/5], Batch [117/300], Loss: 1.5485 (Overall: 1.1090, Change: 1.4080), TF Ratio: 0.977
[2026-06-15 13:31:47,980][root][INFO] - Epoch [1/5], Batch [118/300], Loss: 1.5464 (Overall: 1.2394, Change: 1.3425), TF Ratio: 0.976
[2026-06-15 13:31:48,133][root][INFO] - Epoch [1/5], Batch [119/300], Loss: 1.5434 (Overall: 0.9604, Change: 1.4301), TF Ratio: 0.976
[2026-06-15 13:32:09,712][root][INFO] - Epoch [1/5], Batch [120/300], Loss: 1.5440 (Overall: 1.4274, Change: 1.8154), TF Ratio: 0.976
[2026-06-15 13:32:09,871][root][INFO] - Epoch [1/5], Batch [121/300], Loss: 1.5427 (Overall: 1.6469, Change: 1.1114), TF Ratio: 0.976
[2026-06-15 13:32:10,024][root][INFO] - Epoch [1/5], Batch [122/300], Loss: 1.5401 (Overall: 1.1331, Change: 1.3206), TF Ratio: 0.976
[2026-06-15 13:32:10,177][root][INFO] - Epoch [1/5], Batch [123/300], Loss: 1.5377 (Overall: 1.2438, Change: 1.2442), TF Ratio: 0.975
[2026-06-15 13:32:10,350][root][INFO] - Epoch [1/5], Batch [124/300], Loss: 1.5381 (Overall: 1.3305, Change: 1.8450), TF Ratio: 0.975
[2026-06-15 13:32:10,504][root][INFO] - Epoch [1/5], Batch [125/300], Loss: 1.5381 (Overall: 1.5566, Change: 1.5309), TF Ratio: 0.975
[2026-06-15 13:32:10,657][root][INFO] - Epoch [1/5], Batch [126/300], Loss: 1.5367 (Overall: 1.0989, Change: 1.6235), TF Ratio: 0.975
[2026-06-15 13:32:10,810][root][INFO] - Epoch [1/5], Batch [127/300], Loss: 1.5348 (Overall: 0.9992, Change: 1.5856), TF Ratio: 0.975
[2026-06-15 13:32:11,438][root][INFO] - Epoch [1/5], Batch [128/300], Loss: 1.5319 (Overall: 0.9594, Change: 1.3662), TF Ratio: 0.974
[2026-06-15 13:32:11,592][root][INFO] - Epoch [1/5], Batch [129/300], Loss: 1.5298 (Overall: 1.0442, Change: 1.4847), TF Ratio: 0.974
[2026-06-15 13:32:11,745][root][INFO] - Epoch [1/5], Batch [130/300], Loss: 1.5273 (Overall: 1.0698, Change: 1.3190), TF Ratio: 0.974
[2026-06-15 13:32:11,899][root][INFO] - Epoch [1/5], Batch [131/300], Loss: 1.5238 (Overall: 0.9363, Change: 1.2165), TF Ratio: 0.974
[2026-06-15 13:32:31,960][root][INFO] - Epoch [1/5], Batch [132/300], Loss: 1.5242 (Overall: 1.2400, Change: 1.9192), TF Ratio: 0.974
[2026-06-15 13:32:32,115][root][INFO] - Epoch [1/5], Batch [133/300], Loss: 1.5226 (Overall: 1.0183, Change: 1.5948), TF Ratio: 0.973
[2026-06-15 13:32:32,267][root][INFO] - Epoch [1/5], Batch [134/300], Loss: 1.5210 (Overall: 1.0176, Change: 1.5992), TF Ratio: 0.973
[2026-06-15 13:32:32,420][root][INFO] - Epoch [1/5], Batch [135/300], Loss: 1.5202 (Overall: 1.1618, Change: 1.6634), TF Ratio: 0.973
[2026-06-15 13:32:32,586][root][INFO] - Epoch [1/5], Batch [136/300], Loss: 1.5188 (Overall: 0.9491, Change: 1.7077), TF Ratio: 0.973
[2026-06-15 13:32:32,742][root][INFO] - Epoch [1/5], Batch [137/300], Loss: 1.5171 (Overall: 1.2172, Change: 1.3508), TF Ratio: 0.973
[2026-06-15 13:32:32,896][root][INFO] - Epoch [1/5], Batch [138/300], Loss: 1.5137 (Overall: 0.9194, Change: 1.1907), TF Ratio: 0.972
[2026-06-15 13:32:33,049][root][INFO] - Epoch [1/5], Batch [139/300], Loss: 1.5129 (Overall: 1.2481, Change: 1.5488), TF Ratio: 0.972
[2026-06-15 13:32:33,212][root][INFO] - Epoch [1/5], Batch [140/300], Loss: 1.5114 (Overall: 1.0130, Change: 1.5947), TF Ratio: 0.972
[2026-06-15 13:32:33,366][root][INFO] - Epoch [1/5], Batch [141/300], Loss: 1.5127 (Overall: 0.9050, Change: 2.4799), TF Ratio: 0.972
[2026-06-15 13:32:33,519][root][INFO] - Epoch [1/5], Batch [142/300], Loss: 1.5129 (Overall: 1.2376, Change: 1.8357), TF Ratio: 0.972
[2026-06-15 13:32:33,672][root][INFO] - Epoch [1/5], Batch [143/300], Loss: 1.5112 (Overall: 1.1172, Change: 1.4474), TF Ratio: 0.971
[2026-06-15 13:32:44,438][root][INFO] - Epoch [1/5], Batch [144/300], Loss: 1.5099 (Overall: 0.9793, Change: 1.6640), TF Ratio: 0.971
[2026-06-15 13:32:44,600][root][INFO] - Epoch [1/5], Batch [145/300], Loss: 1.5074 (Overall: 0.8978, Change: 1.3827), TF Ratio: 0.971
[2026-06-15 13:32:44,753][root][INFO] - Epoch [1/5], Batch [146/300], Loss: 1.5097 (Overall: 1.6541, Change: 2.0500), TF Ratio: 0.971
[2026-06-15 13:32:44,907][root][INFO] - Epoch [1/5], Batch [147/300], Loss: 1.5090 (Overall: 0.9873, Change: 1.8195), TF Ratio: 0.971
[2026-06-15 13:32:45,076][root][INFO] - Epoch [1/5], Batch [148/300], Loss: 1.5064 (Overall: 1.0205, Change: 1.2125), TF Ratio: 0.970
[2026-06-15 13:32:45,231][root][INFO] - Epoch [1/5], Batch [149/300], Loss: 1.5079 (Overall: 1.3979, Change: 2.0712), TF Ratio: 0.970
[2026-06-15 13:32:45,384][root][INFO] - Epoch [1/5], Batch [150/300], Loss: 1.5076 (Overall: 1.0857, Change: 1.8464), TF Ratio: 0.970
[2026-06-15 13:32:45,536][root][INFO] - Epoch [1/5], Batch [151/300], Loss: 1.5067 (Overall: 1.1467, Change: 1.6053), TF Ratio: 0.970
[2026-06-15 13:32:49,699][root][INFO] - Epoch [1/5], Batch [152/300], Loss: 1.5065 (Overall: 1.1236, Change: 1.8178), TF Ratio: 0.970
[2026-06-15 13:32:49,858][root][INFO] - Epoch [1/5], Batch [153/300], Loss: 1.5064 (Overall: 1.2542, Change: 1.7261), TF Ratio: 0.969
[2026-06-15 13:32:50,011][root][INFO] - Epoch [1/5], Batch [154/300], Loss: 1.5044 (Overall: 0.9303, Change: 1.4553), TF Ratio: 0.969
[2026-06-15 13:32:50,164][root][INFO] - Epoch [1/5], Batch [155/300], Loss: 1.5026 (Overall: 1.1324, Change: 1.3370), TF Ratio: 0.969
[2026-06-15 13:33:00,585][root][INFO] - Epoch [1/5], Batch [156/300], Loss: 1.5010 (Overall: 1.0316, Change: 1.4643), TF Ratio: 0.969
[2026-06-15 13:33:00,749][root][INFO] - Epoch [1/5], Batch [157/300], Loss: 1.5003 (Overall: 1.0668, Change: 1.7301), TF Ratio: 0.969
[2026-06-15 13:33:00,902][root][INFO] - Epoch [1/5], Batch [158/300], Loss: 1.4995 (Overall: 1.0882, Change: 1.6523), TF Ratio: 0.968
[2026-06-15 13:33:01,055][root][INFO] - Epoch [1/5], Batch [159/300], Loss: 1.4988 (Overall: 1.1669, Change: 1.5983), TF Ratio: 0.968
[2026-06-15 13:33:01,217][root][INFO] - Epoch [1/5], Batch [160/300], Loss: 1.4971 (Overall: 0.9706, Change: 1.5034), TF Ratio: 0.968
[2026-06-15 13:33:01,370][root][INFO] - Epoch [1/5], Batch [161/300], Loss: 1.4950 (Overall: 0.8823, Change: 1.4345), TF Ratio: 0.968
[2026-06-15 13:33:01,523][root][INFO] - Epoch [1/5], Batch [162/300], Loss: 1.4935 (Overall: 0.9643, Change: 1.5366), TF Ratio: 0.968
[2026-06-15 13:33:01,676][root][INFO] - Epoch [1/5], Batch [163/300], Loss: 1.4929 (Overall: 1.0649, Change: 1.7030), TF Ratio: 0.967
[2026-06-15 13:33:03,819][root][INFO] - Epoch [1/5], Batch [164/300], Loss: 1.4908 (Overall: 1.0017, Change: 1.3023), TF Ratio: 0.967
[2026-06-15 13:33:03,974][root][INFO] - Epoch [1/5], Batch [165/300], Loss: 1.4895 (Overall: 1.2914, Change: 1.2708), TF Ratio: 0.967
[2026-06-15 13:33:04,127][root][INFO] - Epoch [1/5], Batch [166/300], Loss: 1.4916 (Overall: 1.2005, Change: 2.4665), TF Ratio: 0.967
[2026-06-15 13:33:04,280][root][INFO] - Epoch [1/5], Batch [167/300], Loss: 1.4911 (Overall: 1.3741, Change: 1.4528), TF Ratio: 0.967
[2026-06-15 13:33:19,073][root][INFO] - Epoch [1/5], Batch [168/300], Loss: 1.4899 (Overall: 1.0866, Change: 1.4994), TF Ratio: 0.966
[2026-06-15 13:33:19,229][root][INFO] - Epoch [1/5], Batch [169/300], Loss: 1.4888 (Overall: 1.3140, Change: 1.2981), TF Ratio: 0.966
[2026-06-15 13:33:19,382][root][INFO] - Epoch [1/5], Batch [170/300], Loss: 1.4873 (Overall: 0.9632, Change: 1.4764), TF Ratio: 0.966
[2026-06-15 13:33:19,535][root][INFO] - Epoch [1/5], Batch [171/300], Loss: 1.4873 (Overall: 1.3449, Change: 1.6317), TF Ratio: 0.966
[2026-06-15 13:33:19,700][root][INFO] - Epoch [1/5], Batch [172/300], Loss: 1.4860 (Overall: 1.1060, Change: 1.4349), TF Ratio: 0.966
[2026-06-15 13:33:19,854][root][INFO] - Epoch [1/5], Batch [173/300], Loss: 1.4835 (Overall: 0.8571, Change: 1.2390), TF Ratio: 0.965
[2026-06-15 13:33:20,007][root][INFO] - Epoch [1/5], Batch [174/300], Loss: 1.4821 (Overall: 0.9495, Change: 1.5310), TF Ratio: 0.965
[2026-06-15 13:33:20,160][root][INFO] - Epoch [1/5], Batch [175/300], Loss: 1.4824 (Overall: 1.2591, Change: 1.8310), TF Ratio: 0.965
[2026-06-15 13:33:20,326][root][INFO] - Epoch [1/5], Batch [176/300], Loss: 1.4836 (Overall: 0.9860, Change: 2.4030), TF Ratio: 0.965
[2026-06-15 13:33:20,479][root][INFO] - Epoch [1/5], Batch [177/300], Loss: 1.4826 (Overall: 1.0103, Change: 1.6029), TF Ratio: 0.965
[2026-06-15 13:33:20,632][root][INFO] - Epoch [1/5], Batch [178/300], Loss: 1.4811 (Overall: 0.9377, Change: 1.4632), TF Ratio: 0.964
[2026-06-15 13:33:20,787][root][INFO] - Epoch [1/5], Batch [179/300], Loss: 1.4792 (Overall: 1.0018, Change: 1.3053), TF Ratio: 0.964
[2026-06-15 13:33:41,305][root][INFO] - Epoch [1/5], Batch [180/300], Loss: 1.4785 (Overall: 1.0432, Change: 1.6659), TF Ratio: 0.964
[2026-06-15 13:33:41,461][root][INFO] - Epoch [1/5], Batch [181/300], Loss: 1.4779 (Overall: 1.1291, Change: 1.6033), TF Ratio: 0.964
[2026-06-15 13:33:41,613][root][INFO] - Epoch [1/5], Batch [182/300], Loss: 1.4769 (Overall: 0.9040, Change: 1.6785), TF Ratio: 0.964
[2026-06-15 13:33:41,766][root][INFO] - Epoch [1/5], Batch [183/300], Loss: 1.4755 (Overall: 1.0071, Change: 1.4482), TF Ratio: 0.963
[2026-06-15 13:33:41,952][root][INFO] - Epoch [1/5], Batch [184/300], Loss: 1.4752 (Overall: 1.1604, Change: 1.6768), TF Ratio: 0.963
[2026-06-15 13:33:42,105][root][INFO] - Epoch [1/5], Batch [185/300], Loss: 1.4731 (Overall: 1.0659, Change: 1.1064), TF Ratio: 0.963
[2026-06-15 13:33:42,259][root][INFO] - Epoch [1/5], Batch [186/300], Loss: 1.4719 (Overall: 1.0420, Change: 1.4363), TF Ratio: 0.963
[2026-06-15 13:33:42,412][root][INFO] - Epoch [1/5], Batch [187/300], Loss: 1.4711 (Overall: 1.0254, Change: 1.6395), TF Ratio: 0.963
[2026-06-15 13:33:42,579][root][INFO] - Epoch [1/5], Batch [188/300], Loss: 1.4698 (Overall: 0.9365, Change: 1.5286), TF Ratio: 0.962
[2026-06-15 13:33:42,732][root][INFO] - Epoch [1/5], Batch [189/300], Loss: 1.4692 (Overall: 1.0021, Change: 1.6880), TF Ratio: 0.962
[2026-06-15 13:33:42,885][root][INFO] - Epoch [1/5], Batch [190/300], Loss: 1.4675 (Overall: 0.8414, Change: 1.4540), TF Ratio: 0.962
[2026-06-15 13:33:43,037][root][INFO] - Epoch [1/5], Batch [191/300], Loss: 1.4653 (Overall: 0.8716, Change: 1.2113), TF Ratio: 0.962
[2026-06-15 13:33:57,105][root][INFO] - Epoch [1/5], Batch [192/300], Loss: 1.4641 (Overall: 1.0653, Change: 1.4087), TF Ratio: 0.962
[2026-06-15 13:33:57,262][root][INFO] - Epoch [1/5], Batch [193/300], Loss: 1.4623 (Overall: 1.0489, Change: 1.1818), TF Ratio: 0.961
[2026-06-15 13:33:57,415][root][INFO] - Epoch [1/5], Batch [194/300], Loss: 1.4618 (Overall: 1.2756, Change: 1.4713), TF Ratio: 0.961
[2026-06-15 13:33:57,567][root][INFO] - Epoch [1/5], Batch [195/300], Loss: 1.4607 (Overall: 1.1096, Change: 1.3908), TF Ratio: 0.961
[2026-06-15 13:33:57,733][root][INFO] - Epoch [1/5], Batch [196/300], Loss: 1.4600 (Overall: 1.0392, Change: 1.5878), TF Ratio: 0.961
[2026-06-15 13:33:57,886][root][INFO] - Epoch [1/5], Batch [197/300], Loss: 1.4594 (Overall: 0.9635, Change: 1.7287), TF Ratio: 0.961
[2026-06-15 13:33:58,038][root][INFO] - Epoch [1/5], Batch [198/300], Loss: 1.4582 (Overall: 0.8272, Change: 1.6397), TF Ratio: 0.960
[2026-06-15 13:33:58,190][root][INFO] - Epoch [1/5], Batch [199/300], Loss: 1.4571 (Overall: 1.0320, Change: 1.4308), TF Ratio: 0.960
[2026-06-15 13:34:00,247][root][INFO] - Epoch [1/5], Batch [200/300], Loss: 1.4559 (Overall: 1.0372, Change: 1.4042), TF Ratio: 0.960
[2026-06-15 13:34:00,402][root][INFO] - Epoch [1/5], Batch [201/300], Loss: 1.4549 (Overall: 1.3659, Change: 1.1241), TF Ratio: 0.960
[2026-06-15 13:34:00,556][root][INFO] - Epoch [1/5], Batch [202/300], Loss: 1.4543 (Overall: 1.0647, Change: 1.5945), TF Ratio: 0.960
[2026-06-15 13:34:00,709][root][INFO] - Epoch [1/5], Batch [203/300], Loss: 1.4535 (Overall: 1.1316, Change: 1.4563), TF Ratio: 0.959
[2026-06-15 13:34:24,825][root][INFO] - Epoch [1/5], Batch [204/300], Loss: 1.4529 (Overall: 1.0085, Change: 1.6674), TF Ratio: 0.959
[2026-06-15 13:34:24,983][root][INFO] - Epoch [1/5], Batch [205/300], Loss: 1.4514 (Overall: 0.9174, Change: 1.3917), TF Ratio: 0.959
[2026-06-15 13:34:25,135][root][INFO] - Epoch [1/5], Batch [206/300], Loss: 1.4508 (Overall: 1.0156, Change: 1.6358), TF Ratio: 0.959
[2026-06-15 13:34:25,287][root][INFO] - Epoch [1/5], Batch [207/300], Loss: 1.4504 (Overall: 0.9813, Change: 1.7487), TF Ratio: 0.959
[2026-06-15 13:34:25,447][root][INFO] - Epoch [1/5], Batch [208/300], Loss: 1.4498 (Overall: 1.0690, Change: 1.5911), TF Ratio: 0.958
[2026-06-15 13:34:25,601][root][INFO] - Epoch [1/5], Batch [209/300], Loss: 1.4487 (Overall: 0.9642, Change: 1.4415), TF Ratio: 0.958
[2026-06-15 13:34:25,755][root][INFO] - Epoch [1/5], Batch [210/300], Loss: 1.4477 (Overall: 1.0185, Change: 1.4794), TF Ratio: 0.958
[2026-06-15 13:34:25,907][root][INFO] - Epoch [1/5], Batch [211/300], Loss: 1.4476 (Overall: 1.1050, Change: 1.7533), TF Ratio: 0.958
[2026-06-15 13:34:26,070][root][INFO] - Epoch [1/5], Batch [212/300], Loss: 1.4472 (Overall: 0.9996, Change: 1.7337), TF Ratio: 0.958
[2026-06-15 13:34:26,224][root][INFO] - Epoch [1/5], Batch [213/300], Loss: 1.4470 (Overall: 1.0806, Change: 1.7007), TF Ratio: 0.957
[2026-06-15 13:34:26,377][root][INFO] - Epoch [1/5], Batch [214/300], Loss: 1.4463 (Overall: 1.1143, Change: 1.4945), TF Ratio: 0.957
[2026-06-15 13:34:26,530][root][INFO] - Epoch [1/5], Batch [215/300], Loss: 1.4460 (Overall: 1.1142, Change: 1.6509), TF Ratio: 0.957
[2026-06-15 13:34:41,616][root][INFO] - Epoch [1/5], Batch [216/300], Loss: 1.4453 (Overall: 1.2962, Change: 1.3097), TF Ratio: 0.957
[2026-06-15 13:34:41,772][root][INFO] - Epoch [1/5], Batch [217/300], Loss: 1.4452 (Overall: 1.1000, Change: 1.7357), TF Ratio: 0.957
[2026-06-15 13:34:41,925][root][INFO] - Epoch [1/5], Batch [218/300], Loss: 1.4428 (Overall: 0.7607, Change: 1.0784), TF Ratio: 0.956
[2026-06-15 13:34:42,077][root][INFO] - Epoch [1/5], Batch [219/300], Loss: 1.4426 (Overall: 1.2292, Change: 1.5598), TF Ratio: 0.956
[2026-06-15 13:34:42,245][root][INFO] - Epoch [1/5], Batch [220/300], Loss: 1.4422 (Overall: 1.1729, Change: 1.5541), TF Ratio: 0.956
[2026-06-15 13:34:42,398][root][INFO] - Epoch [1/5], Batch [221/300], Loss: 1.4412 (Overall: 0.9167, Change: 1.5278), TF Ratio: 0.956
[2026-06-15 13:34:42,550][root][INFO] - Epoch [1/5], Batch [222/300], Loss: 1.4410 (Overall: 1.1407, Change: 1.6350), TF Ratio: 0.956
[2026-06-15 13:34:42,703][root][INFO] - Epoch [1/5], Batch [223/300], Loss: 1.4411 (Overall: 1.2301, Change: 1.6797), TF Ratio: 0.955
[2026-06-15 13:34:42,874][root][INFO] - Epoch [1/5], Batch [224/300], Loss: 1.4409 (Overall: 1.0974, Change: 1.7003), TF Ratio: 0.955
[2026-06-15 13:34:43,027][root][INFO] - Epoch [1/5], Batch [225/300], Loss: 1.4397 (Overall: 1.0139, Change: 1.3201), TF Ratio: 0.955
[2026-06-15 13:34:43,180][root][INFO] - Epoch [1/5], Batch [226/300], Loss: 1.4382 (Overall: 0.9948, Change: 1.2286), TF Ratio: 0.955
[2026-06-15 13:34:43,334][root][INFO] - Epoch [1/5], Batch [227/300], Loss: 1.4367 (Overall: 0.9230, Change: 1.2937), TF Ratio: 0.955
[2026-06-15 13:35:02,620][root][INFO] - Epoch [1/5], Batch [228/300], Loss: 1.4362 (Overall: 1.1141, Change: 1.5103), TF Ratio: 0.954
[2026-06-15 13:35:02,776][root][INFO] - Epoch [1/5], Batch [229/300], Loss: 1.4347 (Overall: 0.8503, Change: 1.3486), TF Ratio: 0.954
[2026-06-15 13:35:02,929][root][INFO] - Epoch [1/5], Batch [230/300], Loss: 1.4340 (Overall: 0.7858, Change: 1.7282), TF Ratio: 0.954
[2026-06-15 13:35:03,082][root][INFO] - Epoch [1/5], Batch [231/300], Loss: 1.4322 (Overall: 0.9185, Change: 1.1263), TF Ratio: 0.954
[2026-06-15 13:35:03,253][root][INFO] - Epoch [1/5], Batch [232/300], Loss: 1.4317 (Overall: 0.9507, Change: 1.6891), TF Ratio: 0.954
[2026-06-15 13:35:03,406][root][INFO] - Epoch [1/5], Batch [233/300], Loss: 1.4312 (Overall: 1.1007, Change: 1.5274), TF Ratio: 0.953
[2026-06-15 13:35:03,559][root][INFO] - Epoch [1/5], Batch [234/300], Loss: 1.4300 (Overall: 0.7765, Change: 1.5369), TF Ratio: 0.953
[2026-06-15 13:35:03,712][root][INFO] - Epoch [1/5], Batch [235/300], Loss: 1.4292 (Overall: 0.9323, Change: 1.5634), TF Ratio: 0.953
[2026-06-15 13:35:03,876][root][INFO] - Epoch [1/5], Batch [236/300], Loss: 1.4284 (Overall: 0.9527, Change: 1.4885), TF Ratio: 0.953
[2026-06-15 13:35:04,032][root][INFO] - Epoch [1/5], Batch [237/300], Loss: 1.4283 (Overall: 0.9482, Change: 1.8846), TF Ratio: 0.953
[2026-06-15 13:35:04,186][root][INFO] - Epoch [1/5], Batch [238/300], Loss: 1.4280 (Overall: 1.1564, Change: 1.5635), TF Ratio: 0.952
[2026-06-15 13:35:04,339][root][INFO] - Epoch [1/5], Batch [239/300], Loss: 1.4270 (Overall: 0.9118, Change: 1.4502), TF Ratio: 0.952
[2026-06-15 13:35:28,858][root][INFO] - Epoch [1/5], Batch [240/300], Loss: 1.4258 (Overall: 0.8673, Change: 1.4288), TF Ratio: 0.952
[2026-06-15 13:35:29,012][root][INFO] - Epoch [1/5], Batch [241/300], Loss: 1.4251 (Overall: 1.0039, Change: 1.4879), TF Ratio: 0.952
[2026-06-15 13:35:29,163][root][INFO] - Epoch [1/5], Batch [242/300], Loss: 1.4244 (Overall: 0.9408, Change: 1.5899), TF Ratio: 0.952
[2026-06-15 13:35:29,315][root][INFO] - Epoch [1/5], Batch [243/300], Loss: 1.4244 (Overall: 1.1073, Change: 1.7581), TF Ratio: 0.951
[2026-06-15 13:35:29,480][root][INFO] - Epoch [1/5], Batch [244/300], Loss: 1.4249 (Overall: 1.3936, Change: 1.6936), TF Ratio: 0.951
[2026-06-15 13:35:29,634][root][INFO] - Epoch [1/5], Batch [245/300], Loss: 1.4258 (Overall: 1.1750, Change: 2.0754), TF Ratio: 0.951
[2026-06-15 13:35:29,787][root][INFO] - Epoch [1/5], Batch [246/300], Loss: 1.4259 (Overall: 0.9353, Change: 2.0047), TF Ratio: 0.951
[2026-06-15 13:35:29,941][root][INFO] - Epoch [1/5], Batch [247/300], Loss: 1.4247 (Overall: 0.8994, Change: 1.3342), TF Ratio: 0.951
[2026-06-15 13:35:30,104][root][INFO] - Epoch [1/5], Batch [248/300], Loss: 1.4229 (Overall: 0.8613, Change: 1.0868), TF Ratio: 0.950
[2026-06-15 13:35:30,258][root][INFO] - Epoch [1/5], Batch [249/300], Loss: 1.4213 (Overall: 0.9745, Change: 1.0989), TF Ratio: 0.950
[2026-06-15 13:35:30,411][root][INFO] - Epoch [1/5], Batch [250/300], Loss: 1.4212 (Overall: 1.0958, Change: 1.6655), TF Ratio: 0.950
[2026-06-15 13:35:30,563][root][INFO] - Epoch [1/5], Batch [251/300], Loss: 1.4205 (Overall: 1.0085, Change: 1.5184), TF Ratio: 0.950
[2026-06-15 13:35:40,980][root][INFO] - Epoch [1/5], Batch [252/300], Loss: 1.4201 (Overall: 1.0516, Change: 1.5640), TF Ratio: 0.950
[2026-06-15 13:35:41,143][root][INFO] - Epoch [1/5], Batch [253/300], Loss: 1.4200 (Overall: 0.9702, Change: 1.8126), TF Ratio: 0.949
[2026-06-15 13:35:41,297][root][INFO] - Epoch [1/5], Batch [254/300], Loss: 1.4196 (Overall: 0.9651, Change: 1.6838), TF Ratio: 0.949
[2026-06-15 13:35:41,451][root][INFO] - Epoch [1/5], Batch [255/300], Loss: 1.4201 (Overall: 1.5450, Change: 1.5311), TF Ratio: 0.949
[2026-06-15 13:35:41,615][root][INFO] - Epoch [1/5], Batch [256/300], Loss: 1.4189 (Overall: 0.8981, Change: 1.3306), TF Ratio: 0.949
[2026-06-15 13:35:41,770][root][INFO] - Epoch [1/5], Batch [257/300], Loss: 1.4175 (Overall: 0.8999, Change: 1.2355), TF Ratio: 0.949
[2026-06-15 13:35:41,942][root][INFO] - Epoch [1/5], Batch [258/300], Loss: 1.4166 (Overall: 0.9349, Change: 1.4506), TF Ratio: 0.948
[2026-06-15 13:35:42,096][root][INFO] - Epoch [1/5], Batch [259/300], Loss: 1.4158 (Overall: 0.9262, Change: 1.4972), TF Ratio: 0.948
[2026-06-15 13:35:42,266][root][INFO] - Epoch [1/5], Batch [260/300], Loss: 1.4163 (Overall: 1.0120, Change: 2.0584), TF Ratio: 0.948
[2026-06-15 13:35:42,419][root][INFO] - Epoch [1/5], Batch [261/300], Loss: 1.4165 (Overall: 1.4439, Change: 1.5127), TF Ratio: 0.948
[2026-06-15 13:35:42,572][root][INFO] - Epoch [1/5], Batch [262/300], Loss: 1.4154 (Overall: 0.9227, Change: 1.3435), TF Ratio: 0.948
[2026-06-15 13:35:42,742][root][INFO] - Epoch [1/5], Batch [263/300], Loss: 1.4146 (Overall: 0.9494, Change: 1.4195), TF Ratio: 0.947
[2026-06-15 13:35:53,701][root][INFO] - Epoch [1/5], Batch [264/300], Loss: 1.4140 (Overall: 0.9246, Change: 1.6257), TF Ratio: 0.947
[2026-06-15 13:35:53,857][root][INFO] - Epoch [1/5], Batch [265/300], Loss: 1.4128 (Overall: 1.1435, Change: 1.0149), TF Ratio: 0.947
[2026-06-15 13:35:54,010][root][INFO] - Epoch [1/5], Batch [266/300], Loss: 1.4119 (Overall: 0.9716, Change: 1.4019), TF Ratio: 0.947
[2026-06-15 13:35:54,164][root][INFO] - Epoch [1/5], Batch [267/300], Loss: 1.4106 (Overall: 1.0642, Change: 1.0487), TF Ratio: 0.947
[2026-06-15 13:35:54,328][root][INFO] - Epoch [1/5], Batch [268/300], Loss: 1.4106 (Overall: 1.0130, Change: 1.8072), TF Ratio: 0.946
[2026-06-15 13:35:54,480][root][INFO] - Epoch [1/5], Batch [269/300], Loss: 1.4105 (Overall: 1.1015, Change: 1.6908), TF Ratio: 0.946
[2026-06-15 13:35:54,632][root][INFO] - Epoch [1/5], Batch [270/300], Loss: 1.4099 (Overall: 0.9019, Change: 1.5676), TF Ratio: 0.946
[2026-06-15 13:35:54,784][root][INFO] - Epoch [1/5], Batch [271/300], Loss: 1.4091 (Overall: 0.8214, Change: 1.5570), TF Ratio: 0.946
[2026-06-15 13:35:54,952][root][INFO] - Epoch [1/5], Batch [272/300], Loss: 1.4081 (Overall: 0.9038, Change: 1.3695), TF Ratio: 0.946
[2026-06-15 13:35:55,105][root][INFO] - Epoch [1/5], Batch [273/300], Loss: 1.4075 (Overall: 1.0012, Change: 1.4796), TF Ratio: 0.945
[2026-06-15 13:35:55,258][root][INFO] - Epoch [1/5], Batch [274/300], Loss: 1.4065 (Overall: 0.7956, Change: 1.4809), TF Ratio: 0.945
[2026-06-15 13:35:55,410][root][INFO] - Epoch [1/5], Batch [275/300], Loss: 1.4051 (Overall: 0.8441, Change: 1.2144), TF Ratio: 0.945
[2026-06-15 13:36:07,241][root][INFO] - Epoch [1/5], Batch [276/300], Loss: 1.4042 (Overall: 0.9934, Change: 1.3343), TF Ratio: 0.945
[2026-06-15 13:36:07,403][root][INFO] - Epoch [1/5], Batch [277/300], Loss: 1.4031 (Overall: 0.8764, Change: 1.3089), TF Ratio: 0.945
[2026-06-15 13:36:07,556][root][INFO] - Epoch [1/5], Batch [278/300], Loss: 1.4024 (Overall: 0.8783, Change: 1.5377), TF Ratio: 0.944
[2026-06-15 13:36:07,710][root][INFO] - Epoch [1/5], Batch [279/300], Loss: 1.4009 (Overall: 1.0194, Change: 0.9222), TF Ratio: 0.944
[2026-06-15 13:36:08,637][root][INFO] - Epoch [1/5], Batch [280/300], Loss: 1.4002 (Overall: 0.9578, Change: 1.5014), TF Ratio: 0.944
[2026-06-15 13:36:08,793][root][INFO] - Epoch [1/5], Batch [281/300], Loss: 1.4006 (Overall: 1.6341, Change: 1.3942), TF Ratio: 0.944
[2026-06-15 13:36:08,948][root][INFO] - Epoch [1/5], Batch [282/300], Loss: 1.4002 (Overall: 0.9996, Change: 1.5284), TF Ratio: 0.944
[2026-06-15 13:36:09,103][root][INFO] - Epoch [1/5], Batch [283/300], Loss: 1.3995 (Overall: 1.0169, Change: 1.4350), TF Ratio: 0.943
[2026-06-15 13:36:09,280][root][INFO] - Epoch [1/5], Batch [284/300], Loss: 1.3992 (Overall: 0.8885, Change: 1.6852), TF Ratio: 0.943
[2026-06-15 13:36:09,435][root][INFO] - Epoch [1/5], Batch [285/300], Loss: 1.3987 (Overall: 1.0363, Change: 1.4980), TF Ratio: 0.943
[2026-06-15 13:36:09,588][root][INFO] - Epoch [1/5], Batch [286/300], Loss: 1.3981 (Overall: 0.9184, Change: 1.5476), TF Ratio: 0.943
[2026-06-15 13:36:09,741][root][INFO] - Epoch [1/5], Batch [287/300], Loss: 1.3966 (Overall: 0.9275, Change: 0.9875), TF Ratio: 0.943
[2026-06-15 13:36:19,463][root][INFO] - Epoch [1/5], Batch [288/300], Loss: 1.3962 (Overall: 0.8084, Change: 1.7508), TF Ratio: 0.942
[2026-06-15 13:36:19,619][root][INFO] - Epoch [1/5], Batch [289/300], Loss: 1.3961 (Overall: 1.1390, Change: 1.6075), TF Ratio: 0.942
[2026-06-15 13:36:19,772][root][INFO] - Epoch [1/5], Batch [290/300], Loss: 1.3954 (Overall: 0.8278, Change: 1.5726), TF Ratio: 0.942
[2026-06-15 13:36:19,925][root][INFO] - Epoch [1/5], Batch [291/300], Loss: 1.3945 (Overall: 0.8702, Change: 1.3755), TF Ratio: 0.942
[2026-06-15 13:36:22,735][root][INFO] - Epoch [1/5], Batch [292/300], Loss: 1.3949 (Overall: 0.8246, Change: 2.2201), TF Ratio: 0.942
[2026-06-15 13:36:22,891][root][INFO] - Epoch [1/5], Batch [293/300], Loss: 1.3942 (Overall: 0.8577, Change: 1.4858), TF Ratio: 0.941
[2026-06-15 13:36:23,044][root][INFO] - Epoch [1/5], Batch [294/300], Loss: 1.3935 (Overall: 0.9419, Change: 1.4573), TF Ratio: 0.941
[2026-06-15 13:36:23,196][root][INFO] - Epoch [1/5], Batch [295/300], Loss: 1.3932 (Overall: 0.9639, Change: 1.6511), TF Ratio: 0.941
[2026-06-15 13:36:27,259][root][INFO] - Epoch [1/5], Batch [296/300], Loss: 1.3932 (Overall: 0.9215, Change: 1.8776), TF Ratio: 0.941
[2026-06-15 13:36:27,415][root][INFO] - Epoch [1/5], Batch [297/300], Loss: 1.3924 (Overall: 0.8729, Change: 1.4336), TF Ratio: 0.941
[2026-06-15 13:36:27,569][root][INFO] - Epoch [1/5], Batch [298/300], Loss: 1.3919 (Overall: 0.9615, Change: 1.4993), TF Ratio: 0.940
[2026-06-15 13:36:27,722][root][INFO] - Epoch [1/5], Batch [299/300], Loss: 1.3913 (Overall: 0.8956, Change: 1.5584), TF Ratio: 0.940
[2026-06-15 13:36:37,576][root][INFO] - Epoch [1/5], Batch [300/300], Loss: 1.3901 (Overall: 0.9302, Change: 1.1411), TF Ratio: 0.940
[2026-06-15 13:36:50,378][root][INFO] - Epoch 1 done. Validating...
[2026-06-15 13:37:25,522][root][INFO] - Epoch [1/5] | Train: 1.3909 | Val: 0.8497
[2026-06-15 13:37:25,784][root][INFO] - Checkpoint saved: /gpfs/scratch/bsc32/bsc096444/ai4land-tfm/trained_models/unet_impl/41825118/best_model.pth
[2026-06-15 13:37:25,984][root][INFO] - Checkpoint saved: /gpfs/scratch/bsc32/bsc096444/ai4land-tfm/trained_models/unet_impl/41825118/model_epoch_1.pth
[2026-06-15 13:38:04,356][root][INFO] - Epoch [2/5], Batch [1/300], Loss: 1.0829 (Overall: 0.9017, Change: 1.2641), TF Ratio: 0.940
[2026-06-15 13:38:04,509][root][INFO] - Epoch [2/5], Batch [2/300], Loss: 1.1198 (Overall: 0.8946, Change: 1.4189), TF Ratio: 0.940
[2026-06-15 13:38:04,662][root][INFO] - Epoch [2/5], Batch [3/300], Loss: 1.0879 (Overall: 0.7952, Change: 1.2530), TF Ratio: 0.939
[2026-06-15 13:38:13,793][root][INFO] - Epoch [2/5], Batch [4/300], Loss: 1.1431 (Overall: 1.2204, Change: 1.3966), TF Ratio: 0.939
[2026-06-15 13:38:13,950][root][INFO] - Epoch [2/5], Batch [5/300], Loss: 1.1673 (Overall: 1.0519, Change: 1.4767), TF Ratio: 0.939
[2026-06-15 13:38:14,103][root][INFO] - Epoch [2/5], Batch [6/300], Loss: 1.1256 (Overall: 0.7499, Change: 1.0842), TF Ratio: 0.939
[2026-06-15 13:38:14,256][root][INFO] - Epoch [2/5], Batch [7/300], Loss: 1.1508 (Overall: 1.0022, Change: 1.6011), TF Ratio: 0.939
[2026-06-15 13:38:14,425][root][INFO] - Epoch [2/5], Batch [8/300], Loss: 1.1663 (Overall: 1.0153, Change: 1.5353), TF Ratio: 0.938
[2026-06-15 13:38:14,578][root][INFO] - Epoch [2/5], Batch [9/300], Loss: 1.1678 (Overall: 0.9116, Change: 1.4478), TF Ratio: 0.938
[2026-06-15 13:38:14,731][root][INFO] - Epoch [2/5], Batch [10/300], Loss: 1.1691 (Overall: 0.8205, Change: 1.5402), TF Ratio: 0.938
[2026-06-15 13:38:14,883][root][INFO] - Epoch [2/5], Batch [11/300], Loss: 1.1933 (Overall: 0.8584, Change: 2.0135), TF Ratio: 0.938
[2026-06-15 13:38:19,764][root][INFO] - Epoch [2/5], Batch [12/300], Loss: 1.1970 (Overall: 0.8234, Change: 1.6519), TF Ratio: 0.938
[2026-06-15 13:38:19,918][root][INFO] - Epoch [2/5], Batch [13/300], Loss: 1.2004 (Overall: 0.8677, Change: 1.6154), TF Ratio: 0.937
[2026-06-15 13:38:20,071][root][INFO] - Epoch [2/5], Batch [14/300], Loss: 1.1942 (Overall: 0.7806, Change: 1.4464), TF Ratio: 0.937
[2026-06-15 13:38:20,224][root][INFO] - Epoch [2/5], Batch [15/300], Loss: 1.1802 (Overall: 0.7821, Change: 1.1848), TF Ratio: 0.937
[2026-06-15 13:38:31,858][root][INFO] - Epoch [2/5], Batch [16/300], Loss: 1.1834 (Overall: 1.0039, Change: 1.4595), TF Ratio: 0.937
[2026-06-15 13:38:32,017][root][INFO] - Epoch [2/5], Batch [17/300], Loss: 1.1750 (Overall: 0.9917, Change: 1.0885), TF Ratio: 0.937
[2026-06-15 13:38:32,169][root][INFO] - Epoch [2/5], Batch [18/300], Loss: 1.1821 (Overall: 0.9949, Change: 1.6105), TF Ratio: 0.936
[2026-06-15 13:38:32,346][root][INFO] - Epoch [2/5], Batch [19/300], Loss: 1.1834 (Overall: 0.8018, Change: 1.6146), TF Ratio: 0.936
[2026-06-15 13:38:32,509][root][INFO] - Epoch [2/5], Batch [20/300], Loss: 1.1836 (Overall: 0.8439, Change: 1.5299), TF Ratio: 0.936
[2026-06-15 13:38:32,676][root][INFO] - Epoch [2/5], Batch [21/300], Loss: 1.1940 (Overall: 0.8412, Change: 1.9616), TF Ratio: 0.936
[2026-06-15 13:38:32,829][root][INFO] - Epoch [2/5], Batch [22/300], Loss: 1.1696 (Overall: 0.7206, Change: 0.5924), TF Ratio: 0.936
[2026-06-15 13:38:32,981][root][INFO] - Epoch [2/5], Batch [23/300], Loss: 1.1732 (Overall: 0.9150, Change: 1.5934), TF Ratio: 0.935
[2026-06-15 13:38:35,884][root][INFO] - Epoch [2/5], Batch [24/300], Loss: 1.1706 (Overall: 0.8408, Change: 1.3809), TF Ratio: 0.935
[2026-06-15 13:38:36,038][root][INFO] - Epoch [2/5], Batch [25/300], Loss: 1.1855 (Overall: 1.3496, Change: 1.7323), TF Ratio: 0.935
[2026-06-15 13:38:36,194][root][INFO] - Epoch [2/5], Batch [26/300], Loss: 1.1947 (Overall: 0.9121, Change: 1.9373), TF Ratio: 0.935
[2026-06-15 13:38:36,346][root][INFO] - Epoch [2/5], Batch [27/300], Loss: 1.1885 (Overall: 0.7140, Change: 1.3410), TF Ratio: 0.935
[2026-06-15 13:38:45,624][root][INFO] - Epoch [2/5], Batch [28/300], Loss: 1.1966 (Overall: 1.0680, Change: 1.7630), TF Ratio: 0.934
[2026-06-15 13:38:45,781][root][INFO] - Epoch [2/5], Batch [29/300], Loss: 1.1983 (Overall: 0.8646, Change: 1.6265), TF Ratio: 0.934
[2026-06-15 13:38:45,935][root][INFO] - Epoch [2/5], Batch [30/300], Loss: 1.1948 (Overall: 0.8426, Change: 1.3456), TF Ratio: 0.934
[2026-06-15 13:38:46,088][root][INFO] - Epoch [2/5], Batch [31/300], Loss: 1.1963 (Overall: 0.8151, Change: 1.6692), TF Ratio: 0.934
[2026-06-15 13:38:46,597][root][INFO] - Epoch [2/5], Batch [32/300], Loss: 1.1967 (Overall: 0.8412, Change: 1.5753), TF Ratio: 0.934
[2026-06-15 13:38:46,752][root][INFO] - Epoch [2/5], Batch [33/300], Loss: 1.1994 (Overall: 0.9058, Change: 1.6657), TF Ratio: 0.933
[2026-06-15 13:38:46,905][root][INFO] - Epoch [2/5], Batch [34/300], Loss: 1.1976 (Overall: 0.8924, Change: 1.3872), TF Ratio: 0.933
[2026-06-15 13:38:47,059][root][INFO] - Epoch [2/5], Batch [35/300], Loss: 1.1896 (Overall: 0.8037, Change: 1.0257), TF Ratio: 0.933
[2026-06-15 13:38:50,902][root][INFO] - Epoch [2/5], Batch [36/300], Loss: 1.1869 (Overall: 0.8768, Change: 1.3142), TF Ratio: 0.933
[2026-06-15 13:38:51,056][root][INFO] - Epoch [2/5], Batch [37/300], Loss: 1.1853 (Overall: 0.9607, Change: 1.2945), TF Ratio: 0.933
[2026-06-15 13:38:51,209][root][INFO] - Epoch [2/5], Batch [38/300], Loss: 1.1856 (Overall: 0.9242, Change: 1.4699), TF Ratio: 0.932
[2026-06-15 13:38:51,363][root][INFO] - Epoch [2/5], Batch [39/300], Loss: 1.1885 (Overall: 1.1230, Change: 1.4688), TF Ratio: 0.932
[2026-06-15 13:39:01,242][root][INFO] - Epoch [2/5], Batch [40/300], Loss: 1.1908 (Overall: 0.9592, Change: 1.6037), TF Ratio: 0.932
[2026-06-15 13:39:01,397][root][INFO] - Epoch [2/5], Batch [41/300], Loss: 1.1872 (Overall: 0.8538, Change: 1.2342), TF Ratio: 0.932
[2026-06-15 13:39:01,550][root][INFO] - Epoch [2/5], Batch [42/300], Loss: 1.1873 (Overall: 1.1245, Change: 1.2537), TF Ratio: 0.932
[2026-06-15 13:39:01,703][root][INFO] - Epoch [2/5], Batch [43/300], Loss: 1.1820 (Overall: 0.7605, Change: 1.1653), TF Ratio: 0.931
[2026-06-15 13:39:06,174][root][INFO] - Epoch [2/5], Batch [44/300], Loss: 1.1833 (Overall: 0.8080, Change: 1.6633), TF Ratio: 0.931
[2026-06-15 13:39:06,330][root][INFO] - Epoch [2/5], Batch [45/300], Loss: 1.1920 (Overall: 1.4432, Change: 1.7069), TF Ratio: 0.931
[2026-06-15 13:39:06,483][root][INFO] - Epoch [2/5], Batch [46/300], Loss: 1.1968 (Overall: 1.3452, Change: 1.4862), TF Ratio: 0.931
[2026-06-15 13:39:06,636][root][INFO] - Epoch [2/5], Batch [47/300], Loss: 1.1987 (Overall: 0.8638, Change: 1.7097), TF Ratio: 0.931
[2026-06-15 13:39:17,993][root][INFO] - Epoch [2/5], Batch [48/300], Loss: 1.1953 (Overall: 1.0288, Change: 1.0406), TF Ratio: 0.930
[2026-06-15 13:39:18,149][root][INFO] - Epoch [2/5], Batch [49/300], Loss: 1.1939 (Overall: 0.7907, Change: 1.4633), TF Ratio: 0.930
[2026-06-15 13:39:18,302][root][INFO] - Epoch [2/5], Batch [50/300], Loss: 1.1892 (Overall: 0.6820, Change: 1.2324), TF Ratio: 0.930
[2026-06-15 13:39:18,455][root][INFO] - Epoch [2/5], Batch [51/300], Loss: 1.1890 (Overall: 1.1404, Change: 1.2162), TF Ratio: 0.930
[2026-06-15 13:39:23,431][root][INFO] - Epoch [2/5], Batch [52/300], Loss: 1.1941 (Overall: 0.9942, Change: 1.9108), TF Ratio: 0.930
[2026-06-15 13:39:23,586][root][INFO] - Epoch [2/5], Batch [53/300], Loss: 1.1953 (Overall: 1.0241, Change: 1.4924), TF Ratio: 0.929
[2026-06-15 13:39:23,738][root][INFO] - Epoch [2/5], Batch [54/300], Loss: 1.1956 (Overall: 0.8082, Change: 1.6165), TF Ratio: 0.929
[2026-06-15 13:39:23,891][root][INFO] - Epoch [2/5], Batch [55/300], Loss: 1.1928 (Overall: 0.7263, Change: 1.3547), TF Ratio: 0.929
[2026-06-15 13:39:24,741][root][INFO] - Epoch [2/5], Batch [56/300], Loss: 1.1910 (Overall: 0.9041, Change: 1.2857), TF Ratio: 0.929
[2026-06-15 13:39:24,894][root][INFO] - Epoch [2/5], Batch [57/300], Loss: 1.1964 (Overall: 1.4075, Change: 1.5895), TF Ratio: 0.929
[2026-06-15 13:39:25,047][root][INFO] - Epoch [2/5], Batch [58/300], Loss: 1.1956 (Overall: 0.7515, Change: 1.5485), TF Ratio: 0.928
[2026-06-15 13:39:25,200][root][INFO] - Epoch [2/5], Batch [59/300], Loss: 1.1933 (Overall: 0.8552, Change: 1.2664), TF Ratio: 0.928
[2026-06-15 13:39:44,302][root][INFO] - Epoch [2/5], Batch [60/300], Loss: 1.1964 (Overall: 0.9341, Change: 1.8265), TF Ratio: 0.928
[2026-06-15 13:39:44,459][root][INFO] - Epoch [2/5], Batch [61/300], Loss: 1.1994 (Overall: 1.0270, Change: 1.7230), TF Ratio: 0.928
[2026-06-15 13:39:44,611][root][INFO] - Epoch [2/5], Batch [62/300], Loss: 1.2004 (Overall: 0.8983, Change: 1.6344), TF Ratio: 0.928
[2026-06-15 13:39:44,763][root][INFO] - Epoch [2/5], Batch [63/300], Loss: 1.1993 (Overall: 0.7514, Change: 1.5033), TF Ratio: 0.927
[2026-06-15 13:39:44,937][root][INFO] - Epoch [2/5], Batch [64/300], Loss: 1.1978 (Overall: 1.1643, Change: 1.0473), TF Ratio: 0.927
[2026-06-15 13:39:45,090][root][INFO] - Epoch [2/5], Batch [65/300], Loss: 1.1988 (Overall: 0.9091, Change: 1.6121), TF Ratio: 0.927
[2026-06-15 13:39:45,242][root][INFO] - Epoch [2/5], Batch [66/300], Loss: 1.2014 (Overall: 1.2763, Change: 1.4708), TF Ratio: 0.927
[2026-06-15 13:39:45,394][root][INFO] - Epoch [2/5], Batch [67/300], Loss: 1.1997 (Overall: 0.8578, Change: 1.3071), TF Ratio: 0.927
[2026-06-15 13:39:45,562][root][INFO] - Epoch [2/5], Batch [68/300], Loss: 1.1972 (Overall: 0.7516, Change: 1.3167), TF Ratio: 0.926
[2026-06-15 13:39:45,716][root][INFO] - Epoch [2/5], Batch [69/300], Loss: 1.1986 (Overall: 0.9184, Change: 1.6592), TF Ratio: 0.926
[2026-06-15 13:39:45,868][root][INFO] - Epoch [2/5], Batch [70/300], Loss: 1.2016 (Overall: 1.0857, Change: 1.7421), TF Ratio: 0.926
[2026-06-15 13:39:46,020][root][INFO] - Epoch [2/5], Batch [71/300], Loss: 1.2023 (Overall: 0.8013, Change: 1.6948), TF Ratio: 0.926
[2026-06-15 13:39:59,854][root][INFO] - Epoch [2/5], Batch [72/300], Loss: 1.2016 (Overall: 1.0789, Change: 1.2208), TF Ratio: 0.926
[2026-06-15 13:40:00,010][root][INFO] - Epoch [2/5], Batch [73/300], Loss: 1.1967 (Overall: 0.6719, Change: 1.0231), TF Ratio: 0.925
[2026-06-15 13:40:00,163][root][INFO] - Epoch [2/5], Batch [74/300], Loss: 1.1981 (Overall: 0.8923, Change: 1.7126), TF Ratio: 0.925
[2026-06-15 13:40:00,316][root][INFO] - Epoch [2/5], Batch [75/300], Loss: 1.1970 (Overall: 0.7277, Change: 1.4953), TF Ratio: 0.925
[2026-06-15 13:40:00,494][root][INFO] - Epoch [2/5], Batch [76/300], Loss: 1.1980 (Overall: 0.9988, Change: 1.5546), TF Ratio: 0.925
[2026-06-15 13:40:00,649][root][INFO] - Epoch [2/5], Batch [77/300], Loss: 1.1969 (Overall: 0.8744, Change: 1.3414), TF Ratio: 0.925
[2026-06-15 13:40:00,802][root][INFO] - Epoch [2/5], Batch [78/300], Loss: 1.1952 (Overall: 0.6656, Change: 1.4761), TF Ratio: 0.924
[2026-06-15 13:40:00,954][root][INFO] - Epoch [2/5], Batch [79/300], Loss: 1.1963 (Overall: 1.1104, Change: 1.4503), TF Ratio: 0.924
[2026-06-15 13:40:01,122][root][INFO] - Epoch [2/5], Batch [80/300], Loss: 1.1993 (Overall: 1.0216, Change: 1.8527), TF Ratio: 0.924
[2026-06-15 13:40:01,276][root][INFO] - Epoch [2/5], Batch [81/300], Loss: 1.1996 (Overall: 0.6717, Change: 1.7690), TF Ratio: 0.924
[2026-06-15 13:40:01,429][root][INFO] - Epoch [2/5], Batch [82/300], Loss: 1.2010 (Overall: 1.1483, Change: 1.4801), TF Ratio: 0.924
[2026-06-15 13:40:01,583][root][INFO] - Epoch [2/5], Batch [83/300], Loss: 1.1997 (Overall: 0.8278, Change: 1.3600), TF Ratio: 0.923
[2026-06-15 13:40:14,390][root][INFO] - Epoch [2/5], Batch [84/300], Loss: 1.1989 (Overall: 0.7970, Change: 1.4602), TF Ratio: 0.923
[2026-06-15 13:40:14,546][root][INFO] - Epoch [2/5], Batch [85/300], Loss: 1.1973 (Overall: 0.8300, Change: 1.3092), TF Ratio: 0.923
[2026-06-15 13:40:14,698][root][INFO] - Epoch [2/5], Batch [86/300], Loss: 1.1967 (Overall: 0.9439, Change: 1.3457), TF Ratio: 0.923
[2026-06-15 13:40:14,850][root][INFO] - Epoch [2/5], Batch [87/300], Loss: 1.1966 (Overall: 0.9691, Change: 1.4037), TF Ratio: 0.923
[2026-06-15 13:40:15,022][root][INFO] - Epoch [2/5], Batch [88/300], Loss: 1.1997 (Overall: 0.9371, Change: 2.0003), TF Ratio: 0.922
[2026-06-15 13:40:15,178][root][INFO] - Epoch [2/5], Batch [89/300], Loss: 1.1987 (Overall: 0.5821, Change: 1.6434), TF Ratio: 0.922
[2026-06-15 13:40:15,330][root][INFO] - Epoch [2/5], Batch [90/300], Loss: 1.1978 (Overall: 0.8007, Change: 1.4341), TF Ratio: 0.922
[2026-06-15 13:40:15,482][root][INFO] - Epoch [2/5], Batch [91/300], Loss: 1.1972 (Overall: 0.7651, Change: 1.5196), TF Ratio: 0.922
[2026-06-15 13:40:15,647][root][INFO] - Epoch [2/5], Batch [92/300], Loss: 1.1964 (Overall: 1.0186, Change: 1.2257), TF Ratio: 0.922
[2026-06-15 13:40:15,801][root][INFO] - Epoch [2/5], Batch [93/300], Loss: 1.1969 (Overall: 0.8370, Change: 1.6454), TF Ratio: 0.921
[2026-06-15 13:40:15,953][root][INFO] - Epoch [2/5], Batch [94/300], Loss: 1.1965 (Overall: 0.7715, Change: 1.5497), TF Ratio: 0.921
[2026-06-15 13:40:16,107][root][INFO] - Epoch [2/5], Batch [95/300], Loss: 1.1934 (Overall: 0.6858, Change: 1.1127), TF Ratio: 0.921
[2026-06-15 13:40:34,312][root][INFO] - Epoch [2/5], Batch [96/300], Loss: 1.1938 (Overall: 1.0406, Change: 1.4225), TF Ratio: 0.921
[2026-06-15 13:40:34,474][root][INFO] - Epoch [2/5], Batch [97/300], Loss: 1.1926 (Overall: 0.7758, Change: 1.3976), TF Ratio: 0.921
[2026-06-15 13:40:34,626][root][INFO] - Epoch [2/5], Batch [98/300], Loss: 1.1912 (Overall: 0.9801, Change: 1.1154), TF Ratio: 0.920
[2026-06-15 13:40:34,779][root][INFO] - Epoch [2/5], Batch [99/300], Loss: 1.1901 (Overall: 0.6340, Change: 1.5444), TF Ratio: 0.920
[2026-06-15 13:40:34,945][root][INFO] - Epoch [2/5], Batch [100/300], Loss: 1.1896 (Overall: 0.8147, Change: 1.4593), TF Ratio: 0.920
[2026-06-15 13:40:35,098][root][INFO] - Epoch [2/5], Batch [101/300], Loss: 1.1907 (Overall: 1.1355, Change: 1.4654), TF Ratio: 0.920
[2026-06-15 13:40:35,251][root][INFO] - Epoch [2/5], Batch [102/300], Loss: 1.1909 (Overall: 0.9612, Change: 1.4554), TF Ratio: 0.920
[2026-06-15 13:40:35,420][root][INFO] - Epoch [2/5], Batch [103/300], Loss: 1.1887 (Overall: 0.9109, Change: 1.0169), TF Ratio: 0.919
[2026-06-15 13:40:35,583][root][INFO] - Epoch [2/5], Batch [104/300], Loss: 1.1907 (Overall: 0.9562, Change: 1.8357), TF Ratio: 0.919
[2026-06-15 13:40:35,736][root][INFO] - Epoch [2/5], Batch [105/300], Loss: 1.1894 (Overall: 1.0147, Change: 1.1017), TF Ratio: 0.919
[2026-06-15 13:40:35,889][root][INFO] - Epoch [2/5], Batch [106/300], Loss: 1.1881 (Overall: 0.8136, Change: 1.2857), TF Ratio: 0.919
[2026-06-15 13:40:36,041][root][INFO] - Epoch [2/5], Batch [107/300], Loss: 1.1890 (Overall: 0.9754, Change: 1.5860), TF Ratio: 0.919
[2026-06-15 13:40:47,933][root][INFO] - Epoch [2/5], Batch [108/300], Loss: 1.1884 (Overall: 1.0783, Change: 1.1821), TF Ratio: 0.918
[2026-06-15 13:40:48,089][root][INFO] - Epoch [2/5], Batch [109/300], Loss: 1.1877 (Overall: 0.9415, Change: 1.2868), TF Ratio: 0.918
[2026-06-15 13:40:48,242][root][INFO] - Epoch [2/5], Batch [110/300], Loss: 1.1868 (Overall: 1.0185, Change: 1.1580), TF Ratio: 0.918
[2026-06-15 13:40:48,395][root][INFO] - Epoch [2/5], Batch [111/300], Loss: 1.1861 (Overall: 0.7644, Change: 1.4388), TF Ratio: 0.918
[2026-06-15 13:40:48,566][root][INFO] - Epoch [2/5], Batch [112/300], Loss: 1.1847 (Overall: 0.7690, Change: 1.3092), TF Ratio: 0.918
[2026-06-15 13:40:48,719][root][INFO] - Epoch [2/5], Batch [113/300], Loss: 1.1874 (Overall: 1.0146, Change: 1.9513), TF Ratio: 0.917
[2026-06-15 13:40:48,872][root][INFO] - Epoch [2/5], Batch [114/300], Loss: 1.1887 (Overall: 1.1826, Change: 1.4928), TF Ratio: 0.917
[2026-06-15 13:40:49,025][root][INFO] - Epoch [2/5], Batch [115/300], Loss: 1.1887 (Overall: 0.8906, Change: 1.4820), TF Ratio: 0.917
[2026-06-15 13:40:50,467][root][INFO] - Epoch [2/5], Batch [116/300], Loss: 1.1888 (Overall: 0.9126, Change: 1.4987), TF Ratio: 0.917
[2026-06-15 13:40:50,622][root][INFO] - Epoch [2/5], Batch [117/300], Loss: 1.1905 (Overall: 1.3529, Change: 1.4121), TF Ratio: 0.917
[2026-06-15 13:40:50,774][root][INFO] - Epoch [2/5], Batch [118/300], Loss: 1.1911 (Overall: 1.0319, Change: 1.5047), TF Ratio: 0.916
[2026-06-15 13:40:50,927][root][INFO] - Epoch [2/5], Batch [119/300], Loss: 1.1908 (Overall: 0.8052, Change: 1.4875), TF Ratio: 0.916
[2026-06-15 13:41:09,500][root][INFO] - Epoch [2/5], Batch [120/300], Loss: 1.1898 (Overall: 0.8359, Change: 1.3094), TF Ratio: 0.916
[2026-06-15 13:41:09,657][root][INFO] - Epoch [2/5], Batch [121/300], Loss: 1.1893 (Overall: 0.9075, Change: 1.3449), TF Ratio: 0.916
[2026-06-15 13:41:09,810][root][INFO] - Epoch [2/5], Batch [122/300], Loss: 1.1868 (Overall: 0.7450, Change: 1.0437), TF Ratio: 0.916
[2026-06-15 13:41:09,968][root][INFO] - Epoch [2/5], Batch [123/300], Loss: 1.1857 (Overall: 0.7194, Change: 1.3734), TF Ratio: 0.915
[2026-06-15 13:41:11,672][root][INFO] - Epoch [2/5], Batch [124/300], Loss: 1.1849 (Overall: 0.7668, Change: 1.4179), TF Ratio: 0.915
[2026-06-15 13:41:11,826][root][INFO] - Epoch [2/5], Batch [125/300], Loss: 1.1872 (Overall: 1.1100, Change: 1.8278), TF Ratio: 0.915
[2026-06-15 13:41:11,979][root][INFO] - Epoch [2/5], Batch [126/300], Loss: 1.1862 (Overall: 0.7126, Change: 1.4156), TF Ratio: 0.915
[2026-06-15 13:41:12,132][root][INFO] - Epoch [2/5], Batch [127/300], Loss: 1.1847 (Overall: 0.8563, Change: 1.1356), TF Ratio: 0.915
[2026-06-15 13:41:13,065][root][INFO] - Epoch [2/5], Batch [128/300], Loss: 1.1837 (Overall: 0.9014, Change: 1.2109), TF Ratio: 0.914
[2026-06-15 13:41:13,218][root][INFO] - Epoch [2/5], Batch [129/300], Loss: 1.1847 (Overall: 0.8903, Change: 1.7315), TF Ratio: 0.914
[2026-06-15 13:41:13,371][root][INFO] - Epoch [2/5], Batch [130/300], Loss: 1.1833 (Overall: 0.7892, Change: 1.2160), TF Ratio: 0.914
[2026-06-15 13:41:13,524][root][INFO] - Epoch [2/5], Batch [131/300], Loss: 1.1852 (Overall: 1.2285, Change: 1.6406), TF Ratio: 0.914
[2026-06-15 13:41:28,516][root][INFO] - Epoch [2/5], Batch [132/300], Loss: 1.1847 (Overall: 0.9805, Change: 1.2483), TF Ratio: 0.914
[2026-06-15 13:41:28,671][root][INFO] - Epoch [2/5], Batch [133/300], Loss: 1.1846 (Overall: 0.8548, Change: 1.4776), TF Ratio: 0.913
[2026-06-15 13:41:28,823][root][INFO] - Epoch [2/5], Batch [134/300], Loss: 1.1857 (Overall: 1.1650, Change: 1.5094), TF Ratio: 0.913
[2026-06-15 13:41:28,975][root][INFO] - Epoch [2/5], Batch [135/300], Loss: 1.1860 (Overall: 0.8394, Change: 1.6237), TF Ratio: 0.913
[2026-06-15 13:41:29,964][root][INFO] - Epoch [2/5], Batch [136/300], Loss: 1.1850 (Overall: 0.7525, Change: 1.3440), TF Ratio: 0.913
[2026-06-15 13:41:30,117][root][INFO] - Epoch [2/5], Batch [137/300], Loss: 1.1833 (Overall: 0.7516, Change: 1.1443), TF Ratio: 0.913
[2026-06-15 13:41:30,269][root][INFO] - Epoch [2/5], Batch [138/300], Loss: 1.1826 (Overall: 0.8736, Change: 1.2950), TF Ratio: 0.912
[2026-06-15 13:41:30,422][root][INFO] - Epoch [2/5], Batch [139/300], Loss: 1.1826 (Overall: 0.8180, Change: 1.5447), TF Ratio: 0.912
[2026-06-15 13:41:43,492][root][INFO] - Epoch [2/5], Batch [140/300], Loss: 1.1842 (Overall: 1.1873, Change: 1.6294), TF Ratio: 0.912
[2026-06-15 13:41:43,648][root][INFO] - Epoch [2/5], Batch [141/300], Loss: 1.1829 (Overall: 0.7802, Change: 1.2143), TF Ratio: 0.912
[2026-06-15 13:41:43,800][root][INFO] - Epoch [2/5], Batch [142/300], Loss: 1.1828 (Overall: 0.9582, Change: 1.3887), TF Ratio: 0.912
[2026-06-15 13:41:43,952][root][INFO] - Epoch [2/5], Batch [143/300], Loss: 1.1816 (Overall: 0.6543, Change: 1.3813), TF Ratio: 0.911
[2026-06-15 13:41:50,476][root][INFO] - Epoch [2/5], Batch [144/300], Loss: 1.1801 (Overall: 0.6934, Change: 1.2268), TF Ratio: 0.911
[2026-06-15 13:41:50,629][root][INFO] - Epoch [2/5], Batch [145/300], Loss: 1.1786 (Overall: 0.7424, Change: 1.1693), TF Ratio: 0.911
[2026-06-15 13:41:50,782][root][INFO] - Epoch [2/5], Batch [146/300], Loss: 1.1795 (Overall: 1.1476, Change: 1.4833), TF Ratio: 0.911
[2026-06-15 13:41:50,934][root][INFO] - Epoch [2/5], Batch [147/300], Loss: 1.1784 (Overall: 0.7884, Change: 1.2611), TF Ratio: 0.911
[2026-06-15 13:41:51,196][root][INFO] - Epoch [2/5], Batch [148/300], Loss: 1.1783 (Overall: 0.8480, Change: 1.4711), TF Ratio: 0.910
[2026-06-15 13:41:51,350][root][INFO] - Epoch [2/5], Batch [149/300], Loss: 1.1783 (Overall: 0.9033, Change: 1.4482), TF Ratio: 0.910
[2026-06-15 13:41:51,502][root][INFO] - Epoch [2/5], Batch [150/300], Loss: 1.1793 (Overall: 0.7266, Change: 1.9407), TF Ratio: 0.910
[2026-06-15 13:41:51,657][root][INFO] - Epoch [2/5], Batch [151/300], Loss: 1.1785 (Overall: 0.7501, Change: 1.3675), TF Ratio: 0.910
[2026-06-15 13:42:01,498][root][INFO] - Epoch [2/5], Batch [152/300], Loss: 1.1782 (Overall: 1.0256, Change: 1.2404), TF Ratio: 0.910
[2026-06-15 13:42:01,654][root][INFO] - Epoch [2/5], Batch [153/300], Loss: 1.1789 (Overall: 1.0653, Change: 1.5109), TF Ratio: 0.909
[2026-06-15 13:42:01,807][root][INFO] - Epoch [2/5], Batch [154/300], Loss: 1.1791 (Overall: 0.7382, Change: 1.6784), TF Ratio: 0.909
[2026-06-15 13:42:01,960][root][INFO] - Epoch [2/5], Batch [155/300], Loss: 1.1795 (Overall: 0.8510, Change: 1.6217), TF Ratio: 0.909
[2026-06-15 13:42:04,026][root][INFO] - Epoch [2/5], Batch [156/300], Loss: 1.1798 (Overall: 0.8778, Change: 1.5849), TF Ratio: 0.909
[2026-06-15 13:42:04,179][root][INFO] - Epoch [2/5], Batch [157/300], Loss: 1.1788 (Overall: 0.9483, Change: 1.0829), TF Ratio: 0.909
[2026-06-15 13:42:04,332][root][INFO] - Epoch [2/5], Batch [158/300], Loss: 1.1797 (Overall: 0.9609, Change: 1.6898), TF Ratio: 0.908
[2026-06-15 13:42:04,486][root][INFO] - Epoch [2/5], Batch [159/300], Loss: 1.1787 (Overall: 0.8458, Change: 1.1964), TF Ratio: 0.908
[2026-06-15 13:42:12,700][root][INFO] - Epoch [2/5], Batch [160/300], Loss: 1.1789 (Overall: 0.8979, Change: 1.5307), TF Ratio: 0.908
[2026-06-15 13:42:12,855][root][INFO] - Epoch [2/5], Batch [161/300], Loss: 1.1810 (Overall: 0.6834, Change: 2.3416), TF Ratio: 0.908
[2026-06-15 13:42:13,007][root][INFO] - Epoch [2/5], Batch [162/300], Loss: 1.1807 (Overall: 0.8525, Change: 1.4143), TF Ratio: 0.908
[2026-06-15 13:42:13,160][root][INFO] - Epoch [2/5], Batch [163/300], Loss: 1.1801 (Overall: 0.6883, Change: 1.4841), TF Ratio: 0.907
[2026-06-15 13:42:17,246][root][INFO] - Epoch [2/5], Batch [164/300], Loss: 1.1815 (Overall: 0.6680, Change: 2.1313), TF Ratio: 0.907
[2026-06-15 13:42:17,400][root][INFO] - Epoch [2/5], Batch [165/300], Loss: 1.1799 (Overall: 0.7167, Change: 1.1073), TF Ratio: 0.907
[2026-06-15 13:42:17,552][root][INFO] - Epoch [2/5], Batch [166/300], Loss: 1.1797 (Overall: 1.0001, Change: 1.3039), TF Ratio: 0.907
[2026-06-15 13:42:17,709][root][INFO] - Epoch [2/5], Batch [167/300], Loss: 1.1789 (Overall: 0.7741, Change: 1.3204), TF Ratio: 0.907
[2026-06-15 13:42:23,641][root][INFO] - Epoch [2/5], Batch [168/300], Loss: 1.1788 (Overall: 0.8066, Change: 1.5227), TF Ratio: 0.906
[2026-06-15 13:42:23,796][root][INFO] - Epoch [2/5], Batch [169/300], Loss: 1.1778 (Overall: 0.7271, Change: 1.2823), TF Ratio: 0.906
[2026-06-15 13:42:23,947][root][INFO] - Epoch [2/5], Batch [170/300], Loss: 1.1780 (Overall: 0.8768, Change: 1.5676), TF Ratio: 0.906
[2026-06-15 13:42:24,100][root][INFO] - Epoch [2/5], Batch [171/300], Loss: 1.1774 (Overall: 0.7288, Change: 1.4199), TF Ratio: 0.906
[2026-06-15 13:42:30,934][root][INFO] - Epoch [2/5], Batch [172/300], Loss: 1.1776 (Overall: 1.0419, Change: 1.3825), TF Ratio: 0.906
[2026-06-15 13:42:31,088][root][INFO] - Epoch [2/5], Batch [173/300], Loss: 1.1746 (Overall: 0.6190, Change: 0.6736), TF Ratio: 0.905
[2026-06-15 13:42:31,240][root][INFO] - Epoch [2/5], Batch [174/300], Loss: 1.1732 (Overall: 0.7804, Change: 1.0953), TF Ratio: 0.905
[2026-06-15 13:42:31,411][root][INFO] - Epoch [2/5], Batch [175/300], Loss: 1.1731 (Overall: 0.9793, Change: 1.3178), TF Ratio: 0.905
[2026-06-15 13:42:36,656][root][INFO] - Epoch [2/5], Batch [176/300], Loss: 1.1737 (Overall: 1.0371, Change: 1.5433), TF Ratio: 0.905
[2026-06-15 13:42:36,810][root][INFO] - Epoch [2/5], Batch [177/300], Loss: 1.1752 (Overall: 1.4415, Change: 1.4136), TF Ratio: 0.905
[2026-06-15 13:42:36,962][root][INFO] - Epoch [2/5], Batch [178/300], Loss: 1.1754 (Overall: 0.9068, Change: 1.5235), TF Ratio: 0.904
[2026-06-15 13:42:37,115][root][INFO] - Epoch [2/5], Batch [179/300], Loss: 1.1744 (Overall: 0.9004, Change: 1.1109), TF Ratio: 0.904
[2026-06-15 13:42:45,063][root][INFO] - Epoch [2/5], Batch [180/300], Loss: 1.1741 (Overall: 0.7122, Change: 1.5077), TF Ratio: 0.904
[2026-06-15 13:42:45,232][root][INFO] - Epoch [2/5], Batch [181/300], Loss: 1.1739 (Overall: 0.9683, Change: 1.3274), TF Ratio: 0.904
[2026-06-15 13:42:45,385][root][INFO] - Epoch [2/5], Batch [182/300], Loss: 1.1730 (Overall: 0.6506, Change: 1.3491), TF Ratio: 0.904
[2026-06-15 13:42:45,537][root][INFO] - Epoch [2/5], Batch [183/300], Loss: 1.1721 (Overall: 0.9606, Change: 1.0495), TF Ratio: 0.903
[2026-06-15 13:42:45,706][root][INFO] - Epoch [2/5], Batch [184/300], Loss: 1.1714 (Overall: 0.6340, Change: 1.4527), TF Ratio: 0.903
[2026-06-15 13:42:45,860][root][INFO] - Epoch [2/5], Batch [185/300], Loss: 1.1713 (Overall: 1.0028, Change: 1.3214), TF Ratio: 0.903
[2026-06-15 13:42:46,013][root][INFO] - Epoch [2/5], Batch [186/300], Loss: 1.1714 (Overall: 0.9553, Change: 1.4314), TF Ratio: 0.903
[2026-06-15 13:42:46,168][root][INFO] - Epoch [2/5], Batch [187/300], Loss: 1.1714 (Overall: 1.1029, Change: 1.2138), TF Ratio: 0.903
[2026-06-15 13:42:55,447][root][INFO] - Epoch [2/5], Batch [188/300], Loss: 1.1699 (Overall: 0.6375, Change: 1.1402), TF Ratio: 0.902
[2026-06-15 13:42:55,601][root][INFO] - Epoch [2/5], Batch [189/300], Loss: 1.1707 (Overall: 1.1965, Change: 1.4602), TF Ratio: 0.902
[2026-06-15 13:42:55,754][root][INFO] - Epoch [2/5], Batch [190/300], Loss: 1.1698 (Overall: 0.8414, Change: 1.1476), TF Ratio: 0.902
[2026-06-15 13:42:55,907][root][INFO] - Epoch [2/5], Batch [191/300], Loss: 1.1698 (Overall: 0.8179, Change: 1.5169), TF Ratio: 0.902
[2026-06-15 13:43:06,902][root][INFO] - Epoch [2/5], Batch [192/300], Loss: 1.1692 (Overall: 0.8483, Change: 1.2714), TF Ratio: 0.902
[2026-06-15 13:43:07,057][root][INFO] - Epoch [2/5], Batch [193/300], Loss: 1.1689 (Overall: 0.7244, Change: 1.4874), TF Ratio: 0.901
[2026-06-15 13:43:07,210][root][INFO] - Epoch [2/5], Batch [194/300], Loss: 1.1701 (Overall: 0.8038, Change: 2.0336), TF Ratio: 0.901
[2026-06-15 13:43:07,363][root][INFO] - Epoch [2/5], Batch [195/300], Loss: 1.1709 (Overall: 1.0549, Change: 1.6009), TF Ratio: 0.901
[2026-06-15 13:43:07,534][root][INFO] - Epoch [2/5], Batch [196/300], Loss: 1.1709 (Overall: 0.7833, Change: 1.5349), TF Ratio: 0.901
[2026-06-15 13:43:07,693][root][INFO] - Epoch [2/5], Batch [197/300], Loss: 1.1712 (Overall: 0.8889, Change: 1.5730), TF Ratio: 0.901
[2026-06-15 13:43:07,845][root][INFO] - Epoch [2/5], Batch [198/300], Loss: 1.1722 (Overall: 1.2002, Change: 1.5555), TF Ratio: 0.900
[2026-06-15 13:43:07,997][root][INFO] - Epoch [2/5], Batch [199/300], Loss: 1.1721 (Overall: 0.7397, Change: 1.5692), TF Ratio: 0.900
[2026-06-15 13:43:10,848][root][INFO] - Epoch [2/5], Batch [200/300], Loss: 1.1719 (Overall: 0.8233, Change: 1.4290), TF Ratio: 0.900
[2026-06-15 13:43:11,002][root][INFO] - Epoch [2/5], Batch [201/300], Loss: 1.1714 (Overall: 0.7539, Change: 1.3771), TF Ratio: 0.900
[2026-06-15 13:43:11,155][root][INFO] - Epoch [2/5], Batch [202/300], Loss: 1.1708 (Overall: 0.7553, Change: 1.3472), TF Ratio: 0.900
[2026-06-15 13:43:11,308][root][INFO] - Epoch [2/5], Batch [203/300], Loss: 1.1707 (Overall: 1.0528, Change: 1.2610), TF Ratio: 0.899
[2026-06-15 13:43:20,969][root][INFO] - Epoch [2/5], Batch [204/300], Loss: 1.1705 (Overall: 0.8279, Change: 1.4286), TF Ratio: 0.899
[2026-06-15 13:43:21,128][root][INFO] - Epoch [2/5], Batch [205/300], Loss: 1.1715 (Overall: 0.8329, Change: 1.9251), TF Ratio: 0.899
[2026-06-15 13:43:21,281][root][INFO] - Epoch [2/5], Batch [206/300], Loss: 1.1701 (Overall: 0.8213, Change: 0.9449), TF Ratio: 0.899
[2026-06-15 13:43:21,434][root][INFO] - Epoch [2/5], Batch [207/300], Loss: 1.1693 (Overall: 0.6193, Change: 1.3697), TF Ratio: 0.899
[2026-06-15 13:43:21,602][root][INFO] - Epoch [2/5], Batch [208/300], Loss: 1.1675 (Overall: 0.6164, Change: 0.9832), TF Ratio: 0.898
[2026-06-15 13:43:21,756][root][INFO] - Epoch [2/5], Batch [209/300], Loss: 1.1664 (Overall: 0.5615, Change: 1.2936), TF Ratio: 0.898
[2026-06-15 13:43:21,909][root][INFO] - Epoch [2/5], Batch [210/300], Loss: 1.1654 (Overall: 0.5768, Change: 1.3430), TF Ratio: 0.898
[2026-06-15 13:43:22,061][root][INFO] - Epoch [2/5], Batch [211/300], Loss: 1.1650 (Overall: 0.7726, Change: 1.4098), TF Ratio: 0.898
[2026-06-15 13:43:28,871][root][INFO] - Epoch [2/5], Batch [212/300], Loss: 1.1659 (Overall: 1.2481, Change: 1.4381), TF Ratio: 0.898
[2026-06-15 13:43:29,027][root][INFO] - Epoch [2/5], Batch [213/300], Loss: 1.1659 (Overall: 0.8879, Change: 1.4509), TF Ratio: 0.897
[2026-06-15 13:43:29,180][root][INFO] - Epoch [2/5], Batch [214/300], Loss: 1.1659 (Overall: 0.7797, Change: 1.5473), TF Ratio: 0.897
[2026-06-15 13:43:29,332][root][INFO] - Epoch [2/5], Batch [215/300], Loss: 1.1667 (Overall: 0.9409, Change: 1.7382), TF Ratio: 0.897
[2026-06-15 13:43:33,699][root][INFO] - Epoch [2/5], Batch [216/300], Loss: 1.1664 (Overall: 0.7517, Change: 1.4521), TF Ratio: 0.897
[2026-06-15 13:43:33,854][root][INFO] - Epoch [2/5], Batch [217/300], Loss: 1.1651 (Overall: 0.7236, Change: 1.0358), TF Ratio: 0.897
[2026-06-15 13:43:34,007][root][INFO] - Epoch [2/5], Batch [218/300], Loss: 1.1643 (Overall: 0.8623, Change: 1.1319), TF Ratio: 0.896
[2026-06-15 13:43:34,161][root][INFO] - Epoch [2/5], Batch [219/300], Loss: 1.1636 (Overall: 0.9536, Change: 1.0533), TF Ratio: 0.896
[2026-06-15 13:43:34,336][root][INFO] - Epoch [2/5], Batch [220/300], Loss: 1.1637 (Overall: 0.9278, Change: 1.4826), TF Ratio: 0.896
[2026-06-15 13:43:34,490][root][INFO] - Epoch [2/5], Batch [221/300], Loss: 1.1634 (Overall: 0.9594, Change: 1.2341), TF Ratio: 0.896
[2026-06-15 13:43:34,643][root][INFO] - Epoch [2/5], Batch [222/300], Loss: 1.1631 (Overall: 0.8828, Change: 1.2929), TF Ratio: 0.896
[2026-06-15 13:43:34,796][root][INFO] - Epoch [2/5], Batch [223/300], Loss: 1.1627 (Overall: 0.8394, Change: 1.2880), TF Ratio: 0.895
[2026-06-15 13:43:46,912][root][INFO] - Epoch [2/5], Batch [224/300], Loss: 1.1623 (Overall: 0.9159, Change: 1.2409), TF Ratio: 0.895
[2026-06-15 13:43:47,067][root][INFO] - Epoch [2/5], Batch [225/300], Loss: 1.1622 (Overall: 1.0439, Change: 1.2238), TF Ratio: 0.895
[2026-06-15 13:43:47,219][root][INFO] - Epoch [2/5], Batch [226/300], Loss: 1.1618 (Overall: 0.7954, Change: 1.3601), TF Ratio: 0.895
[2026-06-15 13:43:47,373][root][INFO] - Epoch [2/5], Batch [227/300], Loss: 1.1611 (Overall: 0.6038, Change: 1.4011), TF Ratio: 0.895
[2026-06-15 13:43:51,682][root][INFO] - Epoch [2/5], Batch [228/300], Loss: 1.1602 (Overall: 0.6951, Change: 1.2205), TF Ratio: 0.894
[2026-06-15 13:43:51,839][root][INFO] - Epoch [2/5], Batch [229/300], Loss: 1.1608 (Overall: 1.0288, Change: 1.5605), TF Ratio: 0.894
[2026-06-15 13:43:51,993][root][INFO] - Epoch [2/5], Batch [230/300], Loss: 1.1608 (Overall: 0.6125, Change: 1.7151), TF Ratio: 0.894
[2026-06-15 13:43:52,148][root][INFO] - Epoch [2/5], Batch [231/300], Loss: 1.1601 (Overall: 0.7600, Change: 1.2371), TF Ratio: 0.894
[2026-06-15 13:43:52,322][root][INFO] - Epoch [2/5], Batch [232/300], Loss: 1.1597 (Overall: 0.8286, Change: 1.3069), TF Ratio: 0.894
[2026-06-15 13:43:52,476][root][INFO] - Epoch [2/5], Batch [233/300], Loss: 1.1602 (Overall: 0.9769, Change: 1.5764), TF Ratio: 0.893
[2026-06-15 13:43:52,630][root][INFO] - Epoch [2/5], Batch [234/300], Loss: 1.1610 (Overall: 1.1692, Change: 1.5244), TF Ratio: 0.893
[2026-06-15 13:43:52,782][root][INFO] - Epoch [2/5], Batch [235/300], Loss: 1.1615 (Overall: 1.2791, Change: 1.2722), TF Ratio: 0.893
[2026-06-15 13:43:58,983][root][INFO] - Epoch [2/5], Batch [236/300], Loss: 1.1616 (Overall: 1.1693, Change: 1.1998), TF Ratio: 0.893
[2026-06-15 13:43:59,138][root][INFO] - Epoch [2/5], Batch [237/300], Loss: 1.1606 (Overall: 0.8403, Change: 1.0269), TF Ratio: 0.893
[2026-06-15 13:43:59,291][root][INFO] - Epoch [2/5], Batch [238/300], Loss: 1.1602 (Overall: 0.9094, Change: 1.1942), TF Ratio: 0.892
[2026-06-15 13:43:59,443][root][INFO] - Epoch [2/5], Batch [239/300], Loss: 1.1595 (Overall: 0.8013, Change: 1.2121), TF Ratio: 0.892
[2026-06-15 13:44:05,358][root][INFO] - Epoch [2/5], Batch [240/300], Loss: 1.1586 (Overall: 0.9546, Change: 0.9383), TF Ratio: 0.892
[2026-06-15 13:44:05,511][root][INFO] - Epoch [2/5], Batch [241/300], Loss: 1.1581 (Overall: 0.6691, Change: 1.4001), TF Ratio: 0.892
[2026-06-15 13:44:05,664][root][INFO] - Epoch [2/5], Batch [242/300], Loss: 1.1575 (Overall: 0.8366, Change: 1.1862), TF Ratio: 0.892
[2026-06-15 13:44:05,817][root][INFO] - Epoch [2/5], Batch [243/300], Loss: 1.1580 (Overall: 1.0421, Change: 1.5165), TF Ratio: 0.891
[2026-06-15 13:44:09,897][root][INFO] - Epoch [2/5], Batch [244/300], Loss: 1.1584 (Overall: 0.9226, Change: 1.5905), TF Ratio: 0.891
[2026-06-15 13:44:10,051][root][INFO] - Epoch [2/5], Batch [245/300], Loss: 1.1569 (Overall: 0.7344, Change: 0.8526), TF Ratio: 0.891
[2026-06-15 13:44:10,225][root][INFO] - Epoch [2/5], Batch [246/300], Loss: 1.1553 (Overall: 0.7324, Change: 0.7740), TF Ratio: 0.891
[2026-06-15 13:44:10,378][root][INFO] - Epoch [2/5], Batch [247/300], Loss: 1.1548 (Overall: 0.7170, Change: 1.3721), TF Ratio: 0.891
[2026-06-15 13:44:14,922][root][INFO] - Epoch [2/5], Batch [248/300], Loss: 1.1555 (Overall: 1.3604, Change: 1.3025), TF Ratio: 0.890
[2026-06-15 13:44:15,075][root][INFO] - Epoch [2/5], Batch [249/300], Loss: 1.1552 (Overall: 0.6294, Change: 1.5250), TF Ratio: 0.890
[2026-06-15 13:44:15,228][root][INFO] - Epoch [2/5], Batch [250/300], Loss: 1.1547 (Overall: 0.7104, Change: 1.3142), TF Ratio: 0.890
[2026-06-15 13:44:15,380][root][INFO] - Epoch [2/5], Batch [251/300], Loss: 1.1550 (Overall: 0.8724, Change: 1.5980), TF Ratio: 0.890
[2026-06-15 13:44:20,128][root][INFO] - Epoch [2/5], Batch [252/300], Loss: 1.1571 (Overall: 1.3902, Change: 1.9897), TF Ratio: 0.890
[2026-06-15 13:44:20,288][root][INFO] - Epoch [2/5], Batch [253/300], Loss: 1.1564 (Overall: 0.8343, Change: 1.1197), TF Ratio: 0.889
[2026-06-15 13:44:20,440][root][INFO] - Epoch [2/5], Batch [254/300], Loss: 1.1559 (Overall: 0.8249, Change: 1.2441), TF Ratio: 0.889
[2026-06-15 13:44:20,593][root][INFO] - Epoch [2/5], Batch [255/300], Loss: 1.1555 (Overall: 0.7551, Change: 1.3505), TF Ratio: 0.889
[2026-06-15 13:44:30,917][root][INFO] - Epoch [2/5], Batch [256/300], Loss: 1.1548 (Overall: 0.5950, Change: 1.3343), TF Ratio: 0.889
[2026-06-15 13:44:31,074][root][INFO] - Epoch [2/5], Batch [257/300], Loss: 1.1535 (Overall: 0.6094, Change: 1.0747), TF Ratio: 0.889
[2026-06-15 13:44:31,227][root][INFO] - Epoch [2/5], Batch [258/300], Loss: 1.1531 (Overall: 0.7974, Change: 1.2637), TF Ratio: 0.888
[2026-06-15 13:44:31,379][root][INFO] - Epoch [2/5], Batch [259/300], Loss: 1.1523 (Overall: 0.6143, Change: 1.3094), TF Ratio: 0.888
[2026-06-15 13:44:36,751][root][INFO] - Epoch [2/5], Batch [260/300], Loss: 1.1518 (Overall: 0.7386, Change: 1.2713), TF Ratio: 0.888
[2026-06-15 13:44:36,905][root][INFO] - Epoch [2/5], Batch [261/300], Loss: 1.1518 (Overall: 0.7796, Change: 1.5350), TF Ratio: 0.888
[2026-06-15 13:44:37,057][root][INFO] - Epoch [2/5], Batch [262/300], Loss: 1.1516 (Overall: 0.6721, Change: 1.5176), TF Ratio: 0.888
[2026-06-15 13:44:37,209][root][INFO] - Epoch [2/5], Batch [263/300], Loss: 1.1517 (Overall: 0.6245, Change: 1.7394), TF Ratio: 0.887
[2026-06-15 13:44:37,381][root][INFO] - Epoch [2/5], Batch [264/300], Loss: 1.1505 (Overall: 0.7020, Change: 0.9866), TF Ratio: 0.887
[2026-06-15 13:44:37,534][root][INFO] - Epoch [2/5], Batch [265/300], Loss: 1.1493 (Overall: 0.6055, Change: 1.0660), TF Ratio: 0.887
[2026-06-15 13:44:37,702][root][INFO] - Epoch [2/5], Batch [266/300], Loss: 1.1499 (Overall: 1.0010, Change: 1.5835), TF Ratio: 0.887
[2026-06-15 13:44:37,855][root][INFO] - Epoch [2/5], Batch [267/300], Loss: 1.1509 (Overall: 1.2428, Change: 1.6069), TF Ratio: 0.887
[2026-06-15 13:44:45,496][root][INFO] - Epoch [2/5], Batch [268/300], Loss: 1.1509 (Overall: 0.7297, Change: 1.6035), TF Ratio: 0.886
[2026-06-15 13:44:45,651][root][INFO] - Epoch [2/5], Batch [269/300], Loss: 1.1514 (Overall: 0.9976, Change: 1.5311), TF Ratio: 0.886
[2026-06-15 13:44:45,804][root][INFO] - Epoch [2/5], Batch [270/300], Loss: 1.1518 (Overall: 0.7704, Change: 1.7665), TF Ratio: 0.886
[2026-06-15 13:44:45,957][root][INFO] - Epoch [2/5], Batch [271/300], Loss: 1.1511 (Overall: 0.6684, Change: 1.2443), TF Ratio: 0.886
[2026-06-15 13:44:50,599][root][INFO] - Epoch [2/5], Batch [272/300], Loss: 1.1513 (Overall: 1.0105, Change: 1.4194), TF Ratio: 0.886
[2026-06-15 13:44:50,755][root][INFO] - Epoch [2/5], Batch [273/300], Loss: 1.1508 (Overall: 0.8462, Change: 1.1772), TF Ratio: 0.885
[2026-06-15 13:44:50,907][root][INFO] - Epoch [2/5], Batch [274/300], Loss: 1.1502 (Overall: 0.8957, Change: 1.0535), TF Ratio: 0.885
[2026-06-15 13:44:51,059][root][INFO] - Epoch [2/5], Batch [275/300], Loss: 1.1517 (Overall: 1.4020, Change: 1.7305), TF Ratio: 0.885
[2026-06-15 13:44:51,224][root][INFO] - Epoch [2/5], Batch [276/300], Loss: 1.1515 (Overall: 0.8231, Change: 1.4101), TF Ratio: 0.885
[2026-06-15 13:44:51,378][root][INFO] - Epoch [2/5], Batch [277/300], Loss: 1.1517 (Overall: 0.6247, Change: 1.7487), TF Ratio: 0.885
[2026-06-15 13:44:51,530][root][INFO] - Epoch [2/5], Batch [278/300], Loss: 1.1515 (Overall: 0.7725, Change: 1.4557), TF Ratio: 0.884
[2026-06-15 13:44:51,682][root][INFO] - Epoch [2/5], Batch [279/300], Loss: 1.1512 (Overall: 0.9553, Change: 1.1439), TF Ratio: 0.884
[2026-06-15 13:45:01,190][root][INFO] - Epoch [2/5], Batch [280/300], Loss: 1.1511 (Overall: 0.7909, Change: 1.4684), TF Ratio: 0.884
[2026-06-15 13:45:01,345][root][INFO] - Epoch [2/5], Batch [281/300], Loss: 1.1504 (Overall: 0.6524, Change: 1.2526), TF Ratio: 0.884
[2026-06-15 13:45:01,498][root][INFO] - Epoch [2/5], Batch [282/300], Loss: 1.1500 (Overall: 0.7156, Change: 1.3809), TF Ratio: 0.884
[2026-06-15 13:45:01,650][root][INFO] - Epoch [2/5], Batch [283/300], Loss: 1.1496 (Overall: 0.7298, Change: 1.3446), TF Ratio: 0.883
[2026-06-15 13:45:04,708][root][INFO] - Epoch [2/5], Batch [284/300], Loss: 1.1490 (Overall: 0.7287, Change: 1.1985), TF Ratio: 0.883
[2026-06-15 13:45:04,862][root][INFO] - Epoch [2/5], Batch [285/300], Loss: 1.1499 (Overall: 1.2366, Change: 1.6121), TF Ratio: 0.883
[2026-06-15 13:45:05,015][root][INFO] - Epoch [2/5], Batch [286/300], Loss: 1.1501 (Overall: 0.7809, Change: 1.6378), TF Ratio: 0.883
[2026-06-15 13:45:05,168][root][INFO] - Epoch [2/5], Batch [287/300], Loss: 1.1498 (Overall: 1.0598, Change: 1.0639), TF Ratio: 0.883
[2026-06-15 13:45:07,103][root][INFO] - Epoch [2/5], Batch [288/300], Loss: 1.1492 (Overall: 0.7736, Change: 1.1503), TF Ratio: 0.882
[2026-06-15 13:45:07,257][root][INFO] - Epoch [2/5], Batch [289/300], Loss: 1.1485 (Overall: 0.7385, Change: 1.1753), TF Ratio: 0.882
[2026-06-15 13:45:07,410][root][INFO] - Epoch [2/5], Batch [290/300], Loss: 1.1483 (Overall: 0.7199, Change: 1.4498), TF Ratio: 0.882
[2026-06-15 13:45:07,565][root][INFO] - Epoch [2/5], Batch [291/300], Loss: 1.1495 (Overall: 0.6066, Change: 2.3570), TF Ratio: 0.882
[2026-06-15 13:45:24,451][root][INFO] - Epoch [2/5], Batch [292/300], Loss: 1.1488 (Overall: 0.9020, Change: 1.0404), TF Ratio: 0.882
[2026-06-15 13:45:24,606][root][INFO] - Epoch [2/5], Batch [293/300], Loss: 1.1483 (Overall: 0.8756, Change: 1.1212), TF Ratio: 0.881
[2026-06-15 13:45:24,758][root][INFO] - Epoch [2/5], Batch [294/300], Loss: 1.1482 (Overall: 0.7785, Change: 1.4514), TF Ratio: 0.881
[2026-06-15 13:45:24,910][root][INFO] - Epoch [2/5], Batch [295/300], Loss: 1.1479 (Overall: 0.8969, Change: 1.1857), TF Ratio: 0.881
[2026-06-15 13:45:25,075][root][INFO] - Epoch [2/5], Batch [296/300], Loss: 1.1478 (Overall: 0.6879, Change: 1.5765), TF Ratio: 0.881
[2026-06-15 13:45:25,228][root][INFO] - Epoch [2/5], Batch [297/300], Loss: 1.1468 (Overall: 0.4949, Change: 1.1886), TF Ratio: 0.881
[2026-06-15 13:45:25,381][root][INFO] - Epoch [2/5], Batch [298/300], Loss: 1.1464 (Overall: 0.6842, Change: 1.3933), TF Ratio: 0.880
[2026-06-15 13:45:25,533][root][INFO] - Epoch [2/5], Batch [299/300], Loss: 1.1468 (Overall: 0.8549, Change: 1.6487), TF Ratio: 0.880
[2026-06-15 13:45:28,526][root][INFO] - Epoch [2/5], Batch [300/300], Loss: 1.1479 (Overall: 1.0751, Change: 1.8770), TF Ratio: 0.880
[2026-06-15 13:45:39,343][root][INFO] - Epoch 2 done. Validating...
[2026-06-15 13:46:22,468][root][INFO] - Epoch [2/5] | Train: 1.1345 | Val: 0.7336
[2026-06-15 13:46:22,675][root][INFO] - Checkpoint saved: /gpfs/scratch/bsc32/bsc096444/ai4land-tfm/trained_models/unet_impl/41825118/best_model.pth
[2026-06-15 13:46:22,884][root][INFO] - Checkpoint saved: /gpfs/scratch/bsc32/bsc096444/ai4land-tfm/trained_models/unet_impl/41825118/model_epoch_2.pth
[2026-06-15 13:46:43,238][root][INFO] - Epoch [3/5], Batch [1/300], Loss: 0.9245 (Overall: 0.7052, Change: 1.1438), TF Ratio: 0.880
[2026-06-15 13:46:43,392][root][INFO] - Epoch [3/5], Batch [2/300], Loss: 0.9920 (Overall: 0.7529, Change: 1.3661), TF Ratio: 0.880
[2026-06-15 13:46:43,546][root][INFO] - Epoch [3/5], Batch [3/300], Loss: 1.0430 (Overall: 0.8244, Change: 1.4654), TF Ratio: 0.879
[2026-06-15 13:46:53,288][root][INFO] - Epoch [3/5], Batch [4/300], Loss: 1.0708 (Overall: 0.8636, Change: 1.4453), TF Ratio: 0.879
[2026-06-15 13:46:53,444][root][INFO] - Epoch [3/5], Batch [5/300], Loss: 1.1044 (Overall: 0.8004, Change: 1.6769), TF Ratio: 0.879
[2026-06-15 13:46:53,596][root][INFO] - Epoch [3/5], Batch [6/300], Loss: 1.0881 (Overall: 0.7496, Change: 1.2632), TF Ratio: 0.879
[2026-06-15 13:46:53,750][root][INFO] - Epoch [3/5], Batch [7/300], Loss: 1.0826 (Overall: 0.6799, Change: 1.4197), TF Ratio: 0.879
[2026-06-15 13:46:54,764][root][INFO] - Epoch [3/5], Batch [8/300], Loss: 1.0695 (Overall: 0.6374, Change: 1.3177), TF Ratio: 0.878
[2026-06-15 13:46:54,918][root][INFO] - Epoch [3/5], Batch [9/300], Loss: 1.0904 (Overall: 0.7008, Change: 1.8159), TF Ratio: 0.878
[2026-06-15 13:46:55,070][root][INFO] - Epoch [3/5], Batch [10/300], Loss: 1.1144 (Overall: 0.9125, Change: 1.7470), TF Ratio: 0.878
[2026-06-15 13:46:55,223][root][INFO] - Epoch [3/5], Batch [11/300], Loss: 1.0905 (Overall: 0.6078, Change: 1.0957), TF Ratio: 0.878
[2026-06-15 13:47:01,749][root][INFO] - Epoch [3/5], Batch [12/300], Loss: 1.0876 (Overall: 0.7941, Change: 1.3184), TF Ratio: 0.878
[2026-06-15 13:47:01,903][root][INFO] - Epoch [3/5], Batch [13/300], Loss: 1.0936 (Overall: 0.7377, Change: 1.5923), TF Ratio: 0.877
[2026-06-15 13:47:02,535][root][INFO] - Epoch [3/5], Batch [14/300], Loss: 1.0631 (Overall: 0.6026, Change: 0.7307), TF Ratio: 0.877
[2026-06-15 13:47:02,691][root][INFO] - Epoch [3/5], Batch [15/300], Loss: 1.0617 (Overall: 0.8253, Change: 1.2574), TF Ratio: 0.877
[2026-06-15 13:47:08,800][root][INFO] - Epoch [3/5], Batch [16/300], Loss: 1.0733 (Overall: 0.9501, Change: 1.5462), TF Ratio: 0.877
[2026-06-15 13:47:08,954][root][INFO] - Epoch [3/5], Batch [17/300], Loss: 1.0783 (Overall: 0.7855, Change: 1.5304), TF Ratio: 0.877
[2026-06-15 13:47:09,107][root][INFO] - Epoch [3/5], Batch [18/300], Loss: 1.0710 (Overall: 0.6154, Change: 1.2781), TF Ratio: 0.876
[2026-06-15 13:47:09,259][root][INFO] - Epoch [3/5], Batch [19/300], Loss: 1.0738 (Overall: 0.7366, Change: 1.5115), TF Ratio: 0.876
[2026-06-15 13:47:09,590][root][INFO] - Epoch [3/5], Batch [20/300], Loss: 1.0739 (Overall: 0.7199, Change: 1.4316), TF Ratio: 0.876
[2026-06-15 13:47:09,745][root][INFO] - Epoch [3/5], Batch [21/300], Loss: 1.0785 (Overall: 1.2788, Change: 1.0628), TF Ratio: 0.876
[2026-06-15 13:47:09,898][root][INFO] - Epoch [3/5], Batch [22/300], Loss: 1.0831 (Overall: 0.7531, Change: 1.6064), TF Ratio: 0.876
[2026-06-15 13:47:10,050][root][INFO] - Epoch [3/5], Batch [23/300], Loss: 1.0923 (Overall: 0.8582, Change: 1.7314), TF Ratio: 0.875
[2026-06-15 13:47:14,964][root][INFO] - Epoch [3/5], Batch [24/300], Loss: 1.0904 (Overall: 0.9710, Change: 1.1211), TF Ratio: 0.875
[2026-06-15 13:47:15,120][root][INFO] - Epoch [3/5], Batch [25/300], Loss: 1.0911 (Overall: 0.7775, Change: 1.4419), TF Ratio: 0.875
[2026-06-15 13:47:18,801][root][INFO] - Epoch [3/5], Batch [26/300], Loss: 1.0931 (Overall: 1.1527, Change: 1.1338), TF Ratio: 0.875
[2026-06-15 13:47:18,953][root][INFO] - Epoch [3/5], Batch [27/300], Loss: 1.0942 (Overall: 0.8111, Change: 1.4332), TF Ratio: 0.875
[2026-06-15 13:47:26,442][root][INFO] - Epoch [3/5], Batch [28/300], Loss: 1.0923 (Overall: 0.5970, Change: 1.4848), TF Ratio: 0.874
[2026-06-15 13:47:26,597][root][INFO] - Epoch [3/5], Batch [29/300], Loss: 1.0980 (Overall: 0.8634, Change: 1.6528), TF Ratio: 0.874
[2026-06-15 13:47:26,751][root][INFO] - Epoch [3/5], Batch [30/300], Loss: 1.0997 (Overall: 0.8174, Change: 1.4800), TF Ratio: 0.874
[2026-06-15 13:47:26,904][root][INFO] - Epoch [3/5], Batch [31/300], Loss: 1.0977 (Overall: 0.7768, Change: 1.2951), TF Ratio: 0.874
[2026-06-15 13:47:28,048][root][INFO] - Epoch [3/5], Batch [32/300], Loss: 1.0987 (Overall: 0.6651, Change: 1.5940), TF Ratio: 0.874
[2026-06-15 13:47:28,203][root][INFO] - Epoch [3/5], Batch [33/300], Loss: 1.0897 (Overall: 0.9840, Change: 0.6187), TF Ratio: 0.873
[2026-06-15 13:47:28,356][root][INFO] - Epoch [3/5], Batch [34/300], Loss: 1.0873 (Overall: 0.7692, Change: 1.2477), TF Ratio: 0.873
[2026-06-15 13:47:28,508][root][INFO] - Epoch [3/5], Batch [35/300], Loss: 1.0845 (Overall: 0.6985, Change: 1.2814), TF Ratio: 0.873
[2026-06-15 13:47:35,747][root][INFO] - Epoch [3/5], Batch [36/300], Loss: 1.0803 (Overall: 0.7002, Change: 1.1661), TF Ratio: 0.873
[2026-06-15 13:47:35,911][root][INFO] - Epoch [3/5], Batch [37/300], Loss: 1.0833 (Overall: 0.9201, Change: 1.4672), TF Ratio: 0.873
[2026-06-15 13:47:36,064][root][INFO] - Epoch [3/5], Batch [38/300], Loss: 1.0767 (Overall: 0.6367, Change: 1.0235), TF Ratio: 0.872
[2026-06-15 13:47:36,216][root][INFO] - Epoch [3/5], Batch [39/300], Loss: 1.0677 (Overall: 0.5573, Change: 0.8934), TF Ratio: 0.872
[2026-06-15 13:47:47,668][root][INFO] - Epoch [3/5], Batch [40/300], Loss: 1.0660 (Overall: 0.7255, Change: 1.2734), TF Ratio: 0.872
[2026-06-15 13:47:47,822][root][INFO] - Epoch [3/5], Batch [41/300], Loss: 1.0636 (Overall: 0.6216, Change: 1.3194), TF Ratio: 0.872
[2026-06-15 13:47:47,975][root][INFO] - Epoch [3/5], Batch [42/300], Loss: 1.0668 (Overall: 0.7994, Change: 1.5958), TF Ratio: 0.872
[2026-06-15 13:47:48,128][root][INFO] - Epoch [3/5], Batch [43/300], Loss: 1.0667 (Overall: 0.7544, Change: 1.3701), TF Ratio: 0.871
[2026-06-15 13:47:48,294][root][INFO] - Epoch [3/5], Batch [44/300], Loss: 1.0653 (Overall: 0.9959, Change: 1.0165), TF Ratio: 0.871
[2026-06-15 13:47:48,447][root][INFO] - Epoch [3/5], Batch [45/300], Loss: 1.0684 (Overall: 0.7994, Change: 1.6073), TF Ratio: 0.871
[2026-06-15 13:47:48,600][root][INFO] - Epoch [3/5], Batch [46/300], Loss: 1.0711 (Overall: 0.7784, Change: 1.6017), TF Ratio: 0.871
[2026-06-15 13:47:48,752][root][INFO] - Epoch [3/5], Batch [47/300], Loss: 1.0673 (Overall: 0.6417, Change: 1.1473), TF Ratio: 0.871
[2026-06-15 13:47:54,426][root][INFO] - Epoch [3/5], Batch [48/300], Loss: 1.0690 (Overall: 0.9956, Change: 1.3020), TF Ratio: 0.870
[2026-06-15 13:47:54,581][root][INFO] - Epoch [3/5], Batch [49/300], Loss: 1.0686 (Overall: 0.8374, Change: 1.2623), TF Ratio: 0.870
[2026-06-15 13:47:54,734][root][INFO] - Epoch [3/5], Batch [50/300], Loss: 1.0721 (Overall: 0.9881, Change: 1.5018), TF Ratio: 0.870
[2026-06-15 13:47:54,887][root][INFO] - Epoch [3/5], Batch [51/300], Loss: 1.0691 (Overall: 0.5830, Change: 1.2517), TF Ratio: 0.870
[2026-06-15 13:48:07,828][root][INFO] - Epoch [3/5], Batch [52/300], Loss: 1.0707 (Overall: 0.6662, Change: 1.6415), TF Ratio: 0.870
[2026-06-15 13:48:07,982][root][INFO] - Epoch [3/5], Batch [53/300], Loss: 1.0712 (Overall: 0.9527, Change: 1.2343), TF Ratio: 0.869
[2026-06-15 13:48:08,134][root][INFO] - Epoch [3/5], Batch [54/300], Loss: 1.0724 (Overall: 1.0579, Change: 1.2183), TF Ratio: 0.869
[2026-06-15 13:48:08,288][root][INFO] - Epoch [3/5], Batch [55/300], Loss: 1.0714 (Overall: 0.7358, Change: 1.3017), TF Ratio: 0.869
[2026-06-15 13:48:19,247][root][INFO] - Epoch [3/5], Batch [56/300], Loss: 1.0742 (Overall: 1.0097, Change: 1.4466), TF Ratio: 0.869
[2026-06-15 13:48:19,402][root][INFO] - Epoch [3/5], Batch [57/300], Loss: 1.0733 (Overall: 0.5856, Change: 1.4570), TF Ratio: 0.869
[2026-06-15 13:48:19,555][root][INFO] - Epoch [3/5], Batch [58/300], Loss: 1.0740 (Overall: 0.8877, Change: 1.3379), TF Ratio: 0.868
[2026-06-15 13:48:19,707][root][INFO] - Epoch [3/5], Batch [59/300], Loss: 1.0738 (Overall: 0.6909, Change: 1.4371), TF Ratio: 0.868
[2026-06-15 13:48:19,886][root][INFO] - Epoch [3/5], Batch [60/300], Loss: 1.0744 (Overall: 0.7239, Change: 1.4921), TF Ratio: 0.868
[2026-06-15 13:48:20,039][root][INFO] - Epoch [3/5], Batch [61/300], Loss: 1.0734 (Overall: 0.7326, Change: 1.2935), TF Ratio: 0.868
[2026-06-15 13:48:20,192][root][INFO] - Epoch [3/5], Batch [62/300], Loss: 1.0767 (Overall: 1.0844, Change: 1.4693), TF Ratio: 0.868
[2026-06-15 13:48:20,345][root][INFO] - Epoch [3/5], Batch [63/300], Loss: 1.0753 (Overall: 0.6038, Change: 1.3782), TF Ratio: 0.867
[2026-06-15 13:48:25,076][root][INFO] - Epoch [3/5], Batch [64/300], Loss: 1.0739 (Overall: 0.7871, Change: 1.1909), TF Ratio: 0.867
[2026-06-15 13:48:25,230][root][INFO] - Epoch [3/5], Batch [65/300], Loss: 1.0741 (Overall: 0.8497, Change: 1.3135), TF Ratio: 0.867
[2026-06-15 13:48:25,385][root][INFO] - Epoch [3/5], Batch [66/300], Loss: 1.0753 (Overall: 0.8610, Change: 1.4510), TF Ratio: 0.867
[2026-06-15 13:48:25,539][root][INFO] - Epoch [3/5], Batch [67/300], Loss: 1.0744 (Overall: 0.7825, Change: 1.2421), TF Ratio: 0.867
[2026-06-15 13:48:37,964][root][INFO] - Epoch [3/5], Batch [68/300], Loss: 1.0733 (Overall: 0.7001, Change: 1.3095), TF Ratio: 0.866
[2026-06-15 13:48:38,120][root][INFO] - Epoch [3/5], Batch [69/300], Loss: 1.0733 (Overall: 0.7882, Change: 1.3501), TF Ratio: 0.866
[2026-06-15 13:48:38,273][root][INFO] - Epoch [3/5], Batch [70/300], Loss: 1.0751 (Overall: 0.7513, Change: 1.6539), TF Ratio: 0.866
[2026-06-15 13:48:38,427][root][INFO] - Epoch [3/5], Batch [71/300], Loss: 1.0751 (Overall: 0.8396, Change: 1.3008), TF Ratio: 0.866
[2026-06-15 13:48:38,591][root][INFO] - Epoch [3/5], Batch [72/300], Loss: 1.0746 (Overall: 0.5874, Change: 1.4948), TF Ratio: 0.866
[2026-06-15 13:48:38,744][root][INFO] - Epoch [3/5], Batch [73/300], Loss: 1.0716 (Overall: 0.8161, Change: 0.8962), TF Ratio: 0.865
[2026-06-15 13:48:38,897][root][INFO] - Epoch [3/5], Batch [74/300], Loss: 1.0688 (Overall: 0.7738, Change: 0.9486), TF Ratio: 0.865
[2026-06-15 13:48:39,050][root][INFO] - Epoch [3/5], Batch [75/300], Loss: 1.0687 (Overall: 0.7804, Change: 1.3467), TF Ratio: 0.865
[2026-06-15 13:48:40,342][root][INFO] - Epoch [3/5], Batch [76/300], Loss: 1.0692 (Overall: 0.9518, Change: 1.2693), TF Ratio: 0.865
[2026-06-15 13:48:40,496][root][INFO] - Epoch [3/5], Batch [77/300], Loss: 1.0690 (Overall: 0.7985, Change: 1.3011), TF Ratio: 0.865
[2026-06-15 13:48:40,650][root][INFO] - Epoch [3/5], Batch [78/300], Loss: 1.0697 (Overall: 0.8516, Change: 1.4033), TF Ratio: 0.864
[2026-06-15 13:48:40,804][root][INFO] - Epoch [3/5], Batch [79/300], Loss: 1.0702 (Overall: 0.7520, Change: 1.4632), TF Ratio: 0.864
[2026-06-15 13:48:51,700][root][INFO] - Epoch [3/5], Batch [80/300], Loss: 1.0697 (Overall: 0.4555, Change: 1.6088), TF Ratio: 0.864
[2026-06-15 13:48:51,855][root][INFO] - Epoch [3/5], Batch [81/300], Loss: 1.0705 (Overall: 1.0039, Change: 1.2560), TF Ratio: 0.864
[2026-06-15 13:48:52,008][root][INFO] - Epoch [3/5], Batch [82/300], Loss: 1.0706 (Overall: 0.7118, Change: 1.4446), TF Ratio: 0.864
[2026-06-15 13:48:52,161][root][INFO] - Epoch [3/5], Batch [83/300], Loss: 1.0747 (Overall: 1.2083, Change: 1.6260), TF Ratio: 0.863
[2026-06-15 13:48:52,340][root][INFO] - Epoch [3/5], Batch [84/300], Loss: 1.0758 (Overall: 0.6629, Change: 1.6591), TF Ratio: 0.863
[2026-06-15 13:48:52,493][root][INFO] - Epoch [3/5], Batch [85/300], Loss: 1.0769 (Overall: 0.8117, Change: 1.5352), TF Ratio: 0.863
[2026-06-15 13:48:56,289][root][INFO] - Epoch [3/5], Batch [86/300], Loss: 1.0744 (Overall: 0.6042, Change: 1.1226), TF Ratio: 0.863
[2026-06-15 13:48:56,443][root][INFO] - Epoch [3/5], Batch [87/300], Loss: 1.0794 (Overall: 1.5672, Change: 1.4388), TF Ratio: 0.863
[2026-06-15 13:48:56,608][root][INFO] - Epoch [3/5], Batch [88/300], Loss: 1.0798 (Overall: 0.8271, Change: 1.4054), TF Ratio: 0.862
[2026-06-15 13:48:56,762][root][INFO] - Epoch [3/5], Batch [89/300], Loss: 1.0802 (Overall: 0.6975, Change: 1.5378), TF Ratio: 0.862
[2026-06-15 13:48:56,922][root][INFO] - Epoch [3/5], Batch [90/300], Loss: 1.0775 (Overall: 0.7936, Change: 0.8737), TF Ratio: 0.862
[2026-06-15 13:48:57,075][root][INFO] - Epoch [3/5], Batch [91/300], Loss: 1.0734 (Overall: 0.7373, Change: 0.6776), TF Ratio: 0.862
[2026-06-15 13:49:09,111][root][INFO] - Epoch [3/5], Batch [92/300], Loss: 1.0725 (Overall: 0.8603, Change: 1.1220), TF Ratio: 0.862
[2026-06-15 13:49:09,269][root][INFO] - Epoch [3/5], Batch [93/300], Loss: 1.0723 (Overall: 0.6202, Change: 1.4772), TF Ratio: 0.861
[2026-06-15 13:49:09,422][root][INFO] - Epoch [3/5], Batch [94/300], Loss: 1.0730 (Overall: 0.7299, Change: 1.5459), TF Ratio: 0.861
[2026-06-15 13:49:09,575][root][INFO] - Epoch [3/5], Batch [95/300], Loss: 1.0742 (Overall: 0.6590, Change: 1.7177), TF Ratio: 0.861
[2026-06-15 13:49:18,283][root][INFO] - Epoch [3/5], Batch [96/300], Loss: 1.0763 (Overall: 0.9177, Change: 1.6357), TF Ratio: 0.861
[2026-06-15 13:49:18,438][root][INFO] - Epoch [3/5], Batch [97/300], Loss: 1.0748 (Overall: 0.7311, Change: 1.1342), TF Ratio: 0.861
[2026-06-15 13:49:18,591][root][INFO] - Epoch [3/5], Batch [98/300], Loss: 1.0750 (Overall: 0.6565, Change: 1.5240), TF Ratio: 0.860
[2026-06-15 13:49:18,744][root][INFO] - Epoch [3/5], Batch [99/300], Loss: 1.0755 (Overall: 0.7150, Change: 1.5508), TF Ratio: 0.860
[2026-06-15 13:49:18,906][root][INFO] - Epoch [3/5], Batch [100/300], Loss: 1.0762 (Overall: 0.7338, Change: 1.5404), TF Ratio: 0.860
[2026-06-15 13:49:19,059][root][INFO] - Epoch [3/5], Batch [101/300], Loss: 1.0749 (Overall: 0.9416, Change: 0.9509), TF Ratio: 0.860
[2026-06-15 13:49:19,212][root][INFO] - Epoch [3/5], Batch [102/300], Loss: 1.0745 (Overall: 0.7145, Change: 1.3558), TF Ratio: 0.860
[2026-06-15 13:49:19,364][root][INFO] - Epoch [3/5], Batch [103/300], Loss: 1.0730 (Overall: 0.5387, Change: 1.2960), TF Ratio: 0.859
[2026-06-15 13:49:37,924][root][INFO] - Epoch [3/5], Batch [104/300], Loss: 1.0730 (Overall: 0.6442, Change: 1.5159), TF Ratio: 0.859
[2026-06-15 13:49:38,083][root][INFO] - Epoch [3/5], Batch [105/300], Loss: 1.0739 (Overall: 0.8417, Change: 1.4797), TF Ratio: 0.859
[2026-06-15 13:49:38,236][root][INFO] - Epoch [3/5], Batch [106/300], Loss: 1.0709 (Overall: 0.4931, Change: 1.0188), TF Ratio: 0.859
[2026-06-15 13:49:38,390][root][INFO] - Epoch [3/5], Batch [107/300], Loss: 1.0705 (Overall: 0.6838, Change: 1.3811), TF Ratio: 0.859
[2026-06-15 13:49:42,919][root][INFO] - Epoch [3/5], Batch [108/300], Loss: 1.0711 (Overall: 0.7357, Change: 1.5297), TF Ratio: 0.858
[2026-06-15 13:49:43,074][root][INFO] - Epoch [3/5], Batch [109/300], Loss: 1.0693 (Overall: 0.6825, Change: 1.0776), TF Ratio: 0.858
[2026-06-15 13:49:43,227][root][INFO] - Epoch [3/5], Batch [110/300], Loss: 1.0684 (Overall: 0.8500, Change: 1.0934), TF Ratio: 0.858
[2026-06-15 13:49:43,380][root][INFO] - Epoch [3/5], Batch [111/300], Loss: 1.0698 (Overall: 0.9228, Change: 1.5071), TF Ratio: 0.858
[2026-06-15 13:49:43,553][root][INFO] - Epoch [3/5], Batch [112/300], Loss: 1.0680 (Overall: 0.7140, Change: 1.0281), TF Ratio: 0.858
[2026-06-15 13:49:43,706][root][INFO] - Epoch [3/5], Batch [113/300], Loss: 1.0669 (Overall: 0.6918, Change: 1.2028), TF Ratio: 0.857
[2026-06-15 13:49:43,859][root][INFO] - Epoch [3/5], Batch [114/300], Loss: 1.0656 (Overall: 0.5598, Change: 1.2660), TF Ratio: 0.857
[2026-06-15 13:49:44,013][root][INFO] - Epoch [3/5], Batch [115/300], Loss: 1.0649 (Overall: 0.6914, Change: 1.2975), TF Ratio: 0.857
[2026-06-15 13:50:04,257][root][INFO] - Epoch [3/5], Batch [116/300], Loss: 1.0675 (Overall: 1.1378, Change: 1.5794), TF Ratio: 0.857
[2026-06-15 13:50:04,413][root][INFO] - Epoch [3/5], Batch [117/300], Loss: 1.0661 (Overall: 0.7057, Change: 1.0997), TF Ratio: 0.857
[2026-06-15 13:50:04,565][root][INFO] - Epoch [3/5], Batch [118/300], Loss: 1.0657 (Overall: 0.8259, Change: 1.2311), TF Ratio: 0.856
[2026-06-15 13:50:04,718][root][INFO] - Epoch [3/5], Batch [119/300], Loss: 1.0669 (Overall: 1.0156, Change: 1.3839), TF Ratio: 0.856
[2026-06-15 13:50:16,113][root][INFO] - Epoch [3/5], Batch [120/300], Loss: 1.0650 (Overall: 0.7211, Change: 0.9693), TF Ratio: 0.856
[2026-06-15 13:50:16,270][root][INFO] - Epoch [3/5], Batch [121/300], Loss: 1.0646 (Overall: 0.9336, Change: 1.1013), TF Ratio: 0.856
[2026-06-15 13:50:16,423][root][INFO] - Epoch [3/5], Batch [122/300], Loss: 1.0622 (Overall: 0.5483, Change: 0.9890), TF Ratio: 0.856
[2026-06-15 13:50:16,575][root][INFO] - Epoch [3/5], Batch [123/300], Loss: 1.0648 (Overall: 1.3713, Change: 1.4005), TF Ratio: 0.855
[2026-06-15 13:50:16,735][root][INFO] - Epoch [3/5], Batch [124/300], Loss: 1.0664 (Overall: 0.7553, Change: 1.7580), TF Ratio: 0.855
[2026-06-15 13:50:16,888][root][INFO] - Epoch [3/5], Batch [125/300], Loss: 1.0651 (Overall: 0.6178, Change: 1.1980), TF Ratio: 0.855
[2026-06-15 13:50:17,040][root][INFO] - Epoch [3/5], Batch [126/300], Loss: 1.0653 (Overall: 0.8554, Change: 1.3276), TF Ratio: 0.855
[2026-06-15 13:50:17,192][root][INFO] - Epoch [3/5], Batch [127/300], Loss: 1.0635 (Overall: 0.5352, Change: 1.1356), TF Ratio: 0.855
[2026-06-15 13:50:42,807][root][INFO] - Epoch [3/5], Batch [128/300], Loss: 1.0620 (Overall: 0.7100, Change: 1.0298), TF Ratio: 0.854
[2026-06-15 13:50:42,963][root][INFO] - Epoch [3/5], Batch [129/300], Loss: 1.0625 (Overall: 0.5955, Change: 1.6614), TF Ratio: 0.854
[2026-06-15 13:50:43,117][root][INFO] - Epoch [3/5], Batch [130/300], Loss: 1.0647 (Overall: 1.2969, Change: 1.4071), TF Ratio: 0.854
[2026-06-15 13:50:43,269][root][INFO] - Epoch [3/5], Batch [131/300], Loss: 1.0648 (Overall: 0.6735, Change: 1.4773), TF Ratio: 0.854
[2026-06-15 13:50:55,947][root][INFO] - Epoch [3/5], Batch [132/300], Loss: 1.0650 (Overall: 0.9633, Change: 1.2023), TF Ratio: 0.854
[2026-06-15 13:50:56,104][root][INFO] - Epoch [3/5], Batch [133/300], Loss: 1.0645 (Overall: 0.7950, Change: 1.2156), TF Ratio: 0.853
[2026-06-15 13:50:56,257][root][INFO] - Epoch [3/5], Batch [134/300], Loss: 1.0669 (Overall: 0.9505, Change: 1.8184), TF Ratio: 0.853
[2026-06-15 13:50:56,409][root][INFO] - Epoch [3/5], Batch [135/300], Loss: 1.0669 (Overall: 0.7343, Change: 1.3874), TF Ratio: 0.853
[2026-06-15 13:50:56,576][root][INFO] - Epoch [3/5], Batch [136/300], Loss: 1.0660 (Overall: 0.6086, Change: 1.3050), TF Ratio: 0.853
[2026-06-15 13:50:56,745][root][INFO] - Epoch [3/5], Batch [137/300], Loss: 1.0652 (Overall: 0.8044, Change: 1.0903), TF Ratio: 0.853
[2026-06-15 13:50:56,897][root][INFO] - Epoch [3/5], Batch [138/300], Loss: 1.0661 (Overall: 0.8826, Change: 1.5077), TF Ratio: 0.852
[2026-06-15 13:50:57,050][root][INFO] - Epoch [3/5], Batch [139/300], Loss: 1.0665 (Overall: 0.6605, Change: 1.5892), TF Ratio: 0.852
[2026-06-15 13:51:07,646][root][INFO] - Epoch [3/5], Batch [140/300], Loss: 1.0665 (Overall: 0.6812, Change: 1.4308), TF Ratio: 0.852
[2026-06-15 13:51:07,803][root][INFO] - Epoch [3/5], Batch [141/300], Loss: 1.0670 (Overall: 0.6743, Change: 1.6023), TF Ratio: 0.852
[2026-06-15 13:51:07,955][root][INFO] - Epoch [3/5], Batch [142/300], Loss: 1.0679 (Overall: 0.8721, Change: 1.5108), TF Ratio: 0.852
[2026-06-15 13:51:08,107][root][INFO] - Epoch [3/5], Batch [143/300], Loss: 1.0672 (Overall: 0.6383, Change: 1.3081), TF Ratio: 0.851
[2026-06-15 13:51:16,878][root][INFO] - Epoch [3/5], Batch [144/300], Loss: 1.0666 (Overall: 0.5549, Change: 1.4027), TF Ratio: 0.851
[2026-06-15 13:51:17,034][root][INFO] - Epoch [3/5], Batch [145/300], Loss: 1.0688 (Overall: 1.1726, Change: 1.6126), TF Ratio: 0.851
[2026-06-15 13:51:17,187][root][INFO] - Epoch [3/5], Batch [146/300], Loss: 1.0672 (Overall: 0.6010, Change: 1.0568), TF Ratio: 0.851
[2026-06-15 13:51:17,340][root][INFO] - Epoch [3/5], Batch [147/300], Loss: 1.0675 (Overall: 0.7171, Change: 1.5143), TF Ratio: 0.851
[2026-06-15 13:51:20,537][root][INFO] - Epoch [3/5], Batch [148/300], Loss: 1.0682 (Overall: 0.5982, Change: 1.7248), TF Ratio: 0.850
[2026-06-15 13:51:20,691][root][INFO] - Epoch [3/5], Batch [149/300], Loss: 1.0686 (Overall: 0.7170, Change: 1.5584), TF Ratio: 0.850
[2026-06-15 13:51:20,845][root][INFO] - Epoch [3/5], Batch [150/300], Loss: 1.0678 (Overall: 0.7532, Change: 1.1528), TF Ratio: 0.850
[2026-06-15 13:51:21,000][root][INFO] - Epoch [3/5], Batch [151/300], Loss: 1.0685 (Overall: 1.0666, Change: 1.2619), TF Ratio: 0.850
[2026-06-15 13:51:22,861][root][INFO] - Epoch [3/5], Batch [152/300], Loss: 1.0682 (Overall: 0.6917, Change: 1.3681), TF Ratio: 0.850
[2026-06-15 13:51:23,016][root][INFO] - Epoch [3/5], Batch [153/300], Loss: 1.0690 (Overall: 0.8347, Change: 1.5512), TF Ratio: 0.849
[2026-06-15 13:51:23,170][root][INFO] - Epoch [3/5], Batch [154/300], Loss: 1.0689 (Overall: 0.8102, Change: 1.2676), TF Ratio: 0.849
[2026-06-15 13:51:23,323][root][INFO] - Epoch [3/5], Batch [155/300], Loss: 1.0709 (Overall: 1.1478, Change: 1.6211), TF Ratio: 0.849
[2026-06-15 13:51:31,095][root][INFO] - Epoch [3/5], Batch [156/300], Loss: 1.0713 (Overall: 0.7257, Change: 1.5473), TF Ratio: 0.849
[2026-06-15 13:51:31,253][root][INFO] - Epoch [3/5], Batch [157/300], Loss: 1.0715 (Overall: 0.9161, Change: 1.2856), TF Ratio: 0.849
[2026-06-15 13:51:31,406][root][INFO] - Epoch [3/5], Batch [158/300], Loss: 1.0712 (Overall: 0.6936, Change: 1.3669), TF Ratio: 0.848
[2026-06-15 13:51:31,558][root][INFO] - Epoch [3/5], Batch [159/300], Loss: 1.0710 (Overall: 0.9219, Change: 1.1503), TF Ratio: 0.848
[2026-06-15 13:51:51,970][root][INFO] - Epoch [3/5], Batch [160/300], Loss: 1.0711 (Overall: 0.7219, Change: 1.4559), TF Ratio: 0.848
[2026-06-15 13:51:52,127][root][INFO] - Epoch [3/5], Batch [161/300], Loss: 1.0701 (Overall: 0.7004, Change: 1.1124), TF Ratio: 0.848
[2026-06-15 13:51:52,280][root][INFO] - Epoch [3/5], Batch [162/300], Loss: 1.0703 (Overall: 0.5820, Change: 1.6187), TF Ratio: 0.848
[2026-06-15 13:51:52,433][root][INFO] - Epoch [3/5], Batch [163/300], Loss: 1.0690 (Overall: 0.9627, Change: 0.7728), TF Ratio: 0.847
[2026-06-15 13:51:52,608][root][INFO] - Epoch [3/5], Batch [164/300], Loss: 1.0689 (Overall: 0.6322, Change: 1.4522), TF Ratio: 0.847
[2026-06-15 13:51:52,762][root][INFO] - Epoch [3/5], Batch [165/300], Loss: 1.0700 (Overall: 1.0884, Change: 1.4064), TF Ratio: 0.847
[2026-06-15 13:51:52,916][root][INFO] - Epoch [3/5], Batch [166/300], Loss: 1.0698 (Overall: 0.7962, Change: 1.2748), TF Ratio: 0.847
[2026-06-15 13:51:53,071][root][INFO] - Epoch [3/5], Batch [167/300], Loss: 1.0707 (Overall: 0.8032, Change: 1.6350), TF Ratio: 0.847
[2026-06-15 13:51:56,858][root][INFO] - Epoch [3/5], Batch [168/300], Loss: 1.0718 (Overall: 0.9665, Change: 1.5766), TF Ratio: 0.846
[2026-06-15 13:51:57,025][root][INFO] - Epoch [3/5], Batch [169/300], Loss: 1.0707 (Overall: 0.7768, Change: 0.9753), TF Ratio: 0.846
[2026-06-15 13:51:57,178][root][INFO] - Epoch [3/5], Batch [170/300], Loss: 1.0703 (Overall: 0.5390, Change: 1.4560), TF Ratio: 0.846
[2026-06-15 13:51:57,330][root][INFO] - Epoch [3/5], Batch [171/300], Loss: 1.0701 (Overall: 0.7860, Change: 1.3052), TF Ratio: 0.846
[2026-06-15 13:52:11,735][root][INFO] - Epoch [3/5], Batch [172/300], Loss: 1.0691 (Overall: 0.5142, Change: 1.2716), TF Ratio: 0.846
[2026-06-15 13:52:11,892][root][INFO] - Epoch [3/5], Batch [173/300], Loss: 1.0693 (Overall: 0.5035, Change: 1.7123), TF Ratio: 0.845
[2026-06-15 13:52:12,044][root][INFO] - Epoch [3/5], Batch [174/300], Loss: 1.0695 (Overall: 0.6425, Change: 1.5630), TF Ratio: 0.845
[2026-06-15 13:52:12,197][root][INFO] - Epoch [3/5], Batch [175/300], Loss: 1.0701 (Overall: 1.0225, Change: 1.3331), TF Ratio: 0.845
[2026-06-15 13:52:12,362][root][INFO] - Epoch [3/5], Batch [176/300], Loss: 1.0695 (Overall: 0.7044, Change: 1.2306), TF Ratio: 0.845
[2026-06-15 13:52:12,515][root][INFO] - Epoch [3/5], Batch [177/300], Loss: 1.0690 (Overall: 0.6877, Change: 1.2732), TF Ratio: 0.845
[2026-06-15 13:52:12,668][root][INFO] - Epoch [3/5], Batch [178/300], Loss: 1.0702 (Overall: 0.9300, Change: 1.6131), TF Ratio: 0.844
[2026-06-15 13:52:12,821][root][INFO] - Epoch [3/5], Batch [179/300], Loss: 1.0690 (Overall: 0.7193, Change: 1.0095), TF Ratio: 0.844
[2026-06-15 13:52:17,175][root][INFO] - Epoch [3/5], Batch [180/300], Loss: 1.0696 (Overall: 0.7606, Change: 1.5680), TF Ratio: 0.844
[2026-06-15 13:52:17,331][root][INFO] - Epoch [3/5], Batch [181/300], Loss: 1.0698 (Overall: 0.7734, Change: 1.4491), TF Ratio: 0.844
[2026-06-15 13:52:17,483][root][INFO] - Epoch [3/5], Batch [182/300], Loss: 1.0707 (Overall: 0.7978, Change: 1.6697), TF Ratio: 0.844
[2026-06-15 13:52:17,637][root][INFO] - Epoch [3/5], Batch [183/300], Loss: 1.0711 (Overall: 0.9322, Change: 1.3714), TF Ratio: 0.843
[2026-06-15 13:52:26,626][root][INFO] - Epoch [3/5], Batch [184/300], Loss: 1.0697 (Overall: 0.6882, Change: 0.9240), TF Ratio: 0.843
[2026-06-15 13:52:26,781][root][INFO] - Epoch [3/5], Batch [185/300], Loss: 1.0701 (Overall: 0.9175, Change: 1.3584), TF Ratio: 0.843
[2026-06-15 13:52:26,933][root][INFO] - Epoch [3/5], Batch [186/300], Loss: 1.0717 (Overall: 0.9778, Change: 1.7703), TF Ratio: 0.843
[2026-06-15 13:52:27,086][root][INFO] - Epoch [3/5], Batch [187/300], Loss: 1.0728 (Overall: 0.6801, Change: 1.8680), TF Ratio: 0.843
[2026-06-15 13:52:27,261][root][INFO] - Epoch [3/5], Batch [188/300], Loss: 1.0734 (Overall: 0.6005, Change: 1.7866), TF Ratio: 0.842
[2026-06-15 13:52:27,415][root][INFO] - Epoch [3/5], Batch [189/300], Loss: 1.0744 (Overall: 0.7240, Change: 1.7865), TF Ratio: 0.842
[2026-06-15 13:52:27,567][root][INFO] - Epoch [3/5], Batch [190/300], Loss: 1.0740 (Overall: 0.7518, Change: 1.2603), TF Ratio: 0.842
[2026-06-15 13:52:27,719][root][INFO] - Epoch [3/5], Batch [191/300], Loss: 1.0732 (Overall: 0.5698, Change: 1.2775), TF Ratio: 0.842
[2026-06-15 13:52:31,096][root][INFO] - Epoch [3/5], Batch [192/300], Loss: 1.0729 (Overall: 0.6635, Change: 1.3732), TF Ratio: 0.842
[2026-06-15 13:52:31,251][root][INFO] - Epoch [3/5], Batch [193/300], Loss: 1.0714 (Overall: 0.7534, Change: 0.7858), TF Ratio: 0.841
[2026-06-15 13:52:31,404][root][INFO] - Epoch [3/5], Batch [194/300], Loss: 1.0711 (Overall: 0.5547, Change: 1.4839), TF Ratio: 0.841
[2026-06-15 13:52:31,559][root][INFO] - Epoch [3/5], Batch [195/300], Loss: 1.0712 (Overall: 0.6986, Change: 1.4841), TF Ratio: 0.841
[2026-06-15 13:52:40,978][root][INFO] - Epoch [3/5], Batch [196/300], Loss: 1.0701 (Overall: 0.5008, Change: 1.1914), TF Ratio: 0.841
[2026-06-15 13:52:41,138][root][INFO] - Epoch [3/5], Batch [197/300], Loss: 1.0708 (Overall: 0.6852, Change: 1.7331), TF Ratio: 0.841
[2026-06-15 13:52:41,291][root][INFO] - Epoch [3/5], Batch [198/300], Loss: 1.0704 (Overall: 0.8801, Change: 1.1193), TF Ratio: 0.840
[2026-06-15 13:52:41,444][root][INFO] - Epoch [3/5], Batch [199/300], Loss: 1.0717 (Overall: 0.8360, Change: 1.8036), TF Ratio: 0.840
[2026-06-15 13:52:41,614][root][INFO] - Epoch [3/5], Batch [200/300], Loss: 1.0702 (Overall: 0.6704, Change: 0.8991), TF Ratio: 0.840
[2026-06-15 13:52:41,769][root][INFO] - Epoch [3/5], Batch [201/300], Loss: 1.0712 (Overall: 0.6855, Change: 1.8603), TF Ratio: 0.840
[2026-06-15 13:52:41,921][root][INFO] - Epoch [3/5], Batch [202/300], Loss: 1.0724 (Overall: 1.1934, Change: 1.4304), TF Ratio: 0.840
[2026-06-15 13:52:42,074][root][INFO] - Epoch [3/5], Batch [203/300], Loss: 1.0726 (Overall: 0.7295, Change: 1.4739), TF Ratio: 0.839
[2026-06-15 13:52:54,293][root][INFO] - Epoch [3/5], Batch [204/300], Loss: 1.0739 (Overall: 0.8943, Change: 1.8018), TF Ratio: 0.839
[2026-06-15 13:52:54,448][root][INFO] - Epoch [3/5], Batch [205/300], Loss: 1.0738 (Overall: 0.7344, Change: 1.3454), TF Ratio: 0.839
[2026-06-15 13:52:54,601][root][INFO] - Epoch [3/5], Batch [206/300], Loss: 1.0740 (Overall: 0.8255, Change: 1.4301), TF Ratio: 0.839
[2026-06-15 13:52:54,753][root][INFO] - Epoch [3/5], Batch [207/300], Loss: 1.0743 (Overall: 0.9212, Change: 1.3574), TF Ratio: 0.839
[2026-06-15 13:53:06,005][root][INFO] - Epoch [3/5], Batch [208/300], Loss: 1.0740 (Overall: 0.6899, Change: 1.3151), TF Ratio: 0.838
[2026-06-15 13:53:06,163][root][INFO] - Epoch [3/5], Batch [209/300], Loss: 1.0735 (Overall: 0.7567, Change: 1.1875), TF Ratio: 0.838
[2026-06-15 13:53:06,316][root][INFO] - Epoch [3/5], Batch [210/300], Loss: 1.0729 (Overall: 0.6409, Change: 1.2699), TF Ratio: 0.838
[2026-06-15 13:53:06,467][root][INFO] - Epoch [3/5], Batch [211/300], Loss: 1.0735 (Overall: 0.8227, Change: 1.5426), TF Ratio: 0.838
[2026-06-15 13:53:06,642][root][INFO] - Epoch [3/5], Batch [212/300], Loss: 1.0733 (Overall: 0.8007, Change: 1.2612), TF Ratio: 0.838
[2026-06-15 13:53:06,796][root][INFO] - Epoch [3/5], Batch [213/300], Loss: 1.0732 (Overall: 0.6607, Change: 1.4436), TF Ratio: 0.837
[2026-06-15 13:53:06,949][root][INFO] - Epoch [3/5], Batch [214/300], Loss: 1.0722 (Overall: 0.7247, Change: 1.0083), TF Ratio: 0.837
[2026-06-15 13:53:07,101][root][INFO] - Epoch [3/5], Batch [215/300], Loss: 1.0718 (Overall: 0.6874, Change: 1.2744), TF Ratio: 0.837
[2026-06-15 13:53:19,303][root][INFO] - Epoch [3/5], Batch [216/300], Loss: 1.0707 (Overall: 0.7182, Change: 0.9568), TF Ratio: 0.837
[2026-06-15 13:53:19,460][root][INFO] - Epoch [3/5], Batch [217/300], Loss: 1.0709 (Overall: 0.5741, Change: 1.6601), TF Ratio: 0.837
[2026-06-15 13:53:19,617][root][INFO] - Epoch [3/5], Batch [218/300], Loss: 1.0704 (Overall: 0.7112, Change: 1.2304), TF Ratio: 0.836
[2026-06-15 13:53:19,770][root][INFO] - Epoch [3/5], Batch [219/300], Loss: 1.0706 (Overall: 0.9300, Change: 1.2806), TF Ratio: 0.836
[2026-06-15 13:53:28,508][root][INFO] - Epoch [3/5], Batch [220/300], Loss: 1.0720 (Overall: 1.1056, Change: 1.6602), TF Ratio: 0.836
[2026-06-15 13:53:28,662][root][INFO] - Epoch [3/5], Batch [221/300], Loss: 1.0726 (Overall: 1.0682, Change: 1.3151), TF Ratio: 0.836
[2026-06-15 13:53:28,815][root][INFO] - Epoch [3/5], Batch [222/300], Loss: 1.0740 (Overall: 0.5376, Change: 2.2516), TF Ratio: 0.836
[2026-06-15 13:53:28,968][root][INFO] - Epoch [3/5], Batch [223/300], Loss: 1.0747 (Overall: 0.5698, Change: 1.8963), TF Ratio: 0.835
[2026-06-15 13:53:29,134][root][INFO] - Epoch [3/5], Batch [224/300], Loss: 1.0731 (Overall: 0.5641, Change: 0.8827), TF Ratio: 0.835
[2026-06-15 13:53:29,288][root][INFO] - Epoch [3/5], Batch [225/300], Loss: 1.0720 (Overall: 0.7004, Change: 0.9175), TF Ratio: 0.835
[2026-06-15 13:53:29,441][root][INFO] - Epoch [3/5], Batch [226/300], Loss: 1.0715 (Overall: 0.8108, Change: 1.1275), TF Ratio: 0.835
[2026-06-15 13:53:29,594][root][INFO] - Epoch [3/5], Batch [227/300], Loss: 1.0716 (Overall: 0.9086, Change: 1.2693), TF Ratio: 0.835
[2026-06-15 13:53:31,232][root][INFO] - Epoch [3/5], Batch [228/300], Loss: 1.0700 (Overall: 0.6614, Change: 0.7369), TF Ratio: 0.834
[2026-06-15 13:53:31,386][root][INFO] - Epoch [3/5], Batch [229/300], Loss: 1.0697 (Overall: 0.6856, Change: 1.3214), TF Ratio: 0.834
[2026-06-15 13:53:31,538][root][INFO] - Epoch [3/5], Batch [230/300], Loss: 1.0690 (Overall: 0.6382, Change: 1.2142), TF Ratio: 0.834
[2026-06-15 13:53:31,691][root][INFO] - Epoch [3/5], Batch [231/300], Loss: 1.0686 (Overall: 0.7005, Change: 1.2226), TF Ratio: 0.834
[2026-06-15 13:53:44,374][root][INFO] - Epoch [3/5], Batch [232/300], Loss: 1.0684 (Overall: 0.5579, Change: 1.4887), TF Ratio: 0.834
[2026-06-15 13:53:44,529][root][INFO] - Epoch [3/5], Batch [233/300], Loss: 1.0685 (Overall: 0.7404, Change: 1.4274), TF Ratio: 0.833
[2026-06-15 13:53:44,681][root][INFO] - Epoch [3/5], Batch [234/300], Loss: 1.0685 (Overall: 0.8842, Change: 1.2688), TF Ratio: 0.833
[2026-06-15 13:53:44,834][root][INFO] - Epoch [3/5], Batch [235/300], Loss: 1.0683 (Overall: 0.6902, Change: 1.3616), TF Ratio: 0.833
[2026-06-15 13:53:45,001][root][INFO] - Epoch [3/5], Batch [236/300], Loss: 1.0663 (Overall: 0.5736, Change: 0.6100), TF Ratio: 0.833
[2026-06-15 13:53:45,155][root][INFO] - Epoch [3/5], Batch [237/300], Loss: 1.0661 (Overall: 0.6399, Change: 1.4097), TF Ratio: 0.833
[2026-06-15 13:53:45,313][root][INFO] - Epoch [3/5], Batch [238/300], Loss: 1.0660 (Overall: 0.8153, Change: 1.2537), TF Ratio: 0.832
[2026-06-15 13:53:45,467][root][INFO] - Epoch [3/5], Batch [239/300], Loss: 1.0660 (Overall: 0.6968, Change: 1.4368), TF Ratio: 0.832
[2026-06-15 13:53:48,299][root][INFO] - Epoch [3/5], Batch [240/300], Loss: 1.0653 (Overall: 0.6063, Change: 1.2077), TF Ratio: 0.832
[2026-06-15 13:53:48,453][root][INFO] - Epoch [3/5], Batch [241/300], Loss: 1.0658 (Overall: 0.5986, Change: 1.7753), TF Ratio: 0.832
[2026-06-15 13:53:48,607][root][INFO] - Epoch [3/5], Batch [242/300], Loss: 1.0654 (Overall: 0.7946, Change: 1.1286), TF Ratio: 0.832
[2026-06-15 13:53:48,760][root][INFO] - Epoch [3/5], Batch [243/300], Loss: 1.0660 (Overall: 0.7940, Change: 1.6493), TF Ratio: 0.831
[2026-06-15 13:53:59,905][root][INFO] - Epoch [3/5], Batch [244/300], Loss: 1.0662 (Overall: 0.8274, Change: 1.3958), TF Ratio: 0.831
[2026-06-15 13:54:00,060][root][INFO] - Epoch [3/5], Batch [245/300], Loss: 1.0653 (Overall: 0.5862, Change: 1.0732), TF Ratio: 0.831
[2026-06-15 13:54:00,212][root][INFO] - Epoch [3/5], Batch [246/300], Loss: 1.0655 (Overall: 0.8280, Change: 1.4331), TF Ratio: 0.831
[2026-06-15 13:54:00,370][root][INFO] - Epoch [3/5], Batch [247/300], Loss: 1.0665 (Overall: 1.1330, Change: 1.4636), TF Ratio: 0.831
[2026-06-15 13:54:00,531][root][INFO] - Epoch [3/5], Batch [248/300], Loss: 1.0664 (Overall: 0.7395, Change: 1.3691), TF Ratio: 0.830
[2026-06-15 13:54:00,684][root][INFO] - Epoch [3/5], Batch [249/300], Loss: 1.0664 (Overall: 0.7664, Change: 1.3456), TF Ratio: 0.830
[2026-06-15 13:54:00,837][root][INFO] - Epoch [3/5], Batch [250/300], Loss: 1.0667 (Overall: 0.4841, Change: 1.8033), TF Ratio: 0.830
[2026-06-15 13:54:00,989][root][INFO] - Epoch [3/5], Batch [251/300], Loss: 1.0660 (Overall: 0.5032, Change: 1.2803), TF Ratio: 0.830
[2026-06-15 13:54:01,815][root][INFO] - Epoch [3/5], Batch [252/300], Loss: 1.0662 (Overall: 0.6876, Change: 1.5277), TF Ratio: 0.830
[2026-06-15 13:54:01,969][root][INFO] - Epoch [3/5], Batch [253/300], Loss: 1.0651 (Overall: 0.6299, Change: 0.9684), TF Ratio: 0.829
[2026-06-15 13:54:02,123][root][INFO] - Epoch [3/5], Batch [254/300], Loss: 1.0643 (Overall: 0.6539, Change: 1.0723), TF Ratio: 0.829
[2026-06-15 13:54:02,275][root][INFO] - Epoch [3/5], Batch [255/300], Loss: 1.0646 (Overall: 0.7582, Change: 1.5273), TF Ratio: 0.829
[2026-06-15 13:54:20,123][root][INFO] - Epoch [3/5], Batch [256/300], Loss: 1.0642 (Overall: 0.8114, Change: 1.0920), TF Ratio: 0.829
[2026-06-15 13:54:20,279][root][INFO] - Epoch [3/5], Batch [257/300], Loss: 1.0634 (Overall: 0.6167, Change: 1.1293), TF Ratio: 0.829
[2026-06-15 13:54:20,431][root][INFO] - Epoch [3/5], Batch [258/300], Loss: 1.0635 (Overall: 0.9770, Change: 1.1839), TF Ratio: 0.828
[2026-06-15 13:54:20,584][root][INFO] - Epoch [3/5], Batch [259/300], Loss: 1.0636 (Overall: 0.6962, Change: 1.4649), TF Ratio: 0.828
[2026-06-15 13:54:20,751][root][INFO] - Epoch [3/5], Batch [260/300], Loss: 1.0648 (Overall: 0.9273, Change: 1.8699), TF Ratio: 0.828
[2026-06-15 13:54:20,905][root][INFO] - Epoch [3/5], Batch [261/300], Loss: 1.0644 (Overall: 0.6939, Change: 1.2004), TF Ratio: 0.828
[2026-06-15 13:54:21,058][root][INFO] - Epoch [3/5], Batch [262/300], Loss: 1.0651 (Overall: 1.0078, Change: 1.5123), TF Ratio: 0.828
[2026-06-15 13:54:21,210][root][INFO] - Epoch [3/5], Batch [263/300], Loss: 1.0639 (Overall: 0.6882, Change: 0.8055), TF Ratio: 0.827
[2026-06-15 13:54:21,382][root][INFO] - Epoch [3/5], Batch [264/300], Loss: 1.0639 (Overall: 0.7860, Change: 1.3425), TF Ratio: 0.827
[2026-06-15 13:54:21,535][root][INFO] - Epoch [3/5], Batch [265/300], Loss: 1.0636 (Overall: 0.6412, Change: 1.3175), TF Ratio: 0.827
[2026-06-15 13:54:21,688][root][INFO] - Epoch [3/5], Batch [266/300], Loss: 1.0643 (Overall: 0.8810, Change: 1.6148), TF Ratio: 0.827
[2026-06-15 13:54:21,841][root][INFO] - Epoch [3/5], Batch [267/300], Loss: 1.0638 (Overall: 0.6867, Change: 1.1896), TF Ratio: 0.827
[2026-06-15 13:54:34,226][root][INFO] - Epoch [3/5], Batch [268/300], Loss: 1.0638 (Overall: 0.7915, Change: 1.2965), TF Ratio: 0.826
[2026-06-15 13:54:34,395][root][INFO] - Epoch [3/5], Batch [269/300], Loss: 1.0635 (Overall: 0.8283, Change: 1.1355), TF Ratio: 0.826
[2026-06-15 13:54:34,547][root][INFO] - Epoch [3/5], Batch [270/300], Loss: 1.0635 (Overall: 0.7420, Change: 1.4167), TF Ratio: 0.826
[2026-06-15 13:54:34,699][root][INFO] - Epoch [3/5], Batch [271/300], Loss: 1.0631 (Overall: 0.8770, Change: 1.0455), TF Ratio: 0.826
[2026-06-15 13:54:34,865][root][INFO] - Epoch [3/5], Batch [272/300], Loss: 1.0627 (Overall: 0.6807, Change: 1.1921), TF Ratio: 0.826
[2026-06-15 13:54:35,019][root][INFO] - Epoch [3/5], Batch [273/300], Loss: 1.0634 (Overall: 1.0758, Change: 1.4467), TF Ratio: 0.825
[2026-06-15 13:54:35,171][root][INFO] - Epoch [3/5], Batch [274/300], Loss: 1.0635 (Overall: 0.8394, Change: 1.3439), TF Ratio: 0.825
[2026-06-15 13:54:35,323][root][INFO] - Epoch [3/5], Batch [275/300], Loss: 1.0639 (Overall: 0.8010, Change: 1.5532), TF Ratio: 0.825
[2026-06-15 13:54:36,315][root][INFO] - Epoch [3/5], Batch [276/300], Loss: 1.0635 (Overall: 0.7229, Change: 1.1716), TF Ratio: 0.825
[2026-06-15 13:54:36,470][root][INFO] - Epoch [3/5], Batch [277/300], Loss: 1.0632 (Overall: 0.7855, Change: 1.1797), TF Ratio: 0.825
[2026-06-15 13:54:36,624][root][INFO] - Epoch [3/5], Batch [278/300], Loss: 1.0630 (Overall: 0.6735, Change: 1.3678), TF Ratio: 0.824
[2026-06-15 13:54:36,776][root][INFO] - Epoch [3/5], Batch [279/300], Loss: 1.0632 (Overall: 0.7808, Change: 1.4392), TF Ratio: 0.824
[2026-06-15 13:54:48,433][root][INFO] - Epoch [3/5], Batch [280/300], Loss: 1.0632 (Overall: 0.8102, Change: 1.3067), TF Ratio: 0.824
[2026-06-15 13:54:48,594][root][INFO] - Epoch [3/5], Batch [281/300], Loss: 1.0636 (Overall: 0.8037, Change: 1.5280), TF Ratio: 0.824
[2026-06-15 13:54:48,747][root][INFO] - Epoch [3/5], Batch [282/300], Loss: 1.0630 (Overall: 0.5909, Change: 1.2280), TF Ratio: 0.824
[2026-06-15 13:54:48,900][root][INFO] - Epoch [3/5], Batch [283/300], Loss: 1.0637 (Overall: 0.6622, Change: 1.8508), TF Ratio: 0.823
[2026-06-15 13:54:52,098][root][INFO] - Epoch [3/5], Batch [284/300], Loss: 1.0638 (Overall: 0.7276, Change: 1.4646), TF Ratio: 0.823
[2026-06-15 13:54:52,254][root][INFO] - Epoch [3/5], Batch [285/300], Loss: 1.0634 (Overall: 0.5290, Change: 1.3472), TF Ratio: 0.823
[2026-06-15 13:54:52,407][root][INFO] - Epoch [3/5], Batch [286/300], Loss: 1.0635 (Overall: 0.7196, Change: 1.4517), TF Ratio: 0.823
[2026-06-15 13:54:52,559][root][INFO] - Epoch [3/5], Batch [287/300], Loss: 1.0637 (Overall: 0.9173, Change: 1.3232), TF Ratio: 0.823
[2026-06-15 13:54:52,724][root][INFO] - Epoch [3/5], Batch [288/300], Loss: 1.0635 (Overall: 0.8198, Change: 1.1930), TF Ratio: 0.822
[2026-06-15 13:54:52,877][root][INFO] - Epoch [3/5], Batch [289/300], Loss: 1.0634 (Overall: 0.7136, Change: 1.3937), TF Ratio: 0.822
[2026-06-15 13:54:53,030][root][INFO] - Epoch [3/5], Batch [290/300], Loss: 1.0641 (Overall: 0.8498, Change: 1.6620), TF Ratio: 0.822
[2026-06-15 13:54:53,182][root][INFO] - Epoch [3/5], Batch [291/300], Loss: 1.0644 (Overall: 0.9016, Change: 1.4341), TF Ratio: 0.822
[2026-06-15 13:55:09,453][root][INFO] - Epoch [3/5], Batch [292/300], Loss: 1.0641 (Overall: 0.8413, Change: 1.0783), TF Ratio: 0.822
[2026-06-15 13:55:09,612][root][INFO] - Epoch [3/5], Batch [293/300], Loss: 1.0636 (Overall: 0.5582, Change: 1.2867), TF Ratio: 0.821
[2026-06-15 13:55:09,765][root][INFO] - Epoch [3/5], Batch [294/300], Loss: 1.0632 (Overall: 0.6244, Change: 1.2972), TF Ratio: 0.821
[2026-06-15 13:55:09,918][root][INFO] - Epoch [3/5], Batch [295/300], Loss: 1.0631 (Overall: 0.5357, Change: 1.5240), TF Ratio: 0.821
[2026-06-15 13:55:10,083][root][INFO] - Epoch [3/5], Batch [296/300], Loss: 1.0632 (Overall: 0.6373, Change: 1.5550), TF Ratio: 0.821
[2026-06-15 13:55:10,236][root][INFO] - Epoch [3/5], Batch [297/300], Loss: 1.0626 (Overall: 0.6556, Change: 1.0708), TF Ratio: 0.821
[2026-06-15 13:55:10,389][root][INFO] - Epoch [3/5], Batch [298/300], Loss: 1.0629 (Overall: 0.8278, Change: 1.4786), TF Ratio: 0.820
[2026-06-15 13:55:10,541][root][INFO] - Epoch [3/5], Batch [299/300], Loss: 1.0623 (Overall: 0.6979, Change: 1.0865), TF Ratio: 0.820
[2026-06-15 13:55:10,703][root][INFO] - Epoch [3/5], Batch [300/300], Loss: 1.0617 (Overall: 0.6491, Change: 1.0886), TF Ratio: 0.820
[2026-06-15 13:55:27,676][root][INFO] - Epoch 3 done. Validating...
[2026-06-15 13:56:04,835][root][INFO] - Epoch [3/5] | Train: 1.0653 | Val: 0.7378
[2026-06-15 13:56:05,070][root][INFO] - Checkpoint saved: /gpfs/scratch/bsc32/bsc096444/ai4land-tfm/trained_models/unet_impl/41825118/model_epoch_3.pth
[2026-06-15 13:56:33,508][root][INFO] - Epoch [4/5], Batch [1/300], Loss: 1.0229 (Overall: 0.6937, Change: 1.3520), TF Ratio: 0.820
[2026-06-15 13:56:33,663][root][INFO] - Epoch [4/5], Batch [2/300], Loss: 1.0753 (Overall: 0.8473, Change: 1.4084), TF Ratio: 0.820
[2026-06-15 13:56:36,250][root][INFO] - Epoch [4/5], Batch [3/300], Loss: 1.0641 (Overall: 0.7835, Change: 1.2998), TF Ratio: 0.819
[2026-06-15 13:56:36,420][root][INFO] - Epoch [4/5], Batch [4/300], Loss: 1.0017 (Overall: 0.6292, Change: 0.9997), TF Ratio: 0.819
[2026-06-15 13:56:36,574][root][INFO] - Epoch [4/5], Batch [5/300], Loss: 1.0017 (Overall: 0.6899, Change: 1.3132), TF Ratio: 0.819
[2026-06-15 13:56:36,728][root][INFO] - Epoch [4/5], Batch [6/300], Loss: 0.9945 (Overall: 0.8252, Change: 1.0925), TF Ratio: 0.819
[2026-06-15 13:56:36,880][root][INFO] - Epoch [4/5], Batch [7/300], Loss: 1.0346 (Overall: 1.1140, Change: 1.4356), TF Ratio: 0.819
[2026-06-15 13:56:37,348][root][INFO] - Epoch [4/5], Batch [8/300], Loss: 1.0328 (Overall: 0.8136, Change: 1.2264), TF Ratio: 0.818
[2026-06-15 13:56:37,515][root][INFO] - Epoch [4/5], Batch [9/300], Loss: 1.0390 (Overall: 0.7246, Change: 1.4526), TF Ratio: 0.818
[2026-06-15 13:56:37,668][root][INFO] - Epoch [4/5], Batch [10/300], Loss: 1.0347 (Overall: 0.6110, Change: 1.3817), TF Ratio: 0.818
[2026-06-15 13:56:37,820][root][INFO] - Epoch [4/5], Batch [11/300], Loss: 1.0295 (Overall: 0.5885, Change: 1.3661), TF Ratio: 0.818
[2026-06-15 13:56:48,613][root][INFO] - Epoch [4/5], Batch [12/300], Loss: 1.0222 (Overall: 0.4963, Change: 1.3872), TF Ratio: 0.818
[2026-06-15 13:56:48,768][root][INFO] - Epoch [4/5], Batch [13/300], Loss: 1.0093 (Overall: 0.5159, Change: 1.1949), TF Ratio: 0.817
[2026-06-15 13:56:48,921][root][INFO] - Epoch [4/5], Batch [14/300], Loss: 1.0091 (Overall: 0.6722, Change: 1.3392), TF Ratio: 0.817
[2026-06-15 13:56:55,644][root][INFO] - Epoch [4/5], Batch [15/300], Loss: 1.0284 (Overall: 1.0239, Change: 1.5743), TF Ratio: 0.817
[2026-06-15 13:56:55,807][root][INFO] - Epoch [4/5], Batch [16/300], Loss: 1.0086 (Overall: 0.5126, Change: 0.9105), TF Ratio: 0.817
[2026-06-15 13:56:55,963][root][INFO] - Epoch [4/5], Batch [17/300], Loss: 1.0062 (Overall: 0.4440, Change: 1.4901), TF Ratio: 0.817
[2026-06-15 13:56:56,116][root][INFO] - Epoch [4/5], Batch [18/300], Loss: 1.0032 (Overall: 0.6143, Change: 1.2919), TF Ratio: 0.816
[2026-06-15 13:56:56,269][root][INFO] - Epoch [4/5], Batch [19/300], Loss: 1.0089 (Overall: 0.9391, Change: 1.2833), TF Ratio: 0.816
[2026-06-15 13:56:56,443][root][INFO] - Epoch [4/5], Batch [20/300], Loss: 1.0101 (Overall: 0.9284, Change: 1.1385), TF Ratio: 0.816
[2026-06-15 13:56:56,596][root][INFO] - Epoch [4/5], Batch [21/300], Loss: 1.0119 (Overall: 0.8125, Change: 1.2813), TF Ratio: 0.816
[2026-06-15 13:56:56,750][root][INFO] - Epoch [4/5], Batch [22/300], Loss: 1.0121 (Overall: 0.5445, Change: 1.4899), TF Ratio: 0.816
[2026-06-15 13:56:56,903][root][INFO] - Epoch [4/5], Batch [23/300], Loss: 1.0108 (Overall: 0.6189, Change: 1.3437), TF Ratio: 0.815
[2026-06-15 13:57:08,316][root][INFO] - Epoch [4/5], Batch [24/300], Loss: 1.0135 (Overall: 0.5568, Change: 1.5929), TF Ratio: 0.815
[2026-06-15 13:57:08,472][root][INFO] - Epoch [4/5], Batch [25/300], Loss: 1.0186 (Overall: 0.8750, Change: 1.4095), TF Ratio: 0.815
[2026-06-15 13:57:08,625][root][INFO] - Epoch [4/5], Batch [26/300], Loss: 1.0217 (Overall: 0.7781, Change: 1.4189), TF Ratio: 0.815
[2026-06-15 13:57:17,341][root][INFO] - Epoch [4/5], Batch [27/300], Loss: 1.0214 (Overall: 0.6203, Change: 1.4057), TF Ratio: 0.815
[2026-06-15 13:57:17,524][root][INFO] - Epoch [4/5], Batch [28/300], Loss: 1.0254 (Overall: 0.8448, Change: 1.4265), TF Ratio: 0.814
[2026-06-15 13:57:17,688][root][INFO] - Epoch [4/5], Batch [29/300], Loss: 1.0494 (Overall: 1.2370, Change: 2.2017), TF Ratio: 0.814
[2026-06-15 13:57:17,840][root][INFO] - Epoch [4/5], Batch [30/300], Loss: 1.0474 (Overall: 0.7700, Change: 1.2134), TF Ratio: 0.814
[2026-06-15 13:57:17,993][root][INFO] - Epoch [4/5], Batch [31/300], Loss: 1.0462 (Overall: 0.6434, Change: 1.3736), TF Ratio: 0.814
[2026-06-15 13:57:18,157][root][INFO] - Epoch [4/5], Batch [32/300], Loss: 1.0477 (Overall: 0.8769, Change: 1.3106), TF Ratio: 0.814
[2026-06-15 13:57:18,310][root][INFO] - Epoch [4/5], Batch [33/300], Loss: 1.0448 (Overall: 0.7112, Change: 1.1927), TF Ratio: 0.813
[2026-06-15 13:57:18,462][root][INFO] - Epoch [4/5], Batch [34/300], Loss: 1.0395 (Overall: 0.6531, Change: 1.0801), TF Ratio: 0.813
[2026-06-15 13:57:18,614][root][INFO] - Epoch [4/5], Batch [35/300], Loss: 1.0360 (Overall: 0.5109, Change: 1.3193), TF Ratio: 0.813
[2026-06-15 13:57:28,018][root][INFO] - Epoch [4/5], Batch [36/300], Loss: 1.0272 (Overall: 0.6422, Change: 0.7983), TF Ratio: 0.813
[2026-06-15 13:57:28,174][root][INFO] - Epoch [4/5], Batch [37/300], Loss: 1.0215 (Overall: 0.6237, Change: 1.0058), TF Ratio: 0.813
[2026-06-15 13:57:28,326][root][INFO] - Epoch [4/5], Batch [38/300], Loss: 1.0153 (Overall: 0.5488, Change: 1.0262), TF Ratio: 0.812
[2026-06-15 13:57:49,184][root][INFO] - Epoch [4/5], Batch [39/300], Loss: 1.0252 (Overall: 0.9849, Change: 1.8196), TF Ratio: 0.812
[2026-06-15 13:57:49,357][root][INFO] - Epoch [4/5], Batch [40/300], Loss: 1.0295 (Overall: 0.8466, Change: 1.5458), TF Ratio: 0.812
[2026-06-15 13:57:49,511][root][INFO] - Epoch [4/5], Batch [41/300], Loss: 1.0236 (Overall: 0.6144, Change: 0.9564), TF Ratio: 0.812
[2026-06-15 13:57:49,664][root][INFO] - Epoch [4/5], Batch [42/300], Loss: 1.0176 (Overall: 0.6133, Change: 0.9302), TF Ratio: 0.812
[2026-06-15 13:57:49,817][root][INFO] - Epoch [4/5], Batch [43/300], Loss: 1.0208 (Overall: 0.7671, Change: 1.5486), TF Ratio: 0.811
[2026-06-15 13:57:49,983][root][INFO] - Epoch [4/5], Batch [44/300], Loss: 1.0265 (Overall: 0.8553, Change: 1.6828), TF Ratio: 0.811
[2026-06-15 13:57:50,136][root][INFO] - Epoch [4/5], Batch [45/300], Loss: 1.0216 (Overall: 0.6378, Change: 0.9816), TF Ratio: 0.811
[2026-06-15 13:57:50,288][root][INFO] - Epoch [4/5], Batch [46/300], Loss: 1.0219 (Overall: 0.7453, Change: 1.3171), TF Ratio: 0.811
[2026-06-15 13:57:50,439][root][INFO] - Epoch [4/5], Batch [47/300], Loss: 1.0222 (Overall: 0.8395, Change: 1.2341), TF Ratio: 0.811
[2026-06-15 13:57:59,945][root][INFO] - Epoch [4/5], Batch [48/300], Loss: 1.0307 (Overall: 1.0715, Change: 1.7896), TF Ratio: 0.810
[2026-06-15 13:58:00,100][root][INFO] - Epoch [4/5], Batch [49/300], Loss: 1.0258 (Overall: 0.6541, Change: 0.9282), TF Ratio: 0.810
[2026-06-15 13:58:00,254][root][INFO] - Epoch [4/5], Batch [50/300], Loss: 1.0211 (Overall: 0.7623, Change: 0.8184), TF Ratio: 0.810
[2026-06-15 13:58:02,658][root][INFO] - Epoch [4/5], Batch [51/300], Loss: 1.0215 (Overall: 0.6202, Change: 1.4690), TF Ratio: 0.810
[2026-06-15 13:58:02,820][root][INFO] - Epoch [4/5], Batch [52/300], Loss: 1.0145 (Overall: 0.4934, Change: 0.8156), TF Ratio: 0.810
[2026-06-15 13:58:02,973][root][INFO] - Epoch [4/5], Batch [53/300], Loss: 1.0146 (Overall: 0.6595, Change: 1.3795), TF Ratio: 0.809
[2026-06-15 13:58:03,126][root][INFO] - Epoch [4/5], Batch [54/300], Loss: 1.0125 (Overall: 0.6434, Change: 1.1620), TF Ratio: 0.809
[2026-06-15 13:58:03,278][root][INFO] - Epoch [4/5], Batch [55/300], Loss: 1.0099 (Overall: 0.7126, Change: 1.0223), TF Ratio: 0.809
[2026-06-15 13:58:06,384][root][INFO] - Epoch [4/5], Batch [56/300], Loss: 1.0083 (Overall: 0.6148, Change: 1.2286), TF Ratio: 0.809
[2026-06-15 13:58:06,539][root][INFO] - Epoch [4/5], Batch [57/300], Loss: 1.0109 (Overall: 0.9277, Change: 1.3881), TF Ratio: 0.809
[2026-06-15 13:58:06,691][root][INFO] - Epoch [4/5], Batch [58/300], Loss: 1.0114 (Overall: 0.8560, Change: 1.2241), TF Ratio: 0.808
[2026-06-15 13:58:06,843][root][INFO] - Epoch [4/5], Batch [59/300], Loss: 1.0116 (Overall: 0.7803, Change: 1.2695), TF Ratio: 0.808
[2026-06-15 13:58:14,991][root][INFO] - Epoch [4/5], Batch [60/300], Loss: 1.0144 (Overall: 0.6266, Change: 1.7319), TF Ratio: 0.808
[2026-06-15 13:58:15,164][root][INFO] - Epoch [4/5], Batch [61/300], Loss: 1.0184 (Overall: 1.0373, Change: 1.4776), TF Ratio: 0.808
[2026-06-15 13:58:15,317][root][INFO] - Epoch [4/5], Batch [62/300], Loss: 1.0247 (Overall: 1.4423, Change: 1.3784), TF Ratio: 0.808
[2026-06-15 13:58:19,554][root][INFO] - Epoch [4/5], Batch [63/300], Loss: 1.0247 (Overall: 0.9601, Change: 1.0782), TF Ratio: 0.807
[2026-06-15 13:58:19,724][root][INFO] - Epoch [4/5], Batch [64/300], Loss: 1.0276 (Overall: 0.8358, Change: 1.5941), TF Ratio: 0.807
[2026-06-15 13:58:19,879][root][INFO] - Epoch [4/5], Batch [65/300], Loss: 1.0307 (Overall: 0.9679, Change: 1.4818), TF Ratio: 0.807
[2026-06-15 13:58:20,032][root][INFO] - Epoch [4/5], Batch [66/300], Loss: 1.0312 (Overall: 0.8333, Change: 1.2937), TF Ratio: 0.807
[2026-06-15 13:58:20,185][root][INFO] - Epoch [4/5], Batch [67/300], Loss: 1.0292 (Overall: 0.5815, Change: 1.2169), TF Ratio: 0.807
[2026-06-15 13:58:20,352][root][INFO] - Epoch [4/5], Batch [68/300], Loss: 1.0280 (Overall: 0.7725, Change: 1.1191), TF Ratio: 0.806
[2026-06-15 13:58:20,505][root][INFO] - Epoch [4/5], Batch [69/300], Loss: 1.0337 (Overall: 0.8382, Change: 2.0132), TF Ratio: 0.806
[2026-06-15 13:58:20,658][root][INFO] - Epoch [4/5], Batch [70/300], Loss: 1.0339 (Overall: 0.8380, Change: 1.2509), TF Ratio: 0.806
[2026-06-15 13:58:20,812][root][INFO] - Epoch [4/5], Batch [71/300], Loss: 1.0351 (Overall: 0.6517, Change: 1.5901), TF Ratio: 0.806
[2026-06-15 13:58:29,068][root][INFO] - Epoch [4/5], Batch [72/300], Loss: 1.0343 (Overall: 0.5607, Change: 1.3941), TF Ratio: 0.806
[2026-06-15 13:58:29,222][root][INFO] - Epoch [4/5], Batch [73/300], Loss: 1.0389 (Overall: 1.0563, Change: 1.6871), TF Ratio: 0.805
[2026-06-15 13:58:29,375][root][INFO] - Epoch [4/5], Batch [74/300], Loss: 1.0396 (Overall: 0.6877, Change: 1.4925), TF Ratio: 0.805
[2026-06-15 13:58:35,592][root][INFO] - Epoch [4/5], Batch [75/300], Loss: 1.0338 (Overall: 0.4853, Change: 0.7230), TF Ratio: 0.805
[2026-06-15 13:58:35,757][root][INFO] - Epoch [4/5], Batch [76/300], Loss: 1.0298 (Overall: 0.4628, Change: 0.9997), TF Ratio: 0.805
[2026-06-15 13:58:35,911][root][INFO] - Epoch [4/5], Batch [77/300], Loss: 1.0320 (Overall: 1.0158, Change: 1.3799), TF Ratio: 0.805
[2026-06-15 13:58:36,065][root][INFO] - Epoch [4/5], Batch [78/300], Loss: 1.0299 (Overall: 0.5608, Change: 1.1755), TF Ratio: 0.804
[2026-06-15 13:58:36,218][root][INFO] - Epoch [4/5], Batch [79/300], Loss: 1.0331 (Overall: 0.9884, Change: 1.5750), TF Ratio: 0.804
[2026-06-15 13:58:36,387][root][INFO] - Epoch [4/5], Batch [80/300], Loss: 1.0333 (Overall: 0.6929, Change: 1.4069), TF Ratio: 0.804
[2026-06-15 13:58:36,541][root][INFO] - Epoch [4/5], Batch [81/300], Loss: 1.0332 (Overall: 0.7294, Change: 1.3223), TF Ratio: 0.804
[2026-06-15 13:58:36,694][root][INFO] - Epoch [4/5], Batch [82/300], Loss: 1.0296 (Overall: 0.7669, Change: 0.6976), TF Ratio: 0.804
[2026-06-15 13:58:36,846][root][INFO] - Epoch [4/5], Batch [83/300], Loss: 1.0311 (Overall: 0.6271, Change: 1.6920), TF Ratio: 0.803
[2026-06-15 13:58:41,283][root][INFO] - Epoch [4/5], Batch [84/300], Loss: 1.0294 (Overall: 0.8319, Change: 0.9409), TF Ratio: 0.803
[2026-06-15 13:58:41,437][root][INFO] - Epoch [4/5], Batch [85/300], Loss: 1.0296 (Overall: 0.5513, Change: 1.5412), TF Ratio: 0.803
[2026-06-15 13:58:41,595][root][INFO] - Epoch [4/5], Batch [86/300], Loss: 1.0303 (Overall: 0.8378, Change: 1.3408), TF Ratio: 0.803
[2026-06-15 13:58:47,621][root][INFO] - Epoch [4/5], Batch [87/300], Loss: 1.0316 (Overall: 0.7730, Change: 1.5240), TF Ratio: 0.803
[2026-06-15 13:58:56,151][root][INFO] - Epoch [4/5], Batch [88/300], Loss: 1.0338 (Overall: 0.9045, Change: 1.5456), TF Ratio: 0.802
[2026-06-15 13:58:56,308][root][INFO] - Epoch [4/5], Batch [89/300], Loss: 1.0326 (Overall: 0.8221, Change: 1.0172), TF Ratio: 0.802
[2026-06-15 13:58:56,462][root][INFO] - Epoch [4/5], Batch [90/300], Loss: 1.0348 (Overall: 0.8127, Change: 1.6576), TF Ratio: 0.802
[2026-06-15 13:58:56,615][root][INFO] - Epoch [4/5], Batch [91/300], Loss: 1.0354 (Overall: 0.5073, Change: 1.6747), TF Ratio: 0.802
[2026-06-15 13:58:58,670][root][INFO] - Epoch [4/5], Batch [92/300], Loss: 1.0343 (Overall: 0.5591, Change: 1.3058), TF Ratio: 0.802
[2026-06-15 13:58:58,839][root][INFO] - Epoch [4/5], Batch [93/300], Loss: 1.0353 (Overall: 1.0130, Change: 1.2315), TF Ratio: 0.801
[2026-06-15 13:58:58,992][root][INFO] - Epoch [4/5], Batch [94/300], Loss: 1.0363 (Overall: 0.7943, Change: 1.4774), TF Ratio: 0.801
[2026-06-15 13:58:59,145][root][INFO] - Epoch [4/5], Batch [95/300], Loss: 1.0346 (Overall: 0.4291, Change: 1.3082), TF Ratio: 0.801
[2026-06-15 13:59:15,126][root][INFO] - Epoch [4/5], Batch [96/300], Loss: 1.0357 (Overall: 0.9877, Change: 1.2933), TF Ratio: 0.801
[2026-06-15 13:59:15,283][root][INFO] - Epoch [4/5], Batch [97/300], Loss: 1.0356 (Overall: 0.5538, Change: 1.5095), TF Ratio: 0.801
[2026-06-15 13:59:15,435][root][INFO] - Epoch [4/5], Batch [98/300], Loss: 1.0356 (Overall: 0.6875, Change: 1.3854), TF Ratio: 0.800
[2026-06-15 13:59:15,588][root][INFO] - Epoch [4/5], Batch [99/300], Loss: 1.0361 (Overall: 0.8997, Change: 1.2571), TF Ratio: 0.800
[2026-06-15 13:59:15,756][root][INFO] - Epoch [4/5], Batch [100/300], Loss: 1.0358 (Overall: 0.5662, Change: 1.4464), TF Ratio: 0.800
[2026-06-15 13:59:15,910][root][INFO] - Epoch [4/5], Batch [101/300], Loss: 1.0357 (Overall: 0.6212, Change: 1.4322), TF Ratio: 0.800
[2026-06-15 13:59:16,063][root][INFO] - Epoch [4/5], Batch [102/300], Loss: 1.0354 (Overall: 0.7277, Change: 1.2907), TF Ratio: 0.800
[2026-06-15 13:59:16,217][root][INFO] - Epoch [4/5], Batch [103/300], Loss: 1.0346 (Overall: 0.5124, Change: 1.3987), TF Ratio: 0.799
[2026-06-15 13:59:27,164][root][INFO] - Epoch [4/5], Batch [104/300], Loss: 1.0322 (Overall: 0.6084, Change: 0.9548), TF Ratio: 0.799
[2026-06-15 13:59:27,326][root][INFO] - Epoch [4/5], Batch [105/300], Loss: 1.0300 (Overall: 0.5656, Change: 1.0360), TF Ratio: 0.799
[2026-06-15 13:59:27,478][root][INFO] - Epoch [4/5], Batch [106/300], Loss: 1.0306 (Overall: 0.7377, Change: 1.4567), TF Ratio: 0.799
[2026-06-15 13:59:27,632][root][INFO] - Epoch [4/5], Batch [107/300], Loss: 1.0328 (Overall: 0.6936, Change: 1.8224), TF Ratio: 0.799
[2026-06-15 13:59:27,796][root][INFO] - Epoch [4/5], Batch [108/300], Loss: 1.0337 (Overall: 0.8290, Change: 1.4291), TF Ratio: 0.798
[2026-06-15 13:59:27,950][root][INFO] - Epoch [4/5], Batch [109/300], Loss: 1.0333 (Overall: 0.8697, Change: 1.1108), TF Ratio: 0.798
[2026-06-15 13:59:28,103][root][INFO] - Epoch [4/5], Batch [110/300], Loss: 1.0330 (Overall: 0.8704, Change: 1.1292), TF Ratio: 0.798
[2026-06-15 13:59:28,256][root][INFO] - Epoch [4/5], Batch [111/300], Loss: 1.0337 (Overall: 0.7021, Change: 1.5280), TF Ratio: 0.798
[2026-06-15 13:59:30,875][root][INFO] - Epoch [4/5], Batch [112/300], Loss: 1.0325 (Overall: 0.7694, Change: 1.0388), TF Ratio: 0.798
[2026-06-15 13:59:31,029][root][INFO] - Epoch [4/5], Batch [113/300], Loss: 1.0289 (Overall: 0.5545, Change: 0.6834), TF Ratio: 0.797
[2026-06-15 13:59:31,182][root][INFO] - Epoch [4/5], Batch [114/300], Loss: 1.0295 (Overall: 0.8598, Change: 1.3420), TF Ratio: 0.797
[2026-06-15 13:59:31,335][root][INFO] - Epoch [4/5], Batch [115/300], Loss: 1.0285 (Overall: 0.7505, Change: 1.0815), TF Ratio: 0.797
[2026-06-15 13:59:41,318][root][INFO] - Epoch [4/5], Batch [116/300], Loss: 1.0254 (Overall: 0.6898, Change: 0.6427), TF Ratio: 0.797
[2026-06-15 13:59:41,476][root][INFO] - Epoch [4/5], Batch [117/300], Loss: 1.0259 (Overall: 0.7932, Change: 1.3696), TF Ratio: 0.797
[2026-06-15 13:59:41,629][root][INFO] - Epoch [4/5], Batch [118/300], Loss: 1.0274 (Overall: 0.8064, Change: 1.6079), TF Ratio: 0.796
[2026-06-15 13:59:41,783][root][INFO] - Epoch [4/5], Batch [119/300], Loss: 1.0273 (Overall: 0.5747, Change: 1.4627), TF Ratio: 0.796
[2026-06-15 13:59:41,951][root][INFO] - Epoch [4/5], Batch [120/300], Loss: 1.0265 (Overall: 0.7959, Change: 1.0637), TF Ratio: 0.796
[2026-06-15 13:59:42,105][root][INFO] - Epoch [4/5], Batch [121/300], Loss: 1.0278 (Overall: 0.6101, Change: 1.7399), TF Ratio: 0.796
[2026-06-15 13:59:42,258][root][INFO] - Epoch [4/5], Batch [122/300], Loss: 1.0266 (Overall: 0.4638, Change: 1.3225), TF Ratio: 0.796
[2026-06-15 13:59:45,037][root][INFO] - Epoch [4/5], Batch [123/300], Loss: 1.0274 (Overall: 0.5992, Change: 1.6362), TF Ratio: 0.795
[2026-06-15 13:59:45,590][root][INFO] - Epoch [4/5], Batch [124/300], Loss: 1.0271 (Overall: 0.6233, Change: 1.3696), TF Ratio: 0.795
[2026-06-15 13:59:45,745][root][INFO] - Epoch [4/5], Batch [125/300], Loss: 1.0260 (Overall: 0.5561, Change: 1.2166), TF Ratio: 0.795
[2026-06-15 13:59:45,899][root][INFO] - Epoch [4/5], Batch [126/300], Loss: 1.0262 (Overall: 0.5862, Change: 1.5223), TF Ratio: 0.795
[2026-06-15 13:59:46,052][root][INFO] - Epoch [4/5], Batch [127/300], Loss: 1.0265 (Overall: 0.8524, Change: 1.2560), TF Ratio: 0.795
[2026-06-15 13:59:55,027][root][INFO] - Epoch [4/5], Batch [128/300], Loss: 1.0264 (Overall: 0.7007, Change: 1.3481), TF Ratio: 0.794
[2026-06-15 13:59:55,183][root][INFO] - Epoch [4/5], Batch [129/300], Loss: 1.0263 (Overall: 0.5802, Change: 1.4477), TF Ratio: 0.794
[2026-06-15 13:59:55,335][root][INFO] - Epoch [4/5], Batch [130/300], Loss: 1.0272 (Overall: 0.7294, Change: 1.5492), TF Ratio: 0.794
[2026-06-15 13:59:55,488][root][INFO] - Epoch [4/5], Batch [131/300], Loss: 1.0266 (Overall: 0.5408, Change: 1.3574), TF Ratio: 0.794
[2026-06-15 13:59:55,818][root][INFO] - Epoch [4/5], Batch [132/300], Loss: 1.0269 (Overall: 0.6480, Change: 1.4863), TF Ratio: 0.794
[2026-06-15 13:59:55,971][root][INFO] - Epoch [4/5], Batch [133/300], Loss: 1.0277 (Overall: 0.9400, Change: 1.3133), TF Ratio: 0.793
[2026-06-15 13:59:56,123][root][INFO] - Epoch [4/5], Batch [134/300], Loss: 1.0281 (Overall: 0.6320, Change: 1.5317), TF Ratio: 0.793
[2026-06-15 14:00:11,421][root][INFO] - Epoch [4/5], Batch [135/300], Loss: 1.0294 (Overall: 0.9900, Change: 1.4130), TF Ratio: 0.793
[2026-06-15 14:00:11,585][root][INFO] - Epoch [4/5], Batch [136/300], Loss: 1.0321 (Overall: 1.2284, Change: 1.5828), TF Ratio: 0.793
[2026-06-15 14:00:11,738][root][INFO] - Epoch [4/5], Batch [137/300], Loss: 1.0311 (Overall: 0.6427, Change: 1.1404), TF Ratio: 0.793
[2026-06-15 14:00:11,892][root][INFO] - Epoch [4/5], Batch [138/300], Loss: 1.0313 (Overall: 0.7684, Change: 1.3498), TF Ratio: 0.792
[2026-06-15 14:00:12,044][root][INFO] - Epoch [4/5], Batch [139/300], Loss: 1.0333 (Overall: 0.9612, Change: 1.6663), TF Ratio: 0.792
[2026-06-15 14:00:12,218][root][INFO] - Epoch [4/5], Batch [140/300], Loss: 1.0330 (Overall: 0.8469, Change: 1.1254), TF Ratio: 0.792
[2026-06-15 14:00:12,372][root][INFO] - Epoch [4/5], Batch [141/300], Loss: 1.0335 (Overall: 0.8348, Change: 1.3848), TF Ratio: 0.792
[2026-06-15 14:00:12,524][root][INFO] - Epoch [4/5], Batch [142/300], Loss: 1.0346 (Overall: 0.7225, Change: 1.6394), TF Ratio: 0.792
[2026-06-15 14:00:12,677][root][INFO] - Epoch [4/5], Batch [143/300], Loss: 1.0358 (Overall: 0.8979, Change: 1.5242), TF Ratio: 0.791
[2026-06-15 14:00:17,234][root][INFO] - Epoch [4/5], Batch [144/300], Loss: 1.0363 (Overall: 0.9421, Change: 1.2628), TF Ratio: 0.791
[2026-06-15 14:00:17,390][root][INFO] - Epoch [4/5], Batch [145/300], Loss: 1.0362 (Overall: 0.8854, Change: 1.1497), TF Ratio: 0.791
[2026-06-15 14:00:17,542][root][INFO] - Epoch [4/5], Batch [146/300], Loss: 1.0383 (Overall: 0.6402, Change: 2.0612), TF Ratio: 0.791
[2026-06-15 14:00:26,156][root][INFO] - Epoch [4/5], Batch [147/300], Loss: 1.0395 (Overall: 0.8482, Change: 1.5697), TF Ratio: 0.791
[2026-06-15 14:00:39,163][root][INFO] - Epoch [4/5], Batch [148/300], Loss: 1.0397 (Overall: 0.7492, Change: 1.3887), TF Ratio: 0.790
[2026-06-15 14:00:39,321][root][INFO] - Epoch [4/5], Batch [149/300], Loss: 1.0389 (Overall: 0.6675, Change: 1.1821), TF Ratio: 0.790
[2026-06-15 14:00:39,476][root][INFO] - Epoch [4/5], Batch [150/300], Loss: 1.0390 (Overall: 0.6875, Change: 1.4359), TF Ratio: 0.790
[2026-06-15 14:00:39,645][root][INFO] - Epoch [4/5], Batch [151/300], Loss: 1.0390 (Overall: 0.5918, Change: 1.4812), TF Ratio: 0.790
[2026-06-15 14:00:39,810][root][INFO] - Epoch [4/5], Batch [152/300], Loss: 1.0390 (Overall: 0.7916, Change: 1.2746), TF Ratio: 0.790
[2026-06-15 14:00:39,965][root][INFO] - Epoch [4/5], Batch [153/300], Loss: 1.0373 (Overall: 0.5111, Change: 1.0519), TF Ratio: 0.789
[2026-06-15 14:00:40,120][root][INFO] - Epoch [4/5], Batch [154/300], Loss: 1.0375 (Overall: 0.7605, Change: 1.3717), TF Ratio: 0.789
[2026-06-15 14:00:40,273][root][INFO] - Epoch [4/5], Batch [155/300], Loss: 1.0371 (Overall: 0.8298, Change: 1.1350), TF Ratio: 0.789
[2026-06-15 14:00:48,088][root][INFO] - Epoch [4/5], Batch [156/300], Loss: 1.0379 (Overall: 0.4879, Change: 1.8251), TF Ratio: 0.789
[2026-06-15 14:00:48,243][root][INFO] - Epoch [4/5], Batch [157/300], Loss: 1.0381 (Overall: 0.6271, Change: 1.4947), TF Ratio: 0.789
[2026-06-15 14:00:48,396][root][INFO] - Epoch [4/5], Batch [158/300], Loss: 1.0376 (Overall: 0.7605, Change: 1.1769), TF Ratio: 0.788
[2026-06-15 14:00:48,548][root][INFO] - Epoch [4/5], Batch [159/300], Loss: 1.0377 (Overall: 0.7207, Change: 1.3881), TF Ratio: 0.788
[2026-06-15 14:01:01,223][root][INFO] - Epoch [4/5], Batch [160/300], Loss: 1.0366 (Overall: 0.5930, Change: 1.1290), TF Ratio: 0.788
[2026-06-15 14:01:01,379][root][INFO] - Epoch [4/5], Batch [161/300], Loss: 1.0365 (Overall: 0.7015, Change: 1.3348), TF Ratio: 0.788
[2026-06-15 14:01:01,533][root][INFO] - Epoch [4/5], Batch [162/300], Loss: 1.0349 (Overall: 0.6207, Change: 0.9284), TF Ratio: 0.788
[2026-06-15 14:01:01,686][root][INFO] - Epoch [4/5], Batch [163/300], Loss: 1.0354 (Overall: 0.6315, Change: 1.5934), TF Ratio: 0.787
[2026-06-15 14:01:01,852][root][INFO] - Epoch [4/5], Batch [164/300], Loss: 1.0359 (Overall: 0.6005, Change: 1.6630), TF Ratio: 0.787
[2026-06-15 14:01:02,007][root][INFO] - Epoch [4/5], Batch [165/300], Loss: 1.0362 (Overall: 0.8197, Change: 1.3241), TF Ratio: 0.787
[2026-06-15 14:01:02,161][root][INFO] - Epoch [4/5], Batch [166/300], Loss: 1.0363 (Overall: 0.7113, Change: 1.4023), TF Ratio: 0.787
[2026-06-15 14:01:02,314][root][INFO] - Epoch [4/5], Batch [167/300], Loss: 1.0368 (Overall: 0.8059, Change: 1.4463), TF Ratio: 0.787
[2026-06-15 14:01:07,419][root][INFO] - Epoch [4/5], Batch [168/300], Loss: 1.0358 (Overall: 0.6626, Change: 1.0622), TF Ratio: 0.786
[2026-06-15 14:01:07,573][root][INFO] - Epoch [4/5], Batch [169/300], Loss: 1.0358 (Overall: 0.6010, Change: 1.4804), TF Ratio: 0.786
[2026-06-15 14:01:07,726][root][INFO] - Epoch [4/5], Batch [170/300], Loss: 1.0383 (Overall: 1.2979, Change: 1.6124), TF Ratio: 0.786
[2026-06-15 14:01:07,879][root][INFO] - Epoch [4/5], Batch [171/300], Loss: 1.0389 (Overall: 0.7320, Change: 1.5593), TF Ratio: 0.786
[2026-06-15 14:01:16,240][root][INFO] - Epoch [4/5], Batch [172/300], Loss: 1.0390 (Overall: 0.5899, Change: 1.5091), TF Ratio: 0.786
[2026-06-15 14:01:16,397][root][INFO] - Epoch [4/5], Batch [173/300], Loss: 1.0386 (Overall: 0.6764, Change: 1.2638), TF Ratio: 0.785
[2026-06-15 14:01:16,550][root][INFO] - Epoch [4/5], Batch [174/300], Loss: 1.0371 (Overall: 0.3941, Change: 1.1656), TF Ratio: 0.785
[2026-06-15 14:01:16,703][root][INFO] - Epoch [4/5], Batch [175/300], Loss: 1.0367 (Overall: 0.7756, Change: 1.1496), TF Ratio: 0.785
[2026-06-15 14:01:16,877][root][INFO] - Epoch [4/5], Batch [176/300], Loss: 1.0368 (Overall: 0.6295, Change: 1.4960), TF Ratio: 0.785
[2026-06-15 14:01:17,031][root][INFO] - Epoch [4/5], Batch [177/300], Loss: 1.0371 (Overall: 0.8482, Change: 1.3188), TF Ratio: 0.785
[2026-06-15 14:01:17,184][root][INFO] - Epoch [4/5], Batch [178/300], Loss: 1.0372 (Overall: 0.5054, Change: 1.6040), TF Ratio: 0.784
[2026-06-15 14:01:17,338][root][INFO] - Epoch [4/5], Batch [179/300], Loss: 1.0374 (Overall: 0.5815, Change: 1.5864), TF Ratio: 0.784
[2026-06-15 14:01:19,390][root][INFO] - Epoch [4/5], Batch [180/300], Loss: 1.0370 (Overall: 0.6260, Change: 1.3050), TF Ratio: 0.784
[2026-06-15 14:01:19,547][root][INFO] - Epoch [4/5], Batch [181/300], Loss: 1.0380 (Overall: 0.6519, Change: 1.7782), TF Ratio: 0.784
[2026-06-15 14:01:19,701][root][INFO] - Epoch [4/5], Batch [182/300], Loss: 1.0387 (Overall: 0.8296, Change: 1.4878), TF Ratio: 0.784
[2026-06-15 14:01:19,855][root][INFO] - Epoch [4/5], Batch [183/300], Loss: 1.0356 (Overall: 0.5340, Change: 0.4188), TF Ratio: 0.783
[2026-06-15 14:01:30,058][root][INFO] - Epoch [4/5], Batch [184/300], Loss: 1.0354 (Overall: 0.4367, Change: 1.5673), TF Ratio: 0.783
[2026-06-15 14:01:30,214][root][INFO] - Epoch [4/5], Batch [185/300], Loss: 1.0343 (Overall: 0.5778, Change: 1.0722), TF Ratio: 0.783
[2026-06-15 14:01:30,368][root][INFO] - Epoch [4/5], Batch [186/300], Loss: 1.0332 (Overall: 0.4169, Change: 1.2430), TF Ratio: 0.783
[2026-06-15 14:01:30,521][root][INFO] - Epoch [4/5], Batch [187/300], Loss: 1.0319 (Overall: 0.6607, Change: 0.9136), TF Ratio: 0.783
[2026-06-15 14:01:30,694][root][INFO] - Epoch [4/5], Batch [188/300], Loss: 1.0306 (Overall: 0.5496, Change: 1.0452), TF Ratio: 0.782
[2026-06-15 14:01:30,847][root][INFO] - Epoch [4/5], Batch [189/300], Loss: 1.0301 (Overall: 0.5579, Change: 1.3123), TF Ratio: 0.782
[2026-06-15 14:01:31,000][root][INFO] - Epoch [4/5], Batch [190/300], Loss: 1.0305 (Overall: 0.7137, Change: 1.4842), TF Ratio: 0.782
[2026-06-15 14:01:31,154][root][INFO] - Epoch [4/5], Batch [191/300], Loss: 1.0303 (Overall: 0.6447, Change: 1.3500), TF Ratio: 0.782
[2026-06-15 14:01:33,865][root][INFO] - Epoch [4/5], Batch [192/300], Loss: 1.0297 (Overall: 0.7764, Change: 1.0557), TF Ratio: 0.782
[2026-06-15 14:01:34,018][root][INFO] - Epoch [4/5], Batch [193/300], Loss: 1.0295 (Overall: 0.8290, Change: 1.1311), TF Ratio: 0.781
[2026-06-15 14:01:34,171][root][INFO] - Epoch [4/5], Batch [194/300], Loss: 1.0294 (Overall: 0.7033, Change: 1.3445), TF Ratio: 0.781
[2026-06-15 14:01:34,324][root][INFO] - Epoch [4/5], Batch [195/300], Loss: 1.0290 (Overall: 0.6055, Change: 1.2938), TF Ratio: 0.781
[2026-06-15 14:01:43,842][root][INFO] - Epoch [4/5], Batch [196/300], Loss: 1.0294 (Overall: 0.6602, Change: 1.5322), TF Ratio: 0.781
[2026-06-15 14:01:43,997][root][INFO] - Epoch [4/5], Batch [197/300], Loss: 1.0296 (Overall: 0.5909, Change: 1.5529), TF Ratio: 0.781
[2026-06-15 14:01:44,149][root][INFO] - Epoch [4/5], Batch [198/300], Loss: 1.0297 (Overall: 0.5747, Change: 1.5510), TF Ratio: 0.780
[2026-06-15 14:01:44,301][root][INFO] - Epoch [4/5], Batch [199/300], Loss: 1.0299 (Overall: 0.7314, Change: 1.3743), TF Ratio: 0.780
[2026-06-15 14:01:44,474][root][INFO] - Epoch [4/5], Batch [200/300], Loss: 1.0299 (Overall: 0.6121, Change: 1.4724), TF Ratio: 0.780
[2026-06-15 14:01:44,628][root][INFO] - Epoch [4/5], Batch [201/300], Loss: 1.0297 (Overall: 0.6978, Change: 1.2738), TF Ratio: 0.780
[2026-06-15 14:01:44,779][root][INFO] - Epoch [4/5], Batch [202/300], Loss: 1.0307 (Overall: 0.5900, Change: 1.8583), TF Ratio: 0.780
[2026-06-15 14:01:44,943][root][INFO] - Epoch [4/5], Batch [203/300], Loss: 1.0307 (Overall: 0.8630, Change: 1.2315), TF Ratio: 0.779
[2026-06-15 14:01:53,461][root][INFO] - Epoch [4/5], Batch [204/300], Loss: 1.0316 (Overall: 0.7343, Change: 1.6831), TF Ratio: 0.779
[2026-06-15 14:01:53,616][root][INFO] - Epoch [4/5], Batch [205/300], Loss: 1.0313 (Overall: 0.7706, Change: 1.1722), TF Ratio: 0.779
[2026-06-15 14:01:53,769][root][INFO] - Epoch [4/5], Batch [206/300], Loss: 1.0294 (Overall: 0.5131, Change: 0.7493), TF Ratio: 0.779
[2026-06-15 14:01:53,921][root][INFO] - Epoch [4/5], Batch [207/300], Loss: 1.0287 (Overall: 0.6553, Change: 1.1021), TF Ratio: 0.779
[2026-06-15 14:02:05,244][root][INFO] - Epoch [4/5], Batch [208/300], Loss: 1.0280 (Overall: 0.7265, Change: 1.0716), TF Ratio: 0.778
[2026-06-15 14:02:05,400][root][INFO] - Epoch [4/5], Batch [209/300], Loss: 1.0276 (Overall: 0.6700, Change: 1.2143), TF Ratio: 0.778
[2026-06-15 14:02:05,553][root][INFO] - Epoch [4/5], Batch [210/300], Loss: 1.0261 (Overall: 0.5528, Change: 0.8695), TF Ratio: 0.778
[2026-06-15 14:02:05,706][root][INFO] - Epoch [4/5], Batch [211/300], Loss: 1.0266 (Overall: 0.5645, Change: 1.6747), TF Ratio: 0.778
[2026-06-15 14:02:05,868][root][INFO] - Epoch [4/5], Batch [212/300], Loss: 1.0270 (Overall: 0.6246, Change: 1.6174), TF Ratio: 0.778
[2026-06-15 14:02:06,022][root][INFO] - Epoch [4/5], Batch [213/300], Loss: 1.0277 (Overall: 0.7940, Change: 1.5446), TF Ratio: 0.777
[2026-06-15 14:02:06,175][root][INFO] - Epoch [4/5], Batch [214/300], Loss: 1.0272 (Overall: 0.4632, Change: 1.4104), TF Ratio: 0.777
[2026-06-15 14:02:06,328][root][INFO] - Epoch [4/5], Batch [215/300], Loss: 1.0284 (Overall: 0.7370, Change: 1.8316), TF Ratio: 0.777
[2026-06-15 14:02:13,640][root][INFO] - Epoch [4/5], Batch [216/300], Loss: 1.0290 (Overall: 0.9409, Change: 1.3716), TF Ratio: 0.777
[2026-06-15 14:02:13,796][root][INFO] - Epoch [4/5], Batch [217/300], Loss: 1.0293 (Overall: 0.6353, Change: 1.5203), TF Ratio: 0.777
[2026-06-15 14:02:13,949][root][INFO] - Epoch [4/5], Batch [218/300], Loss: 1.0289 (Overall: 0.6260, Change: 1.2580), TF Ratio: 0.776
[2026-06-15 14:02:14,103][root][INFO] - Epoch [4/5], Batch [219/300], Loss: 1.0290 (Overall: 0.8310, Change: 1.2721), TF Ratio: 0.776
[2026-06-15 14:02:21,563][root][INFO] - Epoch [4/5], Batch [220/300], Loss: 1.0296 (Overall: 0.7780, Change: 1.5427), TF Ratio: 0.776
[2026-06-15 14:02:21,717][root][INFO] - Epoch [4/5], Batch [221/300], Loss: 1.0300 (Overall: 0.6808, Change: 1.5912), TF Ratio: 0.776
[2026-06-15 14:02:21,881][root][INFO] - Epoch [4/5], Batch [222/300], Loss: 1.0304 (Overall: 0.7463, Change: 1.4787), TF Ratio: 0.776
[2026-06-15 14:02:22,034][root][INFO] - Epoch [4/5], Batch [223/300], Loss: 1.0301 (Overall: 0.7957, Change: 1.1354), TF Ratio: 0.775
[2026-06-15 14:02:22,198][root][INFO] - Epoch [4/5], Batch [224/300], Loss: 1.0303 (Overall: 0.8489, Change: 1.2906), TF Ratio: 0.775
[2026-06-15 14:02:22,351][root][INFO] - Epoch [4/5], Batch [225/300], Loss: 1.0295 (Overall: 0.7165, Change: 0.9713), TF Ratio: 0.775
[2026-06-15 14:02:22,504][root][INFO] - Epoch [4/5], Batch [226/300], Loss: 1.0302 (Overall: 0.8004, Change: 1.6096), TF Ratio: 0.775
[2026-06-15 14:02:22,656][root][INFO] - Epoch [4/5], Batch [227/300], Loss: 1.0304 (Overall: 0.7364, Change: 1.4138), TF Ratio: 0.775
[2026-06-15 14:02:32,132][root][INFO] - Epoch [4/5], Batch [228/300], Loss: 1.0311 (Overall: 0.5585, Change: 1.8104), TF Ratio: 0.774
[2026-06-15 14:02:32,287][root][INFO] - Epoch [4/5], Batch [229/300], Loss: 1.0306 (Overall: 0.6771, Change: 1.1642), TF Ratio: 0.774
[2026-06-15 14:02:32,439][root][INFO] - Epoch [4/5], Batch [230/300], Loss: 1.0300 (Overall: 0.8421, Change: 0.9041), TF Ratio: 0.774
[2026-06-15 14:02:32,592][root][INFO] - Epoch [4/5], Batch [231/300], Loss: 1.0311 (Overall: 1.0333, Change: 1.5772), TF Ratio: 0.774
[2026-06-15 14:02:39,337][root][INFO] - Epoch [4/5], Batch [232/300], Loss: 1.0316 (Overall: 0.6876, Change: 1.5852), TF Ratio: 0.774
[2026-06-15 14:02:39,491][root][INFO] - Epoch [4/5], Batch [233/300], Loss: 1.0309 (Overall: 0.5193, Change: 1.2193), TF Ratio: 0.773
[2026-06-15 14:02:39,644][root][INFO] - Epoch [4/5], Batch [234/300], Loss: 1.0302 (Overall: 0.5004, Change: 1.2483), TF Ratio: 0.773
[2026-06-15 14:02:39,797][root][INFO] - Epoch [4/5], Batch [235/300], Loss: 1.0291 (Overall: 0.5848, Change: 0.9539), TF Ratio: 0.773
[2026-06-15 14:02:39,965][root][INFO] - Epoch [4/5], Batch [236/300], Loss: 1.0283 (Overall: 0.7531, Change: 0.8991), TF Ratio: 0.773
[2026-06-15 14:02:40,118][root][INFO] - Epoch [4/5], Batch [237/300], Loss: 1.0282 (Overall: 0.7724, Change: 1.2439), TF Ratio: 0.773
[2026-06-15 14:02:40,269][root][INFO] - Epoch [4/5], Batch [238/300], Loss: 1.0287 (Overall: 0.8048, Change: 1.4875), TF Ratio: 0.772
[2026-06-15 14:02:40,422][root][INFO] - Epoch [4/5], Batch [239/300], Loss: 1.0287 (Overall: 0.7350, Change: 1.3146), TF Ratio: 0.772
[2026-06-15 14:02:47,544][root][INFO] - Epoch [4/5], Batch [240/300], Loss: 1.0294 (Overall: 0.8041, Change: 1.6016), TF Ratio: 0.772
[2026-06-15 14:02:47,699][root][INFO] - Epoch [4/5], Batch [241/300], Loss: 1.0295 (Overall: 0.7477, Change: 1.3821), TF Ratio: 0.772
[2026-06-15 14:02:47,852][root][INFO] - Epoch [4/5], Batch [242/300], Loss: 1.0294 (Overall: 0.5315, Change: 1.4739), TF Ratio: 0.772
[2026-06-15 14:02:48,018][root][INFO] - Epoch [4/5], Batch [243/300], Loss: 1.0286 (Overall: 0.4375, Change: 1.2233), TF Ratio: 0.771
[2026-06-15 14:02:54,254][root][INFO] - Epoch [4/5], Batch [244/300], Loss: 1.0280 (Overall: 0.5747, Change: 1.2111), TF Ratio: 0.771
[2026-06-15 14:02:54,410][root][INFO] - Epoch [4/5], Batch [245/300], Loss: 1.0275 (Overall: 0.7092, Change: 1.0634), TF Ratio: 0.771
[2026-06-15 14:02:54,564][root][INFO] - Epoch [4/5], Batch [246/300], Loss: 1.0271 (Overall: 0.6772, Change: 1.2107), TF Ratio: 0.771
[2026-06-15 14:02:54,718][root][INFO] - Epoch [4/5], Batch [247/300], Loss: 1.0275 (Overall: 0.7795, Change: 1.4615), TF Ratio: 0.771
[2026-06-15 14:02:54,892][root][INFO] - Epoch [4/5], Batch [248/300], Loss: 1.0275 (Overall: 0.6435, Change: 1.4147), TF Ratio: 0.770
[2026-06-15 14:02:55,046][root][INFO] - Epoch [4/5], Batch [249/300], Loss: 1.0283 (Overall: 0.7860, Change: 1.6438), TF Ratio: 0.770
[2026-06-15 14:02:55,199][root][INFO] - Epoch [4/5], Batch [250/300], Loss: 1.0275 (Overall: 0.4632, Change: 1.2200), TF Ratio: 0.770
[2026-06-15 14:02:55,352][root][INFO] - Epoch [4/5], Batch [251/300], Loss: 1.0279 (Overall: 0.9622, Change: 1.2820), TF Ratio: 0.770
[2026-06-15 14:03:03,501][root][INFO] - Epoch [4/5], Batch [252/300], Loss: 1.0277 (Overall: 0.7556, Change: 1.2264), TF Ratio: 0.770
[2026-06-15 14:03:03,656][root][INFO] - Epoch [4/5], Batch [253/300], Loss: 1.0270 (Overall: 0.7105, Change: 0.9602), TF Ratio: 0.769
[2026-06-15 14:03:03,810][root][INFO] - Epoch [4/5], Batch [254/300], Loss: 1.0272 (Overall: 0.7051, Change: 1.4533), TF Ratio: 0.769
[2026-06-15 14:03:03,963][root][INFO] - Epoch [4/5], Batch [255/300], Loss: 1.0265 (Overall: 0.7025, Change: 0.9729), TF Ratio: 0.769
[2026-06-15 14:03:06,846][root][INFO] - Epoch [4/5], Batch [256/300], Loss: 1.0260 (Overall: 0.5747, Change: 1.2224), TF Ratio: 0.769
[2026-06-15 14:03:07,002][root][INFO] - Epoch [4/5], Batch [257/300], Loss: 1.0258 (Overall: 0.5539, Change: 1.4427), TF Ratio: 0.769
[2026-06-15 14:03:07,155][root][INFO] - Epoch [4/5], Batch [258/300], Loss: 1.0245 (Overall: 0.4045, Change: 0.9354), TF Ratio: 0.768
[2026-06-15 14:03:07,307][root][INFO] - Epoch [4/5], Batch [259/300], Loss: 1.0240 (Overall: 0.5730, Change: 1.2118), TF Ratio: 0.768
[2026-06-15 14:03:07,475][root][INFO] - Epoch [4/5], Batch [260/300], Loss: 1.0243 (Overall: 0.9397, Change: 1.2994), TF Ratio: 0.768
[2026-06-15 14:03:07,628][root][INFO] - Epoch [4/5], Batch [261/300], Loss: 1.0240 (Overall: 0.8883, Change: 1.0061), TF Ratio: 0.768
[2026-06-15 14:03:07,781][root][INFO] - Epoch [4/5], Batch [262/300], Loss: 1.0233 (Overall: 0.4591, Change: 1.2208), TF Ratio: 0.768
[2026-06-15 14:03:07,935][root][INFO] - Epoch [4/5], Batch [263/300], Loss: 1.0230 (Overall: 0.4773, Change: 1.4106), TF Ratio: 0.767
[2026-06-15 14:03:20,925][root][INFO] - Epoch [4/5], Batch [264/300], Loss: 1.0237 (Overall: 0.9264, Change: 1.4865), TF Ratio: 0.767
[2026-06-15 14:03:21,081][root][INFO] - Epoch [4/5], Batch [265/300], Loss: 1.0236 (Overall: 0.6731, Change: 1.3288), TF Ratio: 0.767
[2026-06-15 14:03:21,234][root][INFO] - Epoch [4/5], Batch [266/300], Loss: 1.0247 (Overall: 1.0587, Change: 1.5808), TF Ratio: 0.767
[2026-06-15 14:03:21,387][root][INFO] - Epoch [4/5], Batch [267/300], Loss: 1.0242 (Overall: 0.5068, Change: 1.2345), TF Ratio: 0.767
[2026-06-15 14:03:27,759][root][INFO] - Epoch [4/5], Batch [268/300], Loss: 1.0231 (Overall: 0.4748, Change: 1.0129), TF Ratio: 0.766
[2026-06-15 14:03:27,913][root][INFO] - Epoch [4/5], Batch [269/300], Loss: 1.0230 (Overall: 0.6941, Change: 1.2889), TF Ratio: 0.766
[2026-06-15 14:03:28,066][root][INFO] - Epoch [4/5], Batch [270/300], Loss: 1.0235 (Overall: 0.8004, Change: 1.4901), TF Ratio: 0.766
[2026-06-15 14:03:28,220][root][INFO] - Epoch [4/5], Batch [271/300], Loss: 1.0232 (Overall: 0.7214, Change: 1.1640), TF Ratio: 0.766
[2026-06-15 14:03:28,386][root][INFO] - Epoch [4/5], Batch [272/300], Loss: 1.0228 (Overall: 0.4973, Change: 1.3745), TF Ratio: 0.766
[2026-06-15 14:03:28,540][root][INFO] - Epoch [4/5], Batch [273/300], Loss: 1.0227 (Overall: 0.6847, Change: 1.2704), TF Ratio: 0.765
[2026-06-15 14:03:28,693][root][INFO] - Epoch [4/5], Batch [274/300], Loss: 1.0224 (Overall: 0.5375, Change: 1.3735), TF Ratio: 0.765
[2026-06-15 14:03:28,847][root][INFO] - Epoch [4/5], Batch [275/300], Loss: 1.0208 (Overall: 0.4025, Change: 0.7520), TF Ratio: 0.765
[2026-06-15 14:03:45,216][root][INFO] - Epoch [4/5], Batch [276/300], Loss: 1.0198 (Overall: 0.5792, Change: 0.9274), TF Ratio: 0.765
[2026-06-15 14:03:45,372][root][INFO] - Epoch [4/5], Batch [277/300], Loss: 1.0192 (Overall: 0.5541, Change: 1.1080), TF Ratio: 0.765
[2026-06-15 14:03:45,524][root][INFO] - Epoch [4/5], Batch [278/300], Loss: 1.0195 (Overall: 0.6805, Change: 1.5286), TF Ratio: 0.764
[2026-06-15 14:03:45,677][root][INFO] - Epoch [4/5], Batch [279/300], Loss: 1.0192 (Overall: 0.7365, Change: 1.1774), TF Ratio: 0.764
[2026-06-15 14:03:45,846][root][INFO] - Epoch [4/5], Batch [280/300], Loss: 1.0199 (Overall: 0.7140, Change: 1.6819), TF Ratio: 0.764
[2026-06-15 14:03:46,000][root][INFO] - Epoch [4/5], Batch [281/300], Loss: 1.0194 (Overall: 0.6429, Change: 1.1420), TF Ratio: 0.764
[2026-06-15 14:03:46,154][root][INFO] - Epoch [4/5], Batch [282/300], Loss: 1.0190 (Overall: 0.6317, Change: 1.1495), TF Ratio: 0.764
[2026-06-15 14:03:46,306][root][INFO] - Epoch [4/5], Batch [283/300], Loss: 1.0193 (Overall: 0.9089, Change: 1.3212), TF Ratio: 0.763
[2026-06-15 14:03:46,479][root][INFO] - Epoch [4/5], Batch [284/300], Loss: 1.0194 (Overall: 0.6189, Change: 1.4928), TF Ratio: 0.763
[2026-06-15 14:03:46,633][root][INFO] - Epoch [4/5], Batch [285/300], Loss: 1.0199 (Overall: 0.9128, Change: 1.3975), TF Ratio: 0.763
[2026-06-15 14:03:46,786][root][INFO] - Epoch [4/5], Batch [286/300], Loss: 1.0203 (Overall: 0.7854, Change: 1.4603), TF Ratio: 0.763
[2026-06-15 14:03:46,939][root][INFO] - Epoch [4/5], Batch [287/300], Loss: 1.0208 (Overall: 1.1199, Change: 1.2462), TF Ratio: 0.763
[2026-06-15 14:04:02,208][root][INFO] - Epoch [4/5], Batch [288/300], Loss: 1.0213 (Overall: 0.5848, Change: 1.7349), TF Ratio: 0.762
[2026-06-15 14:04:02,363][root][INFO] - Epoch [4/5], Batch [289/300], Loss: 1.0218 (Overall: 0.8126, Change: 1.4896), TF Ratio: 0.762
[2026-06-15 14:04:02,515][root][INFO] - Epoch [4/5], Batch [290/300], Loss: 1.0221 (Overall: 0.8417, Change: 1.3705), TF Ratio: 0.762
[2026-06-15 14:04:02,668][root][INFO] - Epoch [4/5], Batch [291/300], Loss: 1.0229 (Overall: 0.3613, Change: 2.1516), TF Ratio: 0.762
[2026-06-15 14:04:02,833][root][INFO] - Epoch [4/5], Batch [292/300], Loss: 1.0228 (Overall: 0.7195, Change: 1.3119), TF Ratio: 0.762
[2026-06-15 14:04:02,986][root][INFO] - Epoch [4/5], Batch [293/300], Loss: 1.0223 (Overall: 0.8067, Change: 0.8953), TF Ratio: 0.761
[2026-06-15 14:04:03,139][root][INFO] - Epoch [4/5], Batch [294/300], Loss: 1.0221 (Overall: 0.7086, Change: 1.2458), TF Ratio: 0.761
[2026-06-15 14:04:03,292][root][INFO] - Epoch [4/5], Batch [295/300], Loss: 1.0234 (Overall: 1.0249, Change: 1.8081), TF Ratio: 0.761
[2026-06-15 14:04:07,658][root][INFO] - Epoch [4/5], Batch [296/300], Loss: 1.0234 (Overall: 0.9114, Change: 1.1315), TF Ratio: 0.761
[2026-06-15 14:04:07,811][root][INFO] - Epoch [4/5], Batch [297/300], Loss: 1.0232 (Overall: 0.6912, Change: 1.2421), TF Ratio: 0.761
[2026-06-15 14:04:07,964][root][INFO] - Epoch [4/5], Batch [298/300], Loss: 1.0225 (Overall: 0.5015, Change: 1.1068), TF Ratio: 0.760
[2026-06-15 14:04:08,117][root][INFO] - Epoch [4/5], Batch [299/300], Loss: 1.0221 (Overall: 0.6725, Change: 1.1356), TF Ratio: 0.760
[2026-06-15 14:04:22,504][root][INFO] - Epoch [4/5], Batch [300/300], Loss: 1.0221 (Overall: 0.8708, Change: 1.1466), TF Ratio: 0.760
[2026-06-15 14:04:35,213][root][INFO] - Epoch 4 done. Validating...
[2026-06-15 14:05:10,878][root][INFO] - Epoch [4/5] | Train: 1.0273 | Val: 0.7001
[2026-06-15 14:05:11,056][root][INFO] - Checkpoint saved: /gpfs/scratch/bsc32/bsc096444/ai4land-tfm/trained_models/unet_impl/41825118/best_model.pth
[2026-06-15 14:05:11,244][root][INFO] - Checkpoint saved: /gpfs/scratch/bsc32/bsc096444/ai4land-tfm/trained_models/unet_impl/41825118/model_epoch_4.pth
[2026-06-15 14:05:35,467][root][INFO] - Epoch [5/5], Batch [1/300], Loss: 1.1986 (Overall: 0.7639, Change: 1.6332), TF Ratio: 0.760
[2026-06-15 14:05:35,621][root][INFO] - Epoch [5/5], Batch [2/300], Loss: 1.0313 (Overall: 0.6146, Change: 1.1133), TF Ratio: 0.760
[2026-06-15 14:05:35,775][root][INFO] - Epoch [5/5], Batch [3/300], Loss: 1.0037 (Overall: 0.4567, Change: 1.4405), TF Ratio: 0.759
[2026-06-15 14:05:39,736][root][INFO] - Epoch [5/5], Batch [4/300], Loss: 1.0087 (Overall: 0.6903, Change: 1.3572), TF Ratio: 0.759
[2026-06-15 14:05:39,891][root][INFO] - Epoch [5/5], Batch [5/300], Loss: 1.0051 (Overall: 0.4798, Change: 1.5014), TF Ratio: 0.759
[2026-06-15 14:05:40,044][root][INFO] - Epoch [5/5], Batch [6/300], Loss: 1.0336 (Overall: 0.8715, Change: 1.4808), TF Ratio: 0.759
[2026-06-15 14:05:40,197][root][INFO] - Epoch [5/5], Batch [7/300], Loss: 1.0299 (Overall: 0.6869, Change: 1.3281), TF Ratio: 0.759
[2026-06-15 14:05:44,347][root][INFO] - Epoch [5/5], Batch [8/300], Loss: 1.0450 (Overall: 0.6160, Change: 1.6861), TF Ratio: 0.758
[2026-06-15 14:05:44,503][root][INFO] - Epoch [5/5], Batch [9/300], Loss: 1.0463 (Overall: 0.7583, Change: 1.3543), TF Ratio: 0.758
[2026-06-15 14:05:44,655][root][INFO] - Epoch [5/5], Batch [10/300], Loss: 1.0400 (Overall: 0.6341, Change: 1.3330), TF Ratio: 0.758
[2026-06-15 14:05:44,808][root][INFO] - Epoch [5/5], Batch [11/300], Loss: 1.0341 (Overall: 0.7658, Change: 1.1847), TF Ratio: 0.758
[2026-06-15 14:05:58,321][root][INFO] - Epoch [5/5], Batch [12/300], Loss: 1.0176 (Overall: 0.6848, Change: 0.9866), TF Ratio: 0.758
[2026-06-15 14:05:58,476][root][INFO] - Epoch [5/5], Batch [13/300], Loss: 1.0254 (Overall: 0.5641, Change: 1.6738), TF Ratio: 0.757
[2026-06-15 14:05:58,628][root][INFO] - Epoch [5/5], Batch [14/300], Loss: 1.0301 (Overall: 0.7328, Change: 1.4515), TF Ratio: 0.757
[2026-06-15 14:05:58,780][root][INFO] - Epoch [5/5], Batch [15/300], Loss: 1.0229 (Overall: 0.5314, Change: 1.3114), TF Ratio: 0.757
[2026-06-15 14:05:58,963][root][INFO] - Epoch [5/5], Batch [16/300], Loss: 1.0069 (Overall: 0.6884, Change: 0.8443), TF Ratio: 0.757
[2026-06-15 14:05:59,117][root][INFO] - Epoch [5/5], Batch [17/300], Loss: 1.0174 (Overall: 1.1912, Change: 1.1816), TF Ratio: 0.757
[2026-06-15 14:05:59,269][root][INFO] - Epoch [5/5], Batch [18/300], Loss: 1.0166 (Overall: 0.7833, Change: 1.2226), TF Ratio: 0.756
[2026-06-15 14:05:59,425][root][INFO] - Epoch [5/5], Batch [19/300], Loss: 1.0226 (Overall: 0.8375, Change: 1.4226), TF Ratio: 0.756
[2026-06-15 14:06:00,475][root][INFO] - Epoch [5/5], Batch [20/300], Loss: 1.0076 (Overall: 0.5116, Change: 0.9322), TF Ratio: 0.756
[2026-06-15 14:06:00,628][root][INFO] - Epoch [5/5], Batch [21/300], Loss: 1.0106 (Overall: 0.7607, Change: 1.3807), TF Ratio: 0.756
[2026-06-15 14:06:00,781][root][INFO] - Epoch [5/5], Batch [22/300], Loss: 1.0019 (Overall: 0.7315, Change: 0.9094), TF Ratio: 0.756
[2026-06-15 14:06:00,934][root][INFO] - Epoch [5/5], Batch [23/300], Loss: 1.0073 (Overall: 0.6974, Change: 1.5545), TF Ratio: 0.755
[2026-06-15 14:06:16,590][root][INFO] - Epoch [5/5], Batch [24/300], Loss: 1.0099 (Overall: 0.9101, Change: 1.2289), TF Ratio: 0.755
[2026-06-15 14:06:16,746][root][INFO] - Epoch [5/5], Batch [25/300], Loss: 1.0068 (Overall: 0.5481, Change: 1.3164), TF Ratio: 0.755
[2026-06-15 14:06:16,899][root][INFO] - Epoch [5/5], Batch [26/300], Loss: 1.0185 (Overall: 0.5900, Change: 2.0332), TF Ratio: 0.755
[2026-06-15 14:06:17,052][root][INFO] - Epoch [5/5], Batch [27/300], Loss: 1.0250 (Overall: 0.7086, Change: 1.6805), TF Ratio: 0.755
[2026-06-15 14:06:17,217][root][INFO] - Epoch [5/5], Batch [28/300], Loss: 1.0272 (Overall: 0.7112, Change: 1.4594), TF Ratio: 0.754
[2026-06-15 14:06:17,372][root][INFO] - Epoch [5/5], Batch [29/300], Loss: 1.0232 (Overall: 0.9453, Change: 0.8802), TF Ratio: 0.754
[2026-06-15 14:06:17,525][root][INFO] - Epoch [5/5], Batch [30/300], Loss: 1.0226 (Overall: 0.5212, Change: 1.4863), TF Ratio: 0.754
[2026-06-15 14:06:17,678][root][INFO] - Epoch [5/5], Batch [31/300], Loss: 1.0160 (Overall: 0.7641, Change: 0.8745), TF Ratio: 0.754
[2026-06-15 14:06:17,846][root][INFO] - Epoch [5/5], Batch [32/300], Loss: 1.0242 (Overall: 1.1201, Change: 1.4346), TF Ratio: 0.754
[2026-06-15 14:06:18,000][root][INFO] - Epoch [5/5], Batch [33/300], Loss: 1.0219 (Overall: 0.5954, Change: 1.3028), TF Ratio: 0.753
[2026-06-15 14:06:18,153][root][INFO] - Epoch [5/5], Batch [34/300], Loss: 1.0142 (Overall: 0.5878, Change: 0.9335), TF Ratio: 0.753
[2026-06-15 14:06:18,312][root][INFO] - Epoch [5/5], Batch [35/300], Loss: 1.0066 (Overall: 0.6386, Change: 0.8527), TF Ratio: 0.753
[2026-06-15 14:06:33,724][root][INFO] - Epoch [5/5], Batch [36/300], Loss: 1.0090 (Overall: 0.8256, Change: 1.3594), TF Ratio: 0.753
[2026-06-15 14:06:33,879][root][INFO] - Epoch [5/5], Batch [37/300], Loss: 1.0085 (Overall: 0.5231, Change: 1.4635), TF Ratio: 0.753
[2026-06-15 14:06:34,033][root][INFO] - Epoch [5/5], Batch [38/300], Loss: 1.0089 (Overall: 0.6545, Change: 1.3923), TF Ratio: 0.752
[2026-06-15 14:06:34,194][root][INFO] - Epoch [5/5], Batch [39/300], Loss: 1.0102 (Overall: 0.8759, Change: 1.2379), TF Ratio: 0.752
[2026-06-15 14:06:34,358][root][INFO] - Epoch [5/5], Batch [40/300], Loss: 1.0132 (Overall: 0.6098, Change: 1.6579), TF Ratio: 0.752
[2026-06-15 14:06:34,512][root][INFO] - Epoch [5/5], Batch [41/300], Loss: 1.0104 (Overall: 0.4701, Change: 1.3242), TF Ratio: 0.752
[2026-06-15 14:06:34,666][root][INFO] - Epoch [5/5], Batch [42/300], Loss: 1.0142 (Overall: 0.9761, Change: 1.3587), TF Ratio: 0.752
[2026-06-15 14:06:34,818][root][INFO] - Epoch [5/5], Batch [43/300], Loss: 1.0128 (Overall: 0.7037, Change: 1.2106), TF Ratio: 0.751
[2026-06-15 14:06:39,792][root][INFO] - Epoch [5/5], Batch [44/300], Loss: 1.0127 (Overall: 0.4650, Change: 1.5516), TF Ratio: 0.751
[2026-06-15 14:06:39,949][root][INFO] - Epoch [5/5], Batch [45/300], Loss: 1.0102 (Overall: 0.6768, Change: 1.1199), TF Ratio: 0.751
[2026-06-15 14:06:40,102][root][INFO] - Epoch [5/5], Batch [46/300], Loss: 1.0080 (Overall: 0.6236, Change: 1.1981), TF Ratio: 0.751
[2026-06-15 14:06:40,255][root][INFO] - Epoch [5/5], Batch [47/300], Loss: 1.0106 (Overall: 0.8026, Change: 1.4522), TF Ratio: 0.751
[2026-06-15 14:06:48,499][root][INFO] - Epoch [5/5], Batch [48/300], Loss: 1.0142 (Overall: 0.9994, Change: 1.3752), TF Ratio: 0.750
[2026-06-15 14:06:48,653][root][INFO] - Epoch [5/5], Batch [49/300], Loss: 1.0187 (Overall: 0.7914, Change: 1.6744), TF Ratio: 0.750
[2026-06-15 14:06:48,807][root][INFO] - Epoch [5/5], Batch [50/300], Loss: 1.0205 (Overall: 0.5220, Change: 1.6930), TF Ratio: 0.750
[2026-06-15 14:06:48,959][root][INFO] - Epoch [5/5], Batch [51/300], Loss: 1.0206 (Overall: 0.8309, Change: 1.2254), TF Ratio: 0.750
[2026-06-15 14:06:55,035][root][INFO] - Epoch [5/5], Batch [52/300], Loss: 1.0178 (Overall: 0.7163, Change: 1.0335), TF Ratio: 0.750
[2026-06-15 14:06:55,190][root][INFO] - Epoch [5/5], Batch [53/300], Loss: 1.0120 (Overall: 0.6699, Change: 0.7450), TF Ratio: 0.749
[2026-06-15 14:06:55,344][root][INFO] - Epoch [5/5], Batch [54/300], Loss: 1.0055 (Overall: 0.5875, Change: 0.7319), TF Ratio: 0.749
[2026-06-15 14:06:55,498][root][INFO] - Epoch [5/5], Batch [55/300], Loss: 1.0032 (Overall: 0.7238, Change: 1.0417), TF Ratio: 0.749
[2026-06-15 14:06:56,426][root][INFO] - Epoch [5/5], Batch [56/300], Loss: 1.0081 (Overall: 0.9436, Change: 1.6112), TF Ratio: 0.749
[2026-06-15 14:06:56,580][root][INFO] - Epoch [5/5], Batch [57/300], Loss: 1.0059 (Overall: 0.7323, Change: 1.0257), TF Ratio: 0.749
[2026-06-15 14:06:56,733][root][INFO] - Epoch [5/5], Batch [58/300], Loss: 1.0029 (Overall: 0.7774, Change: 0.8889), TF Ratio: 0.748
[2026-06-15 14:06:56,886][root][INFO] - Epoch [5/5], Batch [59/300], Loss: 1.0038 (Overall: 0.6260, Change: 1.4831), TF Ratio: 0.748
[2026-06-15 14:07:06,508][root][INFO] - Epoch [5/5], Batch [60/300], Loss: 1.0033 (Overall: 0.6872, Change: 1.2642), TF Ratio: 0.748
[2026-06-15 14:07:06,664][root][INFO] - Epoch [5/5], Batch [61/300], Loss: 1.0070 (Overall: 0.6028, Change: 1.8629), TF Ratio: 0.748
[2026-06-15 14:07:06,818][root][INFO] - Epoch [5/5], Batch [62/300], Loss: 1.0068 (Overall: 0.5835, Change: 1.4003), TF Ratio: 0.748
[2026-06-15 14:07:06,971][root][INFO] - Epoch [5/5], Batch [63/300], Loss: 1.0074 (Overall: 0.9382, Change: 1.1518), TF Ratio: 0.747
[2026-06-15 14:07:07,969][root][INFO] - Epoch [5/5], Batch [64/300], Loss: 1.0038 (Overall: 0.7298, Change: 0.8205), TF Ratio: 0.747
[2026-06-15 14:07:08,125][root][INFO] - Epoch [5/5], Batch [65/300], Loss: 1.0050 (Overall: 0.6125, Change: 1.5560), TF Ratio: 0.747
[2026-06-15 14:07:08,279][root][INFO] - Epoch [5/5], Batch [66/300], Loss: 1.0069 (Overall: 0.8796, Change: 1.3726), TF Ratio: 0.747
[2026-06-15 14:07:08,432][root][INFO] - Epoch [5/5], Batch [67/300], Loss: 1.0091 (Overall: 0.8307, Change: 1.4829), TF Ratio: 0.747
[2026-06-15 14:07:09,858][root][INFO] - Epoch [5/5], Batch [68/300], Loss: 1.0081 (Overall: 0.9193, Change: 0.9682), TF Ratio: 0.746
[2026-06-15 14:07:10,013][root][INFO] - Epoch [5/5], Batch [69/300], Loss: 1.0074 (Overall: 0.6162, Change: 1.2932), TF Ratio: 0.746
[2026-06-15 14:07:10,165][root][INFO] - Epoch [5/5], Batch [70/300], Loss: 1.0099 (Overall: 0.7955, Change: 1.5708), TF Ratio: 0.746
[2026-06-15 14:07:10,326][root][INFO] - Epoch [5/5], Batch [71/300], Loss: 1.0086 (Overall: 0.6665, Change: 1.1773), TF Ratio: 0.746
[2026-06-15 14:07:18,212][root][INFO] - Epoch [5/5], Batch [72/300], Loss: 1.0027 (Overall: 0.4873, Change: 0.6745), TF Ratio: 0.746
[2026-06-15 14:07:18,369][root][INFO] - Epoch [5/5], Batch [73/300], Loss: 1.0041 (Overall: 0.6979, Change: 1.5069), TF Ratio: 0.745
[2026-06-15 14:07:18,522][root][INFO] - Epoch [5/5], Batch [74/300], Loss: 1.0020 (Overall: 0.8490, Change: 0.8573), TF Ratio: 0.745
[2026-06-15 14:07:18,675][root][INFO] - Epoch [5/5], Batch [75/300], Loss: 1.0032 (Overall: 0.6800, Change: 1.4967), TF Ratio: 0.745
[2026-06-15 14:07:20,526][root][INFO] - Epoch [5/5], Batch [76/300], Loss: 1.0044 (Overall: 0.9741, Change: 1.2189), TF Ratio: 0.745
[2026-06-15 14:07:20,679][root][INFO] - Epoch [5/5], Batch [77/300], Loss: 1.0032 (Overall: 0.7610, Change: 1.0618), TF Ratio: 0.745
[2026-06-15 14:07:20,831][root][INFO] - Epoch [5/5], Batch [78/300], Loss: 1.0062 (Overall: 0.7599, Change: 1.7108), TF Ratio: 0.744
[2026-06-15 14:07:20,984][root][INFO] - Epoch [5/5], Batch [79/300], Loss: 1.0067 (Overall: 0.6261, Change: 1.4723), TF Ratio: 0.744
[2026-06-15 14:07:24,642][root][INFO] - Epoch [5/5], Batch [80/300], Loss: 1.0105 (Overall: 0.8859, Change: 1.7325), TF Ratio: 0.744
[2026-06-15 14:07:24,797][root][INFO] - Epoch [5/5], Batch [81/300], Loss: 1.0076 (Overall: 0.4819, Change: 1.0786), TF Ratio: 0.744
[2026-06-15 14:07:24,949][root][INFO] - Epoch [5/5], Batch [82/300], Loss: 1.0081 (Overall: 0.9310, Change: 1.1550), TF Ratio: 0.744
[2026-06-15 14:07:25,102][root][INFO] - Epoch [5/5], Batch [83/300], Loss: 1.0129 (Overall: 0.7348, Change: 2.0868), TF Ratio: 0.743
[2026-06-15 14:07:39,815][root][INFO] - Epoch [5/5], Batch [84/300], Loss: 1.0110 (Overall: 0.7543, Change: 0.9524), TF Ratio: 0.743
[2026-06-15 14:07:39,972][root][INFO] - Epoch [5/5], Batch [85/300], Loss: 1.0123 (Overall: 0.6620, Change: 1.5706), TF Ratio: 0.743
[2026-06-15 14:07:40,125][root][INFO] - Epoch [5/5], Batch [86/300], Loss: 1.0129 (Overall: 0.6756, Change: 1.4507), TF Ratio: 0.743
[2026-06-15 14:07:40,279][root][INFO] - Epoch [5/5], Batch [87/300], Loss: 1.0134 (Overall: 0.6232, Change: 1.4951), TF Ratio: 0.743
[2026-06-15 14:07:40,450][root][INFO] - Epoch [5/5], Batch [88/300], Loss: 1.0106 (Overall: 0.6143, Change: 0.9287), TF Ratio: 0.742
[2026-06-15 14:07:40,604][root][INFO] - Epoch [5/5], Batch [89/300], Loss: 1.0097 (Overall: 0.4847, Change: 1.3669), TF Ratio: 0.742
[2026-06-15 14:07:40,757][root][INFO] - Epoch [5/5], Batch [90/300], Loss: 1.0113 (Overall: 1.0165, Change: 1.2847), TF Ratio: 0.742
[2026-06-15 14:07:40,911][root][INFO] - Epoch [5/5], Batch [91/300], Loss: 1.0112 (Overall: 0.7409, Change: 1.2648), TF Ratio: 0.742
[2026-06-15 14:07:41,824][root][INFO] - Epoch [5/5], Batch [92/300], Loss: 1.0148 (Overall: 0.4661, Change: 2.2297), TF Ratio: 0.742
[2026-06-15 14:07:41,994][root][INFO] - Epoch [5/5], Batch [93/300], Loss: 1.0163 (Overall: 0.7341, Change: 1.5613), TF Ratio: 0.741
[2026-06-15 14:07:42,148][root][INFO] - Epoch [5/5], Batch [94/300], Loss: 1.0169 (Overall: 0.6872, Change: 1.4721), TF Ratio: 0.741
[2026-06-15 14:07:42,302][root][INFO] - Epoch [5/5], Batch [95/300], Loss: 1.0128 (Overall: 0.5078, Change: 0.7415), TF Ratio: 0.741
[2026-06-15 14:07:54,229][root][INFO] - Epoch [5/5], Batch [96/300], Loss: 1.0143 (Overall: 0.7724, Change: 1.5375), TF Ratio: 0.741
[2026-06-15 14:07:54,384][root][INFO] - Epoch [5/5], Batch [97/300], Loss: 1.0133 (Overall: 0.7753, Change: 1.0630), TF Ratio: 0.741
[2026-06-15 14:07:54,537][root][INFO] - Epoch [5/5], Batch [98/300], Loss: 1.0130 (Overall: 0.8076, Change: 1.1589), TF Ratio: 0.740
[2026-06-15 14:07:54,690][root][INFO] - Epoch [5/5], Batch [99/300], Loss: 1.0143 (Overall: 0.9076, Change: 1.3754), TF Ratio: 0.740
[2026-06-15 14:07:54,853][root][INFO] - Epoch [5/5], Batch [100/300], Loss: 1.0141 (Overall: 0.6032, Change: 1.3842), TF Ratio: 0.740
[2026-06-15 14:07:55,006][root][INFO] - Epoch [5/5], Batch [101/300], Loss: 1.0158 (Overall: 0.6836, Change: 1.6878), TF Ratio: 0.740
[2026-06-15 14:07:55,160][root][INFO] - Epoch [5/5], Batch [102/300], Loss: 1.0146 (Overall: 0.5851, Change: 1.2132), TF Ratio: 0.740
[2026-06-15 14:07:55,314][root][INFO] - Epoch [5/5], Batch [103/300], Loss: 1.0097 (Overall: 0.5070, Change: 0.5148), TF Ratio: 0.739
[2026-06-15 14:08:00,031][root][INFO] - Epoch [5/5], Batch [104/300], Loss: 1.0098 (Overall: 0.6125, Change: 1.4197), TF Ratio: 0.739
[2026-06-15 14:08:00,186][root][INFO] - Epoch [5/5], Batch [105/300], Loss: 1.0075 (Overall: 0.5295, Change: 1.0157), TF Ratio: 0.739
[2026-06-15 14:08:00,338][root][INFO] - Epoch [5/5], Batch [106/300], Loss: 1.0071 (Overall: 1.0344, Change: 0.8865), TF Ratio: 0.739
[2026-06-15 14:08:00,490][root][INFO] - Epoch [5/5], Batch [107/300], Loss: 1.0073 (Overall: 0.6497, Change: 1.4002), TF Ratio: 0.739
[2026-06-15 14:08:08,079][root][INFO] - Epoch [5/5], Batch [108/300], Loss: 1.0080 (Overall: 0.5377, Change: 1.6269), TF Ratio: 0.738
[2026-06-15 14:08:08,234][root][INFO] - Epoch [5/5], Batch [109/300], Loss: 1.0075 (Overall: 0.5885, Change: 1.3183), TF Ratio: 0.738
[2026-06-15 14:08:08,387][root][INFO] - Epoch [5/5], Batch [110/300], Loss: 1.0051 (Overall: 0.7077, Change: 0.7807), TF Ratio: 0.738
[2026-06-15 14:08:08,539][root][INFO] - Epoch [5/5], Batch [111/300], Loss: 1.0071 (Overall: 1.0875, Change: 1.3711), TF Ratio: 0.738
[2026-06-15 14:08:08,711][root][INFO] - Epoch [5/5], Batch [112/300], Loss: 1.0093 (Overall: 0.9130, Change: 1.5862), TF Ratio: 0.738
[2026-06-15 14:08:08,867][root][INFO] - Epoch [5/5], Batch [113/300], Loss: 1.0076 (Overall: 0.5464, Change: 1.1077), TF Ratio: 0.737
[2026-06-15 14:08:09,020][root][INFO] - Epoch [5/5], Batch [114/300], Loss: 1.0072 (Overall: 0.6222, Change: 1.2913), TF Ratio: 0.737
[2026-06-15 14:08:09,173][root][INFO] - Epoch [5/5], Batch [115/300], Loss: 1.0075 (Overall: 0.9295, Change: 1.1492), TF Ratio: 0.737
[2026-06-15 14:08:18,043][root][INFO] - Epoch [5/5], Batch [116/300], Loss: 1.0061 (Overall: 0.5597, Change: 1.1320), TF Ratio: 0.737
[2026-06-15 14:08:18,199][root][INFO] - Epoch [5/5], Batch [117/300], Loss: 1.0052 (Overall: 0.4798, Change: 1.3173), TF Ratio: 0.737
[2026-06-15 14:08:18,352][root][INFO] - Epoch [5/5], Batch [118/300], Loss: 1.0036 (Overall: 0.5494, Change: 1.0840), TF Ratio: 0.736
[2026-06-15 14:08:18,505][root][INFO] - Epoch [5/5], Batch [119/300], Loss: 1.0035 (Overall: 0.6424, Change: 1.3425), TF Ratio: 0.736
[2026-06-15 14:08:21,458][root][INFO] - Epoch [5/5], Batch [120/300], Loss: 1.0031 (Overall: 0.8458, Change: 1.0754), TF Ratio: 0.736
[2026-06-15 14:08:21,612][root][INFO] - Epoch [5/5], Batch [121/300], Loss: 1.0038 (Overall: 0.8294, Change: 1.3499), TF Ratio: 0.736
[2026-06-15 14:08:21,765][root][INFO] - Epoch [5/5], Batch [122/300], Loss: 1.0051 (Overall: 0.6220, Change: 1.6905), TF Ratio: 0.736
[2026-06-15 14:08:21,918][root][INFO] - Epoch [5/5], Batch [123/300], Loss: 1.0043 (Overall: 0.5574, Change: 1.2509), TF Ratio: 0.735
[2026-06-15 14:08:23,828][root][INFO] - Epoch [5/5], Batch [124/300], Loss: 1.0046 (Overall: 0.7006, Change: 1.3964), TF Ratio: 0.735
[2026-06-15 14:08:23,982][root][INFO] - Epoch [5/5], Batch [125/300], Loss: 1.0053 (Overall: 0.5672, Change: 1.6057), TF Ratio: 0.735
[2026-06-15 14:08:24,134][root][INFO] - Epoch [5/5], Batch [126/300], Loss: 1.0055 (Overall: 0.6196, Change: 1.4600), TF Ratio: 0.735
[2026-06-15 14:08:24,288][root][INFO] - Epoch [5/5], Batch [127/300], Loss: 1.0051 (Overall: 0.4744, Change: 1.4210), TF Ratio: 0.735
[2026-06-15 14:08:36,694][root][INFO] - Epoch [5/5], Batch [128/300], Loss: 1.0061 (Overall: 0.9499, Change: 1.3198), TF Ratio: 0.734
[2026-06-15 14:08:36,850][root][INFO] - Epoch [5/5], Batch [129/300], Loss: 1.0078 (Overall: 0.9924, Change: 1.4578), TF Ratio: 0.734
[2026-06-15 14:08:37,003][root][INFO] - Epoch [5/5], Batch [130/300], Loss: 1.0082 (Overall: 0.5188, Change: 1.5899), TF Ratio: 0.734
[2026-06-15 14:08:37,156][root][INFO] - Epoch [5/5], Batch [131/300], Loss: 1.0082 (Overall: 0.6180, Change: 1.4010), TF Ratio: 0.734
[2026-06-15 14:08:37,329][root][INFO] - Epoch [5/5], Batch [132/300], Loss: 1.0075 (Overall: 0.6523, Change: 1.1951), TF Ratio: 0.734
[2026-06-15 14:08:37,484][root][INFO] - Epoch [5/5], Batch [133/300], Loss: 1.0067 (Overall: 0.4553, Change: 1.3282), TF Ratio: 0.733
[2026-06-15 14:08:37,638][root][INFO] - Epoch [5/5], Batch [134/300], Loss: 1.0053 (Overall: 0.6576, Change: 0.9825), TF Ratio: 0.733
[2026-06-15 14:08:37,791][root][INFO] - Epoch [5/5], Batch [135/300], Loss: 1.0055 (Overall: 0.8242, Change: 1.2461), TF Ratio: 0.733
[2026-06-15 14:08:38,464][root][INFO] - Epoch [5/5], Batch [136/300], Loss: 1.0022 (Overall: 0.4354, Change: 0.6855), TF Ratio: 0.733
[2026-06-15 14:08:38,617][root][INFO] - Epoch [5/5], Batch [137/300], Loss: 1.0029 (Overall: 0.8570, Change: 1.3454), TF Ratio: 0.733
[2026-06-15 14:08:38,770][root][INFO] - Epoch [5/5], Batch [138/300], Loss: 1.0024 (Overall: 0.5977, Change: 1.2474), TF Ratio: 0.732
[2026-06-15 14:08:38,923][root][INFO] - Epoch [5/5], Batch [139/300], Loss: 1.0022 (Overall: 0.6112, Change: 1.3574), TF Ratio: 0.732
[2026-06-15 14:08:53,100][root][INFO] - Epoch [5/5], Batch [140/300], Loss: 1.0016 (Overall: 0.6438, Change: 1.1843), TF Ratio: 0.732
[2026-06-15 14:08:53,256][root][INFO] - Epoch [5/5], Batch [141/300], Loss: 1.0016 (Overall: 0.6034, Change: 1.3882), TF Ratio: 0.732
[2026-06-15 14:08:53,409][root][INFO] - Epoch [5/5], Batch [142/300], Loss: 1.0025 (Overall: 0.9798, Change: 1.3015), TF Ratio: 0.732
[2026-06-15 14:08:53,564][root][INFO] - Epoch [5/5], Batch [143/300], Loss: 1.0033 (Overall: 0.7196, Change: 1.5131), TF Ratio: 0.731
[2026-06-15 14:08:53,990][root][INFO] - Epoch [5/5], Batch [144/300], Loss: 1.0029 (Overall: 0.6447, Change: 1.2411), TF Ratio: 0.731
[2026-06-15 14:08:54,144][root][INFO] - Epoch [5/5], Batch [145/300], Loss: 1.0033 (Overall: 0.8017, Change: 1.3176), TF Ratio: 0.731
[2026-06-15 14:08:54,298][root][INFO] - Epoch [5/5], Batch [146/300], Loss: 1.0023 (Overall: 0.7942, Change: 0.9266), TF Ratio: 0.731
[2026-06-15 14:08:54,450][root][INFO] - Epoch [5/5], Batch [147/300], Loss: 1.0025 (Overall: 1.0760, Change: 0.9772), TF Ratio: 0.731
[2026-06-15 14:08:54,625][root][INFO] - Epoch [5/5], Batch [148/300], Loss: 1.0027 (Overall: 0.5914, Change: 1.4725), TF Ratio: 0.730
[2026-06-15 14:08:54,780][root][INFO] - Epoch [5/5], Batch [149/300], Loss: 1.0033 (Overall: 0.6492, Change: 1.5524), TF Ratio: 0.730
[2026-06-15 14:08:54,934][root][INFO] - Epoch [5/5], Batch [150/300], Loss: 1.0026 (Overall: 0.5421, Change: 1.2424), TF Ratio: 0.730
[2026-06-15 14:08:55,088][root][INFO] - Epoch [5/5], Batch [151/300], Loss: 1.0009 (Overall: 0.4893, Change: 1.0011), TF Ratio: 0.730
[2026-06-15 14:09:14,843][root][INFO] - Epoch [5/5], Batch [152/300], Loss: 1.0014 (Overall: 0.6927, Change: 1.4712), TF Ratio: 0.730
[2026-06-15 14:09:14,999][root][INFO] - Epoch [5/5], Batch [153/300], Loss: 1.0015 (Overall: 0.6642, Change: 1.3669), TF Ratio: 0.729
[2026-06-15 14:09:15,151][root][INFO] - Epoch [5/5], Batch [154/300], Loss: 1.0022 (Overall: 0.8259, Change: 1.3795), TF Ratio: 0.729
[2026-06-15 14:09:15,303][root][INFO] - Epoch [5/5], Batch [155/300], Loss: 1.0018 (Overall: 0.8866, Change: 0.9992), TF Ratio: 0.729
[2026-06-15 14:09:15,477][root][INFO] - Epoch [5/5], Batch [156/300], Loss: 1.0012 (Overall: 0.8361, Change: 0.9806), TF Ratio: 0.729
[2026-06-15 14:09:15,629][root][INFO] - Epoch [5/5], Batch [157/300], Loss: 1.0008 (Overall: 0.6075, Change: 1.2735), TF Ratio: 0.729
[2026-06-15 14:09:15,782][root][INFO] - Epoch [5/5], Batch [158/300], Loss: 1.0015 (Overall: 0.5147, Change: 1.6907), TF Ratio: 0.728
[2026-06-15 14:09:15,934][root][INFO] - Epoch [5/5], Batch [159/300], Loss: 1.0009 (Overall: 0.5579, Change: 1.2572), TF Ratio: 0.728
[2026-06-15 14:09:16,101][root][INFO] - Epoch [5/5], Batch [160/300], Loss: 1.0003 (Overall: 0.6144, Change: 1.1943), TF Ratio: 0.728
[2026-06-15 14:09:16,255][root][INFO] - Epoch [5/5], Batch [161/300], Loss: 1.0003 (Overall: 0.3726, Change: 1.6463), TF Ratio: 0.728
[2026-06-15 14:09:16,408][root][INFO] - Epoch [5/5], Batch [162/300], Loss: 1.0005 (Overall: 0.8102, Change: 1.2378), TF Ratio: 0.728
[2026-06-15 14:09:16,561][root][INFO] - Epoch [5/5], Batch [163/300], Loss: 1.0000 (Overall: 0.6837, Change: 1.1670), TF Ratio: 0.727
[2026-06-15 14:09:35,240][root][INFO] - Epoch [5/5], Batch [164/300], Loss: 1.0002 (Overall: 0.7403, Change: 1.3320), TF Ratio: 0.727
[2026-06-15 14:09:35,395][root][INFO] - Epoch [5/5], Batch [165/300], Loss: 1.0007 (Overall: 0.6799, Change: 1.4852), TF Ratio: 0.727
[2026-06-15 14:09:35,547][root][INFO] - Epoch [5/5], Batch [166/300], Loss: 1.0002 (Overall: 0.7864, Change: 1.0512), TF Ratio: 0.727
[2026-06-15 14:09:35,699][root][INFO] - Epoch [5/5], Batch [167/300], Loss: 0.9989 (Overall: 0.6278, Change: 0.9255), TF Ratio: 0.727
[2026-06-15 14:09:35,869][root][INFO] - Epoch [5/5], Batch [168/300], Loss: 0.9983 (Overall: 0.7269, Change: 1.0609), TF Ratio: 0.726
[2026-06-15 14:09:36,022][root][INFO] - Epoch [5/5], Batch [169/300], Loss: 0.9974 (Overall: 0.7208, Change: 0.9946), TF Ratio: 0.726
[2026-06-15 14:09:36,175][root][INFO] - Epoch [5/5], Batch [170/300], Loss: 0.9980 (Overall: 0.8476, Change: 1.3477), TF Ratio: 0.726
[2026-06-15 14:09:36,326][root][INFO] - Epoch [5/5], Batch [171/300], Loss: 0.9980 (Overall: 0.6524, Change: 1.3504), TF Ratio: 0.726
[2026-06-15 14:09:36,491][root][INFO] - Epoch [5/5], Batch [172/300], Loss: 0.9978 (Overall: 0.6504, Change: 1.2714), TF Ratio: 0.726
[2026-06-15 14:09:36,643][root][INFO] - Epoch [5/5], Batch [173/300], Loss: 0.9978 (Overall: 0.7744, Change: 1.2033), TF Ratio: 0.725
[2026-06-15 14:09:36,795][root][INFO] - Epoch [5/5], Batch [174/300], Loss: 0.9969 (Overall: 0.5049, Change: 1.2000), TF Ratio: 0.725
[2026-06-15 14:09:36,948][root][INFO] - Epoch [5/5], Batch [175/300], Loss: 0.9954 (Overall: 0.4620, Change: 1.0006), TF Ratio: 0.725
[2026-06-15 14:09:50,619][root][INFO] - Epoch [5/5], Batch [176/300], Loss: 0.9936 (Overall: 0.5864, Change: 0.7697), TF Ratio: 0.725
[2026-06-15 14:09:50,774][root][INFO] - Epoch [5/5], Batch [177/300], Loss: 0.9937 (Overall: 0.6179, Change: 1.3993), TF Ratio: 0.725
[2026-06-15 14:09:50,927][root][INFO] - Epoch [5/5], Batch [178/300], Loss: 0.9935 (Overall: 0.6983, Change: 1.2319), TF Ratio: 0.724
[2026-06-15 14:09:51,079][root][INFO] - Epoch [5/5], Batch [179/300], Loss: 0.9943 (Overall: 1.0344, Change: 1.2392), TF Ratio: 0.724
[2026-06-15 14:09:51,243][root][INFO] - Epoch [5/5], Batch [180/300], Loss: 0.9943 (Overall: 0.7041, Change: 1.2734), TF Ratio: 0.724
[2026-06-15 14:09:51,396][root][INFO] - Epoch [5/5], Batch [181/300], Loss: 0.9964 (Overall: 0.9855, Change: 1.7488), TF Ratio: 0.724
[2026-06-15 14:09:51,548][root][INFO] - Epoch [5/5], Batch [182/300], Loss: 0.9970 (Overall: 0.9766, Change: 1.2426), TF Ratio: 0.724
[2026-06-15 14:09:51,701][root][INFO] - Epoch [5/5], Batch [183/300], Loss: 0.9968 (Overall: 0.5536, Change: 1.3845), TF Ratio: 0.723
[2026-06-15 14:09:51,867][root][INFO] - Epoch [5/5], Batch [184/300], Loss: 0.9955 (Overall: 0.6566, Change: 0.8401), TF Ratio: 0.723
[2026-06-15 14:09:52,020][root][INFO] - Epoch [5/5], Batch [185/300], Loss: 0.9954 (Overall: 0.7337, Change: 1.2151), TF Ratio: 0.723
[2026-06-15 14:09:52,172][root][INFO] - Epoch [5/5], Batch [186/300], Loss: 0.9969 (Overall: 0.7198, Change: 1.8413), TF Ratio: 0.723
[2026-06-15 14:09:52,324][root][INFO] - Epoch [5/5], Batch [187/300], Loss: 0.9956 (Overall: 0.4085, Change: 1.0792), TF Ratio: 0.723
[2026-06-15 14:10:05,556][root][INFO] - Epoch [5/5], Batch [188/300], Loss: 0.9956 (Overall: 0.9250, Change: 1.0677), TF Ratio: 0.722
[2026-06-15 14:10:05,712][root][INFO] - Epoch [5/5], Batch [189/300], Loss: 0.9959 (Overall: 0.8639, Change: 1.2622), TF Ratio: 0.722
[2026-06-15 14:10:05,866][root][INFO] - Epoch [5/5], Batch [190/300], Loss: 0.9968 (Overall: 0.7931, Change: 1.5433), TF Ratio: 0.722
[2026-06-15 14:10:06,018][root][INFO] - Epoch [5/5], Batch [191/300], Loss: 0.9960 (Overall: 0.6961, Change: 0.9646), TF Ratio: 0.722
[2026-06-15 14:10:06,184][root][INFO] - Epoch [5/5], Batch [192/300], Loss: 0.9973 (Overall: 1.0314, Change: 1.4907), TF Ratio: 0.722
[2026-06-15 14:10:06,338][root][INFO] - Epoch [5/5], Batch [193/300], Loss: 0.9982 (Overall: 0.8065, Change: 1.5300), TF Ratio: 0.721
[2026-06-15 14:10:06,491][root][INFO] - Epoch [5/5], Batch [194/300], Loss: 0.9979 (Overall: 0.4958, Change: 1.3641), TF Ratio: 0.721
[2026-06-15 14:10:06,644][root][INFO] - Epoch [5/5], Batch [195/300], Loss: 0.9963 (Overall: 0.6344, Change: 0.7656), TF Ratio: 0.721
[2026-06-15 14:10:06,815][root][INFO] - Epoch [5/5], Batch [196/300], Loss: 0.9966 (Overall: 0.7790, Change: 1.3277), TF Ratio: 0.721
[2026-06-15 14:10:06,969][root][INFO] - Epoch [5/5], Batch [197/300], Loss: 0.9969 (Overall: 0.9406, Change: 1.1440), TF Ratio: 0.721
[2026-06-15 14:10:07,128][root][INFO] - Epoch [5/5], Batch [198/300], Loss: 0.9970 (Overall: 0.6109, Change: 1.4332), TF Ratio: 0.720
[2026-06-15 14:10:07,282][root][INFO] - Epoch [5/5], Batch [199/300], Loss: 0.9965 (Overall: 0.5045, Change: 1.2754), TF Ratio: 0.720
[2026-06-15 14:10:28,494][root][INFO] - Epoch [5/5], Batch [200/300], Loss: 0.9965 (Overall: 0.6555, Change: 1.3718), TF Ratio: 0.720
[2026-06-15 14:10:28,649][root][INFO] - Epoch [5/5], Batch [201/300], Loss: 0.9966 (Overall: 0.5891, Change: 1.4176), TF Ratio: 0.720
[2026-06-15 14:10:28,802][root][INFO] - Epoch [5/5], Batch [202/300], Loss: 0.9975 (Overall: 0.8976, Change: 1.4498), TF Ratio: 0.720
[2026-06-15 14:10:28,954][root][INFO] - Epoch [5/5], Batch [203/300], Loss: 0.9968 (Overall: 0.4511, Change: 1.2657), TF Ratio: 0.719
[2026-06-15 14:10:29,124][root][INFO] - Epoch [5/5], Batch [204/300], Loss: 0.9971 (Overall: 0.7003, Change: 1.4414), TF Ratio: 0.719
[2026-06-15 14:10:29,276][root][INFO] - Epoch [5/5], Batch [205/300], Loss: 0.9983 (Overall: 1.0334, Change: 1.4222), TF Ratio: 0.719
[2026-06-15 14:10:29,429][root][INFO] - Epoch [5/5], Batch [206/300], Loss: 0.9992 (Overall: 0.6911, Change: 1.6949), TF Ratio: 0.719
[2026-06-15 14:10:29,581][root][INFO] - Epoch [5/5], Batch [207/300], Loss: 0.9978 (Overall: 0.5593, Change: 0.8516), TF Ratio: 0.719
[2026-06-15 14:10:29,744][root][INFO] - Epoch [5/5], Batch [208/300], Loss: 0.9986 (Overall: 1.0575, Change: 1.2808), TF Ratio: 0.718
[2026-06-15 14:10:29,898][root][INFO] - Epoch [5/5], Batch [209/300], Loss: 0.9991 (Overall: 0.8158, Change: 1.3975), TF Ratio: 0.718
[2026-06-15 14:10:30,051][root][INFO] - Epoch [5/5], Batch [210/300], Loss: 0.9977 (Overall: 0.5075, Change: 0.9040), TF Ratio: 0.718
[2026-06-15 14:10:30,204][root][INFO] - Epoch [5/5], Batch [211/300], Loss: 0.9978 (Overall: 0.6464, Change: 1.3679), TF Ratio: 0.718
[2026-06-15 14:10:43,980][root][INFO] - Epoch [5/5], Batch [212/300], Loss: 0.9973 (Overall: 0.6814, Change: 1.0984), TF Ratio: 0.718
[2026-06-15 14:10:44,137][root][INFO] - Epoch [5/5], Batch [213/300], Loss: 0.9976 (Overall: 0.8802, Change: 1.2758), TF Ratio: 0.717
[2026-06-15 14:10:44,289][root][INFO] - Epoch [5/5], Batch [214/300], Loss: 0.9968 (Overall: 0.5342, Change: 1.0800), TF Ratio: 0.717
[2026-06-15 14:10:44,441][root][INFO] - Epoch [5/5], Batch [215/300], Loss: 0.9976 (Overall: 1.0079, Change: 1.3366), TF Ratio: 0.717
[2026-06-15 14:10:50,426][root][INFO] - Epoch [5/5], Batch [216/300], Loss: 0.9976 (Overall: 0.4782, Change: 1.5218), TF Ratio: 0.717
[2026-06-15 14:10:50,580][root][INFO] - Epoch [5/5], Batch [217/300], Loss: 0.9970 (Overall: 0.6609, Change: 1.0627), TF Ratio: 0.717
[2026-06-15 14:10:50,732][root][INFO] - Epoch [5/5], Batch [218/300], Loss: 0.9960 (Overall: 0.5366, Change: 1.0571), TF Ratio: 0.716
[2026-06-15 14:10:50,884][root][INFO] - Epoch [5/5], Batch [219/300], Loss: 0.9960 (Overall: 0.7264, Change: 1.2510), TF Ratio: 0.716
[2026-06-15 14:10:51,050][root][INFO] - Epoch [5/5], Batch [220/300], Loss: 0.9958 (Overall: 0.5741, Change: 1.3124), TF Ratio: 0.716
[2026-06-15 14:10:51,202][root][INFO] - Epoch [5/5], Batch [221/300], Loss: 0.9964 (Overall: 0.8177, Change: 1.4353), TF Ratio: 0.716
[2026-06-15 14:10:51,354][root][INFO] - Epoch [5/5], Batch [222/300], Loss: 0.9963 (Overall: 0.5505, Change: 1.3990), TF Ratio: 0.716
[2026-06-15 14:10:51,507][root][INFO] - Epoch [5/5], Batch [223/300], Loss: 0.9960 (Overall: 0.6311, Change: 1.2527), TF Ratio: 0.715
[2026-06-15 14:11:12,447][root][INFO] - Epoch [5/5], Batch [224/300], Loss: 0.9965 (Overall: 0.7651, Change: 1.4299), TF Ratio: 0.715
[2026-06-15 14:11:12,603][root][INFO] - Epoch [5/5], Batch [225/300], Loss: 0.9975 (Overall: 0.9035, Change: 1.5703), TF Ratio: 0.715
[2026-06-15 14:11:12,756][root][INFO] - Epoch [5/5], Batch [226/300], Loss: 0.9975 (Overall: 0.6908, Change: 1.3066), TF Ratio: 0.715
[2026-06-15 14:11:12,908][root][INFO] - Epoch [5/5], Batch [227/300], Loss: 0.9964 (Overall: 0.5725, Change: 0.8872), TF Ratio: 0.715
[2026-06-15 14:11:17,416][root][INFO] - Epoch [5/5], Batch [228/300], Loss: 0.9959 (Overall: 0.6477, Change: 1.1431), TF Ratio: 0.714
[2026-06-15 14:11:17,571][root][INFO] - Epoch [5/5], Batch [229/300], Loss: 0.9949 (Overall: 0.6272, Change: 0.8832), TF Ratio: 0.714
[2026-06-15 14:11:17,724][root][INFO] - Epoch [5/5], Batch [230/300], Loss: 0.9941 (Overall: 0.4819, Change: 1.1427), TF Ratio: 0.714
[2026-06-15 14:11:17,876][root][INFO] - Epoch [5/5], Batch [231/300], Loss: 0.9938 (Overall: 0.6703, Change: 1.2121), TF Ratio: 0.714
[2026-06-15 14:11:18,040][root][INFO] - Epoch [5/5], Batch [232/300], Loss: 0.9943 (Overall: 0.6643, Change: 1.5302), TF Ratio: 0.714
[2026-06-15 14:11:18,193][root][INFO] - Epoch [5/5], Batch [233/300], Loss: 0.9942 (Overall: 0.6879, Change: 1.2551), TF Ratio: 0.713
[2026-06-15 14:11:18,345][root][INFO] - Epoch [5/5], Batch [234/300], Loss: 0.9941 (Overall: 0.6512, Change: 1.2904), TF Ratio: 0.713
[2026-06-15 14:11:18,498][root][INFO] - Epoch [5/5], Batch [235/300], Loss: 0.9949 (Overall: 0.6988, Change: 1.6470), TF Ratio: 0.713
[2026-06-15 14:11:39,390][root][INFO] - Epoch [5/5], Batch [236/300], Loss: 0.9957 (Overall: 0.7325, Change: 1.6383), TF Ratio: 0.713
[2026-06-15 14:11:39,549][root][INFO] - Epoch [5/5], Batch [237/300], Loss: 0.9960 (Overall: 0.8270, Change: 1.3370), TF Ratio: 0.713
[2026-06-15 14:11:39,702][root][INFO] - Epoch [5/5], Batch [238/300], Loss: 0.9967 (Overall: 0.9779, Change: 1.3547), TF Ratio: 0.712
[2026-06-15 14:11:39,863][root][INFO] - Epoch [5/5], Batch [239/300], Loss: 0.9966 (Overall: 0.6514, Change: 1.2692), TF Ratio: 0.712
[2026-06-15 14:11:40,027][root][INFO] - Epoch [5/5], Batch [240/300], Loss: 0.9959 (Overall: 0.5283, Change: 1.1352), TF Ratio: 0.712
[2026-06-15 14:11:40,180][root][INFO] - Epoch [5/5], Batch [241/300], Loss: 0.9960 (Overall: 0.6660, Change: 1.3760), TF Ratio: 0.712
[2026-06-15 14:11:40,334][root][INFO] - Epoch [5/5], Batch [242/300], Loss: 0.9955 (Overall: 0.4790, Change: 1.2899), TF Ratio: 0.712
[2026-06-15 14:11:40,491][root][INFO] - Epoch [5/5], Batch [243/300], Loss: 0.9954 (Overall: 0.4174, Change: 1.5142), TF Ratio: 0.711
[2026-06-15 14:11:40,656][root][INFO] - Epoch [5/5], Batch [244/300], Loss: 0.9952 (Overall: 0.6948, Change: 1.2074), TF Ratio: 0.711
[2026-06-15 14:11:40,810][root][INFO] - Epoch [5/5], Batch [245/300], Loss: 0.9944 (Overall: 0.6471, Change: 0.9173), TF Ratio: 0.711
[2026-06-15 14:11:40,963][root][INFO] - Epoch [5/5], Batch [246/300], Loss: 0.9949 (Overall: 0.6421, Change: 1.5885), TF Ratio: 0.711
[2026-06-15 14:11:41,117][root][INFO] - Epoch [5/5], Batch [247/300], Loss: 0.9948 (Overall: 0.6925, Change: 1.2811), TF Ratio: 0.711
[2026-06-15 14:11:53,533][root][INFO] - Epoch [5/5], Batch [248/300], Loss: 0.9938 (Overall: 0.5229, Change: 0.9509), TF Ratio: 0.710
[2026-06-15 14:11:53,699][root][INFO] - Epoch [5/5], Batch [249/300], Loss: 0.9943 (Overall: 0.8057, Change: 1.4209), TF Ratio: 0.710
[2026-06-15 14:11:53,851][root][INFO] - Epoch [5/5], Batch [250/300], Loss: 0.9932 (Overall: 0.5078, Change: 0.9651), TF Ratio: 0.710
[2026-06-15 14:11:54,004][root][INFO] - Epoch [5/5], Batch [251/300], Loss: 0.9931 (Overall: 0.4514, Change: 1.4434), TF Ratio: 0.710
[2026-06-15 14:11:54,179][root][INFO] - Epoch [5/5], Batch [252/300], Loss: 0.9934 (Overall: 0.6306, Change: 1.5075), TF Ratio: 0.710
[2026-06-15 14:11:54,332][root][INFO] - Epoch [5/5], Batch [253/300], Loss: 0.9943 (Overall: 0.9509, Change: 1.4967), TF Ratio: 0.709
[2026-06-15 14:11:54,486][root][INFO] - Epoch [5/5], Batch [254/300], Loss: 0.9947 (Overall: 0.8867, Change: 1.3419), TF Ratio: 0.709
[2026-06-15 14:11:54,640][root][INFO] - Epoch [5/5], Batch [255/300], Loss: 0.9951 (Overall: 0.9133, Change: 1.2704), TF Ratio: 0.709
[2026-06-15 14:11:54,809][root][INFO] - Epoch [5/5], Batch [256/300], Loss: 0.9958 (Overall: 0.8365, Change: 1.4957), TF Ratio: 0.709
[2026-06-15 14:11:54,963][root][INFO] - Epoch [5/5], Batch [257/300], Loss: 0.9957 (Overall: 0.6369, Change: 1.3262), TF Ratio: 0.709
[2026-06-15 14:11:55,116][root][INFO] - Epoch [5/5], Batch [258/300], Loss: 0.9960 (Overall: 0.6382, Change: 1.4851), TF Ratio: 0.708
[2026-06-15 14:11:55,270][root][INFO] - Epoch [5/5], Batch [259/300], Loss: 0.9953 (Overall: 0.7172, Change: 0.9383), TF Ratio: 0.708
[2026-06-15 14:12:11,969][root][INFO] - Epoch [5/5], Batch [260/300], Loss: 0.9944 (Overall: 0.5691, Change: 0.9317), TF Ratio: 0.708
[2026-06-15 14:12:12,126][root][INFO] - Epoch [5/5], Batch [261/300], Loss: 0.9948 (Overall: 0.7170, Change: 1.4743), TF Ratio: 0.708
[2026-06-15 14:12:12,279][root][INFO] - Epoch [5/5], Batch [262/300], Loss: 0.9946 (Overall: 0.6026, Change: 1.2643), TF Ratio: 0.708
[2026-06-15 14:12:12,430][root][INFO] - Epoch [5/5], Batch [263/300], Loss: 0.9956 (Overall: 1.0839, Change: 1.4607), TF Ratio: 0.707
[2026-06-15 14:12:12,600][root][INFO] - Epoch [5/5], Batch [264/300], Loss: 0.9962 (Overall: 0.6396, Change: 1.6640), TF Ratio: 0.707
[2026-06-15 14:12:12,754][root][INFO] - Epoch [5/5], Batch [265/300], Loss: 0.9957 (Overall: 0.6836, Change: 1.0528), TF Ratio: 0.707
[2026-06-15 14:12:12,906][root][INFO] - Epoch [5/5], Batch [266/300], Loss: 0.9973 (Overall: 0.9640, Change: 1.8881), TF Ratio: 0.707
[2026-06-15 14:12:13,059][root][INFO] - Epoch [5/5], Batch [267/300], Loss: 0.9961 (Overall: 0.5035, Change: 0.8137), TF Ratio: 0.707
[2026-06-15 14:12:13,232][root][INFO] - Epoch [5/5], Batch [268/300], Loss: 0.9964 (Overall: 0.7422, Change: 1.4175), TF Ratio: 0.706
[2026-06-15 14:12:13,386][root][INFO] - Epoch [5/5], Batch [269/300], Loss: 0.9962 (Overall: 0.7490, Change: 1.1317), TF Ratio: 0.706
[2026-06-15 14:12:13,540][root][INFO] - Epoch [5/5], Batch [270/300], Loss: 0.9958 (Overall: 0.6337, Change: 1.1478), TF Ratio: 0.706
[2026-06-15 14:12:13,694][root][INFO] - Epoch [5/5], Batch [271/300], Loss: 0.9951 (Overall: 0.6043, Change: 1.0030), TF Ratio: 0.706
[2026-06-15 14:12:47,692][root][INFO] - Epoch [5/5], Batch [272/300], Loss: 0.9943 (Overall: 0.4792, Change: 1.1135), TF Ratio: 0.706
[2026-06-15 14:12:47,847][root][INFO] - Epoch [5/5], Batch [273/300], Loss: 0.9947 (Overall: 0.7844, Change: 1.3772), TF Ratio: 0.705
[2026-06-15 14:12:48,006][root][INFO] - Epoch [5/5], Batch [274/300], Loss: 0.9947 (Overall: 0.6061, Change: 1.4161), TF Ratio: 0.705
[2026-06-15 14:12:48,160][root][INFO] - Epoch [5/5], Batch [275/300], Loss: 0.9944 (Overall: 0.8808, Change: 0.9566), TF Ratio: 0.705
[2026-06-15 14:12:48,322][root][INFO] - Epoch [5/5], Batch [276/300], Loss: 0.9935 (Overall: 0.5527, Change: 0.9219), TF Ratio: 0.705
[2026-06-15 14:12:48,490][root][INFO] - Epoch [5/5], Batch [277/300], Loss: 0.9944 (Overall: 0.8638, Change: 1.6339), TF Ratio: 0.705
[2026-06-15 14:12:48,643][root][INFO] - Epoch [5/5], Batch [278/300], Loss: 0.9953 (Overall: 0.6766, Change: 1.7982), TF Ratio: 0.704
[2026-06-15 14:12:48,796][root][INFO] - Epoch [5/5], Batch [279/300], Loss: 0.9955 (Overall: 0.8696, Change: 1.2359), TF Ratio: 0.704
[2026-06-15 14:12:48,960][root][INFO] - Epoch [5/5], Batch [280/300], Loss: 0.9948 (Overall: 0.6963, Change: 0.8926), TF Ratio: 0.704
[2026-06-15 14:12:49,114][root][INFO] - Epoch [5/5], Batch [281/300], Loss: 0.9941 (Overall: 0.6300, Change: 0.9790), TF Ratio: 0.704
[2026-06-15 14:12:49,268][root][INFO] - Epoch [5/5], Batch [282/300], Loss: 0.9933 (Overall: 0.6214, Change: 0.8995), TF Ratio: 0.704
[2026-06-15 14:12:49,422][root][INFO] - Epoch [5/5], Batch [283/300], Loss: 0.9932 (Overall: 0.9177, Change: 0.9982), TF Ratio: 0.703
[2026-06-15 14:13:06,350][root][INFO] - Epoch [5/5], Batch [284/300], Loss: 0.9941 (Overall: 0.6815, Change: 1.8264), TF Ratio: 0.703
[2026-06-15 14:13:06,506][root][INFO] - Epoch [5/5], Batch [285/300], Loss: 0.9937 (Overall: 0.8495, Change: 0.9328), TF Ratio: 0.703
[2026-06-15 14:13:06,659][root][INFO] - Epoch [5/5], Batch [286/300], Loss: 0.9944 (Overall: 0.8643, Change: 1.4876), TF Ratio: 0.703
[2026-06-15 14:13:06,812][root][INFO] - Epoch [5/5], Batch [287/300], Loss: 0.9944 (Overall: 0.7861, Change: 1.2514), TF Ratio: 0.703
[2026-06-15 14:13:06,974][root][INFO] - Epoch [5/5], Batch [288/300], Loss: 0.9941 (Overall: 0.4676, Change: 1.3079), TF Ratio: 0.702
[2026-06-15 14:13:07,128][root][INFO] - Epoch [5/5], Batch [289/300], Loss: 0.9941 (Overall: 0.6326, Change: 1.3620), TF Ratio: 0.702
[2026-06-15 14:13:07,280][root][INFO] - Epoch [5/5], Batch [290/300], Loss: 0.9940 (Overall: 0.7410, Change: 1.2123), TF Ratio: 0.702
[2026-06-15 14:13:07,433][root][INFO] - Epoch [5/5], Batch [291/300], Loss: 0.9935 (Overall: 0.7034, Change: 0.9978), TF Ratio: 0.702
[2026-06-15 14:13:07,604][root][INFO] - Epoch [5/5], Batch [292/300], Loss: 0.9928 (Overall: 0.4946, Change: 1.0787), TF Ratio: 0.702
[2026-06-15 14:13:07,759][root][INFO] - Epoch [5/5], Batch [293/300], Loss: 0.9924 (Overall: 0.4293, Change: 1.2978), TF Ratio: 0.701
[2026-06-15 14:13:07,912][root][INFO] - Epoch [5/5], Batch [294/300], Loss: 0.9927 (Overall: 0.8727, Change: 1.2720), TF Ratio: 0.701
[2026-06-15 14:13:08,065][root][INFO] - Epoch [5/5], Batch [295/300], Loss: 0.9932 (Overall: 0.5655, Change: 1.7202), TF Ratio: 0.701
[2026-06-15 14:13:27,376][root][INFO] - Epoch [5/5], Batch [296/300], Loss: 0.9939 (Overall: 0.7801, Change: 1.6336), TF Ratio: 0.701
[2026-06-15 14:13:27,532][root][INFO] - Epoch [5/5], Batch [297/300], Loss: 0.9941 (Overall: 1.1061, Change: 1.0368), TF Ratio: 0.701
[2026-06-15 14:13:27,685][root][INFO] - Epoch [5/5], Batch [298/300], Loss: 0.9939 (Overall: 0.7341, Change: 1.1243), TF Ratio: 0.700
[2026-06-15 14:13:27,839][root][INFO] - Epoch [5/5], Batch [299/300], Loss: 0.9943 (Overall: 0.8671, Change: 1.3315), TF Ratio: 0.700
[2026-06-15 14:13:28,002][root][INFO] - Epoch [5/5], Batch [300/300], Loss: 0.9948 (Overall: 1.0946, Change: 1.2021), TF Ratio: 0.700
[2026-06-15 14:13:41,955][root][INFO] - Epoch 5 done. Validating...
[2026-06-15 14:14:19,657][root][INFO] - Epoch [5/5] | Train: 1.0014 | Val: 0.6910
[2026-06-15 14:14:19,835][root][INFO] - Checkpoint saved: /gpfs/scratch/bsc32/bsc096444/ai4land-tfm/trained_models/unet_impl/41825118/best_model.pth
[2026-06-15 14:14:20,040][root][INFO] - Checkpoint saved: /gpfs/scratch/bsc32/bsc096444/ai4land-tfm/trained_models/unet_impl/41825118/model_epoch_5.pth
[2026-06-15 14:14:20,786][root][INFO] - Training complete.
