[2026-06-17 04:53:58,311][root][INFO] - Recurrent UNet Model Successfully Configured and Initialized.
[2026-06-17 04:53:58,314][root][INFO] - Starting from scratch (no valid checkpoint provided).
[2026-06-17 04:53:58,899][root][INFO] - Train: 4480000 samples, Val: 640000 samples
[2026-06-17 04:54:25,620][root][INFO] - Starting training from epoch 1
[2026-06-17 04:54:29,195][root][INFO] - Epoch [1/5], Batch [1/300], Loss: 2.0798 (Overall: 2.1811, Change: 1.9785), TF Ratio: 1.000
[2026-06-17 04:54:29,354][root][INFO] - Epoch [1/5], Batch [2/300], Loss: 2.0922 (Overall: 2.2397, Change: 1.9695), TF Ratio: 1.000
[2026-06-17 04:54:29,524][root][INFO] - Epoch [1/5], Batch [3/300], Loss: 2.0731 (Overall: 2.0594, Change: 2.0107), TF Ratio: 0.999
[2026-06-17 04:54:30,845][root][INFO] - Epoch [1/5], Batch [4/300], Loss: 2.0954 (Overall: 2.2602, Change: 2.0641), TF Ratio: 0.999
[2026-06-17 04:54:31,065][root][INFO] - Epoch [1/5], Batch [5/300], Loss: 2.0616 (Overall: 1.9267, Change: 1.9256), TF Ratio: 0.999
[2026-06-17 04:54:31,241][root][INFO] - Epoch [1/5], Batch [6/300], Loss: 2.0524 (Overall: 2.0340, Change: 1.9791), TF Ratio: 0.999
[2026-06-17 04:54:31,441][root][INFO] - Epoch [1/5], Batch [7/300], Loss: 2.0286 (Overall: 1.7853, Change: 1.9866), TF Ratio: 0.999
[2026-06-17 04:54:31,869][root][INFO] - Epoch [1/5], Batch [8/300], Loss: 2.0084 (Overall: 1.9261, Change: 1.8078), TF Ratio: 0.998
[2026-06-17 04:54:32,036][root][INFO] - Epoch [1/5], Batch [9/300], Loss: 1.9942 (Overall: 1.8260, Change: 1.9344), TF Ratio: 0.998
[2026-06-17 04:54:32,238][root][INFO] - Epoch [1/5], Batch [10/300], Loss: 1.9653 (Overall: 1.7262, Change: 1.6859), TF Ratio: 0.998
[2026-06-17 04:54:32,399][root][INFO] - Epoch [1/5], Batch [11/300], Loss: 1.9493 (Overall: 1.7501, Change: 1.8276), TF Ratio: 0.998
[2026-06-17 04:54:32,609][root][INFO] - Epoch [1/5], Batch [12/300], Loss: 1.9291 (Overall: 1.7268, Change: 1.6878), TF Ratio: 0.998
[2026-06-17 04:54:32,762][root][INFO] - Epoch [1/5], Batch [13/300], Loss: 1.9117 (Overall: 1.5765, Change: 1.8297), TF Ratio: 0.997
[2026-06-17 04:54:32,920][root][INFO] - Epoch [1/5], Batch [14/300], Loss: 1.8912 (Overall: 1.5087, Change: 1.7382), TF Ratio: 0.997
[2026-06-17 04:54:33,083][root][INFO] - Epoch [1/5], Batch [15/300], Loss: 1.8830 (Overall: 1.7357, Change: 1.8028), TF Ratio: 0.997
[2026-06-17 04:54:33,258][root][INFO] - Epoch [1/5], Batch [16/300], Loss: 1.8808 (Overall: 1.8181, Change: 1.8776), TF Ratio: 0.997
[2026-06-17 04:54:33,414][root][INFO] - Epoch [1/5], Batch [17/300], Loss: 1.8657 (Overall: 1.5040, Change: 1.7416), TF Ratio: 0.997
[2026-06-17 04:54:33,567][root][INFO] - Epoch [1/5], Batch [18/300], Loss: 1.8515 (Overall: 1.4998, Change: 1.7229), TF Ratio: 0.996
[2026-06-17 04:54:33,720][root][INFO] - Epoch [1/5], Batch [19/300], Loss: 1.8560 (Overall: 1.7078, Change: 2.1651), TF Ratio: 0.996
[2026-06-17 04:54:33,917][root][INFO] - Epoch [1/5], Batch [20/300], Loss: 1.8494 (Overall: 1.6511, Change: 1.7953), TF Ratio: 0.996
[2026-06-17 04:54:34,071][root][INFO] - Epoch [1/5], Batch [21/300], Loss: 1.8319 (Overall: 1.4749, Change: 1.4910), TF Ratio: 0.996
[2026-06-17 04:54:34,225][root][INFO] - Epoch [1/5], Batch [22/300], Loss: 1.8208 (Overall: 1.4668, Change: 1.7083), TF Ratio: 0.996
[2026-06-17 04:54:34,380][root][INFO] - Epoch [1/5], Batch [23/300], Loss: 1.8085 (Overall: 1.4453, Change: 1.6319), TF Ratio: 0.995
[2026-06-17 04:54:34,565][root][INFO] - Epoch [1/5], Batch [24/300], Loss: 1.8022 (Overall: 1.6225, Change: 1.6925), TF Ratio: 0.995
[2026-06-17 04:54:34,719][root][INFO] - Epoch [1/5], Batch [25/300], Loss: 1.8097 (Overall: 1.7014, Change: 2.2766), TF Ratio: 0.995
[2026-06-17 04:54:34,873][root][INFO] - Epoch [1/5], Batch [26/300], Loss: 1.8032 (Overall: 1.3328, Change: 1.9457), TF Ratio: 0.995
[2026-06-17 04:54:35,026][root][INFO] - Epoch [1/5], Batch [27/300], Loss: 1.7971 (Overall: 1.3538, Change: 1.9279), TF Ratio: 0.995
[2026-06-17 04:54:35,489][root][INFO] - Epoch [1/5], Batch [28/300], Loss: 1.7952 (Overall: 1.6102, Change: 1.8772), TF Ratio: 0.994
[2026-06-17 04:54:35,643][root][INFO] - Epoch [1/5], Batch [29/300], Loss: 1.7846 (Overall: 1.3994, Change: 1.5768), TF Ratio: 0.994
[2026-06-17 04:54:35,803][root][INFO] - Epoch [1/5], Batch [30/300], Loss: 1.7781 (Overall: 1.5937, Change: 1.5842), TF Ratio: 0.994
[2026-06-17 04:54:35,958][root][INFO] - Epoch [1/5], Batch [31/300], Loss: 1.7673 (Overall: 1.2733, Change: 1.6115), TF Ratio: 0.994
[2026-06-17 04:54:36,133][root][INFO] - Epoch [1/5], Batch [32/300], Loss: 1.7565 (Overall: 1.4562, Change: 1.3900), TF Ratio: 0.994
[2026-06-17 04:54:36,288][root][INFO] - Epoch [1/5], Batch [33/300], Loss: 1.7498 (Overall: 1.3575, Change: 1.7133), TF Ratio: 0.993
[2026-06-17 04:54:36,441][root][INFO] - Epoch [1/5], Batch [34/300], Loss: 1.7468 (Overall: 1.3182, Change: 1.9762), TF Ratio: 0.993
[2026-06-17 04:54:36,595][root][INFO] - Epoch [1/5], Batch [35/300], Loss: 1.7451 (Overall: 1.5286, Change: 1.8428), TF Ratio: 0.993
[2026-06-17 04:54:36,810][root][INFO] - Epoch [1/5], Batch [36/300], Loss: 1.7430 (Overall: 1.5316, Change: 1.8075), TF Ratio: 0.993
[2026-06-17 04:54:36,964][root][INFO] - Epoch [1/5], Batch [37/300], Loss: 1.7346 (Overall: 1.2811, Change: 1.5878), TF Ratio: 0.993
[2026-06-17 04:54:37,131][root][INFO] - Epoch [1/5], Batch [38/300], Loss: 1.7286 (Overall: 1.3363, Change: 1.6775), TF Ratio: 0.992
[2026-06-17 04:54:37,298][root][INFO] - Epoch [1/5], Batch [39/300], Loss: 1.7281 (Overall: 1.5109, Change: 1.9008), TF Ratio: 0.992
[2026-06-17 04:54:37,498][root][INFO] - Epoch [1/5], Batch [40/300], Loss: 1.7292 (Overall: 1.7110, Change: 1.8388), TF Ratio: 0.992
[2026-06-17 04:54:37,665][root][INFO] - Epoch [1/5], Batch [41/300], Loss: 1.7202 (Overall: 1.2124, Change: 1.5086), TF Ratio: 0.992
[2026-06-17 04:54:37,817][root][INFO] - Epoch [1/5], Batch [42/300], Loss: 1.7140 (Overall: 1.3790, Change: 1.5354), TF Ratio: 0.992
[2026-06-17 04:54:37,969][root][INFO] - Epoch [1/5], Batch [43/300], Loss: 1.7054 (Overall: 1.2018, Change: 1.4852), TF Ratio: 0.991
[2026-06-17 04:54:38,168][root][INFO] - Epoch [1/5], Batch [44/300], Loss: 1.7010 (Overall: 1.4405, Change: 1.5857), TF Ratio: 0.991
[2026-06-17 04:54:38,330][root][INFO] - Epoch [1/5], Batch [45/300], Loss: 1.6973 (Overall: 1.3511, Change: 1.7221), TF Ratio: 0.991
[2026-06-17 04:54:38,486][root][INFO] - Epoch [1/5], Batch [46/300], Loss: 1.6917 (Overall: 1.4360, Change: 1.4401), TF Ratio: 0.991
[2026-06-17 04:54:38,639][root][INFO] - Epoch [1/5], Batch [47/300], Loss: 1.6838 (Overall: 1.2439, Change: 1.4017), TF Ratio: 0.991
[2026-06-17 04:54:38,887][root][INFO] - Epoch [1/5], Batch [48/300], Loss: 1.6791 (Overall: 1.2884, Change: 1.6212), TF Ratio: 0.990
[2026-06-17 04:54:39,053][root][INFO] - Epoch [1/5], Batch [49/300], Loss: 1.6797 (Overall: 1.3894, Change: 2.0254), TF Ratio: 0.990
[2026-06-17 04:54:39,228][root][INFO] - Epoch [1/5], Batch [50/300], Loss: 1.6756 (Overall: 1.3138, Change: 1.6352), TF Ratio: 0.990
[2026-06-17 04:54:39,381][root][INFO] - Epoch [1/5], Batch [51/300], Loss: 1.6710 (Overall: 1.2974, Change: 1.5891), TF Ratio: 0.990
[2026-06-17 04:54:39,570][root][INFO] - Epoch [1/5], Batch [52/300], Loss: 1.6669 (Overall: 1.2548, Change: 1.6615), TF Ratio: 0.990
[2026-06-17 04:54:39,739][root][INFO] - Epoch [1/5], Batch [53/300], Loss: 1.6637 (Overall: 1.2853, Change: 1.7057), TF Ratio: 0.989
[2026-06-17 04:54:39,914][root][INFO] - Epoch [1/5], Batch [54/300], Loss: 1.6605 (Overall: 1.2602, Change: 1.7282), TF Ratio: 0.989
[2026-06-17 04:54:40,102][root][INFO] - Epoch [1/5], Batch [55/300], Loss: 1.6546 (Overall: 1.2506, Change: 1.4143), TF Ratio: 0.989
[2026-06-17 04:54:40,295][root][INFO] - Epoch [1/5], Batch [56/300], Loss: 1.6513 (Overall: 1.2076, Change: 1.7326), TF Ratio: 0.989
[2026-06-17 04:54:40,449][root][INFO] - Epoch [1/5], Batch [57/300], Loss: 1.6499 (Overall: 1.3633, Change: 1.7775), TF Ratio: 0.989
[2026-06-17 04:54:40,601][root][INFO] - Epoch [1/5], Batch [58/300], Loss: 1.6452 (Overall: 1.3362, Change: 1.4284), TF Ratio: 0.988
[2026-06-17 04:54:40,753][root][INFO] - Epoch [1/5], Batch [59/300], Loss: 1.6407 (Overall: 1.4270, Change: 1.3238), TF Ratio: 0.988
[2026-06-17 04:54:40,964][root][INFO] - Epoch [1/5], Batch [60/300], Loss: 1.6382 (Overall: 1.3707, Change: 1.6100), TF Ratio: 0.988
[2026-06-17 04:54:41,125][root][INFO] - Epoch [1/5], Batch [61/300], Loss: 1.6326 (Overall: 1.3133, Change: 1.2880), TF Ratio: 0.988
[2026-06-17 04:54:41,283][root][INFO] - Epoch [1/5], Batch [62/300], Loss: 1.6307 (Overall: 1.2249, Change: 1.7978), TF Ratio: 0.988
[2026-06-17 04:54:41,436][root][INFO] - Epoch [1/5], Batch [63/300], Loss: 1.6272 (Overall: 1.2526, Change: 1.5656), TF Ratio: 0.987
[2026-06-17 04:54:41,703][root][INFO] - Epoch [1/5], Batch [64/300], Loss: 1.6251 (Overall: 1.3559, Change: 1.6375), TF Ratio: 0.987
[2026-06-17 04:54:41,874][root][INFO] - Epoch [1/5], Batch [65/300], Loss: 1.6237 (Overall: 1.3466, Change: 1.7136), TF Ratio: 0.987
[2026-06-17 04:54:42,028][root][INFO] - Epoch [1/5], Batch [66/300], Loss: 1.6227 (Overall: 1.4683, Change: 1.6535), TF Ratio: 0.987
[2026-06-17 04:54:42,184][root][INFO] - Epoch [1/5], Batch [67/300], Loss: 1.6163 (Overall: 1.1909, Change: 1.1961), TF Ratio: 0.987
[2026-06-17 04:54:42,357][root][INFO] - Epoch [1/5], Batch [68/300], Loss: 1.6140 (Overall: 1.1757, Change: 1.7426), TF Ratio: 0.986
[2026-06-17 04:54:42,509][root][INFO] - Epoch [1/5], Batch [69/300], Loss: 1.6078 (Overall: 1.0979, Change: 1.2803), TF Ratio: 0.986
[2026-06-17 04:54:42,671][root][INFO] - Epoch [1/5], Batch [70/300], Loss: 1.6050 (Overall: 1.1993, Change: 1.6217), TF Ratio: 0.986
[2026-06-17 04:54:42,836][root][INFO] - Epoch [1/5], Batch [71/300], Loss: 1.6000 (Overall: 1.1628, Change: 1.3377), TF Ratio: 0.986
[2026-06-17 04:54:43,007][root][INFO] - Epoch [1/5], Batch [72/300], Loss: 1.5951 (Overall: 1.1369, Change: 1.3576), TF Ratio: 0.986
[2026-06-17 04:54:43,163][root][INFO] - Epoch [1/5], Batch [73/300], Loss: 1.5938 (Overall: 1.2905, Change: 1.7040), TF Ratio: 0.985
[2026-06-17 04:54:43,317][root][INFO] - Epoch [1/5], Batch [74/300], Loss: 1.5932 (Overall: 1.5186, Change: 1.5894), TF Ratio: 0.985
[2026-06-17 04:54:43,470][root][INFO] - Epoch [1/5], Batch [75/300], Loss: 1.5890 (Overall: 1.0308, Change: 1.5130), TF Ratio: 0.985
[2026-06-17 04:54:43,674][root][INFO] - Epoch [1/5], Batch [76/300], Loss: 1.5859 (Overall: 1.2318, Change: 1.4851), TF Ratio: 0.985
[2026-06-17 04:54:43,827][root][INFO] - Epoch [1/5], Batch [77/300], Loss: 1.5848 (Overall: 1.2483, Change: 1.7498), TF Ratio: 0.985
[2026-06-17 04:54:43,995][root][INFO] - Epoch [1/5], Batch [78/300], Loss: 1.5822 (Overall: 1.2067, Change: 1.5590), TF Ratio: 0.984
[2026-06-17 04:54:44,159][root][INFO] - Epoch [1/5], Batch [79/300], Loss: 1.5782 (Overall: 1.1557, Change: 1.3801), TF Ratio: 0.984
[2026-06-17 04:54:44,339][root][INFO] - Epoch [1/5], Batch [80/300], Loss: 1.5763 (Overall: 1.1292, Change: 1.7163), TF Ratio: 0.984
[2026-06-17 04:54:44,492][root][INFO] - Epoch [1/5], Batch [81/300], Loss: 1.5776 (Overall: 1.3854, Change: 1.9825), TF Ratio: 0.984
[2026-06-17 04:54:44,645][root][INFO] - Epoch [1/5], Batch [82/300], Loss: 1.5750 (Overall: 1.2195, Change: 1.5160), TF Ratio: 0.984
[2026-06-17 04:54:44,799][root][INFO] - Epoch [1/5], Batch [83/300], Loss: 1.5739 (Overall: 1.2900, Change: 1.6691), TF Ratio: 0.983
[2026-06-17 04:54:44,988][root][INFO] - Epoch [1/5], Batch [84/300], Loss: 1.5711 (Overall: 1.1445, Change: 1.5396), TF Ratio: 0.983
[2026-06-17 04:54:45,141][root][INFO] - Epoch [1/5], Batch [85/300], Loss: 1.5759 (Overall: 1.5386, Change: 2.4047), TF Ratio: 0.983
[2026-06-17 04:54:45,293][root][INFO] - Epoch [1/5], Batch [86/300], Loss: 1.5745 (Overall: 1.2677, Change: 1.6446), TF Ratio: 0.983
[2026-06-17 04:54:45,446][root][INFO] - Epoch [1/5], Batch [87/300], Loss: 1.5749 (Overall: 1.2690, Change: 1.9551), TF Ratio: 0.983
[2026-06-17 04:54:45,652][root][INFO] - Epoch [1/5], Batch [88/300], Loss: 1.5728 (Overall: 1.1488, Change: 1.6355), TF Ratio: 0.982
[2026-06-17 04:54:45,806][root][INFO] - Epoch [1/5], Batch [89/300], Loss: 1.5690 (Overall: 1.1645, Change: 1.2973), TF Ratio: 0.982
[2026-06-17 04:54:45,965][root][INFO] - Epoch [1/5], Batch [90/300], Loss: 1.5672 (Overall: 1.4585, Change: 1.3619), TF Ratio: 0.982
[2026-06-17 04:54:46,118][root][INFO] - Epoch [1/5], Batch [91/300], Loss: 1.5643 (Overall: 1.1236, Change: 1.4866), TF Ratio: 0.982
[2026-06-17 04:54:46,326][root][INFO] - Epoch [1/5], Batch [92/300], Loss: 1.5640 (Overall: 1.0984, Change: 1.9752), TF Ratio: 0.982
[2026-06-17 04:54:46,478][root][INFO] - Epoch [1/5], Batch [93/300], Loss: 1.5648 (Overall: 1.5274, Change: 1.7473), TF Ratio: 0.981
[2026-06-17 04:54:46,640][root][INFO] - Epoch [1/5], Batch [94/300], Loss: 1.5625 (Overall: 1.1835, Change: 1.5140), TF Ratio: 0.981
[2026-06-17 04:54:46,792][root][INFO] - Epoch [1/5], Batch [95/300], Loss: 1.5590 (Overall: 1.0053, Change: 1.4571), TF Ratio: 0.981
[2026-06-17 04:54:46,987][root][INFO] - Epoch [1/5], Batch [96/300], Loss: 1.5576 (Overall: 1.1238, Change: 1.7175), TF Ratio: 0.981
[2026-06-17 04:54:47,146][root][INFO] - Epoch [1/5], Batch [97/300], Loss: 1.5561 (Overall: 1.1340, Change: 1.6883), TF Ratio: 0.981
[2026-06-17 04:54:47,299][root][INFO] - Epoch [1/5], Batch [98/300], Loss: 1.5551 (Overall: 1.0411, Change: 1.8769), TF Ratio: 0.980
[2026-06-17 04:54:47,450][root][INFO] - Epoch [1/5], Batch [99/300], Loss: 1.5540 (Overall: 1.1450, Change: 1.7430), TF Ratio: 0.980
[2026-06-17 04:54:47,641][root][INFO] - Epoch [1/5], Batch [100/300], Loss: 1.5521 (Overall: 1.0763, Change: 1.6569), TF Ratio: 0.980
[2026-06-17 04:54:47,793][root][INFO] - Epoch [1/5], Batch [101/300], Loss: 1.5508 (Overall: 1.1847, Change: 1.6565), TF Ratio: 0.980
[2026-06-17 04:54:47,945][root][INFO] - Epoch [1/5], Batch [102/300], Loss: 1.5475 (Overall: 0.9693, Change: 1.4700), TF Ratio: 0.980
[2026-06-17 04:54:48,099][root][INFO] - Epoch [1/5], Batch [103/300], Loss: 1.5469 (Overall: 1.2480, Change: 1.7045), TF Ratio: 0.979
[2026-06-17 04:54:48,293][root][INFO] - Epoch [1/5], Batch [104/300], Loss: 1.5471 (Overall: 1.2995, Change: 1.8375), TF Ratio: 0.979
[2026-06-17 04:54:48,445][root][INFO] - Epoch [1/5], Batch [105/300], Loss: 1.5453 (Overall: 1.0168, Change: 1.7135), TF Ratio: 0.979
[2026-06-17 04:54:48,597][root][INFO] - Epoch [1/5], Batch [106/300], Loss: 1.5436 (Overall: 1.3491, Change: 1.3754), TF Ratio: 0.979
[2026-06-17 04:54:48,752][root][INFO] - Epoch [1/5], Batch [107/300], Loss: 1.5408 (Overall: 1.0522, Change: 1.4408), TF Ratio: 0.979
[2026-06-17 04:54:48,946][root][INFO] - Epoch [1/5], Batch [108/300], Loss: 1.5374 (Overall: 1.0200, Change: 1.3138), TF Ratio: 0.978
[2026-06-17 04:54:49,105][root][INFO] - Epoch [1/5], Batch [109/300], Loss: 1.5347 (Overall: 1.1083, Change: 1.3813), TF Ratio: 0.978
[2026-06-17 04:54:49,263][root][INFO] - Epoch [1/5], Batch [110/300], Loss: 1.5329 (Overall: 1.1364, Change: 1.5331), TF Ratio: 0.978
[2026-06-17 04:54:49,416][root][INFO] - Epoch [1/5], Batch [111/300], Loss: 1.5312 (Overall: 1.1242, Change: 1.5707), TF Ratio: 0.978
[2026-06-17 04:54:49,650][root][INFO] - Epoch [1/5], Batch [112/300], Loss: 1.5290 (Overall: 1.2090, Change: 1.3567), TF Ratio: 0.978
[2026-06-17 04:54:49,813][root][INFO] - Epoch [1/5], Batch [113/300], Loss: 1.5254 (Overall: 0.9824, Change: 1.2641), TF Ratio: 0.977
[2026-06-17 04:54:49,965][root][INFO] - Epoch [1/5], Batch [114/300], Loss: 1.5233 (Overall: 0.9983, Change: 1.5788), TF Ratio: 0.977
[2026-06-17 04:54:50,117][root][INFO] - Epoch [1/5], Batch [115/300], Loss: 1.5210 (Overall: 1.1341, Change: 1.3925), TF Ratio: 0.977
[2026-06-17 04:54:50,295][root][INFO] - Epoch [1/5], Batch [116/300], Loss: 1.5182 (Overall: 1.0237, Change: 1.3645), TF Ratio: 0.977
[2026-06-17 04:54:50,449][root][INFO] - Epoch [1/5], Batch [117/300], Loss: 1.5151 (Overall: 0.9998, Change: 1.3055), TF Ratio: 0.977
[2026-06-17 04:54:50,601][root][INFO] - Epoch [1/5], Batch [118/300], Loss: 1.5143 (Overall: 1.2844, Change: 1.5490), TF Ratio: 0.976
[2026-06-17 04:54:50,754][root][INFO] - Epoch [1/5], Batch [119/300], Loss: 1.5130 (Overall: 1.1345, Change: 1.5852), TF Ratio: 0.976
[2026-06-17 04:54:50,941][root][INFO] - Epoch [1/5], Batch [120/300], Loss: 1.5108 (Overall: 1.0123, Change: 1.4975), TF Ratio: 0.976
[2026-06-17 04:54:51,104][root][INFO] - Epoch [1/5], Batch [121/300], Loss: 1.5085 (Overall: 1.1921, Change: 1.2618), TF Ratio: 0.976
[2026-06-17 04:54:51,257][root][INFO] - Epoch [1/5], Batch [122/300], Loss: 1.5064 (Overall: 0.9931, Change: 1.5275), TF Ratio: 0.976
[2026-06-17 04:54:51,412][root][INFO] - Epoch [1/5], Batch [123/300], Loss: 1.5058 (Overall: 1.1526, Change: 1.6971), TF Ratio: 0.975
[2026-06-17 04:54:53,188][root][INFO] - Epoch [1/5], Batch [124/300], Loss: 1.5046 (Overall: 1.0674, Change: 1.6625), TF Ratio: 0.975
[2026-06-17 04:54:53,341][root][INFO] - Epoch [1/5], Batch [125/300], Loss: 1.5034 (Overall: 1.2295, Change: 1.4789), TF Ratio: 0.975
[2026-06-17 04:54:53,492][root][INFO] - Epoch [1/5], Batch [126/300], Loss: 1.5027 (Overall: 1.0201, Change: 1.7897), TF Ratio: 0.975
[2026-06-17 04:54:53,644][root][INFO] - Epoch [1/5], Batch [127/300], Loss: 1.4999 (Overall: 1.1430, Change: 1.1727), TF Ratio: 0.975
[2026-06-17 04:54:53,840][root][INFO] - Epoch [1/5], Batch [128/300], Loss: 1.4983 (Overall: 0.9905, Change: 1.6015), TF Ratio: 0.974
[2026-06-17 04:54:53,993][root][INFO] - Epoch [1/5], Batch [129/300], Loss: 1.4974 (Overall: 0.9822, Change: 1.7578), TF Ratio: 0.974
[2026-06-17 04:54:54,147][root][INFO] - Epoch [1/5], Batch [130/300], Loss: 1.4955 (Overall: 1.2220, Change: 1.3024), TF Ratio: 0.974
[2026-06-17 04:54:54,300][root][INFO] - Epoch [1/5], Batch [131/300], Loss: 1.4947 (Overall: 1.1955, Change: 1.5782), TF Ratio: 0.974
[2026-06-17 04:54:54,504][root][INFO] - Epoch [1/5], Batch [132/300], Loss: 1.4922 (Overall: 1.0063, Change: 1.3148), TF Ratio: 0.974
[2026-06-17 04:54:54,657][root][INFO] - Epoch [1/5], Batch [133/300], Loss: 1.4914 (Overall: 1.0612, Change: 1.7032), TF Ratio: 0.973
[2026-06-17 04:54:54,825][root][INFO] - Epoch [1/5], Batch [134/300], Loss: 1.4875 (Overall: 1.0702, Change: 0.8809), TF Ratio: 0.973
[2026-06-17 04:54:54,990][root][INFO] - Epoch [1/5], Batch [135/300], Loss: 1.4854 (Overall: 0.9134, Change: 1.4845), TF Ratio: 0.973
[2026-06-17 04:54:55,171][root][INFO] - Epoch [1/5], Batch [136/300], Loss: 1.4849 (Overall: 0.9684, Change: 1.8789), TF Ratio: 0.973
[2026-06-17 04:54:55,325][root][INFO] - Epoch [1/5], Batch [137/300], Loss: 1.4850 (Overall: 1.0496, Change: 1.9389), TF Ratio: 0.973
[2026-06-17 04:54:55,478][root][INFO] - Epoch [1/5], Batch [138/300], Loss: 1.4833 (Overall: 0.9404, Change: 1.5716), TF Ratio: 0.972
[2026-06-17 04:54:55,631][root][INFO] - Epoch [1/5], Batch [139/300], Loss: 1.4794 (Overall: 0.9461, Change: 0.9313), TF Ratio: 0.972
[2026-06-17 04:54:55,854][root][INFO] - Epoch [1/5], Batch [140/300], Loss: 1.4775 (Overall: 0.9043, Change: 1.5327), TF Ratio: 0.972
[2026-06-17 04:54:56,009][root][INFO] - Epoch [1/5], Batch [141/300], Loss: 1.4759 (Overall: 1.1048, Change: 1.3857), TF Ratio: 0.972
[2026-06-17 04:54:56,162][root][INFO] - Epoch [1/5], Batch [142/300], Loss: 1.4751 (Overall: 1.0107, Change: 1.7054), TF Ratio: 0.972
[2026-06-17 04:54:56,315][root][INFO] - Epoch [1/5], Batch [143/300], Loss: 1.4755 (Overall: 1.0445, Change: 2.0166), TF Ratio: 0.971
[2026-06-17 04:54:56,510][root][INFO] - Epoch [1/5], Batch [144/300], Loss: 1.4735 (Overall: 0.9819, Change: 1.4024), TF Ratio: 0.971
[2026-06-17 04:54:56,670][root][INFO] - Epoch [1/5], Batch [145/300], Loss: 1.4727 (Overall: 1.0685, Change: 1.6425), TF Ratio: 0.971
[2026-06-17 04:54:56,824][root][INFO] - Epoch [1/5], Batch [146/300], Loss: 1.4723 (Overall: 1.1326, Change: 1.7068), TF Ratio: 0.971
[2026-06-17 04:54:56,978][root][INFO] - Epoch [1/5], Batch [147/300], Loss: 1.4726 (Overall: 1.2211, Change: 1.8175), TF Ratio: 0.971
[2026-06-17 04:54:57,193][root][INFO] - Epoch [1/5], Batch [148/300], Loss: 1.4717 (Overall: 0.9830, Change: 1.6766), TF Ratio: 0.970
[2026-06-17 04:54:57,349][root][INFO] - Epoch [1/5], Batch [149/300], Loss: 1.4715 (Overall: 1.1978, Change: 1.6952), TF Ratio: 0.970
[2026-06-17 04:54:57,504][root][INFO] - Epoch [1/5], Batch [150/300], Loss: 1.4726 (Overall: 1.0825, Change: 2.2064), TF Ratio: 0.970
[2026-06-17 04:54:57,659][root][INFO] - Epoch [1/5], Batch [151/300], Loss: 1.4698 (Overall: 0.9827, Change: 1.1008), TF Ratio: 0.970
[2026-06-17 04:54:57,871][root][INFO] - Epoch [1/5], Batch [152/300], Loss: 1.4680 (Overall: 1.0334, Change: 1.3582), TF Ratio: 0.970
[2026-06-17 04:54:58,027][root][INFO] - Epoch [1/5], Batch [153/300], Loss: 1.4661 (Overall: 0.9512, Change: 1.4015), TF Ratio: 0.969
[2026-06-17 04:54:58,214][root][INFO] - Epoch [1/5], Batch [154/300], Loss: 1.4642 (Overall: 0.9605, Change: 1.3840), TF Ratio: 0.969
[2026-06-17 04:54:58,373][root][INFO] - Epoch [1/5], Batch [155/300], Loss: 1.4627 (Overall: 0.9361, Change: 1.5484), TF Ratio: 0.969
[2026-06-17 04:54:58,560][root][INFO] - Epoch [1/5], Batch [156/300], Loss: 1.4609 (Overall: 0.9236, Change: 1.4194), TF Ratio: 0.969
[2026-06-17 04:54:58,714][root][INFO] - Epoch [1/5], Batch [157/300], Loss: 1.4590 (Overall: 1.0561, Change: 1.2808), TF Ratio: 0.969
[2026-06-17 04:54:58,868][root][INFO] - Epoch [1/5], Batch [158/300], Loss: 1.4578 (Overall: 1.0163, Change: 1.5037), TF Ratio: 0.968
[2026-06-17 04:54:59,027][root][INFO] - Epoch [1/5], Batch [159/300], Loss: 1.4571 (Overall: 1.0820, Change: 1.6281), TF Ratio: 0.968
[2026-06-17 04:54:59,223][root][INFO] - Epoch [1/5], Batch [160/300], Loss: 1.4563 (Overall: 0.9963, Change: 1.6728), TF Ratio: 0.968
[2026-06-17 04:54:59,382][root][INFO] - Epoch [1/5], Batch [161/300], Loss: 1.4551 (Overall: 1.0337, Change: 1.4638), TF Ratio: 0.968
[2026-06-17 04:54:59,553][root][INFO] - Epoch [1/5], Batch [162/300], Loss: 1.4548 (Overall: 1.1460, Change: 1.6840), TF Ratio: 0.968
[2026-06-17 04:54:59,705][root][INFO] - Epoch [1/5], Batch [163/300], Loss: 1.4527 (Overall: 0.8853, Change: 1.3460), TF Ratio: 0.967
[2026-06-17 04:54:59,895][root][INFO] - Epoch [1/5], Batch [164/300], Loss: 1.4519 (Overall: 1.3521, Change: 1.2678), TF Ratio: 0.967
[2026-06-17 04:55:00,048][root][INFO] - Epoch [1/5], Batch [165/300], Loss: 1.4491 (Overall: 0.8264, Change: 1.1581), TF Ratio: 0.967
[2026-06-17 04:55:00,200][root][INFO] - Epoch [1/5], Batch [166/300], Loss: 1.4470 (Overall: 1.0396, Change: 1.1735), TF Ratio: 0.967
[2026-06-17 04:55:00,352][root][INFO] - Epoch [1/5], Batch [167/300], Loss: 1.4451 (Overall: 0.9703, Change: 1.2784), TF Ratio: 0.967
[2026-06-17 04:55:00,557][root][INFO] - Epoch [1/5], Batch [168/300], Loss: 1.4437 (Overall: 1.1051, Change: 1.3130), TF Ratio: 0.966
[2026-06-17 04:55:00,710][root][INFO] - Epoch [1/5], Batch [169/300], Loss: 1.4421 (Overall: 1.0575, Change: 1.2911), TF Ratio: 0.966
[2026-06-17 04:55:00,862][root][INFO] - Epoch [1/5], Batch [170/300], Loss: 1.4416 (Overall: 1.0144, Change: 1.6980), TF Ratio: 0.966
[2026-06-17 04:55:01,014][root][INFO] - Epoch [1/5], Batch [171/300], Loss: 1.4409 (Overall: 1.0579, Change: 1.5988), TF Ratio: 0.966
[2026-06-17 04:55:01,217][root][INFO] - Epoch [1/5], Batch [172/300], Loss: 1.4392 (Overall: 0.8981, Change: 1.4105), TF Ratio: 0.966
[2026-06-17 04:55:01,370][root][INFO] - Epoch [1/5], Batch [173/300], Loss: 1.4375 (Overall: 0.8976, Change: 1.3686), TF Ratio: 0.965
[2026-06-17 04:55:01,530][root][INFO] - Epoch [1/5], Batch [174/300], Loss: 1.4373 (Overall: 1.1127, Change: 1.7075), TF Ratio: 0.965
[2026-06-17 04:55:01,686][root][INFO] - Epoch [1/5], Batch [175/300], Loss: 1.4361 (Overall: 1.0581, Change: 1.3846), TF Ratio: 0.965
[2026-06-17 04:55:01,871][root][INFO] - Epoch [1/5], Batch [176/300], Loss: 1.4349 (Overall: 1.0097, Change: 1.4489), TF Ratio: 0.965
[2026-06-17 04:55:02,024][root][INFO] - Epoch [1/5], Batch [177/300], Loss: 1.4342 (Overall: 1.1877, Change: 1.4434), TF Ratio: 0.965
[2026-06-17 04:55:02,176][root][INFO] - Epoch [1/5], Batch [178/300], Loss: 1.4335 (Overall: 1.0148, Change: 1.5806), TF Ratio: 0.964
[2026-06-17 04:55:02,330][root][INFO] - Epoch [1/5], Batch [179/300], Loss: 1.4327 (Overall: 1.0528, Change: 1.5233), TF Ratio: 0.964
[2026-06-17 04:55:02,528][root][INFO] - Epoch [1/5], Batch [180/300], Loss: 1.4316 (Overall: 1.0013, Change: 1.4836), TF Ratio: 0.964
[2026-06-17 04:55:02,687][root][INFO] - Epoch [1/5], Batch [181/300], Loss: 1.4300 (Overall: 1.0209, Change: 1.2518), TF Ratio: 0.964
[2026-06-17 04:55:02,840][root][INFO] - Epoch [1/5], Batch [182/300], Loss: 1.4290 (Overall: 1.1070, Change: 1.3960), TF Ratio: 0.964
[2026-06-17 04:55:02,997][root][INFO] - Epoch [1/5], Batch [183/300], Loss: 1.4279 (Overall: 1.0434, Change: 1.4051), TF Ratio: 0.963
[2026-06-17 04:55:03,177][root][INFO] - Epoch [1/5], Batch [184/300], Loss: 1.4271 (Overall: 0.9970, Change: 1.5793), TF Ratio: 0.963
[2026-06-17 04:55:03,330][root][INFO] - Epoch [1/5], Batch [185/300], Loss: 1.4266 (Overall: 0.9165, Change: 1.7686), TF Ratio: 0.963
[2026-06-17 04:55:03,482][root][INFO] - Epoch [1/5], Batch [186/300], Loss: 1.4272 (Overall: 1.4765, Change: 1.5823), TF Ratio: 0.963
[2026-06-17 04:55:03,648][root][INFO] - Epoch [1/5], Batch [187/300], Loss: 1.4265 (Overall: 1.0266, Change: 1.5806), TF Ratio: 0.963
[2026-06-17 04:55:03,833][root][INFO] - Epoch [1/5], Batch [188/300], Loss: 1.4246 (Overall: 0.9640, Change: 1.1620), TF Ratio: 0.962
[2026-06-17 04:55:03,986][root][INFO] - Epoch [1/5], Batch [189/300], Loss: 1.4246 (Overall: 1.1245, Change: 1.7358), TF Ratio: 0.962
[2026-06-17 04:55:04,138][root][INFO] - Epoch [1/5], Batch [190/300], Loss: 1.4241 (Overall: 1.0795, Change: 1.5759), TF Ratio: 0.962
[2026-06-17 04:55:04,293][root][INFO] - Epoch [1/5], Batch [191/300], Loss: 1.4222 (Overall: 0.9613, Change: 1.1543), TF Ratio: 0.962
[2026-06-17 04:55:04,491][root][INFO] - Epoch [1/5], Batch [192/300], Loss: 1.4217 (Overall: 0.9031, Change: 1.7301), TF Ratio: 0.962
[2026-06-17 04:55:04,652][root][INFO] - Epoch [1/5], Batch [193/300], Loss: 1.4215 (Overall: 1.1233, Change: 1.6631), TF Ratio: 0.961
[2026-06-17 04:55:04,805][root][INFO] - Epoch [1/5], Batch [194/300], Loss: 1.4210 (Overall: 0.8814, Change: 1.7561), TF Ratio: 0.961
[2026-06-17 04:55:04,959][root][INFO] - Epoch [1/5], Batch [195/300], Loss: 1.4206 (Overall: 1.2138, Change: 1.4814), TF Ratio: 0.961
[2026-06-17 04:55:05,148][root][INFO] - Epoch [1/5], Batch [196/300], Loss: 1.4195 (Overall: 0.9921, Change: 1.4055), TF Ratio: 0.961
[2026-06-17 04:55:05,301][root][INFO] - Epoch [1/5], Batch [197/300], Loss: 1.4189 (Overall: 1.0931, Change: 1.5176), TF Ratio: 0.961
[2026-06-17 04:55:05,455][root][INFO] - Epoch [1/5], Batch [198/300], Loss: 1.4169 (Overall: 0.9547, Change: 1.0898), TF Ratio: 0.960
[2026-06-17 04:55:05,608][root][INFO] - Epoch [1/5], Batch [199/300], Loss: 1.4164 (Overall: 1.0169, Change: 1.6069), TF Ratio: 0.960
[2026-06-17 04:55:05,814][root][INFO] - Epoch [1/5], Batch [200/300], Loss: 1.4160 (Overall: 0.9630, Change: 1.7351), TF Ratio: 0.960
[2026-06-17 04:55:05,980][root][INFO] - Epoch [1/5], Batch [201/300], Loss: 1.4157 (Overall: 0.9210, Change: 1.7707), TF Ratio: 0.960
[2026-06-17 04:55:06,133][root][INFO] - Epoch [1/5], Batch [202/300], Loss: 1.4157 (Overall: 1.3824, Change: 1.4571), TF Ratio: 0.960
[2026-06-17 04:55:06,298][root][INFO] - Epoch [1/5], Batch [203/300], Loss: 1.4148 (Overall: 1.1743, Change: 1.2959), TF Ratio: 0.959
[2026-06-17 04:55:06,475][root][INFO] - Epoch [1/5], Batch [204/300], Loss: 1.4143 (Overall: 0.7930, Change: 1.8440), TF Ratio: 0.959
[2026-06-17 04:55:06,629][root][INFO] - Epoch [1/5], Batch [205/300], Loss: 1.4145 (Overall: 1.0930, Change: 1.7837), TF Ratio: 0.959
[2026-06-17 04:55:06,790][root][INFO] - Epoch [1/5], Batch [206/300], Loss: 1.4115 (Overall: 0.8039, Change: 0.8152), TF Ratio: 0.959
[2026-06-17 04:55:06,942][root][INFO] - Epoch [1/5], Batch [207/300], Loss: 1.4108 (Overall: 0.7671, Change: 1.7791), TF Ratio: 0.959
[2026-06-17 04:55:07,119][root][INFO] - Epoch [1/5], Batch [208/300], Loss: 1.4105 (Overall: 1.0720, Change: 1.5932), TF Ratio: 0.958
[2026-06-17 04:55:07,278][root][INFO] - Epoch [1/5], Batch [209/300], Loss: 1.4100 (Overall: 1.0307, Change: 1.5953), TF Ratio: 0.958
[2026-06-17 04:55:07,433][root][INFO] - Epoch [1/5], Batch [210/300], Loss: 1.4090 (Overall: 1.0510, Change: 1.3359), TF Ratio: 0.958
[2026-06-17 04:55:07,586][root][INFO] - Epoch [1/5], Batch [211/300], Loss: 1.4084 (Overall: 1.1751, Change: 1.3988), TF Ratio: 0.958
[2026-06-17 04:55:07,767][root][INFO] - Epoch [1/5], Batch [212/300], Loss: 1.4076 (Overall: 1.0150, Change: 1.4573), TF Ratio: 0.958
[2026-06-17 04:55:07,925][root][INFO] - Epoch [1/5], Batch [213/300], Loss: 1.4081 (Overall: 0.9385, Change: 2.1086), TF Ratio: 0.957
[2026-06-17 04:55:08,078][root][INFO] - Epoch [1/5], Batch [214/300], Loss: 1.4065 (Overall: 0.8778, Change: 1.2494), TF Ratio: 0.957
[2026-06-17 04:55:08,231][root][INFO] - Epoch [1/5], Batch [215/300], Loss: 1.4060 (Overall: 0.9349, Change: 1.6749), TF Ratio: 0.957
[2026-06-17 04:55:08,411][root][INFO] - Epoch [1/5], Batch [216/300], Loss: 1.4041 (Overall: 0.8026, Change: 1.1815), TF Ratio: 0.957
[2026-06-17 04:55:08,566][root][INFO] - Epoch [1/5], Batch [217/300], Loss: 1.4028 (Overall: 0.8817, Change: 1.3422), TF Ratio: 0.957
[2026-06-17 04:55:08,720][root][INFO] - Epoch [1/5], Batch [218/300], Loss: 1.4030 (Overall: 1.0708, Change: 1.8433), TF Ratio: 0.956
[2026-06-17 04:55:08,873][root][INFO] - Epoch [1/5], Batch [219/300], Loss: 1.4028 (Overall: 1.2392, Change: 1.4779), TF Ratio: 0.956
[2026-06-17 04:55:09,053][root][INFO] - Epoch [1/5], Batch [220/300], Loss: 1.4022 (Overall: 0.8679, Change: 1.6779), TF Ratio: 0.956
[2026-06-17 04:55:09,215][root][INFO] - Epoch [1/5], Batch [221/300], Loss: 1.4013 (Overall: 0.9357, Change: 1.4762), TF Ratio: 0.956
[2026-06-17 04:55:09,371][root][INFO] - Epoch [1/5], Batch [222/300], Loss: 1.4007 (Overall: 0.9893, Change: 1.5063), TF Ratio: 0.956
[2026-06-17 04:55:09,540][root][INFO] - Epoch [1/5], Batch [223/300], Loss: 1.4000 (Overall: 0.9633, Change: 1.5456), TF Ratio: 0.955
[2026-06-17 04:55:09,708][root][INFO] - Epoch [1/5], Batch [224/300], Loss: 1.3981 (Overall: 0.9454, Change: 1.0070), TF Ratio: 0.955
[2026-06-17 04:55:09,873][root][INFO] - Epoch [1/5], Batch [225/300], Loss: 1.3958 (Overall: 0.8530, Change: 0.9144), TF Ratio: 0.955
[2026-06-17 04:55:10,045][root][INFO] - Epoch [1/5], Batch [226/300], Loss: 1.3951 (Overall: 0.9767, Change: 1.4921), TF Ratio: 0.955
[2026-06-17 04:55:10,197][root][INFO] - Epoch [1/5], Batch [227/300], Loss: 1.3938 (Overall: 0.9532, Change: 1.2228), TF Ratio: 0.955
[2026-06-17 04:55:10,368][root][INFO] - Epoch [1/5], Batch [228/300], Loss: 1.3927 (Overall: 0.8205, Change: 1.4641), TF Ratio: 0.954
[2026-06-17 04:55:10,527][root][INFO] - Epoch [1/5], Batch [229/300], Loss: 1.3927 (Overall: 1.0553, Change: 1.7554), TF Ratio: 0.954
[2026-06-17 04:55:10,679][root][INFO] - Epoch [1/5], Batch [230/300], Loss: 1.3913 (Overall: 0.8828, Change: 1.2623), TF Ratio: 0.954
[2026-06-17 04:55:10,835][root][INFO] - Epoch [1/5], Batch [231/300], Loss: 1.3926 (Overall: 1.4662, Change: 1.9136), TF Ratio: 0.954
[2026-06-17 04:55:11,006][root][INFO] - Epoch [1/5], Batch [232/300], Loss: 1.3915 (Overall: 0.8147, Change: 1.4329), TF Ratio: 0.954
[2026-06-17 04:55:11,169][root][INFO] - Epoch [1/5], Batch [233/300], Loss: 1.3904 (Overall: 0.9765, Change: 1.2946), TF Ratio: 0.953
[2026-06-17 04:55:11,323][root][INFO] - Epoch [1/5], Batch [234/300], Loss: 1.3907 (Overall: 1.0005, Change: 1.9263), TF Ratio: 0.953
[2026-06-17 04:55:11,485][root][INFO] - Epoch [1/5], Batch [235/300], Loss: 1.3891 (Overall: 0.8593, Change: 1.1845), TF Ratio: 0.953
[2026-06-17 04:55:11,667][root][INFO] - Epoch [1/5], Batch [236/300], Loss: 1.3884 (Overall: 0.7727, Change: 1.6791), TF Ratio: 0.953
[2026-06-17 04:55:11,820][root][INFO] - Epoch [1/5], Batch [237/300], Loss: 1.3888 (Overall: 1.3711, Change: 1.5858), TF Ratio: 0.953
[2026-06-17 04:55:11,973][root][INFO] - Epoch [1/5], Batch [238/300], Loss: 1.3883 (Overall: 0.9819, Change: 1.5759), TF Ratio: 0.952
[2026-06-17 04:55:12,125][root][INFO] - Epoch [1/5], Batch [239/300], Loss: 1.3874 (Overall: 0.9869, Change: 1.3395), TF Ratio: 0.952
[2026-06-17 04:55:12,324][root][INFO] - Epoch [1/5], Batch [240/300], Loss: 1.3876 (Overall: 1.0273, Change: 1.8563), TF Ratio: 0.952
[2026-06-17 04:55:12,477][root][INFO] - Epoch [1/5], Batch [241/300], Loss: 1.3866 (Overall: 1.0936, Change: 1.2081), TF Ratio: 0.952
[2026-06-17 04:55:12,630][root][INFO] - Epoch [1/5], Batch [242/300], Loss: 1.3861 (Overall: 1.0522, Change: 1.4730), TF Ratio: 0.952
[2026-06-17 04:55:12,784][root][INFO] - Epoch [1/5], Batch [243/300], Loss: 1.3857 (Overall: 0.9532, Change: 1.6356), TF Ratio: 0.951
[2026-06-17 04:55:12,971][root][INFO] - Epoch [1/5], Batch [244/300], Loss: 1.3853 (Overall: 1.0482, Change: 1.5115), TF Ratio: 0.951
[2026-06-17 04:55:13,125][root][INFO] - Epoch [1/5], Batch [245/300], Loss: 1.3841 (Overall: 0.9415, Change: 1.2625), TF Ratio: 0.951
[2026-06-17 04:55:13,278][root][INFO] - Epoch [1/5], Batch [246/300], Loss: 1.3836 (Overall: 1.1612, Change: 1.3634), TF Ratio: 0.951
[2026-06-17 04:55:13,430][root][INFO] - Epoch [1/5], Batch [247/300], Loss: 1.3824 (Overall: 0.8265, Change: 1.3043), TF Ratio: 0.951
[2026-06-17 04:55:13,941][root][INFO] - Epoch [1/5], Batch [248/300], Loss: 1.3813 (Overall: 0.8996, Change: 1.3355), TF Ratio: 0.950
[2026-06-17 04:55:14,094][root][INFO] - Epoch [1/5], Batch [249/300], Loss: 1.3803 (Overall: 0.9494, Change: 1.3420), TF Ratio: 0.950
[2026-06-17 04:55:14,247][root][INFO] - Epoch [1/5], Batch [250/300], Loss: 1.3789 (Overall: 0.9269, Change: 1.1296), TF Ratio: 0.950
[2026-06-17 04:55:14,401][root][INFO] - Epoch [1/5], Batch [251/300], Loss: 1.3781 (Overall: 1.0903, Change: 1.2558), TF Ratio: 0.950
[2026-06-17 04:55:14,572][root][INFO] - Epoch [1/5], Batch [252/300], Loss: 1.3778 (Overall: 1.0833, Change: 1.5226), TF Ratio: 0.950
[2026-06-17 04:55:14,726][root][INFO] - Epoch [1/5], Batch [253/300], Loss: 1.3779 (Overall: 1.3335, Change: 1.4511), TF Ratio: 0.949
[2026-06-17 04:55:14,888][root][INFO] - Epoch [1/5], Batch [254/300], Loss: 1.3770 (Overall: 0.9757, Change: 1.3308), TF Ratio: 0.949
[2026-06-17 04:55:15,049][root][INFO] - Epoch [1/5], Batch [255/300], Loss: 1.3763 (Overall: 0.9415, Change: 1.4728), TF Ratio: 0.949
[2026-06-17 04:55:15,220][root][INFO] - Epoch [1/5], Batch [256/300], Loss: 1.3762 (Overall: 0.9942, Change: 1.7018), TF Ratio: 0.949
[2026-06-17 04:55:15,373][root][INFO] - Epoch [1/5], Batch [257/300], Loss: 1.3754 (Overall: 0.9100, Change: 1.4131), TF Ratio: 0.949
[2026-06-17 04:55:15,525][root][INFO] - Epoch [1/5], Batch [258/300], Loss: 1.3771 (Overall: 1.4673, Change: 2.1910), TF Ratio: 0.948
[2026-06-17 04:55:15,678][root][INFO] - Epoch [1/5], Batch [259/300], Loss: 1.3767 (Overall: 1.1380, Change: 1.3995), TF Ratio: 0.948
[2026-06-17 04:55:15,895][root][INFO] - Epoch [1/5], Batch [260/300], Loss: 1.3754 (Overall: 0.8197, Change: 1.2504), TF Ratio: 0.948
[2026-06-17 04:55:16,048][root][INFO] - Epoch [1/5], Batch [261/300], Loss: 1.3742 (Overall: 0.7739, Change: 1.3647), TF Ratio: 0.948
[2026-06-17 04:55:16,200][root][INFO] - Epoch [1/5], Batch [262/300], Loss: 1.3737 (Overall: 0.8824, Change: 1.5970), TF Ratio: 0.948
[2026-06-17 04:55:16,360][root][INFO] - Epoch [1/5], Batch [263/300], Loss: 1.3733 (Overall: 0.9099, Change: 1.6186), TF Ratio: 0.947
[2026-06-17 04:55:21,879][root][INFO] - Epoch [1/5], Batch [264/300], Loss: 1.3721 (Overall: 0.8872, Change: 1.2122), TF Ratio: 0.947
[2026-06-17 04:55:22,034][root][INFO] - Epoch [1/5], Batch [265/300], Loss: 1.3712 (Overall: 0.8056, Change: 1.4542), TF Ratio: 0.947
[2026-06-17 04:55:22,185][root][INFO] - Epoch [1/5], Batch [266/300], Loss: 1.3699 (Overall: 0.9287, Change: 1.1602), TF Ratio: 0.947
[2026-06-17 04:55:22,337][root][INFO] - Epoch [1/5], Batch [267/300], Loss: 1.3685 (Overall: 0.9664, Change: 1.0184), TF Ratio: 0.947
[2026-06-17 04:55:22,530][root][INFO] - Epoch [1/5], Batch [268/300], Loss: 1.3673 (Overall: 0.9162, Change: 1.1701), TF Ratio: 0.946
[2026-06-17 04:55:22,683][root][INFO] - Epoch [1/5], Batch [269/300], Loss: 1.3675 (Overall: 0.9415, Change: 1.8804), TF Ratio: 0.946
[2026-06-17 04:55:22,842][root][INFO] - Epoch [1/5], Batch [270/300], Loss: 1.3660 (Overall: 0.9374, Change: 1.0274), TF Ratio: 0.946
[2026-06-17 04:55:22,994][root][INFO] - Epoch [1/5], Batch [271/300], Loss: 1.3662 (Overall: 0.8190, Change: 1.9747), TF Ratio: 0.946
[2026-06-17 04:55:23,198][root][INFO] - Epoch [1/5], Batch [272/300], Loss: 1.3646 (Overall: 0.8143, Change: 1.0650), TF Ratio: 0.946
[2026-06-17 04:55:23,351][root][INFO] - Epoch [1/5], Batch [273/300], Loss: 1.3641 (Overall: 0.9870, Change: 1.4816), TF Ratio: 0.945
[2026-06-17 04:55:23,504][root][INFO] - Epoch [1/5], Batch [274/300], Loss: 1.3645 (Overall: 1.1183, Change: 1.8113), TF Ratio: 0.945
[2026-06-17 04:55:23,656][root][INFO] - Epoch [1/5], Batch [275/300], Loss: 1.3637 (Overall: 0.8829, Change: 1.4283), TF Ratio: 0.945
[2026-06-17 04:55:23,836][root][INFO] - Epoch [1/5], Batch [276/300], Loss: 1.3624 (Overall: 0.8797, Change: 1.1257), TF Ratio: 0.945
[2026-06-17 04:55:23,990][root][INFO] - Epoch [1/5], Batch [277/300], Loss: 1.3612 (Overall: 0.8405, Change: 1.2121), TF Ratio: 0.945
[2026-06-17 04:55:24,141][root][INFO] - Epoch [1/5], Batch [278/300], Loss: 1.3603 (Overall: 0.7528, Change: 1.4719), TF Ratio: 0.944
[2026-06-17 04:55:24,294][root][INFO] - Epoch [1/5], Batch [279/300], Loss: 1.3596 (Overall: 0.9699, Change: 1.3497), TF Ratio: 0.944
[2026-06-17 04:55:24,482][root][INFO] - Epoch [1/5], Batch [280/300], Loss: 1.3584 (Overall: 0.8228, Change: 1.2235), TF Ratio: 0.944
[2026-06-17 04:55:24,637][root][INFO] - Epoch [1/5], Batch [281/300], Loss: 1.3574 (Overall: 0.9774, Change: 1.2074), TF Ratio: 0.944
[2026-06-17 04:55:24,789][root][INFO] - Epoch [1/5], Batch [282/300], Loss: 1.3566 (Overall: 0.8425, Change: 1.3859), TF Ratio: 0.944
[2026-06-17 04:55:24,942][root][INFO] - Epoch [1/5], Batch [283/300], Loss: 1.3557 (Overall: 0.6662, Change: 1.5381), TF Ratio: 0.943
[2026-06-17 04:55:25,137][root][INFO] - Epoch [1/5], Batch [284/300], Loss: 1.3546 (Overall: 0.8088, Change: 1.2784), TF Ratio: 0.943
[2026-06-17 04:55:25,290][root][INFO] - Epoch [1/5], Batch [285/300], Loss: 1.3541 (Overall: 1.0465, Change: 1.3820), TF Ratio: 0.943
[2026-06-17 04:55:25,443][root][INFO] - Epoch [1/5], Batch [286/300], Loss: 1.3526 (Overall: 0.7289, Change: 1.1513), TF Ratio: 0.943
[2026-06-17 04:55:25,595][root][INFO] - Epoch [1/5], Batch [287/300], Loss: 1.3525 (Overall: 1.2045, Change: 1.3998), TF Ratio: 0.943
[2026-06-17 04:55:25,796][root][INFO] - Epoch [1/5], Batch [288/300], Loss: 1.3520 (Overall: 0.9054, Change: 1.5586), TF Ratio: 0.942
[2026-06-17 04:55:25,950][root][INFO] - Epoch [1/5], Batch [289/300], Loss: 1.3512 (Overall: 1.0843, Change: 1.1517), TF Ratio: 0.942
[2026-06-17 04:55:26,104][root][INFO] - Epoch [1/5], Batch [290/300], Loss: 1.3503 (Overall: 1.1718, Change: 1.0184), TF Ratio: 0.942
[2026-06-17 04:55:26,257][root][INFO] - Epoch [1/5], Batch [291/300], Loss: 1.3491 (Overall: 0.9032, Change: 1.0493), TF Ratio: 0.942
[2026-06-17 04:55:26,451][root][INFO] - Epoch [1/5], Batch [292/300], Loss: 1.3484 (Overall: 0.8240, Change: 1.4896), TF Ratio: 0.942
[2026-06-17 04:55:26,605][root][INFO] - Epoch [1/5], Batch [293/300], Loss: 1.3476 (Overall: 0.8995, Change: 1.3448), TF Ratio: 0.941
[2026-06-17 04:55:26,757][root][INFO] - Epoch [1/5], Batch [294/300], Loss: 1.3467 (Overall: 0.9152, Change: 1.2157), TF Ratio: 0.941
[2026-06-17 04:55:26,911][root][INFO] - Epoch [1/5], Batch [295/300], Loss: 1.3466 (Overall: 0.9234, Change: 1.7335), TF Ratio: 0.941
[2026-06-17 04:55:27,173][root][INFO] - Epoch [1/5], Batch [296/300], Loss: 1.3459 (Overall: 0.7966, Change: 1.4582), TF Ratio: 0.941
[2026-06-17 04:55:27,327][root][INFO] - Epoch [1/5], Batch [297/300], Loss: 1.3455 (Overall: 0.9093, Change: 1.5632), TF Ratio: 0.941
[2026-06-17 04:55:27,480][root][INFO] - Epoch [1/5], Batch [298/300], Loss: 1.3466 (Overall: 1.0548, Change: 2.2788), TF Ratio: 0.940
[2026-06-17 04:55:27,638][root][INFO] - Epoch [1/5], Batch [299/300], Loss: 1.3460 (Overall: 0.8969, Change: 1.4257), TF Ratio: 0.940
[2026-06-17 04:55:27,841][root][INFO] - Epoch [1/5], Batch [300/300], Loss: 1.3451 (Overall: 0.9002, Change: 1.2916), TF Ratio: 0.940
[2026-06-17 04:55:28,795][root][INFO] - Epoch 1 done. Validating...
[2026-06-17 04:55:34,079][root][INFO] - Epoch [1/5] | Train: 1.3451 | Val: 0.7982
[2026-06-17 04:55:34,304][root][INFO] - Checkpoint saved: /gpfs/scratch/bsc32/bsc096444/ai4land-tfm/trained_models/unet_impl/41825211/best_model.pth
[2026-06-17 04:55:34,501][root][INFO] - Checkpoint saved: /gpfs/scratch/bsc32/bsc096444/ai4land-tfm/trained_models/unet_impl/41825211/model_epoch_1.pth
[2026-06-17 04:55:37,175][root][INFO] - Epoch [2/5], Batch [1/300], Loss: 1.0164 (Overall: 0.7426, Change: 1.2903), TF Ratio: 0.940
[2026-06-17 04:55:37,738][root][INFO] - Epoch [2/5], Batch [2/300], Loss: 1.1469 (Overall: 1.0801, Change: 1.4746), TF Ratio: 0.940
[2026-06-17 04:55:37,894][root][INFO] - Epoch [2/5], Batch [3/300], Loss: 1.1477 (Overall: 0.7804, Change: 1.5184), TF Ratio: 0.939
[2026-06-17 04:55:38,075][root][INFO] - Epoch [2/5], Batch [4/300], Loss: 1.2323 (Overall: 1.4745, Change: 1.4977), TF Ratio: 0.939
[2026-06-17 04:55:38,232][root][INFO] - Epoch [2/5], Batch [5/300], Loss: 1.2115 (Overall: 0.8528, Change: 1.4032), TF Ratio: 0.939
[2026-06-17 04:55:38,387][root][INFO] - Epoch [2/5], Batch [6/300], Loss: 1.1864 (Overall: 0.9653, Change: 1.1567), TF Ratio: 0.939
[2026-06-17 04:55:38,542][root][INFO] - Epoch [2/5], Batch [7/300], Loss: 1.1570 (Overall: 0.8429, Change: 1.1186), TF Ratio: 0.939
[2026-06-17 04:55:40,897][root][INFO] - Epoch [2/5], Batch [8/300], Loss: 1.1502 (Overall: 0.8208, Change: 1.3838), TF Ratio: 0.938
[2026-06-17 04:55:41,059][root][INFO] - Epoch [2/5], Batch [9/300], Loss: 1.1596 (Overall: 1.0196, Change: 1.4499), TF Ratio: 0.938
[2026-06-17 04:55:41,213][root][INFO] - Epoch [2/5], Batch [10/300], Loss: 1.1644 (Overall: 0.8304, Change: 1.5861), TF Ratio: 0.938
[2026-06-17 04:55:41,367][root][INFO] - Epoch [2/5], Batch [11/300], Loss: 1.1719 (Overall: 1.0373, Change: 1.4561), TF Ratio: 0.938
[2026-06-17 04:55:41,551][root][INFO] - Epoch [2/5], Batch [12/300], Loss: 1.1740 (Overall: 1.0097, Change: 1.3846), TF Ratio: 0.938
[2026-06-17 04:55:41,706][root][INFO] - Epoch [2/5], Batch [13/300], Loss: 1.1740 (Overall: 0.8440, Change: 1.5039), TF Ratio: 0.937
[2026-06-17 04:55:41,859][root][INFO] - Epoch [2/5], Batch [14/300], Loss: 1.2619 (Overall: 0.9603, Change: 3.8483), TF Ratio: 0.937
[2026-06-17 04:55:42,012][root][INFO] - Epoch [2/5], Batch [15/300], Loss: 1.2775 (Overall: 1.5070, Change: 1.4850), TF Ratio: 0.937
[2026-06-17 04:55:42,202][root][INFO] - Epoch [2/5], Batch [16/300], Loss: 1.2639 (Overall: 0.8747, Change: 1.2450), TF Ratio: 0.937
[2026-06-17 04:55:42,360][root][INFO] - Epoch [2/5], Batch [17/300], Loss: 1.2590 (Overall: 0.7455, Change: 1.6147), TF Ratio: 0.937
[2026-06-17 04:55:42,514][root][INFO] - Epoch [2/5], Batch [18/300], Loss: 1.2559 (Overall: 0.8841, Change: 1.5234), TF Ratio: 0.936
[2026-06-17 04:55:42,669][root][INFO] - Epoch [2/5], Batch [19/300], Loss: 1.2624 (Overall: 0.7967, Change: 1.9611), TF Ratio: 0.936
[2026-06-17 04:55:42,853][root][INFO] - Epoch [2/5], Batch [20/300], Loss: 1.2514 (Overall: 0.9639, Change: 1.1223), TF Ratio: 0.936
[2026-06-17 04:55:43,007][root][INFO] - Epoch [2/5], Batch [21/300], Loss: 1.2463 (Overall: 0.6844, Change: 1.6047), TF Ratio: 0.936
[2026-06-17 04:55:43,601][root][INFO] - Epoch [2/5], Batch [22/300], Loss: 1.2428 (Overall: 0.8788, Change: 1.4606), TF Ratio: 0.936
[2026-06-17 04:55:43,758][root][INFO] - Epoch [2/5], Batch [23/300], Loss: 1.2405 (Overall: 0.7958, Change: 1.5839), TF Ratio: 0.935
[2026-06-17 04:55:43,927][root][INFO] - Epoch [2/5], Batch [24/300], Loss: 1.2381 (Overall: 0.7665, Change: 1.5973), TF Ratio: 0.935
[2026-06-17 04:55:45,667][root][INFO] - Epoch [2/5], Batch [25/300], Loss: 1.2299 (Overall: 0.9132, Change: 1.1529), TF Ratio: 0.935
[2026-06-17 04:55:45,820][root][INFO] - Epoch [2/5], Batch [26/300], Loss: 1.2355 (Overall: 1.2419, Change: 1.5097), TF Ratio: 0.935
[2026-06-17 04:55:45,973][root][INFO] - Epoch [2/5], Batch [27/300], Loss: 1.2253 (Overall: 0.8498, Change: 1.0719), TF Ratio: 0.935
[2026-06-17 04:55:46,148][root][INFO] - Epoch [2/5], Batch [28/300], Loss: 1.2247 (Overall: 0.8765, Change: 1.5362), TF Ratio: 0.934
[2026-06-17 04:55:46,302][root][INFO] - Epoch [2/5], Batch [29/300], Loss: 1.2282 (Overall: 0.8079, Change: 1.8454), TF Ratio: 0.934
[2026-06-17 04:55:46,455][root][INFO] - Epoch [2/5], Batch [30/300], Loss: 1.2221 (Overall: 0.9411, Change: 1.1520), TF Ratio: 0.934
[2026-06-17 04:55:46,610][root][INFO] - Epoch [2/5], Batch [31/300], Loss: 1.2219 (Overall: 0.8188, Change: 1.6137), TF Ratio: 0.934
[2026-06-17 04:55:47,417][root][INFO] - Epoch [2/5], Batch [32/300], Loss: 1.2138 (Overall: 0.6480, Change: 1.2746), TF Ratio: 0.934
[2026-06-17 04:55:48,219][root][INFO] - Epoch [2/5], Batch [33/300], Loss: 1.2190 (Overall: 1.2378, Change: 1.5364), TF Ratio: 0.933
[2026-06-17 04:55:48,373][root][INFO] - Epoch [2/5], Batch [34/300], Loss: 1.2207 (Overall: 0.9964, Change: 1.5542), TF Ratio: 0.933
[2026-06-17 04:55:48,525][root][INFO] - Epoch [2/5], Batch [35/300], Loss: 1.2197 (Overall: 0.8479, Change: 1.5272), TF Ratio: 0.933
[2026-06-17 04:55:48,710][root][INFO] - Epoch [2/5], Batch [36/300], Loss: 1.2191 (Overall: 0.9406, Change: 1.4536), TF Ratio: 0.933
[2026-06-17 04:55:48,865][root][INFO] - Epoch [2/5], Batch [37/300], Loss: 1.2152 (Overall: 0.8218, Change: 1.3296), TF Ratio: 0.933
[2026-06-17 04:55:49,019][root][INFO] - Epoch [2/5], Batch [38/300], Loss: 1.2195 (Overall: 1.0756, Change: 1.6767), TF Ratio: 0.932
[2026-06-17 04:55:49,191][root][INFO] - Epoch [2/5], Batch [39/300], Loss: 1.2141 (Overall: 0.8156, Change: 1.2082), TF Ratio: 0.932
[2026-06-17 04:55:49,379][root][INFO] - Epoch [2/5], Batch [40/300], Loss: 1.2135 (Overall: 0.8349, Change: 1.5441), TF Ratio: 0.932
[2026-06-17 04:55:49,534][root][INFO] - Epoch [2/5], Batch [41/300], Loss: 1.2078 (Overall: 0.9179, Change: 1.0386), TF Ratio: 0.932
[2026-06-17 04:55:49,689][root][INFO] - Epoch [2/5], Batch [42/300], Loss: 1.2081 (Overall: 0.8166, Change: 1.6208), TF Ratio: 0.932
[2026-06-17 04:55:49,843][root][INFO] - Epoch [2/5], Batch [43/300], Loss: 1.2069 (Overall: 0.8238, Change: 1.4971), TF Ratio: 0.931
[2026-06-17 04:55:50,037][root][INFO] - Epoch [2/5], Batch [44/300], Loss: 1.2025 (Overall: 0.9776, Change: 1.0493), TF Ratio: 0.931
[2026-06-17 04:55:50,196][root][INFO] - Epoch [2/5], Batch [45/300], Loss: 1.2029 (Overall: 0.7836, Change: 1.6508), TF Ratio: 0.931
[2026-06-17 04:55:50,349][root][INFO] - Epoch [2/5], Batch [46/300], Loss: 1.2052 (Overall: 0.9614, Change: 1.6541), TF Ratio: 0.931
[2026-06-17 04:55:50,503][root][INFO] - Epoch [2/5], Batch [47/300], Loss: 1.2091 (Overall: 1.5152, Change: 1.2623), TF Ratio: 0.931
[2026-06-17 04:55:50,725][root][INFO] - Epoch [2/5], Batch [48/300], Loss: 1.2068 (Overall: 0.8608, Change: 1.3360), TF Ratio: 0.930
[2026-06-17 04:55:50,880][root][INFO] - Epoch [2/5], Batch [49/300], Loss: 1.2041 (Overall: 0.6710, Change: 1.4812), TF Ratio: 0.930
[2026-06-17 04:55:51,039][root][INFO] - Epoch [2/5], Batch [50/300], Loss: 1.2063 (Overall: 0.9974, Change: 1.6285), TF Ratio: 0.930
[2026-06-17 04:55:51,218][root][INFO] - Epoch [2/5], Batch [51/300], Loss: 1.2038 (Overall: 0.6520, Change: 1.5115), TF Ratio: 0.930
[2026-06-17 04:55:51,405][root][INFO] - Epoch [2/5], Batch [52/300], Loss: 1.2024 (Overall: 0.8905, Change: 1.3696), TF Ratio: 0.930
[2026-06-17 04:55:51,562][root][INFO] - Epoch [2/5], Batch [53/300], Loss: 1.1992 (Overall: 0.8243, Change: 1.2387), TF Ratio: 0.929
[2026-06-17 04:55:51,715][root][INFO] - Epoch [2/5], Batch [54/300], Loss: 1.1978 (Overall: 0.9556, Change: 1.2958), TF Ratio: 0.929
[2026-06-17 04:55:51,869][root][INFO] - Epoch [2/5], Batch [55/300], Loss: 1.1964 (Overall: 0.7117, Change: 1.5319), TF Ratio: 0.929
[2026-06-17 04:55:52,065][root][INFO] - Epoch [2/5], Batch [56/300], Loss: 1.1945 (Overall: 0.8087, Change: 1.3707), TF Ratio: 0.929
[2026-06-17 04:55:52,221][root][INFO] - Epoch [2/5], Batch [57/300], Loss: 1.1945 (Overall: 1.0624, Change: 1.3274), TF Ratio: 0.929
[2026-06-17 04:55:52,386][root][INFO] - Epoch [2/5], Batch [58/300], Loss: 1.1922 (Overall: 0.8157, Change: 1.3016), TF Ratio: 0.928
[2026-06-17 04:55:52,540][root][INFO] - Epoch [2/5], Batch [59/300], Loss: 1.1923 (Overall: 1.0661, Change: 1.3290), TF Ratio: 0.928
[2026-06-17 04:55:52,724][root][INFO] - Epoch [2/5], Batch [60/300], Loss: 1.1880 (Overall: 0.8335, Change: 1.0312), TF Ratio: 0.928
[2026-06-17 04:55:52,882][root][INFO] - Epoch [2/5], Batch [61/300], Loss: 1.1869 (Overall: 0.7377, Change: 1.5039), TF Ratio: 0.928
[2026-06-17 04:55:53,036][root][INFO] - Epoch [2/5], Batch [62/300], Loss: 1.1756 (Overall: 0.9822, Change: 0.0000), TF Ratio: 0.928
[2026-06-17 04:55:53,190][root][INFO] - Epoch [2/5], Batch [63/300], Loss: 1.1755 (Overall: 1.0402, Change: 1.2890), TF Ratio: 0.927
[2026-06-17 04:55:53,373][root][INFO] - Epoch [2/5], Batch [64/300], Loss: 1.1803 (Overall: 0.9912, Change: 1.9802), TF Ratio: 0.927
[2026-06-17 04:55:53,540][root][INFO] - Epoch [2/5], Batch [65/300], Loss: 1.1802 (Overall: 0.8893, Change: 1.4515), TF Ratio: 0.927
[2026-06-17 04:55:53,706][root][INFO] - Epoch [2/5], Batch [66/300], Loss: 1.1798 (Overall: 1.0026, Change: 1.3084), TF Ratio: 0.927
[2026-06-17 04:55:53,874][root][INFO] - Epoch [2/5], Batch [67/300], Loss: 1.1821 (Overall: 1.1947, Change: 1.4823), TF Ratio: 0.927
[2026-06-17 04:55:54,057][root][INFO] - Epoch [2/5], Batch [68/300], Loss: 1.1815 (Overall: 0.8774, Change: 1.4035), TF Ratio: 0.926
[2026-06-17 04:55:54,211][root][INFO] - Epoch [2/5], Batch [69/300], Loss: 1.1812 (Overall: 1.0149, Change: 1.3043), TF Ratio: 0.926
[2026-06-17 04:55:54,367][root][INFO] - Epoch [2/5], Batch [70/300], Loss: 1.1803 (Overall: 0.7381, Change: 1.4966), TF Ratio: 0.926
[2026-06-17 04:55:54,520][root][INFO] - Epoch [2/5], Batch [71/300], Loss: 1.1796 (Overall: 0.8641, Change: 1.3950), TF Ratio: 0.926
[2026-06-17 04:55:54,714][root][INFO] - Epoch [2/5], Batch [72/300], Loss: 1.1795 (Overall: 0.8902, Change: 1.4544), TF Ratio: 0.926
[2026-06-17 04:55:54,869][root][INFO] - Epoch [2/5], Batch [73/300], Loss: 1.1799 (Overall: 0.6952, Change: 1.7256), TF Ratio: 0.925
[2026-06-17 04:55:55,023][root][INFO] - Epoch [2/5], Batch [74/300], Loss: 1.1805 (Overall: 0.7398, Change: 1.7060), TF Ratio: 0.925
[2026-06-17 04:55:55,178][root][INFO] - Epoch [2/5], Batch [75/300], Loss: 1.1795 (Overall: 0.8210, Change: 1.3941), TF Ratio: 0.925
[2026-06-17 04:55:55,388][root][INFO] - Epoch [2/5], Batch [76/300], Loss: 1.1793 (Overall: 0.7116, Change: 1.6113), TF Ratio: 0.925
[2026-06-17 04:55:55,549][root][INFO] - Epoch [2/5], Batch [77/300], Loss: 1.1783 (Overall: 0.6827, Change: 1.5200), TF Ratio: 0.925
[2026-06-17 04:55:55,704][root][INFO] - Epoch [2/5], Batch [78/300], Loss: 1.1752 (Overall: 0.6468, Change: 1.2337), TF Ratio: 0.924
[2026-06-17 04:55:55,856][root][INFO] - Epoch [2/5], Batch [79/300], Loss: 1.1763 (Overall: 0.8861, Change: 1.6411), TF Ratio: 0.924
[2026-06-17 04:55:56,047][root][INFO] - Epoch [2/5], Batch [80/300], Loss: 1.1774 (Overall: 0.7976, Change: 1.7227), TF Ratio: 0.924
[2026-06-17 04:55:56,201][root][INFO] - Epoch [2/5], Batch [81/300], Loss: 1.1787 (Overall: 0.8902, Change: 1.6820), TF Ratio: 0.924
[2026-06-17 04:55:56,354][root][INFO] - Epoch [2/5], Batch [82/300], Loss: 1.1752 (Overall: 0.7236, Change: 1.0624), TF Ratio: 0.924
[2026-06-17 04:55:56,514][root][INFO] - Epoch [2/5], Batch [83/300], Loss: 1.1750 (Overall: 0.7536, Change: 1.5538), TF Ratio: 0.923
[2026-06-17 04:55:56,697][root][INFO] - Epoch [2/5], Batch [84/300], Loss: 1.1735 (Overall: 0.7153, Change: 1.3913), TF Ratio: 0.923
[2026-06-17 04:55:56,861][root][INFO] - Epoch [2/5], Batch [85/300], Loss: 1.1721 (Overall: 0.7168, Change: 1.3895), TF Ratio: 0.923
[2026-06-17 04:55:57,013][root][INFO] - Epoch [2/5], Batch [86/300], Loss: 1.1712 (Overall: 0.9096, Change: 1.2852), TF Ratio: 0.923
[2026-06-17 04:55:57,166][root][INFO] - Epoch [2/5], Batch [87/300], Loss: 1.1706 (Overall: 0.7917, Change: 1.4368), TF Ratio: 0.923
[2026-06-17 04:55:57,362][root][INFO] - Epoch [2/5], Batch [88/300], Loss: 1.1701 (Overall: 0.7667, Change: 1.4789), TF Ratio: 0.922
[2026-06-17 04:55:57,516][root][INFO] - Epoch [2/5], Batch [89/300], Loss: 1.1710 (Overall: 0.9103, Change: 1.5931), TF Ratio: 0.922
[2026-06-17 04:55:57,669][root][INFO] - Epoch [2/5], Batch [90/300], Loss: 1.1766 (Overall: 1.6607, Change: 1.6880), TF Ratio: 0.922
[2026-06-17 04:55:57,822][root][INFO] - Epoch [2/5], Batch [91/300], Loss: 1.1774 (Overall: 0.9161, Change: 1.5842), TF Ratio: 0.922
[2026-06-17 04:55:58,018][root][INFO] - Epoch [2/5], Batch [92/300], Loss: 1.1776 (Overall: 0.8645, Change: 1.5395), TF Ratio: 0.922
[2026-06-17 04:55:58,171][root][INFO] - Epoch [2/5], Batch [93/300], Loss: 1.1766 (Overall: 0.8638, Change: 1.2940), TF Ratio: 0.921
[2026-06-17 04:55:58,324][root][INFO] - Epoch [2/5], Batch [94/300], Loss: 1.1781 (Overall: 0.8592, Change: 1.7779), TF Ratio: 0.921
[2026-06-17 04:55:58,476][root][INFO] - Epoch [2/5], Batch [95/300], Loss: 1.1766 (Overall: 0.6968, Change: 1.3755), TF Ratio: 0.921
[2026-06-17 04:55:58,685][root][INFO] - Epoch [2/5], Batch [96/300], Loss: 1.1782 (Overall: 1.1127, Change: 1.5483), TF Ratio: 0.921
[2026-06-17 04:55:58,839][root][INFO] - Epoch [2/5], Batch [97/300], Loss: 1.1761 (Overall: 0.6681, Change: 1.2821), TF Ratio: 0.921
[2026-06-17 04:55:58,991][root][INFO] - Epoch [2/5], Batch [98/300], Loss: 1.1757 (Overall: 0.8036, Change: 1.4776), TF Ratio: 0.920
[2026-06-17 04:55:59,144][root][INFO] - Epoch [2/5], Batch [99/300], Loss: 1.1753 (Overall: 0.8223, Change: 1.4487), TF Ratio: 0.920
[2026-06-17 04:55:59,338][root][INFO] - Epoch [2/5], Batch [100/300], Loss: 1.1742 (Overall: 0.8372, Change: 1.2792), TF Ratio: 0.920
[2026-06-17 04:55:59,492][root][INFO] - Epoch [2/5], Batch [101/300], Loss: 1.1738 (Overall: 0.9499, Change: 1.3161), TF Ratio: 0.920
[2026-06-17 04:55:59,645][root][INFO] - Epoch [2/5], Batch [102/300], Loss: 1.1722 (Overall: 0.8091, Change: 1.2295), TF Ratio: 0.920
[2026-06-17 04:55:59,797][root][INFO] - Epoch [2/5], Batch [103/300], Loss: 1.1703 (Overall: 0.5673, Change: 1.3834), TF Ratio: 0.919
[2026-06-17 04:55:59,994][root][INFO] - Epoch [2/5], Batch [104/300], Loss: 1.1676 (Overall: 0.8044, Change: 0.9775), TF Ratio: 0.919
[2026-06-17 04:56:00,149][root][INFO] - Epoch [2/5], Batch [105/300], Loss: 1.1673 (Overall: 0.6413, Change: 1.6319), TF Ratio: 0.919
[2026-06-17 04:56:00,307][root][INFO] - Epoch [2/5], Batch [106/300], Loss: 1.1639 (Overall: 0.7184, Change: 0.8953), TF Ratio: 0.919
[2026-06-17 04:56:00,460][root][INFO] - Epoch [2/5], Batch [107/300], Loss: 1.1641 (Overall: 0.7468, Change: 1.6119), TF Ratio: 0.919
[2026-06-17 04:56:00,655][root][INFO] - Epoch [2/5], Batch [108/300], Loss: 1.1641 (Overall: 0.9333, Change: 1.3862), TF Ratio: 0.918
[2026-06-17 04:56:00,810][root][INFO] - Epoch [2/5], Batch [109/300], Loss: 1.1657 (Overall: 0.9056, Change: 1.7792), TF Ratio: 0.918
[2026-06-17 04:56:00,972][root][INFO] - Epoch [2/5], Batch [110/300], Loss: 1.1654 (Overall: 0.8023, Change: 1.4662), TF Ratio: 0.918
[2026-06-17 04:56:01,125][root][INFO] - Epoch [2/5], Batch [111/300], Loss: 1.1665 (Overall: 0.9217, Change: 1.6433), TF Ratio: 0.918
[2026-06-17 04:56:01,311][root][INFO] - Epoch [2/5], Batch [112/300], Loss: 1.1657 (Overall: 0.9959, Change: 1.1742), TF Ratio: 0.918
[2026-06-17 04:56:01,466][root][INFO] - Epoch [2/5], Batch [113/300], Loss: 1.1671 (Overall: 1.5025, Change: 1.1465), TF Ratio: 0.917
[2026-06-17 04:56:01,626][root][INFO] - Epoch [2/5], Batch [114/300], Loss: 1.1713 (Overall: 1.5835, Change: 1.6902), TF Ratio: 0.917
[2026-06-17 04:56:01,781][root][INFO] - Epoch [2/5], Batch [115/300], Loss: 1.1708 (Overall: 0.9829, Change: 1.2489), TF Ratio: 0.917
[2026-06-17 04:56:01,986][root][INFO] - Epoch [2/5], Batch [116/300], Loss: 1.1725 (Overall: 1.2766, Change: 1.4720), TF Ratio: 0.917
[2026-06-17 04:56:02,143][root][INFO] - Epoch [2/5], Batch [117/300], Loss: 1.1717 (Overall: 0.8287, Change: 1.3317), TF Ratio: 0.917
[2026-06-17 04:56:02,297][root][INFO] - Epoch [2/5], Batch [118/300], Loss: 1.1709 (Overall: 0.8225, Change: 1.3344), TF Ratio: 0.916
[2026-06-17 04:56:02,456][root][INFO] - Epoch [2/5], Batch [119/300], Loss: 1.1703 (Overall: 0.7134, Change: 1.4806), TF Ratio: 0.916
[2026-06-17 04:56:02,632][root][INFO] - Epoch [2/5], Batch [120/300], Loss: 1.1706 (Overall: 1.1322, Change: 1.2642), TF Ratio: 0.916
[2026-06-17 04:56:02,787][root][INFO] - Epoch [2/5], Batch [121/300], Loss: 1.1703 (Overall: 0.7443, Change: 1.5245), TF Ratio: 0.916
[2026-06-17 04:56:02,940][root][INFO] - Epoch [2/5], Batch [122/300], Loss: 1.1692 (Overall: 0.9468, Change: 1.1398), TF Ratio: 0.916
[2026-06-17 04:56:03,094][root][INFO] - Epoch [2/5], Batch [123/300], Loss: 1.1682 (Overall: 0.7412, Change: 1.3469), TF Ratio: 0.915
[2026-06-17 04:56:03,290][root][INFO] - Epoch [2/5], Batch [124/300], Loss: 1.1677 (Overall: 0.7675, Change: 1.4487), TF Ratio: 0.915
[2026-06-17 04:56:03,445][root][INFO] - Epoch [2/5], Batch [125/300], Loss: 1.1667 (Overall: 0.7321, Change: 1.3381), TF Ratio: 0.915
[2026-06-17 04:56:03,605][root][INFO] - Epoch [2/5], Batch [126/300], Loss: 1.1660 (Overall: 0.8523, Change: 1.3235), TF Ratio: 0.915
[2026-06-17 04:56:03,758][root][INFO] - Epoch [2/5], Batch [127/300], Loss: 1.1674 (Overall: 0.9902, Change: 1.6937), TF Ratio: 0.915
[2026-06-17 04:56:03,952][root][INFO] - Epoch [2/5], Batch [128/300], Loss: 1.1654 (Overall: 0.7867, Change: 1.0191), TF Ratio: 0.914
[2026-06-17 04:56:04,107][root][INFO] - Epoch [2/5], Batch [129/300], Loss: 1.1623 (Overall: 0.6459, Change: 0.9048), TF Ratio: 0.914
[2026-06-17 04:56:04,286][root][INFO] - Epoch [2/5], Batch [130/300], Loss: 1.1625 (Overall: 0.8999, Change: 1.4798), TF Ratio: 0.914
[2026-06-17 04:56:04,439][root][INFO] - Epoch [2/5], Batch [131/300], Loss: 1.1624 (Overall: 0.7082, Change: 1.5677), TF Ratio: 0.914
[2026-06-17 04:56:04,619][root][INFO] - Epoch [2/5], Batch [132/300], Loss: 1.1607 (Overall: 0.7319, Change: 1.1513), TF Ratio: 0.914
[2026-06-17 04:56:04,784][root][INFO] - Epoch [2/5], Batch [133/300], Loss: 1.1604 (Overall: 0.7885, Change: 1.4608), TF Ratio: 0.913
[2026-06-17 04:56:04,938][root][INFO] - Epoch [2/5], Batch [134/300], Loss: 1.1614 (Overall: 0.9619, Change: 1.6227), TF Ratio: 0.913
[2026-06-17 04:56:05,091][root][INFO] - Epoch [2/5], Batch [135/300], Loss: 1.1607 (Overall: 0.9093, Change: 1.2398), TF Ratio: 0.913
[2026-06-17 04:56:05,270][root][INFO] - Epoch [2/5], Batch [136/300], Loss: 1.1604 (Overall: 0.6961, Change: 1.5203), TF Ratio: 0.913
[2026-06-17 04:56:05,429][root][INFO] - Epoch [2/5], Batch [137/300], Loss: 1.1611 (Overall: 1.0484, Change: 1.4613), TF Ratio: 0.913
[2026-06-17 04:56:05,593][root][INFO] - Epoch [2/5], Batch [138/300], Loss: 1.1608 (Overall: 0.7893, Change: 1.4630), TF Ratio: 0.912
[2026-06-17 04:56:05,746][root][INFO] - Epoch [2/5], Batch [139/300], Loss: 1.1616 (Overall: 1.3351, Change: 1.1973), TF Ratio: 0.912
[2026-06-17 04:56:05,930][root][INFO] - Epoch [2/5], Batch [140/300], Loss: 1.1607 (Overall: 0.8897, Change: 1.1793), TF Ratio: 0.912
[2026-06-17 04:56:06,105][root][INFO] - Epoch [2/5], Batch [141/300], Loss: 1.1618 (Overall: 0.9333, Change: 1.7004), TF Ratio: 0.912
[2026-06-17 04:56:06,257][root][INFO] - Epoch [2/5], Batch [142/300], Loss: 1.1622 (Overall: 0.8518, Change: 1.5847), TF Ratio: 0.912
[2026-06-17 04:56:06,411][root][INFO] - Epoch [2/5], Batch [143/300], Loss: 1.1617 (Overall: 1.0746, Change: 1.1125), TF Ratio: 0.911
[2026-06-17 04:56:06,586][root][INFO] - Epoch [2/5], Batch [144/300], Loss: 1.1624 (Overall: 0.8531, Change: 1.6853), TF Ratio: 0.911
[2026-06-17 04:56:06,739][root][INFO] - Epoch [2/5], Batch [145/300], Loss: 1.1615 (Overall: 0.8508, Change: 1.1926), TF Ratio: 0.911
[2026-06-17 04:56:06,897][root][INFO] - Epoch [2/5], Batch [146/300], Loss: 1.1602 (Overall: 0.7399, Change: 1.2219), TF Ratio: 0.911
[2026-06-17 04:56:07,055][root][INFO] - Epoch [2/5], Batch [147/300], Loss: 1.1592 (Overall: 0.7884, Change: 1.2402), TF Ratio: 0.911
[2026-06-17 04:56:07,255][root][INFO] - Epoch [2/5], Batch [148/300], Loss: 1.1599 (Overall: 0.6745, Change: 1.8316), TF Ratio: 0.910
[2026-06-17 04:56:07,409][root][INFO] - Epoch [2/5], Batch [149/300], Loss: 1.1584 (Overall: 0.8470, Change: 1.0480), TF Ratio: 0.910
[2026-06-17 04:56:07,562][root][INFO] - Epoch [2/5], Batch [150/300], Loss: 1.1580 (Overall: 0.7254, Change: 1.4646), TF Ratio: 0.910
[2026-06-17 04:56:07,716][root][INFO] - Epoch [2/5], Batch [151/300], Loss: 1.1561 (Overall: 0.7178, Change: 1.0145), TF Ratio: 0.910
[2026-06-17 04:56:07,908][root][INFO] - Epoch [2/5], Batch [152/300], Loss: 1.1571 (Overall: 1.2246, Change: 1.3887), TF Ratio: 0.910
[2026-06-17 04:56:08,062][root][INFO] - Epoch [2/5], Batch [153/300], Loss: 1.1574 (Overall: 0.7194, Change: 1.6913), TF Ratio: 0.909
[2026-06-17 04:56:08,214][root][INFO] - Epoch [2/5], Batch [154/300], Loss: 1.1569 (Overall: 0.7485, Change: 1.4222), TF Ratio: 0.909
[2026-06-17 04:56:08,367][root][INFO] - Epoch [2/5], Batch [155/300], Loss: 1.1563 (Overall: 0.8746, Change: 1.2546), TF Ratio: 0.909
[2026-06-17 04:56:08,565][root][INFO] - Epoch [2/5], Batch [156/300], Loss: 1.1554 (Overall: 0.7960, Change: 1.2245), TF Ratio: 0.909
[2026-06-17 04:56:08,719][root][INFO] - Epoch [2/5], Batch [157/300], Loss: 1.1558 (Overall: 0.8389, Change: 1.5958), TF Ratio: 0.909
[2026-06-17 04:56:08,873][root][INFO] - Epoch [2/5], Batch [158/300], Loss: 1.1545 (Overall: 0.6645, Change: 1.2487), TF Ratio: 0.908
[2026-06-17 04:56:09,028][root][INFO] - Epoch [2/5], Batch [159/300], Loss: 1.1543 (Overall: 0.6745, Change: 1.5744), TF Ratio: 0.908
[2026-06-17 04:56:09,221][root][INFO] - Epoch [2/5], Batch [160/300], Loss: 1.1536 (Overall: 0.9114, Change: 1.1537), TF Ratio: 0.908
[2026-06-17 04:56:09,383][root][INFO] - Epoch [2/5], Batch [161/300], Loss: 1.1533 (Overall: 0.7521, Change: 1.4828), TF Ratio: 0.908
[2026-06-17 04:56:09,536][root][INFO] - Epoch [2/5], Batch [162/300], Loss: 1.1537 (Overall: 0.8873, Change: 1.5413), TF Ratio: 0.908
[2026-06-17 04:56:09,688][root][INFO] - Epoch [2/5], Batch [163/300], Loss: 1.1537 (Overall: 0.9097, Change: 1.4037), TF Ratio: 0.907
[2026-06-17 04:56:09,861][root][INFO] - Epoch [2/5], Batch [164/300], Loss: 1.1531 (Overall: 0.9948, Change: 1.1000), TF Ratio: 0.907
[2026-06-17 04:56:10,015][root][INFO] - Epoch [2/5], Batch [165/300], Loss: 1.1524 (Overall: 0.8231, Change: 1.2399), TF Ratio: 0.907
[2026-06-17 04:56:10,176][root][INFO] - Epoch [2/5], Batch [166/300], Loss: 1.1530 (Overall: 0.8262, Change: 1.6864), TF Ratio: 0.907
[2026-06-17 04:56:10,328][root][INFO] - Epoch [2/5], Batch [167/300], Loss: 1.1521 (Overall: 0.6210, Change: 1.4074), TF Ratio: 0.907
[2026-06-17 04:56:13,162][root][INFO] - Epoch [2/5], Batch [168/300], Loss: 1.1530 (Overall: 0.8232, Change: 1.7687), TF Ratio: 0.906
[2026-06-17 04:56:13,325][root][INFO] - Epoch [2/5], Batch [169/300], Loss: 1.1532 (Overall: 0.7753, Change: 1.6097), TF Ratio: 0.906
[2026-06-17 04:56:13,477][root][INFO] - Epoch [2/5], Batch [170/300], Loss: 1.1554 (Overall: 1.3412, Change: 1.7153), TF Ratio: 0.906
[2026-06-17 04:56:13,629][root][INFO] - Epoch [2/5], Batch [171/300], Loss: 1.1561 (Overall: 0.9358, Change: 1.6098), TF Ratio: 0.906
[2026-06-17 04:56:13,806][root][INFO] - Epoch [2/5], Batch [172/300], Loss: 1.1561 (Overall: 0.9068, Change: 1.4077), TF Ratio: 0.906
[2026-06-17 04:56:13,960][root][INFO] - Epoch [2/5], Batch [173/300], Loss: 1.1558 (Overall: 0.7187, Change: 1.4605), TF Ratio: 0.905
[2026-06-17 04:56:14,113][root][INFO] - Epoch [2/5], Batch [174/300], Loss: 1.1554 (Overall: 0.5806, Change: 1.6156), TF Ratio: 0.905
[2026-06-17 04:56:14,267][root][INFO] - Epoch [2/5], Batch [175/300], Loss: 1.1559 (Overall: 0.7753, Change: 1.7055), TF Ratio: 0.905
[2026-06-17 04:56:14,448][root][INFO] - Epoch [2/5], Batch [176/300], Loss: 1.1564 (Overall: 0.8096, Change: 1.6768), TF Ratio: 0.905
[2026-06-17 04:56:14,601][root][INFO] - Epoch [2/5], Batch [177/300], Loss: 1.1564 (Overall: 0.7622, Change: 1.5674), TF Ratio: 0.905
[2026-06-17 04:56:14,753][root][INFO] - Epoch [2/5], Batch [178/300], Loss: 1.1556 (Overall: 0.7425, Change: 1.2624), TF Ratio: 0.904
[2026-06-17 04:56:14,906][root][INFO] - Epoch [2/5], Batch [179/300], Loss: 1.1543 (Overall: 0.7210, Change: 1.1212), TF Ratio: 0.904
[2026-06-17 04:56:15,084][root][INFO] - Epoch [2/5], Batch [180/300], Loss: 1.1578 (Overall: 1.0383, Change: 2.5555), TF Ratio: 0.904
[2026-06-17 04:56:15,239][root][INFO] - Epoch [2/5], Batch [181/300], Loss: 1.1582 (Overall: 0.9891, Change: 1.4507), TF Ratio: 0.904
[2026-06-17 04:56:15,391][root][INFO] - Epoch [2/5], Batch [182/300], Loss: 1.1575 (Overall: 0.7598, Change: 1.3217), TF Ratio: 0.904
[2026-06-17 04:56:15,544][root][INFO] - Epoch [2/5], Batch [183/300], Loss: 1.1579 (Overall: 0.9585, Change: 1.4803), TF Ratio: 0.903
[2026-06-17 04:56:15,740][root][INFO] - Epoch [2/5], Batch [184/300], Loss: 1.1574 (Overall: 0.8241, Change: 1.3266), TF Ratio: 0.903
[2026-06-17 04:56:15,902][root][INFO] - Epoch [2/5], Batch [185/300], Loss: 1.1564 (Overall: 0.7903, Change: 1.1503), TF Ratio: 0.903
[2026-06-17 04:56:16,055][root][INFO] - Epoch [2/5], Batch [186/300], Loss: 1.1560 (Overall: 0.6188, Change: 1.5289), TF Ratio: 0.903
[2026-06-17 04:56:16,207][root][INFO] - Epoch [2/5], Batch [187/300], Loss: 1.1559 (Overall: 0.6444, Change: 1.6273), TF Ratio: 0.903
[2026-06-17 04:56:16,400][root][INFO] - Epoch [2/5], Batch [188/300], Loss: 1.1542 (Overall: 0.7094, Change: 0.9707), TF Ratio: 0.902
[2026-06-17 04:56:16,555][root][INFO] - Epoch [2/5], Batch [189/300], Loss: 1.1547 (Overall: 0.5749, Change: 1.9457), TF Ratio: 0.902
[2026-06-17 04:56:16,709][root][INFO] - Epoch [2/5], Batch [190/300], Loss: 1.1544 (Overall: 0.8668, Change: 1.2914), TF Ratio: 0.902
[2026-06-17 04:56:16,862][root][INFO] - Epoch [2/5], Batch [191/300], Loss: 1.1531 (Overall: 0.6726, Change: 1.1481), TF Ratio: 0.902
[2026-06-17 04:56:17,064][root][INFO] - Epoch [2/5], Batch [192/300], Loss: 1.1521 (Overall: 0.5893, Change: 1.3395), TF Ratio: 0.902
[2026-06-17 04:56:17,229][root][INFO] - Epoch [2/5], Batch [193/300], Loss: 1.1535 (Overall: 1.0001, Change: 1.8584), TF Ratio: 0.901
[2026-06-17 04:56:17,382][root][INFO] - Epoch [2/5], Batch [194/300], Loss: 1.1532 (Overall: 0.7546, Change: 1.4229), TF Ratio: 0.901
[2026-06-17 04:56:17,554][root][INFO] - Epoch [2/5], Batch [195/300], Loss: 1.1535 (Overall: 0.6244, Change: 1.7918), TF Ratio: 0.901
[2026-06-17 04:56:17,736][root][INFO] - Epoch [2/5], Batch [196/300], Loss: 1.1534 (Overall: 0.9438, Change: 1.3417), TF Ratio: 0.901
[2026-06-17 04:56:17,891][root][INFO] - Epoch [2/5], Batch [197/300], Loss: 1.1531 (Overall: 0.7183, Change: 1.4599), TF Ratio: 0.901
[2026-06-17 04:56:18,044][root][INFO] - Epoch [2/5], Batch [198/300], Loss: 1.1529 (Overall: 0.6884, Change: 1.5246), TF Ratio: 0.900
[2026-06-17 04:56:18,209][root][INFO] - Epoch [2/5], Batch [199/300], Loss: 1.1506 (Overall: 0.7645, Change: 0.6361), TF Ratio: 0.900
[2026-06-17 04:56:18,406][root][INFO] - Epoch [2/5], Batch [200/300], Loss: 1.1506 (Overall: 0.7845, Change: 1.5051), TF Ratio: 0.900
[2026-06-17 04:56:18,561][root][INFO] - Epoch [2/5], Batch [201/300], Loss: 1.1505 (Overall: 0.9142, Change: 1.3813), TF Ratio: 0.900
[2026-06-17 04:56:18,715][root][INFO] - Epoch [2/5], Batch [202/300], Loss: 1.1502 (Overall: 0.8668, Change: 1.3093), TF Ratio: 0.900
[2026-06-17 04:56:18,869][root][INFO] - Epoch [2/5], Batch [203/300], Loss: 1.1502 (Overall: 0.8068, Change: 1.4793), TF Ratio: 0.899
[2026-06-17 04:56:19,073][root][INFO] - Epoch [2/5], Batch [204/300], Loss: 1.1497 (Overall: 0.8105, Change: 1.2992), TF Ratio: 0.899
[2026-06-17 04:56:19,227][root][INFO] - Epoch [2/5], Batch [205/300], Loss: 1.1498 (Overall: 0.9358, Change: 1.3826), TF Ratio: 0.899
[2026-06-17 04:56:19,382][root][INFO] - Epoch [2/5], Batch [206/300], Loss: 1.1493 (Overall: 0.7795, Change: 1.3236), TF Ratio: 0.899
[2026-06-17 04:56:19,534][root][INFO] - Epoch [2/5], Batch [207/300], Loss: 1.1494 (Overall: 0.7997, Change: 1.5510), TF Ratio: 0.899
[2026-06-17 04:56:19,730][root][INFO] - Epoch [2/5], Batch [208/300], Loss: 1.1491 (Overall: 0.7323, Change: 1.4471), TF Ratio: 0.898
[2026-06-17 04:56:19,884][root][INFO] - Epoch [2/5], Batch [209/300], Loss: 1.1489 (Overall: 0.6696, Change: 1.5342), TF Ratio: 0.898
[2026-06-17 04:56:20,036][root][INFO] - Epoch [2/5], Batch [210/300], Loss: 1.1481 (Overall: 0.7865, Change: 1.1898), TF Ratio: 0.898
[2026-06-17 04:56:20,189][root][INFO] - Epoch [2/5], Batch [211/300], Loss: 1.1481 (Overall: 0.7335, Change: 1.5296), TF Ratio: 0.898
[2026-06-17 04:56:20,391][root][INFO] - Epoch [2/5], Batch [212/300], Loss: 1.1469 (Overall: 0.7775, Change: 1.0309), TF Ratio: 0.898
[2026-06-17 04:56:20,556][root][INFO] - Epoch [2/5], Batch [213/300], Loss: 1.1463 (Overall: 0.7314, Change: 1.2951), TF Ratio: 0.897
[2026-06-17 04:56:20,710][root][INFO] - Epoch [2/5], Batch [214/300], Loss: 1.1456 (Overall: 0.6790, Change: 1.3272), TF Ratio: 0.897
[2026-06-17 04:56:20,869][root][INFO] - Epoch [2/5], Batch [215/300], Loss: 1.1439 (Overall: 0.6458, Change: 0.9230), TF Ratio: 0.897
[2026-06-17 04:56:21,052][root][INFO] - Epoch [2/5], Batch [216/300], Loss: 1.1432 (Overall: 0.7968, Change: 1.1801), TF Ratio: 0.897
[2026-06-17 04:56:21,205][root][INFO] - Epoch [2/5], Batch [217/300], Loss: 1.1427 (Overall: 0.6205, Change: 1.4314), TF Ratio: 0.897
[2026-06-17 04:56:21,358][root][INFO] - Epoch [2/5], Batch [218/300], Loss: 1.1414 (Overall: 0.6979, Change: 1.0112), TF Ratio: 0.896
[2026-06-17 04:56:21,511][root][INFO] - Epoch [2/5], Batch [219/300], Loss: 1.1420 (Overall: 1.0477, Change: 1.5262), TF Ratio: 0.896
[2026-06-17 04:56:21,723][root][INFO] - Epoch [2/5], Batch [220/300], Loss: 1.1405 (Overall: 0.8041, Change: 0.8053), TF Ratio: 0.896
[2026-06-17 04:56:21,887][root][INFO] - Epoch [2/5], Batch [221/300], Loss: 1.1402 (Overall: 0.7183, Change: 1.4565), TF Ratio: 0.896
[2026-06-17 04:56:22,040][root][INFO] - Epoch [2/5], Batch [222/300], Loss: 1.1394 (Overall: 0.6647, Change: 1.2453), TF Ratio: 0.896
[2026-06-17 04:56:22,193][root][INFO] - Epoch [2/5], Batch [223/300], Loss: 1.1384 (Overall: 0.7184, Change: 1.0986), TF Ratio: 0.895
[2026-06-17 04:56:22,371][root][INFO] - Epoch [2/5], Batch [224/300], Loss: 1.1383 (Overall: 0.7145, Change: 1.5268), TF Ratio: 0.895
[2026-06-17 04:56:22,525][root][INFO] - Epoch [2/5], Batch [225/300], Loss: 1.1389 (Overall: 1.0952, Change: 1.4672), TF Ratio: 0.895
[2026-06-17 04:56:22,677][root][INFO] - Epoch [2/5], Batch [226/300], Loss: 1.1391 (Overall: 0.9899, Change: 1.3519), TF Ratio: 0.895
[2026-06-17 04:56:22,829][root][INFO] - Epoch [2/5], Batch [227/300], Loss: 1.1398 (Overall: 0.9433, Change: 1.6526), TF Ratio: 0.895
[2026-06-17 04:56:23,051][root][INFO] - Epoch [2/5], Batch [228/300], Loss: 1.1391 (Overall: 0.7262, Change: 1.2293), TF Ratio: 0.894
[2026-06-17 04:56:23,220][root][INFO] - Epoch [2/5], Batch [229/300], Loss: 1.1396 (Overall: 0.9453, Change: 1.5887), TF Ratio: 0.894
[2026-06-17 04:56:23,376][root][INFO] - Epoch [2/5], Batch [230/300], Loss: 1.1398 (Overall: 0.8880, Change: 1.4731), TF Ratio: 0.894
[2026-06-17 04:56:23,534][root][INFO] - Epoch [2/5], Batch [231/300], Loss: 1.1402 (Overall: 0.7086, Change: 1.7359), TF Ratio: 0.894
[2026-06-17 04:56:23,711][root][INFO] - Epoch [2/5], Batch [232/300], Loss: 1.1397 (Overall: 0.7599, Change: 1.2956), TF Ratio: 0.894
[2026-06-17 04:56:23,864][root][INFO] - Epoch [2/5], Batch [233/300], Loss: 1.1394 (Overall: 0.9518, Change: 1.1939), TF Ratio: 0.893
[2026-06-17 04:56:24,018][root][INFO] - Epoch [2/5], Batch [234/300], Loss: 1.1388 (Overall: 0.6603, Change: 1.3351), TF Ratio: 0.893
[2026-06-17 04:56:24,171][root][INFO] - Epoch [2/5], Batch [235/300], Loss: 1.1387 (Overall: 0.8387, Change: 1.4112), TF Ratio: 0.893
[2026-06-17 04:56:24,374][root][INFO] - Epoch [2/5], Batch [236/300], Loss: 1.1387 (Overall: 0.9154, Change: 1.3557), TF Ratio: 0.893
[2026-06-17 04:56:24,527][root][INFO] - Epoch [2/5], Batch [237/300], Loss: 1.1390 (Overall: 0.6740, Change: 1.7267), TF Ratio: 0.893
[2026-06-17 04:56:24,681][root][INFO] - Epoch [2/5], Batch [238/300], Loss: 1.1389 (Overall: 0.8464, Change: 1.3872), TF Ratio: 0.892
[2026-06-17 04:56:24,841][root][INFO] - Epoch [2/5], Batch [239/300], Loss: 1.1397 (Overall: 1.2431, Change: 1.4226), TF Ratio: 0.892
[2026-06-17 04:56:25,023][root][INFO] - Epoch [2/5], Batch [240/300], Loss: 1.1395 (Overall: 0.8402, Change: 1.3438), TF Ratio: 0.892
[2026-06-17 04:56:25,181][root][INFO] - Epoch [2/5], Batch [241/300], Loss: 1.1391 (Overall: 0.5395, Change: 1.5639), TF Ratio: 0.892
[2026-06-17 04:56:25,348][root][INFO] - Epoch [2/5], Batch [242/300], Loss: 1.1385 (Overall: 0.8019, Change: 1.1895), TF Ratio: 0.892
[2026-06-17 04:56:25,501][root][INFO] - Epoch [2/5], Batch [243/300], Loss: 1.1383 (Overall: 0.6080, Change: 1.5446), TF Ratio: 0.891
[2026-06-17 04:56:25,687][root][INFO] - Epoch [2/5], Batch [244/300], Loss: 1.1377 (Overall: 0.5545, Change: 1.4164), TF Ratio: 0.891
[2026-06-17 04:56:25,847][root][INFO] - Epoch [2/5], Batch [245/300], Loss: 1.1382 (Overall: 1.0109, Change: 1.5403), TF Ratio: 0.891
[2026-06-17 04:56:26,020][root][INFO] - Epoch [2/5], Batch [246/300], Loss: 1.1385 (Overall: 0.9309, Change: 1.4880), TF Ratio: 0.891
[2026-06-17 04:56:26,182][root][INFO] - Epoch [2/5], Batch [247/300], Loss: 1.1374 (Overall: 0.8100, Change: 0.9151), TF Ratio: 0.891
[2026-06-17 04:56:26,358][root][INFO] - Epoch [2/5], Batch [248/300], Loss: 1.1370 (Overall: 0.7245, Change: 1.3810), TF Ratio: 0.890
[2026-06-17 04:56:26,512][root][INFO] - Epoch [2/5], Batch [249/300], Loss: 1.1365 (Overall: 0.8787, Change: 1.1314), TF Ratio: 0.890
[2026-06-17 04:56:26,673][root][INFO] - Epoch [2/5], Batch [250/300], Loss: 1.1363 (Overall: 0.6556, Change: 1.5016), TF Ratio: 0.890
[2026-06-17 04:56:26,826][root][INFO] - Epoch [2/5], Batch [251/300], Loss: 1.1356 (Overall: 0.6504, Change: 1.2868), TF Ratio: 0.890
[2026-06-17 04:56:27,018][root][INFO] - Epoch [2/5], Batch [252/300], Loss: 1.1351 (Overall: 0.6783, Change: 1.3122), TF Ratio: 0.890
[2026-06-17 04:56:27,182][root][INFO] - Epoch [2/5], Batch [253/300], Loss: 1.1360 (Overall: 0.6979, Change: 2.0559), TF Ratio: 0.889
[2026-06-17 04:56:27,334][root][INFO] - Epoch [2/5], Batch [254/300], Loss: 1.1358 (Overall: 0.5818, Change: 1.5936), TF Ratio: 0.889
[2026-06-17 04:56:27,488][root][INFO] - Epoch [2/5], Batch [255/300], Loss: 1.1354 (Overall: 0.7170, Change: 1.3261), TF Ratio: 0.889
[2026-06-17 04:56:27,666][root][INFO] - Epoch [2/5], Batch [256/300], Loss: 1.1370 (Overall: 1.3724, Change: 1.7304), TF Ratio: 0.889
[2026-06-17 04:56:27,821][root][INFO] - Epoch [2/5], Batch [257/300], Loss: 1.1358 (Overall: 0.7870, Change: 0.8718), TF Ratio: 0.889
[2026-06-17 04:56:27,973][root][INFO] - Epoch [2/5], Batch [258/300], Loss: 1.1375 (Overall: 0.9450, Change: 2.2085), TF Ratio: 0.888
[2026-06-17 04:56:28,125][root][INFO] - Epoch [2/5], Batch [259/300], Loss: 1.1377 (Overall: 0.8673, Change: 1.4896), TF Ratio: 0.888
[2026-06-17 04:56:28,314][root][INFO] - Epoch [2/5], Batch [260/300], Loss: 1.1365 (Overall: 0.7498, Change: 0.9327), TF Ratio: 0.888
[2026-06-17 04:56:28,468][root][INFO] - Epoch [2/5], Batch [261/300], Loss: 1.1361 (Overall: 0.6404, Change: 1.4137), TF Ratio: 0.888
[2026-06-17 04:56:28,633][root][INFO] - Epoch [2/5], Batch [262/300], Loss: 1.1361 (Overall: 0.6829, Change: 1.5852), TF Ratio: 0.888
[2026-06-17 04:56:28,798][root][INFO] - Epoch [2/5], Batch [263/300], Loss: 1.1361 (Overall: 0.8952, Change: 1.3700), TF Ratio: 0.887
[2026-06-17 04:56:28,976][root][INFO] - Epoch [2/5], Batch [264/300], Loss: 1.1365 (Overall: 0.8828, Change: 1.6046), TF Ratio: 0.887
[2026-06-17 04:56:29,140][root][INFO] - Epoch [2/5], Batch [265/300], Loss: 1.1366 (Overall: 0.7190, Change: 1.6156), TF Ratio: 0.887
[2026-06-17 04:56:29,292][root][INFO] - Epoch [2/5], Batch [266/300], Loss: 1.1357 (Overall: 0.7053, Change: 1.0601), TF Ratio: 0.887
[2026-06-17 04:56:29,445][root][INFO] - Epoch [2/5], Batch [267/300], Loss: 1.1350 (Overall: 0.7324, Change: 1.1865), TF Ratio: 0.887
[2026-06-17 04:56:29,639][root][INFO] - Epoch [2/5], Batch [268/300], Loss: 1.1355 (Overall: 0.7691, Change: 1.7781), TF Ratio: 0.886
[2026-06-17 04:56:29,793][root][INFO] - Epoch [2/5], Batch [269/300], Loss: 1.1348 (Overall: 0.5804, Change: 1.3137), TF Ratio: 0.886
[2026-06-17 04:56:29,946][root][INFO] - Epoch [2/5], Batch [270/300], Loss: 1.1340 (Overall: 0.8175, Change: 0.9962), TF Ratio: 0.886
[2026-06-17 04:56:30,098][root][INFO] - Epoch [2/5], Batch [271/300], Loss: 1.1346 (Overall: 1.0630, Change: 1.5478), TF Ratio: 0.886
[2026-06-17 04:56:30,283][root][INFO] - Epoch [2/5], Batch [272/300], Loss: 1.1343 (Overall: 0.7975, Change: 1.3107), TF Ratio: 0.886
[2026-06-17 04:56:30,438][root][INFO] - Epoch [2/5], Batch [273/300], Loss: 1.1342 (Overall: 0.7907, Change: 1.4253), TF Ratio: 0.885
[2026-06-17 04:56:30,591][root][INFO] - Epoch [2/5], Batch [274/300], Loss: 1.1332 (Overall: 0.7919, Change: 0.9098), TF Ratio: 0.885
[2026-06-17 04:56:30,754][root][INFO] - Epoch [2/5], Batch [275/300], Loss: 1.1332 (Overall: 0.8622, Change: 1.4073), TF Ratio: 0.885
[2026-06-17 04:56:30,946][root][INFO] - Epoch [2/5], Batch [276/300], Loss: 1.1340 (Overall: 1.0699, Change: 1.6402), TF Ratio: 0.885
[2026-06-17 04:56:31,100][root][INFO] - Epoch [2/5], Batch [277/300], Loss: 1.1336 (Overall: 0.8987, Change: 1.1478), TF Ratio: 0.885
[2026-06-17 04:56:31,254][root][INFO] - Epoch [2/5], Batch [278/300], Loss: 1.1333 (Overall: 0.7619, Change: 1.3330), TF Ratio: 0.884
[2026-06-17 04:56:31,415][root][INFO] - Epoch [2/5], Batch [279/300], Loss: 1.1330 (Overall: 0.7866, Change: 1.3153), TF Ratio: 0.884
[2026-06-17 04:56:31,608][root][INFO] - Epoch [2/5], Batch [280/300], Loss: 1.1325 (Overall: 0.7644, Change: 1.2046), TF Ratio: 0.884
[2026-06-17 04:56:31,761][root][INFO] - Epoch [2/5], Batch [281/300], Loss: 1.1323 (Overall: 0.8420, Change: 1.3392), TF Ratio: 0.884
[2026-06-17 04:56:31,915][root][INFO] - Epoch [2/5], Batch [282/300], Loss: 1.1329 (Overall: 1.2404, Change: 1.3651), TF Ratio: 0.884
[2026-06-17 04:56:32,071][root][INFO] - Epoch [2/5], Batch [283/300], Loss: 1.1327 (Overall: 0.8210, Change: 1.3087), TF Ratio: 0.883
[2026-06-17 04:56:32,253][root][INFO] - Epoch [2/5], Batch [284/300], Loss: 1.1331 (Overall: 1.0774, Change: 1.4478), TF Ratio: 0.883
[2026-06-17 04:56:32,407][root][INFO] - Epoch [2/5], Batch [285/300], Loss: 1.1317 (Overall: 0.5424, Change: 0.9389), TF Ratio: 0.883
[2026-06-17 04:56:32,561][root][INFO] - Epoch [2/5], Batch [286/300], Loss: 1.1306 (Overall: 0.6277, Change: 0.9856), TF Ratio: 0.883
[2026-06-17 04:56:32,712][root][INFO] - Epoch [2/5], Batch [287/300], Loss: 1.1307 (Overall: 0.7158, Change: 1.5867), TF Ratio: 0.883
[2026-06-17 04:56:32,896][root][INFO] - Epoch [2/5], Batch [288/300], Loss: 1.1303 (Overall: 0.8852, Change: 1.1840), TF Ratio: 0.882
[2026-06-17 04:56:33,050][root][INFO] - Epoch [2/5], Batch [289/300], Loss: 1.1301 (Overall: 0.7442, Change: 1.3794), TF Ratio: 0.882
[2026-06-17 04:56:33,207][root][INFO] - Epoch [2/5], Batch [290/300], Loss: 1.1303 (Overall: 0.9074, Change: 1.4558), TF Ratio: 0.882
[2026-06-17 04:56:33,359][root][INFO] - Epoch [2/5], Batch [291/300], Loss: 1.1294 (Overall: 0.7667, Change: 0.9565), TF Ratio: 0.882
[2026-06-17 04:56:33,546][root][INFO] - Epoch [2/5], Batch [292/300], Loss: 1.1291 (Overall: 0.6699, Change: 1.4326), TF Ratio: 0.882
[2026-06-17 04:56:33,702][root][INFO] - Epoch [2/5], Batch [293/300], Loss: 1.1288 (Overall: 0.8577, Change: 1.2444), TF Ratio: 0.881
[2026-06-17 04:56:33,855][root][INFO] - Epoch [2/5], Batch [294/300], Loss: 1.1288 (Overall: 0.7373, Change: 1.4997), TF Ratio: 0.881
[2026-06-17 04:56:34,014][root][INFO] - Epoch [2/5], Batch [295/300], Loss: 1.1287 (Overall: 0.9510, Change: 1.2204), TF Ratio: 0.881
[2026-06-17 04:56:34,192][root][INFO] - Epoch [2/5], Batch [296/300], Loss: 1.1290 (Overall: 1.0100, Change: 1.4793), TF Ratio: 0.881
[2026-06-17 04:56:34,345][root][INFO] - Epoch [2/5], Batch [297/300], Loss: 1.1289 (Overall: 0.6487, Change: 1.5332), TF Ratio: 0.881
[2026-06-17 04:56:34,501][root][INFO] - Epoch [2/5], Batch [298/300], Loss: 1.1290 (Overall: 0.8371, Change: 1.4433), TF Ratio: 0.880
[2026-06-17 04:56:34,653][root][INFO] - Epoch [2/5], Batch [299/300], Loss: 1.1284 (Overall: 0.6871, Change: 1.2107), TF Ratio: 0.880
[2026-06-17 04:56:34,834][root][INFO] - Epoch [2/5], Batch [300/300], Loss: 1.1293 (Overall: 1.1534, Change: 1.6835), TF Ratio: 0.880
[2026-06-17 04:56:36,355][root][INFO] - Epoch 2 done. Validating...
[2026-06-17 04:56:45,652][root][INFO] - Epoch [2/5] | Train: 1.1287 | Val: 0.7298
[2026-06-17 04:56:45,833][root][INFO] - Checkpoint saved: /gpfs/scratch/bsc32/bsc096444/ai4land-tfm/trained_models/unet_impl/41825211/best_model.pth
[2026-06-17 04:56:46,025][root][INFO] - Checkpoint saved: /gpfs/scratch/bsc32/bsc096444/ai4land-tfm/trained_models/unet_impl/41825211/model_epoch_2.pth
[2026-06-17 04:56:48,749][root][INFO] - Epoch [3/5], Batch [1/300], Loss: 1.1261 (Overall: 0.9910, Change: 1.2613), TF Ratio: 0.880
[2026-06-17 04:56:50,876][root][INFO] - Epoch [3/5], Batch [2/300], Loss: 1.1226 (Overall: 0.8884, Change: 1.3498), TF Ratio: 0.880
[2026-06-17 04:56:53,949][root][INFO] - Epoch [3/5], Batch [3/300], Loss: 1.0492 (Overall: 0.7893, Change: 1.0157), TF Ratio: 0.879
[2026-06-17 04:56:54,110][root][INFO] - Epoch [3/5], Batch [4/300], Loss: 1.0448 (Overall: 0.7461, Change: 1.3170), TF Ratio: 0.879
[2026-06-17 04:56:54,262][root][INFO] - Epoch [3/5], Batch [5/300], Loss: 1.0556 (Overall: 0.8316, Change: 1.3661), TF Ratio: 0.879
[2026-06-17 04:56:54,415][root][INFO] - Epoch [3/5], Batch [6/300], Loss: 0.9904 (Overall: 0.5904, Change: 0.7381), TF Ratio: 0.879
[2026-06-17 04:56:54,569][root][INFO] - Epoch [3/5], Batch [7/300], Loss: 1.0298 (Overall: 0.8394, Change: 1.6935), TF Ratio: 0.879
[2026-06-17 04:56:54,744][root][INFO] - Epoch [3/5], Batch [8/300], Loss: 1.0485 (Overall: 0.7454, Change: 1.6131), TF Ratio: 0.878
[2026-06-17 04:56:54,909][root][INFO] - Epoch [3/5], Batch [9/300], Loss: 1.0562 (Overall: 0.5811, Change: 1.6536), TF Ratio: 0.878
[2026-06-17 04:56:55,063][root][INFO] - Epoch [3/5], Batch [10/300], Loss: 1.0559 (Overall: 0.5725, Change: 1.5336), TF Ratio: 0.878
[2026-06-17 04:56:56,212][root][INFO] - Epoch [3/5], Batch [11/300], Loss: 1.0730 (Overall: 0.9764, Change: 1.5121), TF Ratio: 0.878
[2026-06-17 04:56:56,970][root][INFO] - Epoch [3/5], Batch [12/300], Loss: 1.0447 (Overall: 0.4900, Change: 0.9771), TF Ratio: 0.878
[2026-06-17 04:56:57,126][root][INFO] - Epoch [3/5], Batch [13/300], Loss: 1.0395 (Overall: 0.6222, Change: 1.3330), TF Ratio: 0.877
[2026-06-17 04:56:57,289][root][INFO] - Epoch [3/5], Batch [14/300], Loss: 1.0186 (Overall: 0.7712, Change: 0.7206), TF Ratio: 0.877
[2026-06-17 04:56:57,445][root][INFO] - Epoch [3/5], Batch [15/300], Loss: 1.0220 (Overall: 0.6816, Change: 1.4581), TF Ratio: 0.877
[2026-06-17 04:56:57,616][root][INFO] - Epoch [3/5], Batch [16/300], Loss: 1.0374 (Overall: 0.9118, Change: 1.6243), TF Ratio: 0.877
[2026-06-17 04:56:57,773][root][INFO] - Epoch [3/5], Batch [17/300], Loss: 1.0409 (Overall: 0.8480, Change: 1.3483), TF Ratio: 0.877
[2026-06-17 04:56:57,928][root][INFO] - Epoch [3/5], Batch [18/300], Loss: 1.0468 (Overall: 0.7018, Change: 1.5928), TF Ratio: 0.876
[2026-06-17 04:56:58,081][root][INFO] - Epoch [3/5], Batch [19/300], Loss: 1.0508 (Overall: 1.0754, Change: 1.1685), TF Ratio: 0.876
[2026-06-17 04:56:58,279][root][INFO] - Epoch [3/5], Batch [20/300], Loss: 1.0434 (Overall: 0.5731, Change: 1.2333), TF Ratio: 0.876
[2026-06-17 04:56:58,433][root][INFO] - Epoch [3/5], Batch [21/300], Loss: 1.0512 (Overall: 0.9760, Change: 1.4382), TF Ratio: 0.876
[2026-06-17 04:56:58,587][root][INFO] - Epoch [3/5], Batch [22/300], Loss: 1.0462 (Overall: 0.6084, Change: 1.2751), TF Ratio: 0.876
[2026-06-17 04:56:58,741][root][INFO] - Epoch [3/5], Batch [23/300], Loss: 1.0385 (Overall: 0.6247, Change: 1.1120), TF Ratio: 0.875
[2026-06-17 04:56:58,940][root][INFO] - Epoch [3/5], Batch [24/300], Loss: 1.0443 (Overall: 1.0899, Change: 1.2633), TF Ratio: 0.875
[2026-06-17 04:56:59,095][root][INFO] - Epoch [3/5], Batch [25/300], Loss: 1.0326 (Overall: 0.5890, Change: 0.9154), TF Ratio: 0.875
[2026-06-17 04:56:59,267][root][INFO] - Epoch [3/5], Batch [26/300], Loss: 1.0316 (Overall: 0.6401, Change: 1.3758), TF Ratio: 0.875
[2026-06-17 04:56:59,427][root][INFO] - Epoch [3/5], Batch [27/300], Loss: 1.0360 (Overall: 0.7768, Change: 1.5232), TF Ratio: 0.875
[2026-06-17 04:56:59,627][root][INFO] - Epoch [3/5], Batch [28/300], Loss: 1.0433 (Overall: 0.7996, Change: 1.6790), TF Ratio: 0.874
[2026-06-17 04:56:59,796][root][INFO] - Epoch [3/5], Batch [29/300], Loss: 1.0566 (Overall: 1.0417, Change: 1.8177), TF Ratio: 0.874
[2026-06-17 04:56:59,950][root][INFO] - Epoch [3/5], Batch [30/300], Loss: 1.0588 (Overall: 0.8304, Change: 1.4165), TF Ratio: 0.874
[2026-06-17 04:57:00,104][root][INFO] - Epoch [3/5], Batch [31/300], Loss: 1.0574 (Overall: 0.7881, Change: 1.2439), TF Ratio: 0.874
[2026-06-17 04:57:00,286][root][INFO] - Epoch [3/5], Batch [32/300], Loss: 1.0532 (Overall: 0.5515, Change: 1.2886), TF Ratio: 0.874
[2026-06-17 04:57:00,440][root][INFO] - Epoch [3/5], Batch [33/300], Loss: 1.0495 (Overall: 0.7205, Change: 1.1416), TF Ratio: 0.873
[2026-06-17 04:57:00,615][root][INFO] - Epoch [3/5], Batch [34/300], Loss: 1.0510 (Overall: 0.6934, Change: 1.5102), TF Ratio: 0.873
[2026-06-17 04:57:00,770][root][INFO] - Epoch [3/5], Batch [35/300], Loss: 1.0491 (Overall: 0.6919, Change: 1.2784), TF Ratio: 0.873
[2026-06-17 04:57:00,942][root][INFO] - Epoch [3/5], Batch [36/300], Loss: 1.0506 (Overall: 0.8204, Change: 1.3870), TF Ratio: 0.873
[2026-06-17 04:57:01,098][root][INFO] - Epoch [3/5], Batch [37/300], Loss: 1.0484 (Overall: 0.6739, Change: 1.2635), TF Ratio: 0.873
[2026-06-17 04:57:01,258][root][INFO] - Epoch [3/5], Batch [38/300], Loss: 1.0438 (Overall: 0.8011, Change: 0.9454), TF Ratio: 0.872
[2026-06-17 04:57:01,412][root][INFO] - Epoch [3/5], Batch [39/300], Loss: 1.0440 (Overall: 0.7438, Change: 1.3605), TF Ratio: 0.872
[2026-06-17 04:57:01,592][root][INFO] - Epoch [3/5], Batch [40/300], Loss: 1.0429 (Overall: 0.8257, Change: 1.1718), TF Ratio: 0.872
[2026-06-17 04:57:01,746][root][INFO] - Epoch [3/5], Batch [41/300], Loss: 1.0410 (Overall: 0.7606, Change: 1.1728), TF Ratio: 0.872
[2026-06-17 04:57:01,900][root][INFO] - Epoch [3/5], Batch [42/300], Loss: 1.0486 (Overall: 1.0007, Change: 1.7145), TF Ratio: 0.872
[2026-06-17 04:57:02,054][root][INFO] - Epoch [3/5], Batch [43/300], Loss: 1.0550 (Overall: 1.1503, Change: 1.5009), TF Ratio: 0.871
[2026-06-17 04:57:02,253][root][INFO] - Epoch [3/5], Batch [44/300], Loss: 1.0542 (Overall: 0.6814, Change: 1.3577), TF Ratio: 0.871
[2026-06-17 04:57:02,412][root][INFO] - Epoch [3/5], Batch [45/300], Loss: 1.0545 (Overall: 0.7292, Change: 1.4039), TF Ratio: 0.871
[2026-06-17 04:57:02,566][root][INFO] - Epoch [3/5], Batch [46/300], Loss: 1.0592 (Overall: 1.0638, Change: 1.4761), TF Ratio: 0.871
[2026-06-17 04:57:02,719][root][INFO] - Epoch [3/5], Batch [47/300], Loss: 1.0631 (Overall: 1.0023, Change: 1.4842), TF Ratio: 0.871
[2026-06-17 04:57:02,923][root][INFO] - Epoch [3/5], Batch [48/300], Loss: 1.0601 (Overall: 0.7149, Change: 1.1228), TF Ratio: 0.870
[2026-06-17 04:57:03,077][root][INFO] - Epoch [3/5], Batch [49/300], Loss: 1.0573 (Overall: 0.5489, Change: 1.2972), TF Ratio: 0.870
[2026-06-17 04:57:03,230][root][INFO] - Epoch [3/5], Batch [50/300], Loss: 1.0542 (Overall: 0.6128, Change: 1.1909), TF Ratio: 0.870
[2026-06-17 04:57:03,385][root][INFO] - Epoch [3/5], Batch [51/300], Loss: 1.0561 (Overall: 0.6951, Change: 1.6081), TF Ratio: 0.870
[2026-06-17 04:57:03,576][root][INFO] - Epoch [3/5], Batch [52/300], Loss: 1.0564 (Overall: 0.7021, Change: 1.4419), TF Ratio: 0.870
[2026-06-17 04:57:03,734][root][INFO] - Epoch [3/5], Batch [53/300], Loss: 1.0543 (Overall: 0.6114, Change: 1.2821), TF Ratio: 0.869
[2026-06-17 04:57:03,897][root][INFO] - Epoch [3/5], Batch [54/300], Loss: 1.0489 (Overall: 0.6747, Change: 0.8499), TF Ratio: 0.869
[2026-06-17 04:57:04,057][root][INFO] - Epoch [3/5], Batch [55/300], Loss: 1.0490 (Overall: 0.6884, Change: 1.4226), TF Ratio: 0.869
[2026-06-17 04:57:04,235][root][INFO] - Epoch [3/5], Batch [56/300], Loss: 1.0498 (Overall: 0.6454, Change: 1.5428), TF Ratio: 0.869
[2026-06-17 04:57:04,409][root][INFO] - Epoch [3/5], Batch [57/300], Loss: 1.0530 (Overall: 0.8021, Change: 1.6632), TF Ratio: 0.869
[2026-06-17 04:57:04,562][root][INFO] - Epoch [3/5], Batch [58/300], Loss: 1.0478 (Overall: 0.5968, Change: 0.9060), TF Ratio: 0.868
[2026-06-17 04:57:04,715][root][INFO] - Epoch [3/5], Batch [59/300], Loss: 1.0450 (Overall: 0.7298, Change: 1.0350), TF Ratio: 0.868
[2026-06-17 04:57:06,059][root][INFO] - Epoch [3/5], Batch [60/300], Loss: 1.0449 (Overall: 0.7298, Change: 1.3485), TF Ratio: 0.868
[2026-06-17 04:57:06,226][root][INFO] - Epoch [3/5], Batch [61/300], Loss: 1.0414 (Overall: 0.6437, Change: 1.0200), TF Ratio: 0.868
[2026-06-17 04:57:06,379][root][INFO] - Epoch [3/5], Batch [62/300], Loss: 1.0394 (Overall: 0.5824, Change: 1.2436), TF Ratio: 0.868
[2026-06-17 04:57:06,532][root][INFO] - Epoch [3/5], Batch [63/300], Loss: 1.0411 (Overall: 0.8421, Change: 1.4518), TF Ratio: 0.867
[2026-06-17 04:57:06,712][root][INFO] - Epoch [3/5], Batch [64/300], Loss: 1.0418 (Overall: 0.9688, Change: 1.2017), TF Ratio: 0.867
[2026-06-17 04:57:06,882][root][INFO] - Epoch [3/5], Batch [65/300], Loss: 1.0400 (Overall: 0.6466, Change: 1.2111), TF Ratio: 0.867
[2026-06-17 04:57:07,037][root][INFO] - Epoch [3/5], Batch [66/300], Loss: 1.0397 (Overall: 0.7612, Change: 1.2787), TF Ratio: 0.867
[2026-06-17 04:57:07,193][root][INFO] - Epoch [3/5], Batch [67/300], Loss: 1.0387 (Overall: 0.6690, Change: 1.2779), TF Ratio: 0.867
[2026-06-17 04:57:07,381][root][INFO] - Epoch [3/5], Batch [68/300], Loss: 1.0383 (Overall: 0.6483, Change: 1.3714), TF Ratio: 0.866
[2026-06-17 04:57:07,545][root][INFO] - Epoch [3/5], Batch [69/300], Loss: 1.0402 (Overall: 0.8442, Change: 1.4967), TF Ratio: 0.866
[2026-06-17 04:57:07,698][root][INFO] - Epoch [3/5], Batch [70/300], Loss: 1.0424 (Overall: 0.9506, Change: 1.4310), TF Ratio: 0.866
[2026-06-17 04:57:07,867][root][INFO] - Epoch [3/5], Batch [71/300], Loss: 1.0402 (Overall: 0.6463, Change: 1.1211), TF Ratio: 0.866
[2026-06-17 04:57:08,043][root][INFO] - Epoch [3/5], Batch [72/300], Loss: 1.0418 (Overall: 0.7313, Change: 1.5894), TF Ratio: 0.866
[2026-06-17 04:57:08,197][root][INFO] - Epoch [3/5], Batch [73/300], Loss: 1.0434 (Overall: 0.8797, Change: 1.4304), TF Ratio: 0.865
[2026-06-17 04:57:08,349][root][INFO] - Epoch [3/5], Batch [74/300], Loss: 1.0410 (Overall: 0.6192, Change: 1.1184), TF Ratio: 0.865
[2026-06-17 04:57:08,503][root][INFO] - Epoch [3/5], Batch [75/300], Loss: 1.0396 (Overall: 0.6226, Change: 1.2468), TF Ratio: 0.865
[2026-06-17 04:57:08,705][root][INFO] - Epoch [3/5], Batch [76/300], Loss: 1.0406 (Overall: 0.7058, Change: 1.5264), TF Ratio: 0.865
[2026-06-17 04:57:08,862][root][INFO] - Epoch [3/5], Batch [77/300], Loss: 1.0431 (Overall: 1.0517, Change: 1.4192), TF Ratio: 0.865
[2026-06-17 04:57:09,033][root][INFO] - Epoch [3/5], Batch [78/300], Loss: 1.0438 (Overall: 0.6688, Change: 1.5258), TF Ratio: 0.864
[2026-06-17 04:57:09,187][root][INFO] - Epoch [3/5], Batch [79/300], Loss: 1.0448 (Overall: 0.7687, Change: 1.4759), TF Ratio: 0.864
[2026-06-17 04:57:09,661][root][INFO] - Epoch [3/5], Batch [80/300], Loss: 1.0456 (Overall: 0.9840, Change: 1.2338), TF Ratio: 0.864
[2026-06-17 04:57:09,828][root][INFO] - Epoch [3/5], Batch [81/300], Loss: 1.0484 (Overall: 1.1078, Change: 1.4313), TF Ratio: 0.864
[2026-06-17 04:57:09,993][root][INFO] - Epoch [3/5], Batch [82/300], Loss: 1.0488 (Overall: 0.5611, Change: 1.6036), TF Ratio: 0.864
[2026-06-17 04:57:10,146][root][INFO] - Epoch [3/5], Batch [83/300], Loss: 1.0506 (Overall: 1.1170, Change: 1.2850), TF Ratio: 0.863
[2026-06-17 04:57:10,318][root][INFO] - Epoch [3/5], Batch [84/300], Loss: 1.0509 (Overall: 0.6647, Change: 1.4795), TF Ratio: 0.863
[2026-06-17 04:57:10,472][root][INFO] - Epoch [3/5], Batch [85/300], Loss: 1.0543 (Overall: 0.8556, Change: 1.8255), TF Ratio: 0.863
[2026-06-17 04:57:10,627][root][INFO] - Epoch [3/5], Batch [86/300], Loss: 1.0526 (Overall: 0.6742, Change: 1.1368), TF Ratio: 0.863
[2026-06-17 04:57:10,780][root][INFO] - Epoch [3/5], Batch [87/300], Loss: 1.0541 (Overall: 0.8145, Change: 1.5576), TF Ratio: 0.863
[2026-06-17 04:57:10,965][root][INFO] - Epoch [3/5], Batch [88/300], Loss: 1.0561 (Overall: 0.6658, Change: 1.7967), TF Ratio: 0.862
[2026-06-17 04:57:11,120][root][INFO] - Epoch [3/5], Batch [89/300], Loss: 1.0574 (Overall: 0.7351, Change: 1.5997), TF Ratio: 0.862
[2026-06-17 04:57:11,273][root][INFO] - Epoch [3/5], Batch [90/300], Loss: 1.0602 (Overall: 1.3179, Change: 1.3143), TF Ratio: 0.862
[2026-06-17 04:57:11,436][root][INFO] - Epoch [3/5], Batch [91/300], Loss: 1.0599 (Overall: 0.7153, Change: 1.3458), TF Ratio: 0.862
[2026-06-17 04:57:11,621][root][INFO] - Epoch [3/5], Batch [92/300], Loss: 1.0597 (Overall: 0.7833, Change: 1.3054), TF Ratio: 0.862
[2026-06-17 04:57:11,775][root][INFO] - Epoch [3/5], Batch [93/300], Loss: 1.0606 (Overall: 0.7042, Change: 1.5831), TF Ratio: 0.861
[2026-06-17 04:57:11,928][root][INFO] - Epoch [3/5], Batch [94/300], Loss: 1.0625 (Overall: 0.9265, Change: 1.5471), TF Ratio: 0.861
[2026-06-17 04:57:12,084][root][INFO] - Epoch [3/5], Batch [95/300], Loss: 1.0615 (Overall: 0.8851, Change: 1.0450), TF Ratio: 0.861
[2026-06-17 04:57:12,294][root][INFO] - Epoch [3/5], Batch [96/300], Loss: 1.0618 (Overall: 0.7047, Change: 1.4693), TF Ratio: 0.861
[2026-06-17 04:57:12,450][root][INFO] - Epoch [3/5], Batch [97/300], Loss: 1.0635 (Overall: 0.9216, Change: 1.5402), TF Ratio: 0.861
[2026-06-17 04:57:12,603][root][INFO] - Epoch [3/5], Batch [98/300], Loss: 1.0635 (Overall: 0.6729, Change: 1.4559), TF Ratio: 0.860
[2026-06-17 04:57:12,767][root][INFO] - Epoch [3/5], Batch [99/300], Loss: 1.0633 (Overall: 0.7792, Change: 1.2962), TF Ratio: 0.860
[2026-06-17 04:57:12,937][root][INFO] - Epoch [3/5], Batch [100/300], Loss: 1.0656 (Overall: 1.3099, Change: 1.2935), TF Ratio: 0.860
[2026-06-17 04:57:13,092][root][INFO] - Epoch [3/5], Batch [101/300], Loss: 1.0658 (Overall: 0.6472, Change: 1.5234), TF Ratio: 0.860
[2026-06-17 04:57:13,245][root][INFO] - Epoch [3/5], Batch [102/300], Loss: 1.0663 (Overall: 1.0168, Change: 1.2191), TF Ratio: 0.860
[2026-06-17 04:57:13,398][root][INFO] - Epoch [3/5], Batch [103/300], Loss: 1.0639 (Overall: 0.5884, Change: 1.0337), TF Ratio: 0.859
[2026-06-17 04:57:13,593][root][INFO] - Epoch [3/5], Batch [104/300], Loss: 1.0642 (Overall: 0.7900, Change: 1.4026), TF Ratio: 0.859
[2026-06-17 04:57:13,747][root][INFO] - Epoch [3/5], Batch [105/300], Loss: 1.0642 (Overall: 0.7934, Change: 1.3421), TF Ratio: 0.859
[2026-06-17 04:57:13,900][root][INFO] - Epoch [3/5], Batch [106/300], Loss: 1.0648 (Overall: 0.9071, Change: 1.3415), TF Ratio: 0.859
[2026-06-17 04:57:14,054][root][INFO] - Epoch [3/5], Batch [107/300], Loss: 1.0674 (Overall: 0.9895, Change: 1.6932), TF Ratio: 0.859
[2026-06-17 04:57:14,241][root][INFO] - Epoch [3/5], Batch [108/300], Loss: 1.0680 (Overall: 0.8257, Change: 1.4423), TF Ratio: 0.858
[2026-06-17 04:57:14,395][root][INFO] - Epoch [3/5], Batch [109/300], Loss: 1.0699 (Overall: 1.0520, Change: 1.5023), TF Ratio: 0.858
[2026-06-17 04:57:14,549][root][INFO] - Epoch [3/5], Batch [110/300], Loss: 1.0692 (Overall: 0.6907, Change: 1.3025), TF Ratio: 0.858
[2026-06-17 04:57:14,702][root][INFO] - Epoch [3/5], Batch [111/300], Loss: 1.0668 (Overall: 0.6353, Change: 0.9611), TF Ratio: 0.858
[2026-06-17 04:57:14,935][root][INFO] - Epoch [3/5], Batch [112/300], Loss: 1.0688 (Overall: 1.0016, Change: 1.5824), TF Ratio: 0.858
[2026-06-17 04:57:15,088][root][INFO] - Epoch [3/5], Batch [113/300], Loss: 1.0687 (Overall: 0.9144, Change: 1.2108), TF Ratio: 0.857
[2026-06-17 04:57:15,241][root][INFO] - Epoch [3/5], Batch [114/300], Loss: 1.0689 (Overall: 0.7170, Change: 1.4659), TF Ratio: 0.857
[2026-06-17 04:57:15,394][root][INFO] - Epoch [3/5], Batch [115/300], Loss: 1.0718 (Overall: 0.9822, Change: 1.8105), TF Ratio: 0.857
[2026-06-17 04:57:15,580][root][INFO] - Epoch [3/5], Batch [116/300], Loss: 1.0708 (Overall: 0.7841, Change: 1.1386), TF Ratio: 0.857
[2026-06-17 04:57:15,742][root][INFO] - Epoch [3/5], Batch [117/300], Loss: 1.0707 (Overall: 0.7210, Change: 1.3875), TF Ratio: 0.857
[2026-06-17 04:57:15,896][root][INFO] - Epoch [3/5], Batch [118/300], Loss: 1.0716 (Overall: 0.7402, Change: 1.6251), TF Ratio: 0.856
[2026-06-17 04:57:16,059][root][INFO] - Epoch [3/5], Batch [119/300], Loss: 1.0722 (Overall: 0.8823, Change: 1.3994), TF Ratio: 0.856
[2026-06-17 04:57:17,535][root][INFO] - Epoch [3/5], Batch [120/300], Loss: 1.0758 (Overall: 0.9343, Change: 2.0560), TF Ratio: 0.856
[2026-06-17 04:57:17,691][root][INFO] - Epoch [3/5], Batch [121/300], Loss: 1.0773 (Overall: 0.9629, Change: 1.5522), TF Ratio: 0.856
[2026-06-17 04:57:17,844][root][INFO] - Epoch [3/5], Batch [122/300], Loss: 1.0780 (Overall: 0.8302, Change: 1.5021), TF Ratio: 0.856
[2026-06-17 04:57:17,997][root][INFO] - Epoch [3/5], Batch [123/300], Loss: 1.0769 (Overall: 0.6646, Change: 1.2127), TF Ratio: 0.855
[2026-06-17 04:57:18,174][root][INFO] - Epoch [3/5], Batch [124/300], Loss: 1.0766 (Overall: 0.6490, Change: 1.4465), TF Ratio: 0.855
[2026-06-17 04:57:18,329][root][INFO] - Epoch [3/5], Batch [125/300], Loss: 1.0767 (Overall: 0.7652, Change: 1.4133), TF Ratio: 0.855
[2026-06-17 04:57:18,482][root][INFO] - Epoch [3/5], Batch [126/300], Loss: 1.0757 (Overall: 0.7257, Change: 1.1688), TF Ratio: 0.855
[2026-06-17 04:57:18,636][root][INFO] - Epoch [3/5], Batch [127/300], Loss: 1.0757 (Overall: 0.9074, Change: 1.2421), TF Ratio: 0.855
[2026-06-17 04:57:18,814][root][INFO] - Epoch [3/5], Batch [128/300], Loss: 1.0759 (Overall: 0.7234, Change: 1.4915), TF Ratio: 0.854
[2026-06-17 04:57:18,977][root][INFO] - Epoch [3/5], Batch [129/300], Loss: 1.0782 (Overall: 0.6150, Change: 2.1344), TF Ratio: 0.854
[2026-06-17 04:57:19,130][root][INFO] - Epoch [3/5], Batch [130/300], Loss: 1.0785 (Overall: 0.7627, Change: 1.4665), TF Ratio: 0.854
[2026-06-17 04:57:19,282][root][INFO] - Epoch [3/5], Batch [131/300], Loss: 1.0772 (Overall: 0.5579, Change: 1.2566), TF Ratio: 0.854
[2026-06-17 04:57:19,468][root][INFO] - Epoch [3/5], Batch [132/300], Loss: 1.0777 (Overall: 0.7478, Change: 1.5408), TF Ratio: 0.854
[2026-06-17 04:57:19,621][root][INFO] - Epoch [3/5], Batch [133/300], Loss: 1.0796 (Overall: 1.1825, Change: 1.4740), TF Ratio: 0.853
[2026-06-17 04:57:19,775][root][INFO] - Epoch [3/5], Batch [134/300], Loss: 1.0808 (Overall: 0.8744, Change: 1.6115), TF Ratio: 0.853
[2026-06-17 04:57:19,935][root][INFO] - Epoch [3/5], Batch [135/300], Loss: 1.0820 (Overall: 1.0569, Change: 1.4219), TF Ratio: 0.853
[2026-06-17 04:57:20,114][root][INFO] - Epoch [3/5], Batch [136/300], Loss: 1.0813 (Overall: 0.6060, Change: 1.3679), TF Ratio: 0.853
[2026-06-17 04:57:20,269][root][INFO] - Epoch [3/5], Batch [137/300], Loss: 1.0812 (Overall: 0.8976, Change: 1.2478), TF Ratio: 0.853
[2026-06-17 04:57:20,422][root][INFO] - Epoch [3/5], Batch [138/300], Loss: 1.0797 (Overall: 0.5749, Change: 1.1636), TF Ratio: 0.852
[2026-06-17 04:57:20,578][root][INFO] - Epoch [3/5], Batch [139/300], Loss: 1.0796 (Overall: 0.7422, Change: 1.3882), TF Ratio: 0.852
[2026-06-17 04:57:20,761][root][INFO] - Epoch [3/5], Batch [140/300], Loss: 1.0788 (Overall: 0.6397, Change: 1.2903), TF Ratio: 0.852
[2026-06-17 04:57:20,916][root][INFO] - Epoch [3/5], Batch [141/300], Loss: 1.0778 (Overall: 0.6222, Change: 1.2550), TF Ratio: 0.852
[2026-06-17 04:57:21,069][root][INFO] - Epoch [3/5], Batch [142/300], Loss: 1.0788 (Overall: 0.9640, Change: 1.4890), TF Ratio: 0.852
[2026-06-17 04:57:21,224][root][INFO] - Epoch [3/5], Batch [143/300], Loss: 1.0779 (Overall: 0.6149, Change: 1.2788), TF Ratio: 0.851
[2026-06-17 04:57:21,413][root][INFO] - Epoch [3/5], Batch [144/300], Loss: 1.0779 (Overall: 0.7012, Change: 1.4533), TF Ratio: 0.851
[2026-06-17 04:57:21,568][root][INFO] - Epoch [3/5], Batch [145/300], Loss: 1.0776 (Overall: 0.6635, Change: 1.4033), TF Ratio: 0.851
[2026-06-17 04:57:21,730][root][INFO] - Epoch [3/5], Batch [146/300], Loss: 1.0781 (Overall: 0.9220, Change: 1.3837), TF Ratio: 0.851
[2026-06-17 04:57:21,885][root][INFO] - Epoch [3/5], Batch [147/300], Loss: 1.0784 (Overall: 0.7340, Change: 1.4965), TF Ratio: 0.851
[2026-06-17 04:57:22,070][root][INFO] - Epoch [3/5], Batch [148/300], Loss: 1.0784 (Overall: 0.8062, Change: 1.3486), TF Ratio: 0.850
[2026-06-17 04:57:22,224][root][INFO] - Epoch [3/5], Batch [149/300], Loss: 1.0789 (Overall: 0.8376, Change: 1.4796), TF Ratio: 0.850
[2026-06-17 04:57:22,392][root][INFO] - Epoch [3/5], Batch [150/300], Loss: 1.0800 (Overall: 0.8652, Change: 1.6229), TF Ratio: 0.850
[2026-06-17 04:57:22,545][root][INFO] - Epoch [3/5], Batch [151/300], Loss: 1.0785 (Overall: 0.5724, Change: 1.1395), TF Ratio: 0.850
[2026-06-17 04:57:22,735][root][INFO] - Epoch [3/5], Batch [152/300], Loss: 1.0805 (Overall: 0.6510, Change: 2.1058), TF Ratio: 0.850
[2026-06-17 04:57:22,889][root][INFO] - Epoch [3/5], Batch [153/300], Loss: 1.0799 (Overall: 0.6604, Change: 1.3083), TF Ratio: 0.849
[2026-06-17 04:57:23,056][root][INFO] - Epoch [3/5], Batch [154/300], Loss: 1.0789 (Overall: 0.5854, Change: 1.2734), TF Ratio: 0.849
[2026-06-17 04:57:23,210][root][INFO] - Epoch [3/5], Batch [155/300], Loss: 1.0789 (Overall: 0.7456, Change: 1.4011), TF Ratio: 0.849
[2026-06-17 04:57:23,401][root][INFO] - Epoch [3/5], Batch [156/300], Loss: 1.0789 (Overall: 0.9116, Change: 1.2742), TF Ratio: 0.849
[2026-06-17 04:57:23,556][root][INFO] - Epoch [3/5], Batch [157/300], Loss: 1.0788 (Overall: 0.7452, Change: 1.3802), TF Ratio: 0.849
[2026-06-17 04:57:23,709][root][INFO] - Epoch [3/5], Batch [158/300], Loss: 1.0782 (Overall: 0.7245, Change: 1.2382), TF Ratio: 0.848
[2026-06-17 04:57:23,863][root][INFO] - Epoch [3/5], Batch [159/300], Loss: 1.0768 (Overall: 0.5426, Change: 1.1516), TF Ratio: 0.848
[2026-06-17 04:57:24,070][root][INFO] - Epoch [3/5], Batch [160/300], Loss: 1.0744 (Overall: 0.4831, Change: 0.9101), TF Ratio: 0.848
[2026-06-17 04:57:24,231][root][INFO] - Epoch [3/5], Batch [161/300], Loss: 1.0759 (Overall: 1.1390, Change: 1.4971), TF Ratio: 0.848
[2026-06-17 04:57:24,386][root][INFO] - Epoch [3/5], Batch [162/300], Loss: 1.0754 (Overall: 0.6876, Change: 1.3143), TF Ratio: 0.848
[2026-06-17 04:57:24,540][root][INFO] - Epoch [3/5], Batch [163/300], Loss: 1.0751 (Overall: 0.8946, Change: 1.1466), TF Ratio: 0.847
[2026-06-17 04:57:24,720][root][INFO] - Epoch [3/5], Batch [164/300], Loss: 1.0745 (Overall: 0.6221, Change: 1.3332), TF Ratio: 0.847
[2026-06-17 04:57:24,874][root][INFO] - Epoch [3/5], Batch [165/300], Loss: 1.0745 (Overall: 0.5158, Change: 1.6135), TF Ratio: 0.847
[2026-06-17 04:57:25,036][root][INFO] - Epoch [3/5], Batch [166/300], Loss: 1.0754 (Overall: 0.9956, Change: 1.4768), TF Ratio: 0.847
[2026-06-17 04:57:25,191][root][INFO] - Epoch [3/5], Batch [167/300], Loss: 1.0742 (Overall: 0.7132, Change: 1.0442), TF Ratio: 0.847
[2026-06-17 04:57:25,367][root][INFO] - Epoch [3/5], Batch [168/300], Loss: 1.0734 (Overall: 0.6864, Change: 1.1660), TF Ratio: 0.846
[2026-06-17 04:57:25,521][root][INFO] - Epoch [3/5], Batch [169/300], Loss: 1.0744 (Overall: 1.0110, Change: 1.4702), TF Ratio: 0.846
[2026-06-17 04:57:25,681][root][INFO] - Epoch [3/5], Batch [170/300], Loss: 1.0730 (Overall: 0.7069, Change: 0.9766), TF Ratio: 0.846
[2026-06-17 04:57:25,836][root][INFO] - Epoch [3/5], Batch [171/300], Loss: 1.0730 (Overall: 0.7510, Change: 1.4081), TF Ratio: 0.846
[2026-06-17 04:57:26,015][root][INFO] - Epoch [3/5], Batch [172/300], Loss: 1.0728 (Overall: 0.6802, Change: 1.3774), TF Ratio: 0.846
[2026-06-17 04:57:26,169][root][INFO] - Epoch [3/5], Batch [173/300], Loss: 1.0732 (Overall: 0.7744, Change: 1.5123), TF Ratio: 0.845
[2026-06-17 04:57:26,322][root][INFO] - Epoch [3/5], Batch [174/300], Loss: 1.0725 (Overall: 0.5687, Change: 1.3519), TF Ratio: 0.845
[2026-06-17 04:57:26,486][root][INFO] - Epoch [3/5], Batch [175/300], Loss: 1.0735 (Overall: 0.8336, Change: 1.6488), TF Ratio: 0.845
[2026-06-17 04:57:26,681][root][INFO] - Epoch [3/5], Batch [176/300], Loss: 1.0748 (Overall: 0.7592, Change: 1.8453), TF Ratio: 0.845
[2026-06-17 04:57:26,835][root][INFO] - Epoch [3/5], Batch [177/300], Loss: 1.0746 (Overall: 0.7972, Change: 1.2726), TF Ratio: 0.845
[2026-06-17 04:57:26,989][root][INFO] - Epoch [3/5], Batch [178/300], Loss: 1.0742 (Overall: 0.8065, Change: 1.2204), TF Ratio: 0.844
[2026-06-17 04:57:27,143][root][INFO] - Epoch [3/5], Batch [179/300], Loss: 1.0735 (Overall: 0.6868, Change: 1.1852), TF Ratio: 0.844
[2026-06-17 04:57:27,327][root][INFO] - Epoch [3/5], Batch [180/300], Loss: 1.0726 (Overall: 0.5800, Change: 1.2651), TF Ratio: 0.844
[2026-06-17 04:57:27,480][root][INFO] - Epoch [3/5], Batch [181/300], Loss: 1.0719 (Overall: 0.7244, Change: 1.1590), TF Ratio: 0.844
[2026-06-17 04:57:27,635][root][INFO] - Epoch [3/5], Batch [182/300], Loss: 1.0727 (Overall: 0.8603, Change: 1.5766), TF Ratio: 0.844
[2026-06-17 04:57:27,794][root][INFO] - Epoch [3/5], Batch [183/300], Loss: 1.0717 (Overall: 0.7379, Change: 1.0325), TF Ratio: 0.843
[2026-06-17 04:57:27,968][root][INFO] - Epoch [3/5], Batch [184/300], Loss: 1.0723 (Overall: 0.9112, Change: 1.4614), TF Ratio: 0.843
[2026-06-17 04:57:28,126][root][INFO] - Epoch [3/5], Batch [185/300], Loss: 1.0701 (Overall: 0.5842, Change: 0.7634), TF Ratio: 0.843
[2026-06-17 04:57:28,280][root][INFO] - Epoch [3/5], Batch [186/300], Loss: 1.0706 (Overall: 0.7367, Change: 1.5814), TF Ratio: 0.843
[2026-06-17 04:57:28,434][root][INFO] - Epoch [3/5], Batch [187/300], Loss: 1.0712 (Overall: 0.8497, Change: 1.4965), TF Ratio: 0.843
[2026-06-17 04:57:28,620][root][INFO] - Epoch [3/5], Batch [188/300], Loss: 1.0709 (Overall: 0.8387, Change: 1.2071), TF Ratio: 0.842
[2026-06-17 04:57:28,773][root][INFO] - Epoch [3/5], Batch [189/300], Loss: 1.0706 (Overall: 0.8814, Change: 1.1324), TF Ratio: 0.842
[2026-06-17 04:57:28,925][root][INFO] - Epoch [3/5], Batch [190/300], Loss: 1.0707 (Overall: 0.9051, Change: 1.2951), TF Ratio: 0.842
[2026-06-17 04:57:29,078][root][INFO] - Epoch [3/5], Batch [191/300], Loss: 1.0691 (Overall: 0.5777, Change: 0.9523), TF Ratio: 0.842
[2026-06-17 04:57:29,264][root][INFO] - Epoch [3/5], Batch [192/300], Loss: 1.0685 (Overall: 0.7557, Change: 1.1275), TF Ratio: 0.842
[2026-06-17 04:57:29,425][root][INFO] - Epoch [3/5], Batch [193/300], Loss: 1.0678 (Overall: 0.6015, Change: 1.2644), TF Ratio: 0.841
[2026-06-17 04:57:29,587][root][INFO] - Epoch [3/5], Batch [194/300], Loss: 1.0674 (Overall: 0.7338, Change: 1.2598), TF Ratio: 0.841
[2026-06-17 04:57:29,739][root][INFO] - Epoch [3/5], Batch [195/300], Loss: 1.0660 (Overall: 0.8047, Change: 0.7784), TF Ratio: 0.841
[2026-06-17 04:57:29,915][root][INFO] - Epoch [3/5], Batch [196/300], Loss: 1.0658 (Overall: 0.5461, Change: 1.5082), TF Ratio: 0.841
[2026-06-17 04:57:30,069][root][INFO] - Epoch [3/5], Batch [197/300], Loss: 1.0666 (Overall: 0.5663, Change: 1.9074), TF Ratio: 0.841
[2026-06-17 04:57:30,223][root][INFO] - Epoch [3/5], Batch [198/300], Loss: 1.0673 (Overall: 0.9523, Change: 1.4219), TF Ratio: 0.840
[2026-06-17 04:57:30,377][root][INFO] - Epoch [3/5], Batch [199/300], Loss: 1.0670 (Overall: 0.8335, Change: 1.1806), TF Ratio: 0.840
[2026-06-17 04:57:30,564][root][INFO] - Epoch [3/5], Batch [200/300], Loss: 1.0668 (Overall: 0.7199, Change: 1.3532), TF Ratio: 0.840
[2026-06-17 04:57:30,720][root][INFO] - Epoch [3/5], Batch [201/300], Loss: 1.0666 (Overall: 0.6217, Change: 1.4293), TF Ratio: 0.840
[2026-06-17 04:57:30,872][root][INFO] - Epoch [3/5], Batch [202/300], Loss: 1.0663 (Overall: 0.5486, Change: 1.4768), TF Ratio: 0.840
[2026-06-17 04:57:31,025][root][INFO] - Epoch [3/5], Batch [203/300], Loss: 1.0657 (Overall: 0.6417, Change: 1.2392), TF Ratio: 0.839
[2026-06-17 04:57:31,193][root][INFO] - Epoch [3/5], Batch [204/300], Loss: 1.0653 (Overall: 0.4884, Change: 1.4702), TF Ratio: 0.839
[2026-06-17 04:57:31,347][root][INFO] - Epoch [3/5], Batch [205/300], Loss: 1.0651 (Overall: 0.5893, Change: 1.4498), TF Ratio: 0.839
[2026-06-17 04:57:31,504][root][INFO] - Epoch [3/5], Batch [206/300], Loss: 1.0658 (Overall: 0.9667, Change: 1.4558), TF Ratio: 0.839
[2026-06-17 04:57:31,656][root][INFO] - Epoch [3/5], Batch [207/300], Loss: 1.0655 (Overall: 0.7176, Change: 1.3072), TF Ratio: 0.839
[2026-06-17 04:57:31,837][root][INFO] - Epoch [3/5], Batch [208/300], Loss: 1.0646 (Overall: 0.6539, Change: 1.0991), TF Ratio: 0.838
[2026-06-17 04:57:31,990][root][INFO] - Epoch [3/5], Batch [209/300], Loss: 1.0646 (Overall: 0.6942, Change: 1.4434), TF Ratio: 0.838
[2026-06-17 04:57:32,143][root][INFO] - Epoch [3/5], Batch [210/300], Loss: 1.0661 (Overall: 1.1920, Change: 1.5448), TF Ratio: 0.838
[2026-06-17 04:57:32,295][root][INFO] - Epoch [3/5], Batch [211/300], Loss: 1.0663 (Overall: 0.7988, Change: 1.4185), TF Ratio: 0.838
[2026-06-17 04:57:34,820][root][INFO] - Epoch [3/5], Batch [212/300], Loss: 1.0657 (Overall: 0.9035, Change: 0.9828), TF Ratio: 0.838
[2026-06-17 04:57:34,973][root][INFO] - Epoch [3/5], Batch [213/300], Loss: 1.0656 (Overall: 0.8857, Change: 1.1942), TF Ratio: 0.837
[2026-06-17 04:57:35,126][root][INFO] - Epoch [3/5], Batch [214/300], Loss: 1.0660 (Overall: 0.7196, Change: 1.5892), TF Ratio: 0.837
[2026-06-17 04:57:35,278][root][INFO] - Epoch [3/5], Batch [215/300], Loss: 1.0666 (Overall: 1.1202, Change: 1.2608), TF Ratio: 0.837
[2026-06-17 04:57:35,449][root][INFO] - Epoch [3/5], Batch [216/300], Loss: 1.0672 (Overall: 0.8073, Change: 1.5882), TF Ratio: 0.837
[2026-06-17 04:57:35,602][root][INFO] - Epoch [3/5], Batch [217/300], Loss: 1.0679 (Overall: 0.9942, Change: 1.4642), TF Ratio: 0.837
[2026-06-17 04:57:35,754][root][INFO] - Epoch [3/5], Batch [218/300], Loss: 1.0680 (Overall: 1.0822, Change: 1.1082), TF Ratio: 0.836
[2026-06-17 04:57:35,906][root][INFO] - Epoch [3/5], Batch [219/300], Loss: 1.0679 (Overall: 0.6406, Change: 1.4171), TF Ratio: 0.836
[2026-06-17 04:57:36,798][root][INFO] - Epoch [3/5], Batch [220/300], Loss: 1.0673 (Overall: 0.7157, Change: 1.1893), TF Ratio: 0.836
[2026-06-17 04:57:36,958][root][INFO] - Epoch [3/5], Batch [221/300], Loss: 1.0667 (Overall: 0.5081, Change: 1.3406), TF Ratio: 0.836
[2026-06-17 04:57:37,109][root][INFO] - Epoch [3/5], Batch [222/300], Loss: 1.0662 (Overall: 0.8378, Change: 1.0964), TF Ratio: 0.836
[2026-06-17 04:57:37,261][root][INFO] - Epoch [3/5], Batch [223/300], Loss: 1.0658 (Overall: 0.7386, Change: 1.2039), TF Ratio: 0.835
[2026-06-17 04:57:38,816][root][INFO] - Epoch [3/5], Batch [224/300], Loss: 1.0652 (Overall: 0.6137, Change: 1.2239), TF Ratio: 0.835
[2026-06-17 04:57:38,972][root][INFO] - Epoch [3/5], Batch [225/300], Loss: 1.0660 (Overall: 1.1219, Change: 1.3730), TF Ratio: 0.835
[2026-06-17 04:57:39,124][root][INFO] - Epoch [3/5], Batch [226/300], Loss: 1.0658 (Overall: 0.6809, Change: 1.3902), TF Ratio: 0.835
[2026-06-17 04:57:39,275][root][INFO] - Epoch [3/5], Batch [227/300], Loss: 1.0652 (Overall: 0.7105, Change: 1.1230), TF Ratio: 0.835
[2026-06-17 04:57:40,225][root][INFO] - Epoch [3/5], Batch [228/300], Loss: 1.0648 (Overall: 0.6725, Change: 1.2830), TF Ratio: 0.834
[2026-06-17 04:57:40,379][root][INFO] - Epoch [3/5], Batch [229/300], Loss: 1.0642 (Overall: 0.6602, Change: 1.2066), TF Ratio: 0.834
[2026-06-17 04:57:40,536][root][INFO] - Epoch [3/5], Batch [230/300], Loss: 1.0639 (Overall: 0.5803, Change: 1.3850), TF Ratio: 0.834
[2026-06-17 04:57:40,691][root][INFO] - Epoch [3/5], Batch [231/300], Loss: 1.0624 (Overall: 0.5326, Change: 0.9308), TF Ratio: 0.834
[2026-06-17 04:57:42,033][root][INFO] - Epoch [3/5], Batch [232/300], Loss: 1.0627 (Overall: 0.8736, Change: 1.3848), TF Ratio: 0.834
[2026-06-17 04:57:42,188][root][INFO] - Epoch [3/5], Batch [233/300], Loss: 1.0626 (Overall: 0.6483, Change: 1.4085), TF Ratio: 0.833
[2026-06-17 04:57:42,341][root][INFO] - Epoch [3/5], Batch [234/300], Loss: 1.0635 (Overall: 0.8835, Change: 1.6700), TF Ratio: 0.833
[2026-06-17 04:57:42,494][root][INFO] - Epoch [3/5], Batch [235/300], Loss: 1.0635 (Overall: 0.6748, Change: 1.4384), TF Ratio: 0.833
[2026-06-17 04:57:43,219][root][INFO] - Epoch [3/5], Batch [236/300], Loss: 1.0642 (Overall: 0.8190, Change: 1.6546), TF Ratio: 0.833
[2026-06-17 04:57:43,377][root][INFO] - Epoch [3/5], Batch [237/300], Loss: 1.0644 (Overall: 0.6346, Change: 1.6027), TF Ratio: 0.833
[2026-06-17 04:57:43,530][root][INFO] - Epoch [3/5], Batch [238/300], Loss: 1.0641 (Overall: 0.9373, Change: 1.0184), TF Ratio: 0.832
[2026-06-17 04:57:43,683][root][INFO] - Epoch [3/5], Batch [239/300], Loss: 1.0639 (Overall: 0.8078, Change: 1.2632), TF Ratio: 0.832
[2026-06-17 04:57:43,863][root][INFO] - Epoch [3/5], Batch [240/300], Loss: 1.0629 (Overall: 0.5611, Change: 1.0598), TF Ratio: 0.832
[2026-06-17 04:57:44,026][root][INFO] - Epoch [3/5], Batch [241/300], Loss: 1.0642 (Overall: 1.2223, Change: 1.5527), TF Ratio: 0.832
[2026-06-17 04:57:44,181][root][INFO] - Epoch [3/5], Batch [242/300], Loss: 1.0654 (Overall: 1.0558, Change: 1.6507), TF Ratio: 0.832
[2026-06-17 04:57:44,347][root][INFO] - Epoch [3/5], Batch [243/300], Loss: 1.0649 (Overall: 0.6618, Change: 1.2032), TF Ratio: 0.831
[2026-06-17 04:57:44,525][root][INFO] - Epoch [3/5], Batch [244/300], Loss: 1.0654 (Overall: 0.9854, Change: 1.4121), TF Ratio: 0.831
[2026-06-17 04:57:44,679][root][INFO] - Epoch [3/5], Batch [245/300], Loss: 1.0654 (Overall: 0.7485, Change: 1.3684), TF Ratio: 0.831
[2026-06-17 04:57:44,832][root][INFO] - Epoch [3/5], Batch [246/300], Loss: 1.0656 (Overall: 0.8417, Change: 1.3796), TF Ratio: 0.831
[2026-06-17 04:57:44,997][root][INFO] - Epoch [3/5], Batch [247/300], Loss: 1.0665 (Overall: 1.0206, Change: 1.5708), TF Ratio: 0.831
[2026-06-17 04:57:45,178][root][INFO] - Epoch [3/5], Batch [248/300], Loss: 1.0660 (Overall: 0.6480, Change: 1.2155), TF Ratio: 0.830
[2026-06-17 04:57:45,338][root][INFO] - Epoch [3/5], Batch [249/300], Loss: 1.0670 (Overall: 0.6324, Change: 2.0328), TF Ratio: 0.830
[2026-06-17 04:57:45,498][root][INFO] - Epoch [3/5], Batch [250/300], Loss: 1.0682 (Overall: 1.0751, Change: 1.6593), TF Ratio: 0.830
[2026-06-17 04:57:45,652][root][INFO] - Epoch [3/5], Batch [251/300], Loss: 1.0682 (Overall: 0.8293, Change: 1.2670), TF Ratio: 0.830
[2026-06-17 04:57:45,834][root][INFO] - Epoch [3/5], Batch [252/300], Loss: 1.0681 (Overall: 0.7150, Change: 1.3860), TF Ratio: 0.830
[2026-06-17 04:57:45,988][root][INFO] - Epoch [3/5], Batch [253/300], Loss: 1.0687 (Overall: 1.0312, Change: 1.4118), TF Ratio: 0.829
[2026-06-17 04:57:46,141][root][INFO] - Epoch [3/5], Batch [254/300], Loss: 1.0686 (Overall: 0.6976, Change: 1.3719), TF Ratio: 0.829
[2026-06-17 04:57:46,295][root][INFO] - Epoch [3/5], Batch [255/300], Loss: 1.0684 (Overall: 0.6257, Change: 1.4502), TF Ratio: 0.829
[2026-06-17 04:57:46,474][root][INFO] - Epoch [3/5], Batch [256/300], Loss: 1.0694 (Overall: 1.1356, Change: 1.4952), TF Ratio: 0.829
[2026-06-17 04:57:46,630][root][INFO] - Epoch [3/5], Batch [257/300], Loss: 1.0689 (Overall: 0.7184, Change: 1.1822), TF Ratio: 0.829
[2026-06-17 04:57:46,798][root][INFO] - Epoch [3/5], Batch [258/300], Loss: 1.0686 (Overall: 0.6938, Change: 1.2755), TF Ratio: 0.828
[2026-06-17 04:57:46,953][root][INFO] - Epoch [3/5], Batch [259/300], Loss: 1.0688 (Overall: 0.7981, Change: 1.4426), TF Ratio: 0.828
[2026-06-17 04:57:47,149][root][INFO] - Epoch [3/5], Batch [260/300], Loss: 1.0695 (Overall: 1.0248, Change: 1.4837), TF Ratio: 0.828
[2026-06-17 04:57:47,320][root][INFO] - Epoch [3/5], Batch [261/300], Loss: 1.0695 (Overall: 0.6638, Change: 1.4326), TF Ratio: 0.828
[2026-06-17 04:57:47,474][root][INFO] - Epoch [3/5], Batch [262/300], Loss: 1.0691 (Overall: 0.8858, Change: 1.0675), TF Ratio: 0.828
[2026-06-17 04:57:47,627][root][INFO] - Epoch [3/5], Batch [263/300], Loss: 1.0697 (Overall: 1.0503, Change: 1.4207), TF Ratio: 0.827
[2026-06-17 04:57:47,829][root][INFO] - Epoch [3/5], Batch [264/300], Loss: 1.0701 (Overall: 0.6574, Change: 1.7038), TF Ratio: 0.827
[2026-06-17 04:57:47,983][root][INFO] - Epoch [3/5], Batch [265/300], Loss: 1.0697 (Overall: 0.6726, Change: 1.2158), TF Ratio: 0.827
[2026-06-17 04:57:48,137][root][INFO] - Epoch [3/5], Batch [266/300], Loss: 1.0698 (Overall: 0.6762, Change: 1.5364), TF Ratio: 0.827
[2026-06-17 04:57:48,290][root][INFO] - Epoch [3/5], Batch [267/300], Loss: 1.0694 (Overall: 0.7524, Change: 1.1618), TF Ratio: 0.827
[2026-06-17 04:57:48,485][root][INFO] - Epoch [3/5], Batch [268/300], Loss: 1.0690 (Overall: 0.8350, Change: 1.0946), TF Ratio: 0.826
[2026-06-17 04:57:48,639][root][INFO] - Epoch [3/5], Batch [269/300], Loss: 1.0687 (Overall: 0.9471, Change: 1.0403), TF Ratio: 0.826
[2026-06-17 04:57:48,792][root][INFO] - Epoch [3/5], Batch [270/300], Loss: 1.0684 (Overall: 0.6724, Change: 1.2658), TF Ratio: 0.826
[2026-06-17 04:57:48,947][root][INFO] - Epoch [3/5], Batch [271/300], Loss: 1.0677 (Overall: 0.7134, Change: 1.0653), TF Ratio: 0.826
[2026-06-17 04:57:49,126][root][INFO] - Epoch [3/5], Batch [272/300], Loss: 1.0684 (Overall: 1.2120, Change: 1.2917), TF Ratio: 0.826
[2026-06-17 04:57:49,281][root][INFO] - Epoch [3/5], Batch [273/300], Loss: 1.0688 (Overall: 0.6090, Change: 1.7832), TF Ratio: 0.825
[2026-06-17 04:57:49,434][root][INFO] - Epoch [3/5], Batch [274/300], Loss: 1.0682 (Overall: 0.6289, Change: 1.1721), TF Ratio: 0.825
[2026-06-17 04:57:49,604][root][INFO] - Epoch [3/5], Batch [275/300], Loss: 1.0676 (Overall: 0.7289, Change: 1.0654), TF Ratio: 0.825
[2026-06-17 04:57:49,784][root][INFO] - Epoch [3/5], Batch [276/300], Loss: 1.0680 (Overall: 0.6737, Change: 1.6834), TF Ratio: 0.825
[2026-06-17 04:57:49,936][root][INFO] - Epoch [3/5], Batch [277/300], Loss: 1.0685 (Overall: 0.7667, Change: 1.6598), TF Ratio: 0.825
[2026-06-17 04:57:50,089][root][INFO] - Epoch [3/5], Batch [278/300], Loss: 1.0689 (Overall: 0.8067, Change: 1.5231), TF Ratio: 0.824
[2026-06-17 04:57:50,243][root][INFO] - Epoch [3/5], Batch [279/300], Loss: 1.0683 (Overall: 0.7312, Change: 1.0679), TF Ratio: 0.824
[2026-06-17 04:57:50,425][root][INFO] - Epoch [3/5], Batch [280/300], Loss: 1.0677 (Overall: 0.7166, Change: 1.1245), TF Ratio: 0.824
[2026-06-17 04:57:50,580][root][INFO] - Epoch [3/5], Batch [281/300], Loss: 1.0673 (Overall: 0.6431, Change: 1.2407), TF Ratio: 0.824
[2026-06-17 04:57:50,733][root][INFO] - Epoch [3/5], Batch [282/300], Loss: 1.0676 (Overall: 0.6625, Change: 1.6654), TF Ratio: 0.824
[2026-06-17 04:57:50,886][root][INFO] - Epoch [3/5], Batch [283/300], Loss: 1.0674 (Overall: 0.4996, Change: 1.5300), TF Ratio: 0.823
[2026-06-17 04:57:51,094][root][INFO] - Epoch [3/5], Batch [284/300], Loss: 1.0666 (Overall: 0.5783, Change: 1.0620), TF Ratio: 0.823
[2026-06-17 04:57:51,248][root][INFO] - Epoch [3/5], Batch [285/300], Loss: 1.0653 (Overall: 0.5317, Change: 0.8885), TF Ratio: 0.823
[2026-06-17 04:57:51,401][root][INFO] - Epoch [3/5], Batch [286/300], Loss: 1.0676 (Overall: 1.6955, Change: 1.7647), TF Ratio: 0.823
[2026-06-17 04:57:51,553][root][INFO] - Epoch [3/5], Batch [287/300], Loss: 1.0676 (Overall: 0.8764, Change: 1.2185), TF Ratio: 0.823
[2026-06-17 04:57:51,777][root][INFO] - Epoch [3/5], Batch [288/300], Loss: 1.0674 (Overall: 0.6244, Change: 1.3834), TF Ratio: 0.822
[2026-06-17 04:57:51,932][root][INFO] - Epoch [3/5], Batch [289/300], Loss: 1.0671 (Overall: 0.5964, Change: 1.4148), TF Ratio: 0.822
[2026-06-17 04:57:52,086][root][INFO] - Epoch [3/5], Batch [290/300], Loss: 1.0664 (Overall: 0.5902, Change: 1.0985), TF Ratio: 0.822
[2026-06-17 04:57:52,240][root][INFO] - Epoch [3/5], Batch [291/300], Loss: 1.0666 (Overall: 0.7661, Change: 1.5128), TF Ratio: 0.822
[2026-06-17 04:57:52,425][root][INFO] - Epoch [3/5], Batch [292/300], Loss: 1.0666 (Overall: 0.9501, Change: 1.1805), TF Ratio: 0.822
[2026-06-17 04:57:52,580][root][INFO] - Epoch [3/5], Batch [293/300], Loss: 1.0664 (Overall: 0.5969, Change: 1.4320), TF Ratio: 0.821
[2026-06-17 04:57:52,733][root][INFO] - Epoch [3/5], Batch [294/300], Loss: 1.0667 (Overall: 0.6840, Change: 1.5821), TF Ratio: 0.821
[2026-06-17 04:57:52,899][root][INFO] - Epoch [3/5], Batch [295/300], Loss: 1.0668 (Overall: 0.4714, Change: 1.7544), TF Ratio: 0.821
[2026-06-17 04:57:53,070][root][INFO] - Epoch [3/5], Batch [296/300], Loss: 1.0663 (Overall: 0.5918, Change: 1.2334), TF Ratio: 0.821
[2026-06-17 04:57:53,225][root][INFO] - Epoch [3/5], Batch [297/300], Loss: 1.0659 (Overall: 0.6023, Change: 1.2944), TF Ratio: 0.821
[2026-06-17 04:57:53,379][root][INFO] - Epoch [3/5], Batch [298/300], Loss: 1.0653 (Overall: 0.7485, Change: 1.0191), TF Ratio: 0.820
[2026-06-17 04:57:53,550][root][INFO] - Epoch [3/5], Batch [299/300], Loss: 1.0633 (Overall: 0.4239, Change: 0.4897), TF Ratio: 0.820
[2026-06-17 04:57:53,733][root][INFO] - Epoch [3/5], Batch [300/300], Loss: 1.0631 (Overall: 0.8138, Change: 1.2313), TF Ratio: 0.820
[2026-06-17 04:57:56,078][root][INFO] - Epoch 3 done. Validating...
[2026-06-17 04:58:02,497][root][INFO] - Epoch [3/5] | Train: 1.0608 | Val: 1.3098
[2026-06-17 04:58:02,717][root][INFO] - Checkpoint saved: /gpfs/scratch/bsc32/bsc096444/ai4land-tfm/trained_models/unet_impl/41825211/model_epoch_3.pth
[2026-06-17 04:58:05,317][root][INFO] - Epoch [4/5], Batch [1/300], Loss: 0.8769 (Overall: 0.6135, Change: 1.1402), TF Ratio: 0.820
[2026-06-17 04:58:05,472][root][INFO] - Epoch [4/5], Batch [2/300], Loss: 0.9419 (Overall: 0.5234, Change: 1.4905), TF Ratio: 0.820
[2026-06-17 04:58:05,629][root][INFO] - Epoch [4/5], Batch [3/300], Loss: 0.9684 (Overall: 0.6187, Change: 1.4241), TF Ratio: 0.819
[2026-06-17 04:58:05,956][root][INFO] - Epoch [4/5], Batch [4/300], Loss: 0.9233 (Overall: 0.5776, Change: 0.9987), TF Ratio: 0.819
[2026-06-17 04:58:06,112][root][INFO] - Epoch [4/5], Batch [5/300], Loss: 0.9365 (Overall: 0.4608, Change: 1.5175), TF Ratio: 0.819
[2026-06-17 04:58:06,266][root][INFO] - Epoch [4/5], Batch [6/300], Loss: 0.9764 (Overall: 0.5095, Change: 1.8421), TF Ratio: 0.819
[2026-06-17 04:58:06,437][root][INFO] - Epoch [4/5], Batch [7/300], Loss: 0.9895 (Overall: 0.8759, Change: 1.2611), TF Ratio: 0.819
[2026-06-17 04:58:06,641][root][INFO] - Epoch [4/5], Batch [8/300], Loss: 0.9952 (Overall: 0.7344, Change: 1.3351), TF Ratio: 0.818
[2026-06-17 04:58:06,797][root][INFO] - Epoch [4/5], Batch [9/300], Loss: 1.0055 (Overall: 0.6325, Change: 1.5428), TF Ratio: 0.818
[2026-06-17 04:58:06,952][root][INFO] - Epoch [4/5], Batch [10/300], Loss: 1.0242 (Overall: 0.9237, Change: 1.4625), TF Ratio: 0.818
[2026-06-17 04:58:07,106][root][INFO] - Epoch [4/5], Batch [11/300], Loss: 1.0256 (Overall: 0.9084, Change: 1.1706), TF Ratio: 0.818
[2026-06-17 04:58:07,281][root][INFO] - Epoch [4/5], Batch [12/300], Loss: 1.0360 (Overall: 0.5552, Change: 1.7444), TF Ratio: 0.818
[2026-06-17 04:58:07,440][root][INFO] - Epoch [4/5], Batch [13/300], Loss: 1.0153 (Overall: 0.6091, Change: 0.9251), TF Ratio: 0.817
[2026-06-17 04:58:07,595][root][INFO] - Epoch [4/5], Batch [14/300], Loss: 1.0318 (Overall: 1.1436, Change: 1.3491), TF Ratio: 0.817
[2026-06-17 04:58:07,749][root][INFO] - Epoch [4/5], Batch [15/300], Loss: 1.0397 (Overall: 0.7907, Change: 1.5088), TF Ratio: 0.817
[2026-06-17 04:58:07,936][root][INFO] - Epoch [4/5], Batch [16/300], Loss: 1.0374 (Overall: 0.5659, Change: 1.4412), TF Ratio: 0.817
[2026-06-17 04:58:08,093][root][INFO] - Epoch [4/5], Batch [17/300], Loss: 1.0342 (Overall: 0.6913, Change: 1.2761), TF Ratio: 0.817
[2026-06-17 04:58:08,904][root][INFO] - Epoch [4/5], Batch [18/300], Loss: 1.0315 (Overall: 0.7150, Change: 1.2540), TF Ratio: 0.816
[2026-06-17 04:58:09,060][root][INFO] - Epoch [4/5], Batch [19/300], Loss: 1.0226 (Overall: 0.6315, Change: 1.0948), TF Ratio: 0.816
[2026-06-17 04:58:09,230][root][INFO] - Epoch [4/5], Batch [20/300], Loss: 1.0161 (Overall: 0.5003, Change: 1.2830), TF Ratio: 0.816
[2026-06-17 04:58:09,386][root][INFO] - Epoch [4/5], Batch [21/300], Loss: 1.0214 (Overall: 0.7079, Change: 1.5479), TF Ratio: 0.816
[2026-06-17 04:58:09,543][root][INFO] - Epoch [4/5], Batch [22/300], Loss: 1.0315 (Overall: 0.8930, Change: 1.5964), TF Ratio: 0.816
[2026-06-17 04:58:09,697][root][INFO] - Epoch [4/5], Batch [23/300], Loss: 1.0295 (Overall: 0.7568, Change: 1.2113), TF Ratio: 0.815
[2026-06-17 04:58:09,899][root][INFO] - Epoch [4/5], Batch [24/300], Loss: 1.0257 (Overall: 0.8376, Change: 1.0418), TF Ratio: 0.815
[2026-06-17 04:58:10,054][root][INFO] - Epoch [4/5], Batch [25/300], Loss: 1.0183 (Overall: 0.6885, Change: 0.9892), TF Ratio: 0.815
[2026-06-17 04:58:10,214][root][INFO] - Epoch [4/5], Batch [26/300], Loss: 1.0248 (Overall: 0.8949, Change: 1.4796), TF Ratio: 0.815
[2026-06-17 04:58:10,369][root][INFO] - Epoch [4/5], Batch [27/300], Loss: 1.0239 (Overall: 0.4837, Change: 1.5171), TF Ratio: 0.815
[2026-06-17 04:58:10,562][root][INFO] - Epoch [4/5], Batch [28/300], Loss: 1.0190 (Overall: 0.5364, Change: 1.2417), TF Ratio: 0.814
[2026-06-17 04:58:10,717][root][INFO] - Epoch [4/5], Batch [29/300], Loss: 1.0336 (Overall: 1.3755, Change: 1.5086), TF Ratio: 0.814
[2026-06-17 04:58:10,871][root][INFO] - Epoch [4/5], Batch [30/300], Loss: 1.0394 (Overall: 0.8402, Change: 1.5746), TF Ratio: 0.814
[2026-06-17 04:58:11,025][root][INFO] - Epoch [4/5], Batch [31/300], Loss: 1.0393 (Overall: 0.6519, Change: 1.4216), TF Ratio: 0.814
[2026-06-17 04:58:11,217][root][INFO] - Epoch [4/5], Batch [32/300], Loss: 1.0368 (Overall: 0.5261, Change: 1.3890), TF Ratio: 0.814
[2026-06-17 04:58:11,385][root][INFO] - Epoch [4/5], Batch [33/300], Loss: 1.0398 (Overall: 0.7935, Change: 1.4770), TF Ratio: 0.813
[2026-06-17 04:58:11,540][root][INFO] - Epoch [4/5], Batch [34/300], Loss: 1.0371 (Overall: 0.7788, Change: 1.1226), TF Ratio: 0.813
[2026-06-17 04:58:11,693][root][INFO] - Epoch [4/5], Batch [35/300], Loss: 1.0402 (Overall: 0.7694, Change: 1.5197), TF Ratio: 0.813
[2026-06-17 04:58:11,863][root][INFO] - Epoch [4/5], Batch [36/300], Loss: 1.0375 (Overall: 0.9508, Change: 0.9357), TF Ratio: 0.813
[2026-06-17 04:58:12,035][root][INFO] - Epoch [4/5], Batch [37/300], Loss: 1.0401 (Overall: 0.7699, Change: 1.4947), TF Ratio: 0.813
[2026-06-17 04:58:12,188][root][INFO] - Epoch [4/5], Batch [38/300], Loss: 1.0446 (Overall: 0.8263, Change: 1.5975), TF Ratio: 0.812
[2026-06-17 04:58:12,348][root][INFO] - Epoch [4/5], Batch [39/300], Loss: 1.0418 (Overall: 0.5640, Change: 1.3088), TF Ratio: 0.812
[2026-06-17 04:58:12,524][root][INFO] - Epoch [4/5], Batch [40/300], Loss: 1.0438 (Overall: 0.7330, Change: 1.5108), TF Ratio: 0.812
[2026-06-17 04:58:12,691][root][INFO] - Epoch [4/5], Batch [41/300], Loss: 1.0409 (Overall: 0.5938, Change: 1.2569), TF Ratio: 0.812
[2026-06-17 04:58:12,845][root][INFO] - Epoch [4/5], Batch [42/300], Loss: 1.0399 (Overall: 0.6492, Change: 1.3416), TF Ratio: 0.812
[2026-06-17 04:58:12,998][root][INFO] - Epoch [4/5], Batch [43/300], Loss: 1.0320 (Overall: 0.4335, Change: 0.9747), TF Ratio: 0.811
[2026-06-17 04:58:16,031][root][INFO] - Epoch [4/5], Batch [44/300], Loss: 1.0333 (Overall: 0.6010, Change: 1.5704), TF Ratio: 0.811
[2026-06-17 04:58:16,187][root][INFO] - Epoch [4/5], Batch [45/300], Loss: 1.0362 (Overall: 0.8312, Change: 1.4959), TF Ratio: 0.811
[2026-06-17 04:58:16,340][root][INFO] - Epoch [4/5], Batch [46/300], Loss: 1.0349 (Overall: 0.5622, Change: 1.3943), TF Ratio: 0.811
[2026-06-17 04:58:16,499][root][INFO] - Epoch [4/5], Batch [47/300], Loss: 1.0346 (Overall: 0.6745, Change: 1.3654), TF Ratio: 0.811
[2026-06-17 04:58:16,687][root][INFO] - Epoch [4/5], Batch [48/300], Loss: 1.0328 (Overall: 0.7100, Change: 1.1909), TF Ratio: 0.810
[2026-06-17 04:58:16,841][root][INFO] - Epoch [4/5], Batch [49/300], Loss: 1.0353 (Overall: 1.0285, Change: 1.2766), TF Ratio: 0.810
[2026-06-17 04:58:16,996][root][INFO] - Epoch [4/5], Batch [50/300], Loss: 1.0299 (Overall: 0.6904, Change: 0.8474), TF Ratio: 0.810
[2026-06-17 04:58:17,149][root][INFO] - Epoch [4/5], Batch [51/300], Loss: 1.0289 (Overall: 0.7533, Change: 1.2020), TF Ratio: 0.810
[2026-06-17 04:58:17,332][root][INFO] - Epoch [4/5], Batch [52/300], Loss: 1.0277 (Overall: 0.6259, Change: 1.3036), TF Ratio: 0.810
[2026-06-17 04:58:17,486][root][INFO] - Epoch [4/5], Batch [53/300], Loss: 1.0306 (Overall: 1.1605, Change: 1.1991), TF Ratio: 0.809
[2026-06-17 04:58:17,639][root][INFO] - Epoch [4/5], Batch [54/300], Loss: 1.0343 (Overall: 0.7991, Change: 1.6631), TF Ratio: 0.809
[2026-06-17 04:58:17,811][root][INFO] - Epoch [4/5], Batch [55/300], Loss: 1.0325 (Overall: 0.5719, Change: 1.3037), TF Ratio: 0.809
[2026-06-17 04:58:17,988][root][INFO] - Epoch [4/5], Batch [56/300], Loss: 1.0345 (Overall: 0.8541, Change: 1.4284), TF Ratio: 0.809
[2026-06-17 04:58:18,144][root][INFO] - Epoch [4/5], Batch [57/300], Loss: 1.0332 (Overall: 0.9062, Change: 1.0238), TF Ratio: 0.809
[2026-06-17 04:58:18,300][root][INFO] - Epoch [4/5], Batch [58/300], Loss: 1.0357 (Overall: 0.6641, Change: 1.6898), TF Ratio: 0.808
[2026-06-17 04:58:18,454][root][INFO] - Epoch [4/5], Batch [59/300], Loss: 1.0363 (Overall: 0.6556, Change: 1.4842), TF Ratio: 0.808
[2026-06-17 04:58:18,637][root][INFO] - Epoch [4/5], Batch [60/300], Loss: 1.0423 (Overall: 1.0982, Change: 1.6997), TF Ratio: 0.808
[2026-06-17 04:58:18,791][root][INFO] - Epoch [4/5], Batch [61/300], Loss: 1.0388 (Overall: 0.5433, Change: 1.1103), TF Ratio: 0.808
[2026-06-17 04:58:18,944][root][INFO] - Epoch [4/5], Batch [62/300], Loss: 1.0370 (Overall: 0.7262, Change: 1.1227), TF Ratio: 0.808
[2026-06-17 04:58:19,097][root][INFO] - Epoch [4/5], Batch [63/300], Loss: 1.0372 (Overall: 0.6839, Change: 1.4216), TF Ratio: 0.807
[2026-06-17 04:58:19,277][root][INFO] - Epoch [4/5], Batch [64/300], Loss: 1.0366 (Overall: 0.6197, Change: 1.3792), TF Ratio: 0.807
[2026-06-17 04:58:19,431][root][INFO] - Epoch [4/5], Batch [65/300], Loss: 1.0350 (Overall: 0.4934, Change: 1.3722), TF Ratio: 0.807
[2026-06-17 04:58:19,585][root][INFO] - Epoch [4/5], Batch [66/300], Loss: 1.0336 (Overall: 0.5859, Change: 1.3008), TF Ratio: 0.807
[2026-06-17 04:58:19,739][root][INFO] - Epoch [4/5], Batch [67/300], Loss: 1.0357 (Overall: 0.4405, Change: 1.9094), TF Ratio: 0.807
[2026-06-17 04:58:19,919][root][INFO] - Epoch [4/5], Batch [68/300], Loss: 1.0378 (Overall: 0.8698, Change: 1.4756), TF Ratio: 0.806
[2026-06-17 04:58:20,073][root][INFO] - Epoch [4/5], Batch [69/300], Loss: 1.0372 (Overall: 0.7940, Change: 1.2091), TF Ratio: 0.806
[2026-06-17 04:58:20,230][root][INFO] - Epoch [4/5], Batch [70/300], Loss: 1.0363 (Overall: 0.5827, Change: 1.3558), TF Ratio: 0.806
[2026-06-17 04:58:20,382][root][INFO] - Epoch [4/5], Batch [71/300], Loss: 1.0344 (Overall: 0.7039, Change: 1.1107), TF Ratio: 0.806
[2026-06-17 04:58:20,552][root][INFO] - Epoch [4/5], Batch [72/300], Loss: 1.0350 (Overall: 0.5814, Change: 1.5628), TF Ratio: 0.806
[2026-06-17 04:58:20,715][root][INFO] - Epoch [4/5], Batch [73/300], Loss: 1.0341 (Overall: 0.5278, Change: 1.4117), TF Ratio: 0.805
[2026-06-17 04:58:20,869][root][INFO] - Epoch [4/5], Batch [74/300], Loss: 1.0329 (Overall: 0.8040, Change: 1.0956), TF Ratio: 0.805
[2026-06-17 04:58:21,022][root][INFO] - Epoch [4/5], Batch [75/300], Loss: 1.0328 (Overall: 0.4279, Change: 1.6117), TF Ratio: 0.805
[2026-06-17 04:58:21,492][root][INFO] - Epoch [4/5], Batch [76/300], Loss: 1.0327 (Overall: 0.6083, Change: 1.4531), TF Ratio: 0.805
[2026-06-17 04:58:21,656][root][INFO] - Epoch [4/5], Batch [77/300], Loss: 1.0331 (Overall: 0.6734, Change: 1.4494), TF Ratio: 0.805
[2026-06-17 04:58:21,808][root][INFO] - Epoch [4/5], Batch [78/300], Loss: 1.0327 (Overall: 0.8216, Change: 1.1817), TF Ratio: 0.804
[2026-06-17 04:58:21,970][root][INFO] - Epoch [4/5], Batch [79/300], Loss: 1.0337 (Overall: 0.6805, Change: 1.5473), TF Ratio: 0.804
[2026-06-17 04:58:22,148][root][INFO] - Epoch [4/5], Batch [80/300], Loss: 1.0342 (Overall: 0.8235, Change: 1.3109), TF Ratio: 0.804
[2026-06-17 04:58:22,301][root][INFO] - Epoch [4/5], Batch [81/300], Loss: 1.0330 (Overall: 0.5450, Change: 1.3296), TF Ratio: 0.804
[2026-06-17 04:58:22,453][root][INFO] - Epoch [4/5], Batch [82/300], Loss: 1.0307 (Overall: 0.6175, Change: 1.0817), TF Ratio: 0.804
[2026-06-17 04:58:22,609][root][INFO] - Epoch [4/5], Batch [83/300], Loss: 1.0290 (Overall: 0.6739, Change: 1.1066), TF Ratio: 0.803
[2026-06-17 04:58:23,319][root][INFO] - Epoch [4/5], Batch [84/300], Loss: 1.0312 (Overall: 0.6129, Change: 1.8074), TF Ratio: 0.803
[2026-06-17 04:58:23,473][root][INFO] - Epoch [4/5], Batch [85/300], Loss: 1.0305 (Overall: 0.7893, Change: 1.1485), TF Ratio: 0.803
[2026-06-17 04:58:23,630][root][INFO] - Epoch [4/5], Batch [86/300], Loss: 1.0291 (Overall: 0.5662, Change: 1.2660), TF Ratio: 0.803
[2026-06-17 04:58:23,794][root][INFO] - Epoch [4/5], Batch [87/300], Loss: 1.0328 (Overall: 0.6542, Change: 2.0373), TF Ratio: 0.803
[2026-06-17 04:58:23,984][root][INFO] - Epoch [4/5], Batch [88/300], Loss: 1.0353 (Overall: 0.9246, Change: 1.5945), TF Ratio: 0.802
[2026-06-17 04:58:24,149][root][INFO] - Epoch [4/5], Batch [89/300], Loss: 1.0381 (Overall: 0.9701, Change: 1.5946), TF Ratio: 0.802
[2026-06-17 04:58:24,304][root][INFO] - Epoch [4/5], Batch [90/300], Loss: 1.0366 (Overall: 0.5534, Change: 1.2530), TF Ratio: 0.802
[2026-06-17 04:58:24,457][root][INFO] - Epoch [4/5], Batch [91/300], Loss: 1.0365 (Overall: 0.8140, Change: 1.2462), TF Ratio: 0.802
[2026-06-17 04:58:24,659][root][INFO] - Epoch [4/5], Batch [92/300], Loss: 1.0359 (Overall: 0.4950, Change: 1.4547), TF Ratio: 0.802
[2026-06-17 04:58:24,816][root][INFO] - Epoch [4/5], Batch [93/300], Loss: 1.0360 (Overall: 0.6713, Change: 1.4317), TF Ratio: 0.801
[2026-06-17 04:58:24,974][root][INFO] - Epoch [4/5], Batch [94/300], Loss: 1.0326 (Overall: 0.5111, Change: 0.9159), TF Ratio: 0.801
[2026-06-17 04:58:25,129][root][INFO] - Epoch [4/5], Batch [95/300], Loss: 1.0347 (Overall: 0.7349, Change: 1.7208), TF Ratio: 0.801
[2026-06-17 04:58:25,317][root][INFO] - Epoch [4/5], Batch [96/300], Loss: 1.0330 (Overall: 0.5649, Change: 1.1807), TF Ratio: 0.801
[2026-06-17 04:58:25,474][root][INFO] - Epoch [4/5], Batch [97/300], Loss: 1.0327 (Overall: 0.8553, Change: 1.1570), TF Ratio: 0.801
[2026-06-17 04:58:25,655][root][INFO] - Epoch [4/5], Batch [98/300], Loss: 1.0342 (Overall: 0.6414, Change: 1.7191), TF Ratio: 0.800
[2026-06-17 04:58:25,808][root][INFO] - Epoch [4/5], Batch [99/300], Loss: 1.0359 (Overall: 0.8389, Change: 1.5711), TF Ratio: 0.800
[2026-06-17 04:58:26,004][root][INFO] - Epoch [4/5], Batch [100/300], Loss: 1.0356 (Overall: 0.6523, Change: 1.3578), TF Ratio: 0.800
[2026-06-17 04:58:26,158][root][INFO] - Epoch [4/5], Batch [101/300], Loss: 1.0335 (Overall: 0.5920, Change: 1.0407), TF Ratio: 0.800
[2026-06-17 04:58:26,312][root][INFO] - Epoch [4/5], Batch [102/300], Loss: 1.0342 (Overall: 0.5187, Change: 1.7001), TF Ratio: 0.800
[2026-06-17 04:58:26,477][root][INFO] - Epoch [4/5], Batch [103/300], Loss: 1.0347 (Overall: 0.6487, Change: 1.5184), TF Ratio: 0.799
[2026-06-17 04:58:26,661][root][INFO] - Epoch [4/5], Batch [104/300], Loss: 1.0339 (Overall: 0.6589, Change: 1.2541), TF Ratio: 0.799
[2026-06-17 04:58:26,815][root][INFO] - Epoch [4/5], Batch [105/300], Loss: 1.0330 (Overall: 0.7095, Change: 1.1595), TF Ratio: 0.799
[2026-06-17 04:58:26,970][root][INFO] - Epoch [4/5], Batch [106/300], Loss: 1.0330 (Overall: 0.5510, Change: 1.5256), TF Ratio: 0.799
[2026-06-17 04:58:27,124][root][INFO] - Epoch [4/5], Batch [107/300], Loss: 1.0328 (Overall: 0.8661, Change: 1.1606), TF Ratio: 0.799
[2026-06-17 04:58:27,315][root][INFO] - Epoch [4/5], Batch [108/300], Loss: 1.0313 (Overall: 0.8018, Change: 0.9214), TF Ratio: 0.798
[2026-06-17 04:58:27,470][root][INFO] - Epoch [4/5], Batch [109/300], Loss: 1.0320 (Overall: 0.7846, Change: 1.4362), TF Ratio: 0.798
[2026-06-17 04:58:27,623][root][INFO] - Epoch [4/5], Batch [110/300], Loss: 1.0325 (Overall: 0.8704, Change: 1.3126), TF Ratio: 0.798
[2026-06-17 04:58:27,777][root][INFO] - Epoch [4/5], Batch [111/300], Loss: 1.0329 (Overall: 0.8169, Change: 1.3419), TF Ratio: 0.798
[2026-06-17 04:58:27,967][root][INFO] - Epoch [4/5], Batch [112/300], Loss: 1.0330 (Overall: 0.6146, Change: 1.4706), TF Ratio: 0.798
[2026-06-17 04:58:28,122][root][INFO] - Epoch [4/5], Batch [113/300], Loss: 1.0338 (Overall: 0.7203, Change: 1.5298), TF Ratio: 0.797
[2026-06-17 04:58:28,275][root][INFO] - Epoch [4/5], Batch [114/300], Loss: 1.0340 (Overall: 0.9458, Change: 1.1469), TF Ratio: 0.797
[2026-06-17 04:58:28,434][root][INFO] - Epoch [4/5], Batch [115/300], Loss: 1.0348 (Overall: 0.8742, Change: 1.3975), TF Ratio: 0.797
[2026-06-17 04:58:28,641][root][INFO] - Epoch [4/5], Batch [116/300], Loss: 1.0357 (Overall: 0.8590, Change: 1.4077), TF Ratio: 0.797
[2026-06-17 04:58:28,795][root][INFO] - Epoch [4/5], Batch [117/300], Loss: 1.0370 (Overall: 0.7526, Change: 1.6172), TF Ratio: 0.797
[2026-06-17 04:58:28,961][root][INFO] - Epoch [4/5], Batch [118/300], Loss: 1.0354 (Overall: 0.6759, Change: 1.0188), TF Ratio: 0.796
[2026-06-17 04:58:29,118][root][INFO] - Epoch [4/5], Batch [119/300], Loss: 1.0356 (Overall: 0.8508, Change: 1.2800), TF Ratio: 0.796
[2026-06-17 04:58:29,289][root][INFO] - Epoch [4/5], Batch [120/300], Loss: 1.0363 (Overall: 0.8390, Change: 1.3891), TF Ratio: 0.796
[2026-06-17 04:58:29,443][root][INFO] - Epoch [4/5], Batch [121/300], Loss: 1.0344 (Overall: 0.5847, Change: 1.0251), TF Ratio: 0.796
[2026-06-17 04:58:29,598][root][INFO] - Epoch [4/5], Batch [122/300], Loss: 1.0349 (Overall: 0.9472, Change: 1.2630), TF Ratio: 0.796
[2026-06-17 04:58:29,752][root][INFO] - Epoch [4/5], Batch [123/300], Loss: 1.0317 (Overall: 0.4105, Change: 0.8536), TF Ratio: 0.795
[2026-06-17 04:58:29,953][root][INFO] - Epoch [4/5], Batch [124/300], Loss: 1.0312 (Overall: 0.5028, Change: 1.4368), TF Ratio: 0.795
[2026-06-17 04:58:30,110][root][INFO] - Epoch [4/5], Batch [125/300], Loss: 1.0299 (Overall: 0.5333, Change: 1.2056), TF Ratio: 0.795
[2026-06-17 04:58:30,264][root][INFO] - Epoch [4/5], Batch [126/300], Loss: 1.0323 (Overall: 1.4140, Change: 1.2530), TF Ratio: 0.795
[2026-06-17 04:58:30,426][root][INFO] - Epoch [4/5], Batch [127/300], Loss: 1.0335 (Overall: 0.9795, Change: 1.3836), TF Ratio: 0.795
[2026-06-17 04:58:30,600][root][INFO] - Epoch [4/5], Batch [128/300], Loss: 1.0306 (Overall: 0.6352, Change: 0.6954), TF Ratio: 0.794
[2026-06-17 04:58:30,755][root][INFO] - Epoch [4/5], Batch [129/300], Loss: 1.0298 (Overall: 0.5452, Change: 1.3036), TF Ratio: 0.794
[2026-06-17 04:58:30,909][root][INFO] - Epoch [4/5], Batch [130/300], Loss: 1.0300 (Overall: 0.6437, Change: 1.4707), TF Ratio: 0.794
[2026-06-17 04:58:31,062][root][INFO] - Epoch [4/5], Batch [131/300], Loss: 1.0288 (Overall: 0.5423, Change: 1.2149), TF Ratio: 0.794
[2026-06-17 04:58:31,254][root][INFO] - Epoch [4/5], Batch [132/300], Loss: 1.0286 (Overall: 0.7193, Change: 1.2736), TF Ratio: 0.794
[2026-06-17 04:58:31,409][root][INFO] - Epoch [4/5], Batch [133/300], Loss: 1.0290 (Overall: 0.8415, Change: 1.3298), TF Ratio: 0.793
[2026-06-17 04:58:31,563][root][INFO] - Epoch [4/5], Batch [134/300], Loss: 1.0298 (Overall: 0.7349, Change: 1.5394), TF Ratio: 0.793
[2026-06-17 04:58:31,728][root][INFO] - Epoch [4/5], Batch [135/300], Loss: 1.0299 (Overall: 0.5934, Change: 1.4977), TF Ratio: 0.793
[2026-06-17 04:58:31,919][root][INFO] - Epoch [4/5], Batch [136/300], Loss: 1.0281 (Overall: 0.7712, Change: 0.7880), TF Ratio: 0.793
[2026-06-17 04:58:32,074][root][INFO] - Epoch [4/5], Batch [137/300], Loss: 1.0255 (Overall: 0.6338, Change: 0.7270), TF Ratio: 0.793
[2026-06-17 04:58:32,226][root][INFO] - Epoch [4/5], Batch [138/300], Loss: 1.0280 (Overall: 0.8681, Change: 1.8598), TF Ratio: 0.792
[2026-06-17 04:58:32,379][root][INFO] - Epoch [4/5], Batch [139/300], Loss: 1.0283 (Overall: 0.6287, Change: 1.5013), TF Ratio: 0.792
[2026-06-17 04:58:32,569][root][INFO] - Epoch [4/5], Batch [140/300], Loss: 1.0270 (Overall: 0.5893, Change: 1.1207), TF Ratio: 0.792
[2026-06-17 04:58:32,723][root][INFO] - Epoch [4/5], Batch [141/300], Loss: 1.0273 (Overall: 0.7717, Change: 1.3584), TF Ratio: 0.792
[2026-06-17 04:58:32,877][root][INFO] - Epoch [4/5], Batch [142/300], Loss: 1.0279 (Overall: 0.7232, Change: 1.5101), TF Ratio: 0.792
[2026-06-17 04:58:33,054][root][INFO] - Epoch [4/5], Batch [143/300], Loss: 1.0287 (Overall: 0.8400, Change: 1.4295), TF Ratio: 0.791
[2026-06-17 04:58:33,227][root][INFO] - Epoch [4/5], Batch [144/300], Loss: 1.0269 (Overall: 0.7198, Change: 0.8209), TF Ratio: 0.791
[2026-06-17 04:58:33,381][root][INFO] - Epoch [4/5], Batch [145/300], Loss: 1.0268 (Overall: 0.5761, Change: 1.4578), TF Ratio: 0.791
[2026-06-17 04:58:33,535][root][INFO] - Epoch [4/5], Batch [146/300], Loss: 1.0251 (Overall: 0.4430, Change: 1.1024), TF Ratio: 0.791
[2026-06-17 04:58:33,688][root][INFO] - Epoch [4/5], Batch [147/300], Loss: 1.0254 (Overall: 1.0532, Change: 1.1103), TF Ratio: 0.791
[2026-06-17 04:58:33,892][root][INFO] - Epoch [4/5], Batch [148/300], Loss: 1.0266 (Overall: 0.9944, Change: 1.3980), TF Ratio: 0.790
[2026-06-17 04:58:34,053][root][INFO] - Epoch [4/5], Batch [149/300], Loss: 1.0273 (Overall: 0.6834, Change: 1.5677), TF Ratio: 0.790
[2026-06-17 04:58:34,208][root][INFO] - Epoch [4/5], Batch [150/300], Loss: 1.0270 (Overall: 0.6885, Change: 1.2730), TF Ratio: 0.790
[2026-06-17 04:58:34,360][root][INFO] - Epoch [4/5], Batch [151/300], Loss: 1.0297 (Overall: 1.1075, Change: 1.7702), TF Ratio: 0.790
[2026-06-17 04:58:34,545][root][INFO] - Epoch [4/5], Batch [152/300], Loss: 1.0286 (Overall: 0.5836, Change: 1.1567), TF Ratio: 0.790
[2026-06-17 04:58:34,708][root][INFO] - Epoch [4/5], Batch [153/300], Loss: 1.0284 (Overall: 0.7145, Change: 1.2606), TF Ratio: 0.789
[2026-06-17 04:58:34,860][root][INFO] - Epoch [4/5], Batch [154/300], Loss: 1.0293 (Overall: 0.7542, Change: 1.5787), TF Ratio: 0.789
[2026-06-17 04:58:35,013][root][INFO] - Epoch [4/5], Batch [155/300], Loss: 1.0292 (Overall: 0.6804, Change: 1.3648), TF Ratio: 0.789
[2026-06-17 04:58:35,201][root][INFO] - Epoch [4/5], Batch [156/300], Loss: 1.0301 (Overall: 0.7815, Change: 1.5647), TF Ratio: 0.789
[2026-06-17 04:58:35,360][root][INFO] - Epoch [4/5], Batch [157/300], Loss: 1.0272 (Overall: 0.5701, Change: 0.5561), TF Ratio: 0.789
[2026-06-17 04:58:35,513][root][INFO] - Epoch [4/5], Batch [158/300], Loss: 1.0266 (Overall: 0.6537, Change: 1.2299), TF Ratio: 0.788
[2026-06-17 04:58:35,666][root][INFO] - Epoch [4/5], Batch [159/300], Loss: 1.0267 (Overall: 0.5767, Change: 1.4991), TF Ratio: 0.788
[2026-06-17 04:58:35,850][root][INFO] - Epoch [4/5], Batch [160/300], Loss: 1.0263 (Overall: 0.7810, Change: 1.1385), TF Ratio: 0.788
[2026-06-17 04:58:36,005][root][INFO] - Epoch [4/5], Batch [161/300], Loss: 1.0262 (Overall: 0.5514, Change: 1.4649), TF Ratio: 0.788
[2026-06-17 04:58:36,157][root][INFO] - Epoch [4/5], Batch [162/300], Loss: 1.0261 (Overall: 0.7048, Change: 1.3177), TF Ratio: 0.788
[2026-06-17 04:58:36,310][root][INFO] - Epoch [4/5], Batch [163/300], Loss: 1.0252 (Overall: 0.7984, Change: 0.9615), TF Ratio: 0.787
[2026-06-17 04:58:36,502][root][INFO] - Epoch [4/5], Batch [164/300], Loss: 1.0256 (Overall: 0.7568, Change: 1.4273), TF Ratio: 0.787
[2026-06-17 04:58:36,657][root][INFO] - Epoch [4/5], Batch [165/300], Loss: 1.0272 (Overall: 0.6811, Change: 1.9054), TF Ratio: 0.787
[2026-06-17 04:58:36,810][root][INFO] - Epoch [4/5], Batch [166/300], Loss: 1.0268 (Overall: 0.8018, Change: 1.1260), TF Ratio: 0.787
[2026-06-17 04:58:36,970][root][INFO] - Epoch [4/5], Batch [167/300], Loss: 1.0270 (Overall: 0.9664, Change: 1.1568), TF Ratio: 0.787
[2026-06-17 04:58:37,163][root][INFO] - Epoch [4/5], Batch [168/300], Loss: 1.0279 (Overall: 0.6670, Change: 1.6739), TF Ratio: 0.786
[2026-06-17 04:58:37,326][root][INFO] - Epoch [4/5], Batch [169/300], Loss: 1.0284 (Overall: 0.9127, Change: 1.3000), TF Ratio: 0.786
[2026-06-17 04:58:37,492][root][INFO] - Epoch [4/5], Batch [170/300], Loss: 1.0280 (Overall: 0.7048, Change: 1.2481), TF Ratio: 0.786
[2026-06-17 04:58:37,646][root][INFO] - Epoch [4/5], Batch [171/300], Loss: 1.0261 (Overall: 0.5255, Change: 0.8613), TF Ratio: 0.786
[2026-06-17 04:58:37,827][root][INFO] - Epoch [4/5], Batch [172/300], Loss: 1.0257 (Overall: 0.6828, Change: 1.2463), TF Ratio: 0.786
[2026-06-17 04:58:37,993][root][INFO] - Epoch [4/5], Batch [173/300], Loss: 1.0252 (Overall: 0.9643, Change: 0.8879), TF Ratio: 0.785
[2026-06-17 04:58:38,150][root][INFO] - Epoch [4/5], Batch [174/300], Loss: 1.0244 (Overall: 0.6411, Change: 1.1341), TF Ratio: 0.785
[2026-06-17 04:58:38,311][root][INFO] - Epoch [4/5], Batch [175/300], Loss: 1.0233 (Overall: 0.6769, Change: 1.0138), TF Ratio: 0.785
[2026-06-17 04:58:38,510][root][INFO] - Epoch [4/5], Batch [176/300], Loss: 1.0249 (Overall: 0.8467, Change: 1.7602), TF Ratio: 0.785
[2026-06-17 04:58:38,665][root][INFO] - Epoch [4/5], Batch [177/300], Loss: 1.0240 (Overall: 0.5668, Change: 1.1377), TF Ratio: 0.785
[2026-06-17 04:58:38,829][root][INFO] - Epoch [4/5], Batch [178/300], Loss: 1.0241 (Overall: 0.6246, Change: 1.4780), TF Ratio: 0.784
[2026-06-17 04:58:38,983][root][INFO] - Epoch [4/5], Batch [179/300], Loss: 1.0239 (Overall: 0.7126, Change: 1.2575), TF Ratio: 0.784
[2026-06-17 04:58:39,164][root][INFO] - Epoch [4/5], Batch [180/300], Loss: 1.0236 (Overall: 0.7124, Change: 1.2186), TF Ratio: 0.784
[2026-06-17 04:58:39,319][root][INFO] - Epoch [4/5], Batch [181/300], Loss: 1.0219 (Overall: 0.6994, Change: 0.7538), TF Ratio: 0.784
[2026-06-17 04:58:39,497][root][INFO] - Epoch [4/5], Batch [182/300], Loss: 1.0217 (Overall: 0.7538, Change: 1.2060), TF Ratio: 0.784
[2026-06-17 04:58:39,665][root][INFO] - Epoch [4/5], Batch [183/300], Loss: 1.0211 (Overall: 0.7420, Change: 1.0963), TF Ratio: 0.783
[2026-06-17 04:58:39,864][root][INFO] - Epoch [4/5], Batch [184/300], Loss: 1.0208 (Overall: 0.5747, Change: 1.3514), TF Ratio: 0.783
[2026-06-17 04:58:40,018][root][INFO] - Epoch [4/5], Batch [185/300], Loss: 1.0204 (Overall: 0.8596, Change: 1.0246), TF Ratio: 0.783
[2026-06-17 04:58:40,172][root][INFO] - Epoch [4/5], Batch [186/300], Loss: 1.0212 (Overall: 1.0839, Change: 1.2690), TF Ratio: 0.783
[2026-06-17 04:58:40,330][root][INFO] - Epoch [4/5], Batch [187/300], Loss: 1.0201 (Overall: 0.4686, Change: 1.1356), TF Ratio: 0.783
[2026-06-17 04:58:40,515][root][INFO] - Epoch [4/5], Batch [188/300], Loss: 1.0209 (Overall: 0.5216, Change: 1.8423), TF Ratio: 0.782
[2026-06-17 04:58:40,669][root][INFO] - Epoch [4/5], Batch [189/300], Loss: 1.0207 (Overall: 0.5974, Change: 1.3462), TF Ratio: 0.782
[2026-06-17 04:58:40,831][root][INFO] - Epoch [4/5], Batch [190/300], Loss: 1.0210 (Overall: 0.6173, Change: 1.5463), TF Ratio: 0.782
[2026-06-17 04:58:40,985][root][INFO] - Epoch [4/5], Batch [191/300], Loss: 1.0203 (Overall: 0.6459, Change: 1.1414), TF Ratio: 0.782
[2026-06-17 04:58:41,186][root][INFO] - Epoch [4/5], Batch [192/300], Loss: 1.0210 (Overall: 0.9481, Change: 1.3547), TF Ratio: 0.782
[2026-06-17 04:58:41,354][root][INFO] - Epoch [4/5], Batch [193/300], Loss: 1.0209 (Overall: 0.5092, Change: 1.5007), TF Ratio: 0.781
[2026-06-17 04:58:41,508][root][INFO] - Epoch [4/5], Batch [194/300], Loss: 1.0221 (Overall: 0.8106, Change: 1.6886), TF Ratio: 0.781
[2026-06-17 04:58:41,660][root][INFO] - Epoch [4/5], Batch [195/300], Loss: 1.0212 (Overall: 0.6180, Change: 1.0772), TF Ratio: 0.781
[2026-06-17 04:58:42,147][root][INFO] - Epoch [4/5], Batch [196/300], Loss: 1.0213 (Overall: 0.7197, Change: 1.3789), TF Ratio: 0.781
[2026-06-17 04:58:42,303][root][INFO] - Epoch [4/5], Batch [197/300], Loss: 1.0218 (Overall: 0.7962, Change: 1.4156), TF Ratio: 0.781
[2026-06-17 04:58:42,456][root][INFO] - Epoch [4/5], Batch [198/300], Loss: 1.0211 (Overall: 0.5549, Change: 1.2337), TF Ratio: 0.780
[2026-06-17 04:58:42,609][root][INFO] - Epoch [4/5], Batch [199/300], Loss: 1.0206 (Overall: 0.6788, Change: 1.1510), TF Ratio: 0.780
[2026-06-17 04:58:42,793][root][INFO] - Epoch [4/5], Batch [200/300], Loss: 1.0214 (Overall: 0.8591, Change: 1.5102), TF Ratio: 0.780
[2026-06-17 04:58:42,947][root][INFO] - Epoch [4/5], Batch [201/300], Loss: 1.0217 (Overall: 0.7511, Change: 1.4144), TF Ratio: 0.780
[2026-06-17 04:58:43,099][root][INFO] - Epoch [4/5], Batch [202/300], Loss: 1.0214 (Overall: 0.5675, Change: 1.3250), TF Ratio: 0.780
[2026-06-17 04:58:43,252][root][INFO] - Epoch [4/5], Batch [203/300], Loss: 1.0215 (Overall: 0.6222, Change: 1.4965), TF Ratio: 0.779
[2026-06-17 04:58:43,456][root][INFO] - Epoch [4/5], Batch [204/300], Loss: 1.0201 (Overall: 0.5057, Change: 0.9617), TF Ratio: 0.779
[2026-06-17 04:58:43,621][root][INFO] - Epoch [4/5], Batch [205/300], Loss: 1.0197 (Overall: 0.6359, Change: 1.2495), TF Ratio: 0.779
[2026-06-17 04:58:43,783][root][INFO] - Epoch [4/5], Batch [206/300], Loss: 1.0193 (Overall: 0.7459, Change: 1.1095), TF Ratio: 0.779
[2026-06-17 04:58:43,936][root][INFO] - Epoch [4/5], Batch [207/300], Loss: 1.0209 (Overall: 0.7077, Change: 1.9736), TF Ratio: 0.779
[2026-06-17 04:58:44,114][root][INFO] - Epoch [4/5], Batch [208/300], Loss: 1.0204 (Overall: 0.5265, Change: 1.3208), TF Ratio: 0.778
[2026-06-17 04:58:44,278][root][INFO] - Epoch [4/5], Batch [209/300], Loss: 1.0200 (Overall: 0.5528, Change: 1.3058), TF Ratio: 0.778
[2026-06-17 04:58:44,443][root][INFO] - Epoch [4/5], Batch [210/300], Loss: 1.0204 (Overall: 0.6673, Change: 1.5437), TF Ratio: 0.778
[2026-06-17 04:58:44,606][root][INFO] - Epoch [4/5], Batch [211/300], Loss: 1.0200 (Overall: 0.6408, Change: 1.2406), TF Ratio: 0.778
[2026-06-17 04:58:44,801][root][INFO] - Epoch [4/5], Batch [212/300], Loss: 1.0200 (Overall: 0.7418, Change: 1.2883), TF Ratio: 0.778
[2026-06-17 04:58:44,964][root][INFO] - Epoch [4/5], Batch [213/300], Loss: 1.0215 (Overall: 1.0688, Change: 1.6090), TF Ratio: 0.777
[2026-06-17 04:58:45,118][root][INFO] - Epoch [4/5], Batch [214/300], Loss: 1.0216 (Overall: 0.8602, Change: 1.2269), TF Ratio: 0.777
[2026-06-17 04:58:45,271][root][INFO] - Epoch [4/5], Batch [215/300], Loss: 1.0221 (Overall: 0.9991, Change: 1.2850), TF Ratio: 0.777
[2026-06-17 04:58:45,453][root][INFO] - Epoch [4/5], Batch [216/300], Loss: 1.0224 (Overall: 0.8081, Change: 1.3626), TF Ratio: 0.777
[2026-06-17 04:58:45,607][root][INFO] - Epoch [4/5], Batch [217/300], Loss: 1.0219 (Overall: 0.7554, Change: 1.0688), TF Ratio: 0.777
[2026-06-17 04:58:45,769][root][INFO] - Epoch [4/5], Batch [218/300], Loss: 1.0225 (Overall: 0.8527, Change: 1.4473), TF Ratio: 0.776
[2026-06-17 04:58:45,923][root][INFO] - Epoch [4/5], Batch [219/300], Loss: 1.0225 (Overall: 0.9332, Change: 1.0955), TF Ratio: 0.776
[2026-06-17 04:58:46,104][root][INFO] - Epoch [4/5], Batch [220/300], Loss: 1.0211 (Overall: 0.5761, Change: 0.8628), TF Ratio: 0.776
[2026-06-17 04:58:46,258][root][INFO] - Epoch [4/5], Batch [221/300], Loss: 1.0203 (Overall: 0.7948, Change: 0.8957), TF Ratio: 0.776
[2026-06-17 04:58:46,413][root][INFO] - Epoch [4/5], Batch [222/300], Loss: 1.0195 (Overall: 0.6350, Change: 1.0457), TF Ratio: 0.776
[2026-06-17 04:58:46,566][root][INFO] - Epoch [4/5], Batch [223/300], Loss: 1.0197 (Overall: 0.6673, Change: 1.4889), TF Ratio: 0.775
[2026-06-17 04:58:46,751][root][INFO] - Epoch [4/5], Batch [224/300], Loss: 1.0205 (Overall: 0.7656, Change: 1.6254), TF Ratio: 0.775
[2026-06-17 04:58:46,905][root][INFO] - Epoch [4/5], Batch [225/300], Loss: 1.0215 (Overall: 0.8772, Change: 1.6093), TF Ratio: 0.775
[2026-06-17 04:58:47,060][root][INFO] - Epoch [4/5], Batch [226/300], Loss: 1.0210 (Overall: 0.6220, Change: 1.1749), TF Ratio: 0.775
[2026-06-17 04:58:47,214][root][INFO] - Epoch [4/5], Batch [227/300], Loss: 1.0209 (Overall: 1.0323, Change: 0.9965), TF Ratio: 0.775
[2026-06-17 04:58:47,421][root][INFO] - Epoch [4/5], Batch [228/300], Loss: 1.0243 (Overall: 1.7549, Change: 1.8042), TF Ratio: 0.774
[2026-06-17 04:58:47,574][root][INFO] - Epoch [4/5], Batch [229/300], Loss: 1.0236 (Overall: 0.5247, Change: 1.2362), TF Ratio: 0.774
[2026-06-17 04:58:47,728][root][INFO] - Epoch [4/5], Batch [230/300], Loss: 1.0236 (Overall: 0.6288, Change: 1.3808), TF Ratio: 0.774
[2026-06-17 04:58:47,884][root][INFO] - Epoch [4/5], Batch [231/300], Loss: 1.0240 (Overall: 0.6487, Change: 1.6130), TF Ratio: 0.774
[2026-06-17 04:58:48,077][root][INFO] - Epoch [4/5], Batch [232/300], Loss: 1.0238 (Overall: 0.5742, Change: 1.3930), TF Ratio: 0.774
[2026-06-17 04:58:48,231][root][INFO] - Epoch [4/5], Batch [233/300], Loss: 1.0241 (Overall: 0.6814, Change: 1.4716), TF Ratio: 0.773
[2026-06-17 04:58:48,383][root][INFO] - Epoch [4/5], Batch [234/300], Loss: 1.0245 (Overall: 0.9187, Change: 1.3253), TF Ratio: 0.773
[2026-06-17 04:58:48,536][root][INFO] - Epoch [4/5], Batch [235/300], Loss: 1.0247 (Overall: 0.7603, Change: 1.3766), TF Ratio: 0.773
[2026-06-17 04:58:48,725][root][INFO] - Epoch [4/5], Batch [236/300], Loss: 1.0244 (Overall: 0.6961, Change: 1.2086), TF Ratio: 0.773
[2026-06-17 04:58:48,879][root][INFO] - Epoch [4/5], Batch [237/300], Loss: 1.0248 (Overall: 0.4970, Change: 1.7533), TF Ratio: 0.773
[2026-06-17 04:58:49,032][root][INFO] - Epoch [4/5], Batch [238/300], Loss: 1.0248 (Overall: 0.8101, Change: 1.2430), TF Ratio: 0.772
[2026-06-17 04:58:49,207][root][INFO] - Epoch [4/5], Batch [239/300], Loss: 1.0252 (Overall: 0.7453, Change: 1.5061), TF Ratio: 0.772
[2026-06-17 04:58:49,382][root][INFO] - Epoch [4/5], Batch [240/300], Loss: 1.0253 (Overall: 0.6711, Change: 1.4144), TF Ratio: 0.772
[2026-06-17 04:58:49,535][root][INFO] - Epoch [4/5], Batch [241/300], Loss: 1.0252 (Overall: 0.6677, Change: 1.3369), TF Ratio: 0.772
[2026-06-17 04:58:49,688][root][INFO] - Epoch [4/5], Batch [242/300], Loss: 1.0247 (Overall: 0.6163, Change: 1.1746), TF Ratio: 0.772
[2026-06-17 04:58:49,841][root][INFO] - Epoch [4/5], Batch [243/300], Loss: 1.0242 (Overall: 0.6538, Change: 1.1765), TF Ratio: 0.771
[2026-06-17 04:58:50,018][root][INFO] - Epoch [4/5], Batch [244/300], Loss: 1.0246 (Overall: 0.7256, Change: 1.4880), TF Ratio: 0.771
[2026-06-17 04:58:50,174][root][INFO] - Epoch [4/5], Batch [245/300], Loss: 1.0238 (Overall: 0.5115, Change: 1.1869), TF Ratio: 0.771
[2026-06-17 04:58:50,326][root][INFO] - Epoch [4/5], Batch [246/300], Loss: 1.0247 (Overall: 0.9003, Change: 1.5799), TF Ratio: 0.771
[2026-06-17 04:58:50,479][root][INFO] - Epoch [4/5], Batch [247/300], Loss: 1.0246 (Overall: 1.0743, Change: 0.9321), TF Ratio: 0.771
[2026-06-17 04:58:50,658][root][INFO] - Epoch [4/5], Batch [248/300], Loss: 1.0243 (Overall: 0.6260, Change: 1.2713), TF Ratio: 0.770
[2026-06-17 04:58:50,820][root][INFO] - Epoch [4/5], Batch [249/300], Loss: 1.0252 (Overall: 0.9719, Change: 1.4975), TF Ratio: 0.770
[2026-06-17 04:58:50,974][root][INFO] - Epoch [4/5], Batch [250/300], Loss: 1.0256 (Overall: 0.7961, Change: 1.4777), TF Ratio: 0.770
[2026-06-17 04:58:51,128][root][INFO] - Epoch [4/5], Batch [251/300], Loss: 1.0255 (Overall: 0.5367, Change: 1.4740), TF Ratio: 0.770
[2026-06-17 04:58:51,301][root][INFO] - Epoch [4/5], Batch [252/300], Loss: 1.0249 (Overall: 0.7011, Change: 1.0297), TF Ratio: 0.770
[2026-06-17 04:58:51,456][root][INFO] - Epoch [4/5], Batch [253/300], Loss: 1.0246 (Overall: 0.6084, Change: 1.3064), TF Ratio: 0.769
[2026-06-17 04:58:51,609][root][INFO] - Epoch [4/5], Batch [254/300], Loss: 1.0242 (Overall: 0.5977, Change: 1.2140), TF Ratio: 0.769
[2026-06-17 04:58:51,783][root][INFO] - Epoch [4/5], Batch [255/300], Loss: 1.0238 (Overall: 0.6090, Change: 1.2683), TF Ratio: 0.769
[2026-06-17 04:58:51,957][root][INFO] - Epoch [4/5], Batch [256/300], Loss: 1.0243 (Overall: 0.7527, Change: 1.5186), TF Ratio: 0.769
[2026-06-17 04:58:52,112][root][INFO] - Epoch [4/5], Batch [257/300], Loss: 1.0242 (Overall: 0.8123, Change: 1.2213), TF Ratio: 0.769
[2026-06-17 04:58:52,276][root][INFO] - Epoch [4/5], Batch [258/300], Loss: 1.0243 (Overall: 0.6988, Change: 1.3800), TF Ratio: 0.768
[2026-06-17 04:58:52,430][root][INFO] - Epoch [4/5], Batch [259/300], Loss: 1.0237 (Overall: 0.4254, Change: 1.3324), TF Ratio: 0.768
[2026-06-17 04:58:52,609][root][INFO] - Epoch [4/5], Batch [260/300], Loss: 1.0233 (Overall: 0.7150, Change: 1.1124), TF Ratio: 0.768
[2026-06-17 04:58:52,763][root][INFO] - Epoch [4/5], Batch [261/300], Loss: 1.0229 (Overall: 0.6403, Change: 1.1931), TF Ratio: 0.768
[2026-06-17 04:58:52,932][root][INFO] - Epoch [4/5], Batch [262/300], Loss: 1.0235 (Overall: 0.9117, Change: 1.4431), TF Ratio: 0.768
[2026-06-17 04:58:53,086][root][INFO] - Epoch [4/5], Batch [263/300], Loss: 1.0226 (Overall: 0.5100, Change: 1.0494), TF Ratio: 0.767
[2026-06-17 04:58:53,265][root][INFO] - Epoch [4/5], Batch [264/300], Loss: 1.0229 (Overall: 0.7075, Change: 1.5060), TF Ratio: 0.767
[2026-06-17 04:58:53,419][root][INFO] - Epoch [4/5], Batch [265/300], Loss: 1.0234 (Overall: 0.6232, Change: 1.6844), TF Ratio: 0.767
[2026-06-17 04:58:53,583][root][INFO] - Epoch [4/5], Batch [266/300], Loss: 1.0231 (Overall: 0.5956, Change: 1.3180), TF Ratio: 0.767
[2026-06-17 04:58:53,736][root][INFO] - Epoch [4/5], Batch [267/300], Loss: 1.0226 (Overall: 0.5965, Change: 1.1708), TF Ratio: 0.767
[2026-06-17 04:58:53,905][root][INFO] - Epoch [4/5], Batch [268/300], Loss: 1.0225 (Overall: 0.7861, Change: 1.2164), TF Ratio: 0.766
[2026-06-17 04:58:54,073][root][INFO] - Epoch [4/5], Batch [269/300], Loss: 1.0228 (Overall: 0.8500, Change: 1.3533), TF Ratio: 0.766
[2026-06-17 04:58:54,227][root][INFO] - Epoch [4/5], Batch [270/300], Loss: 1.0229 (Overall: 0.6674, Change: 1.4456), TF Ratio: 0.766
[2026-06-17 04:58:54,383][root][INFO] - Epoch [4/5], Batch [271/300], Loss: 1.0227 (Overall: 0.5733, Change: 1.3298), TF Ratio: 0.766
[2026-06-17 04:58:54,554][root][INFO] - Epoch [4/5], Batch [272/300], Loss: 1.0219 (Overall: 0.7681, Change: 0.8733), TF Ratio: 0.766
[2026-06-17 04:58:54,728][root][INFO] - Epoch [4/5], Batch [273/300], Loss: 1.0216 (Overall: 0.4748, Change: 1.3792), TF Ratio: 0.765
[2026-06-17 04:58:54,882][root][INFO] - Epoch [4/5], Batch [274/300], Loss: 1.0218 (Overall: 0.6217, Change: 1.5254), TF Ratio: 0.765
[2026-06-17 04:58:55,043][root][INFO] - Epoch [4/5], Batch [275/300], Loss: 1.0222 (Overall: 0.4267, Change: 1.8704), TF Ratio: 0.765
[2026-06-17 04:58:55,217][root][INFO] - Epoch [4/5], Batch [276/300], Loss: 1.0212 (Overall: 0.6041, Change: 0.8815), TF Ratio: 0.765
[2026-06-17 04:58:55,371][root][INFO] - Epoch [4/5], Batch [277/300], Loss: 1.0210 (Overall: 0.5664, Change: 1.3287), TF Ratio: 0.765
[2026-06-17 04:58:55,527][root][INFO] - Epoch [4/5], Batch [278/300], Loss: 1.0212 (Overall: 0.6903, Change: 1.4596), TF Ratio: 0.764
[2026-06-17 04:58:55,679][root][INFO] - Epoch [4/5], Batch [279/300], Loss: 1.0209 (Overall: 0.6857, Change: 1.1965), TF Ratio: 0.764
[2026-06-17 04:58:55,882][root][INFO] - Epoch [4/5], Batch [280/300], Loss: 1.0217 (Overall: 0.8598, Change: 1.6675), TF Ratio: 0.764
[2026-06-17 04:58:56,035][root][INFO] - Epoch [4/5], Batch [281/300], Loss: 1.0220 (Overall: 0.7939, Change: 1.4019), TF Ratio: 0.764
[2026-06-17 04:58:56,193][root][INFO] - Epoch [4/5], Batch [282/300], Loss: 1.0243 (Overall: 1.5872, Change: 1.7456), TF Ratio: 0.764
[2026-06-17 04:58:56,346][root][INFO] - Epoch [4/5], Batch [283/300], Loss: 1.0243 (Overall: 0.8077, Change: 1.2535), TF Ratio: 0.763
[2026-06-17 04:58:56,544][root][INFO] - Epoch [4/5], Batch [284/300], Loss: 1.0237 (Overall: 0.6636, Change: 1.0162), TF Ratio: 0.763
[2026-06-17 04:58:56,722][root][INFO] - Epoch [4/5], Batch [285/300], Loss: 1.0239 (Overall: 0.6546, Change: 1.5362), TF Ratio: 0.763
[2026-06-17 04:58:56,877][root][INFO] - Epoch [4/5], Batch [286/300], Loss: 1.0232 (Overall: 0.4869, Change: 1.1386), TF Ratio: 0.763
[2026-06-17 04:58:57,031][root][INFO] - Epoch [4/5], Batch [287/300], Loss: 1.0236 (Overall: 0.8521, Change: 1.4161), TF Ratio: 0.763
[2026-06-17 04:58:57,495][root][INFO] - Epoch [4/5], Batch [288/300], Loss: 1.0229 (Overall: 0.4871, Change: 1.1592), TF Ratio: 0.762
[2026-06-17 04:58:57,650][root][INFO] - Epoch [4/5], Batch [289/300], Loss: 1.0223 (Overall: 0.5932, Change: 1.1262), TF Ratio: 0.762
[2026-06-17 04:58:57,805][root][INFO] - Epoch [4/5], Batch [290/300], Loss: 1.0214 (Overall: 0.5186, Change: 0.9765), TF Ratio: 0.762
[2026-06-17 04:58:57,964][root][INFO] - Epoch [4/5], Batch [291/300], Loss: 1.0214 (Overall: 0.6270, Change: 1.4289), TF Ratio: 0.762
[2026-06-17 04:58:58,154][root][INFO] - Epoch [4/5], Batch [292/300], Loss: 1.0227 (Overall: 1.4018, Change: 1.4385), TF Ratio: 0.762
[2026-06-17 04:58:58,319][root][INFO] - Epoch [4/5], Batch [293/300], Loss: 1.0223 (Overall: 0.6032, Change: 1.1847), TF Ratio: 0.761
[2026-06-17 04:58:58,488][root][INFO] - Epoch [4/5], Batch [294/300], Loss: 1.0218 (Overall: 0.6463, Change: 1.1172), TF Ratio: 0.761
[2026-06-17 04:58:58,642][root][INFO] - Epoch [4/5], Batch [295/300], Loss: 1.0214 (Overall: 0.4733, Change: 1.3274), TF Ratio: 0.761
[2026-06-17 04:58:58,817][root][INFO] - Epoch [4/5], Batch [296/300], Loss: 1.0209 (Overall: 0.6178, Change: 1.1336), TF Ratio: 0.761
[2026-06-17 04:58:58,977][root][INFO] - Epoch [4/5], Batch [297/300], Loss: 1.0204 (Overall: 0.4610, Change: 1.2734), TF Ratio: 0.761
[2026-06-17 04:58:59,131][root][INFO] - Epoch [4/5], Batch [298/300], Loss: 1.0203 (Overall: 0.8521, Change: 1.1053), TF Ratio: 0.760
[2026-06-17 04:58:59,284][root][INFO] - Epoch [4/5], Batch [299/300], Loss: 1.0196 (Overall: 0.6269, Change: 1.0152), TF Ratio: 0.760
[2026-06-17 04:58:59,478][root][INFO] - Epoch [4/5], Batch [300/300], Loss: 1.0189 (Overall: 0.5131, Change: 1.1123), TF Ratio: 0.760
[2026-06-17 04:59:00,814][root][INFO] - Epoch 4 done. Validating...
[2026-06-17 04:59:08,590][root][INFO] - Epoch [4/5] | Train: 1.0274 | Val: 0.6955
[2026-06-17 04:59:08,817][root][INFO] - Checkpoint saved: /gpfs/scratch/bsc32/bsc096444/ai4land-tfm/trained_models/unet_impl/41825211/best_model.pth
[2026-06-17 04:59:09,029][root][INFO] - Checkpoint saved: /gpfs/scratch/bsc32/bsc096444/ai4land-tfm/trained_models/unet_impl/41825211/model_epoch_4.pth
[2026-06-17 04:59:11,749][root][INFO] - Epoch [5/5], Batch [1/300], Loss: 1.0573 (Overall: 0.7787, Change: 1.3358), TF Ratio: 0.760
[2026-06-17 04:59:11,929][root][INFO] - Epoch [5/5], Batch [2/300], Loss: 1.1526 (Overall: 0.8830, Change: 1.6128), TF Ratio: 0.760
[2026-06-17 04:59:12,083][root][INFO] - Epoch [5/5], Batch [3/300], Loss: 1.0708 (Overall: 0.6781, Change: 1.1364), TF Ratio: 0.759
[2026-06-17 04:59:12,449][root][INFO] - Epoch [5/5], Batch [4/300], Loss: 1.0484 (Overall: 0.6726, Change: 1.2896), TF Ratio: 0.759
[2026-06-17 04:59:12,609][root][INFO] - Epoch [5/5], Batch [5/300], Loss: 1.0721 (Overall: 0.7362, Change: 1.5981), TF Ratio: 0.759
[2026-06-17 04:59:12,765][root][INFO] - Epoch [5/5], Batch [6/300], Loss: 1.0105 (Overall: 0.4582, Change: 0.9462), TF Ratio: 0.759
[2026-06-17 04:59:12,919][root][INFO] - Epoch [5/5], Batch [7/300], Loss: 1.0254 (Overall: 0.7717, Change: 1.4583), TF Ratio: 0.759
[2026-06-17 04:59:13,112][root][INFO] - Epoch [5/5], Batch [8/300], Loss: 1.0483 (Overall: 0.9725, Change: 1.4444), TF Ratio: 0.758
[2026-06-17 04:59:13,280][root][INFO] - Epoch [5/5], Batch [9/300], Loss: 1.0368 (Overall: 0.5491, Change: 1.3400), TF Ratio: 0.758
[2026-06-17 04:59:13,435][root][INFO] - Epoch [5/5], Batch [10/300], Loss: 1.0358 (Overall: 0.6018, Change: 1.4515), TF Ratio: 0.758
[2026-06-17 04:59:13,591][root][INFO] - Epoch [5/5], Batch [11/300], Loss: 1.0317 (Overall: 0.6390, Change: 1.3426), TF Ratio: 0.758
[2026-06-17 04:59:13,847][root][INFO] - Epoch [5/5], Batch [12/300], Loss: 1.0273 (Overall: 0.7876, Change: 1.1715), TF Ratio: 0.758
[2026-06-17 04:59:14,004][root][INFO] - Epoch [5/5], Batch [13/300], Loss: 1.0195 (Overall: 0.6012, Change: 1.2503), TF Ratio: 0.757
[2026-06-17 04:59:14,185][root][INFO] - Epoch [5/5], Batch [14/300], Loss: 1.0306 (Overall: 0.9636, Change: 1.3859), TF Ratio: 0.757
[2026-06-17 04:59:14,346][root][INFO] - Epoch [5/5], Batch [15/300], Loss: 1.0269 (Overall: 0.7232, Change: 1.2259), TF Ratio: 0.757
[2026-06-17 04:59:14,534][root][INFO] - Epoch [5/5], Batch [16/300], Loss: 1.0210 (Overall: 0.5539, Change: 1.3132), TF Ratio: 0.757
[2026-06-17 04:59:14,692][root][INFO] - Epoch [5/5], Batch [17/300], Loss: 1.0227 (Overall: 0.9086, Change: 1.1895), TF Ratio: 0.757
[2026-06-17 04:59:14,847][root][INFO] - Epoch [5/5], Batch [18/300], Loss: 1.0350 (Overall: 0.9431, Change: 1.5449), TF Ratio: 0.756
[2026-06-17 04:59:15,003][root][INFO] - Epoch [5/5], Batch [19/300], Loss: 1.0343 (Overall: 0.7008, Change: 1.3430), TF Ratio: 0.756
[2026-06-17 04:59:15,422][root][INFO] - Epoch [5/5], Batch [20/300], Loss: 1.0529 (Overall: 1.3785, Change: 1.4342), TF Ratio: 0.756
[2026-06-17 04:59:15,583][root][INFO] - Epoch [5/5], Batch [21/300], Loss: 1.0505 (Overall: 0.9612, Change: 1.0425), TF Ratio: 0.756
[2026-06-17 04:59:15,754][root][INFO] - Epoch [5/5], Batch [22/300], Loss: 1.0557 (Overall: 0.8630, Change: 1.4704), TF Ratio: 0.756
[2026-06-17 04:59:15,915][root][INFO] - Epoch [5/5], Batch [23/300], Loss: 1.0523 (Overall: 0.9642, Change: 0.9870), TF Ratio: 0.755
[2026-06-17 04:59:16,098][root][INFO] - Epoch [5/5], Batch [24/300], Loss: 1.0490 (Overall: 0.5735, Change: 1.3729), TF Ratio: 0.755
[2026-06-17 04:59:16,256][root][INFO] - Epoch [5/5], Batch [25/300], Loss: 1.0436 (Overall: 0.8414, Change: 0.9883), TF Ratio: 0.755
[2026-06-17 04:59:16,421][root][INFO] - Epoch [5/5], Batch [26/300], Loss: 1.0540 (Overall: 0.9539, Change: 1.6717), TF Ratio: 0.755
[2026-06-17 04:59:16,577][root][INFO] - Epoch [5/5], Batch [27/300], Loss: 1.0581 (Overall: 0.9944, Change: 1.3392), TF Ratio: 0.755
[2026-06-17 04:59:16,779][root][INFO] - Epoch [5/5], Batch [28/300], Loss: 1.0526 (Overall: 0.4453, Change: 1.3586), TF Ratio: 0.754
[2026-06-17 04:59:16,943][root][INFO] - Epoch [5/5], Batch [29/300], Loss: 1.0428 (Overall: 0.5195, Change: 1.0178), TF Ratio: 0.754
[2026-06-17 04:59:17,098][root][INFO] - Epoch [5/5], Batch [30/300], Loss: 1.0568 (Overall: 0.7937, Change: 2.1344), TF Ratio: 0.754
[2026-06-17 04:59:17,255][root][INFO] - Epoch [5/5], Batch [31/300], Loss: 1.0602 (Overall: 0.6530, Change: 1.6726), TF Ratio: 0.754
[2026-06-17 04:59:17,440][root][INFO] - Epoch [5/5], Batch [32/300], Loss: 1.0568 (Overall: 0.6298, Change: 1.2695), TF Ratio: 0.754
[2026-06-17 04:59:17,596][root][INFO] - Epoch [5/5], Batch [33/300], Loss: 1.0469 (Overall: 0.5489, Change: 0.9139), TF Ratio: 0.753
[2026-06-17 04:59:17,751][root][INFO] - Epoch [5/5], Batch [34/300], Loss: 1.0419 (Overall: 0.5651, Change: 1.1849), TF Ratio: 0.753
[2026-06-17 04:59:17,923][root][INFO] - Epoch [5/5], Batch [35/300], Loss: 1.0372 (Overall: 0.5812, Change: 1.1796), TF Ratio: 0.753
[2026-06-17 04:59:18,133][root][INFO] - Epoch [5/5], Batch [36/300], Loss: 1.0371 (Overall: 0.7680, Change: 1.2966), TF Ratio: 0.753
[2026-06-17 04:59:18,289][root][INFO] - Epoch [5/5], Batch [37/300], Loss: 1.0303 (Overall: 0.6094, Change: 0.9605), TF Ratio: 0.753
[2026-06-17 04:59:18,444][root][INFO] - Epoch [5/5], Batch [38/300], Loss: 1.0338 (Overall: 0.6040, Change: 1.7266), TF Ratio: 0.752
[2026-06-17 04:59:18,602][root][INFO] - Epoch [5/5], Batch [39/300], Loss: 1.0319 (Overall: 0.4593, Change: 1.4541), TF Ratio: 0.752
[2026-06-17 04:59:18,815][root][INFO] - Epoch [5/5], Batch [40/300], Loss: 1.0293 (Overall: 0.3669, Change: 1.4910), TF Ratio: 0.752
[2026-06-17 04:59:18,992][root][INFO] - Epoch [5/5], Batch [41/300], Loss: 1.0332 (Overall: 0.9795, Change: 1.3966), TF Ratio: 0.752
[2026-06-17 04:59:19,156][root][INFO] - Epoch [5/5], Batch [42/300], Loss: 1.0324 (Overall: 0.6244, Change: 1.3815), TF Ratio: 0.752
[2026-06-17 04:59:19,311][root][INFO] - Epoch [5/5], Batch [43/300], Loss: 1.0353 (Overall: 0.8723, Change: 1.4357), TF Ratio: 0.751
[2026-06-17 04:59:19,508][root][INFO] - Epoch [5/5], Batch [44/300], Loss: 1.0337 (Overall: 0.7492, Change: 1.1862), TF Ratio: 0.751
[2026-06-17 04:59:19,663][root][INFO] - Epoch [5/5], Batch [45/300], Loss: 1.0341 (Overall: 0.7864, Change: 1.3148), TF Ratio: 0.751
[2026-06-17 04:59:19,822][root][INFO] - Epoch [5/5], Batch [46/300], Loss: 1.0294 (Overall: 0.4877, Change: 1.1497), TF Ratio: 0.751
[2026-06-17 04:59:19,992][root][INFO] - Epoch [5/5], Batch [47/300], Loss: 1.0310 (Overall: 0.7371, Change: 1.4734), TF Ratio: 0.751
[2026-06-17 04:59:20,208][root][INFO] - Epoch [5/5], Batch [48/300], Loss: 1.0270 (Overall: 0.7258, Change: 0.9441), TF Ratio: 0.750
[2026-06-17 04:59:20,375][root][INFO] - Epoch [5/5], Batch [49/300], Loss: 1.0276 (Overall: 0.5726, Change: 1.5401), TF Ratio: 0.750
[2026-06-17 04:59:20,530][root][INFO] - Epoch [5/5], Batch [50/300], Loss: 1.0255 (Overall: 0.7485, Change: 1.0964), TF Ratio: 0.750
[2026-06-17 04:59:20,685][root][INFO] - Epoch [5/5], Batch [51/300], Loss: 1.0254 (Overall: 0.6023, Change: 1.4482), TF Ratio: 0.750
[2026-06-17 04:59:20,870][root][INFO] - Epoch [5/5], Batch [52/300], Loss: 1.0226 (Overall: 0.7164, Change: 1.0383), TF Ratio: 0.750
[2026-06-17 04:59:21,037][root][INFO] - Epoch [5/5], Batch [53/300], Loss: 1.0209 (Overall: 0.4833, Change: 1.3773), TF Ratio: 0.749
[2026-06-17 04:59:21,196][root][INFO] - Epoch [5/5], Batch [54/300], Loss: 1.0177 (Overall: 0.6754, Change: 1.0223), TF Ratio: 0.749
[2026-06-17 04:59:21,352][root][INFO] - Epoch [5/5], Batch [55/300], Loss: 1.0195 (Overall: 0.5240, Change: 1.7101), TF Ratio: 0.749
[2026-06-17 04:59:21,544][root][INFO] - Epoch [5/5], Batch [56/300], Loss: 1.0194 (Overall: 0.6307, Change: 1.4041), TF Ratio: 0.749
[2026-06-17 04:59:21,698][root][INFO] - Epoch [5/5], Batch [57/300], Loss: 1.0199 (Overall: 0.5925, Change: 1.4956), TF Ratio: 0.749
[2026-06-17 04:59:21,852][root][INFO] - Epoch [5/5], Batch [58/300], Loss: 1.0170 (Overall: 0.4580, Change: 1.2467), TF Ratio: 0.748
[2026-06-17 04:59:22,007][root][INFO] - Epoch [5/5], Batch [59/300], Loss: 1.0246 (Overall: 1.2770, Change: 1.6604), TF Ratio: 0.748
[2026-06-17 04:59:22,205][root][INFO] - Epoch [5/5], Batch [60/300], Loss: 1.0205 (Overall: 0.6037, Change: 0.9502), TF Ratio: 0.748
[2026-06-17 04:59:22,359][root][INFO] - Epoch [5/5], Batch [61/300], Loss: 1.0236 (Overall: 0.8445, Change: 1.5740), TF Ratio: 0.748
[2026-06-17 04:59:22,522][root][INFO] - Epoch [5/5], Batch [62/300], Loss: 1.0209 (Overall: 0.8022, Change: 0.9122), TF Ratio: 0.748
[2026-06-17 04:59:22,678][root][INFO] - Epoch [5/5], Batch [63/300], Loss: 1.0183 (Overall: 0.5699, Change: 1.1446), TF Ratio: 0.747
[2026-06-17 04:59:22,852][root][INFO] - Epoch [5/5], Batch [64/300], Loss: 1.0232 (Overall: 1.1185, Change: 1.5388), TF Ratio: 0.747
[2026-06-17 04:59:23,008][root][INFO] - Epoch [5/5], Batch [65/300], Loss: 1.0224 (Overall: 0.6907, Change: 1.2503), TF Ratio: 0.747
[2026-06-17 04:59:23,161][root][INFO] - Epoch [5/5], Batch [66/300], Loss: 1.0237 (Overall: 0.7813, Change: 1.4332), TF Ratio: 0.747
[2026-06-17 04:59:23,315][root][INFO] - Epoch [5/5], Batch [67/300], Loss: 1.0243 (Overall: 0.6947, Change: 1.4386), TF Ratio: 0.747
[2026-06-17 04:59:23,507][root][INFO] - Epoch [5/5], Batch [68/300], Loss: 1.0248 (Overall: 0.8328, Change: 1.2893), TF Ratio: 0.746
[2026-06-17 04:59:23,662][root][INFO] - Epoch [5/5], Batch [69/300], Loss: 1.0263 (Overall: 0.7630, Change: 1.4837), TF Ratio: 0.746
[2026-06-17 04:59:23,815][root][INFO] - Epoch [5/5], Batch [70/300], Loss: 1.0222 (Overall: 0.5317, Change: 0.9512), TF Ratio: 0.746
[2026-06-17 04:59:23,968][root][INFO] - Epoch [5/5], Batch [71/300], Loss: 1.0250 (Overall: 0.4980, Change: 1.9458), TF Ratio: 0.746
[2026-06-17 04:59:24,165][root][INFO] - Epoch [5/5], Batch [72/300], Loss: 1.0265 (Overall: 0.8452, Change: 1.4260), TF Ratio: 0.746
[2026-06-17 04:59:24,320][root][INFO] - Epoch [5/5], Batch [73/300], Loss: 1.0265 (Overall: 0.8516, Change: 1.2000), TF Ratio: 0.745
[2026-06-17 04:59:24,473][root][INFO] - Epoch [5/5], Batch [74/300], Loss: 1.0292 (Overall: 0.7398, Change: 1.7040), TF Ratio: 0.745
[2026-06-17 04:59:24,632][root][INFO] - Epoch [5/5], Batch [75/300], Loss: 1.0299 (Overall: 0.7336, Change: 1.4307), TF Ratio: 0.745
[2026-06-17 04:59:24,806][root][INFO] - Epoch [5/5], Batch [76/300], Loss: 1.0341 (Overall: 1.2308, Change: 1.4775), TF Ratio: 0.745
[2026-06-17 04:59:24,959][root][INFO] - Epoch [5/5], Batch [77/300], Loss: 1.0361 (Overall: 0.8365, Change: 1.5341), TF Ratio: 0.745
[2026-06-17 04:59:25,111][root][INFO] - Epoch [5/5], Batch [78/300], Loss: 1.0319 (Overall: 0.5055, Change: 0.9088), TF Ratio: 0.744
[2026-06-17 04:59:25,268][root][INFO] - Epoch [5/5], Batch [79/300], Loss: 1.0286 (Overall: 0.5219, Change: 1.0228), TF Ratio: 0.744
[2026-06-17 04:59:25,455][root][INFO] - Epoch [5/5], Batch [80/300], Loss: 1.0297 (Overall: 0.9871, Change: 1.2529), TF Ratio: 0.744
[2026-06-17 04:59:25,610][root][INFO] - Epoch [5/5], Batch [81/300], Loss: 1.0286 (Overall: 0.7396, Change: 1.1288), TF Ratio: 0.744
[2026-06-17 04:59:25,764][root][INFO] - Epoch [5/5], Batch [82/300], Loss: 1.0276 (Overall: 0.5714, Change: 1.3335), TF Ratio: 0.744
[2026-06-17 04:59:25,919][root][INFO] - Epoch [5/5], Batch [83/300], Loss: 1.0267 (Overall: 0.4858, Change: 1.4061), TF Ratio: 0.743
[2026-06-17 04:59:26,105][root][INFO] - Epoch [5/5], Batch [84/300], Loss: 1.0273 (Overall: 0.9613, Change: 1.1981), TF Ratio: 0.743
[2026-06-17 04:59:26,263][root][INFO] - Epoch [5/5], Batch [85/300], Loss: 1.0250 (Overall: 0.3829, Change: 1.2857), TF Ratio: 0.743
[2026-06-17 04:59:26,422][root][INFO] - Epoch [5/5], Batch [86/300], Loss: 1.0273 (Overall: 0.5778, Change: 1.8613), TF Ratio: 0.743
[2026-06-17 04:59:26,585][root][INFO] - Epoch [5/5], Batch [87/300], Loss: 1.0259 (Overall: 0.4588, Change: 1.3562), TF Ratio: 0.743
[2026-06-17 04:59:26,760][root][INFO] - Epoch [5/5], Batch [88/300], Loss: 1.0274 (Overall: 0.8036, Change: 1.5043), TF Ratio: 0.742
[2026-06-17 04:59:26,914][root][INFO] - Epoch [5/5], Batch [89/300], Loss: 1.0261 (Overall: 0.7613, Change: 1.0665), TF Ratio: 0.742
[2026-06-17 04:59:27,067][root][INFO] - Epoch [5/5], Batch [90/300], Loss: 1.0235 (Overall: 0.5106, Change: 1.0707), TF Ratio: 0.742
[2026-06-17 04:59:27,221][root][INFO] - Epoch [5/5], Batch [91/300], Loss: 1.0241 (Overall: 0.6932, Change: 1.4656), TF Ratio: 0.742
[2026-06-17 04:59:27,423][root][INFO] - Epoch [5/5], Batch [92/300], Loss: 1.0237 (Overall: 0.5912, Change: 1.3958), TF Ratio: 0.742
[2026-06-17 04:59:27,589][root][INFO] - Epoch [5/5], Batch [93/300], Loss: 1.0232 (Overall: 0.5652, Change: 1.3828), TF Ratio: 0.741
[2026-06-17 04:59:27,753][root][INFO] - Epoch [5/5], Batch [94/300], Loss: 1.0222 (Overall: 0.6099, Change: 1.2474), TF Ratio: 0.741
[2026-06-17 04:59:27,915][root][INFO] - Epoch [5/5], Batch [95/300], Loss: 1.0194 (Overall: 0.8045, Change: 0.7158), TF Ratio: 0.741
[2026-06-17 04:59:28,108][root][INFO] - Epoch [5/5], Batch [96/300], Loss: 1.0203 (Overall: 0.7576, Change: 1.4497), TF Ratio: 0.741
[2026-06-17 04:59:28,263][root][INFO] - Epoch [5/5], Batch [97/300], Loss: 1.0202 (Overall: 0.7539, Change: 1.2618), TF Ratio: 0.741
[2026-06-17 04:59:28,434][root][INFO] - Epoch [5/5], Batch [98/300], Loss: 1.0196 (Overall: 1.0688, Change: 0.8585), TF Ratio: 0.740
[2026-06-17 04:59:28,597][root][INFO] - Epoch [5/5], Batch [99/300], Loss: 1.0195 (Overall: 0.5913, Change: 1.4266), TF Ratio: 0.740
[2026-06-17 04:59:28,781][root][INFO] - Epoch [5/5], Batch [100/300], Loss: 1.0200 (Overall: 0.5274, Change: 1.6148), TF Ratio: 0.740
[2026-06-17 04:59:28,948][root][INFO] - Epoch [5/5], Batch [101/300], Loss: 1.0211 (Overall: 0.6679, Change: 1.5881), TF Ratio: 0.740
[2026-06-17 04:59:29,115][root][INFO] - Epoch [5/5], Batch [102/300], Loss: 1.0212 (Overall: 0.8808, Change: 1.1764), TF Ratio: 0.740
[2026-06-17 04:59:29,268][root][INFO] - Epoch [5/5], Batch [103/300], Loss: 1.0194 (Overall: 0.4506, Change: 1.2301), TF Ratio: 0.739
[2026-06-17 04:59:29,456][root][INFO] - Epoch [5/5], Batch [104/300], Loss: 1.0177 (Overall: 0.5171, Change: 1.1674), TF Ratio: 0.739
[2026-06-17 04:59:29,612][root][INFO] - Epoch [5/5], Batch [105/300], Loss: 1.0197 (Overall: 1.0450, Change: 1.4087), TF Ratio: 0.739
[2026-06-17 04:59:29,764][root][INFO] - Epoch [5/5], Batch [106/300], Loss: 1.0207 (Overall: 0.7681, Change: 1.4737), TF Ratio: 0.739
[2026-06-17 04:59:29,919][root][INFO] - Epoch [5/5], Batch [107/300], Loss: 1.0204 (Overall: 0.6327, Change: 1.3536), TF Ratio: 0.739
[2026-06-17 04:59:30,124][root][INFO] - Epoch [5/5], Batch [108/300], Loss: 1.0205 (Overall: 0.6060, Change: 1.4624), TF Ratio: 0.738
[2026-06-17 04:59:30,292][root][INFO] - Epoch [5/5], Batch [109/300], Loss: 1.0228 (Overall: 1.0203, Change: 1.5169), TF Ratio: 0.738
[2026-06-17 04:59:30,445][root][INFO] - Epoch [5/5], Batch [110/300], Loss: 1.0212 (Overall: 0.6917, Change: 1.0015), TF Ratio: 0.738
[2026-06-17 04:59:30,598][root][INFO] - Epoch [5/5], Batch [111/300], Loss: 1.0223 (Overall: 0.7867, Change: 1.4991), TF Ratio: 0.738
[2026-06-17 04:59:30,772][root][INFO] - Epoch [5/5], Batch [112/300], Loss: 1.0214 (Overall: 0.5787, Change: 1.2634), TF Ratio: 0.738
[2026-06-17 04:59:30,927][root][INFO] - Epoch [5/5], Batch [113/300], Loss: 1.0187 (Overall: 0.5257, Change: 0.9064), TF Ratio: 0.737
[2026-06-17 04:59:31,081][root][INFO] - Epoch [5/5], Batch [114/300], Loss: 1.0161 (Overall: 0.6730, Change: 0.7621), TF Ratio: 0.737
[2026-06-17 04:59:31,234][root][INFO] - Epoch [5/5], Batch [115/300], Loss: 1.0158 (Overall: 0.6132, Change: 1.3563), TF Ratio: 0.737
[2026-06-17 04:59:31,424][root][INFO] - Epoch [5/5], Batch [116/300], Loss: 1.0155 (Overall: 0.9633, Change: 0.9977), TF Ratio: 0.737
[2026-06-17 04:59:31,578][root][INFO] - Epoch [5/5], Batch [117/300], Loss: 1.0140 (Overall: 0.5643, Change: 1.1284), TF Ratio: 0.737
[2026-06-17 04:59:31,730][root][INFO] - Epoch [5/5], Batch [118/300], Loss: 1.0129 (Overall: 0.6769, Change: 1.0852), TF Ratio: 0.736
[2026-06-17 04:59:31,882][root][INFO] - Epoch [5/5], Batch [119/300], Loss: 1.0131 (Overall: 0.6791, Change: 1.3957), TF Ratio: 0.736
[2026-06-17 04:59:32,068][root][INFO] - Epoch [5/5], Batch [120/300], Loss: 1.0124 (Overall: 0.4893, Change: 1.3663), TF Ratio: 0.736
[2026-06-17 04:59:32,222][root][INFO] - Epoch [5/5], Batch [121/300], Loss: 1.0136 (Overall: 0.7845, Change: 1.5360), TF Ratio: 0.736
[2026-06-17 04:59:32,374][root][INFO] - Epoch [5/5], Batch [122/300], Loss: 1.0137 (Overall: 0.5145, Change: 1.5267), TF Ratio: 0.736
[2026-06-17 04:59:32,526][root][INFO] - Epoch [5/5], Batch [123/300], Loss: 1.0126 (Overall: 0.4890, Change: 1.2838), TF Ratio: 0.735
[2026-06-17 04:59:32,993][root][INFO] - Epoch [5/5], Batch [124/300], Loss: 1.0127 (Overall: 0.6779, Change: 1.3639), TF Ratio: 0.735
[2026-06-17 04:59:33,148][root][INFO] - Epoch [5/5], Batch [125/300], Loss: 1.0131 (Overall: 0.5795, Change: 1.5346), TF Ratio: 0.735
[2026-06-17 04:59:33,308][root][INFO] - Epoch [5/5], Batch [126/300], Loss: 1.0133 (Overall: 0.6999, Change: 1.3772), TF Ratio: 0.735
[2026-06-17 04:59:33,461][root][INFO] - Epoch [5/5], Batch [127/300], Loss: 1.0123 (Overall: 0.6744, Change: 1.1107), TF Ratio: 0.735
[2026-06-17 04:59:33,627][root][INFO] - Epoch [5/5], Batch [128/300], Loss: 1.0148 (Overall: 1.1768, Change: 1.4755), TF Ratio: 0.734
[2026-06-17 04:59:33,779][root][INFO] - Epoch [5/5], Batch [129/300], Loss: 1.0154 (Overall: 0.7487, Change: 1.4499), TF Ratio: 0.734
[2026-06-17 04:59:33,931][root][INFO] - Epoch [5/5], Batch [130/300], Loss: 1.0139 (Overall: 0.6572, Change: 0.9765), TF Ratio: 0.734
[2026-06-17 04:59:34,098][root][INFO] - Epoch [5/5], Batch [131/300], Loss: 1.0144 (Overall: 0.4581, Change: 1.6932), TF Ratio: 0.734
[2026-06-17 04:59:36,311][root][INFO] - Epoch [5/5], Batch [132/300], Loss: 1.0133 (Overall: 0.7921, Change: 0.9604), TF Ratio: 0.734
[2026-06-17 04:59:36,464][root][INFO] - Epoch [5/5], Batch [133/300], Loss: 1.0133 (Overall: 0.8591, Change: 1.1752), TF Ratio: 0.733
[2026-06-17 04:59:36,617][root][INFO] - Epoch [5/5], Batch [134/300], Loss: 1.0125 (Overall: 0.4606, Change: 1.3386), TF Ratio: 0.733
[2026-06-17 04:59:36,768][root][INFO] - Epoch [5/5], Batch [135/300], Loss: 1.0110 (Overall: 0.6719, Change: 0.9345), TF Ratio: 0.733
[2026-06-17 04:59:36,961][root][INFO] - Epoch [5/5], Batch [136/300], Loss: 1.0113 (Overall: 0.5204, Change: 1.5946), TF Ratio: 0.733
[2026-06-17 04:59:37,126][root][INFO] - Epoch [5/5], Batch [137/300], Loss: 1.0139 (Overall: 0.8911, Change: 1.8493), TF Ratio: 0.733
[2026-06-17 04:59:37,284][root][INFO] - Epoch [5/5], Batch [138/300], Loss: 1.0149 (Overall: 0.5437, Change: 1.7676), TF Ratio: 0.732
[2026-06-17 04:59:37,439][root][INFO] - Epoch [5/5], Batch [139/300], Loss: 1.0158 (Overall: 0.8375, Change: 1.4383), TF Ratio: 0.732
[2026-06-17 04:59:37,624][root][INFO] - Epoch [5/5], Batch [140/300], Loss: 1.0154 (Overall: 0.6741, Change: 1.2356), TF Ratio: 0.732
[2026-06-17 04:59:37,777][root][INFO] - Epoch [5/5], Batch [141/300], Loss: 1.0160 (Overall: 0.6048, Change: 1.5850), TF Ratio: 0.732
[2026-06-17 04:59:37,930][root][INFO] - Epoch [5/5], Batch [142/300], Loss: 1.0163 (Overall: 0.7436, Change: 1.3828), TF Ratio: 0.732
[2026-06-17 04:59:38,095][root][INFO] - Epoch [5/5], Batch [143/300], Loss: 1.0152 (Overall: 0.5137, Change: 1.2173), TF Ratio: 0.731
[2026-06-17 04:59:38,271][root][INFO] - Epoch [5/5], Batch [144/300], Loss: 1.0136 (Overall: 0.5930, Change: 0.9656), TF Ratio: 0.731
[2026-06-17 04:59:38,425][root][INFO] - Epoch [5/5], Batch [145/300], Loss: 1.0146 (Overall: 0.7677, Change: 1.5484), TF Ratio: 0.731
[2026-06-17 04:59:38,578][root][INFO] - Epoch [5/5], Batch [146/300], Loss: 1.0133 (Overall: 0.4684, Change: 1.1955), TF Ratio: 0.731
[2026-06-17 04:59:38,737][root][INFO] - Epoch [5/5], Batch [147/300], Loss: 1.0130 (Overall: 0.6619, Change: 1.2789), TF Ratio: 0.731
[2026-06-17 04:59:38,931][root][INFO] - Epoch [5/5], Batch [148/300], Loss: 1.0124 (Overall: 0.7132, Change: 1.1140), TF Ratio: 0.730
[2026-06-17 04:59:39,084][root][INFO] - Epoch [5/5], Batch [149/300], Loss: 1.0129 (Overall: 0.6066, Change: 1.5806), TF Ratio: 0.730
[2026-06-17 04:59:39,239][root][INFO] - Epoch [5/5], Batch [150/300], Loss: 1.0138 (Overall: 0.7538, Change: 1.5342), TF Ratio: 0.730
[2026-06-17 04:59:39,391][root][INFO] - Epoch [5/5], Batch [151/300], Loss: 1.0110 (Overall: 0.4152, Change: 0.7824), TF Ratio: 0.730
[2026-06-17 04:59:39,570][root][INFO] - Epoch [5/5], Batch [152/300], Loss: 1.0112 (Overall: 0.6284, Change: 1.4556), TF Ratio: 0.730
[2026-06-17 04:59:39,723][root][INFO] - Epoch [5/5], Batch [153/300], Loss: 1.0109 (Overall: 0.5690, Change: 1.3324), TF Ratio: 0.729
[2026-06-17 04:59:40,129][root][INFO] - Epoch [5/5], Batch [154/300], Loss: 1.0109 (Overall: 0.7099, Change: 1.3324), TF Ratio: 0.729
[2026-06-17 04:59:40,282][root][INFO] - Epoch [5/5], Batch [155/300], Loss: 1.0116 (Overall: 0.6368, Change: 1.5867), TF Ratio: 0.729
[2026-06-17 04:59:41,572][root][INFO] - Epoch [5/5], Batch [156/300], Loss: 1.0119 (Overall: 0.7974, Change: 1.3185), TF Ratio: 0.729
[2026-06-17 04:59:41,729][root][INFO] - Epoch [5/5], Batch [157/300], Loss: 1.0120 (Overall: 0.5455, Change: 1.5048), TF Ratio: 0.729
[2026-06-17 04:59:41,887][root][INFO] - Epoch [5/5], Batch [158/300], Loss: 1.0112 (Overall: 0.5805, Change: 1.1998), TF Ratio: 0.728
[2026-06-17 04:59:42,040][root][INFO] - Epoch [5/5], Batch [159/300], Loss: 1.0108 (Overall: 0.6427, Change: 1.2575), TF Ratio: 0.728
[2026-06-17 04:59:42,228][root][INFO] - Epoch [5/5], Batch [160/300], Loss: 1.0098 (Overall: 0.5546, Change: 1.1643), TF Ratio: 0.728
[2026-06-17 04:59:42,381][root][INFO] - Epoch [5/5], Batch [161/300], Loss: 1.0111 (Overall: 0.8849, Change: 1.5430), TF Ratio: 0.728
[2026-06-17 04:59:42,533][root][INFO] - Epoch [5/5], Batch [162/300], Loss: 1.0118 (Overall: 0.6701, Change: 1.5791), TF Ratio: 0.728
[2026-06-17 04:59:42,687][root][INFO] - Epoch [5/5], Batch [163/300], Loss: 1.0108 (Overall: 0.7147, Change: 0.9782), TF Ratio: 0.727
[2026-06-17 04:59:43,561][root][INFO] - Epoch [5/5], Batch [164/300], Loss: 1.0116 (Overall: 0.8021, Change: 1.4652), TF Ratio: 0.727
[2026-06-17 04:59:43,730][root][INFO] - Epoch [5/5], Batch [165/300], Loss: 1.0103 (Overall: 0.5241, Change: 1.0771), TF Ratio: 0.727
[2026-06-17 04:59:43,883][root][INFO] - Epoch [5/5], Batch [166/300], Loss: 1.0105 (Overall: 0.8485, Change: 1.2481), TF Ratio: 0.727
[2026-06-17 04:59:44,038][root][INFO] - Epoch [5/5], Batch [167/300], Loss: 1.0095 (Overall: 0.5237, Change: 1.1555), TF Ratio: 0.727
[2026-06-17 04:59:44,238][root][INFO] - Epoch [5/5], Batch [168/300], Loss: 1.0086 (Overall: 0.6999, Change: 1.0206), TF Ratio: 0.726
[2026-06-17 04:59:44,393][root][INFO] - Epoch [5/5], Batch [169/300], Loss: 1.0088 (Overall: 0.8981, Change: 1.2023), TF Ratio: 0.726
[2026-06-17 04:59:44,566][root][INFO] - Epoch [5/5], Batch [170/300], Loss: 1.0091 (Overall: 0.7365, Change: 1.3829), TF Ratio: 0.726
[2026-06-17 04:59:44,720][root][INFO] - Epoch [5/5], Batch [171/300], Loss: 1.0097 (Overall: 0.7168, Change: 1.5073), TF Ratio: 0.726
[2026-06-17 04:59:45,244][root][INFO] - Epoch [5/5], Batch [172/300], Loss: 1.0100 (Overall: 0.7203, Change: 1.4017), TF Ratio: 0.726
[2026-06-17 04:59:45,397][root][INFO] - Epoch [5/5], Batch [173/300], Loss: 1.0110 (Overall: 0.8146, Change: 1.5340), TF Ratio: 0.725
[2026-06-17 04:59:45,549][root][INFO] - Epoch [5/5], Batch [174/300], Loss: 1.0108 (Overall: 0.7940, Change: 1.1768), TF Ratio: 0.725
[2026-06-17 04:59:45,702][root][INFO] - Epoch [5/5], Batch [175/300], Loss: 1.0112 (Overall: 0.6991, Change: 1.4582), TF Ratio: 0.725
[2026-06-17 04:59:45,884][root][INFO] - Epoch [5/5], Batch [176/300], Loss: 1.0115 (Overall: 0.7968, Change: 1.3234), TF Ratio: 0.725
[2026-06-17 04:59:46,046][root][INFO] - Epoch [5/5], Batch [177/300], Loss: 1.0120 (Overall: 0.6729, Change: 1.5399), TF Ratio: 0.725
[2026-06-17 04:59:46,208][root][INFO] - Epoch [5/5], Batch [178/300], Loss: 1.0113 (Overall: 0.7751, Change: 0.9982), TF Ratio: 0.724
[2026-06-17 04:59:46,360][root][INFO] - Epoch [5/5], Batch [179/300], Loss: 1.0112 (Overall: 0.5048, Change: 1.4643), TF Ratio: 0.724
[2026-06-17 04:59:46,755][root][INFO] - Epoch [5/5], Batch [180/300], Loss: 1.0110 (Overall: 0.4395, Change: 1.5019), TF Ratio: 0.724
[2026-06-17 04:59:46,910][root][INFO] - Epoch [5/5], Batch [181/300], Loss: 1.0113 (Overall: 0.8196, Change: 1.3305), TF Ratio: 0.724
[2026-06-17 04:59:47,061][root][INFO] - Epoch [5/5], Batch [182/300], Loss: 1.0107 (Overall: 0.5251, Change: 1.2764), TF Ratio: 0.724
[2026-06-17 04:59:47,214][root][INFO] - Epoch [5/5], Batch [183/300], Loss: 1.0122 (Overall: 0.9986, Change: 1.5716), TF Ratio: 0.723
[2026-06-17 04:59:47,417][root][INFO] - Epoch [5/5], Batch [184/300], Loss: 1.0107 (Overall: 0.6185, Change: 0.8539), TF Ratio: 0.723
[2026-06-17 04:59:47,580][root][INFO] - Epoch [5/5], Batch [185/300], Loss: 1.0110 (Overall: 0.7091, Change: 1.4332), TF Ratio: 0.723
[2026-06-17 04:59:47,734][root][INFO] - Epoch [5/5], Batch [186/300], Loss: 1.0113 (Overall: 0.8163, Change: 1.3091), TF Ratio: 0.723
[2026-06-17 04:59:47,888][root][INFO] - Epoch [5/5], Batch [187/300], Loss: 1.0110 (Overall: 0.4618, Change: 1.4548), TF Ratio: 0.723
[2026-06-17 04:59:48,072][root][INFO] - Epoch [5/5], Batch [188/300], Loss: 1.0109 (Overall: 0.7015, Change: 1.2784), TF Ratio: 0.722
[2026-06-17 04:59:48,228][root][INFO] - Epoch [5/5], Batch [189/300], Loss: 1.0101 (Overall: 0.7214, Change: 1.0042), TF Ratio: 0.722
[2026-06-17 04:59:48,381][root][INFO] - Epoch [5/5], Batch [190/300], Loss: 1.0118 (Overall: 0.9909, Change: 1.6484), TF Ratio: 0.722
[2026-06-17 04:59:48,533][root][INFO] - Epoch [5/5], Batch [191/300], Loss: 1.0127 (Overall: 0.8846, Change: 1.4882), TF Ratio: 0.722
[2026-06-17 04:59:48,727][root][INFO] - Epoch [5/5], Batch [192/300], Loss: 1.0126 (Overall: 0.6089, Change: 1.3794), TF Ratio: 0.722
[2026-06-17 04:59:48,882][root][INFO] - Epoch [5/5], Batch [193/300], Loss: 1.0117 (Overall: 0.5482, Change: 1.1539), TF Ratio: 0.721
[2026-06-17 04:59:49,034][root][INFO] - Epoch [5/5], Batch [194/300], Loss: 1.0120 (Overall: 0.5675, Change: 1.5603), TF Ratio: 0.721
[2026-06-17 04:59:49,187][root][INFO] - Epoch [5/5], Batch [195/300], Loss: 1.0110 (Overall: 0.6159, Change: 0.9990), TF Ratio: 0.721
[2026-06-17 04:59:49,379][root][INFO] - Epoch [5/5], Batch [196/300], Loss: 1.0113 (Overall: 0.7616, Change: 1.3889), TF Ratio: 0.721
[2026-06-17 04:59:49,532][root][INFO] - Epoch [5/5], Batch [197/300], Loss: 1.0120 (Overall: 0.7133, Change: 1.5985), TF Ratio: 0.721
[2026-06-17 04:59:49,684][root][INFO] - Epoch [5/5], Batch [198/300], Loss: 1.0116 (Overall: 0.5860, Change: 1.2748), TF Ratio: 0.720
[2026-06-17 04:59:49,837][root][INFO] - Epoch [5/5], Batch [199/300], Loss: 1.0129 (Overall: 0.6433, Change: 1.8831), TF Ratio: 0.720
[2026-06-17 04:59:50,023][root][INFO] - Epoch [5/5], Batch [200/300], Loss: 1.0139 (Overall: 0.7864, Change: 1.6562), TF Ratio: 0.720
[2026-06-17 04:59:50,176][root][INFO] - Epoch [5/5], Batch [201/300], Loss: 1.0133 (Overall: 0.4918, Change: 1.2835), TF Ratio: 0.720
[2026-06-17 04:59:50,328][root][INFO] - Epoch [5/5], Batch [202/300], Loss: 1.0123 (Overall: 0.6620, Change: 0.9580), TF Ratio: 0.720
[2026-06-17 04:59:50,482][root][INFO] - Epoch [5/5], Batch [203/300], Loss: 1.0129 (Overall: 0.9083, Change: 1.3502), TF Ratio: 0.719
[2026-06-17 04:59:50,691][root][INFO] - Epoch [5/5], Batch [204/300], Loss: 1.0136 (Overall: 1.0103, Change: 1.3286), TF Ratio: 0.719
[2026-06-17 04:59:50,850][root][INFO] - Epoch [5/5], Batch [205/300], Loss: 1.0139 (Overall: 0.7341, Change: 1.4046), TF Ratio: 0.719
[2026-06-17 04:59:51,004][root][INFO] - Epoch [5/5], Batch [206/300], Loss: 1.0136 (Overall: 0.5270, Change: 1.3851), TF Ratio: 0.719
[2026-06-17 04:59:51,158][root][INFO] - Epoch [5/5], Batch [207/300], Loss: 1.0149 (Overall: 0.7925, Change: 1.7798), TF Ratio: 0.719
[2026-06-17 04:59:51,349][root][INFO] - Epoch [5/5], Batch [208/300], Loss: 1.0147 (Overall: 0.5189, Change: 1.4130), TF Ratio: 0.718
[2026-06-17 04:59:51,508][root][INFO] - Epoch [5/5], Batch [209/300], Loss: 1.0141 (Overall: 0.4170, Change: 1.3449), TF Ratio: 0.718
[2026-06-17 04:59:51,660][root][INFO] - Epoch [5/5], Batch [210/300], Loss: 1.0140 (Overall: 0.5990, Change: 1.4079), TF Ratio: 0.718
[2026-06-17 04:59:51,813][root][INFO] - Epoch [5/5], Batch [211/300], Loss: 1.0138 (Overall: 0.7851, Change: 1.1637), TF Ratio: 0.718
[2026-06-17 04:59:51,993][root][INFO] - Epoch [5/5], Batch [212/300], Loss: 1.0122 (Overall: 0.5419, Change: 0.7956), TF Ratio: 0.718
[2026-06-17 04:59:52,148][root][INFO] - Epoch [5/5], Batch [213/300], Loss: 1.0135 (Overall: 0.5988, Change: 1.9728), TF Ratio: 0.717
[2026-06-17 04:59:52,301][root][INFO] - Epoch [5/5], Batch [214/300], Loss: 1.0124 (Overall: 0.3946, Change: 1.1692), TF Ratio: 0.717
[2026-06-17 04:59:52,453][root][INFO] - Epoch [5/5], Batch [215/300], Loss: 1.0120 (Overall: 0.7648, Change: 1.0736), TF Ratio: 0.717
[2026-06-17 04:59:52,649][root][INFO] - Epoch [5/5], Batch [216/300], Loss: 1.0118 (Overall: 0.6313, Change: 1.3319), TF Ratio: 0.717
[2026-06-17 04:59:52,802][root][INFO] - Epoch [5/5], Batch [217/300], Loss: 1.0111 (Overall: 0.4246, Change: 1.2726), TF Ratio: 0.717
[2026-06-17 04:59:52,966][root][INFO] - Epoch [5/5], Batch [218/300], Loss: 1.0115 (Overall: 0.7404, Change: 1.4848), TF Ratio: 0.716
[2026-06-17 04:59:53,126][root][INFO] - Epoch [5/5], Batch [219/300], Loss: 1.0119 (Overall: 0.9500, Change: 1.2276), TF Ratio: 0.716
[2026-06-17 04:59:53,309][root][INFO] - Epoch [5/5], Batch [220/300], Loss: 1.0123 (Overall: 0.8551, Change: 1.3556), TF Ratio: 0.716
[2026-06-17 04:59:53,462][root][INFO] - Epoch [5/5], Batch [221/300], Loss: 1.0135 (Overall: 0.6992, Change: 1.8406), TF Ratio: 0.716
[2026-06-17 04:59:53,614][root][INFO] - Epoch [5/5], Batch [222/300], Loss: 1.0135 (Overall: 0.6519, Change: 1.3833), TF Ratio: 0.716
[2026-06-17 04:59:53,767][root][INFO] - Epoch [5/5], Batch [223/300], Loss: 1.0144 (Overall: 0.7383, Change: 1.6862), TF Ratio: 0.715
[2026-06-17 04:59:53,982][root][INFO] - Epoch [5/5], Batch [224/300], Loss: 1.0142 (Overall: 0.7269, Change: 1.2375), TF Ratio: 0.715
[2026-06-17 04:59:54,137][root][INFO] - Epoch [5/5], Batch [225/300], Loss: 1.0129 (Overall: 0.4414, Change: 0.9621), TF Ratio: 0.715
[2026-06-17 04:59:54,289][root][INFO] - Epoch [5/5], Batch [226/300], Loss: 1.0134 (Overall: 0.6175, Change: 1.6538), TF Ratio: 0.715
[2026-06-17 04:59:54,442][root][INFO] - Epoch [5/5], Batch [227/300], Loss: 1.0141 (Overall: 0.9246, Change: 1.3993), TF Ratio: 0.715
[2026-06-17 04:59:54,634][root][INFO] - Epoch [5/5], Batch [228/300], Loss: 1.0146 (Overall: 0.8763, Change: 1.3968), TF Ratio: 0.714
[2026-06-17 04:59:54,787][root][INFO] - Epoch [5/5], Batch [229/300], Loss: 1.0149 (Overall: 0.7837, Change: 1.3814), TF Ratio: 0.714
[2026-06-17 04:59:54,945][root][INFO] - Epoch [5/5], Batch [230/300], Loss: 1.0150 (Overall: 0.4663, Change: 1.6374), TF Ratio: 0.714
[2026-06-17 04:59:55,097][root][INFO] - Epoch [5/5], Batch [231/300], Loss: 1.0152 (Overall: 0.6526, Change: 1.4507), TF Ratio: 0.714
[2026-06-17 04:59:55,280][root][INFO] - Epoch [5/5], Batch [232/300], Loss: 1.0156 (Overall: 0.5283, Change: 1.6792), TF Ratio: 0.714
[2026-06-17 04:59:55,434][root][INFO] - Epoch [5/5], Batch [233/300], Loss: 1.0167 (Overall: 0.6340, Change: 1.9107), TF Ratio: 0.713
[2026-06-17 04:59:55,586][root][INFO] - Epoch [5/5], Batch [234/300], Loss: 1.0169 (Overall: 0.6927, Change: 1.4536), TF Ratio: 0.713
[2026-06-17 04:59:55,741][root][INFO] - Epoch [5/5], Batch [235/300], Loss: 1.0183 (Overall: 1.2487, Change: 1.4359), TF Ratio: 0.713
[2026-06-17 04:59:55,945][root][INFO] - Epoch [5/5], Batch [236/300], Loss: 1.0183 (Overall: 0.6261, Change: 1.3967), TF Ratio: 0.713
[2026-06-17 04:59:56,100][root][INFO] - Epoch [5/5], Batch [237/300], Loss: 1.0179 (Overall: 0.4376, Change: 1.4357), TF Ratio: 0.713
[2026-06-17 04:59:56,254][root][INFO] - Epoch [5/5], Batch [238/300], Loss: 1.0186 (Overall: 0.9331, Change: 1.3961), TF Ratio: 0.712
[2026-06-17 04:59:56,423][root][INFO] - Epoch [5/5], Batch [239/300], Loss: 1.0192 (Overall: 0.4199, Change: 1.9313), TF Ratio: 0.712
[2026-06-17 04:59:56,617][root][INFO] - Epoch [5/5], Batch [240/300], Loss: 1.0192 (Overall: 0.7841, Change: 1.2390), TF Ratio: 0.712
[2026-06-17 04:59:56,787][root][INFO] - Epoch [5/5], Batch [241/300], Loss: 1.0188 (Overall: 0.5809, Change: 1.2532), TF Ratio: 0.712
[2026-06-17 04:59:56,941][root][INFO] - Epoch [5/5], Batch [242/300], Loss: 1.0197 (Overall: 0.7296, Change: 1.7843), TF Ratio: 0.712
[2026-06-17 04:59:57,093][root][INFO] - Epoch [5/5], Batch [243/300], Loss: 1.0201 (Overall: 0.7653, Change: 1.4401), TF Ratio: 0.711
[2026-06-17 04:59:57,272][root][INFO] - Epoch [5/5], Batch [244/300], Loss: 1.0194 (Overall: 0.4962, Change: 1.2284), TF Ratio: 0.711
[2026-06-17 04:59:57,426][root][INFO] - Epoch [5/5], Batch [245/300], Loss: 1.0200 (Overall: 0.8673, Change: 1.4298), TF Ratio: 0.711
[2026-06-17 04:59:57,587][root][INFO] - Epoch [5/5], Batch [246/300], Loss: 1.0205 (Overall: 0.7042, Change: 1.5873), TF Ratio: 0.711
[2026-06-17 04:59:57,740][root][INFO] - Epoch [5/5], Batch [247/300], Loss: 1.0195 (Overall: 0.6066, Change: 0.9560), TF Ratio: 0.711
[2026-06-17 04:59:57,935][root][INFO] - Epoch [5/5], Batch [248/300], Loss: 1.0197 (Overall: 0.5604, Change: 1.5699), TF Ratio: 0.710
[2026-06-17 04:59:58,098][root][INFO] - Epoch [5/5], Batch [249/300], Loss: 1.0204 (Overall: 0.8980, Change: 1.4738), TF Ratio: 0.710
[2026-06-17 04:59:58,261][root][INFO] - Epoch [5/5], Batch [250/300], Loss: 1.0199 (Overall: 0.5523, Change: 1.2499), TF Ratio: 0.710
[2026-06-17 04:59:58,413][root][INFO] - Epoch [5/5], Batch [251/300], Loss: 1.0199 (Overall: 0.5897, Change: 1.4600), TF Ratio: 0.710
[2026-06-17 04:59:58,600][root][INFO] - Epoch [5/5], Batch [252/300], Loss: 1.0194 (Overall: 0.5256, Change: 1.2740), TF Ratio: 0.710
[2026-06-17 04:59:58,754][root][INFO] - Epoch [5/5], Batch [253/300], Loss: 1.0189 (Overall: 0.6343, Change: 1.1365), TF Ratio: 0.709
[2026-06-17 04:59:58,917][root][INFO] - Epoch [5/5], Batch [254/300], Loss: 1.0196 (Overall: 0.6464, Change: 1.7353), TF Ratio: 0.709
[2026-06-17 04:59:59,081][root][INFO] - Epoch [5/5], Batch [255/300], Loss: 1.0191 (Overall: 0.6573, Change: 1.1598), TF Ratio: 0.709
[2026-06-17 04:59:59,267][root][INFO] - Epoch [5/5], Batch [256/300], Loss: 1.0194 (Overall: 0.8779, Change: 1.2905), TF Ratio: 0.709
[2026-06-17 04:59:59,420][root][INFO] - Epoch [5/5], Batch [257/300], Loss: 1.0191 (Overall: 0.5566, Change: 1.3512), TF Ratio: 0.709
[2026-06-17 04:59:59,572][root][INFO] - Epoch [5/5], Batch [258/300], Loss: 1.0188 (Overall: 0.7264, Change: 1.1337), TF Ratio: 0.708
[2026-06-17 04:59:59,724][root][INFO] - Epoch [5/5], Batch [259/300], Loss: 1.0185 (Overall: 0.6981, Change: 1.1792), TF Ratio: 0.708
[2026-06-17 04:59:59,906][root][INFO] - Epoch [5/5], Batch [260/300], Loss: 1.0189 (Overall: 0.7888, Change: 1.4648), TF Ratio: 0.708
[2026-06-17 05:00:00,059][root][INFO] - Epoch [5/5], Batch [261/300], Loss: 1.0182 (Overall: 0.5334, Change: 1.1558), TF Ratio: 0.708
[2026-06-17 05:00:00,211][root][INFO] - Epoch [5/5], Batch [262/300], Loss: 1.0189 (Overall: 0.5668, Change: 1.8011), TF Ratio: 0.708
[2026-06-17 05:00:00,364][root][INFO] - Epoch [5/5], Batch [263/300], Loss: 1.0190 (Overall: 0.8829, Change: 1.2499), TF Ratio: 0.707
[2026-06-17 05:00:00,562][root][INFO] - Epoch [5/5], Batch [264/300], Loss: 1.0189 (Overall: 0.6707, Change: 1.3073), TF Ratio: 0.707
[2026-06-17 05:00:00,717][root][INFO] - Epoch [5/5], Batch [265/300], Loss: 1.0187 (Overall: 0.4648, Change: 1.4344), TF Ratio: 0.707
[2026-06-17 05:00:00,870][root][INFO] - Epoch [5/5], Batch [266/300], Loss: 1.0186 (Overall: 0.5856, Change: 1.3895), TF Ratio: 0.707
[2026-06-17 05:00:01,023][root][INFO] - Epoch [5/5], Batch [267/300], Loss: 1.0188 (Overall: 0.6657, Change: 1.5298), TF Ratio: 0.707
[2026-06-17 05:00:01,396][root][INFO] - Epoch [5/5], Batch [268/300], Loss: 1.0187 (Overall: 0.4591, Change: 1.4791), TF Ratio: 0.706
[2026-06-17 05:00:01,551][root][INFO] - Epoch [5/5], Batch [269/300], Loss: 1.0190 (Overall: 1.1642, Change: 1.0394), TF Ratio: 0.706
[2026-06-17 05:00:01,703][root][INFO] - Epoch [5/5], Batch [270/300], Loss: 1.0181 (Overall: 0.6222, Change: 0.9246), TF Ratio: 0.706
[2026-06-17 05:00:01,856][root][INFO] - Epoch [5/5], Batch [271/300], Loss: 1.0182 (Overall: 0.6948, Change: 1.4080), TF Ratio: 0.706
[2026-06-17 05:00:02,040][root][INFO] - Epoch [5/5], Batch [272/300], Loss: 1.0180 (Overall: 0.7543, Change: 1.1615), TF Ratio: 0.706
[2026-06-17 05:00:02,192][root][INFO] - Epoch [5/5], Batch [273/300], Loss: 1.0184 (Overall: 0.7447, Change: 1.5052), TF Ratio: 0.705
[2026-06-17 05:00:02,345][root][INFO] - Epoch [5/5], Batch [274/300], Loss: 1.0194 (Overall: 0.8189, Change: 1.7965), TF Ratio: 0.705
[2026-06-17 05:00:02,498][root][INFO] - Epoch [5/5], Batch [275/300], Loss: 1.0208 (Overall: 1.0917, Change: 1.6983), TF Ratio: 0.705
[2026-06-17 05:00:02,681][root][INFO] - Epoch [5/5], Batch [276/300], Loss: 1.0210 (Overall: 0.5676, Change: 1.6050), TF Ratio: 0.705
[2026-06-17 05:00:02,835][root][INFO] - Epoch [5/5], Batch [277/300], Loss: 1.0207 (Overall: 0.4328, Change: 1.4451), TF Ratio: 0.705
[2026-06-17 05:00:02,990][root][INFO] - Epoch [5/5], Batch [278/300], Loss: 1.0204 (Overall: 0.5772, Change: 1.2879), TF Ratio: 0.704
[2026-06-17 05:00:03,142][root][INFO] - Epoch [5/5], Batch [279/300], Loss: 1.0205 (Overall: 0.6999, Change: 1.4025), TF Ratio: 0.704
[2026-06-17 05:00:03,344][root][INFO] - Epoch [5/5], Batch [280/300], Loss: 1.0201 (Overall: 0.6789, Change: 1.1192), TF Ratio: 0.704
[2026-06-17 05:00:03,497][root][INFO] - Epoch [5/5], Batch [281/300], Loss: 1.0197 (Overall: 0.5217, Change: 1.2897), TF Ratio: 0.704
[2026-06-17 05:00:03,650][root][INFO] - Epoch [5/5], Batch [282/300], Loss: 1.0196 (Overall: 0.6228, Change: 1.3884), TF Ratio: 0.704
[2026-06-17 05:00:03,803][root][INFO] - Epoch [5/5], Batch [283/300], Loss: 1.0202 (Overall: 0.7235, Change: 1.6187), TF Ratio: 0.703
[2026-06-17 05:00:03,984][root][INFO] - Epoch [5/5], Batch [284/300], Loss: 1.0208 (Overall: 0.9983, Change: 1.4213), TF Ratio: 0.703
[2026-06-17 05:00:04,142][root][INFO] - Epoch [5/5], Batch [285/300], Loss: 1.0202 (Overall: 0.8203, Change: 0.8638), TF Ratio: 0.703
[2026-06-17 05:00:04,294][root][INFO] - Epoch [5/5], Batch [286/300], Loss: 1.0190 (Overall: 0.6422, Change: 0.7244), TF Ratio: 0.703
[2026-06-17 05:00:04,446][root][INFO] - Epoch [5/5], Batch [287/300], Loss: 1.0183 (Overall: 0.8741, Change: 0.7390), TF Ratio: 0.703
[2026-06-17 05:00:04,650][root][INFO] - Epoch [5/5], Batch [288/300], Loss: 1.0184 (Overall: 0.6026, Change: 1.5163), TF Ratio: 0.702
[2026-06-17 05:00:04,803][root][INFO] - Epoch [5/5], Batch [289/300], Loss: 1.0184 (Overall: 0.6219, Change: 1.3832), TF Ratio: 0.702
[2026-06-17 05:00:04,955][root][INFO] - Epoch [5/5], Batch [290/300], Loss: 1.0156 (Overall: 0.4256, Change: 0.0000), TF Ratio: 0.702
[2026-06-17 05:00:05,107][root][INFO] - Epoch [5/5], Batch [291/300], Loss: 1.0154 (Overall: 0.6797, Change: 1.2603), TF Ratio: 0.702
[2026-06-17 05:00:06,543][root][INFO] - Epoch [5/5], Batch [292/300], Loss: 1.0157 (Overall: 0.7718, Change: 1.4161), TF Ratio: 0.702
[2026-06-17 05:00:06,696][root][INFO] - Epoch [5/5], Batch [293/300], Loss: 1.0152 (Overall: 0.4933, Change: 1.2289), TF Ratio: 0.701
[2026-06-17 05:00:06,849][root][INFO] - Epoch [5/5], Batch [294/300], Loss: 1.0147 (Overall: 0.4539, Change: 1.2742), TF Ratio: 0.701
[2026-06-17 05:00:07,002][root][INFO] - Epoch [5/5], Batch [295/300], Loss: 1.0149 (Overall: 0.7133, Change: 1.4521), TF Ratio: 0.701
[2026-06-17 05:00:07,184][root][INFO] - Epoch [5/5], Batch [296/300], Loss: 1.0146 (Overall: 0.4187, Change: 1.4248), TF Ratio: 0.701
[2026-06-17 05:00:07,337][root][INFO] - Epoch [5/5], Batch [297/300], Loss: 1.0151 (Overall: 0.5635, Change: 1.7546), TF Ratio: 0.701
[2026-06-17 05:00:07,489][root][INFO] - Epoch [5/5], Batch [298/300], Loss: 1.0151 (Overall: 0.9673, Change: 1.0998), TF Ratio: 0.700
[2026-06-17 05:00:07,642][root][INFO] - Epoch [5/5], Batch [299/300], Loss: 1.0156 (Overall: 0.5063, Change: 1.8094), TF Ratio: 0.700
[2026-06-17 05:00:08,426][root][INFO] - Epoch [5/5], Batch [300/300], Loss: 1.0155 (Overall: 0.8993, Change: 1.0736), TF Ratio: 0.700
[2026-06-17 05:00:11,737][root][INFO] - Epoch 5 done. Validating...
[2026-06-17 05:00:18,151][root][INFO] - Epoch [5/5] | Train: 1.0091 | Val: 0.7011
[2026-06-17 05:00:18,354][root][INFO] - Checkpoint saved: /gpfs/scratch/bsc32/bsc096444/ai4land-tfm/trained_models/unet_impl/41825211/model_epoch_5.pth
[2026-06-17 05:00:18,805][root][INFO] - Training complete.
