[2026-06-14 17:37:45,926][root][INFO] - Recurrent UNet Model Successfully Configured and Initialized.
[2026-06-14 17:37:45,938][root][INFO] - Starting from scratch (no valid checkpoint provided).
[2026-06-14 17:37:51,012][root][INFO] - Train: 4480000 samples, Val: 640000 samples
[2026-06-14 17:37:52,610][root][INFO] - Starting training from epoch 1
[2026-06-14 17:38:36,752][root][INFO] - Epoch [1/5], Batch [1/300], Loss: 2.0888 (Overall: 2.1287, Change: 2.0489), TF Ratio: 1.000
[2026-06-14 17:38:36,906][root][INFO] - Epoch [1/5], Batch [2/300], Loss: 2.1559 (Overall: 2.1946, Change: 2.2513), TF Ratio: 1.000
[2026-06-14 17:38:37,058][root][INFO] - Epoch [1/5], Batch [3/300], Loss: 2.1509 (Overall: 2.2185, Change: 2.0631), TF Ratio: 0.999
[2026-06-14 17:38:37,280][root][INFO] - Epoch [1/5], Batch [4/300], Loss: 2.1467 (Overall: 2.0899, Change: 2.1783), TF Ratio: 0.999
[2026-06-14 17:38:37,434][root][INFO] - Epoch [1/5], Batch [5/300], Loss: 2.0820 (Overall: 1.7168, Change: 1.9299), TF Ratio: 0.999
[2026-06-14 17:38:37,586][root][INFO] - Epoch [1/5], Batch [6/300], Loss: 2.0508 (Overall: 1.8357, Change: 1.9539), TF Ratio: 0.999
[2026-06-14 17:38:37,739][root][INFO] - Epoch [1/5], Batch [7/300], Loss: 2.0605 (Overall: 1.7701, Change: 2.4667), TF Ratio: 0.999
[2026-06-14 17:38:37,921][root][INFO] - Epoch [1/5], Batch [8/300], Loss: 2.0426 (Overall: 1.8206, Change: 2.0146), TF Ratio: 0.998
[2026-06-14 17:38:38,074][root][INFO] - Epoch [1/5], Batch [9/300], Loss: 2.0068 (Overall: 1.6360, Change: 1.8040), TF Ratio: 0.998
[2026-06-14 17:38:38,227][root][INFO] - Epoch [1/5], Batch [10/300], Loss: 1.9792 (Overall: 1.6044, Change: 1.8574), TF Ratio: 0.998
[2026-06-14 17:38:38,379][root][INFO] - Epoch [1/5], Batch [11/300], Loss: 1.9557 (Overall: 1.5625, Change: 1.8787), TF Ratio: 0.998
[2026-06-14 17:39:20,495][root][INFO] - Epoch [1/5], Batch [12/300], Loss: 1.9264 (Overall: 1.5679, Change: 1.6403), TF Ratio: 0.998
[2026-06-14 17:39:34,196][root][INFO] - Epoch [1/5], Batch [13/300], Loss: 1.8998 (Overall: 1.5135, Change: 1.6478), TF Ratio: 0.997
[2026-06-14 17:39:34,348][root][INFO] - Epoch [1/5], Batch [14/300], Loss: 1.8777 (Overall: 1.4373, Change: 1.7454), TF Ratio: 0.997
[2026-06-14 17:39:34,500][root][INFO] - Epoch [1/5], Batch [15/300], Loss: 1.8693 (Overall: 1.5917, Change: 1.9113), TF Ratio: 0.997
[2026-06-14 17:39:34,655][root][INFO] - Epoch [1/5], Batch [16/300], Loss: 1.8505 (Overall: 1.4042, Change: 1.7334), TF Ratio: 0.997
[2026-06-14 17:39:34,808][root][INFO] - Epoch [1/5], Batch [17/300], Loss: 1.8317 (Overall: 1.4163, Change: 1.6443), TF Ratio: 0.997
[2026-06-14 17:39:34,959][root][INFO] - Epoch [1/5], Batch [18/300], Loss: 1.8112 (Overall: 1.2587, Change: 1.6660), TF Ratio: 0.996
[2026-06-14 17:39:35,110][root][INFO] - Epoch [1/5], Batch [19/300], Loss: 1.7985 (Overall: 1.3105, Change: 1.8292), TF Ratio: 0.996
[2026-06-14 17:39:35,264][root][INFO] - Epoch [1/5], Batch [20/300], Loss: 1.8089 (Overall: 1.7112, Change: 2.3043), TF Ratio: 0.996
[2026-06-14 17:39:35,417][root][INFO] - Epoch [1/5], Batch [21/300], Loss: 1.7982 (Overall: 1.3457, Change: 1.8210), TF Ratio: 0.996
[2026-06-14 17:39:35,568][root][INFO] - Epoch [1/5], Batch [22/300], Loss: 1.7865 (Overall: 1.3113, Change: 1.7684), TF Ratio: 0.996
[2026-06-14 17:39:35,719][root][INFO] - Epoch [1/5], Batch [23/300], Loss: 1.7763 (Overall: 1.3137, Change: 1.7904), TF Ratio: 0.995
[2026-06-14 17:39:47,682][root][INFO] - Epoch [1/5], Batch [24/300], Loss: 1.7666 (Overall: 1.3784, Change: 1.7109), TF Ratio: 0.995
[2026-06-14 17:40:03,253][root][INFO] - Epoch [1/5], Batch [25/300], Loss: 1.7554 (Overall: 1.2703, Change: 1.7040), TF Ratio: 0.995
[2026-06-14 17:40:03,406][root][INFO] - Epoch [1/5], Batch [26/300], Loss: 1.7456 (Overall: 1.3367, Change: 1.6622), TF Ratio: 0.995
[2026-06-14 17:40:03,559][root][INFO] - Epoch [1/5], Batch [27/300], Loss: 1.7410 (Overall: 1.5120, Change: 1.7297), TF Ratio: 0.995
[2026-06-14 17:40:06,219][root][INFO] - Epoch [1/5], Batch [28/300], Loss: 1.7394 (Overall: 1.5248, Change: 1.8696), TF Ratio: 0.994
[2026-06-14 17:40:06,373][root][INFO] - Epoch [1/5], Batch [29/300], Loss: 1.7317 (Overall: 1.3049, Change: 1.7238), TF Ratio: 0.994
[2026-06-14 17:40:06,526][root][INFO] - Epoch [1/5], Batch [30/300], Loss: 1.7241 (Overall: 1.2470, Change: 1.7642), TF Ratio: 0.994
[2026-06-14 17:40:06,682][root][INFO] - Epoch [1/5], Batch [31/300], Loss: 1.7191 (Overall: 1.4355, Change: 1.7038), TF Ratio: 0.994
[2026-06-14 17:40:06,836][root][INFO] - Epoch [1/5], Batch [32/300], Loss: 1.7118 (Overall: 1.2041, Change: 1.7642), TF Ratio: 0.994
[2026-06-14 17:40:06,988][root][INFO] - Epoch [1/5], Batch [33/300], Loss: 1.7037 (Overall: 1.2131, Change: 1.6792), TF Ratio: 0.993
[2026-06-14 17:40:07,140][root][INFO] - Epoch [1/5], Batch [34/300], Loss: 1.6940 (Overall: 1.3217, Change: 1.4249), TF Ratio: 0.993
[2026-06-14 17:40:07,293][root][INFO] - Epoch [1/5], Batch [35/300], Loss: 1.6882 (Overall: 1.2274, Change: 1.7548), TF Ratio: 0.993
[2026-06-14 17:40:25,156][root][INFO] - Epoch [1/5], Batch [36/300], Loss: 1.6909 (Overall: 1.5379, Change: 2.0283), TF Ratio: 0.993
[2026-06-14 17:40:40,698][root][INFO] - Epoch [1/5], Batch [37/300], Loss: 1.6916 (Overall: 1.5060, Change: 1.9331), TF Ratio: 0.993
[2026-06-14 17:40:40,851][root][INFO] - Epoch [1/5], Batch [38/300], Loss: 1.6825 (Overall: 1.1188, Change: 1.5730), TF Ratio: 0.992
[2026-06-14 17:40:41,005][root][INFO] - Epoch [1/5], Batch [39/300], Loss: 1.6808 (Overall: 1.3388, Change: 1.8873), TF Ratio: 0.992
[2026-06-14 17:40:41,263][root][INFO] - Epoch [1/5], Batch [40/300], Loss: 1.6778 (Overall: 1.1793, Change: 1.9439), TF Ratio: 0.992
[2026-06-14 17:40:41,416][root][INFO] - Epoch [1/5], Batch [41/300], Loss: 1.6724 (Overall: 1.2109, Change: 1.7061), TF Ratio: 0.992
[2026-06-14 17:40:41,567][root][INFO] - Epoch [1/5], Batch [42/300], Loss: 1.6695 (Overall: 1.2736, Change: 1.8260), TF Ratio: 0.992
[2026-06-14 17:40:41,719][root][INFO] - Epoch [1/5], Batch [43/300], Loss: 1.6659 (Overall: 1.5589, Change: 1.4706), TF Ratio: 0.991
[2026-06-14 17:40:45,388][root][INFO] - Epoch [1/5], Batch [44/300], Loss: 1.6620 (Overall: 1.3742, Change: 1.6173), TF Ratio: 0.991
[2026-06-14 17:40:45,544][root][INFO] - Epoch [1/5], Batch [45/300], Loss: 1.6574 (Overall: 1.1786, Change: 1.7303), TF Ratio: 0.991
[2026-06-14 17:40:45,696][root][INFO] - Epoch [1/5], Batch [46/300], Loss: 1.6498 (Overall: 1.1258, Change: 1.4885), TF Ratio: 0.991
[2026-06-14 17:40:45,849][root][INFO] - Epoch [1/5], Batch [47/300], Loss: 1.6442 (Overall: 1.2359, Change: 1.5387), TF Ratio: 0.991
[2026-06-14 17:41:01,156][root][INFO] - Epoch [1/5], Batch [48/300], Loss: 1.6400 (Overall: 1.1500, Change: 1.7318), TF Ratio: 0.990
[2026-06-14 17:41:09,325][root][INFO] - Epoch [1/5], Batch [49/300], Loss: 1.6301 (Overall: 1.1353, Change: 1.1756), TF Ratio: 0.990
[2026-06-14 17:41:09,477][root][INFO] - Epoch [1/5], Batch [50/300], Loss: 1.6267 (Overall: 1.3301, Change: 1.5927), TF Ratio: 0.990
[2026-06-14 17:41:09,628][root][INFO] - Epoch [1/5], Batch [51/300], Loss: 1.6250 (Overall: 1.0641, Change: 2.0082), TF Ratio: 0.990
[2026-06-14 17:41:12,155][root][INFO] - Epoch [1/5], Batch [52/300], Loss: 1.6281 (Overall: 1.5053, Change: 2.0736), TF Ratio: 0.990
[2026-06-14 17:41:12,308][root][INFO] - Epoch [1/5], Batch [53/300], Loss: 1.6270 (Overall: 1.1087, Change: 2.0266), TF Ratio: 0.989
[2026-06-14 17:41:12,461][root][INFO] - Epoch [1/5], Batch [54/300], Loss: 1.6212 (Overall: 1.0333, Change: 1.5933), TF Ratio: 0.989
[2026-06-14 17:41:12,614][root][INFO] - Epoch [1/5], Batch [55/300], Loss: 1.6177 (Overall: 1.2975, Change: 1.5664), TF Ratio: 0.989
[2026-06-14 17:41:12,779][root][INFO] - Epoch [1/5], Batch [56/300], Loss: 1.6165 (Overall: 1.3010, Change: 1.7980), TF Ratio: 0.989
[2026-06-14 17:41:12,932][root][INFO] - Epoch [1/5], Batch [57/300], Loss: 1.6122 (Overall: 1.1126, Change: 1.6293), TF Ratio: 0.989
[2026-06-14 17:41:13,084][root][INFO] - Epoch [1/5], Batch [58/300], Loss: 1.6105 (Overall: 1.1000, Change: 1.9265), TF Ratio: 0.988
[2026-06-14 17:41:13,240][root][INFO] - Epoch [1/5], Batch [59/300], Loss: 1.6064 (Overall: 1.0324, Change: 1.7104), TF Ratio: 0.988
[2026-06-14 17:41:38,238][root][INFO] - Epoch [1/5], Batch [60/300], Loss: 1.6043 (Overall: 1.1789, Change: 1.7814), TF Ratio: 0.988
[2026-06-14 17:41:44,268][root][INFO] - Epoch [1/5], Batch [61/300], Loss: 1.6005 (Overall: 1.0957, Change: 1.6448), TF Ratio: 0.988
[2026-06-14 17:41:44,421][root][INFO] - Epoch [1/5], Batch [62/300], Loss: 1.5979 (Overall: 1.1575, Change: 1.7196), TF Ratio: 0.988
[2026-06-14 17:41:44,574][root][INFO] - Epoch [1/5], Batch [63/300], Loss: 1.5964 (Overall: 1.1326, Change: 1.8813), TF Ratio: 0.987
[2026-06-14 17:41:44,729][root][INFO] - Epoch [1/5], Batch [64/300], Loss: 1.5904 (Overall: 1.0548, Change: 1.3649), TF Ratio: 0.987
[2026-06-14 17:41:44,882][root][INFO] - Epoch [1/5], Batch [65/300], Loss: 1.5882 (Overall: 1.2280, Change: 1.6703), TF Ratio: 0.987
[2026-06-14 17:41:45,034][root][INFO] - Epoch [1/5], Batch [66/300], Loss: 1.5852 (Overall: 1.0825, Change: 1.6899), TF Ratio: 0.987
[2026-06-14 17:41:45,186][root][INFO] - Epoch [1/5], Batch [67/300], Loss: 1.5788 (Overall: 1.1209, Change: 1.2000), TF Ratio: 0.987
[2026-06-14 17:41:45,341][root][INFO] - Epoch [1/5], Batch [68/300], Loss: 1.5753 (Overall: 1.0593, Change: 1.6162), TF Ratio: 0.986
[2026-06-14 17:41:45,494][root][INFO] - Epoch [1/5], Batch [69/300], Loss: 1.5718 (Overall: 1.0248, Change: 1.6385), TF Ratio: 0.986
[2026-06-14 17:41:45,646][root][INFO] - Epoch [1/5], Batch [70/300], Loss: 1.5761 (Overall: 1.6815, Change: 2.0637), TF Ratio: 0.986
[2026-06-14 17:41:45,798][root][INFO] - Epoch [1/5], Batch [71/300], Loss: 1.5765 (Overall: 1.0820, Change: 2.1355), TF Ratio: 0.986
[2026-06-14 17:41:55,779][root][INFO] - Epoch [1/5], Batch [72/300], Loss: 1.5738 (Overall: 1.0619, Change: 1.7045), TF Ratio: 0.986
[2026-06-14 17:41:59,880][root][INFO] - Epoch [1/5], Batch [73/300], Loss: 1.5713 (Overall: 1.3053, Change: 1.4771), TF Ratio: 0.985
[2026-06-14 17:42:00,033][root][INFO] - Epoch [1/5], Batch [74/300], Loss: 1.5670 (Overall: 1.0492, Change: 1.4459), TF Ratio: 0.985
[2026-06-14 17:42:00,185][root][INFO] - Epoch [1/5], Batch [75/300], Loss: 1.5645 (Overall: 0.9556, Change: 1.8074), TF Ratio: 0.985
[2026-06-14 17:42:05,442][root][INFO] - Epoch [1/5], Batch [76/300], Loss: 1.5603 (Overall: 1.0365, Change: 1.4626), TF Ratio: 0.985
[2026-06-14 17:42:05,596][root][INFO] - Epoch [1/5], Batch [77/300], Loss: 1.5615 (Overall: 1.4644, Change: 1.8309), TF Ratio: 0.985
[2026-06-14 17:42:05,760][root][INFO] - Epoch [1/5], Batch [78/300], Loss: 1.5564 (Overall: 1.0334, Change: 1.2932), TF Ratio: 0.984
[2026-06-14 17:42:05,912][root][INFO] - Epoch [1/5], Batch [79/300], Loss: 1.5543 (Overall: 1.1909, Change: 1.5976), TF Ratio: 0.984
[2026-06-14 17:42:06,066][root][INFO] - Epoch [1/5], Batch [80/300], Loss: 1.5576 (Overall: 1.6885, Change: 1.9468), TF Ratio: 0.984
[2026-06-14 17:42:06,220][root][INFO] - Epoch [1/5], Batch [81/300], Loss: 1.5535 (Overall: 1.0285, Change: 1.4189), TF Ratio: 0.984
[2026-06-14 17:42:06,372][root][INFO] - Epoch [1/5], Batch [82/300], Loss: 1.5487 (Overall: 1.0711, Change: 1.2452), TF Ratio: 0.984
[2026-06-14 17:42:06,525][root][INFO] - Epoch [1/5], Batch [83/300], Loss: 1.5455 (Overall: 0.9806, Change: 1.5921), TF Ratio: 0.983
[2026-06-14 17:42:24,550][root][INFO] - Epoch [1/5], Batch [84/300], Loss: 1.5436 (Overall: 1.0328, Change: 1.7389), TF Ratio: 0.983
[2026-06-14 17:42:26,747][root][INFO] - Epoch [1/5], Batch [85/300], Loss: 1.5383 (Overall: 0.8865, Change: 1.3002), TF Ratio: 0.983
[2026-06-14 17:42:26,899][root][INFO] - Epoch [1/5], Batch [86/300], Loss: 1.5349 (Overall: 0.9521, Change: 1.5435), TF Ratio: 0.983
[2026-06-14 17:42:27,051][root][INFO] - Epoch [1/5], Batch [87/300], Loss: 1.5319 (Overall: 1.0481, Change: 1.4958), TF Ratio: 0.983
[2026-06-14 17:42:27,207][root][INFO] - Epoch [1/5], Batch [88/300], Loss: 1.5274 (Overall: 1.2163, Change: 1.0507), TF Ratio: 0.982
[2026-06-14 17:42:27,360][root][INFO] - Epoch [1/5], Batch [89/300], Loss: 1.5241 (Overall: 1.0563, Change: 1.4069), TF Ratio: 0.982
[2026-06-14 17:42:27,512][root][INFO] - Epoch [1/5], Batch [90/300], Loss: 1.5249 (Overall: 1.3699, Change: 1.8289), TF Ratio: 0.982
[2026-06-14 17:42:27,664][root][INFO] - Epoch [1/5], Batch [91/300], Loss: 1.5227 (Overall: 1.1077, Change: 1.5387), TF Ratio: 0.982
[2026-06-14 17:42:27,818][root][INFO] - Epoch [1/5], Batch [92/300], Loss: 1.5198 (Overall: 0.9220, Change: 1.6009), TF Ratio: 0.982
[2026-06-14 17:42:27,970][root][INFO] - Epoch [1/5], Batch [93/300], Loss: 1.5157 (Overall: 1.0090, Change: 1.2681), TF Ratio: 0.981
[2026-06-14 17:42:28,122][root][INFO] - Epoch [1/5], Batch [94/300], Loss: 1.5142 (Overall: 1.0890, Change: 1.6567), TF Ratio: 0.981
[2026-06-14 17:42:28,274][root][INFO] - Epoch [1/5], Batch [95/300], Loss: 1.5154 (Overall: 1.3893, Change: 1.8722), TF Ratio: 0.981
[2026-06-14 17:43:04,501][root][INFO] - Epoch [1/5], Batch [96/300], Loss: 1.5124 (Overall: 1.1392, Change: 1.3028), TF Ratio: 0.981
[2026-06-14 17:43:04,655][root][INFO] - Epoch [1/5], Batch [97/300], Loss: 1.5101 (Overall: 0.9989, Change: 1.5846), TF Ratio: 0.981
[2026-06-14 17:43:04,806][root][INFO] - Epoch [1/5], Batch [98/300], Loss: 1.5084 (Overall: 1.1491, Change: 1.5290), TF Ratio: 0.980
[2026-06-14 17:43:04,958][root][INFO] - Epoch [1/5], Batch [99/300], Loss: 1.5094 (Overall: 0.9669, Change: 2.2544), TF Ratio: 0.980
[2026-06-14 17:43:05,111][root][INFO] - Epoch [1/5], Batch [100/300], Loss: 1.5091 (Overall: 1.3517, Change: 1.6095), TF Ratio: 0.980
[2026-06-14 17:43:05,264][root][INFO] - Epoch [1/5], Batch [101/300], Loss: 1.5067 (Overall: 0.9833, Change: 1.5411), TF Ratio: 0.980
[2026-06-14 17:43:05,490][root][INFO] - Epoch [1/5], Batch [102/300], Loss: 1.5042 (Overall: 1.0376, Change: 1.4735), TF Ratio: 0.980
[2026-06-14 17:43:05,641][root][INFO] - Epoch [1/5], Batch [103/300], Loss: 1.5029 (Overall: 1.0621, Change: 1.6819), TF Ratio: 0.979
[2026-06-14 17:43:05,795][root][INFO] - Epoch [1/5], Batch [104/300], Loss: 1.5005 (Overall: 0.9441, Change: 1.5665), TF Ratio: 0.979
[2026-06-14 17:43:05,947][root][INFO] - Epoch [1/5], Batch [105/300], Loss: 1.5002 (Overall: 1.1679, Change: 1.7661), TF Ratio: 0.979
[2026-06-14 17:43:06,099][root][INFO] - Epoch [1/5], Batch [106/300], Loss: 1.4980 (Overall: 1.1789, Change: 1.3520), TF Ratio: 0.979
[2026-06-14 17:43:06,251][root][INFO] - Epoch [1/5], Batch [107/300], Loss: 1.4972 (Overall: 0.9524, Change: 1.8656), TF Ratio: 0.979
[2026-06-14 17:43:37,841][root][INFO] - Epoch [1/5], Batch [108/300], Loss: 1.4937 (Overall: 1.0666, Change: 1.1791), TF Ratio: 0.978
[2026-06-14 17:43:37,994][root][INFO] - Epoch [1/5], Batch [109/300], Loss: 1.4904 (Overall: 1.3413, Change: 0.9270), TF Ratio: 0.978
[2026-06-14 17:43:38,146][root][INFO] - Epoch [1/5], Batch [110/300], Loss: 1.4895 (Overall: 1.0924, Change: 1.6847), TF Ratio: 0.978
[2026-06-14 17:43:38,298][root][INFO] - Epoch [1/5], Batch [111/300], Loss: 1.4914 (Overall: 1.1596, Change: 2.2375), TF Ratio: 0.978
[2026-06-14 17:43:38,462][root][INFO] - Epoch [1/5], Batch [112/300], Loss: 1.4894 (Overall: 0.9506, Change: 1.5887), TF Ratio: 0.978
[2026-06-14 17:43:38,615][root][INFO] - Epoch [1/5], Batch [113/300], Loss: 1.4859 (Overall: 1.0263, Change: 1.1729), TF Ratio: 0.977
[2026-06-14 17:43:38,767][root][INFO] - Epoch [1/5], Batch [114/300], Loss: 1.4848 (Overall: 1.1048, Change: 1.6158), TF Ratio: 0.977
[2026-06-14 17:43:38,919][root][INFO] - Epoch [1/5], Batch [115/300], Loss: 1.4845 (Overall: 1.0178, Change: 1.8726), TF Ratio: 0.977
[2026-06-14 17:43:39,073][root][INFO] - Epoch [1/5], Batch [116/300], Loss: 1.4832 (Overall: 1.1205, Change: 1.5457), TF Ratio: 0.977
[2026-06-14 17:43:39,226][root][INFO] - Epoch [1/5], Batch [117/300], Loss: 1.4810 (Overall: 0.9617, Change: 1.5056), TF Ratio: 0.977
[2026-06-14 17:43:39,379][root][INFO] - Epoch [1/5], Batch [118/300], Loss: 1.4794 (Overall: 1.0643, Change: 1.5088), TF Ratio: 0.976
[2026-06-14 17:43:39,531][root][INFO] - Epoch [1/5], Batch [119/300], Loss: 1.4783 (Overall: 1.2777, Change: 1.4244), TF Ratio: 0.976
[2026-06-14 17:44:00,039][root][INFO] - Epoch [1/5], Batch [120/300], Loss: 1.4790 (Overall: 1.2637, Change: 1.8476), TF Ratio: 0.976
[2026-06-14 17:44:00,192][root][INFO] - Epoch [1/5], Batch [121/300], Loss: 1.4765 (Overall: 0.8991, Change: 1.4664), TF Ratio: 0.976
[2026-06-14 17:44:00,346][root][INFO] - Epoch [1/5], Batch [122/300], Loss: 1.4747 (Overall: 1.0129, Change: 1.5018), TF Ratio: 0.976
[2026-06-14 17:44:00,499][root][INFO] - Epoch [1/5], Batch [123/300], Loss: 1.4750 (Overall: 1.0681, Change: 1.9618), TF Ratio: 0.975
[2026-06-14 17:44:00,660][root][INFO] - Epoch [1/5], Batch [124/300], Loss: 1.4744 (Overall: 1.0029, Change: 1.7841), TF Ratio: 0.975
[2026-06-14 17:44:00,813][root][INFO] - Epoch [1/5], Batch [125/300], Loss: 1.4719 (Overall: 1.0440, Change: 1.2726), TF Ratio: 0.975
[2026-06-14 17:44:00,966][root][INFO] - Epoch [1/5], Batch [126/300], Loss: 1.4720 (Overall: 1.2913, Change: 1.6931), TF Ratio: 0.975
[2026-06-14 17:44:01,119][root][INFO] - Epoch [1/5], Batch [127/300], Loss: 1.4694 (Overall: 0.9998, Change: 1.2859), TF Ratio: 0.975
[2026-06-14 17:44:01,274][root][INFO] - Epoch [1/5], Batch [128/300], Loss: 1.4677 (Overall: 0.9575, Change: 1.5344), TF Ratio: 0.974
[2026-06-14 17:44:01,428][root][INFO] - Epoch [1/5], Batch [129/300], Loss: 1.4662 (Overall: 0.8872, Change: 1.6572), TF Ratio: 0.974
[2026-06-14 17:44:01,580][root][INFO] - Epoch [1/5], Batch [130/300], Loss: 1.4638 (Overall: 0.9181, Change: 1.3900), TF Ratio: 0.974
[2026-06-14 17:44:01,732][root][INFO] - Epoch [1/5], Batch [131/300], Loss: 1.4629 (Overall: 1.0486, Change: 1.6645), TF Ratio: 0.974
[2026-06-14 17:44:17,552][root][INFO] - Epoch [1/5], Batch [132/300], Loss: 1.4615 (Overall: 0.9970, Change: 1.5344), TF Ratio: 0.974
[2026-06-14 17:44:17,705][root][INFO] - Epoch [1/5], Batch [133/300], Loss: 1.4616 (Overall: 1.3260, Change: 1.6389), TF Ratio: 0.973
[2026-06-14 17:44:17,858][root][INFO] - Epoch [1/5], Batch [134/300], Loss: 1.4618 (Overall: 1.2855, Change: 1.6945), TF Ratio: 0.973
[2026-06-14 17:44:18,010][root][INFO] - Epoch [1/5], Batch [135/300], Loss: 1.4609 (Overall: 0.9727, Change: 1.6929), TF Ratio: 0.973
[2026-06-14 17:44:18,170][root][INFO] - Epoch [1/5], Batch [136/300], Loss: 1.4590 (Overall: 0.8577, Change: 1.5446), TF Ratio: 0.973
[2026-06-14 17:44:18,323][root][INFO] - Epoch [1/5], Batch [137/300], Loss: 1.4600 (Overall: 1.7283, Change: 1.4746), TF Ratio: 0.973
[2026-06-14 17:44:18,476][root][INFO] - Epoch [1/5], Batch [138/300], Loss: 1.4612 (Overall: 1.2432, Change: 2.0173), TF Ratio: 0.972
[2026-06-14 17:44:18,629][root][INFO] - Epoch [1/5], Batch [139/300], Loss: 1.4618 (Overall: 1.3995, Change: 1.6755), TF Ratio: 0.972
[2026-06-14 17:44:18,784][root][INFO] - Epoch [1/5], Batch [140/300], Loss: 1.4601 (Overall: 0.9074, Change: 1.5545), TF Ratio: 0.972
[2026-06-14 17:44:18,937][root][INFO] - Epoch [1/5], Batch [141/300], Loss: 1.4584 (Overall: 1.0215, Change: 1.4007), TF Ratio: 0.972
[2026-06-14 17:44:19,090][root][INFO] - Epoch [1/5], Batch [142/300], Loss: 1.4570 (Overall: 1.0045, Change: 1.5339), TF Ratio: 0.972
[2026-06-14 17:44:19,243][root][INFO] - Epoch [1/5], Batch [143/300], Loss: 1.4557 (Overall: 0.9098, Change: 1.6282), TF Ratio: 0.971
[2026-06-14 17:44:40,685][root][INFO] - Epoch [1/5], Batch [144/300], Loss: 1.4547 (Overall: 1.0693, Change: 1.5443), TF Ratio: 0.971
[2026-06-14 17:44:40,839][root][INFO] - Epoch [1/5], Batch [145/300], Loss: 1.4532 (Overall: 1.0337, Change: 1.4454), TF Ratio: 0.971
[2026-06-14 17:44:40,992][root][INFO] - Epoch [1/5], Batch [146/300], Loss: 1.4515 (Overall: 0.8697, Change: 1.5323), TF Ratio: 0.971
[2026-06-14 17:44:41,145][root][INFO] - Epoch [1/5], Batch [147/300], Loss: 1.4520 (Overall: 1.2819, Change: 1.7695), TF Ratio: 0.971
[2026-06-14 17:44:41,309][root][INFO] - Epoch [1/5], Batch [148/300], Loss: 1.4509 (Overall: 1.1227, Change: 1.4721), TF Ratio: 0.970
[2026-06-14 17:44:41,463][root][INFO] - Epoch [1/5], Batch [149/300], Loss: 1.4513 (Overall: 1.1542, Change: 1.8655), TF Ratio: 0.970
[2026-06-14 17:44:41,617][root][INFO] - Epoch [1/5], Batch [150/300], Loss: 1.4512 (Overall: 1.4989, Change: 1.3554), TF Ratio: 0.970
[2026-06-14 17:44:41,769][root][INFO] - Epoch [1/5], Batch [151/300], Loss: 1.4506 (Overall: 1.3146, Change: 1.4051), TF Ratio: 0.970
[2026-06-14 17:44:41,936][root][INFO] - Epoch [1/5], Batch [152/300], Loss: 1.4478 (Overall: 0.8223, Change: 1.2466), TF Ratio: 0.970
[2026-06-14 17:44:42,090][root][INFO] - Epoch [1/5], Batch [153/300], Loss: 1.4464 (Overall: 0.9883, Change: 1.4679), TF Ratio: 0.969
[2026-06-14 17:44:42,242][root][INFO] - Epoch [1/5], Batch [154/300], Loss: 1.4447 (Overall: 0.8552, Change: 1.5144), TF Ratio: 0.969
[2026-06-14 17:44:42,394][root][INFO] - Epoch [1/5], Batch [155/300], Loss: 1.4436 (Overall: 1.0846, Change: 1.4695), TF Ratio: 0.969
[2026-06-14 17:45:00,676][root][INFO] - Epoch [1/5], Batch [156/300], Loss: 1.4436 (Overall: 0.9901, Change: 1.8861), TF Ratio: 0.969
[2026-06-14 17:45:00,833][root][INFO] - Epoch [1/5], Batch [157/300], Loss: 1.4449 (Overall: 1.1243, Change: 2.1736), TF Ratio: 0.969
[2026-06-14 17:45:00,986][root][INFO] - Epoch [1/5], Batch [158/300], Loss: 1.4444 (Overall: 1.0353, Change: 1.6858), TF Ratio: 0.968
[2026-06-14 17:45:01,139][root][INFO] - Epoch [1/5], Batch [159/300], Loss: 1.4433 (Overall: 0.9660, Change: 1.6038), TF Ratio: 0.968
[2026-06-14 17:45:01,294][root][INFO] - Epoch [1/5], Batch [160/300], Loss: 1.4433 (Overall: 1.1404, Change: 1.7311), TF Ratio: 0.968
[2026-06-14 17:45:01,456][root][INFO] - Epoch [1/5], Batch [161/300], Loss: 1.4412 (Overall: 0.8569, Change: 1.3675), TF Ratio: 0.968
[2026-06-14 17:45:01,610][root][INFO] - Epoch [1/5], Batch [162/300], Loss: 1.4384 (Overall: 0.9007, Change: 1.0460), TF Ratio: 0.968
[2026-06-14 17:45:01,763][root][INFO] - Epoch [1/5], Batch [163/300], Loss: 1.4370 (Overall: 0.9641, Change: 1.4809), TF Ratio: 0.967
[2026-06-14 17:45:01,923][root][INFO] - Epoch [1/5], Batch [164/300], Loss: 1.4372 (Overall: 1.2835, Change: 1.6527), TF Ratio: 0.967
[2026-06-14 17:45:02,080][root][INFO] - Epoch [1/5], Batch [165/300], Loss: 1.4360 (Overall: 0.9077, Change: 1.5604), TF Ratio: 0.967
[2026-06-14 17:45:02,234][root][INFO] - Epoch [1/5], Batch [166/300], Loss: 1.4349 (Overall: 1.0023, Change: 1.5173), TF Ratio: 0.967
[2026-06-14 17:45:02,388][root][INFO] - Epoch [1/5], Batch [167/300], Loss: 1.4337 (Overall: 0.9158, Change: 1.5482), TF Ratio: 0.967
[2026-06-14 17:45:20,301][root][INFO] - Epoch [1/5], Batch [168/300], Loss: 1.4322 (Overall: 0.7967, Change: 1.5500), TF Ratio: 0.966
[2026-06-14 17:45:20,455][root][INFO] - Epoch [1/5], Batch [169/300], Loss: 1.4308 (Overall: 0.8305, Change: 1.5645), TF Ratio: 0.966
[2026-06-14 17:45:20,608][root][INFO] - Epoch [1/5], Batch [170/300], Loss: 1.4310 (Overall: 1.0060, Change: 1.9219), TF Ratio: 0.966
[2026-06-14 17:45:20,761][root][INFO] - Epoch [1/5], Batch [171/300], Loss: 1.4297 (Overall: 0.8839, Change: 1.5530), TF Ratio: 0.966
[2026-06-14 17:45:20,918][root][INFO] - Epoch [1/5], Batch [172/300], Loss: 1.4281 (Overall: 0.8187, Change: 1.4868), TF Ratio: 0.966
[2026-06-14 17:45:21,071][root][INFO] - Epoch [1/5], Batch [173/300], Loss: 1.4316 (Overall: 1.8699, Change: 2.1904), TF Ratio: 0.965
[2026-06-14 17:45:21,224][root][INFO] - Epoch [1/5], Batch [174/300], Loss: 1.4308 (Overall: 0.9009, Change: 1.6755), TF Ratio: 0.965
[2026-06-14 17:45:21,384][root][INFO] - Epoch [1/5], Batch [175/300], Loss: 1.4297 (Overall: 0.9457, Change: 1.5466), TF Ratio: 0.965
[2026-06-14 17:45:21,538][root][INFO] - Epoch [1/5], Batch [176/300], Loss: 1.4281 (Overall: 0.9914, Change: 1.2893), TF Ratio: 0.965
[2026-06-14 17:45:21,691][root][INFO] - Epoch [1/5], Batch [177/300], Loss: 1.4256 (Overall: 0.9438, Change: 1.0363), TF Ratio: 0.965
[2026-06-14 17:45:21,843][root][INFO] - Epoch [1/5], Batch [178/300], Loss: 1.4241 (Overall: 0.8084, Change: 1.5055), TF Ratio: 0.964
[2026-06-14 17:45:21,996][root][INFO] - Epoch [1/5], Batch [179/300], Loss: 1.4234 (Overall: 1.0959, Change: 1.5002), TF Ratio: 0.964
[2026-06-14 17:45:43,840][root][INFO] - Epoch [1/5], Batch [180/300], Loss: 1.4219 (Overall: 0.7722, Change: 1.5533), TF Ratio: 0.964
[2026-06-14 17:45:43,992][root][INFO] - Epoch [1/5], Batch [181/300], Loss: 1.4214 (Overall: 1.1039, Change: 1.5471), TF Ratio: 0.964
[2026-06-14 17:45:44,145][root][INFO] - Epoch [1/5], Batch [182/300], Loss: 1.4202 (Overall: 0.9688, Change: 1.4429), TF Ratio: 0.964
[2026-06-14 17:45:44,297][root][INFO] - Epoch [1/5], Batch [183/300], Loss: 1.4195 (Overall: 1.0634, Change: 1.5280), TF Ratio: 0.963
[2026-06-14 17:45:44,453][root][INFO] - Epoch [1/5], Batch [184/300], Loss: 1.4190 (Overall: 0.9381, Change: 1.7034), TF Ratio: 0.963
[2026-06-14 17:45:44,606][root][INFO] - Epoch [1/5], Batch [185/300], Loss: 1.4176 (Overall: 0.9927, Change: 1.3332), TF Ratio: 0.963
[2026-06-14 17:45:44,759][root][INFO] - Epoch [1/5], Batch [186/300], Loss: 1.4164 (Overall: 0.9837, Change: 1.4063), TF Ratio: 0.963
[2026-06-14 17:45:44,911][root][INFO] - Epoch [1/5], Batch [187/300], Loss: 1.4159 (Overall: 1.1024, Change: 1.5188), TF Ratio: 0.963
[2026-06-14 17:45:45,070][root][INFO] - Epoch [1/5], Batch [188/300], Loss: 1.4142 (Overall: 0.8260, Change: 1.3741), TF Ratio: 0.962
[2026-06-14 17:45:45,223][root][INFO] - Epoch [1/5], Batch [189/300], Loss: 1.4132 (Overall: 0.8404, Change: 1.6094), TF Ratio: 0.962
[2026-06-14 17:45:45,377][root][INFO] - Epoch [1/5], Batch [190/300], Loss: 1.4119 (Overall: 0.8524, Change: 1.4758), TF Ratio: 0.962
[2026-06-14 17:45:45,530][root][INFO] - Epoch [1/5], Batch [191/300], Loss: 1.4111 (Overall: 1.0840, Change: 1.4632), TF Ratio: 0.962
[2026-06-14 17:46:05,679][root][INFO] - Epoch [1/5], Batch [192/300], Loss: 1.4101 (Overall: 0.9799, Change: 1.4378), TF Ratio: 0.962
[2026-06-14 17:46:05,834][root][INFO] - Epoch [1/5], Batch [193/300], Loss: 1.4087 (Overall: 0.7206, Change: 1.5492), TF Ratio: 0.961
[2026-06-14 17:46:05,987][root][INFO] - Epoch [1/5], Batch [194/300], Loss: 1.4071 (Overall: 0.7786, Change: 1.4443), TF Ratio: 0.961
[2026-06-14 17:46:06,139][root][INFO] - Epoch [1/5], Batch [195/300], Loss: 1.4061 (Overall: 0.7898, Change: 1.6224), TF Ratio: 0.961
[2026-06-14 17:46:06,294][root][INFO] - Epoch [1/5], Batch [196/300], Loss: 1.4052 (Overall: 0.7628, Change: 1.6797), TF Ratio: 0.961
[2026-06-14 17:46:06,448][root][INFO] - Epoch [1/5], Batch [197/300], Loss: 1.4056 (Overall: 1.2206, Change: 1.7544), TF Ratio: 0.961
[2026-06-14 17:46:06,601][root][INFO] - Epoch [1/5], Batch [198/300], Loss: 1.4054 (Overall: 1.1914, Change: 1.5674), TF Ratio: 0.960
[2026-06-14 17:46:06,754][root][INFO] - Epoch [1/5], Batch [199/300], Loss: 1.4040 (Overall: 0.7851, Change: 1.4641), TF Ratio: 0.960
[2026-06-14 17:46:06,909][root][INFO] - Epoch [1/5], Batch [200/300], Loss: 1.4022 (Overall: 0.8182, Change: 1.2571), TF Ratio: 0.960
[2026-06-14 17:46:07,063][root][INFO] - Epoch [1/5], Batch [201/300], Loss: 1.4022 (Overall: 1.2244, Change: 1.5931), TF Ratio: 0.960
[2026-06-14 17:46:07,216][root][INFO] - Epoch [1/5], Batch [202/300], Loss: 1.4018 (Overall: 0.9599, Change: 1.6606), TF Ratio: 0.960
[2026-06-14 17:46:07,368][root][INFO] - Epoch [1/5], Batch [203/300], Loss: 1.4019 (Overall: 0.8359, Change: 2.0103), TF Ratio: 0.959
[2026-06-14 17:46:21,642][root][INFO] - Epoch [1/5], Batch [204/300], Loss: 1.4015 (Overall: 1.0903, Change: 1.5738), TF Ratio: 0.959
[2026-06-14 17:46:21,796][root][INFO] - Epoch [1/5], Batch [205/300], Loss: 1.4001 (Overall: 0.8289, Change: 1.3935), TF Ratio: 0.959
[2026-06-14 17:46:21,949][root][INFO] - Epoch [1/5], Batch [206/300], Loss: 1.3988 (Overall: 0.9715, Change: 1.2699), TF Ratio: 0.959
[2026-06-14 17:46:22,102][root][INFO] - Epoch [1/5], Batch [207/300], Loss: 1.3987 (Overall: 1.0164, Change: 1.7378), TF Ratio: 0.959
[2026-06-14 17:46:22,263][root][INFO] - Epoch [1/5], Batch [208/300], Loss: 1.3986 (Overall: 1.1096, Change: 1.6731), TF Ratio: 0.958
[2026-06-14 17:46:22,417][root][INFO] - Epoch [1/5], Batch [209/300], Loss: 1.3982 (Overall: 0.8498, Change: 1.7850), TF Ratio: 0.958
[2026-06-14 17:46:22,570][root][INFO] - Epoch [1/5], Batch [210/300], Loss: 1.3977 (Overall: 0.8438, Change: 1.7343), TF Ratio: 0.958
[2026-06-14 17:46:22,723][root][INFO] - Epoch [1/5], Batch [211/300], Loss: 1.3965 (Overall: 0.7581, Change: 1.5176), TF Ratio: 0.958
[2026-06-14 17:46:22,877][root][INFO] - Epoch [1/5], Batch [212/300], Loss: 1.3960 (Overall: 1.0659, Change: 1.5281), TF Ratio: 0.958
[2026-06-14 17:46:23,031][root][INFO] - Epoch [1/5], Batch [213/300], Loss: 1.3958 (Overall: 1.1360, Change: 1.5735), TF Ratio: 0.957
[2026-06-14 17:46:23,184][root][INFO] - Epoch [1/5], Batch [214/300], Loss: 1.3951 (Overall: 0.8053, Change: 1.6583), TF Ratio: 0.957
[2026-06-14 17:46:23,337][root][INFO] - Epoch [1/5], Batch [215/300], Loss: 1.3941 (Overall: 1.1033, Change: 1.2636), TF Ratio: 0.957
[2026-06-14 17:46:41,967][root][INFO] - Epoch [1/5], Batch [216/300], Loss: 1.3920 (Overall: 0.8045, Change: 1.0761), TF Ratio: 0.957
[2026-06-14 17:46:42,121][root][INFO] - Epoch [1/5], Batch [217/300], Loss: 1.3913 (Overall: 0.9882, Change: 1.4837), TF Ratio: 0.957
[2026-06-14 17:46:42,273][root][INFO] - Epoch [1/5], Batch [218/300], Loss: 1.3913 (Overall: 1.3192, Change: 1.5014), TF Ratio: 0.956
[2026-06-14 17:46:42,425][root][INFO] - Epoch [1/5], Batch [219/300], Loss: 1.3900 (Overall: 0.8601, Change: 1.3173), TF Ratio: 0.956
[2026-06-14 17:46:42,581][root][INFO] - Epoch [1/5], Batch [220/300], Loss: 1.3893 (Overall: 1.0070, Change: 1.4784), TF Ratio: 0.956
[2026-06-14 17:46:42,735][root][INFO] - Epoch [1/5], Batch [221/300], Loss: 1.3896 (Overall: 1.0625, Change: 1.8555), TF Ratio: 0.956
[2026-06-14 17:46:42,888][root][INFO] - Epoch [1/5], Batch [222/300], Loss: 1.3882 (Overall: 0.8785, Change: 1.2995), TF Ratio: 0.956
[2026-06-14 17:46:43,041][root][INFO] - Epoch [1/5], Batch [223/300], Loss: 1.3878 (Overall: 0.8612, Change: 1.6949), TF Ratio: 0.955
[2026-06-14 17:46:43,195][root][INFO] - Epoch [1/5], Batch [224/300], Loss: 1.3873 (Overall: 0.7591, Change: 1.8173), TF Ratio: 0.955
[2026-06-14 17:46:43,350][root][INFO] - Epoch [1/5], Batch [225/300], Loss: 1.3869 (Overall: 1.2493, Change: 1.3289), TF Ratio: 0.955
[2026-06-14 17:46:43,514][root][INFO] - Epoch [1/5], Batch [226/300], Loss: 1.3861 (Overall: 0.8141, Change: 1.5933), TF Ratio: 0.955
[2026-06-14 17:46:43,668][root][INFO] - Epoch [1/5], Batch [227/300], Loss: 1.3852 (Overall: 0.9136, Change: 1.4777), TF Ratio: 0.955
[2026-06-14 17:46:58,817][root][INFO] - Epoch [1/5], Batch [228/300], Loss: 1.3851 (Overall: 1.2354, Change: 1.4703), TF Ratio: 0.954
[2026-06-14 17:46:58,971][root][INFO] - Epoch [1/5], Batch [229/300], Loss: 1.3850 (Overall: 1.2330, Change: 1.5022), TF Ratio: 0.954
[2026-06-14 17:46:59,124][root][INFO] - Epoch [1/5], Batch [230/300], Loss: 1.3843 (Overall: 0.9036, Change: 1.5439), TF Ratio: 0.954
[2026-06-14 17:46:59,277][root][INFO] - Epoch [1/5], Batch [231/300], Loss: 1.3830 (Overall: 0.7784, Change: 1.3743), TF Ratio: 0.954
[2026-06-14 17:46:59,438][root][INFO] - Epoch [1/5], Batch [232/300], Loss: 1.3816 (Overall: 0.9022, Change: 1.2190), TF Ratio: 0.954
[2026-06-14 17:46:59,591][root][INFO] - Epoch [1/5], Batch [233/300], Loss: 1.3803 (Overall: 0.9758, Change: 1.2090), TF Ratio: 0.953
[2026-06-14 17:46:59,744][root][INFO] - Epoch [1/5], Batch [234/300], Loss: 1.3792 (Overall: 0.7079, Change: 1.5076), TF Ratio: 0.953
[2026-06-14 17:46:59,902][root][INFO] - Epoch [1/5], Batch [235/300], Loss: 1.3786 (Overall: 1.0348, Change: 1.4644), TF Ratio: 0.953
[2026-06-14 17:47:00,056][root][INFO] - Epoch [1/5], Batch [236/300], Loss: 1.3770 (Overall: 0.8726, Change: 1.1277), TF Ratio: 0.953
[2026-06-14 17:47:00,210][root][INFO] - Epoch [1/5], Batch [237/300], Loss: 1.3746 (Overall: 0.7868, Change: 0.8333), TF Ratio: 0.953
[2026-06-14 17:47:00,362][root][INFO] - Epoch [1/5], Batch [238/300], Loss: 1.3742 (Overall: 1.0228, Change: 1.5380), TF Ratio: 0.952
[2026-06-14 17:47:00,515][root][INFO] - Epoch [1/5], Batch [239/300], Loss: 1.3737 (Overall: 1.0679, Change: 1.4290), TF Ratio: 0.952
[2026-06-14 17:47:19,704][root][INFO] - Epoch [1/5], Batch [240/300], Loss: 1.3722 (Overall: 0.8119, Change: 1.2042), TF Ratio: 0.952
[2026-06-14 17:47:19,858][root][INFO] - Epoch [1/5], Batch [241/300], Loss: 1.3715 (Overall: 0.9294, Change: 1.4665), TF Ratio: 0.952
[2026-06-14 17:47:20,011][root][INFO] - Epoch [1/5], Batch [242/300], Loss: 1.3709 (Overall: 0.9335, Change: 1.5218), TF Ratio: 0.952
[2026-06-14 17:47:20,164][root][INFO] - Epoch [1/5], Batch [243/300], Loss: 1.3697 (Overall: 0.8660, Change: 1.3044), TF Ratio: 0.951
[2026-06-14 17:47:20,318][root][INFO] - Epoch [1/5], Batch [244/300], Loss: 1.3697 (Overall: 1.0984, Change: 1.6484), TF Ratio: 0.951
[2026-06-14 17:47:20,470][root][INFO] - Epoch [1/5], Batch [245/300], Loss: 1.3695 (Overall: 1.0760, Change: 1.5565), TF Ratio: 0.951
[2026-06-14 17:47:20,623][root][INFO] - Epoch [1/5], Batch [246/300], Loss: 1.3686 (Overall: 0.8212, Change: 1.4844), TF Ratio: 0.951
[2026-06-14 17:47:20,775][root][INFO] - Epoch [1/5], Batch [247/300], Loss: 1.3678 (Overall: 0.9010, Change: 1.4240), TF Ratio: 0.951
[2026-06-14 17:47:20,928][root][INFO] - Epoch [1/5], Batch [248/300], Loss: 1.3669 (Overall: 0.7384, Change: 1.5662), TF Ratio: 0.950
[2026-06-14 17:47:21,081][root][INFO] - Epoch [1/5], Batch [249/300], Loss: 1.3651 (Overall: 0.7243, Change: 1.1064), TF Ratio: 0.950
[2026-06-14 17:47:21,233][root][INFO] - Epoch [1/5], Batch [250/300], Loss: 1.3634 (Overall: 0.8547, Change: 1.0511), TF Ratio: 0.950
[2026-06-14 17:47:21,385][root][INFO] - Epoch [1/5], Batch [251/300], Loss: 1.3628 (Overall: 1.0611, Change: 1.3496), TF Ratio: 0.950
[2026-06-14 17:47:44,689][root][INFO] - Epoch [1/5], Batch [252/300], Loss: 1.3621 (Overall: 0.8664, Change: 1.5156), TF Ratio: 0.950
[2026-06-14 17:47:44,843][root][INFO] - Epoch [1/5], Batch [253/300], Loss: 1.3623 (Overall: 0.9016, Change: 1.8884), TF Ratio: 0.949
[2026-06-14 17:47:45,000][root][INFO] - Epoch [1/5], Batch [254/300], Loss: 1.3617 (Overall: 1.0054, Change: 1.4507), TF Ratio: 0.949
[2026-06-14 17:47:45,152][root][INFO] - Epoch [1/5], Batch [255/300], Loss: 1.3616 (Overall: 0.8362, Change: 1.8120), TF Ratio: 0.949
[2026-06-14 17:47:45,307][root][INFO] - Epoch [1/5], Batch [256/300], Loss: 1.3610 (Overall: 1.0321, Change: 1.3711), TF Ratio: 0.949
[2026-06-14 17:47:45,462][root][INFO] - Epoch [1/5], Batch [257/300], Loss: 1.3601 (Overall: 0.8801, Change: 1.4053), TF Ratio: 0.949
[2026-06-14 17:47:45,615][root][INFO] - Epoch [1/5], Batch [258/300], Loss: 1.3596 (Overall: 1.2523, Change: 1.2027), TF Ratio: 0.948
[2026-06-14 17:47:45,768][root][INFO] - Epoch [1/5], Batch [259/300], Loss: 1.3587 (Overall: 0.8620, Change: 1.4149), TF Ratio: 0.948
[2026-06-14 17:47:45,921][root][INFO] - Epoch [1/5], Batch [260/300], Loss: 1.3590 (Overall: 1.0369, Change: 1.8117), TF Ratio: 0.948
[2026-06-14 17:47:46,074][root][INFO] - Epoch [1/5], Batch [261/300], Loss: 1.3593 (Overall: 1.0252, Change: 1.8752), TF Ratio: 0.948
[2026-06-14 17:47:46,228][root][INFO] - Epoch [1/5], Batch [262/300], Loss: 1.3591 (Overall: 1.1053, Change: 1.5101), TF Ratio: 0.948
[2026-06-14 17:47:46,380][root][INFO] - Epoch [1/5], Batch [263/300], Loss: 1.3592 (Overall: 1.0421, Change: 1.6986), TF Ratio: 0.947
[2026-06-14 17:47:59,913][root][INFO] - Epoch [1/5], Batch [264/300], Loss: 1.3593 (Overall: 1.0033, Change: 1.7526), TF Ratio: 0.947
[2026-06-14 17:48:00,069][root][INFO] - Epoch [1/5], Batch [265/300], Loss: 1.3583 (Overall: 0.8936, Change: 1.2979), TF Ratio: 0.947
[2026-06-14 17:48:00,223][root][INFO] - Epoch [1/5], Batch [266/300], Loss: 1.3571 (Overall: 0.8122, Change: 1.2850), TF Ratio: 0.947
[2026-06-14 17:48:00,377][root][INFO] - Epoch [1/5], Batch [267/300], Loss: 1.3562 (Overall: 0.9766, Change: 1.2722), TF Ratio: 0.947
[2026-06-14 17:48:00,534][root][INFO] - Epoch [1/5], Batch [268/300], Loss: 1.3553 (Overall: 0.7834, Change: 1.4388), TF Ratio: 0.946
[2026-06-14 17:48:00,687][root][INFO] - Epoch [1/5], Batch [269/300], Loss: 1.3544 (Overall: 0.7391, Change: 1.4602), TF Ratio: 0.946
[2026-06-14 17:48:00,840][root][INFO] - Epoch [1/5], Batch [270/300], Loss: 1.3536 (Overall: 0.9309, Change: 1.3692), TF Ratio: 0.946
[2026-06-14 17:48:00,992][root][INFO] - Epoch [1/5], Batch [271/300], Loss: 1.3527 (Overall: 0.8294, Change: 1.3986), TF Ratio: 0.946
[2026-06-14 17:48:01,146][root][INFO] - Epoch [1/5], Batch [272/300], Loss: 1.3521 (Overall: 0.9188, Change: 1.4527), TF Ratio: 0.946
[2026-06-14 17:48:01,300][root][INFO] - Epoch [1/5], Batch [273/300], Loss: 1.3518 (Overall: 0.9451, Change: 1.6122), TF Ratio: 0.945
[2026-06-14 17:48:01,453][root][INFO] - Epoch [1/5], Batch [274/300], Loss: 1.3513 (Overall: 0.8010, Change: 1.5918), TF Ratio: 0.945
[2026-06-14 17:48:01,605][root][INFO] - Epoch [1/5], Batch [275/300], Loss: 1.3494 (Overall: 0.6960, Change: 0.9522), TF Ratio: 0.945
[2026-06-14 17:48:27,653][root][INFO] - Epoch [1/5], Batch [276/300], Loss: 1.3483 (Overall: 0.7189, Change: 1.4186), TF Ratio: 0.945
[2026-06-14 17:48:27,808][root][INFO] - Epoch [1/5], Batch [277/300], Loss: 1.3476 (Overall: 0.8118, Change: 1.4707), TF Ratio: 0.945
[2026-06-14 17:48:27,962][root][INFO] - Epoch [1/5], Batch [278/300], Loss: 1.3476 (Overall: 0.9851, Change: 1.7220), TF Ratio: 0.944
[2026-06-14 17:48:28,115][root][INFO] - Epoch [1/5], Batch [279/300], Loss: 1.3476 (Overall: 1.0340, Change: 1.6539), TF Ratio: 0.944
[2026-06-14 17:48:28,269][root][INFO] - Epoch [1/5], Batch [280/300], Loss: 1.3458 (Overall: 0.8308, Change: 0.8576), TF Ratio: 0.944
[2026-06-14 17:48:28,423][root][INFO] - Epoch [1/5], Batch [281/300], Loss: 1.3457 (Overall: 1.1276, Change: 1.4934), TF Ratio: 0.944
[2026-06-14 17:48:28,575][root][INFO] - Epoch [1/5], Batch [282/300], Loss: 1.3443 (Overall: 0.6715, Change: 1.2390), TF Ratio: 0.944
[2026-06-14 17:48:28,727][root][INFO] - Epoch [1/5], Batch [283/300], Loss: 1.3436 (Overall: 1.1023, Change: 1.1706), TF Ratio: 0.943
[2026-06-14 17:48:28,881][root][INFO] - Epoch [1/5], Batch [284/300], Loss: 1.3425 (Overall: 1.0637, Change: 1.0417), TF Ratio: 0.943
[2026-06-14 17:48:29,035][root][INFO] - Epoch [1/5], Batch [285/300], Loss: 1.3418 (Overall: 0.7890, Change: 1.4623), TF Ratio: 0.943
[2026-06-14 17:48:29,206][root][INFO] - Epoch [1/5], Batch [286/300], Loss: 1.3410 (Overall: 0.7384, Change: 1.4885), TF Ratio: 0.943
[2026-06-14 17:48:29,359][root][INFO] - Epoch [1/5], Batch [287/300], Loss: 1.3408 (Overall: 0.9097, Change: 1.6745), TF Ratio: 0.943
[2026-06-14 17:48:45,239][root][INFO] - Epoch [1/5], Batch [288/300], Loss: 1.3402 (Overall: 0.8803, Change: 1.4301), TF Ratio: 0.942
[2026-06-14 17:48:45,393][root][INFO] - Epoch [1/5], Batch [289/300], Loss: 1.3400 (Overall: 1.0286, Change: 1.5353), TF Ratio: 0.942
[2026-06-14 17:48:45,547][root][INFO] - Epoch [1/5], Batch [290/300], Loss: 1.3388 (Overall: 0.7626, Change: 1.2268), TF Ratio: 0.942
[2026-06-14 17:48:45,699][root][INFO] - Epoch [1/5], Batch [291/300], Loss: 1.3384 (Overall: 1.1495, Change: 1.3339), TF Ratio: 0.942
[2026-06-14 17:48:45,855][root][INFO] - Epoch [1/5], Batch [292/300], Loss: 1.3387 (Overall: 1.2323, Change: 1.6024), TF Ratio: 0.942
[2026-06-14 17:48:46,009][root][INFO] - Epoch [1/5], Batch [293/300], Loss: 1.3378 (Overall: 0.8112, Change: 1.3588), TF Ratio: 0.941
[2026-06-14 17:48:46,172][root][INFO] - Epoch [1/5], Batch [294/300], Loss: 1.3376 (Overall: 0.8989, Change: 1.6117), TF Ratio: 0.941
[2026-06-14 17:48:46,326][root][INFO] - Epoch [1/5], Batch [295/300], Loss: 1.3369 (Overall: 0.7832, Change: 1.4992), TF Ratio: 0.941
[2026-06-14 17:48:46,483][root][INFO] - Epoch [1/5], Batch [296/300], Loss: 1.3363 (Overall: 0.8267, Change: 1.5093), TF Ratio: 0.941
[2026-06-14 17:48:46,638][root][INFO] - Epoch [1/5], Batch [297/300], Loss: 1.3355 (Overall: 0.7986, Change: 1.3720), TF Ratio: 0.941
[2026-06-14 17:48:46,791][root][INFO] - Epoch [1/5], Batch [298/300], Loss: 1.3345 (Overall: 0.7003, Change: 1.3810), TF Ratio: 0.940
[2026-06-14 17:48:46,944][root][INFO] - Epoch [1/5], Batch [299/300], Loss: 1.3343 (Overall: 0.9485, Change: 1.5920), TF Ratio: 0.940
[2026-06-14 17:48:59,493][root][INFO] - Epoch [1/5], Batch [300/300], Loss: 1.3340 (Overall: 0.9814, Change: 1.5129), TF Ratio: 0.940
[2026-06-14 17:49:15,277][root][INFO] - Epoch 1 done. Validating...
[2026-06-14 17:50:00,699][root][INFO] - Epoch [1/5] | Train: 1.3454 | Val: 0.7122
[2026-06-14 17:50:01,103][root][INFO] - Checkpoint saved: /gpfs/scratch/bsc32/bsc096444/ai4land-tfm/trained_models/unet_impl/41788799/best_model.pth
[2026-06-14 17:50:01,251][root][INFO] - Checkpoint saved: /gpfs/scratch/bsc32/bsc096444/ai4land-tfm/trained_models/unet_impl/41788799/model_epoch_1.pth
[2026-06-14 17:50:34,237][root][INFO] - Epoch [2/5], Batch [1/300], Loss: 1.1194 (Overall: 0.8317, Change: 1.4071), TF Ratio: 0.940
[2026-06-14 17:50:57,274][root][INFO] - Epoch [2/5], Batch [2/300], Loss: 1.3055 (Overall: 1.1237, Change: 1.8594), TF Ratio: 0.940
[2026-06-14 17:50:57,427][root][INFO] - Epoch [2/5], Batch [3/300], Loss: 1.2784 (Overall: 0.7747, Change: 1.6739), TF Ratio: 0.939
[2026-06-14 17:50:57,580][root][INFO] - Epoch [2/5], Batch [4/300], Loss: 1.2155 (Overall: 0.9726, Change: 1.0812), TF Ratio: 0.939
[2026-06-14 17:50:57,734][root][INFO] - Epoch [2/5], Batch [5/300], Loss: 1.2161 (Overall: 0.9445, Change: 1.4921), TF Ratio: 0.939
[2026-06-14 17:50:57,886][root][INFO] - Epoch [2/5], Batch [6/300], Loss: 1.2087 (Overall: 0.8094, Change: 1.5335), TF Ratio: 0.939
[2026-06-14 17:50:58,039][root][INFO] - Epoch [2/5], Batch [7/300], Loss: 1.1851 (Overall: 0.7167, Change: 1.3712), TF Ratio: 0.939
[2026-06-14 17:50:58,193][root][INFO] - Epoch [2/5], Batch [8/300], Loss: 1.1964 (Overall: 0.8960, Change: 1.6543), TF Ratio: 0.938
[2026-06-14 17:50:58,348][root][INFO] - Epoch [2/5], Batch [9/300], Loss: 1.1871 (Overall: 0.6852, Change: 1.5406), TF Ratio: 0.938
[2026-06-14 17:50:58,501][root][INFO] - Epoch [2/5], Batch [10/300], Loss: 1.1765 (Overall: 0.7336, Change: 1.4291), TF Ratio: 0.938
[2026-06-14 17:50:58,654][root][INFO] - Epoch [2/5], Batch [11/300], Loss: 1.1697 (Overall: 0.8111, Change: 1.3912), TF Ratio: 0.938
[2026-06-14 17:51:00,638][root][INFO] - Epoch [2/5], Batch [12/300], Loss: 1.1641 (Overall: 0.8704, Change: 1.3360), TF Ratio: 0.938
[2026-06-14 17:51:00,806][root][INFO] - Epoch [2/5], Batch [13/300], Loss: 1.1787 (Overall: 1.0167, Change: 1.6912), TF Ratio: 0.937
[2026-06-14 17:51:20,643][root][INFO] - Epoch [2/5], Batch [14/300], Loss: 1.1675 (Overall: 0.8420, Change: 1.2016), TF Ratio: 0.937
[2026-06-14 17:51:20,796][root][INFO] - Epoch [2/5], Batch [15/300], Loss: 1.1570 (Overall: 0.8447, Change: 1.1749), TF Ratio: 0.937
[2026-06-14 17:51:20,952][root][INFO] - Epoch [2/5], Batch [16/300], Loss: 1.1620 (Overall: 0.9191, Change: 1.5530), TF Ratio: 0.937
[2026-06-14 17:51:21,105][root][INFO] - Epoch [2/5], Batch [17/300], Loss: 1.1522 (Overall: 0.7153, Change: 1.2787), TF Ratio: 0.937
[2026-06-14 17:51:21,258][root][INFO] - Epoch [2/5], Batch [18/300], Loss: 1.1428 (Overall: 0.6567, Change: 1.3087), TF Ratio: 0.936
[2026-06-14 17:51:21,425][root][INFO] - Epoch [2/5], Batch [19/300], Loss: 1.1287 (Overall: 0.6381, Change: 1.1096), TF Ratio: 0.936
[2026-06-14 17:51:21,579][root][INFO] - Epoch [2/5], Batch [20/300], Loss: 1.1310 (Overall: 0.8475, Change: 1.5014), TF Ratio: 0.936
[2026-06-14 17:51:21,732][root][INFO] - Epoch [2/5], Batch [21/300], Loss: 1.1402 (Overall: 0.9958, Change: 1.6543), TF Ratio: 0.936
[2026-06-14 17:51:21,884][root][INFO] - Epoch [2/5], Batch [22/300], Loss: 1.1358 (Overall: 0.7080, Change: 1.3797), TF Ratio: 0.936
[2026-06-14 17:51:22,036][root][INFO] - Epoch [2/5], Batch [23/300], Loss: 1.1349 (Overall: 0.9146, Change: 1.3133), TF Ratio: 0.935
[2026-06-14 17:51:33,297][root][INFO] - Epoch [2/5], Batch [24/300], Loss: 1.1390 (Overall: 0.9613, Change: 1.5042), TF Ratio: 0.935
[2026-06-14 17:51:33,456][root][INFO] - Epoch [2/5], Batch [25/300], Loss: 1.1476 (Overall: 1.0062, Change: 1.7024), TF Ratio: 0.935
[2026-06-14 17:51:52,993][root][INFO] - Epoch [2/5], Batch [26/300], Loss: 1.1571 (Overall: 1.2783, Change: 1.5116), TF Ratio: 0.935
[2026-06-14 17:51:53,146][root][INFO] - Epoch [2/5], Batch [27/300], Loss: 1.1574 (Overall: 0.9210, Change: 1.4125), TF Ratio: 0.935
[2026-06-14 17:51:53,299][root][INFO] - Epoch [2/5], Batch [28/300], Loss: 1.1501 (Overall: 0.8436, Change: 1.0590), TF Ratio: 0.934
[2026-06-14 17:51:53,452][root][INFO] - Epoch [2/5], Batch [29/300], Loss: 1.1534 (Overall: 0.9466, Change: 1.5490), TF Ratio: 0.934
[2026-06-14 17:51:53,605][root][INFO] - Epoch [2/5], Batch [30/300], Loss: 1.1539 (Overall: 1.1030, Change: 1.2299), TF Ratio: 0.934
[2026-06-14 17:51:53,757][root][INFO] - Epoch [2/5], Batch [31/300], Loss: 1.1624 (Overall: 1.2291, Change: 1.6074), TF Ratio: 0.934
[2026-06-14 17:51:53,911][root][INFO] - Epoch [2/5], Batch [32/300], Loss: 1.1608 (Overall: 0.9217, Change: 1.3002), TF Ratio: 0.934
[2026-06-14 17:51:54,064][root][INFO] - Epoch [2/5], Batch [33/300], Loss: 1.1642 (Overall: 0.9577, Change: 1.5908), TF Ratio: 0.933
[2026-06-14 17:51:54,216][root][INFO] - Epoch [2/5], Batch [34/300], Loss: 1.1741 (Overall: 1.5775, Change: 1.4193), TF Ratio: 0.933
[2026-06-14 17:51:54,368][root][INFO] - Epoch [2/5], Batch [35/300], Loss: 1.1773 (Overall: 0.8438, Change: 1.7311), TF Ratio: 0.933
[2026-06-14 17:52:05,909][root][INFO] - Epoch [2/5], Batch [36/300], Loss: 1.1826 (Overall: 1.1241, Change: 1.6150), TF Ratio: 0.933
[2026-06-14 17:52:06,067][root][INFO] - Epoch [2/5], Batch [37/300], Loss: 1.1881 (Overall: 0.7496, Change: 2.0195), TF Ratio: 0.933
[2026-06-14 17:52:13,998][root][INFO] - Epoch [2/5], Batch [38/300], Loss: 1.1901 (Overall: 0.8446, Change: 1.6859), TF Ratio: 0.932
[2026-06-14 17:52:14,150][root][INFO] - Epoch [2/5], Batch [39/300], Loss: 1.1914 (Overall: 0.9441, Change: 1.5371), TF Ratio: 0.932
[2026-06-14 17:52:27,688][root][INFO] - Epoch [2/5], Batch [40/300], Loss: 1.1937 (Overall: 1.1316, Change: 1.4329), TF Ratio: 0.932
[2026-06-14 17:52:27,848][root][INFO] - Epoch [2/5], Batch [41/300], Loss: 1.1998 (Overall: 1.2397, Change: 1.6494), TF Ratio: 0.932
[2026-06-14 17:52:28,000][root][INFO] - Epoch [2/5], Batch [42/300], Loss: 1.1953 (Overall: 0.7491, Change: 1.2694), TF Ratio: 0.932
[2026-06-14 17:52:28,153][root][INFO] - Epoch [2/5], Batch [43/300], Loss: 1.1951 (Overall: 0.9304, Change: 1.4412), TF Ratio: 0.931
[2026-06-14 17:52:28,307][root][INFO] - Epoch [2/5], Batch [44/300], Loss: 1.1996 (Overall: 1.0652, Change: 1.7240), TF Ratio: 0.931
[2026-06-14 17:52:28,460][root][INFO] - Epoch [2/5], Batch [45/300], Loss: 1.1967 (Overall: 0.7845, Change: 1.3520), TF Ratio: 0.931
[2026-06-14 17:52:28,612][root][INFO] - Epoch [2/5], Batch [46/300], Loss: 1.1919 (Overall: 0.6527, Change: 1.2997), TF Ratio: 0.931
[2026-06-14 17:52:28,764][root][INFO] - Epoch [2/5], Batch [47/300], Loss: 1.1902 (Overall: 0.9027, Change: 1.3194), TF Ratio: 0.931
[2026-06-14 17:52:28,918][root][INFO] - Epoch [2/5], Batch [48/300], Loss: 1.1877 (Overall: 0.8923, Change: 1.2493), TF Ratio: 0.930
[2026-06-14 17:52:29,070][root][INFO] - Epoch [2/5], Batch [49/300], Loss: 1.1840 (Overall: 0.8273, Change: 1.1903), TF Ratio: 0.930
[2026-06-14 17:52:36,733][root][INFO] - Epoch [2/5], Batch [50/300], Loss: 1.1895 (Overall: 0.9759, Change: 1.9408), TF Ratio: 0.930
[2026-06-14 17:52:36,888][root][INFO] - Epoch [2/5], Batch [51/300], Loss: 1.1914 (Overall: 1.2791, Change: 1.2933), TF Ratio: 0.930
[2026-06-14 17:52:54,631][root][INFO] - Epoch [2/5], Batch [52/300], Loss: 1.1895 (Overall: 0.8688, Change: 1.3147), TF Ratio: 0.930
[2026-06-14 17:52:54,787][root][INFO] - Epoch [2/5], Batch [53/300], Loss: 1.1895 (Overall: 0.6742, Change: 1.7073), TF Ratio: 0.929
[2026-06-14 17:52:54,940][root][INFO] - Epoch [2/5], Batch [54/300], Loss: 1.1889 (Overall: 0.8217, Change: 1.4940), TF Ratio: 0.929
[2026-06-14 17:52:55,092][root][INFO] - Epoch [2/5], Batch [55/300], Loss: 1.1812 (Overall: 0.7652, Change: 0.7595), TF Ratio: 0.929
[2026-06-14 17:53:16,859][root][INFO] - Epoch [2/5], Batch [56/300], Loss: 1.1789 (Overall: 0.6151, Change: 1.4892), TF Ratio: 0.929
[2026-06-14 17:53:17,019][root][INFO] - Epoch [2/5], Batch [57/300], Loss: 1.1777 (Overall: 0.6173, Change: 1.6124), TF Ratio: 0.929
[2026-06-14 17:53:17,173][root][INFO] - Epoch [2/5], Batch [58/300], Loss: 1.1768 (Overall: 0.8520, Change: 1.3946), TF Ratio: 0.928
[2026-06-14 17:53:17,327][root][INFO] - Epoch [2/5], Batch [59/300], Loss: 1.1789 (Overall: 0.8508, Change: 1.7462), TF Ratio: 0.928
[2026-06-14 17:53:17,481][root][INFO] - Epoch [2/5], Batch [60/300], Loss: 1.1778 (Overall: 0.7733, Change: 1.4609), TF Ratio: 0.928
[2026-06-14 17:53:17,635][root][INFO] - Epoch [2/5], Batch [61/300], Loss: 1.1764 (Overall: 0.6366, Change: 1.5405), TF Ratio: 0.928
[2026-06-14 17:53:17,788][root][INFO] - Epoch [2/5], Batch [62/300], Loss: 1.1716 (Overall: 0.7080, Change: 1.0537), TF Ratio: 0.928
[2026-06-14 17:53:17,942][root][INFO] - Epoch [2/5], Batch [63/300], Loss: 1.1705 (Overall: 0.7064, Change: 1.5005), TF Ratio: 0.927
[2026-06-14 17:53:44,989][root][INFO] - Epoch [2/5], Batch [64/300], Loss: 1.1691 (Overall: 1.0160, Change: 1.1363), TF Ratio: 0.927
[2026-06-14 17:53:45,146][root][INFO] - Epoch [2/5], Batch [65/300], Loss: 1.1711 (Overall: 1.0548, Change: 1.5437), TF Ratio: 0.927
[2026-06-14 17:53:45,299][root][INFO] - Epoch [2/5], Batch [66/300], Loss: 1.1708 (Overall: 0.8848, Change: 1.4183), TF Ratio: 0.927
[2026-06-14 17:53:45,453][root][INFO] - Epoch [2/5], Batch [67/300], Loss: 1.1732 (Overall: 1.0248, Change: 1.6398), TF Ratio: 0.927
[2026-06-14 17:53:46,155][root][INFO] - Epoch [2/5], Batch [68/300], Loss: 1.1725 (Overall: 0.8650, Change: 1.3878), TF Ratio: 0.926
[2026-06-14 17:53:46,309][root][INFO] - Epoch [2/5], Batch [69/300], Loss: 1.1776 (Overall: 0.7705, Change: 2.2758), TF Ratio: 0.926
[2026-06-14 17:53:46,462][root][INFO] - Epoch [2/5], Batch [70/300], Loss: 1.1780 (Overall: 0.7914, Change: 1.6178), TF Ratio: 0.926
[2026-06-14 17:53:46,615][root][INFO] - Epoch [2/5], Batch [71/300], Loss: 1.1788 (Overall: 0.7958, Change: 1.6765), TF Ratio: 0.926
[2026-06-14 17:53:46,771][root][INFO] - Epoch [2/5], Batch [72/300], Loss: 1.1741 (Overall: 0.6019, Change: 1.0776), TF Ratio: 0.926
[2026-06-14 17:53:46,925][root][INFO] - Epoch [2/5], Batch [73/300], Loss: 1.1755 (Overall: 0.8482, Change: 1.7160), TF Ratio: 0.925
[2026-06-14 17:53:47,476][root][INFO] - Epoch [2/5], Batch [74/300], Loss: 1.1731 (Overall: 0.8630, Change: 1.1218), TF Ratio: 0.925
[2026-06-14 17:53:47,649][root][INFO] - Epoch [2/5], Batch [75/300], Loss: 1.1786 (Overall: 0.9744, Change: 2.2005), TF Ratio: 0.925
[2026-06-14 17:54:00,534][root][INFO] - Epoch [2/5], Batch [76/300], Loss: 1.1739 (Overall: 0.6388, Change: 1.0026), TF Ratio: 0.925
[2026-06-14 17:54:00,690][root][INFO] - Epoch [2/5], Batch [77/300], Loss: 1.1749 (Overall: 0.9026, Change: 1.6048), TF Ratio: 0.925
[2026-06-14 17:54:00,843][root][INFO] - Epoch [2/5], Batch [78/300], Loss: 1.1793 (Overall: 1.2889, Change: 1.7368), TF Ratio: 0.924
[2026-06-14 17:54:00,996][root][INFO] - Epoch [2/5], Batch [79/300], Loss: 1.1762 (Overall: 0.7798, Change: 1.1009), TF Ratio: 0.924
[2026-06-14 17:54:21,528][root][INFO] - Epoch [2/5], Batch [80/300], Loss: 1.1732 (Overall: 0.6635, Change: 1.2015), TF Ratio: 0.924
[2026-06-14 17:54:21,687][root][INFO] - Epoch [2/5], Batch [81/300], Loss: 1.1721 (Overall: 0.7914, Change: 1.3749), TF Ratio: 0.924
[2026-06-14 17:54:21,841][root][INFO] - Epoch [2/5], Batch [82/300], Loss: 1.1736 (Overall: 1.1649, Change: 1.4377), TF Ratio: 0.924
[2026-06-14 17:54:21,995][root][INFO] - Epoch [2/5], Batch [83/300], Loss: 1.1725 (Overall: 0.6838, Change: 1.4673), TF Ratio: 0.923
[2026-06-14 17:54:22,165][root][INFO] - Epoch [2/5], Batch [84/300], Loss: 1.1722 (Overall: 0.9243, Change: 1.3721), TF Ratio: 0.923
[2026-06-14 17:54:22,322][root][INFO] - Epoch [2/5], Batch [85/300], Loss: 1.1712 (Overall: 0.7113, Change: 1.4612), TF Ratio: 0.923
[2026-06-14 17:54:22,476][root][INFO] - Epoch [2/5], Batch [86/300], Loss: 1.1705 (Overall: 0.7604, Change: 1.4762), TF Ratio: 0.923
[2026-06-14 17:54:22,629][root][INFO] - Epoch [2/5], Batch [87/300], Loss: 1.1730 (Overall: 1.2685, Change: 1.4969), TF Ratio: 0.923
[2026-06-14 17:54:23,683][root][INFO] - Epoch [2/5], Batch [88/300], Loss: 1.1710 (Overall: 0.6194, Change: 1.3745), TF Ratio: 0.922
[2026-06-14 17:54:23,837][root][INFO] - Epoch [2/5], Batch [89/300], Loss: 1.1655 (Overall: 0.7262, Change: 0.6324), TF Ratio: 0.922
[2026-06-14 17:54:23,990][root][INFO] - Epoch [2/5], Batch [90/300], Loss: 1.1687 (Overall: 1.1434, Change: 1.7716), TF Ratio: 0.922
[2026-06-14 17:54:24,142][root][INFO] - Epoch [2/5], Batch [91/300], Loss: 1.1706 (Overall: 0.7652, Change: 1.9255), TF Ratio: 0.922
[2026-06-14 17:54:45,887][root][INFO] - Epoch [2/5], Batch [92/300], Loss: 1.1697 (Overall: 0.7721, Change: 1.3911), TF Ratio: 0.922
[2026-06-14 17:54:46,047][root][INFO] - Epoch [2/5], Batch [93/300], Loss: 1.1697 (Overall: 0.7779, Change: 1.5705), TF Ratio: 0.921
[2026-06-14 17:54:46,208][root][INFO] - Epoch [2/5], Batch [94/300], Loss: 1.1691 (Overall: 0.8396, Change: 1.3847), TF Ratio: 0.921
[2026-06-14 17:54:46,361][root][INFO] - Epoch [2/5], Batch [95/300], Loss: 1.1679 (Overall: 0.7422, Change: 1.3592), TF Ratio: 0.921
[2026-06-14 17:54:46,514][root][INFO] - Epoch [2/5], Batch [96/300], Loss: 1.1676 (Overall: 0.9618, Change: 1.3123), TF Ratio: 0.921
[2026-06-14 17:54:46,667][root][INFO] - Epoch [2/5], Batch [97/300], Loss: 1.1679 (Overall: 0.9345, Change: 1.4701), TF Ratio: 0.921
[2026-06-14 17:54:46,820][root][INFO] - Epoch [2/5], Batch [98/300], Loss: 1.1684 (Overall: 0.7703, Change: 1.6696), TF Ratio: 0.920
[2026-06-14 17:54:46,971][root][INFO] - Epoch [2/5], Batch [99/300], Loss: 1.1701 (Overall: 1.0540, Change: 1.6043), TF Ratio: 0.920
[2026-06-14 17:54:47,125][root][INFO] - Epoch [2/5], Batch [100/300], Loss: 1.1706 (Overall: 0.8145, Change: 1.6403), TF Ratio: 0.920
[2026-06-14 17:54:47,279][root][INFO] - Epoch [2/5], Batch [101/300], Loss: 1.1712 (Overall: 1.0110, Change: 1.4541), TF Ratio: 0.920
[2026-06-14 17:54:47,433][root][INFO] - Epoch [2/5], Batch [102/300], Loss: 1.1715 (Overall: 0.7148, Change: 1.6703), TF Ratio: 0.920
[2026-06-14 17:54:47,587][root][INFO] - Epoch [2/5], Batch [103/300], Loss: 1.1706 (Overall: 0.9475, Change: 1.2131), TF Ratio: 0.919
[2026-06-14 17:55:00,860][root][INFO] - Epoch [2/5], Batch [104/300], Loss: 1.1729 (Overall: 1.0264, Change: 1.8074), TF Ratio: 0.919
[2026-06-14 17:55:01,018][root][INFO] - Epoch [2/5], Batch [105/300], Loss: 1.1716 (Overall: 0.7769, Change: 1.2934), TF Ratio: 0.919
[2026-06-14 17:55:01,170][root][INFO] - Epoch [2/5], Batch [106/300], Loss: 1.1695 (Overall: 0.6968, Change: 1.1865), TF Ratio: 0.919
[2026-06-14 17:55:01,322][root][INFO] - Epoch [2/5], Batch [107/300], Loss: 1.1676 (Overall: 0.6467, Change: 1.2907), TF Ratio: 0.919
[2026-06-14 17:55:01,476][root][INFO] - Epoch [2/5], Batch [108/300], Loss: 1.1663 (Overall: 0.7468, Change: 1.3098), TF Ratio: 0.918
[2026-06-14 17:55:01,629][root][INFO] - Epoch [2/5], Batch [109/300], Loss: 1.1656 (Overall: 0.7609, Change: 1.4185), TF Ratio: 0.918
[2026-06-14 17:55:01,782][root][INFO] - Epoch [2/5], Batch [110/300], Loss: 1.1674 (Overall: 1.1914, Change: 1.5445), TF Ratio: 0.918
[2026-06-14 17:55:01,934][root][INFO] - Epoch [2/5], Batch [111/300], Loss: 1.1692 (Overall: 1.0142, Change: 1.7205), TF Ratio: 0.918
[2026-06-14 17:55:14,647][root][INFO] - Epoch [2/5], Batch [112/300], Loss: 1.1689 (Overall: 0.9133, Change: 1.3490), TF Ratio: 0.918
[2026-06-14 17:55:14,803][root][INFO] - Epoch [2/5], Batch [113/300], Loss: 1.1691 (Overall: 1.0695, Change: 1.3236), TF Ratio: 0.917
[2026-06-14 17:55:14,954][root][INFO] - Epoch [2/5], Batch [114/300], Loss: 1.1685 (Overall: 0.8784, Change: 1.3102), TF Ratio: 0.917
[2026-06-14 17:55:15,106][root][INFO] - Epoch [2/5], Batch [115/300], Loss: 1.1686 (Overall: 0.8841, Change: 1.4756), TF Ratio: 0.917
[2026-06-14 17:55:35,711][root][INFO] - Epoch [2/5], Batch [116/300], Loss: 1.1678 (Overall: 0.8870, Change: 1.2658), TF Ratio: 0.917
[2026-06-14 17:55:35,868][root][INFO] - Epoch [2/5], Batch [117/300], Loss: 1.1649 (Overall: 0.8006, Change: 0.8620), TF Ratio: 0.917
[2026-06-14 17:55:36,022][root][INFO] - Epoch [2/5], Batch [118/300], Loss: 1.1656 (Overall: 0.9520, Change: 1.5305), TF Ratio: 0.916
[2026-06-14 17:55:36,176][root][INFO] - Epoch [2/5], Batch [119/300], Loss: 1.1644 (Overall: 0.7530, Change: 1.3115), TF Ratio: 0.916
[2026-06-14 17:55:36,330][root][INFO] - Epoch [2/5], Batch [120/300], Loss: 1.1609 (Overall: 0.7092, Change: 0.7712), TF Ratio: 0.916
[2026-06-14 17:55:36,485][root][INFO] - Epoch [2/5], Batch [121/300], Loss: 1.1689 (Overall: 0.9104, Change: 3.3594), TF Ratio: 0.916
[2026-06-14 17:55:36,639][root][INFO] - Epoch [2/5], Batch [122/300], Loss: 1.1667 (Overall: 0.6770, Change: 1.1005), TF Ratio: 0.916
[2026-06-14 17:55:36,793][root][INFO] - Epoch [2/5], Batch [123/300], Loss: 1.1659 (Overall: 0.7124, Change: 1.4360), TF Ratio: 0.915
[2026-06-14 17:55:44,078][root][INFO] - Epoch [2/5], Batch [124/300], Loss: 1.1644 (Overall: 0.8077, Change: 1.1560), TF Ratio: 0.915
[2026-06-14 17:55:44,236][root][INFO] - Epoch [2/5], Batch [125/300], Loss: 1.1647 (Overall: 0.9114, Change: 1.4884), TF Ratio: 0.915
[2026-06-14 17:55:44,388][root][INFO] - Epoch [2/5], Batch [126/300], Loss: 1.1660 (Overall: 0.9124, Change: 1.7376), TF Ratio: 0.915
[2026-06-14 17:55:44,541][root][INFO] - Epoch [2/5], Batch [127/300], Loss: 1.1669 (Overall: 1.0774, Change: 1.4779), TF Ratio: 0.915
[2026-06-14 17:55:59,279][root][INFO] - Epoch [2/5], Batch [128/300], Loss: 1.1659 (Overall: 0.8755, Change: 1.2194), TF Ratio: 0.914
[2026-06-14 17:55:59,442][root][INFO] - Epoch [2/5], Batch [129/300], Loss: 1.1645 (Overall: 0.7113, Change: 1.2493), TF Ratio: 0.914
[2026-06-14 17:55:59,595][root][INFO] - Epoch [2/5], Batch [130/300], Loss: 1.1638 (Overall: 0.6613, Change: 1.4834), TF Ratio: 0.914
[2026-06-14 17:55:59,748][root][INFO] - Epoch [2/5], Batch [131/300], Loss: 1.1630 (Overall: 0.5910, Change: 1.5282), TF Ratio: 0.914
[2026-06-14 17:55:59,902][root][INFO] - Epoch [2/5], Batch [132/300], Loss: 1.1632 (Overall: 0.7950, Change: 1.5907), TF Ratio: 0.914
[2026-06-14 17:56:00,056][root][INFO] - Epoch [2/5], Batch [133/300], Loss: 1.1632 (Overall: 0.6075, Change: 1.7176), TF Ratio: 0.913
[2026-06-14 17:56:00,209][root][INFO] - Epoch [2/5], Batch [134/300], Loss: 1.1624 (Overall: 0.9175, Change: 1.1986), TF Ratio: 0.913
[2026-06-14 17:56:00,361][root][INFO] - Epoch [2/5], Batch [135/300], Loss: 1.1643 (Overall: 1.0541, Change: 1.7744), TF Ratio: 0.913
[2026-06-14 17:56:05,853][root][INFO] - Epoch [2/5], Batch [136/300], Loss: 1.1663 (Overall: 1.2318, Change: 1.6541), TF Ratio: 0.913
[2026-06-14 17:56:06,008][root][INFO] - Epoch [2/5], Batch [137/300], Loss: 1.1687 (Overall: 1.2921, Change: 1.6793), TF Ratio: 0.913
[2026-06-14 17:56:06,162][root][INFO] - Epoch [2/5], Batch [138/300], Loss: 1.1678 (Overall: 0.8347, Change: 1.2742), TF Ratio: 0.912
[2026-06-14 17:56:06,316][root][INFO] - Epoch [2/5], Batch [139/300], Loss: 1.1673 (Overall: 0.6862, Change: 1.5045), TF Ratio: 0.912
[2026-06-14 17:56:33,392][root][INFO] - Epoch [2/5], Batch [140/300], Loss: 1.1687 (Overall: 1.0924, Change: 1.6399), TF Ratio: 0.912
[2026-06-14 17:56:33,550][root][INFO] - Epoch [2/5], Batch [141/300], Loss: 1.1673 (Overall: 0.9042, Change: 1.0355), TF Ratio: 0.912
[2026-06-14 17:56:33,702][root][INFO] - Epoch [2/5], Batch [142/300], Loss: 1.1679 (Overall: 0.8946, Change: 1.5987), TF Ratio: 0.912
[2026-06-14 17:56:33,855][root][INFO] - Epoch [2/5], Batch [143/300], Loss: 1.1661 (Overall: 0.5930, Change: 1.2328), TF Ratio: 0.911
[2026-06-14 17:56:34,010][root][INFO] - Epoch [2/5], Batch [144/300], Loss: 1.1672 (Overall: 0.9551, Change: 1.6861), TF Ratio: 0.911
[2026-06-14 17:56:34,162][root][INFO] - Epoch [2/5], Batch [145/300], Loss: 1.1660 (Overall: 0.7412, Change: 1.2470), TF Ratio: 0.911
[2026-06-14 17:56:34,315][root][INFO] - Epoch [2/5], Batch [146/300], Loss: 1.1650 (Overall: 0.8378, Change: 1.2018), TF Ratio: 0.911
[2026-06-14 17:56:34,467][root][INFO] - Epoch [2/5], Batch [147/300], Loss: 1.1646 (Overall: 0.8350, Change: 1.3961), TF Ratio: 0.911
[2026-06-14 17:56:34,624][root][INFO] - Epoch [2/5], Batch [148/300], Loss: 1.1664 (Overall: 1.0164, Change: 1.8217), TF Ratio: 0.910
[2026-06-14 17:56:34,778][root][INFO] - Epoch [2/5], Batch [149/300], Loss: 1.1654 (Overall: 0.5806, Change: 1.4635), TF Ratio: 0.910
[2026-06-14 17:56:34,930][root][INFO] - Epoch [2/5], Batch [150/300], Loss: 1.1635 (Overall: 0.6695, Change: 1.0872), TF Ratio: 0.910
[2026-06-14 17:56:35,083][root][INFO] - Epoch [2/5], Batch [151/300], Loss: 1.1633 (Overall: 0.8552, Change: 1.4325), TF Ratio: 0.910
[2026-06-14 17:56:56,383][root][INFO] - Epoch [2/5], Batch [152/300], Loss: 1.1636 (Overall: 0.6777, Change: 1.7190), TF Ratio: 0.910
[2026-06-14 17:56:56,539][root][INFO] - Epoch [2/5], Batch [153/300], Loss: 1.1626 (Overall: 0.7960, Change: 1.2259), TF Ratio: 0.909
[2026-06-14 17:56:56,691][root][INFO] - Epoch [2/5], Batch [154/300], Loss: 1.1626 (Overall: 0.8177, Change: 1.4988), TF Ratio: 0.909
[2026-06-14 17:56:56,844][root][INFO] - Epoch [2/5], Batch [155/300], Loss: 1.1620 (Overall: 0.6712, Change: 1.4927), TF Ratio: 0.909
[2026-06-14 17:56:56,998][root][INFO] - Epoch [2/5], Batch [156/300], Loss: 1.1625 (Overall: 0.9463, Change: 1.5170), TF Ratio: 0.909
[2026-06-14 17:56:57,151][root][INFO] - Epoch [2/5], Batch [157/300], Loss: 1.1625 (Overall: 0.7624, Change: 1.5618), TF Ratio: 0.909
[2026-06-14 17:56:57,305][root][INFO] - Epoch [2/5], Batch [158/300], Loss: 1.1691 (Overall: 0.9766, Change: 3.4282), TF Ratio: 0.908
[2026-06-14 17:56:57,457][root][INFO] - Epoch [2/5], Batch [159/300], Loss: 1.1697 (Overall: 1.0397, Change: 1.4933), TF Ratio: 0.908
[2026-06-14 17:56:57,611][root][INFO] - Epoch [2/5], Batch [160/300], Loss: 1.1691 (Overall: 0.6761, Change: 1.4663), TF Ratio: 0.908
[2026-06-14 17:56:57,765][root][INFO] - Epoch [2/5], Batch [161/300], Loss: 1.1698 (Overall: 0.8812, Change: 1.7066), TF Ratio: 0.908
[2026-06-14 17:56:57,918][root][INFO] - Epoch [2/5], Batch [162/300], Loss: 1.1714 (Overall: 1.3808, Change: 1.4731), TF Ratio: 0.908
[2026-06-14 17:56:58,071][root][INFO] - Epoch [2/5], Batch [163/300], Loss: 1.1705 (Overall: 0.6623, Change: 1.3912), TF Ratio: 0.907
[2026-06-14 17:57:22,901][root][INFO] - Epoch [2/5], Batch [164/300], Loss: 1.1701 (Overall: 0.6173, Change: 1.5746), TF Ratio: 0.907
[2026-06-14 17:57:23,059][root][INFO] - Epoch [2/5], Batch [165/300], Loss: 1.1699 (Overall: 0.7143, Change: 1.5636), TF Ratio: 0.907
[2026-06-14 17:57:23,214][root][INFO] - Epoch [2/5], Batch [166/300], Loss: 1.1697 (Overall: 0.6220, Change: 1.6691), TF Ratio: 0.907
[2026-06-14 17:57:23,366][root][INFO] - Epoch [2/5], Batch [167/300], Loss: 1.1698 (Overall: 0.6921, Change: 1.6658), TF Ratio: 0.907
[2026-06-14 17:57:23,524][root][INFO] - Epoch [2/5], Batch [168/300], Loss: 1.1700 (Overall: 0.8945, Change: 1.5067), TF Ratio: 0.906
[2026-06-14 17:57:23,678][root][INFO] - Epoch [2/5], Batch [169/300], Loss: 1.1686 (Overall: 0.7047, Change: 1.1813), TF Ratio: 0.906
[2026-06-14 17:57:23,831][root][INFO] - Epoch [2/5], Batch [170/300], Loss: 1.1692 (Overall: 0.9036, Change: 1.6118), TF Ratio: 0.906
[2026-06-14 17:57:23,994][root][INFO] - Epoch [2/5], Batch [171/300], Loss: 1.1682 (Overall: 0.6058, Change: 1.4172), TF Ratio: 0.906
[2026-06-14 17:57:24,149][root][INFO] - Epoch [2/5], Batch [172/300], Loss: 1.1674 (Overall: 0.6469, Change: 1.3900), TF Ratio: 0.906
[2026-06-14 17:57:24,305][root][INFO] - Epoch [2/5], Batch [173/300], Loss: 1.1663 (Overall: 0.5663, Change: 1.3956), TF Ratio: 0.905
[2026-06-14 17:57:24,459][root][INFO] - Epoch [2/5], Batch [174/300], Loss: 1.1651 (Overall: 0.7092, Change: 1.2191), TF Ratio: 0.905
[2026-06-14 17:57:24,612][root][INFO] - Epoch [2/5], Batch [175/300], Loss: 1.1652 (Overall: 1.2289, Change: 1.1343), TF Ratio: 0.905
[2026-06-14 17:57:38,581][root][INFO] - Epoch [2/5], Batch [176/300], Loss: 1.1655 (Overall: 0.8446, Change: 1.5843), TF Ratio: 0.905
[2026-06-14 17:57:38,738][root][INFO] - Epoch [2/5], Batch [177/300], Loss: 1.1656 (Overall: 0.7788, Change: 1.5739), TF Ratio: 0.905
[2026-06-14 17:57:38,898][root][INFO] - Epoch [2/5], Batch [178/300], Loss: 1.1660 (Overall: 0.8963, Change: 1.5980), TF Ratio: 0.904
[2026-06-14 17:57:39,051][root][INFO] - Epoch [2/5], Batch [179/300], Loss: 1.1683 (Overall: 1.4082, Change: 1.7369), TF Ratio: 0.904
[2026-06-14 17:57:39,205][root][INFO] - Epoch [2/5], Batch [180/300], Loss: 1.1670 (Overall: 0.7250, Change: 1.1437), TF Ratio: 0.904
[2026-06-14 17:57:39,371][root][INFO] - Epoch [2/5], Batch [181/300], Loss: 1.1666 (Overall: 0.7151, Change: 1.4834), TF Ratio: 0.904
[2026-06-14 17:57:39,524][root][INFO] - Epoch [2/5], Batch [182/300], Loss: 1.1674 (Overall: 1.0953, Change: 1.5140), TF Ratio: 0.904
[2026-06-14 17:57:39,677][root][INFO] - Epoch [2/5], Batch [183/300], Loss: 1.1685 (Overall: 1.1542, Change: 1.5857), TF Ratio: 0.903
[2026-06-14 17:57:39,833][root][INFO] - Epoch [2/5], Batch [184/300], Loss: 1.1684 (Overall: 0.9181, Change: 1.4026), TF Ratio: 0.903
[2026-06-14 17:57:39,987][root][INFO] - Epoch [2/5], Batch [185/300], Loss: 1.1686 (Overall: 0.9686, Change: 1.4339), TF Ratio: 0.903
[2026-06-14 17:57:40,140][root][INFO] - Epoch [2/5], Batch [186/300], Loss: 1.1669 (Overall: 0.7595, Change: 0.9296), TF Ratio: 0.903
[2026-06-14 17:57:40,297][root][INFO] - Epoch [2/5], Batch [187/300], Loss: 1.1659 (Overall: 0.8781, Change: 1.0856), TF Ratio: 0.903
[2026-06-14 17:57:57,053][root][INFO] - Epoch [2/5], Batch [188/300], Loss: 1.1664 (Overall: 0.5724, Change: 1.9410), TF Ratio: 0.902
[2026-06-14 17:57:57,210][root][INFO] - Epoch [2/5], Batch [189/300], Loss: 1.1662 (Overall: 0.8704, Change: 1.4001), TF Ratio: 0.902
[2026-06-14 17:57:57,363][root][INFO] - Epoch [2/5], Batch [190/300], Loss: 1.1659 (Overall: 0.5799, Change: 1.6481), TF Ratio: 0.902
[2026-06-14 17:57:57,516][root][INFO] - Epoch [2/5], Batch [191/300], Loss: 1.1647 (Overall: 0.5841, Change: 1.2668), TF Ratio: 0.902
[2026-06-14 17:57:57,671][root][INFO] - Epoch [2/5], Batch [192/300], Loss: 1.1645 (Overall: 0.9487, Change: 1.3106), TF Ratio: 0.902
[2026-06-14 17:57:57,824][root][INFO] - Epoch [2/5], Batch [193/300], Loss: 1.1653 (Overall: 1.1141, Change: 1.5247), TF Ratio: 0.901
[2026-06-14 17:57:57,977][root][INFO] - Epoch [2/5], Batch [194/300], Loss: 1.1658 (Overall: 1.0561, Change: 1.4731), TF Ratio: 0.901
[2026-06-14 17:57:58,129][root][INFO] - Epoch [2/5], Batch [195/300], Loss: 1.1654 (Overall: 0.8381, Change: 1.3259), TF Ratio: 0.901
[2026-06-14 17:57:58,291][root][INFO] - Epoch [2/5], Batch [196/300], Loss: 1.1651 (Overall: 0.7584, Change: 1.4683), TF Ratio: 0.901
[2026-06-14 17:57:58,448][root][INFO] - Epoch [2/5], Batch [197/300], Loss: 1.1646 (Overall: 0.7303, Change: 1.3821), TF Ratio: 0.901
[2026-06-14 17:57:58,601][root][INFO] - Epoch [2/5], Batch [198/300], Loss: 1.1647 (Overall: 0.7494, Change: 1.6459), TF Ratio: 0.900
[2026-06-14 17:57:58,754][root][INFO] - Epoch [2/5], Batch [199/300], Loss: 1.1636 (Overall: 0.6982, Change: 1.1801), TF Ratio: 0.900
[2026-06-14 17:58:17,686][root][INFO] - Epoch [2/5], Batch [200/300], Loss: 1.1636 (Overall: 0.9648, Change: 1.3612), TF Ratio: 0.900
[2026-06-14 17:58:17,842][root][INFO] - Epoch [2/5], Batch [201/300], Loss: 1.1661 (Overall: 0.7090, Change: 2.6239), TF Ratio: 0.900
[2026-06-14 17:58:17,995][root][INFO] - Epoch [2/5], Batch [202/300], Loss: 1.1663 (Overall: 0.7913, Change: 1.6100), TF Ratio: 0.900
[2026-06-14 17:58:18,149][root][INFO] - Epoch [2/5], Batch [203/300], Loss: 1.1647 (Overall: 0.6554, Change: 1.0472), TF Ratio: 0.899
[2026-06-14 17:58:18,303][root][INFO] - Epoch [2/5], Batch [204/300], Loss: 1.1636 (Overall: 0.8940, Change: 0.9912), TF Ratio: 0.899
[2026-06-14 17:58:18,457][root][INFO] - Epoch [2/5], Batch [205/300], Loss: 1.1632 (Overall: 0.8457, Change: 1.3162), TF Ratio: 0.899
[2026-06-14 17:58:18,611][root][INFO] - Epoch [2/5], Batch [206/300], Loss: 1.1630 (Overall: 0.8799, Change: 1.3657), TF Ratio: 0.899
[2026-06-14 17:58:18,764][root][INFO] - Epoch [2/5], Batch [207/300], Loss: 1.1619 (Overall: 0.9927, Change: 0.8780), TF Ratio: 0.899
[2026-06-14 17:58:18,921][root][INFO] - Epoch [2/5], Batch [208/300], Loss: 1.1606 (Overall: 0.6630, Change: 1.1312), TF Ratio: 0.898
[2026-06-14 17:58:19,076][root][INFO] - Epoch [2/5], Batch [209/300], Loss: 1.1600 (Overall: 1.0534, Change: 1.0113), TF Ratio: 0.898
[2026-06-14 17:58:19,233][root][INFO] - Epoch [2/5], Batch [210/300], Loss: 1.1598 (Overall: 1.0210, Change: 1.1919), TF Ratio: 0.898
[2026-06-14 17:58:19,385][root][INFO] - Epoch [2/5], Batch [211/300], Loss: 1.1593 (Overall: 0.8968, Change: 1.2057), TF Ratio: 0.898
[2026-06-14 17:58:38,694][root][INFO] - Epoch [2/5], Batch [212/300], Loss: 1.1574 (Overall: 0.6161, Change: 0.9325), TF Ratio: 0.898
[2026-06-14 17:58:38,850][root][INFO] - Epoch [2/5], Batch [213/300], Loss: 1.1567 (Overall: 0.5283, Change: 1.4570), TF Ratio: 0.897
[2026-06-14 17:58:39,003][root][INFO] - Epoch [2/5], Batch [214/300], Loss: 1.1564 (Overall: 0.9621, Change: 1.2562), TF Ratio: 0.897
[2026-06-14 17:58:39,155][root][INFO] - Epoch [2/5], Batch [215/300], Loss: 1.1563 (Overall: 0.8941, Change: 1.3384), TF Ratio: 0.897
[2026-06-14 17:58:39,309][root][INFO] - Epoch [2/5], Batch [216/300], Loss: 1.1569 (Overall: 1.0359, Change: 1.5737), TF Ratio: 0.897
[2026-06-14 17:58:39,463][root][INFO] - Epoch [2/5], Batch [217/300], Loss: 1.1558 (Overall: 0.6752, Change: 1.1439), TF Ratio: 0.897
[2026-06-14 17:58:39,617][root][INFO] - Epoch [2/5], Batch [218/300], Loss: 1.1550 (Overall: 0.8953, Change: 1.0708), TF Ratio: 0.896
[2026-06-14 17:58:39,769][root][INFO] - Epoch [2/5], Batch [219/300], Loss: 1.1552 (Overall: 0.8271, Change: 1.5787), TF Ratio: 0.896
[2026-06-14 17:58:39,929][root][INFO] - Epoch [2/5], Batch [220/300], Loss: 1.1557 (Overall: 0.9063, Change: 1.6117), TF Ratio: 0.896
[2026-06-14 17:58:40,084][root][INFO] - Epoch [2/5], Batch [221/300], Loss: 1.1577 (Overall: 0.7383, Change: 2.4463), TF Ratio: 0.896
[2026-06-14 17:58:40,236][root][INFO] - Epoch [2/5], Batch [222/300], Loss: 1.1581 (Overall: 0.9398, Change: 1.5422), TF Ratio: 0.896
[2026-06-14 17:58:40,389][root][INFO] - Epoch [2/5], Batch [223/300], Loss: 1.1586 (Overall: 1.0440, Change: 1.5261), TF Ratio: 0.895
[2026-06-14 17:58:53,230][root][INFO] - Epoch [2/5], Batch [224/300], Loss: 1.1590 (Overall: 0.9854, Change: 1.4860), TF Ratio: 0.895
[2026-06-14 17:58:53,386][root][INFO] - Epoch [2/5], Batch [225/300], Loss: 1.1575 (Overall: 0.7519, Change: 0.8860), TF Ratio: 0.895
[2026-06-14 17:58:53,539][root][INFO] - Epoch [2/5], Batch [226/300], Loss: 1.1574 (Overall: 0.7415, Change: 1.5314), TF Ratio: 0.895
[2026-06-14 17:58:53,693][root][INFO] - Epoch [2/5], Batch [227/300], Loss: 1.1572 (Overall: 0.7529, Change: 1.5047), TF Ratio: 0.895
[2026-06-14 17:58:53,863][root][INFO] - Epoch [2/5], Batch [228/300], Loss: 1.1576 (Overall: 0.7902, Change: 1.6699), TF Ratio: 0.894
[2026-06-14 17:58:54,017][root][INFO] - Epoch [2/5], Batch [229/300], Loss: 1.1582 (Overall: 1.1029, Change: 1.4986), TF Ratio: 0.894
[2026-06-14 17:58:54,171][root][INFO] - Epoch [2/5], Batch [230/300], Loss: 1.1581 (Overall: 0.6957, Change: 1.6000), TF Ratio: 0.894
[2026-06-14 17:58:54,324][root][INFO] - Epoch [2/5], Batch [231/300], Loss: 1.1577 (Overall: 0.8027, Change: 1.3060), TF Ratio: 0.894
[2026-06-14 17:58:58,313][root][INFO] - Epoch [2/5], Batch [232/300], Loss: 1.1571 (Overall: 0.9812, Change: 1.0391), TF Ratio: 0.894
[2026-06-14 17:58:58,469][root][INFO] - Epoch [2/5], Batch [233/300], Loss: 1.1569 (Overall: 0.7919, Change: 1.4543), TF Ratio: 0.893
[2026-06-14 17:58:58,622][root][INFO] - Epoch [2/5], Batch [234/300], Loss: 1.1558 (Overall: 0.6490, Change: 1.1434), TF Ratio: 0.893
[2026-06-14 17:58:58,774][root][INFO] - Epoch [2/5], Batch [235/300], Loss: 1.1555 (Overall: 0.7843, Change: 1.3771), TF Ratio: 0.893
[2026-06-14 17:59:04,373][root][INFO] - Epoch [2/5], Batch [236/300], Loss: 1.1559 (Overall: 0.9095, Change: 1.5968), TF Ratio: 0.893
[2026-06-14 17:59:04,528][root][INFO] - Epoch [2/5], Batch [237/300], Loss: 1.1563 (Overall: 0.9102, Change: 1.5768), TF Ratio: 0.893
[2026-06-14 17:59:04,681][root][INFO] - Epoch [2/5], Batch [238/300], Loss: 1.1562 (Overall: 0.7131, Change: 1.5750), TF Ratio: 0.892
[2026-06-14 17:59:04,834][root][INFO] - Epoch [2/5], Batch [239/300], Loss: 1.1569 (Overall: 0.9426, Change: 1.7069), TF Ratio: 0.892
[2026-06-14 17:59:04,989][root][INFO] - Epoch [2/5], Batch [240/300], Loss: 1.1566 (Overall: 0.9629, Change: 1.1971), TF Ratio: 0.892
[2026-06-14 17:59:05,144][root][INFO] - Epoch [2/5], Batch [241/300], Loss: 1.1561 (Overall: 0.6855, Change: 1.4037), TF Ratio: 0.892
[2026-06-14 17:59:05,297][root][INFO] - Epoch [2/5], Batch [242/300], Loss: 1.1559 (Overall: 0.8927, Change: 1.2897), TF Ratio: 0.892
[2026-06-14 17:59:05,450][root][INFO] - Epoch [2/5], Batch [243/300], Loss: 1.1563 (Overall: 0.6830, Change: 1.8348), TF Ratio: 0.891
[2026-06-14 17:59:23,733][root][INFO] - Epoch [2/5], Batch [244/300], Loss: 1.1557 (Overall: 0.5713, Change: 1.4574), TF Ratio: 0.891
[2026-06-14 17:59:23,891][root][INFO] - Epoch [2/5], Batch [245/300], Loss: 1.1555 (Overall: 0.6981, Change: 1.5243), TF Ratio: 0.891
[2026-06-14 17:59:24,046][root][INFO] - Epoch [2/5], Batch [246/300], Loss: 1.1558 (Overall: 0.9535, Change: 1.5074), TF Ratio: 0.891
[2026-06-14 17:59:24,199][root][INFO] - Epoch [2/5], Batch [247/300], Loss: 1.1556 (Overall: 0.9058, Change: 1.3096), TF Ratio: 0.891
[2026-06-14 17:59:24,367][root][INFO] - Epoch [2/5], Batch [248/300], Loss: 1.1552 (Overall: 0.6751, Change: 1.4177), TF Ratio: 0.890
[2026-06-14 17:59:24,521][root][INFO] - Epoch [2/5], Batch [249/300], Loss: 1.1555 (Overall: 1.1129, Change: 1.3734), TF Ratio: 0.890
[2026-06-14 17:59:24,674][root][INFO] - Epoch [2/5], Batch [250/300], Loss: 1.1551 (Overall: 0.7383, Change: 1.3605), TF Ratio: 0.890
[2026-06-14 17:59:24,827][root][INFO] - Epoch [2/5], Batch [251/300], Loss: 1.1553 (Overall: 0.7868, Change: 1.6015), TF Ratio: 0.890
[2026-06-14 17:59:24,985][root][INFO] - Epoch [2/5], Batch [252/300], Loss: 1.1551 (Overall: 0.8222, Change: 1.3772), TF Ratio: 0.890
[2026-06-14 17:59:25,140][root][INFO] - Epoch [2/5], Batch [253/300], Loss: 1.1549 (Overall: 0.9056, Change: 1.3376), TF Ratio: 0.889
[2026-06-14 17:59:25,293][root][INFO] - Epoch [2/5], Batch [254/300], Loss: 1.1549 (Overall: 0.8689, Change: 1.4463), TF Ratio: 0.889
[2026-06-14 17:59:25,447][root][INFO] - Epoch [2/5], Batch [255/300], Loss: 1.1555 (Overall: 0.8213, Change: 1.7995), TF Ratio: 0.889
[2026-06-14 17:59:34,992][root][INFO] - Epoch [2/5], Batch [256/300], Loss: 1.1556 (Overall: 0.9315, Change: 1.4171), TF Ratio: 0.889
[2026-06-14 17:59:35,150][root][INFO] - Epoch [2/5], Batch [257/300], Loss: 1.1550 (Overall: 0.8800, Change: 1.1220), TF Ratio: 0.889
[2026-06-14 17:59:35,322][root][INFO] - Epoch [2/5], Batch [258/300], Loss: 1.1555 (Overall: 0.9092, Change: 1.6511), TF Ratio: 0.888
[2026-06-14 17:59:35,474][root][INFO] - Epoch [2/5], Batch [259/300], Loss: 1.1554 (Overall: 0.6632, Change: 1.5765), TF Ratio: 0.888
[2026-06-14 17:59:47,723][root][INFO] - Epoch [2/5], Batch [260/300], Loss: 1.1555 (Overall: 1.0897, Change: 1.2981), TF Ratio: 0.888
[2026-06-14 17:59:47,880][root][INFO] - Epoch [2/5], Batch [261/300], Loss: 1.1566 (Overall: 0.9815, Change: 1.8790), TF Ratio: 0.888
[2026-06-14 17:59:48,032][root][INFO] - Epoch [2/5], Batch [262/300], Loss: 1.1567 (Overall: 0.9308, Change: 1.4434), TF Ratio: 0.888
[2026-06-14 17:59:48,185][root][INFO] - Epoch [2/5], Batch [263/300], Loss: 1.1558 (Overall: 0.4659, Change: 1.3884), TF Ratio: 0.887
[2026-06-14 17:59:48,339][root][INFO] - Epoch [2/5], Batch [264/300], Loss: 1.1560 (Overall: 0.8867, Change: 1.5409), TF Ratio: 0.887
[2026-06-14 17:59:48,492][root][INFO] - Epoch [2/5], Batch [265/300], Loss: 1.1553 (Overall: 0.6139, Change: 1.3045), TF Ratio: 0.887
[2026-06-14 17:59:49,915][root][INFO] - Epoch [2/5], Batch [266/300], Loss: 1.1550 (Overall: 0.7552, Change: 1.3893), TF Ratio: 0.887
[2026-06-14 17:59:50,068][root][INFO] - Epoch [2/5], Batch [267/300], Loss: 1.1556 (Overall: 1.2692, Change: 1.3646), TF Ratio: 0.887
[2026-06-14 17:59:54,742][root][INFO] - Epoch [2/5], Batch [268/300], Loss: 1.1551 (Overall: 0.8373, Change: 1.2047), TF Ratio: 0.886
[2026-06-14 17:59:54,896][root][INFO] - Epoch [2/5], Batch [269/300], Loss: 1.1550 (Overall: 0.7698, Change: 1.5250), TF Ratio: 0.886
[2026-06-14 17:59:55,048][root][INFO] - Epoch [2/5], Batch [270/300], Loss: 1.1539 (Overall: 0.7513, Change: 0.9176), TF Ratio: 0.886
[2026-06-14 17:59:55,200][root][INFO] - Epoch [2/5], Batch [271/300], Loss: 1.1530 (Overall: 0.8238, Change: 1.0198), TF Ratio: 0.886
[2026-06-14 18:00:09,356][root][INFO] - Epoch [2/5], Batch [272/300], Loss: 1.1532 (Overall: 0.8135, Change: 1.5846), TF Ratio: 0.886
[2026-06-14 18:00:09,513][root][INFO] - Epoch [2/5], Batch [273/300], Loss: 1.1534 (Overall: 0.7269, Change: 1.7149), TF Ratio: 0.885
[2026-06-14 18:00:09,666][root][INFO] - Epoch [2/5], Batch [274/300], Loss: 1.1534 (Overall: 0.8565, Change: 1.4393), TF Ratio: 0.885
[2026-06-14 18:00:09,818][root][INFO] - Epoch [2/5], Batch [275/300], Loss: 1.1530 (Overall: 0.6811, Change: 1.4173), TF Ratio: 0.885
[2026-06-14 18:00:09,972][root][INFO] - Epoch [2/5], Batch [276/300], Loss: 1.1527 (Overall: 0.6089, Change: 1.5429), TF Ratio: 0.885
[2026-06-14 18:00:10,125][root][INFO] - Epoch [2/5], Batch [277/300], Loss: 1.1541 (Overall: 1.3808, Change: 1.6588), TF Ratio: 0.885
[2026-06-14 18:00:10,279][root][INFO] - Epoch [2/5], Batch [278/300], Loss: 1.1539 (Overall: 0.6742, Change: 1.5186), TF Ratio: 0.884
[2026-06-14 18:00:10,432][root][INFO] - Epoch [2/5], Batch [279/300], Loss: 1.1528 (Overall: 0.6836, Change: 1.0333), TF Ratio: 0.884
[2026-06-14 18:00:17,969][root][INFO] - Epoch [2/5], Batch [280/300], Loss: 1.1526 (Overall: 0.8054, Change: 1.3985), TF Ratio: 0.884
[2026-06-14 18:00:18,124][root][INFO] - Epoch [2/5], Batch [281/300], Loss: 1.1525 (Overall: 0.8393, Change: 1.3739), TF Ratio: 0.884
[2026-06-14 18:00:18,278][root][INFO] - Epoch [2/5], Batch [282/300], Loss: 1.1517 (Overall: 0.7672, Change: 1.1171), TF Ratio: 0.884
[2026-06-14 18:00:18,431][root][INFO] - Epoch [2/5], Batch [283/300], Loss: 1.1508 (Overall: 0.6724, Change: 1.1257), TF Ratio: 0.883
[2026-06-14 18:00:30,614][root][INFO] - Epoch [2/5], Batch [284/300], Loss: 1.1509 (Overall: 0.7595, Change: 1.6158), TF Ratio: 0.883
[2026-06-14 18:00:30,770][root][INFO] - Epoch [2/5], Batch [285/300], Loss: 1.1512 (Overall: 0.8848, Change: 1.5857), TF Ratio: 0.883
[2026-06-14 18:00:30,922][root][INFO] - Epoch [2/5], Batch [286/300], Loss: 1.1509 (Overall: 0.7005, Change: 1.4238), TF Ratio: 0.883
[2026-06-14 18:00:31,075][root][INFO] - Epoch [2/5], Batch [287/300], Loss: 1.1506 (Overall: 0.7188, Change: 1.3823), TF Ratio: 0.883
[2026-06-14 18:00:31,229][root][INFO] - Epoch [2/5], Batch [288/300], Loss: 1.1507 (Overall: 0.8921, Change: 1.4626), TF Ratio: 0.882
[2026-06-14 18:00:31,384][root][INFO] - Epoch [2/5], Batch [289/300], Loss: 1.1503 (Overall: 0.7704, Change: 1.2999), TF Ratio: 0.882
[2026-06-14 18:00:31,537][root][INFO] - Epoch [2/5], Batch [290/300], Loss: 1.1500 (Overall: 0.7184, Change: 1.3998), TF Ratio: 0.882
[2026-06-14 18:00:31,690][root][INFO] - Epoch [2/5], Batch [291/300], Loss: 1.1490 (Overall: 0.5748, Change: 1.1609), TF Ratio: 0.882
[2026-06-14 18:00:36,897][root][INFO] - Epoch [2/5], Batch [292/300], Loss: 1.1486 (Overall: 0.6187, Change: 1.4723), TF Ratio: 0.882
[2026-06-14 18:00:37,052][root][INFO] - Epoch [2/5], Batch [293/300], Loss: 1.1486 (Overall: 0.6825, Change: 1.5940), TF Ratio: 0.881
[2026-06-14 18:00:37,205][root][INFO] - Epoch [2/5], Batch [294/300], Loss: 1.1479 (Overall: 0.6005, Change: 1.2931), TF Ratio: 0.881
[2026-06-14 18:00:37,359][root][INFO] - Epoch [2/5], Batch [295/300], Loss: 1.1477 (Overall: 0.8301, Change: 1.3359), TF Ratio: 0.881
[2026-06-14 18:00:46,496][root][INFO] - Epoch [2/5], Batch [296/300], Loss: 1.1472 (Overall: 0.8386, Change: 1.1518), TF Ratio: 0.881
[2026-06-14 18:00:46,653][root][INFO] - Epoch [2/5], Batch [297/300], Loss: 1.1472 (Overall: 0.8100, Change: 1.5012), TF Ratio: 0.881
[2026-06-14 18:00:46,806][root][INFO] - Epoch [2/5], Batch [298/300], Loss: 1.1487 (Overall: 1.5672, Change: 1.6277), TF Ratio: 0.880
[2026-06-14 18:00:46,960][root][INFO] - Epoch [2/5], Batch [299/300], Loss: 1.1484 (Overall: 0.6629, Change: 1.4258), TF Ratio: 0.880
[2026-06-14 18:00:47,119][root][INFO] - Epoch [2/5], Batch [300/300], Loss: 1.1483 (Overall: 0.9178, Change: 1.3396), TF Ratio: 0.880
[2026-06-14 18:01:00,473][root][INFO] - Epoch 2 done. Validating...
[2026-06-14 18:01:41,547][root][INFO] - Epoch [2/5] | Train: 1.1437 | Val: 0.6984
[2026-06-14 18:01:41,768][root][INFO] - Checkpoint saved: /gpfs/scratch/bsc32/bsc096444/ai4land-tfm/trained_models/unet_impl/41788799/best_model.pth
[2026-06-14 18:01:41,977][root][INFO] - Checkpoint saved: /gpfs/scratch/bsc32/bsc096444/ai4land-tfm/trained_models/unet_impl/41788799/model_epoch_2.pth
[2026-06-14 18:02:09,730][root][INFO] - Epoch [3/5], Batch [1/300], Loss: 1.1075 (Overall: 1.0286, Change: 1.1865), TF Ratio: 0.880
[2026-06-14 18:02:09,884][root][INFO] - Epoch [3/5], Batch [2/300], Loss: 1.1485 (Overall: 0.8177, Change: 1.5612), TF Ratio: 0.880
[2026-06-14 18:02:10,036][root][INFO] - Epoch [3/5], Batch [3/300], Loss: 1.1414 (Overall: 0.9860, Change: 1.2684), TF Ratio: 0.879
[2026-06-14 18:02:13,521][root][INFO] - Epoch [3/5], Batch [4/300], Loss: 1.1005 (Overall: 0.8438, Change: 1.1116), TF Ratio: 0.879
[2026-06-14 18:02:13,676][root][INFO] - Epoch [3/5], Batch [5/300], Loss: 1.0981 (Overall: 0.7787, Change: 1.3986), TF Ratio: 0.879
[2026-06-14 18:02:13,829][root][INFO] - Epoch [3/5], Batch [6/300], Loss: 1.1130 (Overall: 1.1281, Change: 1.2471), TF Ratio: 0.879
[2026-06-14 18:02:13,992][root][INFO] - Epoch [3/5], Batch [7/300], Loss: 1.1074 (Overall: 0.6523, Change: 1.4949), TF Ratio: 0.879
[2026-06-14 18:02:14,163][root][INFO] - Epoch [3/5], Batch [8/300], Loss: 1.1003 (Overall: 0.6387, Change: 1.4624), TF Ratio: 0.878
[2026-06-14 18:02:14,318][root][INFO] - Epoch [3/5], Batch [9/300], Loss: 1.1253 (Overall: 1.0722, Change: 1.5793), TF Ratio: 0.878
[2026-06-14 18:02:14,472][root][INFO] - Epoch [3/5], Batch [10/300], Loss: 1.1396 (Overall: 0.5619, Change: 1.9748), TF Ratio: 0.878
[2026-06-14 18:02:14,626][root][INFO] - Epoch [3/5], Batch [11/300], Loss: 1.1077 (Overall: 0.5739, Change: 1.0036), TF Ratio: 0.878
[2026-06-14 18:02:35,651][root][INFO] - Epoch [3/5], Batch [12/300], Loss: 1.1048 (Overall: 0.9152, Change: 1.2304), TF Ratio: 0.878
[2026-06-14 18:02:35,810][root][INFO] - Epoch [3/5], Batch [13/300], Loss: 1.0888 (Overall: 0.5739, Change: 1.2195), TF Ratio: 0.877
[2026-06-14 18:02:35,963][root][INFO] - Epoch [3/5], Batch [14/300], Loss: 1.0816 (Overall: 0.6377, Change: 1.3370), TF Ratio: 0.877
[2026-06-14 18:02:36,116][root][INFO] - Epoch [3/5], Batch [15/300], Loss: 1.0972 (Overall: 0.5811, Change: 2.0502), TF Ratio: 0.877
[2026-06-14 18:02:36,288][root][INFO] - Epoch [3/5], Batch [16/300], Loss: 1.0980 (Overall: 0.8269, Change: 1.3929), TF Ratio: 0.877
[2026-06-14 18:02:41,284][root][INFO] - Epoch [3/5], Batch [17/300], Loss: 1.1004 (Overall: 0.7829, Change: 1.4946), TF Ratio: 0.877
[2026-06-14 18:02:41,437][root][INFO] - Epoch [3/5], Batch [18/300], Loss: 1.1109 (Overall: 0.9973, Change: 1.5833), TF Ratio: 0.876
[2026-06-14 18:02:41,590][root][INFO] - Epoch [3/5], Batch [19/300], Loss: 1.1110 (Overall: 0.8674, Change: 1.3591), TF Ratio: 0.876
[2026-06-14 18:02:41,744][root][INFO] - Epoch [3/5], Batch [20/300], Loss: 1.1106 (Overall: 0.7571, Change: 1.4488), TF Ratio: 0.876
[2026-06-14 18:02:49,719][root][INFO] - Epoch [3/5], Batch [21/300], Loss: 1.1195 (Overall: 0.9638, Change: 1.6290), TF Ratio: 0.876
[2026-06-14 18:02:49,873][root][INFO] - Epoch [3/5], Batch [22/300], Loss: 1.1191 (Overall: 0.9167, Change: 1.3034), TF Ratio: 0.876
[2026-06-14 18:02:50,026][root][INFO] - Epoch [3/5], Batch [23/300], Loss: 1.1132 (Overall: 0.7832, Change: 1.1847), TF Ratio: 0.875
[2026-06-14 18:02:59,471][root][INFO] - Epoch [3/5], Batch [24/300], Loss: 1.1094 (Overall: 0.7423, Change: 1.3002), TF Ratio: 0.875
[2026-06-14 18:02:59,631][root][INFO] - Epoch [3/5], Batch [25/300], Loss: 1.1124 (Overall: 0.7544, Change: 1.6180), TF Ratio: 0.875
[2026-06-14 18:02:59,794][root][INFO] - Epoch [3/5], Batch [26/300], Loss: 1.1135 (Overall: 1.0575, Change: 1.2227), TF Ratio: 0.875
[2026-06-14 18:02:59,947][root][INFO] - Epoch [3/5], Batch [27/300], Loss: 1.1211 (Overall: 1.0655, Change: 1.5723), TF Ratio: 0.875
[2026-06-14 18:03:00,677][root][INFO] - Epoch [3/5], Batch [28/300], Loss: 1.1190 (Overall: 0.8546, Change: 1.2685), TF Ratio: 0.874
[2026-06-14 18:03:00,832][root][INFO] - Epoch [3/5], Batch [29/300], Loss: 1.1147 (Overall: 0.9007, Change: 1.0871), TF Ratio: 0.874
[2026-06-14 18:03:00,987][root][INFO] - Epoch [3/5], Batch [30/300], Loss: 1.1113 (Overall: 0.6690, Change: 1.3576), TF Ratio: 0.874
[2026-06-14 18:03:01,140][root][INFO] - Epoch [3/5], Batch [31/300], Loss: 1.1073 (Overall: 0.8413, Change: 1.1374), TF Ratio: 0.874
[2026-06-14 18:03:03,207][root][INFO] - Epoch [3/5], Batch [32/300], Loss: 1.1105 (Overall: 0.8527, Change: 1.5631), TF Ratio: 0.874
[2026-06-14 18:03:03,361][root][INFO] - Epoch [3/5], Batch [33/300], Loss: 1.1159 (Overall: 1.1199, Change: 1.4575), TF Ratio: 0.873
[2026-06-14 18:03:03,514][root][INFO] - Epoch [3/5], Batch [34/300], Loss: 1.1127 (Overall: 0.6179, Change: 1.3986), TF Ratio: 0.873
[2026-06-14 18:03:03,668][root][INFO] - Epoch [3/5], Batch [35/300], Loss: 1.1153 (Overall: 1.1236, Change: 1.2819), TF Ratio: 0.873
[2026-06-14 18:03:24,454][root][INFO] - Epoch [3/5], Batch [36/300], Loss: 1.1092 (Overall: 0.9507, Change: 0.8403), TF Ratio: 0.873
[2026-06-14 18:03:24,615][root][INFO] - Epoch [3/5], Batch [37/300], Loss: 1.1164 (Overall: 1.1254, Change: 1.6281), TF Ratio: 0.873
[2026-06-14 18:03:24,769][root][INFO] - Epoch [3/5], Batch [38/300], Loss: 1.1185 (Overall: 0.7463, Change: 1.6437), TF Ratio: 0.872
[2026-06-14 18:03:24,923][root][INFO] - Epoch [3/5], Batch [39/300], Loss: 1.1182 (Overall: 0.8719, Change: 1.3401), TF Ratio: 0.872
[2026-06-14 18:03:29,945][root][INFO] - Epoch [3/5], Batch [40/300], Loss: 1.1134 (Overall: 0.6603, Change: 1.1955), TF Ratio: 0.872
[2026-06-14 18:03:30,104][root][INFO] - Epoch [3/5], Batch [41/300], Loss: 1.1119 (Overall: 0.8619, Change: 1.2413), TF Ratio: 0.872
[2026-06-14 18:03:30,256][root][INFO] - Epoch [3/5], Batch [42/300], Loss: 1.1131 (Overall: 0.9104, Change: 1.4131), TF Ratio: 0.872
[2026-06-14 18:03:30,408][root][INFO] - Epoch [3/5], Batch [43/300], Loss: 1.1129 (Overall: 0.6943, Change: 1.5121), TF Ratio: 0.871
[2026-06-14 18:03:30,561][root][INFO] - Epoch [3/5], Batch [44/300], Loss: 1.1150 (Overall: 0.7663, Change: 1.6438), TF Ratio: 0.871
[2026-06-14 18:03:37,828][root][INFO] - Epoch [3/5], Batch [45/300], Loss: 1.1077 (Overall: 0.5508, Change: 1.0285), TF Ratio: 0.871
[2026-06-14 18:03:37,981][root][INFO] - Epoch [3/5], Batch [46/300], Loss: 1.1099 (Overall: 1.0716, Change: 1.3405), TF Ratio: 0.871
[2026-06-14 18:03:38,135][root][INFO] - Epoch [3/5], Batch [47/300], Loss: 1.1117 (Overall: 0.8571, Change: 1.5367), TF Ratio: 0.871
[2026-06-14 18:03:56,769][root][INFO] - Epoch [3/5], Batch [48/300], Loss: 1.1083 (Overall: 0.7315, Change: 1.1677), TF Ratio: 0.870
[2026-06-14 18:03:56,927][root][INFO] - Epoch [3/5], Batch [49/300], Loss: 1.1167 (Overall: 0.8913, Change: 2.1476), TF Ratio: 0.870
[2026-06-14 18:03:57,079][root][INFO] - Epoch [3/5], Batch [50/300], Loss: 1.1184 (Overall: 0.9458, Change: 1.4570), TF Ratio: 0.870
[2026-06-14 18:03:57,232][root][INFO] - Epoch [3/5], Batch [51/300], Loss: 1.1056 (Overall: 0.9301, Change: 0.0000), TF Ratio: 0.870
[2026-06-14 18:03:57,386][root][INFO] - Epoch [3/5], Batch [52/300], Loss: 1.1037 (Overall: 0.7498, Change: 1.2654), TF Ratio: 0.870
[2026-06-14 18:03:57,540][root][INFO] - Epoch [3/5], Batch [53/300], Loss: 1.1209 (Overall: 0.4364, Change: 3.5956), TF Ratio: 0.869
[2026-06-14 18:03:57,694][root][INFO] - Epoch [3/5], Batch [54/300], Loss: 1.1393 (Overall: 1.7444, Change: 2.4786), TF Ratio: 0.869
[2026-06-14 18:03:57,847][root][INFO] - Epoch [3/5], Batch [55/300], Loss: 1.1378 (Overall: 0.7354, Change: 1.3744), TF Ratio: 0.869
[2026-06-14 18:03:58,895][root][INFO] - Epoch [3/5], Batch [56/300], Loss: 1.1376 (Overall: 0.8206, Change: 1.4426), TF Ratio: 0.869
[2026-06-14 18:04:02,575][root][INFO] - Epoch [3/5], Batch [57/300], Loss: 1.1347 (Overall: 0.5311, Change: 1.4080), TF Ratio: 0.869
[2026-06-14 18:04:02,729][root][INFO] - Epoch [3/5], Batch [58/300], Loss: 1.1352 (Overall: 1.1626, Change: 1.1696), TF Ratio: 0.868
[2026-06-14 18:04:02,882][root][INFO] - Epoch [3/5], Batch [59/300], Loss: 1.1300 (Overall: 0.6452, Change: 1.0053), TF Ratio: 0.868
[2026-06-14 18:04:07,620][root][INFO] - Epoch [3/5], Batch [60/300], Loss: 1.1292 (Overall: 0.4511, Change: 1.7143), TF Ratio: 0.868
[2026-06-14 18:04:07,774][root][INFO] - Epoch [3/5], Batch [61/300], Loss: 1.1271 (Overall: 0.4885, Change: 1.5115), TF Ratio: 0.868
[2026-06-14 18:04:07,927][root][INFO] - Epoch [3/5], Batch [62/300], Loss: 1.1233 (Overall: 0.6941, Change: 1.0900), TF Ratio: 0.868
[2026-06-14 18:04:08,080][root][INFO] - Epoch [3/5], Batch [63/300], Loss: 1.1257 (Overall: 0.9512, Change: 1.6051), TF Ratio: 0.867
[2026-06-14 18:04:13,800][root][INFO] - Epoch [3/5], Batch [64/300], Loss: 1.1282 (Overall: 0.9758, Change: 1.5959), TF Ratio: 0.867
[2026-06-14 18:04:13,956][root][INFO] - Epoch [3/5], Batch [65/300], Loss: 1.1272 (Overall: 0.7841, Change: 1.3340), TF Ratio: 0.867
[2026-06-14 18:04:14,110][root][INFO] - Epoch [3/5], Batch [66/300], Loss: 1.1273 (Overall: 0.8828, Change: 1.3924), TF Ratio: 0.867
[2026-06-14 18:04:14,263][root][INFO] - Epoch [3/5], Batch [67/300], Loss: 1.1293 (Overall: 0.7691, Change: 1.7469), TF Ratio: 0.867
[2026-06-14 18:04:31,927][root][INFO] - Epoch [3/5], Batch [68/300], Loss: 1.1334 (Overall: 1.2244, Change: 1.6002), TF Ratio: 0.866
[2026-06-14 18:04:32,084][root][INFO] - Epoch [3/5], Batch [69/300], Loss: 1.1304 (Overall: 0.7498, Change: 1.0967), TF Ratio: 0.866
[2026-06-14 18:04:32,237][root][INFO] - Epoch [3/5], Batch [70/300], Loss: 1.1267 (Overall: 0.5345, Change: 1.2020), TF Ratio: 0.866
[2026-06-14 18:04:32,391][root][INFO] - Epoch [3/5], Batch [71/300], Loss: 1.1255 (Overall: 0.4414, Change: 1.6523), TF Ratio: 0.866
[2026-06-14 18:04:34,305][root][INFO] - Epoch [3/5], Batch [72/300], Loss: 1.1224 (Overall: 0.6915, Change: 1.1115), TF Ratio: 0.866
[2026-06-14 18:04:34,460][root][INFO] - Epoch [3/5], Batch [73/300], Loss: 1.1230 (Overall: 0.6285, Change: 1.6985), TF Ratio: 0.865
[2026-06-14 18:04:34,613][root][INFO] - Epoch [3/5], Batch [74/300], Loss: 1.1242 (Overall: 0.9600, Change: 1.4640), TF Ratio: 0.865
[2026-06-14 18:04:34,765][root][INFO] - Epoch [3/5], Batch [75/300], Loss: 1.1274 (Overall: 0.7834, Change: 1.9421), TF Ratio: 0.865
[2026-06-14 18:04:39,265][root][INFO] - Epoch [3/5], Batch [76/300], Loss: 1.1294 (Overall: 1.0392, Change: 1.5201), TF Ratio: 0.865
[2026-06-14 18:04:39,426][root][INFO] - Epoch [3/5], Batch [77/300], Loss: 1.1296 (Overall: 0.7460, Change: 1.5531), TF Ratio: 0.865
[2026-06-14 18:04:39,581][root][INFO] - Epoch [3/5], Batch [78/300], Loss: 1.1272 (Overall: 0.5100, Change: 1.3638), TF Ratio: 0.864
[2026-06-14 18:04:39,734][root][INFO] - Epoch [3/5], Batch [79/300], Loss: 1.1284 (Overall: 0.8287, Change: 1.6183), TF Ratio: 0.864
[2026-06-14 18:04:49,741][root][INFO] - Epoch [3/5], Batch [80/300], Loss: 1.1251 (Overall: 0.7240, Change: 1.0114), TF Ratio: 0.864
[2026-06-14 18:04:49,899][root][INFO] - Epoch [3/5], Batch [81/300], Loss: 1.1245 (Overall: 0.6609, Change: 1.4849), TF Ratio: 0.864
[2026-06-14 18:04:50,052][root][INFO] - Epoch [3/5], Batch [82/300], Loss: 1.1227 (Overall: 0.5859, Change: 1.3758), TF Ratio: 0.864
[2026-06-14 18:04:50,205][root][INFO] - Epoch [3/5], Batch [83/300], Loss: 1.1219 (Overall: 0.8472, Change: 1.2687), TF Ratio: 0.863
[2026-06-14 18:04:50,799][root][INFO] - Epoch [3/5], Batch [84/300], Loss: 1.1232 (Overall: 1.0463, Change: 1.4056), TF Ratio: 0.863
[2026-06-14 18:04:50,954][root][INFO] - Epoch [3/5], Batch [85/300], Loss: 1.1297 (Overall: 1.5971, Change: 1.7503), TF Ratio: 0.863
[2026-06-14 18:04:51,107][root][INFO] - Epoch [3/5], Batch [86/300], Loss: 1.1296 (Overall: 0.8661, Change: 1.3780), TF Ratio: 0.863
[2026-06-14 18:04:51,259][root][INFO] - Epoch [3/5], Batch [87/300], Loss: 1.1267 (Overall: 0.7687, Change: 0.9830), TF Ratio: 0.863
[2026-06-14 18:04:51,995][root][INFO] - Epoch [3/5], Batch [88/300], Loss: 1.1248 (Overall: 0.6739, Change: 1.2571), TF Ratio: 0.862
[2026-06-14 18:04:52,153][root][INFO] - Epoch [3/5], Batch [89/300], Loss: 1.1253 (Overall: 0.6862, Change: 1.6414), TF Ratio: 0.862
[2026-06-14 18:04:58,442][root][INFO] - Epoch [3/5], Batch [90/300], Loss: 1.1258 (Overall: 0.8255, Change: 1.5218), TF Ratio: 0.862
[2026-06-14 18:04:58,595][root][INFO] - Epoch [3/5], Batch [91/300], Loss: 1.1267 (Overall: 0.7593, Change: 1.6606), TF Ratio: 0.862
[2026-06-14 18:05:04,513][root][INFO] - Epoch [3/5], Batch [92/300], Loss: 1.1241 (Overall: 0.5770, Change: 1.1917), TF Ratio: 0.862
[2026-06-14 18:05:04,668][root][INFO] - Epoch [3/5], Batch [93/300], Loss: 1.1246 (Overall: 0.9459, Change: 1.3990), TF Ratio: 0.861
[2026-06-14 18:05:04,821][root][INFO] - Epoch [3/5], Batch [94/300], Loss: 1.1223 (Overall: 0.7238, Change: 1.0990), TF Ratio: 0.861
[2026-06-14 18:05:04,975][root][INFO] - Epoch [3/5], Batch [95/300], Loss: 1.1251 (Overall: 1.1739, Change: 1.6006), TF Ratio: 0.861
[2026-06-14 18:05:09,148][root][INFO] - Epoch [3/5], Batch [96/300], Loss: 1.1236 (Overall: 0.5622, Change: 1.3977), TF Ratio: 0.861
[2026-06-14 18:05:09,308][root][INFO] - Epoch [3/5], Batch [97/300], Loss: 1.1230 (Overall: 0.6429, Change: 1.4855), TF Ratio: 0.861
[2026-06-14 18:05:09,461][root][INFO] - Epoch [3/5], Batch [98/300], Loss: 1.1222 (Overall: 0.8249, Change: 1.2674), TF Ratio: 0.860
[2026-06-14 18:05:09,612][root][INFO] - Epoch [3/5], Batch [99/300], Loss: 1.1229 (Overall: 1.2631, Change: 1.1131), TF Ratio: 0.860
[2026-06-14 18:05:14,012][root][INFO] - Epoch [3/5], Batch [100/300], Loss: 1.1259 (Overall: 1.2829, Change: 1.5723), TF Ratio: 0.860
[2026-06-14 18:05:14,167][root][INFO] - Epoch [3/5], Batch [101/300], Loss: 1.1227 (Overall: 0.5795, Change: 1.0133), TF Ratio: 0.860
[2026-06-14 18:05:29,799][root][INFO] - Epoch [3/5], Batch [102/300], Loss: 1.1222 (Overall: 0.8338, Change: 1.3089), TF Ratio: 0.860
[2026-06-14 18:05:29,954][root][INFO] - Epoch [3/5], Batch [103/300], Loss: 1.1210 (Overall: 0.6534, Change: 1.3563), TF Ratio: 0.859
[2026-06-14 18:05:30,109][root][INFO] - Epoch [3/5], Batch [104/300], Loss: 1.1208 (Overall: 0.9619, Change: 1.2348), TF Ratio: 0.859
[2026-06-14 18:05:30,263][root][INFO] - Epoch [3/5], Batch [105/300], Loss: 1.1176 (Overall: 0.7187, Change: 0.8438), TF Ratio: 0.859
[2026-06-14 18:05:30,416][root][INFO] - Epoch [3/5], Batch [106/300], Loss: 1.1177 (Overall: 0.7667, Change: 1.4880), TF Ratio: 0.859
[2026-06-14 18:05:30,569][root][INFO] - Epoch [3/5], Batch [107/300], Loss: 1.1179 (Overall: 0.7559, Change: 1.5294), TF Ratio: 0.859
[2026-06-14 18:05:30,725][root][INFO] - Epoch [3/5], Batch [108/300], Loss: 1.1172 (Overall: 0.9249, Change: 1.1600), TF Ratio: 0.858
[2026-06-14 18:05:30,879][root][INFO] - Epoch [3/5], Batch [109/300], Loss: 1.1169 (Overall: 0.9866, Change: 1.1817), TF Ratio: 0.858
[2026-06-14 18:05:31,032][root][INFO] - Epoch [3/5], Batch [110/300], Loss: 1.1153 (Overall: 0.7742, Change: 1.1033), TF Ratio: 0.858
[2026-06-14 18:05:31,186][root][INFO] - Epoch [3/5], Batch [111/300], Loss: 1.1181 (Overall: 0.7183, Change: 2.1332), TF Ratio: 0.858
[2026-06-14 18:05:31,340][root][INFO] - Epoch [3/5], Batch [112/300], Loss: 1.1192 (Overall: 1.0248, Change: 1.4528), TF Ratio: 0.858
[2026-06-14 18:05:31,493][root][INFO] - Epoch [3/5], Batch [113/300], Loss: 1.1178 (Overall: 0.9078, Change: 1.0291), TF Ratio: 0.857
[2026-06-14 18:05:48,760][root][INFO] - Epoch [3/5], Batch [114/300], Loss: 1.1161 (Overall: 0.5643, Change: 1.2896), TF Ratio: 0.857
[2026-06-14 18:05:48,914][root][INFO] - Epoch [3/5], Batch [115/300], Loss: 1.1182 (Overall: 1.1554, Change: 1.5487), TF Ratio: 0.857
[2026-06-14 18:05:49,070][root][INFO] - Epoch [3/5], Batch [116/300], Loss: 1.1191 (Overall: 1.0641, Change: 1.3793), TF Ratio: 0.857
[2026-06-14 18:05:49,226][root][INFO] - Epoch [3/5], Batch [117/300], Loss: 1.1170 (Overall: 0.5492, Change: 1.1941), TF Ratio: 0.857
[2026-06-14 18:05:49,379][root][INFO] - Epoch [3/5], Batch [118/300], Loss: 1.1169 (Overall: 0.7288, Change: 1.4879), TF Ratio: 0.856
[2026-06-14 18:05:49,533][root][INFO] - Epoch [3/5], Batch [119/300], Loss: 1.1168 (Overall: 0.8032, Change: 1.3963), TF Ratio: 0.856
[2026-06-14 18:05:49,690][root][INFO] - Epoch [3/5], Batch [120/300], Loss: 1.1175 (Overall: 0.8598, Change: 1.5411), TF Ratio: 0.856
[2026-06-14 18:05:49,844][root][INFO] - Epoch [3/5], Batch [121/300], Loss: 1.1177 (Overall: 0.9615, Change: 1.3264), TF Ratio: 0.856
[2026-06-14 18:05:49,997][root][INFO] - Epoch [3/5], Batch [122/300], Loss: 1.1201 (Overall: 1.0116, Change: 1.8077), TF Ratio: 0.856
[2026-06-14 18:05:50,150][root][INFO] - Epoch [3/5], Batch [123/300], Loss: 1.1196 (Overall: 0.9193, Change: 1.2040), TF Ratio: 0.855
[2026-06-14 18:05:50,313][root][INFO] - Epoch [3/5], Batch [124/300], Loss: 1.1208 (Overall: 0.9294, Change: 1.6088), TF Ratio: 0.855
[2026-06-14 18:05:50,466][root][INFO] - Epoch [3/5], Batch [125/300], Loss: 1.1212 (Overall: 0.6745, Change: 1.6791), TF Ratio: 0.855
[2026-06-14 18:06:05,682][root][INFO] - Epoch [3/5], Batch [126/300], Loss: 1.1219 (Overall: 0.7351, Change: 1.6827), TF Ratio: 0.855
[2026-06-14 18:06:05,836][root][INFO] - Epoch [3/5], Batch [127/300], Loss: 1.1215 (Overall: 0.7468, Change: 1.3868), TF Ratio: 0.855
[2026-06-14 18:06:05,990][root][INFO] - Epoch [3/5], Batch [128/300], Loss: 1.1189 (Overall: 0.5859, Change: 0.9778), TF Ratio: 0.854
[2026-06-14 18:06:06,144][root][INFO] - Epoch [3/5], Batch [129/300], Loss: 1.1192 (Overall: 1.0991, Change: 1.2334), TF Ratio: 0.854
[2026-06-14 18:06:06,297][root][INFO] - Epoch [3/5], Batch [130/300], Loss: 1.1187 (Overall: 0.7907, Change: 1.3211), TF Ratio: 0.854
[2026-06-14 18:06:06,451][root][INFO] - Epoch [3/5], Batch [131/300], Loss: 1.1180 (Overall: 0.8515, Change: 1.1832), TF Ratio: 0.854
[2026-06-14 18:06:06,621][root][INFO] - Epoch [3/5], Batch [132/300], Loss: 1.1200 (Overall: 1.3925, Change: 1.3832), TF Ratio: 0.854
[2026-06-14 18:06:06,775][root][INFO] - Epoch [3/5], Batch [133/300], Loss: 1.1217 (Overall: 0.7444, Change: 1.9469), TF Ratio: 0.853
[2026-06-14 18:06:06,928][root][INFO] - Epoch [3/5], Batch [134/300], Loss: 1.1220 (Overall: 0.6656, Change: 1.6450), TF Ratio: 0.853
[2026-06-14 18:06:07,082][root][INFO] - Epoch [3/5], Batch [135/300], Loss: 1.1234 (Overall: 0.9546, Change: 1.6860), TF Ratio: 0.853
[2026-06-14 18:06:07,236][root][INFO] - Epoch [3/5], Batch [136/300], Loss: 1.1247 (Overall: 1.0477, Change: 1.5465), TF Ratio: 0.853
[2026-06-14 18:06:07,408][root][INFO] - Epoch [3/5], Batch [137/300], Loss: 1.1235 (Overall: 0.7510, Change: 1.1598), TF Ratio: 0.853
[2026-06-14 18:06:19,061][root][INFO] - Epoch [3/5], Batch [138/300], Loss: 1.1237 (Overall: 0.8449, Change: 1.4795), TF Ratio: 0.852
[2026-06-14 18:06:19,216][root][INFO] - Epoch [3/5], Batch [139/300], Loss: 1.1221 (Overall: 0.6471, Change: 1.1528), TF Ratio: 0.852
[2026-06-14 18:06:19,372][root][INFO] - Epoch [3/5], Batch [140/300], Loss: 1.1233 (Overall: 0.9063, Change: 1.6710), TF Ratio: 0.852
[2026-06-14 18:06:19,526][root][INFO] - Epoch [3/5], Batch [141/300], Loss: 1.1223 (Overall: 0.6047, Change: 1.3486), TF Ratio: 0.852
[2026-06-14 18:06:19,679][root][INFO] - Epoch [3/5], Batch [142/300], Loss: 1.1213 (Overall: 0.7467, Change: 1.2265), TF Ratio: 0.852
[2026-06-14 18:06:19,833][root][INFO] - Epoch [3/5], Batch [143/300], Loss: 1.1216 (Overall: 0.6398, Change: 1.6878), TF Ratio: 0.851
[2026-06-14 18:06:19,987][root][INFO] - Epoch [3/5], Batch [144/300], Loss: 1.1205 (Overall: 0.6628, Change: 1.2629), TF Ratio: 0.851
[2026-06-14 18:06:20,141][root][INFO] - Epoch [3/5], Batch [145/300], Loss: 1.1205 (Overall: 0.6872, Change: 1.5497), TF Ratio: 0.851
[2026-06-14 18:06:20,295][root][INFO] - Epoch [3/5], Batch [146/300], Loss: 1.1222 (Overall: 1.2355, Change: 1.4944), TF Ratio: 0.851
[2026-06-14 18:06:20,455][root][INFO] - Epoch [3/5], Batch [147/300], Loss: 1.1226 (Overall: 0.7710, Change: 1.5840), TF Ratio: 0.851
[2026-06-14 18:06:20,610][root][INFO] - Epoch [3/5], Batch [148/300], Loss: 1.1225 (Overall: 0.7072, Change: 1.5222), TF Ratio: 0.850
[2026-06-14 18:06:20,764][root][INFO] - Epoch [3/5], Batch [149/300], Loss: 1.1211 (Overall: 0.7303, Change: 1.1077), TF Ratio: 0.850
[2026-06-14 18:06:38,144][root][INFO] - Epoch [3/5], Batch [150/300], Loss: 1.1208 (Overall: 0.7440, Change: 1.3816), TF Ratio: 0.850
[2026-06-14 18:06:38,300][root][INFO] - Epoch [3/5], Batch [151/300], Loss: 1.1203 (Overall: 0.5781, Change: 1.5137), TF Ratio: 0.850
[2026-06-14 18:06:38,454][root][INFO] - Epoch [3/5], Batch [152/300], Loss: 1.1196 (Overall: 0.6243, Change: 1.4081), TF Ratio: 0.850
[2026-06-14 18:06:38,610][root][INFO] - Epoch [3/5], Batch [153/300], Loss: 1.1182 (Overall: 0.4589, Change: 1.3627), TF Ratio: 0.849
[2026-06-14 18:06:38,764][root][INFO] - Epoch [3/5], Batch [154/300], Loss: 1.1182 (Overall: 0.7092, Change: 1.5353), TF Ratio: 0.849
[2026-06-14 18:06:38,917][root][INFO] - Epoch [3/5], Batch [155/300], Loss: 1.1180 (Overall: 0.7816, Change: 1.3808), TF Ratio: 0.849
[2026-06-14 18:06:39,083][root][INFO] - Epoch [3/5], Batch [156/300], Loss: 1.1179 (Overall: 0.5841, Change: 1.6120), TF Ratio: 0.849
[2026-06-14 18:06:39,236][root][INFO] - Epoch [3/5], Batch [157/300], Loss: 1.1174 (Overall: 0.6032, Change: 1.5009), TF Ratio: 0.849
[2026-06-14 18:06:39,389][root][INFO] - Epoch [3/5], Batch [158/300], Loss: 1.1168 (Overall: 0.6196, Change: 1.4110), TF Ratio: 0.848
[2026-06-14 18:06:39,542][root][INFO] - Epoch [3/5], Batch [159/300], Loss: 1.1176 (Overall: 1.1707, Change: 1.3181), TF Ratio: 0.848
[2026-06-14 18:06:39,705][root][INFO] - Epoch [3/5], Batch [160/300], Loss: 1.1177 (Overall: 0.9222, Change: 1.3360), TF Ratio: 0.848
[2026-06-14 18:06:39,859][root][INFO] - Epoch [3/5], Batch [161/300], Loss: 1.1180 (Overall: 0.8054, Change: 1.5324), TF Ratio: 0.848
[2026-06-14 18:06:54,513][root][INFO] - Epoch [3/5], Batch [162/300], Loss: 1.1181 (Overall: 0.7216, Change: 1.5430), TF Ratio: 0.848
[2026-06-14 18:06:54,668][root][INFO] - Epoch [3/5], Batch [163/300], Loss: 1.1190 (Overall: 0.8526, Change: 1.6970), TF Ratio: 0.847
[2026-06-14 18:06:54,822][root][INFO] - Epoch [3/5], Batch [164/300], Loss: 1.1195 (Overall: 0.8835, Change: 1.4920), TF Ratio: 0.847
[2026-06-14 18:06:54,976][root][INFO] - Epoch [3/5], Batch [165/300], Loss: 1.1189 (Overall: 0.6693, Change: 1.3841), TF Ratio: 0.847
[2026-06-14 18:06:55,130][root][INFO] - Epoch [3/5], Batch [166/300], Loss: 1.1184 (Overall: 1.0804, Change: 0.9876), TF Ratio: 0.847
[2026-06-14 18:06:55,284][root][INFO] - Epoch [3/5], Batch [167/300], Loss: 1.1178 (Overall: 0.8665, Change: 1.1650), TF Ratio: 0.847
[2026-06-14 18:06:55,442][root][INFO] - Epoch [3/5], Batch [168/300], Loss: 1.1171 (Overall: 0.7499, Change: 1.2587), TF Ratio: 0.846
[2026-06-14 18:06:55,596][root][INFO] - Epoch [3/5], Batch [169/300], Loss: 1.1180 (Overall: 0.8300, Change: 1.7102), TF Ratio: 0.846
[2026-06-14 18:06:55,749][root][INFO] - Epoch [3/5], Batch [170/300], Loss: 1.1205 (Overall: 1.4989, Change: 1.5907), TF Ratio: 0.846
[2026-06-14 18:06:55,902][root][INFO] - Epoch [3/5], Batch [171/300], Loss: 1.1208 (Overall: 0.7599, Change: 1.5687), TF Ratio: 0.846
[2026-06-14 18:06:56,056][root][INFO] - Epoch [3/5], Batch [172/300], Loss: 1.1206 (Overall: 0.7981, Change: 1.3977), TF Ratio: 0.846
[2026-06-14 18:06:56,210][root][INFO] - Epoch [3/5], Batch [173/300], Loss: 1.1209 (Overall: 0.9652, Change: 1.3673), TF Ratio: 0.845
[2026-06-14 18:07:06,101][root][INFO] - Epoch [3/5], Batch [174/300], Loss: 1.1199 (Overall: 0.6173, Change: 1.2737), TF Ratio: 0.845
[2026-06-14 18:07:06,255][root][INFO] - Epoch [3/5], Batch [175/300], Loss: 1.1206 (Overall: 0.6260, Change: 1.8571), TF Ratio: 0.845
[2026-06-14 18:07:08,521][root][INFO] - Epoch [3/5], Batch [176/300], Loss: 1.1200 (Overall: 0.6784, Change: 1.3399), TF Ratio: 0.845
[2026-06-14 18:07:08,683][root][INFO] - Epoch [3/5], Batch [177/300], Loss: 1.1185 (Overall: 0.7544, Change: 0.9879), TF Ratio: 0.845
[2026-06-14 18:07:08,836][root][INFO] - Epoch [3/5], Batch [178/300], Loss: 1.1181 (Overall: 0.8868, Change: 1.1923), TF Ratio: 0.844
[2026-06-14 18:07:08,989][root][INFO] - Epoch [3/5], Batch [179/300], Loss: 1.1196 (Overall: 0.9981, Change: 1.7712), TF Ratio: 0.844
[2026-06-14 18:07:09,145][root][INFO] - Epoch [3/5], Batch [180/300], Loss: 1.1187 (Overall: 0.5950, Change: 1.3109), TF Ratio: 0.844
[2026-06-14 18:07:09,299][root][INFO] - Epoch [3/5], Batch [181/300], Loss: 1.1179 (Overall: 0.6397, Change: 1.3356), TF Ratio: 0.844
[2026-06-14 18:07:09,454][root][INFO] - Epoch [3/5], Batch [182/300], Loss: 1.1175 (Overall: 0.7123, Change: 1.3518), TF Ratio: 0.844
[2026-06-14 18:07:09,606][root][INFO] - Epoch [3/5], Batch [183/300], Loss: 1.1166 (Overall: 0.9489, Change: 0.9684), TF Ratio: 0.843
[2026-06-14 18:07:09,760][root][INFO] - Epoch [3/5], Batch [184/300], Loss: 1.1158 (Overall: 0.7141, Change: 1.2185), TF Ratio: 0.843
[2026-06-14 18:07:09,915][root][INFO] - Epoch [3/5], Batch [185/300], Loss: 1.1173 (Overall: 0.9727, Change: 1.8248), TF Ratio: 0.843
[2026-06-14 18:07:18,505][root][INFO] - Epoch [3/5], Batch [186/300], Loss: 1.1181 (Overall: 1.0550, Change: 1.4532), TF Ratio: 0.843
[2026-06-14 18:07:18,658][root][INFO] - Epoch [3/5], Batch [187/300], Loss: 1.1178 (Overall: 0.6971, Change: 1.4273), TF Ratio: 0.843
[2026-06-14 18:07:21,051][root][INFO] - Epoch [3/5], Batch [188/300], Loss: 1.1175 (Overall: 0.6173, Change: 1.5224), TF Ratio: 0.842
[2026-06-14 18:07:21,208][root][INFO] - Epoch [3/5], Batch [189/300], Loss: 1.1159 (Overall: 0.5878, Change: 1.0529), TF Ratio: 0.842
[2026-06-14 18:07:21,361][root][INFO] - Epoch [3/5], Batch [190/300], Loss: 1.1145 (Overall: 0.6601, Change: 1.0113), TF Ratio: 0.842
[2026-06-14 18:07:21,515][root][INFO] - Epoch [3/5], Batch [191/300], Loss: 1.1143 (Overall: 0.9550, Change: 1.2086), TF Ratio: 0.842
[2026-06-14 18:07:21,669][root][INFO] - Epoch [3/5], Batch [192/300], Loss: 1.1157 (Overall: 0.9915, Change: 1.7633), TF Ratio: 0.842
[2026-06-14 18:07:21,826][root][INFO] - Epoch [3/5], Batch [193/300], Loss: 1.1151 (Overall: 0.7755, Change: 1.2504), TF Ratio: 0.841
[2026-06-14 18:07:21,981][root][INFO] - Epoch [3/5], Batch [194/300], Loss: 1.1153 (Overall: 0.7762, Change: 1.5345), TF Ratio: 0.841
[2026-06-14 18:07:22,134][root][INFO] - Epoch [3/5], Batch [195/300], Loss: 1.1161 (Overall: 1.0651, Change: 1.4501), TF Ratio: 0.841
[2026-06-14 18:07:22,288][root][INFO] - Epoch [3/5], Batch [196/300], Loss: 1.1161 (Overall: 0.6939, Change: 1.5639), TF Ratio: 0.841
[2026-06-14 18:07:22,442][root][INFO] - Epoch [3/5], Batch [197/300], Loss: 1.1158 (Overall: 0.6445, Change: 1.4480), TF Ratio: 0.841
[2026-06-14 18:07:33,410][root][INFO] - Epoch [3/5], Batch [198/300], Loss: 1.1152 (Overall: 1.1329, Change: 0.8927), TF Ratio: 0.840
[2026-06-14 18:07:33,564][root][INFO] - Epoch [3/5], Batch [199/300], Loss: 1.1147 (Overall: 0.6097, Change: 1.4170), TF Ratio: 0.840
[2026-06-14 18:07:40,699][root][INFO] - Epoch [3/5], Batch [200/300], Loss: 1.1135 (Overall: 0.9977, Change: 0.7341), TF Ratio: 0.840
[2026-06-14 18:07:40,885][root][INFO] - Epoch [3/5], Batch [201/300], Loss: 1.1138 (Overall: 0.8305, Change: 1.5163), TF Ratio: 0.840
[2026-06-14 18:07:41,038][root][INFO] - Epoch [3/5], Batch [202/300], Loss: 1.1129 (Overall: 0.5937, Change: 1.2577), TF Ratio: 0.840
[2026-06-14 18:07:41,193][root][INFO] - Epoch [3/5], Batch [203/300], Loss: 1.1143 (Overall: 1.1177, Change: 1.6980), TF Ratio: 0.839
[2026-06-14 18:07:41,348][root][INFO] - Epoch [3/5], Batch [204/300], Loss: 1.1137 (Overall: 0.8468, Change: 1.1359), TF Ratio: 0.839
[2026-06-14 18:07:41,503][root][INFO] - Epoch [3/5], Batch [205/300], Loss: 1.1129 (Overall: 0.6742, Change: 1.2039), TF Ratio: 0.839
[2026-06-14 18:07:41,658][root][INFO] - Epoch [3/5], Batch [206/300], Loss: 1.1127 (Overall: 0.6836, Change: 1.4905), TF Ratio: 0.839
[2026-06-14 18:07:41,814][root][INFO] - Epoch [3/5], Batch [207/300], Loss: 1.1144 (Overall: 0.7985, Change: 2.1385), TF Ratio: 0.839
[2026-06-14 18:07:41,969][root][INFO] - Epoch [3/5], Batch [208/300], Loss: 1.1146 (Overall: 0.6892, Change: 1.5940), TF Ratio: 0.838
[2026-06-14 18:07:42,122][root][INFO] - Epoch [3/5], Batch [209/300], Loss: 1.1147 (Overall: 0.5804, Change: 1.6869), TF Ratio: 0.838
[2026-06-14 18:07:49,240][root][INFO] - Epoch [3/5], Batch [210/300], Loss: 1.1148 (Overall: 0.6610, Change: 1.6087), TF Ratio: 0.838
[2026-06-14 18:07:49,394][root][INFO] - Epoch [3/5], Batch [211/300], Loss: 1.1150 (Overall: 1.0004, Change: 1.3264), TF Ratio: 0.838
[2026-06-14 18:07:56,497][root][INFO] - Epoch [3/5], Batch [212/300], Loss: 1.1153 (Overall: 0.5579, Change: 1.8127), TF Ratio: 0.838
[2026-06-14 18:07:56,653][root][INFO] - Epoch [3/5], Batch [213/300], Loss: 1.1146 (Overall: 0.8708, Change: 1.0599), TF Ratio: 0.837
[2026-06-14 18:07:56,805][root][INFO] - Epoch [3/5], Batch [214/300], Loss: 1.1131 (Overall: 0.6871, Change: 0.8911), TF Ratio: 0.837
[2026-06-14 18:07:56,958][root][INFO] - Epoch [3/5], Batch [215/300], Loss: 1.1123 (Overall: 0.9328, Change: 0.9556), TF Ratio: 0.837
[2026-06-14 18:07:57,117][root][INFO] - Epoch [3/5], Batch [216/300], Loss: 1.1141 (Overall: 1.3360, Change: 1.6368), TF Ratio: 0.837
[2026-06-14 18:07:57,270][root][INFO] - Epoch [3/5], Batch [217/300], Loss: 1.1132 (Overall: 0.6749, Change: 1.2028), TF Ratio: 0.837
[2026-06-14 18:07:57,422][root][INFO] - Epoch [3/5], Batch [218/300], Loss: 1.1127 (Overall: 0.6821, Change: 1.3217), TF Ratio: 0.836
[2026-06-14 18:07:57,575][root][INFO] - Epoch [3/5], Batch [219/300], Loss: 1.1115 (Overall: 0.6382, Change: 1.0333), TF Ratio: 0.836
[2026-06-14 18:07:57,729][root][INFO] - Epoch [3/5], Batch [220/300], Loss: 1.1103 (Overall: 0.7713, Change: 0.9356), TF Ratio: 0.836
[2026-06-14 18:07:57,882][root][INFO] - Epoch [3/5], Batch [221/300], Loss: 1.1095 (Overall: 0.7252, Change: 1.1432), TF Ratio: 0.836
[2026-06-14 18:08:05,969][root][INFO] - Epoch [3/5], Batch [222/300], Loss: 1.1093 (Overall: 0.8335, Change: 1.2776), TF Ratio: 0.836
[2026-06-14 18:08:06,123][root][INFO] - Epoch [3/5], Batch [223/300], Loss: 1.1099 (Overall: 0.6237, Change: 1.8990), TF Ratio: 0.835
[2026-06-14 18:08:10,004][root][INFO] - Epoch [3/5], Batch [224/300], Loss: 1.1103 (Overall: 1.0868, Change: 1.3007), TF Ratio: 0.835
[2026-06-14 18:08:10,160][root][INFO] - Epoch [3/5], Batch [225/300], Loss: 1.1108 (Overall: 0.5982, Change: 1.8475), TF Ratio: 0.835
[2026-06-14 18:08:10,313][root][INFO] - Epoch [3/5], Batch [226/300], Loss: 1.1095 (Overall: 0.5570, Change: 1.0898), TF Ratio: 0.835
[2026-06-14 18:08:10,466][root][INFO] - Epoch [3/5], Batch [227/300], Loss: 1.1087 (Overall: 0.6154, Change: 1.2132), TF Ratio: 0.835
[2026-06-14 18:08:10,622][root][INFO] - Epoch [3/5], Batch [228/300], Loss: 1.1082 (Overall: 0.6734, Change: 1.3404), TF Ratio: 0.834
[2026-06-14 18:08:10,777][root][INFO] - Epoch [3/5], Batch [229/300], Loss: 1.1072 (Overall: 0.6424, Change: 1.0955), TF Ratio: 0.834
[2026-06-14 18:08:10,931][root][INFO] - Epoch [3/5], Batch [230/300], Loss: 1.1067 (Overall: 0.5448, Change: 1.4403), TF Ratio: 0.834
[2026-06-14 18:08:11,966][root][INFO] - Epoch [3/5], Batch [231/300], Loss: 1.1083 (Overall: 0.7997, Change: 2.1444), TF Ratio: 0.834
[2026-06-14 18:08:12,121][root][INFO] - Epoch [3/5], Batch [232/300], Loss: 1.1075 (Overall: 0.8215, Change: 1.0219), TF Ratio: 0.834
[2026-06-14 18:08:12,275][root][INFO] - Epoch [3/5], Batch [233/300], Loss: 1.1084 (Overall: 0.8638, Change: 1.7916), TF Ratio: 0.833
[2026-06-14 18:08:20,808][root][INFO] - Epoch [3/5], Batch [234/300], Loss: 1.1075 (Overall: 0.6940, Change: 1.0912), TF Ratio: 0.833
[2026-06-14 18:08:20,962][root][INFO] - Epoch [3/5], Batch [235/300], Loss: 1.1072 (Overall: 0.7297, Change: 1.3507), TF Ratio: 0.833
[2026-06-14 18:08:23,697][root][INFO] - Epoch [3/5], Batch [236/300], Loss: 1.1065 (Overall: 0.5386, Change: 1.3324), TF Ratio: 0.833
[2026-06-14 18:08:23,851][root][INFO] - Epoch [3/5], Batch [237/300], Loss: 1.1064 (Overall: 0.7735, Change: 1.4112), TF Ratio: 0.833
[2026-06-14 18:08:24,013][root][INFO] - Epoch [3/5], Batch [238/300], Loss: 1.1049 (Overall: 0.4444, Change: 1.0640), TF Ratio: 0.832
[2026-06-14 18:08:24,166][root][INFO] - Epoch [3/5], Batch [239/300], Loss: 1.1046 (Overall: 0.6596, Change: 1.3919), TF Ratio: 0.832
[2026-06-14 18:08:24,321][root][INFO] - Epoch [3/5], Batch [240/300], Loss: 1.1045 (Overall: 0.8174, Change: 1.3244), TF Ratio: 0.832
[2026-06-14 18:08:24,474][root][INFO] - Epoch [3/5], Batch [241/300], Loss: 1.1047 (Overall: 1.2197, Change: 1.1013), TF Ratio: 0.832
[2026-06-14 18:08:24,626][root][INFO] - Epoch [3/5], Batch [242/300], Loss: 1.1035 (Overall: 0.7264, Change: 0.8821), TF Ratio: 0.832
[2026-06-14 18:08:32,158][root][INFO] - Epoch [3/5], Batch [243/300], Loss: 1.1038 (Overall: 0.5776, Change: 1.7755), TF Ratio: 0.831
[2026-06-14 18:08:32,314][root][INFO] - Epoch [3/5], Batch [244/300], Loss: 1.1041 (Overall: 0.5962, Change: 1.7907), TF Ratio: 0.831
[2026-06-14 18:08:32,469][root][INFO] - Epoch [3/5], Batch [245/300], Loss: 1.1034 (Overall: 0.6408, Change: 1.2121), TF Ratio: 0.831
[2026-06-14 18:08:43,998][root][INFO] - Epoch [3/5], Batch [246/300], Loss: 1.1042 (Overall: 1.0661, Change: 1.5321), TF Ratio: 0.831
[2026-06-14 18:08:44,151][root][INFO] - Epoch [3/5], Batch [247/300], Loss: 1.1041 (Overall: 0.7450, Change: 1.4232), TF Ratio: 0.831
[2026-06-14 18:08:44,306][root][INFO] - Epoch [3/5], Batch [248/300], Loss: 1.1037 (Overall: 0.6284, Change: 1.3574), TF Ratio: 0.830
[2026-06-14 18:08:44,460][root][INFO] - Epoch [3/5], Batch [249/300], Loss: 1.1027 (Overall: 0.5679, Change: 1.1604), TF Ratio: 0.830
[2026-06-14 18:08:44,613][root][INFO] - Epoch [3/5], Batch [250/300], Loss: 1.1033 (Overall: 1.0783, Change: 1.4021), TF Ratio: 0.830
[2026-06-14 18:08:44,765][root][INFO] - Epoch [3/5], Batch [251/300], Loss: 1.1054 (Overall: 1.4703, Change: 1.7905), TF Ratio: 0.830
[2026-06-14 18:08:44,921][root][INFO] - Epoch [3/5], Batch [252/300], Loss: 1.1047 (Overall: 0.7362, Change: 1.1516), TF Ratio: 0.830
[2026-06-14 18:08:45,075][root][INFO] - Epoch [3/5], Batch [253/300], Loss: 1.1068 (Overall: 1.2724, Change: 1.9684), TF Ratio: 0.829
[2026-06-14 18:08:45,227][root][INFO] - Epoch [3/5], Batch [254/300], Loss: 1.1061 (Overall: 0.7689, Change: 1.1271), TF Ratio: 0.829
[2026-06-14 18:08:48,204][root][INFO] - Epoch [3/5], Batch [255/300], Loss: 1.1048 (Overall: 0.4412, Change: 1.1179), TF Ratio: 0.829
[2026-06-14 18:08:48,359][root][INFO] - Epoch [3/5], Batch [256/300], Loss: 1.1036 (Overall: 0.6750, Change: 0.9107), TF Ratio: 0.829
[2026-06-14 18:08:48,514][root][INFO] - Epoch [3/5], Batch [257/300], Loss: 1.1035 (Overall: 0.5648, Change: 1.5943), TF Ratio: 0.829
[2026-06-14 18:09:00,834][root][INFO] - Epoch [3/5], Batch [258/300], Loss: 1.1038 (Overall: 0.6648, Change: 1.6850), TF Ratio: 0.828
[2026-06-14 18:09:00,986][root][INFO] - Epoch [3/5], Batch [259/300], Loss: 1.1040 (Overall: 0.7983, Change: 1.5287), TF Ratio: 0.828
[2026-06-14 18:09:01,141][root][INFO] - Epoch [3/5], Batch [260/300], Loss: 1.1035 (Overall: 0.6084, Change: 1.3165), TF Ratio: 0.828
[2026-06-14 18:09:01,299][root][INFO] - Epoch [3/5], Batch [261/300], Loss: 1.1029 (Overall: 1.1303, Change: 0.7693), TF Ratio: 0.828
[2026-06-14 18:09:01,453][root][INFO] - Epoch [3/5], Batch [262/300], Loss: 1.1024 (Overall: 0.5402, Change: 1.3817), TF Ratio: 0.828
[2026-06-14 18:09:01,606][root][INFO] - Epoch [3/5], Batch [263/300], Loss: 1.1031 (Overall: 0.5931, Change: 1.9825), TF Ratio: 0.827
[2026-06-14 18:09:01,760][root][INFO] - Epoch [3/5], Batch [264/300], Loss: 1.1028 (Overall: 0.6686, Change: 1.3809), TF Ratio: 0.827
[2026-06-14 18:09:01,914][root][INFO] - Epoch [3/5], Batch [265/300], Loss: 1.1033 (Overall: 0.8759, Change: 1.6306), TF Ratio: 0.827
[2026-06-14 18:09:02,067][root][INFO] - Epoch [3/5], Batch [266/300], Loss: 1.1050 (Overall: 1.3326, Change: 1.7512), TF Ratio: 0.827
[2026-06-14 18:09:03,618][root][INFO] - Epoch [3/5], Batch [267/300], Loss: 1.1059 (Overall: 1.3142, Change: 1.3818), TF Ratio: 0.827
[2026-06-14 18:09:03,773][root][INFO] - Epoch [3/5], Batch [268/300], Loss: 1.1055 (Overall: 0.6537, Change: 1.3184), TF Ratio: 0.826
[2026-06-14 18:09:03,928][root][INFO] - Epoch [3/5], Batch [269/300], Loss: 1.1054 (Overall: 0.9127, Change: 1.2563), TF Ratio: 0.826
[2026-06-14 18:09:13,597][root][INFO] - Epoch [3/5], Batch [270/300], Loss: 1.1059 (Overall: 0.9612, Change: 1.5153), TF Ratio: 0.826
[2026-06-14 18:09:13,751][root][INFO] - Epoch [3/5], Batch [271/300], Loss: 1.1056 (Overall: 0.6133, Change: 1.4314), TF Ratio: 0.826
[2026-06-14 18:09:13,905][root][INFO] - Epoch [3/5], Batch [272/300], Loss: 1.1050 (Overall: 0.8083, Change: 1.0780), TF Ratio: 0.826
[2026-06-14 18:09:14,060][root][INFO] - Epoch [3/5], Batch [273/300], Loss: 1.1050 (Overall: 0.7032, Change: 1.5226), TF Ratio: 0.825
[2026-06-14 18:09:14,215][root][INFO] - Epoch [3/5], Batch [274/300], Loss: 1.1043 (Overall: 0.4365, Change: 1.4000), TF Ratio: 0.825
[2026-06-14 18:09:14,368][root][INFO] - Epoch [3/5], Batch [275/300], Loss: 1.1036 (Overall: 0.5811, Change: 1.2650), TF Ratio: 0.825
[2026-06-14 18:09:14,523][root][INFO] - Epoch [3/5], Batch [276/300], Loss: 1.1034 (Overall: 0.4760, Change: 1.5848), TF Ratio: 0.825
[2026-06-14 18:09:14,677][root][INFO] - Epoch [3/5], Batch [277/300], Loss: 1.1032 (Overall: 0.6016, Change: 1.5030), TF Ratio: 0.825
[2026-06-14 18:09:14,831][root][INFO] - Epoch [3/5], Batch [278/300], Loss: 1.1035 (Overall: 0.8089, Change: 1.5681), TF Ratio: 0.824
[2026-06-14 18:09:15,585][root][INFO] - Epoch [3/5], Batch [279/300], Loss: 1.1034 (Overall: 0.6447, Change: 1.4769), TF Ratio: 0.824
[2026-06-14 18:09:15,739][root][INFO] - Epoch [3/5], Batch [280/300], Loss: 1.1039 (Overall: 0.9356, Change: 1.5986), TF Ratio: 0.824
[2026-06-14 18:09:15,892][root][INFO] - Epoch [3/5], Batch [281/300], Loss: 1.1041 (Overall: 0.9652, Change: 1.3494), TF Ratio: 0.824
[2026-06-14 18:09:29,690][root][INFO] - Epoch [3/5], Batch [282/300], Loss: 1.1037 (Overall: 0.6286, Change: 1.3241), TF Ratio: 0.824
[2026-06-14 18:09:29,842][root][INFO] - Epoch [3/5], Batch [283/300], Loss: 1.1038 (Overall: 0.6753, Change: 1.6310), TF Ratio: 0.823
[2026-06-14 18:09:29,997][root][INFO] - Epoch [3/5], Batch [284/300], Loss: 1.1037 (Overall: 0.5953, Change: 1.5288), TF Ratio: 0.823
[2026-06-14 18:09:30,151][root][INFO] - Epoch [3/5], Batch [285/300], Loss: 1.1037 (Overall: 0.6972, Change: 1.5254), TF Ratio: 0.823
[2026-06-14 18:09:30,305][root][INFO] - Epoch [3/5], Batch [286/300], Loss: 1.1035 (Overall: 0.6633, Change: 1.4000), TF Ratio: 0.823
[2026-06-14 18:09:30,457][root][INFO] - Epoch [3/5], Batch [287/300], Loss: 1.1043 (Overall: 1.0091, Change: 1.6699), TF Ratio: 0.823
[2026-06-14 18:09:30,624][root][INFO] - Epoch [3/5], Batch [288/300], Loss: 1.1041 (Overall: 0.6831, Change: 1.4187), TF Ratio: 0.822
[2026-06-14 18:09:30,779][root][INFO] - Epoch [3/5], Batch [289/300], Loss: 1.1038 (Overall: 0.6851, Change: 1.3563), TF Ratio: 0.822
[2026-06-14 18:09:30,932][root][INFO] - Epoch [3/5], Batch [290/300], Loss: 1.1035 (Overall: 0.7762, Change: 1.2320), TF Ratio: 0.822
[2026-06-14 18:09:40,636][root][INFO] - Epoch [3/5], Batch [291/300], Loss: 1.1029 (Overall: 0.6569, Change: 1.2011), TF Ratio: 0.822
[2026-06-14 18:09:40,812][root][INFO] - Epoch [3/5], Batch [292/300], Loss: 1.1026 (Overall: 0.9320, Change: 1.1247), TF Ratio: 0.822
[2026-06-14 18:09:40,967][root][INFO] - Epoch [3/5], Batch [293/300], Loss: 1.1023 (Overall: 0.6671, Change: 1.3751), TF Ratio: 0.821
[2026-06-14 18:09:42,453][root][INFO] - Epoch [3/5], Batch [294/300], Loss: 1.1019 (Overall: 0.7507, Change: 1.2000), TF Ratio: 0.821
[2026-06-14 18:09:42,607][root][INFO] - Epoch [3/5], Batch [295/300], Loss: 1.1013 (Overall: 0.5944, Change: 1.2740), TF Ratio: 0.821
[2026-06-14 18:09:44,343][root][INFO] - Epoch [3/5], Batch [296/300], Loss: 1.1014 (Overall: 0.7992, Change: 1.4428), TF Ratio: 0.821
[2026-06-14 18:09:44,498][root][INFO] - Epoch [3/5], Batch [297/300], Loss: 1.1007 (Overall: 0.6513, Change: 1.1178), TF Ratio: 0.821
[2026-06-14 18:09:44,651][root][INFO] - Epoch [3/5], Batch [298/300], Loss: 1.1002 (Overall: 0.8255, Change: 1.0731), TF Ratio: 0.820
[2026-06-14 18:09:44,803][root][INFO] - Epoch [3/5], Batch [299/300], Loss: 1.1011 (Overall: 0.9721, Change: 1.7575), TF Ratio: 0.820
[2026-06-14 18:09:44,958][root][INFO] - Epoch [3/5], Batch [300/300], Loss: 1.1009 (Overall: 0.6905, Change: 1.4111), TF Ratio: 0.820
[2026-06-14 18:09:55,265][root][INFO] - Epoch 3 done. Validating...
[2026-06-14 18:10:32,921][root][INFO] - Epoch [3/5] | Train: 1.0961 | Val: 0.6773
[2026-06-14 18:10:33,164][root][INFO] - Checkpoint saved: /gpfs/scratch/bsc32/bsc096444/ai4land-tfm/trained_models/unet_impl/41788799/best_model.pth
[2026-06-14 18:10:33,383][root][INFO] - Checkpoint saved: /gpfs/scratch/bsc32/bsc096444/ai4land-tfm/trained_models/unet_impl/41788799/model_epoch_3.pth
[2026-06-14 18:10:57,891][root][INFO] - Epoch [4/5], Batch [1/300], Loss: 0.7442 (Overall: 0.6392, Change: 0.8492), TF Ratio: 0.820
[2026-06-14 18:10:58,047][root][INFO] - Epoch [4/5], Batch [2/300], Loss: 0.9648 (Overall: 0.7217, Change: 1.6489), TF Ratio: 0.820
[2026-06-14 18:10:58,201][root][INFO] - Epoch [4/5], Batch [3/300], Loss: 1.0003 (Overall: 0.8213, Change: 1.3216), TF Ratio: 0.819
[2026-06-14 18:10:58,356][root][INFO] - Epoch [4/5], Batch [4/300], Loss: 0.9819 (Overall: 0.6002, Change: 1.2531), TF Ratio: 0.819
[2026-06-14 18:10:58,510][root][INFO] - Epoch [4/5], Batch [5/300], Loss: 0.9973 (Overall: 0.8950, Change: 1.2231), TF Ratio: 0.819
[2026-06-14 18:10:59,378][root][INFO] - Epoch [4/5], Batch [6/300], Loss: 1.0361 (Overall: 0.6672, Change: 1.7933), TF Ratio: 0.819
[2026-06-14 18:10:59,534][root][INFO] - Epoch [4/5], Batch [7/300], Loss: 1.0424 (Overall: 0.8554, Change: 1.3044), TF Ratio: 0.819
[2026-06-14 18:10:59,689][root][INFO] - Epoch [4/5], Batch [8/300], Loss: 1.0442 (Overall: 0.7849, Change: 1.3291), TF Ratio: 0.818
[2026-06-14 18:10:59,843][root][INFO] - Epoch [4/5], Batch [9/300], Loss: 1.0463 (Overall: 0.5579, Change: 1.5688), TF Ratio: 0.818
[2026-06-14 18:10:59,997][root][INFO] - Epoch [4/5], Batch [10/300], Loss: 1.0349 (Overall: 0.8257, Change: 1.0387), TF Ratio: 0.818
[2026-06-14 18:11:00,160][root][INFO] - Epoch [4/5], Batch [11/300], Loss: 1.0460 (Overall: 0.7287, Change: 1.5840), TF Ratio: 0.818
[2026-06-14 18:11:17,742][root][INFO] - Epoch [4/5], Batch [12/300], Loss: 1.0741 (Overall: 1.0447, Change: 1.7217), TF Ratio: 0.818
[2026-06-14 18:11:17,901][root][INFO] - Epoch [4/5], Batch [13/300], Loss: 1.0615 (Overall: 0.4865, Change: 1.3351), TF Ratio: 0.817
[2026-06-14 18:11:18,053][root][INFO] - Epoch [4/5], Batch [14/300], Loss: 1.0559 (Overall: 0.6802, Change: 1.2872), TF Ratio: 0.817
[2026-06-14 18:11:18,206][root][INFO] - Epoch [4/5], Batch [15/300], Loss: 1.0559 (Overall: 0.7526, Change: 1.3568), TF Ratio: 0.817
[2026-06-14 18:11:18,361][root][INFO] - Epoch [4/5], Batch [16/300], Loss: 1.0431 (Overall: 0.5821, Change: 1.1213), TF Ratio: 0.817
[2026-06-14 18:11:18,515][root][INFO] - Epoch [4/5], Batch [17/300], Loss: 1.0809 (Overall: 0.8876, Change: 2.4837), TF Ratio: 0.817
[2026-06-14 18:11:18,668][root][INFO] - Epoch [4/5], Batch [18/300], Loss: 1.0745 (Overall: 0.6685, Change: 1.2622), TF Ratio: 0.816
[2026-06-14 18:11:18,821][root][INFO] - Epoch [4/5], Batch [19/300], Loss: 1.0756 (Overall: 0.8640, Change: 1.3282), TF Ratio: 0.816
[2026-06-14 18:11:18,975][root][INFO] - Epoch [4/5], Batch [20/300], Loss: 1.0928 (Overall: 0.9046, Change: 1.9335), TF Ratio: 0.816
[2026-06-14 18:11:19,128][root][INFO] - Epoch [4/5], Batch [21/300], Loss: 1.1102 (Overall: 1.3711, Change: 1.5474), TF Ratio: 0.816
[2026-06-14 18:11:19,281][root][INFO] - Epoch [4/5], Batch [22/300], Loss: 1.1008 (Overall: 0.6129, Change: 1.1917), TF Ratio: 0.816
[2026-06-14 18:11:19,434][root][INFO] - Epoch [4/5], Batch [23/300], Loss: 1.1018 (Overall: 0.7391, Change: 1.5085), TF Ratio: 0.815
[2026-06-14 18:11:40,064][root][INFO] - Epoch [4/5], Batch [24/300], Loss: 1.0921 (Overall: 0.4984, Change: 1.2419), TF Ratio: 0.815
[2026-06-14 18:11:40,222][root][INFO] - Epoch [4/5], Batch [25/300], Loss: 1.0885 (Overall: 0.6775, Change: 1.3244), TF Ratio: 0.815
[2026-06-14 18:11:40,376][root][INFO] - Epoch [4/5], Batch [26/300], Loss: 1.0897 (Overall: 0.7679, Change: 1.4734), TF Ratio: 0.815
[2026-06-14 18:11:40,549][root][INFO] - Epoch [4/5], Batch [27/300], Loss: 1.0931 (Overall: 0.6638, Change: 1.6974), TF Ratio: 0.815
[2026-06-14 18:11:40,705][root][INFO] - Epoch [4/5], Batch [28/300], Loss: 1.0992 (Overall: 0.8711, Change: 1.6565), TF Ratio: 0.814
[2026-06-14 18:11:40,859][root][INFO] - Epoch [4/5], Batch [29/300], Loss: 1.0928 (Overall: 0.8184, Change: 1.0120), TF Ratio: 0.814
[2026-06-14 18:11:41,012][root][INFO] - Epoch [4/5], Batch [30/300], Loss: 1.0926 (Overall: 0.9053, Change: 1.2667), TF Ratio: 0.814
[2026-06-14 18:11:41,165][root][INFO] - Epoch [4/5], Batch [31/300], Loss: 1.0816 (Overall: 0.6213, Change: 0.8827), TF Ratio: 0.814
[2026-06-14 18:11:41,321][root][INFO] - Epoch [4/5], Batch [32/300], Loss: 1.0705 (Overall: 0.4827, Change: 0.9703), TF Ratio: 0.814
[2026-06-14 18:11:41,485][root][INFO] - Epoch [4/5], Batch [33/300], Loss: 1.0625 (Overall: 0.5108, Change: 1.1020), TF Ratio: 0.813
[2026-06-14 18:11:41,639][root][INFO] - Epoch [4/5], Batch [34/300], Loss: 1.0616 (Overall: 0.7985, Change: 1.2658), TF Ratio: 0.813
[2026-06-14 18:11:41,794][root][INFO] - Epoch [4/5], Batch [35/300], Loss: 1.0656 (Overall: 0.8562, Change: 1.5476), TF Ratio: 0.813
[2026-06-14 18:11:55,931][root][INFO] - Epoch [4/5], Batch [36/300], Loss: 1.0673 (Overall: 0.7529, Change: 1.4972), TF Ratio: 0.813
[2026-06-14 18:11:56,088][root][INFO] - Epoch [4/5], Batch [37/300], Loss: 1.0687 (Overall: 0.8598, Change: 1.3776), TF Ratio: 0.813
[2026-06-14 18:11:56,243][root][INFO] - Epoch [4/5], Batch [38/300], Loss: 1.0661 (Overall: 0.5938, Change: 1.3488), TF Ratio: 0.812
[2026-06-14 18:11:56,397][root][INFO] - Epoch [4/5], Batch [39/300], Loss: 1.0645 (Overall: 0.8447, Change: 1.1595), TF Ratio: 0.812
[2026-06-14 18:11:56,557][root][INFO] - Epoch [4/5], Batch [40/300], Loss: 1.0643 (Overall: 0.9515, Change: 1.1657), TF Ratio: 0.812
[2026-06-14 18:11:56,712][root][INFO] - Epoch [4/5], Batch [41/300], Loss: 1.0534 (Overall: 0.4082, Change: 0.8255), TF Ratio: 0.812
[2026-06-14 18:11:56,865][root][INFO] - Epoch [4/5], Batch [42/300], Loss: 1.0487 (Overall: 0.7135, Change: 0.9970), TF Ratio: 0.812
[2026-06-14 18:11:57,018][root][INFO] - Epoch [4/5], Batch [43/300], Loss: 1.0489 (Overall: 0.7390, Change: 1.3801), TF Ratio: 0.811
[2026-06-14 18:11:57,191][root][INFO] - Epoch [4/5], Batch [44/300], Loss: 1.0497 (Overall: 1.0704, Change: 1.0970), TF Ratio: 0.811
[2026-06-14 18:11:57,349][root][INFO] - Epoch [4/5], Batch [45/300], Loss: 1.0448 (Overall: 0.9172, Change: 0.7389), TF Ratio: 0.811
[2026-06-14 18:11:57,505][root][INFO] - Epoch [4/5], Batch [46/300], Loss: 1.0418 (Overall: 0.4688, Change: 1.3423), TF Ratio: 0.811
[2026-06-14 18:11:57,659][root][INFO] - Epoch [4/5], Batch [47/300], Loss: 1.0405 (Overall: 0.7029, Change: 1.2566), TF Ratio: 0.811
[2026-06-14 18:12:10,386][root][INFO] - Epoch [4/5], Batch [48/300], Loss: 1.0444 (Overall: 1.0420, Change: 1.4155), TF Ratio: 0.810
[2026-06-14 18:12:10,545][root][INFO] - Epoch [4/5], Batch [49/300], Loss: 1.0468 (Overall: 0.7124, Change: 1.6081), TF Ratio: 0.810
[2026-06-14 18:12:10,699][root][INFO] - Epoch [4/5], Batch [50/300], Loss: 1.0485 (Overall: 1.0194, Change: 1.2461), TF Ratio: 0.810
[2026-06-14 18:12:10,852][root][INFO] - Epoch [4/5], Batch [51/300], Loss: 1.0503 (Overall: 0.5692, Change: 1.7145), TF Ratio: 0.810
[2026-06-14 18:12:11,022][root][INFO] - Epoch [4/5], Batch [52/300], Loss: 1.0504 (Overall: 0.6880, Change: 1.4201), TF Ratio: 0.810
[2026-06-14 18:12:11,175][root][INFO] - Epoch [4/5], Batch [53/300], Loss: 1.0520 (Overall: 0.7285, Change: 1.5462), TF Ratio: 0.809
[2026-06-14 18:12:11,328][root][INFO] - Epoch [4/5], Batch [54/300], Loss: 1.0556 (Overall: 0.9787, Change: 1.5077), TF Ratio: 0.809
[2026-06-14 18:12:11,482][root][INFO] - Epoch [4/5], Batch [55/300], Loss: 1.0574 (Overall: 0.9393, Change: 1.3755), TF Ratio: 0.809
[2026-06-14 18:12:11,638][root][INFO] - Epoch [4/5], Batch [56/300], Loss: 1.0590 (Overall: 0.5913, Change: 1.7020), TF Ratio: 0.809
[2026-06-14 18:12:11,793][root][INFO] - Epoch [4/5], Batch [57/300], Loss: 1.0578 (Overall: 0.5209, Change: 1.4554), TF Ratio: 0.809
[2026-06-14 18:12:11,948][root][INFO] - Epoch [4/5], Batch [58/300], Loss: 1.0609 (Overall: 0.9896, Change: 1.4875), TF Ratio: 0.808
[2026-06-14 18:12:12,102][root][INFO] - Epoch [4/5], Batch [59/300], Loss: 1.0633 (Overall: 0.8954, Change: 1.5160), TF Ratio: 0.808
[2026-06-14 18:12:25,275][root][INFO] - Epoch [4/5], Batch [60/300], Loss: 1.0660 (Overall: 0.8891, Change: 1.5626), TF Ratio: 0.808
[2026-06-14 18:12:25,438][root][INFO] - Epoch [4/5], Batch [61/300], Loss: 1.0640 (Overall: 0.5364, Change: 1.3435), TF Ratio: 0.808
[2026-06-14 18:12:25,591][root][INFO] - Epoch [4/5], Batch [62/300], Loss: 1.0600 (Overall: 0.8464, Change: 0.7842), TF Ratio: 0.808
[2026-06-14 18:12:25,744][root][INFO] - Epoch [4/5], Batch [63/300], Loss: 1.0640 (Overall: 0.9005, Change: 1.7235), TF Ratio: 0.807
[2026-06-14 18:12:25,898][root][INFO] - Epoch [4/5], Batch [64/300], Loss: 1.0606 (Overall: 0.8764, Change: 0.8208), TF Ratio: 0.807
[2026-06-14 18:12:26,051][root][INFO] - Epoch [4/5], Batch [65/300], Loss: 1.0634 (Overall: 0.6084, Change: 1.8812), TF Ratio: 0.807
[2026-06-14 18:12:26,204][root][INFO] - Epoch [4/5], Batch [66/300], Loss: 1.0660 (Overall: 0.9528, Change: 1.5077), TF Ratio: 0.807
[2026-06-14 18:12:26,356][root][INFO] - Epoch [4/5], Batch [67/300], Loss: 1.0651 (Overall: 0.5237, Change: 1.4996), TF Ratio: 0.807
[2026-06-14 18:12:26,511][root][INFO] - Epoch [4/5], Batch [68/300], Loss: 1.0637 (Overall: 0.8033, Change: 1.1257), TF Ratio: 0.806
[2026-06-14 18:12:26,664][root][INFO] - Epoch [4/5], Batch [69/300], Loss: 1.0650 (Overall: 1.0391, Change: 1.2692), TF Ratio: 0.806
[2026-06-14 18:12:26,818][root][INFO] - Epoch [4/5], Batch [70/300], Loss: 1.0661 (Overall: 0.8980, Change: 1.3870), TF Ratio: 0.806
[2026-06-14 18:12:26,970][root][INFO] - Epoch [4/5], Batch [71/300], Loss: 1.0644 (Overall: 0.5466, Change: 1.3437), TF Ratio: 0.806
[2026-06-14 18:12:42,787][root][INFO] - Epoch [4/5], Batch [72/300], Loss: 1.0710 (Overall: 0.6888, Change: 2.3918), TF Ratio: 0.806
[2026-06-14 18:12:42,943][root][INFO] - Epoch [4/5], Batch [73/300], Loss: 1.0745 (Overall: 0.9704, Change: 1.6877), TF Ratio: 0.805
[2026-06-14 18:12:43,097][root][INFO] - Epoch [4/5], Batch [74/300], Loss: 1.0741 (Overall: 0.8667, Change: 1.2172), TF Ratio: 0.805
[2026-06-14 18:12:43,250][root][INFO] - Epoch [4/5], Batch [75/300], Loss: 1.0717 (Overall: 0.4788, Change: 1.3129), TF Ratio: 0.805
[2026-06-14 18:12:43,413][root][INFO] - Epoch [4/5], Batch [76/300], Loss: 1.0762 (Overall: 1.1164, Change: 1.7027), TF Ratio: 0.805
[2026-06-14 18:12:43,568][root][INFO] - Epoch [4/5], Batch [77/300], Loss: 1.0769 (Overall: 0.7457, Change: 1.5205), TF Ratio: 0.805
[2026-06-14 18:12:43,722][root][INFO] - Epoch [4/5], Batch [78/300], Loss: 1.0757 (Overall: 0.6973, Change: 1.2730), TF Ratio: 0.804
[2026-06-14 18:12:43,875][root][INFO] - Epoch [4/5], Batch [79/300], Loss: 1.0730 (Overall: 0.5422, Change: 1.1744), TF Ratio: 0.804
[2026-06-14 18:12:44,030][root][INFO] - Epoch [4/5], Batch [80/300], Loss: 1.0717 (Overall: 0.6582, Change: 1.2906), TF Ratio: 0.804
[2026-06-14 18:12:44,185][root][INFO] - Epoch [4/5], Batch [81/300], Loss: 1.0720 (Overall: 0.8306, Change: 1.3477), TF Ratio: 0.804
[2026-06-14 18:12:44,339][root][INFO] - Epoch [4/5], Batch [82/300], Loss: 1.0732 (Overall: 0.9431, Change: 1.4130), TF Ratio: 0.804
[2026-06-14 18:12:44,493][root][INFO] - Epoch [4/5], Batch [83/300], Loss: 1.0729 (Overall: 0.6814, Change: 1.4139), TF Ratio: 0.803
[2026-06-14 18:13:05,349][root][INFO] - Epoch [4/5], Batch [84/300], Loss: 1.0760 (Overall: 1.1812, Change: 1.4758), TF Ratio: 0.803
[2026-06-14 18:13:05,508][root][INFO] - Epoch [4/5], Batch [85/300], Loss: 1.0749 (Overall: 0.6570, Change: 1.3145), TF Ratio: 0.803
[2026-06-14 18:13:05,661][root][INFO] - Epoch [4/5], Batch [86/300], Loss: 1.0762 (Overall: 0.8881, Change: 1.4806), TF Ratio: 0.803
[2026-06-14 18:13:05,815][root][INFO] - Epoch [4/5], Batch [87/300], Loss: 1.0773 (Overall: 0.8465, Change: 1.4968), TF Ratio: 0.803
[2026-06-14 18:13:05,969][root][INFO] - Epoch [4/5], Batch [88/300], Loss: 1.0796 (Overall: 0.9390, Change: 1.6239), TF Ratio: 0.802
[2026-06-14 18:13:06,124][root][INFO] - Epoch [4/5], Batch [89/300], Loss: 1.0804 (Overall: 0.5635, Change: 1.7394), TF Ratio: 0.802
[2026-06-14 18:13:06,278][root][INFO] - Epoch [4/5], Batch [90/300], Loss: 1.0818 (Overall: 1.0502, Change: 1.3673), TF Ratio: 0.802
[2026-06-14 18:13:06,432][root][INFO] - Epoch [4/5], Batch [91/300], Loss: 1.0781 (Overall: 0.4841, Change: 0.9991), TF Ratio: 0.802
[2026-06-14 18:13:06,603][root][INFO] - Epoch [4/5], Batch [92/300], Loss: 1.0789 (Overall: 0.7831, Change: 1.5172), TF Ratio: 0.802
[2026-06-14 18:13:06,757][root][INFO] - Epoch [4/5], Batch [93/300], Loss: 1.0801 (Overall: 0.9075, Change: 1.4788), TF Ratio: 0.801
[2026-06-14 18:13:06,912][root][INFO] - Epoch [4/5], Batch [94/300], Loss: 1.0817 (Overall: 0.9846, Change: 1.4800), TF Ratio: 0.801
[2026-06-14 18:13:07,068][root][INFO] - Epoch [4/5], Batch [95/300], Loss: 1.0827 (Overall: 0.7709, Change: 1.5744), TF Ratio: 0.801
[2026-06-14 18:13:22,517][root][INFO] - Epoch [4/5], Batch [96/300], Loss: 1.0869 (Overall: 0.7839, Change: 2.1866), TF Ratio: 0.801
[2026-06-14 18:13:22,672][root][INFO] - Epoch [4/5], Batch [97/300], Loss: 1.0853 (Overall: 0.7362, Change: 1.1290), TF Ratio: 0.801
[2026-06-14 18:13:22,826][root][INFO] - Epoch [4/5], Batch [98/300], Loss: 1.0893 (Overall: 1.0363, Change: 1.9112), TF Ratio: 0.800
[2026-06-14 18:13:22,979][root][INFO] - Epoch [4/5], Batch [99/300], Loss: 1.0882 (Overall: 0.6491, Change: 1.3271), TF Ratio: 0.800
[2026-06-14 18:13:23,134][root][INFO] - Epoch [4/5], Batch [100/300], Loss: 1.0892 (Overall: 0.6767, Change: 1.7000), TF Ratio: 0.800
[2026-06-14 18:13:23,289][root][INFO] - Epoch [4/5], Batch [101/300], Loss: 1.0868 (Overall: 0.4853, Change: 1.2084), TF Ratio: 0.800
[2026-06-14 18:13:23,444][root][INFO] - Epoch [4/5], Batch [102/300], Loss: 1.0862 (Overall: 0.6994, Change: 1.3525), TF Ratio: 0.800
[2026-06-14 18:13:23,598][root][INFO] - Epoch [4/5], Batch [103/300], Loss: 1.0875 (Overall: 0.7676, Change: 1.6697), TF Ratio: 0.799
[2026-06-14 18:13:23,752][root][INFO] - Epoch [4/5], Batch [104/300], Loss: 1.0865 (Overall: 0.6130, Change: 1.3507), TF Ratio: 0.799
[2026-06-14 18:13:23,907][root][INFO] - Epoch [4/5], Batch [105/300], Loss: 1.0859 (Overall: 0.7995, Change: 1.2482), TF Ratio: 0.799
[2026-06-14 18:13:24,060][root][INFO] - Epoch [4/5], Batch [106/300], Loss: 1.0871 (Overall: 1.0046, Change: 1.4161), TF Ratio: 0.799
[2026-06-14 18:13:24,218][root][INFO] - Epoch [4/5], Batch [107/300], Loss: 1.0871 (Overall: 0.6985, Change: 1.4840), TF Ratio: 0.799
[2026-06-14 18:13:34,703][root][INFO] - Epoch [4/5], Batch [108/300], Loss: 1.0916 (Overall: 1.4583, Change: 1.6927), TF Ratio: 0.798
[2026-06-14 18:13:34,860][root][INFO] - Epoch [4/5], Batch [109/300], Loss: 1.0892 (Overall: 0.7205, Change: 0.9299), TF Ratio: 0.798
[2026-06-14 18:13:35,013][root][INFO] - Epoch [4/5], Batch [110/300], Loss: 1.0900 (Overall: 0.7323, Change: 1.6215), TF Ratio: 0.798
[2026-06-14 18:13:35,166][root][INFO] - Epoch [4/5], Batch [111/300], Loss: 1.0886 (Overall: 0.7429, Change: 1.1356), TF Ratio: 0.798
[2026-06-14 18:13:35,321][root][INFO] - Epoch [4/5], Batch [112/300], Loss: 1.0878 (Overall: 0.6423, Change: 1.3501), TF Ratio: 0.798
[2026-06-14 18:13:35,474][root][INFO] - Epoch [4/5], Batch [113/300], Loss: 1.0888 (Overall: 0.9704, Change: 1.4304), TF Ratio: 0.797
[2026-06-14 18:13:35,628][root][INFO] - Epoch [4/5], Batch [114/300], Loss: 1.0883 (Overall: 0.5392, Change: 1.5150), TF Ratio: 0.797
[2026-06-14 18:13:35,781][root][INFO] - Epoch [4/5], Batch [115/300], Loss: 1.0876 (Overall: 0.6217, Change: 1.4000), TF Ratio: 0.797
[2026-06-14 18:13:35,939][root][INFO] - Epoch [4/5], Batch [116/300], Loss: 1.0888 (Overall: 1.0794, Change: 1.3786), TF Ratio: 0.797
[2026-06-14 18:13:36,094][root][INFO] - Epoch [4/5], Batch [117/300], Loss: 1.0874 (Overall: 0.5673, Change: 1.2721), TF Ratio: 0.797
[2026-06-14 18:13:36,248][root][INFO] - Epoch [4/5], Batch [118/300], Loss: 1.0874 (Overall: 0.9273, Change: 1.2637), TF Ratio: 0.796
[2026-06-14 18:13:36,415][root][INFO] - Epoch [4/5], Batch [119/300], Loss: 1.0851 (Overall: 0.5266, Change: 1.0792), TF Ratio: 0.796
[2026-06-14 18:13:47,167][root][INFO] - Epoch [4/5], Batch [120/300], Loss: 1.0852 (Overall: 0.6960, Change: 1.5098), TF Ratio: 0.796
[2026-06-14 18:13:47,326][root][INFO] - Epoch [4/5], Batch [121/300], Loss: 1.0843 (Overall: 0.5942, Change: 1.3549), TF Ratio: 0.796
[2026-06-14 18:13:47,478][root][INFO] - Epoch [4/5], Batch [122/300], Loss: 1.0842 (Overall: 0.8086, Change: 1.3392), TF Ratio: 0.796
[2026-06-14 18:13:47,631][root][INFO] - Epoch [4/5], Batch [123/300], Loss: 1.0858 (Overall: 0.7735, Change: 1.7767), TF Ratio: 0.795
[2026-06-14 18:13:47,786][root][INFO] - Epoch [4/5], Batch [124/300], Loss: 1.0859 (Overall: 0.5991, Change: 1.6074), TF Ratio: 0.795
[2026-06-14 18:13:47,940][root][INFO] - Epoch [4/5], Batch [125/300], Loss: 1.0849 (Overall: 0.4900, Change: 1.4314), TF Ratio: 0.795
[2026-06-14 18:13:48,093][root][INFO] - Epoch [4/5], Batch [126/300], Loss: 1.0845 (Overall: 0.6747, Change: 1.4009), TF Ratio: 0.795
[2026-06-14 18:13:48,246][root][INFO] - Epoch [4/5], Batch [127/300], Loss: 1.0840 (Overall: 0.4984, Change: 1.5495), TF Ratio: 0.795
[2026-06-14 18:13:48,402][root][INFO] - Epoch [4/5], Batch [128/300], Loss: 1.0836 (Overall: 0.7084, Change: 1.3352), TF Ratio: 0.794
[2026-06-14 18:13:48,556][root][INFO] - Epoch [4/5], Batch [129/300], Loss: 1.0819 (Overall: 0.7200, Change: 1.0244), TF Ratio: 0.794
[2026-06-14 18:13:48,709][root][INFO] - Epoch [4/5], Batch [130/300], Loss: 1.0819 (Overall: 0.5113, Change: 1.6503), TF Ratio: 0.794
[2026-06-14 18:13:48,862][root][INFO] - Epoch [4/5], Batch [131/300], Loss: 1.0810 (Overall: 0.5527, Change: 1.3628), TF Ratio: 0.794
[2026-06-14 18:14:01,650][root][INFO] - Epoch [4/5], Batch [132/300], Loss: 1.0820 (Overall: 0.7945, Change: 1.6494), TF Ratio: 0.794
[2026-06-14 18:14:01,807][root][INFO] - Epoch [4/5], Batch [133/300], Loss: 1.0799 (Overall: 0.5360, Change: 1.0730), TF Ratio: 0.793
[2026-06-14 18:14:01,961][root][INFO] - Epoch [4/5], Batch [134/300], Loss: 1.0804 (Overall: 0.7982, Change: 1.4879), TF Ratio: 0.793
[2026-06-14 18:14:02,116][root][INFO] - Epoch [4/5], Batch [135/300], Loss: 1.0794 (Overall: 0.6090, Change: 1.2726), TF Ratio: 0.793
[2026-06-14 18:14:02,276][root][INFO] - Epoch [4/5], Batch [136/300], Loss: 1.0805 (Overall: 0.9539, Change: 1.5134), TF Ratio: 0.793
[2026-06-14 18:14:02,430][root][INFO] - Epoch [4/5], Batch [137/300], Loss: 1.0795 (Overall: 0.7592, Change: 1.1244), TF Ratio: 0.793
[2026-06-14 18:14:02,583][root][INFO] - Epoch [4/5], Batch [138/300], Loss: 1.0777 (Overall: 0.5409, Change: 1.1329), TF Ratio: 0.792
[2026-06-14 18:14:02,737][root][INFO] - Epoch [4/5], Batch [139/300], Loss: 1.0781 (Overall: 0.8502, Change: 1.4186), TF Ratio: 0.792
[2026-06-14 18:14:02,892][root][INFO] - Epoch [4/5], Batch [140/300], Loss: 1.0777 (Overall: 0.6062, Change: 1.4372), TF Ratio: 0.792
[2026-06-14 18:14:03,046][root][INFO] - Epoch [4/5], Batch [141/300], Loss: 1.0777 (Overall: 0.5776, Change: 1.5621), TF Ratio: 0.792
[2026-06-14 18:14:03,215][root][INFO] - Epoch [4/5], Batch [142/300], Loss: 1.0772 (Overall: 0.8497, Change: 1.1629), TF Ratio: 0.792
[2026-06-14 18:14:03,368][root][INFO] - Epoch [4/5], Batch [143/300], Loss: 1.0766 (Overall: 0.8272, Change: 1.1480), TF Ratio: 0.791
[2026-06-14 18:14:16,707][root][INFO] - Epoch [4/5], Batch [144/300], Loss: 1.0768 (Overall: 0.6570, Change: 1.5745), TF Ratio: 0.791
[2026-06-14 18:14:16,863][root][INFO] - Epoch [4/5], Batch [145/300], Loss: 1.0764 (Overall: 0.6254, Change: 1.4150), TF Ratio: 0.791
[2026-06-14 18:14:17,018][root][INFO] - Epoch [4/5], Batch [146/300], Loss: 1.0765 (Overall: 0.7653, Change: 1.3909), TF Ratio: 0.791
[2026-06-14 18:14:17,171][root][INFO] - Epoch [4/5], Batch [147/300], Loss: 1.0767 (Overall: 0.5865, Change: 1.6303), TF Ratio: 0.791
[2026-06-14 18:14:17,325][root][INFO] - Epoch [4/5], Batch [148/300], Loss: 1.0759 (Overall: 0.5659, Change: 1.3698), TF Ratio: 0.790
[2026-06-14 18:14:17,479][root][INFO] - Epoch [4/5], Batch [149/300], Loss: 1.0741 (Overall: 0.5745, Change: 1.0243), TF Ratio: 0.790
[2026-06-14 18:14:17,632][root][INFO] - Epoch [4/5], Batch [150/300], Loss: 1.0776 (Overall: 1.4999, Change: 1.6994), TF Ratio: 0.790
[2026-06-14 18:14:17,785][root][INFO] - Epoch [4/5], Batch [151/300], Loss: 1.0769 (Overall: 0.8818, Change: 1.0781), TF Ratio: 0.790
[2026-06-14 18:14:17,940][root][INFO] - Epoch [4/5], Batch [152/300], Loss: 1.0771 (Overall: 0.6153, Change: 1.5892), TF Ratio: 0.790
[2026-06-14 18:14:18,093][root][INFO] - Epoch [4/5], Batch [153/300], Loss: 1.0767 (Overall: 0.6076, Change: 1.4293), TF Ratio: 0.789
[2026-06-14 18:14:18,245][root][INFO] - Epoch [4/5], Batch [154/300], Loss: 1.0752 (Overall: 0.7156, Change: 0.9654), TF Ratio: 0.789
[2026-06-14 18:14:18,398][root][INFO] - Epoch [4/5], Batch [155/300], Loss: 1.0733 (Overall: 0.6284, Change: 0.9398), TF Ratio: 0.789
[2026-06-14 18:14:37,335][root][INFO] - Epoch [4/5], Batch [156/300], Loss: 1.0731 (Overall: 0.7054, Change: 1.3696), TF Ratio: 0.789
[2026-06-14 18:14:37,494][root][INFO] - Epoch [4/5], Batch [157/300], Loss: 1.0717 (Overall: 0.6463, Change: 1.0729), TF Ratio: 0.789
[2026-06-14 18:14:37,647][root][INFO] - Epoch [4/5], Batch [158/300], Loss: 1.0710 (Overall: 0.6344, Change: 1.2814), TF Ratio: 0.788
[2026-06-14 18:14:37,801][root][INFO] - Epoch [4/5], Batch [159/300], Loss: 1.0707 (Overall: 0.5051, Change: 1.5423), TF Ratio: 0.788
[2026-06-14 18:14:37,961][root][INFO] - Epoch [4/5], Batch [160/300], Loss: 1.0709 (Overall: 0.7781, Change: 1.4353), TF Ratio: 0.788
[2026-06-14 18:14:38,115][root][INFO] - Epoch [4/5], Batch [161/300], Loss: 1.0724 (Overall: 1.1629, Change: 1.4676), TF Ratio: 0.788
[2026-06-14 18:14:38,269][root][INFO] - Epoch [4/5], Batch [162/300], Loss: 1.0704 (Overall: 0.5108, Change: 0.9628), TF Ratio: 0.788
[2026-06-14 18:14:38,422][root][INFO] - Epoch [4/5], Batch [163/300], Loss: 1.0707 (Overall: 0.6755, Change: 1.5737), TF Ratio: 0.787
[2026-06-14 18:14:38,577][root][INFO] - Epoch [4/5], Batch [164/300], Loss: 1.0706 (Overall: 0.7043, Change: 1.3962), TF Ratio: 0.787
[2026-06-14 18:14:38,731][root][INFO] - Epoch [4/5], Batch [165/300], Loss: 1.0704 (Overall: 0.7190, Change: 1.3682), TF Ratio: 0.787
[2026-06-14 18:14:38,884][root][INFO] - Epoch [4/5], Batch [166/300], Loss: 1.0711 (Overall: 0.7876, Change: 1.5901), TF Ratio: 0.787
[2026-06-14 18:14:39,038][root][INFO] - Epoch [4/5], Batch [167/300], Loss: 1.0713 (Overall: 0.7256, Change: 1.4593), TF Ratio: 0.787
[2026-06-14 18:14:50,115][root][INFO] - Epoch [4/5], Batch [168/300], Loss: 1.0708 (Overall: 0.7200, Change: 1.2609), TF Ratio: 0.786
[2026-06-14 18:14:50,271][root][INFO] - Epoch [4/5], Batch [169/300], Loss: 1.0710 (Overall: 0.9120, Change: 1.2959), TF Ratio: 0.786
[2026-06-14 18:14:50,424][root][INFO] - Epoch [4/5], Batch [170/300], Loss: 1.0717 (Overall: 0.7482, Change: 1.6554), TF Ratio: 0.786
[2026-06-14 18:14:50,578][root][INFO] - Epoch [4/5], Batch [171/300], Loss: 1.0727 (Overall: 0.5727, Change: 1.8950), TF Ratio: 0.786
[2026-06-14 18:14:50,733][root][INFO] - Epoch [4/5], Batch [172/300], Loss: 1.0716 (Overall: 0.5240, Change: 1.2440), TF Ratio: 0.786
[2026-06-14 18:14:50,889][root][INFO] - Epoch [4/5], Batch [173/300], Loss: 1.0716 (Overall: 0.6643, Change: 1.4887), TF Ratio: 0.785
[2026-06-14 18:14:51,043][root][INFO] - Epoch [4/5], Batch [174/300], Loss: 1.0707 (Overall: 0.4252, Change: 1.3865), TF Ratio: 0.785
[2026-06-14 18:14:51,197][root][INFO] - Epoch [4/5], Batch [175/300], Loss: 1.0712 (Overall: 0.8620, Change: 1.4550), TF Ratio: 0.785
[2026-06-14 18:14:51,352][root][INFO] - Epoch [4/5], Batch [176/300], Loss: 1.0708 (Overall: 0.8361, Change: 1.1625), TF Ratio: 0.785
[2026-06-14 18:14:51,506][root][INFO] - Epoch [4/5], Batch [177/300], Loss: 1.0707 (Overall: 0.7590, Change: 1.3455), TF Ratio: 0.785
[2026-06-14 18:14:51,660][root][INFO] - Epoch [4/5], Batch [178/300], Loss: 1.0694 (Overall: 0.6222, Change: 1.0621), TF Ratio: 0.784
[2026-06-14 18:14:51,813][root][INFO] - Epoch [4/5], Batch [179/300], Loss: 1.0691 (Overall: 0.6390, Change: 1.3857), TF Ratio: 0.784
[2026-06-14 18:15:09,994][root][INFO] - Epoch [4/5], Batch [180/300], Loss: 1.0680 (Overall: 0.7764, Change: 0.9804), TF Ratio: 0.784
[2026-06-14 18:15:10,154][root][INFO] - Epoch [4/5], Batch [181/300], Loss: 1.0679 (Overall: 0.8808, Change: 1.2048), TF Ratio: 0.784
[2026-06-14 18:15:10,307][root][INFO] - Epoch [4/5], Batch [182/300], Loss: 1.0680 (Overall: 0.8542, Change: 1.3470), TF Ratio: 0.784
[2026-06-14 18:15:10,460][root][INFO] - Epoch [4/5], Batch [183/300], Loss: 1.0659 (Overall: 0.4043, Change: 0.9607), TF Ratio: 0.783
[2026-06-14 18:15:10,622][root][INFO] - Epoch [4/5], Batch [184/300], Loss: 1.0658 (Overall: 0.6087, Change: 1.4636), TF Ratio: 0.783
[2026-06-14 18:15:10,776][root][INFO] - Epoch [4/5], Batch [185/300], Loss: 1.0658 (Overall: 0.6739, Change: 1.4728), TF Ratio: 0.783
[2026-06-14 18:15:10,930][root][INFO] - Epoch [4/5], Batch [186/300], Loss: 1.0635 (Overall: 0.4321, Change: 0.8428), TF Ratio: 0.783
[2026-06-14 18:15:11,084][root][INFO] - Epoch [4/5], Batch [187/300], Loss: 1.0635 (Overall: 0.6447, Change: 1.4795), TF Ratio: 0.783
[2026-06-14 18:15:11,246][root][INFO] - Epoch [4/5], Batch [188/300], Loss: 1.0638 (Overall: 0.8943, Change: 1.3414), TF Ratio: 0.782
[2026-06-14 18:15:11,400][root][INFO] - Epoch [4/5], Batch [189/300], Loss: 1.0637 (Overall: 0.8478, Change: 1.2377), TF Ratio: 0.782
[2026-06-14 18:15:11,554][root][INFO] - Epoch [4/5], Batch [190/300], Loss: 1.0626 (Overall: 0.7591, Change: 0.9482), TF Ratio: 0.782
[2026-06-14 18:15:11,707][root][INFO] - Epoch [4/5], Batch [191/300], Loss: 1.0637 (Overall: 0.9067, Change: 1.6430), TF Ratio: 0.782
[2026-06-14 18:15:40,051][root][INFO] - Epoch [4/5], Batch [192/300], Loss: 1.0632 (Overall: 0.6579, Change: 1.2704), TF Ratio: 0.782
[2026-06-14 18:15:40,210][root][INFO] - Epoch [4/5], Batch [193/300], Loss: 1.0631 (Overall: 0.7646, Change: 1.3535), TF Ratio: 0.781
[2026-06-14 18:15:40,363][root][INFO] - Epoch [4/5], Batch [194/300], Loss: 1.0628 (Overall: 0.6997, Change: 1.2955), TF Ratio: 0.781
[2026-06-14 18:15:40,517][root][INFO] - Epoch [4/5], Batch [195/300], Loss: 1.0637 (Overall: 0.9118, Change: 1.5722), TF Ratio: 0.781
[2026-06-14 18:15:40,673][root][INFO] - Epoch [4/5], Batch [196/300], Loss: 1.0631 (Overall: 0.7632, Change: 1.1325), TF Ratio: 0.781
[2026-06-14 18:15:40,828][root][INFO] - Epoch [4/5], Batch [197/300], Loss: 1.0631 (Overall: 0.7496, Change: 1.3783), TF Ratio: 0.781
[2026-06-14 18:15:40,982][root][INFO] - Epoch [4/5], Batch [198/300], Loss: 1.0635 (Overall: 1.1204, Change: 1.1645), TF Ratio: 0.780
[2026-06-14 18:15:41,136][root][INFO] - Epoch [4/5], Batch [199/300], Loss: 1.0625 (Overall: 0.5358, Change: 1.1648), TF Ratio: 0.780
[2026-06-14 18:15:41,291][root][INFO] - Epoch [4/5], Batch [200/300], Loss: 1.0620 (Overall: 0.4092, Change: 1.5415), TF Ratio: 0.780
[2026-06-14 18:15:41,445][root][INFO] - Epoch [4/5], Batch [201/300], Loss: 1.0614 (Overall: 0.9040, Change: 0.9540), TF Ratio: 0.780
[2026-06-14 18:15:41,611][root][INFO] - Epoch [4/5], Batch [202/300], Loss: 1.0611 (Overall: 0.7212, Change: 1.3031), TF Ratio: 0.780
[2026-06-14 18:15:41,782][root][INFO] - Epoch [4/5], Batch [203/300], Loss: 1.0613 (Overall: 0.8988, Change: 1.3116), TF Ratio: 0.779
[2026-06-14 18:15:54,045][root][INFO] - Epoch [4/5], Batch [204/300], Loss: 1.0633 (Overall: 1.3712, Change: 1.5674), TF Ratio: 0.779
[2026-06-14 18:15:54,200][root][INFO] - Epoch [4/5], Batch [205/300], Loss: 1.0640 (Overall: 0.9086, Change: 1.4799), TF Ratio: 0.779
[2026-06-14 18:15:54,352][root][INFO] - Epoch [4/5], Batch [206/300], Loss: 1.0635 (Overall: 0.7008, Change: 1.2239), TF Ratio: 0.779
[2026-06-14 18:15:54,504][root][INFO] - Epoch [4/5], Batch [207/300], Loss: 1.0638 (Overall: 0.7694, Change: 1.4780), TF Ratio: 0.779
[2026-06-14 18:15:54,659][root][INFO] - Epoch [4/5], Batch [208/300], Loss: 1.0625 (Overall: 0.4908, Change: 1.1148), TF Ratio: 0.778
[2026-06-14 18:15:54,811][root][INFO] - Epoch [4/5], Batch [209/300], Loss: 1.0614 (Overall: 0.5412, Change: 1.1140), TF Ratio: 0.778
[2026-06-14 18:15:54,964][root][INFO] - Epoch [4/5], Batch [210/300], Loss: 1.0601 (Overall: 0.4583, Change: 1.1387), TF Ratio: 0.778
[2026-06-14 18:15:55,116][root][INFO] - Epoch [4/5], Batch [211/300], Loss: 1.0590 (Overall: 0.6574, Change: 0.9994), TF Ratio: 0.778
[2026-06-14 18:15:55,270][root][INFO] - Epoch [4/5], Batch [212/300], Loss: 1.0593 (Overall: 0.5735, Change: 1.6591), TF Ratio: 0.778
[2026-06-14 18:15:55,425][root][INFO] - Epoch [4/5], Batch [213/300], Loss: 1.0583 (Overall: 0.8740, Change: 0.8143), TF Ratio: 0.777
[2026-06-14 18:15:55,579][root][INFO] - Epoch [4/5], Batch [214/300], Loss: 1.0587 (Overall: 0.8953, Change: 1.3941), TF Ratio: 0.777
[2026-06-14 18:15:55,734][root][INFO] - Epoch [4/5], Batch [215/300], Loss: 1.0581 (Overall: 0.4937, Change: 1.3411), TF Ratio: 0.777
[2026-06-14 18:16:06,819][root][INFO] - Epoch [4/5], Batch [216/300], Loss: 1.0571 (Overall: 0.4835, Change: 1.2216), TF Ratio: 0.777
[2026-06-14 18:16:06,979][root][INFO] - Epoch [4/5], Batch [217/300], Loss: 1.0571 (Overall: 0.7220, Change: 1.3916), TF Ratio: 0.777
[2026-06-14 18:16:07,132][root][INFO] - Epoch [4/5], Batch [218/300], Loss: 1.0577 (Overall: 0.7077, Change: 1.6853), TF Ratio: 0.776
[2026-06-14 18:16:07,286][root][INFO] - Epoch [4/5], Batch [219/300], Loss: 1.0580 (Overall: 0.6509, Change: 1.5804), TF Ratio: 0.776
[2026-06-14 18:16:07,441][root][INFO] - Epoch [4/5], Batch [220/300], Loss: 1.0580 (Overall: 0.6337, Change: 1.4778), TF Ratio: 0.776
[2026-06-14 18:16:07,596][root][INFO] - Epoch [4/5], Batch [221/300], Loss: 1.0578 (Overall: 0.5459, Change: 1.4848), TF Ratio: 0.776
[2026-06-14 18:16:07,749][root][INFO] - Epoch [4/5], Batch [222/300], Loss: 1.0576 (Overall: 0.7061, Change: 1.3058), TF Ratio: 0.776
[2026-06-14 18:16:07,902][root][INFO] - Epoch [4/5], Batch [223/300], Loss: 1.0582 (Overall: 0.7898, Change: 1.6272), TF Ratio: 0.775
[2026-06-14 18:16:08,056][root][INFO] - Epoch [4/5], Batch [224/300], Loss: 1.0581 (Overall: 0.5662, Change: 1.4751), TF Ratio: 0.775
[2026-06-14 18:16:08,211][root][INFO] - Epoch [4/5], Batch [225/300], Loss: 1.0582 (Overall: 0.5370, Change: 1.6449), TF Ratio: 0.775
[2026-06-14 18:16:08,364][root][INFO] - Epoch [4/5], Batch [226/300], Loss: 1.0575 (Overall: 0.4222, Change: 1.3645), TF Ratio: 0.775
[2026-06-14 18:16:08,518][root][INFO] - Epoch [4/5], Batch [227/300], Loss: 1.0572 (Overall: 0.7759, Change: 1.2121), TF Ratio: 0.775
[2026-06-14 18:16:19,794][root][INFO] - Epoch [4/5], Batch [228/300], Loss: 1.0579 (Overall: 0.7831, Change: 1.6308), TF Ratio: 0.774
[2026-06-14 18:16:19,951][root][INFO] - Epoch [4/5], Batch [229/300], Loss: 1.0583 (Overall: 0.9079, Change: 1.3830), TF Ratio: 0.774
[2026-06-14 18:16:20,104][root][INFO] - Epoch [4/5], Batch [230/300], Loss: 1.0577 (Overall: 0.5054, Change: 1.3401), TF Ratio: 0.774
[2026-06-14 18:16:20,256][root][INFO] - Epoch [4/5], Batch [231/300], Loss: 1.0571 (Overall: 0.4884, Change: 1.3528), TF Ratio: 0.774
[2026-06-14 18:16:20,418][root][INFO] - Epoch [4/5], Batch [232/300], Loss: 1.0576 (Overall: 0.7664, Change: 1.5840), TF Ratio: 0.774
[2026-06-14 18:16:20,571][root][INFO] - Epoch [4/5], Batch [233/300], Loss: 1.0585 (Overall: 0.9932, Change: 1.5658), TF Ratio: 0.773
[2026-06-14 18:16:20,724][root][INFO] - Epoch [4/5], Batch [234/300], Loss: 1.0588 (Overall: 0.8920, Change: 1.3604), TF Ratio: 0.773
[2026-06-14 18:16:20,878][root][INFO] - Epoch [4/5], Batch [235/300], Loss: 1.0586 (Overall: 0.5176, Change: 1.4851), TF Ratio: 0.773
[2026-06-14 18:16:21,043][root][INFO] - Epoch [4/5], Batch [236/300], Loss: 1.0587 (Overall: 0.9024, Change: 1.2622), TF Ratio: 0.773
[2026-06-14 18:16:21,197][root][INFO] - Epoch [4/5], Batch [237/300], Loss: 1.0582 (Overall: 0.7069, Change: 1.1906), TF Ratio: 0.773
[2026-06-14 18:16:21,350][root][INFO] - Epoch [4/5], Batch [238/300], Loss: 1.0593 (Overall: 1.1204, Change: 1.5151), TF Ratio: 0.772
[2026-06-14 18:16:21,503][root][INFO] - Epoch [4/5], Batch [239/300], Loss: 1.0586 (Overall: 0.8018, Change: 0.9878), TF Ratio: 0.772
[2026-06-14 18:16:38,082][root][INFO] - Epoch [4/5], Batch [240/300], Loss: 1.0583 (Overall: 0.6422, Change: 1.3158), TF Ratio: 0.772
[2026-06-14 18:16:38,239][root][INFO] - Epoch [4/5], Batch [241/300], Loss: 1.0581 (Overall: 0.8896, Change: 1.1341), TF Ratio: 0.772
[2026-06-14 18:16:38,392][root][INFO] - Epoch [4/5], Batch [242/300], Loss: 1.0581 (Overall: 0.7651, Change: 1.3726), TF Ratio: 0.772
[2026-06-14 18:16:38,546][root][INFO] - Epoch [4/5], Batch [243/300], Loss: 1.0578 (Overall: 0.7749, Change: 1.1968), TF Ratio: 0.771
[2026-06-14 18:16:38,703][root][INFO] - Epoch [4/5], Batch [244/300], Loss: 1.0577 (Overall: 0.6088, Change: 1.4482), TF Ratio: 0.771
[2026-06-14 18:16:38,856][root][INFO] - Epoch [4/5], Batch [245/300], Loss: 1.0583 (Overall: 0.9752, Change: 1.4327), TF Ratio: 0.771
[2026-06-14 18:16:39,009][root][INFO] - Epoch [4/5], Batch [246/300], Loss: 1.0576 (Overall: 0.5877, Change: 1.1732), TF Ratio: 0.771
[2026-06-14 18:16:39,162][root][INFO] - Epoch [4/5], Batch [247/300], Loss: 1.0574 (Overall: 0.9262, Change: 1.1022), TF Ratio: 0.771
[2026-06-14 18:16:39,317][root][INFO] - Epoch [4/5], Batch [248/300], Loss: 1.0574 (Overall: 0.6937, Change: 1.4253), TF Ratio: 0.770
[2026-06-14 18:16:39,471][root][INFO] - Epoch [4/5], Batch [249/300], Loss: 1.0568 (Overall: 0.5138, Change: 1.3134), TF Ratio: 0.770
[2026-06-14 18:16:39,627][root][INFO] - Epoch [4/5], Batch [250/300], Loss: 1.0567 (Overall: 0.6610, Change: 1.3813), TF Ratio: 0.770
[2026-06-14 18:16:39,780][root][INFO] - Epoch [4/5], Batch [251/300], Loss: 1.0557 (Overall: 0.5762, Change: 1.0183), TF Ratio: 0.770
[2026-06-14 18:16:50,738][root][INFO] - Epoch [4/5], Batch [252/300], Loss: 1.0547 (Overall: 0.5324, Change: 1.0921), TF Ratio: 0.770
[2026-06-14 18:16:50,911][root][INFO] - Epoch [4/5], Batch [253/300], Loss: 1.0549 (Overall: 0.6503, Change: 1.5779), TF Ratio: 0.769
[2026-06-14 18:16:51,064][root][INFO] - Epoch [4/5], Batch [254/300], Loss: 1.0550 (Overall: 0.5131, Change: 1.6344), TF Ratio: 0.769
[2026-06-14 18:16:51,217][root][INFO] - Epoch [4/5], Batch [255/300], Loss: 1.0549 (Overall: 0.5661, Change: 1.4732), TF Ratio: 0.769
[2026-06-14 18:16:51,371][root][INFO] - Epoch [4/5], Batch [256/300], Loss: 1.0549 (Overall: 0.8873, Change: 1.2167), TF Ratio: 0.769
[2026-06-14 18:16:51,525][root][INFO] - Epoch [4/5], Batch [257/300], Loss: 1.0562 (Overall: 1.0096, Change: 1.7917), TF Ratio: 0.769
[2026-06-14 18:16:51,677][root][INFO] - Epoch [4/5], Batch [258/300], Loss: 1.0553 (Overall: 0.7153, Change: 0.9342), TF Ratio: 0.768
[2026-06-14 18:16:51,830][root][INFO] - Epoch [4/5], Batch [259/300], Loss: 1.0549 (Overall: 0.7573, Change: 1.1632), TF Ratio: 0.768
[2026-06-14 18:16:51,984][root][INFO] - Epoch [4/5], Batch [260/300], Loss: 1.0537 (Overall: 0.3500, Change: 1.1190), TF Ratio: 0.768
[2026-06-14 18:16:52,138][root][INFO] - Epoch [4/5], Batch [261/300], Loss: 1.0543 (Overall: 0.7008, Change: 1.6945), TF Ratio: 0.768
[2026-06-14 18:16:52,291][root][INFO] - Epoch [4/5], Batch [262/300], Loss: 1.0542 (Overall: 0.5575, Change: 1.5219), TF Ratio: 0.768
[2026-06-14 18:16:52,443][root][INFO] - Epoch [4/5], Batch [263/300], Loss: 1.0529 (Overall: 0.4167, Change: 0.9789), TF Ratio: 0.767
[2026-06-14 18:17:04,934][root][INFO] - Epoch [4/5], Batch [264/300], Loss: 1.0536 (Overall: 0.9202, Change: 1.5631), TF Ratio: 0.767
[2026-06-14 18:17:11,608][root][INFO] - Epoch [4/5], Batch [265/300], Loss: 1.0542 (Overall: 0.8388, Change: 1.5993), TF Ratio: 0.767
[2026-06-14 18:17:11,765][root][INFO] - Epoch [4/5], Batch [266/300], Loss: 1.0547 (Overall: 0.9485, Change: 1.4081), TF Ratio: 0.767
[2026-06-14 18:17:11,918][root][INFO] - Epoch [4/5], Batch [267/300], Loss: 1.0544 (Overall: 0.7803, Change: 1.1974), TF Ratio: 0.767
[2026-06-14 18:17:12,073][root][INFO] - Epoch [4/5], Batch [268/300], Loss: 1.0541 (Overall: 0.5493, Change: 1.3899), TF Ratio: 0.766
[2026-06-14 18:17:12,227][root][INFO] - Epoch [4/5], Batch [269/300], Loss: 1.0542 (Overall: 0.5325, Change: 1.6537), TF Ratio: 0.766
[2026-06-14 18:17:12,380][root][INFO] - Epoch [4/5], Batch [270/300], Loss: 1.0544 (Overall: 0.6403, Change: 1.5672), TF Ratio: 0.766
[2026-06-14 18:17:12,541][root][INFO] - Epoch [4/5], Batch [271/300], Loss: 1.0542 (Overall: 0.7740, Change: 1.2249), TF Ratio: 0.766
[2026-06-14 18:17:12,695][root][INFO] - Epoch [4/5], Batch [272/300], Loss: 1.0544 (Overall: 0.5365, Change: 1.6829), TF Ratio: 0.766
[2026-06-14 18:17:12,848][root][INFO] - Epoch [4/5], Batch [273/300], Loss: 1.0555 (Overall: 0.7221, Change: 1.9926), TF Ratio: 0.765
[2026-06-14 18:17:13,002][root][INFO] - Epoch [4/5], Batch [274/300], Loss: 1.0558 (Overall: 0.6769, Change: 1.5855), TF Ratio: 0.765
[2026-06-14 18:17:13,156][root][INFO] - Epoch [4/5], Batch [275/300], Loss: 1.0551 (Overall: 0.4223, Change: 1.3114), TF Ratio: 0.765
[2026-06-14 18:17:16,812][root][INFO] - Epoch [4/5], Batch [276/300], Loss: 1.0564 (Overall: 1.1210, Change: 1.7052), TF Ratio: 0.765
[2026-06-14 18:17:23,754][root][INFO] - Epoch [4/5], Batch [277/300], Loss: 1.0571 (Overall: 1.0105, Change: 1.4896), TF Ratio: 0.765
[2026-06-14 18:17:23,907][root][INFO] - Epoch [4/5], Batch [278/300], Loss: 1.0574 (Overall: 0.7995, Change: 1.4917), TF Ratio: 0.764
[2026-06-14 18:17:24,059][root][INFO] - Epoch [4/5], Batch [279/300], Loss: 1.0581 (Overall: 0.8941, Change: 1.6021), TF Ratio: 0.764
[2026-06-14 18:17:24,216][root][INFO] - Epoch [4/5], Batch [280/300], Loss: 1.0578 (Overall: 0.8815, Change: 1.0286), TF Ratio: 0.764
[2026-06-14 18:17:24,370][root][INFO] - Epoch [4/5], Batch [281/300], Loss: 1.0579 (Overall: 0.8682, Change: 1.3064), TF Ratio: 0.764
[2026-06-14 18:17:24,526][root][INFO] - Epoch [4/5], Batch [282/300], Loss: 1.0582 (Overall: 0.8159, Change: 1.4852), TF Ratio: 0.764
[2026-06-14 18:17:24,679][root][INFO] - Epoch [4/5], Batch [283/300], Loss: 1.0590 (Overall: 0.9419, Change: 1.6561), TF Ratio: 0.763
[2026-06-14 18:17:24,834][root][INFO] - Epoch [4/5], Batch [284/300], Loss: 1.0588 (Overall: 0.7044, Change: 1.2830), TF Ratio: 0.763
[2026-06-14 18:17:24,987][root][INFO] - Epoch [4/5], Batch [285/300], Loss: 1.0596 (Overall: 0.9580, Change: 1.6148), TF Ratio: 0.763
[2026-06-14 18:17:25,142][root][INFO] - Epoch [4/5], Batch [286/300], Loss: 1.0590 (Overall: 0.5292, Change: 1.2218), TF Ratio: 0.763
[2026-06-14 18:17:25,295][root][INFO] - Epoch [4/5], Batch [287/300], Loss: 1.0577 (Overall: 0.6202, Change: 0.7681), TF Ratio: 0.763
[2026-06-14 18:17:51,024][root][INFO] - Epoch [4/5], Batch [288/300], Loss: 1.0583 (Overall: 1.1665, Change: 1.3152), TF Ratio: 0.762
[2026-06-14 18:17:51,182][root][INFO] - Epoch [4/5], Batch [289/300], Loss: 1.0579 (Overall: 0.6580, Change: 1.1857), TF Ratio: 0.762
[2026-06-14 18:17:51,335][root][INFO] - Epoch [4/5], Batch [290/300], Loss: 1.0587 (Overall: 0.9191, Change: 1.7098), TF Ratio: 0.762
[2026-06-14 18:17:51,489][root][INFO] - Epoch [4/5], Batch [291/300], Loss: 1.0581 (Overall: 0.6010, Change: 1.1655), TF Ratio: 0.762
[2026-06-14 18:17:51,649][root][INFO] - Epoch [4/5], Batch [292/300], Loss: 1.0572 (Overall: 0.3609, Change: 1.2174), TF Ratio: 0.762
[2026-06-14 18:17:51,803][root][INFO] - Epoch [4/5], Batch [293/300], Loss: 1.0576 (Overall: 0.8571, Change: 1.4844), TF Ratio: 0.761
[2026-06-14 18:17:51,956][root][INFO] - Epoch [4/5], Batch [294/300], Loss: 1.0578 (Overall: 0.8339, Change: 1.3792), TF Ratio: 0.761
[2026-06-14 18:17:52,109][root][INFO] - Epoch [4/5], Batch [295/300], Loss: 1.0572 (Overall: 0.5357, Change: 1.2504), TF Ratio: 0.761
[2026-06-14 18:17:52,264][root][INFO] - Epoch [4/5], Batch [296/300], Loss: 1.0569 (Overall: 0.6169, Change: 1.2893), TF Ratio: 0.761
[2026-06-14 18:17:52,417][root][INFO] - Epoch [4/5], Batch [297/300], Loss: 1.0571 (Overall: 0.8426, Change: 1.4059), TF Ratio: 0.761
[2026-06-14 18:17:52,570][root][INFO] - Epoch [4/5], Batch [298/300], Loss: 1.0568 (Overall: 0.6439, Change: 1.2913), TF Ratio: 0.760
[2026-06-14 18:17:52,723][root][INFO] - Epoch [4/5], Batch [299/300], Loss: 1.0570 (Overall: 0.8147, Change: 1.4058), TF Ratio: 0.760
[2026-06-14 18:18:04,722][root][INFO] - Epoch [4/5], Batch [300/300], Loss: 1.0572 (Overall: 0.8838, Change: 1.3394), TF Ratio: 0.760
[2026-06-14 18:18:16,588][root][INFO] - Epoch 4 done. Validating...
[2026-06-14 18:18:50,368][root][INFO] - Epoch [4/5] | Train: 1.0487 | Val: 0.6519
[2026-06-14 18:18:50,557][root][INFO] - Checkpoint saved: /gpfs/scratch/bsc32/bsc096444/ai4land-tfm/trained_models/unet_impl/41788799/best_model.pth
[2026-06-14 18:18:50,718][root][INFO] - Checkpoint saved: /gpfs/scratch/bsc32/bsc096444/ai4land-tfm/trained_models/unet_impl/41788799/model_epoch_4.pth
[2026-06-14 18:19:10,259][root][INFO] - Epoch [5/5], Batch [1/300], Loss: 0.9957 (Overall: 0.7486, Change: 1.2428), TF Ratio: 0.760
[2026-06-14 18:19:10,413][root][INFO] - Epoch [5/5], Batch [2/300], Loss: 0.9972 (Overall: 0.7155, Change: 1.2818), TF Ratio: 0.760
[2026-06-14 18:19:10,567][root][INFO] - Epoch [5/5], Batch [3/300], Loss: 0.9692 (Overall: 0.4828, Change: 1.3436), TF Ratio: 0.759
[2026-06-14 18:19:12,412][root][INFO] - Epoch [5/5], Batch [4/300], Loss: 0.9779 (Overall: 0.7305, Change: 1.2777), TF Ratio: 0.759
[2026-06-14 18:19:12,569][root][INFO] - Epoch [5/5], Batch [5/300], Loss: 0.9785 (Overall: 0.7632, Change: 1.1986), TF Ratio: 0.759
[2026-06-14 18:19:12,722][root][INFO] - Epoch [5/5], Batch [6/300], Loss: 0.9822 (Overall: 0.4715, Change: 1.5302), TF Ratio: 0.759
[2026-06-14 18:19:12,874][root][INFO] - Epoch [5/5], Batch [7/300], Loss: 1.0055 (Overall: 0.5947, Change: 1.6951), TF Ratio: 0.759
[2026-06-14 18:19:13,029][root][INFO] - Epoch [5/5], Batch [8/300], Loss: 1.0134 (Overall: 0.5406, Change: 1.5978), TF Ratio: 0.758
[2026-06-14 18:19:13,183][root][INFO] - Epoch [5/5], Batch [9/300], Loss: 1.0105 (Overall: 0.6553, Change: 1.3179), TF Ratio: 0.758
[2026-06-14 18:19:13,335][root][INFO] - Epoch [5/5], Batch [10/300], Loss: 1.0214 (Overall: 0.7679, Change: 1.4718), TF Ratio: 0.758
[2026-06-14 18:19:13,488][root][INFO] - Epoch [5/5], Batch [11/300], Loss: 1.0060 (Overall: 0.7685, Change: 0.9367), TF Ratio: 0.758
[2026-06-14 18:19:22,261][root][INFO] - Epoch [5/5], Batch [12/300], Loss: 1.0090 (Overall: 0.5048, Change: 1.5785), TF Ratio: 0.758
[2026-06-14 18:19:23,049][root][INFO] - Epoch [5/5], Batch [13/300], Loss: 1.0071 (Overall: 0.6869, Change: 1.2809), TF Ratio: 0.757
[2026-06-14 18:19:23,201][root][INFO] - Epoch [5/5], Batch [14/300], Loss: 1.0084 (Overall: 0.5820, Change: 1.4683), TF Ratio: 0.757
[2026-06-14 18:19:23,355][root][INFO] - Epoch [5/5], Batch [15/300], Loss: 1.0344 (Overall: 0.7053, Change: 2.0930), TF Ratio: 0.757
[2026-06-14 18:19:26,030][root][INFO] - Epoch [5/5], Batch [16/300], Loss: 1.0209 (Overall: 0.6015, Change: 1.0337), TF Ratio: 0.757
[2026-06-14 18:19:26,183][root][INFO] - Epoch [5/5], Batch [17/300], Loss: 1.0284 (Overall: 0.8575, Change: 1.4388), TF Ratio: 0.757
[2026-06-14 18:19:26,336][root][INFO] - Epoch [5/5], Batch [18/300], Loss: 1.0281 (Overall: 0.8776, Change: 1.1690), TF Ratio: 0.756
[2026-06-14 18:19:26,488][root][INFO] - Epoch [5/5], Batch [19/300], Loss: 1.0484 (Overall: 1.2491, Change: 1.5780), TF Ratio: 0.756
[2026-06-14 18:19:26,643][root][INFO] - Epoch [5/5], Batch [20/300], Loss: 1.0479 (Overall: 0.6594, Change: 1.4199), TF Ratio: 0.756
[2026-06-14 18:19:26,796][root][INFO] - Epoch [5/5], Batch [21/300], Loss: 1.0472 (Overall: 0.6519, Change: 1.4137), TF Ratio: 0.756
[2026-06-14 18:19:26,949][root][INFO] - Epoch [5/5], Batch [22/300], Loss: 1.0493 (Overall: 0.4142, Change: 1.7723), TF Ratio: 0.756
[2026-06-14 18:19:27,101][root][INFO] - Epoch [5/5], Batch [23/300], Loss: 1.0517 (Overall: 0.8431, Change: 1.3644), TF Ratio: 0.755
[2026-06-14 18:19:35,190][root][INFO] - Epoch [5/5], Batch [24/300], Loss: 1.0489 (Overall: 0.9355, Change: 1.0346), TF Ratio: 0.755
[2026-06-14 18:19:38,222][root][INFO] - Epoch [5/5], Batch [25/300], Loss: 1.0640 (Overall: 1.3110, Change: 1.5418), TF Ratio: 0.755
[2026-06-14 18:19:38,375][root][INFO] - Epoch [5/5], Batch [26/300], Loss: 1.0681 (Overall: 0.7685, Change: 1.5722), TF Ratio: 0.755
[2026-06-14 18:19:38,527][root][INFO] - Epoch [5/5], Batch [27/300], Loss: 1.0711 (Overall: 0.6814, Change: 1.6200), TF Ratio: 0.755
[2026-06-14 18:19:41,304][root][INFO] - Epoch [5/5], Batch [28/300], Loss: 1.0786 (Overall: 0.7017, Change: 1.8561), TF Ratio: 0.754
[2026-06-14 18:19:41,461][root][INFO] - Epoch [5/5], Batch [29/300], Loss: 1.0778 (Overall: 0.7935, Change: 1.3218), TF Ratio: 0.754
[2026-06-14 18:19:41,613][root][INFO] - Epoch [5/5], Batch [30/300], Loss: 1.0718 (Overall: 0.5286, Change: 1.2660), TF Ratio: 0.754
[2026-06-14 18:19:41,765][root][INFO] - Epoch [5/5], Batch [31/300], Loss: 1.0683 (Overall: 0.4855, Change: 1.4416), TF Ratio: 0.754
[2026-06-14 18:19:41,919][root][INFO] - Epoch [5/5], Batch [32/300], Loss: 1.0620 (Overall: 0.6447, Change: 1.0869), TF Ratio: 0.754
[2026-06-14 18:19:42,072][root][INFO] - Epoch [5/5], Batch [33/300], Loss: 1.0666 (Overall: 0.6811, Change: 1.7444), TF Ratio: 0.753
[2026-06-14 18:19:42,224][root][INFO] - Epoch [5/5], Batch [34/300], Loss: 1.0729 (Overall: 1.0490, Change: 1.5129), TF Ratio: 0.753
[2026-06-14 18:19:42,377][root][INFO] - Epoch [5/5], Batch [35/300], Loss: 1.0723 (Overall: 0.8042, Change: 1.2986), TF Ratio: 0.753
[2026-06-14 18:19:52,622][root][INFO] - Epoch [5/5], Batch [36/300], Loss: 1.0713 (Overall: 0.7560, Change: 1.3212), TF Ratio: 0.753
[2026-06-14 18:19:53,518][root][INFO] - Epoch [5/5], Batch [37/300], Loss: 1.0768 (Overall: 1.1881, Change: 1.3581), TF Ratio: 0.753
[2026-06-14 18:19:53,671][root][INFO] - Epoch [5/5], Batch [38/300], Loss: 1.0679 (Overall: 0.5011, Change: 0.9738), TF Ratio: 0.752
[2026-06-14 18:19:53,824][root][INFO] - Epoch [5/5], Batch [39/300], Loss: 1.0720 (Overall: 0.8967, Change: 1.5651), TF Ratio: 0.752
[2026-06-14 18:19:56,668][root][INFO] - Epoch [5/5], Batch [40/300], Loss: 1.0721 (Overall: 0.5513, Change: 1.5964), TF Ratio: 0.752
[2026-06-14 18:19:56,821][root][INFO] - Epoch [5/5], Batch [41/300], Loss: 1.0780 (Overall: 1.0552, Change: 1.5706), TF Ratio: 0.752
[2026-06-14 18:19:56,973][root][INFO] - Epoch [5/5], Batch [42/300], Loss: 1.0762 (Overall: 0.7115, Change: 1.2999), TF Ratio: 0.752
[2026-06-14 18:19:57,125][root][INFO] - Epoch [5/5], Batch [43/300], Loss: 1.0727 (Overall: 0.7176, Change: 1.1330), TF Ratio: 0.751
[2026-06-14 18:19:57,280][root][INFO] - Epoch [5/5], Batch [44/300], Loss: 1.0672 (Overall: 0.5393, Change: 1.1234), TF Ratio: 0.751
[2026-06-14 18:19:57,432][root][INFO] - Epoch [5/5], Batch [45/300], Loss: 1.0654 (Overall: 0.6826, Change: 1.2832), TF Ratio: 0.751
[2026-06-14 18:19:57,584][root][INFO] - Epoch [5/5], Batch [46/300], Loss: 1.0623 (Overall: 0.5323, Change: 1.3191), TF Ratio: 0.751
[2026-06-14 18:19:57,751][root][INFO] - Epoch [5/5], Batch [47/300], Loss: 1.0585 (Overall: 0.6118, Change: 1.1556), TF Ratio: 0.751
[2026-06-14 18:20:22,636][root][INFO] - Epoch [5/5], Batch [48/300], Loss: 1.0571 (Overall: 0.5692, Change: 1.4104), TF Ratio: 0.750
[2026-06-14 18:20:22,789][root][INFO] - Epoch [5/5], Batch [49/300], Loss: 1.0542 (Overall: 0.7356, Change: 1.0932), TF Ratio: 0.750
[2026-06-14 18:20:22,942][root][INFO] - Epoch [5/5], Batch [50/300], Loss: 1.0541 (Overall: 0.6267, Change: 1.4770), TF Ratio: 0.750
[2026-06-14 18:20:23,095][root][INFO] - Epoch [5/5], Batch [51/300], Loss: 1.0490 (Overall: 0.6109, Change: 0.9690), TF Ratio: 0.750
[2026-06-14 18:20:24,927][root][INFO] - Epoch [5/5], Batch [52/300], Loss: 1.0475 (Overall: 0.4637, Change: 1.4787), TF Ratio: 0.750
[2026-06-14 18:20:25,082][root][INFO] - Epoch [5/5], Batch [53/300], Loss: 1.0434 (Overall: 0.5013, Change: 1.1677), TF Ratio: 0.749
[2026-06-14 18:20:25,234][root][INFO] - Epoch [5/5], Batch [54/300], Loss: 1.0430 (Overall: 0.4350, Change: 1.5989), TF Ratio: 0.749
[2026-06-14 18:20:25,385][root][INFO] - Epoch [5/5], Batch [55/300], Loss: 1.0491 (Overall: 1.0739, Change: 1.6923), TF Ratio: 0.749
[2026-06-14 18:20:25,541][root][INFO] - Epoch [5/5], Batch [56/300], Loss: 1.0499 (Overall: 0.8337, Change: 1.3543), TF Ratio: 0.749
[2026-06-14 18:20:25,694][root][INFO] - Epoch [5/5], Batch [57/300], Loss: 1.0476 (Overall: 0.8809, Change: 0.9560), TF Ratio: 0.749
[2026-06-14 18:20:25,846][root][INFO] - Epoch [5/5], Batch [58/300], Loss: 1.0458 (Overall: 0.6377, Change: 1.2506), TF Ratio: 0.748
[2026-06-14 18:20:26,000][root][INFO] - Epoch [5/5], Batch [59/300], Loss: 1.0515 (Overall: 1.2814, Change: 1.4761), TF Ratio: 0.748
[2026-06-14 18:20:35,579][root][INFO] - Epoch [5/5], Batch [60/300], Loss: 1.0592 (Overall: 1.4423, Change: 1.5894), TF Ratio: 0.748
[2026-06-14 18:20:35,733][root][INFO] - Epoch [5/5], Batch [61/300], Loss: 1.0620 (Overall: 0.9227, Change: 1.5377), TF Ratio: 0.748
[2026-06-14 18:20:35,886][root][INFO] - Epoch [5/5], Batch [62/300], Loss: 1.0634 (Overall: 0.9004, Change: 1.3971), TF Ratio: 0.748
[2026-06-14 18:20:36,039][root][INFO] - Epoch [5/5], Batch [63/300], Loss: 1.0630 (Overall: 0.9593, Change: 1.1139), TF Ratio: 0.747
[2026-06-14 18:20:43,357][root][INFO] - Epoch [5/5], Batch [64/300], Loss: 1.0594 (Overall: 0.5922, Change: 1.0785), TF Ratio: 0.747
[2026-06-14 18:20:43,514][root][INFO] - Epoch [5/5], Batch [65/300], Loss: 1.0631 (Overall: 1.0460, Change: 1.5422), TF Ratio: 0.747
[2026-06-14 18:20:43,666][root][INFO] - Epoch [5/5], Batch [66/300], Loss: 1.0650 (Overall: 0.8854, Change: 1.4950), TF Ratio: 0.747
[2026-06-14 18:20:43,818][root][INFO] - Epoch [5/5], Batch [67/300], Loss: 1.0643 (Overall: 0.7510, Change: 1.2862), TF Ratio: 0.747
[2026-06-14 18:20:43,971][root][INFO] - Epoch [5/5], Batch [68/300], Loss: 1.0680 (Overall: 0.9355, Change: 1.7020), TF Ratio: 0.746
[2026-06-14 18:20:44,124][root][INFO] - Epoch [5/5], Batch [69/300], Loss: 1.0679 (Overall: 0.8293, Change: 1.2843), TF Ratio: 0.746
[2026-06-14 18:20:44,276][root][INFO] - Epoch [5/5], Batch [70/300], Loss: 1.0724 (Overall: 1.0166, Change: 1.7525), TF Ratio: 0.746
[2026-06-14 18:20:44,429][root][INFO] - Epoch [5/5], Batch [71/300], Loss: 1.0736 (Overall: 0.9818, Change: 1.3411), TF Ratio: 0.746
[2026-06-14 18:20:52,683][root][INFO] - Epoch [5/5], Batch [72/300], Loss: 1.0756 (Overall: 0.7457, Change: 1.6882), TF Ratio: 0.746
[2026-06-14 18:20:52,838][root][INFO] - Epoch [5/5], Batch [73/300], Loss: 1.0779 (Overall: 0.9419, Change: 1.5426), TF Ratio: 0.745
[2026-06-14 18:20:52,991][root][INFO] - Epoch [5/5], Batch [74/300], Loss: 1.0753 (Overall: 0.5725, Change: 1.1984), TF Ratio: 0.745
[2026-06-14 18:20:53,145][root][INFO] - Epoch [5/5], Batch [75/300], Loss: 1.0751 (Overall: 0.6580, Change: 1.4529), TF Ratio: 0.745
[2026-06-14 18:20:59,159][root][INFO] - Epoch [5/5], Batch [76/300], Loss: 1.0786 (Overall: 1.0774, Change: 1.6129), TF Ratio: 0.745
[2026-06-14 18:20:59,314][root][INFO] - Epoch [5/5], Batch [77/300], Loss: 1.0797 (Overall: 0.7515, Change: 1.5718), TF Ratio: 0.745
[2026-06-14 18:20:59,468][root][INFO] - Epoch [5/5], Batch [78/300], Loss: 1.0747 (Overall: 0.4712, Change: 0.9062), TF Ratio: 0.744
[2026-06-14 18:20:59,621][root][INFO] - Epoch [5/5], Batch [79/300], Loss: 1.0715 (Overall: 0.8104, Change: 0.8350), TF Ratio: 0.744
[2026-06-14 18:20:59,776][root][INFO] - Epoch [5/5], Batch [80/300], Loss: 1.0688 (Overall: 0.7243, Change: 0.9929), TF Ratio: 0.744
[2026-06-14 18:20:59,929][root][INFO] - Epoch [5/5], Batch [81/300], Loss: 1.0707 (Overall: 0.9030, Change: 1.5354), TF Ratio: 0.744
[2026-06-14 18:21:00,083][root][INFO] - Epoch [5/5], Batch [82/300], Loss: 1.0673 (Overall: 0.4274, Change: 1.1672), TF Ratio: 0.744
[2026-06-14 18:21:00,236][root][INFO] - Epoch [5/5], Batch [83/300], Loss: 1.0680 (Overall: 0.6295, Change: 1.6133), TF Ratio: 0.743
[2026-06-14 18:21:05,804][root][INFO] - Epoch [5/5], Batch [84/300], Loss: 1.0672 (Overall: 0.5557, Change: 1.4467), TF Ratio: 0.743
[2026-06-14 18:21:05,957][root][INFO] - Epoch [5/5], Batch [85/300], Loss: 1.0648 (Overall: 0.4021, Change: 1.3240), TF Ratio: 0.743
[2026-06-14 18:21:06,110][root][INFO] - Epoch [5/5], Batch [86/300], Loss: 1.0640 (Overall: 0.6789, Change: 1.3130), TF Ratio: 0.743
[2026-06-14 18:21:06,263][root][INFO] - Epoch [5/5], Batch [87/300], Loss: 1.0624 (Overall: 0.3866, Change: 1.4612), TF Ratio: 0.743
[2026-06-14 18:21:20,653][root][INFO] - Epoch [5/5], Batch [88/300], Loss: 1.0618 (Overall: 0.7598, Change: 1.2521), TF Ratio: 0.742
[2026-06-14 18:21:20,814][root][INFO] - Epoch [5/5], Batch [89/300], Loss: 1.0614 (Overall: 0.6778, Change: 1.3756), TF Ratio: 0.742
[2026-06-14 18:21:20,967][root][INFO] - Epoch [5/5], Batch [90/300], Loss: 1.0588 (Overall: 0.5511, Change: 1.1107), TF Ratio: 0.742
[2026-06-14 18:21:21,128][root][INFO] - Epoch [5/5], Batch [91/300], Loss: 1.0602 (Overall: 0.6963, Change: 1.6692), TF Ratio: 0.742
[2026-06-14 18:21:21,289][root][INFO] - Epoch [5/5], Batch [92/300], Loss: 1.0598 (Overall: 0.6737, Change: 1.3766), TF Ratio: 0.742
[2026-06-14 18:21:21,446][root][INFO] - Epoch [5/5], Batch [93/300], Loss: 1.0583 (Overall: 0.5186, Change: 1.3296), TF Ratio: 0.741
[2026-06-14 18:21:21,599][root][INFO] - Epoch [5/5], Batch [94/300], Loss: 1.0585 (Overall: 0.7151, Change: 1.4431), TF Ratio: 0.741
[2026-06-14 18:21:21,753][root][INFO] - Epoch [5/5], Batch [95/300], Loss: 1.0591 (Overall: 0.5536, Change: 1.6653), TF Ratio: 0.741
[2026-06-14 18:21:21,944][root][INFO] - Epoch [5/5], Batch [96/300], Loss: 1.0566 (Overall: 0.4829, Change: 1.1648), TF Ratio: 0.741
[2026-06-14 18:21:22,099][root][INFO] - Epoch [5/5], Batch [97/300], Loss: 1.0547 (Overall: 0.8502, Change: 0.8884), TF Ratio: 0.741
[2026-06-14 18:21:22,255][root][INFO] - Epoch [5/5], Batch [98/300], Loss: 1.0530 (Overall: 0.8370, Change: 0.9343), TF Ratio: 0.740
[2026-06-14 18:21:22,407][root][INFO] - Epoch [5/5], Batch [99/300], Loss: 1.0505 (Overall: 0.7828, Change: 0.8291), TF Ratio: 0.740
[2026-06-14 18:21:36,307][root][INFO] - Epoch [5/5], Batch [100/300], Loss: 1.0509 (Overall: 0.8167, Change: 1.3601), TF Ratio: 0.740
[2026-06-14 18:21:36,463][root][INFO] - Epoch [5/5], Batch [101/300], Loss: 1.0492 (Overall: 0.5981, Change: 1.1642), TF Ratio: 0.740
[2026-06-14 18:21:36,617][root][INFO] - Epoch [5/5], Batch [102/300], Loss: 1.0486 (Overall: 0.4576, Change: 1.5283), TF Ratio: 0.740
[2026-06-14 18:21:36,770][root][INFO] - Epoch [5/5], Batch [103/300], Loss: 1.0493 (Overall: 0.8155, Change: 1.4244), TF Ratio: 0.739
[2026-06-14 18:21:36,924][root][INFO] - Epoch [5/5], Batch [104/300], Loss: 1.0491 (Overall: 0.4737, Change: 1.5819), TF Ratio: 0.739
[2026-06-14 18:21:37,078][root][INFO] - Epoch [5/5], Batch [105/300], Loss: 1.0488 (Overall: 0.6577, Change: 1.3674), TF Ratio: 0.739
[2026-06-14 18:21:37,238][root][INFO] - Epoch [5/5], Batch [106/300], Loss: 1.0467 (Overall: 0.9573, Change: 0.7088), TF Ratio: 0.739
[2026-06-14 18:21:37,393][root][INFO] - Epoch [5/5], Batch [107/300], Loss: 1.0471 (Overall: 0.6691, Change: 1.5003), TF Ratio: 0.739
[2026-06-14 18:21:37,548][root][INFO] - Epoch [5/5], Batch [108/300], Loss: 1.0471 (Overall: 0.5085, Change: 1.5879), TF Ratio: 0.738
[2026-06-14 18:21:37,702][root][INFO] - Epoch [5/5], Batch [109/300], Loss: 1.0474 (Overall: 0.7333, Change: 1.4337), TF Ratio: 0.738
[2026-06-14 18:21:37,855][root][INFO] - Epoch [5/5], Batch [110/300], Loss: 1.0452 (Overall: 0.6092, Change: 0.9880), TF Ratio: 0.738
[2026-06-14 18:21:38,009][root][INFO] - Epoch [5/5], Batch [111/300], Loss: 1.0462 (Overall: 0.7223, Change: 1.5942), TF Ratio: 0.738
[2026-06-14 18:21:49,117][root][INFO] - Epoch [5/5], Batch [112/300], Loss: 1.0472 (Overall: 0.8470, Change: 1.4637), TF Ratio: 0.738
[2026-06-14 18:21:49,275][root][INFO] - Epoch [5/5], Batch [113/300], Loss: 1.0449 (Overall: 0.5657, Change: 1.0204), TF Ratio: 0.737
[2026-06-14 18:21:49,429][root][INFO] - Epoch [5/5], Batch [114/300], Loss: 1.0460 (Overall: 0.6305, Change: 1.7159), TF Ratio: 0.737
[2026-06-14 18:21:49,601][root][INFO] - Epoch [5/5], Batch [115/300], Loss: 1.0475 (Overall: 0.6721, Change: 1.7508), TF Ratio: 0.737
[2026-06-14 18:21:49,756][root][INFO] - Epoch [5/5], Batch [116/300], Loss: 1.0471 (Overall: 0.4835, Change: 1.5203), TF Ratio: 0.737
[2026-06-14 18:21:49,910][root][INFO] - Epoch [5/5], Batch [117/300], Loss: 1.0467 (Overall: 0.5702, Change: 1.4472), TF Ratio: 0.737
[2026-06-14 18:21:50,064][root][INFO] - Epoch [5/5], Batch [118/300], Loss: 1.0453 (Overall: 0.4856, Change: 1.2770), TF Ratio: 0.736
[2026-06-14 18:21:50,216][root][INFO] - Epoch [5/5], Batch [119/300], Loss: 1.0450 (Overall: 0.7022, Change: 1.2996), TF Ratio: 0.736
[2026-06-14 18:21:50,774][root][INFO] - Epoch [5/5], Batch [120/300], Loss: 1.0470 (Overall: 0.7836, Change: 1.7950), TF Ratio: 0.736
[2026-06-14 18:21:50,928][root][INFO] - Epoch [5/5], Batch [121/300], Loss: 1.0467 (Overall: 0.5547, Change: 1.4697), TF Ratio: 0.736
[2026-06-14 18:21:51,083][root][INFO] - Epoch [5/5], Batch [122/300], Loss: 1.0452 (Overall: 0.8027, Change: 0.9087), TF Ratio: 0.736
[2026-06-14 18:21:51,236][root][INFO] - Epoch [5/5], Batch [123/300], Loss: 1.0442 (Overall: 0.4540, Change: 1.4025), TF Ratio: 0.735
[2026-06-14 18:22:04,504][root][INFO] - Epoch [5/5], Batch [124/300], Loss: 1.0431 (Overall: 0.8548, Change: 0.9585), TF Ratio: 0.735
[2026-06-14 18:22:04,660][root][INFO] - Epoch [5/5], Batch [125/300], Loss: 1.0440 (Overall: 0.6486, Change: 1.6576), TF Ratio: 0.735
[2026-06-14 18:22:04,812][root][INFO] - Epoch [5/5], Batch [126/300], Loss: 1.0439 (Overall: 0.7870, Change: 1.2697), TF Ratio: 0.735
[2026-06-14 18:22:04,965][root][INFO] - Epoch [5/5], Batch [127/300], Loss: 1.0430 (Overall: 0.7035, Change: 1.1623), TF Ratio: 0.735
[2026-06-14 18:22:05,119][root][INFO] - Epoch [5/5], Batch [128/300], Loss: 1.0413 (Overall: 0.4447, Change: 1.2090), TF Ratio: 0.734
[2026-06-14 18:22:05,272][root][INFO] - Epoch [5/5], Batch [129/300], Loss: 1.0406 (Overall: 0.6858, Change: 1.2124), TF Ratio: 0.734
[2026-06-14 18:22:05,424][root][INFO] - Epoch [5/5], Batch [130/300], Loss: 1.0409 (Overall: 0.9595, Change: 1.1970), TF Ratio: 0.734
[2026-06-14 18:22:05,575][root][INFO] - Epoch [5/5], Batch [131/300], Loss: 1.0424 (Overall: 0.9333, Change: 1.5418), TF Ratio: 0.734
[2026-06-14 18:22:08,747][root][INFO] - Epoch [5/5], Batch [132/300], Loss: 1.0435 (Overall: 0.9484, Change: 1.4320), TF Ratio: 0.734
[2026-06-14 18:22:08,903][root][INFO] - Epoch [5/5], Batch [133/300], Loss: 1.0448 (Overall: 0.8519, Change: 1.5881), TF Ratio: 0.733
[2026-06-14 18:22:09,057][root][INFO] - Epoch [5/5], Batch [134/300], Loss: 1.0433 (Overall: 0.4739, Change: 1.2099), TF Ratio: 0.733
[2026-06-14 18:22:09,209][root][INFO] - Epoch [5/5], Batch [135/300], Loss: 1.0429 (Overall: 0.7509, Change: 1.2391), TF Ratio: 0.733
[2026-06-14 18:22:28,308][root][INFO] - Epoch [5/5], Batch [136/300], Loss: 1.0419 (Overall: 0.5989, Change: 1.2145), TF Ratio: 0.733
[2026-06-14 18:22:28,480][root][INFO] - Epoch [5/5], Batch [137/300], Loss: 1.0411 (Overall: 0.6414, Change: 1.2170), TF Ratio: 0.733
[2026-06-14 18:22:28,633][root][INFO] - Epoch [5/5], Batch [138/300], Loss: 1.0396 (Overall: 0.4597, Change: 1.2133), TF Ratio: 0.732
[2026-06-14 18:22:28,787][root][INFO] - Epoch [5/5], Batch [139/300], Loss: 1.0402 (Overall: 0.8538, Change: 1.3881), TF Ratio: 0.732
[2026-06-14 18:22:28,941][root][INFO] - Epoch [5/5], Batch [140/300], Loss: 1.0394 (Overall: 0.6080, Change: 1.2396), TF Ratio: 0.732
[2026-06-14 18:22:29,095][root][INFO] - Epoch [5/5], Batch [141/300], Loss: 1.0399 (Overall: 0.6234, Change: 1.5974), TF Ratio: 0.732
[2026-06-14 18:22:29,248][root][INFO] - Epoch [5/5], Batch [142/300], Loss: 1.0406 (Overall: 1.1924, Change: 1.0754), TF Ratio: 0.732
[2026-06-14 18:22:29,401][root][INFO] - Epoch [5/5], Batch [143/300], Loss: 1.0404 (Overall: 0.6452, Change: 1.3947), TF Ratio: 0.731
[2026-06-14 18:22:29,556][root][INFO] - Epoch [5/5], Batch [144/300], Loss: 1.0392 (Overall: 0.6392, Change: 1.0933), TF Ratio: 0.731
[2026-06-14 18:22:29,711][root][INFO] - Epoch [5/5], Batch [145/300], Loss: 1.0375 (Overall: 0.4424, Change: 1.1330), TF Ratio: 0.731
[2026-06-14 18:22:29,863][root][INFO] - Epoch [5/5], Batch [146/300], Loss: 1.0373 (Overall: 0.6883, Change: 1.3292), TF Ratio: 0.731
[2026-06-14 18:22:30,018][root][INFO] - Epoch [5/5], Batch [147/300], Loss: 1.0367 (Overall: 0.6398, Change: 1.2558), TF Ratio: 0.731
[2026-06-14 18:22:41,633][root][INFO] - Epoch [5/5], Batch [148/300], Loss: 1.0361 (Overall: 0.8142, Change: 1.0945), TF Ratio: 0.730
[2026-06-14 18:22:41,790][root][INFO] - Epoch [5/5], Batch [149/300], Loss: 1.0358 (Overall: 0.6529, Change: 1.3186), TF Ratio: 0.730
[2026-06-14 18:22:41,943][root][INFO] - Epoch [5/5], Batch [150/300], Loss: 1.0359 (Overall: 0.6472, Change: 1.4695), TF Ratio: 0.730
[2026-06-14 18:22:42,097][root][INFO] - Epoch [5/5], Batch [151/300], Loss: 1.0336 (Overall: 0.4510, Change: 0.9354), TF Ratio: 0.730
[2026-06-14 18:22:42,252][root][INFO] - Epoch [5/5], Batch [152/300], Loss: 1.0344 (Overall: 0.6764, Change: 1.6129), TF Ratio: 0.730
[2026-06-14 18:22:42,406][root][INFO] - Epoch [5/5], Batch [153/300], Loss: 1.0340 (Overall: 0.4478, Change: 1.4945), TF Ratio: 0.729
[2026-06-14 18:22:42,559][root][INFO] - Epoch [5/5], Batch [154/300], Loss: 1.0333 (Overall: 0.8267, Change: 1.0352), TF Ratio: 0.729
[2026-06-14 18:22:42,712][root][INFO] - Epoch [5/5], Batch [155/300], Loss: 1.0332 (Overall: 0.6546, Change: 1.3822), TF Ratio: 0.729
[2026-06-14 18:22:42,867][root][INFO] - Epoch [5/5], Batch [156/300], Loss: 1.0323 (Overall: 0.6716, Change: 1.1166), TF Ratio: 0.729
[2026-06-14 18:22:43,021][root][INFO] - Epoch [5/5], Batch [157/300], Loss: 1.0308 (Overall: 0.5811, Change: 1.0170), TF Ratio: 0.729
[2026-06-14 18:22:43,174][root][INFO] - Epoch [5/5], Batch [158/300], Loss: 1.0307 (Overall: 0.9145, Change: 1.1129), TF Ratio: 0.728
[2026-06-14 18:22:43,329][root][INFO] - Epoch [5/5], Batch [159/300], Loss: 1.0279 (Overall: 0.5018, Change: 0.6792), TF Ratio: 0.728
[2026-06-14 18:22:57,976][root][INFO] - Epoch [5/5], Batch [160/300], Loss: 1.0283 (Overall: 0.8435, Change: 1.3404), TF Ratio: 0.728
[2026-06-14 18:22:58,133][root][INFO] - Epoch [5/5], Batch [161/300], Loss: 1.0278 (Overall: 0.7375, Change: 1.1558), TF Ratio: 0.728
[2026-06-14 18:22:58,286][root][INFO] - Epoch [5/5], Batch [162/300], Loss: 1.0284 (Overall: 0.8249, Change: 1.4089), TF Ratio: 0.728
[2026-06-14 18:22:58,440][root][INFO] - Epoch [5/5], Batch [163/300], Loss: 1.0272 (Overall: 0.5059, Change: 1.1692), TF Ratio: 0.727
[2026-06-14 18:22:58,594][root][INFO] - Epoch [5/5], Batch [164/300], Loss: 1.0294 (Overall: 1.4790, Change: 1.2765), TF Ratio: 0.727
[2026-06-14 18:22:58,747][root][INFO] - Epoch [5/5], Batch [165/300], Loss: 1.0321 (Overall: 1.3000, Change: 1.6652), TF Ratio: 0.727
[2026-06-14 18:22:58,900][root][INFO] - Epoch [5/5], Batch [166/300], Loss: 1.0326 (Overall: 0.5620, Change: 1.6739), TF Ratio: 0.727
[2026-06-14 18:22:59,053][root][INFO] - Epoch [5/5], Batch [167/300], Loss: 1.0307 (Overall: 0.4977, Change: 0.9119), TF Ratio: 0.727
[2026-06-14 18:23:10,323][root][INFO] - Epoch [5/5], Batch [168/300], Loss: 1.0320 (Overall: 0.9824, Change: 1.5356), TF Ratio: 0.726
[2026-06-14 18:23:10,479][root][INFO] - Epoch [5/5], Batch [169/300], Loss: 1.0310 (Overall: 0.7716, Change: 0.9563), TF Ratio: 0.726
[2026-06-14 18:23:10,637][root][INFO] - Epoch [5/5], Batch [170/300], Loss: 1.0315 (Overall: 1.0502, Change: 1.1919), TF Ratio: 0.726
[2026-06-14 18:23:10,798][root][INFO] - Epoch [5/5], Batch [171/300], Loss: 1.0306 (Overall: 0.8418, Change: 0.8884), TF Ratio: 0.726
[2026-06-14 18:23:11,975][root][INFO] - Epoch [5/5], Batch [172/300], Loss: 1.0309 (Overall: 0.7684, Change: 1.3928), TF Ratio: 0.726
[2026-06-14 18:23:12,130][root][INFO] - Epoch [5/5], Batch [173/300], Loss: 1.0316 (Overall: 0.9212, Change: 1.3913), TF Ratio: 0.725
[2026-06-14 18:23:12,282][root][INFO] - Epoch [5/5], Batch [174/300], Loss: 1.0307 (Overall: 0.5359, Change: 1.2219), TF Ratio: 0.725
[2026-06-14 18:23:12,435][root][INFO] - Epoch [5/5], Batch [175/300], Loss: 1.0299 (Overall: 0.6998, Change: 1.0628), TF Ratio: 0.725
[2026-06-14 18:23:12,590][root][INFO] - Epoch [5/5], Batch [176/300], Loss: 1.0305 (Overall: 0.4749, Change: 1.7948), TF Ratio: 0.725
[2026-06-14 18:23:12,744][root][INFO] - Epoch [5/5], Batch [177/300], Loss: 1.0308 (Overall: 0.7554, Change: 1.4384), TF Ratio: 0.725
[2026-06-14 18:23:12,898][root][INFO] - Epoch [5/5], Batch [178/300], Loss: 1.0309 (Overall: 0.7192, Change: 1.3698), TF Ratio: 0.724
[2026-06-14 18:23:13,051][root][INFO] - Epoch [5/5], Batch [179/300], Loss: 1.0298 (Overall: 0.5273, Change: 1.1482), TF Ratio: 0.724
[2026-06-14 18:23:23,932][root][INFO] - Epoch [5/5], Batch [180/300], Loss: 1.0296 (Overall: 1.0256, Change: 0.9578), TF Ratio: 0.724
[2026-06-14 18:23:24,088][root][INFO] - Epoch [5/5], Batch [181/300], Loss: 1.0301 (Overall: 1.2817, Change: 0.9508), TF Ratio: 0.724
[2026-06-14 18:23:24,242][root][INFO] - Epoch [5/5], Batch [182/300], Loss: 1.0304 (Overall: 0.4671, Change: 1.7084), TF Ratio: 0.724
[2026-06-14 18:23:24,395][root][INFO] - Epoch [5/5], Batch [183/300], Loss: 1.0317 (Overall: 1.0994, Change: 1.4159), TF Ratio: 0.723
[2026-06-14 18:23:28,145][root][INFO] - Epoch [5/5], Batch [184/300], Loss: 1.0301 (Overall: 0.5732, Change: 0.9128), TF Ratio: 0.723
[2026-06-14 18:23:28,304][root][INFO] - Epoch [5/5], Batch [185/300], Loss: 1.0285 (Overall: 0.6239, Change: 0.8583), TF Ratio: 0.723
[2026-06-14 18:23:28,458][root][INFO] - Epoch [5/5], Batch [186/300], Loss: 1.0284 (Overall: 0.7230, Change: 1.2872), TF Ratio: 0.723
[2026-06-14 18:23:28,610][root][INFO] - Epoch [5/5], Batch [187/300], Loss: 1.0283 (Overall: 0.7509, Change: 1.2854), TF Ratio: 0.723
[2026-06-14 18:23:28,765][root][INFO] - Epoch [5/5], Batch [188/300], Loss: 1.0290 (Overall: 0.6120, Change: 1.6767), TF Ratio: 0.722
[2026-06-14 18:23:28,919][root][INFO] - Epoch [5/5], Batch [189/300], Loss: 1.0278 (Overall: 0.4294, Change: 1.1887), TF Ratio: 0.722
[2026-06-14 18:23:29,072][root][INFO] - Epoch [5/5], Batch [190/300], Loss: 1.0285 (Overall: 0.7468, Change: 1.5658), TF Ratio: 0.722
[2026-06-14 18:23:29,225][root][INFO] - Epoch [5/5], Batch [191/300], Loss: 1.0284 (Overall: 0.6748, Change: 1.3647), TF Ratio: 0.722
[2026-06-14 18:23:50,805][root][INFO] - Epoch [5/5], Batch [192/300], Loss: 1.0287 (Overall: 0.7824, Change: 1.3749), TF Ratio: 0.722
[2026-06-14 18:23:50,960][root][INFO] - Epoch [5/5], Batch [193/300], Loss: 1.0297 (Overall: 0.8707, Change: 1.5674), TF Ratio: 0.721
[2026-06-14 18:23:51,114][root][INFO] - Epoch [5/5], Batch [194/300], Loss: 1.0300 (Overall: 0.5593, Change: 1.6189), TF Ratio: 0.721
[2026-06-14 18:23:51,268][root][INFO] - Epoch [5/5], Batch [195/300], Loss: 1.0297 (Overall: 0.4539, Change: 1.4836), TF Ratio: 0.721
[2026-06-14 18:23:51,425][root][INFO] - Epoch [5/5], Batch [196/300], Loss: 1.0294 (Overall: 0.5449, Change: 1.3993), TF Ratio: 0.721
[2026-06-14 18:23:51,578][root][INFO] - Epoch [5/5], Batch [197/300], Loss: 1.0290 (Overall: 0.7333, Change: 1.1593), TF Ratio: 0.721
[2026-06-14 18:23:51,731][root][INFO] - Epoch [5/5], Batch [198/300], Loss: 1.0307 (Overall: 0.7117, Change: 2.0434), TF Ratio: 0.720
[2026-06-14 18:23:51,883][root][INFO] - Epoch [5/5], Batch [199/300], Loss: 1.0301 (Overall: 0.5637, Change: 1.2626), TF Ratio: 0.720
[2026-06-14 18:23:52,037][root][INFO] - Epoch [5/5], Batch [200/300], Loss: 1.0284 (Overall: 0.5998, Change: 0.7801), TF Ratio: 0.720
[2026-06-14 18:23:52,191][root][INFO] - Epoch [5/5], Batch [201/300], Loss: 1.0283 (Overall: 0.6982, Change: 1.3093), TF Ratio: 0.720
[2026-06-14 18:23:52,344][root][INFO] - Epoch [5/5], Batch [202/300], Loss: 1.0289 (Overall: 0.9581, Change: 1.3343), TF Ratio: 0.720
[2026-06-14 18:23:52,497][root][INFO] - Epoch [5/5], Batch [203/300], Loss: 1.0285 (Overall: 0.8140, Change: 1.1053), TF Ratio: 0.719
[2026-06-14 18:24:08,273][root][INFO] - Epoch [5/5], Batch [204/300], Loss: 1.0295 (Overall: 0.8692, Change: 1.5629), TF Ratio: 0.719
[2026-06-14 18:24:08,427][root][INFO] - Epoch [5/5], Batch [205/300], Loss: 1.0282 (Overall: 0.5673, Change: 0.9944), TF Ratio: 0.719
[2026-06-14 18:24:08,593][root][INFO] - Epoch [5/5], Batch [206/300], Loss: 1.0287 (Overall: 0.6284, Change: 1.6135), TF Ratio: 0.719
[2026-06-14 18:24:08,747][root][INFO] - Epoch [5/5], Batch [207/300], Loss: 1.0288 (Overall: 0.7269, Change: 1.3719), TF Ratio: 0.719
[2026-06-14 18:24:09,950][root][INFO] - Epoch [5/5], Batch [208/300], Loss: 1.0284 (Overall: 0.5950, Change: 1.3021), TF Ratio: 0.718
[2026-06-14 18:24:10,105][root][INFO] - Epoch [5/5], Batch [209/300], Loss: 1.0288 (Overall: 0.6879, Change: 1.5161), TF Ratio: 0.718
[2026-06-14 18:24:10,259][root][INFO] - Epoch [5/5], Batch [210/300], Loss: 1.0298 (Overall: 0.8869, Change: 1.5849), TF Ratio: 0.718
[2026-06-14 18:24:10,412][root][INFO] - Epoch [5/5], Batch [211/300], Loss: 1.0299 (Overall: 0.7971, Change: 1.3375), TF Ratio: 0.718
[2026-06-14 18:24:10,568][root][INFO] - Epoch [5/5], Batch [212/300], Loss: 1.0297 (Overall: 0.7337, Change: 1.2463), TF Ratio: 0.718
[2026-06-14 18:24:10,721][root][INFO] - Epoch [5/5], Batch [213/300], Loss: 1.0305 (Overall: 1.0436, Change: 1.3554), TF Ratio: 0.717
[2026-06-14 18:24:10,874][root][INFO] - Epoch [5/5], Batch [214/300], Loss: 1.0308 (Overall: 0.6578, Change: 1.4993), TF Ratio: 0.717
[2026-06-14 18:24:11,026][root][INFO] - Epoch [5/5], Batch [215/300], Loss: 1.0308 (Overall: 1.1262, Change: 0.9599), TF Ratio: 0.717
[2026-06-14 18:24:22,921][root][INFO] - Epoch [5/5], Batch [216/300], Loss: 1.0296 (Overall: 0.4507, Change: 1.0964), TF Ratio: 0.717
[2026-06-14 18:24:23,076][root][INFO] - Epoch [5/5], Batch [217/300], Loss: 1.0290 (Overall: 0.6593, Change: 1.1358), TF Ratio: 0.717
[2026-06-14 18:24:23,229][root][INFO] - Epoch [5/5], Batch [218/300], Loss: 1.0295 (Overall: 0.5820, Change: 1.6879), TF Ratio: 0.716
[2026-06-14 18:24:23,381][root][INFO] - Epoch [5/5], Batch [219/300], Loss: 1.0297 (Overall: 0.7810, Change: 1.3576), TF Ratio: 0.716
[2026-06-14 18:24:29,970][root][INFO] - Epoch [5/5], Batch [220/300], Loss: 1.0301 (Overall: 0.8689, Change: 1.3931), TF Ratio: 0.716
[2026-06-14 18:24:30,126][root][INFO] - Epoch [5/5], Batch [221/300], Loss: 1.0303 (Overall: 0.6284, Change: 1.5030), TF Ratio: 0.716
[2026-06-14 18:24:30,278][root][INFO] - Epoch [5/5], Batch [222/300], Loss: 1.0296 (Overall: 0.6590, Change: 1.0998), TF Ratio: 0.716
[2026-06-14 18:24:30,432][root][INFO] - Epoch [5/5], Batch [223/300], Loss: 1.0299 (Overall: 0.8442, Change: 1.3470), TF Ratio: 0.715
[2026-06-14 18:24:30,588][root][INFO] - Epoch [5/5], Batch [224/300], Loss: 1.0302 (Overall: 0.7449, Change: 1.4328), TF Ratio: 0.715
[2026-06-14 18:24:30,743][root][INFO] - Epoch [5/5], Batch [225/300], Loss: 1.0300 (Overall: 0.7173, Change: 1.2432), TF Ratio: 0.715
[2026-06-14 18:24:30,901][root][INFO] - Epoch [5/5], Batch [226/300], Loss: 1.0306 (Overall: 0.8548, Change: 1.4867), TF Ratio: 0.715
[2026-06-14 18:24:31,055][root][INFO] - Epoch [5/5], Batch [227/300], Loss: 1.0312 (Overall: 0.8217, Change: 1.5008), TF Ratio: 0.715
[2026-06-14 18:24:37,581][root][INFO] - Epoch [5/5], Batch [228/300], Loss: 1.0321 (Overall: 1.0862, Change: 1.4013), TF Ratio: 0.714
[2026-06-14 18:24:37,735][root][INFO] - Epoch [5/5], Batch [229/300], Loss: 1.0320 (Overall: 0.7348, Change: 1.2967), TF Ratio: 0.714
[2026-06-14 18:24:37,889][root][INFO] - Epoch [5/5], Batch [230/300], Loss: 1.0318 (Overall: 0.6221, Change: 1.3402), TF Ratio: 0.714
[2026-06-14 18:24:38,042][root][INFO] - Epoch [5/5], Batch [231/300], Loss: 1.0314 (Overall: 0.7786, Change: 1.1032), TF Ratio: 0.714
[2026-06-14 18:24:46,233][root][INFO] - Epoch [5/5], Batch [232/300], Loss: 1.0324 (Overall: 1.2248, Change: 1.2953), TF Ratio: 0.714
[2026-06-14 18:24:46,390][root][INFO] - Epoch [5/5], Batch [233/300], Loss: 1.0335 (Overall: 0.6698, Change: 1.8937), TF Ratio: 0.713
[2026-06-14 18:24:46,543][root][INFO] - Epoch [5/5], Batch [234/300], Loss: 1.0329 (Overall: 0.3339, Change: 1.4478), TF Ratio: 0.713
[2026-06-14 18:24:46,697][root][INFO] - Epoch [5/5], Batch [235/300], Loss: 1.0315 (Overall: 0.5062, Change: 0.9216), TF Ratio: 0.713
[2026-06-14 18:24:46,852][root][INFO] - Epoch [5/5], Batch [236/300], Loss: 1.0316 (Overall: 0.8728, Change: 1.2349), TF Ratio: 0.713
[2026-06-14 18:24:47,006][root][INFO] - Epoch [5/5], Batch [237/300], Loss: 1.0317 (Overall: 0.8477, Change: 1.2807), TF Ratio: 0.713
[2026-06-14 18:24:47,159][root][INFO] - Epoch [5/5], Batch [238/300], Loss: 1.0311 (Overall: 0.3259, Change: 1.4581), TF Ratio: 0.712
[2026-06-14 18:24:47,314][root][INFO] - Epoch [5/5], Batch [239/300], Loss: 1.0312 (Overall: 0.7085, Change: 1.3847), TF Ratio: 0.712
[2026-06-14 18:24:50,733][root][INFO] - Epoch [5/5], Batch [240/300], Loss: 1.0305 (Overall: 0.6758, Change: 1.0293), TF Ratio: 0.712
[2026-06-14 18:24:50,888][root][INFO] - Epoch [5/5], Batch [241/300], Loss: 1.0305 (Overall: 0.5796, Change: 1.4981), TF Ratio: 0.712
[2026-06-14 18:24:51,042][root][INFO] - Epoch [5/5], Batch [242/300], Loss: 1.0306 (Overall: 0.5634, Change: 1.5513), TF Ratio: 0.712
[2026-06-14 18:24:51,195][root][INFO] - Epoch [5/5], Batch [243/300], Loss: 1.0302 (Overall: 0.8592, Change: 0.9839), TF Ratio: 0.711
[2026-06-14 18:25:06,799][root][INFO] - Epoch [5/5], Batch [244/300], Loss: 1.0302 (Overall: 0.7517, Change: 1.3080), TF Ratio: 0.711
[2026-06-14 18:25:06,958][root][INFO] - Epoch [5/5], Batch [245/300], Loss: 1.0305 (Overall: 1.0465, Change: 1.1855), TF Ratio: 0.711
[2026-06-14 18:25:07,111][root][INFO] - Epoch [5/5], Batch [246/300], Loss: 1.0301 (Overall: 0.5685, Change: 1.2686), TF Ratio: 0.711
[2026-06-14 18:25:07,264][root][INFO] - Epoch [5/5], Batch [247/300], Loss: 1.0293 (Overall: 0.7025, Change: 1.0051), TF Ratio: 0.711
[2026-06-14 18:25:07,426][root][INFO] - Epoch [5/5], Batch [248/300], Loss: 1.0293 (Overall: 0.6000, Change: 1.4238), TF Ratio: 0.710
[2026-06-14 18:25:07,580][root][INFO] - Epoch [5/5], Batch [249/300], Loss: 1.0289 (Overall: 0.7159, Change: 1.1699), TF Ratio: 0.710
[2026-06-14 18:25:07,734][root][INFO] - Epoch [5/5], Batch [250/300], Loss: 1.0283 (Overall: 0.4318, Change: 1.2888), TF Ratio: 0.710
[2026-06-14 18:25:07,890][root][INFO] - Epoch [5/5], Batch [251/300], Loss: 1.0286 (Overall: 0.8721, Change: 1.3713), TF Ratio: 0.710
[2026-06-14 18:25:08,045][root][INFO] - Epoch [5/5], Batch [252/300], Loss: 1.0284 (Overall: 0.5969, Change: 1.3600), TF Ratio: 0.710
[2026-06-14 18:25:08,200][root][INFO] - Epoch [5/5], Batch [253/300], Loss: 1.0286 (Overall: 0.4884, Change: 1.6625), TF Ratio: 0.709
[2026-06-14 18:25:08,353][root][INFO] - Epoch [5/5], Batch [254/300], Loss: 1.0288 (Overall: 0.6696, Change: 1.4987), TF Ratio: 0.709
[2026-06-14 18:25:08,506][root][INFO] - Epoch [5/5], Batch [255/300], Loss: 1.0290 (Overall: 0.6088, Change: 1.5567), TF Ratio: 0.709
[2026-06-14 18:25:20,139][root][INFO] - Epoch [5/5], Batch [256/300], Loss: 1.0288 (Overall: 0.6757, Change: 1.2676), TF Ratio: 0.709
[2026-06-14 18:25:20,298][root][INFO] - Epoch [5/5], Batch [257/300], Loss: 1.0287 (Overall: 0.5965, Change: 1.4067), TF Ratio: 0.709
[2026-06-14 18:25:20,452][root][INFO] - Epoch [5/5], Batch [258/300], Loss: 1.0290 (Overall: 0.7351, Change: 1.4827), TF Ratio: 0.708
[2026-06-14 18:25:20,604][root][INFO] - Epoch [5/5], Batch [259/300], Loss: 1.0302 (Overall: 1.2340, Change: 1.4509), TF Ratio: 0.708
[2026-06-14 18:25:20,759][root][INFO] - Epoch [5/5], Batch [260/300], Loss: 1.0301 (Overall: 0.7236, Change: 1.2888), TF Ratio: 0.708
[2026-06-14 18:25:20,912][root][INFO] - Epoch [5/5], Batch [261/300], Loss: 1.0299 (Overall: 0.6820, Change: 1.2582), TF Ratio: 0.708
[2026-06-14 18:25:21,066][root][INFO] - Epoch [5/5], Batch [262/300], Loss: 1.0304 (Overall: 0.5001, Change: 1.8099), TF Ratio: 0.708
[2026-06-14 18:25:21,219][root][INFO] - Epoch [5/5], Batch [263/300], Loss: 1.0298 (Overall: 0.5365, Change: 1.2362), TF Ratio: 0.707
[2026-06-14 18:25:21,746][root][INFO] - Epoch [5/5], Batch [264/300], Loss: 1.0305 (Overall: 0.7345, Change: 1.6673), TF Ratio: 0.707
[2026-06-14 18:25:21,900][root][INFO] - Epoch [5/5], Batch [265/300], Loss: 1.0305 (Overall: 0.7904, Change: 1.2769), TF Ratio: 0.707
[2026-06-14 18:25:22,053][root][INFO] - Epoch [5/5], Batch [266/300], Loss: 1.0306 (Overall: 0.6220, Change: 1.5002), TF Ratio: 0.707
[2026-06-14 18:25:22,205][root][INFO] - Epoch [5/5], Batch [267/300], Loss: 1.0313 (Overall: 0.9082, Change: 1.5415), TF Ratio: 0.707
[2026-06-14 18:25:32,638][root][INFO] - Epoch [5/5], Batch [268/300], Loss: 1.0309 (Overall: 0.4855, Change: 1.3232), TF Ratio: 0.706
[2026-06-14 18:25:32,797][root][INFO] - Epoch [5/5], Batch [269/300], Loss: 1.0303 (Overall: 0.9490, Change: 0.7978), TF Ratio: 0.706
[2026-06-14 18:25:32,950][root][INFO] - Epoch [5/5], Batch [270/300], Loss: 1.0298 (Overall: 0.8227, Change: 0.9734), TF Ratio: 0.706
[2026-06-14 18:25:33,103][root][INFO] - Epoch [5/5], Batch [271/300], Loss: 1.0302 (Overall: 0.8312, Change: 1.4709), TF Ratio: 0.706
[2026-06-14 18:25:33,260][root][INFO] - Epoch [5/5], Batch [272/300], Loss: 1.0300 (Overall: 0.6930, Change: 1.2550), TF Ratio: 0.706
[2026-06-14 18:25:33,445][root][INFO] - Epoch [5/5], Batch [273/300], Loss: 1.0296 (Overall: 0.7186, Change: 1.1068), TF Ratio: 0.705
[2026-06-14 18:25:33,598][root][INFO] - Epoch [5/5], Batch [274/300], Loss: 1.0300 (Overall: 0.9402, Change: 1.3132), TF Ratio: 0.705
[2026-06-14 18:25:33,752][root][INFO] - Epoch [5/5], Batch [275/300], Loss: 1.0315 (Overall: 1.1078, Change: 1.8280), TF Ratio: 0.705
[2026-06-14 18:25:36,331][root][INFO] - Epoch [5/5], Batch [276/300], Loss: 1.0317 (Overall: 0.8270, Change: 1.2919), TF Ratio: 0.705
[2026-06-14 18:25:36,486][root][INFO] - Epoch [5/5], Batch [277/300], Loss: 1.0317 (Overall: 0.5988, Change: 1.4715), TF Ratio: 0.705
[2026-06-14 18:25:36,639][root][INFO] - Epoch [5/5], Batch [278/300], Loss: 1.0310 (Overall: 0.6411, Change: 1.0734), TF Ratio: 0.704
[2026-06-14 18:25:36,793][root][INFO] - Epoch [5/5], Batch [279/300], Loss: 1.0314 (Overall: 0.8683, Change: 1.4173), TF Ratio: 0.704
[2026-06-14 18:25:47,948][root][INFO] - Epoch [5/5], Batch [280/300], Loss: 1.0324 (Overall: 0.8517, Change: 1.7453), TF Ratio: 0.704
[2026-06-14 18:25:48,107][root][INFO] - Epoch [5/5], Batch [281/300], Loss: 1.0321 (Overall: 0.7142, Change: 1.1975), TF Ratio: 0.704
[2026-06-14 18:25:48,260][root][INFO] - Epoch [5/5], Batch [282/300], Loss: 1.0320 (Overall: 0.7041, Change: 1.2785), TF Ratio: 0.704
[2026-06-14 18:25:48,413][root][INFO] - Epoch [5/5], Batch [283/300], Loss: 1.0320 (Overall: 0.7932, Change: 1.2699), TF Ratio: 0.703
[2026-06-14 18:25:48,568][root][INFO] - Epoch [5/5], Batch [284/300], Loss: 1.0317 (Overall: 0.6930, Change: 1.2370), TF Ratio: 0.703
[2026-06-14 18:25:48,723][root][INFO] - Epoch [5/5], Batch [285/300], Loss: 1.0332 (Overall: 0.4876, Change: 2.4122), TF Ratio: 0.703
[2026-06-14 18:25:48,875][root][INFO] - Epoch [5/5], Batch [286/300], Loss: 1.0330 (Overall: 0.7816, Change: 1.1944), TF Ratio: 0.703
[2026-06-14 18:25:49,029][root][INFO] - Epoch [5/5], Batch [287/300], Loss: 1.0322 (Overall: 0.4324, Change: 1.1366), TF Ratio: 0.703
[2026-06-14 18:25:49,183][root][INFO] - Epoch [5/5], Batch [288/300], Loss: 1.0325 (Overall: 0.7674, Change: 1.4997), TF Ratio: 0.702
[2026-06-14 18:25:49,337][root][INFO] - Epoch [5/5], Batch [289/300], Loss: 1.0326 (Overall: 0.8080, Change: 1.2795), TF Ratio: 0.702
[2026-06-14 18:25:49,490][root][INFO] - Epoch [5/5], Batch [290/300], Loss: 1.0323 (Overall: 0.7529, Change: 1.1717), TF Ratio: 0.702
[2026-06-14 18:26:02,125][root][INFO] - Epoch [5/5], Batch [291/300], Loss: 1.0321 (Overall: 0.7549, Change: 1.1832), TF Ratio: 0.702
[2026-06-14 18:26:02,281][root][INFO] - Epoch [5/5], Batch [292/300], Loss: 1.0322 (Overall: 0.7676, Change: 1.3703), TF Ratio: 0.702
[2026-06-14 18:26:02,435][root][INFO] - Epoch [5/5], Batch [293/300], Loss: 1.0317 (Overall: 0.7549, Change: 1.0001), TF Ratio: 0.701
[2026-06-14 18:26:02,588][root][INFO] - Epoch [5/5], Batch [294/300], Loss: 1.0304 (Overall: 0.5433, Change: 0.7234), TF Ratio: 0.701
[2026-06-14 18:26:02,741][root][INFO] - Epoch [5/5], Batch [295/300], Loss: 1.0310 (Overall: 0.7841, Change: 1.6731), TF Ratio: 0.701
[2026-06-14 18:26:02,895][root][INFO] - Epoch [5/5], Batch [296/300], Loss: 1.0316 (Overall: 0.8252, Change: 1.5775), TF Ratio: 0.701
[2026-06-14 18:26:03,050][root][INFO] - Epoch [5/5], Batch [297/300], Loss: 1.0323 (Overall: 0.8948, Change: 1.6027), TF Ratio: 0.701
[2026-06-14 18:26:03,203][root][INFO] - Epoch [5/5], Batch [298/300], Loss: 1.0329 (Overall: 0.7336, Change: 1.6589), TF Ratio: 0.700
[2026-06-14 18:26:03,356][root][INFO] - Epoch [5/5], Batch [299/300], Loss: 1.0341 (Overall: 1.1224, Change: 1.7017), TF Ratio: 0.700
[2026-06-14 18:26:04,851][root][INFO] - Epoch [5/5], Batch [300/300], Loss: 1.0340 (Overall: 0.8361, Change: 1.1373), TF Ratio: 0.700
[2026-06-14 18:26:20,726][root][INFO] - Epoch 5 done. Validating...
[2026-06-14 18:27:14,688][root][INFO] - Epoch [5/5] | Train: 1.0322 | Val: 0.6571
[2026-06-14 18:27:14,852][root][INFO] - Checkpoint saved: /gpfs/scratch/bsc32/bsc096444/ai4land-tfm/trained_models/unet_impl/41788799/model_epoch_5.pth
[2026-06-14 18:27:15,628][root][INFO] - Training complete.
