pool_size,file_size,file_index,wall_us
10000,1048576,4229,2678.64
10000,102400,1788,302.88
10000,102400,9601,154.23
10000,102400,2463,111.49
10000,102400,3975,121.26
10000,10240,779,106.20
10000,102400,8516,115.44
10000,102400,8453,240.16
10000,1048576,8825,1357.90
10000,10240,5577,111.10
10000,1048576,5032,1111.84
10000,1048576,1825,993.12
10000,102400,2508,124.90
10000,102400,2095,119.58
10000,10240,7527,105.87
10000,102400,8271,173.98
10000,102400,7051,120.85
10000,1048576,7489,1370.60
1000,1048576,483,1186.32
10000,10240,4325,108.65
10000,10240,9890,107.04
10000,1048576,8259,1491.08
1000,1048576,666,1421.43
1000,10240,648,104.16
100,104857600,23,32247.64
10000,102400,7792,411.29
10000,1048576,2101,3654.70
10000,102400,7018,164.10
10000,10240,4081,122.87
10000,1048576,9860,3922.14
10000,10240,2786,147.69
10000,102400,9594,116.96
10000,102400,1550,117.78
10000,1048576,3555,2488.39
1000,1048576,357,6529.14
10000,102400,6707,132.60
10000,10240,4493,96.35
10000,1048576,742,2244.47
1000,10485760,545,16590.50
10000,10240,6520,293.13
10000,102400,7092,248.34
1000,10485760,999,2094.32
10000,10240,2448,114.04
10000,1048576,2811,6941.89
10000,102400,6201,245.35
10000,102400,1015,118.77
10000,102400,3585,116.48
10000,10240,4024,101.52
10000,102400,1689,116.12
10000,10240,4630,101.13
10000,10240,3927,99.19
10000,10240,5649,105.46
10000,10240,611,99.71
10000,10240,7859,110.68
10000,1048576,7625,7895.54
1000,10485760,240,47039.85
1000,10240,411,403.98
1000,102400,180,139.30
10000,10240,4014,263.68
10000,10240,7578,273.33
1000,1048576,374,11513.46
10000,1048576,1396,2503.23
10000,10240,679,238.05
1000,10240,724,115.13
100,102400,39,116.26
10000,10240,7983,100.51
10000,10240,8884,232.55
10000,1048576,4966,2695.90
10000,102400,6177,129.89
10000,10240,6976,96.42
10000,1048576,5555,8845.35
10000,1048576,9054,11681.83
1000,10485760,225,11219.91
10000,10240,5004,118.89
10000,102400,4591,111.44
10000,102400,5013,241.73
10000,102400,1325,288.41
10000,1048576,5758,3209.95
10000,1048576,8124,2617.15
10000,10240,3105,158.58
10000,102400,9642,116.88
10000,10240,119,103.63
1000,102400,934,121.15
1000,10485760,59,10499.93
10000,102400,5861,133.66
10000,1048576,3469,3697.89
1000,10240,587,225.89
10000,10240,8719,123.63
10000,10240,5587,91.92
1000,1048576,723,6533.99
10000,10240,820,112.17
100,10240,95,203.61
10000,10240,3330,221.08
10000,102400,1236,114.17
10000,10240,20,226.07
10000,1048576,1385,5270.87
1000,10485760,988,21831.97
10000,102400,8728,284.98
1000,10485760,503,43639.42
10000,10240,1117,301.90
10000,1048576,6754,4964.70
1000,10485760,559,17759.26
10000,102400,3941,284.56
10000,102400,8158,156.57
10000,102400,5258,251.98
10000,10240,571,230.69
10000,10240,9873,102.39
10000,102400,2019,128.69
10000,102400,5296,127.23
10000,10240,408,103.98
10000,10240,6567,103.08
10000,1048576,5979,8857.54
10000,10240,6136,217.80
10000,102400,7616,125.41
10000,10240,6316,97.66
10000,10240,7984,104.06
10000,10240,5974,115.18
10000,10240,9515,121.26
1000,1048576,523,6794.80
10000,1048576,3689,3969.30
10000,102400,2449,236.13
10000,10240,3734,105.52
10000,102400,4162,259.21
10000,102400,6183,123.52
10000,10240,8738,98.51
10000,102400,7411,123.64
10000,10240,1567,110.55
10000,1048576,4870,2301.75
10000,102400,7654,137.43
10000,10240,3349,100.50
10000,10240,2389,96.33
10000,1048576,4821,1853.79
10000,102400,3245,131.52
10000,1048576,7284,3338.68
10000,102400,7191,144.69
10000,1048576,7155,2241.36
10000,102400,8876,145.66
10000,102400,5250,111.49
10000,10240,2202,108.11
10000,10240,8396,125.15
10000,10240,2612,111.58
10000,102400,8889,120.91
100,10240,83,116.00
10000,1048576,1256,9730.28
10000,10240,8010,129.63
10000,1048576,7578,6260.76
10000,10240,1430,108.69
10000,102400,7221,219.87
10000,1048576,8132,6770.71
10000,10240,4375,101.86
10000,102400,7848,114.32
1000,10240,656,234.18
10000,10240,8999,241.96
10000,102400,2462,117.80
100,10485760,23,21492.15
10000,1048576,3744,8612.89
10000,10240,8419,237.92
10000,1048576,9218,3697.06
1000,10240,457,222.58
1000,102400,772,111.81
10000,10240,3676,187.28
10000,10240,2325,102.19
10000,10240,291,97.00
10000,1048576,469,1824.97
10000,1048576,5732,3627.64
10000,102400,4301,116.37
10000,1048576,2181,1481.30
10000,102400,5647,126.92
10000,1048576,3122,2858.05
1000,10240,432,115.64
10000,102400,1253,121.72
10000,102400,4768,117.61
1000,1048576,946,2218.68
10000,102400,7316,135.21
10000,1048576,7239,3009.03
10000,102400,6360,126.05
10000,102400,6920,120.64
10000,10240,3907,116.39
1000,102400,688,119.79
10000,102400,6085,118.90
10000,1048576,4492,1504.04
10000,10240,3910,112.55
10000,10240,6980,107.14
10000,10240,2437,108.69
10000,102400,9565,122.70
10000,10240,4258,97.27
10000,102400,8274,121.68
10000,10240,5103,99.57
10000,10240,6758,106.30
10000,102400,2312,111.69
100,102400,98,109.23
1000,102400,325,115.44
10000,102400,8785,114.97
10000,1048576,8492,3942.29
10000,10240,2781,105.36
10000,10240,6809,100.09
10000,1048576,6426,1764.04
10000,10240,8737,100.99
10000,10240,7855,105.92
10000,102400,8788,117.07
10000,10240,8242,103.88
10000,10240,1724,94.80
10000,10240,2804,98.50
10000,10240,856,100.98
10000,10240,6673,99.44
10000,1048576,4711,2518.33
10000,102400,9206,126.03
10000,1048576,7159,8173.96
10000,102400,6549,235.51
10000,1048576,5646,14436.46
10000,1048576,9504,3634.28
10000,1048576,8765,4957.02
10000,102400,7057,164.66
10000,10240,539,97.92
10000,102400,7739,125.37
10000,10240,4033,109.51
10000,102400,8612,249.51
10000,102400,5724,115.63
10000,102400,7749,123.96
1000,10240,422,117.31
10000,10240,6698,105.69
10000,102400,9830,113.49
10000,10240,6005,101.63
10000,102400,1354,116.11
10000,10240,9545,107.17
10000,10240,6766,106.29
10000,102400,5344,117.19
10000,10240,8656,108.12
10000,10240,8233,104.53
10000,102400,9160,119.33
10000,1048576,5638,6449.31
10000,102400,1107,122.60
10000,10240,2869,97.47
10000,10240,6827,97.86
10000,1048576,9397,2567.87
10000,1048576,7566,2348.12
10000,10240,325,103.61
10000,102400,3967,120.51
10000,102400,2577,123.34
1000,10485760,355,11764.08
10000,1048576,9396,2648.53
10000,10240,9945,227.29
10000,1048576,6223,2151.26
10000,102400,26,268.78
10000,1048576,6028,1681.95
1000,102400,816,141.14
10000,1048576,3362,1765.14
100,10485760,51,6579.72
1000,1048576,817,1139.03
10000,10240,6204,232.34
10000,10240,8625,109.65
10000,102400,5950,129.54
10000,10240,1272,103.35
10000,102400,5197,124.07
10000,10240,6189,103.16
10000,102400,9469,118.56
10000,1048576,8381,879.37
1000,10485760,804,3635.81
1000,102400,623,127.19
10000,10240,6557,100.37
10000,102400,2668,114.34
10000,10240,7426,104.89
10000,102400,2026,120.38
10000,1048576,9314,869.24
10000,10240,6816,114.17
10000,102400,1305,113.16
1000,1048576,832,781.46
10000,102400,7700,142.95
10000,1048576,8388,2560.09
10000,1048576,283,4586.92
10000,102400,4903,122.56
10000,10240,8106,95.53
1000,1048576,954,2297.24
1000,1048576,415,3884.16
10000,1048576,7495,1423.88
10000,102400,1140,126.62
10000,102400,1959,136.43
10000,102400,837,109.14
10000,102400,2103,111.51
10000,10240,3230,107.27
1000,10485760,754,12206.78
10000,10240,6561,231.96
10000,1048576,7739,1812.80
10000,1048576,6860,6715.92
10000,102400,7413,139.90
1000,1048576,153,4320.16
10000,102400,5585,122.16
1000,1048576,219,2998.62
10000,1048576,3566,2553.36
10000,102400,8033,228.04
10000,10240,4820,190.16
10000,1048576,5238,735.19
10000,102400,366,119.41
10000,102400,1228,283.40
10000,102400,2542,109.78
10000,1048576,6635,2367.60
10000,10240,9590,100.68
10000,102400,6720,112.77
1000,1048576,777,1278.68
10000,1048576,7453,1389.89
10000,102400,8026,114.26
10000,1048576,9473,841.46
10000,10240,7299,104.37
10000,1048576,309,1617.64
10000,10240,5255,102.85
100,10485760,92,5219.12
10000,102400,9903,128.22
10000,102400,2028,126.41
10000,1048576,4873,2455.37
10000,10240,6653,105.29
10000,102400,5488,114.75
10000,10240,4365,91.28
10000,102400,6898,250.85
10000,102400,554,118.21
10000,1048576,6752,4293.20
10000,1048576,9388,2283.62
10000,1048576,6261,3292.62
10000,1048576,2202,2683.71
10000,10240,5709,111.58
1000,10485760,64,5172.38
10000,102400,3181,131.23
10000,1048576,624,650.22
10000,102400,2266,120.91
1000,102400,13,123.95
10000,102400,7250,121.70
10000,1048576,5400,724.67
100,1048576,83,760.58
10000,1048576,3372,932.94
10000,10240,9645,104.40
1000,1048576,55,1337.21
10000,10240,8391,103.33
10000,1048576,3385,1206.30
10000,102400,2401,123.10
10000,102400,20,110.30
1000,1048576,845,1361.90
10000,102400,9926,122.71
1000,10240,421,93.58
10000,102400,5109,114.45
10000,102400,13,109.27
10000,102400,1321,116.22
1000,1048576,145,1218.32
1000,10485760,569,3131.86
10000,10240,898,114.72
10000,102400,8150,109.77
10000,10240,3059,94.44
10000,102400,4985,118.18
10000,102400,8007,112.07
10000,10240,146,102.72
10000,102400,1522,113.52
10000,1048576,9516,711.31
10000,10240,9688,111.57
10000,10240,9994,104.98
10000,10240,7111,97.00
10000,102400,5300,127.21
10000,10240,593,96.10
10000,102400,6164,112.31
10000,10240,6702,98.27
10000,102400,4718,109.96
10000,1048576,753,886.51
10000,1048576,7862,547.55
10000,10240,2702,98.97
10,102400,7,113.16
10000,10240,6545,100.51
10000,1048576,4052,768.44
10000,1048576,2887,646.84
10000,102400,4382,127.91
10000,10240,8206,90.00
10000,10240,9765,99.12
10000,1048576,9962,749.40
10000,10240,1406,102.52
10000,10240,7849,97.60
10000,10240,9699,100.05
10000,1048576,4751,848.15
10000,10240,3515,110.77
10000,10240,5714,107.93
1000,1048576,985,705.43
10000,1048576,3504,1714.34
10000,102400,3714,130.70
10000,10240,3765,104.66
100,10240,59,112.62
10000,102400,1895,109.07
10000,10240,1595,100.04
10000,1048576,3845,770.32
10000,102400,4310,125.89
10000,10240,8001,100.75
10000,10240,6306,102.75
1000,10240,815,101.64
10000,1048576,4903,754.47
10000,102400,5024,130.14
1000,102400,495,111.96
10000,10240,5290,100.78
10000,102400,9391,117.79
1000,10240,4,112.65
10000,1048576,6502,745.65
10000,102400,3541,131.53
10000,102400,2739,117.59
10000,1048576,5371,699.05
10000,102400,3074,129.12
10000,10240,487,99.50
10000,102400,6307,121.42
10000,102400,7509,119.06
10000,10240,8475,102.41
10000,102400,5992,118.43
10000,102400,478,118.11
10000,10240,3098,105.22
1000,102400,196,119.47
1000,10240,124,100.13
10000,10240,1401,98.30
10000,1048576,5650,760.65
10000,10240,1907,110.77
10000,1048576,3521,747.90
10000,10240,4528,111.43
10000,1048576,9519,733.60
10000,10240,2251,111.65
10000,10240,9798,100.13
10000,102400,7980,119.81
10000,10240,8555,93.96
10000,102400,8543,129.68
10000,1048576,5873,704.12
10000,1048576,9483,845.09
10000,1048576,124,742.47
10000,1048576,754,684.68
10000,10240,3658,106.97
10000,1048576,3096,700.88
100,102400,69,138.43
10000,102400,1552,146.56
10000,102400,3517,128.27
10000,1048576,2963,561.03
1000,102400,181,129.31
10000,10240,8984,110.14
10000,102400,3757,126.83
1000,10485760,27,3200.55
10000,102400,4049,135.78
10000,102400,4276,141.21
1000,10485760,749,3252.17
10000,1048576,7213,547.96
10000,10240,7668,113.57
10000,1048576,2585,736.73
10000,102400,8036,140.29
10000,102400,4000,125.43
10000,10240,6710,110.04
10000,1048576,1207,775.22
10000,1048576,954,626.00
10000,10240,9355,121.10
1000,10240,41,110.37
10000,102400,1822,121.58
10000,1048576,7752,1143.42
10000,1048576,1412,6728.12
100,104857600,71,30801.23
1000,10485760,376,3726.30
10000,1048576,9528,667.83
10000,1048576,5060,590.51
10000,102400,3329,141.32
10000,10240,8704,122.54
10000,102400,14,134.96
10000,10240,9171,114.28
10000,102400,8076,124.20
10000,10240,6737,107.54
10000,102400,5021,120.03
10000,10240,5027,112.29
10000,10240,2295,104.60
10000,102400,4755,129.41
10000,10240,147,105.39
10000,1048576,3603,703.83
10000,10240,4709,116.42
10000,1048576,1900,759.21
10000,10240,8800,113.95
10000,1048576,1401,800.49
10000,102400,2414,135.99
10000,10240,2326,114.50
1000,10485760,830,1954.06
10000,102400,5701,145.60
10000,102400,6753,117.12
10000,102400,8040,124.73
10000,1048576,6710,748.67
10000,102400,3698,136.01
10000,102400,2178,132.82
10000,10240,737,111.90
10000,10240,2875,107.83
10000,102400,5428,134.03
1000,1048576,798,725.01
10000,10240,7025,118.24
10000,1048576,3938,581.98
10000,10240,4993,109.92
100,10485760,77,3895.07
10000,1048576,6441,598.70
10000,10240,6488,113.56
1000,1048576,120,31035.41
10000,10240,687,164.66
10000,1048576,2517,1017.44
10000,1048576,6212,652.49
1000,10485760,546,3900.06
10000,102400,8713,142.40
10000,10240,3667,111.62
10000,1048576,2402,590.27
10000,1048576,4772,585.07
10000,102400,1123,136.07
10000,1048576,3653,1744.15
10000,10240,8551,120.22
10000,10240,8796,123.63
1000,10240,967,114.95
10000,102400,1977,142.31
10000,102400,2872,123.89
10000,10240,4134,114.86
10000,10240,2204,115.79
10000,10240,6566,101.95
10000,10240,6858,106.82
10000,102400,1826,124.97
10000,1048576,5872,722.75
10000,102400,3484,129.14
10000,102400,2374,120.50
10000,102400,7243,120.13
10000,1048576,8434,799.88
10000,10240,6635,114.98
10000,102400,2552,127.58
1000,10240,173,107.84
1000,10240,39,113.50
10000,10240,437,105.44
10000,102400,6952,130.96
10000,102400,2214,125.88
10000,102400,861,119.40
10000,10240,271,108.35
10000,10240,5265,102.71
10000,10240,4967,101.88
10000,102400,4823,119.87
10000,10240,6988,108.35
10000,10240,7257,112.52
1000,10485760,42,4141.07
1000,10240,830,297.54
10000,1048576,4211,694.55
10000,10240,4305,111.03
10000,102400,9958,118.99
10000,102400,6357,125.98
1000,102400,477,139.41
10000,10240,2653,107.14
10000,102400,8926,124.42
1000,102400,115,133.59
10000,1048576,99,725.77
10000,102400,898,133.88
10000,10240,2238,109.01
10000,102400,8797,107.03
10000,1048576,3532,710.91
1000,1048576,348,803.93
10000,10240,1658,119.87
10000,102400,5264,121.69
10000,102400,1063,121.32
10000,10240,7563,105.20
10000,10240,1586,107.60
10000,102400,3948,120.19
1000,1048576,171,551.80
10000,10240,4591,110.48
1000,102400,555,111.23
10000,1048576,5728,740.50
10000,10240,3474,123.52
10000,10240,7887,109.23
10000,10240,9411,110.24
100,1048576,96,790.42
10000,10240,8424,116.03
10000,10240,6394,102.08
1000,102400,793,135.98
1000,1048576,116,715.04
1000,1048576,344,772.39
10000,102400,5520,141.56
10000,1048576,5599,784.52
10000,1048576,4062,762.20
10000,10240,7139,125.94
10000,102400,29,121.28
10000,10240,4062,104.88
10000,102400,376,122.15
10000,102400,2976,116.17
10000,1048576,6899,682.23
10000,10240,9373,132.44
10000,10240,3620,112.39
10000,10240,7513,108.78
1000,10240,983,110.16
10000,102400,3203,126.79
10000,1048576,3505,732.83
10000,102400,1347,133.08
1000,1048576,118,754.94
10000,10240,8538,113.71
10000,1048576,833,743.25
10000,102400,4026,159.35
10000,102400,665,123.54
10000,102400,5291,127.58
10000,10240,9368,106.44
1000,10240,539,111.31
10000,102400,1408,127.61
10000,10240,368,104.73
10000,102400,143,121.73
10000,102400,7416,124.28
10000,1048576,5939,760.46
10000,1048576,7010,620.03
10000,10240,5189,111.23
1000,10240,503,113.36
10000,10240,7229,105.75
10000,102400,5089,123.11
10000,102400,8403,126.13
10000,1048576,2793,771.11
10000,102400,3038,138.93
10000,10240,2854,109.18
10000,1048576,4735,558.52
10000,102400,875,134.78
10000,1048576,5519,547.46
1000,10240,798,113.36
10000,102400,5051,132.53
10000,10240,9331,110.32
10000,1048576,7940,784.39
10000,10240,3914,117.67
10000,1048576,5955,552.32
10000,1048576,8988,763.99
10000,102400,1260,143.91
10000,10240,54,120.92
10000,1048576,5471,734.69
10000,10240,5036,117.81
10000,1048576,3783,707.40
10000,10240,5831,160.51
10000,102400,4266,227.57
10000,1048576,8288,755.62
100,1048576,98,856.67
1000,10485760,467,3379.82
10000,102400,4402,141.78
1000,1048576,76,734.70
10000,1048576,1686,586.66
10000,1048576,114,561.42
10000,10240,6600,116.66
10000,10240,5971,111.50
10000,10240,7479,102.66
1000,10485760,186,3201.86
10000,1048576,6683,704.83
10000,10240,3629,118.55
10000,10240,2070,104.17
1000,10485760,712,3964.53
1000,102400,481,146.51
10000,1048576,9466,589.12
10000,10240,1008,120.24
10000,1048576,9089,592.23
10000,102400,7110,134.09
10000,10240,2042,108.00
10000,1048576,6370,714.01
10000,10240,394,115.78
1000,10240,179,115.00
10000,102400,560,125.09
10000,10240,2918,106.88
10000,1048576,5911,795.13
10000,10240,4,114.17
10000,102400,5794,145.07
10000,10240,8219,113.27
10000,10240,6878,155.52
10000,10240,6169,116.65
10000,10240,9323,109.56
10000,10240,8670,137.81
10000,102400,5700,146.24
10000,102400,6845,128.85
1000,102400,260,141.11
10000,1048576,4361,622.36
1000,1048576,125,736.47
10000,1048576,6330,544.23
10000,1048576,1512,642.70
10000,102400,8069,130.43
10000,1048576,8927,704.13
1000,10485760,678,3966.46
10000,102400,4508,157.63
1000,102400,770,125.63
10000,10240,4992,114.55
1000,102400,660,202.16
1000,10485760,962,3873.67
10000,102400,2530,146.16
10000,10240,7623,106.02
10000,10240,2909,105.92
10000,102400,9259,137.76
10000,10240,3004,105.52
10000,1048576,6857,797.85
10000,102400,3905,172.36
10000,10240,5066,106.84
10000,1048576,6495,717.04
10000,1048576,7639,765.21
10000,102400,7726,129.75
1000,102400,141,118.90
10000,1048576,3959,736.51
10000,102400,4690,132.69
1000,10240,212,109.78
10000,102400,3913,122.36
10000,102400,9457,121.21
10000,1048576,8842,788.34
10000,1048576,8540,564.06
10000,102400,1350,133.76
10000,1048576,171,719.80
10000,1048576,2280,669.94
10000,10240,5898,108.28
10000,10240,698,104.91
10000,10240,2306,101.69
10000,102400,5445,123.11
10000,1048576,6691,839.71
10000,10240,9811,114.79
10000,10240,209,116.84
10000,10240,3532,107.05
10000,102400,9649,122.19
10000,102400,8571,117.03
1000,10485760,743,1928.46
10000,102400,6673,142.26
1000,102400,525,128.13
10000,102400,7471,127.88
10000,10240,4146,108.33
10000,1048576,4408,800.64
10000,10240,9953,115.48
10000,102400,111,119.33
1000,1048576,787,1103.45
10000,102400,2229,132.31
10000,1048576,3842,674.66
10000,10240,8562,103.14
10000,1048576,1485,608.78
10000,1048576,6494,722.90
10000,10240,6082,112.75
10000,1048576,7996,706.88
1000,10485760,375,4113.50
10000,1048576,8299,930.24
10000,102400,8536,123.72
10000,102400,1456,103.65
10000,1048576,6708,1078.19
1000,10485760,189,10118.61
10000,10240,3290,229.38
1000,10485760,758,9372.16
10000,10240,7258,116.24
10000,102400,237,117.75
10000,10240,847,134.34
10000,1048576,9649,745.96
10000,10240,145,206.89
10000,1048576,6814,725.81
10000,1048576,2884,507.76
10000,10240,8454,103.98
10000,10240,1557,235.25
1000,1048576,297,769.84
10000,10240,6887,110.81
10000,10240,9668,105.91
10000,10240,6869,145.64
10000,10240,6547,103.88
10000,102400,5088,122.47
10000,1048576,859,804.12
10000,1048576,7203,733.16
10000,1048576,1726,553.97
10000,10240,6813,111.55
10000,1048576,3779,779.00
10000,1048576,3023,778.42
10000,1048576,4204,714.68
10000,10240,5874,111.73
10000,10240,7901,98.88
10000,10240,9202,101.00
10000,1048576,5999,747.82
10000,102400,246,128.19
10000,10240,48,100.40
10000,10240,9671,96.64
10000,1048576,1484,720.14
100,10485760,16,3903.57
10000,1048576,3665,729.81
10000,10240,4598,116.13
10000,1048576,1007,667.71
10000,1048576,2879,756.81
10000,102400,9168,121.83
10000,102400,9856,120.95
10000,1048576,4555,877.15
100,104857600,87,28528.43
10000,10240,6795,263.48
10000,1048576,5836,666.53
10000,10240,7315,133.31
10000,1048576,5359,566.42
10000,102400,4060,150.34
10000,102400,3635,124.43
10000,1048576,1846,917.53
10000,1048576,9971,761.72
10000,102400,6192,122.49
10000,102400,5833,120.61
10000,1048576,1657,724.51
10000,10240,936,118.30
10000,10240,7127,110.06
100,104857600,52,27268.12
10000,102400,6544,310.30
10000,102400,58,165.09
10000,10240,8579,130.83
10000,1048576,1787,882.32
10000,1048576,2776,690.36
10000,10240,4122,120.96
10000,10240,2511,115.83
10000,102400,3722,117.07
10000,102400,7280,116.79
10000,10240,134,105.16
1000,10485760,187,4699.95
10000,10240,3582,242.60
10000,1048576,6072,1079.86
10000,1048576,6277,744.52
10000,1048576,3485,953.43
10000,10240,1139,119.70
10000,102400,2382,118.51
10000,1048576,5829,932.06
10000,1048576,9073,521.83
10000,102400,4489,122.85
10000,1048576,2253,629.67
10000,10240,3303,123.36
1000,1048576,251,647.22
10000,102400,758,144.99
10000,10240,4726,108.32
10000,102400,4637,121.50
10000,10240,9591,103.03
10000,1048576,133,923.76
10000,10240,3120,108.75
10000,102400,8875,117.14
10000,1048576,2894,787.08
10000,1048576,2498,539.68
10000,10240,3605,102.49
1000,10485760,213,4598.40
10000,102400,4647,275.98
1000,1048576,12,731.03
10000,10240,1923,109.72
10000,1048576,2089,694.77
10000,1048576,9952,696.42
1000,10240,960,113.89
10000,10240,2029,107.02
10000,102400,9586,117.28
10000,1048576,147,897.89
10000,102400,4452,136.05
10000,102400,1849,124.86
10000,102400,3925,124.99
10000,1048576,3777,854.17
10000,102400,3600,128.50
10000,102400,9305,110.44
1000,10240,20,99.72
1000,102400,176,120.52
10000,102400,3534,122.95
10000,1048576,4193,870.12
1000,10240,31,112.50
100,10240,78,102.72
10000,1048576,3682,751.61
10000,1048576,3116,537.39
1000,102400,45,121.94
10000,102400,4488,112.77
10000,1048576,1014,738.85
10000,1048576,314,495.85
10000,1048576,815,622.74
10000,10240,1055,130.30
10000,10240,3010,106.99
10000,10240,3940,102.40
10000,102400,3202,121.27
1000,102400,236,127.47
10000,102400,4977,115.10
10000,10240,694,102.36
10000,102400,1760,122.42
10000,1048576,7364,772.89
10000,10240,0,115.01
10000,1048576,5840,539.27
1000,10240,891,99.19
1000,102400,922,117.30
10000,10240,7098,97.96
10000,10240,8920,97.65
10000,102400,4779,123.61
10000,102400,833,116.05
10000,10240,6799,108.07
10000,10240,9173,98.62
10000,10240,4495,94.49
10000,102400,3359,113.32
10000,1048576,1330,681.08
10000,102400,4380,124.60
10000,10240,7228,101.02
1000,10485760,2,3234.92
10000,1048576,2323,745.75
1000,1048576,978,724.08
10000,102400,1594,137.51
10000,10240,182,103.06
1000,102400,102,109.03
10000,1048576,6235,781.08
10000,102400,9280,124.64
10000,1048576,997,745.94
10000,102400,9999,127.38
10000,10240,7607,115.31
10000,1048576,9431,743.80
1000,10485760,452,3693.10
10000,1048576,9618,847.88
10000,10240,3730,114.67
1000,10485760,279,3283.84
10000,1048576,1453,524.23
10000,10240,617,105.72
10000,102400,1621,118.45
1000,102400,304,127.29
10000,1048576,1031,802.53
10000,1048576,1230,735.69
10000,1048576,5921,831.06
10000,1048576,9701,730.06
10000,1048576,5195,729.24
10000,1048576,4506,716.67
10000,1048576,8019,722.66
10000,10240,8589,117.07
10000,10240,9238,105.90
10000,10240,8025,103.36
10000,1048576,1378,726.91
10000,102400,7570,124.58
10000,1048576,8180,715.11
10000,10240,2317,107.23
10000,102400,3516,113.67
10000,1048576,712,760.78
10000,10240,9503,108.48
10000,102400,5473,121.49
10000,1048576,1954,680.87
10000,102400,9422,127.18
10000,1048576,6333,717.49
10000,102400,8758,143.07
10000,1048576,1083,790.63
10000,10240,1630,103.82
10000,1048576,1099,705.87
10000,102400,5993,124.97
10000,102400,1889,116.07
10000,102400,754,119.46
1000,102400,482,116.70
10000,10240,2813,102.27
10000,102400,5697,118.59
10000,1048576,5502,784.92
10000,1048576,8151,790.07
10000,102400,6922,123.62
10000,10240,6000,104.96
10000,10240,2814,104.59
10000,1048576,2330,777.60
10000,102400,4118,150.38
10000,1048576,8516,741.21
10000,10240,295,107.64
1000,1048576,771,771.31
10000,1048576,7819,761.81
10000,1048576,7088,646.50
10000,10240,7687,110.52
1000,10485760,43,3576.44
10000,1048576,962,731.17
10000,1048576,8525,540.73
10000,1048576,8574,547.42
10000,102400,5674,127.11
10000,10240,7874,114.70
10000,10240,8444,116.03
10000,1048576,6407,754.31
10000,1048576,2965,717.32
10000,1048576,7465,635.48
10000,102400,7751,118.62
10000,1048576,3377,790.95
10000,1048576,6699,717.73
10000,10240,1338,119.38
10000,10240,2265,99.77
10000,10240,7015,97.21
10000,1048576,8026,705.70
10000,10240,6582,111.58
10000,102400,8977,119.29
1000,10240,425,106.44
10000,1048576,7825,759.49
10000,1048576,807,852.62
10000,10240,2142,107.53
10000,10240,8117,113.65
10000,102400,4216,116.21
10000,102400,765,110.56
10000,1048576,9664,687.19
10000,1048576,2293,535.08
10000,102400,5417,122.93
10000,102400,7240,120.33
10000,1048576,8660,782.36
10000,10240,8961,109.29
10000,10240,1491,95.30
10000,102400,7921,116.51
10000,1048576,7882,807.29
1000,10240,450,114.34
10000,102400,8352,122.94
10000,102400,7537,120.75
10000,1048576,2847,691.31
10000,102400,44,124.01
10000,1048576,5971,707.99
10000,102400,7362,123.76
10000,10240,4822,101.77
10000,1048576,8931,770.75
10000,102400,5348,122.38
1000,102400,640,109.85
10000,10240,2014,92.98
10000,1048576,6005,821.50
10000,102400,449,126.83
10000,102400,2339,115.93
1000,10240,196,96.67
10000,102400,9313,116.19
10000,10240,3763,97.05
10000,1048576,8198,674.36
10000,102400,9833,122.65
10000,102400,8493,112.96
10000,10240,7392,107.35
10000,1048576,9970,741.17
10000,10240,4026,101.73
10000,10240,9967,104.31
1000,102400,249,120.26
10000,1048576,6718,757.68
10000,1048576,3222,738.04
10000,102400,9190,129.75
10000,102400,1057,116.07
10000,10240,3417,115.78
10000,102400,1806,115.08
10000,1048576,4355,700.95
10000,1048576,3056,722.17
10000,1048576,1844,778.63
10000,10240,8590,112.47
10000,102400,1489,117.54
10000,102400,5864,109.00
10000,10240,5200,107.35
1000,10485760,109,4138.21
10000,102400,232,160.95
1000,1048576,267,644.94
10000,10240,5137,107.90
10000,10240,8660,109.90
10000,102400,3713,120.74
10000,1048576,5351,778.98
10000,1048576,6442,746.00
10000,10240,5815,117.57
10000,10240,1928,111.08
10000,10240,5283,99.26
10000,10240,5673,99.52
10000,10240,6080,102.23
10000,10240,6763,104.78
10000,102400,3606,131.30
10000,102400,6210,122.64
1000,102400,724,114.14
10000,102400,8554,116.86
1000,1048576,209,776.78
1000,10485760,686,3222.29
10000,1048576,8932,761.78
10000,10240,4566,112.74
10000,1048576,9065,842.55
10000,10240,9393,109.79
10000,102400,7143,114.11
10000,102400,6849,113.56
10000,10240,6094,100.02
1000,10240,573,102.50
10000,10240,7312,97.82
100,104857600,84,29040.66
10000,102400,9470,195.21
10000,102400,2836,234.02
1000,102400,531,239.13
10000,102400,7770,266.01
10000,1048576,930,952.37
10000,102400,5252,135.66
10000,102400,1286,122.87
10000,102400,3482,123.09
10000,1048576,266,829.51
10000,1048576,9950,888.70
10000,102400,895,148.42
10000,1048576,3620,858.01
10000,10240,5640,125.89
10000,1048576,1455,628.63
10000,1048576,29,751.72
10000,1048576,3048,562.48
1000,102400,386,121.67
100,1048576,42,830.01
10000,102400,5122,131.84
10000,102400,355,112.54
10000,1048576,2318,853.49
10000,1048576,6579,649.67
10000,10240,18,108.12
1000,1048576,979,672.74
1000,1048576,626,605.88
10000,1048576,8062,716.86
10000,102400,594,126.64
10000,1048576,6569,868.67
10000,10240,9931,117.27
10000,10240,2639,109.88
100,10485760,63,3529.47
10000,10240,3137,112.82
1000,10240,801,98.88
1000,10240,522,98.09
10000,1048576,6357,837.85
10000,10240,5830,111.33
10000,1048576,1432,706.79
10000,1048576,5997,723.92
1000,10485760,263,3557.49
10000,102400,8223,127.00
10000,1048576,3583,604.14
10000,102400,162,125.59
10000,102400,5666,118.14
10000,1048576,4629,920.33
10000,1048576,7913,943.04
10000,1048576,2232,739.63
10000,102400,5622,147.61
10000,102400,2311,110.61
10000,1048576,7452,804.09
10000,10240,8447,102.96
1000,1048576,234,615.16
10000,1048576,7472,682.87
10000,1048576,4977,505.03
10000,102400,2323,120.38
10000,10240,7230,94.81
10000,10240,3356,105.09
10000,102400,7841,117.09
10000,102400,5541,125.73
1000,10485760,706,4359.59
10000,102400,1519,129.48
10000,102400,9250,112.93
10000,1048576,2953,769.96
10000,1048576,5944,499.64
10000,102400,9073,117.66
10000,10240,9881,98.29
10000,10240,2725,101.06
10000,1048576,8756,834.63
10000,10240,7117,103.94
10000,10240,5942,102.90
10000,102400,4229,113.93
10000,102400,2771,126.24
10000,10240,2522,106.09
10000,102400,8068,116.19
10000,10240,510,100.40
10000,1048576,2447,801.90
10000,102400,9097,122.66
10000,102400,2396,117.73
10000,1048576,3438,804.53
10000,10240,7105,107.00
10000,1048576,4491,669.26
1000,102400,165,115.74
10000,1048576,7872,761.87
10000,1048576,5348,852.23
10000,102400,2593,138.59
10000,1048576,6602,809.38
10000,102400,2235,144.14
10000,1048576,4955,715.86
10000,10240,1304,116.19
10000,102400,7046,114.82
10000,10240,8139,104.31
10000,10240,6105,101.37
10000,102400,8714,124.79
10000,1048576,5003,748.43
10000,1048576,3661,570.15
10000,102400,31,126.18
10000,10240,5441,96.82
10000,1048576,5274,750.17
1000,102400,572,132.20
10000,10240,9975,109.45
10000,10240,2609,101.96
10000,102400,1114,112.92
10000,10240,6970,101.28
10000,1048576,8657,704.21
10000,1048576,8860,745.99
10000,102400,5949,125.34
10000,1048576,7108,813.27
10000,102400,7910,121.23
10000,10240,815,113.05
10000,102400,8678,119.16
10000,10240,6489,102.99
10000,10240,3999,101.46
10000,1048576,8426,784.98
10000,102400,4414,118.30
10000,102400,8304,109.00
10000,102400,7888,106.25
10000,102400,8563,110.78
10000,10240,5722,99.77
10000,10240,2742,95.03
10000,102400,2941,117.15
10000,10240,5336,95.06
10000,102400,766,114.96
10000,102400,7260,120.64
10000,10240,623,115.15
10000,10240,3702,133.01
10000,10240,1263,106.18
10000,1048576,8850,749.81
10000,1048576,2322,531.94
1000,1048576,439,566.42
10000,10240,9981,97.44
10000,1048576,1259,544.22
10000,1048576,716,552.12
10000,10240,6516,99.40
1000,10485760,265,3199.48
10000,1048576,9191,557.54
10000,102400,9911,124.64
10000,10240,5183,92.02
10000,102400,9690,116.63
10000,10240,4245,122.13
10000,102400,8065,109.08
10000,1048576,9040,870.89
10000,10240,5945,104.18
10000,102400,3573,116.85
10000,1048576,12,666.07
10000,1048576,6729,509.16
10000,10240,5042,109.49
10000,102400,9698,115.83
10000,1048576,2841,741.74
10000,102400,4245,130.64
10000,1048576,3166,853.72
10000,10240,892,109.69
10000,102400,8087,119.74
10000,102400,4648,116.99
10000,102400,9557,108.42
10000,102400,9944,115.42
10000,10240,4197,101.58
10000,1048576,2558,741.57
10000,1048576,492,648.02
10000,102400,6800,121.66
1000,10485760,283,3888.56
10000,10240,7805,106.58
1000,102400,404,113.81
10000,10240,9121,113.76
10000,1048576,6597,726.98
10000,10240,270,100.07
10000,10240,3845,119.88
10000,102400,6942,122.19
10000,102400,8016,115.20
10000,102400,4824,115.54
10000,1048576,531,740.52
10000,10240,9232,110.81
10000,1048576,5087,795.63
10000,1048576,4256,754.92
10000,1048576,1377,769.35
10000,10240,2464,113.35
10000,102400,9107,120.82
1000,102400,191,120.24
10000,1048576,1858,692.54
10000,10240,5372,110.49
10000,10240,2334,97.54
10000,1048576,5725,718.13
10000,1048576,9811,672.24
10000,102400,5806,128.97
10000,1048576,6715,636.38
10000,102400,8577,117.58
10000,1048576,1322,713.48
1000,10485760,994,3043.08
10000,1048576,545,821.59
10000,1048576,9349,596.91
10000,1048576,9353,706.05
1000,10240,88,109.04
1000,10240,527,102.23
10000,10240,9861,104.84
10000,10240,5821,98.83
10000,10240,9745,99.41
1000,102400,960,111.92
10000,1048576,6307,728.39
10000,1048576,7808,557.33
10000,102400,4605,117.41
10000,1048576,3887,678.99
10000,102400,8831,125.42
10000,10240,6161,108.03
10000,102400,5404,121.55
10000,102400,7172,119.65
10000,10240,3302,101.02
10000,1048576,9961,701.79
10000,1048576,6565,734.51
10000,1048576,3835,773.57
1000,10240,683,111.25
1000,10485760,540,3719.61
10000,102400,4203,131.56
10000,10240,3917,98.00
1000,102400,528,111.73
10000,1048576,9717,746.50
10000,10240,594,108.50
10000,102400,8940,119.84
100,10485760,8,3309.21
10000,1048576,634,635.31
10000,1048576,8109,753.26
10000,102400,9293,119.50
100,104857600,72,28547.49
10000,10240,8240,312.86
10000,10240,3351,141.81
10000,1048576,3481,965.78
10000,10240,1296,118.81
100,104857600,92,26097.71
10000,10240,1207,145.82
10000,102400,220,178.06
10000,102400,9090,156.71
10000,10240,8439,99.07
10000,102400,2824,238.52
10000,10240,8330,111.14
10000,1048576,9802,814.66
10000,10240,2859,114.86
1000,1048576,977,641.02
10000,1048576,1917,764.69
1000,102400,513,123.07
100,1048576,32,768.70
10000,1048576,1880,766.98
10000,1048576,1716,812.33
10000,1048576,9286,845.75
10000,1048576,8430,790.35
10000,10240,8633,117.82
10000,10240,1925,106.45
10000,1048576,5794,730.26
10000,102400,8471,135.98
10000,102400,8886,122.53
10000,102400,640,115.03
10000,10240,9522,100.70
10000,1048576,6108,848.88
10000,102400,4821,129.09
1000,102400,591,119.82
10000,1048576,2800,901.69
10000,102400,3076,125.13
10000,102400,9301,111.86
10000,10240,3552,99.75
10000,102400,9373,116.28
10000,1048576,8936,695.45
10000,1048576,6663,728.92
10000,1048576,8580,857.53
10000,102400,8609,132.24
10000,10240,9795,105.16
10000,1048576,915,840.87
10000,1048576,4604,706.50
10000,1048576,8556,693.50
10000,10240,3179,111.50
10000,102400,3817,128.03
1000,102400,303,125.13
10000,1048576,9644,819.17
10000,10240,3324,110.61
10000,1048576,2038,652.02
10000,10240,3563,111.65
10000,1048576,6558,734.54
10000,10240,7357,104.44
10000,102400,912,115.48
10000,1048576,9122,724.97
10000,10240,4838,118.64
10000,102400,2,126.33
10000,102400,3818,127.85
10000,102400,4692,118.42
10000,10240,7883,100.10
10000,1048576,3115,832.12
10000,102400,1262,127.46
10000,10240,8167,104.31
10000,1048576,3448,835.68
10000,102400,3532,123.28
10000,10240,9867,106.66
1000,10240,744,107.46
10000,1048576,661,775.60
10000,10240,8434,109.91
10000,1048576,7709,710.18
10000,102400,2479,125.98
10000,102400,5857,123.09
10000,102400,4646,112.37
100,104857600,1,26712.04
10000,102400,9753,369.23
10000,102400,1385,235.51
10000,1048576,8695,677.84
10000,1048576,5066,748.95
10000,102400,1247,125.78
10000,1048576,5431,625.35
10000,1048576,7766,788.01
1000,102400,540,155.19
10000,1048576,7754,809.67
10000,102400,9099,130.61
10000,102400,8690,118.08
10000,102400,6946,118.86
10000,102400,9685,116.80
10000,102400,7747,119.81
10000,1048576,3804,840.23
10000,102400,7908,130.77
10000,10240,2411,121.95
10000,1048576,6627,790.21
10000,10240,3118,112.27
10000,10240,7478,104.88
10000,10240,3679,101.49
10000,10240,1776,102.80
10000,10240,4887,110.28
10000,10240,226,102.77
1000,1048576,949,823.47
10000,10240,6408,113.41
10000,102400,2893,124.09
10000,10240,3550,107.41
10000,1048576,5080,873.56
10000,10240,9473,119.11
10000,102400,9385,119.28
10000,102400,9529,115.04
10000,102400,7901,122.53
10000,1048576,8554,784.18
10000,102400,5419,129.68
1000,10485760,446,2133.13
10000,102400,805,134.00
10000,1048576,665,604.33
1000,10485760,266,3579.72
10000,10240,671,113.04
10000,1048576,3919,727.93
10000,10240,4480,117.72
10000,10240,9845,107.92
1000,10485760,410,4435.24
10000,10240,9396,112.36
10000,1048576,8611,589.52
10000,1048576,5394,722.13
100,104857600,21,27803.20
10000,1048576,4488,963.33
10000,10240,3947,289.75
10000,1048576,1615,823.68
10000,10240,4222,120.13
10000,10240,6322,105.93
10000,1048576,8535,1005.31
10000,1048576,9936,879.73
10000,102400,8318,266.01
10000,10240,6074,106.23
10000,10240,7322,106.92
10000,102400,6797,122.69
10000,10240,840,112.02
10000,102400,8634,126.32
10000,10240,4399,105.15
1000,102400,549,130.18
10000,102400,7446,121.58
1000,10240,678,103.47
10000,10240,3223,99.67
10000,102400,4374,118.49
10000,1048576,5205,771.95
10000,10240,279,112.24
10000,10240,712,111.53
10000,102400,6960,124.99
10000,10240,500,103.17
10000,10240,4606,100.29
10000,102400,8499,123.88
10000,102400,4463,121.32
10000,1048576,5837,830.45
1000,1048576,656,873.54
10000,1048576,1684,771.24
10000,102400,4674,126.18
10000,1048576,9883,502.68
10000,102400,6279,128.77
1000,10240,580,107.92
10000,1048576,372,782.13
10000,102400,3569,131.68
10000,102400,8249,117.99
10000,102400,2418,118.89
10000,1048576,8081,955.93
10000,10240,7559,117.44
10000,102400,7996,127.37
10000,102400,5605,142.62
10000,1048576,1201,741.78
1000,102400,778,125.42
10000,10240,7150,115.78
10000,10240,3928,116.40
10000,102400,9545,117.11
1000,1048576,611,854.50
10000,10240,2438,110.55
10000,102400,4497,117.88
10000,102400,252,113.25
10000,1048576,9481,806.70
10000,102400,7193,128.40
10000,10240,1638,104.29
10000,10240,8215,102.79
10000,102400,1334,109.41
10000,1048576,9495,774.51
10000,102400,820,126.38
10000,1048576,5327,736.60
10000,10240,8140,114.13
10000,102400,7737,123.95
10000,10240,4040,122.14
10000,1048576,4198,749.09
1000,10485760,473,4662.40
1000,1048576,975,855.74
10000,102400,5095,138.01
10000,1048576,3545,553.18
10000,1048576,4518,595.87
10000,1048576,5196,741.78
10000,102400,3849,123.01
10000,1048576,7844,814.25
10000,1048576,2973,768.76
10000,1048576,9245,835.85
10000,10240,6692,113.59
1000,102400,39,129.25
10000,102400,8417,120.01
10000,10240,7239,104.16
10000,10240,1340,101.13
10000,1048576,8152,803.36
10000,10240,7965,112.33
10000,102400,5337,122.50
10000,102400,5620,121.57
10000,10240,2234,102.46
10000,102400,5202,115.49
10000,102400,2604,115.94
10000,1048576,6703,873.94
10000,1048576,3151,810.85
10000,102400,5812,123.52
10000,1048576,6961,612.72
10000,102400,2453,137.22
10000,10240,7453,104.13
10000,1048576,2443,780.84
10000,10240,8247,102.48
10000,102400,8066,124.38
10000,102400,3106,119.94
10000,10240,9360,101.09
10000,10240,1867,108.81
10000,102400,7959,117.21
1000,102400,895,115.25
10000,1048576,2944,774.72
10000,10240,280,110.94
1000,10240,623,117.85
10000,10240,1427,104.63
10000,1048576,2606,722.85
10000,1048576,8230,698.86
10000,10240,959,109.30
10000,1048576,2787,834.47
10000,10240,5537,110.76
10000,1048576,6393,809.49
10000,1048576,5803,723.86
10000,10240,12,112.17
10000,1048576,9608,688.03
10000,102400,4075,141.32
10000,102400,8240,108.80
1000,102400,269,115.23
10000,102400,1276,116.53
10000,1048576,8714,811.10
10000,1048576,1784,773.90
1000,1048576,346,728.47
10000,10240,873,119.34
10000,10240,5273,100.71
10000,102400,2428,123.02
10000,10240,7664,105.66
10000,1048576,399,699.67
10000,1048576,1635,836.04
10000,1048576,3734,842.92
10000,102400,3622,133.64
1000,1048576,5,730.73
10000,10240,392,114.25
10000,10240,2459,99.34
10000,10240,2686,113.99
10000,10240,7059,104.67
10000,10240,6769,103.97
10000,1048576,8603,749.21
10000,1048576,2242,719.11
10000,102400,6144,120.96
10000,102400,7941,118.04
10000,102400,1525,120.89
10000,1048576,3175,797.04
10000,10240,1887,108.25
1000,10240,651,99.41
10000,10240,5360,98.43
10000,1048576,1535,778.84
10000,1048576,7418,793.05
10000,10240,5385,109.33
10000,1048576,4644,804.06
10000,1048576,4308,823.00
10000,102400,2719,128.60
10000,1048576,4862,696.03
10000,102400,6409,124.49
10000,102400,7485,123.15
10000,1048576,3686,835.86
10000,1048576,4974,635.25
10000,102400,1972,120.76
10000,102400,4316,123.16
10000,10240,5641,110.21
10000,1048576,4440,804.66
10000,10240,2672,112.74
10000,1048576,3758,562.10
1000,102400,989,121.97
10000,102400,3160,110.11
10000,1048576,7707,763.29
10000,10240,4068,105.85
10000,10240,7326,99.00
10000,10240,9010,94.34
10000,1048576,8573,784.77
10000,10240,5419,110.06
10000,10240,4599,92.64
10000,102400,3175,113.81
10000,1048576,1053,915.50
1000,10240,867,106.32
10000,102400,1340,116.24
10000,1048576,9938,729.41
1000,1048576,800,707.05
10000,102400,9041,122.39
10000,1048576,1683,637.38
10000,102400,7948,128.70
10000,10240,2760,100.27
1000,10240,381,104.76
10000,10240,911,108.15
10000,1048576,8372,800.40
10000,1048576,6373,507.35
1000,10485760,838,3560.64
10000,1048576,4537,627.17
10000,102400,6514,123.95
10000,10240,3758,104.98
10000,102400,9551,113.81
10000,1048576,7854,896.58
10000,102400,9192,126.01
10000,1048576,6253,727.33
10000,10240,9965,112.98
1000,102400,121,117.04
10000,1048576,703,710.14
1000,1048576,678,590.43
1000,102400,997,122.05
10000,1048576,2878,805.87
10000,102400,8750,133.64
10000,10240,1810,99.71
10000,102400,2281,114.52
10000,10240,6482,98.99
10000,1048576,8933,733.59
10000,102400,6462,124.38
10000,102400,699,114.80
10000,102400,6691,112.39
10000,1048576,7192,724.40
10000,102400,7398,120.62
1000,10485760,151,4291.03
1000,1048576,117,817.96
10000,102400,2130,124.54
10000,10240,3806,113.26
10000,1048576,1542,918.57
10000,1048576,8515,673.81
10000,1048576,9429,597.13
10000,10240,6148,106.97
10000,1048576,1295,941.88
10000,102400,3148,130.89
10000,1048576,4197,563.74
10000,1048576,1197,499.66
10000,10240,5866,107.50
10000,10240,3453,110.53
10000,10240,2724,99.88
10000,10240,4312,101.33
1000,10240,941,112.20
10000,10240,5355,105.97
10000,102400,4590,118.50
10000,10240,248,107.39
10000,10240,3181,108.81
10000,10240,1084,105.01
10000,1048576,5137,837.45
10000,10240,6126,108.62
1000,10240,214,106.79
10000,10240,6389,101.44
10000,102400,3728,120.80
10000,102400,7534,121.57
10000,102400,6179,119.74
10000,10240,4719,99.75
10000,1048576,2433,875.89
10000,1048576,7266,511.65
10000,10240,5512,105.37
10000,10240,9796,101.12
10000,1048576,4243,730.46
10000,10240,9951,107.18
10000,102400,9282,115.86
10000,1048576,8076,773.78
10000,10240,3429,107.92
10000,10240,7645,97.20
10000,1048576,3018,778.43
10000,102400,3266,123.86
10000,10240,9805,95.12
1000,10240,785,95.57
1000,10485760,835,3740.73
10000,1048576,9033,546.32
10000,1048576,4142,731.88
10000,1048576,8061,603.05
10000,102400,424,119.53
10000,102400,4409,113.05
1000,102400,78,122.53
10000,10240,6243,104.77
10000,1048576,6733,869.47
10000,10240,1781,109.98
10000,10240,4956,102.03
10000,1048576,2893,758.43
10000,1048576,3309,580.32
10000,10240,7804,105.40
10000,102400,943,114.07
10000,1048576,6821,884.30
10000,10240,6597,107.10
10000,102400,7556,123.31
10000,102400,2900,113.94
10000,10240,6019,102.36
10000,102400,7037,131.73
10000,1048576,2124,791.31
10000,10240,876,109.33
10000,10240,7938,116.13
10000,10240,6175,108.22
10000,1048576,148,700.67
1000,1048576,661,578.78
10000,102400,9408,116.96
10000,1048576,6060,791.88
1000,1048576,444,753.22
10000,1048576,1747,741.90
10000,1048576,3084,942.55
10000,102400,9506,128.07
10000,1048576,5097,843.76
10000,102400,919,129.62
10000,10240,6106,104.72
10000,10240,863,98.77
10000,1048576,6581,893.36
10000,1048576,8270,711.44
10000,10240,6590,111.71
10000,102400,6528,123.37
10000,102400,6365,117.88
10000,10240,8230,99.33
1000,10485760,585,4526.10
10000,1048576,3473,854.13
10000,1048576,5016,715.61
10000,1048576,9337,736.64
10000,102400,6613,129.21
10000,10240,3361,112.18
10000,1048576,8867,976.71
10000,1048576,3675,591.12
10000,10240,212,115.19
10000,102400,4586,132.45
1000,102400,232,117.89
10000,10240,3899,112.08
10000,102400,8372,118.68
10000,10240,4520,100.17
10000,1048576,3070,738.87
10000,102400,1150,125.47
1000,102400,810,118.33
10000,1048576,2957,638.73
1000,1048576,736,799.67
10000,10240,2220,107.50
1000,102400,523,115.70
10000,102400,8669,122.01
10000,1048576,8802,885.63
10000,102400,5046,123.83
10000,1048576,326,682.59
10000,102400,3292,121.13
10000,1048576,7492,586.61
10000,10240,4235,108.17
10000,1048576,125,568.11
10000,10240,5584,102.96
10000,102400,2277,119.96
10000,10240,7250,99.70
1000,102400,63,117.73
10000,10240,1455,99.02
10000,1048576,7843,937.05
10000,102400,4502,129.93
10000,102400,4284,113.94
10000,102400,6897,104.27
10000,1048576,9677,839.48
10000,1048576,6812,487.34
10000,1048576,4422,569.57
10000,1048576,6355,536.62
10000,102400,1846,123.93
10000,10240,7657,92.45
10000,102400,1737,118.58
10000,10240,80,100.12
1000,102400,646,117.03
10000,102400,2073,119.81
10000,10240,9504,101.27
10000,10240,971,109.22
10000,1048576,1191,694.57
1000,102400,524,127.30
10000,102400,3726,117.69
10000,10240,1353,105.05
10000,10240,5292,101.78
10000,10240,2654,98.59
10000,10240,1726,105.40
10000,102400,9265,117.20
1000,10240,85,98.48
10000,102400,9715,117.40
10000,10240,7990,109.61
10000,10240,1513,99.26
10000,10240,5665,104.83
10000,1048576,637,754.88
10000,102400,1979,126.92
10000,1048576,8017,525.63
10000,10240,8937,104.09
10000,10240,658,100.80
10000,10240,2113,99.94
10000,10240,8770,104.59
10000,102400,6529,117.93
10000,10240,1968,99.07
10000,102400,7296,117.29
100,10240,62,101.20
100,10240,67,102.51
10000,1048576,3149,740.07
10000,1048576,919,634.50
10000,1048576,5447,479.68
10000,10240,3109,102.98
10000,102400,2198,115.33
10000,1048576,1929,752.88
1000,10240,37,119.80
10000,10240,9237,100.08
10000,102400,3775,119.68
10000,10240,663,100.86
10000,102400,4125,121.75
10000,10240,5340,100.42
1000,10240,585,100.06
10000,102400,4775,117.70
10000,102400,1162,113.56
10000,102400,9324,116.43
10000,1048576,9814,767.36
10000,10240,4478,108.57
10000,10240,5258,104.13
10000,102400,132,113.63
1000,102400,632,119.08
10000,10240,4937,97.14
10000,1048576,5744,679.88
10000,102400,6639,120.06
10000,10240,932,90.35
10000,10240,5235,97.44
10000,102400,5439,109.00
10000,102400,7113,119.44
10000,102400,2482,130.46
10000,102400,7508,121.72
10000,1048576,8974,794.25
10000,1048576,9890,609.62
10000,1048576,6311,508.38
10000,102400,4758,114.26
10000,1048576,7948,590.79
10000,10240,3368,110.09
10000,102400,3406,131.84
10000,1048576,1417,722.02
10000,10240,1936,105.72
10000,1048576,9736,537.77
10000,102400,415,119.92
10000,10240,8397,101.32
10000,10240,6549,111.53
10000,102400,7109,117.49
1000,1048576,773,788.43
10000,10240,3042,102.64
1000,1048576,639,718.67
10000,1048576,7686,544.57
10000,1048576,76,721.56
10000,10240,7935,101.43
10000,10240,9690,96.92
1000,10240,9,97.47
10000,102400,1263,112.76
10000,102400,7279,110.03
10000,1048576,9491,745.09
10000,10240,7018,102.94
10000,10240,4009,92.17
10000,1048576,5913,804.37
10000,102400,6058,121.50
10000,10240,8389,87.43
10000,102400,8126,114.32
10000,10240,2127,99.25
100,10240,30,114.22
10000,102400,3079,113.58
1000,1048576,211,719.18
1000,102400,421,121.06
10000,10240,9827,105.05
10000,10240,6609,108.33
10000,102400,4757,108.99
10000,102400,4595,114.90
10000,102400,4133,115.87
10000,10240,9096,103.74
10000,102400,316,111.15
10000,10240,7266,95.08
10000,102400,2842,111.38
10000,102400,8117,117.84
10000,1048576,8999,774.87
10000,102400,9124,118.96
10000,102400,9837,110.36
1000,10485760,455,4097.24
10000,1048576,7483,676.78
1000,1048576,673,722.53
10000,102400,1391,125.03
10000,1048576,2442,793.97
10000,102400,4268,132.36
10000,102400,8376,114.60
10000,102400,2667,117.12
10000,102400,5758,123.86
10000,10240,4161,103.96
10000,10240,9538,105.45
10000,102400,7209,113.95
10000,102400,1393,121.91
10000,102400,2879,111.87
10000,1048576,6571,2089.25
10000,10240,5993,104.83
10000,10240,3853,92.81
10000,10240,2461,90.22
10000,102400,5249,121.18
10000,102400,9631,121.93
1000,1048576,75,1583.49
10000,10240,494,100.39
10000,102400,685,111.76
10000,10240,4793,101.59
10000,10240,674,104.18
10000,1048576,3140,773.01
10000,102400,3681,120.51
10000,1048576,2970,521.01
10000,10240,559,104.60
10000,102400,7427,111.90
10000,1048576,1557,806.12
10000,102400,1558,127.51
10000,1048576,5155,492.33
10000,102400,8932,127.16
10000,1048576,9279,668.04
10000,10240,3934,114.90
10000,1048576,7555,811.47
10000,102400,5366,134.01
10000,102400,3957,113.60
100,1048576,70,860.97
10000,10240,8055,101.65
10000,102400,7606,102.31
10000,10240,503,92.58
1000,102400,184,120.44
10000,10240,5592,98.35
10000,102400,6955,127.27
1000,10240,723,101.03
10000,1048576,1587,881.72
10000,10240,3554,110.44
10000,1048576,4664,514.06
10000,1048576,7021,750.60
10000,1048576,2412,808.64
10000,10240,3245,115.44
10000,1048576,1682,749.43
10000,102400,147,120.09
10000,10240,6095,99.45
10000,1048576,9370,780.13
10000,1048576,2085,810.74
10000,10240,4616,110.87
10000,10240,8767,100.15
10000,10240,4618,97.83
10000,1048576,8415,795.27
10000,1048576,4992,544.14
10000,102400,8418,119.38
1000,10485760,381,3540.66
10000,10240,7445,109.76
10000,10240,8080,109.03
10000,10240,5156,96.33
10000,10240,5176,97.97
10000,102400,1013,112.32
1000,10240,345,106.98
10000,1048576,9047,895.83
10000,102400,2721,130.56
10000,1048576,2343,3306.94
1000,102400,565,120.01
10000,1048576,9659,497.00
10000,102400,7038,115.39
10000,10240,6337,101.05
10000,10240,7735,108.61
10000,102400,4180,114.09
10000,1048576,7083,909.21
10000,102400,2987,120.15
1000,102400,941,113.35
10000,10240,2159,98.37
10000,102400,9377,115.98
10000,1048576,362,1407.90
10000,1048576,7359,1938.10
10000,10240,9874,104.58
10000,1048576,1271,1494.76
100,10485760,13,3460.84
10000,102400,1259,125.20
10000,10240,2651,96.25
10000,102400,545,106.80
10000,102400,4436,117.41
10000,102400,5874,114.77
10000,1048576,8533,743.81
10000,10240,4911,108.32
10000,10240,6548,91.51
10000,10240,8987,90.44
10000,1048576,2003,883.91
10000,102400,8893,119.23
10000,1048576,2679,684.67
10000,10240,7857,107.39
10000,102400,9884,115.05
10000,10240,4895,95.36
1000,102400,998,122.72
10000,1048576,2616,715.30
10000,10240,9254,106.63
10000,10240,8301,96.99
10000,10240,2231,99.83
10000,10240,3813,101.31
1000,1048576,733,792.58
10000,102400,2279,132.19
10000,1048576,2938,1348.54
10000,1048576,4861,826.83
10000,1048576,3496,699.74
10000,102400,631,132.41
10000,102400,581,126.47
10000,102400,5698,120.45
10000,1048576,7016,841.87
10000,10240,9562,103.94
10000,10240,5634,98.01
10000,102400,770,121.61
10000,1048576,7562,757.00
10000,102400,9217,124.58
10000,1048576,9223,614.52
10000,10240,5395,100.78
10000,10240,9287,98.67
10000,10240,2736,107.50
10000,1048576,2381,739.81
10000,1048576,8374,623.41
10000,102400,1285,126.76
10000,1048576,3313,831.97
1000,1048576,286,709.89
10000,10240,2133,111.36
10000,1048576,7835,745.59
10000,102400,1828,131.19
10000,102400,5350,118.19
10000,1048576,3956,761.51
10000,102400,749,119.64
10000,1048576,3365,1085.54
10000,102400,7938,128.28
10000,1048576,6246,1417.04
10000,1048576,8994,1849.59
10000,1048576,1919,1813.75
10000,10240,2167,107.53
10000,10240,2924,108.92
10000,10240,4963,107.82
10000,102400,3491,119.11
10000,102400,9278,118.61
10000,10240,1057,101.72
100,102400,56,117.02
10000,1048576,5320,1117.26
10000,10240,1591,122.12
10000,1048576,8522,1138.40
10000,10240,2861,107.18
1000,10240,49,102.74
10000,102400,2332,117.54
1000,1048576,321,1457.46
10000,102400,2188,120.05
10000,102400,6146,128.21
10000,10240,5568,94.39
10000,102400,2529,130.08
10000,102400,8168,111.27
10000,102400,7798,113.80
100,10240,31,109.91
10000,1048576,8959,1127.93
10000,102400,1420,131.93
10000,10240,6400,102.07
1000,10240,826,100.60
10000,10240,8711,98.31
10000,102400,5630,114.81
10000,1048576,806,2157.61
10000,1048576,4639,2576.69
10000,102400,3536,125.01
10000,10240,1129,101.74
10000,10240,3668,100.84
10000,1048576,1829,2548.67
10000,10240,6221,113.36
10000,1048576,8820,1301.09
10000,1048576,9834,3133.81
10000,102400,4623,135.61
10000,102400,2876,114.56
10000,102400,7139,111.19
10000,102400,4850,114.88
1000,10240,487,102.32
10000,10240,7304,110.08
10000,1048576,6834,3669.28
10000,102400,2063,120.51
10000,102400,4165,113.80
10000,10240,6728,98.25
1000,102400,958,123.05
10000,10240,8529,101.22
10000,10240,472,100.72
10000,102400,4484,118.72
10000,102400,1105,119.70
10000,1048576,7811,3394.40
10000,1048576,1443,865.57
10000,10240,5410,98.82
1000,10240,44,109.17
10000,102400,7837,121.14
10000,1048576,3424,927.64
10000,1048576,1258,565.15
10000,10240,4055,106.96
10000,102400,5888,119.07
10000,102400,5873,117.46
10000,102400,3860,108.85
10000,102400,3270,114.13
10000,1048576,4266,1034.57
10000,10240,961,112.54
10000,1048576,5904,812.20
100,104857600,38,27997.29
10000,102400,6792,372.38
1000,1048576,981,9213.26
10000,10240,3432,122.98
10000,1048576,6753,4065.48
10000,102400,7355,262.39
10000,10240,6066,98.91
10000,102400,4442,118.39
10000,1048576,1292,1623.33
1000,10485760,201,17728.15
10000,102400,1910,290.98
10000,1048576,1764,5921.28
1000,102400,984,122.44
10000,10240,5217,110.92
10000,102400,2696,104.03
1000,102400,229,150.23
10000,102400,6627,128.18
10000,1048576,7525,11615.33
10000,102400,7562,247.33
10000,10240,7115,228.78
1000,10240,182,110.31
10000,10240,5685,96.24
10000,1048576,7319,12370.05
10000,102400,5752,144.92
1000,10240,285,123.41
10000,10240,9789,99.58
10000,10240,6122,100.61
10000,1048576,7356,4531.07
10000,10240,7797,248.74
10000,102400,5659,123.72
10000,102400,7020,123.66
10000,1048576,3948,9648.63
1000,10485760,985,28818.70
10000,10240,9033,296.86
10000,10240,3436,147.42
10000,102400,3683,381.18
10000,10240,6624,103.45
10000,102400,7289,118.14
10000,10240,9407,102.24
10000,102400,4683,123.53
10000,1048576,9474,2247.66
10000,10240,1579,110.36
10000,102400,6281,116.29
10000,10240,4676,98.59
10000,1048576,9219,2301.75
10000,10240,8680,105.50
10000,102400,5062,112.55
10000,102400,733,111.52
10000,102400,7903,138.72
10000,1048576,1936,10474.60
10000,1048576,1786,3463.02
10000,102400,5330,122.07
10000,10240,6807,219.91
1000,10485760,576,23558.82
10000,1048576,1897,1450.14
10000,1048576,5490,1355.61
10000,102400,6970,142.97
10000,102400,4094,348.76
10000,10240,6202,108.41
10000,10240,233,100.57
10000,102400,5225,157.06
10000,102400,8660,117.10
10000,10240,5711,109.20
10000,1048576,7598,3220.59
10000,1048576,6073,3807.63
10000,1048576,2992,1818.95
100,10485760,38,7055.99
10000,10240,3011,120.07
1000,1048576,586,1532.05
10000,102400,8521,126.89
10000,10240,7539,103.80
10000,102400,9931,124.51
10000,102400,9825,118.81
10000,1048576,7635,1207.59
10000,1048576,18,1612.99
100,1048576,97,1889.42
1000,102400,661,175.52
10000,10240,6627,109.42
1000,10240,787,100.98
10000,10240,4842,105.12
1000,10240,661,99.42
1000,1048576,857,1653.90
10000,1048576,3193,2873.36
10000,102400,5612,125.83
10000,102400,9246,109.75
10000,1048576,8517,2917.47
10000,10240,4659,99.03
10000,10240,956,97.25
10000,102400,6906,120.14
10000,102400,2122,135.86
10000,102400,620,118.67
10000,1048576,3784,1637.26
10000,102400,8652,125.81
10000,10240,8381,100.15
10000,1048576,3947,1692.37
10000,1048576,1611,1168.10
10000,102400,3408,116.01
10000,10240,430,91.14
10000,10240,2039,102.54
10000,102400,6440,118.93
1000,10485760,140,6815.62
10000,10240,8306,123.80
10000,1048576,6316,2016.87
10000,102400,746,231.67
10000,1048576,5804,2893.61
10000,102400,3272,116.23
10000,102400,5137,114.41
10000,10240,9491,101.60
10000,102400,2746,122.51
10000,102400,7833,118.12
10000,102400,7399,111.15
10000,10240,5406,100.87
10000,102400,829,107.25
10000,10240,7191,99.96
1000,102400,663,113.30
10000,102400,4136,112.65
10000,102400,4785,118.03
10000,102400,616,118.69
10000,10240,464,99.45
10000,102400,6516,115.08
10000,10240,7914,99.19
1000,102400,952,120.78
10000,1048576,8079,5113.73
10000,1048576,7406,3260.43
10000,1048576,5009,2596.69
10000,1048576,5664,2320.64
10000,102400,9782,123.42
10000,10240,7505,132.11
1000,10485760,412,13704.17
10000,10240,9824,316.17
1000,102400,604,126.52
10000,1048576,898,2555.49
10000,1048576,2882,2564.48
10000,10240,3953,106.35
10000,102400,295,109.68
10000,10240,4898,134.23
10000,1048576,5454,1730.04
10000,102400,6927,128.65
10000,1048576,9415,1518.01
10000,10240,5193,136.11
10000,102400,717,129.38
10000,1048576,8227,1690.02
10000,102400,5662,124.59
10000,10240,1246,95.92
10000,1048576,8166,1262.93
10000,102400,567,121.87
10000,10240,4556,87.87
10000,102400,5347,114.02
10000,1048576,2408,1347.41
10000,10240,6435,108.00
10000,1048576,4838,1500.28
1000,10485760,431,6338.74
10000,1048576,9896,1394.53
10000,10240,5087,107.92
10000,1048576,4067,1260.76
10000,10240,3828,105.27
10000,1048576,3903,1340.04
10000,102400,1651,121.26
10000,102400,5341,126.48
10000,1048576,7816,1646.12
1000,102400,910,114.38
10000,102400,903,115.85
1000,10240,237,99.96
10000,10240,3794,97.57
10000,10240,1883,107.24
10000,10240,4935,207.63
10000,10240,3327,100.98
10000,102400,5437,121.33
10000,102400,2345,115.72
10000,10240,2193,105.19
10000,1048576,436,1340.85
10000,10240,8593,107.90
10000,102400,5940,113.41
1000,1048576,238,1377.50
10000,102400,3463,129.72
10000,1048576,7900,1477.08
10000,10240,7039,119.24
10000,1048576,9439,1471.28
10000,1048576,6978,2564.44
10000,102400,1715,117.55
10000,1048576,935,1601.02
10000,10240,6595,117.90
10000,102400,4602,123.97
10000,1048576,174,5066.98
10000,102400,1994,120.17
10000,1048576,6208,1429.16
10000,10240,8519,101.51
10000,10240,3743,105.20
10000,10240,4784,102.99
1000,10485760,788,8388.43
10000,1048576,4963,1576.44
10000,10240,6001,106.67
10000,10240,6892,100.25
10000,10240,8445,189.76
10000,1048576,1399,2019.98
10000,1048576,2458,2347.57
10000,102400,7370,118.94
10000,102400,1506,105.37
10000,1048576,894,1991.40
10000,102400,3269,119.67
10000,10240,8283,94.58
10000,10240,3066,129.12
10000,10240,4396,104.27
1000,10485760,996,21920.73
10000,1048576,8787,7614.47
10000,1048576,4318,2332.90
10000,10240,3062,107.13
10000,10240,9776,108.80
10000,102400,1188,124.82
10000,102400,9175,142.31
10000,1048576,6875,2817.70
10000,102400,3043,118.64
10000,10240,4670,103.44
10000,10240,3905,96.19
10000,1048576,6509,2966.92
10000,102400,7854,122.97
10000,102400,1453,123.43
10000,102400,2098,125.22
10000,10240,3728,106.90
10000,1048576,5028,1414.08
10000,1048576,6354,1622.97
10000,10240,4912,103.37
10000,1048576,2109,3315.11
10000,102400,5452,129.84
10000,102400,5433,128.48
10000,1048576,8099,2770.95
1000,1048576,556,3077.42
10000,1048576,513,1751.61
10000,10240,2649,106.37
1000,10485760,782,6291.02
10000,10240,1997,148.85
10000,1048576,7512,7136.34
10000,102400,3486,224.80
1000,10485760,378,13469.07
10000,1048576,7454,5079.83
10000,1048576,101,6223.68
1000,102400,145,167.59
10000,102400,1033,242.26
10000,102400,6880,109.43
10000,10240,2176,121.09
10000,102400,1677,121.95
10000,1048576,7946,1794.64
10000,1048576,6175,1905.76
10000,102400,2035,125.31
10000,1048576,9749,1439.30
10000,102400,6019,125.71
10000,1048576,8111,2589.53
10000,10240,9918,116.58
10000,102400,4577,149.74
10000,10240,6462,101.48
10,10485760,5,11639.32
10000,1048576,8114,5674.11
1000,1048576,957,2942.09
1000,102400,783,416.83
1000,102400,872,134.68
1000,1048576,769,20907.16
100,104857600,31,29737.22
10000,1048576,5991,11637.71
10000,102400,1939,330.20
10000,10240,5565,227.42
10000,102400,6813,277.42
10000,10240,8150,118.60
10000,102400,6966,123.79
10000,102400,7148,114.78
10000,1048576,2400,3927.54
10000,102400,852,124.25
10000,10240,6872,101.12
10000,102400,1663,111.52
10000,1048576,2434,4893.72
10000,1048576,4936,4025.30
1000,10240,306,106.80
10000,10240,4535,142.73
1000,102400,795,122.86
10000,10240,2993,105.60
1000,1048576,257,16219.80
10000,10240,4796,115.69
1000,10240,197,217.21
10000,10240,5647,338.96
10000,1048576,7644,6841.00
10000,1048576,117,16435.49
10000,10240,8264,132.57
1000,102400,914,230.09
10000,102400,2918,232.08
10000,102400,3449,119.63
10000,1048576,4170,2972.96
10000,1048576,2949,3464.83
10000,10240,6666,153.23
10000,1048576,2732,8141.41
10000,10240,9350,110.11
10000,1048576,4117,4537.37
10000,1048576,4378,2517.62
1000,10240,769,237.24
10000,1048576,953,5395.48
10000,1048576,9212,2149.38
10000,1048576,7551,2557.42
10000,10240,9134,116.91
10000,10240,7562,105.99
10000,10240,3881,139.70
1000,102400,128,122.15
10000,10240,8056,99.28
10000,102400,9031,120.73
10000,10240,2554,105.68
10000,102400,2363,117.37
10000,102400,7487,116.15
10000,102400,5615,115.54
10000,102400,8349,113.91
1000,10485760,448,26697.24
10000,102400,9287,284.18
10000,10240,2911,136.74
10000,10240,5462,235.24
1000,10240,72,100.61
10000,1048576,84,2267.56
10000,1048576,4291,2721.37
10000,1048576,1296,2098.59
10000,102400,3738,127.76
10000,10240,8084,100.43
10000,102400,3637,121.79
10000,102400,4278,123.89
10000,102400,8449,115.05
10000,10240,2646,105.05
10000,10240,3298,101.75
10000,102400,7965,117.66
10000,1048576,161,2435.20
10000,102400,4025,131.52
10000,102400,534,125.22
10000,1048576,6548,6115.38
10000,102400,3476,120.75
10000,10240,5556,99.09
10000,10240,5890,102.54
10000,102400,4322,153.24
10000,102400,4161,120.78
1000,10240,53,124.51
10000,102400,5816,112.78
10000,1048576,3466,4334.96
10000,102400,5843,123.39
10000,1048576,7389,5579.46
10000,1048576,5507,2368.47
10000,1048576,8031,2488.39
10000,102400,5114,127.21
10000,102400,8646,122.00
1000,1048576,558,3192.48
10000,10240,993,210.91
10000,10240,1681,98.22
10000,1048576,5432,8102.77
10000,10240,9144,108.22
10000,1048576,2623,2103.36
1000,10240,589,102.62
10000,102400,2892,127.82
10000,10240,4454,103.91
10000,1048576,3454,4656.64
10000,10240,1153,225.79
10000,1048576,4178,8589.40
10000,10240,1953,233.87
10000,10240,2833,98.02
10000,10240,4826,199.90
10000,10240,6777,92.87
10000,10240,5573,97.97
10000,102400,9621,115.63
10000,102400,4741,120.57
10000,1048576,7479,3263.15
10000,102400,6020,115.51
1000,102400,308,111.12
1000,1048576,610,4179.98
10000,10240,867,112.49
10000,102400,1694,116.72
10000,1048576,5786,10972.43
10000,1048576,422,7966.82
10000,1048576,9434,7877.65
10000,102400,5351,218.99
10000,102400,824,117.16
10000,1048576,1093,4268.24
10000,102400,2164,238.29
10000,10240,7758,129.34
10000,10240,5644,99.37
10000,102400,7763,107.93
10000,1048576,7863,12712.56
10000,102400,7877,240.23
10000,102400,8844,117.13
10000,10240,8169,312.35
10000,1048576,5956,18028.49
10000,10240,9559,144.49
10000,102400,4651,137.05
10000,10240,1647,102.94
10000,10240,237,115.67
10000,102400,6227,114.99
10000,10240,7572,270.58
10000,1048576,6194,2242.97
10000,102400,484,124.22
10000,102400,2411,115.00
10000,1048576,504,2598.02
10000,1048576,1316,9240.22
10000,1048576,4611,5944.15
10000,1048576,3510,2589.24
10000,1048576,2395,3773.41
10000,102400,6980,240.67
10000,1048576,542,4064.12
10000,1048576,1831,4070.18
1000,10485760,960,11576.76
10000,102400,9701,252.15
10000,10240,9971,105.93
10000,10240,3569,92.95
10000,102400,4954,212.74
100,102400,64,117.22
10000,10240,6804,107.22
10000,10240,6757,116.67
10000,102400,7444,117.91
1000,102400,320,124.29
10000,10240,7615,102.28
10000,102400,4946,114.05
10000,10240,9055,105.19
10000,102400,8221,121.51
1000,10485760,821,1913.98
10000,10240,9475,108.32
10000,1048576,9758,1854.74
10000,1048576,9111,2512.35
10000,1048576,5373,3850.68
10000,102400,3054,127.21
10000,102400,3809,224.48
10000,1048576,173,2084.80
10000,1048576,9188,1497.43
10000,1048576,9055,966.62
10000,102400,3837,122.76
10000,102400,5854,115.77
10000,1048576,1411,1174.08
1000,102400,804,126.47
10000,10240,8383,93.66
10000,1048576,1709,1134.43
10000,1048576,2212,871.60
10000,1048576,2355,1516.59
100,102400,11,128.61
10000,102400,7029,112.89
10000,10240,5369,103.83
10000,1048576,6155,1239.72
10000,1048576,3704,2264.41
10000,102400,866,121.31
10000,10240,38,98.40
10000,10240,5625,107.33
10000,1048576,6487,1356.33
1000,1048576,607,1066.58
10000,102400,4370,118.08
10000,102400,1576,117.19
10000,10240,3870,110.32
10000,102400,3447,118.64
10000,102400,7415,115.19
10000,1048576,9057,1375.93
10000,10240,57,112.66
10000,102400,985,118.69
10000,10240,4934,104.17
10000,10240,1741,100.69
10000,102400,7337,119.83
10000,102400,5518,116.09
10000,1048576,7123,1739.94
10000,102400,2433,122.82
10000,10240,1795,100.58
10000,102400,2152,111.58
10000,1048576,1933,1264.21
10000,10240,7917,99.48
10000,1048576,4930,1329.01
10000,102400,2627,134.88
10000,10240,2818,105.19
10000,10240,9028,102.15
10000,102400,4714,113.46
1000,102400,859,116.41
10000,10240,7789,100.35
10000,1048576,5798,1798.32
1000,10240,535,112.59
10000,102400,9661,118.41
10000,10240,4437,101.99
1000,1048576,500,1969.02
10000,1048576,7217,1495.03
10000,1048576,163,1199.71
10000,10240,9616,103.48
10000,102400,5009,112.03
10000,102400,7683,109.47
10000,10240,8495,105.35
10000,1048576,5652,1298.69
10000,102400,5677,129.68
10000,1048576,5556,1263.30
10000,1048576,6086,1382.08
10000,102400,5772,116.29
10000,10240,9339,90.69
10000,1048576,3013,1775.77
10000,10240,3687,106.30
10000,1048576,4004,3228.12
10000,102400,7855,118.53
10000,10240,8408,101.66
10000,1048576,7283,3772.71
100,10485760,45,27376.96
10000,102400,6342,299.26
10000,1048576,2928,8346.33
10000,102400,4935,138.52
10000,1048576,3879,8749.79
10000,10240,5669,107.21
10000,1048576,5888,9124.78
10000,1048576,9085,8099.92
10000,102400,6376,165.80
1000,10240,939,369.47
10000,1048576,6861,4135.52
10000,10240,8398,102.47
10000,10240,5318,97.48
10000,10240,2906,124.48
10000,1048576,3121,7288.69
10000,1048576,4120,10825.04
1000,10240,77,235.25
10000,1048576,8416,12956.41
10000,102400,8513,236.62
10000,10240,9639,103.29
10000,102400,4430,112.12
10000,10240,8541,97.74
10000,10240,2358,240.95
1000,10485760,846,12123.95
10000,102400,8101,244.91
10000,1048576,5401,4340.21
100,102400,13,232.99
10000,10240,9546,97.68
10000,102400,6400,258.07
10000,1048576,9205,1482.28
1000,10240,170,123.59
10000,10240,3996,102.31
10000,102400,2119,122.25
10000,102400,6610,136.68
10000,10240,2721,101.99
10000,102400,6525,114.77
10000,1048576,2514,1715.02
10000,102400,1020,136.70
10000,1048576,7730,1170.26
10000,102400,3668,128.03
10000,102400,2145,125.34
10000,10240,7600,90.98
10000,1048576,5962,947.71
1000,10240,711,109.61
10000,1048576,575,2947.66
1000,10240,851,110.92
10000,102400,6747,124.38
10000,1048576,3574,2279.16
10000,1048576,1231,2154.37
10000,1048576,3913,1324.48
10000,102400,8593,228.77
10000,102400,7393,118.73
10000,1048576,9180,2364.21
10000,1048576,8566,900.54
10000,1048576,2299,1620.72
10000,10240,8493,105.87
10000,10240,4472,105.93
10000,1048576,4351,1136.92
10000,1048576,8888,1332.80
10000,102400,5328,121.21
10000,1048576,5782,1509.08
10000,102400,3889,128.78
10000,102400,9236,115.73
10000,10240,2155,110.24
10000,102400,8105,116.01
10000,10240,6930,110.21
10000,10240,2553,103.98
10000,102400,4446,114.99
10000,1048576,2261,1400.64
10000,10240,8787,111.25
10000,1048576,9515,1631.15
100,10485760,18,4917.74
10000,10240,5367,127.18
10000,1048576,4196,1988.76
10000,102400,3745,236.60
10000,102400,1378,112.95
10000,102400,3467,110.29
10000,10240,6,103.34
10000,10240,125,106.53
10000,1048576,6510,1960.61
10000,10240,4063,109.97
10000,10240,4228,107.03
10000,102400,8673,115.56
10000,102400,3371,110.56
10000,1048576,4167,2657.23
10000,10240,3256,108.54
10000,10240,5421,101.95
10000,10240,1309,104.42
10000,1048576,8512,3492.86
10000,1048576,9610,3524.43
10000,1048576,2998,5992.67
10000,10240,7815,103.81
10000,10240,6612,98.85
10000,102400,9021,237.56
10000,102400,5100,137.49
10000,1048576,4552,4218.71
1000,10240,299,100.08
10000,10240,5301,125.02
10000,10240,8263,205.58
10000,102400,6284,112.39
10000,1048576,8232,4612.67
10000,10240,1989,108.97
1000,10240,100,108.73
10000,10240,5162,104.51
10000,102400,8776,115.86
10000,1048576,2930,2556.82
10000,102400,2720,115.37
10000,1048576,2088,6183.23
10000,102400,9765,122.50
10000,102400,1195,116.53
1000,10485760,862,12434.04
1000,10485760,277,13065.89
100,102400,59,518.43
10000,102400,6536,234.43
10000,1048576,6178,3960.35
10000,10240,9647,104.34
10000,10240,1522,136.69
10000,102400,4524,122.99
10000,1048576,7723,1801.53
10000,1048576,9590,3570.81
10000,102400,8326,130.39
10000,1048576,2477,3322.00
10000,102400,2601,124.41
1000,10240,376,95.74
10000,102400,4398,105.25
10000,102400,7992,119.32
10000,1048576,2715,1856.31
10000,1048576,6346,1791.39
1000,10240,796,127.33
10000,10240,8226,108.43
10000,102400,8939,123.74
10000,1048576,2300,1816.76
10000,1048576,2687,3899.39
10000,102400,4468,126.25
1000,10485760,740,7943.19
10000,1048576,1286,1288.97
10000,1048576,5583,1684.29
10000,10240,2079,108.19
10000,10240,3551,97.99
10000,102400,4179,122.91
10000,1048576,3950,1152.01
10000,102400,3544,128.23
10000,1048576,3132,648.25
10000,10240,6682,102.32
10000,1048576,6439,727.79
10000,1048576,9357,626.02
10000,102400,1470,126.34
1000,10485760,336,4394.69
10000,1048576,1675,2083.88
10000,1048576,3923,3441.75
1000,10485760,549,25701.65
10000,102400,8570,306.52
10000,10240,7911,387.49
10000,102400,2844,342.18
10000,1048576,9647,3026.42
10000,102400,9783,256.51
10000,10240,9674,102.98
10000,1048576,1670,1753.62
10000,1048576,9563,872.04
10000,10240,200,117.72
1000,102400,624,126.77
10000,102400,2355,116.26
10000,10240,1306,105.59
1000,1048576,394,964.39
10000,102400,3125,132.54
10000,10240,3937,109.10
10000,1048576,8822,784.01
10000,10240,4085,290.19
10000,102400,694,203.09
10000,1048576,2061,534.80
10000,10240,6747,111.57
10000,1048576,7604,712.69
10000,1048576,8991,782.05
10000,1048576,4827,548.72
10000,102400,4570,220.51
10000,102400,1231,119.94
10000,1048576,5357,719.25
1000,10240,800,118.47
10000,102400,8137,112.99
10000,10240,7298,97.30
1000,102400,444,118.18
10000,10240,7300,103.58
10000,102400,5033,109.17
10000,1048576,5157,1043.39
10000,10240,2293,102.61
10000,1048576,7743,1623.21
10000,102400,4116,127.69
1000,10485760,865,12573.08
10000,102400,9624,383.96
10000,1048576,6915,595.46
10000,10240,3689,212.14
10000,10240,6981,98.89
10000,102400,249,121.35
10000,102400,4872,118.22
1000,102400,780,119.02
10000,10240,4643,99.17
10000,102400,5641,277.28
10000,10240,2966,110.35
10000,102400,2317,121.31
10000,102400,6618,358.23
10000,1048576,7710,736.00
10000,10240,3485,112.00
10000,10240,2759,94.23
10000,10240,7891,91.76
10000,10240,3876,95.21
10000,102400,8021,116.50
10000,102400,200,112.67
10000,102400,5813,123.48
10000,10240,8990,99.32
10000,1048576,5317,777.76
10000,10240,1214,107.90
10000,10240,1408,97.69
10000,102400,324,111.56
1000,10240,125,105.14
10000,10240,5953,100.77
10000,1048576,1168,933.24
1000,1048576,387,1321.53
10000,1048576,3156,3441.96
1000,102400,784,135.57
10000,10240,9253,104.29
10000,1048576,8208,3042.20
10000,10240,3358,99.08
10000,102400,9891,116.73
10000,1048576,9510,2243.18
10000,102400,9183,121.27
10000,102400,6985,272.54
10000,1048576,8523,2237.59
10000,10240,5058,104.94
10000,1048576,9757,1295.20
10000,10240,2351,106.66
10000,10240,4998,93.29
10000,102400,7918,120.20
1000,1048576,748,1396.55
1000,10240,568,108.48
10000,102400,4332,112.53
10000,102400,9537,115.50
10000,102400,6416,119.89
10000,1048576,1101,1956.76
10000,102400,8912,116.70
1000,10240,572,107.78
10000,10240,9362,97.03
10000,1048576,1828,2234.91
10000,102400,5853,136.24
10000,10240,744,104.21
10000,102400,4661,110.81
10000,1048576,2984,1451.97
10000,1048576,1389,1334.20
10000,102400,9712,126.53
10000,102400,3161,121.81
1000,10485760,618,8340.70
10000,1048576,5789,1861.62
10000,10240,6826,206.23
10000,102400,3145,114.95
10000,10240,2606,97.50
10000,1048576,4025,2565.07
10000,102400,9446,234.54
10000,1048576,1794,2013.43
10000,10240,4002,103.95
10000,10240,8082,93.17
10000,1048576,2066,1809.77
10000,102400,889,128.82
10000,1048576,790,2339.78
10000,1048576,4381,10248.16
10000,1048576,8641,5308.67
10000,102400,5001,244.50
10000,102400,2527,114.40
1000,10240,82,199.21
10000,102400,1603,235.19
10000,102400,4283,120.24
10000,10240,9601,106.58
10000,10240,8027,102.18
10000,10240,6684,100.41
1000,10240,944,99.05
100,102400,87,126.21
10000,102400,361,115.33
10000,1048576,4849,4749.28
10000,102400,8290,117.62
10000,1048576,9503,8559.50
1000,10240,492,104.18
10000,1048576,1668,5162.22
10000,1048576,3135,8961.15
10000,10240,8875,226.43
100,104857600,24,29886.31
1000,1048576,958,6133.45
10000,102400,2971,299.19
10000,1048576,4418,3994.49
10000,102400,7121,219.62
10000,102400,4658,108.63
10000,1048576,5536,2975.16
10000,10240,2253,147.99
10000,1048576,6780,895.47
10000,10240,3519,243.35
1000,10485760,118,4765.67
10000,1048576,7237,772.68
10000,102400,426,132.40
10000,10240,3269,104.87
10000,10240,5081,104.36
1000,1048576,337,775.63
10000,1048576,3585,789.51
10000,102400,4299,138.90
10000,10240,6076,108.64
10000,102400,739,127.24
10000,10240,6871,102.36
10000,102400,7179,115.00
10000,102400,9892,125.63
10000,10240,8997,105.34
1000,10240,896,103.19
1000,1048576,417,846.06
10000,1048576,1819,568.12
10000,10240,354,105.29
10000,10240,4735,102.20
10000,102400,1672,129.61
10000,102400,9924,124.18
10000,102400,3190,122.11
10000,1048576,6696,1489.87
10000,10240,6020,117.26
10000,102400,8573,117.66
10000,1048576,1463,820.01
10000,10240,6534,118.64
10000,10240,9903,105.00
10000,1048576,6522,872.33
1000,102400,360,134.02
10000,10240,5955,103.97
1000,10485760,861,5093.55
10000,1048576,821,942.01
10000,10240,1365,108.55
10000,1048576,1586,1385.00
10000,102400,6325,124.22
10000,10240,5138,295.47
10000,1048576,3130,628.17
10000,102400,4883,127.55
10000,1048576,2525,625.80
10000,10240,6248,100.74
10000,10240,3278,101.87
10000,1048576,8772,733.13
10000,102400,8190,121.29
1000,10485760,568,3902.32
10000,10240,8091,116.89
10000,102400,6292,110.72
10000,102400,7150,117.17
10000,102400,4072,114.67
10000,10240,2264,100.72
10000,10240,3423,100.10
10000,1048576,8005,4652.49
10000,1048576,8221,2652.99
1000,102400,964,120.17
100,104857600,82,27914.05
100,10240,47,270.68
10000,1048576,3136,2966.79
10000,1048576,9886,4534.42
10000,102400,1128,140.52
10000,10240,8864,101.60
10000,102400,6725,117.95
1000,10485760,487,22401.16
1000,10485760,372,40397.67
10000,1048576,5061,1909.01
1000,1048576,535,2732.63
10000,102400,4960,288.33
10000,102400,6552,357.23
10000,1048576,2120,9711.42
10000,10240,9138,258.20
10000,10240,830,209.46
10000,10240,5748,98.72
10000,1048576,4461,4644.92
10000,10240,7320,198.79
10000,1048576,7292,4470.57
10000,10240,5808,126.82
10000,102400,3619,111.19
1000,1048576,455,4618.59
10000,10240,2243,106.64
10000,10240,9769,95.92
10000,1048576,2189,2943.16
10000,1048576,9152,907.88
10000,102400,4506,117.55
10000,102400,1043,115.34
10000,10240,3381,107.51
10000,1048576,5000,2221.82
10000,102400,9695,118.49
10000,10240,3580,89.62
10000,1048576,6789,2074.51
10000,102400,8610,117.86
10000,102400,3101,115.94
10000,1048576,9598,771.63
10000,10240,3283,107.61
10000,102400,3275,238.60
10000,1048576,8438,711.58
10000,1048576,8325,602.91
10000,1048576,4213,554.34
10000,1048576,1176,732.39
10000,102400,2920,125.45
10000,10240,9288,103.28
10000,102400,8979,121.95
10000,10240,9089,105.54
10000,102400,5175,113.71
10000,10240,1869,102.56
10000,1048576,6777,821.27
1000,10240,639,108.85
10000,10240,7010,105.34
10000,1048576,1466,676.48
10000,1048576,1118,616.43
10000,102400,3707,133.51
10000,1048576,8504,739.12
10000,10240,5594,107.65
10000,102400,5984,119.04
10000,102400,8145,108.34
10000,1048576,5275,939.66
10000,102400,9082,120.23
10000,102400,2959,111.33
10000,1048576,5640,668.46
10000,1048576,5378,553.02
10000,10240,8214,98.11
10000,1048576,2544,780.19
10000,10240,4032,112.43
10000,102400,3098,119.41
10000,1048576,7112,785.33
1000,102400,653,131.99
10000,1048576,5677,563.10
10000,102400,5481,121.76
10000,102400,3985,113.27
10000,10240,7248,101.00
10000,10240,6456,102.13
10000,1048576,9463,981.39
10000,10240,2403,108.54
10000,102400,6410,120.70
10000,10240,5379,97.65
1000,102400,514,128.62
10000,102400,5425,121.45
10000,1048576,834,834.21
10000,102400,4678,123.91
10000,10240,39,90.39
10000,102400,1794,111.03
10000,1048576,6840,688.40
10000,10240,6501,108.24
1000,10240,696,107.24
1000,102400,212,111.19
10000,10240,9651,99.84
10000,1048576,7077,912.88
10000,102400,5660,123.21
10000,102400,4321,115.20
10000,10240,8162,103.44
1000,102400,925,118.48
10000,10240,2560,103.59
10000,1048576,8686,5097.27
10000,1048576,6092,1505.29
1000,1048576,403,818.74
10000,1048576,3934,720.15
10000,10240,6867,105.81
10000,1048576,4166,868.56
10000,10240,1145,103.62
10000,102400,5780,113.13
10000,102400,5263,120.34
10000,10240,7720,199.40
10000,1048576,2247,791.97
10000,102400,8051,121.74
10000,102400,9089,120.36
10000,1048576,9247,740.37
10000,102400,2973,129.01
10000,10240,4120,112.04
10000,1048576,1700,787.09
10000,1048576,8617,1194.62
10000,1048576,6929,1749.29
10000,1048576,5915,1024.00
10000,10240,424,105.64
10000,102400,8910,108.42
10000,10240,2348,107.99
10000,10240,3449,101.70
1000,102400,55,118.99
10000,102400,1249,119.49
10000,102400,4194,123.95
10000,102400,9405,108.64
10000,1048576,4173,674.63
10000,102400,8552,128.29
10000,1048576,9201,741.10
10000,102400,2185,131.27
10000,102400,2607,118.50
10000,102400,3140,113.87
10000,102400,4544,112.42
10000,10240,2140,96.67
10000,10240,8048,101.22
10000,102400,8019,122.05
10000,10240,1921,101.54
10000,10240,528,108.51
10000,10240,8205,100.26
10000,1048576,2685,826.40
10000,10240,2125,106.19
10000,1048576,9826,693.50
10000,10240,2331,108.42
100,10240,20,104.98
1000,10485760,243,3082.49
10000,1048576,5246,660.92
10000,10240,5049,108.12
1000,10485760,509,4067.15
1000,1048576,469,835.11
10000,10240,4554,126.87
10000,10240,4638,103.55
10000,10240,745,105.87
10000,102400,9575,128.37
10000,10240,9569,102.69
10000,10240,3935,97.50
10000,1048576,196,3668.03
1000,102400,570,119.83
10000,1048576,3240,1677.71
10000,10240,1523,111.07
10000,102400,2046,116.98
1000,10240,26,102.10
10000,102400,6349,115.51
1000,102400,189,119.31
10000,102400,6469,112.63
10000,1048576,2245,1634.24
10000,102400,732,119.45
10000,1048576,6054,1169.80
10000,1048576,8981,2246.23
10000,102400,229,124.59
10000,10240,4780,102.67
10000,10240,4601,99.66
10000,1048576,1240,1217.88
1000,1048576,967,529.76
10000,10240,2067,111.74
10000,102400,2407,118.24
10000,10240,5034,96.51
10000,1048576,4880,826.00
10000,1048576,2528,523.06
10000,1048576,6900,754.16
10000,10240,4550,109.51
10000,102400,453,114.96
10000,10240,9852,204.70
10000,1048576,675,629.68
10000,102400,9173,221.70
10000,102400,2619,110.48
10000,10240,1424,99.35
10000,10240,7852,96.65
10000,1048576,4746,996.08
10000,102400,411,120.64
1000,10485760,164,7713.26
10000,102400,8553,125.70
10000,1048576,9487,2648.13
10000,1048576,5124,1152.48
10000,1048576,1283,622.10
1000,10485760,83,9314.64
10000,1048576,3771,1118.07
10000,102400,6931,221.28
10000,1048576,2549,1666.63
10000,10240,7828,115.15
10000,1048576,7305,1516.24
10000,1048576,8649,877.97
1000,10240,230,103.47
10000,1048576,9601,851.88
10000,10240,1220,105.63
10000,10240,2471,95.57
10000,1048576,959,805.15
10000,102400,441,125.32
10000,10240,5707,98.66
10000,10240,4212,94.66
10000,1048576,7368,710.08
10000,102400,6186,121.61
10000,1048576,6074,546.50
10000,1048576,5914,865.67
10000,102400,1888,121.15
10000,10240,1474,95.09
10000,10240,2276,101.97
10000,1048576,2491,764.14
10000,102400,7134,136.47
10000,102400,961,111.64
10000,10240,3091,99.65
10000,102400,5725,117.35
10000,102400,4182,119.62
10000,1048576,9848,692.66
1000,1048576,947,518.42
10000,102400,6870,117.05
1000,10240,30,97.73
10000,1048576,5571,767.64
10000,10240,6423,111.13
10000,1048576,7787,600.39
10000,10240,9742,103.34
1000,102400,972,114.14
10000,1048576,5344,683.40
10000,10240,4491,116.24
10000,102400,9641,127.35
10000,102400,5038,127.80
10000,102400,9271,117.63
10000,10240,2089,98.66
10000,1048576,7934,784.14
10000,10240,266,108.96
10000,10240,7183,99.54
10000,1048576,460,786.51
10000,1048576,9326,702.68
10000,1048576,8457,667.54
10000,1048576,6720,551.54
1000,102400,307,122.46
10000,10240,7781,112.11
10000,102400,8234,125.80
10000,10240,5977,99.83
10000,102400,6236,109.29
10000,10240,6409,108.47
10000,102400,4038,130.26
10000,1048576,5594,740.96
10000,1048576,2682,550.00
10000,102400,6337,118.79
10000,10240,55,92.72
10000,102400,1894,114.77
10000,102400,743,116.58
10000,10240,7740,108.98
10000,10240,8676,102.23
10000,1048576,5434,707.14
10000,10240,4882,106.51
10000,1048576,3103,555.28
10000,102400,9296,116.40
10000,1048576,2553,521.18
10000,102400,1817,123.34
10000,10240,9451,99.21
10000,10240,6987,101.75
10000,10240,5085,98.43
10000,10240,928,100.43
10000,102400,8862,117.25
10000,10240,3982,97.66
10000,10240,4359,94.49
10000,10240,3579,104.32
1000,102400,466,110.81
1000,102400,238,110.05
10000,10240,6686,101.28
1000,10485760,807,3729.71
10000,10240,3308,109.28
10000,1048576,5539,479.55
10000,10240,1949,102.56
10000,1048576,3179,690.98
10000,1048576,3857,819.36
10000,10240,7156,102.84
1000,10240,22,105.13
10000,10240,4116,103.02
10000,10240,2595,103.18
10000,102400,9036,128.28
10000,1048576,6871,768.49
100,10240,45,107.79
10000,102400,816,122.45
10000,1048576,5526,696.11
10000,102400,1564,125.22
10000,10240,3466,98.56
10000,102400,883,123.98
10000,10240,278,107.22
1000,10240,378,102.66
10000,10240,353,97.99
10000,10240,3136,95.90
10000,10240,1443,98.04
10000,1048576,8448,677.53
10000,10240,211,110.05
10000,102400,5458,114.96
10000,10240,4886,101.37
10000,102400,6652,116.74
10000,1048576,5621,789.51
1000,102400,456,126.36
10000,10240,5163,124.25
10000,1048576,7456,879.60
10000,10240,6689,109.61
10000,1048576,5126,655.64
10000,10240,8003,106.89
10000,102400,2325,118.54
10000,102400,1279,114.99
1000,10485760,25,3111.43
10000,10240,1047,105.36
10000,102400,557,110.18
10000,10240,1702,95.17
10000,1048576,1139,1821.19
1000,10240,410,103.32
10000,102400,8357,108.68
10000,1048576,5688,3793.88
1000,102400,194,115.89
10000,10240,7450,91.37
10000,102400,2704,107.50
10000,102400,3564,119.99
10000,10240,8468,104.55
10000,1048576,9433,5754.46
1000,10485760,302,6419.86
10000,10240,3476,228.25
10000,10240,2285,94.55
10000,1048576,9600,526.05
10000,1048576,1782,562.11
10000,1048576,3188,864.72
10000,1048576,1888,559.05
10000,10240,2179,214.64
10000,1048576,201,975.40
10000,102400,9939,118.29
10000,1048576,8375,1492.73
10000,10240,6587,103.61
10000,1048576,2510,1459.50
10000,102400,648,124.83
10000,10240,2871,103.44
10000,10240,2623,90.16
10000,102400,882,118.58
10000,1048576,4878,751.47
10000,10240,3533,105.62
1000,1048576,274,626.39
10000,1048576,9615,540.20
1000,10240,699,102.33
10000,1048576,3297,527.51
10000,102400,7951,119.82
10000,10240,349,100.68
10000,10240,7528,103.21
10000,102400,3899,112.93
10000,1048576,5051,685.57
10000,10240,5648,105.40
10000,102400,7155,124.78
10000,1048576,6604,776.35
10000,1048576,490,524.85
10000,10240,9172,99.32
1000,102400,182,113.78
10000,102400,2997,118.01
100,10485760,30,3307.04
10000,1048576,3741,5536.39
1000,10485760,608,7646.85
10000,102400,1615,351.74
100,10485760,20,4299.97
10000,102400,7497,241.77
10000,1048576,7592,1907.88
10000,102400,2928,112.17
10000,1048576,6679,2218.92
10000,10240,106,105.17
10000,102400,932,111.53
10000,10240,3003,231.04
10000,102400,2670,116.73
10000,1048576,7724,763.84
1000,10485760,191,3703.75
1000,10485760,813,3039.73
10000,10240,5166,103.27
10000,1048576,9713,544.69
10000,1048576,5636,712.80
100,102400,91,119.76
10000,102400,7669,120.94
10000,1048576,9653,862.92
1000,10485760,483,3136.47
1000,10240,839,111.78
10000,1048576,9750,643.88
10000,102400,6923,121.67
10000,1048576,9037,855.16
10000,1048576,6135,935.51
10000,102400,5921,126.05
10000,102400,7032,114.88
1000,102400,52,122.70
10000,102400,167,115.54
10000,102400,5563,112.73
10000,102400,8815,121.03
10000,1048576,4830,757.20
10000,102400,9496,130.13
10000,10240,4410,103.69
10000,10240,651,99.40
10000,1048576,6329,738.60
10000,1048576,6398,599.46
10000,1048576,8520,790.45
10000,1048576,2788,674.37
10000,1048576,8217,706.96
10000,1048576,8329,727.59
10000,10240,1052,105.75
10000,102400,8420,114.68
1000,10485760,643,4075.12
10000,102400,7907,125.34
10000,102400,1355,112.80
10000,1048576,978,749.44
10000,1048576,6351,725.21
10000,102400,3289,127.00
10000,1048576,9496,517.71
10000,1048576,2520,620.02
10000,102400,6137,126.19
10000,10240,9309,129.28
10000,102400,5014,113.53
10000,1048576,5657,691.24
10000,10240,9376,106.07
10000,102400,4168,111.82
10000,102400,2170,114.52
10000,10240,2182,103.15
10000,1048576,7297,801.85
10000,102400,1667,120.11
10000,102400,9608,121.54
10000,1048576,3508,905.57
1000,1048576,877,751.38
1000,102400,499,123.24
10000,102400,5511,115.65
10000,10240,7238,106.67
10000,1048576,2060,736.72
10000,10240,9485,107.95
10000,102400,3898,117.82
10000,1048576,6275,695.45
10000,10240,6339,107.66
10000,102400,7916,122.71
10000,1048576,1812,1279.52
10000,10240,7632,105.63
10000,1048576,5064,1895.50
10000,10240,8478,105.75
10000,10240,4387,95.97
10000,10240,8695,102.93
10000,1048576,3322,694.05
10000,10240,852,104.33
10000,1048576,1459,975.95
10000,10240,883,112.88
10000,10240,7338,103.98
10000,102400,7406,112.84
100,1048576,43,952.75
10000,10240,1208,105.56
10000,10240,340,98.57
10000,1048576,5903,1917.04
10000,102400,7599,115.83
10000,102400,7061,110.52
10000,102400,7927,104.57
10000,102400,7189,115.98
1000,10240,847,102.35
10000,102400,9383,121.20
10000,102400,4226,116.42
10000,1048576,111,670.05
10000,102400,4675,131.56
10000,10240,1412,98.03
10000,102400,2179,111.96
1000,10240,533,110.27
10000,102400,4915,118.99
10000,10240,6041,99.25
10000,102400,8655,119.72
10000,1048576,6561,677.78
10000,10240,3370,106.78
10000,1048576,9625,781.50
10000,10240,2370,116.68
10000,1048576,9930,817.42
1,1048576,0,826.07
10000,102400,2549,127.40
10000,1048576,1059,674.02
10000,10240,4987,102.78
10000,102400,7365,116.41
10000,10240,3035,101.22
10000,10240,8712,98.42
10000,102400,1467,112.81
10000,102400,9930,114.68
1000,1048576,96,762.52
10000,10240,1565,111.88
10000,102400,7254,113.53
10000,10240,9459,99.27
10000,1048576,2188,752.10
1000,102400,868,130.05
10000,102400,1736,117.46
10000,10240,561,105.06
10000,102400,4914,117.22
10000,1048576,9611,1024.29
1000,10240,734,113.85
10000,10240,1518,105.34
10000,10240,26,97.72
10000,102400,7328,123.08
10000,10240,7699,103.75
10000,1048576,1695,1731.65
10000,10240,6229,110.69
1000,10485760,931,10166.33
10000,10240,9859,225.31
10000,10240,7704,293.07
10000,10240,2449,347.73
10000,102400,9667,123.25
10000,1048576,7700,7382.17
10000,10240,8423,106.08
10000,102400,677,105.22
10000,102400,5087,130.94
10000,10240,52,100.00
10000,1048576,9028,7965.32
10000,10240,5646,108.62
10000,102400,7799,120.30
10000,102400,4892,115.18
10000,1048576,8330,2748.09
10000,102400,8106,208.31
10000,10240,7413,114.15
100,104857600,26,29638.61
10000,10240,8773,140.20
10000,102400,8800,111.59
10000,10240,8216,114.40
10000,10240,4729,104.93
10000,102400,5446,119.55
10000,10240,1274,99.72
10000,10240,7260,130.90
1000,1048576,133,688.00
10000,10240,1325,120.30
10000,10240,704,96.58
10000,102400,944,117.85
10000,102400,917,113.96
10000,102400,8062,115.39
10000,102400,5470,119.41
10000,102400,874,124.59
10000,10240,4844,108.92
10000,102400,6491,126.83
10000,1048576,1520,755.66
10000,1048576,2994,742.11
10000,102400,4519,169.76
1000,102400,414,117.90
10000,1048576,1688,832.78
10000,102400,7705,133.07
1000,10240,964,111.86
10000,1048576,5835,751.37
1000,102400,137,267.06
1000,1048576,737,569.36
10000,10240,1465,110.05
10000,10240,6496,112.62
10000,1048576,4695,876.23
10000,102400,2993,219.75
1000,1048576,20,750.81
10000,102400,3348,131.11
10000,102400,7661,136.24
10000,1048576,4340,720.58
10000,1048576,5113,754.22
10000,10240,1511,111.60
10000,1048576,8739,699.29
10000,10240,1490,108.02
10000,1048576,1952,734.66
1000,1048576,201,744.34
10000,10240,4174,110.11
1000,102400,445,126.16
10000,1048576,6467,761.53
10000,10240,9593,111.28
10000,10240,8702,110.27
100,104857600,7,26799.18
100,102400,23,292.60
10000,102400,7127,137.71
10000,10240,7175,111.07
10000,102400,7249,113.24
10000,1048576,6116,694.24
10000,102400,8842,130.04
10000,10240,2529,108.69
1000,102400,882,244.49
10000,10240,982,103.33
10000,1048576,1403,804.87
10000,102400,7766,137.00
10000,102400,4992,133.54
10000,1048576,7247,758.47
10000,10240,4632,114.16
10000,1048576,5545,637.23
10000,10240,9513,104.07
1000,1048576,250,744.80
1000,10240,430,106.36
10000,1048576,4912,717.67
10000,1048576,5656,841.90
10000,102400,6875,131.83
10000,1048576,6896,719.90
10000,102400,6658,139.71
10000,1048576,8612,751.95
10000,102400,5644,124.96
10000,1048576,3715,684.87
10000,1048576,6152,751.44
10000,10240,9908,108.28
10000,10240,740,102.92
10000,10240,2397,105.04
10000,10240,5658,103.42
1000,102400,366,117.41
10000,102400,2456,116.72
10000,10240,3075,100.81
10000,1048576,8519,719.14
10000,102400,5977,125.11
10000,10240,10,98.14
10000,10240,4189,103.18
10000,10240,680,100.50
10000,10240,2520,98.23
10000,102400,1055,117.26
1000,10240,881,96.12
1000,102400,285,111.44
1000,1048576,517,720.08
10000,102400,3555,124.53
10000,1048576,4945,1259.40
10000,102400,3639,132.88
10000,102400,791,140.74
10000,10240,1613,110.27
10000,10240,7195,89.66
1000,10240,949,102.70
1000,102400,425,112.12
10000,102400,1940,110.47
10000,1048576,599,1514.52
10000,1048576,3247,894.83
10000,102400,8184,133.51
1000,10240,632,103.63
10000,1048576,1527,740.44
10000,10240,9983,245.51
10000,102400,2657,297.67
10000,10240,9327,185.41
10000,102400,4783,119.60
10000,1048576,3816,770.17
10000,102400,2485,125.21
10000,1048576,6279,722.88
10000,102400,1027,124.77
10000,10240,3764,102.76
10000,10240,1632,96.04
10000,10240,4162,102.31
10000,10240,1110,105.27
10000,10240,5855,96.33
10000,102400,4456,120.19
10000,102400,1117,111.65
10000,102400,1425,126.83
10000,1048576,6299,721.18
10000,1048576,5282,659.31
10000,10240,307,109.43
10000,1048576,7805,663.62
10000,10240,7869,112.60
10000,102400,709,121.01
1000,1048576,151,709.66
10000,102400,9708,133.64
10000,1048576,2766,733.93
1000,10240,809,112.99
10000,1048576,5796,674.33
10000,1048576,1904,705.81
10000,102400,7611,125.12
10000,10240,9372,96.61
10000,102400,2364,109.72
10000,1048576,4939,734.74
10000,10240,1370,111.33
10000,102400,2153,125.18
10000,1048576,6674,743.70
10000,1048576,7131,663.33
10000,1048576,8087,494.28
10000,102400,9295,121.22
10000,102400,9581,116.03
10000,1048576,6285,755.96
1000,10240,701,108.97
1000,10485760,120,3940.46
10000,10240,5313,110.64
10000,1048576,8531,689.96
10000,102400,2799,130.93
10000,102400,8446,114.52
10000,1048576,1524,644.49
10,102400,2,122.81
10000,10240,2056,102.94
10000,1048576,5746,789.16
10000,10240,1405,126.50
10000,1048576,1029,860.27
10000,10240,4877,112.69
10000,102400,4307,124.44
10000,10240,9498,103.26
10000,102400,603,127.16
10000,102400,7549,115.89
10000,10240,5642,96.08
10000,102400,5568,114.74
1000,10485760,816,3606.62
1000,10240,219,105.29
10000,102400,7463,107.85
10000,1048576,2545,867.31
10000,102400,6965,122.68
10000,102400,7827,117.14
10000,10240,9635,100.03
10000,102400,2912,111.24
1000,10485760,193,3707.24
10000,10240,7246,105.53
10000,10240,3217,95.49
10000,10240,9940,91.16
10000,10240,1298,95.45
10000,102400,5311,132.00
10000,1048576,1209,836.76
10000,1048576,160,794.65
10000,1048576,2768,688.37
10000,1048576,1666,686.23
10000,102400,9972,121.46
10000,102400,8972,110.28
10000,1048576,3676,787.02
10000,102400,369,130.99
10000,1048576,5219,724.71
10000,10240,8653,115.22
10000,102400,7870,115.02
10000,10240,258,109.71
10000,1048576,5321,707.33
10000,10240,7283,110.74
10000,10240,816,97.66
10000,1048576,5701,762.99
10000,10240,3104,105.06
10000,10240,3241,95.43
10000,102400,1363,122.73
1000,1048576,78,754.60
10000,10240,813,107.77
10000,10240,2904,120.40
10000,102400,9658,118.19
10000,102400,1459,119.12
10000,10240,8925,103.47
10000,1048576,1570,793.48
10000,102400,1903,124.14
10000,10240,1348,101.16
10000,102400,2885,116.65
10000,102400,1439,111.81
1000,10485760,441,3283.99
1000,10240,779,108.97
10000,10240,6438,85.10
10000,10240,1877,101.33
10000,102400,9078,120.98
10000,10240,5077,96.68
10000,102400,3507,115.80
10000,10240,3691,96.91
10000,1048576,7733,2828.26
10000,10240,1115,108.41
10000,10240,7293,110.58
10000,10240,8952,106.06
10000,1048576,4050,1370.54
10000,1048576,3119,516.92
10000,1048576,9911,489.38
10000,10240,4775,109.17
10000,10240,100,102.67
1000,10240,848,101.23
10000,1048576,9964,745.61
10,102400,5,124.74
10000,102400,9577,122.67
10000,102400,998,114.11
10000,10240,1097,96.72
10000,102400,8823,119.02
10000,1048576,9403,897.33
10000,10240,2346,110.52
10000,1048576,2367,706.56
1000,10485760,212,3280.18
10000,102400,3545,125.32
10000,1048576,7734,508.84
10000,102400,7512,122.86
10000,102400,9436,114.14
10000,10240,8019,98.89
10000,102400,5238,113.71
1000,10240,220,100.70
1000,10485760,948,3858.19
10000,1048576,9157,757.15
10000,102400,9620,131.21
10000,102400,1892,116.65
10000,10240,3144,101.06
10000,10240,6665,100.17
10000,10240,6484,101.57
10000,102400,7435,106.79
10000,10240,728,106.15
10000,10240,1478,100.20
10000,102400,3249,120.48
10000,1048576,1497,719.43
10000,1048576,3100,778.57
1000,102400,802,124.40
10000,10240,7163,100.36
10000,102400,5305,112.46
10000,1048576,2945,776.01
10000,10240,2363,113.30
10000,1048576,7935,703.71
1000,10485760,968,3466.21
10000,102400,1382,130.55
10000,1048576,5941,778.08
10000,102400,4731,130.07
10000,10240,6979,104.62
10000,102400,7381,122.15
10000,102400,9654,110.97
10000,102400,9564,115.40
10000,10240,9377,104.14
10000,1048576,6970,791.37
1000,10485760,967,3481.98
10000,10240,3844,108.70
10000,10240,5559,106.27
10000,1048576,8336,688.54
10000,10240,5557,110.86
10000,10240,620,105.56
10000,10240,5054,94.72
10000,102400,8406,123.17
10000,1048576,1129,3522.07
10000,1048576,6682,4750.27
10000,102400,6206,122.74
1000,102400,142,113.46
10000,10240,7482,110.06
1000,102400,567,113.78
10000,102400,8083,116.50
10000,10240,2545,102.65
10000,10240,8715,100.11
1000,10485760,366,3158.01
10000,10240,5491,103.83
10000,1048576,494,646.89
10000,1048576,9078,759.71
10000,1048576,1211,801.98
10000,1048576,552,680.39
10000,1048576,4135,703.79
10000,102400,5631,130.16
10000,1048576,4681,745.91
10000,10240,8413,114.06
10000,10240,3017,99.89
1000,10485760,681,3998.91
10000,102400,9778,125.58
10000,1048576,711,506.36
10000,102400,9398,121.01
1000,10240,976,101.20
1000,10485760,294,3547.94
10000,10240,2328,115.64
10000,1048576,7450,530.58
10000,10240,342,102.33
10000,1048576,6382,581.63
10000,10240,3389,103.59
10000,1048576,1020,579.60
10000,1048576,7255,634.20
10000,102400,8708,115.08
10000,1048576,6804,719.21
10000,10240,649,102.52
10000,102400,4311,121.99
10000,1048576,4730,1261.90
10000,102400,8947,126.28
10000,10240,7221,105.78
10000,10240,8573,99.27
10000,1048576,1510,3499.92
10000,102400,9573,125.84
10000,102400,8818,111.83
10000,102400,7985,110.24
1000,102400,265,122.63
10000,102400,3191,116.99
10000,102400,3089,117.32
10000,10240,8747,105.80
10000,10240,4084,101.06
10000,10240,3595,98.09
10000,10240,9791,97.24
1000,1048576,580,2024.87
10000,10240,6727,104.65
10000,10240,3884,95.58
10000,1048576,5705,797.08
1000,10240,637,108.03
10000,1048576,7482,548.58
10000,10240,1881,104.58
10000,1048576,4835,775.15
10000,102400,3155,119.94
10000,1048576,6844,2268.25
10000,1048576,7120,1165.57
10000,102400,8813,122.06
10000,10240,9523,97.45
100,104857600,8,28080.82
10000,10240,925,306.11
10000,102400,9249,253.57
10000,102400,9072,227.08
10000,102400,5851,156.24
10000,10240,6875,115.30
1000,10240,707,102.18
10000,10240,8042,108.27
10000,10240,7827,103.91
10000,10240,3753,101.90
10000,1048576,2100,881.07
10000,1048576,7508,728.89
10000,10240,2716,109.16
10000,1048576,2600,877.01
10000,102400,1418,122.58
10000,1048576,3262,877.25
10000,1048576,7769,746.54
10000,10240,8571,112.47
100,104857600,42,27613.76
10000,102400,7851,157.51
10000,10240,5686,94.59
10000,10240,4406,98.90
10000,102400,9366,150.51
10000,102400,2851,132.39
100,102400,38,154.93
1000,10240,882,123.91
10000,1048576,6981,668.39
10000,1048576,2564,685.95
10000,1048576,9692,594.33
1000,102400,671,172.39
10000,10240,3096,136.59
10000,10240,8690,113.36
10000,102400,1967,124.08
10000,1048576,6991,751.49
10000,10240,256,119.44
10000,1048576,2094,751.34
10000,1048576,1344,662.46
10000,10240,1531,123.45
10000,102400,4974,128.35
10000,10240,2849,121.18
10000,1048576,3058,830.55
1000,10485760,617,3701.33
10000,102400,7408,154.11
10000,1048576,1943,567.72
10000,10240,3513,122.09
10000,1048576,4080,576.87
1000,10240,669,113.95
10000,102400,3253,129.79
10000,1048576,9904,765.91
10000,102400,899,132.11
10000,1048576,4814,570.53
10000,10240,5444,107.32
10000,10240,8224,105.16
10000,1048576,3276,727.97
10000,10240,2195,118.46
10000,10240,7939,121.43
1000,1048576,731,744.79
10000,10240,6314,123.67
10000,102400,9389,121.11
10000,10240,3094,104.00
10000,1048576,963,734.84
10000,102400,6198,140.27
10000,102400,5915,124.51
10000,10240,3958,103.12
10000,10240,5240,104.15
10000,10240,3975,804.40
10000,10240,333,107.55
10000,10240,5525,109.46
10000,10240,3176,107.12
1000,10485760,260,3250.98
10000,102400,9013,128.08
10000,102400,3243,112.33
1000,102400,547,109.06
10000,1048576,277,666.28
1000,102400,715,118.48
10000,102400,7714,106.98
10000,1048576,2025,722.96
10000,1048576,5341,615.14
10000,10240,4901,102.72
10000,1048576,6391,684.32
10000,1048576,2095,496.45
10000,1048576,6608,731.81
1000,10240,203,110.75
10000,102400,3876,109.83
10000,10240,3521,97.34
10000,1048576,7265,714.59
10000,102400,9774,131.07
10000,102400,8206,107.91
10000,102400,336,106.82
10000,102400,1820,119.44
10000,1048576,2075,678.17
1000,10485760,32,3073.68
10000,1048576,1922,551.59
10000,10240,5342,98.60
1000,10485760,953,1876.16
10000,10240,5270,111.24
10000,102400,4069,110.61
10000,10240,7222,89.19
10000,1048576,3067,725.58
10000,10240,2552,100.99
10000,10240,6252,93.23
10000,1048576,7661,703.44
10000,102400,2204,127.07
1000,10485760,965,3218.84
1000,10485760,474,3893.13
10000,102400,3496,242.50
10000,10240,8331,93.83
10000,1048576,9729,552.55
10000,1048576,165,595.25
10000,102400,2749,123.83
10000,102400,2946,116.26
10000,1048576,6142,704.10
10000,102400,9434,125.16
10000,102400,2797,108.12
1000,102400,641,123.87
10000,10240,7022,97.13
10000,10240,3821,103.26
10000,10240,5225,99.63
10000,10240,7011,102.89
1000,1048576,955,711.18
10000,1048576,5567,550.85
1000,10240,326,101.20
10000,102400,1546,110.69
10000,1048576,8939,684.27
10000,102400,6413,115.37
10000,102400,6769,122.23
10000,10240,1839,98.23
10000,1048576,4615,711.28
10000,10240,7742,103.85
10000,102400,4477,112.73
10000,102400,7356,109.99
10000,102400,5070,108.97
10000,1048576,9906,701.48
10000,1048576,2705,554.35
10000,10240,1462,101.99
10000,102400,291,112.35
10000,1048576,9726,698.63
10000,102400,5185,125.67
10000,10240,8097,91.89
10000,1048576,3491,731.24
10000,10240,9303,103.75
1000,1048576,858,505.64
10000,10240,4050,103.27
10000,102400,1635,119.86
10000,102400,6041,117.81
10000,1048576,5429,741.08
10000,1048576,9712,523.55
10000,1048576,5680,488.05
10000,10240,8663,104.74
10000,10240,4260,94.96
10000,10240,7810,103.85
10000,1048576,9181,744.68
10000,10240,4110,110.56
10000,102400,4529,113.97
10000,102400,706,121.90
10000,1048576,9665,752.54
10000,102400,5877,119.84
10000,102400,4051,114.12
10000,10240,6380,97.02
10000,10240,4642,101.14
10000,10240,6864,97.73
10000,102400,3656,108.79
10000,102400,372,113.81
10000,1048576,8033,695.31
10000,102400,668,120.90
10000,1048576,4503,490.60
10000,102400,7572,118.90
10000,10240,9182,99.06
10000,10240,1132,87.73
10000,10240,2470,96.40
10000,102400,4784,117.93
10000,10240,3409,99.08
1000,1048576,452,724.24
10000,10240,3002,107.93
10000,1048576,1265,485.54
10000,102400,7842,111.77
10000,102400,9126,124.05
10000,102400,9627,113.23
10000,10240,9084,103.75
10000,102400,6326,112.85
1000,10240,742,106.00
10000,10240,386,104.71
10000,10240,8958,96.65
100,10485760,36,3495.68
10000,102400,4054,125.10
10000,1048576,4286,499.68
10000,10240,5905,109.39
10000,1048576,4740,606.60
10000,10240,3886,100.66
10000,102400,1503,118.85
10000,102400,5472,119.97
10000,1048576,7224,711.80
10000,10240,8879,110.43
10000,1048576,6174,493.12
10000,102400,3772,117.05
10000,1048576,6886,584.79
10000,1048576,464,538.36
10000,10240,9850,98.62
10000,10240,9566,84.87
10000,10240,6441,105.11
1000,10240,935,105.90
10000,102400,5372,120.46
1000,10485760,314,3684.66
10000,102400,5385,130.48
10000,10240,7690,98.86
10000,10240,626,97.29
10000,10240,3184,108.98
10000,10240,6739,95.68
10000,102400,2519,124.19
10000,10240,1445,100.81
10000,102400,8200,116.70
10000,1048576,8953,769.79
10000,10240,5615,103.98
10000,10240,6857,94.54
10000,102400,4471,109.03
10000,102400,3974,117.32
10000,1048576,1339,695.14
10000,1048576,2031,573.67
10000,1048576,7552,499.89
10000,1048576,2750,587.92
10000,10240,9190,100.82
10000,102400,3777,130.17
1000,102400,457,117.73
1000,10485760,535,3035.89
10000,102400,6119,125.36
10000,1048576,5389,578.38
10000,102400,8024,118.35
10000,102400,826,123.18
10000,102400,4653,120.59
10000,102400,7510,117.74
10000,10240,7323,102.37
10000,102400,8966,118.25
10000,102400,1226,113.31
10000,1048576,4098,739.38
10000,102400,4880,123.12
10000,102400,4702,102.53
10000,10240,3470,102.46
10000,102400,7154,110.45
10000,10240,9720,105.86
10000,10240,7308,99.52
10000,10240,9565,99.55
1000,10240,135,100.80
10000,102400,145,117.26
1000,1048576,270,667.20
10000,10240,1804,107.76
10000,10240,2194,100.63
10000,10240,28,98.95
1000,10485760,0,3103.92
10000,102400,6873,121.31
10000,102400,3341,107.57
10000,10240,6505,92.52
10000,1048576,4304,744.95
10000,1048576,6363,555.70
1000,1048576,792,478.28
10000,10240,9927,102.51
10000,1048576,4867,672.37
1000,102400,763,113.81
10000,1048576,6583,502.50
10000,1048576,5105,691.34
10000,102400,6548,119.49
10000,10240,1965,96.87
10000,102400,7505,111.84
10000,1048576,2681,1681.99
10000,1048576,9475,1403.23
10000,102400,2201,123.50
10000,1048576,2352,891.83
1000,1048576,170,1206.06
10000,1048576,5814,1270.66
1000,10240,15,111.48
10000,1048576,1084,683.79
10000,102400,3851,240.58
10000,102400,7234,120.22
10000,1048576,3766,750.27
1000,10240,738,114.21
10000,10240,5328,97.81
10000,10240,9087,102.41
10000,1048576,1850,710.51
10000,10240,9177,122.57
1000,10240,108,93.44
10000,102400,7235,113.72
10000,10240,5999,89.59
10000,10240,4278,97.78
10000,102400,4806,119.91
10000,1048576,2044,673.84
10000,1048576,5780,483.93
10000,1048576,4295,518.72
10000,102400,6847,124.75
10000,10240,9184,98.74
10000,10240,1019,106.56
1000,10485760,183,5185.65
10000,1048576,1420,653.70
1000,10240,871,110.05
10000,10240,6002,93.14
10000,1048576,8345,1354.24
10000,1048576,627,1403.17
100,10240,57,102.50
10000,1048576,9230,598.08
10000,1048576,5695,1019.89
10000,1048576,9244,1867.53
1000,102400,87,133.69
10000,102400,6555,120.33
10000,102400,5022,118.43
10000,1048576,1359,2077.51
10000,102400,8527,119.72
10000,10240,404,88.61
10000,1048576,2647,3679.59
10000,10240,1696,102.49
10000,1048576,6008,2535.04
10000,1048576,2389,1706.73
10000,1048576,8254,2082.70
10000,10240,9547,102.86
10000,10240,3585,91.96
10000,10240,8766,208.16
10000,102400,7949,120.55
10000,1048576,6352,721.61
10000,1048576,2208,861.82
10000,10240,2342,116.57
10000,10240,5143,97.91
10000,1048576,7601,1481.26
10000,10240,5766,103.79
1000,1048576,445,1038.24
10000,10240,7425,113.93
10000,102400,1838,118.60
10000,10240,8968,108.71
10000,102400,4606,114.66
10000,10240,3008,103.39
10000,1048576,5206,736.04
10000,10240,382,109.11
1000,102400,814,113.76
10000,102400,2825,116.05
10000,1048576,7954,832.70
10000,10240,9883,110.38
10000,1048576,4091,1405.16
10000,102400,5317,125.54
10000,1048576,1262,563.22
10000,1048576,8949,538.58
10000,10240,3757,107.01
10000,1048576,688,690.42
10000,1048576,8487,741.02
10000,10240,1404,106.03
10000,102400,6132,113.12
10000,102400,7550,122.55
10000,1048576,537,1231.94
10000,10240,8718,99.66
10000,102400,99,113.55
10000,1048576,8161,1368.05
10000,1048576,2956,997.18
1000,102400,117,119.99
10000,102400,7366,112.71
10000,102400,2951,127.52
10000,10240,9157,104.16
10000,102400,2362,120.21
10000,10240,1221,98.94
10000,102400,1460,115.31
1000,10485760,226,9256.69
10000,1048576,8379,1408.53
10000,102400,7676,423.31
10000,1048576,7193,1416.46
10000,102400,8992,117.88
10000,102400,8684,244.04
10000,10240,98,94.90
10000,102400,5913,112.49
10000,1048576,6547,1038.61
10000,1048576,5050,1516.70
10000,102400,646,344.44
10000,10240,1318,93.97
10000,102400,2458,120.17
10000,102400,1779,112.75
10000,1048576,3526,1586.05
10000,10240,6538,104.89
10000,10240,3161,97.72
10000,10240,9661,97.30
10000,1048576,4164,1964.31
10000,102400,6918,122.09
10000,10240,3024,93.94
10000,102400,4015,113.34
10000,10240,6014,99.11
10000,1048576,2348,2206.41
1000,1048576,735,1808.23
1000,10485760,746,7887.32
10000,1048576,3864,1874.19
10000,1048576,8829,1152.15
10000,102400,2301,252.81
10000,1048576,9392,1051.88
1000,10240,392,103.30
10000,10240,3483,206.18
10000,102400,2863,123.98
10000,102400,3520,105.47
10000,1048576,5689,4554.26
10000,10240,6304,105.47
10000,10240,343,94.27
10000,102400,1809,111.75
10000,1048576,7526,1878.03
10000,10240,2846,105.69
10000,10240,4419,98.59
10000,102400,9590,108.44
10000,10240,144,107.17
10000,10240,9962,99.53
1000,10485760,637,8563.56
10000,1048576,218,2096.07
10000,1048576,8141,1652.83
10000,1048576,3025,1428.43
1000,10485760,172,4305.40
10000,10240,1313,135.05
10000,10240,1294,91.05
10000,10240,6619,108.43
10000,10240,8969,94.97
1000,10485760,76,9903.35
10000,102400,9814,126.96
10000,10240,328,221.66
10000,1048576,7290,1809.52
10000,10240,2368,226.76
10000,10240,5476,108.20
1000,102400,575,150.10
10000,1048576,5743,1385.68
1000,102400,116,120.64
10000,1048576,1418,2407.62
10000,1048576,1632,1824.56
10000,102400,6780,129.43
10000,102400,1072,157.86
1000,1048576,188,1713.68
10000,102400,4341,124.48
10000,1048576,4779,1097.10
1000,102400,274,120.67
10000,1048576,4469,1190.09
10000,1048576,4071,1154.07
10000,10240,4940,107.16
10000,1048576,926,1900.35
1000,1048576,609,1644.87
1000,102400,419,130.24
10000,1048576,2118,1513.81
10000,102400,4325,115.29
10000,1048576,3996,1990.96
10000,102400,5654,128.00
10000,10240,8387,101.44
10000,10240,9395,107.99
1000,1048576,587,1152.26
10000,102400,9773,116.50
10000,102400,3452,114.37
1000,1048576,59,1207.10
1000,102400,372,117.99
10000,1048576,7020,2261.06
10000,10240,1979,113.42
10000,102400,4400,120.78
1000,10240,92,107.48
10000,10240,2235,101.33
10000,102400,4628,121.04
10000,102400,8142,124.95
10000,1048576,3456,2248.25
10000,102400,2104,118.57
10000,102400,979,118.03
1000,1048576,93,1437.49
1000,10240,151,102.70
10000,10240,5416,99.39
10000,1048576,2802,3812.54
10000,102400,3152,117.55
10000,10240,3589,91.62
10000,10240,2174,99.36
10000,102400,6232,115.05
10000,10240,214,102.55
10000,10240,7286,103.02
1000,10485760,61,22145.24
10000,10240,1534,292.75
10000,102400,5917,160.72
10000,1048576,2583,1415.33
10000,10240,8927,108.17
10000,102400,693,150.89
10000,1048576,2223,1825.53
10000,1048576,8027,1594.37
10000,10240,1086,122.42
1000,10240,805,103.30
10000,10240,6780,95.22
10000,10240,7113,102.64
10000,102400,3981,131.24
1000,10485760,356,8190.54
1000,102400,96,137.13
10000,10240,8885,99.74
10000,1048576,1199,975.31
10000,10240,793,109.85
10000,10240,7554,108.25
10000,102400,8804,119.86
10000,102400,7561,121.15
10000,10240,7378,221.36
10000,10240,8657,98.67
10000,10240,9079,105.65
10000,1048576,6693,1726.10
1000,102400,82,118.86
10000,1048576,4126,3296.58
10000,102400,7716,126.33
1000,102400,991,117.67
10000,102400,3247,111.07
100,10485760,10,10795.42
10000,10240,8876,227.22
10000,1048576,9123,1574.98
10000,102400,817,237.31
10000,10240,6859,123.73
10000,102400,2852,107.08
10000,10240,5841,105.71
10000,10240,3493,336.37
10000,1048576,8950,1446.94
10000,1048576,9874,1720.73
10000,102400,1978,132.94
10000,1048576,335,4606.00
10000,10240,4662,105.50
10000,10240,4667,97.83
10000,10240,5533,104.33
10000,10240,6348,102.86
10000,102400,5204,118.95
10000,102400,9745,125.73
10000,102400,2260,114.78
10000,102400,2769,116.08
10000,1048576,6578,3526.08
10000,1048576,5618,3276.95
10000,102400,968,126.61
10000,102400,3410,114.45
1000,102400,902,116.63
1000,10240,494,107.27
10000,1048576,7288,5011.30
10000,102400,7571,132.66
10000,1048576,3329,7008.85
10000,1048576,2132,8357.44
10000,1048576,7753,5248.28
1000,102400,437,226.44
100,104857600,32,66697.74
10000,1048576,6839,5267.27
10000,1048576,3763,3176.20
10000,1048576,3907,5688.93
1000,10485760,21,22055.00
10000,102400,1205,265.62
10000,1048576,4812,2186.23
10000,102400,166,126.74
10000,102400,1932,270.25
10000,1048576,7411,2943.92
10000,1048576,8129,1130.72
10000,102400,7031,167.35
10000,10240,8728,97.31
10000,102400,3205,120.19
10000,1048576,1023,2398.04
10000,1048576,2170,1974.33
10000,1048576,9781,1579.65
10000,102400,9407,132.23
10000,10240,203,101.49
10000,1048576,5805,4380.95
10000,102400,9374,128.60
10000,102400,3058,113.22
10000,10240,8186,113.31
10000,102400,4834,133.07
10000,10240,1700,104.68
10000,1048576,9588,1742.44
10000,102400,9546,122.85
10000,102400,3960,106.01
10000,1048576,4387,1222.65
10000,102400,7978,131.23
10000,102400,9915,121.85
10000,10240,8667,101.24
1000,1048576,399,1583.92
10000,10240,4198,108.09
10000,10240,4078,100.07
10000,1048576,7577,1581.33
1000,102400,940,139.65
10000,10240,5364,110.29
10000,102400,443,118.94
10000,10240,3353,101.13
10000,102400,9852,137.83
10000,102400,850,121.27
10000,10240,2728,101.73
10000,10240,8109,104.60
10000,102400,6264,121.42
1000,102400,757,122.76
10000,102400,75,118.68
10000,102400,8236,118.57
10000,1048576,310,1562.51
1000,10485760,98,12379.36
10000,1048576,654,2406.27
10000,10240,9754,112.67
10000,1048576,328,3934.49
10000,1048576,999,1607.60
10000,10240,8460,108.76
10000,1048576,2826,1604.88
10000,102400,2845,127.63
10000,1048576,6179,1997.29
10000,102400,3539,129.29
10000,10240,4592,103.73
10000,102400,2794,127.52
1000,1048576,870,5575.25
10000,1048576,6658,4470.89
10000,10240,7606,368.35
10000,1048576,8350,2976.87
10000,102400,7677,244.42
10000,10240,8101,107.40
10000,1048576,1604,1950.66
10000,10240,5697,105.60
10000,10240,4511,95.19
10000,1048576,4828,1973.32
10000,10240,5847,109.77
10000,10240,6467,103.97
10000,102400,8920,120.27
10000,1048576,5841,8839.14
10000,10240,4604,104.11
10000,1048576,127,4730.74
10000,1048576,1247,8581.20
10000,1048576,2262,6504.88
10000,102400,3793,262.16
1000,10240,870,248.74
10000,1048576,4326,6693.76
10000,10240,2819,113.19
1000,1048576,803,3245.85
10000,102400,5973,122.01
10000,1048576,7676,2002.68
10000,10240,540,102.20
10000,102400,1343,245.60
10000,102400,5936,115.96
10000,10240,9164,101.69
10000,1048576,2239,5581.28
1000,1048576,378,3498.86
10000,1048576,5486,1724.66
10000,102400,1281,255.60
10000,1048576,5625,1556.74
10000,10240,4344,98.33
10000,1048576,3711,1947.37
10000,102400,7688,120.02
10000,102400,9118,162.07
10000,10240,9906,99.29
10000,10240,2309,101.96
10000,102400,8853,156.69
10000,102400,4863,116.89
10000,10240,1467,98.17
10000,102400,4043,122.22
10000,1048576,9115,1491.01
10000,1048576,4811,1150.65
10000,1048576,5022,2810.74
10000,1048576,4923,1594.79
10000,10240,4885,105.12
10000,1048576,1597,1171.90
10000,102400,8006,125.36
10000,1048576,55,2390.31
10000,102400,7404,127.79
1000,10485760,995,7641.30
100,102400,60,151.23
10000,102400,182,116.86
10000,102400,6350,121.45
10000,10240,6683,105.36
10000,10240,1588,317.44
10000,10240,8164,106.82
10000,10240,7374,92.87
10000,1048576,8206,1353.96
10000,1048576,6701,1481.29
10000,10240,2434,108.49
10000,1048576,8083,1424.03
10000,1048576,8189,1189.46
10000,10240,8443,105.56
1000,10240,153,90.83
10000,102400,801,121.22
10000,1048576,3706,1341.53
10000,10240,2451,107.38
1000,102400,620,120.40
10000,1048576,2307,1296.80
1000,10485760,374,7661.02
10000,10240,4713,114.14
10000,1048576,5488,1996.65
10000,10240,6771,98.91
10000,102400,2839,305.32
10000,102400,4451,114.06
10000,102400,2972,228.60
10000,10240,4074,103.56
10000,102400,7156,116.31
1000,10485760,839,6944.73
10000,10240,1352,111.77
10000,1048576,779,1988.69
10000,10240,4008,114.19
10000,1048576,4356,3337.18
10000,1048576,1001,1648.37
10000,102400,1001,126.86
10000,1048576,3089,2507.47
1000,10485760,537,7221.50
10000,1048576,8923,1567.30
10000,1048576,9731,2208.16
1000,102400,136,157.15
10000,1048576,4860,1772.36
10000,1048576,3224,1976.51
10000,1048576,9426,1059.57
10000,10240,8373,107.35
10000,10240,8521,102.63
10000,1048576,4121,2446.47
10000,10240,3117,104.40
10000,1048576,7023,1267.09
10000,102400,6793,119.13
10000,1048576,3619,1670.69
10000,10240,8836,102.97
10000,1048576,1335,2706.29
10000,102400,4045,115.99
10000,1048576,6805,1467.68
10000,102400,3388,128.45
10000,10240,3692,105.01
10000,1048576,4199,1285.79
1000,10485760,828,7492.18
10000,1048576,4456,1717.16
10000,102400,9123,237.85
10000,10240,8428,97.39
10000,1048576,1297,7040.53
10000,10240,2873,104.01
1000,1048576,95,3920.24
1000,10240,385,239.84
10000,102400,9050,262.40
10000,10240,5368,101.63
10000,10240,1754,104.64
10000,102400,8590,124.17
10000,102400,5131,122.60
100,1048576,68,5680.28
10000,10240,9349,104.52
10000,10240,7366,102.08
10000,10240,2722,100.30
10000,102400,5241,119.06
10000,1048576,1696,5591.44
10000,10240,7262,103.58
10000,1048576,1473,6878.32
10000,10240,2209,203.38
10000,1048576,1546,4191.75
10000,1048576,1392,11240.08
10000,102400,1317,355.50
10000,10240,6636,237.34
10000,102400,9380,366.32
10000,1048576,2678,6201.30
10000,1048576,7658,2629.91
10000,1048576,1026,3148.59
10000,1048576,9783,2642.01
10000,102400,7228,140.27
10000,102400,8039,113.24
10000,102400,5004,142.65
10000,1048576,1149,3713.06
10000,10240,4183,103.58
10000,10240,6806,102.22
10000,10240,861,94.47
10000,1048576,1565,4010.58
10000,1048576,5970,5936.41
10000,102400,386,148.39
10000,102400,564,123.92
1000,10240,200,209.47
10000,1048576,2529,3154.22
10000,10240,2748,216.56
10000,10240,5302,102.28
10000,10240,4064,106.73
10000,1048576,4520,2621.47
10000,1048576,539,2209.99
1000,10485760,523,9274.90
10000,1048576,2317,1764.07
10000,102400,1068,249.41
10000,1048576,8110,1542.16
10000,10240,9822,129.11
10000,102400,849,118.86
10000,102400,5560,216.40
1000,10485760,614,7632.85
10000,102400,1697,132.14
10000,102400,4965,121.69
10000,102400,2136,115.15
10000,10240,5450,113.26
10000,102400,2754,121.83
10000,1048576,6554,1438.03
10000,10240,7821,115.44
10000,10240,5266,103.82
1000,10240,507,100.71
10000,102400,6563,126.36
10000,102400,2371,113.99
10000,1048576,3818,1429.85
10000,1048576,8840,2078.45
10000,102400,4865,122.60
10000,1048576,4822,1265.91
10000,102400,5168,129.93
10000,10240,9446,107.26
10000,102400,9256,117.66
10000,1048576,2034,3078.84
10000,1048576,5119,1856.34
10000,10240,5838,112.30
10000,10240,2055,112.91
10000,10240,7416,96.34
10000,10240,726,100.91
10000,102400,296,117.86
1000,10485760,486,7667.60
10000,10240,1448,156.11
10000,10240,9286,109.24
10000,1048576,4734,4119.78
10000,10240,4337,116.37
10000,1048576,2494,3412.26
10000,102400,8734,129.29
10000,10240,8577,97.98
10000,1048576,493,7444.80
10,10240,6,104.31
10000,102400,9019,115.18
10000,10240,8053,97.29
10000,10240,4537,99.89
10000,102400,6176,121.86
10000,1048576,78,3470.71
10000,10240,2041,216.03
10000,10240,785,111.78
10000,102400,9657,118.80
10000,102400,7186,133.82
10000,1048576,3366,3139.39
10000,10240,930,103.26
10000,102400,4877,116.11
10000,102400,7094,114.73
10000,10240,5863,106.01
10000,1048576,1761,5692.60
1000,10485760,902,47609.35
10000,10240,5595,216.16
1000,10240,548,246.85
10000,1048576,7434,1543.80
10000,10240,9938,108.31
10000,1048576,1145,1966.76
10000,1048576,4001,2049.33
10000,10240,8345,134.08
10000,102400,6477,117.05
10000,1048576,2916,4196.10
10000,1048576,85,1951.92
10000,10240,2412,242.73
10000,10240,1341,97.90
10000,10240,73,107.48
10000,1048576,457,2900.17
10000,102400,1701,135.26
10000,102400,6899,121.74
10000,102400,848,123.19
1000,1048576,336,1985.22
1000,10485760,978,19524.96
1000,1048576,579,1557.01
10000,1048576,4577,2144.75
1000,102400,93,161.85
10000,1048576,3154,3279.07
10000,10240,2197,110.65
10000,1048576,5559,2227.36
10000,10240,2493,111.48
10000,10240,9058,227.19
1000,10240,34,108.26
1000,102400,6,122.42
10000,102400,7961,122.62
10000,102400,9312,123.64
1000,1048576,425,2384.18
10000,10240,6063,104.08
10000,1048576,8419,5430.14
10000,10240,4700,115.23
10000,1048576,729,2829.20
10000,10240,8261,101.85
10000,1048576,8284,2481.95
10000,102400,2812,153.22
100,1048576,52,6796.39
1000,1048576,738,9295.12
10000,1048576,1164,4508.32
10000,102400,7930,254.74
10000,102400,3067,112.40
10000,102400,8294,240.24
10000,10240,9269,131.89
10000,10240,4271,104.43
10000,10240,3207,117.60
1000,10240,843,100.78
10000,1048576,7886,14576.62
10000,102400,461,142.03
1000,1048576,660,5928.57
10000,1048576,8841,2828.36
10000,10240,7949,114.83
10000,10240,1189,260.86
10000,102400,5593,219.31
10000,1048576,7376,5070.47
10000,1048576,3376,2730.76
10000,102400,3294,123.12
10000,10240,6886,98.35
10000,10240,7488,93.75
10000,1048576,5919,11660.17
1000,10485760,6,11065.75
10000,10240,4486,128.45
10000,1048576,212,7375.75
10000,10240,8959,117.02
1000,10240,638,128.45
10000,10240,4221,101.34
10000,102400,7633,123.25
10000,10240,607,108.68
10000,102400,9071,132.97
10000,102400,8382,128.32
10000,102400,477,240.10
10000,102400,9578,122.75
10000,1048576,6525,3299.21
10000,102400,2286,125.98
10000,102400,6223,125.13
10000,102400,4800,122.91
10000,10240,1355,105.29
10000,10240,2245,109.78
10000,1048576,2482,4764.59
10000,1048576,4219,9899.37
10000,10240,5554,216.95
10000,10240,6317,110.00
10000,10240,889,110.64
10000,102400,5423,116.80
10000,102400,2314,121.83
10000,102400,4288,121.43
1000,10485760,82,22126.19
10000,10240,9866,133.72
10000,10240,1945,99.24
10000,10240,2203,106.09
10000,1048576,7997,2825.55
10000,102400,6782,122.06
10000,10240,5618,120.20
10000,102400,6754,111.07
10000,102400,615,123.25
10000,102400,8356,118.51
10000,10240,8604,106.50
10000,102400,7507,109.76
10000,102400,6145,122.34
10000,102400,4282,120.97
10000,102400,9710,120.31
1000,10485760,468,1899.66
1000,102400,825,139.40
10000,1048576,8508,1846.81
10000,1048576,9943,3419.80
10000,10240,9959,106.50
10000,1048576,7857,9743.60
10000,1048576,2020,3613.67
10000,102400,7035,237.07
10000,1048576,7457,2290.65
10000,1048576,8465,1170.83
10000,1048576,2282,1412.33
10000,10240,1738,108.44
1000,10485760,69,8019.26
10000,1048576,2176,1005.51
100,102400,36,145.68
1000,10240,902,101.79
10000,1048576,479,1175.38
10000,1048576,9546,833.53
10000,1048576,3892,705.36
1000,10240,516,109.79
10000,1048576,6736,513.22
1000,10485760,674,4298.98
1000,102400,331,128.11
1000,102400,388,110.89
10000,10240,4374,97.94
10000,102400,5183,118.00
10000,10240,4052,101.90
10000,102400,8904,126.97
10000,102400,5830,121.94
1000,10485760,644,7982.01
10000,102400,9616,134.22
10000,1048576,8693,2026.22
10000,10240,42,215.65
10000,10240,9711,104.93
10000,102400,927,114.08
10000,10240,8517,95.53
10000,10240,8158,102.51
10000,1048576,1374,2450.75
10000,1048576,6624,2959.99
10000,102400,1344,127.39
10000,10240,3516,102.11
10000,102400,2712,265.30
10000,1048576,3234,3130.93
10000,1048576,7085,1701.07
10000,1048576,35,1089.25
10000,10240,3578,112.65
10000,10240,5564,98.72
10000,10240,374,97.80
10000,1048576,2932,950.76
10000,102400,27,131.01
1000,10485760,405,4989.69
10000,102400,8692,255.97
10000,102400,1008,146.30
10000,102400,5388,107.20
10000,1048576,5328,901.90
10000,102400,8942,127.65
10000,102400,8982,111.17
10000,1048576,4441,712.19
10000,10240,1957,112.83
1000,10240,510,105.39
1000,10485760,147,5098.72
10000,102400,6282,137.85
10000,1048576,9452,805.71
10000,10240,2137,110.82
10000,1048576,9335,871.81
10000,10240,9854,113.76
10000,10240,2831,99.33
10000,10240,7121,103.91
1000,1048576,703,748.85
10000,1048576,4623,631.08
10000,10240,1818,102.92
10000,102400,3718,121.33
10000,10240,7966,101.71
1000,10240,689,107.09
10000,1048576,7446,775.21
10000,10240,8317,112.28
10000,1048576,6396,825.76
10000,10240,4918,108.53
1000,102400,171,128.19
10000,102400,452,123.23
10000,102400,6049,124.82
10000,1048576,6339,2931.04
10000,1048576,6231,3856.12
10000,10240,2622,110.12
1000,10240,190,104.16
10000,10240,4540,101.95
1000,1048576,799,3542.26
10000,10240,1789,107.73
10000,1048576,740,3446.01
10000,1048576,6272,5174.31
10000,10240,9914,106.25
10000,1048576,6868,2290.68
10000,102400,9932,116.54
10000,1048576,5495,4770.99
10000,102400,2510,137.43
10000,102400,253,116.82
10000,10240,5854,112.94
10000,1048576,8044,2549.94
1000,10240,889,102.21
10000,1048576,8071,7466.39
10000,10240,6969,107.11
10000,102400,4666,127.13
10000,1048576,4370,4785.23
10000,102400,3748,121.50
10000,1048576,8139,3559.33
10000,10240,2211,108.95
10000,102400,6293,120.75
10000,10240,2808,105.26
10000,1048576,8485,4003.62
10000,102400,3029,126.44
10000,10240,2830,97.07
10000,1048576,6946,2382.76
10000,1048576,3506,4120.37
10000,10240,9268,103.04
10000,1048576,5775,1754.19
10000,1048576,8576,723.73
10000,1048576,831,698.30
10000,10240,7486,100.27
10000,10240,9413,99.20
10000,10240,4939,102.71
10000,1048576,4313,799.15
10000,10240,3238,110.65
10000,10240,734,93.91
10000,102400,239,130.46
1000,10485760,975,4476.45
10000,1048576,5569,552.74
10000,10240,2797,108.65
10000,102400,2901,111.26
10000,10240,6631,107.00
10000,10240,7604,107.66
100,104857600,37,28015.24
10000,1048576,7385,3761.34
1000,102400,435,135.86
10000,1048576,2891,2696.25
10000,102400,945,150.52
10000,102400,3333,119.19
10000,102400,6587,122.71
10000,10240,6434,133.21
10000,1048576,3173,1690.32
1000,10240,700,110.13
10000,1048576,4233,3956.10
10000,1048576,8745,4159.97
10000,102400,5153,122.09
10000,102400,1250,117.91
1000,10240,825,105.11
10000,102400,5989,131.37
10000,102400,7596,119.79
10000,10240,3976,111.71
10000,10240,9840,97.68
10000,102400,8447,121.52
10000,1048576,4576,4644.25
10000,10240,6553,137.63
10000,102400,5319,124.04
10000,10240,2135,109.39
10000,10240,6085,103.03
10000,102400,2745,113.13
1000,1048576,865,3633.97
10000,102400,9777,125.78
10000,10240,9972,95.06
10000,10240,9686,108.32
10000,102400,5611,120.28
10000,1048576,1975,11250.97
10000,102400,911,398.58
10000,10240,2919,222.38
10000,10240,8613,245.63
10000,1048576,9612,8297.60
10000,1048576,8472,4668.31
10000,10240,4047,230.78
10000,102400,4999,139.50
10000,102400,7163,110.28
1000,1048576,993,7225.31
10000,10240,1257,102.00
10000,10240,4682,102.62
10000,1048576,6872,2861.27
10000,102400,7095,119.65
10000,10240,5562,239.30
10000,10240,2146,109.03
10000,102400,8710,246.59
10000,102400,5750,298.35
10000,102400,3113,206.83
10000,1048576,4484,3000.64
10000,102400,737,119.26
10000,1048576,1807,3313.24
1000,102400,832,134.73
10000,10240,6562,97.92
100,1048576,66,2173.78
10000,1048576,974,1907.35
10000,10240,3146,103.04
10000,1048576,1342,1242.20
100,1048576,87,694.62
10000,10240,7389,118.42
10000,10240,4155,100.14
10000,10240,9239,229.24
10000,1048576,5086,610.90
1000,102400,161,115.19
10000,102400,3515,120.36
10000,1048576,342,1062.74
10000,1048576,8080,511.22
10000,10240,3818,115.15
10000,10240,4125,108.50
10000,102400,9419,124.47
1000,102400,722,115.13
10000,102400,4512,124.15
10000,102400,8470,128.28
10000,10240,933,100.56
10000,10240,1875,109.08
10000,1048576,2631,806.10
1000,1048576,685,873.14
10000,10240,2154,115.14
10000,102400,3527,117.35
10000,10240,9052,92.90
10000,1048576,2625,692.40
10000,10240,2078,108.13
10000,1048576,9792,704.61
10000,10240,1423,109.96
10000,1048576,1691,887.38
10000,102400,9858,119.91
10000,1048576,2526,738.26
10000,1048576,8067,534.88
10000,10240,5599,113.40
10000,102400,3017,120.25
10000,1048576,1885,709.99
10000,102400,8272,126.44
10000,1048576,4647,772.39
10000,1048576,8335,750.13
10000,102400,6611,134.19
10000,102400,4455,115.48
10000,1048576,7967,710.20
10000,102400,6588,123.53
10000,1048576,1189,486.57
1000,1048576,278,749.17
1000,10485760,199,3800.07
10000,10240,3697,114.16
10000,1048576,9235,491.11
10000,102400,1989,118.70
10000,102400,6313,111.86
10000,102400,5340,116.54
1000,10240,21,101.98
10000,102400,3811,219.39
10000,102400,4286,115.22
1000,1048576,628,720.47
10000,1048576,3541,530.37
10000,102400,4560,125.39
10000,102400,1288,117.41
10000,10240,5913,102.42
10000,102400,289,117.81
10000,1048576,3843,1697.85
10000,1048576,3209,1073.31
1000,10485760,925,3087.88
10000,102400,762,132.35
10000,10240,7212,102.08
10000,1048576,998,819.77
10000,1048576,1692,716.50
10000,1048576,2996,562.84
10000,10240,752,121.73
10000,10240,8395,100.02
100,10485760,58,7932.55
10000,102400,8568,129.91
10000,102400,1442,105.94
10000,10240,7626,96.37
10000,1048576,5142,775.84
10000,1048576,8636,651.39
10000,1048576,7781,678.70
10000,102400,1461,136.18
10000,10240,6596,106.14
10000,102400,5334,118.68
10000,1048576,783,693.17
10000,102400,5178,126.24
10000,10240,3451,94.67
10000,102400,9396,103.95
10000,102400,8378,112.23
10000,10240,7865,99.35
1000,1048576,298,731.23
10000,102400,3031,121.08
10000,102400,3833,109.22
10000,10240,7345,100.14
10000,1048576,6027,1646.14
10000,1048576,2971,511.21
10000,102400,3009,123.37
10000,1048576,4794,619.18
10000,102400,6987,121.16
10000,10240,5990,99.53
10000,10240,4349,99.96
10000,10240,6371,105.24
10000,10240,9740,100.62
10000,10240,31,99.14
10000,1048576,967,729.63
10000,10240,9117,109.58
10000,10240,4587,101.02
10000,102400,6214,119.88
10000,10240,8819,95.16
10000,1048576,8987,957.25
10000,10240,127,101.66
10000,102400,4280,111.76
10000,1048576,2557,698.01
10000,1048576,3230,681.66
10000,102400,8095,133.50
1000,10240,94,118.48
10000,1048576,435,780.93
10000,1048576,2597,806.50
10000,1048576,7991,712.75
1000,102400,62,130.81
10000,1048576,9143,646.40
10000,102400,9151,125.39
10000,102400,8342,123.48
10000,102400,8542,123.73
10000,1048576,9791,753.28
10000,10240,3660,107.24
10000,102400,751,112.17
10000,1048576,2991,752.06
10000,10240,5531,109.00
10000,1048576,1652,472.53
10000,10240,2072,99.14
10000,10240,7707,96.22
10000,102400,9376,118.53
1000,10240,458,102.83
10000,10240,6832,101.66
1000,10485760,318,3129.50
10000,102400,1627,120.00
10000,102400,8222,117.33
10000,1048576,8990,2800.20
10000,102400,3729,118.65
1000,10240,171,92.38
10000,10240,5152,89.94
10000,1048576,6371,2806.97
10000,10240,7395,100.40
10000,1048576,7741,486.66
1000,1048576,249,499.60
10000,102400,363,122.80
10000,10240,2409,100.04
10000,10240,1538,107.69
10000,1048576,6783,988.27
10000,10240,318,125.53
10000,102400,206,115.55
10000,10240,4364,100.73
10000,102400,8461,111.63
10000,1048576,7204,716.22
10000,1048576,8040,743.63
10000,10240,519,109.86
10000,10240,6995,88.36
1000,102400,578,112.05
10000,1048576,3631,707.13
10000,1048576,3320,733.62
10000,1048576,8737,533.79
10000,10240,2567,105.21
10000,10240,2828,99.74
10000,10240,544,103.47
10000,102400,5974,123.32
10000,1048576,1103,692.80
10000,102400,3663,122.60
10000,1048576,4709,650.88
10000,1048576,6644,755.32
1000,10240,121,115.95
1000,10240,865,100.53
10000,1048576,3885,833.89
10000,102400,2395,132.66
10000,1048576,8126,689.74
10000,1048576,7817,518.58
10000,10240,9637,104.00
10000,102400,9139,128.62
10000,102400,9363,121.35
10000,1048576,3460,769.73
10000,10240,8854,108.61
10000,102400,9668,122.61
10000,1048576,5755,808.99
10000,102400,9877,124.50
10000,10240,8393,98.35
10000,102400,3320,110.92
1000,10485760,86,3366.57
10000,10240,6035,129.13
1000,102400,961,122.49
10000,1048576,6916,699.55
10000,10240,1874,119.82
1000,10485760,458,1890.52
1000,102400,365,125.78
10000,1048576,1321,806.60
10000,10240,8554,128.32
10000,102400,2128,109.26
10000,10240,3522,103.78
10000,102400,3753,111.75
10000,1048576,2987,802.93
10000,102400,576,127.27
10000,1048576,1122,708.24
10000,10240,4583,111.14
1000,102400,227,118.98
10000,1048576,7649,1488.02
10000,1048576,4353,2102.04
10000,102400,687,119.08
1000,1048576,739,1904.54
10000,102400,7014,122.74
10000,10240,56,101.55
1000,102400,983,120.08
10000,1048576,3450,687.67
10000,1048576,3468,694.97
10000,102400,8773,112.59
10000,102400,8386,116.07
10000,1048576,1478,735.99
10000,1048576,5001,567.76
10000,1048576,3553,491.57
10000,102400,5821,117.10
10000,102400,3437,109.70
10000,1048576,3861,705.74
10000,10240,2485,106.69
1000,1048576,332,1204.29
10000,1048576,2940,1811.04
10000,10240,6395,103.37
10000,10240,1930,98.51
10000,1048576,8351,1130.64
10000,1048576,3650,501.08
10000,10240,5497,95.49
10000,10240,564,89.97
10000,1048576,905,799.36
10000,10240,4455,101.81
10000,1048576,8951,2144.62
10000,102400,4942,123.82
10000,102400,5529,115.54
10000,102400,6187,118.89
10000,10240,4205,97.98
10000,1048576,5947,2613.84
10000,1048576,9536,1018.77
10000,102400,6246,119.42
10000,10240,9999,95.31
10000,10240,6087,100.64
10000,1048576,9631,726.49
10000,102400,4096,121.11
10000,102400,5929,106.81
10000,1048576,540,725.57
10000,10240,8865,106.47
10000,102400,2059,109.94
10000,10240,5810,93.33
10000,1048576,7003,703.83
10000,102400,7082,118.73
10000,10240,4915,94.99
10000,102400,1844,108.79
10000,102400,1949,115.74
10000,102400,8950,119.80
10000,102400,4238,119.12
10000,10240,2729,97.02
10000,10240,2938,101.34
100,10240,13,97.62
10000,10240,4510,102.76
10000,102400,8540,107.38
10000,10240,1284,99.94
10000,10240,7630,95.42
10000,1048576,2350,683.16
10000,10240,4525,106.43
10000,102400,1614,106.16
10000,1048576,2105,741.54
10000,1048576,1275,503.47
10000,10240,7376,100.39
10000,102400,1585,116.24
10000,1048576,7171,699.44
10000,102400,3804,121.21
10000,10240,49,98.70
1000,102400,135,116.68
10000,1048576,7095,709.93
10000,102400,9733,116.29
10000,102400,1215,120.26
10000,102400,3782,118.87
10000,1048576,7481,744.71
10000,102400,9861,117.71
10000,10240,865,98.95
10000,102400,7062,112.18
10000,102400,3235,117.49
10000,1048576,8924,729.83
10000,10240,3069,109.16
1000,10485760,204,3128.64
10000,1048576,7759,752.06
10000,10240,5535,110.46
10000,1048576,1366,882.96
10000,10240,8957,107.83
10000,10240,9677,92.06
10000,1048576,4972,804.24
10000,1048576,2733,852.12
10000,102400,5687,121.19
10000,102400,3500,111.55
10000,102400,2163,118.67
1000,10240,446,99.96
10000,1048576,505,760.94
10000,10240,5744,109.04
10000,1048576,2836,756.19
10000,102400,7137,131.22
10000,1048576,9956,821.13
10000,102400,8512,126.47
10000,1048576,1860,680.28
1000,10485760,168,3032.77
10000,10240,4515,105.03
10000,10240,3369,91.22
10000,1048576,6901,755.77
10000,102400,9532,128.25
1000,10485760,177,3758.56
10000,1048576,4749,701.98
10000,10240,7282,108.70
10000,10240,742,102.60
10000,102400,3297,120.31
10000,1048576,9592,681.25
10000,10240,8614,106.94
10000,1048576,6052,717.85
10000,10240,7106,99.14
1000,102400,909,119.51
10000,10240,8918,96.20
10000,102400,8575,117.78
10000,1048576,9577,785.47
1000,10485760,966,3760.02
10000,1048576,5553,518.09
10000,1048576,6768,519.64
10000,1048576,7326,786.56
10000,1048576,3033,535.00
10000,1048576,7153,489.15
10000,102400,7493,122.22
10000,10240,8270,90.73
10000,1048576,6438,792.80
10000,1048576,2256,546.06
10000,102400,8301,111.34
10000,102400,7824,113.46
10000,10240,1050,97.82
10000,10240,3270,108.24
10000,10240,5164,98.24
1000,10485760,710,3132.92
10000,102400,3814,123.77
10000,102400,5981,112.95
10000,102400,9602,111.62
10000,10240,4266,102.37
10000,10240,3983,102.73
10000,102400,5604,112.24
10000,102400,4313,111.90
10000,1048576,7995,673.97
10000,10240,7712,104.64
10000,10240,1009,93.26
10000,10240,511,103.98
10000,10240,9865,103.15
10000,102400,6957,115.32
10000,102400,9568,115.20
10000,102400,1499,118.22
1000,10240,308,103.16
10000,1048576,9440,874.76
10000,1048576,6822,654.90
10000,10240,253,100.90
10000,10240,4687,88.81
1000,102400,852,122.30
10000,1048576,9635,698.49
10000,1048576,6580,529.87
10000,102400,330,121.26
10000,102400,6879,118.63
10000,10240,3291,100.81
10000,10240,6234,107.19
10000,102400,1022,114.48
10000,102400,7098,110.75
1000,10485760,584,3721.74
10000,1048576,3495,542.35
10000,1048576,2867,537.26
10000,102400,4735,125.19
10000,102400,7913,112.94
10000,10240,9054,100.91
100,1048576,71,661.62
10000,102400,1333,128.88
10000,102400,8914,115.25
10000,1048576,8782,784.53
10000,102400,5638,126.23
10000,1048576,1732,760.09
1000,1048576,983,685.39
10,10485760,7,3349.32
10000,10240,7344,108.81
10000,10240,9926,107.53
10000,1048576,2153,740.03
10000,102400,9318,126.72
10000,10240,6822,101.15
10000,1048576,9663,766.62
10000,102400,6757,120.19
10000,10240,9109,101.99
1000,10240,130,100.93
10000,102400,4128,116.21
1000,102400,149,114.62
10000,1048576,2714,693.10
10000,102400,2898,125.15
10000,1048576,3571,582.56
10000,1048576,5589,756.78
10000,10240,9730,110.35
10000,102400,6737,138.07
10000,10240,6236,98.72
10000,102400,2741,109.76
1000,102400,32,118.65
10000,102400,4061,118.19
10000,102400,2474,119.41
10000,102400,1671,110.02
100,10240,27,101.01
1000,10240,68,106.52
10000,1048576,9605,746.89
10000,10240,5567,113.05
10000,1048576,6976,468.53
10000,1048576,9933,679.48
1000,102400,973,130.11
10000,1048576,8885,485.81
10000,102400,3480,113.41
10000,1048576,1780,757.26
10000,102400,2945,122.11
10000,1048576,6652,564.48
1000,10485760,818,3265.27
10000,102400,184,133.23
1000,10485760,219,3695.10
10000,102400,9283,134.87
10000,10240,7577,96.69
10000,1048576,9723,870.05
10000,1048576,9898,813.21
10000,1048576,1169,688.76
10000,1048576,1647,902.44
10000,10240,2086,115.37
10000,102400,1589,127.20
10000,10240,304,101.31
10000,102400,4219,117.88
10000,102400,9950,113.38
10000,1048576,2285,713.78
10000,10240,9773,112.07
10000,1048576,7395,704.01
10000,10240,8991,106.43
10000,10240,7594,97.87
10000,102400,259,108.12
10000,102400,7776,118.72
10000,1048576,596,678.27
10000,102400,4448,117.98
10000,102400,490,120.78
10000,1048576,9088,757.55
10000,10240,1461,102.39
10000,10240,8775,280.79
10000,102400,349,115.48
10000,10240,4914,99.18
10000,10240,332,100.96
1000,10485760,851,3559.37
10000,10240,2602,117.58
10000,102400,4656,118.92
10000,10240,2750,99.31
10000,10240,6664,95.00
10000,102400,1326,117.69
10000,10240,7147,107.30
10000,10240,7631,102.37
10000,102400,4184,114.09
10000,102400,3611,122.33
10000,10240,1637,98.97
10000,102400,556,112.88
10000,10240,5025,95.20
10000,1048576,3449,672.45
10000,102400,7928,117.50
10000,1048576,3972,707.77
10000,10240,7412,114.33
10000,1048576,3799,771.68
10000,102400,7072,126.28
10000,102400,4304,112.01
10000,102400,8936,128.03
10000,1048576,6925,711.12
10000,10240,5524,110.28
10000,1048576,6041,649.51
10000,10240,8193,106.19
10000,1048576,5700,758.43
10000,10240,8366,108.01
10000,102400,6857,114.42
10000,1048576,913,780.59
1000,102400,747,125.50
10000,102400,8125,115.55
10000,10240,2876,101.09
10000,10240,1701,101.15
10000,102400,1751,110.96
10000,10240,3155,99.63
10000,102400,1257,115.31
10000,1048576,1980,741.81
10000,10240,1126,101.54
10000,10240,5011,93.10
10000,1048576,2868,861.58
10000,1048576,3099,755.55
10000,102400,2208,122.99
10000,10240,7879,90.80
1000,1048576,959,738.34
10000,1048576,8543,675.82
10000,1048576,9012,709.11
10000,102400,9472,130.71
10000,102400,8778,119.78
10000,1048576,6949,779.75
10000,10240,3279,110.07
10000,10240,7054,104.55
10000,102400,9346,116.81
10000,10240,6940,96.56
10000,102400,2576,113.90
10000,10240,2782,94.67
10000,102400,9186,119.53
10000,10240,5330,99.99
10000,1048576,6443,857.26
1000,1048576,802,710.34
10000,10240,1497,109.48
10000,1048576,7640,530.01
10000,1048576,1863,538.68
10000,102400,4490,114.19
10000,1048576,1568,748.43
10000,1048576,9129,718.36
1000,10485760,952,3160.76
10000,102400,4612,127.20
10000,102400,2766,121.70
10000,10240,9231,93.97
10000,1048576,3269,748.16
1000,102400,338,120.86
100,104857600,59,28882.94
10000,102400,9451,374.38
10000,10240,2856,217.58
10000,102400,4579,116.25
10000,10240,9500,101.15
10000,102400,5189,130.64
10000,102400,8962,254.37
1000,102400,921,124.24
10000,1048576,8287,1076.16
10000,102400,5384,130.54
1,104857600,0,31718.07
10000,10240,8346,396.98
10000,10240,1035,353.91
10000,10240,522,107.70
10000,1048576,9027,945.01
10000,102400,2690,180.47
10000,10240,132,107.79
10000,102400,176,122.26
10000,102400,7149,121.28
10000,1048576,6195,884.94
10000,1048576,4247,646.91
1000,1048576,960,740.25
10000,102400,1479,128.60
10000,102400,4329,125.83
10000,1048576,5175,850.94
10000,102400,1208,135.07
10000,1048576,4980,911.38
10000,1048576,2772,832.82
10000,102400,3446,128.88
10000,10240,1393,127.42
10000,10240,8545,103.23
10000,1048576,5493,696.80
1000,102400,659,122.38
10000,10240,3995,98.31
10000,10240,1720,107.53
10000,10240,4889,115.87
10000,10240,9366,103.76
10000,102400,1863,114.85
10000,10240,2168,101.52
10000,102400,7979,121.53
10000,102400,4536,117.16
10000,10240,5749,100.18
10000,1048576,5777,837.40
10000,10240,766,112.71
10000,102400,3513,120.42
10000,102400,6014,121.10
10000,10240,5000,103.96
1000,10240,419,103.83
10000,102400,9040,118.10
10000,10240,7431,98.87
10000,102400,2078,117.01
10000,10240,247,98.81
10000,10240,9337,100.62
10000,10240,8684,103.47
10000,1048576,3,813.17
1000,1048576,895,829.45
10000,10240,4596,110.01
1000,10485760,7,3950.46
10000,10240,543,117.68
1000,10485760,635,3572.87
10000,102400,8166,139.30
10000,1048576,6726,1290.03
10000,102400,1369,135.32
10000,1048576,1249,3287.45
10000,10240,3793,200.18
10000,1048576,1701,4094.89
10000,102400,2316,129.13
10000,1048576,876,1934.54
1000,1048576,103,802.53
10000,1048576,8307,1663.22
10000,1048576,339,4898.44
10000,1048576,3994,2891.32
10000,1048576,8311,597.94
10000,10240,1235,424.33
10000,10240,3258,98.04
10000,10240,554,95.98
10000,1048576,4608,866.35
10000,102400,7526,125.97
10000,1048576,8828,808.82
10000,1048576,8262,1804.88
10000,102400,9047,137.89
10000,102400,1103,125.37
10000,1048576,5300,2245.28
10000,102400,7703,117.78
10000,102400,4270,126.16
10000,10240,9419,98.32
10000,10240,1362,98.92
10000,10240,1438,98.38
1000,10240,330,96.77
10000,102400,5315,126.21
10000,1048576,3666,747.06
10000,102400,8252,120.57
10000,102400,9677,122.99
10000,102400,8486,119.32
10000,102400,7242,119.66
10000,102400,2440,117.04
10000,10240,6585,104.97
10000,10240,8148,97.02
10000,1048576,2927,684.83
10000,102400,8721,123.93
1000,10240,693,106.05
10000,102400,388,115.85
10000,1048576,7583,708.98
10000,1048576,510,686.55
10000,1048576,1229,854.56
10000,1048576,7011,512.04
10000,102400,6161,121.83
10000,1048576,2107,536.41
10000,102400,9088,123.31
10000,1048576,9671,713.38
10000,1048576,60,522.64
10000,10240,963,117.24
10000,10240,7994,105.49
10000,102400,2908,108.87
10000,102400,2106,124.49
10000,10240,4464,102.33
10000,102400,4600,118.52
10000,102400,7308,119.20
10000,10240,3115,102.36
10000,102400,7197,118.65
10000,10240,191,111.45
10000,1048576,569,679.23
10000,1048576,7631,778.22
10000,10240,9064,98.11
1000,1048576,302,724.71
1000,102400,330,129.10
10000,102400,4328,106.87
10000,102400,3182,119.61
10000,10240,5196,101.86
10000,1048576,7892,725.73
10000,10240,5170,104.29
10000,102400,3136,110.29
10000,10240,3158,103.93
10000,1048576,9291,726.99
10000,102400,2692,124.76
10000,1048576,2139,670.83
10000,102400,5527,131.49
10000,102400,7519,110.79
10000,10240,954,103.50
10000,10240,5199,102.48
10000,1048576,5450,821.57
10000,10240,8152,100.54
10000,1048576,210,714.73
10000,1048576,8489,694.76
10000,102400,4154,129.82
10000,102400,5071,121.96
10000,1048576,860,683.99
10000,102400,7674,124.62
10000,1048576,2719,753.94
10000,10240,778,108.30
10000,10240,2696,103.11
10000,102400,3268,116.78
10000,10240,3653,98.60
1000,10240,756,101.45
10000,102400,5550,117.13
10000,102400,3340,116.87
10000,102400,507,115.99
10000,10240,458,95.56
10000,10240,5344,97.13
10000,1048576,2852,756.34
10000,102400,17,125.56
10000,1048576,3110,707.63
10000,10240,1542,112.98
10000,102400,7161,125.47
10000,102400,623,120.90
10000,10240,2145,97.69
10000,1048576,3747,734.32
10000,10240,7223,118.28
10000,10240,8696,104.33
10000,10240,1615,100.29
10000,1048576,564,841.61
10000,10240,5555,104.39
10000,102400,8891,118.12
10000,102400,729,114.47
10000,102400,8890,119.78
100,1048576,82,765.94
1000,1048576,633,688.15
10000,102400,9347,136.06
10000,102400,9329,121.32
10000,1048576,7089,707.02
10000,10240,1081,107.03
10000,10240,5739,99.36
10000,102400,8485,117.44
10000,102400,139,120.64
10000,102400,1198,114.76
10000,102400,1044,112.91
10000,102400,9449,126.29
1000,10485760,609,3827.12
10000,10240,7487,108.96
10000,102400,1660,120.16
10000,1048576,9507,984.40
10000,102400,9538,119.41
10000,1048576,8316,591.86
10000,102400,5485,119.45
10000,1048576,414,703.91
10000,1048576,6051,723.67
10000,10240,5543,121.81
10000,10240,1934,98.90
10000,10240,2637,99.94
1000,10240,777,102.35
10000,10240,84,104.81
10000,1048576,7660,755.57
10000,102400,2526,137.90
10000,102400,401,114.96
10000,10240,9215,103.62
10000,1048576,8778,678.49
10000,102400,6045,123.28
10000,102400,8078,116.67
10000,102400,2381,114.46
1000,1048576,783,839.79
10000,10240,7751,106.58
10000,1048576,9561,720.96
10000,102400,8824,137.05
10000,10240,8446,100.28
1000,1048576,945,749.35
1000,102400,559,124.41
10000,10240,8046,100.43
10000,10240,9247,103.12
10000,102400,37,113.21
10000,1048576,2148,706.81
10000,10240,4456,108.31
10000,1048576,2796,703.74
10000,1048576,4919,814.78
10000,102400,2113,124.27
10000,102400,7128,120.96
10000,10240,8829,98.80
10000,10240,1899,99.48
10000,10240,6881,102.72
10000,1048576,130,753.05
10000,1048576,5682,704.74
10000,1048576,5787,682.92
10000,102400,5492,130.74
10000,10240,1107,98.55
1000,1048576,126,728.67
10000,1048576,6784,690.85
10000,10240,814,214.38
10000,10240,6814,114.37
10000,102400,5866,120.24
10000,10240,6687,98.95
1000,10240,132,98.29
1000,10240,377,97.23
10000,10240,2816,94.43
10000,10240,2961,103.47
10000,102400,4950,120.65
10000,1048576,1690,681.35
10000,1048576,4928,684.33
10000,1048576,1298,761.18
10000,10240,4188,110.74
10000,1048576,8955,732.51
10000,102400,3311,126.60
10000,102400,6943,120.01
10000,1048576,9161,680.65
10000,1048576,4713,677.61
10000,1048576,5269,779.81
10000,10240,7555,108.03
10000,10240,9235,105.07
10000,102400,2979,112.89
10000,1048576,4630,814.62
10000,10240,2772,113.72
10000,102400,990,118.84
10000,10240,986,106.96
10000,10240,5286,100.73
10000,10240,8534,116.67
10000,10240,9245,98.11
10000,1048576,4529,683.96
10000,1048576,9308,681.47
10000,1048576,8957,773.10
10000,102400,1404,128.44
10000,10240,8974,103.01
100,104857600,30,32005.21
10000,102400,2560,260.19
10000,1048576,8452,675.99
1000,10485760,126,3894.78
10000,102400,9562,396.57
10000,10240,8266,117.47
10000,1048576,9090,762.06
10000,1048576,568,541.53
10000,1048576,8608,612.12
10000,1048576,3250,520.96
10000,10240,2158,100.80
10000,102400,110,125.17
10000,10240,8111,106.85
10000,102400,1597,121.49
10000,10240,5517,97.82
10000,10240,2684,105.11
1000,102400,631,117.14
10000,10240,4738,97.55
10000,102400,6158,114.39
10000,1048576,6618,770.83
10000,1048576,3714,679.45
10000,10240,2362,105.72
10000,102400,8795,111.58
10000,1048576,4234,774.89
10000,102400,6539,123.01
10000,102400,7984,121.60
1000,10240,36,89.89
10000,10240,2867,95.94
10000,102400,5603,123.52
10000,10240,4193,102.41
10000,1048576,275,694.28
10000,10240,2258,113.33
10000,102400,9458,116.38
10000,102400,8706,117.28
10000,102400,1156,117.03
10000,10240,2740,105.74
10000,102400,6642,120.89
10000,10240,9756,98.06
10000,10240,5430,103.88
10000,1048576,8116,773.71
1000,102400,385,121.15
1000,10240,844,92.62
10000,102400,4976,108.70
10000,1048576,5662,741.61
10000,10240,4685,106.22
10000,10240,167,93.97
10000,10240,9817,101.47
10000,102400,4187,117.60
10000,1048576,2507,719.68
1000,102400,621,123.95
10000,1048576,5256,600.41
10000,102400,6336,114.32
10000,102400,8873,120.28
10000,102400,6441,115.44
1000,1048576,476,732.23
10000,1048576,3283,511.51
10000,102400,7462,115.52
10000,102400,8615,114.85
1000,1048576,774,697.25
10000,10240,1943,108.62
10000,102400,6978,120.40
10000,1048576,166,674.78
10000,1048576,5686,564.93
10000,10240,1170,102.06
10000,1048576,1641,809.12
10000,10240,5605,104.62
1000,10485760,270,3468.77
10000,1048576,8764,806.95
10000,102400,6656,130.00
10000,1048576,6415,734.06
10000,10240,4025,120.79
10000,102400,9471,119.14
10000,10240,4816,99.67
10000,102400,1861,114.68
10000,1048576,9991,769.19
10000,1048576,1033,586.50
10000,1048576,3291,672.25
10000,10240,2779,114.06
10000,1048576,9858,578.83
10000,1048576,5026,540.10
10000,10240,797,104.14
10000,10240,8075,98.91
10000,102400,8316,110.14
10000,10240,8701,101.16
10000,102400,7489,123.67
1000,102400,708,117.33
10000,10240,2775,97.18
10000,1048576,8474,667.93
10000,102400,4122,135.73
10000,102400,4934,111.53
1000,1048576,484,769.08
10000,1048576,2531,559.32
1000,10240,301,109.57
10000,102400,7006,112.40
10000,102400,6369,113.89
1000,102400,340,111.21
10000,10240,5191,101.21
10000,10240,1862,95.19
1000,102400,42,112.36
10000,10240,4015,99.72
1000,1048576,990,774.09
10000,10240,9821,106.80
10000,102400,8497,108.74
10000,10240,8229,97.24
10000,10240,8194,94.74
10000,1048576,1763,812.41
10000,10240,3712,109.20
1000,102400,520,116.47
10000,1048576,1140,669.63
10000,1048576,7878,652.40
1000,1048576,729,557.12
10000,10240,4894,101.98
10000,102400,6473,110.74
10000,102400,1450,114.06
10000,1048576,9719,676.92
10000,102400,6704,124.48
10000,1048576,769,614.54
10000,10240,6607,106.41
10000,1048576,6695,540.78
10000,10240,3633,102.87
10000,102400,203,119.47
10000,102400,8330,116.33
10000,102400,3157,117.27
10000,1048576,3200,769.45
10000,102400,442,126.10
10000,1048576,9435,465.24
10000,1048576,921,677.36
10000,1048576,8621,532.10
10000,102400,5942,122.47
1000,1048576,727,544.38
1000,10240,818,110.11
10000,1048576,4372,487.67
10000,1048576,6539,571.89
1000,1048576,808,502.98
1000,1048576,115,585.54
10000,10240,5948,99.97
10000,10240,983,105.34
1000,10485760,691,3008.64
10000,10240,4580,110.17
10000,1048576,9038,517.03
10000,1048576,8125,724.34
10000,102400,8010,116.09
10000,10240,9300,93.81
10000,1048576,1115,719.50
100,10240,21,115.99
10000,10240,195,94.15
1000,10240,559,96.39
10000,10240,4512,96.24
1000,10240,715,97.45
10000,1048576,8401,703.20
10000,1048576,175,533.73
1000,102400,415,127.57
10000,10240,6668,108.91
10000,102400,2949,120.74
10000,1048576,643,810.30
10000,1048576,5402,510.23
10000,102400,5946,120.47
10000,10240,2548,98.70
10000,10240,1669,99.12
10000,1048576,6823,678.48
10000,10240,9261,160.97
10000,10240,4139,177.05
10000,1048576,5411,660.40
10000,10240,1530,99.80
10000,10240,36,97.91
10000,10240,6688,99.60
10000,102400,8219,114.67
10000,10240,8693,96.16
10000,102400,9609,122.61
10000,10240,477,105.53
10000,1048576,324,767.17
10000,10240,3025,108.20
10000,1048576,1608,517.71
1000,102400,662,120.10
1000,102400,705,119.51
1000,10485760,574,3148.93
10000,102400,5076,130.53
10000,102400,2504,126.70
10000,1048576,186,745.84
10000,102400,6174,128.07
10000,1048576,4656,745.16
10000,102400,1199,135.65
10000,102400,6478,127.55
10000,10240,3402,108.22
10000,102400,7998,113.56
1000,1048576,422,816.77
10000,1048576,3745,747.19
10000,10240,5422,104.96
10000,10240,7586,101.80
10000,102400,6881,121.33
10000,1048576,4726,742.92
10000,1048576,5241,790.62
10000,102400,4469,123.10
10000,1048576,8131,579.75
10000,1048576,8725,645.36
10000,10240,2308,102.09
10000,1048576,7698,646.69
10000,1048576,8261,752.30
10000,102400,4208,129.03
10000,1048576,1774,755.27
1000,1048576,123,683.63
10000,1048576,7044,684.00
10000,1048576,1254,785.86
10000,10240,1293,115.73
10000,10240,4943,101.49
10000,10240,1897,100.01
10000,10240,2068,104.02
10000,1048576,3709,741.84
10000,10240,8491,112.41
10000,10240,8659,99.45
10000,1048576,8135,728.43
10000,102400,7368,128.53
10000,102400,3420,109.34
10000,1048576,7191,700.93
10000,1048576,8610,757.67
10000,10240,5737,111.17
10000,102400,5676,118.94
10000,1048576,1117,755.09
10000,1048576,2359,679.90
1000,102400,439,129.24
10000,10240,8110,98.43
10000,102400,4353,113.16
10000,10240,9580,99.64
10000,102400,6352,110.99
10000,1048576,2522,735.31
10000,102400,9839,123.32
10000,102400,922,118.46
10000,102400,8997,116.55
10000,1048576,2090,826.41
10000,102400,4649,124.14
10000,10240,7613,101.47
10000,10240,227,98.76
10000,1048576,1781,746.33
10000,10240,5745,128.11
10000,10240,807,96.05
10000,1048576,8240,680.29
10000,102400,8254,125.72
1000,102400,544,118.98
10000,10240,2564,98.78
10000,1048576,8869,680.60
10000,102400,3343,123.53
1000,102400,830,109.06
10000,1048576,5273,763.06
10000,10240,6446,103.96
10000,1048576,4390,508.87
10000,10240,4766,101.94
1000,1048576,340,677.64
10000,102400,4926,127.61
100,104857600,63,28401.75
10000,1048576,1427,839.79
10000,1048576,222,688.66
10000,102400,7375,259.07
10000,1048576,1737,738.54
1000,10240,59,103.59
10000,1048576,2203,845.60
10000,102400,4260,137.82
10000,10240,243,102.98
10000,1048576,6969,688.15
10000,10240,5461,120.91
10000,1048576,3738,794.49
10000,1048576,5549,922.88
1000,102400,592,129.53
10000,10240,3639,111.62
10000,102400,6100,132.67
10000,1048576,7683,812.74
10000,102400,6971,138.30
10000,10240,1670,100.90
10000,10240,9057,105.78
10000,10240,1187,108.98
10000,102400,6012,121.80
10000,1048576,484,747.09
1000,102400,401,138.47
10000,102400,9731,120.67
10000,102400,3621,120.87
10000,10240,7093,115.82
10000,10240,7908,107.92
1000,102400,824,119.88
10000,10240,8157,99.58
10000,102400,1984,116.33
10000,102400,9215,119.94
10000,10240,2512,101.52
10000,1048576,8214,740.98
10000,1048576,3517,761.89
10000,10240,5703,110.40
10000,10240,4180,102.91
10000,1048576,4453,726.18
10000,1048576,23,739.49
10000,1048576,8930,879.81
10000,102400,8855,130.01
1000,1048576,239,794.31
10000,1048576,9773,563.41
10000,102400,3047,125.77
10000,10240,297,106.41
10000,10240,7259,103.37
10000,1048576,8886,738.76
10000,102400,4957,128.73
10000,1048576,8750,732.58
10000,10240,3264,112.06
10000,102400,6566,122.58
10000,102400,3299,121.36
1000,1048576,839,826.59
10000,102400,2740,122.98
10000,10240,8985,102.65
10000,1048576,731,698.86
10000,1048576,7042,724.22
10000,10240,9236,120.18
10000,1048576,9534,792.53
10000,1048576,8337,792.50
10000,1048576,5534,719.65
10000,102400,1756,133.12
10000,10240,463,104.42
10000,1048576,7075,699.01
10000,1048576,5164,761.32
10000,10240,2589,106.47
100,10485760,15,4402.23
10000,1048576,4042,904.81
10000,10240,6490,114.80
100,10240,98,105.53
10000,102400,9290,122.29
10000,10240,3388,106.43
100,102400,34,123.42
10000,102400,1427,114.48
1000,10240,908,105.33
10000,10240,655,102.95
10000,102400,9746,115.33
10000,1048576,8424,719.97
10000,1048576,9424,814.93
10000,102400,5730,120.68
10000,1048576,6067,801.63
10000,1048576,6406,705.27
10000,102400,2578,137.50
10000,10240,8095,112.77
10000,1048576,3274,649.96
10000,102400,4895,131.81
1000,10240,880,98.31
10000,10240,7134,101.19
1000,102400,892,123.44
10000,1048576,8631,915.72
1000,10485760,849,4471.84
1000,10485760,776,3420.32
1000,1048576,635,721.53
10000,1048576,1663,828.49
10000,1048576,467,807.89
10000,1048576,1079,835.79
10000,1048576,1757,501.48
10000,1048576,6972,869.61
10000,10240,8981,106.39
10000,102400,5968,129.22
10000,1048576,8577,957.64
10000,102400,8300,158.29
10000,102400,6916,132.20
10000,102400,3209,124.25
10000,10240,9917,96.75
10000,1048576,292,761.36
10000,102400,3972,138.30
10000,102400,7292,116.84
1000,1048576,806,840.98
10000,102400,1668,127.16
10000,10240,2393,104.87
10000,10240,4962,98.16
1000,10240,45,101.62
10000,102400,9611,111.90
10000,10240,1524,105.68
10000,10240,1960,98.42
10000,10240,4577,95.31
10000,1048576,5053,841.99
10000,102400,183,127.72
1000,1048576,793,792.90
10000,10240,1706,107.26
10000,102400,2694,129.51
100,10485760,98,3920.21
10000,10240,5928,116.66
10000,10240,9806,108.41
10000,10240,393,104.15
10000,1048576,1930,717.05
10000,1048576,5436,723.25
1000,1048576,630,583.29
10000,10240,9356,110.93
10000,1048576,9972,716.67
10000,102400,4493,133.37
10000,10240,2720,99.21
10000,10240,4589,104.03
10000,10240,6828,98.24
10000,1048576,1226,735.57
10000,102400,1388,124.19
10000,10240,2576,97.34
10000,10240,2674,96.67
10000,102400,9242,115.25
10000,102400,3836,112.36
10000,1048576,598,828.52
10000,1048576,2196,599.47
10000,10240,231,101.60
10000,1048576,3932,678.31
100,102400,94,118.99
10000,102400,2790,110.44
10000,1048576,817,725.02
10000,102400,2624,126.08
10000,1048576,116,582.48
10000,1048576,8439,789.19
10000,10240,7702,102.23
10000,102400,4878,111.68
10000,10240,8038,101.67
10000,10240,5911,113.84
10000,10240,6948,96.71
10000,1048576,1752,764.43
10000,1048576,759,536.20
10000,102400,802,118.74
10000,1048576,6586,690.90
10000,102400,2515,122.41
1000,10240,476,105.99
10000,1048576,7262,938.94
10000,1048576,6486,567.36
10000,102400,526,121.78
1000,1048576,432,712.76
10000,102400,2264,127.11
10000,1048576,9902,595.13
10000,1048576,3164,684.94
10000,1048576,3940,538.89
10000,1048576,7343,705.46
10000,102400,1569,124.47
1000,10485760,638,4443.55
100,1048576,16,580.53
10000,1048576,3069,766.48
10000,1048576,4765,490.55
10000,10240,9767,105.84
1000,102400,833,116.29
10000,10240,3553,106.53
10000,102400,902,120.74
1000,10485760,633,4410.49
10000,1048576,7899,593.21
10000,102400,7458,117.95
10000,1048576,765,695.89
10000,1048576,5418,483.03
1000,102400,843,114.24
10000,102400,2349,111.22
10000,1048576,3965,793.05
10000,10240,6218,108.15
10000,10240,3784,102.62
10000,1048576,5546,842.16
10000,102400,4855,123.30
10000,1048576,6914,584.90
10000,10240,5039,325.66
1000,10240,579,97.57
10000,10240,5262,96.95
10000,1048576,135,863.90
10000,102400,3308,122.11
10000,1048576,2409,595.80
10000,1048576,7801,681.57
10000,1048576,3203,517.67
10000,10240,4555,104.08
10000,10240,3786,95.29
1000,1048576,77,774.06
10000,102400,7089,121.14
10000,10240,9676,95.16
10000,102400,6266,113.30
1000,10485760,144,4301.25
10000,10240,6751,112.83
10000,10240,2605,94.89
10000,1048576,4842,777.68
10000,102400,9970,125.39
10000,10240,823,152.88
10000,10240,8129,93.19
10000,102400,5987,110.40
10000,102400,4339,118.48
10000,1048576,3057,742.59
10000,1048576,6878,616.72
10000,102400,4253,122.97
10000,1048576,5784,737.62
1000,10485760,947,4289.49
10000,1048576,1513,624.24
10000,102400,6415,130.75
10000,102400,4730,116.28
10000,102400,5757,125.18
10000,1048576,5542,722.67
1000,102400,299,125.71
10000,1048576,5678,777.70
10000,102400,8724,126.06
1000,10485760,142,4238.75
10000,1048576,708,933.55
10000,10240,7041,113.53
10000,1048576,4190,832.46
10000,1048576,3483,807.66
10000,10240,8515,109.40
10000,10240,6342,93.90
10000,1048576,4742,821.90
10000,10240,419,114.84
1000,102400,429,118.61
10000,10240,7027,101.84
10000,10240,4892,110.89
10000,10240,2757,99.40
10000,102400,4688,117.97
10000,102400,3381,120.90
10000,102400,2351,110.56
10000,102400,3361,127.14
10000,1048576,172,682.66
10000,10240,2647,108.69
1000,10485760,613,3780.56
10000,102400,2533,136.21
10000,102400,8509,139.59
10000,1048576,6841,797.30
1000,102400,956,126.21
1000,102400,743,114.55
10000,102400,4105,119.14
10000,102400,1724,116.80
10000,10240,6790,100.42
10000,1048576,9168,842.18
100,102400,16,129.65
10000,102400,46,881.48
10000,1048576,3598,772.38
10000,10240,3189,100.99
10000,1048576,6202,797.43
10000,10240,7185,109.02
10000,1048576,6001,817.89
10000,1048576,3441,748.58
10000,1048576,2010,719.91
100,10485760,65,3076.40
10000,102400,7696,128.89
10000,1048576,3978,575.67
10000,1048576,3343,786.76
10000,10240,1121,122.76
10000,10240,3716,95.38
10000,10240,7430,99.25
10000,102400,1135,113.44
10000,102400,6147,115.55
10000,10240,3484,99.38
10000,10240,3872,97.40
10000,10240,2500,99.89
10000,10240,9920,99.44
10000,102400,6495,112.24
10000,10240,5627,106.11
10000,102400,2441,123.05
10000,102400,8520,123.10
10000,1048576,5025,767.86
10000,1048576,7742,738.77
10000,1048576,4429,952.72
1000,10240,714,111.75
10000,10240,8539,108.61
10000,102400,7858,115.36
10000,1048576,1110,756.35
10000,102400,1255,180.79
10000,102400,4819,109.39
10000,1048576,9856,774.05
10000,102400,6860,164.91
1000,1048576,473,663.83
10000,10240,6425,117.12
1000,102400,354,120.08
1000,10485760,388,4240.48
10000,102400,2127,132.63
10000,102400,1854,116.60
10000,10240,871,106.41
10000,10240,6700,268.55
1000,10485760,304,3064.59
1000,102400,669,202.93
10000,1048576,9993,824.04
10000,10240,808,106.18
10000,1048576,1879,831.49
10000,102400,3376,125.50
10000,1048576,297,879.76
10000,1048576,2190,875.80
10000,1048576,7055,902.51
10000,102400,4795,135.01
1000,1048576,36,757.58
10000,102400,8428,123.46
1000,102400,103,123.56
10000,1048576,8195,704.09
10000,102400,7967,123.93
1000,10240,382,110.86
10000,1048576,4935,707.78
10000,10240,2891,104.57
10000,10240,3304,99.98
10000,10240,3243,104.34
10000,10240,1302,101.05
10000,1048576,1756,720.87
100,1048576,11,549.37
10000,1048576,1136,683.24
10000,102400,3514,135.19
10000,10240,5751,105.58
10000,102400,5490,116.44
10000,10240,8855,102.27
100,1048576,58,717.20
10000,102400,1607,120.39
10000,1048576,6953,688.04
10000,1048576,8703,754.24
10000,10240,9427,111.67
10000,102400,1927,113.22
10000,10240,9192,106.27
10000,1048576,8834,813.46
10000,10240,8353,113.62
10000,1048576,9177,713.98
10000,102400,7539,119.63
10000,102400,8108,116.80
10000,102400,5215,127.91
10000,102400,8989,113.68
10000,102400,5881,117.16
10000,10240,3637,103.91
10000,10240,6231,102.81
10000,102400,4945,118.55
10000,1048576,2177,782.88
10000,102400,1803,122.56
10000,1048576,2649,689.83
10000,10240,2040,106.76
10000,102400,5889,130.73
10000,102400,6962,121.24
10000,102400,6541,116.51
10000,1048576,4034,788.33
10000,10240,5653,111.03
10000,1048576,7836,780.41
10000,10240,4951,104.88
10000,1048576,9776,899.93
10000,10240,5529,107.47
10000,1048576,7150,871.99
10000,102400,1880,123.84
10000,10240,8783,102.41
10000,102400,8533,111.71
10000,1048576,6254,716.75
10000,1048576,8514,549.44
10000,102400,2559,120.62
10000,102400,4107,120.03
10000,102400,1429,115.71
10000,1048576,5902,730.98
1000,10240,47,106.24
10000,1048576,3315,479.76
10000,102400,3184,119.98
10,1048576,9,704.43
10000,10240,6247,113.80
10000,1048576,9916,535.09
10000,10240,434,102.35
1000,102400,963,119.67
10000,10240,5873,100.38
10000,102400,6811,118.72
10000,1048576,6009,737.08
10000,1048576,9895,498.37
10000,102400,2022,118.24
1000,10240,560,96.97
10000,10240,9110,119.14
10000,10240,2002,108.60
10000,1048576,9742,932.93
10000,102400,1680,128.84
10000,10240,7504,98.79
10000,102400,4616,115.48
10000,102400,8650,114.99
10000,102400,3465,118.52
10000,10240,8313,103.44
1000,10240,155,102.45
10000,10240,5238,98.36
10000,10240,3366,101.86
10000,10240,361,101.54
10000,102400,1071,125.38
10000,1048576,5684,777.82
10000,10240,8856,99.14
10000,102400,7902,115.77
10000,1048576,4539,757.94
10000,1048576,7172,468.90
10000,10240,7771,101.46
10000,1048576,1576,693.16
10000,10240,6947,106.63
10000,102400,3232,126.11
10000,102400,6546,119.35
10000,1048576,4774,779.35
10000,1048576,3421,551.50
10000,10240,8376,103.57
10000,102400,3786,114.11
10000,10240,6003,104.73
1000,10240,338,97.86
10000,102400,6689,108.84
1000,10485760,149,3213.53
10000,102400,1405,133.04
10000,1048576,4,541.50
10000,10240,64,112.99
10000,102400,8241,109.46
1000,102400,719,107.31
10000,10240,6266,103.76
100,10240,38,105.41
10000,1048576,8768,710.58
10000,102400,621,116.01
10000,1048576,9106,529.72
10000,1048576,9819,596.40
10000,1048576,9924,528.56
10000,1048576,4085,776.80
10000,1048576,209,642.10
10000,10240,8394,103.31
10000,1048576,5191,516.95
10000,1048576,9083,755.84
10000,1048576,4331,653.47
10000,10240,2035,100.49
10000,10240,4593,96.17
10000,102400,6657,115.83
10000,102400,9965,133.15
10000,102400,5930,116.48
10000,10240,1590,95.89
10000,1048576,1605,718.56
10000,10240,3473,108.14
10000,1048576,6660,476.00
10000,1048576,7321,730.24
10000,102400,9432,127.14
10000,102400,2006,120.99
100,10485760,22,4042.18
10000,1048576,5465,515.91
10000,102400,2015,124.09
10000,10240,2395,100.48
10000,102400,6353,124.35
10000,1048576,8405,680.39
10000,10240,2912,103.23
10000,102400,8742,114.94
10000,102400,7940,114.33
10000,102400,4453,118.90
10000,10240,2440,97.10
10000,10240,5677,94.43
10000,102400,8389,110.59
10000,10240,4969,121.21
10000,10240,3132,102.57
100,10485760,83,3750.16
10000,102400,4381,128.68
1000,102400,884,114.60
1000,1048576,322,676.89
10000,102400,155,125.11
10000,10240,9731,101.75
10000,102400,2409,114.88
1000,1048576,416,714.16
10000,10240,2923,111.52
10000,10240,5530,99.76
1000,1048576,571,800.95
10000,102400,3171,121.14
10000,10240,3942,101.01
10000,102400,3992,111.98
10000,10240,9630,99.75
10000,10240,6430,100.41
10000,102400,1877,119.99
10000,10240,9214,94.14
10000,10240,9930,96.84
10000,1048576,8973,859.67
10000,1048576,2512,699.82
10000,1048576,2219,732.23
10000,102400,4317,118.13
10000,102400,7671,104.42
10000,102400,5112,115.67
10000,10240,1694,103.71
10000,1048576,2769,746.57
10000,102400,8792,120.73
10000,10240,8501,101.64
10000,10240,9047,105.15
10000,102400,3392,112.40
10000,102400,9838,110.15
10000,10240,2497,93.67
10000,1048576,4918,751.32
10000,102400,5381,126.31
10000,1048576,5004,662.71
10000,102400,3907,130.14
1000,1048576,205,696.46
10000,102400,3846,120.66
10000,10240,1796,104.21
10000,10240,9194,112.61
10000,10240,8034,99.12
10000,10240,8780,104.26
10000,10240,7116,100.12
1000,1048576,458,783.46
10000,10240,2407,107.95
10000,102400,4771,123.39
100,1048576,26,785.97
10000,10240,4834,103.81
10000,1048576,6433,670.70
10000,10240,6057,94.64
10000,10240,3385,102.85
10000,102400,1962,114.96
10000,1048576,8683,664.52
10000,102400,4925,121.97
10000,10240,5655,104.12
10000,102400,1581,112.75
10000,1048576,7615,778.40
10000,10240,3250,106.24
10000,10240,3622,112.40
10000,1048576,6827,786.92
10000,10240,1813,104.55
10000,102400,8063,117.69
10000,10240,1675,99.06
10000,10240,9507,98.95
10000,1048576,7387,604.85
10000,1048576,4375,710.87
10000,10240,8304,117.89
10000,102400,8384,114.91
10000,102400,537,112.25
10000,10240,367,97.97
10000,10240,5822,96.85
10000,102400,8617,116.09
1000,10485760,269,3983.97
10000,102400,8302,132.28
10000,10240,2087,121.66
10000,10240,481,99.11
1000,102400,875,118.94
10000,10240,8032,101.08
10000,10240,5134,96.91
10000,1048576,33,748.53
10000,10240,3457,108.22
10000,102400,5906,125.26
10000,1048576,5398,703.07
10000,1048576,9968,700.05
10000,1048576,8133,796.49
10000,10240,8745,108.47
10000,1048576,7059,580.13
10000,1048576,8928,847.71
10000,10240,5536,107.77
10000,1048576,3525,561.52
10000,102400,6082,314.80
1000,10485760,665,3903.51
10000,102400,7759,119.86
10000,1048576,2012,546.47
10000,10240,3778,103.08
10000,102400,5031,116.41
10000,1048576,9521,764.20
10000,102400,5010,120.28
10000,1048576,3736,584.30
10000,10240,8086,104.72
10000,1048576,5291,730.86
10000,10240,5393,100.75
10000,102400,153,117.89
10000,1048576,7168,756.23
10000,1048576,2106,692.08
10000,1048576,7828,695.83
10000,102400,7345,124.18
10000,102400,8864,121.27
10000,10240,8916,102.17
10000,10240,7236,98.89
10000,10240,8178,94.22
10000,10240,921,106.81
10000,10240,8939,100.87
10000,1048576,774,759.32
10000,102400,1732,126.92
10000,1048576,247,769.91
10000,102400,9531,125.46
100,1048576,38,690.69
10000,10240,1926,107.77
10000,1048576,5774,481.17
10000,1048576,3749,744.86
10000,1048576,966,781.98
10000,102400,906,127.17
1000,10240,40,103.28
10000,10240,7589,101.98
10000,102400,4454,110.82
10000,10240,6495,103.53
10000,10240,3590,96.28
10000,1048576,325,669.44
10000,102400,6025,130.16
10000,102400,6636,118.00
10000,102400,2990,118.19
10000,102400,9689,110.00
10000,102400,7853,128.12
10000,102400,7517,115.86
1000,102400,382,118.09
10000,102400,120,119.86
1000,102400,460,115.96
10000,1048576,8620,751.71
10000,1048576,7925,779.73
10000,10240,78,112.79
10000,1048576,5481,771.93
10000,10240,3693,108.10
10000,1048576,8837,677.57
10000,1048576,432,611.71
10000,10240,9760,99.82
10000,10240,27,90.73
10000,102400,9335,125.53
10000,1048576,5406,887.10
10000,10240,7796,106.09
10000,102400,2626,117.81
10000,102400,9231,129.78
10000,10240,990,96.66
10000,1048576,3386,786.78
10000,10240,6361,108.83
10000,102400,9762,113.66
10000,102400,6621,113.05
1000,10240,259,103.43
10000,102400,5657,114.66
10000,10240,5194,93.49
10000,10240,588,98.49
10000,102400,8916,120.74
10000,102400,9092,113.83
10000,10240,2699,101.91
10000,102400,9205,116.39
10000,102400,2759,112.78
10000,1048576,6053,698.75
10000,102400,9169,134.72
10000,1048576,8558,737.43
10000,10240,763,111.63
10000,1048576,563,748.73
10000,10240,9197,106.85
10000,102400,541,120.78
10000,1048576,7738,818.09
10000,10240,3347,106.22
10000,102400,2630,122.87
1000,102400,923,111.32
10000,1048576,7426,673.99
10000,10240,8774,107.93
10000,102400,2495,118.75
10000,102400,7629,117.40
10000,102400,169,114.14
10000,1048576,257,721.09
10000,102400,8839,133.76
10000,10240,6326,99.66
10000,1048576,5783,801.67
10000,102400,3220,118.65
10000,1048576,7773,921.81
10000,102400,1377,130.58
10000,1048576,6065,510.01
10000,10240,5185,107.82
1000,10485760,230,3019.97
10000,10240,9492,108.65
10000,1048576,3182,638.50
10000,1048576,8738,777.20
10000,10240,319,118.41
10000,1048576,8831,717.04
10000,10240,1581,107.64
10000,10240,5338,100.12
10000,102400,3433,109.75
10000,102400,4460,113.95
10000,1048576,8008,688.14
10000,1048576,4609,875.92
10000,10240,4620,125.86
10000,1048576,6238,815.27
1000,1048576,576,822.18
10000,10240,2462,113.03
10000,102400,9742,113.37
10000,1048576,9977,729.86
10000,10240,5761,140.98
10000,10240,7999,103.99
10000,102400,6093,123.27
10000,102400,5509,119.68
10000,102400,3131,133.01
10000,102400,125,123.13
10000,10240,8199,108.32
10000,10240,6860,102.31
10000,10240,7524,103.39
10000,1048576,303,854.77
10000,10240,1902,116.08
10000,102400,7574,117.75
10000,102400,7882,118.69
10000,102400,8526,137.21
10000,1048576,7391,669.73
10000,1048576,858,667.87
10000,1048576,7745,805.17
10000,102400,6647,157.92
10000,102400,8079,198.02
10000,1048576,7084,743.23
10000,10240,6075,127.23
10000,10240,4779,104.07
1000,10240,405,103.11
10000,10240,7490,104.58
10000,102400,2705,128.50
10000,1048576,5647,727.27
10000,10240,2880,116.55
1000,1048576,868,524.14
10000,10240,2098,104.22
10000,10240,6608,103.32
1000,10240,807,107.76
10000,10240,810,102.85
10000,102400,3596,120.64
10000,1048576,2658,786.69
10000,1048576,7573,591.09
10000,10240,2162,116.70
10000,10240,3970,101.26
1000,10240,593,104.49
1000,1048576,438,771.82
10000,1048576,9413,753.22
10000,10240,6941,112.88
10000,1048576,8241,805.11
10000,102400,8803,130.73
10000,102400,7612,126.60
10000,10240,3972,106.12
10000,102400,2238,126.61
10000,102400,5056,121.25
10000,10240,3951,113.28
1000,10485760,698,3826.85
10000,10240,9495,133.81
10000,10240,7002,106.28
10000,102400,469,125.28
10000,10240,6748,111.30
10000,1048576,3280,728.73
10000,10240,5352,115.77
10000,10240,7068,104.34
10000,1048576,805,820.38
100,102400,63,156.96
10000,102400,6248,119.07
10000,10240,8274,99.09
10000,102400,1536,108.38
10000,10240,5160,99.54
10000,102400,5443,108.70
1000,1048576,597,714.35
10000,10240,255,111.63
10000,102400,6659,114.09
10000,1048576,296,788.71
10000,10240,582,116.71
10000,1048576,4118,840.47
1000,102400,423,133.91
10000,102400,1304,120.58
10000,10240,1838,113.75
10000,102400,6584,122.71
10000,10240,4321,108.77
10000,10240,8978,103.00
10000,10240,2666,107.46
10000,10240,8209,120.11
10000,1048576,336,708.11
10000,102400,8297,127.10
10000,10240,6399,97.84
10000,10240,7303,105.15
10000,1048576,3235,774.95
10000,10240,5767,112.12
10000,102400,7553,118.65
10000,10240,7710,106.43
10000,1048576,9578,698.29
10000,102400,2334,133.32
10000,1048576,5527,751.33
10000,102400,4587,128.84
10000,1048576,3016,784.16
10000,10240,1276,111.27
10000,102400,1998,122.07
1000,10485760,271,4249.93
10000,102400,6638,137.19
10000,10240,4400,109.90
1000,10240,581,106.86
10000,102400,370,121.11
10000,10240,4164,109.95
10000,10240,796,100.72
10000,10240,1768,103.74
10000,1048576,1107,721.09
10000,1048576,5044,522.78
10000,1048576,4373,752.68
10000,1048576,6313,750.58
10000,10240,8870,113.51
1000,10240,832,113.09
10000,1048576,9753,706.27
1000,1048576,848,719.40
10000,102400,3558,133.00
10000,102400,3072,117.07
10000,102400,481,113.84
10000,10240,2527,98.47
10000,1048576,3963,798.73
10000,102400,7499,127.03
10000,102400,3725,118.64
10000,102400,7963,114.68
10000,1048576,8038,793.21
1000,10240,564,109.78
10000,10240,551,104.04
10000,102400,8366,119.00
10000,1048576,2775,699.24
10000,1048576,8280,761.82
10000,10240,8643,109.68
10000,10240,7092,101.34
10000,102400,3336,127.81
10000,10240,8348,102.85
10000,10240,1589,99.22
10000,10240,2384,116.33
10000,10240,1363,99.53
10000,10240,5548,100.13
10000,1048576,7833,798.70
10000,1048576,5385,757.61
1000,102400,717,127.56
10000,10240,7700,96.59
10000,102400,6454,116.42
10000,102400,9696,117.34
10000,102400,4575,188.45
10000,102400,5336,116.67
10000,10240,5276,99.32
10000,10240,3267,94.87
10000,10240,8652,118.70
10000,1048576,131,782.09
10000,1048576,6201,733.38
1000,10240,963,181.72
10000,102400,9831,129.22
10000,1048576,7157,752.28
1000,102400,273,126.69
10000,102400,8015,125.38
10000,10240,6502,110.86
10000,102400,6573,114.11
10000,10240,8218,102.51
10000,10240,5396,102.81
10000,102400,7206,131.84
10000,10240,1485,98.98
10000,1048576,2167,736.89
10000,102400,9018,140.64
10000,10240,869,102.90
10000,10240,4361,99.47
10000,10240,3292,104.75
10000,1048576,1507,684.27
10000,102400,1171,128.08
10000,10240,1347,101.27
10000,102400,8829,117.16
10000,10240,7920,106.46
10000,1048576,865,687.51
10000,102400,9933,121.66
10000,10240,9968,107.23
10000,10240,3077,101.05
10000,10240,1660,95.85
10000,1048576,8387,751.70
10000,102400,9894,120.47
10000,10240,8781,101.23
10000,1048576,7959,740.25
10000,1048576,7198,664.59
10000,10240,372,115.38
1000,10485760,236,3117.46
10000,1048576,7365,539.41
10000,102400,1322,135.14
10000,1048576,3728,780.47
10000,1048576,1773,694.24
10000,102400,7564,125.76
10000,10240,3195,95.61
10000,1048576,7470,734.90
1000,10240,923,111.77
10000,1048576,9892,813.31
10000,10240,5013,143.08
10000,1048576,5554,930.76
1000,10485760,876,3095.77
1000,10240,509,110.93
10000,1048576,4661,842.25
10000,10240,213,112.36
10000,10240,1889,102.37
10000,102400,3046,119.36
10000,102400,9084,119.26
10000,102400,2738,118.06
10000,10240,3856,95.55
10000,102400,7041,113.50
10000,1048576,866,773.14
1000,10240,159,107.76
10000,102400,3819,118.62
10000,1048576,9876,749.89
10000,10240,758,117.06
10000,10240,9428,102.75
10000,10240,473,105.87
10000,10240,9961,97.18
10000,1048576,9228,783.48
10000,102400,6054,126.98
10000,1048576,4606,748.66
10000,102400,6240,122.01
10000,10240,6753,107.82
10000,1048576,694,777.40
10000,1048576,7047,776.75
10000,10240,7934,111.51
10000,1048576,8358,552.17
10000,1048576,3338,807.09
10000,10240,37,112.69
10000,102400,6124,112.51
10000,102400,9896,114.52
10000,1048576,1563,742.86
10000,1048576,3899,1269.35
10000,102400,8188,128.09
10000,102400,5704,111.23
10000,10240,2501,101.87
10000,10240,3823,99.23
10000,1048576,950,861.09
10000,10240,8016,110.86
1000,10240,178,111.41
10000,1048576,9673,777.97
10000,102400,2703,136.69
10000,10240,2301,97.50
1000,1048576,605,759.77
10000,10240,8449,108.07
10000,1048576,7208,751.46
10000,10240,1482,106.84
10000,10240,1373,100.50
10000,10240,2043,100.61
1000,10240,784,101.92
10000,102400,71,124.98
10000,1048576,2354,693.05
10000,10240,2038,140.27
10000,10240,3,98.81
10000,10240,6037,107.45
10000,10240,5417,99.81
10000,1048576,3716,855.52
10000,102400,4487,135.26
10000,102400,5212,121.83
1000,10485760,9,4087.48
10000,10240,2832,119.15
10000,10240,9073,107.86
10000,102400,7592,114.61
10000,10240,193,109.71
10000,10240,7625,108.74
10000,10240,3644,103.67
1000,1048576,389,793.65
10000,1048576,5723,522.76
10000,102400,208,120.33
10000,10240,1504,98.87
10000,10240,7275,100.28
10000,1048576,6874,685.19
10000,102400,6040,126.75
10000,1048576,7007,610.03
10000,1048576,6971,526.74
10000,1048576,5541,765.80
10000,10240,9374,123.07
10000,10240,7265,101.50
10000,1048576,5950,781.32
10000,1048576,2255,667.42
10000,10240,4327,110.19
10000,10240,3335,94.65
10000,1048576,2990,775.14
10000,102400,1190,138.99
10000,10240,9748,103.50
10000,102400,5231,122.63
10000,102400,9818,121.42
10000,1048576,945,740.33
1000,10240,391,114.79
10000,10240,3231,102.53
10000,102400,5890,129.82
1000,10240,758,105.85
10000,10240,2013,113.88
10000,1048576,9899,781.35
10000,102400,7993,134.03
10000,1048576,9823,515.10
10000,102400,3132,159.67
10000,102400,924,122.99
10000,102400,6569,121.23
10000,1048576,5763,875.22
10000,10240,2984,115.27
10000,10240,4227,98.25
1000,1048576,603,715.14
1000,102400,104,130.01
10000,10240,1428,96.34
10000,102400,566,113.45
1000,10485760,132,3128.49
10000,102400,5029,131.23
1000,1048576,917,720.14
10000,102400,7573,135.83
10000,10240,3954,106.07
10000,1048576,7619,731.25
10000,1048576,9935,770.53
10000,102400,8192,130.98
10000,102400,6878,122.56
10000,102400,9489,124.64
10000,102400,5823,121.73
10000,1048576,1715,730.43
10000,1048576,7019,776.69
10000,102400,8985,177.90
10000,102400,346,137.75
10000,10240,6257,116.47
10000,10240,7072,122.32
10000,102400,5457,119.26
10000,102400,5450,121.13
10000,10240,3918,102.92
1000,102400,561,117.80
10000,102400,6693,114.64
10000,102400,2924,119.92
10000,1048576,8552,724.16
10000,10240,2556,117.72
10000,102400,6807,140.46
10000,1048576,1022,711.87
10000,1048576,3880,767.18
10000,102400,8395,131.94
10000,102400,429,125.13
10000,1048576,1245,823.89
10000,102400,4345,126.83
10000,102400,8534,118.76
10000,1048576,4081,707.72
10000,1048576,9779,652.72
10000,10240,3903,103.35
10000,10240,6039,106.23
10000,1048576,8455,738.97
1000,102400,937,131.42
10000,102400,7579,120.45
100,10240,24,116.20
10000,10240,8174,106.34
10000,102400,9245,118.93
10000,1048576,4097,834.48
10000,10240,6111,117.53
10000,1048576,2524,711.02
10000,102400,406,134.03
1000,10240,721,108.15
1000,10240,511,107.44
1000,10240,83,109.97
10000,1048576,9263,735.83
10000,10240,1978,115.99
10000,1048576,3796,566.75
10000,1048576,1519,745.42
10000,1048576,3285,4051.06
100,10485760,50,3300.90
10000,102400,7865,221.91
10000,10240,4173,93.70
1000,10485760,713,3780.80
10000,10240,9181,118.36
10000,10240,2286,103.82
10000,102400,907,124.26
10000,102400,3349,119.27
10000,10240,7952,99.64
10000,102400,1859,121.91
10000,1048576,8488,880.88
10000,10240,5104,109.70
10000,1048576,6731,751.33
1000,10485760,47,3117.37
10000,1048576,9056,725.77
10000,1048576,849,753.61
10000,1048576,5670,817.56
10000,1048576,1843,676.58
10000,1048576,483,784.10
10000,1048576,2786,803.41
10000,1048576,5510,716.81
10000,1048576,4899,694.02
1000,10485760,719,1895.78
100,1048576,84,792.47
10000,1048576,3143,740.81
10000,10240,3306,109.53
10000,102400,6533,113.33
10000,1048576,3936,699.35
10000,10240,3237,116.49
10000,1048576,4377,765.17
10000,102400,2200,131.34
10000,102400,4787,117.60
10000,102400,8179,118.54
10000,10240,2969,101.28
1000,102400,451,128.43
10000,102400,3080,111.08
10000,1048576,4984,762.20
10000,10240,4519,112.05
10000,1048576,9914,744.70
10000,102400,1868,132.26
10000,102400,793,128.88
1000,102400,351,119.38
10000,10240,2310,107.53
10000,102400,9445,117.81
10000,102400,2027,114.31
1000,102400,41,116.94
10000,102400,8340,113.12
10000,102400,565,109.49
10000,1048576,8344,1123.21
10000,102400,3529,130.96
10000,1048576,6127,734.30
10000,1048576,5021,804.02
10000,1048576,4515,830.74
10000,102400,3645,220.90
10000,10240,8917,104.61
10000,1048576,2429,884.46
10000,10240,6179,108.03
10000,10240,4945,102.63
10000,1048576,6427,681.40
10000,1048576,1725,720.02
10000,1048576,2158,22090.58
10000,1048576,8172,981.24
10000,1048576,8467,825.14
10000,10240,6023,246.94
10000,1048576,8160,796.20
10000,10240,6991,101.23
10000,10240,5351,143.33
10000,1048576,1610,750.09
10000,102400,7011,115.77
100,10485760,11,3406.86
10000,1048576,2905,760.21
10000,1048576,3278,763.07
10000,1048576,495,845.82
10000,1048576,8690,729.44
10000,102400,8515,147.87
10000,102400,2850,121.25
1000,102400,133,125.73
1000,10485760,231,3469.52
10000,10240,8068,115.07
1000,10485760,202,4374.57
10000,1048576,1741,703.05
10000,102400,5233,240.68
10000,1048576,7961,937.79
10000,10240,5348,107.25
10000,10240,6667,105.35
10000,10240,6821,92.28
10000,102400,9867,126.08
10000,10240,1830,101.77
10000,102400,8436,112.77
10000,102400,9094,113.26
100,102400,3,121.64
1000,10240,145,103.54
10000,1048576,6153,700.18
10000,102400,2995,131.35
10000,102400,1837,120.68
1000,10240,372,106.58
10000,1048576,8165,940.10
10000,1048576,6764,752.10
1000,10240,204,105.55
10000,102400,148,126.69
1000,1048576,493,709.35
10000,1048576,9470,682.02
10000,10240,6298,109.31
10000,10240,4267,96.41
10000,102400,2632,114.40
10000,10240,376,99.46
10000,102400,8736,116.47
10000,10240,8404,117.03
10000,1048576,9276,866.82
1000,10240,719,108.36
10000,102400,8469,121.01
10000,1048576,3412,780.18
10000,102400,5208,128.63
10000,1048576,6553,667.51
1000,1048576,57,838.84
10000,1048576,4739,789.46
10000,102400,4906,123.49
10000,10240,4234,104.52
10000,10240,7550,105.36
1000,10240,590,102.16
10000,102400,1082,114.42
10000,1048576,4621,772.34
10000,102400,5673,142.69
10000,102400,8205,112.14
10000,1048576,4949,811.03
10000,1048576,5331,842.74
1000,10240,658,109.44
10000,1048576,3690,520.61
10000,1048576,4407,760.75
10000,1048576,2362,1401.69
10000,10240,9555,108.91
10000,102400,1686,103.14
10000,102400,5587,116.35
1000,10240,980,104.67
10000,1048576,5417,2437.70
10000,102400,6156,117.12
10000,102400,9555,112.44
10000,10240,9622,97.54
10000,1048576,7666,1900.57
10000,10240,6417,103.32
10000,10240,3199,99.21
10000,102400,1146,111.43
10000,102400,6628,113.43
10000,10240,2166,101.10
10000,1048576,2854,1301.42
10000,102400,3700,145.55
10000,1048576,360,835.81
10000,1048576,3144,670.67
10000,1048576,584,1025.01
10000,10240,8617,115.18
10000,1048576,1244,742.07
10000,10240,7234,109.75
10000,102400,1783,120.43
10000,102400,7424,119.02
10000,1048576,9620,695.31
10000,1048576,4265,681.26
10000,1048576,1324,849.34
10000,102400,3078,133.13
1000,1048576,30,864.35
10000,1048576,8700,1148.94
10000,10240,4749,109.54
10000,1048576,381,1505.29
1000,1048576,224,1750.65
10000,10240,4170,114.56
10000,1048576,6859,2566.24
10000,10240,6677,114.77
10000,10240,9281,106.06
10000,102400,5415,118.44
10000,1048576,7782,1618.18
10000,10240,6649,104.67
10000,102400,2074,117.38
10000,10240,8530,102.63
10000,10240,2371,107.21
10000,1048576,6843,1772.22
10000,1048576,7884,1189.12
10000,10240,3300,106.22
10000,1048576,6797,1276.21
10000,102400,4754,132.53
10000,1048576,8819,1036.68
10000,10240,748,116.25
10000,102400,4472,121.34
10000,10240,9472,107.68
10000,102400,969,121.83
10000,1048576,6595,933.67
1000,1048576,991,740.61
10000,102400,2716,121.99
10000,10240,665,109.64
10000,10240,7209,95.89
10000,1048576,7668,825.26
10000,1048576,3192,1074.93
1000,10240,932,115.08
10000,10240,3618,98.61
10000,10240,4928,91.75
10000,102400,2344,112.41
10000,1048576,6920,1610.64
10000,10240,1416,104.12
10000,10240,6090,221.26
10000,1048576,1541,1997.68
10000,10240,4178,204.26
10000,10240,9892,268.01
10000,1048576,4464,2653.04
1000,102400,917,126.50
10000,10240,4933,104.36
10000,10240,4689,96.30
10000,1048576,7630,2427.95
10000,102400,2318,130.10
10000,102400,3213,219.13
10000,1048576,5857,1416.12
1000,10240,659,103.36
10000,10240,9076,101.03
10000,1048576,2052,2150.06
10000,102400,4576,120.42
10000,102400,6265,110.11
10000,10240,733,100.02
10000,10240,6485,97.11
10000,1048576,3312,1415.44
10000,102400,4677,126.46
10000,10240,2190,100.49
10000,1048576,4207,1700.98
10000,10240,3577,110.84
10000,10240,5651,99.98
10000,102400,4847,115.46
10000,1048576,7464,1790.72
10000,1048576,9518,2746.13
10000,1048576,2799,2736.30
10000,1048576,1499,2020.90
10000,102400,3489,139.53
10000,10240,1067,103.55
10000,102400,2422,107.21
10000,102400,6123,115.40
10000,10240,3167,98.08
10000,1048576,5350,999.69
10000,10240,9108,108.44
10000,10240,6445,103.16
10000,1048576,3930,1752.09
10000,102400,9963,133.98
10000,102400,2287,117.42
10000,10240,8029,104.69
1000,10240,797,97.77
10000,10240,5086,97.44
10000,102400,4368,117.09
10000,10240,6779,101.83
10000,10240,1041,104.06
10000,102400,8748,118.97
10000,10240,294,99.11
10000,10240,4426,97.08
10000,1048576,979,1097.87
10000,10240,9470,109.62
10000,1048576,2536,939.44
10000,10240,3974,110.60
10000,10240,3255,99.53
10000,102400,8401,119.97
10000,10240,4763,102.58
10000,102400,5142,114.94
10000,10240,8908,101.76
10000,10240,3827,100.20
10000,1048576,332,751.32
1000,10485760,924,1878.83
10000,102400,6494,126.73
10000,1048576,1759,806.93
10000,10240,8828,99.43
10000,1048576,1790,1035.28
10000,10240,3374,107.18
10000,102400,7171,112.44
10000,10240,6436,99.21
10000,1048576,7432,1242.66
10000,10240,3504,108.93
1000,102400,573,123.12
10000,10240,5638,97.63
10000,1048576,1654,1347.33
1000,10485760,552,5571.97
10000,102400,4003,121.15
10000,102400,5763,115.46
10000,10240,3488,102.46
10000,102400,2693,115.20
10000,10240,4868,99.10
10000,102400,2673,112.37
10000,1048576,2502,1400.24
10000,102400,4256,127.09
10000,102400,9321,111.65
10000,102400,8642,120.08
10000,102400,2473,114.77
10000,10240,8457,100.13
10000,102400,292,111.17
10000,102400,440,127.82
10000,10240,2690,96.89
10000,1048576,2099,952.72
10000,102400,1858,121.85
10000,102400,8374,115.71
10000,1048576,7746,1090.56
10000,1048576,1810,712.43
1000,1048576,555,1002.77
10000,10240,5839,102.36
10000,1048576,286,1172.80
10000,1048576,1005,1562.86
10000,102400,9952,124.77
10000,10240,5117,110.70
10000,10240,9412,100.10
10000,10240,5390,95.48
10000,10240,4578,96.93
10000,1048576,8843,1195.66
10000,10240,1216,103.07
1000,10485760,490,8098.34
10000,1048576,9438,1404.68
10000,1048576,4483,1762.89
10000,10240,4129,112.33
1000,10240,821,90.08
1000,1048576,641,1695.52
10000,1048576,1395,2213.00
10000,1048576,2627,1251.18
10000,1048576,558,1728.88
10000,1048576,3451,1684.53
10000,1048576,8369,1680.07
1000,102400,709,131.27
10000,1048576,9820,1236.29
10000,102400,9356,122.63
1000,10485760,217,23502.26
10000,102400,3598,137.64
10000,10240,8514,385.62
10000,1048576,8048,2122.81
10000,10240,4622,99.82
1000,10240,213,103.03
10000,102400,5872,107.79
10000,102400,6109,119.20
10000,1048576,6425,3748.18
10000,10240,4195,107.37
1000,10485760,411,11055.17
10000,102400,8152,116.82
1000,10485760,976,15563.73
10000,10240,5802,334.28
10000,1048576,3806,2493.12
10000,102400,2768,374.11
10000,102400,9805,257.82
10000,1048576,9762,1864.26
10000,1048576,8274,3257.27
10000,10240,339,105.08
10000,102400,1508,124.18
10000,1048576,1468,2426.70
10000,102400,3582,129.50
10000,1048576,4719,2667.59
10000,10240,8358,107.73
10000,10240,2418,101.96
10000,102400,1502,113.46
10000,10240,8250,104.74
10000,1048576,2471,2353.51
10000,1048576,2559,2604.18
10000,1048576,1890,5025.20
10000,10240,4876,98.24
1000,10240,140,111.17
10000,10240,5957,246.36
10000,1048576,8234,2262.51
10000,10240,7665,105.98
10000,1048576,2906,2773.87
10000,1048576,5318,3314.18
10000,102400,8070,124.47
10000,10240,8862,94.92
10000,10240,6183,102.18
10000,10240,8234,105.91
10000,102400,6711,117.44
10000,10240,3984,100.35
10000,10240,4323,103.48
10000,10240,6150,94.41
10000,102400,7915,116.65
10000,1048576,2761,1792.48
10000,10240,8930,115.63
10000,1048576,2632,1573.26
10000,1048576,5081,1906.83
10000,102400,6909,131.09
10000,1048576,7572,1739.36
10000,102400,5354,135.93
10000,10240,2988,102.95
10000,1048576,528,1388.07
10000,102400,8870,141.71
10000,102400,8375,116.47
10000,10240,3609,94.73
10000,1048576,6399,6147.49
10000,10240,2099,120.68
10000,1048576,2229,1249.87
10000,102400,4769,120.07
10000,102400,3255,125.88
10000,10240,2727,215.23
10000,1048576,5133,1351.93
10000,102400,5028,128.10
10000,10240,4057,100.69
1000,1048576,838,1418.64
10000,102400,7796,128.43
100,102400,20,111.78
10000,102400,7195,105.24
10000,102400,9461,115.19
1000,10240,416,102.53
10000,10240,4224,103.16
10000,1048576,1000,1597.71
10000,102400,8735,125.44
10000,1048576,5476,5055.47
10000,102400,6399,127.65
10000,1048576,5370,2232.16
10000,10240,4680,103.58
10000,10240,8094,150.40
10000,102400,6328,230.84
10000,10240,1191,142.19
1000,10240,600,98.60
10000,10240,4802,105.99
1000,102400,99,116.08
10000,1048576,5390,9570.76
10000,1048576,2267,8845.61
10000,1048576,8775,2573.32
10000,102400,7666,361.43
10000,1048576,3093,2694.12
1000,1048576,732,5361.46
10000,10240,3925,108.89
10000,10240,1150,104.52
10000,1048576,5027,2696.12
1000,102400,811,242.79
1000,102400,220,112.81
10000,102400,1864,121.61
10000,102400,6493,226.39
1000,10240,398,98.76
10000,10240,5133,103.71
10000,10240,9987,104.73
10000,1048576,7311,4889.06
10000,10240,7202,111.13
10000,102400,8308,116.95
10000,10240,812,94.58
10000,10240,5856,99.66
10000,102400,9297,115.34
10000,10240,3196,100.54
10000,102400,5093,120.32
10000,102400,8415,119.01
10000,10240,6543,97.46
10000,102400,8232,118.83
10000,102400,1952,121.77
10000,102400,5299,120.19
10000,102400,4356,118.89
10000,1048576,4590,2373.01
10000,10240,4671,111.17
10000,10240,780,101.81
10000,102400,7450,117.58
1000,10485760,526,5535.41
10000,102400,4462,125.46
10000,102400,5020,114.78
10000,10240,5731,101.87
10000,1048576,7780,2174.01
10000,1048576,5639,1503.31
10000,1048576,4168,1441.67
1000,10240,899,103.76
10000,10240,5076,92.92
10000,102400,1365,116.19
1000,10240,608,108.42
10000,1048576,3267,1527.49
10000,1048576,8447,1224.83
1000,1048576,871,3908.41
10000,1048576,9666,1366.79
10000,102400,597,114.44
10000,102400,6739,111.38
10000,1048576,7394,1272.10
10000,102400,3389,120.03
10000,10240,6499,93.04
10000,10240,776,89.53
10000,1048576,3954,1236.38
10000,102400,6081,124.67
10000,10240,5765,101.97
10000,102400,6668,110.79
10000,1048576,7645,1665.17
10000,102400,3986,127.55
10000,1048576,4776,1439.31
10000,10240,2377,111.28
10000,1048576,2819,1232.13
10000,102400,9266,122.89
10000,1048576,671,1739.90
10000,1048576,561,3227.23
10000,1048576,8763,1620.81
10000,102400,2695,125.04
10000,1048576,8037,1482.05
10000,1048576,7065,2367.77
10000,1048576,3623,1858.21
10000,1048576,4202,1582.89
10000,102400,9306,129.19
10000,10240,7122,99.48
10000,102400,6321,124.12
1000,1048576,989,6781.61
10000,1048576,3897,6941.57
10000,10240,8785,103.42
10000,10240,2315,418.24
10000,1048576,2385,3141.26
10000,10240,9180,109.14
1000,1048576,987,1385.82
10000,102400,7717,150.65
10000,1048576,589,1994.45
10000,10240,1046,98.66
10000,102400,1433,119.56
10000,1048576,2251,1572.84
10000,1048576,9107,2218.11
10000,10240,6054,100.58
10000,10240,6963,99.89
10000,102400,1540,120.27
10000,10240,2101,116.58
1000,10485760,648,7886.75
1000,102400,275,239.89
10000,1048576,9812,2478.83
10000,102400,4106,125.17
10000,1048576,8097,1735.62
10000,102400,9971,120.56
1000,102400,14,110.34
10000,10240,5907,104.37
10000,102400,8764,118.86
10000,102400,358,119.91
10000,10240,5487,97.75
1000,102400,485,112.44
10000,1048576,9032,3922.53
10000,10240,4027,112.88
10000,102400,1787,113.69
10000,10240,6294,94.00
10000,102400,8790,114.72
10000,1048576,8486,1488.24
10000,10240,8707,111.79
10000,1048576,6102,1293.09
10000,102400,1019,127.94
10000,1048576,6664,1192.79
1000,10485760,146,7444.85
10000,102400,377,134.10
10000,102400,796,120.66
10000,102400,1721,114.11
10000,1048576,1096,6282.02
10000,102400,8195,120.90
10000,10240,6958,95.03
10000,102400,8675,244.57
10000,102400,1851,117.70
10000,102400,470,123.50
10000,1048576,6761,1351.10
10000,1048576,2637,2602.60
10000,1048576,4531,1353.02
10000,10240,8220,107.33
1000,102400,57,122.99
10000,102400,9629,221.35
10000,1048576,983,1407.05
10000,1048576,2022,1285.90
10000,10240,6268,107.92
10000,102400,8789,109.41
10000,102400,3453,120.20
10000,102400,5371,118.68
10000,10240,5233,92.70
10000,10240,6048,99.44
1000,10485760,677,7358.54
10000,10240,3018,113.45
10000,1048576,2428,1645.77
1000,1048576,97,1774.59
10000,10240,1387,124.73
10000,10240,1982,99.83
10000,10240,4744,108.80
10000,1048576,8460,4454.72
10000,1048576,6937,3184.42
10000,1048576,7609,1992.37
10000,10240,8351,112.56
10000,102400,6472,122.60
10000,1048576,1947,2098.05
10000,10240,3160,115.94
10000,1048576,8242,2655.50
10000,1048576,6690,2016.24
10000,10240,2427,108.15
1000,10240,985,104.19
10000,102400,7100,127.91
10000,10240,1016,104.13
10000,10240,7330,105.44
10000,10240,6902,235.13
10000,1048576,6851,5407.10
10000,1048576,4423,4524.33
10000,10240,3628,118.83
10000,10240,9856,104.86
10000,10240,5695,119.29
10000,1048576,2790,4406.39
10000,1048576,4627,2173.12
10000,10240,2430,112.75
10000,1048576,8025,2813.87
10000,102400,2498,132.56
10000,102400,3682,122.03
1000,1048576,669,1901.88
1000,102400,324,121.93
10000,1048576,3797,4065.03
10000,10240,6934,104.99
10000,10240,4449,112.40
10000,1048576,1526,2403.06
10000,10240,2732,118.21
10000,10240,714,108.49
10000,10240,2563,96.20
10000,10240,3969,104.41
10000,1048576,764,1219.99
1000,10485760,65,7113.44
1000,102400,849,132.10
10000,102400,7501,252.82
10000,1048576,1582,3519.03
10000,1048576,4801,1639.29
10000,102400,8034,132.44
10000,1048576,3811,1643.63
10000,1048576,984,1065.52
10000,10240,1053,116.60
10000,1048576,8496,1726.94
10000,10240,6937,108.15
10000,1048576,6619,1543.46
10000,102400,6597,124.56
10000,102400,1818,118.69
10000,1048576,5289,1529.29
10000,1048576,973,1357.69
10000,10240,8355,114.62
1000,1048576,932,1408.18
10000,1048576,6077,1258.91
10000,10240,7053,111.61
10000,102400,8519,113.83
10000,10240,1671,103.36
10000,10240,1803,100.78
10000,102400,9769,224.60
10000,102400,7383,113.15
10000,102400,5600,115.32
1000,1048576,651,2128.16
10000,10240,2546,110.74
1000,10485760,113,13581.11
10000,1048576,5751,11446.08
10000,102400,5634,163.41
10000,10240,966,96.06
10000,10240,5619,336.78
10000,102400,7153,119.07
100,104857600,20,64012.96
10000,1048576,7595,2515.02
10000,102400,6373,173.75
10000,102400,4188,255.66
10000,102400,5039,128.50
10000,102400,8699,112.82
100,10485760,78,15205.36
1000,10240,386,269.01
10000,1048576,4231,4371.19
10000,102400,5832,141.97
1000,10240,926,258.69
10000,10240,3489,107.47
10000,102400,7995,276.23
1000,10240,749,93.54
10000,10240,1683,100.01
10000,102400,1823,119.69
10000,1048576,2360,2528.10
10000,102400,6136,127.98
10000,1048576,6302,6872.97
10000,10240,4913,107.49
10000,10240,249,103.33
10000,102400,6699,257.95
10000,102400,7443,118.71
10000,1048576,7877,7538.57
10000,10240,7289,108.35
1000,10240,698,101.59
1000,102400,465,125.55
10000,10240,9807,103.04
10000,1048576,9339,6195.71
10000,102400,8970,140.71
10000,1048576,2726,3051.40
10000,1048576,6935,7848.13
10000,102400,3693,150.31
10000,1048576,2303,7782.11
10000,1048576,1920,3095.28
10000,102400,398,378.86
10000,10240,1303,104.99
1000,10240,418,109.82
10000,1048576,8965,5800.60
10000,10240,1645,126.48
10000,10240,7732,262.58
10000,102400,7847,117.19
10000,10240,2186,98.03
10000,10240,7091,102.86
10000,10240,8505,110.17
10000,1048576,5182,2304.36
10000,102400,2724,119.20
10000,1048576,8701,2125.06
10000,1048576,6377,2312.04
10000,102400,8131,135.79
10000,102400,6452,117.64
10000,10240,4824,102.13
10000,10240,8344,114.22
10000,1048576,1618,2554.21
1000,10240,846,105.27
10000,10240,1601,98.28
10000,10240,9973,91.20
10000,102400,6224,123.48
1000,10485760,757,140457.43
10000,10240,4243,198.77
10000,10240,7136,250.80
10000,102400,5735,122.81
10000,1048576,97,2487.60
10000,10240,8621,116.89
10000,102400,7071,143.15
10000,10240,8803,130.05
100,10485760,97,28818.59
10000,1048576,8238,4231.86
10000,1048576,4154,7534.77
1000,10240,387,126.60
10000,102400,8172,135.02
10000,10240,1549,101.63
1000,10485760,578,7919.64
10000,102400,5556,126.23
10000,102400,1341,249.06
10000,102400,2916,113.38
10000,10240,3857,101.36
1000,10485760,257,24464.83
10000,102400,2643,357.94
10000,102400,6235,106.71
10000,10240,8628,134.77
1000,10485760,505,34986.85
10000,1048576,4020,5740.05
10000,102400,7736,157.88
10000,1048576,2692,7943.90
10000,10240,5510,115.25
10000,10240,6279,230.35
10000,102400,2994,165.09
1000,102400,740,123.17
10000,102400,9054,130.47
10000,1048576,7800,3819.82
10000,1048576,5879,3887.58
1000,10485760,134,21442.95
1000,1048576,916,4523.56
1000,10240,479,131.97
10000,10240,7510,229.55
10000,1048576,3672,3622.03
1000,10485760,765,7565.97
10000,10240,2837,148.21
10000,102400,9885,135.81
10000,1048576,5628,717.24
10000,1048576,4499,525.44
1000,102400,190,123.14
10000,102400,6251,110.96
10000,1048576,4631,779.50
10000,1048576,2166,620.90
10000,102400,5181,122.64
10000,102400,2561,113.94
10000,102400,4563,119.98
10000,10240,8674,106.73
1000,10240,420,101.29
10000,102400,3918,117.67
10000,10240,1082,100.16
10000,1048576,5795,919.21
10000,102400,5041,133.51
10000,1048576,9674,625.37
1000,102400,486,117.63
10000,1048576,5220,616.79
10000,1048576,9553,574.47
10000,1048576,8258,609.73
10000,10240,8026,110.34
10000,1048576,7524,744.31
10000,1048576,7445,647.84
10000,1048576,4482,628.87
10000,10240,2404,104.33
10000,102400,8756,116.11
10000,10240,2111,104.66
10000,10240,586,104.29
10000,1048576,308,946.45
10000,1048576,6104,685.68
10000,1048576,2561,661.47
10000,10240,8886,108.59
10000,1048576,1354,560.63
1000,10240,884,110.90
10000,102400,9098,125.39
10000,10240,6010,103.95
10000,10240,5743,102.82
10000,10240,8441,96.50
1000,102400,666,111.52
10000,10240,4317,98.36
10000,1048576,1671,720.88
10000,102400,7102,118.69
10000,1048576,1437,509.65
10000,102400,3890,129.01
10000,1048576,6139,697.20
10000,102400,3280,115.18
10000,102400,3400,115.81
10000,1048576,7276,782.71
1000,10485760,970,3802.84
10000,102400,2161,129.96
10000,1048576,662,510.25
10000,10240,2508,101.81
10000,10240,7462,97.81
10000,102400,1920,121.81
10000,102400,9781,117.39
10000,10240,7193,107.93
10000,1048576,8468,1305.02
10000,102400,8903,133.03
10000,102400,380,118.61
10000,1048576,8057,789.73
10000,1048576,1561,951.08
1000,102400,154,123.89
10000,10240,4932,103.25
1000,102400,860,117.75
10000,102400,4655,136.07
1000,10485760,823,6666.27
1000,10485760,462,7057.17
1000,10485760,160,4519.96
10000,102400,2991,364.91
10000,10240,1780,101.14
10000,102400,8281,113.98
10000,1048576,3499,690.29
10000,1048576,4753,503.94
10000,102400,2882,119.96
10000,102400,2569,113.34
10000,102400,5422,112.47
1000,102400,733,123.02
10000,102400,584,113.02
10000,10240,9797,109.70
10000,102400,8974,117.42
10000,1048576,710,789.61
10000,1048576,591,758.73
10000,1048576,6818,799.00
10000,1048576,2626,516.98
10000,102400,4367,126.28
10000,1048576,2227,613.21
1000,1048576,111,512.59
10000,10240,7862,99.79
1000,102400,996,112.52
10000,102400,3498,125.06
10000,102400,9644,122.80
10000,10240,8326,105.90
10000,102400,5712,112.26
10000,10240,5158,100.62
10000,10240,2117,102.77
10000,1048576,7329,758.56
10000,10240,4450,114.73
10000,1048576,8544,506.64
10000,102400,4050,119.53
10000,1048576,9158,637.82
10000,10240,8290,110.64
10000,102400,3068,123.58
10000,1048576,6902,783.36
10000,10240,2930,114.13
10000,1048576,8366,943.12
10000,102400,6492,119.90
10000,1048576,8503,2399.93
10000,102400,4027,137.01
10000,1048576,7597,546.44
10000,102400,2429,141.34
10000,1048576,5012,758.09
10000,1048576,7121,1034.18
10000,102400,5865,126.70
10000,10240,1551,104.84
10000,1048576,6830,680.09
10000,102400,5154,137.38
10000,1048576,502,691.07
1000,102400,865,127.08
10000,102400,9200,116.91
10000,1048576,3513,734.63
10000,1048576,1620,867.73
10000,1048576,1915,2358.48
10000,10240,8720,103.23
10000,1048576,4744,3055.61
10000,10240,5875,112.79
10000,10240,5171,210.11
100,104857600,67,29580.16
10000,102400,8055,263.50
10000,1048576,408,5072.06
10000,102400,5230,359.93
1000,10485760,654,40814.13
10000,1048576,8102,3058.62
10000,102400,1060,394.18
10000,1048576,7563,2362.52
10000,102400,6189,131.08
10000,1048576,4194,1944.74
10000,1048576,8796,1696.56
10000,10240,7159,107.22
10000,102400,3424,163.55
10000,10240,6764,107.77
10000,10240,4218,104.38
10000,1048576,9790,710.80
10000,1048576,1152,677.12
10000,102400,6059,122.60
10000,102400,4289,114.78
10000,10240,4533,102.84
10000,10240,9226,112.31
10000,102400,625,118.61
10000,10240,9831,106.77
10000,10240,6628,99.78
10000,102400,5285,129.34
10000,10240,3913,103.08
10000,1048576,8091,4630.82
10000,10240,5455,111.19
10000,102400,3164,117.14
10000,1048576,4771,3771.15
10000,1048576,4662,2345.41
10000,10240,1583,106.79
10000,102400,8189,108.10
10000,10240,5048,106.58
10000,1048576,5520,737.59
10000,102400,8042,122.12
10000,102400,9842,105.51
10000,10240,3871,194.98
10000,102400,8857,298.50
1000,1048576,681,703.85
10000,1048576,3895,660.32
10000,1048576,5629,707.15
10000,102400,5150,117.56
10000,1048576,2695,581.93
10000,10240,8923,103.71
10000,102400,6295,117.94
10000,1048576,1630,743.78
10000,1048576,4060,744.49
10000,1048576,5838,590.57
10000,102400,5907,123.00
10000,1048576,2276,535.02
10000,102400,3887,117.45
10000,102400,4548,111.77
10000,102400,4498,129.24
10000,102400,1811,109.53
10000,1048576,4391,716.41
100,104857600,13,27789.72
10000,1048576,13,906.56
10000,10240,82,139.20
1000,102400,295,121.87
10000,102400,4046,374.41
10000,10240,5817,102.86
10000,1048576,3516,704.15
10000,1048576,1833,887.40
10000,102400,7319,128.77
10000,1048576,8207,688.03
10000,1048576,9524,1142.93
10000,102400,9130,127.20
10000,1048576,4447,1801.13
10000,10240,8698,120.10
10000,1048576,5503,890.71
10000,10240,9380,123.82
10000,102400,2369,132.15
1000,102400,359,122.56
10000,10240,3836,108.63
10000,102400,9486,118.26
10000,10240,440,97.64
10000,1048576,2016,955.14
10000,102400,5044,135.03
10000,1048576,122,501.07
10000,102400,5710,129.27
10000,10240,7255,106.52
10000,1048576,4232,711.80
10000,1048576,2421,762.11
1000,102400,515,124.00
10000,1048576,6564,739.35
10000,10240,837,112.44
10000,1048576,6667,704.85
10000,1048576,7696,766.73
10000,102400,8767,131.00
10000,1048576,6366,741.41
10000,10240,9224,118.20
10000,10240,5780,103.46
10000,1048576,2137,739.96
10000,102400,5773,127.93
10000,1048576,8914,722.02
10000,1048576,567,886.10
10000,10240,9813,114.68
10000,10240,8820,105.10
10000,102400,7231,118.93
1000,102400,282,115.72
10000,1048576,2138,710.75
10000,1048576,6326,700.76
10000,102400,7386,126.01
10,104857600,5,29160.92
10000,1048576,3477,851.27
10000,10240,3943,114.59
10000,1048576,2640,940.02
10000,10240,770,101.33
10000,1048576,929,853.46
10000,1048576,7965,737.26
10000,10240,1242,111.50
10000,1048576,62,790.20
10000,1048576,8482,737.03
1000,10240,616,128.95
1000,1048576,294,683.60
1000,10485760,946,4055.01
10000,102400,362,133.76
10000,102400,711,128.13
10000,102400,4887,117.78
10000,10240,3800,105.45
10000,1048576,597,3670.32
10000,1048576,5407,2395.16
10000,10240,6571,110.89
10000,10240,4140,90.69
10000,1048576,6245,2336.34
10000,10240,6374,98.61
10000,1048576,8633,3212.29
10000,10240,5805,104.67
10000,1048576,6938,6156.93
10000,10240,6089,105.97
10000,102400,9764,118.67
10000,102400,72,259.05
10000,102400,4013,110.42
10000,102400,2446,258.40
10000,102400,2856,110.06
10000,102400,1174,110.89
10000,102400,8058,111.86
10000,1048576,8073,4007.12
10000,1048576,5960,1460.61
10000,10240,8412,107.81
10000,10240,1553,94.01
10000,102400,5626,119.77
10000,102400,7325,129.55
10000,1048576,4564,2011.28
10000,10240,8285,103.38
10000,1048576,6132,1267.41
10000,10240,8292,103.56
1000,10240,831,107.28
10000,10240,83,104.72
10000,102400,6447,119.86
10000,1048576,1108,5844.28
10000,102400,4875,118.79
10000,10240,7045,96.63
10000,10240,1375,89.54
10000,102400,3755,114.44
10000,102400,1947,120.35
1000,10485760,518,7114.76
10000,10240,9592,272.34
10000,102400,2677,130.01
10000,102400,6577,124.70
10000,1048576,9192,1470.36
10000,102400,3027,124.47
10000,1048576,1651,4087.99
1000,10240,317,109.76
10000,102400,3195,114.23
10000,10240,1196,114.49
10000,102400,7608,119.25
10000,102400,3973,115.54
10000,1048576,7064,2738.10
1000,10240,128,105.02
10000,102400,2980,109.93
10000,10240,5753,94.53
10000,102400,6471,123.85
10000,102400,1353,118.53
10000,1048576,5408,1005.32
10000,1048576,7090,552.75
10000,1048576,5870,588.31
10000,1048576,2975,539.48
10000,10240,738,106.81
10000,1048576,8495,658.83
1000,10485760,70,3935.38
1000,10485760,398,3772.00
1000,10485760,833,10113.79
10000,10240,2965,164.98
10000,102400,9919,268.10
10000,10240,6913,97.24
10000,10240,4440,101.56
1000,1048576,640,893.88
10000,102400,2605,134.40
10000,1048576,9170,913.18
10000,1048576,9542,649.81
10000,1048576,1839,513.08
10000,102400,4652,353.80
10000,1048576,3408,687.09
10000,1048576,948,788.79
10000,10240,8429,117.48
1000,10485760,841,3883.34
10000,102400,9171,130.74
1000,10485760,671,3003.01
1000,10240,321,125.37
10000,102400,2054,125.36
10000,10240,5515,109.38
10000,10240,1056,98.20
10000,10240,3664,102.24
1000,10485760,397,3545.50
10000,1048576,5100,754.23
10000,10240,2884,120.00
10000,10240,746,115.30
1000,1048576,820,846.96
1000,10240,103,107.33
10000,10240,9434,99.70
10000,102400,1516,113.50
10000,10240,5024,105.60
10000,102400,4391,132.72
10000,10240,5762,105.29
10000,102400,558,121.65
10000,1048576,8334,745.32
10000,102400,7942,118.89
10000,102400,7363,114.16
1000,102400,355,120.78
10000,1048576,1358,618.28
10000,10240,462,117.86
10000,10240,7267,99.51
10000,10240,493,99.76
10000,102400,9619,125.59
10000,10240,2160,103.90
10000,10240,4995,101.35
10000,1048576,9667,869.60
10000,10240,8888,115.50
1000,1048576,658,879.86
10000,10240,3610,112.90
10000,102400,301,117.78
10000,10240,9911,96.03
100,10485760,34,3496.50
10000,1048576,4475,595.40
10000,10240,327,107.48
10000,102400,1111,110.89
10000,1048576,1148,922.76
10000,10240,1322,109.44
10000,102400,8197,133.84
10000,102400,9172,123.19
10000,1048576,4040,751.62
10000,1048576,3453,764.94
10000,10240,2843,111.27
10000,102400,4902,124.71
10000,102400,4997,110.50
10000,1048576,3594,731.24
10000,102400,8567,312.20
1000,1048576,157,771.59
10000,1048576,5616,728.35
1000,10485760,652,3094.31
10000,102400,1777,131.12
10000,1048576,9497,782.36
10000,1048576,8233,672.74
10000,1048576,9302,755.22
10000,1048576,9576,588.19
10000,10240,4469,101.99
10000,1048576,9919,506.50
10000,1048576,8541,664.31
10000,102400,1938,127.05
1000,10485760,910,4745.80
1000,10240,942,118.11
10000,10240,9344,107.25
10000,1048576,9416,706.33
10000,102400,3124,126.88
10000,10240,5215,104.22
10000,102400,502,119.82
10000,1048576,7749,685.53
1000,102400,638,124.03
10000,102400,6534,119.61
10000,10240,7636,107.74
10000,102400,2512,117.32
10000,102400,8164,112.27
10000,102400,5827,121.78
10000,1048576,2672,749.19
10000,102400,2147,123.74
1000,10240,532,99.41
10000,1048576,5993,749.26
10000,102400,1126,133.12
10000,10240,222,109.51
1000,10485760,860,3568.28
10000,1048576,9739,498.09
10000,10240,684,111.49
10000,1048576,2004,724.54
10000,102400,3048,117.58
10000,102400,5098,116.86
10000,10240,4338,100.10
1000,1048576,191,770.40
10000,10240,6588,113.60
10000,1048576,9135,477.33
10000,10240,7155,103.28
10000,102400,465,113.24
10000,10240,7380,101.87
1000,10485760,845,3414.51
10000,1048576,8901,547.97
10000,102400,2689,125.24
10000,10240,3450,102.09
10000,102400,5455,112.08
10000,10240,347,109.40
10000,1048576,4571,875.55
10000,1048576,7712,585.20
10000,10240,3990,109.43
10000,10240,438,123.47
10000,1048576,1242,700.18
10000,1048576,794,778.29
1000,102400,516,129.33
10000,102400,1874,112.26
1000,1048576,906,799.49
10000,102400,7135,122.50
10000,102400,3891,113.64
10000,102400,4972,121.79
10000,102400,4287,119.18
10000,10240,449,102.25
10000,102400,2877,118.82
10000,10240,9627,101.29
10000,102400,1993,110.23
10000,10240,8253,101.70
10000,10240,2416,96.81
10000,10240,4380,97.53
1000,102400,957,186.05
10000,1048576,9131,727.68
1000,10485760,403,3095.01
10000,1048576,2670,794.74
10000,10240,9810,114.02
10000,10240,1910,106.86
10000,10240,5028,99.77
10000,102400,3880,114.29
10000,102400,632,119.75
10000,102400,6021,121.75
10000,102400,1674,109.31
10000,1048576,1177,787.91
1000,1048576,682,720.95
10000,102400,2779,126.79
10000,1048576,5579,661.79
10000,1048576,6979,599.02
10000,102400,7307,116.21
10000,102400,605,116.60
10000,1048576,6962,746.01
10,1048576,8,707.27
10000,1048576,5047,750.45
10000,1048576,9755,851.73
10000,1048576,1950,754.39
10000,102400,9351,126.24
10000,102400,4305,116.59
10000,10240,4629,101.81
10000,1048576,7796,694.41
10000,102400,7146,125.75
10000,10240,3780,97.67
10000,10240,3926,99.24
10000,1048576,9603,738.22
10000,1048576,7195,646.48
10000,10240,1947,98.08
10000,102400,2583,110.59
10000,10240,4725,102.67
10000,10240,1651,98.86
10000,10240,8847,100.73
10000,10240,2300,96.06
10000,102400,9707,116.22
10000,1048576,1914,781.37
10000,1048576,3388,719.77
10000,102400,504,129.32
10000,102400,1531,115.70
100,1048576,25,680.65
10000,1048576,9436,773.69
10000,10240,841,113.68
10000,1048576,8548,786.82
10000,102400,1151,127.97
1000,102400,855,116.39
10000,10240,3337,101.31
10000,10240,2088,103.96
10000,102400,6781,120.09
10000,1048576,8634,701.80
1000,1048576,780,690.15
10000,1048576,7894,608.54
10000,102400,5545,129.87
1000,10485760,17,4079.00
10000,10240,9518,111.85
10000,10240,9291,89.83
10000,10240,1376,102.00
1000,102400,369,124.62
10000,10240,3188,104.97
10000,1048576,8304,682.55
10000,10240,6972,110.30
1000,1048576,74,486.40
10000,10240,7073,101.18
10000,102400,6686,125.82
10000,102400,1386,110.34
10000,1048576,9022,772.43
1000,1048576,721,755.37
1000,10485760,415,2981.86
10000,1048576,895,529.90
10000,1048576,1836,513.36
1000,102400,932,121.01
10000,10240,4832,108.92
10000,10240,6523,103.40
10000,1048576,9381,764.51
10000,1048576,3586,537.60
10000,10240,7440,106.79
10000,102400,8427,110.86
10000,1048576,4565,700.48
10000,10240,1453,107.29
10000,1048576,3382,639.80
10000,102400,4888,128.99
10000,102400,1315,119.49
10000,102400,9848,123.18
10000,102400,3216,112.97
10000,102400,3531,118.72
10000,10240,5483,97.96
10000,102400,5073,121.09
10000,102400,6963,122.19
10000,102400,6375,111.82
10000,1048576,4538,745.41
10000,10240,1058,108.67
10000,1048576,6076,495.24
10000,10240,7581,96.95
10000,10240,1811,100.59
10000,102400,2637,118.15
1000,102400,11,112.33
10000,1048576,7068,679.93
10000,1048576,9193,743.95
10000,1048576,2850,544.40
10000,102400,6460,124.44
1000,10485760,346,2945.91
10000,1048576,7202,568.99
10000,1048576,7518,726.58
10000,10240,1475,123.51
10000,10240,8568,101.53
10000,1048576,9321,745.42
10000,102400,7246,126.81
10000,102400,9240,112.07
10000,102400,8390,111.73
10000,10240,4696,95.55
1000,10485760,143,2957.98
10000,102400,2245,127.30
10000,1048576,3621,484.11
1000,1048576,243,634.74
10000,1048576,9740,763.68
10000,102400,9365,119.96
10000,1048576,9748,593.58
10000,10240,6812,99.14
10000,102400,1095,119.58
10000,102400,6351,112.40
10000,1048576,4325,657.57
10000,1048576,69,737.03
10000,102400,4772,126.74
1000,1048576,549,1103.82
10000,1048576,4948,785.35
10000,102400,9709,125.30
1000,1048576,622,1028.85
1000,102400,926,124.87
10000,10240,9575,102.82
10000,1048576,42,1002.24
1000,102400,766,130.06
10000,102400,3163,115.57
10000,102400,5790,124.01
10000,10240,4119,100.03
10000,1048576,5183,738.55
10000,10240,7369,111.75
10000,10240,6848,104.92
10000,10240,8496,109.77
10000,10240,7743,105.91
10000,102400,226,118.45
10000,102400,4691,117.32
10000,1048576,6513,722.34
1000,1048576,827,686.53
10000,10240,981,110.94
10000,102400,82,122.01
10000,102400,4028,117.56
10000,10240,6301,108.55
10000,1048576,6634,766.59
1000,102400,842,214.13
10000,1048576,6207,529.42
1000,102400,322,112.34
10000,1048576,1423,471.66
10000,1048576,3662,687.59
10000,102400,9808,128.52
10000,1048576,6290,517.58
10000,102400,3510,124.05
10000,10240,1882,97.76
10000,1048576,8229,866.58
10000,1048576,8209,494.35
10000,102400,713,115.48
10000,10240,3824,96.14
10000,10240,7477,107.05
10000,102400,3997,106.71
10000,102400,2714,121.61
10000,102400,3134,115.28
10000,10240,575,102.75
10000,102400,1653,120.61
1000,10485760,197,3052.60
10000,1048576,7812,561.73
10000,1048576,9092,568.11
10000,10240,9783,106.70
10000,102400,9638,116.49
10000,1048576,4093,662.25
10000,10240,1619,112.25
10000,1048576,54,507.74
10,10240,4,106.83
1000,1048576,275,709.72
10000,10240,9594,110.37
10000,1048576,2067,532.21
10000,10240,2028,106.18
10000,102400,887,138.64
10000,10240,6469,99.96
1000,10485760,154,3354.11
10000,1048576,4066,591.82
10000,102400,4514,118.98
10000,102400,2194,113.59
10000,1048576,7340,822.62
10000,1048576,3693,551.41
1000,10485760,612,3061.06
10000,10240,4635,109.05
10000,102400,8233,115.72
10000,102400,4200,119.87
10000,102400,5059,120.12
10000,102400,880,122.32
10000,102400,8122,120.75
10000,102400,6637,110.72
10000,10240,6984,98.17
1000,1048576,35,743.56
10000,102400,360,131.73
10000,1048576,9343,552.22
10000,1048576,7468,589.57
10000,10240,682,108.22
10000,102400,7421,117.62
10000,10240,8318,104.52
10000,102400,9600,115.55
1000,10240,467,103.15
10000,1048576,9493,677.22
10000,10240,9681,113.02
10000,10240,225,102.49
10000,102400,7711,118.23
10000,102400,4295,117.16
10000,10240,7161,103.07
10000,10240,1564,95.67
1000,102400,936,122.59
10000,10240,6151,98.88
10000,10240,9976,99.79
10000,102400,1907,107.73
10000,102400,6252,115.43
10000,10240,7475,101.34
10000,10240,2010,97.03
1000,10485760,605,3072.73
10000,1048576,1985,537.39
10000,102400,3146,126.97
1000,10485760,555,4227.84
10000,10240,4073,112.69
10000,102400,9372,116.06
10000,102400,4724,117.91
10000,102400,9579,120.52
10000,102400,5078,119.52
10000,10240,9178,108.83
10000,10240,4347,103.65
10000,10240,6575,98.59
10000,10240,290,102.30
10000,10240,6403,98.52
10000,102400,9196,120.77
1000,10485760,801,3011.08
10000,102400,3508,125.94
10000,10240,6313,93.13
10000,10240,9133,100.84
10000,102400,6509,112.12
10000,102400,2125,112.92
10000,1048576,397,718.50
10000,1048576,8292,804.28
10000,1048576,5858,731.44
10000,10240,9935,119.45
10000,102400,8644,118.87
10000,102400,5601,120.70
10000,1048576,9614,756.32
10000,10240,2381,112.31
10000,10240,4339,98.12
10,10240,5,102.05
10000,1048576,4288,720.90
10000,10240,8812,113.84
1000,102400,192,119.25
10000,102400,2442,117.10
10000,102400,5195,113.38
10000,10240,6178,101.24
10000,102400,7223,115.24
10000,102400,4006,116.05
10000,102400,841,112.16
10000,10240,923,99.34
10000,1048576,7194,849.07
10000,102400,6412,129.16
10000,1048576,5766,842.30
10000,1048576,8318,529.77
10000,102400,1905,123.01
10000,1048576,9160,716.23
10000,10240,9426,99.69
10000,10240,9835,101.14
1000,102400,37,126.88
10000,102400,2420,110.29
10000,1048576,5719,785.84
10000,10240,1502,105.20
10000,1048576,4641,766.91
1000,10485760,114,3193.07
10000,102400,3277,126.03
10000,1048576,5456,509.76
10000,102400,1392,121.95
10000,102400,2386,114.86
10000,10240,7409,96.44
10000,102400,1473,131.83
10000,102400,2308,112.35
10000,1048576,8157,770.87
10000,10240,1158,107.98
10000,102400,6154,122.68
10000,10240,1152,105.15
10000,1048576,7664,624.48
10000,10240,218,99.94
10000,10240,3993,92.06
10000,1048576,7357,686.65
10000,1048576,7486,695.96
1000,1048576,454,564.03
1000,1048576,0,815.58
1000,1048576,261,719.25
10000,102400,604,120.14
10000,10240,3145,93.33
100,10485760,96,3432.74
10000,1048576,6672,636.75
10000,102400,9876,122.03
10000,1048576,5173,705.90
10000,1048576,4823,615.07
10000,10240,1493,103.28
10000,102400,5360,115.07
10000,10240,6357,101.69
1000,1048576,683,715.87
10000,1048576,4261,501.85
1000,10485760,772,3768.17
10000,102400,6408,128.34
10000,102400,4416,118.60
10000,1048576,7887,693.62
10000,102400,2919,121.59
10000,10240,2792,111.47
10000,1048576,9338,696.34
1000,10485760,229,3990.88
10000,102400,1309,128.03
10000,102400,3295,111.67
10000,1048576,7282,821.34
10000,1048576,1063,499.43
10000,102400,4331,119.23
10000,10240,66,95.42
10000,102400,7672,116.54
10000,102400,3290,122.18
10000,102400,2283,116.75
10000,1048576,2743,740.46
10000,1048576,7568,532.41
10000,102400,6011,120.03
1000,10240,727,91.19
1000,10485760,305,3809.64
10000,10240,3100,113.08
10000,10240,826,91.06
10000,102400,8324,109.92
10000,1048576,7322,738.18
10000,102400,265,121.64
10000,1048576,4672,707.75
10000,1048576,2194,662.79
10000,1048576,2459,765.19
10000,10240,7109,113.50
10000,1048576,607,690.80
10000,102400,697,122.37
10000,1048576,4603,814.62
10000,10240,1154,116.69
10000,10240,8329,102.89
1000,1048576,766,769.05
10000,1048576,3601,723.64
10000,1048576,1404,825.84
1000,10240,663,116.77
10000,1048576,8652,699.07
10000,102400,675,135.16
10000,10240,604,98.04
1000,10485760,63,3950.18
10000,10240,8522,111.03
10000,102400,2756,109.66
10000,1048576,9884,755.09
10000,102400,9379,121.58
10000,1048576,679,519.75
10000,10240,3696,100.61
10000,10240,9631,107.65
1000,102400,418,121.47
10000,10240,3403,99.70
10000,1048576,4693,739.91
10000,10240,1756,348.07
10000,102400,6818,303.06
10000,102400,949,185.11
10000,1048576,2211,765.41
1000,102400,605,124.41
100,1048576,72,761.55
1000,10240,904,107.99
10000,102400,8781,116.08
10000,102400,8144,106.73
10000,1048576,604,817.09
10000,1048576,9404,742.50
10000,102400,1638,124.49
10000,10240,3859,105.96
10000,1048576,132,778.81
10000,102400,4659,133.47
10000,1048576,4303,923.56
10000,102400,8793,126.59
10000,1048576,823,726.22
10000,1048576,3754,715.78
10000,10240,4459,112.99
10000,10240,6917,103.05
10000,1048576,4281,778.32
10000,1048576,9718,556.41
10000,102400,5502,123.12
10000,102400,2889,118.06
10000,10240,2611,99.09
10000,102400,1284,118.56
10000,1048576,9678,734.12
10000,102400,5919,126.76
10000,102400,7034,122.92
10000,1048576,6641,660.50
10000,1048576,2922,789.05
10000,10240,476,108.81
10000,10240,2394,95.88
10000,1048576,4750,763.45
10000,1048576,5085,688.71
10000,10240,6852,111.21
10000,1048576,4404,748.71
10000,1048576,5922,754.62
10000,1048576,8715,892.00
10000,10240,1819,106.57
10000,10240,7708,107.61
10000,102400,8830,118.45
10000,102400,267,143.46
10000,102400,6981,115.63
10000,10240,5851,109.86
10000,102400,4087,113.15
10000,1048576,4550,698.22
10000,1048576,6982,476.73
10000,1048576,374,793.44
10000,102400,1511,118.73
1000,1048576,440,872.88
10000,1048576,1538,546.96
1000,10485760,444,3269.78
10000,102400,8139,127.17
10000,1048576,9187,686.00
10000,10240,3842,102.18
10000,1048576,3194,810.52
10000,102400,5125,119.35
10000,10240,811,99.09
1000,10240,499,101.69
10000,10240,5229,102.34
10000,10240,6974,96.88
10000,1048576,5079,704.94
10000,1048576,7476,709.16
10000,1048576,280,784.96
10000,1048576,7256,890.07
10000,102400,3620,123.02
10000,10240,2894,103.40
10000,102400,702,114.26
10000,10240,9282,104.11
10000,10240,8442,98.58
10000,102400,4805,114.16
10000,1048576,4543,745.37
10000,10240,8533,108.25
10000,1048576,762,649.71
10000,102400,69,120.23
10000,102400,3167,115.48
1000,10240,177,89.00
10000,10240,411,95.72
10000,102400,5438,121.56
10000,10240,4004,96.75
10000,102400,9288,119.73
10000,1048576,1672,853.85
10000,102400,784,124.42
10000,102400,4627,121.13
10000,10240,4366,102.35
10000,1048576,7957,849.86
10000,102400,8502,126.58
10000,1048576,2503,725.27
1000,102400,595,119.11
10000,10240,2524,99.01
10000,102400,9039,115.20
10000,102400,8647,123.19
1000,102400,668,115.02
1000,10485760,453,3464.25
10000,1048576,3760,748.10
1000,102400,788,128.74
10000,1048576,8491,641.94
10000,10240,1827,98.91
10000,102400,1827,114.87
10000,102400,8933,111.64
10000,10240,6021,102.45
10000,102400,7068,115.47
10000,102400,9300,133.42
10000,102400,7498,111.98
100,10240,97,106.88
10000,10240,9608,109.75
10000,102400,7589,120.72
10000,10240,240,95.80
1000,10240,137,102.54
1000,10240,439,97.40
10000,102400,6271,145.60
1000,10240,325,104.23
1000,10485760,75,3166.75
10000,102400,2525,124.88
10000,10240,6174,99.22
10000,102400,5421,126.92
10000,1048576,3759,723.58
1000,102400,750,124.20
10000,10240,3119,103.33
10000,102400,4618,124.03
10000,102400,3227,126.97
10000,1048576,4762,790.55
10000,102400,4610,130.27
10000,1048576,4131,631.29
1000,10485760,130,3096.08
10000,1048576,3392,802.69
10000,1048576,8946,771.05
10000,1048576,6006,744.36
10000,10240,6713,233.41
10000,1048576,295,666.53
10000,10240,1219,104.77
10000,1048576,2934,669.25
10000,1048576,3487,798.44
1000,1048576,2,781.53
10000,1048576,2146,527.05
1000,1048576,27,729.78
1000,102400,675,123.77
1000,10240,202,120.64
10000,10240,7157,100.52
10000,1048576,6610,765.49
10000,1048576,6301,517.62
10000,102400,6340,110.09
1000,10240,959,101.30
10000,10240,8722,99.61
10000,1048576,8285,679.59
10000,1048576,3507,538.67
10000,1048576,4037,763.03
10000,102400,7591,119.35
1000,10485760,516,3980.44
1000,102400,367,125.17
10000,102400,4898,119.76
10000,10240,8883,100.18
10000,102400,953,107.33
10000,102400,6988,126.29
100,104857600,55,28641.37
1000,10240,277,277.28
10000,102400,9539,396.77
10000,1048576,4068,1081.79
1000,102400,230,237.41
10000,10240,9487,115.44
10000,1048576,8390,689.21
10000,1048576,1600,660.51
10000,102400,8994,128.33
10000,102400,1346,123.39
10000,102400,1944,125.56
10000,10240,3081,103.69
10000,10240,2835,98.69
10000,10240,7434,98.40
10000,10240,7225,103.19
100,104857600,27,32340.69
10000,1048576,6954,1028.95
10000,1048576,352,986.44
10000,1048576,8956,739.11
10000,10240,8170,245.78
10000,10240,9086,99.36
10000,102400,7475,118.18
10000,102400,7055,115.59
10000,1048576,322,900.83
10000,102400,9045,132.92
10000,10240,9706,109.88
10000,10240,5585,101.74
10000,102400,9110,119.69
10000,102400,7338,113.34
10000,1048576,1988,696.51
10000,102400,5784,129.16
1000,10240,545,107.39
10000,1048576,651,716.58
10000,1048576,4315,651.21
10000,10240,186,112.87
1000,10240,402,95.70
100,10485760,99,4281.06
10000,10240,7502,117.73
10000,10240,9862,106.33
10000,102400,7775,109.94
1000,10240,750,108.22
10000,102400,8443,120.85
10000,102400,6865,117.39
10000,10240,5261,98.45
10000,102400,4924,121.28
10000,1048576,6321,719.17
10000,1048576,1008,760.24
10000,10240,346,107.56
10000,1048576,7852,727.99
1000,10485760,893,4399.49
10000,102400,6572,136.47
10000,10240,2975,116.22
10000,10240,5127,103.47
10000,10240,1770,101.25
1000,10240,993,100.12
100,104857600,66,28039.80
10000,1048576,6566,939.29
10000,102400,7026,330.05
10000,1048576,4487,930.10
1000,10240,664,109.10
10000,1048576,5868,781.17
10000,1048576,5101,771.50
1000,102400,683,127.41
10000,102400,9845,108.37
1000,1048576,244,752.29
10000,10240,1541,239.40
10000,102400,2642,117.16
10000,1048576,9443,688.68
10000,10240,8563,114.07
10000,1048576,9013,694.28
1000,10485760,775,2072.17
10000,10240,8598,111.65
10000,1048576,5550,851.82
10000,102400,4920,127.95
10000,102400,5414,112.78
1000,102400,288,125.11
10000,10240,6418,113.53
10000,1048576,4183,883.21
10000,10240,8463,122.02
10000,102400,4812,232.57
10000,102400,6812,121.36
10000,1048576,9861,768.04
10000,1048576,554,754.76
10000,102400,9014,134.88
10000,1048576,1213,752.73
100,10240,75,113.35
10000,102400,3874,121.81
10000,10240,3162,96.78
10000,1048576,9830,771.54
10000,10240,3893,122.02
1000,1048576,650,716.90
10000,102400,6840,124.35
10000,10240,2516,107.26
10000,1048576,9879,856.38
10000,1048576,6611,775.82
10000,1048576,7379,693.34
10000,102400,2963,131.20
10000,10240,2107,103.13
10000,102400,2613,113.78
10000,10240,1283,104.39
10000,102400,4626,113.57
100,10485760,33,3496.26
10000,1048576,7588,632.54
100,102400,88,126.42
10000,10240,2858,98.56
10000,1048576,7412,758.87
10000,10240,2360,118.22
10000,10240,6196,103.63
10000,10240,3482,99.75
10000,102400,3830,118.50
10000,1048576,396,863.89
10000,1048576,5595,709.49
10000,102400,6717,123.49
10000,1048576,2084,736.33
10000,10240,1080,114.62
10000,102400,5321,117.54
10000,1048576,4007,718.86
10000,102400,321,127.00
10000,1048576,1268,698.23
10000,102400,5055,129.88
10000,102400,6852,118.53
10000,102400,4711,119.45
10000,102400,1767,112.63
10000,1048576,3837,715.98
10000,102400,3112,135.11
10000,102400,1088,114.96
10000,102400,1648,120.72
10000,102400,9473,114.53
10000,10240,7493,100.45
10000,1048576,2680,849.22
1000,10485760,877,4089.67
10000,1048576,5810,560.72
10000,1048576,1157,627.70
10000,10240,5353,109.14
10000,1048576,6559,647.52
10000,102400,6537,124.70
1000,1048576,198,864.52
10000,1048576,8302,593.88
10000,1048576,3853,790.34
10000,10240,6755,110.12
10000,10240,439,97.28
10000,10240,5671,98.09
10000,10240,6630,102.64
10000,102400,2010,119.79
10000,1048576,2422,702.26
10000,10240,6325,109.59
10000,10240,3861,102.49
10000,1048576,3327,784.14
10000,10240,1124,104.80
10000,102400,4619,123.41
10000,1048576,1439,746.70
10000,1048576,908,692.80
10000,10240,7808,111.58
10000,1048576,7941,764.47
10000,1048576,1665,574.03
10000,102400,7966,131.95
10000,102400,5157,105.61
10000,102400,86,115.57
10000,102400,4371,117.74
10000,102400,7919,113.19
1000,10485760,868,3660.40
10000,1048576,9912,686.70
10000,10240,1007,116.58
10000,10240,8035,100.31
10000,1048576,7802,721.61
10000,1048576,6809,768.09
10000,102400,9194,130.59
10000,1048576,3180,532.46
10000,1048576,7607,528.14
100,104857600,3,35404.13
10000,102400,2192,364.20
10000,10240,4523,226.40
10000,1048576,155,603.31
10000,10240,1241,101.28
10000,102400,5581,112.53
10000,10240,8949,231.18
10000,102400,4750,267.12
10000,1048576,8121,658.13
10000,102400,8099,128.50
10000,10240,5798,92.08
10000,1048576,7002,712.64
10000,102400,2943,122.85
10000,10240,4771,105.74
10000,1048576,370,768.59
10000,1048576,6778,645.24
10000,10240,3232,101.82
10000,1048576,837,617.57
10000,10240,5970,98.79
1000,1048576,905,599.27
1000,102400,381,121.96
10000,1048576,4997,773.30
10000,1048576,4382,538.29
10000,1048576,7378,558.90
10000,10240,160,106.74
10000,10240,8967,96.08
10000,10240,5055,102.55
10000,10240,9005,109.70
10000,102400,6381,122.58
10000,10240,2577,99.39
100,102400,9,122.95
10000,102400,3198,121.39
100,10485760,93,4031.39
10000,1048576,7795,615.05
10000,1048576,5776,561.23
10000,10240,1663,106.16
1000,1048576,912,697.95
10000,10240,1659,104.14
10000,10240,8008,95.22
1000,102400,742,120.28
1000,10240,598,109.39
10000,10240,220,102.55
10000,10240,7186,95.37
10000,102400,8071,118.11
10000,102400,1696,112.72
10000,10240,8320,96.49
10000,102400,4613,118.32
10000,1048576,9039,718.28
1000,10485760,192,3792.62
10000,102400,7159,120.25
10000,10240,2049,97.78
10000,102400,6143,114.06
10000,1048576,1875,710.17
10000,10240,1944,107.05
10000,1048576,6024,490.14
10000,1048576,9572,754.59
10000,1048576,8699,541.30
10000,10240,6670,98.69
10000,10240,6025,95.54
10000,10240,5941,99.49
10000,10240,2090,99.85
10000,1048576,2156,666.72
10000,1048576,6262,538.38
10000,1048576,2313,523.91
10000,102400,1457,120.83
1000,10485760,762,3791.22
10000,102400,8845,127.90
10000,102400,1658,113.94
10000,1048576,772,721.22
10000,102400,2581,129.88
10000,10240,4663,101.88
10000,102400,4930,115.08
1000,1048576,156,763.60
10000,1048576,4788,692.66
1000,102400,626,318.64
10000,102400,103,211.58
10000,1048576,939,727.99
10000,10240,653,116.50
10000,1048576,7115,774.50
10000,10240,4917,380.05
10000,102400,8560,123.05
10000,102400,6068,110.50
1000,10240,295,104.42
10000,10240,8050,102.78
10000,102400,4041,114.33
10000,10240,7761,97.06
10000,10240,7785,108.59
10000,1048576,4425,793.17
10000,10240,5663,103.10
10000,102400,7540,106.47
10000,10240,4926,95.98
10000,1048576,5730,760.88
10000,10240,6275,103.90
1000,1048576,343,540.84
10000,102400,1735,116.50
10000,10240,3169,98.99
10000,10240,60,101.38
10000,10240,9905,103.99
10000,102400,2854,118.56
10000,10240,8507,97.61
10000,1048576,8086,701.07
10000,10240,7548,103.10
10000,1048576,9045,561.31
10000,10240,421,102.14
10000,1048576,5464,819.67
10000,1048576,3390,528.31
100,10485760,21,3084.49
10000,10240,5065,114.08
1000,1048576,883,562.09
10000,10240,6190,100.27
1000,10485760,1,3850.04
10000,102400,194,122.84
10000,1048576,6293,515.15
10000,1048576,2780,725.25
1000,10240,273,111.52
10000,102400,1565,115.42
10000,10240,3961,95.50
1000,1048576,317,741.01
10000,102400,958,125.06
10000,102400,3471,110.98
1000,1048576,542,881.63
10000,1048576,8881,715.39
10000,102400,6629,124.69
1000,10240,822,93.29
10000,1048576,1624,662.73
10000,102400,6333,119.02
10000,102400,530,111.91
10000,10240,4190,106.81
10000,1048576,3815,803.04
10000,102400,7684,121.69
10000,102400,5723,111.09
1000,10240,740,88.47
10000,1048576,7080,837.95
10000,102400,1896,124.83
1000,10240,336,97.79
10000,102400,6510,116.86
10000,10240,8054,98.70
1000,10485760,832,3188.77
10000,10240,2502,111.39
100,104857600,44,32018.05
10000,10240,5769,252.42
10000,1048576,3255,784.85
10000,102400,3368,448.38
10000,10240,3912,132.82
10000,10240,6696,316.21
1000,102400,409,126.62
1000,10485760,472,3369.98
1000,10485760,508,3052.95
10000,102400,7259,122.24
10000,10240,6762,110.54
10000,1048576,6792,876.57
10000,10240,713,112.96
10000,1048576,3637,638.95
10000,10240,9604,100.60
10000,10240,7001,100.17
10000,1048576,215,745.13
1000,10485760,254,3252.10
1000,10485760,564,3964.61
10000,102400,93,122.72
10000,10240,9122,106.35
10000,10240,444,103.30
10000,1048576,9556,900.95
10000,102400,4178,132.25
10000,1048576,9041,823.43
10000,10240,9042,114.34
10000,1048576,3011,716.63
10000,1048576,6070,726.96
10000,102400,1455,121.29
1000,102400,277,110.11
10000,102400,6414,117.66
10000,1048576,3106,712.48
10000,1048576,7674,721.45
10000,1048576,1431,531.47
10000,1048576,8396,705.00
10000,102400,2648,118.16
1000,10485760,554,4264.14
10000,1048576,3220,658.61
10000,1048576,8777,754.64
10000,10240,140,103.55
10000,10240,4314,97.86
10000,10240,8384,92.36
1000,1048576,277,772.87
10000,102400,2735,140.73
10000,10240,314,100.08
10000,1048576,3396,760.18
10000,10240,7087,106.20
10000,10240,6009,106.11
10000,102400,1812,118.37
10000,102400,3781,113.96
10000,1048576,3722,692.92
10000,1048576,3256,736.43
10000,10240,6509,116.00
10000,102400,3231,116.48
10000,102400,7131,346.92
10000,1048576,864,694.78
10000,102400,8559,130.79
10000,10240,3026,101.58
10000,10240,4253,97.27
10000,102400,8969,116.89
10000,102400,4793,110.35
1000,10240,12,105.73
1000,1048576,119,826.13
10000,102400,172,128.11
10000,1048576,9741,568.33
10000,102400,9760,125.34
10000,1048576,8599,761.01
10000,102400,7010,120.57
10000,1048576,3228,763.91
10000,10240,4543,294.90
10000,1048576,7663,833.05
10000,102400,9811,127.71
10000,1048576,7855,763.06
10000,102400,540,133.36
10000,102400,2070,132.60
10000,1048576,5515,802.22
10000,1048576,468,780.36
10000,1048576,9398,687.45
10000,102400,2101,125.83
10000,102400,9904,123.35
10000,102400,8954,116.89
10000,102400,3384,122.51
100,104857600,0,33365.98
10000,10240,8180,388.10
10000,10240,2673,264.50
10000,10240,4154,93.84
10000,10240,1873,392.27
10000,102400,7874,113.31
10000,10240,465,102.44
10000,102400,4228,120.89
10000,102400,1598,240.09
10000,1048576,5179,770.12
10000,1048576,7600,1293.80
10000,10240,3511,112.89
10000,1048576,6434,605.72
10000,1048576,5167,694.01
10000,1048576,7511,600.91
1000,10240,837,111.65
10000,10240,4989,97.45
10000,1048576,1762,685.36
10000,10240,4883,109.80
10000,102400,2676,118.23
10000,102400,5262,117.24
1000,1048576,215,723.62
10000,1048576,294,693.18
1000,10485760,627,4416.81
10000,10240,5188,114.67
10000,10240,207,99.06
1000,1048576,390,705.40
10000,10240,8135,112.25
10000,10240,9391,113.54
10000,102400,4048,119.06
10000,10240,8013,99.05
10000,10240,782,105.34
1000,102400,970,119.59
10000,1048576,6681,769.43
10000,10240,2205,108.46
10000,102400,448,119.50
10000,1048576,8689,758.63
10000,1048576,8346,671.90
100,10240,3,107.41
10000,10240,6228,98.00
10000,10240,595,102.83
10000,1048576,871,686.09
10000,10240,9657,104.00
1000,10240,680,91.81
10000,1048576,6575,736.02
10000,1048576,9738,624.35
10000,102400,1069,123.90
10000,1048576,9322,728.05
10000,10240,4409,109.50
10000,102400,7432,110.82
10000,1048576,6361,620.50
10000,1048576,8607,553.33
10000,102400,1570,122.28
10000,10240,1162,97.93
10000,1048576,5574,746.62
1000,102400,767,129.80
10000,1048576,4427,625.06
10000,102400,3385,121.30
10000,1048576,9488,645.44
10000,102400,6856,118.21
10000,102400,5825,128.72
10000,1048576,6295,671.70
10000,1048576,1224,576.33
10000,10240,9702,115.53
10000,10240,9068,92.44
10000,102400,1557,121.61
10000,102400,1698,112.19
10000,1048576,7559,766.01
1000,10485760,524,3095.15
10000,10240,835,121.48
10000,10240,8108,90.00
10000,10240,1015,93.81
10000,102400,205,128.39
1000,1048576,127,739.46
10000,102400,1529,126.29
1000,10240,606,111.59
10000,102400,4393,109.64
10000,10240,7641,100.09
10000,102400,2167,115.14
10000,10240,2995,103.01
1000,102400,231,115.83
10000,10240,9469,97.67
10000,102400,2468,111.62
10000,1048576,1212,844.79
1000,10240,951,107.88
10000,102400,2737,125.65
10000,102400,493,109.53
10000,1048576,3109,829.43
10000,1048576,7435,699.47
10000,10240,709,111.49
10000,1048576,5299,694.48
10000,10240,6573,113.21
10000,10240,7447,101.19
10000,1048576,7581,787.91
10000,102400,4565,130.17
1000,10485760,889,3730.53
10000,10240,7880,104.56
10000,1048576,2663,538.28
1000,10485760,440,3066.43
10000,1048576,1018,575.78
10000,102400,5694,120.72
10000,1048576,7377,690.42
10000,1048576,8422,655.82
10000,102400,2071,117.95
10,102400,4,118.75
10000,102400,4273,126.93
10000,1048576,7826,680.03
10000,102400,2981,129.10
10000,1048576,5667,752.47
10000,102400,8268,121.15
10000,102400,1314,112.86
10000,102400,3318,116.41
10000,102400,5495,119.09
10000,1048576,9147,741.27
10000,1048576,7656,693.38
10000,1048576,2683,809.13
10000,102400,2434,132.31
10000,102400,3278,120.11
10000,1048576,1173,762.05
1000,10485760,45,3874.61
10000,10240,8743,111.02
10000,102400,2452,110.28
10000,1048576,2979,671.61
10000,1048576,1973,576.85
10000,10240,8195,108.19
1000,10240,268,111.93
10000,102400,7821,123.90
10000,10240,3312,103.92
10000,1048576,4866,635.15
1000,10240,804,111.50
10000,102400,2914,126.96
10000,1048576,5435,731.85
10000,102400,6624,125.75
10000,10240,4792,106.42
10000,10240,300,102.64
10000,102400,2681,118.68
10000,10240,9710,101.89
10000,1048576,3656,734.73
1000,10485760,22,3327.39
10000,10240,1779,115.09
10000,10240,97,97.34
10000,102400,8400,119.20
10000,1048576,5425,731.51
1000,102400,751,125.15
10000,102400,6837,119.53
10000,1048576,1214,746.01
10000,102400,8187,123.57
10000,10240,6796,103.20
10000,1048576,365,691.60
10000,10240,8356,115.08
10000,1048576,6219,718.35
10000,10240,6006,108.02
100,10485760,70,3732.44
10000,102400,1359,117.41
10000,10240,1359,99.35
10000,10240,8227,97.36
10000,1048576,4522,745.92
10000,102400,785,121.53
10000,102400,8602,112.94
10000,1048576,1050,749.47
10000,102400,4159,130.21
10000,10240,5326,97.64
1000,102400,806,114.04
10000,10240,9882,103.04
10000,10240,3724,97.14
10000,102400,9910,114.41
10000,1048576,2936,681.67
10000,1048576,527,822.31
10000,1048576,6281,742.36
10000,1048576,3147,774.47
10000,10240,6817,110.67
10000,102400,5731,121.65
10000,10240,7627,98.67
10000,10240,1397,101.37
10000,10240,5067,104.44
10000,1048576,4970,698.77
10000,1048576,2505,619.47
10000,1048576,5484,715.83
1000,10240,489,114.01
10000,102400,3469,124.57
10000,1048576,8983,843.79
10000,10240,8542,118.91
10000,10240,2812,108.78
10000,102400,3932,117.16
10000,10240,9732,98.77
10000,1048576,7627,813.97
10,10240,1,113.61
10000,1048576,8661,835.49
10000,1048576,5489,791.86
100,10240,36,112.43
10000,10240,3056,110.42
10000,10240,3683,97.37
10000,1048576,2111,716.87
10000,10240,9378,105.46
10000,102400,9826,115.50
10000,1048576,1564,670.62
10000,102400,9549,126.83
10000,10240,6680,95.28
10000,102400,4743,139.60
10000,10240,5093,102.64
10000,1048576,8776,728.81
10000,102400,7718,122.19
10000,102400,3921,122.13
10000,10240,1666,103.27
10000,102400,1045,114.08
10000,10240,5420,96.52
10000,102400,2052,112.09
10000,102400,5054,112.73
10000,102400,8002,111.02
10000,1048576,2063,884.00
10000,1048576,7765,695.31
10000,1048576,6097,761.58
10000,1048576,603,822.96
1000,1048576,467,749.99
10000,10240,5783,111.89
10000,10240,460,107.32
10000,10240,4192,105.26
10000,1048576,9645,708.79
1000,1048576,381,701.32
1000,10485760,477,3866.97
10000,102400,1659,124.43
10000,1048576,6589,547.24
10000,102400,5099,117.04
10000,102400,3965,122.20
10000,102400,1197,115.89
10000,1048576,2131,680.14
10000,102400,6508,123.39
10000,10240,1761,91.37
10000,10240,9511,100.06
10000,102400,1073,113.10
10000,102400,8555,118.27
10000,10240,9696,103.83
10000,102400,5672,117.41
10000,1048576,8441,731.09
10000,102400,8941,120.17
1000,102400,853,116.72
10000,102400,9310,115.70
10000,1048576,7789,750.40
10000,10240,1976,102.56
1000,1048576,646,1201.39
10000,10240,2756,113.18
10000,10240,2747,105.41
10000,102400,9404,111.74
10000,10240,6220,102.45
10000,1048576,1089,1859.00
10000,10240,7196,98.10
10000,102400,9750,111.48
10000,10240,8508,95.24
10000,102400,1331,113.49
10000,10240,3607,100.15
10000,102400,18,115.91
10000,10240,1690,103.61
10000,1048576,853,829.18
10000,1048576,3850,586.61
10000,102400,9180,111.44
10000,1048576,3694,643.54
10000,10240,2421,99.16
10000,10240,1337,96.47
10000,102400,8741,115.68
1000,102400,781,116.49
10000,10240,5331,99.84
1000,10240,688,106.19
10000,102400,9354,131.48
10000,10240,5113,100.98
10000,102400,5123,111.92
10000,10240,9131,103.20
10000,102400,1468,108.51
10000,102400,2333,127.35
1000,1048576,204,721.75
10000,102400,5574,127.01
10000,102400,315,109.95
10000,1048576,3021,818.56
10000,1048576,5276,520.62
10000,102400,2507,121.07
10000,10240,618,92.30
10000,1048576,5863,829.28
10000,10240,2617,107.69
10000,10240,1244,100.22
10000,102400,3760,110.69
10000,1048576,7643,820.95
1000,102400,433,116.33
10000,1048576,2301,601.06
10000,10240,8526,102.27
10000,10240,6641,94.80
10000,10240,4628,94.59
10000,10240,9074,99.61
10000,10240,326,95.48
10000,1048576,4244,704.37
10000,10240,7775,102.83
10000,10240,6542,89.19
10000,10240,7382,99.72
10000,1048576,4411,732.15
10000,102400,7474,116.76
10000,10240,5366,86.48
10000,1048576,5577,844.07
10000,1048576,9009,500.26
10000,10240,5249,99.67
10000,10240,286,98.22
10000,102400,325,123.70
10000,102400,6748,118.46
10000,10240,4688,96.75
10000,102400,8343,116.33
10000,1048576,2602,711.62
10000,1048576,7216,739.14
10000,10240,9141,112.93
1000,10240,288,95.36
10,102400,0,113.76
10000,102400,7997,117.06
10000,1048576,8428,684.99
1000,102400,364,121.10
1000,1048576,728,696.56
10000,10240,2574,105.08
10000,102400,2242,121.20
10000,10240,9746,98.46
10000,102400,5532,115.41
10000,10240,9673,102.26
10000,10240,3576,97.12
10000,1048576,476,812.55
10000,10240,389,109.80
10000,102400,8133,115.98
10000,102400,538,115.41
10000,102400,2984,120.52
10000,1048576,2648,739.03
10000,1048576,4072,714.05
10000,102400,2203,126.62
10000,1048576,5374,740.05
10000,10240,2225,100.19
10000,1048576,4657,743.39
10000,102400,7604,129.78
10000,1048576,1415,744.31
10000,10240,3036,106.90
10000,1048576,9098,767.48
1000,10485760,866,2999.79
10000,1048576,7793,789.73
10000,102400,6483,129.85
1000,1048576,8,741.08
10000,10240,7418,114.81
10000,102400,3839,119.78
10000,102400,6312,118.71
10000,102400,5268,116.18
10000,1048576,4218,738.10
10000,102400,5967,131.90
1000,102400,536,113.06
10000,102400,4890,116.51
10000,10240,3526,104.90
10000,1048576,110,682.16
10000,102400,9410,126.46
10000,102400,3533,120.31
10000,102400,6063,108.14
10000,10240,2614,99.01
10000,10240,489,100.44
10000,102400,9182,116.70
1000,102400,821,115.26
1000,1048576,423,767.39
10000,1048576,9372,737.59
10000,1048576,2671,815.21
10000,102400,32,128.47
10000,102400,1987,114.02
1000,102400,169,116.30
10000,10240,9153,100.75
10000,102400,218,115.39
10000,10240,5298,99.96
10000,10240,3843,98.72
10000,1048576,3546,715.58
10000,102400,7614,126.29
10000,1048576,5668,716.03
10000,10240,3235,103.33
10000,102400,344,116.46
10000,102400,4549,107.10
10000,10240,7791,105.01
10000,1048576,1894,754.57
10000,102400,4803,125.27
10000,1048576,5945,562.85
10000,10240,9524,98.55
1000,10240,718,99.46
10000,102400,9850,123.65
10000,10240,1865,99.94
10000,10240,4821,96.47
10000,10240,3848,102.58
10000,1048576,5314,682.61
10000,10240,4707,110.26
10000,1048576,9359,770.01
10000,10240,2303,115.27
10000,102400,6877,111.84
10000,10240,7545,109.97
10000,1048576,7076,796.95
1000,10485760,299,3436.33
100,104857600,88,28489.54
10000,10240,2629,370.85
10000,102400,3614,116.73
10000,10240,2901,96.94
10000,1048576,7488,815.18
10000,10240,312,317.83
10000,10240,4973,135.69
10000,1048576,1216,820.54
1000,10485760,694,3946.03
10000,10240,7937,287.46
10000,1048576,5180,621.98
10000,102400,9763,132.41
10000,10240,5264,96.92
10000,102400,121,109.38
10000,10240,4176,101.39
10000,1048576,7030,818.49
10000,102400,2036,121.86
1000,1048576,240,640.54
10000,1048576,550,704.23
10000,10240,2709,107.81
10000,1048576,9125,646.20
1000,102400,839,131.44
10000,10240,669,104.64
10000,10240,935,98.46
10000,10240,5469,103.37
10000,1048576,3810,689.80
10000,1048576,373,555.49
10000,102400,5810,121.78
10000,1048576,897,792.87
10000,10240,6749,114.94
10000,10240,4723,101.78
10000,1048576,1380,694.67
10000,10240,6650,114.20
10000,102400,5083,120.14
10000,1048576,9853,730.04
10000,102400,8277,123.05
10000,10240,4845,93.91
10000,10240,523,92.41
10000,102400,8584,109.29
10000,10240,1604,95.96
10000,102400,2896,110.46
10000,10240,7598,106.31
1000,10485760,8,4164.60
10000,1048576,371,538.37
10000,102400,1515,113.55
10,104857600,8,32296.62
10000,102400,1700,311.09
10000,10240,5894,233.18
1000,1048576,360,581.42
10000,102400,6622,158.36
100,1048576,0,879.05
10000,102400,1997,128.19
10000,102400,9201,112.50
10000,102400,264,110.83
10000,10240,6498,96.32
1000,10240,625,96.90
10000,1048576,1815,705.86
10000,102400,9929,122.86
10000,1048576,1052,524.23
10000,102400,3108,111.36
10000,102400,66,117.88
10000,102400,864,110.53
10000,1048576,6739,718.97
10000,10240,4655,111.08
10000,1048576,2612,576.43
10000,10240,7875,103.72
10000,10240,2749,105.35
1000,10485760,529,3159.39
10000,102400,3678,146.53
10000,1048576,8291,488.65
1000,102400,34,113.38
10000,1048576,6523,785.98
10000,1048576,4195,596.46
100,1048576,54,784.00
10000,10240,6808,117.53
10000,1048576,3974,781.77
10000,102400,2392,119.78
10000,10240,9663,108.11
10000,102400,2880,111.56
10000,102400,5933,115.20
10000,10240,6931,101.14
10000,10240,9388,113.42
10000,102400,9226,113.85
10000,102400,4740,127.26
10000,102400,8011,115.83
10000,10240,1290,96.53
1000,10485760,906,3850.63
10000,1048576,2701,952.21
10000,10240,5938,122.28
1000,10485760,542,3331.87
10000,102400,9663,212.07
100,10485760,24,3618.23
100,104857600,93,29731.71
10000,102400,1875,168.96
10000,1048576,9208,595.69
10000,10240,9284,104.18
100,1048576,5,563.18
1000,10485760,383,3324.12
10000,1048576,5661,721.42
10000,1048576,1550,581.36
10000,10240,4564,108.23
10000,1048576,4988,754.87
1000,10485760,892,3145.72
1000,102400,431,154.75
10000,10240,1722,99.85
10000,1048576,1193,848.49
10000,10240,1030,110.13
10000,10240,9105,107.45
10000,1048576,6751,723.33
10000,1048576,7177,620.69
10000,10240,5635,109.47
10000,10240,1441,96.16
10000,102400,6013,140.47
10000,1048576,1444,539.78
10000,10240,5687,103.10
10000,102400,3283,115.88
10000,10240,5489,100.14
10000,1048576,2837,788.63
10000,102400,2964,122.01
10000,102400,2290,119.49
10000,10240,1634,100.21
10000,10240,3851,96.56
1000,10240,388,101.90
10000,1048576,2145,814.72
10000,102400,1108,121.92
10000,102400,3750,114.42
10000,1048576,5626,1385.10
10000,10240,7240,105.02
10000,1048576,3696,5358.46
10000,102400,4689,123.29
10000,10240,2121,98.23
10000,10240,6720,102.85
1000,102400,617,122.68
10000,10240,3737,102.48
10000,1048576,187,2927.08
10000,102400,3282,120.50
10000,102400,548,114.09
10000,102400,4984,106.32
10000,1048576,1711,2877.74
10000,102400,6363,116.20
1000,10240,852,99.00
10000,1048576,5208,5133.12
10000,10240,6350,229.22
10000,1048576,7271,3490.91
10000,102400,7190,114.76
10000,1048576,3357,6680.88
10000,102400,2988,260.21
100,102400,97,221.77
10000,10240,7030,98.82
10000,1048576,7575,6195.73
10000,10240,6070,104.98
100,102400,96,123.11
10000,1048576,7736,4226.01
10000,10240,7347,105.97
10000,10240,3782,244.97
10000,10240,666,95.57
10000,10240,6366,99.25
10000,10240,2336,101.71
10000,1048576,103,5136.38
10000,1048576,5818,4587.86
10000,102400,9643,159.68
10000,102400,9525,272.29
10000,1048576,5561,551.03
10000,10240,8028,105.59
10000,102400,1990,111.93
10000,1048576,7439,1587.49
10000,102400,1413,275.86
10000,1048576,5839,1252.32
10000,102400,3176,149.81
10000,1048576,5285,1202.91
10000,1048576,8243,1169.67
10000,102400,2131,118.63
1000,102400,391,124.20
10000,10240,9330,833.30
10000,10240,9460,108.91
10000,102400,1180,120.47
10000,10240,4013,102.86
1000,102400,289,120.92
10000,1048576,4766,779.89
10000,1048576,9552,704.23
10000,10240,3448,112.81
10000,102400,3854,116.85
10000,1048576,4722,1033.90
10000,1048576,3786,1188.57
10000,102400,2390,121.66
10000,102400,7043,103.66
10000,102400,5047,129.52
10000,1048576,1044,1056.45
10000,102400,518,121.39
10000,1048576,7541,1312.90
10000,102400,4439,132.23
10000,1048576,241,1214.73
10000,10240,2770,100.32
10000,102400,12,114.00
10000,10240,262,91.70
10000,1048576,2492,1311.30
10000,1048576,5136,1537.70
10000,102400,2574,130.15
10000,10240,6390,94.10
10000,1048576,4937,1439.13
10000,10240,6330,107.39
10000,1048576,2382,2145.12
10000,1048576,8969,1253.46
10000,102400,2484,219.74
10000,1048576,9535,1462.20
10000,10240,8469,101.45
10000,1048576,7397,1312.90
10000,102400,7914,120.65
10000,10240,9642,100.33
10000,1048576,8639,1426.40
10000,102400,7215,121.16
10000,1048576,4513,1483.91
10000,10240,7355,107.07
100,104857600,58,30574.07
10000,102400,9653,279.07
10000,1048576,3364,1684.20
10000,1048576,1370,1064.53
10000,1048576,7285,1337.17
10000,1048576,7058,3040.93
10000,10240,4673,216.53
10000,102400,4017,122.56
1000,10240,150,99.75
10000,10240,345,101.17
10000,10240,5479,105.21
10000,102400,9002,124.58
1000,1048576,854,1907.37
10000,1048576,2907,1728.54
10000,1048576,3724,1513.36
10000,10240,5007,115.74
100,1048576,44,1780.78
10000,10240,513,108.68
10000,102400,3664,128.54
10000,102400,1306,119.53
1000,1048576,9,2081.91
1000,1048576,331,1592.94
10000,1048576,9514,3528.98
10000,1048576,9386,1223.76
10000,102400,812,127.78
10000,10240,3171,99.52
10000,1048576,1085,1776.91
10000,1048576,5364,1281.33
10000,1048576,4220,1412.35
10000,10240,2820,104.92
10000,10240,4724,107.36
10000,10240,3282,103.52
1000,10485760,5,66344.71
10000,1048576,7422,2701.12
1000,10240,251,140.39
10000,102400,2548,113.37
10000,1048576,9362,3165.16
10000,102400,9174,267.08
10000,10240,1689,118.64
10000,1048576,6665,1407.89
10000,10240,558,102.82
10000,102400,9465,118.42
10000,10240,2910,94.54
1000,1048576,402,2376.81
10000,10240,1010,105.44
10000,102400,1222,218.81
10000,10240,7953,97.22
100,102400,5,121.57
10000,1048576,664,1889.51
1000,1048576,964,1576.25
10000,102400,7727,130.59
10000,1048576,5329,1235.96
10000,1048576,1436,29252.33
10000,102400,1759,189.28
10000,102400,6078,295.48
10000,102400,2878,263.32
10000,10240,1740,98.11
10000,1048576,5762,2125.78
10000,10240,9205,114.33
10000,10240,4147,97.25
10000,102400,2165,121.57
10000,10240,584,102.58
10000,102400,8955,121.92
10000,10240,7334,120.08
10000,10240,4286,107.10
10000,10240,5144,105.08
10000,10240,2607,103.13
10000,10240,7152,130.13
10000,1048576,5361,1720.42
10000,1048576,6243,2187.11
10000,10240,4436,113.98
1000,10485760,800,15132.15
10000,10240,4439,239.07
10000,1048576,4692,1627.77
10000,1048576,1338,3070.15
10000,1048576,8188,2325.14
10000,10240,138,115.93
10000,1048576,752,2122.57
1000,102400,912,125.92
10000,102400,9880,246.67
10000,1048576,9053,1439.40
1000,10240,925,110.11
10000,1048576,1457,1753.78
10000,102400,4212,122.39
1000,102400,130,244.87
10000,1048576,7848,2017.64
10000,10240,1592,110.06
10000,1048576,1536,1683.42
10000,1048576,9842,1276.51
10000,1048576,5649,1484.33
10000,1048576,9299,1667.12
10000,1048576,8162,1772.79
10000,102400,3798,133.55
1000,10240,63,94.43
10000,10240,4186,105.05
10000,1048576,6790,2294.65
10000,10240,8479,108.98
10000,1048576,5987,4228.51
10000,10240,6540,120.10
1000,10485760,796,18174.81
10000,10240,2312,264.76
10000,10240,3571,110.08
10000,102400,1805,336.52
10000,10240,5996,97.26
10000,10240,4794,121.70
10000,10240,3781,105.48
10000,1048576,1802,4001.62
10000,1048576,9486,3775.98
10000,1048576,1730,2853.95
10000,102400,9817,138.50
10000,102400,3374,129.57
10000,102400,2118,131.91
10000,10240,8759,126.06
10000,102400,5232,138.11
10000,1048576,3813,2223.32
1000,10240,810,140.29
1000,102400,348,132.60
1000,102400,992,133.16
10000,102400,3168,122.94
100,1048576,2,2012.94
10000,10240,9802,123.60
10000,1048576,4420,1708.80
10000,1048576,9105,1503.88
1000,102400,112,134.67
10000,102400,6994,115.73
10000,1048576,9262,1999.57
10000,102400,803,144.35
100,10240,49,109.49
1000,10240,875,111.14
10000,1048576,4385,1604.94
10000,1048576,692,2194.60
10000,102400,4227,135.29
1000,1048576,65,1199.11
10000,1048576,6080,989.96
10000,10240,8848,110.44
10000,10240,2177,118.08
10000,102400,5596,123.87
10000,102400,79,127.62
10000,102400,892,118.83
10000,1048576,8199,1640.48
10000,10240,1682,117.41
10000,102400,4636,123.41
10000,102400,8181,127.03
10000,102400,4525,122.87
10000,1048576,3113,1425.67
1000,102400,203,129.33
10000,10240,8190,103.25
1000,102400,464,118.23
10000,102400,3896,118.82
10000,102400,3011,121.13
10000,10240,5972,103.42
10000,102400,2232,117.66
10000,1048576,5253,4035.85
10000,102400,7340,155.19
10000,1048576,6448,1191.90
1000,10485760,179,6489.75
10000,1048576,8409,1287.44
10000,10240,5075,126.00
10000,1048576,221,3423.50
10000,10240,7151,112.51
10000,10240,4091,109.24
10000,1048576,7567,1464.22
1000,102400,436,136.89
1000,10240,158,112.55
10000,102400,2048,124.83
10000,102400,8628,127.27
10000,102400,5176,135.21
10000,1048576,5498,1559.92
1000,10240,743,165.77
10000,102400,4247,186.89
1000,102400,92,148.83
10000,1048576,9732,1338.18
1000,10240,691,116.64
1000,102400,100,129.65
10000,102400,9137,119.08
10000,10240,4434,106.00
10000,102400,8370,138.63
10000,102400,6635,129.34
10000,102400,2142,126.70
10000,10240,3210,108.38
10000,10240,3371,120.27
10000,1048576,4817,1360.56
10000,102400,9604,129.80
10000,1048576,6918,2097.46
1000,10485760,752,10857.80
10000,10240,4631,172.25
10000,102400,3670,126.33
10000,10240,566,97.29
10000,102400,6166,120.38
10000,1048576,2117,2225.76
10000,10240,4416,102.66
10000,10240,5558,89.20
10000,10240,5650,98.65
10000,1048576,8047,1618.40
10000,102400,8235,122.94
10000,102400,4020,113.65
10000,10240,8335,95.13
1000,10485760,349,24430.56
10000,10240,6717,341.50
1000,102400,614,120.35
10000,10240,5052,118.95
10000,1048576,6193,6130.39
10000,10240,5477,105.56
10000,1048576,1200,5831.69
10000,10240,5129,105.79
10000,10240,3456,95.70
10000,1048576,4161,13131.98
10000,10240,7784,247.81
1000,10240,279,164.18
10000,102400,6602,215.88
10000,10240,2054,229.65
10000,10240,6950,91.08
10000,102400,3552,115.01
10000,1048576,8475,4051.43
10000,102400,9976,275.43
10000,102400,1634,108.88
1000,10240,900,101.40
10000,10240,6065,95.02
10000,102400,5477,119.46
10000,102400,585,117.72
10000,1048576,2828,8862.70
10000,102400,8821,124.91
10000,1048576,4473,6326.28
1000,1048576,707,3885.14
10000,1048576,2725,5225.68
10000,1048576,2926,8812.06
10000,10240,8259,215.57
10000,10240,4281,129.07
10000,10240,4756,93.99
10000,1048576,5249,4974.84
1000,10240,970,228.45
10000,102400,1688,113.95
10000,1048576,7702,2475.38
10000,1048576,4279,2839.53
10000,1048576,2435,3112.72
10000,1048576,804,3625.21
10000,10240,2943,106.30
1000,1048576,319,2744.44
1000,10485760,485,19645.81
10000,10240,7351,268.10
10000,102400,5570,110.18
10000,1048576,1865,1253.62
10000,102400,1241,123.70
10000,102400,546,239.24
10000,1048576,6172,1668.35
1000,1048576,246,2498.48
10000,1048576,5821,9403.36
10000,10240,93,247.28
10000,102400,916,192.22
10000,10240,4215,106.88
10000,102400,3212,114.53
10000,10240,1494,221.08
10000,102400,9333,119.91
10000,10240,6123,109.78
10000,10240,799,115.89
10000,1048576,3286,6390.96
10000,102400,1902,118.32
10000,1048576,3651,2971.98
10000,10240,7342,252.02
10000,1048576,3572,4514.95
10000,1048576,9427,9837.94
10000,10240,4922,232.24
10000,1048576,8697,2843.95
10000,1048576,6344,3418.91
10000,10240,5750,138.06
1000,102400,950,130.12
10000,102400,7473,124.75
10000,102400,5695,158.25
10000,102400,962,115.50
10000,1048576,932,6512.08
10000,10240,1231,214.48
10000,1048576,6678,9256.71
10000,102400,492,116.25
1000,10485760,425,40728.00
10000,1048576,8367,1675.15
10000,1048576,9280,1278.14
10000,1048576,855,1676.62
10000,1048576,4665,1455.87
10000,102400,4573,245.24
10000,10240,4451,246.55
10000,10240,2355,107.58
10000,10240,1059,104.06
1000,10240,46,107.10
10000,1048576,4738,1501.40
10000,1048576,8074,1241.30
10000,10240,4573,105.23
10000,102400,4465,119.08
10000,10240,1106,106.91
1000,1048576,382,1445.11
10000,102400,5147,129.99
1000,102400,73,141.09
10000,1048576,7407,3150.95
10000,10240,3909,108.55
10000,10240,7574,98.11
10000,10240,1806,98.13
10000,102400,3733,125.56
10000,10240,4562,104.47
10000,10240,8512,102.35
1000,10240,957,108.80
10000,102400,3803,118.06
1000,10240,828,104.07
10000,10240,5439,97.98
10000,10240,7071,99.09
1000,10485760,641,27429.13
10000,1048576,1994,1924.12
10000,102400,7730,251.76
10000,10240,4693,224.63
10000,10240,697,109.75
10000,1048576,7955,2821.95
10000,102400,9988,248.40
10000,102400,9937,113.80
10000,102400,8682,113.11
10000,10240,3350,105.94
10000,10240,5701,103.77
10000,10240,3736,116.11
10000,10240,6336,104.72
10000,102400,5201,116.27
10000,1048576,3181,2500.32
1,10240,0,107.48
10000,102400,4407,118.51
1000,102400,916,125.76
1000,10240,433,113.03
10000,10240,9179,115.17
10000,102400,5931,117.97
1000,1048576,919,1606.00
10000,1048576,121,1531.64
10000,102400,6169,125.08
10000,102400,8906,109.80
10000,1048576,6807,2285.10
10000,10240,9541,107.56
1000,102400,350,122.22
10000,10240,9029,116.77
10000,1048576,1816,2560.09
1000,10240,783,111.86
10000,1048576,258,4321.06
1000,10485760,504,30875.44
10000,10240,1159,382.27
10000,1048576,4809,962.48
10000,102400,3547,139.11
10000,1048576,2214,1166.66
10000,1048576,8682,1028.60
10000,10240,2947,114.15
10000,1048576,4953,1150.21
10000,10240,2920,137.59
10000,102400,7513,124.22
10000,10240,288,98.10
10000,102400,1691,118.58
1000,102400,309,121.72
10000,1048576,4634,1614.06
10000,102400,7492,123.68
10000,10240,8611,94.97
1000,1048576,764,1307.66
10000,10240,4600,105.91
10000,102400,7267,109.60
1000,102400,253,106.40
10000,102400,472,118.88
10000,10240,7635,98.29
1000,1048576,471,1389.25
10000,102400,6254,129.06
10000,10240,3078,96.73
10000,1048576,4855,1699.82
10000,102400,9887,125.24
10000,1048576,7366,1778.16
10000,102400,2953,132.34
10000,1048576,9988,1579.84
1000,10240,142,121.25
100,1048576,15,1385.57
10000,10240,8123,104.72
10000,1048576,6332,903.09
10000,102400,3342,133.62
10000,1048576,9511,1047.23
1000,10485760,619,5521.59
1000,10485760,880,5036.82
10000,102400,8456,250.26
10000,1048576,9878,5202.43
10000,102400,5512,133.44
10000,1048576,570,2907.50
10000,1048576,7353,3854.79
10000,1048576,3604,3730.14
10000,1048576,7263,2245.62
10000,10240,870,234.31
10000,102400,1923,119.27
10000,102400,5203,127.21
10000,102400,2837,124.18
10000,10240,1822,104.36
10000,102400,4394,121.12
10000,10240,839,104.26
10000,1048576,1172,1884.95
10000,1048576,4933,3694.93
10000,1048576,4030,3306.40
10000,102400,9800,129.22
1000,102400,841,123.80
10000,10240,1255,105.72
10000,102400,212,120.86
10000,102400,6969,113.89
10000,10240,2785,98.92
10000,102400,9483,120.39
10000,10240,4765,211.80
10000,102400,4190,119.78
10000,102400,282,122.83
10000,102400,1240,123.76
10000,1048576,4426,4082.41
10000,102400,7350,119.47
10000,102400,9853,107.79
10000,10240,5474,106.53
10000,10240,1371,106.05
10000,1048576,1376,2552.91
10000,102400,8931,125.78
10000,10240,4301,102.83
10000,1048576,4176,4432.51
10000,1048576,7662,2464.61
10000,10240,9280,110.96
10000,1048576,3592,3113.33
1000,102400,739,119.59
10000,102400,4458,111.65
10000,1048576,7921,2387.59
1000,10240,201,224.80
10000,1048576,7103,2197.06
10000,1048576,9658,1399.80
10000,102400,1866,385.30
10000,10240,7601,95.30
10000,102400,5505,113.93
10000,1048576,707,1679.34
1000,10485760,200,39515.05
10000,10240,2834,195.83
10000,102400,8211,259.31
10000,10240,5662,106.89
10000,10240,5787,324.54
10000,102400,7803,127.09
10000,10240,4018,102.38
10000,10240,6162,100.12
10000,102400,4361,120.34
10000,1048576,7046,4740.71
100,1048576,86,5862.80
1000,10485760,241,17415.24
10000,102400,8620,369.53
1000,1048576,216,2446.56
10000,102400,4181,155.56
10000,102400,9734,123.18
1000,1048576,834,2880.78
10000,102400,1254,255.08
1000,102400,959,118.80
10000,10240,4754,99.70
10000,10240,9290,98.41
10000,102400,9510,132.44
10000,1048576,4141,1836.58
10000,102400,6531,129.57
10000,10240,6811,109.49
10000,1048576,9554,2221.97
1000,102400,53,134.94
10000,102400,1936,123.76
1000,102400,452,122.01
1000,1048576,534,2672.09
10000,10240,2350,102.64
10000,102400,3787,111.74
1000,10485760,30,25418.84
10000,10240,5150,263.61
10000,1048576,4825,4438.80
10000,10240,2369,103.84
10000,102400,586,121.57
1000,102400,448,134.84
1000,1048576,184,2872.03
10000,10240,6654,106.73
10000,102400,3223,114.99
10000,102400,1261,240.15
10000,102400,367,118.16
10000,1048576,9428,5057.65
1000,102400,820,122.51
10000,102400,1542,113.28
10000,102400,7568,111.08
10000,102400,9796,117.16
10000,10240,8877,107.11
10000,1048576,6737,4036.58
10000,10240,8570,335.58
10000,10240,2997,107.93
10000,1048576,433,2161.93
10000,1048576,586,4601.28
10000,10240,1149,118.32
10000,1048576,5788,3925.00
10000,10240,9145,104.21
10000,1048576,7119,4310.84
10000,10240,331,114.49
10000,102400,1302,225.13
10000,102400,1723,229.93
10000,102400,359,115.47
1000,102400,5,123.20
10000,102400,4423,118.73
10000,102400,8732,121.09
10000,102400,7745,116.79
10000,102400,7252,287.71
10000,102400,9678,446.90
10000,102400,7339,128.09
10000,102400,5788,122.71
1000,1048576,924,2786.25
10000,10240,943,104.91
10000,10240,5675,96.73
10000,102400,3034,127.34
10000,10240,5271,96.30
1000,10485760,391,19445.81
10000,1048576,98,2725.31
1000,10485760,625,6270.30
10000,1048576,9304,797.02
10000,10240,1190,114.23
10000,1048576,7932,547.83
10000,102400,6262,126.83
10000,1048576,4305,855.79
1000,1048576,68,3443.30
10000,1048576,3044,753.00
10000,10240,1339,115.64
10000,1048576,3475,1232.14
10000,1048576,6675,611.61
10000,1048576,1227,791.48
10000,10240,2767,113.44
1000,10240,597,105.47
10000,10240,7870,103.30
10000,102400,1268,121.43
10000,1048576,7417,747.18
10000,102400,7439,122.67
10000,102400,8170,116.76
10000,1048576,7864,798.23
10000,1048576,8644,954.52
10000,102400,9011,130.40
10000,10240,4646,102.71
10000,102400,9973,120.47
10000,102400,3153,118.46
10000,1048576,5568,808.55
10000,102400,9433,127.20
10000,10240,6067,111.22
10000,102400,9230,131.03
10000,1048576,2644,825.21
10000,10240,1758,116.19
10000,1048576,7149,767.40
10000,10240,5892,103.13
10000,102400,4376,120.04
10000,102400,256,113.12
10000,1048576,8752,846.60
10000,102400,74,128.68
10000,10240,3640,111.69
1000,10240,775,105.57
10000,10240,185,105.28
10000,102400,9791,132.78
10000,10240,3434,102.58
10000,102400,6298,124.54
10000,1048576,9238,798.23
10000,102400,5653,134.65
10000,10240,8866,97.60
10000,1048576,8490,806.33
10000,1048576,1981,804.57
10000,102400,3638,135.06
10000,10240,3201,105.11
10000,102400,9804,124.26
10000,1048576,2306,831.04
10000,102400,138,130.59
10000,1048576,4594,811.78
10000,10240,8853,108.92
10000,102400,7384,127.38
10000,10240,3447,103.50
10000,10240,2006,107.58
10000,10240,4582,100.48
10000,1048576,3644,800.54
10000,1048576,6002,548.63
10000,1048576,8781,718.10
10000,1048576,9400,637.74
1000,10240,498,110.58
10000,1048576,112,666.87
10000,10240,2036,110.24
10000,102400,2934,116.58
10000,10240,5631,105.80
10000,10240,4938,98.65
10000,102400,1142,115.48
10000,102400,1367,111.81
10000,1048576,1905,958.73
10000,1048576,1255,837.44
10000,1048576,2554,819.34
10000,102400,2483,126.90
10000,10240,6936,101.43
1000,1048576,676,699.18
10000,1048576,7944,756.41
10000,102400,6211,127.32
10000,10240,4435,96.42
10000,1048576,577,878.64
10000,1048576,5384,588.58
10000,1048576,1765,497.69
1000,102400,643,123.58
10000,1048576,6811,694.11
10000,10240,6427,112.90
1000,1048576,568,675.61
10000,10240,8620,101.23
10000,1048576,2563,813.83
10000,10240,4042,109.70
1000,10485760,950,3235.89
1000,1048576,62,666.12
10000,10240,721,104.98
10000,10240,1974,89.76
10000,1048576,2650,820.32
10000,102400,2060,120.16
10000,10240,1603,91.63
10000,1048576,3975,795.90
10000,10240,7211,109.21
10000,1048576,8971,514.95
1000,10485760,773,3592.48
10000,102400,4012,129.23
1000,10240,920,105.41
10000,1048576,3551,838.74
10000,1048576,8289,624.06
10000,1048576,6079,629.33
10000,102400,123,115.31
10000,1048576,9818,716.11
10000,1048576,1030,580.49
10000,10240,6327,109.43
10000,1048576,2250,692.12
10000,1048576,4775,516.35
10000,1048576,780,518.49
10000,1048576,6573,613.84
10000,102400,9784,131.53
10000,1048576,6724,600.71
10000,10240,492,116.64
10000,102400,8948,116.44
10000,1048576,9267,732.88
10000,1048576,1529,630.41
10000,1048576,5986,740.30
10000,1048576,2805,869.76
10000,10240,4182,107.90
10000,10240,3294,98.10
10000,1048576,5468,1199.99
10000,10240,2347,115.77
10000,102400,4889,116.72
100,104857600,2,60930.25
10000,10240,7003,459.15
10000,102400,8273,295.96
10000,10240,6244,142.40
10000,10240,9193,115.27
10000,1048576,7705,5735.14
1000,1048576,453,5466.71
10000,102400,5308,389.82
10000,102400,4143,124.57
10000,1048576,1946,4229.57
10000,102400,921,124.42
10000,10240,6030,106.12
10000,1048576,3655,7350.61
10000,102400,4574,229.62
10000,1048576,6278,4607.09
10000,10240,642,118.79
1000,10485760,165,27912.32
10000,1048576,6388,731.06
1000,10240,883,143.23
10000,1048576,2246,694.69
10000,10240,3107,107.31
1000,10240,674,338.78
10000,102400,61,116.02
10000,1048576,7519,891.42
10000,1048576,4589,778.50
100,1048576,39,886.80
10000,10240,7386,107.33
10000,10240,6525,101.88
10000,10240,3632,99.30
10000,102400,3944,129.25
10000,102400,8898,121.92
10000,10240,7924,120.68
1000,102400,800,119.94
10000,1048576,4258,901.50
10000,102400,8826,129.91
10000,10240,330,99.72
10000,102400,4040,121.75
10000,10240,660,103.46
10000,10240,7962,103.66
10000,10240,1550,105.14
10000,1048576,3397,795.59
1000,1048576,414,632.76
1000,102400,179,123.99
10000,10240,1383,101.16
10000,1048576,610,780.71
10000,10240,1599,103.91
10000,102400,4340,114.65
10000,10240,4730,95.63
10000,1048576,4686,775.53
10000,102400,213,128.01
10000,102400,4541,107.35
10000,102400,173,112.06
10000,10240,6513,95.01
10000,1048576,178,759.29
10000,10240,7410,106.50
10000,102400,728,115.54
10000,102400,275,115.22
10000,102400,2072,111.30
10000,10240,2989,101.33
10000,10240,7390,106.96
10000,102400,2154,123.05
10000,1048576,482,730.46
10000,10240,6195,109.65
1000,1048576,887,843.31
1000,10485760,456,4314.31
10000,1048576,7873,640.41
10000,1048576,1272,646.02
10000,102400,8514,127.63
10000,10240,9761,103.83
10000,102400,3178,121.18
100,10240,50,108.45
10000,1048576,3041,822.58
10000,1048576,534,621.93
10000,102400,2511,121.86
10000,10240,4328,97.20
10000,10240,2643,103.83
10000,10240,7557,103.27
10000,1048576,869,901.50
10000,102400,4631,125.92
10000,1048576,601,632.07
10000,1048576,3072,733.42
10000,10240,1786,107.51
10000,102400,4660,126.69
10000,1048576,2481,796.44
10000,1048576,1,826.34
10000,102400,7412,133.25
10000,1048576,7113,686.89
10000,10240,3816,115.72
10000,102400,7844,124.15
10000,10240,6460,100.92
10000,10240,884,123.43
100,10240,11,103.56
10000,10240,5968,103.21
10000,1048576,2918,821.95
10000,1048576,5430,782.76
10000,1048576,1989,964.26
10000,1048576,3323,538.52
10000,102400,1129,115.72
10000,102400,2444,114.19
10000,102400,947,120.64
10000,10240,8333,104.32
10000,10240,5002,99.94
10000,1048576,3794,2825.09
10000,102400,3719,115.39
10000,102400,2860,111.92
1000,10240,335,105.12
10000,1048576,7206,3971.95
10000,1048576,6975,3056.38
10000,102400,5121,121.39
10000,10240,9870,101.74
10000,1048576,87,4813.34
10000,10240,5023,208.64
10000,10240,9044,99.46
10000,102400,2748,107.75
10000,102400,7838,116.38
10000,10240,9359,102.71
10000,10240,9794,100.38
10000,102400,753,118.88
10000,10240,9809,107.45
10000,1048576,4105,4881.78
10000,10240,8251,112.01
10000,1048576,6801,3992.82
10000,102400,6913,120.52
100,102400,6,112.34
10000,102400,7816,114.90
10000,102400,5912,115.39
10000,1048576,1866,3526.96
10000,1048576,9959,3514.06
10000,1048576,7093,9205.13
10000,102400,8319,123.33
10000,1048576,1884,4228.09
10000,1048576,6787,1256.75
1000,102400,741,127.00
10000,102400,4728,154.46
1000,1048576,718,726.17
10000,102400,4035,246.35
10000,102400,4763,127.64
10000,1048576,872,626.98
10000,102400,3767,123.84
10000,102400,2598,122.74
1000,10485760,129,4886.03
10000,1048576,9796,861.26
10000,10240,7253,210.48
10000,10240,5371,104.85
10000,10240,5494,105.64
1000,10485760,582,3597.60
10000,102400,9345,128.67
10000,102400,6424,114.96
10000,10240,8673,94.92
10000,102400,6595,112.63
10000,102400,1934,132.66
10000,102400,4644,120.95
10000,10240,1334,184.93
10000,102400,5463,298.47
10000,10240,9241,191.55
10000,102400,9938,117.22
10000,1048576,9705,825.00
10000,102400,5327,127.03
1000,1048576,54,591.62
1000,10485760,402,4376.10
10000,1048576,3833,594.18
10000,1048576,3755,601.16
1000,10240,969,104.58
10000,10240,6370,97.26
10000,1048576,6115,840.63
10000,1048576,1590,633.26
10000,10240,5811,112.06
1000,102400,987,209.91
10000,10240,6369,99.14
10000,10240,6752,102.91
10000,10240,76,100.56
10000,10240,6356,98.97
10000,102400,9167,118.52
10000,10240,7124,102.69
10000,102400,7348,115.06
10000,1048576,3172,679.30
10000,102400,5947,121.52
10000,1048576,6143,691.18
10000,10240,5347,104.70
10000,1048576,8059,669.12
10000,102400,5586,122.40
10000,10240,9704,101.85
10000,102400,392,115.11
10000,102400,7167,121.37
10000,102400,5755,118.42
1000,10485760,601,4150.88
10000,1048576,6481,535.46
10000,102400,4088,121.16
10000,1048576,3926,881.42
1000,1048576,867,595.35
10000,10240,5201,104.30
1000,10240,813,95.57
10000,1048576,7124,793.91
10000,102400,3415,123.50
10000,1048576,4269,567.53
10000,10240,395,107.17
10000,102400,3991,120.71
100,102400,18,118.62
10000,102400,2400,114.84
10000,1048576,6336,713.54
10000,10240,7177,226.07
10000,1048576,5642,576.06
10000,102400,4435,117.90
10000,102400,7065,122.54
10000,10240,9041,104.05
10000,1048576,9768,773.77
10000,1048576,1853,521.46
10000,102400,8433,119.19
10000,1048576,2427,852.67
10000,102400,6481,120.60
10000,1048576,2755,601.73
10000,10240,8804,111.83
10000,102400,6919,118.08
10000,10240,7786,98.33
10000,102400,1535,118.04
10000,1048576,2966,863.45
10000,10240,9071,105.09
1000,10240,513,95.99
10000,10240,1496,97.95
10000,1048576,8014,746.66
10000,10240,4846,109.66
10000,102400,6364,124.36
10000,102400,4079,121.28
10000,10240,366,102.16
10000,10240,3106,98.64
1000,1048576,17,737.73
10000,1048576,4452,660.30
1000,10240,8,105.27
10000,1048576,7231,1757.78
10000,1048576,7535,645.46
10000,1048576,143,507.16
10000,102400,4016,117.56
1000,10240,365,102.25
10000,10240,9958,101.03
10000,1048576,3139,793.55
10000,10240,7923,107.87
10000,10240,1023,100.75
10000,102400,6824,116.96
1000,102400,775,118.32
10000,1048576,9139,808.70
10000,10240,3344,109.65
10000,1048576,2568,974.13
10000,102400,745,120.42
10000,1048576,2204,512.30
10000,1048576,5226,589.47
1000,10485760,84,4306.44
10000,10240,8334,123.71
10000,102400,7680,114.65
10000,1048576,9905,700.37
10000,1048576,5352,666.19
10000,10240,1892,103.35
1000,10240,81,103.64
10000,10240,9768,103.81
10000,10240,7499,100.58
10000,10240,8487,103.20
10000,1048576,9555,955.20
10000,10240,9692,233.70
10000,1048576,3443,699.99
10000,1048576,1870,523.65
10000,1048576,4569,771.20
10000,102400,6526,133.34
10000,102400,4871,122.06
10000,10240,1135,97.81
1000,102400,416,115.65
10000,10240,7050,99.84
10000,102400,6667,121.93
10000,1048576,9694,879.25
10000,1048576,5854,723.17
10000,102400,5139,125.19
10000,10240,2319,101.96
10000,1048576,2657,768.99
1000,10240,258,106.25
10000,102400,888,116.18
10000,10240,8936,98.02
10000,1048576,9778,776.88
10000,10240,4507,109.50
1000,10485760,337,4000.85
10000,1048576,1291,770.75
1000,10485760,517,3149.98
1000,10240,157,106.27
10000,1048576,3851,726.07
10000,102400,2237,117.47
10000,1048576,1353,681.94
10000,10240,6300,110.00
10000,102400,4908,116.98
10000,1048576,423,761.10
10000,1048576,6557,478.99
10000,102400,5246,153.34
10000,10240,5571,101.42
10000,102400,6682,123.00
10000,10240,781,106.16
10000,102400,4790,134.14
100,10240,81,100.70
10000,1048576,8823,734.81
1000,102400,792,129.60
10000,1048576,4888,1010.12
10000,102400,1975,127.95
10000,10240,7561,100.85
1000,10240,291,107.33
10000,10240,8734,111.16
10000,10240,3233,104.05
1000,1048576,419,795.21
10000,1048576,3494,732.42
10000,10240,8694,106.40
10000,10240,4360,92.71
1000,1048576,923,758.33
10000,1048576,6268,802.75
10000,10240,7856,110.88
10000,10240,3932,106.32
10000,1048576,8402,768.77
10000,1048576,9025,723.19
10000,10240,6909,123.39
10000,1048576,9268,730.16
10000,102400,4097,126.77
10000,10240,6544,103.04
10000,10240,9494,107.43
10000,1048576,1315,759.02
10000,10240,3475,112.42
1000,102400,383,124.62
10000,1048576,756,794.17
10000,1048576,1883,565.86
10000,1048576,7513,541.28
10000,102400,2801,126.80
10000,1048576,1010,515.12
10000,1048576,9527,569.22
10000,10240,4553,112.94
10000,10240,6199,102.07
10000,1048576,6304,755.80
1000,102400,293,127.22
10000,102400,9414,111.89
1000,102400,326,103.86
10000,102400,8218,114.34
1000,10240,615,97.40
10000,1048576,5103,815.26
10000,10240,316,101.82
10000,10240,8894,93.48
10000,10240,5407,99.13
10000,102400,2489,116.93
10000,10240,6695,103.58
10000,102400,9162,131.00
10000,10240,5626,104.22
10000,102400,6335,117.08
10000,1048576,2885,772.54
10000,10240,9844,100.78
10000,102400,6390,117.39
10000,10240,9265,92.89
10000,10240,8364,98.56
10000,1048576,5980,739.81
10000,1048576,5673,603.80
10000,102400,4848,121.19
10000,1048576,6258,709.79
10000,102400,8653,134.49
10000,1048576,4416,621.72
10000,10240,8484,109.86
10000,102400,855,116.23
10000,102400,9453,116.34
10000,102400,8154,118.94
10000,10240,5413,96.31
10000,102400,6848,113.21
10000,1048576,313,964.60
10000,102400,9253,119.79
10000,102400,7281,110.28
10000,10240,5210,91.48
10000,102400,6480,116.61
10000,102400,8510,112.21
10000,10240,903,104.47
10000,1048576,2779,744.08
10000,1048576,5284,496.66
10000,1048576,3627,564.28
10000,10240,5956,97.57
1000,10485760,287,4336.22
10000,10240,1739,103.97
10000,102400,3183,109.79
10000,10240,6323,100.75
10000,102400,1596,110.98
1000,1048576,112,841.59
1000,10240,728,109.47
10000,10240,9357,97.46
10000,10240,4484,100.59
10000,1048576,2924,672.35
10000,102400,6666,123.73
10000,10240,6245,99.13
10000,10240,9977,101.09
10000,1048576,6668,793.04
10000,10240,7263,112.09
10000,102400,6876,110.02
10000,1048576,4807,751.52
10000,10240,1672,100.21
10000,10240,4961,103.76
10000,102400,9298,107.68
10000,10240,3015,98.63
10000,10240,9251,101.89
100,10240,70,117.36
10000,102400,5352,112.56
10000,102400,4214,119.07
10000,102400,322,114.24
10000,102400,1099,122.00
100,102400,10,108.80
10000,10240,8640,100.54
10000,102400,8745,111.35
10000,1048576,5460,693.77
10000,10240,246,101.84
10000,1048576,8883,482.58
10000,102400,6467,223.01
10000,102400,7067,289.84
10000,10240,3638,188.96
10000,102400,6956,115.71
100,10485760,49,3763.91
10000,10240,1763,112.04
10000,102400,9878,106.80
1000,10485760,551,3688.07
10000,10240,8237,113.40
10000,10240,1915,98.50
1000,102400,199,119.61
10000,102400,6662,112.29
10000,10240,7692,104.47
10000,1048576,5045,751.44
1000,1048576,686,520.27
10000,1048576,5697,736.90
10000,10240,5859,109.47
10000,102400,6535,118.43
10000,10240,164,97.40
10000,1048576,8339,698.74
1000,102400,759,136.19
10000,10240,3013,100.66
10000,10240,4391,99.99
10000,10240,3896,94.95
10000,10240,1903,95.56
10000,10240,3756,99.29
10000,10240,5691,105.08
1000,102400,353,122.61
10000,10240,3274,98.56
1000,1048576,299,737.18
10000,1048576,307,523.30
1000,10485760,162,2904.57
10000,102400,2350,129.47
10000,10240,3967,103.79
10000,102400,1152,119.55
10000,102400,8786,118.74
10000,10240,9246,98.15
1000,10485760,668,3388.11
1000,10240,25,118.20
1000,102400,904,126.96
1000,102400,245,115.92
10000,1048576,5530,892.03
1000,102400,243,131.08
10000,1048576,1640,588.68
1000,1048576,956,567.49
1000,1048576,66,639.82
10000,1048576,2898,711.47
10000,1048576,9169,750.34
10000,102400,6665,133.63
10000,10240,5237,112.18
10000,10240,2,109.70
10000,10240,6975,107.97
10000,1048576,9502,755.03
10000,1048576,3216,735.81
10000,10240,6455,112.87
10000,10240,5508,115.16
10000,102400,2055,119.10
10000,102400,8422,116.52
10000,1048576,7648,695.07
10000,102400,9947,139.40
10000,1048576,8355,738.68
10000,102400,6751,126.39
10000,1048576,6697,527.26
1000,10485760,588,3200.86
1000,102400,835,136.44
10000,102400,9779,127.93
1000,1048576,567,727.46
10000,102400,7621,134.81
10000,10240,9390,105.13
10000,10240,5522,96.63
10000,102400,7261,118.55
10000,102400,3717,118.08
10000,10240,4099,108.13
10000,10240,1717,101.61
10000,1048576,750,683.45
1000,10240,676,113.26
10000,102400,5893,112.95
10000,10240,9583,93.84
10000,102400,2784,117.10
1000,102400,177,121.72
10000,1048576,5834,768.95
1000,10485760,787,1886.97
10000,1048576,873,700.93
10000,1048576,9432,717.61
10000,102400,6933,140.29
10000,1048576,2911,765.22
10000,1048576,516,755.67
10000,10240,8452,111.19
10000,1048576,6947,720.17
10000,102400,8183,140.51
10000,1048576,3294,736.37
1000,10240,256,108.36
10000,1048576,8246,660.61
10000,102400,1521,135.22
10000,102400,2568,120.52
1000,10240,484,108.22
10000,1048576,5483,754.30
10000,1048576,5820,535.90
1000,1048576,548,784.59
10000,1048576,1728,652.88
10000,102400,1291,117.25
10000,102400,9966,110.92
10000,1048576,2365,690.71
10000,1048576,8876,676.49
10000,102400,3200,124.42
10000,10240,1486,108.29
10000,1048576,1293,749.39
10000,10240,6012,110.60
10000,102400,9394,116.06
10000,1048576,8799,769.56
10000,10240,5008,108.62
10000,10240,350,98.33
10000,10240,3214,98.82
10000,102400,455,116.85
10000,102400,6359,110.70
10000,1048576,699,693.01
10000,10240,1958,105.77
10000,1048576,1528,701.91
10000,10240,1805,108.95
10000,1048576,1579,740.26
10000,1048576,6529,560.54
10000,1048576,9545,685.19
10000,1048576,8148,538.46
10000,102400,1881,125.50
10000,10240,1148,93.50
10000,1048576,7135,811.65
10000,10240,2940,112.05
10000,102400,9270,119.92
1000,10240,50,101.89
10000,102400,6561,114.11
10000,10240,5549,98.20
10000,10240,5694,110.24
10000,10240,3175,103.19
10000,102400,9797,115.25
10000,1048576,3160,730.55
10000,102400,1762,141.85
10000,102400,5975,118.37
10000,102400,9311,109.22
10000,102400,5985,117.16
10000,102400,159,107.12
10000,10240,8459,98.79
1000,102400,966,115.39
10000,10240,708,96.78
10000,1048576,4938,687.88
10000,102400,9519,119.91
1000,102400,698,112.02
10000,102400,4703,109.19
10000,1048576,7300,686.40
10000,102400,973,118.77
10000,102400,5207,107.28
10000,1048576,5043,747.82
10000,102400,3042,124.64
10000,1048576,8575,516.98
10000,1048576,8138,698.30
10000,102400,5050,125.39
10000,10240,4219,97.05
10000,10240,2200,91.92
10000,10240,2076,113.05
10000,10240,6120,98.55
10000,1048576,364,864.68
10000,1048576,6943,677.63
10000,1048576,9850,761.51
10000,1048576,3772,485.08
10000,1048576,4428,759.30
10000,1048576,8392,767.16
10000,10240,8681,117.79
10000,102400,2940,110.72
1000,102400,980,98.10
10000,10240,1790,92.91
10000,10240,5303,101.12
1000,102400,0,123.94
10000,10240,5828,101.50
10000,10240,1469,99.42
10000,1048576,1304,753.29
10000,102400,5744,120.24
10000,102400,4505,113.75
10000,1048576,3129,723.06
10000,10240,4841,107.13
10000,1048576,7920,611.15
10000,1048576,2013,721.77
10000,10240,6546,109.65
10000,1048576,5042,829.99
10000,102400,3144,123.98
10000,1048576,7906,681.31
10000,102400,6515,129.83
10000,102400,6420,116.69
10000,10240,3251,100.51
10000,1048576,7726,746.64
10000,10240,9532,107.35
10000,10240,13,102.36
10000,102400,6310,122.25
10000,1048576,2140,760.26
10000,1048576,6637,742.59
10000,1048576,6271,826.73
1000,10240,670,111.56
10000,10240,829,106.35
10000,1048576,5601,745.42
10000,10240,7888,112.48
10000,1048576,1606,517.68
10000,10240,9444,100.29
10000,102400,1537,124.45
10000,1048576,6974,725.10
10000,1048576,4781,502.51
10000,102400,6997,121.19
10000,10240,431,99.08
10000,102400,7548,117.06
10000,10240,8634,99.45
10000,10240,4819,98.42
10000,1048576,5720,686.73
10000,102400,6606,120.10
1000,102400,857,109.64
10000,10240,6345,99.20
10000,1048576,770,746.73
1000,10485760,606,3755.10
1000,10240,999,113.35
10000,102400,7795,112.35
10000,1048576,543,782.46
10000,1048576,1482,502.08
10000,10240,3016,103.67
10000,1048576,4925,784.14
10000,102400,1414,124.70
10000,1048576,5943,766.18
10000,102400,4244,139.59
10000,102400,8107,113.49
10000,1048576,3859,753.66
10000,102400,3644,122.59
10000,10240,5700,101.10
10000,1048576,7273,772.98
10000,102400,5418,126.68
10000,1048576,46,550.14
10000,10240,6139,94.76
10000,1048576,1758,539.83
10000,1048576,6367,842.85
10000,1048576,9246,543.82
10000,102400,3609,121.53
10000,102400,2962,111.83
10000,102400,8702,112.34
1000,10240,2,102.16
10000,102400,2506,124.50
10000,10240,7114,104.70
10000,10240,9221,99.33
10000,10240,5299,98.40
10000,10240,8098,101.42
10000,1048576,4046,709.63
10000,10240,1533,104.80
10000,1048576,7960,724.86
10000,10240,9400,98.53
10000,1048576,3079,660.12
10000,102400,1561,130.92
10000,102400,53,110.68
10000,102400,3672,113.55
10000,1048576,3705,706.02
10000,102400,863,132.72
10000,1048576,757,517.01
10000,102400,993,197.32
10000,1048576,4789,720.50
10000,1048576,5951,592.97
10000,102400,4807,128.57
1000,1048576,913,754.42
10,1048576,2,799.69
10000,102400,4005,122.55
10000,1048576,7942,933.31
10000,102400,1528,131.48
10000,102400,8419,112.94
10000,10240,2102,104.44
10000,102400,9273,113.89
10000,102400,5487,115.57
10000,1048576,9395,834.62
10000,10240,9336,104.05
10000,10240,7975,102.30
10000,102400,2496,109.98
10000,102400,6283,110.32
10000,10240,3219,104.69
10000,10240,2525,99.86
10000,10240,6016,97.66
10000,10240,9198,107.27
1000,10240,733,103.64
1000,1048576,565,701.70
10000,1048576,6865,778.04
10000,10240,6055,110.72
10000,1048576,5063,763.88
10000,102400,9705,123.18
10000,102400,3441,132.30
10000,102400,1609,115.84
10000,1048576,8028,657.80
10000,102400,7729,126.42
10000,10240,5365,112.52
10000,1048576,194,689.76
10000,10240,6332,103.02
10000,10240,7463,96.17
10000,102400,2212,111.09
10000,1048576,3429,728.66
10000,102400,649,125.60
10000,10240,6227,104.35
10000,102400,674,116.49
10000,1048576,1574,775.29
10000,102400,8780,119.09
10000,10240,369,96.07
10000,1048576,6012,695.02
10000,10240,1426,110.45
10000,1048576,2479,691.62
1000,102400,85,129.56
10000,10240,1027,98.16
10000,102400,7140,122.56
1000,10485760,404,3850.93
10000,1048576,9966,579.34
10000,102400,5465,125.63
10000,1048576,9888,699.66
10000,10240,4619,104.87
1000,10240,174,112.46
10000,102400,1720,119.40
10000,102400,6843,118.78
10000,102400,4515,114.61
10000,1048576,6740,709.69
10000,10240,3678,107.25
10000,102400,137,135.45
10000,10240,6421,97.11
10000,1048576,9132,755.19
10000,102400,7120,134.76
10000,1048576,4339,529.99
10000,102400,7241,117.37
10000,1048576,5876,785.03
10000,1048576,7324,522.98
10000,10240,8324,105.97
10000,102400,451,123.76
10000,1048576,9569,752.44
10000,1048576,1804,869.58
10000,10240,6007,107.29
1000,10485760,371,3180.77
10000,102400,6582,131.67
10000,10240,357,100.43
10000,1048576,5635,870.53
10000,102400,6036,126.14
10000,10240,59,133.16
10000,1048576,11,786.18
1000,1048576,850,857.99
10000,102400,3553,130.20
10000,102400,6329,125.63
10000,102400,5496,113.81
10000,1048576,1644,798.20
10000,102400,7588,129.32
10000,102400,8368,118.35
10000,10240,281,98.94
10000,10240,6471,102.85
10000,1048576,4840,676.37
10000,102400,21,152.24
10000,102400,2907,113.06
10000,10240,690,103.05
1000,10485760,666,4087.56
10000,10240,1847,113.12
10000,102400,8915,126.17
10000,10240,4608,102.29
10000,10240,6611,99.37
10000,102400,7405,121.60
10000,1048576,1223,866.78
10000,1048576,4028,604.13
10000,1048576,7455,560.37
10000,102400,8717,114.83
1000,10485760,611,3878.80
10000,1048576,2875,789.17
10000,1048576,2252,797.23
10000,1048576,2534,777.15
10000,1048576,9026,598.51
10000,10240,4479,104.13
10000,10240,9094,91.89
10000,10240,9913,101.76
10000,10240,625,97.52
1000,1048576,100,877.04
10000,10240,8971,106.53
1000,1048576,914,594.12
10000,10240,6163,100.09
10000,1048576,1566,805.27
10000,102400,8537,130.19
10000,102400,4778,111.38
1000,1048576,264,919.41
10000,102400,3702,129.86
10000,10240,2214,100.16
10000,10240,5203,95.44
1000,1048576,811,742.01
10000,1048576,6210,693.88
10000,1048576,3195,721.01
10000,102400,5667,124.86
10000,1048576,1327,774.74
10000,102400,2435,127.26
10000,102400,1587,112.83
10000,10240,899,100.31
10000,1048576,1433,738.82
10000,10240,3178,112.14
1000,102400,692,118.29
10000,10240,7898,103.32
10000,102400,3665,118.21
10,10240,9,101.55
10000,102400,3528,115.99
10000,1048576,639,813.34
10000,10240,6933,105.41
10000,102400,9582,107.44
100,10485760,86,3127.80
1000,1048576,786,552.12
10000,102400,8924,115.03
10000,10240,3379,96.73
10000,102400,6601,114.82
10000,1048576,1969,904.51
10000,10240,4787,103.49
10000,102400,2592,106.47
10000,102400,8847,113.55
10000,102400,2241,119.07
10000,10240,8723,103.11
10000,1048576,6894,731.81
10000,102400,7374,133.28
10000,102400,9085,120.30
10000,10240,6437,101.74
10000,1048576,9303,885.79
10000,1048576,4733,582.22
10000,10240,5211,110.40
1000,10240,141,105.15
10000,1048576,7881,779.29
10000,102400,4562,124.48
10000,10240,1292,115.02
10000,102400,8579,130.64
1000,1048576,852,809.47
10000,102400,2021,129.11
10000,1048576,6348,712.64
10000,10240,5412,109.52
10000,102400,2399,119.83
10000,102400,4832,113.22
10000,102400,5152,117.24
10000,102400,8084,128.86
10000,102400,4293,110.37
10000,10240,8977,97.55
10000,102400,6926,110.07
10000,1048576,1539,2116.73
1000,102400,943,115.06
10000,102400,1191,123.77
10000,1048576,8899,746.11
1000,102400,493,127.02
1000,10485760,306,3231.55
10000,1048576,619,781.75
10000,10240,7701,113.60
10000,10240,3249,112.37
1000,10485760,112,3721.46
10000,1048576,9714,528.91
10000,102400,4571,245.84
10000,1048576,1822,701.24
10000,10240,2150,102.67
10000,10240,8700,98.94
10000,1048576,5267,776.70
1000,10240,495,104.16
10000,10240,6741,103.30
10000,102400,7265,117.71
10000,1048576,5972,876.67
10000,1048576,1381,733.69
10000,10240,1014,108.08
10000,1048576,5890,872.90
10000,1048576,1028,782.40
10000,1048576,4962,675.02
1000,10485760,170,3866.72
10000,10240,375,113.36
10000,1048576,8440,641.40
10000,102400,8337,122.64
10000,10240,7643,107.17
1000,10485760,211,3520.69
10000,1048576,5325,550.90
10000,102400,6135,114.89
10000,10240,9729,88.96
10000,102400,5860,113.57
1000,1048576,113,761.38
10000,102400,6669,121.36
10000,1048576,8587,535.50
10000,1048576,2995,716.83
10000,102400,5008,221.47
10000,102400,7178,107.07
1000,1048576,561,808.12
10000,1048576,5192,537.82
10000,1048576,1064,606.51
10000,102400,1308,122.05
1000,10485760,464,3388.79
10000,10240,4163,105.90
1000,1048576,475,507.76
10000,102400,4319,122.27
10000,1048576,2942,676.73
10000,102400,9284,123.39
10000,1048576,2630,740.32
10000,1048576,129,494.10
10000,1048576,6626,638.57
10000,10240,2753,113.49
10000,1048576,5572,831.16
10000,102400,3239,130.04
10000,102400,3135,120.80
10000,102400,4814,123.76
1000,102400,687,109.45
10000,1048576,6113,782.07
10000,102400,2711,119.47
10000,10240,9894,97.03
10000,1048576,9050,696.80
10000,102400,7835,112.95
10000,10240,8235,103.86
10000,1048576,9817,727.78
10000,1048576,61,751.58
1000,102400,314,134.26
10000,102400,5708,106.39
10000,10240,4558,89.95
10000,1048576,6476,705.41
10000,1048576,179,698.33
10000,1048576,5703,931.37
10000,102400,9759,133.69
10000,1048576,4003,747.91
10000,1048576,8848,671.66
10000,1048576,1175,784.07
1000,10240,481,118.16
10000,102400,6121,115.55
10000,102400,5778,115.13
10000,1048576,9953,763.43
1000,1048576,316,818.69
10000,1048576,7860,485.48
10000,1048576,250,719.28
100,1048576,62,810.90
10000,1048576,8093,761.75
10000,10240,3535,111.87
10000,102400,7728,126.71
10000,102400,2811,133.68
10000,1048576,1274,720.02
10000,1048576,9691,688.30
1000,10485760,550,3882.77
10000,10240,2136,226.73
10000,102400,9625,112.97
10000,10240,7780,93.45
10000,1048576,7287,759.20
1000,1048576,835,532.23
10000,10240,1331,102.89
10000,1048576,2134,658.96
10000,1048576,2115,563.56
10000,102400,8207,125.92
10000,10240,7655,99.13
1000,102400,986,117.30
10000,10240,9174,100.01
10000,10240,2288,96.81
10000,10240,8014,107.34
10000,102400,6542,114.19
1000,10485760,587,3952.37
10000,10240,6486,109.59
10000,102400,2936,108.05
10000,1048576,6404,702.04
10000,102400,1384,134.24
10000,102400,671,130.16
1000,10485760,373,3457.17
10000,102400,304,123.44
10000,1048576,7244,916.99
10000,1048576,8340,739.14
10000,102400,3094,127.92
1000,102400,363,113.66
10000,102400,2858,138.30
10000,10240,952,102.43
10000,10240,4313,101.02
10000,1048576,9806,672.41
10000,1048576,7717,752.91
10000,1048576,6831,542.16
10000,102400,7001,123.88
10000,102400,8578,118.28
10000,1048576,8916,752.83
10000,1048576,6642,725.54
10000,10240,1610,107.67
10000,1048576,5622,695.45
1000,10485760,703,3820.69
10000,1048576,5532,543.03
10000,102400,5770,122.76
10000,1048576,9469,721.40
10000,1048576,6501,699.93
10000,102400,4643,137.42
10000,10240,5893,103.47
10000,102400,7016,121.84
10000,1048576,7790,809.10
10000,1048576,8871,740.50
1000,10485760,814,1888.30
10000,1048576,5427,707.36
10000,1048576,2664,705.37
1000,1048576,144,744.88
10000,10240,6897,104.63
10000,10240,9069,99.30
10000,10240,2492,98.90
10000,10240,5384,96.54
10000,102400,7920,126.42
10000,10240,9025,102.12
10000,10240,6863,100.08
10000,102400,9025,113.24
1000,10240,609,98.48
10000,102400,9281,108.64
10000,1048576,7904,739.78
10000,102400,6466,133.47
10000,1048576,9031,681.91
1000,102400,532,125.41
1000,10240,857,105.66
10000,10240,2908,101.77
10000,10240,3154,99.75
10000,10240,4473,101.78
10000,102400,8921,109.16
10000,1048576,5368,903.67
10000,102400,6396,132.34
10000,1048576,7977,831.96
10000,10240,2658,110.50
10000,1048576,8801,931.56
10000,1048576,3436,719.72
10000,102400,2597,125.66
10000,1048576,1025,653.73
10000,102400,6924,129.81
10000,10240,994,99.59
10000,1048576,7419,800.94
10000,10240,8,108.05
10000,102400,2558,124.20
10000,1048576,8320,763.70
10000,10240,4299,116.53
10000,10240,7167,102.31
10000,10240,8357,99.42
1000,1048576,32,690.82
1000,1048576,907,699.46
10000,102400,9717,127.64
1000,1048576,189,750.49
10000,10240,4172,114.41
10000,102400,1619,117.93
10000,10240,7204,99.65
10000,10240,8638,100.70
10000,102400,5914,119.78
10000,1048576,9175,782.03
10000,102400,1514,134.18
10000,10240,5100,100.40
1000,1048576,164,654.65
10000,1048576,1783,733.47
10000,10240,4954,104.34
10000,102400,9423,122.77
1000,10485760,267,3979.18
10000,10240,7471,109.78
10000,102400,181,108.24
10000,1048576,6651,879.59
10000,1048576,2580,721.43
10000,1048576,6909,845.96
1000,1048576,364,723.27
1000,10240,998,106.54
10000,102400,9505,116.02
10000,102400,5065,118.08
10000,10240,7367,110.09
10000,102400,5113,116.40
10000,102400,9012,110.61
10000,102400,1622,111.77
1000,10240,914,97.78
1000,10485760,281,3755.90
10000,1048576,2582,689.91
10000,102400,4415,131.64
10000,102400,7771,120.29
10000,1048576,2161,702.84
100,104857600,61,28657.85
10000,10240,730,466.44
10000,10240,7799,104.98
1000,1048576,879,1035.87
10000,10240,6281,145.87
1000,1048576,684,825.95
10000,10240,9628,112.35
1000,102400,266,118.42
10000,1048576,2125,939.01
10000,102400,3570,130.38
1000,10485760,215,4311.98
10000,102400,1085,134.12
10000,1048576,2615,629.45
10000,1048576,1092,620.72
10000,10240,2594,108.20
10000,10240,1824,107.52
10000,102400,4158,117.31
10000,102400,9178,122.25
1000,10240,222,106.99
10000,102400,9647,130.45
10000,102400,3013,119.19
10000,102400,141,120.20
10000,102400,456,119.85
10000,10240,5698,106.71
10000,10240,722,107.56
10000,102400,202,117.85
1000,10240,695,105.68
10000,1048576,6655,726.53
10000,1048576,6359,831.99
10000,1048576,461,776.23
1000,10485760,19,3316.52
10000,10240,2367,117.81
10000,1048576,1805,721.15
100,1048576,31,681.91
10000,1048576,2821,603.25
10000,10240,1932,101.96
10000,102400,9860,127.73
10000,102400,1813,116.75
10000,1048576,5138,785.77
10000,1048576,2357,549.65
10000,10240,8126,106.20
10000,1048576,6503,762.32
10000,10240,9943,108.32
10000,102400,298,114.25
10000,102400,5956,105.92
1000,10485760,57,4360.87
10000,10240,2396,117.20
10000,102400,5284,122.69
10000,102400,4994,120.39
10000,10240,6368,107.51
10000,102400,8177,112.95
10000,10240,6351,102.91
10000,1048576,1477,978.87
1000,10240,654,112.56
10000,1048576,6378,776.92
10000,1048576,2748,852.76
10000,1048576,7078,896.12
10000,10240,866,109.97
10000,1048576,5864,871.23
10000,10240,7004,114.92
10000,10240,2895,94.07
10000,102400,9548,117.14
1000,1048576,182,750.42
10000,1048576,4442,847.15
10000,10240,8466,118.08
10000,102400,9540,127.43
1000,102400,955,121.67
10000,1048576,4019,799.40
10000,102400,6559,131.76
10000,1048576,678,744.89
10000,102400,107,132.72
10000,10240,3661,115.95
10000,1048576,9159,716.47
10000,1048576,2305,817.75
10000,102400,4014,131.99
10000,102400,8880,124.84
10000,102400,7108,127.34
10000,10240,5376,103.82
10000,1048576,4999,901.12
10000,1048576,8024,728.33
10000,10240,1199,109.51
10000,10240,7251,107.66
10000,102400,8822,123.13
10000,10240,6343,109.92
10000,10240,1911,101.12
10000,1048576,3227,757.96
10000,1048576,348,789.23
10000,10240,9276,112.61
10000,10240,6398,102.48
10000,102400,5648,120.94
10000,1048576,6716,833.17
10000,102400,2218,129.15
10000,1048576,2042,803.94
10000,1048576,1859,693.89
10000,10240,5250,111.79
10000,1048576,4393,851.47
10000,102400,6651,126.37
10000,1048576,7885,782.59
1000,10240,7,112.97
10000,102400,9091,121.49
1000,1048576,309,712.80
10000,10240,6233,109.86
10000,1048576,8944,555.05
10000,1048576,9949,749.12
10000,1048576,3046,839.86
10000,10240,6550,108.72
10000,10240,5358,98.76
10000,102400,7889,118.08
10000,1048576,2856,805.76
10000,102400,6915,132.81
10000,1048576,3204,863.30
10000,10240,317,112.06
1000,10485760,750,4172.43
10000,1048576,1060,21780.09
10000,1048576,4401,945.05
10000,1048576,6206,870.13
10000,102400,641,271.53
1000,10485760,253,4763.52
10000,1048576,899,882.86
1000,102400,822,128.15
10000,10240,8808,237.78
10000,10240,879,103.69
10000,1048576,5819,704.60
10000,102400,3118,137.98
10000,102400,40,119.98
10000,10240,9916,107.91
100,10240,23,114.65
10000,102400,2751,119.09
10000,10240,5516,100.84
10000,1048576,2199,790.19
10000,1048576,969,914.01
10000,10240,7379,121.15
10000,1048576,3406,824.32
10000,10240,1319,118.47
1000,10485760,583,3525.03
10000,1048576,5882,664.90
10000,1048576,612,629.35
10000,102400,1106,119.39
10000,1048576,6862,930.74
10000,10240,4836,109.15
1000,10240,389,103.05
10000,102400,3051,121.43
10000,102400,3661,120.20
10000,102400,2785,127.34
10000,102400,4559,132.63
10000,10240,9609,100.75
10000,102400,1665,115.11
10000,1048576,2446,741.61
10000,10240,7104,110.87
1000,1048576,47,728.75
10000,102400,7326,129.11
10000,1048576,8908,820.68
1000,10240,417,118.33
10000,10240,4415,109.03
10000,102400,2042,120.66
10000,10240,6854,102.78
1000,10485760,913,4390.90
100,104857600,33,32879.35
10000,102400,4240,316.91
10000,1048576,5936,917.64
10000,10240,2710,359.97
10000,10240,1986,107.72
10000,102400,8896,247.36
10000,10240,877,230.50
100,102400,19,118.32
10000,1048576,7332,885.40
10000,1048576,2781,794.10
10000,102400,7667,126.62
10000,10240,7987,101.44
10000,102400,9170,117.91
10000,10240,7534,147.98
1000,10485760,888,3512.50
10000,10240,89,113.60
1000,102400,918,127.99
10000,10240,5411,102.05
10000,10240,970,105.87
10000,1048576,3127,786.07
10000,1048576,9857,943.39
10000,102400,7004,130.79
10000,1048576,7964,715.18
1000,10485760,769,3673.74
10000,1048576,4432,756.38
10000,1048576,290,852.97
10000,102400,7021,239.44
10000,10240,3108,121.30
10000,1048576,4688,867.48
10000,102400,6258,130.65
10000,10240,4941,106.85
10000,102400,1513,131.16
10000,10240,3873,105.87
10000,10240,4777,107.02
10000,102400,197,119.12
10000,10240,7470,106.45
10000,102400,877,112.41
10000,1048576,3344,736.26
10000,102400,6884,120.48
10000,102400,1887,122.69
10000,10240,8553,104.69
10000,102400,7767,112.05
10000,1048576,696,792.78
10000,10240,8893,104.13
10000,10240,2521,97.94
10000,102400,7187,117.76
10000,1048576,2504,780.47
10000,1048576,3426,689.23
10000,102400,8162,128.12
10000,102400,5957,112.24
1000,10240,247,98.55
10000,1048576,4322,843.82
10000,1048576,2009,784.75
10000,10240,170,112.17
10000,102400,4232,118.17
10000,10240,9098,100.39
1000,10240,508,101.74
10000,10240,7375,103.34
10000,10240,2705,101.13
10000,1048576,7809,840.85
10000,102400,4760,129.48
10000,1048576,9167,695.17
10000,10240,6518,111.60
10000,1048576,6411,706.19
1000,10240,971,112.55
10000,10240,4076,104.59
10000,10240,8821,109.78
10000,10240,2514,100.18
1000,10485760,783,4408.13
10000,102400,2050,138.47
10000,102400,5969,114.19
10000,102400,7124,111.04
10000,1048576,4637,829.26
10000,1048576,7475,526.34
10000,10240,3735,117.13
10000,1048576,8791,567.58
10000,1048576,2182,659.63
10000,10240,8458,107.42
10000,102400,2303,112.42
10000,10240,2012,104.96
10000,10240,4814,106.45
10000,10240,3009,100.09
10000,10240,8763,104.53
10000,1048576,6462,937.65
10000,10240,5257,106.36
10000,102400,2472,118.97
10000,1048576,7618,744.93
10000,10240,8096,104.92
10000,10240,136,94.38
10000,1048576,3615,705.19
1000,10240,162,108.48
10000,102400,7679,113.23
10000,10240,6172,97.04
1000,10485760,557,4155.25
10000,102400,2822,135.92
10000,1048576,5917,584.97
10000,1048576,2807,710.40
10000,10240,6149,105.78
10000,10240,6775,97.64
10000,1048576,9621,782.68
10000,10240,4293,111.90
10000,1048576,2921,906.42
1000,10485760,224,4612.91
10000,10240,628,116.02
1000,1048576,318,719.07
10000,102400,571,131.28
1000,102400,512,115.39
10000,102400,6809,109.05
1000,10240,350,100.92
1000,10240,181,103.62
10000,10240,9662,100.95
10000,1048576,9746,759.75
10000,102400,8041,121.73
10000,102400,2335,108.90
1000,10240,176,111.81
10000,102400,1181,113.09
10000,102400,1411,119.77
10000,10240,4727,97.13
10000,10240,7816,103.75
10000,1048576,7556,871.17
10000,102400,5081,126.41
10000,1048576,4145,575.70
10000,1048576,6603,769.52
10000,10240,6721,106.04
10000,102400,876,112.67
10000,102400,598,114.54
10000,102400,6521,121.23
10000,1048576,3920,735.08
10000,10240,5552,106.37
1000,10240,491,95.37
1000,10485760,106,4535.33
10000,10240,4481,111.15
10000,102400,7784,117.59
10000,102400,4657,119.86
10000,1048576,8431,824.34
10000,102400,4364,124.91
10000,10240,6880,100.81
10000,102400,8959,118.08
10000,102400,6199,119.87
10000,10240,7474,104.62
10000,1048576,5002,724.00
10000,1048576,4523,728.58
1000,1048576,547,886.25
10000,102400,4742,126.64
10000,1048576,7147,831.18
10000,1048576,5523,793.53
10000,1048576,822,829.88
10000,10240,4124,102.98
10000,102400,6191,112.97
1000,102400,339,118.98
1000,1048576,104,903.00
10000,102400,6417,134.69
10000,102400,1444,117.41
10000,102400,9463,117.75
100,10485760,54,4775.15
10000,10240,7921,113.89
10000,10240,8844,106.37
10000,1048576,2958,720.80
1000,1048576,287,536.46
10000,10240,9103,110.20
10000,102400,3708,239.84
10000,1048576,7785,782.72
10000,102400,2675,116.17
10000,10240,7254,99.69
10000,10240,8572,102.75
10000,1048576,5994,805.70
10000,10240,3317,119.04
10000,102400,6835,124.74
10000,1048576,9835,731.74
10000,10240,1122,107.61
10000,10240,8267,101.02
10000,1048576,896,698.67
10000,10240,9956,104.84
10000,102400,3610,119.43
10000,1048576,9110,790.85
1000,10240,471,109.42
1000,102400,569,117.25
10000,1048576,585,829.73
100,10240,14,114.47
1000,10485760,207,3259.10
10000,1048576,7373,558.61
10000,102400,4774,125.63
1000,102400,394,121.20
10000,102400,2397,124.41
10000,1048576,3953,806.88
10000,10240,6241,107.94
10000,102400,6234,116.57
10000,10240,7605,108.19
1000,10240,529,100.27
10000,10240,4389,96.72
10000,10240,1506,102.18
10000,102400,2480,116.61
10000,1048576,8301,863.13
10000,1048576,9787,736.15
10000,102400,3087,126.63
10000,10240,6146,103.18
10000,10240,5038,103.89
10000,10240,3985,101.87
10000,10240,1785,104.89
10000,102400,5245,116.57
10000,10240,8858,109.15
10000,1048576,1877,717.94
10000,1048576,3073,839.46
10000,1048576,7557,842.10
10000,102400,8608,127.15
1000,10240,229,106.81
10000,10240,9707,103.44
1000,10240,186,103.81
10000,102400,4964,117.93
10000,10240,5636,118.18
10000,102400,3286,118.85
10000,10240,7770,102.31
10000,10240,4298,99.83
1000,1048576,560,766.76
1000,1048576,147,826.17
10000,1048576,3891,819.49
10000,10240,668,109.78
1000,102400,200,127.42
10000,1048576,5340,808.86
10000,1048576,5514,831.65
10000,102400,658,133.25
10000,1048576,4321,696.29
10000,102400,5077,121.68
10000,10240,3272,109.51
10000,10240,9262,103.20
10000,102400,1575,117.67
10000,10240,3541,99.05
10000,102400,8480,119.76
10000,1048576,934,810.46
10000,102400,4988,126.64
10000,1048576,9632,781.45
10000,102400,2160,125.45
10000,102400,5251,120.99
10000,1048576,7768,861.44
10000,102400,6484,124.16
10000,102400,1093,120.13
10000,10240,8031,100.28
10000,1048576,9866,727.75
10000,10240,8605,115.28
10000,10240,7532,99.75
10000,10240,509,103.89
10000,102400,1645,125.49
10000,1048576,9567,799.02
10000,10240,5116,109.30
10000,10240,6480,105.62
10000,1048576,4567,822.32
10000,102400,6850,126.95
10000,10240,1710,111.15
10000,102400,819,119.58
10000,10240,4702,103.65
10000,1048576,2271,766.88
10000,102400,1134,127.72
10000,1048576,7181,730.24
10000,10240,8850,102.01
10000,102400,4766,112.16
10000,102400,4171,121.19
10000,1048576,2601,24188.90
10000,10240,1096,183.61
10000,1048576,698,648.73
10000,1048576,3433,627.26
10000,10240,7343,201.94
10000,102400,7544,159.17
10000,10240,1473,101.87
10000,10240,2784,105.77
10000,102400,7320,146.53
10000,1048576,6100,852.75
10000,10240,384,325.88
1000,10240,438,102.58
10000,10240,7877,98.95
10000,10240,6310,91.97
10000,10240,7679,103.28
10000,102400,5932,123.26
10000,1048576,6167,939.67
10000,10240,4684,111.50
10000,102400,4141,117.69
10000,10240,8254,105.58
10000,1048576,3403,865.63
10000,10240,1816,103.62
10000,1048576,4902,545.47
10000,102400,884,119.44
10000,1048576,8022,711.57
10000,10240,9230,106.07
10000,1048576,2432,587.95
10000,1048576,5332,612.72
10000,102400,179,120.39
10000,102400,6167,117.02
10000,1048576,8010,763.35
10000,10240,3086,113.75
1000,1048576,805,627.14
10000,10240,8198,107.54
1000,10485760,325,4446.40
10000,10240,5551,110.53
10000,10240,3714,97.20
10000,102400,6225,117.91
10000,102400,1695,111.90
10000,102400,8799,115.70
10000,10240,5432,101.41
100,10485760,75,4334.14
10000,102400,1931,127.28
10000,10240,2271,99.17
10000,102400,4569,115.09
1000,1048576,664,1092.48
10000,102400,1474,124.07
10000,10240,741,102.27
10000,1048576,3524,768.53
10000,1048576,9921,618.02
10000,1048576,1414,721.26
10000,1048576,3562,817.98
10000,1048576,4910,714.74
10000,10240,4634,103.05
10000,1048576,5227,803.22
10000,10240,7296,99.88
1000,10240,192,101.83
10000,10240,3715,100.57
10000,102400,1961,118.16
10000,1048576,9265,799.41
10000,10240,5932,108.49
10000,102400,5025,118.80
10000,102400,6806,115.21
10000,10240,5940,104.45
10000,1048576,3814,851.22
10000,10240,9023,114.74
1000,1048576,941,795.12
10000,1048576,7148,691.09
10000,1048576,8898,944.09
10000,1048576,5258,767.21
10000,10240,2526,109.02
10000,1048576,9652,747.33
10000,1048576,3137,864.13
10000,10240,4159,110.41
10000,10240,3281,100.27
10000,1048576,5716,778.27
10000,10240,3747,109.47
10000,10240,7321,102.10
10000,10240,2080,96.62
10000,102400,2978,121.77
1000,1048576,724,712.08
1000,10240,563,105.35
10000,102400,8726,121.65
10000,102400,7618,121.64
10000,1048576,3435,764.45
10000,102400,3963,123.31
10000,10240,3387,109.37
10000,102400,628,118.48
10000,10240,5153,99.44
10000,102400,2517,117.84
10000,102400,5678,116.24
10000,1048576,3273,817.23
10000,1048576,3883,583.56
10000,1048576,1011,498.07
1000,10485760,592,3348.12
1000,10240,862,106.67
10000,10240,3459,98.29
10000,1048576,7890,815.29
10000,102400,7449,128.73
10000,102400,5559,114.72
10000,1048576,1693,838.49
10000,10240,3931,104.83
1000,102400,576,130.12
10000,1048576,8244,660.79
10000,10240,7057,108.84
10000,10240,470,109.09
10000,10240,4115,100.25
10000,1048576,6505,810.28
10000,102400,6421,124.22
10000,1048576,5059,598.34
10000,1048576,2122,586.04
10000,10240,706,113.68
10000,1048576,7684,724.24
10000,1048576,4336,548.99
10000,1048576,2866,604.89
10000,10240,3498,105.84
10000,10240,2657,99.33
10000,102400,1179,122.74
10000,1048576,9077,953.98
1000,10240,198,113.53
10000,10240,8740,103.26
10000,102400,3456,117.90
10000,102400,7964,121.72
10000,102400,7431,130.93
10000,10240,5936,99.42
10000,10240,8176,100.72
1000,102400,60,128.59
10000,10240,1744,104.71
1000,10485760,437,3315.38
10000,1048576,1036,508.61
10000,10240,1784,105.67
10000,1048576,271,707.08
10000,102400,7354,122.22
10000,1048576,1068,729.93
1000,10485760,443,3619.28
10000,10240,7188,109.79
10000,102400,1631,107.55
10000,102400,6485,107.00
10000,1048576,8911,742.07
10000,102400,6347,132.08
10000,1048576,6338,955.13
10000,102400,5661,351.69
10000,10240,6355,97.85
10000,102400,8212,114.83
10000,102400,718,118.06
10000,10240,4679,102.22
10000,10240,4799,103.33
10000,10240,885,99.17
10000,1048576,8622,916.38
10000,102400,9081,131.19
10000,10240,3073,104.71
10000,1048576,6163,855.31
10000,102400,1412,129.76
10000,10240,8935,106.95
10000,1048576,6606,752.59
1000,102400,94,129.77
1000,102400,887,120.62
10000,10240,4958,105.38
10000,1048576,6023,947.04
10000,102400,4218,135.52
10000,10240,2206,100.89
10000,102400,7466,112.62
10000,10240,4352,99.79
10000,1048576,50,950.85
10000,1048576,7673,724.82
1000,10485760,817,3602.03
100,1048576,40,867.13
1000,102400,874,133.36
10000,102400,1538,125.88
10000,102400,6937,129.09
10000,1048576,5261,827.50
10000,1048576,6188,767.02
10000,10240,8540,108.97
10000,1048576,5297,569.24
10000,10240,887,105.41
10000,102400,6378,124.32
10000,10240,3418,104.89
10000,102400,3499,114.99
10000,102400,4499,128.16
10000,10240,2472,100.22
10000,10240,6134,101.56
10000,10240,163,98.68
10000,1048576,3802,909.73
1000,10240,164,106.20
10000,102400,5373,111.14
1000,1048576,295,933.13
10000,102400,7559,122.23
10000,10240,1617,108.66
10000,1048576,6423,696.05
10000,10240,1321,111.19
10000,1048576,9207,894.72
10000,1048576,3231,708.60
10000,10240,2964,106.63
10000,1048576,9550,651.89
1000,10485760,255,3250.12
10000,102400,2080,122.70
10000,1048576,1348,825.78
10000,102400,6213,120.00
10000,1048576,1388,901.52
10000,102400,9747,184.70
10000,10240,6346,100.07
10000,10240,3133,103.09
10000,102400,9974,113.07
1000,102400,981,116.25
1000,10485760,667,4483.86
10000,1048576,1643,1861.31
10000,102400,7192,122.50
10000,10240,1674,120.89
10000,102400,8796,110.87
10000,102400,4645,112.01
10000,10240,9582,96.69
10000,102400,263,108.36
10000,1048576,3178,2705.59
10000,10240,6383,119.62
10000,102400,3994,120.29
10000,1048576,4365,3931.17
1000,10485760,926,15884.76
10000,1048576,1991,978.29
10000,102400,7346,252.69
10000,10240,1417,106.06
10000,102400,9211,115.50
10000,10240,7841,104.04
10000,10240,8040,111.01
1000,1048576,864,781.62
10000,1048576,301,1014.51
10000,102400,3845,170.42
10000,1048576,9570,951.11
10000,102400,4956,131.07
10000,1048576,885,736.36
10000,102400,710,130.07
10000,10240,5391,104.65
10000,10240,7261,106.58
10000,1048576,6069,793.18
10000,102400,3064,124.00
10000,1048576,9455,800.83
10000,1048576,3876,814.78
10000,1048576,530,717.92
1000,1048576,943,779.23
10000,1048576,3480,919.62
10000,1048576,1409,786.90
10000,10240,5534,109.67
10000,102400,6863,123.55
10000,102400,2190,119.95
10000,102400,8770,116.38
10000,102400,8020,119.14
10000,102400,9269,115.89
10000,1048576,4612,737.69
1000,10485760,326,3479.62
1000,102400,335,133.00
10000,1048576,6184,854.39
1000,10240,885,111.46
10000,1048576,877,923.11
10000,102400,2570,128.88
10000,102400,1796,115.40
10000,10240,3141,102.86
10000,1048576,9203,665.82
10000,1048576,7507,726.11
10000,1048576,8377,878.13
10000,102400,9188,127.19
10000,1048576,6656,548.42
10000,10240,5789,109.73
1000,10240,191,104.01
10000,102400,5548,123.77
1000,102400,613,135.02
10000,10240,9649,102.53
10000,10240,7346,102.58
1000,1048576,166,750.17
10000,10240,3248,109.16
10000,10240,9148,97.45
1000,102400,735,121.76
10000,102400,8001,121.41
10000,10240,2538,100.09
10000,102400,2149,113.96
10000,1048576,9341,701.50
1000,10485760,938,4571.11
10000,1048576,1522,682.08
10000,1048576,5014,494.72
1000,10240,968,107.91
1000,10485760,470,3468.59
10000,10240,9159,114.93
10000,102400,2974,231.25
10000,1048576,6741,619.63
10000,1048576,1983,619.28
10000,10240,9552,221.74
10000,1048576,4151,490.72
10000,102400,1270,116.66
10000,10240,2566,101.46
10000,102400,5962,120.11
10000,102400,5966,116.88
10000,102400,2628,116.64
10000,102400,8209,114.11
10000,1048576,6408,849.97
10000,1048576,1127,710.45
10000,1048576,6765,792.14
10000,102400,8314,147.17
10000,102400,7245,118.01
10000,10240,8962,98.93
10000,10240,8612,104.88
10000,10240,656,98.06
10000,102400,2881,114.08
10000,10240,7079,100.19
10000,10240,6264,102.50
10000,1048576,9602,816.94
10000,10240,832,108.28
1000,102400,301,112.28
10000,1048576,9182,751.45
1000,10485760,702,4614.17
10000,102400,6356,127.33
1000,10240,165,102.54
10000,10240,5523,105.07
10000,10240,3321,111.54
100,102400,93,115.89
10000,10240,9497,219.47
10000,102400,8927,118.87
1000,1048576,538,834.81
10000,102400,2416,121.04
10000,1048576,514,697.27
10000,1048576,4241,734.22
1000,10485760,401,4582.80
10000,1048576,5056,941.43
10000,10240,4044,109.80
10000,102400,761,116.89
10000,10240,1764,104.08
10000,10240,5927,107.21
1000,10240,394,108.21
10000,10240,4678,106.92
10000,102400,2068,112.69
10000,10240,3657,108.20
10000,1048576,2457,744.59
1000,10485760,781,3945.07
10000,1048576,1718,699.79
10000,1048576,8480,812.55
10000,10240,9219,107.58
10000,1048576,7865,642.76
10000,10240,265,101.97
10000,10240,7417,101.60
10000,102400,6759,119.16
10000,1048576,2187,754.56
10000,1048576,6298,614.33
10000,10240,3412,97.61
10000,1048576,7175,1714.98
10000,10240,8221,104.34
100,102400,75,119.75
10000,102400,6055,118.71
10000,10240,7853,227.32
10000,10240,5643,98.17
10000,1048576,9178,573.15
10000,1048576,8436,710.89
10000,102400,1161,124.54
10000,1048576,8907,624.14
10000,1048576,1638,577.57
10000,102400,5965,124.75
1000,10485760,322,3252.73
10000,1048576,9622,534.03
10000,102400,6496,121.35
10000,102400,6331,111.56
10000,102400,792,116.51
10000,102400,8097,116.50
1000,102400,61,117.27
10000,102400,4751,122.52
10000,1048576,9367,803.44
10000,1048576,1746,553.23
10000,102400,3391,127.11
10000,102400,1244,111.08
10000,102400,7560,120.92
1000,1048576,186,700.61
1000,1048576,373,1819.98
10000,10240,9474,107.18
10000,1048576,9283,597.21
10000,1048576,319,757.29
10000,10240,5186,106.78
10000,10240,2091,99.77
1000,10485760,871,3697.42
1000,10485760,108,3819.42
10000,102400,482,260.33
10000,102400,8353,120.17
10000,1048576,8499,912.09
1000,10485760,916,4372.35
10000,10240,2745,114.12
10000,102400,3150,114.56
10000,102400,1869,224.67
10000,1048576,608,827.89
10000,1048576,3922,832.83
10000,1048576,72,996.45
10000,102400,7648,143.59
10000,10240,2986,97.96
10000,1048576,7260,796.08
10000,102400,9655,131.42
10000,102400,6506,122.06
10000,1048576,4210,741.06
10000,10240,1614,110.59
10000,1048576,4143,871.26
1000,10240,729,110.41
10000,1048576,6209,1373.61
10000,10240,7695,106.57
10000,10240,3039,97.86
10000,10240,2373,99.17
10000,10240,4743,100.48
1000,10240,708,102.66
10000,102400,7565,123.70
10000,10240,2663,98.00
10000,1048576,1834,794.67
1000,1048576,285,641.19
10000,102400,6096,123.15
10000,10240,3173,100.19
10000,1048576,5170,748.17
10000,102400,3687,124.20
10000,1048576,2345,685.65
10000,10240,7659,106.56
10000,1048576,1508,814.50
10000,102400,6551,132.96
10000,102400,7582,110.04
10000,10240,3153,102.80
10000,1048576,8713,831.05
10000,102400,2688,122.03
10000,102400,611,118.58
10000,102400,8361,116.66
10000,1048576,5867,736.53
10000,10240,3614,117.05
10000,102400,6661,119.63
10000,10240,2565,105.10
10000,10240,3157,109.42
10000,102400,9664,119.25
1000,1048576,881,800.05
10000,10240,7570,111.53
10000,10240,9209,102.33
100,104857600,22,36331.51
10000,1048576,3622,936.80
10000,102400,3935,139.72
10000,102400,1763,145.81
10000,1048576,976,927.25
10000,1048576,5844,705.25
10000,102400,6257,124.78
10000,1048576,2169,830.32
10000,1048576,8282,772.26
10000,1048576,635,906.67
1000,1048576,18,1198.37
10000,1048576,9282,1046.91
10000,1048576,4848,791.39
10000,102400,622,131.45
10000,1048576,7774,1085.18
10000,10240,1743,279.88
1000,102400,962,126.72
10000,10240,3760,105.16
10000,102400,4634,118.70
10000,10240,9490,107.20
10000,10240,4899,109.55
10000,1048576,6432,947.18
10000,10240,2944,116.92
10000,102400,2322,124.08
1000,102400,681,116.51
10000,10240,8339,102.56
10000,1048576,1057,710.70
1000,10240,250,108.42
10000,10240,51,106.40
1000,10485760,493,4953.15
10000,1048576,8549,1337.46
10000,1048576,8200,807.42
10000,102400,3906,129.94
10000,10240,7890,101.96
10000,102400,1426,121.33
10000,10240,7084,104.86
1000,10485760,873,6710.16
10000,1048576,7484,1606.32
10000,1048576,4212,1708.06
10000,102400,3653,249.20
10000,10240,7036,271.05
10000,102400,8755,329.76
10000,102400,1352,114.68
10000,10240,69,208.54
10000,1048576,4421,932.99
1000,10485760,392,34126.77
10000,10240,4699,383.00
10000,1048576,4172,8985.42
1000,102400,316,259.51
1000,1048576,652,3882.71
10000,102400,2445,131.87
1000,1048576,350,3078.75
10000,1048576,6607,2267.58
10000,1048576,4931,2149.18
10000,102400,8899,136.40
10000,1048576,636,1754.80
10000,10240,5056,111.83
1000,10240,646,150.34
10000,102400,7180,125.66
10000,1048576,2327,2167.24
1000,10485760,380,9296.79
10000,10240,8210,314.16
10000,10240,2083,199.23
10000,102400,2307,324.58
10000,10240,9183,219.42
10000,1048576,7013,1776.30
10000,102400,104,119.98
10000,102400,8159,347.56
10000,10240,4160,99.39
10000,102400,6043,119.77
10000,102400,1740,121.16
10000,10240,9090,106.45
1000,102400,552,122.47
1000,102400,483,114.23
10000,10240,1017,99.46
10000,1048576,7499,1584.87
10000,1048576,2700,3908.38
10000,10240,1099,109.10
10000,10240,9294,109.81
10000,102400,8285,119.39
10000,10240,8136,109.63
10000,10240,2425,103.57
10000,10240,8811,107.74
1000,1048576,745,3979.85
10000,1048576,4816,4510.16
10000,1048576,1495,3009.60
10000,1048576,8572,6797.12
10000,102400,7218,345.81
1000,1048576,377,1874.95
10000,10240,7249,104.46
10000,10240,4348,131.59
10000,102400,7645,369.71
100,10240,92,98.88
10000,10240,7319,203.57
10000,102400,3764,264.88
10000,10240,9623,219.00
10000,102400,9841,112.72
10000,102400,3716,118.87
10000,1048576,5533,1423.86
10000,1048576,501,1549.99
10000,10240,5260,105.43
10000,10240,8706,99.63
10000,10240,9567,101.55
10000,10240,5623,102.15
10000,10240,5710,104.78
10000,102400,5194,127.59
10000,1048576,1111,1411.36
10000,102400,1743,124.70
10000,10240,4191,98.08
10000,102400,7706,121.38
10000,10240,7989,104.23
10000,102400,1036,123.59
10000,102400,1258,117.16
10000,1048576,3214,952.45
1000,10485760,755,6880.91
10000,102400,4011,341.64
10000,10240,1714,223.12
10000,1048576,1874,2351.86
1000,1048576,283,2508.25
1000,10485760,735,5683.57
10000,1048576,5896,1832.12
1000,10240,911,115.52
10000,1048576,6562,6381.52
10000,102400,235,144.31
10000,10240,3529,109.51
1000,1048576,655,3122.20
10000,10240,5857,211.85
1000,1048576,345,1209.44
10000,10240,7637,105.92
10000,102400,6702,124.12
10000,102400,3063,119.14
10000,1048576,6950,1424.58
10000,10240,5513,106.98
10000,1048576,3924,2586.80
10000,1048576,841,1483.35
10000,1048576,1971,2457.00
10000,102400,3703,119.36
10000,10240,9092,99.10
10000,1048576,7183,2080.74
1000,102400,138,120.90
10000,10240,6953,98.95
10000,1048576,4006,2173.18
10000,1048576,8550,1486.25
10000,10240,6315,111.29
10000,10240,8904,95.50
1000,10485760,656,6855.48
10000,10240,2147,118.94
1000,10485760,558,47105.84
10000,1048576,9459,1502.63
10000,10240,2878,129.38
100,10240,79,256.91
10000,1048576,6259,3140.24
10000,1048576,6643,1482.95
10000,1048576,3991,1961.75
10000,1048576,8123,2831.24
10000,10240,4695,106.96
10000,10240,664,95.69
10000,10240,9966,93.75
10000,1048576,7804,1537.65
10000,102400,4521,169.14
10000,102400,2540,105.85
10000,102400,3850,114.06
10000,1048576,1803,7846.48
10000,1048576,2929,2265.27
10000,1048576,4703,3533.44
10000,10240,1212,109.58
10000,10240,5437,98.14
1000,102400,144,117.78
10000,102400,1752,121.49
10000,102400,6249,339.65
10000,1048576,6666,2715.62
10000,1048576,2233,4460.57
10000,1048576,3611,4996.10
10000,102400,7945,126.79
10000,10240,141,202.18
10000,10240,7858,110.86
1000,10485760,726,37630.66
10000,1048576,4875,2343.84
10000,1048576,3854,7058.95
10000,1048576,198,1630.26
10000,102400,9732,261.64
10000,1048576,5665,1569.17
10000,10240,5800,149.19
10000,102400,3412,116.69
10000,1048576,886,3114.38
10000,102400,45,130.84
10000,1048576,6883,1176.20
10000,1048576,1061,2445.17
10000,102400,9639,127.08
10000,1048576,7905,1347.51
10000,102400,352,144.37
1000,10240,643,108.47
10000,10240,7647,102.40
1000,1048576,130,1708.23
10000,102400,1145,126.31
10000,1048576,6328,1823.79
10000,1048576,6734,1393.45
1000,10485760,138,6670.01
10000,10240,6108,121.38
10000,102400,5828,121.60
10000,1048576,6403,2223.63
10000,102400,7132,134.30
1000,10240,19,317.03
10000,1048576,323,1214.55
10000,1048576,7341,1274.53
10000,1048576,1087,1898.77
1000,10485760,820,18094.88
10000,102400,8074,293.98
10000,10240,1695,286.25
10000,102400,1771,109.64
10000,1048576,1333,1551.78
10000,10240,7650,131.06
10000,102400,4963,128.47
10000,1048576,3639,1654.13
10000,102400,8293,124.86
10000,10240,1142,106.51
10000,1048576,868,2560.41
10000,10240,414,151.69
1000,10485760,418,6553.63
10000,1048576,9646,2488.07
10000,1048576,427,1756.62
10000,102400,4854,129.47
10000,102400,3769,121.43
10000,1048576,246,2518.26
10000,10240,3446,108.20
10000,10240,1223,122.39
10000,1048576,1678,1841.65
100,102400,33,133.51
10000,1048576,1580,1873.99
10000,1048576,2706,1950.88
10000,1048576,7681,1418.31
10000,1048576,6078,1630.54
10000,10240,7752,110.68
1000,1048576,828,4803.60
10000,1048576,3075,1293.66
10000,10240,4107,210.45
10000,1048576,1141,2547.76
10000,1048576,7652,2767.19
10000,1048576,2228,3513.81
10000,10240,7439,133.04
1000,10240,337,229.09
10000,1048576,6242,1396.03
10000,102400,6872,129.21
10000,1048576,8728,5163.48
10000,1048576,3431,4814.86
10000,102400,8597,119.11
10000,1048576,3038,1855.79
10000,1048576,3381,3459.62
10000,102400,8816,142.88
10000,1048576,6622,1531.59
10000,10240,9081,109.78
10000,10240,7176,107.04
10000,102400,9736,119.61
10000,1048576,6331,1563.95
10000,1048576,6744,1785.92
10000,10240,234,108.09
10000,102400,9617,123.18
10000,102400,1477,117.21
10000,10240,9358,107.06
10000,10240,4288,103.66
10000,102400,5091,121.16
10000,102400,7271,114.85
1000,10485760,232,10563.53
10000,10240,4425,118.54
10000,102400,2707,270.65
10000,10240,6798,106.03
10000,10240,4518,220.26
100,10485760,26,9295.23
10000,10240,7982,110.33
10000,10240,6341,262.25
10000,102400,81,110.67
10000,1048576,2192,2968.98
10000,102400,9067,125.69
10000,102400,8283,119.29
10000,1048576,5393,3502.63
10000,102400,4291,142.03
10000,102400,6443,142.01
10000,1048576,6430,10214.45
10000,10240,9112,242.16
10000,102400,9339,300.76
10000,1048576,1263,2831.32
10000,1048576,2452,2964.46
10000,102400,6255,130.09
10000,102400,6386,114.24
10000,1048576,5312,3374.90
10000,102400,5952,118.86
10000,1048576,3017,2480.16
1000,102400,716,122.24
1000,102400,711,119.39
1000,10240,530,106.33
10000,10240,7145,99.28
10000,102400,4966,117.32
10000,102400,6065,217.46
10000,10240,1618,102.35
10000,1048576,1653,4740.52
10000,10240,1217,107.44
10000,102400,3847,112.35
10000,10240,5026,108.48
10000,102400,9435,119.67
10000,10240,8596,105.30
1000,10240,506,100.59
10000,10240,6209,102.72
10000,1048576,3695,2851.27
10000,1048576,4857,5357.31
10000,10240,2001,102.96
10000,10240,4627,94.51
10000,1048576,5421,4448.26
10000,10240,4850,223.37
10000,102400,6600,116.74
10000,1048576,1801,2460.69
10000,1048576,4264,3242.82
10000,1048576,5178,6822.07
10000,102400,4585,221.64
10000,1048576,1738,5491.27
100,1048576,21,3580.55
10000,10240,4672,138.79
10000,102400,8248,112.33
1000,10485760,685,11522.12
10000,102400,1406,342.40
10000,102400,3053,117.33
10000,102400,56,112.97
10000,10240,1040,103.00
10000,1048576,1713,1548.74
10000,1048576,2018,1607.17
10000,102400,320,124.18
10000,1048576,421,1461.11
10000,1048576,4588,1912.10
10000,1048576,9656,1239.40
10000,102400,7828,132.03
10000,102400,8774,125.24
10000,10240,9070,103.54
10000,1048576,4346,1460.36
10000,1048576,6395,2234.48
1000,10240,79,107.16
1000,1048576,263,1468.77
10000,1048576,8009,1778.27
10000,1048576,3941,1583.40
10000,10240,9150,107.61
1000,10485760,242,15762.24
1000,1048576,355,2112.24
1000,10240,473,262.85
1000,10485760,259,10200.14
10000,1048576,6003,5231.04
10000,1048576,3710,3727.01
10000,10240,9584,209.06
10000,1048576,8215,1605.17
1000,10240,445,130.47
1000,10485760,290,5808.26
10000,10240,2283,132.78
10000,102400,2599,117.85
10000,10240,6929,124.90
10000,102400,1915,111.68
10000,1048576,3060,3248.16
10000,10240,9834,111.28
10000,1048576,6169,2315.20
10000,10240,87,107.41
10000,1048576,2538,1946.88
10000,102400,2367,119.02
1000,1048576,503,5491.19
10000,1048576,81,4257.08
10000,1048576,2205,1855.17
10000,10240,4644,113.11
1000,10240,576,105.32
10000,102400,1548,225.27
10000,10240,7148,211.33
10000,10240,5998,108.55
10000,10240,4527,103.27
10000,10240,1775,105.59
10000,1048576,7461,7204.69
10000,10240,6632,116.30
10000,102400,1578,119.55
10000,102400,2633,116.95
10000,102400,1087,123.94
1000,10485760,320,18041.62
10000,10240,1845,351.97
10000,1048576,6640,1770.96
10000,1048576,5075,3143.43
10000,1048576,3588,2048.66
10000,102400,2629,125.83
1000,10240,99,98.97
10000,1048576,4123,2204.37
10000,10240,5832,104.30
10000,10240,8945,103.37
10000,1048576,9075,1398.91
10000,102400,4780,121.99
10000,1048576,4270,1592.21
10000,1048576,8590,1317.04
10000,102400,2810,125.97
10000,10240,3810,207.42
10000,1048576,4187,1421.07
10000,102400,7225,122.20
1000,10240,946,101.52
10000,102400,1223,118.21
1000,10240,521,102.17
10000,1048576,3246,2800.30
10000,10240,2467,105.59
10000,10240,1691,99.44
1000,102400,885,125.17
10000,1048576,5765,2636.20
10000,1048576,7380,755.40
10000,1048576,5176,1158.14
10000,10240,6640,112.46
10000,102400,8850,118.25
10000,102400,192,133.31
10000,1048576,6612,1542.48
10000,1048576,4786,1459.54
1000,102400,693,233.89
10000,10240,9278,101.58
10000,10240,6476,104.50
10000,10240,4521,99.41
10000,1048576,640,1556.85
10000,102400,8761,127.44
10000,1048576,8604,2066.14
10000,102400,4687,122.03
10000,102400,276,110.86
10000,102400,6774,129.75
10000,102400,6945,127.03
10000,1048576,8095,752.09
10000,10240,3855,116.78
10000,1048576,8203,1021.89
10000,102400,8295,129.69
10000,1048576,1669,1596.36
10000,1048576,1719,1188.90
10000,1048576,3427,742.28
1000,102400,863,125.88
10000,102400,8089,114.93
10000,10240,2848,106.35
10000,10240,8532,101.51
10000,102400,1158,113.73
10000,102400,9648,122.72
10000,10240,7364,107.37
10000,102400,6009,113.17
10000,102400,6231,119.55
10000,102400,1204,121.59
10000,1048576,8789,1710.23
10000,102400,858,142.62
10000,10240,9759,102.16
10000,102400,7275,115.60
10000,10240,9100,106.22
10000,102400,8740,125.39
10000,10240,199,104.46
100,102400,50,116.60
10000,10240,4497,99.33
10000,102400,6188,113.37
1000,102400,461,113.51
10000,102400,8698,119.66
10000,10240,3049,103.22
10000,102400,7291,114.97
10000,1048576,6599,1054.30
1000,1048576,950,1022.71
10000,102400,5265,127.07
10000,102400,9455,116.86
1000,102400,297,114.54
10000,1048576,4124,1000.73
10000,10240,30,114.83
10000,10240,6481,100.25
10000,10240,6381,98.67
10000,1048576,9467,2090.18
10000,102400,7518,132.67
10000,10240,4098,93.76
10000,10240,6068,94.67
10000,1048576,4943,911.96
10000,1048576,3337,1206.23
10000,10240,1498,110.58
10000,10240,6396,103.31
10000,10240,8039,100.44
10000,102400,1815,114.55
10000,102400,7327,117.43
10000,1048576,2550,896.15
10000,10240,1964,112.06
1000,10240,166,95.41
10000,102400,450,120.87
10000,1048576,1446,1158.13
10000,102400,2327,131.04
1000,10240,679,106.11
10000,1048576,2259,912.86
10000,102400,948,136.32
10000,102400,2206,116.73
10000,1048576,5347,941.69
10000,1048576,4892,787.24
10000,10240,7452,106.33
10000,102400,1424,124.40
10000,10240,4500,100.46
1000,1048576,456,1066.32
100,10240,4,113.88
10000,1048576,5760,1068.89
10000,102400,5799,124.37
10000,1048576,1422,986.15
10000,1048576,4626,875.20
10000,102400,1873,131.97
10000,1048576,5415,1098.18
10000,10240,9382,113.81
10000,102400,5922,123.31
10000,102400,80,119.93
10000,1048576,8593,940.82
10000,102400,6938,135.31
10000,10240,8772,108.61
1000,1048576,617,703.82
100,10485760,42,3716.67
10000,1048576,5671,831.13
10000,102400,3861,132.13
10000,102400,7454,115.80
10000,10240,5198,105.89
10000,10240,3606,96.33
10000,102400,954,121.13
10000,10240,8248,101.63
10000,10240,9618,99.49
10000,102400,1974,127.09
10000,102400,7642,123.66
10000,102400,795,119.86
1000,10485760,661,4942.45
10000,1048576,666,944.66
10000,10240,2518,115.75
10000,1048576,7520,1003.27
1000,10240,838,114.91
10000,10240,1227,116.79
10000,10240,6645,108.83
10000,10240,6364,102.76
10000,1048576,5225,781.70
10000,102400,7814,127.44
10000,1048576,7261,880.60
10000,1048576,9960,787.39
10000,1048576,2728,1100.67
10000,1048576,7772,1199.83
10000,10240,7591,112.27
10000,10240,2386,106.19
10000,1048576,2689,829.25
10000,1048576,5764,720.99
10000,10240,5,123.65
10000,10240,417,107.24
10000,1048576,6542,808.75
10000,102400,1834,125.31
1000,10240,57,104.55
10000,1048576,224,1037.78
10000,102400,2802,124.59
10000,102400,1076,113.96
1000,102400,777,116.78
10000,102400,2488,114.02
10000,10240,8948,110.15
10000,1048576,8600,829.68
10000,102400,4474,130.97
1000,10485760,904,3407.82
10000,1048576,8237,929.68
10000,102400,9337,131.96
10000,102400,956,117.87
10000,102400,5007,130.13
10000,10240,6952,109.19
10000,1048576,5295,920.25
10000,1048576,1625,919.05
10000,10240,6201,116.14
1000,10485760,662,3405.91
10000,10240,230,117.42
10000,10240,6637,105.41
10000,10240,6761,107.53
1000,10485760,856,3434.64
10000,10240,6830,112.50
10000,1048576,786,674.01
10000,1048576,3764,804.02
10000,10240,105,116.92
10000,102400,9028,112.70
10000,102400,7268,110.51
10000,1048576,1186,688.73
10000,102400,6874,126.12
10000,1048576,7538,747.87
10000,10240,9191,112.53
1000,10485760,432,4547.05
10000,102400,9737,133.12
10000,1048576,4942,1479.89
10000,10240,6994,108.67
10000,10240,4003,99.78
10000,102400,4424,118.72
10000,1048576,417,679.65
10000,1048576,511,749.61
10000,10240,4904,109.79
10000,10240,2723,99.08
10000,1048576,1743,1116.87
10000,1048576,3625,1003.41
10000,1048576,906,697.04
1000,10240,910,115.56
10000,10240,5833,99.29
10000,10240,7034,97.57
10000,1048576,9464,718.18
10000,102400,3591,129.34
10000,102400,8365,112.85
1000,1048576,951,825.42
10000,102400,810,130.06
10000,1048576,3756,654.18
10000,10240,9514,108.10
10000,1048576,7591,501.50
10000,102400,6886,121.14
10000,102400,7012,116.00
10000,1048576,2329,893.64
10000,102400,2099,123.39
10000,102400,9495,126.23
10000,1048576,3331,843.42
10000,102400,4377,142.54
10000,102400,7282,107.60
1000,10240,314,113.16
10000,10240,7854,105.80
1000,1048576,653,818.75
10000,102400,1029,131.61
10000,10240,3665,99.64
10000,102400,6323,116.58
10000,1048576,298,728.63
10000,1048576,38,573.58
10000,102400,7563,120.64
10000,1048576,878,717.92
10000,1048576,2431,910.25
10000,10240,6249,228.44
10000,10240,5109,106.05
10000,1048576,581,763.42
10000,10240,9937,120.50
10000,102400,1969,118.31
1000,1048576,308,824.36
10000,1048576,7000,587.86
10000,102400,9822,141.15
10000,1048576,5365,781.41
1000,102400,298,122.95
10000,102400,1758,121.24
10000,102400,2661,123.36
1000,10485760,491,6452.89
10000,102400,9439,135.26
10000,1048576,1902,631.56
10000,10240,7872,125.08
10000,10240,4985,106.43
10000,102400,4300,118.57
1000,102400,501,129.52
10000,102400,2955,118.77
10000,10240,7916,99.79
1000,102400,939,114.55
10000,10240,8486,116.15
10000,1048576,9019,845.02
10000,102400,734,128.61
10000,102400,5776,248.49
1000,1048576,165,808.60
10,104857600,0,34139.92
10000,1048576,2555,7693.82
1000,102400,642,213.72
10000,102400,3455,125.33
10000,1048576,9163,4897.07
10000,1048576,4557,5165.11
10000,1048576,4563,5278.44
10000,10240,4303,107.68
10000,10240,5141,155.08
10000,102400,9362,141.03
10000,1048576,9437,2470.94
10000,1048576,2693,2100.01
10000,1048576,4548,1565.39
10000,102400,371,137.15
10000,1048576,7979,764.53
10000,102400,3806,122.10
10000,102400,5155,246.77
10000,10240,6514,98.20
10000,102400,1786,126.11
10000,102400,692,116.46
10000,10240,7485,103.74
1000,1048576,81,926.55
10000,1048576,4625,819.79
10000,102400,5235,136.93
10000,102400,7305,121.42
10000,10240,9053,103.53
10000,1048576,1362,766.75
10000,1048576,6117,821.65
10000,10240,1180,114.81
1000,1048576,823,802.71
10000,1048576,5482,760.64
1000,10485760,670,3530.06
1000,10485760,586,4704.26
100,1048576,92,800.95
10000,102400,3679,136.27
10000,10240,754,99.54
10000,102400,4608,127.02
10000,10240,4890,108.72
10000,1048576,987,951.16
1000,1048576,546,702.56
10000,10240,5304,105.45
10000,102400,3612,113.53
10000,1048576,1278,761.08
10000,102400,7801,129.71
10000,1048576,811,774.87
10000,10240,7385,115.64
10000,1048576,5770,719.04
10000,102400,8435,129.22
10000,102400,8884,132.44
10000,1048576,9689,986.83
10000,102400,612,129.13
10000,1048576,6021,762.14
10000,102400,8677,134.29
10000,10240,3396,104.04
10000,10240,2487,103.05
10000,10240,5040,112.07
10000,10240,2456,99.46
10000,102400,5774,115.14
10000,10240,1962,101.44
10000,1048576,6873,787.56
10000,1048576,8838,589.80
10000,1048576,2162,720.69
10000,1048576,4944,801.86
10000,10240,9947,123.84
10000,1048576,4374,777.94
10000,1048576,9688,566.35
10000,102400,2588,122.92
10000,10240,1024,105.48
10000,102400,10,123.13
100,10485760,71,3665.75
1000,10485760,954,4500.03
10000,102400,459,130.70
10000,10240,3326,104.58
10000,102400,6713,118.96
1000,10240,849,101.56
10000,10240,4438,104.96
10000,1048576,2210,812.87
10000,102400,8956,132.80
10000,10240,8587,104.33
10000,1048576,3373,784.32
10000,1048576,5813,889.32
10000,102400,5389,138.39
10000,102400,6097,112.96
10000,102400,7713,123.25
10000,10240,2410,103.53
1000,102400,529,123.50
10000,1048576,8420,941.21
10000,102400,505,130.06
10000,10240,9493,104.06
10000,10240,1202,104.99
10000,10240,3700,104.39
10000,102400,5067,131.80
10000,102400,9671,121.26
10000,10240,7567,101.23
10000,1048576,2608,831.71
10000,1048576,9076,769.55
10000,10240,4782,114.16
10000,102400,9704,132.13
10000,1048576,2023,707.28
10000,10240,6559,108.39
10000,102400,7885,117.66
10000,102400,6439,112.22
10000,102400,6650,116.54
10000,1048576,1942,834.48
1000,10485760,647,4235.54
10000,10240,3867,111.39
10000,102400,4679,127.93
10000,10240,4294,105.39
1000,102400,982,135.39
10000,10240,9598,100.19
1000,10240,916,102.59
1000,10240,667,100.96
10000,1048576,5069,713.88
10000,1048576,5115,797.80
10000,102400,9535,130.39
1000,1048576,482,891.14
10000,1048576,9034,815.33
10000,102400,7619,125.86
10000,102400,7906,117.90
10000,102400,9844,118.68
10000,1048576,7339,702.28
10000,10240,7066,109.27
10000,1048576,5149,735.37
10000,1048576,4981,850.26
10000,1048576,6087,734.60
10000,10240,6424,106.91
10000,10240,853,99.68
10000,10240,2540,109.90
10000,102400,4650,120.24
10000,1048576,605,766.15
10000,102400,1217,127.20
100,1048576,80,695.72
10000,10240,6622,110.66
10000,10240,4805,104.33
10000,10240,5245,107.74
10000,102400,7409,127.33
10000,1048576,5984,787.85
10000,102400,9009,128.16
10000,1048576,628,796.66
1000,1048576,433,693.49
1000,1048576,928,729.97
10000,10240,2219,125.68
10000,1048576,515,658.40
10000,102400,5858,124.87
10000,10240,6655,106.36
10000,10240,2415,103.28
10000,10240,6376,99.58
10000,1048576,4070,810.45
10000,102400,2039,127.96
10000,102400,2780,117.77
10000,10240,7958,111.39
1000,10240,730,105.01
10000,10240,843,108.67
10000,1048576,5734,699.98
10000,1048576,3543,882.88
10000,1048576,5833,819.34
10000,10240,5467,110.94
10000,10240,9220,107.10
10000,10240,3193,106.82
10000,102400,1216,121.74
10000,10240,180,107.84
10000,102400,1172,118.99
10000,102400,6305,123.07
10000,102400,9951,114.54
10000,10240,1574,98.89
10000,10240,7913,97.98
10000,102400,223,110.04
10000,102400,2927,120.02
10000,1048576,2686,803.00
10000,102400,5741,139.96
10000,1048576,2238,817.19
10000,102400,8303,132.67
10000,1048576,2896,713.24
10000,1048576,8192,619.75
10000,102400,2403,122.36
10000,1048576,4728,677.04
10000,1048576,22,764.00
10000,1048576,1778,833.17
100,104857600,34,36524.72
10000,102400,1124,410.17
10000,10240,9843,139.17
10000,1048576,6133,531.44
10000,10240,5645,111.33
10000,1048576,1932,649.30
10000,1048576,1966,798.89
10000,1048576,1125,799.51
1000,102400,101,150.52
10000,10240,5656,104.38
10000,1048576,8327,748.92
10000,102400,8335,132.42
10000,1048576,9345,719.48
10000,1048576,2785,798.26
1000,102400,658,123.48
10000,10240,5796,108.45
1000,10485760,842,4264.61
10000,102400,5092,136.47
10000,10240,7801,103.86
10000,1048576,5459,722.50
10000,10240,8191,113.57
10000,1048576,4267,727.43
10000,1048576,8638,871.43
10000,10240,8347,107.76
10000,102400,7895,129.90
10000,102400,9603,123.45
10000,1048576,8940,813.58
10000,1048576,4718,816.09
10000,102400,7781,240.12
10000,1048576,6418,551.63
10000,1048576,4333,709.13
10000,102400,8763,131.82
10000,1048576,7097,770.39
10000,102400,83,133.53
10000,102400,4676,118.38
10000,102400,1372,126.95
10000,1048576,3215,689.08
10000,10240,1693,114.96
1000,10485760,282,3556.44
10000,10240,4650,109.93
10000,10240,3779,104.72
10000,102400,9669,122.12
1000,10240,736,102.13
10000,10240,5464,102.60
10000,1048576,8906,782.05
10000,1048576,2873,695.48
10000,102400,8551,122.88
10000,10240,1747,93.24
10000,102400,2393,128.16
10000,1048576,5380,707.80
10000,102400,7536,126.01
10000,10240,2122,102.51
10000,1048576,9002,770.25
10000,1048576,6121,598.67
10000,10240,3444,104.89
10000,10240,7778,95.22
10000,102400,7900,129.57
10000,102400,1789,129.38
10000,10240,3471,107.38
10000,102400,4385,112.55
10000,1048576,2081,795.68
10000,102400,3358,126.12
10000,10240,7133,110.36
10000,10240,128,102.05
10000,102400,5359,121.51
10000,102400,7962,110.82
10000,102400,4445,120.21
10000,1048576,6385,669.38
10000,1048576,2717,764.97
10000,102400,7392,126.04
10000,10240,7401,95.52
1000,1048576,34,795.75
10000,10240,7897,106.14
10000,102400,6346,115.74
10000,10240,1031,100.40
10000,1048576,4911,783.94
10000,102400,9260,127.68
10000,10240,6011,100.02
10000,1048576,5557,654.19
10000,1048576,7634,536.57
1000,10240,833,105.20
10000,10240,2349,92.81
1000,1048576,812,811.83
10000,102400,5696,126.11
10000,102400,3648,106.10
1000,10485760,246,4268.39
1000,10240,644,112.34
100,10240,68,94.22
10000,10240,5544,94.45
10000,1048576,1128,726.36
10000,10240,5306,104.03
1000,102400,197,114.17
10000,10240,9432,99.68
10000,102400,8460,113.54
10000,1048576,6767,713.79
100,102400,46,125.30
10000,1048576,5597,847.26
10000,1048576,2815,732.70
10000,1048576,1951,682.11
10000,102400,2609,120.63
10000,10240,806,99.26
10000,102400,7069,118.41
1000,10240,500,105.37
10000,1048576,9380,740.43
10000,10240,7788,111.85
10000,102400,3114,115.03
10000,1048576,4904,752.00
10000,1048576,5111,685.36
1000,102400,8,123.06
10000,1048576,9889,708.47
1000,102400,519,121.21
10000,10240,1316,111.37
10000,1048576,3218,723.46
10000,1048576,7612,665.57
1000,10240,872,107.56
10000,10240,391,93.49
10000,102400,2562,131.47
100,10240,90,98.27
10000,10240,1344,98.71
10000,10240,1384,105.37
10000,10240,7031,113.99
10000,102400,8050,114.63
100,102400,77,120.42
10000,1048576,1813,807.58
100,104857600,60,30654.75
10000,102400,7719,403.86
10000,10240,2463,204.41
10000,102400,4804,154.23
10000,10240,5600,104.01
10000,1048576,6420,938.45
10000,102400,4063,137.99
1000,1048576,634,856.63
10000,10240,7584,254.51
10000,1048576,4799,1010.24
10000,1048576,8404,944.43
10000,10240,6907,115.55
10000,10240,474,106.58
10000,10240,6603,102.83
10000,10240,8658,112.02
10000,102400,7807,118.34
10000,1048576,7207,758.51
10000,102400,9264,138.57
10000,102400,2926,115.45
10000,10240,8105,99.80
10000,1048576,1015,818.50
10000,1048576,4602,548.39
10000,102400,9275,123.50
10000,102400,4599,115.43
10000,102400,8944,122.38
10000,102400,8807,123.23
10000,10240,2498,102.39
10000,102400,8825,123.42
1000,102400,356,120.40
10000,1048576,9982,885.92
10000,10240,753,109.66
1000,10485760,141,4208.48
1000,102400,891,124.15
10000,10240,7957,104.94
1000,1048576,722,523.61
1000,1048576,247,520.65
10000,102400,1482,121.36
10000,10240,6223,117.12
10000,102400,438,121.24
10000,102400,683,123.58
10000,10240,3785,100.17
10000,102400,9276,117.67
10000,102400,8275,120.46
10000,102400,4539,123.56
10000,10240,3847,104.39
10000,1048576,3398,942.37
10000,1048576,9390,652.06
100,102400,25,122.02
1000,10485760,511,3240.97
10000,1048576,6229,688.00
10000,1048576,1916,631.64
10000,102400,1417,124.82
10000,102400,6038,126.18
10000,102400,1637,120.33
10000,10240,5702,112.17
10000,102400,637,123.42
10000,1048576,9114,787.19
100,10485760,67,3610.16
1000,10240,189,118.17
10000,10240,6898,107.11
10000,1048576,972,848.16
10000,10240,9683,115.46
1000,10240,215,111.98
10000,102400,6721,120.27
10000,1048576,7421,952.01
10000,10240,4669,107.11
10000,102400,8635,114.62
1000,102400,7,106.02
10000,10240,1210,108.55
10000,1048576,208,782.57
10000,1048576,3890,502.85
10000,10240,7684,101.38
1000,10485760,52,3762.66
10000,1048576,4877,831.18
10000,102400,8605,123.80
10000,10240,3594,113.16
10000,102400,7239,113.69
10000,10240,775,99.61
10000,1048576,4129,834.41
10000,1048576,845,616.01
10000,1048576,1754,557.57
10000,1048576,293,804.07
10000,102400,5792,130.01
10000,102400,3844,113.83
10000,10240,6957,125.17
1000,10485760,522,4322.06
10000,102400,9043,130.67
10000,10240,7277,89.67
10000,1048576,4112,694.46
10000,10240,7350,113.82
10000,102400,4885,135.97
10000,10240,8717,107.60
10000,10240,7848,100.37
10000,10240,3030,98.63
10000,1048576,3198,749.10
10000,102400,2503,126.09
1000,1048576,134,926.97
10000,1048576,7404,908.17
10000,1048576,7291,713.15
10000,102400,6715,132.45
10000,10240,2774,101.21
10000,1048576,2441,746.98
10000,10240,8337,116.07
10000,102400,2848,117.17
10000,10240,1253,107.41
10000,10240,4089,98.42
10000,102400,8321,121.05
10000,102400,8462,121.28
10000,1048576,986,770.96
10000,102400,9570,136.75
10000,10240,7718,102.67
10000,102400,1710,117.78
10000,102400,3888,115.87
10000,10240,8414,103.51
10000,10240,6679,100.30
10000,10240,8708,98.05
10000,1048576,2890,795.38
10000,102400,2610,127.68
1000,10485760,206,3298.34
1000,10240,404,114.80
10000,10240,5014,106.04
1000,102400,83,119.79
10000,102400,4250,121.23
10000,102400,8550,122.50
10000,10240,6410,101.06
10000,10240,1197,106.74
10000,102400,4145,113.47
10000,10240,6815,108.53
10000,1048576,7310,810.36
10000,1048576,195,842.04
10000,1048576,8962,846.57
10000,102400,5715,127.75
10000,1048576,5957,694.19
10000,10240,4030,109.32
10000,1048576,1464,577.33
10000,102400,2655,121.03
10000,10240,8151,109.08
1000,10240,685,102.60
10000,102400,8193,118.34
10000,1048576,3805,916.72
10000,10240,5157,106.39
10000,102400,8149,112.75
10000,102400,384,113.83
10000,102400,6791,119.36
10000,102400,7335,109.85
10000,1048576,2877,789.93
1000,1048576,449,728.95
10000,10240,8940,107.03
1000,10240,199,109.43
10000,102400,4169,122.53
10000,102400,6077,123.78
10000,10240,6916,100.12
10000,1048576,1160,1047.60
10000,102400,8951,138.28
10000,1048576,6963,823.12
10000,10240,8132,105.69
10000,1048576,1501,936.30
10000,10240,5154,109.87
10000,10240,1861,103.75
10000,1048576,5414,686.23
10000,10240,8748,119.14
10000,1048576,7313,585.53
1000,1048576,931,761.18
10000,1048576,4913,761.82
10000,10240,3600,211.99
10000,102400,672,111.19
10000,102400,1946,111.73
10000,10240,7833,104.22
10000,10240,4257,100.14
10000,1048576,6893,697.88
10000,10240,9678,107.42
10000,10240,3555,105.94
10000,1048576,9929,744.49
10000,1048576,1729,842.24
10000,1048576,411,842.71
10000,10240,2798,111.08
1000,10485760,515,3231.22
10000,10240,5521,113.72
10000,102400,6825,115.16
10000,10240,6360,99.47
10000,10240,1639,107.92
10000,10240,9462,102.09
10000,102400,8185,116.55
10000,1048576,8115,745.89
10000,10240,6324,115.38
10000,10240,2106,107.52
10000,102400,4155,117.34
10000,102400,9159,124.11
10000,1048576,1282,795.72
1000,10485760,128,3920.01
10000,10240,3839,117.79
10000,1048576,7286,738.91
10000,10240,8903,110.96
10000,10240,3634,107.67
10000,102400,6152,133.49
10000,10240,7767,120.56
1000,10485760,360,3485.49
10000,1048576,5005,610.53
1000,10240,221,119.48
10000,1048576,1070,606.80
10000,102400,115,153.29
1000,1048576,933,779.46
10000,1048576,5711,909.45
10000,102400,8908,145.72
1000,10485760,905,3332.12
1000,10485760,748,4084.76
10000,10240,6050,127.27
10000,102400,8225,121.88
10000,10240,6008,104.01
10000,10240,9527,103.35
10000,10240,3469,156.46
10000,102400,1283,170.01
10000,102400,1766,132.44
10000,102400,8840,134.27
1000,10485760,532,4135.80
10000,10240,3807,129.77
10000,1048576,3846,568.47
10000,102400,5436,135.09
10000,102400,3214,128.35
10000,10240,4721,117.83
10000,1048576,914,790.51
10000,10240,4264,118.54
10000,1048576,9797,777.84
10000,1048576,5106,1166.73
10000,1048576,2288,589.54
10000,102400,285,138.90
10000,10240,7065,110.83
10000,102400,4629,127.27
10000,102400,3928,117.78
10000,1048576,1312,745.58
10000,102400,8762,138.67
10000,102400,4913,120.82
10000,1048576,6030,725.54
10000,102400,4231,131.50
10000,1048576,265,608.23
10000,102400,3877,164.13
10000,1048576,5975,748.70
10000,1048576,1174,550.61
10000,102400,8119,145.31
10000,10240,7646,106.78
10000,1048576,4805,784.25
10000,10240,3040,111.69
10000,10240,25,109.90
10000,1048576,874,730.73
10000,10240,5184,122.76
10000,102400,7056,126.48
10000,102400,4397,213.39
1000,10240,148,106.12
10000,10240,5149,142.07
10000,10240,822,105.20
10000,1048576,7910,635.61
10000,10240,8072,115.00
10000,10240,3111,123.84
10000,10240,606,108.22
10000,10240,9043,105.36
1000,10485760,459,3302.26
10000,1048576,2620,604.55
10000,102400,4363,173.14
10000,102400,7655,125.63
10000,10240,7818,108.47
1000,1048576,486,770.48
10000,10240,8182,123.72
10000,102400,3765,138.95
1000,10485760,903,4175.61
10000,1048576,648,782.70
1000,10240,835,123.87
10000,102400,9790,124.56
10000,1048576,1171,720.46
10000,10240,7787,112.77
10000,1048576,5694,743.06
1000,1048576,397,785.77
10000,1048576,5981,608.96
10000,1048576,9538,714.75
1000,10485760,433,3490.09
10000,1048576,1307,759.60
10000,1048576,2605,782.69
10000,102400,6002,134.35
10000,1048576,2292,719.34
10000,10240,2718,126.87
10000,1048576,2489,776.63
10000,102400,2874,131.60
10000,1048576,1891,576.07
10000,102400,5976,157.13
10000,10240,1602,169.27
10000,1048576,7205,829.89
10000,102400,8625,129.50
10000,10240,914,97.71
1000,10240,449,100.61
10000,1048576,9676,764.84
10000,102400,3863,124.65
10000,102400,7423,110.53
1000,102400,812,126.97
10000,102400,5400,114.66
10000,102400,1776,132.60
10000,102400,7932,116.80
10000,102400,6861,114.57
10000,10240,7407,103.20
1000,1048576,788,736.90
10000,10240,1071,110.56
10000,102400,9766,119.47
10000,1048576,3767,737.19
10000,102400,8917,125.16
10000,1048576,6180,723.11
10000,102400,3052,124.98
10000,102400,9991,119.88
10000,10240,6036,100.67
10000,1048576,7867,804.28
10000,1048576,5912,679.64
10000,1048576,2298,669.25
10000,1048576,4276,536.67
10000,1048576,4248,719.59
10000,1048576,2026,569.75
10000,10240,1918,102.09
10000,102400,5640,108.50
10000,102400,5926,112.56
10000,10240,2327,103.70
10000,10240,4354,107.72
1000,1048576,200,873.44
10000,1048576,8915,539.75
100,104857600,62,31492.07
10000,10240,8716,397.36
10000,10240,4217,135.99
10000,10240,5657,97.08
10000,1048576,6541,1028.43
10000,10240,1655,248.72
10000,1048576,891,503.77
10000,1048576,1997,752.77
10000,1048576,9707,791.38
1000,1048576,7,948.09
10000,1048576,8873,648.39
10000,1048576,7505,609.64
10000,102400,4461,122.62
10000,1048576,8736,671.60
10000,1048576,37,738.72
100,10240,28,106.39
1000,1048576,842,603.99
10000,1048576,4309,1447.16
10000,1048576,5202,731.75
1000,102400,888,155.12
10000,1048576,2347,603.95
10000,1048576,9093,547.16
10000,1048576,6686,592.06
10000,1048576,8582,616.71
10000,102400,2500,124.90
10000,102400,1602,112.53
10000,102400,5576,111.40
10000,102400,8704,119.02
10000,1048576,5084,837.43
10000,1048576,454,670.20
10000,102400,9424,123.60
10000,1048576,8179,520.85
10000,10240,400,107.81
10000,10240,9274,111.56
10000,102400,5916,121.35
10000,1048576,3778,808.83
10000,10240,4356,114.75
10000,1048576,5773,624.77
1000,102400,225,128.38
10000,10240,1837,106.52
10000,10240,4010,108.60
10000,10240,2712,105.13
10000,102400,6074,120.54
10000,1048576,8144,738.79
10000,1048576,9229,588.00
10000,1048576,5930,619.46
10000,10240,2108,106.22
10000,10240,7698,107.55
10000,10240,5597,105.40
10000,10240,5241,108.37
10000,102400,6907,122.82
10000,102400,6153,123.54
10000,10240,2244,106.04
10000,1048576,306,783.26
10000,102400,5478,132.44
10000,102400,2917,111.56
10000,102400,1295,119.91
10000,10240,7075,101.12
10000,10240,2801,109.41
10000,102400,6379,121.61
10000,10240,7910,107.22
10000,10240,311,102.26
10000,102400,6182,123.60
10000,10240,445,99.64
1000,10240,793,106.17
10000,10240,7960,113.44
10000,10240,9310,104.69
10000,1048576,1702,724.48
1000,1048576,461,710.92
10000,1048576,1901,643.74
10000,102400,2112,122.18
10000,1048576,6958,657.44
10000,1048576,231,631.09
10000,10240,2941,116.77
10000,1048576,1895,545.89
10000,10240,3433,113.23
10000,10240,8955,102.72
10000,1048576,3083,967.86
10000,10240,4762,110.33
10000,102400,9210,113.93
10000,102400,8531,122.04
10000,1048576,8821,803.83
1000,102400,204,126.75
10000,102400,5309,111.44
100,10240,88,111.19
10000,1048576,1159,30559.47
10000,102400,4842,281.23
10000,102400,5822,123.73
10000,1048576,1289,3607.91
1000,10485760,955,8177.23
10000,10240,9467,256.40
10000,10240,3908,334.43
1000,10485760,293,4408.38
10000,102400,1115,151.21
10000,1048576,6093,909.69
10000,1048576,9909,1445.47
10000,102400,1048,128.22
10000,1048576,8835,720.70
10000,102400,719,129.37
10000,102400,2493,116.84
10000,1048576,7757,762.86
10000,1048576,5198,728.95
10000,1048576,656,559.16
10000,102400,7569,125.90
10000,102400,6374,119.33
10000,10240,4476,105.12
10000,1048576,5741,888.00
10000,102400,4146,132.59
10000,102400,8627,127.91
10000,10240,3314,110.02
10000,102400,6885,117.75
10000,10240,5409,108.06
10000,1048576,10,942.03
10000,10240,7480,113.10
10000,102400,6868,121.29
10000,10240,1812,107.45
10000,1048576,5715,707.83
10000,102400,151,140.51
10000,1048576,7466,566.63
10000,1048576,961,595.60
10000,10240,9449,109.18
10000,10240,8823,104.64
10000,10240,6321,121.30
1000,10485760,338,4733.15
10000,102400,6442,139.62
10000,10240,5139,100.73
10000,10240,6308,99.02
10000,10240,9135,105.74
10000,10240,4284,102.44
10000,1048576,3539,3491.58
10000,102400,4510,124.81
10000,1048576,4540,5900.19
10000,1048576,7608,1705.91
10000,1048576,4530,657.26
1000,10485760,67,18470.83
10000,102400,4828,280.86
10000,10240,645,261.42
10000,1048576,9130,6925.38
10000,102400,3825,124.64
10000,1048576,1631,6366.89
10000,10240,3254,235.33
10000,1048576,2774,4281.54
10000,10240,2400,104.36
1000,10485760,933,19896.71
10000,10240,176,345.24
1000,10485760,198,11589.42
10000,102400,4558,249.95
10000,102400,8230,116.25
10000,102400,1496,113.33
10000,102400,2656,110.77
10000,1048576,4084,6080.04
10000,1048576,1071,3512.41
10000,102400,4120,162.95
10000,1048576,758,661.31
10000,10240,5147,401.75
100,102400,66,118.14
10000,10240,282,107.50
10000,1048576,990,747.31
10000,10240,7660,110.33
10000,102400,3605,116.90
1000,102400,114,118.88
1000,10485760,561,12577.52
10000,10240,8786,224.44
10000,1048576,1086,3832.91
10000,10240,8378,106.69
10000,1048576,6013,4032.82
10000,102400,7183,244.23
10000,1048576,3207,1124.76
10000,1048576,8851,861.80
10000,102400,5094,137.48
10000,10240,4737,102.43
10000,1048576,3471,896.80
10000,10240,4863,107.62
10000,102400,3871,299.83
10000,102400,7130,116.30
10000,1048576,7401,784.98
1000,10240,460,108.19
10000,102400,9605,125.18
10000,1048576,8897,844.89
10000,102400,2864,124.73
10000,10240,4452,111.21
10000,102400,191,117.44
10000,10240,8249,108.11
10000,10240,8882,104.28
10000,1048576,4843,865.99
10000,1048576,9315,857.80
10000,102400,8226,131.27
10000,1048576,354,754.46
10000,102400,1122,134.38
1000,1048576,14,829.44
10000,10240,6873,112.59
1000,1048576,791,938.67
10000,102400,5891,133.02
10000,102400,7891,117.64
10000,10240,4605,120.59
10000,1048576,8183,686.96
100,10485760,32,3433.44
10000,102400,4443,135.28
10000,102400,2809,124.18
10000,1048576,3263,812.58
10000,10240,8325,115.51
10000,10240,8846,105.97
10000,102400,3779,123.66
10000,10240,1712,103.57
1000,10240,622,106.49
10000,1048576,8066,951.99
10000,102400,1021,129.80
10000,1048576,4236,704.10
1000,10240,569,114.88
10000,1048576,2257,893.26
10000,10240,6116,113.37
10000,10240,4285,110.52
1000,10240,360,112.92
10000,10240,7241,115.86
10000,102400,2761,121.45
10000,10240,107,109.24
10000,10240,1515,105.74
10000,10240,126,98.75
10000,102400,7274,124.42
10000,10240,9588,99.82
10000,10240,148,101.46
10000,1048576,7130,986.24
10000,10240,1971,114.25
1000,1048576,504,847.87
10000,1048576,3120,717.48
1000,1048576,510,801.41
10000,1048576,2703,795.09
10000,10240,469,111.73
10000,10240,9450,109.24
10000,1048576,2876,799.64
10000,102400,3458,129.06
10000,10240,4342,103.22
10000,1048576,8727,796.91
10000,102400,2595,125.97
10000,10240,8427,99.03
10000,1048576,5916,688.25
10000,1048576,5457,692.47
10000,102400,4234,121.39
10000,102400,2029,118.76
10000,102400,5484,123.78
10000,102400,11,119.52
1000,102400,510,116.50
10000,1048576,4221,817.14
10000,10240,1771,112.02
10000,10240,189,96.62
10000,1048576,9798,690.67
10000,102400,5569,129.22
10000,102400,7359,106.44
10000,1048576,3232,1511.46
10000,102400,8606,135.04
10000,1048576,2240,1181.96
10000,10240,2096,107.74
10000,1048576,8305,731.17
10000,10240,1036,120.25
10000,1048576,4386,552.51
10000,10240,3880,108.71
1000,10485760,303,4067.62
10000,10240,8051,117.96
10000,10240,3695,93.99
10000,1048576,8384,998.03
10000,10240,2250,111.70
10000,102400,1462,116.77
10000,102400,1824,116.54
10000,102400,9416,112.43
1000,10240,745,108.58
10000,1048576,5153,849.77
1000,102400,70,144.38
10000,1048576,7641,548.08
10000,102400,4932,127.96
10000,102400,1716,124.70
10000,1048576,5658,744.84
10000,10240,2926,107.95
10000,1048576,4237,701.68
10000,10240,5949,109.61
1000,102400,377,124.28
10000,10240,5919,101.30
10000,10240,5063,101.89
10000,1048576,248,840.62
10000,1048576,9465,691.48
10000,1048576,799,541.73
10000,10240,3850,108.97
10000,102400,7312,129.11
10000,1048576,3086,870.47
10000,1048576,9399,593.74
10000,102400,2265,125.88
10000,102400,5999,123.27
10000,10240,9452,103.14
10000,1048576,7838,749.11
10000,10240,7016,114.30
10000,10240,6152,110.28
10000,1048576,981,765.70
10000,102400,7646,128.38
10000,1048576,7318,840.62
10000,102400,340,123.56
10000,102400,9802,121.75
10000,102400,8592,121.68
10000,102400,498,120.34
10000,102400,4709,137.24
10000,10240,9978,103.76
10000,102400,8100,121.86
10000,10240,9537,103.32
10000,10240,7358,100.79
1000,102400,563,112.62
10000,102400,2471,119.71
10000,10240,5312,101.01
10000,1048576,7861,817.06
10000,102400,277,132.83
10000,10240,9933,101.88
10000,1048576,9490,744.28
10000,10240,2149,114.35
10000,102400,3393,135.07
10000,102400,1559,118.25
10000,1048576,6919,786.71
1000,102400,756,130.59
10000,1048576,8742,933.02
10000,1048576,8376,847.95
10000,10240,506,111.86
10000,1048576,7307,523.94
10000,102400,9427,126.78
10000,10240,3767,109.02
10000,1048576,491,685.45
10000,102400,6979,128.48
10000,102400,900,107.21
10000,102400,9243,117.77
10000,1048576,6240,807.50
10000,10240,5575,110.78
10000,1048576,2596,819.25
100,10240,55,111.75
10000,1048576,3831,609.91
10000,10240,6515,104.46
10000,1048576,3788,758.74
10000,10240,9587,105.77
10000,10240,838,115.39
10000,1048576,7275,898.92
10000,102400,2384,131.38
10000,10240,1866,92.73
10000,102400,8881,113.56
10000,102400,8624,116.91
10000,102400,7314,120.92
1000,10485760,91,4122.27
10000,1048576,3317,506.39
10000,10240,5539,108.31
10000,1048576,3514,821.83
10000,10240,8756,110.59
1000,1048576,311,844.85
10000,10240,4728,115.27
10000,10240,4392,109.49
10000,10240,2787,109.64
10000,102400,5272,126.81
10000,102400,9940,126.03
10000,10240,4790,115.13
10000,10240,8172,103.77
10000,10240,6099,107.37
1000,10240,556,102.15
10000,102400,8929,118.64
10000,102400,1039,139.84
10000,1048576,7442,792.25
1000,10240,938,115.32
10000,102400,1212,125.03
10000,1048576,8389,816.27
10000,102400,7701,130.03
10000,10240,591,103.48
10000,1048576,1419,845.35
10000,1048576,1515,682.28
10000,10240,1093,106.98
10000,102400,6332,119.75
10000,10240,7543,103.88
10000,102400,7251,118.32
10000,102400,1092,121.16
10000,102400,4441,121.46
10000,1048576,4732,817.65
10000,10240,9898,113.70
10000,10240,2496,104.99
10000,1048576,1851,721.65
10000,102400,1543,126.33
10000,102400,3625,124.21
10000,1048576,8672,765.51
10000,10240,3978,115.20
10000,10240,9243,104.72
10000,10240,5813,103.31
10000,10240,1395,106.40
10000,10240,6429,104.17
10000,10240,6512,101.90
1000,10485760,286,4443.08
1000,10485760,664,4620.43
10000,1048576,232,762.28
10000,10240,9272,104.77
1000,10485760,44,10498.07
10000,102400,1136,256.50
10000,10240,8005,352.18
10000,102400,9140,214.27
10000,102400,9943,257.56
10000,1048576,4293,2896.17
10000,102400,1867,120.39
10000,1048576,4712,2868.11
10000,1048576,2903,793.15
10,10485760,8,3711.35
1000,10240,735,116.59
10000,10240,3420,99.00
10000,10240,2383,106.69
10000,1048576,8529,954.10
10000,1048576,1287,759.12
10000,102400,3025,130.25
10000,102400,2454,123.22
10000,1048576,1934,1518.72
10000,10240,6203,112.68
10000,102400,1770,116.64
1000,10485760,732,3723.20
1000,1048576,900,645.78
10000,10240,3783,107.76
10000,10240,9229,99.91
1000,10485760,697,4297.16
10000,102400,4095,132.58
10000,10240,7415,103.70
10000,1048576,854,723.01
1000,1048576,502,943.20
10000,1048576,9402,820.25
10000,1048576,5376,821.56
10000,102400,6513,126.44
1000,10240,465,106.66
10000,102400,4365,251.88
10000,1048576,3208,756.51
1000,10240,52,117.39
10000,102400,3671,119.15
10000,10240,979,105.12
10000,1048576,667,968.81
1000,10485760,351,4730.69
10000,102400,1086,133.23
10000,102400,5856,121.32
10000,1048576,9166,896.42
10000,1048576,5535,727.34
10000,102400,5760,129.28
10000,1048576,8306,710.93
10000,1048576,176,745.19
10000,102400,7198,127.50
10000,10240,7325,96.92
10000,10240,9670,100.72
10000,10240,4677,100.53
10000,10240,1661,101.73
10000,1048576,4312,883.86
10000,10240,4265,103.25
10000,10240,3929,97.30
10000,10240,9244,222.28
10000,1048576,8553,706.51
10000,10240,9095,108.53
10000,102400,716,127.85
10000,1048576,9383,764.99
10000,102400,6475,140.70
10000,10240,1527,110.07
1000,1048576,789,822.14
10000,1048576,7840,598.73
10000,1048576,4414,519.82
10000,10240,217,110.47
10000,10240,5202,104.78
10000,102400,5691,124.33
10000,10240,3187,104.10
100,10240,0,109.69
10000,10240,1315,103.73
10000,10240,1525,107.52
10000,1048576,9476,910.11
10000,1048576,3040,813.59
10000,102400,8913,133.35
10000,1048576,9373,609.38
10000,1048576,7750,658.06
10000,1048576,2419,735.48
10000,10240,7522,111.88
10000,10240,4624,94.02
10000,102400,7681,109.67
10000,10240,7595,104.30
10000,10240,6508,103.05
1000,10485760,125,4189.04
10000,10240,9672,108.55
10000,1048576,3988,687.87
10000,102400,1530,119.36
10000,10240,1988,104.29
10000,10240,6576,109.35
10000,10240,7988,104.61
10000,10240,1120,100.75
100,1048576,63,737.77
10000,1048576,1913,727.28
10000,10240,365,112.37
10000,10240,8222,104.32
10000,1048576,8542,836.61
10000,10240,4781,113.92
10000,10240,569,102.77
10000,10240,9964,109.92
10000,10240,7080,105.03
10000,102400,3949,125.45
10000,10240,1973,110.02
10000,10240,6851,104.22
10000,10240,5059,104.55
10000,1048576,5062,859.01
10000,1048576,4856,542.85
1000,10240,795,109.24
10000,102400,1797,115.60
10000,10240,2588,104.76
10000,102400,2522,121.85
10000,1048576,4979,893.91
10000,102400,4940,123.96
10000,1048576,1837,617.46
10000,10240,8795,105.96
10000,1048576,6723,585.53
10000,102400,1349,121.59
10000,102400,5591,118.78
10000,102400,1419,113.85
10000,1048576,219,786.92
10000,102400,2211,128.94
10000,1048576,7792,541.11
10000,10240,2033,107.94
10000,102400,9411,122.03
10000,1048576,9441,853.68
10000,1048576,7087,647.56
10000,102400,7138,117.22
10000,102400,6599,113.84
10000,10240,3621,105.49
10000,102400,5491,119.32
1000,10485760,216,3301.88
10000,10240,6432,114.39
10000,102400,9042,118.16
10000,10240,8941,93.92
10000,1048576,5812,697.72
10000,10240,9652,105.54
1000,10485760,527,4840.22
10000,10240,7099,121.80
10000,1048576,9975,916.70
10000,1048576,7437,706.24
10000,10240,6820,107.68
10000,1048576,6267,666.65
10000,1048576,115,580.90
10000,1048576,4147,858.25
10000,10240,7306,108.80
10000,1048576,9827,556.29
10000,102400,7315,117.93
10000,1048576,839,875.55
10000,1048576,1491,605.10
10000,102400,55,131.90
10000,10240,3597,102.33
1000,1048576,477,1091.82
100,102400,68,128.31
10000,1048576,5512,498.53
1000,1048576,815,852.93
1000,1048576,795,840.84
10000,10240,9142,112.89
10000,102400,3593,121.19
10000,1048576,4699,926.60
10000,102400,7433,136.28
10000,10240,6530,94.30
10000,1048576,7026,767.50
10000,10240,1305,112.42
10000,102400,6422,122.64
10000,10240,8520,103.99
10000,1048576,8591,745.11
10000,10240,8271,108.13
10000,1048576,8856,832.16
10000,1048576,4083,838.87
1000,1048576,33,738.14
10000,10240,2020,106.06
10000,1048576,7272,704.87
10000,102400,8323,127.07
10000,10240,8118,99.79
10000,1048576,1408,822.52
10,1048576,1,842.35
10000,10240,6259,122.03
10000,1048576,555,647.28
1000,10485760,575,3344.41
10000,102400,9443,137.60
10000,10240,5295,104.08
10000,1048576,9234,954.58
10000,102400,4338,128.20
10000,10240,6405,105.29
10000,102400,627,120.82
10000,10240,1468,100.39
10000,102400,5129,119.12
10000,102400,4201,115.36
1000,102400,158,117.74
10000,1048576,6745,848.18
10000,1048576,5290,812.43
10000,102400,8872,120.89
10000,10240,1814,96.12
10000,102400,8528,114.93
10000,102400,4969,120.91
10000,1048576,5517,836.95
10000,1048576,7375,676.74
10000,1048576,3066,825.11
10000,1048576,2361,703.62
10000,10240,4767,111.10
1000,102400,173,120.45
10000,1048576,9066,782.11
10000,1048576,4323,817.65
1000,10485760,717,4481.46
10000,10240,5969,120.48
10000,102400,8810,110.89
10000,10240,7083,89.93
10000,10240,7716,105.51
10000,1048576,1250,860.27
10000,102400,2437,131.88
10000,1048576,7829,937.87
10000,10240,9423,112.21
10000,10240,9072,106.65
10000,1048576,6537,788.93
1000,102400,701,129.22
10000,1048576,4960,824.98
10000,10240,5844,111.23
10000,1048576,3091,674.51
1000,102400,146,120.16
10000,10240,5259,101.14
10000,102400,3629,115.02
10000,10240,8845,102.76
10000,102400,2132,116.07
10000,1048576,7201,777.46
10000,10240,7285,109.23
10000,10240,410,103.86
10000,102400,4745,120.26
10000,102400,3197,126.40
10000,1048576,7918,935.90
10000,10240,7137,112.52
10000,1048576,7778,863.45
10000,10240,8456,113.61
10000,10240,5729,109.64
10000,1048576,1676,721.90
10000,102400,6108,131.71
10000,102400,7986,121.80
10000,10240,1446,105.75
10000,102400,3821,118.43
10000,102400,2248,115.61
10000,10240,4430,103.36
10000,1048576,9209,778.38
10000,10240,8736,112.35
10000,10240,1112,101.32
10000,102400,6934,119.92
10000,102400,8930,118.88
10000,1048576,8427,857.97
10000,1048576,95,927.98
10000,1048576,1893,609.37
10000,1048576,9195,710.31
10000,1048576,383,978.26
10000,10240,1258,113.72
10000,1048576,3124,818.01
10000,102400,2273,140.68
10000,102400,6645,114.45
10000,10240,7672,103.59
10000,102400,1017,116.87
10000,10240,2316,104.56
10000,10240,4579,101.78
10000,102400,2233,120.86
1000,10240,252,101.09
10000,1048576,9179,782.88
10000,1048576,681,724.99
1000,10485760,460,4340.41
10000,1048576,3912,976.19
10000,102400,580,135.98
10000,10240,101,105.56
10000,10240,5790,98.22
10000,1048576,1134,710.28
10000,10240,6785,111.12
10000,10240,8841,101.85
10000,102400,5167,120.09
10000,10240,1101,101.84
1000,10240,624,108.55
10000,102400,6185,125.53
10000,102400,6170,117.38
10000,10240,7333,95.09
10,102400,8,113.19
10000,10240,3642,101.44
10000,10240,2604,98.73
10000,102400,908,109.46
1000,10485760,40,3815.85
10000,1048576,7371,729.59
10000,1048576,3134,705.61
10000,10240,3833,105.99
10000,102400,925,116.47
1000,10485760,543,3815.38
1000,1048576,497,548.11
10000,102400,3296,119.93
10000,10240,1269,210.71
10000,1048576,2566,926.49
10000,10240,7119,108.76
10000,10240,461,93.69
10000,10240,194,100.32
10000,10240,4977,103.37
10000,1048576,2297,880.23
10000,1048576,4383,741.23
1000,10240,647,107.30
10000,102400,8263,117.36
10000,1048576,7703,835.34
10000,102400,2747,129.79
10000,102400,2855,121.74
10000,102400,8707,123.06
10000,10240,2450,105.77
10000,1048576,9462,833.31
10000,10240,2232,110.34
10000,10240,1249,106.00
10000,10240,5982,104.91
10000,10240,1946,105.83
1000,102400,720,119.71
10000,1048576,745,1083.62
10000,10240,8887,112.40
10000,1048576,9744,770.47
10000,102400,6695,135.19
10000,1048576,5708,726.08
10000,102400,4225,120.02
10000,1048576,5511,571.51
10000,1048576,3667,623.54
1000,10485760,110,3318.80
10000,10240,2119,109.25
10000,1048576,40,669.23
10000,10240,9338,110.18
1000,102400,677,118.50
10000,102400,2909,120.62
10000,1048576,434,812.66
10000,102400,2008,127.52
10000,10240,6329,100.23
10000,10240,3904,105.37
10000,1048576,4238,844.46
10000,10240,5503,110.46
10000,10240,7836,104.73
10000,10240,521,104.32
10000,10240,6626,107.70
10000,1048576,6516,702.82
1000,10240,991,113.80
10000,102400,807,127.26
10000,102400,306,123.90
10000,10240,7905,105.19
10000,102400,551,124.96
10000,102400,3224,121.44
10000,102400,7048,122.31
10000,10240,1772,105.41
10000,102400,1554,122.14
10000,1048576,4987,788.65
10000,10240,4549,107.33
10000,10240,2499,102.92
10000,1048576,8861,823.57
10000,10240,6026,111.62
10000,10240,1364,104.70
10000,102400,3756,126.86
100,10240,84,102.50
10000,102400,8667,120.24
10000,1048576,3249,899.69
10000,1048576,9693,785.59
1000,10240,992,109.69
1000,10485760,908,3610.84
10000,1048576,9226,838.03
10000,10240,2380,109.35
10000,10240,9370,99.75
10000,1048576,7554,832.37
10000,1048576,2880,701.73
1000,1048576,105,770.14
10000,102400,9995,134.25
10000,102400,7152,121.79
10000,1048576,2041,819.85
10000,102400,720,121.06
10000,102400,1860,119.23
10000,1048576,128,901.05
10000,102400,4475,127.39
10000,10240,6556,93.44
10000,1048576,7116,829.65
10000,10240,1848,112.69
10000,1048576,3643,517.31
10000,102400,7958,118.55
1000,10240,974,102.93
10000,102400,593,105.05
10000,10240,2601,98.93
10000,10240,4666,102.39
10000,102400,1170,116.87
10000,10240,4383,107.64
10000,10240,6222,102.93
10000,102400,5278,119.44
10000,102400,7330,119.41
10000,102400,6106,126.11
10000,10240,4297,103.62
10000,10240,8672,106.14
10000,102400,1612,120.79
1000,1048576,498,834.64
10000,1048576,8761,595.34
10000,1048576,4797,875.28
10000,102400,168,130.74
10000,1048576,4582,726.97
10000,102400,1882,123.48
1000,1048576,194,622.61
10000,10240,3168,109.99
10000,102400,3855,114.18
10000,10240,9447,103.89
1000,10240,930,107.27
10000,10240,4748,100.62
10000,102400,3684,119.97
1000,1048576,28,839.84
10000,102400,241,204.24
10000,102400,5170,112.25
10000,10240,5148,104.89
10000,102400,3281,126.01
10000,1048576,4654,764.61
10000,1048576,1406,4845.09
10000,1048576,6483,12681.14
10000,10240,736,321.82
10000,1048576,4887,8573.34
10000,10240,4250,159.65
10000,10240,2279,232.11
10000,1048576,8039,5884.18
1000,102400,153,143.59
10000,1048576,2618,3071.06
10000,10240,635,231.23
10000,10240,7220,104.61
10000,102400,2807,117.92
10000,10240,6555,108.16
10000,10240,3373,105.15
10000,1048576,787,3049.25
10000,10240,3814,123.82
10000,1048576,4298,5321.67
10000,1048576,8844,10662.44
10000,102400,6031,341.94
10000,1048576,690,1600.35
10000,10240,2667,218.49
10000,102400,2269,138.19
10000,102400,4261,116.03
10000,10240,7968,100.31
10000,102400,9700,123.00
10000,10240,5140,97.67
10000,10240,673,98.09
10000,10240,5681,101.90
10000,10240,6024,150.18
10000,10240,2000,103.75
10000,1048576,91,3326.92
10000,102400,1491,119.13
10000,10240,9829,97.01
1000,10485760,311,15345.66
10000,1048576,282,9620.44
1000,102400,405,128.22
10000,1048576,3886,4159.45
10000,102400,4705,134.50
10000,10240,8122,132.85
10000,1048576,6227,858.84
10000,1048576,7071,2607.13
10000,1048576,1435,3017.50
10000,102400,845,126.48
10000,1048576,6149,4364.69
1000,10485760,956,15843.13
1000,10240,782,247.13
10000,10240,3671,277.86
10000,102400,3961,249.23
1000,10240,760,346.42
10000,1048576,1178,4299.80
10000,1048576,5953,3902.54
10000,102400,814,134.45
10000,10240,8119,102.65
10000,1048576,1471,879.10
10000,10240,5804,118.55
10000,10240,3803,208.77
10000,102400,3641,121.77
10000,1048576,8562,937.01
10000,10240,9713,111.17
10000,1048576,2096,840.42
10000,102400,1109,126.22
100,10485760,95,9265.34
10000,102400,7022,135.79
10000,102400,2861,120.92
10000,10240,3316,227.89
10000,10240,9199,271.95
1000,10485760,709,3842.64
10000,10240,3902,123.02
10000,10240,1774,99.78
10000,1048576,7856,1004.18
10000,102400,5412,128.74
10000,10240,4487,105.31
10000,102400,4916,117.48
10000,10240,4626,104.07
10000,1048576,2792,954.92
10000,1048576,8309,708.51
10000,10240,496,114.31
10000,1048576,4985,695.08
10000,10240,524,104.48
10000,1048576,1131,857.11
10000,102400,6716,146.90
10000,10240,4797,105.49
10000,1048576,9543,999.64
10000,1048576,2724,750.34
10000,10240,3520,109.88
10000,1048576,8442,701.91
10000,1048576,6712,814.10
10000,10240,7235,114.19
10000,10240,7272,105.77
10,10485760,2,4196.05
10000,1048576,329,807.63
10000,1048576,5871,830.39
10000,10240,2976,117.15
10000,10240,756,109.71
1000,10485760,178,4587.35
10000,102400,3758,139.59
10000,10240,5438,102.35
10000,102400,4129,112.64
10000,102400,9070,132.62
10000,10240,9206,109.24
10000,102400,2372,115.61
1000,1048576,588,925.84
10000,1048576,1705,753.07
10000,10240,9463,129.06
10000,10240,7656,101.25
10000,1048576,5305,2327.98
10000,1048576,3077,1402.14
10000,10240,416,115.07
10000,102400,3829,121.05
1000,10240,523,101.72
10000,1048576,5973,2699.91
10000,1048576,685,3736.01
10000,10240,5779,226.97
10000,10240,1711,105.45
10000,1048576,3983,910.04
10000,102400,8333,130.08
10000,1048576,2462,793.62
10000,10240,8838,109.51
1000,10485760,145,5166.47
10000,102400,4764,133.62
1000,1048576,187,896.41
10000,10240,7813,117.07
10000,102400,6634,129.28
10000,102400,1870,121.76
10000,102400,859,123.12
10000,10240,2478,97.80
1000,1048576,904,1218.05
10000,1048576,917,1875.86
10000,10240,1240,107.43
10000,10240,8359,92.53
10000,102400,1202,116.74
1000,102400,155,116.29
10000,102400,5625,117.57
10000,1048576,6849,1591.12
10000,10240,1171,109.36
10000,10240,6539,95.86
10000,1048576,6556,1081.10
10000,10240,3920,114.03
10000,102400,4265,118.37
10000,102400,1189,111.46
10000,1048576,6081,6658.54
10000,102400,9640,124.13
10000,102400,5636,115.78
10000,10240,6340,101.89
10000,10240,5443,104.09
1000,1048576,785,9178.01
1000,1048576,762,2419.72
10000,10240,2695,109.52
1000,102400,553,333.39
10000,102400,7741,124.28
10000,10240,3205,107.40
10000,1048576,7218,904.86
10000,10240,7483,110.39
10000,1048576,404,883.95
10000,10240,2842,109.06
10000,10240,8830,103.35
1000,1048576,775,828.37
10000,10240,7603,108.20
10000,1048576,8662,874.47
10000,102400,6272,125.55
10000,102400,8885,113.59
10000,1048576,4671,713.86
10000,10240,849,114.18
10000,1048576,7320,1831.81
10000,102400,4820,137.59
1000,1048576,181,4889.67
10000,10240,2059,117.26
10000,1048576,8173,3731.76
10000,1048576,2332,671.52
10000,102400,1139,250.87
10000,10240,2655,106.42
10000,10240,456,112.03
10000,102400,2869,126.26
10000,1048576,6047,6839.69
10000,1048576,1720,4693.16
10000,10240,9315,220.56
10000,102400,3633,113.62
10000,10240,2025,270.20
10000,10240,8323,97.16
10000,1048576,9100,707.85
10000,1048576,7136,6865.01
10000,102400,4279,127.65
1000,102400,276,123.44
10000,102400,2983,219.98
10000,102400,8802,227.46
10000,10240,6261,112.39
10000,1048576,6236,4424.50
10000,10240,352,115.36
10000,10240,8548,98.35
1000,10240,75,96.48
10000,102400,8500,122.30
10000,10240,4506,109.15
10000,10240,2187,104.99
10000,1048576,2669,5840.67
1000,10485760,797,10490.47
10000,102400,7922,249.49
10000,10240,7760,214.74
10000,1048576,8521,2007.70
10000,10240,3623,244.97
10000,102400,36,122.42
1000,10240,682,101.48
10000,102400,5214,114.24
10000,102400,3187,347.54
1000,102400,492,122.72
10000,102400,6958,120.01
10000,1048576,1398,927.63
1000,102400,337,124.59
10000,1048576,3030,799.56
10000,102400,2813,131.27
1000,102400,140,118.95
1000,10485760,74,4409.06
10000,102400,445,133.11
10000,1048576,9024,884.29
10000,1048576,3379,801.47
10000,10240,616,117.41
10000,1048576,7187,743.35
10000,1048576,100,897.35
10000,1048576,7330,619.82
10000,102400,1273,260.31
10000,10240,2435,101.73
1000,102400,690,116.72
10000,10240,7919,109.27
10000,102400,1487,119.62
10000,102400,146,117.72
1000,1048576,42,1217.45
10000,1048576,2294,2207.30
10000,102400,5394,137.51
10000,10240,8713,106.97
10000,1048576,5102,1445.42
1000,1048576,338,547.24
10000,1048576,2353,743.21
10000,1048576,19,591.34
10000,1048576,8147,659.94
10000,102400,4671,121.49
10000,102400,1194,106.29
1000,10240,480,106.12
10000,102400,2647,122.98
10000,102400,7881,118.48
10000,1048576,5735,729.75
10000,10240,3182,118.03
10000,10240,3414,110.52
10000,102400,6498,131.07
1000,102400,893,122.79
10000,1048576,9080,760.03
10000,102400,4540,129.51
10000,102400,7452,123.57
10000,102400,4144,119.05
1000,1048576,52,881.77
1000,102400,815,125.42
10000,10240,3345,104.09
10000,10240,2475,101.69
10000,102400,5669,127.30
10000,102400,3116,113.24
10000,102400,2828,118.36
10000,1048576,2969,901.57
1000,10240,10,108.87
10000,102400,290,123.62
10000,10240,7336,104.45
10000,102400,4070,126.01
10000,1048576,2586,685.50
10000,1048576,6300,583.32
10000,10240,329,111.84
10000,1048576,1104,716.25
10000,10240,8851,112.72
10000,10240,512,112.04
10000,1048576,4850,1015.34
10000,102400,2087,127.89
10000,102400,1187,124.08
10000,1048576,8847,804.36
10000,1048576,367,3410.24
10000,102400,7199,131.12
10000,10240,4443,103.97
10000,1048576,1334,1957.94
10000,10240,5880,249.50
10000,10240,3263,94.85
10000,102400,4018,114.26
10000,1048576,382,808.65
10000,1048576,375,586.73
10000,102400,8589,116.81
10000,1048576,5861,778.29
10000,10240,1248,114.96
10000,10240,6103,105.07
10000,102400,7182,225.58
10000,1048576,134,2837.50
10000,1048576,9480,821.36
10000,1048576,7398,698.17
10000,1048576,2444,759.58
10000,1048576,4158,717.74
10000,102400,9466,122.00
1000,102400,994,111.71
10000,10240,6743,103.52
10000,1048576,1795,1663.78
10000,10240,4156,103.77
10000,10240,771,100.13
1000,1048576,175,2102.24
10000,102400,2450,124.81
10000,102400,6664,108.69
10000,1048576,7233,3232.18
10000,1048576,2123,3302.40
10000,10240,9458,111.92
10000,1048576,6323,8334.12
1000,10485760,799,4892.82
10000,1048576,2186,904.22
1000,1048576,670,985.30
10000,1048576,7493,2604.65
1000,10485760,711,7399.78
10000,102400,7220,385.37
10000,102400,9304,117.39
10000,1048576,1553,700.48
10000,10240,1616,104.43
10000,1048576,2851,766.41
10000,102400,7236,245.80
10000,10240,2236,105.77
10000,1048576,8993,1029.76
10000,10240,4594,117.23
10000,1048576,3395,738.29
10000,1048576,1461,765.99
10000,1048576,8658,742.88
10000,102400,5613,132.84
10000,1048576,4338,810.01
10000,10240,5884,111.11
10000,10240,6964,100.59
10000,102400,404,121.12
10000,1048576,7837,1836.10
10000,1048576,7270,3322.00
10000,10240,7337,106.50
10000,102400,3401,128.37
10000,102400,6576,111.62
10000,1048576,9506,786.44
10000,1048576,5908,757.40
10000,10240,5309,111.82
10000,102400,6839,129.91
10000,1048576,1294,811.22
10000,102400,5573,132.20
10000,10240,7822,101.17
10000,10240,9737,108.97
10000,102400,6687,123.22
10000,102400,9330,118.09
1000,10485760,935,3335.73
10000,10240,6098,108.66
10000,10240,8799,102.70
10000,102400,6663,114.71
10000,1048576,1614,780.10
1000,10240,383,110.45
1000,10485760,989,4195.95
10000,1048576,7500,1161.48
10000,102400,2708,119.63
10000,10240,7851,102.04
10000,1048576,41,1271.64
10000,1048576,9348,1103.97
10000,102400,4078,130.88
10000,10240,7884,105.44
10000,10240,3531,101.67
1000,10240,183,99.58
10000,10240,4747,99.31
10000,102400,9955,121.34
1000,10240,239,99.64
10000,102400,4202,118.85
10000,10240,9691,101.82
10000,102400,9143,116.86
10000,102400,1814,122.89
10000,1048576,8030,752.23
10000,102400,5908,123.04
10000,10240,2277,104.12
10000,1048576,1856,1941.59
10000,102400,3901,123.39
10000,102400,5964,118.70
10000,10240,3645,99.86
10000,1048576,4376,4871.21
10000,102400,312,117.30
10000,102400,7002,113.82
10000,1048576,1545,3738.11
10000,10240,239,99.38
10000,1048576,8319,3816.68
10000,1048576,8007,3110.92
10000,10240,5518,107.15
10000,1048576,6138,4358.75
10000,10240,4414,118.37
10000,102400,7939,115.63
10000,102400,5602,134.41
10000,102400,6644,122.07
10000,10240,590,102.96
10000,10240,5716,97.38
10000,10240,9818,99.09
10000,1048576,8323,798.00
1000,10240,172,110.14
10000,10240,676,100.74
10000,10240,4398,104.66
10000,10240,9836,101.14
10000,1048576,7032,851.92
10000,1048576,7349,13753.17
1000,10240,355,227.73
10000,10240,1687,222.80
10000,1048576,5959,830.66
10000,1048576,4829,1094.87
10000,10240,1181,115.87
10000,10240,1709,102.54
10000,10240,5541,104.60
10000,10240,1282,247.45
10000,102400,5530,116.80
10000,1048576,4632,2018.30
10000,10240,4021,104.08
10000,10240,7428,89.83
10000,102400,6148,122.38
10000,1048576,220,718.08
10000,1048576,8717,1377.73
10000,1048576,3718,2090.80
10000,1048576,6776,4505.60
10000,1048576,8310,2989.08
10000,1048576,8018,736.50
10000,1048576,8992,921.27
1000,102400,373,116.64
1000,102400,50,109.64
1000,1048576,406,1773.55
1000,10240,283,101.05
10000,10240,8213,108.40
10000,102400,5717,117.65
1000,10485760,46,3989.79
10000,1048576,2980,8312.36
10000,102400,7464,258.22
10000,1048576,105,5480.46
10000,1048576,2112,5643.14
10000,102400,3189,332.29
10000,102400,8668,227.87
10000,102400,7753,114.10
10000,10240,2769,306.10
10000,10240,3057,93.79
10000,10240,121,99.61
10000,102400,3485,114.57
10000,102400,8506,134.89
10000,1048576,5648,3462.80
10000,10240,9176,107.92
10000,10240,9528,97.99
10000,102400,528,115.03
1000,1048576,700,2858.74
10000,1048576,6680,2441.69
10000,10240,3431,117.26
10000,102400,4008,115.80
10000,10240,8994,113.27
10000,1048576,6977,1274.19
1000,10240,842,109.04
1000,1048576,521,1680.81
10000,102400,5281,118.25
10000,1048576,8298,1617.81
10000,10240,9825,111.64
1000,1048576,888,891.11
10000,102400,2032,139.48
10000,102400,1345,122.17
10000,10240,2839,97.14
10000,102400,1004,117.31
10000,10240,9697,99.94
10000,1048576,7783,1975.89
10000,10240,2433,113.90
10000,102400,1400,121.10
10000,1048576,137,738.48
10000,10240,767,107.34
10000,102400,4254,120.44
10000,10240,7996,103.10
10000,102400,5474,119.71
10000,1048576,9087,834.29
10000,10240,9063,113.09
10000,1048576,5458,520.82
10000,1048576,3671,733.38
10000,1048576,5231,810.16
10000,1048576,1308,543.31
10000,102400,787,127.54
10000,1048576,8818,568.87
10000,1048576,3593,869.21
10000,102400,94,129.95
10000,102400,9908,125.48
10000,10240,1270,102.96
10000,1048576,58,720.13
10000,10240,5976,107.06
10000,10240,8012,102.83
10000,102400,2174,121.01
10000,102400,4085,112.47
1000,102400,600,119.66
10000,1048576,565,1978.14
10000,102400,6069,128.92
10000,1048576,6824,542.70
10000,1048576,1629,755.35
10000,102400,280,124.33
10000,10240,1123,98.98
10000,102400,3092,119.35
10000,102400,5271,121.08
10000,102400,2094,114.14
10000,102400,4983,120.58
10000,102400,3405,116.42
10000,10240,380,101.56
10000,10240,5867,100.22
10000,1048576,4509,834.26
10000,102400,1157,131.35
10000,1048576,4915,758.87
10000,102400,201,132.50
10000,102400,8711,122.15
1000,10485760,96,4005.21
10000,1048576,4685,569.28
10000,10240,3477,109.00
10000,1048576,2982,661.34
10000,1048576,4096,665.12
10000,10240,6045,103.11
10000,10240,2428,98.42
10000,102400,9475,123.49
10000,10240,7247,97.36
10000,1048576,649,891.24
10000,1048576,4357,765.24
10000,102400,4624,134.57
10000,102400,5430,120.27
10000,1048576,8122,749.20
10000,1048576,2542,1338.65
10000,102400,1971,130.80
10000,1048576,687,2340.75
10000,10240,7088,123.32
10000,1048576,3687,1380.05
10000,102400,1983,124.77
10000,102400,6517,114.62
10000,10240,5819,108.34
10000,102400,3226,127.27
10000,102400,6197,121.73
10000,10240,9381,98.84
1000,1048576,882,947.34
10000,1048576,2986,833.98
10000,10240,6493,118.05
10000,1048576,5038,813.18
10000,10240,2084,120.87
10000,10240,1807,102.65
1000,10240,483,105.22
10000,1048576,7035,775.63
10000,102400,7476,128.77
10000,102400,8214,117.69
10000,1048576,7564,982.25
10000,102400,8712,127.59
10000,10240,535,107.61
10000,10240,3442,103.75
10000,10240,9354,101.91
10000,10240,768,105.57
10000,102400,5483,115.34
10000,102400,7682,120.54
10000,10240,8188,100.87
10000,102400,6550,116.04
10000,102400,5513,123.53
10000,102400,342,121.05
10000,102400,2691,120.52
10000,1048576,670,1006.82
10000,10240,2613,110.43
10000,1048576,5679,775.84
10000,102400,9064,136.03
10000,1048576,4175,862.69
10000,10240,3355,107.46
10000,102400,2606,119.68
10000,102400,2187,114.81
10000,102400,2069,124.04
10000,1048576,5040,1103.73
10000,102400,199,124.84
10000,10240,1520,100.25
10000,1048576,1004,2085.17
10000,10240,4857,105.45
10000,1048576,4402,1659.93
1000,10485760,687,14668.18
10000,102400,6765,186.26
10000,1048576,7460,2590.14
10000,1048576,680,1263.97
10000,102400,2348,121.00
10000,102400,5199,128.37
10000,10240,4482,144.70
10000,10240,9770,98.24
10000,10240,4778,101.68
10000,1048576,6826,1337.22
10000,1048576,3237,999.42
10000,10240,2037,107.87
1000,10485760,992,8196.37
10000,1048576,9296,2682.76
1000,10240,662,221.28
10000,1048576,9003,2474.08
10000,10240,6725,108.22
10000,10240,9352,224.56
10000,102400,3572,118.20
10000,102400,2324,112.37
1000,102400,562,115.55
1000,10240,856,100.81
10000,10240,4382,101.55
10000,102400,4074,114.14
10000,1048576,4673,1798.28
10000,102400,5943,119.74
10000,10240,1391,108.86
10000,102400,204,118.21
10000,10240,5763,100.97
1000,10240,518,102.07
10000,10240,4957,103.39
10000,10240,6532,100.83
10000,10240,9611,98.93
10000,102400,7342,116.17
10000,1048576,8338,1167.93
10000,102400,3073,126.69
10000,10240,5236,97.67
1000,102400,796,120.99
10000,102400,8766,123.42
10000,10240,7422,106.81
10000,102400,2151,113.23
10000,1048576,8399,1594.47
10000,102400,9680,128.08
10000,10240,1725,106.36
10000,1048576,4891,1548.89
1000,1048576,472,1465.38
10000,102400,3574,132.08
10000,102400,9058,119.03
10000,102400,6157,124.73
10000,10240,1815,99.26
10000,10240,1529,98.44
10000,1048576,6106,2616.22
10000,10240,3293,99.78
1000,10485760,155,7995.24
1000,1048576,518,1256.78
10000,10240,8691,110.22
10000,10240,8807,324.74
10000,10240,8556,104.46
10000,1048576,5714,2632.85
10000,1048576,355,2141.91
10000,102400,4810,124.44
10000,102400,2922,121.23
10000,10240,5776,138.51
10000,1048576,1074,2718.52
10000,102400,9724,122.14
10000,1048576,9722,2276.77
10000,1048576,2806,2305.62
10000,1048576,5952,1432.01
100,1048576,28,1443.63
10000,1048576,541,1570.79
10000,10240,32,97.68
10000,10240,7444,96.18
10000,1048576,2080,774.69
10000,10240,9009,106.50
10000,1048576,8588,1323.20
10000,10240,4214,115.51
10000,1048576,9813,2064.88
10000,10240,3761,106.36
1000,1048576,619,1878.42
10000,102400,8341,129.04
10000,10240,9664,99.36
100,10240,5,103.26
10000,102400,6094,114.80
10000,1048576,4882,1545.58
10000,102400,3503,142.06
10000,102400,6718,117.22
10000,102400,5524,116.68
10000,10240,1354,101.14
10000,102400,2968,114.33
1000,10240,550,106.26
10000,10240,8905,99.67
10000,1048576,3828,1438.73
10000,102400,1739,119.86
10000,1048576,7132,1527.93
10000,102400,652,124.53
10000,1048576,6057,1465.26
10000,1048576,5505,1280.02
10000,10240,3959,112.28
10000,10240,7008,101.47
10000,102400,273,124.27
10000,102400,7358,120.80
10000,1048576,8370,1298.72
10000,102400,3461,127.18
10000,10240,5498,104.45
10000,102400,7329,119.65
10000,102400,3121,116.67
10000,102400,3675,122.58
10000,102400,7839,119.54
10000,10240,530,95.07
1000,1048576,819,1576.12
10000,102400,8874,129.32
1000,10240,379,99.94
1000,1048576,615,1499.22
1000,10485760,461,8084.28
10000,1048576,1861,1553.10
1000,10485760,919,30852.95
10000,102400,1801,325.89
10000,1048576,8849,3120.51
10000,1048576,5355,2535.57
10000,1048576,3301,2095.57
1000,1048576,909,3608.91
10000,10240,8269,111.94
10000,10240,8257,269.38
10000,10240,2682,95.26
1000,1048576,840,1707.75
10000,102400,4486,121.75
10000,1048576,71,4225.81
10000,1048576,7845,1461.83
10000,1048576,9274,1257.56
10000,10240,984,115.23
10000,10240,2693,103.78
10000,1048576,1187,1375.03
10000,10240,5231,112.48
1000,10240,346,102.94
10000,10240,2806,104.56
10000,1048576,8313,1932.52
10000,102400,1301,130.16
10000,102400,5229,120.10
10000,1048576,7582,2429.68
10000,102400,3519,131.47
10000,102400,6184,117.13
10000,10240,7290,120.06
10000,102400,4383,121.30
10000,10240,9819,111.37
1000,10240,43,100.63
10000,102400,8173,121.37
10000,102400,1200,119.67
1000,1048576,807,1581.44
10000,10240,322,105.89
10000,1048576,3663,1215.28
10000,102400,7428,259.93
10000,102400,8676,123.26
10000,1048576,6535,2625.24
10000,10240,7517,112.25
10000,10240,221,106.58
10000,1048576,4100,2634.96
10000,102400,5632,117.53
10000,102400,5635,112.00
10000,102400,3813,118.65
10000,102400,4151,120.39
10000,102400,1143,117.55
10000,10240,4240,98.81
1000,10240,380,104.63
10000,102400,3579,120.44
100,10485760,89,11515.29
10000,10240,5777,298.72
10000,1048576,7017,4614.31
1000,102400,568,124.62
10000,102400,2800,239.97
10000,10240,6888,136.06
1000,102400,707,116.28
1000,10485760,364,11368.93
10000,102400,2045,264.44
10000,1048576,9537,3687.43
10000,10240,5895,105.13
1000,1048576,312,2153.20
10000,102400,2722,124.56
10000,1048576,8239,2330.41
10000,1048576,7839,8587.24
10000,1048576,264,4096.56
10000,1048576,2040,4360.57
10000,10240,7629,142.46
10000,10240,2382,213.59
100,10240,76,108.72
10000,102400,8459,131.05
10000,1048576,3003,2520.54
10000,1048576,6319,1449.24
10000,10240,40,112.69
10000,102400,780,130.54
10000,102400,6567,119.91
10000,102400,4242,119.18
1000,102400,36,121.48
10000,102400,1213,114.88
10000,10240,3391,98.82
10000,1048576,5150,2088.87
10000,102400,5144,134.45
10000,1048576,7028,1388.76
10000,1048576,7211,1920.27
10000,10240,7360,109.42
10000,102400,3466,126.70
10000,1048576,7682,2294.31
100,10240,66,110.37
10000,102400,1185,120.13
10000,1048576,7436,2719.39
1000,10240,29,105.89
1000,1048576,756,1421.38
10000,10240,939,114.50
10000,102400,9289,123.09
10000,10240,7125,205.32
10000,102400,6736,114.36
10000,1048576,3035,3536.00
10000,10240,4092,115.81
10000,1048576,4959,3077.38
10000,102400,395,118.85
10000,102400,8405,106.61
10000,10240,3986,100.82
10000,1048576,6888,1660.87
10000,1048576,7922,1507.70
10000,1048576,5117,5384.97
10000,10240,9660,119.51
10000,1048576,6166,4321.18
10000,102400,5768,234.56
10000,10240,5579,93.63
10000,102400,33,110.36
10000,102400,9962,119.38
10000,102400,1138,108.02
10000,10240,1094,104.24
10000,1048576,8391,1731.27
10000,10240,9558,111.20
1000,10240,143,99.55
10000,1048576,4934,1339.98
10000,1048576,2371,1374.63
10000,10240,5878,110.64
10000,102400,1051,120.80
10000,1048576,6687,3389.98
10000,1048576,2633,2048.02
10000,1048576,1547,2562.71
10000,10240,3455,109.76
1000,1048576,892,2250.27
10000,102400,634,255.97
10000,10240,6569,103.30
10000,10240,9196,106.03
10000,10240,6214,102.10
10000,102400,3894,125.40
1000,1048576,303,1671.42
10000,102400,5132,122.36
1000,1048576,110,1715.64
10000,10240,5712,109.70
10000,1048576,557,4096.56
10000,10240,6674,112.62
10000,10240,8368,105.52
10000,102400,839,120.01
1000,1048576,719,2021.47
10000,1048576,6111,2607.43
10000,1048576,1525,3859.59
1000,10485760,741,7380.74
1000,10240,737,112.94
10000,102400,474,153.93
10000,1048576,6126,2222.11
10000,102400,6883,124.67
10000,102400,102,270.45
10000,102400,4021,124.41
10000,10240,5341,100.59
10000,102400,5684,124.89
10000,1048576,8117,2164.79
10000,10240,592,119.80
10000,1048576,7431,1732.43
10000,102400,8694,163.80
10000,1048576,7655,2018.47
10000,1048576,4457,4065.34
10000,10240,4927,262.50
10000,10240,3244,228.80
1000,102400,818,220.37
10000,10240,9399,199.65
10000,1048576,3740,4374.71
10000,102400,5064,128.50
10000,102400,9645,142.59
10000,1048576,3493,12082.34
10000,1048576,5887,13186.93
10000,102400,1464,320.55
10000,1048576,7045,7274.23
10000,10240,8380,119.31
10000,10240,6731,94.59
10000,102400,5514,123.47
10000,102400,5905,283.08
10000,1048576,2047,3180.16
10000,102400,8299,132.97
10000,102400,5015,123.90
10000,102400,3045,219.48
10000,1048576,5088,5381.50
10000,1048576,1234,2088.79
10000,102400,5721,240.37
1000,10240,352,101.10
10000,1048576,9780,1676.72
10000,102400,8217,117.62
1000,102400,4,125.16
10000,10240,8004,112.80
10000,102400,638,123.42
1000,102400,252,119.74
10000,1048576,777,2558.04
1000,102400,392,125.39
10000,102400,5396,125.27
10000,10240,2788,107.24
10000,102400,963,124.87
10000,1048576,695,1461.33
10000,102400,9015,130.07
10000,102400,7049,114.69
10000,102400,8103,118.90
1000,10240,384,114.50
10000,10240,1572,103.89
10000,1048576,5710,1435.80
10000,10240,1168,106.16
10000,102400,644,115.74
10000,102400,2352,109.67
10000,102400,662,122.06
10000,102400,6605,114.08
10000,1048576,2002,1412.76
10000,1048576,9566,2066.32
10000,102400,6026,125.71
1000,102400,235,113.93
10000,10240,9394,107.52
10000,1048576,6460,4391.93
10000,1048576,8646,4505.69
10000,102400,4285,128.21
1000,1048576,391,3838.73
10000,102400,3291,232.47
10000,102400,3911,113.17
10000,10240,5079,95.33
1000,1048576,203,2683.62
10000,1048576,9287,2596.39
10000,1048576,2296,2332.79
10000,1048576,168,2859.10
10000,1048576,7931,7755.47
10000,102400,1800,264.60
10000,10240,3705,95.04
10000,1048576,7549,4795.25
10000,102400,4459,122.89
10000,102400,2377,116.28
10000,10240,5514,203.95
10000,102400,3276,218.32
1000,102400,840,122.26
10000,10240,292,102.52
10000,10240,1386,101.25
10000,102400,9493,115.36
10000,1048576,7236,6486.26
10000,1048576,2073,5308.27
1000,1048576,613,4984.15
10000,1048576,9375,13658.24
10000,10240,8809,210.82
10000,102400,5283,128.86
10000,10240,3428,98.36
10000,1048576,8421,8644.55
10000,1048576,8347,6752.86
10000,102400,955,226.92
10000,102400,9501,218.48
10000,1048576,4495,8546.14
1000,10485760,233,17893.26
10000,1048576,8691,1865.26
10000,102400,1272,140.36
10000,102400,7755,131.24
10000,102400,6653,121.27
10000,102400,1193,126.17
10000,102400,9989,168.26
10000,1048576,6932,1293.25
10000,1048576,5463,2634.93
1000,102400,214,121.36
10000,102400,9614,113.88
10000,1048576,2869,1241.12
10000,102400,5609,136.06
10000,10240,3426,94.27
10000,102400,8715,118.10
10000,102400,8837,115.59
10000,1048576,5905,1617.84
10000,102400,9165,123.70
10000,102400,7496,119.38
10000,10240,1414,94.66
10000,1048576,1243,1491.66
10000,10240,4428,109.12
1000,102400,971,115.06
10000,10240,9984,99.06
10000,10240,423,110.66
10000,10240,1578,98.18
10000,1048576,5954,3511.54
10000,1048576,3712,1050.02
10000,10240,8592,118.37
1000,10485760,506,6885.78
10000,10240,855,245.13
10000,10240,5322,131.11
1000,10240,305,110.97
10000,102400,1237,123.94
10000,1048576,8356,2466.29
10000,10240,1229,114.58
10000,102400,165,120.25
10000,1048576,9682,8566.78
10000,10240,7653,117.41
10000,1048576,2690,4172.80
1000,1048576,836,3368.62
10000,1048576,123,3074.74
10000,10240,2298,110.25
10000,102400,7175,111.57
10000,102400,3370,120.49
1000,10485760,342,18033.67
10000,102400,7442,239.42
10000,1048576,4476,3329.56
10000,102400,8923,144.61
10000,102400,8928,114.37
10000,1048576,1607,2708.36
1000,10485760,55,8964.81
1000,10485760,214,14925.73
10000,1048576,3374,6388.64
1000,10240,434,106.06
10000,102400,2789,116.97
10000,1048576,4449,9220.46
10000,10240,7160,107.86
10000,10240,5960,89.98
10000,10240,6895,208.66
10000,1048576,7009,9620.32
10000,102400,4230,119.75
10000,1048576,8273,9134.28
10000,10240,3139,210.13
10000,10240,2534,143.57
10000,10240,1540,114.89
10000,10240,6459,105.82
10000,102400,15,122.92
10000,10240,4184,107.47
10000,1048576,3150,6261.99
10000,10240,7769,108.77
10000,10240,301,96.97
1000,1048576,758,3830.73
10000,1048576,7868,5487.60
10000,102400,9233,262.34
1000,1048576,154,5837.52
10000,1048576,1373,6231.51
10000,1048576,9828,7247.09
10000,10240,7774,224.33
1000,102400,580,146.92
1000,102400,727,117.38
10000,102400,4044,121.69
10000,102400,5837,229.84
10000,10240,3089,100.40
1000,1048576,442,6327.98
10000,102400,1407,118.49
10000,102400,7434,113.93
1000,102400,712,118.53
10000,10240,8071,109.63
10000,102400,2000,126.47
10000,1048576,7919,3715.75
10000,10240,8403,111.00
10000,102400,3103,121.75
1000,10240,794,112.88
10000,1048576,2737,2594.34
10000,10240,7587,107.01
10000,1048576,32,925.05
10000,102400,1878,122.60
10000,10240,3325,205.21
10000,1048576,6594,1125.05
10000,10240,5912,111.42
10000,10240,3566,98.53
1000,1048576,543,819.72
10000,102400,6846,139.79
10000,1048576,5685,1661.32
10000,1048576,7706,1396.38
10000,1048576,4477,659.15
10000,1048576,8673,896.67
1000,10485760,445,3608.99
10000,1048576,4398,988.29
10000,102400,76,124.48
10000,102400,3169,124.85
10000,1048576,5842,823.22
10000,10240,2987,114.01
10000,102400,4429,119.28
10000,1048576,2613,1331.92
100,1048576,13,745.28
10000,1048576,4677,721.46
10000,10240,6962,108.43
10000,102400,3365,132.84
10000,1048576,8551,933.00
10000,1048576,243,891.25
10000,10240,3253,118.97
10000,1048576,9800,1010.15
10000,10240,4465,114.09
1000,1048576,695,1324.43
10000,102400,1642,135.47
10000,1048576,4460,841.22
1000,10240,640,109.43
10000,10240,1088,102.34
10000,10240,5735,115.21
1000,1048576,625,1480.63
10000,10240,8682,107.39
10000,1048576,1777,712.25
10000,102400,1702,127.33
10000,102400,186,115.86
10000,102400,8565,121.38
10000,102400,9370,123.04
10000,102400,4056,121.34
10000,10240,4739,105.12
1000,10485760,519,4287.87
10000,1048576,8771,935.17
10000,10240,387,107.05
10000,10240,8336,91.31
10000,102400,497,117.83
10000,102400,6519,124.92
1000,10485760,478,7152.64
1000,1048576,776,804.90
10000,1048576,5008,854.07
10000,1048576,2543,1183.51
10000,1048576,7039,3322.28
10000,102400,9928,135.14
10000,10240,1449,107.52
10000,1048576,3051,4156.50
10000,102400,2602,139.15
10000,10240,2619,104.78
10000,1048576,8100,2802.24
10000,10240,4881,107.21
10000,1048576,5675,2446.91
10000,102400,59,126.22
10000,102400,4749,120.61
10000,1048576,3548,2349.06
10000,10240,4817,111.11
10000,10240,6712,93.51
10000,102400,2685,120.41
1000,1048576,150,4020.64
10000,1048576,7199,5546.09
10000,10240,4653,112.59
10000,102400,7805,123.95
10000,1048576,4764,2582.88
1000,10240,834,113.17
10000,1048576,5740,911.93
10000,1048576,7993,3996.54
10000,10240,6662,105.08
10000,102400,3375,219.79
1000,10240,56,104.24
10000,102400,1403,113.67
10000,10240,8559,101.68
1000,10240,453,119.81
10000,102400,8865,127.77
10000,102400,9454,117.44
1000,1048576,160,952.82
1000,1048576,368,1396.40
10000,102400,3298,123.14
10000,1048576,8596,793.22
10000,102400,338,146.76
10000,10240,1981,107.27
10000,102400,8532,142.89
10000,1048576,3239,1169.63
10000,1048576,9330,1135.45
10000,102400,2300,137.53
10000,102400,3020,122.56
10000,102400,5702,115.78
10000,10240,5984,104.22
10000,102400,4406,114.44
10000,1048576,6472,1049.94
10000,10240,4252,113.82
10000,1048576,6855,818.57
10000,102400,1821,128.43
10000,1048576,5548,697.05
10000,102400,8730,134.67
10000,102400,2379,122.35
10000,1048576,9765,731.10
10000,102400,7288,126.14
10000,1048576,9146,562.54
10000,1048576,2838,847.75
10000,102400,9359,125.52
10000,1048576,7514,475.13
10000,102400,8165,119.36
10000,102400,3747,120.41
10000,1048576,8532,888.56
1000,10240,877,112.25
10000,102400,9104,120.86
10000,102400,6,117.41
10000,102400,4566,114.13
10000,1048576,771,1071.56
10000,102400,1012,124.65
10000,102400,5244,116.57
10000,1048576,8211,816.39
10000,10240,5954,112.36
10000,10240,7525,99.03
10000,10240,4847,93.61
10000,1048576,725,859.98
10000,10240,7492,104.55
10000,10240,3591,96.65
10000,1048576,8970,762.20
10000,10240,3045,108.58
10000,1048576,3287,591.43
10000,1048576,5713,753.78
10000,102400,4241,117.80
10000,1048576,315,593.26
10000,10240,428,109.52
10000,10240,3709,105.03
10000,10240,4369,107.80
1000,10485760,695,3650.52
10000,10240,627,110.14
10000,102400,6468,119.99
10000,1048576,8058,766.96
10000,1048576,8265,713.13
10000,10240,1320,107.12
10000,1048576,2055,786.88
1000,102400,447,132.21
100,104857600,36,36785.71
10000,1048576,1707,953.45
10000,102400,2965,265.59
10000,1048576,6934,2359.81
10000,1048576,995,3745.08
10000,10240,8789,111.09
10000,102400,3838,121.64
10000,1048576,2611,1930.62
10000,1048576,8824,1616.37
10000,102400,8794,124.70
10000,102400,1943,117.31
10000,10240,5785,109.81
10000,102400,7403,115.12
1000,102400,376,129.49
10000,1048576,547,1387.06
10000,1048576,5643,2585.90
10000,10240,9693,221.26
10000,102400,3867,137.85
10000,102400,6833,127.73
10000,10240,3557,104.86
10000,1048576,4874,775.82
10000,102400,6228,132.81
10000,1048576,4952,904.52
10000,102400,1591,125.30
10000,10240,8751,104.25
10000,102400,2890,122.17
10000,10240,6744,102.00
10000,10240,2280,106.40
10000,10240,3703,107.22
10000,102400,9961,111.14
10000,1048576,7491,700.71
10000,1048576,9108,579.01
10000,1048576,2295,776.98
10000,10240,7256,110.61
10000,1048576,3888,880.08
10000,10240,6787,115.93
10000,10240,8500,102.67
10000,102400,7017,122.40
10000,1048576,7593,722.08
10000,10240,8900,114.58
10000,1048576,7094,750.91
10000,10240,5610,109.89
10000,10240,4639,108.40
10000,102400,3805,131.33
1000,10240,482,107.70
10000,1048576,8864,2229.35
1000,1048576,420,2836.83
10000,102400,5918,126.51
1000,1048576,507,1654.47
10000,10240,9297,109.99
10000,102400,7331,122.39
10000,102400,8495,122.60
10000,102400,2894,117.36
10000,102400,2635,118.03
10000,102400,905,115.82
10000,1048576,2154,915.34
10000,102400,87,126.77
10000,1048576,6850,900.32
10000,10240,8161,110.96
10000,1048576,6128,1377.94
10000,102400,5941,122.32
10000,10240,1328,109.69
10000,102400,8738,124.15
10000,102400,1567,119.61
10000,1048576,4957,698.31
10000,1048576,2723,593.02
10000,102400,1097,132.78
10000,102400,2821,133.02
10000,102400,3288,112.84
10000,102400,5019,117.95
10000,102400,7687,109.87
10000,1048576,5958,4376.14
10000,102400,1825,126.67
10000,10240,514,95.96
10000,102400,7538,112.54
10000,10240,6338,102.87
1000,102400,81,123.82
10000,10240,6246,103.28
10000,1048576,8640,912.01
10000,1048576,652,1921.17
10000,102400,4175,121.83
10000,102400,353,123.13
10000,102400,6948,126.55
1000,10485760,77,9908.71
10000,102400,9687,259.49
10000,10240,58,195.89
10000,10240,7553,94.24
1000,10240,551,93.20
1000,10485760,369,20447.51
1000,10240,71,283.03
10000,102400,3416,133.01
1000,102400,2,114.18
1000,10485760,407,7837.19
10000,102400,7266,130.76
10000,1048576,8224,585.68
10000,1048576,3801,824.83
10000,10240,1856,230.54
10000,1048576,2286,878.57
10000,10240,9441,113.68
10000,102400,3903,122.99
1000,1048576,937,817.89
1000,10485760,982,3536.69
10000,10240,2783,117.18
10000,1048576,6192,555.61
10000,10240,4386,107.64
10000,102400,714,123.75
10000,1048576,500,817.20
10000,102400,2886,136.10
10000,10240,1577,107.25
10000,1048576,5,827.53
10000,102400,8331,133.55
10000,102400,825,123.35
10000,1048576,7510,814.32
10000,1048576,5474,1061.76
10000,102400,4199,127.84
10000,102400,2096,118.35
10000,10240,809,115.85
1000,102400,84,125.48
10000,1048576,230,2128.16
10000,10240,9992,104.76
10000,10240,1169,104.44
10000,102400,3930,157.24
10000,10240,8833,104.66
10000,102400,464,122.75
10000,1048576,6639,840.12
10000,10240,6676,113.75
10,10240,0,109.40
10000,1048576,5277,1603.97
10000,1048576,8986,958.34
10000,102400,8030,128.81
10000,10240,7811,104.97
1000,102400,21,120.55
10000,10240,9132,105.94
10000,102400,7039,119.37
10000,102400,1958,123.84
10000,102400,1855,125.24
10000,102400,8138,122.29
10000,10240,5470,329.12
10000,1048576,3752,807.01
10000,102400,9934,125.93
1000,1048576,39,916.14
10000,102400,8067,126.59
10000,1048576,334,650.96
10000,10240,9083,111.67
10000,102400,5652,118.94
10000,10240,1252,109.79
10000,10240,5929,107.55
10000,102400,1248,121.05
10000,102400,9425,123.79
10000,102400,5898,125.65
100,10240,91,121.71
10000,1048576,6176,863.05
10000,102400,2596,128.96
10000,1048576,1329,734.39
10000,10240,9939,109.83
10000,1048576,2859,690.87
10000,10240,5613,112.61
10000,10240,1679,101.55
10000,1048576,9945,731.49
10000,102400,7295,132.55
10000,102400,5141,120.03
10000,1048576,4169,793.67
10000,10240,8753,121.08
10000,102400,6435,121.86
10000,10240,6593,95.72
10000,1048576,507,872.82
10000,10240,1888,102.86
10000,102400,980,114.21
10000,102400,6237,113.54
10000,102400,5188,127.26
1000,102400,488,119.35
10000,10240,8624,105.07
10000,1048576,785,764.12
10000,102400,999,135.15
10000,10240,739,102.39
10000,1048576,1002,798.14
10000,102400,7516,134.07
10000,1048576,7415,852.87
10000,10240,542,112.16
10000,102400,2650,124.33
10000,1048576,6636,934.20
10000,102400,9580,129.59
1000,10485760,900,3107.14
10000,1048576,2264,731.87
10000,1048576,92,826.89
10000,10240,6200,114.60
10000,10240,7456,103.24
10000,102400,8504,123.16
10000,1048576,9095,837.28
10000,1048576,368,849.43
1000,102400,599,128.84
1000,102400,518,124.41
10000,1048576,3001,799.73
10000,102400,6006,134.66
1000,102400,550,117.44
1000,10240,76,106.55
10000,10240,1778,107.36
10000,10240,2227,102.33
10000,1048576,1848,915.89
10000,102400,2049,133.01
10000,1048576,6234,2601.45
10000,10240,3776,103.11
10000,102400,6678,118.03
10000,1048576,8272,1309.01
10000,102400,496,124.93
10000,1048576,6692,819.13
10000,10240,6168,2972.17
10000,10240,9982,111.32
10000,10240,3572,103.68
1000,102400,817,128.51
10000,10240,7498,103.66
1000,10485760,158,16365.95
10000,102400,3428,252.36
10000,1048576,2595,4669.35
10000,102400,9651,160.49
1000,10485760,150,4920.02
10000,102400,9164,238.69
10000,10240,9644,354.38
10000,1048576,5924,3991.52
10000,1048576,9184,5895.24
10000,1048576,444,6043.73
10000,102400,1640,129.44
1000,10240,110,199.13
10000,1048576,4419,1511.54
10000,10240,2741,231.38
10000,102400,16,110.69
10000,10240,9655,93.33
10000,1048576,6025,971.48
10000,1048576,2589,626.97
10000,1048576,2654,596.53
10000,10240,1215,109.03
1000,10485760,616,3372.78
10000,1048576,2378,742.15
10000,10240,5572,105.07
10000,102400,4124,111.36
10000,1048576,7230,890.83
10000,102400,350,132.36
10000,102400,8072,111.88
1000,1048576,750,746.68
10000,10240,3445,106.39
10000,10240,792,97.47
1000,102400,752,114.26
1000,1048576,601,934.00
10000,1048576,9825,632.49
10000,1048576,6722,651.71
10000,102400,2014,130.25
10000,102400,414,115.43
10000,10240,5297,106.55
10000,1048576,6988,951.10
10000,1048576,6493,707.77
10000,10240,7472,106.69
10000,10240,857,94.30
10000,102400,7436,122.80
10000,10240,3849,106.20
10000,102400,6789,126.24
10000,1048576,6454,1840.41
10000,1048576,9643,1746.67
10000,10240,2165,104.94
10000,10240,9166,93.79
1000,10240,292,99.22
10000,10240,8275,107.52
10000,1048576,356,840.39
10000,1048576,7708,599.64
1000,10240,630,107.30
10000,102400,2221,117.16
10000,1048576,3389,841.46
10000,102400,3344,123.36
10000,102400,1210,118.71
10000,1048576,299,989.21
10000,102400,331,124.12
10000,1048576,1820,847.28
10000,1048576,6689,743.28
1000,1048576,50,872.71
10000,102400,5649,132.35
10000,102400,1401,123.26
1000,10485760,223,4493.55
10000,1048576,9224,2927.31
10000,10240,3156,106.48
10000,1048576,6540,2289.94
10000,10240,1310,109.46
10000,1048576,6390,830.81
10000,102400,413,124.89
10000,10240,9585,100.34
10000,1048576,9309,880.29
100,10485760,81,3131.67
10000,102400,447,133.75
10000,102400,2564,144.28
1000,102400,768,128.82
10000,102400,6574,126.87
10000,10240,4432,106.27
100,1048576,93,759.43
10000,102400,4115,128.54
1000,10240,217,107.09
10000,1048576,6877,1020.61
10000,10240,5774,115.21
10000,1048576,5823,778.33
10000,10240,9879,110.03
10000,10240,4363,109.26
1000,1048576,356,483.95
10000,102400,8054,127.23
10000,10240,9549,100.08
10000,10240,99,104.06
10000,1048576,9803,775.55
10000,10240,6990,115.49
10000,10240,4397,113.33
10000,10240,8581,107.89
10000,1048576,5799,797.08
10000,10240,6187,111.02
10000,102400,2910,120.45
10000,10240,7909,93.88
1000,1048576,13,1208.15
10000,10240,6242,114.85
10000,10240,2931,101.46
10000,1048576,9901,1476.16
10000,102400,5528,118.80
10000,1048576,9715,730.47
10000,1048576,3356,561.03
10000,10240,4316,112.42
10000,10240,8417,102.08
10000,102400,8860,129.75
10000,1048576,1623,835.83
10000,1048576,9140,542.45
10000,10240,7835,105.95
10000,102400,5048,129.94
10000,1048576,3501,775.32
10000,10240,2132,110.49
10000,102400,1624,125.03
10000,102400,5610,118.67
10000,102400,2757,127.58
10000,102400,6004,126.61
10000,10240,9733,105.20
10000,1048576,5125,816.43
10000,10240,2509,112.11
10000,102400,4058,131.41
1000,102400,610,117.67
10000,102400,4101,111.53
10000,102400,9801,119.44
10000,1048576,4348,844.63
10000,102400,8475,129.59
10000,10240,2824,102.32
10000,1048576,3918,699.84
10000,10240,9755,109.37
10000,1048576,7687,818.10
10000,102400,3998,129.82
10000,102400,9166,122.86
10000,10240,1074,105.25
10000,10240,945,101.20
10000,10240,2863,105.65
10000,10240,1156,110.39
10000,102400,9342,126.60
10000,10240,4621,114.99
10000,10240,274,101.25
10000,10240,5280,102.79
10000,1048576,8385,796.37
10000,1048576,613,598.76
10000,102400,7395,115.24
10000,1048576,274,512.85
1000,10240,310,107.76
10000,10240,2951,99.94
10000,102400,6107,124.88
10000,1048576,3133,786.97
10000,1048576,7613,690.02
10000,1048576,7143,603.05
10000,10240,5268,102.40
10000,10240,6709,98.22
10000,10240,6208,109.29
10000,10240,6086,101.54
10000,102400,9261,114.82
100,102400,53,117.71
10000,10240,4758,102.66
10000,102400,1207,125.03
10000,10240,7206,103.04
10000,10240,5528,102.44
10000,1048576,900,684.97
10000,1048576,6068,577.70
10000,1048576,5518,588.52
10000,102400,698,121.09
10000,102400,1010,120.56
10000,10240,4975,104.36
1000,102400,634,122.11
10000,1048576,6431,793.32
10000,10240,4412,109.37
1000,1048576,969,857.87
10000,102400,2571,126.65
10000,10240,4907,94.88
10000,10240,4869,95.41
10000,10240,9997,102.58
10000,1048576,5186,752.81
10000,10240,5275,112.27
1000,102400,723,110.47
10000,1048576,1065,855.21
10000,10240,9013,111.85
10000,10240,3771,93.40
10000,10240,3259,94.10
10000,102400,8344,112.80
10000,10240,4289,101.86
10000,10240,6652,102.59
10000,1048576,2523,828.05
10000,102400,5075,125.52
10000,102400,6339,109.90
10000,102400,6048,109.35
10000,1048576,1058,750.20
10000,102400,3835,120.18
10000,1048576,7053,527.83
10000,10240,6251,104.68
10000,10240,1105,101.21
10000,102400,6696,121.24
10000,102400,4220,113.51
10000,1048576,1203,847.97
10000,10240,5782,103.06
10000,10240,2644,96.93
10000,102400,854,119.41
10000,10240,3545,105.35
10000,1048576,5992,802.92
10000,102400,9977,124.91
10000,1048576,5309,486.92
10000,1048576,1714,584.33
10000,10240,5886,103.97
10000,1048576,556,597.25
1000,10485760,510,4180.23
10000,1048576,8784,650.00
10000,1048576,9586,919.36
100,102400,84,136.12
10000,1048576,6942,825.00
10000,10240,772,110.16
10000,102400,7160,127.88
10000,102400,1061,118.98
10000,1048576,7176,937.32
1000,10240,603,115.72
10000,102400,5526,118.26
10000,102400,5307,114.98
10000,102400,6401,113.64
10000,1048576,8281,798.97
10000,10240,9414,106.14
10000,102400,6171,108.79
10000,102400,9184,118.88
10000,102400,4509,114.61
10000,102400,6608,118.48
10000,1048576,9986,775.95
10000,1048576,1492,633.19
10000,102400,2079,124.91
10000,1048576,6059,867.65
10000,102400,9772,130.57
10000,1048576,9849,782.59
10000,10240,1765,110.11
10000,102400,1926,128.74
10000,10240,5208,104.74
10000,10240,1418,104.37
10000,10240,2248,99.84
10000,102400,9979,124.22
10000,10240,235,102.10
10000,10240,2420,103.66
10000,10240,5045,104.22
10000,10240,3768,106.24
10000,10240,1673,102.01
10000,10240,3271,101.40
10000,10240,4526,106.05
10000,10240,8610,102.72
10000,102400,4968,117.69
10000,10240,5588,101.46
10000,102400,757,125.59
10000,102400,7576,126.42
10000,102400,9515,126.13
10000,102400,8723,123.45
10000,102400,2815,116.03
10000,10240,3063,106.22
1000,102400,65,124.70
10000,10240,3411,100.54
10000,10240,3866,102.74
10000,10240,570,102.92
10000,1048576,2480,802.58
100,104857600,68,38367.10
10000,102400,7955,253.48
10000,10240,443,198.73
10000,1048576,8476,984.66
10000,1048576,8363,956.20
10000,1048576,2068,1110.01
1000,10485760,930,3433.59
10000,102400,5369,156.40
10000,102400,7884,126.29
10000,102400,43,124.67
10000,1048576,546,774.36
10000,10240,1868,114.53
10000,10240,5888,101.05
10000,102400,7097,122.59
10000,10240,8062,100.12
10000,1048576,6365,862.40
10000,1048576,4174,919.38
10000,1048576,6264,768.92
1000,102400,349,130.90
10000,102400,5880,123.98
10000,10240,6517,107.30
10000,10240,2237,105.42
10000,102400,5733,128.40
10000,10240,8006,103.54
10000,10240,4853,118.17
10000,1048576,5538,752.17
10000,1048576,9942,718.77
10000,102400,1941,124.22
10000,1048576,6563,816.19
10000,1048576,204,780.90
10000,10240,1421,106.36
1000,10240,978,103.39
10000,10240,2105,104.98
1000,102400,799,115.33
10000,102400,6904,135.39
10000,10240,3510,108.26
10000,102400,7956,117.52
10000,1048576,6445,736.68
10000,102400,1527,131.77
10000,102400,600,116.16
10000,10240,3624,102.64
10000,1048576,8463,799.71
10000,10240,8362,117.76
10000,1048576,5747,858.12
1000,10240,631,110.27
10000,1048576,3296,729.78
10000,10240,1963,115.39
10000,1048576,154,795.82
10000,102400,5061,132.78
10000,10240,111,105.33
10000,1048576,4745,801.62
10000,102400,409,128.96
10000,10240,567,105.03
10000,102400,7247,122.51
10000,1048576,5497,909.12
10000,10240,886,118.27
1000,1048576,861,897.58
10000,102400,4845,126.02
10000,10240,3134,102.78
10000,102400,7256,124.05
1000,10485760,720,3758.53
10000,10240,6463,121.46
10000,10240,2473,103.91
1000,10240,5,104.82
10000,1048576,3423,842.36
10000,10240,1916,112.62
10000,10240,1380,108.31
10000,10240,3037,102.32
10000,10240,3022,105.72
10000,102400,4835,117.75
10000,1048576,1166,789.33
10000,1048576,9138,546.48
10000,102400,7867,126.72
1000,10485760,642,3469.00
10000,1048576,4737,646.20
10000,10240,4909,109.53
10000,1048576,7633,620.69
1000,10485760,969,3253.28
100,102400,14,125.26
10000,102400,9550,110.75
10000,102400,2447,108.85
10000,10240,9780,101.28
10000,10240,1402,112.87
1000,10485760,181,3562.62
1000,10240,149,112.35
10000,10240,6145,93.78
10000,102400,1524,122.37
10000,10240,2550,111.23
10000,10240,5070,104.61
10000,1048576,6310,967.08
10000,10240,4830,113.66
10000,10240,3052,98.51
10000,102400,9521,119.91
10000,10240,2345,100.51
100,102400,72,128.03
10000,1048576,3519,942.36
10000,102400,8259,132.20
10000,1048576,6320,492.56
10000,10240,6623,105.85
10000,10240,9638,102.74
10000,10240,688,108.60
10000,1048576,9882,880.34
10000,1048576,8977,675.32
1000,1048576,632,3004.89
10000,102400,222,120.73
10000,10240,7706,101.15
10000,102400,8383,120.33
10000,1048576,9582,14606.09
1000,10485760,622,13681.17
10000,102400,2457,157.43
1000,10240,144,205.49
1000,10240,755,99.06
10000,1048576,2848,14466.30
10000,102400,2728,121.44
10000,10240,5046,99.50
10000,102400,9554,219.79
10000,102400,6406,120.76
10000,1048576,9508,2582.39
10000,102400,4037,236.47
100,10485760,48,3328.55
10000,102400,1168,147.28
10000,102400,7894,115.77
10000,10240,6153,105.78
10000,1048576,508,868.35
10000,102400,2202,131.48
10000,10240,2064,105.44
10000,10240,9517,104.48
10000,102400,1478,116.01
1000,1048576,466,933.00
10000,102400,4620,136.56
10000,102400,7341,123.72
10000,1048576,9728,1130.86
10000,10240,7118,114.80
10000,10240,429,101.33
10000,102400,5665,123.90
1000,10240,990,100.44
10000,102400,1497,126.54
10000,1048576,8158,8068.54
10000,102400,97,175.80
10000,10240,7420,105.78
10000,102400,3752,269.71
1000,10485760,247,10379.96
10000,10240,9002,119.58
10000,1048576,1095,951.63
10000,102400,3377,253.76
10000,102400,7211,235.98
10000,102400,9254,134.94
10000,10240,8114,111.78
10000,102400,2293,128.75
10000,1048576,4534,941.72
10000,10240,9878,110.81
10000,102400,7181,117.91
10000,102400,3309,132.67
10000,102400,7738,135.72
10000,1048576,2386,1009.02
10000,10240,1114,115.62
10000,102400,5887,122.67
10000,102400,1588,135.73
1000,1048576,901,776.76
10000,1048576,6017,819.69
1000,10485760,718,4369.01
1000,1048576,557,969.46
10000,1048576,1467,770.73
10000,10240,2866,114.11
1000,1048576,915,829.47
10000,10240,1358,117.96
10000,1048576,8862,781.09
1000,1048576,90,852.72
10000,1048576,9421,765.53
10000,1048576,3787,872.42
10000,102400,4263,234.41
1000,102400,809,123.19
10000,102400,5670,118.84
10000,10240,8154,104.61
10000,10240,6849,108.42
10000,10240,6114,103.28
10000,1048576,3657,830.09
1000,102400,737,131.60
10000,102400,400,122.32
10000,1048576,3101,723.41
10000,10240,762,107.29
10000,102400,4464,123.53
1000,102400,400,122.47
10000,102400,6003,122.76
10000,1048576,392,744.36
10000,10240,851,106.37
10000,102400,4777,120.29
10000,10240,6192,265.88
10000,102400,8760,117.20
10000,10240,75,106.09
1000,10240,351,107.59
10000,10240,2322,102.20
10000,1048576,3717,788.05
10000,1048576,8088,546.52
100,10240,39,105.16
10000,102400,8494,118.33
10000,102400,5239,124.94
10000,1048576,8202,826.53
10000,102400,2292,124.10
10000,1048576,2652,712.77
10000,102400,3902,122.61
10000,10240,9991,106.34
10000,1048576,9360,798.03
10000,10240,9437,103.66
10000,1048576,7847,737.66
10000,1048576,7370,718.31
10000,102400,5297,130.37
10000,102400,5508,124.88
10000,102400,7232,124.72
10000,10240,6818,111.11
10000,1048576,3090,924.39
10000,1048576,4813,875.25
10000,10240,3363,116.37
10000,1048576,9698,701.43
10000,1048576,1775,540.17
10000,1048576,4973,701.40
10000,10240,7459,115.69
10000,1048576,3871,795.17
10000,10240,5387,111.86
10000,10240,629,103.02
10000,102400,3102,126.85
1000,10485760,692,3558.64
1000,1048576,759,757.20
10000,1048576,4005,930.36
10000,1048576,1892,839.27
10000,10240,7288,119.18
1000,1048576,443,538.67
10000,102400,2669,120.31
10000,102400,4077,114.31
10000,1048576,3730,831.24
10000,10240,459,105.13
10000,10240,4902,112.28
10000,102400,1432,115.85
10000,102400,8115,118.61
10000,10240,5983,106.48
10000,1048576,9126,818.48
10000,1048576,8308,751.10
10000,1048576,3823,489.75
10000,10240,5459,100.90
1000,102400,281,124.66
10000,10240,8805,101.96
10000,102400,2003,118.11
10000,102400,6731,120.37
10000,10240,5823,104.06
10000,102400,525,118.04
10000,10240,8582,104.14
10000,10240,9120,101.63
10000,102400,3367,120.28
10000,102400,4450,120.34
10000,1048576,2699,754.53
10000,10240,158,109.21
10000,1048576,8380,590.69
10000,10240,8543,106.11
10000,1048576,7250,604.62
10000,102400,9992,122.59
10000,102400,9898,116.68
10000,1048576,5889,663.60
10000,1048576,7888,646.14
10000,102400,193,125.81
10000,102400,5885,118.45
10000,102400,5734,122.52
100,1048576,94,901.98
10000,1048576,9824,677.85
10000,10240,6292,107.19
10000,102400,9302,117.89
10000,102400,741,122.06
10000,10240,1054,104.22
10000,102400,5546,122.51
10000,10240,818,99.68
10000,1048576,5875,790.23
1000,10485760,284,3501.32
10000,10240,8782,111.79
1000,10485760,262,4286.70
10000,102400,5531,132.19
10000,1048576,9346,710.00
1000,1048576,354,1378.31
10000,1048576,9915,2411.36
10000,1048576,9871,1004.14
10000,102400,2148,127.40
10000,102400,1549,122.92
10000,1048576,5898,872.69
10000,10240,9564,114.81
10000,10240,787,99.24
10000,1048576,1238,766.73
10000,10240,5684,112.49
10000,10240,3390,93.59
10000,102400,5115,115.81
10000,1048576,351,790.48
10000,1048576,7939,630.34
10000,10240,2057,112.19
1000,10485760,436,4639.81
10000,102400,7598,264.14
10000,1048576,3387,835.85
1000,10485760,357,3671.83
10000,102400,1953,133.12
1000,102400,27,117.07
10000,1048576,7350,827.33
10000,1048576,7827,802.84
10000,1048576,2152,807.87
10000,1048576,9633,732.49
10000,10240,1183,218.40
1000,10240,278,101.11
10000,10240,2730,102.90
10000,10240,9320,109.45
1000,10485760,136,4223.03
10000,1048576,2951,730.29
10000,1048576,2074,22347.89
10000,102400,6086,147.67
10000,10240,4979,104.61
10000,102400,4841,237.56
10000,1048576,9539,740.71
10000,1048576,6762,707.97
1000,10240,234,102.17
10000,1048576,5860,966.15
10000,102400,1996,129.22
10000,102400,8720,119.57
10000,10240,8549,108.80
10000,1048576,5324,928.13
10000,1048576,5587,968.91
10000,102400,2682,131.41
10000,1048576,8283,873.67
10000,10240,9860,115.28
10000,10240,6579,105.95
10000,1048576,5189,995.86
10000,1048576,4834,849.57
10000,10240,8588,114.03
10000,10240,3410,105.66
10000,10240,43,102.79
10000,10240,7609,99.89
10000,1048576,1567,864.51
10000,102400,2222,126.71
10000,1048576,170,768.45
10000,1048576,8806,862.32
10000,10240,3619,118.69
10000,102400,2093,114.98
1000,1048576,822,874.98
10000,1048576,727,819.04
10000,10240,1063,115.82
10000,1048576,3111,873.00
10000,1048576,2289,804.38
10000,1048576,3769,753.67
1000,102400,647,126.46
10000,1048576,8895,581.30
10000,102400,3937,135.09
10000,1048576,2886,845.85
10000,102400,9258,130.10
1000,102400,333,117.36
10000,1048576,8193,912.14
10000,102400,4425,130.41
10000,102400,974,109.56
10000,1048576,6022,697.80
10000,1048576,1346,570.27
10000,1048576,8569,622.64
10000,102400,4667,120.93
1000,10485760,738,4349.69
10000,102400,1178,131.06
10000,10240,6138,98.34
10000,1048576,3484,694.19
10000,1048576,8937,623.20
10000,102400,9789,121.97
100,1048576,12,606.47
10000,102400,9403,129.09
10000,10240,4401,97.64
10000,1048576,578,804.15
10000,102400,8256,130.85
10000,102400,9401,112.50
10000,10240,3941,104.91
10000,10240,9422,112.50
1000,10485760,38,3299.67
10000,1048576,378,534.40
10000,102400,7298,124.86
10000,1048576,6435,817.28
10000,1048576,1290,650.86
1000,10240,940,107.13
10000,102400,1917,122.23
10000,10240,5760,115.13
10000,10240,9139,108.79
1000,1048576,132,745.45
10000,1048576,593,747.22
10000,1048576,2584,849.09
10000,102400,9716,139.82
10000,102400,2354,127.73
10000,1048576,5560,816.62
10000,1048576,2691,703.64
10000,10240,6027,112.36
10000,102400,9985,126.94
10000,10240,4079,107.44
10000,10240,1459,108.28
10000,10240,912,98.64
10000,10240,9512,101.86
10000,1048576,5301,927.05
10000,1048576,1661,924.79
10000,1048576,6881,1289.66
10000,10240,1895,103.09
10000,102400,7310,113.09
10000,102400,4928,119.76
10000,1048576,8466,949.12
10000,10240,5234,109.47
1000,1048576,874,767.79
10000,102400,24,120.93
10000,1048576,5070,738.40
10000,102400,3774,118.31
1000,102400,871,119.19
10000,102400,1606,118.25
10000,1048576,5437,817.12
10000,102400,9325,124.65
10000,10240,7954,102.72
10000,10240,9944,94.22
10000,10240,5732,93.91
10000,102400,2467,116.93
100,1048576,23,740.31
10000,102400,8140,123.97
1000,10485760,964,3992.84
10000,1048576,4324,1142.21
10000,102400,964,128.54
10000,102400,1431,109.46
10000,1048576,9816,827.79
10000,102400,1330,122.29
10000,102400,4762,131.29
1000,1048576,594,700.15
10000,102400,633,128.38
10000,10240,7776,110.04
10000,1048576,8406,718.90
10000,1048576,53,601.36
10000,1048576,5738,728.11
100,10240,52,103.21
10000,1048576,2335,618.49
10000,102400,4584,126.20
10000,1048576,1285,625.59
10000,10240,4103,106.78
10000,102400,3141,124.94
10000,102400,1064,118.83
10000,10240,3546,105.45
10000,1048576,6165,817.66
10000,1048576,3391,710.09
10000,1048576,1797,529.22
10000,1048576,2895,702.87
10000,102400,1046,123.53
10000,102400,9125,117.31
1000,102400,480,125.46
10000,10240,6062,103.30
10000,10240,9155,102.86
10000,102400,6221,134.54
10000,1048576,7031,794.89
1000,102400,976,119.26
10000,1048576,2684,575.35
10000,10240,1471,105.55
1000,10485760,536,3289.66
10000,102400,6301,133.78
10000,102400,7866,108.74
10000,1048576,3363,728.27
10000,102400,9051,132.81
10000,1048576,3402,571.05
1000,10485760,563,4420.56
10000,102400,4680,142.21
10000,1048576,2578,486.54
10000,1048576,1506,745.12
10000,102400,4354,127.83
10000,102400,7165,121.54
1000,1048576,980,935.92
1000,102400,826,125.74
10000,1048576,4217,597.36
10000,102400,6530,128.67
10000,1048576,6255,673.22
10000,1048576,1218,745.56
10000,102400,5980,161.81
1000,10485760,159,4323.49
10000,10240,6928,110.18
10000,102400,4351,134.73
10000,102400,5002,112.20
10000,102400,8491,117.50
10000,10240,6992,101.88
10000,102400,9158,120.52
10000,1048576,389,830.66
10000,102400,3841,126.05
10000,102400,5961,115.75
10000,1048576,9821,978.79
10000,1048576,7937,1211.56
1000,10485760,135,4245.32
10000,102400,4827,130.69
10000,10240,7090,98.77
10000,102400,3033,120.60
10000,10240,422,105.37
10000,10240,7688,104.25
10000,102400,5298,127.58
10000,10240,7421,109.71
10000,10240,3615,109.10
10000,102400,2031,120.01
10000,102400,9441,118.28
10000,10240,574,110.46
10000,10240,5091,104.43
10000,102400,690,118.78
10000,102400,8530,117.44
10000,1048576,3349,842.36
10000,10240,2817,109.65
10000,10240,5637,94.05
1000,1048576,566,819.28
10000,10240,4798,107.23
10000,1048576,8412,828.77
10000,1048576,2849,915.45
10000,10240,3670,108.23
10000,1048576,1038,926.98
10000,10240,6386,119.61
10000,1048576,8167,746.32
10000,10240,6269,118.01
10000,10240,8312,100.14
10000,102400,7832,122.94
10000,1048576,2791,838.13
10000,102400,8791,131.68
10000,10240,5964,106.36
10000,1048576,4675,990.34
10000,1048576,2155,932.71
10000,1048576,4366,734.55
10000,10240,3116,115.96
10000,10240,3247,106.77
10000,10240,4166,105.80
10000,10240,6044,98.94
10000,1048576,3557,834.97
10000,102400,1323,133.33
10000,10240,5770,103.94
10000,102400,8474,123.08
10000,102400,7522,115.96
10000,10240,6401,100.85
10000,1048576,2688,851.73
10000,1048576,4863,719.79
10000,1048576,7594,638.94
1000,10240,705,103.21
10000,10240,5747,103.95
10000,10240,4059,102.46
10000,102400,8380,122.23
10000,1048576,9061,762.46
10000,102400,269,127.39
10000,102400,4344,120.55
10000,10240,8315,104.93
10000,102400,1167,123.05
10000,1048576,1048,879.00
10000,1048576,4618,833.64
10000,1048576,4768,696.86
10000,102400,4857,127.39
10000,102400,5304,119.59
10000,102400,2135,115.62
10000,102400,1856,125.47
10000,102400,7495,117.37
10000,1048576,8795,789.03
10000,1048576,1767,557.08
10000,10240,6870,111.38
100,102400,61,120.00
1000,10485760,359,4422.74
10000,102400,8980,134.99
10000,10240,1225,107.22
10000,1048576,4271,3785.16
10000,10240,1751,101.12
10000,102400,3927,113.33
10000,102400,9599,117.29
10000,1048576,8874,7127.13
10000,102400,1484,129.12
10000,1048576,7617,623.47
10000,1048576,3732,824.27
10000,1048576,5995,657.40
10000,1048576,1445,593.74
10000,102400,5213,124.09
10000,10240,9093,96.42
10000,102400,1566,222.10
10000,1048576,5174,993.78
10000,1048576,3960,775.33
10000,1048576,3367,709.00
10000,10240,8650,107.97
10000,10240,4232,99.13
10000,102400,5801,123.45
10000,10240,8453,98.95
10000,10240,8406,106.51
10000,10240,7224,106.30
10000,1048576,2871,759.93
10000,1048576,9617,662.82
1000,1048576,31,815.12
10000,10240,169,108.42
1000,10485760,358,3453.16
10000,10240,3065,115.66
10000,10240,2844,103.06
1000,10485760,450,3773.36
10000,102400,4547,134.14
10000,1048576,1584,606.87
10000,10240,8641,106.14
10000,102400,6030,121.83
10000,10240,6452,107.07
10000,102400,4609,115.73
10000,10240,9478,111.46
10000,1048576,5185,940.92
10000,102400,6775,130.82
10000,10240,5400,98.14
10000,1048576,7748,832.86
1000,102400,188,126.61
10000,102400,3768,113.76
10000,10240,8946,98.48
10000,10240,1167,99.89
1000,102400,588,115.90
1000,10240,139,99.16
10000,1048576,1849,935.48
10000,102400,5759,141.65
10000,1048576,6392,944.23
10000,102400,5567,128.37
1000,1048576,847,813.46
10000,10240,1177,113.78
10000,10240,3265,107.50
10000,1048576,3624,868.43
10000,10240,2262,103.65
10000,10240,3647,103.20
10000,10240,2110,102.12
10000,1048576,888,730.58
10000,102400,5365,127.77
10000,102400,2388,115.39
10000,10240,8565,104.55
10000,1048576,2892,953.68
10000,10240,6110,107.53
10000,1048576,1138,572.35
10000,102400,2466,123.37
10000,10240,6373,102.60
10000,102400,7425,117.99
10000,10240,1184,100.87
10000,1048576,1979,823.16
1000,10485760,725,3486.29
10000,10240,1277,106.97
10000,10240,3083,95.22
10000,1048576,8286,847.87
10000,10240,3163,109.18
10000,102400,7731,115.84
1000,102400,317,116.03
10000,102400,2476,119.02
10000,1048576,3415,862.88
10000,102400,3373,126.27
10000,102400,9203,118.57
10000,1048576,6136,724.15
1000,10485760,724,3455.70
10000,10240,2341,113.54
10000,10240,4874,101.62
10000,10240,6754,103.05
10000,1048576,3902,799.31
10000,10240,306,108.50
10000,10240,9129,107.23
1000,102400,603,119.00
10000,10240,6729,97.06
1000,10240,592,99.36
10000,1048576,4278,741.48
10000,1048576,225,725.41
10000,102400,9827,127.98
1000,10240,78,108.13
1000,10240,216,98.32
10000,1048576,7427,809.14
10000,1048576,1791,851.53
100,10240,37,113.41
10000,102400,495,119.52
10000,1048576,7447,797.34
10000,1048576,8975,692.26
1000,102400,389,132.40
10000,1048576,3812,838.25
10000,1048576,7534,541.67
10000,10240,3506,104.22
10000,10240,1279,95.56
1000,10240,956,105.28
1000,10485760,853,4051.21
10000,102400,189,135.70
10000,1048576,630,518.49
1000,1048576,698,524.57
10000,1048576,6386,606.50
10000,102400,8451,118.74
10000,10240,6756,102.87
10000,1048576,8296,792.26
10000,102400,3055,126.82
10000,10240,5095,92.63
10000,102400,7637,111.01
10000,10240,251,97.11
10000,1048576,3552,878.75
10000,1048576,1055,571.69
10000,1048576,7980,616.94
10000,102400,1843,113.50
10000,10240,2791,95.32
10000,10240,6560,96.14
100,104857600,50,35121.04
10000,1048576,9271,1121.77
10000,10240,8861,139.62
10000,102400,9111,140.81
10000,1048576,4601,923.74
10000,10240,3332,258.94
1000,102400,195,116.00
10000,10240,8300,99.29
1000,1048576,143,752.12
10000,10240,269,104.50
10000,102400,1481,117.84
10000,1048576,6436,892.53
1000,10240,955,106.73
10000,102400,8905,118.84
10000,10240,8276,109.36
10000,102400,1799,119.09
10000,102400,6432,127.36
10000,1048576,8668,2375.66
10000,102400,798,131.01
1000,10485760,932,4383.49
10000,102400,4936,128.47
10000,102400,8819,116.22
10000,102400,7863,122.42
10000,10240,1226,109.48
10000,1048576,1876,772.50
10000,1048576,8578,807.17
1000,10240,583,108.20
10000,10240,1526,102.61
10000,102400,4449,122.51
10000,102400,8709,120.26
10000,102400,196,124.88
10000,102400,3096,118.23
1000,102400,384,117.10
10000,10240,4377,100.84
10000,102400,9193,117.06
10000,1048576,9922,863.21
1000,10240,6,110.75
10000,1048576,1912,759.26
10000,10240,9256,107.47
10000,1048576,4280,743.55
10000,102400,5453,130.76
10000,10240,1174,102.65
10000,1048576,1687,876.19
10000,102400,394,134.71
10000,10240,2936,100.22
10000,1048576,4916,588.83
10000,102400,2986,132.81
10000,10240,2275,102.76
10000,10240,1919,105.01
10000,1048576,1878,933.39
10000,10240,9744,110.43
1000,10485760,594,3680.04
10000,102400,6547,135.11
10000,10240,8980,104.02
10000,102400,1074,115.43
10000,1048576,6709,731.93
10000,10240,8996,112.67
10000,10240,9721,105.70
10000,102400,3792,116.71
10000,10240,9332,113.47
10000,10240,5251,101.72
1000,10485760,492,4393.50
10000,10240,1748,216.43
1000,10485760,883,4327.89
10000,1048576,9214,642.31
10000,1048576,4905,626.52
10000,1048576,677,635.26
10000,1048576,5931,834.58
10000,10240,6059,104.30
1000,10240,792,105.65
10000,10240,8586,99.08
10000,10240,5033,102.20
10000,10240,3135,101.09
10000,1048576,478,817.65
10000,102400,4343,132.19
10000,1048576,9145,797.66
10000,102400,8429,134.89
10000,10240,556,103.89
10000,102400,5431,116.33
10000,102400,4360,117.51
10000,10240,8776,105.15
10000,102400,3556,118.81
10000,1048576,5826,930.95
1000,1048576,212,922.42
10000,10240,686,112.47
10000,1048576,2981,752.87
10000,102400,4773,123.42
10000,10240,4453,105.59
10000,1048576,2844,724.99
1000,10485760,419,4489.11
10000,102400,4870,129.02
10000,102400,5390,118.62
10000,1048576,8698,876.96
10000,10240,3860,107.48
10000,10240,197,98.03
10000,102400,2304,113.12
10000,1048576,471,706.22
10000,1048576,842,789.93
10000,10240,7739,107.30
10000,10240,7820,96.92
10000,102400,7692,125.92
10000,1048576,8790,875.45
10000,10240,5963,114.95
10000,102400,3380,111.61
10000,10240,9038,98.64
10000,102400,6451,115.03
10000,1048576,8723,833.29
10000,102400,3036,129.77
10000,1048576,2575,848.85
10000,102400,8869,138.70
10000,102400,1449,121.62
1000,10240,369,101.90
10000,1048576,6129,749.35
10000,1048576,1021,790.32
10000,10240,1721,114.93
10000,10240,2592,107.14
10000,10240,6088,108.48
10000,102400,6163,121.34
10000,1048576,9594,887.31
10000,102400,5270,125.83
10000,102400,2251,125.00
10000,1048576,2104,831.01
10000,1048576,5475,714.45
10000,102400,4831,129.42
10000,1048576,9008,923.10
10000,10240,9001,114.06
10000,102400,4004,120.63
10000,102400,8640,123.91
10000,10240,1952,107.01
10000,1048576,2573,824.36
10000,10240,6955,108.85
10000,10240,516,104.47
10000,10240,7442,104.07
10000,102400,5456,121.14
1000,10240,528,101.16
10000,10240,5473,106.16
10000,1048576,1907,731.91
10000,10240,1749,107.55
100,104857600,73,34299.60
10000,1048576,6728,914.93
10000,1048576,3472,601.65
10000,1048576,4362,820.63
10000,10240,409,241.66
10000,102400,9147,144.49
1000,10240,359,110.50
1000,10240,233,98.11
10000,1048576,3022,29107.68
10000,102400,4205,304.97
10000,1048576,1503,589.88
10000,10240,1688,108.00
10000,10240,8372,103.23
1000,102400,75,359.86
10000,10240,8926,126.62
10000,1048576,5230,660.13
10000,102400,5274,133.74
10000,10240,7506,228.23
10000,102400,8511,132.64
10000,102400,2089,492.05
10000,102400,6744,123.75
10000,1048576,7226,976.75
10000,102400,4672,133.90
10000,1048576,3088,993.78
10000,102400,3354,138.83
10000,102400,3983,125.25
10000,102400,5501,132.24
10000,102400,3123,124.82
10000,102400,1466,121.99
10000,1048576,6099,851.81
100,10240,94,123.31
10000,102400,9075,125.13
10000,10240,1611,106.40
10000,102400,2274,121.17
10000,1048576,1595,729.52
10000,10240,1102,127.53
10000,10240,1317,106.81
10000,1048576,4417,862.04
1000,102400,368,129.48
10000,1048576,6437,789.53
10000,102400,678,129.21
10000,10240,6767,114.34
10000,1048576,2266,844.27
10000,1048576,4587,715.94
10000,1048576,3071,892.90
10000,1048576,2143,796.03
10000,1048576,5477,758.10
10000,1048576,1619,690.78
10000,10240,6802,113.77
10000,10240,3197,108.74
10000,1048576,5108,848.80
10000,10240,44,111.79
10000,102400,2612,123.02
10000,1048576,9607,795.17
10000,102400,8176,131.65
10000,1048576,2874,728.79
10000,102400,1209,117.82
10000,102400,1617,127.46
10000,1048576,7102,879.87
10000,10240,360,114.65
10000,102400,8591,125.29
10000,102400,2309,117.38
10000,10240,6077,103.19
10000,102400,2419,124.76
10000,1048576,1090,804.45
10000,102400,4164,127.18
10000,102400,3310,120.36
10000,102400,5878,120.71
10000,10240,4625,111.10
10000,10240,8201,103.06
100,104857600,78,36854.45
10000,102400,589,422.54
10000,10240,2095,216.73
1000,1048576,334,831.52
10000,10240,4545,118.73
10000,10240,6004,125.15
10000,10240,4118,104.30
10000,1048576,6110,932.80
10000,102400,432,133.90
10000,1048576,4521,705.99
10000,10240,7694,250.52
10000,10240,1582,107.02
1000,102400,753,125.25
10000,10240,4446,94.97
1000,1048576,885,914.89
10000,102400,3893,137.06
10000,1048576,3282,574.93
10000,10240,9871,113.13
10000,1048576,2184,786.62
10000,102400,9004,307.08
10000,1048576,5139,885.26
10000,1048576,6999,666.21
10000,1048576,781,673.89
10000,1048576,2254,728.67
10000,1048576,2334,595.48
100,104857600,12,32856.50
10000,1048576,6879,7347.89
10000,1048576,8293,9248.67
10000,10240,5682,228.19
10000,10240,9017,203.78
10000,102400,4315,129.23
10000,10240,4971,104.61
10000,102400,7849,128.44
10000,102400,228,269.44
10000,102400,3953,121.78
1000,10485760,307,24570.17
10000,102400,2853,150.63
10000,10240,5583,186.06
10000,1048576,7025,765.39
10000,1048576,3378,800.60
10000,1048576,3874,620.24
10000,102400,2424,128.35
10000,10240,7455,97.96
10000,102400,8991,128.02
10000,102400,1684,123.95
10000,1048576,3986,765.48
10000,1048576,2707,600.95
100,10240,85,112.52
1000,10485760,636,4316.89
10000,10240,4896,117.60
10000,102400,1749,116.31
10000,1048576,6191,729.06
10000,10240,5267,117.00
100,102400,7,120.59
10000,10240,926,110.62
10000,1048576,7360,804.37
1000,1048576,612,637.00
10000,102400,1641,117.82
10000,102400,2786,110.71
1000,102400,80,116.60
10000,1048576,449,729.49
10000,10240,640,103.39
10000,102400,9384,111.86
1000,10485760,13,3886.12
10000,102400,4405,118.59
10000,10240,7460,95.54
10000,10240,7332,91.61
10000,1048576,6189,827.45
10000,1048576,1704,618.09
10000,102400,4052,122.81
10000,102400,4059,109.76
10000,10240,5837,105.92
10000,10240,7644,100.93
10000,10240,7042,101.42
10000,1048576,9124,769.83
10000,102400,8938,124.33
10000,102400,4737,118.60
10000,10240,5114,97.36
1000,10485760,580,3781.41
10000,1048576,5383,526.65
100,1048576,91,535.93
10000,102400,2172,116.87
10000,1048576,7004,851.11
10000,10240,2586,111.76
1000,1048576,304,711.62
10000,10240,3183,111.26
10000,10240,8073,99.74
10000,10240,7825,98.60
10000,1048576,616,788.88
10000,102400,9819,124.14
10000,1048576,7988,774.20
10000,1048576,5420,818.77
10000,10240,946,108.46
10000,102400,1364,117.61
1000,102400,148,120.83
10000,1048576,6375,959.84
100,10240,74,115.45
1000,102400,119,118.87
10000,10240,6255,98.25
10000,1048576,317,747.78
10000,102400,6407,133.22
1000,1048576,4,723.37
10000,102400,7478,122.76
10000,10240,9715,96.27
10000,10240,5829,93.17
10000,102400,9135,116.02
10000,10240,124,101.16
10000,10240,4647,96.69
10000,10240,3744,96.74
10000,10240,398,102.29
10000,10240,5885,100.70
10000,102400,9442,111.54
100,104857600,41,33985.97
10000,10240,1131,175.32
10000,10240,3502,102.75
10000,1048576,6353,955.32
10000,10240,4249,323.80
10000,102400,7724,126.15
10000,102400,5637,124.96
10000,10240,8410,100.97
10000,102400,8981,121.87
10000,1048576,4975,752.05
10000,102400,4196,143.86
10000,10240,8950,111.23
10000,1048576,2665,1113.00
10000,102400,6056,126.36
10000,1048576,2394,834.14
10000,102400,6423,123.09
10000,10240,7166,112.96
10000,1048576,7690,830.84
10000,1048576,5041,739.41
10000,1048576,2398,814.83
10000,1048576,7953,787.72
10000,1048576,4706,776.67
10000,1048576,6654,792.76
10000,1048576,4038,940.83
10000,102400,759,131.66
10000,102400,6571,120.87
10000,102400,3177,122.65
1000,1048576,541,831.28
10000,10240,5305,117.18
100,104857600,81,32039.28
10000,10240,3165,326.62
10000,10240,8609,201.62
10000,102400,5111,277.96
10000,1048576,3530,733.84
10000,1048576,7352,1009.06
1000,102400,990,141.14
10000,1048576,9374,886.96
1000,102400,139,125.76
1000,10485760,896,3856.23
1000,10240,463,116.95
10000,10240,2085,111.58
10000,102400,8267,112.70
10000,102400,6996,113.45
10000,1048576,9661,878.81
10000,102400,532,129.93
10000,1048576,1717,741.58
10000,10240,9364,294.30
1000,10485760,434,4799.76
10000,10240,6353,117.75
1000,1048576,585,652.45
10000,102400,8586,125.85
10000,10240,3440,109.20
1000,10240,65,99.88
10000,10240,1247,108.85
10000,10240,1251,102.89
10000,102400,8296,123.98
10000,102400,7625,127.17
10000,1048576,2326,979.36
10000,10240,4326,122.47
1000,10485760,34,5437.89
10000,10240,8407,116.42
1000,102400,927,128.02
1000,1048576,998,829.63
10000,102400,3509,128.77
10000,1048576,5381,766.59
10000,10240,7316,110.52
10000,102400,6073,120.52
10000,1048576,657,877.01
10000,102400,9574,144.52
10000,102400,5163,119.78
1000,102400,344,126.48
10000,102400,1415,113.56
10000,102400,3526,123.57
10000,1048576,5303,33698.94
10000,10240,2883,182.67
10000,102400,2763,261.62
10000,10240,3543,312.24
10000,102400,8351,129.46
10000,10240,9455,102.08
1000,10485760,176,4669.71
10000,10240,1495,116.86
10000,10240,4530,93.81
10000,10240,2401,110.39
1000,10240,652,101.51
10000,10240,2212,106.79
10000,1048576,7610,742.89
10000,102400,195,125.82
10000,1048576,4115,607.07
10000,102400,9552,129.41
10000,10240,9319,110.17
10000,102400,8777,124.74
10000,102400,2487,128.36
10000,10240,2955,106.95
10000,1048576,7986,835.94
1000,10240,307,113.78
10000,1048576,4729,814.49
10000,10240,9118,120.55
10000,1048576,1303,585.97
10000,1048576,3470,774.18
10000,10240,2537,107.54
10000,102400,9523,133.88
10000,1048576,9637,796.19
10000,1048576,8119,660.48
10000,10240,3246,106.58
10000,1048576,7569,638.69
10000,10240,3656,113.09
10000,10240,1854,105.17
1000,10240,582,104.00
10000,1048576,5637,847.36
1000,10240,553,113.86
10000,10240,4736,106.09
10000,1048576,5416,818.41
10000,102400,3518,124.20
10000,10240,6164,101.64
10000,10240,9896,100.79
10000,1048576,1750,803.59
10000,10240,1678,107.59
10000,1048576,1106,490.48
10000,102400,2310,118.56
10000,10240,3604,107.02
10000,102400,8574,122.94
10000,102400,8952,123.44
10000,1048576,3407,923.44
10000,10240,1970,105.23
10000,1048576,331,715.08
10000,1048576,846,831.00
10000,10240,4828,118.83
10000,10240,940,105.58
1000,10485760,256,3619.39
10000,1048576,8444,602.40
10000,10240,560,107.48
1000,102400,551,109.13
10000,1048576,2749,1181.10
10000,1048576,4558,604.67
10000,102400,740,122.18
10000,1048576,4917,727.39
10000,102400,1211,133.72
10000,102400,6591,123.55
10000,1048576,8204,943.74
10000,102400,7845,133.64
10000,10240,2671,107.53
10000,10240,824,105.96
10000,102400,1423,120.64
10000,102400,4080,123.25
10000,10240,4514,108.44
10000,10240,7514,100.66
10000,10240,2278,106.28
10000,10240,8944,104.42
10000,10240,6968,106.99
10000,1048576,4551,934.04
10000,102400,1504,129.58
10000,102400,3174,126.05
10000,1048576,3486,784.55
10000,102400,6649,134.56
10000,10240,5520,103.29
10000,10240,4539,104.86
10000,10240,6504,105.96
10000,102400,25,123.06
10000,10240,6378,109.30
10000,102400,5994,123.97
10000,102400,7929,118.42
10000,10240,5090,104.00
1000,1048576,434,664.04
10000,10240,1635,111.78
10000,1048576,9447,683.15
10000,1048576,1185,853.75
10000,10240,6599,116.44
10000,1048576,5797,889.24
10000,102400,9854,141.53
10000,102400,1078,107.45
10000,10240,7419,106.30
10000,10240,7287,108.48
10000,1048576,862,712.40
10000,10240,6850,114.75
10000,1048576,2904,744.41
10000,102400,7389,127.94
1000,10240,789,104.09
10000,1048576,5609,780.04
10000,102400,1335,129.55
1000,102400,696,120.66
10000,1048576,3295,801.88
10000,102400,5562,128.71
10000,10240,6911,105.67
10000,1048576,6847,692.96
1000,10240,116,102.84
10000,10240,6792,105.39
10000,1048576,59,784.66
1000,10485760,660,4676.56
10000,1048576,4736,897.53
10000,1048576,4446,822.07
10000,1048576,4511,807.55
10000,1048576,4379,882.22
1000,1048576,602,783.97
10000,102400,73,137.58
10000,10240,9872,101.75
10000,1048576,6066,800.26
1000,1048576,860,735.05
1000,10485760,442,4480.21
10000,1048576,3536,810.08
1000,10240,282,108.52
10000,1048576,9681,892.56
10000,102400,4335,130.16
10000,102400,5737,111.18
10000,102400,7685,120.27
10000,10240,1941,101.22
10000,10240,2173,99.06
1000,10240,602,101.08
1000,1048576,859,737.07
10000,10240,1817,108.16
10000,1048576,5158,839.28
10000,102400,6092,128.25
1000,102400,10,115.23
10000,10240,2267,102.07
10000,10240,7803,206.83
10000,10240,2888,103.59
10000,1048576,5491,825.06
10000,1048576,9893,675.47
10000,1048576,4252,700.78
100,10240,99,117.77
1000,10485760,980,4363.71
10000,1048576,3564,835.71
10000,102400,726,126.15
10000,1048576,9974,824.19
10000,1048576,1146,641.61
10000,1048576,6677,576.57
10000,10240,527,105.90
10000,102400,3404,110.25
10000,102400,2870,125.20
10000,102400,9141,119.15
10000,102400,5247,129.05
1000,102400,498,116.64
10000,102400,5193,117.45
10000,102400,419,114.49
10000,10240,612,106.64
10000,102400,8729,115.93
10000,10240,2939,107.81
10000,1048576,5580,1046.79
10000,10240,5174,101.91
10000,10240,6570,92.63
10000,1048576,9685,1256.46
10000,102400,788,125.76
10000,10240,5030,104.96
10000,1048576,9451,1304.90
10000,10240,4112,99.48
10000,102400,5970,111.13
10000,1048576,8754,890.50
10000,1048576,641,606.80
10000,1048576,8732,618.75
10000,10240,4371,100.13
10000,102400,9674,112.82
10000,10240,8960,100.02
10000,10240,1556,101.31
1000,10485760,457,5416.90
10000,102400,7647,129.08
1000,102400,977,116.67
1000,10485760,156,6952.83
10000,1048576,4622,2549.31
1000,10485760,208,21268.47
10000,102400,2254,327.70
10000,1048576,9333,2135.16
10000,10240,6415,125.04
10000,102400,1526,116.91
10000,10240,9306,108.76
10000,1048576,2464,3387.45
10000,1048576,9651,5804.02
10000,10240,5553,105.95
10000,10240,6477,104.57
10000,1048576,3917,2309.71
10000,10240,2544,197.00
10000,102400,6172,229.37
10000,102400,7653,116.19
10000,102400,9197,138.49
1000,102400,755,116.10
10000,102400,5536,120.10
10000,10240,7748,99.57
1000,10485760,887,17254.57
10000,1048576,1779,3110.97
10000,1048576,9171,3311.79
10000,102400,7430,127.08
10000,10240,3796,93.21
10000,1048576,3299,3959.18
10000,102400,2944,131.99
10000,10240,3862,104.49
10000,10240,4345,105.09
10000,102400,329,119.62
10000,102400,3924,136.05
1000,1048576,755,3277.17
10000,10240,1092,102.34
1000,10240,147,94.59
10000,10240,9550,91.80
10000,10240,3708,109.92
1000,1048576,102,4749.26
10000,1048576,3898,2923.68
10000,102400,1410,122.24
10000,10240,910,102.08
10000,1048576,7806,5371.44
10000,102400,9420,395.26
10000,1048576,4650,5292.58
1000,102400,147,122.29
10000,102400,3139,130.35
10000,1048576,836,5135.37
10000,102400,238,128.45
10000,1048576,5268,1863.87
10000,1048576,840,1927.17
10000,10240,3641,105.76
10000,102400,9527,233.19
10000,102400,3666,113.32
10000,10240,7654,101.61
10000,102400,8747,121.67
1000,10240,209,114.02
10000,10240,6184,226.95
1000,10240,477,103.37
1000,102400,51,119.69
10000,10240,9128,109.88
10000,1048576,1967,5665.36
10000,1048576,8586,5375.30
1000,10485760,837,28445.49
10000,102400,3394,311.41
10000,10240,9056,172.32
10000,1048576,5349,2097.22
10000,102400,8843,228.72
1000,10485760,249,10203.71
10000,10240,402,224.67
10000,102400,8432,252.36
10000,10240,6293,174.38
1000,10485760,395,5601.46
10000,102400,970,251.64
10000,10240,7942,99.65
10000,10240,5930,99.98
10000,10240,8626,110.09
10000,10240,3646,114.77
10000,1048576,1276,2564.18
1000,10485760,567,7831.47
10000,102400,5072,144.47
10000,10240,261,105.84
10000,10240,8492,224.08
10000,102400,1819,131.27
10000,102400,7566,120.47
1000,10485760,56,4057.26
10000,10240,8295,108.77
10000,102400,9368,118.93
10000,10240,8147,104.31
10000,10240,8418,98.11
10000,1048576,6905,1272.11
10000,1048576,2144,1746.63
10000,1048576,8964,1321.33
10000,10240,4698,105.50
10000,1048576,3253,1469.34
10000,1048576,8527,1080.00
10000,1048576,2379,1296.43
10000,10240,3338,106.98
10000,1048576,620,941.03
10000,1048576,2499,1137.02
10000,102400,2701,130.88
10000,1048576,6771,1472.80
10000,102400,1753,126.95
10000,10240,9439,97.87
10000,102400,9232,107.47
10000,10240,2754,102.97
10000,10240,1797,106.33
1000,10240,788,107.18
10000,1048576,4717,1966.54
10000,1048576,3095,1156.06
10000,1048576,1516,1061.94
10000,1048576,6032,1652.56
10000,10240,2935,108.18
10000,10240,3021,93.93
10000,10240,4445,109.52
10000,1048576,6096,1367.81
10000,102400,5266,112.05
10000,102400,4813,112.95
10000,102400,6974,116.58
1000,102400,903,111.08
10000,10240,8575,107.77
10000,1048576,1982,1339.12
10000,1048576,9908,807.32
10000,10240,2771,108.57
1000,10485760,512,5277.02
10000,1048576,7333,948.37
10000,102400,8746,123.17
10000,102400,4830,113.77
1000,10240,107,99.59
10000,102400,4987,130.65
10000,102400,6288,112.30
1000,10240,341,104.26
10000,1048576,1320,1524.62
100,10485760,39,4872.11
10000,102400,2539,124.84
10000,102400,5826,113.73
10000,1048576,863,1348.38
10000,10240,3677,105.37
1000,10240,645,100.38
10000,1048576,7596,1522.16
10000,102400,2566,128.08
10000,1048576,9619,1626.71
10000,102400,3093,124.43
10000,10240,7458,101.38
10000,1048576,3515,1970.87
10000,102400,9490,119.98
10000,1048576,6837,2061.96
10000,102400,3977,116.63
10000,1048576,9406,1320.58
10000,10240,9907,100.37
10000,102400,2415,116.94
10000,102400,4330,110.36
10000,10240,3509,95.03
1000,1048576,16,1400.67
10000,1048576,409,1721.31
10000,102400,4781,123.86
10000,10240,922,103.50
10000,102400,7360,115.28
10000,102400,9665,114.70
10000,10240,1735,99.42
1000,10485760,488,14582.83
10000,10240,9143,114.04
10000,1048576,5288,6124.01
10000,102400,4712,125.63
10000,1048576,1474,7585.94
10000,10240,9114,119.63
1000,1048576,875,4430.82
10000,10240,178,110.36
10000,10240,4712,98.31
10000,1048576,8800,2746.01
10000,10240,3750,100.44
10000,10240,8165,139.26
10000,102400,3563,117.09
10000,102400,2373,255.46
10000,102400,4082,127.66
10000,1048576,2310,2279.14
10000,10240,2356,118.97
10000,1048576,3793,1815.70
10000,1048576,2399,3463.29
10000,102400,1966,131.35
10000,10240,723,104.62
10000,1048576,9551,2745.84
10000,1048576,8816,2690.53
10000,10240,3421,108.45
10000,1048576,7751,1644.37
10000,10240,4268,101.28
10000,102400,8654,126.92
10000,102400,7554,116.29
10000,1048576,8317,2102.63
10000,102400,7651,114.36
1000,1048576,190,1548.35
10000,1048576,8626,2052314.70
10000,102400,2634,245.38
10000,1048576,9472,771.60
10000,1048576,4268,1000.20
10000,102400,1898,127.65
10000,10240,4295,114.11
10000,1048576,7405,1479.05
10000,102400,5732,130.49
10000,102400,6275,124.94
100,102400,57,127.73
10000,10240,5060,103.10
1000,10240,869,104.32
10000,10240,3407,140.60
10000,1048576,4450,949.22
10000,102400,8522,123.55
1000,10240,393,111.76
10000,10240,5168,111.53
10000,1048576,669,1620.88
10000,10240,2777,106.83
1000,1048576,713,1302.42
10000,10240,7361,114.67
10000,10240,1209,105.36
10000,102400,8120,128.26
10000,1048576,7671,947.76
10000,1048576,5446,1028.41
10000,10240,1801,107.83
10000,10240,1621,101.62
10000,102400,6263,125.81
10000,1048576,6124,1217.14
10000,1048576,4360,1039.16
10000,10240,2201,108.25
10000,1048576,8331,1145.75
10000,1048576,5099,835.86
10000,10240,1118,104.36
10000,102400,2406,119.67
10000,1048576,2910,1240.47
10000,102400,4596,133.72
10000,1048576,6576,1681.70
10000,1048576,9917,1513.84
10000,102400,8479,131.98
10000,1048576,2426,930.96
10000,10240,7622,124.02
10000,1048576,1627,1353.60
10000,102400,4681,121.12
10000,1048576,15,1841.47
1000,10485760,742,4586.80
1000,10240,627,112.90
10000,1048576,6779,1014.55
10000,1048576,1013,1966.99
10000,10240,8431,107.44
10000,10240,5246,102.06
10000,1048576,4438,1012.62
10000,10240,906,108.36
10000,1048576,8852,1630.40
10000,1048576,9662,1229.81
10000,102400,9697,126.50
10000,102400,7213,114.31
10000,1048576,2735,1424.34
10000,10240,6956,112.83
10000,102400,1829,119.60
1000,1048576,679,1469.80
10000,1048576,185,1146.30
10000,10240,972,103.86
10000,10240,4168,104.06
10000,1048576,8169,1616.85
10000,1048576,6266,882.71
10000,10240,7959,109.60
100,1048576,30,1141.64
10000,1048576,5923,1336.31
10000,10240,6906,102.78
10000,10240,4388,94.40
10000,102400,7168,125.58
10000,1048576,6305,2048.16
10000,10240,359,112.00
10000,102400,7552,118.97
10000,10240,1176,92.70
10000,10240,3048,95.56
1000,10485760,268,8619.54
10000,102400,8289,228.34
10000,10240,720,103.56
10000,10240,2047,93.64
10000,1048576,2328,1645.14
10000,1048576,4013,4893.13
1000,10240,845,102.27
10000,102400,2481,222.74
10000,1048576,4758,1752.71
1000,10240,207,111.85
10000,102400,1925,116.58
10000,10240,192,91.40
10000,1048576,2032,2026.64
10000,1048576,827,1317.42
10000,102400,3979,120.29
10000,1048576,8149,3515.33
1000,102400,625,122.62
1000,10485760,237,67060.21
1000,10485760,389,35431.99
10000,10240,6210,288.51
10000,10240,5425,221.68
1000,102400,533,112.91
1000,10485760,116,7991.25
10000,102400,1075,181.09
10000,10240,413,213.95
10000,102400,9114,139.49
10000,102400,7123,114.60
10000,10240,7944,101.27
10000,1048576,6620,3123.45
10000,1048576,5254,1247.93
10000,10240,6096,125.82
10000,102400,6871,110.71
10000,1048576,3277,3444.12
10000,10240,600,99.88
10000,1048576,9327,4550.91
10000,10240,6639,113.75
10000,102400,7290,118.41
10000,1048576,3957,2150.18
10000,10240,9317,109.51
10000,102400,5549,117.62
10000,1048576,3123,1584.80
10000,102400,6445,126.07
10000,10240,8825,101.00
10000,10240,1664,96.59
1000,10485760,278,33376.45
10000,10240,260,227.23
10000,1048576,9724,4858.70
10000,1048576,8328,1982.42
10000,10240,1501,104.94
10000,10240,2971,98.53
10000,10240,8280,89.01
10000,102400,2778,122.46
10000,1048576,9599,6267.13
10000,1048576,2754,3915.41
10000,1048576,6512,7068.67
10000,102400,3085,220.80
10000,1048576,928,3493.28
10000,1048576,1622,5691.70
10000,1048576,4140,2276.39
10000,10240,2444,113.69
10000,1048576,1215,3107.91
1000,10240,261,114.41
10000,10240,4884,96.91
10000,10240,4385,95.19
10000,102400,7987,221.16
10000,102400,5746,115.18
10000,102400,2088,112.88
10000,1048576,2340,7362.16
10000,10240,3305,108.27
10000,10240,9425,98.48
1000,10240,906,102.20
10000,1048576,5243,3299.39
10000,1048576,3561,3336.04
10000,102400,5988,115.90
10000,1048576,7306,20845.34
10000,1048576,5586,2590.77
10000,1048576,395,3920.40
1000,102400,491,131.81
10000,102400,2268,108.21
10000,102400,9003,119.28
10000,1048576,9847,3800.69
10000,10240,356,103.17
10000,1048576,438,1797.55
10000,10240,9175,99.96
10000,1048576,7972,1559.03
10000,10240,2640,122.49
10000,1048576,8049,1344.47
10000,1048576,9444,1167.38
10000,102400,9153,116.61
10000,102400,5539,158.99
10000,102400,7607,122.48
10000,102400,5954,125.53
1000,10485760,58,6824.06
10000,102400,7936,126.54
10000,10240,7715,87.93
1000,1048576,351,1603.35
10000,10240,5879,108.29
1000,10485760,173,9321.06
1000,10485760,911,41531.76
10000,102400,9756,299.39
10000,102400,6741,200.47
1000,10485760,858,7628.27
10000,102400,3796,132.29
10000,1048576,735,1413.15
10000,10240,2795,105.84
1000,10485760,898,5913.67
10000,1048576,7968,1178.23
10000,102400,7868,129.37
10000,102400,4752,128.48
10000,102400,403,125.70
10000,10240,4373,98.11
10000,10240,3276,105.33
10000,10240,8953,99.97
10000,102400,1956,116.53
10000,102400,4701,118.59
10000,10240,3386,113.22
10000,10240,9027,106.00
1000,10240,442,101.05
10000,10240,4028,109.82
10000,10240,7823,113.41
10000,10240,4351,103.17
10000,102400,5782,120.72
10000,10240,5465,105.74
10000,1048576,7137,1485.53
10000,102400,9900,138.79
10000,10240,4167,101.02
10000,102400,6982,120.55
1000,10240,208,97.62
10000,10240,1435,103.39
10000,1048576,3191,1230.54
10000,10240,7610,111.59
10000,102400,3676,120.45
10000,10240,2697,93.11
10000,102400,6010,121.75
10000,102400,5426,109.48
1000,102400,786,123.41
10000,1048576,9091,1939.67
10,102400,3,128.89
10000,102400,4359,117.05
10000,1048576,5996,1446.08
10000,1048576,4468,3565.88
10000,10240,8212,106.14
10000,102400,7754,117.33
1000,102400,67,119.36
10000,1048576,9669,7255.57
10000,10240,8525,102.65
10000,1048576,3233,5449.72
10000,1048576,9118,7606.25
10000,10240,9667,376.79
10000,1048576,94,5392.52
10000,10240,2224,228.44
10000,1048576,4021,5842.36
10000,10240,9353,198.19
10000,102400,9386,119.99
10000,10240,3454,101.10
10000,1048576,2518,3636.75
10000,102400,1440,122.58
10000,102400,9522,110.51
100,102400,45,118.53
10000,1048576,9206,4968.03
10000,1048576,8075,4596.01
10000,10240,9151,122.23
10000,1048576,2662,2664.99
10000,10240,8133,327.70
10000,1048576,8509,2254.84
10000,10240,795,106.94
10000,102400,3561,235.59
10000,1048576,5250,6110.45
10000,1048576,5159,2697.47
1000,10240,764,125.15
10000,10240,2656,101.09
10000,10240,8375,121.42
10000,102400,3077,121.93
10000,10240,1842,102.91
10000,102400,4392,115.36
10000,10240,5099,100.18
10000,1048576,9727,2127.16
10000,102400,1176,125.88
10000,102400,1571,117.24
10000,102400,9561,103.38
10000,1048576,3785,1910.31
10000,1048576,8555,2026.20
10000,1048576,6884,3403.14
10000,10240,8278,109.67
100,104857600,15,41714.18
10000,1048576,7670,1227.66
10000,102400,9849,131.80
10000,10240,5216,112.33
10000,1048576,6788,1712.31
10000,1048576,7060,1171.12
10000,10240,5361,130.87
10000,1048576,5885,1222.29
10000,102400,609,128.48
10000,102400,5595,119.44
10000,10240,6407,100.52
10000,1048576,3418,1695.81
10000,1048576,8650,1562.30
10000,10240,5791,114.77
10000,1048576,9363,1295.81
10000,1048576,1119,2213.22
1000,1048576,648,1220.68
1000,102400,328,132.93
10000,10240,5472,103.65
10000,1048576,2222,1123.38
10000,102400,135,115.85
10000,1048576,6538,1070.42
1000,102400,346,125.50
10000,10240,9568,104.97
10000,10240,3170,104.05
10000,102400,4388,134.27
10000,10240,2048,104.57
1000,102400,862,116.94
10000,102400,209,122.32
10000,1048576,2410,936.36
10000,10240,3127,109.92
10000,10240,8153,101.87
10000,1048576,2304,1455.05
10000,102400,4495,130.80
10000,10240,6431,109.58
10000,102400,8102,112.91
10000,102400,5972,120.52
10000,1048576,5055,867.67
10000,10240,6311,104.95
1000,10485760,317,4346.54
10000,1048576,465,2019.14
10000,10240,3014,107.09
10000,1048576,8679,2151.61
10000,1048576,2339,1417.28
1000,1048576,491,1518.17
10000,102400,3914,122.77
10000,1048576,7771,1478.56
10000,102400,6698,121.02
10000,10240,974,107.84
10000,10240,7986,93.18
10000,102400,2618,111.28
10000,1048576,7033,5166.48
10000,102400,5292,119.39
10000,102400,1769,116.90
10000,10240,8047,97.53
10000,102400,4546,110.93
10000,1048576,5852,3016.67
10000,1048576,3684,4209.50
10000,102400,4708,126.11
10000,102400,7196,129.75
10000,102400,950,118.64
10000,1048576,808,3621.03
10000,10240,7423,113.18
10000,10240,275,102.57
10000,102400,3908,108.66
10000,102400,5392,122.10
10000,1048576,64,2892.00
10000,1048576,8511,1574.98
10000,1048576,1708,1983.85
1000,1048576,409,700.64
10000,1048576,2711,910.88
10000,102400,2263,121.75
10000,102400,9055,123.56
1000,102400,143,125.03
10000,10240,2603,108.30
10000,102400,4874,112.85
10000,1048576,931,915.29
10000,102400,1632,130.35
10000,1048576,548,942.40
10000,102400,9795,248.26
10000,1048576,562,1005.95
10000,1048576,9385,1245.12
10000,1048576,2241,1249.31
10000,10240,2917,106.57
10000,10240,2874,103.74
10000,102400,6578,122.35
10000,10240,9233,104.30
10000,1048576,1016,1308.65
1000,102400,233,128.52
10000,10240,3046,102.58
10000,10240,8594,103.22
10000,10240,695,99.70
10000,102400,4696,120.82
1000,10485760,708,8841.74
10000,10240,7521,111.48
1000,10240,466,95.50
10000,10240,3888,101.73
10000,1048576,9575,982.30
10000,1048576,4454,816.90
10000,1048576,8855,667.42
10000,102400,7230,118.49
10000,10240,6874,103.08
10000,102400,7500,117.67
1000,10240,717,102.22
10000,102400,9576,226.84
10000,1048576,5522,810.96
10000,10240,8654,113.87
10000,102400,3969,114.34
10000,102400,4799,122.97
10000,102400,7883,111.94
10000,102400,3567,119.16
10000,1048576,4283,831.97
10000,102400,1744,133.64
1000,10485760,100,4560.95
10000,10240,3398,117.06
10000,1048576,3293,577.80
10000,10240,7980,107.18
10000,10240,2967,103.42
10000,102400,7400,122.40
10000,1048576,1886,848.49
10000,10240,9749,109.26
10000,102400,2497,118.36
10000,102400,5884,111.76
10000,102400,6033,122.71
10000,10240,4060,104.46
10000,1048576,857,897.66
10000,1048576,2760,753.17
10000,102400,4476,123.67
10000,10240,5074,93.39
10000,102400,2320,123.04
10000,102400,7925,120.16
10000,10240,2066,109.46
10000,102400,3820,113.15
10000,10240,2372,99.17
10000,1048576,6239,701.52
10000,10240,4681,104.30
10000,1048576,8877,675.95
10000,10240,7777,103.69
10000,102400,108,119.05
10000,1048576,7728,936.61
10000,10240,5061,112.83
10000,102400,9392,117.06
10000,10240,6602,109.11
10000,102400,596,110.31
10000,102400,878,119.09
10000,102400,8603,118.29
10000,10240,661,113.66
10000,1048576,2532,942.77
10000,10240,1254,105.94
10000,102400,2631,117.82
10000,10240,4274,105.50
10000,1048576,6200,918.92
10000,10240,3701,108.34
10000,10240,2706,103.61
10000,102400,8919,121.12
10000,10240,4636,99.18
10000,10240,536,102.35
10000,102400,6291,123.11
1000,102400,40,122.02
10000,102400,1398,119.15
10000,10240,6648,107.89
10000,10240,6250,100.69
10000,10240,6207,97.58
10000,102400,752,118.83
10000,1048576,5172,1079.12
10000,1048576,4542,965.69
10000,102400,2234,133.03
1000,10240,396,101.07
10000,102400,3762,120.96
10000,10240,4137,102.36
10000,10240,33,105.28
1000,1048576,590,1106.11
10000,10240,2477,109.70
10000,10240,7511,108.56
10000,102400,96,116.54
10000,10240,2063,103.25
10000,1048576,1205,963.77
10000,1048576,4089,1127.90
1000,102400,441,120.37
10000,102400,5401,116.03
10000,10240,4541,100.12
10000,1048576,7498,2539.27
10000,10240,1378,105.45
10000,1048576,7522,6273.91
10000,1048576,7040,12126.20
10000,1048576,3544,11098.07
10000,102400,7774,365.06
1000,102400,168,141.45
10000,1048576,7889,9038.12
10000,10240,5110,118.86
10000,10240,2215,105.00
10000,102400,1476,132.69
10000,1048576,8196,6230.03
10000,102400,48,118.30
10000,1048576,1642,6884.75
10000,102400,7451,120.68
10000,102400,9983,129.52
1000,1048576,232,4404.86
10000,102400,77,116.23
10000,1048576,2191,3933.44
10000,1048576,8813,3185.78
10000,1048576,7081,2162.18
10000,1048576,7762,1281.04
10000,1048576,4826,1117.47
10000,102400,9567,124.54
10000,102400,260,246.88
10000,10240,159,97.40
10000,10240,7621,104.94
10000,10240,9004,243.22
1000,10240,223,105.78
10000,102400,7944,122.34
10000,10240,4458,112.01
10000,10240,4827,102.68
10000,1048576,20,840.24
1000,102400,890,131.11
1000,1048576,636,566.88
10000,1048576,2,849.02
10000,102400,9767,142.88
10000,1048576,419,629.61
10000,1048576,9150,653.74
10000,1048576,9759,720.53
10000,1048576,4016,579.40
10000,102400,3030,122.46
1000,10485760,811,4872.69
10000,1048576,70,691.35
10000,102400,5692,143.65
10000,102400,2105,116.92
10000,102400,9007,118.51
10000,1048576,8253,705.70
10000,10240,7814,110.60
10000,1048576,9836,599.59
10000,10240,7673,104.64
10000,10240,5846,103.93
10000,1048576,1228,742.00
10000,1048576,8433,871.61
10000,102400,5761,178.76
10000,102400,4919,180.41
10000,102400,7164,183.48
10000,10240,338,126.93
100,10240,9,114.72
10000,10240,4656,115.18
10000,102400,3709,133.57
10000,10240,8892,110.69
10000,10240,4322,100.78
10000,102400,1495,123.09
1000,102400,609,121.42
1000,102400,221,121.53
1000,102400,758,117.13
10000,1048576,453,784.02
10000,1048576,1113,551.12
100,10485760,85,4161.40
1000,1048576,388,842.23
10000,1048576,2758,857.61
10000,1048576,1091,956.34
10000,102400,5795,236.82
10000,102400,2788,233.59
10000,102400,4938,247.37
10000,10240,8895,102.21
10000,10240,8689,99.75
10000,102400,4189,108.92
10000,102400,6060,110.07
10000,10240,3174,105.93
10000,102400,7311,115.31
10000,102400,4617,117.25
10000,1048576,8150,1118.61
10000,102400,2262,129.24
10000,1048576,2562,685.09
10000,102400,6380,115.45
10000,102400,9006,126.41
10000,10240,5178,99.14
10000,1048576,8707,865.54
1000,102400,848,311.19
10000,1048576,2569,1091.25
10000,1048576,7400,805.62
10000,10240,7029,113.77
10000,102400,4029,120.97
10000,102400,2620,116.65
10000,102400,161,121.09
10000,1048576,5831,911.43
10000,1048576,3026,856.65
10000,102400,6297,134.88
10000,10240,2765,103.68
10000,10240,4773,102.98
10000,1048576,8589,859.00
10000,102400,357,128.47
1000,10485760,438,4503.78
10000,1048576,9859,1003.38
10000,10240,5319,115.35
10000,1048576,3750,865.01
10000,10240,8365,113.98
1000,10485760,673,3486.19
10000,102400,1041,127.57
10000,102400,3866,115.77
10000,1048576,3884,1218.96
10000,1048576,7232,1917.11
10000,102400,3107,128.36
10000,10240,1312,97.34
10000,102400,6194,120.36
10000,10240,3392,103.81
10000,10240,6058,95.37
10000,102400,2594,113.78
10000,102400,2491,111.75
10000,10240,9823,99.89
10000,10240,2664,208.61
10000,102400,8258,116.83
10000,102400,4583,119.55
10000,102400,5343,114.38
10000,10240,4381,103.65
10000,1048576,8735,749.73
10000,10240,2170,1394.27
1000,102400,590,112.74
10000,102400,5910,116.34
10000,102400,1970,131.21
1000,10240,725,103.82
1000,102400,582,127.66
10000,10240,6379,100.53
10000,102400,6592,113.95
10000,102400,3271,118.74
10000,10240,7131,101.87
10000,102400,3624,110.75
10000,1048576,8365,995.26
10000,102400,4019,127.77
10000,10240,6263,97.36
10000,1048576,1533,803.79
10000,102400,5998,126.70
10000,1048576,8654,822.18
10000,1048576,4592,855.37
10000,10240,8932,211.07
10000,102400,3339,118.79
1000,10240,448,102.05
10000,1048576,980,927.98
10000,1048576,6263,884.51
10000,102400,2818,130.90
10000,10240,4891,102.58
10000,102400,4355,123.62
10000,1048576,9133,696.84
10000,1048576,3688,564.98
1000,1048576,392,1477.65
10000,102400,8130,124.24
10000,1048576,6291,1963.78
10000,10240,9636,100.44
10000,1048576,4818,1283.91
10000,102400,427,130.62
10000,102400,7533,119.59
10000,1048576,9186,889.41
10000,102400,8088,131.21
10000,102400,9316,117.42
10000,1048576,1475,776.31
1000,102400,26,126.31
1000,10485760,18,4340.46
10000,10240,929,118.42
10000,10240,789,110.68
10000,1048576,1393,736.56
10000,10240,1713,118.23
10000,102400,7601,122.24
10000,102400,4062,127.02
1000,102400,794,117.09
10000,102400,119,111.62
10000,102400,3492,117.82
10000,102400,8437,113.32
10000,10240,17,111.32
1000,10485760,878,4199.69
10000,1048576,8481,3907.15
10000,102400,7712,125.55
1000,10485760,119,4432.03
10000,10240,8349,114.01
10000,102400,3878,118.37
1000,10240,710,104.01
10000,1048576,9172,796.32
10000,1048576,8155,713.28
10000,10240,9502,108.57
10000,1048576,768,821.34
100,10485760,2,4361.93
10000,102400,1458,155.72
10000,10240,2579,199.35
1000,102400,946,112.34
10000,102400,4604,115.51
10000,1048576,3097,890.70
10000,10240,1996,107.72
10000,102400,7943,103.72
10000,10240,1594,99.39
10000,102400,407,114.36
1000,10485760,728,3556.65
10000,102400,790,128.43
10000,102400,8549,106.22
1000,10240,136,104.47
10000,102400,1113,115.80
10000,102400,2664,115.89
10000,102400,4481,114.03
10000,10240,1961,100.89
10000,102400,4943,124.68
10000,10240,9929,103.55
10000,102400,3576,118.47
10000,102400,5441,115.72
10000,1048576,5883,858.22
10000,10240,9946,108.04
10000,102400,109,114.33
10000,102400,9049,116.04
10000,1048576,6082,882.08
10000,102400,9185,127.77
10000,10240,7773,103.24
10000,102400,2887,121.50
10000,102400,1104,119.87
10000,102400,6500,115.53
10000,102400,8973,116.24
10000,102400,7825,115.33
10000,102400,3936,123.48
10,10240,3,99.56
10000,1048576,8749,810.98
10000,10240,555,109.56
10000,1048576,7253,729.49
10000,1048576,4209,746.61
10000,10240,3987,104.71
10000,1048576,9613,894.52
1000,10240,361,107.95
10000,1048576,1472,772.86
10000,102400,8833,133.76
10000,102400,5544,109.67
10000,102400,2213,114.68
10000,10240,8467,295.76
10000,1048576,5988,806.01
1000,1048576,296,804.97
10000,102400,6207,130.77
1000,1048576,855,789.73
10000,1048576,27,734.73
10000,10240,3906,114.65
10000,10240,3288,108.75
10000,102400,1368,123.32
10000,1048576,330,810.92
10000,1048576,3266,914.98
10000,102400,4342,126.61
10000,1048576,9568,1492.86
10000,10240,3468,107.25
10000,102400,5764,120.52
1000,1048576,176,2243.02
10000,102400,6826,233.43
10000,10240,6285,103.64
10000,102400,6385,115.96
10000,102400,610,122.61
10000,10240,6723,106.44
10000,10240,9466,107.33
10000,1048576,9489,906.07
10000,10240,6845,109.21
1000,102400,801,123.32
10000,10240,868,107.11
10000,1048576,6222,848.66
10000,10240,7614,112.64
10000,102400,9632,125.41
10000,10240,283,99.13
1000,102400,644,125.43
10000,10240,896,109.16
10000,1048576,6463,719.65
1000,10240,726,111.52
1000,10485760,806,3914.56
100,10485760,68,4465.24
1000,10240,297,121.45
10000,10240,6866,106.78
10000,102400,8311,113.71
10000,10240,8343,104.25
10000,10240,6876,106.66
100,10485760,94,4666.09
10000,1048576,4969,737.42
10000,102400,976,126.68
10000,10240,3749,101.90
10000,102400,590,119.82
10000,102400,5607,117.11
10000,10240,9658,99.20
10000,10240,2161,105.86
10000,102400,60,117.28
1000,102400,319,119.07
10000,102400,1604,117.81
10000,1048576,3748,731.25
1000,10485760,646,8865.98
10000,10240,1163,114.05
10000,102400,475,213.52
10000,10240,2670,197.79
10000,10240,5502,193.59
10000,10240,5807,97.22
10000,10240,9369,99.27
10000,1048576,4655,3021.37
10000,1048576,7392,516.34
10000,10240,1128,104.71
10000,1048576,73,854.29
10000,102400,3857,263.93
10000,102400,1613,111.65
10000,10240,1002,98.45
10000,1048576,2375,833.71
10000,10240,5096,111.00
10000,10240,681,95.84
10000,1048576,6806,836.88
10000,10240,268,116.63
10000,1048576,1367,619.40
10000,10240,4609,108.56
10000,102400,9681,128.92
10000,10240,4623,106.41
10000,10240,6193,100.76
10000,1048576,9686,744.37
10000,1048576,6560,566.76
10000,10240,9888,110.44
10000,10240,2246,93.49
10000,10240,8481,107.34
10000,102400,2939,112.60
1000,102400,650,110.23
10000,1048576,2547,820.12
10000,102400,2937,127.70
10000,10240,2608,105.95
10000,1048576,8526,730.73
10000,102400,1833,130.91
10000,1048576,4800,579.65
10000,102400,9536,136.68
10000,1048576,6856,603.69
10000,102400,8946,126.56
10000,1048576,9320,919.21
1000,102400,296,125.64
10000,102400,3548,120.11
10000,102400,7052,119.76
10000,10240,7331,105.39
10000,102400,9516,120.72
10000,102400,6805,111.93
10000,1048576,9189,867.06
10000,10240,5190,107.49
10000,10240,6377,98.08
10000,10240,3831,97.34
10000,102400,4713,115.51
10000,102400,6680,115.43
10000,1048576,9523,719.00
10000,102400,1727,124.03
10000,102400,881,124.07
10000,102400,2056,113.77
10000,1048576,744,811.63
1000,1048576,305,631.18
10000,10240,5590,104.60
10000,102400,9595,132.49
10000,10240,7309,106.36
10000,1048576,2333,730.17
10000,1048576,1480,726.51
10000,1048576,5181,609.04
10000,102400,425,126.49
10000,10240,2865,111.72
10000,102400,5870,121.51
10000,10240,4320,121.84
1000,10240,156,104.14
10000,1048576,2639,821.73
1000,10240,746,110.44
10000,1048576,384,851.05
10000,10240,2183,116.08
10000,1048576,9387,977.42
10000,102400,8253,124.65
10000,10240,672,112.37
10000,10240,9864,107.78
10000,102400,823,119.27
10000,1048576,5907,957.29
1000,1048576,757,819.03
10000,1048576,7151,699.09
10000,10240,8518,114.32
10000,102400,6488,121.84
10000,10240,692,108.73
10000,1048576,1222,752.01
10000,1048576,8089,817.79
1000,102400,120,132.37
10000,102400,3780,128.49
10000,10240,8183,101.72
10000,102400,5507,115.27
10000,102400,988,120.62
10000,102400,3062,128.16
10000,1048576,4731,828.68
10000,1048576,9295,869.59
10000,102400,4761,121.83
10000,10240,1969,101.59
10000,102400,486,119.63
10000,102400,8202,114.87
100,1048576,75,853.14
10000,1048576,1069,922.55
10000,1048576,2530,834.26
10000,10240,3992,112.29
10000,10240,2506,100.34
10000,1048576,958,708.34
10000,10240,6840,108.88
10000,10240,1437,103.22
10000,1048576,2574,796.42
10000,10240,4849,111.92
10000,102400,2380,123.53
10000,10240,7359,103.51
10000,102400,735,117.25
10000,1048576,3731,889.07
1000,1048576,747,720.49
10000,102400,5745,123.32
10000,1048576,6885,498.96
1000,1048576,674,681.25
10000,10240,4379,112.35
10000,102400,2064,117.51
10000,1048576,9869,576.30
10000,10240,6107,103.52
10000,10240,129,102.49
10000,102400,1434,121.06
10000,102400,3590,126.79
10000,1048576,4514,798.85
100,10240,18,105.63
10000,10240,4848,106.42
1000,10240,555,104.49
10000,102400,657,113.15
10000,102400,4982,116.57
10000,1048576,8077,713.51
10000,1048576,6306,554.54
10000,102400,7725,123.11
10000,10240,6977,97.58
1000,10240,982,112.63
10000,1048576,9940,775.62
10000,102400,6449,125.38
10000,102400,7050,110.89
10000,102400,6804,108.16
10000,102400,4901,108.20
10000,1048576,3900,837.86
10000,10240,2399,113.06
1000,1048576,218,481.43
10000,102400,287,119.48
100,1048576,35,572.74
1000,102400,449,120.88
10000,1048576,617,603.06
1000,1048576,172,815.62
10000,1048576,796,830.76
10000,10240,450,113.43
10000,10240,2915,112.60
10000,102400,5779,121.84
10000,10240,1456,96.52
10000,102400,6459,117.08
1000,10240,287,100.51
10000,1048576,2581,793.35
1000,102400,765,129.11
10000,1048576,6945,728.65
10000,102400,5538,130.50
10000,1048576,4179,778.10
10000,102400,2969,129.06
10000,10240,8615,101.73
10000,1048576,7891,738.59
10000,1048576,9340,726.31
10000,10240,786,106.97
100,1048576,47,849.70
10000,1048576,8470,574.02
10000,1048576,7764,729.76
1000,102400,648,120.14
10000,10240,5146,119.92
10000,102400,8641,115.13
10000,10240,2228,101.47
10000,102400,9095,115.57
10000,102400,8143,119.25
10000,1048576,3360,728.50
10,10485760,0,4205.81
1000,1048576,426,592.40
10000,102400,7750,127.09
10000,1048576,9976,682.32
10000,10240,9123,106.18
10000,1048576,6225,507.62
10000,1048576,7914,574.42
10000,10240,2391,109.36
10000,1048576,3162,683.81
1000,10240,613,108.81
10000,102400,8558,125.36
10000,102400,4297,113.74
10000,1048576,6083,803.87
10000,102400,2905,119.58
1000,1048576,451,673.85
10000,102400,1342,116.64
10000,1048576,1776,889.12
1000,102400,968,123.89
10000,1048576,343,558.81
10000,10240,5018,110.74
10000,10240,6307,106.03
10000,10240,6810,112.15
10000,10240,3087,110.36
1000,102400,612,117.86
10000,102400,5655,114.74
10000,102400,3938,114.75
10000,10240,602,106.50
1000,10485760,153,3261.94
10000,1048576,8201,548.14
10000,1048576,3702,754.20
10000,102400,2499,123.28
10000,10240,8131,111.08
10000,1048576,9015,832.78
10000,102400,4710,124.50
10000,1048576,689,649.19
10000,1048576,1100,714.47
1000,10485760,778,4421.85
10000,1048576,1162,838.03
10000,1048576,5897,697.65
10000,1048576,1841,716.94
10000,10240,3012,110.56
10000,10240,3869,104.13
10000,102400,9063,121.19
10000,1048576,2368,919.68
10000,102400,9749,120.89
10000,10240,1677,100.36
10000,10240,7491,109.98
10000,102400,869,107.75
1000,10240,146,97.25
10000,102400,1986,119.90
10000,1048576,3596,854.07
10000,102400,4522,241.25
10000,10240,2017,105.97
10000,102400,3395,116.79
10000,102400,9633,116.88
10000,1048576,5007,762.49
100,1048576,69,747.59
10000,10240,7069,108.40
10000,10240,320,101.26
10000,1048576,7999,892.56
10000,10240,8402,111.25
10000,10240,7682,97.97
1000,10240,51,101.75
10000,1048576,5438,829.93
10000,10240,1894,114.91
10000,1048576,6063,715.27
10000,10240,483,111.73
10000,1048576,9928,722.30
10000,10240,9158,109.39
10000,102400,4947,123.56
10000,10240,9152,102.65
10000,1048576,8563,926.76
100,104857600,65,34235.97
10000,1048576,813,1209.78
10000,102400,5313,263.12
10000,10240,1980,202.56
1000,102400,954,107.96
10000,10240,2780,224.05
10000,10240,2053,208.71
10000,102400,865,123.81
10000,1048576,1349,1407.33
10000,102400,1773,126.60
10000,1048576,3680,1338.65
1000,1048576,40,1094.33
10000,1048576,2043,791.57
10000,1048576,4049,789.19
10000,102400,4993,130.13
10000,1048576,8811,496.89
1000,102400,132,134.01
10000,1048576,9070,789.72
10000,10240,9257,107.17
10000,102400,1395,104.83
10000,1048576,1659,780.82
10000,1048576,9670,723.19
10000,1048576,8181,637.70
10000,102400,885,120.80
10000,1048576,7632,602.11
10000,102400,3939,124.16
10000,102400,1221,117.61
10000,1048576,268,900.37
10000,102400,1032,127.62
10000,102400,834,124.79
1000,1048576,44,846.16
10000,102400,5136,133.10
10000,10240,6159,104.05
10000,102400,1649,120.31
10000,10240,8401,105.59
1000,102400,64,117.15
10000,10240,1374,104.61
10000,10240,3991,100.06
10000,10240,9186,112.85
10000,102400,5658,122.19
10000,10240,6647,103.80
10000,102400,140,119.48
10000,102400,3789,118.03
1000,10240,127,103.04
10000,1048576,9221,889.03
10000,1048576,346,722.37
10000,102400,7000,131.14
10000,10240,2551,102.80
10000,10240,4061,111.87
10000,10240,3320,103.47
10000,10240,4106,99.40
10000,1048576,6638,788.52
10000,102400,3565,133.27
10000,10240,2304,104.82
10000,102400,783,119.46
10000,1048576,8255,839.30
10000,1048576,2127,683.33
10000,1048576,6748,747.46
10000,102400,860,131.90
10000,102400,779,123.22
10000,10240,5840,97.78
10000,1048576,518,768.63
10000,1048576,6350,754.63
1000,10485760,991,3730.76
10000,10240,6286,121.02
10000,102400,1428,120.32
10000,1048576,1003,710.32
10000,10240,4054,113.94
10000,102400,5224,119.08
10000,10240,4362,102.69
10000,102400,8315,126.38
10000,102400,7170,213.72
100,1048576,18,824.14
10000,1048576,9587,697.12
10000,102400,533,123.35
10000,1048576,3670,498.13
10000,1048576,9202,733.06
10000,1048576,560,947.11
10000,1048576,1585,16845.30
10000,1048576,6280,1012.12
1000,10240,753,154.47
10000,102400,3512,118.84
10000,1048576,6870,966.56
10000,102400,9559,233.26
10000,102400,6458,121.12
1000,10485760,676,4287.51
1000,10485760,121,4365.72
10000,10240,915,116.44
10000,1048576,4180,558.43
1000,1048576,359,839.17
1000,1048576,447,604.38
10000,102400,2111,222.31
10000,1048576,3463,761.64
1000,10485760,221,3192.36
10000,10240,9168,231.43
1000,10485760,288,3592.69
10000,10240,7792,107.57
10000,10240,1064,95.61
10000,102400,1245,121.84
1000,1048576,220,803.07
10000,102400,483,154.64
1000,102400,721,121.61
10000,10240,5460,101.83
10000,1048576,1182,36865.16
10000,10240,1668,368.46
1000,1048576,631,775.87
10000,102400,5356,127.58
10000,10240,8995,110.21
10000,10240,4282,107.95
1000,10485760,39,3771.62
10000,1048576,4215,1039.64
10000,102400,8672,131.58
1000,1048576,918,790.20
10000,1048576,7386,542.56
10000,102400,9399,122.66
10000,10240,3399,101.23
10000,102400,5552,118.14
10000,10240,9669,104.30
10000,1048576,8882,917.81
10000,102400,2121,136.05
10000,1048576,4562,796.83
10000,1048576,3781,541.96
10000,102400,1883,122.62
10000,1048576,9156,799.34
10000,102400,8539,133.57
10000,102400,4911,121.51
100,10240,19,100.41
10000,10240,3367,100.77
10000,10240,6144,99.90
10000,1048576,521,696.75
10000,10240,7569,113.08
10000,1048576,2369,718.69
10000,10240,9252,114.23
10000,10240,6118,103.55
10000,1048576,6817,870.88
10000,10240,4277,102.55
10000,102400,6674,115.23
10000,102400,5293,115.95
10000,1048576,7599,794.99
1000,1048576,101,670.90
10000,10240,3802,101.67
10000,1048576,7179,886.39
10000,10240,890,103.64
10000,102400,7644,129.95
10000,102400,95,120.80
10000,102400,6244,116.71
10000,102400,7972,428.86
10000,1048576,9227,924.23
10000,1048576,9461,725.33
10000,1048576,1405,721.61
10000,1048576,2767,774.56
10000,10240,3877,110.46
10000,1048576,3999,732.60
10000,10240,6478,110.37
10000,102400,7904,116.27
10000,102400,8595,119.75
10000,10240,7936,98.02
10000,10240,5123,94.67
10000,1048576,6220,696.44
10000,102400,6338,123.57
10000,1048576,9378,715.93
10000,1048576,8373,771.23
1000,10485760,825,4153.93
1000,10485760,715,3149.72
10000,1048576,5469,628.30
10000,1048576,5722,543.11
10000,1048576,7962,730.70
10000,102400,2625,134.49
10000,10240,8561,204.06
10000,1048576,4327,883.69
1000,1048576,843,848.15
10000,1048576,1633,773.98
10000,1048576,766,881.26
10000,1048576,1613,481.04
1000,1048576,313,693.53
10000,10240,3378,114.09
10000,1048576,9086,738.41
1000,1048576,899,776.88
10000,10240,9328,112.29
10000,102400,6104,122.83
1000,10485760,416,3722.57
1000,102400,129,131.11
10000,1048576,226,824.57
10000,102400,4275,127.49
1000,10240,243,104.61
10000,102400,8329,124.82
1000,10240,558,100.76
10000,10240,8308,100.83
1000,10485760,400,4047.62
10000,1048576,9873,911.57
10000,10240,710,107.51
10000,1048576,9004,791.59
10000,1048576,7657,805.37
10000,1048576,4792,822.38
1000,1048576,999,536.49
10000,102400,618,128.35
10000,10240,8757,101.43
10000,10240,4840,95.15
10000,10240,5915,97.41
10000,10240,2536,112.06
10000,1048576,9606,678.83
10000,10240,6334,116.05
10000,1048576,8663,614.26
10000,102400,1661,126.46
10000,102400,4251,120.59
10000,10240,1606,97.19
10000,10240,8232,97.33
10000,10240,7217,201.80
10000,102400,9699,119.80
1000,10240,188,103.47
10000,10240,8121,104.87
10000,102400,3364,111.87
1000,1048576,273,805.83
10000,1048576,1248,800.77
10000,10240,1829,116.98
10000,1048576,1206,689.53
1000,10485760,245,3398.65
10000,102400,5650,132.85
10000,1048576,4302,725.34
10000,1048576,3952,560.19
10000,1048576,4114,487.34
10000,10240,8319,109.31
1000,102400,734,111.99
10000,1048576,279,730.51
10000,102400,3225,129.76
10000,10240,2092,108.74
10000,102400,5777,114.88
10000,10240,8929,91.63
10000,102400,1196,117.17
10000,1048576,1260,757.35
10000,102400,245,131.82
10000,10240,3536,90.36
10000,1048576,2968,734.15
10000,1048576,9494,564.74
10000,102400,4528,139.84
10000,1048576,316,521.00
10000,10240,6711,100.37
10000,1048576,9733,556.88
10000,1048576,5573,729.78
10000,102400,9068,130.14
10000,10240,7284,106.06
10000,102400,5140,113.02
10000,1048576,7822,710.43
10000,10240,8793,107.49
10000,1048576,4900,586.34
10000,102400,4556,114.72
10000,1048576,3059,729.40
10000,1048576,8625,607.95
10000,1048576,5224,509.07
10000,10240,104,102.86
10000,1048576,9199,503.35
10000,10240,8405,101.96
10000,102400,781,115.67
10000,102400,7248,117.06
10000,102400,8439,123.82
10000,10240,9979,103.43
10000,1048576,6506,727.45
10000,102400,3827,120.81
10000,102400,3262,114.20
10000,102400,4886,111.19
10000,1048576,244,835.05
10000,102400,5682,124.75
10000,102400,4638,108.08
10000,1048576,3774,735.52
10000,102400,3943,116.06
10000,10240,7745,98.56
10000,10240,3341,91.37
10000,10240,6131,98.01
10000,10240,5493,103.89
10000,10240,2335,107.35
10000,1048576,3852,682.14
100,102400,24,136.53
10000,102400,6607,112.34
10000,10240,4717,95.97
10000,10240,8104,99.48
10000,102400,8182,114.35
10000,1048576,6749,880.44
10000,102400,7820,124.37
10000,1048576,3790,867.01
10000,1048576,9485,687.00
10000,102400,2092,127.60
1000,102400,3,101.11
10000,10240,9203,99.12
10000,102400,5253,115.17
10000,10240,4815,95.42
1000,10485760,682,3423.15
10000,10240,621,113.89
10000,1048576,5878,724.00
10000,10240,4429,112.08
10000,10240,8179,105.38
10000,102400,3537,109.87
10000,102400,6384,113.20
10000,102400,2706,121.06
10000,1048576,3206,753.72
10000,102400,7670,130.52
10000,10240,3587,101.38
10000,102400,715,117.42
10000,1048576,2230,802.58
10000,1048576,2014,829.88
10000,1048576,9868,780.63
10000,10240,6274,108.51
10000,102400,6752,111.77
10000,10240,2443,98.54
10000,102400,356,112.66
10000,10240,2631,105.55
10000,102400,5751,115.85
10000,1048576,1560,716.27
10000,1048576,358,721.61
1000,102400,9,123.73
10000,102400,8993,104.64
10000,102400,5040,121.85
10000,10240,2388,103.43
10000,1048576,2438,694.30
10000,1048576,8518,731.42
10000,10240,5094,106.55
10000,1048576,4512,802.52
1000,10485760,209,3084.46
10000,10240,2169,113.68
10000,102400,3228,114.78
10000,102400,3910,114.27
10000,10240,9803,102.22
10000,102400,300,116.61
10000,102400,1436,117.15
10000,1048576,7160,687.04
1000,102400,791,125.66
10000,10240,2482,111.27
10000,102400,3950,118.74
10000,10240,7662,97.80
10000,10240,9954,102.85
1000,1048576,575,798.43
10000,10240,2669,112.57
10000,1048576,2653,1011.01
10000,10240,6270,109.77
10000,10240,2561,106.52
10000,1048576,6570,725.04
10000,10240,7281,109.07
10000,10240,1182,104.64
1000,102400,91,109.94
10000,102400,4893,111.07
10000,102400,4632,116.47
10000,102400,9428,114.53
10000,1048576,7732,690.76
10000,10240,6853,109.93
1000,10240,424,98.37
10000,102400,8082,121.60
10000,10240,7892,96.67
10000,102400,2226,114.24
10000,102400,763,119.97
10000,102400,3657,123.70
10000,10240,2023,100.28
10000,102400,3595,116.42
10000,1048576,982,895.14
10000,102400,7886,127.52
10000,1048576,5696,861.04
10000,10240,624,107.83
10000,10240,2114,103.34
10000,1048576,9242,831.19
10000,10240,6663,110.80
10000,102400,6684,127.38
10000,102400,3511,117.37
10000,102400,152,118.40
10000,1048576,8664,787.41
10000,10240,336,106.83
1000,10485760,791,3850.45
10000,102400,8096,127.66
10000,102400,4726,117.11
10000,10240,7404,97.81
10000,102400,2284,122.17
10000,102400,7933,122.95
10000,102400,5173,119.53
10000,102400,696,114.18
10000,1048576,747,770.57
10000,1048576,5704,707.17
10000,1048576,2488,730.00
10000,1048576,9920,690.47
1000,10240,451,105.58
10000,10240,987,102.72
10000,10240,5118,98.96
10000,1048576,6159,747.24
10000,102400,3832,121.56
10000,10240,2432,98.39
10000,1048576,9174,735.65
10000,1048576,9222,803.78
10000,1048576,6649,795.93
1000,1048576,446,870.09
10000,102400,4084,124.44
10000,10240,2333,97.11
10000,1048576,9058,743.97
10000,1048576,8513,732.56
1000,10240,704,113.50
1000,102400,596,125.09
10000,102400,4533,112.49
10000,1048576,8156,728.42
10000,10240,1631,112.77
10000,1048576,167,660.03
10000,1048576,5598,733.13
1000,10485760,238,3274.78
10000,102400,3070,128.77
10000,102400,233,115.42
10000,10240,5003,100.54
10000,1048576,9760,761.61
10000,1048576,9101,506.72
10000,10240,9304,98.56
10000,10240,9815,105.17
1000,10240,948,94.55
10000,102400,2960,110.16
10000,102400,659,119.93
10,102400,9,123.76
1000,102400,974,117.80
10000,1048576,4524,826.39
10000,102400,51,127.90
1000,1048576,495,606.29
10000,1048576,6026,511.49
10000,10240,3923,105.55
10000,1048576,6397,679.03
10000,1048576,7289,511.26
10000,10240,1992,108.39
10000,1048576,9730,648.00
10000,10240,9993,100.45
10000,102400,1673,116.42
10000,102400,931,121.66
10000,1048576,5681,984.02
10000,10240,7680,113.49
10000,1048576,6158,551.08
10000,102400,4904,121.33
10000,1048576,5319,490.71
10000,10240,5278,102.86
10000,102400,2005,118.45
1000,102400,294,111.98
10000,102400,686,116.16
10000,1048576,6020,687.79
10000,1048576,3087,632.08
1000,102400,352,122.34
10000,1048576,8029,753.07
10000,102400,3959,118.14
1000,10240,358,88.79
10000,10240,4049,91.73
10000,10240,646,103.89
10000,102400,8556,120.38
10000,102400,5097,129.00
100,1048576,29,846.73
1000,102400,606,121.19
10000,102400,5447,115.23
10000,1048576,1679,719.55
1000,1048576,177,771.18
10000,10240,6671,110.86
10000,10240,7313,98.53
10000,10240,1188,102.12
1000,102400,543,112.50
10000,10240,1127,99.43
10000,1048576,8712,750.69
10000,10240,1612,107.73
10000,102400,4537,116.84
10000,1048576,4074,723.30
10000,10240,1098,108.45
10000,1048576,3634,674.78
10000,10240,2570,107.19
10000,1048576,6889,699.70
10000,102400,5804,116.05
10000,10240,3099,100.48
10000,102400,3326,121.78
10000,102400,6785,114.90
10000,10240,1649,101.40
10000,1048576,207,749.93
10000,1048576,4389,663.42
10000,1048576,6343,794.13
1000,102400,969,128.17
10000,10240,1407,96.30
10000,102400,6772,107.75
10000,102400,9659,114.06
10000,1048576,8213,741.24
10000,10240,2934,108.21
10000,102400,3022,124.73
10000,1048576,5010,760.58
10000,102400,6676,129.37
10000,102400,3429,115.74
10000,1048576,181,676.19
10000,1048576,1430,701.82
10000,102400,6527,136.03
1000,10240,470,101.29
10000,10240,9195,98.81
10000,1048576,5161,782.39
1000,1048576,197,523.46
10000,10240,9147,107.73
10000,1048576,4090,676.18
10000,1048576,5749,540.12
10000,102400,8990,119.11
10000,1048576,4716,595.86
10000,1048576,9565,550.89
10000,10240,2024,101.76
10000,1048576,1371,25621.53
100,1048576,77,846.27
10000,1048576,401,760.52
10000,1048576,429,872.30
10000,10240,7402,230.61
10000,102400,987,126.85
10000,1048576,4319,593.83
10000,1048576,9215,661.23
10000,10240,8714,101.58
10000,10240,599,95.67
1000,102400,406,228.56
10000,10240,9853,97.46
1000,10240,35,108.53
10000,10240,2977,100.30
10000,10240,9298,112.95
10000,1048576,7126,863.91
10000,1048576,3669,630.85
1000,102400,545,136.16
10000,1048576,583,645.69
10000,102400,9792,132.11
10000,10240,2044,102.67
10000,102400,6091,114.30
10000,102400,3599,121.75
10000,102400,7656,249.91
10000,1048576,4249,732.01
10000,1048576,8534,713.55
10000,10240,6617,110.52
10000,1048576,2763,737.68
10000,10240,2900,112.21
10000,10240,6503,99.19
100,10240,64,104.97
10000,10240,882,100.47
1000,10240,117,112.45
10000,102400,3407,121.29
10000,10240,6147,103.52
10000,1048576,852,704.44
1000,10485760,547,3553.07
10000,102400,160,138.18
10000,102400,9415,112.39
10000,102400,3958,115.53
10000,10240,5887,108.48
10000,1048576,6356,911.78
10000,10240,5082,112.13
1000,10485760,895,4361.57
10000,102400,5108,138.55
10000,10240,9271,99.41
10000,1048576,8449,908.27
10000,1048576,5223,967.38
10000,1048576,1170,848.97
10000,10240,8669,113.07
10000,1048576,5211,938.35
10000,1048576,4263,775.55
10000,1048576,3125,754.61
10000,1048576,4109,678.49
10000,1048576,8016,942.33
10000,102400,364,124.28
10000,102400,4732,120.87
10000,1048576,4896,749.16
10000,1048576,7976,753.06
10000,102400,681,124.64
10000,1048576,1735,900.86
10000,1048576,347,849.34
10000,102400,7207,128.84
10000,102400,4534,116.90
10000,102400,4183,130.80
10000,102400,1471,117.33
10000,102400,5582,126.20
10000,10240,731,102.17
10000,10240,4201,105.79
10000,10240,4246,106.71
10000,10240,2620,101.78
10000,102400,4408,122.63
10000,102400,1438,117.61
10000,1048576,345,765.04
10000,102400,1675,131.22
100,102400,78,118.58
10000,1048576,7129,874.60
10000,102400,3075,135.49
1,102400,0,127.96
10000,10240,5321,109.14
10000,10240,6629,105.50
10000,102400,7278,120.10
1000,10485760,907,4400.56
100,102400,43,140.56
10000,1048576,2403,848.99
10000,10240,9125,119.42
10000,1048576,1470,742.30
10000,10240,7064,113.65
10000,1048576,3445,813.74
10000,102400,7,134.32
10000,10240,7078,97.84
10000,102400,8596,128.35
10000,10240,4542,107.93
10000,1048576,5663,796.16
10000,1048576,1963,537.53
10000,102400,6315,119.71
10000,102400,9418,123.75
10000,102400,5096,122.06
10000,102400,8481,113.29
1000,10240,435,113.78
10000,1048576,5316,690.80
10000,102400,9994,120.77
1000,10240,803,100.25
10000,10240,8002,103.70
10000,102400,2091,117.75
10000,10240,8436,106.08
10000,1048576,5855,824.20
10000,102400,8632,126.17
10000,1048576,3074,1024.74
10000,10240,9383,109.21
10000,102400,4127,126.01
10000,10240,5989,101.17
10000,102400,116,120.76
10000,102400,2772,116.84
10000,10240,2019,98.96
1000,10485760,365,4133.87
10000,10240,7048,112.42
10000,10240,2018,88.50
10000,102400,2219,118.74
10000,102400,6930,117.96
10000,10240,2455,105.32
10000,102400,2553,117.10
10000,1048576,4754,757.43
10000,10240,8951,107.98
10000,102400,3120,121.31
10000,10240,3680,103.38
10000,102400,9131,130.53
10000,1048576,4259,809.62
10000,1048576,7106,783.86
10000,102400,9960,146.55
10000,10240,1233,101.71
10000,102400,8414,115.26
10000,1048576,5439,871.64
10000,1048576,6213,1151.32
100,1048576,78,834.81
10000,10240,6295,111.89
10000,10240,4203,98.80
10000,1048576,7875,910.44
10000,102400,7923,121.08
10000,1048576,2978,807.00
10000,102400,3751,128.16
10000,10240,3921,98.84
10000,1048576,394,865.48
10000,1048576,9109,729.79
1000,10485760,319,3735.97
10000,10240,4404,113.80
10000,102400,8769,104.73
10000,10240,8020,93.87
10000,1048576,8995,903.43
10000,10240,4770,103.80
10000,10240,6043,100.95
10000,1048576,2007,711.98
10000,102400,4167,121.22
10000,102400,1067,116.76
10000,1048576,9059,880.99
10000,102400,5726,126.22
10000,10240,7736,104.00
10000,102400,3444,124.76
10000,1048576,7735,794.43
10000,1048576,5141,903.00
10000,102400,4858,131.84
10000,102400,9855,125.72
10000,10240,3125,101.00
10000,1048576,7167,718.35
10000,102400,2296,131.74
10000,10240,7171,100.77
10000,102400,3179,121.39
10000,102400,5482,108.91
100,104857600,99,32464.84
10000,10240,5222,374.51
10000,1048576,8952,876.20
10000,1048576,7052,997.91
10000,102400,6278,281.01
10000,10240,7496,107.91
1000,102400,935,229.80
10000,1048576,3186,747.71
1000,102400,474,133.57
10000,1048576,14,918.98
10000,1048576,5800,809.22
10000,102400,9344,133.43
10000,1048576,1656,854.39
1000,10240,702,121.32
10000,1048576,951,666.82
10000,10240,7541,116.16
10000,10240,5363,107.72
10000,102400,8112,117.17
10000,10240,4534,106.76
10000,102400,4372,122.26
10000,102400,1381,120.56
10000,10240,8566,102.37
10000,1048576,734,751.05
10000,1048576,6145,625.23
10000,102400,2306,122.78
1000,102400,726,121.16
10000,10240,8797,110.22
10000,10240,3395,102.77
10000,10240,2638,107.95
10000,102400,9886,123.46
10000,1048576,0,791.00
10000,102400,4621,138.87
10000,102400,460,117.46
10000,102400,7103,115.17
10000,102400,7227,118.82
10000,10240,7110,104.55
10000,1048576,9142,716.17
10000,10240,9365,114.48
10000,1048576,6769,891.37
1000,1048576,749,877.73
10000,102400,4686,130.66
1000,102400,237,114.33
1000,102400,667,115.58
10000,1048576,7073,775.37
10000,102400,836,130.60
10000,1048576,8769,691.57
10000,10240,6625,141.42
10000,10240,7244,101.74
10000,10240,8896,116.76
10000,1048576,5342,717.94
10000,102400,5786,128.30
10000,1048576,6500,775.00
10000,10240,2945,120.26
1000,102400,635,121.07
10000,1048576,5608,942.81
10000,102400,6150,131.29
10000,102400,6285,126.38
10000,1048576,6785,765.83
100,10485760,47,3939.11
100,104857600,19,39177.52
10000,10240,2970,261.51
10000,10240,6924,250.69
10000,10240,5051,126.41
10000,10240,3128,105.56
1000,1048576,509,914.18
10000,1048576,3045,633.72
1000,10240,888,116.39
10000,102400,2537,141.91
10000,102400,9157,119.66
10000,10240,4571,103.12
10000,1048576,1318,895.22
1000,102400,496,140.22
10000,1048576,3613,732.82
10000,1048576,4400,907.31
1000,10485760,701,4055.78
10000,10240,7734,117.25
10000,102400,2544,116.21
10000,1048576,3010,719.75
10000,10240,7165,127.28
10000,10240,790,134.24
10000,1048576,7623,745.80
10000,10240,9116,114.87
10000,1048576,8378,726.03
10000,102400,8618,136.03
10000,102400,5863,122.98
10000,10240,8867,113.58
10000,10240,8849,100.51
10000,1048576,9996,721.81
10000,102400,8666,132.98
10000,10240,9849,103.91
10000,10240,7469,107.82
10000,1048576,227,734.20
10000,10240,8729,119.13
10000,1048576,6750,708.32
100,10485760,12,3318.60
10000,102400,1233,126.52
10000,102400,549,112.90
10000,102400,9917,110.09
10000,102400,6245,113.21
10000,10240,9576,101.31
10000,10240,7809,104.20
10000,10240,6890,98.37
10000,10240,3998,106.11
10000,10240,1026,106.49
1000,10485760,767,4014.14
1000,10240,947,113.39
10000,10240,8679,93.54
10000,10240,7297,106.91
10000,10240,133,97.72
10000,102400,5444,123.96
10000,10240,7886,96.30
10000,1048576,400,859.25
1000,102400,577,128.84
10000,102400,131,114.82
10000,10240,6877,101.95
10000,102400,6436,111.69
1000,1048576,824,733.08
10000,1048576,9305,764.22
10000,1048576,305,752.12
10000,1048576,5588,776.92
10000,10240,1458,107.12
10000,102400,6289,124.51
10000,1048576,659,814.47
10000,102400,3436,123.90
10000,10240,2354,101.82
10000,102400,7823,106.30
10000,1048576,572,821.76
10000,10240,4585,107.83
10000,10240,548,101.55
10000,102400,2501,116.23
10000,10240,6594,106.30
1000,10485760,133,3793.84
10000,10240,1512,108.28
10000,102400,4157,113.32
10000,10240,8966,108.12
10000,10240,9553,103.88
10000,1048576,3707,734.68
10000,1048576,1953,708.33
10000,1048576,3939,738.42
10000,10240,6121,109.59
10000,10240,1876,96.38
10000,10240,5078,101.44
10000,1048576,1017,889.50
10000,10240,7168,107.19
1000,10485760,71,3776.46
10000,102400,3791,135.23
10000,102400,7610,120.21
10000,10240,964,102.11
10000,1048576,7814,686.77
10000,1048576,5584,649.45
10000,1048576,8425,863.71
10000,102400,9487,127.48
10000,10240,9292,102.48
10000,102400,7810,112.74
10000,1048576,4073,712.03
10000,1048576,2997,818.60
10000,102400,6238,133.93
10000,1048576,5337,729.66
10000,102400,378,131.40
10000,10240,7494,99.20
10000,1048576,2931,747.51
10000,10240,390,112.44
10000,10240,3224,103.56
10000,102400,3694,118.05
10000,1048576,2028,847.60
10000,1048576,5216,545.15
10000,10240,3710,116.18
10000,102400,4386,113.84
10000,102400,9518,118.27
10000,10240,950,104.48
10000,102400,2616,122.46
10000,102400,6841,120.38
10000,102400,2184,110.39
10000,10240,3650,95.10
10000,10240,5708,103.58
10000,102400,7287,114.25
100,10240,25,105.56
10000,102400,247,116.05
10000,10240,5397,102.29
1000,102400,539,112.96
1000,1048576,207,832.39
10000,1048576,7949,793.08
10000,1048576,8568,768.84
10000,102400,6168,125.93
10000,1048576,8456,772.31
10000,10240,9520,108.58
1000,10485760,795,3459.56
10000,102400,977,128.49
10000,1048576,3163,853.88
1000,10485760,123,4543.40
10000,102400,8457,120.80
1000,1048576,237,565.22
10000,1048576,5693,761.54
10000,10240,9477,120.58
10000,1048576,7553,530.36
1000,10240,561,106.87
10000,10240,4343,94.60
10000,102400,5053,125.16
10000,1048576,3476,868.67
10000,10240,1987,110.17
10000,1048576,902,633.69
10000,102400,2423,116.05
1000,10485760,264,3375.06
10000,10240,24,113.98
10000,1048576,5899,571.28
10000,10240,3437,100.26
1000,10485760,498,3662.13
10000,102400,6766,132.46
10000,102400,3240,117.80
10000,10240,1821,107.65
10000,1048576,3674,810.28
10000,10240,7341,114.24
10000,102400,4022,120.04
10000,10240,1537,102.93
10000,1048576,5473,788.47
10000,10240,310,108.95
10000,1048576,7092,756.37
10000,1048576,4908,831.79
10000,102400,4237,124.65
10000,102400,4838,124.61
10000,102400,7829,121.17
1000,102400,395,116.38
10000,102400,9679,122.00
1000,1048576,485,998.85
10000,10240,7466,121.29
10000,102400,2427,112.04
10000,1048576,2390,723.31
1000,10485760,945,4415.21
10000,1048576,8729,723.87
10000,10240,479,321.78
10000,102400,2554,125.17
10000,10240,4532,98.96
1000,10485760,669,3060.11
10000,1048576,6842,555.87
10000,10240,9613,110.34
10000,10240,5578,103.02
10000,10240,9438,109.79
10000,102400,9136,116.71
10000,102400,7420,119.22
10000,10240,4584,99.56
10000,10240,1432,109.51
10000,1048576,1147,784.40
1000,10485760,343,3984.07
10000,10240,3225,108.30
10000,10240,9279,93.44
10000,102400,9806,119.54
10000,1048576,1024,943.32
10000,1048576,9984,677.87
1000,10485760,844,4238.76
10000,102400,7834,140.73
10000,102400,5944,191.68
10000,10240,8902,204.43
10000,102400,1950,118.32
10000,10240,2600,213.69
10000,1048576,1854,877.42
10000,102400,5675,123.93
1000,10485760,463,2932.19
10000,10240,9113,114.44
10000,102400,3206,122.12
10000,1048576,7763,742.74
10000,102400,4802,117.51
10000,1048576,6700,879.62
10000,10240,1733,104.08
10000,1048576,6759,782.88
10000,1048576,5543,492.63
100,10240,22,97.78
10000,1048576,5551,815.53
10000,10240,6740,110.88
1000,10485760,328,3819.23
10000,1048576,8368,595.73
10000,10240,6699,110.05
10000,1048576,4756,642.95
10000,1048576,7850,557.56
10000,10240,6912,97.70
10000,1048576,4803,898.18
1000,10240,681,104.43
10000,102400,3434,123.13
10000,102400,7078,114.37
10000,102400,1144,123.52
1000,102400,25,121.53
10000,1048576,7540,763.42
10000,1048576,5403,671.56
10000,1048576,8720,498.46
100,104857600,14,34256.61
10000,1048576,2160,1061.00
10000,102400,9263,171.24
10000,10240,6966,213.02
10000,102400,1220,232.93
10000,1048576,791,740.15
10000,10240,8982,123.49
10000,102400,1741,122.62
10000,1048576,4494,1103.43
1000,102400,967,123.31
10000,10240,2743,97.30
10000,102400,918,114.26
10000,102400,9593,120.48
10000,102400,6392,121.35
10000,102400,2197,248.57
10000,1048576,7797,652.89
1000,10240,406,104.81
10000,102400,1402,114.52
10000,10240,3110,106.96
10000,102400,34,117.01
10000,102400,6062,122.98
10000,1048576,4510,950.96
10000,10240,7049,110.02
10000,1048576,3416,559.89
10000,102400,8178,127.86
10000,102400,7347,113.55
10000,102400,3325,129.59
10000,1048576,1543,835.38
10000,102400,6070,131.30
10000,1048576,376,833.44
10000,10240,5950,116.17
10000,102400,804,118.25
10000,10240,7871,103.63
10000,102400,7580,119.58
10000,1048576,4284,697.80
10000,102400,2804,118.44
10000,102400,3627,112.14
10000,1048576,4710,739.98
10000,10240,5020,115.12
10000,1048576,733,640.08
10000,1048576,5131,674.60
10000,102400,6114,125.40
1000,1048576,894,691.99
10000,102400,4580,135.64
10000,10240,1566,103.92
10000,1048576,9533,768.58
10000,1048576,4638,676.11
10000,1048576,3973,600.85
10000,10240,1043,111.61
10000,1048576,4690,744.26
10000,10240,3461,116.23
10000,10240,5165,100.05
10000,102400,7364,121.94
10000,1048576,68,715.83
10000,1048576,9709,623.12
10000,102400,7950,127.07
10000,102400,2155,113.38
10000,10240,6100,103.72
10000,1048576,1639,822.95
10000,10240,112,104.38
10000,102400,2216,129.79
10000,102400,1942,120.62
10000,10240,689,101.85
10000,102400,2459,119.23
10000,102400,5475,118.41
10000,102400,6681,118.32
10000,102400,2796,126.11
10000,1048576,2952,705.91
10000,10240,2016,105.27
10000,1048576,2501,550.41
10000,1048576,7303,808.19
10000,10240,4403,104.76
10000,1048576,2919,623.90
10000,102400,9706,127.92
10000,10240,4226,104.13
10000,102400,4839,121.06
1000,1048576,124,712.87
10000,1048576,3107,558.22
1000,10240,855,114.21
10000,1048576,5739,765.61
10000,10240,1079,109.88
10000,10240,638,104.98
10000,102400,7480,122.24
10000,102400,8094,121.27
10000,1048576,789,933.12
10000,1048576,6170,508.33
1000,1048576,376,677.44
10000,1048576,6957,792.71
1000,10240,496,114.26
10000,10240,4088,118.38
10000,10240,7558,102.38
10000,1048576,2902,803.23
10000,1048576,4223,720.39
100,10485760,72,3774.89
10000,10240,29,116.96
10000,102400,8091,116.56
10000,102400,7878,109.26
10000,102400,930,120.55
10000,1048576,4472,857.35
10000,102400,9294,127.93
10000,102400,1358,108.98
10000,10240,7197,99.10
10000,10240,3684,104.48
10000,102400,5403,117.28
10000,102400,676,117.72
10000,1048576,4851,856.25
10000,1048576,3723,743.45
10000,10240,5374,106.89
10000,10240,3819,98.06
1000,10485760,805,3908.62
10000,102400,828,129.31
10000,102400,6859,121.98
10000,102400,9798,113.88
10000,1048576,1360,848.23
10000,10240,3058,110.26
10000,10240,2180,94.61
1000,10485760,78,5582.25
10000,1048576,7174,861.95
10000,102400,1563,124.09
10000,10240,7845,101.04
10000,1048576,9654,823.80
10000,10240,3393,111.92
1000,10240,808,105.83
1000,1048576,746,23590.22
10000,1048576,7057,1083.82
10000,102400,1985,270.60
10000,102400,7477,124.41
1000,1048576,253,764.00
10000,10240,3681,221.16
1000,102400,686,136.86
10000,1048576,6274,959.75
10000,1048576,4335,807.05
10000,102400,1916,130.32
10000,1048576,5641,891.01
10000,10240,4753,127.61
10000,1048576,8068,880.61
10000,10240,1517,115.20
1000,102400,508,122.21
10000,10240,184,108.12
1000,10240,673,101.41
10000,1048576,9251,804.88
10000,1048576,8065,735.82
10000,102400,6270,125.50
10000,1048576,9629,700.64
10000,10240,5195,116.48
10000,102400,6891,126.29
10000,102400,5767,123.36
10000,102400,4837,119.99
10000,10240,9808,110.85
10000,10240,9019,108.57
10000,102400,4553,120.98
10000,102400,1957,127.55
10000,10240,3544,115.93
10000,1048576,5881,735.46
10000,10240,8616,118.07
10000,102400,2830,127.96
10000,10240,9899,104.89
10000,102400,1839,120.42
1000,10485760,368,3782.19
10000,1048576,4227,674.30
10000,1048576,7279,639.92
10000,102400,1841,133.31
1000,10485760,222,3345.27
10000,1048576,1592,898.24
10000,10240,6333,116.86
10000,1048576,7983,791.19
10000,10240,8778,109.66
10000,102400,8238,126.66
10000,1048576,8417,819.78
10000,102400,6007,133.22
10000,10240,8156,209.59
10000,102400,7543,115.86
10000,102400,6991,237.40
10000,102400,5427,118.29
10000,10240,4094,104.24
10000,1048576,5570,865.29
10000,10240,1715,111.43
1000,10240,475,101.24
10000,102400,673,117.34
10000,1048576,4434,736.26
1000,10485760,60,4983.01
10000,102400,5740,137.09
10000,102400,6130,123.91
1000,1048576,559,887.13
10000,10240,8297,113.96
10000,1048576,4186,854.45
10000,10240,4358,111.57
10000,1048576,6794,846.38
10000,102400,6609,131.12
10000,10240,7173,108.74
10000,102400,5234,111.37
10000,1048576,3824,924.25
10000,102400,9213,123.22
10000,102400,8146,121.84
1000,10485760,912,4199.37
10000,1048576,5272,706.52
10000,1048576,6249,745.52
10000,1048576,251,858.84
10000,1048576,8002,867.66
10000,1048576,9021,854.13
10000,102400,1924,127.73
1000,10240,271,109.44
10000,10240,6494,104.17
10000,10240,9525,115.12
10000,1048576,1340,783.59
10000,1048576,6959,824.89
10000,10240,5333,112.84
10000,10240,2956,101.38
10000,102400,9990,123.80
10000,102400,1137,117.71
10000,1048576,7363,822.73
10000,10240,9816,107.00
10000,1048576,9318,836.93
1000,1048576,525,756.81
10000,1048576,7104,654.39
10000,1048576,1842,758.36
10000,102400,2253,125.53
10000,10240,3055,104.97
10000,10240,2963,109.90
10000,102400,3736,114.56
10000,1048576,89,735.45
10000,1048576,7178,692.72
1000,1048576,529,826.06
10000,1048576,5265,809.92
1000,1048576,367,704.35
10000,10240,5418,110.44
10000,102400,8180,123.55
10000,1048576,1450,742.28
10000,102400,170,124.74
10000,1048576,8630,662.37
10000,10240,6706,95.66
10000,10240,8465,169.43
1000,1048576,325,978.09
1000,10240,858,120.86
10000,102400,6992,116.47
10000,102400,5273,119.13
10000,1048576,3409,677.29
10000,102400,4941,130.69
10000,10240,2188,100.53
10000,10240,2008,110.71
10000,102400,6777,114.55
10000,10240,7896,105.78
10000,102400,5407,114.24
10000,1048576,7820,746.78
10000,1048576,861,827.98
10000,1048576,4184,885.33
10000,102400,4980,131.66
10000,102400,5353,123.22
1000,10485760,117,3367.63
10000,10240,2255,105.78
10000,10240,21,117.24
10000,10240,3952,100.97
10000,102400,4030,118.38
10000,102400,9920,118.81
10000,1048576,1785,768.05
10000,1048576,3565,848.98
1000,10485760,721,4297.14
10000,10240,2642,108.46
10000,10240,3443,99.58
1000,10240,490,106.63
10000,1048576,9863,747.90
10000,10240,6526,110.03
10000,1048576,5132,832.09
10000,1048576,5990,934.92
10000,102400,6733,127.47
10000,10240,8265,103.11
10000,10240,8897,102.76
10000,10240,6736,104.24
1000,10240,238,105.54
10000,10240,9000,104.46
10000,102400,1371,115.22
10000,10240,7043,119.59
10000,1048576,7550,907.45
10000,1048576,1909,568.13
10000,102400,8739,141.37
10000,102400,2083,115.46
10000,102400,7023,117.86
10000,1048576,3549,816.13
10000,1048576,9832,2400.01
10000,10240,8411,103.07
10000,102400,6685,121.35
10000,102400,9046,121.98
1000,10240,184,107.38
10000,10240,6715,105.70
10000,1048576,2351,782.72
1000,10240,915,113.03
10000,102400,2891,116.62
1000,1048576,217,715.33
10000,1048576,7114,750.94
10000,10240,9167,108.88
10000,10240,4981,102.55
10000,1048576,6237,822.97
10000,10240,3652,111.65
10000,10240,3496,106.98
1000,102400,459,122.45
10000,102400,8169,126.39
10000,102400,1336,129.24
10000,102400,8478,116.26
10000,10240,4742,98.31
10000,10240,9703,106.50
10000,1048576,7186,883.90
10000,1048576,3014,750.97
10000,10240,579,116.26
10000,102400,7977,119.88
10000,10240,2652,104.29
10000,10240,2052,101.21
10000,102400,9729,113.93
10000,102400,1579,118.26
10000,102400,2448,113.79
10000,10240,8036,100.51
100,104857600,28,35123.41
1000,102400,71,373.33
10000,1048576,4715,982.22
10000,1048576,9240,1003.41
10000,1048576,5848,744.79
10000,102400,4039,144.21
10000,1048576,1727,831.12
10000,10240,9925,211.71
10000,10240,9775,109.89
10000,1048576,9846,731.74
10000,10240,3126,103.27
10000,1048576,2283,789.18
10000,102400,9277,125.03
10000,1048576,4568,615.57
10000,10240,3930,111.03
10000,102400,9080,118.78
10000,10240,7062,103.15
10000,10240,183,109.94
1000,10485760,974,4651.64
100,1048576,27,622.07
1000,10485760,185,3365.00
10000,10240,5901,110.86
10000,102400,4470,118.87
10000,102400,4727,126.95
10000,1048576,6951,859.11
10000,102400,4431,140.05
10000,1048576,9456,951.08
10000,10240,2942,221.29
1000,102400,691,124.81
10000,102400,128,121.50
10000,102400,9688,117.50
10000,1048576,4347,836.13
10000,1048576,709,665.75
10000,1048576,5266,569.48
10000,10240,1011,109.43
10000,1048576,2415,808.47
10000,102400,9393,127.50
10000,1048576,1581,786.45
1000,10240,331,115.21
10000,10240,9034,106.31
10000,10240,8231,104.91
10000,1048576,1734,698.29
10000,10240,6440,110.66
10000,10240,9830,106.67
10000,102400,4064,117.18
10000,102400,4665,121.11
10000,10240,8964,104.22
10000,10240,5218,104.27
10000,1048576,1054,781.73
1000,102400,574,127.79
10000,102400,1000,130.80
10000,102400,582,123.31
10000,102400,2835,115.79
10000,1048576,2019,773.32
10000,10240,1260,107.82
10000,1048576,3873,773.84
1000,10485760,122,3141.49
10000,102400,6893,122.33
10000,1048576,6880,724.45
10000,10240,4263,113.82
100,102400,76,125.13
10000,102400,569,114.40
10000,10240,4408,107.07
10000,10240,8256,105.09
10000,1048576,7527,884.24
10000,102400,7794,131.53
10000,102400,1218,113.97
10000,1048576,1530,859.06
10000,1048576,8741,997.76
10000,1048576,6286,820.03
10000,10240,2217,110.73
1000,10485760,481,4296.72
1000,10240,868,107.84
1000,10485760,352,4683.94
1000,1048576,971,507.72
10000,102400,5128,131.84
10000,102400,4211,123.33
1000,10240,24,102.38
10000,102400,1066,112.33
10000,10240,6079,102.60
10000,102400,8765,221.45
1000,10240,152,102.37
100,104857600,57,33885.86
10000,10240,81,341.90
10000,1048576,2291,1113.12
10000,10240,1985,126.20
10000,1048576,6489,975.16
1000,10485760,435,4268.28
1000,1048576,412,692.37
10000,10240,5612,108.04
10000,1048576,8997,885.15
1000,1048576,310,827.64
10000,10240,8618,115.87
1000,102400,881,130.70
10000,102400,2037,221.43
10000,10240,3331,106.71
10000,1048576,4517,833.43
10000,1048576,7870,742.27
10000,1048576,6670,731.38
10000,1048576,847,549.78
1000,1048576,146,697.13
10000,1048576,2812,791.37
1000,10485760,979,3771.49
10000,102400,6726,138.42
10000,1048576,5811,745.73
10000,102400,3677,130.92
1000,10240,61,103.37
10000,10240,8361,100.69
10000,10240,2299,105.06
10000,10240,2458,100.22
10000,1048576,3284,920.95
10000,102400,6568,128.51
10000,1048576,7744,815.35
10000,102400,9146,132.04
100,10485760,46,3323.88
10000,10240,4489,114.02
10000,10240,6844,105.57
10000,102400,3601,122.00
10000,10240,4291,105.73
1000,10240,931,100.94
10000,102400,2545,121.64
10000,102400,3018,119.53
10000,10240,973,101.72
10000,1048576,4535,741.30
10000,102400,5681,128.42
10000,1048576,5203,787.39
10000,1048576,2279,805.38
10000,10240,7398,119.77
10000,1048576,8571,671.77
1000,1048576,813,664.03
10000,10240,919,109.66
10000,10240,6213,99.62
10000,102400,2950,119.17
100,1048576,37,822.89
10000,1048576,5942,818.89
1000,1048576,995,881.36
100,10240,2,115.24
10000,1048576,2659,767.21
10000,10240,944,110.40
1000,102400,387,117.52
10000,102400,67,120.49
10000,10240,4421,103.53
10000,10240,7922,100.13
10000,1048576,4275,839.51
10000,102400,5925,129.55
10000,1048576,1986,972.27
10000,102400,514,130.00
10000,1048576,724,739.61
10000,102400,5084,132.60
10000,1048576,8666,810.47
10000,10240,3964,113.23
10000,10240,7467,102.03
1000,102400,728,126.29
10000,10240,8291,103.12
10000,102400,8052,134.11
10000,1048576,6587,805.56
10000,10240,4590,113.48
10000,1048576,3213,796.92
10000,102400,6941,127.47
10000,1048576,1434,695.24
1000,1048576,809,870.68
10000,102400,847,144.57
10000,10240,8127,101.08
10000,10240,7842,102.25
10000,10240,9420,101.80
10000,1048576,4958,759.93
10000,1048576,8798,757.93
10000,102400,4829,130.52
10000,10240,117,111.07
10000,10240,4411,102.64
10000,102400,2385,135.52
10000,1048576,9419,706.62
10000,10240,5435,105.81
10000,102400,8897,113.01
10000,1048576,5112,799.68
10000,102400,9494,124.98
10000,10240,7721,117.44
10000,102400,3254,122.83
10000,10240,1684,107.55
10000,1048576,4029,754.30
10000,1048576,7571,772.00
10000,10240,2297,108.57
10000,102400,8665,114.59
10000,102400,488,119.44
10000,102400,3151,135.33
10000,1048576,5529,692.71
10000,102400,6936,134.27
10000,10240,4710,128.41
10000,102400,4362,112.80
10000,10240,4066,100.11
10000,10240,9785,100.85
10000,102400,3338,117.64
10000,1048576,2476,740.03
10000,102400,6023,130.12
1000,10240,854,107.43
10000,10240,8354,100.12
10000,102400,4139,120.06
10000,102400,8265,111.75
10000,10240,8037,108.10
10000,1048576,6519,879.89
10000,102400,813,121.66
10000,10240,9786,103.01
10000,1048576,5054,838.34
10000,1048576,4541,559.08
1000,1048576,49,734.21
10000,102400,9980,266.09
10000,102400,1644,118.35
10000,10240,1942,105.46
10000,1048576,2677,802.86
10000,1048576,4392,920.77
10000,1048576,4780,685.75
10000,1048576,6147,762.58
1000,10485760,921,4447.97
1000,10240,893,115.58
10000,10240,3812,105.54
10000,10240,9741,104.97
10000,1048576,5537,792.48
10000,102400,5120,126.93
10000,102400,982,117.69
10000,1048576,9241,808.88
10000,102400,3041,127.13
10000,10240,2558,207.99
10000,10240,6586,117.45
10000,10240,1333,108.23
10000,102400,6138,124.87
10000,10240,9185,99.51
10000,102400,6367,115.78
10000,102400,6830,121.92
10000,102400,2582,123.19
10000,10240,711,101.93
10000,102400,5259,121.79
10000,102400,1024,122.84
10000,10240,8482,101.41
1000,102400,689,123.38
10000,10240,2796,98.60
10000,10240,7276,106.11
10000,10240,1039,99.63
10000,10240,5329,98.95
10000,102400,1327,109.52
10000,102400,2108,113.85
1000,1048576,551,860.79
10000,1048576,6574,627.13
10000,10240,2958,106.80
10000,102400,1360,120.53
1000,102400,302,119.56
10000,102400,2532,122.72
10000,102400,724,112.86
10000,102400,3039,131.51
10000,1048576,8836,799.93
10000,10240,2860,105.34
1000,10240,903,96.47
10000,1048576,7298,835.79
10000,1048576,870,826.88
10000,10240,8258,122.90
10000,102400,9331,121.77
10000,1048576,6775,798.66
1000,10485760,857,4190.69
10000,102400,5510,131.54
10000,10240,2374,100.54
10000,10240,7077,99.10
1000,10240,16,101.88
10000,10240,1037,105.56
10000,1048576,793,714.19
10000,1048576,7831,853.44
10000,1048576,6374,793.80
10000,1048576,6514,856.47
10000,1048576,9127,727.93
10000,102400,3211,125.47
10000,10240,6129,121.73
10000,10240,4069,98.59
10000,102400,4516,117.17
10000,1048576,1984,693.48
10000,1048576,7858,855.52
10000,10240,4242,110.77
10000,102400,7090,111.85
10000,10240,5781,104.20
10000,10240,6130,103.20
1000,102400,511,116.01
10000,102400,984,118.53
10000,1048576,2674,925.51
1000,102400,19,121.15
10000,102400,577,110.05
10000,1048576,2220,822.57
10000,1048576,2764,838.21
10000,102400,8434,136.09
10000,1048576,7716,808.34
1000,102400,262,126.73
10000,10240,999,108.84
10000,102400,5286,124.30
10000,102400,992,118.88
10000,1048576,1961,794.15
10000,102400,396,123.12
10000,10240,8340,106.58
10000,10240,7675,102.78
10000,10240,6155,100.53
10000,10240,4910,99.71
10000,102400,4480,117.90
10000,10240,2957,98.94
10000,10240,6404,109.39
10000,10240,5423,99.58
10000,10240,8474,114.31
10000,102400,7758,113.73
10000,10240,7403,107.48
10000,102400,5842,116.95
10000,102400,873,113.41
10000,10240,7737,98.16
10000,1048576,944,808.35
10000,1048576,8710,562.16
10000,102400,7422,124.41
10000,1048576,9994,720.56
1000,102400,879,117.67
10000,102400,4067,118.70
10000,10240,8608,102.16
1000,10240,423,101.02
10000,1048576,611,816.89
1000,10485760,859,3323.35
10000,10240,5016,108.67
10000,102400,7581,113.97
100,1048576,49,856.10
10000,102400,7107,126.75
10000,1048576,9035,905.49
10000,1048576,3161,575.20
10000,102400,9606,117.86
10000,102400,6964,113.21
10000,10240,2925,98.77
10000,102400,1992,111.85
10000,102400,5895,121.36
10000,10240,8061,105.47
10000,102400,6672,116.58
10000,10240,9996,99.66
1000,1048576,671,806.28
10000,1048576,1154,592.26
10000,10240,5405,106.21
10000,1048576,9743,797.85
10000,10240,5037,109.57
1000,10240,225,103.09
10000,102400,8377,115.68
10000,102400,9315,119.72
10000,10240,6967,101.49
10000,102400,136,118.44
100,104857600,43,36162.09
10000,102400,1084,218.22
10000,102400,4995,245.33
10000,10240,5398,206.34
10000,10240,1769,94.33
10000,10240,9572,247.75
10000,1048576,3739,1041.87
10000,1048576,5082,939.36
10000,102400,1485,140.55
10000,1048576,8269,832.12
10000,10240,6726,110.44
10000,10240,4262,104.32
1000,102400,645,124.92
10000,1048576,7989,915.62
10000,10240,8527,108.57
1000,1048576,696,793.97
10000,1048576,3355,768.79
10000,102400,6354,125.11
10000,10240,50,103.77
10000,10240,9484,105.89
10000,10240,2973,103.19
10000,102400,4410,110.92
1000,102400,223,119.14
10000,10240,1676,103.81
1000,1048576,230,842.89
10000,10240,2112,118.93
10000,102400,9964,124.65
10000,1048576,5817,743.16
10000,10240,549,108.44
100,10485760,88,4571.44
10000,102400,5619,313.89
10000,10240,3673,182.68
10000,102400,3307,113.67
10000,102400,3704,113.55
10000,10240,4551,104.94
10000,1048576,4965,913.90
10000,1048576,2207,660.32
1000,1048576,872,712.08
10000,10240,2233,108.87
1000,1048576,614,1008.54
10000,1048576,5492,794.85
10000,102400,9941,133.70
1000,10240,187,99.94
10000,1048576,8760,793.07
10000,1048576,2463,905.12
10000,10240,9011,111.19
1000,10485760,310,4473.32
10000,10240,7529,106.79
10000,102400,8902,123.03
10000,102400,9592,115.54
10000,102400,9360,113.22
10000,102400,8820,116.28
10000,102400,4112,113.47
1000,1048576,584,913.85
10000,1048576,2102,730.53
1000,102400,370,121.85
10000,102400,8934,139.27
10000,10240,9932,107.72
10000,1048576,4864,730.27
10000,1048576,1208,739.47
10000,1048576,602,626.36
10000,10240,6117,111.23
10000,10240,7393,104.32
10000,10240,9750,107.99
10000,10240,454,106.35
1000,102400,836,122.84
10000,102400,9868,117.62
10000,10240,9536,101.61
10000,10240,8584,103.36
10000,1048576,4884,737.12
10000,102400,9793,125.82
10000,102400,9909,109.30
10000,1048576,618,756.27
10000,10240,3568,114.95
10000,1048576,7580,594.62
10000,1048576,1598,704.13
10000,102400,1757,125.65
10000,1048576,3036,674.19
10000,1048576,8096,827.90
10000,102400,6463,133.16
1000,102400,761,120.70
10000,1048576,3636,793.14
1000,102400,854,119.52
10000,1048576,8469,589.81
10000,10240,8128,101.72
100,104857600,17,33281.61
10000,10240,1999,209.18
10000,10240,6457,227.08
1000,102400,487,122.77
10000,1048576,2655,1008.61
10000,1048576,985,1328.15
10000,102400,6767,139.39
10000,1048576,2128,1497.26
10000,1048576,4897,820.41
10000,102400,7643,228.46
10000,10240,1569,105.79
10000,10240,8171,105.42
10000,1048576,1460,1047.01
10000,1048576,450,574.41
10000,102400,9397,122.67
10000,1048576,5388,589.79
10000,10240,2896,113.68
10000,102400,572,117.58
10000,1048576,6105,830.93
10000,1048576,2588,873.78
10000,10240,9392,126.41
10000,1048576,4500,728.66
10000,10240,5825,114.90
10000,102400,5627,121.51
10000,102400,7410,126.06
10000,1048576,6517,717.52
10000,102400,5326,143.00
10000,102400,3794,127.05
1000,10240,118,103.64
10000,102400,9998,117.98
10000,10240,2557,108.67
1000,10485760,922,4476.93
10000,1048576,7923,959.11
10000,1048576,3434,820.60
10000,102400,221,136.82
1000,102400,672,132.76
1000,10240,324,104.23
10000,1048576,4439,864.86
10000,102400,3044,129.33
10000,102400,8043,117.11
10000,1048576,7893,784.18
10000,1048576,6043,899.89
10000,10240,7169,116.69
10000,10240,5933,100.81
10000,1048576,57,783.27
10000,1048576,2453,714.39
10000,1048576,1088,748.07
10000,102400,7641,124.36
10000,102400,8424,123.03
10000,10240,5197,100.64
10000,102400,4543,117.91
10000,10240,6642,114.10
10000,102400,5303,115.96
10000,102400,9799,120.81
10000,102400,868,135.73
10000,1048576,8324,917.67
1000,1048576,228,810.78
100,102400,95,137.67
10000,10240,3950,108.03
10000,102400,5848,116.88
10000,102400,4557,117.01
10000,102400,8466,125.36
10000,10240,6841,104.68
1000,1048576,643,915.45
10000,10240,3406,109.61
10000,1048576,9532,831.60
10000,10240,2650,114.93
1000,10485760,729,4345.95
10000,1048576,5313,705.55
10000,10240,7798,130.46
10000,102400,5963,113.81
10000,1048576,715,1024.17
10000,1048576,8792,1173.57
10000,10240,406,115.03
10000,102400,910,127.17
1000,10240,11,102.09
1000,10485760,679,4393.94
10000,1048576,1955,874.60
10000,102400,1533,139.06
10000,102400,375,185.63
10000,102400,8892,179.85
10000,1048576,2374,1018.60
1000,10485760,37,5253.36
10000,1048576,4846,2705.93
10000,1048576,8170,796.69
10000,1048576,8371,874.54
10000,10240,2689,113.48
10000,10240,5069,101.11
10000,102400,7871,121.04
100,104857600,74,39350.22
10000,102400,4538,291.59
10000,10240,8752,246.09
1000,10485760,97,8478.79
10000,1048576,6244,2435.69
10000,10240,7006,232.70
10000,1048576,6989,1825.97
10000,10240,2505,121.35
10000,102400,3770,122.21
10000,102400,539,123.46
10000,10240,8168,220.40
10000,1048576,1548,1735.53
1000,10485760,600,8372.62
10000,102400,8127,233.95
10000,10240,6411,213.26
10000,1048576,7515,1607.86
10000,10240,1799,220.94
10000,10240,8502,103.33
10000,10240,6284,106.11
10000,102400,7177,124.29
10000,1048576,1852,1719.25
10000,102400,7203,117.60
10000,10240,4111,96.23
10000,1048576,5467,9143.72
10000,10240,4906,103.36
10000,102400,7042,117.15
10000,102400,7387,112.81
10000,1048576,1081,2301.74
10000,102400,3812,132.94
10000,102400,503,122.97
10000,1048576,9639,2436.43
10000,102400,8888,123.72
10000,1048576,9955,1729.90
10000,1048576,4607,5368.77
10000,1048576,8687,3269.27
10000,10240,5314,218.65
10000,102400,6776,224.38
10000,1048576,7501,6202.72
10000,102400,6429,127.69
10000,10240,3061,99.58
10000,10240,5132,103.43
10000,10240,7933,105.23
10000,10240,5044,97.31
10000,1048576,3858,2179.11
10000,1048576,3008,2928.01
10000,102400,3472,122.35
10000,102400,1031,212.66
1000,10240,366,104.10
10000,1048576,736,2484.76
10000,102400,8693,133.59
1000,102400,187,115.75
10000,1048576,697,2456.09
10000,10240,2129,110.97
10000,102400,7818,112.29
10000,10240,9736,100.65
10000,1048576,4130,1377.94
10000,10240,4038,110.59
1000,102400,422,112.55
10000,102400,8465,121.75
10000,1048576,5853,22866.88
10000,102400,347,231.13
10000,1048576,1051,3610.18
10000,10240,7881,102.41
1000,102400,76,257.06
10000,102400,6304,109.69
10000,10240,4302,100.36
10000,1048576,3153,3564.55
10000,10240,1366,215.09
10000,1048576,3300,12936.45
10000,102400,9504,343.70
10000,10240,4331,98.91
10000,102400,2817,122.46
10000,102400,7587,109.23
10000,102400,7777,251.38
10000,1048576,8758,6851.06
10000,102400,9113,142.57
10000,102400,8957,116.34
10000,10240,3359,100.56
10000,10240,8852,103.71
10000,10240,5921,111.11
10000,102400,5110,120.37
10000,1048576,7403,2825.40
10000,1048576,7851,1692.38
10000,102400,1568,122.21
10000,1048576,9128,12896.97
10000,10240,5359,212.60
10000,102400,8059,252.19
1000,1048576,269,2968.42
10000,102400,9925,128.32
10000,1048576,7694,1696.39
10000,102400,8987,124.50
10000,10240,9008,107.54
10000,10240,2359,98.03
1000,1048576,536,6256.70
10000,102400,9572,121.98
10000,1048576,9417,14747.58
10000,1048576,8853,4003.10
10000,102400,5310,158.37
10000,1048576,1323,1572.81
10000,1048576,704,2999.31
10000,102400,5257,218.21
10000,1048576,3590,1563.04
10000,10240,3963,106.11
10000,102400,7208,122.10
10000,102400,1118,113.59
10000,102400,5736,113.04
1000,10485760,855,8871.67
10000,1048576,658,2147.17
10000,102400,5172,118.72
1,10485760,0,8177.30
10000,10240,6918,236.63
10000,10240,5914,94.80
10000,102400,4333,114.22
10000,10240,8438,92.47
10000,1048576,1636,1687.87
1000,10240,596,244.63
10000,10240,4870,92.46
10000,1048576,3773,1620.64
10000,1048576,44,1483.48
10000,10240,7899,108.82
10000,1048576,4556,1662.60
1000,10240,774,126.52
10000,10240,3630,111.39
10000,1048576,2388,1866.83
1000,10485760,784,30777.36
10000,10240,1038,143.84
10000,10240,9531,105.14
10000,10240,2715,104.64
10000,102400,6084,147.82
10000,102400,8849,135.39
10000,10240,6197,99.43
10000,102400,2911,113.89
1000,10485760,815,23498.44
10000,10240,2766,136.78
10000,1048576,7304,2079.72
10000,10240,6883,102.19
10000,1048576,8863,1317.33
10000,1048576,8290,1309.26
10000,10240,1863,113.25
100,104857600,69,36839.66
10000,102400,3667,533.80
10000,102400,7504,375.46
10000,102400,5862,165.30
1000,102400,702,108.22
10000,10240,4703,99.51
10000,10240,8678,212.06
10000,1048576,1840,2216.90
10000,102400,1551,137.64
10000,1048576,2046,1561.94
10000,1048576,9862,1330.97
10000,10240,7722,112.69
100,102400,1,120.90
10000,1048576,2622,1848.37
1000,10240,552,107.76
10000,102400,7317,115.49
10000,10240,8986,94.65
10000,102400,6317,119.36
10000,1048576,2008,1613.19
10000,10240,5877,108.83
10000,102400,2565,110.92
10000,1048576,9102,1898.16
10000,102400,8832,118.56
10000,102400,5275,119.26
10000,10240,448,101.40
10000,10240,3718,103.92
10000,10240,8327,101.17
10000,102400,650,118.46
10000,1048576,6829,1562.08
10000,1048576,2151,3980.39
10000,102400,9208,135.25
10000,10240,5279,104.85
10000,10240,3499,104.90
1000,1048576,82,1431.81
10000,1048576,7701,1527.45
10000,1048576,6864,2007.62
10000,102400,5765,126.35
100,10240,60,108.92
10000,102400,901,124.61
10000,10240,1415,104.03
10000,1048576,5372,5639.89
10000,1048576,4368,1623.17
10000,1048576,4525,1763.15
10000,102400,9585,120.06
10000,1048576,2912,1497.21
10000,1048576,6156,1758.80
10000,1048576,4240,3034.21
10000,1048576,388,2435.38
10000,10240,1236,207.26
10000,10240,760,97.75
10000,10240,4733,101.46
10000,102400,7733,118.99
10000,10240,1508,101.98
1000,10240,343,103.58
10000,10240,9772,98.39
10000,102400,9322,121.37
10000,10240,2870,103.84
10000,102400,2783,123.37
10000,1048576,6055,1876.80
10000,102400,1278,124.25
10000,102400,5713,124.15
10000,102400,2996,117.36
1000,10240,429,102.96
10000,10240,3547,102.28
10000,10240,2793,100.98
10000,10240,7280,101.02
10000,102400,8388,119.54
10000,102400,6593,121.28
10000,1048576,7098,1897.64
10000,102400,6079,121.67
10000,1048576,6838,2173.74
10000,1048576,52,3933.12
100,10240,53,106.29
10000,102400,9444,119.51
1000,10485760,347,29533.86
10000,10240,3394,272.88
10000,102400,114,131.35
10000,102400,3279,157.08
10000,102400,5220,124.09
10000,10240,9501,235.66
10000,102400,6882,241.42
10000,10240,9404,121.81
10000,102400,4881,121.47
10000,1048576,1898,1268.46
10000,10240,6589,109.75
10000,1048576,3399,1092.71
10000,102400,4959,132.42
1000,10240,263,109.11
10000,1048576,5563,1393.16
10000,1048576,5655,1120.73
10000,1048576,5377,1732.18
10000,10240,3212,112.31
10000,102400,467,120.47
10000,1048576,1343,1627.95
1000,10240,228,123.15
10000,102400,9476,126.74
10000,10240,5388,108.24
10000,102400,531,126.19
1000,102400,105,126.83
10000,1048576,7691,1474.74
10000,10240,3635,118.69
10000,1048576,4643,2023.34
10000,10240,6922,119.45
1000,1048576,908,4952.12
1000,10485760,981,14574.35
10000,102400,7742,374.43
10000,102400,9670,133.31
10000,1048576,1509,1393.28
1000,102400,59,124.09
10000,10240,264,97.75
10000,1048576,1724,1376.81
10000,10240,9820,119.40
1000,10240,588,98.87
100,102400,48,113.57
10000,1048576,6852,1889.36
10000,102400,8645,124.57
1000,10485760,273,10808.85
10000,102400,660,224.04
10000,10240,900,200.89
10000,1048576,5074,1021.89
10000,1048576,2416,1292.95
10000,1048576,413,1079.89
10000,102400,8061,127.06
1000,10485760,610,6810.64
10000,102400,8339,137.96
10000,10240,5284,196.74
10000,10240,7928,94.54
10000,1048576,2142,1750.43
10000,102400,1657,130.98
10000,1048576,5772,1316.88
10000,102400,8109,129.31
10000,10240,8360,101.68
10000,102400,7088,229.88
10000,1048576,7281,1792.09
10000,102400,8722,129.30
10000,1048576,2445,4557.21
10000,1048576,338,5902.54
10000,10240,1777,112.72
10000,102400,7991,119.25
10000,10240,8033,104.45
10000,1048576,907,4549.83
10000,10240,3180,111.08
10000,1048576,5521,3833.57
10000,102400,2157,226.54
10000,1048576,1609,7204.15
1000,102400,521,127.10
10000,102400,3172,123.20
10000,1048576,4853,2200.12
1000,102400,107,265.88
10000,102400,2282,120.58
10000,10240,9610,91.39
10000,102400,341,117.11
10000,102400,6989,119.61
10000,10240,1377,105.52
10000,1048576,8985,2736.16
10000,10240,9421,106.78
10000,1048576,600,5247.22
10000,1048576,6205,3815.66
10000,102400,6581,119.70
10000,102400,643,237.71
10000,102400,30,212.36
10000,10240,6915,101.69
10000,1048576,3500,3209.17
10000,10240,1329,108.23
10000,10240,8664,94.54
1000,10240,811,97.78
10000,10240,9240,102.79
10000,1048576,8445,4571.93
10000,102400,8988,132.31
10000,1048576,6314,4512.11
10000,102400,6253,121.33
10000,102400,542,114.89
10000,10240,1808,98.61
1000,102400,271,131.94
10000,1048576,7458,2409.03
1000,10485760,632,8598.08
10000,1048576,8263,2085.59
10000,1048576,4668,1240.01
1000,10485760,15,6813.53
10000,10240,7727,109.49
10000,10240,5490,97.09
10000,1048576,4396,1405.10
10000,102400,4466,128.14
10000,10240,1654,105.93
1000,1048576,744,1384.02
10000,1048576,574,1430.70
10000,10240,907,121.89
10000,1048576,1602,1242.07
10000,102400,4065,126.19
10000,102400,6821,114.33
10000,102400,255,119.26
1000,10485760,914,6366.99
10000,102400,2678,132.31
10000,1048576,6141,1649.65
10000,102400,4981,127.08
10000,1048576,732,1686.22
10000,1048576,7069,1554.40
10000,10240,5145,111.95
10000,1048576,5229,1953.30
10000,1048576,48,1570.69
10000,10240,9682,113.73
10000,102400,1416,129.89
10000,1048576,7355,1174.53
1000,102400,985,130.06
10000,10240,3404,106.03
10000,1048576,1926,1220.74
10000,10240,2021,110.97
10000,10240,11,94.43
10000,1048576,942,1575.37
1000,102400,607,119.13
10000,102400,1399,106.23
10000,102400,7188,113.44
10000,102400,214,112.70
10000,1048576,9805,1678.50
1000,10240,210,113.87
10000,1048576,1341,1358.52
10000,102400,2865,123.57
10000,10240,2330,105.64
10000,10240,2504,100.47
10000,1048576,1941,1638.37
10000,102400,9120,139.67
10000,1048576,4111,2680.70
10000,10240,2913,109.69
1000,10240,748,100.75
10000,10240,2555,105.53
10000,10240,8077,106.92
10000,102400,1582,114.64
10000,1048576,8805,1406.10
10000,1048576,9365,1099.49
1000,1048576,699,1247.54
10000,10240,8287,103.09
10000,10240,1836,101.24
10000,1048576,7390,1980.95
10000,102400,7371,124.74
10000,10240,7081,91.36
10000,102400,1761,113.81
10000,1048576,77,2330.96
10000,102400,2412,113.83
1000,1048576,242,1720.73
10000,10240,3885,102.15
10000,102400,5355,123.08
10000,1048576,5516,3572.67
10000,1048576,1416,1502.64
10000,1048576,8656,3725.69
1000,10485760,812,9783.22
10000,102400,8354,124.52
10000,102400,3551,111.12
10000,102400,1656,116.86
10000,102400,8430,218.62
10000,10240,149,135.65
10000,102400,3859,114.59
10000,1048576,6825,3519.84
10000,10240,7963,109.39
10000,10240,5799,97.94
10000,10240,8433,100.52
10000,10240,1891,102.25
10000,10240,8024,98.47
10000,102400,773,112.78
10000,1048576,7383,1474.38
10000,10240,7448,112.45
10000,1048576,2636,1587.02
10000,1048576,4157,2108.36
10000,1048576,1019,2015.70
1000,10485760,959,7388.58
10000,1048576,4044,3502.78
10000,1048576,5771,2195.05
10000,102400,2653,124.79
10000,10240,2907,205.39
100,10485760,61,29765.14
10000,10240,4674,304.34
10000,1048576,4465,5627.36
10000,102400,1963,186.08
10000,1048576,3459,5365.28
10000,10240,8204,115.47
10000,102400,3690,149.00
100,102400,4,125.97
10000,10240,9727,92.64
10000,10240,4686,108.11
10000,10240,5853,123.54
10000,10240,5173,99.22
10000,102400,6503,117.95
10000,1048576,9301,3231.50
10000,1048576,4652,4482.80
10000,10240,3774,102.38
10000,1048576,8212,7600.77
10000,102400,639,133.92
10000,10240,1410,108.49
10000,10240,7082,104.63
1000,10240,767,105.35
10000,10240,6961,108.34
10000,1048576,6632,9629.25
10000,1048576,254,4881.81
10000,1048576,684,2658.95
10000,10240,7213,210.88
1000,1048576,856,5402.63
10000,10240,8200,114.12
100,10240,42,98.78
10000,1048576,6725,2850.84
10000,10240,7765,110.87
1000,10485760,566,14254.94
10000,102400,9456,241.81
10000,10240,6943,112.10
10000,10240,5402,198.27
10000,102400,5982,111.22
10000,102400,1155,121.95
10000,102400,9741,117.19
10000,102400,5434,115.14
10000,102400,9474,222.67
100,1048576,73,740.08
10000,10240,9259,111.36
10000,1048576,1180,841.60
10000,102400,2663,119.65
1000,102400,131,263.37
10000,1048576,4192,874.03
10000,102400,1002,118.45
1000,10240,636,104.00
10000,10240,4769,100.53
10000,1048576,4467,1551.37
10000,10240,2241,108.30
10000,1048576,4103,2046.59
10000,102400,3016,120.42
10000,1048576,3893,2207.13
10000,1048576,8118,4060.86
1000,10485760,700,23630.16
10000,1048576,1674,4110.20
10000,1048576,45,2248.50
10000,1048576,437,1926.69
10000,1048576,2110,2249.18
10000,10240,7951,114.05
10000,102400,1795,219.34
10000,102400,4294,127.82
10000,1048576,8539,2735.33
100,1048576,56,944.85
10000,102400,7773,236.82
10000,102400,4033,106.91
10000,1048576,5825,1311.70
10000,102400,4822,127.03
100,1048576,46,2086.26
10000,10240,6847,111.39
1000,10240,399,105.67
10000,102400,9437,133.52
10000,1048576,3340,699.25
10000,10240,8675,114.88
10000,1048576,9772,945.03
10000,1048576,2832,826.90
10000,10240,3102,103.96
10000,1048576,682,514.28
10000,10240,654,117.13
10000,10240,2447,101.52
10000,10240,109,107.70
10000,102400,9981,124.97
10000,10240,2474,107.75
10000,102400,3978,125.93
1000,102400,542,121.80
10000,10240,3688,99.11
10000,10240,1544,102.99
10000,1048576,2114,874.88
10000,102400,1267,124.32
100,10485760,62,4799.05
10000,10240,3322,111.99
10000,10240,5962,97.55
10000,102400,211,107.63
10000,10240,891,105.50
10000,102400,3149,120.39
10000,10240,5759,104.05
10000,10240,4851,102.17
10000,1048576,5187,830.33
10000,1048576,2752,698.98
1000,1048576,347,673.26
10000,10240,7026,105.88
10000,1048576,8637,783.31
10000,102400,5739,125.09
10000,102400,2644,107.03
10000,102400,9622,122.47
10000,102400,4174,113.17
10000,1048576,3353,959.90
10000,1048576,889,635.25
1000,1048576,163,557.99
10000,102400,6142,130.35
10000,1048576,8979,890.31
10000,102400,2138,129.75
10000,102400,8671,118.61
10000,10240,8477,98.50
10000,102400,6838,121.68
10000,102400,6389,117.68
10000,102400,8564,120.83
10000,1048576,8857,769.77
10000,1048576,7622,731.52
10000,10240,2207,107.81
10000,102400,2611,112.36
10000,1048576,9530,706.78
10000,102400,2280,137.22
10000,102400,1534,128.84
10000,102400,705,125.81
10000,102400,9148,114.86
10000,1048576,1703,749.07
10000,1048576,2033,962.56
10000,10240,8998,111.19
1000,102400,682,117.80
1000,1048576,380,743.08
10000,1048576,3114,766.61
10000,1048576,7722,789.84
100,1048576,88,866.62
10000,102400,1679,128.46
10000,10240,5926,103.33
10000,102400,8060,121.59
10000,10240,3773,115.92
10000,10240,9603,109.05
10000,10240,7834,100.34
10000,1048576,2646,717.67
10000,1048576,8052,732.66
10000,10240,9656,125.13
10000,102400,6037,131.34
1000,102400,259,117.34
10000,102400,936,119.31
10000,1048576,4890,791.51
1000,10240,565,109.71
10000,102400,9112,116.28
10000,10240,8450,106.17
10000,1048576,4536,919.87
10000,10240,8558,110.33
10000,102400,1266,119.41
10000,10240,1665,103.41
10000,102400,1782,115.12
10000,10240,1323,99.00
10000,1048576,7830,764.63
1000,10485760,399,3457.40
10000,102400,3715,122.30
10000,1048576,6520,813.35
10000,102400,8284,125.43
10000,10240,1600,103.83
10000,1048576,5083,810.64
10000,102400,1871,124.41
1000,10485760,514,3613.94
10000,10240,9169,116.15
10000,10240,3682,105.79
10000,1048576,7105,706.73
1000,102400,56,131.30
1000,102400,831,117.48
10000,1048576,7982,912.59
10000,1048576,2011,712.14
10000,1048576,802,815.95
10000,102400,9292,126.37
10000,102400,1765,120.27
10000,10240,3711,103.62
1000,102400,361,122.53
10000,10240,2027,107.26
10000,1048576,9983,740.55
10000,1048576,686,841.73
10000,102400,6287,130.34
10000,102400,5162,118.00
1000,10485760,951,4406.83
10000,10240,1369,110.73
10000,10240,895,95.69
10000,102400,6740,110.53
10000,10240,1629,100.18
10000,10240,6564,100.56
10000,1048576,8500,854.08
10000,1048576,5441,544.87
10000,10240,5507,106.06
10000,10240,6365,99.13
10000,102400,4121,114.86
1000,102400,746,117.02
10000,10240,1232,108.19
10000,102400,7276,123.72
10000,10240,8988,101.77
10000,10240,3301,104.85
10000,102400,261,122.06
10000,1048576,4056,795.54
10000,102400,8410,122.79
1000,10240,309,97.93
10000,10240,5582,102.24
1000,10485760,653,4343.82
10000,10240,5547,109.78
10000,102400,6180,111.72
10000,1048576,9173,813.73
10000,10240,6610,105.39
10000,1048576,440,523.13
10000,102400,127,117.76
10000,1048576,559,703.02
10000,102400,7075,117.78
10000,102400,3439,117.35
1000,10485760,780,23313.77
10000,102400,3037,150.33
10000,1048576,1221,948.57
10000,10240,9949,211.32
10000,10240,6402,99.38
10000,10240,4150,203.09
1000,10240,374,99.81
10000,102400,1976,119.08
10000,10240,2547,216.78
10000,1048576,5934,903.82
10000,1048576,6704,783.00
10000,102400,7757,121.31
1000,10485760,354,4453.27
10000,1048576,7241,1855.53
10000,10240,1573,116.81
10000,102400,8879,130.93
1000,1048576,889,1361.78
10000,1048576,4547,1121.27
10000,102400,9163,140.20
10000,1048576,918,2480.25
10000,1048576,5709,1953.96
10000,102400,7376,134.07
10000,1048576,6154,1268.66
10000,102400,9528,138.78
10000,102400,7697,118.01
10000,1048576,7715,811.91
10000,102400,9352,125.61
10000,102400,1166,110.45
10000,1048576,2565,1206.83
1000,10240,255,208.26
10000,102400,3848,211.28
10000,10240,2510,115.49
10000,102400,3423,108.93
1000,102400,69,120.03
10000,102400,2573,114.49
10000,102400,1101,118.75
10000,102400,6427,122.14
10000,1048576,7502,1518.19
10000,1048576,5286,1921.37
10000,10240,3573,118.14
10000,10240,1267,98.33
1000,102400,913,120.29
10000,1048576,5779,771.23
10000,1048576,3958,601.74
10000,1048576,3467,673.24
10000,102400,1742,121.92
10000,102400,9053,111.67
10000,10240,7537,104.99
10000,10240,2143,101.35
10000,1048576,4474,733.66
10000,1048576,4018,813.42
10000,102400,2557,126.05
10000,10240,526,98.67
10000,1048576,7603,775.24
10000,102400,606,137.56
10000,1048576,3943,738.00
10000,1048576,6742,704.88
10000,102400,6140,124.14
10000,10240,7726,99.50
10000,1048576,9094,896.94
10000,1048576,6756,946.08
10000,10240,7291,108.23
10000,102400,6066,123.55
10000,10240,9675,102.48
10000,102400,4918,123.90
10000,102400,4378,116.33
10000,1048576,1493,738.22
10000,102400,939,131.38
10000,1048576,3265,858.53
10000,1048576,6075,756.32
10000,102400,7437,128.83
10000,102400,3826,125.52
10000,102400,682,122.94
10000,1048576,3576,777.67
10000,1048576,9261,905.41
10000,102400,39,136.97
10000,102400,5057,115.58
10000,1048576,5234,736.15
10000,10240,6473,109.52
10000,10240,9270,107.93
10000,1048576,7162,928.99
10000,1048576,6507,822.09
1000,1048576,255,619.52
10000,102400,2528,123.30
10000,102400,3976,106.42
10000,1048576,8711,724.80
10000,10240,1793,111.73
10000,10240,577,99.56
10000,1048576,3638,790.54
10000,102400,2158,125.34
1000,102400,183,122.51
10000,1048576,3567,861.82
10000,102400,9431,126.46
10000,102400,7226,112.91
1000,10485760,934,3159.70
10000,102400,995,132.40
100,1048576,8,561.68
10000,1048576,655,591.44
10000,1048576,5346,857.84
10000,10240,6982,104.93
10000,10240,5221,99.11
10000,1048576,5754,698.43
10000,102400,7969,127.28
10000,102400,5329,107.70
10000,102400,7494,110.26
10000,10240,9048,102.43
10000,10240,8063,103.46
100,10485760,69,3439.31
10000,1048576,2798,693.90
10000,10240,324,125.50
10000,102400,6034,124.18
10000,1048576,3393,1337.08
10000,10240,3565,108.38
1000,10485760,556,9297.83
10000,1048576,952,672.86
10000,102400,8909,222.58
10000,10240,8806,96.53
10000,1048576,451,905.59
10000,10240,8435,110.32
10000,10240,6448,122.05
10000,1048576,4950,904.49
10000,10240,4860,112.25
10000,102400,8561,109.40
100,10485760,27,3748.67
1000,10240,440,115.94
10000,102400,8557,108.39
1000,1048576,358,731.95
1000,10485760,382,4301.48
1000,10240,86,220.25
10000,10240,4290,95.44
10000,102400,1070,113.19
10000,10240,2226,97.55
10000,1048576,691,924.87
10000,102400,7532,131.37
10000,1048576,3826,546.59
1000,1048576,225,497.20
10000,10240,8574,108.69
1000,1048576,108,600.32
10000,10240,9227,103.66
10000,10240,613,104.87
1000,102400,469,125.47
10000,1048576,5399,796.47
10000,10240,6685,110.82
10000,102400,4138,121.25
10000,1048576,4245,802.84
10000,10240,177,114.08
10000,10240,2714,102.25
10000,1048576,3820,744.68
10000,102400,6044,124.95
10000,10240,2902,99.74
10000,1048576,2439,1061.71
10000,10240,7683,111.16
10000,1048576,7516,592.45
10000,10240,7067,99.29
10000,102400,8935,119.89
10000,10240,6656,109.53
10000,1048576,5387,784.73
10000,1048576,8397,655.63
10000,102400,6217,123.82
10000,10240,1013,97.05
10000,10240,2519,100.87
10000,10240,6718,108.36
10000,1048576,6808,912.75
10000,10240,9060,111.73
10000,1048576,3400,572.04
10000,102400,1192,123.48
10000,102400,268,118.62
10000,102400,2195,113.97
10000,1048576,7074,868.01
10000,10240,8314,103.73
10000,10240,2479,98.74
10000,10240,9351,96.87
10000,102400,1475,117.97
10000,10240,2517,109.71
10000,1048576,8757,837.99
1000,102400,35,130.35
1000,102400,933,119.91
10000,10240,8661,92.88
10000,102400,1595,114.24
10000,102400,4504,120.13
100,102400,80,122.71
10000,102400,4554,120.05
10000,1048576,3577,835.95
10000,102400,5818,135.30
10000,102400,6855,125.62
10000,102400,9757,123.76
10000,102400,8507,115.71
10000,102400,8027,123.09
10000,1048576,8918,831.12
10000,102400,2246,133.44
10000,10240,757,112.74
10000,1048576,3437,774.28
1000,10240,23,104.56
10000,10240,3968,107.25
10000,10240,8687,102.13
10000,10240,7538,109.25
1000,10485760,803,3479.41
10000,1048576,6091,1283.01
10000,1048576,7869,1118.07
10000,10240,1045,121.32
10000,1048576,1648,633.99
10000,1048576,4584,1570.42
10000,102400,7483,124.65
10000,1048576,9260,3021.78
10000,1048576,7497,1517.78
10000,10240,7691,111.34
10000,10240,872,101.49
10000,1048576,8909,783.85
10000,102400,1169,127.42
10000,1048576,2465,612.22
10000,1048576,285,575.57
10000,1048576,1698,588.08
10000,10240,3053,106.07
10000,10240,9687,101.78
10000,10240,9800,103.97
10000,102400,2257,128.85
10000,1048576,4595,710.27
10000,1048576,8583,683.21
1000,1048576,595,818.36
10000,10240,204,111.81
10000,1048576,6317,610.04
10000,1048576,6719,713.37
10000,102400,1857,137.62
10000,1048576,7665,583.46
10000,102400,3351,123.57
10000,10240,5373,109.07
10000,102400,1059,117.94
10000,10240,1954,98.58
10000,10240,7926,98.61
10000,1048576,2577,803.22
10000,1048576,1204,1789.95
10000,10240,1938,115.57
10000,10240,5961,108.01
10000,1048576,6848,2010.29
1000,102400,535,129.30
10000,1048576,390,3063.09
10000,1048576,7908,1228.99
10000,102400,7659,128.70
10000,102400,3701,118.48
10000,1048576,7050,855.38
10000,10240,1262,117.46
10000,1048576,4094,610.25
10000,102400,5027,135.34
10000,102400,965,121.08
10000,1048576,1710,748.52
10000,1048576,8922,814.78
10000,10240,860,107.64
1000,10485760,683,4486.85
10000,1048576,2551,2544.28
10000,10240,2679,108.67
10000,10240,3415,101.63
10000,10240,9544,102.66
10000,102400,9820,124.53
1000,10240,129,100.13
10000,1048576,4088,756.89
10000,1048576,7776,851.00
10000,102400,471,232.18
10000,1048576,6228,925.39
10000,10240,8761,126.22
10000,1048576,4086,692.59
10000,1048576,6369,882.88
10000,102400,2723,128.51
10000,1048576,6453,838.70
10000,10240,4308,117.08
10000,1048576,1944,800.19
10000,102400,6247,131.79
10000,10240,9329,103.40
10000,1048576,2287,708.31
1000,1048576,259,1804.50
10000,10240,5834,111.45
10000,1048576,4433,1106.69
10000,102400,6940,137.99
10000,1048576,3935,853.13
10000,1048576,1261,887.87
10000,10240,2494,214.81
10000,1048576,6676,498.66
100,102400,54,119.85
10000,1048576,5816,719.41
10000,1048576,3304,801.76
10000,1048576,83,761.79
10000,1048576,3600,719.73
10000,102400,6986,131.25
10000,1048576,6148,783.89
10000,1048576,1049,821.49
1000,10485760,275,3395.07
10000,10240,9700,110.27
10000,1048576,1873,710.28
10000,10240,3070,110.75
10000,102400,3207,123.24
1000,102400,834,115.40
10000,10240,6349,100.32
10000,10240,5664,98.22
10000,1048576,2816,809.20
10000,10240,2339,109.87
100,10240,54,108.74
1000,1048576,362,888.17
10000,10240,803,110.54
10000,10240,9738,105.43
100,102400,85,123.46
10000,102400,4024,112.47
10000,10240,498,106.00
10000,10240,5692,110.34
10000,10240,6942,99.42
10000,1048576,971,811.10
10000,1048576,8279,690.94
10000,102400,6330,133.82
10000,102400,8171,127.06
10000,102400,7441,120.27
10000,1048576,7719,836.56
10000,1048576,253,743.00
10000,1048576,6122,510.92
1000,10485760,958,3477.19
10000,10240,6891,118.95
10000,10240,5343,98.01
10000,1048576,8174,973.35
10000,1048576,2460,691.09
10000,10240,8074,109.23
10000,1048576,4545,825.07
10000,10240,4087,113.61
10000,102400,230,121.03
10000,102400,4031,116.66
1000,10485760,195,3381.32
10000,1048576,2948,703.11
10000,10240,3490,100.74
10000,1048576,5824,697.33
10000,1048576,3464,705.04
10000,10240,1692,110.82
10000,10240,4128,105.36
10000,102400,4923,124.81
10000,102400,1730,116.34
10000,102400,1269,126.02
10000,10240,913,99.32
10000,1048576,3971,819.05
10000,1048576,8015,687.47
10000,1048576,7807,722.62
10000,1048576,8615,645.62
10000,1048576,8435,561.49
10000,10240,1447,110.64
10000,10240,2933,97.83
10000,1048576,2349,1009.82
10000,102400,9968,126.43
10000,10240,3895,101.62
1000,10485760,689,4596.61
10000,1048576,3068,556.09
10000,102400,3808,126.48
10000,10240,7863,99.93
1000,102400,270,115.57
10000,102400,248,120.64
10000,102400,7981,122.13
10000,10240,8138,109.04
1000,10485760,624,3434.32
10000,102400,5727,129.38
10000,102400,1441,123.60
10000,1048576,1823,913.57
10000,1048576,3290,920.83
10000,10240,5593,112.31
10000,10240,716,110.75
10000,1048576,3489,736.92
10000,1048576,644,725.67
10000,102400,2361,133.71
10000,1048576,7473,598.18
10000,10240,6312,103.28
10000,1048576,4230,661.99
10000,1048576,4471,839.49
1000,1048576,236,735.59
10000,1048576,2739,918.52
10000,102400,7077,129.84
10000,1048576,5098,834.08
10000,10240,1457,108.92
10000,102400,5522,126.18
1000,102400,250,117.26
10000,10240,9200,104.30
10000,10240,2118,112.87
1000,10240,407,98.78
10000,1048576,3288,691.71
10000,1048576,5232,808.31
10000,1048576,75,853.32
10000,1048576,7314,655.39
10000,1048576,4397,786.04
10000,1048576,4076,630.65
10000,1048576,819,583.03
10000,1048576,6144,546.34
10000,1048576,8163,721.55
10000,10240,6519,110.45
10000,102400,5948,119.69
1000,10485760,49,3504.32
10000,10240,605,110.09
10000,10240,72,94.18
10000,1048576,746,1178.88
10000,1048576,2730,2658.64
10000,10240,5316,107.56
10000,1048576,7429,1605.93
1000,10240,329,107.86
10000,102400,5206,119.92
10000,102400,4973,116.02
10000,10240,5492,101.83
1000,102400,754,112.06
10000,10240,5858,97.52
10000,102400,9794,123.32
10000,1048576,3729,723.73
1000,10240,227,214.69
10000,102400,1908,119.75
10000,1048576,3112,786.75
10000,102400,9061,124.63
10000,1048576,5110,641.06
10000,102400,1054,120.86
10000,102400,5743,116.82
1000,1048576,689,825.79
1000,102400,218,124.95
10000,1048576,2411,684.43
10000,102400,6788,122.12
10000,1048576,8744,829.89
10000,102400,4071,127.49
100,104857600,70,35147.22
10000,10240,4341,274.72
1000,10485760,785,4747.73
10000,102400,6633,152.34
10000,10240,4220,98.74
10000,10240,1425,96.03
1000,10240,979,206.46
10000,10240,8099,102.60
10000,1048576,5731,906.27
10000,102400,9314,130.47
10000,102400,4337,223.88
10000,102400,5030,117.12
1000,10485760,672,3037.70
10000,1048576,1500,892.88
10000,1048576,9063,768.24
10000,1048576,9979,723.12
10000,10240,5293,111.34
10000,1048576,4287,703.18
10000,1048576,5802,771.55
10000,1048576,6211,846.09
1000,10240,816,106.97
10000,1048576,5699,736.57
10000,1048576,5444,667.94
10000,1048576,2818,692.67
10000,1048576,9154,576.22
10000,1048576,2783,735.18
10000,1048576,2201,652.60
10000,102400,8213,132.41
10000,102400,3251,115.43
10000,102400,7788,117.85
100,104857600,25,33843.42
10000,10240,4329,291.31
100,102400,71,283.51
1000,10240,115,94.11
1000,10485760,475,3567.16
10000,102400,3583,157.22
10000,1048576,5260,734.46
1000,10485760,834,40181.41
10000,102400,303,507.98
1000,1048576,694,906.85
10000,1048576,2049,728.36
10000,102400,1361,148.23
1000,1048576,254,805.88
10000,10240,2269,114.11
10000,102400,3478,145.63
10000,10240,4513,205.32
10000,102400,893,118.21
10000,102400,2999,124.07
10000,10240,6719,113.16
1000,10485760,680,4573.24
10000,1048576,773,895.04
1000,102400,17,138.54
10000,1048576,1964,487.52
1000,102400,95,126.15
10000,1048576,9277,860.05
10000,1048576,2533,780.54
10000,102400,57,134.03
10000,10240,4114,107.28
10000,1048576,6349,820.09
10000,102400,2734,136.25
10000,10240,2752,110.51
10000,102400,1053,126.34
1000,10240,437,105.70
1000,10485760,756,3322.33
10000,10240,7794,115.98
10000,10240,3994,111.27
10000,1048576,6019,800.16
10000,10240,8155,126.38
10000,10240,6176,105.40
10000,10240,881,105.96
10000,1048576,7438,912.78
10000,10240,8488,115.58
1000,10240,206,106.08
10000,10240,8497,111.70
10000,10240,4786,103.22
10000,102400,6730,121.73
10000,102400,5156,118.94
10000,102400,5938,125.59
1000,1048576,429,919.19
10000,102400,7748,134.22
10000,102400,7675,115.93
10000,1048576,5018,697.15
10000,1048576,5615,752.05
10000,102400,4352,131.78
10000,1048576,4519,603.09
10000,1048576,1451,756.04
10000,10240,1636,306.83
10000,1048576,5592,578.81
10000,102400,343,125.67
10000,102400,1553,124.27
10000,10240,8473,108.10
10000,10240,2807,99.17
10000,102400,5222,119.38
1000,10485760,377,3951.87
10000,10240,7406,116.98
10000,1048576,6183,924.08
10000,10240,5934,112.98
10000,1048576,259,613.88
10000,102400,9102,128.90
10000,10240,1091,107.36
10000,102400,225,118.19
10000,102400,8836,117.41
10000,1048576,1667,842.22
10000,1048576,2185,845.18
10000,1048576,3979,788.91
10000,10240,1825,110.99
10000,102400,9558,117.05
10000,10240,9314,105.91
10000,10240,2962,104.08
10000,1048576,5367,896.49
100,10240,56,112.43
10000,10240,6132,105.64
10000,1048576,8326,703.55
10000,10240,3043,106.07
10000,10240,9842,104.17
10000,10240,1350,107.77
10000,1048576,3002,738.06
100,10485760,43,4543.91
10000,10240,9960,112.14
10000,10240,5209,96.65
10000,1048576,4216,734.23
10000,1048576,6882,670.73
10000,102400,4958,128.39
1000,102400,284,136.21
10000,10240,6483,106.59
10000,102400,2640,113.80
10000,102400,1316,135.65
10000,10240,749,104.38
10000,102400,1572,114.01
1000,10240,347,100.46
10000,10240,4019,104.46
10000,102400,2038,135.46
10000,1048576,7393,666.28
10000,1048576,8627,665.85
10000,1048576,158,739.96
10000,1048576,1940,628.81
10000,1048576,800,1317.18
10000,10240,4067,118.95
10000,10240,5500,97.54
10000,10240,9620,104.22
10000,102400,9429,117.36
10000,10240,1940,101.71
10000,1048576,3244,1837.19
10000,1048576,7246,1395.39
10000,1048576,1045,2110.34
1000,10485760,533,9616.71
10000,1048576,6758,1518.74
10000,102400,1654,130.07
1000,10240,989,110.98
10000,10240,5843,112.48
10000,102400,4894,129.19
10000,1048576,162,1373.43
10000,102400,842,144.02
10000,102400,4523,124.84
100,10485760,53,3392.50
10000,102400,587,131.84
10000,102400,2297,114.42
1000,1048576,657,694.78
1000,10485760,480,4618.82
10000,102400,5564,130.90
10000,10240,7055,118.74
10000,1048576,4250,827.93
10000,10240,9163,105.45
10000,10240,4131,103.18
10000,102400,5703,121.81
10000,102400,1937,153.42
10000,1048576,7062,1684.96
10000,102400,3658,129.25
10000,1048576,7425,752.25
10000,1048576,9300,571.46
10000,102400,6159,129.05
10000,102400,7417,122.43
10000,10240,7817,110.33
10000,10240,8175,105.78
10000,102400,1379,127.23
10000,1048576,4222,788.30
10000,10240,1295,113.27
10000,1048576,1552,680.12
10000,10240,7560,116.42
10000,10240,1571,104.16
100,1048576,99,705.80
10000,102400,3165,135.05
10000,1048576,2420,593.54
100,102400,92,130.03
10000,1048576,6543,661.13
10000,10240,8296,104.02
10000,1048576,5279,645.00
10000,102400,647,144.55
10000,102400,9023,129.21
10000,1048576,3142,738.57
10000,102400,3776,123.55
10000,1048576,1130,528.89
10000,10240,998,118.17
1000,102400,417,124.14
10000,1048576,2675,692.31
10000,10240,1809,111.77
10000,1048576,8094,668.65
10000,1048576,2506,581.19
10000,1048576,4581,727.08
100,10240,17,113.10
10000,10240,5826,106.80
1000,102400,782,126.40
10000,10240,9646,105.65
10000,1048576,6334,703.38
10000,102400,3691,125.06
10000,1048576,4363,584.28
1000,10485760,345,3979.15
10000,1048576,1723,578.02
10000,102400,8379,121.90
10000,102400,4215,126.97
10000,1048576,56,804.08
10000,1048576,2899,507.74
10000,10240,7210,113.60
10000,1048576,2224,699.63
10000,1048576,1680,680.28
10000,10240,6143,124.58
10000,1048576,159,560.00
10000,102400,9117,137.63
10000,102400,8269,120.23
10000,102400,5429,125.41
10000,10240,5389,105.03
10000,10240,4402,107.06
10000,1048576,7699,702.23
10000,1048576,830,687.60
10000,1048576,5302,646.60
10000,102400,1447,122.98
10000,1048576,9695,665.83
1000,1048576,67,697.35
1000,1048576,545,761.17
10000,1048576,2731,2354.68
10000,1048576,5163,785.11
10000,10240,6128,112.27
10000,102400,6585,118.70
10000,10240,3508,108.73
10000,1048576,7791,873.59
1000,102400,162,125.92
10000,10240,4789,95.54
10000,102400,1480,117.77
10000,10240,701,107.74
10000,102400,8978,119.59
10000,10240,6278,103.46
10000,1048576,4058,759.64
10000,10240,7227,103.99
10000,10240,5112,104.47
10000,102400,5663,115.41
10000,102400,49,111.49
10000,102400,6303,121.75
10000,10240,1245,102.35
10000,10240,2115,102.80
10000,10240,8367,100.79
10000,102400,1,119.66
10000,102400,809,122.67
1000,10485760,894,3282.63
10000,102400,1018,141.19
10000,10240,8146,113.05
10000,10240,1783,101.98
10000,102400,5406,115.71
10000,1048576,993,764.47
100,102400,17,133.53
10000,102400,6151,114.36
10000,10240,289,112.35
10000,10240,6781,99.03
10000,1048576,5247,672.98
10000,10240,4588,105.57
1000,1048576,952,680.27
10000,1048576,9804,680.86
10000,10240,9928,112.57
10000,10240,114,118.51
10000,10240,7112,102.71
10000,1048576,879,850.15
10000,1048576,3261,739.82
10000,10240,1625,108.94
10000,10240,4925,100.49
10000,10240,6978,109.45
1000,10240,886,105.53
10000,1048576,2312,687.23
1000,102400,224,129.14
10000,10240,6113,109.41
10000,102400,524,229.92
10000,10240,1450,283.16
10000,1048576,6182,748.27
10000,102400,9953,130.78
10000,102400,8153,125.35
10000,1048576,4663,716.49
10000,102400,7935,122.11
10000,10240,7829,105.28
10000,102400,4996,122.34
10000,10240,9848,104.19
10000,1048576,8803,701.53
10000,10240,5532,117.84
10000,10240,6071,110.24
10000,1048576,3078,624.52
10000,102400,6823,127.60
10000,10240,7028,104.59
1000,1048576,142,670.62
10000,1048576,4395,673.62
10000,10240,1905,113.72
10000,10240,6272,103.97
10000,10240,5226,106.39
10000,1048576,6190,731.42
10000,10240,8771,118.62
10000,1048576,524,575.33
10000,102400,8129,120.68
10000,1048576,9855,551.71
10000,10240,5447,103.45
10000,10240,3190,110.64
10000,102400,9187,132.93
10000,1048576,1596,623.97
100,10240,93,115.67
10000,10240,4011,100.28
10000,10240,5818,92.61
10000,1048576,8394,676.39
10000,10240,5897,108.04
10000,1048576,4869,600.46
10000,102400,9865,164.23
10000,1048576,1161,511.87
10000,10240,3922,110.57
10000,102400,2085,122.40
10000,1048576,9756,647.66
10000,102400,6268,124.47
1000,10485760,961,3973.68
10000,102400,5651,129.78
10000,10240,6073,113.44
10000,1048576,2598,664.95
10000,10240,7619,112.17
10000,10240,3166,98.12
10000,1048576,4951,693.85
1000,10485760,26,3276.39
10000,10240,3400,118.82
10000,10240,997,104.80
10000,102400,4770,118.33
10000,102400,8679,133.61
10000,1048576,8809,666.27
10000,102400,9103,130.75
10000,10240,3044,97.97
10000,10240,5334,95.04
10000,1048576,7182,731.20
10000,102400,2608,120.74
10000,10240,2247,105.05
10000,102400,5960,124.88
10000,10240,4978,100.89
10000,102400,2816,136.48
10000,102400,8325,108.86
10000,102400,3188,114.46
10000,102400,8971,135.75
10000,1048576,6000,680.01
10000,102400,5135,134.79
10000,102400,1703,112.00
10000,1048576,4188,736.26
10000,102400,5693,125.20
1000,10240,524,99.10
10000,1048576,3145,631.62
10000,102400,5240,128.48
1000,10485760,716,3470.74
10000,102400,4236,127.22
10000,102400,4401,115.53
100,102400,15,113.73
10000,102400,9534,124.44
10000,1048576,3271,683.45
10000,10240,576,109.98
10000,102400,5979,131.22
10000,102400,7106,132.28
1000,1048576,662,715.17
10000,1048576,1733,666.96
10000,10240,5717,111.00
10000,102400,6259,121.64
10000,102400,5844,114.81
1000,1048576,589,766.25
1000,10485760,879,3201.87
10000,1048576,3737,639.14
10000,1048576,7328,683.87
10000,102400,4485,130.41
10000,102400,7367,115.18
10000,10240,6660,109.47
10000,102400,8053,139.03
1000,1048576,424,707.78
10000,1048576,6151,18506.56
10000,102400,7691,131.72
10000,102400,8861,123.19
10000,1048576,3497,701.42
10000,102400,2579,143.02
10000,10240,1259,105.20
10000,10240,5187,106.87
10000,1048576,6782,742.20
10000,10240,7681,113.26
10000,10240,3384,107.55
10000,102400,7129,117.17
10000,102400,5255,126.39
10000,10240,7074,103.25
10000,102400,4836,120.34
10000,1048576,7950,722.23
10000,10240,636,113.61
10000,1048576,7229,581.15
10000,1048576,7024,747.58
10000,10240,3955,109.44
1000,10240,977,126.36
10000,102400,5498,119.63
10000,10240,1062,97.66
100,10485760,6,3247.32
10000,1048576,9141,646.53
10000,10240,609,117.80
10000,102400,3300,128.21
10000,102400,1287,107.64
10000,10240,4944,99.22
10000,10240,2758,107.09
10000,10240,7725,113.42
10000,102400,9563,128.64
10000,1048576,8084,658.36
10000,10240,4483,114.94
1000,1048576,487,577.62
10000,1048576,5591,649.95
10000,10240,9846,109.26
10000,102400,8999,123.54
10000,10240,5764,103.57
1000,10240,262,105.28
10000,102400,3602,126.85
10000,102400,1297,113.69
10000,10240,8100,97.03
10000,10240,7977,101.96
10000,10240,9471,100.08
10000,102400,1611,117.51
10000,1048576,3589,658.83
10000,102400,4921,131.23
10000,1048576,3432,670.03
10000,1048576,8278,655.00
10000,102400,3122,128.94
10000,102400,8960,118.00
10000,102400,1995,116.80
10000,1048576,7672,707.29
10000,10240,9654,108.49
10000,10240,9375,102.14
10000,10240,702,109.48
10000,10240,1330,102.43
10000,1048576,5013,680.23
10000,10240,4039,109.24
10000,102400,3588,117.86
10000,102400,4170,119.82
10000,1048576,7651,752.81
10000,1048576,5251,625.07
10000,102400,6241,135.87
10000,1048576,6684,751.40
10000,102400,8623,134.04
10000,10240,4259,104.01
10000,1048576,5949,675.54
10000,1048576,1867,533.70
10000,102400,8362,152.85
10000,10240,8914,104.34
10000,10240,9886,112.26
10000,10240,4211,104.43
10000,1048576,5015,708.28
10000,102400,3257,130.27
10000,1048576,5895,722.04
10000,102400,8487,134.08
10000,102400,9967,126.89
10000,102400,7174,121.87
10000,102400,9996,122.33
10000,102400,2146,117.37
10000,102400,2328,115.42
10000,1048576,472,679.48
10000,102400,2770,127.95
10000,1048576,4208,701.52
10000,102400,3246,126.25
10000,10240,2419,97.77
10000,102400,9357,119.99
10000,10240,6290,100.40
10000,10240,8784,112.12
10000,1048576,2865,692.94
10000,1048576,8178,602.97
10000,102400,2777,126.52
10000,102400,4387,114.94
10000,1048576,816,635.55
10000,1048576,6646,687.79
10000,10240,4254,106.28
10000,1048576,3187,673.46
10000,1048576,1798,669.98
10000,10240,7693,112.96
10000,10240,3685,103.78
1000,10240,443,108.33
10000,1048576,4575,687.83
10000,1048576,6035,786.35
10000,102400,3730,137.09
10000,102400,2547,112.18
10000,1048576,144,721.87
1000,10240,211,110.11
10000,102400,9317,107.00
1000,10485760,836,3417.92
10000,1048576,8092,647.34
10000,1048576,728,726.60
1000,10240,945,118.95
10000,10240,9075,109.97
10000,10240,7076,110.92
10000,10240,5121,105.36
10000,1048576,1116,693.72
10000,10240,5889,111.26
10000,10240,9204,98.83
10000,1048576,5660,651.28
1000,10240,520,100.92
10000,1048576,1281,760.07
10000,10240,942,329.29
10000,1048576,4678,727.24
10000,1048576,7337,676.87
10000,1048576,3921,673.95
10000,102400,832,313.21
10000,10240,1580,106.99
10000,102400,8744,130.73
10000,1048576,936,603.36
10000,10240,1095,111.42
10000,102400,9115,122.34
10000,102400,1007,123.41
10000,1048576,3081,727.26
10000,102400,7461,127.12
10000,1048576,3043,676.88
10000,102400,3895,133.34
10000,10240,1956,122.57
10000,102400,279,116.98
10000,10240,5980,106.97
10000,1048576,653,656.86
10000,10240,9839,102.84
10000,10240,5519,100.72
10000,10240,4461,98.70
10000,102400,2622,139.80
100,102400,42,116.25
10000,10240,2222,100.18
10000,10240,7243,92.27
10000,1048576,5218,652.78
10000,102400,1225,124.70
10000,1048576,1198,734.99
10000,1048576,5156,624.16
1000,10240,38,111.57
10000,10240,6084,112.89
10000,102400,2225,119.28
10000,102400,2117,115.41
10000,1048576,4901,711.46
10000,10240,5179,113.57
10000,102400,6067,124.54
10000,102400,3613,125.90
10000,1048576,3725,742.75
10000,102400,2228,130.52
10000,1048576,8020,674.54
10000,102400,4798,125.55
10000,102400,862,124.35
10000,10240,5505,99.03
10000,10240,2762,100.77
10000,102400,9406,120.38
10000,102400,4323,121.49
10000,102400,8397,119.07
10000,10240,4531,108.34
10000,102400,6729,130.03
10000,10240,9030,105.74
10000,10240,9723,100.03
10000,1048576,6867,753.98
10000,10240,6034,112.32
10000,102400,6935,122.73
100,10240,34,101.31
10000,1048576,197,696.27
10000,10240,5115,109.09
10000,1048576,3776,621.93
10000,1048576,9278,675.55
1000,102400,345,127.06
10000,10240,3878,103.99
10000,1048576,6545,702.67
10000,10240,7800,108.84
10000,102400,7602,118.65
10000,102400,941,118.40
10000,10240,2390,111.99
10000,1048576,3380,642.87
10000,1048576,2939,694.51
1000,1048576,970,669.72
10000,1048576,7611,712.17
1000,10240,591,113.16
10000,102400,6438,123.23
10000,10240,7945,112.42
10000,10240,4474,97.68
10000,102400,6953,121.14
10000,10240,5484,104.83
10000,10240,8245,98.04
10000,102400,2365,119.19
10000,102400,8409,116.57
10000,10240,3559,102.12
10000,10240,426,104.80
10000,10240,9457,109.39
1000,10240,731,94.33
10000,1048576,9809,755.99
10000,102400,960,126.67
10000,102400,782,113.69
1000,1048576,290,665.55
10000,1048576,2511,710.62
10000,102400,4552,125.91
10000,102400,5819,136.33
10000,10240,4075,103.66
10000,1048576,192,707.86
10000,10240,2952,120.01
10000,10240,334,111.32
10000,10240,5357,118.46
10000,1048576,3028,676.40
1000,10485760,629,3689.59
10000,10240,583,127.72
10000,102400,1280,125.19
10000,102400,3900,116.85
10000,102400,1463,115.79
10000,1048576,8984,602.04
10000,10240,7915,114.66
10000,10240,2914,105.65
10000,102400,8705,126.04
10000,1048576,4808,719.26
10000,1048576,7408,599.08
10000,10240,4991,113.06
10000,10240,4395,105.94
1000,10240,328,107.78
10000,102400,1430,127.38
10000,102400,535,128.46
10000,10240,7697,101.36
10000,10240,4586,107.05
10000,102400,6697,120.90
10000,102400,5623,117.00
10000,1048576,6707,711.85
1000,102400,656,140.16
10000,102400,7760,120.02
10000,1048576,8595,816.90
10000,102400,2684,145.47
1000,1048576,168,517.32
10000,10240,7667,113.06
10000,1048576,3534,556.41
10000,102400,5683,137.44
10000,1048576,7669,852.19
10000,10240,7847,111.56
10000,102400,6216,121.75
10000,10240,934,106.25
1000,102400,475,121.84
10000,1048576,2727,672.57
10000,102400,6723,131.82
10000,102400,5169,120.07
10000,10240,4095,109.00
1000,10485760,829,3426.91
10000,1048576,2820,731.72
10000,10240,3936,117.89
10000,1048576,3159,683.35
10000,1048576,9354,575.84
10000,10240,1662,108.87
10000,10240,5754,113.20
10000,10240,2954,109.14
10000,102400,7237,123.07
10000,1048576,9841,742.13
1000,10240,485,119.57
10000,102400,9497,122.51
10000,102400,9341,114.52
10000,10240,9709,113.92
10000,1048576,9591,668.83
10000,10240,3500,115.17
10000,10240,5602,106.84
10000,10240,5167,113.48
10000,1048576,6058,688.71
10000,1048576,8667,673.09
10000,1048576,5033,680.54
10000,1048576,5382,698.49
10000,1048576,9243,713.76
10000,102400,8846,133.54
1000,10240,242,97.22
10000,1048576,4696,744.99
10000,102400,1422,127.22
10000,10240,244,100.03
10000,102400,2765,113.70
1000,10485760,451,4198.97
10000,1048576,4561,688.03
10000,10240,457,115.27
1000,10240,641,116.92
10000,10240,123,107.51
10000,1048576,6038,614.91
10000,10240,859,106.42
10000,102400,6799,126.88
10000,10240,6572,108.71
1000,10240,924,110.08
10000,102400,3892,118.63
10000,1048576,1935,672.44
10000,10240,7126,110.55
10000,102400,2470,127.17
10000,102400,7066,124.99
10000,10240,7231,103.75
10000,10240,1975,98.59
10000,102400,1307,118.75
1000,10485760,707,4081.52
10000,1048576,2643,716.88
10000,102400,2952,128.54
10000,10240,4494,99.96
10000,102400,3355,115.17
10000,10240,8409,119.18
1000,102400,178,111.28
10000,1048576,6312,613.56
10000,102400,1446,129.53
10000,102400,3897,126.06
10000,10240,9049,114.33
10000,10240,9335,104.78
10000,10240,8546,105.72
10000,1048576,2782,663.47
10000,1048576,9000,687.65
10000,10240,7782,117.72
10000,10240,6862,101.70
10000,10240,8860,104.97
1000,102400,432,115.30
10000,1048576,2062,763.68
10000,1048576,278,526.11
10000,10240,1753,109.37
10000,1048576,4431,709.26
10000,1048576,3838,694.66
10000,102400,6853,137.46
10000,10240,7024,105.85
1000,10240,543,106.81
1000,10485760,598,3985.83
1000,1048576,973,801.29
10000,102400,6071,132.51
10000,102400,8718,121.09
10000,10240,3204,106.55
10000,1048576,5233,643.76
10000,102400,3589,139.71
10000,102400,6250,111.83
10000,10240,1090,101.26
10000,10240,5861,114.51
10000,1048576,8746,640.99
1000,10485760,427,4183.56
10000,1048576,9183,586.35
10000,102400,7558,138.54
10000,10240,2454,104.34
10000,10240,7414,105.44
10000,10240,5213,102.35
10000,1048576,1591,674.95
10000,1048576,8753,695.02
10000,102400,8639,123.90
10000,1048576,1911,599.84
10000,1048576,8050,682.82
10000,1048576,7220,640.79
10000,10240,3911,117.02
10000,10240,3458,97.58
10000,1048576,3668,766.26
10000,102400,2244,126.57
10000,10240,6565,104.81
10000,10240,7520,90.51
10000,1048576,3199,661.57
10000,102400,2702,130.95
10000,1048576,6084,564.52
10000,102400,4882,117.72
10000,10240,3636,100.37
10000,10240,4350,106.14
10000,10240,5566,100.05
10000,102400,2451,124.02
10000,1048576,6064,693.87
10000,10240,1444,110.63
1000,1048576,320,524.92
10000,10240,1044,100.58
10000,10240,155,121.43
10000,10240,8649,120.01
1000,102400,908,124.55
10000,10240,7174,102.86
10000,102400,2795,111.27
10000,10240,4974,111.27
10000,10240,7819,106.41
10000,102400,8661,108.29
1000,10240,371,104.15
1000,1048576,963,697.71
10000,10240,4808,104.88
10000,1048576,6085,687.00
10000,1048576,462,677.89
10000,10240,5362,108.63
10000,10240,1703,111.42
10000,102400,3651,126.75
10000,1048576,5752,604.47
10000,102400,6455,130.49
10000,10240,1507,111.17
10000,10240,6694,96.21
10000,1048576,7066,681.29
100,10240,51,111.89
10000,102400,9922,121.86
10000,102400,8749,119.69
10000,1048576,8446,780.87
10000,10240,3097,108.38
10000,102400,5706,120.22
10000,102400,1718,116.14
10000,102400,3398,124.41
10000,10240,4536,103.14
10000,102400,1808,125.68
10000,10240,2515,111.29
10000,10240,4715,113.23
10000,102400,1362,121.09
10000,1048576,5865,803.00
100,10485760,74,3159.41
10000,10240,4046,117.08
10000,10240,8834,101.25
10000,102400,5479,119.62
10000,102400,1229,110.05
10000,1048576,1662,706.43
1000,10240,781,119.20
10000,1048576,949,782.00
10000,10240,902,116.00
10000,102400,91,118.15
10000,10240,5247,101.45
10000,10240,9295,99.17
10000,102400,5896,126.97
1000,1048576,577,849.03
10000,102400,2654,130.36
1000,10485760,957,2956.32
10000,10240,6475,115.18
1000,10485760,386,3192.11
10000,10240,9170,108.92
10000,1048576,5046,926.41
10000,10240,6985,113.34
10000,102400,6944,125.15
10000,10240,7838,101.63
10000,102400,9524,129.43
10000,102400,7880,112.47
10000,102400,6505,108.41
10000,1048576,4163,878.73
1000,102400,627,120.20
1000,1048576,330,741.66
10000,102400,5579,120.85
10000,10240,9127,104.87
1000,10240,973,101.03
10000,10240,2103,107.95
10000,102400,3875,112.24
10000,1048576,7859,755.11
10000,10240,5263,103.06
10000,10240,9431,98.23
10000,1048576,4757,753.71
10000,102400,6470,123.75
10000,102400,5398,117.31
10000,102400,937,108.83
10000,102400,5036,114.08
10000,102400,6405,108.35
10000,1048576,7548,901.20
10000,10240,6657,109.68
10000,102400,1356,116.74
10000,102400,9378,115.27
10000,1048576,3894,748.88
10000,10240,341,106.32
10000,1048576,7309,867.94
10000,1048576,7223,773.25
10000,1048576,1939,781.37
10000,102400,190,123.05
10000,1048576,8000,571.83
10000,10240,581,110.04
10000,1048576,4559,819.40
1000,1048576,352,814.01
10000,10240,5849,104.07
10000,102400,3474,115.77
10000,1048576,5869,845.56
10000,1048576,9891,722.81
10000,1048576,9290,675.55
10000,102400,8809,132.96
10000,10240,633,96.11
10000,10240,5652,94.72
10000,10240,5486,97.45
10000,10240,825,97.16
10000,102400,9618,135.00
10000,10240,8671,99.90
10000,1048576,2698,738.65
10000,1048576,2082,740.62
1000,10485760,928,3144.58
10000,1048576,184,740.30
10000,1048576,7978,570.72
10000,102400,6819,126.30
10000,10240,6507,101.35
10000,102400,8075,113.44
10000,10240,1983,102.71
10000,102400,3984,109.12
10000,1048576,2845,902.10
10000,102400,7974,126.12
100,10485760,0,3217.37
10000,102400,3238,124.93
10000,10240,4595,103.36
10000,10240,3662,93.47
10000,1048576,4406,728.54
10000,102400,1725,121.39
10000,102400,7926,111.96
10000,1048576,9062,763.29
1000,10485760,723,4081.76
10000,1048576,6050,795.66
10000,10240,8236,114.68
10000,1048576,7469,724.94
10000,102400,3099,129.85
10000,1048576,9764,762.58
10000,102400,6643,134.10
10000,102400,6911,130.85
10000,10240,3759,103.00
10000,10240,5728,99.00
10000,102400,7112,117.11
1000,10240,604,100.21
1000,102400,336,114.16
10000,1048576,4946,836.32
10000,102400,210,123.49
1000,10485760,675,3024.66
10000,102400,9488,127.50
10000,1048576,3535,693.94
10000,10240,7142,118.12
10000,102400,4826,129.85
10000,102400,7586,111.08
1000,1048576,540,1140.91
10000,102400,6660,120.88
1000,1048576,206,769.09
10000,102400,8490,126.49
10000,1048576,3646,472.75
10000,1048576,1577,684.94
10000,1048576,7277,579.06
10000,102400,157,117.51
10000,102400,6482,110.04
10000,102400,3335,119.98
10000,1048576,6732,1394.34
10000,10240,5219,121.14
10000,10240,7233,95.71
10000,102400,6557,113.02
10000,102400,4952,115.51
10000,10240,7368,104.91
1000,1048576,72,2713.54
10000,102400,7324,115.67
10000,1048576,9650,3944.99
10000,102400,670,125.22
10000,1048576,3358,3168.50
10000,10240,1021,113.48
10000,102400,2752,114.70
10000,1048576,6923,3637.55
10000,10240,3792,116.62
10000,102400,2421,117.20
10000,102400,1922,107.69
10000,1048576,5171,1801.25
10000,10240,6142,103.63
10000,102400,7136,117.78
10000,10240,507,249.73
10000,10240,9712,98.58
10000,102400,5471,113.61
10000,102400,5397,123.68
10000,102400,5063,118.98
10000,102400,4961,115.79
10000,102400,3727,109.47
1000,10485760,414,4563.39
10000,10240,3206,112.88
10000,102400,2646,127.83
10000,10240,7481,94.44
10000,102400,8090,111.94
10000,1048576,318,906.01
10000,1048576,7897,757.97
10000,102400,9879,133.69
10000,1048576,4720,1120.61
1000,10240,827,111.19
1000,102400,953,119.08
10000,102400,747,115.55
10000,1048576,3841,2221.20
10000,10240,9685,111.43
1000,10485760,102,6317.44
10000,102400,704,129.26
10000,10240,7992,105.46
10000,1048576,5974,871.53
10000,1048576,5809,622.47
10000,102400,7678,120.19
10000,1048576,3177,694.29
10000,10240,8651,136.51
10000,102400,2753,127.10
1000,10240,260,96.30
10000,10240,1286,214.40
10000,1048576,9529,699.71
10000,1048576,379,921.43
10000,102400,2034,320.97
10000,10240,9161,177.66
10000,10240,9877,112.94
10000,102400,7284,117.37
10000,10240,2366,107.33
10000,10240,5126,94.46
1000,10485760,353,8121.39
10000,10240,9299,109.36
10000,1048576,1279,1502.95
10000,102400,7304,119.91
10000,10240,4082,96.19
10000,10240,5848,94.47
10000,10240,1420,105.41
10000,1048576,9018,837.56
10000,102400,7472,234.86
10000,10240,9014,92.80
10000,1048576,3243,1218.74
10000,10240,8092,98.41
10000,10240,6500,112.57
10000,1048576,2943,775.03
10000,102400,9672,126.73
10000,102400,5134,116.29
10000,102400,8160,120.25
10000,10240,484,98.39
10000,10240,1454,100.01
10000,1048576,2179,1990.32
1000,1048576,878,1083.83
10000,10240,2882,112.50
10000,1048576,7895,780.75
10000,102400,6925,126.53
10000,1048576,2974,877.60
10000,102400,8688,122.27
1000,10485760,180,12305.53
10000,1048576,6146,10133.95
10000,10240,9126,145.34
1000,1048576,474,4654.78
10000,1048576,9394,716.02
10000,1048576,6551,5594.74
10000,10240,6468,102.28
10000,10240,6944,136.06
10000,102400,1164,114.32
10000,1048576,8902,6584.59
10000,1048576,2165,2789.78
1000,1048576,6,1105.25
10000,102400,1009,138.70
1000,10485760,596,3476.68
10000,102400,2017,126.00
10000,10240,7995,96.68
10000,1048576,8053,4300.30
10000,102400,1935,117.29
10000,1048576,4704,4577.75
10000,1048576,3511,1545.30
10000,1048576,6284,843.13
10000,102400,1580,127.33
10000,10240,4764,123.33
10000,10240,8874,93.86
10000,102400,5707,109.48
10000,1048576,3223,765.82
1000,10240,626,114.76
10000,1048576,1239,888.36
10000,10240,4022,112.68
10000,1048576,7951,487.94
1000,1048576,258,635.24
1000,102400,156,123.27
10000,1048576,8249,698.44
1000,102400,347,126.22
10000,102400,3962,116.00
10000,102400,897,112.24
1000,10485760,867,7818.41
10000,1048576,881,2776.59
10000,10240,9869,366.56
10000,1048576,8112,2563.70
10000,102400,9485,130.94
10000,10240,8011,96.86
10000,10240,1995,99.55
10000,1048576,5194,1677.23
10000,102400,1390,116.39
10000,10240,6879,96.32
10000,102400,5808,109.71
10000,10240,273,105.31
10000,10240,62,213.60
10000,10240,9891,291.22
10000,102400,85,216.44
1000,10485760,127,14410.32
10000,1048576,9559,3367.96
10000,10240,5939,114.36
1000,10485760,722,4123.63
10000,102400,5362,148.29
1000,1048576,841,843.39
10000,102400,2366,130.11
10000,102400,2948,116.37
10000,1048576,6114,819.14
10000,102400,3917,128.95
10000,10240,1151,96.07
10000,10240,3382,97.24
10000,1048576,6452,729.22
10000,10240,4171,109.35
10000,102400,9421,110.06
10000,102400,1890,108.46
10000,10240,8871,103.87
10000,10240,173,104.47
1000,10485760,809,3502.14
10000,1048576,9838,750.69
10000,102400,879,128.74
10000,1048576,8643,752.84
10000,10240,3562,101.80
10000,102400,23,120.39
10000,102400,3459,117.02
10000,1048576,9851,675.97
10000,102400,4797,128.43
10000,10240,3074,102.48
10000,1048576,5095,811.34
10000,102400,2378,121.91
1000,102400,15,112.60
1000,10485760,482,4398.08
10000,1048576,156,794.15
10000,1048576,7334,685.09
10000,102400,851,120.09
10000,102400,2107,108.71
10000,102400,2114,111.65
10000,1048576,5614,871.11
10000,102400,4081,128.47
10000,1048576,6596,783.41
10000,10240,8338,107.07
10000,102400,7791,117.26
10000,10240,4908,102.26
10000,102400,5815,114.65
10000,102400,6761,108.31
10000,10240,2009,107.24
10000,1048576,3614,745.31
10000,102400,428,119.16
10000,10240,1624,106.23
10000,1048576,7402,795.91
10000,10240,7451,109.98
10000,10240,6605,217.55
1000,102400,699,112.96
10000,1048576,4436,880.93
10000,1048576,5395,747.68
10000,10240,8455,109.29
10000,102400,822,120.70
10000,1048576,193,755.34
10000,10240,8043,109.52
10000,102400,1746,128.82
10000,1048576,8676,680.64
10000,1048576,5024,502.43
10000,102400,6322,131.18
10000,102400,236,118.33
10000,102400,7525,123.00
10000,102400,5386,112.08
10000,10240,5053,98.67
10000,102400,334,121.71
10000,102400,2659,112.47
10000,10240,5296,98.61
10000,10240,5801,98.39
10000,1048576,801,760.75
10000,102400,6808,122.46
1000,10485760,248,4118.27
10000,102400,9587,132.55
1000,1048576,616,2248.51
10000,1048576,535,1280.65
10000,102400,6598,126.28
10000,1048576,2461,884.40
10000,10240,5850,99.54
10000,1048576,4921,891.78
1000,10240,567,104.48
10000,1048576,1137,834.30
10000,1048576,6621,966.27
1000,1048576,333,899.99
10000,1048576,431,696.80
10000,1048576,1181,674.20
10000,102400,7216,117.69
10000,102400,3210,122.11
10000,1048576,9256,752.96
10000,10240,4755,100.59
10000,1048576,8878,758.38
10000,10240,8666,101.70
10000,1048576,594,567.75
10000,102400,7624,126.20
10000,10240,4093,97.41
10000,1048576,8674,834.52
10000,1048576,8142,514.27
10000,1048576,5017,586.71
10000,10240,8483,108.44
1000,10485760,244,4168.49
1000,10240,112,108.94
10000,10240,2324,100.50
10000,10240,9045,101.46
10000,102400,1670,109.67
10000,10240,2761,410.07
10000,102400,4221,113.45
10000,102400,5000,124.28
10000,102400,8691,122.33
1000,10240,620,103.89
10000,1048576,1549,775.19
10000,10240,9050,103.25
10000,102400,454,120.48
10000,102400,5935,112.10
10000,10240,4691,98.06
10000,10240,3273,103.24
10000,10240,3252,99.71
10000,10240,7588,99.90
10000,10240,9788,97.01
10000,102400,3414,119.44
10000,1048576,6177,2464.55
100,10485760,80,6278.01
1000,102400,505,136.50
10000,102400,689,107.92
10000,1048576,4680,5735.21
10000,1048576,9051,1766.32
1000,102400,710,123.39
1000,1048576,851,726.70
10000,10240,9586,110.24
10000,10240,6309,107.20
10000,1048576,2587,1627.00
10000,1048576,4092,5210.60
10000,102400,9400,203.74
10000,1048576,2860,3807.27
10000,1048576,9833,1640.32
10000,102400,1003,141.09
10000,102400,1719,112.03
10000,10240,4924,105.46
10000,10240,151,103.52
10000,102400,7990,112.56
10000,10240,4953,102.49
10000,10240,3357,103.25
10000,102400,8242,112.83
10000,102400,6928,115.61
10000,10240,2648,95.21
10000,1048576,4262,857.91
10000,102400,7597,125.64
10000,10240,4384,91.82
10000,102400,588,114.94
10000,102400,9809,127.24
10000,1048576,4181,785.84
10000,102400,9569,117.10
10000,1048576,6939,605.30
10000,10240,9753,105.77
1000,1048576,911,660.48
10000,10240,7381,107.67
10000,102400,368,111.70
10000,1048576,386,787.23
1000,10485760,944,3812.74
1000,10485760,520,3276.01
10000,1048576,6473,629.19
10000,10240,957,105.91
10000,10240,7535,107.52
10000,1048576,3226,953.26
10000,10240,7179,112.03
1000,102400,674,110.85
10000,10240,1641,99.48
10000,1048576,4820,731.46
10000,1048576,2302,687.40
10000,102400,1999,121.15
10000,10240,5289,99.40
10000,10240,8252,97.44
10000,1048576,3311,670.29
1000,10485760,24,3938.83
10000,102400,7079,118.56
10000,1048576,7586,540.93
10000,1048576,7531,689.01
10000,10240,6497,100.28
100,102400,81,114.35
10000,10240,7946,102.74
1000,10485760,408,3286.26
10000,1048576,1744,1629.37
10000,102400,8548,127.45
10000,10240,1372,88.22
10000,10240,845,113.20
10000,102400,9224,126.24
10000,1048576,2738,3099.81
10000,10240,2489,104.63
10000,102400,126,109.63
10000,10240,2488,94.96
10000,1048576,6799,808.00
10000,10240,4143,101.83
10000,10240,303,93.41
10000,1048576,452,2208.20
10000,1048576,9423,3830.21
10000,1048576,9211,3958.06
10000,10240,9016,415.90
10000,102400,5897,110.96
10000,1048576,2933,2562.42
10000,102400,9847,118.12
1000,10485760,531,6674.11
10000,1048576,2404,1706.33
1000,102400,945,122.91
10000,1048576,7111,958.55
10000,102400,5807,157.91
10000,102400,175,251.51
10000,1048576,6459,734.43
10000,102400,2133,126.07
10000,102400,3706,123.07
10000,1048576,8770,844.52
10000,102400,3530,127.84
10000,10240,8374,99.38
1000,1048576,280,796.30
10000,10240,9403,104.12
10000,1048576,5311,1344.86
10000,10240,3627,110.23
10000,102400,5781,124.45
10000,102400,8367,116.10
10000,10240,5947,106.39
10000,102400,5290,116.84
10000,102400,794,118.67
1000,10240,469,102.34
10000,102400,3403,111.56
10000,1048576,8341,3236.29
10000,1048576,1494,4133.92
10000,10240,3220,98.74
10000,10240,5988,92.45
100,1048576,45,4790.99
10000,1048576,4162,3807.10
10000,1048576,9144,2619.57
1000,1048576,862,3251.69
10000,1048576,7362,3458.44
10000,102400,522,261.56
10000,102400,6320,140.99
10000,102400,3315,117.08
10000,102400,8004,116.71
10000,102400,5924,116.24
10000,1048576,300,978.96
10000,102400,1271,122.02
10000,10240,6194,97.02
10000,1048576,7188,808.73
10000,10240,7762,110.64
10000,102400,6619,126.76
10000,1048576,9217,848.91
1000,102400,774,126.70
10000,10240,9343,108.25
10000,102400,393,238.10
10000,10240,1234,98.52
10000,1048576,3251,754.89
10000,10240,8302,116.17
10000,1048576,2883,709.98
1000,1048576,106,562.35
10000,10240,8788,104.70
10000,10240,1652,93.95
10000,1048576,5212,696.25
10000,1048576,803,659.91
10000,10240,7523,137.66
1000,10485760,747,3800.29
10000,10240,8341,112.17
1000,10485760,570,3172.68
10000,102400,7297,131.21
10000,102400,7695,114.81
10000,1048576,6983,774.30
10000,10240,8798,111.01
10000,102400,7353,122.29
10000,1048576,957,770.83
1000,10485760,663,3836.31
10000,1048576,3659,580.59
10000,1048576,1481,3185.76
10000,1048576,5590,8435.55
10000,1048576,5966,592.52
10000,102400,986,122.07
10000,102400,8878,227.16
10000,10240,1576,127.40
10000,1048576,9484,1961.22
10000,10240,2296,108.81
10000,102400,7514,226.77
10000,10240,3883,117.85
10000,10240,2627,109.43
10000,10240,4247,99.31
1000,10485760,10,14935.99
1000,1048576,499,1665.70
1000,10485760,4,7991.17
1000,1048576,528,668.58
1000,10485760,774,3462.99
10000,10240,1705,105.66
1000,10485760,553,4233.61
10000,1048576,1165,606.26
10000,102400,7567,117.17
10000,1048576,3889,774.18
10000,102400,180,131.61
10000,102400,3328,125.89
10000,10240,2968,98.76
10000,102400,2833,143.42
10000,10240,5987,105.04
10000,10240,5546,111.75
10000,10240,5182,105.36
10000,1048576,412,718.15
10000,102400,7594,136.60
10000,10240,5504,113.54
10000,10240,3033,94.86
10000,10240,6271,101.76
10000,102400,7890,112.28
1000,102400,864,125.79
10000,10240,3129,103.12
10000,102400,3501,117.00
10000,10240,9250,108.78
10000,102400,6362,120.71
10000,1048576,428,756.15
1000,10485760,250,3851.17
1000,102400,226,125.45
10000,1048576,24,752.26
10000,10240,2628,117.00
10000,10240,553,103.37
10000,1048576,3556,724.85
10000,1048576,8961,799.77
10000,102400,3680,122.70
10000,102400,3557,118.20
10000,10240,9102,99.45
1000,10240,254,102.17
10000,10240,2163,99.22
10000,1048576,7902,800.66
10000,10240,335,107.94
10000,102400,7722,119.74
100,1048576,17,834.62
10000,10240,4813,105.72
10000,102400,4684,128.63
10000,10240,7639,97.18
10000,102400,3306,121.96
10000,1048576,9583,716.33
10000,10240,1844,107.79
10000,1048576,5244,1027.93
10000,10240,2152,107.07
10000,10240,9868,102.63
10000,1048576,5893,2344.21
10000,102400,703,118.51
10000,102400,4597,109.65
10000,1048576,302,811.97
10000,10240,2581,108.08
10000,102400,6743,124.28
10000,102400,1626,111.91
10000,102400,3929,118.42
10000,10240,7397,101.05
1000,102400,241,110.50
10000,102400,2977,124.53
10000,1048576,8493,895.92
10000,1048576,8785,900.10
10000,10240,2141,117.72
10000,102400,7147,110.80
10000,1048576,9512,766.57
10000,10240,4997,107.07
10000,1048576,3202,874.72
10000,10240,788,108.37
10000,102400,4801,119.31
10000,102400,7975,114.60
10000,1048576,2746,822.84
10000,10240,2683,109.64
10000,102400,7402,120.26
10000,102400,9692,112.68
10000,10240,3277,109.53
10000,10240,7086,101.13
10000,102400,4437,118.10
10000,1048576,3212,754.27
10000,102400,7343,143.96
10000,1048576,880,748.24
10000,1048576,1753,684.89
1000,1048576,71,698.29
10000,10240,1503,107.26
1000,10485760,289,3805.55
10000,10240,4964,111.56
10000,10240,6428,93.68
10000,102400,3692,114.24
10000,102400,7003,114.89
10000,102400,2137,128.58
1000,1048576,760,788.15
10000,10240,5294,109.03
10000,1048576,943,701.60
10000,102400,3425,124.43
100,104857600,4,34616.08
10000,1048576,1032,9280.15
10000,1048576,7006,4837.61
10000,102400,5928,210.90
10000,10240,7216,125.90
10000,1048576,8868,6023.35
10000,1048576,9382,6853.76
10000,102400,3402,245.41
10000,102400,4788,259.10
10000,102400,1629,120.94
10000,102400,468,217.49
1000,102400,546,118.83
10000,10240,5311,103.20
10000,1048576,9562,6034.58
10000,1048576,9702,6974.08
10000,10240,505,114.62
10000,102400,3869,229.44
10000,1048576,9317,6510.83
10000,102400,1324,247.84
10000,10240,874,111.51
10000,102400,8037,145.09
10000,102400,5148,225.73
10000,102400,2509,119.58
10000,10240,7575,105.49
10000,10240,3064,102.00
10000,10240,9340,103.15
10000,102400,288,125.81
10000,102400,2729,118.81
1000,102400,23,116.72
10000,10240,5742,106.85
1000,1048576,26,12338.14
10000,102400,3538,238.45
10000,1048576,8352,3495.96
10000,10240,3275,146.65
10000,10240,3221,103.25
10000,10240,9774,227.88
1000,102400,870,127.92
10000,10240,7723,107.91
10000,102400,4555,136.81
10000,102400,2520,127.06
10000,1048576,3440,6254.03
1000,10485760,819,17717.03
10000,10240,805,208.34
10000,10240,7864,199.92
1000,102400,77,243.82
10000,10240,1018,92.49
10000,102400,6641,131.55
10000,102400,28,120.11
1000,102400,713,115.73
10000,1048576,3316,2541.41
10000,1048576,1673,2041.95
10000,102400,7817,122.92
10000,1048576,8105,1078.01
1000,10485760,387,10500.18
10000,102400,8243,279.03
1000,10240,342,102.20
10000,102400,7440,107.09
10000,1048576,992,4537.25
10000,1048576,5068,2489.72
10000,1048576,1998,3498.55
10000,10240,3051,351.70
10000,10240,4501,104.10
1000,10240,890,122.47
10000,10240,4238,98.56
10000,10240,2175,98.23
10000,102400,3234,124.76
10000,10240,9208,127.43
10000,1048576,631,2112.82
10000,1048576,5892,736.45
10000,10240,9963,112.51
10000,1048576,8458,817.57
10000,10240,5346,106.20
10000,10240,2282,104.78
10000,1048576,3987,700.73
10000,10240,6733,109.16
10000,1048576,1194,728.74
10000,1048576,4593,766.45
10000,102400,5090,125.03
10000,10240,4675,100.81
10000,1048576,5049,650.92
10000,102400,4099,127.05
10000,10240,1626,108.51
10000,1048576,7308,685.00
10000,102400,9093,128.90
10000,102400,8396,118.09
10000,1048576,2218,760.15
10000,10240,5272,111.76
10000,10240,6971,99.71
10000,102400,626,130.39
10000,102400,5370,120.17
10000,102400,7743,115.68
10000,10240,3528,100.48
100,1048576,90,851.03
10000,1048576,7679,508.22
10000,102400,7663,115.03
10000,102400,1298,116.72
10000,1048576,9084,749.30
10000,102400,8373,152.75
10000,102400,3721,122.02
10000,10240,1622,102.82
10000,1048576,8767,897.95
10000,102400,2873,130.40
10000,10240,4637,105.82
10000,102400,198,112.94
1000,10240,739,100.02
10000,10240,1203,96.39
10000,10240,5480,100.35
10000,10240,4132,102.36
10000,10240,5252,99.56
10000,1048576,6673,768.34
10000,102400,1011,134.73
10000,10240,480,102.81
10000,1048576,3152,728.46
10000,102400,547,139.42
10000,102400,3885,118.18
10000,102400,8204,128.58
10000,10240,3897,97.91
10000,1048576,2960,790.32
10000,102400,8276,124.61
10000,1048576,1143,680.71
10000,102400,4815,128.26
10000,102400,6755,115.58
10000,102400,9479,126.23
10000,1048576,5692,957.14
10000,10240,3216,113.91
1000,102400,856,116.46
1000,10485760,330,3733.26
10000,1048576,8716,1369.41
10000,10240,657,110.53
10000,10240,7,107.30
10000,10240,4376,102.02
10000,10240,7436,104.09
10000,102400,1713,122.16
10000,102400,1239,122.86
10000,1048576,6592,803.47
10000,102400,7142,116.32
100,102400,30,117.31
10000,102400,9382,122.83
10000,1048576,107,1304.63
1000,10240,194,110.84
10000,1048576,2604,718.28
1000,102400,412,132.36
10000,102400,272,118.11
10000,10240,4640,103.16
10000,102400,9116,117.47
10000,102400,9059,112.53
10000,10240,6578,101.11
10000,1048576,2591,844.38
10000,1048576,4119,1001.90
10000,102400,4720,132.81
10000,1048576,6428,917.08
1000,102400,206,136.39
10000,1048576,3245,1280.57
10000,102400,2584,119.49
10000,102400,7491,114.66
10000,102400,3660,117.91
10000,102400,5499,116.43
10000,1048576,5451,1303.56
10000,1048576,8653,1513.60
10000,1048576,9754,2077.91
10000,10240,9912,110.63
1000,1048576,784,1723.97
10000,1048576,8294,3807.97
10000,10240,3517,103.00
10000,10240,6703,103.59
10000,102400,9560,122.56
10000,10240,6581,100.36
10000,102400,2998,114.44
10000,1048576,7338,5400.70
1000,10485760,771,54113.42
10000,1048576,43,10420.49
10000,10240,7194,113.94
1000,10240,687,151.48
10000,1048576,2729,13065.58
10000,102400,6008,265.26
10000,1048576,1487,8350.10
10000,102400,2267,159.00
10000,10240,9255,108.95
10000,10240,1137,104.29
10000,1048576,5104,9454.57
1000,102400,649,147.68
10000,10240,3858,126.67
10000,102400,8863,120.30
10000,102400,3739,118.35
10000,102400,6139,380.77
1000,102400,157,218.31
10000,10240,8009,102.53
10000,102400,4896,123.12
10000,1048576,1309,6139.31
10000,1048576,4485,6304.82
1000,10240,621,219.24
10000,102400,9048,246.74
10000,10240,8137,101.59
10000,10240,9897,96.91
10000,10240,4916,106.86
10000,1048576,9913,8621.03
1000,10240,315,110.69
1000,10240,671,94.82
10000,1048576,2673,3952.37
10000,10240,4900,105.41
10000,10240,9619,100.91
10000,10240,5307,219.58
10000,102400,1313,124.03
10000,102400,150,122.87
10000,102400,4066,119.22
10000,10240,4875,104.16
10000,1048576,2195,1954.64
10000,10240,7860,116.06
10000,10240,3980,101.32
10000,102400,2831,121.47
10000,1048576,6960,3041.36
10000,10240,8141,105.20
10000,102400,1921,120.77
1000,1048576,782,1960.23
10000,10240,5125,110.87
10000,1048576,2778,1848.43
10000,102400,959,131.61
10000,10240,2851,112.90
10000,102400,1836,123.54
10000,1048576,9342,1805.72
10000,102400,4792,125.93
10000,102400,1913,114.41
10000,10240,8822,100.70
10000,10240,9833,105.52
10000,10240,7642,104.93
10000,102400,8600,116.77
10000,10240,4750,104.28
1000,102400,676,116.72
10000,102400,9100,124.26
10000,1048576,4430,1277.89
10000,10240,6973,106.84
10000,10240,9689,94.64
10000,10240,2481,108.92
10000,10240,4153,105.09
10000,1048576,8560,1672.44
10000,102400,3129,131.67
10000,1048576,2017,1779.61
10000,1048576,5698,1341.48
10000,1048576,9371,1370.32
10000,10240,9022,105.36
10000,102400,7765,114.50
10000,1048576,235,1791.14
10000,102400,3432,124.86
10000,102400,6742,118.38
10000,10240,8392,103.37
10000,1048576,5210,1755.76
1000,10240,80,114.73
10000,10240,4751,101.57
10000,1048576,5927,1623.85
10000,1048576,7325,1492.27
1000,102400,611,122.59
1000,1048576,252,1307.40
10000,1048576,152,1594.25
1000,10485760,385,4634.66
10000,102400,9875,128.75
10000,102400,9949,119.32
10000,1048576,2972,1559.33
10000,102400,9309,119.15
10000,102400,8582,112.06
10000,102400,8581,112.01
10000,1048576,9355,3431.52
10000,1048576,4159,2406.44
10000,102400,8572,122.61
10000,102400,420,113.91
10000,1048576,5562,1611.66
10000,10240,2213,104.87
10000,10240,4001,102.97
10000,1048576,1588,5363.56
10000,102400,7257,121.97
10000,10240,4135,96.08
10000,102400,9238,113.34
10000,10240,8352,108.54
10000,10240,8564,102.93
1000,1048576,743,4268.49
10000,1048576,6526,4677.08
10000,10240,6177,104.34
10000,1048576,237,23755.14
10000,10240,9212,225.19
10000,10240,6945,307.99
10000,1048576,4585,8292.35
10000,10240,5155,233.00
10000,102400,517,143.56
10000,1048576,9540,5299.58
10000,10240,5120,115.37
10000,102400,3607,235.53
10000,10240,7433,106.37
10000,102400,2762,117.53
1000,10240,917,101.51
10000,102400,4851,116.84
10000,102400,7007,118.97
10000,1048576,3328,10532.07
100,1048576,6,10966.80
10000,102400,8313,287.59
10000,1048576,4702,10038.15
10000,102400,1772,496.10
10000,102400,9635,208.37
10000,10240,8211,264.61
10000,1048576,3595,7192.21
10000,102400,1120,124.75
10000,1048576,5742,6487.52
10000,10240,6458,134.52
10000,102400,1891,119.60
10000,1048576,8235,11731.77
10000,102400,896,341.95
10000,102400,9138,119.47
10000,1048576,6157,8298.20
10000,10240,9099,114.88
10000,10240,6265,266.34
10000,1048576,260,5355.87
10000,1048576,4122,7888.34
10000,10240,7759,106.04
10000,1048576,6992,6494.83
10000,102400,5005,341.46
10000,102400,1876,113.19
10000,102400,2321,117.08
10000,1048576,8006,17927.60
10000,102400,3790,241.28
1000,10485760,513,45215.74
10000,10240,5965,283.31
100,10240,35,231.30
10000,102400,9862,112.83
10000,1048576,6964,6115.69
10000,1048576,1571,3695.16
10000,1048576,1882,3882.59
10000,1048576,4010,2040.47
10000,102400,9492,240.09
100,102400,47,112.78
10000,10240,287,136.23
10000,10240,6927,98.26
10000,10240,6385,106.19
10000,10240,7596,102.93
1000,102400,827,116.45
10000,1048576,2925,1614.51
10000,102400,1289,124.55
10000,1048576,3518,9603.64
10000,1048576,7985,4539.89
10000,102400,9323,139.80
10000,102400,8085,233.15
10000,102400,1131,165.29
1000,10485760,367,28544.57
10000,102400,6165,292.50
1000,10240,427,145.74
10000,1048576,7169,6918.00
10000,10240,670,329.58
10000,10240,1268,100.56
10000,10240,9560,139.87
10000,10240,67,98.83
10000,102400,6912,119.82
10000,1048576,5828,9261.37
1000,102400,805,125.49
10000,1048576,1521,6019.47
10000,10240,827,119.34
10000,1048576,8755,5270.23
100,102400,58,230.26
10000,10240,4145,105.53
10000,102400,2736,114.37
10000,10240,8810,325.77
10000,1048576,968,8619.27
10000,10240,4467,102.06
10000,10240,6299,99.53
10000,10240,7830,97.09
10000,102400,5859,158.88
10000,102400,6083,111.63
10000,10240,7542,104.02
10000,102400,3842,127.09
10000,102400,4500,146.44
10000,102400,1804,119.25
10000,1048576,7133,3332.75
1000,10485760,649,44454.82
1000,1048576,339,2651.76
1000,102400,151,182.61
10000,1048576,7189,1817.82
10000,1048576,3558,7513.63
10000,102400,3618,130.96
10000,1048576,3808,2603.63
10000,102400,4110,249.83
10000,10240,5992,139.09
10000,10240,9948,93.84
10000,1048576,6815,3620.46
10000,102400,8689,227.67
10000,1048576,739,7126.97
1000,10485760,548,82249.06
10000,1048576,1486,3092.42
10000,102400,6117,266.59
10000,10240,2889,269.95
10000,1048576,3605,3874.01
10000,1048576,1956,1637.95
10000,102400,9328,135.81
10000,102400,3322,121.15
10000,102400,4693,117.29
10000,102400,5171,120.18
1000,102400,202,118.11
10000,10240,4752,152.92
10000,102400,1884,122.72
10000,10240,8831,111.15
10000,10240,5475,99.43
10000,102400,1798,121.12
10000,10240,8934,105.27
10000,1048576,4723,1502.39
10000,10240,3365,109.83
10000,10240,1657,97.97
1000,10485760,864,28445.74
10000,102400,7262,269.64
10000,10240,5959,325.54
10000,10240,7100,100.62
10000,102400,9219,158.05
10000,1048576,2513,1353.65
1000,10485760,909,7500.13
10000,1048576,3875,1408.46
10000,102400,1038,135.94
10000,10240,8646,105.11
10000,102400,4438,116.55
10000,102400,5469,127.58
10000,102400,2921,160.13
10000,1048576,9237,2229.98
10000,10240,1798,114.15
1000,10485760,939,36821.05
10000,10240,4774,329.41
10000,1048576,8034,9458.04
10000,1048576,2147,6845.34
10000,1048576,3217,10740.15
10000,1048576,512,8000.74
1000,10485760,496,28479.76
10000,10240,2392,200.98
10000,10240,9974,111.66
10000,1048576,223,3663.81
10000,1048576,3982,8975.70
10000,1048576,7688,6742.59
10000,102400,9890,123.27
10000,1048576,3306,7764.46
10000,102400,3233,122.12
10000,1048576,1328,10702.26
10000,102400,6817,244.84
10000,1048576,4698,4652.55
10000,102400,3882,256.27
10000,1048576,6456,9942.01
10000,102400,6105,165.56
10000,1048576,456,6123.77
100,1048576,33,2286.78
10000,102400,3840,133.76
10000,102400,1899,125.46
1000,10240,790,111.03
10000,10240,8585,106.39
10000,102400,6280,255.32
10000,1048576,8948,6881.70
10000,102400,5494,225.06
10000,1048576,3410,3496.52
10000,1048576,2617,2354.95
10000,102400,473,120.87
10000,10240,6788,98.24
10000,102400,7511,101.73
10000,10240,2313,243.40
10000,10240,2850,101.64
10000,102400,3951,118.79
10000,1048576,106,4743.25
10000,102400,4384,129.62
10000,102400,8111,109.17
10000,1048576,7956,2091.05
10000,10240,4694,105.69
10000,1048576,8536,2059.28
10000,1048576,2338,1843.97
10000,1048576,3085,4978.24
10000,1048576,1906,6384.30
10000,1048576,7424,4894.15
10000,10240,4109,375.73
10000,1048576,8893,1883.57
10000,10240,3413,109.86
10000,102400,1077,119.66
10000,102400,1872,113.78
10000,10240,5485,94.74
10000,1048576,7777,1129.23
10000,1048576,9319,1290.85
10000,1048576,5215,1587.04
1000,1048576,629,1854.10
10000,10240,5581,117.55
10000,10240,3889,109.41
1000,10485760,927,5393.38
10000,10240,8629,115.80
10,102400,1,121.52
10000,102400,9024,105.01
10000,102400,1584,118.66
10000,10240,3874,97.14
10000,1048576,1490,7255.52
10000,1048576,3413,2382.39
10000,102400,4670,114.84
10000,102400,7445,112.40
10000,10240,190,101.43
100,10485760,66,9277.69
10000,102400,491,272.03
10000,102400,1685,231.47
10000,10240,8181,198.41
10000,10240,4020,134.25
10000,1048576,5884,1741.49
10000,102400,9229,122.81
10000,10240,3000,105.42
10000,10240,1204,108.06
10000,10240,7097,101.96
10000,10240,6416,102.24
10000,10240,7047,123.33
10000,102400,1035,117.87
10000,10240,2675,111.48
10000,102400,9918,112.46
10000,1048576,650,1426.00
10000,10240,6072,107.64
10000,102400,3674,129.57
1000,1048576,174,835.77
100,102400,12,126.28
10000,1048576,7616,1088.21
10000,102400,3059,120.77
10000,1048576,6688,1201.81
10000,1048576,1514,1879.58
10000,1048576,6816,1717.76
10000,102400,1148,129.35
10000,102400,2205,120.54
10000,102400,9738,117.95
10000,102400,3083,121.13
10000,1048576,5071,2010.54
10000,102400,207,116.79
10000,10240,897,96.89
10000,1048576,1188,699.24
10000,1048576,7984,672.76
10000,1048576,8613,5275.22
10000,10240,4905,108.46
10000,10240,9885,98.94
1000,10240,134,106.67
10000,1048576,4367,2752.13
10000,102400,5555,126.00
10000,10240,6861,99.39
10000,10240,7754,99.50
10000,1048576,3308,3109.28
100,10240,73,103.86
10000,102400,1835,110.16
10000,1048576,2331,3445.47
10000,102400,8996,120.78
10000,102400,8496,106.71
10000,1048576,4865,1932.49
1000,10240,927,102.80
10000,10240,8030,91.98
10000,1048576,6952,2714.13
10000,1048576,7099,3373.03
1000,10240,73,105.67
10000,102400,6511,117.13
10000,102400,5882,119.43
1000,102400,46,122.93
10000,102400,6434,114.16
10000,1048576,3685,3632.71
1000,102400,978,119.89
10000,102400,5643,113.08
10000,102400,480,105.38
10000,102400,7118,111.89
10000,102400,2513,113.03
10000,1048576,2946,7990.05
10000,1048576,1523,4129.21
10000,1048576,7070,6284.24
10000,1048576,5199,5088.23
10000,10240,6287,242.10
10000,10240,9417,229.17
10000,102400,7899,117.81
10000,102400,8336,119.84
10000,1048576,4798,4400.51
1000,1048576,92,6097.00
10000,102400,9109,121.37
10000,102400,9066,226.36
10000,1048576,2474,4867.93
10000,10240,648,254.59
1000,102400,894,128.87
10000,10240,432,109.20
10000,102400,9502,123.86
10000,1048576,1990,3214.67
10000,10240,9435,188.28
10000,10240,9066,175.10
10000,1048576,844,4114.17
10000,102400,4664,141.43
10000,102400,7005,154.71
10000,1048576,6948,4636.03
10000,102400,9511,139.46
10000,1048576,4059,2862.47
10000,10240,6651,145.60
10000,1048576,2059,3176.68
10000,102400,8630,144.18
10000,10240,2621,105.25
10000,102400,3219,132.07
10,10240,2,135.81
10000,1048576,9316,2634.76
10000,102400,3201,167.04
10000,102400,4719,138.85
10000,10240,1451,123.77
10000,1048576,7299,3417.31
10000,1048576,9560,2292.17
10000,1048576,738,5236.08
10000,102400,2030,192.20
10000,102400,6554,131.96
10000,102400,281,135.65
10000,1048576,2831,3779.15
10000,102400,8827,149.94
10000,1048576,4881,2592.53
1000,1048576,623,6175.50
10000,10240,7568,119.35
10000,10240,5072,108.48
100,102400,82,115.43
10000,102400,5325,123.32
10000,10240,3698,109.88
10000,1048576,9284,2788.89
10000,10240,529,112.35
10000,10240,4818,101.86
10000,102400,3324,113.38
10000,1048576,4292,2901.72
10000,10240,5205,104.50
10000,1048576,5613,5052.89
10000,10240,2192,112.28
10000,1048576,4651,2756.16
10000,1048576,9430,5233.35
10000,10240,1994,105.97
10000,1048576,7302,2183.20
10000,1048576,7974,1498.14
10000,102400,4233,159.06
10000,10240,6171,100.47
1000,102400,478,117.09
10000,1048576,6835,789.86
10000,102400,2023,130.97
1000,10240,898,104.95
10000,10240,168,102.72
10000,102400,4479,114.07
10000,1048576,7413,1132.17
10000,10240,3261,109.83
10000,1048576,1039,623.37
10000,1048576,7268,797.25
10000,102400,5894,118.08
10000,1048576,2069,818.74
10000,1048576,755,868.92
10000,1048576,16,728.41
1000,102400,845,133.05
10000,1048576,3037,784.98
10000,10240,834,119.77
10000,10240,4858,101.81
10000,102400,5066,121.72
10000,1048576,2098,829.25
1000,102400,440,125.36
10000,1048576,6471,754.39
10000,102400,6316,126.83
10000,1048576,3775,724.98
10000,1048576,4983,683.92
10000,102400,5722,115.82
10000,102400,4744,111.52
10000,102400,1493,113.21
10000,1048576,4182,795.63
10000,102400,6914,127.69
1000,1048576,459,681.09
10000,10240,2809,102.57
10000,102400,5227,118.85
10000,102400,9204,117.13
10000,1048576,1077,698.70
10000,10240,773,112.97
10000,10240,7932,100.89
10000,1048576,1190,872.21
10000,1048576,6034,808.04
10000,102400,154,133.80
100,10240,72,123.54
10000,102400,2935,114.18
10000,10240,6831,108.62
1000,10240,468,102.43
10000,1048576,5453,756.78
10000,10240,8510,113.74
10000,1048576,9734,747.93
10000,10240,8606,108.29
10000,10240,4393,103.58
10000,102400,2331,110.82
10000,102400,6694,129.35
10000,1048576,7478,699.21
10000,10240,9778,328.75
10000,102400,4002,118.84
10000,1048576,6800,858.81
10000,10240,1228,101.19
10000,1048576,6384,714.50
10000,1048576,9151,776.61
10000,102400,2186,123.91
10000,10240,9792,96.47
10000,1048576,4156,798.65
10000,10240,4270,104.87
1000,1048576,60,656.61
10000,10240,3202,96.89
10000,10240,6865,98.92
10000,102400,8264,107.09
10000,1048576,2126,856.13
10000,10240,2486,103.52
10000,1048576,9196,658.74
10000,102400,7099,117.34
10000,1048576,2741,811.21
10000,102400,510,119.55
10000,1048576,9549,699.15
10000,10240,6621,112.15
10000,102400,4239,117.16
10000,10240,9020,98.55
1000,102400,420,109.35
10000,1048576,3929,843.16
10000,10240,6156,100.41
10000,102400,1206,111.58
10000,1048576,1078,825.21
10000,10240,3669,98.95
10000,102400,527,123.62
10000,102400,4302,111.00
10000,10240,4837,99.81
10000,1048576,533,797.56
10000,102400,7690,123.03
10000,1048576,8561,1530.13
10000,10240,3354,105.50
10000,10240,6734,97.69
1000,10240,675,91.80
1000,102400,261,112.84
1000,10240,353,103.89
10000,10240,9242,94.48
10000,1048576,6160,2334.21
10000,102400,5468,122.47
10000,10240,6882,94.20
10000,1048576,9298,4053.75
10000,1048576,5065,6390.33
10000,10240,5428,219.60
10000,1048576,4636,5323.72
10000,10240,219,235.32
1000,102400,944,157.50
10000,1048576,7449,6672.41
10000,10240,5436,107.31
10000,102400,5616,114.43
10000,10240,727,110.06
10000,10240,6078,237.99
10000,1048576,4053,3884.13
10000,1048576,6018,9120.31
1000,10240,799,107.98
10000,10240,4136,90.05
10000,102400,1028,224.97
10000,1048576,7915,6199.20
10000,10240,9305,233.84
10000,102400,9864,119.17
10000,1048576,2660,4297.12
1000,10485760,763,41504.61
10000,1048576,3225,10254.18
10000,102400,771,195.75
1000,10485760,465,14835.68
10000,1048576,3333,686.93
10000,1048576,7072,771.77
10000,10240,7427,139.23
1000,10240,101,96.48
10000,10240,8432,106.16
10000,1048576,2455,793.72
10000,10240,9941,126.42
10000,10240,5606,104.49
10000,10240,1224,113.64
10000,102400,7577,116.34
10000,1048576,5724,653.42
10000,102400,5119,128.49
10000,10240,8440,90.80
10000,1048576,2858,755.40
100,1048576,74,691.80
10000,1048576,8904,672.17
10000,102400,7391,114.53
10000,1048576,722,739.20
10000,10240,9361,104.78
10000,102400,4654,107.51
10000,10240,3725,100.36
10000,1048576,9829,896.14
10000,102400,4073,115.76
10000,102400,8805,108.75
1000,102400,58,107.11
10000,102400,1832,122.37
1000,102400,509,113.16
1000,1048576,289,773.12
10000,102400,3763,130.62
10000,10240,3346,98.00
10000,10240,4248,97.30
10000,10240,5891,100.45
10000,102400,164,120.66
10000,102400,1785,120.79
10000,10240,8891,100.42
10000,1048576,5856,854.78
10000,102400,679,119.12
10000,10240,1719,99.43
10000,102400,4706,106.95
10000,10240,9747,103.19
10000,1048576,5166,787.19
10000,1048576,623,699.65
1000,102400,380,126.86
10000,102400,1911,104.96
10000,1048576,9931,687.50
10000,1048576,2243,1074.56
10000,1048576,6527,1303.15
10000,10240,7101,99.56
10000,1048576,6648,4731.33
10000,102400,9086,122.99
10000,102400,6398,108.62
10000,1048576,8929,4939.68
10000,1048576,8730,5175.36
10000,102400,417,121.50
10000,10240,8827,231.20
10000,10240,9990,207.99
10000,102400,7503,105.24
1000,1048576,109,8603.93
10000,1048576,5501,4284.82
10000,1048576,7037,3202.32
10000,1048576,1808,4170.91
10000,10240,5952,222.30
1000,102400,571,103.62
10000,1048576,4150,5452.37
10000,10240,5206,223.15
10000,1048576,927,8080.37
10000,102400,9726,125.57
10000,1048576,9990,3565.34
10000,1048576,5540,4140.30
10000,1048576,8185,3110.25
10000,10240,1967,312.19
10000,102400,3964,109.35
1000,1048576,229,2418.42
10000,10240,8928,114.72
10000,102400,5060,121.94
10000,1048576,520,1844.73
10000,10240,1125,151.88
10000,102400,2413,115.32
10000,10240,8303,116.51
10000,102400,7769,121.16
10000,1048576,5627,995.04
10000,1048576,3405,772.51
10000,1048576,1313,605.04
10000,1048576,4954,762.77
10000,1048576,5204,648.46
10000,10240,4490,102.06
10000,1048576,5509,757.91
10000,102400,1203,129.39
10000,102400,3623,122.28
10000,1048576,8960,847.63
10000,102400,1901,126.71
10000,10240,5827,102.61
10000,10240,8282,94.05
1000,10485760,591,4053.45
10000,1048576,7992,675.35
10000,10240,2259,98.81
1000,102400,434,106.36
10000,10240,9389,96.57
10000,1048576,4133,909.56
100,10485760,56,3774.71
10000,102400,6095,134.97
1000,10240,185,107.55
10000,1048576,2451,2708.92
10000,1048576,2508,3007.30
10000,1048576,2372,1448.91
10000,10240,161,106.87
10000,10240,9875,100.64
10000,102400,8,113.44
1000,10240,294,274.90
10000,1048576,5363,2903.26
10000,102400,3060,134.56
10000,10240,572,96.31
10000,102400,8784,246.53
1000,102400,655,120.41
10000,102400,6456,109.12
10000,1048576,4160,2480.20
10000,102400,5074,119.17
10000,102400,9863,118.97
10000,102400,3785,115.85
10000,1048576,9973,3142.57
1000,102400,584,115.98
1000,102400,979,108.18
10000,1048576,2424,9425.82
10000,102400,385,120.82
10000,10240,8332,99.81
10000,1048576,3550,5414.95
10000,102400,5267,339.15
10000,1048576,8830,9334.45
10000,1048576,4394,8927.92
10000,10240,9771,109.42
10000,102400,3673,231.42
10000,102400,4336,227.97
10000,102400,1472,163.53
10000,102400,2792,131.72
1000,10240,55,101.54
10000,102400,2047,110.01
10000,10240,8363,99.36
10000,1048576,9708,7650.04
10000,1048576,2472,12260.51
10000,102400,8031,404.60
10000,10240,4657,86.26
10000,1048576,8036,8377.03
10000,10240,5177,323.35
10000,102400,1370,115.83
10000,1048576,1593,6231.72
10000,1048576,4839,8381.92
10000,102400,439,122.63
10000,1048576,8276,3564.01
10000,1048576,8694,2906.47
10000,1048576,1195,1732.01
10000,102400,2516,119.79
10000,102400,4206,113.06
10000,102400,9338,130.27
10000,1048576,5338,1071.55
10000,1048576,369,1164.07
10000,1048576,1556,786.32
10000,1048576,1257,903.53
10000,10240,8552,108.19
1000,102400,166,117.56
10000,1048576,9446,752.89
10000,1048576,2150,879.30
10000,10240,4714,118.89
10000,1048576,5603,986.12
10000,10240,8536,109.29
10000,102400,4794,106.77
10000,102400,8132,120.46
1000,1048576,627,793.17
10000,102400,9468,123.51
10000,10240,9266,107.81
10000,102400,9332,115.06
10000,102400,9588,123.12
10000,1048576,9789,824.85
10000,10240,5062,111.36
10000,10240,6160,97.32
10000,1048576,8104,759.80
1000,10240,635,110.52
10000,10240,5010,98.52
10000,1048576,7029,904.08
10000,1048576,7874,916.71
10000,1048576,4646,753.75
10000,10240,6989,111.99
10000,102400,601,117.16
10000,10240,7686,105.44
10000,102400,6616,117.10
10000,1048576,6966,793.76
10000,1048576,4306,876.87
1000,1048576,37,872.21
10000,10240,1108,101.25
10000,102400,3904,116.94
10000,1048576,9176,871.26
10000,10240,9035,110.78
10000,1048576,6269,667.83
1000,102400,787,115.71
10000,1048576,4961,839.25
1000,102400,975,118.61
10000,10240,4976,97.88
10000,10240,5576,93.88
10000,10240,9367,95.97
10000,10240,74,97.01
1000,10240,614,100.08
10000,1048576,234,955.73
10000,102400,476,128.92
10000,1048576,4027,802.92
10000,1048576,2857,781.11
10000,10240,9934,105.77
10000,10240,707,98.94
10000,102400,8662,116.93
10000,10240,2223,104.84
1000,102400,33,112.98
10000,102400,9713,119.42
10000,102400,4312,108.65
10000,10240,7383,104.63
10000,102400,4699,111.92
10000,102400,506,113.78
10000,10240,2707,100.89
10000,1048576,4388,865.74
10000,10240,7902,117.93
10000,102400,5899,118.39
10000,1048576,2485,987.55
10000,10240,585,105.90
10000,10240,9012,100.07
10000,10240,4058,101.49
10000,102400,8812,126.03
10000,1048576,9788,764.38
1000,1048576,83,786.46
1000,10485760,12,4592.46
10000,10240,904,106.61
10000,10240,364,93.00
10000,10240,3486,88.89
10000,1048576,5989,908.40
10000,102400,3947,126.23
10000,102400,9336,120.69
10000,102400,8984,111.73
10000,10240,8602,101.77
1000,10485760,137,8118.68
10000,10240,9595,228.70
10000,102400,736,118.46
10000,10240,3124,109.72
10000,10240,2172,101.05
10000,1048576,2516,4113.44
10000,10240,5097,107.03
10000,1048576,2050,3044.47
10000,102400,9500,127.84
10000,1048576,3444,4626.07
10000,102400,778,129.68
10000,10240,7095,99.94
10000,1048576,9745,4319.21
10000,10240,3112,109.60
10000,102400,3327,112.55
10000,102400,8986,113.09
10000,102400,6990,110.03
10000,1048576,7883,3190.22
10000,1048576,6186,691.03
10000,10240,1492,102.31
10000,1048576,573,869.30
10000,102400,9209,114.94
10000,10240,8120,108.04
10000,10240,3745,103.48
10000,10240,8912,102.36
1000,102400,205,116.53
1000,10240,754,108.64
10000,10240,7170,103.03
10000,10240,8243,102.31
10000,102400,2808,171.75
10000,102400,3215,118.75
10000,102400,6836,115.57
10000,10240,7536,101.29
10000,1048576,2535,1473.95
10000,1048576,882,2427.32
1000,10240,267,113.04
10000,102400,4589,121.65
1000,10240,922,112.61
10000,10240,5985,102.35
10000,102400,7162,110.70
1000,10240,712,100.47
10000,102400,3802,115.89
10000,1048576,2316,3109.86
10000,10240,6824,101.94
10000,1048576,4793,2858.06
10000,10240,9521,107.63
10000,10240,6158,96.98
10000,1048576,3502,1148.38
10000,1048576,4008,789.52
10000,1048576,7101,923.49
10000,10240,4856,98.90
10000,10240,4304,97.75
10000,102400,5379,117.82
10000,102400,5316,121.04
10000,10240,9348,100.19
10000,10240,8931,97.15
10000,1048576,7642,864.56
10000,102400,5138,122.14
10000,10240,1403,95.56
10000,10240,7576,98.41
1000,1048576,687,591.73
1000,10240,791,100.87
10000,1048576,1731,614.39
10000,102400,2603,110.33
10000,1048576,4329,877.90
1000,10485760,103,4443.60
10000,1048576,6590,576.13
10000,1048576,5918,589.93
10000,10240,5563,100.61
10000,10240,6359,100.43
10000,1048576,9409,892.39
10000,1048576,8859,780.20
10000,1048576,2519,755.85
10000,10240,9801,106.59
1000,10485760,157,3669.63
10000,10240,1033,114.43
10000,102400,6708,116.55
10000,10240,3939,101.66
10000,102400,3872,108.80
10000,1048576,7692,797.93
1000,10485760,105,7371.76
10000,10240,7387,102.20
10000,10240,4280,103.99
10000,1048576,3863,880.91
10000,10240,6693,246.48
1000,102400,170,117.11
10000,102400,1541,135.31
10000,1048576,7225,862.23
10000,1048576,1043,925.10
10000,10240,4569,107.79
10000,1048576,3949,1051.09
10000,10240,1261,105.50
10000,10240,7573,101.30
10000,10240,5068,111.31
10000,1048576,4078,1374.46
10000,102400,3119,117.45
10000,1048576,4137,2939.95
10000,1048576,9571,870.70
10000,10240,7371,115.63
10000,10240,2081,103.34
10000,1048576,5500,1326.44
10000,10240,4529,105.94
10000,10240,2139,94.18
10000,1048576,9786,738.58
10000,1048576,7146,585.99
1000,10240,577,108.66
10000,102400,2490,111.55
10000,10240,918,99.70
10000,10240,819,100.03
10000,102400,1669,117.48
10000,1048576,1317,827.90
10000,1048576,5753,738.72
10000,10240,5434,112.55
10000,102400,2942,110.95
10000,102400,9,120.32
10000,102400,8854,117.32
10000,102400,9387,117.64
10000,102400,9343,110.60
10000,102400,2679,128.10
10000,102400,5042,118.93
10000,10240,6465,102.16
1000,10485760,870,3521.96
10000,10240,8591,106.42
10000,1048576,2278,588.75
10000,10240,3268,98.55
10000,1048576,3289,655.50
10000,10240,3229,100.01
10000,10240,7311,94.46
100,1048576,61,1198.46
10000,102400,8683,126.98
10000,10240,6669,95.71
10000,102400,8442,117.45
10000,102400,2652,115.80
100,104857600,76,35012.44
10000,102400,4951,420.80
10000,102400,9945,159.30
10000,102400,4739,243.47
10000,102400,3655,256.05
10000,102400,1274,127.88
10000,10240,5204,96.09
10000,10240,1483,219.17
10000,10240,951,138.25
10000,1048576,1421,4319.23
1000,10240,937,115.05
10000,1048576,2486,1988.19
10000,10240,6574,115.17
10000,102400,42,127.92
10000,10240,8636,108.60
1000,1048576,761,2414.25
10000,10240,3612,97.82
10000,1048576,5940,9242.61
10000,10240,7599,181.62
10000,10240,9758,105.10
10000,1048576,5544,1321.07
10000,10240,9510,362.17
10000,1048576,3602,808.39
10000,1048576,9236,685.01
10000,102400,6655,133.20
10000,102400,7542,116.12
10000,1048576,7420,1488.57
1000,10240,28,107.54
10000,1048576,9369,3766.56
10000,10240,7061,111.94
10000,102400,1547,107.80
10000,102400,2076,116.49
10000,102400,6047,115.44
10000,1048576,2823,2444.14
10000,10240,7146,101.84
1000,1048576,920,762.86
10000,1048576,3420,848.27
10000,102400,1948,129.14
10000,10240,1400,104.08
10000,10240,2903,103.96
10000,1048576,7254,846.84
10000,102400,2329,131.00
10000,1048576,3616,1191.47
10000,10240,608,108.59
10000,10240,3227,101.03
10000,102400,9547,120.84
10000,102400,462,122.34
10000,10240,1745,102.53
10000,102400,7779,125.42
10000,1048576,9017,3461.66
10000,102400,8858,133.79
10000,102400,7635,111.88
10000,10240,9228,104.70
1000,1048576,533,4735.43
1000,10240,64,103.43
10000,10240,9529,98.10
10000,10240,3319,90.39
10000,1048576,211,11218.33
10000,1048576,9324,7708.16
10000,1048576,8236,4842.26
1000,10485760,869,19361.20
10000,102400,1608,179.96
10000,1048576,9448,1346.29
10000,102400,3566,248.36
10000,1048576,2183,1615.39
10000,1048576,7222,1690.22
10000,1048576,7755,2482.81
10000,10240,7907,107.80
10000,10240,5560,94.94
10000,10240,5628,233.65
10000,10240,7861,98.46
10000,102400,7630,123.94
10000,1048576,109,2295.63
10000,102400,6276,118.67
1000,10240,318,94.85
10000,10240,615,98.07
1000,10240,459,99.13
10000,1048576,1599,2714.66
100,1048576,3,3794.69
10000,10240,6893,109.81
10000,102400,1512,120.91
10000,10240,3289,107.10
1000,10240,66,98.02
10000,1048576,287,866.99
10000,10240,2408,132.59
10000,1048576,228,787.41
10000,102400,2276,117.41
10000,10240,3085,100.33
10000,102400,2913,121.22
10000,102400,2020,111.66
10000,102400,9846,115.39
10000,1048576,3540,3566.95
10000,1048576,4991,4177.18
10000,1048576,1899,3886.51
10000,1048576,9946,1191.84
10000,102400,5738,255.59
10000,1048576,5633,1013.64
10000,102400,8637,126.05
1000,1048576,554,1857.86
10000,102400,7634,116.65
10000,1048576,9379,927.40
10000,10240,4708,102.27
10000,10240,6215,99.91
10000,1048576,3630,1150.33
10000,10240,2691,103.35
10000,1048576,7249,636.70
10000,10240,3487,101.00
10000,10240,1587,99.77
10000,1048576,6315,1172.98
1000,102400,125,119.30
10000,1048576,3560,3564.35
1000,1048576,25,4944.68
1000,102400,219,130.37
10000,1048576,1153,3434.01
1000,10485760,977,3853.91
10000,10240,4720,116.63
1000,10485760,379,4162.15
10000,10240,8260,105.72
10000,102400,5223,120.71
1000,10485760,11,19514.70
10000,102400,5589,348.00
10000,1048576,8360,8270.50
10000,1048576,7158,6862.48
10000,10240,724,227.29
10000,1048576,7027,2159.27
10000,102400,2370,125.16
10000,10240,1623,118.41
10000,10240,2466,87.85
1000,10240,96,92.20
10000,1048576,3146,3535.39
1000,10485760,166,10267.45
10000,10240,5718,239.75
10000,102400,1646,117.46
10000,10240,9258,209.10
10000,102400,8659,115.39
1000,10240,909,98.36
10000,10240,667,97.85
10000,1048576,4505,3445.56
10000,102400,6625,121.36
10000,102400,8358,126.28
10000,10240,485,101.99
1000,10485760,430,11838.73
10000,10240,1116,110.77
10000,102400,4379,252.63
10000,10240,427,103.29
10000,10240,2886,310.43
10000,102400,9327,115.81
10000,10240,6474,99.12
10000,10240,931,98.24
10000,1048576,1372,2848.39
1000,10485760,760,6696.90
10000,10240,8816,108.01
10000,1048576,9458,683.94
10000,102400,6126,423.92
10000,102400,3980,327.87
10000,10240,8516,96.30
10000,10240,2893,137.23
10000,102400,9509,114.53
10000,102400,4581,141.68
10000,10240,1828,100.37
10000,102400,1501,117.26
10000,1048576,3174,865.55
10000,102400,4962,130.05
10000,10240,3979,99.47
10000,102400,2925,119.86
10000,10240,3841,101.41
10000,102400,1708,125.06
1000,102400,127,123.45
10000,10240,4041,98.44
10000,102400,3643,110.40
10000,102400,9029,111.98
10000,10240,801,100.19
10000,10240,2290,98.44
10000,102400,3236,114.69
10000,10240,7278,100.17
10000,102400,4722,114.52
10000,102400,940,110.67
10000,102400,8834,112.75
10000,102400,6589,114.37
10000,1048576,2467,927.94
1000,1048576,179,750.78
1000,10485760,502,3507.99
10000,102400,8005,127.28
10000,10240,9743,98.12
10000,10240,276,100.25
10000,1048576,1809,929.84
10000,102400,8452,120.07
10000,102400,5871,127.15
10000,10240,1133,101.60
10000,1048576,1288,844.40
10000,1048576,9793,758.87
10000,102400,6306,130.94
10000,1048576,7689,709.25
10000,1048576,3281,691.22
10000,10240,1440,105.88
10000,102400,1729,110.18
10000,10240,2717,97.15
1000,102400,329,120.04
10000,10240,6774,101.71
10000,10240,8697,96.13
10000,10240,7441,101.26
10000,1048576,2119,800.96
10000,102400,6220,112.89
10000,10240,4102,109.97
10000,10240,2417,94.36
10000,10240,5499,111.30
10000,102400,8569,108.91
10000,1048576,8011,761.28
10000,102400,1988,112.48
10000,102400,4511,106.16
10000,10240,34,94.92
10000,1048576,9500,726.87
10000,102400,2338,119.68
10000,10240,8044,98.54
10000,1048576,8228,927.35
10000,102400,250,126.55
10000,10240,3663,103.39
10000,10240,7925,94.82
10000,10240,647,95.86
10000,102400,946,118.53
10000,102400,5500,121.67
10000,1048576,1655,806.12
100,104857600,16,36514.59
10000,1048576,5037,1191.70
10000,10240,2007,245.15
1000,10485760,409,3944.49
10000,102400,9499,183.04
10000,102400,98,121.01
10000,102400,9948,126.85
10000,1048576,1241,758.81
10000,1048576,7248,824.69
10000,102400,8199,131.41
10000,1048576,1142,1499.56
10000,102400,5820,152.28
10000,102400,9026,120.65
10000,102400,1173,118.46
10000,102400,1098,114.65
10000,1048576,7238,829.63
10000,102400,7091,122.30
1000,1048576,180,925.57
10000,10240,3113,113.10
10000,102400,6260,126.67
10000,102400,1246,115.07
10000,10240,9018,101.07
10000,1048576,3945,2111.16
10000,10240,3887,116.80
10000,102400,6545,114.29
10000,1048576,3910,2379.54
10000,102400,8345,115.17
1000,102400,291,122.05
10000,102400,4868,121.89
10000,10240,3130,100.11
100,1048576,4,1933.00
10000,10240,6109,108.81
100,1048576,79,736.64
1000,1048576,818,2504.69
10000,10240,1,105.75
10000,1048576,8793,7037.46
10000,1048576,2376,8377.78
10000,10240,5375,167.09
10000,1048576,9148,9370.62
10000,1048576,4932,4306.46
10000,102400,6116,260.80
10000,102400,3773,108.71
10000,10240,433,136.24
10000,1048576,5847,6235.23
10000,10240,5720,324.79
10000,10240,5041,102.98
10000,10240,7198,93.96
10000,10240,4565,145.94
10000,10240,4942,99.46
10000,10240,1172,95.05
10000,102400,6125,115.24
10000,1048576,7409,7911.53
10000,10240,659,107.09
100,10240,61,104.08
10000,1048576,5222,1067.52
10000,10240,6017,102.58
1000,10240,878,204.90
10000,1048576,1407,672.07
10000,10240,272,102.05
1000,102400,446,111.48
10000,102400,6162,114.66
10000,10240,5327,100.99
10000,10240,6335,118.64
10000,1048576,8978,6142.78
10000,1048576,416,7638.45
10000,10240,2413,105.03
10000,10240,531,92.28
100,10485760,5,11401.80
10000,1048576,8032,4662.69
10000,10240,405,331.92
10000,1048576,5690,3759.37
10000,1048576,5057,13145.98
10000,10240,4031,235.32
10000,102400,4639,236.82
10000,10240,9342,142.89
10000,10240,9705,96.61
1000,10240,356,96.59
10000,10240,804,100.19
10000,102400,811,117.46
10000,1048576,5687,7849.34
1000,10240,514,106.76
10000,102400,6072,107.99
10000,102400,1505,114.24
10000,1048576,180,4696.32
10000,102400,6570,118.31
10000,10240,5256,94.22
10000,1048576,7067,8117.12
10000,1048576,4819,10327.02
10000,10240,8755,430.49
10000,102400,2126,300.00
1000,10485760,424,39333.55
10000,1048576,8546,7749.93
10000,102400,7887,257.13
10000,102400,4663,114.23
10000,102400,2875,255.73
10000,102400,9027,118.69
10000,102400,1738,124.07
10000,10240,8938,128.06
10000,102400,5805,121.01
10000,1048576,7463,3683.21
10000,102400,6133,128.86
10000,10240,1048,102.98
10000,10240,4477,96.57
10000,1048576,2315,7452.57
10000,10240,1667,120.06
10000,102400,1690,160.75
1000,10240,397,103.76
10000,10240,6536,230.43
10000,1048576,3803,1792.46
10000,10240,3948,101.40
10000,10240,1061,94.16
10000,10240,2058,110.94
10000,102400,9262,118.24
10000,1048576,1972,1847.90
10000,10240,6069,99.13
10000,10240,9201,110.03
10000,10240,6951,100.26
10000,102400,4900,124.02
10000,10240,9216,97.38
10000,1048576,4155,1106.67
10000,1048576,4403,1496.10
10000,102400,9543,124.61
10000,1048576,9501,1009.80
10000,102400,4846,118.72
1000,1048576,210,1478.02
10000,10240,5978,101.95
1000,10240,313,88.62
10000,102400,1574,113.65
10000,10240,7226,98.14
10000,102400,2156,110.22
10000,10240,3262,95.73
10000,1048576,5184,1451.20
1000,10240,907,129.10
10000,102400,1047,122.56
10000,10240,5151,107.96
10000,102400,1662,116.04
10000,1048576,5419,769.65
10000,102400,6001,124.91
10000,1048576,3770,700.12
10000,10240,5775,106.66
10000,10240,3989,97.77
10000,102400,1058,114.50
10000,102400,4160,113.85
10000,102400,5535,111.93
1000,10240,666,101.16
1000,10485760,562,4032.20
10000,1048576,2825,1683.41
10000,10240,2379,101.35
10000,102400,5542,123.64
10000,10240,8350,103.78
10000,10240,8379,98.85
10000,10240,8947,97.18
100,10485760,40,4272.26
10000,102400,3712,142.58
10000,10240,9318,92.83
10000,1048576,2830,867.86
10000,102400,8355,130.85
10000,10240,850,238.12
10000,102400,2271,113.48
10000,10240,8192,97.62
10000,10240,6643,97.86
10000,10240,5678,97.43
10000,10240,6013,95.66
10000,10240,8018,108.77
1000,1048576,726,789.84
10000,102400,2275,117.40
10000,102400,619,113.72
10000,1048576,1347,802.52
1000,102400,428,120.38
10000,1048576,8187,593.91
10000,102400,9448,126.89
10000,1048576,6993,577.61
10000,1048576,8134,800.55
10000,102400,4545,115.44
10000,102400,1620,107.08
10000,1048576,8055,1152.73
10000,1048576,8528,928.59
10000,10240,3463,102.13
10000,1048576,8733,745.10
10000,1048576,8972,697.35
10000,10240,2120,105.62
10000,102400,2436,102.22
10000,102400,2417,114.05
10000,10240,1972,101.39
10000,10240,1959,96.95
10,1048576,3,1066.41
10000,1048576,2804,1194.50
10000,1048576,217,1396.03
10000,10240,6038,98.62
10000,102400,4568,112.55
10000,1048576,3575,1565.55
10000,1048576,2272,978.20
1000,1048576,596,3107.93
10000,102400,5902,124.96
10000,10240,7674,93.07
10000,10240,1924,100.32
10000,10240,7192,98.44
10000,10240,6770,96.77
10000,1048576,7034,4101.44
10000,1048576,8140,4871.91
10000,1048576,9231,6962.76
10000,102400,9214,249.62
10000,10240,5995,93.39
10000,10240,3815,94.17
10000,1048576,4790,11209.43
10000,10240,8113,221.26
1000,10240,218,120.07
10000,102400,7529,110.14
10000,1048576,1235,16835.12
10000,102400,4346,161.63
10000,10240,4980,311.53
10000,102400,7173,238.49
10000,1048576,7693,7743.09
10000,102400,7465,161.22
10000,10240,9828,98.22
10000,1048576,911,9539.96
10000,1048576,8559,6097.97
10000,1048576,5900,17893.77
10000,1048576,8035,6597.41
10000,102400,4089,248.79
10000,1048576,3633,8853.95
10000,10240,4241,105.33
1000,1048576,688,5071.74
10000,10240,1273,122.15
1000,102400,949,258.49
1000,1048576,837,5075.80
10000,1048576,2133,7059.16
10000,10240,6768,216.85
10000,1048576,4369,18864.08
10000,102400,9823,271.21
10000,1048576,6260,7813.30
10000,10240,901,117.23
1000,102400,619,143.55
10000,10240,8498,93.52
10000,1048576,1192,9702.94
10000,1048576,2175,7709.03
10000,10240,5446,236.63
1000,1048576,797,2866.06
10000,1048576,7685,4180.90
10000,10240,3686,139.11
10000,10240,4811,99.48
10000,10240,6188,115.31
10000,10240,9734,109.78
10000,1048576,6107,4072.24
1000,102400,106,126.17
1000,10485760,599,10573.47
10000,10240,6140,307.73
10000,10240,5721,231.67
10000,1048576,3248,6985.44
10000,10240,4878,99.20
10000,102400,3003,119.99
10000,10240,6015,104.70
10000,102400,2139,115.78
10000,1048576,6270,8438.97
1000,102400,883,117.67
10000,1048576,9557,5296.56
10000,10240,8371,236.77
1000,10240,578,101.65
10000,102400,6017,159.82
10000,10240,3981,105.57
10000,10240,9650,104.42
10000,10240,8993,99.20
10000,102400,5728,125.69
1000,1048576,537,4915.46
10000,102400,978,248.54
10000,1048576,263,6724.61
10000,102400,4753,124.70
10000,102400,818,111.56
1000,102400,586,105.29
10000,1048576,3878,2432.18
10000,102400,7811,117.80
10000,102400,3858,117.97
10000,102400,2502,227.82
10000,102400,6261,118.45
10000,102400,1130,114.77
10000,10240,3731,99.73
1000,10485760,205,38078.91
10000,10240,2074,287.21
10000,102400,3495,236.80
10000,102400,6343,118.36
10000,1048576,2414,8784.24
1000,10240,246,163.44
10000,102400,2843,114.62
10000,1048576,151,4819.99
10000,1048576,6214,4746.32
100,10240,82,101.66
10000,102400,6377,243.66
10000,1048576,270,5709.62
10000,1048576,3298,3370.30
10000,1048576,8910,6058.78
10000,10240,717,136.00
10000,1048576,1452,2200.36
10000,102400,3535,119.53
1000,1048576,56,6883.65
10000,10240,4504,242.67
10000,10240,4611,93.73
10000,10240,9804,98.10
10000,10240,6681,102.41
10000,102400,8716,113.58
10000,10240,5666,100.29
10000,1048576,3138,4596.82
10000,10240,8385,118.84
10000,102400,5012,122.16
10000,102400,1748,114.35
1000,1048576,770,15776.25
10000,1048576,5294,6771.16
10000,1048576,4022,5718.04
10000,10240,2661,233.91
10000,10240,1562,324.33
10000,10240,9724,144.76
10000,102400,4269,110.65
1000,102400,988,111.63
10000,1048576,206,11786.59
10000,102400,6052,335.15
10000,102400,552,105.66
10000,10240,8228,95.84
10000,10240,2503,135.79
10000,102400,7664,319.51
10000,102400,8806,119.24
1000,102400,541,145.46
10000,1048576,3241,4106.69
10000,102400,8134,128.32
10000,10240,2061,243.62
10000,1048576,7990,4759.78
1000,10485760,658,72498.90
10000,102400,4156,313.78
1000,10240,14,238.08
10000,102400,8423,259.25
10000,102400,2159,103.95
10000,102400,1705,111.22
10000,102400,9156,116.11
10000,1048576,8702,11876.06
10000,1048576,6755,3783.14
10000,102400,3109,129.61
10000,102400,2671,349.14
10000,1048576,6904,5670.34
10000,1048576,4508,8338.77
10000,102400,7447,258.31
10000,10240,3401,98.09
10000,1048576,9072,8295.12
10000,1048576,3024,4887.73
10000,10240,2320,106.22
10000,102400,4023,138.21
10000,1048576,8618,6180.62
10000,1048576,903,3077.99
10000,102400,8338,266.62
10000,10240,2423,92.28
10000,10240,1487,207.86
1000,1048576,677,12391.14
10000,10240,9311,249.56
10000,102400,84,330.87
10000,1048576,8814,2517.01
10000,10240,5102,100.72
10000,1048576,1789,2342.40
10000,1048576,4787,11156.62
10000,1048576,2645,2067.70
10000,1048576,7184,3627.08
10000,102400,7789,254.21
10000,1048576,8012,1650.74
10000,102400,9096,117.03
1000,10485760,316,14216.43
10000,102400,3170,341.66
10000,102400,8680,349.32
10000,102400,4867,162.72
10000,1048576,5154,9370.25
10000,102400,9222,121.55
10000,1048576,8107,10216.48
10000,1048576,6265,11091.31
1000,102400,684,159.26
10000,1048576,5072,3313.81
10000,10240,9530,105.48
10000,10240,5725,228.16
1000,102400,695,318.80
10000,10240,115,100.35
10000,102400,9610,268.96
10000,10240,3147,95.01
10000,10240,6091,105.73
10000,102400,691,180.14
10000,1048576,5129,3148.66
10000,102400,3741,122.43
10000,1048576,3856,3221.11
1000,1048576,208,4671.41
1000,10240,456,105.46
10000,1048576,2777,3185.13
1000,102400,930,126.25
10000,10240,8742,132.94
1000,10485760,745,16832.29
10000,10240,2688,326.75
10000,1048576,9099,5521.19
1000,10240,426,226.52
10000,10240,5381,102.73
10000,1048576,3628,4419.49
10000,1048576,405,2853.39
10000,10240,9880,228.18
10000,1048576,7926,3571.26
10000,102400,5503,210.08
10000,102400,722,112.06
10000,10240,3830,96.77
10000,10240,5253,161.46
10000,10240,1555,127.53
10000,102400,2387,120.37
10000,102400,2847,113.68
10000,1048576,6031,2481.94
10000,1048576,2496,9720.16
10000,10240,2093,248.08
10000,10240,9535,348.01
10000,102400,5598,359.08
10000,1048576,4579,3029.39
100,104857600,39,127437.52
10000,1048576,4941,2834.37
1000,1048576,966,4037.85
10000,1048576,6713,2407.18
10000,102400,4625,263.50
10000,102400,6064,113.25
10000,1048576,812,4352.05
10000,1048576,887,1463.56
10000,102400,2888,139.66
10000,102400,4695,113.24
10000,102400,2375,155.78
10000,1048576,1770,3299.30
10000,1048576,4032,1991.60
10000,102400,6355,127.21
10000,1048576,2861,3087.37
10000,10240,4149,102.99
1000,10240,912,96.06
10000,102400,7141,131.25
10000,102400,2166,117.56
10000,102400,3352,112.81
10000,1048576,8947,3113.76
10000,102400,3137,124.11
10000,102400,5288,104.86
10000,102400,2672,108.44
10000,10240,2905,100.45
10000,10240,4370,111.48
10000,10240,9187,96.90
10000,10240,3427,99.55
10000,10240,4300,101.27
10000,10240,6318,99.06
1000,10485760,971,9127.34
10000,10240,8835,222.99
10000,10240,4690,91.81
10000,102400,4303,114.35
10000,10240,6225,105.56
10000,102400,7585,248.68
10000,102400,4496,121.81
10000,10240,6834,225.19
10000,102400,1722,258.89
10000,1048576,9934,2731.34
10000,1048576,3968,3918.60
10000,1048576,7729,3581.88
10000,1048576,6181,6102.36
10000,10240,985,107.28
10000,1048576,5293,4546.45
1000,10240,751,336.05
10000,1048576,5423,2464.90
10000,1048576,6040,4539.91
10000,102400,3649,120.94
10000,10240,8873,123.86
10000,10240,5136,123.78
10000,10240,2109,103.41
10000,10240,5966,108.42
10000,102400,9307,112.83
10000,102400,9612,113.67
10000,1048576,2656,1512.10
10000,10240,5979,101.66
10000,10240,1859,98.77
10000,10240,309,90.88
10000,10240,1155,91.74
10000,102400,9718,131.86
10000,10240,2034,96.71
10000,10240,4572,96.31
10000,10240,7044,107.34
10000,10240,9307,104.00
1000,10240,97,101.25
10000,1048576,9081,1212.24
10000,102400,7694,136.19
10000,10240,718,92.48
10000,1048576,875,1455.65
10000,10240,1051,109.79
10000,1048576,1534,1782.68
10000,1048576,6,3227.69
10000,10240,1528,103.68
10000,102400,6816,110.21
10000,102400,4444,114.91
1000,1048576,135,4866.20
10000,10240,6839,104.76
10000,1048576,2829,4803.62
10000,102400,6302,152.76
10000,10240,7544,161.53
10000,1048576,6340,7683.01
10000,1048576,6094,3262.19
10000,102400,5279,142.00
10000,102400,8598,139.47
10000,102400,7448,140.85
10000,102400,7707,134.06
10000,10240,9101,99.64
10000,10240,8703,99.42
10000,102400,4009,113.49
10000,10240,344,101.55
10000,102400,7351,114.19
10000,10240,8635,99.68
10000,102400,8246,121.16
10000,1048576,4620,3055.46
10000,10240,3762,108.61
10000,102400,4186,127.74
10000,10240,3599,111.42
10000,1048576,8675,5172.09
1000,10485760,131,20885.84
10000,1048576,1233,7695.55
10000,1048576,638,2540.46
10000,102400,708,137.29
10000,102400,9032,117.23
100,10485760,29,43768.80
10000,102400,9916,223.05
10000,102400,4607,245.36
10000,10240,1042,100.32
10000,1048576,1299,3093.22
10000,10240,5906,105.05
10000,1048576,3832,6014.21
10000,102400,9142,123.52
10000,102400,8116,153.68
10000,10240,1388,104.41
10000,10240,4433,90.03
10000,1048576,4405,8835.06
10000,10240,4488,211.85
10000,102400,6842,232.69
10000,10240,490,94.97
10000,1048576,8872,4670.44
1000,1048576,644,4932.96
10000,10240,6115,101.97
10000,10240,6461,229.86
1000,10240,0,201.00
10000,1048576,1384,2508.02
10000,10240,2789,104.47
10000,102400,928,136.16
10000,10240,9260,98.36
10000,1048576,9408,1573.51
10000,1048576,843,3710.83
10000,102400,8012,121.50
10000,10240,9832,101.91
10000,102400,7815,104.94
10000,102400,5537,117.95
10000,102400,9361,113.36
1000,1048576,994,6693.58
10000,1048576,1799,6829.75
1000,102400,108,224.43
10000,102400,5464,112.57
10000,1048576,2560,5255.93
100,10485760,19,27393.19
1000,10240,987,204.95
10000,1048576,5790,6577.80
10000,1048576,8226,2819.09
10000,10240,5757,110.95
10000,10240,241,110.35
10000,102400,2259,120.11
10000,10240,5509,99.47
100,104857600,91,113680.27
10000,102400,133,455.52
1000,10485760,786,6160.92
10000,10240,8583,242.68
1000,10485760,688,30128.62
10000,102400,9251,457.92
10000,10240,5015,235.36
10000,1048576,3094,4976.11
10000,102400,1091,134.85
10000,1048576,5982,6467.80
10000,102400,9234,241.40
10000,10240,2469,110.73
10000,10240,5012,213.27
10000,1048576,5466,7322.96
10000,102400,8191,133.00
10000,10240,1966,210.07
10000,1048576,7775,8243.51
10000,10240,1872,210.21
10000,1048576,7543,13033.05
10000,1048576,2722,3327.48
10000,1048576,3128,6851.49
10000,102400,1583,148.91
10000,10240,1464,115.26
10000,102400,591,130.57
10000,102400,6450,128.20
10000,1048576,3236,4798.89
10000,102400,7764,126.97
1000,10485760,984,28183.36
10000,10240,2268,381.41
10000,1048576,6036,13757.44
10000,102400,744,392.94
10000,102400,768,267.08
10000,1048576,8072,14914.88
10000,102400,3086,418.48
10000,1048576,7038,4939.33
10000,1048576,3334,5593.70
10000,102400,2469,235.34
10000,10240,9160,110.73
10000,10240,3397,114.80
10000,102400,174,115.94
10000,1048576,3157,5264.40
10000,102400,5618,119.84
10000,1048576,488,8755.63
10000,1048576,4549,5472.82
10000,1048576,6998,10056.33
1000,102400,463,515.54
10000,102400,5151,162.08
10000,1048576,1040,3920.95
10000,1048576,8524,3708.70
10000,102400,7114,127.53
10000,1048576,8605,6132.08
10000,10240,9488,111.22
10000,1048576,5078,6777.49
10000,10240,4741,112.10
10000,10240,1870,116.78
10000,1048576,3844,5343.58
10000,102400,1224,265.16
10000,10240,1901,96.81
10000,1048576,8958,6222.19
10000,10240,2960,100.81
10000,1048576,2308,3650.38
10000,10240,2825,100.33
10000,102400,1780,216.89
10000,10240,9607,129.10
10000,102400,6921,108.58
10000,102400,9189,110.25
10000,1048576,2260,3374.54
10000,102400,50,120.58
10000,1048576,6273,3836.37
10000,102400,7662,116.36
10000,10240,6426,91.10
10000,102400,1886,213.43
10000,1048576,189,2094.45
10000,10240,1884,99.41
10000,10240,3032,89.90
100,10240,29,254.63
10000,10240,3472,91.15
10000,1048576,9885,3195.20
10000,1048576,6585,4329.32
10000,1048576,7542,4409.16
10000,102400,573,118.30
10000,10240,2974,90.62
10000,10240,550,94.12
10000,10240,8863,98.92
10000,10240,4179,96.41
10000,10240,497,204.76
1000,10485760,495,23386.41
10000,10240,6926,141.09
1000,102400,215,151.88
10000,102400,381,220.91
10000,102400,1714,110.62
10000,1048576,5278,8462.41
10000,10240,5269,111.52
10000,102400,3852,129.50
10000,1048576,39,4178.14
10000,10240,6406,211.70
10000,1048576,327,2343.91
10000,102400,8501,224.86
10000,10240,1381,99.17
10000,102400,7272,112.28
10000,1048576,2377,3553.36
10000,10240,7205,112.69
10000,1048576,8176,4074.14
10000,102400,8347,118.86
10000,10240,8890,93.25
100,102400,0,128.15
10000,102400,434,147.00
10000,1048576,2817,2948.91
10000,1048576,3167,2610.34
10000,102400,4669,117.44
10000,1048576,3708,2814.07
10000,10240,5035,103.35
10000,10240,9900,90.04
10000,102400,3104,121.13
10000,10240,2726,98.02
10000,102400,8727,116.92
10000,10240,7501,101.30
10000,102400,7301,114.00
1000,10240,163,97.10
10000,1048576,9941,3152.81
10000,102400,1025,114.93
10000,10240,8817,98.63
10000,1048576,7079,3306.24
10000,1048576,7258,4410.31
1000,10485760,272,26259.08
1000,1048576,87,13136.94
10000,1048576,2174,5717.43
10000,1048576,3700,12668.64
100,10485760,84,62123.99
10000,10240,3997,278.87
1000,1048576,363,4014.60
10000,1048576,1957,4237.64
10000,10240,2532,242.41
10000,10240,4006,95.86
10000,10240,9915,114.61
10000,1048576,3819,7239.58
10000,10240,1742,105.78
10000,102400,6290,233.26
10000,10240,5809,106.83
10000,10240,2562,94.74
10000,1048576,5237,6404.20
10000,1048576,1225,3346.92
10000,10240,3593,104.56
10000,102400,6783,114.74
10000,10240,2985,91.34
1000,1048576,572,3345.43
10000,10240,6344,108.47
10000,102400,3955,125.85
10000,1048576,7451,3612.84
10000,102400,5633,122.25
10000,1048576,3184,5943.95
1000,10485760,789,14157.65
10000,1048576,606,5046.51
10000,102400,760,120.84
10000,10240,2071,98.21
10000,10240,5924,213.05
10000,1048576,4831,5222.66
10000,102400,4185,321.20
10000,1048576,2744,7487.33
10000,1048576,5494,3005.65
10000,10240,1841,113.70
10000,10240,597,216.83
10000,1048576,2497,2918.00
10000,102400,6022,123.17
10000,102400,8629,107.04
10000,10240,3838,97.72
10000,1048576,4410,3359.41
10000,10240,415,99.95
10000,10240,471,98.83
10000,1048576,391,13212.59
10000,1048576,645,6206.87
10000,10240,5806,248.11
10000,1048576,835,3926.32
10000,102400,1311,132.55
10000,1048576,1067,4862.67
10000,10240,9124,126.51
10000,10240,3924,106.74
10000,1048576,7678,6001.25
10000,1048576,7737,3331.37
10000,102400,5085,121.33
10000,102400,2011,106.23
10000,1048576,8063,3235.87
10000,102400,731,136.59
1000,10485760,31,7633.49
10000,102400,777,123.08
10000,1048576,7761,2855.08
10000,1048576,4748,1847.26
10000,10240,5101,201.96
100,10240,15,203.13
1000,10485760,182,8738.43
10000,10240,4196,248.16
10000,102400,9417,117.55
10000,10240,1516,90.65
1000,102400,175,117.85
10000,10240,632,101.45
10000,102400,8518,124.14
10000,10240,2668,107.68
10000,102400,1991,116.03
10000,1048576,6048,2542.19
10000,102400,4350,114.82
10000,10240,4152,240.41
10000,10240,1835,93.25
1000,10485760,530,7617.69
10000,1048576,8808,806.73
10000,1048576,138,1421.80
10000,1048576,6394,1824.99
1000,10485760,188,9589.08
10000,10240,1990,258.65
10000,1048576,4455,2733.10
10000,102400,7668,240.88
10000,102400,327,241.35
10000,10240,8203,122.69
10000,10240,7208,102.36
10000,102400,7720,114.97
10000,1048576,8410,1667.08
1000,10240,316,105.46
10000,10240,2480,98.45
10000,10240,1750,95.39
10000,102400,2791,111.92
10000,1048576,7336,3897.30
1000,10240,114,100.07
10000,102400,5796,106.46
10000,1048576,8875,2891.18
10000,102400,8918,119.19
10000,102400,9993,108.24
10000,1048576,938,2420.14
10000,102400,9221,124.85
10000,10240,7140,92.07
10000,10240,6444,93.21
10000,10240,3894,96.35
10000,1048576,4725,807.36
1000,10485760,312,4379.01
100,10485760,79,36288.43
1000,102400,851,310.42
10000,102400,6646,123.31
10000,102400,2857,258.16
10000,102400,5937,340.91
1000,1048576,902,805.12
10000,102400,4776,240.70
10000,1048576,3197,649.71
10000,10240,7329,108.89
10000,1048576,3275,1837.79
10000,10240,6180,106.51
10000,102400,7169,137.00
10000,10240,5917,96.24
10000,102400,7869,128.00
1000,10485760,528,12306.01
10000,10240,3313,227.81
10000,102400,8426,261.26
10000,10240,9405,238.39
10000,102400,8121,222.11
1000,10240,570,256.31
1000,102400,341,113.76
10000,1048576,8839,2258.27
1000,10485760,850,5424.87
1000,1048576,86,851.01
10000,10240,2249,110.51
10000,1048576,8225,873.25
1000,1048576,927,679.24
10000,102400,335,125.38
10000,1048576,9697,766.04
1000,102400,306,121.45
10000,10240,8973,122.40
10000,10240,678,97.70
10000,102400,4937,123.29
10000,10240,7638,99.61
10000,10240,3323,107.26
10000,10240,4607,106.66
10000,102400,8104,117.81
100,104857600,49,33840.63
1000,10485760,295,30625.54
10000,10240,3717,312.62
10000,10240,2446,257.70
10000,102400,7954,120.73
10000,10240,108,227.84
10000,1048576,8182,5513.62
10000,1048576,8277,4848.50
10000,1048576,9963,5485.49
10000,102400,3088,228.56
10000,102400,9755,123.90
1000,1048576,796,6192.73
10000,102400,7357,232.41
10000,1048576,2397,3267.53
10000,10240,201,110.26
10000,1048576,4743,1851.38
10000,1048576,3238,849.90
10000,102400,9693,118.67
10000,102400,9035,138.83
10000,102400,775,107.37
10000,1048576,4152,2077.70
10000,1048576,9113,4219.38
10000,10240,8599,105.01
10000,102400,6015,110.73
10000,1048576,4480,2665.25
10000,1048576,1517,605.89
1000,10240,887,115.53
10000,1048576,3219,780.00
10000,1048576,2666,670.35
10000,102400,435,224.30
10000,102400,2744,120.00
10000,102400,5909,136.93
10000,102400,7917,112.83
10000,1048576,8685,863.70
10000,10240,9289,195.05
10000,1048576,8400,2218.55
10000,10240,4372,103.01
10000,10240,1178,94.19
1000,10485760,93,10581.28
10000,102400,7054,236.36
10000,10240,3611,286.39
10000,1048576,4041,2698.08
10000,10240,4424,109.17
10000,1048576,2484,1975.56
1000,10485760,291,7951.00
10000,10240,1434,213.73
10000,10240,545,227.83
10000,102400,8310,120.71
10000,102400,5831,115.47
10000,102400,9821,226.97
10000,102400,4119,126.95
10000,10240,8889,204.64
10000,102400,3438,116.56
10000,10240,1933,101.47
10000,10240,2291,105.38
10000,10240,3602,94.48
10000,102400,7264,113.33
10000,1048576,8042,4235.65
10000,10240,466,102.43
10000,1048576,7134,3362.89
10000,102400,6764,121.11
10000,10240,6925,94.34
10000,102400,4478,109.59
10000,1048576,2269,1545.45
10000,10240,1593,106.04
10000,10240,7564,98.38
10000,10240,3148,102.57
1000,1048576,114,762.01
10000,102400,2895,127.58
10000,1048576,9306,530.57
10000,10240,399,103.15
10000,10240,916,97.70
10000,1048576,947,806.90
10000,10240,9347,110.69
10000,102400,886,114.42
10000,102400,5324,116.38
10000,1048576,3681,830.03
10000,1048576,2314,1880.08
10000,1048576,6198,4627.54
10000,10240,4864,110.09
10000,1048576,4310,6003.98
10000,102400,348,218.62
10000,102400,3834,124.05
10000,1048576,8219,5357.52
10000,10240,9577,104.81
10000,10240,9223,90.28
10000,1048576,4354,8715.74
10000,102400,8856,119.06
10000,102400,4856,111.18
1000,10485760,684,8034.48
10000,10240,1514,210.74
10000,102400,6345,229.15
10000,1048576,1305,3143.87
10000,10240,6302,103.53
10,1048576,5,2187.02
10000,1048576,5508,5526.04
1000,102400,633,134.21
10000,10240,3732,94.27
10000,10240,9136,99.72
10000,102400,4224,109.40
10000,102400,240,219.49
10000,1048576,7503,3420.50
10000,102400,1791,125.25
10000,1048576,2889,5211.08
10000,1048576,2546,6090.61
10000,10240,5281,212.57
10000,102400,5391,115.16
10000,102400,3497,110.25
10000,10240,6959,94.09
10000,10240,1399,100.98
10000,102400,1094,107.54
10000,102400,8529,213.10
10000,102400,7429,125.39
10000,10240,8087,101.68
10000,102400,6122,115.08
1000,1048576,853,5623.90
10000,10240,8238,105.39
10000,10240,3840,95.09
10000,102400,9776,111.07
10000,10240,4441,98.78
10000,1048576,1252,3238.87
10000,10240,6805,121.43
10000,1048576,9558,2655.05
10000,10240,2990,106.06
10000,1048576,4528,2934.62
10000,1048576,5909,1949.21
10000,102400,8754,123.45
10000,102400,5462,112.36
10000,102400,5248,106.42
10000,102400,2191,107.80
10000,102400,9105,114.92
1000,102400,628,125.45
10000,10240,2641,106.57
10000,102400,2298,123.78
10000,10240,9606,100.81
10000,10240,2184,98.78
10000,102400,3143,121.20
10000,102400,9179,109.04
10000,10240,3492,98.48
10000,102400,4578,115.19
1000,10485760,634,22640.84
10000,102400,7285,150.26
10000,1048576,4553,644.93
10000,1048576,4574,815.81
10000,10240,8041,112.88
10000,102400,867,116.55
10000,102400,1275,115.74
10000,1048576,6037,790.85
10000,10240,683,109.77
10000,1048576,8451,783.19
10000,102400,3273,120.73
10000,10240,7552,87.76
10000,102400,1853,112.43
10000,1048576,8773,850.55
10000,1048576,8884,1118.82
10000,1048576,3422,964.79
10000,1048576,288,1005.88
10000,10240,8726,101.09
10000,1048576,9471,678.79
10000,10240,6789,106.41
10000,102400,1862,118.67
1000,102400,228,122.10
10000,1048576,8414,921.56
10000,102400,3592,116.36
10000,102400,5143,117.06
10000,1048576,5926,821.79
10000,102400,3267,134.24
10000,1048576,9297,743.42
1000,10485760,301,5127.64
10000,1048576,509,930.76
10000,102400,680,125.63
10000,102400,7973,121.95
10000,10240,7738,94.97
1000,102400,186,117.99
10000,102400,5868,110.54
10000,10240,5456,94.70
10000,1048576,3375,1569.66
1000,102400,371,126.15
10000,10240,9040,105.13
10000,102400,1383,217.87
10000,102400,1706,121.54
10000,1048576,778,4961.03
10000,1048576,9425,10278.61
10000,1048576,1958,7960.69
10000,1048576,191,8894.62
10000,102400,2391,148.29
10000,1048576,1502,5006.74
10000,102400,9711,220.47
10000,1048576,7547,9455.51
10000,10240,7132,103.30
10000,102400,339,121.29
1000,102400,402,104.27
10000,10240,9464,97.17
10000,1048576,242,9515.45
1000,102400,292,254.49
10000,10240,9554,95.57
10000,10240,3956,86.36
10000,10240,8735,86.71
10000,102400,3337,129.52
10000,10240,6658,218.26
10000,1048576,9696,10764.33
10000,102400,8201,244.12
1000,1048576,11,4225.46
10000,102400,3264,263.11
1000,102400,760,215.50
10000,102400,5719,131.16
10000,10240,6232,94.13
10000,1048576,7521,10240.99
10000,10240,8878,253.12
10000,102400,8783,111.89
10000,102400,1885,111.74
1000,10240,175,201.41
10000,102400,7988,113.83
10000,10240,3424,206.62
10000,102400,8508,121.74
10000,102400,4373,119.25
10000,1048576,5165,5311.49
10000,102400,7117,118.35
10000,102400,3912,101.85
1000,10485760,309,30325.00
1000,10485760,863,12733.70
10000,1048576,850,2543.27
10000,10240,7628,130.58
10000,10240,8160,119.21
10000,10240,1111,240.76
10000,102400,3287,106.75
10000,1048576,1578,3740.14
1000,1048576,516,4738.14
10000,10240,5951,236.50
10000,102400,6502,108.19
10000,102400,8280,111.34
10000,102400,6972,106.22
10000,10240,875,101.13
10000,1048576,5487,5499.54
10000,10240,920,205.23
10000,1048576,4922,6591.77
1000,10485760,941,58453.41
10000,102400,41,393.24
10000,1048576,1993,1331.77
10000,102400,3720,257.24
1000,10485760,227,6098.09
10000,102400,6700,132.22
10000,1048576,3569,4678.57
10000,1048576,6685,4286.23
1000,10240,367,220.80
10000,102400,831,221.44
10000,10240,4960,242.28
10000,102400,5402,171.25
10000,102400,2535,209.72
10000,1048576,1368,3814.05
10000,102400,5575,128.03
10000,10240,8632,97.13
10000,1048576,6381,1925.70
10000,10240,5752,106.31
10000,1048576,7138,1292.49
10000,102400,1277,117.34
10000,102400,4277,112.10
10000,10240,1020,99.70
10000,102400,7603,100.77
10000,1048576,182,1641.36
10000,1048576,4599,1488.37
10000,10240,5778,106.84
10000,102400,1040,112.36
10000,10240,9104,97.42
10000,102400,5440,116.88
10000,1048576,4127,1724.17
10000,1048576,5612,888.60
10000,102400,7860,123.62
10000,10240,3430,98.29
10000,102400,5991,106.09
10000,1048576,7110,1337.84
10000,1048576,8343,823.24
10000,1048576,6482,944.84
1000,10240,653,111.98
10000,1048576,5575,846.24
10000,102400,2636,121.35
10000,102400,2615,110.46
1000,10485760,848,6372.46
10000,10240,6606,104.51
10000,1048576,8925,3013.29
10000,102400,9684,124.76
10000,102400,1235,128.13
10000,1048576,4334,1360.69
10000,10240,9461,105.51
1000,10240,428,87.25
10000,1048576,6372,2156.78
10000,1048576,6863,1685.12
10000,102400,966,120.57
10000,102400,8787,107.04
10000,10240,2685,108.45
10000,102400,7813,128.06
10000,10240,4420,102.78
10000,1048576,6485,1875.54
10000,1048576,1124,8849.98
10000,10240,1826,102.68
10000,102400,8081,108.54
10000,10240,7950,218.65
10000,102400,6746,113.84
10000,102400,9285,113.90
10000,1048576,8935,1956.68
1000,10240,357,105.56
1000,10485760,393,18683.48
10000,102400,3525,291.51
10000,10240,9998,227.76
10000,1048576,3347,5014.08
10000,1048576,1325,4423.34
10000,1048576,4909,9691.14
10000,102400,1338,135.45
10000,1048576,6774,8706.12
10000,102400,3040,241.51
10000,1048576,3031,4151.92
10000,102400,3024,223.49
1000,102400,426,111.29
10000,1048576,5874,2499.41
10000,102400,5597,128.13
10000,10240,1409,114.37
10000,1048576,553,1436.41
10000,10240,6358,105.46
1000,102400,748,111.19
10000,10240,3616,106.99
10000,102400,2589,122.36
10000,1048576,2784,2886.64
1000,1048576,306,4165.34
1000,102400,467,126.18
10000,102400,3204,111.40
10000,10240,5277,95.29
10000,10240,8857,95.06
10000,1048576,229,1521.73
10000,10240,7107,113.51
10000,1048576,9358,2474.79
10000,102400,1096,130.64
10000,102400,2016,117.78
1000,10240,474,106.50
10000,1048576,529,2849.73
10000,102400,4860,122.85
10000,10240,8907,93.06
10000,102400,1264,123.04
10000,10240,6419,100.35
10000,102400,3884,111.46
10000,1048576,8966,4242.68
10000,10240,6154,99.15
10000,1048576,9683,5018.90
10000,1048576,9023,1854.34
10000,10240,5814,198.58
10000,10240,1463,90.46
10000,102400,2743,113.59
10000,102400,9008,117.62
10000,102400,5903,222.49
10000,10240,9031,97.09
10000,1048576,7529,3476.81
10000,1048576,1835,3145.36
100,104857600,9,124289.83
1000,102400,730,697.67
10000,1048576,3062,11336.57
10000,10240,6524,294.87
10000,1048576,795,3717.59
1000,1048576,530,15458.23
1000,10240,454,346.73
10000,10240,2065,121.53
10000,102400,1951,111.70
1000,1048576,478,3820.52
10000,10240,7340,228.16
10000,1048576,7606,7171.05
10000,1048576,5242,5746.28
10000,10240,2199,107.94
10000,1048576,4459,1780.34
1000,102400,736,147.10
10000,1048576,4697,2640.33
10000,102400,8245,129.64
10000,1048576,4399,1949.55
10000,102400,383,118.18
10000,1048576,1498,19971.73
10000,1048576,4108,2142.00
10000,10240,5741,222.87
10000,1048576,5717,3295.75
10000,102400,7632,124.48
10000,102400,2591,223.14
10000,102400,3019,114.10
1000,10485760,993,48559.12
10000,102400,5133,405.42
10000,1048576,9641,6172.68
10000,102400,5606,245.76
10000,1048576,9967,4196.35
10000,102400,4736,240.72
10000,1048576,8854,3104.20
10000,10240,9581,208.05
10000,10240,888,102.53
10000,1048576,5756,2123.36
10000,1048576,4235,14182.56
10000,10240,7719,376.72
10000,102400,7459,271.70
1000,1048576,481,6496.26
1000,1048576,480,8139.95
100,102400,89,224.83
10000,10240,1119,241.90
10000,10240,2046,103.82
10000,10240,2981,101.68
10000,102400,1037,112.53
10000,10240,1308,136.14
10000,1048576,2676,6998.97
10000,1048576,4047,3039.78
10000,102400,9660,230.05
10000,1048576,5928,2291.01
10000,1048576,2057,6815.32
10000,102400,9744,122.31
10000,1048576,333,1941.26
10000,1048576,9011,1943.96
10000,1048576,7602,1676.72
10000,102400,6795,237.91
10000,1048576,6216,4862.64
10000,10240,5300,198.38
10000,102400,1387,112.93
10000,1048576,2005,2925.25
10000,10240,1760,102.54
10000,102400,8587,111.88
10000,102400,8266,215.23
100,10240,86,103.81
10000,10240,4668,96.10
1000,1048576,583,2413.91
10000,102400,9829,119.56
10000,10240,1857,87.36
10000,10240,63,89.95
1000,1048576,781,4002.13
1000,102400,554,115.16
10000,1048576,7490,2341.44
1000,10485760,41,19690.85
10000,10240,3938,278.10
1000,10240,131,223.77
10000,10240,1686,99.79
10000,1048576,311,13894.25
10000,1048576,6248,6708.03
10000,1048576,8926,4081.46
10000,1048576,1772,10047.39
10000,1048576,4701,6429.81
1000,102400,629,166.75
10000,102400,1052,136.97
10000,10240,3299,123.57
10000,10240,8197,120.70
10000,10240,9037,109.59
10000,102400,7523,133.31
10000,10240,7565,130.23
10000,10240,1146,147.90
10000,10240,5795,111.18
1000,10240,766,112.55
10000,1048576,3042,11396.03
10000,102400,9022,162.81
10000,10240,2790,191.32
10000,1048576,2594,5908.47
10000,10240,482,148.78
10000,10240,4333,116.92
10000,102400,9248,141.78
1000,10485760,332,29132.62
10000,10240,955,181.88
100,104857600,77,125964.23
10000,1048576,8159,1145.73
10000,10240,79,171.72
1000,10240,138,141.98
10000,102400,5688,235.84
10000,10240,8277,120.57
10000,1048576,4633,918.93
10000,10240,3733,145.28
1000,1048576,801,755.98
10000,102400,1483,148.84
10000,1048576,9581,765.02
10000,1048576,7818,1126.91
10000,1048576,2548,697.72
10000,1048576,3414,631.62
10000,10240,263,113.94
1000,1048576,51,696.68
10000,102400,3971,135.63
10000,10240,2585,107.09
10000,10240,8528,110.13
10000,10240,4276,110.67
10000,1048576,6150,806.54
10000,10240,9714,112.49
10000,1048576,5396,682.05
1000,1048576,88,35050.92
10000,10240,7547,299.39
10000,1048576,3742,7680.04
10000,10240,3007,143.62
10000,10240,5679,143.66
1000,10485760,413,17170.96
10000,1048576,2718,3138.07
10000,10240,8316,238.62
10000,1048576,6347,3574.05
10000,10240,4859,135.71
10000,1048576,2000,1714.17
10000,1048576,9918,1286.92
10000,10240,1205,109.17
1000,1048576,421,7841.93
10000,1048576,4998,3859.30
10000,1048576,2320,3326.80
10000,10240,8078,115.87
10000,102400,7064,117.28
10000,1048576,3080,2691.29
10000,1048576,9995,1870.13
10000,102400,2405,155.89
1000,10240,302,96.76
10000,10240,4346,100.78
1000,1048576,468,788.35
10000,1048576,9294,686.20
10000,1048576,723,603.62
10000,102400,65,133.44
10000,10240,3584,108.33
1000,102400,931,116.72
10000,10240,2221,102.75
10000,10240,4959,105.86
10000,10240,8471,103.81
10000,102400,8476,119.48
1000,1048576,233,930.88
10000,102400,7593,135.59
10000,102400,9477,117.69
10000,10240,9453,101.42
10000,102400,5718,123.31
1000,1048576,314,3050.65
10000,1048576,8810,6663.34
10000,10240,3540,106.38
10000,10240,4272,92.41
10000,10240,8933,102.64
10000,102400,5953,275.87
10000,10240,3186,106.07
100,10240,32,217.12
10000,102400,1918,119.07
10000,102400,9052,114.46
10000,10240,3817,98.63
10000,102400,5551,259.84
10000,102400,258,115.72
10000,102400,6200,113.95
1000,1048576,342,7708.01
10000,1048576,642,6455.33
10000,1048576,2180,4071.08
10000,1048576,5240,7439.79
1000,10240,60,344.70
10000,1048576,4649,7765.99
10000,10240,1850,222.36
10000,1048576,6832,4467.03
10000,102400,8967,355.20
1000,10485760,915,4768.77
10000,10240,783,317.22
10000,1048576,3531,589.40
10000,1048576,1361,848.14
10000,1048576,5152,804.64
10000,102400,8391,124.48
10000,1048576,4868,618.90
10000,1048576,8108,604.04
10000,1048576,9595,830.07
10000,10240,156,110.56
10000,1048576,8168,734.01
10000,1048576,749,974.42
10000,1048576,273,1216.13
10000,10240,515,208.28
10000,10240,1510,99.24
1000,10485760,175,4674.66
10000,1048576,5410,2737.11
10000,1048576,7448,2842.76
10000,10240,4141,222.57
10000,1048576,7509,932.82
10000,102400,4252,120.79
1000,10240,167,111.64
10000,102400,8868,116.57
100,102400,28,223.39
1000,102400,889,117.54
10000,1048576,4075,827.01
10000,10240,370,109.11
10000,102400,1768,109.70
10000,10240,3699,97.39
10000,1048576,2937,1177.23
10000,10240,5545,312.56
10000,1048576,3869,1338.44
10000,102400,6267,126.97
1000,102400,797,114.32
10000,1048576,9071,718.44
10000,102400,422,124.79
10000,102400,1893,126.71
10000,10240,6133,210.72
10000,1048576,3102,1881.48
10000,10240,6919,103.80
10000,10240,9812,96.39
10000,1048576,8943,2822.98
10000,10240,4522,102.30
10000,102400,2989,122.79
10000,10240,2778,99.11
10000,10240,4929,96.48
10000,1048576,1817,3661.34
10000,1048576,5162,5873.80
10000,10240,4138,102.75
10000,1048576,8688,3265.18
10000,1048576,9875,9063.01
10000,1048576,4009,4579.26
10000,10240,9653,229.36
10000,102400,3688,118.15
10000,10240,315,331.89
10,102400,6,118.92
10000,10240,4261,95.93
10000,102400,9956,124.80
10000,102400,1711,118.03
10000,102400,3919,123.72
10000,102400,8156,152.79
10000,10240,5220,107.22
10000,1048576,4586,6650.56
10000,1048576,5963,3661.56
10000,1048576,5815,8360.19
10000,102400,5793,269.04
1000,10240,762,100.58
10000,1048576,3310,6112.68
10000,102400,5295,251.76
10000,10240,4986,107.95
10000,10240,4065,141.85
10000,10240,7500,309.53
1000,102400,593,117.31
10000,1048576,5726,3426.51
10000,1048576,6480,2607.84
10000,1048576,6402,2891.68
10000,1048576,1056,2174.12
10000,102400,3417,252.49
10000,102400,7715,225.53
1000,10240,87,94.11
10000,10240,2582,95.51
1000,10485760,23,4817.62
10000,10240,4423,109.45
10000,102400,2061,127.36
10000,10240,8060,95.74
10000,10240,1843,192.27
10000,10240,4861,103.85
10000,10240,2899,109.44
10000,10240,7640,101.63
10000,1048576,5961,2245.98
10000,1048576,9520,4471.64
10000,102400,4036,115.74
1000,102400,79,115.44
10000,10240,2191,106.24
1000,1048576,582,4923.21
1000,10240,950,104.12
10000,1048576,7958,6036.45
10000,10240,2445,107.68
10000,1048576,3762,3580.76
10000,1048576,2235,6080.89
10000,102400,7531,126.00
10000,102400,4697,220.84
1000,102400,652,277.73
10000,102400,1100,119.98
10000,1048576,3865,8219.95
10000,102400,3594,342.18
10000,10240,4330,103.54
10000,102400,2001,383.24
10000,102400,100,114.79
1000,102400,678,127.62
10000,10240,3038,225.04
10000,102400,6404,111.97
10000,10240,4037,268.25
10000,102400,6035,113.31
10000,10240,7556,101.30
1000,10485760,426,31839.25
1000,102400,286,438.34
10000,10240,5772,371.55
10000,1048576,1410,3444.45
10000,1048576,3579,11037.01
10000,1048576,5259,3063.92
10000,10240,3328,142.68
10000,102400,4111,264.71
10000,102400,305,150.92
10000,1048576,448,2295.36
10000,10240,2531,112.04
10000,1048576,1112,1772.93
100,10240,40,369.83
10000,10240,764,94.47
10000,1048576,2842,2497.26
10000,10240,7516,103.39
10000,1048576,3292,2372.54
10000,10240,8762,118.27
10000,1048576,2396,2611.81
10000,10240,8196,365.92
10000,1048576,6475,1845.35
1000,10485760,943,10961.15
10000,1048576,7372,3069.66
10000,1048576,3751,2695.50
10000,102400,8871,261.64
10000,10240,8731,146.15
10000,10240,3019,103.71
1000,1048576,763,2359.14
10000,102400,544,132.03
10000,1048576,7628,2031.41
10000,1048576,4301,725.41
10000,102400,3193,126.21
10000,102400,2572,130.56
1000,1048576,573,731.70
10000,10240,5501,108.30
10000,10240,8223,104.29
1000,10485760,111,4762.64
10000,10240,6253,111.57
10000,102400,1238,118.17
10000,1048576,8812,2801.22
10000,102400,6110,120.27
10000,10240,7245,100.10
10000,10240,4296,91.77
10000,102400,5043,115.15
10000,10240,2596,99.55
10000,1048576,9505,2006.94
10000,10240,3297,220.98
10000,1048576,2808,2560.02
10000,102400,1154,120.67
10000,102400,9730,118.42
10000,102400,9727,113.91
10000,1048576,3307,2212.53
10000,1048576,1440,3427.74
10000,102400,9936,247.27
10000,102400,3577,126.92
10000,1048576,7144,10691.52
10000,1048576,4889,5422.97
10000,102400,4193,358.11
10000,1048576,6536,4376.68
10000,1048576,633,5599.96
10000,102400,3883,258.86
10000,10240,4405,228.66
10000,10240,61,97.29
10000,10240,8386,315.77
10000,10240,2827,256.67
10000,10240,3514,100.86
1000,102400,28,119.15
10000,10240,447,102.45
10000,1048576,249,7160.34
10000,102400,7665,131.89
10000,10240,5057,100.51
10000,1048576,25,4979.70
10000,102400,2025,133.16
10000,102400,9017,127.45
1000,1048576,717,4191.54
10000,10240,9418,98.05
10000,1048576,676,3819.41
10000,10240,5317,116.67
10000,1048576,8807,4124.27
10000,10240,858,235.50
10000,10240,9752,202.24
10000,1048576,7278,891.28
10000,10240,3666,107.13
10000,1048576,955,1088.55
1000,102400,749,124.63
10000,1048576,6033,821.27
10000,10240,5883,222.43
10000,10240,1908,100.21
10000,1048576,9239,803.57
1000,102400,878,123.62
10000,10240,4806,112.28
1000,10485760,429,4043.26
10000,10240,1732,107.52
10000,1048576,9872,673.98
10000,102400,750,124.90
10000,10240,1788,103.11
10000,10240,2598,97.95
10000,102400,1599,126.89
10000,10240,596,102.64
10000,102400,2820,109.87
10000,10240,1547,96.78
10000,102400,4716,116.38
10000,102400,6479,116.02
10000,102400,2177,119.60
10000,1048576,3664,826.74
10000,102400,2210,125.64
10000,102400,7830,161.44
10000,1048576,8003,743.29
10000,1048576,6383,873.72
10000,1048576,4200,786.05
10000,10240,4871,101.69
1000,102400,174,112.33
10000,10240,5727,101.83
100,10240,96,105.66
10000,1048576,7970,828.50
10000,102400,5642,125.48
10000,1048576,473,554.98
10000,102400,840,119.92
10000,102400,6222,124.41
1000,102400,193,106.99
10000,102400,5449,111.38
10000,102400,466,117.07
10000,102400,1544,114.42
10000,102400,6558,114.38
10000,1048576,1034,896.96
10000,102400,4967,140.05
10000,10240,3659,104.17
1000,1048576,515,1408.81
10000,102400,1435,114.28
10000,102400,3966,113.64
10000,10240,8143,97.49
10000,10240,1890,99.68
10000,10240,1005,101.73
10000,10240,1335,99.02
10000,10240,9695,103.03
10000,102400,1312,158.71
10000,102400,1050,119.12
10000,10240,8859,99.98
10000,102400,3922,118.21
1000,1048576,831,1311.88
10000,10240,4367,102.83
10000,1048576,3063,999.66
10000,102400,7040,124.94
10000,102400,4912,133.64
10000,10240,1948,97.65
10000,10240,8281,97.74
10000,1048576,2065,797.71
10000,102400,9613,117.86
10000,102400,9467,115.09
10000,10240,7218,105.47
10000,10240,9551,102.95
10000,102400,7826,108.10
1000,1048576,898,964.22
10000,102400,7806,130.53
10000,1048576,3039,835.54
10000,10240,6182,109.17
10000,1048576,4205,735.88
10000,10240,3672,105.77
10000,10240,8843,101.41
10000,10240,1707,97.08
10000,10240,6633,104.38
10000,102400,323,124.15
10000,1048576,8606,1086.54
10000,1048576,7585,1413.05
10000,10240,5943,111.99
10000,10240,662,106.37
10000,1048576,2215,1430.74
10000,102400,2383,119.37
10000,102400,5460,120.58
10000,1048576,5091,753.93
10000,102400,408,122.76
10000,1048576,910,804.15
10000,10240,412,115.36
10000,1048576,2064,1028.54
10000,10240,4133,110.61
10000,10240,3740,99.58
10000,1048576,9735,1351.97
10000,102400,9161,124.10
10000,10240,9902,102.41
10000,10240,2616,96.49
10000,102400,8292,111.36
10000,102400,5011,115.29
10000,102400,1303,111.86
10000,1048576,120,745.87
10000,1048576,8616,579.12
10000,102400,4517,225.98
10000,1048576,4964,810.52
10000,1048576,6616,742.99
10000,1048576,8450,681.05
10000,1048576,2344,809.53
10000,102400,278,129.05
1000,10240,413,102.84
10000,1048576,8218,868.21
10000,102400,4296,120.92
10000,1048576,8354,792.13
10000,102400,6796,121.75
10000,1048576,1351,786.17
1000,10240,677,116.31
10000,10240,1880,98.18
10000,102400,7388,119.96
10000,10240,9440,101.29
10000,10240,3957,99.05
10000,102400,8124,112.63
10000,10240,3801,98.65
10000,102400,8224,122.96
10000,102400,6579,142.16
10000,10240,6901,102.77
10000,1048576,9751,788.19
10000,10240,9718,113.13
10000,10240,9308,95.33
10000,1048576,2870,871.56
1000,1048576,69,842.45
10000,102400,661,126.27
10000,1048576,5397,767.66
10000,10240,9955,107.90
10000,1048576,5048,785.58
10000,102400,9450,130.29
10000,1048576,8896,838.11
10000,10240,7593,112.42
10000,10240,2838,101.00
10000,102400,3010,120.26
10000,102400,7937,123.38
10000,102400,2012,119.68
10000,102400,4267,118.17
10000,1048576,262,2932.37
10000,10240,355,109.16
10000,102400,1112,111.51
10000,1048576,1768,1691.78
10000,10240,5089,100.17
10000,1048576,8708,1595.26
10000,1048576,8705,817.00
10000,102400,8291,124.03
10000,102400,1707,104.51
1000,1048576,600,943.02
10000,1048576,6906,1078.96
10000,1048576,3359,590.17
10000,102400,7013,126.86
10000,10240,7764,93.98
10000,102400,5236,119.07
10000,102400,5523,116.07
10000,1048576,8704,1040.54
10000,10240,9980,96.94
10000,102400,9520,112.92
10000,102400,9220,122.17
10000,1048576,3964,864.52
10000,102400,4419,127.21
10000,1048576,9364,589.62
10000,10240,1103,102.28
10000,1048576,8724,722.35
1000,1048576,226,651.81
10000,1048576,2962,709.59
10000,1048576,6757,777.30
10000,102400,5451,127.60
10000,102400,1906,123.40
10000,102400,4991,110.08
1000,10485760,331,3973.36
10000,1048576,8248,1446.89
10000,1048576,6617,1377.12
10000,10240,1727,107.70
10000,102400,1704,112.03
10000,1048576,415,773.69
10000,10240,8184,103.63
10000,10240,2314,97.75
10000,102400,4,126.09
10000,10240,7123,98.96
10000,1048576,2237,736.74
10000,102400,7673,124.64
10000,1048576,6913,1037.71
10000,1048576,4082,963.20
10000,10240,9385,126.94
10000,10240,5192,103.89
10000,10240,8523,101.08
10000,10240,8400,110.55
10000,1048576,4051,705.69
10000,1048576,5745,747.10
10000,10240,8322,105.75
10000,10240,166,215.45
10000,102400,7105,129.46
10000,1048576,380,902.45
10000,1048576,9675,873.12
10000,1048576,719,821.23
10000,1048576,9987,675.33
10000,1048576,1109,859.85
10000,1048576,5090,836.09
10000,102400,2223,126.55
10000,102400,1243,124.69
10000,102400,1300,112.13
10000,1048576,3931,777.34
10000,102400,1816,134.18
10000,1048576,5006,1172.26
10000,1048576,169,2941.05
10000,10240,8448,102.77
10000,1048576,7048,3451.82
10000,1048576,2576,4423.51
10000,10240,5212,105.97
10000,10240,6773,98.68
1000,10485760,161,81182.98
10000,1048576,7532,2953.03
10000,102400,2477,135.25
10000,102400,6042,283.16
10000,102400,8622,124.85
10000,10240,4012,260.37
10000,102400,7028,117.26
10000,10240,965,390.20
10000,1048576,2469,2895.24
10000,102400,8408,119.15
10000,102400,5082,114.01
10000,1048576,2757,4932.43
10000,102400,4467,131.01
10000,10240,4984,106.02
10000,1048576,445,3501.26
10000,1048576,3642,906.63
100,10240,65,112.36
10000,10240,8268,98.39
10000,10240,5931,97.67
10000,1048576,4783,844.60
10000,102400,7352,227.21
10000,10240,1851,96.83
10000,102400,9768,111.22
10000,1048576,2765,829.60
10000,1048576,1869,639.34
1000,1048576,767,702.85
10000,1048576,1722,682.27
10000,1048576,9680,1802.10
10000,102400,1153,119.67
1000,1048576,930,1617.35
10000,10240,3834,106.55
1000,1048576,897,704.10
10000,1048576,820,756.81
1000,10240,395,120.20
10000,10240,7138,103.57
10000,10240,4948,104.94
10000,102400,997,117.72
10000,1048576,1332,757.29
10000,10240,7046,112.80
10000,10240,6592,97.58
10000,10240,5601,99.39
1000,102400,408,121.67
10000,10240,3439,105.04
10000,10240,1164,99.34
1000,10485760,3,3375.22
10000,102400,437,131.03
10000,10240,3808,102.37
10000,102400,8658,120.84
10000,1048576,6645,829.52
1000,102400,123,125.53
1000,102400,244,120.02
1000,10240,575,104.47
10000,10240,2999,100.69
1000,10240,864,103.80
10000,1048576,5524,822.92
10000,1048576,8184,857.11
1000,102400,390,120.20
10000,102400,2227,122.16
10000,1048576,2475,705.60
10000,1048576,1594,806.01
10000,102400,9286,132.44
10000,102400,2313,117.05
10000,10240,3727,101.74
10000,102400,3464,115.60
100,1048576,20,944.34
10000,102400,8613,125.14
10000,1048576,776,943.61
10000,10240,9763,104.47
1000,1048576,550,742.43
10000,1048576,4694,978.19
10000,1048576,6928,959.74
10000,10240,9919,108.96
10000,102400,3581,119.25
10000,102400,9628,133.38
10000,1048576,576,808.89
10000,10240,4053,114.69
10000,10240,5820,97.66
10000,102400,2867,124.20
10000,1048576,767,751.31
10000,102400,4173,123.39
10000,1048576,7152,913.04
10000,102400,2985,129.25
10000,10240,3023,104.73
10000,10240,7103,96.44
10000,1048576,2030,1047.57
10000,1048576,8191,619.18
10000,1048576,5255,717.44
10000,1048576,1355,843.06
100,1048576,19,388765.07
10000,10240,7985,321.81
1000,102400,263,257.70
10000,1048576,3527,954.17
10000,1048576,7650,868.22
10000,10240,8869,114.67
10000,10240,7089,97.82
10000,1048576,4260,926.56
10000,10240,7199,112.09
10000,1048576,2964,748.22
10000,1048576,7924,663.70
10000,102400,4598,122.51
10000,102400,6205,117.32
10000,1048576,9822,771.93
10000,10240,8244,107.28
10000,102400,5187,121.05
10000,1048576,3478,3812.09
10000,1048576,7528,819.71
10000,1048576,3911,676.56
10000,1048576,9815,708.08
1000,102400,358,126.51
10000,102400,6387,113.70
10000,1048576,9609,903.54
10000,10240,2414,113.44
10000,102400,7783,112.75
10000,1048576,4257,929.51
10000,1048576,5862,661.61
10000,1048576,238,580.60
1000,1048576,637,692.38
10000,102400,2733,124.15
10000,102400,8118,117.63
10000,1048576,3915,878.27
1000,10485760,886,3790.82
10000,10240,589,110.11
10000,102400,9369,114.23
10000,102400,7875,121.84
10000,102400,9371,117.01
10000,10240,210,101.18
10000,10240,2845,99.72
10000,1048576,190,860.77
1000,102400,779,129.25
10000,10240,5009,92.65
10000,1048576,5292,890.42
10000,1048576,4290,736.01
1000,102400,54,383.98
10000,10240,4552,95.01
10000,1048576,7462,605.68
10000,1048576,7001,799.85
10000,10240,9799,100.70
10000,1048576,3350,800.06
10000,10240,2357,103.59
10000,10240,2998,102.34
10000,10240,8576,100.57
10000,10240,7354,100.12
10000,102400,7809,120.52
10000,1048576,1558,1039.21
10000,1048576,8045,652.54
10000,10240,4447,103.14
10000,1048576,9877,746.21
10000,102400,5345,118.50
10000,1048576,9544,620.74
10000,10240,7566,95.72
1000,102400,209,123.30
10000,10240,5380,101.69
10000,10240,7912,106.33
10000,1048576,1959,837.83
10000,1048576,3703,591.50
10000,102400,271,122.58
10000,102400,7286,107.74
10000,1048576,5801,856.40
10000,10240,3707,111.06
10000,1048576,5096,693.47
10000,10240,6900,101.75
10000,1048576,8130,706.39
10000,1048576,6389,567.77
10000,10240,3809,100.92
10000,10240,3721,93.09
10000,102400,6560,119.69
1000,10485760,89,3498.01
10000,1048576,4784,675.64
10000,102400,5035,131.84
10000,1048576,5143,2741.05
10000,1048576,6793,2377.73
10000,102400,3259,123.73
10000,102400,9662,106.98
10000,1048576,7410,1471.70
10000,10240,3034,100.24
1000,10485760,998,6295.16
1000,102400,886,121.20
10000,10240,8066,200.98
10000,1048576,9867,669.34
10000,1048576,8996,775.67
10000,1048576,291,574.84
10000,10240,2164,103.24
10000,10240,1160,92.73
10000,102400,920,108.70
10000,1048576,2056,850.61
10000,102400,4700,121.28
100,102400,70,113.11
10000,102400,3650,111.33
1000,10485760,714,4204.26
10000,10240,9659,110.09
10000,10240,6800,93.04
10000,102400,3065,111.64
10000,102400,667,113.13
10000,10240,2636,100.54
10000,1048576,9030,757.44
10000,10240,3822,105.48
10000,102400,2438,119.34
10000,102400,6294,118.55
10000,1048576,8128,756.44
1000,1048576,876,872.93
10000,102400,6968,119.50
10000,10240,4665,106.08
10000,102400,7850,111.41
10000,10240,9863,106.58
10000,102400,6749,129.76
1000,102400,651,109.18
10000,10240,880,98.85
10000,10240,988,98.32
1000,1048576,714,1361.72
10000,10240,2050,100.72
10000,102400,1452,115.54
1000,10240,293,99.46
10000,10240,2153,98.10
10000,102400,1650,109.40
10000,1048576,5729,1325.72
10000,102400,5068,128.80
10000,102400,2621,109.09
10000,1048576,7345,996.21
10000,102400,5557,139.09
10000,1048576,893,875.42
10000,1048576,6926,674.55
10000,1048576,3597,611.29
10000,102400,3000,120.92
10000,102400,568,100.28
1000,10485760,593,3602.38
10000,10240,4557,114.29
10000,1048576,4666,737.15
1000,1048576,436,785.69
10000,1048576,4669,1072.12
1000,102400,239,120.41
10000,10240,3315,94.07
10000,102400,6867,116.71
1000,102400,12,131.08
10000,10240,351,111.18
10000,1048576,718,745.01
10000,102400,2053,131.43
10000,102400,7710,120.27
10000,1048576,8250,966.53
10000,1048576,832,719.73
10000,102400,8385,121.33
10000,10240,991,92.75
10000,1048576,9513,742.08
10000,1048576,3652,748.08
10000,102400,7600,127.41
10000,102400,9828,116.67
10000,10240,3185,104.91
10000,102400,318,123.06
10000,10240,2811,112.32
1000,1048576,968,916.30
10000,1048576,4852,785.92
10000,102400,9460,133.39
10000,10240,4105,94.63
10000,10240,5404,104.13
10000,1048576,825,787.74
10000,102400,1089,116.32
10000,10240,7108,94.04
10000,1048576,4136,1793.35
10000,10240,5181,100.23
10000,1048576,6813,618.15
1000,1048576,939,967.87
10000,102400,2169,115.11
10000,1048576,2413,807.09
10000,1048576,499,1004.50
1000,102400,898,115.06
1000,102400,785,112.91
10000,102400,1666,111.35
10000,102400,4432,115.94
10000,102400,8231,144.74
1000,10485760,986,4655.32
10000,10240,4544,103.08
10000,10240,131,241.02
10000,10240,992,95.97
10000,10240,6280,89.62
1000,1048576,408,2030.11
10000,1048576,8976,2230.93
10000,10240,2794,95.45
10000,10240,3360,89.51
10000,102400,7407,115.03
10000,1048576,497,1684.14
10000,102400,8350,128.26
10000,102400,6756,102.81
1000,10240,89,97.86
10000,1048576,2593,1769.45
10000,10240,8089,107.15
10000,1048576,6819,1917.95
10000,10240,1906,102.93
10000,1048576,6895,2008.34
10000,102400,8237,113.56
1000,10485760,759,42645.16
10000,1048576,3190,9982.89
10000,102400,4927,132.76
10000,10240,1411,324.32
10000,1048576,7936,6662.25
10000,1048576,6465,3206.92
1000,10240,958,270.30
10000,1048576,6833,6816.34
10000,102400,5817,264.56
10000,10240,5904,227.82
10000,1048576,6898,7441.12
10000,102400,5689,125.82
10000,102400,5824,105.03
10000,1048576,5413,7274.95
10000,1048576,587,5596.84
10000,10240,452,140.87
10000,1048576,4804,5442.79
10000,102400,4825,127.84
10000,1048576,2072,9071.16
10000,1048576,3361,4200.09
10000,1048576,6464,5250.05
10000,102400,4473,233.06
10000,10240,2157,96.70
10000,102400,6088,218.88
10000,1048576,2696,2364.71
10000,10240,836,246.18
10000,10240,5876,100.29
10000,1048576,3584,2209.78
10000,10240,1532,101.24
10000,10240,5345,92.88
10000,10240,8627,92.66
10000,1048576,139,3940.95
10000,1048576,7545,10083.99
10000,102400,5338,270.93
10000,1048576,5653,3594.77
10000,102400,1201,295.04
10000,1048576,7973,2553.98
10000,102400,630,130.67
1000,1048576,121,3088.75
10000,102400,6127,118.57
10000,102400,1778,106.37
1000,102400,290,113.08
1000,102400,636,230.19
10000,10240,9496,236.19
1000,102400,403,114.06
10000,102400,3996,113.50
10000,10240,9717,99.04
1000,102400,526,114.47
10000,102400,3142,119.03
10000,10240,1083,97.95
10000,10240,8915,100.68
10000,102400,1042,110.34
10000,10240,3142,103.13
10000,102400,2859,116.38
10000,1048576,9690,1878.46
10000,10240,1554,108.37
10,1048576,6,1712.36
10000,10240,7399,113.99
10000,1048576,6591,1148.92
10000,1048576,6968,1161.14
10000,1048576,5190,4705.75
10000,10240,3965,111.75
10000,102400,216,117.96
10000,10240,8547,97.62
10000,1048576,7227,1027.02
10000,10240,1984,321.64
10000,10240,2305,109.81
100,1048576,50,1321.92
10000,1048576,1429,2808.70
1000,10485760,602,5993.90
10000,1048576,9887,1653.71
10000,1048576,8251,969.90
10000,1048576,8462,1504.15
10000,1048576,1357,1333.52
10000,102400,3218,143.05
10000,102400,2897,125.32
10000,10240,2329,100.15
10000,102400,5504,231.06
10000,102400,1831,141.40
10000,102400,9212,120.12
10000,1048576,5092,1513.29
10000,102400,5614,120.41
1000,102400,907,120.12
10000,1048576,4583,1647.31
10000,1048576,1531,1877.56
10000,102400,6118,128.37
1000,1048576,866,3400.23
10000,10240,2590,104.08
10000,1048576,9864,1908.33
10000,10240,7457,106.95
1000,102400,280,118.13
10000,1048576,588,3229.46
10000,10240,455,111.01
10000,1048576,2914,6123.35
10000,1048576,5442,5702.06
1000,1048576,984,6209.81
10000,1048576,8429,4412.16
10000,10240,7164,227.69
10000,102400,4685,324.96
10000,10240,3092,226.11
10000,10240,8189,101.07
10000,10240,8906,94.38
1000,10485760,101,14266.52
1000,10485760,604,27118.38
1000,1048576,524,4009.41
10000,1048576,2642,4894.01
10000,1048576,660,4305.59
1000,1048576,291,2407.20
10000,10240,9876,239.55
10000,102400,664,119.61
10000,102400,4113,111.82
10000,10240,794,152.99
10000,1048576,2113,1915.07
10000,10240,165,100.87
10000,10240,2239,86.84
1000,10240,905,88.34
10000,1048576,5617,1254.32
10000,1048576,3419,1456.53
10000,102400,6787,127.72
10000,10240,7670,96.01
10000,1048576,3683,2426.10
1000,102400,113,124.24
10000,102400,2389,113.54
10000,1048576,9200,2310.11
10000,10240,4509,245.38
10000,10240,908,97.31
1000,10240,531,92.34
10000,10240,9313,94.84
10000,10240,1558,98.03
10000,102400,332,112.43
1000,1048576,992,1450.64
10000,10240,1327,98.94
10000,10240,7292,89.43
10000,10240,9884,83.05
1000,102400,379,119.83
10000,1048576,3171,2393.49
10000,102400,9873,120.25
10000,102400,6831,111.74
10000,102400,9872,106.97
10000,102400,3008,107.99
1000,10240,765,98.38
10000,10240,6949,105.12
1000,10485760,81,6155.37
10000,10240,6776,107.36
10000,1048576,3944,1204.45
10000,102400,3909,121.93
1000,102400,399,117.95
10000,10240,7519,97.44
10000,10240,2890,101.31
10000,102400,846,114.18
10000,1048576,9220,1865.93
10000,10240,8499,102.22
10000,1048576,2704,1398.79
10000,1048576,9233,1221.83
10000,1048576,7533,2059.72
10000,102400,3222,120.54
10000,102400,8009,111.72
10000,102400,1119,112.01
10000,102400,2183,113.18
10000,10240,7271,100.96
10000,10240,5881,93.85
10000,102400,6431,120.97
10000,1048576,4598,2316.83
10000,10240,6181,98.91
10000,1048576,108,2102.31
10000,1048576,5354,1558.08
10000,10240,5705,101.75
10000,10240,7391,101.95
10000,1048576,3647,2210.60
10000,102400,2492,114.55
10000,1048576,7933,5007.20
10000,102400,2494,129.53
10000,10240,5043,102.96
100,102400,26,111.33
10000,1048576,5672,2048.83
10000,1048576,7952,1741.58
10000,102400,2196,111.60
1000,102400,30,117.47
10000,102400,2141,111.53
10000,102400,3007,112.47
1000,10240,536,98.47
10000,102400,8023,109.36
10000,1048576,9763,2464.31
10000,10240,9793,102.98
10000,1048576,2809,3469.61
10000,10240,7219,101.70
10000,102400,8147,111.78
10000,1048576,5566,2418.57
10000,1048576,9509,5004.97
10000,1048576,7459,1828.00
10000,102400,3321,245.84
10000,1048576,2599,1821.05
10000,102400,1774,217.88
10000,10240,3538,99.04
10000,10240,9719,100.11
10000,10240,3539,98.64
1000,10485760,657,46589.73
10000,102400,5410,394.05
10000,102400,5798,256.19
10000,1048576,8945,7211.98
10000,10240,5463,329.42
10000,102400,7898,238.79
10000,1048576,5461,3188.96
10000,1048576,7219,4490.50
10000,102400,3524,118.19
10000,10240,6237,96.86
10000,1048576,818,3424.01
10000,10240,8262,100.50
10000,10240,8919,208.75
10000,102400,5978,242.30
10000,1048576,9711,4625.38
10000,102400,3,122.10
10000,1048576,532,5705.27
10000,10240,3649,105.96
10000,102400,8210,113.97
10000,102400,1523,107.03
10000,102400,6087,224.84
10000,10240,5771,208.51
10000,10240,358,105.07
1000,10240,168,105.54
10000,102400,7746,117.15
10000,1048576,8252,4964.62
10000,1048576,216,5406.61
10000,10240,120,311.08
10000,102400,521,218.82
10000,1048576,66,2692.57
10000,1048576,912,2070.84
10000,10240,6661,102.71
10000,1048576,6288,6269.08
10000,1048576,8041,3757.83
10,1048576,4,9714.70
1000,10485760,843,32961.85
10000,1048576,2277,2812.94
10000,1048576,5901,2272.65
10000,10240,9725,115.59
10000,102400,3759,364.79
10000,10240,3194,94.64
10000,1048576,5339,1622.96
1000,102400,618,130.83
10000,1048576,8629,1706.82
10000,102400,6961,127.64
10000,10240,6558,277.27
10000,10240,371,93.13
1000,10240,58,100.75
10000,10240,8328,94.14
10000,102400,9656,118.28
10000,10240,1723,102.63
10000,1048576,1076,1494.00
10000,1048576,5308,2365.15
10000,1048576,410,2276.19
10000,10240,4879,113.38
10000,102400,7613,123.77
100,1048576,10,3641.70
10000,102400,5332,120.78
10000,1048576,9785,9900.22
10000,10240,2398,193.03
10000,1048576,9807,5718.19
10000,102400,6565,113.24
10000,1048576,8266,6486.85
10000,102400,7269,130.75
10000,10240,7264,135.51
10000,10240,2701,96.33
10000,102400,9912,125.74
1000,10240,414,99.74
10000,10240,9301,98.27
1000,102400,601,434.11
10000,102400,1955,112.49
10000,1048576,9453,4842.66
10000,1048576,455,7298.86
10000,102400,5301,225.80
10000,10240,1697,116.61
10000,1048576,1908,4600.14
10000,10240,8311,213.39
10000,102400,3954,115.44
10000,102400,7379,228.99
1000,10240,244,92.06
10000,1048576,6869,3897.57
10000,102400,2954,124.54
10000,1048576,4832,4527.67
10000,10240,9534,103.82
100,10485760,64,14903.68
10000,102400,6614,254.49
10000,102400,7946,234.71
10000,102400,2258,108.13
100,10485760,41,16711.76
10000,10240,5910,353.81
10000,10240,3788,101.99
10000,1048576,1269,1807.60
1000,1048576,891,3704.05
1000,10485760,258,46664.17
10000,1048576,4591,2311.87
10000,1048576,4443,9957.97
10000,102400,8852,470.32
1000,10485760,824,74380.32
10000,102400,1681,220.38
10000,102400,3130,343.82
1000,102400,396,112.76
10000,10240,6119,279.50
10000,102400,8239,155.54
10000,102400,8194,116.41
1000,10485760,917,10903.27
10000,10240,4988,230.63
10000,10240,1346,326.12
10000,1048576,3984,1794.39
10000,1048576,7433,1654.69
10000,10240,8637,104.01
10000,102400,4395,359.11
10000,1048576,5443,2409.21
10000,1048576,1253,1491.86
10000,1048576,8001,1707.69
10000,102400,2353,128.88
10000,10240,6061,222.03
10000,10240,5488,98.00
100,1048576,34,1685.42
10000,1048576,5964,2670.96
1000,1048576,464,2094.31
10000,102400,5339,127.98
10000,1048576,4526,1311.53
10000,102400,2217,119.41
10000,10240,5922,99.39
10000,102400,187,115.96
10000,1048576,7871,2076.68
10000,102400,6090,219.60
10000,10240,2897,201.75
10000,102400,5997,123.11
10000,102400,8643,120.62
10000,102400,2337,118.56
10000,1048576,9703,1368.25
10000,1048576,5245,2751.76
10000,1048576,7697,1228.77
10000,1048576,4364,1017.03
10000,10240,4269,104.61
1000,10240,363,103.30
10000,102400,9584,122.66
10000,1048576,4767,1487.63
10000,1048576,3955,1353.28
10000,102400,9683,128.49
10000,1048576,6224,1753.44
10000,1048576,7315,1322.19
10000,102400,3208,122.13
1000,102400,494,112.63
10000,1048576,9074,1748.72
100,102400,44,128.72
1000,10485760,963,20608.96
10000,102400,8656,276.48
10000,102400,7479,250.77
10000,102400,3263,329.21
10000,1048576,3394,4383.50
10000,10240,1849,105.15
1000,102400,318,114.44
10000,102400,4717,113.42
10000,102400,8360,250.71
10000,10240,7729,100.28
10000,10240,8294,104.96
10000,10240,71,98.19
10000,10240,2424,98.87
10000,10240,1025,107.53
10000,102400,7947,115.05
1000,10240,13,99.75
10000,10240,9424,103.21
10000,10240,5975,99.88
10000,102400,2623,120.22
10000,10240,9277,99.97
10000,102400,8649,106.42
10000,102400,7313,122.16
10000,102400,3479,107.25
10000,102400,2394,121.88
10000,102400,8141,114.70
1000,10485760,341,68852.14
10000,10240,7214,289.36
1000,10485760,890,13764.52
10000,10240,5935,162.53
10000,102400,2947,338.97
10000,1048576,2759,2667.91
10000,10240,3512,111.38
10000,102400,5161,118.13
1000,10485760,494,10111.23
10000,10240,8421,348.15
10000,102400,2305,138.06
10000,102400,7819,367.82
10000,1048576,3901,2196.61
10000,102400,3956,123.98
10000,102400,1488,250.15
10000,1048576,8748,2487.16
10000,10240,162,105.39
1000,10485760,731,10927.83
10000,10240,8963,330.05
10000,10240,8239,204.77
10000,10240,9561,202.77
10000,10240,893,110.29
10000,1048576,4502,2595.11
1000,10485760,525,74554.00
1000,1048576,508,3332.41
10000,1048576,7718,6823.70
10000,1048576,6098,2640.48
10000,1048576,6004,3911.76
10000,1048576,8271,2227.83
10000,10240,8422,215.17
10000,10240,7839,233.43
10000,10240,8472,204.57
10000,102400,5645,112.54
10000,102400,5164,115.55
10000,102400,7520,298.14
10000,1048576,2321,2022.26
10000,10240,150,105.86
10000,102400,485,109.64
10000,10240,5169,98.39
10000,10240,9119,98.62
10000,10240,5466,98.27
10000,10240,5661,103.31
10000,1048576,6661,6150.19
10000,1048576,5366,2131.38
10000,102400,9905,121.71
10000,1048576,9774,1647.74
10000,1048576,8443,1093.52
10000,10240,2338,103.79
10000,102400,3799,108.14
10000,102400,7490,116.41
1000,10485760,396,4797.95
10000,102400,5525,125.73
10000,102400,5289,259.98
10000,10240,3029,139.35
10000,10240,9156,93.23
10000,1048576,2834,1547.78
10000,102400,4132,126.58
10000,1048576,701,5002.84
10000,102400,2580,113.02
10000,102400,3831,216.18
10000,102400,7133,113.73
10000,10240,8685,99.61
10000,102400,5269,114.72
10000,1048576,2862,2911.54
10000,102400,6018,122.72
10000,10240,2932,94.77
10000,1048576,6379,2582.24
10000,10240,502,102.83
10000,10240,2123,92.83
10000,1048576,4714,7012.97
1000,10240,241,109.89
10000,10240,1505,91.38
1000,1048576,159,7360.04
10000,10240,68,230.00
10000,1048576,8013,7688.94
10000,102400,430,128.32
10000,1048576,1163,13914.37
10000,1048576,9596,7820.47
1000,102400,279,249.61
10000,10240,3228,356.92
10000,10240,118,99.60
10000,1048576,2384,5559.62
10000,10240,7763,101.23
10000,1048576,3905,6346.14
10000,10240,5699,104.19
10000,102400,7126,112.02
1000,10240,327,320.88
10000,1048576,6044,6843.86
10000,1048576,6324,8555.47
1000,1048576,427,4067.58
10000,10240,996,116.14
10000,102400,6562,120.02
10000,1048576,7704,4607.28
10000,1048576,2213,3961.24
10000,1048576,4614,8821.05
100,10485760,17,51323.79
10000,102400,7194,330.31
10000,10240,378,101.06
10000,10240,5629,330.63
100,104857600,79,93830.82
10000,1048576,1650,7506.21
10000,10240,7318,413.08
10000,10240,1519,102.01
10000,102400,7897,187.39
10000,102400,3560,166.90
1000,102400,942,133.21
10000,102400,7515,266.74
10000,1048576,9547,3055.17
10000,10240,2559,106.19
10000,10240,6506,101.98
10000,102400,7808,121.25
10000,10240,9617,104.48
10000,102400,4907,118.36
1000,10240,253,103.75
1000,10485760,885,52681.30
10000,102400,7073,189.54
10000,1048576,4802,7061.60
10000,1048576,7384,3223.34
10000,102400,7934,343.03
10000,10240,7583,100.27
1000,102400,828,114.01
10000,102400,4811,239.23
10000,10240,6033,111.02
1000,10240,403,100.71
1000,10485760,66,36020.17
10000,10240,2094,291.61
10000,102400,7270,347.19
10000,102400,2585,159.32
10000,10240,15,248.64
10000,10240,8665,216.68
10000,1048576,3821,782.13
10000,102400,8425,135.33
10000,102400,171,116.75
10000,1048576,5691,829.08
1000,10485760,603,3632.07
10000,10240,8425,114.28
10000,1048576,6230,713.38
10000,1048576,6711,760.90
1000,10240,943,110.02
10000,102400,8038,123.17
10000,102400,994,124.55
10000,10240,3072,103.15
100,10485760,37,3924.63
10000,102400,3886,141.43
10000,10240,1568,208.87
10000,1048576,1284,607.17
10000,1048576,1331,653.60
1000,10240,657,99.63
10000,10240,7135,93.54
10000,10240,6856,110.02
10000,102400,5367,119.57
10000,1048576,7496,837.88
10000,1048576,6010,678.40
10000,102400,9935,123.61
10000,10240,8601,91.21
10000,1048576,6477,727.32
10000,102400,9957,146.37
10000,10240,6554,102.65
10000,10240,3567,103.15
10000,1048576,7784,805.10
10000,1048576,6303,731.58
10000,1048576,214,582.28
1000,102400,673,122.20
10000,10240,962,92.71
10000,1048576,3578,756.68
10000,102400,3158,129.75
10000,10240,833,107.81
10000,102400,9144,118.25
10000,1048576,5891,869.15
10000,10240,3726,110.12
10000,102400,7785,117.62
10000,102400,1625,120.76
10000,102400,9452,121.63
10000,1048576,5144,844.90
10000,102400,3631,134.04
10000,102400,2957,116.58
100,104857600,35,35773.56
1000,10485760,630,11244.32
10000,1048576,1999,4161.04
10000,10240,6450,117.73
10000,1048576,5360,3395.91
10000,102400,266,358.61
10000,1048576,1217,4997.45
1000,102400,72,126.62
10000,1048576,6417,3105.74
10000,1048576,7740,3447.20
10000,1048576,5849,9081.14
10000,102400,2215,342.67
10000,102400,7224,236.87
10000,102400,8029,293.49
10000,1048576,1976,4853.79
10000,10240,2571,326.16
10000,1048576,2193,6750.89
10000,102400,6866,252.40
10000,10240,8631,107.17
10000,10240,6697,203.96
10000,102400,1030,112.42
10000,10240,2751,96.59
10000,10240,3738,238.35
10000,102400,3334,124.29
10000,10240,5175,102.87
1000,1048576,223,3627.28
10000,1048576,7117,3372.70
10000,10240,1596,318.40
10000,1048576,9580,4058.84
10000,1048576,9672,4427.44
10000,102400,655,127.30
10000,102400,7740,117.65
10000,1048576,4898,4177.74
10000,10240,6124,104.41
10000,102400,6967,112.75
10000,102400,7390,112.24
1000,10485760,734,55834.42
1000,102400,744,323.29
10000,1048576,7209,4789.78
10000,1048576,7245,6875.89
10000,10240,715,369.87
10000,10240,4873,138.73
10000,1048576,7141,2121.88
10000,102400,730,122.12
10000,102400,3993,111.00
1000,1048576,654,2441.67
10000,102400,8737,351.50
10000,102400,7300,262.70
1000,1048576,910,1612.30
10000,102400,6732,131.37
10000,102400,6706,124.18
10000,102400,105,135.92
10000,1048576,8398,825.31
100,104857600,45,35965.41
1000,10485760,621,9882.83
10000,1048576,5624,9537.29
1000,10240,549,155.94
10000,1048576,1264,6549.01
10000,1048576,1826,932.06
10000,10240,4029,113.43
10000,102400,6675,127.02
10000,10240,2898,114.34
10000,1048576,2864,817.87
10000,102400,2587,130.73
10000,1048576,3005,674.08
10000,1048576,9407,880.99
10000,102400,3549,125.71
10000,102400,6027,125.09
10000,10240,8489,107.75
10000,10240,2130,119.15
100,10485760,1,9482.42
10000,10240,9409,113.86
10000,10240,1436,105.78
10000,1048576,149,5429.81
10000,102400,8545,129.55
10000,1048576,1425,4290.57
10000,1048576,8671,3964.38
10000,10240,1746,322.34
10000,10240,198,94.51
10000,1048576,9046,6067.09
10000,102400,2834,256.93
1000,1048576,663,4780.87
1000,102400,378,123.61
1000,102400,407,252.93
10000,102400,7369,116.84
10000,1048576,3104,2420.44
10000,102400,4131,141.78
10000,1048576,6524,1043.45
10000,1048576,7947,1229.96
10000,1048576,1660,3687.78
1000,102400,905,130.46
10000,10240,5958,111.14
10000,10240,7649,111.61
10000,102400,3881,144.24
10000,102400,8517,106.22
10000,102400,7735,112.01
1000,10485760,36,23868.44
10000,1048576,4691,3407.18
10000,102400,2009,133.32
10000,1048576,6773,14238.30
10000,10240,5080,273.42
10000,10240,1433,231.99
10000,102400,1509,115.69
10000,10240,139,98.29
10000,1048576,6549,5850.37
10000,1048576,7164,5568.89
10000,10240,7772,217.06
10000,102400,2781,137.14
10000,1048576,8349,7994.74
10000,1048576,8609,6826.32
10000,1048576,80,10834.93
10000,1048576,3904,12558.56
10000,10240,3674,163.53
10000,10240,2599,387.14
10000,102400,479,114.25
10000,102400,9812,246.08
10000,1048576,3990,10785.61
10000,1048576,571,2918.39
10000,10240,1075,132.29
10000,102400,5393,127.47
10,104857600,3,59891.90
10000,10240,3348,570.77
1000,10485760,626,12604.84
10000,102400,3659,368.23
10000,102400,1775,175.62
10000,1048576,4451,785.37
10000,1048576,4206,940.07
10000,102400,3488,128.22
10000,102400,2551,239.28
10000,1048576,1150,845.82
10000,102400,6419,173.02
10000,1048576,9548,859.98
10000,10240,9887,110.58
10000,102400,8035,117.17
10000,1048576,5140,909.65
10000,10240,927,115.01
10000,102400,6372,126.02
10000,1048576,8721,957.18
10000,102400,5277,126.34
10000,1048576,6187,635.63
10000,102400,7617,124.42
10000,1048576,6924,633.04
1000,10240,304,116.19
10000,102400,8937,120.48
1000,1048576,552,885.59
10000,1048576,4895,819.15
10000,10240,1563,111.67
10000,1048576,4596,808.16
10000,102400,8887,132.50
10000,1048576,2401,767.01
10000,10240,5986,109.58
10000,102400,7698,119.05
10000,102400,8687,121.61
10000,1048576,7430,846.80
100,10240,8,114.87
10000,10240,7037,99.66
10000,1048576,9881,760.00
10000,1048576,8740,766.34
10000,102400,3258,124.23
10000,10240,5161,96.43
10000,10240,7314,96.32
10000,1048576,3168,752.46
10000,10240,3071,114.12
10000,102400,5814,129.77
10000,102400,4134,124.63
10000,10240,7143,100.44
10000,1048576,403,931.15
10000,10240,7294,108.58
10000,1048576,2909,813.84
10000,10240,3192,126.10
10000,10240,6584,100.66
10000,10240,8758,102.91
10,10240,8,101.66
10000,102400,416,119.11
10000,10240,7144,102.01
10000,10240,4711,100.02
10000,10240,8081,99.37
10000,102400,7219,110.03
10000,10240,8600,96.23
10000,10240,5896,103.19
10000,10240,5224,97.64
10000,10240,5440,99.13
10000,1048576,6846,765.79
1000,10240,436,112.67
1000,102400,427,120.97
10000,10240,8049,103.08
10000,1048576,6196,777.44
10000,102400,6910,126.53
100,1048576,59,853.26
1000,10240,109,108.18
1000,10485760,72,4277.23
10000,102400,4349,125.09
10000,10240,5561,111.40
10000,10240,53,102.16
1000,10485760,339,3583.41
10000,102400,3636,128.29
10000,1048576,3743,2317.82
10000,102400,4818,120.24
10000,1048576,5201,1562.58
10000,10240,1089,105.92
10000,1048576,6090,760.08
10000,102400,4910,115.17
10000,1048576,3462,705.71
10000,102400,2798,132.39
1000,10240,296,96.29
10000,102400,8371,115.26
10000,1048576,3789,890.06
10000,10240,5609,105.70
1000,102400,899,110.86
10000,102400,5521,136.71
10000,1048576,3868,956.61
10000,102400,9815,130.43
1000,10485760,589,4281.52
10000,102400,3989,121.02
10000,10240,3746,92.87
10000,10240,2575,93.84
10000,1048576,5935,962.27
10000,1048576,3336,39336.67
10000,10240,7714,336.98
10000,102400,2067,367.61
10000,102400,2832,374.82
10000,1048576,8989,937.89
1000,102400,268,124.68
10000,1048576,8103,724.84
10000,102400,4833,121.81
1000,102400,410,113.25
10000,102400,262,124.17
10000,102400,4166,120.96
10000,102400,4152,348.40
10000,102400,8229,120.40
1000,10485760,854,4153.72
10000,1048576,65,767.06
10000,1048576,4116,886.56
10000,1048576,4815,803.19
10000,10240,8910,115.71
10000,1048576,4015,764.25
10000,102400,2075,125.56
10000,10240,6064,100.07
10000,102400,4931,108.98
1000,1048576,292,16637.56
10000,10240,6102,339.89
10000,102400,5261,340.03
10000,1048576,4345,3556.18
10000,10240,2542,207.75
10000,10240,9519,96.74
10000,10240,2584,104.57
10000,1048576,4246,1628.07
10000,102400,8841,124.31
10000,102400,7575,113.07
10000,10240,3425,95.91
10000,102400,5280,123.45
10000,10240,1130,99.89
10000,10240,5788,105.64
10000,10240,691,102.38
10000,102400,1545,256.76
10000,1048576,2539,904.20
10000,1048576,1094,626.78
10000,102400,3317,122.77
10000,1048576,6498,760.51
10000,102400,3522,123.05
10000,1048576,463,903.61
1000,102400,929,128.03
1000,102400,242,124.33
10000,102400,4782,120.84
10000,10240,7533,106.16
10000,1048576,1041,733.08
10000,102400,2302,124.38
1000,1048576,668,699.12
10000,1048576,5604,764.68
10000,10240,5591,108.92
10000,102400,5592,128.03
10000,1048576,4481,918.92
10000,10240,750,109.71
10000,102400,9882,126.52
10000,1048576,6650,763.57
10000,10240,3329,113.10
10000,1048576,6125,748.27
1000,1048576,393,908.79
10000,102400,8779,129.31
10000,1048576,647,993.15
10000,1048576,9281,772.09
10000,1048576,9162,745.14
10000,1048576,3554,972.33
10000,102400,3382,129.74
10000,1048576,8082,1481.82
10000,1048576,4024,607.84
10000,102400,307,117.53
10000,102400,6155,116.27
10000,10240,9322,98.23
10000,1048576,6781,741.88
10000,102400,6402,128.12
1000,10240,67,103.41
10000,10240,6447,93.12
10000,1048576,5391,901.26
10000,1048576,5035,776.87
10000,10240,4559,110.20
10000,10240,5918,100.81
1000,102400,700,119.64
10000,1048576,629,953.17
10000,1048576,5843,592.54
10000,10240,4893,104.91
10000,102400,7578,112.81
10000,1048576,5287,908.43
10000,1048576,8731,719.48
10000,1048576,5499,645.41
10000,102400,6274,130.00
10000,102400,8851,114.33
10000,1048576,4254,765.97
10000,1048576,9900,730.91
10000,1048576,9079,676.96
10000,1048576,8364,584.34
100,102400,55,125.02
100,104857600,46,34750.36
10000,10240,6125,547.26
10000,102400,578,346.61
10000,1048576,1441,8219.61
10000,10240,9722,249.75
10000,10240,3900,139.13
10000,10240,2323,225.55
10000,10240,7618,99.05
1000,102400,357,116.94
10000,102400,3699,254.48
10000,1048576,7200,600.40
1000,10240,98,111.51
10000,102400,5032,271.52
10000,102400,5190,112.54
10000,102400,4153,107.96
10000,102400,7455,120.00
10000,10240,2950,97.81
10000,1048576,1645,962.31
10000,102400,6395,125.45
10000,10240,6894,97.98
10000,102400,5846,121.80
10000,102400,4108,110.12
10000,1048576,6484,1160.54
10000,102400,3504,125.27
10000,1048576,1562,1738.90
10000,1048576,9165,2922.94
10000,1048576,7695,2382.78
10000,1048576,1158,1361.12
1000,10240,240,370.21
10000,10240,3751,99.90
10000,10240,196,92.64
10000,1048576,6204,782.81
10000,1048576,1062,591.59
10000,1048576,5791,814.04
1000,1048576,693,955.89
10000,10240,8461,105.08
10000,102400,1102,118.30
10,10485760,3,3829.81
10000,102400,9257,131.97
10000,1048576,9766,1808.98
10000,10240,4279,103.34
10000,1048576,7487,789.95
10000,1048576,8186,896.44
10000,1048576,140,768.74
10000,10240,7580,109.04
10000,102400,5159,127.35
10000,102400,5679,134.27
10000,1048576,8786,777.69
10000,10240,9526,108.48
10000,102400,6098,224.39
10000,10240,1332,99.10
10000,10240,8090,109.12
10000,102400,89,113.49
10000,102400,4246,120.85
1000,1048576,279,965.59
10000,1048576,9422,873.19
10000,10240,215,128.22
10000,10240,7232,98.92
10000,1048576,6400,908.12
10000,102400,3071,121.33
10000,10240,1439,101.22
10000,10240,6750,104.71
10000,1048576,1273,847.13
10000,102400,8227,123.16
10000,102400,5226,116.16
10000,102400,6129,124.27
1000,10240,93,105.78
1000,10240,876,97.64
10000,102400,5624,114.84
1000,102400,255,117.21
10000,1048576,5029,887.80
10000,102400,8895,124.38
10000,102400,4640,121.09
10000,102400,7976,117.54
10000,1048576,3648,884.11
1000,10240,249,105.28
10000,102400,3313,118.12
1000,10240,70,102.45
10000,10240,6659,102.31
10000,102400,9044,126.27
10000,1048576,6455,752.01
10000,102400,2007,135.18
10000,102400,4944,116.11
10000,10240,2921,101.46
10000,102400,645,118.29
10000,102400,2102,117.58
10000,102400,1712,119.56
10000,1048576,3352,758.35
10000,1048576,5073,920.89
10000,102400,2514,126.30
10000,1048576,2702,873.69
10000,1048576,6119,679.38
10000,10240,8913,107.12
10000,1048576,1375,704.88
10000,1048576,5121,832.21
10000,10240,9140,107.48
10000,1048576,5023,937.02
10000,10240,1620,107.44
1000,10240,452,105.65
10000,1048576,8260,812.79
10000,10240,6018,109.51
10000,102400,5117,118.78
10000,10240,5350,99.63
10000,10240,5005,95.31
10000,102400,592,113.87
10000,10240,8705,94.81
10000,10240,6707,104.70
10000,10240,8733,99.21
10000,1048576,7930,742.81
10000,1048576,6218,900.76
10000,10240,8531,106.49
10000,10240,643,96.04
10000,10240,7900,97.97
10000,102400,7074,115.91
10000,10240,1361,100.40
10000,102400,3475,109.13
10000,10240,5064,92.94
10000,102400,8546,124.84
1000,10485760,406,24021.51
10000,102400,8450,343.46
10000,1048576,4906,6270.28
10000,10240,2208,132.60
10000,10240,6531,208.79
10000,102400,5210,115.68
10000,102400,5838,119.63
10000,10240,9296,100.05
10000,102400,3012,109.54
10000,102400,4163,112.43
1000,102400,160,119.95
10000,1048576,4761,5485.40
10000,10240,224,113.86
10000,1048576,4061,5141.71
1000,1048576,734,9055.10
10000,1048576,3997,7892.94
10000,102400,4434,329.38
10000,102400,8431,322.22
10000,102400,8633,111.95
10000,10240,7102,100.40
10000,1048576,5793,3679.36
10000,102400,3162,132.04
10000,102400,7545,111.33
10000,1048576,4294,6851.73
10000,10240,831,106.39
10000,102400,4366,121.87
10000,1048576,867,4186.09
10000,1048576,6062,9344.90
10000,1048576,8353,3104.06
1000,10485760,80,20557.29
1000,102400,471,364.21
1000,10485760,454,6972.13
10000,1048576,672,1508.46
1000,1048576,742,2176.46
10000,1048576,9969,1292.46
1000,102400,272,228.56
10000,102400,9076,231.20
10000,1048576,1626,865.31
10000,102400,8817,117.59
10000,10240,143,131.48
10000,10240,2069,103.55
10000,10240,142,96.30
10000,10240,7295,96.51
10000,102400,971,223.23
10000,1048576,7382,962.63
10000,10240,9784,101.71
10000,1048576,4317,932.45
10000,10240,2972,96.37
10000,1048576,6458,667.24
1000,10240,633,100.69
10000,1048576,4978,808.61
1000,10240,824,111.25
10000,102400,5118,115.81
1000,10485760,808,3551.53
10000,102400,6801,126.58
10000,102400,4789,106.42
10000,10240,4740,97.85
10000,1048576,8021,850.54
10000,1048576,7212,751.63
10000,1048576,2391,952.66
10000,10240,1385,107.44
10000,1048576,8967,1022.80
10000,1048576,3012,1136.35
10000,10240,8286,102.74
1000,102400,506,111.80
10000,1048576,9958,1784.84
10000,10240,4683,103.92
10000,1048576,956,1203.79
10000,10240,4255,105.71
10000,102400,5876,120.44
10000,102400,3926,115.82
10000,1048576,1818,1463.64
10000,102400,224,125.52
10000,1048576,2803,1107.51
10000,10240,435,101.24
10000,10240,7129,107.77
10000,10240,6040,97.90
10000,10240,5092,99.10
10000,102400,8524,113.84
1000,1048576,162,1485.62
1000,102400,49,118.30
10000,10240,8535,98.83
10000,102400,4421,108.54
10000,102400,7119,114.29
10000,1048576,67,1444.95
10000,102400,2806,115.64
10000,1048576,1575,1328.23
10000,1048576,7471,789.94
10000,10240,7435,100.75
10000,10240,4207,104.14
10000,1048576,5593,952.12
10000,102400,8907,122.65
10000,1048576,320,1231.87
1000,10240,312,100.07
10000,1048576,9285,1328.11
10000,1048576,6921,1166.44
1000,10240,48,102.38
10000,10240,8754,101.11
10000,10240,8289,96.19
10000,1048576,2872,1393.28
10000,10240,3079,115.10
10000,10240,7353,100.85
1000,1048576,195,1726.29
10000,10240,3525,102.33
10000,102400,2062,114.32
10000,10240,8824,104.74
10000,102400,742,119.61
10000,102400,2143,118.36
10000,10240,3739,102.66
10000,10240,8246,98.48
10000,1048576,3632,3960.95
10000,10240,2591,102.06
1000,1048576,89,3159.37
10000,1048576,4616,3133.14
10000,1048576,5932,3423.93
1000,102400,850,122.59
10000,10240,2533,106.32
10000,1048576,2473,3138.09
10000,102400,5294,125.97
1000,102400,680,218.25
10000,102400,595,121.51
10000,102400,3554,113.85
10000,1048576,6866,3530.39
10000,10240,6903,100.60
10000,1048576,4444,4898.78
10000,10240,9003,103.65
10000,10240,8124,108.27
10000,10240,8813,91.20
10000,102400,991,110.08
10000,102400,607,124.40
10000,10240,2352,99.93
10000,10240,4151,98.68
10000,1048576,2231,6795.12
10000,1048576,7544,6232.75
10000,10240,4697,233.43
10000,102400,7027,126.11
10000,102400,6348,117.71
10000,1048576,9770,6696.34
1000,1048576,192,5865.14
10000,1048576,8382,6767.02
10000,10240,5991,205.79
10000,102400,7378,126.48
10000,102400,3378,240.39
10000,102400,457,122.80
10000,10240,6092,126.54
10000,102400,2359,111.80
10000,1048576,7165,3922.71
1000,1048576,574,1995.22
10000,102400,8964,115.36
10000,1048576,9112,7198.94
10000,1048576,9334,3188.11
10000,102400,5855,128.57
10000,102400,3584,113.74
10000,1048576,7480,5618.36
10000,10240,3143,118.31
1000,10240,929,204.74
10000,10240,252,97.24
10000,102400,1981,119.52
10000,102400,3587,114.74
10000,10240,9302,98.14
10000,102400,2773,117.33
10000,1048576,1102,10213.95
10000,102400,1600,365.18
10000,10240,7753,209.66
1000,102400,901,247.43
10000,10240,4746,218.11
10000,1048576,8706,2991.66
10000,10240,5621,101.43
1000,10485760,655,19052.04
10000,10240,6205,232.17
1000,10240,617,213.50
10000,102400,7469,109.37
100,104857600,90,38935.32
10000,1048576,4610,33637.37
10000,102400,6894,440.61
10000,1048576,1027,6476.97
10000,102400,3369,164.85
10000,102400,6973,121.42
10000,10240,5608,237.06
10000,10240,1792,352.16
10000,10240,9543,102.59
10000,10240,1343,110.23
10000,10240,9728,97.20
10000,102400,4262,120.04
10000,10240,6904,103.61
10000,10240,769,102.66
10000,1048576,5983,5776.20
10000,10240,7270,109.13
10000,1048576,2773,6435.52
10000,1048576,2709,9488.17
10000,10240,35,333.03
10000,102400,7283,379.59
10000,102400,9517,244.83
10000,1048576,1847,3465.16
10000,1048576,6215,6356.81
10000,10240,4930,103.25
10000,10240,3408,110.47
10000,102400,7723,218.59
10000,102400,9803,121.25
10000,102400,9623,123.75
10000,10240,6297,107.47
1000,1048576,936,3801.36
10000,1048576,5120,3552.52
10000,1048576,9449,2246.77
10000,102400,6358,256.96
10000,1048576,6118,1836.92
1000,102400,393,226.11
10000,1048576,2638,9735.74
10000,10240,7746,331.46
10000,102400,6798,120.50
10000,102400,1016,121.81
10000,102400,7852,283.76
1000,102400,24,117.92
1000,10485760,280,27393.68
100,1048576,60,5564.25
10000,10240,1004,140.67
10000,1048576,439,2871.85
10000,102400,4042,129.73
10000,1048576,2609,3049.53
10000,1048576,9270,4738.35
10000,102400,2243,126.27
10000,1048576,7523,4046.44
10000,102400,1678,233.96
10000,102400,8208,242.99
1000,102400,167,125.38
10000,102400,9381,248.16
10000,10240,3318,97.53
10000,10240,1685,104.55
10000,10240,7180,105.17
10000,102400,5811,121.38
10000,102400,2044,220.89
100,1048576,65,4609.68
10000,1048576,7969,3463.53
10000,1048576,4893,1916.82
1000,10240,605,104.54
10000,102400,4507,107.34
10000,10240,1939,220.45
10000,102400,88,117.19
10000,10240,2292,104.27
10000,1048576,8407,1662.10
10000,1048576,3977,7720.64
100,1048576,9,1647.70
10000,102400,5986,129.44
10000,102400,6489,244.33
10000,102400,7689,120.57
10000,10240,362,121.86
10000,1048576,9289,1535.29
10000,10240,2189,116.41
10000,10240,2719,99.51
10000,102400,188,124.25
10000,1048576,3529,3704.18
10000,1048576,7107,4537.40
10000,10240,1852,228.34
10000,10240,5871,96.19
10000,1048576,7916,1469.15
10000,1048576,9468,3060.93
10000,10240,7130,109.11
1000,1048576,692,1839.07
10000,10240,2885,108.42
10000,102400,4092,130.11
10,104857600,4,181135.45
10000,102400,5927,364.38
10000,102400,2614,366.95
10000,102400,1810,111.61
10000,102400,5748,115.75
10000,1048576,9005,2946.89
10000,10240,9275,137.50
10000,1048576,8538,3219.07
1000,1048576,740,2636.41
10000,10240,5542,109.29
10000,1048576,1637,2980.27
10000,1048576,2309,3219.63
10000,102400,5787,168.57
10000,1048576,9784,1828.08
10000,102400,7804,129.94
10000,1048576,9531,7943.38
1000,10240,231,108.32
10000,10240,8187,378.43
10000,10240,9612,112.22
10000,1048576,8941,15701.58
10000,102400,1374,158.44
1000,1048576,214,3630.96
10000,10240,2289,104.70
10000,1048576,240,5500.69
10000,1048576,8510,5495.24
10000,10240,5426,236.59
10000,1048576,3314,6180.21
100,10485760,28,42441.17
10000,1048576,3342,6828.17
10000,1048576,7369,4010.02
10000,10240,1179,112.96
10000,102400,3816,151.08
10000,10240,2495,196.44
10000,10240,725,102.50
10000,102400,1807,254.45
1000,10240,169,111.54
10000,10240,4457,98.88
1000,1048576,532,7454.39
10000,1048576,2039,3943.62
10000,1048576,3946,1816.76
10000,10240,6212,211.34
10000,1048576,4580,2475.44
10000,10240,3266,110.24
10000,10240,5667,92.04
10000,102400,9703,238.37
10000,10240,1034,94.76
10000,10240,2678,102.69
10000,102400,9010,124.41
10000,102400,9462,110.71
10000,1048576,6289,4644.12
1000,10240,334,101.28
10000,102400,6993,219.39
1000,102400,207,111.69
10000,10240,1239,97.49
10000,102400,317,118.21
10000,10240,8567,124.18
10000,1048576,9954,2338.89
10000,10240,4144,112.22
10000,10240,9479,96.03
10000,1048576,6226,2288.59
10000,10240,9442,103.80
10000,10240,3766,92.77
10000,10240,9059,87.67
10000,1048576,9978,1384.42
1000,102400,587,121.36
10000,1048576,5109,1463.75
1000,10240,248,102.13
10000,10240,5734,100.96
10000,1048576,8423,1563.64
100,102400,99,235.07
10000,10240,2185,93.74
1000,102400,310,126.13
10000,10240,1951,103.73
10000,10240,2763,100.72
10000,102400,9030,127.19
10000,10240,4336,99.52
10000,102400,7652,122.58
10000,102400,4767,120.64
10000,10240,2713,99.12
10000,102400,6430,119.91
10000,102400,4482,116.52
10000,1048576,4859,1126.67
10000,10240,4023,101.80
10000,102400,5945,114.64
10000,1048576,7295,1659.08
1000,10240,322,100.03
10000,102400,4483,111.59
10000,1048576,9010,1041.84
100,102400,52,129.18
10000,10240,8801,94.54
100,102400,37,113.03
10000,10240,7666,100.55
10000,10240,1429,99.52
10000,10240,8273,100.47
10000,10240,9615,101.81
10000,10240,4920,95.29
10000,10240,5864,104.74
1000,10485760,777,7046.56
10000,10240,3798,108.96
10000,1048576,2221,1915.35
10000,10240,1787,104.24
10000,102400,4746,121.77
10000,1048576,9845,2351.20
1000,102400,430,125.93
10000,10240,1195,211.24
10000,10240,9621,96.43
10000,10240,5119,99.55
10000,10240,7608,99.36
1000,1048576,501,2217.87
10000,1048576,5845,1544.11
10000,1048576,7494,31693.46
10000,1048576,4597,3959.30
10000,102400,3250,140.23
10000,1048576,7054,4545.09
10000,102400,7059,124.14
1000,102400,583,108.30
10000,102400,4853,118.36
10000,10240,3901,339.21
10000,10240,3524,230.15
10000,102400,7201,117.34
10000,1048576,7987,4860.51
10000,102400,583,131.83
10000,1048576,9042,3462.05
10000,1048576,8780,2549.71
10000,102400,1973,129.71
10000,102400,3540,369.41
10000,102400,3217,120.76
10000,1048576,8628,2261.41
10000,1048576,9526,2831.76
10000,1048576,4272,6226.22
10000,10240,2256,213.42
1000,10485760,439,25425.04
10000,102400,8394,330.51
10000,10240,1546,229.89
10000,10240,3001,305.97
10000,1048576,7943,1732.04
1000,10240,526,146.31
10000,102400,2767,125.13
10000,102400,6437,119.61
10000,102400,8404,120.64
10000,1048576,2824,1957.61
10000,1048576,2217,20050.00
10000,10240,1060,366.62
10000,102400,6604,268.29
10000,102400,9571,319.42
10000,1048576,2651,5726.12
10000,10240,9826,105.48
10000,10240,1211,130.64
10000,102400,8772,121.51
10000,1048576,8322,3508.75
10000,1048576,3303,2598.60
10000,102400,2082,346.16
10000,10240,6393,95.38
10000,102400,5282,99.25
1000,1048576,982,2549.31
10000,1048576,5479,1511.52
10000,10240,6884,102.09
10000,1048576,7125,1330.27
10000,102400,337,249.64
10000,10240,4158,98.64
10000,102400,5376,112.67
10000,102400,3724,103.60
10000,1048576,49,1600.32
10000,102400,2683,125.08
1000,10485760,449,4782.20
10000,102400,9484,129.98
10000,10240,5415,107.45
10000,102400,7970,116.10
10000,102400,5756,110.10
10000,102400,6951,121.50
10000,10240,1730,222.34
10000,102400,6949,112.97
10000,10240,2978,103.40
10000,102400,3242,118.24
10000,10240,7181,105.48
10000,10240,9468,111.27
10000,10240,6960,119.42
10000,1048576,3829,2772.18
10000,1048576,4251,4414.24
10000,102400,2002,135.13
10000,1048576,4700,5166.23
10000,102400,47,124.55
10000,102400,7144,265.52
10000,1048576,6185,5996.74
10000,1048576,3148,7413.26
10000,102400,3448,234.30
10000,10240,2625,224.44
1000,10485760,79,13636.79
10000,102400,4290,248.66
10000,1048576,2468,8047.16
10000,102400,7382,243.62
10000,10240,4310,94.12
10000,10240,3478,90.48
10000,10240,5603,103.20
10000,1048576,3608,4733.00
10000,102400,5191,122.23
10000,102400,7385,255.51
10000,102400,8080,123.91
1000,102400,556,120.72
10000,102400,2140,123.00
10000,1048576,7912,3100.06
1000,10240,975,245.69
10000,102400,1083,127.26
10000,1048576,8766,2294.07
10000,102400,2849,243.16
10000,10240,6568,709.98
10000,1048576,3699,3372.04
10000,10240,2773,104.35
10000,10240,9026,202.12
10000,102400,463,112.12
10000,10240,729,97.79
10000,10240,7658,105.99
10000,102400,3652,108.27
10000,10240,8017,101.16
10000,1048576,9401,3228.51
10000,102400,35,127.10
1000,102400,211,115.17
10000,102400,5834,119.03
10000,102400,2443,115.89
10000,1048576,6698,6561.88
1000,1048576,196,2630.74
10000,1048576,6256,2944.21
10000,102400,4326,127.47
10000,1048576,7358,3115.71
10000,102400,8155,126.00
10000,102400,4520,119.56
100,102400,40,1774.54
10000,10240,9533,101.87
10000,102400,6334,115.58
1000,1048576,754,2379.22
10000,10240,1833,97.23
10000,1048576,36,1967.75
10000,102400,5621,133.53
10000,10240,3090,103.60
10000,1048576,1379,2764.37
10000,1048576,6614,2825.60
10000,10240,6260,370.35
10000,1048576,9412,2614.53
10,10485760,9,66938.62
1000,10485760,324,5615.44
10000,102400,1593,398.34
10000,1048576,2290,1643.86
10000,102400,4948,247.61
10000,1048576,8501,2075.45
1000,10240,757,113.94
1000,102400,564,335.80
10000,102400,4564,135.06
10000,10240,2097,101.12
10000,10240,8202,98.74
10000,10240,2402,93.87
10000,102400,8472,123.17
10000,102400,651,118.11
10000,10240,6391,103.66
10000,10240,1716,101.14
10000,102400,4979,122.17
10000,1048576,717,10115.64
10000,1048576,357,6146.65
10000,10240,3770,373.85
10000,1048576,3117,5809.52
10000,10240,541,221.31
10000,102400,1160,223.57
10000,102400,3110,126.21
1000,1048576,293,5032.48
10000,10240,6999,141.99
1000,1048576,704,6569.88
10000,102400,6448,120.04
10000,10240,7802,116.65
10000,102400,4264,217.59
10000,1048576,8858,5157.17
10000,1048576,4371,3199.57
10000,1048576,3830,3107.87
10000,10240,9989,138.63
10000,10240,5274,112.11
1000,10240,517,206.22
10000,1048576,6327,2269.72
10000,102400,2518,122.49
1000,1048576,370,1849.74
10000,10240,4237,108.22
10000,1048576,4352,2925.62
10000,1048576,6252,1135.27
10000,1048576,7794,2607.93
10000,102400,7557,122.31
10000,10240,3218,205.17
10000,1048576,4724,982.60
10000,1048576,2853,2910.04
10000,102400,2732,226.12
10000,1048576,5877,5441.21
10000,10240,8818,99.54
10000,10240,5724,403.49
10000,1048576,8762,7512.95
10000,10240,9410,112.05
10000,10240,9698,106.19
10000,10240,4785,103.31
10000,10240,2980,237.09
1000,102400,670,115.16
1000,10485760,534,9689.86
1000,102400,248,155.56
10000,10240,5733,95.96
10000,10240,1734,94.10
10000,102400,7846,117.60
10000,102400,1573,122.94
10000,1048576,9937,2649.74
10000,102400,800,123.68
10000,10240,8603,199.16
10000,102400,6309,225.75
10000,102400,2846,228.97
1000,1048576,869,1420.57
10000,1048576,6669,2168.00
1000,10240,709,103.45
10000,10240,3435,95.94
1000,10485760,174,3528.86
10000,102400,9083,124.45
10000,1048576,1827,5162.77
10000,102400,7768,121.78
1000,1048576,138,4794.43
10000,102400,2404,356.16
10000,102400,405,132.78
10000,102400,3386,122.75
1000,10485760,99,15733.40
100,102400,49,332.30
10000,102400,700,114.59
10000,1048576,4573,4784.23
10000,1048576,8256,3130.49
10000,1048576,9951,2585.15
10000,10240,2928,139.00
10000,10240,3865,95.64
10000,10240,5852,133.52
10000,1048576,8651,872.86
10000,1048576,6994,827.26
10000,1048576,4299,570.35
10000,10240,5084,102.14
10000,1048576,2149,805.61
10000,102400,6115,127.10
10000,1048576,6203,923.35
10000,1048576,2629,809.20
10000,102400,764,120.72
10000,1048576,4343,882.50
10000,102400,3284,122.13
1000,102400,714,122.16
10000,10240,7310,95.45
10000,10240,7540,97.49
10000,1048576,7348,898.50
10000,10240,3608,121.97
10000,10240,9408,94.36
10000,102400,3050,107.54
10000,102400,8098,118.51
100,1048576,76,830.86
10000,10240,5457,105.26
10000,1048576,5228,623.57
10000,102400,9367,116.80
1000,1048576,411,581.73
10000,102400,9057,118.91
10000,10240,4983,102.77
10000,1048576,4311,845.25
10000,1048576,6605,762.84
10000,1048576,3272,738.55
10000,10240,1499,217.70
10000,102400,8751,113.91
10000,10240,5228,94.27
10000,102400,3493,109.00
10000,1048576,8136,758.61
10000,1048576,7293,776.22
10000,102400,6703,124.79
10000,1048576,9865,1264.28
10000,10240,7978,104.34
100,104857600,10,37317.88
10000,1048576,4687,3944.03
10000,10240,4223,370.97
10000,102400,4939,268.23
10000,102400,8976,298.99
10000,10240,363,98.85
10000,102400,163,117.77
10000,10240,2218,124.19
1000,102400,90,122.07
1000,10485760,327,19057.15
10000,1048576,5736,6712.01
10000,102400,379,240.81
10000,10240,1858,99.55
10000,1048576,6705,5258.89
10000,102400,1373,246.65
1000,10240,697,102.53
10000,1048576,2083,4665.40
10000,10240,4204,333.41
10000,1048576,2029,9712.82
10000,1048576,9332,4315.93
10000,102400,4630,262.25
10000,10240,1878,196.95
10000,1048576,2908,3213.12
10000,10240,9985,102.88
10000,10240,7184,99.51
10000,1048576,5727,3461.49
10000,1048576,2961,4018.80
10000,1048576,4104,7673.80
10000,102400,4034,163.74
10000,1048576,8665,7034.80
10000,102400,707,118.05
10000,1048576,5296,2282.81
10000,10240,9015,109.38
10000,102400,8247,123.69
1000,102400,557,120.26
10000,102400,5493,117.59
10000,102400,5533,127.28
1000,102400,928,345.23
10000,102400,789,114.22
10000,102400,1960,112.25
10000,10240,3570,97.41
10000,102400,4748,124.97
10000,102400,9308,243.65
10000,10240,8741,103.19
10000,1048576,9325,1656.51
10000,10240,7967,110.66
10000,102400,7323,118.29
10000,10240,828,102.30
10000,10240,1175,100.77
10000,1048576,8004,3451.66
10000,1048576,9589,5714.05
10000,102400,815,119.89
10000,10240,5869,108.89
10000,10240,6829,197.55
10000,10240,4181,101.38
1000,102400,159,125.18
10000,1048576,6440,4138.98
10000,10240,8045,103.46
10000,10240,1104,93.15
10000,1048576,9116,5460.06
10000,10240,2541,269.75
10000,10240,7611,105.81
10000,1048576,4497,3631.88
10000,10240,8580,148.39
10000,10240,3530,103.30
10000,102400,2649,129.62
10000,10240,610,218.74
10000,10240,2230,97.06
1000,10485760,739,27088.18
10000,102400,9299,417.00
10000,10240,3295,255.14
1000,1048576,886,5009.80
10000,102400,1214,169.31
1000,10240,586,208.27
1000,102400,210,113.47
10000,1048576,1210,4768.62
10000,1048576,523,8803.76
10000,102400,3568,147.65
10000,1048576,5582,5678.91
10000,1048576,9389,4624.41
10000,10240,2996,111.50
1000,1048576,716,3086.45
10000,10240,2004,129.63
10000,102400,4090,131.83
10000,10240,798,97.35
10000,102400,9807,142.72
10000,1048576,1082,2680.03
10000,102400,9480,128.50
1000,10240,995,112.98
10000,102400,1299,120.17
1000,10240,32,104.68
10000,102400,8998,131.04
10000,1048576,2449,2466.84
10000,102400,3915,123.06
10000,102400,7982,138.45
10000,1048576,8267,2067.48
10000,1048576,668,2585.58
10000,102400,4844,125.07
10000,10240,4839,105.94
10000,102400,9152,114.61
10000,102400,3843,118.70
10000,102400,9591,121.82
10000,1048576,406,2383.71
10000,1048576,4546,703.50
10000,10240,6165,111.78
10000,102400,5996,111.82
10000,1048576,5767,678.28
10000,1048576,4134,839.91
10000,1048576,1447,23338.46
10000,1048576,4752,751.36
100,104857600,56,675595.52
10000,102400,217,606.21
10000,10240,5332,263.22
10000,10240,1832,398.99
1000,102400,873,283.51
10000,10240,1646,119.55
10000,102400,915,125.41
10000,1048576,2121,855.39
1000,10485760,744,3989.78
10000,102400,5791,156.76
10000,102400,1847,114.65
10000,10240,5868,102.22
10000,10240,6604,110.66
10000,1048576,9492,859.50
10000,1048576,2437,587.51
10000,1048576,1814,619.69
10000,102400,1351,123.59
10000,10240,7943,95.22
10000,102400,2330,119.73
10000,10240,3596,115.96
10000,1048576,6936,795.69
10000,102400,3988,122.19
10000,1048576,7675,715.36
10000,102400,9056,123.52
10000,10240,7685,108.27
10000,102400,5380,121.13
10000,102400,4698,119.07
10000,10240,6786,110.62
10,104857600,2,32469.33
10000,10240,6983,509.92
10000,1048576,3533,4756.03
1000,102400,776,262.04
10000,1048576,9775,6284.16
10000,10240,4100,158.56
10000,10240,181,105.22
10000,10240,3310,99.97
1000,10240,274,240.56
10000,10240,7388,105.85
1000,10240,323,102.97
10000,1048576,7779,4387.12
10000,1048576,5669,5271.44
10000,10240,5527,213.56
10000,102400,6229,117.41
10000,1048576,3004,9721.83
10000,10240,5860,114.15
10000,102400,2904,337.99
10000,10240,6954,247.97
10000,1048576,6345,3226.84
1000,10485760,544,18943.92
10,10240,7,403.67
10000,1048576,1664,3280.25
10000,10240,7005,105.23
10000,10240,2124,93.51
10000,102400,5553,266.00
10000,10240,425,109.25
10000,1048576,2556,6947.95
10000,10240,7051,148.31
10000,1048576,9149,3431.75
10000,102400,8484,353.01
10000,102400,9388,109.59
10000,1048576,2448,2311.35
10000,1048576,6217,2112.11
10000,1048576,7876,2341.86
10000,102400,5454,133.22
10000,10240,1755,104.96
1000,102400,829,129.36
10000,10240,5792,230.77
10000,10240,7807,102.05
10000,10240,3564,110.12
10000,102400,1518,115.58
10000,102400,3571,114.86
10000,10240,538,113.74
10000,10240,446,102.79
10000,10240,4791,105.42
10000,1048576,6995,1626.42
10000,1048576,2742,1811.45
100,10485760,14,17347.39
10000,10240,2131,400.25
10000,102400,5959,284.08
10000,102400,8161,112.86
1000,10485760,497,22137.80
10000,10240,8975,275.58
1000,10485760,190,17217.12
1000,1048576,324,4266.53
10000,102400,4433,292.38
1000,1048576,307,7529.53
10000,1048576,6629,3486.82
10000,1048576,1699,6115.16
10000,102400,399,368.36
1000,102400,323,342.71
10000,10240,3549,95.46
1000,1048576,814,6707.84
10000,102400,1448,158.99
100,1048576,41,4134.47
10000,1048576,4380,8271.82
100,10485760,59,58007.46
10000,1048576,5440,14331.50
10000,10240,9106,365.64
10000,1048576,700,5341.39
10000,10240,1398,151.38
10000,10240,3149,104.64
10000,1048576,1306,3816.34
10000,1048576,3126,17268.98
10000,10240,7446,425.47
10000,10240,6384,227.63
10000,10240,5580,105.10
10000,1048576,1326,3201.80
10000,10240,5050,233.89
10000,1048576,4063,2389.41
10000,102400,5617,139.14
10000,10240,4502,146.67
10000,102400,1930,125.62
10000,1048576,3458,1901.83
10000,102400,6564,130.73
10000,102400,3460,117.34
10000,10240,4335,104.02
10000,102400,6039,115.41
10000,10240,3805,107.77
10000,102400,4725,136.14
100,104857600,48,51457.56
10000,10240,7755,528.53
10000,10240,4498,376.71
10000,1048576,8680,4694.38
10000,102400,8257,266.21
10000,10240,6354,99.56
100,10240,69,99.75
10000,102400,6425,157.66
10000,1048576,447,7012.02
10000,10240,9893,248.39
10000,102400,9785,113.63
10000,102400,6815,118.62
10000,10240,8382,334.79
10000,10240,9506,107.28
10000,10240,9483,103.08
10000,10240,2535,99.46
10000,102400,5720,121.47
10000,102400,1980,114.04
1000,10240,780,105.61
10000,10240,3960,103.47
10000,102400,1726,112.20
10000,102400,7609,112.70
1000,10485760,107,59838.07
10000,1048576,6123,2462.16
1000,10240,160,118.19
10000,102400,8045,334.29
1000,102400,222,110.56
1000,1048576,137,1967.65
10000,1048576,3908,1897.49
10000,1048576,9616,1685.78
10000,10240,4760,255.87
10000,10240,614,276.70
10000,10240,4759,104.42
10000,10240,791,97.36
10000,102400,3312,122.94
10000,102400,4426,125.39
1000,10485760,104,8272.28
10000,10240,2453,116.50
1000,102400,534,118.59
10000,10240,6614,101.68
10000,1048576,9897,1354.47
10000,10240,7661,109.04
10000,10240,9149,105.05
10000,10240,2735,96.74
10000,10240,3603,103.50
10000,102400,5408,231.28
10000,102400,8438,122.48
10000,1048576,2941,2549.62
100,104857600,18,38775.52
10000,10240,9481,506.26
10000,102400,3543,544.44
10000,102400,6497,203.52
10000,1048576,4445,4353.90
10000,102400,2247,132.49
10000,1048576,3834,5197.60
10000,1048576,2721,2015.54
10000,1048576,6944,5458.33
10000,10240,1773,157.78
10000,10240,6527,109.53
10000,10240,7023,99.93
10000,10240,3060,105.57
10000,10240,9762,110.71
10000,1048576,7347,1892.17
10000,10240,9579,111.20
10000,102400,4320,118.91
10000,10240,6797,98.22
10000,102400,725,118.95
10000,10240,1708,117.53
10000,102400,9498,120.03
10000,1048576,4617,1800.64
10000,102400,3314,263.85
10000,1048576,4667,2579.80
10000,1048576,6341,2307.26
10000,102400,185,125.14
10000,10240,6240,95.84
1000,102400,43,112.82
100,10485760,9,14331.23
10000,1048576,2456,1749.73
10000,10240,7709,138.15
10000,10240,2337,97.37
10000,1048576,7243,4565.43
10000,10240,5794,107.68
10000,102400,5149,112.28
10000,102400,2674,114.86
10000,1048576,1319,2768.33
10000,102400,1451,119.70
10000,102400,6603,108.40
10000,10240,6690,96.28
10000,102400,3090,123.35
10000,102400,3771,116.64
10000,1048576,5933,2639.73
10000,1048576,7228,2290.26
10000,1048576,337,864.16
10000,102400,2862,134.41
10000,102400,4588,113.06
10000,1048576,4578,947.61
10000,102400,7912,138.04
10000,10240,1931,103.56
1000,10485760,590,11028.06
10000,102400,6128,238.27
10000,102400,7971,248.79
10000,10240,4142,89.75
10000,102400,6457,210.20
1000,10240,502,99.94
10000,102400,3810,117.51
10000,102400,7893,116.57
10000,10240,7497,94.86
10000,10240,8970,96.59
10000,1048576,8386,5999.55
10000,1048576,1097,4761.79
10000,1048576,2423,1536.56
10000,1048576,7560,2664.64
10000,10240,4807,225.01
1000,10485760,751,11937.93
10000,1048576,9120,2598.90
10000,102400,9145,237.11
10000,102400,6099,115.70
10000,10240,4468,206.65
1000,1048576,526,2299.64
10000,1048576,3439,9291.08
10000,1048576,5392,6172.30
10000,102400,501,367.99
10000,10240,7268,203.16
10000,10240,7120,218.31
10000,1048576,3425,7063.20
10000,102400,4917,120.06
10000,102400,9723,117.23
10000,1048576,8222,8339.41
10000,10240,2294,125.46
10000,1048576,3980,4376.58
10000,1048576,4847,4604.99
10000,1048576,7274,9354.05
100,10485760,73,32920.51
10000,1048576,9442,7282.74
1000,102400,637,172.79
10000,10240,7373,247.88
1000,10240,105,119.13
10000,10240,8898,115.11
10000,1048576,4177,2850.89
10000,102400,1348,124.43
1000,102400,29,114.99
10000,102400,5052,176.93
10000,102400,9358,131.77
1000,1048576,705,3987.20
10000,1048576,975,7507.92
10000,10240,8503,231.12
10000,102400,1251,123.95
10000,10240,5570,310.65
10000,102400,7957,110.21
10000,10240,3222,99.03
10000,102400,1023,133.56
1000,10240,897,105.24
10000,102400,5243,113.56
10000,102400,1292,115.00
10000,1048576,4023,6791.65
10000,1048576,5326,1946.66
10000,10240,4843,101.25
10000,1048576,1183,2543.41
10000,1048576,3582,9700.60
100,104857600,29,37757.27
10000,10240,6598,301.88
10000,10240,1237,358.79
10000,102400,5809,166.72
1000,102400,679,112.43
10000,102400,5387,356.43
1000,102400,68,123.34
10000,102400,38,169.97
10000,102400,4114,115.48
10000,102400,2081,122.21
10000,10240,9062,101.97
1000,1048576,396,1403.78
10000,102400,5322,129.27
10000,102400,6204,110.16
10000,102400,5561,126.36
10000,1048576,5263,6090.87
10000,1048576,8865,4274.96
10000,1048576,4026,2200.64
10000,1048576,1845,2248.66
10000,10240,7468,115.55
10000,10240,7512,118.64
10000,102400,351,111.52
10000,10240,3820,98.64
10000,1048576,459,1966.00
10000,10240,5454,102.77
10000,102400,8963,117.31
10000,1048576,1889,2561.40
1000,10240,401,109.30
10000,1048576,1251,3133.55
10000,1048576,4566,1584.51
10000,102400,7989,124.90
10000,102400,9946,108.54
10000,1048576,2258,2687.72
10000,102400,9459,121.22
10000,10240,19,92.35
1000,10240,303,97.02
10000,102400,767,222.91
10000,1048576,6444,10859.46
10000,10240,2156,383.46
10000,102400,4447,231.15
10000,10240,8727,224.81
10000,1048576,183,8933.05
1000,10240,512,218.35
10000,102400,553,121.60
10000,102400,4492,223.79
10000,1048576,3049,4701.88
1000,10485760,727,64261.38
10000,102400,3862,324.10
10000,10240,7207,102.14
10000,102400,6762,244.46
10000,10240,1266,251.36
10000,102400,257,264.93
10000,102400,1954,110.81
10000,1048576,693,2536.86
10000,1048576,4810,2935.73
10000,1048576,304,2993.33
10000,10240,2077,107.71
10000,1048576,9336,3034.54
10000,1048576,9769,1649.38
1000,1048576,22,2315.59
10000,1048576,503,2120.95
10000,10240,8544,108.25
10000,102400,410,117.72
10000,1048576,487,1676.92
10000,102400,9127,124.92
10000,1048576,8779,1383.26
10000,1048576,7758,3312.97
1000,102400,790,232.27
10000,10240,9629,97.22
10000,1048576,1697,2415.51
1000,1048576,942,1015.01
10000,10240,1597,100.87
10000,102400,6950,120.01
10000,102400,2408,218.71
10000,102400,934,117.41
10000,10240,6331,102.44
10000,1048576,474,1079.21
10000,1048576,9377,1153.83
10000,1048576,7014,612.37
10000,10240,6104,105.53
10000,102400,2731,113.28
1000,10240,686,99.59
10000,10240,4999,99.95
10000,1048576,6887,1408.36
10000,10240,5386,99.36
10000,10240,854,95.93
1000,10240,344,95.24
10000,10240,3933,102.07
10000,102400,4369,114.09
10000,102400,9666,110.64
10000,1048576,526,827.47
10000,102400,8128,118.30
10000,10240,3376,90.73
10000,10240,2799,104.63
1000,102400,517,113.06
10000,102400,7524,117.69
10000,102400,22,117.99
1000,10485760,620,3657.41
10000,102400,299,121.61
1000,102400,342,110.40
10000,102400,7843,104.91
10000,10240,9065,100.35
10000,1048576,2234,745.69
10000,1048576,9782,660.87
10000,10240,4072,100.64
1000,102400,771,114.57
10000,102400,5413,114.15
10000,102400,113,112.94
10000,10240,8208,102.73
1000,10240,462,102.15
10000,10240,7014,92.97
10000,102400,5158,106.28
10000,1048576,5462,884.67
10000,1048576,3185,691.83
10000,1048576,525,549.00
10000,102400,9597,116.24
10000,102400,8503,110.53
10000,10240,7893,98.16
1000,10485760,987,4156.66
10000,1048576,2407,1010.52
10000,102400,5361,254.41
10000,10240,5836,89.34
10000,10240,4036,91.32
10000,102400,5037,114.79
10000,102400,1394,113.84
10000,10240,5458,94.39
10000,102400,3740,112.09
10000,1048576,6515,2404.27
10000,102400,5742,118.26
1000,102400,622,102.83
10000,10240,8839,91.54
10000,10240,2840,94.88
10000,10240,5676,102.19
10000,10240,5696,97.03
10000,102400,5198,113.81
10000,102400,5375,121.06
10000,1048576,9312,1406.24
10000,10240,4654,100.00
10000,10240,5214,114.16
10000,1048576,8624,2052.30
10000,1048576,7821,2759.68
10000,10240,6778,100.17
100,10240,43,93.89
10000,1048576,2097,1793.55
10000,10240,3613,104.04
10000,1048576,8913,7255.15
1000,10485760,274,14519.38
1000,102400,472,372.61
10000,102400,9866,344.06
10000,102400,933,271.47
10000,10240,1431,123.86
10000,10240,639,98.36
10000,102400,1793,113.88
10000,102400,9481,113.12
100,1048576,89,8873.56
10000,102400,7797,120.68
10000,102400,2341,344.57
10000,1048576,1872,16959.13
10000,10240,8790,235.34
10000,10240,2681,320.18
10000,102400,8220,248.57
10000,1048576,3383,10913.49
10000,102400,6149,280.12
10000,10240,2881,101.06
10000,1048576,7140,8587.81
10000,102400,8538,258.15
1000,10485760,607,28306.78
10000,102400,2256,335.45
10000,10240,6267,289.38
10000,1048576,8726,6634.31
10000,102400,8588,118.89
10000,102400,1601,141.15
10000,102400,5803,136.45
10000,102400,6520,120.72
10000,102400,227,122.83
10000,1048576,5606,2423.32
10000,102400,1177,117.04
10000,1048576,3896,976.48
10000,102400,3481,354.93
1000,10240,763,100.25
1000,10485760,489,4928.43
10000,10240,3242,131.13
1000,10240,504,105.48
10000,1048576,2977,6262.68
1000,1048576,428,4761.11
10000,1048576,3607,5884.92
10000,10240,6375,233.19
10000,1048576,6470,2031.18
10000,1048576,5283,1905.53
10000,1048576,245,1411.43
1000,102400,704,126.91
10000,102400,9978,105.64
10000,1048576,8623,898.59
10000,1048576,28,782.60
10000,1048576,3985,621.12
10000,1048576,2635,816.54
10000,102400,494,132.91
10000,102400,9832,136.77
10000,1048576,9477,1305.64
10000,10240,4734,110.01
10000,10240,2060,129.50
10000,10240,8648,94.69
1000,10485760,651,7680.38
1000,102400,454,131.61
1000,1048576,136,2596.88
10000,10240,1218,446.83
10000,10240,3713,274.31
10000,102400,8594,242.76
10000,10240,1920,100.57
10000,102400,5314,106.23
10000,102400,4404,142.72
10000,102400,559,119.71
10000,1048576,3836,4137.38
10000,102400,8048,123.71
10000,102400,6388,110.58
10000,102400,8392,111.20
10000,102400,444,116.89
10000,10240,6634,101.38
10000,10240,9909,95.72
10000,102400,9871,117.53
10000,1048576,6598,2532.23
10000,1048576,1968,4371.80
10000,10240,3311,105.06
10000,102400,3081,113.66
10000,102400,2239,113.56
10000,10240,3946,102.86
10000,1048576,458,5136.56
10000,10240,1488,99.70
10000,10240,451,94.28
10000,102400,1750,106.80
1000,102400,332,117.02
10000,102400,9530,116.56
10000,102400,4561,118.28
10000,102400,6705,113.54
10000,102400,9077,112.05
10000,102400,6103,114.67
10000,10240,7411,122.10
10000,102400,7238,115.09
10000,1048576,1356,5304.35
10000,1048576,1236,3180.98
10000,10240,95,101.45
10000,1048576,213,6219.31
10000,10240,9097,115.79
10000,10240,5107,237.39
1000,10240,786,98.65
10000,10240,644,104.47
1000,10485760,85,25282.60
10000,10240,8524,249.31
10000,102400,972,257.65
10000,102400,7658,221.35
10000,102400,9430,110.13
10000,10240,3286,276.74
10000,1048576,7713,8453.94
10000,102400,2240,116.84
1000,1048576,10,6142.09
10000,102400,7772,225.60
10000,102400,6538,257.81
10000,1048576,3346,1814.19
10000,1048576,1788,606.96
10000,10240,5607,115.22
1000,1048576,235,1080.84
10000,1048576,6294,2590.51
10000,1048576,4684,4621.81
10000,10240,9249,102.73
10000,10240,8569,87.38
1000,102400,685,114.73
1000,1048576,893,2440.54
10000,1048576,1337,1848.96
1000,102400,906,218.99
10000,10240,6842,96.38
10000,102400,6794,107.94
10000,102400,62,109.77
1000,10485760,628,5931.82
1000,10240,933,105.14
10000,102400,1080,111.78
10000,102400,6243,112.84
10000,102400,9907,114.52
10000,102400,6102,120.28
10000,102400,9735,114.21
10000,102400,4086,115.44
10000,10240,499,99.34
10000,102400,1900,113.27
1000,1048576,506,827.70
10000,1048576,6130,801.03
1000,102400,896,122.37
10000,102400,5342,110.42
10000,102400,5237,114.60
1000,1048576,375,3762.51
10000,1048576,4778,5801.88
10000,102400,2827,117.07
10000,102400,7708,112.45
10000,10240,495,232.96
10000,102400,2249,219.23
10000,10240,1032,97.67
10000,102400,374,114.23
10000,1048576,4885,3624.97
1000,10240,823,107.46
10000,102400,1555,108.13
10000,102400,2726,110.49
10000,102400,9881,124.16
10000,102400,4308,117.19
1000,102400,866,108.88
10000,10240,403,104.01
10000,10240,202,101.89
10000,1048576,4929,750.11
10000,102400,487,127.86
10000,102400,3597,114.38
1000,102400,769,114.45
10000,1048576,5315,1611.49
10000,102400,5480,122.65
10000,10240,5903,93.21
10000,102400,9646,101.14
10000,1048576,3617,3212.69
10000,102400,158,119.29
10000,102400,7122,105.96
10000,102400,7800,116.27
10000,10240,3651,101.48
1000,1048576,256,10829.45
10000,1048576,549,11654.13
10000,1048576,4470,11292.74
10000,1048576,1811,6413.57
10000,10240,2764,209.19
10000,10240,4101,227.18
10000,10240,2711,233.53
1000,10240,122,107.26
10000,102400,9607,128.63
10000,1048576,2839,8146.74
10000,10240,7476,105.29
10000,10240,1143,93.93
10000,10240,116,95.74
10000,10240,3191,105.75
10000,102400,6226,121.43
10000,10240,949,103.30
10000,1048576,6251,5139.49
10000,102400,4109,114.48
1000,1048576,708,2408.71
10000,102400,1676,140.33
1000,10240,706,101.38
10000,10240,9345,106.65
10000,1048576,5375,3481.36
1000,1048576,772,2306.12
10000,1048576,1634,2347.81
10000,1048576,3629,2368.86
10000,1048576,6706,2531.63
10000,102400,8604,126.43
10000,1048576,3697,1492.24
10000,10240,5923,367.96
10000,1048576,5445,858.70
10000,10240,9217,113.09
10000,1048576,2366,925.87
10000,10240,4804,106.42
10000,10240,4071,244.23
10000,1048576,6912,850.63
10000,1048576,810,1143.95
10000,10240,6837,113.81
10000,10240,8023,102.38
10000,10240,96,99.57
10000,102400,7856,122.00
10000,102400,3154,119.73
10000,10240,8511,100.02
10000,1048576,7344,877.43
10000,1048576,2319,841.26
10000,1048576,8581,913.33
10000,1048576,1965,851.95
10000,10240,948,108.49
10000,1048576,4201,750.94
10000,1048576,705,751.46
1000,10485760,169,4701.94
10000,1048576,3591,891.46
10000,1048576,2567,919.10
10000,1048576,2274,580.07
10000,102400,4055,133.06
1000,1048576,463,892.38
1000,102400,375,130.93
10000,102400,7377,123.31
10000,10240,1422,101.27
10000,10240,4658,101.50
10000,10240,587,98.71
10000,10240,1935,103.20
10000,10240,8777,101.33
10000,102400,5160,123.06
10000,102400,3743,117.85
10000,10240,442,102.30
10000,10240,9508,92.86
10000,10240,6529,95.33
10000,102400,7380,129.12
10000,102400,9676,227.36
10000,1048576,7161,836.31
10000,1048576,4967,838.62
10000,102400,3032,134.06
10000,10240,2005,102.87
10000,1048576,113,715.07
10000,1048576,7396,906.38
1000,102400,897,131.46
10000,1048576,3698,918.08
10000,1048576,2157,788.79
10000,10240,3694,103.73
1000,10240,722,100.08
10000,102400,7905,120.85
10000,102400,6314,118.06
10000,102400,1375,117.77
10000,1048576,1037,837.08
10000,102400,4412,133.27
1000,10485760,794,4066.50
10000,102400,3304,129.73
1000,1048576,202,971.22
10000,1048576,522,766.37
10000,1048576,4635,738.70
10000,1048576,1383,948.71
10000,1048576,3606,642.23
1000,10485760,539,4043.70
10000,1048576,4277,641.97
10000,102400,3069,128.79
10000,102400,8607,116.17
10000,1048576,566,807.81
10000,10240,1766,103.24
1000,10485760,220,4383.00
10000,10240,293,108.03
1000,102400,484,115.53
10000,102400,3646,225.01
10000,102400,4197,101.34
10000,1048576,3165,742.72
10000,10240,3537,106.12
10000,10240,6101,99.11
10000,102400,1056,120.34
10000,1048576,3713,775.99
1000,10485760,872,4258.60
10000,1048576,2087,646.43
1000,10485760,417,3433.88
10000,1048576,3384,3788.73
10000,1048576,4099,896.18
10000,1048576,3522,1202.48
10000,1048576,5412,971.30
10000,102400,2426,119.83
1000,10240,716,116.26
10000,1048576,3721,2121.43
10000,1048576,4149,1829.48
10000,102400,8288,253.25
1000,10240,829,97.48
10000,10240,1500,95.03
10000,10240,4649,95.36
10000,102400,3617,130.51
1000,102400,489,115.78
10000,10240,7795,101.39
1000,102400,246,112.10
10000,10240,3811,106.58
10000,102400,7202,126.79
10000,102400,6778,120.04
10000,1048576,7846,883.56
10000,1048576,8564,623.85
10000,10240,3234,98.72
10000,10240,8021,95.43
10000,10240,7305,106.05
10000,10240,1608,96.99
10000,102400,3468,112.67
10000,1048576,2988,707.90
10000,1048576,7,726.48
10000,102400,2430,120.33
10000,10240,1299,98.85
1000,10485760,565,4279.98
10000,10240,6031,111.12
10000,1048576,5564,604.85
10000,10240,4788,104.63
10000,1048576,9998,694.88
10000,10240,2737,101.94
10000,10240,862,102.91
10000,10240,2677,99.56
10000,1048576,9368,841.80
10000,1048576,1310,683.60
10000,1048576,9366,715.43
1000,10240,919,107.65
1000,102400,808,117.66
10000,1048576,4894,770.63
10000,102400,7968,347.37
10000,1048576,4926,638.02
10000,1048576,5880,983.28
10000,102400,3990,129.54
10000,102400,4457,108.45
10000,10240,103,90.51
10000,102400,5506,121.84
10000,1048576,9210,773.56
10000,102400,9133,127.55
10000,1048576,7725,568.98
10000,1048576,9420,660.46
10000,10240,3005,105.55
10000,10240,7669,91.03
10000,1048576,9376,19615.62
10000,1048576,3542,1038.06
10000,102400,9897,246.09
10000,1048576,6795,646.65
10000,102400,4786,357.66
10000,10240,7728,104.36
10000,1048576,1995,1156.38
10000,10240,267,117.03
10000,102400,786,264.53
100,102400,83,117.02
10000,1048576,9052,1013.95
10000,1048576,8459,723.64
10000,102400,4582,123.51
10000,10240,547,102.31
10000,1048576,4330,693.62
10000,102400,2255,118.50
10000,1048576,2959,840.29
10000,1048576,7416,806.78
1000,102400,847,119.29
10000,102400,1014,112.77
10000,102400,5711,115.34
10000,1048576,2078,781.74
1000,1048576,315,614.42
10000,102400,9440,125.42
10000,102400,3303,118.75
10000,102400,9062,124.68
10000,10240,1265,100.28
10000,1048576,3326,888.23
10000,1048576,6016,889.05
10000,102400,6286,121.93
1000,1048576,846,683.19
1000,1048576,520,676.42
10000,102400,653,116.45
10000,10240,6535,99.06
10000,102400,6976,110.94
10000,10240,8369,101.48
10000,102400,8320,111.08
10000,10240,9847,98.34
10000,10240,7461,102.27
10000,102400,1454,113.20
10000,102400,967,121.82
10000,1048576,8403,823.05
1000,1048576,152,628.62
10000,1048576,8177,548.85
10000,1048576,8143,668.54
10000,1048576,1311,851.33
10000,1048576,8681,602.81
10000,102400,6418,116.93
1000,10485760,421,4003.22
10000,10240,2959,106.71
10000,10240,8769,100.52
10000,102400,9899,120.56
10000,1048576,1925,754.01
10000,1048576,8064,830.29
10000,102400,7084,127.49
10000,1048576,9844,769.80
1000,1048576,665,685.19
10000,1048576,7196,567.26
10000,102400,8743,123.19
10000,1048576,1616,608.29
10000,1048576,2364,604.60
10000,102400,433,130.47
10000,102400,4694,108.33
10000,102400,9074,110.27
10000,1048576,9288,728.33
10000,1048576,2268,634.00
10000,102400,5335,124.70
10000,102400,1630,104.82
10000,10240,755,95.48
10000,1048576,5866,800.93
10000,10240,4475,107.64
10000,102400,2725,117.33
10000,1048576,8361,838.93
10000,1048576,9418,742.49
10000,102400,1586,123.96
10000,1048576,7803,603.87
10000,1048576,1047,712.86
10000,1048576,8545,750.68
1000,10485760,420,4444.44
10000,1048576,9048,698.49
10000,1048576,8880,717.98
1000,1048576,300,592.07
10000,10240,6051,102.30
1000,10240,574,97.74
10000,1048576,3817,764.67
10000,1048576,7163,662.78
10000,1048576,17,560.85
10000,1048576,7945,570.91
10000,10240,3383,104.29
10000,10240,7882,100.48
10000,102400,3546,115.15
10000,102400,9787,129.76
10000,1048576,988,774.65
10000,1048576,88,733.08
10000,102400,7640,119.78
10000,10240,5670,94.16
10000,102400,4103,116.23
10000,10240,2353,98.36
10000,102400,9923,111.90
1000,102400,118,224.81
10000,102400,4102,115.88
10000,102400,508,124.31
10000,1048576,826,725.23
1000,10485760,852,3428.39
10000,102400,9274,125.20
10000,10240,2523,100.83
1000,10485760,884,4001.26
10000,1048576,3538,709.58
1000,102400,924,121.09
10000,102400,7460,108.06
10000,102400,9447,120.56
10000,10240,1536,112.73
1000,10240,320,94.09
10000,1048576,6917,895.95
10000,102400,2586,123.10
10000,102400,9851,110.07
10000,1048576,7166,724.64
10000,102400,8306,123.05
10000,102400,8798,141.20
10000,10240,2580,98.47
10000,102400,8958,120.08
10000,102400,2066,114.50
10000,102400,1293,115.25
10000,102400,3662,113.62
10000,1048576,3064,791.41
10000,1048576,3654,634.87
10000,10240,7279,107.42
10000,102400,4682,109.13
1000,10240,375,93.78
10000,1048576,1121,812.33
10000,102400,5101,123.98
10000,1048576,6089,722.94
10000,1048576,5298,680.21
10000,102400,7044,118.10
10000,1048576,4773,653.15
10000,10240,2692,102.77
10000,10240,5135,100.96
10000,10240,7324,98.40
10000,10240,5128,94.55
10000,10240,6591,92.19
10000,10240,4524,100.87
10000,1048576,8890,703.52
10000,10240,7971,106.94
10000,102400,3274,131.62
10000,10240,603,97.97
10000,102400,7302,111.54
1000,10485760,297,3788.66
10000,102400,2975,128.00
10000,10240,1698,90.16
1000,10240,348,94.03
10000,102400,9513,109.43
10000,102400,5217,117.75
10000,1048576,7659,776.24
10000,1048576,1769,845.37
10000,102400,5869,120.65
10000,102400,1282,114.95
10000,10240,5902,91.08
10000,102400,8440,111.01
10000,102400,3916,115.14
10000,1048576,9761,740.67
10000,102400,6888,122.90
10000,10240,9387,103.90
10000,10240,4043,98.75
10000,1048576,2311,736.62
10000,10240,2216,106.25
10000,1048576,8696,810.63
10000,102400,8468,118.92
10000,1048576,2762,690.19
10000,102400,2347,120.60
10000,102400,6269,112.85
10000,102400,4255,109.23
10000,1048576,9134,742.72
10000,1048576,498,584.75
10000,1048576,3055,663.53
10000,10240,9137,99.36
10000,102400,3542,108.10
10000,10240,1243,95.91
10000,1048576,1123,809.93
10000,1048576,5666,565.51
10000,10240,2946,96.51
10000,10240,743,93.33
10000,1048576,9989,789.85
1000,102400,443,115.16
10000,102400,2967,107.39
10000,1048576,8919,942.10
10000,1048576,63,678.34
10000,10240,4757,100.49
10000,10240,3336,91.65
10000,102400,6476,117.89
10000,1048576,9482,823.46
10000,102400,614,122.25
10000,10240,92,88.88
10000,10240,9386,85.88
10000,1048576,5118,752.45
10000,1048576,8892,655.85
10000,102400,9969,116.49
10000,10240,8979,88.78
10000,10240,348,94.51
1000,10485760,469,4443.45
10000,10240,7783,106.16
10000,10240,6363,93.18
10000,10240,5239,92.65
10000,102400,3021,113.35
10000,1048576,425,761.35
10000,10240,6211,98.55
10000,102400,7036,130.61
10000,1048576,3925,528.12
1000,10485760,196,4121.82
100,10240,6,100.95
10000,1048576,6518,667.76
10000,10240,4169,94.55
10000,10240,9716,94.48
10000,102400,2299,118.97
10000,1048576,916,714.88
10000,102400,6939,122.82
10000,1048576,7834,556.30
10000,1048576,8231,706.43
10000,102400,6311,312.32
10000,1048576,7614,870.56
10000,102400,3422,120.87
10000,1048576,3370,579.26
10000,1048576,2225,563.16
10000,1048576,7317,747.70
10000,1048576,1721,706.59
10000,1048576,3411,581.83
10000,102400,570,116.94
10000,102400,9921,119.86
100,102400,67,126.68
10000,10240,2274,93.27
10000,1048576,6325,841.39
10000,10240,2051,107.68
10000,102400,4257,109.43
1000,1048576,84,775.42
10000,102400,3082,123.51
10000,102400,2343,110.76
1000,10485760,234,4398.68
10000,1048576,6892,633.06
10000,10240,277,104.90
10000,102400,5146,110.78
10000,10240,6616,94.74
10000,10240,2815,217.64
10000,10240,6510,96.94
10000,102400,4622,106.34
10000,10240,6704,305.75
10000,102400,772,114.85
10000,102400,8771,115.21
10000,1048576,3015,1017.67
10000,102400,5572,120.45
10000,102400,6433,106.65
10000,1048576,7485,820.20
1000,102400,537,123.28
10000,1048576,5578,578.45
10000,102400,5254,115.76
10000,1048576,6593,579.36
10000,102400,5318,120.48
10000,1048576,3645,672.47
10000,10240,4825,100.13
10000,102400,5951,110.33
100,10485760,52,4151.65
10000,102400,1982,126.64
10000,1048576,4660,588.68
10000,102400,5079,122.32
10000,1048576,3345,1075.10
10000,1048576,673,984.11
10000,10240,3151,97.30
10000,1048576,6424,635.31
10000,1048576,5386,707.85
10000,1048576,7823,622.90
10000,1048576,7316,703.45
10000,10240,7301,106.89
10000,1048576,8484,649.43
10000,1048576,6401,552.27
10000,102400,9906,112.96
1000,1048576,129,599.78
10000,102400,4535,117.21
10000,10240,958,94.92
10000,10240,7678,101.82
10000,1048576,2440,823.80
1000,1048576,564,637.59
10000,10240,6738,99.41
10000,1048576,1685,599.17
10000,1048576,9794,726.83
10000,10240,4722,103.86
10000,102400,6366,122.57
10000,1048576,4782,841.79
10000,10240,3213,100.48
10000,1048576,7156,687.80
10000,1048576,2417,566.30
10000,10240,8015,110.46
10000,1048576,5058,548.74
10000,1048576,9393,614.68
10000,10240,8255,102.56
10000,102400,6896,109.19
10000,102400,4592,117.36
10000,10240,735,100.07
10000,102400,7584,113.19
10000,102400,3409,123.74
10000,10240,9779,101.12
10000,1048576,7539,817.30
10000,1048576,3330,556.67
10000,1048576,3479,696.42
10000,10240,9326,96.67
10000,1048576,150,754.19
10000,102400,4314,124.26
10000,1048576,7294,732.03
1000,10240,866,101.66
10000,102400,274,114.62
10000,10240,2855,91.48
10000,1048576,9269,937.26
10000,10240,5105,104.90
1000,10485760,997,3498.24
1000,1048576,268,635.69
10000,1048576,7576,663.00
10000,1048576,5781,633.66
10000,1048576,141,601.24
10000,102400,8867,124.03
10000,102400,6319,107.73
10000,102400,9134,110.30
10000,1048576,7760,840.29
10000,10240,5032,98.93
10000,102400,2168,102.06
1000,10485760,792,4355.45
10000,1048576,1832,586.06
10000,10240,8370,113.47
10000,102400,6196,107.74
10000,10240,1782,93.65
10000,1048576,5353,846.23
10000,102400,6615,126.79
10000,1048576,233,673.68
10000,10240,4311,111.05
10000,102400,9128,120.91
10000,1048576,7537,830.77
10000,10240,2284,102.15
10000,10240,2229,92.76
10000,102400,7063,107.85
10000,10240,2632,93.08
10000,1048576,1792,713.46
1000,1048576,829,768.17
10000,1048576,5531,698.09
10000,1048576,1910,691.81
10000,102400,2230,119.79
10000,102400,4272,111.64
1000,10485760,983,3700.34
10000,10240,3581,107.34
10000,10240,5730,86.95
10000,1048576,284,762.73
10000,102400,6984,119.17
100,10485760,57,4221.48
10000,10240,517,108.53
10000,1048576,9997,746.95
10000,1048576,5127,1844.63
10000,1048576,3678,1221.72
10000,102400,9412,122.23
10000,10240,5291,95.34
10000,1048576,5513,970.29
1000,10485760,50,4302.46
10000,102400,6814,136.50
10000,10240,9,94.70
1000,102400,694,117.00
10000,102400,3689,233.15
10000,10240,3654,101.14
10000,102400,1904,136.25
10000,1048576,9564,828.57
1000,102400,803,118.46
1000,1048576,890,580.79
1000,1048576,569,666.53
10000,1048576,6364,817.91
10000,102400,1733,124.18
1000,1048576,169,596.58
10000,1048576,3609,587.08
10000,1048576,5036,686.79
10000,10240,8557,103.72
10000,1048576,8833,630.77
10000,10240,1368,94.56
10000,1048576,9837,673.94
10000,10240,2746,106.21
1000,10485760,361,3601.27
10000,102400,6522,128.36
10000,1048576,256,663.10
10000,1048576,7441,644.86
10000,102400,2041,122.26
10000,10240,5431,99.87
10000,10240,6291,101.83
1000,102400,819,107.40
10000,102400,3419,113.04
10000,10240,7868,96.44
10000,1048576,1246,754.30
10000,10240,8241,101.98
10000,10240,504,103.54
1000,1048576,383,744.90
10000,10240,4471,102.09
10000,102400,5583,130.16
10000,1048576,4755,822.88
10000,1048576,1179,786.39
10000,10240,6552,105.80
10000,102400,3035,105.86
10000,102400,7255,112.08
10000,1048576,5262,746.22
10,104857600,9,34690.42
10000,102400,4817,293.49
1000,1048576,199,904.33
1000,10240,812,135.97
10000,10240,3122,223.29
10000,102400,5216,115.76
10000,1048576,5147,612.93
10000,102400,5378,128.11
10000,1048576,3000,686.50
10000,1048576,4296,664.23
10000,10240,4517,103.29
10000,10240,6216,98.66
10000,102400,4494,113.61
100,104857600,64,33342.83
10000,102400,2556,296.58
10000,1048576,9700,862.34
10000,1048576,2603,1024.79
10000,10240,1855,110.05
10000,10240,6722,228.53
1000,10240,126,103.61
10000,1048576,8210,798.76
10000,1048576,6854,903.94
10000,1048576,7423,1053.46
10000,10240,2698,107.62
10000,1048576,9636,754.28
1000,1048576,158,589.12
10000,1048576,79,810.15
10000,102400,9544,121.90
10000,10240,8076,94.31
10000,10240,6846,102.73
10000,10240,4086,104.59
10000,1048576,3847,888.72
10000,1048576,9361,626.12
1000,102400,315,128.16
1000,1048576,384,767.00
10000,102400,1879,121.33
10000,1048576,8190,703.18
10000,102400,2144,131.57
10000,102400,555,119.25
10000,1048576,5480,941.64
10000,1048576,5379,738.12
1000,10240,104,116.81
10000,10240,1656,120.72
10000,10240,337,105.28
10000,102400,4327,117.80
10000,1048576,9903,849.01
1000,10240,817,107.51
10000,102400,1396,120.06
10000,102400,9889,117.37
100,1048576,53,801.27
10000,1048576,4533,694.78
10000,10240,1141,110.67
10000,102400,1486,115.33
10000,10240,9602,97.83
10000,1048576,9255,766.37
10000,1048576,829,713.27
10000,102400,1577,119.05
1000,102400,745,117.56
10000,102400,9780,115.97
10000,10240,2802,103.24
10000,102400,3477,113.68
10000,1048576,7711,837.33
10000,102400,8399,126.58
10000,10240,1535,97.73
10000,1048576,3205,811.25
10000,1048576,5478,796.12
10000,1048576,7091,766.53
10000,102400,2252,120.06
10000,1048576,6567,809.98
10000,1048576,2901,832.25
10000,1048576,6552,731.35
10000,102400,723,130.13
10000,10240,2032,100.45
1000,1048576,974,757.99
10000,10240,9448,106.63
1000,1048576,405,778.90
10000,10240,2484,107.00
10000,102400,3761,119.70
10000,102400,8492,116.43
10000,1048576,51,871.40
10000,102400,2666,129.64
10000,102400,4243,120.62
10000,10240,1802,92.88
10000,10240,6491,95.66
1000,10485760,313,4086.65
10000,1048576,2897,751.22
10000,10240,9007,106.23
10000,10240,1561,96.93
10000,102400,8167,118.53
10000,102400,2051,116.18
10000,102400,7070,111.68
10000,10240,6910,103.30
10000,10240,7178,105.35
10000,1048576,7127,806.97
1000,10240,205,109.51
10000,1048576,5455,963.89
1000,10240,62,113.28
1000,10240,952,210.66
10000,102400,2923,107.20
10000,1048576,6702,737.12
10000,102400,9402,129.93
10000,1048576,4087,700.09
1000,102400,504,126.62
10000,102400,9228,116.61
10000,1048576,6309,932.74
1000,10485760,95,4646.56
10000,10240,7579,116.22
10000,10240,9146,100.55
1000,1048576,410,747.09
10000,1048576,2027,722.81
10000,10240,7549,109.98
10000,102400,6277,118.69
10000,1048576,2590,859.63
10000,10240,7929,107.67
10000,10240,9021,193.38
1000,10240,554,89.74
10000,1048576,6292,670.99
10000,10240,6716,98.83
10000,10240,4503,90.98
10000,102400,4235,107.33
10000,102400,4611,127.09
10000,1048576,5846,714.49
10000,1048576,3503,609.30
10000,1048576,3701,685.39
10000,1048576,7928,636.57
10000,1048576,7240,635.50
10000,1048576,6508,571.58
10000,1048576,5761,668.84
10000,102400,6701,120.48
10000,10240,4952,95.40
10000,102400,3450,113.33
10000,102400,4816,120.01
10000,1048576,6446,851.21
10000,10240,2916,102.84
10000,1048576,5310,794.64
1000,102400,208,123.90
10000,102400,4843,116.81
10000,10240,6724,97.09
10000,102400,3387,114.74
1000,1048576,539,796.35
100,102400,73,120.15
100,102400,22,114.17
10000,1048576,7354,804.56
10000,1048576,6449,792.13
1000,10240,431,103.87
10000,1048576,2747,598.63
10000,1048576,475,587.26
10000,102400,2730,122.69
10000,10240,4852,94.06
10000,1048576,8722,821.00
100,104857600,6,33374.75
10000,10240,4633,466.40
10000,10240,4177,91.05
10000,102400,178,124.69
10000,1048576,9136,1054.38
10000,10240,4546,110.74
10000,1048576,4239,999.94
1000,10240,720,104.40
10000,102400,3156,112.81
10000,10240,4427,100.13
10000,1048576,2249,2298.39
10000,10240,4603,105.44
10000,102400,3483,118.69
10000,102400,7394,110.05
10000,1048576,3733,1026.26
10000,10240,7429,104.07
10000,10240,5674,91.47
10000,102400,5789,110.39
1000,1048576,810,816.13
10000,10240,6412,107.22
1000,1048576,398,897.80
10000,1048576,2789,642.00
1000,1048576,496,616.99
10000,10240,3548,110.21
10000,102400,5177,117.33
10000,10240,6230,104.59
10000,102400,500,113.88
1000,102400,198,113.90
10000,1048576,3183,876.89
10000,1048576,7629,633.10
10000,10240,9445,101.70
10000,10240,453,95.65
10000,1048576,8247,745.16
1000,10485760,422,3935.69
10000,10240,401,104.41
10000,10240,8083,93.32
10000,102400,3173,122.18
1000,10240,161,110.45
10000,10240,4936,99.37
10000,102400,5775,110.41
1000,102400,697,120.20
10000,10240,7689,99.68
10000,10240,3556,92.24
10000,10240,7237,98.16
10000,102400,9319,120.58
1000,10485760,423,4439.95
10000,1048576,8383,644.13
10000,102400,4852,127.13
10000,10240,3534,89.94
1000,102400,413,120.79
10000,10240,8826,107.33
100,10485760,4,41153.10
10000,10240,5900,395.44
10000,10240,9924,232.36
1000,10485760,929,3810.45
1000,10485760,761,4815.75
10000,10240,250,111.62
10000,10240,2733,263.02
10000,1048576,7998,1031.48
1000,10485760,581,4103.68
10000,10240,9641,109.73
10000,1048576,9999,867.38
10000,10240,3372,108.52
10000,10240,652,106.95
1000,1048576,715,942.94
10000,102400,6827,131.31
10000,1048576,7173,846.20
10000,102400,8651,134.99
10000,1048576,6469,778.32
10000,1048576,5504,763.34
10000,1048576,7259,856.98
10000,102400,7468,135.91
10000,102400,4971,116.51
10000,10240,6472,97.40
10000,102400,6175,109.56
1000,102400,450,115.00
10000,102400,9244,113.85
10000,10240,3754,98.03
10000,102400,5840,111.16
10000,10240,7070,110.56
10000,1048576,1479,829.07
10000,10240,4645,102.09
1000,10240,501,103.41
1000,10240,311,100.23
10000,1048576,3457,862.74
10000,10240,2569,110.84
10000,1048576,6615,647.95
10000,1048576,2076,606.36
10000,102400,1728,125.34
10000,1048576,2712,687.98
10000,102400,4527,132.33
10000,1048576,4409,782.07
10000,102400,5577,121.27
1000,10485760,891,3521.49
10000,102400,3815,125.78
1000,1048576,288,939.06
10000,102400,5017,127.57
10000,10240,2734,108.25
10000,1048576,3332,1064.25
10000,102400,2176,116.50
10000,102400,5,109.66
10000,102400,3265,106.61
10000,10240,8057,99.07
10000,1048576,590,754.82
10000,1048576,4413,705.50
10000,10240,4230,102.21
10000,1048576,1681,684.73
10000,102400,7535,125.38
10000,10240,6191,104.51
10000,10240,1993,113.69
1000,10240,289,106.56
10000,1048576,5334,845.77
10000,102400,5192,125.96
10000,102400,1357,119.17
10000,10240,4460,99.10
10000,1048576,2500,759.85
10000,102400,3230,129.47
10000,10240,8145,96.39
10000,10240,1003,97.92
10000,1048576,9910,727.15
10000,10240,7955,109.21
1000,102400,109,119.14
10000,1048576,2708,807.37
10000,1048576,3580,706.36
10000,10240,5899,103.08
10000,1048576,5422,882.24
10000,1048576,6996,756.45
1000,1048576,672,657.45
10000,10240,7731,100.40
1000,1048576,222,866.68
10000,1048576,5145,668.29
10000,102400,4100,115.16
10000,10240,1073,99.35
10000,1048576,8275,764.47
10000,102400,7762,123.41
10000,10240,7620,98.01
10000,1048576,7721,831.50
10000,102400,8444,122.20
10000,1048576,8826,852.88
10000,1048576,9939,787.04
1000,10240,934,118.28
10000,1048576,4707,893.50
10000,102400,8025,130.21
10000,10240,4200,101.02
10000,102400,8483,122.78
10000,10240,9548,97.77
10000,10240,5755,103.50
100,104857600,5,35884.35
10000,1048576,3881,2920.48
10000,1048576,2697,2422.32
10000,10240,7592,115.86
10000,102400,1830,280.53
10000,1048576,1397,1869.50
1000,1048576,460,5431.02
10000,102400,1127,131.85
1000,1048576,494,2533.91
10000,1048576,5659,797.56
10000,10240,8744,205.64
10000,1048576,6927,811.48
10000,102400,8614,125.68
10000,1048576,4990,741.24
10000,102400,8003,120.14
10000,1048576,4837,753.62
10000,102400,4929,123.41
10000,1048576,340,814.79
10000,1048576,1167,878.64
10000,1048576,4463,867.09
10000,1048576,5967,586.50
10000,10240,5001,109.57
10000,10240,1006,97.35
10000,10240,137,306.49
10000,10240,5758,89.76
10000,10240,6060,102.09
10000,10240,6537,99.64
10000,102400,9874,112.50
10000,102400,1183,115.41
10000,10240,1288,106.25
10000,102400,3061,117.79
10000,10240,16,101.47
10000,10240,637,97.80
10000,1048576,4203,788.51
10000,102400,4396,128.71
10000,102400,2432,102.16
10000,1048576,3019,805.72
10000,1048576,3034,590.85
1000,10240,412,103.55
10000,1048576,2923,770.92
10000,102400,1175,123.68
10000,10240,8058,100.63
100,1048576,7,876.28
10000,1048576,4670,669.31
10000,10240,1166,98.71
10000,102400,9857,104.64
1000,10240,996,103.27
10000,10240,7273,98.68
10000,1048576,4986,757.12
10000,1048576,2341,611.18
10000,10240,6352,103.72
10000,10240,4148,96.49
10000,1048576,4493,800.57
10000,10240,1297,103.55
10000,1048576,8362,708.14
10000,1048576,6140,907.60
10000,10240,7590,96.66
10000,102400,904,107.47
1000,1048576,94,694.29
10000,102400,1755,115.81
10000,102400,6556,111.09
10000,1048576,8938,899.50
10000,1048576,3461,651.28
10000,102400,9108,117.46
10000,102400,4747,107.19
10000,10240,3518,98.70
10000,1048576,407,744.15
10000,102400,6256,124.42
1000,102400,500,121.39
10000,1048576,4560,821.14
1000,10240,333,102.69
10000,102400,2402,119.51
10000,1048576,5827,794.26
10000,102400,3710,130.47
10000,102400,2774,106.48
10000,10240,2852,98.74
10000,10240,4034,97.07
10000,1048576,2370,787.58
10000,1048576,3053,577.66
10000,102400,2645,119.22
10000,102400,7176,114.49
10000,102400,7721,113.14
1000,10485760,579,3630.75
10000,1048576,2540,825.65
10000,1048576,6387,695.33
10000,1048576,7331,730.91
1000,10485760,340,3569.86
10000,102400,4869,128.41
10000,1048576,4466,862.73
1000,1048576,407,809.84
10000,1048576,2999,842.13
10000,10240,6735,108.63
10000,10240,86,96.98
10000,1048576,1400,828.29
10000,1048576,6416,860.06
10000,102400,975,115.92
10000,1048576,8205,836.82
10000,102400,5534,131.36
10000,1048576,8887,736.01
10000,10240,7846,110.51
10000,1048576,580,818.08
10000,102400,9719,127.98
10000,1048576,4619,930.47
10000,102400,117,126.75
10000,102400,5228,122.90
10000,10240,6362,105.07
10000,1048576,4947,839.13
1000,10240,628,111.42
10000,1048576,2141,746.83
10000,10240,9218,109.53
10000,10240,7676,103.39
10000,1048576,615,778.41
10000,1048576,5067,825.89
10000,102400,3192,123.39
10000,1048576,6521,654.45
10000,10240,4923,99.41
10000,1048576,4069,672.71
10000,10240,508,99.97
10000,102400,4707,115.51
10000,102400,5448,117.91
10000,1048576,713,766.65
1000,1048576,465,678.53
1000,102400,999,114.39
10000,10240,1609,98.94
1000,1048576,167,958.12
10000,1048576,4125,599.15
1000,102400,915,119.44
10000,102400,4922,112.00
10000,1048576,4448,2521.89
10000,1048576,4002,5341.34
10000,1048576,9657,6985.56
10000,10240,9556,158.49
1000,102400,527,124.48
10000,102400,5105,347.30
10000,1048576,8954,1959.34
100,104857600,89,34253.43
10000,1048576,9454,3611.99
10000,10240,3028,264.86
10000,10240,3422,219.43
10000,102400,6193,118.44
1000,10240,961,94.35
10000,102400,8894,121.05
1000,102400,762,113.90
10000,1048576,6109,3999.79
10000,10240,3777,129.41
10000,1048576,7269,3231.23
10000,10240,5946,113.17
10000,10240,4652,107.11
10000,1048576,6528,2186.99
1000,10240,547,103.87
10000,10240,1280,361.27
10000,1048576,1748,3785.85
1000,10485760,321,4200.29
10000,1048576,477,1059.36
10000,10240,5414,251.47
10000,10240,4801,92.99
1000,10240,544,92.39
10000,1048576,7440,1071.37
10000,1048576,7677,904.74
10000,10240,2483,107.17
10000,10240,5383,256.24
10000,10240,2528,103.45
10000,102400,1556,116.05
10000,1048576,7570,1027.50
10000,1048576,2077,955.93
10000,102400,391,122.63
10000,1048576,7975,849.16
10000,102400,4738,126.68
10000,10240,7526,100.23
10000,102400,3470,113.53
10000,102400,669,112.89
1000,1048576,849,730.02
10000,10240,5586,110.86
10000,102400,3353,125.96
10000,1048576,8453,732.28
1000,10240,634,113.00
10000,10240,1791,102.59
10000,1048576,361,832.37
10000,1048576,4968,880.89
1000,1048576,522,744.59
10000,1048576,7680,760.89
1000,1048576,369,838.00
10000,10240,1605,112.52
10000,10240,2626,104.31
1000,10485760,92,4898.34
10000,102400,9181,128.73
10000,102400,1494,121.45
10000,1048576,3452,777.19
1000,10485760,333,3781.99
10000,102400,8441,123.20
10000,1048576,6922,811.67
10000,10240,4718,310.54
10000,10240,9334,86.32
10000,102400,3864,109.72
10000,10240,518,91.06
10000,10240,6835,98.55
1000,1048576,3,916.46
10000,1048576,3211,593.86
10000,1048576,5019,552.88
10000,102400,8901,123.13
10000,102400,8638,110.75
10000,10240,1256,93.43
10000,10240,5453,96.19
10000,10240,7940,94.08
10000,102400,6844,109.70
10000,10240,2198,98.55
10000,10240,1065,103.54
10000,102400,7456,116.20
10000,10240,1480,97.05
10000,102400,4210,120.20
10000,1048576,5306,971.36
10000,102400,9740,121.38
10000,102400,7294,115.88
10000,10240,6217,155.12
10000,102400,3506,113.65
10000,1048576,1857,861.85
10000,10240,1068,105.40
10000,10240,2422,104.91
10000,10240,3339,93.24
10000,1048576,2048,883.42
10000,1048576,4106,567.59
10000,10240,6032,99.06
1000,10485760,631,4220.86
10000,1048576,2515,741.47
10000,102400,7222,122.01
10000,102400,5180,109.67
10000,10240,3159,96.69
1000,1048576,379,730.10
10000,102400,6905,124.93
10000,102400,3697,107.01
10000,102400,286,113.11
10000,1048576,8054,756.24
10000,10240,641,108.03
10000,102400,7087,114.85
1000,10485760,296,12526.33
10000,102400,1125,402.42
10000,10240,6675,214.42
10000,10240,8022,92.72
10000,102400,4207,108.13
10000,10240,4768,102.28
10000,1048576,3404,2511.21
10000,102400,1848,125.27
10000,10240,1394,213.74
10000,10240,8451,205.82
10000,10240,8791,196.16
10000,10240,8768,95.95
10000,10240,6224,96.52
10000,102400,7058,119.74
10000,10240,9107,104.46
1000,1048576,245,4840.29
1000,1048576,752,2867.92
10000,1048576,7190,771.88
10000,10240,1100,108.08
10000,102400,8866,112.04
10000,1048576,7638,886.02
10000,1048576,856,3314.24
1000,10240,349,103.59
10000,1048576,4048,3650.98
10000,10240,9782,121.20
10000,1048576,1046,3292.87
10000,10240,8880,115.32
10000,10240,9684,110.33
10000,1048576,4039,2998.67
10000,1048576,6633,3284.05
10000,10240,3364,110.49
10000,102400,8135,119.83
10000,10240,3775,97.88
10000,10240,4560,103.41
10000,102400,4428,250.43
10000,102400,7861,120.01
10000,102400,4053,114.23
10000,102400,8328,114.63
100,104857600,54,35935.09
10000,1048576,6496,4549.22
10000,102400,9583,170.70
10000,102400,7151,231.59
1000,1048576,155,854.57
10000,1048576,8934,17193.75
10000,102400,7025,386.03
10000,10240,5688,219.11
10000,10240,1472,101.79
10000,10240,4442,94.39
10000,102400,489,229.09
1000,102400,497,119.08
1000,1048576,962,3598.87
10000,1048576,9213,1508.29
10000,1048576,9405,1509.22
10000,10240,9570,332.60
10000,10240,1704,93.89
10000,1048576,9684,2318.13
10000,1048576,6029,2481.55
10000,10240,5073,107.70
10000,1048576,2103,944.14
10000,10240,650,102.14
10000,10240,9952,100.82
10000,1048576,4996,741.07
10000,10240,9499,112.56
10000,102400,8028,119.34
10000,102400,1692,117.07
10000,10240,4919,105.26
1000,10240,584,113.97
10000,102400,3347,116.55
10000,10240,3172,103.34
10000,10240,7826,99.47
10000,10240,977,97.56
10000,10240,8309,102.65
10000,102400,857,115.21
10000,1048576,3020,815.39
10,10485760,6,4476.14
10000,1048576,8268,1684.85
10000,10240,2375,110.22
10000,102400,3575,118.16
10000,102400,4642,119.42
10000,1048576,3877,1983.83
10000,10240,3177,109.32
1000,10240,853,102.00
1000,1048576,830,3173.65
10000,1048576,4328,2396.26
10000,102400,4567,233.69
10000,102400,7620,119.80
10000,10240,4236,229.49
10000,102400,3331,118.04
10000,102400,4532,120.09
1000,102400,438,124.42
10000,10240,6533,105.71
10000,1048576,7880,2167.24
10000,1048576,4036,1019.20
10000,1048576,9642,1499.59
1000,102400,789,139.53
100,10485760,91,5342.01
10000,102400,629,125.48
10000,1048576,4544,2490.63
10000,10240,878,217.06
10000,1048576,9725,4264.23
10000,1048576,6491,2473.01
10000,10240,4187,198.50
10000,10240,5354,99.18
10000,10240,630,201.58
10000,102400,9001,110.62
1000,10240,988,213.75
10000,1048576,2840,3538.80
10000,1048576,5768,3550.20
10000,1048576,4883,2596.43
10000,1048576,145,1233.28
10000,10240,4334,109.76
10000,10240,1109,95.68
10000,102400,8636,137.71
10000,1048576,1426,992.50
10000,10240,7352,105.59
10000,102400,5578,117.25
10000,10240,7850,104.73
1000,1048576,513,1116.89
10000,1048576,8137,717.94
1000,10240,95,108.76
10000,10240,7154,111.49
1000,10485760,251,4116.30
10000,10240,7831,111.00
10000,1048576,6985,4649.63
10000,10240,4417,129.02
10000,1048576,3076,5082.52
10000,10240,4413,102.93
10000,1048576,592,4789.71
10000,10240,7634,104.89
10000,10240,6742,96.16
10000,1048576,2281,3178.82
1000,1048576,570,1120.06
1000,102400,66,141.95
10000,1048576,2736,875.99
10000,1048576,7788,853.26
10000,10240,2982,214.90
10000,1048576,1649,866.31
10000,10240,4761,108.19
10000,10240,2708,100.78
10000,102400,4891,122.69
10000,1048576,7647,2282.76
10000,1048576,2490,2765.79
10000,102400,9526,123.82
1000,10240,694,93.95
10000,10240,5726,100.21
10000,102400,3128,109.70
10000,10240,468,103.75
10000,1048576,1974,2458.14
10000,102400,5920,121.48
10000,1048576,8502,6480.21
10000,102400,7693,123.36
10000,102400,3028,116.69
10000,102400,6209,114.78
10000,10240,3854,129.72
10000,102400,5382,115.44
10000,1048576,8171,3071.96
1000,10485760,53,17121.83
10000,10240,6367,224.12
10000,10240,1460,89.03
10000,1048576,6137,3080.38
10000,10240,1213,125.08
10000,10240,5394,94.94
10000,10240,4208,113.04
10000,10240,3452,98.12
1000,1048576,227,2968.84
10000,10240,1846,221.82
10000,102400,6061,113.19
10000,102400,1294,112.58
10000,1048576,9795,5902.13
10000,10240,4202,101.28
10000,10240,1198,92.54
10000,10240,259,97.09
1000,1048576,620,3435.25
10000,102400,5399,122.55
10000,102400,402,111.37
10000,10240,6765,92.82
10000,1048576,9275,2644.99
10000,10240,6186,104.76
10000,10240,2704,218.45
10000,102400,6507,116.37
10000,102400,1683,106.22
10000,1048576,6766,1998.96
10000,1048576,1868,2441.62
10000,1048576,8870,798.23
10000,10240,9841,100.76
10000,102400,7008,119.89
10000,102400,3521,122.05
10000,102400,8576,112.37
10000,1048576,1742,1236.36
10000,1048576,8645,1691.11
10000,1048576,3401,3733.86
1000,10485760,572,5827.02
10000,10240,2507,256.98
100,104857600,95,34130.01
10000,10240,7964,482.92
1000,102400,287,412.13
10000,102400,8566,160.79
10000,1048576,3798,3748.99
10000,1048576,385,6580.82
10000,10240,6388,210.13
10000,10240,5243,99.44
1000,1048576,730,12445.03
10000,10240,6470,222.11
1000,102400,665,254.55
10000,102400,5080,110.17
10000,10240,532,116.92
10000,102400,2524,108.17
10000,10240,3088,104.56
10000,10240,5378,102.34
10000,1048576,1821,11734.25
10000,1048576,5322,8579.28
10000,1048576,2015,9683.90
10000,1048576,2610,5281.69
10000,102400,8056,234.88
10000,10240,9600,205.21
10000,1048576,321,5478.21
10000,102400,6828,235.33
10000,10240,2739,204.88
10000,102400,5116,116.89
1000,1048576,988,3532.69
10000,102400,4117,123.06
10000,10240,6938,97.13
10000,102400,6444,106.84
10000,102400,2356,113.70
1000,1048576,395,8208.71
1000,10485760,847,25963.66
10000,1048576,2270,3483.31
10000,1048576,2710,1775.87
10000,10240,1998,215.34
1000,102400,163,122.90
10000,1048576,74,1952.44
1000,10240,264,105.72
1000,102400,48,121.08
1000,102400,639,113.37
10000,102400,4978,111.01
10000,102400,8983,249.08
1000,102400,876,121.65
10000,102400,1560,121.03
100,102400,74,113.53
10000,102400,7333,121.82
1000,102400,362,120.02
10000,10240,3501,102.53
10000,102400,5323,118.79
10000,102400,4551,117.62
1000,1048576,23,2132.76
10000,102400,6763,129.18
1000,102400,579,110.70
10000,102400,4759,113.26
10000,102400,6895,114.03
10000,102400,3095,111.91
10000,102400,2193,114.22
1000,102400,88,117.73
10000,102400,7096,117.73
10000,10240,5967,97.90
10000,10240,8840,99.14
1000,10485760,363,20419.45
10000,1048576,4727,4957.85
10000,102400,6892,128.75
10000,10240,1289,106.39
10000,102400,1337,234.11
10000,102400,2543,116.14
10000,102400,9239,126.11
10000,102400,3360,216.31
10000,10240,537,111.38
1000,10240,984,102.05
10000,102400,6727,114.83
10000,102400,7752,117.14
10000,10240,1028,109.14
10000,10240,4704,109.75
10000,1048576,3447,2112.12
10000,1048576,7731,2070.74
10000,10240,6528,104.54
10000,102400,4375,113.74
10000,10240,238,95.90
10000,10240,8597,101.10
10000,1048576,2070,2337.74
1000,102400,327,129.45
10000,10240,1650,95.68
10000,1048576,4605,9535.66
10000,102400,6504,125.77
10000,102400,2814,116.47
10000,10240,3588,108.23
10000,10240,6167,103.25
1000,10485760,348,6963.39
10000,102400,7793,129.93
10000,1048576,506,2485.79
10000,1048576,8494,4266.00
10000,1048576,7323,4359.31
10000,10240,6256,104.78
10000,102400,3490,117.02
10000,102400,6709,109.51
10000,1048576,5248,3518.87
1000,102400,773,120.77
10000,10240,2490,91.54
10000,10240,232,104.34
10000,102400,636,105.44
10000,10240,4660,96.95
10000,102400,6233,117.03
10000,1048576,1364,3448.19
10000,1048576,2450,4208.41
10000,10240,3507,101.53
10000,102400,3494,112.48
10000,102400,9869,114.84
10000,1048576,941,6516.75
10000,10240,3752,101.75
10000,10240,9889,93.24
1000,1048576,765,5868.55
1000,10240,364,104.02
10000,102400,8731,254.75
10000,102400,8215,122.04
10000,10240,703,101.27
10000,1048576,3176,13292.39
10000,10240,5865,335.42
10000,10240,3460,131.22
10000,1048576,1336,5871.68
10000,10240,5288,102.12
10000,10240,5816,299.21
10000,10240,2513,92.85
10000,10240,1648,93.16
10000,1048576,4107,4480.79
10000,102400,9533,116.41
10000,102400,6464,110.22
10000,1048576,8903,6425.91
1000,10240,272,214.38
10000,102400,3346,128.23
10000,102400,4413,105.30
10000,1048576,7517,4345.66
10000,10240,6097,212.78
10000,102400,8883,120.50
10000,10240,8485,102.23
10000,10240,4275,94.94
10000,1048576,6532,2831.36
10000,102400,6411,128.17
10000,102400,4501,105.42
10000,1048576,1793,7793.52
10000,102400,6790,220.59
10000,10240,8093,94.82
10000,10240,9046,90.31
10000,102400,7104,216.22
10000,102400,2175,251.12
10000,10240,9465,95.51
10000,10240,2266,98.08
10000,1048576,8106,3165.36
10000,102400,3005,128.24
10000,1048576,7041,3752.55
10000,102400,2750,119.57
10000,1048576,4101,8848.81
1000,10240,759,104.95
10000,102400,2220,106.89
1000,1048576,149,14547.71
10000,102400,3788,214.36
1000,10485760,733,11978.38
1000,102400,97,125.05
10000,10240,4466,210.69
10000,102400,8467,235.58
10000,102400,9355,231.04
10000,10240,5773,93.00
10000,10240,9222,230.65
1000,1048576,921,1913.73
1000,10485760,521,8036.39
10000,1048576,1144,2364.00
10000,102400,3126,242.76
10000,10240,2457,200.45
100,104857600,11,135947.41
10000,10240,174,473.04
10000,10240,2452,98.05
10000,10240,3114,232.67
10000,1048576,9638,6186.87
10000,102400,3256,345.35
10000,102400,6327,135.24
10000,102400,6344,116.85
10000,1048576,4297,5016.81
10000,10240,1914,218.34
10000,1048576,7036,14450.38
10000,1048576,9410,4786.61
10000,102400,1219,227.14
10000,10240,373,358.28
10000,10240,3285,95.88
1000,10240,713,91.99
10000,102400,5104,121.83
10000,102400,4306,115.92
10000,1048576,1456,6812.53
10000,1048576,579,5326.92
10000,1048576,9069,4477.31
10000,1048576,2915,2522.15
10000,1048576,2668,3963.05
10000,102400,3356,122.15
10000,10240,8506,104.26
10000,102400,914,116.48
10000,102400,2289,247.87
10000,1048576,4516,7326.42
10000,102400,5442,223.23
10000,10240,5320,95.64
10000,1048576,5978,1844.54
10000,1048576,4064,4346.64
10000,102400,7530,226.29
10000,102400,9195,117.87
10000,102400,8262,111.36
10000,1048576,7022,7003.05
1000,102400,703,119.19
10000,10240,2252,227.25
10000,1048576,9096,6275.61
10000,102400,8032,119.36
10000,102400,5754,216.75
1000,10485760,447,16376.37
10000,102400,8733,267.26
10000,10240,5835,230.29
10000,10240,7832,210.76
10000,10240,7617,221.57
10000,1048576,9036,2529.52
10000,102400,511,131.22
10000,1048576,6550,2007.04
10000,1048576,7832,3449.81
10000,102400,436,115.76
10000,1048576,9720,2040.12
10000,102400,6983,126.92
10000,10240,9739,103.11
1000,1048576,996,5772.05
1000,1048576,790,7703.06
10000,1048576,4971,1179.60
10000,1048576,4437,1068.84
10000,102400,8398,126.99
10000,102400,6654,130.98
10000,102400,7111,226.55
10000,10240,4418,121.67
10000,10240,4862,105.14
100,102400,2,122.93
10000,10240,6277,103.19
10000,10240,4602,104.21
10000,1048576,5623,1403.62
10000,1048576,8567,4204.69
10000,10240,46,107.67
10000,10240,77,94.79
10000,1048576,9259,5095.74
10000,10240,8983,109.41
1000,1048576,41,1707.92
10000,1048576,8547,1777.20
1000,10240,332,98.30
10000,102400,4140,121.80
10000,1048576,9498,4035.93
10000,1048576,7561,2527.38
1000,102400,589,122.36
10000,102400,5205,126.06
10000,1048576,3840,5013.42
10000,10240,7663,103.77
10000,1048576,1266,3921.07
10000,102400,2291,126.21
10000,102400,4390,115.60
10000,1048576,4796,7089.71
10000,1048576,8942,3569.78
10000,102400,774,126.57
10000,1048576,3321,4564.16
10000,10240,8166,110.02
10000,10240,2126,95.78
10000,10240,4194,206.46
10000,102400,9176,110.97
10000,1048576,3618,9566.42
10000,1048576,6101,3453.33
1000,102400,807,116.56
10000,102400,3685,326.06
100,102400,62,899.60
10000,10240,1222,93.48
10000,10240,2857,100.86
10000,10240,4273,100.21
10000,10240,5908,102.36
10000,10240,2385,100.68
10000,1048576,5345,1511.41
10000,1048576,2053,1129.03
10000,102400,9349,124.51
10000,1048576,9250,978.51
10000,102400,2758,132.69
10000,1048576,9445,1474.59
10000,1048576,3368,841.26
100,104857600,75,34460.71
10000,1048576,8866,1930.31
10000,10240,4231,227.03
10000,102400,5566,117.71
10000,10240,4661,96.11
10000,10240,6885,98.57
10000,102400,1965,123.66
10000,1048576,7504,2944.83
100,102400,41,119.86
10000,1048576,4676,2397.22
10000,102400,8455,122.51
1000,102400,18,110.82
1000,1048576,779,2403.05
10000,102400,2110,123.89
10000,1048576,7145,2250.50
10000,1048576,7590,3806.56
10000,1048576,5128,7410.78
10000,1048576,937,4421.88
1000,102400,305,149.12
10000,102400,9119,345.95
10000,102400,1329,227.03
10000,10240,4950,99.68
10000,10240,9210,103.50
10000,1048576,7624,6591.14
10000,10240,2823,105.30
10000,102400,1912,123.61
10000,102400,7080,110.96
100,104857600,96,107853.62
10000,102400,7761,273.56
100,10485760,44,12815.09
10000,1048576,6763,2481.03
10000,10240,9293,117.96
10000,102400,7210,130.43
10000,10240,7020,104.01
10000,1048576,6015,2395.21
10000,10240,3787,115.13
10000,102400,6446,122.90
10000,102400,952,118.83
10000,102400,4998,121.91
10000,102400,6631,135.88
1000,10240,497,104.03
10000,10240,848,103.90
10000,10240,7927,103.26
10000,1048576,6342,2692.20
10000,1048576,5369,11598.71
10000,102400,8151,246.26
10000,1048576,2976,1972.46
10000,102400,7184,134.33
10000,102400,8381,135.06
10000,10240,9486,104.92
10000,102400,7076,123.35
10000,10240,6492,110.20
10000,10240,5944,100.91
10000,1048576,1035,1407.61
10000,102400,5680,118.11
10000,1048576,7810,1220.01
10000,102400,345,140.08
10000,102400,5331,129.17
10000,1048576,2571,2386.58
10000,102400,2639,122.58
10000,102400,5900,112.98
10000,102400,8925,105.02
10000,1048576,4795,2150.64
10000,1048576,2466,1651.50
10000,102400,3221,129.19
10000,1048576,5706,2151.52
10000,10240,4641,103.20
10000,10240,3041,95.11
10000,102400,3487,113.06
10000,102400,1914,118.60
10000,102400,6230,116.97
10000,102400,6428,122.98
10000,1048576,5221,2216.20
10000,1048576,441,1864.28
1000,10240,814,108.33
10000,10240,4547,106.31
10000,1048576,8264,3128.49
10000,10240,6198,100.07
10000,10240,6422,102.40
10000,1048576,4412,5563.36
10000,1048576,9927,5723.07
10000,1048576,9585,11102.53
10000,1048576,4956,5258.88
10000,10240,5047,304.01
10000,102400,1465,240.42
10000,1048576,5938,5940.21
10000,1048576,4507,2912.65
10000,102400,8752,126.01
10000,102400,4068,107.21
10000,102400,5517,240.56
10000,1048576,5859,5704.23
10000,10240,5616,108.69
10000,102400,7200,121.59
10000,1048576,7428,7835.81
10000,10240,5630,111.04
10000,102400,2057,316.00
10000,10240,2439,219.62
10000,1048576,536,8967.89
10000,10240,9115,102.70
10000,10240,7339,237.46
10000,10240,5468,92.75
10000,10240,3846,101.82
10000,1048576,7558,9142.24
10000,102400,2600,117.10
10000,10240,3481,208.43
10000,102400,4440,118.66
10000,1048576,965,2265.70
1000,1048576,997,2890.14
10000,10240,4213,116.89
10000,1048576,4253,5755.45
10000,102400,8255,135.17
10000,1048576,387,1719.84
10000,1048576,1928,1419.18
10000,10240,6170,103.71
10000,1048576,6039,1720.13
10000,102400,3628,115.19
10000,1048576,6042,1201.05
10000,1048576,2130,5307.84
10000,102400,5939,117.84
10000,102400,2270,111.72
10000,10240,3586,95.92
10000,1048576,5428,2303.39
10000,1048576,1133,2225.11
10000,1048576,9687,2105.37
10000,10240,3362,107.83
10000,102400,9320,116.20
1000,10485760,276,16419.73
10000,102400,7802,141.64
10000,102400,7734,109.28
1000,1048576,519,2669.50
10000,102400,7778,214.80
1000,10485760,87,22016.80
10000,10240,3863,246.59
10000,10240,2196,96.83
1000,10485760,659,6922.73
10000,10240,5308,211.92
10000,10240,7997,101.42
10000,102400,2013,412.70
100,1048576,36,1054.10
10000,102400,231,116.87
10000,1048576,8145,833.10
10000,102400,283,116.28
10000,10240,3949,99.82
1000,10240,265,105.34
10000,102400,314,116.58
10000,10240,154,106.61
10000,10240,5335,110.15
1000,10485760,292,18042.67
10000,1048576,6891,1707.55
10000,10240,700,125.46
10000,102400,5374,122.29
1000,102400,234,106.12
10000,10240,4867,220.47
10000,102400,9038,116.27
10000,102400,3608,116.61
10000,102400,2782,119.64
10000,10240,751,317.51
10000,102400,4704,118.35
10000,1048576,9352,2360.09
10000,102400,4135,126.66
1000,102400,813,122.75
10000,10240,4972,105.49
10000,1048576,6798,1731.94
1000,1048576,880,1251.94
100,10485760,90,9748.76
10000,10240,3625,115.00
10000,102400,4572,256.12
10000,1048576,9331,2540.92
10000,1048576,1948,2238.00
10000,10240,2116,112.21
10000,1048576,4054,1200.76
10000,1048576,5271,803.87
10000,102400,6474,121.88
10000,102400,2315,117.70
10000,1048576,5602,769.04
10000,102400,9843,128.18
10000,10240,1000,103.89
10000,1048576,8085,732.31
10000,102400,4411,131.01
10000,102400,8685,115.89
1000,10240,373,97.87
1000,1048576,690,741.88
10000,102400,8228,145.06
10000,10240,9505,100.93
10000,10240,1192,105.56
10000,102400,9748,116.49
100,104857600,83,34210.11
10000,10240,1466,365.55
10000,1048576,2037,7919.46
10000,1048576,8295,2833.74
10000,10240,8159,116.48
10000,1048576,922,2566.08
10000,10240,5471,109.63
10000,102400,1049,249.96
1000,102400,313,224.04
10000,1048576,5039,6720.84
10000,1048576,9626,1989.30
10000,102400,9060,134.83
10000,1048576,3082,730.87
10000,10240,1345,113.07
10000,10240,6791,113.05
10000,102400,8175,232.28
10000,102400,5106,112.55
10000,102400,6024,333.19
10000,102400,5629,120.63
10000,1048576,2248,825.36
1000,10485760,335,4769.20
10000,1048576,3610,1636.04
10000,1048576,2129,1602.47
10000,1048576,6910,2413.43
10000,102400,8348,125.12
10000,1048576,7139,1636.81
10000,1048576,4486,676.53
100,104857600,86,44277.41
10000,102400,6203,371.47
10000,1048576,1544,1088.30
10000,1048576,614,734.11
10000,10240,2593,111.20
10000,1048576,6772,792.56
10000,10240,5925,107.65
10000,10240,6759,99.28
10000,10240,6855,115.12
10000,102400,4899,120.29
10000,102400,2521,118.13
10000,10240,8677,126.79
1000,1048576,131,926.64
10000,10240,7141,110.68
10000,10240,8115,98.31
10000,102400,244,119.28
10000,10240,5323,104.48
10000,10240,2429,105.38
10000,10240,4996,106.37
10000,1048576,4907,798.30
1000,10240,894,126.39
10000,102400,4057,135.87
10000,1048576,6987,736.27
10000,102400,6822,128.56
1000,10485760,822,3750.61
10000,102400,7214,138.08
10000,102400,365,129.54
1000,10240,741,116.88
10000,102400,5200,268.20
10000,1048576,7374,830.86
10000,10240,4496,110.73
10000,1048576,3640,859.02
10000,1048576,920,642.51
10000,10240,5106,109.59
1000,1048576,965,561.04
10000,1048576,8120,781.23
1000,1048576,825,688.53
10000,10240,1640,102.12
10000,102400,4526,111.60
10000,1048576,5525,712.99
10000,102400,2173,126.20
10000,102400,5302,107.97
1000,102400,257,112.09
10000,10240,4888,98.52
10000,1048576,9232,741.34
10000,10240,14,114.06
10000,102400,2018,124.94
1000,102400,947,119.69
10000,1048576,3962,1361.47
10000,1048576,4479,630.04
10000,1048576,824,713.24
10000,102400,6692,127.28
10000,10240,2062,100.93
10000,102400,8922,114.81
10000,102400,6677,117.70
10000,10240,1699,101.12
10000,1048576,5107,688.77
100,10485760,55,4462.67
10000,102400,1110,127.77
10000,1048576,6296,763.47
10000,1048576,289,795.09
10000,1048576,8963,550.33
10000,10240,7149,101.67
10000,10240,4206,105.95
1000,10240,284,101.39
10000,102400,3823,125.53
10000,1048576,3490,772.13
10000,10240,1736,106.75
10000,1048576,9948,817.59
10000,102400,9340,129.44
10000,10240,1481,99.84
10000,1048576,4682,749.91
10000,102400,1784,135.32
1000,1048576,99,710.41
10000,10240,2610,127.49
10000,102400,63,119.41
10000,10240,9416,101.42
10000,1048576,9006,817.58
1000,1048576,85,874.11
10000,10240,8299,114.51
10000,102400,3879,120.14
10000,102400,3946,114.89
10000,10240,3916,100.22
1000,1048576,148,685.06
1000,10485760,471,3377.69
10000,1048576,5792,826.28
10000,102400,9034,133.08
10000,10240,2387,103.02
1000,1048576,353,2259.05
10000,102400,5800,127.47
10000,1048576,2607,3497.81
10000,10240,4664,101.19
10000,102400,234,112.19
10000,10240,4716,95.48
1000,10240,541,116.70
10000,10240,4499,102.42
10000,10240,4563,105.52
10000,10240,7793,98.84
10000,10240,6705,103.80
10000,1048576,31,988.54
10000,1048576,3528,848.11
10000,1048576,3673,829.92
10000,10240,6083,112.61
1000,10485760,33,6588.56
10000,1048576,3927,1778.59
10000,10240,3835,217.26
10000,10240,7085,108.92
10000,10240,2148,111.68
10000,102400,5124,231.50
10000,102400,326,117.54
10000,102400,3705,119.77
10000,102400,2617,119.52
10000,102400,9106,125.51
10000,1048576,205,1220.46
10000,102400,3332,118.28
10000,1048576,5822,697.38
10000,102400,1693,120.60
10000,102400,6975,122.42
10000,102400,8346,120.64
10000,102400,6750,124.67
10000,1048576,6820,770.25
10000,1048576,6796,733.80
10000,102400,8877,124.85
10000,102400,8448,118.06
10000,10240,4492,108.76
10000,1048576,3658,796.37
10000,1048576,7474,795.70
10000,102400,8562,133.49
10000,10240,236,102.75
10000,1048576,1483,712.97
1000,102400,823,128.70
10000,10240,9596,107.22
10000,1048576,188,710.92
10000,10240,8149,111.50
10000,102400,177,121.85
10000,10240,8668,108.01
10000,102400,9202,124.78
10000,10240,6479,97.85
10000,102400,7686,128.32
10000,10240,1113,103.79
10000,102400,519,121.05
10000,10240,4318,107.69
10000,10240,4903,102.52
10000,10240,3239,101.29
10000,1048576,7234,813.92
10000,1048576,4628,730.75
10000,102400,2129,129.70
1000,1048576,335,519.41
10000,10240,1718,110.62
10000,102400,4148,118.23
10000,1048576,1532,714.95
10000,102400,7836,127.89
10000,10240,6319,105.45
10000,102400,738,123.79
10000,10240,909,100.51
10000,1048576,4095,797.20
10000,10240,5451,103.07
10000,10240,2703,108.75
1000,10240,3,106.53
10000,102400,7045,128.84
10000,10240,2922,103.05
10000,102400,1590,109.72
10000,10240,5639,103.95
10000,102400,7649,118.43
10000,1048576,1970,833.42
10000,102400,989,121.51
10000,10240,3441,101.12
1000,1048576,804,730.28
10000,102400,2662,131.46
10000,10240,8842,101.62
10000,1048576,3581,676.98
10000,1048576,977,782.89
10000,1048576,6803,792.52
10000,10240,379,120.62
10000,10240,4077,101.81
10000,1048576,6730,665.85
10000,1048576,8774,1010.72
10000,10240,3200,106.78
10000,1048576,1413,1245.49
10000,102400,5364,130.60
10000,1048576,1706,2263.71
10000,102400,3742,128.24
10000,1048576,1350,717.90
10000,1048576,1080,712.81
10000,102400,8670,120.75
10000,102400,4417,107.82
10000,1048576,3822,795.98
10000,10240,1898,107.86
10000,1048576,1105,786.08
10000,102400,2982,129.54
10000,10240,305,102.82
10000,10240,1977,102.89
10000,1048576,104,895.78
10000,10240,8792,116.53
1000,10240,478,101.59
10000,10240,8509,99.31
10000,102400,6590,122.86
10000,102400,6212,111.06
10000,102400,6512,116.65
1000,102400,122,120.30
10000,10240,9735,111.23
10000,10240,245,103.31
10000,102400,2084,115.27
10000,1048576,8635,871.35
10000,102400,6490,127.67
10000,10240,8059,98.53
10000,10240,8225,108.24
10000,1048576,3768,824.36
10000,10240,3626,105.32
10000,1048576,2900,609.18
1000,10485760,874,3352.33
1000,10240,841,106.30
10000,102400,1909,123.89
10000,1048576,5506,777.67
10000,1048576,1896,663.54
10000,10240,23,102.72
10000,102400,5584,114.19
10000,10240,9625,103.57
1000,1048576,659,783.92
10000,1048576,6450,534.34
10000,102400,328,118.96
10000,102400,4949,110.98
10000,1048576,7966,821.06
10000,10240,1264,109.01
10000,10240,937,98.00
10000,1048576,6049,1367.48
10000,102400,6683,132.67
100,104857600,51,36043.73
10000,102400,8482,287.40
10000,102400,1421,227.27
10000,1048576,8507,770.01
1000,102400,111,236.94
10000,10240,9708,221.80
10000,10240,844,94.21
10000,1048576,5528,810.82
10000,1048576,8498,2591.05
10000,10240,9324,114.56
10000,102400,1132,116.88
10000,10240,4048,94.28
10000,1048576,9001,722.94
10000,102400,1328,142.60
10000,102400,1230,115.30
10000,102400,1318,126.34
10000,102400,5904,118.34
10000,1048576,9894,827.91
10000,102400,2713,125.29
10000,102400,7258,111.82
10000,102400,8046,121.19
10000,10240,4568,99.98
10000,102400,1397,117.09
10000,1048576,4504,3824.10
10000,1048576,8154,5279.61
10000,1048576,4759,1353.88
10000,1048576,9852,1298.06
1000,102400,597,132.53
10000,102400,7780,135.25
1000,1048576,365,825.38
10000,1048576,4384,5203.42
10000,10240,7612,111.90
1000,1048576,706,3163.60
10000,10240,7063,104.45
10000,10240,4017,115.89
10000,1048576,1617,4513.65
10000,10240,3138,98.19
10000,10240,5740,92.88
10000,102400,3695,380.89
10000,1048576,3465,6497.39
10000,102400,5045,136.92
10000,10240,6701,198.54
10000,10240,565,101.86
10000,10240,8710,98.50
10000,1048576,8905,6128.33
10000,102400,6089,125.00
10000,10240,7941,96.02
10000,10240,4287,101.68
10000,10240,377,105.70
10000,102400,4259,117.00
10000,102400,1610,113.75
10000,102400,7253,118.10
10000,1048576,7879,31606.23
10000,102400,6640,423.07
1000,10240,928,112.41
10000,10240,765,111.24
10000,1048576,5676,4227.63
10000,10240,1136,252.65
10000,102400,3133,115.70
1000,102400,951,115.00
10000,1048576,4747,760.05
1000,10485760,28,23606.54
10000,1048576,9839,697.54
10000,10240,5448,235.44
10000,10240,821,107.04
10000,102400,5747,123.12
10000,102400,6543,117.92
10000,10240,2082,106.86
10000,1048576,1391,850.32
10000,1048576,4478,844.19
10000,10240,8924,110.67
10000,10240,5021,103.02
10000,102400,5023,114.54
10000,10240,3826,113.45
10000,102400,3435,118.62
10000,102400,2697,116.19
10000,10240,7705,101.38
10000,10240,1349,97.70
10000,10240,257,99.24
10000,102400,8393,117.77
10000,1048576,5721,737.03
10000,1048576,7909,740.84
10000,1048576,6414,1957.80
10000,102400,8626,129.14
10000,10240,8794,101.55
10000,102400,311,118.78
1000,102400,38,114.74
10000,1048576,2509,5439.25
10000,10240,1336,104.94
10000,102400,7983,111.67
10000,102400,2368,106.23
10000,10240,2776,102.81
10000,102400,8093,109.56
10000,1048576,9029,1921.38
10000,1048576,8060,825.06
10000,10240,4732,108.34
10000,1048576,5034,1365.93
10000,102400,776,135.15
1000,102400,594,118.38
10000,10240,6283,108.53
10000,102400,294,111.21
10000,1048576,9248,2580.82
1000,10240,300,112.00
10000,1048576,485,802.48
10000,1048576,2797,880.12
10000,102400,3305,128.54
10000,1048576,1603,2651.23
1000,10485760,476,5081.52
10000,1048576,2814,630.95
10000,10240,2030,102.37
10000,102400,654,121.89
10000,1048576,239,844.59
10000,102400,7419,123.11
10000,102400,1065,116.77
10000,1048576,2325,786.31
10000,1048576,9628,730.31
10000,1048576,8743,686.23
10000,102400,3430,348.49
1000,10485760,645,3123.18
10000,102400,2004,121.99
10000,1048576,7444,850.45
10000,1048576,883,565.49
10000,102400,5588,112.26
10000,1048576,8333,761.81
1000,10485760,704,3414.39
10000,1048576,7654,507.37
10000,10240,175,115.43
10000,1048576,6802,767.21
10000,102400,2698,129.64
10000,1048576,6911,696.65
10000,102400,1339,121.10
10000,10240,8293,94.94
10000,10240,6691,104.71
10000,1048576,4314,808.18
10000,1048576,7646,734.66
10000,10240,5180,107.78
1000,102400,397,114.15
10000,1048576,1382,723.81
100,1048576,14,741.47
10000,1048576,3098,872.47
10000,1048576,9153,710.23
10000,10240,6464,110.14
10000,10240,5382,105.12
10000,1048576,7866,742.16
10000,10240,2660,111.35
10000,1048576,5565,606.64
10000,1048576,6717,827.34
1000,102400,502,130.42
10000,10240,3495,104.43
10000,10240,5526,96.29
10000,102400,3004,110.52
10000,10240,1752,93.06
10000,10240,3095,99.21
10000,10240,6397,100.70
1000,10485760,163,4066.20
10000,1048576,9716,794.69
10000,102400,1079,244.57
10000,1048576,3268,540.12
10000,1048576,1987,589.82
10000,1048576,6499,918.86
10000,102400,3199,121.11
100,1048576,64,1043.27
10000,1048576,4146,581.22
10000,102400,8695,123.63
10000,102400,7361,108.89
10000,10240,3419,102.17
1000,102400,867,255.69
10000,10240,7038,286.98
10000,1048576,7813,676.21
10000,1048576,3029,1439.88
10000,10240,533,101.62
10000,10240,6551,90.88
10000,1048576,1277,1612.05
10000,102400,2841,121.83
10000,1048576,2795,3418.99
10000,1048576,1424,4968.32
10000,102400,2199,117.77
10000,10240,3789,91.52
10000,102400,6858,106.87
10000,1048576,9541,4114.34
10000,1048576,4344,6923.93
10000,10240,8399,100.05
10000,102400,1133,230.68
10000,10240,7878,98.41
10000,1048576,90,8899.66
10000,102400,6995,120.72
10000,102400,4796,116.20
1000,1048576,514,7653.95
10000,102400,8186,123.73
10000,102400,1618,328.66
10000,102400,6202,118.81
10000,10240,6819,96.16
10000,102400,3604,111.02
10000,102400,2326,119.21
10000,1048576,9679,6667.83
10000,102400,4399,132.03
10000,1048576,7018,6771.58
1000,102400,334,115.19
10000,102400,3865,235.20
10000,1048576,7096,3362.41
10000,1048576,3761,677.10
10000,102400,2116,116.82
10000,10240,4244,195.88
10000,102400,4897,113.87
1000,10240,732,100.70
10000,1048576,7346,773.76
1000,10240,17,226.96
10000,10240,4035,91.59
10000,102400,54,111.98
1000,1048576,139,1998.83
1000,1048576,953,6348.91
10000,10240,1389,107.76
10000,102400,3923,107.15
10000,1048576,3170,10479.06
10000,1048576,6671,646.30
10000,10240,5604,99.58
10000,102400,2150,212.97
10000,102400,7595,108.24
10000,10240,5973,208.53
10000,102400,19,122.39
1000,102400,858,118.27
10000,1048576,1196,1688.01
10000,10240,6843,103.06
1000,102400,110,125.64
1000,10240,879,102.23
10000,10240,8560,216.89
10000,1048576,6335,664.45
1000,10240,18,114.37
10000,1048576,9414,470.65
10000,1048576,8,783.48
10000,102400,7484,127.67
10000,102400,8701,111.29
10000,10240,7671,98.30
10000,1048576,9164,857.28
10000,10240,9988,105.59
10000,102400,5211,117.36
10000,102400,3252,110.75
10000,10240,1548,95.49
100,10240,77,100.21
10000,102400,70,120.58
10000,1048576,3482,5069.73
10000,10240,7749,103.89
10000,10240,1379,98.14
10000,10240,5325,93.22
10000,10240,9910,98.35
10000,10240,1680,96.62
10000,102400,5420,116.54
10000,1048576,7981,5679.67
10000,102400,4309,121.99
10000,10240,3467,398.32
10000,1048576,6171,651.98
10000,102400,7204,125.53
10000,10240,8750,96.73
1000,1048576,720,705.40
10000,102400,1532,133.29
10000,102400,1165,113.87
10000,102400,4176,109.31
10000,1048576,3976,743.89
10000,1048576,2470,661.72
10000,102400,3853,123.89
10000,102400,270,108.15
10000,102400,7229,116.68
10000,102400,3795,121.10
10000,10240,7948,104.48
10000,10240,2635,94.98
10000,10240,4854,98.91
10000,10240,1311,110.69
10000,10240,206,112.08
10000,1048576,8461,1041.68
10000,102400,1636,121.25
100,10485760,25,14464.52
10000,1048576,2478,814.78
10000,10240,8052,204.39
10000,102400,310,241.09
10000,102400,242,121.29
10000,102400,9129,131.26
10000,10240,4332,102.72
10000,10240,3962,107.45
1000,102400,216,128.65
10000,10240,8956,107.50
10000,1048576,8069,838.82
10000,1048576,4490,723.88
10000,102400,9227,120.07
10000,102400,284,114.38
1000,1048576,647,819.35
10000,1048576,2740,572.66
10000,1048576,6511,696.39
10000,102400,5086,125.08
1000,1048576,437,620.83
100,10240,48,112.06
1000,10485760,597,4386.42
10000,10240,6672,111.47
1000,1048576,642,637.39
100,10240,1,107.51
10000,102400,7467,113.83
10000,102400,5835,123.51
1000,10240,120,103.18
10000,102400,8049,132.63
10000,10240,6784,108.36
10000,1048576,4760,840.16
10000,102400,6903,128.60
10000,102400,4721,109.27
10000,10240,8623,98.75
10000,102400,2660,119.45
10000,102400,6112,114.90
10000,10240,6932,99.71
1000,10240,859,101.68
10000,1048576,4282,895.47
10000,102400,4513,120.20
10000,1048576,2200,744.30
10000,10240,5916,110.50
10000,10240,94,100.74
1000,10485760,500,3319.44
10000,102400,1445,135.50
10000,102400,3330,115.91
10000,10240,6413,103.63
1000,102400,458,110.97
1000,1048576,896,752.90
10000,102400,5990,129.59
10000,10240,2618,97.49
1000,10485760,827,4668.95
10000,1048576,7280,808.27
10000,1048576,5733,651.38
10000,10240,8513,105.52
10000,1048576,5946,1036.56
10000,10240,3879,108.67
10000,1048576,8804,780.50
10000,10240,7201,107.47
10000,102400,5018,127.12
10000,102400,5424,131.48
10000,1048576,7214,826.98
10000,10240,7633,109.49
10000,10240,7648,103.61
10000,1048576,6955,719.09
1000,102400,374,130.41
10000,1048576,6662,851.63
10000,102400,8148,128.11
10000,1048576,344,792.92
10000,1048576,6555,851.09
10000,10240,7473,110.00
10000,102400,1290,115.89
10000,102400,5852,114.46
10000,102400,9634,117.03
10000,1048576,7142,797.68
10000,1048576,3196,589.88
10000,10240,4516,144.33
10000,10240,3742,155.63
10000,1048576,809,860.01
1000,10240,820,159.62
10000,102400,8814,151.67
10000,102400,4849,135.34
10000,102400,9739,132.76
1000,10485760,501,4322.28
10000,1048576,8751,559.91
10000,102400,8261,125.96
10000,10240,5449,95.17
1000,10240,27,116.48
10000,102400,5690,139.86
10000,102400,5461,132.06
10000,102400,2541,134.25
10000,10240,1653,145.44
10000,102400,3440,152.47
10000,1048576,6907,823.07
10000,10240,9480,117.37
100,102400,21,115.73
100,10240,33,127.90
1000,10240,860,113.00
10000,102400,9033,122.46
10000,10240,2841,113.81
10000,10240,1161,107.14
10000,102400,2460,118.33
10000,1048576,6380,889.39
10000,102400,9350,135.35
1000,1048576,725,826.38
10000,10240,187,111.28
10000,1048576,884,757.26
1000,1048576,492,750.68
10000,102400,4933,160.10
10000,1048576,6337,1139.50
10000,10240,3377,114.24
10000,1048576,82,872.34
10000,102400,5699,126.85
10000,10240,1477,114.30
10000,102400,9553,122.15
10000,1048576,9323,856.42
10000,10240,7372,119.08
10000,102400,7744,123.44
10000,102400,1655,116.31
10000,10240,4448,145.56
1000,10485760,882,3707.99
10000,102400,6728,246.58
10000,10240,8388,108.54
10000,1048576,2570,939.78
10000,102400,3057,132.59
10000,102400,8995,119.23
10000,102400,1366,116.70
10000,102400,5594,118.29
10000,102400,92,121.66
10000,1048576,3612,851.45
10000,10240,817,106.25
10000,10240,1885,95.18
10000,102400,4733,116.86
10000,10240,3891,97.20
10000,1048576,3825,835.02
10000,1048576,4993,2018.14
10000,102400,5357,125.31
10000,1048576,4645,1054.06
10000,102400,2097,121.73
10000,10240,8802,105.03
10000,102400,856,117.62
10000,10240,5659,98.27
10000,102400,9751,112.55
1000,1048576,284,2986.79
1000,1048576,221,6921.56
10000,1048576,2051,12640.15
1000,10240,224,338.72
10000,102400,9191,246.11
1000,10240,703,103.93
10000,10240,8112,101.03
10000,102400,9235,250.32
10000,1048576,8585,882.12
10000,102400,2938,127.94
10000,102400,1182,112.91
10000,102400,3800,118.96
10000,10240,8272,144.37
10000,1048576,393,853.87
10000,102400,7047,138.04
10000,102400,3462,118.30
10000,102400,2932,115.24
10000,1048576,9710,776.29
10000,102400,7909,135.04
1000,102400,164,126.87
10000,10240,9384,96.57
1000,102400,22,116.51
10000,1048576,8478,747.45
10000,1048576,2092,3188.15
10000,10240,2022,106.75
1000,10485760,370,19386.32
1000,1048576,638,1245.24
10000,10240,6803,357.42
10000,102400,9626,131.93
10000,10240,7947,100.24
10000,1048576,7842,2160.42
10000,1048576,8832,820.18
10000,102400,52,296.64
10000,102400,8073,110.48
1000,10240,266,101.18
10000,1048576,4871,842.02
1000,1048576,328,705.15
10000,1048576,8418,661.77
10000,102400,935,131.53
10000,1048576,751,1395.61
10000,1048576,741,1613.30
1000,10240,619,101.50
10000,102400,149,123.42
10000,102400,7879,112.67
10000,10240,8881,101.77
10000,1048576,9932,2638.91
10000,1048576,3916,2441.20
10000,10240,3140,102.81
10000,10240,3494,109.54
10000,102400,7306,112.89
10000,102400,1840,114.22
1000,102400,920,136.32
10000,102400,4217,114.90
1000,1048576,624,870.52
10000,102400,9395,124.97
10000,10240,8305,104.44
10000,10240,3503,98.19
10000,1048576,6853,862.74
10000,10240,8749,112.39
10000,1048576,8359,704.29
10000,102400,2546,132.77
10000,102400,1252,122.29
10000,10240,9597,102.89
10000,10240,2937,98.22
1000,10240,113,105.73
10000,1048576,782,787.12
10000,1048576,5409,975.88
1000,1048576,553,867.10
10000,1048576,2813,700.60
10000,102400,7605,120.52
10000,102400,4142,121.30
1000,1048576,581,738.40
10000,10240,3236,101.17
10000,10240,7889,101.00
10000,10240,7182,116.51
10000,102400,8000,120.97
10000,10240,9482,96.09
10000,1048576,1006,840.77
10000,102400,3822,131.70
10000,1048576,6908,869.53
10000,10240,4199,111.89
10000,1048576,177,712.62
10000,102400,4970,122.53
10000,1048576,726,725.78
10000,102400,2486,132.98
10000,102400,5958,119.78
10000,1048576,4995,932.22
10000,102400,6623,129.76
10000,10240,5017,100.34
10000,102400,6760,112.52
10000,1048576,4770,799.31
10000,10240,9895,109.19
10000,10240,3103,100.54
10000,10240,436,99.88
10000,1048576,2178,714.45
10000,102400,1919,126.95
10000,10240,5310,100.07
10000,10240,2929,104.07
10000,1048576,6161,714.68
10000,102400,8282,131.83
10000,102400,9893,113.44
10000,102400,1928,151.75
10000,10240,2431,101.70
10000,102400,529,124.11
10000,10240,3152,98.26
10000,1048576,236,853.97
1000,10485760,810,4588.15
10000,1048576,1098,638.73
10000,1048576,7100,702.75
10000,10240,4772,106.31
10000,1048576,424,599.12
10000,10240,3898,110.22
10000,102400,2929,139.37
10000,1048576,5634,802.87
10000,10240,3309,115.98
10000,10240,4485,107.21
10000,10240,1392,111.90
10000,102400,913,118.60
1000,10240,921,100.66
10000,10240,6986,100.46
10000,1048576,2628,887.28
10000,1048576,3914,617.79
100,10240,46,124.73
10000,10240,6794,106.63
10000,10240,9624,105.72
10000,102400,5829,119.58
10000,102400,6947,115.59
10000,1048576,2863,932.29
10000,102400,2641,121.44
10000,1048576,1505,610.64
10000,102400,3383,121.45
10000,10240,8464,99.30
10000,1048576,7963,698.14
1000,10485760,484,3349.56
10000,10240,1489,115.84
10000,1048576,269,781.64
10000,1048576,2356,882.69
10000,102400,3293,132.87
10000,1048576,6088,683.80
10000,102400,9255,133.45
10000,10240,467,100.07
10000,1048576,8393,679.76
1000,1048576,80,780.42
10000,1048576,3354,568.51
10000,10240,3631,109.83
1000,1048576,710,722.61
10000,10240,9814,121.10
10000,102400,7085,120.68
10000,102400,6617,123.92
10000,1048576,6276,837.86
10000,1048576,2579,660.98
10000,10240,1860,114.71
10000,102400,3015,119.60
10000,10240,2634,102.46
10000,1048576,5336,876.99
10000,10240,3655,128.94
10000,1048576,3792,507.30
10000,102400,6596,126.05
10000,102400,4198,119.44
10000,102400,7546,118.79
10000,102400,9512,123.26
1000,10240,953,108.08
10000,102400,4149,121.06
10000,10240,5098,113.55
10000,10240,8760,109.36
10000,10240,299,105.15
10000,1048576,1075,797.86
10000,102400,8663,134.28
10000,10240,5481,106.65
10000,10240,3068,106.63
10000,10240,2877,111.21
10000,10240,2260,102.62
10000,10240,6046,100.02
10,1048576,0,877.70
100,102400,27,131.15
10000,10240,3340,113.43
10000,1048576,47,990.87
10000,1048576,946,519.30
1000,10240,571,215.34
10000,102400,688,307.56
10000,1048576,4226,610.28
10000,102400,6300,116.09
10000,102400,9636,113.37
10000,10240,153,102.15
10000,102400,4271,116.67
10000,1048576,5605,791.18
10000,102400,1539,120.86
10000,10240,8177,107.07
10000,102400,9758,119.04
1000,10240,354,100.10
10000,1048576,9799,927.95
10000,10240,6047,107.88
10000,102400,2295,113.57
10000,1048576,9479,692.12
10000,102400,5459,135.57
10000,10240,9024,99.67
10000,10240,4965,100.50
10000,10240,4357,101.23
1000,1048576,301,735.98
10000,10240,2332,100.12
1000,10240,290,98.38
10000,102400,1790,121.20
10000,1048576,4785,995.23
10000,1048576,7770,843.21
10000,102400,3451,130.12
10000,10240,1893,104.16
10000,1048576,8454,723.22
10000,1048576,7005,733.21
10000,102400,3345,132.55
10000,1048576,3992,894.27
10000,102400,748,125.67
10000,102400,5166,116.72
10000,102400,1792,118.50
1000,10485760,940,4355.78
10000,1048576,909,513.78
10000,1048576,9980,719.51
1000,1048576,511,916.09
10000,10240,1194,103.33
10000,102400,2278,119.42
1000,10240,298,102.10
10000,10240,1633,96.06
10000,102400,3115,116.42
10000,1048576,6376,915.12
10,1048576,7,712.39
10000,10240,4175,120.90
10000,10240,4982,101.11
10000,102400,1121,120.59
10000,1048576,9344,867.40
10000,102400,6712,129.12
10000,10240,3706,104.89
10000,1048576,5323,828.39
10000,102400,613,128.99
10000,102400,4130,121.60
10000,10240,6262,105.64
10000,102400,333,118.61
10000,10240,7885,105.52
10000,10240,1509,101.81
10000,1048576,7327,821.13
10000,1048576,6095,703.10
10000,10240,9838,108.53
10000,102400,7857,118.85
10000,1048576,5547,740.75
10000,102400,6887,129.99
10000,102400,2425,123.25
10000,1048576,2641,875.17
10000,1048576,9655,813.41
10000,102400,2793,126.80
10000,102400,6371,117.17
1000,10240,562,102.70
10000,102400,373,122.30
1000,10485760,54,3522.46
1000,1048576,79,626.96
10000,10240,2803,107.22
10000,102400,458,119.64
10000,10240,6613,103.72
10000,10240,6347,104.04
10000,10240,5478,102.53
10000,102400,8359,128.45
100,102400,90,121.51
10000,1048576,4153,846.06
10000,10240,7190,110.16
1000,102400,657,121.01
10000,1048576,1352,839.75
10000,10240,1287,119.12
10000,1048576,798,717.70
1000,10240,965,115.07
10000,102400,6131,128.13
10000,10240,1301,103.94
1000,102400,706,118.46
1000,1048576,64,725.71
10000,102400,1709,134.20
10000,102400,5729,128.44
10000,10240,130,103.74
10000,10240,634,99.23
10000,102400,68,114.49
1000,102400,1,126.75
1000,10240,752,110.52
10000,102400,5174,117.54
1000,1048576,265,929.97
10000,102400,8013,130.32
10000,10240,5784,105.01
10000,102400,7060,128.20
10000,102400,4298,126.00
10000,1048576,8078,1571.64
10000,10240,8655,108.68
10000,1048576,2983,736.07
10000,10240,1879,102.34
10000,10240,4209,98.52
10000,1048576,3951,535.66
10000,10240,1367,104.54
10000,102400,9615,123.82
10000,1048576,8709,848.50
1000,10485760,298,4273.59
1000,10240,281,114.40
10000,10240,8377,96.64
10000,102400,9927,117.31
10000,1048576,4689,717.94
1000,10240,42,108.54
10000,1048576,7051,898.28
10000,1048576,9292,940.12
10000,1048576,2116,957.00
10000,102400,2742,135.43
10000,1048576,1824,707.35
10000,10240,6289,113.05
10000,1048576,5620,723.50
10000,1048576,2822,835.25
10000,102400,2717,132.24
10000,102400,7397,120.58
10000,1048576,7082,813.91
10000,10240,2405,118.30
10000,102400,9069,120.37
10000,102400,4147,118.87
10000,10240,9211,103.78
10000,10240,938,101.99
10000,1048576,6131,711.83
10000,10240,7000,111.22
10000,102400,5771,118.96
10000,1048576,6588,703.42
10000,102400,5069,121.07
10000,1048576,7128,575.45
10000,10240,383,104.56
10000,102400,3945,119.01
1000,102400,473,118.64
10000,1048576,7154,808.87
10000,1048576,5581,511.25
10000,1048576,7267,807.73
10000,10240,113,104.58
10000,10240,5142,104.88
10000,102400,9954,119.84
10000,10240,696,99.86
10000,10240,1314,100.81
10000,10240,9088,101.26
10000,1048576,3866,789.10
10000,10240,3375,111.35
10000,102400,3399,132.33
10000,10240,1627,102.81
10000,10240,2868,103.08
10000,10240,5506,102.86
10000,1048576,9517,760.29
10000,10240,9857,109.86
10000,102400,1699,113.67
1000,1048576,598,844.73
1000,102400,861,129.05
1000,102400,264,112.69
10000,10240,5824,100.81
1000,102400,729,115.93
1000,1048576,43,3558.15
10000,10240,2543,114.75
10000,102400,6902,122.28
10000,1048576,730,902.69
10000,1048576,4055,603.62
10000,10240,9950,101.68
10000,102400,9247,117.27
10000,1048576,8070,734.41
10000,102400,4673,120.43
10,104857600,1,35410.54
10000,10240,924,480.60
10000,102400,1865,239.48
10000,102400,3630,112.26
10000,10240,2263,94.31
10000,10240,6522,142.94
10000,10240,3892,202.80
10000,10240,6760,101.43
10000,1048576,2209,6577.02
10000,10240,6081,111.06
1000,1048576,448,5647.57
10000,102400,3431,119.79
10000,10240,5842,96.09
10000,10240,5088,326.55
10000,102400,7732,112.97
10000,102400,6770,148.39
10000,10240,1729,102.71
10000,10240,4692,103.20
10000,1048576,7994,776.94
10000,10240,2011,106.90
1000,1048576,961,772.50
10000,102400,8411,129.93
1000,1048576,401,740.96
10000,10240,3296,110.71
10000,10240,3769,98.01
10000,102400,7636,123.78
10000,10240,4968,103.80
10000,1048576,3341,863.36
10000,10240,8321,114.13
10000,102400,3562,122.12
10000,1048576,7841,792.89
1000,1048576,986,743.99
10000,1048576,8497,524.61
10000,1048576,5280,753.03
10000,10240,534,110.00
10000,1048576,7180,583.87
10000,10240,7365,105.73
10000,10240,8125,105.30
10000,10240,4574,98.07
10000,1048576,3201,959.73
10000,1048576,7907,1436.30
10000,1048576,7929,1159.38
1000,1048576,527,772.50
10000,10240,2847,102.81
10000,102400,5565,117.75
10000,1048576,5485,754.68
100,102400,29,128.96
10000,102400,1764,114.95
10000,102400,4083,119.00
10000,102400,4873,117.29
10000,102400,7528,118.32
10000,10240,9851,101.79
10000,1048576,7109,5027.77
10000,10240,4007,112.13
1000,10240,133,103.16
10000,10240,7616,102.84
10000,10240,6056,105.08
10000,102400,5802,119.74
1000,1048576,329,4157.39
10000,1048576,760,4321.85
10000,10240,7362,104.03
10000,10240,864,98.14
10000,10240,7128,105.45
10000,10240,4407,102.78
10000,1048576,9119,4889.62
10000,102400,5867,118.80
10000,10240,1357,207.79
10000,102400,1163,121.63
10000,1048576,4300,2798.53
10000,102400,9218,119.34
100,10240,80,94.27
10000,102400,9279,115.63
10000,102400,6959,124.25
1000,10240,447,104.99
10000,102400,309,118.68
10000,10240,5803,99.81
10000,10240,7377,98.48
10000,1048576,489,1006.87
10000,1048576,2661,796.38
1000,1048576,323,756.87
10000,1048576,8043,686.58
10000,1048576,9347,811.98
10000,10240,3755,108.84
10000,102400,3056,115.55
10000,102400,2357,116.17
10000,102400,4876,121.72
10000,1048576,8579,870.51
1000,1048576,61,922.90
10000,1048576,9525,600.15
10000,10240,4614,110.36
10000,102400,5218,110.62
10000,102400,9752,117.59
10000,102400,4347,123.15
10000,10240,7840,102.79
10000,10240,4803,96.42
1000,1048576,107,26185.98
10000,1048576,6601,960.26
10000,102400,7872,298.61
10000,1048576,7727,891.50
10000,102400,5934,135.02
10000,10240,2272,107.33
10000,10240,9516,212.86
10000,1048576,1830,907.76
10000,10240,8426,109.40
10000,1048576,7747,704.21
10000,102400,3111,128.17
10000,102400,4765,125.59
10000,10240,8901,151.25
10000,1048576,3782,777.71
10000,1048576,5910,840.99
10000,1048576,9253,622.62
10000,102400,512,120.99
10000,10240,960,109.88
10000,102400,6580,125.06
10000,102400,3248,118.80
10000,1048576,8348,803.09
10000,10240,1382,116.66
10000,1048576,5362,847.96
10000,102400,2961,256.33
10000,102400,5714,132.52
10000,10240,7058,102.37
10000,1048576,8597,912.62
10000,102400,6954,126.19
1000,102400,476,122.58
10000,102400,5003,116.36
10000,102400,9720,128.51
10000,1048576,2036,675.03
1000,1048576,563,760.10
1000,10485760,334,4430.63
10000,1048576,142,814.12
10000,102400,7952,143.01
10000,10240,9781,104.67
10000,1048576,3649,714.80
10000,102400,5540,130.05
10000,1048576,2273,775.24
1000,1048576,578,831.72
10000,102400,8547,129.97
10000,102400,2531,118.09
10000,10240,7384,101.15
10000,1048576,9747,788.71
10000,102400,2077,124.73
10000,1048576,2387,549.59
10000,10240,1642,102.48
10000,102400,4076,113.08
10000,1048576,3027,688.44
10000,102400,4223,131.57
10000,102400,5571,122.58
100,102400,51,116.93
10000,10240,3790,100.19
10000,10240,407,101.13
10000,1048576,3523,793.95
10000,1048576,1504,617.37
10000,1048576,6504,1716.91
1000,10240,542,109.18
10000,102400,7309,127.34
1000,1048576,667,2116.84
10000,10240,2138,109.19
10000,102400,7453,113.13
1000,102400,938,111.48
10000,1048576,1120,1293.34
10000,102400,9743,123.15
10000,1048576,8411,832.45
10000,10240,3723,108.04
10000,10240,578,104.37
10000,1048576,4359,2808.22
10000,10240,7515,114.12
1000,102400,134,114.25
10000,1048576,3966,2009.73
10000,1048576,8395,568.54
10000,102400,8681,121.38
10000,102400,9037,103.68
10000,10240,3799,94.75
10000,102400,8686,112.52
10000,1048576,6250,973.72
10000,10240,4567,106.32
10000,1048576,2363,648.62
10000,1048576,2493,715.95
10000,102400,8498,140.32
10000,102400,871,123.59
10000,102400,2115,114.37
10000,10240,1076,99.08
10000,1048576,4435,751.17
10000,10240,1291,124.26
10000,10240,5244,99.98
10000,1048576,9016,2823.65
10000,1048576,2006,477.73
10000,1048576,2827,555.48
10000,10240,2805,108.36
10000,102400,1802,113.30
10000,102400,6391,114.62
10000,1048576,9020,736.37
1000,1048576,29,739.63
10000,102400,2829,130.59
10000,10240,601,92.52
10000,10240,1326,96.40
10000,1048576,6791,703.80
10000,10240,7509,102.00
10000,1048576,4342,697.09
10000,102400,3366,128.87
10000,1048576,8920,694.47
10000,1048576,9810,914.10
10000,1048576,6986,768.22
10000,1048576,9699,674.56
10000,102400,2171,122.47
10000,102400,412,115.38
10000,102400,3505,118.28
10000,10240,2994,101.85
10000,102400,574,113.95
10000,102400,5875,117.82
10000,10240,8067,102.40
10000,102400,4123,121.63
1000,10240,610,101.51
10000,102400,219,112.71
1000,10240,362,100.94
10000,102400,9598,114.46
10000,1048576,5356,771.75
10000,1048576,4674,744.00
1000,1048576,884,677.80
10000,10240,5482,115.82
10000,10240,6206,99.39
1000,1048576,38,699.78
10000,102400,9150,126.88
10000,102400,4791,116.82
10000,102400,1005,110.09
10000,10240,9325,98.58
10000,1048576,8570,755.41
10000,10240,8085,109.61
10000,1048576,5335,768.52
10000,1048576,9198,815.89
10000,102400,516,121.09
10000,10240,9614,116.00
10000,102400,1256,114.83
10000,102400,1469,113.07
10000,102400,7438,118.28
10000,102400,6403,121.36
1000,10485760,923,3769.51
10000,1048576,4171,784.56
10000,102400,8975,125.10
10000,1048576,7170,769.15
10000,102400,1734,129.29
10000,1048576,7251,703.26
100,10485760,87,3432.36
10000,102400,2134,126.36
10000,10240,1285,106.86
10000,1048576,4920,925.14
10000,1048576,3635,906.29
1000,102400,608,125.64
10000,102400,8611,114.51
10000,102400,7862,116.01
10000,1048576,1301,668.65
10000,1048576,4501,703.29
10000,1048576,2843,744.22
10000,102400,7590,123.07
10000,102400,3427,112.54
10000,102400,9901,115.83
10000,10240,5230,102.20
10000,10240,2031,95.17
10000,1048576,6120,743.83
10000,1048576,8584,699.99
10000,1048576,6546,665.52
10000,1048576,3488,786.75
10000,10240,5083,111.31
10000,1048576,8473,742.05
10000,102400,5196,124.53
1000,1048576,141,447.73
10000,10240,6273,110.53
10000,1048576,1554,795.14
10000,1048576,2358,774.44
10000,102400,5849,126.14
10000,10240,9188,99.48
10000,102400,8835,122.36
100,104857600,98,34155.24
10000,102400,4222,433.35
10000,1048576,4876,740.73
10000,1048576,6409,828.38
10000,1048576,3242,596.62
10000,102400,3127,154.73
10000,1048576,7626,769.82
10000,102400,5016,136.33
10000,1048576,2572,907.48
10000,1048576,1806,957.78
10000,102400,7321,130.00
10000,1048576,4014,741.37
10000,1048576,8505,707.72
1000,10485760,148,4453.62
10000,1048576,9624,817.84
10000,10240,3915,113.82
10000,1048576,4462,896.52
10000,10240,3054,108.00
10000,1048576,7215,722.29
10000,102400,9982,129.49
10000,10240,385,105.40
10000,102400,5377,121.42
10000,1048576,8023,787.12
1000,1048576,15,791.88
1000,10240,994,108.90
10000,10240,7843,98.08
10000,1048576,5830,746.23
10000,102400,3001,132.00
10000,102400,1628,130.67
10000,102400,4258,124.45
10000,1048576,2993,758.57
10000,102400,4503,128.19
10000,102400,9987,125.15
10000,102400,8198,114.04
10000,102400,2224,114.11
10000,10240,7970,99.18
10000,1048576,8783,788.15
10000,1048576,2835,886.37
10000,1048576,1871,749.50
10000,102400,2651,128.80
10000,102400,3454,121.81
10000,10240,9666,101.15
10000,10240,5370,100.64
10000,102400,4334,119.77
10000,1048576,9604,682.44
10,104857600,6,38069.49
10000,10240,9077,531.25
10000,102400,2700,257.54
10000,1048576,6360,1125.23
100,10485760,60,5179.80
10000,102400,1437,152.93
1000,1048576,505,666.15
10000,102400,8174,129.85
10000,10240,7252,128.80
10000,10240,9563,113.79
1000,10485760,826,3599.66
10000,10240,4612,122.30
10000,10240,4315,109.95
10000,10240,135,95.55
10000,1048576,3417,1488.08
10000,1048576,8098,1348.08
1000,102400,86,121.67
10000,1048576,3141,1950.04
10000,10240,1070,115.31
10000,1048576,1945,1289.08
10000,1048576,7667,1398.54
10000,10240,7894,108.70
10000,1048576,8601,1349.13
10000,1048576,4132,2159.50
10000,102400,4953,138.41
10000,102400,9225,124.27
10000,102400,7551,110.59
1000,102400,654,118.46
10000,1048576,4035,5052.95
10000,1048576,9216,4851.03
10000,102400,938,243.25
10000,102400,3301,267.57
100,10240,71,107.39
10000,102400,3445,119.97
10000,10240,9051,110.59
10000,1048576,3430,9856.17
10000,1048576,2383,3157.95
10000,1048576,3210,2545.55
10000,1048576,8921,4560.75
10000,10240,5392,147.72
10000,10240,1185,236.43
10000,1048576,5093,4516.48
10000,102400,6612,123.03
10000,10240,1396,100.88
10000,102400,843,117.92
10000,102400,8599,118.22
10000,10240,4946,199.32
10000,1048576,9704,2692.99
10000,10240,8420,106.52
10000,1048576,1012,1948.80
10000,1048576,267,1830.03
10000,10240,6372,112.55
10000,102400,957,120.14
10000,1048576,4679,2853.66
10000,102400,4418,118.91
10000,1048576,5674,2560.87
10000,1048576,7786,1474.57
10000,10240,3719,112.80
100,1048576,22,1366.51
10000,10240,8976,108.38
10000,1048576,8797,1070.03
10000,1048576,3909,1108.69
10000,102400,7081,233.12
1000,10485760,793,5458.07
10000,102400,5026,138.44
10000,1048576,1314,1075.35
10000,10240,9429,116.06
10000,102400,8621,123.70
10000,102400,8287,120.66
10000,102400,5411,117.36
1000,102400,398,125.47
10000,1048576,8051,1352.52
10000,1048576,5405,1288.48
10000,10240,88,113.44
10000,10240,6022,106.32
10000,10240,4292,116.34
10000,1048576,2263,1530.36
10000,102400,2360,125.78
1000,102400,738,119.73
10000,1048576,5239,1661.95
10000,102400,7709,131.32
10000,10240,3832,103.26
10000,1048576,7118,6043.35
1000,1048576,935,2426.13
10000,10240,5172,104.80
1000,1048576,1,2097.57
1000,102400,731,240.55
10000,10240,3825,107.36
10000,1048576,8655,2725.60
10000,102400,7704,138.97
10000,10240,9061,216.27
10000,10240,5337,121.60
10000,1048576,4358,3533.46
10000,1048576,3867,9003.85
10000,10240,3208,132.12
10000,1048576,486,10218.08
10000,1048576,3827,11413.83
10000,1048576,4341,6189.30
10000,1048576,2079,2780.09
10000,10240,7837,106.62
10000,102400,695,119.57
10000,102400,2956,239.87
10000,1048576,1442,5655.25
10000,10240,5424,103.64
10000,102400,5358,177.96
10000,102400,5845,119.65
10000,1048576,9313,5448.24
1000,1048576,488,2652.04
1000,10240,319,112.16
10000,102400,8260,110.11
10000,1048576,7414,2091.92
10000,1048576,1740,2416.80
10000,1048576,8257,2926.15
10000,1048576,8894,2106.74
10000,1048576,3131,8712.59
1000,102400,900,252.93
10000,1048576,2172,1650.76
10000,10240,441,224.15
1000,10240,276,95.50
10000,10240,7153,89.33
1000,10240,226,238.99
10000,102400,8811,118.03
10000,102400,2710,121.76
10000,10240,6254,135.87
10000,102400,9478,224.12
10000,10240,5315,101.80
10000,10240,1900,99.25
10000,10240,7432,99.17
10000,102400,2866,120.13
10000,10240,5022,105.85
10000,102400,3970,120.66
10000,102400,6671,116.73
10000,102400,923,115.78
1000,1048576,272,1411.69
10000,102400,9199,121.02
10000,102400,8008,111.77
10000,10240,5632,95.38
10000,1048576,6582,1904.43
10000,102400,6834,129.76
1000,1048576,489,1431.07
10000,102400,6141,121.57
10000,10240,6923,102.48
10000,10240,6127,103.18
10000,1048576,3348,1622.62
10000,10240,2441,103.49
10000,1048576,5769,1036.58
10000,10240,3479,100.83
10000,1048576,5552,1614.27
10000,10240,1442,110.63
10000,10240,478,105.74
10000,1048576,8537,1777.05
10000,1048576,4940,1268.07
10000,10240,1864,105.14
1000,102400,869,123.09
10000,102400,756,112.07
10000,10240,719,113.31
10000,102400,6802,122.96
10000,1048576,6413,1411.13
10000,1048576,1469,1417.70
100,102400,8,123.40
10000,1048576,2537,3581.28
10000,10240,5719,112.72
10000,102400,9438,120.46
10000,102400,7911,110.70
10000,10240,3080,99.46
10000,1048576,544,1506.57
10000,1048576,5976,1591.51
1000,1048576,457,3826.60
1000,10485760,595,28740.82
10000,10240,7756,236.74
10000,1048576,377,6605.13
10000,10240,846,113.04
10000,1048576,3155,3780.57
1000,102400,616,158.45
10000,10240,6838,95.70
10000,10240,4016,104.25
10000,102400,3968,121.72
10000,102400,5256,118.78
10000,102400,6908,121.31
10000,1048576,6478,6889.77
10000,10240,7424,107.72
10000,102400,4007,113.87
10000,1048576,5052,2078.85
10000,102400,6486,132.29
1000,10485760,323,24921.18
10000,10240,7033,381.07
10000,1048576,4148,2639.29
1000,10485760,615,56324.50
10000,1048576,7620,1920.62
10000,102400,7019,150.98
10000,10240,1543,107.36
10000,10240,8764,149.36
1000,1048576,413,3424.42
10000,10240,9589,255.99
1000,1048576,972,1611.69
10000,10240,3380,102.79
1000,102400,470,114.33
10000,10240,7396,112.71
1000,1048576,122,4912.73
10000,10240,152,116.12
10000,1048576,8127,2067.16
10000,10240,3919,106.97
10000,10240,7757,101.41
10000,10240,3523,96.11
10000,1048576,2888,1371.26
10000,1048576,3872,1036.24
10000,1048576,3052,4945.24
10000,10240,2879,119.23
10000,102400,6101,241.69
1000,1048576,940,1556.43
10000,1048576,203,1052.58
10000,102400,9637,125.51
10000,102400,7488,126.64
10000,1048576,119,1269.59
10000,102400,3744,123.06
10000,1048576,6584,1199.60
1000,10240,180,109.54
10000,1048576,7351,1063.02
10000,10240,3334,105.45
1000,10240,245,102.63
1000,102400,615,136.62
10000,10240,4648,99.28
10000,10240,675,109.97
10000,10240,1001,106.44
10000,10240,7317,109.69
10000,102400,3097,118.77
1000,10240,370,102.42
10000,102400,4542,116.69
10000,10240,4795,107.04
1000,1048576,929,1513.63
10000,1048576,3870,2367.17
10000,102400,1320,130.54
10000,1048576,2881,4106.99
10000,102400,926,123.48
10000,10240,8342,114.59
10000,10240,2991,97.84
10000,102400,354,116.65
10000,102400,1845,119.79
10000,10240,9540,100.84
10000,102400,4866,121.66
1000,10485760,466,42062.21
10000,10240,777,273.37
10000,10240,8954,104.13
1000,10240,493,243.42
10000,102400,1081,111.43
10000,10240,8644,95.17
10000,1048576,2527,7774.26
10000,1048576,8223,3942.48
10000,10240,1521,132.90
10000,10240,7866,136.76
10000,102400,387,114.45
1000,1048576,462,6112.65
10000,1048576,2720,13928.98
1000,10240,257,326.53
10000,102400,8848,132.19
10000,1048576,1518,3059.20
10000,10240,5574,265.31
10000,102400,7101,123.92
10000,102400,9065,115.02
10000,10240,1545,108.19
10000,102400,8953,159.54
1000,10240,546,101.83
10000,1048576,2071,4911.11
10000,10240,6442,102.20
10000,1048576,2198,1896.60
10000,1048576,6014,3132.83
10000,10240,947,113.84
10000,102400,431,112.31
10000,10240,9165,93.67
100,10240,10,107.35
10000,1048576,1428,1923.12
10000,10240,2307,119.09
10000,1048576,6162,1049.70
1000,10240,850,119.94
10000,10240,2836,109.52
10000,102400,90,130.74
10000,1048576,1949,2069.43
10000,102400,3868,118.75
10000,102400,7786,112.84
10000,1048576,2086,1410.87
10000,102400,9883,120.49
10000,102400,7831,113.67
10000,102400,7702,108.35
10000,1048576,9870,1280.65
10000,1048576,202,1047.62
10000,1048576,890,3490.42
10000,1048576,4532,1393.86
10000,10240,1853,103.28
10000,10240,1950,95.03
10000,102400,3418,122.22
1000,1048576,98,1746.00
10000,102400,8535,130.05
10000,1048576,2324,1246.65
10000,10240,5622,107.63
100,104857600,85,105956.07
10000,1048576,157,6257.00
1000,10240,538,142.28
10000,102400,6630,128.25
10000,1048576,4274,2621.08
10000,1048576,9190,3550.63
10000,10240,22,118.80
10000,102400,4986,121.14
10000,1048576,5969,6473.07
10000,102400,4861,229.07
10000,10240,1794,95.02
10000,102400,8541,133.88
10000,10240,6305,143.31
10000,1048576,4228,3596.61
10000,10240,6745,104.49
10000,102400,5983,135.59
10000,10240,7203,97.40
10000,10240,8430,107.82
10000,102400,7994,120.30
10000,1048576,828,4637.93
10000,1048576,4648,6486.87
10000,10240,323,112.21
1000,1048576,183,5079.62
10000,10240,1570,236.33
10000,102400,8203,124.10
10000,10240,4355,117.39
10000,1048576,7824,6096.00
1000,1048576,675,6994.98
100,10240,26,105.71
10000,10240,9790,99.91
10000,102400,5705,234.45
10000,102400,7125,227.56
10000,1048576,6492,8531.62
10000,10240,1585,340.34
10000,10240,2240,107.05
10000,10240,45,108.22
1000,10485760,753,15515.26
10000,10240,8921,154.99
10000,10240,2406,118.40
10000,102400,4204,138.03
1000,10240,488,116.03
10000,102400,5145,124.46
10000,10240,8642,116.85
1000,10240,106,104.80
10000,10240,9154,110.62
1000,1048576,903,5266.73
10000,1048576,924,7236.26
10000,10240,562,214.34
10000,1048576,7756,11464.50
10000,102400,4955,175.54
10000,10240,1539,628.40
10000,10240,1731,139.37
1000,1048576,926,6960.98
10000,10240,7768,138.29
10000,1048576,3795,5677.88
10000,102400,7336,174.31
1000,1048576,271,6056.20
10000,10240,7918,189.44
10000,1048576,4337,8968.72
10000,10240,8134,152.54
10000,102400,4093,132.44
1000,10240,684,110.36
10000,10240,6288,103.48
10000,1048576,341,5103.40
1000,102400,442,169.72
10000,1048576,2136,5539.80
1000,10240,611,136.67
1000,10240,840,112.14
1000,1048576,213,3587.91
1000,1048576,435,2753.95
10000,10240,486,302.37
10000,10240,7465,133.06
1000,102400,479,122.47
10000,10240,7904,119.36
10000,1048576,7927,1958.38
10000,1048576,1992,2180.34
10000,102400,2555,147.03
10000,10240,5614,105.91
10000,10240,8721,113.59
10000,10240,4921,103.35
10000,102400,3940,127.30
10000,102400,9198,136.93
10000,10240,5981,122.35
10000,1048576,7312,3519.51
10000,1048576,6931,3984.12
10000,102400,4248,203.50
1000,1048576,863,5488.95
10000,102400,4530,285.25
10000,102400,9155,191.77
10000,10240,5496,125.75
10000,1048576,2801,1331.89
1000,10485760,696,7873.59
10000,102400,1616,171.69
10000,1048576,7381,1765.59
10000,102400,3006,152.12
10000,1048576,743,2154.05
10000,10240,905,179.43
10000,102400,3426,136.95
10000,102400,1562,125.74
10000,10240,9436,110.20
10000,10240,7438,104.87
10000,102400,2065,126.01
1000,10240,655,113.12
10000,1048576,4924,2793.37
10000,102400,6461,185.87
10000,102400,9020,129.71
10000,10240,8163,125.95
1000,10240,486,113.10
10000,10240,7844,119.76
10000,102400,6583,139.67
100,10240,7,110.94
10000,10240,7906,111.78
10000,10240,6296,104.70
1000,102400,254,124.53
10000,102400,8782,133.69
10000,1048576,2135,7575.32
10000,1048576,4165,7818.65
10000,1048576,9014,9645.61
1000,102400,581,132.37
10000,102400,635,231.09
10000,1048576,9117,4159.63
10000,10240,1840,324.00
10000,102400,5476,128.59
10000,102400,3014,145.64
10000,10240,8739,97.93
10000,10240,4123,93.21
10000,10240,5589,96.87
10000,102400,6120,106.26
10000,102400,2868,297.36
10000,1048576,4613,2619.64
1000,1048576,385,3943.14
10000,102400,3634,126.74
10000,1048576,2173,5344.09
10000,10240,1479,108.45
10000,1048576,6657,3847.84
10000,1048576,8718,1969.59
10000,10240,8144,101.79
10000,1048576,9060,1938.56
10000,1048576,496,1608.96
10000,1048576,8669,1110.42
10000,1048576,3520,830.14
10000,10240,6714,119.93
10000,102400,3640,109.45
10000,102400,2903,112.29
10000,1048576,2265,852.04
10000,102400,5883,121.00
10000,102400,9813,106.16
10000,10240,4324,100.33
10000,102400,3180,108.05
10000,10240,7363,98.26
10000,1048576,2541,723.80
10000,102400,4723,121.41
10000,10240,6783,94.04
1000,1048576,400,720.52
1000,10485760,770,4437.24
10000,1048576,6422,767.91
10000,1048576,9777,1136.53
1000,10240,193,109.80
10000,10240,3006,102.72
10000,1048576,6421,1488.97
10000,102400,5467,130.16
1000,102400,560,217.56
10000,10240,6580,101.72
10000,102400,9000,118.29
1000,10240,690,101.00
10000,1048576,1745,1988.96
1000,10240,455,101.47
10000,10240,7503,194.47
10000,10240,7009,218.60
10000,10240,7096,93.78
10000,1048576,6770,1418.94
10000,1048576,5850,1457.35
10000,10240,2633,98.06
10000,102400,297,115.73
10000,1048576,4777,1832.72
1000,102400,453,122.80
10000,10240,7443,90.64
10000,10240,9401,91.52
10000,10240,631,94.65
10000,102400,2319,116.98
1000,10485760,573,5145.87
10000,102400,313,126.78
10000,102400,9870,116.09
10000,1048576,5123,1273.24
10000,102400,8092,131.72
1000,102400,507,122.04
10000,1048576,9573,1196.59
10000,10240,7508,99.46
10000,102400,2567,110.00
1000,10485760,344,9969.29
1000,1048576,73,2026.62
10000,10240,1066,211.46
1000,10240,660,104.61
10000,102400,2823,221.56
10000,1048576,1855,1399.53
10000,1048576,3302,1121.85
10000,102400,6714,122.09
10000,10240,6053,238.62
10000,102400,9840,141.12
10000,102400,6239,101.20
10000,10240,3944,99.53
10000,10240,6135,99.08
10000,10240,172,96.73
1000,1048576,266,997.21
10000,10240,1022,117.65
10000,102400,9859,115.66
10000,1048576,2216,2563.61
10000,10240,242,102.85
10000,10240,3101,111.51
10000,1048576,7546,1180.09
10000,102400,9122,129.01
10000,1048576,6858,1023.32
10000,102400,3443,110.67
10000,10240,6173,91.16
1000,102400,124,119.73
10000,1048576,350,844.62
10000,1048576,9584,2356.66
10000,102400,7482,121.03
10000,1048576,8297,2495.90
10000,102400,7322,124.84
1000,102400,424,116.72
10000,1048576,1918,1244.85
10000,102400,3920,123.44
10000,10240,2864,91.11
10000,102400,8018,110.05
10000,1048576,7301,753.22
10000,1048576,9660,777.59
10000,102400,7233,124.22
10000,1048576,7530,637.83
10000,10240,9078,98.67
10000,1048576,9854,677.76
10000,102400,6016,117.55
10000,102400,3194,115.62
10000,1048576,1438,1363.43
10000,102400,5590,121.04
10000,102400,7303,99.28
10000,102400,156,111.28
10000,102400,9101,117.79
1000,102400,172,116.53
10000,10240,1559,208.55
10000,102400,8759,109.81
10000,1048576,2614,2727.95
1000,10240,540,103.38
10000,1048576,5094,871.70
10000,102400,1227,119.08
10000,10240,1904,95.97
10000,10240,568,100.11
10000,102400,8719,122.47
10000,10240,4157,98.54
10000,10240,9701,99.53
10000,10240,9346,97.45
10000,10240,2887,94.86
1000,10240,537,100.13
10000,1048576,3933,884.93
10000,102400,1964,127.75
10000,102400,8412,108.82
10000,1048576,9197,1357.22
10000,1048576,5252,2440.85
10000,1048576,8300,2052.07
10000,10240,491,98.46
10000,102400,3285,106.89
10000,10240,4617,99.96
10000,10240,4353,101.55
10000,102400,3100,120.33
10000,1048576,5631,2407.30
10000,1048576,8632,1971.80
10000,102400,9770,114.73
10000,1048576,5576,1375.78
10000,10240,6157,105.83
10000,1048576,2418,2706.19
10000,1048576,9328,960.88
1000,10240,618,103.55
10000,10240,9402,90.50
1000,1048576,490,1756.67
10000,10240,9680,98.65
1000,10485760,507,15092.24
1000,102400,503,221.50
10000,1048576,1454,1778.83
1000,10485760,94,13810.96
10000,10240,5598,237.03
10000,102400,7457,134.17
10000,1048576,3221,4172.87
10000,1048576,430,2577.16
10000,102400,7116,124.46
10000,102400,5127,113.86
10000,1048576,9356,2061.47
10000,10240,5223,102.91
10000,1048576,7185,1362.56
10000,1048576,4659,2742.53
10000,102400,1520,162.84
10000,1048576,9044,2833.39
10000,102400,7639,115.25
10000,1048576,9068,1052.58
1000,10485760,29,16450.58
1000,1048576,562,3431.05
10000,1048576,6466,2014.77
10000,1048576,1749,4596.78
10000,102400,3711,128.11
10000,102400,1510,246.57
1000,102400,846,122.78
1000,1048576,599,4563.74
1000,10485760,73,13755.75
10000,10240,8639,233.59
10000,1048576,7257,3315.15
1000,10485760,210,11547.19
10000,102400,9132,132.26
10000,102400,6111,236.86
10000,102400,6648,135.68
10000,10240,4309,98.70
10000,1048576,9310,868.70
10000,102400,8961,124.33
1000,1048576,327,1076.55
10000,102400,382,127.88
1000,10240,54,102.50
10000,10240,285,100.39
10000,102400,9761,111.02
10000,10240,2549,101.77
10000,10240,1413,101.05
10000,10240,2680,101.62
10000,1048576,8912,1092.60
10000,10240,3465,107.39
10000,10240,6868,102.46
10000,10240,5738,97.03
10000,1048576,8670,2360.42
10000,1048576,9767,2003.91
10000,10240,5596,108.12
1000,10485760,499,15961.33
1000,10485760,88,11890.84
10000,102400,1639,278.77
10000,1048576,9597,1054.76
10000,1048576,1996,751.20
10000,1048576,481,701.01
10000,102400,9902,116.74
10000,102400,872,111.18
10000,1048576,9391,846.82
10000,1048576,3679,939.35
10000,1048576,3446,841.11
10000,10240,7597,112.45
10000,1048576,1977,732.88
10000,1048576,5330,837.21
10000,10240,9267,114.48
10000,102400,8882,129.07
1000,1048576,372,935.72
10000,10240,4045,109.51
10000,10240,8064,96.20
10000,10240,7713,108.58
10000,1048576,5343,1873.65
10000,102400,2958,128.93
10000,102400,2109,103.51
10000,1048576,4982,1948.85
10000,10240,8868,105.48
10000,10240,520,87.66
10000,10240,980,97.53
10000,1048576,1551,811.41
10000,10240,1356,104.79
10000,1048576,901,856.98
10000,1048576,5886,733.43
10000,10240,759,116.62
10000,102400,8489,114.74
10000,102400,5656,115.66
10000,1048576,761,742.15
10000,102400,4879,135.53
1000,10485760,764,4167.51
10000,102400,2342,121.51
10000,102400,4010,121.98
10000,10240,9679,98.95
10000,102400,9121,113.59
1000,10485760,171,4796.37
10000,102400,3654,128.72
10000,10240,622,202.48
10000,10240,9397,99.90
10000,1048576,9831,928.89
1000,10485760,300,3917.72
10000,1048576,683,2229.11
10000,102400,5685,123.08
10000,1048576,1887,1224.41
10000,102400,3686,125.18
10000,1048576,8619,1039.19
10000,1048576,2337,742.13
10000,1048576,3474,775.42
10000,102400,6620,122.22
10000,1048576,6419,810.32
10000,1048576,4017,1872.35
10000,10240,9858,107.22
1000,102400,993,119.62
10000,10240,5786,104.63
10000,102400,5260,161.91
10000,10240,7408,101.80
10000,1048576,276,3047.95
10000,102400,3138,120.21
10000,1048576,5920,1408.06
10000,10240,3150,102.31
10000,102400,5850,120.52
10000,102400,7318,115.07
10000,1048576,7574,2007.71
10000,10240,4108,109.15
10000,10240,9082,98.12
10000,10240,7741,97.53
10000,1048576,1066,4605.08
1000,10240,981,101.59
10000,10240,3343,261.18
10000,102400,4594,118.53
10000,102400,7960,118.03
10000,1048576,7399,3539.21
10000,102400,1933,159.32
10000,1048576,6461,4618.34
10000,102400,8286,366.50
10000,102400,8022,101.56
10000,102400,769,111.67
10000,1048576,1931,2919.12
10000,10240,7931,97.97
10000,10240,7766,92.52
1000,10485760,428,25582.34
10000,102400,8334,310.20
10000,10240,5122,99.15
10000,102400,5221,105.90
10000,102400,6005,237.73
10000,102400,6869,319.28
1000,1048576,925,3511.13
10000,10240,6638,260.39
10000,1048576,2392,3123.06
10000,10240,7307,106.48
10000,102400,6215,112.45
10000,10240,6678,96.67
10000,10240,3890,103.68
1000,10240,913,103.54
10000,1048576,7637,3467.48
10000,10240,4126,111.42
10000,1048576,8592,3306.86
10000,102400,7583,114.72
10000,102400,3244,102.91
10000,102400,6383,222.61
10000,10240,3342,94.81
10000,102400,5762,113.40
10000,102400,3737,122.17
10000,10240,4866,98.42
10000,10240,5495,98.08
10000,1048576,6743,3149.17
10000,102400,9016,117.06
10000,1048576,2336,3401.35
10000,102400,8768,112.47
10000,10240,4390,98.25
10000,1048576,8413,968.51
10000,10240,8415,97.14
10000,102400,397,122.25
1000,10240,275,92.56
10000,10240,8390,101.36
10000,1048576,8565,767.03
10000,10240,3748,146.19
10000,102400,2840,120.82
10000,102400,8968,118.91
10000,1048576,6451,846.77
10000,1048576,6628,787.90
10000,10240,6443,101.31
10000,10240,6914,95.64
10000,102400,7657,120.81
10000,10240,4470,115.91
10000,102400,3734,109.39
10000,1048576,8408,951.95
10000,10240,2144,105.68
10000,1048576,9957,572.27
1000,102400,44,118.80
10000,1048576,2521,696.53
10000,1048576,3981,992.78
10000,1048576,6479,812.20
10000,102400,8086,135.82
10000,1048576,5281,707.05
10000,10240,6601,106.23
10000,102400,4491,126.03
10000,1048576,4043,801.34
10000,102400,9272,251.07
10000,1048576,5702,1119.00
10000,1048576,3839,925.01
1000,10485760,62,3341.68
10000,102400,4884,135.09
10000,10240,8103,97.20
10000,102400,8965,104.95
10000,1048576,3108,744.65
10000,102400,1747,120.78
10000,1048576,5433,842.88
10000,10240,8476,116.38
10000,10240,7348,93.96
10000,10240,1206,106.26
10000,1048576,7296,780.79
10000,102400,3442,128.95
10000,10240,5937,103.15
10000,10240,8972,100.74
10000,102400,2699,119.29
10000,102400,6889,112.70
10000,1048576,153,745.02
10000,102400,6553,125.97
10000,1048576,4806,743.95
1000,1048576,938,915.51
10000,1048576,9307,776.59
10000,1048576,7342,610.90
10000,1048576,2989,561.20
1000,1048576,816,891.13
100,1048576,48,636.63
10000,1048576,1736,759.06
10000,10240,5401,108.39
10000,102400,2536,107.27
10000,102400,2775,112.53
10000,1048576,6890,800.25
10000,102400,8544,114.54
10000,1048576,2380,635.63
10000,102400,6050,115.48
10000,10240,9766,96.69
10000,1048576,2624,818.29
10000,102400,929,205.24
10000,10240,4783,91.74
10000,1048576,4139,852.51
10000,102400,4209,127.83
10000,10240,1012,101.83
10000,102400,7401,113.94
10000,102400,1664,119.82
10000,1048576,1458,874.03
1000,10485760,68,4101.31
10000,10240,7972,109.77
100,10240,12,87.25
10000,10240,699,102.80
10000,1048576,6412,850.21
10000,10240,2826,106.53
10000,1048576,1755,692.86
10000,10240,6935,97.10
10000,10240,85,84.82
10000,102400,4615,118.28
10000,102400,2123,112.46
10000,102400,4281,118.69
10000,1048576,3259,866.91
10000,1048576,3260,659.36
10000,1048576,9329,676.34
10000,10240,3416,103.68
10000,1048576,1677,829.20
10000,10240,3643,100.50
10000,102400,7615,119.79
10000,10240,1278,107.05
10000,102400,9241,117.20
10000,102400,5547,114.72
10000,1048576,622,797.21
10000,10240,3050,109.62
10000,102400,9895,115.90
10000,10240,6439,101.67
10000,102400,7053,112.36
10000,10240,3067,107.27
10000,1048576,1927,829.61
10000,10240,8470,107.67
10000,10240,7489,102.86
10000,1048576,2947,839.35
10000,1048576,1156,734.22
10000,102400,6299,125.88
10,10485760,4,3345.43
1000,10485760,194,4786.27
10000,1048576,6786,947.68
10000,1048576,6836,719.67
10000,1048576,349,40456.24
10000,10240,7790,286.31
10000,102400,6394,412.52
10000,10240,1275,103.84
1000,10240,665,148.34
10000,10240,7873,341.69
10000,102400,9975,120.08
10000,10240,4121,102.85
10000,1048576,5031,998.99
10000,102400,5126,241.57
1000,10240,154,100.81
10000,10240,4056,101.49
10000,10240,2273,97.31
10000,102400,7486,113.31
10000,1048576,3264,880.02
10000,1048576,1694,749.57
10000,102400,3754,128.62
10000,10240,8142,101.81
10000,10240,4117,98.57
1000,102400,251,117.50
10000,10240,4127,96.23
10000,1048576,2794,768.88
10000,102400,7506,122.62
10000,1048576,1766,833.45
10000,1048576,8194,830.40
10000,102400,5766,125.32
10000,102400,6218,113.13
10000,102400,509,120.60
10000,1048576,4189,716.52
10000,10240,8645,98.78
10000,1048576,3257,849.42
1000,1048576,63,946.59
10000,102400,5841,129.08
10000,10240,5108,104.50
10000,102400,5107,119.24
10000,10240,3852,105.11
10000,10240,3462,101.40
10000,1048576,1488,865.10
10000,102400,8309,119.33
10000,10240,4283,107.31
1000,10485760,394,3771.72
10000,1048576,8056,698.09
1000,10240,464,101.45
10000,102400,909,114.97
1000,102400,74,113.52
10000,10240,2539,100.78
10000,1048576,6405,883.33
10000,102400,499,131.83
10000,1048576,8303,828.97
10000,102400,2884,127.40
10000,10240,9901,102.99
10000,1048576,9155,809.12
10000,10240,9316,104.34
1000,10240,409,94.24
10000,102400,5971,113.57
10000,102400,2455,118.44
1000,1048576,231,739.12
10000,102400,134,130.18
10000,102400,4734,114.03
10000,1048576,1202,831.37
10000,10240,6646,112.30
10000,102400,4990,114.86
10000,10240,1419,94.67
10000,102400,2033,114.63
10000,10240,1390,102.59
10000,1048576,9627,835.31
1000,102400,150,111.15
10000,1048576,3765,709.19
10000,1048576,1184,799.95
10000,10240,3837,109.51
1000,10485760,20,4238.51
10000,102400,3166,120.85
10000,102400,2100,106.36
10000,1048576,4886,845.78
1000,1048576,430,863.52
10000,102400,2803,118.82
1000,10240,90,93.14
10000,10240,552,101.30
10000,10240,1173,100.80
10000,102400,4292,110.05
10000,10240,7437,99.77
10000,1048576,4191,871.91
10000,1048576,7798,978.98
10000,10240,5452,102.93
10000,10240,5550,95.39
10000,102400,3196,109.35
10000,102400,2250,120.75
10000,10240,5282,98.92
10000,1048576,7621,932.26
1000,10485760,571,3481.69
10000,1048576,994,654.43
10000,102400,8943,117.83
10000,10240,4104,101.02
10000,102400,2930,117.78
10000,102400,4859,117.15
1000,10485760,766,4391.25
1000,102400,764,138.56
1000,10240,954,99.46
10000,102400,2715,113.67
1000,10240,986,100.54
10000,1048576,2950,882.98
10000,102400,2086,124.82
10000,102400,8123,117.61
10000,102400,1389,121.02
10000,1048576,9450,725.39
10000,102400,1492,126.48
100,10485760,7,3654.40
10000,1048576,2713,851.37
10000,10240,6620,106.05
10000,1048576,5257,919.09
10000,10240,3598,107.31
10000,102400,6735,118.73
10000,10240,941,96.82
10000,1048576,5020,729.50
10000,1048576,3009,673.14
10000,1048576,2734,658.98
10000,10240,8000,105.69
1000,1048576,948,685.71
10000,10240,6946,96.72
10000,10240,1087,88.97
10000,102400,6075,218.40
10000,1048576,7242,736.29
10000,102400,8703,127.21
10000,102400,9686,105.90
10000,1048576,6468,850.28
10000,102400,6779,116.67
10000,102400,8113,107.11
10000,1048576,933,913.49
10000,10240,6049,99.36
10000,102400,5405,119.63
10000,1048576,3032,858.77
10000,10240,7867,102.97
10000,102400,2439,109.64
10000,1048576,7903,832.12
10000,1048576,1921,619.87
10000,1048576,26,632.05
10000,102400,4422,111.17
10000,102400,6586,111.63
10000,1048576,8090,804.30
1000,102400,47,113.93
10000,1048576,6241,563.82
10000,102400,5306,113.99
10000,1048576,4102,568.83
10000,1048576,9985,688.08
10000,1048576,923,671.69
10000,10240,8730,112.65
10000,1048576,3537,549.21
1000,10485760,937,3607.79
10000,10240,6276,108.26
10000,1048576,6011,769.91
10000,1048576,1621,687.34
10000,102400,543,127.54
10000,102400,7299,110.08
10000,10240,9283,108.99
10000,10240,5797,97.90
10000,1048576,4011,732.57
1000,1048576,833,589.72
10000,102400,1897,119.25
10000,1048576,1937,638.95
10000,10240,7013,96.89
10000,1048576,1760,797.79
10000,102400,4213,120.86
10000,1048576,9648,591.77
10000,10240,2376,101.68
10000,102400,4195,123.06
1000,10485760,942,3366.81
10000,10240,6998,108.64
10000,102400,6810,120.54
10000,1048576,9737,804.50
10000,102400,9508,134.59
10000,102400,9267,117.06
10000,102400,8696,114.12
10000,1048576,6568,795.68
10000,1048576,2168,565.07
10000,10240,1820,95.26
10000,1048576,2756,734.80
10000,102400,124,117.93
10000,1048576,1572,655.85
10000,10240,3574,99.01
1000,102400,919,119.48
10000,1048576,3305,896.44
10000,1048576,519,727.57
10000,102400,5489,123.38
10000,102400,6113,114.00
10000,10240,2568,103.14
10000,102400,6487,125.59
10000,102400,1310,111.38
10000,1048576,8891,751.00
1000,1048576,45,647.68
10000,102400,797,110.43
10000,10240,2491,99.47
10000,1048576,6308,785.19
10000,1048576,4144,595.62
10000,1048576,6738,778.62
10000,1048576,4065,709.02
100,10240,44,102.54
10000,1048576,5707,703.24
10000,10240,1200,93.67
1000,102400,566,121.22
1000,10485760,285,3692.67
10000,1048576,6061,654.33
10000,10240,3211,98.60
10000,1048576,6721,835.40
1000,10240,195,106.97
100,1048576,67,846.89
10000,1048576,5807,718.00
10000,102400,7277,127.67
10000,10240,4651,99.50
10000,102400,4137,115.04
10000,10240,5408,101.36
10000,10240,9986,99.73
10000,1048576,1345,750.80
10000,102400,7812,126.96
100,102400,35,114.39
10000,1048576,3727,807.26
1000,1048576,470,776.92
10000,102400,7083,117.40
10000,1048576,402,683.12
10000,102400,3379,122.50
10000,102400,608,116.22
10000,10240,2979,108.29
10000,102400,5242,114.87
10000,102400,144,120.35
10000,102400,7426,113.41
10000,10240,3307,98.89
10000,10240,9130,99.83
10000,10240,8185,101.35
10000,10240,4051,94.55
10000,102400,6758,112.00
10000,102400,5515,121.18
10000,102400,981,106.97
10000,1048576,4824,741.21
10000,10240,2465,105.05
1000,102400,256,116.64
10000,1048576,2275,774.37
10000,1048576,5965,762.69
10000,1048576,6103,576.74
10000,10240,5706,103.25
10000,10240,7370,95.31
10000,10240,3076,92.61
10000,10240,4319,99.55
10000,10240,9605,95.01
10000,1048576,892,856.90
10000,10240,2257,100.47
1000,10240,534,99.18
1000,10485760,203,4022.20
10000,10240,4090,104.89
10000,10240,7056,98.89
10000,10240,2953,96.05
10000,1048576,9593,799.82
10000,102400,9291,126.86
10000,1048576,3998,767.53
1000,1048576,709,726.03
10000,1048576,940,811.20
10000,10240,1643,106.98
10000,102400,2478,119.07
10000,10240,3648,102.76
10000,1048576,7911,811.24
10000,1048576,9640,645.16
10000,10240,7017,97.85
10000,10240,6414,92.74
10000,102400,9630,111.97
10000,102400,7541,118.57
10000,10240,3804,98.15
10000,1048576,4079,729.49
10000,1048576,1219,777.59
10000,10240,3797,106.95
10000,1048576,3559,952.57
10000,10240,4165,110.83
10000,102400,1490,115.41
10000,10240,8630,96.43
10000,1048576,6940,701.41
10000,102400,7217,123.30
10000,1048576,5089,778.00
10000,102400,6368,119.75
10000,102400,421,114.80
10000,10240,2171,98.12
10000,1048576,6965,960.87
10000,1048576,1938,697.83
10000,1048576,3599,719.71
10000,1048576,5270,748.98
10000,102400,1232,124.73
10000,102400,9650,109.22
10000,10240,7454,97.62
10000,1048576,2621,938.34
1000,10240,642,110.78
10000,102400,2883,113.75
10000,1048576,784,1002.86
10000,102400,8416,126.01
10000,1048576,4872,706.16
10000,1048576,1462,725.95
10000,10240,4096,107.79
1000,10240,599,93.55
10000,10240,3741,103.48
10000,1048576,366,911.50
10000,102400,8900,120.75
10000,10240,102,100.53
10000,102400,423,107.83
10000,1048576,3989,814.56
1000,10240,102,100.96
10000,102400,3828,107.27
10000,10240,4706,98.35
10000,102400,5130,128.98
10000,10240,2104,355.52
10000,102400,7527,110.94
10000,10240,6577,107.91
10000,102400,4756,116.06
10000,102400,2709,112.95
10000,1048576,7971,710.93
10000,102400,293,134.00
10000,102400,7896,118.79
10000,102400,8828,115.19
10000,1048576,1838,763.18
10000,102400,3421,125.10
10000,102400,7349,112.81
10000,1048576,3967,836.23
10000,10240,8814,103.48
10000,102400,2915,114.15
10000,102400,6501,106.11
10000,102400,9252,111.91
10000,102400,684,112.60
10000,1048576,2833,868.07
10000,10240,3558,105.74
10000,102400,838,114.94
10000,1048576,6903,841.69
10000,10240,9032,109.40
1000,10240,472,99.19
1000,10485760,228,3830.73
10000,1048576,609,701.46
10000,102400,1754,131.23
10000,10240,4097,99.24
10000,102400,215,111.50
10000,10240,2015,101.89
10000,10240,3592,101.58
10000,10240,4931,104.51
10000,10240,1069,100.43
10000,1048576,3455,840.98
10000,102400,9691,127.20
10000,10240,7356,97.89
10000,10240,7400,101.10
10000,102400,4047,112.47
10000,102400,8458,109.82
10000,102400,5276,117.44
10000,102400,9824,111.60
1000,10240,612,102.53
10000,10240,9454,98.76
10000,10240,7269,93.87
10000,1048576,3906,750.01
1000,1048576,691,571.26
10000,10240,1871,115.41
10000,10240,6239,100.08
10000,102400,2523,114.87
10000,1048576,4721,802.42
10000,1048576,1583,656.67
10000,102400,6499,121.12
1000,102400,598,115.97
10000,10240,9921,94.69
10000,102400,1842,113.85
10000,102400,9914,111.66
1000,1048576,751,736.97
10000,10240,6453,109.31
10000,1048576,6007,742.55
10000,10240,3829,108.88
1000,102400,548,114.69
10000,102400,5628,112.50
10000,1048576,2001,20551.63
10000,1048576,3339,1126.85
10000,102400,7115,251.97
10000,10240,6801,311.84
10000,10240,6793,339.96
1000,10240,415,95.02
10000,102400,1633,157.00
10000,1048576,7221,784.77
1000,10240,566,97.01
10000,10240,3027,98.19
10000,10240,1281,101.08
10000,1048576,3369,872.28
10000,102400,7158,120.54
10000,102400,9722,111.19
10000,1048576,9771,1012.88
10000,10240,8578,108.13
10000,10240,8490,93.32
10000,10240,8909,97.81
10000,102400,7892,118.72
10000,1048576,3692,830.16
10000,1048576,7008,605.23
10000,102400,7418,119.42
10000,10240,2821,104.25
1000,1048576,281,828.15
10000,10240,65,106.14
10000,102400,2575,122.28
10000,10240,4570,96.61
10000,10240,229,102.83
10000,1048576,5748,858.15
10000,102400,1682,113.67
1000,10240,505,108.37
10000,102400,6046,119.84
10000,1048576,4914,825.27
10000,1048576,5151,781.47
10000,1048576,8846,778.63
10000,102400,6719,127.61
10000,102400,6524,116.03
10000,102400,112,118.36
10000,102400,5516,109.58
10000,10240,953,101.51
10000,10240,1271,99.81
10000,102400,9771,110.27
10000,1048576,9204,939.24
10000,1048576,7896,797.52
10000,10240,2694,112.25
10000,10240,4897,98.83
1000,10240,966,101.62
10000,10240,3047,96.85
10000,1048576,1270,745.74
10000,102400,6273,122.05
10000,10240,2254,91.23
10000,1048576,6282,725.35
10000,10240,4731,102.22
10000,102400,8859,116.17
10000,102400,9694,107.43
10000,1048576,4845,865.31
10000,102400,9409,116.86
10000,10240,8965,91.66
10000,102400,3261,108.80
10000,10240,6996,97.77
10000,1048576,5651,850.80
10000,1048576,2436,714.18
10000,10240,4113,95.16
10000,1048576,3757,591.70
10000,10240,3675,95.56
10000,10240,1049,96.81
10000,102400,3159,123.01
10000,1048576,5985,980.23
10,104857600,7,35109.68
1000,102400,312,568.38
10000,1048576,21,1135.50
10000,1048576,5424,1092.30
10000,10240,1598,109.31
10000,10240,4701,98.64
10000,10240,7730,241.72
1000,10240,770,105.90
10000,10240,2587,313.40
10000,10240,8607,98.30
10000,102400,2590,117.51
10000,102400,9542,116.63
10000,102400,844,111.09
10000,1048576,5235,875.89
10000,102400,2358,131.89
10000,10240,6583,105.26
10000,10240,5227,107.50
10000,102400,6160,122.12
100,104857600,47,32376.56
10000,1048576,8900,784.48
10000,1048576,1960,812.94
10000,10240,693,232.49
10000,1048576,6233,916.42
10000,10240,8279,108.68
10000,1048576,6497,934.13
10000,102400,663,296.01
100,10240,58,107.31
10000,102400,3801,119.06
1000,102400,31,107.45
10000,102400,8402,127.10
10000,10240,1476,98.63
10000,102400,2124,115.72
10000,10240,381,101.08
10000,10240,5248,101.81
100,10240,63,97.06
10000,1048576,7898,796.18
10000,102400,6076,119.39
10000,1048576,136,604.37
10000,102400,2236,113.17
10000,10240,1937,96.93
1000,10485760,650,4496.46
10000,10240,302,113.46
10000,10240,2624,91.52
10000,10240,7158,102.85
1000,1048576,531,885.36
1000,1048576,702,776.25
10000,10240,2321,107.57
10000,1048576,4496,771.15
100,102400,32,128.93
10000,1048576,5358,1082.13
10000,1048576,2035,821.45
1000,10240,836,107.66
10000,10240,1452,91.49
10000,10240,8065,101.35
10000,102400,7650,116.82
10000,102400,7822,113.15
10000,1048576,763,740.01
10000,1048576,4879,728.23
10000,1048576,5778,961.22
10000,10240,7961,108.33
10000,10240,967,99.75
10000,102400,3669,118.05
10000,10240,8116,104.45
10000,1048576,6577,789.82
10000,10240,2476,105.49
1000,10485760,115,3908.70
10000,10240,3966,109.08
10000,10240,3791,90.04
10000,10240,7747,106.47
10000,10240,9922,94.84
10000,10240,9406,94.78
10000,1048576,6727,845.35
10000,10240,8437,118.15
10000,10240,6644,112.08
10000,10240,7876,98.01
10000,1048576,6876,791.27
10000,102400,3615,124.28
10000,102400,951,126.74
10000,102400,9216,118.51
10000,102400,2120,118.28
10000,102400,6000,119.50
10000,1048576,5906,834.06
10000,10240,6993,111.73
10000,1048576,4415,763.98
10000,10240,761,111.82
10000,102400,755,117.84
10000,102400,3397,115.84
10000,102400,9303,118.92
10000,1048576,814,826.68
10000,102400,5554,117.40
10000,1048576,621,815.75
10000,1048576,4858,888.02
10000,10240,418,97.76
10000,1048576,7122,733.37
10000,10240,4233,111.44
10000,102400,9652,119.90
10000,1048576,9249,775.32
10000,1048576,6933,839.95
10000,1048576,8101,812.56
10000,1048576,4077,573.08
10000,10240,2676,100.73
10000,1048576,2967,788.67
10000,10240,1238,106.75
10000,1048576,3118,786.37
10000,1048576,7579,835.60
10000,102400,4318,128.03
10000,102400,6242,119.64
10000,1048576,9965,788.55
10000,10240,2045,109.87
10000,1048576,5200,613.04
1000,10485760,329,4107.93
10000,1048576,8980,842.27
10000,102400,6341,132.02
10000,10240,7040,98.88
1000,10240,595,102.00
10000,10240,7052,102.27
10000,102400,2465,120.35
1000,10240,778,98.97
10000,102400,5558,115.93
10000,102400,4635,117.82
10000,102400,4603,118.77
10000,10240,1628,99.39
10000,1048576,353,796.12
10000,102400,8580,122.08
10000,10240,2768,105.45
10000,1048576,2454,735.77
10000,10240,388,108.43
10000,1048576,261,807.81
10000,10240,1351,107.46
10000,1048576,3371,775.52
10000,102400,1026,117.06
10000,102400,9754,108.86
10000,102400,5716,116.89
100,1048576,24,836.80
10000,102400,130,127.31
10000,10240,4597,96.39
1000,1048576,193,915.86
1000,10240,91,107.31
10000,102400,6370,120.34
10000,1048576,9064,825.83
10000,10240,2572,102.79
10000,1048576,9925,924.38
10000,1048576,2108,670.83
10000,1048576,2197,753.06
10000,10240,2178,105.81
10000,1048576,1569,903.38
10000,10240,2340,105.42
10000,10240,9080,100.87
1000,102400,718,112.13
10000,10240,1134,103.63
10000,10240,1922,95.52
10000,102400,5995,114.62
10000,10240,2700,104.47
10000,102400,6710,126.83
10000,1048576,6997,888.55
10000,10240,5130,102.81
10000,10240,4833,108.54
10000,1048576,1449,765.57
10000,10240,3527,108.54
10000,1048576,8477,801.30
10000,1048576,4316,895.06
1000,10485760,577,4626.31
10000,102400,5879,133.56
10000,10240,3464,98.17
10000,10240,397,99.11
10000,102400,8387,106.24
1000,1048576,241,588.25
10000,10240,313,101.53
10000,1048576,6045,649.97
10000,1048576,6747,775.49
10000,10240,9855,106.31
10000,10240,1834,114.78
1000,10240,340,103.70
10000,10240,6433,92.54
10000,10240,7812,89.49
10000,10240,7651,93.03
10000,10240,7215,91.14
10000,1048576,517,623.04
10000,1048576,3442,1208.04
10000,1048576,1862,699.33
10000,1048576,2634,682.53
10000,102400,8477,125.26
10000,1048576,7388,662.93
10000,10240,5683,122.09
10000,102400,4905,109.71
10000,102400,3372,107.87
10000,102400,6173,110.42
10000,10240,7530,99.19
10000,10240,677,91.86
10000,10240,8079,99.92
10000,102400,308,103.50
10000,10240,2615,92.90
10000,1048576,1369,627.16
10000,102400,513,115.47
10000,102400,3237,114.98
10000,102400,8407,114.43
1000,10240,962,90.28
10000,102400,9482,106.51
10000,102400,5102,103.34
10000,102400,3026,111.40
10000,10240,9006,93.37
10000,1048576,6600,594.54
10000,10240,4548,105.46
10000,102400,5363,120.59
10000,102400,7009,118.94
10000,102400,9348,123.62
10000,10240,2343,98.04
10000,102400,2755,112.33
10000,10240,216,96.61
10000,10240,1186,99.56
10000,1048576,5214,808.57
10000,10240,7711,118.85
10000,1048576,8982,931.41
10000,102400,6679,160.82
1000,1048576,606,799.58
10000,10240,8692,109.11
1000,10485760,699,4077.32
10000,102400,2461,445.76
10000,102400,1159,121.34
10000,10240,969,100.46
10000,10240,7956,94.92
1000,10240,74,106.49
10000,1048576,8483,914.00
10000,1048576,4994,816.44
10000,102400,2505,127.72
10000,1048576,2495,591.36
10000,1048576,1646,639.49
10000,10240,9067,109.16
10000,102400,1605,116.22
10000,1048576,1302,850.66
10000,102400,9959,132.83
10000,1048576,363,630.07
10000,10240,5723,97.44
10000,10240,7495,99.63
10000,1048576,1390,710.08
10000,10240,4831,103.17
10000,1048576,1496,625.11
10000,102400,8047,113.33
10000,102400,1687,107.51
1000,102400,201,117.37
10000,102400,142,109.02
10000,10240,7993,107.05
1000,102400,538,110.11
10000,10240,2311,98.19
10000,10240,6836,95.46
10000,1048576,1923,754.83
1000,10485760,990,4316.06
10000,1048576,6287,598.62
10000,1048576,6623,560.15
10000,102400,4518,116.29
10000,102400,3241,111.14
10000,1048576,2058,861.19
10000,102400,7396,125.53
1000,102400,278,97.95
10000,10240,4210,90.91
10000,10240,7189,99.93
10000,1048576,1903,833.40
10000,1048576,7467,740.88
10000,10240,2318,104.42
10000,10240,6823,90.09
10000,10240,9626,95.54
10000,10240,9640,90.05
10000,10240,3875,98.97
10000,10240,5997,106.18
1000,10240,390,99.15
10000,10240,7032,93.84
10000,102400,6820,121.61
10000,102400,9507,111.59
10000,10240,6732,97.46
10000,1048576,420,28982.75
10000,102400,3049,308.11
10000,10240,2862,102.52
10000,10240,9379,228.03
10000,10240,5254,119.48
10000,10240,4368,95.94
10000,102400,8250,155.13
1000,10485760,690,4750.79
10000,102400,2906,144.31
10000,102400,7157,116.65
10000,10240,6420,95.65
1000,102400,948,115.11
10000,10240,7750,203.31
1000,1048576,976,741.97
10000,102400,7876,126.18
10000,102400,118,113.74
10000,102400,4420,114.77
10000,10240,4185,100.77
10000,102400,9834,116.17
10000,1048576,9623,781.74
10000,102400,3731,119.32
10000,10240,3031,100.65
10000,1048576,9121,753.39
10000,10240,6449,101.10
10000,102400,579,127.99
10000,102400,1062,104.67
10000,1048576,6134,815.30
10000,102400,5058,130.89
10000,102400,6575,114.23
10000,1048576,6973,834.80
10000,102400,5543,126.96
10000,10240,6920,101.68
10000,10240,6238,98.01
10000,1048576,3568,755.71
10000,1048576,9926,610.60
1000,1048576,70,732.21
10000,102400,3117,122.48
1000,10240,895,474.54
10000,1048576,3006,748.38
10000,10240,894,100.17
10000,1048576,1220,596.58
10000,102400,2787,121.35
10000,10240,8911,109.48
10000,102400,7145,112.96
1000,10485760,705,4190.52
10000,10240,7703,117.72
10000,10240,2151,94.90
10000,10240,8699,102.29
10000,10240,6112,100.32
10000,102400,8505,123.85
1000,10240,650,104.62
1000,10240,461,100.20
10000,10240,6521,100.20
10000,102400,942,121.74
10000,1048576,3498,880.26
10000,10240,7035,111.46
10000,102400,6829,116.05
10000,10240,4990,105.09
10000,10240,802,100.78
10000,1048576,8677,738.29
10000,1048576,7361,611.88
10000,1048576,3780,788.41
10000,102400,7555,121.51
1000,10240,400,95.34
10000,102400,7931,106.77
10000,1048576,4350,1045.79
10000,10240,4581,109.75
10000,1048576,714,630.85
10000,102400,3413,122.58
10000,10240,1072,93.79
10000,1048576,7443,747.72
10000,102400,3002,136.60
10000,1048576,8678,2178.92
10000,1048576,5759,692.80
10000,1048576,4225,569.01
10000,102400,6465,120.77
10000,10240,6487,101.25
10000,10240,4745,96.47
10000,102400,4989,118.48
1000,1048576,326,764.78
10000,10240,9036,105.02
10000,10240,8725,103.95
10000,102400,3766,116.84
10000,102400,7372,122.02
10000,102400,9675,124.96
10000,1048576,5188,797.72
10000,10240,171,100.06
10000,10240,1307,96.68
10000,102400,8307,111.43
10000,10240,2983,100.94
10000,10240,5672,102.41
1000,10240,629,98.14
10000,10240,1831,97.37
1000,10485760,737,4162.34
10000,102400,6890,123.79
10000,1048576,281,570.20
10000,10240,1737,98.77
10000,1048576,6046,584.06
10000,10240,3542,102.26
10000,10240,9415,105.28
10000,1048576,3492,902.55
10000,1048576,3855,656.83
10000,1048576,4658,599.95
10000,10240,9539,101.29
10000,102400,5769,115.63
10000,10240,3945,100.99
10000,102400,4614,111.58
10000,1048576,9478,743.87
10000,1048576,7584,857.69
10000,1048576,4031,691.28
10000,102400,3626,119.25
10000,102400,8014,106.63
10000,102400,8279,112.25
10000,1048576,5785,743.13
1000,1048576,544,576.33
1000,1048576,276,626.95
10000,10240,3480,104.58
10000,10240,7060,91.74
1000,10240,33,98.31
1000,10485760,875,4539.41
10000,102400,996,134.62
10000,1048576,3860,661.26
1000,10485760,790,3564.92
10000,10240,2128,110.41
10000,102400,8322,126.28
10000,102400,5580,124.74
10000,102400,7185,119.01
10000,1048576,702,928.48
10000,1048576,7587,826.44
1000,10485760,538,3615.03
10000,10240,6042,108.19
10000,1048576,9311,694.67
1000,1048576,161,636.91
10000,102400,9816,129.34
10000,1048576,1573,778.44
10000,10240,3438,113.12
10000,10240,1165,97.31
10000,1048576,9254,600.42
10000,102400,3362,125.60
10000,1048576,6631,601.68
10000,1048576,3007,683.95
10000,1048576,1628,790.95
10000,1048576,5585,640.22
10000,1048576,6714,776.30
10000,1048576,3318,740.93
10000,10240,7007,111.08
10000,102400,8808,111.78
10000,1048576,2745,813.57
10000,1048576,8342,728.72
10000,102400,5519,127.06
10000,10240,3882,102.17
10000,1048576,8557,738.08
10000,1048576,9257,837.13
10000,102400,2294,129.24
10000,102400,1852,124.64
1000,1048576,592,935.23
10000,102400,9364,131.06
10000,10240,7991,99.73
10000,1048576,2393,775.43
10000,1048576,1073,663.37
10000,1048576,8357,681.36
10000,10240,9456,105.82
10000,102400,8464,109.46
10000,10240,6029,96.68
10000,102400,3632,121.11
10000,1048576,996,804.13
10000,10240,2361,106.88
10000,102400,5886,124.87
10000,1048576,9264,766.49
1000,1048576,768,599.49
10000,102400,6862,123.00
10000,1048576,7252,638.48
10000,102400,254,123.73
10000,10240,70,100.23
10000,1048576,3258,815.01
10000,102400,9725,126.90
10000,10240,6541,101.82
1000,10240,408,92.27
10000,10240,3575,96.92
10000,1048576,9351,750.71
1000,10485760,730,3414.41
10000,1048576,3587,652.08
1000,10240,668,103.93
10000,10240,3505,94.03
1000,102400,602,113.78
10000,1048576,6362,806.94
10000,1048576,8815,708.16
10000,10240,5689,106.65
10000,1048576,126,561.08
10000,102400,6803,122.37
10000,1048576,8684,616.11
10000,10240,7518,100.14
1000,1048576,479,699.20
10000,10240,2302,108.74
10000,1048576,5937,577.42
1000,1048576,922,599.43
10000,10240,2810,98.92
1000,1048576,386,703.08
10000,1048576,2226,649.34
10000,1048576,5193,829.02
10000,10240,1470,108.73
10000,102400,2658,118.62
10000,1048576,4000,700.30
10000,10240,976,100.08
10000,1048576,7056,648.66
10000,102400,3942,113.76
10000,10240,3082,89.63
10000,102400,9810,102.16
10000,10240,6997,94.97
10000,1048576,4113,862.64
10000,1048576,6984,600.67
10000,10240,8217,99.93
10000,102400,3084,104.89
10000,10240,4865,103.16
10000,10240,1759,101.36
10000,1048576,5630,742.91
10000,102400,6594,122.49
10000,10240,6052,270.33
10000,10240,7973,100.72
10000,10240,6466,95.73
10000,1048576,4045,831.27
10000,10240,3971,98.16
10000,10240,9433,98.58
10000,1048576,5011,718.51
10000,102400,5368,126.28
10000,102400,5955,107.83
10000,102400,5753,109.11
10000,10240,7464,108.61
10000,1048576,582,718.78
10000,1048576,2284,651.99
10000,1048576,1280,697.03
10000,1048576,8530,555.86
10000,1048576,1864,712.38
10000,1048576,4332,720.34
100,104857600,97,36068.73
10000,10240,1913,288.98
10000,10240,8288,207.33
10000,102400,6029,141.53
10000,10240,6899,123.42
10000,102400,2550,113.43
10000,10240,4083,98.48
10000,1048576,3169,865.16
10000,1048576,7063,812.11
100,10240,87,271.50
1000,10240,286,101.20
10000,10240,4070,104.68
10000,102400,5320,118.61
10000,102400,1147,116.92
10000,1048576,7086,769.02
10000,1048576,4255,626.62
10000,10240,3690,99.38
10000,10240,8815,95.66
10000,1048576,2024,814.79
10000,10240,6303,97.95
10000,1048576,4489,1007.12
10000,10240,6730,102.91
10000,102400,1717,118.87
10000,1048576,720,702.68
10000,102400,520,120.85
10000,10240,9091,104.30
100,10485760,3,3611.86
10000,102400,4909,138.11
10000,1048576,925,804.20
10000,1048576,5654,730.96
10000,10240,223,100.97
10000,1048576,3735,715.07
10000,1048576,1448,702.07
10000,102400,1945,120.50
10000,1048576,2753,672.92
10000,102400,2090,118.96
10000,10240,5920,104.62
10000,1048576,1612,919.86
10000,10240,6235,106.42
10000,102400,3260,111.77
10000,102400,2180,116.89
10000,102400,6832,114.32
1000,10485760,479,3451.41
10000,10240,7405,110.35
1000,1048576,701,711.81
10000,102400,6426,117.53
10000,10240,5633,103.63
10000,10240,9430,99.03
10000,1048576,706,813.61
10000,10240,4947,114.62
10000,102400,5383,113.41
10000,102400,9888,128.64
10000,10240,308,93.19
10000,10240,8765,98.05
10000,1048576,7049,817.59
10000,1048576,7815,608.22
10000,10240,7200,102.66
10000,10240,9363,100.59
10000,10240,7696,102.81
10000,102400,8753,118.47
10000,1048576,3862,744.88
1000,1048576,826,732.39
10000,102400,243,115.70
10000,10240,9777,93.33
10000,10240,7021,94.00
10000,102400,3870,112.66
10000,10240,8622,97.97
10000,102400,3523,110.44
10000,10240,1896,96.03
10000,1048576,5304,814.20
10000,102400,9177,115.76
10000,1048576,748,674.32
10000,1048576,2694,670.34
10000,10240,3121,99.76
10000,1048576,5130,856.78
10000,10240,9942,101.47
10000,10240,2949,99.13
10000,102400,806,121.16
10000,10240,5845,103.70
10000,102400,2686,111.75
10000,10240,488,99.60
10000,10240,747,113.56
10000,1048576,6490,860.12
10000,10240,5540,111.62
10000,102400,5797,115.50
10000,10240,8832,97.92
1000,1048576,91,744.80
10000,102400,3473,124.01
10000,1048576,5808,774.08
10000,10240,989,102.46
10000,10240,2281,95.88
10000,1048576,6990,900.44
10000,102400,7756,124.53
10000,1048576,2159,832.96
10000,10240,4505,108.35
10000,102400,2563,108.39
10000,1048576,2054,729.63
10000,102400,2687,120.86
10000,10240,5349,108.12
1000,102400,664,124.87
10000,10240,7162,96.39
10000,102400,563,112.80
10000,1048576,3050,754.20
10000,102400,6397,129.52
1000,102400,995,108.68
10000,10240,1767,98.77
10000,102400,727,114.85
10000,102400,3457,115.54
100,1048576,57,823.78
10000,102400,1242,122.95
10000,102400,7205,119.79
1000,10485760,897,4257.42
10000,10240,228,113.04
10000,102400,9913,107.93
10000,102400,5785,112.22
10000,10240,6454,94.27
10000,102400,9087,114.57
10000,102400,6308,108.44
10000,1048576,3928,736.82
10000,102400,2464,113.76
10000,102400,106,112.88
10000,1048576,2346,749.44
1000,102400,300,124.08
1000,1048576,140,748.64
1000,102400,240,117.41
10000,102400,2346,113.72
10000,102400,8114,117.64
10000,102400,2398,122.73
10000,10240,546,105.21
1000,10485760,308,4175.17
10000,102400,1184,127.55
10000,102400,5608,112.87
10000,102400,3229,106.30
10000,102400,1781,109.10
10000,102400,4975,109.69
10000,1048576,6247,725.51
10000,1048576,3189,609.07
10000,1048576,8506,617.99
10000,10240,2436,101.91
10000,10240,4575,101.50
10000,1048576,2716,910.37
10000,1048576,8594,574.36
10000,10240,4872,97.39
10000,102400,5416,112.72
1000,102400,126,105.43
10000,102400,9984,135.49
10000,10240,3864,101.48
10000,102400,3999,115.32
10000,102400,2209,112.32
10000,102400,7859,109.85
10000,102400,7024,120.73
1000,10485760,881,3709.11
10000,1048576,5929,644.51
10000,1048576,6232,746.65
10000,10240,5660,100.08
10000,102400,9556,114.02
100,104857600,40,34826.59
10000,10240,8732,533.70
10000,1048576,146,930.81
10000,1048576,626,743.50
10000,102400,1745,134.38
10000,1048576,3428,724.02
10000,10240,3704,122.44
10000,10240,2365,95.22
1000,10240,672,95.72
10000,10240,1955,99.14
10000,102400,890,122.25
10000,10240,4239,103.03
1000,10240,601,124.22
10000,102400,2902,115.02
10000,1048576,960,931.58
10000,102400,9223,131.61
10000,1048576,6221,768.56
10000,102400,2665,122.08
10000,10240,501,114.23
10000,1048576,480,1660.14
10000,10240,6905,106.08
10000,10240,3497,105.86
10000,10240,7724,100.65
10000,102400,7293,113.19
1000,1048576,178,2783.79
10000,10240,2992,107.36
10000,1048576,7015,2496.30
10000,1048576,5607,3847.51
10000,1048576,1267,3688.45
10000,1048576,426,4491.25
10000,102400,1929,135.04
10000,102400,8838,128.87
10000,10240,7624,96.42
10000,10240,917,236.15
10000,102400,6382,111.53
10000,1048576,3573,2382.40
10000,102400,3091,124.65
1000,10485760,623,7491.82
10000,102400,3302,130.95
10000,102400,3856,105.53
10000,10240,598,206.97
10000,102400,8648,107.97
10000,10240,8298,99.92
1000,10240,607,92.37
1000,10240,873,111.68
10000,1048576,5448,928.90
10000,102400,8270,121.37
10000,1048576,3158,735.16
10000,102400,5333,124.75
10000,10240,7903,99.80
10000,102400,3732,132.08
1000,10485760,918,4083.43
1000,102400,490,121.03
1000,102400,880,108.18
1000,10485760,640,4193.23
10000,10240,3198,109.74
10000,10240,8746,106.72
10000,102400,9728,116.95
10000,1048576,4570,735.98
10000,10240,1360,107.64
10000,102400,4177,112.18
10000,10240,122,116.05
10000,10240,179,97.12
10000,102400,6854,122.24
10000,10240,800,112.83
10000,10240,4225,107.61
10000,102400,5209,111.30
10000,1048576,8968,751.43
10000,102400,7782,127.45
10000,10240,5511,104.47
10000,10240,9694,100.16
10000,102400,9673,113.30
10000,1048576,2430,791.85
10000,10240,4462,101.89
10000,10240,2530,106.33
10000,1048576,9185,839.98
10000,1048576,9923,772.14
10000,10240,8688,116.34
10000,102400,8064,112.95
10000,10240,3973,99.02
10000,1048576,625,787.97
10000,1048576,2913,785.92
10000,102400,7622,125.43
10000,1048576,3324,838.87
1000,1048576,844,855.88
10000,1048576,8647,841.59
10000,10240,9542,103.41
1000,10240,280,104.16
10000,102400,3987,115.52
10000,10240,8922,100.05
10000,10240,6708,104.52
10000,10240,3260,102.86
10000,1048576,3047,849.77
10000,1048576,851,1923.90
10000,102400,5466,114.46
10000,10240,3560,93.85
10000,102400,2024,111.18
10000,10240,4949,97.62
10000,102400,523,110.82
10000,102400,64,122.71
10000,10240,6939,96.38
10000,10240,9489,95.26
10000,10240,5620,99.68
10000,102400,5179,120.69
10000,102400,4324,121.95
10000,1048576,2552,2078.13
10000,102400,5639,121.28
10000,10240,685,102.84
10000,1048576,9721,1228.65
10000,1048576,5632,638.92
10000,1048576,8314,2022.21
10000,10240,5207,101.14
10000,1048576,2954,1089.06
10000,1048576,4012,946.37
10000,102400,2207,124.97
1000,10485760,14,22181.77
10000,102400,5395,474.95
10000,102400,7334,237.74
10000,102400,4864,227.19
10000,102400,8657,104.10
10000,102400,536,208.99
1000,102400,311,282.88
1000,10485760,802,6395.45
10000,1048576,3970,779.63
10000,1048576,9103,607.61
10000,102400,5839,120.18
10000,1048576,4527,801.69
10000,1048576,1387,602.00
10000,102400,4172,125.26
1000,102400,838,259.27
10000,10240,5617,196.08
10000,102400,3603,109.93
10000,10240,41,101.11
1000,1048576,821,905.58
10000,10240,5433,114.35
10000,1048576,5998,1272.42
10000,10240,6782,106.47
10000,1048576,4572,2119.05
10000,102400,2819,120.89
10000,1048576,7536,863.68
10000,102400,9788,128.62
1000,102400,217,115.53
10000,102400,7244,120.63
10000,10240,4610,99.46
10000,102400,3783,113.86
10000,1048576,5832,715.73
10000,102400,624,121.76
10000,1048576,3252,747.17
10000,10240,5994,108.26
10000,10240,3333,104.36
10000,102400,656,112.92
10000,10240,321,100.34
10000,1048576,7335,980.33
10000,102400,2431,122.93
10000,1048576,8614,687.38
10000,10240,7019,107.53
10000,10240,6093,100.38
10000,102400,4091,118.45
10000,1048576,3660,773.45
1000,1048576,366,631.67
10000,10240,7733,107.65
10000,10240,2378,104.68
10000,1048576,4791,848.07
100,1048576,1,823.36
10000,1048576,9752,729.84
10000,102400,6771,130.42
10000,102400,2040,120.28
1000,10240,235,115.43
10000,1048576,6457,759.19
10000,10240,8992,107.44
10000,102400,9268,117.17
10000,102400,4809,118.88
10000,10240,7571,103.33
1000,1048576,645,827.17
100,104857600,80,36591.16
10000,10240,9995,354.90
10000,10240,7094,94.07
10000,10240,525,90.73
10000,10240,3722,244.39
1000,1048576,944,5833.40
10000,10240,3772,233.09
10000,10240,1029,92.89
10000,10240,2645,87.94
10000,1048576,252,815.31
10000,1048576,96,1206.31
10000,1048576,6534,3251.70
10000,10240,1927,191.67
10000,10240,5882,100.88
10000,1048576,5307,3520.54
10000,10240,2659,102.29
1000,10240,918,114.51
10000,1048576,466,12093.01
1000,10485760,184,16407.85
10000,1048576,3848,10938.87
1000,1048576,248,3763.65
10000,102400,8801,254.82
10000,10240,4444,100.94
10000,1048576,5806,829.85
10000,1048576,4763,761.83
1000,10485760,139,39312.82
10000,102400,1234,402.09
10000,10240,3405,243.58
10000,1048576,1132,861.06
10000,102400,5497,120.67
1000,10485760,384,4635.24
10000,10240,2583,112.08
10000,10240,7979,104.97
10000,1048576,6967,810.87
1000,10485760,167,3540.39
10000,1048576,8312,914.21
10000,102400,6028,133.60
10000,102400,3147,213.57
10000,10240,7998,153.73
10000,1048576,4640,930.61
10000,1048576,446,793.30
10000,1048576,9579,719.97
1000,10240,806,129.10
10000,102400,4641,119.40
10000,102400,6523,132.98
10000,102400,9589,115.75
1000,1048576,441,927.85
10000,1048576,3279,844.09
10000,10240,7652,112.19
10000,1048576,4307,561.26
10000,102400,446,113.81
10000,10240,1250,97.49
100,102400,79,113.37
10000,102400,9413,115.22
10000,102400,5165,119.73
10000,1048576,5600,729.04
10000,1048576,6283,669.80
100,102400,65,115.93
1000,1048576,341,706.94
10000,10240,2853,97.45
10000,10240,6226,96.66
10000,102400,1141,105.85
10000,1048576,398,708.53
10000,10240,8173,98.46
10000,1048576,8642,611.07
10000,1048576,9,793.19
10000,102400,2680,125.10
10000,10240,254,105.46
10000,10240,5862,103.95
10000,10240,4966,94.65
10000,1048576,6544,890.29
10000,102400,3363,122.71
10000,1048576,7367,786.47
10000,10240,208,101.16
10000,102400,4192,108.14
10000,1048576,632,1305.84
10000,102400,3105,123.48
10000,1048576,2163,2611.83
10000,1048576,6630,1589.80
10000,10240,9904,94.35
1000,10240,123,97.58
10000,10240,8207,104.88
10000,10240,4880,96.86
10000,10240,8619,100.89
10000,10240,8943,104.59
10000,10240,2468,95.14
10000,102400,3186,122.61
10000,102400,8298,119.78
10000,1048576,8734,1315.98
1000,102400,16,118.84
10000,10240,3977,106.94
10000,10240,5756,101.21
10000,102400,3616,118.04
10000,10240,8837,99.31
1000,10240,111,98.68
10000,1048576,2425,2126.86
1000,10240,649,111.98
10000,1048576,9630,2994.83
1000,102400,343,119.82
10000,102400,515,114.42
10000,102400,5186,111.45
1000,10240,819,104.31
10000,1048576,2667,2211.49
10000,10240,3226,101.93
10000,102400,251,118.34
100,10485760,31,5328.01
10000,1048576,646,995.90
10000,1048576,2045,1096.07
10000,10240,6618,109.94
1000,102400,20,120.25
10000,1048576,5426,821.79
10000,1048576,8432,2189.49
10000,102400,6195,120.05
10000,10240,5031,102.27
10000,102400,5664,111.30
10000,10240,6921,98.67
10000,102400,8369,109.62
10000,1048576,1135,1618.76
10000,10240,9578,109.90
10000,1048576,5213,5086.18
10000,1048576,797,4663.43
10000,10240,8069,228.31
10000,102400,4104,110.34
10000,1048576,5470,3613.39
1000,10485760,124,67493.45
10000,102400,575,324.82
10000,10240,2075,470.53
10000,10240,9643,91.67
10000,1048576,6056,2131535.54
10000,10240,8709,490.05
10000,102400,2288,167.57
10000,10240,9726,203.76
10000,10240,5704,100.20
10000,10240,8494,264.21
10000,102400,8583,170.05
10000,10240,5339,107.54
1000,102400,732,122.85
10000,10240,7349,103.98
10000,1048576,2917,2976.42
10000,1048576,5610,2323.16
10000,1048576,5146,2276.89
10000,1048576,8164,1568.63
10000,10240,1929,105.53
10000,102400,2272,107.97
1000,10485760,831,7530.73
10000,10240,9633,112.56
10000,102400,8044,158.15
10000,1048576,3319,2048.57
10000,1048576,1751,2426.63
10000,102400,122,231.23
10000,102400,7628,119.23
1000,10240,270,103.32
10000,10240,4251,229.59
10000,102400,799,120.85
1000,1048576,450,1250.72
10000,1048576,4841,1408.20
10000,10240,4431,103.07
10000,102400,4668,117.35
1000,10240,863,98.51
10000,10240,9213,108.03
10000,10240,3561,98.64
10000,102400,8216,116.31
100,1048576,55,1608.19
10000,1048576,9097,2698.03
10000,102400,602,122.64
10000,102400,8251,120.42
10000,102400,7481,108.50
10000,102400,2727,122.78
10000,1048576,848,2765.28
10000,10240,2662,102.61
10000,10240,580,116.68
10000,1048576,164,1372.45
10000,102400,9596,128.07
1000,1048576,591,3371.66
10000,1048576,2751,2022.40
10000,10240,7981,108.45
10000,10240,7187,95.25
10000,102400,6724,116.11
10000,10240,1757,101.60
10000,102400,8017,117.34
10000,1048576,6533,2218.43
10000,1048576,2985,1350.58
1000,1048576,128,1584.28
10000,102400,7699,118.43
10000,10240,1078,99.47
1000,1048576,418,1506.43
10000,1048576,255,1951.60
1000,10240,768,107.38
10000,102400,3824,113.46
10000,102400,9836,111.35
10000,1048576,9843,2823.44
10000,10240,8647,100.65
10000,1048576,4424,2125.63
10000,10240,5736,100.03
10000,1048576,6488,1417.13
10000,102400,5409,117.86
10000,102400,4593,106.00
10000,102400,6318,110.20
10000,102400,2231,116.28
10000,10240,1607,101.32
10000,10240,2744,97.13
10000,102400,2899,117.69
10000,102400,6738,118.60
10000,102400,5911,122.72
10000,10240,1193,99.61
10000,102400,1409,114.15
10000,102400,1623,109.56
10000,10240,7602,106.26
10000,1048576,4600,3515.67
10000,10240,6563,110.20
10000,102400,983,120.70
1000,102400,98,110.75
10000,1048576,1589,2125.01
10000,10240,1762,103.02
10000,10240,8686,94.18
10000,1048576,3626,3728.08
10000,102400,8945,115.98
10000,1048576,6297,3365.37
10000,10240,6615,100.74
10000,10240,975,105.45
10000,10240,6965,220.41
1000,10485760,218,8568.68
1000,102400,258,289.41
10000,1048576,3809,1251.56
10000,1048576,3961,1341.50
10000,102400,3723,121.14
10000,1048576,8332,2923.17
10000,10240,3720,208.26
10000,1048576,775,2427.76
10000,102400,2182,127.71
10000,10240,9936,100.27
10000,1048576,8175,2253.45
10000,1048576,4242,1658.55
10000,1048576,8817,1962.73
10000,1048576,5236,3801.64
10000,1048576,788,2466.03
10000,1048576,989,2613.76
10000,10240,7531,173.18
10000,1048576,8471,3416.22
10000,1048576,8759,2853.80
10000,10240,9574,109.67
10000,102400,319,107.27
10000,10240,2134,92.49
10000,1048576,721,3541.33
1000,102400,911,283.94
10000,1048576,34,8587.56
10000,1048576,9194,24446.44
1000,10240,972,324.75
10000,1048576,5596,1828.88
1000,1048576,934,3413.33
10000,1048576,102,1626.77
10000,102400,3185,123.60
10000,1048576,3570,2274.74
1000,10240,515,98.88
10000,102400,0,110.98
10000,10240,9248,92.78
10000,102400,8523,131.81
10000,102400,3559,132.71
10000,1048576,2592,1721.25
10000,102400,3746,117.31
10000,102400,418,114.72
10000,1048576,7636,1552.19
10000,10240,8504,104.99
10000,10240,9632,95.74
10000,1048576,5114,1983.93
10000,10240,2687,112.97
10000,1048576,7210,1258.80
1000,1048576,48,3410.38
10000,1048576,1689,3469.76
1000,1048576,53,1859.44
10000,102400,9326,120.76
10000,1048576,2206,1523.09
10000,1048576,8998,2003.73
10000,102400,7787,117.29
10000,1048576,3105,1685.01
10000,1048576,4289,1489.12
10000,1048576,9384,1405.71
10000,10240,9648,109.51
10000,10240,2630,105.77
10000,10240,705,97.54
10000,10240,4855,106.73
10000,1048576,6980,2211.34
10000,1048576,200,1620.04
10000,102400,7627,121.25
10000,1048576,3746,2660.59
10000,1048576,2483,1570.11
10000,10240,978,104.61
10000,1048576,7506,4510.28
10000,10240,9634,101.46
10000,102400,3580,102.10
1000,1048576,404,5817.60
10000,10240,1886,337.08
10000,1048576,4624,2997.81
1000,1048576,873,2196.81
10000,10240,9225,107.90
10000,10240,5713,93.90
10000,102400,6632,115.78
10000,1048576,538,2731.04
10000,102400,701,112.98
10000,10240,732,90.67
10000,102400,599,110.30
10000,102400,3411,110.89
100,10240,89,144.24
10000,10240,6282,104.79
100,1048576,95,1704.29
10000,102400,9334,129.90
10000,1048576,8747,1209.78
10000,102400,8674,126.81
10000,1048576,8794,5111.23
10000,1048576,1042,3179.51
10000,102400,8312,125.14
1000,102400,798,114.93
10000,102400,4126,113.31
10000,102400,7547,109.33
10000,10240,2364,104.28
10000,102400,8725,119.61
10000,1048576,4498,2944.19
10000,10240,9111,101.19
10000,102400,8057,111.91
10000,1048576,6613,2982.43
10000,102400,6784,122.14
10000,102400,302,118.38
10000,102400,8363,130.88
10000,102400,9149,110.10
10000,1048576,6474,1545.65
1000,10240,368,102.98
10000,10240,2800,107.24
10000,1048576,4854,1358.04
10000,1048576,1796,1370.92
10000,1048576,3719,1227.93
10000,1048576,6168,1235.65
10000,1048576,4836,1242.69
10000,10240,8130,109.59
10000,102400,6626,110.50
100,104857600,53,122215.35
10000,1048576,1155,4482.13
10000,102400,550,173.31
10000,102400,4403,117.03
10000,102400,6190,124.71
10000,102400,8473,117.55
10000,102400,5049,111.59
10000,1048576,4349,4935.64
10000,10240,2261,106.51
10000,102400,8157,110.00
1000,10240,771,97.40
10000,1048576,674,2724.54
10000,102400,2760,123.67
10000,10240,3093,108.77
10000,10240,5870,103.71
10000,102400,8619,133.30
10000,10240,4307,222.52
10000,1048576,9007,1494.19
10000,1048576,1537,5310.86
10000,1048576,4138,2197.58
1000,10485760,16,11503.55
10000,10240,1584,229.73
10000,102400,6977,118.36
10000,10240,9085,101.01
10000,1048576,1402,1663.40
10000,10240,5356,106.73
10000,1048576,6956,3264.31
10000,1048576,8437,6321.75
10000,10240,4561,104.80
10000,1048576,6530,12107.67
10000,102400,9714,124.47
10000,102400,4715,130.98
1000,10240,776,102.21
10000,1048576,6429,4142.22
1000,10485760,48,54832.39
10000,1048576,3753,7977.09
10000,102400,2776,249.51
10000,10240,4576,105.02
10000,102400,2336,114.34
10000,102400,6053,136.05
10000,10240,9957,105.40
10000,10240,2665,106.02
10000,10240,4378,99.62
10000,102400,9942,127.29
10000,10240,3215,105.32
10000,10240,2927,101.62
10000,10240,298,102.10
10000,10240,90,103.16
1000,1048576,173,19797.62
10000,102400,8077,249.36
10000,1048576,443,14787.79
10000,102400,1380,248.95
10000,102400,7332,140.45
10000,102400,7344,116.77
10000,1048576,5116,7956.70
10000,10240,3123,99.97
10000,102400,3390,114.69
10000,102400,6057,111.68
10000,1048576,2244,3510.33
10000,1048576,1924,8774.30
10000,1048576,3229,4270.01
1000,10240,441,109.87
10000,10240,1138,97.10
10000,102400,2043,113.29
10000,102400,389,136.59
10000,1048576,4642,3109.98
10000,102400,2189,131.34
10000,1048576,5217,5958.78
10000,102400,870,126.51
10000,102400,3550,126.74
10000,10240,5429,102.37
1000,10240,997,112.08
10000,102400,6864,117.49
10000,1048576,9457,2188.86
10000,1048576,1881,1463.48
100,10485760,35,10148.97
10000,10240,8307,423.69
10000,1048576,6173,3051.78
10000,10240,7551,245.83
1000,102400,89,120.12
10000,10240,2100,105.49
1000,10240,747,104.62
10000,1048576,6572,1401.38
1000,102400,468,131.72
1000,1048576,431,1369.37
10000,10240,9371,103.07
10000,1048576,2171,1323.53
10000,102400,3323,122.14
10000,10240,4776,107.58
10000,102400,129,120.28
10000,102400,9390,122.86
10000,10240,8070,107.59
1000,102400,965,120.85
10000,102400,561,117.55
10000,1048576,1739,1504.92
1000,10240,84,109.30
10000,1048576,5135,1767.33
10000,1048576,6112,1583.74
10000,10240,6166,100.11
10000,1048576,7917,1441.36
10000,102400,3586,126.73
10000,10240,6889,111.25
10000,1048576,359,1857.60
10000,10240,2442,110.03
10000,10240,5690,103.28
10000,10240,3284,103.29
10000,1048576,4458,4956.74
10000,10240,573,105.84
10000,102400,6208,114.62
10000,10240,4256,99.91
10000,102400,5599,113.66
10000,102400,830,120.72
1000,10240,692,111.98
10000,1048576,8719,2075.66
10000,10240,5427,110.68
10000,102400,6219,115.57
10000,1048576,6653,1631.35
10000,10240,3868,109.66
10000,102400,2764,119.97
10000,102400,7626,361.22
10000,10240,7585,102.11
1000,10485760,541,8068.91
10000,10240,7327,117.12
10000,10240,8550,94.94
10000,102400,6900,112.32
10000,1048576,7767,2702.19
10000,1048576,2405,2708.46
10000,102400,1643,220.18
10000,1048576,1476,1616.45
10000,102400,5486,124.45
10000,102400,3350,239.14
10000,1048576,1540,1286.66
10000,10240,9207,99.52
10000,102400,7873,110.62
10000,10240,9969,96.33
10000,102400,7502,115.24
10000,1048576,5948,2040.53
10000,1048576,1232,1576.05
100,104857600,94,40300.43
10000,102400,2992,209.84
10000,10240,8942,138.08
10000,1048576,4057,2855.89
10000,102400,8631,125.03
10000,10240,5399,98.65
10000,10240,5611,115.74
10000,1048576,1962,3579.08
10000,10240,8007,1857.67
1000,102400,877,161.94
10000,1048576,3937,3278.45
10000,10240,6392,99.66
10000,1048576,7589,6283.95
10000,1048576,8659,4734.70
10000,1048576,5264,2986.78
1000,10240,519,279.08
10000,1048576,9411,1278.73
1000,10485760,235,19280.15
10000,1048576,6694,2245.88
10000,1048576,3092,1316.17
10000,102400,2805,127.21
10000,10240,1144,119.24
10000,1048576,7012,1482.08
10000,1048576,4033,1004.19
10000,1048576,7853,1224.24
1000,10240,557,142.84
10000,10240,5746,100.62
10000,1048576,5645,1810.08
10000,1048576,4705,639.42
10000,102400,1376,125.44
10000,1048576,7605,951.77
10000,1048576,4214,1261.10
10000,1048576,7938,1937.27
100,10240,41,105.40
10000,102400,7033,116.90
1000,10240,901,99.48
10000,1048576,8845,1717.70
10000,102400,1507,119.02
10000,10240,1147,96.81
10000,1048576,5449,1778.85
1000,102400,725,133.25
10000,10240,9321,102.74
10000,10240,7274,98.88
10000,10240,8284,92.09
10000,102400,2933,115.73
10000,102400,5312,119.76
10000,102400,2261,119.77
10000,102400,1731,109.73
10000,102400,1149,115.94
10000,102400,1592,128.61
10000,10240,4130,100.23
10000,10240,6825,101.72
10000,10240,296,99.97
10000,10240,557,100.18
10000,1048576,5404,1505.87
10000,102400,8327,116.18
10000,10240,6908,96.80
10000,1048576,6625,1709.09
10000,102400,8775,118.64
10000,10240,4615,86.70
10000,102400,5686,113.92
1000,10485760,90,8432.44
10000,1048576,4224,4969.42
10000,1048576,8321,4288.11
10000,102400,2475,116.28
10000,10240,2210,98.38
10000,102400,6540,139.99
10000,10240,8088,97.53
10000,10240,9398,97.28
10000,102400,1500,110.87
10000,10240,4000,104.30
1000,10485760,51,53552.72
10000,102400,9079,310.71
10000,1048576,5169,3391.68
10000,1048576,3882,3072.88
10000,102400,8616,121.44
10000,10240,8662,138.30
1000,10485760,736,10902.12
10000,10240,2181,236.83
10000,10240,3020,397.43
10000,10240,8989,201.72
10000,102400,5836,122.27
10000,102400,3647,283.01
10000,102400,821,119.39
10000,1048576,5894,4389.17
1000,102400,530,124.31
10000,102400,6393,110.99
10000,1048576,1126,2195.74
10000,1048576,3677,1180.83
10000,102400,8364,123.55
10000,102400,9237,112.28
10000,1048576,5683,1489.39
10000,102400,3778,126.61
10000,1048576,9460,637.19
10000,102400,7623,114.50
10000,102400,9503,114.91
10000,10240,188,100.27
10000,1048576,8917,827.15
10000,10240,6137,103.81
10000,10240,3988,98.13
10000,1048576,2487,841.53
10000,10240,3491,107.44
10000,102400,6786,120.43
10000,10240,6451,105.97
10000,102400,4601,114.01
10000,10240,8724,103.75
10000,10240,7969,99.44
10000,102400,3502,119.09
10000,10240,7335,100.38
1000,10485760,261,3712.28
10000,10240,5019,103.13
10000,10240,5377,93.40
10000,1048576,4833,800.31
10000,1048576,93,657.34
10000,1048576,3726,667.45
10000,10240,5538,111.32
10000,10240,475,96.26
10000,102400,6296,115.94
10000,1048576,5737,724.10
10000,102400,3642,130.88
10000,1048576,2021,692.94
1000,102400,844,127.02
1000,1048576,711,1027.49
1000,102400,321,119.92
1000,10485760,936,3355.18
10000,10240,3084,109.52
10000,1048576,4285,727.04
10000,10240,4538,105.75
10000,1048576,8146,644.83
10000,1048576,8197,624.70
10000,1048576,6760,724.71
10000,102400,7263,136.87
10000,1048576,964,665.48
10000,10240,1342,107.17
1000,10240,236,103.27
10000,102400,2376,115.16
10000,10240,5793,105.36
10000,102400,4249,119.53
10000,10240,284,102.57
10000,1048576,9273,797.90
10000,1048576,5757,639.89
10000,1048576,8315,595.01
10000,102400,827,120.75
10000,102400,2285,115.18
10000,1048576,4708,831.31
10000,1048576,4927,705.39
10000,102400,4862,118.10
10000,102400,2871,114.80
10000,1048576,7264,821.00
10000,10240,5006,104.29
10000,102400,6518,121.98
10000,1048576,1489,760.48
10000,10240,7930,105.03
10000,102400,1116,125.46
10000,102400,3933,113.47
10000,10240,4823,98.79
1000,10240,772,105.90
10000,102400,9835,118.94
10000,10240,1201,123.12
1000,1048576,621,718.74
10000,102400,3807,128.00
10000,102400,4840,116.85
10000,10240,8779,112.95
10000,102400,8525,112.85
10000,102400,3357,115.45
10000,10240,1728,100.18
10000,10240,3280,99.76
10000,1048576,8889,834.08
10000,10240,9234,105.87
10000,1048576,9049,819.64
10000,10240,2872,106.14
10000,1048576,7235,688.54
10000,1048576,199,816.54
10000,1048576,737,817.20
10000,102400,78,126.54
10000,1048576,5168,738.81
10000,1048576,3509,576.97
10000,102400,5783,122.48
1000,1048576,604,754.04
10000,102400,2970,125.50
10000,1048576,9947,814.38
10000,1048576,2770,803.81
10000,1048576,4110,684.85
10000,102400,6361,118.37
10000,1048576,7197,758.93
10000,10240,4422,110.29
10000,10240,2270,99.33
10000,1048576,6897,851.92
10000,10240,1912,109.81
10000,102400,5892,116.75
10000,102400,3319,112.45
1000,102400,411,119.05
10000,1048576,1555,832.50
10000,1048576,86,861.50
10000,10240,1800,106.46
10000,102400,3735,116.08
10000,1048576,312,781.99
10000,1048576,2920,831.42
1000,10485760,840,4214.07
10000,1048576,4976,582.24
10000,10240,6772,112.84
10000,10240,3583,102.33
10000,10240,9571,99.71
1000,1048576,282,743.06
10000,1048576,7043,768.41
10000,10240,9189,107.90
10000,10240,4835,102.31
10000,10240,8683,100.16
10000,1048576,1394,821.91
10000,102400,6929,123.64
10000,10240,7172,111.11
10000,1048576,9808,704.25
10000,10240,7744,108.08
10000,10240,7546,100.04
10000,1048576,5122,705.33
10000,1048576,3800,836.11
10000,102400,5103,125.65
10000,1048576,7653,633.07
10000,102400,4150,119.83
1000,10485760,252,3435.82
100,1048576,85,631.82
10000,102400,9154,127.00
1000,1048576,371,796.87
10000,10240,9665,110.14
10000,102400,1517,119.76
10000,102400,8278,109.92
10000,1048576,3942,837.93
10000,1048576,6257,700.23
10000,102400,1850,114.17
10000,10240,2460,95.14
10000,1048576,5148,603.68
10000,1048576,8827,625.98
10000,102400,9721,116.70
10000,10240,2073,97.53
10000,1048576,8648,786.93
10000,10240,6141,100.02
10000,102400,6690,109.10
1000,10240,773,93.31
10000,1048576,2164,2184.40
10000,102400,2181,121.66
10000,102400,6851,113.45
10000,102400,3066,112.50
10000,10240,6320,99.73
10000,1048576,970,860.39
10000,102400,7030,127.15
10000,10240,6185,98.08
10000,102400,1090,107.16
10000,10240,2426,98.92
10000,10240,157,93.89
10000,1048576,6828,846.63
10000,1048576,8216,739.91
10000,10240,2822,113.79
10000,1048576,9104,726.02
10000,1048576,2406,789.49
1000,10485760,972,3968.62
10000,102400,6453,122.11
10000,1048576,6197,969.87
1000,1048576,753,729.63
10000,10240,1644,111.01
1000,1048576,512,729.39
10000,1048576,6810,733.28
10000,1048576,3641,745.77
10000,10240,5693,104.85
10000,102400,1265,122.32
10000,10240,5285,93.57
10000,102400,8911,112.76
10000,102400,4389,110.86
10000,1048576,9944,833.98
10000,1048576,4554,823.65
10000,102400,7470,120.25
10000,1048576,2810,833.59
10000,10240,1552,119.80
10000,102400,7638,114.50
10000,1048576,1151,871.21
10000,102400,5671,123.21
1000,1048576,618,17584.03
10000,102400,8585,121.45
10000,10240,7824,100.25
10000,102400,101,266.35
10000,1048576,904,703.27
10000,102400,8949,112.54
10000,1048576,2342,897.25
10000,1048576,1365,694.23
10000,1048576,595,635.20
1000,1048576,58,746.19
1000,102400,837,131.32
10000,10240,3617,86.66
10000,1048576,3547,908.95
10000,102400,3797,121.90
10000,10240,1085,95.95
10000,102400,6181,108.99
10000,102400,5646,118.75
10000,102400,9514,115.11
10000,102400,3023,115.60
10000,1048576,2955,898.60
10000,1048576,470,635.39
10000,102400,4633,131.25
10000,102400,1332,118.79
10000,10240,9312,102.86
10000,10240,619,101.54
10000,10240,7449,102.19
10000,10240,4394,103.81
10000,10240,9476,97.03
10000,1048576,6322,762.97
10000,1048576,3995,673.87
10000,1048576,4128,690.92
10000,102400,3982,118.50
1000,1048576,649,599.78
10000,10240,1324,100.45
10000,102400,6688,123.94
10000,102400,6932,125.25
10000,1048576,5209,811.36
10000,1048576,4185,1277.30
10000,10240,5680,100.75
10000,102400,617,108.34
1000,10240,861,100.59
10000,10240,5242,107.76
1000,102400,522,112.72
10000,1048576,6647,832.62
10000,102400,712,129.53
10000,10240,47,102.58
10000,1048576,6735,721.86
10000,1048576,6199,589.26
10000,1048576,5968,678.55
10000,102400,8163,119.45
10000,102400,5435,105.40
10000,102400,8454,114.10
10000,102400,8463,115.71
10000,102400,2838,114.88
10000,102400,2162,118.32
10000,1048576,5925,834.19
10000,10240,7484,110.47
10000,1048576,1465,549.65
10000,10240,2948,100.06
10000,102400,8421,113.22
10000,1048576,3849,761.20
1000,1048576,361,729.67
10000,1048576,3969,672.92
10000,1048576,9252,563.41
10000,1048576,9499,624.52
10000,102400,4427,142.60
10000,1048576,5644,854.39
10000,102400,6532,120.67
1000,10485760,152,4209.27
10000,102400,3696,119.74
1000,10485760,973,3376.63
1000,102400,630,123.69
10000,102400,7924,119.14
10000,1048576,6410,861.20
10000,10240,1823,104.90
1000,10485760,560,3981.28
10000,102400,8413,246.33
10000,10240,1909,97.50
10000,102400,2534,115.84
10000,10240,9162,95.97
10000,102400,894,200.47
10000,102400,8196,114.02
10000,10240,4970,109.61
10000,10240,6387,103.12
10000,1048576,1800,931.52
10000,1048576,8113,553.44
10000,1048576,418,701.25
10000,1048576,5611,738.02
10000,10240,5812,101.41
10000,1048576,991,857.47
10000,10240,8872,98.18
10000,10240,9341,96.50
1000,1048576,778,734.77
10000,1048576,8788,580.40
10000,10240,842,99.96
10000,1048576,30,630.27
1000,10240,269,107.60
10000,1048576,1009,651.70
10000,102400,3578,121.37
10000,102400,5901,115.09
1000,10485760,639,3588.45
10000,1048576,5197,563.60
10000,1048576,1237,616.29
10000,1048576,5712,650.52
10000,102400,9005,118.01
10000,102400,6999,111.67
10000,1048576,1114,563.29
1000,102400,283,114.54
10000,1048576,9137,582.79
10000,10240,5232,98.92
10000,10240,5159,90.55
10000,10240,2597,102.35
10000,102400,3995,117.23
100,1048576,81,864.73
10000,1048576,5750,680.41
10000,1048576,2619,580.70
10000,10240,6511,100.26
10000,102400,7212,115.34
10000,102400,5923,109.93
10000,102400,9464,116.94
1000,10485760,35,3627.28
10000,10240,7582,103.87
100,102400,31,120.53
10000,10240,9923,89.16
10000,1048576,1300,828.44
10000,1048576,6659,626.07
10000,10240,9285,99.72
10000,1048576,6609,615.58
10000,1048576,7720,563.97
1000,1048576,21,631.20
10000,10240,9443,111.42
10000,10240,1575,89.45
10000,10240,6833,98.10
10000,102400,9566,116.56
10000,1048576,8464,814.68
10000,102400,4274,116.74
10000,102400,390,109.08
10000,10240,5124,96.80
10000,10240,7677,96.49
10000,1048576,5977,2260.23
10000,10240,9573,99.42
10000,1048576,1363,701.94
1000,10485760,362,4137.82
10000,1048576,1072,782.31
10000,1048576,838,572.17
10000,10240,5909,107.79
10000,1048576,4653,550.65
10000,10240,9039,96.56
10000,102400,3749,125.82
1000,1048576,680,823.25
1000,10240,874,109.59
10000,1048576,6746,844.50
10000,102400,4531,126.54
10000,102400,1319,110.91
10000,102400,9426,120.22
1000,1048576,697,761.83
10000,10240,9263,103.82
10000,1048576,7714,701.39
10000,1048576,3254,745.54
1000,10485760,920,4132.70
10000,1048576,4320,713.50
10000,102400,9997,123.28
10000,1048576,5558,611.46
10000,102400,2058,123.39
10000,102400,853,110.79
10000,10240,6382,96.50
1000,10240,892,96.37
10000,102400,4550,113.44
10000,102400,6901,113.63
10000,102400,1968,115.47
1000,10240,1,98.83
10000,102400,6734,112.33
10000,10240,9837,98.95
10000,1048576,6164,804.16
10000,10240,1230,106.98
10000,10240,4829,103.73
10000,1048576,8879,794.63
10000,102400,5432,120.94
1000,10485760,768,3668.32
10000,10240,7976,110.00
10000,1048576,9634,853.03
10000,1048576,5177,923.53
10000,1048576,3512,782.18
10000,10240,9970,107.27
10000,102400,6998,118.46
10000,102400,2966,121.18
10000,102400,1006,110.51
10000,10240,7779,100.63
10000,10240,3287,99.27
10000,102400,7660,113.53
1000,102400,152,119.44
10000,10240,4005,102.09
10000,1048576,9225,844.09
10000,102400,1498,123.76
10000,10240,5029,100.50
10000,10240,4508,94.78
10000,102400,5184,112.59
10000,1048576,8479,740.51
10000,10240,4463,205.11
10000,10240,3352,96.30
1000,102400,267,110.23
10000,1048576,5619,844.99
1000,1048576,262,653.86
10000,102400,8136,121.33
10000,10240,3209,90.40
1000,10240,444,103.28
10000,102400,5847,122.77
10000,1048576,7477,817.74
10000,1048576,7061,573.65
10000,1048576,5851,759.43
10000,10240,2755,98.25
10000,102400,891,112.12
10000,1048576,1511,818.87
10000,1048576,9266,585.90
10000,10240,1484,102.29
10000,102400,6178,110.85
1000,1048576,19,720.86
10000,1048576,5077,636.63
10000,102400,6917,113.15
10000,102400,8664,100.37
10000,102400,9775,113.05
1000,10485760,779,4326.75
10000,1048576,8245,593.38
10000,1048576,9067,809.32
10000,10240,7717,111.05
10000,10240,2829,93.01
10000,102400,1647,109.27
10000,1048576,442,804.30
10000,1048576,2093,814.76
10000,10240,4994,101.25
10000,1048576,6941,541.57
10000,102400,3931,120.93
10000,10240,4955,101.73
10000,10240,4613,94.13
10000,102400,4358,112.95
10000,1048576,5333,849.07
10000,102400,6080,124.99
10000,1048576,5134,852.19
10000,1048576,118,954.35
10000,10240,1300,106.86
10000,102400,5287,124.00
1000,1048576,260,715.78
10000,102400,9702,125.78
10000,1048576,2846,816.65
10000,10240,9273,110.08
10000,102400,6722,116.64
10000,1048576,4683,841.57
10000,102400,6051,124.53
10000,10240,9333,100.94
10000,10240,5768,102.04
10000,102400,5006,108.05
10000,1048576,9801,832.39
10000,102400,2340,121.37
10000,102400,3316,110.81
10000,102400,666,120.59
10000,1048576,9907,802.74
10000,102400,9207,114.86
10000,102400,2826,104.87
10000,102400,7840,109.14
10000,1048576,8153,723.15
10000,10240,2344,101.08
10000,1048576,3270,743.89
10000,1048576,4273,793.73
10000,1048576,7565,552.42
10000,1048576,1559,733.43
10000,1048576,8046,698.45
10000,102400,3396,111.21
10000,1048576,5718,789.84
1000,1048576,185,552.20
1000,10485760,350,3625.82
100,10485760,82,4395.23
10000,1048576,551,833.13
10000,10240,110,98.20
10000,102400,8305,108.31
10000,1048576,9574,725.99
10000,102400,1652,122.00
10000,10240,205,91.76
10000,102400,8110,112.41
10000,10240,7974,195.74
100,10240,16,98.16
10000,10240,9509,92.78
10000,10240,4810,93.52
1000,102400,213,116.44
10000,1048576,1712,928.65
10000,10240,7895,100.62
10000,10240,8310,98.84
10000,1048576,3061,858.58
10000,102400,5182,119.54
10000,1048576,9880,880.77
10000,1048576,9840,723.34
1000,10485760,390,3362.37
1000,10485760,798,4211.67
10000,102400,2538,123.67
1000,10240,339,97.47
10000,1048576,6358,1069.33
10000,1048576,9706,698.52
10000,10240,6028,110.26
10000,102400,4191,115.42
10000,102400,7093,119.00
10000,10240,9757,98.62
10000,102400,9682,111.55
10000,1048576,8692,737.54
10000,1048576,9043,980.51
10000,10240,5442,103.27
10000,1048576,2935,966.13
10000,102400,6768,120.87
10000,10240,4809,102.07
10000,1048576,6930,721.41
10000,102400,1186,119.69
10000,102400,8488,110.81
10000,1048576,9522,729.25
10000,10240,5324,107.71
10000,1048576,4741,851.95
10000,102400,8332,123.55
10000,10240,9751,106.01
10000,10240,5071,97.13
10000,102400,6773,108.69
10000,102400,7373,125.17
10000,10240,8537,98.34
10000,102400,8700,121.64
10000,102400,8445,109.94
1000,10485760,901,4283.97
10000,102400,2718,128.06
10000,10240,3729,104.22
10000,102400,5346,118.29
10000,102400,4001,113.13
1000,10240,802,100.82
100,10485760,76,3634.82
10000,102400,9541,124.92
1000,10240,594,112.89
10000,10240,91,92.85
10000,1048576,1658,740.85
10000,102400,7273,128.52
10000,1048576,1601,681.14
10000,102400,562,118.95
1000,10240,761,97.14
10000,1048576,6071,824.82
10000,102400,7166,225.22
10000,10240,1560,91.78
10000,10240,9264,96.94
10000,10240,9787,97.56
10000,10240,5287,122.36
10000,10240,784,100.18
10000,1048576,6845,696.47
10000,10240,2003,107.37
10000,1048576,9981,714.93
10000,102400,9353,122.78
10000,10240,5872,97.78
10000,102400,1296,120.80
10000,1048576,5207,796.64
1000,1048576,46,848.00
10000,1048576,2236,847.74
10000,1048576,9082,733.20
1000,10485760,949,3955.21
10,10485760,1,4456.34
10000,1048576,2373,549.65
1000,10485760,239,3551.98
10000,102400,6324,239.77
10000,10240,6219,205.91
10000,1048576,3335,961.00
1000,1048576,794,1010.81
10000,102400,4098,131.50
10000,1048576,8602,661.21
10000,10240,7012,108.19
10000,10240,3164,96.01
10000,102400,8244,113.36
10000,102400,7414,111.07
10000,1048576,6447,777.09
10000,1048576,3054,661.99
10000,102400,7015,112.02
10000,1048576,5160,640.33
10000,1048576,3563,650.61
10000,10240,7302,100.69
10000,102400,6032,108.25
10000,10240,7242,93.82
10000,10240,3203,95.12
1000,1048576,593,20289.54
10000,1048576,1771,1056.70
10000,1048576,3993,836.69
10000,102400,7953,125.33
10000,1048576,8220,775.23
10000,102400,9786,118.74
10000,1048576,9992,691.36
10000,1048576,3807,889.77
1000,10240,936,110.74
10000,102400,8757,120.34
1000,102400,247,114.93
1000,102400,585,116.19
10000,10240,3131,101.99
10000,102400,1443,113.77
10000,10240,5131,96.44
10000,1048576,7901,2558.96
1000,10240,119,108.88
10000,1048576,9258,687.58
1000,10485760,315,3714.55
10000,10240,4812,106.56
10000,10240,2578,90.46
1000,10485760,693,4212.89
10000,102400,2931,143.09
10000,10240,6328,97.70
1000,102400,558,116.53
10000,102400,721,108.51
10000,102400,6670,123.40
10000,10240,5668,98.27
1000,1048576,349,937.59
10000,10240,5445,107.95
10000,10240,774,97.92
10000,1048576,5030,850.43
10000,102400,7790,130.33
10000,102400,8697,114.10
10000,10240,7394,93.49
10000,1048576,7849,738.07
100,1048576,51,884.97
10000,102400,5709,125.41
10000,1048576,9668,889.80
10000,10240,8480,104.81
10000,10240,9764,94.79
10000,10240,4080,96.69
10000,10240,9599,99.22
10000,102400,2410,127.15
10000,10240,5624,106.39
10000,1048576,3325,753.95
10000,10240,3601,105.45
10000,10240,2573,96.12
10000,1048576,7799,808.50
1000,1048576,741,831.51
10000,10240,2738,109.17
10000,102400,5034,113.11
1000,1048576,712,869.62
1000,10240,232,106.25
1000,10240,69,98.73
10000,10240,2892,98.79
10000,1048576,663,760.06
10000,102400,4032,128.83
10000,102400,3784,110.12
10000,10240,1077,96.50
10000,10240,8462,96.98
10000,1048576,6531,733.26
10000,1048576,4989,856.75
100,102400,86,125.64
10000,1048576,5076,822.58
1000,1048576,24,760.38
10000,1048576,4769,864.25
10000,10240,5403,108.26
10000,10240,5715,89.98
10000,10240,8416,97.20
10000,1048576,3791,846.63
10000,1048576,4844,804.47
10000,10240,8595,100.68
10000,1048576,792,676.11
10000,10240,2731,110.51
10000,10240,8102,103.01
10000,102400,4348,120.82
10000,10240,3257,96.07
10000,10240,5111,99.95
10000,10240,3240,97.29
10000,10240,5654,99.99
10000,10240,1991,95.34
10000,1048576,272,860.93
10000,1048576,8598,827.30
10000,10240,6896,109.45
10000,1048576,3691,820.65
10000,10240,1140,104.21
10000,10240,968,94.58
10000,10240,1917,101.67
10000,102400,3934,118.69
10000,1048576,2771,730.62
10000,10240,3795,105.86
10000,10240,4705,95.19
1000,1048576,608,739.14
10000,102400,4662,113.86
10000,1048576,5452,687.06
10000,10240,995,94.88
10000,10240,1157,95.35
1000,102400,462,112.84
10000,10240,2287,99.67
10000,102400,3952,106.80
10000,102400,9491,119.29
10000,102400,8601,109.59
10000,102400,7521,118.26
10000,1048576,6368,827.49
10000,1048576,9350,560.47
10000,1048576,5472,583.62
10000,102400,4729,128.92
10000,102400,6745,105.57
10000,102400,642,121.36
10000,1048576,5496,833.39
10000,1048576,3065,778.35
10000,10240,396,105.93
10000,10240,2242,93.65
10000,10240,6258,101.60
10000,1048576,9293,739.93
10000,1048576,1978,729.98
1000,10240,525,107.89
10000,102400,9986,116.99
10000,102400,5668,110.91
10000,10240,4800,101.68
10000,102400,7999,106.44
10000,10240,4216,100.03
10000,102400,7864,116.20
10000,102400,5349,114.83
10000,10240,8107,97.51
10000,10240,4340,93.37
10000,102400,4808,117.66
10000,1048576,1386,820.26
10000,1048576,2855,792.84
10000,102400,8317,121.07
10000,10240,563,99.34
10000,102400,1034,112.44
10000,102400,3873,116.20
10000,10240,4306,125.12
10000,1048576,2091,703.24
10000,102400,835,125.80
10000,10240,7806,106.73
10000,10240,2026,99.37
10000,102400,9375,116.62
10000,102400,6134,113.16
10000,1048576,9272,744.39
10000,10240,7507,105.67
10000,102400,7086,111.51
1000,10485760,899,4211.62
10000,10240,9557,112.87
1000,102400,185,115.52
10000,10240,420,97.34
10000,10240,8899,99.29
10000,102400,7631,117.54
10000,1048576,3351,824.38
10000,1048576,6318,597.22
10000,10240,7328,106.77
10000,10240,5569,102.69
10000,102400,5749,124.62
1000,102400,455,121.98
10000,10240,4229,103.71
10000,102400,808,110.26
10000,102400,2638,127.68
10000,1048576,3720,970.90
10000,102400,4357,121.58
10000,10240,6746,93.31
10000,102400,5219,112.03
