[2026-06-14 15:40:30,103][root][INFO] - Recurrent UNet Model Successfully Configured and Initialized.
[2026-06-14 15:40:30,106][root][INFO] - Starting from scratch (no valid checkpoint provided).
[2026-06-14 15:40:30,662][root][INFO] - Train: 4480000 samples, Val: 640000 samples
[2026-06-14 15:40:32,676][root][INFO] - Starting training from epoch 1
[2026-06-14 15:40:43,508][root][INFO] - Epoch [1/5], Batch [1/300], Loss: 2.1022 (Overall: 2.1715, Change: 2.0330), TF Ratio: 1.000
[2026-06-14 15:40:43,722][root][INFO] - Epoch [1/5], Batch [2/300], Loss: 2.0637 (Overall: 2.1225, Change: 1.9278), TF Ratio: 1.000
[2026-06-14 15:40:43,918][root][INFO] - Epoch [1/5], Batch [3/300], Loss: 2.0568 (Overall: 2.1142, Change: 1.9716), TF Ratio: 0.999
[2026-06-14 15:40:44,287][root][INFO] - Epoch [1/5], Batch [4/300], Loss: 2.0705 (Overall: 2.1702, Change: 2.0531), TF Ratio: 0.999
[2026-06-14 15:40:44,445][root][INFO] - Epoch [1/5], Batch [5/300], Loss: 2.0236 (Overall: 1.8657, Change: 1.8061), TF Ratio: 0.999
[2026-06-14 15:40:44,640][root][INFO] - Epoch [1/5], Batch [6/300], Loss: 1.9924 (Overall: 1.8345, Change: 1.8393), TF Ratio: 0.999
[2026-06-14 15:40:44,799][root][INFO] - Epoch [1/5], Batch [7/300], Loss: 1.9666 (Overall: 1.8831, Change: 1.7402), TF Ratio: 0.999
[2026-06-14 15:40:45,040][root][INFO] - Epoch [1/5], Batch [8/300], Loss: 1.9385 (Overall: 1.7495, Change: 1.7345), TF Ratio: 0.998
[2026-06-14 15:40:45,224][root][INFO] - Epoch [1/5], Batch [9/300], Loss: 1.8961 (Overall: 1.6441, Change: 1.4683), TF Ratio: 0.998
[2026-06-14 15:40:45,414][root][INFO] - Epoch [1/5], Batch [10/300], Loss: 1.8763 (Overall: 1.6710, Change: 1.7260), TF Ratio: 0.998
[2026-06-14 15:40:45,584][root][INFO] - Epoch [1/5], Batch [11/300], Loss: 1.8782 (Overall: 1.6842, Change: 2.1097), TF Ratio: 0.998
[2026-06-14 15:40:45,823][root][INFO] - Epoch [1/5], Batch [12/300], Loss: 1.8582 (Overall: 1.6020, Change: 1.6746), TF Ratio: 0.998
[2026-06-14 15:40:46,032][root][INFO] - Epoch [1/5], Batch [13/300], Loss: 1.8455 (Overall: 1.6184, Change: 1.7677), TF Ratio: 0.997
[2026-06-14 15:40:46,231][root][INFO] - Epoch [1/5], Batch [14/300], Loss: 1.8273 (Overall: 1.4760, Change: 1.7063), TF Ratio: 0.997
[2026-06-14 15:40:46,401][root][INFO] - Epoch [1/5], Batch [15/300], Loss: 1.8141 (Overall: 1.4167, Change: 1.8422), TF Ratio: 0.997
[2026-06-14 15:40:46,611][root][INFO] - Epoch [1/5], Batch [16/300], Loss: 1.8049 (Overall: 1.4761, Change: 1.8568), TF Ratio: 0.997
[2026-06-14 15:40:46,772][root][INFO] - Epoch [1/5], Batch [17/300], Loss: 1.7992 (Overall: 1.5516, Change: 1.8640), TF Ratio: 0.997
[2026-06-14 15:40:46,939][root][INFO] - Epoch [1/5], Batch [18/300], Loss: 1.7772 (Overall: 1.4946, Change: 1.3128), TF Ratio: 0.996
[2026-06-14 15:40:47,098][root][INFO] - Epoch [1/5], Batch [19/300], Loss: 1.7660 (Overall: 1.4665, Change: 1.6620), TF Ratio: 0.996
[2026-06-14 15:40:47,390][root][INFO] - Epoch [1/5], Batch [20/300], Loss: 1.7568 (Overall: 1.4246, Change: 1.7380), TF Ratio: 0.996
[2026-06-14 15:40:47,556][root][INFO] - Epoch [1/5], Batch [21/300], Loss: 1.7421 (Overall: 1.3081, Change: 1.5891), TF Ratio: 0.996
[2026-06-14 15:40:47,719][root][INFO] - Epoch [1/5], Batch [22/300], Loss: 1.7372 (Overall: 1.4806, Change: 1.7875), TF Ratio: 0.996
[2026-06-14 15:40:47,874][root][INFO] - Epoch [1/5], Batch [23/300], Loss: 1.7259 (Overall: 1.3782, Change: 1.5763), TF Ratio: 0.995
[2026-06-14 15:40:48,099][root][INFO] - Epoch [1/5], Batch [24/300], Loss: 1.7107 (Overall: 1.2128, Change: 1.5114), TF Ratio: 0.995
[2026-06-14 15:40:48,253][root][INFO] - Epoch [1/5], Batch [25/300], Loss: 1.7037 (Overall: 1.2409, Change: 1.8305), TF Ratio: 0.995
[2026-06-14 15:40:48,405][root][INFO] - Epoch [1/5], Batch [26/300], Loss: 1.6928 (Overall: 1.2183, Change: 1.6211), TF Ratio: 0.995
[2026-06-14 15:40:48,558][root][INFO] - Epoch [1/5], Batch [27/300], Loss: 1.6858 (Overall: 1.2212, Change: 1.7858), TF Ratio: 0.995
[2026-06-14 15:40:50,423][root][INFO] - Epoch [1/5], Batch [28/300], Loss: 1.6810 (Overall: 1.3696, Change: 1.7349), TF Ratio: 0.994
[2026-06-14 15:40:50,580][root][INFO] - Epoch [1/5], Batch [29/300], Loss: 1.6790 (Overall: 1.3921, Change: 1.8545), TF Ratio: 0.994
[2026-06-14 15:40:50,732][root][INFO] - Epoch [1/5], Batch [30/300], Loss: 1.6673 (Overall: 1.6145, Change: 1.0424), TF Ratio: 0.994
[2026-06-14 15:40:50,886][root][INFO] - Epoch [1/5], Batch [31/300], Loss: 1.6603 (Overall: 1.2163, Change: 1.6825), TF Ratio: 0.994
[2026-06-14 15:40:51,040][root][INFO] - Epoch [1/5], Batch [32/300], Loss: 1.6559 (Overall: 1.4324, Change: 1.6045), TF Ratio: 0.994
[2026-06-14 15:40:51,193][root][INFO] - Epoch [1/5], Batch [33/300], Loss: 1.6485 (Overall: 1.1365, Change: 1.6881), TF Ratio: 0.993
[2026-06-14 15:40:51,346][root][INFO] - Epoch [1/5], Batch [34/300], Loss: 1.6453 (Overall: 1.3146, Change: 1.7656), TF Ratio: 0.993
[2026-06-14 15:40:51,499][root][INFO] - Epoch [1/5], Batch [35/300], Loss: 1.6412 (Overall: 1.4421, Change: 1.5614), TF Ratio: 0.993
[2026-06-14 15:40:51,659][root][INFO] - Epoch [1/5], Batch [36/300], Loss: 1.6400 (Overall: 1.4164, Change: 1.7785), TF Ratio: 0.993
[2026-06-14 15:40:51,822][root][INFO] - Epoch [1/5], Batch [37/300], Loss: 1.6374 (Overall: 1.2480, Change: 1.8426), TF Ratio: 0.993
[2026-06-14 15:40:51,976][root][INFO] - Epoch [1/5], Batch [38/300], Loss: 1.6307 (Overall: 1.1659, Change: 1.5984), TF Ratio: 0.992
[2026-06-14 15:40:52,129][root][INFO] - Epoch [1/5], Batch [39/300], Loss: 1.6214 (Overall: 1.0229, Change: 1.5098), TF Ratio: 0.992
[2026-06-14 15:40:52,298][root][INFO] - Epoch [1/5], Batch [40/300], Loss: 1.6159 (Overall: 1.2540, Change: 1.5515), TF Ratio: 0.992
[2026-06-14 15:40:52,451][root][INFO] - Epoch [1/5], Batch [41/300], Loss: 1.6126 (Overall: 1.3095, Change: 1.6519), TF Ratio: 0.992
[2026-06-14 15:40:52,611][root][INFO] - Epoch [1/5], Batch [42/300], Loss: 1.6074 (Overall: 1.2030, Change: 1.5818), TF Ratio: 0.992
[2026-06-14 15:40:52,764][root][INFO] - Epoch [1/5], Batch [43/300], Loss: 1.6022 (Overall: 1.2272, Change: 1.5403), TF Ratio: 0.991
[2026-06-14 15:40:52,931][root][INFO] - Epoch [1/5], Batch [44/300], Loss: 1.6058 (Overall: 1.5765, Change: 1.9449), TF Ratio: 0.991
[2026-06-14 15:40:53,084][root][INFO] - Epoch [1/5], Batch [45/300], Loss: 1.6007 (Overall: 1.2734, Change: 1.4787), TF Ratio: 0.991
[2026-06-14 15:40:53,237][root][INFO] - Epoch [1/5], Batch [46/300], Loss: 1.5991 (Overall: 1.2144, Change: 1.8418), TF Ratio: 0.991
[2026-06-14 15:40:53,391][root][INFO] - Epoch [1/5], Batch [47/300], Loss: 1.5939 (Overall: 1.1918, Change: 1.5216), TF Ratio: 0.991
[2026-06-14 15:40:53,546][root][INFO] - Epoch [1/5], Batch [48/300], Loss: 1.5935 (Overall: 1.1697, Change: 1.9810), TF Ratio: 0.990
[2026-06-14 15:40:53,699][root][INFO] - Epoch [1/5], Batch [49/300], Loss: 1.5884 (Overall: 1.1013, Change: 1.5839), TF Ratio: 0.990
[2026-06-14 15:40:53,852][root][INFO] - Epoch [1/5], Batch [50/300], Loss: 1.5851 (Overall: 1.2519, Change: 1.5969), TF Ratio: 0.990
[2026-06-14 15:40:54,007][root][INFO] - Epoch [1/5], Batch [51/300], Loss: 1.5812 (Overall: 1.2412, Change: 1.5266), TF Ratio: 0.990
[2026-06-14 15:40:54,182][root][INFO] - Epoch [1/5], Batch [52/300], Loss: 1.5786 (Overall: 1.1359, Change: 1.7601), TF Ratio: 0.990
[2026-06-14 15:40:54,341][root][INFO] - Epoch [1/5], Batch [53/300], Loss: 1.5805 (Overall: 1.5947, Change: 1.7635), TF Ratio: 0.989
[2026-06-14 15:40:54,495][root][INFO] - Epoch [1/5], Batch [54/300], Loss: 1.5743 (Overall: 1.0629, Change: 1.4300), TF Ratio: 0.989
[2026-06-14 15:40:54,650][root][INFO] - Epoch [1/5], Batch [55/300], Loss: 1.5747 (Overall: 1.3298, Change: 1.8525), TF Ratio: 0.989
[2026-06-14 15:40:54,819][root][INFO] - Epoch [1/5], Batch [56/300], Loss: 1.5722 (Overall: 1.0563, Change: 1.8237), TF Ratio: 0.989
[2026-06-14 15:40:54,974][root][INFO] - Epoch [1/5], Batch [57/300], Loss: 1.5690 (Overall: 1.0193, Change: 1.7579), TF Ratio: 0.989
[2026-06-14 15:40:55,129][root][INFO] - Epoch [1/5], Batch [58/300], Loss: 1.5666 (Overall: 1.3864, Change: 1.4747), TF Ratio: 0.988
[2026-06-14 15:40:55,282][root][INFO] - Epoch [1/5], Batch [59/300], Loss: 1.5661 (Overall: 1.3890, Change: 1.6826), TF Ratio: 0.988
[2026-06-14 15:40:55,447][root][INFO] - Epoch [1/5], Batch [60/300], Loss: 1.5599 (Overall: 1.0429, Change: 1.3459), TF Ratio: 0.988
[2026-06-14 15:40:55,601][root][INFO] - Epoch [1/5], Batch [61/300], Loss: 1.5563 (Overall: 1.2662, Change: 1.4088), TF Ratio: 0.988
[2026-06-14 15:40:55,762][root][INFO] - Epoch [1/5], Batch [62/300], Loss: 1.5566 (Overall: 1.5971, Change: 1.5617), TF Ratio: 0.988
[2026-06-14 15:40:55,926][root][INFO] - Epoch [1/5], Batch [63/300], Loss: 1.5545 (Overall: 1.2617, Change: 1.5828), TF Ratio: 0.987
[2026-06-14 15:40:56,081][root][INFO] - Epoch [1/5], Batch [64/300], Loss: 1.5509 (Overall: 1.1969, Change: 1.4553), TF Ratio: 0.987
[2026-06-14 15:40:56,237][root][INFO] - Epoch [1/5], Batch [65/300], Loss: 1.5494 (Overall: 1.2388, Change: 1.6599), TF Ratio: 0.987
[2026-06-14 15:40:56,390][root][INFO] - Epoch [1/5], Batch [66/300], Loss: 1.5469 (Overall: 1.1817, Change: 1.5962), TF Ratio: 0.987
[2026-06-14 15:40:56,553][root][INFO] - Epoch [1/5], Batch [67/300], Loss: 1.5451 (Overall: 1.1144, Change: 1.7307), TF Ratio: 0.987
[2026-06-14 15:40:56,726][root][INFO] - Epoch [1/5], Batch [68/300], Loss: 1.5417 (Overall: 1.2318, Change: 1.3984), TF Ratio: 0.986
[2026-06-14 15:40:56,880][root][INFO] - Epoch [1/5], Batch [69/300], Loss: 1.5404 (Overall: 1.2374, Change: 1.6661), TF Ratio: 0.986
[2026-06-14 15:40:57,033][root][INFO] - Epoch [1/5], Batch [70/300], Loss: 1.5380 (Overall: 1.1772, Change: 1.5615), TF Ratio: 0.986
[2026-06-14 15:40:57,185][root][INFO] - Epoch [1/5], Batch [71/300], Loss: 1.5373 (Overall: 1.1963, Change: 1.7889), TF Ratio: 0.986
[2026-06-14 15:40:57,343][root][INFO] - Epoch [1/5], Batch [72/300], Loss: 1.5346 (Overall: 1.0805, Change: 1.6082), TF Ratio: 0.986
[2026-06-14 15:40:57,506][root][INFO] - Epoch [1/5], Batch [73/300], Loss: 1.5334 (Overall: 1.1202, Change: 1.7725), TF Ratio: 0.985
[2026-06-14 15:40:57,658][root][INFO] - Epoch [1/5], Batch [74/300], Loss: 1.5293 (Overall: 1.0719, Change: 1.3756), TF Ratio: 0.985
[2026-06-14 15:40:57,813][root][INFO] - Epoch [1/5], Batch [75/300], Loss: 1.5253 (Overall: 0.9347, Change: 1.5375), TF Ratio: 0.985
[2026-06-14 15:40:57,969][root][INFO] - Epoch [1/5], Batch [76/300], Loss: 1.5241 (Overall: 1.3297, Change: 1.5396), TF Ratio: 0.985
[2026-06-14 15:40:58,132][root][INFO] - Epoch [1/5], Batch [77/300], Loss: 1.5248 (Overall: 1.3274, Change: 1.8181), TF Ratio: 0.985
[2026-06-14 15:40:58,299][root][INFO] - Epoch [1/5], Batch [78/300], Loss: 1.5229 (Overall: 1.0914, Change: 1.6618), TF Ratio: 0.984
[2026-06-14 15:40:58,454][root][INFO] - Epoch [1/5], Batch [79/300], Loss: 1.5205 (Overall: 1.1253, Change: 1.5451), TF Ratio: 0.984
[2026-06-14 15:40:58,610][root][INFO] - Epoch [1/5], Batch [80/300], Loss: 1.5177 (Overall: 1.0497, Change: 1.5371), TF Ratio: 0.984
[2026-06-14 15:40:58,775][root][INFO] - Epoch [1/5], Batch [81/300], Loss: 1.5159 (Overall: 1.0828, Change: 1.6646), TF Ratio: 0.984
[2026-06-14 15:40:58,929][root][INFO] - Epoch [1/5], Batch [82/300], Loss: 1.5123 (Overall: 1.0262, Change: 1.4197), TF Ratio: 0.984
[2026-06-14 15:40:59,083][root][INFO] - Epoch [1/5], Batch [83/300], Loss: 1.5103 (Overall: 1.2253, Change: 1.4682), TF Ratio: 0.983
[2026-06-14 15:40:59,241][root][INFO] - Epoch [1/5], Batch [84/300], Loss: 1.5067 (Overall: 1.0778, Change: 1.3281), TF Ratio: 0.983
[2026-06-14 15:40:59,413][root][INFO] - Epoch [1/5], Batch [85/300], Loss: 1.5068 (Overall: 1.0969, Change: 1.9325), TF Ratio: 0.983
[2026-06-14 15:40:59,569][root][INFO] - Epoch [1/5], Batch [86/300], Loss: 1.5061 (Overall: 1.4072, Change: 1.4972), TF Ratio: 0.983
[2026-06-14 15:40:59,721][root][INFO] - Epoch [1/5], Batch [87/300], Loss: 1.5022 (Overall: 1.0895, Change: 1.2389), TF Ratio: 0.983
[2026-06-14 15:40:59,883][root][INFO] - Epoch [1/5], Batch [88/300], Loss: 1.5000 (Overall: 1.0537, Change: 1.5629), TF Ratio: 0.982
[2026-06-14 15:41:00,048][root][INFO] - Epoch [1/5], Batch [89/300], Loss: 1.4987 (Overall: 1.2934, Change: 1.4751), TF Ratio: 0.982
[2026-06-14 15:41:00,202][root][INFO] - Epoch [1/5], Batch [90/300], Loss: 1.4964 (Overall: 0.9139, Change: 1.6637), TF Ratio: 0.982
[2026-06-14 15:41:00,354][root][INFO] - Epoch [1/5], Batch [91/300], Loss: 1.4952 (Overall: 1.0695, Change: 1.7185), TF Ratio: 0.982
[2026-06-14 15:41:00,521][root][INFO] - Epoch [1/5], Batch [92/300], Loss: 1.4953 (Overall: 1.1393, Change: 1.8650), TF Ratio: 0.982
[2026-06-14 15:41:00,681][root][INFO] - Epoch [1/5], Batch [93/300], Loss: 1.4924 (Overall: 0.9295, Change: 1.5216), TF Ratio: 0.981
[2026-06-14 15:41:00,833][root][INFO] - Epoch [1/5], Batch [94/300], Loss: 1.4887 (Overall: 0.9959, Change: 1.2915), TF Ratio: 0.981
[2026-06-14 15:41:00,987][root][INFO] - Epoch [1/5], Batch [95/300], Loss: 1.4868 (Overall: 1.0828, Change: 1.5385), TF Ratio: 0.981
[2026-06-14 15:41:01,141][root][INFO] - Epoch [1/5], Batch [96/300], Loss: 1.4854 (Overall: 1.1113, Change: 1.5904), TF Ratio: 0.981
[2026-06-14 15:41:01,295][root][INFO] - Epoch [1/5], Batch [97/300], Loss: 1.4836 (Overall: 1.1123, Change: 1.5025), TF Ratio: 0.981
[2026-06-14 15:41:01,457][root][INFO] - Epoch [1/5], Batch [98/300], Loss: 1.4818 (Overall: 0.9334, Change: 1.6948), TF Ratio: 0.980
[2026-06-14 15:41:01,620][root][INFO] - Epoch [1/5], Batch [99/300], Loss: 1.4799 (Overall: 0.9591, Change: 1.6200), TF Ratio: 0.980
[2026-06-14 15:41:01,776][root][INFO] - Epoch [1/5], Batch [100/300], Loss: 1.4770 (Overall: 0.9210, Change: 1.4623), TF Ratio: 0.980
[2026-06-14 15:41:01,929][root][INFO] - Epoch [1/5], Batch [101/300], Loss: 1.4748 (Overall: 0.9552, Change: 1.5580), TF Ratio: 0.980
[2026-06-14 15:41:02,089][root][INFO] - Epoch [1/5], Batch [102/300], Loss: 1.4732 (Overall: 1.1811, Change: 1.4365), TF Ratio: 0.980
[2026-06-14 15:41:02,243][root][INFO] - Epoch [1/5], Batch [103/300], Loss: 1.4715 (Overall: 1.0237, Change: 1.5776), TF Ratio: 0.979
[2026-06-14 15:41:02,404][root][INFO] - Epoch [1/5], Batch [104/300], Loss: 1.4706 (Overall: 1.1658, Change: 1.5763), TF Ratio: 0.979
[2026-06-14 15:41:02,572][root][INFO] - Epoch [1/5], Batch [105/300], Loss: 1.4691 (Overall: 1.0117, Change: 1.6148), TF Ratio: 0.979
[2026-06-14 15:41:02,740][root][INFO] - Epoch [1/5], Batch [106/300], Loss: 1.4682 (Overall: 1.0112, Change: 1.7428), TF Ratio: 0.979
[2026-06-14 15:41:02,918][root][INFO] - Epoch [1/5], Batch [107/300], Loss: 1.4656 (Overall: 0.9878, Change: 1.3902), TF Ratio: 0.979
[2026-06-14 15:41:03,077][root][INFO] - Epoch [1/5], Batch [108/300], Loss: 1.4631 (Overall: 1.0819, Change: 1.3046), TF Ratio: 0.978
[2026-06-14 15:41:03,233][root][INFO] - Epoch [1/5], Batch [109/300], Loss: 1.4615 (Overall: 1.0529, Change: 1.5406), TF Ratio: 0.978
[2026-06-14 15:41:03,394][root][INFO] - Epoch [1/5], Batch [110/300], Loss: 1.4595 (Overall: 1.0913, Change: 1.3750), TF Ratio: 0.978
[2026-06-14 15:41:03,548][root][INFO] - Epoch [1/5], Batch [111/300], Loss: 1.4576 (Overall: 1.0707, Change: 1.4260), TF Ratio: 0.978
[2026-06-14 15:41:03,724][root][INFO] - Epoch [1/5], Batch [112/300], Loss: 1.4565 (Overall: 1.1437, Change: 1.5449), TF Ratio: 0.978
[2026-06-14 15:41:03,879][root][INFO] - Epoch [1/5], Batch [113/300], Loss: 1.4568 (Overall: 1.2571, Change: 1.7177), TF Ratio: 0.977
[2026-06-14 15:41:04,032][root][INFO] - Epoch [1/5], Batch [114/300], Loss: 1.4550 (Overall: 0.9142, Change: 1.5901), TF Ratio: 0.977
[2026-06-14 15:41:04,185][root][INFO] - Epoch [1/5], Batch [115/300], Loss: 1.4535 (Overall: 1.0095, Change: 1.5571), TF Ratio: 0.977
[2026-06-14 15:41:04,372][root][INFO] - Epoch [1/5], Batch [116/300], Loss: 1.4519 (Overall: 0.9174, Change: 1.5992), TF Ratio: 0.977
[2026-06-14 15:41:04,526][root][INFO] - Epoch [1/5], Batch [117/300], Loss: 1.4498 (Overall: 0.9811, Change: 1.4543), TF Ratio: 0.977
[2026-06-14 15:41:04,688][root][INFO] - Epoch [1/5], Batch [118/300], Loss: 1.4469 (Overall: 0.9114, Change: 1.2836), TF Ratio: 0.976
[2026-06-14 15:41:04,842][root][INFO] - Epoch [1/5], Batch [119/300], Loss: 1.4451 (Overall: 1.0334, Change: 1.4422), TF Ratio: 0.976
[2026-06-14 15:41:05,005][root][INFO] - Epoch [1/5], Batch [120/300], Loss: 1.4441 (Overall: 1.1513, Change: 1.5002), TF Ratio: 0.976
[2026-06-14 15:41:05,168][root][INFO] - Epoch [1/5], Batch [121/300], Loss: 1.4424 (Overall: 0.9557, Change: 1.5131), TF Ratio: 0.976
[2026-06-14 15:41:05,321][root][INFO] - Epoch [1/5], Batch [122/300], Loss: 1.4411 (Overall: 1.0198, Change: 1.5422), TF Ratio: 0.976
[2026-06-14 15:41:05,474][root][INFO] - Epoch [1/5], Batch [123/300], Loss: 1.4406 (Overall: 1.2542, Change: 1.5052), TF Ratio: 0.975
[2026-06-14 15:41:05,647][root][INFO] - Epoch [1/5], Batch [124/300], Loss: 1.4375 (Overall: 1.0070, Change: 1.1279), TF Ratio: 0.975
[2026-06-14 15:41:05,802][root][INFO] - Epoch [1/5], Batch [125/300], Loss: 1.4362 (Overall: 1.0419, Change: 1.5082), TF Ratio: 0.975
[2026-06-14 15:41:05,955][root][INFO] - Epoch [1/5], Batch [126/300], Loss: 1.4338 (Overall: 0.8592, Change: 1.3922), TF Ratio: 0.975
[2026-06-14 15:41:06,111][root][INFO] - Epoch [1/5], Batch [127/300], Loss: 1.4324 (Overall: 0.9622, Change: 1.5619), TF Ratio: 0.975
[2026-06-14 15:41:06,276][root][INFO] - Epoch [1/5], Batch [128/300], Loss: 1.4309 (Overall: 1.1189, Change: 1.3656), TF Ratio: 0.974
[2026-06-14 15:41:06,440][root][INFO] - Epoch [1/5], Batch [129/300], Loss: 1.4303 (Overall: 1.0583, Change: 1.6496), TF Ratio: 0.974
[2026-06-14 15:41:06,593][root][INFO] - Epoch [1/5], Batch [130/300], Loss: 1.4281 (Overall: 0.9814, Change: 1.3006), TF Ratio: 0.974
[2026-06-14 15:41:06,759][root][INFO] - Epoch [1/5], Batch [131/300], Loss: 1.4260 (Overall: 0.9817, Change: 1.3180), TF Ratio: 0.974
[2026-06-14 15:41:06,912][root][INFO] - Epoch [1/5], Batch [132/300], Loss: 1.4239 (Overall: 0.9363, Change: 1.3565), TF Ratio: 0.974
[2026-06-14 15:41:07,068][root][INFO] - Epoch [1/5], Batch [133/300], Loss: 1.4227 (Overall: 1.0994, Change: 1.4282), TF Ratio: 0.973
[2026-06-14 15:41:07,226][root][INFO] - Epoch [1/5], Batch [134/300], Loss: 1.4212 (Overall: 0.9474, Change: 1.5113), TF Ratio: 0.973
[2026-06-14 15:41:07,381][root][INFO] - Epoch [1/5], Batch [135/300], Loss: 1.4196 (Overall: 1.0247, Change: 1.3828), TF Ratio: 0.973
[2026-06-14 15:41:07,539][root][INFO] - Epoch [1/5], Batch [136/300], Loss: 1.4193 (Overall: 1.1087, Change: 1.6382), TF Ratio: 0.973
[2026-06-14 15:41:07,698][root][INFO] - Epoch [1/5], Batch [137/300], Loss: 1.4183 (Overall: 1.2391, Change: 1.3181), TF Ratio: 0.973
[2026-06-14 15:41:07,858][root][INFO] - Epoch [1/5], Batch [138/300], Loss: 1.4175 (Overall: 1.0262, Change: 1.5927), TF Ratio: 0.972
[2026-06-14 15:41:08,015][root][INFO] - Epoch [1/5], Batch [139/300], Loss: 1.4168 (Overall: 1.1947, Change: 1.4669), TF Ratio: 0.972
[2026-06-14 15:41:08,173][root][INFO] - Epoch [1/5], Batch [140/300], Loss: 1.4156 (Overall: 0.9630, Change: 1.5311), TF Ratio: 0.972
[2026-06-14 15:41:08,349][root][INFO] - Epoch [1/5], Batch [141/300], Loss: 1.4157 (Overall: 1.1803, Change: 1.6816), TF Ratio: 0.972
[2026-06-14 15:41:08,513][root][INFO] - Epoch [1/5], Batch [142/300], Loss: 1.4150 (Overall: 0.9920, Change: 1.6256), TF Ratio: 0.972
[2026-06-14 15:41:08,666][root][INFO] - Epoch [1/5], Batch [143/300], Loss: 1.4132 (Overall: 1.0327, Change: 1.2787), TF Ratio: 0.971
[2026-06-14 15:41:08,824][root][INFO] - Epoch [1/5], Batch [144/300], Loss: 1.4130 (Overall: 1.1218, Change: 1.6640), TF Ratio: 0.971
[2026-06-14 15:41:08,979][root][INFO] - Epoch [1/5], Batch [145/300], Loss: 1.4127 (Overall: 1.1758, Change: 1.5600), TF Ratio: 0.971
[2026-06-14 15:41:09,135][root][INFO] - Epoch [1/5], Batch [146/300], Loss: 1.4108 (Overall: 0.9556, Change: 1.2965), TF Ratio: 0.971
[2026-06-14 15:41:09,289][root][INFO] - Epoch [1/5], Batch [147/300], Loss: 1.4087 (Overall: 0.9397, Change: 1.2777), TF Ratio: 0.971
[2026-06-14 15:41:09,458][root][INFO] - Epoch [1/5], Batch [148/300], Loss: 1.4074 (Overall: 1.0192, Change: 1.4243), TF Ratio: 0.970
[2026-06-14 15:41:09,620][root][INFO] - Epoch [1/5], Batch [149/300], Loss: 1.4060 (Overall: 0.9197, Change: 1.4595), TF Ratio: 0.970
[2026-06-14 15:41:09,774][root][INFO] - Epoch [1/5], Batch [150/300], Loss: 1.4053 (Overall: 0.9615, Change: 1.6611), TF Ratio: 0.970
[2026-06-14 15:41:09,935][root][INFO] - Epoch [1/5], Batch [151/300], Loss: 1.4047 (Overall: 0.9994, Change: 1.6152), TF Ratio: 0.970
[2026-06-14 15:41:10,101][root][INFO] - Epoch [1/5], Batch [152/300], Loss: 1.4037 (Overall: 1.2050, Change: 1.2878), TF Ratio: 0.970
[2026-06-14 15:41:10,265][root][INFO] - Epoch [1/5], Batch [153/300], Loss: 1.4025 (Overall: 0.9337, Change: 1.5270), TF Ratio: 0.969
[2026-06-14 15:41:10,418][root][INFO] - Epoch [1/5], Batch [154/300], Loss: 1.4013 (Overall: 0.8575, Change: 1.5845), TF Ratio: 0.969
[2026-06-14 15:41:10,575][root][INFO] - Epoch [1/5], Batch [155/300], Loss: 1.4004 (Overall: 1.1493, Change: 1.3549), TF Ratio: 0.969
[2026-06-14 15:41:10,736][root][INFO] - Epoch [1/5], Batch [156/300], Loss: 1.3999 (Overall: 1.0489, Change: 1.6154), TF Ratio: 0.969
[2026-06-14 15:41:10,890][root][INFO] - Epoch [1/5], Batch [157/300], Loss: 1.3992 (Overall: 1.1479, Change: 1.4168), TF Ratio: 0.969
[2026-06-14 15:41:11,043][root][INFO] - Epoch [1/5], Batch [158/300], Loss: 1.3978 (Overall: 0.8857, Change: 1.4832), TF Ratio: 0.968
[2026-06-14 15:41:11,196][root][INFO] - Epoch [1/5], Batch [159/300], Loss: 1.3973 (Overall: 1.0569, Change: 1.5723), TF Ratio: 0.968
[2026-06-14 15:41:11,366][root][INFO] - Epoch [1/5], Batch [160/300], Loss: 1.3945 (Overall: 0.8455, Change: 1.0447), TF Ratio: 0.968
[2026-06-14 15:41:11,521][root][INFO] - Epoch [1/5], Batch [161/300], Loss: 1.3927 (Overall: 0.9264, Change: 1.2985), TF Ratio: 0.968
[2026-06-14 15:41:11,675][root][INFO] - Epoch [1/5], Batch [162/300], Loss: 1.3931 (Overall: 0.9382, Change: 1.9583), TF Ratio: 0.968
[2026-06-14 15:41:11,829][root][INFO] - Epoch [1/5], Batch [163/300], Loss: 1.3905 (Overall: 0.9126, Change: 1.0209), TF Ratio: 0.967
[2026-06-14 15:41:11,985][root][INFO] - Epoch [1/5], Batch [164/300], Loss: 1.3891 (Overall: 0.9330, Change: 1.3993), TF Ratio: 0.967
[2026-06-14 15:41:12,140][root][INFO] - Epoch [1/5], Batch [165/300], Loss: 1.3883 (Overall: 0.8935, Change: 1.6323), TF Ratio: 0.967
[2026-06-14 15:41:12,303][root][INFO] - Epoch [1/5], Batch [166/300], Loss: 1.3867 (Overall: 0.7714, Change: 1.4798), TF Ratio: 0.967
[2026-06-14 15:41:12,457][root][INFO] - Epoch [1/5], Batch [167/300], Loss: 1.3859 (Overall: 0.9682, Change: 1.5069), TF Ratio: 0.967
[2026-06-14 15:41:12,615][root][INFO] - Epoch [1/5], Batch [168/300], Loss: 1.3851 (Overall: 1.0808, Change: 1.4473), TF Ratio: 0.966
[2026-06-14 15:41:12,771][root][INFO] - Epoch [1/5], Batch [169/300], Loss: 1.3828 (Overall: 1.0000, Change: 0.9673), TF Ratio: 0.966
[2026-06-14 15:41:12,924][root][INFO] - Epoch [1/5], Batch [170/300], Loss: 1.3816 (Overall: 0.9232, Change: 1.4534), TF Ratio: 0.966
[2026-06-14 15:41:13,090][root][INFO] - Epoch [1/5], Batch [171/300], Loss: 1.3798 (Overall: 1.0345, Change: 1.1217), TF Ratio: 0.966
[2026-06-14 15:41:13,256][root][INFO] - Epoch [1/5], Batch [172/300], Loss: 1.3784 (Overall: 0.9825, Change: 1.2844), TF Ratio: 0.966
[2026-06-14 15:41:13,417][root][INFO] - Epoch [1/5], Batch [173/300], Loss: 1.3761 (Overall: 0.9599, Change: 0.9948), TF Ratio: 0.965
[2026-06-14 15:41:13,574][root][INFO] - Epoch [1/5], Batch [174/300], Loss: 1.3754 (Overall: 0.9788, Change: 1.5460), TF Ratio: 0.965
[2026-06-14 15:41:13,729][root][INFO] - Epoch [1/5], Batch [175/300], Loss: 1.3752 (Overall: 1.0998, Change: 1.5783), TF Ratio: 0.965
[2026-06-14 15:41:13,896][root][INFO] - Epoch [1/5], Batch [176/300], Loss: 1.3746 (Overall: 1.0590, Change: 1.4631), TF Ratio: 0.965
[2026-06-14 15:41:14,050][root][INFO] - Epoch [1/5], Batch [177/300], Loss: 1.3732 (Overall: 0.8253, Change: 1.4204), TF Ratio: 0.965
[2026-06-14 15:41:14,203][root][INFO] - Epoch [1/5], Batch [178/300], Loss: 1.3742 (Overall: 0.9088, Change: 2.2040), TF Ratio: 0.964
[2026-06-14 15:41:14,358][root][INFO] - Epoch [1/5], Batch [179/300], Loss: 1.3735 (Overall: 0.9481, Change: 1.5676), TF Ratio: 0.964
[2026-06-14 15:41:14,533][root][INFO] - Epoch [1/5], Batch [180/300], Loss: 1.3733 (Overall: 0.9677, Change: 1.7115), TF Ratio: 0.964
[2026-06-14 15:41:14,692][root][INFO] - Epoch [1/5], Batch [181/300], Loss: 1.3721 (Overall: 0.8367, Change: 1.4424), TF Ratio: 0.964
[2026-06-14 15:41:14,854][root][INFO] - Epoch [1/5], Batch [182/300], Loss: 1.3710 (Overall: 0.9160, Change: 1.4298), TF Ratio: 0.964
[2026-06-14 15:41:15,008][root][INFO] - Epoch [1/5], Batch [183/300], Loss: 1.3700 (Overall: 0.8809, Change: 1.5105), TF Ratio: 0.963
[2026-06-14 15:41:15,174][root][INFO] - Epoch [1/5], Batch [184/300], Loss: 1.3691 (Overall: 1.1112, Change: 1.2969), TF Ratio: 0.963
[2026-06-14 15:41:15,329][root][INFO] - Epoch [1/5], Batch [185/300], Loss: 1.3683 (Overall: 0.8251, Change: 1.6061), TF Ratio: 0.963
[2026-06-14 15:41:15,481][root][INFO] - Epoch [1/5], Batch [186/300], Loss: 1.3682 (Overall: 1.0643, Change: 1.6374), TF Ratio: 0.963
[2026-06-14 15:41:15,634][root][INFO] - Epoch [1/5], Batch [187/300], Loss: 1.3671 (Overall: 0.9806, Change: 1.3634), TF Ratio: 0.963
[2026-06-14 15:41:15,811][root][INFO] - Epoch [1/5], Batch [188/300], Loss: 1.3663 (Overall: 0.9621, Change: 1.4529), TF Ratio: 0.962
[2026-06-14 15:41:15,965][root][INFO] - Epoch [1/5], Batch [189/300], Loss: 1.3683 (Overall: 1.7312, Change: 1.7690), TF Ratio: 0.962
[2026-06-14 15:41:16,118][root][INFO] - Epoch [1/5], Batch [190/300], Loss: 1.3678 (Overall: 0.9973, Change: 1.5540), TF Ratio: 0.962
[2026-06-14 15:41:16,280][root][INFO] - Epoch [1/5], Batch [191/300], Loss: 1.3670 (Overall: 0.9005, Change: 1.5309), TF Ratio: 0.962
[2026-06-14 15:41:16,446][root][INFO] - Epoch [1/5], Batch [192/300], Loss: 1.3661 (Overall: 0.8395, Change: 1.5460), TF Ratio: 0.962
[2026-06-14 15:41:16,604][root][INFO] - Epoch [1/5], Batch [193/300], Loss: 1.3656 (Overall: 1.1106, Change: 1.4382), TF Ratio: 0.961
[2026-06-14 15:41:16,774][root][INFO] - Epoch [1/5], Batch [194/300], Loss: 1.3656 (Overall: 1.0410, Change: 1.6701), TF Ratio: 0.961
[2026-06-14 15:41:16,927][root][INFO] - Epoch [1/5], Batch [195/300], Loss: 1.3652 (Overall: 1.3526, Change: 1.2113), TF Ratio: 0.961
[2026-06-14 15:41:17,094][root][INFO] - Epoch [1/5], Batch [196/300], Loss: 1.3650 (Overall: 0.9815, Change: 1.6815), TF Ratio: 0.961
[2026-06-14 15:41:17,248][root][INFO] - Epoch [1/5], Batch [197/300], Loss: 1.3637 (Overall: 1.0611, Change: 1.1535), TF Ratio: 0.961
[2026-06-14 15:41:17,403][root][INFO] - Epoch [1/5], Batch [198/300], Loss: 1.3628 (Overall: 0.9687, Change: 1.4241), TF Ratio: 0.960
[2026-06-14 15:41:17,568][root][INFO] - Epoch [1/5], Batch [199/300], Loss: 1.3627 (Overall: 0.9836, Change: 1.6899), TF Ratio: 0.960
[2026-06-14 15:41:17,722][root][INFO] - Epoch [1/5], Batch [200/300], Loss: 1.3625 (Overall: 0.9797, Change: 1.6771), TF Ratio: 0.960
[2026-06-14 15:41:17,881][root][INFO] - Epoch [1/5], Batch [201/300], Loss: 1.3618 (Overall: 0.8980, Change: 1.5267), TF Ratio: 0.960
[2026-06-14 15:41:18,045][root][INFO] - Epoch [1/5], Batch [202/300], Loss: 1.3609 (Overall: 0.9484, Change: 1.3991), TF Ratio: 0.960
[2026-06-14 15:41:18,200][root][INFO] - Epoch [1/5], Batch [203/300], Loss: 1.3604 (Overall: 1.0413, Change: 1.4856), TF Ratio: 0.959
[2026-06-14 15:41:18,359][root][INFO] - Epoch [1/5], Batch [204/300], Loss: 1.3600 (Overall: 1.1458, Change: 1.4147), TF Ratio: 0.959
[2026-06-14 15:41:18,512][root][INFO] - Epoch [1/5], Batch [205/300], Loss: 1.3584 (Overall: 0.8784, Change: 1.1986), TF Ratio: 0.959
[2026-06-14 15:41:18,665][root][INFO] - Epoch [1/5], Batch [206/300], Loss: 1.3573 (Overall: 0.9246, Change: 1.3191), TF Ratio: 0.959
[2026-06-14 15:41:18,819][root][INFO] - Epoch [1/5], Batch [207/300], Loss: 1.3564 (Overall: 0.9015, Change: 1.4389), TF Ratio: 0.959
[2026-06-14 15:41:19,000][root][INFO] - Epoch [1/5], Batch [208/300], Loss: 1.3547 (Overall: 0.9023, Change: 1.1333), TF Ratio: 0.958
[2026-06-14 15:41:19,163][root][INFO] - Epoch [1/5], Batch [209/300], Loss: 1.3542 (Overall: 0.9007, Change: 1.6036), TF Ratio: 0.958
[2026-06-14 15:41:19,316][root][INFO] - Epoch [1/5], Batch [210/300], Loss: 1.3549 (Overall: 1.3167, Change: 1.6580), TF Ratio: 0.958
[2026-06-14 15:41:19,470][root][INFO] - Epoch [1/5], Batch [211/300], Loss: 1.3552 (Overall: 0.9346, Change: 1.9056), TF Ratio: 0.958
[2026-06-14 15:41:19,627][root][INFO] - Epoch [1/5], Batch [212/300], Loss: 1.3546 (Overall: 0.9540, Change: 1.5245), TF Ratio: 0.958
[2026-06-14 15:41:19,782][root][INFO] - Epoch [1/5], Batch [213/300], Loss: 1.3538 (Overall: 0.9559, Change: 1.3852), TF Ratio: 0.957
[2026-06-14 15:41:19,935][root][INFO] - Epoch [1/5], Batch [214/300], Loss: 1.3540 (Overall: 0.9103, Change: 1.9040), TF Ratio: 0.957
[2026-06-14 15:41:20,099][root][INFO] - Epoch [1/5], Batch [215/300], Loss: 1.3528 (Overall: 0.9172, Change: 1.2505), TF Ratio: 0.957
[2026-06-14 15:41:20,260][root][INFO] - Epoch [1/5], Batch [216/300], Loss: 1.3525 (Overall: 0.9688, Change: 1.6085), TF Ratio: 0.957
[2026-06-14 15:41:20,416][root][INFO] - Epoch [1/5], Batch [217/300], Loss: 1.3519 (Overall: 1.1050, Change: 1.3593), TF Ratio: 0.957
[2026-06-14 15:41:20,570][root][INFO] - Epoch [1/5], Batch [218/300], Loss: 1.3513 (Overall: 1.1798, Change: 1.2494), TF Ratio: 0.956
[2026-06-14 15:41:20,723][root][INFO] - Epoch [1/5], Batch [219/300], Loss: 1.3506 (Overall: 0.9192, Change: 1.4854), TF Ratio: 0.956
[2026-06-14 15:41:20,881][root][INFO] - Epoch [1/5], Batch [220/300], Loss: 1.3499 (Overall: 0.8197, Change: 1.5585), TF Ratio: 0.956
[2026-06-14 15:41:21,043][root][INFO] - Epoch [1/5], Batch [221/300], Loss: 1.3487 (Overall: 1.0524, Change: 1.1135), TF Ratio: 0.956
[2026-06-14 15:41:21,200][root][INFO] - Epoch [1/5], Batch [222/300], Loss: 1.3489 (Overall: 1.1540, Change: 1.6499), TF Ratio: 0.956
[2026-06-14 15:41:21,354][root][INFO] - Epoch [1/5], Batch [223/300], Loss: 1.3481 (Overall: 0.8339, Change: 1.5200), TF Ratio: 0.955
[2026-06-14 15:41:21,519][root][INFO] - Epoch [1/5], Batch [224/300], Loss: 1.3482 (Overall: 0.8924, Change: 1.8555), TF Ratio: 0.955
[2026-06-14 15:41:21,675][root][INFO] - Epoch [1/5], Batch [225/300], Loss: 1.3484 (Overall: 0.7770, Change: 1.9899), TF Ratio: 0.955
[2026-06-14 15:41:21,831][root][INFO] - Epoch [1/5], Batch [226/300], Loss: 1.3484 (Overall: 0.9548, Change: 1.7471), TF Ratio: 0.955
[2026-06-14 15:41:21,987][root][INFO] - Epoch [1/5], Batch [227/300], Loss: 1.3470 (Overall: 0.7169, Change: 1.3562), TF Ratio: 0.955
[2026-06-14 15:41:22,151][root][INFO] - Epoch [1/5], Batch [228/300], Loss: 1.3459 (Overall: 1.0645, Change: 1.1294), TF Ratio: 0.954
[2026-06-14 15:41:22,316][root][INFO] - Epoch [1/5], Batch [229/300], Loss: 1.3460 (Overall: 0.9779, Change: 1.7236), TF Ratio: 0.954
[2026-06-14 15:41:22,469][root][INFO] - Epoch [1/5], Batch [230/300], Loss: 1.3462 (Overall: 0.9101, Change: 1.9081), TF Ratio: 0.954
[2026-06-14 15:41:22,624][root][INFO] - Epoch [1/5], Batch [231/300], Loss: 1.3450 (Overall: 0.7890, Change: 1.3116), TF Ratio: 0.954
[2026-06-14 15:41:22,779][root][INFO] - Epoch [1/5], Batch [232/300], Loss: 1.3443 (Overall: 0.8693, Change: 1.5247), TF Ratio: 0.954
[2026-06-14 15:41:22,934][root][INFO] - Epoch [1/5], Batch [233/300], Loss: 1.3432 (Overall: 0.8957, Change: 1.2883), TF Ratio: 0.953
[2026-06-14 15:41:23,088][root][INFO] - Epoch [1/5], Batch [234/300], Loss: 1.3423 (Overall: 0.8566, Change: 1.3816), TF Ratio: 0.953
[2026-06-14 15:41:23,244][root][INFO] - Epoch [1/5], Batch [235/300], Loss: 1.3426 (Overall: 1.2226, Change: 1.6141), TF Ratio: 0.953
[2026-06-14 15:41:23,400][root][INFO] - Epoch [1/5], Batch [236/300], Loss: 1.3421 (Overall: 1.0293, Change: 1.4162), TF Ratio: 0.953
[2026-06-14 15:41:23,566][root][INFO] - Epoch [1/5], Batch [237/300], Loss: 1.3409 (Overall: 0.8168, Change: 1.3115), TF Ratio: 0.953
[2026-06-14 15:41:23,720][root][INFO] - Epoch [1/5], Batch [238/300], Loss: 1.3407 (Overall: 0.9951, Change: 1.5695), TF Ratio: 0.952
[2026-06-14 15:41:23,872][root][INFO] - Epoch [1/5], Batch [239/300], Loss: 1.3401 (Overall: 0.9834, Change: 1.4088), TF Ratio: 0.952
[2026-06-14 15:41:24,027][root][INFO] - Epoch [1/5], Batch [240/300], Loss: 1.3389 (Overall: 0.8535, Change: 1.2449), TF Ratio: 0.952
[2026-06-14 15:41:24,181][root][INFO] - Epoch [1/5], Batch [241/300], Loss: 1.3380 (Overall: 0.9320, Change: 1.3157), TF Ratio: 0.952
[2026-06-14 15:41:24,336][root][INFO] - Epoch [1/5], Batch [242/300], Loss: 1.3370 (Overall: 1.0456, Change: 1.1484), TF Ratio: 0.952
[2026-06-14 15:41:24,499][root][INFO] - Epoch [1/5], Batch [243/300], Loss: 1.3362 (Overall: 0.9735, Change: 1.3426), TF Ratio: 0.951
[2026-06-14 15:41:24,662][root][INFO] - Epoch [1/5], Batch [244/300], Loss: 1.3351 (Overall: 0.9302, Change: 1.1817), TF Ratio: 0.951
[2026-06-14 15:41:24,817][root][INFO] - Epoch [1/5], Batch [245/300], Loss: 1.3341 (Overall: 0.8735, Change: 1.3329), TF Ratio: 0.951
[2026-06-14 15:41:24,970][root][INFO] - Epoch [1/5], Batch [246/300], Loss: 1.3344 (Overall: 0.7905, Change: 2.0009), TF Ratio: 0.951
[2026-06-14 15:41:25,125][root][INFO] - Epoch [1/5], Batch [247/300], Loss: 1.3337 (Overall: 0.8416, Change: 1.5066), TF Ratio: 0.951
[2026-06-14 15:41:25,289][root][INFO] - Epoch [1/5], Batch [248/300], Loss: 1.3338 (Overall: 1.0112, Change: 1.6620), TF Ratio: 0.950
[2026-06-14 15:41:25,445][root][INFO] - Epoch [1/5], Batch [249/300], Loss: 1.3339 (Overall: 0.8996, Change: 1.8226), TF Ratio: 0.950
[2026-06-14 15:41:25,599][root][INFO] - Epoch [1/5], Batch [250/300], Loss: 1.3339 (Overall: 0.9633, Change: 1.7006), TF Ratio: 0.950
[2026-06-14 15:41:25,752][root][INFO] - Epoch [1/5], Batch [251/300], Loss: 1.3339 (Overall: 1.0076, Change: 1.6893), TF Ratio: 0.950
[2026-06-14 15:41:25,919][root][INFO] - Epoch [1/5], Batch [252/300], Loss: 1.3335 (Overall: 0.9998, Change: 1.4589), TF Ratio: 0.950
[2026-06-14 15:41:26,072][root][INFO] - Epoch [1/5], Batch [253/300], Loss: 1.3335 (Overall: 1.0197, Change: 1.6699), TF Ratio: 0.949
[2026-06-14 15:41:26,226][root][INFO] - Epoch [1/5], Batch [254/300], Loss: 1.3333 (Overall: 0.9243, Change: 1.6043), TF Ratio: 0.949
[2026-06-14 15:41:26,385][root][INFO] - Epoch [1/5], Batch [255/300], Loss: 1.3312 (Overall: 1.0084, Change: 0.5991), TF Ratio: 0.949
[2026-06-14 15:41:26,548][root][INFO] - Epoch [1/5], Batch [256/300], Loss: 1.3310 (Overall: 1.0638, Change: 1.4939), TF Ratio: 0.949
[2026-06-14 15:41:26,703][root][INFO] - Epoch [1/5], Batch [257/300], Loss: 1.3298 (Overall: 0.8167, Change: 1.2350), TF Ratio: 0.949
[2026-06-14 15:41:26,866][root][INFO] - Epoch [1/5], Batch [258/300], Loss: 1.3299 (Overall: 1.1000, Change: 1.6007), TF Ratio: 0.948
[2026-06-14 15:41:27,020][root][INFO] - Epoch [1/5], Batch [259/300], Loss: 1.3297 (Overall: 0.9104, Change: 1.6560), TF Ratio: 0.948
[2026-06-14 15:41:27,183][root][INFO] - Epoch [1/5], Batch [260/300], Loss: 1.3293 (Overall: 1.0906, Change: 1.3540), TF Ratio: 0.948
[2026-06-14 15:41:27,348][root][INFO] - Epoch [1/5], Batch [261/300], Loss: 1.3306 (Overall: 1.2247, Change: 2.1035), TF Ratio: 0.948
[2026-06-14 15:41:27,503][root][INFO] - Epoch [1/5], Batch [262/300], Loss: 1.3293 (Overall: 0.8463, Change: 1.1578), TF Ratio: 0.948
[2026-06-14 15:41:27,657][root][INFO] - Epoch [1/5], Batch [263/300], Loss: 1.3290 (Overall: 0.8343, Change: 1.6341), TF Ratio: 0.947
[2026-06-14 15:41:27,813][root][INFO] - Epoch [1/5], Batch [264/300], Loss: 1.3287 (Overall: 1.0459, Change: 1.4586), TF Ratio: 0.947
[2026-06-14 15:41:27,967][root][INFO] - Epoch [1/5], Batch [265/300], Loss: 1.3280 (Overall: 0.9316, Change: 1.3964), TF Ratio: 0.947
[2026-06-14 15:41:28,121][root][INFO] - Epoch [1/5], Batch [266/300], Loss: 1.3276 (Overall: 0.8336, Change: 1.5827), TF Ratio: 0.947
[2026-06-14 15:41:28,275][root][INFO] - Epoch [1/5], Batch [267/300], Loss: 1.3280 (Overall: 1.2797, Change: 1.5868), TF Ratio: 0.947
[2026-06-14 15:41:28,448][root][INFO] - Epoch [1/5], Batch [268/300], Loss: 1.3277 (Overall: 1.1184, Change: 1.4065), TF Ratio: 0.946
[2026-06-14 15:41:28,607][root][INFO] - Epoch [1/5], Batch [269/300], Loss: 1.3279 (Overall: 1.0010, Change: 1.7113), TF Ratio: 0.946
[2026-06-14 15:41:28,760][root][INFO] - Epoch [1/5], Batch [270/300], Loss: 1.3269 (Overall: 0.8189, Change: 1.3409), TF Ratio: 0.946
[2026-06-14 15:41:28,914][root][INFO] - Epoch [1/5], Batch [271/300], Loss: 1.3263 (Overall: 0.8433, Change: 1.4908), TF Ratio: 0.946
[2026-06-14 15:41:29,075][root][INFO] - Epoch [1/5], Batch [272/300], Loss: 1.3256 (Overall: 0.7302, Change: 1.4996), TF Ratio: 0.946
[2026-06-14 15:41:29,230][root][INFO] - Epoch [1/5], Batch [273/300], Loss: 1.3252 (Overall: 0.9878, Change: 1.4603), TF Ratio: 0.945
[2026-06-14 15:41:29,383][root][INFO] - Epoch [1/5], Batch [274/300], Loss: 1.3251 (Overall: 0.8959, Change: 1.6824), TF Ratio: 0.945
[2026-06-14 15:41:29,539][root][INFO] - Epoch [1/5], Batch [275/300], Loss: 1.3247 (Overall: 0.9564, Change: 1.4969), TF Ratio: 0.945
[2026-06-14 15:41:29,710][root][INFO] - Epoch [1/5], Batch [276/300], Loss: 1.3233 (Overall: 0.5733, Change: 1.3252), TF Ratio: 0.945
[2026-06-14 15:41:29,866][root][INFO] - Epoch [1/5], Batch [277/300], Loss: 1.3219 (Overall: 0.7105, Change: 1.1504), TF Ratio: 0.945
[2026-06-14 15:41:30,021][root][INFO] - Epoch [1/5], Batch [278/300], Loss: 1.3215 (Overall: 0.8779, Change: 1.5124), TF Ratio: 0.944
[2026-06-14 15:41:30,183][root][INFO] - Epoch [1/5], Batch [279/300], Loss: 1.3205 (Overall: 0.9341, Change: 1.1792), TF Ratio: 0.944
[2026-06-14 15:41:30,340][root][INFO] - Epoch [1/5], Batch [280/300], Loss: 1.3196 (Overall: 0.7507, Change: 1.3954), TF Ratio: 0.944
[2026-06-14 15:41:30,497][root][INFO] - Epoch [1/5], Batch [281/300], Loss: 1.3191 (Overall: 0.9576, Change: 1.3833), TF Ratio: 0.944
[2026-06-14 15:41:30,651][root][INFO] - Epoch [1/5], Batch [282/300], Loss: 1.3184 (Overall: 0.7785, Change: 1.4689), TF Ratio: 0.944
[2026-06-14 15:41:30,804][root][INFO] - Epoch [1/5], Batch [283/300], Loss: 1.3178 (Overall: 1.0580, Change: 1.2568), TF Ratio: 0.943
[2026-06-14 15:41:30,979][root][INFO] - Epoch [1/5], Batch [284/300], Loss: 1.3174 (Overall: 0.9131, Change: 1.4768), TF Ratio: 0.943
[2026-06-14 15:41:31,133][root][INFO] - Epoch [1/5], Batch [285/300], Loss: 1.3167 (Overall: 0.7073, Change: 1.4958), TF Ratio: 0.943
[2026-06-14 15:41:31,287][root][INFO] - Epoch [1/5], Batch [286/300], Loss: 1.3163 (Overall: 1.3140, Change: 1.1077), TF Ratio: 0.943
[2026-06-14 15:41:31,442][root][INFO] - Epoch [1/5], Batch [287/300], Loss: 1.3156 (Overall: 0.8005, Change: 1.4666), TF Ratio: 0.943
[2026-06-14 15:41:31,616][root][INFO] - Epoch [1/5], Batch [288/300], Loss: 1.3159 (Overall: 1.0581, Change: 1.7136), TF Ratio: 0.942
[2026-06-14 15:41:31,769][root][INFO] - Epoch [1/5], Batch [289/300], Loss: 1.3149 (Overall: 0.7644, Change: 1.2988), TF Ratio: 0.942
[2026-06-14 15:41:31,922][root][INFO] - Epoch [1/5], Batch [290/300], Loss: 1.3140 (Overall: 0.7737, Change: 1.3094), TF Ratio: 0.942
[2026-06-14 15:41:32,075][root][INFO] - Epoch [1/5], Batch [291/300], Loss: 1.3138 (Overall: 0.9677, Change: 1.5780), TF Ratio: 0.942
[2026-06-14 15:41:32,235][root][INFO] - Epoch [1/5], Batch [292/300], Loss: 1.3132 (Overall: 0.8555, Change: 1.3970), TF Ratio: 0.942
[2026-06-14 15:41:32,388][root][INFO] - Epoch [1/5], Batch [293/300], Loss: 1.3128 (Overall: 0.8692, Change: 1.5206), TF Ratio: 0.941
[2026-06-14 15:41:32,541][root][INFO] - Epoch [1/5], Batch [294/300], Loss: 1.3131 (Overall: 1.3727, Change: 1.4708), TF Ratio: 0.941
[2026-06-14 15:41:32,698][root][INFO] - Epoch [1/5], Batch [295/300], Loss: 1.3124 (Overall: 0.8971, Change: 1.2617), TF Ratio: 0.941
[2026-06-14 15:41:32,858][root][INFO] - Epoch [1/5], Batch [296/300], Loss: 1.3128 (Overall: 0.8325, Change: 2.0338), TF Ratio: 0.941
[2026-06-14 15:41:33,015][root][INFO] - Epoch [1/5], Batch [297/300], Loss: 1.3131 (Overall: 1.1831, Change: 1.6477), TF Ratio: 0.941
[2026-06-14 15:41:33,171][root][INFO] - Epoch [1/5], Batch [298/300], Loss: 1.3128 (Overall: 0.9849, Change: 1.4759), TF Ratio: 0.940
[2026-06-14 15:41:33,328][root][INFO] - Epoch [1/5], Batch [299/300], Loss: 1.3130 (Overall: 1.0851, Change: 1.6140), TF Ratio: 0.940
[2026-06-14 15:41:33,490][root][INFO] - Epoch [1/5], Batch [300/300], Loss: 1.3124 (Overall: 0.8459, Change: 1.4512), TF Ratio: 0.940
[2026-06-14 15:41:35,506][root][INFO] - Epoch 1 done. Validating...
[2026-06-14 15:41:43,134][root][INFO] - Epoch [1/5] | Train: 1.3259 | Val: 0.7524
[2026-06-14 15:41:43,508][root][INFO] - Checkpoint saved: /gpfs/scratch/bsc32/bsc096444/ai4land-tfm/trained_models/unet_impl/41788809/best_model.pth
[2026-06-14 15:41:43,740][root][INFO] - Checkpoint saved: /gpfs/scratch/bsc32/bsc096444/ai4land-tfm/trained_models/unet_impl/41788809/model_epoch_1.pth
[2026-06-14 15:41:49,081][root][INFO] - Epoch [2/5], Batch [1/300], Loss: 1.1077 (Overall: 0.8377, Change: 1.3776), TF Ratio: 0.940
[2026-06-14 15:41:49,258][root][INFO] - Epoch [2/5], Batch [2/300], Loss: 1.0959 (Overall: 0.9316, Change: 1.2367), TF Ratio: 0.940
[2026-06-14 15:41:49,420][root][INFO] - Epoch [2/5], Batch [3/300], Loss: 1.1113 (Overall: 0.8193, Change: 1.4646), TF Ratio: 0.939
[2026-06-14 15:41:49,594][root][INFO] - Epoch [2/5], Batch [4/300], Loss: 1.1416 (Overall: 1.1504, Change: 1.3144), TF Ratio: 0.939
[2026-06-14 15:41:49,754][root][INFO] - Epoch [2/5], Batch [5/300], Loss: 1.1027 (Overall: 0.8440, Change: 1.0500), TF Ratio: 0.939
[2026-06-14 15:41:49,909][root][INFO] - Epoch [2/5], Batch [6/300], Loss: 1.1328 (Overall: 0.8792, Change: 1.6880), TF Ratio: 0.939
[2026-06-14 15:41:50,078][root][INFO] - Epoch [2/5], Batch [7/300], Loss: 1.1419 (Overall: 0.7679, Change: 1.6243), TF Ratio: 0.939
[2026-06-14 15:41:50,253][root][INFO] - Epoch [2/5], Batch [8/300], Loss: 1.1383 (Overall: 0.7499, Change: 1.4769), TF Ratio: 0.938
[2026-06-14 15:41:50,407][root][INFO] - Epoch [2/5], Batch [9/300], Loss: 1.1496 (Overall: 0.8098, Change: 1.6707), TF Ratio: 0.938
[2026-06-14 15:41:50,575][root][INFO] - Epoch [2/5], Batch [10/300], Loss: 1.1364 (Overall: 0.6907, Change: 1.3444), TF Ratio: 0.938
[2026-06-14 15:41:50,742][root][INFO] - Epoch [2/5], Batch [11/300], Loss: 1.1712 (Overall: 1.3258, Change: 1.7133), TF Ratio: 0.938
[2026-06-14 15:41:50,909][root][INFO] - Epoch [2/5], Batch [12/300], Loss: 1.1752 (Overall: 0.7239, Change: 1.7141), TF Ratio: 0.938
[2026-06-14 15:41:51,067][root][INFO] - Epoch [2/5], Batch [13/300], Loss: 1.1695 (Overall: 0.6902, Change: 1.5124), TF Ratio: 0.937
[2026-06-14 15:41:51,224][root][INFO] - Epoch [2/5], Batch [14/300], Loss: 1.1594 (Overall: 0.7278, Change: 1.3284), TF Ratio: 0.937
[2026-06-14 15:41:51,381][root][INFO] - Epoch [2/5], Batch [15/300], Loss: 1.1526 (Overall: 0.7794, Change: 1.3347), TF Ratio: 0.937
[2026-06-14 15:41:51,571][root][INFO] - Epoch [2/5], Batch [16/300], Loss: 1.1484 (Overall: 0.7312, Change: 1.4387), TF Ratio: 0.937
[2026-06-14 15:41:51,730][root][INFO] - Epoch [2/5], Batch [17/300], Loss: 1.1445 (Overall: 0.9224, Change: 1.2419), TF Ratio: 0.937
[2026-06-14 15:41:51,902][root][INFO] - Epoch [2/5], Batch [18/300], Loss: 1.1446 (Overall: 1.0580, Change: 1.2359), TF Ratio: 0.936
[2026-06-14 15:41:52,058][root][INFO] - Epoch [2/5], Batch [19/300], Loss: 1.1449 (Overall: 1.0821, Change: 1.2160), TF Ratio: 0.936
[2026-06-14 15:41:52,244][root][INFO] - Epoch [2/5], Batch [20/300], Loss: 1.1460 (Overall: 0.8144, Change: 1.5212), TF Ratio: 0.936
[2026-06-14 15:41:52,412][root][INFO] - Epoch [2/5], Batch [21/300], Loss: 1.1481 (Overall: 0.8157, Change: 1.5632), TF Ratio: 0.936
[2026-06-14 15:41:52,576][root][INFO] - Epoch [2/5], Batch [22/300], Loss: 1.1571 (Overall: 1.2990, Change: 1.3950), TF Ratio: 0.936
[2026-06-14 15:41:52,734][root][INFO] - Epoch [2/5], Batch [23/300], Loss: 1.1483 (Overall: 0.8125, Change: 1.0984), TF Ratio: 0.935
[2026-06-14 15:41:52,898][root][INFO] - Epoch [2/5], Batch [24/300], Loss: 1.1540 (Overall: 0.8963, Change: 1.6723), TF Ratio: 0.935
[2026-06-14 15:41:53,053][root][INFO] - Epoch [2/5], Batch [25/300], Loss: 1.1478 (Overall: 0.6760, Change: 1.3190), TF Ratio: 0.935
[2026-06-14 15:41:53,211][root][INFO] - Epoch [2/5], Batch [26/300], Loss: 1.1453 (Overall: 0.8920, Change: 1.2766), TF Ratio: 0.935
[2026-06-14 15:41:53,381][root][INFO] - Epoch [2/5], Batch [27/300], Loss: 1.1384 (Overall: 0.9006, Change: 1.0153), TF Ratio: 0.935
[2026-06-14 15:41:53,546][root][INFO] - Epoch [2/5], Batch [28/300], Loss: 1.1404 (Overall: 0.9819, Change: 1.4108), TF Ratio: 0.934
[2026-06-14 15:41:53,719][root][INFO] - Epoch [2/5], Batch [29/300], Loss: 1.1378 (Overall: 0.8448, Change: 1.2839), TF Ratio: 0.934
[2026-06-14 15:41:53,875][root][INFO] - Epoch [2/5], Batch [30/300], Loss: 1.1347 (Overall: 0.8070, Change: 1.2791), TF Ratio: 0.934
[2026-06-14 15:41:54,032][root][INFO] - Epoch [2/5], Batch [31/300], Loss: 1.1339 (Overall: 0.7739, Change: 1.4460), TF Ratio: 0.934
[2026-06-14 15:41:54,199][root][INFO] - Epoch [2/5], Batch [32/300], Loss: 1.1346 (Overall: 0.8054, Change: 1.5121), TF Ratio: 0.934
[2026-06-14 15:41:54,367][root][INFO] - Epoch [2/5], Batch [33/300], Loss: 1.1277 (Overall: 0.8920, Change: 0.9179), TF Ratio: 0.933
[2026-06-14 15:41:54,523][root][INFO] - Epoch [2/5], Batch [34/300], Loss: 1.1245 (Overall: 0.7709, Change: 1.2687), TF Ratio: 0.933
[2026-06-14 15:41:54,686][root][INFO] - Epoch [2/5], Batch [35/300], Loss: 1.1239 (Overall: 0.7960, Change: 1.4089), TF Ratio: 0.933
[2026-06-14 15:41:54,856][root][INFO] - Epoch [2/5], Batch [36/300], Loss: 1.1184 (Overall: 0.6800, Change: 1.1700), TF Ratio: 0.933
[2026-06-14 15:41:55,031][root][INFO] - Epoch [2/5], Batch [37/300], Loss: 1.1197 (Overall: 0.8270, Change: 1.5083), TF Ratio: 0.933
[2026-06-14 15:41:55,207][root][INFO] - Epoch [2/5], Batch [38/300], Loss: 1.1208 (Overall: 0.8935, Change: 1.4324), TF Ratio: 0.932
[2026-06-14 15:41:55,367][root][INFO] - Epoch [2/5], Batch [39/300], Loss: 1.1203 (Overall: 0.8030, Change: 1.3996), TF Ratio: 0.932
[2026-06-14 15:41:55,527][root][INFO] - Epoch [2/5], Batch [40/300], Loss: 1.1238 (Overall: 0.9507, Change: 1.5697), TF Ratio: 0.932
[2026-06-14 15:41:55,700][root][INFO] - Epoch [2/5], Batch [41/300], Loss: 1.1274 (Overall: 1.0325, Change: 1.5126), TF Ratio: 0.932
[2026-06-14 15:41:55,887][root][INFO] - Epoch [2/5], Batch [42/300], Loss: 1.1289 (Overall: 0.9925, Change: 1.3831), TF Ratio: 0.932
[2026-06-14 15:41:56,048][root][INFO] - Epoch [2/5], Batch [43/300], Loss: 1.1280 (Overall: 0.9704, Change: 1.2114), TF Ratio: 0.931
[2026-06-14 15:41:56,216][root][INFO] - Epoch [2/5], Batch [44/300], Loss: 1.1326 (Overall: 1.0982, Change: 1.5620), TF Ratio: 0.931
[2026-06-14 15:41:56,373][root][INFO] - Epoch [2/5], Batch [45/300], Loss: 1.1344 (Overall: 0.8634, Change: 1.5600), TF Ratio: 0.931
[2026-06-14 15:41:56,538][root][INFO] - Epoch [2/5], Batch [46/300], Loss: 1.1324 (Overall: 1.0083, Change: 1.0837), TF Ratio: 0.931
[2026-06-14 15:41:56,699][root][INFO] - Epoch [2/5], Batch [47/300], Loss: 1.1379 (Overall: 1.1552, Change: 1.6226), TF Ratio: 0.931
[2026-06-14 15:41:57,064][root][INFO] - Epoch [2/5], Batch [48/300], Loss: 1.1433 (Overall: 0.7881, Change: 2.0027), TF Ratio: 0.930
[2026-06-14 15:41:57,222][root][INFO] - Epoch [2/5], Batch [49/300], Loss: 1.1463 (Overall: 0.9993, Change: 1.5853), TF Ratio: 0.930
[2026-06-14 15:41:57,382][root][INFO] - Epoch [2/5], Batch [50/300], Loss: 1.1469 (Overall: 0.7164, Change: 1.6373), TF Ratio: 0.930
[2026-06-14 15:41:57,553][root][INFO] - Epoch [2/5], Batch [51/300], Loss: 1.1430 (Overall: 0.5950, Change: 1.2953), TF Ratio: 0.930
[2026-06-14 15:41:57,745][root][INFO] - Epoch [2/5], Batch [52/300], Loss: 1.1397 (Overall: 0.8086, Change: 1.1426), TF Ratio: 0.930
[2026-06-14 15:41:57,909][root][INFO] - Epoch [2/5], Batch [53/300], Loss: 1.1376 (Overall: 0.8801, Change: 1.1757), TF Ratio: 0.929
[2026-06-14 15:41:58,073][root][INFO] - Epoch [2/5], Batch [54/300], Loss: 1.1389 (Overall: 0.8826, Change: 1.5307), TF Ratio: 0.929
[2026-06-14 15:41:58,244][root][INFO] - Epoch [2/5], Batch [55/300], Loss: 1.1383 (Overall: 0.9412, Change: 1.2725), TF Ratio: 0.929
[2026-06-14 15:41:58,401][root][INFO] - Epoch [2/5], Batch [56/300], Loss: 1.1384 (Overall: 0.9285, Change: 1.3598), TF Ratio: 0.929
[2026-06-14 15:41:58,580][root][INFO] - Epoch [2/5], Batch [57/300], Loss: 1.1421 (Overall: 0.9785, Change: 1.7224), TF Ratio: 0.929
[2026-06-14 15:41:58,739][root][INFO] - Epoch [2/5], Batch [58/300], Loss: 1.1408 (Overall: 0.9034, Change: 1.2297), TF Ratio: 0.928
[2026-06-14 15:41:58,911][root][INFO] - Epoch [2/5], Batch [59/300], Loss: 1.1409 (Overall: 0.9283, Change: 1.3614), TF Ratio: 0.928
[2026-06-14 15:41:59,079][root][INFO] - Epoch [2/5], Batch [60/300], Loss: 1.1424 (Overall: 0.9168, Change: 1.5459), TF Ratio: 0.928
[2026-06-14 15:41:59,245][root][INFO] - Epoch [2/5], Batch [61/300], Loss: 1.1451 (Overall: 0.9634, Change: 1.6494), TF Ratio: 0.928
[2026-06-14 15:41:59,405][root][INFO] - Epoch [2/5], Batch [62/300], Loss: 1.1457 (Overall: 1.0983, Change: 1.2704), TF Ratio: 0.928
[2026-06-14 15:41:59,563][root][INFO] - Epoch [2/5], Batch [63/300], Loss: 1.1459 (Overall: 1.0414, Change: 1.2726), TF Ratio: 0.927
[2026-06-14 15:41:59,749][root][INFO] - Epoch [2/5], Batch [64/300], Loss: 1.1484 (Overall: 0.7939, Change: 1.8160), TF Ratio: 0.927
[2026-06-14 15:41:59,908][root][INFO] - Epoch [2/5], Batch [65/300], Loss: 1.1487 (Overall: 0.7846, Change: 1.5505), TF Ratio: 0.927
[2026-06-14 15:42:00,080][root][INFO] - Epoch [2/5], Batch [66/300], Loss: 1.1493 (Overall: 0.8013, Change: 1.5787), TF Ratio: 0.927
[2026-06-14 15:42:00,235][root][INFO] - Epoch [2/5], Batch [67/300], Loss: 1.1487 (Overall: 0.7956, Change: 1.4220), TF Ratio: 0.927
[2026-06-14 15:42:00,424][root][INFO] - Epoch [2/5], Batch [68/300], Loss: 1.1498 (Overall: 0.9537, Change: 1.4910), TF Ratio: 0.926
[2026-06-14 15:42:00,583][root][INFO] - Epoch [2/5], Batch [69/300], Loss: 1.1492 (Overall: 0.8808, Change: 1.3381), TF Ratio: 0.926
[2026-06-14 15:42:00,746][root][INFO] - Epoch [2/5], Batch [70/300], Loss: 1.1490 (Overall: 0.7573, Change: 1.5078), TF Ratio: 0.926
[2026-06-14 15:42:00,899][root][INFO] - Epoch [2/5], Batch [71/300], Loss: 1.1498 (Overall: 0.9705, Change: 1.4439), TF Ratio: 0.926
[2026-06-14 15:42:01,055][root][INFO] - Epoch [2/5], Batch [72/300], Loss: 1.1453 (Overall: 0.8113, Change: 0.8369), TF Ratio: 0.926
[2026-06-14 15:42:01,213][root][INFO] - Epoch [2/5], Batch [73/300], Loss: 1.1490 (Overall: 0.7972, Change: 2.0319), TF Ratio: 0.925
[2026-06-14 15:42:01,370][root][INFO] - Epoch [2/5], Batch [74/300], Loss: 1.1477 (Overall: 0.7768, Change: 1.3297), TF Ratio: 0.925
[2026-06-14 15:42:01,525][root][INFO] - Epoch [2/5], Batch [75/300], Loss: 1.1478 (Overall: 1.0077, Change: 1.3122), TF Ratio: 0.925
[2026-06-14 15:42:01,693][root][INFO] - Epoch [2/5], Batch [76/300], Loss: 1.1512 (Overall: 0.8562, Change: 1.9471), TF Ratio: 0.925
[2026-06-14 15:42:01,848][root][INFO] - Epoch [2/5], Batch [77/300], Loss: 1.1509 (Overall: 0.9142, Change: 1.3495), TF Ratio: 0.925
[2026-06-14 15:42:02,014][root][INFO] - Epoch [2/5], Batch [78/300], Loss: 1.1529 (Overall: 1.2346, Change: 1.3774), TF Ratio: 0.924
[2026-06-14 15:42:02,179][root][INFO] - Epoch [2/5], Batch [79/300], Loss: 1.1519 (Overall: 0.8801, Change: 1.2732), TF Ratio: 0.924
[2026-06-14 15:42:02,334][root][INFO] - Epoch [2/5], Batch [80/300], Loss: 1.1504 (Overall: 0.7632, Change: 1.2922), TF Ratio: 0.924
[2026-06-14 15:42:02,490][root][INFO] - Epoch [2/5], Batch [81/300], Loss: 1.1540 (Overall: 1.2129, Change: 1.6653), TF Ratio: 0.924
[2026-06-14 15:42:02,645][root][INFO] - Epoch [2/5], Batch [82/300], Loss: 1.1536 (Overall: 0.8302, Change: 1.4220), TF Ratio: 0.924
[2026-06-14 15:42:02,807][root][INFO] - Epoch [2/5], Batch [83/300], Loss: 1.1541 (Overall: 0.7454, Change: 1.6486), TF Ratio: 0.923
[2026-06-14 15:42:02,968][root][INFO] - Epoch [2/5], Batch [84/300], Loss: 1.1537 (Overall: 0.8659, Change: 1.3750), TF Ratio: 0.923
[2026-06-14 15:42:03,123][root][INFO] - Epoch [2/5], Batch [85/300], Loss: 1.1540 (Overall: 0.9015, Change: 1.4435), TF Ratio: 0.923
[2026-06-14 15:42:03,296][root][INFO] - Epoch [2/5], Batch [86/300], Loss: 1.1542 (Overall: 0.7435, Change: 1.6065), TF Ratio: 0.923
[2026-06-14 15:42:03,458][root][INFO] - Epoch [2/5], Batch [87/300], Loss: 1.1528 (Overall: 0.6620, Change: 1.4082), TF Ratio: 0.923
[2026-06-14 15:42:03,614][root][INFO] - Epoch [2/5], Batch [88/300], Loss: 1.1534 (Overall: 0.9766, Change: 1.4200), TF Ratio: 0.922
[2026-06-14 15:42:03,770][root][INFO] - Epoch [2/5], Batch [89/300], Loss: 1.1525 (Overall: 0.7848, Change: 1.3636), TF Ratio: 0.922
[2026-06-14 15:42:03,925][root][INFO] - Epoch [2/5], Batch [90/300], Loss: 1.1527 (Overall: 0.8145, Change: 1.5245), TF Ratio: 0.922
[2026-06-14 15:42:04,086][root][INFO] - Epoch [2/5], Batch [91/300], Loss: 1.1517 (Overall: 0.6846, Change: 1.4523), TF Ratio: 0.922
[2026-06-14 15:42:04,248][root][INFO] - Epoch [2/5], Batch [92/300], Loss: 1.1472 (Overall: 0.6100, Change: 0.8650), TF Ratio: 0.922
[2026-06-14 15:42:04,403][root][INFO] - Epoch [2/5], Batch [93/300], Loss: 1.1495 (Overall: 1.0196, Change: 1.6890), TF Ratio: 0.921
[2026-06-14 15:42:04,556][root][INFO] - Epoch [2/5], Batch [94/300], Loss: 1.1479 (Overall: 0.7157, Change: 1.2959), TF Ratio: 0.921
[2026-06-14 15:42:04,710][root][INFO] - Epoch [2/5], Batch [95/300], Loss: 1.1447 (Overall: 0.7898, Change: 0.8890), TF Ratio: 0.921
[2026-06-14 15:42:04,864][root][INFO] - Epoch [2/5], Batch [96/300], Loss: 1.1445 (Overall: 0.9317, Change: 1.3296), TF Ratio: 0.921
[2026-06-14 15:42:05,025][root][INFO] - Epoch [2/5], Batch [97/300], Loss: 1.1453 (Overall: 0.8528, Change: 1.5916), TF Ratio: 0.921
[2026-06-14 15:42:05,180][root][INFO] - Epoch [2/5], Batch [98/300], Loss: 1.1452 (Overall: 0.7972, Change: 1.4670), TF Ratio: 0.920
[2026-06-14 15:42:05,338][root][INFO] - Epoch [2/5], Batch [99/300], Loss: 1.1455 (Overall: 0.7831, Change: 1.5637), TF Ratio: 0.920
[2026-06-14 15:42:05,501][root][INFO] - Epoch [2/5], Batch [100/300], Loss: 1.1468 (Overall: 1.1240, Change: 1.4410), TF Ratio: 0.920
[2026-06-14 15:42:05,658][root][INFO] - Epoch [2/5], Batch [101/300], Loss: 1.1436 (Overall: 0.6294, Change: 1.0146), TF Ratio: 0.920
[2026-06-14 15:42:05,825][root][INFO] - Epoch [2/5], Batch [102/300], Loss: 1.1432 (Overall: 0.7000, Change: 1.5052), TF Ratio: 0.920
[2026-06-14 15:42:05,991][root][INFO] - Epoch [2/5], Batch [103/300], Loss: 1.1429 (Overall: 0.7242, Change: 1.4881), TF Ratio: 0.919
[2026-06-14 15:42:06,150][root][INFO] - Epoch [2/5], Batch [104/300], Loss: 1.1445 (Overall: 1.1209, Change: 1.5040), TF Ratio: 0.919
[2026-06-14 15:42:06,312][root][INFO] - Epoch [2/5], Batch [105/300], Loss: 1.1457 (Overall: 1.0562, Change: 1.4865), TF Ratio: 0.919
[2026-06-14 15:42:06,467][root][INFO] - Epoch [2/5], Batch [106/300], Loss: 1.1454 (Overall: 0.8122, Change: 1.4035), TF Ratio: 0.919
[2026-06-14 15:42:06,620][root][INFO] - Epoch [2/5], Batch [107/300], Loss: 1.1455 (Overall: 0.8688, Change: 1.4639), TF Ratio: 0.919
[2026-06-14 15:42:06,781][root][INFO] - Epoch [2/5], Batch [108/300], Loss: 1.1449 (Overall: 1.1363, Change: 1.0167), TF Ratio: 0.918
[2026-06-14 15:42:06,934][root][INFO] - Epoch [2/5], Batch [109/300], Loss: 1.1433 (Overall: 0.6825, Change: 1.2601), TF Ratio: 0.918
[2026-06-14 15:42:07,087][root][INFO] - Epoch [2/5], Batch [110/300], Loss: 1.1435 (Overall: 1.0250, Change: 1.3050), TF Ratio: 0.918
[2026-06-14 15:42:07,249][root][INFO] - Epoch [2/5], Batch [111/300], Loss: 1.1419 (Overall: 0.7766, Change: 1.1592), TF Ratio: 0.918
[2026-06-14 15:42:07,411][root][INFO] - Epoch [2/5], Batch [112/300], Loss: 1.1406 (Overall: 0.7634, Change: 1.2307), TF Ratio: 0.918
[2026-06-14 15:42:07,565][root][INFO] - Epoch [2/5], Batch [113/300], Loss: 1.1409 (Overall: 1.0142, Change: 1.3359), TF Ratio: 0.917
[2026-06-14 15:42:07,727][root][INFO] - Epoch [2/5], Batch [114/300], Loss: 1.1414 (Overall: 0.9673, Change: 1.4162), TF Ratio: 0.917
[2026-06-14 15:42:07,891][root][INFO] - Epoch [2/5], Batch [115/300], Loss: 1.1399 (Overall: 0.7855, Change: 1.1631), TF Ratio: 0.917
[2026-06-14 15:42:08,048][root][INFO] - Epoch [2/5], Batch [116/300], Loss: 1.1428 (Overall: 1.6975, Change: 1.2579), TF Ratio: 0.917
[2026-06-14 15:42:08,204][root][INFO] - Epoch [2/5], Batch [117/300], Loss: 1.1426 (Overall: 0.9765, Change: 1.2442), TF Ratio: 0.917
[2026-06-14 15:42:08,371][root][INFO] - Epoch [2/5], Batch [118/300], Loss: 1.1457 (Overall: 1.2382, Change: 1.7860), TF Ratio: 0.916
[2026-06-14 15:42:08,524][root][INFO] - Epoch [2/5], Batch [119/300], Loss: 1.1474 (Overall: 1.4248, Change: 1.2694), TF Ratio: 0.916
[2026-06-14 15:42:08,680][root][INFO] - Epoch [2/5], Batch [120/300], Loss: 1.1470 (Overall: 1.0423, Change: 1.1659), TF Ratio: 0.916
[2026-06-14 15:42:08,837][root][INFO] - Epoch [2/5], Batch [121/300], Loss: 1.1460 (Overall: 0.6531, Change: 1.3861), TF Ratio: 0.916
[2026-06-14 15:42:08,993][root][INFO] - Epoch [2/5], Batch [122/300], Loss: 1.1471 (Overall: 1.0356, Change: 1.5270), TF Ratio: 0.916
[2026-06-14 15:42:09,149][root][INFO] - Epoch [2/5], Batch [123/300], Loss: 1.1454 (Overall: 0.6676, Change: 1.2180), TF Ratio: 0.915
[2026-06-14 15:42:09,322][root][INFO] - Epoch [2/5], Batch [124/300], Loss: 1.1450 (Overall: 0.6963, Change: 1.4838), TF Ratio: 0.915
[2026-06-14 15:42:09,480][root][INFO] - Epoch [2/5], Batch [125/300], Loss: 1.1436 (Overall: 0.8193, Change: 1.1255), TF Ratio: 0.915
[2026-06-14 15:42:09,635][root][INFO] - Epoch [2/5], Batch [126/300], Loss: 1.1464 (Overall: 1.3448, Change: 1.6544), TF Ratio: 0.915
[2026-06-14 15:42:09,790][root][INFO] - Epoch [2/5], Batch [127/300], Loss: 1.1470 (Overall: 0.8811, Change: 1.5501), TF Ratio: 0.915
[2026-06-14 15:42:09,963][root][INFO] - Epoch [2/5], Batch [128/300], Loss: 1.1464 (Overall: 0.9080, Change: 1.2524), TF Ratio: 0.914
[2026-06-14 15:42:10,119][root][INFO] - Epoch [2/5], Batch [129/300], Loss: 1.1458 (Overall: 0.8163, Change: 1.3148), TF Ratio: 0.914
[2026-06-14 15:42:10,288][root][INFO] - Epoch [2/5], Batch [130/300], Loss: 1.1462 (Overall: 1.0345, Change: 1.3445), TF Ratio: 0.914
[2026-06-14 15:42:10,449][root][INFO] - Epoch [2/5], Batch [131/300], Loss: 1.1445 (Overall: 0.8806, Change: 0.9761), TF Ratio: 0.914
[2026-06-14 15:42:10,608][root][INFO] - Epoch [2/5], Batch [132/300], Loss: 1.1458 (Overall: 1.0962, Change: 1.5416), TF Ratio: 0.914
[2026-06-14 15:42:10,767][root][INFO] - Epoch [2/5], Batch [133/300], Loss: 1.1458 (Overall: 0.8738, Change: 1.4139), TF Ratio: 0.913
[2026-06-14 15:42:10,921][root][INFO] - Epoch [2/5], Batch [134/300], Loss: 1.1453 (Overall: 0.6804, Change: 1.4681), TF Ratio: 0.913
[2026-06-14 15:42:11,076][root][INFO] - Epoch [2/5], Batch [135/300], Loss: 1.1438 (Overall: 0.7359, Change: 1.1678), TF Ratio: 0.913
[2026-06-14 15:42:11,269][root][INFO] - Epoch [2/5], Batch [136/300], Loss: 1.1449 (Overall: 1.3006, Change: 1.2809), TF Ratio: 0.913
[2026-06-14 15:42:11,433][root][INFO] - Epoch [2/5], Batch [137/300], Loss: 1.1457 (Overall: 0.7644, Change: 1.7498), TF Ratio: 0.913
[2026-06-14 15:42:11,587][root][INFO] - Epoch [2/5], Batch [138/300], Loss: 1.1483 (Overall: 0.9758, Change: 2.0376), TF Ratio: 0.912
[2026-06-14 15:42:11,740][root][INFO] - Epoch [2/5], Batch [139/300], Loss: 1.1483 (Overall: 0.8848, Change: 1.3952), TF Ratio: 0.912
[2026-06-14 15:42:11,908][root][INFO] - Epoch [2/5], Batch [140/300], Loss: 1.1486 (Overall: 0.7777, Change: 1.6106), TF Ratio: 0.912
[2026-06-14 15:42:12,063][root][INFO] - Epoch [2/5], Batch [141/300], Loss: 1.1467 (Overall: 0.6519, Change: 1.0971), TF Ratio: 0.912
[2026-06-14 15:42:12,222][root][INFO] - Epoch [2/5], Batch [142/300], Loss: 1.1463 (Overall: 0.8097, Change: 1.3776), TF Ratio: 0.912
[2026-06-14 15:42:12,387][root][INFO] - Epoch [2/5], Batch [143/300], Loss: 1.1463 (Overall: 0.7224, Change: 1.5777), TF Ratio: 0.911
[2026-06-14 15:42:12,543][root][INFO] - Epoch [2/5], Batch [144/300], Loss: 1.1455 (Overall: 0.7124, Change: 1.3344), TF Ratio: 0.911
[2026-06-14 15:42:12,712][root][INFO] - Epoch [2/5], Batch [145/300], Loss: 1.1455 (Overall: 0.8716, Change: 1.4183), TF Ratio: 0.911
[2026-06-14 15:42:12,866][root][INFO] - Epoch [2/5], Batch [146/300], Loss: 1.1456 (Overall: 0.7474, Change: 1.5723), TF Ratio: 0.911
[2026-06-14 15:42:13,029][root][INFO] - Epoch [2/5], Batch [147/300], Loss: 1.1458 (Overall: 1.0854, Change: 1.2727), TF Ratio: 0.911
[2026-06-14 15:42:13,195][root][INFO] - Epoch [2/5], Batch [148/300], Loss: 1.1467 (Overall: 0.8780, Change: 1.6743), TF Ratio: 0.910
[2026-06-14 15:42:13,351][root][INFO] - Epoch [2/5], Batch [149/300], Loss: 1.1469 (Overall: 0.6816, Change: 1.6667), TF Ratio: 0.910
[2026-06-14 15:42:13,503][root][INFO] - Epoch [2/5], Batch [150/300], Loss: 1.1474 (Overall: 1.0008, Change: 1.4447), TF Ratio: 0.910
[2026-06-14 15:42:13,655][root][INFO] - Epoch [2/5], Batch [151/300], Loss: 1.1475 (Overall: 0.9718, Change: 1.3672), TF Ratio: 0.910
[2026-06-14 15:42:13,819][root][INFO] - Epoch [2/5], Batch [152/300], Loss: 1.1489 (Overall: 1.0907, Change: 1.6172), TF Ratio: 0.910
[2026-06-14 15:42:13,974][root][INFO] - Epoch [2/5], Batch [153/300], Loss: 1.1486 (Overall: 0.6994, Change: 1.5059), TF Ratio: 0.909
[2026-06-14 15:42:14,142][root][INFO] - Epoch [2/5], Batch [154/300], Loss: 1.1490 (Overall: 0.7537, Change: 1.6708), TF Ratio: 0.909
[2026-06-14 15:42:14,304][root][INFO] - Epoch [2/5], Batch [155/300], Loss: 1.1497 (Overall: 1.0659, Change: 1.4634), TF Ratio: 0.909
[2026-06-14 15:42:14,467][root][INFO] - Epoch [2/5], Batch [156/300], Loss: 1.1502 (Overall: 1.0606, Change: 1.3734), TF Ratio: 0.909
[2026-06-14 15:42:14,632][root][INFO] - Epoch [2/5], Batch [157/300], Loss: 1.1488 (Overall: 0.6217, Change: 1.2602), TF Ratio: 0.909
[2026-06-14 15:42:14,796][root][INFO] - Epoch [2/5], Batch [158/300], Loss: 1.1483 (Overall: 0.8051, Change: 1.3319), TF Ratio: 0.908
[2026-06-14 15:42:14,962][root][INFO] - Epoch [2/5], Batch [159/300], Loss: 1.1482 (Overall: 0.9521, Change: 1.3223), TF Ratio: 0.908
[2026-06-14 15:42:15,116][root][INFO] - Epoch [2/5], Batch [160/300], Loss: 1.1487 (Overall: 0.8865, Change: 1.5606), TF Ratio: 0.908
[2026-06-14 15:42:15,270][root][INFO] - Epoch [2/5], Batch [161/300], Loss: 1.1498 (Overall: 1.2064, Change: 1.4389), TF Ratio: 0.908
[2026-06-14 15:42:15,424][root][INFO] - Epoch [2/5], Batch [162/300], Loss: 1.1493 (Overall: 0.9580, Change: 1.1922), TF Ratio: 0.908
[2026-06-14 15:42:15,597][root][INFO] - Epoch [2/5], Batch [163/300], Loss: 1.1497 (Overall: 1.0087, Change: 1.3997), TF Ratio: 0.907
[2026-06-14 15:42:15,753][root][INFO] - Epoch [2/5], Batch [164/300], Loss: 1.1496 (Overall: 0.6722, Change: 1.6004), TF Ratio: 0.907
[2026-06-14 15:42:15,906][root][INFO] - Epoch [2/5], Batch [165/300], Loss: 1.1498 (Overall: 1.0294, Change: 1.3366), TF Ratio: 0.907
[2026-06-14 15:42:16,059][root][INFO] - Epoch [2/5], Batch [166/300], Loss: 1.1496 (Overall: 0.9147, Change: 1.3049), TF Ratio: 0.907
[2026-06-14 15:42:16,228][root][INFO] - Epoch [2/5], Batch [167/300], Loss: 1.1486 (Overall: 0.6928, Change: 1.2959), TF Ratio: 0.907
[2026-06-14 15:42:16,392][root][INFO] - Epoch [2/5], Batch [168/300], Loss: 1.1476 (Overall: 0.7708, Change: 1.1786), TF Ratio: 0.906
[2026-06-14 15:42:16,556][root][INFO] - Epoch [2/5], Batch [169/300], Loss: 1.1475 (Overall: 0.8268, Change: 1.4484), TF Ratio: 0.906
[2026-06-14 15:42:16,717][root][INFO] - Epoch [2/5], Batch [170/300], Loss: 1.1484 (Overall: 0.9968, Change: 1.5849), TF Ratio: 0.906
[2026-06-14 15:42:16,881][root][INFO] - Epoch [2/5], Batch [171/300], Loss: 1.1497 (Overall: 0.7482, Change: 2.0136), TF Ratio: 0.906
[2026-06-14 15:42:17,043][root][INFO] - Epoch [2/5], Batch [172/300], Loss: 1.1485 (Overall: 0.6689, Change: 1.1955), TF Ratio: 0.906
[2026-06-14 15:42:17,196][root][INFO] - Epoch [2/5], Batch [173/300], Loss: 1.1500 (Overall: 0.5798, Change: 2.2578), TF Ratio: 0.905
[2026-06-14 15:42:17,359][root][INFO] - Epoch [2/5], Batch [174/300], Loss: 1.1509 (Overall: 1.0666, Change: 1.5322), TF Ratio: 0.905
[2026-06-14 15:42:17,517][root][INFO] - Epoch [2/5], Batch [175/300], Loss: 1.1500 (Overall: 0.6232, Change: 1.3804), TF Ratio: 0.905
[2026-06-14 15:42:17,682][root][INFO] - Epoch [2/5], Batch [176/300], Loss: 1.1507 (Overall: 0.9696, Change: 1.5600), TF Ratio: 0.905
[2026-06-14 15:42:17,837][root][INFO] - Epoch [2/5], Batch [177/300], Loss: 1.1512 (Overall: 1.0249, Change: 1.4402), TF Ratio: 0.905
[2026-06-14 15:42:17,989][root][INFO] - Epoch [2/5], Batch [178/300], Loss: 1.1496 (Overall: 0.6057, Change: 1.1353), TF Ratio: 0.904
[2026-06-14 15:42:18,144][root][INFO] - Epoch [2/5], Batch [179/300], Loss: 1.1491 (Overall: 0.5649, Change: 1.5579), TF Ratio: 0.904
[2026-06-14 15:42:18,299][root][INFO] - Epoch [2/5], Batch [180/300], Loss: 1.1486 (Overall: 0.8033, Change: 1.3319), TF Ratio: 0.904
[2026-06-14 15:42:18,455][root][INFO] - Epoch [2/5], Batch [181/300], Loss: 1.1476 (Overall: 0.7522, Change: 1.1638), TF Ratio: 0.904
[2026-06-14 15:42:18,608][root][INFO] - Epoch [2/5], Batch [182/300], Loss: 1.1459 (Overall: 0.5548, Change: 1.1193), TF Ratio: 0.904
[2026-06-14 15:42:18,763][root][INFO] - Epoch [2/5], Batch [183/300], Loss: 1.1452 (Overall: 0.9649, Change: 1.0838), TF Ratio: 0.903
[2026-06-14 15:42:18,920][root][INFO] - Epoch [2/5], Batch [184/300], Loss: 1.1460 (Overall: 1.0001, Change: 1.5755), TF Ratio: 0.903
[2026-06-14 15:42:19,076][root][INFO] - Epoch [2/5], Batch [185/300], Loss: 1.1459 (Overall: 0.7487, Change: 1.4952), TF Ratio: 0.903
[2026-06-14 15:42:19,231][root][INFO] - Epoch [2/5], Batch [186/300], Loss: 1.1457 (Overall: 0.5928, Change: 1.6542), TF Ratio: 0.903
[2026-06-14 15:42:19,386][root][INFO] - Epoch [2/5], Batch [187/300], Loss: 1.1449 (Overall: 0.4918, Change: 1.4880), TF Ratio: 0.903
[2026-06-14 15:42:19,549][root][INFO] - Epoch [2/5], Batch [188/300], Loss: 1.1441 (Overall: 0.8725, Change: 1.1293), TF Ratio: 0.902
[2026-06-14 15:42:19,722][root][INFO] - Epoch [2/5], Batch [189/300], Loss: 1.1448 (Overall: 0.9025, Change: 1.6348), TF Ratio: 0.902
[2026-06-14 15:42:19,895][root][INFO] - Epoch [2/5], Batch [190/300], Loss: 1.1455 (Overall: 0.6085, Change: 1.9418), TF Ratio: 0.902
[2026-06-14 15:42:20,051][root][INFO] - Epoch [2/5], Batch [191/300], Loss: 1.1455 (Overall: 1.0131, Change: 1.2983), TF Ratio: 0.902
[2026-06-14 15:42:20,216][root][INFO] - Epoch [2/5], Batch [192/300], Loss: 1.1451 (Overall: 0.8725, Change: 1.2504), TF Ratio: 0.902
[2026-06-14 15:42:20,374][root][INFO] - Epoch [2/5], Batch [193/300], Loss: 1.1459 (Overall: 1.1060, Change: 1.5047), TF Ratio: 0.901
[2026-06-14 15:42:20,538][root][INFO] - Epoch [2/5], Batch [194/300], Loss: 1.1450 (Overall: 0.6788, Change: 1.2662), TF Ratio: 0.901
[2026-06-14 15:42:20,708][root][INFO] - Epoch [2/5], Batch [195/300], Loss: 1.1443 (Overall: 0.8319, Change: 1.1915), TF Ratio: 0.901
[2026-06-14 15:42:20,864][root][INFO] - Epoch [2/5], Batch [196/300], Loss: 1.1451 (Overall: 0.6492, Change: 1.9334), TF Ratio: 0.901
[2026-06-14 15:42:21,019][root][INFO] - Epoch [2/5], Batch [197/300], Loss: 1.1443 (Overall: 1.0278, Change: 0.9483), TF Ratio: 0.901
[2026-06-14 15:42:21,173][root][INFO] - Epoch [2/5], Batch [198/300], Loss: 1.1438 (Overall: 0.7286, Change: 1.3536), TF Ratio: 0.900
[2026-06-14 15:42:21,335][root][INFO] - Epoch [2/5], Batch [199/300], Loss: 1.1439 (Overall: 0.8707, Change: 1.4657), TF Ratio: 0.900
[2026-06-14 15:42:21,495][root][INFO] - Epoch [2/5], Batch [200/300], Loss: 1.1437 (Overall: 0.6600, Change: 1.5443), TF Ratio: 0.900
[2026-06-14 15:42:21,651][root][INFO] - Epoch [2/5], Batch [201/300], Loss: 1.1434 (Overall: 1.1508, Change: 1.0023), TF Ratio: 0.900
[2026-06-14 15:42:21,804][root][INFO] - Epoch [2/5], Batch [202/300], Loss: 1.1435 (Overall: 1.0031, Change: 1.3244), TF Ratio: 0.900
[2026-06-14 15:42:21,958][root][INFO] - Epoch [2/5], Batch [203/300], Loss: 1.1421 (Overall: 0.7206, Change: 1.0102), TF Ratio: 0.899
[2026-06-14 15:42:22,118][root][INFO] - Epoch [2/5], Batch [204/300], Loss: 1.1449 (Overall: 1.6910, Change: 1.7445), TF Ratio: 0.899
[2026-06-14 15:42:22,272][root][INFO] - Epoch [2/5], Batch [205/300], Loss: 1.1456 (Overall: 0.9779, Change: 1.5989), TF Ratio: 0.899
[2026-06-14 15:42:22,436][root][INFO] - Epoch [2/5], Batch [206/300], Loss: 1.1461 (Overall: 1.0873, Change: 1.4080), TF Ratio: 0.899
[2026-06-14 15:42:22,592][root][INFO] - Epoch [2/5], Batch [207/300], Loss: 1.1463 (Overall: 0.8910, Change: 1.5014), TF Ratio: 0.899
[2026-06-14 15:42:22,759][root][INFO] - Epoch [2/5], Batch [208/300], Loss: 1.1465 (Overall: 0.8951, Change: 1.4568), TF Ratio: 0.898
[2026-06-14 15:42:22,915][root][INFO] - Epoch [2/5], Batch [209/300], Loss: 1.1457 (Overall: 0.5514, Change: 1.4212), TF Ratio: 0.898
[2026-06-14 15:42:23,071][root][INFO] - Epoch [2/5], Batch [210/300], Loss: 1.1455 (Overall: 0.8958, Change: 1.3020), TF Ratio: 0.898
[2026-06-14 15:42:23,225][root][INFO] - Epoch [2/5], Batch [211/300], Loss: 1.1448 (Overall: 0.9334, Change: 1.0714), TF Ratio: 0.898
[2026-06-14 15:42:23,397][root][INFO] - Epoch [2/5], Batch [212/300], Loss: 1.1438 (Overall: 0.7047, Change: 1.1426), TF Ratio: 0.898
[2026-06-14 15:42:23,562][root][INFO] - Epoch [2/5], Batch [213/300], Loss: 1.1439 (Overall: 0.9549, Change: 1.3736), TF Ratio: 0.897
[2026-06-14 15:42:23,722][root][INFO] - Epoch [2/5], Batch [214/300], Loss: 1.1437 (Overall: 0.6898, Change: 1.5252), TF Ratio: 0.897
[2026-06-14 15:42:23,889][root][INFO] - Epoch [2/5], Batch [215/300], Loss: 1.1434 (Overall: 0.8474, Change: 1.3024), TF Ratio: 0.897
[2026-06-14 15:42:24,043][root][INFO] - Epoch [2/5], Batch [216/300], Loss: 1.1435 (Overall: 1.0941, Change: 1.2298), TF Ratio: 0.897
[2026-06-14 15:42:24,205][root][INFO] - Epoch [2/5], Batch [217/300], Loss: 1.1428 (Overall: 0.7509, Change: 1.2497), TF Ratio: 0.897
[2026-06-14 15:42:24,374][root][INFO] - Epoch [2/5], Batch [218/300], Loss: 1.1419 (Overall: 0.7000, Change: 1.1868), TF Ratio: 0.896
[2026-06-14 15:42:24,529][root][INFO] - Epoch [2/5], Batch [219/300], Loss: 1.1442 (Overall: 1.2561, Change: 2.0508), TF Ratio: 0.896
[2026-06-14 15:42:24,692][root][INFO] - Epoch [2/5], Batch [220/300], Loss: 1.1449 (Overall: 0.8058, Change: 1.7726), TF Ratio: 0.896
[2026-06-14 15:42:24,845][root][INFO] - Epoch [2/5], Batch [221/300], Loss: 1.1441 (Overall: 0.8299, Change: 1.1108), TF Ratio: 0.896
[2026-06-14 15:42:24,999][root][INFO] - Epoch [2/5], Batch [222/300], Loss: 1.1431 (Overall: 0.7067, Change: 1.1527), TF Ratio: 0.896
[2026-06-14 15:42:25,152][root][INFO] - Epoch [2/5], Batch [223/300], Loss: 1.1428 (Overall: 0.6413, Change: 1.5036), TF Ratio: 0.895
[2026-06-14 15:42:25,310][root][INFO] - Epoch [2/5], Batch [224/300], Loss: 1.1428 (Overall: 0.7726, Change: 1.4850), TF Ratio: 0.895
[2026-06-14 15:42:25,463][root][INFO] - Epoch [2/5], Batch [225/300], Loss: 1.1427 (Overall: 0.7098, Change: 1.5425), TF Ratio: 0.895
[2026-06-14 15:42:25,618][root][INFO] - Epoch [2/5], Batch [226/300], Loss: 1.1423 (Overall: 0.8711, Change: 1.2360), TF Ratio: 0.895
[2026-06-14 15:42:25,770][root][INFO] - Epoch [2/5], Batch [227/300], Loss: 1.1430 (Overall: 1.0467, Change: 1.5587), TF Ratio: 0.895
[2026-06-14 15:42:25,931][root][INFO] - Epoch [2/5], Batch [228/300], Loss: 1.1422 (Overall: 0.7878, Change: 1.1542), TF Ratio: 0.894
[2026-06-14 15:42:26,084][root][INFO] - Epoch [2/5], Batch [229/300], Loss: 1.1429 (Overall: 0.6210, Change: 1.9725), TF Ratio: 0.894
[2026-06-14 15:42:26,236][root][INFO] - Epoch [2/5], Batch [230/300], Loss: 1.1433 (Overall: 0.7446, Change: 1.7350), TF Ratio: 0.894
[2026-06-14 15:42:26,389][root][INFO] - Epoch [2/5], Batch [231/300], Loss: 1.1418 (Overall: 0.7091, Change: 0.8769), TF Ratio: 0.894
[2026-06-14 15:42:26,556][root][INFO] - Epoch [2/5], Batch [232/300], Loss: 1.1413 (Overall: 0.5975, Change: 1.4496), TF Ratio: 0.894
[2026-06-14 15:42:26,710][root][INFO] - Epoch [2/5], Batch [233/300], Loss: 1.1414 (Overall: 0.9907, Change: 1.3289), TF Ratio: 0.893
[2026-06-14 15:42:26,865][root][INFO] - Epoch [2/5], Batch [234/300], Loss: 1.1410 (Overall: 0.6273, Change: 1.4962), TF Ratio: 0.893
[2026-06-14 15:42:27,030][root][INFO] - Epoch [2/5], Batch [235/300], Loss: 1.1412 (Overall: 1.1057, Change: 1.2422), TF Ratio: 0.893
[2026-06-14 15:42:27,186][root][INFO] - Epoch [2/5], Batch [236/300], Loss: 1.1400 (Overall: 0.4435, Change: 1.2809), TF Ratio: 0.893
[2026-06-14 15:42:27,346][root][INFO] - Epoch [2/5], Batch [237/300], Loss: 1.1394 (Overall: 0.6673, Change: 1.3246), TF Ratio: 0.893
[2026-06-14 15:42:27,511][root][INFO] - Epoch [2/5], Batch [238/300], Loss: 1.1392 (Overall: 0.9258, Change: 1.2479), TF Ratio: 0.892
[2026-06-14 15:42:27,665][root][INFO] - Epoch [2/5], Batch [239/300], Loss: 1.1410 (Overall: 1.0273, Change: 2.1161), TF Ratio: 0.892
[2026-06-14 15:42:27,819][root][INFO] - Epoch [2/5], Batch [240/300], Loss: 1.1412 (Overall: 0.9431, Change: 1.4202), TF Ratio: 0.892
[2026-06-14 15:42:27,973][root][INFO] - Epoch [2/5], Batch [241/300], Loss: 1.1411 (Overall: 0.8849, Change: 1.3891), TF Ratio: 0.892
[2026-06-14 15:42:28,127][root][INFO] - Epoch [2/5], Batch [242/300], Loss: 1.1410 (Overall: 0.8772, Change: 1.3561), TF Ratio: 0.892
[2026-06-14 15:42:28,279][root][INFO] - Epoch [2/5], Batch [243/300], Loss: 1.1407 (Overall: 0.7418, Change: 1.3638), TF Ratio: 0.891
[2026-06-14 15:42:28,448][root][INFO] - Epoch [2/5], Batch [244/300], Loss: 1.1396 (Overall: 0.6737, Change: 1.0930), TF Ratio: 0.891
[2026-06-14 15:42:28,602][root][INFO] - Epoch [2/5], Batch [245/300], Loss: 1.1399 (Overall: 0.7535, Change: 1.6414), TF Ratio: 0.891
[2026-06-14 15:42:28,766][root][INFO] - Epoch [2/5], Batch [246/300], Loss: 1.1402 (Overall: 0.9072, Change: 1.5291), TF Ratio: 0.891
[2026-06-14 15:42:28,927][root][INFO] - Epoch [2/5], Batch [247/300], Loss: 1.1409 (Overall: 1.1118, Change: 1.5438), TF Ratio: 0.891
[2026-06-14 15:42:29,106][root][INFO] - Epoch [2/5], Batch [248/300], Loss: 1.1409 (Overall: 0.8342, Change: 1.4348), TF Ratio: 0.890
[2026-06-14 15:42:29,266][root][INFO] - Epoch [2/5], Batch [249/300], Loss: 1.1403 (Overall: 0.5413, Change: 1.4451), TF Ratio: 0.890
[2026-06-14 15:42:29,424][root][INFO] - Epoch [2/5], Batch [250/300], Loss: 1.1398 (Overall: 1.1142, Change: 0.9051), TF Ratio: 0.890
[2026-06-14 15:42:29,577][root][INFO] - Epoch [2/5], Batch [251/300], Loss: 1.1395 (Overall: 0.7513, Change: 1.3596), TF Ratio: 0.890
[2026-06-14 15:42:29,734][root][INFO] - Epoch [2/5], Batch [252/300], Loss: 1.1390 (Overall: 0.7995, Change: 1.2385), TF Ratio: 0.890
[2026-06-14 15:42:29,889][root][INFO] - Epoch [2/5], Batch [253/300], Loss: 1.1394 (Overall: 0.8760, Change: 1.5911), TF Ratio: 0.889
[2026-06-14 15:42:30,042][root][INFO] - Epoch [2/5], Batch [254/300], Loss: 1.1391 (Overall: 0.7645, Change: 1.3628), TF Ratio: 0.889
[2026-06-14 15:42:30,198][root][INFO] - Epoch [2/5], Batch [255/300], Loss: 1.1384 (Overall: 0.7185, Change: 1.2489), TF Ratio: 0.889
[2026-06-14 15:42:30,384][root][INFO] - Epoch [2/5], Batch [256/300], Loss: 1.1386 (Overall: 0.8914, Change: 1.4430), TF Ratio: 0.889
[2026-06-14 15:42:30,538][root][INFO] - Epoch [2/5], Batch [257/300], Loss: 1.1390 (Overall: 0.8959, Change: 1.6118), TF Ratio: 0.889
[2026-06-14 15:42:30,690][root][INFO] - Epoch [2/5], Batch [258/300], Loss: 1.1388 (Overall: 0.9788, Change: 1.1953), TF Ratio: 0.888
[2026-06-14 15:42:30,842][root][INFO] - Epoch [2/5], Batch [259/300], Loss: 1.1387 (Overall: 0.8416, Change: 1.3602), TF Ratio: 0.888
[2026-06-14 15:42:31,013][root][INFO] - Epoch [2/5], Batch [260/300], Loss: 1.1375 (Overall: 0.7717, Change: 0.8836), TF Ratio: 0.888
[2026-06-14 15:42:31,167][root][INFO] - Epoch [2/5], Batch [261/300], Loss: 1.1372 (Overall: 0.7932, Change: 1.3365), TF Ratio: 0.888
[2026-06-14 15:42:31,321][root][INFO] - Epoch [2/5], Batch [262/300], Loss: 1.1367 (Overall: 0.6383, Change: 1.3818), TF Ratio: 0.888
[2026-06-14 15:42:31,488][root][INFO] - Epoch [2/5], Batch [263/300], Loss: 1.1368 (Overall: 0.7224, Change: 1.6032), TF Ratio: 0.887
[2026-06-14 15:42:31,646][root][INFO] - Epoch [2/5], Batch [264/300], Loss: 1.1366 (Overall: 0.9327, Change: 1.2202), TF Ratio: 0.887
[2026-06-14 15:42:31,803][root][INFO] - Epoch [2/5], Batch [265/300], Loss: 1.1361 (Overall: 0.6516, Change: 1.3462), TF Ratio: 0.887
[2026-06-14 15:42:31,961][root][INFO] - Epoch [2/5], Batch [266/300], Loss: 1.1359 (Overall: 0.7378, Change: 1.4294), TF Ratio: 0.887
[2026-06-14 15:42:32,118][root][INFO] - Epoch [2/5], Batch [267/300], Loss: 1.1362 (Overall: 0.9210, Change: 1.5509), TF Ratio: 0.887
[2026-06-14 15:42:32,287][root][INFO] - Epoch [2/5], Batch [268/300], Loss: 1.1357 (Overall: 0.8237, Change: 1.1514), TF Ratio: 0.886
[2026-06-14 15:42:32,443][root][INFO] - Epoch [2/5], Batch [269/300], Loss: 1.1359 (Overall: 0.9048, Change: 1.4686), TF Ratio: 0.886
[2026-06-14 15:42:32,596][root][INFO] - Epoch [2/5], Batch [270/300], Loss: 1.1351 (Overall: 0.7853, Change: 1.0581), TF Ratio: 0.886
[2026-06-14 15:42:32,749][root][INFO] - Epoch [2/5], Batch [271/300], Loss: 1.1360 (Overall: 1.2182, Change: 1.5734), TF Ratio: 0.886
[2026-06-14 15:42:32,920][root][INFO] - Epoch [2/5], Batch [272/300], Loss: 1.1364 (Overall: 1.0267, Change: 1.4630), TF Ratio: 0.886
[2026-06-14 15:42:33,073][root][INFO] - Epoch [2/5], Batch [273/300], Loss: 1.1369 (Overall: 0.9258, Change: 1.5870), TF Ratio: 0.885
[2026-06-14 15:42:33,226][root][INFO] - Epoch [2/5], Batch [274/300], Loss: 1.1372 (Overall: 0.9605, Change: 1.5187), TF Ratio: 0.885
[2026-06-14 15:42:33,379][root][INFO] - Epoch [2/5], Batch [275/300], Loss: 1.1370 (Overall: 0.8075, Change: 1.3354), TF Ratio: 0.885
[2026-06-14 15:42:33,552][root][INFO] - Epoch [2/5], Batch [276/300], Loss: 1.1371 (Overall: 1.0626, Change: 1.2833), TF Ratio: 0.885
[2026-06-14 15:42:33,709][root][INFO] - Epoch [2/5], Batch [277/300], Loss: 1.1360 (Overall: 0.8417, Change: 0.8097), TF Ratio: 0.885
[2026-06-14 15:42:33,879][root][INFO] - Epoch [2/5], Batch [278/300], Loss: 1.1360 (Overall: 0.8981, Change: 1.3482), TF Ratio: 0.884
[2026-06-14 15:42:34,036][root][INFO] - Epoch [2/5], Batch [279/300], Loss: 1.1355 (Overall: 0.5896, Change: 1.4470), TF Ratio: 0.884
[2026-06-14 15:42:34,193][root][INFO] - Epoch [2/5], Batch [280/300], Loss: 1.1357 (Overall: 0.8443, Change: 1.5309), TF Ratio: 0.884
[2026-06-14 15:42:34,348][root][INFO] - Epoch [2/5], Batch [281/300], Loss: 1.1353 (Overall: 0.6230, Change: 1.4153), TF Ratio: 0.884
[2026-06-14 15:42:34,503][root][INFO] - Epoch [2/5], Batch [282/300], Loss: 1.1350 (Overall: 0.8529, Change: 1.2344), TF Ratio: 0.884
[2026-06-14 15:42:34,656][root][INFO] - Epoch [2/5], Batch [283/300], Loss: 1.1357 (Overall: 1.0668, Change: 1.6045), TF Ratio: 0.883
[2026-06-14 15:42:34,823][root][INFO] - Epoch [2/5], Batch [284/300], Loss: 1.1355 (Overall: 0.9307, Change: 1.2101), TF Ratio: 0.883
[2026-06-14 15:42:34,979][root][INFO] - Epoch [2/5], Batch [285/300], Loss: 1.1359 (Overall: 0.9896, Change: 1.5295), TF Ratio: 0.883
[2026-06-14 15:42:35,132][root][INFO] - Epoch [2/5], Batch [286/300], Loss: 1.1349 (Overall: 0.7561, Change: 0.9581), TF Ratio: 0.883
[2026-06-14 15:42:35,296][root][INFO] - Epoch [2/5], Batch [287/300], Loss: 1.1352 (Overall: 1.0118, Change: 1.4112), TF Ratio: 0.883
[2026-06-14 15:42:35,451][root][INFO] - Epoch [2/5], Batch [288/300], Loss: 1.1364 (Overall: 1.0600, Change: 1.9198), TF Ratio: 0.882
[2026-06-14 15:42:35,605][root][INFO] - Epoch [2/5], Batch [289/300], Loss: 1.1356 (Overall: 0.6788, Change: 1.1304), TF Ratio: 0.882
[2026-06-14 15:42:35,758][root][INFO] - Epoch [2/5], Batch [290/300], Loss: 1.1352 (Overall: 0.8544, Change: 1.1822), TF Ratio: 0.882
[2026-06-14 15:42:35,919][root][INFO] - Epoch [2/5], Batch [291/300], Loss: 1.1349 (Overall: 0.6407, Change: 1.4428), TF Ratio: 0.882
[2026-06-14 15:42:36,089][root][INFO] - Epoch [2/5], Batch [292/300], Loss: 1.1355 (Overall: 0.8692, Change: 1.7226), TF Ratio: 0.882
[2026-06-14 15:42:36,249][root][INFO] - Epoch [2/5], Batch [293/300], Loss: 1.1358 (Overall: 1.0459, Change: 1.4129), TF Ratio: 0.881
[2026-06-14 15:42:36,404][root][INFO] - Epoch [2/5], Batch [294/300], Loss: 1.1353 (Overall: 0.7980, Change: 1.2019), TF Ratio: 0.881
[2026-06-14 15:42:36,572][root][INFO] - Epoch [2/5], Batch [295/300], Loss: 1.1364 (Overall: 0.8836, Change: 2.0538), TF Ratio: 0.881
[2026-06-14 15:42:36,726][root][INFO] - Epoch [2/5], Batch [296/300], Loss: 1.1363 (Overall: 0.7357, Change: 1.4331), TF Ratio: 0.881
[2026-06-14 15:42:36,880][root][INFO] - Epoch [2/5], Batch [297/300], Loss: 1.1358 (Overall: 0.6412, Change: 1.3307), TF Ratio: 0.881
[2026-06-14 15:42:37,045][root][INFO] - Epoch [2/5], Batch [298/300], Loss: 1.1357 (Overall: 0.8523, Change: 1.3580), TF Ratio: 0.880
[2026-06-14 15:42:37,208][root][INFO] - Epoch [2/5], Batch [299/300], Loss: 1.1358 (Overall: 1.0605, Change: 1.2942), TF Ratio: 0.880
[2026-06-14 15:42:37,364][root][INFO] - Epoch [2/5], Batch [300/300], Loss: 1.1360 (Overall: 0.5036, Change: 1.8688), TF Ratio: 0.880
[2026-06-14 15:42:39,009][root][INFO] - Epoch 2 done. Validating...
[2026-06-14 15:42:45,965][root][INFO] - Epoch [2/5] | Train: 1.1349 | Val: 0.7295
[2026-06-14 15:42:46,197][root][INFO] - Checkpoint saved: /gpfs/scratch/bsc32/bsc096444/ai4land-tfm/trained_models/unet_impl/41788809/best_model.pth
[2026-06-14 15:42:46,423][root][INFO] - Checkpoint saved: /gpfs/scratch/bsc32/bsc096444/ai4land-tfm/trained_models/unet_impl/41788809/model_epoch_2.pth
[2026-06-14 15:42:50,274][root][INFO] - Epoch [3/5], Batch [1/300], Loss: 1.3125 (Overall: 0.8435, Change: 1.7815), TF Ratio: 0.880
[2026-06-14 15:42:50,479][root][INFO] - Epoch [3/5], Batch [2/300], Loss: 1.1005 (Overall: 0.7185, Change: 1.0586), TF Ratio: 0.880
[2026-06-14 15:42:51,252][root][INFO] - Epoch [3/5], Batch [3/300], Loss: 1.0648 (Overall: 0.5770, Change: 1.4097), TF Ratio: 0.879
[2026-06-14 15:42:54,701][root][INFO] - Epoch [3/5], Batch [4/300], Loss: 1.0896 (Overall: 0.9844, Change: 1.3432), TF Ratio: 0.879
[2026-06-14 15:42:54,877][root][INFO] - Epoch [3/5], Batch [5/300], Loss: 1.1155 (Overall: 1.0860, Change: 1.3526), TF Ratio: 0.879
[2026-06-14 15:42:55,035][root][INFO] - Epoch [3/5], Batch [6/300], Loss: 1.1121 (Overall: 0.9324, Change: 1.2581), TF Ratio: 0.879
[2026-06-14 15:42:55,217][root][INFO] - Epoch [3/5], Batch [7/300], Loss: 1.0904 (Overall: 0.6745, Change: 1.2454), TF Ratio: 0.879
[2026-06-14 15:42:55,410][root][INFO] - Epoch [3/5], Batch [8/300], Loss: 1.0495 (Overall: 0.8496, Change: 0.6777), TF Ratio: 0.878
[2026-06-14 15:42:55,588][root][INFO] - Epoch [3/5], Batch [9/300], Loss: 1.0783 (Overall: 0.9785, Change: 1.6388), TF Ratio: 0.878
[2026-06-14 15:42:55,758][root][INFO] - Epoch [3/5], Batch [10/300], Loss: 1.0757 (Overall: 0.9853, Change: 1.1181), TF Ratio: 0.878
[2026-06-14 15:42:55,930][root][INFO] - Epoch [3/5], Batch [11/300], Loss: 1.0842 (Overall: 0.7749, Change: 1.5646), TF Ratio: 0.878
[2026-06-14 15:42:56,133][root][INFO] - Epoch [3/5], Batch [12/300], Loss: 1.0594 (Overall: 0.6239, Change: 0.9482), TF Ratio: 0.878
[2026-06-14 15:42:56,291][root][INFO] - Epoch [3/5], Batch [13/300], Loss: 1.0555 (Overall: 0.8117, Change: 1.2072), TF Ratio: 0.877
[2026-06-14 15:42:56,449][root][INFO] - Epoch [3/5], Batch [14/300], Loss: 1.0606 (Overall: 0.8332, Change: 1.4209), TF Ratio: 0.877
[2026-06-14 15:42:56,613][root][INFO] - Epoch [3/5], Batch [15/300], Loss: 1.0660 (Overall: 0.6901, Change: 1.5905), TF Ratio: 0.877
[2026-06-14 15:42:56,840][root][INFO] - Epoch [3/5], Batch [16/300], Loss: 1.0688 (Overall: 0.8494, Change: 1.3743), TF Ratio: 0.877
[2026-06-14 15:42:56,996][root][INFO] - Epoch [3/5], Batch [17/300], Loss: 1.0705 (Overall: 0.6965, Change: 1.4970), TF Ratio: 0.877
[2026-06-14 15:42:57,151][root][INFO] - Epoch [3/5], Batch [18/300], Loss: 1.0757 (Overall: 0.9363, Change: 1.3945), TF Ratio: 0.876
[2026-06-14 15:42:57,308][root][INFO] - Epoch [3/5], Batch [19/300], Loss: 1.0846 (Overall: 0.8859, Change: 1.6006), TF Ratio: 0.876
[2026-06-14 15:42:57,498][root][INFO] - Epoch [3/5], Batch [20/300], Loss: 1.1092 (Overall: 1.3236, Change: 1.8325), TF Ratio: 0.876
[2026-06-14 15:42:57,655][root][INFO] - Epoch [3/5], Batch [21/300], Loss: 1.1038 (Overall: 0.7467, Change: 1.2426), TF Ratio: 0.876
[2026-06-14 15:42:57,821][root][INFO] - Epoch [3/5], Batch [22/300], Loss: 1.1123 (Overall: 0.9825, Change: 1.5987), TF Ratio: 0.876
[2026-06-14 15:42:58,006][root][INFO] - Epoch [3/5], Batch [23/300], Loss: 1.1127 (Overall: 0.7772, Change: 1.4650), TF Ratio: 0.875
[2026-06-14 15:42:58,182][root][INFO] - Epoch [3/5], Batch [24/300], Loss: 1.1142 (Overall: 0.7751, Change: 1.5253), TF Ratio: 0.875
[2026-06-14 15:42:58,349][root][INFO] - Epoch [3/5], Batch [25/300], Loss: 1.1045 (Overall: 0.7084, Change: 1.0336), TF Ratio: 0.875
[2026-06-14 15:42:58,506][root][INFO] - Epoch [3/5], Batch [26/300], Loss: 1.0990 (Overall: 0.9163, Change: 1.0082), TF Ratio: 0.875
[2026-06-14 15:42:58,668][root][INFO] - Epoch [3/5], Batch [27/300], Loss: 1.1031 (Overall: 0.7066, Change: 1.7113), TF Ratio: 0.875
[2026-06-14 15:42:58,835][root][INFO] - Epoch [3/5], Batch [28/300], Loss: 1.1057 (Overall: 0.9224, Change: 1.4284), TF Ratio: 0.874
[2026-06-14 15:42:58,990][root][INFO] - Epoch [3/5], Batch [29/300], Loss: 1.1072 (Overall: 0.7264, Change: 1.5740), TF Ratio: 0.874
[2026-06-14 15:42:59,147][root][INFO] - Epoch [3/5], Batch [30/300], Loss: 1.1132 (Overall: 0.9776, Change: 1.5967), TF Ratio: 0.874
[2026-06-14 15:42:59,303][root][INFO] - Epoch [3/5], Batch [31/300], Loss: 1.1096 (Overall: 0.6542, Change: 1.3481), TF Ratio: 0.874
[2026-06-14 15:42:59,495][root][INFO] - Epoch [3/5], Batch [32/300], Loss: 1.1127 (Overall: 0.8292, Change: 1.5923), TF Ratio: 0.874
[2026-06-14 15:42:59,654][root][INFO] - Epoch [3/5], Batch [33/300], Loss: 1.1081 (Overall: 0.5789, Change: 1.3390), TF Ratio: 0.873
[2026-06-14 15:42:59,810][root][INFO] - Epoch [3/5], Batch [34/300], Loss: 1.1061 (Overall: 0.7732, Change: 1.3069), TF Ratio: 0.873
[2026-06-14 15:42:59,964][root][INFO] - Epoch [3/5], Batch [35/300], Loss: 1.1039 (Overall: 0.7219, Change: 1.3357), TF Ratio: 0.873
[2026-06-14 15:43:00,132][root][INFO] - Epoch [3/5], Batch [36/300], Loss: 1.1095 (Overall: 1.0108, Change: 1.6014), TF Ratio: 0.873
[2026-06-14 15:43:00,289][root][INFO] - Epoch [3/5], Batch [37/300], Loss: 1.1059 (Overall: 0.6377, Change: 1.3118), TF Ratio: 0.873
[2026-06-14 15:43:00,446][root][INFO] - Epoch [3/5], Batch [38/300], Loss: 1.1044 (Overall: 0.7897, Change: 1.3097), TF Ratio: 0.872
[2026-06-14 15:43:00,621][root][INFO] - Epoch [3/5], Batch [39/300], Loss: 1.1024 (Overall: 0.5898, Change: 1.4617), TF Ratio: 0.872
[2026-06-14 15:43:00,776][root][INFO] - Epoch [3/5], Batch [40/300], Loss: 1.0996 (Overall: 0.9471, Change: 1.0394), TF Ratio: 0.872
[2026-06-14 15:43:00,935][root][INFO] - Epoch [3/5], Batch [41/300], Loss: 1.0941 (Overall: 0.5789, Change: 1.1684), TF Ratio: 0.872
[2026-06-14 15:43:01,093][root][INFO] - Epoch [3/5], Batch [42/300], Loss: 1.0904 (Overall: 0.7261, Change: 1.1478), TF Ratio: 0.872
[2026-06-14 15:43:01,264][root][INFO] - Epoch [3/5], Batch [43/300], Loss: 1.0845 (Overall: 0.5896, Change: 1.0860), TF Ratio: 0.871
[2026-06-14 15:43:01,451][root][INFO] - Epoch [3/5], Batch [44/300], Loss: 1.0828 (Overall: 0.6299, Change: 1.3888), TF Ratio: 0.871
[2026-06-14 15:43:01,621][root][INFO] - Epoch [3/5], Batch [45/300], Loss: 1.0840 (Overall: 0.9391, Change: 1.3393), TF Ratio: 0.871
[2026-06-14 15:43:01,774][root][INFO] - Epoch [3/5], Batch [46/300], Loss: 1.0844 (Overall: 0.8585, Change: 1.3397), TF Ratio: 0.871
[2026-06-14 15:43:01,926][root][INFO] - Epoch [3/5], Batch [47/300], Loss: 1.0831 (Overall: 0.6724, Change: 1.3770), TF Ratio: 0.871
[2026-06-14 15:43:02,080][root][INFO] - Epoch [3/5], Batch [48/300], Loss: 1.0801 (Overall: 0.7575, Change: 1.1229), TF Ratio: 0.870
[2026-06-14 15:43:02,233][root][INFO] - Epoch [3/5], Batch [49/300], Loss: 1.0780 (Overall: 0.6566, Change: 1.2939), TF Ratio: 0.870
[2026-06-14 15:43:02,386][root][INFO] - Epoch [3/5], Batch [50/300], Loss: 1.0788 (Overall: 0.8768, Change: 1.3627), TF Ratio: 0.870
[2026-06-14 15:43:02,540][root][INFO] - Epoch [3/5], Batch [51/300], Loss: 1.0760 (Overall: 0.5063, Change: 1.3653), TF Ratio: 0.870
[2026-06-14 15:43:02,705][root][INFO] - Epoch [3/5], Batch [52/300], Loss: 1.0747 (Overall: 0.6845, Change: 1.3308), TF Ratio: 0.870
[2026-06-14 15:43:02,858][root][INFO] - Epoch [3/5], Batch [53/300], Loss: 1.0768 (Overall: 0.6619, Change: 1.7099), TF Ratio: 0.869
[2026-06-14 15:43:03,011][root][INFO] - Epoch [3/5], Batch [54/300], Loss: 1.0784 (Overall: 0.9322, Change: 1.3906), TF Ratio: 0.869
[2026-06-14 15:43:03,174][root][INFO] - Epoch [3/5], Batch [55/300], Loss: 1.0805 (Overall: 0.7207, Change: 1.6694), TF Ratio: 0.869
[2026-06-14 15:43:03,332][root][INFO] - Epoch [3/5], Batch [56/300], Loss: 1.0794 (Overall: 1.0093, Change: 1.0282), TF Ratio: 0.869
[2026-06-14 15:43:03,495][root][INFO] - Epoch [3/5], Batch [57/300], Loss: 1.0770 (Overall: 0.6114, Change: 1.2771), TF Ratio: 0.869
[2026-06-14 15:43:03,668][root][INFO] - Epoch [3/5], Batch [58/300], Loss: 1.0749 (Overall: 0.6094, Change: 1.3019), TF Ratio: 0.868
[2026-06-14 15:43:03,823][root][INFO] - Epoch [3/5], Batch [59/300], Loss: 1.0749 (Overall: 0.8808, Change: 1.2661), TF Ratio: 0.868
[2026-06-14 15:43:03,980][root][INFO] - Epoch [3/5], Batch [60/300], Loss: 1.0723 (Overall: 0.7997, Change: 1.0417), TF Ratio: 0.868
[2026-06-14 15:43:04,165][root][INFO] - Epoch [3/5], Batch [61/300], Loss: 1.0671 (Overall: 0.4316, Change: 1.0795), TF Ratio: 0.868
[2026-06-14 15:43:04,320][root][INFO] - Epoch [3/5], Batch [62/300], Loss: 1.0668 (Overall: 0.6098, Change: 1.4869), TF Ratio: 0.868
[2026-06-14 15:43:04,481][root][INFO] - Epoch [3/5], Batch [63/300], Loss: 1.0725 (Overall: 1.1711, Change: 1.6786), TF Ratio: 0.867
[2026-06-14 15:43:04,649][root][INFO] - Epoch [3/5], Batch [64/300], Loss: 1.0761 (Overall: 0.6943, Change: 1.9143), TF Ratio: 0.867
[2026-06-14 15:43:04,818][root][INFO] - Epoch [3/5], Batch [65/300], Loss: 1.0776 (Overall: 1.0586, Change: 1.2843), TF Ratio: 0.867
[2026-06-14 15:43:04,990][root][INFO] - Epoch [3/5], Batch [66/300], Loss: 1.0764 (Overall: 0.5721, Change: 1.4280), TF Ratio: 0.867
[2026-06-14 15:43:05,147][root][INFO] - Epoch [3/5], Batch [67/300], Loss: 1.0756 (Overall: 0.6067, Change: 1.4300), TF Ratio: 0.867
[2026-06-14 15:43:05,303][root][INFO] - Epoch [3/5], Batch [68/300], Loss: 1.0765 (Overall: 1.0124, Change: 1.2693), TF Ratio: 0.866
[2026-06-14 15:43:05,457][root][INFO] - Epoch [3/5], Batch [69/300], Loss: 1.0789 (Overall: 0.8577, Change: 1.6198), TF Ratio: 0.866
[2026-06-14 15:43:05,611][root][INFO] - Epoch [3/5], Batch [70/300], Loss: 1.0802 (Overall: 0.8405, Change: 1.4993), TF Ratio: 0.866
[2026-06-14 15:43:05,770][root][INFO] - Epoch [3/5], Batch [71/300], Loss: 1.0791 (Overall: 0.6289, Change: 1.3821), TF Ratio: 0.866
[2026-06-14 15:43:05,952][root][INFO] - Epoch [3/5], Batch [72/300], Loss: 1.0802 (Overall: 0.8206, Change: 1.4976), TF Ratio: 0.866
[2026-06-14 15:43:06,111][root][INFO] - Epoch [3/5], Batch [73/300], Loss: 1.0795 (Overall: 0.6797, Change: 1.3736), TF Ratio: 0.865
[2026-06-14 15:43:06,265][root][INFO] - Epoch [3/5], Batch [74/300], Loss: 1.0780 (Overall: 0.6421, Change: 1.3018), TF Ratio: 0.865
[2026-06-14 15:43:06,418][root][INFO] - Epoch [3/5], Batch [75/300], Loss: 1.0740 (Overall: 0.6719, Change: 0.8835), TF Ratio: 0.865
[2026-06-14 15:43:06,581][root][INFO] - Epoch [3/5], Batch [76/300], Loss: 1.0776 (Overall: 1.1363, Change: 1.5454), TF Ratio: 0.865
[2026-06-14 15:43:06,752][root][INFO] - Epoch [3/5], Batch [77/300], Loss: 1.0768 (Overall: 0.7442, Change: 1.2934), TF Ratio: 0.865
[2026-06-14 15:43:06,908][root][INFO] - Epoch [3/5], Batch [78/300], Loss: 1.0747 (Overall: 0.6246, Change: 1.2000), TF Ratio: 0.864
[2026-06-14 15:43:07,083][root][INFO] - Epoch [3/5], Batch [79/300], Loss: 1.0760 (Overall: 0.7722, Change: 1.5890), TF Ratio: 0.864
[2026-06-14 15:43:07,243][root][INFO] - Epoch [3/5], Batch [80/300], Loss: 1.0758 (Overall: 1.0036, Change: 1.1084), TF Ratio: 0.864
[2026-06-14 15:43:07,407][root][INFO] - Epoch [3/5], Batch [81/300], Loss: 1.0724 (Overall: 0.4503, Change: 1.1615), TF Ratio: 0.864
[2026-06-14 15:43:07,562][root][INFO] - Epoch [3/5], Batch [82/300], Loss: 1.0713 (Overall: 0.7752, Change: 1.1846), TF Ratio: 0.864
[2026-06-14 15:43:07,715][root][INFO] - Epoch [3/5], Batch [83/300], Loss: 1.0714 (Overall: 0.8414, Change: 1.3186), TF Ratio: 0.863
[2026-06-14 15:43:07,883][root][INFO] - Epoch [3/5], Batch [84/300], Loss: 1.0718 (Overall: 0.7752, Change: 1.4276), TF Ratio: 0.863
[2026-06-14 15:43:08,037][root][INFO] - Epoch [3/5], Batch [85/300], Loss: 1.0724 (Overall: 0.7670, Change: 1.4815), TF Ratio: 0.863
[2026-06-14 15:43:08,191][root][INFO] - Epoch [3/5], Batch [86/300], Loss: 1.0714 (Overall: 1.0074, Change: 0.9676), TF Ratio: 0.863
[2026-06-14 15:43:08,351][root][INFO] - Epoch [3/5], Batch [87/300], Loss: 1.0742 (Overall: 1.0124, Change: 1.6220), TF Ratio: 0.863
[2026-06-14 15:43:08,507][root][INFO] - Epoch [3/5], Batch [88/300], Loss: 1.0746 (Overall: 0.7431, Change: 1.4649), TF Ratio: 0.862
[2026-06-14 15:43:08,662][root][INFO] - Epoch [3/5], Batch [89/300], Loss: 1.0760 (Overall: 0.8259, Change: 1.5837), TF Ratio: 0.862
[2026-06-14 15:43:08,823][root][INFO] - Epoch [3/5], Batch [90/300], Loss: 1.0727 (Overall: 0.6712, Change: 0.8777), TF Ratio: 0.862
[2026-06-14 15:43:08,979][root][INFO] - Epoch [3/5], Batch [91/300], Loss: 1.0718 (Overall: 0.5904, Change: 1.3991), TF Ratio: 0.862
[2026-06-14 15:43:09,163][root][INFO] - Epoch [3/5], Batch [92/300], Loss: 1.0732 (Overall: 0.8122, Change: 1.5873), TF Ratio: 0.862
[2026-06-14 15:43:09,317][root][INFO] - Epoch [3/5], Batch [93/300], Loss: 1.0762 (Overall: 1.1205, Change: 1.5883), TF Ratio: 0.861
[2026-06-14 15:43:09,470][root][INFO] - Epoch [3/5], Batch [94/300], Loss: 1.0776 (Overall: 0.8277, Change: 1.5857), TF Ratio: 0.861
[2026-06-14 15:43:09,623][root][INFO] - Epoch [3/5], Batch [95/300], Loss: 1.0753 (Overall: 0.5739, Change: 1.1468), TF Ratio: 0.861
[2026-06-14 15:43:09,795][root][INFO] - Epoch [3/5], Batch [96/300], Loss: 1.0774 (Overall: 0.8432, Change: 1.7090), TF Ratio: 0.861
[2026-06-14 15:43:09,949][root][INFO] - Epoch [3/5], Batch [97/300], Loss: 1.0769 (Overall: 0.6252, Change: 1.4194), TF Ratio: 0.861
[2026-06-14 15:43:10,104][root][INFO] - Epoch [3/5], Batch [98/300], Loss: 1.0761 (Overall: 0.8044, Change: 1.2040), TF Ratio: 0.860
[2026-06-14 15:43:10,257][root][INFO] - Epoch [3/5], Batch [99/300], Loss: 1.0739 (Overall: 0.6721, Change: 1.0319), TF Ratio: 0.860
[2026-06-14 15:43:10,434][root][INFO] - Epoch [3/5], Batch [100/300], Loss: 1.0703 (Overall: 0.5057, Change: 0.9361), TF Ratio: 0.860
[2026-06-14 15:43:10,605][root][INFO] - Epoch [3/5], Batch [101/300], Loss: 1.0707 (Overall: 0.7713, Change: 1.4415), TF Ratio: 0.860
[2026-06-14 15:43:10,758][root][INFO] - Epoch [3/5], Batch [102/300], Loss: 1.0725 (Overall: 1.0662, Change: 1.4423), TF Ratio: 0.860
[2026-06-14 15:43:10,911][root][INFO] - Epoch [3/5], Batch [103/300], Loss: 1.0724 (Overall: 0.7700, Change: 1.3530), TF Ratio: 0.859
[2026-06-14 15:43:11,066][root][INFO] - Epoch [3/5], Batch [104/300], Loss: 1.0747 (Overall: 1.0734, Change: 1.5590), TF Ratio: 0.859
[2026-06-14 15:43:11,219][root][INFO] - Epoch [3/5], Batch [105/300], Loss: 1.0761 (Overall: 0.9897, Change: 1.4408), TF Ratio: 0.859
[2026-06-14 15:43:11,373][root][INFO] - Epoch [3/5], Batch [106/300], Loss: 1.0750 (Overall: 0.7830, Change: 1.1383), TF Ratio: 0.859
[2026-06-14 15:43:11,539][root][INFO] - Epoch [3/5], Batch [107/300], Loss: 1.0759 (Overall: 0.9504, Change: 1.3880), TF Ratio: 0.859
[2026-06-14 15:43:11,698][root][INFO] - Epoch [3/5], Batch [108/300], Loss: 1.0779 (Overall: 0.9571, Change: 1.6433), TF Ratio: 0.858
[2026-06-14 15:43:11,859][root][INFO] - Epoch [3/5], Batch [109/300], Loss: 1.0826 (Overall: 1.6783, Change: 1.5053), TF Ratio: 0.858
[2026-06-14 15:43:12,012][root][INFO] - Epoch [3/5], Batch [110/300], Loss: 1.0827 (Overall: 0.9473, Change: 1.2292), TF Ratio: 0.858
[2026-06-14 15:43:12,166][root][INFO] - Epoch [3/5], Batch [111/300], Loss: 1.0841 (Overall: 1.1012, Change: 1.3832), TF Ratio: 0.858
[2026-06-14 15:43:12,330][root][INFO] - Epoch [3/5], Batch [112/300], Loss: 1.0821 (Overall: 0.6889, Change: 1.0260), TF Ratio: 0.858
[2026-06-14 15:43:12,487][root][INFO] - Epoch [3/5], Batch [113/300], Loss: 1.0808 (Overall: 0.6462, Change: 1.2251), TF Ratio: 0.857
[2026-06-14 15:43:12,640][root][INFO] - Epoch [3/5], Batch [114/300], Loss: 1.0795 (Overall: 0.7895, Change: 1.0797), TF Ratio: 0.857
[2026-06-14 15:43:12,795][root][INFO] - Epoch [3/5], Batch [115/300], Loss: 1.0817 (Overall: 1.1644, Change: 1.4995), TF Ratio: 0.857
[2026-06-14 15:43:12,955][root][INFO] - Epoch [3/5], Batch [116/300], Loss: 1.0812 (Overall: 0.6349, Change: 1.4093), TF Ratio: 0.857
[2026-06-14 15:43:13,109][root][INFO] - Epoch [3/5], Batch [117/300], Loss: 1.0802 (Overall: 0.6373, Change: 1.2857), TF Ratio: 0.857
[2026-06-14 15:43:13,265][root][INFO] - Epoch [3/5], Batch [118/300], Loss: 1.0794 (Overall: 0.5805, Change: 1.3883), TF Ratio: 0.856
[2026-06-14 15:43:13,425][root][INFO] - Epoch [3/5], Batch [119/300], Loss: 1.0793 (Overall: 0.8533, Change: 1.2778), TF Ratio: 0.856
[2026-06-14 15:43:13,589][root][INFO] - Epoch [3/5], Batch [120/300], Loss: 1.0793 (Overall: 0.7143, Change: 1.4627), TF Ratio: 0.856
[2026-06-14 15:43:13,762][root][INFO] - Epoch [3/5], Batch [121/300], Loss: 1.0820 (Overall: 0.9260, Change: 1.8656), TF Ratio: 0.856
[2026-06-14 15:43:13,914][root][INFO] - Epoch [3/5], Batch [122/300], Loss: 1.0799 (Overall: 0.7349, Change: 0.9284), TF Ratio: 0.856
[2026-06-14 15:43:14,068][root][INFO] - Epoch [3/5], Batch [123/300], Loss: 1.0802 (Overall: 0.7592, Change: 1.4735), TF Ratio: 0.855
[2026-06-14 15:43:14,222][root][INFO] - Epoch [3/5], Batch [124/300], Loss: 1.0793 (Overall: 0.6156, Change: 1.3171), TF Ratio: 0.855
[2026-06-14 15:43:14,385][root][INFO] - Epoch [3/5], Batch [125/300], Loss: 1.0805 (Overall: 0.6997, Change: 1.7676), TF Ratio: 0.855
[2026-06-14 15:43:14,537][root][INFO] - Epoch [3/5], Batch [126/300], Loss: 1.0804 (Overall: 0.5916, Change: 1.5290), TF Ratio: 0.855
[2026-06-14 15:43:14,691][root][INFO] - Epoch [3/5], Batch [127/300], Loss: 1.0779 (Overall: 0.6308, Change: 0.9064), TF Ratio: 0.855
[2026-06-14 15:43:14,853][root][INFO] - Epoch [3/5], Batch [128/300], Loss: 1.0791 (Overall: 1.0218, Change: 1.4315), TF Ratio: 0.854
[2026-06-14 15:43:15,016][root][INFO] - Epoch [3/5], Batch [129/300], Loss: 1.0798 (Overall: 0.6627, Change: 1.6798), TF Ratio: 0.854
[2026-06-14 15:43:15,169][root][INFO] - Epoch [3/5], Batch [130/300], Loss: 1.0812 (Overall: 0.9225, Change: 1.6137), TF Ratio: 0.854
[2026-06-14 15:43:15,322][root][INFO] - Epoch [3/5], Batch [131/300], Loss: 1.0813 (Overall: 0.7474, Change: 1.4276), TF Ratio: 0.854
[2026-06-14 15:43:15,480][root][INFO] - Epoch [3/5], Batch [132/300], Loss: 1.0817 (Overall: 0.6810, Change: 1.6030), TF Ratio: 0.854
[2026-06-14 15:43:15,647][root][INFO] - Epoch [3/5], Batch [133/300], Loss: 1.0811 (Overall: 0.7078, Change: 1.2793), TF Ratio: 0.853
[2026-06-14 15:43:15,801][root][INFO] - Epoch [3/5], Batch [134/300], Loss: 1.0806 (Overall: 0.7663, Change: 1.2653), TF Ratio: 0.853
[2026-06-14 15:43:15,958][root][INFO] - Epoch [3/5], Batch [135/300], Loss: 1.0793 (Overall: 0.6999, Change: 1.1125), TF Ratio: 0.853
[2026-06-14 15:43:16,115][root][INFO] - Epoch [3/5], Batch [136/300], Loss: 1.0790 (Overall: 0.7229, Change: 1.3677), TF Ratio: 0.853
[2026-06-14 15:43:16,273][root][INFO] - Epoch [3/5], Batch [137/300], Loss: 1.0796 (Overall: 0.8472, Change: 1.4733), TF Ratio: 0.853
[2026-06-14 15:43:16,428][root][INFO] - Epoch [3/5], Batch [138/300], Loss: 1.0802 (Overall: 0.6826, Change: 1.6325), TF Ratio: 0.852
[2026-06-14 15:43:16,585][root][INFO] - Epoch [3/5], Batch [139/300], Loss: 1.0798 (Overall: 0.7729, Change: 1.2836), TF Ratio: 0.852
[2026-06-14 15:43:16,744][root][INFO] - Epoch [3/5], Batch [140/300], Loss: 1.0826 (Overall: 1.0954, Change: 1.8507), TF Ratio: 0.852
[2026-06-14 15:43:16,898][root][INFO] - Epoch [3/5], Batch [141/300], Loss: 1.0832 (Overall: 0.8118, Change: 1.5011), TF Ratio: 0.852
[2026-06-14 15:43:17,052][root][INFO] - Epoch [3/5], Batch [142/300], Loss: 1.0830 (Overall: 0.6926, Change: 1.4310), TF Ratio: 0.852
[2026-06-14 15:43:17,213][root][INFO] - Epoch [3/5], Batch [143/300], Loss: 1.0843 (Overall: 1.2082, Change: 1.3377), TF Ratio: 0.851
[2026-06-14 15:43:17,368][root][INFO] - Epoch [3/5], Batch [144/300], Loss: 1.0848 (Overall: 0.7504, Change: 1.5537), TF Ratio: 0.851
[2026-06-14 15:43:17,526][root][INFO] - Epoch [3/5], Batch [145/300], Loss: 1.0848 (Overall: 0.6108, Change: 1.5573), TF Ratio: 0.851
[2026-06-14 15:43:17,680][root][INFO] - Epoch [3/5], Batch [146/300], Loss: 1.0839 (Overall: 0.5558, Change: 1.3508), TF Ratio: 0.851
[2026-06-14 15:43:17,842][root][INFO] - Epoch [3/5], Batch [147/300], Loss: 1.0857 (Overall: 0.8196, Change: 1.8840), TF Ratio: 0.851
[2026-06-14 15:43:18,002][root][INFO] - Epoch [3/5], Batch [148/300], Loss: 1.0855 (Overall: 0.8661, Change: 1.2402), TF Ratio: 0.850
[2026-06-14 15:43:18,158][root][INFO] - Epoch [3/5], Batch [149/300], Loss: 1.0865 (Overall: 0.9765, Change: 1.4945), TF Ratio: 0.850
[2026-06-14 15:43:18,314][root][INFO] - Epoch [3/5], Batch [150/300], Loss: 1.0857 (Overall: 0.8259, Change: 1.1179), TF Ratio: 0.850
[2026-06-14 15:43:18,478][root][INFO] - Epoch [3/5], Batch [151/300], Loss: 1.0859 (Overall: 0.7677, Change: 1.4574), TF Ratio: 0.850
[2026-06-14 15:43:18,637][root][INFO] - Epoch [3/5], Batch [152/300], Loss: 1.0853 (Overall: 0.5724, Change: 1.4071), TF Ratio: 0.850
[2026-06-14 15:43:18,793][root][INFO] - Epoch [3/5], Batch [153/300], Loss: 1.0845 (Overall: 0.8598, Change: 1.0676), TF Ratio: 0.849
[2026-06-14 15:43:18,946][root][INFO] - Epoch [3/5], Batch [154/300], Loss: 1.0833 (Overall: 0.7724, Change: 1.0326), TF Ratio: 0.849
[2026-06-14 15:43:19,099][root][INFO] - Epoch [3/5], Batch [155/300], Loss: 1.0829 (Overall: 0.6488, Change: 1.4028), TF Ratio: 0.849
[2026-06-14 15:43:19,264][root][INFO] - Epoch [3/5], Batch [156/300], Loss: 1.0826 (Overall: 0.7193, Change: 1.3293), TF Ratio: 0.849
[2026-06-14 15:43:19,418][root][INFO] - Epoch [3/5], Batch [157/300], Loss: 1.0833 (Overall: 1.0961, Change: 1.3099), TF Ratio: 0.849
[2026-06-14 15:43:19,572][root][INFO] - Epoch [3/5], Batch [158/300], Loss: 1.0838 (Overall: 0.6415, Change: 1.6643), TF Ratio: 0.848
[2026-06-14 15:43:19,724][root][INFO] - Epoch [3/5], Batch [159/300], Loss: 1.0834 (Overall: 0.6790, Change: 1.3806), TF Ratio: 0.848
[2026-06-14 15:43:19,890][root][INFO] - Epoch [3/5], Batch [160/300], Loss: 1.0848 (Overall: 0.6268, Change: 1.9675), TF Ratio: 0.848
[2026-06-14 15:43:20,044][root][INFO] - Epoch [3/5], Batch [161/300], Loss: 1.0847 (Overall: 0.7872, Change: 1.3477), TF Ratio: 0.848
[2026-06-14 15:43:20,197][root][INFO] - Epoch [3/5], Batch [162/300], Loss: 1.0836 (Overall: 0.5863, Change: 1.2427), TF Ratio: 0.848
[2026-06-14 15:43:20,357][root][INFO] - Epoch [3/5], Batch [163/300], Loss: 1.0821 (Overall: 0.4959, Change: 1.1910), TF Ratio: 0.847
[2026-06-14 15:43:20,519][root][INFO] - Epoch [3/5], Batch [164/300], Loss: 1.0813 (Overall: 0.4921, Change: 1.3935), TF Ratio: 0.847
[2026-06-14 15:43:20,674][root][INFO] - Epoch [3/5], Batch [165/300], Loss: 1.0816 (Overall: 0.9780, Change: 1.3040), TF Ratio: 0.847
[2026-06-14 15:43:20,828][root][INFO] - Epoch [3/5], Batch [166/300], Loss: 1.0811 (Overall: 0.5008, Change: 1.4698), TF Ratio: 0.847
[2026-06-14 15:43:20,981][root][INFO] - Epoch [3/5], Batch [167/300], Loss: 1.0812 (Overall: 0.7115, Change: 1.4893), TF Ratio: 0.847
[2026-06-14 15:43:21,162][root][INFO] - Epoch [3/5], Batch [168/300], Loss: 1.0825 (Overall: 1.0446, Change: 1.5530), TF Ratio: 0.846
[2026-06-14 15:43:21,317][root][INFO] - Epoch [3/5], Batch [169/300], Loss: 1.0823 (Overall: 0.9468, Change: 1.1595), TF Ratio: 0.846
[2026-06-14 15:43:21,470][root][INFO] - Epoch [3/5], Batch [170/300], Loss: 1.0814 (Overall: 0.6097, Change: 1.2632), TF Ratio: 0.846
[2026-06-14 15:43:21,627][root][INFO] - Epoch [3/5], Batch [171/300], Loss: 1.0797 (Overall: 0.4980, Change: 1.0839), TF Ratio: 0.846
[2026-06-14 15:43:21,795][root][INFO] - Epoch [3/5], Batch [172/300], Loss: 1.0798 (Overall: 0.7180, Change: 1.4574), TF Ratio: 0.846
[2026-06-14 15:43:21,952][root][INFO] - Epoch [3/5], Batch [173/300], Loss: 1.0792 (Overall: 0.7240, Change: 1.2241), TF Ratio: 0.845
[2026-06-14 15:43:22,105][root][INFO] - Epoch [3/5], Batch [174/300], Loss: 1.0786 (Overall: 0.6746, Change: 1.2874), TF Ratio: 0.845
[2026-06-14 15:43:22,264][root][INFO] - Epoch [3/5], Batch [175/300], Loss: 1.0785 (Overall: 0.7336, Change: 1.3970), TF Ratio: 0.845
[2026-06-14 15:43:22,419][root][INFO] - Epoch [3/5], Batch [176/300], Loss: 1.0794 (Overall: 1.0211, Change: 1.4368), TF Ratio: 0.845
[2026-06-14 15:43:22,572][root][INFO] - Epoch [3/5], Batch [177/300], Loss: 1.0785 (Overall: 0.6476, Change: 1.1834), TF Ratio: 0.845
[2026-06-14 15:43:22,724][root][INFO] - Epoch [3/5], Batch [178/300], Loss: 1.0793 (Overall: 0.8824, Change: 1.5568), TF Ratio: 0.844
[2026-06-14 15:43:22,878][root][INFO] - Epoch [3/5], Batch [179/300], Loss: 1.0786 (Overall: 0.5605, Change: 1.3725), TF Ratio: 0.844
[2026-06-14 15:43:23,036][root][INFO] - Epoch [3/5], Batch [180/300], Loss: 1.0781 (Overall: 0.7254, Change: 1.2484), TF Ratio: 0.844
[2026-06-14 15:43:23,202][root][INFO] - Epoch [3/5], Batch [181/300], Loss: 1.0777 (Overall: 0.6019, Change: 1.3849), TF Ratio: 0.844
[2026-06-14 15:43:23,357][root][INFO] - Epoch [3/5], Batch [182/300], Loss: 1.0772 (Overall: 0.7412, Change: 1.2506), TF Ratio: 0.844
[2026-06-14 15:43:23,511][root][INFO] - Epoch [3/5], Batch [183/300], Loss: 1.0759 (Overall: 0.6973, Change: 0.9677), TF Ratio: 0.843
[2026-06-14 15:43:23,681][root][INFO] - Epoch [3/5], Batch [184/300], Loss: 1.0755 (Overall: 0.6819, Change: 1.3343), TF Ratio: 0.843
[2026-06-14 15:43:23,837][root][INFO] - Epoch [3/5], Batch [185/300], Loss: 1.0751 (Overall: 0.9063, Change: 1.1027), TF Ratio: 0.843
[2026-06-14 15:43:23,990][root][INFO] - Epoch [3/5], Batch [186/300], Loss: 1.0733 (Overall: 0.5643, Change: 0.9200), TF Ratio: 0.843
[2026-06-14 15:43:24,144][root][INFO] - Epoch [3/5], Batch [187/300], Loss: 1.0734 (Overall: 0.8501, Change: 1.3183), TF Ratio: 0.843
[2026-06-14 15:43:24,312][root][INFO] - Epoch [3/5], Batch [188/300], Loss: 1.0747 (Overall: 0.7577, Change: 1.8672), TF Ratio: 0.842
[2026-06-14 15:43:24,478][root][INFO] - Epoch [3/5], Batch [189/300], Loss: 1.0747 (Overall: 0.7730, Change: 1.4081), TF Ratio: 0.842
[2026-06-14 15:43:24,632][root][INFO] - Epoch [3/5], Batch [190/300], Loss: 1.0743 (Overall: 0.6564, Change: 1.3208), TF Ratio: 0.842
[2026-06-14 15:43:24,796][root][INFO] - Epoch [3/5], Batch [191/300], Loss: 1.0729 (Overall: 0.6881, Change: 0.9413), TF Ratio: 0.842
[2026-06-14 15:43:24,950][root][INFO] - Epoch [3/5], Batch [192/300], Loss: 1.0729 (Overall: 0.8666, Change: 1.2680), TF Ratio: 0.842
[2026-06-14 15:43:25,105][root][INFO] - Epoch [3/5], Batch [193/300], Loss: 1.0723 (Overall: 0.8026, Change: 1.0947), TF Ratio: 0.841
[2026-06-14 15:43:25,263][root][INFO] - Epoch [3/5], Batch [194/300], Loss: 1.0712 (Overall: 0.4847, Change: 1.2499), TF Ratio: 0.841
[2026-06-14 15:43:25,416][root][INFO] - Epoch [3/5], Batch [195/300], Loss: 1.0705 (Overall: 0.7026, Change: 1.1737), TF Ratio: 0.841
[2026-06-14 15:43:25,572][root][INFO] - Epoch [3/5], Batch [196/300], Loss: 1.0713 (Overall: 1.1703, Change: 1.2719), TF Ratio: 0.841
[2026-06-14 15:43:25,732][root][INFO] - Epoch [3/5], Batch [197/300], Loss: 1.0736 (Overall: 1.0386, Change: 2.0345), TF Ratio: 0.841
[2026-06-14 15:43:25,904][root][INFO] - Epoch [3/5], Batch [198/300], Loss: 1.0720 (Overall: 0.5549, Change: 0.9362), TF Ratio: 0.840
[2026-06-14 15:43:26,068][root][INFO] - Epoch [3/5], Batch [199/300], Loss: 1.0737 (Overall: 0.7244, Change: 2.0812), TF Ratio: 0.840
[2026-06-14 15:43:26,224][root][INFO] - Epoch [3/5], Batch [200/300], Loss: 1.0740 (Overall: 1.0778, Change: 1.2161), TF Ratio: 0.840
[2026-06-14 15:43:26,382][root][INFO] - Epoch [3/5], Batch [201/300], Loss: 1.0757 (Overall: 1.1597, Change: 1.6715), TF Ratio: 0.840
[2026-06-14 15:43:26,543][root][INFO] - Epoch [3/5], Batch [202/300], Loss: 1.0743 (Overall: 0.5969, Change: 0.9960), TF Ratio: 0.840
[2026-06-14 15:43:26,701][root][INFO] - Epoch [3/5], Batch [203/300], Loss: 1.0726 (Overall: 0.4916, Change: 0.9714), TF Ratio: 0.839
[2026-06-14 15:43:26,875][root][INFO] - Epoch [3/5], Batch [204/300], Loss: 1.0734 (Overall: 0.9326, Change: 1.5072), TF Ratio: 0.839
[2026-06-14 15:43:27,032][root][INFO] - Epoch [3/5], Batch [205/300], Loss: 1.0788 (Overall: 1.6684, Change: 2.7245), TF Ratio: 0.839
[2026-06-14 15:43:27,187][root][INFO] - Epoch [3/5], Batch [206/300], Loss: 1.0787 (Overall: 0.7061, Change: 1.4093), TF Ratio: 0.839
[2026-06-14 15:43:27,341][root][INFO] - Epoch [3/5], Batch [207/300], Loss: 1.0792 (Overall: 0.8613, Change: 1.4939), TF Ratio: 0.839
[2026-06-14 15:43:27,523][root][INFO] - Epoch [3/5], Batch [208/300], Loss: 1.0798 (Overall: 1.0719, Change: 1.3171), TF Ratio: 0.838
[2026-06-14 15:43:27,689][root][INFO] - Epoch [3/5], Batch [209/300], Loss: 1.0791 (Overall: 0.9652, Change: 0.9117), TF Ratio: 0.838
[2026-06-14 15:43:27,841][root][INFO] - Epoch [3/5], Batch [210/300], Loss: 1.0792 (Overall: 0.8972, Change: 1.3112), TF Ratio: 0.838
[2026-06-14 15:43:27,995][root][INFO] - Epoch [3/5], Batch [211/300], Loss: 1.0790 (Overall: 0.6299, Change: 1.4265), TF Ratio: 0.838
[2026-06-14 15:43:28,159][root][INFO] - Epoch [3/5], Batch [212/300], Loss: 1.0787 (Overall: 0.7208, Change: 1.3195), TF Ratio: 0.838
[2026-06-14 15:43:28,314][root][INFO] - Epoch [3/5], Batch [213/300], Loss: 1.0788 (Overall: 0.5180, Change: 1.6949), TF Ratio: 0.837
[2026-06-14 15:43:28,474][root][INFO] - Epoch [3/5], Batch [214/300], Loss: 1.0787 (Overall: 0.6493, Change: 1.4572), TF Ratio: 0.837
[2026-06-14 15:43:28,639][root][INFO] - Epoch [3/5], Batch [215/300], Loss: 1.0812 (Overall: 1.6312, Change: 1.6087), TF Ratio: 0.837
[2026-06-14 15:43:28,793][root][INFO] - Epoch [3/5], Batch [216/300], Loss: 1.0819 (Overall: 0.8677, Change: 1.5997), TF Ratio: 0.837
[2026-06-14 15:43:28,946][root][INFO] - Epoch [3/5], Batch [217/300], Loss: 1.0825 (Overall: 1.0395, Change: 1.3846), TF Ratio: 0.837
[2026-06-14 15:43:29,098][root][INFO] - Epoch [3/5], Batch [218/300], Loss: 1.0821 (Overall: 0.8120, Change: 1.1777), TF Ratio: 0.836
[2026-06-14 15:43:29,254][root][INFO] - Epoch [3/5], Batch [219/300], Loss: 1.0807 (Overall: 0.7031, Change: 0.8179), TF Ratio: 0.836
[2026-06-14 15:43:29,411][root][INFO] - Epoch [3/5], Batch [220/300], Loss: 1.0814 (Overall: 1.0679, Change: 1.4210), TF Ratio: 0.836
[2026-06-14 15:43:29,568][root][INFO] - Epoch [3/5], Batch [221/300], Loss: 1.0813 (Overall: 0.7856, Change: 1.3319), TF Ratio: 0.836
[2026-06-14 15:43:29,724][root][INFO] - Epoch [3/5], Batch [222/300], Loss: 1.0824 (Overall: 1.0809, Change: 1.5613), TF Ratio: 0.836
[2026-06-14 15:43:29,876][root][INFO] - Epoch [3/5], Batch [223/300], Loss: 1.0827 (Overall: 0.7381, Change: 1.5630), TF Ratio: 0.835
[2026-06-14 15:43:30,044][root][INFO] - Epoch [3/5], Batch [224/300], Loss: 1.0819 (Overall: 0.6734, Change: 1.1464), TF Ratio: 0.835
[2026-06-14 15:43:30,212][root][INFO] - Epoch [3/5], Batch [225/300], Loss: 1.0818 (Overall: 0.9490, Change: 1.1666), TF Ratio: 0.835
[2026-06-14 15:43:30,364][root][INFO] - Epoch [3/5], Batch [226/300], Loss: 1.0819 (Overall: 0.6561, Change: 1.5372), TF Ratio: 0.835
[2026-06-14 15:43:30,517][root][INFO] - Epoch [3/5], Batch [227/300], Loss: 1.0820 (Overall: 0.7944, Change: 1.4369), TF Ratio: 0.835
[2026-06-14 15:43:30,671][root][INFO] - Epoch [3/5], Batch [228/300], Loss: 1.0819 (Overall: 0.8371, Change: 1.2500), TF Ratio: 0.834
[2026-06-14 15:43:30,849][root][INFO] - Epoch [3/5], Batch [229/300], Loss: 1.0819 (Overall: 0.7612, Change: 1.4323), TF Ratio: 0.834
[2026-06-14 15:43:31,008][root][INFO] - Epoch [3/5], Batch [230/300], Loss: 1.0829 (Overall: 0.8641, Change: 1.7481), TF Ratio: 0.834
[2026-06-14 15:43:31,163][root][INFO] - Epoch [3/5], Batch [231/300], Loss: 1.0830 (Overall: 0.7757, Change: 1.4382), TF Ratio: 0.834
[2026-06-14 15:43:31,323][root][INFO] - Epoch [3/5], Batch [232/300], Loss: 1.0836 (Overall: 1.0053, Change: 1.4343), TF Ratio: 0.834
[2026-06-14 15:43:31,477][root][INFO] - Epoch [3/5], Batch [233/300], Loss: 1.0846 (Overall: 0.4956, Change: 2.1618), TF Ratio: 0.833
[2026-06-14 15:43:31,630][root][INFO] - Epoch [3/5], Batch [234/300], Loss: 1.0853 (Overall: 1.1318, Change: 1.3559), TF Ratio: 0.833
[2026-06-14 15:43:31,784][root][INFO] - Epoch [3/5], Batch [235/300], Loss: 1.0845 (Overall: 0.5645, Change: 1.2133), TF Ratio: 0.833
[2026-06-14 15:43:31,948][root][INFO] - Epoch [3/5], Batch [236/300], Loss: 1.0847 (Overall: 0.7446, Change: 1.5076), TF Ratio: 0.833
[2026-06-14 15:43:32,125][root][INFO] - Epoch [3/5], Batch [237/300], Loss: 1.0853 (Overall: 0.8769, Change: 1.5997), TF Ratio: 0.833
[2026-06-14 15:43:32,281][root][INFO] - Epoch [3/5], Batch [238/300], Loss: 1.0856 (Overall: 1.0515, Change: 1.2331), TF Ratio: 0.832
[2026-06-14 15:43:32,437][root][INFO] - Epoch [3/5], Batch [239/300], Loss: 1.0855 (Overall: 0.6396, Change: 1.4836), TF Ratio: 0.832
[2026-06-14 15:43:32,595][root][INFO] - Epoch [3/5], Batch [240/300], Loss: 1.0852 (Overall: 0.6276, Change: 1.4177), TF Ratio: 0.832
[2026-06-14 15:43:32,749][root][INFO] - Epoch [3/5], Batch [241/300], Loss: 1.0850 (Overall: 0.5690, Change: 1.5146), TF Ratio: 0.832
[2026-06-14 15:43:32,902][root][INFO] - Epoch [3/5], Batch [242/300], Loss: 1.0848 (Overall: 0.6589, Change: 1.4200), TF Ratio: 0.832
[2026-06-14 15:43:33,057][root][INFO] - Epoch [3/5], Batch [243/300], Loss: 1.0848 (Overall: 0.9679, Change: 1.2130), TF Ratio: 0.831
[2026-06-14 15:43:33,226][root][INFO] - Epoch [3/5], Batch [244/300], Loss: 1.0859 (Overall: 1.2249, Change: 1.4497), TF Ratio: 0.831
[2026-06-14 15:43:33,381][root][INFO] - Epoch [3/5], Batch [245/300], Loss: 1.0851 (Overall: 0.7009, Change: 1.0757), TF Ratio: 0.831
[2026-06-14 15:43:33,534][root][INFO] - Epoch [3/5], Batch [246/300], Loss: 1.0849 (Overall: 0.8118, Change: 1.2866), TF Ratio: 0.831
[2026-06-14 15:43:33,690][root][INFO] - Epoch [3/5], Batch [247/300], Loss: 1.0859 (Overall: 1.2226, Change: 1.4312), TF Ratio: 0.831
[2026-06-14 15:43:33,864][root][INFO] - Epoch [3/5], Batch [248/300], Loss: 1.0861 (Overall: 0.8107, Change: 1.4392), TF Ratio: 0.830
[2026-06-14 15:43:34,018][root][INFO] - Epoch [3/5], Batch [249/300], Loss: 1.0853 (Overall: 0.5490, Change: 1.2420), TF Ratio: 0.830
[2026-06-14 15:43:34,172][root][INFO] - Epoch [3/5], Batch [250/300], Loss: 1.0859 (Overall: 0.9672, Change: 1.5135), TF Ratio: 0.830
[2026-06-14 15:43:34,326][root][INFO] - Epoch [3/5], Batch [251/300], Loss: 1.0863 (Overall: 0.9695, Change: 1.4183), TF Ratio: 0.830
[2026-06-14 15:43:34,482][root][INFO] - Epoch [3/5], Batch [252/300], Loss: 1.0855 (Overall: 0.6858, Change: 1.0436), TF Ratio: 0.830
[2026-06-14 15:43:34,637][root][INFO] - Epoch [3/5], Batch [253/300], Loss: 1.0852 (Overall: 0.6972, Change: 1.3468), TF Ratio: 0.829
[2026-06-14 15:43:34,791][root][INFO] - Epoch [3/5], Batch [254/300], Loss: 1.0852 (Overall: 0.8213, Change: 1.3492), TF Ratio: 0.829
[2026-06-14 15:43:34,956][root][INFO] - Epoch [3/5], Batch [255/300], Loss: 1.0852 (Overall: 0.6942, Change: 1.4718), TF Ratio: 0.829
[2026-06-14 15:43:35,112][root][INFO] - Epoch [3/5], Batch [256/300], Loss: 1.0850 (Overall: 0.6685, Change: 1.4149), TF Ratio: 0.829
[2026-06-14 15:43:35,275][root][INFO] - Epoch [3/5], Batch [257/300], Loss: 1.0854 (Overall: 1.0296, Change: 1.3257), TF Ratio: 0.829
[2026-06-14 15:43:35,429][root][INFO] - Epoch [3/5], Batch [258/300], Loss: 1.0859 (Overall: 0.9351, Change: 1.4844), TF Ratio: 0.828
[2026-06-14 15:43:35,582][root][INFO] - Epoch [3/5], Batch [259/300], Loss: 1.0850 (Overall: 0.5820, Change: 1.1530), TF Ratio: 0.828
[2026-06-14 15:43:35,767][root][INFO] - Epoch [3/5], Batch [260/300], Loss: 1.0847 (Overall: 0.8165, Change: 1.1756), TF Ratio: 0.828
[2026-06-14 15:43:35,922][root][INFO] - Epoch [3/5], Batch [261/300], Loss: 1.0851 (Overall: 0.7998, Change: 1.6007), TF Ratio: 0.828
[2026-06-14 15:43:36,074][root][INFO] - Epoch [3/5], Batch [262/300], Loss: 1.0858 (Overall: 1.1629, Change: 1.3707), TF Ratio: 0.828
[2026-06-14 15:43:36,231][root][INFO] - Epoch [3/5], Batch [263/300], Loss: 1.0855 (Overall: 0.6297, Change: 1.3796), TF Ratio: 0.827
[2026-06-14 15:43:36,392][root][INFO] - Epoch [3/5], Batch [264/300], Loss: 1.0859 (Overall: 0.8511, Change: 1.5321), TF Ratio: 0.827
[2026-06-14 15:43:36,548][root][INFO] - Epoch [3/5], Batch [265/300], Loss: 1.0858 (Overall: 0.5921, Change: 1.4989), TF Ratio: 0.827
[2026-06-14 15:43:36,701][root][INFO] - Epoch [3/5], Batch [266/300], Loss: 1.0863 (Overall: 0.7091, Change: 1.7336), TF Ratio: 0.827
[2026-06-14 15:43:36,860][root][INFO] - Epoch [3/5], Batch [267/300], Loss: 1.0858 (Overall: 0.5840, Change: 1.3115), TF Ratio: 0.827
[2026-06-14 15:43:37,014][root][INFO] - Epoch [3/5], Batch [268/300], Loss: 1.0858 (Overall: 0.8332, Change: 1.3541), TF Ratio: 0.826
[2026-06-14 15:43:37,169][root][INFO] - Epoch [3/5], Batch [269/300], Loss: 1.0861 (Overall: 0.7770, Change: 1.5436), TF Ratio: 0.826
[2026-06-14 15:43:37,329][root][INFO] - Epoch [3/5], Batch [270/300], Loss: 1.0858 (Overall: 0.4519, Change: 1.5667), TF Ratio: 0.826
[2026-06-14 15:43:37,485][root][INFO] - Epoch [3/5], Batch [271/300], Loss: 1.0848 (Overall: 0.6973, Change: 0.9426), TF Ratio: 0.826
[2026-06-14 15:43:37,647][root][INFO] - Epoch [3/5], Batch [272/300], Loss: 1.0847 (Overall: 0.7224, Change: 1.3957), TF Ratio: 0.826
[2026-06-14 15:43:37,805][root][INFO] - Epoch [3/5], Batch [273/300], Loss: 1.0845 (Overall: 0.5770, Change: 1.5010), TF Ratio: 0.825
[2026-06-14 15:43:37,960][root][INFO] - Epoch [3/5], Batch [274/300], Loss: 1.0840 (Overall: 0.8167, Change: 1.0769), TF Ratio: 0.825
[2026-06-14 15:43:38,113][root][INFO] - Epoch [3/5], Batch [275/300], Loss: 1.0839 (Overall: 0.6349, Change: 1.4813), TF Ratio: 0.825
[2026-06-14 15:43:38,275][root][INFO] - Epoch [3/5], Batch [276/300], Loss: 1.0835 (Overall: 0.7014, Change: 1.2342), TF Ratio: 0.825
[2026-06-14 15:43:38,429][root][INFO] - Epoch [3/5], Batch [277/300], Loss: 1.0835 (Overall: 0.5139, Change: 1.6271), TF Ratio: 0.825
[2026-06-14 15:43:38,583][root][INFO] - Epoch [3/5], Batch [278/300], Loss: 1.0838 (Overall: 0.9653, Change: 1.3586), TF Ratio: 0.824
[2026-06-14 15:43:38,736][root][INFO] - Epoch [3/5], Batch [279/300], Loss: 1.0847 (Overall: 0.7481, Change: 1.9641), TF Ratio: 0.824
[2026-06-14 15:43:38,904][root][INFO] - Epoch [3/5], Batch [280/300], Loss: 1.0839 (Overall: 0.6952, Change: 0.9899), TF Ratio: 0.824
[2026-06-14 15:43:39,057][root][INFO] - Epoch [3/5], Batch [281/300], Loss: 1.0849 (Overall: 1.2012, Change: 1.5369), TF Ratio: 0.824
[2026-06-14 15:43:39,209][root][INFO] - Epoch [3/5], Batch [282/300], Loss: 1.0854 (Overall: 0.9361, Change: 1.5420), TF Ratio: 0.824
[2026-06-14 15:43:39,363][root][INFO] - Epoch [3/5], Batch [283/300], Loss: 1.0851 (Overall: 0.5437, Change: 1.4458), TF Ratio: 0.823
[2026-06-14 15:43:39,528][root][INFO] - Epoch [3/5], Batch [284/300], Loss: 1.0854 (Overall: 0.7589, Change: 1.5649), TF Ratio: 0.823
[2026-06-14 15:43:39,682][root][INFO] - Epoch [3/5], Batch [285/300], Loss: 1.0855 (Overall: 0.9322, Change: 1.3255), TF Ratio: 0.823
[2026-06-14 15:43:39,854][root][INFO] - Epoch [3/5], Batch [286/300], Loss: 1.0859 (Overall: 0.9471, Change: 1.4486), TF Ratio: 0.823
[2026-06-14 15:43:40,010][root][INFO] - Epoch [3/5], Batch [287/300], Loss: 1.0857 (Overall: 0.6238, Change: 1.4239), TF Ratio: 0.823
[2026-06-14 15:43:40,174][root][INFO] - Epoch [3/5], Batch [288/300], Loss: 1.0854 (Overall: 0.7890, Change: 1.1987), TF Ratio: 0.822
[2026-06-14 15:43:40,332][root][INFO] - Epoch [3/5], Batch [289/300], Loss: 1.0846 (Overall: 0.9621, Change: 0.7587), TF Ratio: 0.822
[2026-06-14 15:43:40,513][root][INFO] - Epoch [3/5], Batch [290/300], Loss: 1.0845 (Overall: 0.7380, Change: 1.3809), TF Ratio: 0.822
[2026-06-14 15:43:40,681][root][INFO] - Epoch [3/5], Batch [291/300], Loss: 1.0849 (Overall: 0.8589, Change: 1.5457), TF Ratio: 0.822
[2026-06-14 15:43:40,836][root][INFO] - Epoch [3/5], Batch [292/300], Loss: 1.0858 (Overall: 0.9415, Change: 1.7318), TF Ratio: 0.822
[2026-06-14 15:43:40,996][root][INFO] - Epoch [3/5], Batch [293/300], Loss: 1.0853 (Overall: 0.6275, Change: 1.2600), TF Ratio: 0.821
[2026-06-14 15:43:41,149][root][INFO] - Epoch [3/5], Batch [294/300], Loss: 1.0836 (Overall: 0.6423, Change: 0.5070), TF Ratio: 0.821
[2026-06-14 15:43:41,313][root][INFO] - Epoch [3/5], Batch [295/300], Loss: 1.0836 (Overall: 0.6828, Change: 1.5262), TF Ratio: 0.821
[2026-06-14 15:43:41,471][root][INFO] - Epoch [3/5], Batch [296/300], Loss: 1.0832 (Overall: 0.6244, Change: 1.2847), TF Ratio: 0.821
[2026-06-14 15:43:41,625][root][INFO] - Epoch [3/5], Batch [297/300], Loss: 1.0833 (Overall: 0.6256, Change: 1.6053), TF Ratio: 0.821
[2026-06-14 15:43:41,778][root][INFO] - Epoch [3/5], Batch [298/300], Loss: 1.0832 (Overall: 0.4088, Change: 1.6723), TF Ratio: 0.820
[2026-06-14 15:43:41,932][root][INFO] - Epoch [3/5], Batch [299/300], Loss: 1.0843 (Overall: 1.0091, Change: 1.8188), TF Ratio: 0.820
[2026-06-14 15:43:42,100][root][INFO] - Epoch [3/5], Batch [300/300], Loss: 1.0836 (Overall: 0.5496, Change: 1.2161), TF Ratio: 0.820
[2026-06-14 15:43:44,853][root][INFO] - Epoch 3 done. Validating...
[2026-06-14 15:43:52,083][root][INFO] - Epoch [3/5] | Train: 1.0890 | Val: 0.6899
[2026-06-14 15:43:52,384][root][INFO] - Checkpoint saved: /gpfs/scratch/bsc32/bsc096444/ai4land-tfm/trained_models/unet_impl/41788809/best_model.pth
[2026-06-14 15:43:52,549][root][INFO] - Checkpoint saved: /gpfs/scratch/bsc32/bsc096444/ai4land-tfm/trained_models/unet_impl/41788809/model_epoch_3.pth
[2026-06-14 15:43:58,721][root][INFO] - Epoch [4/5], Batch [1/300], Loss: 1.0475 (Overall: 0.8096, Change: 1.2854), TF Ratio: 0.820
[2026-06-14 15:43:58,902][root][INFO] - Epoch [4/5], Batch [2/300], Loss: 1.1445 (Overall: 0.8624, Change: 1.6205), TF Ratio: 0.820
[2026-06-14 15:43:59,070][root][INFO] - Epoch [4/5], Batch [3/300], Loss: 1.0702 (Overall: 0.6619, Change: 1.1814), TF Ratio: 0.819
[2026-06-14 15:43:59,230][root][INFO] - Epoch [4/5], Batch [4/300], Loss: 1.0409 (Overall: 0.7516, Change: 1.1540), TF Ratio: 0.819
[2026-06-14 15:43:59,388][root][INFO] - Epoch [4/5], Batch [5/300], Loss: 1.0191 (Overall: 0.7491, Change: 1.1148), TF Ratio: 0.819
[2026-06-14 15:43:59,548][root][INFO] - Epoch [4/5], Batch [6/300], Loss: 0.9880 (Overall: 0.6614, Change: 1.0037), TF Ratio: 0.819
[2026-06-14 15:43:59,707][root][INFO] - Epoch [4/5], Batch [7/300], Loss: 1.0153 (Overall: 0.7464, Change: 1.6126), TF Ratio: 0.819
[2026-06-14 15:43:59,898][root][INFO] - Epoch [4/5], Batch [8/300], Loss: 1.0083 (Overall: 0.5403, Change: 1.3783), TF Ratio: 0.818
[2026-06-14 15:44:00,065][root][INFO] - Epoch [4/5], Batch [9/300], Loss: 1.0329 (Overall: 0.7982, Change: 1.6608), TF Ratio: 0.818
[2026-06-14 15:44:00,229][root][INFO] - Epoch [4/5], Batch [10/300], Loss: 1.0161 (Overall: 0.5791, Change: 1.1514), TF Ratio: 0.818
[2026-06-14 15:44:00,396][root][INFO] - Epoch [4/5], Batch [11/300], Loss: 1.0149 (Overall: 0.7602, Change: 1.2455), TF Ratio: 0.818
[2026-06-14 15:44:00,605][root][INFO] - Epoch [4/5], Batch [12/300], Loss: 1.0287 (Overall: 0.7385, Change: 1.6207), TF Ratio: 0.818
[2026-06-14 15:44:00,770][root][INFO] - Epoch [4/5], Batch [13/300], Loss: 1.0360 (Overall: 0.8833, Change: 1.3636), TF Ratio: 0.817
[2026-06-14 15:44:00,925][root][INFO] - Epoch [4/5], Batch [14/300], Loss: 1.0332 (Overall: 0.6120, Change: 1.3830), TF Ratio: 0.817
[2026-06-14 15:44:01,080][root][INFO] - Epoch [4/5], Batch [15/300], Loss: 1.0157 (Overall: 0.5769, Change: 0.9654), TF Ratio: 0.817
[2026-06-14 15:44:01,241][root][INFO] - Epoch [4/5], Batch [16/300], Loss: 1.0277 (Overall: 0.8284, Change: 1.5864), TF Ratio: 0.817
[2026-06-14 15:44:01,413][root][INFO] - Epoch [4/5], Batch [17/300], Loss: 1.0249 (Overall: 0.4870, Change: 1.4716), TF Ratio: 0.817
[2026-06-14 15:44:01,575][root][INFO] - Epoch [4/5], Batch [18/300], Loss: 1.0236 (Overall: 0.6767, Change: 1.3275), TF Ratio: 0.816
[2026-06-14 15:44:01,753][root][INFO] - Epoch [4/5], Batch [19/300], Loss: 1.0515 (Overall: 1.5078, Change: 1.5999), TF Ratio: 0.816
[2026-06-14 15:44:01,925][root][INFO] - Epoch [4/5], Batch [20/300], Loss: 1.0563 (Overall: 0.5064, Change: 1.7875), TF Ratio: 0.816
[2026-06-14 15:44:02,091][root][INFO] - Epoch [4/5], Batch [21/300], Loss: 1.0567 (Overall: 0.8653, Change: 1.2661), TF Ratio: 0.816
[2026-06-14 15:44:02,254][root][INFO] - Epoch [4/5], Batch [22/300], Loss: 1.0657 (Overall: 0.8923, Change: 1.6156), TF Ratio: 0.816
[2026-06-14 15:44:02,425][root][INFO] - Epoch [4/5], Batch [23/300], Loss: 1.0696 (Overall: 0.8877, Change: 1.4220), TF Ratio: 0.815
[2026-06-14 15:44:02,610][root][INFO] - Epoch [4/5], Batch [24/300], Loss: 1.0848 (Overall: 1.1313, Change: 1.7403), TF Ratio: 0.815
[2026-06-14 15:44:02,777][root][INFO] - Epoch [4/5], Batch [25/300], Loss: 1.0769 (Overall: 0.5687, Change: 1.2064), TF Ratio: 0.815
[2026-06-14 15:44:02,951][root][INFO] - Epoch [4/5], Batch [26/300], Loss: 1.0798 (Overall: 0.8779, Change: 1.4248), TF Ratio: 0.815
[2026-06-14 15:44:03,125][root][INFO] - Epoch [4/5], Batch [27/300], Loss: 1.0887 (Overall: 1.0350, Change: 1.6059), TF Ratio: 0.815
[2026-06-14 15:44:03,311][root][INFO] - Epoch [4/5], Batch [28/300], Loss: 1.0897 (Overall: 0.7127, Change: 1.5191), TF Ratio: 0.814
[2026-06-14 15:44:03,487][root][INFO] - Epoch [4/5], Batch [29/300], Loss: 1.0897 (Overall: 0.7191, Change: 1.4626), TF Ratio: 0.814
[2026-06-14 15:44:03,672][root][INFO] - Epoch [4/5], Batch [30/300], Loss: 1.0879 (Overall: 0.5476, Change: 1.5239), TF Ratio: 0.814
[2026-06-14 15:44:03,841][root][INFO] - Epoch [4/5], Batch [31/300], Loss: 1.0814 (Overall: 0.6093, Change: 1.1641), TF Ratio: 0.814
[2026-06-14 15:44:04,001][root][INFO] - Epoch [4/5], Batch [32/300], Loss: 1.0812 (Overall: 0.7278, Change: 1.4183), TF Ratio: 0.814
[2026-06-14 15:44:04,161][root][INFO] - Epoch [4/5], Batch [33/300], Loss: 1.0835 (Overall: 0.6814, Change: 1.6379), TF Ratio: 0.813
[2026-06-14 15:44:04,331][root][INFO] - Epoch [4/5], Batch [34/300], Loss: 1.0933 (Overall: 0.9894, Change: 1.8440), TF Ratio: 0.813
[2026-06-14 15:44:04,518][root][INFO] - Epoch [4/5], Batch [35/300], Loss: 1.0918 (Overall: 0.5685, Change: 1.5071), TF Ratio: 0.813
[2026-06-14 15:44:04,675][root][INFO] - Epoch [4/5], Batch [36/300], Loss: 1.0884 (Overall: 0.7031, Change: 1.2355), TF Ratio: 0.813
[2026-06-14 15:44:04,835][root][INFO] - Epoch [4/5], Batch [37/300], Loss: 1.0858 (Overall: 0.5718, Change: 1.4172), TF Ratio: 0.813
[2026-06-14 15:44:05,003][root][INFO] - Epoch [4/5], Batch [38/300], Loss: 1.0898 (Overall: 0.8716, Change: 1.6031), TF Ratio: 0.812
[2026-06-14 15:44:05,164][root][INFO] - Epoch [4/5], Batch [39/300], Loss: 1.1032 (Overall: 1.2559, Change: 1.9719), TF Ratio: 0.812
[2026-06-14 15:44:05,350][root][INFO] - Epoch [4/5], Batch [40/300], Loss: 1.1008 (Overall: 0.7873, Change: 1.2196), TF Ratio: 0.812
[2026-06-14 15:44:05,515][root][INFO] - Epoch [4/5], Batch [41/300], Loss: 1.0959 (Overall: 0.6830, Change: 1.1224), TF Ratio: 0.812
[2026-06-14 15:44:05,683][root][INFO] - Epoch [4/5], Batch [42/300], Loss: 1.0953 (Overall: 0.8965, Change: 1.2396), TF Ratio: 0.812
[2026-06-14 15:44:05,840][root][INFO] - Epoch [4/5], Batch [43/300], Loss: 1.0923 (Overall: 0.5224, Change: 1.4169), TF Ratio: 0.811
[2026-06-14 15:44:06,036][root][INFO] - Epoch [4/5], Batch [44/300], Loss: 1.0916 (Overall: 0.8848, Change: 1.2320), TF Ratio: 0.811
[2026-06-14 15:44:06,193][root][INFO] - Epoch [4/5], Batch [45/300], Loss: 1.0850 (Overall: 0.6145, Change: 0.9775), TF Ratio: 0.811
[2026-06-14 15:44:06,353][root][INFO] - Epoch [4/5], Batch [46/300], Loss: 1.0861 (Overall: 0.7288, Change: 1.5413), TF Ratio: 0.811
[2026-06-14 15:44:06,531][root][INFO] - Epoch [4/5], Batch [47/300], Loss: 1.0904 (Overall: 0.6892, Change: 1.8876), TF Ratio: 0.811
[2026-06-14 15:44:06,702][root][INFO] - Epoch [4/5], Batch [48/300], Loss: 1.0875 (Overall: 0.5782, Change: 1.3277), TF Ratio: 0.810
[2026-06-14 15:44:06,885][root][INFO] - Epoch [4/5], Batch [49/300], Loss: 1.0928 (Overall: 0.4685, Change: 2.2251), TF Ratio: 0.810
[2026-06-14 15:44:07,059][root][INFO] - Epoch [4/5], Batch [50/300], Loss: 1.0933 (Overall: 0.7091, Change: 1.5214), TF Ratio: 0.810
[2026-06-14 15:44:07,212][root][INFO] - Epoch [4/5], Batch [51/300], Loss: 1.0912 (Overall: 0.7717, Change: 1.2086), TF Ratio: 0.810
[2026-06-14 15:44:07,375][root][INFO] - Epoch [4/5], Batch [52/300], Loss: 1.0928 (Overall: 0.9089, Change: 1.4396), TF Ratio: 0.810
[2026-06-14 15:44:07,539][root][INFO] - Epoch [4/5], Batch [53/300], Loss: 1.0881 (Overall: 0.5806, Change: 1.0995), TF Ratio: 0.809
[2026-06-14 15:44:07,702][root][INFO] - Epoch [4/5], Batch [54/300], Loss: 1.0844 (Overall: 0.5932, Change: 1.1893), TF Ratio: 0.809
[2026-06-14 15:44:07,861][root][INFO] - Epoch [4/5], Batch [55/300], Loss: 1.0824 (Overall: 0.8235, Change: 1.1219), TF Ratio: 0.809
[2026-06-14 15:44:08,023][root][INFO] - Epoch [4/5], Batch [56/300], Loss: 1.0833 (Overall: 0.6812, Change: 1.5869), TF Ratio: 0.809
[2026-06-14 15:44:08,193][root][INFO] - Epoch [4/5], Batch [57/300], Loss: 1.0813 (Overall: 0.4945, Change: 1.4457), TF Ratio: 0.809
[2026-06-14 15:44:08,347][root][INFO] - Epoch [4/5], Batch [58/300], Loss: 1.0782 (Overall: 0.5255, Change: 1.2768), TF Ratio: 0.808
[2026-06-14 15:44:08,501][root][INFO] - Epoch [4/5], Batch [59/300], Loss: 1.0723 (Overall: 0.5404, Change: 0.9172), TF Ratio: 0.808
[2026-06-14 15:44:08,669][root][INFO] - Epoch [4/5], Batch [60/300], Loss: 1.0715 (Overall: 0.6007, Change: 1.4454), TF Ratio: 0.808
[2026-06-14 15:44:08,824][root][INFO] - Epoch [4/5], Batch [61/300], Loss: 1.0751 (Overall: 1.1875, Change: 1.3971), TF Ratio: 0.808
[2026-06-14 15:44:08,978][root][INFO] - Epoch [4/5], Batch [62/300], Loss: 1.0811 (Overall: 1.3898, Change: 1.4988), TF Ratio: 0.808
[2026-06-14 15:44:09,137][root][INFO] - Epoch [4/5], Batch [63/300], Loss: 1.0796 (Overall: 0.6897, Change: 1.2917), TF Ratio: 0.807
[2026-06-14 15:44:09,308][root][INFO] - Epoch [4/5], Batch [64/300], Loss: 1.0800 (Overall: 0.9314, Change: 1.2797), TF Ratio: 0.807
[2026-06-14 15:44:09,462][root][INFO] - Epoch [4/5], Batch [65/300], Loss: 1.0789 (Overall: 0.7480, Change: 1.2619), TF Ratio: 0.807
[2026-06-14 15:44:09,615][root][INFO] - Epoch [4/5], Batch [66/300], Loss: 1.0816 (Overall: 0.9027, Change: 1.6166), TF Ratio: 0.807
[2026-06-14 15:44:09,768][root][INFO] - Epoch [4/5], Batch [67/300], Loss: 1.0813 (Overall: 0.8266, Change: 1.2913), TF Ratio: 0.807
[2026-06-14 15:44:09,923][root][INFO] - Epoch [4/5], Batch [68/300], Loss: 1.0791 (Overall: 1.0189, Change: 0.8496), TF Ratio: 0.806
[2026-06-14 15:44:10,080][root][INFO] - Epoch [4/5], Batch [69/300], Loss: 1.0780 (Overall: 0.6219, Change: 1.3797), TF Ratio: 0.806
[2026-06-14 15:44:10,234][root][INFO] - Epoch [4/5], Batch [70/300], Loss: 1.0788 (Overall: 0.7897, Change: 1.4792), TF Ratio: 0.806
[2026-06-14 15:44:10,390][root][INFO] - Epoch [4/5], Batch [71/300], Loss: 1.0788 (Overall: 0.6955, Change: 1.4681), TF Ratio: 0.806
[2026-06-14 15:44:10,558][root][INFO] - Epoch [4/5], Batch [72/300], Loss: 1.0779 (Overall: 0.5670, Change: 1.4625), TF Ratio: 0.806
[2026-06-14 15:44:10,716][root][INFO] - Epoch [4/5], Batch [73/300], Loss: 1.0782 (Overall: 0.4862, Change: 1.7135), TF Ratio: 0.805
[2026-06-14 15:44:10,869][root][INFO] - Epoch [4/5], Batch [74/300], Loss: 1.0772 (Overall: 0.6437, Change: 1.3642), TF Ratio: 0.805
[2026-06-14 15:44:11,032][root][INFO] - Epoch [4/5], Batch [75/300], Loss: 1.0774 (Overall: 1.0542, Change: 1.1271), TF Ratio: 0.805
[2026-06-14 15:44:11,187][root][INFO] - Epoch [4/5], Batch [76/300], Loss: 1.0775 (Overall: 0.7000, Change: 1.4763), TF Ratio: 0.805
[2026-06-14 15:44:11,342][root][INFO] - Epoch [4/5], Batch [77/300], Loss: 1.0763 (Overall: 0.6088, Change: 1.3469), TF Ratio: 0.805
[2026-06-14 15:44:11,495][root][INFO] - Epoch [4/5], Batch [78/300], Loss: 1.0734 (Overall: 0.7124, Change: 0.9913), TF Ratio: 0.804
[2026-06-14 15:44:11,661][root][INFO] - Epoch [4/5], Batch [79/300], Loss: 1.0749 (Overall: 0.8964, Change: 1.4959), TF Ratio: 0.804
[2026-06-14 15:44:11,823][root][INFO] - Epoch [4/5], Batch [80/300], Loss: 1.0693 (Overall: 0.4079, Change: 0.8345), TF Ratio: 0.804
[2026-06-14 15:44:11,977][root][INFO] - Epoch [4/5], Batch [81/300], Loss: 1.0680 (Overall: 0.5283, Change: 1.4073), TF Ratio: 0.804
[2026-06-14 15:44:12,131][root][INFO] - Epoch [4/5], Batch [82/300], Loss: 1.0676 (Overall: 0.5345, Change: 1.5307), TF Ratio: 0.804
[2026-06-14 15:44:12,300][root][INFO] - Epoch [4/5], Batch [83/300], Loss: 1.0674 (Overall: 0.7699, Change: 1.3443), TF Ratio: 0.803
[2026-06-14 15:44:12,459][root][INFO] - Epoch [4/5], Batch [84/300], Loss: 1.0711 (Overall: 0.8215, Change: 1.9272), TF Ratio: 0.803
[2026-06-14 15:44:12,618][root][INFO] - Epoch [4/5], Batch [85/300], Loss: 1.0756 (Overall: 0.8757, Change: 2.0333), TF Ratio: 0.803
[2026-06-14 15:44:12,773][root][INFO] - Epoch [4/5], Batch [86/300], Loss: 1.0764 (Overall: 0.8226, Change: 1.4677), TF Ratio: 0.803
[2026-06-14 15:44:12,929][root][INFO] - Epoch [4/5], Batch [87/300], Loss: 1.0776 (Overall: 0.8512, Change: 1.5036), TF Ratio: 0.803
[2026-06-14 15:44:13,087][root][INFO] - Epoch [4/5], Batch [88/300], Loss: 1.0786 (Overall: 0.7355, Change: 1.5936), TF Ratio: 0.802
[2026-06-14 15:44:13,245][root][INFO] - Epoch [4/5], Batch [89/300], Loss: 1.0783 (Overall: 0.8315, Change: 1.2819), TF Ratio: 0.802
[2026-06-14 15:44:13,405][root][INFO] - Epoch [4/5], Batch [90/300], Loss: 1.0772 (Overall: 0.8996, Change: 1.0516), TF Ratio: 0.802
[2026-06-14 15:44:13,557][root][INFO] - Epoch [4/5], Batch [91/300], Loss: 1.0778 (Overall: 0.5962, Change: 1.6770), TF Ratio: 0.802
[2026-06-14 15:44:13,724][root][INFO] - Epoch [4/5], Batch [92/300], Loss: 1.0783 (Overall: 0.6299, Change: 1.6098), TF Ratio: 0.802
[2026-06-14 15:44:13,877][root][INFO] - Epoch [4/5], Batch [93/300], Loss: 1.0783 (Overall: 0.8503, Change: 1.3024), TF Ratio: 0.801
[2026-06-14 15:44:14,035][root][INFO] - Epoch [4/5], Batch [94/300], Loss: 1.0797 (Overall: 0.9121, Change: 1.5164), TF Ratio: 0.801
[2026-06-14 15:44:14,188][root][INFO] - Epoch [4/5], Batch [95/300], Loss: 1.0789 (Overall: 0.9888, Change: 1.0239), TF Ratio: 0.801
[2026-06-14 15:44:14,349][root][INFO] - Epoch [4/5], Batch [96/300], Loss: 1.0769 (Overall: 0.7447, Change: 1.0249), TF Ratio: 0.801
[2026-06-14 15:44:14,508][root][INFO] - Epoch [4/5], Batch [97/300], Loss: 1.0787 (Overall: 0.9324, Change: 1.5572), TF Ratio: 0.801
[2026-06-14 15:44:14,665][root][INFO] - Epoch [4/5], Batch [98/300], Loss: 1.0793 (Overall: 0.8791, Change: 1.4057), TF Ratio: 0.800
[2026-06-14 15:44:14,818][root][INFO] - Epoch [4/5], Batch [99/300], Loss: 1.0811 (Overall: 1.0427, Change: 1.4682), TF Ratio: 0.800
[2026-06-14 15:44:14,973][root][INFO] - Epoch [4/5], Batch [100/300], Loss: 1.0810 (Overall: 0.5358, Change: 1.6025), TF Ratio: 0.800
[2026-06-14 15:44:15,128][root][INFO] - Epoch [4/5], Batch [101/300], Loss: 1.0850 (Overall: 1.2214, Change: 1.7637), TF Ratio: 0.800
[2026-06-14 15:44:15,280][root][INFO] - Epoch [4/5], Batch [102/300], Loss: 1.0859 (Overall: 0.7933, Change: 1.5559), TF Ratio: 0.800
[2026-06-14 15:44:15,433][root][INFO] - Epoch [4/5], Batch [103/300], Loss: 1.0856 (Overall: 0.8978, Change: 1.1991), TF Ratio: 0.799
[2026-06-14 15:44:15,605][root][INFO] - Epoch [4/5], Batch [104/300], Loss: 1.0851 (Overall: 0.6307, Change: 1.4415), TF Ratio: 0.799
[2026-06-14 15:44:15,759][root][INFO] - Epoch [4/5], Batch [105/300], Loss: 1.0834 (Overall: 0.8356, Change: 0.9749), TF Ratio: 0.799
[2026-06-14 15:44:15,916][root][INFO] - Epoch [4/5], Batch [106/300], Loss: 1.0825 (Overall: 0.5151, Change: 1.4775), TF Ratio: 0.799
[2026-06-14 15:44:16,091][root][INFO] - Epoch [4/5], Batch [107/300], Loss: 1.0818 (Overall: 0.6390, Change: 1.3577), TF Ratio: 0.799
[2026-06-14 15:44:16,250][root][INFO] - Epoch [4/5], Batch [108/300], Loss: 1.0819 (Overall: 0.6887, Change: 1.5012), TF Ratio: 0.798
[2026-06-14 15:44:16,406][root][INFO] - Epoch [4/5], Batch [109/300], Loss: 1.0843 (Overall: 0.7856, Change: 1.9074), TF Ratio: 0.798
[2026-06-14 15:44:16,559][root][INFO] - Epoch [4/5], Batch [110/300], Loss: 1.0825 (Overall: 0.7390, Change: 1.0268), TF Ratio: 0.798
[2026-06-14 15:44:16,715][root][INFO] - Epoch [4/5], Batch [111/300], Loss: 1.0804 (Overall: 0.6185, Change: 1.0752), TF Ratio: 0.798
[2026-06-14 15:44:16,880][root][INFO] - Epoch [4/5], Batch [112/300], Loss: 1.0802 (Overall: 0.6412, Change: 1.4793), TF Ratio: 0.798
[2026-06-14 15:44:17,033][root][INFO] - Epoch [4/5], Batch [113/300], Loss: 1.0795 (Overall: 0.7054, Change: 1.2969), TF Ratio: 0.797
[2026-06-14 15:44:17,186][root][INFO] - Epoch [4/5], Batch [114/300], Loss: 1.0799 (Overall: 0.8526, Change: 1.4131), TF Ratio: 0.797
[2026-06-14 15:44:17,338][root][INFO] - Epoch [4/5], Batch [115/300], Loss: 1.0768 (Overall: 0.5533, Change: 0.8773), TF Ratio: 0.797
[2026-06-14 15:44:17,526][root][INFO] - Epoch [4/5], Batch [116/300], Loss: 1.0821 (Overall: 1.7169, Change: 1.6796), TF Ratio: 0.797
[2026-06-14 15:44:17,680][root][INFO] - Epoch [4/5], Batch [117/300], Loss: 1.0808 (Overall: 0.6496, Change: 1.2030), TF Ratio: 0.797
[2026-06-14 15:44:17,833][root][INFO] - Epoch [4/5], Batch [118/300], Loss: 1.0801 (Overall: 0.8849, Change: 1.1147), TF Ratio: 0.796
[2026-06-14 15:44:17,995][root][INFO] - Epoch [4/5], Batch [119/300], Loss: 1.0776 (Overall: 0.4394, Change: 1.1224), TF Ratio: 0.796
[2026-06-14 15:44:18,161][root][INFO] - Epoch [4/5], Batch [120/300], Loss: 1.0769 (Overall: 0.7095, Change: 1.2878), TF Ratio: 0.796
[2026-06-14 15:44:18,314][root][INFO] - Epoch [4/5], Batch [121/300], Loss: 1.0760 (Overall: 0.5844, Change: 1.3408), TF Ratio: 0.796
[2026-06-14 15:44:18,468][root][INFO] - Epoch [4/5], Batch [122/300], Loss: 1.0756 (Overall: 0.8039, Change: 1.2615), TF Ratio: 0.796
[2026-06-14 15:44:18,620][root][INFO] - Epoch [4/5], Batch [123/300], Loss: 1.0755 (Overall: 0.6011, Change: 1.5036), TF Ratio: 0.795
[2026-06-14 15:44:18,803][root][INFO] - Epoch [4/5], Batch [124/300], Loss: 1.0798 (Overall: 1.7652, Change: 1.4714), TF Ratio: 0.795
[2026-06-14 15:44:18,962][root][INFO] - Epoch [4/5], Batch [125/300], Loss: 1.0788 (Overall: 0.5531, Change: 1.3534), TF Ratio: 0.795
[2026-06-14 15:44:19,115][root][INFO] - Epoch [4/5], Batch [126/300], Loss: 1.0771 (Overall: 0.5636, Change: 1.1733), TF Ratio: 0.795
[2026-06-14 15:44:19,267][root][INFO] - Epoch [4/5], Batch [127/300], Loss: 1.0748 (Overall: 0.5685, Change: 0.9842), TF Ratio: 0.795
[2026-06-14 15:44:19,423][root][INFO] - Epoch [4/5], Batch [128/300], Loss: 1.0739 (Overall: 0.4415, Change: 1.4894), TF Ratio: 0.794
[2026-06-14 15:44:19,577][root][INFO] - Epoch [4/5], Batch [129/300], Loss: 1.0721 (Overall: 0.6407, Change: 1.0335), TF Ratio: 0.794
[2026-06-14 15:44:19,730][root][INFO] - Epoch [4/5], Batch [130/300], Loss: 1.0709 (Overall: 0.5856, Change: 1.2582), TF Ratio: 0.794
[2026-06-14 15:44:19,883][root][INFO] - Epoch [4/5], Batch [131/300], Loss: 1.0706 (Overall: 0.6829, Change: 1.3645), TF Ratio: 0.794
[2026-06-14 15:44:20,046][root][INFO] - Epoch [4/5], Batch [132/300], Loss: 1.0759 (Overall: 1.6727, Change: 1.8785), TF Ratio: 0.794
[2026-06-14 15:44:20,206][root][INFO] - Epoch [4/5], Batch [133/300], Loss: 1.0760 (Overall: 0.9247, Change: 1.2547), TF Ratio: 0.793
[2026-06-14 15:44:20,360][root][INFO] - Epoch [4/5], Batch [134/300], Loss: 1.0763 (Overall: 0.6260, Change: 1.5915), TF Ratio: 0.793
[2026-06-14 15:44:20,516][root][INFO] - Epoch [4/5], Batch [135/300], Loss: 1.0725 (Overall: 0.6051, Change: 0.5421), TF Ratio: 0.793
[2026-06-14 15:44:20,692][root][INFO] - Epoch [4/5], Batch [136/300], Loss: 1.0713 (Overall: 0.7468, Change: 1.0745), TF Ratio: 0.793
[2026-06-14 15:44:20,850][root][INFO] - Epoch [4/5], Batch [137/300], Loss: 1.0712 (Overall: 0.5244, Change: 1.5786), TF Ratio: 0.793
[2026-06-14 15:44:21,009][root][INFO] - Epoch [4/5], Batch [138/300], Loss: 1.0719 (Overall: 0.7666, Change: 1.5590), TF Ratio: 0.792
[2026-06-14 15:44:21,187][root][INFO] - Epoch [4/5], Batch [139/300], Loss: 1.0708 (Overall: 0.7930, Change: 1.0663), TF Ratio: 0.792
[2026-06-14 15:44:21,349][root][INFO] - Epoch [4/5], Batch [140/300], Loss: 1.0694 (Overall: 0.5721, Change: 1.1774), TF Ratio: 0.792
[2026-06-14 15:44:21,503][root][INFO] - Epoch [4/5], Batch [141/300], Loss: 1.0693 (Overall: 0.8505, Change: 1.2428), TF Ratio: 0.792
[2026-06-14 15:44:21,656][root][INFO] - Epoch [4/5], Batch [142/300], Loss: 1.0695 (Overall: 0.9220, Change: 1.2834), TF Ratio: 0.792
[2026-06-14 15:44:21,809][root][INFO] - Epoch [4/5], Batch [143/300], Loss: 1.0686 (Overall: 0.6093, Change: 1.2619), TF Ratio: 0.791
[2026-06-14 15:44:21,992][root][INFO] - Epoch [4/5], Batch [144/300], Loss: 1.0680 (Overall: 1.0546, Change: 0.9199), TF Ratio: 0.791
[2026-06-14 15:44:22,145][root][INFO] - Epoch [4/5], Batch [145/300], Loss: 1.0675 (Overall: 0.6962, Change: 1.2921), TF Ratio: 0.791
[2026-06-14 15:44:22,298][root][INFO] - Epoch [4/5], Batch [146/300], Loss: 1.0690 (Overall: 0.9175, Change: 1.6442), TF Ratio: 0.791
[2026-06-14 15:44:22,462][root][INFO] - Epoch [4/5], Batch [147/300], Loss: 1.0684 (Overall: 0.6880, Change: 1.2845), TF Ratio: 0.791
[2026-06-14 15:44:22,616][root][INFO] - Epoch [4/5], Batch [148/300], Loss: 1.0694 (Overall: 0.8619, Change: 1.5577), TF Ratio: 0.790
[2026-06-14 15:44:22,770][root][INFO] - Epoch [4/5], Batch [149/300], Loss: 1.0686 (Overall: 0.5899, Change: 1.3090), TF Ratio: 0.790
[2026-06-14 15:44:22,924][root][INFO] - Epoch [4/5], Batch [150/300], Loss: 1.0677 (Overall: 0.5867, Change: 1.3029), TF Ratio: 0.790
[2026-06-14 15:44:23,076][root][INFO] - Epoch [4/5], Batch [151/300], Loss: 1.0679 (Overall: 0.9268, Change: 1.2665), TF Ratio: 0.790
[2026-06-14 15:44:23,239][root][INFO] - Epoch [4/5], Batch [152/300], Loss: 1.0691 (Overall: 0.7129, Change: 1.7804), TF Ratio: 0.790
[2026-06-14 15:44:23,394][root][INFO] - Epoch [4/5], Batch [153/300], Loss: 1.0693 (Overall: 0.7392, Change: 1.4495), TF Ratio: 0.789
[2026-06-14 15:44:23,549][root][INFO] - Epoch [4/5], Batch [154/300], Loss: 1.0672 (Overall: 0.4251, Change: 1.0806), TF Ratio: 0.789
[2026-06-14 15:44:23,703][root][INFO] - Epoch [4/5], Batch [155/300], Loss: 1.0673 (Overall: 0.8625, Change: 1.2853), TF Ratio: 0.789
[2026-06-14 15:44:23,876][root][INFO] - Epoch [4/5], Batch [156/300], Loss: 1.0658 (Overall: 0.6089, Change: 1.0643), TF Ratio: 0.789
[2026-06-14 15:44:24,035][root][INFO] - Epoch [4/5], Batch [157/300], Loss: 1.0656 (Overall: 0.6693, Change: 1.4078), TF Ratio: 0.789
[2026-06-14 15:44:24,685][root][INFO] - Epoch [4/5], Batch [158/300], Loss: 1.0644 (Overall: 0.7613, Change: 0.9885), TF Ratio: 0.788
[2026-06-14 15:44:24,842][root][INFO] - Epoch [4/5], Batch [159/300], Loss: 1.0633 (Overall: 0.6268, Change: 1.1560), TF Ratio: 0.788
[2026-06-14 15:44:24,999][root][INFO] - Epoch [4/5], Batch [160/300], Loss: 1.0633 (Overall: 0.4833, Change: 1.6391), TF Ratio: 0.788
[2026-06-14 15:44:25,155][root][INFO] - Epoch [4/5], Batch [161/300], Loss: 1.0631 (Overall: 0.5927, Change: 1.4757), TF Ratio: 0.788
[2026-06-14 15:44:25,335][root][INFO] - Epoch [4/5], Batch [162/300], Loss: 1.0613 (Overall: 0.5200, Change: 1.0228), TF Ratio: 0.788
[2026-06-14 15:44:25,500][root][INFO] - Epoch [4/5], Batch [163/300], Loss: 1.0621 (Overall: 0.9230, Change: 1.4563), TF Ratio: 0.787
[2026-06-14 15:44:25,656][root][INFO] - Epoch [4/5], Batch [164/300], Loss: 1.0626 (Overall: 0.6703, Change: 1.6071), TF Ratio: 0.787
[2026-06-14 15:44:25,810][root][INFO] - Epoch [4/5], Batch [165/300], Loss: 1.0621 (Overall: 0.5483, Change: 1.4159), TF Ratio: 0.787
[2026-06-14 15:44:25,965][root][INFO] - Epoch [4/5], Batch [166/300], Loss: 1.0617 (Overall: 0.6240, Change: 1.3819), TF Ratio: 0.787
[2026-06-14 15:44:26,119][root][INFO] - Epoch [4/5], Batch [167/300], Loss: 1.0613 (Overall: 0.6509, Change: 1.3486), TF Ratio: 0.787
[2026-06-14 15:44:26,289][root][INFO] - Epoch [4/5], Batch [168/300], Loss: 1.0618 (Overall: 0.7060, Change: 1.5615), TF Ratio: 0.786
[2026-06-14 15:44:26,444][root][INFO] - Epoch [4/5], Batch [169/300], Loss: 1.0616 (Overall: 0.5704, Change: 1.4863), TF Ratio: 0.786
[2026-06-14 15:44:26,597][root][INFO] - Epoch [4/5], Batch [170/300], Loss: 1.0627 (Overall: 1.2430, Change: 1.2628), TF Ratio: 0.786
[2026-06-14 15:44:26,764][root][INFO] - Epoch [4/5], Batch [171/300], Loss: 1.0621 (Overall: 0.6958, Change: 1.2071), TF Ratio: 0.786
[2026-06-14 15:44:26,920][root][INFO] - Epoch [4/5], Batch [172/300], Loss: 1.0612 (Overall: 0.4521, Change: 1.3714), TF Ratio: 0.786
[2026-06-14 15:44:27,086][root][INFO] - Epoch [4/5], Batch [173/300], Loss: 1.0618 (Overall: 0.7977, Change: 1.5486), TF Ratio: 0.785
[2026-06-14 15:44:27,243][root][INFO] - Epoch [4/5], Batch [174/300], Loss: 1.0610 (Overall: 0.4696, Change: 1.3507), TF Ratio: 0.785
[2026-06-14 15:44:27,399][root][INFO] - Epoch [4/5], Batch [175/300], Loss: 1.0597 (Overall: 0.4582, Change: 1.2396), TF Ratio: 0.785
[2026-06-14 15:44:27,561][root][INFO] - Epoch [4/5], Batch [176/300], Loss: 1.0612 (Overall: 0.9018, Change: 1.7258), TF Ratio: 0.785
[2026-06-14 15:44:27,726][root][INFO] - Epoch [4/5], Batch [177/300], Loss: 1.0613 (Overall: 0.8685, Change: 1.2788), TF Ratio: 0.785
[2026-06-14 15:44:27,879][root][INFO] - Epoch [4/5], Batch [178/300], Loss: 1.0614 (Overall: 1.0385, Change: 1.1303), TF Ratio: 0.784
[2026-06-14 15:44:28,033][root][INFO] - Epoch [4/5], Batch [179/300], Loss: 1.0613 (Overall: 0.6416, Change: 1.4422), TF Ratio: 0.784
[2026-06-14 15:44:28,191][root][INFO] - Epoch [4/5], Batch [180/300], Loss: 1.0619 (Overall: 0.8863, Change: 1.4621), TF Ratio: 0.784
[2026-06-14 15:44:28,343][root][INFO] - Epoch [4/5], Batch [181/300], Loss: 1.0603 (Overall: 0.7291, Change: 0.8163), TF Ratio: 0.784
[2026-06-14 15:44:28,495][root][INFO] - Epoch [4/5], Batch [182/300], Loss: 1.0595 (Overall: 0.7627, Change: 1.0705), TF Ratio: 0.784
[2026-06-14 15:44:28,649][root][INFO] - Epoch [4/5], Batch [183/300], Loss: 1.0583 (Overall: 0.5270, Change: 1.1570), TF Ratio: 0.783
[2026-06-14 15:44:28,820][root][INFO] - Epoch [4/5], Batch [184/300], Loss: 1.0587 (Overall: 0.6743, Change: 1.5846), TF Ratio: 0.783
[2026-06-14 15:44:28,985][root][INFO] - Epoch [4/5], Batch [185/300], Loss: 1.0583 (Overall: 0.4559, Change: 1.4925), TF Ratio: 0.783
[2026-06-14 15:44:29,150][root][INFO] - Epoch [4/5], Batch [186/300], Loss: 1.0595 (Overall: 1.0622, Change: 1.5084), TF Ratio: 0.783
[2026-06-14 15:44:29,318][root][INFO] - Epoch [4/5], Batch [187/300], Loss: 1.0606 (Overall: 0.8657, Change: 1.6836), TF Ratio: 0.783
[2026-06-14 15:44:29,472][root][INFO] - Epoch [4/5], Batch [188/300], Loss: 1.0607 (Overall: 0.7467, Change: 1.4177), TF Ratio: 0.782
[2026-06-14 15:44:29,627][root][INFO] - Epoch [4/5], Batch [189/300], Loss: 1.0607 (Overall: 0.8097, Change: 1.2992), TF Ratio: 0.782
[2026-06-14 15:44:29,780][root][INFO] - Epoch [4/5], Batch [190/300], Loss: 1.0609 (Overall: 0.8596, Change: 1.3427), TF Ratio: 0.782
[2026-06-14 15:44:29,933][root][INFO] - Epoch [4/5], Batch [191/300], Loss: 1.0617 (Overall: 0.8271, Change: 1.5828), TF Ratio: 0.782
[2026-06-14 15:44:30,095][root][INFO] - Epoch [4/5], Batch [192/300], Loss: 1.0603 (Overall: 0.4287, Change: 1.1665), TF Ratio: 0.782
[2026-06-14 15:44:30,256][root][INFO] - Epoch [4/5], Batch [193/300], Loss: 1.0600 (Overall: 0.6789, Change: 1.3108), TF Ratio: 0.781
[2026-06-14 15:44:30,409][root][INFO] - Epoch [4/5], Batch [194/300], Loss: 1.0606 (Overall: 1.2510, Change: 1.0973), TF Ratio: 0.781
[2026-06-14 15:44:30,561][root][INFO] - Epoch [4/5], Batch [195/300], Loss: 1.0599 (Overall: 0.5029, Change: 1.3620), TF Ratio: 0.781
[2026-06-14 15:44:30,716][root][INFO] - Epoch [4/5], Batch [196/300], Loss: 1.0595 (Overall: 0.6473, Change: 1.3203), TF Ratio: 0.781
[2026-06-14 15:44:30,873][root][INFO] - Epoch [4/5], Batch [197/300], Loss: 1.0591 (Overall: 0.6171, Change: 1.3280), TF Ratio: 0.781
[2026-06-14 15:44:31,034][root][INFO] - Epoch [4/5], Batch [198/300], Loss: 1.0575 (Overall: 0.5318, Change: 0.9533), TF Ratio: 0.780
[2026-06-14 15:44:31,190][root][INFO] - Epoch [4/5], Batch [199/300], Loss: 1.0575 (Overall: 0.6800, Change: 1.4505), TF Ratio: 0.780
[2026-06-14 15:44:31,348][root][INFO] - Epoch [4/5], Batch [200/300], Loss: 1.0560 (Overall: 0.4681, Change: 1.0591), TF Ratio: 0.780
[2026-06-14 15:44:31,510][root][INFO] - Epoch [4/5], Batch [201/300], Loss: 1.0552 (Overall: 0.4704, Change: 1.3188), TF Ratio: 0.780
[2026-06-14 15:44:31,666][root][INFO] - Epoch [4/5], Batch [202/300], Loss: 1.0562 (Overall: 0.8542, Change: 1.6350), TF Ratio: 0.780
[2026-06-14 15:44:31,819][root][INFO] - Epoch [4/5], Batch [203/300], Loss: 1.0564 (Overall: 0.7954, Change: 1.4006), TF Ratio: 0.779
[2026-06-14 15:44:31,990][root][INFO] - Epoch [4/5], Batch [204/300], Loss: 1.0574 (Overall: 0.9473, Change: 1.6012), TF Ratio: 0.779
[2026-06-14 15:44:32,157][root][INFO] - Epoch [4/5], Batch [205/300], Loss: 1.0590 (Overall: 1.1931, Change: 1.5511), TF Ratio: 0.779
[2026-06-14 15:44:32,312][root][INFO] - Epoch [4/5], Batch [206/300], Loss: 1.0582 (Overall: 0.4770, Change: 1.3369), TF Ratio: 0.779
[2026-06-14 15:44:32,466][root][INFO] - Epoch [4/5], Batch [207/300], Loss: 1.0571 (Overall: 0.6773, Change: 0.9829), TF Ratio: 0.779
[2026-06-14 15:44:32,621][root][INFO] - Epoch [4/5], Batch [208/300], Loss: 1.0561 (Overall: 0.8040, Change: 0.8699), TF Ratio: 0.778
[2026-06-14 15:44:32,774][root][INFO] - Epoch [4/5], Batch [209/300], Loss: 1.0553 (Overall: 0.6476, Change: 1.1194), TF Ratio: 0.778
[2026-06-14 15:44:32,935][root][INFO] - Epoch [4/5], Batch [210/300], Loss: 1.0545 (Overall: 0.8146, Change: 0.9696), TF Ratio: 0.778
[2026-06-14 15:44:33,098][root][INFO] - Epoch [4/5], Batch [211/300], Loss: 1.0536 (Overall: 0.5622, Change: 1.1914), TF Ratio: 0.778
[2026-06-14 15:44:33,252][root][INFO] - Epoch [4/5], Batch [212/300], Loss: 1.0536 (Overall: 0.7420, Change: 1.3368), TF Ratio: 0.778
[2026-06-14 15:44:33,405][root][INFO] - Epoch [4/5], Batch [213/300], Loss: 1.0535 (Overall: 0.8453, Change: 1.2283), TF Ratio: 0.777
[2026-06-14 15:44:33,571][root][INFO] - Epoch [4/5], Batch [214/300], Loss: 1.0539 (Overall: 1.2196, Change: 1.0634), TF Ratio: 0.777
[2026-06-14 15:44:33,724][root][INFO] - Epoch [4/5], Batch [215/300], Loss: 1.0543 (Overall: 0.6982, Change: 1.5849), TF Ratio: 0.777
[2026-06-14 15:44:33,881][root][INFO] - Epoch [4/5], Batch [216/300], Loss: 1.0544 (Overall: 0.9894, Change: 1.1564), TF Ratio: 0.777
[2026-06-14 15:44:34,035][root][INFO] - Epoch [4/5], Batch [217/300], Loss: 1.0543 (Overall: 0.4714, Change: 1.5846), TF Ratio: 0.777
[2026-06-14 15:44:34,194][root][INFO] - Epoch [4/5], Batch [218/300], Loss: 1.0545 (Overall: 0.8114, Change: 1.3908), TF Ratio: 0.776
[2026-06-14 15:44:34,352][root][INFO] - Epoch [4/5], Batch [219/300], Loss: 1.0547 (Overall: 0.7223, Change: 1.4990), TF Ratio: 0.776
[2026-06-14 15:44:34,514][root][INFO] - Epoch [4/5], Batch [220/300], Loss: 1.0543 (Overall: 0.5269, Change: 1.3954), TF Ratio: 0.776
[2026-06-14 15:44:34,668][root][INFO] - Epoch [4/5], Batch [221/300], Loss: 1.0535 (Overall: 0.6610, Change: 1.0632), TF Ratio: 0.776
[2026-06-14 15:44:34,821][root][INFO] - Epoch [4/5], Batch [222/300], Loss: 1.0534 (Overall: 0.7719, Change: 1.2895), TF Ratio: 0.776
[2026-06-14 15:44:34,985][root][INFO] - Epoch [4/5], Batch [223/300], Loss: 1.0540 (Overall: 0.5950, Change: 1.7824), TF Ratio: 0.775
[2026-06-14 15:44:35,139][root][INFO] - Epoch [4/5], Batch [224/300], Loss: 1.0552 (Overall: 1.0435, Change: 1.6241), TF Ratio: 0.775
[2026-06-14 15:44:35,294][root][INFO] - Epoch [4/5], Batch [225/300], Loss: 1.0542 (Overall: 0.5010, Change: 1.1707), TF Ratio: 0.775
[2026-06-14 15:44:35,448][root][INFO] - Epoch [4/5], Batch [226/300], Loss: 1.0563 (Overall: 1.1104, Change: 1.9250), TF Ratio: 0.775
[2026-06-14 15:44:35,608][root][INFO] - Epoch [4/5], Batch [227/300], Loss: 1.0556 (Overall: 0.6962, Change: 1.1200), TF Ratio: 0.775
[2026-06-14 15:44:35,765][root][INFO] - Epoch [4/5], Batch [228/300], Loss: 1.0551 (Overall: 0.6387, Change: 1.2337), TF Ratio: 0.774
[2026-06-14 15:44:35,927][root][INFO] - Epoch [4/5], Batch [229/300], Loss: 1.0554 (Overall: 0.8144, Change: 1.4291), TF Ratio: 0.774
[2026-06-14 15:44:36,093][root][INFO] - Epoch [4/5], Batch [230/300], Loss: 1.0541 (Overall: 0.5372, Change: 0.9960), TF Ratio: 0.774
[2026-06-14 15:44:36,248][root][INFO] - Epoch [4/5], Batch [231/300], Loss: 1.0558 (Overall: 1.4021, Change: 1.4522), TF Ratio: 0.774
[2026-06-14 15:44:36,411][root][INFO] - Epoch [4/5], Batch [232/300], Loss: 1.0562 (Overall: 0.6760, Change: 1.6236), TF Ratio: 0.774
[2026-06-14 15:44:36,565][root][INFO] - Epoch [4/5], Batch [233/300], Loss: 1.0559 (Overall: 0.6701, Change: 1.3314), TF Ratio: 0.773
[2026-06-14 15:44:36,726][root][INFO] - Epoch [4/5], Batch [234/300], Loss: 1.0559 (Overall: 0.9789, Change: 1.1210), TF Ratio: 0.773
[2026-06-14 15:44:36,892][root][INFO] - Epoch [4/5], Batch [235/300], Loss: 1.0557 (Overall: 0.6051, Change: 1.4364), TF Ratio: 0.773
[2026-06-14 15:44:37,045][root][INFO] - Epoch [4/5], Batch [236/300], Loss: 1.0549 (Overall: 0.6534, Change: 1.0807), TF Ratio: 0.773
[2026-06-14 15:44:37,199][root][INFO] - Epoch [4/5], Batch [237/300], Loss: 1.0551 (Overall: 0.9839, Change: 1.2150), TF Ratio: 0.773
[2026-06-14 15:44:37,351][root][INFO] - Epoch [4/5], Batch [238/300], Loss: 1.0545 (Overall: 0.8035, Change: 1.0105), TF Ratio: 0.772
[2026-06-14 15:44:37,512][root][INFO] - Epoch [4/5], Batch [239/300], Loss: 1.0549 (Overall: 0.7699, Change: 1.5010), TF Ratio: 0.772
[2026-06-14 15:44:37,669][root][INFO] - Epoch [4/5], Batch [240/300], Loss: 1.0550 (Overall: 0.6567, Change: 1.5024), TF Ratio: 0.772
[2026-06-14 15:44:37,830][root][INFO] - Epoch [4/5], Batch [241/300], Loss: 1.0552 (Overall: 0.7688, Change: 1.4503), TF Ratio: 0.772
[2026-06-14 15:44:37,982][root][INFO] - Epoch [4/5], Batch [242/300], Loss: 1.0556 (Overall: 0.7127, Change: 1.6146), TF Ratio: 0.772
[2026-06-14 15:44:38,136][root][INFO] - Epoch [4/5], Batch [243/300], Loss: 1.0558 (Overall: 0.7816, Change: 1.4350), TF Ratio: 0.771
[2026-06-14 15:44:38,290][root][INFO] - Epoch [4/5], Batch [244/300], Loss: 1.0560 (Overall: 0.6134, Change: 1.5551), TF Ratio: 0.771
[2026-06-14 15:44:38,450][root][INFO] - Epoch [4/5], Batch [245/300], Loss: 1.0548 (Overall: 0.4375, Change: 1.1068), TF Ratio: 0.771
[2026-06-14 15:44:38,603][root][INFO] - Epoch [4/5], Batch [246/300], Loss: 1.0556 (Overall: 0.5430, Change: 1.9475), TF Ratio: 0.771
[2026-06-14 15:44:38,755][root][INFO] - Epoch [4/5], Batch [247/300], Loss: 1.0556 (Overall: 0.6412, Change: 1.4898), TF Ratio: 0.771
[2026-06-14 15:44:38,909][root][INFO] - Epoch [4/5], Batch [248/300], Loss: 1.0550 (Overall: 0.5079, Change: 1.2971), TF Ratio: 0.770
[2026-06-14 15:44:39,062][root][INFO] - Epoch [4/5], Batch [249/300], Loss: 1.0545 (Overall: 0.7718, Change: 1.0782), TF Ratio: 0.770
[2026-06-14 15:44:39,215][root][INFO] - Epoch [4/5], Batch [250/300], Loss: 1.0534 (Overall: 0.8631, Change: 0.7055), TF Ratio: 0.770
[2026-06-14 15:44:39,380][root][INFO] - Epoch [4/5], Batch [251/300], Loss: 1.0527 (Overall: 0.6363, Change: 1.1052), TF Ratio: 0.770
[2026-06-14 15:44:39,539][root][INFO] - Epoch [4/5], Batch [252/300], Loss: 1.0525 (Overall: 0.5884, Change: 1.4351), TF Ratio: 0.770
[2026-06-14 15:44:39,707][root][INFO] - Epoch [4/5], Batch [253/300], Loss: 1.0521 (Overall: 0.6266, Change: 1.2924), TF Ratio: 0.769
[2026-06-14 15:44:39,859][root][INFO] - Epoch [4/5], Batch [254/300], Loss: 1.0520 (Overall: 0.8531, Change: 1.1846), TF Ratio: 0.769
[2026-06-14 15:44:40,013][root][INFO] - Epoch [4/5], Batch [255/300], Loss: 1.0519 (Overall: 0.7999, Change: 1.2661), TF Ratio: 0.769
[2026-06-14 15:44:40,181][root][INFO] - Epoch [4/5], Batch [256/300], Loss: 1.0525 (Overall: 0.7812, Change: 1.6021), TF Ratio: 0.769
[2026-06-14 15:44:40,335][root][INFO] - Epoch [4/5], Batch [257/300], Loss: 1.0519 (Overall: 0.5317, Change: 1.2789), TF Ratio: 0.769
[2026-06-14 15:44:40,487][root][INFO] - Epoch [4/5], Batch [258/300], Loss: 1.0517 (Overall: 0.7819, Change: 1.2275), TF Ratio: 0.768
[2026-06-14 15:44:40,639][root][INFO] - Epoch [4/5], Batch [259/300], Loss: 1.0532 (Overall: 0.8834, Change: 1.9843), TF Ratio: 0.768
[2026-06-14 15:44:40,816][root][INFO] - Epoch [4/5], Batch [260/300], Loss: 1.0527 (Overall: 0.6898, Change: 1.1370), TF Ratio: 0.768
[2026-06-14 15:44:40,969][root][INFO] - Epoch [4/5], Batch [261/300], Loss: 1.0525 (Overall: 0.6126, Change: 1.3956), TF Ratio: 0.768
[2026-06-14 15:44:41,122][root][INFO] - Epoch [4/5], Batch [262/300], Loss: 1.0528 (Overall: 0.7285, Change: 1.5405), TF Ratio: 0.768
[2026-06-14 15:44:41,276][root][INFO] - Epoch [4/5], Batch [263/300], Loss: 1.0556 (Overall: 1.6863, Change: 1.8727), TF Ratio: 0.767
[2026-06-14 15:44:41,436][root][INFO] - Epoch [4/5], Batch [264/300], Loss: 1.0560 (Overall: 0.9685, Change: 1.3787), TF Ratio: 0.767
[2026-06-14 15:44:41,595][root][INFO] - Epoch [4/5], Batch [265/300], Loss: 1.0566 (Overall: 0.8415, Change: 1.6109), TF Ratio: 0.767
[2026-06-14 15:44:41,751][root][INFO] - Epoch [4/5], Batch [266/300], Loss: 1.0566 (Overall: 0.6525, Change: 1.4260), TF Ratio: 0.767
[2026-06-14 15:44:41,920][root][INFO] - Epoch [4/5], Batch [267/300], Loss: 1.0557 (Overall: 0.7238, Change: 0.9295), TF Ratio: 0.767
[2026-06-14 15:44:42,075][root][INFO] - Epoch [4/5], Batch [268/300], Loss: 1.0556 (Overall: 0.8635, Change: 1.1891), TF Ratio: 0.766
[2026-06-14 15:44:42,230][root][INFO] - Epoch [4/5], Batch [269/300], Loss: 1.0563 (Overall: 1.0069, Change: 1.4580), TF Ratio: 0.766
[2026-06-14 15:44:42,382][root][INFO] - Epoch [4/5], Batch [270/300], Loss: 1.0573 (Overall: 1.1041, Change: 1.5541), TF Ratio: 0.766
[2026-06-14 15:44:42,535][root][INFO] - Epoch [4/5], Batch [271/300], Loss: 1.0573 (Overall: 0.6179, Change: 1.4991), TF Ratio: 0.766
[2026-06-14 15:44:42,701][root][INFO] - Epoch [4/5], Batch [272/300], Loss: 1.0578 (Overall: 0.7662, Change: 1.6224), TF Ratio: 0.766
[2026-06-14 15:44:42,853][root][INFO] - Epoch [4/5], Batch [273/300], Loss: 1.0582 (Overall: 0.8572, Change: 1.4822), TF Ratio: 0.765
[2026-06-14 15:44:43,006][root][INFO] - Epoch [4/5], Batch [274/300], Loss: 1.0575 (Overall: 0.5286, Change: 1.1952), TF Ratio: 0.765
[2026-06-14 15:44:43,158][root][INFO] - Epoch [4/5], Batch [275/300], Loss: 1.0568 (Overall: 0.6348, Change: 1.0885), TF Ratio: 0.765
[2026-06-14 15:44:43,314][root][INFO] - Epoch [4/5], Batch [276/300], Loss: 1.0568 (Overall: 0.8960, Change: 1.2443), TF Ratio: 0.765
[2026-06-14 15:44:43,468][root][INFO] - Epoch [4/5], Batch [277/300], Loss: 1.0567 (Overall: 0.6338, Change: 1.4351), TF Ratio: 0.765
[2026-06-14 15:44:43,636][root][INFO] - Epoch [4/5], Batch [278/300], Loss: 1.0563 (Overall: 0.7753, Change: 1.0864), TF Ratio: 0.764
[2026-06-14 15:44:43,790][root][INFO] - Epoch [4/5], Batch [279/300], Loss: 1.0567 (Overall: 1.0584, Change: 1.2777), TF Ratio: 0.764
[2026-06-14 15:44:43,958][root][INFO] - Epoch [4/5], Batch [280/300], Loss: 1.0564 (Overall: 0.9003, Change: 1.0536), TF Ratio: 0.764
[2026-06-14 15:44:44,112][root][INFO] - Epoch [4/5], Batch [281/300], Loss: 1.0554 (Overall: 0.5740, Change: 0.9986), TF Ratio: 0.764
[2026-06-14 15:44:44,277][root][INFO] - Epoch [4/5], Batch [282/300], Loss: 1.0554 (Overall: 0.7711, Change: 1.3096), TF Ratio: 0.764
[2026-06-14 15:44:44,438][root][INFO] - Epoch [4/5], Batch [283/300], Loss: 1.0555 (Overall: 0.6270, Change: 1.5299), TF Ratio: 0.763
[2026-06-14 15:44:44,600][root][INFO] - Epoch [4/5], Batch [284/300], Loss: 1.0558 (Overall: 1.1523, Change: 1.1415), TF Ratio: 0.763
[2026-06-14 15:44:44,754][root][INFO] - Epoch [4/5], Batch [285/300], Loss: 1.0542 (Overall: 0.5476, Change: 0.6602), TF Ratio: 0.763
[2026-06-14 15:44:44,914][root][INFO] - Epoch [4/5], Batch [286/300], Loss: 1.0544 (Overall: 0.7458, Change: 1.4757), TF Ratio: 0.763
[2026-06-14 15:44:45,069][root][INFO] - Epoch [4/5], Batch [287/300], Loss: 1.0538 (Overall: 0.5306, Change: 1.2234), TF Ratio: 0.763
[2026-06-14 15:44:45,239][root][INFO] - Epoch [4/5], Batch [288/300], Loss: 1.0524 (Overall: 0.6336, Change: 0.6753), TF Ratio: 0.762
[2026-06-14 15:44:45,394][root][INFO] - Epoch [4/5], Batch [289/300], Loss: 1.0510 (Overall: 0.4160, Change: 0.8881), TF Ratio: 0.762
[2026-06-14 15:44:45,546][root][INFO] - Epoch [4/5], Batch [290/300], Loss: 1.0520 (Overall: 0.9399, Change: 1.7472), TF Ratio: 0.762
[2026-06-14 15:44:45,711][root][INFO] - Epoch [4/5], Batch [291/300], Loss: 1.0525 (Overall: 1.2732, Change: 1.1394), TF Ratio: 0.762
[2026-06-14 15:44:45,876][root][INFO] - Epoch [4/5], Batch [292/300], Loss: 1.0524 (Overall: 0.6075, Change: 1.3979), TF Ratio: 0.762
[2026-06-14 15:44:46,031][root][INFO] - Epoch [4/5], Batch [293/300], Loss: 1.0520 (Overall: 0.5277, Change: 1.3591), TF Ratio: 0.761
[2026-06-14 15:44:46,185][root][INFO] - Epoch [4/5], Batch [294/300], Loss: 1.0523 (Overall: 0.4432, Change: 1.8421), TF Ratio: 0.761
[2026-06-14 15:44:46,343][root][INFO] - Epoch [4/5], Batch [295/300], Loss: 1.0515 (Overall: 0.5388, Change: 1.0674), TF Ratio: 0.761
[2026-06-14 15:44:46,515][root][INFO] - Epoch [4/5], Batch [296/300], Loss: 1.0520 (Overall: 0.5504, Change: 1.8915), TF Ratio: 0.761
[2026-06-14 15:44:46,677][root][INFO] - Epoch [4/5], Batch [297/300], Loss: 1.0520 (Overall: 0.9074, Change: 1.1789), TF Ratio: 0.761
[2026-06-14 15:44:46,836][root][INFO] - Epoch [4/5], Batch [298/300], Loss: 1.0529 (Overall: 1.1300, Change: 1.5018), TF Ratio: 0.760
[2026-06-14 15:44:46,992][root][INFO] - Epoch [4/5], Batch [299/300], Loss: 1.0541 (Overall: 1.1239, Change: 1.6890), TF Ratio: 0.760
[2026-06-14 15:44:47,149][root][INFO] - Epoch [4/5], Batch [300/300], Loss: 1.0546 (Overall: 1.0116, Change: 1.3866), TF Ratio: 0.760
[2026-06-14 15:44:48,207][root][INFO] - Epoch 4 done. Validating...
[2026-06-14 15:44:55,869][root][INFO] - Epoch [4/5] | Train: 1.0548 | Val: 0.6787
[2026-06-14 15:44:56,125][root][INFO] - Checkpoint saved: /gpfs/scratch/bsc32/bsc096444/ai4land-tfm/trained_models/unet_impl/41788809/best_model.pth
[2026-06-14 15:44:56,396][root][INFO] - Checkpoint saved: /gpfs/scratch/bsc32/bsc096444/ai4land-tfm/trained_models/unet_impl/41788809/model_epoch_4.pth
[2026-06-14 15:45:00,248][root][INFO] - Epoch [5/5], Batch [1/300], Loss: 1.2878 (Overall: 0.6537, Change: 1.9219), TF Ratio: 0.760
[2026-06-14 15:45:01,699][root][INFO] - Epoch [5/5], Batch [2/300], Loss: 1.2854 (Overall: 0.7746, Change: 1.7916), TF Ratio: 0.760
[2026-06-14 15:45:01,881][root][INFO] - Epoch [5/5], Batch [3/300], Loss: 1.1899 (Overall: 0.7263, Change: 1.2711), TF Ratio: 0.759
[2026-06-14 15:45:02,607][root][INFO] - Epoch [5/5], Batch [4/300], Loss: 1.1457 (Overall: 0.4518, Change: 1.5748), TF Ratio: 0.759
[2026-06-14 15:45:02,766][root][INFO] - Epoch [5/5], Batch [5/300], Loss: 1.1538 (Overall: 0.9546, Change: 1.4175), TF Ratio: 0.759
[2026-06-14 15:45:02,922][root][INFO] - Epoch [5/5], Batch [6/300], Loss: 1.1476 (Overall: 0.7402, Change: 1.4926), TF Ratio: 0.759
[2026-06-14 15:45:03,084][root][INFO] - Epoch [5/5], Batch [7/300], Loss: 1.1255 (Overall: 0.5541, Change: 1.4319), TF Ratio: 0.759
[2026-06-14 15:45:03,268][root][INFO] - Epoch [5/5], Batch [8/300], Loss: 1.0791 (Overall: 0.6622, Change: 0.8474), TF Ratio: 0.758
[2026-06-14 15:45:03,427][root][INFO] - Epoch [5/5], Batch [9/300], Loss: 1.0421 (Overall: 0.5605, Change: 0.9319), TF Ratio: 0.758
[2026-06-14 15:45:03,585][root][INFO] - Epoch [5/5], Batch [10/300], Loss: 1.0512 (Overall: 0.8815, Change: 1.3829), TF Ratio: 0.758
[2026-06-14 15:45:03,752][root][INFO] - Epoch [5/5], Batch [11/300], Loss: 1.0413 (Overall: 0.5887, Change: 1.2970), TF Ratio: 0.758
[2026-06-14 15:45:03,927][root][INFO] - Epoch [5/5], Batch [12/300], Loss: 1.0363 (Overall: 0.5532, Change: 1.4100), TF Ratio: 0.758
[2026-06-14 15:45:04,098][root][INFO] - Epoch [5/5], Batch [13/300], Loss: 1.0177 (Overall: 0.7050, Change: 0.8839), TF Ratio: 0.757
[2026-06-14 15:45:04,256][root][INFO] - Epoch [5/5], Batch [14/300], Loss: 1.0218 (Overall: 0.8529, Change: 1.2968), TF Ratio: 0.757
[2026-06-14 15:45:04,411][root][INFO] - Epoch [5/5], Batch [15/300], Loss: 1.0346 (Overall: 1.0331, Change: 1.3946), TF Ratio: 0.757
[2026-06-14 15:45:04,603][root][INFO] - Epoch [5/5], Batch [16/300], Loss: 1.0436 (Overall: 0.9492, Change: 1.4067), TF Ratio: 0.757
[2026-06-14 15:45:04,761][root][INFO] - Epoch [5/5], Batch [17/300], Loss: 1.0540 (Overall: 0.9369, Change: 1.5049), TF Ratio: 0.757
[2026-06-14 15:45:04,917][root][INFO] - Epoch [5/5], Batch [18/300], Loss: 1.0449 (Overall: 0.7348, Change: 1.0449), TF Ratio: 0.756
[2026-06-14 15:45:05,082][root][INFO] - Epoch [5/5], Batch [19/300], Loss: 1.0545 (Overall: 0.9777, Change: 1.4768), TF Ratio: 0.756
[2026-06-14 15:45:05,283][root][INFO] - Epoch [5/5], Batch [20/300], Loss: 1.0536 (Overall: 0.5932, Change: 1.4792), TF Ratio: 0.756
[2026-06-14 15:45:05,463][root][INFO] - Epoch [5/5], Batch [21/300], Loss: 1.0476 (Overall: 0.6053, Change: 1.2522), TF Ratio: 0.756
[2026-06-14 15:45:05,622][root][INFO] - Epoch [5/5], Batch [22/300], Loss: 1.0575 (Overall: 0.9241, Change: 1.6076), TF Ratio: 0.756
[2026-06-14 15:45:05,796][root][INFO] - Epoch [5/5], Batch [23/300], Loss: 1.0553 (Overall: 0.7788, Change: 1.2318), TF Ratio: 0.755
[2026-06-14 15:45:06,634][root][INFO] - Epoch [5/5], Batch [24/300], Loss: 1.0610 (Overall: 0.8184, Change: 1.5689), TF Ratio: 0.755
[2026-06-14 15:45:06,796][root][INFO] - Epoch [5/5], Batch [25/300], Loss: 1.0567 (Overall: 0.4794, Change: 1.4284), TF Ratio: 0.755
[2026-06-14 15:45:06,970][root][INFO] - Epoch [5/5], Batch [26/300], Loss: 1.0611 (Overall: 1.0465, Change: 1.2917), TF Ratio: 0.755
[2026-06-14 15:45:07,140][root][INFO] - Epoch [5/5], Batch [27/300], Loss: 1.0605 (Overall: 0.6457, Change: 1.4456), TF Ratio: 0.755
[2026-06-14 15:45:07,318][root][INFO] - Epoch [5/5], Batch [28/300], Loss: 1.0577 (Overall: 0.5963, Change: 1.3653), TF Ratio: 0.754
[2026-06-14 15:45:07,492][root][INFO] - Epoch [5/5], Batch [29/300], Loss: 1.0609 (Overall: 0.8582, Change: 1.4428), TF Ratio: 0.754
[2026-06-14 15:45:07,660][root][INFO] - Epoch [5/5], Batch [30/300], Loss: 1.0607 (Overall: 0.6855, Change: 1.4269), TF Ratio: 0.754
[2026-06-14 15:45:07,815][root][INFO] - Epoch [5/5], Batch [31/300], Loss: 1.0605 (Overall: 0.7910, Change: 1.3165), TF Ratio: 0.754
[2026-06-14 15:45:07,982][root][INFO] - Epoch [5/5], Batch [32/300], Loss: 1.0583 (Overall: 0.7647, Change: 1.2173), TF Ratio: 0.754
[2026-06-14 15:45:08,154][root][INFO] - Epoch [5/5], Batch [33/300], Loss: 1.0556 (Overall: 0.5752, Change: 1.3648), TF Ratio: 0.753
[2026-06-14 15:45:08,311][root][INFO] - Epoch [5/5], Batch [34/300], Loss: 1.0507 (Overall: 0.5827, Change: 1.1931), TF Ratio: 0.753
[2026-06-14 15:45:08,482][root][INFO] - Epoch [5/5], Batch [35/300], Loss: 1.0573 (Overall: 1.1446, Change: 1.4208), TF Ratio: 0.753
[2026-06-14 15:45:08,652][root][INFO] - Epoch [5/5], Batch [36/300], Loss: 1.0564 (Overall: 0.6162, Change: 1.4284), TF Ratio: 0.753
[2026-06-14 15:45:08,812][root][INFO] - Epoch [5/5], Batch [37/300], Loss: 1.0599 (Overall: 0.8204, Change: 1.5569), TF Ratio: 0.753
[2026-06-14 15:45:08,973][root][INFO] - Epoch [5/5], Batch [38/300], Loss: 1.0617 (Overall: 0.6542, Change: 1.5985), TF Ratio: 0.752
[2026-06-14 15:45:09,166][root][INFO] - Epoch [5/5], Batch [39/300], Loss: 1.0585 (Overall: 0.6159, Change: 1.2631), TF Ratio: 0.752
[2026-06-14 15:45:09,340][root][INFO] - Epoch [5/5], Batch [40/300], Loss: 1.0584 (Overall: 0.7459, Change: 1.3629), TF Ratio: 0.752
[2026-06-14 15:45:09,497][root][INFO] - Epoch [5/5], Batch [41/300], Loss: 1.0569 (Overall: 0.6048, Change: 1.3873), TF Ratio: 0.752
[2026-06-14 15:45:09,652][root][INFO] - Epoch [5/5], Batch [42/300], Loss: 1.0586 (Overall: 0.6973, Change: 1.5602), TF Ratio: 0.752
[2026-06-14 15:45:09,809][root][INFO] - Epoch [5/5], Batch [43/300], Loss: 1.0576 (Overall: 0.5306, Change: 1.5009), TF Ratio: 0.751
[2026-06-14 15:45:10,016][root][INFO] - Epoch [5/5], Batch [44/300], Loss: 1.0528 (Overall: 0.9261, Change: 0.7638), TF Ratio: 0.751
[2026-06-14 15:45:10,187][root][INFO] - Epoch [5/5], Batch [45/300], Loss: 1.0492 (Overall: 0.6877, Change: 1.0937), TF Ratio: 0.751
[2026-06-14 15:45:10,361][root][INFO] - Epoch [5/5], Batch [46/300], Loss: 1.0428 (Overall: 0.4610, Change: 1.0514), TF Ratio: 0.751
[2026-06-14 15:45:10,523][root][INFO] - Epoch [5/5], Batch [47/300], Loss: 1.0394 (Overall: 0.6067, Change: 1.1552), TF Ratio: 0.751
[2026-06-14 15:45:10,695][root][INFO] - Epoch [5/5], Batch [48/300], Loss: 1.0455 (Overall: 0.7224, Change: 1.9416), TF Ratio: 0.750
[2026-06-14 15:45:10,860][root][INFO] - Epoch [5/5], Batch [49/300], Loss: 1.0402 (Overall: 0.4887, Change: 1.0838), TF Ratio: 0.750
[2026-06-14 15:45:11,022][root][INFO] - Epoch [5/5], Batch [50/300], Loss: 1.0392 (Overall: 0.5268, Change: 1.4589), TF Ratio: 0.750
[2026-06-14 15:45:11,176][root][INFO] - Epoch [5/5], Batch [51/300], Loss: 1.0392 (Overall: 0.6543, Change: 1.4152), TF Ratio: 0.750
[2026-06-14 15:45:11,354][root][INFO] - Epoch [5/5], Batch [52/300], Loss: 1.0374 (Overall: 0.5527, Change: 1.3426), TF Ratio: 0.750
[2026-06-14 15:45:11,526][root][INFO] - Epoch [5/5], Batch [53/300], Loss: 1.0346 (Overall: 0.7722, Change: 1.0061), TF Ratio: 0.749
[2026-06-14 15:45:11,701][root][INFO] - Epoch [5/5], Batch [54/300], Loss: 1.0468 (Overall: 0.5749, Change: 2.8070), TF Ratio: 0.749
[2026-06-14 15:45:11,883][root][INFO] - Epoch [5/5], Batch [55/300], Loss: 1.0478 (Overall: 0.9608, Change: 1.2442), TF Ratio: 0.749
[2026-06-14 15:45:12,038][root][INFO] - Epoch [5/5], Batch [56/300], Loss: 1.0464 (Overall: 0.4570, Change: 1.4809), TF Ratio: 0.749
[2026-06-14 15:45:12,197][root][INFO] - Epoch [5/5], Batch [57/300], Loss: 1.0410 (Overall: 0.5661, Change: 0.9168), TF Ratio: 0.749
[2026-06-14 15:45:12,350][root][INFO] - Epoch [5/5], Batch [58/300], Loss: 1.0354 (Overall: 0.4231, Change: 1.0098), TF Ratio: 0.748
[2026-06-14 15:45:12,506][root][INFO] - Epoch [5/5], Batch [59/300], Loss: 1.0343 (Overall: 0.5734, Change: 1.3642), TF Ratio: 0.748
[2026-06-14 15:45:12,695][root][INFO] - Epoch [5/5], Batch [60/300], Loss: 1.0313 (Overall: 0.5636, Change: 1.1437), TF Ratio: 0.748
[2026-06-14 15:45:12,863][root][INFO] - Epoch [5/5], Batch [61/300], Loss: 1.0324 (Overall: 1.2970, Change: 0.9047), TF Ratio: 0.748
[2026-06-14 15:45:13,020][root][INFO] - Epoch [5/5], Batch [62/300], Loss: 1.0334 (Overall: 0.8035, Change: 1.3800), TF Ratio: 0.748
[2026-06-14 15:45:13,174][root][INFO] - Epoch [5/5], Batch [63/300], Loss: 1.0332 (Overall: 0.5979, Change: 1.4515), TF Ratio: 0.747
[2026-06-14 15:45:13,351][root][INFO] - Epoch [5/5], Batch [64/300], Loss: 1.0331 (Overall: 0.6930, Change: 1.3612), TF Ratio: 0.747
[2026-06-14 15:45:13,525][root][INFO] - Epoch [5/5], Batch [65/300], Loss: 1.0363 (Overall: 0.9216, Change: 1.5624), TF Ratio: 0.747
[2026-06-14 15:45:13,681][root][INFO] - Epoch [5/5], Batch [66/300], Loss: 1.0347 (Overall: 0.5873, Change: 1.2694), TF Ratio: 0.747
[2026-06-14 15:45:13,834][root][INFO] - Epoch [5/5], Batch [67/300], Loss: 1.0347 (Overall: 0.7493, Change: 1.3205), TF Ratio: 0.747
[2026-06-14 15:45:14,007][root][INFO] - Epoch [5/5], Batch [68/300], Loss: 1.0368 (Overall: 0.9396, Change: 1.4136), TF Ratio: 0.746
[2026-06-14 15:45:14,161][root][INFO] - Epoch [5/5], Batch [69/300], Loss: 1.0345 (Overall: 0.5656, Change: 1.1861), TF Ratio: 0.746
[2026-06-14 15:45:14,327][root][INFO] - Epoch [5/5], Batch [70/300], Loss: 1.0306 (Overall: 0.5825, Change: 0.9406), TF Ratio: 0.746
[2026-06-14 15:45:14,480][root][INFO] - Epoch [5/5], Batch [71/300], Loss: 1.0325 (Overall: 0.8349, Change: 1.4941), TF Ratio: 0.746
[2026-06-14 15:45:14,641][root][INFO] - Epoch [5/5], Batch [72/300], Loss: 1.0345 (Overall: 0.7944, Change: 1.5611), TF Ratio: 0.746
[2026-06-14 15:45:14,811][root][INFO] - Epoch [5/5], Batch [73/300], Loss: 1.0311 (Overall: 0.4388, Change: 1.1345), TF Ratio: 0.745
[2026-06-14 15:45:14,967][root][INFO] - Epoch [5/5], Batch [74/300], Loss: 1.0291 (Overall: 0.7679, Change: 1.0041), TF Ratio: 0.745
[2026-06-14 15:45:15,123][root][INFO] - Epoch [5/5], Batch [75/300], Loss: 1.0312 (Overall: 0.7396, Change: 1.6235), TF Ratio: 0.745
[2026-06-14 15:45:15,284][root][INFO] - Epoch [5/5], Batch [76/300], Loss: 1.0310 (Overall: 0.7661, Change: 1.2784), TF Ratio: 0.745
[2026-06-14 15:45:15,441][root][INFO] - Epoch [5/5], Batch [77/300], Loss: 1.0310 (Overall: 1.0601, Change: 0.9975), TF Ratio: 0.745
[2026-06-14 15:45:15,597][root][INFO] - Epoch [5/5], Batch [78/300], Loss: 1.0310 (Overall: 0.6051, Change: 1.4521), TF Ratio: 0.744
[2026-06-14 15:45:15,750][root][INFO] - Epoch [5/5], Batch [79/300], Loss: 1.0324 (Overall: 0.8283, Change: 1.4574), TF Ratio: 0.744
[2026-06-14 15:45:15,917][root][INFO] - Epoch [5/5], Batch [80/300], Loss: 1.0348 (Overall: 0.7929, Change: 1.6537), TF Ratio: 0.744
[2026-06-14 15:45:16,074][root][INFO] - Epoch [5/5], Batch [81/300], Loss: 1.0356 (Overall: 0.7786, Change: 1.4289), TF Ratio: 0.744
[2026-06-14 15:45:16,226][root][INFO] - Epoch [5/5], Batch [82/300], Loss: 1.0337 (Overall: 0.7672, Change: 0.9900), TF Ratio: 0.744
[2026-06-14 15:45:16,386][root][INFO] - Epoch [5/5], Batch [83/300], Loss: 1.0316 (Overall: 0.5185, Change: 1.1972), TF Ratio: 0.743
[2026-06-14 15:45:16,543][root][INFO] - Epoch [5/5], Batch [84/300], Loss: 1.0283 (Overall: 0.5925, Change: 0.9241), TF Ratio: 0.743
[2026-06-14 15:45:16,697][root][INFO] - Epoch [5/5], Batch [85/300], Loss: 1.0281 (Overall: 0.9896, Change: 1.0210), TF Ratio: 0.743
[2026-06-14 15:45:16,849][root][INFO] - Epoch [5/5], Batch [86/300], Loss: 1.0296 (Overall: 0.8816, Change: 1.4354), TF Ratio: 0.743
[2026-06-14 15:45:17,003][root][INFO] - Epoch [5/5], Batch [87/300], Loss: 1.0286 (Overall: 0.5099, Change: 1.3689), TF Ratio: 0.743
[2026-06-14 15:45:17,163][root][INFO] - Epoch [5/5], Batch [88/300], Loss: 1.0288 (Overall: 0.6854, Change: 1.4178), TF Ratio: 0.742
[2026-06-14 15:45:17,317][root][INFO] - Epoch [5/5], Batch [89/300], Loss: 1.0284 (Overall: 0.7564, Change: 1.2312), TF Ratio: 0.742
[2026-06-14 15:45:17,484][root][INFO] - Epoch [5/5], Batch [90/300], Loss: 1.0278 (Overall: 0.6798, Change: 1.2732), TF Ratio: 0.742
[2026-06-14 15:45:17,646][root][INFO] - Epoch [5/5], Batch [91/300], Loss: 1.0266 (Overall: 0.5446, Change: 1.2941), TF Ratio: 0.742
[2026-06-14 15:45:17,800][root][INFO] - Epoch [5/5], Batch [92/300], Loss: 1.0281 (Overall: 0.8877, Change: 1.4256), TF Ratio: 0.742
[2026-06-14 15:45:17,964][root][INFO] - Epoch [5/5], Batch [93/300], Loss: 1.0273 (Overall: 0.8268, Change: 1.0811), TF Ratio: 0.741
[2026-06-14 15:45:18,118][root][INFO] - Epoch [5/5], Batch [94/300], Loss: 1.0285 (Overall: 0.9511, Change: 1.3436), TF Ratio: 0.741
[2026-06-14 15:45:18,270][root][INFO] - Epoch [5/5], Batch [95/300], Loss: 1.0272 (Overall: 0.8631, Change: 0.9459), TF Ratio: 0.741
[2026-06-14 15:45:18,442][root][INFO] - Epoch [5/5], Batch [96/300], Loss: 1.0283 (Overall: 0.9066, Change: 1.3443), TF Ratio: 0.741
[2026-06-14 15:45:18,600][root][INFO] - Epoch [5/5], Batch [97/300], Loss: 1.0273 (Overall: 0.6182, Change: 1.2572), TF Ratio: 0.741
[2026-06-14 15:45:18,753][root][INFO] - Epoch [5/5], Batch [98/300], Loss: 1.0298 (Overall: 0.9142, Change: 1.6314), TF Ratio: 0.740
[2026-06-14 15:45:18,908][root][INFO] - Epoch [5/5], Batch [99/300], Loss: 1.0291 (Overall: 0.4538, Change: 1.4632), TF Ratio: 0.740
[2026-06-14 15:45:19,080][root][INFO] - Epoch [5/5], Batch [100/300], Loss: 1.0278 (Overall: 0.4849, Change: 1.3133), TF Ratio: 0.740
[2026-06-14 15:45:19,243][root][INFO] - Epoch [5/5], Batch [101/300], Loss: 1.0301 (Overall: 0.6766, Change: 1.8449), TF Ratio: 0.740
[2026-06-14 15:45:19,399][root][INFO] - Epoch [5/5], Batch [102/300], Loss: 1.0311 (Overall: 0.7441, Change: 1.5064), TF Ratio: 0.740
[2026-06-14 15:45:19,556][root][INFO] - Epoch [5/5], Batch [103/300], Loss: 1.0315 (Overall: 0.6545, Change: 1.4973), TF Ratio: 0.739
[2026-06-14 15:45:19,711][root][INFO] - Epoch [5/5], Batch [104/300], Loss: 1.0324 (Overall: 0.7060, Change: 1.5425), TF Ratio: 0.739
[2026-06-14 15:45:19,865][root][INFO] - Epoch [5/5], Batch [105/300], Loss: 1.0356 (Overall: 0.9955, Change: 1.7488), TF Ratio: 0.739
[2026-06-14 15:45:20,027][root][INFO] - Epoch [5/5], Batch [106/300], Loss: 1.0340 (Overall: 0.6316, Change: 1.1073), TF Ratio: 0.739
[2026-06-14 15:45:20,179][root][INFO] - Epoch [5/5], Batch [107/300], Loss: 1.0348 (Overall: 0.7873, Change: 1.4500), TF Ratio: 0.739
[2026-06-14 15:45:20,333][root][INFO] - Epoch [5/5], Batch [108/300], Loss: 1.0350 (Overall: 0.7404, Change: 1.3699), TF Ratio: 0.738
[2026-06-14 15:45:20,499][root][INFO] - Epoch [5/5], Batch [109/300], Loss: 1.0331 (Overall: 0.7941, Change: 0.8618), TF Ratio: 0.738
[2026-06-14 15:45:20,653][root][INFO] - Epoch [5/5], Batch [110/300], Loss: 1.0340 (Overall: 0.6736, Change: 1.5799), TF Ratio: 0.738
[2026-06-14 15:45:20,806][root][INFO] - Epoch [5/5], Batch [111/300], Loss: 1.0367 (Overall: 0.4631, Change: 2.2013), TF Ratio: 0.738
[2026-06-14 15:45:20,968][root][INFO] - Epoch [5/5], Batch [112/300], Loss: 1.0371 (Overall: 0.7186, Change: 1.4444), TF Ratio: 0.738
[2026-06-14 15:45:21,131][root][INFO] - Epoch [5/5], Batch [113/300], Loss: 1.0386 (Overall: 0.7879, Change: 1.6333), TF Ratio: 0.737
[2026-06-14 15:45:21,290][root][INFO] - Epoch [5/5], Batch [114/300], Loss: 1.0391 (Overall: 0.8327, Change: 1.3512), TF Ratio: 0.737
[2026-06-14 15:45:21,442][root][INFO] - Epoch [5/5], Batch [115/300], Loss: 1.0369 (Overall: 0.4101, Change: 1.1604), TF Ratio: 0.737
[2026-06-14 15:45:21,597][root][INFO] - Epoch [5/5], Batch [116/300], Loss: 1.0363 (Overall: 0.7311, Change: 1.2083), TF Ratio: 0.737
[2026-06-14 15:45:21,761][root][INFO] - Epoch [5/5], Batch [117/300], Loss: 1.0349 (Overall: 0.4262, Change: 1.3340), TF Ratio: 0.737
[2026-06-14 15:45:21,914][root][INFO] - Epoch [5/5], Batch [118/300], Loss: 1.0356 (Overall: 0.4719, Change: 1.7538), TF Ratio: 0.736
[2026-06-14 15:45:22,067][root][INFO] - Epoch [5/5], Batch [119/300], Loss: 1.0365 (Overall: 1.1645, Change: 1.1268), TF Ratio: 0.736
[2026-06-14 15:45:22,233][root][INFO] - Epoch [5/5], Batch [120/300], Loss: 1.0384 (Overall: 0.7896, Change: 1.7351), TF Ratio: 0.736
[2026-06-14 15:45:22,389][root][INFO] - Epoch [5/5], Batch [121/300], Loss: 1.0366 (Overall: 0.5070, Change: 1.1292), TF Ratio: 0.736
[2026-06-14 15:45:22,551][root][INFO] - Epoch [5/5], Batch [122/300], Loss: 1.0368 (Overall: 0.6851, Change: 1.4270), TF Ratio: 0.736
[2026-06-14 15:45:22,710][root][INFO] - Epoch [5/5], Batch [123/300], Loss: 1.0364 (Overall: 0.6758, Change: 1.3172), TF Ratio: 0.735
[2026-06-14 15:45:22,868][root][INFO] - Epoch [5/5], Batch [124/300], Loss: 1.0374 (Overall: 0.7727, Change: 1.5448), TF Ratio: 0.735
[2026-06-14 15:45:23,021][root][INFO] - Epoch [5/5], Batch [125/300], Loss: 1.0353 (Overall: 0.5895, Change: 0.9568), TF Ratio: 0.735
[2026-06-14 15:45:23,174][root][INFO] - Epoch [5/5], Batch [126/300], Loss: 1.0356 (Overall: 0.7592, Change: 1.3883), TF Ratio: 0.735
[2026-06-14 15:45:23,348][root][INFO] - Epoch [5/5], Batch [127/300], Loss: 1.0363 (Overall: 0.7640, Change: 1.4792), TF Ratio: 0.735
[2026-06-14 15:45:23,502][root][INFO] - Epoch [5/5], Batch [128/300], Loss: 1.0356 (Overall: 0.5992, Change: 1.3043), TF Ratio: 0.734
[2026-06-14 15:45:23,655][root][INFO] - Epoch [5/5], Batch [129/300], Loss: 1.0340 (Overall: 0.5864, Change: 1.0644), TF Ratio: 0.734
[2026-06-14 15:45:23,811][root][INFO] - Epoch [5/5], Batch [130/300], Loss: 1.0335 (Overall: 0.5389, Change: 1.4140), TF Ratio: 0.734
[2026-06-14 15:45:23,970][root][INFO] - Epoch [5/5], Batch [131/300], Loss: 1.0322 (Overall: 0.3848, Change: 1.3374), TF Ratio: 0.734
[2026-06-14 15:45:24,128][root][INFO] - Epoch [5/5], Batch [132/300], Loss: 1.0340 (Overall: 0.9912, Change: 1.5480), TF Ratio: 0.734
[2026-06-14 15:45:24,281][root][INFO] - Epoch [5/5], Batch [133/300], Loss: 1.0340 (Overall: 0.9708, Change: 1.0928), TF Ratio: 0.733
[2026-06-14 15:45:24,434][root][INFO] - Epoch [5/5], Batch [134/300], Loss: 1.0350 (Overall: 0.9005, Change: 1.4454), TF Ratio: 0.733
[2026-06-14 15:45:24,587][root][INFO] - Epoch [5/5], Batch [135/300], Loss: 1.0339 (Overall: 0.7562, Change: 1.0065), TF Ratio: 0.733
[2026-06-14 15:45:24,767][root][INFO] - Epoch [5/5], Batch [136/300], Loss: 1.0350 (Overall: 0.8790, Change: 1.4745), TF Ratio: 0.733
[2026-06-14 15:45:24,922][root][INFO] - Epoch [5/5], Batch [137/300], Loss: 1.0342 (Overall: 0.5245, Change: 1.3487), TF Ratio: 0.733
[2026-06-14 15:45:25,081][root][INFO] - Epoch [5/5], Batch [138/300], Loss: 1.0348 (Overall: 0.7403, Change: 1.4717), TF Ratio: 0.732
[2026-06-14 15:45:25,235][root][INFO] - Epoch [5/5], Batch [139/300], Loss: 1.0339 (Overall: 0.6663, Change: 1.1608), TF Ratio: 0.732
[2026-06-14 15:45:25,396][root][INFO] - Epoch [5/5], Batch [140/300], Loss: 1.0339 (Overall: 0.6490, Change: 1.4237), TF Ratio: 0.732
[2026-06-14 15:45:25,552][root][INFO] - Epoch [5/5], Batch [141/300], Loss: 1.0333 (Overall: 0.8258, Change: 1.0823), TF Ratio: 0.732
[2026-06-14 15:45:25,739][root][INFO] - Epoch [5/5], Batch [142/300], Loss: 1.0329 (Overall: 0.6416, Change: 1.2892), TF Ratio: 0.732
[2026-06-14 15:45:25,898][root][INFO] - Epoch [5/5], Batch [143/300], Loss: 1.0305 (Overall: 0.6502, Change: 0.7418), TF Ratio: 0.731
[2026-06-14 15:45:26,055][root][INFO] - Epoch [5/5], Batch [144/300], Loss: 1.0303 (Overall: 0.5268, Change: 1.4755), TF Ratio: 0.731
[2026-06-14 15:45:26,234][root][INFO] - Epoch [5/5], Batch [145/300], Loss: 1.0295 (Overall: 0.9013, Change: 0.9260), TF Ratio: 0.731
[2026-06-14 15:45:26,389][root][INFO] - Epoch [5/5], Batch [146/300], Loss: 1.0289 (Overall: 0.6763, Change: 1.2061), TF Ratio: 0.731
[2026-06-14 15:45:26,555][root][INFO] - Epoch [5/5], Batch [147/300], Loss: 1.0262 (Overall: 0.4958, Change: 0.7707), TF Ratio: 0.731
[2026-06-14 15:45:26,709][root][INFO] - Epoch [5/5], Batch [148/300], Loss: 1.0255 (Overall: 0.4455, Change: 1.3893), TF Ratio: 0.730
[2026-06-14 15:45:26,864][root][INFO] - Epoch [5/5], Batch [149/300], Loss: 1.0252 (Overall: 0.5402, Change: 1.4246), TF Ratio: 0.730
[2026-06-14 15:45:27,017][root][INFO] - Epoch [5/5], Batch [150/300], Loss: 1.0263 (Overall: 0.9495, Change: 1.4369), TF Ratio: 0.730
[2026-06-14 15:45:27,177][root][INFO] - Epoch [5/5], Batch [151/300], Loss: 1.0278 (Overall: 0.9795, Change: 1.5259), TF Ratio: 0.730
[2026-06-14 15:45:27,336][root][INFO] - Epoch [5/5], Batch [152/300], Loss: 1.0293 (Overall: 0.9678, Change: 1.5367), TF Ratio: 0.730
[2026-06-14 15:45:27,490][root][INFO] - Epoch [5/5], Batch [153/300], Loss: 1.0291 (Overall: 0.7719, Change: 1.2231), TF Ratio: 0.729
[2026-06-14 15:45:27,642][root][INFO] - Epoch [5/5], Batch [154/300], Loss: 1.0279 (Overall: 0.7389, Change: 0.9599), TF Ratio: 0.729
[2026-06-14 15:45:27,804][root][INFO] - Epoch [5/5], Batch [155/300], Loss: 1.0314 (Overall: 1.5968, Change: 1.5339), TF Ratio: 0.729
[2026-06-14 15:45:27,973][root][INFO] - Epoch [5/5], Batch [156/300], Loss: 1.0290 (Overall: 0.5674, Change: 0.7554), TF Ratio: 0.729
[2026-06-14 15:45:28,126][root][INFO] - Epoch [5/5], Batch [157/300], Loss: 1.0287 (Overall: 0.5067, Change: 1.4527), TF Ratio: 0.729
[2026-06-14 15:45:28,281][root][INFO] - Epoch [5/5], Batch [158/300], Loss: 1.0264 (Overall: 0.5157, Change: 0.8272), TF Ratio: 0.728
[2026-06-14 15:45:28,434][root][INFO] - Epoch [5/5], Batch [159/300], Loss: 1.0260 (Overall: 0.7953, Change: 1.1354), TF Ratio: 0.728
[2026-06-14 15:45:28,604][root][INFO] - Epoch [5/5], Batch [160/300], Loss: 1.0272 (Overall: 0.8261, Change: 1.5985), TF Ratio: 0.728
[2026-06-14 15:45:28,759][root][INFO] - Epoch [5/5], Batch [161/300], Loss: 1.0277 (Overall: 0.8838, Change: 1.3263), TF Ratio: 0.728
[2026-06-14 15:45:28,920][root][INFO] - Epoch [5/5], Batch [162/300], Loss: 1.0265 (Overall: 0.9094, Change: 0.7485), TF Ratio: 0.728
[2026-06-14 15:45:29,086][root][INFO] - Epoch [5/5], Batch [163/300], Loss: 1.0274 (Overall: 0.8456, Change: 1.5280), TF Ratio: 0.727
[2026-06-14 15:45:29,241][root][INFO] - Epoch [5/5], Batch [164/300], Loss: 1.0283 (Overall: 0.9406, Change: 1.4009), TF Ratio: 0.727
[2026-06-14 15:45:29,401][root][INFO] - Epoch [5/5], Batch [165/300], Loss: 1.0280 (Overall: 0.7016, Change: 1.2547), TF Ratio: 0.727
[2026-06-14 15:45:29,555][root][INFO] - Epoch [5/5], Batch [166/300], Loss: 1.0290 (Overall: 1.1519, Change: 1.2431), TF Ratio: 0.727
[2026-06-14 15:45:29,708][root][INFO] - Epoch [5/5], Batch [167/300], Loss: 1.0292 (Overall: 0.7764, Change: 1.3460), TF Ratio: 0.727
[2026-06-14 15:45:29,910][root][INFO] - Epoch [5/5], Batch [168/300], Loss: 1.0285 (Overall: 0.7108, Change: 1.1137), TF Ratio: 0.726
[2026-06-14 15:45:30,069][root][INFO] - Epoch [5/5], Batch [169/300], Loss: 1.0272 (Overall: 0.6456, Change: 0.9624), TF Ratio: 0.726
[2026-06-14 15:45:30,222][root][INFO] - Epoch [5/5], Batch [170/300], Loss: 1.0270 (Overall: 0.7982, Change: 1.1751), TF Ratio: 0.726
[2026-06-14 15:45:30,375][root][INFO] - Epoch [5/5], Batch [171/300], Loss: 1.0288 (Overall: 1.1591, Change: 1.5109), TF Ratio: 0.726
[2026-06-14 15:45:30,536][root][INFO] - Epoch [5/5], Batch [172/300], Loss: 1.0294 (Overall: 0.7118, Change: 1.5614), TF Ratio: 0.726
[2026-06-14 15:45:30,690][root][INFO] - Epoch [5/5], Batch [173/300], Loss: 1.0289 (Overall: 0.6874, Change: 1.1954), TF Ratio: 0.725
[2026-06-14 15:45:30,846][root][INFO] - Epoch [5/5], Batch [174/300], Loss: 1.0290 (Overall: 0.7845, Change: 1.3291), TF Ratio: 0.725
[2026-06-14 15:45:31,016][root][INFO] - Epoch [5/5], Batch [175/300], Loss: 1.0287 (Overall: 0.7733, Change: 1.1540), TF Ratio: 0.725
[2026-06-14 15:45:31,175][root][INFO] - Epoch [5/5], Batch [176/300], Loss: 1.0280 (Overall: 0.5054, Change: 1.3164), TF Ratio: 0.725
[2026-06-14 15:45:31,333][root][INFO] - Epoch [5/5], Batch [177/300], Loss: 1.0269 (Overall: 0.5484, Change: 1.1277), TF Ratio: 0.725
[2026-06-14 15:45:31,488][root][INFO] - Epoch [5/5], Batch [178/300], Loss: 1.0262 (Overall: 0.6860, Change: 1.1250), TF Ratio: 0.724
[2026-06-14 15:45:31,641][root][INFO] - Epoch [5/5], Batch [179/300], Loss: 1.0260 (Overall: 0.6706, Change: 1.2969), TF Ratio: 0.724
[2026-06-14 15:45:31,806][root][INFO] - Epoch [5/5], Batch [180/300], Loss: 1.0255 (Overall: 0.6071, Change: 1.2571), TF Ratio: 0.724
[2026-06-14 15:45:31,960][root][INFO] - Epoch [5/5], Batch [181/300], Loss: 1.0248 (Overall: 0.6961, Change: 1.0980), TF Ratio: 0.724
[2026-06-14 15:45:32,114][root][INFO] - Epoch [5/5], Batch [182/300], Loss: 1.0236 (Overall: 0.5297, Change: 1.0876), TF Ratio: 0.724
[2026-06-14 15:45:32,272][root][INFO] - Epoch [5/5], Batch [183/300], Loss: 1.0233 (Overall: 0.7838, Change: 1.1686), TF Ratio: 0.723
[2026-06-14 15:45:32,444][root][INFO] - Epoch [5/5], Batch [184/300], Loss: 1.0246 (Overall: 1.1197, Change: 1.3806), TF Ratio: 0.723
[2026-06-14 15:45:32,599][root][INFO] - Epoch [5/5], Batch [185/300], Loss: 1.0249 (Overall: 0.7533, Change: 1.4251), TF Ratio: 0.723
[2026-06-14 15:45:32,752][root][INFO] - Epoch [5/5], Batch [186/300], Loss: 1.0273 (Overall: 1.4699, Change: 1.4853), TF Ratio: 0.723
[2026-06-14 15:45:32,916][root][INFO] - Epoch [5/5], Batch [187/300], Loss: 1.0284 (Overall: 0.9553, Change: 1.5039), TF Ratio: 0.723
[2026-06-14 15:45:33,087][root][INFO] - Epoch [5/5], Batch [188/300], Loss: 1.0279 (Overall: 0.7530, Change: 1.0911), TF Ratio: 0.722
[2026-06-14 15:45:33,242][root][INFO] - Epoch [5/5], Batch [189/300], Loss: 1.0275 (Overall: 0.6030, Change: 1.3298), TF Ratio: 0.722
[2026-06-14 15:45:33,395][root][INFO] - Epoch [5/5], Batch [190/300], Loss: 1.0257 (Overall: 0.4573, Change: 0.8882), TF Ratio: 0.722
[2026-06-14 15:45:33,547][root][INFO] - Epoch [5/5], Batch [191/300], Loss: 1.0247 (Overall: 0.6804, Change: 0.9910), TF Ratio: 0.722
[2026-06-14 15:45:33,710][root][INFO] - Epoch [5/5], Batch [192/300], Loss: 1.0235 (Overall: 0.5224, Change: 1.0687), TF Ratio: 0.722
[2026-06-14 15:45:33,864][root][INFO] - Epoch [5/5], Batch [193/300], Loss: 1.0233 (Overall: 0.7908, Change: 1.2007), TF Ratio: 0.721
[2026-06-14 15:45:34,017][root][INFO] - Epoch [5/5], Batch [194/300], Loss: 1.0219 (Overall: 0.5103, Change: 0.9948), TF Ratio: 0.721
[2026-06-14 15:45:34,170][root][INFO] - Epoch [5/5], Batch [195/300], Loss: 1.0223 (Overall: 0.8675, Change: 1.3198), TF Ratio: 0.721
[2026-06-14 15:45:34,336][root][INFO] - Epoch [5/5], Batch [196/300], Loss: 1.0211 (Overall: 0.6568, Change: 0.9123), TF Ratio: 0.721
[2026-06-14 15:45:34,491][root][INFO] - Epoch [5/5], Batch [197/300], Loss: 1.0202 (Overall: 0.5497, Change: 1.1265), TF Ratio: 0.721
[2026-06-14 15:45:34,647][root][INFO] - Epoch [5/5], Batch [198/300], Loss: 1.0195 (Overall: 0.6083, Change: 1.1565), TF Ratio: 0.720
[2026-06-14 15:45:34,800][root][INFO] - Epoch [5/5], Batch [199/300], Loss: 1.0202 (Overall: 0.6428, Change: 1.6916), TF Ratio: 0.720
[2026-06-14 15:45:34,966][root][INFO] - Epoch [5/5], Batch [200/300], Loss: 1.0196 (Overall: 0.4822, Change: 1.3116), TF Ratio: 0.720
[2026-06-14 15:45:35,120][root][INFO] - Epoch [5/5], Batch [201/300], Loss: 1.0187 (Overall: 0.5266, Change: 1.1463), TF Ratio: 0.720
[2026-06-14 15:45:35,273][root][INFO] - Epoch [5/5], Batch [202/300], Loss: 1.0185 (Overall: 0.7987, Change: 1.1584), TF Ratio: 0.720
[2026-06-14 15:45:35,426][root][INFO] - Epoch [5/5], Batch [203/300], Loss: 1.0199 (Overall: 0.9143, Change: 1.6806), TF Ratio: 0.719
[2026-06-14 15:45:35,593][root][INFO] - Epoch [5/5], Batch [204/300], Loss: 1.0190 (Overall: 0.6547, Change: 1.0282), TF Ratio: 0.719
[2026-06-14 15:45:35,749][root][INFO] - Epoch [5/5], Batch [205/300], Loss: 1.0192 (Overall: 0.7183, Change: 1.4158), TF Ratio: 0.719
[2026-06-14 15:45:35,901][root][INFO] - Epoch [5/5], Batch [206/300], Loss: 1.0191 (Overall: 0.6099, Change: 1.3606), TF Ratio: 0.719
[2026-06-14 15:45:36,063][root][INFO] - Epoch [5/5], Batch [207/300], Loss: 1.0190 (Overall: 1.0313, Change: 0.9801), TF Ratio: 0.719
[2026-06-14 15:45:36,230][root][INFO] - Epoch [5/5], Batch [208/300], Loss: 1.0187 (Overall: 0.8183, Change: 1.0888), TF Ratio: 0.718
[2026-06-14 15:45:36,388][root][INFO] - Epoch [5/5], Batch [209/300], Loss: 1.0195 (Overall: 0.9191, Change: 1.4645), TF Ratio: 0.718
[2026-06-14 15:45:36,544][root][INFO] - Epoch [5/5], Batch [210/300], Loss: 1.0192 (Overall: 0.6442, Change: 1.2742), TF Ratio: 0.718
[2026-06-14 15:45:36,700][root][INFO] - Epoch [5/5], Batch [211/300], Loss: 1.0183 (Overall: 0.7440, Change: 0.8935), TF Ratio: 0.718
[2026-06-14 15:45:36,882][root][INFO] - Epoch [5/5], Batch [212/300], Loss: 1.0184 (Overall: 0.5176, Change: 1.5566), TF Ratio: 0.718
[2026-06-14 15:45:37,035][root][INFO] - Epoch [5/5], Batch [213/300], Loss: 1.0178 (Overall: 0.5197, Change: 1.2857), TF Ratio: 0.717
[2026-06-14 15:45:37,189][root][INFO] - Epoch [5/5], Batch [214/300], Loss: 1.0182 (Overall: 0.8144, Change: 1.4042), TF Ratio: 0.717
[2026-06-14 15:45:37,344][root][INFO] - Epoch [5/5], Batch [215/300], Loss: 1.0176 (Overall: 0.7869, Change: 0.9623), TF Ratio: 0.717
[2026-06-14 15:45:37,507][root][INFO] - Epoch [5/5], Batch [216/300], Loss: 1.0182 (Overall: 0.5354, Change: 1.7841), TF Ratio: 0.717
[2026-06-14 15:45:37,664][root][INFO] - Epoch [5/5], Batch [217/300], Loss: 1.0186 (Overall: 0.8155, Change: 1.3934), TF Ratio: 0.717
[2026-06-14 15:45:37,819][root][INFO] - Epoch [5/5], Batch [218/300], Loss: 1.0183 (Overall: 0.5948, Change: 1.3082), TF Ratio: 0.716
[2026-06-14 15:45:37,975][root][INFO] - Epoch [5/5], Batch [219/300], Loss: 1.0187 (Overall: 1.0769, Change: 1.1206), TF Ratio: 0.716
[2026-06-14 15:45:38,135][root][INFO] - Epoch [5/5], Batch [220/300], Loss: 1.0192 (Overall: 0.7745, Change: 1.4679), TF Ratio: 0.716
[2026-06-14 15:45:38,289][root][INFO] - Epoch [5/5], Batch [221/300], Loss: 1.0197 (Overall: 0.7939, Change: 1.4965), TF Ratio: 0.716
[2026-06-14 15:45:38,442][root][INFO] - Epoch [5/5], Batch [222/300], Loss: 1.0195 (Overall: 0.5521, Change: 1.3875), TF Ratio: 0.716
[2026-06-14 15:45:38,600][root][INFO] - Epoch [5/5], Batch [223/300], Loss: 1.0188 (Overall: 0.6012, Change: 1.1189), TF Ratio: 0.715
[2026-06-14 15:45:38,773][root][INFO] - Epoch [5/5], Batch [224/300], Loss: 1.0192 (Overall: 0.7636, Change: 1.4524), TF Ratio: 0.715
[2026-06-14 15:45:38,928][root][INFO] - Epoch [5/5], Batch [225/300], Loss: 1.0181 (Overall: 0.6051, Change: 0.9459), TF Ratio: 0.715
[2026-06-14 15:45:39,082][root][INFO] - Epoch [5/5], Batch [226/300], Loss: 1.0184 (Overall: 0.8604, Change: 1.3017), TF Ratio: 0.715
[2026-06-14 15:45:39,235][root][INFO] - Epoch [5/5], Batch [227/300], Loss: 1.0183 (Overall: 0.8928, Change: 1.1059), TF Ratio: 0.715
[2026-06-14 15:45:39,391][root][INFO] - Epoch [5/5], Batch [228/300], Loss: 1.0180 (Overall: 0.4763, Change: 1.4476), TF Ratio: 0.714
[2026-06-14 15:45:39,544][root][INFO] - Epoch [5/5], Batch [229/300], Loss: 1.0177 (Overall: 0.5321, Change: 1.3305), TF Ratio: 0.714
[2026-06-14 15:45:39,711][root][INFO] - Epoch [5/5], Batch [230/300], Loss: 1.0177 (Overall: 1.0186, Change: 1.0532), TF Ratio: 0.714
[2026-06-14 15:45:39,866][root][INFO] - Epoch [5/5], Batch [231/300], Loss: 1.0186 (Overall: 1.0169, Change: 1.4112), TF Ratio: 0.714
[2026-06-14 15:45:40,021][root][INFO] - Epoch [5/5], Batch [232/300], Loss: 1.0178 (Overall: 0.5614, Change: 1.0967), TF Ratio: 0.714
[2026-06-14 15:45:40,177][root][INFO] - Epoch [5/5], Batch [233/300], Loss: 1.0177 (Overall: 0.7966, Change: 1.1955), TF Ratio: 0.713
[2026-06-14 15:45:40,333][root][INFO] - Epoch [5/5], Batch [234/300], Loss: 1.0174 (Overall: 0.6094, Change: 1.2756), TF Ratio: 0.713
[2026-06-14 15:45:40,486][root][INFO] - Epoch [5/5], Batch [235/300], Loss: 1.0183 (Overall: 0.8951, Change: 1.5677), TF Ratio: 0.713
[2026-06-14 15:45:40,650][root][INFO] - Epoch [5/5], Batch [236/300], Loss: 1.0173 (Overall: 0.4209, Change: 1.1507), TF Ratio: 0.713
[2026-06-14 15:45:40,804][root][INFO] - Epoch [5/5], Batch [237/300], Loss: 1.0177 (Overall: 0.8897, Change: 1.3217), TF Ratio: 0.713
[2026-06-14 15:45:40,958][root][INFO] - Epoch [5/5], Batch [238/300], Loss: 1.0174 (Overall: 0.9087, Change: 1.0056), TF Ratio: 0.712
[2026-06-14 15:45:41,112][root][INFO] - Epoch [5/5], Batch [239/300], Loss: 1.0170 (Overall: 0.6034, Change: 1.2524), TF Ratio: 0.712
[2026-06-14 15:45:41,281][root][INFO] - Epoch [5/5], Batch [240/300], Loss: 1.0160 (Overall: 0.6523, Change: 0.9027), TF Ratio: 0.712
[2026-06-14 15:45:41,435][root][INFO] - Epoch [5/5], Batch [241/300], Loss: 1.0163 (Overall: 0.6903, Change: 1.4494), TF Ratio: 0.712
[2026-06-14 15:45:41,588][root][INFO] - Epoch [5/5], Batch [242/300], Loss: 1.0169 (Overall: 0.6168, Change: 1.7346), TF Ratio: 0.712
[2026-06-14 15:45:41,752][root][INFO] - Epoch [5/5], Batch [243/300], Loss: 1.0173 (Overall: 0.4835, Change: 1.7173), TF Ratio: 0.711
[2026-06-14 15:45:41,908][root][INFO] - Epoch [5/5], Batch [244/300], Loss: 1.0168 (Overall: 0.6650, Change: 1.1371), TF Ratio: 0.711
[2026-06-14 15:45:42,063][root][INFO] - Epoch [5/5], Batch [245/300], Loss: 1.0169 (Overall: 0.6541, Change: 1.4190), TF Ratio: 0.711
[2026-06-14 15:45:42,218][root][INFO] - Epoch [5/5], Batch [246/300], Loss: 1.0165 (Overall: 0.5653, Change: 1.2659), TF Ratio: 0.711
[2026-06-14 15:45:42,370][root][INFO] - Epoch [5/5], Batch [247/300], Loss: 1.0171 (Overall: 0.6550, Change: 1.7070), TF Ratio: 0.711
[2026-06-14 15:45:42,523][root][INFO] - Epoch [5/5], Batch [248/300], Loss: 1.0180 (Overall: 0.7866, Change: 1.7007), TF Ratio: 0.710
[2026-06-14 15:45:42,679][root][INFO] - Epoch [5/5], Batch [249/300], Loss: 1.0174 (Overall: 0.5193, Change: 1.1839), TF Ratio: 0.710
[2026-06-14 15:45:42,842][root][INFO] - Epoch [5/5], Batch [250/300], Loss: 1.0176 (Overall: 0.8730, Change: 1.2660), TF Ratio: 0.710
[2026-06-14 15:45:42,994][root][INFO] - Epoch [5/5], Batch [251/300], Loss: 1.0169 (Overall: 0.5616, Change: 1.1165), TF Ratio: 0.710
[2026-06-14 15:45:43,148][root][INFO] - Epoch [5/5], Batch [252/300], Loss: 1.0165 (Overall: 0.5286, Change: 1.3108), TF Ratio: 0.710
[2026-06-14 15:45:43,309][root][INFO] - Epoch [5/5], Batch [253/300], Loss: 1.0167 (Overall: 0.8184, Change: 1.3050), TF Ratio: 0.709
[2026-06-14 15:45:43,464][root][INFO] - Epoch [5/5], Batch [254/300], Loss: 1.0162 (Overall: 0.5358, Change: 1.2416), TF Ratio: 0.709
[2026-06-14 15:45:43,621][root][INFO] - Epoch [5/5], Batch [255/300], Loss: 1.0154 (Overall: 0.5126, Change: 1.1578), TF Ratio: 0.709
[2026-06-14 15:45:43,794][root][INFO] - Epoch [5/5], Batch [256/300], Loss: 1.0151 (Overall: 0.7700, Change: 1.0774), TF Ratio: 0.709
[2026-06-14 15:45:43,965][root][INFO] - Epoch [5/5], Batch [257/300], Loss: 1.0135 (Overall: 0.4300, Change: 0.7767), TF Ratio: 0.709
[2026-06-14 15:45:44,120][root][INFO] - Epoch [5/5], Batch [258/300], Loss: 1.0133 (Overall: 0.7062, Change: 1.2361), TF Ratio: 0.708
[2026-06-14 15:45:44,272][root][INFO] - Epoch [5/5], Batch [259/300], Loss: 1.0135 (Overall: 0.8555, Change: 1.2800), TF Ratio: 0.708
[2026-06-14 15:45:44,429][root][INFO] - Epoch [5/5], Batch [260/300], Loss: 1.0136 (Overall: 0.6679, Change: 1.3868), TF Ratio: 0.708
[2026-06-14 15:45:44,584][root][INFO] - Epoch [5/5], Batch [261/300], Loss: 1.0128 (Overall: 0.5438, Change: 1.0997), TF Ratio: 0.708
[2026-06-14 15:45:44,740][root][INFO] - Epoch [5/5], Batch [262/300], Loss: 1.0129 (Overall: 0.5761, Change: 1.4667), TF Ratio: 0.708
[2026-06-14 15:45:44,894][root][INFO] - Epoch [5/5], Batch [263/300], Loss: 1.0126 (Overall: 0.5889, Change: 1.2852), TF Ratio: 0.707
[2026-06-14 15:45:45,078][root][INFO] - Epoch [5/5], Batch [264/300], Loss: 1.0127 (Overall: 0.6063, Change: 1.4988), TF Ratio: 0.707
[2026-06-14 15:45:45,254][root][INFO] - Epoch [5/5], Batch [265/300], Loss: 1.0127 (Overall: 0.4718, Change: 1.5037), TF Ratio: 0.707
[2026-06-14 15:45:45,408][root][INFO] - Epoch [5/5], Batch [266/300], Loss: 1.0122 (Overall: 0.5395, Change: 1.2411), TF Ratio: 0.707
[2026-06-14 15:45:45,562][root][INFO] - Epoch [5/5], Batch [267/300], Loss: 1.0138 (Overall: 1.2967, Change: 1.5955), TF Ratio: 0.707
[2026-06-14 15:45:45,728][root][INFO] - Epoch [5/5], Batch [268/300], Loss: 1.0146 (Overall: 1.0615, Change: 1.3702), TF Ratio: 0.706
[2026-06-14 15:45:45,882][root][INFO] - Epoch [5/5], Batch [269/300], Loss: 1.0147 (Overall: 0.4831, Change: 1.6268), TF Ratio: 0.706
[2026-06-14 15:45:46,045][root][INFO] - Epoch [5/5], Batch [270/300], Loss: 1.0140 (Overall: 0.4861, Change: 1.1446), TF Ratio: 0.706
[2026-06-14 15:45:46,213][root][INFO] - Epoch [5/5], Batch [271/300], Loss: 1.0135 (Overall: 0.6982, Change: 1.0931), TF Ratio: 0.706
[2026-06-14 15:45:46,379][root][INFO] - Epoch [5/5], Batch [272/300], Loss: 1.0140 (Overall: 1.0225, Change: 1.2302), TF Ratio: 0.706
[2026-06-14 15:45:46,532][root][INFO] - Epoch [5/5], Batch [273/300], Loss: 1.0139 (Overall: 0.6882, Change: 1.3251), TF Ratio: 0.705
[2026-06-14 15:45:46,689][root][INFO] - Epoch [5/5], Batch [274/300], Loss: 1.0138 (Overall: 0.5523, Change: 1.4210), TF Ratio: 0.705
[2026-06-14 15:45:46,857][root][INFO] - Epoch [5/5], Batch [275/300], Loss: 1.0134 (Overall: 0.5020, Change: 1.2956), TF Ratio: 0.705
[2026-06-14 15:45:47,027][root][INFO] - Epoch [5/5], Batch [276/300], Loss: 1.0144 (Overall: 1.1100, Change: 1.4666), TF Ratio: 0.705
[2026-06-14 15:45:47,197][root][INFO] - Epoch [5/5], Batch [277/300], Loss: 1.0142 (Overall: 0.6286, Change: 1.2687), TF Ratio: 0.705
[2026-06-14 15:45:47,363][root][INFO] - Epoch [5/5], Batch [278/300], Loss: 1.0138 (Overall: 0.5948, Change: 1.2378), TF Ratio: 0.704
[2026-06-14 15:45:47,527][root][INFO] - Epoch [5/5], Batch [279/300], Loss: 1.0137 (Overall: 0.8145, Change: 1.1703), TF Ratio: 0.704
[2026-06-14 15:45:47,686][root][INFO] - Epoch [5/5], Batch [280/300], Loss: 1.0135 (Overall: 0.5819, Change: 1.3131), TF Ratio: 0.704
[2026-06-14 15:45:47,843][root][INFO] - Epoch [5/5], Batch [281/300], Loss: 1.0127 (Overall: 0.5066, Change: 1.0696), TF Ratio: 0.704
[2026-06-14 15:45:47,998][root][INFO] - Epoch [5/5], Batch [282/300], Loss: 1.0124 (Overall: 0.8238, Change: 1.0091), TF Ratio: 0.704
[2026-06-14 15:45:48,153][root][INFO] - Epoch [5/5], Batch [283/300], Loss: 1.0124 (Overall: 0.6683, Change: 1.3958), TF Ratio: 0.703
[2026-06-14 15:45:48,327][root][INFO] - Epoch [5/5], Batch [284/300], Loss: 1.0118 (Overall: 0.4851, Change: 1.1820), TF Ratio: 0.703
[2026-06-14 15:45:48,483][root][INFO] - Epoch [5/5], Batch [285/300], Loss: 1.0121 (Overall: 1.0799, Change: 1.1098), TF Ratio: 0.703
[2026-06-14 15:45:48,643][root][INFO] - Epoch [5/5], Batch [286/300], Loss: 1.0118 (Overall: 0.4731, Change: 1.3716), TF Ratio: 0.703
[2026-06-14 15:45:48,804][root][INFO] - Epoch [5/5], Batch [287/300], Loss: 1.0134 (Overall: 0.7705, Change: 2.1826), TF Ratio: 0.703
[2026-06-14 15:45:48,968][root][INFO] - Epoch [5/5], Batch [288/300], Loss: 1.0135 (Overall: 0.7804, Change: 1.3272), TF Ratio: 0.702
[2026-06-14 15:45:49,130][root][INFO] - Epoch [5/5], Batch [289/300], Loss: 1.0134 (Overall: 0.7612, Change: 1.1625), TF Ratio: 0.702
[2026-06-14 15:45:49,283][root][INFO] - Epoch [5/5], Batch [290/300], Loss: 1.0118 (Overall: 0.5572, Change: 0.5870), TF Ratio: 0.702
[2026-06-14 15:45:49,436][root][INFO] - Epoch [5/5], Batch [291/300], Loss: 1.0112 (Overall: 0.3782, Change: 1.2954), TF Ratio: 0.702
[2026-06-14 15:45:49,589][root][INFO] - Epoch [5/5], Batch [292/300], Loss: 1.0108 (Overall: 0.9001, Change: 0.8453), TF Ratio: 0.702
[2026-06-14 15:45:49,743][root][INFO] - Epoch [5/5], Batch [293/300], Loss: 1.0111 (Overall: 0.8674, Change: 1.3660), TF Ratio: 0.701
[2026-06-14 15:45:49,898][root][INFO] - Epoch [5/5], Batch [294/300], Loss: 1.0112 (Overall: 0.8118, Change: 1.2685), TF Ratio: 0.701
[2026-06-14 15:45:50,052][root][INFO] - Epoch [5/5], Batch [295/300], Loss: 1.0122 (Overall: 0.5408, Change: 2.0497), TF Ratio: 0.701
[2026-06-14 15:45:50,235][root][INFO] - Epoch [5/5], Batch [296/300], Loss: 1.0128 (Overall: 1.0332, Change: 1.3578), TF Ratio: 0.701
[2026-06-14 15:45:50,390][root][INFO] - Epoch [5/5], Batch [297/300], Loss: 1.0132 (Overall: 0.8493, Change: 1.3867), TF Ratio: 0.701
[2026-06-14 15:45:50,544][root][INFO] - Epoch [5/5], Batch [298/300], Loss: 1.0131 (Overall: 0.6799, Change: 1.2863), TF Ratio: 0.700
[2026-06-14 15:45:50,707][root][INFO] - Epoch [5/5], Batch [299/300], Loss: 1.0115 (Overall: 0.4003, Change: 0.6773), TF Ratio: 0.700
[2026-06-14 15:45:50,878][root][INFO] - Epoch [5/5], Batch [300/300], Loss: 1.0100 (Overall: 0.5668, Change: 0.5861), TF Ratio: 0.700
[2026-06-14 15:45:52,319][root][INFO] - Epoch 5 done. Validating...
[2026-06-14 15:46:00,735][root][INFO] - Epoch [5/5] | Train: 1.0226 | Val: 0.6678
[2026-06-14 15:46:00,958][root][INFO] - Checkpoint saved: /gpfs/scratch/bsc32/bsc096444/ai4land-tfm/trained_models/unet_impl/41788809/best_model.pth
[2026-06-14 15:46:01,174][root][INFO] - Checkpoint saved: /gpfs/scratch/bsc32/bsc096444/ai4land-tfm/trained_models/unet_impl/41788809/model_epoch_5.pth
[2026-06-14 15:46:01,554][root][INFO] - Training complete.
