[2026-06-17 05:45:24,374][root][INFO] - Recurrent UNet Model Successfully Configured and Initialized.
[2026-06-17 05:45:24,375][root][INFO] - Starting from scratch (no valid checkpoint provided).
[2026-06-17 05:45:25,055][root][INFO] - Train: 4480000 samples, Val: 640000 samples
[2026-06-17 05:45:25,057][root][INFO] - Starting training from epoch 1
[2026-06-17 05:45:28,866][root][INFO] - Epoch [1/5], Batch [1/300], Loss: 1.9327 (Overall: 1.9824, Change: 1.8831), TF Ratio: 1.000
[2026-06-17 05:45:29,067][root][INFO] - Epoch [1/5], Batch [2/300], Loss: 1.9575 (Overall: 1.9603, Change: 2.0043), TF Ratio: 1.000
[2026-06-17 05:45:29,227][root][INFO] - Epoch [1/5], Batch [3/300], Loss: 2.0046 (Overall: 2.0502, Change: 2.1474), TF Ratio: 0.999
[2026-06-17 05:45:29,416][root][INFO] - Epoch [1/5], Batch [4/300], Loss: 2.0111 (Overall: 1.9440, Change: 2.1171), TF Ratio: 0.999
[2026-06-17 05:45:29,567][root][INFO] - Epoch [1/5], Batch [5/300], Loss: 1.9827 (Overall: 1.7932, Change: 1.9454), TF Ratio: 0.999
[2026-06-17 05:45:29,718][root][INFO] - Epoch [1/5], Batch [6/300], Loss: 1.9593 (Overall: 1.6445, Change: 2.0402), TF Ratio: 0.999
[2026-06-17 05:45:29,868][root][INFO] - Epoch [1/5], Batch [7/300], Loss: 1.9358 (Overall: 1.6092, Change: 1.9805), TF Ratio: 0.999
[2026-06-17 05:45:30,044][root][INFO] - Epoch [1/5], Batch [8/300], Loss: 1.9105 (Overall: 1.6029, Change: 1.8635), TF Ratio: 0.998
[2026-06-17 05:45:30,198][root][INFO] - Epoch [1/5], Batch [9/300], Loss: 1.8992 (Overall: 1.4347, Change: 2.1832), TF Ratio: 0.998
[2026-06-17 05:45:30,384][root][INFO] - Epoch [1/5], Batch [10/300], Loss: 1.8862 (Overall: 1.5252, Change: 2.0124), TF Ratio: 0.998
[2026-06-17 05:45:30,534][root][INFO] - Epoch [1/5], Batch [11/300], Loss: 1.8687 (Overall: 1.4696, Change: 1.9171), TF Ratio: 0.998
[2026-06-17 05:45:30,686][root][INFO] - Epoch [1/5], Batch [12/300], Loss: 1.8582 (Overall: 1.5571, Change: 1.9300), TF Ratio: 0.998
[2026-06-17 05:45:30,836][root][INFO] - Epoch [1/5], Batch [13/300], Loss: 1.8444 (Overall: 1.4475, Change: 1.9091), TF Ratio: 0.997
[2026-06-17 05:45:30,986][root][INFO] - Epoch [1/5], Batch [14/300], Loss: 1.8354 (Overall: 1.5928, Change: 1.8449), TF Ratio: 0.997
[2026-06-17 05:45:31,147][root][INFO] - Epoch [1/5], Batch [15/300], Loss: 1.8155 (Overall: 1.3153, Change: 1.7578), TF Ratio: 0.997
[2026-06-17 05:45:31,308][root][INFO] - Epoch [1/5], Batch [16/300], Loss: 1.8044 (Overall: 1.4892, Change: 1.7881), TF Ratio: 0.997
[2026-06-17 05:45:31,458][root][INFO] - Epoch [1/5], Batch [17/300], Loss: 1.7958 (Overall: 1.4190, Change: 1.8947), TF Ratio: 0.997
[2026-06-17 05:45:31,609][root][INFO] - Epoch [1/5], Batch [18/300], Loss: 1.7655 (Overall: 1.2048, Change: 1.2978), TF Ratio: 0.996
[2026-06-17 05:45:31,775][root][INFO] - Epoch [1/5], Batch [19/300], Loss: 1.7569 (Overall: 1.3565, Change: 1.8476), TF Ratio: 0.996
[2026-06-17 05:45:31,928][root][INFO] - Epoch [1/5], Batch [20/300], Loss: 1.7376 (Overall: 1.2030, Change: 1.5367), TF Ratio: 0.996
[2026-06-17 05:45:32,077][root][INFO] - Epoch [1/5], Batch [21/300], Loss: 1.7362 (Overall: 1.3657, Change: 2.0528), TF Ratio: 0.996
[2026-06-17 05:45:32,229][root][INFO] - Epoch [1/5], Batch [22/300], Loss: 1.7260 (Overall: 1.2249, Change: 1.7998), TF Ratio: 0.996
[2026-06-17 05:45:32,379][root][INFO] - Epoch [1/5], Batch [23/300], Loss: 1.7195 (Overall: 1.2598, Change: 1.8906), TF Ratio: 0.995
[2026-06-17 05:45:32,530][root][INFO] - Epoch [1/5], Batch [24/300], Loss: 1.7112 (Overall: 1.2475, Change: 1.7950), TF Ratio: 0.995
[2026-06-17 05:45:32,681][root][INFO] - Epoch [1/5], Batch [25/300], Loss: 1.7019 (Overall: 1.1567, Change: 1.7985), TF Ratio: 0.995
[2026-06-17 05:45:32,831][root][INFO] - Epoch [1/5], Batch [26/300], Loss: 1.6990 (Overall: 1.5244, Change: 1.7276), TF Ratio: 0.995
[2026-06-17 05:45:32,982][root][INFO] - Epoch [1/5], Batch [27/300], Loss: 1.6932 (Overall: 1.2945, Change: 1.7912), TF Ratio: 0.995
[2026-06-17 05:45:33,151][root][INFO] - Epoch [1/5], Batch [28/300], Loss: 1.6936 (Overall: 1.5328, Change: 1.8755), TF Ratio: 0.994
[2026-06-17 05:45:33,332][root][INFO] - Epoch [1/5], Batch [29/300], Loss: 1.6882 (Overall: 1.3159, Change: 1.7624), TF Ratio: 0.994
[2026-06-17 05:45:33,491][root][INFO] - Epoch [1/5], Batch [30/300], Loss: 1.6850 (Overall: 1.6079, Change: 1.5742), TF Ratio: 0.994
[2026-06-17 05:45:33,644][root][INFO] - Epoch [1/5], Batch [31/300], Loss: 1.6812 (Overall: 1.4393, Change: 1.6930), TF Ratio: 0.994
[2026-06-17 05:45:33,795][root][INFO] - Epoch [1/5], Batch [32/300], Loss: 1.6726 (Overall: 1.3024, Change: 1.5135), TF Ratio: 0.994
[2026-06-17 05:45:33,945][root][INFO] - Epoch [1/5], Batch [33/300], Loss: 1.6780 (Overall: 1.6856, Change: 2.0154), TF Ratio: 0.993
[2026-06-17 05:45:34,095][root][INFO] - Epoch [1/5], Batch [34/300], Loss: 1.6732 (Overall: 1.3401, Change: 1.6890), TF Ratio: 0.993
[2026-06-17 05:45:34,245][root][INFO] - Epoch [1/5], Batch [35/300], Loss: 1.6674 (Overall: 1.1947, Change: 1.7463), TF Ratio: 0.993
[2026-06-17 05:45:34,398][root][INFO] - Epoch [1/5], Batch [36/300], Loss: 1.6647 (Overall: 1.3237, Change: 1.8129), TF Ratio: 0.993
[2026-06-17 05:45:34,611][root][INFO] - Epoch [1/5], Batch [37/300], Loss: 1.6666 (Overall: 1.3827, Change: 2.0866), TF Ratio: 0.993
[2026-06-17 05:45:34,762][root][INFO] - Epoch [1/5], Batch [38/300], Loss: 1.6650 (Overall: 1.3162, Change: 1.8996), TF Ratio: 0.992
[2026-06-17 05:45:34,918][root][INFO] - Epoch [1/5], Batch [39/300], Loss: 1.6617 (Overall: 1.0885, Change: 1.9824), TF Ratio: 0.992
[2026-06-17 05:45:35,070][root][INFO] - Epoch [1/5], Batch [40/300], Loss: 1.6566 (Overall: 1.0516, Change: 1.8627), TF Ratio: 0.992
[2026-06-17 05:45:35,220][root][INFO] - Epoch [1/5], Batch [41/300], Loss: 1.6555 (Overall: 1.3601, Change: 1.8631), TF Ratio: 0.992
[2026-06-17 05:45:35,370][root][INFO] - Epoch [1/5], Batch [42/300], Loss: 1.6491 (Overall: 1.0650, Change: 1.7077), TF Ratio: 0.992
[2026-06-17 05:45:35,520][root][INFO] - Epoch [1/5], Batch [43/300], Loss: 1.6527 (Overall: 1.6957, Change: 1.9142), TF Ratio: 0.991
[2026-06-17 05:45:35,671][root][INFO] - Epoch [1/5], Batch [44/300], Loss: 1.6487 (Overall: 1.3107, Change: 1.6425), TF Ratio: 0.991
[2026-06-17 05:45:35,841][root][INFO] - Epoch [1/5], Batch [45/300], Loss: 1.6479 (Overall: 1.3896, Change: 1.8381), TF Ratio: 0.991
[2026-06-17 05:45:35,991][root][INFO] - Epoch [1/5], Batch [46/300], Loss: 1.6468 (Overall: 1.2955, Change: 1.8982), TF Ratio: 0.991
[2026-06-17 05:45:36,141][root][INFO] - Epoch [1/5], Batch [47/300], Loss: 1.6435 (Overall: 1.1399, Change: 1.8405), TF Ratio: 0.991
[2026-06-17 05:45:36,292][root][INFO] - Epoch [1/5], Batch [48/300], Loss: 1.6406 (Overall: 1.1794, Change: 1.8302), TF Ratio: 0.990
[2026-06-17 05:45:36,443][root][INFO] - Epoch [1/5], Batch [49/300], Loss: 1.6383 (Overall: 1.2658, Change: 1.7957), TF Ratio: 0.990
[2026-06-17 05:45:36,593][root][INFO] - Epoch [1/5], Batch [50/300], Loss: 1.6331 (Overall: 1.0875, Change: 1.6662), TF Ratio: 0.990
[2026-06-17 05:45:36,743][root][INFO] - Epoch [1/5], Batch [51/300], Loss: 1.6309 (Overall: 1.2289, Change: 1.8142), TF Ratio: 0.990
[2026-06-17 05:45:36,894][root][INFO] - Epoch [1/5], Batch [52/300], Loss: 1.6345 (Overall: 1.6831, Change: 1.9463), TF Ratio: 0.990
[2026-06-17 05:45:37,044][root][INFO] - Epoch [1/5], Batch [53/300], Loss: 1.6328 (Overall: 1.3124, Change: 1.7779), TF Ratio: 0.989
[2026-06-17 05:45:37,194][root][INFO] - Epoch [1/5], Batch [54/300], Loss: 1.6308 (Overall: 1.3200, Change: 1.7346), TF Ratio: 0.989
[2026-06-17 05:45:37,349][root][INFO] - Epoch [1/5], Batch [55/300], Loss: 1.6269 (Overall: 1.0810, Change: 1.7477), TF Ratio: 0.989
[2026-06-17 05:45:37,500][root][INFO] - Epoch [1/5], Batch [56/300], Loss: 1.6221 (Overall: 0.9594, Change: 1.7609), TF Ratio: 0.989
[2026-06-17 05:45:37,651][root][INFO] - Epoch [1/5], Batch [57/300], Loss: 1.6188 (Overall: 1.1792, Change: 1.6853), TF Ratio: 0.989
[2026-06-17 05:45:37,802][root][INFO] - Epoch [1/5], Batch [58/300], Loss: 1.6165 (Overall: 1.3020, Change: 1.6640), TF Ratio: 0.988
[2026-06-17 05:45:37,952][root][INFO] - Epoch [1/5], Batch [59/300], Loss: 1.6136 (Overall: 1.0984, Change: 1.7957), TF Ratio: 0.988
[2026-06-17 05:45:38,103][root][INFO] - Epoch [1/5], Batch [60/300], Loss: 1.6112 (Overall: 1.3760, Change: 1.5613), TF Ratio: 0.988
[2026-06-17 05:45:38,255][root][INFO] - Epoch [1/5], Batch [61/300], Loss: 1.6068 (Overall: 1.0477, Change: 1.6400), TF Ratio: 0.988
[2026-06-17 05:45:38,405][root][INFO] - Epoch [1/5], Batch [62/300], Loss: 1.6025 (Overall: 1.1094, Change: 1.5730), TF Ratio: 0.988
[2026-06-17 05:45:38,555][root][INFO] - Epoch [1/5], Batch [63/300], Loss: 1.6002 (Overall: 1.1299, Change: 1.7880), TF Ratio: 0.987
[2026-06-17 05:45:38,706][root][INFO] - Epoch [1/5], Batch [64/300], Loss: 1.5970 (Overall: 1.1024, Change: 1.6840), TF Ratio: 0.987
[2026-06-17 05:45:38,856][root][INFO] - Epoch [1/5], Batch [65/300], Loss: 1.5919 (Overall: 1.0421, Change: 1.4946), TF Ratio: 0.987
[2026-06-17 05:45:39,006][root][INFO] - Epoch [1/5], Batch [66/300], Loss: 1.5875 (Overall: 1.1067, Change: 1.4957), TF Ratio: 0.987
[2026-06-17 05:45:39,156][root][INFO] - Epoch [1/5], Batch [67/300], Loss: 1.5865 (Overall: 1.0665, Change: 1.9742), TF Ratio: 0.987
[2026-06-17 05:45:39,308][root][INFO] - Epoch [1/5], Batch [68/300], Loss: 1.5838 (Overall: 1.0072, Change: 1.7935), TF Ratio: 0.986
[2026-06-17 05:45:39,469][root][INFO] - Epoch [1/5], Batch [69/300], Loss: 1.5813 (Overall: 1.0366, Change: 1.7912), TF Ratio: 0.986
[2026-06-17 05:45:39,619][root][INFO] - Epoch [1/5], Batch [70/300], Loss: 1.5858 (Overall: 2.0791, Change: 1.7063), TF Ratio: 0.986
[2026-06-17 05:45:39,772][root][INFO] - Epoch [1/5], Batch [71/300], Loss: 1.5837 (Overall: 1.1029, Change: 1.7741), TF Ratio: 0.986
[2026-06-17 05:45:39,927][root][INFO] - Epoch [1/5], Batch [72/300], Loss: 1.5801 (Overall: 1.0007, Change: 1.6441), TF Ratio: 0.986
[2026-06-17 05:45:40,077][root][INFO] - Epoch [1/5], Batch [73/300], Loss: 1.5766 (Overall: 1.0335, Change: 1.6206), TF Ratio: 0.985
[2026-06-17 05:45:40,230][root][INFO] - Epoch [1/5], Batch [74/300], Loss: 1.5741 (Overall: 1.1261, Change: 1.6495), TF Ratio: 0.985
[2026-06-17 05:45:40,380][root][INFO] - Epoch [1/5], Batch [75/300], Loss: 1.5731 (Overall: 1.1149, Change: 1.8829), TF Ratio: 0.985
[2026-06-17 05:45:40,531][root][INFO] - Epoch [1/5], Batch [76/300], Loss: 1.5711 (Overall: 1.0758, Change: 1.7779), TF Ratio: 0.985
[2026-06-17 05:45:40,681][root][INFO] - Epoch [1/5], Batch [77/300], Loss: 1.5735 (Overall: 1.5821, Change: 1.9233), TF Ratio: 0.985
[2026-06-17 05:45:40,831][root][INFO] - Epoch [1/5], Batch [78/300], Loss: 1.5724 (Overall: 1.2418, Change: 1.7362), TF Ratio: 0.984
[2026-06-17 05:45:40,981][root][INFO] - Epoch [1/5], Batch [79/300], Loss: 1.5680 (Overall: 0.9443, Change: 1.5127), TF Ratio: 0.984
[2026-06-17 05:45:41,138][root][INFO] - Epoch [1/5], Batch [80/300], Loss: 1.5656 (Overall: 1.2341, Change: 1.5052), TF Ratio: 0.984
[2026-06-17 05:45:41,300][root][INFO] - Epoch [1/5], Batch [81/300], Loss: 1.5620 (Overall: 0.8770, Change: 1.6750), TF Ratio: 0.984
[2026-06-17 05:45:41,460][root][INFO] - Epoch [1/5], Batch [82/300], Loss: 1.5606 (Overall: 1.0165, Change: 1.8828), TF Ratio: 0.984
[2026-06-17 05:45:41,616][root][INFO] - Epoch [1/5], Batch [83/300], Loss: 1.5570 (Overall: 0.9288, Change: 1.5983), TF Ratio: 0.983
[2026-06-17 05:45:41,768][root][INFO] - Epoch [1/5], Batch [84/300], Loss: 1.5559 (Overall: 1.1524, Change: 1.7630), TF Ratio: 0.983
[2026-06-17 05:45:41,938][root][INFO] - Epoch [1/5], Batch [85/300], Loss: 1.5551 (Overall: 1.3795, Change: 1.6099), TF Ratio: 0.983
[2026-06-17 05:45:42,089][root][INFO] - Epoch [1/5], Batch [86/300], Loss: 1.5555 (Overall: 1.0516, Change: 2.1248), TF Ratio: 0.983
[2026-06-17 05:45:42,240][root][INFO] - Epoch [1/5], Batch [87/300], Loss: 1.5531 (Overall: 1.2625, Change: 1.4203), TF Ratio: 0.983
[2026-06-17 05:45:42,421][root][INFO] - Epoch [1/5], Batch [88/300], Loss: 1.5507 (Overall: 1.0951, Change: 1.5869), TF Ratio: 0.982
[2026-06-17 05:45:42,572][root][INFO] - Epoch [1/5], Batch [89/300], Loss: 1.5516 (Overall: 1.4626, Change: 1.8152), TF Ratio: 0.982
[2026-06-17 05:45:42,722][root][INFO] - Epoch [1/5], Batch [90/300], Loss: 1.5505 (Overall: 1.3603, Change: 1.5409), TF Ratio: 0.982
[2026-06-17 05:45:42,873][root][INFO] - Epoch [1/5], Batch [91/300], Loss: 1.5482 (Overall: 1.2785, Change: 1.3978), TF Ratio: 0.982
[2026-06-17 05:45:43,025][root][INFO] - Epoch [1/5], Batch [92/300], Loss: 1.5456 (Overall: 0.9646, Change: 1.6601), TF Ratio: 0.982
[2026-06-17 05:45:43,176][root][INFO] - Epoch [1/5], Batch [93/300], Loss: 1.5422 (Overall: 1.0744, Change: 1.3721), TF Ratio: 0.981
[2026-06-17 05:45:43,327][root][INFO] - Epoch [1/5], Batch [94/300], Loss: 1.5408 (Overall: 1.1552, Change: 1.6709), TF Ratio: 0.981
[2026-06-17 05:45:43,480][root][INFO] - Epoch [1/5], Batch [95/300], Loss: 1.5388 (Overall: 1.0804, Change: 1.6319), TF Ratio: 0.981
[2026-06-17 05:45:43,631][root][INFO] - Epoch [1/5], Batch [96/300], Loss: 1.5376 (Overall: 1.2126, Change: 1.6198), TF Ratio: 0.981
[2026-06-17 05:45:43,782][root][INFO] - Epoch [1/5], Batch [97/300], Loss: 1.5339 (Overall: 0.9749, Change: 1.3791), TF Ratio: 0.981
[2026-06-17 05:45:43,962][root][INFO] - Epoch [1/5], Batch [98/300], Loss: 1.5319 (Overall: 1.0555, Change: 1.6232), TF Ratio: 0.980
[2026-06-17 05:45:44,119][root][INFO] - Epoch [1/5], Batch [99/300], Loss: 1.5295 (Overall: 0.9947, Change: 1.6050), TF Ratio: 0.980
[2026-06-17 05:45:44,270][root][INFO] - Epoch [1/5], Batch [100/300], Loss: 1.5310 (Overall: 1.4320, Change: 1.9196), TF Ratio: 0.980
[2026-06-17 05:45:44,493][root][INFO] - Epoch [1/5], Batch [101/300], Loss: 1.5328 (Overall: 1.5982, Change: 1.8332), TF Ratio: 0.980
[2026-06-17 05:45:44,643][root][INFO] - Epoch [1/5], Batch [102/300], Loss: 1.5321 (Overall: 1.2299, Change: 1.6901), TF Ratio: 0.980
[2026-06-17 05:45:44,794][root][INFO] - Epoch [1/5], Batch [103/300], Loss: 1.5324 (Overall: 1.5387, Change: 1.5957), TF Ratio: 0.979
[2026-06-17 05:45:44,954][root][INFO] - Epoch [1/5], Batch [104/300], Loss: 1.5270 (Overall: 0.9798, Change: 0.9631), TF Ratio: 0.979
[2026-06-17 05:45:45,106][root][INFO] - Epoch [1/5], Batch [105/300], Loss: 1.5258 (Overall: 1.0537, Change: 1.7371), TF Ratio: 0.979
[2026-06-17 05:45:45,264][root][INFO] - Epoch [1/5], Batch [106/300], Loss: 1.5237 (Overall: 1.0593, Change: 1.5557), TF Ratio: 0.979
[2026-06-17 05:45:45,417][root][INFO] - Epoch [1/5], Batch [107/300], Loss: 1.5212 (Overall: 0.9129, Change: 1.6015), TF Ratio: 0.979
[2026-06-17 05:45:45,569][root][INFO] - Epoch [1/5], Batch [108/300], Loss: 1.5217 (Overall: 1.8592, Change: 1.2760), TF Ratio: 0.978
[2026-06-17 05:45:45,719][root][INFO] - Epoch [1/5], Batch [109/300], Loss: 1.5221 (Overall: 1.2866, Change: 1.8481), TF Ratio: 0.978
[2026-06-17 05:45:45,869][root][INFO] - Epoch [1/5], Batch [110/300], Loss: 1.5215 (Overall: 1.2249, Change: 1.6888), TF Ratio: 0.978
[2026-06-17 05:45:46,027][root][INFO] - Epoch [1/5], Batch [111/300], Loss: 1.5198 (Overall: 0.8914, Change: 1.7856), TF Ratio: 0.978
[2026-06-17 05:45:46,178][root][INFO] - Epoch [1/5], Batch [112/300], Loss: 1.5163 (Overall: 0.9237, Change: 1.3162), TF Ratio: 0.978
[2026-06-17 05:45:46,328][root][INFO] - Epoch [1/5], Batch [113/300], Loss: 1.5146 (Overall: 0.9714, Change: 1.6704), TF Ratio: 0.977
[2026-06-17 05:45:46,478][root][INFO] - Epoch [1/5], Batch [114/300], Loss: 1.5137 (Overall: 1.1785, Change: 1.6540), TF Ratio: 0.977
[2026-06-17 05:45:46,628][root][INFO] - Epoch [1/5], Batch [115/300], Loss: 1.5104 (Overall: 0.9077, Change: 1.3748), TF Ratio: 0.977
[2026-06-17 05:45:46,780][root][INFO] - Epoch [1/5], Batch [116/300], Loss: 1.5078 (Overall: 0.9468, Change: 1.4507), TF Ratio: 0.977
[2026-06-17 05:45:46,931][root][INFO] - Epoch [1/5], Batch [117/300], Loss: 1.5044 (Overall: 0.9719, Change: 1.2497), TF Ratio: 0.977
[2026-06-17 05:45:47,081][root][INFO] - Epoch [1/5], Batch [118/300], Loss: 1.5024 (Overall: 0.9923, Change: 1.5536), TF Ratio: 0.976
[2026-06-17 05:45:47,232][root][INFO] - Epoch [1/5], Batch [119/300], Loss: 1.4976 (Overall: 0.8774, Change: 0.9737), TF Ratio: 0.976
[2026-06-17 05:45:47,383][root][INFO] - Epoch [1/5], Batch [120/300], Loss: 1.4967 (Overall: 1.0107, Change: 1.7891), TF Ratio: 0.976
[2026-06-17 05:45:47,533][root][INFO] - Epoch [1/5], Batch [121/300], Loss: 1.4962 (Overall: 1.2577, Change: 1.5970), TF Ratio: 0.976
[2026-06-17 05:45:47,683][root][INFO] - Epoch [1/5], Batch [122/300], Loss: 1.4960 (Overall: 1.0764, Change: 1.8657), TF Ratio: 0.976
[2026-06-17 05:45:47,833][root][INFO] - Epoch [1/5], Batch [123/300], Loss: 1.4945 (Overall: 0.9060, Change: 1.7269), TF Ratio: 0.975
[2026-06-17 05:45:47,984][root][INFO] - Epoch [1/5], Batch [124/300], Loss: 1.4924 (Overall: 0.9634, Change: 1.4921), TF Ratio: 0.975
[2026-06-17 05:45:48,134][root][INFO] - Epoch [1/5], Batch [125/300], Loss: 1.4914 (Overall: 0.9102, Change: 1.8324), TF Ratio: 0.975
[2026-06-17 05:45:48,284][root][INFO] - Epoch [1/5], Batch [126/300], Loss: 1.4899 (Overall: 1.0724, Change: 1.5243), TF Ratio: 0.975
[2026-06-17 05:45:48,438][root][INFO] - Epoch [1/5], Batch [127/300], Loss: 1.4899 (Overall: 1.1032, Change: 1.8928), TF Ratio: 0.975
[2026-06-17 05:45:48,590][root][INFO] - Epoch [1/5], Batch [128/300], Loss: 1.4891 (Overall: 1.0152, Change: 1.7640), TF Ratio: 0.974
[2026-06-17 05:45:48,745][root][INFO] - Epoch [1/5], Batch [129/300], Loss: 1.4883 (Overall: 1.1229, Change: 1.6375), TF Ratio: 0.974
[2026-06-17 05:45:48,896][root][INFO] - Epoch [1/5], Batch [130/300], Loss: 1.4860 (Overall: 0.9966, Change: 1.3862), TF Ratio: 0.974
[2026-06-17 05:45:49,052][root][INFO] - Epoch [1/5], Batch [131/300], Loss: 1.4824 (Overall: 0.7972, Change: 1.2349), TF Ratio: 0.974
[2026-06-17 05:45:49,203][root][INFO] - Epoch [1/5], Batch [132/300], Loss: 1.4834 (Overall: 1.1689, Change: 2.0455), TF Ratio: 0.974
[2026-06-17 05:45:49,353][root][INFO] - Epoch [1/5], Batch [133/300], Loss: 1.4823 (Overall: 1.1699, Change: 1.5169), TF Ratio: 0.973
[2026-06-17 05:45:49,508][root][INFO] - Epoch [1/5], Batch [134/300], Loss: 1.4816 (Overall: 1.2536, Change: 1.5239), TF Ratio: 0.973
[2026-06-17 05:45:49,659][root][INFO] - Epoch [1/5], Batch [135/300], Loss: 1.4807 (Overall: 0.8419, Change: 1.8624), TF Ratio: 0.973
[2026-06-17 05:45:49,816][root][INFO] - Epoch [1/5], Batch [136/300], Loss: 1.4785 (Overall: 0.9591, Change: 1.4044), TF Ratio: 0.973
[2026-06-17 05:45:49,971][root][INFO] - Epoch [1/5], Batch [137/300], Loss: 1.4764 (Overall: 0.8798, Change: 1.5015), TF Ratio: 0.973
[2026-06-17 05:45:50,122][root][INFO] - Epoch [1/5], Batch [138/300], Loss: 1.4766 (Overall: 1.0435, Change: 1.9738), TF Ratio: 0.972
[2026-06-17 05:45:50,272][root][INFO] - Epoch [1/5], Batch [139/300], Loss: 1.4770 (Overall: 1.1958, Change: 1.8810), TF Ratio: 0.972
[2026-06-17 05:45:50,427][root][INFO] - Epoch [1/5], Batch [140/300], Loss: 1.4742 (Overall: 0.8534, Change: 1.3015), TF Ratio: 0.972
[2026-06-17 05:45:50,577][root][INFO] - Epoch [1/5], Batch [141/300], Loss: 1.4727 (Overall: 1.0628, Change: 1.4768), TF Ratio: 0.972
[2026-06-17 05:45:50,728][root][INFO] - Epoch [1/5], Batch [142/300], Loss: 1.4725 (Overall: 1.2173, Change: 1.6630), TF Ratio: 0.972
[2026-06-17 05:45:50,883][root][INFO] - Epoch [1/5], Batch [143/300], Loss: 1.4733 (Overall: 1.0266, Change: 2.1568), TF Ratio: 0.971
[2026-06-17 05:45:51,045][root][INFO] - Epoch [1/5], Batch [144/300], Loss: 1.4725 (Overall: 1.0562, Change: 1.6497), TF Ratio: 0.971
[2026-06-17 05:45:51,196][root][INFO] - Epoch [1/5], Batch [145/300], Loss: 1.4718 (Overall: 1.1284, Change: 1.6267), TF Ratio: 0.971
[2026-06-17 05:45:51,354][root][INFO] - Epoch [1/5], Batch [146/300], Loss: 1.4710 (Overall: 1.1966, Change: 1.5010), TF Ratio: 0.971
[2026-06-17 05:45:51,505][root][INFO] - Epoch [1/5], Batch [147/300], Loss: 1.4698 (Overall: 1.0258, Change: 1.5525), TF Ratio: 0.971
[2026-06-17 05:45:51,656][root][INFO] - Epoch [1/5], Batch [148/300], Loss: 1.4680 (Overall: 0.9858, Change: 1.4263), TF Ratio: 0.970
[2026-06-17 05:45:51,806][root][INFO] - Epoch [1/5], Batch [149/300], Loss: 1.4674 (Overall: 1.2391, Change: 1.5360), TF Ratio: 0.970
[2026-06-17 05:45:51,956][root][INFO] - Epoch [1/5], Batch [150/300], Loss: 1.4664 (Overall: 1.1528, Change: 1.4749), TF Ratio: 0.970
[2026-06-17 05:45:52,106][root][INFO] - Epoch [1/5], Batch [151/300], Loss: 1.4676 (Overall: 1.0725, Change: 2.2256), TF Ratio: 0.970
[2026-06-17 05:45:52,257][root][INFO] - Epoch [1/5], Batch [152/300], Loss: 1.4666 (Overall: 1.1310, Change: 1.4937), TF Ratio: 0.970
[2026-06-17 05:45:52,408][root][INFO] - Epoch [1/5], Batch [153/300], Loss: 1.4657 (Overall: 0.9461, Change: 1.6983), TF Ratio: 0.969
[2026-06-17 05:45:52,558][root][INFO] - Epoch [1/5], Batch [154/300], Loss: 1.4647 (Overall: 1.1930, Change: 1.4392), TF Ratio: 0.969
[2026-06-17 05:45:52,708][root][INFO] - Epoch [1/5], Batch [155/300], Loss: 1.4641 (Overall: 1.2387, Change: 1.5167), TF Ratio: 0.969
[2026-06-17 05:45:52,860][root][INFO] - Epoch [1/5], Batch [156/300], Loss: 1.4668 (Overall: 0.9190, Change: 2.8500), TF Ratio: 0.969
[2026-06-17 05:45:53,010][root][INFO] - Epoch [1/5], Batch [157/300], Loss: 1.4666 (Overall: 1.0324, Change: 1.8448), TF Ratio: 0.969
[2026-06-17 05:45:53,160][root][INFO] - Epoch [1/5], Batch [158/300], Loss: 1.4654 (Overall: 1.0596, Change: 1.4696), TF Ratio: 0.968
[2026-06-17 05:45:53,310][root][INFO] - Epoch [1/5], Batch [159/300], Loss: 1.4634 (Overall: 0.8278, Change: 1.4794), TF Ratio: 0.968
[2026-06-17 05:45:53,461][root][INFO] - Epoch [1/5], Batch [160/300], Loss: 1.4633 (Overall: 1.1859, Change: 1.7089), TF Ratio: 0.968
[2026-06-17 05:45:53,610][root][INFO] - Epoch [1/5], Batch [161/300], Loss: 1.4650 (Overall: 1.2925, Change: 2.1777), TF Ratio: 0.968
[2026-06-17 05:45:53,761][root][INFO] - Epoch [1/5], Batch [162/300], Loss: 1.4642 (Overall: 1.1096, Change: 1.5663), TF Ratio: 0.968
[2026-06-17 05:45:53,916][root][INFO] - Epoch [1/5], Batch [163/300], Loss: 1.4638 (Overall: 1.0432, Change: 1.7537), TF Ratio: 0.967
[2026-06-17 05:45:54,067][root][INFO] - Epoch [1/5], Batch [164/300], Loss: 1.4637 (Overall: 0.9721, Change: 1.9074), TF Ratio: 0.967
[2026-06-17 05:45:54,217][root][INFO] - Epoch [1/5], Batch [165/300], Loss: 1.4633 (Overall: 1.0285, Change: 1.7733), TF Ratio: 0.967
[2026-06-17 05:45:54,367][root][INFO] - Epoch [1/5], Batch [166/300], Loss: 1.4616 (Overall: 0.9498, Change: 1.4073), TF Ratio: 0.967
[2026-06-17 05:45:54,521][root][INFO] - Epoch [1/5], Batch [167/300], Loss: 1.4608 (Overall: 1.0503, Change: 1.6237), TF Ratio: 0.967
[2026-06-17 05:45:54,672][root][INFO] - Epoch [1/5], Batch [168/300], Loss: 1.4607 (Overall: 1.0465, Change: 1.8373), TF Ratio: 0.966
[2026-06-17 05:45:54,822][root][INFO] - Epoch [1/5], Batch [169/300], Loss: 1.4599 (Overall: 1.0644, Change: 1.5955), TF Ratio: 0.966
[2026-06-17 05:45:54,972][root][INFO] - Epoch [1/5], Batch [170/300], Loss: 1.4590 (Overall: 0.9413, Change: 1.6773), TF Ratio: 0.966
[2026-06-17 05:45:55,122][root][INFO] - Epoch [1/5], Batch [171/300], Loss: 1.4582 (Overall: 0.9646, Change: 1.6569), TF Ratio: 0.966
[2026-06-17 05:45:55,280][root][INFO] - Epoch [1/5], Batch [172/300], Loss: 1.4582 (Overall: 1.2331, Change: 1.6772), TF Ratio: 0.966
[2026-06-17 05:45:55,429][root][INFO] - Epoch [1/5], Batch [173/300], Loss: 1.4581 (Overall: 1.2350, Change: 1.6712), TF Ratio: 0.965
[2026-06-17 05:45:55,579][root][INFO] - Epoch [1/5], Batch [174/300], Loss: 1.4569 (Overall: 0.9886, Change: 1.4991), TF Ratio: 0.965
[2026-06-17 05:45:55,729][root][INFO] - Epoch [1/5], Batch [175/300], Loss: 1.4570 (Overall: 1.3301, Change: 1.6020), TF Ratio: 0.965
[2026-06-17 05:45:55,881][root][INFO] - Epoch [1/5], Batch [176/300], Loss: 1.4568 (Overall: 1.1056, Change: 1.7577), TF Ratio: 0.965
[2026-06-17 05:45:56,030][root][INFO] - Epoch [1/5], Batch [177/300], Loss: 1.4563 (Overall: 1.2319, Change: 1.4898), TF Ratio: 0.965
[2026-06-17 05:45:56,181][root][INFO] - Epoch [1/5], Batch [178/300], Loss: 1.4558 (Overall: 1.0428, Change: 1.6996), TF Ratio: 0.964
[2026-06-17 05:45:56,331][root][INFO] - Epoch [1/5], Batch [179/300], Loss: 1.4544 (Overall: 0.8724, Change: 1.5545), TF Ratio: 0.964
[2026-06-17 05:45:56,483][root][INFO] - Epoch [1/5], Batch [180/300], Loss: 1.4542 (Overall: 0.9565, Change: 1.8844), TF Ratio: 0.964
[2026-06-17 05:45:56,634][root][INFO] - Epoch [1/5], Batch [181/300], Loss: 1.4532 (Overall: 0.8400, Change: 1.7026), TF Ratio: 0.964
[2026-06-17 05:45:56,785][root][INFO] - Epoch [1/5], Batch [182/300], Loss: 1.4512 (Overall: 0.9290, Change: 1.2262), TF Ratio: 0.964
[2026-06-17 05:45:56,936][root][INFO] - Epoch [1/5], Batch [183/300], Loss: 1.4501 (Overall: 0.8464, Change: 1.6453), TF Ratio: 0.963
[2026-06-17 05:45:57,087][root][INFO] - Epoch [1/5], Batch [184/300], Loss: 1.4509 (Overall: 1.1795, Change: 2.0396), TF Ratio: 0.963
[2026-06-17 05:45:57,237][root][INFO] - Epoch [1/5], Batch [185/300], Loss: 1.4505 (Overall: 1.1567, Change: 1.6053), TF Ratio: 0.963
[2026-06-17 05:45:57,388][root][INFO] - Epoch [1/5], Batch [186/300], Loss: 1.4485 (Overall: 0.8613, Change: 1.2823), TF Ratio: 0.963
[2026-06-17 05:45:57,539][root][INFO] - Epoch [1/5], Batch [187/300], Loss: 1.4481 (Overall: 1.1326, Change: 1.5992), TF Ratio: 0.963
[2026-06-17 05:45:57,700][root][INFO] - Epoch [1/5], Batch [188/300], Loss: 1.4473 (Overall: 1.0892, Change: 1.5310), TF Ratio: 0.962
[2026-06-17 05:45:57,859][root][INFO] - Epoch [1/5], Batch [189/300], Loss: 1.4471 (Overall: 0.9040, Change: 1.8889), TF Ratio: 0.962
[2026-06-17 05:45:58,019][root][INFO] - Epoch [1/5], Batch [190/300], Loss: 1.4467 (Overall: 1.0374, Change: 1.7091), TF Ratio: 0.962
[2026-06-17 05:45:58,171][root][INFO] - Epoch [1/5], Batch [191/300], Loss: 1.4456 (Overall: 1.0676, Change: 1.4229), TF Ratio: 0.962
[2026-06-17 05:45:58,328][root][INFO] - Epoch [1/5], Batch [192/300], Loss: 1.4447 (Overall: 0.9738, Change: 1.5603), TF Ratio: 0.962
[2026-06-17 05:45:58,478][root][INFO] - Epoch [1/5], Batch [193/300], Loss: 1.4439 (Overall: 0.9436, Change: 1.6418), TF Ratio: 0.961
[2026-06-17 05:45:58,645][root][INFO] - Epoch [1/5], Batch [194/300], Loss: 1.4432 (Overall: 0.8099, Change: 1.8084), TF Ratio: 0.961
[2026-06-17 05:45:58,800][root][INFO] - Epoch [1/5], Batch [195/300], Loss: 1.4415 (Overall: 0.8775, Change: 1.3480), TF Ratio: 0.961
[2026-06-17 05:45:58,952][root][INFO] - Epoch [1/5], Batch [196/300], Loss: 1.4398 (Overall: 0.7749, Change: 1.4413), TF Ratio: 0.961
[2026-06-17 05:45:59,112][root][INFO] - Epoch [1/5], Batch [197/300], Loss: 1.4406 (Overall: 1.3475, Change: 1.8251), TF Ratio: 0.961
[2026-06-17 05:45:59,270][root][INFO] - Epoch [1/5], Batch [198/300], Loss: 1.4406 (Overall: 1.0705, Change: 1.8179), TF Ratio: 0.960
[2026-06-17 05:45:59,421][root][INFO] - Epoch [1/5], Batch [199/300], Loss: 1.4426 (Overall: 2.0684, Change: 1.6120), TF Ratio: 0.960
[2026-06-17 05:45:59,572][root][INFO] - Epoch [1/5], Batch [200/300], Loss: 1.4415 (Overall: 0.8522, Change: 1.6188), TF Ratio: 0.960
[2026-06-17 05:45:59,723][root][INFO] - Epoch [1/5], Batch [201/300], Loss: 1.4403 (Overall: 0.8421, Change: 1.5504), TF Ratio: 0.960
[2026-06-17 05:45:59,874][root][INFO] - Epoch [1/5], Batch [202/300], Loss: 1.4392 (Overall: 0.9284, Change: 1.4834), TF Ratio: 0.960
[2026-06-17 05:46:00,025][root][INFO] - Epoch [1/5], Batch [203/300], Loss: 1.4375 (Overall: 0.8489, Change: 1.3345), TF Ratio: 0.959
[2026-06-17 05:46:00,177][root][INFO] - Epoch [1/5], Batch [204/300], Loss: 1.4365 (Overall: 1.0039, Change: 1.4703), TF Ratio: 0.959
[2026-06-17 05:46:00,328][root][INFO] - Epoch [1/5], Batch [205/300], Loss: 1.4353 (Overall: 1.0587, Change: 1.3302), TF Ratio: 0.959
[2026-06-17 05:46:00,479][root][INFO] - Epoch [1/5], Batch [206/300], Loss: 1.4353 (Overall: 1.3314, Change: 1.5414), TF Ratio: 0.959
[2026-06-17 05:46:00,630][root][INFO] - Epoch [1/5], Batch [207/300], Loss: 1.4356 (Overall: 1.1059, Change: 1.8993), TF Ratio: 0.959
[2026-06-17 05:46:00,781][root][INFO] - Epoch [1/5], Batch [208/300], Loss: 1.4343 (Overall: 0.8376, Change: 1.5002), TF Ratio: 0.958
[2026-06-17 05:46:00,939][root][INFO] - Epoch [1/5], Batch [209/300], Loss: 1.4325 (Overall: 0.7400, Change: 1.3757), TF Ratio: 0.958
[2026-06-17 05:46:01,089][root][INFO] - Epoch [1/5], Batch [210/300], Loss: 1.4304 (Overall: 0.9182, Change: 1.0362), TF Ratio: 0.958
[2026-06-17 05:46:01,240][root][INFO] - Epoch [1/5], Batch [211/300], Loss: 1.4287 (Overall: 0.7404, Change: 1.4026), TF Ratio: 0.958
[2026-06-17 05:46:01,399][root][INFO] - Epoch [1/5], Batch [212/300], Loss: 1.4280 (Overall: 0.9714, Change: 1.5997), TF Ratio: 0.958
[2026-06-17 05:46:01,549][root][INFO] - Epoch [1/5], Batch [213/300], Loss: 1.4272 (Overall: 1.0437, Change: 1.4566), TF Ratio: 0.957
[2026-06-17 05:46:01,700][root][INFO] - Epoch [1/5], Batch [214/300], Loss: 1.4265 (Overall: 0.9261, Change: 1.6308), TF Ratio: 0.957
[2026-06-17 05:46:01,857][root][INFO] - Epoch [1/5], Batch [215/300], Loss: 1.4247 (Overall: 0.7960, Change: 1.3025), TF Ratio: 0.957
[2026-06-17 05:46:02,008][root][INFO] - Epoch [1/5], Batch [216/300], Loss: 1.4244 (Overall: 1.1809, Change: 1.5553), TF Ratio: 0.957
[2026-06-17 05:46:02,159][root][INFO] - Epoch [1/5], Batch [217/300], Loss: 1.4231 (Overall: 0.7588, Change: 1.4933), TF Ratio: 0.957
[2026-06-17 05:46:02,310][root][INFO] - Epoch [1/5], Batch [218/300], Loss: 1.4221 (Overall: 0.8400, Change: 1.6030), TF Ratio: 0.956
[2026-06-17 05:46:02,477][root][INFO] - Epoch [1/5], Batch [219/300], Loss: 1.4212 (Overall: 0.9442, Change: 1.4720), TF Ratio: 0.956
[2026-06-17 05:46:02,629][root][INFO] - Epoch [1/5], Batch [220/300], Loss: 1.4199 (Overall: 0.8785, Change: 1.4053), TF Ratio: 0.956
[2026-06-17 05:46:02,780][root][INFO] - Epoch [1/5], Batch [221/300], Loss: 1.4192 (Overall: 0.9531, Change: 1.5875), TF Ratio: 0.956
[2026-06-17 05:46:02,930][root][INFO] - Epoch [1/5], Batch [222/300], Loss: 1.4190 (Overall: 1.0105, Change: 1.7162), TF Ratio: 0.956
[2026-06-17 05:46:03,081][root][INFO] - Epoch [1/5], Batch [223/300], Loss: 1.4179 (Overall: 1.1269, Change: 1.2182), TF Ratio: 0.955
[2026-06-17 05:46:03,233][root][INFO] - Epoch [1/5], Batch [224/300], Loss: 1.4169 (Overall: 1.1302, Change: 1.2562), TF Ratio: 0.955
[2026-06-17 05:46:03,384][root][INFO] - Epoch [1/5], Batch [225/300], Loss: 1.4160 (Overall: 1.1458, Change: 1.3146), TF Ratio: 0.955
[2026-06-17 05:46:03,544][root][INFO] - Epoch [1/5], Batch [226/300], Loss: 1.4151 (Overall: 0.8320, Change: 1.5644), TF Ratio: 0.955
[2026-06-17 05:46:03,695][root][INFO] - Epoch [1/5], Batch [227/300], Loss: 1.4138 (Overall: 0.8323, Change: 1.4435), TF Ratio: 0.955
[2026-06-17 05:46:03,848][root][INFO] - Epoch [1/5], Batch [228/300], Loss: 1.4139 (Overall: 1.0885, Change: 1.7649), TF Ratio: 0.954
[2026-06-17 05:46:03,998][root][INFO] - Epoch [1/5], Batch [229/300], Loss: 1.4146 (Overall: 1.2313, Change: 1.9370), TF Ratio: 0.954
[2026-06-17 05:46:04,149][root][INFO] - Epoch [1/5], Batch [230/300], Loss: 1.4159 (Overall: 1.5122, Change: 1.8720), TF Ratio: 0.954
[2026-06-17 05:46:04,300][root][INFO] - Epoch [1/5], Batch [231/300], Loss: 1.4142 (Overall: 0.7863, Change: 1.2651), TF Ratio: 0.954
[2026-06-17 05:46:04,451][root][INFO] - Epoch [1/5], Batch [232/300], Loss: 1.4142 (Overall: 1.1853, Change: 1.6736), TF Ratio: 0.954
[2026-06-17 05:46:04,601][root][INFO] - Epoch [1/5], Batch [233/300], Loss: 1.4121 (Overall: 0.8016, Change: 1.0417), TF Ratio: 0.953
[2026-06-17 05:46:04,751][root][INFO] - Epoch [1/5], Batch [234/300], Loss: 1.4115 (Overall: 1.0307, Change: 1.4916), TF Ratio: 0.953
[2026-06-17 05:46:04,902][root][INFO] - Epoch [1/5], Batch [235/300], Loss: 1.4101 (Overall: 0.7230, Change: 1.4729), TF Ratio: 0.953
[2026-06-17 05:46:05,053][root][INFO] - Epoch [1/5], Batch [236/300], Loss: 1.4093 (Overall: 0.8986, Change: 1.5170), TF Ratio: 0.953
[2026-06-17 05:46:05,205][root][INFO] - Epoch [1/5], Batch [237/300], Loss: 1.4092 (Overall: 1.0328, Change: 1.7360), TF Ratio: 0.953
[2026-06-17 05:46:05,358][root][INFO] - Epoch [1/5], Batch [238/300], Loss: 1.4091 (Overall: 1.6219, Change: 1.1637), TF Ratio: 0.952
[2026-06-17 05:46:05,509][root][INFO] - Epoch [1/5], Batch [239/300], Loss: 1.4089 (Overall: 1.3750, Change: 1.3683), TF Ratio: 0.952
[2026-06-17 05:46:05,661][root][INFO] - Epoch [1/5], Batch [240/300], Loss: 1.4088 (Overall: 0.8077, Change: 1.9587), TF Ratio: 0.952
[2026-06-17 05:46:05,812][root][INFO] - Epoch [1/5], Batch [241/300], Loss: 1.4090 (Overall: 0.9522, Change: 1.9405), TF Ratio: 0.952
[2026-06-17 05:46:05,963][root][INFO] - Epoch [1/5], Batch [242/300], Loss: 1.4088 (Overall: 1.2032, Change: 1.5188), TF Ratio: 0.952
[2026-06-17 05:46:06,114][root][INFO] - Epoch [1/5], Batch [243/300], Loss: 1.4091 (Overall: 1.3239, Change: 1.6419), TF Ratio: 0.951
[2026-06-17 05:46:06,265][root][INFO] - Epoch [1/5], Batch [244/300], Loss: 1.4079 (Overall: 0.8815, Change: 1.3673), TF Ratio: 0.951
[2026-06-17 05:46:06,422][root][INFO] - Epoch [1/5], Batch [245/300], Loss: 1.4072 (Overall: 0.8743, Change: 1.6026), TF Ratio: 0.951
[2026-06-17 05:46:06,572][root][INFO] - Epoch [1/5], Batch [246/300], Loss: 1.4066 (Overall: 0.9464, Change: 1.5370), TF Ratio: 0.951
[2026-06-17 05:46:06,722][root][INFO] - Epoch [1/5], Batch [247/300], Loss: 1.4069 (Overall: 0.8364, Change: 2.1442), TF Ratio: 0.951
[2026-06-17 05:46:06,874][root][INFO] - Epoch [1/5], Batch [248/300], Loss: 1.4059 (Overall: 0.8668, Change: 1.4616), TF Ratio: 0.950
[2026-06-17 05:46:07,024][root][INFO] - Epoch [1/5], Batch [249/300], Loss: 1.4058 (Overall: 1.0949, Change: 1.6583), TF Ratio: 0.950
[2026-06-17 05:46:07,175][root][INFO] - Epoch [1/5], Batch [250/300], Loss: 1.4054 (Overall: 0.8747, Change: 1.7211), TF Ratio: 0.950
[2026-06-17 05:46:07,325][root][INFO] - Epoch [1/5], Batch [251/300], Loss: 1.4047 (Overall: 1.0183, Change: 1.4444), TF Ratio: 0.950
[2026-06-17 05:46:07,477][root][INFO] - Epoch [1/5], Batch [252/300], Loss: 1.4041 (Overall: 0.9886, Change: 1.5418), TF Ratio: 0.950
[2026-06-17 05:46:07,627][root][INFO] - Epoch [1/5], Batch [253/300], Loss: 1.4048 (Overall: 1.5413, Change: 1.6253), TF Ratio: 0.949
[2026-06-17 05:46:07,777][root][INFO] - Epoch [1/5], Batch [254/300], Loss: 1.4045 (Overall: 0.9511, Change: 1.6780), TF Ratio: 0.949
[2026-06-17 05:46:07,933][root][INFO] - Epoch [1/5], Batch [255/300], Loss: 1.4035 (Overall: 0.9894, Change: 1.3170), TF Ratio: 0.949
[2026-06-17 05:46:08,084][root][INFO] - Epoch [1/5], Batch [256/300], Loss: 1.4024 (Overall: 0.9895, Change: 1.2642), TF Ratio: 0.949
[2026-06-17 05:46:08,233][root][INFO] - Epoch [1/5], Batch [257/300], Loss: 1.4022 (Overall: 1.1956, Change: 1.5016), TF Ratio: 0.949
[2026-06-17 05:46:08,393][root][INFO] - Epoch [1/5], Batch [258/300], Loss: 1.4014 (Overall: 0.8631, Change: 1.5077), TF Ratio: 0.948
[2026-06-17 05:46:08,548][root][INFO] - Epoch [1/5], Batch [259/300], Loss: 1.4010 (Overall: 0.8684, Change: 1.7336), TF Ratio: 0.948
[2026-06-17 05:46:08,700][root][INFO] - Epoch [1/5], Batch [260/300], Loss: 1.4007 (Overall: 0.9566, Change: 1.6738), TF Ratio: 0.948
[2026-06-17 05:46:08,850][root][INFO] - Epoch [1/5], Batch [261/300], Loss: 1.4004 (Overall: 0.9923, Change: 1.6496), TF Ratio: 0.948
[2026-06-17 05:46:09,001][root][INFO] - Epoch [1/5], Batch [262/300], Loss: 1.3995 (Overall: 0.6850, Change: 1.6932), TF Ratio: 0.948
[2026-06-17 05:46:09,152][root][INFO] - Epoch [1/5], Batch [263/300], Loss: 1.3983 (Overall: 0.8153, Change: 1.3291), TF Ratio: 0.947
[2026-06-17 05:46:09,303][root][INFO] - Epoch [1/5], Batch [264/300], Loss: 1.3980 (Overall: 1.0625, Change: 1.5810), TF Ratio: 0.947
[2026-06-17 05:46:09,453][root][INFO] - Epoch [1/5], Batch [265/300], Loss: 1.3980 (Overall: 1.1397, Change: 1.6766), TF Ratio: 0.947
[2026-06-17 05:46:09,604][root][INFO] - Epoch [1/5], Batch [266/300], Loss: 1.3960 (Overall: 0.7337, Change: 0.9605), TF Ratio: 0.947
[2026-06-17 05:46:09,762][root][INFO] - Epoch [1/5], Batch [267/300], Loss: 1.3957 (Overall: 1.0679, Change: 1.5947), TF Ratio: 0.947
[2026-06-17 05:46:09,915][root][INFO] - Epoch [1/5], Batch [268/300], Loss: 1.3953 (Overall: 1.0129, Change: 1.5202), TF Ratio: 0.946
[2026-06-17 05:46:10,072][root][INFO] - Epoch [1/5], Batch [269/300], Loss: 1.3941 (Overall: 0.7063, Change: 1.4850), TF Ratio: 0.946
[2026-06-17 05:46:10,230][root][INFO] - Epoch [1/5], Batch [270/300], Loss: 1.3947 (Overall: 1.5000, Change: 1.6062), TF Ratio: 0.946
[2026-06-17 05:46:10,381][root][INFO] - Epoch [1/5], Batch [271/300], Loss: 1.3948 (Overall: 1.0956, Change: 1.7547), TF Ratio: 0.946
[2026-06-17 05:46:10,532][root][INFO] - Epoch [1/5], Batch [272/300], Loss: 1.3950 (Overall: 1.2712, Change: 1.6147), TF Ratio: 0.946
[2026-06-17 05:46:10,682][root][INFO] - Epoch [1/5], Batch [273/300], Loss: 1.3968 (Overall: 1.9776, Change: 1.7995), TF Ratio: 0.945
[2026-06-17 05:46:10,833][root][INFO] - Epoch [1/5], Batch [274/300], Loss: 1.3962 (Overall: 0.9438, Change: 1.5177), TF Ratio: 0.945
[2026-06-17 05:46:10,984][root][INFO] - Epoch [1/5], Batch [275/300], Loss: 1.3948 (Overall: 0.6172, Change: 1.4132), TF Ratio: 0.945
[2026-06-17 05:46:11,139][root][INFO] - Epoch [1/5], Batch [276/300], Loss: 1.3943 (Overall: 0.8661, Change: 1.6547), TF Ratio: 0.945
[2026-06-17 05:46:11,299][root][INFO] - Epoch [1/5], Batch [277/300], Loss: 1.3946 (Overall: 1.2607, Change: 1.6697), TF Ratio: 0.945
[2026-06-17 05:46:11,450][root][INFO] - Epoch [1/5], Batch [278/300], Loss: 1.3931 (Overall: 0.9233, Change: 1.0155), TF Ratio: 0.944
[2026-06-17 05:46:11,601][root][INFO] - Epoch [1/5], Batch [279/300], Loss: 1.3920 (Overall: 1.0761, Change: 1.1075), TF Ratio: 0.944
[2026-06-17 05:46:11,753][root][INFO] - Epoch [1/5], Batch [280/300], Loss: 1.3920 (Overall: 1.0988, Change: 1.6832), TF Ratio: 0.944
[2026-06-17 05:46:11,903][root][INFO] - Epoch [1/5], Batch [281/300], Loss: 1.3922 (Overall: 1.0448, Change: 1.8662), TF Ratio: 0.944
[2026-06-17 05:46:12,060][root][INFO] - Epoch [1/5], Batch [282/300], Loss: 1.3920 (Overall: 0.9404, Change: 1.7403), TF Ratio: 0.944
[2026-06-17 05:46:12,219][root][INFO] - Epoch [1/5], Batch [283/300], Loss: 1.3911 (Overall: 0.9793, Change: 1.2919), TF Ratio: 0.943
[2026-06-17 05:46:12,380][root][INFO] - Epoch [1/5], Batch [284/300], Loss: 1.3907 (Overall: 0.9342, Change: 1.5972), TF Ratio: 0.943
[2026-06-17 05:46:12,530][root][INFO] - Epoch [1/5], Batch [285/300], Loss: 1.3901 (Overall: 1.1709, Change: 1.2613), TF Ratio: 0.943
[2026-06-17 05:46:12,686][root][INFO] - Epoch [1/5], Batch [286/300], Loss: 1.3897 (Overall: 1.0120, Change: 1.5489), TF Ratio: 0.943
[2026-06-17 05:46:12,842][root][INFO] - Epoch [1/5], Batch [287/300], Loss: 1.3880 (Overall: 0.7240, Change: 1.0624), TF Ratio: 0.943
[2026-06-17 05:46:12,995][root][INFO] - Epoch [1/5], Batch [288/300], Loss: 1.3869 (Overall: 0.7510, Change: 1.4060), TF Ratio: 0.942
[2026-06-17 05:46:13,148][root][INFO] - Epoch [1/5], Batch [289/300], Loss: 1.3910 (Overall: 1.4138, Change: 3.7357), TF Ratio: 0.942
[2026-06-17 05:46:13,299][root][INFO] - Epoch [1/5], Batch [290/300], Loss: 1.3898 (Overall: 0.7773, Change: 1.3101), TF Ratio: 0.942
[2026-06-17 05:46:13,458][root][INFO] - Epoch [1/5], Batch [291/300], Loss: 1.3887 (Overall: 0.7891, Change: 1.3288), TF Ratio: 0.942
[2026-06-17 05:46:13,610][root][INFO] - Epoch [1/5], Batch [292/300], Loss: 1.3882 (Overall: 0.9345, Change: 1.5641), TF Ratio: 0.942
[2026-06-17 05:46:13,760][root][INFO] - Epoch [1/5], Batch [293/300], Loss: 1.3873 (Overall: 0.7775, Change: 1.4579), TF Ratio: 0.941
[2026-06-17 05:46:13,911][root][INFO] - Epoch [1/5], Batch [294/300], Loss: 1.3868 (Overall: 0.9637, Change: 1.5230), TF Ratio: 0.941
[2026-06-17 05:46:14,062][root][INFO] - Epoch [1/5], Batch [295/300], Loss: 1.3875 (Overall: 1.2625, Change: 1.9458), TF Ratio: 0.941
[2026-06-17 05:46:14,217][root][INFO] - Epoch [1/5], Batch [296/300], Loss: 1.3872 (Overall: 1.0055, Change: 1.5666), TF Ratio: 0.941
[2026-06-17 05:46:14,369][root][INFO] - Epoch [1/5], Batch [297/300], Loss: 1.3866 (Overall: 1.0982, Change: 1.3677), TF Ratio: 0.941
[2026-06-17 05:46:14,519][root][INFO] - Epoch [1/5], Batch [298/300], Loss: 1.3860 (Overall: 0.7465, Change: 1.6361), TF Ratio: 0.940
[2026-06-17 05:46:14,674][root][INFO] - Epoch [1/5], Batch [299/300], Loss: 1.3855 (Overall: 1.1696, Change: 1.3382), TF Ratio: 0.940
[2026-06-17 05:46:14,825][root][INFO] - Epoch [1/5], Batch [300/300], Loss: 1.3842 (Overall: 0.7219, Change: 1.2575), TF Ratio: 0.940
[2026-06-17 05:46:16,901][root][INFO] - Epoch 1 done. Validating...
[2026-06-17 05:46:23,383][root][INFO] - Epoch [1/5] | Train: 1.3842 | Val: 0.5471
[2026-06-17 05:46:23,597][root][INFO] - Checkpoint saved: /gpfs/scratch/bsc32/bsc096444/ai4land-tfm/trained_models/unet_impl/41825213/best_model.pth
[2026-06-17 05:46:23,779][root][INFO] - Checkpoint saved: /gpfs/scratch/bsc32/bsc096444/ai4land-tfm/trained_models/unet_impl/41825213/model_epoch_1.pth
[2026-06-17 05:46:26,198][root][INFO] - Epoch [2/5], Batch [1/300], Loss: 1.1398 (Overall: 0.8596, Change: 1.4199), TF Ratio: 0.940
[2026-06-17 05:46:26,350][root][INFO] - Epoch [2/5], Batch [2/300], Loss: 1.1197 (Overall: 0.8597, Change: 1.3394), TF Ratio: 0.940
[2026-06-17 05:46:26,501][root][INFO] - Epoch [2/5], Batch [3/300], Loss: 1.0929 (Overall: 0.8513, Change: 1.2277), TF Ratio: 0.939
[2026-06-17 05:46:26,654][root][INFO] - Epoch [2/5], Batch [4/300], Loss: 1.1634 (Overall: 0.8301, Change: 1.9198), TF Ratio: 0.939
[2026-06-17 05:46:26,805][root][INFO] - Epoch [2/5], Batch [5/300], Loss: 1.1441 (Overall: 0.7570, Change: 1.3763), TF Ratio: 0.939
[2026-06-17 05:46:26,973][root][INFO] - Epoch [2/5], Batch [6/300], Loss: 1.1516 (Overall: 0.7831, Change: 1.5947), TF Ratio: 0.939
[2026-06-17 05:46:27,124][root][INFO] - Epoch [2/5], Batch [7/300], Loss: 1.1658 (Overall: 0.8298, Change: 1.6722), TF Ratio: 0.939
[2026-06-17 05:46:27,299][root][INFO] - Epoch [2/5], Batch [8/300], Loss: 1.1482 (Overall: 0.7968, Change: 1.2535), TF Ratio: 0.938
[2026-06-17 05:46:27,449][root][INFO] - Epoch [2/5], Batch [9/300], Loss: 1.1565 (Overall: 0.8892, Change: 1.5575), TF Ratio: 0.938
[2026-06-17 05:46:27,600][root][INFO] - Epoch [2/5], Batch [10/300], Loss: 1.1824 (Overall: 1.2718, Change: 1.5595), TF Ratio: 0.938
[2026-06-17 05:46:27,752][root][INFO] - Epoch [2/5], Batch [11/300], Loss: 1.2082 (Overall: 1.5764, Change: 1.3561), TF Ratio: 0.938
[2026-06-17 05:46:27,912][root][INFO] - Epoch [2/5], Batch [12/300], Loss: 1.2342 (Overall: 1.1238, Change: 1.9164), TF Ratio: 0.938
[2026-06-17 05:46:28,071][root][INFO] - Epoch [2/5], Batch [13/300], Loss: 1.2172 (Overall: 0.9063, Change: 1.1182), TF Ratio: 0.937
[2026-06-17 05:46:28,227][root][INFO] - Epoch [2/5], Batch [14/300], Loss: 1.2073 (Overall: 0.7575, Change: 1.4015), TF Ratio: 0.937
[2026-06-17 05:46:28,378][root][INFO] - Epoch [2/5], Batch [15/300], Loss: 1.2213 (Overall: 1.1916, Change: 1.6422), TF Ratio: 0.937
[2026-06-17 05:46:28,531][root][INFO] - Epoch [2/5], Batch [16/300], Loss: 1.2296 (Overall: 0.6877, Change: 2.0193), TF Ratio: 0.937
[2026-06-17 05:46:28,681][root][INFO] - Epoch [2/5], Batch [17/300], Loss: 1.2310 (Overall: 0.7926, Change: 1.7153), TF Ratio: 0.937
[2026-06-17 05:46:28,832][root][INFO] - Epoch [2/5], Batch [18/300], Loss: 1.2483 (Overall: 1.2978, Change: 1.7889), TF Ratio: 0.936
[2026-06-17 05:46:28,983][root][INFO] - Epoch [2/5], Batch [19/300], Loss: 1.2518 (Overall: 1.0700, Change: 1.5585), TF Ratio: 0.936
[2026-06-17 05:46:29,136][root][INFO] - Epoch [2/5], Batch [20/300], Loss: 1.2403 (Overall: 0.8690, Change: 1.1724), TF Ratio: 0.936
[2026-06-17 05:46:29,309][root][INFO] - Epoch [2/5], Batch [21/300], Loss: 1.2424 (Overall: 1.0805, Change: 1.4911), TF Ratio: 0.936
[2026-06-17 05:46:29,464][root][INFO] - Epoch [2/5], Batch [22/300], Loss: 1.2602 (Overall: 1.4808, Change: 1.7866), TF Ratio: 0.936
[2026-06-17 05:46:29,615][root][INFO] - Epoch [2/5], Batch [23/300], Loss: 1.2696 (Overall: 1.1884, Change: 1.7642), TF Ratio: 0.935
[2026-06-17 05:46:29,768][root][INFO] - Epoch [2/5], Batch [24/300], Loss: 1.2574 (Overall: 0.9002, Change: 1.0519), TF Ratio: 0.935
[2026-06-17 05:46:29,919][root][INFO] - Epoch [2/5], Batch [25/300], Loss: 1.2463 (Overall: 0.7382, Change: 1.2203), TF Ratio: 0.935
[2026-06-17 05:46:30,070][root][INFO] - Epoch [2/5], Batch [26/300], Loss: 1.2521 (Overall: 1.0692, Change: 1.7290), TF Ratio: 0.935
[2026-06-17 05:46:30,224][root][INFO] - Epoch [2/5], Batch [27/300], Loss: 1.2523 (Overall: 0.9034, Change: 1.6082), TF Ratio: 0.935
[2026-06-17 05:46:30,379][root][INFO] - Epoch [2/5], Batch [28/300], Loss: 1.2718 (Overall: 1.2697, Change: 2.3294), TF Ratio: 0.934
[2026-06-17 05:46:30,538][root][INFO] - Epoch [2/5], Batch [29/300], Loss: 1.2715 (Overall: 0.8733, Change: 1.6509), TF Ratio: 0.934
[2026-06-17 05:46:30,692][root][INFO] - Epoch [2/5], Batch [30/300], Loss: 1.2730 (Overall: 1.3194, Change: 1.3144), TF Ratio: 0.934
[2026-06-17 05:46:30,844][root][INFO] - Epoch [2/5], Batch [31/300], Loss: 1.2699 (Overall: 0.9678, Change: 1.3874), TF Ratio: 0.934
[2026-06-17 05:46:30,995][root][INFO] - Epoch [2/5], Batch [32/300], Loss: 1.2691 (Overall: 0.9182, Change: 1.5692), TF Ratio: 0.934
[2026-06-17 05:46:31,146][root][INFO] - Epoch [2/5], Batch [33/300], Loss: 1.2770 (Overall: 1.2166, Change: 1.8409), TF Ratio: 0.933
[2026-06-17 05:46:31,297][root][INFO] - Epoch [2/5], Batch [34/300], Loss: 1.2748 (Overall: 1.1747, Change: 1.2354), TF Ratio: 0.933
[2026-06-17 05:46:31,448][root][INFO] - Epoch [2/5], Batch [35/300], Loss: 1.2744 (Overall: 0.9997, Change: 1.5181), TF Ratio: 0.933
[2026-06-17 05:46:31,608][root][INFO] - Epoch [2/5], Batch [36/300], Loss: 1.2723 (Overall: 1.0907, Change: 1.3083), TF Ratio: 0.933
[2026-06-17 05:46:31,769][root][INFO] - Epoch [2/5], Batch [37/300], Loss: 1.2726 (Overall: 0.9222, Change: 1.6401), TF Ratio: 0.933
[2026-06-17 05:46:31,928][root][INFO] - Epoch [2/5], Batch [38/300], Loss: 1.2735 (Overall: 0.8553, Change: 1.7617), TF Ratio: 0.932
[2026-06-17 05:46:32,080][root][INFO] - Epoch [2/5], Batch [39/300], Loss: 1.2667 (Overall: 0.7660, Change: 1.2535), TF Ratio: 0.932
[2026-06-17 05:46:32,234][root][INFO] - Epoch [2/5], Batch [40/300], Loss: 1.2673 (Overall: 0.7846, Change: 1.7922), TF Ratio: 0.932
[2026-06-17 05:46:32,384][root][INFO] - Epoch [2/5], Batch [41/300], Loss: 1.2671 (Overall: 0.9167, Change: 1.6026), TF Ratio: 0.932
[2026-06-17 05:46:32,535][root][INFO] - Epoch [2/5], Batch [42/300], Loss: 1.2682 (Overall: 0.9061, Change: 1.7187), TF Ratio: 0.932
[2026-06-17 05:46:32,686][root][INFO] - Epoch [2/5], Batch [43/300], Loss: 1.2697 (Overall: 0.8753, Change: 1.7894), TF Ratio: 0.931
[2026-06-17 05:46:32,838][root][INFO] - Epoch [2/5], Batch [44/300], Loss: 1.2633 (Overall: 0.7985, Change: 1.1846), TF Ratio: 0.931
[2026-06-17 05:46:32,997][root][INFO] - Epoch [2/5], Batch [45/300], Loss: 1.2627 (Overall: 0.7088, Change: 1.7587), TF Ratio: 0.931
[2026-06-17 05:46:33,148][root][INFO] - Epoch [2/5], Batch [46/300], Loss: 1.2662 (Overall: 1.1950, Change: 1.6529), TF Ratio: 0.931
[2026-06-17 05:46:33,299][root][INFO] - Epoch [2/5], Batch [47/300], Loss: 1.2613 (Overall: 0.7653, Change: 1.3065), TF Ratio: 0.931
[2026-06-17 05:46:33,451][root][INFO] - Epoch [2/5], Batch [48/300], Loss: 1.2582 (Overall: 0.7307, Change: 1.4963), TF Ratio: 0.930
[2026-06-17 05:46:33,602][root][INFO] - Epoch [2/5], Batch [49/300], Loss: 1.2553 (Overall: 0.7929, Change: 1.4357), TF Ratio: 0.930
[2026-06-17 05:46:33,757][root][INFO] - Epoch [2/5], Batch [50/300], Loss: 1.2472 (Overall: 0.7536, Change: 0.9466), TF Ratio: 0.930
[2026-06-17 05:46:33,915][root][INFO] - Epoch [2/5], Batch [51/300], Loss: 1.2477 (Overall: 0.9736, Change: 1.5727), TF Ratio: 0.930
[2026-06-17 05:46:34,067][root][INFO] - Epoch [2/5], Batch [52/300], Loss: 1.2479 (Overall: 1.0395, Change: 1.4767), TF Ratio: 0.930
[2026-06-17 05:46:34,225][root][INFO] - Epoch [2/5], Batch [53/300], Loss: 1.2411 (Overall: 0.7892, Change: 0.9897), TF Ratio: 0.929
[2026-06-17 05:46:34,376][root][INFO] - Epoch [2/5], Batch [54/300], Loss: 1.2423 (Overall: 0.9935, Change: 1.6140), TF Ratio: 0.929
[2026-06-17 05:46:34,529][root][INFO] - Epoch [2/5], Batch [55/300], Loss: 1.2440 (Overall: 1.3283, Change: 1.3454), TF Ratio: 0.929
[2026-06-17 05:46:34,681][root][INFO] - Epoch [2/5], Batch [56/300], Loss: 1.2448 (Overall: 1.0059, Change: 1.5760), TF Ratio: 0.929
[2026-06-17 05:46:34,831][root][INFO] - Epoch [2/5], Batch [57/300], Loss: 1.2394 (Overall: 0.8368, Change: 1.0374), TF Ratio: 0.929
[2026-06-17 05:46:34,982][root][INFO] - Epoch [2/5], Batch [58/300], Loss: 1.2389 (Overall: 0.8562, Change: 1.5620), TF Ratio: 0.928
[2026-06-17 05:46:35,133][root][INFO] - Epoch [2/5], Batch [59/300], Loss: 1.2368 (Overall: 0.9060, Change: 1.3248), TF Ratio: 0.928
[2026-06-17 05:46:35,285][root][INFO] - Epoch [2/5], Batch [60/300], Loss: 1.2426 (Overall: 1.2907, Change: 1.8733), TF Ratio: 0.928
[2026-06-17 05:46:35,436][root][INFO] - Epoch [2/5], Batch [61/300], Loss: 1.2407 (Overall: 0.8826, Change: 1.3733), TF Ratio: 0.928
[2026-06-17 05:46:35,593][root][INFO] - Epoch [2/5], Batch [62/300], Loss: 1.2388 (Overall: 0.7809, Change: 1.4673), TF Ratio: 0.928
[2026-06-17 05:46:35,744][root][INFO] - Epoch [2/5], Batch [63/300], Loss: 1.2379 (Overall: 1.1234, Change: 1.2436), TF Ratio: 0.927
[2026-06-17 05:46:35,896][root][INFO] - Epoch [2/5], Batch [64/300], Loss: 1.2384 (Overall: 0.8825, Change: 1.6466), TF Ratio: 0.927
[2026-06-17 05:46:36,046][root][INFO] - Epoch [2/5], Batch [65/300], Loss: 1.2405 (Overall: 1.0383, Change: 1.7128), TF Ratio: 0.927
[2026-06-17 05:46:36,198][root][INFO] - Epoch [2/5], Batch [66/300], Loss: 1.2347 (Overall: 0.6564, Change: 1.0573), TF Ratio: 0.927
[2026-06-17 05:46:36,349][root][INFO] - Epoch [2/5], Batch [67/300], Loss: 1.2372 (Overall: 1.1879, Change: 1.6213), TF Ratio: 0.927
[2026-06-17 05:46:36,504][root][INFO] - Epoch [2/5], Batch [68/300], Loss: 1.2343 (Overall: 0.8736, Change: 1.2078), TF Ratio: 0.926
[2026-06-17 05:46:36,659][root][INFO] - Epoch [2/5], Batch [69/300], Loss: 1.2351 (Overall: 1.0292, Change: 1.5435), TF Ratio: 0.926
[2026-06-17 05:46:36,810][root][INFO] - Epoch [2/5], Batch [70/300], Loss: 1.2332 (Overall: 0.8873, Change: 1.3280), TF Ratio: 0.926
[2026-06-17 05:46:36,961][root][INFO] - Epoch [2/5], Batch [71/300], Loss: 1.2320 (Overall: 0.7754, Change: 1.5105), TF Ratio: 0.926
[2026-06-17 05:46:37,112][root][INFO] - Epoch [2/5], Batch [72/300], Loss: 1.2299 (Overall: 0.8913, Change: 1.2747), TF Ratio: 0.926
[2026-06-17 05:46:37,262][root][INFO] - Epoch [2/5], Batch [73/300], Loss: 1.2314 (Overall: 1.1120, Change: 1.5718), TF Ratio: 0.925
[2026-06-17 05:46:37,412][root][INFO] - Epoch [2/5], Batch [74/300], Loss: 1.2289 (Overall: 0.8564, Change: 1.2292), TF Ratio: 0.925
[2026-06-17 05:46:37,566][root][INFO] - Epoch [2/5], Batch [75/300], Loss: 1.2284 (Overall: 1.0055, Change: 1.3740), TF Ratio: 0.925
[2026-06-17 05:46:37,718][root][INFO] - Epoch [2/5], Batch [76/300], Loss: 1.2279 (Overall: 0.9476, Change: 1.4460), TF Ratio: 0.925
[2026-06-17 05:46:37,868][root][INFO] - Epoch [2/5], Batch [77/300], Loss: 1.2270 (Overall: 0.8448, Change: 1.4674), TF Ratio: 0.925
[2026-06-17 05:46:38,019][root][INFO] - Epoch [2/5], Batch [78/300], Loss: 1.2288 (Overall: 1.1239, Change: 1.6027), TF Ratio: 0.924
[2026-06-17 05:46:38,179][root][INFO] - Epoch [2/5], Batch [79/300], Loss: 1.2349 (Overall: 0.6733, Change: 2.7607), TF Ratio: 0.924
[2026-06-17 05:46:38,331][root][INFO] - Epoch [2/5], Batch [80/300], Loss: 1.2339 (Overall: 0.9615, Change: 1.3477), TF Ratio: 0.924
[2026-06-17 05:46:38,489][root][INFO] - Epoch [2/5], Batch [81/300], Loss: 1.2383 (Overall: 1.5382, Change: 1.6372), TF Ratio: 0.924
[2026-06-17 05:46:38,645][root][INFO] - Epoch [2/5], Batch [82/300], Loss: 1.2368 (Overall: 0.8037, Change: 1.4231), TF Ratio: 0.924
[2026-06-17 05:46:38,795][root][INFO] - Epoch [2/5], Batch [83/300], Loss: 1.2363 (Overall: 0.8570, Change: 1.5329), TF Ratio: 0.923
[2026-06-17 05:46:38,951][root][INFO] - Epoch [2/5], Batch [84/300], Loss: 1.2349 (Overall: 0.7265, Change: 1.5174), TF Ratio: 0.923
[2026-06-17 05:46:39,103][root][INFO] - Epoch [2/5], Batch [85/300], Loss: 1.2318 (Overall: 0.8124, Change: 1.1362), TF Ratio: 0.923
[2026-06-17 05:46:39,254][root][INFO] - Epoch [2/5], Batch [86/300], Loss: 1.2305 (Overall: 0.8454, Change: 1.3832), TF Ratio: 0.923
[2026-06-17 05:46:39,404][root][INFO] - Epoch [2/5], Batch [87/300], Loss: 1.2296 (Overall: 0.8656, Change: 1.4455), TF Ratio: 0.923
[2026-06-17 05:46:39,569][root][INFO] - Epoch [2/5], Batch [88/300], Loss: 1.2268 (Overall: 0.8707, Change: 1.0915), TF Ratio: 0.922
[2026-06-17 05:46:39,720][root][INFO] - Epoch [2/5], Batch [89/300], Loss: 1.2256 (Overall: 0.9433, Change: 1.3007), TF Ratio: 0.922
[2026-06-17 05:46:39,879][root][INFO] - Epoch [2/5], Batch [90/300], Loss: 1.2256 (Overall: 0.8236, Change: 1.6300), TF Ratio: 0.922
[2026-06-17 05:46:40,030][root][INFO] - Epoch [2/5], Batch [91/300], Loss: 1.2249 (Overall: 0.8469, Change: 1.4644), TF Ratio: 0.922
[2026-06-17 05:46:40,181][root][INFO] - Epoch [2/5], Batch [92/300], Loss: 1.2252 (Overall: 0.9532, Change: 1.5541), TF Ratio: 0.922
[2026-06-17 05:46:40,331][root][INFO] - Epoch [2/5], Batch [93/300], Loss: 1.2267 (Overall: 1.1551, Change: 1.5874), TF Ratio: 0.921
[2026-06-17 05:46:40,487][root][INFO] - Epoch [2/5], Batch [94/300], Loss: 1.2264 (Overall: 1.0361, Change: 1.3548), TF Ratio: 0.921
[2026-06-17 05:46:40,638][root][INFO] - Epoch [2/5], Batch [95/300], Loss: 1.2249 (Overall: 0.7630, Change: 1.3990), TF Ratio: 0.921
[2026-06-17 05:46:40,800][root][INFO] - Epoch [2/5], Batch [96/300], Loss: 1.2219 (Overall: 0.6614, Change: 1.2074), TF Ratio: 0.921
[2026-06-17 05:46:40,950][root][INFO] - Epoch [2/5], Batch [97/300], Loss: 1.2257 (Overall: 1.3657, Change: 1.8216), TF Ratio: 0.921
[2026-06-17 05:46:41,101][root][INFO] - Epoch [2/5], Batch [98/300], Loss: 1.2255 (Overall: 0.6251, Change: 1.7804), TF Ratio: 0.920
[2026-06-17 05:46:41,252][root][INFO] - Epoch [2/5], Batch [99/300], Loss: 1.2234 (Overall: 0.6940, Change: 1.3513), TF Ratio: 0.920
[2026-06-17 05:46:41,407][root][INFO] - Epoch [2/5], Batch [100/300], Loss: 1.2236 (Overall: 0.7711, Change: 1.7207), TF Ratio: 0.920
[2026-06-17 05:46:41,558][root][INFO] - Epoch [2/5], Batch [101/300], Loss: 1.2239 (Overall: 0.8302, Change: 1.6646), TF Ratio: 0.920
[2026-06-17 05:46:41,708][root][INFO] - Epoch [2/5], Batch [102/300], Loss: 1.2251 (Overall: 0.9664, Change: 1.7434), TF Ratio: 0.920
[2026-06-17 05:46:41,859][root][INFO] - Epoch [2/5], Batch [103/300], Loss: 1.2233 (Overall: 0.6957, Change: 1.3695), TF Ratio: 0.919
[2026-06-17 05:46:42,011][root][INFO] - Epoch [2/5], Batch [104/300], Loss: 1.2233 (Overall: 1.4406, Change: 1.0126), TF Ratio: 0.919
[2026-06-17 05:46:42,167][root][INFO] - Epoch [2/5], Batch [105/300], Loss: 1.2220 (Overall: 0.7754, Change: 1.3974), TF Ratio: 0.919
[2026-06-17 05:46:42,328][root][INFO] - Epoch [2/5], Batch [106/300], Loss: 1.2216 (Overall: 0.7925, Change: 1.5604), TF Ratio: 0.919
[2026-06-17 05:46:42,478][root][INFO] - Epoch [2/5], Batch [107/300], Loss: 1.2216 (Overall: 0.9168, Change: 1.5344), TF Ratio: 0.919
[2026-06-17 05:46:42,629][root][INFO] - Epoch [2/5], Batch [108/300], Loss: 1.2244 (Overall: 1.2711, Change: 1.7757), TF Ratio: 0.918
[2026-06-17 05:46:42,779][root][INFO] - Epoch [2/5], Batch [109/300], Loss: 1.2240 (Overall: 0.7758, Change: 1.5727), TF Ratio: 0.918
[2026-06-17 05:46:42,932][root][INFO] - Epoch [2/5], Batch [110/300], Loss: 1.2219 (Overall: 0.8170, Change: 1.1710), TF Ratio: 0.918
[2026-06-17 05:46:43,083][root][INFO] - Epoch [2/5], Batch [111/300], Loss: 1.2209 (Overall: 0.8923, Change: 1.3432), TF Ratio: 0.918
[2026-06-17 05:46:43,244][root][INFO] - Epoch [2/5], Batch [112/300], Loss: 1.2189 (Overall: 0.6532, Change: 1.3316), TF Ratio: 0.918
[2026-06-17 05:46:43,394][root][INFO] - Epoch [2/5], Batch [113/300], Loss: 1.2176 (Overall: 0.8055, Change: 1.3510), TF Ratio: 0.917
[2026-06-17 05:46:43,549][root][INFO] - Epoch [2/5], Batch [114/300], Loss: 1.2178 (Overall: 0.9394, Change: 1.5402), TF Ratio: 0.917
[2026-06-17 05:46:43,699][root][INFO] - Epoch [2/5], Batch [115/300], Loss: 1.2173 (Overall: 0.9466, Change: 1.3567), TF Ratio: 0.917
[2026-06-17 05:46:43,850][root][INFO] - Epoch [2/5], Batch [116/300], Loss: 1.2172 (Overall: 1.0082, Change: 1.4153), TF Ratio: 0.917
[2026-06-17 05:46:44,005][root][INFO] - Epoch [2/5], Batch [117/300], Loss: 1.2164 (Overall: 0.7978, Change: 1.4400), TF Ratio: 0.917
[2026-06-17 05:46:44,155][root][INFO] - Epoch [2/5], Batch [118/300], Loss: 1.2164 (Overall: 1.1796, Change: 1.2640), TF Ratio: 0.916
[2026-06-17 05:46:44,311][root][INFO] - Epoch [2/5], Batch [119/300], Loss: 1.2157 (Overall: 0.6632, Change: 1.5880), TF Ratio: 0.916
[2026-06-17 05:46:44,462][root][INFO] - Epoch [2/5], Batch [120/300], Loss: 1.2154 (Overall: 0.8356, Change: 1.5362), TF Ratio: 0.916
[2026-06-17 05:46:44,613][root][INFO] - Epoch [2/5], Batch [121/300], Loss: 1.2155 (Overall: 0.7906, Change: 1.6558), TF Ratio: 0.916
[2026-06-17 05:46:44,763][root][INFO] - Epoch [2/5], Batch [122/300], Loss: 1.2153 (Overall: 0.9784, Change: 1.4158), TF Ratio: 0.916
[2026-06-17 05:46:44,914][root][INFO] - Epoch [2/5], Batch [123/300], Loss: 1.2156 (Overall: 0.7660, Change: 1.7393), TF Ratio: 0.915
[2026-06-17 05:46:45,066][root][INFO] - Epoch [2/5], Batch [124/300], Loss: 1.2159 (Overall: 1.0948, Change: 1.3951), TF Ratio: 0.915
[2026-06-17 05:46:45,216][root][INFO] - Epoch [2/5], Batch [125/300], Loss: 1.2156 (Overall: 0.7130, Change: 1.6460), TF Ratio: 0.915
[2026-06-17 05:46:45,367][root][INFO] - Epoch [2/5], Batch [126/300], Loss: 1.2131 (Overall: 0.6522, Change: 1.1476), TF Ratio: 0.915
[2026-06-17 05:46:45,518][root][INFO] - Epoch [2/5], Batch [127/300], Loss: 1.2110 (Overall: 0.6092, Change: 1.2930), TF Ratio: 0.915
[2026-06-17 05:46:45,673][root][INFO] - Epoch [2/5], Batch [128/300], Loss: 1.2092 (Overall: 0.7829, Change: 1.1665), TF Ratio: 0.914
[2026-06-17 05:46:45,829][root][INFO] - Epoch [2/5], Batch [129/300], Loss: 1.2097 (Overall: 1.0697, Change: 1.4871), TF Ratio: 0.914
[2026-06-17 05:46:45,981][root][INFO] - Epoch [2/5], Batch [130/300], Loss: 1.2127 (Overall: 1.1332, Change: 2.0571), TF Ratio: 0.914
[2026-06-17 05:46:46,136][root][INFO] - Epoch [2/5], Batch [131/300], Loss: 1.2109 (Overall: 0.9171, Change: 1.0604), TF Ratio: 0.914
[2026-06-17 05:46:46,287][root][INFO] - Epoch [2/5], Batch [132/300], Loss: 1.2109 (Overall: 0.9107, Change: 1.5093), TF Ratio: 0.914
[2026-06-17 05:46:46,448][root][INFO] - Epoch [2/5], Batch [133/300], Loss: 1.2106 (Overall: 0.7310, Change: 1.6047), TF Ratio: 0.913
[2026-06-17 05:46:46,600][root][INFO] - Epoch [2/5], Batch [134/300], Loss: 1.2104 (Overall: 0.9710, Change: 1.3846), TF Ratio: 0.913
[2026-06-17 05:46:46,753][root][INFO] - Epoch [2/5], Batch [135/300], Loss: 1.2096 (Overall: 0.7375, Change: 1.4711), TF Ratio: 0.913
[2026-06-17 05:46:46,906][root][INFO] - Epoch [2/5], Batch [136/300], Loss: 1.2097 (Overall: 0.9459, Change: 1.5053), TF Ratio: 0.913
[2026-06-17 05:46:47,056][root][INFO] - Epoch [2/5], Batch [137/300], Loss: 1.2096 (Overall: 1.1508, Change: 1.2311), TF Ratio: 0.913
[2026-06-17 05:46:47,207][root][INFO] - Epoch [2/5], Batch [138/300], Loss: 1.2101 (Overall: 0.9373, Change: 1.6315), TF Ratio: 0.912
[2026-06-17 05:46:47,360][root][INFO] - Epoch [2/5], Batch [139/300], Loss: 1.2104 (Overall: 0.6858, Change: 1.8261), TF Ratio: 0.912
[2026-06-17 05:46:47,519][root][INFO] - Epoch [2/5], Batch [140/300], Loss: 1.2102 (Overall: 0.8054, Change: 1.5405), TF Ratio: 0.912
[2026-06-17 05:46:47,670][root][INFO] - Epoch [2/5], Batch [141/300], Loss: 1.2099 (Overall: 0.7951, Change: 1.5628), TF Ratio: 0.912
[2026-06-17 05:46:47,827][root][INFO] - Epoch [2/5], Batch [142/300], Loss: 1.2098 (Overall: 0.7062, Change: 1.6794), TF Ratio: 0.912
[2026-06-17 05:46:47,980][root][INFO] - Epoch [2/5], Batch [143/300], Loss: 1.2077 (Overall: 0.6630, Change: 1.1571), TF Ratio: 0.911
[2026-06-17 05:46:48,132][root][INFO] - Epoch [2/5], Batch [144/300], Loss: 1.2069 (Overall: 0.9239, Change: 1.2574), TF Ratio: 0.911
[2026-06-17 05:46:48,290][root][INFO] - Epoch [2/5], Batch [145/300], Loss: 1.2079 (Overall: 0.9118, Change: 1.7727), TF Ratio: 0.911
[2026-06-17 05:46:48,442][root][INFO] - Epoch [2/5], Batch [146/300], Loss: 1.2075 (Overall: 0.8071, Change: 1.5036), TF Ratio: 0.911
[2026-06-17 05:46:48,603][root][INFO] - Epoch [2/5], Batch [147/300], Loss: 1.2082 (Overall: 1.1484, Change: 1.4801), TF Ratio: 0.911
[2026-06-17 05:46:48,755][root][INFO] - Epoch [2/5], Batch [148/300], Loss: 1.2070 (Overall: 0.7968, Change: 1.2670), TF Ratio: 0.910
[2026-06-17 05:46:48,906][root][INFO] - Epoch [2/5], Batch [149/300], Loss: 1.2044 (Overall: 0.6550, Change: 0.9709), TF Ratio: 0.910
[2026-06-17 05:46:49,072][root][INFO] - Epoch [2/5], Batch [150/300], Loss: 1.2050 (Overall: 1.0123, Change: 1.5818), TF Ratio: 0.910
[2026-06-17 05:46:49,225][root][INFO] - Epoch [2/5], Batch [151/300], Loss: 1.2035 (Overall: 0.7278, Change: 1.2363), TF Ratio: 0.910
[2026-06-17 05:46:49,377][root][INFO] - Epoch [2/5], Batch [152/300], Loss: 1.2036 (Overall: 0.8201, Change: 1.5967), TF Ratio: 0.910
[2026-06-17 05:46:49,527][root][INFO] - Epoch [2/5], Batch [153/300], Loss: 1.2027 (Overall: 0.8983, Change: 1.2461), TF Ratio: 0.909
[2026-06-17 05:46:49,680][root][INFO] - Epoch [2/5], Batch [154/300], Loss: 1.2025 (Overall: 0.8631, Change: 1.4806), TF Ratio: 0.909
[2026-06-17 05:46:49,831][root][INFO] - Epoch [2/5], Batch [155/300], Loss: 1.2029 (Overall: 0.9927, Change: 1.5428), TF Ratio: 0.909
[2026-06-17 05:46:49,983][root][INFO] - Epoch [2/5], Batch [156/300], Loss: 1.2025 (Overall: 0.7545, Change: 1.5197), TF Ratio: 0.909
[2026-06-17 05:46:50,133][root][INFO] - Epoch [2/5], Batch [157/300], Loss: 1.2026 (Overall: 0.7828, Change: 1.6451), TF Ratio: 0.909
[2026-06-17 05:46:50,284][root][INFO] - Epoch [2/5], Batch [158/300], Loss: 1.2037 (Overall: 1.2456, Change: 1.5299), TF Ratio: 0.908
[2026-06-17 05:46:50,443][root][INFO] - Epoch [2/5], Batch [159/300], Loss: 1.2044 (Overall: 1.0740, Change: 1.5419), TF Ratio: 0.908
[2026-06-17 05:46:50,594][root][INFO] - Epoch [2/5], Batch [160/300], Loss: 1.2048 (Overall: 0.7110, Change: 1.8376), TF Ratio: 0.908
[2026-06-17 05:46:50,744][root][INFO] - Epoch [2/5], Batch [161/300], Loss: 1.2050 (Overall: 0.9466, Change: 1.5171), TF Ratio: 0.908
[2026-06-17 05:46:50,895][root][INFO] - Epoch [2/5], Batch [162/300], Loss: 1.2035 (Overall: 0.7714, Change: 1.1535), TF Ratio: 0.908
[2026-06-17 05:46:51,050][root][INFO] - Epoch [2/5], Batch [163/300], Loss: 1.2032 (Overall: 0.8105, Change: 1.4944), TF Ratio: 0.907
[2026-06-17 05:46:51,202][root][INFO] - Epoch [2/5], Batch [164/300], Loss: 1.2056 (Overall: 0.9619, Change: 2.2220), TF Ratio: 0.907
[2026-06-17 05:46:51,357][root][INFO] - Epoch [2/5], Batch [165/300], Loss: 1.2034 (Overall: 0.5801, Change: 1.1195), TF Ratio: 0.907
[2026-06-17 05:46:51,508][root][INFO] - Epoch [2/5], Batch [166/300], Loss: 1.2033 (Overall: 0.8207, Change: 1.5501), TF Ratio: 0.907
[2026-06-17 05:46:51,659][root][INFO] - Epoch [2/5], Batch [167/300], Loss: 1.2043 (Overall: 1.3352, Change: 1.3908), TF Ratio: 0.907
[2026-06-17 05:46:51,811][root][INFO] - Epoch [2/5], Batch [168/300], Loss: 1.2052 (Overall: 1.2279, Change: 1.5043), TF Ratio: 0.906
[2026-06-17 05:46:51,968][root][INFO] - Epoch [2/5], Batch [169/300], Loss: 1.2049 (Overall: 0.7569, Change: 1.5323), TF Ratio: 0.906
[2026-06-17 05:46:52,122][root][INFO] - Epoch [2/5], Batch [170/300], Loss: 1.2036 (Overall: 0.6708, Change: 1.3138), TF Ratio: 0.906
[2026-06-17 05:46:52,276][root][INFO] - Epoch [2/5], Batch [171/300], Loss: 1.2046 (Overall: 1.2384, Change: 1.5188), TF Ratio: 0.906
[2026-06-17 05:46:52,428][root][INFO] - Epoch [2/5], Batch [172/300], Loss: 1.2054 (Overall: 0.7908, Change: 1.8667), TF Ratio: 0.906
[2026-06-17 05:46:52,578][root][INFO] - Epoch [2/5], Batch [173/300], Loss: 1.2059 (Overall: 0.9220, Change: 1.6914), TF Ratio: 0.905
[2026-06-17 05:46:52,729][root][INFO] - Epoch [2/5], Batch [174/300], Loss: 1.2051 (Overall: 0.6613, Change: 1.4731), TF Ratio: 0.905
[2026-06-17 05:46:52,880][root][INFO] - Epoch [2/5], Batch [175/300], Loss: 1.2044 (Overall: 0.9861, Change: 1.1738), TF Ratio: 0.905
[2026-06-17 05:46:53,032][root][INFO] - Epoch [2/5], Batch [176/300], Loss: 1.2041 (Overall: 0.6721, Change: 1.6355), TF Ratio: 0.905
[2026-06-17 05:46:53,182][root][INFO] - Epoch [2/5], Batch [177/300], Loss: 1.2051 (Overall: 1.3205, Change: 1.4159), TF Ratio: 0.905
[2026-06-17 05:46:53,333][root][INFO] - Epoch [2/5], Batch [178/300], Loss: 1.2036 (Overall: 0.7881, Change: 1.0926), TF Ratio: 0.904
[2026-06-17 05:46:53,483][root][INFO] - Epoch [2/5], Batch [179/300], Loss: 1.2026 (Overall: 0.8719, Change: 1.1943), TF Ratio: 0.904
[2026-06-17 05:46:53,635][root][INFO] - Epoch [2/5], Batch [180/300], Loss: 1.2019 (Overall: 0.9153, Change: 1.2334), TF Ratio: 0.904
[2026-06-17 05:46:53,785][root][INFO] - Epoch [2/5], Batch [181/300], Loss: 1.2003 (Overall: 0.6609, Change: 1.1570), TF Ratio: 0.904
[2026-06-17 05:46:53,936][root][INFO] - Epoch [2/5], Batch [182/300], Loss: 1.2007 (Overall: 0.8955, Change: 1.6637), TF Ratio: 0.904
[2026-06-17 05:46:54,087][root][INFO] - Epoch [2/5], Batch [183/300], Loss: 1.2002 (Overall: 0.7971, Change: 1.4048), TF Ratio: 0.903
[2026-06-17 05:46:54,239][root][INFO] - Epoch [2/5], Batch [184/300], Loss: 1.1997 (Overall: 0.6692, Change: 1.5410), TF Ratio: 0.903
[2026-06-17 05:46:54,389][root][INFO] - Epoch [2/5], Batch [185/300], Loss: 1.1981 (Overall: 0.7783, Change: 1.0387), TF Ratio: 0.903
[2026-06-17 05:46:54,540][root][INFO] - Epoch [2/5], Batch [186/300], Loss: 1.1997 (Overall: 0.9730, Change: 2.0150), TF Ratio: 0.903
[2026-06-17 05:46:54,690][root][INFO] - Epoch [2/5], Batch [187/300], Loss: 1.1994 (Overall: 0.6969, Change: 1.5923), TF Ratio: 0.903
[2026-06-17 05:46:54,842][root][INFO] - Epoch [2/5], Batch [188/300], Loss: 1.1997 (Overall: 0.9914, Change: 1.5077), TF Ratio: 0.902
[2026-06-17 05:46:54,992][root][INFO] - Epoch [2/5], Batch [189/300], Loss: 1.2003 (Overall: 0.8554, Change: 1.7896), TF Ratio: 0.902
[2026-06-17 05:46:55,143][root][INFO] - Epoch [2/5], Batch [190/300], Loss: 1.2010 (Overall: 0.7811, Change: 1.8837), TF Ratio: 0.902
[2026-06-17 05:46:55,297][root][INFO] - Epoch [2/5], Batch [191/300], Loss: 1.2008 (Overall: 0.8728, Change: 1.4558), TF Ratio: 0.902
[2026-06-17 05:46:55,448][root][INFO] - Epoch [2/5], Batch [192/300], Loss: 1.2015 (Overall: 1.1283, Change: 1.5513), TF Ratio: 0.902
[2026-06-17 05:46:55,599][root][INFO] - Epoch [2/5], Batch [193/300], Loss: 1.2010 (Overall: 0.6965, Change: 1.4881), TF Ratio: 0.901
[2026-06-17 05:46:55,750][root][INFO] - Epoch [2/5], Batch [194/300], Loss: 1.2007 (Overall: 0.7983, Change: 1.5055), TF Ratio: 0.901
[2026-06-17 05:46:55,905][root][INFO] - Epoch [2/5], Batch [195/300], Loss: 1.1996 (Overall: 0.6366, Change: 1.3268), TF Ratio: 0.901
[2026-06-17 05:46:56,057][root][INFO] - Epoch [2/5], Batch [196/300], Loss: 1.2003 (Overall: 1.3743, Change: 1.2907), TF Ratio: 0.901
[2026-06-17 05:46:56,214][root][INFO] - Epoch [2/5], Batch [197/300], Loss: 1.1999 (Overall: 0.9023, Change: 1.3590), TF Ratio: 0.901
[2026-06-17 05:46:56,364][root][INFO] - Epoch [2/5], Batch [198/300], Loss: 1.1995 (Overall: 0.9157, Change: 1.3366), TF Ratio: 0.900
[2026-06-17 05:46:56,515][root][INFO] - Epoch [2/5], Batch [199/300], Loss: 1.1990 (Overall: 0.7826, Change: 1.3934), TF Ratio: 0.900
[2026-06-17 05:46:56,665][root][INFO] - Epoch [2/5], Batch [200/300], Loss: 1.1991 (Overall: 0.9738, Change: 1.4779), TF Ratio: 0.900
[2026-06-17 05:46:56,816][root][INFO] - Epoch [2/5], Batch [201/300], Loss: 1.2010 (Overall: 1.3706, Change: 1.7670), TF Ratio: 0.900
[2026-06-17 05:46:56,966][root][INFO] - Epoch [2/5], Batch [202/300], Loss: 1.2000 (Overall: 0.7376, Change: 1.2801), TF Ratio: 0.900
[2026-06-17 05:46:57,117][root][INFO] - Epoch [2/5], Batch [203/300], Loss: 1.2002 (Overall: 0.9209, Change: 1.5434), TF Ratio: 0.899
[2026-06-17 05:46:57,268][root][INFO] - Epoch [2/5], Batch [204/300], Loss: 1.2004 (Overall: 0.8854, Change: 1.6167), TF Ratio: 0.899
[2026-06-17 05:46:57,419][root][INFO] - Epoch [2/5], Batch [205/300], Loss: 1.2004 (Overall: 0.7464, Change: 1.6496), TF Ratio: 0.899
[2026-06-17 05:46:57,576][root][INFO] - Epoch [2/5], Batch [206/300], Loss: 1.1997 (Overall: 0.8265, Change: 1.2811), TF Ratio: 0.899
[2026-06-17 05:46:57,727][root][INFO] - Epoch [2/5], Batch [207/300], Loss: 1.1991 (Overall: 0.6879, Change: 1.4721), TF Ratio: 0.899
[2026-06-17 05:46:57,879][root][INFO] - Epoch [2/5], Batch [208/300], Loss: 1.2024 (Overall: 2.0428, Change: 1.7170), TF Ratio: 0.898
[2026-06-17 05:46:58,029][root][INFO] - Epoch [2/5], Batch [209/300], Loss: 1.2020 (Overall: 0.8644, Change: 1.3673), TF Ratio: 0.898
[2026-06-17 05:46:58,180][root][INFO] - Epoch [2/5], Batch [210/300], Loss: 1.2022 (Overall: 0.8843, Change: 1.6009), TF Ratio: 0.898
[2026-06-17 05:46:58,336][root][INFO] - Epoch [2/5], Batch [211/300], Loss: 1.2008 (Overall: 0.7597, Change: 1.0811), TF Ratio: 0.898
[2026-06-17 05:46:58,491][root][INFO] - Epoch [2/5], Batch [212/300], Loss: 1.1995 (Overall: 0.8470, Change: 0.9994), TF Ratio: 0.898
[2026-06-17 05:46:58,641][root][INFO] - Epoch [2/5], Batch [213/300], Loss: 1.1995 (Overall: 0.7670, Change: 1.6352), TF Ratio: 0.897
[2026-06-17 05:46:58,791][root][INFO] - Epoch [2/5], Batch [214/300], Loss: 1.1997 (Overall: 0.7416, Change: 1.7346), TF Ratio: 0.897
[2026-06-17 05:46:58,942][root][INFO] - Epoch [2/5], Batch [215/300], Loss: 1.2000 (Overall: 1.1534, Change: 1.3877), TF Ratio: 0.897
[2026-06-17 05:46:59,093][root][INFO] - Epoch [2/5], Batch [216/300], Loss: 1.2001 (Overall: 0.8297, Change: 1.6085), TF Ratio: 0.897
[2026-06-17 05:46:59,243][root][INFO] - Epoch [2/5], Batch [217/300], Loss: 1.1988 (Overall: 0.7969, Change: 1.0250), TF Ratio: 0.897
[2026-06-17 05:46:59,394][root][INFO] - Epoch [2/5], Batch [218/300], Loss: 1.1997 (Overall: 0.9869, Change: 1.8148), TF Ratio: 0.896
[2026-06-17 05:46:59,545][root][INFO] - Epoch [2/5], Batch [219/300], Loss: 1.1987 (Overall: 0.7204, Change: 1.2392), TF Ratio: 0.896
[2026-06-17 05:46:59,696][root][INFO] - Epoch [2/5], Batch [220/300], Loss: 1.1965 (Overall: 0.7096, Change: 0.7192), TF Ratio: 0.896
[2026-06-17 05:46:59,846][root][INFO] - Epoch [2/5], Batch [221/300], Loss: 1.1963 (Overall: 0.8631, Change: 1.4508), TF Ratio: 0.896
[2026-06-17 05:46:59,997][root][INFO] - Epoch [2/5], Batch [222/300], Loss: 1.1952 (Overall: 0.5917, Change: 1.3092), TF Ratio: 0.896
[2026-06-17 05:47:00,154][root][INFO] - Epoch [2/5], Batch [223/300], Loss: 1.1960 (Overall: 0.8389, Change: 1.9090), TF Ratio: 0.895
[2026-06-17 05:47:00,306][root][INFO] - Epoch [2/5], Batch [224/300], Loss: 1.1956 (Overall: 0.8819, Change: 1.3316), TF Ratio: 0.895
[2026-06-17 05:47:00,462][root][INFO] - Epoch [2/5], Batch [225/300], Loss: 1.1946 (Overall: 0.8294, Change: 1.1146), TF Ratio: 0.895
[2026-06-17 05:47:00,613][root][INFO] - Epoch [2/5], Batch [226/300], Loss: 1.1952 (Overall: 1.0441, Change: 1.6185), TF Ratio: 0.895
[2026-06-17 05:47:00,763][root][INFO] - Epoch [2/5], Batch [227/300], Loss: 1.1946 (Overall: 0.7638, Change: 1.3517), TF Ratio: 0.895
[2026-06-17 05:47:00,914][root][INFO] - Epoch [2/5], Batch [228/300], Loss: 1.1948 (Overall: 0.7885, Change: 1.6668), TF Ratio: 0.894
[2026-06-17 05:47:01,064][root][INFO] - Epoch [2/5], Batch [229/300], Loss: 1.1955 (Overall: 1.2727, Change: 1.4336), TF Ratio: 0.894
[2026-06-17 05:47:01,214][root][INFO] - Epoch [2/5], Batch [230/300], Loss: 1.1957 (Overall: 0.8259, Change: 1.6612), TF Ratio: 0.894
[2026-06-17 05:47:01,365][root][INFO] - Epoch [2/5], Batch [231/300], Loss: 1.1949 (Overall: 0.5458, Change: 1.5058), TF Ratio: 0.894
[2026-06-17 05:47:01,516][root][INFO] - Epoch [2/5], Batch [232/300], Loss: 1.1944 (Overall: 0.7602, Change: 1.3775), TF Ratio: 0.894
[2026-06-17 05:47:01,666][root][INFO] - Epoch [2/5], Batch [233/300], Loss: 1.1946 (Overall: 0.7563, Change: 1.7468), TF Ratio: 0.893
[2026-06-17 05:47:01,818][root][INFO] - Epoch [2/5], Batch [234/300], Loss: 1.1943 (Overall: 0.9213, Change: 1.3021), TF Ratio: 0.893
[2026-06-17 05:47:01,969][root][INFO] - Epoch [2/5], Batch [235/300], Loss: 1.1944 (Overall: 0.8759, Change: 1.5605), TF Ratio: 0.893
[2026-06-17 05:47:02,130][root][INFO] - Epoch [2/5], Batch [236/300], Loss: 1.1940 (Overall: 1.0443, Change: 1.1511), TF Ratio: 0.893
[2026-06-17 05:47:02,280][root][INFO] - Epoch [2/5], Batch [237/300], Loss: 1.1936 (Overall: 0.9505, Change: 1.2524), TF Ratio: 0.893
[2026-06-17 05:47:02,430][root][INFO] - Epoch [2/5], Batch [238/300], Loss: 1.1939 (Overall: 1.1712, Change: 1.3631), TF Ratio: 0.892
[2026-06-17 05:47:02,580][root][INFO] - Epoch [2/5], Batch [239/300], Loss: 1.1943 (Overall: 0.8523, Change: 1.7423), TF Ratio: 0.892
[2026-06-17 05:47:02,731][root][INFO] - Epoch [2/5], Batch [240/300], Loss: 1.1951 (Overall: 1.1351, Change: 1.6244), TF Ratio: 0.892
[2026-06-17 05:47:02,887][root][INFO] - Epoch [2/5], Batch [241/300], Loss: 1.1949 (Overall: 0.9819, Change: 1.3277), TF Ratio: 0.892
[2026-06-17 05:47:03,041][root][INFO] - Epoch [2/5], Batch [242/300], Loss: 1.1950 (Overall: 0.8605, Change: 1.5661), TF Ratio: 0.892
[2026-06-17 05:47:03,191][root][INFO] - Epoch [2/5], Batch [243/300], Loss: 1.1938 (Overall: 0.5774, Change: 1.2149), TF Ratio: 0.891
[2026-06-17 05:47:03,343][root][INFO] - Epoch [2/5], Batch [244/300], Loss: 1.1943 (Overall: 1.1210, Change: 1.5187), TF Ratio: 0.891
[2026-06-17 05:47:03,493][root][INFO] - Epoch [2/5], Batch [245/300], Loss: 1.1948 (Overall: 1.0407, Change: 1.6069), TF Ratio: 0.891
[2026-06-17 05:47:03,643][root][INFO] - Epoch [2/5], Batch [246/300], Loss: 1.1949 (Overall: 0.8371, Change: 1.5990), TF Ratio: 0.891
[2026-06-17 05:47:03,803][root][INFO] - Epoch [2/5], Batch [247/300], Loss: 1.1935 (Overall: 0.7036, Change: 0.9821), TF Ratio: 0.891
[2026-06-17 05:47:03,957][root][INFO] - Epoch [2/5], Batch [248/300], Loss: 1.1943 (Overall: 1.0496, Change: 1.7303), TF Ratio: 0.890
[2026-06-17 05:47:04,107][root][INFO] - Epoch [2/5], Batch [249/300], Loss: 1.1951 (Overall: 0.9386, Change: 1.8678), TF Ratio: 0.890
[2026-06-17 05:47:04,257][root][INFO] - Epoch [2/5], Batch [250/300], Loss: 1.1949 (Overall: 0.7402, Change: 1.5232), TF Ratio: 0.890
[2026-06-17 05:47:04,407][root][INFO] - Epoch [2/5], Batch [251/300], Loss: 1.1941 (Overall: 1.0769, Change: 0.9266), TF Ratio: 0.890
[2026-06-17 05:47:04,559][root][INFO] - Epoch [2/5], Batch [252/300], Loss: 1.1943 (Overall: 0.9129, Change: 1.5746), TF Ratio: 0.890
[2026-06-17 05:47:04,734][root][INFO] - Epoch [2/5], Batch [253/300], Loss: 1.1943 (Overall: 0.9742, Change: 1.4063), TF Ratio: 0.889
[2026-06-17 05:47:04,885][root][INFO] - Epoch [2/5], Batch [254/300], Loss: 1.1934 (Overall: 0.5201, Change: 1.3956), TF Ratio: 0.889
[2026-06-17 05:47:05,036][root][INFO] - Epoch [2/5], Batch [255/300], Loss: 1.1933 (Overall: 0.9960, Change: 1.3363), TF Ratio: 0.889
[2026-06-17 05:47:05,188][root][INFO] - Epoch [2/5], Batch [256/300], Loss: 1.1934 (Overall: 1.2451, Change: 1.1962), TF Ratio: 0.889
[2026-06-17 05:47:05,337][root][INFO] - Epoch [2/5], Batch [257/300], Loss: 1.1935 (Overall: 0.9674, Change: 1.5013), TF Ratio: 0.889
[2026-06-17 05:47:05,488][root][INFO] - Epoch [2/5], Batch [258/300], Loss: 1.1938 (Overall: 0.9966, Change: 1.5436), TF Ratio: 0.888
[2026-06-17 05:47:05,641][root][INFO] - Epoch [2/5], Batch [259/300], Loss: 1.1945 (Overall: 1.0848, Change: 1.6434), TF Ratio: 0.888
[2026-06-17 05:47:05,793][root][INFO] - Epoch [2/5], Batch [260/300], Loss: 1.1944 (Overall: 0.8617, Change: 1.5094), TF Ratio: 0.888
[2026-06-17 05:47:05,942][root][INFO] - Epoch [2/5], Batch [261/300], Loss: 1.1949 (Overall: 1.1330, Change: 1.4761), TF Ratio: 0.888
[2026-06-17 05:47:06,093][root][INFO] - Epoch [2/5], Batch [262/300], Loss: 1.1938 (Overall: 0.6767, Change: 1.1495), TF Ratio: 0.888
[2026-06-17 05:47:06,243][root][INFO] - Epoch [2/5], Batch [263/300], Loss: 1.1945 (Overall: 0.8799, Change: 1.8738), TF Ratio: 0.887
[2026-06-17 05:47:06,394][root][INFO] - Epoch [2/5], Batch [264/300], Loss: 1.1939 (Overall: 0.6578, Change: 1.4342), TF Ratio: 0.887
[2026-06-17 05:47:06,544][root][INFO] - Epoch [2/5], Batch [265/300], Loss: 1.1934 (Overall: 0.6288, Change: 1.4816), TF Ratio: 0.887
[2026-06-17 05:47:06,694][root][INFO] - Epoch [2/5], Batch [266/300], Loss: 1.1929 (Overall: 0.6384, Change: 1.4888), TF Ratio: 0.887
[2026-06-17 05:47:06,846][root][INFO] - Epoch [2/5], Batch [267/300], Loss: 1.1930 (Overall: 0.6771, Change: 1.7577), TF Ratio: 0.887
[2026-06-17 05:47:06,997][root][INFO] - Epoch [2/5], Batch [268/300], Loss: 1.1929 (Overall: 1.1800, Change: 1.1454), TF Ratio: 0.886
[2026-06-17 05:47:07,147][root][INFO] - Epoch [2/5], Batch [269/300], Loss: 1.1931 (Overall: 0.7650, Change: 1.7195), TF Ratio: 0.886
[2026-06-17 05:47:07,298][root][INFO] - Epoch [2/5], Batch [270/300], Loss: 1.1927 (Overall: 0.8611, Change: 1.3361), TF Ratio: 0.886
[2026-06-17 05:47:07,449][root][INFO] - Epoch [2/5], Batch [271/300], Loss: 1.1923 (Overall: 0.5925, Change: 1.5483), TF Ratio: 0.886
[2026-06-17 05:47:07,600][root][INFO] - Epoch [2/5], Batch [272/300], Loss: 1.1922 (Overall: 0.8972, Change: 1.4496), TF Ratio: 0.886
[2026-06-17 05:47:07,750][root][INFO] - Epoch [2/5], Batch [273/300], Loss: 1.1926 (Overall: 0.8539, Change: 1.7672), TF Ratio: 0.885
[2026-06-17 05:47:07,901][root][INFO] - Epoch [2/5], Batch [274/300], Loss: 1.1923 (Overall: 0.6269, Change: 1.5869), TF Ratio: 0.885
[2026-06-17 05:47:08,051][root][INFO] - Epoch [2/5], Batch [275/300], Loss: 1.1927 (Overall: 0.8371, Change: 1.7635), TF Ratio: 0.885
[2026-06-17 05:47:08,202][root][INFO] - Epoch [2/5], Batch [276/300], Loss: 1.1928 (Overall: 0.9289, Change: 1.4780), TF Ratio: 0.885
[2026-06-17 05:47:08,358][root][INFO] - Epoch [2/5], Batch [277/300], Loss: 1.1936 (Overall: 1.5033, Change: 1.3338), TF Ratio: 0.885
[2026-06-17 05:47:08,509][root][INFO] - Epoch [2/5], Batch [278/300], Loss: 1.1937 (Overall: 0.9447, Change: 1.5295), TF Ratio: 0.884
[2026-06-17 05:47:08,659][root][INFO] - Epoch [2/5], Batch [279/300], Loss: 1.1939 (Overall: 1.4024, Change: 1.1107), TF Ratio: 0.884
[2026-06-17 05:47:08,811][root][INFO] - Epoch [2/5], Batch [280/300], Loss: 1.1935 (Overall: 0.8937, Change: 1.2626), TF Ratio: 0.884
[2026-06-17 05:47:08,961][root][INFO] - Epoch [2/5], Batch [281/300], Loss: 1.1939 (Overall: 0.8604, Change: 1.7225), TF Ratio: 0.884
[2026-06-17 05:47:09,112][root][INFO] - Epoch [2/5], Batch [282/300], Loss: 1.1932 (Overall: 0.6246, Change: 1.3842), TF Ratio: 0.884
[2026-06-17 05:47:09,262][root][INFO] - Epoch [2/5], Batch [283/300], Loss: 1.1935 (Overall: 0.9142, Change: 1.6137), TF Ratio: 0.883
[2026-06-17 05:47:09,414][root][INFO] - Epoch [2/5], Batch [284/300], Loss: 1.1926 (Overall: 0.7658, Change: 1.1195), TF Ratio: 0.883
[2026-06-17 05:47:09,564][root][INFO] - Epoch [2/5], Batch [285/300], Loss: 1.1916 (Overall: 0.5321, Change: 1.2923), TF Ratio: 0.883
[2026-06-17 05:47:09,714][root][INFO] - Epoch [2/5], Batch [286/300], Loss: 1.1913 (Overall: 0.8709, Change: 1.3213), TF Ratio: 0.883
[2026-06-17 05:47:09,872][root][INFO] - Epoch [2/5], Batch [287/300], Loss: 1.1916 (Overall: 1.0102, Change: 1.5603), TF Ratio: 0.883
[2026-06-17 05:47:10,022][root][INFO] - Epoch [2/5], Batch [288/300], Loss: 1.1915 (Overall: 0.7719, Change: 1.5416), TF Ratio: 0.882
[2026-06-17 05:47:10,172][root][INFO] - Epoch [2/5], Batch [289/300], Loss: 1.1908 (Overall: 0.6834, Change: 1.3184), TF Ratio: 0.882
[2026-06-17 05:47:10,322][root][INFO] - Epoch [2/5], Batch [290/300], Loss: 1.1900 (Overall: 0.6144, Change: 1.3109), TF Ratio: 0.882
[2026-06-17 05:47:10,480][root][INFO] - Epoch [2/5], Batch [291/300], Loss: 1.1897 (Overall: 0.6993, Change: 1.4994), TF Ratio: 0.882
[2026-06-17 05:47:10,650][root][INFO] - Epoch [2/5], Batch [292/300], Loss: 1.1914 (Overall: 0.9301, Change: 2.4222), TF Ratio: 0.882
[2026-06-17 05:47:10,800][root][INFO] - Epoch [2/5], Batch [293/300], Loss: 1.1917 (Overall: 1.3522, Change: 1.1986), TF Ratio: 0.881
[2026-06-17 05:47:10,951][root][INFO] - Epoch [2/5], Batch [294/300], Loss: 1.1922 (Overall: 1.0029, Change: 1.6785), TF Ratio: 0.881
[2026-06-17 05:47:11,111][root][INFO] - Epoch [2/5], Batch [295/300], Loss: 1.1915 (Overall: 0.7741, Change: 1.2423), TF Ratio: 0.881
[2026-06-17 05:47:11,272][root][INFO] - Epoch [2/5], Batch [296/300], Loss: 1.1912 (Overall: 0.7326, Change: 1.4259), TF Ratio: 0.881
[2026-06-17 05:47:11,424][root][INFO] - Epoch [2/5], Batch [297/300], Loss: 1.1938 (Overall: 1.7509, Change: 2.1715), TF Ratio: 0.881
[2026-06-17 05:47:11,574][root][INFO] - Epoch [2/5], Batch [298/300], Loss: 1.1943 (Overall: 1.3107, Change: 1.4148), TF Ratio: 0.880
[2026-06-17 05:47:11,725][root][INFO] - Epoch [2/5], Batch [299/300], Loss: 1.1945 (Overall: 0.8294, Change: 1.6908), TF Ratio: 0.880
[2026-06-17 05:47:11,876][root][INFO] - Epoch [2/5], Batch [300/300], Loss: 1.1945 (Overall: 1.0439, Change: 1.3138), TF Ratio: 0.880
[2026-06-17 05:47:15,573][root][INFO] - Epoch 2 done. Validating...
[2026-06-17 05:47:18,605][root][INFO] - Epoch [2/5] | Train: 1.1945 | Val: 0.5139
[2026-06-17 05:47:18,784][root][INFO] - Checkpoint saved: /gpfs/scratch/bsc32/bsc096444/ai4land-tfm/trained_models/unet_impl/41825213/best_model.pth
[2026-06-17 05:47:18,974][root][INFO] - Checkpoint saved: /gpfs/scratch/bsc32/bsc096444/ai4land-tfm/trained_models/unet_impl/41825213/model_epoch_2.pth
[2026-06-17 05:47:21,098][root][INFO] - Epoch [3/5], Batch [1/300], Loss: 1.2573 (Overall: 0.9534, Change: 1.5612), TF Ratio: 0.880
[2026-06-17 05:47:21,262][root][INFO] - Epoch [3/5], Batch [2/300], Loss: 1.1424 (Overall: 0.6271, Change: 1.4280), TF Ratio: 0.880
[2026-06-17 05:47:21,414][root][INFO] - Epoch [3/5], Batch [3/300], Loss: 1.1230 (Overall: 0.6873, Change: 1.4809), TF Ratio: 0.879
[2026-06-17 05:47:21,567][root][INFO] - Epoch [3/5], Batch [4/300], Loss: 1.1599 (Overall: 0.9375, Change: 1.6037), TF Ratio: 0.879
[2026-06-17 05:47:21,733][root][INFO] - Epoch [3/5], Batch [5/300], Loss: 1.2557 (Overall: 1.2546, Change: 2.0234), TF Ratio: 0.879
[2026-06-17 05:47:21,887][root][INFO] - Epoch [3/5], Batch [6/300], Loss: 1.2444 (Overall: 0.7262, Change: 1.6496), TF Ratio: 0.879
[2026-06-17 05:47:22,052][root][INFO] - Epoch [3/5], Batch [7/300], Loss: 1.2320 (Overall: 0.7225, Change: 1.5928), TF Ratio: 0.879
[2026-06-17 05:47:22,209][root][INFO] - Epoch [3/5], Batch [8/300], Loss: 1.1871 (Overall: 0.6748, Change: 1.0709), TF Ratio: 0.878
[2026-06-17 05:47:22,361][root][INFO] - Epoch [3/5], Batch [9/300], Loss: 1.1922 (Overall: 0.8921, Change: 1.5733), TF Ratio: 0.878
[2026-06-17 05:47:22,513][root][INFO] - Epoch [3/5], Batch [10/300], Loss: 1.2034 (Overall: 0.7923, Change: 1.8168), TF Ratio: 0.878
[2026-06-17 05:47:22,665][root][INFO] - Epoch [3/5], Batch [11/300], Loss: 1.2259 (Overall: 0.9863, Change: 1.9162), TF Ratio: 0.878
[2026-06-17 05:47:22,842][root][INFO] - Epoch [3/5], Batch [12/300], Loss: 1.2086 (Overall: 0.7983, Change: 1.2375), TF Ratio: 0.878
[2026-06-17 05:47:22,996][root][INFO] - Epoch [3/5], Batch [13/300], Loss: 1.2017 (Overall: 0.7080, Change: 1.5284), TF Ratio: 0.877
[2026-06-17 05:47:23,148][root][INFO] - Epoch [3/5], Batch [14/300], Loss: 1.1920 (Overall: 0.6415, Change: 1.4904), TF Ratio: 0.877
[2026-06-17 05:47:23,301][root][INFO] - Epoch [3/5], Batch [15/300], Loss: 1.1796 (Overall: 0.7369, Change: 1.2772), TF Ratio: 0.877
[2026-06-17 05:47:23,460][root][INFO] - Epoch [3/5], Batch [16/300], Loss: 1.1641 (Overall: 0.5655, Change: 1.2970), TF Ratio: 0.877
[2026-06-17 05:47:23,621][root][INFO] - Epoch [3/5], Batch [17/300], Loss: 1.1536 (Overall: 0.8073, Change: 1.1620), TF Ratio: 0.877
[2026-06-17 05:47:23,779][root][INFO] - Epoch [3/5], Batch [18/300], Loss: 1.1446 (Overall: 0.5543, Change: 1.4312), TF Ratio: 0.876
[2026-06-17 05:47:23,932][root][INFO] - Epoch [3/5], Batch [19/300], Loss: 1.1395 (Overall: 0.7173, Change: 1.3780), TF Ratio: 0.876
[2026-06-17 05:47:24,084][root][INFO] - Epoch [3/5], Batch [20/300], Loss: 1.1347 (Overall: 0.8341, Change: 1.2515), TF Ratio: 0.876
[2026-06-17 05:47:24,235][root][INFO] - Epoch [3/5], Batch [21/300], Loss: 1.1388 (Overall: 1.2722, Change: 1.1720), TF Ratio: 0.876
[2026-06-17 05:47:24,394][root][INFO] - Epoch [3/5], Batch [22/300], Loss: 1.1448 (Overall: 0.9752, Change: 1.5635), TF Ratio: 0.876
[2026-06-17 05:47:24,553][root][INFO] - Epoch [3/5], Batch [23/300], Loss: 1.1437 (Overall: 0.8948, Change: 1.3457), TF Ratio: 0.875
[2026-06-17 05:47:24,720][root][INFO] - Epoch [3/5], Batch [24/300], Loss: 1.1491 (Overall: 0.9160, Change: 1.6286), TF Ratio: 0.875
[2026-06-17 05:47:24,870][root][INFO] - Epoch [3/5], Batch [25/300], Loss: 1.1461 (Overall: 0.8248, Change: 1.3235), TF Ratio: 0.875
[2026-06-17 05:47:25,021][root][INFO] - Epoch [3/5], Batch [26/300], Loss: 1.1337 (Overall: 0.4958, Change: 1.1545), TF Ratio: 0.875
[2026-06-17 05:47:25,172][root][INFO] - Epoch [3/5], Batch [27/300], Loss: 1.1343 (Overall: 0.8211, Change: 1.4796), TF Ratio: 0.875
[2026-06-17 05:47:25,329][root][INFO] - Epoch [3/5], Batch [28/300], Loss: 1.1339 (Overall: 0.9564, Change: 1.2870), TF Ratio: 0.874
[2026-06-17 05:47:25,482][root][INFO] - Epoch [3/5], Batch [29/300], Loss: 1.1397 (Overall: 1.1302, Change: 1.4772), TF Ratio: 0.874
[2026-06-17 05:47:25,633][root][INFO] - Epoch [3/5], Batch [30/300], Loss: 1.1373 (Overall: 0.8334, Change: 1.3022), TF Ratio: 0.874
[2026-06-17 05:47:25,802][root][INFO] - Epoch [3/5], Batch [31/300], Loss: 1.1396 (Overall: 1.3690, Change: 1.0473), TF Ratio: 0.874
[2026-06-17 05:47:25,955][root][INFO] - Epoch [3/5], Batch [32/300], Loss: 1.1382 (Overall: 0.8178, Change: 1.3713), TF Ratio: 0.874
[2026-06-17 05:47:26,105][root][INFO] - Epoch [3/5], Batch [33/300], Loss: 1.1434 (Overall: 1.1230, Change: 1.4959), TF Ratio: 0.873
[2026-06-17 05:47:26,256][root][INFO] - Epoch [3/5], Batch [34/300], Loss: 1.1396 (Overall: 0.7186, Change: 1.3074), TF Ratio: 0.873
[2026-06-17 05:47:26,407][root][INFO] - Epoch [3/5], Batch [35/300], Loss: 1.1423 (Overall: 0.8123, Change: 1.6599), TF Ratio: 0.873
[2026-06-17 05:47:26,564][root][INFO] - Epoch [3/5], Batch [36/300], Loss: 1.1572 (Overall: 1.6075, Change: 1.7464), TF Ratio: 0.873
[2026-06-17 05:47:26,714][root][INFO] - Epoch [3/5], Batch [37/300], Loss: 1.1575 (Overall: 0.8123, Change: 1.5286), TF Ratio: 0.873
[2026-06-17 05:47:26,868][root][INFO] - Epoch [3/5], Batch [38/300], Loss: 1.1554 (Overall: 0.8013, Change: 1.3482), TF Ratio: 0.872
[2026-06-17 05:47:27,019][root][INFO] - Epoch [3/5], Batch [39/300], Loss: 1.1625 (Overall: 1.2666, Change: 1.5996), TF Ratio: 0.872
[2026-06-17 05:47:27,171][root][INFO] - Epoch [3/5], Batch [40/300], Loss: 1.1633 (Overall: 0.7656, Change: 1.6270), TF Ratio: 0.872
[2026-06-17 05:47:27,323][root][INFO] - Epoch [3/5], Batch [41/300], Loss: 1.1614 (Overall: 0.9164, Change: 1.2483), TF Ratio: 0.872
[2026-06-17 05:47:27,479][root][INFO] - Epoch [3/5], Batch [42/300], Loss: 1.1545 (Overall: 0.7278, Change: 1.0186), TF Ratio: 0.872
[2026-06-17 05:47:27,630][root][INFO] - Epoch [3/5], Batch [43/300], Loss: 1.1554 (Overall: 0.8497, Change: 1.5329), TF Ratio: 0.871
[2026-06-17 05:47:27,781][root][INFO] - Epoch [3/5], Batch [44/300], Loss: 1.1568 (Overall: 1.2997, Change: 1.1367), TF Ratio: 0.871
[2026-06-17 05:47:27,932][root][INFO] - Epoch [3/5], Batch [45/300], Loss: 1.1588 (Overall: 0.7189, Change: 1.7806), TF Ratio: 0.871
[2026-06-17 05:47:28,084][root][INFO] - Epoch [3/5], Batch [46/300], Loss: 1.1538 (Overall: 0.7288, Change: 1.1225), TF Ratio: 0.871
[2026-06-17 05:47:28,235][root][INFO] - Epoch [3/5], Batch [47/300], Loss: 1.1575 (Overall: 0.9763, Change: 1.6802), TF Ratio: 0.871
[2026-06-17 05:47:28,386][root][INFO] - Epoch [3/5], Batch [48/300], Loss: 1.1617 (Overall: 1.1278, Change: 1.5917), TF Ratio: 0.870
[2026-06-17 05:47:28,537][root][INFO] - Epoch [3/5], Batch [49/300], Loss: 1.1545 (Overall: 0.5768, Change: 1.0431), TF Ratio: 0.870
[2026-06-17 05:47:28,688][root][INFO] - Epoch [3/5], Batch [50/300], Loss: 1.1508 (Overall: 0.5605, Change: 1.3795), TF Ratio: 0.870
[2026-06-17 05:47:28,839][root][INFO] - Epoch [3/5], Batch [51/300], Loss: 1.1514 (Overall: 0.9261, Change: 1.4378), TF Ratio: 0.870
[2026-06-17 05:47:28,992][root][INFO] - Epoch [3/5], Batch [52/300], Loss: 1.1506 (Overall: 0.7832, Change: 1.4304), TF Ratio: 0.870
[2026-06-17 05:47:29,143][root][INFO] - Epoch [3/5], Batch [53/300], Loss: 1.1506 (Overall: 0.8805, Change: 1.4213), TF Ratio: 0.869
[2026-06-17 05:47:29,294][root][INFO] - Epoch [3/5], Batch [54/300], Loss: 1.1497 (Overall: 0.7586, Change: 1.4503), TF Ratio: 0.869
[2026-06-17 05:47:29,445][root][INFO] - Epoch [3/5], Batch [55/300], Loss: 1.1504 (Overall: 0.8982, Change: 1.4692), TF Ratio: 0.869
[2026-06-17 05:47:29,596][root][INFO] - Epoch [3/5], Batch [56/300], Loss: 1.1514 (Overall: 0.8339, Change: 1.5885), TF Ratio: 0.869
[2026-06-17 05:47:29,747][root][INFO] - Epoch [3/5], Batch [57/300], Loss: 1.1513 (Overall: 0.7163, Change: 1.5748), TF Ratio: 0.869
[2026-06-17 05:47:29,898][root][INFO] - Epoch [3/5], Batch [58/300], Loss: 1.1494 (Overall: 0.7306, Change: 1.3463), TF Ratio: 0.868
[2026-06-17 05:47:30,049][root][INFO] - Epoch [3/5], Batch [59/300], Loss: 1.1474 (Overall: 0.8851, Change: 1.1824), TF Ratio: 0.868
[2026-06-17 05:47:30,201][root][INFO] - Epoch [3/5], Batch [60/300], Loss: 1.1521 (Overall: 1.0761, Change: 1.7767), TF Ratio: 0.868
[2026-06-17 05:47:30,351][root][INFO] - Epoch [3/5], Batch [61/300], Loss: 1.1523 (Overall: 0.8795, Change: 1.4531), TF Ratio: 0.868
[2026-06-17 05:47:30,506][root][INFO] - Epoch [3/5], Batch [62/300], Loss: 1.1494 (Overall: 0.7023, Change: 1.2431), TF Ratio: 0.868
[2026-06-17 05:47:30,657][root][INFO] - Epoch [3/5], Batch [63/300], Loss: 1.1536 (Overall: 1.0702, Change: 1.7581), TF Ratio: 0.867
[2026-06-17 05:47:30,817][root][INFO] - Epoch [3/5], Batch [64/300], Loss: 1.1536 (Overall: 0.7747, Change: 1.5331), TF Ratio: 0.867
[2026-06-17 05:47:30,967][root][INFO] - Epoch [3/5], Batch [65/300], Loss: 1.1581 (Overall: 1.4990, Change: 1.3912), TF Ratio: 0.867
[2026-06-17 05:47:31,118][root][INFO] - Epoch [3/5], Batch [66/300], Loss: 1.1621 (Overall: 1.1439, Change: 1.7046), TF Ratio: 0.867
[2026-06-17 05:47:31,268][root][INFO] - Epoch [3/5], Batch [67/300], Loss: 1.1639 (Overall: 1.1019, Change: 1.4551), TF Ratio: 0.867
[2026-06-17 05:47:31,420][root][INFO] - Epoch [3/5], Batch [68/300], Loss: 1.1639 (Overall: 0.9241, Change: 1.4074), TF Ratio: 0.866
[2026-06-17 05:47:31,570][root][INFO] - Epoch [3/5], Batch [69/300], Loss: 1.1623 (Overall: 0.8203, Change: 1.2908), TF Ratio: 0.866
[2026-06-17 05:47:31,720][root][INFO] - Epoch [3/5], Batch [70/300], Loss: 1.1643 (Overall: 0.8970, Change: 1.7042), TF Ratio: 0.866
[2026-06-17 05:47:31,871][root][INFO] - Epoch [3/5], Batch [71/300], Loss: 1.1632 (Overall: 0.7574, Change: 1.4192), TF Ratio: 0.866
[2026-06-17 05:47:32,022][root][INFO] - Epoch [3/5], Batch [72/300], Loss: 1.1651 (Overall: 1.0897, Change: 1.5004), TF Ratio: 0.866
[2026-06-17 05:47:32,172][root][INFO] - Epoch [3/5], Batch [73/300], Loss: 1.1638 (Overall: 0.8673, Change: 1.2842), TF Ratio: 0.865
[2026-06-17 05:47:32,323][root][INFO] - Epoch [3/5], Batch [74/300], Loss: 1.1660 (Overall: 0.9386, Change: 1.7151), TF Ratio: 0.865
[2026-06-17 05:47:32,476][root][INFO] - Epoch [3/5], Batch [75/300], Loss: 1.1653 (Overall: 0.7979, Change: 1.4196), TF Ratio: 0.865
[2026-06-17 05:47:32,633][root][INFO] - Epoch [3/5], Batch [76/300], Loss: 1.1653 (Overall: 0.9695, Change: 1.3675), TF Ratio: 0.865
[2026-06-17 05:47:32,784][root][INFO] - Epoch [3/5], Batch [77/300], Loss: 1.1681 (Overall: 0.6444, Change: 2.1109), TF Ratio: 0.865
[2026-06-17 05:47:32,940][root][INFO] - Epoch [3/5], Batch [78/300], Loss: 1.1654 (Overall: 0.7248, Change: 1.1935), TF Ratio: 0.864
[2026-06-17 05:47:33,092][root][INFO] - Epoch [3/5], Batch [79/300], Loss: 1.1641 (Overall: 0.7069, Change: 1.4217), TF Ratio: 0.864
[2026-06-17 05:47:33,245][root][INFO] - Epoch [3/5], Batch [80/300], Loss: 1.1641 (Overall: 0.8961, Change: 1.4255), TF Ratio: 0.864
[2026-06-17 05:47:33,400][root][INFO] - Epoch [3/5], Batch [81/300], Loss: 1.1683 (Overall: 0.6865, Change: 2.3174), TF Ratio: 0.864
[2026-06-17 05:47:33,551][root][INFO] - Epoch [3/5], Batch [82/300], Loss: 1.1686 (Overall: 0.9639, Change: 1.4258), TF Ratio: 0.864
[2026-06-17 05:47:33,702][root][INFO] - Epoch [3/5], Batch [83/300], Loss: 1.1680 (Overall: 0.7736, Change: 1.4673), TF Ratio: 0.863
[2026-06-17 05:47:33,853][root][INFO] - Epoch [3/5], Batch [84/300], Loss: 1.1652 (Overall: 0.6393, Change: 1.2278), TF Ratio: 0.863
[2026-06-17 05:47:34,010][root][INFO] - Epoch [3/5], Batch [85/300], Loss: 1.1616 (Overall: 0.7108, Change: 1.0009), TF Ratio: 0.863
[2026-06-17 05:47:34,161][root][INFO] - Epoch [3/5], Batch [86/300], Loss: 1.1625 (Overall: 1.0036, Change: 1.4748), TF Ratio: 0.863
[2026-06-17 05:47:34,311][root][INFO] - Epoch [3/5], Batch [87/300], Loss: 1.1626 (Overall: 0.7445, Change: 1.5964), TF Ratio: 0.863
[2026-06-17 05:47:34,463][root][INFO] - Epoch [3/5], Batch [88/300], Loss: 1.1646 (Overall: 1.0184, Change: 1.6685), TF Ratio: 0.862
[2026-06-17 05:47:34,614][root][INFO] - Epoch [3/5], Batch [89/300], Loss: 1.1654 (Overall: 0.7582, Change: 1.7076), TF Ratio: 0.862
[2026-06-17 05:47:34,765][root][INFO] - Epoch [3/5], Batch [90/300], Loss: 1.1646 (Overall: 0.7687, Change: 1.4287), TF Ratio: 0.862
[2026-06-17 05:47:34,915][root][INFO] - Epoch [3/5], Batch [91/300], Loss: 1.1640 (Overall: 0.6988, Change: 1.5219), TF Ratio: 0.862
[2026-06-17 05:47:35,066][root][INFO] - Epoch [3/5], Batch [92/300], Loss: 1.1623 (Overall: 0.7156, Change: 1.2920), TF Ratio: 0.862
[2026-06-17 05:47:35,216][root][INFO] - Epoch [3/5], Batch [93/300], Loss: 1.1654 (Overall: 1.3764, Change: 1.5249), TF Ratio: 0.861
[2026-06-17 05:47:35,367][root][INFO] - Epoch [3/5], Batch [94/300], Loss: 1.1696 (Overall: 0.8349, Change: 2.2757), TF Ratio: 0.861
[2026-06-17 05:47:35,518][root][INFO] - Epoch [3/5], Batch [95/300], Loss: 1.1719 (Overall: 1.1500, Change: 1.6349), TF Ratio: 0.861
[2026-06-17 05:47:35,669][root][INFO] - Epoch [3/5], Batch [96/300], Loss: 1.1719 (Overall: 0.9264, Change: 1.4256), TF Ratio: 0.861
[2026-06-17 05:47:35,833][root][INFO] - Epoch [3/5], Batch [97/300], Loss: 1.1730 (Overall: 0.7747, Change: 1.7673), TF Ratio: 0.861
[2026-06-17 05:47:35,984][root][INFO] - Epoch [3/5], Batch [98/300], Loss: 1.1719 (Overall: 0.8599, Change: 1.2722), TF Ratio: 0.860
[2026-06-17 05:47:36,134][root][INFO] - Epoch [3/5], Batch [99/300], Loss: 1.1739 (Overall: 1.2418, Change: 1.4980), TF Ratio: 0.860
[2026-06-17 05:47:36,285][root][INFO] - Epoch [3/5], Batch [100/300], Loss: 1.1748 (Overall: 0.9845, Change: 1.5563), TF Ratio: 0.860
[2026-06-17 05:47:36,436][root][INFO] - Epoch [3/5], Batch [101/300], Loss: 1.1739 (Overall: 0.6552, Change: 1.5128), TF Ratio: 0.860
[2026-06-17 05:47:36,586][root][INFO] - Epoch [3/5], Batch [102/300], Loss: 1.1738 (Overall: 0.8107, Change: 1.5056), TF Ratio: 0.860
[2026-06-17 05:47:36,736][root][INFO] - Epoch [3/5], Batch [103/300], Loss: 1.1744 (Overall: 0.9382, Change: 1.5441), TF Ratio: 0.859
[2026-06-17 05:47:36,888][root][INFO] - Epoch [3/5], Batch [104/300], Loss: 1.1761 (Overall: 0.9903, Change: 1.7142), TF Ratio: 0.859
[2026-06-17 05:47:37,038][root][INFO] - Epoch [3/5], Batch [105/300], Loss: 1.1757 (Overall: 0.9614, Change: 1.2962), TF Ratio: 0.859
[2026-06-17 05:47:37,188][root][INFO] - Epoch [3/5], Batch [106/300], Loss: 1.1762 (Overall: 0.8397, Change: 1.6148), TF Ratio: 0.859
[2026-06-17 05:47:37,339][root][INFO] - Epoch [3/5], Batch [107/300], Loss: 1.1747 (Overall: 0.6618, Change: 1.3709), TF Ratio: 0.859
[2026-06-17 05:47:37,491][root][INFO] - Epoch [3/5], Batch [108/300], Loss: 1.1747 (Overall: 0.8412, Change: 1.5031), TF Ratio: 0.858
[2026-06-17 05:47:37,641][root][INFO] - Epoch [3/5], Batch [109/300], Loss: 1.1740 (Overall: 0.6215, Change: 1.5817), TF Ratio: 0.858
[2026-06-17 05:47:37,792][root][INFO] - Epoch [3/5], Batch [110/300], Loss: 1.1721 (Overall: 0.6634, Change: 1.2680), TF Ratio: 0.858
[2026-06-17 05:47:37,942][root][INFO] - Epoch [3/5], Batch [111/300], Loss: 1.1752 (Overall: 1.0369, Change: 1.9858), TF Ratio: 0.858
[2026-06-17 05:47:38,092][root][INFO] - Epoch [3/5], Batch [112/300], Loss: 1.1776 (Overall: 1.1828, Change: 1.7204), TF Ratio: 0.858
[2026-06-17 05:47:38,247][root][INFO] - Epoch [3/5], Batch [113/300], Loss: 1.1763 (Overall: 0.5980, Change: 1.4547), TF Ratio: 0.857
[2026-06-17 05:47:38,398][root][INFO] - Epoch [3/5], Batch [114/300], Loss: 1.1764 (Overall: 0.9100, Change: 1.4672), TF Ratio: 0.857
[2026-06-17 05:47:38,548][root][INFO] - Epoch [3/5], Batch [115/300], Loss: 1.1763 (Overall: 0.7971, Change: 1.5395), TF Ratio: 0.857
[2026-06-17 05:47:38,700][root][INFO] - Epoch [3/5], Batch [116/300], Loss: 1.1768 (Overall: 0.8067, Change: 1.6564), TF Ratio: 0.857
[2026-06-17 05:47:38,851][root][INFO] - Epoch [3/5], Batch [117/300], Loss: 1.1801 (Overall: 1.5316, Change: 1.5882), TF Ratio: 0.857
[2026-06-17 05:47:39,005][root][INFO] - Epoch [3/5], Batch [118/300], Loss: 1.1796 (Overall: 0.5898, Change: 1.6533), TF Ratio: 0.856
[2026-06-17 05:47:39,156][root][INFO] - Epoch [3/5], Batch [119/300], Loss: 1.1779 (Overall: 0.6566, Change: 1.3058), TF Ratio: 0.856
[2026-06-17 05:47:39,308][root][INFO] - Epoch [3/5], Batch [120/300], Loss: 1.1777 (Overall: 0.7741, Change: 1.5187), TF Ratio: 0.856
[2026-06-17 05:47:39,464][root][INFO] - Epoch [3/5], Batch [121/300], Loss: 1.1756 (Overall: 0.7391, Change: 1.1313), TF Ratio: 0.856
[2026-06-17 05:47:39,615][root][INFO] - Epoch [3/5], Batch [122/300], Loss: 1.1760 (Overall: 0.8521, Change: 1.5959), TF Ratio: 0.856
[2026-06-17 05:47:39,765][root][INFO] - Epoch [3/5], Batch [123/300], Loss: 1.1812 (Overall: 1.3567, Change: 2.2595), TF Ratio: 0.855
[2026-06-17 05:47:39,918][root][INFO] - Epoch [3/5], Batch [124/300], Loss: 1.1801 (Overall: 0.6320, Change: 1.4689), TF Ratio: 0.855
[2026-06-17 05:47:40,068][root][INFO] - Epoch [3/5], Batch [125/300], Loss: 1.1755 (Overall: 0.5035, Change: 0.6989), TF Ratio: 0.855
[2026-06-17 05:47:40,218][root][INFO] - Epoch [3/5], Batch [126/300], Loss: 1.1778 (Overall: 0.9227, Change: 2.0047), TF Ratio: 0.855
[2026-06-17 05:47:40,369][root][INFO] - Epoch [3/5], Batch [127/300], Loss: 1.1821 (Overall: 0.9008, Change: 2.5636), TF Ratio: 0.855
[2026-06-17 05:47:40,521][root][INFO] - Epoch [3/5], Batch [128/300], Loss: 1.1812 (Overall: 0.7379, Change: 1.3783), TF Ratio: 0.854
[2026-06-17 05:47:40,687][root][INFO] - Epoch [3/5], Batch [129/300], Loss: 1.1796 (Overall: 0.9212, Change: 1.0452), TF Ratio: 0.854
[2026-06-17 05:47:40,838][root][INFO] - Epoch [3/5], Batch [130/300], Loss: 1.1785 (Overall: 0.6151, Change: 1.4544), TF Ratio: 0.854
[2026-06-17 05:47:40,988][root][INFO] - Epoch [3/5], Batch [131/300], Loss: 1.1799 (Overall: 1.0372, Change: 1.6874), TF Ratio: 0.854
[2026-06-17 05:47:41,147][root][INFO] - Epoch [3/5], Batch [132/300], Loss: 1.1768 (Overall: 0.6917, Change: 0.8530), TF Ratio: 0.854
[2026-06-17 05:47:41,305][root][INFO] - Epoch [3/5], Batch [133/300], Loss: 1.1761 (Overall: 1.2001, Change: 0.9615), TF Ratio: 0.853
[2026-06-17 05:47:41,462][root][INFO] - Epoch [3/5], Batch [134/300], Loss: 1.1758 (Overall: 0.7492, Change: 1.5069), TF Ratio: 0.853
[2026-06-17 05:47:41,613][root][INFO] - Epoch [3/5], Batch [135/300], Loss: 1.1745 (Overall: 0.6650, Change: 1.3531), TF Ratio: 0.853
[2026-06-17 05:47:41,766][root][INFO] - Epoch [3/5], Batch [136/300], Loss: 1.1744 (Overall: 0.6391, Change: 1.6802), TF Ratio: 0.853
[2026-06-17 05:47:41,916][root][INFO] - Epoch [3/5], Batch [137/300], Loss: 1.1756 (Overall: 0.7659, Change: 1.9048), TF Ratio: 0.853
[2026-06-17 05:47:42,067][root][INFO] - Epoch [3/5], Batch [138/300], Loss: 1.1749 (Overall: 1.0236, Change: 1.1354), TF Ratio: 0.852
[2026-06-17 05:47:42,220][root][INFO] - Epoch [3/5], Batch [139/300], Loss: 1.1745 (Overall: 0.9549, Change: 1.2930), TF Ratio: 0.852
[2026-06-17 05:47:42,372][root][INFO] - Epoch [3/5], Batch [140/300], Loss: 1.1740 (Overall: 0.9698, Change: 1.2323), TF Ratio: 0.852
[2026-06-17 05:47:42,527][root][INFO] - Epoch [3/5], Batch [141/300], Loss: 1.1776 (Overall: 1.4999, Change: 1.8608), TF Ratio: 0.852
[2026-06-17 05:47:42,695][root][INFO] - Epoch [3/5], Batch [142/300], Loss: 1.1764 (Overall: 0.6394, Change: 1.3881), TF Ratio: 0.852
[2026-06-17 05:47:42,851][root][INFO] - Epoch [3/5], Batch [143/300], Loss: 1.1747 (Overall: 0.6967, Change: 1.1443), TF Ratio: 0.851
[2026-06-17 05:47:43,026][root][INFO] - Epoch [3/5], Batch [144/300], Loss: 1.1732 (Overall: 0.8793, Change: 1.0398), TF Ratio: 0.851
[2026-06-17 05:47:43,176][root][INFO] - Epoch [3/5], Batch [145/300], Loss: 1.1732 (Overall: 0.7697, Change: 1.5863), TF Ratio: 0.851
[2026-06-17 05:47:43,327][root][INFO] - Epoch [3/5], Batch [146/300], Loss: 1.1722 (Overall: 0.8808, Change: 1.1699), TF Ratio: 0.851
[2026-06-17 05:47:43,478][root][INFO] - Epoch [3/5], Batch [147/300], Loss: 1.1733 (Overall: 0.9840, Change: 1.6863), TF Ratio: 0.851
[2026-06-17 05:47:43,632][root][INFO] - Epoch [3/5], Batch [148/300], Loss: 1.1736 (Overall: 1.0657, Change: 1.3788), TF Ratio: 0.850
[2026-06-17 05:47:43,797][root][INFO] - Epoch [3/5], Batch [149/300], Loss: 1.1727 (Overall: 0.8616, Change: 1.1979), TF Ratio: 0.850
[2026-06-17 05:47:43,950][root][INFO] - Epoch [3/5], Batch [150/300], Loss: 1.1727 (Overall: 1.0199, Change: 1.3274), TF Ratio: 0.850
[2026-06-17 05:47:44,102][root][INFO] - Epoch [3/5], Batch [151/300], Loss: 1.1722 (Overall: 0.5535, Change: 1.6402), TF Ratio: 0.850
[2026-06-17 05:47:44,255][root][INFO] - Epoch [3/5], Batch [152/300], Loss: 1.1715 (Overall: 0.8565, Change: 1.2998), TF Ratio: 0.850
[2026-06-17 05:47:44,412][root][INFO] - Epoch [3/5], Batch [153/300], Loss: 1.1705 (Overall: 0.6190, Change: 1.3986), TF Ratio: 0.849
[2026-06-17 05:47:44,571][root][INFO] - Epoch [3/5], Batch [154/300], Loss: 1.1696 (Overall: 0.5762, Change: 1.4870), TF Ratio: 0.849
[2026-06-17 05:47:44,721][root][INFO] - Epoch [3/5], Batch [155/300], Loss: 1.1689 (Overall: 0.8770, Change: 1.2558), TF Ratio: 0.849
[2026-06-17 05:47:44,873][root][INFO] - Epoch [3/5], Batch [156/300], Loss: 1.1698 (Overall: 0.7157, Change: 1.9141), TF Ratio: 0.849
[2026-06-17 05:47:45,023][root][INFO] - Epoch [3/5], Batch [157/300], Loss: 1.1719 (Overall: 0.8586, Change: 2.1414), TF Ratio: 0.849
[2026-06-17 05:47:45,175][root][INFO] - Epoch [3/5], Batch [158/300], Loss: 1.1729 (Overall: 1.1225, Change: 1.5242), TF Ratio: 0.848
[2026-06-17 05:47:45,326][root][INFO] - Epoch [3/5], Batch [159/300], Loss: 1.1715 (Overall: 0.8094, Change: 1.0809), TF Ratio: 0.848
[2026-06-17 05:47:45,478][root][INFO] - Epoch [3/5], Batch [160/300], Loss: 1.1699 (Overall: 0.5181, Change: 1.3151), TF Ratio: 0.848
[2026-06-17 05:47:45,629][root][INFO] - Epoch [3/5], Batch [161/300], Loss: 1.1706 (Overall: 0.7178, Change: 1.8673), TF Ratio: 0.848
[2026-06-17 05:47:45,780][root][INFO] - Epoch [3/5], Batch [162/300], Loss: 1.1697 (Overall: 0.6417, Change: 1.3943), TF Ratio: 0.848
[2026-06-17 05:47:45,931][root][INFO] - Epoch [3/5], Batch [163/300], Loss: 1.1703 (Overall: 0.8764, Change: 1.6707), TF Ratio: 0.847
[2026-06-17 05:47:46,084][root][INFO] - Epoch [3/5], Batch [164/300], Loss: 1.1698 (Overall: 0.9168, Change: 1.2567), TF Ratio: 0.847
[2026-06-17 05:47:46,236][root][INFO] - Epoch [3/5], Batch [165/300], Loss: 1.1690 (Overall: 0.6791, Change: 1.3821), TF Ratio: 0.847
[2026-06-17 05:47:46,388][root][INFO] - Epoch [3/5], Batch [166/300], Loss: 1.1691 (Overall: 1.0281, Change: 1.3419), TF Ratio: 0.847
[2026-06-17 05:47:46,544][root][INFO] - Epoch [3/5], Batch [167/300], Loss: 1.1683 (Overall: 0.6311, Change: 1.4577), TF Ratio: 0.847
[2026-06-17 05:47:46,696][root][INFO] - Epoch [3/5], Batch [168/300], Loss: 1.1684 (Overall: 0.5809, Change: 1.7787), TF Ratio: 0.846
[2026-06-17 05:47:46,848][root][INFO] - Epoch [3/5], Batch [169/300], Loss: 1.1678 (Overall: 0.9410, Change: 1.1929), TF Ratio: 0.846
[2026-06-17 05:47:46,998][root][INFO] - Epoch [3/5], Batch [170/300], Loss: 1.1672 (Overall: 0.7967, Change: 1.3506), TF Ratio: 0.846
[2026-06-17 05:47:47,149][root][INFO] - Epoch [3/5], Batch [171/300], Loss: 1.1679 (Overall: 0.8674, Change: 1.6749), TF Ratio: 0.846
[2026-06-17 05:47:47,301][root][INFO] - Epoch [3/5], Batch [172/300], Loss: 1.1681 (Overall: 0.9404, Change: 1.4748), TF Ratio: 0.846
[2026-06-17 05:47:47,456][root][INFO] - Epoch [3/5], Batch [173/300], Loss: 1.1668 (Overall: 0.5972, Change: 1.3052), TF Ratio: 0.845
[2026-06-17 05:47:47,609][root][INFO] - Epoch [3/5], Batch [174/300], Loss: 1.1686 (Overall: 1.1772, Change: 1.7808), TF Ratio: 0.845
[2026-06-17 05:47:47,790][root][INFO] - Epoch [3/5], Batch [175/300], Loss: 1.1682 (Overall: 0.8114, Change: 1.3629), TF Ratio: 0.845
[2026-06-17 05:47:47,941][root][INFO] - Epoch [3/5], Batch [176/300], Loss: 1.1684 (Overall: 0.9655, Change: 1.4590), TF Ratio: 0.845
[2026-06-17 05:47:48,092][root][INFO] - Epoch [3/5], Batch [177/300], Loss: 1.1701 (Overall: 1.0150, Change: 1.9348), TF Ratio: 0.845
[2026-06-17 05:47:48,243][root][INFO] - Epoch [3/5], Batch [178/300], Loss: 1.1698 (Overall: 1.0778, Change: 1.1410), TF Ratio: 0.844
[2026-06-17 05:47:48,394][root][INFO] - Epoch [3/5], Batch [179/300], Loss: 1.1697 (Overall: 1.0308, Change: 1.2600), TF Ratio: 0.844
[2026-06-17 05:47:48,547][root][INFO] - Epoch [3/5], Batch [180/300], Loss: 1.1698 (Overall: 1.0546, Change: 1.3410), TF Ratio: 0.844
[2026-06-17 05:47:48,697][root][INFO] - Epoch [3/5], Batch [181/300], Loss: 1.1687 (Overall: 0.7809, Change: 1.1585), TF Ratio: 0.844
[2026-06-17 05:47:48,849][root][INFO] - Epoch [3/5], Batch [182/300], Loss: 1.1701 (Overall: 1.0009, Change: 1.8446), TF Ratio: 0.844
[2026-06-17 05:47:49,002][root][INFO] - Epoch [3/5], Batch [183/300], Loss: 1.1690 (Overall: 0.7159, Change: 1.2123), TF Ratio: 0.843
[2026-06-17 05:47:49,155][root][INFO] - Epoch [3/5], Batch [184/300], Loss: 1.1689 (Overall: 0.8267, Change: 1.4776), TF Ratio: 0.843
[2026-06-17 05:47:49,308][root][INFO] - Epoch [3/5], Batch [185/300], Loss: 1.1679 (Overall: 0.7269, Change: 1.2460), TF Ratio: 0.843
[2026-06-17 05:47:49,460][root][INFO] - Epoch [3/5], Batch [186/300], Loss: 1.1673 (Overall: 0.8051, Change: 1.2889), TF Ratio: 0.843
[2026-06-17 05:47:49,612][root][INFO] - Epoch [3/5], Batch [187/300], Loss: 1.1656 (Overall: 0.6577, Change: 1.0459), TF Ratio: 0.843
[2026-06-17 05:47:49,772][root][INFO] - Epoch [3/5], Batch [188/300], Loss: 1.1650 (Overall: 0.6513, Change: 1.4524), TF Ratio: 0.842
[2026-06-17 05:47:49,922][root][INFO] - Epoch [3/5], Batch [189/300], Loss: 1.1663 (Overall: 0.5422, Change: 2.2790), TF Ratio: 0.842
[2026-06-17 05:47:50,075][root][INFO] - Epoch [3/5], Batch [190/300], Loss: 1.1663 (Overall: 0.9274, Change: 1.4319), TF Ratio: 0.842
[2026-06-17 05:47:50,226][root][INFO] - Epoch [3/5], Batch [191/300], Loss: 1.1660 (Overall: 0.8003, Change: 1.4073), TF Ratio: 0.842
[2026-06-17 05:47:50,377][root][INFO] - Epoch [3/5], Batch [192/300], Loss: 1.1685 (Overall: 1.1753, Change: 2.1198), TF Ratio: 0.842
[2026-06-17 05:47:50,528][root][INFO] - Epoch [3/5], Batch [193/300], Loss: 1.1705 (Overall: 1.2225, Change: 1.8615), TF Ratio: 0.841
[2026-06-17 05:47:50,678][root][INFO] - Epoch [3/5], Batch [194/300], Loss: 1.1708 (Overall: 0.9769, Change: 1.5145), TF Ratio: 0.841
[2026-06-17 05:47:50,829][root][INFO] - Epoch [3/5], Batch [195/300], Loss: 1.1711 (Overall: 0.8567, Change: 1.6041), TF Ratio: 0.841
[2026-06-17 05:47:50,981][root][INFO] - Epoch [3/5], Batch [196/300], Loss: 1.1707 (Overall: 0.7690, Change: 1.4167), TF Ratio: 0.841
[2026-06-17 05:47:51,136][root][INFO] - Epoch [3/5], Batch [197/300], Loss: 1.1707 (Overall: 0.9935, Change: 1.3471), TF Ratio: 0.841
[2026-06-17 05:47:51,302][root][INFO] - Epoch [3/5], Batch [198/300], Loss: 1.1700 (Overall: 0.5007, Change: 1.5307), TF Ratio: 0.840
[2026-06-17 05:47:51,452][root][INFO] - Epoch [3/5], Batch [199/300], Loss: 1.1702 (Overall: 0.8134, Change: 1.6250), TF Ratio: 0.840
[2026-06-17 05:47:51,603][root][INFO] - Epoch [3/5], Batch [200/300], Loss: 1.1703 (Overall: 0.8786, Change: 1.4934), TF Ratio: 0.840
[2026-06-17 05:47:51,755][root][INFO] - Epoch [3/5], Batch [201/300], Loss: 1.1711 (Overall: 1.1213, Change: 1.5561), TF Ratio: 0.840
[2026-06-17 05:47:51,905][root][INFO] - Epoch [3/5], Batch [202/300], Loss: 1.1707 (Overall: 0.7079, Change: 1.4609), TF Ratio: 0.840
[2026-06-17 05:47:52,055][root][INFO] - Epoch [3/5], Batch [203/300], Loss: 1.1700 (Overall: 0.9053, Change: 1.1428), TF Ratio: 0.839
[2026-06-17 05:47:52,207][root][INFO] - Epoch [3/5], Batch [204/300], Loss: 1.1692 (Overall: 0.6247, Change: 1.3858), TF Ratio: 0.839
[2026-06-17 05:47:52,357][root][INFO] - Epoch [3/5], Batch [205/300], Loss: 1.1695 (Overall: 0.9197, Change: 1.5677), TF Ratio: 0.839
[2026-06-17 05:47:52,508][root][INFO] - Epoch [3/5], Batch [206/300], Loss: 1.1703 (Overall: 1.0613, Change: 1.5783), TF Ratio: 0.839
[2026-06-17 05:47:52,658][root][INFO] - Epoch [3/5], Batch [207/300], Loss: 1.1702 (Overall: 0.6920, Change: 1.6104), TF Ratio: 0.839
[2026-06-17 05:47:52,810][root][INFO] - Epoch [3/5], Batch [208/300], Loss: 1.1707 (Overall: 0.8706, Change: 1.6784), TF Ratio: 0.838
[2026-06-17 05:47:52,961][root][INFO] - Epoch [3/5], Batch [209/300], Loss: 1.1700 (Overall: 0.7595, Change: 1.2828), TF Ratio: 0.838
[2026-06-17 05:47:53,121][root][INFO] - Epoch [3/5], Batch [210/300], Loss: 1.1689 (Overall: 0.7840, Change: 1.1116), TF Ratio: 0.838
[2026-06-17 05:47:53,272][root][INFO] - Epoch [3/5], Batch [211/300], Loss: 1.1681 (Overall: 0.6862, Change: 1.3074), TF Ratio: 0.838
[2026-06-17 05:47:53,423][root][INFO] - Epoch [3/5], Batch [212/300], Loss: 1.1685 (Overall: 0.9053, Change: 1.5927), TF Ratio: 0.838
[2026-06-17 05:47:53,573][root][INFO] - Epoch [3/5], Batch [213/300], Loss: 1.1680 (Overall: 0.7800, Change: 1.3522), TF Ratio: 0.837
[2026-06-17 05:47:53,734][root][INFO] - Epoch [3/5], Batch [214/300], Loss: 1.1688 (Overall: 1.0411, Change: 1.6517), TF Ratio: 0.837
[2026-06-17 05:47:53,889][root][INFO] - Epoch [3/5], Batch [215/300], Loss: 1.1685 (Overall: 0.9510, Change: 1.2678), TF Ratio: 0.837
[2026-06-17 05:47:54,040][root][INFO] - Epoch [3/5], Batch [216/300], Loss: 1.1683 (Overall: 0.9102, Change: 1.3304), TF Ratio: 0.837
[2026-06-17 05:47:54,191][root][INFO] - Epoch [3/5], Batch [217/300], Loss: 1.1680 (Overall: 1.0418, Change: 1.1511), TF Ratio: 0.837
[2026-06-17 05:47:54,363][root][INFO] - Epoch [3/5], Batch [218/300], Loss: 1.1686 (Overall: 1.1061, Change: 1.4842), TF Ratio: 0.836
[2026-06-17 05:47:54,514][root][INFO] - Epoch [3/5], Batch [219/300], Loss: 1.1681 (Overall: 0.6975, Change: 1.4192), TF Ratio: 0.836
[2026-06-17 05:47:54,666][root][INFO] - Epoch [3/5], Batch [220/300], Loss: 1.1674 (Overall: 0.7245, Change: 1.2999), TF Ratio: 0.836
[2026-06-17 05:47:54,817][root][INFO] - Epoch [3/5], Batch [221/300], Loss: 1.1677 (Overall: 0.7806, Change: 1.6920), TF Ratio: 0.836
[2026-06-17 05:47:54,970][root][INFO] - Epoch [3/5], Batch [222/300], Loss: 1.1665 (Overall: 0.8561, Change: 0.9714), TF Ratio: 0.836
[2026-06-17 05:47:55,120][root][INFO] - Epoch [3/5], Batch [223/300], Loss: 1.1664 (Overall: 0.9526, Change: 1.3402), TF Ratio: 0.835
[2026-06-17 05:47:55,284][root][INFO] - Epoch [3/5], Batch [224/300], Loss: 1.1649 (Overall: 0.8679, Change: 0.7765), TF Ratio: 0.835
[2026-06-17 05:47:55,434][root][INFO] - Epoch [3/5], Batch [225/300], Loss: 1.1647 (Overall: 0.6575, Change: 1.5663), TF Ratio: 0.835
[2026-06-17 05:47:55,585][root][INFO] - Epoch [3/5], Batch [226/300], Loss: 1.1646 (Overall: 0.9708, Change: 1.3490), TF Ratio: 0.835
[2026-06-17 05:47:55,736][root][INFO] - Epoch [3/5], Batch [227/300], Loss: 1.1646 (Overall: 0.9344, Change: 1.3879), TF Ratio: 0.835
[2026-06-17 05:47:55,887][root][INFO] - Epoch [3/5], Batch [228/300], Loss: 1.1644 (Overall: 0.8355, Change: 1.3885), TF Ratio: 0.834
[2026-06-17 05:47:56,038][root][INFO] - Epoch [3/5], Batch [229/300], Loss: 1.1646 (Overall: 0.6323, Change: 1.7741), TF Ratio: 0.834
[2026-06-17 05:47:56,193][root][INFO] - Epoch [3/5], Batch [230/300], Loss: 1.1642 (Overall: 0.8097, Change: 1.3677), TF Ratio: 0.834
[2026-06-17 05:47:56,344][root][INFO] - Epoch [3/5], Batch [231/300], Loss: 1.1638 (Overall: 0.9235, Change: 1.1948), TF Ratio: 0.834
[2026-06-17 05:47:56,495][root][INFO] - Epoch [3/5], Batch [232/300], Loss: 1.1644 (Overall: 1.0586, Change: 1.5472), TF Ratio: 0.834
[2026-06-17 05:47:56,646][root][INFO] - Epoch [3/5], Batch [233/300], Loss: 1.1630 (Overall: 0.4769, Change: 1.2067), TF Ratio: 0.833
[2026-06-17 05:47:56,797][root][INFO] - Epoch [3/5], Batch [234/300], Loss: 1.1628 (Overall: 0.7697, Change: 1.4596), TF Ratio: 0.833
[2026-06-17 05:47:56,949][root][INFO] - Epoch [3/5], Batch [235/300], Loss: 1.1628 (Overall: 0.9168, Change: 1.4331), TF Ratio: 0.833
[2026-06-17 05:47:57,100][root][INFO] - Epoch [3/5], Batch [236/300], Loss: 1.1633 (Overall: 0.9768, Change: 1.5495), TF Ratio: 0.833
[2026-06-17 05:47:57,250][root][INFO] - Epoch [3/5], Batch [237/300], Loss: 1.1630 (Overall: 0.5677, Change: 1.6281), TF Ratio: 0.833
[2026-06-17 05:47:57,400][root][INFO] - Epoch [3/5], Batch [238/300], Loss: 1.1629 (Overall: 0.8230, Change: 1.4457), TF Ratio: 0.832
[2026-06-17 05:47:57,561][root][INFO] - Epoch [3/5], Batch [239/300], Loss: 1.1630 (Overall: 0.8622, Change: 1.5058), TF Ratio: 0.832
[2026-06-17 05:47:57,711][root][INFO] - Epoch [3/5], Batch [240/300], Loss: 1.1627 (Overall: 0.7003, Change: 1.4925), TF Ratio: 0.832
[2026-06-17 05:47:57,861][root][INFO] - Epoch [3/5], Batch [241/300], Loss: 1.1623 (Overall: 0.7382, Change: 1.4195), TF Ratio: 0.832
[2026-06-17 05:47:58,012][root][INFO] - Epoch [3/5], Batch [242/300], Loss: 1.1610 (Overall: 0.5886, Change: 1.0927), TF Ratio: 0.832
[2026-06-17 05:47:58,163][root][INFO] - Epoch [3/5], Batch [243/300], Loss: 1.1600 (Overall: 0.7085, Change: 1.1331), TF Ratio: 0.831
[2026-06-17 05:47:58,316][root][INFO] - Epoch [3/5], Batch [244/300], Loss: 1.1600 (Overall: 0.7796, Change: 1.5365), TF Ratio: 0.831
[2026-06-17 05:47:58,467][root][INFO] - Epoch [3/5], Batch [245/300], Loss: 1.1594 (Overall: 0.6024, Change: 1.4262), TF Ratio: 0.831
[2026-06-17 05:47:58,625][root][INFO] - Epoch [3/5], Batch [246/300], Loss: 1.1597 (Overall: 0.8572, Change: 1.6242), TF Ratio: 0.831
[2026-06-17 05:47:58,776][root][INFO] - Epoch [3/5], Batch [247/300], Loss: 1.1595 (Overall: 0.5832, Change: 1.6297), TF Ratio: 0.831
[2026-06-17 05:47:58,928][root][INFO] - Epoch [3/5], Batch [248/300], Loss: 1.1585 (Overall: 0.6018, Change: 1.1863), TF Ratio: 0.830
[2026-06-17 05:47:59,078][root][INFO] - Epoch [3/5], Batch [249/300], Loss: 1.1591 (Overall: 1.0110, Change: 1.6058), TF Ratio: 0.830
[2026-06-17 05:47:59,229][root][INFO] - Epoch [3/5], Batch [250/300], Loss: 1.1596 (Overall: 1.1066, Change: 1.4681), TF Ratio: 0.830
[2026-06-17 05:47:59,380][root][INFO] - Epoch [3/5], Batch [251/300], Loss: 1.1637 (Overall: 1.6617, Change: 2.7144), TF Ratio: 0.830
[2026-06-17 05:47:59,541][root][INFO] - Epoch [3/5], Batch [252/300], Loss: 1.1635 (Overall: 0.7035, Change: 1.5215), TF Ratio: 0.830
[2026-06-17 05:47:59,691][root][INFO] - Epoch [3/5], Batch [253/300], Loss: 1.1632 (Overall: 0.8076, Change: 1.3687), TF Ratio: 0.829
[2026-06-17 05:47:59,846][root][INFO] - Epoch [3/5], Batch [254/300], Loss: 1.1627 (Overall: 0.7556, Change: 1.3120), TF Ratio: 0.829
[2026-06-17 05:48:00,004][root][INFO] - Epoch [3/5], Batch [255/300], Loss: 1.1614 (Overall: 0.9121, Change: 0.7561), TF Ratio: 0.829
[2026-06-17 05:48:00,155][root][INFO] - Epoch [3/5], Batch [256/300], Loss: 1.1626 (Overall: 1.3825, Change: 1.5573), TF Ratio: 0.829
[2026-06-17 05:48:00,308][root][INFO] - Epoch [3/5], Batch [257/300], Loss: 1.1636 (Overall: 0.9845, Change: 1.8628), TF Ratio: 0.829
[2026-06-17 05:48:00,465][root][INFO] - Epoch [3/5], Batch [258/300], Loss: 1.1630 (Overall: 0.7996, Change: 1.2476), TF Ratio: 0.828
[2026-06-17 05:48:00,616][root][INFO] - Epoch [3/5], Batch [259/300], Loss: 1.1630 (Overall: 0.7976, Change: 1.5124), TF Ratio: 0.828
[2026-06-17 05:48:00,767][root][INFO] - Epoch [3/5], Batch [260/300], Loss: 1.1637 (Overall: 0.7696, Change: 1.9082), TF Ratio: 0.828
[2026-06-17 05:48:00,917][root][INFO] - Epoch [3/5], Batch [261/300], Loss: 1.1637 (Overall: 0.9465, Change: 1.3798), TF Ratio: 0.828
[2026-06-17 05:48:01,068][root][INFO] - Epoch [3/5], Batch [262/300], Loss: 1.1628 (Overall: 0.5181, Change: 1.3646), TF Ratio: 0.828
[2026-06-17 05:48:01,220][root][INFO] - Epoch [3/5], Batch [263/300], Loss: 1.1619 (Overall: 0.6073, Change: 1.2209), TF Ratio: 0.827
[2026-06-17 05:48:01,371][root][INFO] - Epoch [3/5], Batch [264/300], Loss: 1.1615 (Overall: 0.8541, Change: 1.2818), TF Ratio: 0.827
[2026-06-17 05:48:01,530][root][INFO] - Epoch [3/5], Batch [265/300], Loss: 1.1612 (Overall: 0.6916, Change: 1.4298), TF Ratio: 0.827
[2026-06-17 05:48:01,687][root][INFO] - Epoch [3/5], Batch [266/300], Loss: 1.1611 (Overall: 0.8697, Change: 1.4288), TF Ratio: 0.827
[2026-06-17 05:48:01,838][root][INFO] - Epoch [3/5], Batch [267/300], Loss: 1.1608 (Overall: 0.7789, Change: 1.4009), TF Ratio: 0.827
[2026-06-17 05:48:01,989][root][INFO] - Epoch [3/5], Batch [268/300], Loss: 1.1596 (Overall: 0.5706, Change: 1.0804), TF Ratio: 0.826
[2026-06-17 05:48:02,139][root][INFO] - Epoch [3/5], Batch [269/300], Loss: 1.1596 (Overall: 0.6554, Change: 1.6589), TF Ratio: 0.826
[2026-06-17 05:48:02,293][root][INFO] - Epoch [3/5], Batch [270/300], Loss: 1.1593 (Overall: 0.7493, Change: 1.3932), TF Ratio: 0.826
[2026-06-17 05:48:02,449][root][INFO] - Epoch [3/5], Batch [271/300], Loss: 1.1590 (Overall: 0.7512, Change: 1.4506), TF Ratio: 0.826
[2026-06-17 05:48:02,600][root][INFO] - Epoch [3/5], Batch [272/300], Loss: 1.1590 (Overall: 0.8485, Change: 1.4689), TF Ratio: 0.826
[2026-06-17 05:48:02,750][root][INFO] - Epoch [3/5], Batch [273/300], Loss: 1.1586 (Overall: 0.8388, Change: 1.2463), TF Ratio: 0.825
[2026-06-17 05:48:02,908][root][INFO] - Epoch [3/5], Batch [274/300], Loss: 1.1582 (Overall: 0.5802, Change: 1.4807), TF Ratio: 0.825
[2026-06-17 05:48:03,058][root][INFO] - Epoch [3/5], Batch [275/300], Loss: 1.1581 (Overall: 0.8209, Change: 1.4559), TF Ratio: 0.825
[2026-06-17 05:48:03,209][root][INFO] - Epoch [3/5], Batch [276/300], Loss: 1.1587 (Overall: 1.0645, Change: 1.6188), TF Ratio: 0.825
[2026-06-17 05:48:03,363][root][INFO] - Epoch [3/5], Batch [277/300], Loss: 1.1585 (Overall: 0.7792, Change: 1.3869), TF Ratio: 0.825
[2026-06-17 05:48:03,514][root][INFO] - Epoch [3/5], Batch [278/300], Loss: 1.1594 (Overall: 1.2280, Change: 1.6157), TF Ratio: 0.824
[2026-06-17 05:48:03,665][root][INFO] - Epoch [3/5], Batch [279/300], Loss: 1.1585 (Overall: 0.7384, Change: 1.0742), TF Ratio: 0.824
[2026-06-17 05:48:03,823][root][INFO] - Epoch [3/5], Batch [280/300], Loss: 1.1584 (Overall: 0.6998, Change: 1.5690), TF Ratio: 0.824
[2026-06-17 05:48:03,973][root][INFO] - Epoch [3/5], Batch [281/300], Loss: 1.1579 (Overall: 0.8974, Change: 1.1456), TF Ratio: 0.824
[2026-06-17 05:48:04,124][root][INFO] - Epoch [3/5], Batch [282/300], Loss: 1.1574 (Overall: 0.6002, Change: 1.3948), TF Ratio: 0.824
[2026-06-17 05:48:04,274][root][INFO] - Epoch [3/5], Batch [283/300], Loss: 1.1575 (Overall: 0.9253, Change: 1.4615), TF Ratio: 0.823
[2026-06-17 05:48:04,426][root][INFO] - Epoch [3/5], Batch [284/300], Loss: 1.1573 (Overall: 0.8342, Change: 1.3487), TF Ratio: 0.823
[2026-06-17 05:48:04,575][root][INFO] - Epoch [3/5], Batch [285/300], Loss: 1.1567 (Overall: 0.7378, Change: 1.2607), TF Ratio: 0.823
[2026-06-17 05:48:04,726][root][INFO] - Epoch [3/5], Batch [286/300], Loss: 1.1569 (Overall: 0.7943, Change: 1.6232), TF Ratio: 0.823
[2026-06-17 05:48:04,877][root][INFO] - Epoch [3/5], Batch [287/300], Loss: 1.1570 (Overall: 0.5593, Change: 1.8272), TF Ratio: 0.823
[2026-06-17 05:48:05,028][root][INFO] - Epoch [3/5], Batch [288/300], Loss: 1.1568 (Overall: 0.9363, Change: 1.2411), TF Ratio: 0.822
[2026-06-17 05:48:05,178][root][INFO] - Epoch [3/5], Batch [289/300], Loss: 1.1559 (Overall: 0.5606, Change: 1.2296), TF Ratio: 0.822
[2026-06-17 05:48:05,337][root][INFO] - Epoch [3/5], Batch [290/300], Loss: 1.1550 (Overall: 0.8146, Change: 1.0160), TF Ratio: 0.822
[2026-06-17 05:48:05,488][root][INFO] - Epoch [3/5], Batch [291/300], Loss: 1.1547 (Overall: 0.6155, Change: 1.4912), TF Ratio: 0.822
[2026-06-17 05:48:05,642][root][INFO] - Epoch [3/5], Batch [292/300], Loss: 1.1544 (Overall: 0.7489, Change: 1.3954), TF Ratio: 0.822
[2026-06-17 05:48:05,792][root][INFO] - Epoch [3/5], Batch [293/300], Loss: 1.1539 (Overall: 0.5300, Change: 1.4599), TF Ratio: 0.821
[2026-06-17 05:48:05,943][root][INFO] - Epoch [3/5], Batch [294/300], Loss: 1.1538 (Overall: 0.6339, Change: 1.6432), TF Ratio: 0.821
[2026-06-17 05:48:06,093][root][INFO] - Epoch [3/5], Batch [295/300], Loss: 1.1528 (Overall: 0.5890, Change: 1.1427), TF Ratio: 0.821
[2026-06-17 05:48:06,256][root][INFO] - Epoch [3/5], Batch [296/300], Loss: 1.1532 (Overall: 0.9858, Change: 1.5138), TF Ratio: 0.821
[2026-06-17 05:48:06,405][root][INFO] - Epoch [3/5], Batch [297/300], Loss: 1.1534 (Overall: 0.9260, Change: 1.5103), TF Ratio: 0.821
[2026-06-17 05:48:06,556][root][INFO] - Epoch [3/5], Batch [298/300], Loss: 1.1535 (Overall: 0.8592, Change: 1.5422), TF Ratio: 0.820
[2026-06-17 05:48:06,706][root][INFO] - Epoch [3/5], Batch [299/300], Loss: 1.1535 (Overall: 1.0606, Change: 1.2219), TF Ratio: 0.820
[2026-06-17 05:48:06,862][root][INFO] - Epoch [3/5], Batch [300/300], Loss: 1.1531 (Overall: 0.6736, Change: 1.3775), TF Ratio: 0.820
[2026-06-17 05:48:07,604][root][INFO] - Epoch 3 done. Validating...
[2026-06-17 05:48:11,113][root][INFO] - Epoch [3/5] | Train: 1.1531 | Val: 0.5179
[2026-06-17 05:48:11,348][root][INFO] - Checkpoint saved: /gpfs/scratch/bsc32/bsc096444/ai4land-tfm/trained_models/unet_impl/41825213/model_epoch_3.pth
[2026-06-17 05:48:13,609][root][INFO] - Epoch [4/5], Batch [1/300], Loss: 0.9411 (Overall: 0.6090, Change: 1.2731), TF Ratio: 0.820
[2026-06-17 05:48:14,381][root][INFO] - Epoch [4/5], Batch [2/300], Loss: 0.9102 (Overall: 0.5202, Change: 1.2386), TF Ratio: 0.820
[2026-06-17 05:48:15,264][root][INFO] - Epoch [4/5], Batch [3/300], Loss: 0.9983 (Overall: 1.0123, Change: 1.3367), TF Ratio: 0.819
[2026-06-17 05:48:15,416][root][INFO] - Epoch [4/5], Batch [4/300], Loss: 1.0015 (Overall: 0.7232, Change: 1.2991), TF Ratio: 0.819
[2026-06-17 05:48:15,567][root][INFO] - Epoch [4/5], Batch [5/300], Loss: 0.9953 (Overall: 0.5757, Change: 1.3657), TF Ratio: 0.819
[2026-06-17 05:48:15,717][root][INFO] - Epoch [4/5], Batch [6/300], Loss: 1.0393 (Overall: 1.1188, Change: 1.3993), TF Ratio: 0.819
[2026-06-17 05:48:15,868][root][INFO] - Epoch [4/5], Batch [7/300], Loss: 1.0253 (Overall: 0.6342, Change: 1.2486), TF Ratio: 0.819
[2026-06-17 05:48:16,020][root][INFO] - Epoch [4/5], Batch [8/300], Loss: 1.0190 (Overall: 0.9334, Change: 1.0157), TF Ratio: 0.818
[2026-06-17 05:48:16,173][root][INFO] - Epoch [4/5], Batch [9/300], Loss: 1.0058 (Overall: 0.8284, Change: 0.9723), TF Ratio: 0.818
[2026-06-17 05:48:16,324][root][INFO] - Epoch [4/5], Batch [10/300], Loss: 1.0131 (Overall: 0.6099, Change: 1.5490), TF Ratio: 0.818
[2026-06-17 05:48:16,476][root][INFO] - Epoch [4/5], Batch [11/300], Loss: 1.0293 (Overall: 0.7596, Change: 1.6218), TF Ratio: 0.818
[2026-06-17 05:48:16,630][root][INFO] - Epoch [4/5], Batch [12/300], Loss: 1.0215 (Overall: 0.8775, Change: 0.9937), TF Ratio: 0.818
[2026-06-17 05:48:16,782][root][INFO] - Epoch [4/5], Batch [13/300], Loss: 1.0233 (Overall: 0.6934, Change: 1.3957), TF Ratio: 0.817
[2026-06-17 05:48:16,934][root][INFO] - Epoch [4/5], Batch [14/300], Loss: 1.0278 (Overall: 0.7591, Change: 1.4145), TF Ratio: 0.817
[2026-06-17 05:48:17,085][root][INFO] - Epoch [4/5], Batch [15/300], Loss: 1.0242 (Overall: 0.9174, Change: 1.0309), TF Ratio: 0.817
[2026-06-17 05:48:17,236][root][INFO] - Epoch [4/5], Batch [16/300], Loss: 1.0271 (Overall: 0.8423, Change: 1.3000), TF Ratio: 0.817
[2026-06-17 05:48:17,392][root][INFO] - Epoch [4/5], Batch [17/300], Loss: 1.0272 (Overall: 0.9274, Change: 1.1300), TF Ratio: 0.817
[2026-06-17 05:48:17,543][root][INFO] - Epoch [4/5], Batch [18/300], Loss: 1.0458 (Overall: 1.1907, Change: 1.5322), TF Ratio: 0.816
[2026-06-17 05:48:17,693][root][INFO] - Epoch [4/5], Batch [19/300], Loss: 1.0576 (Overall: 0.8906, Change: 1.6504), TF Ratio: 0.816
[2026-06-17 05:48:17,850][root][INFO] - Epoch [4/5], Batch [20/300], Loss: 1.0599 (Overall: 0.7034, Change: 1.5027), TF Ratio: 0.816
[2026-06-17 05:48:18,002][root][INFO] - Epoch [4/5], Batch [21/300], Loss: 1.0494 (Overall: 0.7008, Change: 0.9778), TF Ratio: 0.816
[2026-06-17 05:48:18,155][root][INFO] - Epoch [4/5], Batch [22/300], Loss: 1.0590 (Overall: 0.9127, Change: 1.6068), TF Ratio: 0.816
[2026-06-17 05:48:18,310][root][INFO] - Epoch [4/5], Batch [23/300], Loss: 1.0701 (Overall: 1.0496, Change: 1.5817), TF Ratio: 0.815
[2026-06-17 05:48:18,471][root][INFO] - Epoch [4/5], Batch [24/300], Loss: 1.0762 (Overall: 0.8693, Change: 1.5638), TF Ratio: 0.815
[2026-06-17 05:48:18,624][root][INFO] - Epoch [4/5], Batch [25/300], Loss: 1.0701 (Overall: 0.5501, Change: 1.2948), TF Ratio: 0.815
[2026-06-17 05:48:18,775][root][INFO] - Epoch [4/5], Batch [26/300], Loss: 1.0690 (Overall: 0.9010, Change: 1.1853), TF Ratio: 0.815
[2026-06-17 05:48:18,926][root][INFO] - Epoch [4/5], Batch [27/300], Loss: 1.0622 (Overall: 0.6432, Change: 1.1276), TF Ratio: 0.815
[2026-06-17 05:48:19,085][root][INFO] - Epoch [4/5], Batch [28/300], Loss: 1.0599 (Overall: 0.6232, Change: 1.3723), TF Ratio: 0.814
[2026-06-17 05:48:19,236][root][INFO] - Epoch [4/5], Batch [29/300], Loss: 1.0607 (Overall: 0.8495, Change: 1.3130), TF Ratio: 0.814
[2026-06-17 05:48:19,388][root][INFO] - Epoch [4/5], Batch [30/300], Loss: 1.0617 (Overall: 0.8807, Change: 1.3010), TF Ratio: 0.814
[2026-06-17 05:48:19,539][root][INFO] - Epoch [4/5], Batch [31/300], Loss: 1.0616 (Overall: 0.8396, Change: 1.2773), TF Ratio: 0.814
[2026-06-17 05:48:19,696][root][INFO] - Epoch [4/5], Batch [32/300], Loss: 1.0546 (Overall: 0.6936, Change: 0.9820), TF Ratio: 0.814
[2026-06-17 05:48:19,849][root][INFO] - Epoch [4/5], Batch [33/300], Loss: 1.0549 (Overall: 0.7150, Change: 1.4168), TF Ratio: 0.813
[2026-06-17 05:48:20,000][root][INFO] - Epoch [4/5], Batch [34/300], Loss: 1.0611 (Overall: 0.9857, Change: 1.5465), TF Ratio: 0.813
[2026-06-17 05:48:20,150][root][INFO] - Epoch [4/5], Batch [35/300], Loss: 1.0568 (Overall: 0.7507, Change: 1.0682), TF Ratio: 0.813
[2026-06-17 05:48:20,311][root][INFO] - Epoch [4/5], Batch [36/300], Loss: 1.0595 (Overall: 0.7396, Change: 1.5659), TF Ratio: 0.813
[2026-06-17 05:48:20,462][root][INFO] - Epoch [4/5], Batch [37/300], Loss: 1.0625 (Overall: 1.0397, Change: 1.3005), TF Ratio: 0.813
[2026-06-17 05:48:20,635][root][INFO] - Epoch [4/5], Batch [38/300], Loss: 1.0646 (Overall: 0.9373, Change: 1.3491), TF Ratio: 0.812
[2026-06-17 05:48:20,792][root][INFO] - Epoch [4/5], Batch [39/300], Loss: 1.0673 (Overall: 0.7788, Change: 1.5613), TF Ratio: 0.812
[2026-06-17 05:48:20,944][root][INFO] - Epoch [4/5], Batch [40/300], Loss: 1.0674 (Overall: 0.6200, Change: 1.5228), TF Ratio: 0.812
[2026-06-17 05:48:21,094][root][INFO] - Epoch [4/5], Batch [41/300], Loss: 1.0702 (Overall: 0.8002, Change: 1.5627), TF Ratio: 0.812
[2026-06-17 05:48:21,255][root][INFO] - Epoch [4/5], Batch [42/300], Loss: 1.0782 (Overall: 1.0050, Change: 1.8122), TF Ratio: 0.812
[2026-06-17 05:48:21,406][root][INFO] - Epoch [4/5], Batch [43/300], Loss: 1.0815 (Overall: 1.0025, Change: 1.4335), TF Ratio: 0.811
[2026-06-17 05:48:21,565][root][INFO] - Epoch [4/5], Batch [44/300], Loss: 1.0804 (Overall: 0.8342, Change: 1.2325), TF Ratio: 0.811
[2026-06-17 05:48:21,717][root][INFO] - Epoch [4/5], Batch [45/300], Loss: 1.0822 (Overall: 0.7422, Change: 1.5782), TF Ratio: 0.811
[2026-06-17 05:48:21,870][root][INFO] - Epoch [4/5], Batch [46/300], Loss: 1.0851 (Overall: 0.9162, Change: 1.5207), TF Ratio: 0.811
[2026-06-17 05:48:22,031][root][INFO] - Epoch [4/5], Batch [47/300], Loss: 1.0811 (Overall: 0.6478, Change: 1.1475), TF Ratio: 0.811
[2026-06-17 05:48:22,182][root][INFO] - Epoch [4/5], Batch [48/300], Loss: 1.0883 (Overall: 1.1767, Change: 1.6766), TF Ratio: 0.810
[2026-06-17 05:48:22,333][root][INFO] - Epoch [4/5], Batch [49/300], Loss: 1.0860 (Overall: 0.6374, Change: 1.3102), TF Ratio: 0.810
[2026-06-17 05:48:22,483][root][INFO] - Epoch [4/5], Batch [50/300], Loss: 1.0904 (Overall: 1.0503, Change: 1.5597), TF Ratio: 0.810
[2026-06-17 05:48:22,634][root][INFO] - Epoch [4/5], Batch [51/300], Loss: 1.0884 (Overall: 0.5952, Change: 1.3880), TF Ratio: 0.810
[2026-06-17 05:48:22,795][root][INFO] - Epoch [4/5], Batch [52/300], Loss: 1.0834 (Overall: 0.5637, Change: 1.0920), TF Ratio: 0.810
[2026-06-17 05:48:22,946][root][INFO] - Epoch [4/5], Batch [53/300], Loss: 1.0831 (Overall: 0.5710, Change: 1.5670), TF Ratio: 0.809
[2026-06-17 05:48:23,099][root][INFO] - Epoch [4/5], Batch [54/300], Loss: 1.0880 (Overall: 1.0206, Change: 1.6687), TF Ratio: 0.809
[2026-06-17 05:48:23,250][root][INFO] - Epoch [4/5], Batch [55/300], Loss: 1.0849 (Overall: 0.6384, Change: 1.2027), TF Ratio: 0.809
[2026-06-17 05:48:23,401][root][INFO] - Epoch [4/5], Batch [56/300], Loss: 1.0857 (Overall: 0.8607, Change: 1.3916), TF Ratio: 0.809
[2026-06-17 05:48:23,551][root][INFO] - Epoch [4/5], Batch [57/300], Loss: 1.0835 (Overall: 0.6737, Change: 1.2442), TF Ratio: 0.809
[2026-06-17 05:48:23,702][root][INFO] - Epoch [4/5], Batch [58/300], Loss: 1.0845 (Overall: 0.9535, Change: 1.3297), TF Ratio: 0.808
[2026-06-17 05:48:23,852][root][INFO] - Epoch [4/5], Batch [59/300], Loss: 1.0802 (Overall: 0.5583, Change: 1.1079), TF Ratio: 0.808
[2026-06-17 05:48:24,013][root][INFO] - Epoch [4/5], Batch [60/300], Loss: 1.0781 (Overall: 0.6110, Change: 1.2927), TF Ratio: 0.808
[2026-06-17 05:48:24,164][root][INFO] - Epoch [4/5], Batch [61/300], Loss: 1.0805 (Overall: 0.8436, Change: 1.6147), TF Ratio: 0.808
[2026-06-17 05:48:24,314][root][INFO] - Epoch [4/5], Batch [62/300], Loss: 1.0878 (Overall: 1.1789, Change: 1.8803), TF Ratio: 0.808
[2026-06-17 05:48:24,482][root][INFO] - Epoch [4/5], Batch [63/300], Loss: 1.0913 (Overall: 0.9842, Change: 1.6394), TF Ratio: 0.807
[2026-06-17 05:48:24,634][root][INFO] - Epoch [4/5], Batch [64/300], Loss: 1.0950 (Overall: 0.7155, Change: 1.9327), TF Ratio: 0.807
[2026-06-17 05:48:24,784][root][INFO] - Epoch [4/5], Batch [65/300], Loss: 1.0964 (Overall: 0.8941, Change: 1.4851), TF Ratio: 0.807
[2026-06-17 05:48:24,941][root][INFO] - Epoch [4/5], Batch [66/300], Loss: 1.0970 (Overall: 1.0623, Change: 1.1993), TF Ratio: 0.807
[2026-06-17 05:48:25,092][root][INFO] - Epoch [4/5], Batch [67/300], Loss: 1.0947 (Overall: 0.5981, Change: 1.2911), TF Ratio: 0.807
[2026-06-17 05:48:25,248][root][INFO] - Epoch [4/5], Batch [68/300], Loss: 1.0968 (Overall: 0.9826, Change: 1.4951), TF Ratio: 0.806
[2026-06-17 05:48:25,398][root][INFO] - Epoch [4/5], Batch [69/300], Loss: 1.0958 (Overall: 0.8939, Change: 1.1598), TF Ratio: 0.806
[2026-06-17 05:48:25,554][root][INFO] - Epoch [4/5], Batch [70/300], Loss: 1.0971 (Overall: 0.6868, Change: 1.6940), TF Ratio: 0.806
[2026-06-17 05:48:25,705][root][INFO] - Epoch [4/5], Batch [71/300], Loss: 1.1003 (Overall: 0.6357, Change: 2.0104), TF Ratio: 0.806
[2026-06-17 05:48:25,857][root][INFO] - Epoch [4/5], Batch [72/300], Loss: 1.1020 (Overall: 0.9214, Change: 1.5231), TF Ratio: 0.806
[2026-06-17 05:48:26,007][root][INFO] - Epoch [4/5], Batch [73/300], Loss: 1.1045 (Overall: 1.0476, Change: 1.5124), TF Ratio: 0.805
[2026-06-17 05:48:26,163][root][INFO] - Epoch [4/5], Batch [74/300], Loss: 1.1057 (Overall: 1.0819, Change: 1.3152), TF Ratio: 0.805
[2026-06-17 05:48:26,317][root][INFO] - Epoch [4/5], Batch [75/300], Loss: 1.1037 (Overall: 0.7399, Change: 1.1638), TF Ratio: 0.805
[2026-06-17 05:48:26,469][root][INFO] - Epoch [4/5], Batch [76/300], Loss: 1.1037 (Overall: 0.6282, Change: 1.5869), TF Ratio: 0.805
[2026-06-17 05:48:26,620][root][INFO] - Epoch [4/5], Batch [77/300], Loss: 1.1067 (Overall: 0.6346, Change: 2.0299), TF Ratio: 0.805
[2026-06-17 05:48:26,771][root][INFO] - Epoch [4/5], Batch [78/300], Loss: 1.1059 (Overall: 0.5937, Change: 1.4932), TF Ratio: 0.804
[2026-06-17 05:48:26,928][root][INFO] - Epoch [4/5], Batch [79/300], Loss: 1.1066 (Overall: 0.8745, Change: 1.4506), TF Ratio: 0.804
[2026-06-17 05:48:27,089][root][INFO] - Epoch [4/5], Batch [80/300], Loss: 1.1095 (Overall: 1.0753, Change: 1.6057), TF Ratio: 0.804
[2026-06-17 05:48:27,239][root][INFO] - Epoch [4/5], Batch [81/300], Loss: 1.1072 (Overall: 0.8271, Change: 1.0191), TF Ratio: 0.804
[2026-06-17 05:48:27,390][root][INFO] - Epoch [4/5], Batch [82/300], Loss: 1.1071 (Overall: 0.6875, Change: 1.5078), TF Ratio: 0.804
[2026-06-17 05:48:27,552][root][INFO] - Epoch [4/5], Batch [83/300], Loss: 1.1067 (Overall: 0.6990, Change: 1.4431), TF Ratio: 0.803
[2026-06-17 05:48:27,708][root][INFO] - Epoch [4/5], Batch [84/300], Loss: 1.1087 (Overall: 0.6091, Change: 1.9372), TF Ratio: 0.803
[2026-06-17 05:48:27,858][root][INFO] - Epoch [4/5], Batch [85/300], Loss: 1.1039 (Overall: 1.4107, Change: 0.0000), TF Ratio: 0.803
[2026-06-17 05:48:28,009][root][INFO] - Epoch [4/5], Batch [86/300], Loss: 1.1087 (Overall: 0.9554, Change: 2.0782), TF Ratio: 0.803
[2026-06-17 05:48:28,160][root][INFO] - Epoch [4/5], Batch [87/300], Loss: 1.1038 (Overall: 0.5943, Change: 0.7768), TF Ratio: 0.803
[2026-06-17 05:48:28,311][root][INFO] - Epoch [4/5], Batch [88/300], Loss: 1.1059 (Overall: 1.2265, Change: 1.3476), TF Ratio: 0.802
[2026-06-17 05:48:28,461][root][INFO] - Epoch [4/5], Batch [89/300], Loss: 1.1053 (Overall: 0.7586, Change: 1.3450), TF Ratio: 0.802
[2026-06-17 05:48:28,610][root][INFO] - Epoch [4/5], Batch [90/300], Loss: 1.1040 (Overall: 0.9171, Change: 1.0542), TF Ratio: 0.802
[2026-06-17 05:48:28,761][root][INFO] - Epoch [4/5], Batch [91/300], Loss: 1.1033 (Overall: 0.6984, Change: 1.3795), TF Ratio: 0.802
[2026-06-17 05:48:28,912][root][INFO] - Epoch [4/5], Batch [92/300], Loss: 1.0997 (Overall: 0.6114, Change: 0.9319), TF Ratio: 0.802
[2026-06-17 05:48:29,063][root][INFO] - Epoch [4/5], Batch [93/300], Loss: 1.1015 (Overall: 0.6242, Change: 1.9214), TF Ratio: 0.801
[2026-06-17 05:48:29,213][root][INFO] - Epoch [4/5], Batch [94/300], Loss: 1.1020 (Overall: 0.6877, Change: 1.6066), TF Ratio: 0.801
[2026-06-17 05:48:29,363][root][INFO] - Epoch [4/5], Batch [95/300], Loss: 1.1032 (Overall: 0.9227, Change: 1.5084), TF Ratio: 0.801
[2026-06-17 05:48:29,515][root][INFO] - Epoch [4/5], Batch [96/300], Loss: 1.1024 (Overall: 0.7261, Change: 1.3186), TF Ratio: 0.801
[2026-06-17 05:48:29,665][root][INFO] - Epoch [4/5], Batch [97/300], Loss: 1.1048 (Overall: 1.1376, Change: 1.5393), TF Ratio: 0.801
[2026-06-17 05:48:29,815][root][INFO] - Epoch [4/5], Batch [98/300], Loss: 1.1056 (Overall: 1.2320, Change: 1.1437), TF Ratio: 0.800
[2026-06-17 05:48:29,965][root][INFO] - Epoch [4/5], Batch [99/300], Loss: 1.1068 (Overall: 0.8584, Change: 1.5798), TF Ratio: 0.800
[2026-06-17 05:48:30,119][root][INFO] - Epoch [4/5], Batch [100/300], Loss: 1.1070 (Overall: 0.7491, Change: 1.5127), TF Ratio: 0.800
[2026-06-17 05:48:30,269][root][INFO] - Epoch [4/5], Batch [101/300], Loss: 1.1083 (Overall: 0.9611, Change: 1.5127), TF Ratio: 0.800
[2026-06-17 05:48:30,419][root][INFO] - Epoch [4/5], Batch [102/300], Loss: 1.1129 (Overall: 1.3482, Change: 1.8015), TF Ratio: 0.800
[2026-06-17 05:48:30,569][root][INFO] - Epoch [4/5], Batch [103/300], Loss: 1.1120 (Overall: 0.5860, Change: 1.4542), TF Ratio: 0.799
[2026-06-17 05:48:30,720][root][INFO] - Epoch [4/5], Batch [104/300], Loss: 1.1114 (Overall: 0.7208, Change: 1.3844), TF Ratio: 0.799
[2026-06-17 05:48:30,870][root][INFO] - Epoch [4/5], Batch [105/300], Loss: 1.1126 (Overall: 0.8154, Change: 1.6534), TF Ratio: 0.799
[2026-06-17 05:48:31,022][root][INFO] - Epoch [4/5], Batch [106/300], Loss: 1.1130 (Overall: 0.9268, Change: 1.3924), TF Ratio: 0.799
[2026-06-17 05:48:31,172][root][INFO] - Epoch [4/5], Batch [107/300], Loss: 1.1130 (Overall: 0.9231, Change: 1.2909), TF Ratio: 0.799
[2026-06-17 05:48:31,323][root][INFO] - Epoch [4/5], Batch [108/300], Loss: 1.1120 (Overall: 0.8593, Change: 1.1448), TF Ratio: 0.798
[2026-06-17 05:48:31,473][root][INFO] - Epoch [4/5], Batch [109/300], Loss: 1.1111 (Overall: 0.7153, Change: 1.3167), TF Ratio: 0.798
[2026-06-17 05:48:31,624][root][INFO] - Epoch [4/5], Batch [110/300], Loss: 1.1131 (Overall: 1.1016, Change: 1.5644), TF Ratio: 0.798
[2026-06-17 05:48:31,774][root][INFO] - Epoch [4/5], Batch [111/300], Loss: 1.1126 (Overall: 0.9953, Change: 1.1231), TF Ratio: 0.798
[2026-06-17 05:48:31,925][root][INFO] - Epoch [4/5], Batch [112/300], Loss: 1.1137 (Overall: 0.9838, Change: 1.4764), TF Ratio: 0.798
[2026-06-17 05:48:32,074][root][INFO] - Epoch [4/5], Batch [113/300], Loss: 1.1147 (Overall: 0.8627, Change: 1.5939), TF Ratio: 0.797
[2026-06-17 05:48:32,225][root][INFO] - Epoch [4/5], Batch [114/300], Loss: 1.1151 (Overall: 0.7789, Change: 1.5392), TF Ratio: 0.797
[2026-06-17 05:48:32,384][root][INFO] - Epoch [4/5], Batch [115/300], Loss: 1.1155 (Overall: 0.9909, Change: 1.3520), TF Ratio: 0.797
[2026-06-17 05:48:32,536][root][INFO] - Epoch [4/5], Batch [116/300], Loss: 1.1144 (Overall: 0.5890, Change: 1.3846), TF Ratio: 0.797
[2026-06-17 05:48:32,686][root][INFO] - Epoch [4/5], Batch [117/300], Loss: 1.1141 (Overall: 0.7673, Change: 1.3804), TF Ratio: 0.797
[2026-06-17 05:48:32,845][root][INFO] - Epoch [4/5], Batch [118/300], Loss: 1.1132 (Overall: 0.9158, Change: 1.0939), TF Ratio: 0.796
[2026-06-17 05:48:33,005][root][INFO] - Epoch [4/5], Batch [119/300], Loss: 1.1143 (Overall: 1.0082, Change: 1.4883), TF Ratio: 0.796
[2026-06-17 05:48:33,157][root][INFO] - Epoch [4/5], Batch [120/300], Loss: 1.1158 (Overall: 0.8952, Change: 1.6994), TF Ratio: 0.796
[2026-06-17 05:48:33,307][root][INFO] - Epoch [4/5], Batch [121/300], Loss: 1.1166 (Overall: 0.7912, Change: 1.6218), TF Ratio: 0.796
[2026-06-17 05:48:33,458][root][INFO] - Epoch [4/5], Batch [122/300], Loss: 1.1169 (Overall: 0.7851, Change: 1.5172), TF Ratio: 0.796
[2026-06-17 05:48:33,609][root][INFO] - Epoch [4/5], Batch [123/300], Loss: 1.1169 (Overall: 0.8494, Change: 1.3819), TF Ratio: 0.795
[2026-06-17 05:48:33,760][root][INFO] - Epoch [4/5], Batch [124/300], Loss: 1.1192 (Overall: 1.1438, Change: 1.6798), TF Ratio: 0.795
[2026-06-17 05:48:33,911][root][INFO] - Epoch [4/5], Batch [125/300], Loss: 1.1205 (Overall: 1.1868, Change: 1.3661), TF Ratio: 0.795
[2026-06-17 05:48:34,062][root][INFO] - Epoch [4/5], Batch [126/300], Loss: 1.1211 (Overall: 1.0477, Change: 1.3487), TF Ratio: 0.795
[2026-06-17 05:48:34,212][root][INFO] - Epoch [4/5], Batch [127/300], Loss: 1.1204 (Overall: 0.9661, Change: 1.0966), TF Ratio: 0.795
[2026-06-17 05:48:34,365][root][INFO] - Epoch [4/5], Batch [128/300], Loss: 1.1194 (Overall: 0.6233, Change: 1.3595), TF Ratio: 0.794
[2026-06-17 05:48:34,515][root][INFO] - Epoch [4/5], Batch [129/300], Loss: 1.1203 (Overall: 0.9418, Change: 1.5348), TF Ratio: 0.794
[2026-06-17 05:48:34,675][root][INFO] - Epoch [4/5], Batch [130/300], Loss: 1.1190 (Overall: 0.6927, Change: 1.2008), TF Ratio: 0.794
[2026-06-17 05:48:34,826][root][INFO] - Epoch [4/5], Batch [131/300], Loss: 1.1197 (Overall: 0.9512, Change: 1.4796), TF Ratio: 0.794
[2026-06-17 05:48:34,977][root][INFO] - Epoch [4/5], Batch [132/300], Loss: 1.1203 (Overall: 0.8944, Change: 1.4877), TF Ratio: 0.794
[2026-06-17 05:48:35,127][root][INFO] - Epoch [4/5], Batch [133/300], Loss: 1.1195 (Overall: 0.6799, Change: 1.3714), TF Ratio: 0.793
[2026-06-17 05:48:35,278][root][INFO] - Epoch [4/5], Batch [134/300], Loss: 1.1208 (Overall: 0.5405, Change: 2.0225), TF Ratio: 0.793
[2026-06-17 05:48:35,429][root][INFO] - Epoch [4/5], Batch [135/300], Loss: 1.1199 (Overall: 1.0653, Change: 0.9589), TF Ratio: 0.793
[2026-06-17 05:48:35,585][root][INFO] - Epoch [4/5], Batch [136/300], Loss: 1.1211 (Overall: 0.6466, Change: 1.9013), TF Ratio: 0.793
[2026-06-17 05:48:35,735][root][INFO] - Epoch [4/5], Batch [137/300], Loss: 1.1226 (Overall: 1.3117, Change: 1.3477), TF Ratio: 0.793
[2026-06-17 05:48:35,885][root][INFO] - Epoch [4/5], Batch [138/300], Loss: 1.1207 (Overall: 0.6697, Change: 1.0542), TF Ratio: 0.792
[2026-06-17 05:48:36,036][root][INFO] - Epoch [4/5], Batch [139/300], Loss: 1.1195 (Overall: 0.6279, Change: 1.2817), TF Ratio: 0.792
[2026-06-17 05:48:36,190][root][INFO] - Epoch [4/5], Batch [140/300], Loss: 1.1203 (Overall: 1.0167, Change: 1.4425), TF Ratio: 0.792
[2026-06-17 05:48:36,341][root][INFO] - Epoch [4/5], Batch [141/300], Loss: 1.1216 (Overall: 1.0251, Change: 1.5700), TF Ratio: 0.792
[2026-06-17 05:48:36,492][root][INFO] - Epoch [4/5], Batch [142/300], Loss: 1.1211 (Overall: 0.6047, Change: 1.5205), TF Ratio: 0.792
[2026-06-17 05:48:36,642][root][INFO] - Epoch [4/5], Batch [143/300], Loss: 1.1203 (Overall: 0.6261, Change: 1.3853), TF Ratio: 0.791
[2026-06-17 05:48:36,794][root][INFO] - Epoch [4/5], Batch [144/300], Loss: 1.1201 (Overall: 0.7456, Change: 1.4117), TF Ratio: 0.791
[2026-06-17 05:48:36,944][root][INFO] - Epoch [4/5], Batch [145/300], Loss: 1.1206 (Overall: 0.8096, Change: 1.6022), TF Ratio: 0.791
[2026-06-17 05:48:37,094][root][INFO] - Epoch [4/5], Batch [146/300], Loss: 1.1207 (Overall: 0.6122, Change: 1.6464), TF Ratio: 0.791
[2026-06-17 05:48:37,249][root][INFO] - Epoch [4/5], Batch [147/300], Loss: 1.1209 (Overall: 0.9112, Change: 1.3890), TF Ratio: 0.791
[2026-06-17 05:48:37,400][root][INFO] - Epoch [4/5], Batch [148/300], Loss: 1.1208 (Overall: 0.9744, Change: 1.2314), TF Ratio: 0.790
[2026-06-17 05:48:37,550][root][INFO] - Epoch [4/5], Batch [149/300], Loss: 1.1205 (Overall: 1.0367, Change: 1.1212), TF Ratio: 0.790
[2026-06-17 05:48:37,700][root][INFO] - Epoch [4/5], Batch [150/300], Loss: 1.1227 (Overall: 0.8724, Change: 2.0278), TF Ratio: 0.790
[2026-06-17 05:48:37,851][root][INFO] - Epoch [4/5], Batch [151/300], Loss: 1.1237 (Overall: 0.8343, Change: 1.7132), TF Ratio: 0.790
[2026-06-17 05:48:38,002][root][INFO] - Epoch [4/5], Batch [152/300], Loss: 1.1235 (Overall: 0.9717, Change: 1.2193), TF Ratio: 0.790
[2026-06-17 05:48:38,152][root][INFO] - Epoch [4/5], Batch [153/300], Loss: 1.1261 (Overall: 1.2448, Change: 1.7974), TF Ratio: 0.789
[2026-06-17 05:48:38,302][root][INFO] - Epoch [4/5], Batch [154/300], Loss: 1.1254 (Overall: 0.6976, Change: 1.3406), TF Ratio: 0.789
[2026-06-17 05:48:38,453][root][INFO] - Epoch [4/5], Batch [155/300], Loss: 1.1271 (Overall: 1.3473, Change: 1.4278), TF Ratio: 0.789
[2026-06-17 05:48:38,604][root][INFO] - Epoch [4/5], Batch [156/300], Loss: 1.1267 (Overall: 0.8131, Change: 1.3288), TF Ratio: 0.789
[2026-06-17 05:48:38,754][root][INFO] - Epoch [4/5], Batch [157/300], Loss: 1.1256 (Overall: 0.4773, Change: 1.4184), TF Ratio: 0.789
[2026-06-17 05:48:38,904][root][INFO] - Epoch [4/5], Batch [158/300], Loss: 1.1239 (Overall: 0.6018, Change: 1.1065), TF Ratio: 0.788
[2026-06-17 05:48:39,055][root][INFO] - Epoch [4/5], Batch [159/300], Loss: 1.1279 (Overall: 1.9339, Change: 1.5909), TF Ratio: 0.788
[2026-06-17 05:48:39,205][root][INFO] - Epoch [4/5], Batch [160/300], Loss: 1.1280 (Overall: 0.9140, Change: 1.3760), TF Ratio: 0.788
[2026-06-17 05:48:39,362][root][INFO] - Epoch [4/5], Batch [161/300], Loss: 1.1274 (Overall: 0.8032, Change: 1.2504), TF Ratio: 0.788
[2026-06-17 05:48:39,512][root][INFO] - Epoch [4/5], Batch [162/300], Loss: 1.1287 (Overall: 0.6523, Change: 2.0129), TF Ratio: 0.788
[2026-06-17 05:48:39,662][root][INFO] - Epoch [4/5], Batch [163/300], Loss: 1.1279 (Overall: 0.6833, Change: 1.3349), TF Ratio: 0.787
[2026-06-17 05:48:39,823][root][INFO] - Epoch [4/5], Batch [164/300], Loss: 1.1304 (Overall: 1.5393, Change: 1.5203), TF Ratio: 0.787
[2026-06-17 05:48:39,973][root][INFO] - Epoch [4/5], Batch [165/300], Loss: 1.1311 (Overall: 1.0004, Change: 1.4957), TF Ratio: 0.787
[2026-06-17 05:48:40,123][root][INFO] - Epoch [4/5], Batch [166/300], Loss: 1.1313 (Overall: 0.8282, Change: 1.5151), TF Ratio: 0.787
[2026-06-17 05:48:40,274][root][INFO] - Epoch [4/5], Batch [167/300], Loss: 1.1315 (Overall: 1.0700, Change: 1.2406), TF Ratio: 0.787
[2026-06-17 05:48:40,425][root][INFO] - Epoch [4/5], Batch [168/300], Loss: 1.1313 (Overall: 0.7981, Change: 1.4005), TF Ratio: 0.786
[2026-06-17 05:48:40,577][root][INFO] - Epoch [4/5], Batch [169/300], Loss: 1.1305 (Overall: 0.5504, Change: 1.4654), TF Ratio: 0.786
[2026-06-17 05:48:40,727][root][INFO] - Epoch [4/5], Batch [170/300], Loss: 1.1303 (Overall: 0.6770, Change: 1.4883), TF Ratio: 0.786
[2026-06-17 05:48:40,878][root][INFO] - Epoch [4/5], Batch [171/300], Loss: 1.1300 (Overall: 0.8304, Change: 1.3339), TF Ratio: 0.786
[2026-06-17 05:48:41,041][root][INFO] - Epoch [4/5], Batch [172/300], Loss: 1.1289 (Overall: 0.7580, Change: 1.1141), TF Ratio: 0.786
[2026-06-17 05:48:41,191][root][INFO] - Epoch [4/5], Batch [173/300], Loss: 1.1290 (Overall: 0.5764, Change: 1.7178), TF Ratio: 0.785
[2026-06-17 05:48:41,341][root][INFO] - Epoch [4/5], Batch [174/300], Loss: 1.1269 (Overall: 0.5142, Change: 1.0227), TF Ratio: 0.785
[2026-06-17 05:48:41,492][root][INFO] - Epoch [4/5], Batch [175/300], Loss: 1.1263 (Overall: 0.7808, Change: 1.2735), TF Ratio: 0.785
[2026-06-17 05:48:41,658][root][INFO] - Epoch [4/5], Batch [176/300], Loss: 1.1262 (Overall: 0.7316, Change: 1.4741), TF Ratio: 0.785
[2026-06-17 05:48:41,809][root][INFO] - Epoch [4/5], Batch [177/300], Loss: 1.1253 (Overall: 0.5297, Change: 1.4205), TF Ratio: 0.785
[2026-06-17 05:48:41,960][root][INFO] - Epoch [4/5], Batch [178/300], Loss: 1.1239 (Overall: 0.7336, Change: 1.0173), TF Ratio: 0.784
[2026-06-17 05:48:42,110][root][INFO] - Epoch [4/5], Batch [179/300], Loss: 1.1240 (Overall: 0.7988, Change: 1.4776), TF Ratio: 0.784
[2026-06-17 05:48:42,268][root][INFO] - Epoch [4/5], Batch [180/300], Loss: 1.1237 (Overall: 0.5516, Change: 1.5821), TF Ratio: 0.784
[2026-06-17 05:48:42,418][root][INFO] - Epoch [4/5], Batch [181/300], Loss: 1.1278 (Overall: 1.4682, Change: 2.2568), TF Ratio: 0.784
[2026-06-17 05:48:42,568][root][INFO] - Epoch [4/5], Batch [182/300], Loss: 1.1281 (Overall: 0.8627, Change: 1.4972), TF Ratio: 0.784
[2026-06-17 05:48:42,719][root][INFO] - Epoch [4/5], Batch [183/300], Loss: 1.1266 (Overall: 0.8389, Change: 0.8811), TF Ratio: 0.783
[2026-06-17 05:48:42,871][root][INFO] - Epoch [4/5], Batch [184/300], Loss: 1.1258 (Overall: 0.8264, Change: 1.1423), TF Ratio: 0.783
[2026-06-17 05:48:43,021][root][INFO] - Epoch [4/5], Batch [185/300], Loss: 1.1256 (Overall: 0.5365, Change: 1.6488), TF Ratio: 0.783
[2026-06-17 05:48:43,172][root][INFO] - Epoch [4/5], Batch [186/300], Loss: 1.1247 (Overall: 0.6251, Change: 1.2593), TF Ratio: 0.783
[2026-06-17 05:48:43,322][root][INFO] - Epoch [4/5], Batch [187/300], Loss: 1.1254 (Overall: 0.9434, Change: 1.5665), TF Ratio: 0.783
[2026-06-17 05:48:43,481][root][INFO] - Epoch [4/5], Batch [188/300], Loss: 1.1256 (Overall: 0.9072, Change: 1.4446), TF Ratio: 0.782
[2026-06-17 05:48:43,631][root][INFO] - Epoch [4/5], Batch [189/300], Loss: 1.1257 (Overall: 0.8700, Change: 1.3968), TF Ratio: 0.782
[2026-06-17 05:48:43,789][root][INFO] - Epoch [4/5], Batch [190/300], Loss: 1.1259 (Overall: 1.1439, Change: 1.1928), TF Ratio: 0.782
[2026-06-17 05:48:43,940][root][INFO] - Epoch [4/5], Batch [191/300], Loss: 1.1259 (Overall: 0.7810, Change: 1.4888), TF Ratio: 0.782
[2026-06-17 05:48:44,096][root][INFO] - Epoch [4/5], Batch [192/300], Loss: 1.1262 (Overall: 0.9313, Change: 1.4273), TF Ratio: 0.782
[2026-06-17 05:48:44,252][root][INFO] - Epoch [4/5], Batch [193/300], Loss: 1.1266 (Overall: 0.6144, Change: 1.8039), TF Ratio: 0.781
[2026-06-17 05:48:44,405][root][INFO] - Epoch [4/5], Batch [194/300], Loss: 1.1270 (Overall: 1.0912, Change: 1.2986), TF Ratio: 0.781
[2026-06-17 05:48:44,556][root][INFO] - Epoch [4/5], Batch [195/300], Loss: 1.1268 (Overall: 0.9754, Change: 1.1998), TF Ratio: 0.781
[2026-06-17 05:48:44,707][root][INFO] - Epoch [4/5], Batch [196/300], Loss: 1.1272 (Overall: 0.8527, Change: 1.5741), TF Ratio: 0.781
[2026-06-17 05:48:44,857][root][INFO] - Epoch [4/5], Batch [197/300], Loss: 1.1284 (Overall: 1.1292, Change: 1.5989), TF Ratio: 0.781
[2026-06-17 05:48:45,015][root][INFO] - Epoch [4/5], Batch [198/300], Loss: 1.1289 (Overall: 0.8737, Change: 1.5482), TF Ratio: 0.780
[2026-06-17 05:48:45,166][root][INFO] - Epoch [4/5], Batch [199/300], Loss: 1.1281 (Overall: 0.6139, Change: 1.3336), TF Ratio: 0.780
[2026-06-17 05:48:45,317][root][INFO] - Epoch [4/5], Batch [200/300], Loss: 1.1273 (Overall: 0.5321, Change: 1.4097), TF Ratio: 0.780
[2026-06-17 05:48:45,467][root][INFO] - Epoch [4/5], Batch [201/300], Loss: 1.1278 (Overall: 0.8972, Change: 1.5654), TF Ratio: 0.780
[2026-06-17 05:48:45,619][root][INFO] - Epoch [4/5], Batch [202/300], Loss: 1.1277 (Overall: 0.9421, Change: 1.2643), TF Ratio: 0.780
[2026-06-17 05:48:45,773][root][INFO] - Epoch [4/5], Batch [203/300], Loss: 1.1279 (Overall: 0.8407, Change: 1.4889), TF Ratio: 0.779
[2026-06-17 05:48:45,924][root][INFO] - Epoch [4/5], Batch [204/300], Loss: 1.1276 (Overall: 0.9033, Change: 1.2452), TF Ratio: 0.779
[2026-06-17 05:48:46,075][root][INFO] - Epoch [4/5], Batch [205/300], Loss: 1.1276 (Overall: 0.9479, Change: 1.3120), TF Ratio: 0.779
[2026-06-17 05:48:46,228][root][INFO] - Epoch [4/5], Batch [206/300], Loss: 1.1279 (Overall: 0.9071, Change: 1.4858), TF Ratio: 0.779
[2026-06-17 05:48:46,379][root][INFO] - Epoch [4/5], Batch [207/300], Loss: 1.1266 (Overall: 0.6599, Change: 1.0507), TF Ratio: 0.779
[2026-06-17 05:48:46,531][root][INFO] - Epoch [4/5], Batch [208/300], Loss: 1.1263 (Overall: 0.6930, Change: 1.4187), TF Ratio: 0.778
[2026-06-17 05:48:46,689][root][INFO] - Epoch [4/5], Batch [209/300], Loss: 1.1266 (Overall: 0.7791, Change: 1.6116), TF Ratio: 0.778
[2026-06-17 05:48:46,840][root][INFO] - Epoch [4/5], Batch [210/300], Loss: 1.1256 (Overall: 0.5643, Change: 1.2646), TF Ratio: 0.778
[2026-06-17 05:48:46,990][root][INFO] - Epoch [4/5], Batch [211/300], Loss: 1.1261 (Overall: 1.0742, Change: 1.3957), TF Ratio: 0.778
[2026-06-17 05:48:47,143][root][INFO] - Epoch [4/5], Batch [212/300], Loss: 1.1274 (Overall: 1.5376, Change: 1.2449), TF Ratio: 0.778
[2026-06-17 05:48:47,293][root][INFO] - Epoch [4/5], Batch [213/300], Loss: 1.1261 (Overall: 1.0186, Change: 0.6802), TF Ratio: 0.777
[2026-06-17 05:48:47,452][root][INFO] - Epoch [4/5], Batch [214/300], Loss: 1.1266 (Overall: 0.9501, Change: 1.5359), TF Ratio: 0.777
[2026-06-17 05:48:47,605][root][INFO] - Epoch [4/5], Batch [215/300], Loss: 1.1268 (Overall: 0.8024, Change: 1.5148), TF Ratio: 0.777
[2026-06-17 05:48:47,764][root][INFO] - Epoch [4/5], Batch [216/300], Loss: 1.1264 (Overall: 0.6128, Change: 1.4660), TF Ratio: 0.777
[2026-06-17 05:48:47,914][root][INFO] - Epoch [4/5], Batch [217/300], Loss: 1.1259 (Overall: 0.5295, Change: 1.5422), TF Ratio: 0.777
[2026-06-17 05:48:48,065][root][INFO] - Epoch [4/5], Batch [218/300], Loss: 1.1247 (Overall: 0.6144, Change: 1.0922), TF Ratio: 0.776
[2026-06-17 05:48:48,215][root][INFO] - Epoch [4/5], Batch [219/300], Loss: 1.1254 (Overall: 0.8566, Change: 1.7072), TF Ratio: 0.776
[2026-06-17 05:48:48,367][root][INFO] - Epoch [4/5], Batch [220/300], Loss: 1.1246 (Overall: 0.5254, Change: 1.3459), TF Ratio: 0.776
[2026-06-17 05:48:48,516][root][INFO] - Epoch [4/5], Batch [221/300], Loss: 1.1252 (Overall: 1.0062, Change: 1.5105), TF Ratio: 0.776
[2026-06-17 05:48:48,667][root][INFO] - Epoch [4/5], Batch [222/300], Loss: 1.1272 (Overall: 1.2937, Change: 1.8660), TF Ratio: 0.776
[2026-06-17 05:48:48,817][root][INFO] - Epoch [4/5], Batch [223/300], Loss: 1.1269 (Overall: 0.7047, Change: 1.4076), TF Ratio: 0.775
[2026-06-17 05:48:48,968][root][INFO] - Epoch [4/5], Batch [224/300], Loss: 1.1272 (Overall: 0.7404, Change: 1.6720), TF Ratio: 0.775
[2026-06-17 05:48:49,118][root][INFO] - Epoch [4/5], Batch [225/300], Loss: 1.1289 (Overall: 1.5218, Change: 1.4676), TF Ratio: 0.775
[2026-06-17 05:48:49,269][root][INFO] - Epoch [4/5], Batch [226/300], Loss: 1.1289 (Overall: 0.9167, Change: 1.3606), TF Ratio: 0.775
[2026-06-17 05:48:49,420][root][INFO] - Epoch [4/5], Batch [227/300], Loss: 1.1278 (Overall: 0.8018, Change: 0.9348), TF Ratio: 0.775
[2026-06-17 05:48:49,571][root][INFO] - Epoch [4/5], Batch [228/300], Loss: 1.1267 (Overall: 0.6856, Change: 1.0789), TF Ratio: 0.774
[2026-06-17 05:48:49,728][root][INFO] - Epoch [4/5], Batch [229/300], Loss: 1.1266 (Overall: 0.7967, Change: 1.4173), TF Ratio: 0.774
[2026-06-17 05:48:49,884][root][INFO] - Epoch [4/5], Batch [230/300], Loss: 1.1259 (Overall: 0.5703, Change: 1.3545), TF Ratio: 0.774
[2026-06-17 05:48:50,035][root][INFO] - Epoch [4/5], Batch [231/300], Loss: 1.1269 (Overall: 1.1154, Change: 1.6008), TF Ratio: 0.774
[2026-06-17 05:48:50,186][root][INFO] - Epoch [4/5], Batch [232/300], Loss: 1.1259 (Overall: 0.6103, Change: 1.1976), TF Ratio: 0.774
[2026-06-17 05:48:50,343][root][INFO] - Epoch [4/5], Batch [233/300], Loss: 1.1268 (Overall: 0.9881, Change: 1.6847), TF Ratio: 0.773
[2026-06-17 05:48:50,493][root][INFO] - Epoch [4/5], Batch [234/300], Loss: 1.1269 (Overall: 0.6634, Change: 1.6030), TF Ratio: 0.773
[2026-06-17 05:48:50,643][root][INFO] - Epoch [4/5], Batch [235/300], Loss: 1.1270 (Overall: 0.7624, Change: 1.5456), TF Ratio: 0.773
[2026-06-17 05:48:50,794][root][INFO] - Epoch [4/5], Batch [236/300], Loss: 1.1265 (Overall: 0.6686, Change: 1.3578), TF Ratio: 0.773
[2026-06-17 05:48:50,956][root][INFO] - Epoch [4/5], Batch [237/300], Loss: 1.1264 (Overall: 0.7113, Change: 1.5114), TF Ratio: 0.773
[2026-06-17 05:48:51,111][root][INFO] - Epoch [4/5], Batch [238/300], Loss: 1.1270 (Overall: 1.0994, Change: 1.4365), TF Ratio: 0.772
[2026-06-17 05:48:51,263][root][INFO] - Epoch [4/5], Batch [239/300], Loss: 1.1269 (Overall: 0.7825, Change: 1.4194), TF Ratio: 0.772
[2026-06-17 05:48:51,417][root][INFO] - Epoch [4/5], Batch [240/300], Loss: 1.1266 (Overall: 0.7010, Change: 1.3792), TF Ratio: 0.772
[2026-06-17 05:48:51,571][root][INFO] - Epoch [4/5], Batch [241/300], Loss: 1.1274 (Overall: 0.9397, Change: 1.6935), TF Ratio: 0.772
[2026-06-17 05:48:51,722][root][INFO] - Epoch [4/5], Batch [242/300], Loss: 1.1267 (Overall: 0.7373, Change: 1.1800), TF Ratio: 0.772
[2026-06-17 05:48:51,891][root][INFO] - Epoch [4/5], Batch [243/300], Loss: 1.1265 (Overall: 0.9519, Change: 1.2329), TF Ratio: 0.771
[2026-06-17 05:48:52,042][root][INFO] - Epoch [4/5], Batch [244/300], Loss: 1.1263 (Overall: 0.8619, Change: 1.3088), TF Ratio: 0.771
[2026-06-17 05:48:52,193][root][INFO] - Epoch [4/5], Batch [245/300], Loss: 1.1257 (Overall: 0.7783, Change: 1.1760), TF Ratio: 0.771
[2026-06-17 05:48:52,350][root][INFO] - Epoch [4/5], Batch [246/300], Loss: 1.1248 (Overall: 0.5673, Change: 1.2176), TF Ratio: 0.771
[2026-06-17 05:48:52,501][root][INFO] - Epoch [4/5], Batch [247/300], Loss: 1.1260 (Overall: 1.1765, Change: 1.6603), TF Ratio: 0.771
[2026-06-17 05:48:52,652][root][INFO] - Epoch [4/5], Batch [248/300], Loss: 1.1261 (Overall: 0.6724, Change: 1.6598), TF Ratio: 0.770
[2026-06-17 05:48:52,803][root][INFO] - Epoch [4/5], Batch [249/300], Loss: 1.1257 (Overall: 0.6533, Change: 1.3857), TF Ratio: 0.770
[2026-06-17 05:48:52,956][root][INFO] - Epoch [4/5], Batch [250/300], Loss: 1.1257 (Overall: 0.7395, Change: 1.5065), TF Ratio: 0.770
[2026-06-17 05:48:53,109][root][INFO] - Epoch [4/5], Batch [251/300], Loss: 1.1259 (Overall: 0.6939, Change: 1.6538), TF Ratio: 0.770
[2026-06-17 05:48:53,260][root][INFO] - Epoch [4/5], Batch [252/300], Loss: 1.1241 (Overall: 0.4922, Change: 0.8471), TF Ratio: 0.770
[2026-06-17 05:48:53,411][root][INFO] - Epoch [4/5], Batch [253/300], Loss: 1.1240 (Overall: 0.7084, Change: 1.4809), TF Ratio: 0.769
[2026-06-17 05:48:53,561][root][INFO] - Epoch [4/5], Batch [254/300], Loss: 1.1246 (Overall: 0.9578, Change: 1.6214), TF Ratio: 0.769
[2026-06-17 05:48:53,712][root][INFO] - Epoch [4/5], Batch [255/300], Loss: 1.1247 (Overall: 0.7589, Change: 1.5204), TF Ratio: 0.769
[2026-06-17 05:48:53,863][root][INFO] - Epoch [4/5], Batch [256/300], Loss: 1.1247 (Overall: 0.7464, Change: 1.5028), TF Ratio: 0.769
[2026-06-17 05:48:54,012][root][INFO] - Epoch [4/5], Batch [257/300], Loss: 1.1253 (Overall: 0.9920, Change: 1.5803), TF Ratio: 0.769
[2026-06-17 05:48:54,163][root][INFO] - Epoch [4/5], Batch [258/300], Loss: 1.1252 (Overall: 0.7305, Change: 1.4804), TF Ratio: 0.768
[2026-06-17 05:48:54,313][root][INFO] - Epoch [4/5], Batch [259/300], Loss: 1.1255 (Overall: 0.8067, Change: 1.5609), TF Ratio: 0.768
[2026-06-17 05:48:54,464][root][INFO] - Epoch [4/5], Batch [260/300], Loss: 1.1255 (Overall: 0.8517, Change: 1.4045), TF Ratio: 0.768
[2026-06-17 05:48:54,622][root][INFO] - Epoch [4/5], Batch [261/300], Loss: 1.1250 (Overall: 0.8140, Change: 1.2059), TF Ratio: 0.768
[2026-06-17 05:48:54,773][root][INFO] - Epoch [4/5], Batch [262/300], Loss: 1.1241 (Overall: 0.6029, Change: 1.1514), TF Ratio: 0.768
[2026-06-17 05:48:54,923][root][INFO] - Epoch [4/5], Batch [263/300], Loss: 1.1238 (Overall: 0.7133, Change: 1.3708), TF Ratio: 0.767
[2026-06-17 05:48:55,085][root][INFO] - Epoch [4/5], Batch [264/300], Loss: 1.1235 (Overall: 0.9767, Change: 1.1565), TF Ratio: 0.767
[2026-06-17 05:48:55,235][root][INFO] - Epoch [4/5], Batch [265/300], Loss: 1.1252 (Overall: 0.6836, Change: 2.4217), TF Ratio: 0.767
[2026-06-17 05:48:55,386][root][INFO] - Epoch [4/5], Batch [266/300], Loss: 1.1251 (Overall: 0.4931, Change: 1.7161), TF Ratio: 0.767
[2026-06-17 05:48:55,540][root][INFO] - Epoch [4/5], Batch [267/300], Loss: 1.1249 (Overall: 0.8238, Change: 1.3032), TF Ratio: 0.767
[2026-06-17 05:48:55,691][root][INFO] - Epoch [4/5], Batch [268/300], Loss: 1.1248 (Overall: 0.7621, Change: 1.4635), TF Ratio: 0.766
[2026-06-17 05:48:55,841][root][INFO] - Epoch [4/5], Batch [269/300], Loss: 1.1251 (Overall: 1.0634, Change: 1.3182), TF Ratio: 0.766
[2026-06-17 05:48:55,998][root][INFO] - Epoch [4/5], Batch [270/300], Loss: 1.1244 (Overall: 0.7045, Change: 1.2142), TF Ratio: 0.766
[2026-06-17 05:48:56,153][root][INFO] - Epoch [4/5], Batch [271/300], Loss: 1.1253 (Overall: 0.9901, Change: 1.7402), TF Ratio: 0.766
[2026-06-17 05:48:56,304][root][INFO] - Epoch [4/5], Batch [272/300], Loss: 1.1252 (Overall: 1.0209, Change: 1.1371), TF Ratio: 0.766
[2026-06-17 05:48:56,458][root][INFO] - Epoch [4/5], Batch [273/300], Loss: 1.1252 (Overall: 1.0159, Change: 1.2349), TF Ratio: 0.765
[2026-06-17 05:48:56,608][root][INFO] - Epoch [4/5], Batch [274/300], Loss: 1.1251 (Overall: 0.8231, Change: 1.4048), TF Ratio: 0.765
[2026-06-17 05:48:56,758][root][INFO] - Epoch [4/5], Batch [275/300], Loss: 1.1260 (Overall: 1.0143, Change: 1.7143), TF Ratio: 0.765
[2026-06-17 05:48:56,909][root][INFO] - Epoch [4/5], Batch [276/300], Loss: 1.1263 (Overall: 0.7195, Change: 1.7094), TF Ratio: 0.765
[2026-06-17 05:48:57,060][root][INFO] - Epoch [4/5], Batch [277/300], Loss: 1.1260 (Overall: 0.6120, Change: 1.4784), TF Ratio: 0.765
[2026-06-17 05:48:57,210][root][INFO] - Epoch [4/5], Batch [278/300], Loss: 1.1260 (Overall: 0.7503, Change: 1.5155), TF Ratio: 0.764
[2026-06-17 05:48:57,361][root][INFO] - Epoch [4/5], Batch [279/300], Loss: 1.1257 (Overall: 0.8049, Change: 1.2404), TF Ratio: 0.764
[2026-06-17 05:48:57,522][root][INFO] - Epoch [4/5], Batch [280/300], Loss: 1.1262 (Overall: 1.0373, Change: 1.4879), TF Ratio: 0.764
[2026-06-17 05:48:57,673][root][INFO] - Epoch [4/5], Batch [281/300], Loss: 1.1260 (Overall: 0.4697, Change: 1.6951), TF Ratio: 0.764
[2026-06-17 05:48:57,823][root][INFO] - Epoch [4/5], Batch [282/300], Loss: 1.1256 (Overall: 0.8450, Change: 1.1531), TF Ratio: 0.764
[2026-06-17 05:48:57,973][root][INFO] - Epoch [4/5], Batch [283/300], Loss: 1.1252 (Overall: 0.5574, Change: 1.4725), TF Ratio: 0.763
[2026-06-17 05:48:58,130][root][INFO] - Epoch [4/5], Batch [284/300], Loss: 1.1246 (Overall: 0.6170, Change: 1.3045), TF Ratio: 0.763
[2026-06-17 05:48:58,284][root][INFO] - Epoch [4/5], Batch [285/300], Loss: 1.1272 (Overall: 1.9271, Change: 1.8042), TF Ratio: 0.763
[2026-06-17 05:48:58,434][root][INFO] - Epoch [4/5], Batch [286/300], Loss: 1.1272 (Overall: 0.6879, Change: 1.5566), TF Ratio: 0.763
[2026-06-17 05:48:58,592][root][INFO] - Epoch [4/5], Batch [287/300], Loss: 1.1275 (Overall: 0.9703, Change: 1.4612), TF Ratio: 0.763
[2026-06-17 05:48:58,749][root][INFO] - Epoch [4/5], Batch [288/300], Loss: 1.1274 (Overall: 0.7372, Change: 1.4902), TF Ratio: 0.762
[2026-06-17 05:48:58,899][root][INFO] - Epoch [4/5], Batch [289/300], Loss: 1.1298 (Overall: 1.5155, Change: 2.0945), TF Ratio: 0.762
[2026-06-17 05:48:59,049][root][INFO] - Epoch [4/5], Batch [290/300], Loss: 1.1294 (Overall: 0.9086, Change: 1.1170), TF Ratio: 0.762
[2026-06-17 05:48:59,204][root][INFO] - Epoch [4/5], Batch [291/300], Loss: 1.1288 (Overall: 0.6911, Change: 1.2275), TF Ratio: 0.762
[2026-06-17 05:48:59,355][root][INFO] - Epoch [4/5], Batch [292/300], Loss: 1.1288 (Overall: 0.6571, Change: 1.6013), TF Ratio: 0.762
[2026-06-17 05:48:59,505][root][INFO] - Epoch [4/5], Batch [293/300], Loss: 1.1284 (Overall: 0.7777, Change: 1.2459), TF Ratio: 0.761
[2026-06-17 05:48:59,660][root][INFO] - Epoch [4/5], Batch [294/300], Loss: 1.1287 (Overall: 0.8417, Change: 1.6105), TF Ratio: 0.761
[2026-06-17 05:48:59,810][root][INFO] - Epoch [4/5], Batch [295/300], Loss: 1.1295 (Overall: 0.8835, Change: 1.8537), TF Ratio: 0.761
[2026-06-17 05:48:59,962][root][INFO] - Epoch [4/5], Batch [296/300], Loss: 1.1298 (Overall: 0.4789, Change: 1.9243), TF Ratio: 0.761
[2026-06-17 05:49:00,135][root][INFO] - Epoch [4/5], Batch [297/300], Loss: 1.1297 (Overall: 0.6608, Change: 1.5692), TF Ratio: 0.761
[2026-06-17 05:49:00,285][root][INFO] - Epoch [4/5], Batch [298/300], Loss: 1.1295 (Overall: 0.4723, Change: 1.6228), TF Ratio: 0.760
[2026-06-17 05:49:00,436][root][INFO] - Epoch [4/5], Batch [299/300], Loss: 1.1291 (Overall: 0.7531, Change: 1.2910), TF Ratio: 0.760
[2026-06-17 05:49:00,588][root][INFO] - Epoch [4/5], Batch [300/300], Loss: 1.1289 (Overall: 0.7041, Change: 1.4661), TF Ratio: 0.760
[2026-06-17 05:49:01,765][root][INFO] - Epoch 4 done. Validating...
[2026-06-17 05:49:05,030][root][INFO] - Epoch [4/5] | Train: 1.1289 | Val: 0.4956
[2026-06-17 05:49:05,225][root][INFO] - Checkpoint saved: /gpfs/scratch/bsc32/bsc096444/ai4land-tfm/trained_models/unet_impl/41825213/best_model.pth
[2026-06-17 05:49:05,378][root][INFO] - Checkpoint saved: /gpfs/scratch/bsc32/bsc096444/ai4land-tfm/trained_models/unet_impl/41825213/model_epoch_4.pth
[2026-06-17 05:49:07,649][root][INFO] - Epoch [5/5], Batch [1/300], Loss: 0.9885 (Overall: 0.4104, Change: 1.5665), TF Ratio: 0.760
[2026-06-17 05:49:08,175][root][INFO] - Epoch [5/5], Batch [2/300], Loss: 1.0761 (Overall: 0.8210, Change: 1.5066), TF Ratio: 0.760
[2026-06-17 05:49:08,326][root][INFO] - Epoch [5/5], Batch [3/300], Loss: 1.0845 (Overall: 0.7077, Change: 1.4950), TF Ratio: 0.759
[2026-06-17 05:49:08,482][root][INFO] - Epoch [5/5], Batch [4/300], Loss: 1.0400 (Overall: 0.6435, Change: 1.1694), TF Ratio: 0.759
[2026-06-17 05:49:08,648][root][INFO] - Epoch [5/5], Batch [5/300], Loss: 1.0618 (Overall: 0.7743, Change: 1.5236), TF Ratio: 0.759
[2026-06-17 05:49:08,799][root][INFO] - Epoch [5/5], Batch [6/300], Loss: 1.1041 (Overall: 1.1104, Change: 1.5213), TF Ratio: 0.759
[2026-06-17 05:49:08,950][root][INFO] - Epoch [5/5], Batch [7/300], Loss: 1.1215 (Overall: 0.8310, Change: 1.6202), TF Ratio: 0.759
[2026-06-17 05:49:09,102][root][INFO] - Epoch [5/5], Batch [8/300], Loss: 1.1228 (Overall: 0.8114, Change: 1.4522), TF Ratio: 0.758
[2026-06-17 05:49:09,266][root][INFO] - Epoch [5/5], Batch [9/300], Loss: 1.1289 (Overall: 0.8987, Change: 1.4565), TF Ratio: 0.758
[2026-06-17 05:49:09,420][root][INFO] - Epoch [5/5], Batch [10/300], Loss: 1.1066 (Overall: 0.7477, Change: 1.0638), TF Ratio: 0.758
[2026-06-17 05:49:09,575][root][INFO] - Epoch [5/5], Batch [11/300], Loss: 1.1087 (Overall: 0.7314, Change: 1.5287), TF Ratio: 0.758
[2026-06-17 05:49:09,728][root][INFO] - Epoch [5/5], Batch [12/300], Loss: 1.1092 (Overall: 0.8400, Change: 1.3899), TF Ratio: 0.758
[2026-06-17 05:49:09,879][root][INFO] - Epoch [5/5], Batch [13/300], Loss: 1.0848 (Overall: 0.5474, Change: 1.0368), TF Ratio: 0.757
[2026-06-17 05:49:10,030][root][INFO] - Epoch [5/5], Batch [14/300], Loss: 1.0963 (Overall: 0.9298, Change: 1.5603), TF Ratio: 0.757
[2026-06-17 05:49:10,182][root][INFO] - Epoch [5/5], Batch [15/300], Loss: 1.0841 (Overall: 0.4845, Change: 1.3443), TF Ratio: 0.757
[2026-06-17 05:49:10,351][root][INFO] - Epoch [5/5], Batch [16/300], Loss: 1.0809 (Overall: 0.7860, Change: 1.2800), TF Ratio: 0.757
[2026-06-17 05:49:10,502][root][INFO] - Epoch [5/5], Batch [17/300], Loss: 1.0866 (Overall: 0.7352, Change: 1.6189), TF Ratio: 0.757
[2026-06-17 05:49:10,653][root][INFO] - Epoch [5/5], Batch [18/300], Loss: 1.0906 (Overall: 0.9778, Change: 1.3383), TF Ratio: 0.756
[2026-06-17 05:49:10,805][root][INFO] - Epoch [5/5], Batch [19/300], Loss: 1.0975 (Overall: 0.9336, Change: 1.5128), TF Ratio: 0.756
[2026-06-17 05:49:10,957][root][INFO] - Epoch [5/5], Batch [20/300], Loss: 1.0821 (Overall: 0.5739, Change: 1.0025), TF Ratio: 0.756
[2026-06-17 05:49:11,110][root][INFO] - Epoch [5/5], Batch [21/300], Loss: 1.0801 (Overall: 0.7734, Change: 1.3093), TF Ratio: 0.756
[2026-06-17 05:49:11,263][root][INFO] - Epoch [5/5], Batch [22/300], Loss: 1.0822 (Overall: 0.7561, Change: 1.4945), TF Ratio: 0.756
[2026-06-17 05:49:11,414][root][INFO] - Epoch [5/5], Batch [23/300], Loss: 1.0742 (Overall: 0.6566, Change: 1.1415), TF Ratio: 0.755
[2026-06-17 05:49:11,566][root][INFO] - Epoch [5/5], Batch [24/300], Loss: 1.0759 (Overall: 0.7230, Change: 1.5074), TF Ratio: 0.755
[2026-06-17 05:49:11,718][root][INFO] - Epoch [5/5], Batch [25/300], Loss: 1.0696 (Overall: 0.6135, Change: 1.2196), TF Ratio: 0.755
[2026-06-17 05:49:11,869][root][INFO] - Epoch [5/5], Batch [26/300], Loss: 1.0722 (Overall: 0.9721, Change: 1.3033), TF Ratio: 0.755
[2026-06-17 05:49:12,021][root][INFO] - Epoch [5/5], Batch [27/300], Loss: 1.0706 (Overall: 0.6335, Change: 1.4231), TF Ratio: 0.755
[2026-06-17 05:49:12,181][root][INFO] - Epoch [5/5], Batch [28/300], Loss: 1.0687 (Overall: 0.6545, Change: 1.3807), TF Ratio: 0.754
[2026-06-17 05:49:12,348][root][INFO] - Epoch [5/5], Batch [29/300], Loss: 1.0799 (Overall: 0.9972, Change: 1.7928), TF Ratio: 0.754
[2026-06-17 05:49:12,499][root][INFO] - Epoch [5/5], Batch [30/300], Loss: 1.0921 (Overall: 1.4240, Change: 1.4641), TF Ratio: 0.754
[2026-06-17 05:49:12,650][root][INFO] - Epoch [5/5], Batch [31/300], Loss: 1.0899 (Overall: 0.8613, Change: 1.1915), TF Ratio: 0.754
[2026-06-17 05:49:12,802][root][INFO] - Epoch [5/5], Batch [32/300], Loss: 1.0877 (Overall: 0.7166, Change: 1.3188), TF Ratio: 0.754
[2026-06-17 05:49:12,956][root][INFO] - Epoch [5/5], Batch [33/300], Loss: 1.0883 (Overall: 0.8713, Change: 1.3468), TF Ratio: 0.753
[2026-06-17 05:49:13,107][root][INFO] - Epoch [5/5], Batch [34/300], Loss: 1.0818 (Overall: 0.5988, Change: 1.1328), TF Ratio: 0.753
[2026-06-17 05:49:13,259][root][INFO] - Epoch [5/5], Batch [35/300], Loss: 1.0833 (Overall: 0.7895, Change: 1.4834), TF Ratio: 0.753
[2026-06-17 05:49:13,411][root][INFO] - Epoch [5/5], Batch [36/300], Loss: 1.0892 (Overall: 0.7034, Change: 1.8879), TF Ratio: 0.753
[2026-06-17 05:49:13,561][root][INFO] - Epoch [5/5], Batch [37/300], Loss: 1.0938 (Overall: 0.9978, Change: 1.5210), TF Ratio: 0.753
[2026-06-17 05:49:13,720][root][INFO] - Epoch [5/5], Batch [38/300], Loss: 1.0851 (Overall: 0.5168, Change: 1.0030), TF Ratio: 0.752
[2026-06-17 05:49:13,871][root][INFO] - Epoch [5/5], Batch [39/300], Loss: 1.0845 (Overall: 0.7070, Change: 1.4167), TF Ratio: 0.752
[2026-06-17 05:49:14,028][root][INFO] - Epoch [5/5], Batch [40/300], Loss: 1.0900 (Overall: 1.1088, Change: 1.5007), TF Ratio: 0.752
[2026-06-17 05:49:14,178][root][INFO] - Epoch [5/5], Batch [41/300], Loss: 1.0937 (Overall: 1.3650, Change: 1.1232), TF Ratio: 0.752
[2026-06-17 05:49:16,357][root][INFO] - Epoch [5/5], Batch [42/300], Loss: 1.0984 (Overall: 0.9529, Change: 1.6276), TF Ratio: 0.752
[2026-06-17 05:49:16,507][root][INFO] - Epoch [5/5], Batch [43/300], Loss: 1.0981 (Overall: 0.8115, Change: 1.3595), TF Ratio: 0.751
[2026-06-17 05:49:16,658][root][INFO] - Epoch [5/5], Batch [44/300], Loss: 1.0944 (Overall: 0.6500, Change: 1.2204), TF Ratio: 0.751
[2026-06-17 05:49:16,809][root][INFO] - Epoch [5/5], Batch [45/300], Loss: 1.0980 (Overall: 1.0234, Change: 1.4930), TF Ratio: 0.751
[2026-06-17 05:49:16,960][root][INFO] - Epoch [5/5], Batch [46/300], Loss: 1.1004 (Overall: 1.0744, Change: 1.3428), TF Ratio: 0.751
[2026-06-17 05:49:17,110][root][INFO] - Epoch [5/5], Batch [47/300], Loss: 1.1022 (Overall: 0.9901, Change: 1.3762), TF Ratio: 0.751
[2026-06-17 05:49:17,261][root][INFO] - Epoch [5/5], Batch [48/300], Loss: 1.1066 (Overall: 0.8109, Change: 1.8178), TF Ratio: 0.750
[2026-06-17 05:49:17,410][root][INFO] - Epoch [5/5], Batch [49/300], Loss: 1.1083 (Overall: 0.8372, Change: 1.5447), TF Ratio: 0.750
[2026-06-17 05:49:17,561][root][INFO] - Epoch [5/5], Batch [50/300], Loss: 1.1076 (Overall: 0.8721, Change: 1.2713), TF Ratio: 0.750
[2026-06-17 05:49:17,715][root][INFO] - Epoch [5/5], Batch [51/300], Loss: 1.1116 (Overall: 0.8870, Change: 1.7310), TF Ratio: 0.750
[2026-06-17 05:49:17,866][root][INFO] - Epoch [5/5], Batch [52/300], Loss: 1.1126 (Overall: 0.7924, Change: 1.5366), TF Ratio: 0.750
[2026-06-17 05:49:18,017][root][INFO] - Epoch [5/5], Batch [53/300], Loss: 1.1024 (Overall: 0.6448, Change: 0.5022), TF Ratio: 0.749
[2026-06-17 05:49:20,265][root][INFO] - Epoch [5/5], Batch [54/300], Loss: 1.1043 (Overall: 0.9095, Change: 1.5012), TF Ratio: 0.749
[2026-06-17 05:49:20,415][root][INFO] - Epoch [5/5], Batch [55/300], Loss: 1.1039 (Overall: 0.8007, Change: 1.3622), TF Ratio: 0.749
[2026-06-17 05:49:20,566][root][INFO] - Epoch [5/5], Batch [56/300], Loss: 1.1022 (Overall: 0.6422, Change: 1.3760), TF Ratio: 0.749
[2026-06-17 05:49:20,716][root][INFO] - Epoch [5/5], Batch [57/300], Loss: 1.0993 (Overall: 0.6782, Change: 1.1919), TF Ratio: 0.749
[2026-06-17 05:49:20,867][root][INFO] - Epoch [5/5], Batch [58/300], Loss: 1.1001 (Overall: 0.5589, Change: 1.7345), TF Ratio: 0.748
[2026-06-17 05:49:21,017][root][INFO] - Epoch [5/5], Batch [59/300], Loss: 1.0995 (Overall: 0.8158, Change: 1.3165), TF Ratio: 0.748
[2026-06-17 05:49:21,168][root][INFO] - Epoch [5/5], Batch [60/300], Loss: 1.0994 (Overall: 0.9948, Change: 1.1930), TF Ratio: 0.748
[2026-06-17 05:49:21,318][root][INFO] - Epoch [5/5], Batch [61/300], Loss: 1.0989 (Overall: 0.8280, Change: 1.3119), TF Ratio: 0.748
[2026-06-17 05:49:21,469][root][INFO] - Epoch [5/5], Batch [62/300], Loss: 1.1002 (Overall: 0.6861, Change: 1.6666), TF Ratio: 0.748
[2026-06-17 05:49:21,619][root][INFO] - Epoch [5/5], Batch [63/300], Loss: 1.1045 (Overall: 0.7445, Change: 1.9962), TF Ratio: 0.747
[2026-06-17 05:49:21,771][root][INFO] - Epoch [5/5], Batch [64/300], Loss: 1.1063 (Overall: 0.9348, Change: 1.5090), TF Ratio: 0.747
[2026-06-17 05:49:21,921][root][INFO] - Epoch [5/5], Batch [65/300], Loss: 1.1039 (Overall: 0.6392, Change: 1.2577), TF Ratio: 0.747
[2026-06-17 05:49:22,072][root][INFO] - Epoch [5/5], Batch [66/300], Loss: 1.1053 (Overall: 1.2706, Change: 1.1249), TF Ratio: 0.747
[2026-06-17 05:49:22,223][root][INFO] - Epoch [5/5], Batch [67/300], Loss: 1.1031 (Overall: 0.5303, Change: 1.3863), TF Ratio: 0.747
[2026-06-17 05:49:22,375][root][INFO] - Epoch [5/5], Batch [68/300], Loss: 1.1007 (Overall: 0.6202, Change: 1.2536), TF Ratio: 0.746
[2026-06-17 05:49:22,525][root][INFO] - Epoch [5/5], Batch [69/300], Loss: 1.0970 (Overall: 0.7509, Change: 0.9491), TF Ratio: 0.746
[2026-06-17 05:49:22,689][root][INFO] - Epoch [5/5], Batch [70/300], Loss: 1.0965 (Overall: 0.6669, Change: 1.4460), TF Ratio: 0.746
[2026-06-17 05:49:22,839][root][INFO] - Epoch [5/5], Batch [71/300], Loss: 1.0963 (Overall: 0.7265, Change: 1.4494), TF Ratio: 0.746
[2026-06-17 05:49:22,992][root][INFO] - Epoch [5/5], Batch [72/300], Loss: 1.0946 (Overall: 0.7676, Change: 1.1745), TF Ratio: 0.746
[2026-06-17 05:49:23,155][root][INFO] - Epoch [5/5], Batch [73/300], Loss: 1.0941 (Overall: 0.7290, Change: 1.3945), TF Ratio: 0.745
[2026-06-17 05:49:23,306][root][INFO] - Epoch [5/5], Batch [74/300], Loss: 1.0969 (Overall: 1.0709, Change: 1.5305), TF Ratio: 0.745
[2026-06-17 05:49:23,472][root][INFO] - Epoch [5/5], Batch [75/300], Loss: 1.0961 (Overall: 0.7768, Change: 1.2858), TF Ratio: 0.745
[2026-06-17 05:49:23,623][root][INFO] - Epoch [5/5], Batch [76/300], Loss: 1.0951 (Overall: 0.8089, Change: 1.2315), TF Ratio: 0.745
[2026-06-17 05:49:23,774][root][INFO] - Epoch [5/5], Batch [77/300], Loss: 1.0934 (Overall: 0.5360, Change: 1.4015), TF Ratio: 0.745
[2026-06-17 05:49:23,925][root][INFO] - Epoch [5/5], Batch [78/300], Loss: 1.0941 (Overall: 0.8105, Change: 1.4789), TF Ratio: 0.744
[2026-06-17 05:49:24,075][root][INFO] - Epoch [5/5], Batch [79/300], Loss: 1.0910 (Overall: 0.5285, Change: 1.1732), TF Ratio: 0.744
[2026-06-17 05:49:24,227][root][INFO] - Epoch [5/5], Batch [80/300], Loss: 1.0956 (Overall: 1.4639, Change: 1.4534), TF Ratio: 0.744
[2026-06-17 05:49:24,377][root][INFO] - Epoch [5/5], Batch [81/300], Loss: 1.0957 (Overall: 0.7624, Change: 1.4438), TF Ratio: 0.744
[2026-06-17 05:49:24,528][root][INFO] - Epoch [5/5], Batch [82/300], Loss: 1.0964 (Overall: 0.7656, Change: 1.5478), TF Ratio: 0.744
[2026-06-17 05:49:24,678][root][INFO] - Epoch [5/5], Batch [83/300], Loss: 1.0941 (Overall: 0.6923, Change: 1.1187), TF Ratio: 0.743
[2026-06-17 05:49:24,829][root][INFO] - Epoch [5/5], Batch [84/300], Loss: 1.0940 (Overall: 0.5541, Change: 1.6150), TF Ratio: 0.743
[2026-06-17 05:49:24,979][root][INFO] - Epoch [5/5], Batch [85/300], Loss: 1.0954 (Overall: 0.9215, Change: 1.4980), TF Ratio: 0.743
[2026-06-17 05:49:25,130][root][INFO] - Epoch [5/5], Batch [86/300], Loss: 1.0925 (Overall: 0.4226, Change: 1.2719), TF Ratio: 0.743
[2026-06-17 05:49:25,285][root][INFO] - Epoch [5/5], Batch [87/300], Loss: 1.0937 (Overall: 0.6705, Change: 1.7253), TF Ratio: 0.743
[2026-06-17 05:49:25,436][root][INFO] - Epoch [5/5], Batch [88/300], Loss: 1.0953 (Overall: 0.8799, Change: 1.5857), TF Ratio: 0.742
[2026-06-17 05:49:25,587][root][INFO] - Epoch [5/5], Batch [89/300], Loss: 1.0962 (Overall: 0.6451, Change: 1.7009), TF Ratio: 0.742
[2026-06-17 05:49:25,737][root][INFO] - Epoch [5/5], Batch [90/300], Loss: 1.0929 (Overall: 0.6399, Change: 0.9697), TF Ratio: 0.742
[2026-06-17 05:49:25,888][root][INFO] - Epoch [5/5], Batch [91/300], Loss: 1.0932 (Overall: 0.9029, Change: 1.3366), TF Ratio: 0.742
[2026-06-17 05:49:26,039][root][INFO] - Epoch [5/5], Batch [92/300], Loss: 1.0930 (Overall: 0.7281, Change: 1.4193), TF Ratio: 0.742
[2026-06-17 05:49:26,189][root][INFO] - Epoch [5/5], Batch [93/300], Loss: 1.0925 (Overall: 0.5735, Change: 1.5101), TF Ratio: 0.741
[2026-06-17 05:49:26,341][root][INFO] - Epoch [5/5], Batch [94/300], Loss: 1.0897 (Overall: 0.6567, Change: 1.0195), TF Ratio: 0.741
[2026-06-17 05:49:26,507][root][INFO] - Epoch [5/5], Batch [95/300], Loss: 1.0900 (Overall: 0.5987, Change: 1.6293), TF Ratio: 0.741
[2026-06-17 05:49:26,659][root][INFO] - Epoch [5/5], Batch [96/300], Loss: 1.0863 (Overall: 0.5232, Change: 0.9418), TF Ratio: 0.741
[2026-06-17 05:49:26,809][root][INFO] - Epoch [5/5], Batch [97/300], Loss: 1.0870 (Overall: 0.6026, Change: 1.7091), TF Ratio: 0.741
[2026-06-17 05:49:26,960][root][INFO] - Epoch [5/5], Batch [98/300], Loss: 1.0881 (Overall: 0.8613, Change: 1.5250), TF Ratio: 0.740
[2026-06-17 05:49:27,110][root][INFO] - Epoch [5/5], Batch [99/300], Loss: 1.0880 (Overall: 0.8226, Change: 1.3367), TF Ratio: 0.740
[2026-06-17 05:49:27,268][root][INFO] - Epoch [5/5], Batch [100/300], Loss: 1.0857 (Overall: 0.7461, Change: 0.9644), TF Ratio: 0.740
[2026-06-17 05:49:27,430][root][INFO] - Epoch [5/5], Batch [101/300], Loss: 1.0850 (Overall: 0.6817, Change: 1.3644), TF Ratio: 0.740
[2026-06-17 05:49:27,581][root][INFO] - Epoch [5/5], Batch [102/300], Loss: 1.0851 (Overall: 0.8512, Change: 1.3303), TF Ratio: 0.740
[2026-06-17 05:49:27,731][root][INFO] - Epoch [5/5], Batch [103/300], Loss: 1.0874 (Overall: 1.0442, Change: 1.5992), TF Ratio: 0.739
[2026-06-17 05:49:27,883][root][INFO] - Epoch [5/5], Batch [104/300], Loss: 1.0873 (Overall: 0.7154, Change: 1.4365), TF Ratio: 0.739
[2026-06-17 05:49:28,033][root][INFO] - Epoch [5/5], Batch [105/300], Loss: 1.0895 (Overall: 1.3752, Change: 1.2558), TF Ratio: 0.739
[2026-06-17 05:49:28,194][root][INFO] - Epoch [5/5], Batch [106/300], Loss: 1.0911 (Overall: 0.8849, Change: 1.6401), TF Ratio: 0.739
[2026-06-17 05:49:28,344][root][INFO] - Epoch [5/5], Batch [107/300], Loss: 1.0929 (Overall: 1.3277, Change: 1.2337), TF Ratio: 0.739
[2026-06-17 05:49:28,496][root][INFO] - Epoch [5/5], Batch [108/300], Loss: 1.0921 (Overall: 0.6701, Change: 1.3390), TF Ratio: 0.738
[2026-06-17 05:49:28,654][root][INFO] - Epoch [5/5], Batch [109/300], Loss: 1.0934 (Overall: 1.0632, Change: 1.4104), TF Ratio: 0.738
[2026-06-17 05:49:28,805][root][INFO] - Epoch [5/5], Batch [110/300], Loss: 1.0951 (Overall: 0.8712, Change: 1.6916), TF Ratio: 0.738
[2026-06-17 05:49:28,959][root][INFO] - Epoch [5/5], Batch [111/300], Loss: 1.0961 (Overall: 0.6328, Change: 1.7755), TF Ratio: 0.738
[2026-06-17 05:49:29,117][root][INFO] - Epoch [5/5], Batch [112/300], Loss: 1.0989 (Overall: 1.4463, Change: 1.3733), TF Ratio: 0.738
[2026-06-17 05:49:29,267][root][INFO] - Epoch [5/5], Batch [113/300], Loss: 1.0976 (Overall: 0.6243, Change: 1.2835), TF Ratio: 0.737
[2026-06-17 05:49:29,418][root][INFO] - Epoch [5/5], Batch [114/300], Loss: 1.0989 (Overall: 1.0504, Change: 1.4449), TF Ratio: 0.737
[2026-06-17 05:49:29,580][root][INFO] - Epoch [5/5], Batch [115/300], Loss: 1.0995 (Overall: 0.7833, Change: 1.5443), TF Ratio: 0.737
[2026-06-17 05:49:29,732][root][INFO] - Epoch [5/5], Batch [116/300], Loss: 1.1035 (Overall: 1.5700, Change: 1.5700), TF Ratio: 0.737
[2026-06-17 05:49:29,883][root][INFO] - Epoch [5/5], Batch [117/300], Loss: 1.1017 (Overall: 0.4805, Change: 1.2985), TF Ratio: 0.737
[2026-06-17 05:49:30,037][root][INFO] - Epoch [5/5], Batch [118/300], Loss: 1.1004 (Overall: 0.6016, Change: 1.2879), TF Ratio: 0.736
[2026-06-17 05:49:30,188][root][INFO] - Epoch [5/5], Batch [119/300], Loss: 1.0995 (Overall: 0.5757, Change: 1.4083), TF Ratio: 0.736
[2026-06-17 05:49:30,340][root][INFO] - Epoch [5/5], Batch [120/300], Loss: 1.1019 (Overall: 0.9562, Change: 1.8253), TF Ratio: 0.736
[2026-06-17 05:49:30,490][root][INFO] - Epoch [5/5], Batch [121/300], Loss: 1.1062 (Overall: 1.3842, Change: 1.8674), TF Ratio: 0.736
[2026-06-17 05:49:30,641][root][INFO] - Epoch [5/5], Batch [122/300], Loss: 1.1073 (Overall: 0.9626, Change: 1.5084), TF Ratio: 0.736
[2026-06-17 05:49:30,792][root][INFO] - Epoch [5/5], Batch [123/300], Loss: 1.1079 (Overall: 0.8808, Change: 1.4886), TF Ratio: 0.735
[2026-06-17 05:49:30,957][root][INFO] - Epoch [5/5], Batch [124/300], Loss: 1.1082 (Overall: 0.6389, Change: 1.6428), TF Ratio: 0.735
[2026-06-17 05:49:31,107][root][INFO] - Epoch [5/5], Batch [125/300], Loss: 1.1075 (Overall: 0.7478, Change: 1.3013), TF Ratio: 0.735
[2026-06-17 05:49:31,257][root][INFO] - Epoch [5/5], Batch [126/300], Loss: 1.1080 (Overall: 0.9369, Change: 1.4042), TF Ratio: 0.735
[2026-06-17 05:49:31,415][root][INFO] - Epoch [5/5], Batch [127/300], Loss: 1.1068 (Overall: 0.7802, Change: 1.1240), TF Ratio: 0.735
[2026-06-17 05:49:31,567][root][INFO] - Epoch [5/5], Batch [128/300], Loss: 1.1073 (Overall: 0.7188, Change: 1.6233), TF Ratio: 0.734
[2026-06-17 05:49:31,721][root][INFO] - Epoch [5/5], Batch [129/300], Loss: 1.1075 (Overall: 1.0453, Change: 1.2189), TF Ratio: 0.734
[2026-06-17 05:49:31,871][root][INFO] - Epoch [5/5], Batch [130/300], Loss: 1.1070 (Overall: 0.7568, Change: 1.3309), TF Ratio: 0.734
[2026-06-17 05:49:32,029][root][INFO] - Epoch [5/5], Batch [131/300], Loss: 1.1087 (Overall: 0.9946, Change: 1.6727), TF Ratio: 0.734
[2026-06-17 05:49:32,181][root][INFO] - Epoch [5/5], Batch [132/300], Loss: 1.1095 (Overall: 0.8691, Change: 1.5480), TF Ratio: 0.734
[2026-06-17 05:49:32,339][root][INFO] - Epoch [5/5], Batch [133/300], Loss: 1.1104 (Overall: 1.0193, Change: 1.4568), TF Ratio: 0.733
[2026-06-17 05:49:32,490][root][INFO] - Epoch [5/5], Batch [134/300], Loss: 1.1115 (Overall: 0.8194, Change: 1.6956), TF Ratio: 0.733
[2026-06-17 05:49:32,640][root][INFO] - Epoch [5/5], Batch [135/300], Loss: 1.1112 (Overall: 0.7214, Change: 1.4099), TF Ratio: 0.733
[2026-06-17 05:49:32,792][root][INFO] - Epoch [5/5], Batch [136/300], Loss: 1.1139 (Overall: 0.8982, Change: 2.0587), TF Ratio: 0.733
[2026-06-17 05:49:32,942][root][INFO] - Epoch [5/5], Batch [137/300], Loss: 1.1135 (Overall: 0.8427, Change: 1.2825), TF Ratio: 0.733
[2026-06-17 05:49:33,097][root][INFO] - Epoch [5/5], Batch [138/300], Loss: 1.1142 (Overall: 0.9173, Change: 1.5054), TF Ratio: 0.732
[2026-06-17 05:49:33,253][root][INFO] - Epoch [5/5], Batch [139/300], Loss: 1.1128 (Overall: 0.4995, Change: 1.3268), TF Ratio: 0.732
[2026-06-17 05:49:33,410][root][INFO] - Epoch [5/5], Batch [140/300], Loss: 1.1131 (Overall: 0.7638, Change: 1.5603), TF Ratio: 0.732
[2026-06-17 05:49:33,562][root][INFO] - Epoch [5/5], Batch [141/300], Loss: 1.1131 (Overall: 0.5115, Change: 1.7013), TF Ratio: 0.732
[2026-06-17 05:49:33,712][root][INFO] - Epoch [5/5], Batch [142/300], Loss: 1.1123 (Overall: 0.6355, Change: 1.3624), TF Ratio: 0.732
[2026-06-17 05:49:33,864][root][INFO] - Epoch [5/5], Batch [143/300], Loss: 1.1124 (Overall: 0.4562, Change: 1.7960), TF Ratio: 0.731
[2026-06-17 05:49:34,024][root][INFO] - Epoch [5/5], Batch [144/300], Loss: 1.1117 (Overall: 0.7424, Change: 1.2933), TF Ratio: 0.731
[2026-06-17 05:49:34,175][root][INFO] - Epoch [5/5], Batch [145/300], Loss: 1.1110 (Overall: 0.6564, Change: 1.3682), TF Ratio: 0.731
[2026-06-17 05:49:34,325][root][INFO] - Epoch [5/5], Batch [146/300], Loss: 1.1114 (Overall: 0.8575, Change: 1.4713), TF Ratio: 0.731
[2026-06-17 05:49:34,475][root][INFO] - Epoch [5/5], Batch [147/300], Loss: 1.1124 (Overall: 1.0522, Change: 1.4619), TF Ratio: 0.731
[2026-06-17 05:49:34,627][root][INFO] - Epoch [5/5], Batch [148/300], Loss: 1.1117 (Overall: 0.6432, Change: 1.3683), TF Ratio: 0.730
[2026-06-17 05:49:34,783][root][INFO] - Epoch [5/5], Batch [149/300], Loss: 1.1141 (Overall: 1.2564, Change: 1.7006), TF Ratio: 0.730
[2026-06-17 05:49:34,934][root][INFO] - Epoch [5/5], Batch [150/300], Loss: 1.1151 (Overall: 1.0176, Change: 1.5024), TF Ratio: 0.730
[2026-06-17 05:49:35,084][root][INFO] - Epoch [5/5], Batch [151/300], Loss: 1.1138 (Overall: 0.7154, Change: 1.1289), TF Ratio: 0.730
[2026-06-17 05:49:35,235][root][INFO] - Epoch [5/5], Batch [152/300], Loss: 1.1148 (Overall: 0.8193, Change: 1.7178), TF Ratio: 0.730
[2026-06-17 05:49:35,388][root][INFO] - Epoch [5/5], Batch [153/300], Loss: 1.1144 (Overall: 0.6665, Change: 1.4241), TF Ratio: 0.729
[2026-06-17 05:49:35,539][root][INFO] - Epoch [5/5], Batch [154/300], Loss: 1.1157 (Overall: 1.2912, Change: 1.3480), TF Ratio: 0.729
[2026-06-17 05:49:35,691][root][INFO] - Epoch [5/5], Batch [155/300], Loss: 1.1177 (Overall: 0.7392, Change: 2.1103), TF Ratio: 0.729
[2026-06-17 05:49:35,853][root][INFO] - Epoch [5/5], Batch [156/300], Loss: 1.1162 (Overall: 0.5986, Change: 1.1764), TF Ratio: 0.729
[2026-06-17 05:49:36,009][root][INFO] - Epoch [5/5], Batch [157/300], Loss: 1.1161 (Overall: 0.7711, Change: 1.4145), TF Ratio: 0.729
[2026-06-17 05:49:36,159][root][INFO] - Epoch [5/5], Batch [158/300], Loss: 1.1166 (Overall: 0.9287, Change: 1.4606), TF Ratio: 0.728
[2026-06-17 05:49:36,310][root][INFO] - Epoch [5/5], Batch [159/300], Loss: 1.1136 (Overall: 0.5454, Change: 0.7354), TF Ratio: 0.728
[2026-06-17 05:49:36,466][root][INFO] - Epoch [5/5], Batch [160/300], Loss: 1.1132 (Overall: 0.6652, Change: 1.4342), TF Ratio: 0.728
[2026-06-17 05:49:36,616][root][INFO] - Epoch [5/5], Batch [161/300], Loss: 1.1136 (Overall: 0.7626, Change: 1.5945), TF Ratio: 0.728
[2026-06-17 05:49:36,766][root][INFO] - Epoch [5/5], Batch [162/300], Loss: 1.1132 (Overall: 0.9066, Change: 1.1999), TF Ratio: 0.728
[2026-06-17 05:49:36,917][root][INFO] - Epoch [5/5], Batch [163/300], Loss: 1.1136 (Overall: 0.8331, Change: 1.5064), TF Ratio: 0.727
[2026-06-17 05:49:37,068][root][INFO] - Epoch [5/5], Batch [164/300], Loss: 1.1123 (Overall: 0.5024, Change: 1.3167), TF Ratio: 0.727
[2026-06-17 05:49:37,219][root][INFO] - Epoch [5/5], Batch [165/300], Loss: 1.1113 (Overall: 0.5805, Change: 1.3116), TF Ratio: 0.727
[2026-06-17 05:49:37,369][root][INFO] - Epoch [5/5], Batch [166/300], Loss: 1.1114 (Overall: 0.6948, Change: 1.5686), TF Ratio: 0.727
[2026-06-17 05:49:37,520][root][INFO] - Epoch [5/5], Batch [167/300], Loss: 1.1097 (Overall: 0.6190, Change: 1.0285), TF Ratio: 0.727
[2026-06-17 05:49:37,672][root][INFO] - Epoch [5/5], Batch [168/300], Loss: 1.1098 (Overall: 0.7747, Change: 1.4643), TF Ratio: 0.726
[2026-06-17 05:49:37,826][root][INFO] - Epoch [5/5], Batch [169/300], Loss: 1.1097 (Overall: 0.7623, Change: 1.4258), TF Ratio: 0.726
[2026-06-17 05:49:37,976][root][INFO] - Epoch [5/5], Batch [170/300], Loss: 1.1102 (Overall: 0.8776, Change: 1.5053), TF Ratio: 0.726
[2026-06-17 05:49:38,129][root][INFO] - Epoch [5/5], Batch [171/300], Loss: 1.1096 (Overall: 0.5681, Change: 1.4606), TF Ratio: 0.726
[2026-06-17 05:49:38,281][root][INFO] - Epoch [5/5], Batch [172/300], Loss: 1.1096 (Overall: 0.7553, Change: 1.4713), TF Ratio: 0.726
[2026-06-17 05:49:38,432][root][INFO] - Epoch [5/5], Batch [173/300], Loss: 1.1089 (Overall: 0.6023, Change: 1.3714), TF Ratio: 0.725
[2026-06-17 05:49:38,583][root][INFO] - Epoch [5/5], Batch [174/300], Loss: 1.1113 (Overall: 1.5441, Change: 1.5122), TF Ratio: 0.725
[2026-06-17 05:49:38,736][root][INFO] - Epoch [5/5], Batch [175/300], Loss: 1.1109 (Overall: 0.4782, Change: 1.5819), TF Ratio: 0.725
[2026-06-17 05:49:38,888][root][INFO] - Epoch [5/5], Batch [176/300], Loss: 1.1111 (Overall: 0.8772, Change: 1.4403), TF Ratio: 0.725
[2026-06-17 05:49:39,038][root][INFO] - Epoch [5/5], Batch [177/300], Loss: 1.1102 (Overall: 1.0086, Change: 0.8883), TF Ratio: 0.725
[2026-06-17 05:49:39,188][root][INFO] - Epoch [5/5], Batch [178/300], Loss: 1.1098 (Overall: 0.6392, Change: 1.4162), TF Ratio: 0.724
[2026-06-17 05:49:39,339][root][INFO] - Epoch [5/5], Batch [179/300], Loss: 1.1091 (Overall: 0.8250, Change: 1.1717), TF Ratio: 0.724
[2026-06-17 05:49:39,491][root][INFO] - Epoch [5/5], Batch [180/300], Loss: 1.1088 (Overall: 0.6245, Change: 1.4815), TF Ratio: 0.724
[2026-06-17 05:49:39,641][root][INFO] - Epoch [5/5], Batch [181/300], Loss: 1.1081 (Overall: 0.6979, Change: 1.2440), TF Ratio: 0.724
[2026-06-17 05:49:39,792][root][INFO] - Epoch [5/5], Batch [182/300], Loss: 1.1071 (Overall: 0.9767, Change: 0.8965), TF Ratio: 0.724
[2026-06-17 05:49:39,942][root][INFO] - Epoch [5/5], Batch [183/300], Loss: 1.1072 (Overall: 0.8003, Change: 1.4268), TF Ratio: 0.723
[2026-06-17 05:49:40,093][root][INFO] - Epoch [5/5], Batch [184/300], Loss: 1.1079 (Overall: 1.2999, Change: 1.1822), TF Ratio: 0.723
[2026-06-17 05:49:40,244][root][INFO] - Epoch [5/5], Batch [185/300], Loss: 1.1068 (Overall: 0.6921, Change: 1.1353), TF Ratio: 0.723
[2026-06-17 05:49:40,403][root][INFO] - Epoch [5/5], Batch [186/300], Loss: 1.1073 (Overall: 0.9081, Change: 1.4762), TF Ratio: 0.723
[2026-06-17 05:49:40,554][root][INFO] - Epoch [5/5], Batch [187/300], Loss: 1.1068 (Overall: 0.6545, Change: 1.3725), TF Ratio: 0.723
[2026-06-17 05:49:40,706][root][INFO] - Epoch [5/5], Batch [188/300], Loss: 1.1063 (Overall: 0.5202, Change: 1.5002), TF Ratio: 0.722
[2026-06-17 05:49:40,856][root][INFO] - Epoch [5/5], Batch [189/300], Loss: 1.1068 (Overall: 0.9593, Change: 1.4696), TF Ratio: 0.722
[2026-06-17 05:49:41,011][root][INFO] - Epoch [5/5], Batch [190/300], Loss: 1.1053 (Overall: 0.6696, Change: 0.9676), TF Ratio: 0.722
[2026-06-17 05:49:41,168][root][INFO] - Epoch [5/5], Batch [191/300], Loss: 1.1055 (Overall: 0.9022, Change: 1.3729), TF Ratio: 0.722
[2026-06-17 05:49:41,319][root][INFO] - Epoch [5/5], Batch [192/300], Loss: 1.1064 (Overall: 1.0308, Change: 1.5086), TF Ratio: 0.722
[2026-06-17 05:49:41,469][root][INFO] - Epoch [5/5], Batch [193/300], Loss: 1.1061 (Overall: 0.6549, Change: 1.4493), TF Ratio: 0.721
[2026-06-17 05:49:41,619][root][INFO] - Epoch [5/5], Batch [194/300], Loss: 1.1055 (Overall: 0.5538, Change: 1.4170), TF Ratio: 0.721
[2026-06-17 05:49:41,770][root][INFO] - Epoch [5/5], Batch [195/300], Loss: 1.1057 (Overall: 0.5918, Change: 1.7239), TF Ratio: 0.721
[2026-06-17 05:49:41,922][root][INFO] - Epoch [5/5], Batch [196/300], Loss: 1.1048 (Overall: 0.6814, Change: 1.1539), TF Ratio: 0.721
[2026-06-17 05:49:42,077][root][INFO] - Epoch [5/5], Batch [197/300], Loss: 1.1053 (Overall: 0.9832, Change: 1.4237), TF Ratio: 0.721
[2026-06-17 05:49:42,228][root][INFO] - Epoch [5/5], Batch [198/300], Loss: 1.1053 (Overall: 0.7117, Change: 1.5237), TF Ratio: 0.720
[2026-06-17 05:49:42,379][root][INFO] - Epoch [5/5], Batch [199/300], Loss: 1.1060 (Overall: 0.7381, Change: 1.7612), TF Ratio: 0.720
[2026-06-17 05:49:42,531][root][INFO] - Epoch [5/5], Batch [200/300], Loss: 1.1064 (Overall: 0.8935, Change: 1.4512), TF Ratio: 0.720
[2026-06-17 05:49:42,681][root][INFO] - Epoch [5/5], Batch [201/300], Loss: 1.1059 (Overall: 0.7832, Change: 1.2491), TF Ratio: 0.720
[2026-06-17 05:49:42,831][root][INFO] - Epoch [5/5], Batch [202/300], Loss: 1.1053 (Overall: 0.8563, Change: 1.1044), TF Ratio: 0.720
[2026-06-17 05:49:42,982][root][INFO] - Epoch [5/5], Batch [203/300], Loss: 1.1042 (Overall: 0.9427, Change: 0.7995), TF Ratio: 0.719
[2026-06-17 05:49:43,133][root][INFO] - Epoch [5/5], Batch [204/300], Loss: 1.1032 (Overall: 0.6260, Change: 1.2047), TF Ratio: 0.719
[2026-06-17 05:49:43,283][root][INFO] - Epoch [5/5], Batch [205/300], Loss: 1.1054 (Overall: 1.3636, Change: 1.7181), TF Ratio: 0.719
[2026-06-17 05:49:43,433][root][INFO] - Epoch [5/5], Batch [206/300], Loss: 1.1052 (Overall: 0.9156, Change: 1.2352), TF Ratio: 0.719
[2026-06-17 05:49:43,585][root][INFO] - Epoch [5/5], Batch [207/300], Loss: 1.1054 (Overall: 0.6300, Change: 1.6383), TF Ratio: 0.719
[2026-06-17 05:49:43,737][root][INFO] - Epoch [5/5], Batch [208/300], Loss: 1.1049 (Overall: 0.5753, Change: 1.4520), TF Ratio: 0.718
[2026-06-17 05:49:43,887][root][INFO] - Epoch [5/5], Batch [209/300], Loss: 1.1035 (Overall: 0.6693, Change: 0.9285), TF Ratio: 0.718
[2026-06-17 05:49:44,041][root][INFO] - Epoch [5/5], Batch [210/300], Loss: 1.1027 (Overall: 0.4872, Change: 1.4217), TF Ratio: 0.718
[2026-06-17 05:49:44,203][root][INFO] - Epoch [5/5], Batch [211/300], Loss: 1.1039 (Overall: 1.1168, Change: 1.5895), TF Ratio: 0.718
[2026-06-17 05:49:44,355][root][INFO] - Epoch [5/5], Batch [212/300], Loss: 1.1027 (Overall: 0.6158, Change: 1.0564), TF Ratio: 0.718
[2026-06-17 05:49:44,506][root][INFO] - Epoch [5/5], Batch [213/300], Loss: 1.1025 (Overall: 0.8112, Change: 1.3018), TF Ratio: 0.717
[2026-06-17 05:49:44,659][root][INFO] - Epoch [5/5], Batch [214/300], Loss: 1.1016 (Overall: 0.6346, Change: 1.2134), TF Ratio: 0.717
[2026-06-17 05:49:44,811][root][INFO] - Epoch [5/5], Batch [215/300], Loss: 1.1008 (Overall: 0.6048, Change: 1.2633), TF Ratio: 0.717
[2026-06-17 05:49:44,962][root][INFO] - Epoch [5/5], Batch [216/300], Loss: 1.1003 (Overall: 0.6206, Change: 1.3312), TF Ratio: 0.717
[2026-06-17 05:49:45,112][root][INFO] - Epoch [5/5], Batch [217/300], Loss: 1.1016 (Overall: 0.9627, Change: 1.8199), TF Ratio: 0.717
[2026-06-17 05:49:45,262][root][INFO] - Epoch [5/5], Batch [218/300], Loss: 1.1029 (Overall: 0.8878, Change: 1.8894), TF Ratio: 0.716
[2026-06-17 05:49:45,414][root][INFO] - Epoch [5/5], Batch [219/300], Loss: 1.1034 (Overall: 0.7570, Change: 1.6439), TF Ratio: 0.716
[2026-06-17 05:49:45,566][root][INFO] - Epoch [5/5], Batch [220/300], Loss: 1.1027 (Overall: 0.5960, Change: 1.3193), TF Ratio: 0.716
[2026-06-17 05:49:45,716][root][INFO] - Epoch [5/5], Batch [221/300], Loss: 1.1027 (Overall: 1.1091, Change: 1.0792), TF Ratio: 0.716
[2026-06-17 05:49:45,867][root][INFO] - Epoch [5/5], Batch [222/300], Loss: 1.1029 (Overall: 0.5262, Change: 1.7853), TF Ratio: 0.716
[2026-06-17 05:49:46,017][root][INFO] - Epoch [5/5], Batch [223/300], Loss: 1.1027 (Overall: 0.8924, Change: 1.2375), TF Ratio: 0.715
[2026-06-17 05:49:46,174][root][INFO] - Epoch [5/5], Batch [224/300], Loss: 1.1019 (Overall: 0.5730, Change: 1.2665), TF Ratio: 0.715
[2026-06-17 05:49:46,325][root][INFO] - Epoch [5/5], Batch [225/300], Loss: 1.1018 (Overall: 1.0129, Change: 1.1334), TF Ratio: 0.715
[2026-06-17 05:49:46,488][root][INFO] - Epoch [5/5], Batch [226/300], Loss: 1.1023 (Overall: 1.0470, Change: 1.3939), TF Ratio: 0.715
[2026-06-17 05:49:46,638][root][INFO] - Epoch [5/5], Batch [227/300], Loss: 1.1010 (Overall: 0.6574, Change: 0.9413), TF Ratio: 0.715
[2026-06-17 05:49:46,792][root][INFO] - Epoch [5/5], Batch [228/300], Loss: 1.1006 (Overall: 0.8710, Change: 1.1580), TF Ratio: 0.714
[2026-06-17 05:49:46,942][root][INFO] - Epoch [5/5], Batch [229/300], Loss: 1.1000 (Overall: 0.5765, Change: 1.3383), TF Ratio: 0.714
[2026-06-17 05:49:47,092][root][INFO] - Epoch [5/5], Batch [230/300], Loss: 1.0989 (Overall: 0.7324, Change: 0.9958), TF Ratio: 0.714
[2026-06-17 05:49:47,243][root][INFO] - Epoch [5/5], Batch [231/300], Loss: 1.0991 (Overall: 0.7281, Change: 1.5427), TF Ratio: 0.714
[2026-06-17 05:49:47,395][root][INFO] - Epoch [5/5], Batch [232/300], Loss: 1.0992 (Overall: 0.7615, Change: 1.4598), TF Ratio: 0.714
[2026-06-17 05:49:47,545][root][INFO] - Epoch [5/5], Batch [233/300], Loss: 1.1001 (Overall: 1.0482, Change: 1.5984), TF Ratio: 0.713
[2026-06-17 05:49:47,695][root][INFO] - Epoch [5/5], Batch [234/300], Loss: 1.1012 (Overall: 0.9283, Change: 1.7613), TF Ratio: 0.713
[2026-06-17 05:49:47,847][root][INFO] - Epoch [5/5], Batch [235/300], Loss: 1.1017 (Overall: 1.0016, Change: 1.4441), TF Ratio: 0.713
[2026-06-17 05:49:47,998][root][INFO] - Epoch [5/5], Batch [236/300], Loss: 1.1010 (Overall: 0.5843, Change: 1.2893), TF Ratio: 0.713
[2026-06-17 05:49:48,148][root][INFO] - Epoch [5/5], Batch [237/300], Loss: 1.1007 (Overall: 0.6503, Change: 1.4000), TF Ratio: 0.713
[2026-06-17 05:49:48,299][root][INFO] - Epoch [5/5], Batch [238/300], Loss: 1.1006 (Overall: 1.0081, Change: 1.1819), TF Ratio: 0.712
[2026-06-17 05:49:48,449][root][INFO] - Epoch [5/5], Batch [239/300], Loss: 1.1001 (Overall: 0.6945, Change: 1.2580), TF Ratio: 0.712
[2026-06-17 05:49:48,602][root][INFO] - Epoch [5/5], Batch [240/300], Loss: 1.1004 (Overall: 0.6733, Change: 1.6531), TF Ratio: 0.712
[2026-06-17 05:49:48,752][root][INFO] - Epoch [5/5], Batch [241/300], Loss: 1.1008 (Overall: 0.9326, Change: 1.4769), TF Ratio: 0.712
[2026-06-17 05:49:48,903][root][INFO] - Epoch [5/5], Batch [242/300], Loss: 1.1000 (Overall: 0.9184, Change: 0.8707), TF Ratio: 0.712
[2026-06-17 05:49:49,053][root][INFO] - Epoch [5/5], Batch [243/300], Loss: 1.0998 (Overall: 0.7285, Change: 1.3748), TF Ratio: 0.711
[2026-06-17 05:49:49,216][root][INFO] - Epoch [5/5], Batch [244/300], Loss: 1.1000 (Overall: 0.6175, Change: 1.7213), TF Ratio: 0.711
[2026-06-17 05:49:49,366][root][INFO] - Epoch [5/5], Batch [245/300], Loss: 1.0998 (Overall: 0.8407, Change: 1.2574), TF Ratio: 0.711
[2026-06-17 05:49:49,518][root][INFO] - Epoch [5/5], Batch [246/300], Loss: 1.0997 (Overall: 0.8059, Change: 1.3039), TF Ratio: 0.711
[2026-06-17 05:49:49,668][root][INFO] - Epoch [5/5], Batch [247/300], Loss: 1.1002 (Overall: 0.8219, Change: 1.6619), TF Ratio: 0.711
[2026-06-17 05:49:49,820][root][INFO] - Epoch [5/5], Batch [248/300], Loss: 1.1006 (Overall: 0.8144, Change: 1.5820), TF Ratio: 0.710
[2026-06-17 05:49:49,971][root][INFO] - Epoch [5/5], Batch [249/300], Loss: 1.0993 (Overall: 0.6626, Change: 0.8753), TF Ratio: 0.710
[2026-06-17 05:49:50,121][root][INFO] - Epoch [5/5], Batch [250/300], Loss: 1.0997 (Overall: 1.0628, Change: 1.3579), TF Ratio: 0.710
[2026-06-17 05:49:50,272][root][INFO] - Epoch [5/5], Batch [251/300], Loss: 1.0992 (Overall: 0.4532, Change: 1.4925), TF Ratio: 0.710
[2026-06-17 05:49:50,423][root][INFO] - Epoch [5/5], Batch [252/300], Loss: 1.0997 (Overall: 0.8801, Change: 1.5581), TF Ratio: 0.710
[2026-06-17 05:49:50,573][root][INFO] - Epoch [5/5], Batch [253/300], Loss: 1.0994 (Overall: 0.7324, Change: 1.2880), TF Ratio: 0.709
[2026-06-17 05:49:50,724][root][INFO] - Epoch [5/5], Batch [254/300], Loss: 1.0987 (Overall: 0.6085, Change: 1.2575), TF Ratio: 0.709
[2026-06-17 05:49:50,887][root][INFO] - Epoch [5/5], Batch [255/300], Loss: 1.0990 (Overall: 0.6158, Change: 1.7109), TF Ratio: 0.709
[2026-06-17 05:49:51,049][root][INFO] - Epoch [5/5], Batch [256/300], Loss: 1.0984 (Overall: 0.7333, Change: 1.1738), TF Ratio: 0.709
[2026-06-17 05:49:51,199][root][INFO] - Epoch [5/5], Batch [257/300], Loss: 1.0980 (Overall: 0.5434, Change: 1.4811), TF Ratio: 0.709
[2026-06-17 05:49:51,351][root][INFO] - Epoch [5/5], Batch [258/300], Loss: 1.1031 (Overall: 1.8005, Change: 3.0017), TF Ratio: 0.708
[2026-06-17 05:49:51,501][root][INFO] - Epoch [5/5], Batch [259/300], Loss: 1.1034 (Overall: 0.9373, Change: 1.4059), TF Ratio: 0.708
[2026-06-17 05:49:51,653][root][INFO] - Epoch [5/5], Batch [260/300], Loss: 1.1032 (Overall: 0.7056, Change: 1.4025), TF Ratio: 0.708
[2026-06-17 05:49:51,803][root][INFO] - Epoch [5/5], Batch [261/300], Loss: 1.1040 (Overall: 0.8989, Change: 1.7455), TF Ratio: 0.708
[2026-06-17 05:49:51,958][root][INFO] - Epoch [5/5], Batch [262/300], Loss: 1.1045 (Overall: 1.0429, Change: 1.4346), TF Ratio: 0.708
[2026-06-17 05:49:52,109][root][INFO] - Epoch [5/5], Batch [263/300], Loss: 1.1048 (Overall: 0.7443, Change: 1.5950), TF Ratio: 0.707
[2026-06-17 05:49:52,269][root][INFO] - Epoch [5/5], Batch [264/300], Loss: 1.1058 (Overall: 0.6366, Change: 2.1252), TF Ratio: 0.707
[2026-06-17 05:49:52,420][root][INFO] - Epoch [5/5], Batch [265/300], Loss: 1.1054 (Overall: 0.8721, Change: 1.1353), TF Ratio: 0.707
[2026-06-17 05:49:52,579][root][INFO] - Epoch [5/5], Batch [266/300], Loss: 1.1051 (Overall: 0.6334, Change: 1.3762), TF Ratio: 0.707
[2026-06-17 05:49:52,730][root][INFO] - Epoch [5/5], Batch [267/300], Loss: 1.1053 (Overall: 0.9689, Change: 1.3823), TF Ratio: 0.707
[2026-06-17 05:49:52,881][root][INFO] - Epoch [5/5], Batch [268/300], Loss: 1.1048 (Overall: 0.6443, Change: 1.2709), TF Ratio: 0.706
[2026-06-17 05:49:53,031][root][INFO] - Epoch [5/5], Batch [269/300], Loss: 1.1055 (Overall: 0.9102, Change: 1.7124), TF Ratio: 0.706
[2026-06-17 05:49:53,183][root][INFO] - Epoch [5/5], Batch [270/300], Loss: 1.1054 (Overall: 0.8747, Change: 1.2758), TF Ratio: 0.706
[2026-06-17 05:49:53,333][root][INFO] - Epoch [5/5], Batch [271/300], Loss: 1.1054 (Overall: 0.3866, Change: 1.7862), TF Ratio: 0.706
[2026-06-17 05:49:53,485][root][INFO] - Epoch [5/5], Batch [272/300], Loss: 1.1062 (Overall: 1.1001, Change: 1.5869), TF Ratio: 0.706
[2026-06-17 05:49:53,634][root][INFO] - Epoch [5/5], Batch [273/300], Loss: 1.1063 (Overall: 0.8783, Change: 1.3783), TF Ratio: 0.705
[2026-06-17 05:49:53,785][root][INFO] - Epoch [5/5], Batch [274/300], Loss: 1.1061 (Overall: 0.6001, Change: 1.4706), TF Ratio: 0.705
[2026-06-17 05:49:53,935][root][INFO] - Epoch [5/5], Batch [275/300], Loss: 1.1066 (Overall: 0.7850, Change: 1.7052), TF Ratio: 0.705
[2026-06-17 05:49:54,085][root][INFO] - Epoch [5/5], Batch [276/300], Loss: 1.1069 (Overall: 0.8749, Change: 1.5024), TF Ratio: 0.705
[2026-06-17 05:49:54,235][root][INFO] - Epoch [5/5], Batch [277/300], Loss: 1.1072 (Overall: 1.1542, Change: 1.2663), TF Ratio: 0.705
[2026-06-17 05:49:54,386][root][INFO] - Epoch [5/5], Batch [278/300], Loss: 1.1069 (Overall: 0.6923, Change: 1.3390), TF Ratio: 0.704
[2026-06-17 05:49:54,537][root][INFO] - Epoch [5/5], Batch [279/300], Loss: 1.1061 (Overall: 0.6736, Change: 1.0837), TF Ratio: 0.704
[2026-06-17 05:49:54,688][root][INFO] - Epoch [5/5], Batch [280/300], Loss: 1.1057 (Overall: 0.8180, Change: 1.1726), TF Ratio: 0.704
[2026-06-17 05:49:54,838][root][INFO] - Epoch [5/5], Batch [281/300], Loss: 1.1061 (Overall: 1.0653, Change: 1.3910), TF Ratio: 0.704
[2026-06-17 05:49:54,989][root][INFO] - Epoch [5/5], Batch [282/300], Loss: 1.1060 (Overall: 0.7788, Change: 1.3601), TF Ratio: 0.704
[2026-06-17 05:49:55,140][root][INFO] - Epoch [5/5], Batch [283/300], Loss: 1.1065 (Overall: 0.7326, Change: 1.7778), TF Ratio: 0.703
[2026-06-17 05:49:55,291][root][INFO] - Epoch [5/5], Batch [284/300], Loss: 1.1070 (Overall: 0.6903, Change: 1.8033), TF Ratio: 0.703
[2026-06-17 05:49:55,441][root][INFO] - Epoch [5/5], Batch [285/300], Loss: 1.1079 (Overall: 1.0189, Change: 1.7044), TF Ratio: 0.703
[2026-06-17 05:49:55,592][root][INFO] - Epoch [5/5], Batch [286/300], Loss: 1.1074 (Overall: 0.5595, Change: 1.3576), TF Ratio: 0.703
[2026-06-17 05:49:55,742][root][INFO] - Epoch [5/5], Batch [287/300], Loss: 1.1074 (Overall: 0.6812, Change: 1.5349), TF Ratio: 0.703
[2026-06-17 05:49:55,894][root][INFO] - Epoch [5/5], Batch [288/300], Loss: 1.1072 (Overall: 0.5868, Change: 1.5269), TF Ratio: 0.702
[2026-06-17 05:49:56,044][root][INFO] - Epoch [5/5], Batch [289/300], Loss: 1.1068 (Overall: 0.6052, Change: 1.3825), TF Ratio: 0.702
[2026-06-17 05:49:56,194][root][INFO] - Epoch [5/5], Batch [290/300], Loss: 1.1070 (Overall: 0.6588, Change: 1.6848), TF Ratio: 0.702
[2026-06-17 05:49:56,344][root][INFO] - Epoch [5/5], Batch [291/300], Loss: 1.1073 (Overall: 0.8424, Change: 1.4955), TF Ratio: 0.702
[2026-06-17 05:49:56,496][root][INFO] - Epoch [5/5], Batch [292/300], Loss: 1.1076 (Overall: 0.5783, Change: 1.8287), TF Ratio: 0.702
[2026-06-17 05:49:56,646][root][INFO] - Epoch [5/5], Batch [293/300], Loss: 1.1069 (Overall: 0.5774, Change: 1.2590), TF Ratio: 0.701
[2026-06-17 05:49:56,807][root][INFO] - Epoch [5/5], Batch [294/300], Loss: 1.1068 (Overall: 0.7722, Change: 1.3504), TF Ratio: 0.701
[2026-06-17 05:49:56,957][root][INFO] - Epoch [5/5], Batch [295/300], Loss: 1.1058 (Overall: 0.5879, Change: 1.0734), TF Ratio: 0.701
[2026-06-17 05:49:57,109][root][INFO] - Epoch [5/5], Batch [296/300], Loss: 1.1061 (Overall: 0.8447, Change: 1.5355), TF Ratio: 0.701
[2026-06-17 05:49:57,259][root][INFO] - Epoch [5/5], Batch [297/300], Loss: 1.1063 (Overall: 0.5768, Change: 1.7113), TF Ratio: 0.701
[2026-06-17 05:49:57,410][root][INFO] - Epoch [5/5], Batch [298/300], Loss: 1.1065 (Overall: 0.7082, Change: 1.6490), TF Ratio: 0.700
[2026-06-17 05:49:57,560][root][INFO] - Epoch [5/5], Batch [299/300], Loss: 1.1060 (Overall: 0.6244, Change: 1.3154), TF Ratio: 0.700
[2026-06-17 05:49:57,711][root][INFO] - Epoch [5/5], Batch [300/300], Loss: 1.1059 (Overall: 0.8543, Change: 1.2941), TF Ratio: 0.700
[2026-06-17 05:49:59,476][root][INFO] - Epoch 5 done. Validating...
[2026-06-17 05:50:02,571][root][INFO] - Epoch [5/5] | Train: 1.1059 | Val: 0.4931
[2026-06-17 05:50:02,758][root][INFO] - Checkpoint saved: /gpfs/scratch/bsc32/bsc096444/ai4land-tfm/trained_models/unet_impl/41825213/best_model.pth
[2026-06-17 05:50:02,990][root][INFO] - Checkpoint saved: /gpfs/scratch/bsc32/bsc096444/ai4land-tfm/trained_models/unet_impl/41825213/model_epoch_5.pth
[2026-06-17 05:50:03,332][root][INFO] - Training complete.
