[2026-06-16 07:27:59,113][root][INFO] - Recurrent UNet Model Successfully Configured and Initialized.
[2026-06-16 07:27:59,114][root][INFO] - Starting from scratch (no valid checkpoint provided).
[2026-06-16 07:28:04,840][root][INFO] - Train: 4480000 samples, Val: 640000 samples
[2026-06-16 07:28:06,265][root][INFO] - Starting training from epoch 1
[2026-06-16 07:28:30,883][root][INFO] - Epoch [1/5], Batch [1/300], Loss: 2.1774 (Overall: 2.0538, Change: 2.3010), TF Ratio: 1.000
[2026-06-16 07:28:31,039][root][INFO] - Epoch [1/5], Batch [2/300], Loss: 2.1745 (Overall: 2.1192, Change: 2.2238), TF Ratio: 1.000
[2026-06-16 07:28:31,194][root][INFO] - Epoch [1/5], Batch [3/300], Loss: 2.1720 (Overall: 2.0891, Change: 2.2448), TF Ratio: 0.999
[2026-06-16 07:28:31,815][root][INFO] - Epoch [1/5], Batch [4/300], Loss: 2.1858 (Overall: 2.2301, Change: 2.2249), TF Ratio: 0.999
[2026-06-16 07:28:31,971][root][INFO] - Epoch [1/5], Batch [5/300], Loss: 2.1303 (Overall: 1.8276, Change: 1.9889), TF Ratio: 0.999
[2026-06-16 07:28:32,125][root][INFO] - Epoch [1/5], Batch [6/300], Loss: 2.1020 (Overall: 1.9531, Change: 1.9682), TF Ratio: 0.999
[2026-06-16 07:28:32,278][root][INFO] - Epoch [1/5], Batch [7/300], Loss: 2.0590 (Overall: 1.8463, Change: 1.7558), TF Ratio: 0.999
[2026-06-16 07:28:32,436][root][INFO] - Epoch [1/5], Batch [8/300], Loss: 2.0593 (Overall: 1.8256, Change: 2.2960), TF Ratio: 0.998
[2026-06-16 07:28:32,591][root][INFO] - Epoch [1/5], Batch [9/300], Loss: 2.0356 (Overall: 1.7625, Change: 1.9300), TF Ratio: 0.998
[2026-06-16 07:28:32,745][root][INFO] - Epoch [1/5], Batch [10/300], Loss: 2.0034 (Overall: 1.6965, Change: 1.7315), TF Ratio: 0.998
[2026-06-16 07:28:32,899][root][INFO] - Epoch [1/5], Batch [11/300], Loss: 1.9816 (Overall: 1.6536, Change: 1.8737), TF Ratio: 0.998
[2026-06-16 07:28:33,055][root][INFO] - Epoch [1/5], Batch [12/300], Loss: 1.9777 (Overall: 2.0435, Change: 1.8247), TF Ratio: 0.998
[2026-06-16 07:28:33,210][root][INFO] - Epoch [1/5], Batch [13/300], Loss: 1.9724 (Overall: 1.7647, Change: 2.0533), TF Ratio: 0.997
[2026-06-16 07:28:33,365][root][INFO] - Epoch [1/5], Batch [14/300], Loss: 1.9637 (Overall: 1.8363, Change: 1.8646), TF Ratio: 0.997
[2026-06-16 07:28:33,519][root][INFO] - Epoch [1/5], Batch [15/300], Loss: 1.9503 (Overall: 1.6470, Change: 1.8782), TF Ratio: 0.997
[2026-06-16 07:28:33,675][root][INFO] - Epoch [1/5], Batch [16/300], Loss: 1.9441 (Overall: 1.8537, Change: 1.8497), TF Ratio: 0.997
[2026-06-16 07:28:33,836][root][INFO] - Epoch [1/5], Batch [17/300], Loss: 1.9326 (Overall: 1.7058, Change: 1.7905), TF Ratio: 0.997
[2026-06-16 07:28:33,991][root][INFO] - Epoch [1/5], Batch [18/300], Loss: 1.9192 (Overall: 1.7566, Change: 1.6274), TF Ratio: 0.996
[2026-06-16 07:28:34,145][root][INFO] - Epoch [1/5], Batch [19/300], Loss: 1.9228 (Overall: 1.8672, Change: 2.1061), TF Ratio: 0.996
[2026-06-16 07:28:45,512][root][INFO] - Epoch [1/5], Batch [20/300], Loss: 1.9004 (Overall: 1.3600, Change: 1.5900), TF Ratio: 0.996
[2026-06-16 07:28:45,673][root][INFO] - Epoch [1/5], Batch [21/300], Loss: 1.8798 (Overall: 1.3690, Change: 1.5682), TF Ratio: 0.996
[2026-06-16 07:28:45,829][root][INFO] - Epoch [1/5], Batch [22/300], Loss: 1.8692 (Overall: 1.4434, Change: 1.8480), TF Ratio: 0.996
[2026-06-16 07:28:45,983][root][INFO] - Epoch [1/5], Batch [23/300], Loss: 1.8579 (Overall: 1.3417, Change: 1.8765), TF Ratio: 0.995
[2026-06-16 07:28:46,598][root][INFO] - Epoch [1/5], Batch [24/300], Loss: 1.8498 (Overall: 1.3806, Change: 1.9458), TF Ratio: 0.995
[2026-06-16 07:28:46,753][root][INFO] - Epoch [1/5], Batch [25/300], Loss: 1.8371 (Overall: 1.4005, Change: 1.6674), TF Ratio: 0.995
[2026-06-16 07:28:46,907][root][INFO] - Epoch [1/5], Batch [26/300], Loss: 1.8182 (Overall: 1.2854, Change: 1.4053), TF Ratio: 0.995
[2026-06-16 07:28:47,061][root][INFO] - Epoch [1/5], Batch [27/300], Loss: 1.8020 (Overall: 1.3556, Change: 1.4033), TF Ratio: 0.995
[2026-06-16 07:28:47,218][root][INFO] - Epoch [1/5], Batch [28/300], Loss: 1.7939 (Overall: 1.4673, Change: 1.6864), TF Ratio: 0.994
[2026-06-16 07:28:47,373][root][INFO] - Epoch [1/5], Batch [29/300], Loss: 1.7840 (Overall: 1.1350, Change: 1.8794), TF Ratio: 0.994
[2026-06-16 07:28:47,526][root][INFO] - Epoch [1/5], Batch [30/300], Loss: 1.7681 (Overall: 1.2265, Change: 1.3825), TF Ratio: 0.994
[2026-06-16 07:28:47,683][root][INFO] - Epoch [1/5], Batch [31/300], Loss: 1.7627 (Overall: 1.4346, Change: 1.7693), TF Ratio: 0.994
[2026-06-16 07:28:47,839][root][INFO] - Epoch [1/5], Batch [32/300], Loss: 1.7548 (Overall: 1.2786, Change: 1.7384), TF Ratio: 0.994
[2026-06-16 07:28:47,994][root][INFO] - Epoch [1/5], Batch [33/300], Loss: 1.7413 (Overall: 1.2751, Change: 1.3489), TF Ratio: 0.993
[2026-06-16 07:28:48,147][root][INFO] - Epoch [1/5], Batch [34/300], Loss: 1.7371 (Overall: 1.3497, Change: 1.8462), TF Ratio: 0.993
[2026-06-16 07:28:48,302][root][INFO] - Epoch [1/5], Batch [35/300], Loss: 1.7301 (Overall: 1.2777, Change: 1.7035), TF Ratio: 0.993
[2026-06-16 07:28:48,458][root][INFO] - Epoch [1/5], Batch [36/300], Loss: 1.7298 (Overall: 1.5077, Change: 1.9307), TF Ratio: 0.993
[2026-06-16 07:28:48,613][root][INFO] - Epoch [1/5], Batch [37/300], Loss: 1.7268 (Overall: 1.2363, Change: 2.0021), TF Ratio: 0.993
[2026-06-16 07:28:48,768][root][INFO] - Epoch [1/5], Batch [38/300], Loss: 1.7240 (Overall: 1.5436, Change: 1.6965), TF Ratio: 0.992
[2026-06-16 07:28:48,924][root][INFO] - Epoch [1/5], Batch [39/300], Loss: 1.7331 (Overall: 1.5593, Change: 2.6022), TF Ratio: 0.992
[2026-06-16 07:29:02,461][root][INFO] - Epoch [1/5], Batch [40/300], Loss: 1.7303 (Overall: 1.6387, Change: 1.6046), TF Ratio: 0.992
[2026-06-16 07:29:02,625][root][INFO] - Epoch [1/5], Batch [41/300], Loss: 1.7191 (Overall: 1.1969, Change: 1.3428), TF Ratio: 0.992
[2026-06-16 07:29:02,780][root][INFO] - Epoch [1/5], Batch [42/300], Loss: 1.7122 (Overall: 1.2734, Change: 1.5875), TF Ratio: 0.992
[2026-06-16 07:29:02,936][root][INFO] - Epoch [1/5], Batch [43/300], Loss: 1.7055 (Overall: 1.2362, Change: 1.6125), TF Ratio: 0.991
[2026-06-16 07:29:03,236][root][INFO] - Epoch [1/5], Batch [44/300], Loss: 1.7031 (Overall: 1.2918, Change: 1.9076), TF Ratio: 0.991
[2026-06-16 07:29:03,392][root][INFO] - Epoch [1/5], Batch [45/300], Loss: 1.6988 (Overall: 1.2973, Change: 1.7174), TF Ratio: 0.991
[2026-06-16 07:29:03,545][root][INFO] - Epoch [1/5], Batch [46/300], Loss: 1.6982 (Overall: 1.4224, Change: 1.9240), TF Ratio: 0.991
[2026-06-16 07:29:03,701][root][INFO] - Epoch [1/5], Batch [47/300], Loss: 1.6914 (Overall: 1.1828, Change: 1.5751), TF Ratio: 0.991
[2026-06-16 07:29:04,032][root][INFO] - Epoch [1/5], Batch [48/300], Loss: 1.6829 (Overall: 1.1560, Change: 1.4102), TF Ratio: 0.990
[2026-06-16 07:29:04,187][root][INFO] - Epoch [1/5], Batch [49/300], Loss: 1.6845 (Overall: 1.3857, Change: 2.1389), TF Ratio: 0.990
[2026-06-16 07:29:04,350][root][INFO] - Epoch [1/5], Batch [50/300], Loss: 1.6753 (Overall: 1.1446, Change: 1.3044), TF Ratio: 0.990
[2026-06-16 07:29:04,505][root][INFO] - Epoch [1/5], Batch [51/300], Loss: 1.6681 (Overall: 1.2079, Change: 1.4072), TF Ratio: 0.990
[2026-06-16 07:29:04,660][root][INFO] - Epoch [1/5], Batch [52/300], Loss: 1.6627 (Overall: 1.0913, Change: 1.6763), TF Ratio: 0.990
[2026-06-16 07:29:04,816][root][INFO] - Epoch [1/5], Batch [53/300], Loss: 1.6617 (Overall: 1.3185, Change: 1.9072), TF Ratio: 0.989
[2026-06-16 07:29:04,971][root][INFO] - Epoch [1/5], Batch [54/300], Loss: 1.6592 (Overall: 1.2756, Change: 1.7706), TF Ratio: 0.989
[2026-06-16 07:29:05,125][root][INFO] - Epoch [1/5], Batch [55/300], Loss: 1.6562 (Overall: 1.2207, Change: 1.7684), TF Ratio: 0.989
[2026-06-16 07:29:05,280][root][INFO] - Epoch [1/5], Batch [56/300], Loss: 1.6559 (Overall: 1.3099, Change: 1.9784), TF Ratio: 0.989
[2026-06-16 07:29:05,435][root][INFO] - Epoch [1/5], Batch [57/300], Loss: 1.6477 (Overall: 1.1625, Change: 1.2078), TF Ratio: 0.989
[2026-06-16 07:29:05,589][root][INFO] - Epoch [1/5], Batch [58/300], Loss: 1.6435 (Overall: 1.4084, Change: 1.4027), TF Ratio: 0.988
[2026-06-16 07:29:05,744][root][INFO] - Epoch [1/5], Batch [59/300], Loss: 1.6400 (Overall: 1.1476, Change: 1.7197), TF Ratio: 0.988
[2026-06-16 07:29:21,283][root][INFO] - Epoch [1/5], Batch [60/300], Loss: 1.6352 (Overall: 1.0879, Change: 1.6268), TF Ratio: 0.988
[2026-06-16 07:29:21,446][root][INFO] - Epoch [1/5], Batch [61/300], Loss: 1.6326 (Overall: 1.2855, Change: 1.6585), TF Ratio: 0.988
[2026-06-16 07:29:21,601][root][INFO] - Epoch [1/5], Batch [62/300], Loss: 1.6322 (Overall: 1.4127, Change: 1.8021), TF Ratio: 0.988
[2026-06-16 07:29:21,756][root][INFO] - Epoch [1/5], Batch [63/300], Loss: 1.6262 (Overall: 1.0888, Change: 1.4299), TF Ratio: 0.987
[2026-06-16 07:29:22,653][root][INFO] - Epoch [1/5], Batch [64/300], Loss: 1.6206 (Overall: 1.1216, Change: 1.4049), TF Ratio: 0.987
[2026-06-16 07:29:22,808][root][INFO] - Epoch [1/5], Batch [65/300], Loss: 1.6166 (Overall: 1.1300, Change: 1.5913), TF Ratio: 0.987
[2026-06-16 07:29:22,961][root][INFO] - Epoch [1/5], Batch [66/300], Loss: 1.6128 (Overall: 1.1135, Change: 1.6176), TF Ratio: 0.987
[2026-06-16 07:29:23,116][root][INFO] - Epoch [1/5], Batch [67/300], Loss: 1.6111 (Overall: 1.3313, Change: 1.6682), TF Ratio: 0.987
[2026-06-16 07:29:23,271][root][INFO] - Epoch [1/5], Batch [68/300], Loss: 1.6091 (Overall: 1.3280, Change: 1.6308), TF Ratio: 0.986
[2026-06-16 07:29:23,426][root][INFO] - Epoch [1/5], Batch [69/300], Loss: 1.6172 (Overall: 1.4143, Change: 2.9159), TF Ratio: 0.986
[2026-06-16 07:29:23,580][root][INFO] - Epoch [1/5], Batch [70/300], Loss: 1.6142 (Overall: 0.9695, Change: 1.8421), TF Ratio: 0.986
[2026-06-16 07:29:23,734][root][INFO] - Epoch [1/5], Batch [71/300], Loss: 1.6114 (Overall: 1.0958, Change: 1.7308), TF Ratio: 0.986
[2026-06-16 07:29:23,891][root][INFO] - Epoch [1/5], Batch [72/300], Loss: 1.6091 (Overall: 1.0503, Change: 1.8436), TF Ratio: 0.986
[2026-06-16 07:29:24,046][root][INFO] - Epoch [1/5], Batch [73/300], Loss: 1.6054 (Overall: 1.0784, Change: 1.6041), TF Ratio: 0.985
[2026-06-16 07:29:24,199][root][INFO] - Epoch [1/5], Batch [74/300], Loss: 1.6010 (Overall: 1.0407, Change: 1.5120), TF Ratio: 0.985
[2026-06-16 07:29:24,353][root][INFO] - Epoch [1/5], Batch [75/300], Loss: 1.5987 (Overall: 1.1924, Change: 1.6731), TF Ratio: 0.985
[2026-06-16 07:29:24,511][root][INFO] - Epoch [1/5], Batch [76/300], Loss: 1.5947 (Overall: 1.2005, Change: 1.3929), TF Ratio: 0.985
[2026-06-16 07:29:24,665][root][INFO] - Epoch [1/5], Batch [77/300], Loss: 1.5954 (Overall: 1.1945, Change: 2.1023), TF Ratio: 0.985
[2026-06-16 07:29:24,819][root][INFO] - Epoch [1/5], Batch [78/300], Loss: 1.5998 (Overall: 1.6647, Change: 2.2129), TF Ratio: 0.984
[2026-06-16 07:29:24,973][root][INFO] - Epoch [1/5], Batch [79/300], Loss: 1.5967 (Overall: 1.1631, Change: 1.5346), TF Ratio: 0.984
[2026-06-16 07:29:38,002][root][INFO] - Epoch [1/5], Batch [80/300], Loss: 1.5948 (Overall: 1.2000, Change: 1.6936), TF Ratio: 0.984
[2026-06-16 07:29:38,165][root][INFO] - Epoch [1/5], Batch [81/300], Loss: 1.5925 (Overall: 1.2267, Change: 1.5844), TF Ratio: 0.984
[2026-06-16 07:29:38,320][root][INFO] - Epoch [1/5], Batch [82/300], Loss: 1.5902 (Overall: 1.0586, Change: 1.7601), TF Ratio: 0.984
[2026-06-16 07:29:38,474][root][INFO] - Epoch [1/5], Batch [83/300], Loss: 1.5878 (Overall: 1.2808, Change: 1.5046), TF Ratio: 0.983
[2026-06-16 07:29:38,639][root][INFO] - Epoch [1/5], Batch [84/300], Loss: 1.5873 (Overall: 1.2595, Change: 1.8226), TF Ratio: 0.983
[2026-06-16 07:29:38,794][root][INFO] - Epoch [1/5], Batch [85/300], Loss: 1.5855 (Overall: 1.0175, Change: 1.8519), TF Ratio: 0.983
[2026-06-16 07:29:38,948][root][INFO] - Epoch [1/5], Batch [86/300], Loss: 1.5848 (Overall: 1.1445, Change: 1.9101), TF Ratio: 0.983
[2026-06-16 07:29:39,103][root][INFO] - Epoch [1/5], Batch [87/300], Loss: 1.5807 (Overall: 1.0878, Change: 1.3729), TF Ratio: 0.983
[2026-06-16 07:29:39,467][root][INFO] - Epoch [1/5], Batch [88/300], Loss: 1.5796 (Overall: 1.3808, Change: 1.5775), TF Ratio: 0.982
[2026-06-16 07:29:39,623][root][INFO] - Epoch [1/5], Batch [89/300], Loss: 1.5773 (Overall: 1.1633, Change: 1.5958), TF Ratio: 0.982
[2026-06-16 07:29:39,778][root][INFO] - Epoch [1/5], Batch [90/300], Loss: 1.5756 (Overall: 1.2459, Change: 1.6008), TF Ratio: 0.982
[2026-06-16 07:29:39,934][root][INFO] - Epoch [1/5], Batch [91/300], Loss: 1.5702 (Overall: 0.9998, Change: 1.1624), TF Ratio: 0.982
[2026-06-16 07:29:40,095][root][INFO] - Epoch [1/5], Batch [92/300], Loss: 1.5679 (Overall: 1.1133, Change: 1.5994), TF Ratio: 0.982
[2026-06-16 07:29:40,251][root][INFO] - Epoch [1/5], Batch [93/300], Loss: 1.5698 (Overall: 1.6999, Change: 1.7878), TF Ratio: 0.981
[2026-06-16 07:29:40,404][root][INFO] - Epoch [1/5], Batch [94/300], Loss: 1.5676 (Overall: 1.1371, Change: 1.5927), TF Ratio: 0.981
[2026-06-16 07:29:40,558][root][INFO] - Epoch [1/5], Batch [95/300], Loss: 1.5669 (Overall: 1.1114, Change: 1.9020), TF Ratio: 0.981
[2026-06-16 07:29:40,714][root][INFO] - Epoch [1/5], Batch [96/300], Loss: 1.5632 (Overall: 1.0681, Change: 1.3553), TF Ratio: 0.981
[2026-06-16 07:29:40,870][root][INFO] - Epoch [1/5], Batch [97/300], Loss: 1.5606 (Overall: 0.9379, Change: 1.6728), TF Ratio: 0.981
[2026-06-16 07:29:41,023][root][INFO] - Epoch [1/5], Batch [98/300], Loss: 1.5573 (Overall: 0.9244, Change: 1.5613), TF Ratio: 0.980
[2026-06-16 07:29:41,178][root][INFO] - Epoch [1/5], Batch [99/300], Loss: 1.5560 (Overall: 1.0264, Change: 1.8271), TF Ratio: 0.980
[2026-06-16 07:29:55,474][root][INFO] - Epoch [1/5], Batch [100/300], Loss: 1.5538 (Overall: 1.2264, Change: 1.4488), TF Ratio: 0.980
[2026-06-16 07:29:55,639][root][INFO] - Epoch [1/5], Batch [101/300], Loss: 1.5559 (Overall: 1.7066, Change: 1.8186), TF Ratio: 0.980
[2026-06-16 07:29:55,793][root][INFO] - Epoch [1/5], Batch [102/300], Loss: 1.5565 (Overall: 1.4311, Change: 1.7955), TF Ratio: 0.980
[2026-06-16 07:29:55,947][root][INFO] - Epoch [1/5], Batch [103/300], Loss: 1.5553 (Overall: 1.1576, Change: 1.7076), TF Ratio: 0.979
[2026-06-16 07:29:56,102][root][INFO] - Epoch [1/5], Batch [104/300], Loss: 1.5549 (Overall: 1.1207, Change: 1.9083), TF Ratio: 0.979
[2026-06-16 07:29:56,259][root][INFO] - Epoch [1/5], Batch [105/300], Loss: 1.5558 (Overall: 1.4818, Change: 1.8304), TF Ratio: 0.979
[2026-06-16 07:29:56,412][root][INFO] - Epoch [1/5], Batch [106/300], Loss: 1.5526 (Overall: 0.8782, Change: 1.5493), TF Ratio: 0.979
[2026-06-16 07:29:56,566][root][INFO] - Epoch [1/5], Batch [107/300], Loss: 1.5519 (Overall: 1.1168, Change: 1.8402), TF Ratio: 0.979
[2026-06-16 07:29:57,153][root][INFO] - Epoch [1/5], Batch [108/300], Loss: 1.5477 (Overall: 1.0896, Change: 1.0951), TF Ratio: 0.978
[2026-06-16 07:29:57,310][root][INFO] - Epoch [1/5], Batch [109/300], Loss: 1.5468 (Overall: 1.1992, Change: 1.7007), TF Ratio: 0.978
[2026-06-16 07:29:57,464][root][INFO] - Epoch [1/5], Batch [110/300], Loss: 1.5453 (Overall: 1.1367, Change: 1.6269), TF Ratio: 0.978
[2026-06-16 07:29:57,618][root][INFO] - Epoch [1/5], Batch [111/300], Loss: 1.5444 (Overall: 1.2026, Change: 1.6962), TF Ratio: 0.978
[2026-06-16 07:29:57,775][root][INFO] - Epoch [1/5], Batch [112/300], Loss: 1.5438 (Overall: 1.3338, Change: 1.6168), TF Ratio: 0.978
[2026-06-16 07:29:57,931][root][INFO] - Epoch [1/5], Batch [113/300], Loss: 1.5410 (Overall: 0.9890, Change: 1.4612), TF Ratio: 0.977
[2026-06-16 07:29:58,084][root][INFO] - Epoch [1/5], Batch [114/300], Loss: 1.5391 (Overall: 0.9851, Change: 1.6781), TF Ratio: 0.977
[2026-06-16 07:29:58,237][root][INFO] - Epoch [1/5], Batch [115/300], Loss: 1.5374 (Overall: 0.9375, Change: 1.7380), TF Ratio: 0.977
[2026-06-16 07:29:58,393][root][INFO] - Epoch [1/5], Batch [116/300], Loss: 1.5335 (Overall: 0.9448, Change: 1.2306), TF Ratio: 0.977
[2026-06-16 07:29:58,549][root][INFO] - Epoch [1/5], Batch [117/300], Loss: 1.5306 (Overall: 0.9885, Change: 1.4098), TF Ratio: 0.977
[2026-06-16 07:29:58,704][root][INFO] - Epoch [1/5], Batch [118/300], Loss: 1.5297 (Overall: 1.1216, Change: 1.7228), TF Ratio: 0.976
[2026-06-16 07:29:58,859][root][INFO] - Epoch [1/5], Batch [119/300], Loss: 1.5275 (Overall: 1.0367, Change: 1.4976), TF Ratio: 0.976
[2026-06-16 07:30:12,786][root][INFO] - Epoch [1/5], Batch [120/300], Loss: 1.5269 (Overall: 1.0523, Change: 1.8540), TF Ratio: 0.976
[2026-06-16 07:30:12,941][root][INFO] - Epoch [1/5], Batch [121/300], Loss: 1.5259 (Overall: 1.2449, Change: 1.5791), TF Ratio: 0.976
[2026-06-16 07:30:13,096][root][INFO] - Epoch [1/5], Batch [122/300], Loss: 1.5243 (Overall: 1.1712, Change: 1.4748), TF Ratio: 0.976
[2026-06-16 07:30:13,251][root][INFO] - Epoch [1/5], Batch [123/300], Loss: 1.5235 (Overall: 1.0019, Change: 1.8445), TF Ratio: 0.975
[2026-06-16 07:30:13,414][root][INFO] - Epoch [1/5], Batch [124/300], Loss: 1.5214 (Overall: 1.0599, Change: 1.4687), TF Ratio: 0.975
[2026-06-16 07:30:13,570][root][INFO] - Epoch [1/5], Batch [125/300], Loss: 1.5211 (Overall: 1.2615, Change: 1.7185), TF Ratio: 0.975
[2026-06-16 07:30:13,726][root][INFO] - Epoch [1/5], Batch [126/300], Loss: 1.5190 (Overall: 0.9193, Change: 1.5825), TF Ratio: 0.975
[2026-06-16 07:30:13,881][root][INFO] - Epoch [1/5], Batch [127/300], Loss: 1.5156 (Overall: 0.9918, Change: 1.1911), TF Ratio: 0.975
[2026-06-16 07:30:15,409][root][INFO] - Epoch [1/5], Batch [128/300], Loss: 1.5133 (Overall: 1.0173, Change: 1.4171), TF Ratio: 0.974
[2026-06-16 07:30:15,565][root][INFO] - Epoch [1/5], Batch [129/300], Loss: 1.5110 (Overall: 1.0113, Change: 1.4368), TF Ratio: 0.974
[2026-06-16 07:30:15,718][root][INFO] - Epoch [1/5], Batch [130/300], Loss: 1.5092 (Overall: 1.1595, Change: 1.3944), TF Ratio: 0.974
[2026-06-16 07:30:15,873][root][INFO] - Epoch [1/5], Batch [131/300], Loss: 1.5063 (Overall: 0.8395, Change: 1.4004), TF Ratio: 0.974
[2026-06-16 07:30:16,029][root][INFO] - Epoch [1/5], Batch [132/300], Loss: 1.5039 (Overall: 0.9599, Change: 1.4171), TF Ratio: 0.974
[2026-06-16 07:30:16,185][root][INFO] - Epoch [1/5], Batch [133/300], Loss: 1.5034 (Overall: 1.1053, Change: 1.7904), TF Ratio: 0.973
[2026-06-16 07:30:16,339][root][INFO] - Epoch [1/5], Batch [134/300], Loss: 1.5044 (Overall: 1.3055, Change: 1.9530), TF Ratio: 0.973
[2026-06-16 07:30:16,493][root][INFO] - Epoch [1/5], Batch [135/300], Loss: 1.5027 (Overall: 0.9196, Change: 1.6337), TF Ratio: 0.973
[2026-06-16 07:30:16,653][root][INFO] - Epoch [1/5], Batch [136/300], Loss: 1.4995 (Overall: 0.8829, Change: 1.2624), TF Ratio: 0.973
[2026-06-16 07:30:16,808][root][INFO] - Epoch [1/5], Batch [137/300], Loss: 1.4984 (Overall: 1.0948, Change: 1.5963), TF Ratio: 0.973
[2026-06-16 07:30:16,962][root][INFO] - Epoch [1/5], Batch [138/300], Loss: 1.4949 (Overall: 0.9835, Change: 1.0455), TF Ratio: 0.972
[2026-06-16 07:30:17,117][root][INFO] - Epoch [1/5], Batch [139/300], Loss: 1.4917 (Overall: 1.0320, Change: 1.0573), TF Ratio: 0.972
[2026-06-16 07:30:31,209][root][INFO] - Epoch [1/5], Batch [140/300], Loss: 1.4898 (Overall: 0.8320, Change: 1.6340), TF Ratio: 0.972
[2026-06-16 07:30:31,367][root][INFO] - Epoch [1/5], Batch [141/300], Loss: 1.4896 (Overall: 1.3016, Change: 1.6087), TF Ratio: 0.972
[2026-06-16 07:30:31,522][root][INFO] - Epoch [1/5], Batch [142/300], Loss: 1.4887 (Overall: 1.0901, Change: 1.6442), TF Ratio: 0.972
[2026-06-16 07:30:31,675][root][INFO] - Epoch [1/5], Batch [143/300], Loss: 1.4867 (Overall: 0.9477, Change: 1.4462), TF Ratio: 0.971
[2026-06-16 07:30:31,846][root][INFO] - Epoch [1/5], Batch [144/300], Loss: 1.4846 (Overall: 0.8983, Change: 1.4699), TF Ratio: 0.971
[2026-06-16 07:30:32,002][root][INFO] - Epoch [1/5], Batch [145/300], Loss: 1.4809 (Overall: 0.9436, Change: 0.9748), TF Ratio: 0.971
[2026-06-16 07:30:32,156][root][INFO] - Epoch [1/5], Batch [146/300], Loss: 1.4790 (Overall: 0.9804, Change: 1.4285), TF Ratio: 0.971
[2026-06-16 07:30:32,312][root][INFO] - Epoch [1/5], Batch [147/300], Loss: 1.4772 (Overall: 0.8581, Change: 1.5555), TF Ratio: 0.971
[2026-06-16 07:30:32,467][root][INFO] - Epoch [1/5], Batch [148/300], Loss: 1.4763 (Overall: 1.1604, Change: 1.5161), TF Ratio: 0.970
[2026-06-16 07:30:32,622][root][INFO] - Epoch [1/5], Batch [149/300], Loss: 1.4751 (Overall: 0.9870, Change: 1.6283), TF Ratio: 0.970
[2026-06-16 07:30:32,777][root][INFO] - Epoch [1/5], Batch [150/300], Loss: 1.4733 (Overall: 0.9225, Change: 1.4891), TF Ratio: 0.970
[2026-06-16 07:30:32,932][root][INFO] - Epoch [1/5], Batch [151/300], Loss: 1.4715 (Overall: 0.9383, Change: 1.4565), TF Ratio: 0.970
[2026-06-16 07:30:33,088][root][INFO] - Epoch [1/5], Batch [152/300], Loss: 1.4704 (Overall: 1.1533, Change: 1.4645), TF Ratio: 0.970
[2026-06-16 07:30:33,244][root][INFO] - Epoch [1/5], Batch [153/300], Loss: 1.4695 (Overall: 1.1387, Change: 1.5186), TF Ratio: 0.969
[2026-06-16 07:30:33,399][root][INFO] - Epoch [1/5], Batch [154/300], Loss: 1.4683 (Overall: 0.9926, Change: 1.5655), TF Ratio: 0.969
[2026-06-16 07:30:33,553][root][INFO] - Epoch [1/5], Batch [155/300], Loss: 1.4695 (Overall: 1.5872, Change: 1.7375), TF Ratio: 0.969
[2026-06-16 07:30:33,709][root][INFO] - Epoch [1/5], Batch [156/300], Loss: 1.4679 (Overall: 1.0152, Change: 1.4307), TF Ratio: 0.969
[2026-06-16 07:30:33,865][root][INFO] - Epoch [1/5], Batch [157/300], Loss: 1.4665 (Overall: 1.0548, Change: 1.4164), TF Ratio: 0.969
[2026-06-16 07:30:34,019][root][INFO] - Epoch [1/5], Batch [158/300], Loss: 1.4640 (Overall: 0.8740, Change: 1.2731), TF Ratio: 0.968
[2026-06-16 07:30:34,173][root][INFO] - Epoch [1/5], Batch [159/300], Loss: 1.4634 (Overall: 0.9645, Change: 1.7881), TF Ratio: 0.968
[2026-06-16 07:30:47,601][root][INFO] - Epoch [1/5], Batch [160/300], Loss: 1.4629 (Overall: 1.1261, Change: 1.6231), TF Ratio: 0.968
[2026-06-16 07:30:47,762][root][INFO] - Epoch [1/5], Batch [161/300], Loss: 1.4608 (Overall: 1.0044, Change: 1.2584), TF Ratio: 0.968
[2026-06-16 07:30:47,919][root][INFO] - Epoch [1/5], Batch [162/300], Loss: 1.4595 (Overall: 1.0093, Change: 1.4859), TF Ratio: 0.968
[2026-06-16 07:30:48,073][root][INFO] - Epoch [1/5], Batch [163/300], Loss: 1.4606 (Overall: 1.2293, Change: 2.0519), TF Ratio: 0.967
[2026-06-16 07:30:48,228][root][INFO] - Epoch [1/5], Batch [164/300], Loss: 1.4602 (Overall: 1.1165, Change: 1.6682), TF Ratio: 0.967
[2026-06-16 07:30:48,384][root][INFO] - Epoch [1/5], Batch [165/300], Loss: 1.4587 (Overall: 0.9586, Change: 1.4740), TF Ratio: 0.967
[2026-06-16 07:30:48,539][root][INFO] - Epoch [1/5], Batch [166/300], Loss: 1.4556 (Overall: 0.9296, Change: 0.9698), TF Ratio: 0.967
[2026-06-16 07:30:48,694][root][INFO] - Epoch [1/5], Batch [167/300], Loss: 1.4524 (Overall: 0.9452, Change: 0.9012), TF Ratio: 0.967
[2026-06-16 07:30:48,849][root][INFO] - Epoch [1/5], Batch [168/300], Loss: 1.4512 (Overall: 0.8665, Change: 1.6144), TF Ratio: 0.966
[2026-06-16 07:30:49,005][root][INFO] - Epoch [1/5], Batch [169/300], Loss: 1.4507 (Overall: 1.0558, Change: 1.6792), TF Ratio: 0.966
[2026-06-16 07:30:49,160][root][INFO] - Epoch [1/5], Batch [170/300], Loss: 1.4485 (Overall: 1.0297, Change: 1.1158), TF Ratio: 0.966
[2026-06-16 07:30:49,313][root][INFO] - Epoch [1/5], Batch [171/300], Loss: 1.4472 (Overall: 0.8805, Change: 1.5667), TF Ratio: 0.966
[2026-06-16 07:30:49,469][root][INFO] - Epoch [1/5], Batch [172/300], Loss: 1.4460 (Overall: 0.9521, Change: 1.5445), TF Ratio: 0.966
[2026-06-16 07:30:49,625][root][INFO] - Epoch [1/5], Batch [173/300], Loss: 1.4481 (Overall: 1.7095, Change: 1.9064), TF Ratio: 0.965
[2026-06-16 07:30:49,779][root][INFO] - Epoch [1/5], Batch [174/300], Loss: 1.4478 (Overall: 1.0302, Change: 1.7628), TF Ratio: 0.965
[2026-06-16 07:30:49,935][root][INFO] - Epoch [1/5], Batch [175/300], Loss: 1.4468 (Overall: 1.1984, Change: 1.3326), TF Ratio: 0.965
[2026-06-16 07:30:50,339][root][INFO] - Epoch [1/5], Batch [176/300], Loss: 1.4445 (Overall: 0.8632, Change: 1.2282), TF Ratio: 0.965
[2026-06-16 07:30:50,494][root][INFO] - Epoch [1/5], Batch [177/300], Loss: 1.4438 (Overall: 1.1317, Change: 1.5239), TF Ratio: 0.965
[2026-06-16 07:30:50,649][root][INFO] - Epoch [1/5], Batch [178/300], Loss: 1.4407 (Overall: 0.9477, Change: 0.8367), TF Ratio: 0.964
[2026-06-16 07:30:50,804][root][INFO] - Epoch [1/5], Batch [179/300], Loss: 1.4395 (Overall: 0.8153, Change: 1.6366), TF Ratio: 0.964
[2026-06-16 07:31:04,435][root][INFO] - Epoch [1/5], Batch [180/300], Loss: 1.4390 (Overall: 1.0468, Change: 1.6499), TF Ratio: 0.964
[2026-06-16 07:31:04,590][root][INFO] - Epoch [1/5], Batch [181/300], Loss: 1.4377 (Overall: 0.9716, Change: 1.4269), TF Ratio: 0.964
[2026-06-16 07:31:04,746][root][INFO] - Epoch [1/5], Batch [182/300], Loss: 1.4369 (Overall: 0.8066, Change: 1.7744), TF Ratio: 0.964
[2026-06-16 07:31:04,901][root][INFO] - Epoch [1/5], Batch [183/300], Loss: 1.4355 (Overall: 0.8155, Change: 1.5424), TF Ratio: 0.963
[2026-06-16 07:31:05,061][root][INFO] - Epoch [1/5], Batch [184/300], Loss: 1.4349 (Overall: 0.8620, Change: 1.8140), TF Ratio: 0.963
[2026-06-16 07:31:05,219][root][INFO] - Epoch [1/5], Batch [185/300], Loss: 1.4341 (Overall: 0.9196, Change: 1.6582), TF Ratio: 0.963
[2026-06-16 07:31:05,375][root][INFO] - Epoch [1/5], Batch [186/300], Loss: 1.4330 (Overall: 0.9626, Change: 1.4715), TF Ratio: 0.963
[2026-06-16 07:31:05,529][root][INFO] - Epoch [1/5], Batch [187/300], Loss: 1.4329 (Overall: 1.2275, Change: 1.6046), TF Ratio: 0.963
[2026-06-16 07:31:06,042][root][INFO] - Epoch [1/5], Batch [188/300], Loss: 1.4321 (Overall: 0.8078, Change: 1.7715), TF Ratio: 0.962
[2026-06-16 07:31:06,199][root][INFO] - Epoch [1/5], Batch [189/300], Loss: 1.4314 (Overall: 1.0733, Change: 1.5260), TF Ratio: 0.962
[2026-06-16 07:31:06,352][root][INFO] - Epoch [1/5], Batch [190/300], Loss: 1.4305 (Overall: 0.8929, Change: 1.6120), TF Ratio: 0.962
[2026-06-16 07:31:06,505][root][INFO] - Epoch [1/5], Batch [191/300], Loss: 1.4283 (Overall: 0.9041, Change: 1.1211), TF Ratio: 0.962
[2026-06-16 07:31:06,663][root][INFO] - Epoch [1/5], Batch [192/300], Loss: 1.4276 (Overall: 1.0565, Change: 1.5140), TF Ratio: 0.962
[2026-06-16 07:31:06,820][root][INFO] - Epoch [1/5], Batch [193/300], Loss: 1.4265 (Overall: 0.8275, Change: 1.6031), TF Ratio: 0.961
[2026-06-16 07:31:06,974][root][INFO] - Epoch [1/5], Batch [194/300], Loss: 1.4267 (Overall: 1.0234, Change: 1.9219), TF Ratio: 0.961
[2026-06-16 07:31:07,128][root][INFO] - Epoch [1/5], Batch [195/300], Loss: 1.4246 (Overall: 0.7458, Change: 1.2900), TF Ratio: 0.961
[2026-06-16 07:31:07,284][root][INFO] - Epoch [1/5], Batch [196/300], Loss: 1.4238 (Overall: 1.0734, Change: 1.4524), TF Ratio: 0.961
[2026-06-16 07:31:07,439][root][INFO] - Epoch [1/5], Batch [197/300], Loss: 1.4242 (Overall: 0.9290, Change: 2.1022), TF Ratio: 0.961
[2026-06-16 07:31:07,593][root][INFO] - Epoch [1/5], Batch [198/300], Loss: 1.4242 (Overall: 1.1083, Change: 1.7212), TF Ratio: 0.960
[2026-06-16 07:31:07,746][root][INFO] - Epoch [1/5], Batch [199/300], Loss: 1.4238 (Overall: 1.0672, Change: 1.6232), TF Ratio: 0.960
[2026-06-16 07:31:22,006][root][INFO] - Epoch [1/5], Batch [200/300], Loss: 1.4246 (Overall: 1.3467, Change: 1.8093), TF Ratio: 0.960
[2026-06-16 07:31:22,162][root][INFO] - Epoch [1/5], Batch [201/300], Loss: 1.4242 (Overall: 1.1183, Change: 1.5972), TF Ratio: 0.960
[2026-06-16 07:31:22,317][root][INFO] - Epoch [1/5], Batch [202/300], Loss: 1.4230 (Overall: 0.9276, Change: 1.4222), TF Ratio: 0.960
[2026-06-16 07:31:22,470][root][INFO] - Epoch [1/5], Batch [203/300], Loss: 1.4213 (Overall: 0.7697, Change: 1.3811), TF Ratio: 0.959
[2026-06-16 07:31:22,638][root][INFO] - Epoch [1/5], Batch [204/300], Loss: 1.4196 (Overall: 1.0907, Change: 1.0733), TF Ratio: 0.959
[2026-06-16 07:31:22,794][root][INFO] - Epoch [1/5], Batch [205/300], Loss: 1.4193 (Overall: 0.9509, Change: 1.7434), TF Ratio: 0.959
[2026-06-16 07:31:22,952][root][INFO] - Epoch [1/5], Batch [206/300], Loss: 1.4187 (Overall: 0.9197, Change: 1.7008), TF Ratio: 0.959
[2026-06-16 07:31:23,106][root][INFO] - Epoch [1/5], Batch [207/300], Loss: 1.4165 (Overall: 0.7845, Change: 1.1177), TF Ratio: 0.959
[2026-06-16 07:31:23,264][root][INFO] - Epoch [1/5], Batch [208/300], Loss: 1.4168 (Overall: 1.2563, Change: 1.7055), TF Ratio: 0.958
[2026-06-16 07:31:23,421][root][INFO] - Epoch [1/5], Batch [209/300], Loss: 1.4154 (Overall: 0.8298, Change: 1.4216), TF Ratio: 0.958
[2026-06-16 07:31:23,576][root][INFO] - Epoch [1/5], Batch [210/300], Loss: 1.4163 (Overall: 1.2556, Change: 1.9517), TF Ratio: 0.958
[2026-06-16 07:31:23,731][root][INFO] - Epoch [1/5], Batch [211/300], Loss: 1.4152 (Overall: 1.0548, Change: 1.3118), TF Ratio: 0.958
[2026-06-16 07:31:23,898][root][INFO] - Epoch [1/5], Batch [212/300], Loss: 1.4143 (Overall: 0.8995, Change: 1.5517), TF Ratio: 0.958
[2026-06-16 07:31:24,054][root][INFO] - Epoch [1/5], Batch [213/300], Loss: 1.4124 (Overall: 0.7515, Change: 1.2625), TF Ratio: 0.957
[2026-06-16 07:31:24,209][root][INFO] - Epoch [1/5], Batch [214/300], Loss: 1.4112 (Overall: 0.7506, Change: 1.5711), TF Ratio: 0.957
[2026-06-16 07:31:24,363][root][INFO] - Epoch [1/5], Batch [215/300], Loss: 1.4105 (Overall: 0.9167, Change: 1.6149), TF Ratio: 0.957
[2026-06-16 07:31:24,529][root][INFO] - Epoch [1/5], Batch [216/300], Loss: 1.4084 (Overall: 0.7600, Change: 1.1220), TF Ratio: 0.957
[2026-06-16 07:31:24,684][root][INFO] - Epoch [1/5], Batch [217/300], Loss: 1.4078 (Overall: 1.0863, Change: 1.4829), TF Ratio: 0.957
[2026-06-16 07:31:24,839][root][INFO] - Epoch [1/5], Batch [218/300], Loss: 1.4068 (Overall: 0.8458, Change: 1.5537), TF Ratio: 0.956
[2026-06-16 07:31:24,994][root][INFO] - Epoch [1/5], Batch [219/300], Loss: 1.4055 (Overall: 1.0036, Change: 1.2148), TF Ratio: 0.956
[2026-06-16 07:31:38,657][root][INFO] - Epoch [1/5], Batch [220/300], Loss: 1.4047 (Overall: 0.8836, Change: 1.5880), TF Ratio: 0.956
[2026-06-16 07:31:38,814][root][INFO] - Epoch [1/5], Batch [221/300], Loss: 1.4032 (Overall: 0.8000, Change: 1.3339), TF Ratio: 0.956
[2026-06-16 07:31:38,968][root][INFO] - Epoch [1/5], Batch [222/300], Loss: 1.4024 (Overall: 0.9893, Change: 1.4957), TF Ratio: 0.956
[2026-06-16 07:31:39,122][root][INFO] - Epoch [1/5], Batch [223/300], Loss: 1.4022 (Overall: 1.0692, Change: 1.6174), TF Ratio: 0.955
[2026-06-16 07:31:39,293][root][INFO] - Epoch [1/5], Batch [224/300], Loss: 1.4025 (Overall: 1.2325, Change: 1.7077), TF Ratio: 0.955
[2026-06-16 07:31:39,449][root][INFO] - Epoch [1/5], Batch [225/300], Loss: 1.4032 (Overall: 1.2713, Change: 1.8337), TF Ratio: 0.955
[2026-06-16 07:31:39,605][root][INFO] - Epoch [1/5], Batch [226/300], Loss: 1.4016 (Overall: 0.8092, Change: 1.2947), TF Ratio: 0.955
[2026-06-16 07:31:39,760][root][INFO] - Epoch [1/5], Batch [227/300], Loss: 1.4000 (Overall: 0.7742, Change: 1.3190), TF Ratio: 0.955
[2026-06-16 07:31:41,431][root][INFO] - Epoch [1/5], Batch [228/300], Loss: 1.3994 (Overall: 0.9195, Change: 1.6042), TF Ratio: 0.954
[2026-06-16 07:31:41,587][root][INFO] - Epoch [1/5], Batch [229/300], Loss: 1.3976 (Overall: 0.9667, Change: 1.0078), TF Ratio: 0.954
[2026-06-16 07:31:41,740][root][INFO] - Epoch [1/5], Batch [230/300], Loss: 1.3972 (Overall: 1.1083, Change: 1.4851), TF Ratio: 0.954
[2026-06-16 07:31:41,896][root][INFO] - Epoch [1/5], Batch [231/300], Loss: 1.3963 (Overall: 0.9294, Change: 1.4664), TF Ratio: 0.954
[2026-06-16 07:31:42,053][root][INFO] - Epoch [1/5], Batch [232/300], Loss: 1.3955 (Overall: 1.0223, Change: 1.4052), TF Ratio: 0.954
[2026-06-16 07:31:42,209][root][INFO] - Epoch [1/5], Batch [233/300], Loss: 1.3937 (Overall: 0.8138, Change: 1.1130), TF Ratio: 0.953
[2026-06-16 07:31:42,364][root][INFO] - Epoch [1/5], Batch [234/300], Loss: 1.3928 (Overall: 0.8989, Change: 1.4516), TF Ratio: 0.953
[2026-06-16 07:31:42,520][root][INFO] - Epoch [1/5], Batch [235/300], Loss: 1.3916 (Overall: 0.9228, Change: 1.3164), TF Ratio: 0.953
[2026-06-16 07:31:42,698][root][INFO] - Epoch [1/5], Batch [236/300], Loss: 1.3913 (Overall: 0.7484, Change: 1.8992), TF Ratio: 0.953
[2026-06-16 07:31:42,855][root][INFO] - Epoch [1/5], Batch [237/300], Loss: 1.3904 (Overall: 0.8414, Change: 1.5279), TF Ratio: 0.953
[2026-06-16 07:31:43,010][root][INFO] - Epoch [1/5], Batch [238/300], Loss: 1.3903 (Overall: 1.1456, Change: 1.5686), TF Ratio: 0.952
[2026-06-16 07:31:43,165][root][INFO] - Epoch [1/5], Batch [239/300], Loss: 1.3895 (Overall: 0.8153, Change: 1.5930), TF Ratio: 0.952
[2026-06-16 07:31:55,326][root][INFO] - Epoch [1/5], Batch [240/300], Loss: 1.3877 (Overall: 0.7541, Change: 1.1670), TF Ratio: 0.952
[2026-06-16 07:31:55,484][root][INFO] - Epoch [1/5], Batch [241/300], Loss: 1.3872 (Overall: 0.9237, Change: 1.6034), TF Ratio: 0.952
[2026-06-16 07:31:55,640][root][INFO] - Epoch [1/5], Batch [242/300], Loss: 1.3867 (Overall: 0.8717, Change: 1.6395), TF Ratio: 0.952
[2026-06-16 07:31:55,794][root][INFO] - Epoch [1/5], Batch [243/300], Loss: 1.3853 (Overall: 0.8644, Change: 1.2360), TF Ratio: 0.951
[2026-06-16 07:31:56,253][root][INFO] - Epoch [1/5], Batch [244/300], Loss: 1.3854 (Overall: 0.8592, Change: 1.9506), TF Ratio: 0.951
[2026-06-16 07:31:56,408][root][INFO] - Epoch [1/5], Batch [245/300], Loss: 1.3849 (Overall: 1.1359, Change: 1.3869), TF Ratio: 0.951
[2026-06-16 07:31:56,562][root][INFO] - Epoch [1/5], Batch [246/300], Loss: 1.3842 (Overall: 0.8804, Change: 1.5815), TF Ratio: 0.951
[2026-06-16 07:31:56,717][root][INFO] - Epoch [1/5], Batch [247/300], Loss: 1.3842 (Overall: 1.0977, Change: 1.6776), TF Ratio: 0.951
[2026-06-16 07:31:58,119][root][INFO] - Epoch [1/5], Batch [248/300], Loss: 1.3833 (Overall: 0.9607, Change: 1.3323), TF Ratio: 0.950
[2026-06-16 07:31:58,274][root][INFO] - Epoch [1/5], Batch [249/300], Loss: 1.3844 (Overall: 1.4335, Change: 1.9070), TF Ratio: 0.950
[2026-06-16 07:31:58,428][root][INFO] - Epoch [1/5], Batch [250/300], Loss: 1.3846 (Overall: 1.1622, Change: 1.6735), TF Ratio: 0.950
[2026-06-16 07:31:58,583][root][INFO] - Epoch [1/5], Batch [251/300], Loss: 1.3829 (Overall: 0.7637, Change: 1.1794), TF Ratio: 0.950
[2026-06-16 07:31:58,753][root][INFO] - Epoch [1/5], Batch [252/300], Loss: 1.3819 (Overall: 0.8169, Change: 1.4350), TF Ratio: 0.950
[2026-06-16 07:31:58,912][root][INFO] - Epoch [1/5], Batch [253/300], Loss: 1.3813 (Overall: 0.8459, Change: 1.6161), TF Ratio: 0.949
[2026-06-16 07:31:59,065][root][INFO] - Epoch [1/5], Batch [254/300], Loss: 1.3802 (Overall: 0.7640, Change: 1.4472), TF Ratio: 0.949
[2026-06-16 07:31:59,220][root][INFO] - Epoch [1/5], Batch [255/300], Loss: 1.3803 (Overall: 1.2709, Change: 1.5292), TF Ratio: 0.949
[2026-06-16 07:31:59,382][root][INFO] - Epoch [1/5], Batch [256/300], Loss: 1.3795 (Overall: 0.8659, Change: 1.4872), TF Ratio: 0.949
[2026-06-16 07:31:59,537][root][INFO] - Epoch [1/5], Batch [257/300], Loss: 1.3790 (Overall: 0.9580, Change: 1.5643), TF Ratio: 0.949
[2026-06-16 07:31:59,692][root][INFO] - Epoch [1/5], Batch [258/300], Loss: 1.3784 (Overall: 0.9952, Change: 1.4051), TF Ratio: 0.948
[2026-06-16 07:31:59,847][root][INFO] - Epoch [1/5], Batch [259/300], Loss: 1.3769 (Overall: 0.8446, Change: 1.1492), TF Ratio: 0.948
[2026-06-16 07:32:12,072][root][INFO] - Epoch [1/5], Batch [260/300], Loss: 1.3765 (Overall: 0.8793, Change: 1.7006), TF Ratio: 0.948
[2026-06-16 07:32:12,233][root][INFO] - Epoch [1/5], Batch [261/300], Loss: 1.3751 (Overall: 0.8493, Change: 1.1356), TF Ratio: 0.948
[2026-06-16 07:32:12,389][root][INFO] - Epoch [1/5], Batch [262/300], Loss: 1.3751 (Overall: 1.0060, Change: 1.7397), TF Ratio: 0.948
[2026-06-16 07:32:12,545][root][INFO] - Epoch [1/5], Batch [263/300], Loss: 1.3741 (Overall: 1.0796, Change: 1.1866), TF Ratio: 0.947
[2026-06-16 07:32:14,548][root][INFO] - Epoch [1/5], Batch [264/300], Loss: 1.3738 (Overall: 0.8927, Change: 1.6587), TF Ratio: 0.947
[2026-06-16 07:32:14,706][root][INFO] - Epoch [1/5], Batch [265/300], Loss: 1.3733 (Overall: 0.8908, Change: 1.5851), TF Ratio: 0.947
[2026-06-16 07:32:14,861][root][INFO] - Epoch [1/5], Batch [266/300], Loss: 1.3727 (Overall: 1.0569, Change: 1.3752), TF Ratio: 0.947
[2026-06-16 07:32:15,016][root][INFO] - Epoch [1/5], Batch [267/300], Loss: 1.3717 (Overall: 0.9874, Change: 1.2164), TF Ratio: 0.947
[2026-06-16 07:32:15,609][root][INFO] - Epoch [1/5], Batch [268/300], Loss: 1.3711 (Overall: 1.0582, Change: 1.4135), TF Ratio: 0.946
[2026-06-16 07:32:15,765][root][INFO] - Epoch [1/5], Batch [269/300], Loss: 1.3704 (Overall: 0.8854, Change: 1.4493), TF Ratio: 0.946
[2026-06-16 07:32:15,918][root][INFO] - Epoch [1/5], Batch [270/300], Loss: 1.3702 (Overall: 0.8867, Change: 1.7266), TF Ratio: 0.946
[2026-06-16 07:32:16,072][root][INFO] - Epoch [1/5], Batch [271/300], Loss: 1.3704 (Overall: 1.1757, Change: 1.7214), TF Ratio: 0.946
[2026-06-16 07:32:16,231][root][INFO] - Epoch [1/5], Batch [272/300], Loss: 1.3693 (Overall: 0.7761, Change: 1.3281), TF Ratio: 0.946
[2026-06-16 07:32:16,386][root][INFO] - Epoch [1/5], Batch [273/300], Loss: 1.3697 (Overall: 1.1044, Change: 1.8659), TF Ratio: 0.945
[2026-06-16 07:32:16,541][root][INFO] - Epoch [1/5], Batch [274/300], Loss: 1.3698 (Overall: 1.1723, Change: 1.6206), TF Ratio: 0.945
[2026-06-16 07:32:16,696][root][INFO] - Epoch [1/5], Batch [275/300], Loss: 1.3696 (Overall: 0.8542, Change: 1.7683), TF Ratio: 0.945
[2026-06-16 07:32:16,853][root][INFO] - Epoch [1/5], Batch [276/300], Loss: 1.3685 (Overall: 0.7921, Change: 1.3681), TF Ratio: 0.945
[2026-06-16 07:32:17,007][root][INFO] - Epoch [1/5], Batch [277/300], Loss: 1.3679 (Overall: 0.9531, Change: 1.4133), TF Ratio: 0.945
[2026-06-16 07:32:17,164][root][INFO] - Epoch [1/5], Batch [278/300], Loss: 1.3674 (Overall: 0.7434, Change: 1.7243), TF Ratio: 0.944
[2026-06-16 07:32:17,317][root][INFO] - Epoch [1/5], Batch [279/300], Loss: 1.3678 (Overall: 1.2954, Change: 1.6766), TF Ratio: 0.944
[2026-06-16 07:32:29,721][root][INFO] - Epoch [1/5], Batch [280/300], Loss: 1.3670 (Overall: 1.0765, Change: 1.1952), TF Ratio: 0.944
[2026-06-16 07:32:29,876][root][INFO] - Epoch [1/5], Batch [281/300], Loss: 1.3659 (Overall: 0.8262, Change: 1.3221), TF Ratio: 0.944
[2026-06-16 07:32:30,030][root][INFO] - Epoch [1/5], Batch [282/300], Loss: 1.3649 (Overall: 0.8362, Change: 1.3281), TF Ratio: 0.944
[2026-06-16 07:32:30,184][root][INFO] - Epoch [1/5], Batch [283/300], Loss: 1.3652 (Overall: 1.1053, Change: 1.7526), TF Ratio: 0.943
[2026-06-16 07:32:32,874][root][INFO] - Epoch [1/5], Batch [284/300], Loss: 1.3645 (Overall: 0.7123, Change: 1.6250), TF Ratio: 0.943
[2026-06-16 07:32:33,030][root][INFO] - Epoch [1/5], Batch [285/300], Loss: 1.3637 (Overall: 0.7758, Change: 1.4918), TF Ratio: 0.943
[2026-06-16 07:32:33,184][root][INFO] - Epoch [1/5], Batch [286/300], Loss: 1.3634 (Overall: 1.0249, Change: 1.5475), TF Ratio: 0.943
[2026-06-16 07:32:33,339][root][INFO] - Epoch [1/5], Batch [287/300], Loss: 1.3628 (Overall: 0.9548, Change: 1.4111), TF Ratio: 0.943
[2026-06-16 07:32:33,497][root][INFO] - Epoch [1/5], Batch [288/300], Loss: 1.3618 (Overall: 0.8992, Change: 1.3032), TF Ratio: 0.942
[2026-06-16 07:32:33,654][root][INFO] - Epoch [1/5], Batch [289/300], Loss: 1.3613 (Overall: 0.8053, Change: 1.5885), TF Ratio: 0.942
[2026-06-16 07:32:33,809][root][INFO] - Epoch [1/5], Batch [290/300], Loss: 1.3607 (Overall: 0.9450, Change: 1.4211), TF Ratio: 0.942
[2026-06-16 07:32:33,965][root][INFO] - Epoch [1/5], Batch [291/300], Loss: 1.3594 (Overall: 0.6982, Change: 1.2834), TF Ratio: 0.942
[2026-06-16 07:32:34,121][root][INFO] - Epoch [1/5], Batch [292/300], Loss: 1.3583 (Overall: 0.9558, Change: 1.1367), TF Ratio: 0.942
[2026-06-16 07:32:34,278][root][INFO] - Epoch [1/5], Batch [293/300], Loss: 1.3580 (Overall: 0.9418, Change: 1.6028), TF Ratio: 0.941
[2026-06-16 07:32:34,433][root][INFO] - Epoch [1/5], Batch [294/300], Loss: 1.3580 (Overall: 0.9733, Change: 1.7532), TF Ratio: 0.941
[2026-06-16 07:32:34,586][root][INFO] - Epoch [1/5], Batch [295/300], Loss: 1.3581 (Overall: 1.3162, Change: 1.4630), TF Ratio: 0.941
[2026-06-16 07:32:34,743][root][INFO] - Epoch [1/5], Batch [296/300], Loss: 1.3574 (Overall: 0.7886, Change: 1.4607), TF Ratio: 0.941
[2026-06-16 07:32:34,898][root][INFO] - Epoch [1/5], Batch [297/300], Loss: 1.3571 (Overall: 0.9991, Change: 1.5656), TF Ratio: 0.941
[2026-06-16 07:32:35,053][root][INFO] - Epoch [1/5], Batch [298/300], Loss: 1.3568 (Overall: 0.9311, Change: 1.5787), TF Ratio: 0.940
[2026-06-16 07:32:35,207][root][INFO] - Epoch [1/5], Batch [299/300], Loss: 1.3557 (Overall: 0.6641, Change: 1.4165), TF Ratio: 0.940
[2026-06-16 07:32:46,343][root][INFO] - Epoch [1/5], Batch [300/300], Loss: 1.3544 (Overall: 0.7833, Change: 1.1673), TF Ratio: 0.940
[2026-06-16 07:33:02,036][root][INFO] - Epoch 1 done. Validating...
[2026-06-16 07:33:40,206][root][INFO] - Epoch [1/5] | Train: 1.3516 | Val: 0.8014
[2026-06-16 07:33:40,412][root][INFO] - Checkpoint saved: /gpfs/scratch/bsc32/bsc096444/ai4land-tfm/trained_models/unet_impl/41825157/best_model.pth
[2026-06-16 07:33:40,593][root][INFO] - Checkpoint saved: /gpfs/scratch/bsc32/bsc096444/ai4land-tfm/trained_models/unet_impl/41825157/model_epoch_1.pth
[2026-06-16 07:33:59,473][root][INFO] - Epoch [2/5], Batch [1/300], Loss: 1.3220 (Overall: 1.1131, Change: 1.5310), TF Ratio: 0.940
[2026-06-16 07:33:59,627][root][INFO] - Epoch [2/5], Batch [2/300], Loss: 1.2643 (Overall: 0.8422, Change: 1.5709), TF Ratio: 0.940
[2026-06-16 07:34:01,091][root][INFO] - Epoch [2/5], Batch [3/300], Loss: 1.2197 (Overall: 0.9430, Change: 1.3181), TF Ratio: 0.939
[2026-06-16 07:34:04,392][root][INFO] - Epoch [2/5], Batch [4/300], Loss: 1.1805 (Overall: 0.7975, Change: 1.3286), TF Ratio: 0.939
[2026-06-16 07:34:04,548][root][INFO] - Epoch [2/5], Batch [5/300], Loss: 1.1667 (Overall: 0.8185, Change: 1.4039), TF Ratio: 0.939
[2026-06-16 07:34:04,701][root][INFO] - Epoch [2/5], Batch [6/300], Loss: 1.1546 (Overall: 0.6011, Change: 1.5869), TF Ratio: 0.939
[2026-06-16 07:34:04,855][root][INFO] - Epoch [2/5], Batch [7/300], Loss: 1.1426 (Overall: 0.9574, Change: 1.1846), TF Ratio: 0.939
[2026-06-16 07:34:05,532][root][INFO] - Epoch [2/5], Batch [8/300], Loss: 1.1074 (Overall: 0.7669, Change: 0.9541), TF Ratio: 0.938
[2026-06-16 07:34:05,691][root][INFO] - Epoch [2/5], Batch [9/300], Loss: 1.1418 (Overall: 1.1795, Change: 1.6558), TF Ratio: 0.938
[2026-06-16 07:34:05,846][root][INFO] - Epoch [2/5], Batch [10/300], Loss: 1.1406 (Overall: 0.7647, Change: 1.4952), TF Ratio: 0.938
[2026-06-16 07:34:06,000][root][INFO] - Epoch [2/5], Batch [11/300], Loss: 1.1446 (Overall: 0.8933, Change: 1.4739), TF Ratio: 0.938
[2026-06-16 07:34:06,155][root][INFO] - Epoch [2/5], Batch [12/300], Loss: 1.1228 (Overall: 0.8264, Change: 0.9413), TF Ratio: 0.938
[2026-06-16 07:34:06,310][root][INFO] - Epoch [2/5], Batch [13/300], Loss: 1.1062 (Overall: 0.8759, Change: 0.9366), TF Ratio: 0.937
[2026-06-16 07:34:06,465][root][INFO] - Epoch [2/5], Batch [14/300], Loss: 1.1073 (Overall: 0.7560, Change: 1.4891), TF Ratio: 0.937
[2026-06-16 07:34:06,619][root][INFO] - Epoch [2/5], Batch [15/300], Loss: 1.1125 (Overall: 0.9690, Change: 1.4001), TF Ratio: 0.937
[2026-06-16 07:34:06,776][root][INFO] - Epoch [2/5], Batch [16/300], Loss: 1.1255 (Overall: 1.0908, Change: 1.5491), TF Ratio: 0.937
[2026-06-16 07:34:06,931][root][INFO] - Epoch [2/5], Batch [17/300], Loss: 1.1347 (Overall: 0.7915, Change: 1.7755), TF Ratio: 0.937
[2026-06-16 07:34:07,084][root][INFO] - Epoch [2/5], Batch [18/300], Loss: 1.1285 (Overall: 0.9234, Change: 1.1223), TF Ratio: 0.936
[2026-06-16 07:34:07,252][root][INFO] - Epoch [2/5], Batch [19/300], Loss: 1.1325 (Overall: 0.8399, Change: 1.5672), TF Ratio: 0.936
[2026-06-16 07:34:19,659][root][INFO] - Epoch [2/5], Batch [20/300], Loss: 1.1297 (Overall: 0.9183, Change: 1.2357), TF Ratio: 0.936
[2026-06-16 07:34:19,816][root][INFO] - Epoch [2/5], Batch [21/300], Loss: 1.1499 (Overall: 1.4618, Change: 1.6452), TF Ratio: 0.936
[2026-06-16 07:34:19,970][root][INFO] - Epoch [2/5], Batch [22/300], Loss: 1.1541 (Overall: 1.0582, Change: 1.4257), TF Ratio: 0.936
[2026-06-16 07:34:20,124][root][INFO] - Epoch [2/5], Batch [23/300], Loss: 1.1536 (Overall: 0.7361, Change: 1.5487), TF Ratio: 0.935
[2026-06-16 07:34:21,037][root][INFO] - Epoch [2/5], Batch [24/300], Loss: 1.1489 (Overall: 0.7105, Change: 1.3708), TF Ratio: 0.935
[2026-06-16 07:34:21,191][root][INFO] - Epoch [2/5], Batch [25/300], Loss: 1.1576 (Overall: 1.0022, Change: 1.7332), TF Ratio: 0.935
[2026-06-16 07:34:21,345][root][INFO] - Epoch [2/5], Batch [26/300], Loss: 1.1637 (Overall: 0.9424, Change: 1.6877), TF Ratio: 0.935
[2026-06-16 07:34:21,500][root][INFO] - Epoch [2/5], Batch [27/300], Loss: 1.1646 (Overall: 0.8636, Change: 1.5121), TF Ratio: 0.935
[2026-06-16 07:34:21,666][root][INFO] - Epoch [2/5], Batch [28/300], Loss: 1.1738 (Overall: 1.3843, Change: 1.4604), TF Ratio: 0.934
[2026-06-16 07:34:21,821][root][INFO] - Epoch [2/5], Batch [29/300], Loss: 1.1710 (Overall: 0.7431, Change: 1.4407), TF Ratio: 0.934
[2026-06-16 07:34:21,975][root][INFO] - Epoch [2/5], Batch [30/300], Loss: 1.1748 (Overall: 0.7741, Change: 1.7966), TF Ratio: 0.934
[2026-06-16 07:34:22,130][root][INFO] - Epoch [2/5], Batch [31/300], Loss: 1.1679 (Overall: 0.6899, Change: 1.2333), TF Ratio: 0.934
[2026-06-16 07:34:22,288][root][INFO] - Epoch [2/5], Batch [32/300], Loss: 1.1745 (Overall: 1.3076, Change: 1.4539), TF Ratio: 0.934
[2026-06-16 07:34:22,442][root][INFO] - Epoch [2/5], Batch [33/300], Loss: 1.1713 (Overall: 0.7768, Change: 1.3603), TF Ratio: 0.933
[2026-06-16 07:34:22,596][root][INFO] - Epoch [2/5], Batch [34/300], Loss: 1.1754 (Overall: 1.0781, Change: 1.5430), TF Ratio: 0.933
[2026-06-16 07:34:22,752][root][INFO] - Epoch [2/5], Batch [35/300], Loss: 1.1712 (Overall: 0.6457, Change: 1.4112), TF Ratio: 0.933
[2026-06-16 07:34:22,908][root][INFO] - Epoch [2/5], Batch [36/300], Loss: 1.1792 (Overall: 1.3307, Change: 1.5845), TF Ratio: 0.933
[2026-06-16 07:34:23,064][root][INFO] - Epoch [2/5], Batch [37/300], Loss: 1.1779 (Overall: 0.7599, Change: 1.5060), TF Ratio: 0.933
[2026-06-16 07:34:23,218][root][INFO] - Epoch [2/5], Batch [38/300], Loss: 1.1804 (Overall: 0.9520, Change: 1.5892), TF Ratio: 0.932
[2026-06-16 07:34:23,372][root][INFO] - Epoch [2/5], Batch [39/300], Loss: 1.1770 (Overall: 0.8241, Change: 1.2718), TF Ratio: 0.932
[2026-06-16 07:34:34,903][root][INFO] - Epoch [2/5], Batch [40/300], Loss: 1.1750 (Overall: 0.7867, Change: 1.4137), TF Ratio: 0.932
[2026-06-16 07:34:35,060][root][INFO] - Epoch [2/5], Batch [41/300], Loss: 1.1806 (Overall: 1.2572, Change: 1.5463), TF Ratio: 0.932
[2026-06-16 07:34:35,215][root][INFO] - Epoch [2/5], Batch [42/300], Loss: 1.1790 (Overall: 0.7439, Change: 1.4888), TF Ratio: 0.932
[2026-06-16 07:34:35,368][root][INFO] - Epoch [2/5], Batch [43/300], Loss: 1.1786 (Overall: 0.8500, Change: 1.4736), TF Ratio: 0.931
[2026-06-16 07:34:37,026][root][INFO] - Epoch [2/5], Batch [44/300], Loss: 1.1753 (Overall: 0.6499, Change: 1.4158), TF Ratio: 0.931
[2026-06-16 07:34:37,181][root][INFO] - Epoch [2/5], Batch [45/300], Loss: 1.1756 (Overall: 0.9919, Change: 1.3834), TF Ratio: 0.931
[2026-06-16 07:34:37,335][root][INFO] - Epoch [2/5], Batch [46/300], Loss: 1.1768 (Overall: 1.0600, Change: 1.4028), TF Ratio: 0.931
[2026-06-16 07:34:37,491][root][INFO] - Epoch [2/5], Batch [47/300], Loss: 1.1758 (Overall: 0.7353, Change: 1.5259), TF Ratio: 0.931
[2026-06-16 07:34:38,533][root][INFO] - Epoch [2/5], Batch [48/300], Loss: 1.1736 (Overall: 0.7930, Change: 1.3445), TF Ratio: 0.930
[2026-06-16 07:34:38,689][root][INFO] - Epoch [2/5], Batch [49/300], Loss: 1.1715 (Overall: 0.6204, Change: 1.5168), TF Ratio: 0.930
[2026-06-16 07:34:38,845][root][INFO] - Epoch [2/5], Batch [50/300], Loss: 1.1755 (Overall: 0.7542, Change: 1.9876), TF Ratio: 0.930
[2026-06-16 07:34:38,999][root][INFO] - Epoch [2/5], Batch [51/300], Loss: 1.1775 (Overall: 0.9514, Change: 1.6128), TF Ratio: 0.930
[2026-06-16 07:34:39,154][root][INFO] - Epoch [2/5], Batch [52/300], Loss: 1.1752 (Overall: 0.8396, Change: 1.2692), TF Ratio: 0.930
[2026-06-16 07:34:39,310][root][INFO] - Epoch [2/5], Batch [53/300], Loss: 1.1766 (Overall: 0.8866, Change: 1.6186), TF Ratio: 0.929
[2026-06-16 07:34:39,464][root][INFO] - Epoch [2/5], Batch [54/300], Loss: 1.1777 (Overall: 0.9362, Change: 1.5307), TF Ratio: 0.929
[2026-06-16 07:34:39,617][root][INFO] - Epoch [2/5], Batch [55/300], Loss: 1.1811 (Overall: 1.1447, Change: 1.5850), TF Ratio: 0.929
[2026-06-16 07:34:39,773][root][INFO] - Epoch [2/5], Batch [56/300], Loss: 1.1763 (Overall: 0.7021, Change: 1.1288), TF Ratio: 0.929
[2026-06-16 07:34:39,928][root][INFO] - Epoch [2/5], Batch [57/300], Loss: 1.1771 (Overall: 0.6607, Change: 1.7788), TF Ratio: 0.929
[2026-06-16 07:34:40,083][root][INFO] - Epoch [2/5], Batch [58/300], Loss: 1.1754 (Overall: 0.8462, Change: 1.3095), TF Ratio: 0.928
[2026-06-16 07:34:40,237][root][INFO] - Epoch [2/5], Batch [59/300], Loss: 1.1768 (Overall: 0.7949, Change: 1.7229), TF Ratio: 0.928
[2026-06-16 07:34:52,952][root][INFO] - Epoch [2/5], Batch [60/300], Loss: 1.1749 (Overall: 0.8371, Change: 1.2868), TF Ratio: 0.928
[2026-06-16 07:34:53,108][root][INFO] - Epoch [2/5], Batch [61/300], Loss: 1.1776 (Overall: 0.9986, Change: 1.6784), TF Ratio: 0.928
[2026-06-16 07:34:53,262][root][INFO] - Epoch [2/5], Batch [62/300], Loss: 1.1782 (Overall: 0.8580, Change: 1.5721), TF Ratio: 0.928
[2026-06-16 07:34:53,418][root][INFO] - Epoch [2/5], Batch [63/300], Loss: 1.1744 (Overall: 0.6045, Change: 1.2813), TF Ratio: 0.927
[2026-06-16 07:34:54,081][root][INFO] - Epoch [2/5], Batch [64/300], Loss: 1.1746 (Overall: 0.9894, Change: 1.3810), TF Ratio: 0.927
[2026-06-16 07:34:54,235][root][INFO] - Epoch [2/5], Batch [65/300], Loss: 1.1710 (Overall: 0.6937, Change: 1.1815), TF Ratio: 0.927
[2026-06-16 07:34:54,389][root][INFO] - Epoch [2/5], Batch [66/300], Loss: 1.1702 (Overall: 0.7424, Change: 1.4929), TF Ratio: 0.927
[2026-06-16 07:34:54,543][root][INFO] - Epoch [2/5], Batch [67/300], Loss: 1.1715 (Overall: 0.9066, Change: 1.6188), TF Ratio: 0.927
[2026-06-16 07:34:56,849][root][INFO] - Epoch [2/5], Batch [68/300], Loss: 1.1687 (Overall: 0.7215, Change: 1.2363), TF Ratio: 0.926
[2026-06-16 07:34:57,009][root][INFO] - Epoch [2/5], Batch [69/300], Loss: 1.1629 (Overall: 0.6274, Change: 0.9122), TF Ratio: 0.926
[2026-06-16 07:34:57,163][root][INFO] - Epoch [2/5], Batch [70/300], Loss: 1.1646 (Overall: 0.8345, Change: 1.7193), TF Ratio: 0.926
[2026-06-16 07:34:57,317][root][INFO] - Epoch [2/5], Batch [71/300], Loss: 1.1634 (Overall: 0.8066, Change: 1.3553), TF Ratio: 0.926
[2026-06-16 07:34:57,472][root][INFO] - Epoch [2/5], Batch [72/300], Loss: 1.1636 (Overall: 0.6688, Change: 1.6862), TF Ratio: 0.926
[2026-06-16 07:34:57,628][root][INFO] - Epoch [2/5], Batch [73/300], Loss: 1.1661 (Overall: 1.0622, Change: 1.6387), TF Ratio: 0.925
[2026-06-16 07:34:57,782][root][INFO] - Epoch [2/5], Batch [74/300], Loss: 1.1695 (Overall: 1.3385, Change: 1.4872), TF Ratio: 0.925
[2026-06-16 07:34:57,936][root][INFO] - Epoch [2/5], Batch [75/300], Loss: 1.1700 (Overall: 0.8412, Change: 1.5841), TF Ratio: 0.925
[2026-06-16 07:34:58,098][root][INFO] - Epoch [2/5], Batch [76/300], Loss: 1.1691 (Overall: 0.9218, Change: 1.2802), TF Ratio: 0.925
[2026-06-16 07:34:58,251][root][INFO] - Epoch [2/5], Batch [77/300], Loss: 1.1684 (Overall: 0.7209, Change: 1.5085), TF Ratio: 0.925
[2026-06-16 07:34:58,405][root][INFO] - Epoch [2/5], Batch [78/300], Loss: 1.1689 (Overall: 0.8099, Change: 1.5932), TF Ratio: 0.924
[2026-06-16 07:34:58,559][root][INFO] - Epoch [2/5], Batch [79/300], Loss: 1.1682 (Overall: 0.9600, Change: 1.2761), TF Ratio: 0.924
[2026-06-16 07:35:09,146][root][INFO] - Epoch [2/5], Batch [80/300], Loss: 1.1708 (Overall: 0.8453, Change: 1.9114), TF Ratio: 0.924
[2026-06-16 07:35:09,302][root][INFO] - Epoch [2/5], Batch [81/300], Loss: 1.1729 (Overall: 1.2814, Change: 1.4000), TF Ratio: 0.924
[2026-06-16 07:35:09,457][root][INFO] - Epoch [2/5], Batch [82/300], Loss: 1.1725 (Overall: 0.8620, Change: 1.4176), TF Ratio: 0.924
[2026-06-16 07:35:09,618][root][INFO] - Epoch [2/5], Batch [83/300], Loss: 1.1683 (Overall: 0.6534, Change: 0.9894), TF Ratio: 0.923
[2026-06-16 07:35:10,719][root][INFO] - Epoch [2/5], Batch [84/300], Loss: 1.1685 (Overall: 0.8889, Change: 1.4871), TF Ratio: 0.923
[2026-06-16 07:35:10,872][root][INFO] - Epoch [2/5], Batch [85/300], Loss: 1.1677 (Overall: 0.9131, Change: 1.2748), TF Ratio: 0.923
[2026-06-16 07:35:11,027][root][INFO] - Epoch [2/5], Batch [86/300], Loss: 1.1651 (Overall: 0.9775, Change: 0.9110), TF Ratio: 0.923
[2026-06-16 07:35:11,183][root][INFO] - Epoch [2/5], Batch [87/300], Loss: 1.1643 (Overall: 0.8456, Change: 1.3508), TF Ratio: 0.923
[2026-06-16 07:35:16,215][root][INFO] - Epoch [2/5], Batch [88/300], Loss: 1.1640 (Overall: 0.8805, Change: 1.4018), TF Ratio: 0.922
[2026-06-16 07:35:16,375][root][INFO] - Epoch [2/5], Batch [89/300], Loss: 1.1639 (Overall: 0.8515, Change: 1.4465), TF Ratio: 0.922
[2026-06-16 07:35:16,529][root][INFO] - Epoch [2/5], Batch [90/300], Loss: 1.1629 (Overall: 0.9765, Change: 1.1714), TF Ratio: 0.922
[2026-06-16 07:35:16,684][root][INFO] - Epoch [2/5], Batch [91/300], Loss: 1.1624 (Overall: 0.8168, Change: 1.4274), TF Ratio: 0.922
[2026-06-16 07:35:16,840][root][INFO] - Epoch [2/5], Batch [92/300], Loss: 1.1624 (Overall: 0.8996, Change: 1.4141), TF Ratio: 0.922
[2026-06-16 07:35:16,995][root][INFO] - Epoch [2/5], Batch [93/300], Loss: 1.1623 (Overall: 0.8745, Change: 1.4389), TF Ratio: 0.921
[2026-06-16 07:35:17,149][root][INFO] - Epoch [2/5], Batch [94/300], Loss: 1.1612 (Overall: 0.8047, Change: 1.3242), TF Ratio: 0.921
[2026-06-16 07:35:17,304][root][INFO] - Epoch [2/5], Batch [95/300], Loss: 1.1592 (Overall: 0.7869, Change: 1.1523), TF Ratio: 0.921
[2026-06-16 07:35:17,461][root][INFO] - Epoch [2/5], Batch [96/300], Loss: 1.1586 (Overall: 0.8233, Change: 1.3649), TF Ratio: 0.921
[2026-06-16 07:35:17,615][root][INFO] - Epoch [2/5], Batch [97/300], Loss: 1.1582 (Overall: 0.6687, Change: 1.5791), TF Ratio: 0.921
[2026-06-16 07:35:17,770][root][INFO] - Epoch [2/5], Batch [98/300], Loss: 1.1599 (Overall: 1.1160, Change: 1.5342), TF Ratio: 0.920
[2026-06-16 07:35:17,923][root][INFO] - Epoch [2/5], Batch [99/300], Loss: 1.1598 (Overall: 0.9399, Change: 1.3661), TF Ratio: 0.920
[2026-06-16 07:35:24,766][root][INFO] - Epoch [2/5], Batch [100/300], Loss: 1.1583 (Overall: 0.7941, Change: 1.2219), TF Ratio: 0.920
[2026-06-16 07:35:24,922][root][INFO] - Epoch [2/5], Batch [101/300], Loss: 1.1571 (Overall: 0.8434, Change: 1.2248), TF Ratio: 0.920
[2026-06-16 07:35:25,080][root][INFO] - Epoch [2/5], Batch [102/300], Loss: 1.1621 (Overall: 1.6742, Change: 1.6659), TF Ratio: 0.920
[2026-06-16 07:35:25,233][root][INFO] - Epoch [2/5], Batch [103/300], Loss: 1.1606 (Overall: 0.8628, Change: 1.1403), TF Ratio: 0.919
[2026-06-16 07:35:28,043][root][INFO] - Epoch [2/5], Batch [104/300], Loss: 1.1597 (Overall: 0.6462, Change: 1.5033), TF Ratio: 0.919
[2026-06-16 07:35:28,200][root][INFO] - Epoch [2/5], Batch [105/300], Loss: 1.1610 (Overall: 0.6997, Change: 1.8828), TF Ratio: 0.919
[2026-06-16 07:35:28,355][root][INFO] - Epoch [2/5], Batch [106/300], Loss: 1.1671 (Overall: 1.0770, Change: 2.5460), TF Ratio: 0.919
[2026-06-16 07:35:28,510][root][INFO] - Epoch [2/5], Batch [107/300], Loss: 1.1662 (Overall: 0.6713, Change: 1.4639), TF Ratio: 0.919
[2026-06-16 07:35:34,774][root][INFO] - Epoch [2/5], Batch [108/300], Loss: 1.1662 (Overall: 1.0308, Change: 1.2960), TF Ratio: 0.918
[2026-06-16 07:35:34,931][root][INFO] - Epoch [2/5], Batch [109/300], Loss: 1.1644 (Overall: 0.6805, Change: 1.2649), TF Ratio: 0.918
[2026-06-16 07:35:35,086][root][INFO] - Epoch [2/5], Batch [110/300], Loss: 1.1626 (Overall: 0.6910, Change: 1.2524), TF Ratio: 0.918
[2026-06-16 07:35:35,240][root][INFO] - Epoch [2/5], Batch [111/300], Loss: 1.1628 (Overall: 0.8499, Change: 1.5154), TF Ratio: 0.918
[2026-06-16 07:35:35,412][root][INFO] - Epoch [2/5], Batch [112/300], Loss: 1.1618 (Overall: 0.8161, Change: 1.2765), TF Ratio: 0.918
[2026-06-16 07:35:35,568][root][INFO] - Epoch [2/5], Batch [113/300], Loss: 1.1607 (Overall: 0.7525, Change: 1.3231), TF Ratio: 0.917
[2026-06-16 07:35:35,723][root][INFO] - Epoch [2/5], Batch [114/300], Loss: 1.1624 (Overall: 0.9490, Change: 1.7549), TF Ratio: 0.917
[2026-06-16 07:35:35,878][root][INFO] - Epoch [2/5], Batch [115/300], Loss: 1.1612 (Overall: 0.6276, Change: 1.4221), TF Ratio: 0.917
[2026-06-16 07:35:36,034][root][INFO] - Epoch [2/5], Batch [116/300], Loss: 1.1609 (Overall: 1.0006, Change: 1.2519), TF Ratio: 0.917
[2026-06-16 07:35:36,190][root][INFO] - Epoch [2/5], Batch [117/300], Loss: 1.1616 (Overall: 1.0397, Change: 1.4570), TF Ratio: 0.917
[2026-06-16 07:35:36,343][root][INFO] - Epoch [2/5], Batch [118/300], Loss: 1.1621 (Overall: 0.9450, Change: 1.4892), TF Ratio: 0.916
[2026-06-16 07:35:36,497][root][INFO] - Epoch [2/5], Batch [119/300], Loss: 1.1619 (Overall: 0.6325, Change: 1.6591), TF Ratio: 0.916
[2026-06-16 07:35:41,842][root][INFO] - Epoch [2/5], Batch [120/300], Loss: 1.1611 (Overall: 0.7046, Change: 1.4285), TF Ratio: 0.916
[2026-06-16 07:35:41,998][root][INFO] - Epoch [2/5], Batch [121/300], Loss: 1.1613 (Overall: 0.8925, Change: 1.4711), TF Ratio: 0.916
[2026-06-16 07:35:42,151][root][INFO] - Epoch [2/5], Batch [122/300], Loss: 1.1629 (Overall: 1.0958, Change: 1.6188), TF Ratio: 0.916
[2026-06-16 07:35:42,305][root][INFO] - Epoch [2/5], Batch [123/300], Loss: 1.1631 (Overall: 0.6857, Change: 1.6766), TF Ratio: 0.915
[2026-06-16 07:35:44,864][root][INFO] - Epoch [2/5], Batch [124/300], Loss: 1.1617 (Overall: 0.7961, Change: 1.1933), TF Ratio: 0.915
[2026-06-16 07:35:45,023][root][INFO] - Epoch [2/5], Batch [125/300], Loss: 1.1615 (Overall: 0.7747, Change: 1.5029), TF Ratio: 0.915
[2026-06-16 07:35:45,177][root][INFO] - Epoch [2/5], Batch [126/300], Loss: 1.1612 (Overall: 0.7454, Change: 1.5045), TF Ratio: 0.915
[2026-06-16 07:35:45,330][root][INFO] - Epoch [2/5], Batch [127/300], Loss: 1.1610 (Overall: 0.8686, Change: 1.3916), TF Ratio: 0.915
[2026-06-16 07:35:53,064][root][INFO] - Epoch [2/5], Batch [128/300], Loss: 1.1603 (Overall: 0.8796, Change: 1.2767), TF Ratio: 0.914
[2026-06-16 07:35:53,228][root][INFO] - Epoch [2/5], Batch [129/300], Loss: 1.1594 (Overall: 0.7207, Change: 1.3498), TF Ratio: 0.914
[2026-06-16 07:35:53,382][root][INFO] - Epoch [2/5], Batch [130/300], Loss: 1.1568 (Overall: 0.7128, Change: 0.9292), TF Ratio: 0.914
[2026-06-16 07:35:53,537][root][INFO] - Epoch [2/5], Batch [131/300], Loss: 1.1560 (Overall: 0.8379, Change: 1.2677), TF Ratio: 0.914
[2026-06-16 07:35:53,693][root][INFO] - Epoch [2/5], Batch [132/300], Loss: 1.1563 (Overall: 0.8950, Change: 1.4927), TF Ratio: 0.914
[2026-06-16 07:35:53,849][root][INFO] - Epoch [2/5], Batch [133/300], Loss: 1.1558 (Overall: 0.8147, Change: 1.3809), TF Ratio: 0.913
[2026-06-16 07:35:54,003][root][INFO] - Epoch [2/5], Batch [134/300], Loss: 1.1561 (Overall: 0.9148, Change: 1.4743), TF Ratio: 0.913
[2026-06-16 07:35:54,156][root][INFO] - Epoch [2/5], Batch [135/300], Loss: 1.1588 (Overall: 1.3123, Change: 1.7344), TF Ratio: 0.913
[2026-06-16 07:35:54,315][root][INFO] - Epoch [2/5], Batch [136/300], Loss: 1.1586 (Overall: 0.8040, Change: 1.4513), TF Ratio: 0.913
[2026-06-16 07:35:54,475][root][INFO] - Epoch [2/5], Batch [137/300], Loss: 1.1587 (Overall: 0.8397, Change: 1.5045), TF Ratio: 0.913
[2026-06-16 07:35:54,629][root][INFO] - Epoch [2/5], Batch [138/300], Loss: 1.1609 (Overall: 1.1305, Change: 1.7967), TF Ratio: 0.912
[2026-06-16 07:35:54,784][root][INFO] - Epoch [2/5], Batch [139/300], Loss: 1.1617 (Overall: 0.9336, Change: 1.6045), TF Ratio: 0.912
[2026-06-16 07:35:58,597][root][INFO] - Epoch [2/5], Batch [140/300], Loss: 1.1604 (Overall: 0.7908, Change: 1.1771), TF Ratio: 0.912
[2026-06-16 07:35:58,753][root][INFO] - Epoch [2/5], Batch [141/300], Loss: 1.1585 (Overall: 0.9079, Change: 0.8767), TF Ratio: 0.912
[2026-06-16 07:35:58,907][root][INFO] - Epoch [2/5], Batch [142/300], Loss: 1.1595 (Overall: 0.9058, Change: 1.6774), TF Ratio: 0.912
[2026-06-16 07:35:59,062][root][INFO] - Epoch [2/5], Batch [143/300], Loss: 1.1590 (Overall: 0.8835, Change: 1.2895), TF Ratio: 0.911
[2026-06-16 07:36:02,958][root][INFO] - Epoch [2/5], Batch [144/300], Loss: 1.1583 (Overall: 0.8239, Change: 1.2933), TF Ratio: 0.911
[2026-06-16 07:36:03,115][root][INFO] - Epoch [2/5], Batch [145/300], Loss: 1.1587 (Overall: 0.7858, Change: 1.6475), TF Ratio: 0.911
[2026-06-16 07:36:03,270][root][INFO] - Epoch [2/5], Batch [146/300], Loss: 1.1596 (Overall: 0.9304, Change: 1.6610), TF Ratio: 0.911
[2026-06-16 07:36:03,423][root][INFO] - Epoch [2/5], Batch [147/300], Loss: 1.1592 (Overall: 0.7189, Change: 1.4854), TF Ratio: 0.911
[2026-06-16 07:36:12,298][root][INFO] - Epoch [2/5], Batch [148/300], Loss: 1.1594 (Overall: 0.7639, Change: 1.6072), TF Ratio: 0.910
[2026-06-16 07:36:12,457][root][INFO] - Epoch [2/5], Batch [149/300], Loss: 1.1586 (Overall: 0.6791, Change: 1.4212), TF Ratio: 0.910
[2026-06-16 07:36:12,611][root][INFO] - Epoch [2/5], Batch [150/300], Loss: 1.1587 (Overall: 1.0481, Change: 1.2702), TF Ratio: 0.910
[2026-06-16 07:36:12,765][root][INFO] - Epoch [2/5], Batch [151/300], Loss: 1.1592 (Overall: 1.0500, Change: 1.4335), TF Ratio: 0.910
[2026-06-16 07:36:12,934][root][INFO] - Epoch [2/5], Batch [152/300], Loss: 1.1595 (Overall: 0.6872, Change: 1.7164), TF Ratio: 0.910
[2026-06-16 07:36:13,090][root][INFO] - Epoch [2/5], Batch [153/300], Loss: 1.1581 (Overall: 0.5974, Change: 1.3049), TF Ratio: 0.909
[2026-06-16 07:36:13,244][root][INFO] - Epoch [2/5], Batch [154/300], Loss: 1.1589 (Overall: 0.9254, Change: 1.6283), TF Ratio: 0.909
[2026-06-16 07:36:13,399][root][INFO] - Epoch [2/5], Batch [155/300], Loss: 1.1580 (Overall: 0.6307, Change: 1.4201), TF Ratio: 0.909
[2026-06-16 07:36:13,556][root][INFO] - Epoch [2/5], Batch [156/300], Loss: 1.1570 (Overall: 0.6629, Change: 1.3302), TF Ratio: 0.909
[2026-06-16 07:36:13,711][root][INFO] - Epoch [2/5], Batch [157/300], Loss: 1.1566 (Overall: 0.8200, Change: 1.3681), TF Ratio: 0.909
[2026-06-16 07:36:13,865][root][INFO] - Epoch [2/5], Batch [158/300], Loss: 1.1567 (Overall: 0.6002, Change: 1.7577), TF Ratio: 0.908
[2026-06-16 07:36:14,020][root][INFO] - Epoch [2/5], Batch [159/300], Loss: 1.1580 (Overall: 0.7489, Change: 1.9729), TF Ratio: 0.908
[2026-06-16 07:36:16,895][root][INFO] - Epoch [2/5], Batch [160/300], Loss: 1.1584 (Overall: 1.0464, Change: 1.4024), TF Ratio: 0.908
[2026-06-16 07:36:17,050][root][INFO] - Epoch [2/5], Batch [161/300], Loss: 1.1584 (Overall: 0.9238, Change: 1.3759), TF Ratio: 0.908
[2026-06-16 07:36:17,205][root][INFO] - Epoch [2/5], Batch [162/300], Loss: 1.1582 (Overall: 0.7144, Change: 1.5322), TF Ratio: 0.908
[2026-06-16 07:36:17,371][root][INFO] - Epoch [2/5], Batch [163/300], Loss: 1.1578 (Overall: 0.8913, Change: 1.3176), TF Ratio: 0.907
[2026-06-16 07:36:19,417][root][INFO] - Epoch [2/5], Batch [164/300], Loss: 1.1585 (Overall: 0.6916, Change: 1.8410), TF Ratio: 0.907
[2026-06-16 07:36:19,575][root][INFO] - Epoch [2/5], Batch [165/300], Loss: 1.1589 (Overall: 0.9315, Change: 1.5061), TF Ratio: 0.907
[2026-06-16 07:36:19,728][root][INFO] - Epoch [2/5], Batch [166/300], Loss: 1.1587 (Overall: 0.7030, Change: 1.5666), TF Ratio: 0.907
[2026-06-16 07:36:19,882][root][INFO] - Epoch [2/5], Batch [167/300], Loss: 1.1587 (Overall: 0.9701, Change: 1.3434), TF Ratio: 0.907
[2026-06-16 07:36:29,357][root][INFO] - Epoch [2/5], Batch [168/300], Loss: 1.1599 (Overall: 0.7593, Change: 1.9607), TF Ratio: 0.906
[2026-06-16 07:36:29,521][root][INFO] - Epoch [2/5], Batch [169/300], Loss: 1.1588 (Overall: 0.7064, Change: 1.2254), TF Ratio: 0.906
[2026-06-16 07:36:29,674][root][INFO] - Epoch [2/5], Batch [170/300], Loss: 1.1591 (Overall: 0.7610, Change: 1.6721), TF Ratio: 0.906
[2026-06-16 07:36:29,828][root][INFO] - Epoch [2/5], Batch [171/300], Loss: 1.1592 (Overall: 0.9300, Change: 1.4347), TF Ratio: 0.906
[2026-06-16 07:36:29,984][root][INFO] - Epoch [2/5], Batch [172/300], Loss: 1.1582 (Overall: 0.6529, Change: 1.2988), TF Ratio: 0.906
[2026-06-16 07:36:30,140][root][INFO] - Epoch [2/5], Batch [173/300], Loss: 1.1593 (Overall: 1.0915, Change: 1.6049), TF Ratio: 0.905
[2026-06-16 07:36:30,294][root][INFO] - Epoch [2/5], Batch [174/300], Loss: 1.1595 (Overall: 0.9894, Change: 1.4151), TF Ratio: 0.905
[2026-06-16 07:36:30,449][root][INFO] - Epoch [2/5], Batch [175/300], Loss: 1.1593 (Overall: 0.7987, Change: 1.4335), TF Ratio: 0.905
[2026-06-16 07:36:30,610][root][INFO] - Epoch [2/5], Batch [176/300], Loss: 1.1597 (Overall: 0.7758, Change: 1.6967), TF Ratio: 0.905
[2026-06-16 07:36:30,766][root][INFO] - Epoch [2/5], Batch [177/300], Loss: 1.1589 (Overall: 0.7891, Change: 1.2497), TF Ratio: 0.905
[2026-06-16 07:36:30,920][root][INFO] - Epoch [2/5], Batch [178/300], Loss: 1.1582 (Overall: 0.6895, Change: 1.3842), TF Ratio: 0.904
[2026-06-16 07:36:31,075][root][INFO] - Epoch [2/5], Batch [179/300], Loss: 1.1574 (Overall: 0.7316, Change: 1.2966), TF Ratio: 0.904
[2026-06-16 07:36:33,371][root][INFO] - Epoch [2/5], Batch [180/300], Loss: 1.1575 (Overall: 1.0172, Change: 1.3298), TF Ratio: 0.904
[2026-06-16 07:36:33,537][root][INFO] - Epoch [2/5], Batch [181/300], Loss: 1.1580 (Overall: 0.7364, Change: 1.7455), TF Ratio: 0.904
[2026-06-16 07:36:33,690][root][INFO] - Epoch [2/5], Batch [182/300], Loss: 1.1589 (Overall: 1.0712, Change: 1.5935), TF Ratio: 0.904
[2026-06-16 07:36:33,844][root][INFO] - Epoch [2/5], Batch [183/300], Loss: 1.1597 (Overall: 0.9965, Change: 1.6145), TF Ratio: 0.903
[2026-06-16 07:36:36,023][root][INFO] - Epoch [2/5], Batch [184/300], Loss: 1.1589 (Overall: 0.6837, Change: 1.3328), TF Ratio: 0.903
[2026-06-16 07:36:36,181][root][INFO] - Epoch [2/5], Batch [185/300], Loss: 1.1584 (Overall: 0.6880, Change: 1.4357), TF Ratio: 0.903
[2026-06-16 07:36:36,335][root][INFO] - Epoch [2/5], Batch [186/300], Loss: 1.1603 (Overall: 1.5504, Change: 1.4811), TF Ratio: 0.903
[2026-06-16 07:36:36,488][root][INFO] - Epoch [2/5], Batch [187/300], Loss: 1.1592 (Overall: 0.7129, Change: 1.1923), TF Ratio: 0.903
[2026-06-16 07:36:46,542][root][INFO] - Epoch [2/5], Batch [188/300], Loss: 1.1594 (Overall: 0.9557, Change: 1.4236), TF Ratio: 0.902
[2026-06-16 07:36:46,701][root][INFO] - Epoch [2/5], Batch [189/300], Loss: 1.1587 (Overall: 0.7947, Change: 1.2852), TF Ratio: 0.902
[2026-06-16 07:36:46,856][root][INFO] - Epoch [2/5], Batch [190/300], Loss: 1.1585 (Overall: 0.8023, Change: 1.4269), TF Ratio: 0.902
[2026-06-16 07:36:47,011][root][INFO] - Epoch [2/5], Batch [191/300], Loss: 1.1565 (Overall: 0.5857, Change: 0.9559), TF Ratio: 0.902
[2026-06-16 07:36:47,180][root][INFO] - Epoch [2/5], Batch [192/300], Loss: 1.1564 (Overall: 0.7319, Change: 1.5512), TF Ratio: 0.902
[2026-06-16 07:36:47,337][root][INFO] - Epoch [2/5], Batch [193/300], Loss: 1.1561 (Overall: 0.6613, Change: 1.5399), TF Ratio: 0.901
[2026-06-16 07:36:47,492][root][INFO] - Epoch [2/5], Batch [194/300], Loss: 1.1548 (Overall: 0.5372, Change: 1.2714), TF Ratio: 0.901
[2026-06-16 07:36:47,646][root][INFO] - Epoch [2/5], Batch [195/300], Loss: 1.1551 (Overall: 0.8039, Change: 1.6098), TF Ratio: 0.901
[2026-06-16 07:36:47,817][root][INFO] - Epoch [2/5], Batch [196/300], Loss: 1.1556 (Overall: 0.9849, Change: 1.5452), TF Ratio: 0.901
[2026-06-16 07:36:47,973][root][INFO] - Epoch [2/5], Batch [197/300], Loss: 1.1567 (Overall: 1.1894, Change: 1.5429), TF Ratio: 0.901
[2026-06-16 07:36:48,126][root][INFO] - Epoch [2/5], Batch [198/300], Loss: 1.1567 (Overall: 0.8699, Change: 1.4436), TF Ratio: 0.900
[2026-06-16 07:36:48,281][root][INFO] - Epoch [2/5], Batch [199/300], Loss: 1.1557 (Overall: 0.7260, Change: 1.2014), TF Ratio: 0.900
[2026-06-16 07:36:50,142][root][INFO] - Epoch [2/5], Batch [200/300], Loss: 1.1555 (Overall: 0.7457, Change: 1.4600), TF Ratio: 0.900
[2026-06-16 07:36:50,297][root][INFO] - Epoch [2/5], Batch [201/300], Loss: 1.1556 (Overall: 0.9148, Change: 1.4394), TF Ratio: 0.900
[2026-06-16 07:36:50,450][root][INFO] - Epoch [2/5], Batch [202/300], Loss: 1.1547 (Overall: 1.0294, Change: 0.9270), TF Ratio: 0.900
[2026-06-16 07:36:50,603][root][INFO] - Epoch [2/5], Batch [203/300], Loss: 1.1544 (Overall: 0.8943, Change: 1.3090), TF Ratio: 0.899
[2026-06-16 07:36:51,082][root][INFO] - Epoch [2/5], Batch [204/300], Loss: 1.1539 (Overall: 0.6892, Change: 1.4143), TF Ratio: 0.899
[2026-06-16 07:36:51,238][root][INFO] - Epoch [2/5], Batch [205/300], Loss: 1.1547 (Overall: 0.7163, Change: 1.8958), TF Ratio: 0.899
[2026-06-16 07:36:51,392][root][INFO] - Epoch [2/5], Batch [206/300], Loss: 1.1542 (Overall: 0.9525, Change: 1.1690), TF Ratio: 0.899
[2026-06-16 07:36:51,547][root][INFO] - Epoch [2/5], Batch [207/300], Loss: 1.1523 (Overall: 0.6213, Change: 0.8997), TF Ratio: 0.899
[2026-06-16 07:37:02,636][root][INFO] - Epoch [2/5], Batch [208/300], Loss: 1.1514 (Overall: 0.5941, Change: 1.3145), TF Ratio: 0.898
[2026-06-16 07:37:02,792][root][INFO] - Epoch [2/5], Batch [209/300], Loss: 1.1507 (Overall: 0.6460, Change: 1.3722), TF Ratio: 0.898
[2026-06-16 07:37:02,947][root][INFO] - Epoch [2/5], Batch [210/300], Loss: 1.1509 (Overall: 0.8923, Change: 1.4923), TF Ratio: 0.898
[2026-06-16 07:37:03,110][root][INFO] - Epoch [2/5], Batch [211/300], Loss: 1.1503 (Overall: 1.1135, Change: 0.9407), TF Ratio: 0.898
[2026-06-16 07:37:03,266][root][INFO] - Epoch [2/5], Batch [212/300], Loss: 1.1498 (Overall: 0.9547, Change: 1.1202), TF Ratio: 0.898
[2026-06-16 07:37:03,421][root][INFO] - Epoch [2/5], Batch [213/300], Loss: 1.1510 (Overall: 0.7293, Change: 2.1194), TF Ratio: 0.897
[2026-06-16 07:37:03,575][root][INFO] - Epoch [2/5], Batch [214/300], Loss: 1.1509 (Overall: 0.6352, Change: 1.6237), TF Ratio: 0.897
[2026-06-16 07:37:03,728][root][INFO] - Epoch [2/5], Batch [215/300], Loss: 1.1505 (Overall: 0.7069, Change: 1.3873), TF Ratio: 0.897
[2026-06-16 07:37:03,890][root][INFO] - Epoch [2/5], Batch [216/300], Loss: 1.1503 (Overall: 0.8149, Change: 1.4199), TF Ratio: 0.897
[2026-06-16 07:37:04,046][root][INFO] - Epoch [2/5], Batch [217/300], Loss: 1.1500 (Overall: 0.6855, Change: 1.4713), TF Ratio: 0.897
[2026-06-16 07:37:04,201][root][INFO] - Epoch [2/5], Batch [218/300], Loss: 1.1511 (Overall: 1.2283, Change: 1.5601), TF Ratio: 0.896
[2026-06-16 07:37:04,355][root][INFO] - Epoch [2/5], Batch [219/300], Loss: 1.1513 (Overall: 0.9752, Change: 1.4059), TF Ratio: 0.896
[2026-06-16 07:37:07,618][root][INFO] - Epoch [2/5], Batch [220/300], Loss: 1.1503 (Overall: 0.6955, Change: 1.1853), TF Ratio: 0.896
[2026-06-16 07:37:07,774][root][INFO] - Epoch [2/5], Batch [221/300], Loss: 1.1501 (Overall: 0.9396, Change: 1.2774), TF Ratio: 0.896
[2026-06-16 07:37:07,929][root][INFO] - Epoch [2/5], Batch [222/300], Loss: 1.1506 (Overall: 1.0692, Change: 1.4392), TF Ratio: 0.896
[2026-06-16 07:37:08,083][root][INFO] - Epoch [2/5], Batch [223/300], Loss: 1.1493 (Overall: 0.6205, Change: 1.1163), TF Ratio: 0.895
[2026-06-16 07:37:08,242][root][INFO] - Epoch [2/5], Batch [224/300], Loss: 1.1492 (Overall: 0.8201, Change: 1.4042), TF Ratio: 0.895
[2026-06-16 07:37:08,398][root][INFO] - Epoch [2/5], Batch [225/300], Loss: 1.1488 (Overall: 0.7907, Change: 1.3611), TF Ratio: 0.895
[2026-06-16 07:37:08,553][root][INFO] - Epoch [2/5], Batch [226/300], Loss: 1.1474 (Overall: 0.8054, Change: 0.8405), TF Ratio: 0.895
[2026-06-16 07:37:08,706][root][INFO] - Epoch [2/5], Batch [227/300], Loss: 1.1476 (Overall: 0.5471, Change: 1.8498), TF Ratio: 0.895
[2026-06-16 07:37:18,858][root][INFO] - Epoch [2/5], Batch [228/300], Loss: 1.1463 (Overall: 0.5519, Change: 1.1423), TF Ratio: 0.894
[2026-06-16 07:37:19,015][root][INFO] - Epoch [2/5], Batch [229/300], Loss: 1.1466 (Overall: 0.7580, Change: 1.6544), TF Ratio: 0.894
[2026-06-16 07:37:19,169][root][INFO] - Epoch [2/5], Batch [230/300], Loss: 1.1470 (Overall: 0.8289, Change: 1.6433), TF Ratio: 0.894
[2026-06-16 07:37:19,323][root][INFO] - Epoch [2/5], Batch [231/300], Loss: 1.1467 (Overall: 0.7742, Change: 1.4139), TF Ratio: 0.894
[2026-06-16 07:37:19,501][root][INFO] - Epoch [2/5], Batch [232/300], Loss: 1.1468 (Overall: 0.7890, Change: 1.5588), TF Ratio: 0.894
[2026-06-16 07:37:19,656][root][INFO] - Epoch [2/5], Batch [233/300], Loss: 1.1462 (Overall: 0.6866, Change: 1.3178), TF Ratio: 0.893
[2026-06-16 07:37:19,810][root][INFO] - Epoch [2/5], Batch [234/300], Loss: 1.1449 (Overall: 0.7233, Change: 0.9615), TF Ratio: 0.893
[2026-06-16 07:37:19,964][root][INFO] - Epoch [2/5], Batch [235/300], Loss: 1.1443 (Overall: 0.7694, Change: 1.2248), TF Ratio: 0.893
[2026-06-16 07:37:20,139][root][INFO] - Epoch [2/5], Batch [236/300], Loss: 1.1440 (Overall: 0.9076, Change: 1.2511), TF Ratio: 0.893
[2026-06-16 07:37:20,295][root][INFO] - Epoch [2/5], Batch [237/300], Loss: 1.1445 (Overall: 0.8150, Change: 1.6834), TF Ratio: 0.893
[2026-06-16 07:37:20,449][root][INFO] - Epoch [2/5], Batch [238/300], Loss: 1.1438 (Overall: 0.5817, Change: 1.3824), TF Ratio: 0.892
[2026-06-16 07:37:20,603][root][INFO] - Epoch [2/5], Batch [239/300], Loss: 1.1436 (Overall: 0.7332, Change: 1.4622), TF Ratio: 0.892
[2026-06-16 07:37:24,224][root][INFO] - Epoch [2/5], Batch [240/300], Loss: 1.1434 (Overall: 0.7472, Change: 1.4610), TF Ratio: 0.892
[2026-06-16 07:37:24,381][root][INFO] - Epoch [2/5], Batch [241/300], Loss: 1.1441 (Overall: 0.8646, Change: 1.7264), TF Ratio: 0.892
[2026-06-16 07:37:24,535][root][INFO] - Epoch [2/5], Batch [242/300], Loss: 1.1432 (Overall: 0.6425, Change: 1.2543), TF Ratio: 0.892
[2026-06-16 07:37:24,688][root][INFO] - Epoch [2/5], Batch [243/300], Loss: 1.1431 (Overall: 0.7181, Change: 1.4997), TF Ratio: 0.891
[2026-06-16 07:37:24,854][root][INFO] - Epoch [2/5], Batch [244/300], Loss: 1.1440 (Overall: 1.0417, Change: 1.6595), TF Ratio: 0.891
[2026-06-16 07:37:25,010][root][INFO] - Epoch [2/5], Batch [245/300], Loss: 1.1433 (Overall: 0.7627, Change: 1.1900), TF Ratio: 0.891
[2026-06-16 07:37:25,165][root][INFO] - Epoch [2/5], Batch [246/300], Loss: 1.1432 (Overall: 0.8849, Change: 1.3587), TF Ratio: 0.891
[2026-06-16 07:37:25,319][root][INFO] - Epoch [2/5], Batch [247/300], Loss: 1.1429 (Overall: 0.7919, Change: 1.3664), TF Ratio: 0.891
[2026-06-16 07:37:36,194][root][INFO] - Epoch [2/5], Batch [248/300], Loss: 1.1416 (Overall: 0.6674, Change: 0.9498), TF Ratio: 0.890
[2026-06-16 07:37:36,352][root][INFO] - Epoch [2/5], Batch [249/300], Loss: 1.1401 (Overall: 0.5529, Change: 1.0115), TF Ratio: 0.890
[2026-06-16 07:37:36,506][root][INFO] - Epoch [2/5], Batch [250/300], Loss: 1.1401 (Overall: 0.8071, Change: 1.4422), TF Ratio: 0.890
[2026-06-16 07:37:36,660][root][INFO] - Epoch [2/5], Batch [251/300], Loss: 1.1407 (Overall: 1.0417, Change: 1.5355), TF Ratio: 0.890
[2026-06-16 07:37:36,817][root][INFO] - Epoch [2/5], Batch [252/300], Loss: 1.1402 (Overall: 0.8539, Change: 1.2121), TF Ratio: 0.890
[2026-06-16 07:37:36,978][root][INFO] - Epoch [2/5], Batch [253/300], Loss: 1.1397 (Overall: 0.6877, Change: 1.3045), TF Ratio: 0.889
[2026-06-16 07:37:37,131][root][INFO] - Epoch [2/5], Batch [254/300], Loss: 1.1401 (Overall: 0.8829, Change: 1.6388), TF Ratio: 0.889
[2026-06-16 07:37:37,285][root][INFO] - Epoch [2/5], Batch [255/300], Loss: 1.1404 (Overall: 1.0516, Change: 1.3555), TF Ratio: 0.889
[2026-06-16 07:37:37,449][root][INFO] - Epoch [2/5], Batch [256/300], Loss: 1.1391 (Overall: 0.5630, Change: 1.0784), TF Ratio: 0.889
[2026-06-16 07:37:37,603][root][INFO] - Epoch [2/5], Batch [257/300], Loss: 1.1387 (Overall: 0.7625, Change: 1.2884), TF Ratio: 0.889
[2026-06-16 07:37:37,755][root][INFO] - Epoch [2/5], Batch [258/300], Loss: 1.1382 (Overall: 0.8223, Change: 1.1803), TF Ratio: 0.888
[2026-06-16 07:37:37,909][root][INFO] - Epoch [2/5], Batch [259/300], Loss: 1.1373 (Overall: 0.5442, Change: 1.2862), TF Ratio: 0.888
[2026-06-16 07:37:40,643][root][INFO] - Epoch [2/5], Batch [260/300], Loss: 1.1385 (Overall: 0.6762, Change: 2.2129), TF Ratio: 0.888
[2026-06-16 07:37:40,799][root][INFO] - Epoch [2/5], Batch [261/300], Loss: 1.1388 (Overall: 0.9186, Change: 1.5287), TF Ratio: 0.888
[2026-06-16 07:37:40,953][root][INFO] - Epoch [2/5], Batch [262/300], Loss: 1.1392 (Overall: 0.9550, Change: 1.5174), TF Ratio: 0.888
[2026-06-16 07:37:41,108][root][INFO] - Epoch [2/5], Batch [263/300], Loss: 1.1405 (Overall: 0.6500, Change: 2.3249), TF Ratio: 0.887
[2026-06-16 07:37:41,274][root][INFO] - Epoch [2/5], Batch [264/300], Loss: 1.1407 (Overall: 1.1605, Change: 1.2223), TF Ratio: 0.887
[2026-06-16 07:37:41,431][root][INFO] - Epoch [2/5], Batch [265/300], Loss: 1.1411 (Overall: 0.8216, Change: 1.6457), TF Ratio: 0.887
[2026-06-16 07:37:41,587][root][INFO] - Epoch [2/5], Batch [266/300], Loss: 1.1420 (Overall: 0.8337, Change: 1.9280), TF Ratio: 0.887
[2026-06-16 07:37:41,740][root][INFO] - Epoch [2/5], Batch [267/300], Loss: 1.1412 (Overall: 0.8193, Change: 1.0617), TF Ratio: 0.887
[2026-06-16 07:37:52,437][root][INFO] - Epoch [2/5], Batch [268/300], Loss: 1.1412 (Overall: 0.7693, Change: 1.5230), TF Ratio: 0.886
[2026-06-16 07:37:52,595][root][INFO] - Epoch [2/5], Batch [269/300], Loss: 1.1408 (Overall: 0.6970, Change: 1.3354), TF Ratio: 0.886
[2026-06-16 07:37:52,749][root][INFO] - Epoch [2/5], Batch [270/300], Loss: 1.1407 (Overall: 0.8063, Change: 1.4501), TF Ratio: 0.886
[2026-06-16 07:37:52,902][root][INFO] - Epoch [2/5], Batch [271/300], Loss: 1.1405 (Overall: 0.6874, Change: 1.4678), TF Ratio: 0.886
[2026-06-16 07:37:53,071][root][INFO] - Epoch [2/5], Batch [272/300], Loss: 1.1411 (Overall: 0.8972, Change: 1.7060), TF Ratio: 0.886
[2026-06-16 07:37:53,235][root][INFO] - Epoch [2/5], Batch [273/300], Loss: 1.1409 (Overall: 0.7013, Change: 1.4844), TF Ratio: 0.885
[2026-06-16 07:37:53,389][root][INFO] - Epoch [2/5], Batch [274/300], Loss: 1.1403 (Overall: 0.6008, Change: 1.3652), TF Ratio: 0.885
[2026-06-16 07:37:53,543][root][INFO] - Epoch [2/5], Batch [275/300], Loss: 1.1400 (Overall: 0.6111, Change: 1.4927), TF Ratio: 0.885
[2026-06-16 07:37:53,704][root][INFO] - Epoch [2/5], Batch [276/300], Loss: 1.1399 (Overall: 0.6757, Change: 1.5283), TF Ratio: 0.885
[2026-06-16 07:37:53,859][root][INFO] - Epoch [2/5], Batch [277/300], Loss: 1.1399 (Overall: 0.8074, Change: 1.5195), TF Ratio: 0.885
[2026-06-16 07:37:54,015][root][INFO] - Epoch [2/5], Batch [278/300], Loss: 1.1401 (Overall: 0.7558, Change: 1.6367), TF Ratio: 0.884
[2026-06-16 07:37:54,181][root][INFO] - Epoch [2/5], Batch [279/300], Loss: 1.1397 (Overall: 0.6344, Change: 1.3743), TF Ratio: 0.884
[2026-06-16 07:37:56,521][root][INFO] - Epoch [2/5], Batch [280/300], Loss: 1.1396 (Overall: 0.8578, Change: 1.3672), TF Ratio: 0.884
[2026-06-16 07:37:56,677][root][INFO] - Epoch [2/5], Batch [281/300], Loss: 1.1389 (Overall: 0.8714, Change: 1.0157), TF Ratio: 0.884
[2026-06-16 07:37:56,833][root][INFO] - Epoch [2/5], Batch [282/300], Loss: 1.1396 (Overall: 0.8807, Change: 1.8246), TF Ratio: 0.884
[2026-06-16 07:37:56,987][root][INFO] - Epoch [2/5], Batch [283/300], Loss: 1.1396 (Overall: 0.7937, Change: 1.4956), TF Ratio: 0.883
[2026-06-16 07:37:57,468][root][INFO] - Epoch [2/5], Batch [284/300], Loss: 1.1402 (Overall: 0.7733, Change: 1.8470), TF Ratio: 0.883
[2026-06-16 07:37:57,622][root][INFO] - Epoch [2/5], Batch [285/300], Loss: 1.1401 (Overall: 0.9126, Change: 1.3058), TF Ratio: 0.883
[2026-06-16 07:37:57,777][root][INFO] - Epoch [2/5], Batch [286/300], Loss: 1.1394 (Overall: 0.7795, Change: 1.0605), TF Ratio: 0.883
[2026-06-16 07:37:57,931][root][INFO] - Epoch [2/5], Batch [287/300], Loss: 1.1395 (Overall: 0.7638, Change: 1.6178), TF Ratio: 0.883
[2026-06-16 07:38:09,581][root][INFO] - Epoch [2/5], Batch [288/300], Loss: 1.1397 (Overall: 0.7710, Change: 1.6163), TF Ratio: 0.882
[2026-06-16 07:38:09,739][root][INFO] - Epoch [2/5], Batch [289/300], Loss: 1.1393 (Overall: 0.8848, Change: 1.1641), TF Ratio: 0.882
[2026-06-16 07:38:09,893][root][INFO] - Epoch [2/5], Batch [290/300], Loss: 1.1388 (Overall: 0.7883, Change: 1.1617), TF Ratio: 0.882
[2026-06-16 07:38:10,046][root][INFO] - Epoch [2/5], Batch [291/300], Loss: 1.1385 (Overall: 0.6799, Change: 1.4713), TF Ratio: 0.882
[2026-06-16 07:38:10,210][root][INFO] - Epoch [2/5], Batch [292/300], Loss: 1.1377 (Overall: 0.6615, Change: 1.1044), TF Ratio: 0.882
[2026-06-16 07:38:10,366][root][INFO] - Epoch [2/5], Batch [293/300], Loss: 1.1371 (Overall: 0.7910, Change: 1.1492), TF Ratio: 0.881
[2026-06-16 07:38:10,520][root][INFO] - Epoch [2/5], Batch [294/300], Loss: 1.1374 (Overall: 1.0180, Change: 1.4393), TF Ratio: 0.881
[2026-06-16 07:38:10,674][root][INFO] - Epoch [2/5], Batch [295/300], Loss: 1.1368 (Overall: 0.7446, Change: 1.1656), TF Ratio: 0.881
[2026-06-16 07:38:10,830][root][INFO] - Epoch [2/5], Batch [296/300], Loss: 1.1363 (Overall: 0.6248, Change: 1.3755), TF Ratio: 0.881
[2026-06-16 07:38:10,986][root][INFO] - Epoch [2/5], Batch [297/300], Loss: 1.1371 (Overall: 1.2021, Change: 1.5573), TF Ratio: 0.881
[2026-06-16 07:38:11,140][root][INFO] - Epoch [2/5], Batch [298/300], Loss: 1.1374 (Overall: 1.4955, Change: 0.9228), TF Ratio: 0.880
[2026-06-16 07:38:11,295][root][INFO] - Epoch [2/5], Batch [299/300], Loss: 1.1372 (Overall: 0.7430, Change: 1.4259), TF Ratio: 0.880
[2026-06-16 07:38:12,755][root][INFO] - Epoch [2/5], Batch [300/300], Loss: 1.1374 (Overall: 0.8029, Change: 1.5917), TF Ratio: 0.880
[2026-06-16 07:38:28,383][root][INFO] - Epoch 2 done. Validating...
[2026-06-16 07:39:08,644][root][INFO] - Epoch [2/5] | Train: 1.1435 | Val: 0.7284
[2026-06-16 07:39:08,860][root][INFO] - Checkpoint saved: /gpfs/scratch/bsc32/bsc096444/ai4land-tfm/trained_models/unet_impl/41825157/best_model.pth
[2026-06-16 07:39:09,086][root][INFO] - Checkpoint saved: /gpfs/scratch/bsc32/bsc096444/ai4land-tfm/trained_models/unet_impl/41825157/model_epoch_2.pth
[2026-06-16 07:39:29,506][root][INFO] - Epoch [3/5], Batch [1/300], Loss: 1.0336 (Overall: 0.6911, Change: 1.3761), TF Ratio: 0.880
[2026-06-16 07:39:29,660][root][INFO] - Epoch [3/5], Batch [2/300], Loss: 1.0705 (Overall: 0.7514, Change: 1.4635), TF Ratio: 0.880
[2026-06-16 07:39:31,623][root][INFO] - Epoch [3/5], Batch [3/300], Loss: 1.1146 (Overall: 0.8614, Change: 1.5442), TF Ratio: 0.879
[2026-06-16 07:39:34,549][root][INFO] - Epoch [3/5], Batch [4/300], Loss: 1.0343 (Overall: 0.6783, Change: 0.9087), TF Ratio: 0.879
[2026-06-16 07:39:34,704][root][INFO] - Epoch [3/5], Batch [5/300], Loss: 1.0522 (Overall: 0.7796, Change: 1.4682), TF Ratio: 0.879
[2026-06-16 07:39:34,858][root][INFO] - Epoch [3/5], Batch [6/300], Loss: 1.0823 (Overall: 0.9201, Change: 1.5453), TF Ratio: 0.879
[2026-06-16 07:39:35,012][root][INFO] - Epoch [3/5], Batch [7/300], Loss: 1.0698 (Overall: 0.5966, Change: 1.3934), TF Ratio: 0.879
[2026-06-16 07:39:35,170][root][INFO] - Epoch [3/5], Batch [8/300], Loss: 1.0452 (Overall: 0.7070, Change: 1.0382), TF Ratio: 0.878
[2026-06-16 07:39:35,324][root][INFO] - Epoch [3/5], Batch [9/300], Loss: 1.0217 (Overall: 0.6349, Change: 1.0335), TF Ratio: 0.878
[2026-06-16 07:39:35,486][root][INFO] - Epoch [3/5], Batch [10/300], Loss: 1.0350 (Overall: 0.6653, Change: 1.6437), TF Ratio: 0.878
[2026-06-16 07:39:35,640][root][INFO] - Epoch [3/5], Batch [11/300], Loss: 1.0126 (Overall: 0.5732, Change: 1.0032), TF Ratio: 0.878
[2026-06-16 07:39:35,796][root][INFO] - Epoch [3/5], Batch [12/300], Loss: 1.0342 (Overall: 1.2016, Change: 1.3431), TF Ratio: 0.878
[2026-06-16 07:39:35,952][root][INFO] - Epoch [3/5], Batch [13/300], Loss: 1.0468 (Overall: 0.7199, Change: 1.6767), TF Ratio: 0.877
[2026-06-16 07:39:36,106][root][INFO] - Epoch [3/5], Batch [14/300], Loss: 1.0516 (Overall: 0.8734, Change: 1.3522), TF Ratio: 0.877
[2026-06-16 07:39:36,261][root][INFO] - Epoch [3/5], Batch [15/300], Loss: 1.0558 (Overall: 0.9455, Change: 1.2852), TF Ratio: 0.877
[2026-06-16 07:39:36,417][root][INFO] - Epoch [3/5], Batch [16/300], Loss: 1.0546 (Overall: 0.6414, Change: 1.4317), TF Ratio: 0.877
[2026-06-16 07:39:36,573][root][INFO] - Epoch [3/5], Batch [17/300], Loss: 1.0437 (Overall: 0.8745, Change: 0.8643), TF Ratio: 0.877
[2026-06-16 07:39:36,727][root][INFO] - Epoch [3/5], Batch [18/300], Loss: 1.0562 (Overall: 0.9121, Change: 1.6245), TF Ratio: 0.876
[2026-06-16 07:39:36,880][root][INFO] - Epoch [3/5], Batch [19/300], Loss: 1.0897 (Overall: 1.1545, Change: 2.2315), TF Ratio: 0.876
[2026-06-16 07:39:46,594][root][INFO] - Epoch [3/5], Batch [20/300], Loss: 1.0785 (Overall: 0.6418, Change: 1.0884), TF Ratio: 0.876
[2026-06-16 07:39:46,749][root][INFO] - Epoch [3/5], Batch [21/300], Loss: 1.0819 (Overall: 0.7523, Change: 1.5492), TF Ratio: 0.876
[2026-06-16 07:39:46,905][root][INFO] - Epoch [3/5], Batch [22/300], Loss: 1.1068 (Overall: 1.0906, Change: 2.1662), TF Ratio: 0.876
[2026-06-16 07:39:47,688][root][INFO] - Epoch [3/5], Batch [23/300], Loss: 1.0987 (Overall: 0.6903, Change: 1.1535), TF Ratio: 0.875
[2026-06-16 07:39:50,364][root][INFO] - Epoch [3/5], Batch [24/300], Loss: 1.0864 (Overall: 0.6286, Change: 0.9763), TF Ratio: 0.875
[2026-06-16 07:39:50,522][root][INFO] - Epoch [3/5], Batch [25/300], Loss: 1.0850 (Overall: 0.8123, Change: 1.2925), TF Ratio: 0.875
[2026-06-16 07:39:50,674][root][INFO] - Epoch [3/5], Batch [26/300], Loss: 1.0792 (Overall: 0.6425, Change: 1.2239), TF Ratio: 0.875
[2026-06-16 07:39:50,829][root][INFO] - Epoch [3/5], Batch [27/300], Loss: 1.0843 (Overall: 0.9395, Change: 1.4956), TF Ratio: 0.875
[2026-06-16 07:39:50,986][root][INFO] - Epoch [3/5], Batch [28/300], Loss: 1.0801 (Overall: 0.7097, Change: 1.2240), TF Ratio: 0.874
[2026-06-16 07:39:51,140][root][INFO] - Epoch [3/5], Batch [29/300], Loss: 1.0859 (Overall: 0.9353, Change: 1.5628), TF Ratio: 0.874
[2026-06-16 07:39:51,295][root][INFO] - Epoch [3/5], Batch [30/300], Loss: 1.0852 (Overall: 0.7504, Change: 1.3753), TF Ratio: 0.874
[2026-06-16 07:39:51,449][root][INFO] - Epoch [3/5], Batch [31/300], Loss: 1.0850 (Overall: 0.7742, Change: 1.3835), TF Ratio: 0.874
[2026-06-16 07:39:51,607][root][INFO] - Epoch [3/5], Batch [32/300], Loss: 1.0868 (Overall: 0.6303, Change: 1.6543), TF Ratio: 0.874
[2026-06-16 07:39:51,760][root][INFO] - Epoch [3/5], Batch [33/300], Loss: 1.0900 (Overall: 0.8283, Change: 1.5593), TF Ratio: 0.873
[2026-06-16 07:39:51,914][root][INFO] - Epoch [3/5], Batch [34/300], Loss: 1.0903 (Overall: 0.6312, Change: 1.5683), TF Ratio: 0.873
[2026-06-16 07:39:52,068][root][INFO] - Epoch [3/5], Batch [35/300], Loss: 1.0919 (Overall: 0.7357, Change: 1.5550), TF Ratio: 0.873
[2026-06-16 07:39:52,223][root][INFO] - Epoch [3/5], Batch [36/300], Loss: 1.0988 (Overall: 0.8163, Change: 1.8638), TF Ratio: 0.873
[2026-06-16 07:39:52,378][root][INFO] - Epoch [3/5], Batch [37/300], Loss: 1.0967 (Overall: 0.8595, Change: 1.1865), TF Ratio: 0.873
[2026-06-16 07:39:52,532][root][INFO] - Epoch [3/5], Batch [38/300], Loss: 1.0927 (Overall: 0.4969, Change: 1.3933), TF Ratio: 0.872
[2026-06-16 07:39:52,686][root][INFO] - Epoch [3/5], Batch [39/300], Loss: 1.0914 (Overall: 0.8319, Change: 1.2514), TF Ratio: 0.872
[2026-06-16 07:40:02,462][root][INFO] - Epoch [3/5], Batch [40/300], Loss: 1.0909 (Overall: 0.6532, Change: 1.4854), TF Ratio: 0.872
[2026-06-16 07:40:02,620][root][INFO] - Epoch [3/5], Batch [41/300], Loss: 1.0884 (Overall: 0.5591, Change: 1.4173), TF Ratio: 0.872
[2026-06-16 07:40:02,782][root][INFO] - Epoch [3/5], Batch [42/300], Loss: 1.0861 (Overall: 0.7805, Change: 1.2089), TF Ratio: 0.872
[2026-06-16 07:40:02,936][root][INFO] - Epoch [3/5], Batch [43/300], Loss: 1.0847 (Overall: 0.7457, Change: 1.3007), TF Ratio: 0.871
[2026-06-16 07:40:07,905][root][INFO] - Epoch [3/5], Batch [44/300], Loss: 1.0852 (Overall: 0.7702, Change: 1.4473), TF Ratio: 0.871
[2026-06-16 07:40:08,066][root][INFO] - Epoch [3/5], Batch [45/300], Loss: 1.0832 (Overall: 0.6770, Change: 1.3167), TF Ratio: 0.871
[2026-06-16 07:40:08,219][root][INFO] - Epoch [3/5], Batch [46/300], Loss: 1.0820 (Overall: 0.7214, Change: 1.3302), TF Ratio: 0.871
[2026-06-16 07:40:08,373][root][INFO] - Epoch [3/5], Batch [47/300], Loss: 1.0799 (Overall: 0.6202, Change: 1.3512), TF Ratio: 0.871
[2026-06-16 07:40:08,530][root][INFO] - Epoch [3/5], Batch [48/300], Loss: 1.0826 (Overall: 0.8691, Change: 1.5465), TF Ratio: 0.870
[2026-06-16 07:40:08,685][root][INFO] - Epoch [3/5], Batch [49/300], Loss: 1.0824 (Overall: 0.6383, Change: 1.5095), TF Ratio: 0.870
[2026-06-16 07:40:08,839][root][INFO] - Epoch [3/5], Batch [50/300], Loss: 1.0833 (Overall: 0.9229, Change: 1.3296), TF Ratio: 0.870
[2026-06-16 07:40:08,992][root][INFO] - Epoch [3/5], Batch [51/300], Loss: 1.0943 (Overall: 1.2733, Change: 2.0167), TF Ratio: 0.870
[2026-06-16 07:40:09,151][root][INFO] - Epoch [3/5], Batch [52/300], Loss: 1.0926 (Overall: 0.6222, Change: 1.3824), TF Ratio: 0.870
[2026-06-16 07:40:09,308][root][INFO] - Epoch [3/5], Batch [53/300], Loss: 1.0947 (Overall: 0.7715, Change: 1.6369), TF Ratio: 0.869
[2026-06-16 07:40:09,463][root][INFO] - Epoch [3/5], Batch [54/300], Loss: 1.0936 (Overall: 0.6381, Change: 1.4384), TF Ratio: 0.869
[2026-06-16 07:40:09,616][root][INFO] - Epoch [3/5], Batch [55/300], Loss: 1.0919 (Overall: 0.7809, Change: 1.2176), TF Ratio: 0.869
[2026-06-16 07:40:09,772][root][INFO] - Epoch [3/5], Batch [56/300], Loss: 1.0911 (Overall: 0.8060, Change: 1.2890), TF Ratio: 0.869
[2026-06-16 07:40:09,926][root][INFO] - Epoch [3/5], Batch [57/300], Loss: 1.0898 (Overall: 0.5805, Change: 1.4571), TF Ratio: 0.869
[2026-06-16 07:40:10,080][root][INFO] - Epoch [3/5], Batch [58/300], Loss: 1.0910 (Overall: 0.6459, Change: 1.6639), TF Ratio: 0.868
[2026-06-16 07:40:10,233][root][INFO] - Epoch [3/5], Batch [59/300], Loss: 1.0922 (Overall: 0.8685, Change: 1.4558), TF Ratio: 0.868
[2026-06-16 07:40:20,677][root][INFO] - Epoch [3/5], Batch [60/300], Loss: 1.0917 (Overall: 0.8299, Change: 1.3046), TF Ratio: 0.868
[2026-06-16 07:40:20,833][root][INFO] - Epoch [3/5], Batch [61/300], Loss: 1.0953 (Overall: 0.9487, Change: 1.6735), TF Ratio: 0.868
[2026-06-16 07:40:20,986][root][INFO] - Epoch [3/5], Batch [62/300], Loss: 1.0977 (Overall: 0.8654, Change: 1.6145), TF Ratio: 0.868
[2026-06-16 07:40:21,140][root][INFO] - Epoch [3/5], Batch [63/300], Loss: 1.0948 (Overall: 0.4816, Change: 1.3566), TF Ratio: 0.867
[2026-06-16 07:40:25,338][root][INFO] - Epoch [3/5], Batch [64/300], Loss: 1.0999 (Overall: 1.0157, Change: 1.8157), TF Ratio: 0.867
[2026-06-16 07:40:25,493][root][INFO] - Epoch [3/5], Batch [65/300], Loss: 1.1012 (Overall: 0.7241, Change: 1.6501), TF Ratio: 0.867
[2026-06-16 07:40:25,648][root][INFO] - Epoch [3/5], Batch [66/300], Loss: 1.1006 (Overall: 0.7049, Change: 1.4236), TF Ratio: 0.867
[2026-06-16 07:40:25,802][root][INFO] - Epoch [3/5], Batch [67/300], Loss: 1.0983 (Overall: 0.6665, Change: 1.2275), TF Ratio: 0.867
[2026-06-16 07:40:25,958][root][INFO] - Epoch [3/5], Batch [68/300], Loss: 1.0986 (Overall: 0.9362, Change: 1.2920), TF Ratio: 0.866
[2026-06-16 07:40:26,124][root][INFO] - Epoch [3/5], Batch [69/300], Loss: 1.1052 (Overall: 0.7199, Change: 2.3903), TF Ratio: 0.866
[2026-06-16 07:40:26,279][root][INFO] - Epoch [3/5], Batch [70/300], Loss: 1.1024 (Overall: 0.5964, Change: 1.2290), TF Ratio: 0.866
[2026-06-16 07:40:26,434][root][INFO] - Epoch [3/5], Batch [71/300], Loss: 1.1037 (Overall: 0.8450, Change: 1.5451), TF Ratio: 0.866
[2026-06-16 07:40:26,590][root][INFO] - Epoch [3/5], Batch [72/300], Loss: 1.1049 (Overall: 0.6455, Change: 1.7321), TF Ratio: 0.866
[2026-06-16 07:40:26,745][root][INFO] - Epoch [3/5], Batch [73/300], Loss: 1.1032 (Overall: 0.7228, Change: 1.2301), TF Ratio: 0.865
[2026-06-16 07:40:26,898][root][INFO] - Epoch [3/5], Batch [74/300], Loss: 1.1031 (Overall: 0.8345, Change: 1.3675), TF Ratio: 0.865
[2026-06-16 07:40:27,052][root][INFO] - Epoch [3/5], Batch [75/300], Loss: 1.1020 (Overall: 0.8038, Change: 1.2338), TF Ratio: 0.865
[2026-06-16 07:40:27,212][root][INFO] - Epoch [3/5], Batch [76/300], Loss: 1.1035 (Overall: 1.0070, Change: 1.4159), TF Ratio: 0.865
[2026-06-16 07:40:27,367][root][INFO] - Epoch [3/5], Batch [77/300], Loss: 1.1040 (Overall: 0.6108, Change: 1.6854), TF Ratio: 0.865
[2026-06-16 07:40:27,521][root][INFO] - Epoch [3/5], Batch [78/300], Loss: 1.1064 (Overall: 1.0478, Change: 1.5288), TF Ratio: 0.864
[2026-06-16 07:40:27,675][root][INFO] - Epoch [3/5], Batch [79/300], Loss: 1.1073 (Overall: 0.5747, Change: 1.7781), TF Ratio: 0.864
[2026-06-16 07:40:36,904][root][INFO] - Epoch [3/5], Batch [80/300], Loss: 1.1072 (Overall: 0.8508, Change: 1.3449), TF Ratio: 0.864
[2026-06-16 07:40:37,060][root][INFO] - Epoch [3/5], Batch [81/300], Loss: 1.1051 (Overall: 0.6267, Change: 1.2518), TF Ratio: 0.864
[2026-06-16 07:40:37,214][root][INFO] - Epoch [3/5], Batch [82/300], Loss: 1.1054 (Overall: 0.9879, Change: 1.2648), TF Ratio: 0.864
[2026-06-16 07:40:37,370][root][INFO] - Epoch [3/5], Batch [83/300], Loss: 1.1064 (Overall: 0.8284, Change: 1.5591), TF Ratio: 0.863
[2026-06-16 07:40:44,136][root][INFO] - Epoch [3/5], Batch [84/300], Loss: 1.1076 (Overall: 1.0993, Change: 1.3065), TF Ratio: 0.863
[2026-06-16 07:40:44,294][root][INFO] - Epoch [3/5], Batch [85/300], Loss: 1.1053 (Overall: 0.7206, Change: 1.1148), TF Ratio: 0.863
[2026-06-16 07:40:44,448][root][INFO] - Epoch [3/5], Batch [86/300], Loss: 1.1074 (Overall: 1.1060, Change: 1.4613), TF Ratio: 0.863
[2026-06-16 07:40:44,603][root][INFO] - Epoch [3/5], Batch [87/300], Loss: 1.1075 (Overall: 0.8640, Change: 1.3736), TF Ratio: 0.863
[2026-06-16 07:40:44,758][root][INFO] - Epoch [3/5], Batch [88/300], Loss: 1.1075 (Overall: 0.8976, Change: 1.3039), TF Ratio: 0.862
[2026-06-16 07:40:44,914][root][INFO] - Epoch [3/5], Batch [89/300], Loss: 1.1059 (Overall: 0.6839, Change: 1.2493), TF Ratio: 0.862
[2026-06-16 07:40:45,068][root][INFO] - Epoch [3/5], Batch [90/300], Loss: 1.1075 (Overall: 1.0737, Change: 1.4247), TF Ratio: 0.862
[2026-06-16 07:40:45,222][root][INFO] - Epoch [3/5], Batch [91/300], Loss: 1.1097 (Overall: 0.8719, Change: 1.7458), TF Ratio: 0.862
[2026-06-16 07:40:45,378][root][INFO] - Epoch [3/5], Batch [92/300], Loss: 1.1096 (Overall: 0.8976, Change: 1.3061), TF Ratio: 0.862
[2026-06-16 07:40:45,534][root][INFO] - Epoch [3/5], Batch [93/300], Loss: 1.1092 (Overall: 0.9150, Change: 1.2248), TF Ratio: 0.861
[2026-06-16 07:40:45,688][root][INFO] - Epoch [3/5], Batch [94/300], Loss: 1.1109 (Overall: 1.3454, Change: 1.2030), TF Ratio: 0.861
[2026-06-16 07:40:45,842][root][INFO] - Epoch [3/5], Batch [95/300], Loss: 1.1087 (Overall: 0.7257, Change: 1.0778), TF Ratio: 0.861
[2026-06-16 07:40:45,999][root][INFO] - Epoch [3/5], Batch [96/300], Loss: 1.1094 (Overall: 0.7375, Change: 1.6162), TF Ratio: 0.861
[2026-06-16 07:40:46,153][root][INFO] - Epoch [3/5], Batch [97/300], Loss: 1.1103 (Overall: 0.8462, Change: 1.5335), TF Ratio: 0.861
[2026-06-16 07:40:46,307][root][INFO] - Epoch [3/5], Batch [98/300], Loss: 1.1114 (Overall: 0.5146, Change: 1.9208), TF Ratio: 0.860
[2026-06-16 07:40:46,461][root][INFO] - Epoch [3/5], Batch [99/300], Loss: 1.1126 (Overall: 0.7662, Change: 1.7063), TF Ratio: 0.860
[2026-06-16 07:40:53,636][root][INFO] - Epoch [3/5], Batch [100/300], Loss: 1.1113 (Overall: 0.8515, Change: 1.1164), TF Ratio: 0.860
[2026-06-16 07:40:53,793][root][INFO] - Epoch [3/5], Batch [101/300], Loss: 1.1127 (Overall: 0.9385, Change: 1.5605), TF Ratio: 0.860
[2026-06-16 07:40:53,948][root][INFO] - Epoch [3/5], Batch [102/300], Loss: 1.1106 (Overall: 0.6299, Change: 1.1595), TF Ratio: 0.860
[2026-06-16 07:40:54,101][root][INFO] - Epoch [3/5], Batch [103/300], Loss: 1.1139 (Overall: 0.7723, Change: 2.1306), TF Ratio: 0.859
[2026-06-16 07:41:01,378][root][INFO] - Epoch [3/5], Batch [104/300], Loss: 1.1119 (Overall: 0.7935, Change: 1.0297), TF Ratio: 0.859
[2026-06-16 07:41:01,535][root][INFO] - Epoch [3/5], Batch [105/300], Loss: 1.1109 (Overall: 0.7271, Change: 1.2795), TF Ratio: 0.859
[2026-06-16 07:41:01,689][root][INFO] - Epoch [3/5], Batch [106/300], Loss: 1.1095 (Overall: 0.6709, Change: 1.2454), TF Ratio: 0.859
[2026-06-16 07:41:01,842][root][INFO] - Epoch [3/5], Batch [107/300], Loss: 1.1105 (Overall: 0.9207, Change: 1.5240), TF Ratio: 0.859
[2026-06-16 07:41:01,997][root][INFO] - Epoch [3/5], Batch [108/300], Loss: 1.1102 (Overall: 0.7072, Change: 1.4479), TF Ratio: 0.858
[2026-06-16 07:41:02,155][root][INFO] - Epoch [3/5], Batch [109/300], Loss: 1.1104 (Overall: 0.8190, Change: 1.4534), TF Ratio: 0.858
[2026-06-16 07:41:02,309][root][INFO] - Epoch [3/5], Batch [110/300], Loss: 1.1107 (Overall: 0.9466, Change: 1.3298), TF Ratio: 0.858
[2026-06-16 07:41:02,463][root][INFO] - Epoch [3/5], Batch [111/300], Loss: 1.1115 (Overall: 0.5781, Change: 1.8281), TF Ratio: 0.858
[2026-06-16 07:41:02,619][root][INFO] - Epoch [3/5], Batch [112/300], Loss: 1.1120 (Overall: 0.9464, Change: 1.3740), TF Ratio: 0.858
[2026-06-16 07:41:02,774][root][INFO] - Epoch [3/5], Batch [113/300], Loss: 1.1125 (Overall: 1.0907, Change: 1.2486), TF Ratio: 0.857
[2026-06-16 07:41:02,928][root][INFO] - Epoch [3/5], Batch [114/300], Loss: 1.1136 (Overall: 0.9160, Change: 1.5629), TF Ratio: 0.857
[2026-06-16 07:41:03,102][root][INFO] - Epoch [3/5], Batch [115/300], Loss: 1.1097 (Overall: 0.6626, Change: 0.6681), TF Ratio: 0.857
[2026-06-16 07:41:03,258][root][INFO] - Epoch [3/5], Batch [116/300], Loss: 1.1104 (Overall: 1.0803, Change: 1.3158), TF Ratio: 0.857
[2026-06-16 07:41:03,414][root][INFO] - Epoch [3/5], Batch [117/300], Loss: 1.1134 (Overall: 1.0022, Change: 1.8977), TF Ratio: 0.857
[2026-06-16 07:41:03,568][root][INFO] - Epoch [3/5], Batch [118/300], Loss: 1.1130 (Overall: 0.8474, Change: 1.3070), TF Ratio: 0.856
[2026-06-16 07:41:03,723][root][INFO] - Epoch [3/5], Batch [119/300], Loss: 1.1116 (Overall: 0.6074, Change: 1.2822), TF Ratio: 0.856
[2026-06-16 07:41:09,347][root][INFO] - Epoch [3/5], Batch [120/300], Loss: 1.1116 (Overall: 0.6731, Change: 1.5531), TF Ratio: 0.856
[2026-06-16 07:41:09,502][root][INFO] - Epoch [3/5], Batch [121/300], Loss: 1.1099 (Overall: 0.6805, Change: 1.1145), TF Ratio: 0.856
[2026-06-16 07:41:10,101][root][INFO] - Epoch [3/5], Batch [122/300], Loss: 1.1113 (Overall: 1.1677, Change: 1.4051), TF Ratio: 0.856
[2026-06-16 07:41:10,254][root][INFO] - Epoch [3/5], Batch [123/300], Loss: 1.1120 (Overall: 0.5823, Change: 1.8104), TF Ratio: 0.855
[2026-06-16 07:41:17,875][root][INFO] - Epoch [3/5], Batch [124/300], Loss: 1.1110 (Overall: 0.7063, Change: 1.2716), TF Ratio: 0.855
[2026-06-16 07:41:18,034][root][INFO] - Epoch [3/5], Batch [125/300], Loss: 1.1122 (Overall: 0.6833, Change: 1.8305), TF Ratio: 0.855
[2026-06-16 07:41:18,188][root][INFO] - Epoch [3/5], Batch [126/300], Loss: 1.1129 (Overall: 1.1764, Change: 1.2269), TF Ratio: 0.855
[2026-06-16 07:41:18,342][root][INFO] - Epoch [3/5], Batch [127/300], Loss: 1.1121 (Overall: 0.7983, Change: 1.2333), TF Ratio: 0.855
[2026-06-16 07:41:18,501][root][INFO] - Epoch [3/5], Batch [128/300], Loss: 1.1131 (Overall: 1.0082, Change: 1.4608), TF Ratio: 0.854
[2026-06-16 07:41:18,656][root][INFO] - Epoch [3/5], Batch [129/300], Loss: 1.1145 (Overall: 0.9883, Change: 1.6025), TF Ratio: 0.854
[2026-06-16 07:41:18,809][root][INFO] - Epoch [3/5], Batch [130/300], Loss: 1.1143 (Overall: 0.6549, Change: 1.5217), TF Ratio: 0.854
[2026-06-16 07:41:18,963][root][INFO] - Epoch [3/5], Batch [131/300], Loss: 1.1160 (Overall: 0.8685, Change: 1.8006), TF Ratio: 0.854
[2026-06-16 07:41:19,122][root][INFO] - Epoch [3/5], Batch [132/300], Loss: 1.1145 (Overall: 0.4949, Change: 1.3364), TF Ratio: 0.854
[2026-06-16 07:41:19,279][root][INFO] - Epoch [3/5], Batch [133/300], Loss: 1.1130 (Overall: 0.7874, Change: 1.0568), TF Ratio: 0.853
[2026-06-16 07:41:19,433][root][INFO] - Epoch [3/5], Batch [134/300], Loss: 1.1117 (Overall: 0.7784, Change: 1.1071), TF Ratio: 0.853
[2026-06-16 07:41:19,588][root][INFO] - Epoch [3/5], Batch [135/300], Loss: 1.1129 (Overall: 0.7185, Change: 1.8277), TF Ratio: 0.853
[2026-06-16 07:41:19,745][root][INFO] - Epoch [3/5], Batch [136/300], Loss: 1.1154 (Overall: 1.4812, Change: 1.4219), TF Ratio: 0.853
[2026-06-16 07:41:19,916][root][INFO] - Epoch [3/5], Batch [137/300], Loss: 1.1153 (Overall: 0.7496, Change: 1.4483), TF Ratio: 0.853
[2026-06-16 07:41:20,070][root][INFO] - Epoch [3/5], Batch [138/300], Loss: 1.1149 (Overall: 0.6411, Change: 1.4631), TF Ratio: 0.852
[2026-06-16 07:41:20,223][root][INFO] - Epoch [3/5], Batch [139/300], Loss: 1.1141 (Overall: 0.5907, Change: 1.4197), TF Ratio: 0.852
[2026-06-16 07:41:28,260][root][INFO] - Epoch [3/5], Batch [140/300], Loss: 1.1129 (Overall: 0.7655, Change: 1.1454), TF Ratio: 0.852
[2026-06-16 07:41:28,416][root][INFO] - Epoch [3/5], Batch [141/300], Loss: 1.1129 (Overall: 0.7928, Change: 1.4190), TF Ratio: 0.852
[2026-06-16 07:41:28,571][root][INFO] - Epoch [3/5], Batch [142/300], Loss: 1.1136 (Overall: 0.7490, Change: 1.6814), TF Ratio: 0.852
[2026-06-16 07:41:28,724][root][INFO] - Epoch [3/5], Batch [143/300], Loss: 1.1119 (Overall: 0.7686, Change: 0.9727), TF Ratio: 0.851
[2026-06-16 07:41:34,389][root][INFO] - Epoch [3/5], Batch [144/300], Loss: 1.1125 (Overall: 0.7606, Change: 1.6265), TF Ratio: 0.851
[2026-06-16 07:41:34,546][root][INFO] - Epoch [3/5], Batch [145/300], Loss: 1.1120 (Overall: 0.6476, Change: 1.4312), TF Ratio: 0.851
[2026-06-16 07:41:34,701][root][INFO] - Epoch [3/5], Batch [146/300], Loss: 1.1142 (Overall: 1.0699, Change: 1.8191), TF Ratio: 0.851
[2026-06-16 07:41:34,856][root][INFO] - Epoch [3/5], Batch [147/300], Loss: 1.1113 (Overall: 0.7089, Change: 0.6415), TF Ratio: 0.851
[2026-06-16 07:41:35,010][root][INFO] - Epoch [3/5], Batch [148/300], Loss: 1.1094 (Overall: 0.6719, Change: 1.0121), TF Ratio: 0.850
[2026-06-16 07:41:35,164][root][INFO] - Epoch [3/5], Batch [149/300], Loss: 1.1094 (Overall: 0.7770, Change: 1.4302), TF Ratio: 0.850
[2026-06-16 07:41:35,318][root][INFO] - Epoch [3/5], Batch [150/300], Loss: 1.1104 (Overall: 1.0048, Change: 1.5137), TF Ratio: 0.850
[2026-06-16 07:41:35,472][root][INFO] - Epoch [3/5], Batch [151/300], Loss: 1.1109 (Overall: 0.6578, Change: 1.7044), TF Ratio: 0.850
[2026-06-16 07:41:35,630][root][INFO] - Epoch [3/5], Batch [152/300], Loss: 1.1114 (Overall: 1.0242, Change: 1.3677), TF Ratio: 0.850
[2026-06-16 07:41:35,793][root][INFO] - Epoch [3/5], Batch [153/300], Loss: 1.1106 (Overall: 0.8759, Change: 1.0973), TF Ratio: 0.849
[2026-06-16 07:41:35,946][root][INFO] - Epoch [3/5], Batch [154/300], Loss: 1.1092 (Overall: 0.5492, Change: 1.2505), TF Ratio: 0.849
[2026-06-16 07:41:36,099][root][INFO] - Epoch [3/5], Batch [155/300], Loss: 1.1101 (Overall: 0.9885, Change: 1.4818), TF Ratio: 0.849
[2026-06-16 07:41:36,254][root][INFO] - Epoch [3/5], Batch [156/300], Loss: 1.1104 (Overall: 0.8079, Change: 1.5141), TF Ratio: 0.849
[2026-06-16 07:41:36,409][root][INFO] - Epoch [3/5], Batch [157/300], Loss: 1.1093 (Overall: 0.5440, Change: 1.3277), TF Ratio: 0.849
[2026-06-16 07:41:36,563][root][INFO] - Epoch [3/5], Batch [158/300], Loss: 1.1092 (Overall: 0.5420, Change: 1.6661), TF Ratio: 0.848
[2026-06-16 07:41:36,717][root][INFO] - Epoch [3/5], Batch [159/300], Loss: 1.1096 (Overall: 0.9259, Change: 1.4178), TF Ratio: 0.848
[2026-06-16 07:41:45,450][root][INFO] - Epoch [3/5], Batch [160/300], Loss: 1.1093 (Overall: 0.7205, Change: 1.3985), TF Ratio: 0.848
[2026-06-16 07:41:45,607][root][INFO] - Epoch [3/5], Batch [161/300], Loss: 1.1102 (Overall: 0.5998, Change: 1.9029), TF Ratio: 0.848
[2026-06-16 07:41:45,761][root][INFO] - Epoch [3/5], Batch [162/300], Loss: 1.1098 (Overall: 0.8640, Change: 1.2217), TF Ratio: 0.848
[2026-06-16 07:41:45,914][root][INFO] - Epoch [3/5], Batch [163/300], Loss: 1.1091 (Overall: 0.7497, Change: 1.2519), TF Ratio: 0.847
[2026-06-16 07:41:51,962][root][INFO] - Epoch [3/5], Batch [164/300], Loss: 1.1100 (Overall: 0.8782, Change: 1.6212), TF Ratio: 0.847
[2026-06-16 07:41:52,120][root][INFO] - Epoch [3/5], Batch [165/300], Loss: 1.1099 (Overall: 0.8083, Change: 1.3757), TF Ratio: 0.847
[2026-06-16 07:41:52,273][root][INFO] - Epoch [3/5], Batch [166/300], Loss: 1.1091 (Overall: 0.8758, Change: 1.0991), TF Ratio: 0.847
[2026-06-16 07:41:52,427][root][INFO] - Epoch [3/5], Batch [167/300], Loss: 1.1092 (Overall: 0.9278, Change: 1.3173), TF Ratio: 0.847
[2026-06-16 07:41:52,585][root][INFO] - Epoch [3/5], Batch [168/300], Loss: 1.1100 (Overall: 0.8514, Change: 1.6198), TF Ratio: 0.846
[2026-06-16 07:41:52,741][root][INFO] - Epoch [3/5], Batch [169/300], Loss: 1.1090 (Overall: 0.5825, Change: 1.3265), TF Ratio: 0.846
[2026-06-16 07:41:52,896][root][INFO] - Epoch [3/5], Batch [170/300], Loss: 1.1089 (Overall: 0.6624, Change: 1.5092), TF Ratio: 0.846
[2026-06-16 07:41:53,050][root][INFO] - Epoch [3/5], Batch [171/300], Loss: 1.1090 (Overall: 0.7290, Change: 1.5195), TF Ratio: 0.846
[2026-06-16 07:41:53,207][root][INFO] - Epoch [3/5], Batch [172/300], Loss: 1.1079 (Overall: 0.6321, Change: 1.2167), TF Ratio: 0.846
[2026-06-16 07:41:53,362][root][INFO] - Epoch [3/5], Batch [173/300], Loss: 1.1090 (Overall: 0.9922, Change: 1.5818), TF Ratio: 0.845
[2026-06-16 07:41:53,515][root][INFO] - Epoch [3/5], Batch [174/300], Loss: 1.1090 (Overall: 0.6942, Change: 1.5497), TF Ratio: 0.845
[2026-06-16 07:41:53,670][root][INFO] - Epoch [3/5], Batch [175/300], Loss: 1.1103 (Overall: 0.9810, Change: 1.6651), TF Ratio: 0.845
[2026-06-16 07:41:53,839][root][INFO] - Epoch [3/5], Batch [176/300], Loss: 1.1102 (Overall: 0.6530, Change: 1.5596), TF Ratio: 0.845
[2026-06-16 07:41:53,993][root][INFO] - Epoch [3/5], Batch [177/300], Loss: 1.1102 (Overall: 0.9130, Change: 1.3082), TF Ratio: 0.845
[2026-06-16 07:41:54,147][root][INFO] - Epoch [3/5], Batch [178/300], Loss: 1.1111 (Overall: 0.7019, Change: 1.8331), TF Ratio: 0.844
[2026-06-16 07:41:54,302][root][INFO] - Epoch [3/5], Batch [179/300], Loss: 1.1106 (Overall: 0.6015, Change: 1.4531), TF Ratio: 0.844
[2026-06-16 07:42:01,890][root][INFO] - Epoch [3/5], Batch [180/300], Loss: 1.1099 (Overall: 0.7913, Change: 1.1713), TF Ratio: 0.844
[2026-06-16 07:42:02,047][root][INFO] - Epoch [3/5], Batch [181/300], Loss: 1.1099 (Overall: 0.7449, Change: 1.4583), TF Ratio: 0.844
[2026-06-16 07:42:02,201][root][INFO] - Epoch [3/5], Batch [182/300], Loss: 1.1105 (Overall: 1.0333, Change: 1.4080), TF Ratio: 0.844
[2026-06-16 07:42:02,355][root][INFO] - Epoch [3/5], Batch [183/300], Loss: 1.1104 (Overall: 0.6448, Change: 1.5558), TF Ratio: 0.843
[2026-06-16 07:42:08,550][root][INFO] - Epoch [3/5], Batch [184/300], Loss: 1.1110 (Overall: 1.0555, Change: 1.3883), TF Ratio: 0.843
[2026-06-16 07:42:08,706][root][INFO] - Epoch [3/5], Batch [185/300], Loss: 1.1114 (Overall: 1.0719, Change: 1.2832), TF Ratio: 0.843
[2026-06-16 07:42:08,860][root][INFO] - Epoch [3/5], Batch [186/300], Loss: 1.1111 (Overall: 0.6497, Change: 1.4791), TF Ratio: 0.843
[2026-06-16 07:42:09,013][root][INFO] - Epoch [3/5], Batch [187/300], Loss: 1.1104 (Overall: 0.6679, Change: 1.2859), TF Ratio: 0.843
[2026-06-16 07:42:09,171][root][INFO] - Epoch [3/5], Batch [188/300], Loss: 1.1103 (Overall: 0.6179, Change: 1.5683), TF Ratio: 0.842
[2026-06-16 07:42:09,326][root][INFO] - Epoch [3/5], Batch [189/300], Loss: 1.1109 (Overall: 1.0441, Change: 1.4062), TF Ratio: 0.842
[2026-06-16 07:42:09,480][root][INFO] - Epoch [3/5], Batch [190/300], Loss: 1.1106 (Overall: 0.6021, Change: 1.4861), TF Ratio: 0.842
[2026-06-16 07:42:09,644][root][INFO] - Epoch [3/5], Batch [191/300], Loss: 1.1106 (Overall: 0.7638, Change: 1.4534), TF Ratio: 0.842
[2026-06-16 07:42:09,799][root][INFO] - Epoch [3/5], Batch [192/300], Loss: 1.1106 (Overall: 0.8921, Change: 1.3504), TF Ratio: 0.842
[2026-06-16 07:42:09,956][root][INFO] - Epoch [3/5], Batch [193/300], Loss: 1.1122 (Overall: 0.7915, Change: 2.0252), TF Ratio: 0.841
[2026-06-16 07:42:10,109][root][INFO] - Epoch [3/5], Batch [194/300], Loss: 1.1115 (Overall: 0.7262, Change: 1.2389), TF Ratio: 0.841
[2026-06-16 07:42:10,263][root][INFO] - Epoch [3/5], Batch [195/300], Loss: 1.1109 (Overall: 0.6855, Change: 1.2886), TF Ratio: 0.841
[2026-06-16 07:42:10,427][root][INFO] - Epoch [3/5], Batch [196/300], Loss: 1.1110 (Overall: 0.7480, Change: 1.5208), TF Ratio: 0.841
[2026-06-16 07:42:10,582][root][INFO] - Epoch [3/5], Batch [197/300], Loss: 1.1105 (Overall: 0.7369, Change: 1.2822), TF Ratio: 0.841
[2026-06-16 07:42:10,744][root][INFO] - Epoch [3/5], Batch [198/300], Loss: 1.1093 (Overall: 0.5306, Change: 1.2384), TF Ratio: 0.840
[2026-06-16 07:42:10,898][root][INFO] - Epoch [3/5], Batch [199/300], Loss: 1.1085 (Overall: 0.6428, Change: 1.2553), TF Ratio: 0.840
[2026-06-16 07:42:19,111][root][INFO] - Epoch [3/5], Batch [200/300], Loss: 1.1081 (Overall: 0.6046, Change: 1.4243), TF Ratio: 0.840
[2026-06-16 07:42:19,272][root][INFO] - Epoch [3/5], Batch [201/300], Loss: 1.1078 (Overall: 0.6551, Change: 1.4737), TF Ratio: 0.840
[2026-06-16 07:42:19,426][root][INFO] - Epoch [3/5], Batch [202/300], Loss: 1.1076 (Overall: 0.8542, Change: 1.2463), TF Ratio: 0.840
[2026-06-16 07:42:19,579][root][INFO] - Epoch [3/5], Batch [203/300], Loss: 1.1071 (Overall: 0.6123, Change: 1.4031), TF Ratio: 0.839
[2026-06-16 07:42:25,032][root][INFO] - Epoch [3/5], Batch [204/300], Loss: 1.1064 (Overall: 0.6866, Change: 1.2714), TF Ratio: 0.839
[2026-06-16 07:42:25,189][root][INFO] - Epoch [3/5], Batch [205/300], Loss: 1.1060 (Overall: 0.9043, Change: 1.1491), TF Ratio: 0.839
[2026-06-16 07:42:25,352][root][INFO] - Epoch [3/5], Batch [206/300], Loss: 1.1056 (Overall: 0.7229, Change: 1.2871), TF Ratio: 0.839
[2026-06-16 07:42:25,505][root][INFO] - Epoch [3/5], Batch [207/300], Loss: 1.1050 (Overall: 0.5717, Change: 1.3967), TF Ratio: 0.839
[2026-06-16 07:42:25,664][root][INFO] - Epoch [3/5], Batch [208/300], Loss: 1.1050 (Overall: 0.7232, Change: 1.5107), TF Ratio: 0.838
[2026-06-16 07:42:25,819][root][INFO] - Epoch [3/5], Batch [209/300], Loss: 1.1057 (Overall: 1.0020, Change: 1.4966), TF Ratio: 0.838
[2026-06-16 07:42:25,973][root][INFO] - Epoch [3/5], Batch [210/300], Loss: 1.1047 (Overall: 0.4970, Change: 1.2938), TF Ratio: 0.838
[2026-06-16 07:42:26,128][root][INFO] - Epoch [3/5], Batch [211/300], Loss: 1.1037 (Overall: 0.4719, Change: 1.3250), TF Ratio: 0.838
[2026-06-16 07:42:26,283][root][INFO] - Epoch [3/5], Batch [212/300], Loss: 1.1034 (Overall: 0.7612, Change: 1.2900), TF Ratio: 0.838
[2026-06-16 07:42:26,438][root][INFO] - Epoch [3/5], Batch [213/300], Loss: 1.1025 (Overall: 0.7817, Change: 1.0492), TF Ratio: 0.837
[2026-06-16 07:42:26,592][root][INFO] - Epoch [3/5], Batch [214/300], Loss: 1.1015 (Overall: 0.6285, Change: 1.1616), TF Ratio: 0.837
[2026-06-16 07:42:26,760][root][INFO] - Epoch [3/5], Batch [215/300], Loss: 1.1015 (Overall: 0.7633, Change: 1.4263), TF Ratio: 0.837
[2026-06-16 07:42:26,914][root][INFO] - Epoch [3/5], Batch [216/300], Loss: 1.1018 (Overall: 0.7444, Change: 1.5736), TF Ratio: 0.837
[2026-06-16 07:42:27,070][root][INFO] - Epoch [3/5], Batch [217/300], Loss: 1.1018 (Overall: 0.8312, Change: 1.3833), TF Ratio: 0.837
[2026-06-16 07:42:27,224][root][INFO] - Epoch [3/5], Batch [218/300], Loss: 1.1005 (Overall: 0.5140, Change: 1.1218), TF Ratio: 0.836
[2026-06-16 07:42:27,377][root][INFO] - Epoch [3/5], Batch [219/300], Loss: 1.1001 (Overall: 0.8800, Change: 1.1500), TF Ratio: 0.836
[2026-06-16 07:42:36,380][root][INFO] - Epoch [3/5], Batch [220/300], Loss: 1.1004 (Overall: 1.0905, Change: 1.2584), TF Ratio: 0.836
[2026-06-16 07:42:36,536][root][INFO] - Epoch [3/5], Batch [221/300], Loss: 1.1014 (Overall: 1.2319, Change: 1.3892), TF Ratio: 0.836
[2026-06-16 07:42:36,689][root][INFO] - Epoch [3/5], Batch [222/300], Loss: 1.1006 (Overall: 0.8332, Change: 1.0149), TF Ratio: 0.836
[2026-06-16 07:42:36,842][root][INFO] - Epoch [3/5], Batch [223/300], Loss: 1.1003 (Overall: 0.7563, Change: 1.3172), TF Ratio: 0.835
[2026-06-16 07:42:42,884][root][INFO] - Epoch [3/5], Batch [224/300], Loss: 1.0997 (Overall: 0.5450, Change: 1.4048), TF Ratio: 0.835
[2026-06-16 07:42:43,040][root][INFO] - Epoch [3/5], Batch [225/300], Loss: 1.0989 (Overall: 0.8899, Change: 0.9349), TF Ratio: 0.835
[2026-06-16 07:42:43,194][root][INFO] - Epoch [3/5], Batch [226/300], Loss: 1.0985 (Overall: 0.8883, Change: 1.1403), TF Ratio: 0.835
[2026-06-16 07:42:43,348][root][INFO] - Epoch [3/5], Batch [227/300], Loss: 1.0984 (Overall: 0.9175, Change: 1.2226), TF Ratio: 0.835
[2026-06-16 07:42:43,504][root][INFO] - Epoch [3/5], Batch [228/300], Loss: 1.0991 (Overall: 1.1051, Change: 1.3943), TF Ratio: 0.834
[2026-06-16 07:42:43,661][root][INFO] - Epoch [3/5], Batch [229/300], Loss: 1.0992 (Overall: 0.7632, Change: 1.4797), TF Ratio: 0.834
[2026-06-16 07:42:43,814][root][INFO] - Epoch [3/5], Batch [230/300], Loss: 1.1002 (Overall: 1.0736, Change: 1.5910), TF Ratio: 0.834
[2026-06-16 07:42:43,968][root][INFO] - Epoch [3/5], Batch [231/300], Loss: 1.1025 (Overall: 1.5181, Change: 1.7587), TF Ratio: 0.834
[2026-06-16 07:42:44,136][root][INFO] - Epoch [3/5], Batch [232/300], Loss: 1.1028 (Overall: 0.8747, Change: 1.4742), TF Ratio: 0.834
[2026-06-16 07:42:44,292][root][INFO] - Epoch [3/5], Batch [233/300], Loss: 1.1034 (Overall: 0.9940, Change: 1.5023), TF Ratio: 0.833
[2026-06-16 07:42:44,446][root][INFO] - Epoch [3/5], Batch [234/300], Loss: 1.1029 (Overall: 0.7118, Change: 1.2389), TF Ratio: 0.833
[2026-06-16 07:42:44,599][root][INFO] - Epoch [3/5], Batch [235/300], Loss: 1.1027 (Overall: 0.7584, Change: 1.3754), TF Ratio: 0.833
[2026-06-16 07:42:44,757][root][INFO] - Epoch [3/5], Batch [236/300], Loss: 1.1025 (Overall: 0.7629, Change: 1.3296), TF Ratio: 0.833
[2026-06-16 07:42:44,912][root][INFO] - Epoch [3/5], Batch [237/300], Loss: 1.1026 (Overall: 0.9054, Change: 1.3447), TF Ratio: 0.833
[2026-06-16 07:42:45,066][root][INFO] - Epoch [3/5], Batch [238/300], Loss: 1.1038 (Overall: 1.2124, Change: 1.5706), TF Ratio: 0.832
[2026-06-16 07:42:45,219][root][INFO] - Epoch [3/5], Batch [239/300], Loss: 1.1029 (Overall: 0.4885, Change: 1.2979), TF Ratio: 0.832
[2026-06-16 07:42:53,933][root][INFO] - Epoch [3/5], Batch [240/300], Loss: 1.1061 (Overall: 0.8589, Change: 2.8932), TF Ratio: 0.832
[2026-06-16 07:42:54,090][root][INFO] - Epoch [3/5], Batch [241/300], Loss: 1.1043 (Overall: 0.5179, Change: 0.8091), TF Ratio: 0.832
[2026-06-16 07:42:54,243][root][INFO] - Epoch [3/5], Batch [242/300], Loss: 1.1042 (Overall: 0.7723, Change: 1.3690), TF Ratio: 0.832
[2026-06-16 07:42:54,403][root][INFO] - Epoch [3/5], Batch [243/300], Loss: 1.1028 (Overall: 0.6293, Change: 0.9163), TF Ratio: 0.831
[2026-06-16 07:42:58,854][root][INFO] - Epoch [3/5], Batch [244/300], Loss: 1.1022 (Overall: 0.7645, Change: 1.1653), TF Ratio: 0.831
[2026-06-16 07:42:59,010][root][INFO] - Epoch [3/5], Batch [245/300], Loss: 1.1015 (Overall: 0.8558, Change: 0.9838), TF Ratio: 0.831
[2026-06-16 07:42:59,164][root][INFO] - Epoch [3/5], Batch [246/300], Loss: 1.1020 (Overall: 0.9020, Change: 1.5584), TF Ratio: 0.831
[2026-06-16 07:42:59,319][root][INFO] - Epoch [3/5], Batch [247/300], Loss: 1.1020 (Overall: 0.8490, Change: 1.3563), TF Ratio: 0.831
[2026-06-16 07:42:59,475][root][INFO] - Epoch [3/5], Batch [248/300], Loss: 1.1014 (Overall: 0.7512, Change: 1.1377), TF Ratio: 0.830
[2026-06-16 07:42:59,630][root][INFO] - Epoch [3/5], Batch [249/300], Loss: 1.1012 (Overall: 0.6813, Change: 1.4199), TF Ratio: 0.830
[2026-06-16 07:42:59,784][root][INFO] - Epoch [3/5], Batch [250/300], Loss: 1.0998 (Overall: 0.6124, Change: 0.8837), TF Ratio: 0.830
[2026-06-16 07:42:59,938][root][INFO] - Epoch [3/5], Batch [251/300], Loss: 1.0984 (Overall: 0.4799, Change: 1.0271), TF Ratio: 0.830
[2026-06-16 07:43:00,096][root][INFO] - Epoch [3/5], Batch [252/300], Loss: 1.0983 (Overall: 0.6758, Change: 1.4649), TF Ratio: 0.830
[2026-06-16 07:43:00,252][root][INFO] - Epoch [3/5], Batch [253/300], Loss: 1.0982 (Overall: 0.5678, Change: 1.5956), TF Ratio: 0.829
[2026-06-16 07:43:00,416][root][INFO] - Epoch [3/5], Batch [254/300], Loss: 1.0986 (Overall: 0.9296, Change: 1.4489), TF Ratio: 0.829
[2026-06-16 07:43:00,569][root][INFO] - Epoch [3/5], Batch [255/300], Loss: 1.0972 (Overall: 0.5382, Change: 0.9455), TF Ratio: 0.829
[2026-06-16 07:43:00,725][root][INFO] - Epoch [3/5], Batch [256/300], Loss: 1.0955 (Overall: 0.5283, Change: 0.8104), TF Ratio: 0.829
[2026-06-16 07:43:00,881][root][INFO] - Epoch [3/5], Batch [257/300], Loss: 1.0959 (Overall: 0.4906, Change: 1.9047), TF Ratio: 0.829
[2026-06-16 07:43:01,035][root][INFO] - Epoch [3/5], Batch [258/300], Loss: 1.0955 (Overall: 0.7618, Change: 1.2027), TF Ratio: 0.828
[2026-06-16 07:43:01,189][root][INFO] - Epoch [3/5], Batch [259/300], Loss: 1.0959 (Overall: 0.7963, Change: 1.6224), TF Ratio: 0.828
[2026-06-16 07:43:10,563][root][INFO] - Epoch [3/5], Batch [260/300], Loss: 1.0947 (Overall: 0.5668, Change: 1.0019), TF Ratio: 0.828
[2026-06-16 07:43:10,721][root][INFO] - Epoch [3/5], Batch [261/300], Loss: 1.0943 (Overall: 0.6954, Change: 1.2827), TF Ratio: 0.828
[2026-06-16 07:43:10,875][root][INFO] - Epoch [3/5], Batch [262/300], Loss: 1.0933 (Overall: 0.5686, Change: 1.1096), TF Ratio: 0.828
[2026-06-16 07:43:11,029][root][INFO] - Epoch [3/5], Batch [263/300], Loss: 1.0930 (Overall: 0.9935, Change: 1.0070), TF Ratio: 0.827
[2026-06-16 07:43:16,226][root][INFO] - Epoch [3/5], Batch [264/300], Loss: 1.0929 (Overall: 0.7204, Change: 1.4446), TF Ratio: 0.827
[2026-06-16 07:43:16,385][root][INFO] - Epoch [3/5], Batch [265/300], Loss: 1.0923 (Overall: 0.8504, Change: 0.9994), TF Ratio: 0.827
[2026-06-16 07:43:16,538][root][INFO] - Epoch [3/5], Batch [266/300], Loss: 1.0916 (Overall: 0.5582, Change: 1.2372), TF Ratio: 0.827
[2026-06-16 07:43:16,692][root][INFO] - Epoch [3/5], Batch [267/300], Loss: 1.0918 (Overall: 0.8734, Change: 1.4446), TF Ratio: 0.827
[2026-06-16 07:43:16,857][root][INFO] - Epoch [3/5], Batch [268/300], Loss: 1.0923 (Overall: 0.9055, Change: 1.5194), TF Ratio: 0.826
[2026-06-16 07:43:17,013][root][INFO] - Epoch [3/5], Batch [269/300], Loss: 1.0928 (Overall: 0.8376, Change: 1.6368), TF Ratio: 0.826
[2026-06-16 07:43:17,166][root][INFO] - Epoch [3/5], Batch [270/300], Loss: 1.0929 (Overall: 0.6385, Change: 1.6235), TF Ratio: 0.826
[2026-06-16 07:43:17,321][root][INFO] - Epoch [3/5], Batch [271/300], Loss: 1.0927 (Overall: 0.7261, Change: 1.3180), TF Ratio: 0.826
[2026-06-16 07:43:17,478][root][INFO] - Epoch [3/5], Batch [272/300], Loss: 1.0934 (Overall: 0.7429, Change: 1.8503), TF Ratio: 0.826
[2026-06-16 07:43:17,633][root][INFO] - Epoch [3/5], Batch [273/300], Loss: 1.0931 (Overall: 0.8815, Change: 1.1426), TF Ratio: 0.825
[2026-06-16 07:43:17,788][root][INFO] - Epoch [3/5], Batch [274/300], Loss: 1.0933 (Overall: 1.0331, Change: 1.2610), TF Ratio: 0.825
[2026-06-16 07:43:17,943][root][INFO] - Epoch [3/5], Batch [275/300], Loss: 1.0934 (Overall: 0.7466, Change: 1.5008), TF Ratio: 0.825
[2026-06-16 07:43:18,100][root][INFO] - Epoch [3/5], Batch [276/300], Loss: 1.0938 (Overall: 0.6127, Change: 1.7685), TF Ratio: 0.825
[2026-06-16 07:43:18,254][root][INFO] - Epoch [3/5], Batch [277/300], Loss: 1.0928 (Overall: 0.7078, Change: 0.9178), TF Ratio: 0.825
[2026-06-16 07:43:18,407][root][INFO] - Epoch [3/5], Batch [278/300], Loss: 1.0930 (Overall: 0.9142, Change: 1.3956), TF Ratio: 0.824
[2026-06-16 07:43:18,560][root][INFO] - Epoch [3/5], Batch [279/300], Loss: 1.0933 (Overall: 0.6537, Change: 1.6777), TF Ratio: 0.824
[2026-06-16 07:43:26,226][root][INFO] - Epoch [3/5], Batch [280/300], Loss: 1.0929 (Overall: 0.6311, Change: 1.3714), TF Ratio: 0.824
[2026-06-16 07:43:26,395][root][INFO] - Epoch [3/5], Batch [281/300], Loss: 1.0934 (Overall: 0.9616, Change: 1.4668), TF Ratio: 0.824
[2026-06-16 07:43:26,549][root][INFO] - Epoch [3/5], Batch [282/300], Loss: 1.0939 (Overall: 0.5882, Change: 1.9252), TF Ratio: 0.824
[2026-06-16 07:43:26,704][root][INFO] - Epoch [3/5], Batch [283/300], Loss: 1.0938 (Overall: 0.8982, Change: 1.2145), TF Ratio: 0.823
[2026-06-16 07:43:32,193][root][INFO] - Epoch [3/5], Batch [284/300], Loss: 1.0939 (Overall: 0.7761, Change: 1.4766), TF Ratio: 0.823
[2026-06-16 07:43:32,352][root][INFO] - Epoch [3/5], Batch [285/300], Loss: 1.0953 (Overall: 1.0403, Change: 1.9425), TF Ratio: 0.823
[2026-06-16 07:43:32,506][root][INFO] - Epoch [3/5], Batch [286/300], Loss: 1.0956 (Overall: 0.7607, Change: 1.5633), TF Ratio: 0.823
[2026-06-16 07:43:32,659][root][INFO] - Epoch [3/5], Batch [287/300], Loss: 1.0950 (Overall: 0.5367, Change: 1.3088), TF Ratio: 0.823
[2026-06-16 07:43:32,818][root][INFO] - Epoch [3/5], Batch [288/300], Loss: 1.0948 (Overall: 0.7136, Change: 1.3725), TF Ratio: 0.822
[2026-06-16 07:43:32,973][root][INFO] - Epoch [3/5], Batch [289/300], Loss: 1.0963 (Overall: 0.7132, Change: 2.3558), TF Ratio: 0.822
[2026-06-16 07:43:33,127][root][INFO] - Epoch [3/5], Batch [290/300], Loss: 1.0966 (Overall: 0.8184, Change: 1.5345), TF Ratio: 0.822
[2026-06-16 07:43:33,283][root][INFO] - Epoch [3/5], Batch [291/300], Loss: 1.0963 (Overall: 0.8346, Change: 1.2045), TF Ratio: 0.822
[2026-06-16 07:43:33,440][root][INFO] - Epoch [3/5], Batch [292/300], Loss: 1.0959 (Overall: 0.8523, Change: 1.1207), TF Ratio: 0.822
[2026-06-16 07:43:33,595][root][INFO] - Epoch [3/5], Batch [293/300], Loss: 1.0967 (Overall: 1.0074, Change: 1.6050), TF Ratio: 0.821
[2026-06-16 07:43:33,749][root][INFO] - Epoch [3/5], Batch [294/300], Loss: 1.0970 (Overall: 0.8745, Change: 1.5429), TF Ratio: 0.821
[2026-06-16 07:43:33,903][root][INFO] - Epoch [3/5], Batch [295/300], Loss: 1.0967 (Overall: 0.7301, Change: 1.2779), TF Ratio: 0.821
[2026-06-16 07:43:34,075][root][INFO] - Epoch [3/5], Batch [296/300], Loss: 1.0966 (Overall: 0.9775, Change: 1.1573), TF Ratio: 0.821
[2026-06-16 07:43:34,230][root][INFO] - Epoch [3/5], Batch [297/300], Loss: 1.0957 (Overall: 0.7401, Change: 0.9218), TF Ratio: 0.821
[2026-06-16 07:43:34,384][root][INFO] - Epoch [3/5], Batch [298/300], Loss: 1.0956 (Overall: 0.6677, Change: 1.4323), TF Ratio: 0.820
[2026-06-16 07:43:34,539][root][INFO] - Epoch [3/5], Batch [299/300], Loss: 1.0955 (Overall: 0.9121, Change: 1.2196), TF Ratio: 0.820
[2026-06-16 07:43:43,027][root][INFO] - Epoch [3/5], Batch [300/300], Loss: 1.0947 (Overall: 0.6572, Change: 1.0745), TF Ratio: 0.820
[2026-06-16 07:43:56,525][root][INFO] - Epoch 3 done. Validating...
[2026-06-16 07:44:36,355][root][INFO] - Epoch [3/5] | Train: 1.0817 | Val: 0.7076
[2026-06-16 07:44:36,573][root][INFO] - Checkpoint saved: /gpfs/scratch/bsc32/bsc096444/ai4land-tfm/trained_models/unet_impl/41825157/best_model.pth
[2026-06-16 07:44:36,799][root][INFO] - Checkpoint saved: /gpfs/scratch/bsc32/bsc096444/ai4land-tfm/trained_models/unet_impl/41825157/model_epoch_3.pth
[2026-06-16 07:44:59,132][root][INFO] - Epoch [4/5], Batch [1/300], Loss: 1.1208 (Overall: 0.9037, Change: 1.3379), TF Ratio: 0.820
[2026-06-16 07:44:59,287][root][INFO] - Epoch [4/5], Batch [2/300], Loss: 1.1581 (Overall: 0.6195, Change: 1.7713), TF Ratio: 0.820
[2026-06-16 07:44:59,442][root][INFO] - Epoch [4/5], Batch [3/300], Loss: 1.1707 (Overall: 0.8898, Change: 1.5018), TF Ratio: 0.819
[2026-06-16 07:44:59,979][root][INFO] - Epoch [4/5], Batch [4/300], Loss: 1.1610 (Overall: 0.7799, Change: 1.4843), TF Ratio: 0.819
[2026-06-16 07:45:00,132][root][INFO] - Epoch [4/5], Batch [5/300], Loss: 1.1682 (Overall: 0.8636, Change: 1.5297), TF Ratio: 0.819
[2026-06-16 07:45:00,286][root][INFO] - Epoch [4/5], Batch [6/300], Loss: 1.1512 (Overall: 0.7040, Change: 1.4286), TF Ratio: 0.819
[2026-06-16 07:45:00,440][root][INFO] - Epoch [4/5], Batch [7/300], Loss: 1.1151 (Overall: 0.8504, Change: 0.9470), TF Ratio: 0.819
[2026-06-16 07:45:00,595][root][INFO] - Epoch [4/5], Batch [8/300], Loss: 1.1307 (Overall: 0.6481, Change: 1.8311), TF Ratio: 0.818
[2026-06-16 07:45:00,751][root][INFO] - Epoch [4/5], Batch [9/300], Loss: 1.1189 (Overall: 0.7210, Change: 1.3290), TF Ratio: 0.818
[2026-06-16 07:45:00,904][root][INFO] - Epoch [4/5], Batch [10/300], Loss: 1.1232 (Overall: 0.7905, Change: 1.5324), TF Ratio: 0.818
[2026-06-16 07:45:01,058][root][INFO] - Epoch [4/5], Batch [11/300], Loss: 1.1313 (Overall: 0.9076, Change: 1.5184), TF Ratio: 0.818
[2026-06-16 07:45:01,216][root][INFO] - Epoch [4/5], Batch [12/300], Loss: 1.1072 (Overall: 0.6553, Change: 1.0270), TF Ratio: 0.818
[2026-06-16 07:45:01,371][root][INFO] - Epoch [4/5], Batch [13/300], Loss: 1.0890 (Overall: 0.5004, Change: 1.2419), TF Ratio: 0.817
[2026-06-16 07:45:01,525][root][INFO] - Epoch [4/5], Batch [14/300], Loss: 1.0647 (Overall: 0.4306, Change: 1.0656), TF Ratio: 0.817
[2026-06-16 07:45:01,679][root][INFO] - Epoch [4/5], Batch [15/300], Loss: 1.0664 (Overall: 0.8513, Change: 1.3299), TF Ratio: 0.817
[2026-06-16 07:45:01,836][root][INFO] - Epoch [4/5], Batch [16/300], Loss: 1.0629 (Overall: 0.5206, Change: 1.5016), TF Ratio: 0.817
[2026-06-16 07:45:01,991][root][INFO] - Epoch [4/5], Batch [17/300], Loss: 1.0570 (Overall: 0.6608, Change: 1.2635), TF Ratio: 0.817
[2026-06-16 07:45:02,144][root][INFO] - Epoch [4/5], Batch [18/300], Loss: 1.0734 (Overall: 0.8740, Change: 1.8300), TF Ratio: 0.816
[2026-06-16 07:45:02,298][root][INFO] - Epoch [4/5], Batch [19/300], Loss: 1.0777 (Overall: 1.1013, Change: 1.2094), TF Ratio: 0.816
[2026-06-16 07:45:14,574][root][INFO] - Epoch [4/5], Batch [20/300], Loss: 1.0726 (Overall: 0.7267, Change: 1.2256), TF Ratio: 0.816
[2026-06-16 07:45:14,784][root][INFO] - Epoch [4/5], Batch [21/300], Loss: 1.0589 (Overall: 0.6714, Change: 0.8958), TF Ratio: 0.816
[2026-06-16 07:45:14,939][root][INFO] - Epoch [4/5], Batch [22/300], Loss: 1.0642 (Overall: 0.8253, Change: 1.5270), TF Ratio: 0.816
[2026-06-16 07:45:15,094][root][INFO] - Epoch [4/5], Batch [23/300], Loss: 1.0612 (Overall: 0.6719, Change: 1.3194), TF Ratio: 0.815
[2026-06-16 07:45:16,394][root][INFO] - Epoch [4/5], Batch [24/300], Loss: 1.0625 (Overall: 0.8151, Change: 1.3688), TF Ratio: 0.815
[2026-06-16 07:45:16,548][root][INFO] - Epoch [4/5], Batch [25/300], Loss: 1.0564 (Overall: 0.6974, Change: 1.1237), TF Ratio: 0.815
[2026-06-16 07:45:16,702][root][INFO] - Epoch [4/5], Batch [26/300], Loss: 1.0562 (Overall: 0.8550, Change: 1.2481), TF Ratio: 0.815
[2026-06-16 07:45:16,856][root][INFO] - Epoch [4/5], Batch [27/300], Loss: 1.0602 (Overall: 0.7128, Change: 1.6114), TF Ratio: 0.815
[2026-06-16 07:45:17,231][root][INFO] - Epoch [4/5], Batch [28/300], Loss: 1.0508 (Overall: 0.4621, Change: 1.1344), TF Ratio: 0.814
[2026-06-16 07:45:17,386][root][INFO] - Epoch [4/5], Batch [29/300], Loss: 1.0423 (Overall: 0.5818, Change: 1.0297), TF Ratio: 0.814
[2026-06-16 07:45:17,540][root][INFO] - Epoch [4/5], Batch [30/300], Loss: 1.0438 (Overall: 0.6056, Change: 1.5684), TF Ratio: 0.814
[2026-06-16 07:45:17,693][root][INFO] - Epoch [4/5], Batch [31/300], Loss: 1.0531 (Overall: 0.6412, Change: 2.0226), TF Ratio: 0.814
[2026-06-16 07:45:17,851][root][INFO] - Epoch [4/5], Batch [32/300], Loss: 1.0513 (Overall: 0.5080, Change: 1.4791), TF Ratio: 0.814
[2026-06-16 07:45:18,006][root][INFO] - Epoch [4/5], Batch [33/300], Loss: 1.0561 (Overall: 0.6414, Change: 1.7777), TF Ratio: 0.813
[2026-06-16 07:45:18,158][root][INFO] - Epoch [4/5], Batch [34/300], Loss: 1.0595 (Overall: 0.8611, Change: 1.4870), TF Ratio: 0.813
[2026-06-16 07:45:18,313][root][INFO] - Epoch [4/5], Batch [35/300], Loss: 1.0518 (Overall: 0.5575, Change: 1.0210), TF Ratio: 0.813
[2026-06-16 07:45:18,800][root][INFO] - Epoch [4/5], Batch [36/300], Loss: 1.0446 (Overall: 0.5301, Change: 1.0553), TF Ratio: 0.813
[2026-06-16 07:45:18,954][root][INFO] - Epoch [4/5], Batch [37/300], Loss: 1.0439 (Overall: 0.7488, Change: 1.2911), TF Ratio: 0.813
[2026-06-16 07:45:19,107][root][INFO] - Epoch [4/5], Batch [38/300], Loss: 1.0398 (Overall: 0.6417, Change: 1.1316), TF Ratio: 0.812
[2026-06-16 07:45:19,259][root][INFO] - Epoch [4/5], Batch [39/300], Loss: 1.0427 (Overall: 0.8158, Change: 1.4878), TF Ratio: 0.812
[2026-06-16 07:45:31,372][root][INFO] - Epoch [4/5], Batch [40/300], Loss: 1.0433 (Overall: 0.7965, Change: 1.3374), TF Ratio: 0.812
[2026-06-16 07:45:31,870][root][INFO] - Epoch [4/5], Batch [41/300], Loss: 1.0500 (Overall: 1.2660, Change: 1.3721), TF Ratio: 0.812
[2026-06-16 07:45:32,023][root][INFO] - Epoch [4/5], Batch [42/300], Loss: 1.0522 (Overall: 0.7001, Change: 1.5816), TF Ratio: 0.812
[2026-06-16 07:45:32,176][root][INFO] - Epoch [4/5], Batch [43/300], Loss: 1.0501 (Overall: 0.5878, Change: 1.3357), TF Ratio: 0.811
[2026-06-16 07:45:32,678][root][INFO] - Epoch [4/5], Batch [44/300], Loss: 1.0479 (Overall: 0.6217, Change: 1.2897), TF Ratio: 0.811
[2026-06-16 07:45:32,833][root][INFO] - Epoch [4/5], Batch [45/300], Loss: 1.0482 (Overall: 0.6491, Change: 1.4676), TF Ratio: 0.811
[2026-06-16 07:45:34,258][root][INFO] - Epoch [4/5], Batch [46/300], Loss: 1.0463 (Overall: 0.5478, Change: 1.3751), TF Ratio: 0.811
[2026-06-16 07:45:34,412][root][INFO] - Epoch [4/5], Batch [47/300], Loss: 1.0468 (Overall: 0.5599, Change: 1.5866), TF Ratio: 0.811
[2026-06-16 07:45:34,566][root][INFO] - Epoch [4/5], Batch [48/300], Loss: 1.0465 (Overall: 0.7601, Change: 1.3035), TF Ratio: 0.810
[2026-06-16 07:45:34,721][root][INFO] - Epoch [4/5], Batch [49/300], Loss: 1.0455 (Overall: 0.9566, Change: 1.0365), TF Ratio: 0.810
[2026-06-16 07:45:34,875][root][INFO] - Epoch [4/5], Batch [50/300], Loss: 1.0503 (Overall: 1.0240, Change: 1.5444), TF Ratio: 0.810
[2026-06-16 07:45:35,029][root][INFO] - Epoch [4/5], Batch [51/300], Loss: 1.0465 (Overall: 0.5829, Change: 1.1348), TF Ratio: 0.810
[2026-06-16 07:45:36,744][root][INFO] - Epoch [4/5], Batch [52/300], Loss: 1.0460 (Overall: 0.7596, Change: 1.2754), TF Ratio: 0.810
[2026-06-16 07:45:36,898][root][INFO] - Epoch [4/5], Batch [53/300], Loss: 1.0481 (Overall: 0.7948, Change: 1.5195), TF Ratio: 0.809
[2026-06-16 07:45:37,052][root][INFO] - Epoch [4/5], Batch [54/300], Loss: 1.0549 (Overall: 0.8346, Change: 1.9939), TF Ratio: 0.809
[2026-06-16 07:45:37,207][root][INFO] - Epoch [4/5], Batch [55/300], Loss: 1.0613 (Overall: 1.1714, Change: 1.6507), TF Ratio: 0.809
[2026-06-16 07:45:37,470][root][INFO] - Epoch [4/5], Batch [56/300], Loss: 1.0603 (Overall: 0.9124, Change: 1.0961), TF Ratio: 0.809
[2026-06-16 07:45:37,640][root][INFO] - Epoch [4/5], Batch [57/300], Loss: 1.0614 (Overall: 0.7447, Change: 1.5047), TF Ratio: 0.809
[2026-06-16 07:45:37,794][root][INFO] - Epoch [4/5], Batch [58/300], Loss: 1.0576 (Overall: 0.5838, Change: 1.0962), TF Ratio: 0.808
[2026-06-16 07:45:37,949][root][INFO] - Epoch [4/5], Batch [59/300], Loss: 1.0561 (Overall: 0.5395, Change: 1.3961), TF Ratio: 0.808
[2026-06-16 07:45:50,253][root][INFO] - Epoch [4/5], Batch [60/300], Loss: 1.0610 (Overall: 0.9543, Change: 1.7502), TF Ratio: 0.808
[2026-06-16 07:45:50,410][root][INFO] - Epoch [4/5], Batch [61/300], Loss: 1.0598 (Overall: 0.7583, Change: 1.2145), TF Ratio: 0.808
[2026-06-16 07:45:50,563][root][INFO] - Epoch [4/5], Batch [62/300], Loss: 1.0558 (Overall: 0.6356, Change: 0.9923), TF Ratio: 0.808
[2026-06-16 07:45:50,718][root][INFO] - Epoch [4/5], Batch [63/300], Loss: 1.0540 (Overall: 0.5810, Change: 1.3033), TF Ratio: 0.807
[2026-06-16 07:45:51,234][root][INFO] - Epoch [4/5], Batch [64/300], Loss: 1.0606 (Overall: 1.3706, Change: 1.5801), TF Ratio: 0.807
[2026-06-16 07:45:51,390][root][INFO] - Epoch [4/5], Batch [65/300], Loss: 1.0639 (Overall: 1.0080, Change: 1.5444), TF Ratio: 0.807
[2026-06-16 07:45:51,676][root][INFO] - Epoch [4/5], Batch [66/300], Loss: 1.0673 (Overall: 1.0716, Change: 1.4989), TF Ratio: 0.807
[2026-06-16 07:45:51,830][root][INFO] - Epoch [4/5], Batch [67/300], Loss: 1.0675 (Overall: 0.6511, Change: 1.5046), TF Ratio: 0.807
[2026-06-16 07:45:54,668][root][INFO] - Epoch [4/5], Batch [68/300], Loss: 1.0696 (Overall: 0.9257, Change: 1.5007), TF Ratio: 0.806
[2026-06-16 07:45:54,821][root][INFO] - Epoch [4/5], Batch [69/300], Loss: 1.0717 (Overall: 0.8793, Change: 1.5477), TF Ratio: 0.806
[2026-06-16 07:45:54,974][root][INFO] - Epoch [4/5], Batch [70/300], Loss: 1.0727 (Overall: 0.7067, Change: 1.5725), TF Ratio: 0.806
[2026-06-16 07:45:55,127][root][INFO] - Epoch [4/5], Batch [71/300], Loss: 1.0738 (Overall: 0.9030, Change: 1.4078), TF Ratio: 0.806
[2026-06-16 07:45:56,156][root][INFO] - Epoch [4/5], Batch [72/300], Loss: 1.0738 (Overall: 0.5462, Change: 1.5972), TF Ratio: 0.806
[2026-06-16 07:45:56,309][root][INFO] - Epoch [4/5], Batch [73/300], Loss: 1.0718 (Overall: 0.6490, Change: 1.2142), TF Ratio: 0.805
[2026-06-16 07:45:56,462][root][INFO] - Epoch [4/5], Batch [74/300], Loss: 1.0762 (Overall: 1.1699, Change: 1.6259), TF Ratio: 0.805
[2026-06-16 07:45:56,617][root][INFO] - Epoch [4/5], Batch [75/300], Loss: 1.0757 (Overall: 0.5882, Change: 1.4801), TF Ratio: 0.805
[2026-06-16 07:45:56,847][root][INFO] - Epoch [4/5], Batch [76/300], Loss: 1.0747 (Overall: 0.6831, Change: 1.3226), TF Ratio: 0.805
[2026-06-16 07:45:57,002][root][INFO] - Epoch [4/5], Batch [77/300], Loss: 1.0749 (Overall: 0.7350, Change: 1.4383), TF Ratio: 0.805
[2026-06-16 07:45:57,157][root][INFO] - Epoch [4/5], Batch [78/300], Loss: 1.0750 (Overall: 0.6534, Change: 1.5160), TF Ratio: 0.804
[2026-06-16 07:45:57,310][root][INFO] - Epoch [4/5], Batch [79/300], Loss: 1.0747 (Overall: 0.7645, Change: 1.3389), TF Ratio: 0.804
[2026-06-16 07:46:06,412][root][INFO] - Epoch [4/5], Batch [80/300], Loss: 1.0771 (Overall: 1.0176, Change: 1.5132), TF Ratio: 0.804
[2026-06-16 07:46:06,568][root][INFO] - Epoch [4/5], Batch [81/300], Loss: 1.0747 (Overall: 0.4718, Change: 1.2936), TF Ratio: 0.804
[2026-06-16 07:46:06,722][root][INFO] - Epoch [4/5], Batch [82/300], Loss: 1.0761 (Overall: 0.8697, Change: 1.5148), TF Ratio: 0.804
[2026-06-16 07:46:06,876][root][INFO] - Epoch [4/5], Batch [83/300], Loss: 1.0725 (Overall: 0.5026, Change: 1.0517), TF Ratio: 0.803
[2026-06-16 07:46:08,648][root][INFO] - Epoch [4/5], Batch [84/300], Loss: 1.0738 (Overall: 0.7522, Change: 1.6118), TF Ratio: 0.803
[2026-06-16 07:46:08,803][root][INFO] - Epoch [4/5], Batch [85/300], Loss: 1.0739 (Overall: 0.6505, Change: 1.5140), TF Ratio: 0.803
[2026-06-16 07:46:08,957][root][INFO] - Epoch [4/5], Batch [86/300], Loss: 1.0751 (Overall: 1.0080, Change: 1.3360), TF Ratio: 0.803
[2026-06-16 07:46:09,110][root][INFO] - Epoch [4/5], Batch [87/300], Loss: 1.0720 (Overall: 0.8530, Change: 0.7675), TF Ratio: 0.803
[2026-06-16 07:46:12,958][root][INFO] - Epoch [4/5], Batch [88/300], Loss: 1.0736 (Overall: 0.7124, Change: 1.7083), TF Ratio: 0.802
[2026-06-16 07:46:13,115][root][INFO] - Epoch [4/5], Batch [89/300], Loss: 1.0747 (Overall: 0.8607, Change: 1.4898), TF Ratio: 0.802
[2026-06-16 07:46:13,269][root][INFO] - Epoch [4/5], Batch [90/300], Loss: 1.0748 (Overall: 0.7252, Change: 1.4284), TF Ratio: 0.802
[2026-06-16 07:46:13,423][root][INFO] - Epoch [4/5], Batch [91/300], Loss: 1.0765 (Overall: 0.6710, Change: 1.7882), TF Ratio: 0.802
[2026-06-16 07:46:14,189][root][INFO] - Epoch [4/5], Batch [92/300], Loss: 1.0759 (Overall: 0.9599, Change: 1.0813), TF Ratio: 0.802
[2026-06-16 07:46:14,342][root][INFO] - Epoch [4/5], Batch [93/300], Loss: 1.0757 (Overall: 0.5107, Change: 1.6028), TF Ratio: 0.801
[2026-06-16 07:46:14,496][root][INFO] - Epoch [4/5], Batch [94/300], Loss: 1.0765 (Overall: 0.9867, Change: 1.3285), TF Ratio: 0.801
[2026-06-16 07:46:14,649][root][INFO] - Epoch [4/5], Batch [95/300], Loss: 1.0799 (Overall: 1.1360, Change: 1.6522), TF Ratio: 0.801
[2026-06-16 07:46:14,809][root][INFO] - Epoch [4/5], Batch [96/300], Loss: 1.0793 (Overall: 0.7091, Change: 1.3426), TF Ratio: 0.801
[2026-06-16 07:46:14,964][root][INFO] - Epoch [4/5], Batch [97/300], Loss: 1.0781 (Overall: 0.7525, Change: 1.1691), TF Ratio: 0.801
[2026-06-16 07:46:15,119][root][INFO] - Epoch [4/5], Batch [98/300], Loss: 1.0785 (Overall: 0.6762, Change: 1.5690), TF Ratio: 0.800
[2026-06-16 07:46:15,273][root][INFO] - Epoch [4/5], Batch [99/300], Loss: 1.0756 (Overall: 0.6874, Change: 0.8820), TF Ratio: 0.800
[2026-06-16 07:46:20,781][root][INFO] - Epoch [4/5], Batch [100/300], Loss: 1.0776 (Overall: 1.0238, Change: 1.5374), TF Ratio: 0.800
[2026-06-16 07:46:20,947][root][INFO] - Epoch [4/5], Batch [101/300], Loss: 1.0775 (Overall: 0.6408, Change: 1.4863), TF Ratio: 0.800
[2026-06-16 07:46:21,100][root][INFO] - Epoch [4/5], Batch [102/300], Loss: 1.0761 (Overall: 0.9166, Change: 0.9649), TF Ratio: 0.800
[2026-06-16 07:46:21,267][root][INFO] - Epoch [4/5], Batch [103/300], Loss: 1.0767 (Overall: 0.6411, Change: 1.6292), TF Ratio: 0.799
[2026-06-16 07:46:24,541][root][INFO] - Epoch [4/5], Batch [104/300], Loss: 1.0807 (Overall: 1.3469, Change: 1.6408), TF Ratio: 0.799
[2026-06-16 07:46:24,696][root][INFO] - Epoch [4/5], Batch [105/300], Loss: 1.0821 (Overall: 0.9135, Change: 1.5408), TF Ratio: 0.799
[2026-06-16 07:46:24,850][root][INFO] - Epoch [4/5], Batch [106/300], Loss: 1.0842 (Overall: 1.1660, Change: 1.4461), TF Ratio: 0.799
[2026-06-16 07:46:25,003][root][INFO] - Epoch [4/5], Batch [107/300], Loss: 1.0852 (Overall: 0.8057, Change: 1.5785), TF Ratio: 0.799
[2026-06-16 07:46:31,107][root][INFO] - Epoch [4/5], Batch [108/300], Loss: 1.0851 (Overall: 0.5900, Change: 1.5512), TF Ratio: 0.798
[2026-06-16 07:46:31,263][root][INFO] - Epoch [4/5], Batch [109/300], Loss: 1.0805 (Overall: 0.4940, Change: 0.6784), TF Ratio: 0.798
[2026-06-16 07:46:31,416][root][INFO] - Epoch [4/5], Batch [110/300], Loss: 1.0804 (Overall: 0.7330, Change: 1.4069), TF Ratio: 0.798
[2026-06-16 07:46:31,570][root][INFO] - Epoch [4/5], Batch [111/300], Loss: 1.0781 (Overall: 0.7139, Change: 0.9202), TF Ratio: 0.798
[2026-06-16 07:46:33,023][root][INFO] - Epoch [4/5], Batch [112/300], Loss: 1.0766 (Overall: 0.7741, Change: 1.0600), TF Ratio: 0.798
[2026-06-16 07:46:33,177][root][INFO] - Epoch [4/5], Batch [113/300], Loss: 1.0771 (Overall: 0.9785, Change: 1.2882), TF Ratio: 0.797
[2026-06-16 07:46:33,332][root][INFO] - Epoch [4/5], Batch [114/300], Loss: 1.0791 (Overall: 1.1041, Change: 1.4988), TF Ratio: 0.797
[2026-06-16 07:46:33,487][root][INFO] - Epoch [4/5], Batch [115/300], Loss: 1.0807 (Overall: 0.9308, Change: 1.5942), TF Ratio: 0.797
[2026-06-16 07:46:33,644][root][INFO] - Epoch [4/5], Batch [116/300], Loss: 1.0779 (Overall: 0.6939, Change: 0.8132), TF Ratio: 0.797
[2026-06-16 07:46:33,798][root][INFO] - Epoch [4/5], Batch [117/300], Loss: 1.0774 (Overall: 0.8992, Change: 1.1459), TF Ratio: 0.797
[2026-06-16 07:46:33,954][root][INFO] - Epoch [4/5], Batch [118/300], Loss: 1.0742 (Overall: 0.5557, Change: 0.8379), TF Ratio: 0.796
[2026-06-16 07:46:34,107][root][INFO] - Epoch [4/5], Batch [119/300], Loss: 1.0740 (Overall: 0.7378, Change: 1.3676), TF Ratio: 0.796
[2026-06-16 07:46:37,613][root][INFO] - Epoch [4/5], Batch [120/300], Loss: 1.0754 (Overall: 0.7423, Change: 1.7415), TF Ratio: 0.796
[2026-06-16 07:46:37,767][root][INFO] - Epoch [4/5], Batch [121/300], Loss: 1.0748 (Overall: 0.6910, Change: 1.3182), TF Ratio: 0.796
[2026-06-16 07:46:37,920][root][INFO] - Epoch [4/5], Batch [122/300], Loss: 1.0760 (Overall: 0.9199, Change: 1.5219), TF Ratio: 0.796
[2026-06-16 07:46:38,078][root][INFO] - Epoch [4/5], Batch [123/300], Loss: 1.0763 (Overall: 0.6931, Change: 1.5277), TF Ratio: 0.795
[2026-06-16 07:46:41,074][root][INFO] - Epoch [4/5], Batch [124/300], Loss: 1.0746 (Overall: 0.4950, Change: 1.2443), TF Ratio: 0.795
[2026-06-16 07:46:41,230][root][INFO] - Epoch [4/5], Batch [125/300], Loss: 1.0749 (Overall: 0.7553, Change: 1.4780), TF Ratio: 0.795
[2026-06-16 07:46:41,384][root][INFO] - Epoch [4/5], Batch [126/300], Loss: 1.0755 (Overall: 0.8397, Change: 1.4414), TF Ratio: 0.795
[2026-06-16 07:46:41,538][root][INFO] - Epoch [4/5], Batch [127/300], Loss: 1.0746 (Overall: 0.7074, Change: 1.2243), TF Ratio: 0.795
[2026-06-16 07:46:48,694][root][INFO] - Epoch [4/5], Batch [128/300], Loss: 1.0756 (Overall: 0.7977, Change: 1.6037), TF Ratio: 0.794
[2026-06-16 07:46:48,852][root][INFO] - Epoch [4/5], Batch [129/300], Loss: 1.0746 (Overall: 0.6747, Change: 1.2211), TF Ratio: 0.794
[2026-06-16 07:46:49,007][root][INFO] - Epoch [4/5], Batch [130/300], Loss: 1.0742 (Overall: 0.5079, Change: 1.5310), TF Ratio: 0.794
[2026-06-16 07:46:49,173][root][INFO] - Epoch [4/5], Batch [131/300], Loss: 1.0738 (Overall: 0.9190, Change: 1.1354), TF Ratio: 0.794
[2026-06-16 07:46:51,313][root][INFO] - Epoch [4/5], Batch [132/300], Loss: 1.0706 (Overall: 0.4815, Change: 0.8300), TF Ratio: 0.794
[2026-06-16 07:46:51,468][root][INFO] - Epoch [4/5], Batch [133/300], Loss: 1.0716 (Overall: 0.9692, Change: 1.4327), TF Ratio: 0.793
[2026-06-16 07:46:51,623][root][INFO] - Epoch [4/5], Batch [134/300], Loss: 1.0692 (Overall: 0.6736, Change: 0.8309), TF Ratio: 0.793
[2026-06-16 07:46:51,777][root][INFO] - Epoch [4/5], Batch [135/300], Loss: 1.0690 (Overall: 0.5723, Change: 1.5036), TF Ratio: 0.793
[2026-06-16 07:46:51,946][root][INFO] - Epoch [4/5], Batch [136/300], Loss: 1.0705 (Overall: 1.0243, Change: 1.5107), TF Ratio: 0.793
[2026-06-16 07:46:52,101][root][INFO] - Epoch [4/5], Batch [137/300], Loss: 1.0712 (Overall: 1.0601, Change: 1.2752), TF Ratio: 0.793
[2026-06-16 07:46:52,254][root][INFO] - Epoch [4/5], Batch [138/300], Loss: 1.0719 (Overall: 0.7988, Change: 1.5481), TF Ratio: 0.792
[2026-06-16 07:46:52,407][root][INFO] - Epoch [4/5], Batch [139/300], Loss: 1.0722 (Overall: 0.7978, Change: 1.4361), TF Ratio: 0.792
[2026-06-16 07:46:54,392][root][INFO] - Epoch [4/5], Batch [140/300], Loss: 1.0713 (Overall: 0.7447, Change: 1.1359), TF Ratio: 0.792
[2026-06-16 07:46:54,547][root][INFO] - Epoch [4/5], Batch [141/300], Loss: 1.0717 (Overall: 0.7167, Change: 1.5444), TF Ratio: 0.792
[2026-06-16 07:46:54,700][root][INFO] - Epoch [4/5], Batch [142/300], Loss: 1.0711 (Overall: 0.6135, Change: 1.3566), TF Ratio: 0.792
[2026-06-16 07:46:54,853][root][INFO] - Epoch [4/5], Batch [143/300], Loss: 1.0696 (Overall: 0.8459, Change: 0.8771), TF Ratio: 0.791
[2026-06-16 07:46:58,975][root][INFO] - Epoch [4/5], Batch [144/300], Loss: 1.0698 (Overall: 0.7545, Change: 1.4282), TF Ratio: 0.791
[2026-06-16 07:46:59,133][root][INFO] - Epoch [4/5], Batch [145/300], Loss: 1.0696 (Overall: 0.7195, Change: 1.3656), TF Ratio: 0.791
[2026-06-16 07:46:59,285][root][INFO] - Epoch [4/5], Batch [146/300], Loss: 1.0690 (Overall: 0.7715, Change: 1.1788), TF Ratio: 0.791
[2026-06-16 07:46:59,439][root][INFO] - Epoch [4/5], Batch [147/300], Loss: 1.0683 (Overall: 0.5424, Change: 1.4136), TF Ratio: 0.791
[2026-06-16 07:47:05,486][root][INFO] - Epoch [4/5], Batch [148/300], Loss: 1.0662 (Overall: 0.6259, Change: 0.8783), TF Ratio: 0.790
[2026-06-16 07:47:05,642][root][INFO] - Epoch [4/5], Batch [149/300], Loss: 1.0650 (Overall: 0.4507, Change: 1.3342), TF Ratio: 0.790
[2026-06-16 07:47:05,796][root][INFO] - Epoch [4/5], Batch [150/300], Loss: 1.0658 (Overall: 0.8242, Change: 1.5389), TF Ratio: 0.790
[2026-06-16 07:47:05,951][root][INFO] - Epoch [4/5], Batch [151/300], Loss: 1.0654 (Overall: 0.5882, Change: 1.4172), TF Ratio: 0.790
[2026-06-16 07:47:09,837][root][INFO] - Epoch [4/5], Batch [152/300], Loss: 1.0646 (Overall: 0.9060, Change: 0.9842), TF Ratio: 0.790
[2026-06-16 07:47:09,994][root][INFO] - Epoch [4/5], Batch [153/300], Loss: 1.0640 (Overall: 0.5939, Change: 1.3567), TF Ratio: 0.789
[2026-06-16 07:47:10,147][root][INFO] - Epoch [4/5], Batch [154/300], Loss: 1.0638 (Overall: 0.4256, Change: 1.6198), TF Ratio: 0.789
[2026-06-16 07:47:10,300][root][INFO] - Epoch [4/5], Batch [155/300], Loss: 1.0646 (Overall: 1.0878, Change: 1.3086), TF Ratio: 0.789
[2026-06-16 07:47:10,468][root][INFO] - Epoch [4/5], Batch [156/300], Loss: 1.0662 (Overall: 1.1401, Change: 1.4894), TF Ratio: 0.789
[2026-06-16 07:47:10,623][root][INFO] - Epoch [4/5], Batch [157/300], Loss: 1.0683 (Overall: 1.1244, Change: 1.6518), TF Ratio: 0.789
[2026-06-16 07:47:10,777][root][INFO] - Epoch [4/5], Batch [158/300], Loss: 1.0666 (Overall: 0.7272, Change: 0.8707), TF Ratio: 0.788
[2026-06-16 07:47:10,931][root][INFO] - Epoch [4/5], Batch [159/300], Loss: 1.0669 (Overall: 0.6968, Change: 1.5551), TF Ratio: 0.788
[2026-06-16 07:47:11,094][root][INFO] - Epoch [4/5], Batch [160/300], Loss: 1.0666 (Overall: 0.7919, Change: 1.2458), TF Ratio: 0.788
[2026-06-16 07:47:11,249][root][INFO] - Epoch [4/5], Batch [161/300], Loss: 1.0663 (Overall: 0.5243, Change: 1.5069), TF Ratio: 0.788
[2026-06-16 07:47:11,404][root][INFO] - Epoch [4/5], Batch [162/300], Loss: 1.0676 (Overall: 0.9949, Change: 1.5394), TF Ratio: 0.788
[2026-06-16 07:47:11,558][root][INFO] - Epoch [4/5], Batch [163/300], Loss: 1.0675 (Overall: 0.7877, Change: 1.3373), TF Ratio: 0.787
[2026-06-16 07:47:16,092][root][INFO] - Epoch [4/5], Batch [164/300], Loss: 1.0671 (Overall: 0.6353, Change: 1.3684), TF Ratio: 0.787
[2026-06-16 07:47:16,248][root][INFO] - Epoch [4/5], Batch [165/300], Loss: 1.0674 (Overall: 0.9417, Change: 1.2681), TF Ratio: 0.787
[2026-06-16 07:47:16,402][root][INFO] - Epoch [4/5], Batch [166/300], Loss: 1.0670 (Overall: 0.8477, Change: 1.1702), TF Ratio: 0.787
[2026-06-16 07:47:16,556][root][INFO] - Epoch [4/5], Batch [167/300], Loss: 1.0673 (Overall: 0.9411, Change: 1.2729), TF Ratio: 0.787
[2026-06-16 07:47:24,233][root][INFO] - Epoch [4/5], Batch [168/300], Loss: 1.0670 (Overall: 0.6913, Change: 1.3577), TF Ratio: 0.786
[2026-06-16 07:47:24,389][root][INFO] - Epoch [4/5], Batch [169/300], Loss: 1.0674 (Overall: 0.9901, Change: 1.2863), TF Ratio: 0.786
[2026-06-16 07:47:24,543][root][INFO] - Epoch [4/5], Batch [170/300], Loss: 1.0672 (Overall: 0.8299, Change: 1.2218), TF Ratio: 0.786
[2026-06-16 07:47:24,697][root][INFO] - Epoch [4/5], Batch [171/300], Loss: 1.0661 (Overall: 0.6645, Change: 1.0897), TF Ratio: 0.786
[2026-06-16 07:47:29,581][root][INFO] - Epoch [4/5], Batch [172/300], Loss: 1.0667 (Overall: 0.9746, Change: 1.3802), TF Ratio: 0.786
[2026-06-16 07:47:29,738][root][INFO] - Epoch [4/5], Batch [173/300], Loss: 1.0662 (Overall: 0.5811, Change: 1.3642), TF Ratio: 0.785
[2026-06-16 07:47:29,892][root][INFO] - Epoch [4/5], Batch [174/300], Loss: 1.0656 (Overall: 0.5257, Change: 1.3973), TF Ratio: 0.785
[2026-06-16 07:47:30,046][root][INFO] - Epoch [4/5], Batch [175/300], Loss: 1.0651 (Overall: 0.6270, Change: 1.3381), TF Ratio: 0.785
[2026-06-16 07:47:30,217][root][INFO] - Epoch [4/5], Batch [176/300], Loss: 1.0641 (Overall: 0.5263, Change: 1.2708), TF Ratio: 0.785
[2026-06-16 07:47:30,371][root][INFO] - Epoch [4/5], Batch [177/300], Loss: 1.0640 (Overall: 1.0277, Change: 1.0661), TF Ratio: 0.785
[2026-06-16 07:47:30,525][root][INFO] - Epoch [4/5], Batch [178/300], Loss: 1.0663 (Overall: 1.4170, Change: 1.5071), TF Ratio: 0.784
[2026-06-16 07:47:30,678][root][INFO] - Epoch [4/5], Batch [179/300], Loss: 1.0654 (Overall: 0.7753, Change: 1.0567), TF Ratio: 0.784
[2026-06-16 07:47:30,838][root][INFO] - Epoch [4/5], Batch [180/300], Loss: 1.0672 (Overall: 0.9554, Change: 1.8110), TF Ratio: 0.784
[2026-06-16 07:47:30,992][root][INFO] - Epoch [4/5], Batch [181/300], Loss: 1.0676 (Overall: 0.9771, Change: 1.2933), TF Ratio: 0.784
[2026-06-16 07:47:31,147][root][INFO] - Epoch [4/5], Batch [182/300], Loss: 1.0685 (Overall: 0.7245, Change: 1.7362), TF Ratio: 0.784
[2026-06-16 07:47:31,301][root][INFO] - Epoch [4/5], Batch [183/300], Loss: 1.0679 (Overall: 0.7501, Change: 1.1630), TF Ratio: 0.783
[2026-06-16 07:47:32,413][root][INFO] - Epoch [4/5], Batch [184/300], Loss: 1.0668 (Overall: 0.7827, Change: 0.9539), TF Ratio: 0.783
[2026-06-16 07:47:32,568][root][INFO] - Epoch [4/5], Batch [185/300], Loss: 1.0669 (Overall: 1.0455, Change: 1.1420), TF Ratio: 0.783
[2026-06-16 07:47:32,723][root][INFO] - Epoch [4/5], Batch [186/300], Loss: 1.0640 (Overall: 0.6345, Change: 0.4027), TF Ratio: 0.783
[2026-06-16 07:47:32,877][root][INFO] - Epoch [4/5], Batch [187/300], Loss: 1.0637 (Overall: 0.8936, Change: 1.1480), TF Ratio: 0.783
[2026-06-16 07:47:40,684][root][INFO] - Epoch [4/5], Batch [188/300], Loss: 1.0641 (Overall: 0.8113, Change: 1.4545), TF Ratio: 0.782
[2026-06-16 07:47:40,841][root][INFO] - Epoch [4/5], Batch [189/300], Loss: 1.0639 (Overall: 0.9333, Change: 1.1200), TF Ratio: 0.782
[2026-06-16 07:47:40,995][root][INFO] - Epoch [4/5], Batch [190/300], Loss: 1.0642 (Overall: 0.6024, Change: 1.6187), TF Ratio: 0.782
[2026-06-16 07:47:41,149][root][INFO] - Epoch [4/5], Batch [191/300], Loss: 1.0646 (Overall: 0.9856, Change: 1.3216), TF Ratio: 0.782
[2026-06-16 07:47:48,255][root][INFO] - Epoch [4/5], Batch [192/300], Loss: 1.0640 (Overall: 0.5227, Change: 1.3450), TF Ratio: 0.782
[2026-06-16 07:47:48,411][root][INFO] - Epoch [4/5], Batch [193/300], Loss: 1.0632 (Overall: 0.5671, Change: 1.2534), TF Ratio: 0.781
[2026-06-16 07:47:48,565][root][INFO] - Epoch [4/5], Batch [194/300], Loss: 1.0634 (Overall: 1.0087, Change: 1.2260), TF Ratio: 0.781
[2026-06-16 07:47:48,720][root][INFO] - Epoch [4/5], Batch [195/300], Loss: 1.0635 (Overall: 0.9396, Change: 1.1958), TF Ratio: 0.781
[2026-06-16 07:47:48,875][root][INFO] - Epoch [4/5], Batch [196/300], Loss: 1.0636 (Overall: 0.9000, Change: 1.2934), TF Ratio: 0.781
[2026-06-16 07:47:49,031][root][INFO] - Epoch [4/5], Batch [197/300], Loss: 1.0623 (Overall: 0.5651, Change: 1.0511), TF Ratio: 0.781
[2026-06-16 07:47:49,184][root][INFO] - Epoch [4/5], Batch [198/300], Loss: 1.0625 (Overall: 0.6891, Change: 1.4926), TF Ratio: 0.780
[2026-06-16 07:47:49,338][root][INFO] - Epoch [4/5], Batch [199/300], Loss: 1.0610 (Overall: 0.4448, Change: 1.0849), TF Ratio: 0.780
[2026-06-16 07:47:49,496][root][INFO] - Epoch [4/5], Batch [200/300], Loss: 1.0605 (Overall: 0.5431, Change: 1.3944), TF Ratio: 0.780
[2026-06-16 07:47:49,651][root][INFO] - Epoch [4/5], Batch [201/300], Loss: 1.0606 (Overall: 0.9454, Change: 1.2164), TF Ratio: 0.780
[2026-06-16 07:47:49,804][root][INFO] - Epoch [4/5], Batch [202/300], Loss: 1.0614 (Overall: 0.7095, Change: 1.7101), TF Ratio: 0.780
[2026-06-16 07:47:49,958][root][INFO] - Epoch [4/5], Batch [203/300], Loss: 1.0595 (Overall: 0.3938, Change: 0.9817), TF Ratio: 0.779
[2026-06-16 07:47:50,219][root][INFO] - Epoch [4/5], Batch [204/300], Loss: 1.0637 (Overall: 0.6073, Change: 3.2089), TF Ratio: 0.779
[2026-06-16 07:47:50,374][root][INFO] - Epoch [4/5], Batch [205/300], Loss: 1.0625 (Overall: 0.5903, Change: 1.0363), TF Ratio: 0.779
[2026-06-16 07:47:50,528][root][INFO] - Epoch [4/5], Batch [206/300], Loss: 1.0627 (Overall: 0.8235, Change: 1.4009), TF Ratio: 0.779
[2026-06-16 07:47:50,682][root][INFO] - Epoch [4/5], Batch [207/300], Loss: 1.0609 (Overall: 0.5177, Change: 0.8747), TF Ratio: 0.779
[2026-06-16 07:47:57,257][root][INFO] - Epoch [4/5], Batch [208/300], Loss: 1.0607 (Overall: 0.6338, Change: 1.4114), TF Ratio: 0.778
[2026-06-16 07:47:57,413][root][INFO] - Epoch [4/5], Batch [209/300], Loss: 1.0603 (Overall: 0.6017, Change: 1.3552), TF Ratio: 0.778
[2026-06-16 07:47:57,568][root][INFO] - Epoch [4/5], Batch [210/300], Loss: 1.0597 (Overall: 0.6652, Change: 1.1810), TF Ratio: 0.778
[2026-06-16 07:47:57,722][root][INFO] - Epoch [4/5], Batch [211/300], Loss: 1.0592 (Overall: 0.7103, Change: 1.1934), TF Ratio: 0.778
[2026-06-16 07:48:06,120][root][INFO] - Epoch [4/5], Batch [212/300], Loss: 1.0590 (Overall: 0.7032, Change: 1.3479), TF Ratio: 0.778
[2026-06-16 07:48:06,279][root][INFO] - Epoch [4/5], Batch [213/300], Loss: 1.0588 (Overall: 0.6344, Change: 1.3718), TF Ratio: 0.777
[2026-06-16 07:48:06,433][root][INFO] - Epoch [4/5], Batch [214/300], Loss: 1.0586 (Overall: 0.5681, Change: 1.4620), TF Ratio: 0.777
[2026-06-16 07:48:06,587][root][INFO] - Epoch [4/5], Batch [215/300], Loss: 1.0575 (Overall: 0.6464, Change: 1.0358), TF Ratio: 0.777
[2026-06-16 07:48:06,743][root][INFO] - Epoch [4/5], Batch [216/300], Loss: 1.0585 (Overall: 0.9692, Change: 1.5711), TF Ratio: 0.777
[2026-06-16 07:48:06,898][root][INFO] - Epoch [4/5], Batch [217/300], Loss: 1.0582 (Overall: 0.6235, Change: 1.3517), TF Ratio: 0.777
[2026-06-16 07:48:07,051][root][INFO] - Epoch [4/5], Batch [218/300], Loss: 1.0588 (Overall: 0.9776, Change: 1.3987), TF Ratio: 0.776
[2026-06-16 07:48:07,206][root][INFO] - Epoch [4/5], Batch [219/300], Loss: 1.0597 (Overall: 0.9870, Change: 1.5375), TF Ratio: 0.776
[2026-06-16 07:48:07,363][root][INFO] - Epoch [4/5], Batch [220/300], Loss: 1.0598 (Overall: 0.7443, Change: 1.4154), TF Ratio: 0.776
[2026-06-16 07:48:07,519][root][INFO] - Epoch [4/5], Batch [221/300], Loss: 1.0586 (Overall: 0.4557, Change: 1.1066), TF Ratio: 0.776
[2026-06-16 07:48:07,673][root][INFO] - Epoch [4/5], Batch [222/300], Loss: 1.0574 (Overall: 0.7122, Change: 0.9003), TF Ratio: 0.776
[2026-06-16 07:48:07,827][root][INFO] - Epoch [4/5], Batch [223/300], Loss: 1.0548 (Overall: 0.3985, Change: 0.5628), TF Ratio: 0.775
[2026-06-16 07:48:07,993][root][INFO] - Epoch [4/5], Batch [224/300], Loss: 1.0548 (Overall: 0.5610, Change: 1.5305), TF Ratio: 0.775
[2026-06-16 07:48:08,147][root][INFO] - Epoch [4/5], Batch [225/300], Loss: 1.0551 (Overall: 0.7225, Change: 1.5122), TF Ratio: 0.775
[2026-06-16 07:48:08,301][root][INFO] - Epoch [4/5], Batch [226/300], Loss: 1.0550 (Overall: 0.7303, Change: 1.3362), TF Ratio: 0.775
[2026-06-16 07:48:08,455][root][INFO] - Epoch [4/5], Batch [227/300], Loss: 1.0541 (Overall: 0.6790, Change: 1.0102), TF Ratio: 0.775
[2026-06-16 07:48:14,281][root][INFO] - Epoch [4/5], Batch [228/300], Loss: 1.0531 (Overall: 0.7621, Change: 0.9024), TF Ratio: 0.774
[2026-06-16 07:48:14,437][root][INFO] - Epoch [4/5], Batch [229/300], Loss: 1.0526 (Overall: 0.5889, Change: 1.3044), TF Ratio: 0.774
[2026-06-16 07:48:14,589][root][INFO] - Epoch [4/5], Batch [230/300], Loss: 1.0510 (Overall: 0.5187, Change: 0.8376), TF Ratio: 0.774
[2026-06-16 07:48:14,743][root][INFO] - Epoch [4/5], Batch [231/300], Loss: 1.0499 (Overall: 0.5132, Change: 1.1016), TF Ratio: 0.774
[2026-06-16 07:48:23,639][root][INFO] - Epoch [4/5], Batch [232/300], Loss: 1.0501 (Overall: 0.6553, Change: 1.5128), TF Ratio: 0.774
[2026-06-16 07:48:23,795][root][INFO] - Epoch [4/5], Batch [233/300], Loss: 1.0490 (Overall: 0.5262, Change: 1.0651), TF Ratio: 0.773
[2026-06-16 07:48:23,949][root][INFO] - Epoch [4/5], Batch [234/300], Loss: 1.0484 (Overall: 0.6884, Change: 1.1365), TF Ratio: 0.773
[2026-06-16 07:48:24,102][root][INFO] - Epoch [4/5], Batch [235/300], Loss: 1.0482 (Overall: 0.8955, Change: 1.0923), TF Ratio: 0.773
[2026-06-16 07:48:24,269][root][INFO] - Epoch [4/5], Batch [236/300], Loss: 1.0484 (Overall: 0.7074, Change: 1.4894), TF Ratio: 0.773
[2026-06-16 07:48:24,423][root][INFO] - Epoch [4/5], Batch [237/300], Loss: 1.0493 (Overall: 0.8127, Change: 1.7373), TF Ratio: 0.773
[2026-06-16 07:48:24,578][root][INFO] - Epoch [4/5], Batch [238/300], Loss: 1.0482 (Overall: 0.6201, Change: 0.9434), TF Ratio: 0.772
[2026-06-16 07:48:24,734][root][INFO] - Epoch [4/5], Batch [239/300], Loss: 1.0489 (Overall: 0.5043, Change: 1.9123), TF Ratio: 0.772
[2026-06-16 07:48:24,890][root][INFO] - Epoch [4/5], Batch [240/300], Loss: 1.0494 (Overall: 0.7261, Change: 1.6416), TF Ratio: 0.772
[2026-06-16 07:48:25,045][root][INFO] - Epoch [4/5], Batch [241/300], Loss: 1.0481 (Overall: 0.5636, Change: 0.8770), TF Ratio: 0.772
[2026-06-16 07:48:25,200][root][INFO] - Epoch [4/5], Batch [242/300], Loss: 1.0479 (Overall: 0.4353, Change: 1.5751), TF Ratio: 0.772
[2026-06-16 07:48:25,354][root][INFO] - Epoch [4/5], Batch [243/300], Loss: 1.0481 (Overall: 0.8571, Change: 1.3220), TF Ratio: 0.771
[2026-06-16 07:48:25,510][root][INFO] - Epoch [4/5], Batch [244/300], Loss: 1.0471 (Overall: 0.6194, Change: 0.9846), TF Ratio: 0.771
[2026-06-16 07:48:25,664][root][INFO] - Epoch [4/5], Batch [245/300], Loss: 1.0474 (Overall: 0.6467, Change: 1.6217), TF Ratio: 0.771
[2026-06-16 07:48:25,818][root][INFO] - Epoch [4/5], Batch [246/300], Loss: 1.0476 (Overall: 0.5987, Change: 1.5629), TF Ratio: 0.771
[2026-06-16 07:48:25,971][root][INFO] - Epoch [4/5], Batch [247/300], Loss: 1.0474 (Overall: 0.9052, Change: 1.1108), TF Ratio: 0.771
[2026-06-16 07:48:31,506][root][INFO] - Epoch [4/5], Batch [248/300], Loss: 1.0469 (Overall: 0.6483, Change: 1.2211), TF Ratio: 0.770
[2026-06-16 07:48:31,662][root][INFO] - Epoch [4/5], Batch [249/300], Loss: 1.0469 (Overall: 0.8664, Change: 1.1883), TF Ratio: 0.770
[2026-06-16 07:48:31,817][root][INFO] - Epoch [4/5], Batch [250/300], Loss: 1.0475 (Overall: 0.9264, Change: 1.4756), TF Ratio: 0.770
[2026-06-16 07:48:31,970][root][INFO] - Epoch [4/5], Batch [251/300], Loss: 1.0462 (Overall: 0.5595, Change: 0.9089), TF Ratio: 0.770
[2026-06-16 07:48:41,332][root][INFO] - Epoch [4/5], Batch [252/300], Loss: 1.0460 (Overall: 0.7345, Change: 1.2274), TF Ratio: 0.770
[2026-06-16 07:48:41,490][root][INFO] - Epoch [4/5], Batch [253/300], Loss: 1.0452 (Overall: 0.4845, Change: 1.2096), TF Ratio: 0.769
[2026-06-16 07:48:41,644][root][INFO] - Epoch [4/5], Batch [254/300], Loss: 1.0447 (Overall: 0.5296, Change: 1.3168), TF Ratio: 0.769
[2026-06-16 07:48:41,799][root][INFO] - Epoch [4/5], Batch [255/300], Loss: 1.0455 (Overall: 0.7488, Change: 1.7375), TF Ratio: 0.769
[2026-06-16 07:48:41,954][root][INFO] - Epoch [4/5], Batch [256/300], Loss: 1.0452 (Overall: 0.4619, Change: 1.4907), TF Ratio: 0.769
[2026-06-16 07:48:42,123][root][INFO] - Epoch [4/5], Batch [257/300], Loss: 1.0442 (Overall: 0.6307, Change: 0.9614), TF Ratio: 0.769
[2026-06-16 07:48:42,277][root][INFO] - Epoch [4/5], Batch [258/300], Loss: 1.0447 (Overall: 0.9702, Change: 1.3779), TF Ratio: 0.768
[2026-06-16 07:48:42,432][root][INFO] - Epoch [4/5], Batch [259/300], Loss: 1.0450 (Overall: 0.6114, Change: 1.5984), TF Ratio: 0.768
[2026-06-16 07:48:42,597][root][INFO] - Epoch [4/5], Batch [260/300], Loss: 1.0449 (Overall: 0.7946, Change: 1.2505), TF Ratio: 0.768
[2026-06-16 07:48:42,752][root][INFO] - Epoch [4/5], Batch [261/300], Loss: 1.0437 (Overall: 0.4845, Change: 0.9875), TF Ratio: 0.768
[2026-06-16 07:48:42,915][root][INFO] - Epoch [4/5], Batch [262/300], Loss: 1.0433 (Overall: 0.4570, Change: 1.4129), TF Ratio: 0.768
[2026-06-16 07:48:43,068][root][INFO] - Epoch [4/5], Batch [263/300], Loss: 1.0427 (Overall: 0.6359, Change: 1.1270), TF Ratio: 0.767
[2026-06-16 07:48:43,222][root][INFO] - Epoch [4/5], Batch [264/300], Loss: 1.0430 (Overall: 0.7842, Change: 1.4731), TF Ratio: 0.767
[2026-06-16 07:48:43,379][root][INFO] - Epoch [4/5], Batch [265/300], Loss: 1.0423 (Overall: 0.5553, Change: 1.1392), TF Ratio: 0.767
[2026-06-16 07:48:43,533][root][INFO] - Epoch [4/5], Batch [266/300], Loss: 1.0426 (Overall: 0.8297, Change: 1.4476), TF Ratio: 0.767
[2026-06-16 07:48:43,687][root][INFO] - Epoch [4/5], Batch [267/300], Loss: 1.0430 (Overall: 0.6594, Change: 1.6205), TF Ratio: 0.767
[2026-06-16 07:48:47,856][root][INFO] - Epoch [4/5], Batch [268/300], Loss: 1.0423 (Overall: 0.8153, Change: 0.9223), TF Ratio: 0.766
[2026-06-16 07:48:48,013][root][INFO] - Epoch [4/5], Batch [269/300], Loss: 1.0422 (Overall: 0.7528, Change: 1.2661), TF Ratio: 0.766
[2026-06-16 07:48:48,166][root][INFO] - Epoch [4/5], Batch [270/300], Loss: 1.0426 (Overall: 0.9696, Change: 1.3337), TF Ratio: 0.766
[2026-06-16 07:48:48,322][root][INFO] - Epoch [4/5], Batch [271/300], Loss: 1.0416 (Overall: 0.8024, Change: 0.7032), TF Ratio: 0.766
[2026-06-16 07:48:57,650][root][INFO] - Epoch [4/5], Batch [272/300], Loss: 1.0420 (Overall: 0.9332, Change: 1.3914), TF Ratio: 0.766
[2026-06-16 07:48:57,808][root][INFO] - Epoch [4/5], Batch [273/300], Loss: 1.0420 (Overall: 0.5835, Change: 1.4936), TF Ratio: 0.765
[2026-06-16 07:48:57,965][root][INFO] - Epoch [4/5], Batch [274/300], Loss: 1.0417 (Overall: 0.6083, Change: 1.3186), TF Ratio: 0.765
[2026-06-16 07:48:58,119][root][INFO] - Epoch [4/5], Batch [275/300], Loss: 1.0409 (Overall: 0.5615, Change: 1.0690), TF Ratio: 0.765
[2026-06-16 07:48:58,281][root][INFO] - Epoch [4/5], Batch [276/300], Loss: 1.0407 (Overall: 0.5232, Change: 1.4478), TF Ratio: 0.765
[2026-06-16 07:48:58,436][root][INFO] - Epoch [4/5], Batch [277/300], Loss: 1.0407 (Overall: 0.7199, Change: 1.3643), TF Ratio: 0.765
[2026-06-16 07:48:58,590][root][INFO] - Epoch [4/5], Batch [278/300], Loss: 1.0396 (Overall: 0.6353, Change: 0.8521), TF Ratio: 0.764
[2026-06-16 07:48:58,744][root][INFO] - Epoch [4/5], Batch [279/300], Loss: 1.0398 (Overall: 0.7224, Change: 1.4462), TF Ratio: 0.764
[2026-06-16 07:48:58,901][root][INFO] - Epoch [4/5], Batch [280/300], Loss: 1.0395 (Overall: 0.4692, Change: 1.4317), TF Ratio: 0.764
[2026-06-16 07:48:59,055][root][INFO] - Epoch [4/5], Batch [281/300], Loss: 1.0398 (Overall: 0.4669, Change: 1.7962), TF Ratio: 0.764
[2026-06-16 07:48:59,213][root][INFO] - Epoch [4/5], Batch [282/300], Loss: 1.0395 (Overall: 0.5728, Change: 1.3271), TF Ratio: 0.764
[2026-06-16 07:48:59,367][root][INFO] - Epoch [4/5], Batch [283/300], Loss: 1.0391 (Overall: 0.8381, Change: 1.0413), TF Ratio: 0.763
[2026-06-16 07:48:59,525][root][INFO] - Epoch [4/5], Batch [284/300], Loss: 1.0377 (Overall: 0.4769, Change: 0.8120), TF Ratio: 0.763
[2026-06-16 07:48:59,681][root][INFO] - Epoch [4/5], Batch [285/300], Loss: 1.0379 (Overall: 0.7069, Change: 1.4777), TF Ratio: 0.763
[2026-06-16 07:48:59,834][root][INFO] - Epoch [4/5], Batch [286/300], Loss: 1.0382 (Overall: 0.6672, Change: 1.5534), TF Ratio: 0.763
[2026-06-16 07:48:59,989][root][INFO] - Epoch [4/5], Batch [287/300], Loss: 1.0379 (Overall: 0.6878, Change: 1.2636), TF Ratio: 0.763
[2026-06-16 07:49:04,066][root][INFO] - Epoch [4/5], Batch [288/300], Loss: 1.0381 (Overall: 0.7043, Change: 1.4740), TF Ratio: 0.762
[2026-06-16 07:49:04,225][root][INFO] - Epoch [4/5], Batch [289/300], Loss: 1.0380 (Overall: 0.6431, Change: 1.3345), TF Ratio: 0.762
[2026-06-16 07:49:04,379][root][INFO] - Epoch [4/5], Batch [290/300], Loss: 1.0380 (Overall: 0.5039, Change: 1.5989), TF Ratio: 0.762
[2026-06-16 07:49:04,533][root][INFO] - Epoch [4/5], Batch [291/300], Loss: 1.0390 (Overall: 0.8766, Change: 1.7951), TF Ratio: 0.762
[2026-06-16 07:49:13,702][root][INFO] - Epoch [4/5], Batch [292/300], Loss: 1.0391 (Overall: 0.5822, Change: 1.5618), TF Ratio: 0.762
[2026-06-16 07:49:13,860][root][INFO] - Epoch [4/5], Batch [293/300], Loss: 1.0390 (Overall: 0.5693, Change: 1.4063), TF Ratio: 0.761
[2026-06-16 07:49:14,014][root][INFO] - Epoch [4/5], Batch [294/300], Loss: 1.0389 (Overall: 0.5783, Change: 1.4731), TF Ratio: 0.761
[2026-06-16 07:49:14,167][root][INFO] - Epoch [4/5], Batch [295/300], Loss: 1.0389 (Overall: 0.8152, Change: 1.2592), TF Ratio: 0.761
[2026-06-16 07:49:14,330][root][INFO] - Epoch [4/5], Batch [296/300], Loss: 1.0383 (Overall: 0.6144, Change: 1.0889), TF Ratio: 0.761
[2026-06-16 07:49:14,485][root][INFO] - Epoch [4/5], Batch [297/300], Loss: 1.0386 (Overall: 0.7026, Change: 1.5571), TF Ratio: 0.761
[2026-06-16 07:49:14,641][root][INFO] - Epoch [4/5], Batch [298/300], Loss: 1.0384 (Overall: 0.5810, Change: 1.3773), TF Ratio: 0.760
[2026-06-16 07:49:14,806][root][INFO] - Epoch [4/5], Batch [299/300], Loss: 1.0379 (Overall: 0.7674, Change: 1.0321), TF Ratio: 0.760
[2026-06-16 07:49:14,962][root][INFO] - Epoch [4/5], Batch [300/300], Loss: 1.0375 (Overall: 0.5956, Change: 1.2051), TF Ratio: 0.760
[2026-06-16 07:49:31,129][root][INFO] - Epoch 4 done. Validating...
[2026-06-16 07:50:08,489][root][INFO] - Epoch [4/5] | Train: 1.0537 | Val: 0.6999
[2026-06-16 07:50:08,695][root][INFO] - Checkpoint saved: /gpfs/scratch/bsc32/bsc096444/ai4land-tfm/trained_models/unet_impl/41825157/best_model.pth
[2026-06-16 07:50:08,915][root][INFO] - Checkpoint saved: /gpfs/scratch/bsc32/bsc096444/ai4land-tfm/trained_models/unet_impl/41825157/model_epoch_4.pth
[2026-06-16 07:50:30,256][root][INFO] - Epoch [5/5], Batch [1/300], Loss: 0.9016 (Overall: 0.6955, Change: 1.1077), TF Ratio: 0.760
[2026-06-16 07:50:31,324][root][INFO] - Epoch [5/5], Batch [2/300], Loss: 0.9651 (Overall: 0.6631, Change: 1.3943), TF Ratio: 0.760
[2026-06-16 07:50:31,481][root][INFO] - Epoch [5/5], Batch [3/300], Loss: 1.0614 (Overall: 0.7720, Change: 1.7360), TF Ratio: 0.759
[2026-06-16 07:50:33,840][root][INFO] - Epoch [5/5], Batch [4/300], Loss: 0.9649 (Overall: 0.5609, Change: 0.7897), TF Ratio: 0.759
[2026-06-16 07:50:33,995][root][INFO] - Epoch [5/5], Batch [5/300], Loss: 0.9954 (Overall: 0.6269, Change: 1.6084), TF Ratio: 0.759
[2026-06-16 07:50:34,149][root][INFO] - Epoch [5/5], Batch [6/300], Loss: 0.9786 (Overall: 0.7185, Change: 1.0707), TF Ratio: 0.759
[2026-06-16 07:50:34,302][root][INFO] - Epoch [5/5], Batch [7/300], Loss: 0.9878 (Overall: 0.7153, Change: 1.3698), TF Ratio: 0.759
[2026-06-16 07:50:34,458][root][INFO] - Epoch [5/5], Batch [8/300], Loss: 1.0278 (Overall: 1.0356, Change: 1.5806), TF Ratio: 0.758
[2026-06-16 07:50:34,613][root][INFO] - Epoch [5/5], Batch [9/300], Loss: 0.9950 (Overall: 0.3952, Change: 1.0697), TF Ratio: 0.758
[2026-06-16 07:50:34,765][root][INFO] - Epoch [5/5], Batch [10/300], Loss: 0.9952 (Overall: 0.7649, Change: 1.2288), TF Ratio: 0.758
[2026-06-16 07:50:34,918][root][INFO] - Epoch [5/5], Batch [11/300], Loss: 0.9987 (Overall: 0.7063, Change: 1.3616), TF Ratio: 0.758
[2026-06-16 07:50:35,082][root][INFO] - Epoch [5/5], Batch [12/300], Loss: 1.0025 (Overall: 0.8399, Change: 1.2483), TF Ratio: 0.758
[2026-06-16 07:50:35,236][root][INFO] - Epoch [5/5], Batch [13/300], Loss: 1.0071 (Overall: 0.8971, Change: 1.2286), TF Ratio: 0.757
[2026-06-16 07:50:35,390][root][INFO] - Epoch [5/5], Batch [14/300], Loss: 0.9967 (Overall: 0.5064, Change: 1.2171), TF Ratio: 0.757
[2026-06-16 07:50:35,544][root][INFO] - Epoch [5/5], Batch [15/300], Loss: 0.9952 (Overall: 0.7367, Change: 1.2102), TF Ratio: 0.757
[2026-06-16 07:50:35,701][root][INFO] - Epoch [5/5], Batch [16/300], Loss: 0.9837 (Overall: 0.5995, Change: 1.0227), TF Ratio: 0.757
[2026-06-16 07:50:35,856][root][INFO] - Epoch [5/5], Batch [17/300], Loss: 0.9861 (Overall: 0.7667, Change: 1.2837), TF Ratio: 0.757
[2026-06-16 07:50:36,008][root][INFO] - Epoch [5/5], Batch [18/300], Loss: 0.9733 (Overall: 0.5643, Change: 0.9447), TF Ratio: 0.756
[2026-06-16 07:50:36,161][root][INFO] - Epoch [5/5], Batch [19/300], Loss: 0.9802 (Overall: 0.7457, Change: 1.4633), TF Ratio: 0.756
[2026-06-16 07:50:47,849][root][INFO] - Epoch [5/5], Batch [20/300], Loss: 0.9826 (Overall: 0.7759, Change: 1.2827), TF Ratio: 0.756
[2026-06-16 07:50:48,003][root][INFO] - Epoch [5/5], Batch [21/300], Loss: 0.9953 (Overall: 0.9590, Change: 1.5401), TF Ratio: 0.756
[2026-06-16 07:50:48,156][root][INFO] - Epoch [5/5], Batch [22/300], Loss: 0.9930 (Overall: 0.6114, Change: 1.2769), TF Ratio: 0.756
[2026-06-16 07:50:48,309][root][INFO] - Epoch [5/5], Batch [23/300], Loss: 0.9931 (Overall: 0.6787, Change: 1.3137), TF Ratio: 0.755
[2026-06-16 07:50:49,779][root][INFO] - Epoch [5/5], Batch [24/300], Loss: 1.0298 (Overall: 0.5602, Change: 3.1854), TF Ratio: 0.755
[2026-06-16 07:50:49,933][root][INFO] - Epoch [5/5], Batch [25/300], Loss: 1.0329 (Overall: 0.6639, Change: 1.5517), TF Ratio: 0.755
[2026-06-16 07:50:50,086][root][INFO] - Epoch [5/5], Batch [26/300], Loss: 1.0356 (Overall: 0.9165, Change: 1.2896), TF Ratio: 0.755
[2026-06-16 07:50:50,239][root][INFO] - Epoch [5/5], Batch [27/300], Loss: 1.0329 (Overall: 0.6954, Change: 1.2273), TF Ratio: 0.755
[2026-06-16 07:50:50,399][root][INFO] - Epoch [5/5], Batch [28/300], Loss: 1.0315 (Overall: 0.7229, Change: 1.2693), TF Ratio: 0.754
[2026-06-16 07:50:50,555][root][INFO] - Epoch [5/5], Batch [29/300], Loss: 1.0285 (Overall: 0.4955, Change: 1.3908), TF Ratio: 0.754
[2026-06-16 07:50:50,708][root][INFO] - Epoch [5/5], Batch [30/300], Loss: 1.0381 (Overall: 1.4899, Change: 1.1400), TF Ratio: 0.754
[2026-06-16 07:50:50,860][root][INFO] - Epoch [5/5], Batch [31/300], Loss: 1.0437 (Overall: 0.6727, Change: 1.7550), TF Ratio: 0.754
[2026-06-16 07:50:51,020][root][INFO] - Epoch [5/5], Batch [32/300], Loss: 1.0482 (Overall: 0.8714, Change: 1.5041), TF Ratio: 0.754
[2026-06-16 07:50:51,174][root][INFO] - Epoch [5/5], Batch [33/300], Loss: 1.0477 (Overall: 0.6180, Change: 1.4472), TF Ratio: 0.753
[2026-06-16 07:50:51,327][root][INFO] - Epoch [5/5], Batch [34/300], Loss: 1.0449 (Overall: 0.5669, Change: 1.3360), TF Ratio: 0.753
[2026-06-16 07:50:51,481][root][INFO] - Epoch [5/5], Batch [35/300], Loss: 1.0587 (Overall: 1.4174, Change: 1.6361), TF Ratio: 0.753
[2026-06-16 07:50:51,642][root][INFO] - Epoch [5/5], Batch [36/300], Loss: 1.0677 (Overall: 0.9178, Change: 1.8465), TF Ratio: 0.753
[2026-06-16 07:50:51,796][root][INFO] - Epoch [5/5], Batch [37/300], Loss: 1.0716 (Overall: 0.9201, Change: 1.5037), TF Ratio: 0.753
[2026-06-16 07:50:51,949][root][INFO] - Epoch [5/5], Batch [38/300], Loss: 1.0610 (Overall: 0.4873, Change: 0.8542), TF Ratio: 0.752
[2026-06-16 07:50:52,102][root][INFO] - Epoch [5/5], Batch [39/300], Loss: 1.0683 (Overall: 0.9500, Change: 1.7377), TF Ratio: 0.752
[2026-06-16 07:51:02,628][root][INFO] - Epoch [5/5], Batch [40/300], Loss: 1.0687 (Overall: 0.8453, Change: 1.3227), TF Ratio: 0.752
[2026-06-16 07:51:02,783][root][INFO] - Epoch [5/5], Batch [41/300], Loss: 1.0665 (Overall: 0.6176, Change: 1.3428), TF Ratio: 0.752
[2026-06-16 07:51:03,867][root][INFO] - Epoch [5/5], Batch [42/300], Loss: 1.0708 (Overall: 0.9595, Change: 1.5340), TF Ratio: 0.752
[2026-06-16 07:51:04,021][root][INFO] - Epoch [5/5], Batch [43/300], Loss: 1.0674 (Overall: 0.6467, Change: 1.1996), TF Ratio: 0.751
[2026-06-16 07:51:08,069][root][INFO] - Epoch [5/5], Batch [44/300], Loss: 1.0632 (Overall: 0.7378, Change: 1.0291), TF Ratio: 0.751
[2026-06-16 07:51:08,226][root][INFO] - Epoch [5/5], Batch [45/300], Loss: 1.0640 (Overall: 0.7231, Change: 1.4756), TF Ratio: 0.751
[2026-06-16 07:51:08,380][root][INFO] - Epoch [5/5], Batch [46/300], Loss: 1.0651 (Overall: 0.7894, Change: 1.4367), TF Ratio: 0.751
[2026-06-16 07:51:08,554][root][INFO] - Epoch [5/5], Batch [47/300], Loss: 1.0705 (Overall: 0.8569, Change: 1.7837), TF Ratio: 0.751
[2026-06-16 07:51:08,708][root][INFO] - Epoch [5/5], Batch [48/300], Loss: 1.0719 (Overall: 0.7539, Change: 1.5275), TF Ratio: 0.750
[2026-06-16 07:51:08,863][root][INFO] - Epoch [5/5], Batch [49/300], Loss: 1.0724 (Overall: 0.7632, Change: 1.4216), TF Ratio: 0.750
[2026-06-16 07:51:09,018][root][INFO] - Epoch [5/5], Batch [50/300], Loss: 1.0740 (Overall: 0.6753, Change: 1.6314), TF Ratio: 0.750
[2026-06-16 07:51:09,172][root][INFO] - Epoch [5/5], Batch [51/300], Loss: 1.0672 (Overall: 0.6148, Change: 0.8403), TF Ratio: 0.750
[2026-06-16 07:51:09,327][root][INFO] - Epoch [5/5], Batch [52/300], Loss: 1.0691 (Overall: 0.8643, Change: 1.4660), TF Ratio: 0.750
[2026-06-16 07:51:09,482][root][INFO] - Epoch [5/5], Batch [53/300], Loss: 1.0698 (Overall: 0.8719, Change: 1.3465), TF Ratio: 0.749
[2026-06-16 07:51:09,635][root][INFO] - Epoch [5/5], Batch [54/300], Loss: 1.0724 (Overall: 0.9409, Change: 1.4731), TF Ratio: 0.749
[2026-06-16 07:51:09,789][root][INFO] - Epoch [5/5], Batch [55/300], Loss: 1.0707 (Overall: 0.6106, Change: 1.3494), TF Ratio: 0.749
[2026-06-16 07:51:09,945][root][INFO] - Epoch [5/5], Batch [56/300], Loss: 1.0669 (Overall: 0.6846, Change: 1.0306), TF Ratio: 0.749
[2026-06-16 07:51:10,098][root][INFO] - Epoch [5/5], Batch [57/300], Loss: 1.0679 (Overall: 0.6544, Change: 1.5993), TF Ratio: 0.749
[2026-06-16 07:51:10,252][root][INFO] - Epoch [5/5], Batch [58/300], Loss: 1.0657 (Overall: 0.6117, Change: 1.2699), TF Ratio: 0.748
[2026-06-16 07:51:10,406][root][INFO] - Epoch [5/5], Batch [59/300], Loss: 1.0619 (Overall: 0.6228, Change: 1.0573), TF Ratio: 0.748
[2026-06-16 07:51:20,925][root][INFO] - Epoch [5/5], Batch [60/300], Loss: 1.0620 (Overall: 0.7361, Change: 1.3919), TF Ratio: 0.748
[2026-06-16 07:51:21,082][root][INFO] - Epoch [5/5], Batch [61/300], Loss: 1.0580 (Overall: 0.5449, Change: 1.0975), TF Ratio: 0.748
[2026-06-16 07:51:23,821][root][INFO] - Epoch [5/5], Batch [62/300], Loss: 1.0577 (Overall: 0.7057, Change: 1.3670), TF Ratio: 0.748
[2026-06-16 07:51:23,975][root][INFO] - Epoch [5/5], Batch [63/300], Loss: 1.0590 (Overall: 0.7886, Change: 1.4983), TF Ratio: 0.747
[2026-06-16 07:51:28,826][root][INFO] - Epoch [5/5], Batch [64/300], Loss: 1.0561 (Overall: 0.5573, Change: 1.1832), TF Ratio: 0.747
[2026-06-16 07:51:28,982][root][INFO] - Epoch [5/5], Batch [65/300], Loss: 1.0538 (Overall: 0.7152, Change: 1.1045), TF Ratio: 0.747
[2026-06-16 07:51:29,137][root][INFO] - Epoch [5/5], Batch [66/300], Loss: 1.0541 (Overall: 0.6067, Change: 1.5363), TF Ratio: 0.747
[2026-06-16 07:51:29,290][root][INFO] - Epoch [5/5], Batch [67/300], Loss: 1.0531 (Overall: 0.6797, Change: 1.2913), TF Ratio: 0.747
[2026-06-16 07:51:29,450][root][INFO] - Epoch [5/5], Batch [68/300], Loss: 1.0533 (Overall: 0.8074, Change: 1.3361), TF Ratio: 0.746
[2026-06-16 07:51:29,606][root][INFO] - Epoch [5/5], Batch [69/300], Loss: 1.0528 (Overall: 0.6253, Change: 1.4082), TF Ratio: 0.746
[2026-06-16 07:51:29,760][root][INFO] - Epoch [5/5], Batch [70/300], Loss: 1.0515 (Overall: 0.4864, Change: 1.4381), TF Ratio: 0.746
[2026-06-16 07:51:29,914][root][INFO] - Epoch [5/5], Batch [71/300], Loss: 1.0513 (Overall: 0.5842, Change: 1.4858), TF Ratio: 0.746
[2026-06-16 07:51:30,071][root][INFO] - Epoch [5/5], Batch [72/300], Loss: 1.0480 (Overall: 0.5693, Change: 1.0607), TF Ratio: 0.746
[2026-06-16 07:51:30,225][root][INFO] - Epoch [5/5], Batch [73/300], Loss: 1.0452 (Overall: 0.4888, Change: 1.2016), TF Ratio: 0.745
[2026-06-16 07:51:30,379][root][INFO] - Epoch [5/5], Batch [74/300], Loss: 1.0436 (Overall: 0.8832, Change: 0.9729), TF Ratio: 0.745
[2026-06-16 07:51:30,532][root][INFO] - Epoch [5/5], Batch [75/300], Loss: 1.0440 (Overall: 1.1055, Change: 1.0362), TF Ratio: 0.745
[2026-06-16 07:51:30,690][root][INFO] - Epoch [5/5], Batch [76/300], Loss: 1.0465 (Overall: 0.5090, Change: 1.9617), TF Ratio: 0.745
[2026-06-16 07:51:30,844][root][INFO] - Epoch [5/5], Batch [77/300], Loss: 1.0478 (Overall: 0.7384, Change: 1.5546), TF Ratio: 0.745
[2026-06-16 07:51:30,997][root][INFO] - Epoch [5/5], Batch [78/300], Loss: 1.0488 (Overall: 0.7749, Change: 1.4789), TF Ratio: 0.744
[2026-06-16 07:51:31,151][root][INFO] - Epoch [5/5], Batch [79/300], Loss: 1.0458 (Overall: 0.5850, Change: 1.0382), TF Ratio: 0.744
[2026-06-16 07:51:35,653][root][INFO] - Epoch [5/5], Batch [80/300], Loss: 1.0437 (Overall: 0.6352, Change: 1.1189), TF Ratio: 0.744
[2026-06-16 07:51:35,807][root][INFO] - Epoch [5/5], Batch [81/300], Loss: 1.0447 (Overall: 0.7404, Change: 1.5107), TF Ratio: 0.744
[2026-06-16 07:51:36,703][root][INFO] - Epoch [5/5], Batch [82/300], Loss: 1.0433 (Overall: 0.9645, Change: 0.8852), TF Ratio: 0.744
[2026-06-16 07:51:36,857][root][INFO] - Epoch [5/5], Batch [83/300], Loss: 1.0446 (Overall: 0.9457, Change: 1.3586), TF Ratio: 0.743
[2026-06-16 07:51:47,096][root][INFO] - Epoch [5/5], Batch [84/300], Loss: 1.0457 (Overall: 0.8040, Change: 1.4651), TF Ratio: 0.743
[2026-06-16 07:51:47,253][root][INFO] - Epoch [5/5], Batch [85/300], Loss: 1.0473 (Overall: 0.8608, Change: 1.5147), TF Ratio: 0.743
[2026-06-16 07:51:47,406][root][INFO] - Epoch [5/5], Batch [86/300], Loss: 1.0462 (Overall: 0.9551, Change: 0.9509), TF Ratio: 0.743
[2026-06-16 07:51:47,559][root][INFO] - Epoch [5/5], Batch [87/300], Loss: 1.0447 (Overall: 0.4760, Change: 1.3572), TF Ratio: 0.743
[2026-06-16 07:51:47,717][root][INFO] - Epoch [5/5], Batch [88/300], Loss: 1.0465 (Overall: 0.8807, Change: 1.5242), TF Ratio: 0.742
[2026-06-16 07:51:47,871][root][INFO] - Epoch [5/5], Batch [89/300], Loss: 1.0452 (Overall: 0.6749, Change: 1.1791), TF Ratio: 0.742
[2026-06-16 07:51:48,025][root][INFO] - Epoch [5/5], Batch [90/300], Loss: 1.0475 (Overall: 0.6851, Change: 1.8186), TF Ratio: 0.742
[2026-06-16 07:51:48,179][root][INFO] - Epoch [5/5], Batch [91/300], Loss: 1.0491 (Overall: 0.8266, Change: 1.5644), TF Ratio: 0.742
[2026-06-16 07:51:48,343][root][INFO] - Epoch [5/5], Batch [92/300], Loss: 1.0486 (Overall: 0.7704, Change: 1.2331), TF Ratio: 0.742
[2026-06-16 07:51:48,498][root][INFO] - Epoch [5/5], Batch [93/300], Loss: 1.0507 (Overall: 0.9457, Change: 1.5354), TF Ratio: 0.741
[2026-06-16 07:51:48,653][root][INFO] - Epoch [5/5], Batch [94/300], Loss: 1.0497 (Overall: 0.5849, Change: 1.3314), TF Ratio: 0.741
[2026-06-16 07:51:48,807][root][INFO] - Epoch [5/5], Batch [95/300], Loss: 1.0500 (Overall: 0.8070, Change: 1.3503), TF Ratio: 0.741
[2026-06-16 07:51:48,972][root][INFO] - Epoch [5/5], Batch [96/300], Loss: 1.0496 (Overall: 0.5352, Change: 1.4990), TF Ratio: 0.741
[2026-06-16 07:51:49,128][root][INFO] - Epoch [5/5], Batch [97/300], Loss: 1.0470 (Overall: 0.7914, Change: 0.8026), TF Ratio: 0.741
[2026-06-16 07:51:49,282][root][INFO] - Epoch [5/5], Batch [98/300], Loss: 1.0495 (Overall: 0.7533, Change: 1.8343), TF Ratio: 0.740
[2026-06-16 07:51:49,435][root][INFO] - Epoch [5/5], Batch [99/300], Loss: 1.0499 (Overall: 0.6426, Change: 1.5255), TF Ratio: 0.740
[2026-06-16 07:51:53,603][root][INFO] - Epoch [5/5], Batch [100/300], Loss: 1.0512 (Overall: 0.9113, Change: 1.4478), TF Ratio: 0.740
[2026-06-16 07:51:53,759][root][INFO] - Epoch [5/5], Batch [101/300], Loss: 1.0471 (Overall: 0.4254, Change: 0.8436), TF Ratio: 0.740
[2026-06-16 07:51:53,912][root][INFO] - Epoch [5/5], Batch [102/300], Loss: 1.0450 (Overall: 0.5887, Change: 1.0741), TF Ratio: 0.740
[2026-06-16 07:51:54,071][root][INFO] - Epoch [5/5], Batch [103/300], Loss: 1.0461 (Overall: 0.8666, Change: 1.4504), TF Ratio: 0.739
[2026-06-16 07:52:04,776][root][INFO] - Epoch [5/5], Batch [104/300], Loss: 1.0475 (Overall: 0.8120, Change: 1.5777), TF Ratio: 0.739
[2026-06-16 07:52:04,933][root][INFO] - Epoch [5/5], Batch [105/300], Loss: 1.0454 (Overall: 0.5400, Change: 1.1237), TF Ratio: 0.739
[2026-06-16 07:52:05,087][root][INFO] - Epoch [5/5], Batch [106/300], Loss: 1.0455 (Overall: 1.0184, Change: 1.0874), TF Ratio: 0.739
[2026-06-16 07:52:05,241][root][INFO] - Epoch [5/5], Batch [107/300], Loss: 1.0436 (Overall: 0.6406, Change: 1.0449), TF Ratio: 0.739
[2026-06-16 07:52:05,408][root][INFO] - Epoch [5/5], Batch [108/300], Loss: 1.0439 (Overall: 0.9105, Change: 1.2368), TF Ratio: 0.738
[2026-06-16 07:52:05,564][root][INFO] - Epoch [5/5], Batch [109/300], Loss: 1.0454 (Overall: 0.8875, Change: 1.5319), TF Ratio: 0.738
[2026-06-16 07:52:05,718][root][INFO] - Epoch [5/5], Batch [110/300], Loss: 1.0449 (Overall: 0.6048, Change: 1.3674), TF Ratio: 0.738
[2026-06-16 07:52:05,871][root][INFO] - Epoch [5/5], Batch [111/300], Loss: 1.0420 (Overall: 0.5865, Change: 0.8634), TF Ratio: 0.738
[2026-06-16 07:52:06,038][root][INFO] - Epoch [5/5], Batch [112/300], Loss: 1.0446 (Overall: 0.8637, Change: 1.8051), TF Ratio: 0.738
[2026-06-16 07:52:06,192][root][INFO] - Epoch [5/5], Batch [113/300], Loss: 1.0441 (Overall: 0.6434, Change: 1.3246), TF Ratio: 0.737
[2026-06-16 07:52:06,346][root][INFO] - Epoch [5/5], Batch [114/300], Loss: 1.0452 (Overall: 0.6239, Change: 1.7238), TF Ratio: 0.737
[2026-06-16 07:52:06,500][root][INFO] - Epoch [5/5], Batch [115/300], Loss: 1.0434 (Overall: 0.5807, Change: 1.0846), TF Ratio: 0.737
[2026-06-16 07:52:06,658][root][INFO] - Epoch [5/5], Batch [116/300], Loss: 1.0424 (Overall: 0.4698, Change: 1.3918), TF Ratio: 0.737
[2026-06-16 07:52:06,813][root][INFO] - Epoch [5/5], Batch [117/300], Loss: 1.0428 (Overall: 0.7768, Change: 1.4175), TF Ratio: 0.737
[2026-06-16 07:52:06,967][root][INFO] - Epoch [5/5], Batch [118/300], Loss: 1.0428 (Overall: 0.5845, Change: 1.4780), TF Ratio: 0.736
[2026-06-16 07:52:07,128][root][INFO] - Epoch [5/5], Batch [119/300], Loss: 1.0445 (Overall: 0.9771, Change: 1.5337), TF Ratio: 0.736
[2026-06-16 07:52:09,404][root][INFO] - Epoch [5/5], Batch [120/300], Loss: 1.0477 (Overall: 0.6452, Change: 2.1934), TF Ratio: 0.736
[2026-06-16 07:52:09,558][root][INFO] - Epoch [5/5], Batch [121/300], Loss: 1.0460 (Overall: 0.6820, Change: 1.0182), TF Ratio: 0.736
[2026-06-16 07:52:09,760][root][INFO] - Epoch [5/5], Batch [122/300], Loss: 1.0464 (Overall: 1.1184, Change: 1.0632), TF Ratio: 0.736
[2026-06-16 07:52:09,915][root][INFO] - Epoch [5/5], Batch [123/300], Loss: 1.0459 (Overall: 0.5092, Change: 1.4603), TF Ratio: 0.735
[2026-06-16 07:52:20,972][root][INFO] - Epoch [5/5], Batch [124/300], Loss: 1.0468 (Overall: 0.7592, Change: 1.5512), TF Ratio: 0.735
[2026-06-16 07:52:21,130][root][INFO] - Epoch [5/5], Batch [125/300], Loss: 1.0474 (Overall: 0.5393, Change: 1.7135), TF Ratio: 0.735
[2026-06-16 07:52:21,284][root][INFO] - Epoch [5/5], Batch [126/300], Loss: 1.0481 (Overall: 0.5172, Change: 1.7423), TF Ratio: 0.735
[2026-06-16 07:52:21,438][root][INFO] - Epoch [5/5], Batch [127/300], Loss: 1.0462 (Overall: 0.4797, Change: 1.1453), TF Ratio: 0.735
[2026-06-16 07:52:21,600][root][INFO] - Epoch [5/5], Batch [128/300], Loss: 1.0455 (Overall: 0.9849, Change: 0.9245), TF Ratio: 0.734
[2026-06-16 07:52:21,753][root][INFO] - Epoch [5/5], Batch [129/300], Loss: 1.0457 (Overall: 0.6233, Change: 1.5082), TF Ratio: 0.734
[2026-06-16 07:52:21,906][root][INFO] - Epoch [5/5], Batch [130/300], Loss: 1.0453 (Overall: 0.7029, Change: 1.2882), TF Ratio: 0.734
[2026-06-16 07:52:22,060][root][INFO] - Epoch [5/5], Batch [131/300], Loss: 1.0461 (Overall: 0.6764, Change: 1.6283), TF Ratio: 0.734
[2026-06-16 07:52:22,234][root][INFO] - Epoch [5/5], Batch [132/300], Loss: 1.0473 (Overall: 0.7660, Change: 1.6542), TF Ratio: 0.734
[2026-06-16 07:52:22,388][root][INFO] - Epoch [5/5], Batch [133/300], Loss: 1.0483 (Overall: 1.1074, Change: 1.2481), TF Ratio: 0.733
[2026-06-16 07:52:22,541][root][INFO] - Epoch [5/5], Batch [134/300], Loss: 1.0482 (Overall: 0.8422, Change: 1.2153), TF Ratio: 0.733
[2026-06-16 07:52:22,695][root][INFO] - Epoch [5/5], Batch [135/300], Loss: 1.0470 (Overall: 0.5259, Change: 1.2583), TF Ratio: 0.733
[2026-06-16 07:52:22,856][root][INFO] - Epoch [5/5], Batch [136/300], Loss: 1.0486 (Overall: 0.8321, Change: 1.6837), TF Ratio: 0.733
[2026-06-16 07:52:23,011][root][INFO] - Epoch [5/5], Batch [137/300], Loss: 1.0488 (Overall: 0.6625, Change: 1.4941), TF Ratio: 0.733
[2026-06-16 07:52:23,170][root][INFO] - Epoch [5/5], Batch [138/300], Loss: 1.0492 (Overall: 0.8307, Change: 1.3778), TF Ratio: 0.732
[2026-06-16 07:52:23,323][root][INFO] - Epoch [5/5], Batch [139/300], Loss: 1.0489 (Overall: 0.5846, Change: 1.4311), TF Ratio: 0.732
[2026-06-16 07:52:28,850][root][INFO] - Epoch [5/5], Batch [140/300], Loss: 1.0484 (Overall: 0.6173, Change: 1.3412), TF Ratio: 0.732
[2026-06-16 07:52:29,006][root][INFO] - Epoch [5/5], Batch [141/300], Loss: 1.0477 (Overall: 0.6597, Change: 1.2542), TF Ratio: 0.732
[2026-06-16 07:52:29,160][root][INFO] - Epoch [5/5], Batch [142/300], Loss: 1.0495 (Overall: 1.0235, Change: 1.5840), TF Ratio: 0.732
[2026-06-16 07:52:29,314][root][INFO] - Epoch [5/5], Batch [143/300], Loss: 1.0490 (Overall: 0.6948, Change: 1.2585), TF Ratio: 0.731
[2026-06-16 07:52:39,329][root][INFO] - Epoch [5/5], Batch [144/300], Loss: 1.0502 (Overall: 0.8793, Change: 1.5492), TF Ratio: 0.731
[2026-06-16 07:52:39,485][root][INFO] - Epoch [5/5], Batch [145/300], Loss: 1.0498 (Overall: 0.6412, Change: 1.3434), TF Ratio: 0.731
[2026-06-16 07:52:39,639][root][INFO] - Epoch [5/5], Batch [146/300], Loss: 1.0508 (Overall: 0.9022, Change: 1.4873), TF Ratio: 0.731
[2026-06-16 07:52:39,804][root][INFO] - Epoch [5/5], Batch [147/300], Loss: 1.0504 (Overall: 0.7672, Change: 1.2168), TF Ratio: 0.731
[2026-06-16 07:52:39,964][root][INFO] - Epoch [5/5], Batch [148/300], Loss: 1.0508 (Overall: 0.7566, Change: 1.4755), TF Ratio: 0.730
[2026-06-16 07:52:40,119][root][INFO] - Epoch [5/5], Batch [149/300], Loss: 1.0501 (Overall: 0.5809, Change: 1.3092), TF Ratio: 0.730
[2026-06-16 07:52:40,273][root][INFO] - Epoch [5/5], Batch [150/300], Loss: 1.0492 (Overall: 0.6044, Change: 1.2204), TF Ratio: 0.730
[2026-06-16 07:52:40,426][root][INFO] - Epoch [5/5], Batch [151/300], Loss: 1.0500 (Overall: 0.9270, Change: 1.4233), TF Ratio: 0.730
[2026-06-16 07:52:40,593][root][INFO] - Epoch [5/5], Batch [152/300], Loss: 1.0488 (Overall: 0.5544, Change: 1.1730), TF Ratio: 0.730
[2026-06-16 07:52:40,761][root][INFO] - Epoch [5/5], Batch [153/300], Loss: 1.0473 (Overall: 0.7527, Change: 0.8934), TF Ratio: 0.729
[2026-06-16 07:52:40,914][root][INFO] - Epoch [5/5], Batch [154/300], Loss: 1.0478 (Overall: 0.7874, Change: 1.4585), TF Ratio: 0.729
[2026-06-16 07:52:41,075][root][INFO] - Epoch [5/5], Batch [155/300], Loss: 1.0481 (Overall: 0.7999, Change: 1.3929), TF Ratio: 0.729
[2026-06-16 07:52:41,231][root][INFO] - Epoch [5/5], Batch [156/300], Loss: 1.0475 (Overall: 0.6819, Change: 1.2347), TF Ratio: 0.729
[2026-06-16 07:52:41,387][root][INFO] - Epoch [5/5], Batch [157/300], Loss: 1.0477 (Overall: 0.6805, Change: 1.4601), TF Ratio: 0.729
[2026-06-16 07:52:41,540][root][INFO] - Epoch [5/5], Batch [158/300], Loss: 1.0484 (Overall: 0.7314, Change: 1.5861), TF Ratio: 0.728
[2026-06-16 07:52:41,693][root][INFO] - Epoch [5/5], Batch [159/300], Loss: 1.0480 (Overall: 0.5588, Change: 1.3972), TF Ratio: 0.728
[2026-06-16 07:52:45,303][root][INFO] - Epoch [5/5], Batch [160/300], Loss: 1.0475 (Overall: 0.5967, Change: 1.3407), TF Ratio: 0.728
[2026-06-16 07:52:45,459][root][INFO] - Epoch [5/5], Batch [161/300], Loss: 1.0470 (Overall: 0.7067, Change: 1.2562), TF Ratio: 0.728
[2026-06-16 07:52:45,614][root][INFO] - Epoch [5/5], Batch [162/300], Loss: 1.0457 (Overall: 0.5516, Change: 1.1064), TF Ratio: 0.728
[2026-06-16 07:52:45,767][root][INFO] - Epoch [5/5], Batch [163/300], Loss: 1.0459 (Overall: 0.7414, Change: 1.4233), TF Ratio: 0.727
[2026-06-16 07:52:55,645][root][INFO] - Epoch [5/5], Batch [164/300], Loss: 1.0455 (Overall: 0.6867, Change: 1.2601), TF Ratio: 0.727
[2026-06-16 07:52:55,802][root][INFO] - Epoch [5/5], Batch [165/300], Loss: 1.0454 (Overall: 0.7033, Change: 1.3511), TF Ratio: 0.727
[2026-06-16 07:52:55,955][root][INFO] - Epoch [5/5], Batch [166/300], Loss: 1.0457 (Overall: 0.6530, Change: 1.5390), TF Ratio: 0.727
[2026-06-16 07:52:56,110][root][INFO] - Epoch [5/5], Batch [167/300], Loss: 1.0458 (Overall: 0.9102, Change: 1.2364), TF Ratio: 0.727
[2026-06-16 07:52:56,280][root][INFO] - Epoch [5/5], Batch [168/300], Loss: 1.0469 (Overall: 0.9011, Change: 1.5631), TF Ratio: 0.726
[2026-06-16 07:52:56,434][root][INFO] - Epoch [5/5], Batch [169/300], Loss: 1.0483 (Overall: 0.6962, Change: 1.8593), TF Ratio: 0.726
[2026-06-16 07:52:56,589][root][INFO] - Epoch [5/5], Batch [170/300], Loss: 1.0473 (Overall: 0.7174, Change: 1.0376), TF Ratio: 0.726
[2026-06-16 07:52:56,743][root][INFO] - Epoch [5/5], Batch [171/300], Loss: 1.0479 (Overall: 0.7703, Change: 1.5155), TF Ratio: 0.726
[2026-06-16 07:52:56,921][root][INFO] - Epoch [5/5], Batch [172/300], Loss: 1.0479 (Overall: 0.8553, Change: 1.2645), TF Ratio: 0.726
[2026-06-16 07:52:57,077][root][INFO] - Epoch [5/5], Batch [173/300], Loss: 1.0465 (Overall: 0.6634, Change: 0.9418), TF Ratio: 0.725
[2026-06-16 07:52:57,231][root][INFO] - Epoch [5/5], Batch [174/300], Loss: 1.0463 (Overall: 0.5891, Change: 1.4260), TF Ratio: 0.725
[2026-06-16 07:52:57,384][root][INFO] - Epoch [5/5], Batch [175/300], Loss: 1.0463 (Overall: 0.6886, Change: 1.4149), TF Ratio: 0.725
[2026-06-16 07:52:57,551][root][INFO] - Epoch [5/5], Batch [176/300], Loss: 1.0466 (Overall: 0.7627, Change: 1.4201), TF Ratio: 0.725
[2026-06-16 07:52:57,706][root][INFO] - Epoch [5/5], Batch [177/300], Loss: 1.0460 (Overall: 0.6100, Change: 1.2612), TF Ratio: 0.725
[2026-06-16 07:52:57,860][root][INFO] - Epoch [5/5], Batch [178/300], Loss: 1.0459 (Overall: 0.7925, Change: 1.2731), TF Ratio: 0.724
[2026-06-16 07:52:58,014][root][INFO] - Epoch [5/5], Batch [179/300], Loss: 1.0462 (Overall: 0.6166, Change: 1.5707), TF Ratio: 0.724
[2026-06-16 07:52:59,454][root][INFO] - Epoch [5/5], Batch [180/300], Loss: 1.0469 (Overall: 0.9393, Change: 1.4120), TF Ratio: 0.724
[2026-06-16 07:52:59,610][root][INFO] - Epoch [5/5], Batch [181/300], Loss: 1.0476 (Overall: 0.9020, Change: 1.4469), TF Ratio: 0.724
[2026-06-16 07:53:01,932][root][INFO] - Epoch [5/5], Batch [182/300], Loss: 1.0463 (Overall: 0.5412, Change: 1.1045), TF Ratio: 0.724
[2026-06-16 07:53:02,088][root][INFO] - Epoch [5/5], Batch [183/300], Loss: 1.0477 (Overall: 0.6331, Change: 1.9672), TF Ratio: 0.723
[2026-06-16 07:53:12,612][root][INFO] - Epoch [5/5], Batch [184/300], Loss: 1.0479 (Overall: 0.6901, Change: 1.4643), TF Ratio: 0.723
[2026-06-16 07:53:12,769][root][INFO] - Epoch [5/5], Batch [185/300], Loss: 1.0472 (Overall: 0.5375, Change: 1.2896), TF Ratio: 0.723
[2026-06-16 07:53:12,923][root][INFO] - Epoch [5/5], Batch [186/300], Loss: 1.0469 (Overall: 0.6945, Change: 1.3030), TF Ratio: 0.723
[2026-06-16 07:53:13,076][root][INFO] - Epoch [5/5], Batch [187/300], Loss: 1.0472 (Overall: 0.6078, Change: 1.6133), TF Ratio: 0.723
[2026-06-16 07:53:13,247][root][INFO] - Epoch [5/5], Batch [188/300], Loss: 1.0464 (Overall: 0.6976, Change: 1.0806), TF Ratio: 0.722
[2026-06-16 07:53:13,403][root][INFO] - Epoch [5/5], Batch [189/300], Loss: 1.0454 (Overall: 0.4991, Change: 1.2072), TF Ratio: 0.722
[2026-06-16 07:53:13,557][root][INFO] - Epoch [5/5], Batch [190/300], Loss: 1.0451 (Overall: 0.7315, Change: 1.2580), TF Ratio: 0.722
[2026-06-16 07:53:13,710][root][INFO] - Epoch [5/5], Batch [191/300], Loss: 1.0464 (Overall: 1.0732, Change: 1.5148), TF Ratio: 0.722
[2026-06-16 07:53:13,867][root][INFO] - Epoch [5/5], Batch [192/300], Loss: 1.0465 (Overall: 0.8231, Change: 1.3013), TF Ratio: 0.722
[2026-06-16 07:53:14,033][root][INFO] - Epoch [5/5], Batch [193/300], Loss: 1.0459 (Overall: 0.7023, Change: 1.1682), TF Ratio: 0.721
[2026-06-16 07:53:14,186][root][INFO] - Epoch [5/5], Batch [194/300], Loss: 1.0463 (Overall: 0.6644, Change: 1.5604), TF Ratio: 0.721
[2026-06-16 07:53:14,339][root][INFO] - Epoch [5/5], Batch [195/300], Loss: 1.0468 (Overall: 0.8063, Change: 1.4919), TF Ratio: 0.721
[2026-06-16 07:53:14,498][root][INFO] - Epoch [5/5], Batch [196/300], Loss: 1.0466 (Overall: 0.6583, Change: 1.3703), TF Ratio: 0.721
[2026-06-16 07:53:14,653][root][INFO] - Epoch [5/5], Batch [197/300], Loss: 1.0465 (Overall: 0.7666, Change: 1.2869), TF Ratio: 0.721
[2026-06-16 07:53:14,808][root][INFO] - Epoch [5/5], Batch [198/300], Loss: 1.0463 (Overall: 0.7224, Change: 1.2980), TF Ratio: 0.720
[2026-06-16 07:53:14,966][root][INFO] - Epoch [5/5], Batch [199/300], Loss: 1.0470 (Overall: 0.9216, Change: 1.4316), TF Ratio: 0.720
[2026-06-16 07:53:15,129][root][INFO] - Epoch [5/5], Batch [200/300], Loss: 1.0463 (Overall: 0.4985, Change: 1.3015), TF Ratio: 0.720
[2026-06-16 07:53:15,284][root][INFO] - Epoch [5/5], Batch [201/300], Loss: 1.0458 (Overall: 0.9209, Change: 0.9929), TF Ratio: 0.720
[2026-06-16 07:53:19,194][root][INFO] - Epoch [5/5], Batch [202/300], Loss: 1.0451 (Overall: 0.4818, Change: 1.3022), TF Ratio: 0.720
[2026-06-16 07:53:19,355][root][INFO] - Epoch [5/5], Batch [203/300], Loss: 1.0449 (Overall: 0.5637, Change: 1.4589), TF Ratio: 0.719
[2026-06-16 07:53:28,765][root][INFO] - Epoch [5/5], Batch [204/300], Loss: 1.0445 (Overall: 0.5992, Change: 1.3252), TF Ratio: 0.719
[2026-06-16 07:53:28,921][root][INFO] - Epoch [5/5], Batch [205/300], Loss: 1.0444 (Overall: 0.7024, Change: 1.3610), TF Ratio: 0.719
[2026-06-16 07:53:29,075][root][INFO] - Epoch [5/5], Batch [206/300], Loss: 1.0426 (Overall: 0.5171, Change: 0.8201), TF Ratio: 0.719
[2026-06-16 07:53:29,230][root][INFO] - Epoch [5/5], Batch [207/300], Loss: 1.0415 (Overall: 0.4319, Change: 1.2144), TF Ratio: 0.719
[2026-06-16 07:53:29,400][root][INFO] - Epoch [5/5], Batch [208/300], Loss: 1.0412 (Overall: 0.7768, Change: 1.1864), TF Ratio: 0.718
[2026-06-16 07:53:29,556][root][INFO] - Epoch [5/5], Batch [209/300], Loss: 1.0413 (Overall: 0.6945, Change: 1.4066), TF Ratio: 0.718
[2026-06-16 07:53:29,710][root][INFO] - Epoch [5/5], Batch [210/300], Loss: 1.0415 (Overall: 0.6243, Change: 1.5583), TF Ratio: 0.718
[2026-06-16 07:53:29,863][root][INFO] - Epoch [5/5], Batch [211/300], Loss: 1.0442 (Overall: 1.4319, Change: 1.7666), TF Ratio: 0.718
[2026-06-16 07:53:30,031][root][INFO] - Epoch [5/5], Batch [212/300], Loss: 1.0441 (Overall: 0.6148, Change: 1.4263), TF Ratio: 0.718
[2026-06-16 07:53:30,187][root][INFO] - Epoch [5/5], Batch [213/300], Loss: 1.0441 (Overall: 0.6950, Change: 1.4161), TF Ratio: 0.717
[2026-06-16 07:53:30,349][root][INFO] - Epoch [5/5], Batch [214/300], Loss: 1.0445 (Overall: 0.7381, Change: 1.5088), TF Ratio: 0.717
[2026-06-16 07:53:30,504][root][INFO] - Epoch [5/5], Batch [215/300], Loss: 1.0439 (Overall: 0.4368, Change: 1.4146), TF Ratio: 0.717
[2026-06-16 07:53:30,676][root][INFO] - Epoch [5/5], Batch [216/300], Loss: 1.0447 (Overall: 0.8201, Change: 1.5806), TF Ratio: 0.717
[2026-06-16 07:53:30,831][root][INFO] - Epoch [5/5], Batch [217/300], Loss: 1.0449 (Overall: 0.9064, Change: 1.2725), TF Ratio: 0.717
[2026-06-16 07:53:30,986][root][INFO] - Epoch [5/5], Batch [218/300], Loss: 1.0435 (Overall: 0.7687, Change: 0.7307), TF Ratio: 0.716
[2026-06-16 07:53:31,140][root][INFO] - Epoch [5/5], Batch [219/300], Loss: 1.0447 (Overall: 0.8781, Change: 1.7276), TF Ratio: 0.716
[2026-06-16 07:53:32,505][root][INFO] - Epoch [5/5], Batch [220/300], Loss: 1.0444 (Overall: 0.7992, Change: 1.1745), TF Ratio: 0.716
[2026-06-16 07:53:32,662][root][INFO] - Epoch [5/5], Batch [221/300], Loss: 1.0440 (Overall: 0.7614, Change: 1.1490), TF Ratio: 0.716
[2026-06-16 07:53:35,570][root][INFO] - Epoch [5/5], Batch [222/300], Loss: 1.0428 (Overall: 0.6110, Change: 0.9183), TF Ratio: 0.716
[2026-06-16 07:53:35,738][root][INFO] - Epoch [5/5], Batch [223/300], Loss: 1.0437 (Overall: 0.9277, Change: 1.5551), TF Ratio: 0.715
[2026-06-16 07:53:46,664][root][INFO] - Epoch [5/5], Batch [224/300], Loss: 1.0437 (Overall: 0.5458, Change: 1.5526), TF Ratio: 0.715
[2026-06-16 07:53:46,823][root][INFO] - Epoch [5/5], Batch [225/300], Loss: 1.0431 (Overall: 0.7905, Change: 1.0496), TF Ratio: 0.715
[2026-06-16 07:53:46,978][root][INFO] - Epoch [5/5], Batch [226/300], Loss: 1.0426 (Overall: 0.6846, Change: 1.1652), TF Ratio: 0.715
[2026-06-16 07:53:47,132][root][INFO] - Epoch [5/5], Batch [227/300], Loss: 1.0420 (Overall: 0.5469, Change: 1.2610), TF Ratio: 0.715
[2026-06-16 07:53:47,301][root][INFO] - Epoch [5/5], Batch [228/300], Loss: 1.0419 (Overall: 0.9012, Change: 1.1590), TF Ratio: 0.714
[2026-06-16 07:53:47,456][root][INFO] - Epoch [5/5], Batch [229/300], Loss: 1.0418 (Overall: 0.5919, Change: 1.4227), TF Ratio: 0.714
[2026-06-16 07:53:47,612][root][INFO] - Epoch [5/5], Batch [230/300], Loss: 1.0415 (Overall: 0.4692, Change: 1.4595), TF Ratio: 0.714
[2026-06-16 07:53:47,767][root][INFO] - Epoch [5/5], Batch [231/300], Loss: 1.0413 (Overall: 0.7703, Change: 1.2464), TF Ratio: 0.714
[2026-06-16 07:53:47,922][root][INFO] - Epoch [5/5], Batch [232/300], Loss: 1.0414 (Overall: 0.7097, Change: 1.3928), TF Ratio: 0.714
[2026-06-16 07:53:48,077][root][INFO] - Epoch [5/5], Batch [233/300], Loss: 1.0408 (Overall: 0.5919, Change: 1.2102), TF Ratio: 0.713
[2026-06-16 07:53:48,231][root][INFO] - Epoch [5/5], Batch [234/300], Loss: 1.0409 (Overall: 0.6517, Change: 1.4862), TF Ratio: 0.713
[2026-06-16 07:53:48,386][root][INFO] - Epoch [5/5], Batch [235/300], Loss: 1.0412 (Overall: 0.8454, Change: 1.3757), TF Ratio: 0.713
[2026-06-16 07:53:48,549][root][INFO] - Epoch [5/5], Batch [236/300], Loss: 1.0406 (Overall: 0.5725, Change: 1.2203), TF Ratio: 0.713
[2026-06-16 07:53:48,707][root][INFO] - Epoch [5/5], Batch [237/300], Loss: 1.0399 (Overall: 0.4340, Change: 1.3149), TF Ratio: 0.713
[2026-06-16 07:53:48,860][root][INFO] - Epoch [5/5], Batch [238/300], Loss: 1.0404 (Overall: 0.9796, Change: 1.3752), TF Ratio: 0.712
[2026-06-16 07:53:49,014][root][INFO] - Epoch [5/5], Batch [239/300], Loss: 1.0405 (Overall: 0.8370, Change: 1.2850), TF Ratio: 0.712
[2026-06-16 07:53:50,293][root][INFO] - Epoch [5/5], Batch [240/300], Loss: 1.0407 (Overall: 0.9513, Change: 1.2364), TF Ratio: 0.712
[2026-06-16 07:53:50,450][root][INFO] - Epoch [5/5], Batch [241/300], Loss: 1.0411 (Overall: 0.9363, Change: 1.3205), TF Ratio: 0.712
[2026-06-16 07:53:50,991][root][INFO] - Epoch [5/5], Batch [242/300], Loss: 1.0406 (Overall: 0.7262, Change: 1.1021), TF Ratio: 0.712
[2026-06-16 07:53:51,146][root][INFO] - Epoch [5/5], Batch [243/300], Loss: 1.0407 (Overall: 0.9757, Change: 1.1687), TF Ratio: 0.711
[2026-06-16 07:54:03,988][root][INFO] - Epoch [5/5], Batch [244/300], Loss: 1.0410 (Overall: 0.6085, Change: 1.6001), TF Ratio: 0.711
[2026-06-16 07:54:04,145][root][INFO] - Epoch [5/5], Batch [245/300], Loss: 1.0402 (Overall: 0.4729, Change: 1.2483), TF Ratio: 0.711
[2026-06-16 07:54:04,300][root][INFO] - Epoch [5/5], Batch [246/300], Loss: 1.0404 (Overall: 0.6422, Change: 1.5039), TF Ratio: 0.711
[2026-06-16 07:54:04,461][root][INFO] - Epoch [5/5], Batch [247/300], Loss: 1.0410 (Overall: 0.5577, Change: 1.8167), TF Ratio: 0.711
[2026-06-16 07:54:04,617][root][INFO] - Epoch [5/5], Batch [248/300], Loss: 1.0415 (Overall: 0.5903, Change: 1.7451), TF Ratio: 0.710
[2026-06-16 07:54:04,771][root][INFO] - Epoch [5/5], Batch [249/300], Loss: 1.0417 (Overall: 0.6814, Change: 1.4954), TF Ratio: 0.710
[2026-06-16 07:54:04,926][root][INFO] - Epoch [5/5], Batch [250/300], Loss: 1.0422 (Overall: 0.5774, Change: 1.7564), TF Ratio: 0.710
[2026-06-16 07:54:05,080][root][INFO] - Epoch [5/5], Batch [251/300], Loss: 1.0418 (Overall: 0.6917, Change: 1.2013), TF Ratio: 0.710
[2026-06-16 07:54:05,252][root][INFO] - Epoch [5/5], Batch [252/300], Loss: 1.0419 (Overall: 0.8581, Change: 1.2895), TF Ratio: 0.710
[2026-06-16 07:54:05,408][root][INFO] - Epoch [5/5], Batch [253/300], Loss: 1.0418 (Overall: 0.9027, Change: 1.1217), TF Ratio: 0.709
[2026-06-16 07:54:05,562][root][INFO] - Epoch [5/5], Batch [254/300], Loss: 1.0418 (Overall: 0.6826, Change: 1.3996), TF Ratio: 0.709
[2026-06-16 07:54:05,715][root][INFO] - Epoch [5/5], Batch [255/300], Loss: 1.0412 (Overall: 0.5793, Change: 1.2170), TF Ratio: 0.709
[2026-06-16 07:54:05,872][root][INFO] - Epoch [5/5], Batch [256/300], Loss: 1.0410 (Overall: 0.5902, Change: 1.3648), TF Ratio: 0.709
[2026-06-16 07:54:06,028][root][INFO] - Epoch [5/5], Batch [257/300], Loss: 1.0401 (Overall: 0.7695, Change: 0.8818), TF Ratio: 0.709
[2026-06-16 07:54:06,193][root][INFO] - Epoch [5/5], Batch [258/300], Loss: 1.0399 (Overall: 0.5654, Change: 1.4032), TF Ratio: 0.708
[2026-06-16 07:54:06,347][root][INFO] - Epoch [5/5], Batch [259/300], Loss: 1.0393 (Overall: 0.5853, Change: 1.1698), TF Ratio: 0.708
[2026-06-16 07:54:07,136][root][INFO] - Epoch [5/5], Batch [260/300], Loss: 1.0394 (Overall: 0.5559, Change: 1.5865), TF Ratio: 0.708
[2026-06-16 07:54:07,425][root][INFO] - Epoch [5/5], Batch [261/300], Loss: 1.0398 (Overall: 1.0558, Change: 1.1959), TF Ratio: 0.708
[2026-06-16 07:54:07,586][root][INFO] - Epoch [5/5], Batch [262/300], Loss: 1.0397 (Overall: 0.5976, Change: 1.4736), TF Ratio: 0.708
[2026-06-16 07:54:07,739][root][INFO] - Epoch [5/5], Batch [263/300], Loss: 1.0394 (Overall: 0.7235, Change: 1.1779), TF Ratio: 0.707
[2026-06-16 07:54:20,478][root][INFO] - Epoch [5/5], Batch [264/300], Loss: 1.0388 (Overall: 0.6376, Change: 1.1099), TF Ratio: 0.707
[2026-06-16 07:54:20,634][root][INFO] - Epoch [5/5], Batch [265/300], Loss: 1.0393 (Overall: 0.9029, Change: 1.4489), TF Ratio: 0.707
[2026-06-16 07:54:20,787][root][INFO] - Epoch [5/5], Batch [266/300], Loss: 1.0407 (Overall: 1.1532, Change: 1.6731), TF Ratio: 0.707
[2026-06-16 07:54:20,942][root][INFO] - Epoch [5/5], Batch [267/300], Loss: 1.0395 (Overall: 0.5523, Change: 0.9116), TF Ratio: 0.707
[2026-06-16 07:54:21,117][root][INFO] - Epoch [5/5], Batch [268/300], Loss: 1.0393 (Overall: 0.7553, Change: 1.2098), TF Ratio: 0.706
[2026-06-16 07:54:21,275][root][INFO] - Epoch [5/5], Batch [269/300], Loss: 1.0389 (Overall: 0.6217, Change: 1.2244), TF Ratio: 0.706
[2026-06-16 07:54:21,428][root][INFO] - Epoch [5/5], Batch [270/300], Loss: 1.0389 (Overall: 0.8986, Change: 1.1880), TF Ratio: 0.706
[2026-06-16 07:54:21,583][root][INFO] - Epoch [5/5], Batch [271/300], Loss: 1.0392 (Overall: 0.8063, Change: 1.4165), TF Ratio: 0.706
[2026-06-16 07:54:21,738][root][INFO] - Epoch [5/5], Batch [272/300], Loss: 1.0399 (Overall: 0.6890, Change: 1.7987), TF Ratio: 0.706
[2026-06-16 07:54:21,893][root][INFO] - Epoch [5/5], Batch [273/300], Loss: 1.0407 (Overall: 0.8276, Change: 1.6570), TF Ratio: 0.705
[2026-06-16 07:54:22,055][root][INFO] - Epoch [5/5], Batch [274/300], Loss: 1.0413 (Overall: 1.0230, Change: 1.3836), TF Ratio: 0.705
[2026-06-16 07:54:22,209][root][INFO] - Epoch [5/5], Batch [275/300], Loss: 1.0416 (Overall: 0.6486, Change: 1.6336), TF Ratio: 0.705
[2026-06-16 07:54:22,364][root][INFO] - Epoch [5/5], Batch [276/300], Loss: 1.0405 (Overall: 0.5690, Change: 0.8644), TF Ratio: 0.705
[2026-06-16 07:54:22,520][root][INFO] - Epoch [5/5], Batch [277/300], Loss: 1.0406 (Overall: 0.4137, Change: 1.7491), TF Ratio: 0.705
[2026-06-16 07:54:22,674][root][INFO] - Epoch [5/5], Batch [278/300], Loss: 1.0406 (Overall: 0.7607, Change: 1.3148), TF Ratio: 0.704
[2026-06-16 07:54:22,828][root][INFO] - Epoch [5/5], Batch [279/300], Loss: 1.0400 (Overall: 0.5257, Change: 1.2021), TF Ratio: 0.704
[2026-06-16 07:54:24,214][root][INFO] - Epoch [5/5], Batch [280/300], Loss: 1.0407 (Overall: 0.7911, Change: 1.7144), TF Ratio: 0.704
[2026-06-16 07:54:24,369][root][INFO] - Epoch [5/5], Batch [281/300], Loss: 1.0403 (Overall: 0.6982, Change: 1.1764), TF Ratio: 0.704
[2026-06-16 07:54:24,523][root][INFO] - Epoch [5/5], Batch [282/300], Loss: 1.0411 (Overall: 0.7423, Change: 1.7678), TF Ratio: 0.704
[2026-06-16 07:54:24,677][root][INFO] - Epoch [5/5], Batch [283/300], Loss: 1.0408 (Overall: 0.6004, Change: 1.3267), TF Ratio: 0.703
[2026-06-16 07:54:36,148][root][INFO] - Epoch [5/5], Batch [284/300], Loss: 1.0417 (Overall: 0.9990, Change: 1.5706), TF Ratio: 0.703
[2026-06-16 07:54:36,305][root][INFO] - Epoch [5/5], Batch [285/300], Loss: 1.0417 (Overall: 0.8141, Change: 1.2651), TF Ratio: 0.703
[2026-06-16 07:54:36,458][root][INFO] - Epoch [5/5], Batch [286/300], Loss: 1.0416 (Overall: 0.7498, Change: 1.2714), TF Ratio: 0.703
[2026-06-16 07:54:36,613][root][INFO] - Epoch [5/5], Batch [287/300], Loss: 1.0418 (Overall: 0.6760, Change: 1.5110), TF Ratio: 0.703
[2026-06-16 07:54:36,788][root][INFO] - Epoch [5/5], Batch [288/300], Loss: 1.0413 (Overall: 0.5117, Change: 1.3271), TF Ratio: 0.702
[2026-06-16 07:54:36,947][root][INFO] - Epoch [5/5], Batch [289/300], Loss: 1.0406 (Overall: 0.5216, Change: 1.1133), TF Ratio: 0.702
[2026-06-16 07:54:37,101][root][INFO] - Epoch [5/5], Batch [290/300], Loss: 1.0411 (Overall: 0.8592, Change: 1.5389), TF Ratio: 0.702
[2026-06-16 07:54:37,255][root][INFO] - Epoch [5/5], Batch [291/300], Loss: 1.0411 (Overall: 0.9751, Change: 1.1105), TF Ratio: 0.702
[2026-06-16 07:54:37,411][root][INFO] - Epoch [5/5], Batch [292/300], Loss: 1.0406 (Overall: 0.6488, Change: 1.1470), TF Ratio: 0.702
[2026-06-16 07:54:37,566][root][INFO] - Epoch [5/5], Batch [293/300], Loss: 1.0413 (Overall: 0.8016, Change: 1.6970), TF Ratio: 0.701
[2026-06-16 07:54:37,722][root][INFO] - Epoch [5/5], Batch [294/300], Loss: 1.0411 (Overall: 0.5286, Change: 1.4344), TF Ratio: 0.701
[2026-06-16 07:54:37,876][root][INFO] - Epoch [5/5], Batch [295/300], Loss: 1.0411 (Overall: 0.7423, Change: 1.3098), TF Ratio: 0.701
[2026-06-16 07:54:38,039][root][INFO] - Epoch [5/5], Batch [296/300], Loss: 1.0405 (Overall: 0.5778, Change: 1.1594), TF Ratio: 0.701
[2026-06-16 07:54:38,196][root][INFO] - Epoch [5/5], Batch [297/300], Loss: 1.0403 (Overall: 0.7436, Change: 1.2228), TF Ratio: 0.701
[2026-06-16 07:54:38,352][root][INFO] - Epoch [5/5], Batch [298/300], Loss: 1.0398 (Overall: 0.7107, Change: 1.0689), TF Ratio: 0.700
[2026-06-16 07:54:38,505][root][INFO] - Epoch [5/5], Batch [299/300], Loss: 1.0395 (Overall: 0.6029, Change: 1.2826), TF Ratio: 0.700
[2026-06-16 07:54:40,622][root][INFO] - Epoch [5/5], Batch [300/300], Loss: 1.0397 (Overall: 0.7219, Change: 1.5181), TF Ratio: 0.700
[2026-06-16 07:54:55,419][root][INFO] - Epoch 5 done. Validating...
[2026-06-16 07:55:33,674][root][INFO] - Epoch [5/5] | Train: 1.0274 | Val: 0.7460
[2026-06-16 07:55:33,898][root][INFO] - Checkpoint saved: /gpfs/scratch/bsc32/bsc096444/ai4land-tfm/trained_models/unet_impl/41825157/model_epoch_5.pth
[2026-06-16 07:55:34,707][root][INFO] - Training complete.
