[2026-06-17 04:15:19,126][root][INFO] - Recurrent UNet Model Successfully Configured and Initialized.
[2026-06-17 04:15:19,128][root][INFO] - Starting from scratch (no valid checkpoint provided).
[2026-06-17 04:15:24,825][root][INFO] - Train: 4480000 samples, Val: 640000 samples
[2026-06-17 04:15:25,851][root][INFO] - Starting training from epoch 1
[2026-06-17 04:15:41,881][root][INFO] - Epoch [1/5], Batch [1/300], Loss: 2.0358 (Overall: 2.0762, Change: 1.9953), TF Ratio: 1.000
[2026-06-17 04:15:42,037][root][INFO] - Epoch [1/5], Batch [2/300], Loss: 2.1654 (Overall: 2.2358, Change: 2.3543), TF Ratio: 1.000
[2026-06-17 04:15:42,190][root][INFO] - Epoch [1/5], Batch [3/300], Loss: 2.1912 (Overall: 2.0691, Change: 2.4163), TF Ratio: 0.999
[2026-06-17 04:15:47,672][root][INFO] - Epoch [1/5], Batch [4/300], Loss: 2.1756 (Overall: 2.0609, Change: 2.1970), TF Ratio: 0.999
[2026-06-17 04:15:47,835][root][INFO] - Epoch [1/5], Batch [5/300], Loss: 2.1186 (Overall: 1.7945, Change: 1.9862), TF Ratio: 0.999
[2026-06-17 04:15:47,988][root][INFO] - Epoch [1/5], Batch [6/300], Loss: 2.0828 (Overall: 1.6667, Change: 2.1413), TF Ratio: 0.999
[2026-06-17 04:15:48,141][root][INFO] - Epoch [1/5], Batch [7/300], Loss: 2.0589 (Overall: 1.7125, Change: 2.1187), TF Ratio: 0.999
[2026-06-17 04:15:48,313][root][INFO] - Epoch [1/5], Batch [8/300], Loss: 2.0525 (Overall: 1.7006, Change: 2.3141), TF Ratio: 0.998
[2026-06-17 04:15:48,467][root][INFO] - Epoch [1/5], Batch [9/300], Loss: 2.0223 (Overall: 1.5312, Change: 2.0300), TF Ratio: 0.998
[2026-06-17 04:15:48,619][root][INFO] - Epoch [1/5], Batch [10/300], Loss: 2.0011 (Overall: 1.5052, Change: 2.1160), TF Ratio: 0.998
[2026-06-17 04:15:48,772][root][INFO] - Epoch [1/5], Batch [11/300], Loss: 1.9562 (Overall: 1.5449, Change: 1.4694), TF Ratio: 0.998
[2026-06-17 04:15:58,106][root][INFO] - Epoch [1/5], Batch [12/300], Loss: 1.9582 (Overall: 1.9633, Change: 1.9970), TF Ratio: 0.998
[2026-06-17 04:15:58,263][root][INFO] - Epoch [1/5], Batch [13/300], Loss: 1.9356 (Overall: 1.4579, Change: 1.8714), TF Ratio: 0.997
[2026-06-17 04:15:58,416][root][INFO] - Epoch [1/5], Batch [14/300], Loss: 1.9106 (Overall: 1.3848, Change: 1.7851), TF Ratio: 0.997
[2026-06-17 04:15:58,570][root][INFO] - Epoch [1/5], Batch [15/300], Loss: 1.8886 (Overall: 1.6526, Change: 1.5092), TF Ratio: 0.997
[2026-06-17 04:16:00,264][root][INFO] - Epoch [1/5], Batch [16/300], Loss: 1.8822 (Overall: 1.4463, Change: 2.1280), TF Ratio: 0.997
[2026-06-17 04:16:00,419][root][INFO] - Epoch [1/5], Batch [17/300], Loss: 1.8636 (Overall: 1.2823, Change: 1.8495), TF Ratio: 0.997
[2026-06-17 04:16:00,571][root][INFO] - Epoch [1/5], Batch [18/300], Loss: 1.8505 (Overall: 1.5262, Change: 1.7285), TF Ratio: 0.996
[2026-06-17 04:16:00,724][root][INFO] - Epoch [1/5], Batch [19/300], Loss: 1.8344 (Overall: 1.3634, Change: 1.7249), TF Ratio: 0.996
[2026-06-17 04:16:01,109][root][INFO] - Epoch [1/5], Batch [20/300], Loss: 1.8231 (Overall: 1.4314, Change: 1.7845), TF Ratio: 0.996
[2026-06-17 04:16:01,263][root][INFO] - Epoch [1/5], Batch [21/300], Loss: 1.8149 (Overall: 1.5187, Change: 1.7832), TF Ratio: 0.996
[2026-06-17 04:16:01,415][root][INFO] - Epoch [1/5], Batch [22/300], Loss: 1.8043 (Overall: 1.2549, Change: 1.9092), TF Ratio: 0.996
[2026-06-17 04:16:01,568][root][INFO] - Epoch [1/5], Batch [23/300], Loss: 1.8023 (Overall: 1.6461, Change: 1.8722), TF Ratio: 0.995
[2026-06-17 04:16:11,500][root][INFO] - Epoch [1/5], Batch [24/300], Loss: 1.7856 (Overall: 1.2825, Change: 1.5206), TF Ratio: 0.995
[2026-06-17 04:16:11,656][root][INFO] - Epoch [1/5], Batch [25/300], Loss: 1.7711 (Overall: 1.2621, Change: 1.5846), TF Ratio: 0.995
[2026-06-17 04:16:11,809][root][INFO] - Epoch [1/5], Batch [26/300], Loss: 1.7646 (Overall: 1.3500, Change: 1.8524), TF Ratio: 0.995
[2026-06-17 04:16:11,962][root][INFO] - Epoch [1/5], Batch [27/300], Loss: 1.7602 (Overall: 1.5818, Change: 1.7100), TF Ratio: 0.995
[2026-06-17 04:16:14,626][root][INFO] - Epoch [1/5], Batch [28/300], Loss: 1.7501 (Overall: 1.2176, Change: 1.7378), TF Ratio: 0.994
[2026-06-17 04:16:14,781][root][INFO] - Epoch [1/5], Batch [29/300], Loss: 1.7443 (Overall: 1.2858, Change: 1.8747), TF Ratio: 0.994
[2026-06-17 04:16:14,933][root][INFO] - Epoch [1/5], Batch [30/300], Loss: 1.7412 (Overall: 1.5745, Change: 1.7309), TF Ratio: 0.994
[2026-06-17 04:16:15,087][root][INFO] - Epoch [1/5], Batch [31/300], Loss: 1.7325 (Overall: 1.2476, Change: 1.6943), TF Ratio: 0.994
[2026-06-17 04:16:15,256][root][INFO] - Epoch [1/5], Batch [32/300], Loss: 1.7287 (Overall: 1.3438, Change: 1.8787), TF Ratio: 0.994
[2026-06-17 04:16:15,410][root][INFO] - Epoch [1/5], Batch [33/300], Loss: 1.7246 (Overall: 1.2840, Change: 1.9005), TF Ratio: 0.993
[2026-06-17 04:16:15,562][root][INFO] - Epoch [1/5], Batch [34/300], Loss: 1.7172 (Overall: 1.2819, Change: 1.6630), TF Ratio: 0.993
[2026-06-17 04:16:15,716][root][INFO] - Epoch [1/5], Batch [35/300], Loss: 1.7107 (Overall: 1.1787, Change: 1.8015), TF Ratio: 0.993
[2026-06-17 04:16:25,574][root][INFO] - Epoch [1/5], Batch [36/300], Loss: 1.7023 (Overall: 1.1843, Change: 1.6367), TF Ratio: 0.993
[2026-06-17 04:16:25,738][root][INFO] - Epoch [1/5], Batch [37/300], Loss: 1.6984 (Overall: 1.4318, Change: 1.6826), TF Ratio: 0.993
[2026-06-17 04:16:25,891][root][INFO] - Epoch [1/5], Batch [38/300], Loss: 1.6923 (Overall: 1.2813, Change: 1.6490), TF Ratio: 0.992
[2026-06-17 04:16:26,044][root][INFO] - Epoch [1/5], Batch [39/300], Loss: 1.6895 (Overall: 1.2183, Change: 1.9489), TF Ratio: 0.992
[2026-06-17 04:16:30,080][root][INFO] - Epoch [1/5], Batch [40/300], Loss: 1.6846 (Overall: 1.5617, Change: 1.4294), TF Ratio: 0.992
[2026-06-17 04:16:30,234][root][INFO] - Epoch [1/5], Batch [41/300], Loss: 1.6768 (Overall: 1.0744, Change: 1.6509), TF Ratio: 0.992
[2026-06-17 04:16:30,387][root][INFO] - Epoch [1/5], Batch [42/300], Loss: 1.6655 (Overall: 1.1681, Change: 1.2390), TF Ratio: 0.992
[2026-06-17 04:16:30,539][root][INFO] - Epoch [1/5], Batch [43/300], Loss: 1.6664 (Overall: 1.5069, Change: 1.8973), TF Ratio: 0.991
[2026-06-17 04:16:30,715][root][INFO] - Epoch [1/5], Batch [44/300], Loss: 1.6595 (Overall: 1.3026, Change: 1.4302), TF Ratio: 0.991
[2026-06-17 04:16:30,868][root][INFO] - Epoch [1/5], Batch [45/300], Loss: 1.6600 (Overall: 1.5976, Change: 1.7647), TF Ratio: 0.991
[2026-06-17 04:16:31,021][root][INFO] - Epoch [1/5], Batch [46/300], Loss: 1.6540 (Overall: 1.1690, Change: 1.6014), TF Ratio: 0.991
[2026-06-17 04:16:31,174][root][INFO] - Epoch [1/5], Batch [47/300], Loss: 1.6477 (Overall: 1.2472, Change: 1.4604), TF Ratio: 0.991
[2026-06-17 04:16:39,829][root][INFO] - Epoch [1/5], Batch [48/300], Loss: 1.6469 (Overall: 1.2004, Change: 2.0264), TF Ratio: 0.990
[2026-06-17 04:16:39,994][root][INFO] - Epoch [1/5], Batch [49/300], Loss: 1.6451 (Overall: 1.4341, Change: 1.6785), TF Ratio: 0.990
[2026-06-17 04:16:40,147][root][INFO] - Epoch [1/5], Batch [50/300], Loss: 1.6360 (Overall: 1.0837, Change: 1.2975), TF Ratio: 0.990
[2026-06-17 04:16:40,302][root][INFO] - Epoch [1/5], Batch [51/300], Loss: 1.6349 (Overall: 1.5428, Change: 1.6202), TF Ratio: 0.990
[2026-06-17 04:16:43,575][root][INFO] - Epoch [1/5], Batch [52/300], Loss: 1.6440 (Overall: 1.9468, Change: 2.2603), TF Ratio: 0.990
[2026-06-17 04:16:43,729][root][INFO] - Epoch [1/5], Batch [53/300], Loss: 1.6418 (Overall: 1.3090, Change: 1.7520), TF Ratio: 0.989
[2026-06-17 04:16:43,882][root][INFO] - Epoch [1/5], Batch [54/300], Loss: 1.6392 (Overall: 1.4228, Change: 1.5826), TF Ratio: 0.989
[2026-06-17 04:16:44,035][root][INFO] - Epoch [1/5], Batch [55/300], Loss: 1.6337 (Overall: 1.0362, Change: 1.6346), TF Ratio: 0.989
[2026-06-17 04:16:44,206][root][INFO] - Epoch [1/5], Batch [56/300], Loss: 1.6291 (Overall: 1.1379, Change: 1.6091), TF Ratio: 0.989
[2026-06-17 04:16:44,361][root][INFO] - Epoch [1/5], Batch [57/300], Loss: 1.6265 (Overall: 1.1233, Change: 1.8436), TF Ratio: 0.989
[2026-06-17 04:16:44,514][root][INFO] - Epoch [1/5], Batch [58/300], Loss: 1.6249 (Overall: 1.0989, Change: 1.9626), TF Ratio: 0.988
[2026-06-17 04:16:44,931][root][INFO] - Epoch [1/5], Batch [59/300], Loss: 1.6209 (Overall: 1.2669, Change: 1.5177), TF Ratio: 0.988
[2026-06-17 04:16:53,642][root][INFO] - Epoch [1/5], Batch [60/300], Loss: 1.6202 (Overall: 1.4582, Change: 1.6919), TF Ratio: 0.988
[2026-06-17 04:16:53,803][root][INFO] - Epoch [1/5], Batch [61/300], Loss: 1.6190 (Overall: 1.3748, Change: 1.7237), TF Ratio: 0.988
[2026-06-17 04:16:53,956][root][INFO] - Epoch [1/5], Batch [62/300], Loss: 1.6141 (Overall: 1.0034, Change: 1.6248), TF Ratio: 0.988
[2026-06-17 04:16:54,109][root][INFO] - Epoch [1/5], Batch [63/300], Loss: 1.6137 (Overall: 1.0784, Change: 2.0979), TF Ratio: 0.987
[2026-06-17 04:16:57,380][root][INFO] - Epoch [1/5], Batch [64/300], Loss: 1.6063 (Overall: 1.0652, Change: 1.2138), TF Ratio: 0.987
[2026-06-17 04:16:57,536][root][INFO] - Epoch [1/5], Batch [65/300], Loss: 1.6044 (Overall: 1.2398, Change: 1.7325), TF Ratio: 0.987
[2026-06-17 04:16:57,688][root][INFO] - Epoch [1/5], Batch [66/300], Loss: 1.6015 (Overall: 1.1936, Change: 1.6363), TF Ratio: 0.987
[2026-06-17 04:16:57,843][root][INFO] - Epoch [1/5], Batch [67/300], Loss: 1.5973 (Overall: 1.1980, Change: 1.4328), TF Ratio: 0.987
[2026-06-17 04:16:58,011][root][INFO] - Epoch [1/5], Batch [68/300], Loss: 1.5945 (Overall: 1.1382, Change: 1.6847), TF Ratio: 0.986
[2026-06-17 04:16:58,164][root][INFO] - Epoch [1/5], Batch [69/300], Loss: 1.5909 (Overall: 1.1474, Change: 1.5373), TF Ratio: 0.986
[2026-06-17 04:16:58,318][root][INFO] - Epoch [1/5], Batch [70/300], Loss: 1.5869 (Overall: 1.1280, Change: 1.4993), TF Ratio: 0.986
[2026-06-17 04:16:58,471][root][INFO] - Epoch [1/5], Batch [71/300], Loss: 1.5831 (Overall: 1.0762, Change: 1.5519), TF Ratio: 0.986
[2026-06-17 04:17:06,951][root][INFO] - Epoch [1/5], Batch [72/300], Loss: 1.5805 (Overall: 1.1069, Change: 1.6904), TF Ratio: 0.986
[2026-06-17 04:17:07,109][root][INFO] - Epoch [1/5], Batch [73/300], Loss: 1.5776 (Overall: 1.1215, Change: 1.6153), TF Ratio: 0.985
[2026-06-17 04:17:07,261][root][INFO] - Epoch [1/5], Batch [74/300], Loss: 1.5736 (Overall: 1.3339, Change: 1.2228), TF Ratio: 0.985
[2026-06-17 04:17:07,413][root][INFO] - Epoch [1/5], Batch [75/300], Loss: 1.5742 (Overall: 1.3149, Change: 1.9237), TF Ratio: 0.985
[2026-06-17 04:17:11,585][root][INFO] - Epoch [1/5], Batch [76/300], Loss: 1.5706 (Overall: 0.9962, Change: 1.6152), TF Ratio: 0.985
[2026-06-17 04:17:11,742][root][INFO] - Epoch [1/5], Batch [77/300], Loss: 1.5700 (Overall: 1.2728, Change: 1.7756), TF Ratio: 0.985
[2026-06-17 04:17:11,895][root][INFO] - Epoch [1/5], Batch [78/300], Loss: 1.5669 (Overall: 1.0852, Change: 1.5655), TF Ratio: 0.984
[2026-06-17 04:17:12,048][root][INFO] - Epoch [1/5], Batch [79/300], Loss: 1.5640 (Overall: 0.9400, Change: 1.7356), TF Ratio: 0.984
[2026-06-17 04:17:12,232][root][INFO] - Epoch [1/5], Batch [80/300], Loss: 1.5616 (Overall: 0.9748, Change: 1.7739), TF Ratio: 0.984
[2026-06-17 04:17:12,385][root][INFO] - Epoch [1/5], Batch [81/300], Loss: 1.5582 (Overall: 0.8918, Change: 1.6709), TF Ratio: 0.984
[2026-06-17 04:17:12,537][root][INFO] - Epoch [1/5], Batch [82/300], Loss: 1.5553 (Overall: 1.1882, Change: 1.4517), TF Ratio: 0.984
[2026-06-17 04:17:12,690][root][INFO] - Epoch [1/5], Batch [83/300], Loss: 1.5528 (Overall: 1.0462, Change: 1.6550), TF Ratio: 0.983
[2026-06-17 04:17:23,633][root][INFO] - Epoch [1/5], Batch [84/300], Loss: 1.5504 (Overall: 1.0000, Change: 1.7057), TF Ratio: 0.983
[2026-06-17 04:17:23,853][root][INFO] - Epoch [1/5], Batch [85/300], Loss: 1.5463 (Overall: 1.0064, Change: 1.3921), TF Ratio: 0.983
[2026-06-17 04:17:24,005][root][INFO] - Epoch [1/5], Batch [86/300], Loss: 1.5473 (Overall: 1.4632, Change: 1.8112), TF Ratio: 0.983
[2026-06-17 04:17:24,158][root][INFO] - Epoch [1/5], Batch [87/300], Loss: 1.5472 (Overall: 1.3926, Change: 1.6836), TF Ratio: 0.983
[2026-06-17 04:17:33,378][root][INFO] - Epoch [1/5], Batch [88/300], Loss: 1.5470 (Overall: 1.3223, Change: 1.7332), TF Ratio: 0.982
[2026-06-17 04:17:33,537][root][INFO] - Epoch [1/5], Batch [89/300], Loss: 1.5441 (Overall: 1.0138, Change: 1.5578), TF Ratio: 0.982
[2026-06-17 04:17:33,689][root][INFO] - Epoch [1/5], Batch [90/300], Loss: 1.5428 (Overall: 1.1600, Change: 1.7062), TF Ratio: 0.982
[2026-06-17 04:17:33,842][root][INFO] - Epoch [1/5], Batch [91/300], Loss: 1.5401 (Overall: 1.0288, Change: 1.5600), TF Ratio: 0.982
[2026-06-17 04:17:34,022][root][INFO] - Epoch [1/5], Batch [92/300], Loss: 1.5392 (Overall: 1.1986, Change: 1.7080), TF Ratio: 0.982
[2026-06-17 04:17:34,175][root][INFO] - Epoch [1/5], Batch [93/300], Loss: 1.5375 (Overall: 1.1741, Change: 1.5860), TF Ratio: 0.981
[2026-06-17 04:17:34,329][root][INFO] - Epoch [1/5], Batch [94/300], Loss: 1.5357 (Overall: 1.1605, Change: 1.5912), TF Ratio: 0.981
[2026-06-17 04:17:34,481][root][INFO] - Epoch [1/5], Batch [95/300], Loss: 1.5351 (Overall: 1.0827, Change: 1.8751), TF Ratio: 0.981
[2026-06-17 04:17:48,818][root][INFO] - Epoch [1/5], Batch [96/300], Loss: 1.5317 (Overall: 0.9032, Change: 1.4972), TF Ratio: 0.981
[2026-06-17 04:17:48,975][root][INFO] - Epoch [1/5], Batch [97/300], Loss: 1.5273 (Overall: 1.1178, Change: 1.0993), TF Ratio: 0.981
[2026-06-17 04:17:49,129][root][INFO] - Epoch [1/5], Batch [98/300], Loss: 1.5270 (Overall: 1.4041, Change: 1.5961), TF Ratio: 0.980
[2026-06-17 04:17:49,282][root][INFO] - Epoch [1/5], Batch [99/300], Loss: 1.5250 (Overall: 1.0585, Change: 1.5945), TF Ratio: 0.980
[2026-06-17 04:17:49,457][root][INFO] - Epoch [1/5], Batch [100/300], Loss: 1.5265 (Overall: 1.1394, Change: 2.2070), TF Ratio: 0.980
[2026-06-17 04:17:49,611][root][INFO] - Epoch [1/5], Batch [101/300], Loss: 1.5222 (Overall: 1.0912, Change: 1.0997), TF Ratio: 0.980
[2026-06-17 04:17:49,773][root][INFO] - Epoch [1/5], Batch [102/300], Loss: 1.5238 (Overall: 1.3559, Change: 2.0049), TF Ratio: 0.980
[2026-06-17 04:17:49,927][root][INFO] - Epoch [1/5], Batch [103/300], Loss: 1.5220 (Overall: 0.8722, Change: 1.8058), TF Ratio: 0.979
[2026-06-17 04:17:51,511][root][INFO] - Epoch [1/5], Batch [104/300], Loss: 1.5193 (Overall: 1.0989, Change: 1.3936), TF Ratio: 0.979
[2026-06-17 04:17:51,666][root][INFO] - Epoch [1/5], Batch [105/300], Loss: 1.5171 (Overall: 0.9004, Change: 1.6710), TF Ratio: 0.979
[2026-06-17 04:17:51,819][root][INFO] - Epoch [1/5], Batch [106/300], Loss: 1.5141 (Overall: 0.9645, Change: 1.4268), TF Ratio: 0.979
[2026-06-17 04:17:51,976][root][INFO] - Epoch [1/5], Batch [107/300], Loss: 1.5134 (Overall: 1.0629, Change: 1.8293), TF Ratio: 0.979
[2026-06-17 04:18:04,723][root][INFO] - Epoch [1/5], Batch [108/300], Loss: 1.5095 (Overall: 0.8833, Change: 1.3042), TF Ratio: 0.978
[2026-06-17 04:18:04,884][root][INFO] - Epoch [1/5], Batch [109/300], Loss: 1.5097 (Overall: 1.5092, Change: 1.5498), TF Ratio: 0.978
[2026-06-17 04:18:05,036][root][INFO] - Epoch [1/5], Batch [110/300], Loss: 1.5075 (Overall: 0.9209, Change: 1.6115), TF Ratio: 0.978
[2026-06-17 04:18:05,189][root][INFO] - Epoch [1/5], Batch [111/300], Loss: 1.5053 (Overall: 1.0449, Change: 1.4741), TF Ratio: 0.978
[2026-06-17 04:18:05,485][root][INFO] - Epoch [1/5], Batch [112/300], Loss: 1.5055 (Overall: 1.3633, Change: 1.6936), TF Ratio: 0.978
[2026-06-17 04:18:05,641][root][INFO] - Epoch [1/5], Batch [113/300], Loss: 1.5036 (Overall: 0.9690, Change: 1.6255), TF Ratio: 0.977
[2026-06-17 04:18:05,793][root][INFO] - Epoch [1/5], Batch [114/300], Loss: 1.5012 (Overall: 0.8580, Change: 1.5943), TF Ratio: 0.977
[2026-06-17 04:18:05,946][root][INFO] - Epoch [1/5], Batch [115/300], Loss: 1.4999 (Overall: 1.1604, Change: 1.5539), TF Ratio: 0.977
[2026-06-17 04:18:06,114][root][INFO] - Epoch [1/5], Batch [116/300], Loss: 1.4975 (Overall: 0.8634, Change: 1.5623), TF Ratio: 0.977
[2026-06-17 04:18:06,266][root][INFO] - Epoch [1/5], Batch [117/300], Loss: 1.4943 (Overall: 0.8841, Change: 1.3612), TF Ratio: 0.977
[2026-06-17 04:18:06,419][root][INFO] - Epoch [1/5], Batch [118/300], Loss: 1.4928 (Overall: 0.9443, Change: 1.6966), TF Ratio: 0.976
[2026-06-17 04:18:06,571][root][INFO] - Epoch [1/5], Batch [119/300], Loss: 1.4924 (Overall: 1.2213, Change: 1.6671), TF Ratio: 0.976
[2026-06-17 04:18:16,716][root][INFO] - Epoch [1/5], Batch [120/300], Loss: 1.4894 (Overall: 0.9776, Change: 1.2891), TF Ratio: 0.976
[2026-06-17 04:18:16,874][root][INFO] - Epoch [1/5], Batch [121/300], Loss: 1.4888 (Overall: 1.1793, Change: 1.6471), TF Ratio: 0.976
[2026-06-17 04:18:17,027][root][INFO] - Epoch [1/5], Batch [122/300], Loss: 1.4871 (Overall: 0.9354, Change: 1.6292), TF Ratio: 0.976
[2026-06-17 04:18:17,185][root][INFO] - Epoch [1/5], Batch [123/300], Loss: 1.4858 (Overall: 1.0035, Change: 1.6469), TF Ratio: 0.975
[2026-06-17 04:18:22,409][root][INFO] - Epoch [1/5], Batch [124/300], Loss: 1.4840 (Overall: 0.9783, Change: 1.5614), TF Ratio: 0.975
[2026-06-17 04:18:22,564][root][INFO] - Epoch [1/5], Batch [125/300], Loss: 1.4816 (Overall: 1.0574, Change: 1.3103), TF Ratio: 0.975
[2026-06-17 04:18:22,718][root][INFO] - Epoch [1/5], Batch [126/300], Loss: 1.4808 (Overall: 1.1559, Change: 1.5961), TF Ratio: 0.975
[2026-06-17 04:18:22,869][root][INFO] - Epoch [1/5], Batch [127/300], Loss: 1.4798 (Overall: 1.0031, Change: 1.7047), TF Ratio: 0.975
[2026-06-17 04:18:23,052][root][INFO] - Epoch [1/5], Batch [128/300], Loss: 1.4777 (Overall: 0.9885, Change: 1.4438), TF Ratio: 0.974
[2026-06-17 04:18:23,208][root][INFO] - Epoch [1/5], Batch [129/300], Loss: 1.4760 (Overall: 0.9202, Change: 1.5959), TF Ratio: 0.974
[2026-06-17 04:18:23,362][root][INFO] - Epoch [1/5], Batch [130/300], Loss: 1.4740 (Overall: 0.9492, Change: 1.4830), TF Ratio: 0.974
[2026-06-17 04:18:23,515][root][INFO] - Epoch [1/5], Batch [131/300], Loss: 1.4714 (Overall: 0.8149, Change: 1.4376), TF Ratio: 0.974
[2026-06-17 04:18:30,408][root][INFO] - Epoch [1/5], Batch [132/300], Loss: 1.4703 (Overall: 1.1986, Change: 1.4771), TF Ratio: 0.974
[2026-06-17 04:18:30,566][root][INFO] - Epoch [1/5], Batch [133/300], Loss: 1.4686 (Overall: 1.0723, Change: 1.4169), TF Ratio: 0.973
[2026-06-17 04:18:30,719][root][INFO] - Epoch [1/5], Batch [134/300], Loss: 1.4675 (Overall: 0.9776, Change: 1.6396), TF Ratio: 0.973
[2026-06-17 04:18:30,873][root][INFO] - Epoch [1/5], Batch [135/300], Loss: 1.4670 (Overall: 1.0835, Change: 1.7220), TF Ratio: 0.973
[2026-06-17 04:18:37,383][root][INFO] - Epoch [1/5], Batch [136/300], Loss: 1.4663 (Overall: 1.0532, Change: 1.7015), TF Ratio: 0.973
[2026-06-17 04:18:37,538][root][INFO] - Epoch [1/5], Batch [137/300], Loss: 1.4655 (Overall: 0.9468, Change: 1.7620), TF Ratio: 0.973
[2026-06-17 04:18:37,691][root][INFO] - Epoch [1/5], Batch [138/300], Loss: 1.4641 (Overall: 0.9504, Change: 1.5828), TF Ratio: 0.972
[2026-06-17 04:18:37,845][root][INFO] - Epoch [1/5], Batch [139/300], Loss: 1.4617 (Overall: 1.0605, Change: 1.2241), TF Ratio: 0.972
[2026-06-17 04:18:38,021][root][INFO] - Epoch [1/5], Batch [140/300], Loss: 1.4606 (Overall: 1.2205, Change: 1.3943), TF Ratio: 0.972
[2026-06-17 04:18:38,175][root][INFO] - Epoch [1/5], Batch [141/300], Loss: 1.4600 (Overall: 0.9974, Change: 1.7397), TF Ratio: 0.972
[2026-06-17 04:18:38,328][root][INFO] - Epoch [1/5], Batch [142/300], Loss: 1.4595 (Overall: 1.1267, Change: 1.6530), TF Ratio: 0.972
[2026-06-17 04:18:38,481][root][INFO] - Epoch [1/5], Batch [143/300], Loss: 1.4583 (Overall: 0.8828, Change: 1.6839), TF Ratio: 0.971
[2026-06-17 04:18:43,694][root][INFO] - Epoch [1/5], Batch [144/300], Loss: 1.4574 (Overall: 1.0538, Change: 1.6132), TF Ratio: 0.971
[2026-06-17 04:18:43,854][root][INFO] - Epoch [1/5], Batch [145/300], Loss: 1.4558 (Overall: 0.7667, Change: 1.6996), TF Ratio: 0.971
[2026-06-17 04:18:44,007][root][INFO] - Epoch [1/5], Batch [146/300], Loss: 1.4562 (Overall: 1.3170, Change: 1.6924), TF Ratio: 0.971
[2026-06-17 04:18:44,160][root][INFO] - Epoch [1/5], Batch [147/300], Loss: 1.4546 (Overall: 1.0663, Change: 1.3684), TF Ratio: 0.971
[2026-06-17 04:18:51,670][root][INFO] - Epoch [1/5], Batch [148/300], Loss: 1.4546 (Overall: 1.1219, Change: 1.8078), TF Ratio: 0.970
[2026-06-17 04:18:51,862][root][INFO] - Epoch [1/5], Batch [149/300], Loss: 1.4528 (Overall: 0.9301, Change: 1.4359), TF Ratio: 0.970
[2026-06-17 04:18:52,015][root][INFO] - Epoch [1/5], Batch [150/300], Loss: 1.4503 (Overall: 1.0608, Change: 1.1048), TF Ratio: 0.970
[2026-06-17 04:18:52,170][root][INFO] - Epoch [1/5], Batch [151/300], Loss: 1.4495 (Overall: 1.0409, Change: 1.6117), TF Ratio: 0.970
[2026-06-17 04:18:52,337][root][INFO] - Epoch [1/5], Batch [152/300], Loss: 1.4485 (Overall: 1.0372, Change: 1.5673), TF Ratio: 0.970
[2026-06-17 04:18:52,492][root][INFO] - Epoch [1/5], Batch [153/300], Loss: 1.4490 (Overall: 1.1138, Change: 1.9218), TF Ratio: 0.969
[2026-06-17 04:18:52,646][root][INFO] - Epoch [1/5], Batch [154/300], Loss: 1.4469 (Overall: 0.9138, Change: 1.3516), TF Ratio: 0.969
[2026-06-17 04:18:52,801][root][INFO] - Epoch [1/5], Batch [155/300], Loss: 1.4451 (Overall: 0.8859, Change: 1.4333), TF Ratio: 0.969
[2026-06-17 04:18:57,008][root][INFO] - Epoch [1/5], Batch [156/300], Loss: 1.4447 (Overall: 1.0548, Change: 1.7032), TF Ratio: 0.969
[2026-06-17 04:18:57,165][root][INFO] - Epoch [1/5], Batch [157/300], Loss: 1.4438 (Overall: 0.8965, Change: 1.7237), TF Ratio: 0.969
[2026-06-17 04:18:57,318][root][INFO] - Epoch [1/5], Batch [158/300], Loss: 1.4419 (Overall: 1.0085, Change: 1.2641), TF Ratio: 0.968
[2026-06-17 04:18:57,471][root][INFO] - Epoch [1/5], Batch [159/300], Loss: 1.4408 (Overall: 0.9863, Change: 1.5458), TF Ratio: 0.968
[2026-06-17 04:19:09,782][root][INFO] - Epoch [1/5], Batch [160/300], Loss: 1.4388 (Overall: 0.9214, Change: 1.3466), TF Ratio: 0.968
[2026-06-17 04:19:09,936][root][INFO] - Epoch [1/5], Batch [161/300], Loss: 1.4375 (Overall: 0.8884, Change: 1.5663), TF Ratio: 0.968
[2026-06-17 04:19:10,089][root][INFO] - Epoch [1/5], Batch [162/300], Loss: 1.4364 (Overall: 0.8167, Change: 1.6827), TF Ratio: 0.968
[2026-06-17 04:19:10,244][root][INFO] - Epoch [1/5], Batch [163/300], Loss: 1.4358 (Overall: 0.8416, Change: 1.8308), TF Ratio: 0.967
[2026-06-17 04:19:10,416][root][INFO] - Epoch [1/5], Batch [164/300], Loss: 1.4353 (Overall: 1.1018, Change: 1.6191), TF Ratio: 0.967
[2026-06-17 04:19:10,569][root][INFO] - Epoch [1/5], Batch [165/300], Loss: 1.4345 (Overall: 1.1458, Change: 1.4698), TF Ratio: 0.967
[2026-06-17 04:19:10,722][root][INFO] - Epoch [1/5], Batch [166/300], Loss: 1.4338 (Overall: 0.9984, Change: 1.6475), TF Ratio: 0.967
[2026-06-17 04:19:10,877][root][INFO] - Epoch [1/5], Batch [167/300], Loss: 1.4326 (Overall: 0.8659, Change: 1.5927), TF Ratio: 0.967
[2026-06-17 04:19:14,822][root][INFO] - Epoch [1/5], Batch [168/300], Loss: 1.4330 (Overall: 1.3533, Change: 1.6516), TF Ratio: 0.966
[2026-06-17 04:19:14,978][root][INFO] - Epoch [1/5], Batch [169/300], Loss: 1.4320 (Overall: 0.8159, Change: 1.7113), TF Ratio: 0.966
[2026-06-17 04:19:15,130][root][INFO] - Epoch [1/5], Batch [170/300], Loss: 1.4307 (Overall: 0.9637, Change: 1.4499), TF Ratio: 0.966
[2026-06-17 04:19:15,284][root][INFO] - Epoch [1/5], Batch [171/300], Loss: 1.4307 (Overall: 1.1206, Change: 1.7384), TF Ratio: 0.966
[2026-06-17 04:19:23,096][root][INFO] - Epoch [1/5], Batch [172/300], Loss: 1.4307 (Overall: 1.1615, Change: 1.6810), TF Ratio: 0.966
[2026-06-17 04:19:23,251][root][INFO] - Epoch [1/5], Batch [173/300], Loss: 1.4289 (Overall: 0.8462, Change: 1.4056), TF Ratio: 0.965
[2026-06-17 04:19:23,403][root][INFO] - Epoch [1/5], Batch [174/300], Loss: 1.4291 (Overall: 0.9598, Change: 1.9640), TF Ratio: 0.965
[2026-06-17 04:19:23,556][root][INFO] - Epoch [1/5], Batch [175/300], Loss: 1.4266 (Overall: 0.7276, Change: 1.2712), TF Ratio: 0.965
[2026-06-17 04:19:23,750][root][INFO] - Epoch [1/5], Batch [176/300], Loss: 1.4245 (Overall: 0.9367, Change: 1.1524), TF Ratio: 0.965
[2026-06-17 04:19:23,903][root][INFO] - Epoch [1/5], Batch [177/300], Loss: 1.4252 (Overall: 1.5552, Change: 1.5757), TF Ratio: 0.965
[2026-06-17 04:19:24,057][root][INFO] - Epoch [1/5], Batch [178/300], Loss: 1.4234 (Overall: 0.8954, Change: 1.2918), TF Ratio: 0.964
[2026-06-17 04:19:24,210][root][INFO] - Epoch [1/5], Batch [179/300], Loss: 1.4230 (Overall: 0.9487, Change: 1.7585), TF Ratio: 0.964
[2026-06-17 04:19:27,992][root][INFO] - Epoch [1/5], Batch [180/300], Loss: 1.4208 (Overall: 0.7466, Change: 1.3245), TF Ratio: 0.964
[2026-06-17 04:19:28,148][root][INFO] - Epoch [1/5], Batch [181/300], Loss: 1.4201 (Overall: 0.9844, Change: 1.5810), TF Ratio: 0.964
[2026-06-17 04:19:28,301][root][INFO] - Epoch [1/5], Batch [182/300], Loss: 1.4204 (Overall: 0.9500, Change: 2.0146), TF Ratio: 0.964
[2026-06-17 04:19:28,455][root][INFO] - Epoch [1/5], Batch [183/300], Loss: 1.4192 (Overall: 0.9015, Change: 1.4953), TF Ratio: 0.963
[2026-06-17 04:19:37,033][root][INFO] - Epoch [1/5], Batch [184/300], Loss: 1.4177 (Overall: 1.0066, Change: 1.2670), TF Ratio: 0.963
[2026-06-17 04:19:37,186][root][INFO] - Epoch [1/5], Batch [185/300], Loss: 1.4162 (Overall: 0.7484, Change: 1.5336), TF Ratio: 0.963
[2026-06-17 04:19:37,338][root][INFO] - Epoch [1/5], Batch [186/300], Loss: 1.4157 (Overall: 0.9729, Change: 1.6863), TF Ratio: 0.963
[2026-06-17 04:19:37,492][root][INFO] - Epoch [1/5], Batch [187/300], Loss: 1.4142 (Overall: 0.9765, Change: 1.2832), TF Ratio: 0.963
[2026-06-17 04:19:37,670][root][INFO] - Epoch [1/5], Batch [188/300], Loss: 1.4133 (Overall: 0.9596, Change: 1.5428), TF Ratio: 0.962
[2026-06-17 04:19:37,823][root][INFO] - Epoch [1/5], Batch [189/300], Loss: 1.4121 (Overall: 0.9361, Change: 1.4456), TF Ratio: 0.962
[2026-06-17 04:19:37,975][root][INFO] - Epoch [1/5], Batch [190/300], Loss: 1.4117 (Overall: 1.2232, Change: 1.4218), TF Ratio: 0.962
[2026-06-17 04:19:38,127][root][INFO] - Epoch [1/5], Batch [191/300], Loss: 1.4108 (Overall: 0.9693, Change: 1.5077), TF Ratio: 0.962
[2026-06-17 04:19:50,362][root][INFO] - Epoch [1/5], Batch [192/300], Loss: 1.4097 (Overall: 0.8765, Change: 1.5424), TF Ratio: 0.962
[2026-06-17 04:19:50,523][root][INFO] - Epoch [1/5], Batch [193/300], Loss: 1.4089 (Overall: 0.9306, Change: 1.5630), TF Ratio: 0.961
[2026-06-17 04:19:50,676][root][INFO] - Epoch [1/5], Batch [194/300], Loss: 1.4078 (Overall: 0.8705, Change: 1.5408), TF Ratio: 0.961
[2026-06-17 04:19:50,830][root][INFO] - Epoch [1/5], Batch [195/300], Loss: 1.4069 (Overall: 1.0432, Change: 1.4164), TF Ratio: 0.961
[2026-06-17 04:19:54,502][root][INFO] - Epoch [1/5], Batch [196/300], Loss: 1.4072 (Overall: 1.3096, Change: 1.6009), TF Ratio: 0.961
[2026-06-17 04:19:54,661][root][INFO] - Epoch [1/5], Batch [197/300], Loss: 1.4053 (Overall: 0.7879, Change: 1.2776), TF Ratio: 0.961
[2026-06-17 04:19:54,815][root][INFO] - Epoch [1/5], Batch [198/300], Loss: 1.4048 (Overall: 1.0126, Change: 1.6055), TF Ratio: 0.960
[2026-06-17 04:19:54,968][root][INFO] - Epoch [1/5], Batch [199/300], Loss: 1.4045 (Overall: 0.9474, Change: 1.7601), TF Ratio: 0.960
[2026-06-17 04:19:55,143][root][INFO] - Epoch [1/5], Batch [200/300], Loss: 1.4039 (Overall: 1.0805, Change: 1.4829), TF Ratio: 0.960
[2026-06-17 04:19:55,301][root][INFO] - Epoch [1/5], Batch [201/300], Loss: 1.4030 (Overall: 0.7479, Change: 1.6972), TF Ratio: 0.960
[2026-06-17 04:19:55,455][root][INFO] - Epoch [1/5], Batch [202/300], Loss: 1.4034 (Overall: 1.0844, Change: 1.9036), TF Ratio: 0.960
[2026-06-17 04:19:55,609][root][INFO] - Epoch [1/5], Batch [203/300], Loss: 1.4032 (Overall: 1.2149, Change: 1.4958), TF Ratio: 0.959
[2026-06-17 04:20:03,365][root][INFO] - Epoch [1/5], Batch [204/300], Loss: 1.4029 (Overall: 1.0955, Change: 1.5967), TF Ratio: 0.959
[2026-06-17 04:20:03,522][root][INFO] - Epoch [1/5], Batch [205/300], Loss: 1.4018 (Overall: 0.8484, Change: 1.4993), TF Ratio: 0.959
[2026-06-17 04:20:03,674][root][INFO] - Epoch [1/5], Batch [206/300], Loss: 1.4020 (Overall: 1.0774, Change: 1.7829), TF Ratio: 0.959
[2026-06-17 04:20:03,827][root][INFO] - Epoch [1/5], Batch [207/300], Loss: 1.4017 (Overall: 1.0691, Change: 1.6367), TF Ratio: 0.959
[2026-06-17 04:20:09,268][root][INFO] - Epoch [1/5], Batch [208/300], Loss: 1.4011 (Overall: 0.9350, Change: 1.6280), TF Ratio: 0.958
[2026-06-17 04:20:09,428][root][INFO] - Epoch [1/5], Batch [209/300], Loss: 1.4017 (Overall: 1.3201, Change: 1.7100), TF Ratio: 0.958
[2026-06-17 04:20:09,582][root][INFO] - Epoch [1/5], Batch [210/300], Loss: 1.4021 (Overall: 1.0941, Change: 1.8881), TF Ratio: 0.958
[2026-06-17 04:20:09,735][root][INFO] - Epoch [1/5], Batch [211/300], Loss: 1.4021 (Overall: 1.3197, Change: 1.4698), TF Ratio: 0.958
[2026-06-17 04:20:09,909][root][INFO] - Epoch [1/5], Batch [212/300], Loss: 1.4013 (Overall: 0.8182, Change: 1.6796), TF Ratio: 0.958
[2026-06-17 04:20:10,062][root][INFO] - Epoch [1/5], Batch [213/300], Loss: 1.3999 (Overall: 0.9707, Change: 1.2148), TF Ratio: 0.957
[2026-06-17 04:20:10,215][root][INFO] - Epoch [1/5], Batch [214/300], Loss: 1.4000 (Overall: 1.2969, Change: 1.5292), TF Ratio: 0.957
[2026-06-17 04:20:10,370][root][INFO] - Epoch [1/5], Batch [215/300], Loss: 1.3995 (Overall: 0.9716, Change: 1.6258), TF Ratio: 0.957
[2026-06-17 04:20:16,726][root][INFO] - Epoch [1/5], Batch [216/300], Loss: 1.3990 (Overall: 1.0160, Change: 1.5739), TF Ratio: 0.957
[2026-06-17 04:20:16,887][root][INFO] - Epoch [1/5], Batch [217/300], Loss: 1.3982 (Overall: 0.9247, Change: 1.5156), TF Ratio: 0.957
[2026-06-17 04:20:17,041][root][INFO] - Epoch [1/5], Batch [218/300], Loss: 1.3960 (Overall: 0.8385, Change: 1.0126), TF Ratio: 0.956
[2026-06-17 04:20:17,193][root][INFO] - Epoch [1/5], Batch [219/300], Loss: 1.3946 (Overall: 0.8682, Change: 1.3170), TF Ratio: 0.956
[2026-06-17 04:20:22,017][root][INFO] - Epoch [1/5], Batch [220/300], Loss: 1.3938 (Overall: 0.9651, Change: 1.4565), TF Ratio: 0.956
[2026-06-17 04:20:22,174][root][INFO] - Epoch [1/5], Batch [221/300], Loss: 1.3922 (Overall: 0.7769, Change: 1.3218), TF Ratio: 0.956
[2026-06-17 04:20:22,326][root][INFO] - Epoch [1/5], Batch [222/300], Loss: 1.3937 (Overall: 1.6250, Change: 1.8257), TF Ratio: 0.956
[2026-06-17 04:20:22,479][root][INFO] - Epoch [1/5], Batch [223/300], Loss: 1.3918 (Overall: 0.7605, Change: 1.1596), TF Ratio: 0.955
[2026-06-17 04:20:22,647][root][INFO] - Epoch [1/5], Batch [224/300], Loss: 1.3900 (Overall: 1.0503, Change: 0.9423), TF Ratio: 0.955
[2026-06-17 04:20:22,800][root][INFO] - Epoch [1/5], Batch [225/300], Loss: 1.3902 (Overall: 1.2163, Change: 1.6402), TF Ratio: 0.955
[2026-06-17 04:20:22,954][root][INFO] - Epoch [1/5], Batch [226/300], Loss: 1.3894 (Overall: 0.8837, Change: 1.5212), TF Ratio: 0.955
[2026-06-17 04:20:23,107][root][INFO] - Epoch [1/5], Batch [227/300], Loss: 1.3897 (Overall: 0.7777, Change: 2.1678), TF Ratio: 0.955
[2026-06-17 04:20:35,871][root][INFO] - Epoch [1/5], Batch [228/300], Loss: 1.3893 (Overall: 0.8519, Change: 1.7273), TF Ratio: 0.954
[2026-06-17 04:20:36,031][root][INFO] - Epoch [1/5], Batch [229/300], Loss: 1.3881 (Overall: 0.8969, Change: 1.3573), TF Ratio: 0.954
[2026-06-17 04:20:36,184][root][INFO] - Epoch [1/5], Batch [230/300], Loss: 1.3873 (Overall: 0.9137, Change: 1.4733), TF Ratio: 0.954
[2026-06-17 04:20:36,337][root][INFO] - Epoch [1/5], Batch [231/300], Loss: 1.3855 (Overall: 0.7079, Change: 1.2242), TF Ratio: 0.954
[2026-06-17 04:20:43,589][root][INFO] - Epoch [1/5], Batch [232/300], Loss: 1.3839 (Overall: 0.6970, Change: 1.3197), TF Ratio: 0.954
[2026-06-17 04:20:43,745][root][INFO] - Epoch [1/5], Batch [233/300], Loss: 1.3836 (Overall: 0.9084, Change: 1.7566), TF Ratio: 0.953
[2026-06-17 04:20:43,898][root][INFO] - Epoch [1/5], Batch [234/300], Loss: 1.3832 (Overall: 1.0797, Change: 1.4867), TF Ratio: 0.953
[2026-06-17 04:20:44,055][root][INFO] - Epoch [1/5], Batch [235/300], Loss: 1.3827 (Overall: 1.0553, Change: 1.4789), TF Ratio: 0.953
[2026-06-17 04:20:44,228][root][INFO] - Epoch [1/5], Batch [236/300], Loss: 1.3823 (Overall: 1.0644, Change: 1.5114), TF Ratio: 0.953
[2026-06-17 04:20:44,384][root][INFO] - Epoch [1/5], Batch [237/300], Loss: 1.3815 (Overall: 0.8891, Change: 1.4981), TF Ratio: 0.953
[2026-06-17 04:20:44,538][root][INFO] - Epoch [1/5], Batch [238/300], Loss: 1.3806 (Overall: 0.7949, Change: 1.5211), TF Ratio: 0.952
[2026-06-17 04:20:44,692][root][INFO] - Epoch [1/5], Batch [239/300], Loss: 1.3784 (Overall: 0.7399, Change: 0.9650), TF Ratio: 0.952
[2026-06-17 04:20:51,452][root][INFO] - Epoch [1/5], Batch [240/300], Loss: 1.3779 (Overall: 0.8295, Change: 1.7022), TF Ratio: 0.952
[2026-06-17 04:20:51,611][root][INFO] - Epoch [1/5], Batch [241/300], Loss: 1.3779 (Overall: 0.8796, Change: 1.8641), TF Ratio: 0.952
[2026-06-17 04:20:51,765][root][INFO] - Epoch [1/5], Batch [242/300], Loss: 1.3856 (Overall: 1.2638, Change: 5.2124), TF Ratio: 0.952
[2026-06-17 04:20:51,918][root][INFO] - Epoch [1/5], Batch [243/300], Loss: 1.3846 (Overall: 0.8971, Change: 1.4136), TF Ratio: 0.951
[2026-06-17 04:20:57,520][root][INFO] - Epoch [1/5], Batch [244/300], Loss: 1.3829 (Overall: 0.7587, Change: 1.1875), TF Ratio: 0.951
[2026-06-17 04:20:57,677][root][INFO] - Epoch [1/5], Batch [245/300], Loss: 1.3814 (Overall: 0.7440, Change: 1.2822), TF Ratio: 0.951
[2026-06-17 04:20:57,831][root][INFO] - Epoch [1/5], Batch [246/300], Loss: 1.3804 (Overall: 0.7031, Change: 1.5797), TF Ratio: 0.951
[2026-06-17 04:20:57,985][root][INFO] - Epoch [1/5], Batch [247/300], Loss: 1.3810 (Overall: 0.8280, Change: 2.1908), TF Ratio: 0.951
[2026-06-17 04:20:58,164][root][INFO] - Epoch [1/5], Batch [248/300], Loss: 1.3804 (Overall: 0.9288, Change: 1.5645), TF Ratio: 0.950
[2026-06-17 04:20:58,319][root][INFO] - Epoch [1/5], Batch [249/300], Loss: 1.3799 (Overall: 0.9557, Change: 1.5420), TF Ratio: 0.950
[2026-06-17 04:20:58,473][root][INFO] - Epoch [1/5], Batch [250/300], Loss: 1.3818 (Overall: 1.7841, Change: 1.9108), TF Ratio: 0.950
[2026-06-17 04:20:58,625][root][INFO] - Epoch [1/5], Batch [251/300], Loss: 1.3818 (Overall: 1.0064, Change: 1.7660), TF Ratio: 0.950
[2026-06-17 04:21:09,991][root][INFO] - Epoch [1/5], Batch [252/300], Loss: 1.3809 (Overall: 0.8638, Change: 1.4568), TF Ratio: 0.950
[2026-06-17 04:21:10,155][root][INFO] - Epoch [1/5], Batch [253/300], Loss: 1.3800 (Overall: 0.8537, Change: 1.4562), TF Ratio: 0.949
[2026-06-17 04:21:10,307][root][INFO] - Epoch [1/5], Batch [254/300], Loss: 1.3800 (Overall: 0.8680, Change: 1.8683), TF Ratio: 0.949
[2026-06-17 04:21:10,459][root][INFO] - Epoch [1/5], Batch [255/300], Loss: 1.3802 (Overall: 1.3445, Change: 1.5507), TF Ratio: 0.949
[2026-06-17 04:21:21,765][root][INFO] - Epoch [1/5], Batch [256/300], Loss: 1.3797 (Overall: 1.0916, Change: 1.4009), TF Ratio: 0.949
[2026-06-17 04:21:21,921][root][INFO] - Epoch [1/5], Batch [257/300], Loss: 1.3788 (Overall: 0.7613, Change: 1.5404), TF Ratio: 0.949
[2026-06-17 04:21:22,074][root][INFO] - Epoch [1/5], Batch [258/300], Loss: 1.3771 (Overall: 0.8858, Change: 0.9783), TF Ratio: 0.948
[2026-06-17 04:21:22,236][root][INFO] - Epoch [1/5], Batch [259/300], Loss: 1.3763 (Overall: 1.1044, Change: 1.2216), TF Ratio: 0.948
[2026-06-17 04:21:22,410][root][INFO] - Epoch [1/5], Batch [260/300], Loss: 1.3755 (Overall: 0.8392, Change: 1.5138), TF Ratio: 0.948
[2026-06-17 04:21:22,564][root][INFO] - Epoch [1/5], Batch [261/300], Loss: 1.3761 (Overall: 0.9730, Change: 2.1058), TF Ratio: 0.948
[2026-06-17 04:21:22,717][root][INFO] - Epoch [1/5], Batch [262/300], Loss: 1.3750 (Overall: 0.7368, Change: 1.4588), TF Ratio: 0.948
[2026-06-17 04:21:22,872][root][INFO] - Epoch [1/5], Batch [263/300], Loss: 1.3743 (Overall: 0.9959, Change: 1.3806), TF Ratio: 0.947
[2026-06-17 04:21:23,043][root][INFO] - Epoch [1/5], Batch [264/300], Loss: 1.3738 (Overall: 0.8059, Change: 1.6805), TF Ratio: 0.947
[2026-06-17 04:21:23,198][root][INFO] - Epoch [1/5], Batch [265/300], Loss: 1.3732 (Overall: 0.8798, Change: 1.5073), TF Ratio: 0.947
[2026-06-17 04:21:23,351][root][INFO] - Epoch [1/5], Batch [266/300], Loss: 1.3720 (Overall: 0.7726, Change: 1.3558), TF Ratio: 0.947
[2026-06-17 04:21:23,504][root][INFO] - Epoch [1/5], Batch [267/300], Loss: 1.3708 (Overall: 1.1080, Change: 1.0038), TF Ratio: 0.947
[2026-06-17 04:21:35,474][root][INFO] - Epoch [1/5], Batch [268/300], Loss: 1.3705 (Overall: 1.0067, Change: 1.5417), TF Ratio: 0.946
[2026-06-17 04:21:35,630][root][INFO] - Epoch [1/5], Batch [269/300], Loss: 1.3697 (Overall: 0.7854, Change: 1.5363), TF Ratio: 0.946
[2026-06-17 04:21:35,783][root][INFO] - Epoch [1/5], Batch [270/300], Loss: 1.3692 (Overall: 0.6714, Change: 1.7964), TF Ratio: 0.946
[2026-06-17 04:21:35,936][root][INFO] - Epoch [1/5], Batch [271/300], Loss: 1.3688 (Overall: 0.7433, Change: 1.7831), TF Ratio: 0.946
[2026-06-17 04:21:36,106][root][INFO] - Epoch [1/5], Batch [272/300], Loss: 1.3692 (Overall: 1.3550, Change: 1.6025), TF Ratio: 0.946
[2026-06-17 04:21:36,261][root][INFO] - Epoch [1/5], Batch [273/300], Loss: 1.3686 (Overall: 0.8098, Change: 1.6023), TF Ratio: 0.945
[2026-06-17 04:21:36,414][root][INFO] - Epoch [1/5], Batch [274/300], Loss: 1.3682 (Overall: 0.9336, Change: 1.6110), TF Ratio: 0.945
[2026-06-17 04:21:36,568][root][INFO] - Epoch [1/5], Batch [275/300], Loss: 1.3670 (Overall: 0.7622, Change: 1.2990), TF Ratio: 0.945
[2026-06-17 04:21:38,563][root][INFO] - Epoch [1/5], Batch [276/300], Loss: 1.3669 (Overall: 0.9063, Change: 1.7730), TF Ratio: 0.945
[2026-06-17 04:21:38,718][root][INFO] - Epoch [1/5], Batch [277/300], Loss: 1.3663 (Overall: 1.1020, Change: 1.3074), TF Ratio: 0.945
[2026-06-17 04:21:38,871][root][INFO] - Epoch [1/5], Batch [278/300], Loss: 1.3661 (Overall: 1.0788, Change: 1.5327), TF Ratio: 0.944
[2026-06-17 04:21:39,024][root][INFO] - Epoch [1/5], Batch [279/300], Loss: 1.3654 (Overall: 0.7921, Change: 1.5486), TF Ratio: 0.944
[2026-06-17 04:21:48,625][root][INFO] - Epoch [1/5], Batch [280/300], Loss: 1.3655 (Overall: 1.2217, Change: 1.5463), TF Ratio: 0.944
[2026-06-17 04:21:48,786][root][INFO] - Epoch [1/5], Batch [281/300], Loss: 1.3654 (Overall: 1.1038, Change: 1.6103), TF Ratio: 0.944
[2026-06-17 04:21:48,940][root][INFO] - Epoch [1/5], Batch [282/300], Loss: 1.3646 (Overall: 0.9389, Change: 1.3099), TF Ratio: 0.944
[2026-06-17 04:21:49,092][root][INFO] - Epoch [1/5], Batch [283/300], Loss: 1.3635 (Overall: 0.6942, Change: 1.4419), TF Ratio: 0.943
[2026-06-17 04:21:49,261][root][INFO] - Epoch [1/5], Batch [284/300], Loss: 1.3626 (Overall: 0.8539, Change: 1.3672), TF Ratio: 0.943
[2026-06-17 04:21:49,415][root][INFO] - Epoch [1/5], Batch [285/300], Loss: 1.3624 (Overall: 1.0168, Change: 1.5672), TF Ratio: 0.943
[2026-06-17 04:21:49,569][root][INFO] - Epoch [1/5], Batch [286/300], Loss: 1.3616 (Overall: 0.9546, Change: 1.3047), TF Ratio: 0.943
[2026-06-17 04:21:49,722][root][INFO] - Epoch [1/5], Batch [287/300], Loss: 1.3617 (Overall: 1.2587, Change: 1.5540), TF Ratio: 0.943
[2026-06-17 04:21:58,122][root][INFO] - Epoch [1/5], Batch [288/300], Loss: 1.3611 (Overall: 0.8840, Change: 1.4512), TF Ratio: 0.942
[2026-06-17 04:21:58,277][root][INFO] - Epoch [1/5], Batch [289/300], Loss: 1.3612 (Overall: 0.8614, Change: 1.9542), TF Ratio: 0.942
[2026-06-17 04:21:58,431][root][INFO] - Epoch [1/5], Batch [290/300], Loss: 1.3607 (Overall: 1.0563, Change: 1.3481), TF Ratio: 0.942
[2026-06-17 04:21:58,584][root][INFO] - Epoch [1/5], Batch [291/300], Loss: 1.3601 (Overall: 0.8981, Change: 1.5100), TF Ratio: 0.942
[2026-06-17 04:22:02,397][root][INFO] - Epoch [1/5], Batch [292/300], Loss: 1.3596 (Overall: 0.9767, Change: 1.4297), TF Ratio: 0.942
[2026-06-17 04:22:02,554][root][INFO] - Epoch [1/5], Batch [293/300], Loss: 1.3591 (Overall: 0.9731, Change: 1.4529), TF Ratio: 0.941
[2026-06-17 04:22:02,707][root][INFO] - Epoch [1/5], Batch [294/300], Loss: 1.3579 (Overall: 0.7859, Change: 1.2057), TF Ratio: 0.941
[2026-06-17 04:22:02,859][root][INFO] - Epoch [1/5], Batch [295/300], Loss: 1.3581 (Overall: 1.1431, Change: 1.6867), TF Ratio: 0.941
[2026-06-17 04:22:03,037][root][INFO] - Epoch [1/5], Batch [296/300], Loss: 1.3580 (Overall: 0.9732, Change: 1.7063), TF Ratio: 0.941
[2026-06-17 04:22:03,203][root][INFO] - Epoch [1/5], Batch [297/300], Loss: 1.3576 (Overall: 0.9549, Change: 1.5430), TF Ratio: 0.941
[2026-06-17 04:22:03,356][root][INFO] - Epoch [1/5], Batch [298/300], Loss: 1.3569 (Overall: 0.6541, Change: 1.6067), TF Ratio: 0.940
[2026-06-17 04:22:03,509][root][INFO] - Epoch [1/5], Batch [299/300], Loss: 1.3570 (Overall: 1.1978, Change: 1.6048), TF Ratio: 0.940
[2026-06-17 04:22:12,264][root][INFO] - Epoch [1/5], Batch [300/300], Loss: 1.3582 (Overall: 1.4424, Change: 1.9760), TF Ratio: 0.940
[2026-06-17 04:22:26,566][root][INFO] - Epoch 1 done. Validating...
[2026-06-17 04:22:58,820][root][INFO] - Epoch [1/5] | Train: 1.3509 | Val: 0.7851
[2026-06-17 04:22:59,109][root][INFO] - Checkpoint saved: /gpfs/scratch/bsc32/bsc096444/ai4land-tfm/trained_models/unet_impl/41825210/best_model.pth
[2026-06-17 04:22:59,315][root][INFO] - Checkpoint saved: /gpfs/scratch/bsc32/bsc096444/ai4land-tfm/trained_models/unet_impl/41825210/model_epoch_1.pth
[2026-06-17 04:23:15,752][root][INFO] - Epoch [2/5], Batch [1/300], Loss: 1.1092 (Overall: 0.6750, Change: 1.5435), TF Ratio: 0.940
[2026-06-17 04:23:15,928][root][INFO] - Epoch [2/5], Batch [2/300], Loss: 1.2286 (Overall: 1.0353, Change: 1.6608), TF Ratio: 0.940
[2026-06-17 04:23:16,777][root][INFO] - Epoch [2/5], Batch [3/300], Loss: 1.2326 (Overall: 1.1507, Change: 1.3303), TF Ratio: 0.939
[2026-06-17 04:23:16,944][root][INFO] - Epoch [2/5], Batch [4/300], Loss: 1.2481 (Overall: 0.8539, Change: 1.7351), TF Ratio: 0.939
[2026-06-17 04:23:17,152][root][INFO] - Epoch [2/5], Batch [5/300], Loss: 1.2151 (Overall: 0.7256, Change: 1.4405), TF Ratio: 0.939
[2026-06-17 04:23:17,306][root][INFO] - Epoch [2/5], Batch [6/300], Loss: 1.2083 (Overall: 1.1054, Change: 1.2431), TF Ratio: 0.939
[2026-06-17 04:23:17,460][root][INFO] - Epoch [2/5], Batch [7/300], Loss: 1.2380 (Overall: 1.3184, Change: 1.5150), TF Ratio: 0.939
[2026-06-17 04:23:17,625][root][INFO] - Epoch [2/5], Batch [8/300], Loss: 1.2199 (Overall: 0.9528, Change: 1.2324), TF Ratio: 0.938
[2026-06-17 04:23:17,778][root][INFO] - Epoch [2/5], Batch [9/300], Loss: 1.1984 (Overall: 0.8312, Change: 1.2225), TF Ratio: 0.938
[2026-06-17 04:23:17,932][root][INFO] - Epoch [2/5], Batch [10/300], Loss: 1.2040 (Overall: 1.0055, Change: 1.5025), TF Ratio: 0.938
[2026-06-17 04:23:18,085][root][INFO] - Epoch [2/5], Batch [11/300], Loss: 1.1992 (Overall: 0.8830, Change: 1.4206), TF Ratio: 0.938
[2026-06-17 04:23:30,424][root][INFO] - Epoch [2/5], Batch [12/300], Loss: 1.2037 (Overall: 0.9538, Change: 1.5513), TF Ratio: 0.938
[2026-06-17 04:23:30,579][root][INFO] - Epoch [2/5], Batch [13/300], Loss: 1.1959 (Overall: 0.8271, Change: 1.3790), TF Ratio: 0.937
[2026-06-17 04:23:30,732][root][INFO] - Epoch [2/5], Batch [14/300], Loss: 1.1845 (Overall: 0.7697, Change: 1.3030), TF Ratio: 0.937
[2026-06-17 04:23:31,337][root][INFO] - Epoch [2/5], Batch [15/300], Loss: 1.1831 (Overall: 1.0607, Change: 1.2637), TF Ratio: 0.937
[2026-06-17 04:23:33,103][root][INFO] - Epoch [2/5], Batch [16/300], Loss: 1.1743 (Overall: 0.7882, Change: 1.2987), TF Ratio: 0.937
[2026-06-17 04:23:33,259][root][INFO] - Epoch [2/5], Batch [17/300], Loss: 1.1839 (Overall: 1.0615, Change: 1.6140), TF Ratio: 0.937
[2026-06-17 04:23:33,412][root][INFO] - Epoch [2/5], Batch [18/300], Loss: 1.1843 (Overall: 1.0016, Change: 1.3774), TF Ratio: 0.936
[2026-06-17 04:23:33,565][root][INFO] - Epoch [2/5], Batch [19/300], Loss: 1.1766 (Overall: 1.0767, Change: 1.0021), TF Ratio: 0.936
[2026-06-17 04:23:33,737][root][INFO] - Epoch [2/5], Batch [20/300], Loss: 1.1618 (Overall: 0.8294, Change: 0.9294), TF Ratio: 0.936
[2026-06-17 04:23:33,890][root][INFO] - Epoch [2/5], Batch [21/300], Loss: 1.1525 (Overall: 0.9374, Change: 0.9980), TF Ratio: 0.936
[2026-06-17 04:23:34,043][root][INFO] - Epoch [2/5], Batch [22/300], Loss: 1.1590 (Overall: 1.1067, Change: 1.4829), TF Ratio: 0.936
[2026-06-17 04:23:34,196][root][INFO] - Epoch [2/5], Batch [23/300], Loss: 1.1566 (Overall: 0.8556, Change: 1.3529), TF Ratio: 0.935
[2026-06-17 04:23:44,500][root][INFO] - Epoch [2/5], Batch [24/300], Loss: 1.1462 (Overall: 0.6614, Change: 1.1516), TF Ratio: 0.935
[2026-06-17 04:23:44,655][root][INFO] - Epoch [2/5], Batch [25/300], Loss: 1.1491 (Overall: 0.9447, Change: 1.4935), TF Ratio: 0.935
[2026-06-17 04:23:44,813][root][INFO] - Epoch [2/5], Batch [26/300], Loss: 1.1504 (Overall: 0.8661, Change: 1.4971), TF Ratio: 0.935
[2026-06-17 04:23:46,222][root][INFO] - Epoch [2/5], Batch [27/300], Loss: 1.1481 (Overall: 0.7219, Change: 1.4564), TF Ratio: 0.935
[2026-06-17 04:23:47,168][root][INFO] - Epoch [2/5], Batch [28/300], Loss: 1.1452 (Overall: 0.6206, Change: 1.5115), TF Ratio: 0.934
[2026-06-17 04:23:47,322][root][INFO] - Epoch [2/5], Batch [29/300], Loss: 1.1473 (Overall: 0.9279, Change: 1.4837), TF Ratio: 0.934
[2026-06-17 04:23:47,475][root][INFO] - Epoch [2/5], Batch [30/300], Loss: 1.1439 (Overall: 0.5932, Change: 1.5019), TF Ratio: 0.934
[2026-06-17 04:23:47,629][root][INFO] - Epoch [2/5], Batch [31/300], Loss: 1.1418 (Overall: 0.6529, Change: 1.5007), TF Ratio: 0.934
[2026-06-17 04:23:47,798][root][INFO] - Epoch [2/5], Batch [32/300], Loss: 1.1456 (Overall: 0.9437, Change: 1.5881), TF Ratio: 0.934
[2026-06-17 04:23:47,952][root][INFO] - Epoch [2/5], Batch [33/300], Loss: 1.1457 (Overall: 0.8599, Change: 1.4383), TF Ratio: 0.933
[2026-06-17 04:23:48,106][root][INFO] - Epoch [2/5], Batch [34/300], Loss: 1.1383 (Overall: 0.6445, Change: 1.1414), TF Ratio: 0.933
[2026-06-17 04:23:48,259][root][INFO] - Epoch [2/5], Batch [35/300], Loss: 1.1378 (Overall: 0.7945, Change: 1.4454), TF Ratio: 0.933
[2026-06-17 04:23:58,508][root][INFO] - Epoch [2/5], Batch [36/300], Loss: 1.1397 (Overall: 0.8466, Change: 1.5672), TF Ratio: 0.933
[2026-06-17 04:23:58,663][root][INFO] - Epoch [2/5], Batch [37/300], Loss: 1.1394 (Overall: 1.0094, Change: 1.2484), TF Ratio: 0.933
[2026-06-17 04:23:58,817][root][INFO] - Epoch [2/5], Batch [38/300], Loss: 1.1353 (Overall: 0.7509, Change: 1.2165), TF Ratio: 0.932
[2026-06-17 04:24:00,695][root][INFO] - Epoch [2/5], Batch [39/300], Loss: 1.1355 (Overall: 0.7273, Change: 1.5607), TF Ratio: 0.932
[2026-06-17 04:24:00,865][root][INFO] - Epoch [2/5], Batch [40/300], Loss: 1.1372 (Overall: 0.8052, Change: 1.5977), TF Ratio: 0.932
[2026-06-17 04:24:01,019][root][INFO] - Epoch [2/5], Batch [41/300], Loss: 1.1378 (Overall: 0.7444, Change: 1.5772), TF Ratio: 0.932
[2026-06-17 04:24:01,173][root][INFO] - Epoch [2/5], Batch [42/300], Loss: 1.1502 (Overall: 1.4311, Change: 1.8866), TF Ratio: 0.932
[2026-06-17 04:24:01,327][root][INFO] - Epoch [2/5], Batch [43/300], Loss: 1.1495 (Overall: 0.9224, Change: 1.3176), TF Ratio: 0.931
[2026-06-17 04:24:01,496][root][INFO] - Epoch [2/5], Batch [44/300], Loss: 1.1474 (Overall: 0.8202, Change: 1.2967), TF Ratio: 0.931
[2026-06-17 04:24:01,937][root][INFO] - Epoch [2/5], Batch [45/300], Loss: 1.1411 (Overall: 0.6447, Change: 1.0861), TF Ratio: 0.931
[2026-06-17 04:24:02,090][root][INFO] - Epoch [2/5], Batch [46/300], Loss: 1.1400 (Overall: 0.7915, Change: 1.3865), TF Ratio: 0.931
[2026-06-17 04:24:02,244][root][INFO] - Epoch [2/5], Batch [47/300], Loss: 1.1409 (Overall: 0.9973, Change: 1.3629), TF Ratio: 0.931
[2026-06-17 04:24:13,072][root][INFO] - Epoch [2/5], Batch [48/300], Loss: 1.1398 (Overall: 0.7185, Change: 1.4581), TF Ratio: 0.930
[2026-06-17 04:24:13,227][root][INFO] - Epoch [2/5], Batch [49/300], Loss: 1.1405 (Overall: 0.9000, Change: 1.4523), TF Ratio: 0.930
[2026-06-17 04:24:13,380][root][INFO] - Epoch [2/5], Batch [50/300], Loss: 1.1417 (Overall: 1.0828, Change: 1.3228), TF Ratio: 0.930
[2026-06-17 04:24:15,389][root][INFO] - Epoch [2/5], Batch [51/300], Loss: 1.1431 (Overall: 0.9394, Change: 1.4827), TF Ratio: 0.930
[2026-06-17 04:24:15,563][root][INFO] - Epoch [2/5], Batch [52/300], Loss: 1.1418 (Overall: 1.0817, Change: 1.0692), TF Ratio: 0.930
[2026-06-17 04:24:15,718][root][INFO] - Epoch [2/5], Batch [53/300], Loss: 1.1423 (Overall: 0.7679, Change: 1.5643), TF Ratio: 0.929
[2026-06-17 04:24:15,872][root][INFO] - Epoch [2/5], Batch [54/300], Loss: 1.1436 (Overall: 0.9645, Change: 1.4593), TF Ratio: 0.929
[2026-06-17 04:24:16,024][root][INFO] - Epoch [2/5], Batch [55/300], Loss: 1.1471 (Overall: 1.0521, Change: 1.6240), TF Ratio: 0.929
[2026-06-17 04:24:16,197][root][INFO] - Epoch [2/5], Batch [56/300], Loss: 1.1450 (Overall: 0.8355, Change: 1.2227), TF Ratio: 0.929
[2026-06-17 04:24:19,175][root][INFO] - Epoch [2/5], Batch [57/300], Loss: 1.1496 (Overall: 1.2613, Change: 1.5599), TF Ratio: 0.929
[2026-06-17 04:24:19,329][root][INFO] - Epoch [2/5], Batch [58/300], Loss: 1.1527 (Overall: 0.8464, Change: 1.8103), TF Ratio: 0.928
[2026-06-17 04:24:19,483][root][INFO] - Epoch [2/5], Batch [59/300], Loss: 1.1543 (Overall: 1.1829, Change: 1.3041), TF Ratio: 0.928
[2026-06-17 04:24:26,188][root][INFO] - Epoch [2/5], Batch [60/300], Loss: 1.1568 (Overall: 0.9481, Change: 1.6682), TF Ratio: 0.928
[2026-06-17 04:24:26,343][root][INFO] - Epoch [2/5], Batch [61/300], Loss: 1.1600 (Overall: 1.1479, Change: 1.5560), TF Ratio: 0.928
[2026-06-17 04:24:26,498][root][INFO] - Epoch [2/5], Batch [62/300], Loss: 1.1584 (Overall: 0.7045, Change: 1.4146), TF Ratio: 0.928
[2026-06-17 04:24:28,636][root][INFO] - Epoch [2/5], Batch [63/300], Loss: 1.1576 (Overall: 0.8907, Change: 1.3285), TF Ratio: 0.927
[2026-06-17 04:24:28,805][root][INFO] - Epoch [2/5], Batch [64/300], Loss: 1.1568 (Overall: 0.7177, Change: 1.4876), TF Ratio: 0.927
[2026-06-17 04:24:28,959][root][INFO] - Epoch [2/5], Batch [65/300], Loss: 1.1560 (Overall: 0.6813, Change: 1.5343), TF Ratio: 0.927
[2026-06-17 04:24:29,112][root][INFO] - Epoch [2/5], Batch [66/300], Loss: 1.1582 (Overall: 1.0631, Change: 1.5364), TF Ratio: 0.927
[2026-06-17 04:24:29,264][root][INFO] - Epoch [2/5], Batch [67/300], Loss: 1.1579 (Overall: 0.6593, Change: 1.6143), TF Ratio: 0.927
[2026-06-17 04:24:29,433][root][INFO] - Epoch [2/5], Batch [68/300], Loss: 1.1538 (Overall: 0.4991, Change: 1.2590), TF Ratio: 0.926
[2026-06-17 04:24:33,373][root][INFO] - Epoch [2/5], Batch [69/300], Loss: 1.1539 (Overall: 0.9009, Change: 1.4238), TF Ratio: 0.926
[2026-06-17 04:24:33,527][root][INFO] - Epoch [2/5], Batch [70/300], Loss: 1.1529 (Overall: 0.5650, Change: 1.6023), TF Ratio: 0.926
[2026-06-17 04:24:33,685][root][INFO] - Epoch [2/5], Batch [71/300], Loss: 1.1535 (Overall: 0.7954, Change: 1.6000), TF Ratio: 0.926
[2026-06-17 04:24:40,948][root][INFO] - Epoch [2/5], Batch [72/300], Loss: 1.1543 (Overall: 0.9923, Change: 1.4267), TF Ratio: 0.926
[2026-06-17 04:24:41,105][root][INFO] - Epoch [2/5], Batch [73/300], Loss: 1.1533 (Overall: 0.5441, Change: 1.6191), TF Ratio: 0.925
[2026-06-17 04:24:41,258][root][INFO] - Epoch [2/5], Batch [74/300], Loss: 1.1513 (Overall: 0.5823, Change: 1.4306), TF Ratio: 0.925
[2026-06-17 04:24:46,085][root][INFO] - Epoch [2/5], Batch [75/300], Loss: 1.1532 (Overall: 0.9939, Change: 1.5945), TF Ratio: 0.925
[2026-06-17 04:24:46,254][root][INFO] - Epoch [2/5], Batch [76/300], Loss: 1.1517 (Overall: 0.7910, Change: 1.2903), TF Ratio: 0.925
[2026-06-17 04:24:46,408][root][INFO] - Epoch [2/5], Batch [77/300], Loss: 1.1504 (Overall: 0.9286, Change: 1.1723), TF Ratio: 0.925
[2026-06-17 04:24:46,561][root][INFO] - Epoch [2/5], Batch [78/300], Loss: 1.1500 (Overall: 0.7667, Change: 1.4711), TF Ratio: 0.924
[2026-06-17 04:24:46,715][root][INFO] - Epoch [2/5], Batch [79/300], Loss: 1.1462 (Overall: 0.6599, Change: 1.0317), TF Ratio: 0.924
[2026-06-17 04:24:47,480][root][INFO] - Epoch [2/5], Batch [80/300], Loss: 1.1425 (Overall: 0.6888, Change: 1.0191), TF Ratio: 0.924
[2026-06-17 04:24:49,131][root][INFO] - Epoch [2/5], Batch [81/300], Loss: 1.1428 (Overall: 0.8335, Change: 1.5035), TF Ratio: 0.924
[2026-06-17 04:24:49,284][root][INFO] - Epoch [2/5], Batch [82/300], Loss: 1.1430 (Overall: 0.7087, Change: 1.6070), TF Ratio: 0.924
[2026-06-17 04:24:49,437][root][INFO] - Epoch [2/5], Batch [83/300], Loss: 1.1426 (Overall: 0.6543, Change: 1.5684), TF Ratio: 0.923
[2026-06-17 04:24:54,628][root][INFO] - Epoch [2/5], Batch [84/300], Loss: 1.1432 (Overall: 0.8518, Change: 1.5193), TF Ratio: 0.923
[2026-06-17 04:24:54,785][root][INFO] - Epoch [2/5], Batch [85/300], Loss: 1.1434 (Overall: 0.8831, Change: 1.4447), TF Ratio: 0.923
[2026-06-17 04:24:54,938][root][INFO] - Epoch [2/5], Batch [86/300], Loss: 1.1450 (Overall: 1.2065, Change: 1.3544), TF Ratio: 0.923
[2026-06-17 04:24:58,751][root][INFO] - Epoch [2/5], Batch [87/300], Loss: 1.1460 (Overall: 0.9200, Change: 1.5537), TF Ratio: 0.923
[2026-06-17 04:24:58,918][root][INFO] - Epoch [2/5], Batch [88/300], Loss: 1.1450 (Overall: 0.7274, Change: 1.3758), TF Ratio: 0.922
[2026-06-17 04:24:59,071][root][INFO] - Epoch [2/5], Batch [89/300], Loss: 1.1453 (Overall: 0.7979, Change: 1.5487), TF Ratio: 0.922
[2026-06-17 04:24:59,225][root][INFO] - Epoch [2/5], Batch [90/300], Loss: 1.1452 (Overall: 0.8783, Change: 1.3884), TF Ratio: 0.922
[2026-06-17 04:24:59,378][root][INFO] - Epoch [2/5], Batch [91/300], Loss: 1.1477 (Overall: 0.9400, Change: 1.8126), TF Ratio: 0.922
[2026-06-17 04:25:00,809][root][INFO] - Epoch [2/5], Batch [92/300], Loss: 1.1452 (Overall: 0.7893, Change: 1.0506), TF Ratio: 0.922
[2026-06-17 04:25:03,265][root][INFO] - Epoch [2/5], Batch [93/300], Loss: 1.1418 (Overall: 0.6097, Change: 1.0513), TF Ratio: 0.921
[2026-06-17 04:25:03,419][root][INFO] - Epoch [2/5], Batch [94/300], Loss: 1.1410 (Overall: 0.6878, Change: 1.4464), TF Ratio: 0.921
[2026-06-17 04:25:03,573][root][INFO] - Epoch [2/5], Batch [95/300], Loss: 1.1402 (Overall: 0.8619, Change: 1.2672), TF Ratio: 0.921
[2026-06-17 04:25:08,104][root][INFO] - Epoch [2/5], Batch [96/300], Loss: 1.1418 (Overall: 0.6936, Change: 1.8813), TF Ratio: 0.921
[2026-06-17 04:25:08,262][root][INFO] - Epoch [2/5], Batch [97/300], Loss: 1.1439 (Overall: 1.3025, Change: 1.3929), TF Ratio: 0.921
[2026-06-17 04:25:08,430][root][INFO] - Epoch [2/5], Batch [98/300], Loss: 1.1408 (Overall: 0.7128, Change: 0.9757), TF Ratio: 0.920
[2026-06-17 04:25:14,521][root][INFO] - Epoch [2/5], Batch [99/300], Loss: 1.1405 (Overall: 0.8061, Change: 1.4074), TF Ratio: 0.920
[2026-06-17 04:25:14,693][root][INFO] - Epoch [2/5], Batch [100/300], Loss: 1.1414 (Overall: 0.9174, Change: 1.5531), TF Ratio: 0.920
[2026-06-17 04:25:14,847][root][INFO] - Epoch [2/5], Batch [101/300], Loss: 1.1430 (Overall: 0.7775, Change: 1.8296), TF Ratio: 0.920
[2026-06-17 04:25:15,001][root][INFO] - Epoch [2/5], Batch [102/300], Loss: 1.1441 (Overall: 0.9524, Change: 1.5521), TF Ratio: 0.920
[2026-06-17 04:25:15,155][root][INFO] - Epoch [2/5], Batch [103/300], Loss: 1.1437 (Overall: 0.8753, Change: 1.3349), TF Ratio: 0.919
[2026-06-17 04:25:16,527][root][INFO] - Epoch [2/5], Batch [104/300], Loss: 1.1435 (Overall: 0.7924, Change: 1.4517), TF Ratio: 0.919
[2026-06-17 04:25:18,763][root][INFO] - Epoch [2/5], Batch [105/300], Loss: 1.1417 (Overall: 0.7007, Change: 1.2068), TF Ratio: 0.919
[2026-06-17 04:25:18,917][root][INFO] - Epoch [2/5], Batch [106/300], Loss: 1.1419 (Overall: 0.6345, Change: 1.6874), TF Ratio: 0.919
[2026-06-17 04:25:19,070][root][INFO] - Epoch [2/5], Batch [107/300], Loss: 1.1433 (Overall: 0.8857, Change: 1.7061), TF Ratio: 0.919
[2026-06-17 04:25:22,020][root][INFO] - Epoch [2/5], Batch [108/300], Loss: 1.1430 (Overall: 0.7245, Change: 1.4921), TF Ratio: 0.918
[2026-06-17 04:25:22,176][root][INFO] - Epoch [2/5], Batch [109/300], Loss: 1.1441 (Overall: 0.9983, Change: 1.5338), TF Ratio: 0.918
[2026-06-17 04:25:22,330][root][INFO] - Epoch [2/5], Batch [110/300], Loss: 1.1424 (Overall: 0.6843, Change: 1.2089), TF Ratio: 0.918
[2026-06-17 04:25:27,544][root][INFO] - Epoch [2/5], Batch [111/300], Loss: 1.1408 (Overall: 0.7767, Change: 1.1603), TF Ratio: 0.918
[2026-06-17 04:25:27,712][root][INFO] - Epoch [2/5], Batch [112/300], Loss: 1.1399 (Overall: 0.8403, Change: 1.2382), TF Ratio: 0.918
[2026-06-17 04:25:27,867][root][INFO] - Epoch [2/5], Batch [113/300], Loss: 1.1398 (Overall: 0.6335, Change: 1.6306), TF Ratio: 0.917
[2026-06-17 04:25:28,021][root][INFO] - Epoch [2/5], Batch [114/300], Loss: 1.1393 (Overall: 0.7398, Change: 1.4342), TF Ratio: 0.917
[2026-06-17 04:25:28,174][root][INFO] - Epoch [2/5], Batch [115/300], Loss: 1.1408 (Overall: 1.1450, Change: 1.4635), TF Ratio: 0.917
[2026-06-17 04:25:31,401][root][INFO] - Epoch [2/5], Batch [116/300], Loss: 1.1408 (Overall: 0.8108, Change: 1.4856), TF Ratio: 0.917
[2026-06-17 04:25:32,556][root][INFO] - Epoch [2/5], Batch [117/300], Loss: 1.1425 (Overall: 1.0733, Change: 1.6002), TF Ratio: 0.917
[2026-06-17 04:25:32,709][root][INFO] - Epoch [2/5], Batch [118/300], Loss: 1.1433 (Overall: 1.0309, Change: 1.4456), TF Ratio: 0.916
[2026-06-17 04:25:32,864][root][INFO] - Epoch [2/5], Batch [119/300], Loss: 1.1411 (Overall: 0.5566, Change: 1.1943), TF Ratio: 0.916
[2026-06-17 04:25:35,085][root][INFO] - Epoch [2/5], Batch [120/300], Loss: 1.1409 (Overall: 0.9565, Change: 1.2752), TF Ratio: 0.916
[2026-06-17 04:25:35,240][root][INFO] - Epoch [2/5], Batch [121/300], Loss: 1.1407 (Overall: 0.6592, Change: 1.5872), TF Ratio: 0.916
[2026-06-17 04:25:35,394][root][INFO] - Epoch [2/5], Batch [122/300], Loss: 1.1400 (Overall: 1.0288, Change: 1.0780), TF Ratio: 0.916
[2026-06-17 04:25:43,287][root][INFO] - Epoch [2/5], Batch [123/300], Loss: 1.1378 (Overall: 0.7165, Change: 1.0120), TF Ratio: 0.915
[2026-06-17 04:25:43,455][root][INFO] - Epoch [2/5], Batch [124/300], Loss: 1.1374 (Overall: 0.7500, Change: 1.4421), TF Ratio: 0.915
[2026-06-17 04:25:43,609][root][INFO] - Epoch [2/5], Batch [125/300], Loss: 1.1377 (Overall: 0.8200, Change: 1.5230), TF Ratio: 0.915
[2026-06-17 04:25:43,764][root][INFO] - Epoch [2/5], Batch [126/300], Loss: 1.1377 (Overall: 0.6561, Change: 1.6196), TF Ratio: 0.915
[2026-06-17 04:25:43,917][root][INFO] - Epoch [2/5], Batch [127/300], Loss: 1.1343 (Overall: 0.5683, Change: 0.8547), TF Ratio: 0.915
[2026-06-17 04:25:46,762][root][INFO] - Epoch [2/5], Batch [128/300], Loss: 1.1334 (Overall: 0.7706, Change: 1.2674), TF Ratio: 0.914
[2026-06-17 04:25:51,420][root][INFO] - Epoch [2/5], Batch [129/300], Loss: 1.1317 (Overall: 0.6252, Change: 1.2005), TF Ratio: 0.914
[2026-06-17 04:25:51,574][root][INFO] - Epoch [2/5], Batch [130/300], Loss: 1.1289 (Overall: 0.6073, Change: 0.9122), TF Ratio: 0.914
[2026-06-17 04:25:51,727][root][INFO] - Epoch [2/5], Batch [131/300], Loss: 1.1280 (Overall: 0.7194, Change: 1.2970), TF Ratio: 0.914
[2026-06-17 04:25:52,500][root][INFO] - Epoch [2/5], Batch [132/300], Loss: 1.1281 (Overall: 0.8197, Change: 1.4773), TF Ratio: 0.914
[2026-06-17 04:25:52,655][root][INFO] - Epoch [2/5], Batch [133/300], Loss: 1.1279 (Overall: 0.7393, Change: 1.4605), TF Ratio: 0.913
[2026-06-17 04:25:52,809][root][INFO] - Epoch [2/5], Batch [134/300], Loss: 1.1287 (Overall: 1.1410, Change: 1.3301), TF Ratio: 0.913
[2026-06-17 04:25:58,845][root][INFO] - Epoch [2/5], Batch [135/300], Loss: 1.1278 (Overall: 0.6481, Change: 1.3763), TF Ratio: 0.913
[2026-06-17 04:25:59,020][root][INFO] - Epoch [2/5], Batch [136/300], Loss: 1.1290 (Overall: 0.8919, Change: 1.6854), TF Ratio: 0.913
[2026-06-17 04:25:59,177][root][INFO] - Epoch [2/5], Batch [137/300], Loss: 1.1297 (Overall: 1.2006, Change: 1.2467), TF Ratio: 0.913
[2026-06-17 04:25:59,330][root][INFO] - Epoch [2/5], Batch [138/300], Loss: 1.1324 (Overall: 1.1898, Change: 1.8132), TF Ratio: 0.912
[2026-06-17 04:25:59,484][root][INFO] - Epoch [2/5], Batch [139/300], Loss: 1.1331 (Overall: 0.9230, Change: 1.5439), TF Ratio: 0.912
[2026-06-17 04:26:02,437][root][INFO] - Epoch [2/5], Batch [140/300], Loss: 1.1327 (Overall: 0.6777, Change: 1.4645), TF Ratio: 0.912
[2026-06-17 04:26:05,762][root][INFO] - Epoch [2/5], Batch [141/300], Loss: 1.1325 (Overall: 0.8403, Change: 1.3840), TF Ratio: 0.912
[2026-06-17 04:26:05,916][root][INFO] - Epoch [2/5], Batch [142/300], Loss: 1.1332 (Overall: 0.8786, Change: 1.5788), TF Ratio: 0.912
[2026-06-17 04:26:06,069][root][INFO] - Epoch [2/5], Batch [143/300], Loss: 1.1337 (Overall: 1.1160, Change: 1.3020), TF Ratio: 0.911
[2026-06-17 04:26:07,147][root][INFO] - Epoch [2/5], Batch [144/300], Loss: 1.1332 (Overall: 0.6481, Change: 1.4586), TF Ratio: 0.911
[2026-06-17 04:26:07,301][root][INFO] - Epoch [2/5], Batch [145/300], Loss: 1.1317 (Overall: 0.6526, Change: 1.1689), TF Ratio: 0.911
[2026-06-17 04:26:07,454][root][INFO] - Epoch [2/5], Batch [146/300], Loss: 1.1303 (Overall: 0.5842, Change: 1.2863), TF Ratio: 0.911
[2026-06-17 04:26:11,218][root][INFO] - Epoch [2/5], Batch [147/300], Loss: 1.1287 (Overall: 0.5448, Change: 1.2282), TF Ratio: 0.911
[2026-06-17 04:26:11,388][root][INFO] - Epoch [2/5], Batch [148/300], Loss: 1.1283 (Overall: 0.8823, Change: 1.2660), TF Ratio: 0.910
[2026-06-17 04:26:11,543][root][INFO] - Epoch [2/5], Batch [149/300], Loss: 1.1280 (Overall: 0.8815, Change: 1.3037), TF Ratio: 0.910
[2026-06-17 04:26:11,696][root][INFO] - Epoch [2/5], Batch [150/300], Loss: 1.1285 (Overall: 0.9605, Change: 1.4260), TF Ratio: 0.910
[2026-06-17 04:26:11,905][root][INFO] - Epoch [2/5], Batch [151/300], Loss: 1.1280 (Overall: 0.7700, Change: 1.3411), TF Ratio: 0.910
[2026-06-17 04:26:16,765][root][INFO] - Epoch [2/5], Batch [152/300], Loss: 1.1258 (Overall: 0.5734, Change: 1.0181), TF Ratio: 0.910
[2026-06-17 04:26:23,517][root][INFO] - Epoch [2/5], Batch [153/300], Loss: 1.1260 (Overall: 0.8480, Change: 1.4628), TF Ratio: 0.909
[2026-06-17 04:26:23,670][root][INFO] - Epoch [2/5], Batch [154/300], Loss: 1.1248 (Overall: 0.7079, Change: 1.1799), TF Ratio: 0.909
[2026-06-17 04:26:23,823][root][INFO] - Epoch [2/5], Batch [155/300], Loss: 1.1241 (Overall: 0.7520, Change: 1.2634), TF Ratio: 0.909
[2026-06-17 04:26:27,225][root][INFO] - Epoch [2/5], Batch [156/300], Loss: 1.1234 (Overall: 0.5897, Change: 1.4489), TF Ratio: 0.909
[2026-06-17 04:26:27,380][root][INFO] - Epoch [2/5], Batch [157/300], Loss: 1.1237 (Overall: 0.6777, Change: 1.6494), TF Ratio: 0.909
[2026-06-17 04:26:27,533][root][INFO] - Epoch [2/5], Batch [158/300], Loss: 1.1224 (Overall: 0.6963, Change: 1.1702), TF Ratio: 0.908
[2026-06-17 04:26:27,686][root][INFO] - Epoch [2/5], Batch [159/300], Loss: 1.1228 (Overall: 0.8068, Change: 1.5451), TF Ratio: 0.908
[2026-06-17 04:26:27,859][root][INFO] - Epoch [2/5], Batch [160/300], Loss: 1.1230 (Overall: 0.8551, Change: 1.4496), TF Ratio: 0.908
[2026-06-17 04:26:28,013][root][INFO] - Epoch [2/5], Batch [161/300], Loss: 1.1231 (Overall: 0.7596, Change: 1.5174), TF Ratio: 0.908
[2026-06-17 04:26:28,167][root][INFO] - Epoch [2/5], Batch [162/300], Loss: 1.1217 (Overall: 0.5743, Change: 1.2180), TF Ratio: 0.908
[2026-06-17 04:26:28,331][root][INFO] - Epoch [2/5], Batch [163/300], Loss: 1.1217 (Overall: 0.5846, Change: 1.6696), TF Ratio: 0.907
[2026-06-17 04:26:30,076][root][INFO] - Epoch [2/5], Batch [164/300], Loss: 1.1224 (Overall: 0.6723, Change: 1.7989), TF Ratio: 0.907
[2026-06-17 04:26:41,912][root][INFO] - Epoch [2/5], Batch [165/300], Loss: 1.1225 (Overall: 0.8286, Change: 1.4395), TF Ratio: 0.907
[2026-06-17 04:26:42,065][root][INFO] - Epoch [2/5], Batch [166/300], Loss: 1.1221 (Overall: 0.8478, Change: 1.2857), TF Ratio: 0.907
[2026-06-17 04:26:42,218][root][INFO] - Epoch [2/5], Batch [167/300], Loss: 1.1227 (Overall: 0.9740, Change: 1.4667), TF Ratio: 0.907
[2026-06-17 04:26:42,393][root][INFO] - Epoch [2/5], Batch [168/300], Loss: 1.1226 (Overall: 0.6961, Change: 1.4971), TF Ratio: 0.906
[2026-06-17 04:26:42,547][root][INFO] - Epoch [2/5], Batch [169/300], Loss: 1.1223 (Overall: 0.8812, Change: 1.2767), TF Ratio: 0.906
[2026-06-17 04:26:42,702][root][INFO] - Epoch [2/5], Batch [170/300], Loss: 1.1234 (Overall: 1.0269, Change: 1.5810), TF Ratio: 0.906
[2026-06-17 04:26:42,856][root][INFO] - Epoch [2/5], Batch [171/300], Loss: 1.1216 (Overall: 0.5831, Change: 1.0636), TF Ratio: 0.906
[2026-06-17 04:26:43,030][root][INFO] - Epoch [2/5], Batch [172/300], Loss: 1.1211 (Overall: 0.9050, Change: 1.1540), TF Ratio: 0.906
[2026-06-17 04:26:43,185][root][INFO] - Epoch [2/5], Batch [173/300], Loss: 1.1210 (Overall: 1.1846, Change: 1.0468), TF Ratio: 0.905
[2026-06-17 04:26:43,339][root][INFO] - Epoch [2/5], Batch [174/300], Loss: 1.1219 (Overall: 0.8389, Change: 1.6948), TF Ratio: 0.905
[2026-06-17 04:26:43,492][root][INFO] - Epoch [2/5], Batch [175/300], Loss: 1.1214 (Overall: 0.7149, Change: 1.3605), TF Ratio: 0.905
[2026-06-17 04:26:44,485][root][INFO] - Epoch [2/5], Batch [176/300], Loss: 1.1205 (Overall: 0.7393, Change: 1.1988), TF Ratio: 0.905
[2026-06-17 04:26:56,207][root][INFO] - Epoch [2/5], Batch [177/300], Loss: 1.1209 (Overall: 0.8977, Change: 1.4783), TF Ratio: 0.905
[2026-06-17 04:26:56,361][root][INFO] - Epoch [2/5], Batch [178/300], Loss: 1.1196 (Overall: 0.7067, Change: 1.0817), TF Ratio: 0.904
[2026-06-17 04:26:56,524][root][INFO] - Epoch [2/5], Batch [179/300], Loss: 1.1179 (Overall: 0.7237, Change: 0.8764), TF Ratio: 0.904
[2026-06-17 04:26:56,692][root][INFO] - Epoch [2/5], Batch [180/300], Loss: 1.1170 (Overall: 0.9703, Change: 0.9532), TF Ratio: 0.904
[2026-06-17 04:26:56,857][root][INFO] - Epoch [2/5], Batch [181/300], Loss: 1.1162 (Overall: 0.6659, Change: 1.2966), TF Ratio: 0.904
[2026-06-17 04:26:57,013][root][INFO] - Epoch [2/5], Batch [182/300], Loss: 1.1155 (Overall: 0.6550, Change: 1.3151), TF Ratio: 0.904
[2026-06-17 04:26:57,166][root][INFO] - Epoch [2/5], Batch [183/300], Loss: 1.1153 (Overall: 0.8489, Change: 1.3030), TF Ratio: 0.903
[2026-06-17 04:26:57,335][root][INFO] - Epoch [2/5], Batch [184/300], Loss: 1.1153 (Overall: 0.8076, Change: 1.4244), TF Ratio: 0.903
[2026-06-17 04:26:57,490][root][INFO] - Epoch [2/5], Batch [185/300], Loss: 1.1143 (Overall: 0.5730, Change: 1.2668), TF Ratio: 0.903
[2026-06-17 04:26:57,644][root][INFO] - Epoch [2/5], Batch [186/300], Loss: 1.1130 (Overall: 0.7328, Change: 1.0442), TF Ratio: 0.903
[2026-06-17 04:26:57,798][root][INFO] - Epoch [2/5], Batch [187/300], Loss: 1.1133 (Overall: 0.7620, Change: 1.5525), TF Ratio: 0.903
[2026-06-17 04:26:58,520][root][INFO] - Epoch [2/5], Batch [188/300], Loss: 1.1124 (Overall: 0.7053, Change: 1.1895), TF Ratio: 0.902
[2026-06-17 04:27:10,477][root][INFO] - Epoch [2/5], Batch [189/300], Loss: 1.1120 (Overall: 0.5904, Change: 1.4810), TF Ratio: 0.902
[2026-06-17 04:27:10,631][root][INFO] - Epoch [2/5], Batch [190/300], Loss: 1.1124 (Overall: 0.6546, Change: 1.7110), TF Ratio: 0.902
[2026-06-17 04:27:10,784][root][INFO] - Epoch [2/5], Batch [191/300], Loss: 1.1124 (Overall: 0.8477, Change: 1.3772), TF Ratio: 0.902
[2026-06-17 04:27:10,955][root][INFO] - Epoch [2/5], Batch [192/300], Loss: 1.1135 (Overall: 0.9789, Change: 1.7020), TF Ratio: 0.902
[2026-06-17 04:27:11,109][root][INFO] - Epoch [2/5], Batch [193/300], Loss: 1.1151 (Overall: 1.3735, Change: 1.4533), TF Ratio: 0.901
[2026-06-17 04:27:11,263][root][INFO] - Epoch [2/5], Batch [194/300], Loss: 1.1166 (Overall: 1.0050, Change: 1.7999), TF Ratio: 0.901
[2026-06-17 04:27:11,416][root][INFO] - Epoch [2/5], Batch [195/300], Loss: 1.1162 (Overall: 0.7658, Change: 1.3115), TF Ratio: 0.901
[2026-06-17 04:27:11,589][root][INFO] - Epoch [2/5], Batch [196/300], Loss: 1.1159 (Overall: 0.8575, Change: 1.2713), TF Ratio: 0.901
[2026-06-17 04:27:11,744][root][INFO] - Epoch [2/5], Batch [197/300], Loss: 1.1160 (Overall: 0.7349, Change: 1.5259), TF Ratio: 0.901
[2026-06-17 04:27:11,898][root][INFO] - Epoch [2/5], Batch [198/300], Loss: 1.1147 (Overall: 0.7152, Change: 1.0186), TF Ratio: 0.900
[2026-06-17 04:27:12,052][root][INFO] - Epoch [2/5], Batch [199/300], Loss: 1.1150 (Overall: 0.8388, Change: 1.4778), TF Ratio: 0.900
[2026-06-17 04:27:13,951][root][INFO] - Epoch [2/5], Batch [200/300], Loss: 1.1152 (Overall: 0.7358, Change: 1.5969), TF Ratio: 0.900
[2026-06-17 04:27:29,469][root][INFO] - Epoch [2/5], Batch [201/300], Loss: 1.1151 (Overall: 0.7584, Change: 1.4171), TF Ratio: 0.900
[2026-06-17 04:27:29,623][root][INFO] - Epoch [2/5], Batch [202/300], Loss: 1.1148 (Overall: 0.6757, Change: 1.4324), TF Ratio: 0.900
[2026-06-17 04:27:29,776][root][INFO] - Epoch [2/5], Batch [203/300], Loss: 1.1152 (Overall: 0.9600, Change: 1.4595), TF Ratio: 0.899
[2026-06-17 04:27:29,951][root][INFO] - Epoch [2/5], Batch [204/300], Loss: 1.1150 (Overall: 0.6652, Change: 1.4594), TF Ratio: 0.899
[2026-06-17 04:27:30,109][root][INFO] - Epoch [2/5], Batch [205/300], Loss: 1.1145 (Overall: 0.6814, Change: 1.3370), TF Ratio: 0.899
[2026-06-17 04:27:30,262][root][INFO] - Epoch [2/5], Batch [206/300], Loss: 1.1127 (Overall: 0.6565, Change: 0.8621), TF Ratio: 0.899
[2026-06-17 04:27:30,416][root][INFO] - Epoch [2/5], Batch [207/300], Loss: 1.1117 (Overall: 0.6811, Change: 1.1103), TF Ratio: 0.899
[2026-06-17 04:27:30,582][root][INFO] - Epoch [2/5], Batch [208/300], Loss: 1.1123 (Overall: 0.7973, Change: 1.6993), TF Ratio: 0.898
[2026-06-17 04:27:30,737][root][INFO] - Epoch [2/5], Batch [209/300], Loss: 1.1115 (Overall: 0.7944, Change: 1.0642), TF Ratio: 0.898
[2026-06-17 04:27:30,890][root][INFO] - Epoch [2/5], Batch [210/300], Loss: 1.1129 (Overall: 0.9130, Change: 1.8889), TF Ratio: 0.898
[2026-06-17 04:27:31,046][root][INFO] - Epoch [2/5], Batch [211/300], Loss: 1.1126 (Overall: 0.8742, Change: 1.2319), TF Ratio: 0.898
[2026-06-17 04:27:31,217][root][INFO] - Epoch [2/5], Batch [212/300], Loss: 1.1127 (Overall: 0.9581, Change: 1.3093), TF Ratio: 0.898
[2026-06-17 04:27:43,667][root][INFO] - Epoch [2/5], Batch [213/300], Loss: 1.1108 (Overall: 0.5099, Change: 0.9029), TF Ratio: 0.897
[2026-06-17 04:27:43,822][root][INFO] - Epoch [2/5], Batch [214/300], Loss: 1.1098 (Overall: 0.5855, Change: 1.2456), TF Ratio: 0.897
[2026-06-17 04:27:43,976][root][INFO] - Epoch [2/5], Batch [215/300], Loss: 1.1096 (Overall: 0.7902, Change: 1.3368), TF Ratio: 0.897
[2026-06-17 04:27:44,153][root][INFO] - Epoch [2/5], Batch [216/300], Loss: 1.1100 (Overall: 0.9314, Change: 1.4498), TF Ratio: 0.897
[2026-06-17 04:27:44,306][root][INFO] - Epoch [2/5], Batch [217/300], Loss: 1.1097 (Overall: 0.6522, Change: 1.4284), TF Ratio: 0.897
[2026-06-17 04:27:44,460][root][INFO] - Epoch [2/5], Batch [218/300], Loss: 1.1098 (Overall: 0.7610, Change: 1.4964), TF Ratio: 0.896
[2026-06-17 04:27:44,613][root][INFO] - Epoch [2/5], Batch [219/300], Loss: 1.1095 (Overall: 0.8284, Change: 1.2591), TF Ratio: 0.896
[2026-06-17 04:27:44,791][root][INFO] - Epoch [2/5], Batch [220/300], Loss: 1.1088 (Overall: 0.5892, Change: 1.3224), TF Ratio: 0.896
[2026-06-17 04:27:44,946][root][INFO] - Epoch [2/5], Batch [221/300], Loss: 1.1097 (Overall: 0.8799, Change: 1.7674), TF Ratio: 0.896
[2026-06-17 04:27:45,099][root][INFO] - Epoch [2/5], Batch [222/300], Loss: 1.1095 (Overall: 0.8298, Change: 1.2890), TF Ratio: 0.896
[2026-06-17 04:27:45,252][root][INFO] - Epoch [2/5], Batch [223/300], Loss: 1.1094 (Overall: 0.9077, Change: 1.2463), TF Ratio: 0.895
[2026-06-17 04:27:45,422][root][INFO] - Epoch [2/5], Batch [224/300], Loss: 1.1097 (Overall: 0.6601, Change: 1.6888), TF Ratio: 0.895
[2026-06-17 04:27:57,897][root][INFO] - Epoch [2/5], Batch [225/300], Loss: 1.1106 (Overall: 0.6674, Change: 1.9558), TF Ratio: 0.895
[2026-06-17 04:27:58,051][root][INFO] - Epoch [2/5], Batch [226/300], Loss: 1.1093 (Overall: 0.6249, Change: 1.0331), TF Ratio: 0.895
[2026-06-17 04:27:58,204][root][INFO] - Epoch [2/5], Batch [227/300], Loss: 1.1088 (Overall: 0.7674, Change: 1.2215), TF Ratio: 0.895
[2026-06-17 04:27:58,377][root][INFO] - Epoch [2/5], Batch [228/300], Loss: 1.1078 (Overall: 0.6974, Change: 1.0821), TF Ratio: 0.894
[2026-06-17 04:27:58,533][root][INFO] - Epoch [2/5], Batch [229/300], Loss: 1.1075 (Overall: 0.7490, Change: 1.2926), TF Ratio: 0.894
[2026-06-17 04:27:58,685][root][INFO] - Epoch [2/5], Batch [230/300], Loss: 1.1067 (Overall: 0.7696, Change: 1.0785), TF Ratio: 0.894
[2026-06-17 04:27:58,838][root][INFO] - Epoch [2/5], Batch [231/300], Loss: 1.1074 (Overall: 1.0087, Change: 1.5331), TF Ratio: 0.894
[2026-06-17 04:27:59,013][root][INFO] - Epoch [2/5], Batch [232/300], Loss: 1.1076 (Overall: 0.6872, Change: 1.6508), TF Ratio: 0.894
[2026-06-17 04:27:59,167][root][INFO] - Epoch [2/5], Batch [233/300], Loss: 1.1083 (Overall: 0.9611, Change: 1.5726), TF Ratio: 0.893
[2026-06-17 04:27:59,320][root][INFO] - Epoch [2/5], Batch [234/300], Loss: 1.1074 (Overall: 0.5945, Change: 1.1688), TF Ratio: 0.893
[2026-06-17 04:27:59,473][root][INFO] - Epoch [2/5], Batch [235/300], Loss: 1.1069 (Overall: 0.6127, Change: 1.3656), TF Ratio: 0.893
[2026-06-17 04:27:59,641][root][INFO] - Epoch [2/5], Batch [236/300], Loss: 1.1068 (Overall: 0.6755, Change: 1.5165), TF Ratio: 0.893
[2026-06-17 04:28:11,856][root][INFO] - Epoch [2/5], Batch [237/300], Loss: 1.1071 (Overall: 0.8060, Change: 1.5238), TF Ratio: 0.893
[2026-06-17 04:28:12,017][root][INFO] - Epoch [2/5], Batch [238/300], Loss: 1.1071 (Overall: 0.7144, Change: 1.5040), TF Ratio: 0.892
[2026-06-17 04:28:12,171][root][INFO] - Epoch [2/5], Batch [239/300], Loss: 1.1066 (Overall: 0.6059, Change: 1.4015), TF Ratio: 0.892
[2026-06-17 04:28:12,346][root][INFO] - Epoch [2/5], Batch [240/300], Loss: 1.1076 (Overall: 1.2207, Change: 1.4420), TF Ratio: 0.892
[2026-06-17 04:28:12,501][root][INFO] - Epoch [2/5], Batch [241/300], Loss: 1.1072 (Overall: 0.5116, Change: 1.5065), TF Ratio: 0.892
[2026-06-17 04:28:12,654][root][INFO] - Epoch [2/5], Batch [242/300], Loss: 1.1064 (Overall: 0.6752, Change: 1.1878), TF Ratio: 0.892
[2026-06-17 04:28:12,808][root][INFO] - Epoch [2/5], Batch [243/300], Loss: 1.1068 (Overall: 0.7109, Change: 1.6646), TF Ratio: 0.891
[2026-06-17 04:28:12,996][root][INFO] - Epoch [2/5], Batch [244/300], Loss: 1.1069 (Overall: 1.0550, Change: 1.2393), TF Ratio: 0.891
[2026-06-17 04:28:13,150][root][INFO] - Epoch [2/5], Batch [245/300], Loss: 1.1059 (Overall: 0.6619, Change: 1.0499), TF Ratio: 0.891
[2026-06-17 04:28:13,304][root][INFO] - Epoch [2/5], Batch [246/300], Loss: 1.1068 (Overall: 0.9884, Change: 1.6631), TF Ratio: 0.891
[2026-06-17 04:28:13,457][root][INFO] - Epoch [2/5], Batch [247/300], Loss: 1.1062 (Overall: 0.5916, Change: 1.3305), TF Ratio: 0.891
[2026-06-17 04:28:14,885][root][INFO] - Epoch [2/5], Batch [248/300], Loss: 1.1071 (Overall: 1.1257, Change: 1.5222), TF Ratio: 0.890
[2026-06-17 04:28:27,103][root][INFO] - Epoch [2/5], Batch [249/300], Loss: 1.1066 (Overall: 0.6435, Change: 1.3031), TF Ratio: 0.890
[2026-06-17 04:28:27,256][root][INFO] - Epoch [2/5], Batch [250/300], Loss: 1.1069 (Overall: 0.9544, Change: 1.4164), TF Ratio: 0.890
[2026-06-17 04:28:27,409][root][INFO] - Epoch [2/5], Batch [251/300], Loss: 1.1069 (Overall: 0.7848, Change: 1.4393), TF Ratio: 0.890
[2026-06-17 04:28:27,581][root][INFO] - Epoch [2/5], Batch [252/300], Loss: 1.1071 (Overall: 0.7422, Change: 1.5717), TF Ratio: 0.890
[2026-06-17 04:28:27,735][root][INFO] - Epoch [2/5], Batch [253/300], Loss: 1.1069 (Overall: 0.7024, Change: 1.4087), TF Ratio: 0.889
[2026-06-17 04:28:27,888][root][INFO] - Epoch [2/5], Batch [254/300], Loss: 1.1067 (Overall: 0.6372, Change: 1.4855), TF Ratio: 0.889
[2026-06-17 04:28:28,040][root][INFO] - Epoch [2/5], Batch [255/300], Loss: 1.1070 (Overall: 0.8846, Change: 1.4772), TF Ratio: 0.889
[2026-06-17 04:28:28,217][root][INFO] - Epoch [2/5], Batch [256/300], Loss: 1.1069 (Overall: 0.8674, Change: 1.2773), TF Ratio: 0.889
[2026-06-17 04:28:28,371][root][INFO] - Epoch [2/5], Batch [257/300], Loss: 1.1071 (Overall: 0.8201, Change: 1.4960), TF Ratio: 0.889
[2026-06-17 04:28:28,525][root][INFO] - Epoch [2/5], Batch [258/300], Loss: 1.1073 (Overall: 0.9027, Change: 1.4283), TF Ratio: 0.888
[2026-06-17 04:28:28,679][root][INFO] - Epoch [2/5], Batch [259/300], Loss: 1.1067 (Overall: 0.8855, Change: 0.9993), TF Ratio: 0.888
[2026-06-17 04:28:28,903][root][INFO] - Epoch [2/5], Batch [260/300], Loss: 1.1065 (Overall: 0.7881, Change: 1.3612), TF Ratio: 0.888
[2026-06-17 04:28:42,014][root][INFO] - Epoch [2/5], Batch [261/300], Loss: 1.1060 (Overall: 0.7306, Change: 1.1989), TF Ratio: 0.888
[2026-06-17 04:28:42,167][root][INFO] - Epoch [2/5], Batch [262/300], Loss: 1.1066 (Overall: 0.9108, Change: 1.6479), TF Ratio: 0.888
[2026-06-17 04:28:42,322][root][INFO] - Epoch [2/5], Batch [263/300], Loss: 1.1087 (Overall: 1.1678, Change: 2.1215), TF Ratio: 0.887
[2026-06-17 04:28:42,509][root][INFO] - Epoch [2/5], Batch [264/300], Loss: 1.1093 (Overall: 0.9499, Change: 1.5738), TF Ratio: 0.887
[2026-06-17 04:28:42,664][root][INFO] - Epoch [2/5], Batch [265/300], Loss: 1.1084 (Overall: 0.5867, Change: 1.1926), TF Ratio: 0.887
[2026-06-17 04:28:42,817][root][INFO] - Epoch [2/5], Batch [266/300], Loss: 1.1085 (Overall: 0.7133, Change: 1.5207), TF Ratio: 0.887
[2026-06-17 04:28:42,971][root][INFO] - Epoch [2/5], Batch [267/300], Loss: 1.1088 (Overall: 0.8400, Change: 1.5576), TF Ratio: 0.887
[2026-06-17 04:28:43,161][root][INFO] - Epoch [2/5], Batch [268/300], Loss: 1.1078 (Overall: 0.7315, Change: 0.9518), TF Ratio: 0.886
[2026-06-17 04:28:43,316][root][INFO] - Epoch [2/5], Batch [269/300], Loss: 1.1076 (Overall: 0.8069, Change: 1.3174), TF Ratio: 0.886
[2026-06-17 04:28:43,470][root][INFO] - Epoch [2/5], Batch [270/300], Loss: 1.1071 (Overall: 0.5079, Change: 1.4101), TF Ratio: 0.886
[2026-06-17 04:28:43,623][root][INFO] - Epoch [2/5], Batch [271/300], Loss: 1.1074 (Overall: 0.9330, Change: 1.4640), TF Ratio: 0.886
[2026-06-17 04:28:45,092][root][INFO] - Epoch [2/5], Batch [272/300], Loss: 1.1073 (Overall: 0.6052, Change: 1.5364), TF Ratio: 0.886
[2026-06-17 04:28:56,319][root][INFO] - Epoch [2/5], Batch [273/300], Loss: 1.1063 (Overall: 0.5768, Change: 1.0886), TF Ratio: 0.885
[2026-06-17 04:28:56,472][root][INFO] - Epoch [2/5], Batch [274/300], Loss: 1.1054 (Overall: 0.6030, Change: 1.1422), TF Ratio: 0.885
[2026-06-17 04:28:56,625][root][INFO] - Epoch [2/5], Batch [275/300], Loss: 1.1051 (Overall: 0.8079, Change: 1.2315), TF Ratio: 0.885
[2026-06-17 04:28:56,801][root][INFO] - Epoch [2/5], Batch [276/300], Loss: 1.1053 (Overall: 0.6901, Change: 1.6357), TF Ratio: 0.885
[2026-06-17 04:28:56,956][root][INFO] - Epoch [2/5], Batch [277/300], Loss: 1.1051 (Overall: 0.6775, Change: 1.4082), TF Ratio: 0.885
[2026-06-17 04:28:57,109][root][INFO] - Epoch [2/5], Batch [278/300], Loss: 1.1053 (Overall: 0.8398, Change: 1.4782), TF Ratio: 0.884
[2026-06-17 04:28:57,263][root][INFO] - Epoch [2/5], Batch [279/300], Loss: 1.1057 (Overall: 0.6365, Change: 1.8017), TF Ratio: 0.884
[2026-06-17 04:28:57,431][root][INFO] - Epoch [2/5], Batch [280/300], Loss: 1.1051 (Overall: 0.6328, Change: 1.2387), TF Ratio: 0.884
[2026-06-17 04:28:57,584][root][INFO] - Epoch [2/5], Batch [281/300], Loss: 1.1052 (Overall: 1.0262, Change: 1.2176), TF Ratio: 0.884
[2026-06-17 04:28:57,737][root][INFO] - Epoch [2/5], Batch [282/300], Loss: 1.1046 (Overall: 0.6781, Change: 1.2208), TF Ratio: 0.884
[2026-06-17 04:28:57,889][root][INFO] - Epoch [2/5], Batch [283/300], Loss: 1.1054 (Overall: 1.0457, Change: 1.5784), TF Ratio: 0.883
[2026-06-17 04:29:00,507][root][INFO] - Epoch [2/5], Batch [284/300], Loss: 1.1054 (Overall: 0.7713, Change: 1.4901), TF Ratio: 0.883
[2026-06-17 04:29:11,142][root][INFO] - Epoch [2/5], Batch [285/300], Loss: 1.1052 (Overall: 0.6044, Change: 1.4748), TF Ratio: 0.883
[2026-06-17 04:29:11,296][root][INFO] - Epoch [2/5], Batch [286/300], Loss: 1.1051 (Overall: 0.7790, Change: 1.3535), TF Ratio: 0.883
[2026-06-17 04:29:11,449][root][INFO] - Epoch [2/5], Batch [287/300], Loss: 1.1040 (Overall: 0.4574, Change: 1.1641), TF Ratio: 0.883
[2026-06-17 04:29:11,640][root][INFO] - Epoch [2/5], Batch [288/300], Loss: 1.1038 (Overall: 0.6660, Change: 1.4033), TF Ratio: 0.882
[2026-06-17 04:29:11,794][root][INFO] - Epoch [2/5], Batch [289/300], Loss: 1.1020 (Overall: 0.5606, Change: 0.5900), TF Ratio: 0.882
[2026-06-17 04:29:11,948][root][INFO] - Epoch [2/5], Batch [290/300], Loss: 1.1013 (Overall: 0.7995, Change: 1.0170), TF Ratio: 0.882
[2026-06-17 04:29:12,101][root][INFO] - Epoch [2/5], Batch [291/300], Loss: 1.1026 (Overall: 1.3260, Change: 1.6324), TF Ratio: 0.882
[2026-06-17 04:29:12,282][root][INFO] - Epoch [2/5], Batch [292/300], Loss: 1.1026 (Overall: 0.9756, Change: 1.2430), TF Ratio: 0.882
[2026-06-17 04:29:12,435][root][INFO] - Epoch [2/5], Batch [293/300], Loss: 1.1035 (Overall: 0.9655, Change: 1.7522), TF Ratio: 0.881
[2026-06-17 04:29:12,598][root][INFO] - Epoch [2/5], Batch [294/300], Loss: 1.1035 (Overall: 0.5849, Change: 1.6034), TF Ratio: 0.881
[2026-06-17 04:29:12,754][root][INFO] - Epoch [2/5], Batch [295/300], Loss: 1.1036 (Overall: 0.8241, Change: 1.4639), TF Ratio: 0.881
[2026-06-17 04:29:15,961][root][INFO] - Epoch [2/5], Batch [296/300], Loss: 1.1034 (Overall: 0.6574, Change: 1.4344), TF Ratio: 0.881
[2026-06-17 04:29:28,378][root][INFO] - Epoch [2/5], Batch [297/300], Loss: 1.1033 (Overall: 0.5959, Change: 1.5592), TF Ratio: 0.881
[2026-06-17 04:29:28,531][root][INFO] - Epoch [2/5], Batch [298/300], Loss: 1.1040 (Overall: 1.1176, Change: 1.5009), TF Ratio: 0.880
[2026-06-17 04:29:28,686][root][INFO] - Epoch [2/5], Batch [299/300], Loss: 1.1032 (Overall: 0.6573, Change: 1.0407), TF Ratio: 0.880
[2026-06-17 04:29:28,864][root][INFO] - Epoch [2/5], Batch [300/300], Loss: 1.1027 (Overall: 0.6542, Change: 1.2737), TF Ratio: 0.880
[2026-06-17 04:29:46,702][root][INFO] - Epoch 2 done. Validating...
[2026-06-17 04:30:20,051][root][INFO] - Epoch [2/5] | Train: 1.1222 | Val: 0.7509
[2026-06-17 04:30:20,267][root][INFO] - Checkpoint saved: /gpfs/scratch/bsc32/bsc096444/ai4land-tfm/trained_models/unet_impl/41825210/best_model.pth
[2026-06-17 04:30:20,477][root][INFO] - Checkpoint saved: /gpfs/scratch/bsc32/bsc096444/ai4land-tfm/trained_models/unet_impl/41825210/model_epoch_2.pth
[2026-06-17 04:30:37,176][root][INFO] - Epoch [3/5], Batch [1/300], Loss: 1.1408 (Overall: 0.9087, Change: 1.3729), TF Ratio: 0.880
[2026-06-17 04:30:37,404][root][INFO] - Epoch [3/5], Batch [2/300], Loss: 1.0867 (Overall: 0.7202, Change: 1.3448), TF Ratio: 0.880
[2026-06-17 04:30:37,558][root][INFO] - Epoch [3/5], Batch [3/300], Loss: 1.0793 (Overall: 0.6429, Change: 1.4861), TF Ratio: 0.879
[2026-06-17 04:30:39,506][root][INFO] - Epoch [3/5], Batch [4/300], Loss: 1.0031 (Overall: 0.8281, Change: 0.7207), TF Ratio: 0.879
[2026-06-17 04:30:39,660][root][INFO] - Epoch [3/5], Batch [5/300], Loss: 0.9926 (Overall: 0.7534, Change: 1.1480), TF Ratio: 0.879
[2026-06-17 04:30:39,813][root][INFO] - Epoch [3/5], Batch [6/300], Loss: 0.9987 (Overall: 0.8543, Change: 1.2041), TF Ratio: 0.879
[2026-06-17 04:30:39,966][root][INFO] - Epoch [3/5], Batch [7/300], Loss: 1.0248 (Overall: 0.6182, Change: 1.7445), TF Ratio: 0.879
[2026-06-17 04:30:40,137][root][INFO] - Epoch [3/5], Batch [8/300], Loss: 1.0329 (Overall: 0.8047, Change: 1.3739), TF Ratio: 0.878
[2026-06-17 04:30:40,291][root][INFO] - Epoch [3/5], Batch [9/300], Loss: 1.0362 (Overall: 0.6503, Change: 1.4753), TF Ratio: 0.878
[2026-06-17 04:30:40,446][root][INFO] - Epoch [3/5], Batch [10/300], Loss: 1.0394 (Overall: 0.6916, Change: 1.4446), TF Ratio: 0.878
[2026-06-17 04:30:40,599][root][INFO] - Epoch [3/5], Batch [11/300], Loss: 1.0280 (Overall: 0.7171, Change: 1.1107), TF Ratio: 0.878
[2026-06-17 04:30:51,354][root][INFO] - Epoch [3/5], Batch [12/300], Loss: 1.0385 (Overall: 0.5820, Change: 1.7266), TF Ratio: 0.878
[2026-06-17 04:30:51,510][root][INFO] - Epoch [3/5], Batch [13/300], Loss: 1.0423 (Overall: 1.0039, Change: 1.1717), TF Ratio: 0.877
[2026-06-17 04:30:51,664][root][INFO] - Epoch [3/5], Batch [14/300], Loss: 1.0240 (Overall: 0.5647, Change: 1.0079), TF Ratio: 0.877
[2026-06-17 04:30:51,817][root][INFO] - Epoch [3/5], Batch [15/300], Loss: 1.0208 (Overall: 0.7831, Change: 1.1691), TF Ratio: 0.877
[2026-06-17 04:30:53,583][root][INFO] - Epoch [3/5], Batch [16/300], Loss: 1.0130 (Overall: 0.8134, Change: 0.9795), TF Ratio: 0.877
[2026-06-17 04:30:53,741][root][INFO] - Epoch [3/5], Batch [17/300], Loss: 1.0126 (Overall: 0.6389, Change: 1.3724), TF Ratio: 0.877
[2026-06-17 04:30:53,894][root][INFO] - Epoch [3/5], Batch [18/300], Loss: 1.0013 (Overall: 0.5763, Change: 1.0435), TF Ratio: 0.876
[2026-06-17 04:30:54,047][root][INFO] - Epoch [3/5], Batch [19/300], Loss: 1.0064 (Overall: 0.9134, Change: 1.2829), TF Ratio: 0.876
[2026-06-17 04:30:54,216][root][INFO] - Epoch [3/5], Batch [20/300], Loss: 1.0040 (Overall: 0.6543, Change: 1.2609), TF Ratio: 0.876
[2026-06-17 04:30:54,370][root][INFO] - Epoch [3/5], Batch [21/300], Loss: 1.0095 (Overall: 0.6310, Change: 1.6072), TF Ratio: 0.876
[2026-06-17 04:30:54,524][root][INFO] - Epoch [3/5], Batch [22/300], Loss: 1.0063 (Overall: 0.6664, Change: 1.2140), TF Ratio: 0.876
[2026-06-17 04:30:54,676][root][INFO] - Epoch [3/5], Batch [23/300], Loss: 1.0100 (Overall: 1.0295, Change: 1.1522), TF Ratio: 0.875
[2026-06-17 04:31:06,277][root][INFO] - Epoch [3/5], Batch [24/300], Loss: 1.0068 (Overall: 0.7901, Change: 1.0772), TF Ratio: 0.875
[2026-06-17 04:31:06,440][root][INFO] - Epoch [3/5], Batch [25/300], Loss: 1.0107 (Overall: 0.6918, Change: 1.5178), TF Ratio: 0.875
[2026-06-17 04:31:06,594][root][INFO] - Epoch [3/5], Batch [26/300], Loss: 1.0141 (Overall: 0.7924, Change: 1.4043), TF Ratio: 0.875
[2026-06-17 04:31:06,747][root][INFO] - Epoch [3/5], Batch [27/300], Loss: 1.0247 (Overall: 1.1270, Change: 1.4753), TF Ratio: 0.875
[2026-06-17 04:31:09,970][root][INFO] - Epoch [3/5], Batch [28/300], Loss: 1.0233 (Overall: 0.5875, Change: 1.3822), TF Ratio: 0.874
[2026-06-17 04:31:10,129][root][INFO] - Epoch [3/5], Batch [29/300], Loss: 1.0339 (Overall: 0.9061, Change: 1.7553), TF Ratio: 0.874
[2026-06-17 04:31:10,283][root][INFO] - Epoch [3/5], Batch [30/300], Loss: 1.0434 (Overall: 0.5989, Change: 2.0391), TF Ratio: 0.874
[2026-06-17 04:31:10,437][root][INFO] - Epoch [3/5], Batch [31/300], Loss: 1.0472 (Overall: 0.7944, Change: 1.5258), TF Ratio: 0.874
[2026-06-17 04:31:10,609][root][INFO] - Epoch [3/5], Batch [32/300], Loss: 1.0542 (Overall: 0.9444, Change: 1.5977), TF Ratio: 0.874
[2026-06-17 04:31:10,763][root][INFO] - Epoch [3/5], Batch [33/300], Loss: 1.0533 (Overall: 0.6841, Change: 1.3645), TF Ratio: 0.873
[2026-06-17 04:31:10,917][root][INFO] - Epoch [3/5], Batch [34/300], Loss: 1.0557 (Overall: 0.7437, Change: 1.5261), TF Ratio: 0.873
[2026-06-17 04:31:11,071][root][INFO] - Epoch [3/5], Batch [35/300], Loss: 1.0466 (Overall: 0.6298, Change: 0.8472), TF Ratio: 0.873
[2026-06-17 04:31:20,303][root][INFO] - Epoch [3/5], Batch [36/300], Loss: 1.0489 (Overall: 0.8696, Change: 1.3857), TF Ratio: 0.873
[2026-06-17 04:31:20,461][root][INFO] - Epoch [3/5], Batch [37/300], Loss: 1.0513 (Overall: 0.7596, Change: 1.5196), TF Ratio: 0.873
[2026-06-17 04:31:20,615][root][INFO] - Epoch [3/5], Batch [38/300], Loss: 1.0520 (Overall: 0.8002, Change: 1.3547), TF Ratio: 0.872
[2026-06-17 04:31:20,770][root][INFO] - Epoch [3/5], Batch [39/300], Loss: 1.0573 (Overall: 1.0354, Change: 1.4794), TF Ratio: 0.872
[2026-06-17 04:31:23,529][root][INFO] - Epoch [3/5], Batch [40/300], Loss: 1.0513 (Overall: 0.6989, Change: 0.9347), TF Ratio: 0.872
[2026-06-17 04:31:23,685][root][INFO] - Epoch [3/5], Batch [41/300], Loss: 1.0523 (Overall: 0.7665, Change: 1.4209), TF Ratio: 0.872
[2026-06-17 04:31:23,839][root][INFO] - Epoch [3/5], Batch [42/300], Loss: 1.0480 (Overall: 0.8539, Change: 0.8941), TF Ratio: 0.872
[2026-06-17 04:31:23,992][root][INFO] - Epoch [3/5], Batch [43/300], Loss: 1.0420 (Overall: 0.6876, Change: 0.8849), TF Ratio: 0.871
[2026-06-17 04:31:24,163][root][INFO] - Epoch [3/5], Batch [44/300], Loss: 1.0462 (Overall: 0.8610, Change: 1.5954), TF Ratio: 0.871
[2026-06-17 04:31:24,318][root][INFO] - Epoch [3/5], Batch [45/300], Loss: 1.0471 (Overall: 1.0084, Change: 1.1681), TF Ratio: 0.871
[2026-06-17 04:31:24,472][root][INFO] - Epoch [3/5], Batch [46/300], Loss: 1.0493 (Overall: 0.9249, Change: 1.3726), TF Ratio: 0.871
[2026-06-17 04:31:24,626][root][INFO] - Epoch [3/5], Batch [47/300], Loss: 1.0477 (Overall: 0.6401, Change: 1.3060), TF Ratio: 0.871
[2026-06-17 04:31:34,298][root][INFO] - Epoch [3/5], Batch [48/300], Loss: 1.0451 (Overall: 0.7194, Change: 1.1286), TF Ratio: 0.870
[2026-06-17 04:31:34,459][root][INFO] - Epoch [3/5], Batch [49/300], Loss: 1.0453 (Overall: 0.6591, Change: 1.4483), TF Ratio: 0.870
[2026-06-17 04:31:34,613][root][INFO] - Epoch [3/5], Batch [50/300], Loss: 1.0488 (Overall: 0.8019, Change: 1.6360), TF Ratio: 0.870
[2026-06-17 04:31:34,767][root][INFO] - Epoch [3/5], Batch [51/300], Loss: 1.0493 (Overall: 0.7155, Change: 1.4362), TF Ratio: 0.870
[2026-06-17 04:31:37,335][root][INFO] - Epoch [3/5], Batch [52/300], Loss: 1.0460 (Overall: 0.5612, Change: 1.1909), TF Ratio: 0.870
[2026-06-17 04:31:37,491][root][INFO] - Epoch [3/5], Batch [53/300], Loss: 1.0460 (Overall: 0.7067, Change: 1.3869), TF Ratio: 0.869
[2026-06-17 04:31:37,643][root][INFO] - Epoch [3/5], Batch [54/300], Loss: 1.0473 (Overall: 0.6954, Change: 1.5358), TF Ratio: 0.869
[2026-06-17 04:31:37,796][root][INFO] - Epoch [3/5], Batch [55/300], Loss: 1.0459 (Overall: 0.6787, Change: 1.2676), TF Ratio: 0.869
[2026-06-17 04:31:38,598][root][INFO] - Epoch [3/5], Batch [56/300], Loss: 1.0438 (Overall: 0.7297, Change: 1.1246), TF Ratio: 0.869
[2026-06-17 04:31:38,753][root][INFO] - Epoch [3/5], Batch [57/300], Loss: 1.0455 (Overall: 0.6493, Change: 1.6337), TF Ratio: 0.869
[2026-06-17 04:31:38,907][root][INFO] - Epoch [3/5], Batch [58/300], Loss: 1.0435 (Overall: 0.6283, Change: 1.2217), TF Ratio: 0.868
[2026-06-17 04:31:39,061][root][INFO] - Epoch [3/5], Batch [59/300], Loss: 1.0444 (Overall: 0.6416, Change: 1.5556), TF Ratio: 0.868
[2026-06-17 04:31:47,647][root][INFO] - Epoch [3/5], Batch [60/300], Loss: 1.0462 (Overall: 0.7443, Change: 1.5585), TF Ratio: 0.868
[2026-06-17 04:31:47,805][root][INFO] - Epoch [3/5], Batch [61/300], Loss: 1.0494 (Overall: 1.0458, Change: 1.4377), TF Ratio: 0.868
[2026-06-17 04:31:47,959][root][INFO] - Epoch [3/5], Batch [62/300], Loss: 1.0504 (Overall: 0.8253, Change: 1.3991), TF Ratio: 0.868
[2026-06-17 04:31:48,112][root][INFO] - Epoch [3/5], Batch [63/300], Loss: 1.0523 (Overall: 0.9683, Change: 1.3702), TF Ratio: 0.867
[2026-06-17 04:31:50,478][root][INFO] - Epoch [3/5], Batch [64/300], Loss: 1.0521 (Overall: 0.7082, Change: 1.3759), TF Ratio: 0.867
[2026-06-17 04:31:50,636][root][INFO] - Epoch [3/5], Batch [65/300], Loss: 1.0504 (Overall: 0.5817, Change: 1.2985), TF Ratio: 0.867
[2026-06-17 04:31:50,789][root][INFO] - Epoch [3/5], Batch [66/300], Loss: 1.0491 (Overall: 0.9714, Change: 0.9596), TF Ratio: 0.867
[2026-06-17 04:31:50,943][root][INFO] - Epoch [3/5], Batch [67/300], Loss: 1.0474 (Overall: 0.5798, Change: 1.2858), TF Ratio: 0.867
[2026-06-17 04:31:54,817][root][INFO] - Epoch [3/5], Batch [68/300], Loss: 1.0511 (Overall: 1.2090, Change: 1.3988), TF Ratio: 0.866
[2026-06-17 04:31:54,984][root][INFO] - Epoch [3/5], Batch [69/300], Loss: 1.0482 (Overall: 0.5573, Change: 1.1354), TF Ratio: 0.866
[2026-06-17 04:31:55,139][root][INFO] - Epoch [3/5], Batch [70/300], Loss: 1.0471 (Overall: 0.5536, Change: 1.3929), TF Ratio: 0.866
[2026-06-17 04:31:55,291][root][INFO] - Epoch [3/5], Batch [71/300], Loss: 1.0452 (Overall: 0.7174, Change: 1.0997), TF Ratio: 0.866
[2026-06-17 04:32:02,099][root][INFO] - Epoch [3/5], Batch [72/300], Loss: 1.0440 (Overall: 0.9133, Change: 1.0109), TF Ratio: 0.866
[2026-06-17 04:32:02,260][root][INFO] - Epoch [3/5], Batch [73/300], Loss: 1.0468 (Overall: 0.4614, Change: 2.0302), TF Ratio: 0.865
[2026-06-17 04:32:02,413][root][INFO] - Epoch [3/5], Batch [74/300], Loss: 1.0437 (Overall: 0.5882, Change: 1.0542), TF Ratio: 0.865
[2026-06-17 04:32:02,565][root][INFO] - Epoch [3/5], Batch [75/300], Loss: 1.0425 (Overall: 0.6270, Change: 1.2804), TF Ratio: 0.865
[2026-06-17 04:32:03,697][root][INFO] - Epoch [3/5], Batch [76/300], Loss: 1.0430 (Overall: 0.7886, Change: 1.3746), TF Ratio: 0.865
[2026-06-17 04:32:03,851][root][INFO] - Epoch [3/5], Batch [77/300], Loss: 1.0439 (Overall: 0.6367, Change: 1.5859), TF Ratio: 0.865
[2026-06-17 04:32:04,004][root][INFO] - Epoch [3/5], Batch [78/300], Loss: 1.0467 (Overall: 0.9913, Change: 1.5281), TF Ratio: 0.864
[2026-06-17 04:32:04,157][root][INFO] - Epoch [3/5], Batch [79/300], Loss: 1.0485 (Overall: 0.8705, Change: 1.5024), TF Ratio: 0.864
[2026-06-17 04:32:09,434][root][INFO] - Epoch [3/5], Batch [80/300], Loss: 1.0478 (Overall: 0.7292, Change: 1.2577), TF Ratio: 0.864
[2026-06-17 04:32:09,589][root][INFO] - Epoch [3/5], Batch [81/300], Loss: 1.0485 (Overall: 0.6303, Change: 1.5766), TF Ratio: 0.864
[2026-06-17 04:32:09,742][root][INFO] - Epoch [3/5], Batch [82/300], Loss: 1.0485 (Overall: 0.6062, Change: 1.5033), TF Ratio: 0.864
[2026-06-17 04:32:09,896][root][INFO] - Epoch [3/5], Batch [83/300], Loss: 1.0447 (Overall: 0.4570, Change: 0.9997), TF Ratio: 0.863
[2026-06-17 04:32:15,290][root][INFO] - Epoch [3/5], Batch [84/300], Loss: 1.0417 (Overall: 0.6735, Change: 0.9161), TF Ratio: 0.863
[2026-06-17 04:32:15,446][root][INFO] - Epoch [3/5], Batch [85/300], Loss: 1.0388 (Overall: 0.4503, Change: 1.1458), TF Ratio: 0.863
[2026-06-17 04:32:16,897][root][INFO] - Epoch [3/5], Batch [86/300], Loss: 1.0391 (Overall: 0.6820, Change: 1.4361), TF Ratio: 0.863
[2026-06-17 04:32:17,050][root][INFO] - Epoch [3/5], Batch [87/300], Loss: 1.0364 (Overall: 0.6864, Change: 0.9314), TF Ratio: 0.863
[2026-06-17 04:32:19,195][root][INFO] - Epoch [3/5], Batch [88/300], Loss: 1.0391 (Overall: 1.1454, Change: 1.3919), TF Ratio: 0.862
[2026-06-17 04:32:19,349][root][INFO] - Epoch [3/5], Batch [89/300], Loss: 1.0385 (Overall: 0.7593, Change: 1.2233), TF Ratio: 0.862
[2026-06-17 04:32:19,502][root][INFO] - Epoch [3/5], Batch [90/300], Loss: 1.0406 (Overall: 1.0320, Change: 1.4279), TF Ratio: 0.862
[2026-06-17 04:32:19,655][root][INFO] - Epoch [3/5], Batch [91/300], Loss: 1.0384 (Overall: 0.5431, Change: 1.1303), TF Ratio: 0.862
[2026-06-17 04:32:27,233][root][INFO] - Epoch [3/5], Batch [92/300], Loss: 1.0390 (Overall: 0.9109, Change: 1.2709), TF Ratio: 0.862
[2026-06-17 04:32:27,389][root][INFO] - Epoch [3/5], Batch [93/300], Loss: 1.0376 (Overall: 0.6281, Change: 1.1858), TF Ratio: 0.861
[2026-06-17 04:32:27,542][root][INFO] - Epoch [3/5], Batch [94/300], Loss: 1.0407 (Overall: 1.0243, Change: 1.6374), TF Ratio: 0.861
[2026-06-17 04:32:27,699][root][INFO] - Epoch [3/5], Batch [95/300], Loss: 1.0454 (Overall: 1.0734, Change: 1.9001), TF Ratio: 0.861
[2026-06-17 04:32:34,457][root][INFO] - Epoch [3/5], Batch [96/300], Loss: 1.0463 (Overall: 0.8734, Change: 1.3913), TF Ratio: 0.861
[2026-06-17 04:32:34,613][root][INFO] - Epoch [3/5], Batch [97/300], Loss: 1.0502 (Overall: 0.9073, Change: 1.9394), TF Ratio: 0.861
[2026-06-17 04:32:34,766][root][INFO] - Epoch [3/5], Batch [98/300], Loss: 1.0495 (Overall: 0.7999, Change: 1.1715), TF Ratio: 0.860
[2026-06-17 04:32:34,920][root][INFO] - Epoch [3/5], Batch [99/300], Loss: 1.0475 (Overall: 0.4507, Change: 1.2564), TF Ratio: 0.860
[2026-06-17 04:32:35,119][root][INFO] - Epoch [3/5], Batch [100/300], Loss: 1.0468 (Overall: 0.5983, Change: 1.3460), TF Ratio: 0.860
[2026-06-17 04:32:35,274][root][INFO] - Epoch [3/5], Batch [101/300], Loss: 1.0425 (Overall: 0.5184, Change: 0.7105), TF Ratio: 0.860
[2026-06-17 04:32:35,427][root][INFO] - Epoch [3/5], Batch [102/300], Loss: 1.0459 (Overall: 0.7913, Change: 1.9847), TF Ratio: 0.860
[2026-06-17 04:32:35,579][root][INFO] - Epoch [3/5], Batch [103/300], Loss: 1.0467 (Overall: 0.5569, Change: 1.6950), TF Ratio: 0.859
[2026-06-17 04:32:42,266][root][INFO] - Epoch [3/5], Batch [104/300], Loss: 1.0461 (Overall: 0.5172, Change: 1.4623), TF Ratio: 0.859
[2026-06-17 04:32:42,426][root][INFO] - Epoch [3/5], Batch [105/300], Loss: 1.0469 (Overall: 0.8226, Change: 1.4270), TF Ratio: 0.859
[2026-06-17 04:32:42,578][root][INFO] - Epoch [3/5], Batch [106/300], Loss: 1.0481 (Overall: 0.8003, Change: 1.5509), TF Ratio: 0.859
[2026-06-17 04:32:42,733][root][INFO] - Epoch [3/5], Batch [107/300], Loss: 1.0470 (Overall: 0.6203, Change: 1.2401), TF Ratio: 0.859
[2026-06-17 04:32:48,057][root][INFO] - Epoch [3/5], Batch [108/300], Loss: 1.0455 (Overall: 0.5079, Change: 1.2769), TF Ratio: 0.858
[2026-06-17 04:32:48,213][root][INFO] - Epoch [3/5], Batch [109/300], Loss: 1.0466 (Overall: 0.6697, Change: 1.6512), TF Ratio: 0.858
[2026-06-17 04:32:48,368][root][INFO] - Epoch [3/5], Batch [110/300], Loss: 1.0467 (Overall: 0.6851, Change: 1.4373), TF Ratio: 0.858
[2026-06-17 04:32:48,529][root][INFO] - Epoch [3/5], Batch [111/300], Loss: 1.0468 (Overall: 0.6610, Change: 1.4479), TF Ratio: 0.858
[2026-06-17 04:32:48,697][root][INFO] - Epoch [3/5], Batch [112/300], Loss: 1.0444 (Overall: 0.5064, Change: 1.0574), TF Ratio: 0.858
[2026-06-17 04:32:48,851][root][INFO] - Epoch [3/5], Batch [113/300], Loss: 1.0436 (Overall: 0.4201, Change: 1.4896), TF Ratio: 0.857
[2026-06-17 04:32:49,005][root][INFO] - Epoch [3/5], Batch [114/300], Loss: 1.0434 (Overall: 0.7557, Change: 1.2724), TF Ratio: 0.857
[2026-06-17 04:32:49,157][root][INFO] - Epoch [3/5], Batch [115/300], Loss: 1.0416 (Overall: 0.5519, Change: 1.1248), TF Ratio: 0.857
[2026-06-17 04:32:56,334][root][INFO] - Epoch [3/5], Batch [116/300], Loss: 1.0437 (Overall: 1.3974, Change: 1.1631), TF Ratio: 0.857
[2026-06-17 04:32:56,489][root][INFO] - Epoch [3/5], Batch [117/300], Loss: 1.0419 (Overall: 0.5178, Change: 1.1636), TF Ratio: 0.857
[2026-06-17 04:32:56,642][root][INFO] - Epoch [3/5], Batch [118/300], Loss: 1.0420 (Overall: 0.7722, Change: 1.3293), TF Ratio: 0.856
[2026-06-17 04:32:56,795][root][INFO] - Epoch [3/5], Batch [119/300], Loss: 1.0420 (Overall: 0.6818, Change: 1.4063), TF Ratio: 0.856
[2026-06-17 04:33:01,011][root][INFO] - Epoch [3/5], Batch [120/300], Loss: 1.0423 (Overall: 0.7510, Change: 1.4057), TF Ratio: 0.856
[2026-06-17 04:33:01,166][root][INFO] - Epoch [3/5], Batch [121/300], Loss: 1.0426 (Overall: 0.7621, Change: 1.3950), TF Ratio: 0.856
[2026-06-17 04:33:02,690][root][INFO] - Epoch [3/5], Batch [122/300], Loss: 1.0419 (Overall: 0.7284, Change: 1.1927), TF Ratio: 0.856
[2026-06-17 04:33:02,844][root][INFO] - Epoch [3/5], Batch [123/300], Loss: 1.0421 (Overall: 0.8327, Change: 1.2857), TF Ratio: 0.855
[2026-06-17 04:33:03,018][root][INFO] - Epoch [3/5], Batch [124/300], Loss: 1.0429 (Overall: 0.7272, Change: 1.5686), TF Ratio: 0.855
[2026-06-17 04:33:03,172][root][INFO] - Epoch [3/5], Batch [125/300], Loss: 1.0411 (Overall: 0.6942, Change: 0.9320), TF Ratio: 0.855
[2026-06-17 04:33:03,325][root][INFO] - Epoch [3/5], Batch [126/300], Loss: 1.0408 (Overall: 0.7130, Change: 1.2865), TF Ratio: 0.855
[2026-06-17 04:33:03,478][root][INFO] - Epoch [3/5], Batch [127/300], Loss: 1.0381 (Overall: 0.6821, Change: 0.7293), TF Ratio: 0.855
[2026-06-17 04:33:10,463][root][INFO] - Epoch [3/5], Batch [128/300], Loss: 1.0373 (Overall: 0.5595, Change: 1.3064), TF Ratio: 0.854
[2026-06-17 04:33:10,619][root][INFO] - Epoch [3/5], Batch [129/300], Loss: 1.0410 (Overall: 0.8727, Change: 2.1613), TF Ratio: 0.854
[2026-06-17 04:33:10,772][root][INFO] - Epoch [3/5], Batch [130/300], Loss: 1.0398 (Overall: 0.6418, Change: 1.1293), TF Ratio: 0.854
[2026-06-17 04:33:10,926][root][INFO] - Epoch [3/5], Batch [131/300], Loss: 1.0390 (Overall: 0.4948, Change: 1.3714), TF Ratio: 0.854
[2026-06-17 04:33:14,616][root][INFO] - Epoch [3/5], Batch [132/300], Loss: 1.0387 (Overall: 0.6518, Change: 1.3450), TF Ratio: 0.854
[2026-06-17 04:33:14,771][root][INFO] - Epoch [3/5], Batch [133/300], Loss: 1.0376 (Overall: 0.5869, Change: 1.2031), TF Ratio: 0.853
[2026-06-17 04:33:15,905][root][INFO] - Epoch [3/5], Batch [134/300], Loss: 1.0373 (Overall: 0.8738, Change: 1.1060), TF Ratio: 0.853
[2026-06-17 04:33:16,058][root][INFO] - Epoch [3/5], Batch [135/300], Loss: 1.0377 (Overall: 0.4963, Change: 1.7022), TF Ratio: 0.853
[2026-06-17 04:33:16,229][root][INFO] - Epoch [3/5], Batch [136/300], Loss: 1.0366 (Overall: 0.5977, Change: 1.1597), TF Ratio: 0.853
[2026-06-17 04:33:16,404][root][INFO] - Epoch [3/5], Batch [137/300], Loss: 1.0375 (Overall: 0.6734, Change: 1.6427), TF Ratio: 0.853
[2026-06-17 04:33:16,558][root][INFO] - Epoch [3/5], Batch [138/300], Loss: 1.0372 (Overall: 0.6741, Change: 1.3411), TF Ratio: 0.852
[2026-06-17 04:33:16,713][root][INFO] - Epoch [3/5], Batch [139/300], Loss: 1.0370 (Overall: 0.6135, Change: 1.3861), TF Ratio: 0.852
[2026-06-17 04:33:25,270][root][INFO] - Epoch [3/5], Batch [140/300], Loss: 1.0373 (Overall: 0.5195, Change: 1.6555), TF Ratio: 0.852
[2026-06-17 04:33:25,426][root][INFO] - Epoch [3/5], Batch [141/300], Loss: 1.0374 (Overall: 0.7618, Change: 1.3311), TF Ratio: 0.852
[2026-06-17 04:33:25,578][root][INFO] - Epoch [3/5], Batch [142/300], Loss: 1.0373 (Overall: 0.5673, Change: 1.4893), TF Ratio: 0.852
[2026-06-17 04:33:25,731][root][INFO] - Epoch [3/5], Batch [143/300], Loss: 1.0391 (Overall: 0.9823, Change: 1.5925), TF Ratio: 0.851
[2026-06-17 04:33:29,206][root][INFO] - Epoch [3/5], Batch [144/300], Loss: 1.0405 (Overall: 0.9779, Change: 1.4976), TF Ratio: 0.851
[2026-06-17 04:33:29,361][root][INFO] - Epoch [3/5], Batch [145/300], Loss: 1.0438 (Overall: 1.1388, Change: 1.9157), TF Ratio: 0.851
[2026-06-17 04:33:30,943][root][INFO] - Epoch [3/5], Batch [146/300], Loss: 1.0447 (Overall: 0.7934, Change: 1.5486), TF Ratio: 0.851
[2026-06-17 04:33:31,096][root][INFO] - Epoch [3/5], Batch [147/300], Loss: 1.0462 (Overall: 0.9936, Change: 1.5380), TF Ratio: 0.851
[2026-06-17 04:33:31,261][root][INFO] - Epoch [3/5], Batch [148/300], Loss: 1.0460 (Overall: 0.7138, Change: 1.3311), TF Ratio: 0.850
[2026-06-17 04:33:31,414][root][INFO] - Epoch [3/5], Batch [149/300], Loss: 1.0453 (Overall: 0.5571, Change: 1.3173), TF Ratio: 0.850
[2026-06-17 04:33:31,567][root][INFO] - Epoch [3/5], Batch [150/300], Loss: 1.0445 (Overall: 0.7408, Change: 1.1013), TF Ratio: 0.850
[2026-06-17 04:33:31,720][root][INFO] - Epoch [3/5], Batch [151/300], Loss: 1.0448 (Overall: 0.9152, Change: 1.2832), TF Ratio: 0.850
[2026-06-17 04:33:39,583][root][INFO] - Epoch [3/5], Batch [152/300], Loss: 1.0492 (Overall: 0.5326, Change: 2.8841), TF Ratio: 0.850
[2026-06-17 04:33:39,740][root][INFO] - Epoch [3/5], Batch [153/300], Loss: 1.0522 (Overall: 1.3142, Change: 1.6979), TF Ratio: 0.849
[2026-06-17 04:33:39,893][root][INFO] - Epoch [3/5], Batch [154/300], Loss: 1.0534 (Overall: 0.9247, Change: 1.5557), TF Ratio: 0.849
[2026-06-17 04:33:40,046][root][INFO] - Epoch [3/5], Batch [155/300], Loss: 1.0533 (Overall: 0.8650, Change: 1.2155), TF Ratio: 0.849
[2026-06-17 04:33:43,817][root][INFO] - Epoch [3/5], Batch [156/300], Loss: 1.0559 (Overall: 1.1808, Change: 1.7282), TF Ratio: 0.849
[2026-06-17 04:33:43,972][root][INFO] - Epoch [3/5], Batch [157/300], Loss: 1.0560 (Overall: 0.6027, Change: 1.5319), TF Ratio: 0.849
[2026-06-17 04:33:46,360][root][INFO] - Epoch [3/5], Batch [158/300], Loss: 1.0560 (Overall: 1.0841, Change: 1.0366), TF Ratio: 0.848
[2026-06-17 04:33:46,515][root][INFO] - Epoch [3/5], Batch [159/300], Loss: 1.0557 (Overall: 0.7037, Change: 1.3210), TF Ratio: 0.848
[2026-06-17 04:33:46,685][root][INFO] - Epoch [3/5], Batch [160/300], Loss: 1.0560 (Overall: 0.6151, Change: 1.5984), TF Ratio: 0.848
[2026-06-17 04:33:46,839][root][INFO] - Epoch [3/5], Batch [161/300], Loss: 1.0567 (Overall: 0.7719, Change: 1.5527), TF Ratio: 0.848
[2026-06-17 04:33:46,993][root][INFO] - Epoch [3/5], Batch [162/300], Loss: 1.0565 (Overall: 0.6337, Change: 1.4020), TF Ratio: 0.848
[2026-06-17 04:33:47,146][root][INFO] - Epoch [3/5], Batch [163/300], Loss: 1.0564 (Overall: 0.6749, Change: 1.4191), TF Ratio: 0.847
[2026-06-17 04:33:52,936][root][INFO] - Epoch [3/5], Batch [164/300], Loss: 1.0571 (Overall: 0.7811, Change: 1.5644), TF Ratio: 0.847
[2026-06-17 04:33:53,093][root][INFO] - Epoch [3/5], Batch [165/300], Loss: 1.0554 (Overall: 0.5526, Change: 0.9825), TF Ratio: 0.847
[2026-06-17 04:33:53,245][root][INFO] - Epoch [3/5], Batch [166/300], Loss: 1.0553 (Overall: 0.7120, Change: 1.3829), TF Ratio: 0.847
[2026-06-17 04:33:53,398][root][INFO] - Epoch [3/5], Batch [167/300], Loss: 1.0551 (Overall: 0.7482, Change: 1.3067), TF Ratio: 0.847
[2026-06-17 04:33:58,834][root][INFO] - Epoch [3/5], Batch [168/300], Loss: 1.0554 (Overall: 0.7484, Change: 1.4378), TF Ratio: 0.846
[2026-06-17 04:33:58,989][root][INFO] - Epoch [3/5], Batch [169/300], Loss: 1.0530 (Overall: 0.3833, Change: 0.9338), TF Ratio: 0.846
[2026-06-17 04:33:59,879][root][INFO] - Epoch [3/5], Batch [170/300], Loss: 1.0528 (Overall: 0.7718, Change: 1.2542), TF Ratio: 0.846
[2026-06-17 04:34:00,032][root][INFO] - Epoch [3/5], Batch [171/300], Loss: 1.0517 (Overall: 0.5753, Change: 1.1447), TF Ratio: 0.846
[2026-06-17 04:34:00,201][root][INFO] - Epoch [3/5], Batch [172/300], Loss: 1.0500 (Overall: 0.4857, Change: 1.0625), TF Ratio: 0.846
[2026-06-17 04:34:00,356][root][INFO] - Epoch [3/5], Batch [173/300], Loss: 1.0494 (Overall: 0.5302, Change: 1.3408), TF Ratio: 0.845
[2026-06-17 04:34:00,510][root][INFO] - Epoch [3/5], Batch [174/300], Loss: 1.0495 (Overall: 0.6580, Change: 1.4906), TF Ratio: 0.845
[2026-06-17 04:34:00,663][root][INFO] - Epoch [3/5], Batch [175/300], Loss: 1.0492 (Overall: 0.5913, Change: 1.4016), TF Ratio: 0.845
[2026-06-17 04:34:06,867][root][INFO] - Epoch [3/5], Batch [176/300], Loss: 1.0486 (Overall: 0.6022, Change: 1.2877), TF Ratio: 0.845
[2026-06-17 04:34:07,023][root][INFO] - Epoch [3/5], Batch [177/300], Loss: 1.0491 (Overall: 0.9243, Change: 1.3572), TF Ratio: 0.845
[2026-06-17 04:34:07,177][root][INFO] - Epoch [3/5], Batch [178/300], Loss: 1.0466 (Overall: 0.6242, Change: 0.5627), TF Ratio: 0.844
[2026-06-17 04:34:07,329][root][INFO] - Epoch [3/5], Batch [179/300], Loss: 1.0473 (Overall: 0.5741, Change: 1.7911), TF Ratio: 0.844
[2026-06-17 04:34:12,308][root][INFO] - Epoch [3/5], Batch [180/300], Loss: 1.0465 (Overall: 0.6602, Change: 1.1445), TF Ratio: 0.844
[2026-06-17 04:34:12,463][root][INFO] - Epoch [3/5], Batch [181/300], Loss: 1.0463 (Overall: 0.8268, Change: 1.1893), TF Ratio: 0.844
[2026-06-17 04:34:13,041][root][INFO] - Epoch [3/5], Batch [182/300], Loss: 1.0451 (Overall: 0.6480, Change: 1.0014), TF Ratio: 0.844
[2026-06-17 04:34:13,195][root][INFO] - Epoch [3/5], Batch [183/300], Loss: 1.0453 (Overall: 1.0244, Change: 1.1497), TF Ratio: 0.843
[2026-06-17 04:34:13,369][root][INFO] - Epoch [3/5], Batch [184/300], Loss: 1.0462 (Overall: 0.8779, Change: 1.5324), TF Ratio: 0.843
[2026-06-17 04:34:13,524][root][INFO] - Epoch [3/5], Batch [185/300], Loss: 1.0477 (Overall: 0.8484, Change: 1.7816), TF Ratio: 0.843
[2026-06-17 04:34:13,677][root][INFO] - Epoch [3/5], Batch [186/300], Loss: 1.0472 (Overall: 0.4942, Change: 1.4202), TF Ratio: 0.843
[2026-06-17 04:34:13,830][root][INFO] - Epoch [3/5], Batch [187/300], Loss: 1.0478 (Overall: 0.9723, Change: 1.3443), TF Ratio: 0.843
[2026-06-17 04:34:25,049][root][INFO] - Epoch [3/5], Batch [188/300], Loss: 1.0469 (Overall: 0.6423, Change: 1.1189), TF Ratio: 0.842
[2026-06-17 04:34:25,204][root][INFO] - Epoch [3/5], Batch [189/300], Loss: 1.0466 (Overall: 0.6628, Change: 1.3382), TF Ratio: 0.842
[2026-06-17 04:34:25,357][root][INFO] - Epoch [3/5], Batch [190/300], Loss: 1.0463 (Overall: 0.9594, Change: 1.0033), TF Ratio: 0.842
[2026-06-17 04:34:25,510][root][INFO] - Epoch [3/5], Batch [191/300], Loss: 1.0463 (Overall: 0.9044, Change: 1.2074), TF Ratio: 0.842
[2026-06-17 04:34:26,788][root][INFO] - Epoch [3/5], Batch [192/300], Loss: 1.0467 (Overall: 0.4439, Change: 1.7684), TF Ratio: 0.842
[2026-06-17 04:34:26,941][root][INFO] - Epoch [3/5], Batch [193/300], Loss: 1.0488 (Overall: 0.7591, Change: 2.1759), TF Ratio: 0.841
[2026-06-17 04:34:27,276][root][INFO] - Epoch [3/5], Batch [194/300], Loss: 1.0498 (Overall: 0.6163, Change: 1.8763), TF Ratio: 0.841
[2026-06-17 04:34:27,429][root][INFO] - Epoch [3/5], Batch [195/300], Loss: 1.0511 (Overall: 1.0020, Change: 1.5670), TF Ratio: 0.841
[2026-06-17 04:34:30,329][root][INFO] - Epoch [3/5], Batch [196/300], Loss: 1.0517 (Overall: 0.6518, Change: 1.7140), TF Ratio: 0.841
[2026-06-17 04:34:30,483][root][INFO] - Epoch [3/5], Batch [197/300], Loss: 1.0548 (Overall: 1.3175, Change: 1.9996), TF Ratio: 0.841
[2026-06-17 04:34:30,636][root][INFO] - Epoch [3/5], Batch [198/300], Loss: 1.0550 (Overall: 0.7479, Change: 1.4559), TF Ratio: 0.840
[2026-06-17 04:34:30,789][root][INFO] - Epoch [3/5], Batch [199/300], Loss: 1.0543 (Overall: 0.7695, Change: 1.0290), TF Ratio: 0.840
[2026-06-17 04:34:39,165][root][INFO] - Epoch [3/5], Batch [200/300], Loss: 1.0538 (Overall: 0.9525, Change: 0.9888), TF Ratio: 0.840
[2026-06-17 04:34:39,324][root][INFO] - Epoch [3/5], Batch [201/300], Loss: 1.0536 (Overall: 0.7013, Change: 1.2945), TF Ratio: 0.840
[2026-06-17 04:34:39,478][root][INFO] - Epoch [3/5], Batch [202/300], Loss: 1.0523 (Overall: 0.5666, Change: 1.0109), TF Ratio: 0.840
[2026-06-17 04:34:39,630][root][INFO] - Epoch [3/5], Batch [203/300], Loss: 1.0522 (Overall: 0.6723, Change: 1.3902), TF Ratio: 0.839
[2026-06-17 04:34:41,434][root][INFO] - Epoch [3/5], Batch [204/300], Loss: 1.0524 (Overall: 0.7476, Change: 1.4454), TF Ratio: 0.839
[2026-06-17 04:34:41,587][root][INFO] - Epoch [3/5], Batch [205/300], Loss: 1.0524 (Overall: 0.6656, Change: 1.4493), TF Ratio: 0.839
[2026-06-17 04:34:41,740][root][INFO] - Epoch [3/5], Batch [206/300], Loss: 1.0515 (Overall: 0.5575, Change: 1.1994), TF Ratio: 0.839
[2026-06-17 04:34:41,894][root][INFO] - Epoch [3/5], Batch [207/300], Loss: 1.0512 (Overall: 0.8220, Change: 1.1231), TF Ratio: 0.839
[2026-06-17 04:34:44,536][root][INFO] - Epoch [3/5], Batch [208/300], Loss: 1.0517 (Overall: 0.8800, Change: 1.4528), TF Ratio: 0.838
[2026-06-17 04:34:44,691][root][INFO] - Epoch [3/5], Batch [209/300], Loss: 1.0529 (Overall: 0.5846, Change: 2.0011), TF Ratio: 0.838
[2026-06-17 04:34:44,844][root][INFO] - Epoch [3/5], Batch [210/300], Loss: 1.0528 (Overall: 0.7222, Change: 1.3594), TF Ratio: 0.838
[2026-06-17 04:34:44,997][root][INFO] - Epoch [3/5], Batch [211/300], Loss: 1.0526 (Overall: 0.6164, Change: 1.3988), TF Ratio: 0.838
[2026-06-17 04:34:53,554][root][INFO] - Epoch [3/5], Batch [212/300], Loss: 1.0526 (Overall: 0.7777, Change: 1.3461), TF Ratio: 0.838
[2026-06-17 04:34:53,711][root][INFO] - Epoch [3/5], Batch [213/300], Loss: 1.0535 (Overall: 0.9784, Change: 1.4720), TF Ratio: 0.837
[2026-06-17 04:34:53,863][root][INFO] - Epoch [3/5], Batch [214/300], Loss: 1.0544 (Overall: 0.8993, Change: 1.6002), TF Ratio: 0.837
[2026-06-17 04:34:54,018][root][INFO] - Epoch [3/5], Batch [215/300], Loss: 1.0546 (Overall: 0.7299, Change: 1.4948), TF Ratio: 0.837
[2026-06-17 04:34:57,286][root][INFO] - Epoch [3/5], Batch [216/300], Loss: 1.0540 (Overall: 0.7268, Change: 1.1050), TF Ratio: 0.837
[2026-06-17 04:34:57,443][root][INFO] - Epoch [3/5], Batch [217/300], Loss: 1.0541 (Overall: 0.6886, Change: 1.4518), TF Ratio: 0.837
[2026-06-17 04:34:57,598][root][INFO] - Epoch [3/5], Batch [218/300], Loss: 1.0543 (Overall: 0.5881, Change: 1.6284), TF Ratio: 0.836
[2026-06-17 04:34:57,751][root][INFO] - Epoch [3/5], Batch [219/300], Loss: 1.0535 (Overall: 0.6099, Change: 1.1338), TF Ratio: 0.836
[2026-06-17 04:34:58,881][root][INFO] - Epoch [3/5], Batch [220/300], Loss: 1.0537 (Overall: 0.7926, Change: 1.4243), TF Ratio: 0.836
[2026-06-17 04:34:59,035][root][INFO] - Epoch [3/5], Batch [221/300], Loss: 1.0547 (Overall: 0.9086, Change: 1.6270), TF Ratio: 0.836
[2026-06-17 04:34:59,188][root][INFO] - Epoch [3/5], Batch [222/300], Loss: 1.0545 (Overall: 0.6432, Change: 1.3731), TF Ratio: 0.836
[2026-06-17 04:34:59,341][root][INFO] - Epoch [3/5], Batch [223/300], Loss: 1.0555 (Overall: 1.0419, Change: 1.5250), TF Ratio: 0.835
[2026-06-17 04:35:07,984][root][INFO] - Epoch [3/5], Batch [224/300], Loss: 1.0556 (Overall: 0.8183, Change: 1.3242), TF Ratio: 0.835
[2026-06-17 04:35:08,151][root][INFO] - Epoch [3/5], Batch [225/300], Loss: 1.0562 (Overall: 0.7963, Change: 1.6066), TF Ratio: 0.835
[2026-06-17 04:35:08,305][root][INFO] - Epoch [3/5], Batch [226/300], Loss: 1.0548 (Overall: 0.6725, Change: 0.7791), TF Ratio: 0.835
[2026-06-17 04:35:08,457][root][INFO] - Epoch [3/5], Batch [227/300], Loss: 1.0552 (Overall: 0.8744, Change: 1.4423), TF Ratio: 0.835
[2026-06-17 04:35:11,057][root][INFO] - Epoch [3/5], Batch [228/300], Loss: 1.0538 (Overall: 0.4947, Change: 0.9526), TF Ratio: 0.834
[2026-06-17 04:35:11,214][root][INFO] - Epoch [3/5], Batch [229/300], Loss: 1.0522 (Overall: 0.6346, Change: 0.7308), TF Ratio: 0.834
[2026-06-17 04:35:11,366][root][INFO] - Epoch [3/5], Batch [230/300], Loss: 1.0526 (Overall: 0.8294, Change: 1.4944), TF Ratio: 0.834
[2026-06-17 04:35:11,519][root][INFO] - Epoch [3/5], Batch [231/300], Loss: 1.0534 (Overall: 1.0134, Change: 1.4588), TF Ratio: 0.834
[2026-06-17 04:35:13,482][root][INFO] - Epoch [3/5], Batch [232/300], Loss: 1.0539 (Overall: 0.6204, Change: 1.7212), TF Ratio: 0.834
[2026-06-17 04:35:13,636][root][INFO] - Epoch [3/5], Batch [233/300], Loss: 1.0539 (Overall: 0.7875, Change: 1.2916), TF Ratio: 0.833
[2026-06-17 04:35:13,789][root][INFO] - Epoch [3/5], Batch [234/300], Loss: 1.0534 (Overall: 0.7518, Change: 1.1328), TF Ratio: 0.833
[2026-06-17 04:35:13,942][root][INFO] - Epoch [3/5], Batch [235/300], Loss: 1.0537 (Overall: 0.8364, Change: 1.4000), TF Ratio: 0.833
[2026-06-17 04:35:23,586][root][INFO] - Epoch [3/5], Batch [236/300], Loss: 1.0537 (Overall: 0.7489, Change: 1.3563), TF Ratio: 0.833
[2026-06-17 04:35:23,745][root][INFO] - Epoch [3/5], Batch [237/300], Loss: 1.0539 (Overall: 0.6882, Change: 1.5180), TF Ratio: 0.833
[2026-06-17 04:35:23,897][root][INFO] - Epoch [3/5], Batch [238/300], Loss: 1.0549 (Overall: 1.0003, Change: 1.6030), TF Ratio: 0.832
[2026-06-17 04:35:24,050][root][INFO] - Epoch [3/5], Batch [239/300], Loss: 1.0547 (Overall: 0.7219, Change: 1.2703), TF Ratio: 0.832
[2026-06-17 04:35:27,583][root][INFO] - Epoch [3/5], Batch [240/300], Loss: 1.0546 (Overall: 0.6522, Change: 1.4216), TF Ratio: 0.832
[2026-06-17 04:35:27,738][root][INFO] - Epoch [3/5], Batch [241/300], Loss: 1.0542 (Overall: 0.6216, Change: 1.2767), TF Ratio: 0.832
[2026-06-17 04:35:27,892][root][INFO] - Epoch [3/5], Batch [242/300], Loss: 1.0551 (Overall: 0.8430, Change: 1.7100), TF Ratio: 0.832
[2026-06-17 04:35:28,054][root][INFO] - Epoch [3/5], Batch [243/300], Loss: 1.0556 (Overall: 0.7853, Change: 1.5952), TF Ratio: 0.831
[2026-06-17 04:35:30,963][root][INFO] - Epoch [3/5], Batch [244/300], Loss: 1.0551 (Overall: 0.6065, Change: 1.2179), TF Ratio: 0.831
[2026-06-17 04:35:31,120][root][INFO] - Epoch [3/5], Batch [245/300], Loss: 1.0555 (Overall: 0.8204, Change: 1.5119), TF Ratio: 0.831
[2026-06-17 04:35:31,274][root][INFO] - Epoch [3/5], Batch [246/300], Loss: 1.0547 (Overall: 0.6077, Change: 1.0973), TF Ratio: 0.831
[2026-06-17 04:35:31,434][root][INFO] - Epoch [3/5], Batch [247/300], Loss: 1.0546 (Overall: 0.9475, Change: 1.1451), TF Ratio: 0.831
[2026-06-17 04:35:37,361][root][INFO] - Epoch [3/5], Batch [248/300], Loss: 1.0552 (Overall: 0.9543, Change: 1.4516), TF Ratio: 0.830
[2026-06-17 04:35:37,518][root][INFO] - Epoch [3/5], Batch [249/300], Loss: 1.0551 (Overall: 0.7992, Change: 1.2323), TF Ratio: 0.830
[2026-06-17 04:35:37,670][root][INFO] - Epoch [3/5], Batch [250/300], Loss: 1.0552 (Overall: 0.9330, Change: 1.2103), TF Ratio: 0.830
[2026-06-17 04:35:37,823][root][INFO] - Epoch [3/5], Batch [251/300], Loss: 1.0551 (Overall: 0.6824, Change: 1.3850), TF Ratio: 0.830
[2026-06-17 04:35:42,130][root][INFO] - Epoch [3/5], Batch [252/300], Loss: 1.0545 (Overall: 0.4249, Change: 1.3999), TF Ratio: 0.830
[2026-06-17 04:35:42,286][root][INFO] - Epoch [3/5], Batch [253/300], Loss: 1.0547 (Overall: 0.8119, Change: 1.3740), TF Ratio: 0.829
[2026-06-17 04:35:42,440][root][INFO] - Epoch [3/5], Batch [254/300], Loss: 1.0535 (Overall: 0.4011, Change: 1.1027), TF Ratio: 0.829
[2026-06-17 04:35:42,592][root][INFO] - Epoch [3/5], Batch [255/300], Loss: 1.0541 (Overall: 0.8315, Change: 1.5968), TF Ratio: 0.829
[2026-06-17 04:35:45,450][root][INFO] - Epoch [3/5], Batch [256/300], Loss: 1.0543 (Overall: 0.9144, Change: 1.2953), TF Ratio: 0.829
[2026-06-17 04:35:45,606][root][INFO] - Epoch [3/5], Batch [257/300], Loss: 1.0540 (Overall: 0.6744, Change: 1.2736), TF Ratio: 0.829
[2026-06-17 04:35:45,761][root][INFO] - Epoch [3/5], Batch [258/300], Loss: 1.0519 (Overall: 0.3828, Change: 0.6739), TF Ratio: 0.828
[2026-06-17 04:35:45,914][root][INFO] - Epoch [3/5], Batch [259/300], Loss: 1.0521 (Overall: 0.7312, Change: 1.4384), TF Ratio: 0.828
[2026-06-17 04:35:54,047][root][INFO] - Epoch [3/5], Batch [260/300], Loss: 1.0529 (Overall: 0.8615, Change: 1.6601), TF Ratio: 0.828
[2026-06-17 04:35:54,211][root][INFO] - Epoch [3/5], Batch [261/300], Loss: 1.0526 (Overall: 0.6544, Change: 1.2934), TF Ratio: 0.828
[2026-06-17 04:35:54,363][root][INFO] - Epoch [3/5], Batch [262/300], Loss: 1.0519 (Overall: 0.7436, Change: 1.0325), TF Ratio: 0.828
[2026-06-17 04:35:54,517][root][INFO] - Epoch [3/5], Batch [263/300], Loss: 1.0523 (Overall: 0.6915, Change: 1.6057), TF Ratio: 0.827
[2026-06-17 04:35:55,190][root][INFO] - Epoch [3/5], Batch [264/300], Loss: 1.0523 (Overall: 0.9280, Change: 1.1763), TF Ratio: 0.827
[2026-06-17 04:35:55,344][root][INFO] - Epoch [3/5], Batch [265/300], Loss: 1.0519 (Overall: 0.6601, Change: 1.2486), TF Ratio: 0.827
[2026-06-17 04:35:55,497][root][INFO] - Epoch [3/5], Batch [266/300], Loss: 1.0525 (Overall: 0.8046, Change: 1.5771), TF Ratio: 0.827
[2026-06-17 04:35:55,650][root][INFO] - Epoch [3/5], Batch [267/300], Loss: 1.0526 (Overall: 0.8429, Change: 1.3244), TF Ratio: 0.827
[2026-06-17 04:36:04,807][root][INFO] - Epoch [3/5], Batch [268/300], Loss: 1.0524 (Overall: 0.7954, Change: 1.2375), TF Ratio: 0.826
[2026-06-17 04:36:04,963][root][INFO] - Epoch [3/5], Batch [269/300], Loss: 1.0522 (Overall: 0.6947, Change: 1.2817), TF Ratio: 0.826
[2026-06-17 04:36:05,117][root][INFO] - Epoch [3/5], Batch [270/300], Loss: 1.0527 (Overall: 0.6578, Change: 1.7341), TF Ratio: 0.826
[2026-06-17 04:36:05,271][root][INFO] - Epoch [3/5], Batch [271/300], Loss: 1.0530 (Overall: 0.7385, Change: 1.5123), TF Ratio: 0.826
[2026-06-17 04:36:10,324][root][INFO] - Epoch [3/5], Batch [272/300], Loss: 1.0531 (Overall: 0.4887, Change: 1.6556), TF Ratio: 0.826
[2026-06-17 04:36:10,479][root][INFO] - Epoch [3/5], Batch [273/300], Loss: 1.0531 (Overall: 0.7813, Change: 1.3205), TF Ratio: 0.825
[2026-06-17 04:36:10,631][root][INFO] - Epoch [3/5], Batch [274/300], Loss: 1.0545 (Overall: 0.9870, Change: 1.8927), TF Ratio: 0.825
[2026-06-17 04:36:10,785][root][INFO] - Epoch [3/5], Batch [275/300], Loss: 1.0545 (Overall: 0.5686, Change: 1.5378), TF Ratio: 0.825
[2026-06-17 04:36:10,957][root][INFO] - Epoch [3/5], Batch [276/300], Loss: 1.0547 (Overall: 0.5794, Change: 1.6570), TF Ratio: 0.825
[2026-06-17 04:36:11,110][root][INFO] - Epoch [3/5], Batch [277/300], Loss: 1.0553 (Overall: 1.1900, Change: 1.2317), TF Ratio: 0.825
[2026-06-17 04:36:11,280][root][INFO] - Epoch [3/5], Batch [278/300], Loss: 1.0563 (Overall: 1.1071, Change: 1.5959), TF Ratio: 0.824
[2026-06-17 04:36:11,434][root][INFO] - Epoch [3/5], Batch [279/300], Loss: 1.0560 (Overall: 0.5958, Change: 1.3421), TF Ratio: 0.824
[2026-06-17 04:36:18,179][root][INFO] - Epoch [3/5], Batch [280/300], Loss: 1.0555 (Overall: 0.6227, Change: 1.2192), TF Ratio: 0.824
[2026-06-17 04:36:18,338][root][INFO] - Epoch [3/5], Batch [281/300], Loss: 1.0558 (Overall: 0.5920, Change: 1.6514), TF Ratio: 0.824
[2026-06-17 04:36:18,494][root][INFO] - Epoch [3/5], Batch [282/300], Loss: 1.0556 (Overall: 0.7801, Change: 1.2294), TF Ratio: 0.824
[2026-06-17 04:36:18,647][root][INFO] - Epoch [3/5], Batch [283/300], Loss: 1.0567 (Overall: 1.3453, Change: 1.3931), TF Ratio: 0.823
[2026-06-17 04:36:24,488][root][INFO] - Epoch [3/5], Batch [284/300], Loss: 1.0568 (Overall: 0.8166, Change: 1.3282), TF Ratio: 0.823
[2026-06-17 04:36:24,644][root][INFO] - Epoch [3/5], Batch [285/300], Loss: 1.0565 (Overall: 0.6290, Change: 1.3221), TF Ratio: 0.823
[2026-06-17 04:36:24,797][root][INFO] - Epoch [3/5], Batch [286/300], Loss: 1.0561 (Overall: 0.5874, Change: 1.3287), TF Ratio: 0.823
[2026-06-17 04:36:24,950][root][INFO] - Epoch [3/5], Batch [287/300], Loss: 1.0563 (Overall: 0.7467, Change: 1.4905), TF Ratio: 0.823
[2026-06-17 04:36:25,121][root][INFO] - Epoch [3/5], Batch [288/300], Loss: 1.0570 (Overall: 0.9516, Change: 1.5470), TF Ratio: 0.822
[2026-06-17 04:36:25,274][root][INFO] - Epoch [3/5], Batch [289/300], Loss: 1.0570 (Overall: 0.6904, Change: 1.4314), TF Ratio: 0.822
[2026-06-17 04:36:25,427][root][INFO] - Epoch [3/5], Batch [290/300], Loss: 1.0576 (Overall: 0.8991, Change: 1.5389), TF Ratio: 0.822
[2026-06-17 04:36:25,581][root][INFO] - Epoch [3/5], Batch [291/300], Loss: 1.0570 (Overall: 0.6555, Change: 1.1052), TF Ratio: 0.822
[2026-06-17 04:36:33,203][root][INFO] - Epoch [3/5], Batch [292/300], Loss: 1.0584 (Overall: 1.4636, Change: 1.5087), TF Ratio: 0.822
[2026-06-17 04:36:33,361][root][INFO] - Epoch [3/5], Batch [293/300], Loss: 1.0589 (Overall: 0.9306, Change: 1.4478), TF Ratio: 0.821
[2026-06-17 04:36:33,514][root][INFO] - Epoch [3/5], Batch [294/300], Loss: 1.0578 (Overall: 0.4438, Change: 1.0351), TF Ratio: 0.821
[2026-06-17 04:36:33,668][root][INFO] - Epoch [3/5], Batch [295/300], Loss: 1.0577 (Overall: 0.7406, Change: 1.2942), TF Ratio: 0.821
[2026-06-17 04:36:39,623][root][INFO] - Epoch [3/5], Batch [296/300], Loss: 1.0576 (Overall: 0.7663, Change: 1.2975), TF Ratio: 0.821
[2026-06-17 04:36:39,779][root][INFO] - Epoch [3/5], Batch [297/300], Loss: 1.0572 (Overall: 0.5021, Change: 1.3836), TF Ratio: 0.821
[2026-06-17 04:36:39,933][root][INFO] - Epoch [3/5], Batch [298/300], Loss: 1.0576 (Overall: 1.0018, Change: 1.3774), TF Ratio: 0.820
[2026-06-17 04:36:40,087][root][INFO] - Epoch [3/5], Batch [299/300], Loss: 1.0572 (Overall: 0.6149, Change: 1.2334), TF Ratio: 0.820
[2026-06-17 04:36:40,258][root][INFO] - Epoch [3/5], Batch [300/300], Loss: 1.0563 (Overall: 0.6892, Change: 0.8604), TF Ratio: 0.820
[2026-06-17 04:36:53,275][root][INFO] - Epoch 3 done. Validating...
[2026-06-17 04:37:24,645][root][INFO] - Epoch [3/5] | Train: 1.0530 | Val: 0.7103
[2026-06-17 04:37:24,844][root][INFO] - Checkpoint saved: /gpfs/scratch/bsc32/bsc096444/ai4land-tfm/trained_models/unet_impl/41825210/best_model.pth
[2026-06-17 04:37:25,042][root][INFO] - Checkpoint saved: /gpfs/scratch/bsc32/bsc096444/ai4land-tfm/trained_models/unet_impl/41825210/model_epoch_3.pth
[2026-06-17 04:37:47,455][root][INFO] - Epoch [4/5], Batch [1/300], Loss: 0.7662 (Overall: 0.4951, Change: 1.0372), TF Ratio: 0.820
[2026-06-17 04:37:47,610][root][INFO] - Epoch [4/5], Batch [2/300], Loss: 1.0027 (Overall: 1.0661, Change: 1.4123), TF Ratio: 0.820
[2026-06-17 04:37:47,765][root][INFO] - Epoch [4/5], Batch [3/300], Loss: 0.9347 (Overall: 0.5778, Change: 1.0194), TF Ratio: 0.819
[2026-06-17 04:37:51,671][root][INFO] - Epoch [4/5], Batch [4/300], Loss: 0.9481 (Overall: 0.5706, Change: 1.4060), TF Ratio: 0.819
[2026-06-17 04:37:51,827][root][INFO] - Epoch [4/5], Batch [5/300], Loss: 0.9835 (Overall: 0.8450, Change: 1.4055), TF Ratio: 0.819
[2026-06-17 04:37:51,981][root][INFO] - Epoch [4/5], Batch [6/300], Loss: 0.9351 (Overall: 0.4866, Change: 0.9000), TF Ratio: 0.819
[2026-06-17 04:37:52,133][root][INFO] - Epoch [4/5], Batch [7/300], Loss: 0.9615 (Overall: 0.7005, Change: 1.5392), TF Ratio: 0.819
[2026-06-17 04:37:52,310][root][INFO] - Epoch [4/5], Batch [8/300], Loss: 0.9583 (Overall: 0.5088, Change: 1.3623), TF Ratio: 0.818
[2026-06-17 04:37:52,463][root][INFO] - Epoch [4/5], Batch [9/300], Loss: 0.9671 (Overall: 0.6630, Change: 1.4124), TF Ratio: 0.818
[2026-06-17 04:37:52,615][root][INFO] - Epoch [4/5], Batch [10/300], Loss: 0.9740 (Overall: 0.6976, Change: 1.3754), TF Ratio: 0.818
[2026-06-17 04:37:52,768][root][INFO] - Epoch [4/5], Batch [11/300], Loss: 0.9934 (Overall: 0.8934, Change: 1.4817), TF Ratio: 0.818
[2026-06-17 04:37:59,625][root][INFO] - Epoch [4/5], Batch [12/300], Loss: 0.9880 (Overall: 0.5140, Change: 1.3431), TF Ratio: 0.818
[2026-06-17 04:38:05,396][root][INFO] - Epoch [4/5], Batch [13/300], Loss: 0.9907 (Overall: 0.5834, Change: 1.4622), TF Ratio: 0.817
[2026-06-17 04:38:05,550][root][INFO] - Epoch [4/5], Batch [14/300], Loss: 1.0260 (Overall: 1.2471, Change: 1.7227), TF Ratio: 0.817
[2026-06-17 04:38:05,703][root][INFO] - Epoch [4/5], Batch [15/300], Loss: 1.0486 (Overall: 1.2757, Change: 1.4552), TF Ratio: 0.817
[2026-06-17 04:38:05,872][root][INFO] - Epoch [4/5], Batch [16/300], Loss: 1.0448 (Overall: 0.9929, Change: 0.9807), TF Ratio: 0.817
[2026-06-17 04:38:06,027][root][INFO] - Epoch [4/5], Batch [17/300], Loss: 1.0322 (Overall: 0.5131, Change: 1.1495), TF Ratio: 0.817
[2026-06-17 04:38:06,182][root][INFO] - Epoch [4/5], Batch [18/300], Loss: 1.0182 (Overall: 0.5336, Change: 1.0247), TF Ratio: 0.816
[2026-06-17 04:38:06,335][root][INFO] - Epoch [4/5], Batch [19/300], Loss: 1.0257 (Overall: 0.8957, Change: 1.4275), TF Ratio: 0.816
[2026-06-17 04:38:06,517][root][INFO] - Epoch [4/5], Batch [20/300], Loss: 1.0311 (Overall: 0.8429, Change: 1.4241), TF Ratio: 0.816
[2026-06-17 04:38:06,671][root][INFO] - Epoch [4/5], Batch [21/300], Loss: 1.0182 (Overall: 0.5356, Change: 0.9848), TF Ratio: 0.816
[2026-06-17 04:38:06,824][root][INFO] - Epoch [4/5], Batch [22/300], Loss: 1.0186 (Overall: 0.8252, Change: 1.2280), TF Ratio: 0.816
[2026-06-17 04:38:06,978][root][INFO] - Epoch [4/5], Batch [23/300], Loss: 0.9966 (Overall: 1.0251, Change: 0.0000), TF Ratio: 0.815
[2026-06-17 04:38:12,240][root][INFO] - Epoch [4/5], Batch [24/300], Loss: 1.0051 (Overall: 0.8249, Change: 1.5767), TF Ratio: 0.815
[2026-06-17 04:38:19,700][root][INFO] - Epoch [4/5], Batch [25/300], Loss: 0.9905 (Overall: 0.5541, Change: 0.7250), TF Ratio: 0.815
[2026-06-17 04:38:19,853][root][INFO] - Epoch [4/5], Batch [26/300], Loss: 0.9834 (Overall: 0.6047, Change: 1.0075), TF Ratio: 0.815
[2026-06-17 04:38:20,007][root][INFO] - Epoch [4/5], Batch [27/300], Loss: 0.9791 (Overall: 0.4950, Change: 1.2403), TF Ratio: 0.815
[2026-06-17 04:38:20,194][root][INFO] - Epoch [4/5], Batch [28/300], Loss: 0.9834 (Overall: 0.6341, Change: 1.5685), TF Ratio: 0.814
[2026-06-17 04:38:20,349][root][INFO] - Epoch [4/5], Batch [29/300], Loss: 0.9813 (Overall: 0.6338, Change: 1.2081), TF Ratio: 0.814
[2026-06-17 04:38:20,502][root][INFO] - Epoch [4/5], Batch [30/300], Loss: 0.9884 (Overall: 0.8852, Change: 1.5016), TF Ratio: 0.814
[2026-06-17 04:38:20,655][root][INFO] - Epoch [4/5], Batch [31/300], Loss: 0.9913 (Overall: 0.7083, Change: 1.4504), TF Ratio: 0.814
[2026-06-17 04:38:20,826][root][INFO] - Epoch [4/5], Batch [32/300], Loss: 1.0004 (Overall: 0.5913, Change: 1.9705), TF Ratio: 0.814
[2026-06-17 04:38:20,981][root][INFO] - Epoch [4/5], Batch [33/300], Loss: 1.0069 (Overall: 0.8423, Change: 1.5900), TF Ratio: 0.813
[2026-06-17 04:38:21,135][root][INFO] - Epoch [4/5], Batch [34/300], Loss: 1.0087 (Overall: 0.7183, Change: 1.4164), TF Ratio: 0.813
[2026-06-17 04:38:21,289][root][INFO] - Epoch [4/5], Batch [35/300], Loss: 1.0036 (Overall: 0.7038, Change: 0.9620), TF Ratio: 0.813
[2026-06-17 04:38:24,841][root][INFO] - Epoch [4/5], Batch [36/300], Loss: 1.0087 (Overall: 0.9025, Change: 1.4707), TF Ratio: 0.813
[2026-06-17 04:38:34,413][root][INFO] - Epoch [4/5], Batch [37/300], Loss: 1.0109 (Overall: 0.7973, Change: 1.3793), TF Ratio: 0.813
[2026-06-17 04:38:34,567][root][INFO] - Epoch [4/5], Batch [38/300], Loss: 1.0100 (Overall: 0.5504, Change: 1.4076), TF Ratio: 0.812
[2026-06-17 04:38:34,720][root][INFO] - Epoch [4/5], Batch [39/300], Loss: 1.0110 (Overall: 0.8506, Change: 1.2441), TF Ratio: 0.812
[2026-06-17 04:38:34,895][root][INFO] - Epoch [4/5], Batch [40/300], Loss: 1.0051 (Overall: 0.7049, Change: 0.8419), TF Ratio: 0.812
[2026-06-17 04:38:35,049][root][INFO] - Epoch [4/5], Batch [41/300], Loss: 1.0092 (Overall: 0.7632, Change: 1.5841), TF Ratio: 0.812
[2026-06-17 04:38:35,212][root][INFO] - Epoch [4/5], Batch [42/300], Loss: 1.0096 (Overall: 0.5902, Change: 1.4680), TF Ratio: 0.812
[2026-06-17 04:38:35,365][root][INFO] - Epoch [4/5], Batch [43/300], Loss: 1.0096 (Overall: 0.5046, Change: 1.5137), TF Ratio: 0.811
[2026-06-17 04:38:37,814][root][INFO] - Epoch [4/5], Batch [44/300], Loss: 1.0071 (Overall: 0.7215, Change: 1.0782), TF Ratio: 0.811
[2026-06-17 04:38:37,969][root][INFO] - Epoch [4/5], Batch [45/300], Loss: 1.0069 (Overall: 0.7535, Change: 1.2369), TF Ratio: 0.811
[2026-06-17 04:38:38,121][root][INFO] - Epoch [4/5], Batch [46/300], Loss: 1.0171 (Overall: 1.0159, Change: 1.9416), TF Ratio: 0.811
[2026-06-17 04:38:38,276][root][INFO] - Epoch [4/5], Batch [47/300], Loss: 1.0201 (Overall: 0.8532, Change: 1.4593), TF Ratio: 0.811
[2026-06-17 04:38:42,735][root][INFO] - Epoch [4/5], Batch [48/300], Loss: 1.0200 (Overall: 0.5722, Change: 1.4590), TF Ratio: 0.810
[2026-06-17 04:38:48,462][root][INFO] - Epoch [4/5], Batch [49/300], Loss: 1.0193 (Overall: 0.6195, Change: 1.3537), TF Ratio: 0.810
[2026-06-17 04:38:48,615][root][INFO] - Epoch [4/5], Batch [50/300], Loss: 1.0200 (Overall: 0.6736, Change: 1.4371), TF Ratio: 0.810
[2026-06-17 04:38:48,768][root][INFO] - Epoch [4/5], Batch [51/300], Loss: 1.0157 (Overall: 0.5968, Change: 1.0038), TF Ratio: 0.810
[2026-06-17 04:38:48,937][root][INFO] - Epoch [4/5], Batch [52/300], Loss: 1.0149 (Overall: 0.8390, Change: 1.1069), TF Ratio: 0.810
[2026-06-17 04:38:49,092][root][INFO] - Epoch [4/5], Batch [53/300], Loss: 1.0196 (Overall: 1.1259, Change: 1.4039), TF Ratio: 0.809
[2026-06-17 04:38:49,245][root][INFO] - Epoch [4/5], Batch [54/300], Loss: 1.0199 (Overall: 0.5741, Change: 1.4939), TF Ratio: 0.809
[2026-06-17 04:38:49,409][root][INFO] - Epoch [4/5], Batch [55/300], Loss: 1.0210 (Overall: 0.6952, Change: 1.4650), TF Ratio: 0.809
[2026-06-17 04:38:51,720][root][INFO] - Epoch [4/5], Batch [56/300], Loss: 1.0193 (Overall: 0.4291, Change: 1.4275), TF Ratio: 0.809
[2026-06-17 04:38:51,876][root][INFO] - Epoch [4/5], Batch [57/300], Loss: 1.0212 (Overall: 0.6474, Change: 1.6090), TF Ratio: 0.809
[2026-06-17 04:38:52,029][root][INFO] - Epoch [4/5], Batch [58/300], Loss: 1.0206 (Overall: 0.6341, Change: 1.3289), TF Ratio: 0.808
[2026-06-17 04:38:52,182][root][INFO] - Epoch [4/5], Batch [59/300], Loss: 1.0176 (Overall: 0.7592, Change: 0.9343), TF Ratio: 0.808
[2026-06-17 04:38:56,082][root][INFO] - Epoch [4/5], Batch [60/300], Loss: 1.0146 (Overall: 0.7768, Change: 0.8942), TF Ratio: 0.808
[2026-06-17 04:39:02,678][root][INFO] - Epoch [4/5], Batch [61/300], Loss: 1.0124 (Overall: 0.7084, Change: 1.0526), TF Ratio: 0.808
[2026-06-17 04:39:02,832][root][INFO] - Epoch [4/5], Batch [62/300], Loss: 1.0115 (Overall: 0.6145, Change: 1.3049), TF Ratio: 0.808
[2026-06-17 04:39:02,984][root][INFO] - Epoch [4/5], Batch [63/300], Loss: 1.0134 (Overall: 1.1225, Change: 1.1338), TF Ratio: 0.807
[2026-06-17 04:39:03,151][root][INFO] - Epoch [4/5], Batch [64/300], Loss: 1.0143 (Overall: 0.7041, Change: 1.4382), TF Ratio: 0.807
[2026-06-17 04:39:03,307][root][INFO] - Epoch [4/5], Batch [65/300], Loss: 1.0171 (Overall: 0.7965, Change: 1.5971), TF Ratio: 0.807
[2026-06-17 04:39:03,460][root][INFO] - Epoch [4/5], Batch [66/300], Loss: 1.0172 (Overall: 0.9683, Change: 1.0840), TF Ratio: 0.807
[2026-06-17 04:39:03,616][root][INFO] - Epoch [4/5], Batch [67/300], Loss: 1.0149 (Overall: 0.7453, Change: 0.9831), TF Ratio: 0.807
[2026-06-17 04:39:05,654][root][INFO] - Epoch [4/5], Batch [68/300], Loss: 1.0130 (Overall: 0.6387, Change: 1.1266), TF Ratio: 0.806
[2026-06-17 04:39:05,807][root][INFO] - Epoch [4/5], Batch [69/300], Loss: 1.0137 (Overall: 0.6139, Change: 1.5031), TF Ratio: 0.806
[2026-06-17 04:39:05,959][root][INFO] - Epoch [4/5], Batch [70/300], Loss: 1.0137 (Overall: 0.9212, Change: 1.1113), TF Ratio: 0.806
[2026-06-17 04:39:06,112][root][INFO] - Epoch [4/5], Batch [71/300], Loss: 1.0125 (Overall: 0.7538, Change: 1.1017), TF Ratio: 0.806
[2026-06-17 04:39:11,178][root][INFO] - Epoch [4/5], Batch [72/300], Loss: 1.0137 (Overall: 0.8737, Change: 1.3313), TF Ratio: 0.806
[2026-06-17 04:39:16,513][root][INFO] - Epoch [4/5], Batch [73/300], Loss: 1.0161 (Overall: 0.4467, Change: 1.9210), TF Ratio: 0.805
[2026-06-17 04:39:16,666][root][INFO] - Epoch [4/5], Batch [74/300], Loss: 1.0107 (Overall: 0.5084, Change: 0.7314), TF Ratio: 0.805
[2026-06-17 04:39:16,818][root][INFO] - Epoch [4/5], Batch [75/300], Loss: 1.0068 (Overall: 0.5266, Change: 0.9029), TF Ratio: 0.805
[2026-06-17 04:39:16,989][root][INFO] - Epoch [4/5], Batch [76/300], Loss: 1.0062 (Overall: 0.6935, Change: 1.2393), TF Ratio: 0.805
[2026-06-17 04:39:17,143][root][INFO] - Epoch [4/5], Batch [77/300], Loss: 1.0085 (Overall: 0.9572, Change: 1.4115), TF Ratio: 0.805
[2026-06-17 04:39:17,296][root][INFO] - Epoch [4/5], Batch [78/300], Loss: 1.0114 (Overall: 0.9448, Change: 1.5244), TF Ratio: 0.804
[2026-06-17 04:39:17,450][root][INFO] - Epoch [4/5], Batch [79/300], Loss: 1.0094 (Overall: 0.7212, Change: 0.9857), TF Ratio: 0.804
[2026-06-17 04:39:20,711][root][INFO] - Epoch [4/5], Batch [80/300], Loss: 1.0102 (Overall: 0.9293, Change: 1.2124), TF Ratio: 0.804
[2026-06-17 04:39:20,868][root][INFO] - Epoch [4/5], Batch [81/300], Loss: 1.0109 (Overall: 0.8664, Change: 1.2648), TF Ratio: 0.804
[2026-06-17 04:39:21,021][root][INFO] - Epoch [4/5], Batch [82/300], Loss: 1.0081 (Overall: 0.5532, Change: 1.0049), TF Ratio: 0.804
[2026-06-17 04:39:21,174][root][INFO] - Epoch [4/5], Batch [83/300], Loss: 1.0049 (Overall: 0.4349, Change: 1.0576), TF Ratio: 0.803
[2026-06-17 04:39:24,830][root][INFO] - Epoch [4/5], Batch [84/300], Loss: 1.0042 (Overall: 0.7628, Change: 1.1332), TF Ratio: 0.803
[2026-06-17 04:39:31,485][root][INFO] - Epoch [4/5], Batch [85/300], Loss: 1.0045 (Overall: 0.7291, Change: 1.3278), TF Ratio: 0.803
[2026-06-17 04:39:31,641][root][INFO] - Epoch [4/5], Batch [86/300], Loss: 1.0088 (Overall: 1.2616, Change: 1.4817), TF Ratio: 0.803
[2026-06-17 04:39:31,799][root][INFO] - Epoch [4/5], Batch [87/300], Loss: 1.0106 (Overall: 0.8447, Change: 1.4798), TF Ratio: 0.803
[2026-06-17 04:39:31,966][root][INFO] - Epoch [4/5], Batch [88/300], Loss: 1.0087 (Overall: 0.5354, Change: 1.1522), TF Ratio: 0.802
[2026-06-17 04:39:32,122][root][INFO] - Epoch [4/5], Batch [89/300], Loss: 1.0091 (Overall: 0.5898, Change: 1.5078), TF Ratio: 0.802
[2026-06-17 04:39:32,275][root][INFO] - Epoch [4/5], Batch [90/300], Loss: 1.0092 (Overall: 0.6165, Change: 1.4158), TF Ratio: 0.802
[2026-06-17 04:39:32,428][root][INFO] - Epoch [4/5], Batch [91/300], Loss: 1.0086 (Overall: 0.7051, Change: 1.1977), TF Ratio: 0.802
[2026-06-17 04:39:35,221][root][INFO] - Epoch [4/5], Batch [92/300], Loss: 1.0052 (Overall: 0.4726, Change: 0.9290), TF Ratio: 0.802
[2026-06-17 04:39:35,376][root][INFO] - Epoch [4/5], Batch [93/300], Loss: 1.0044 (Overall: 0.5275, Change: 1.3254), TF Ratio: 0.801
[2026-06-17 04:39:35,528][root][INFO] - Epoch [4/5], Batch [94/300], Loss: 1.0050 (Overall: 0.8802, Change: 1.2567), TF Ratio: 0.801
[2026-06-17 04:39:35,681][root][INFO] - Epoch [4/5], Batch [95/300], Loss: 1.0040 (Overall: 0.7760, Change: 1.0305), TF Ratio: 0.801
[2026-06-17 04:39:41,047][root][INFO] - Epoch [4/5], Batch [96/300], Loss: 1.0049 (Overall: 0.7511, Change: 1.4331), TF Ratio: 0.801
[2026-06-17 04:39:45,363][root][INFO] - Epoch [4/5], Batch [97/300], Loss: 1.0076 (Overall: 0.9720, Change: 1.5709), TF Ratio: 0.801
[2026-06-17 04:39:45,516][root][INFO] - Epoch [4/5], Batch [98/300], Loss: 1.0071 (Overall: 0.6758, Change: 1.2399), TF Ratio: 0.800
[2026-06-17 04:39:45,670][root][INFO] - Epoch [4/5], Batch [99/300], Loss: 1.0093 (Overall: 1.0889, Change: 1.3471), TF Ratio: 0.800
[2026-06-17 04:39:45,843][root][INFO] - Epoch [4/5], Batch [100/300], Loss: 1.0085 (Overall: 0.5524, Change: 1.3237), TF Ratio: 0.800
[2026-06-17 04:39:45,996][root][INFO] - Epoch [4/5], Batch [101/300], Loss: 1.0090 (Overall: 0.6611, Change: 1.4504), TF Ratio: 0.800
[2026-06-17 04:39:46,149][root][INFO] - Epoch [4/5], Batch [102/300], Loss: 1.0070 (Overall: 0.5627, Change: 1.0532), TF Ratio: 0.800
[2026-06-17 04:39:46,302][root][INFO] - Epoch [4/5], Batch [103/300], Loss: 1.0079 (Overall: 0.8369, Change: 1.3517), TF Ratio: 0.799
[2026-06-17 04:39:54,351][root][INFO] - Epoch [4/5], Batch [104/300], Loss: 1.0061 (Overall: 0.6900, Change: 0.9602), TF Ratio: 0.799
[2026-06-17 04:39:54,511][root][INFO] - Epoch [4/5], Batch [105/300], Loss: 1.0052 (Overall: 0.6148, Change: 1.2058), TF Ratio: 0.799
[2026-06-17 04:39:54,663][root][INFO] - Epoch [4/5], Batch [106/300], Loss: 1.0047 (Overall: 0.7354, Change: 1.1593), TF Ratio: 0.799
[2026-06-17 04:39:54,817][root][INFO] - Epoch [4/5], Batch [107/300], Loss: 1.0044 (Overall: 0.3904, Change: 1.5658), TF Ratio: 0.799
[2026-06-17 04:39:59,775][root][INFO] - Epoch [4/5], Batch [108/300], Loss: 1.0027 (Overall: 0.5805, Change: 1.0579), TF Ratio: 0.798
[2026-06-17 04:40:04,917][root][INFO] - Epoch [4/5], Batch [109/300], Loss: 1.0021 (Overall: 0.5389, Change: 1.3259), TF Ratio: 0.798
[2026-06-17 04:40:05,070][root][INFO] - Epoch [4/5], Batch [110/300], Loss: 1.0023 (Overall: 0.6712, Change: 1.3885), TF Ratio: 0.798
[2026-06-17 04:40:05,223][root][INFO] - Epoch [4/5], Batch [111/300], Loss: 1.0028 (Overall: 0.6212, Change: 1.4891), TF Ratio: 0.798
[2026-06-17 04:40:05,395][root][INFO] - Epoch [4/5], Batch [112/300], Loss: 1.0050 (Overall: 0.8711, Change: 1.6271), TF Ratio: 0.798
[2026-06-17 04:40:05,549][root][INFO] - Epoch [4/5], Batch [113/300], Loss: 1.0083 (Overall: 1.1131, Change: 1.6448), TF Ratio: 0.797
[2026-06-17 04:40:05,702][root][INFO] - Epoch [4/5], Batch [114/300], Loss: 1.0078 (Overall: 0.5264, Change: 1.3715), TF Ratio: 0.797
[2026-06-17 04:40:05,855][root][INFO] - Epoch [4/5], Batch [115/300], Loss: 1.0080 (Overall: 0.6968, Change: 1.3790), TF Ratio: 0.797
[2026-06-17 04:40:08,259][root][INFO] - Epoch [4/5], Batch [116/300], Loss: 1.0095 (Overall: 1.0199, Change: 1.3390), TF Ratio: 0.797
[2026-06-17 04:40:08,414][root][INFO] - Epoch [4/5], Batch [117/300], Loss: 1.0109 (Overall: 0.8569, Change: 1.4851), TF Ratio: 0.797
[2026-06-17 04:40:08,574][root][INFO] - Epoch [4/5], Batch [118/300], Loss: 1.0123 (Overall: 0.5942, Change: 1.7614), TF Ratio: 0.796
[2026-06-17 04:40:08,726][root][INFO] - Epoch [4/5], Batch [119/300], Loss: 1.0122 (Overall: 0.7762, Change: 1.2206), TF Ratio: 0.796
[2026-06-17 04:40:13,351][root][INFO] - Epoch [4/5], Batch [120/300], Loss: 1.0094 (Overall: 0.4457, Change: 0.9144), TF Ratio: 0.796
[2026-06-17 04:40:18,247][root][INFO] - Epoch [4/5], Batch [121/300], Loss: 1.0101 (Overall: 0.8226, Change: 1.3683), TF Ratio: 0.796
[2026-06-17 04:40:18,401][root][INFO] - Epoch [4/5], Batch [122/300], Loss: 1.0101 (Overall: 0.9367, Change: 1.0796), TF Ratio: 0.796
[2026-06-17 04:40:18,556][root][INFO] - Epoch [4/5], Batch [123/300], Loss: 1.0077 (Overall: 0.4121, Change: 1.0193), TF Ratio: 0.795
[2026-06-17 04:40:18,726][root][INFO] - Epoch [4/5], Batch [124/300], Loss: 1.0079 (Overall: 0.7669, Change: 1.2822), TF Ratio: 0.795
[2026-06-17 04:40:18,880][root][INFO] - Epoch [4/5], Batch [125/300], Loss: 1.0118 (Overall: 1.1291, Change: 1.8706), TF Ratio: 0.795
[2026-06-17 04:40:19,033][root][INFO] - Epoch [4/5], Batch [126/300], Loss: 1.0129 (Overall: 0.9727, Change: 1.3306), TF Ratio: 0.795
[2026-06-17 04:40:19,186][root][INFO] - Epoch [4/5], Batch [127/300], Loss: 1.0117 (Overall: 0.6677, Change: 1.0391), TF Ratio: 0.795
[2026-06-17 04:40:22,235][root][INFO] - Epoch [4/5], Batch [128/300], Loss: 1.0124 (Overall: 0.9271, Change: 1.2929), TF Ratio: 0.794
[2026-06-17 04:40:22,388][root][INFO] - Epoch [4/5], Batch [129/300], Loss: 1.0113 (Overall: 0.7041, Change: 1.0285), TF Ratio: 0.794
[2026-06-17 04:40:22,540][root][INFO] - Epoch [4/5], Batch [130/300], Loss: 1.0123 (Overall: 0.8247, Change: 1.4602), TF Ratio: 0.794
[2026-06-17 04:40:22,694][root][INFO] - Epoch [4/5], Batch [131/300], Loss: 1.0112 (Overall: 0.6797, Change: 1.0625), TF Ratio: 0.794
[2026-06-17 04:40:29,656][root][INFO] - Epoch [4/5], Batch [132/300], Loss: 1.0107 (Overall: 0.6632, Change: 1.2192), TF Ratio: 0.794
[2026-06-17 04:40:43,053][root][INFO] - Epoch [4/5], Batch [133/300], Loss: 1.0102 (Overall: 0.5461, Change: 1.3470), TF Ratio: 0.793
[2026-06-17 04:40:43,208][root][INFO] - Epoch [4/5], Batch [134/300], Loss: 1.0105 (Overall: 0.8450, Change: 1.2592), TF Ratio: 0.793
[2026-06-17 04:40:43,360][root][INFO] - Epoch [4/5], Batch [135/300], Loss: 1.0110 (Overall: 0.5976, Change: 1.5556), TF Ratio: 0.793
[2026-06-17 04:40:43,533][root][INFO] - Epoch [4/5], Batch [136/300], Loss: 1.0104 (Overall: 0.9078, Change: 0.9386), TF Ratio: 0.793
[2026-06-17 04:40:43,688][root][INFO] - Epoch [4/5], Batch [137/300], Loss: 1.0116 (Overall: 0.9544, Change: 1.4070), TF Ratio: 0.793
[2026-06-17 04:40:43,840][root][INFO] - Epoch [4/5], Batch [138/300], Loss: 1.0100 (Overall: 0.6270, Change: 0.9636), TF Ratio: 0.792
[2026-06-17 04:40:43,993][root][INFO] - Epoch [4/5], Batch [139/300], Loss: 1.0107 (Overall: 0.8116, Change: 1.3985), TF Ratio: 0.792
[2026-06-17 04:40:44,160][root][INFO] - Epoch [4/5], Batch [140/300], Loss: 1.0101 (Overall: 0.6118, Change: 1.2424), TF Ratio: 0.792
[2026-06-17 04:40:44,313][root][INFO] - Epoch [4/5], Batch [141/300], Loss: 1.0103 (Overall: 0.6004, Change: 1.4593), TF Ratio: 0.792
[2026-06-17 04:40:44,467][root][INFO] - Epoch [4/5], Batch [142/300], Loss: 1.0096 (Overall: 0.5470, Change: 1.2871), TF Ratio: 0.792
[2026-06-17 04:40:44,620][root][INFO] - Epoch [4/5], Batch [143/300], Loss: 1.0111 (Overall: 0.4988, Change: 1.9525), TF Ratio: 0.791
[2026-06-17 04:40:48,712][root][INFO] - Epoch [4/5], Batch [144/300], Loss: 1.0125 (Overall: 1.0712, Change: 1.3594), TF Ratio: 0.791
[2026-06-17 04:40:57,610][root][INFO] - Epoch [4/5], Batch [145/300], Loss: 1.0136 (Overall: 0.8204, Change: 1.5030), TF Ratio: 0.791
[2026-06-17 04:40:57,763][root][INFO] - Epoch [4/5], Batch [146/300], Loss: 1.0153 (Overall: 1.0702, Change: 1.4666), TF Ratio: 0.791
[2026-06-17 04:40:57,916][root][INFO] - Epoch [4/5], Batch [147/300], Loss: 1.0189 (Overall: 1.3622, Change: 1.7332), TF Ratio: 0.791
[2026-06-17 04:40:58,086][root][INFO] - Epoch [4/5], Batch [148/300], Loss: 1.0179 (Overall: 0.5779, Change: 1.1541), TF Ratio: 0.790
[2026-06-17 04:40:58,239][root][INFO] - Epoch [4/5], Batch [149/300], Loss: 1.0185 (Overall: 0.8619, Change: 1.3576), TF Ratio: 0.790
[2026-06-17 04:40:58,391][root][INFO] - Epoch [4/5], Batch [150/300], Loss: 1.0190 (Overall: 0.5098, Change: 1.6797), TF Ratio: 0.790
[2026-06-17 04:40:58,544][root][INFO] - Epoch [4/5], Batch [151/300], Loss: 1.0184 (Overall: 0.8576, Change: 0.9921), TF Ratio: 0.790
[2026-06-17 04:40:58,723][root][INFO] - Epoch [4/5], Batch [152/300], Loss: 1.0177 (Overall: 0.5405, Change: 1.2723), TF Ratio: 0.790
[2026-06-17 04:40:58,891][root][INFO] - Epoch [4/5], Batch [153/300], Loss: 1.0197 (Overall: 0.8558, Change: 1.7914), TF Ratio: 0.789
[2026-06-17 04:40:59,045][root][INFO] - Epoch [4/5], Batch [154/300], Loss: 1.0186 (Overall: 0.8353, Change: 0.8626), TF Ratio: 0.789
[2026-06-17 04:40:59,197][root][INFO] - Epoch [4/5], Batch [155/300], Loss: 1.0178 (Overall: 0.5727, Change: 1.2265), TF Ratio: 0.789
[2026-06-17 04:41:05,065][root][INFO] - Epoch [4/5], Batch [156/300], Loss: 1.0174 (Overall: 0.5632, Change: 1.3537), TF Ratio: 0.789
[2026-06-17 04:41:18,148][root][INFO] - Epoch [4/5], Batch [157/300], Loss: 1.0186 (Overall: 0.8153, Change: 1.5869), TF Ratio: 0.789
[2026-06-17 04:41:18,301][root][INFO] - Epoch [4/5], Batch [158/300], Loss: 1.0172 (Overall: 0.6122, Change: 0.9820), TF Ratio: 0.788
[2026-06-17 04:41:18,453][root][INFO] - Epoch [4/5], Batch [159/300], Loss: 1.0172 (Overall: 0.8664, Change: 1.1731), TF Ratio: 0.788
[2026-06-17 04:41:18,629][root][INFO] - Epoch [4/5], Batch [160/300], Loss: 1.0172 (Overall: 0.6626, Change: 1.3822), TF Ratio: 0.788
[2026-06-17 04:41:18,784][root][INFO] - Epoch [4/5], Batch [161/300], Loss: 1.0166 (Overall: 0.6639, Change: 1.1602), TF Ratio: 0.788
[2026-06-17 04:41:18,937][root][INFO] - Epoch [4/5], Batch [162/300], Loss: 1.0165 (Overall: 0.6470, Change: 1.3615), TF Ratio: 0.788
[2026-06-17 04:41:19,090][root][INFO] - Epoch [4/5], Batch [163/300], Loss: 1.0165 (Overall: 0.9500, Change: 1.0860), TF Ratio: 0.787
[2026-06-17 04:41:19,260][root][INFO] - Epoch [4/5], Batch [164/300], Loss: 1.0157 (Overall: 0.7527, Change: 1.0181), TF Ratio: 0.787
[2026-06-17 04:41:19,413][root][INFO] - Epoch [4/5], Batch [165/300], Loss: 1.0154 (Overall: 0.6386, Change: 1.2868), TF Ratio: 0.787
[2026-06-17 04:41:19,566][root][INFO] - Epoch [4/5], Batch [166/300], Loss: 1.0168 (Overall: 0.9710, Change: 1.5442), TF Ratio: 0.787
[2026-06-17 04:41:19,718][root][INFO] - Epoch [4/5], Batch [167/300], Loss: 1.0180 (Overall: 0.6287, Change: 1.7862), TF Ratio: 0.787
[2026-06-17 04:41:19,886][root][INFO] - Epoch [4/5], Batch [168/300], Loss: 1.0175 (Overall: 0.6365, Change: 1.2302), TF Ratio: 0.786
[2026-06-17 04:41:31,787][root][INFO] - Epoch [4/5], Batch [169/300], Loss: 1.0173 (Overall: 0.6578, Change: 1.2988), TF Ratio: 0.786
[2026-06-17 04:41:31,941][root][INFO] - Epoch [4/5], Batch [170/300], Loss: 1.0182 (Overall: 0.9494, Change: 1.4123), TF Ratio: 0.786
[2026-06-17 04:41:32,094][root][INFO] - Epoch [4/5], Batch [171/300], Loss: 1.0183 (Overall: 0.6824, Change: 1.3919), TF Ratio: 0.786
[2026-06-17 04:41:32,269][root][INFO] - Epoch [4/5], Batch [172/300], Loss: 1.0177 (Overall: 0.5126, Change: 1.2928), TF Ratio: 0.786
[2026-06-17 04:41:32,423][root][INFO] - Epoch [4/5], Batch [173/300], Loss: 1.0178 (Overall: 0.7506, Change: 1.3379), TF Ratio: 0.785
[2026-06-17 04:41:32,576][root][INFO] - Epoch [4/5], Batch [174/300], Loss: 1.0163 (Overall: 0.5216, Change: 0.9828), TF Ratio: 0.785
[2026-06-17 04:41:32,729][root][INFO] - Epoch [4/5], Batch [175/300], Loss: 1.0160 (Overall: 0.8141, Change: 1.1084), TF Ratio: 0.785
[2026-06-17 04:41:32,901][root][INFO] - Epoch [4/5], Batch [176/300], Loss: 1.0154 (Overall: 0.5139, Change: 1.3260), TF Ratio: 0.785
[2026-06-17 04:41:33,054][root][INFO] - Epoch [4/5], Batch [177/300], Loss: 1.0147 (Overall: 0.5866, Change: 1.1808), TF Ratio: 0.785
[2026-06-17 04:41:33,206][root][INFO] - Epoch [4/5], Batch [178/300], Loss: 1.0140 (Overall: 0.5962, Change: 1.1933), TF Ratio: 0.784
[2026-06-17 04:41:33,359][root][INFO] - Epoch [4/5], Batch [179/300], Loss: 1.0132 (Overall: 0.8076, Change: 0.9278), TF Ratio: 0.784
[2026-06-17 04:41:33,538][root][INFO] - Epoch [4/5], Batch [180/300], Loss: 1.0129 (Overall: 0.6034, Change: 1.3037), TF Ratio: 0.784
[2026-06-17 04:41:44,795][root][INFO] - Epoch [4/5], Batch [181/300], Loss: 1.0130 (Overall: 0.7713, Change: 1.2925), TF Ratio: 0.784
[2026-06-17 04:41:44,949][root][INFO] - Epoch [4/5], Batch [182/300], Loss: 1.0122 (Overall: 0.6598, Change: 1.0872), TF Ratio: 0.784
[2026-06-17 04:41:45,101][root][INFO] - Epoch [4/5], Batch [183/300], Loss: 1.0125 (Overall: 0.7249, Change: 1.4150), TF Ratio: 0.783
[2026-06-17 04:41:45,275][root][INFO] - Epoch [4/5], Batch [184/300], Loss: 1.0132 (Overall: 0.6823, Change: 1.5878), TF Ratio: 0.783
[2026-06-17 04:41:45,430][root][INFO] - Epoch [4/5], Batch [185/300], Loss: 1.0131 (Overall: 1.0197, Change: 0.9750), TF Ratio: 0.783
[2026-06-17 04:41:45,583][root][INFO] - Epoch [4/5], Batch [186/300], Loss: 1.0128 (Overall: 0.5423, Change: 1.3709), TF Ratio: 0.783
[2026-06-17 04:41:45,737][root][INFO] - Epoch [4/5], Batch [187/300], Loss: 1.0135 (Overall: 0.9527, Change: 1.3483), TF Ratio: 0.783
[2026-06-17 04:41:45,905][root][INFO] - Epoch [4/5], Batch [188/300], Loss: 1.0142 (Overall: 0.6427, Change: 1.6546), TF Ratio: 0.782
[2026-06-17 04:41:46,059][root][INFO] - Epoch [4/5], Batch [189/300], Loss: 1.0141 (Overall: 0.5196, Change: 1.4607), TF Ratio: 0.782
[2026-06-17 04:41:46,211][root][INFO] - Epoch [4/5], Batch [190/300], Loss: 1.0138 (Overall: 0.5772, Change: 1.3255), TF Ratio: 0.782
[2026-06-17 04:41:46,364][root][INFO] - Epoch [4/5], Batch [191/300], Loss: 1.0132 (Overall: 0.6848, Change: 1.1277), TF Ratio: 0.782
[2026-06-17 04:41:46,545][root][INFO] - Epoch [4/5], Batch [192/300], Loss: 1.0135 (Overall: 0.7055, Change: 1.4336), TF Ratio: 0.782
[2026-06-17 04:41:58,930][root][INFO] - Epoch [4/5], Batch [193/300], Loss: 1.0135 (Overall: 0.9186, Change: 1.1095), TF Ratio: 0.781
[2026-06-17 04:41:59,082][root][INFO] - Epoch [4/5], Batch [194/300], Loss: 1.0131 (Overall: 0.6791, Change: 1.2006), TF Ratio: 0.781
[2026-06-17 04:41:59,236][root][INFO] - Epoch [4/5], Batch [195/300], Loss: 1.0124 (Overall: 0.4865, Change: 1.2454), TF Ratio: 0.781
[2026-06-17 04:41:59,430][root][INFO] - Epoch [4/5], Batch [196/300], Loss: 1.0120 (Overall: 0.5166, Change: 1.3435), TF Ratio: 0.781
[2026-06-17 04:41:59,583][root][INFO] - Epoch [4/5], Batch [197/300], Loss: 1.0125 (Overall: 0.7034, Change: 1.5316), TF Ratio: 0.781
[2026-06-17 04:41:59,736][root][INFO] - Epoch [4/5], Batch [198/300], Loss: 1.0120 (Overall: 0.6887, Change: 1.1346), TF Ratio: 0.780
[2026-06-17 04:41:59,889][root][INFO] - Epoch [4/5], Batch [199/300], Loss: 1.0128 (Overall: 0.8559, Change: 1.4968), TF Ratio: 0.780
[2026-06-17 04:42:00,065][root][INFO] - Epoch [4/5], Batch [200/300], Loss: 1.0112 (Overall: 0.5945, Change: 0.7744), TF Ratio: 0.780
[2026-06-17 04:42:00,219][root][INFO] - Epoch [4/5], Batch [201/300], Loss: 1.0109 (Overall: 0.6009, Change: 1.3064), TF Ratio: 0.780
[2026-06-17 04:42:00,372][root][INFO] - Epoch [4/5], Batch [202/300], Loss: 1.0101 (Overall: 0.6491, Change: 1.0513), TF Ratio: 0.780
[2026-06-17 04:42:00,525][root][INFO] - Epoch [4/5], Batch [203/300], Loss: 1.0096 (Overall: 0.6344, Change: 1.1951), TF Ratio: 0.779
[2026-06-17 04:42:00,699][root][INFO] - Epoch [4/5], Batch [204/300], Loss: 1.0115 (Overall: 0.7531, Change: 2.0468), TF Ratio: 0.779
[2026-06-17 04:42:13,040][root][INFO] - Epoch [4/5], Batch [205/300], Loss: 1.0120 (Overall: 0.8097, Change: 1.4085), TF Ratio: 0.779
[2026-06-17 04:42:13,193][root][INFO] - Epoch [4/5], Batch [206/300], Loss: 1.0125 (Overall: 1.0108, Change: 1.2004), TF Ratio: 0.779
[2026-06-17 04:42:13,346][root][INFO] - Epoch [4/5], Batch [207/300], Loss: 1.0123 (Overall: 0.5979, Change: 1.3481), TF Ratio: 0.779
[2026-06-17 04:42:13,521][root][INFO] - Epoch [4/5], Batch [208/300], Loss: 1.0129 (Overall: 1.1364, Change: 1.1616), TF Ratio: 0.778
[2026-06-17 04:42:13,674][root][INFO] - Epoch [4/5], Batch [209/300], Loss: 1.0126 (Overall: 0.4916, Change: 1.3799), TF Ratio: 0.778
[2026-06-17 04:42:13,828][root][INFO] - Epoch [4/5], Batch [210/300], Loss: 1.0132 (Overall: 0.5239, Change: 1.7716), TF Ratio: 0.778
[2026-06-17 04:42:13,981][root][INFO] - Epoch [4/5], Batch [211/300], Loss: 1.0127 (Overall: 0.5658, Change: 1.2631), TF Ratio: 0.778
[2026-06-17 04:42:14,149][root][INFO] - Epoch [4/5], Batch [212/300], Loss: 1.0118 (Overall: 0.7742, Change: 0.8497), TF Ratio: 0.778
[2026-06-17 04:42:14,301][root][INFO] - Epoch [4/5], Batch [213/300], Loss: 1.0122 (Overall: 0.8363, Change: 1.3553), TF Ratio: 0.777
[2026-06-17 04:42:14,461][root][INFO] - Epoch [4/5], Batch [214/300], Loss: 1.0127 (Overall: 0.7037, Change: 1.5295), TF Ratio: 0.777
[2026-06-17 04:42:14,615][root][INFO] - Epoch [4/5], Batch [215/300], Loss: 1.0130 (Overall: 0.9509, Change: 1.2103), TF Ratio: 0.777
[2026-06-17 04:42:14,787][root][INFO] - Epoch [4/5], Batch [216/300], Loss: 1.0137 (Overall: 0.5779, Change: 1.7728), TF Ratio: 0.777
[2026-06-17 04:42:25,762][root][INFO] - Epoch [4/5], Batch [217/300], Loss: 1.0132 (Overall: 0.6254, Change: 1.1859), TF Ratio: 0.777
[2026-06-17 04:42:25,915][root][INFO] - Epoch [4/5], Batch [218/300], Loss: 1.0115 (Overall: 0.5221, Change: 0.7401), TF Ratio: 0.776
[2026-06-17 04:42:26,069][root][INFO] - Epoch [4/5], Batch [219/300], Loss: 1.0125 (Overall: 0.8707, Change: 1.5833), TF Ratio: 0.776
[2026-06-17 04:42:26,237][root][INFO] - Epoch [4/5], Batch [220/300], Loss: 1.0123 (Overall: 0.5162, Change: 1.4434), TF Ratio: 0.776
[2026-06-17 04:42:26,392][root][INFO] - Epoch [4/5], Batch [221/300], Loss: 1.0134 (Overall: 0.8491, Change: 1.6684), TF Ratio: 0.776
[2026-06-17 04:42:26,546][root][INFO] - Epoch [4/5], Batch [222/300], Loss: 1.0137 (Overall: 0.5876, Change: 1.5328), TF Ratio: 0.776
[2026-06-17 04:42:26,699][root][INFO] - Epoch [4/5], Batch [223/300], Loss: 1.0135 (Overall: 0.6541, Change: 1.3256), TF Ratio: 0.775
[2026-06-17 04:42:32,433][root][INFO] - Epoch [4/5], Batch [224/300], Loss: 1.0140 (Overall: 0.6305, Change: 1.6070), TF Ratio: 0.775
[2026-06-17 04:42:32,590][root][INFO] - Epoch [4/5], Batch [225/300], Loss: 1.0137 (Overall: 0.6032, Change: 1.3006), TF Ratio: 0.775
[2026-06-17 04:42:32,742][root][INFO] - Epoch [4/5], Batch [226/300], Loss: 1.0151 (Overall: 1.0240, Change: 1.6087), TF Ratio: 0.775
[2026-06-17 04:42:32,896][root][INFO] - Epoch [4/5], Batch [227/300], Loss: 1.0150 (Overall: 0.5265, Change: 1.4562), TF Ratio: 0.775
[2026-06-17 04:42:33,076][root][INFO] - Epoch [4/5], Batch [228/300], Loss: 1.0152 (Overall: 0.6012, Change: 1.5429), TF Ratio: 0.774
[2026-06-17 04:42:38,722][root][INFO] - Epoch [4/5], Batch [229/300], Loss: 1.0152 (Overall: 0.7191, Change: 1.2952), TF Ratio: 0.774
[2026-06-17 04:42:38,874][root][INFO] - Epoch [4/5], Batch [230/300], Loss: 1.0152 (Overall: 0.5131, Change: 1.5063), TF Ratio: 0.774
[2026-06-17 04:42:39,027][root][INFO] - Epoch [4/5], Batch [231/300], Loss: 1.0155 (Overall: 0.6346, Change: 1.5622), TF Ratio: 0.774
[2026-06-17 04:42:39,201][root][INFO] - Epoch [4/5], Batch [232/300], Loss: 1.0163 (Overall: 0.7652, Change: 1.6128), TF Ratio: 0.774
[2026-06-17 04:42:39,355][root][INFO] - Epoch [4/5], Batch [233/300], Loss: 1.0160 (Overall: 0.7201, Change: 1.1789), TF Ratio: 0.773
[2026-06-17 04:42:39,507][root][INFO] - Epoch [4/5], Batch [234/300], Loss: 1.0167 (Overall: 0.8702, Change: 1.4970), TF Ratio: 0.773
[2026-06-17 04:42:39,660][root][INFO] - Epoch [4/5], Batch [235/300], Loss: 1.0173 (Overall: 0.7802, Change: 1.5166), TF Ratio: 0.773
[2026-06-17 04:42:45,970][root][INFO] - Epoch [4/5], Batch [236/300], Loss: 1.0170 (Overall: 0.6815, Change: 1.2114), TF Ratio: 0.773
[2026-06-17 04:42:46,126][root][INFO] - Epoch [4/5], Batch [237/300], Loss: 1.0169 (Overall: 0.7381, Change: 1.2741), TF Ratio: 0.773
[2026-06-17 04:42:46,278][root][INFO] - Epoch [4/5], Batch [238/300], Loss: 1.0176 (Overall: 0.9241, Change: 1.4324), TF Ratio: 0.772
[2026-06-17 04:42:46,430][root][INFO] - Epoch [4/5], Batch [239/300], Loss: 1.0182 (Overall: 0.9088, Change: 1.4291), TF Ratio: 0.772
[2026-06-17 04:42:46,597][root][INFO] - Epoch [4/5], Batch [240/300], Loss: 1.0183 (Overall: 0.8108, Change: 1.2718), TF Ratio: 0.772
[2026-06-17 04:42:51,068][root][INFO] - Epoch [4/5], Batch [241/300], Loss: 1.0177 (Overall: 0.5748, Change: 1.1661), TF Ratio: 0.772
[2026-06-17 04:42:51,221][root][INFO] - Epoch [4/5], Batch [242/300], Loss: 1.0202 (Overall: 0.9325, Change: 2.2941), TF Ratio: 0.772
[2026-06-17 04:42:51,383][root][INFO] - Epoch [4/5], Batch [243/300], Loss: 1.0199 (Overall: 0.6354, Change: 1.2694), TF Ratio: 0.771
[2026-06-17 04:42:51,550][root][INFO] - Epoch [4/5], Batch [244/300], Loss: 1.0201 (Overall: 0.7539, Change: 1.3937), TF Ratio: 0.771
[2026-06-17 04:42:51,705][root][INFO] - Epoch [4/5], Batch [245/300], Loss: 1.0199 (Overall: 0.7619, Change: 1.1571), TF Ratio: 0.771
[2026-06-17 04:42:51,858][root][INFO] - Epoch [4/5], Batch [246/300], Loss: 1.0207 (Overall: 0.7683, Change: 1.6632), TF Ratio: 0.771
[2026-06-17 04:42:52,011][root][INFO] - Epoch [4/5], Batch [247/300], Loss: 1.0201 (Overall: 0.7215, Change: 1.0427), TF Ratio: 0.771
[2026-06-17 04:42:59,874][root][INFO] - Epoch [4/5], Batch [248/300], Loss: 1.0202 (Overall: 0.8038, Change: 1.2967), TF Ratio: 0.770
[2026-06-17 04:43:00,030][root][INFO] - Epoch [4/5], Batch [249/300], Loss: 1.0210 (Overall: 0.9236, Change: 1.4827), TF Ratio: 0.770
[2026-06-17 04:43:00,182][root][INFO] - Epoch [4/5], Batch [250/300], Loss: 1.0209 (Overall: 0.6054, Change: 1.3891), TF Ratio: 0.770
[2026-06-17 04:43:00,335][root][INFO] - Epoch [4/5], Batch [251/300], Loss: 1.0212 (Overall: 0.8999, Change: 1.2934), TF Ratio: 0.770
[2026-06-17 04:43:00,514][root][INFO] - Epoch [4/5], Batch [252/300], Loss: 1.0214 (Overall: 0.7214, Change: 1.4325), TF Ratio: 0.770
[2026-06-17 04:43:05,470][root][INFO] - Epoch [4/5], Batch [253/300], Loss: 1.0214 (Overall: 0.8406, Change: 1.2040), TF Ratio: 0.769
[2026-06-17 04:43:05,625][root][INFO] - Epoch [4/5], Batch [254/300], Loss: 1.0207 (Overall: 0.4491, Change: 1.2193), TF Ratio: 0.769
[2026-06-17 04:43:05,779][root][INFO] - Epoch [4/5], Batch [255/300], Loss: 1.0208 (Overall: 0.7320, Change: 1.4054), TF Ratio: 0.769
[2026-06-17 04:43:05,959][root][INFO] - Epoch [4/5], Batch [256/300], Loss: 1.0206 (Overall: 0.6328, Change: 1.2930), TF Ratio: 0.769
[2026-06-17 04:43:06,113][root][INFO] - Epoch [4/5], Batch [257/300], Loss: 1.0222 (Overall: 0.8656, Change: 1.9686), TF Ratio: 0.769
[2026-06-17 04:43:06,266][root][INFO] - Epoch [4/5], Batch [258/300], Loss: 1.0223 (Overall: 0.6879, Change: 1.4359), TF Ratio: 0.768
[2026-06-17 04:43:06,420][root][INFO] - Epoch [4/5], Batch [259/300], Loss: 1.0217 (Overall: 0.5891, Change: 1.1357), TF Ratio: 0.768
[2026-06-17 04:43:13,630][root][INFO] - Epoch [4/5], Batch [260/300], Loss: 1.0206 (Overall: 0.6024, Change: 0.8923), TF Ratio: 0.768
[2026-06-17 04:43:13,790][root][INFO] - Epoch [4/5], Batch [261/300], Loss: 1.0208 (Overall: 1.0236, Change: 1.1201), TF Ratio: 0.768
[2026-06-17 04:43:13,944][root][INFO] - Epoch [4/5], Batch [262/300], Loss: 1.0196 (Overall: 0.3686, Change: 1.0455), TF Ratio: 0.768
[2026-06-17 04:43:14,098][root][INFO] - Epoch [4/5], Batch [263/300], Loss: 1.0190 (Overall: 0.5415, Change: 1.1569), TF Ratio: 0.767
[2026-06-17 04:43:14,563][root][INFO] - Epoch [4/5], Batch [264/300], Loss: 1.0195 (Overall: 0.8359, Change: 1.4619), TF Ratio: 0.767
[2026-06-17 04:43:19,196][root][INFO] - Epoch [4/5], Batch [265/300], Loss: 1.0185 (Overall: 0.5973, Change: 0.9092), TF Ratio: 0.767
[2026-06-17 04:43:19,349][root][INFO] - Epoch [4/5], Batch [266/300], Loss: 1.0189 (Overall: 0.6828, Change: 1.6005), TF Ratio: 0.767
[2026-06-17 04:43:19,512][root][INFO] - Epoch [4/5], Batch [267/300], Loss: 1.0194 (Overall: 0.9400, Change: 1.3350), TF Ratio: 0.767
[2026-06-17 04:43:19,677][root][INFO] - Epoch [4/5], Batch [268/300], Loss: 1.0199 (Overall: 0.4304, Change: 1.8710), TF Ratio: 0.766
[2026-06-17 04:43:19,831][root][INFO] - Epoch [4/5], Batch [269/300], Loss: 1.0197 (Overall: 0.7428, Change: 1.2070), TF Ratio: 0.766
[2026-06-17 04:43:19,985][root][INFO] - Epoch [4/5], Batch [270/300], Loss: 1.0188 (Overall: 0.6600, Change: 0.8753), TF Ratio: 0.766
[2026-06-17 04:43:20,138][root][INFO] - Epoch [4/5], Batch [271/300], Loss: 1.0187 (Overall: 0.4559, Change: 1.5694), TF Ratio: 0.766
[2026-06-17 04:43:30,458][root][INFO] - Epoch [4/5], Batch [272/300], Loss: 1.0189 (Overall: 1.0064, Change: 1.1298), TF Ratio: 0.766
[2026-06-17 04:43:30,618][root][INFO] - Epoch [4/5], Batch [273/300], Loss: 1.0191 (Overall: 0.7427, Change: 1.4095), TF Ratio: 0.765
[2026-06-17 04:43:30,774][root][INFO] - Epoch [4/5], Batch [274/300], Loss: 1.0193 (Overall: 0.8499, Change: 1.2623), TF Ratio: 0.765
[2026-06-17 04:43:30,926][root][INFO] - Epoch [4/5], Batch [275/300], Loss: 1.0186 (Overall: 0.4621, Change: 1.2040), TF Ratio: 0.765
[2026-06-17 04:43:31,097][root][INFO] - Epoch [4/5], Batch [276/300], Loss: 1.0191 (Overall: 0.7132, Change: 1.6047), TF Ratio: 0.765
[2026-06-17 04:43:35,489][root][INFO] - Epoch [4/5], Batch [277/300], Loss: 1.0201 (Overall: 0.7398, Change: 1.8315), TF Ratio: 0.765
[2026-06-17 04:43:35,642][root][INFO] - Epoch [4/5], Batch [278/300], Loss: 1.0193 (Overall: 0.7322, Change: 0.8910), TF Ratio: 0.764
[2026-06-17 04:43:35,796][root][INFO] - Epoch [4/5], Batch [279/300], Loss: 1.0194 (Overall: 0.6270, Change: 1.4645), TF Ratio: 0.764
[2026-06-17 04:43:35,963][root][INFO] - Epoch [4/5], Batch [280/300], Loss: 1.0191 (Overall: 0.5941, Change: 1.2426), TF Ratio: 0.764
[2026-06-17 04:43:36,117][root][INFO] - Epoch [4/5], Batch [281/300], Loss: 1.0190 (Overall: 0.3561, Change: 1.6594), TF Ratio: 0.764
[2026-06-17 04:43:36,270][root][INFO] - Epoch [4/5], Batch [282/300], Loss: 1.0196 (Overall: 1.1344, Change: 1.2565), TF Ratio: 0.764
[2026-06-17 04:43:36,426][root][INFO] - Epoch [4/5], Batch [283/300], Loss: 1.0196 (Overall: 0.7831, Change: 1.2179), TF Ratio: 0.763
[2026-06-17 04:43:46,221][root][INFO] - Epoch [4/5], Batch [284/300], Loss: 1.0200 (Overall: 0.5704, Change: 1.7089), TF Ratio: 0.763
[2026-06-17 04:43:46,380][root][INFO] - Epoch [4/5], Batch [285/300], Loss: 1.0206 (Overall: 0.8240, Change: 1.5782), TF Ratio: 0.763
[2026-06-17 04:43:46,534][root][INFO] - Epoch [4/5], Batch [286/300], Loss: 1.0211 (Overall: 0.7311, Change: 1.5710), TF Ratio: 0.763
[2026-06-17 04:43:46,690][root][INFO] - Epoch [4/5], Batch [287/300], Loss: 1.0214 (Overall: 0.7558, Change: 1.4657), TF Ratio: 0.763
[2026-06-17 04:43:46,865][root][INFO] - Epoch [4/5], Batch [288/300], Loss: 1.0221 (Overall: 1.0062, Change: 1.4679), TF Ratio: 0.762
[2026-06-17 04:43:48,547][root][INFO] - Epoch [4/5], Batch [289/300], Loss: 1.0234 (Overall: 0.7637, Change: 2.0257), TF Ratio: 0.762
[2026-06-17 04:43:48,701][root][INFO] - Epoch [4/5], Batch [290/300], Loss: 1.0239 (Overall: 0.8452, Change: 1.4460), TF Ratio: 0.762
[2026-06-17 04:43:48,854][root][INFO] - Epoch [4/5], Batch [291/300], Loss: 1.0241 (Overall: 0.7760, Change: 1.3971), TF Ratio: 0.762
[2026-06-17 04:43:49,027][root][INFO] - Epoch [4/5], Batch [292/300], Loss: 1.0237 (Overall: 0.5572, Change: 1.2767), TF Ratio: 0.762
[2026-06-17 04:43:49,181][root][INFO] - Epoch [4/5], Batch [293/300], Loss: 1.0241 (Overall: 0.7176, Change: 1.5746), TF Ratio: 0.761
[2026-06-17 04:43:49,335][root][INFO] - Epoch [4/5], Batch [294/300], Loss: 1.0240 (Overall: 0.6192, Change: 1.3588), TF Ratio: 0.761
[2026-06-17 04:43:49,487][root][INFO] - Epoch [4/5], Batch [295/300], Loss: 1.0243 (Overall: 0.9626, Change: 1.2552), TF Ratio: 0.761
[2026-06-17 04:44:03,100][root][INFO] - Epoch [4/5], Batch [296/300], Loss: 1.0243 (Overall: 0.8285, Change: 1.2234), TF Ratio: 0.761
[2026-06-17 04:44:03,258][root][INFO] - Epoch [4/5], Batch [297/300], Loss: 1.0261 (Overall: 1.4276, Change: 1.7143), TF Ratio: 0.761
[2026-06-17 04:44:03,411][root][INFO] - Epoch [4/5], Batch [298/300], Loss: 1.0258 (Overall: 0.7621, Change: 1.1101), TF Ratio: 0.760
[2026-06-17 04:44:03,572][root][INFO] - Epoch [4/5], Batch [299/300], Loss: 1.0254 (Overall: 0.4883, Change: 1.2828), TF Ratio: 0.760
[2026-06-17 04:44:03,740][root][INFO] - Epoch [4/5], Batch [300/300], Loss: 1.0244 (Overall: 0.4010, Change: 1.0702), TF Ratio: 0.760
[2026-06-17 04:44:18,367][root][INFO] - Epoch 4 done. Validating...
[2026-06-17 04:44:52,781][root][INFO] - Epoch [4/5] | Train: 1.0236 | Val: 0.6956
[2026-06-17 04:44:53,045][root][INFO] - Checkpoint saved: /gpfs/scratch/bsc32/bsc096444/ai4land-tfm/trained_models/unet_impl/41825210/best_model.pth
[2026-06-17 04:44:53,219][root][INFO] - Checkpoint saved: /gpfs/scratch/bsc32/bsc096444/ai4land-tfm/trained_models/unet_impl/41825210/model_epoch_4.pth
[2026-06-17 04:45:09,576][root][INFO] - Epoch [5/5], Batch [1/300], Loss: 0.9067 (Overall: 0.6495, Change: 1.1640), TF Ratio: 0.760
[2026-06-17 04:45:09,732][root][INFO] - Epoch [5/5], Batch [2/300], Loss: 0.8978 (Overall: 0.6964, Change: 1.0815), TF Ratio: 0.760
[2026-06-17 04:45:09,885][root][INFO] - Epoch [5/5], Batch [3/300], Loss: 0.8838 (Overall: 0.7962, Change: 0.9154), TF Ratio: 0.759
[2026-06-17 04:45:10,821][root][INFO] - Epoch [5/5], Batch [4/300], Loss: 0.8472 (Overall: 0.6102, Change: 0.8648), TF Ratio: 0.759
[2026-06-17 04:45:12,686][root][INFO] - Epoch [5/5], Batch [5/300], Loss: 1.0394 (Overall: 1.8377, Change: 1.7785), TF Ratio: 0.759
[2026-06-17 04:45:12,839][root][INFO] - Epoch [5/5], Batch [6/300], Loss: 1.0652 (Overall: 0.9338, Change: 1.4546), TF Ratio: 0.759
[2026-06-17 04:45:12,991][root][INFO] - Epoch [5/5], Batch [7/300], Loss: 1.0355 (Overall: 0.7095, Change: 1.0045), TF Ratio: 0.759
[2026-06-17 04:45:13,161][root][INFO] - Epoch [5/5], Batch [8/300], Loss: 1.1019 (Overall: 1.4173, Change: 1.7158), TF Ratio: 0.758
[2026-06-17 04:45:13,315][root][INFO] - Epoch [5/5], Batch [9/300], Loss: 1.0905 (Overall: 0.7002, Change: 1.2993), TF Ratio: 0.758
[2026-06-17 04:45:13,467][root][INFO] - Epoch [5/5], Batch [10/300], Loss: 1.0963 (Overall: 0.6884, Change: 1.6086), TF Ratio: 0.758
[2026-06-17 04:45:13,619][root][INFO] - Epoch [5/5], Batch [11/300], Loss: 1.0966 (Overall: 1.0426, Change: 1.1571), TF Ratio: 0.758
[2026-06-17 04:45:27,164][root][INFO] - Epoch [5/5], Batch [12/300], Loss: 1.0783 (Overall: 0.4906, Change: 1.2635), TF Ratio: 0.758
[2026-06-17 04:45:27,320][root][INFO] - Epoch [5/5], Batch [13/300], Loss: 1.0526 (Overall: 0.5451, Change: 0.9420), TF Ratio: 0.757
[2026-06-17 04:45:27,474][root][INFO] - Epoch [5/5], Batch [14/300], Loss: 1.0468 (Overall: 0.5347, Change: 1.4082), TF Ratio: 0.757
[2026-06-17 04:45:27,628][root][INFO] - Epoch [5/5], Batch [15/300], Loss: 1.0364 (Overall: 0.7283, Change: 1.0546), TF Ratio: 0.757
[2026-06-17 04:45:27,793][root][INFO] - Epoch [5/5], Batch [16/300], Loss: 1.0491 (Overall: 0.9098, Change: 1.5686), TF Ratio: 0.757
[2026-06-17 04:45:27,946][root][INFO] - Epoch [5/5], Batch [17/300], Loss: 1.0592 (Overall: 1.0814, Change: 1.3609), TF Ratio: 0.757
[2026-06-17 04:45:28,099][root][INFO] - Epoch [5/5], Batch [18/300], Loss: 1.0529 (Overall: 0.6557, Change: 1.2338), TF Ratio: 0.756
[2026-06-17 04:45:28,253][root][INFO] - Epoch [5/5], Batch [19/300], Loss: 1.0337 (Overall: 0.5194, Change: 0.8583), TF Ratio: 0.756
[2026-06-17 04:45:28,423][root][INFO] - Epoch [5/5], Batch [20/300], Loss: 1.0442 (Overall: 1.3560, Change: 1.1297), TF Ratio: 0.756
[2026-06-17 04:45:28,578][root][INFO] - Epoch [5/5], Batch [21/300], Loss: 1.0435 (Overall: 0.4569, Change: 1.6024), TF Ratio: 0.756
[2026-06-17 04:45:28,731][root][INFO] - Epoch [5/5], Batch [22/300], Loss: 1.0249 (Overall: 0.5609, Change: 0.7105), TF Ratio: 0.756
[2026-06-17 04:45:28,883][root][INFO] - Epoch [5/5], Batch [23/300], Loss: 1.0214 (Overall: 0.6323, Change: 1.2532), TF Ratio: 0.755
[2026-06-17 04:45:44,317][root][INFO] - Epoch [5/5], Batch [24/300], Loss: 1.0204 (Overall: 0.6250, Change: 1.3717), TF Ratio: 0.755
[2026-06-17 04:45:44,472][root][INFO] - Epoch [5/5], Batch [25/300], Loss: 1.0187 (Overall: 0.9214, Change: 1.0332), TF Ratio: 0.755
[2026-06-17 04:45:44,624][root][INFO] - Epoch [5/5], Batch [26/300], Loss: 1.0229 (Overall: 0.8648, Change: 1.3918), TF Ratio: 0.755
[2026-06-17 04:45:44,776][root][INFO] - Epoch [5/5], Batch [27/300], Loss: 1.0232 (Overall: 0.5589, Change: 1.5015), TF Ratio: 0.755
[2026-06-17 04:45:47,187][root][INFO] - Epoch [5/5], Batch [28/300], Loss: 1.0226 (Overall: 0.7495, Change: 1.2672), TF Ratio: 0.754
[2026-06-17 04:45:47,342][root][INFO] - Epoch [5/5], Batch [29/300], Loss: 1.0091 (Overall: 0.4522, Change: 0.8107), TF Ratio: 0.754
[2026-06-17 04:45:47,494][root][INFO] - Epoch [5/5], Batch [30/300], Loss: 1.0085 (Overall: 0.8511, Change: 1.1314), TF Ratio: 0.754
[2026-06-17 04:45:47,648][root][INFO] - Epoch [5/5], Batch [31/300], Loss: 1.0223 (Overall: 0.9921, Change: 1.8774), TF Ratio: 0.754
[2026-06-17 04:45:47,817][root][INFO] - Epoch [5/5], Batch [32/300], Loss: 1.0194 (Overall: 0.5254, Change: 1.3330), TF Ratio: 0.754
[2026-06-17 04:45:47,970][root][INFO] - Epoch [5/5], Batch [33/300], Loss: 1.0208 (Overall: 0.7289, Change: 1.4049), TF Ratio: 0.753
[2026-06-17 04:45:48,123][root][INFO] - Epoch [5/5], Batch [34/300], Loss: 1.0230 (Overall: 0.7547, Change: 1.4351), TF Ratio: 0.753
[2026-06-17 04:45:48,275][root][INFO] - Epoch [5/5], Batch [35/300], Loss: 1.0192 (Overall: 0.6538, Change: 1.1230), TF Ratio: 0.753
[2026-06-17 04:45:58,648][root][INFO] - Epoch [5/5], Batch [36/300], Loss: 1.0341 (Overall: 0.9699, Change: 2.1412), TF Ratio: 0.753
[2026-06-17 04:45:58,803][root][INFO] - Epoch [5/5], Batch [37/300], Loss: 1.0437 (Overall: 1.2677, Change: 1.5105), TF Ratio: 0.753
[2026-06-17 04:45:58,956][root][INFO] - Epoch [5/5], Batch [38/300], Loss: 1.0377 (Overall: 0.5985, Change: 1.0366), TF Ratio: 0.752
[2026-06-17 04:45:59,109][root][INFO] - Epoch [5/5], Batch [39/300], Loss: 1.0362 (Overall: 0.8527, Change: 1.1074), TF Ratio: 0.752
[2026-06-17 04:46:01,668][root][INFO] - Epoch [5/5], Batch [40/300], Loss: 1.0347 (Overall: 0.4443, Change: 1.5086), TF Ratio: 0.752
[2026-06-17 04:46:01,824][root][INFO] - Epoch [5/5], Batch [41/300], Loss: 1.0325 (Overall: 0.6884, Change: 1.1995), TF Ratio: 0.752
[2026-06-17 04:46:01,977][root][INFO] - Epoch [5/5], Batch [42/300], Loss: 1.0464 (Overall: 0.4072, Change: 2.8234), TF Ratio: 0.752
[2026-06-17 04:46:02,129][root][INFO] - Epoch [5/5], Batch [43/300], Loss: 1.0477 (Overall: 0.5428, Change: 1.6582), TF Ratio: 0.751
[2026-06-17 04:46:02,297][root][INFO] - Epoch [5/5], Batch [44/300], Loss: 1.0484 (Overall: 0.6082, Change: 1.5505), TF Ratio: 0.751
[2026-06-17 04:46:02,451][root][INFO] - Epoch [5/5], Batch [45/300], Loss: 1.0517 (Overall: 0.8731, Change: 1.5192), TF Ratio: 0.751
[2026-06-17 04:46:02,605][root][INFO] - Epoch [5/5], Batch [46/300], Loss: 1.0479 (Overall: 0.4359, Change: 1.3210), TF Ratio: 0.751
[2026-06-17 04:46:02,769][root][INFO] - Epoch [5/5], Batch [47/300], Loss: 1.0487 (Overall: 0.8846, Change: 1.2881), TF Ratio: 0.751
[2026-06-17 04:46:12,405][root][INFO] - Epoch [5/5], Batch [48/300], Loss: 1.0559 (Overall: 0.8256, Change: 1.9597), TF Ratio: 0.750
[2026-06-17 04:46:12,560][root][INFO] - Epoch [5/5], Batch [49/300], Loss: 1.0572 (Overall: 1.0329, Change: 1.2067), TF Ratio: 0.750
[2026-06-17 04:46:12,713][root][INFO] - Epoch [5/5], Batch [50/300], Loss: 1.0518 (Overall: 0.6269, Change: 0.9534), TF Ratio: 0.750
[2026-06-17 04:46:12,865][root][INFO] - Epoch [5/5], Batch [51/300], Loss: 1.0514 (Overall: 0.5527, Change: 1.5049), TF Ratio: 0.750
[2026-06-17 04:46:26,129][root][INFO] - Epoch [5/5], Batch [52/300], Loss: 1.0475 (Overall: 0.7488, Change: 0.9502), TF Ratio: 0.750
[2026-06-17 04:46:26,285][root][INFO] - Epoch [5/5], Batch [53/300], Loss: 1.0464 (Overall: 0.6403, Change: 1.3344), TF Ratio: 0.749
[2026-06-17 04:46:26,438][root][INFO] - Epoch [5/5], Batch [54/300], Loss: 1.0436 (Overall: 0.6532, Change: 1.1448), TF Ratio: 0.749
[2026-06-17 04:46:26,592][root][INFO] - Epoch [5/5], Batch [55/300], Loss: 1.0410 (Overall: 0.5763, Change: 1.2182), TF Ratio: 0.749
[2026-06-17 04:46:26,759][root][INFO] - Epoch [5/5], Batch [56/300], Loss: 1.0415 (Overall: 0.6113, Change: 1.5321), TF Ratio: 0.749
[2026-06-17 04:46:26,913][root][INFO] - Epoch [5/5], Batch [57/300], Loss: 1.0517 (Overall: 0.7825, Change: 2.4626), TF Ratio: 0.749
[2026-06-17 04:46:27,066][root][INFO] - Epoch [5/5], Batch [58/300], Loss: 1.0514 (Overall: 0.8442, Change: 1.2215), TF Ratio: 0.748
[2026-06-17 04:46:27,219][root][INFO] - Epoch [5/5], Batch [59/300], Loss: 1.0541 (Overall: 0.9623, Change: 1.4616), TF Ratio: 0.748
[2026-06-17 04:46:27,994][root][INFO] - Epoch [5/5], Batch [60/300], Loss: 1.0557 (Overall: 0.8728, Change: 1.4298), TF Ratio: 0.748
[2026-06-17 04:46:28,148][root][INFO] - Epoch [5/5], Batch [61/300], Loss: 1.0536 (Overall: 0.9203, Change: 0.9255), TF Ratio: 0.748
[2026-06-17 04:46:28,302][root][INFO] - Epoch [5/5], Batch [62/300], Loss: 1.0524 (Overall: 0.5775, Change: 1.3884), TF Ratio: 0.748
[2026-06-17 04:46:28,455][root][INFO] - Epoch [5/5], Batch [63/300], Loss: 1.0501 (Overall: 0.6243, Change: 1.1913), TF Ratio: 0.747
[2026-06-17 04:46:40,812][root][INFO] - Epoch [5/5], Batch [64/300], Loss: 1.0470 (Overall: 0.6627, Change: 1.0328), TF Ratio: 0.747
[2026-06-17 04:46:40,969][root][INFO] - Epoch [5/5], Batch [65/300], Loss: 1.0397 (Overall: 0.5127, Change: 0.6367), TF Ratio: 0.747
[2026-06-17 04:46:41,122][root][INFO] - Epoch [5/5], Batch [66/300], Loss: 1.0377 (Overall: 0.6697, Change: 1.1464), TF Ratio: 0.747
[2026-06-17 04:46:41,276][root][INFO] - Epoch [5/5], Batch [67/300], Loss: 1.0350 (Overall: 0.6982, Change: 1.0162), TF Ratio: 0.747
[2026-06-17 04:46:41,450][root][INFO] - Epoch [5/5], Batch [68/300], Loss: 1.0351 (Overall: 0.6711, Change: 1.4179), TF Ratio: 0.746
[2026-06-17 04:46:41,603][root][INFO] - Epoch [5/5], Batch [69/300], Loss: 1.0307 (Overall: 0.6634, Change: 0.7893), TF Ratio: 0.746
[2026-06-17 04:46:41,755][root][INFO] - Epoch [5/5], Batch [70/300], Loss: 1.0326 (Overall: 1.0270, Change: 1.3093), TF Ratio: 0.746
[2026-06-17 04:46:41,908][root][INFO] - Epoch [5/5], Batch [71/300], Loss: 1.0383 (Overall: 0.9407, Change: 1.9261), TF Ratio: 0.746
[2026-06-17 04:46:42,078][root][INFO] - Epoch [5/5], Batch [72/300], Loss: 1.0411 (Overall: 0.6873, Change: 1.8006), TF Ratio: 0.746
[2026-06-17 04:46:42,231][root][INFO] - Epoch [5/5], Batch [73/300], Loss: 1.0366 (Overall: 0.6000, Change: 0.8219), TF Ratio: 0.745
[2026-06-17 04:46:42,385][root][INFO] - Epoch [5/5], Batch [74/300], Loss: 1.0360 (Overall: 0.5181, Change: 1.4595), TF Ratio: 0.745
[2026-06-17 04:46:42,538][root][INFO] - Epoch [5/5], Batch [75/300], Loss: 1.0336 (Overall: 0.5275, Change: 1.1841), TF Ratio: 0.745
[2026-06-17 04:46:55,425][root][INFO] - Epoch [5/5], Batch [76/300], Loss: 1.0314 (Overall: 0.5287, Change: 1.2035), TF Ratio: 0.745
[2026-06-17 04:46:55,581][root][INFO] - Epoch [5/5], Batch [77/300], Loss: 1.0327 (Overall: 0.9346, Change: 1.3279), TF Ratio: 0.745
[2026-06-17 04:46:55,733][root][INFO] - Epoch [5/5], Batch [78/300], Loss: 1.0315 (Overall: 0.5806, Change: 1.3097), TF Ratio: 0.744
[2026-06-17 04:46:55,886][root][INFO] - Epoch [5/5], Batch [79/300], Loss: 1.0308 (Overall: 0.4934, Change: 1.4525), TF Ratio: 0.744
[2026-06-17 04:46:56,066][root][INFO] - Epoch [5/5], Batch [80/300], Loss: 1.0294 (Overall: 0.7065, Change: 1.1270), TF Ratio: 0.744
[2026-06-17 04:46:56,219][root][INFO] - Epoch [5/5], Batch [81/300], Loss: 1.0289 (Overall: 0.6816, Change: 1.3064), TF Ratio: 0.744
[2026-06-17 04:46:56,372][root][INFO] - Epoch [5/5], Batch [82/300], Loss: 1.0288 (Overall: 0.6825, Change: 1.3515), TF Ratio: 0.744
[2026-06-17 04:46:56,525][root][INFO] - Epoch [5/5], Batch [83/300], Loss: 1.0293 (Overall: 0.6358, Change: 1.5131), TF Ratio: 0.743
[2026-06-17 04:46:56,694][root][INFO] - Epoch [5/5], Batch [84/300], Loss: 1.0306 (Overall: 1.0078, Change: 1.2698), TF Ratio: 0.743
[2026-06-17 04:46:56,848][root][INFO] - Epoch [5/5], Batch [85/300], Loss: 1.0311 (Overall: 0.9543, Change: 1.1782), TF Ratio: 0.743
[2026-06-17 04:46:57,001][root][INFO] - Epoch [5/5], Batch [86/300], Loss: 1.0337 (Overall: 0.6411, Change: 1.8697), TF Ratio: 0.743
[2026-06-17 04:46:57,152][root][INFO] - Epoch [5/5], Batch [87/300], Loss: 1.0296 (Overall: 0.6188, Change: 0.7489), TF Ratio: 0.743
[2026-06-17 04:47:09,973][root][INFO] - Epoch [5/5], Batch [88/300], Loss: 1.0280 (Overall: 0.6795, Change: 1.0886), TF Ratio: 0.742
[2026-06-17 04:47:10,128][root][INFO] - Epoch [5/5], Batch [89/300], Loss: 1.0278 (Overall: 0.9815, Change: 1.0426), TF Ratio: 0.742
[2026-06-17 04:47:10,281][root][INFO] - Epoch [5/5], Batch [90/300], Loss: 1.0267 (Overall: 0.6372, Change: 1.2158), TF Ratio: 0.742
[2026-06-17 04:47:10,433][root][INFO] - Epoch [5/5], Batch [91/300], Loss: 1.0280 (Overall: 0.9451, Change: 1.3553), TF Ratio: 0.742
[2026-06-17 04:47:10,611][root][INFO] - Epoch [5/5], Batch [92/300], Loss: 1.0282 (Overall: 0.5704, Change: 1.5139), TF Ratio: 0.742
[2026-06-17 04:47:10,765][root][INFO] - Epoch [5/5], Batch [93/300], Loss: 1.0282 (Overall: 0.8210, Change: 1.2404), TF Ratio: 0.741
[2026-06-17 04:47:10,918][root][INFO] - Epoch [5/5], Batch [94/300], Loss: 1.0270 (Overall: 0.7231, Change: 1.1080), TF Ratio: 0.741
[2026-06-17 04:47:11,072][root][INFO] - Epoch [5/5], Batch [95/300], Loss: 1.0281 (Overall: 0.7985, Change: 1.4598), TF Ratio: 0.741
[2026-06-17 04:47:13,407][root][INFO] - Epoch [5/5], Batch [96/300], Loss: 1.0272 (Overall: 0.9245, Change: 0.9547), TF Ratio: 0.741
[2026-06-17 04:47:13,560][root][INFO] - Epoch [5/5], Batch [97/300], Loss: 1.0242 (Overall: 0.7219, Change: 0.7462), TF Ratio: 0.741
[2026-06-17 04:47:13,714][root][INFO] - Epoch [5/5], Batch [98/300], Loss: 1.0235 (Overall: 0.5159, Change: 1.3983), TF Ratio: 0.740
[2026-06-17 04:47:13,867][root][INFO] - Epoch [5/5], Batch [99/300], Loss: 1.0237 (Overall: 0.8846, Change: 1.2073), TF Ratio: 0.740
[2026-06-17 04:47:25,852][root][INFO] - Epoch [5/5], Batch [100/300], Loss: 1.0241 (Overall: 0.5971, Change: 1.5230), TF Ratio: 0.740
[2026-06-17 04:47:26,009][root][INFO] - Epoch [5/5], Batch [101/300], Loss: 1.0259 (Overall: 0.7214, Change: 1.6988), TF Ratio: 0.740
[2026-06-17 04:47:26,161][root][INFO] - Epoch [5/5], Batch [102/300], Loss: 1.0261 (Overall: 0.5857, Change: 1.5053), TF Ratio: 0.740
[2026-06-17 04:47:26,314][root][INFO] - Epoch [5/5], Batch [103/300], Loss: 1.0236 (Overall: 0.4210, Change: 1.1149), TF Ratio: 0.739
[2026-06-17 04:47:26,487][root][INFO] - Epoch [5/5], Batch [104/300], Loss: 1.0252 (Overall: 0.8756, Change: 1.5060), TF Ratio: 0.739
[2026-06-17 04:47:26,640][root][INFO] - Epoch [5/5], Batch [105/300], Loss: 1.0242 (Overall: 0.5104, Change: 1.3251), TF Ratio: 0.739
[2026-06-17 04:47:26,792][root][INFO] - Epoch [5/5], Batch [106/300], Loss: 1.0249 (Overall: 0.6460, Change: 1.5595), TF Ratio: 0.739
[2026-06-17 04:47:26,944][root][INFO] - Epoch [5/5], Batch [107/300], Loss: 1.0246 (Overall: 0.7710, Change: 1.2075), TF Ratio: 0.739
[2026-06-17 04:47:30,220][root][INFO] - Epoch [5/5], Batch [108/300], Loss: 1.0256 (Overall: 1.1913, Change: 1.0685), TF Ratio: 0.738
[2026-06-17 04:47:30,374][root][INFO] - Epoch [5/5], Batch [109/300], Loss: 1.0274 (Overall: 0.7954, Change: 1.6646), TF Ratio: 0.738
[2026-06-17 04:47:30,529][root][INFO] - Epoch [5/5], Batch [110/300], Loss: 1.0277 (Overall: 0.7538, Change: 1.3696), TF Ratio: 0.738
[2026-06-17 04:47:30,682][root][INFO] - Epoch [5/5], Batch [111/300], Loss: 1.0275 (Overall: 0.9756, Change: 1.0347), TF Ratio: 0.738
[2026-06-17 04:47:40,200][root][INFO] - Epoch [5/5], Batch [112/300], Loss: 1.0269 (Overall: 0.7405, Change: 1.1738), TF Ratio: 0.738
[2026-06-17 04:47:40,357][root][INFO] - Epoch [5/5], Batch [113/300], Loss: 1.0251 (Overall: 0.7118, Change: 0.9306), TF Ratio: 0.737
[2026-06-17 04:47:40,510][root][INFO] - Epoch [5/5], Batch [114/300], Loss: 1.0263 (Overall: 0.6226, Change: 1.6943), TF Ratio: 0.737
[2026-06-17 04:47:40,662][root][INFO] - Epoch [5/5], Batch [115/300], Loss: 1.0231 (Overall: 0.4819, Change: 0.8483), TF Ratio: 0.737
[2026-06-17 04:47:40,839][root][INFO] - Epoch [5/5], Batch [116/300], Loss: 1.0216 (Overall: 0.7405, Change: 0.9469), TF Ratio: 0.737
[2026-06-17 04:47:40,992][root][INFO] - Epoch [5/5], Batch [117/300], Loss: 1.0219 (Overall: 0.7226, Change: 1.4050), TF Ratio: 0.737
[2026-06-17 04:47:41,145][root][INFO] - Epoch [5/5], Batch [118/300], Loss: 1.0228 (Overall: 0.7570, Change: 1.4927), TF Ratio: 0.736
[2026-06-17 04:47:41,298][root][INFO] - Epoch [5/5], Batch [119/300], Loss: 1.0185 (Overall: 0.5044, Change: 0.5038), TF Ratio: 0.736
[2026-06-17 04:47:46,328][root][INFO] - Epoch [5/5], Batch [120/300], Loss: 1.0185 (Overall: 0.7407, Change: 1.2976), TF Ratio: 0.736
[2026-06-17 04:47:46,482][root][INFO] - Epoch [5/5], Batch [121/300], Loss: 1.0200 (Overall: 0.8746, Change: 1.5421), TF Ratio: 0.736
[2026-06-17 04:47:46,635][root][INFO] - Epoch [5/5], Batch [122/300], Loss: 1.0212 (Overall: 0.6899, Change: 1.6305), TF Ratio: 0.736
[2026-06-17 04:47:46,787][root][INFO] - Epoch [5/5], Batch [123/300], Loss: 1.0231 (Overall: 1.0332, Change: 1.4886), TF Ratio: 0.735
[2026-06-17 04:47:54,619][root][INFO] - Epoch [5/5], Batch [124/300], Loss: 1.0230 (Overall: 0.9253, Change: 1.0847), TF Ratio: 0.735
[2026-06-17 04:47:54,790][root][INFO] - Epoch [5/5], Batch [125/300], Loss: 1.0257 (Overall: 1.3265, Change: 1.3879), TF Ratio: 0.735
[2026-06-17 04:47:54,943][root][INFO] - Epoch [5/5], Batch [126/300], Loss: 1.0248 (Overall: 0.6125, Change: 1.2220), TF Ratio: 0.735
[2026-06-17 04:47:55,096][root][INFO] - Epoch [5/5], Batch [127/300], Loss: 1.0235 (Overall: 0.5790, Change: 1.1357), TF Ratio: 0.735
[2026-06-17 04:47:55,263][root][INFO] - Epoch [5/5], Batch [128/300], Loss: 1.0207 (Overall: 0.4778, Change: 0.8721), TF Ratio: 0.734
[2026-06-17 04:47:55,418][root][INFO] - Epoch [5/5], Batch [129/300], Loss: 1.0203 (Overall: 0.5838, Change: 1.3511), TF Ratio: 0.734
[2026-06-17 04:47:55,571][root][INFO] - Epoch [5/5], Batch [130/300], Loss: 1.0188 (Overall: 0.5766, Change: 1.0667), TF Ratio: 0.734
[2026-06-17 04:47:55,723][root][INFO] - Epoch [5/5], Batch [131/300], Loss: 1.0187 (Overall: 0.6201, Change: 1.3966), TF Ratio: 0.734
[2026-06-17 04:48:02,983][root][INFO] - Epoch [5/5], Batch [132/300], Loss: 1.0209 (Overall: 0.4847, Change: 2.1160), TF Ratio: 0.734
[2026-06-17 04:48:03,137][root][INFO] - Epoch [5/5], Batch [133/300], Loss: 1.0219 (Overall: 0.6825, Change: 1.6469), TF Ratio: 0.733
[2026-06-17 04:48:03,289][root][INFO] - Epoch [5/5], Batch [134/300], Loss: 1.0231 (Overall: 0.7898, Change: 1.5546), TF Ratio: 0.733
[2026-06-17 04:48:03,443][root][INFO] - Epoch [5/5], Batch [135/300], Loss: 1.0240 (Overall: 1.0626, Change: 1.2392), TF Ratio: 0.733
[2026-06-17 04:48:08,802][root][INFO] - Epoch [5/5], Batch [136/300], Loss: 1.0236 (Overall: 0.4281, Change: 1.5022), TF Ratio: 0.733
[2026-06-17 04:48:08,960][root][INFO] - Epoch [5/5], Batch [137/300], Loss: 1.0233 (Overall: 0.5459, Change: 1.4117), TF Ratio: 0.733
[2026-06-17 04:48:09,113][root][INFO] - Epoch [5/5], Batch [138/300], Loss: 1.0206 (Overall: 0.6091, Change: 0.7052), TF Ratio: 0.732
[2026-06-17 04:48:09,266][root][INFO] - Epoch [5/5], Batch [139/300], Loss: 1.0214 (Overall: 0.9136, Change: 1.3455), TF Ratio: 0.732
[2026-06-17 04:48:09,436][root][INFO] - Epoch [5/5], Batch [140/300], Loss: 1.0209 (Overall: 0.5711, Change: 1.3259), TF Ratio: 0.732
[2026-06-17 04:48:09,589][root][INFO] - Epoch [5/5], Batch [141/300], Loss: 1.0222 (Overall: 0.9315, Change: 1.4868), TF Ratio: 0.732
[2026-06-17 04:48:09,745][root][INFO] - Epoch [5/5], Batch [142/300], Loss: 1.0226 (Overall: 0.8742, Change: 1.2965), TF Ratio: 0.732
[2026-06-17 04:48:09,899][root][INFO] - Epoch [5/5], Batch [143/300], Loss: 1.0234 (Overall: 0.9029, Change: 1.3477), TF Ratio: 0.731
[2026-06-17 04:48:19,655][root][INFO] - Epoch [5/5], Batch [144/300], Loss: 1.0229 (Overall: 0.7502, Change: 1.1497), TF Ratio: 0.731
[2026-06-17 04:48:19,812][root][INFO] - Epoch [5/5], Batch [145/300], Loss: 1.0234 (Overall: 0.5113, Change: 1.6996), TF Ratio: 0.731
[2026-06-17 04:48:19,965][root][INFO] - Epoch [5/5], Batch [146/300], Loss: 1.0243 (Overall: 0.6095, Change: 1.7074), TF Ratio: 0.731
[2026-06-17 04:48:20,118][root][INFO] - Epoch [5/5], Batch [147/300], Loss: 1.0243 (Overall: 0.4577, Change: 1.5741), TF Ratio: 0.731
[2026-06-17 04:48:24,458][root][INFO] - Epoch [5/5], Batch [148/300], Loss: 1.0242 (Overall: 0.9787, Change: 1.0536), TF Ratio: 0.730
[2026-06-17 04:48:24,614][root][INFO] - Epoch [5/5], Batch [149/300], Loss: 1.0235 (Overall: 0.7695, Change: 1.0663), TF Ratio: 0.730
[2026-06-17 04:48:24,766][root][INFO] - Epoch [5/5], Batch [150/300], Loss: 1.0235 (Overall: 0.8010, Change: 1.2413), TF Ratio: 0.730
[2026-06-17 04:48:24,920][root][INFO] - Epoch [5/5], Batch [151/300], Loss: 1.0236 (Overall: 0.7726, Change: 1.3161), TF Ratio: 0.730
[2026-06-17 04:48:25,084][root][INFO] - Epoch [5/5], Batch [152/300], Loss: 1.0240 (Overall: 0.8307, Change: 1.3394), TF Ratio: 0.730
[2026-06-17 04:48:25,237][root][INFO] - Epoch [5/5], Batch [153/300], Loss: 1.0247 (Overall: 0.9327, Change: 1.3217), TF Ratio: 0.729
[2026-06-17 04:48:25,390][root][INFO] - Epoch [5/5], Batch [154/300], Loss: 1.0235 (Overall: 0.5584, Change: 1.1304), TF Ratio: 0.729
[2026-06-17 04:48:25,543][root][INFO] - Epoch [5/5], Batch [155/300], Loss: 1.0232 (Overall: 0.4817, Change: 1.4509), TF Ratio: 0.729
[2026-06-17 04:48:34,494][root][INFO] - Epoch [5/5], Batch [156/300], Loss: 1.0226 (Overall: 0.8912, Change: 0.9889), TF Ratio: 0.729
[2026-06-17 04:48:34,649][root][INFO] - Epoch [5/5], Batch [157/300], Loss: 1.0210 (Overall: 0.3929, Change: 1.1313), TF Ratio: 0.729
[2026-06-17 04:48:34,802][root][INFO] - Epoch [5/5], Batch [158/300], Loss: 1.0194 (Overall: 0.5328, Change: 1.0023), TF Ratio: 0.728
[2026-06-17 04:48:34,955][root][INFO] - Epoch [5/5], Batch [159/300], Loss: 1.0207 (Overall: 0.4853, Change: 1.9853), TF Ratio: 0.728
[2026-06-17 04:48:39,063][root][INFO] - Epoch [5/5], Batch [160/300], Loss: 1.0189 (Overall: 0.5361, Change: 0.9116), TF Ratio: 0.728
[2026-06-17 04:48:39,221][root][INFO] - Epoch [5/5], Batch [161/300], Loss: 1.0181 (Overall: 0.4771, Change: 1.3058), TF Ratio: 0.728
[2026-06-17 04:48:39,375][root][INFO] - Epoch [5/5], Batch [162/300], Loss: 1.0173 (Overall: 0.4606, Change: 1.3026), TF Ratio: 0.728
[2026-06-17 04:48:39,528][root][INFO] - Epoch [5/5], Batch [163/300], Loss: 1.0189 (Overall: 0.7488, Change: 1.8323), TF Ratio: 0.727
[2026-06-17 04:48:39,695][root][INFO] - Epoch [5/5], Batch [164/300], Loss: 1.0199 (Overall: 0.9227, Change: 1.4318), TF Ratio: 0.727
[2026-06-17 04:48:39,848][root][INFO] - Epoch [5/5], Batch [165/300], Loss: 1.0200 (Overall: 0.9300, Change: 1.1526), TF Ratio: 0.727
[2026-06-17 04:48:40,002][root][INFO] - Epoch [5/5], Batch [166/300], Loss: 1.0205 (Overall: 0.9861, Change: 1.2261), TF Ratio: 0.727
[2026-06-17 04:48:40,155][root][INFO] - Epoch [5/5], Batch [167/300], Loss: 1.0194 (Overall: 0.7003, Change: 0.9585), TF Ratio: 0.727
[2026-06-17 04:48:49,844][root][INFO] - Epoch [5/5], Batch [168/300], Loss: 1.0198 (Overall: 0.8141, Change: 1.3646), TF Ratio: 0.726
[2026-06-17 04:48:49,998][root][INFO] - Epoch [5/5], Batch [169/300], Loss: 1.0203 (Overall: 0.8116, Change: 1.4091), TF Ratio: 0.726
[2026-06-17 04:48:50,153][root][INFO] - Epoch [5/5], Batch [170/300], Loss: 1.0205 (Overall: 0.7984, Change: 1.2806), TF Ratio: 0.726
[2026-06-17 04:48:50,307][root][INFO] - Epoch [5/5], Batch [171/300], Loss: 1.0196 (Overall: 0.5807, Change: 1.1541), TF Ratio: 0.726
[2026-06-17 04:48:53,025][root][INFO] - Epoch [5/5], Batch [172/300], Loss: 1.0182 (Overall: 0.3959, Change: 1.1615), TF Ratio: 0.726
[2026-06-17 04:48:53,180][root][INFO] - Epoch [5/5], Batch [173/300], Loss: 1.0169 (Overall: 0.4574, Change: 1.1320), TF Ratio: 0.725
[2026-06-17 04:48:53,332][root][INFO] - Epoch [5/5], Batch [174/300], Loss: 1.0164 (Overall: 0.5397, Change: 1.3158), TF Ratio: 0.725
[2026-06-17 04:48:53,485][root][INFO] - Epoch [5/5], Batch [175/300], Loss: 1.0171 (Overall: 0.7657, Change: 1.5080), TF Ratio: 0.725
[2026-06-17 04:48:53,658][root][INFO] - Epoch [5/5], Batch [176/300], Loss: 1.0174 (Overall: 0.6945, Change: 1.4610), TF Ratio: 0.725
[2026-06-17 04:48:53,812][root][INFO] - Epoch [5/5], Batch [177/300], Loss: 1.0173 (Overall: 0.7849, Change: 1.2316), TF Ratio: 0.725
[2026-06-17 04:48:53,965][root][INFO] - Epoch [5/5], Batch [178/300], Loss: 1.0175 (Overall: 0.8343, Change: 1.2450), TF Ratio: 0.724
[2026-06-17 04:48:54,118][root][INFO] - Epoch [5/5], Batch [179/300], Loss: 1.0173 (Overall: 0.6535, Change: 1.3222), TF Ratio: 0.724
[2026-06-17 04:49:03,500][root][INFO] - Epoch [5/5], Batch [180/300], Loss: 1.0173 (Overall: 0.7945, Change: 1.2315), TF Ratio: 0.724
[2026-06-17 04:49:03,654][root][INFO] - Epoch [5/5], Batch [181/300], Loss: 1.0182 (Overall: 1.0419, Change: 1.3085), TF Ratio: 0.724
[2026-06-17 04:49:03,806][root][INFO] - Epoch [5/5], Batch [182/300], Loss: 1.0186 (Overall: 0.6856, Change: 1.5194), TF Ratio: 0.724
[2026-06-17 04:49:03,959][root][INFO] - Epoch [5/5], Batch [183/300], Loss: 1.0187 (Overall: 0.6305, Change: 1.4443), TF Ratio: 0.723
[2026-06-17 04:49:07,263][root][INFO] - Epoch [5/5], Batch [184/300], Loss: 1.0190 (Overall: 0.7719, Change: 1.3577), TF Ratio: 0.723
[2026-06-17 04:49:07,419][root][INFO] - Epoch [5/5], Batch [185/300], Loss: 1.0185 (Overall: 0.5730, Change: 1.2855), TF Ratio: 0.723
[2026-06-17 04:49:07,572][root][INFO] - Epoch [5/5], Batch [186/300], Loss: 1.0186 (Overall: 0.9845, Change: 1.0947), TF Ratio: 0.723
[2026-06-17 04:49:07,726][root][INFO] - Epoch [5/5], Batch [187/300], Loss: 1.0188 (Overall: 0.5189, Change: 1.5889), TF Ratio: 0.723
[2026-06-17 04:49:07,899][root][INFO] - Epoch [5/5], Batch [188/300], Loss: 1.0184 (Overall: 0.5138, Change: 1.3766), TF Ratio: 0.722
[2026-06-17 04:49:08,053][root][INFO] - Epoch [5/5], Batch [189/300], Loss: 1.0187 (Overall: 0.8211, Change: 1.3272), TF Ratio: 0.722
[2026-06-17 04:49:08,206][root][INFO] - Epoch [5/5], Batch [190/300], Loss: 1.0184 (Overall: 0.9378, Change: 0.9873), TF Ratio: 0.722
[2026-06-17 04:49:08,360][root][INFO] - Epoch [5/5], Batch [191/300], Loss: 1.0192 (Overall: 0.9496, Change: 1.3956), TF Ratio: 0.722
[2026-06-17 04:49:19,322][root][INFO] - Epoch [5/5], Batch [192/300], Loss: 1.0186 (Overall: 0.6126, Change: 1.2065), TF Ratio: 0.722
[2026-06-17 04:49:19,476][root][INFO] - Epoch [5/5], Batch [193/300], Loss: 1.0182 (Overall: 0.4134, Change: 1.4597), TF Ratio: 0.721
[2026-06-17 04:49:19,629][root][INFO] - Epoch [5/5], Batch [194/300], Loss: 1.0192 (Overall: 1.1557, Change: 1.2786), TF Ratio: 0.721
[2026-06-17 04:49:19,782][root][INFO] - Epoch [5/5], Batch [195/300], Loss: 1.0187 (Overall: 0.5485, Change: 1.2770), TF Ratio: 0.721
[2026-06-17 04:49:27,142][root][INFO] - Epoch [5/5], Batch [196/300], Loss: 1.0179 (Overall: 0.5301, Change: 1.1836), TF Ratio: 0.721
[2026-06-17 04:49:27,308][root][INFO] - Epoch [5/5], Batch [197/300], Loss: 1.0179 (Overall: 0.6758, Change: 1.3696), TF Ratio: 0.721
[2026-06-17 04:49:27,461][root][INFO] - Epoch [5/5], Batch [198/300], Loss: 1.0183 (Overall: 0.8427, Change: 1.3541), TF Ratio: 0.720
[2026-06-17 04:49:27,614][root][INFO] - Epoch [5/5], Batch [199/300], Loss: 1.0178 (Overall: 0.5474, Change: 1.2867), TF Ratio: 0.720
[2026-06-17 04:49:27,794][root][INFO] - Epoch [5/5], Batch [200/300], Loss: 1.0183 (Overall: 0.7998, Change: 1.4305), TF Ratio: 0.720
[2026-06-17 04:49:27,952][root][INFO] - Epoch [5/5], Batch [201/300], Loss: 1.0169 (Overall: 0.4738, Change: 1.0053), TF Ratio: 0.720
[2026-06-17 04:49:28,105][root][INFO] - Epoch [5/5], Batch [202/300], Loss: 1.0159 (Overall: 0.4346, Change: 1.2077), TF Ratio: 0.720
[2026-06-17 04:49:28,259][root][INFO] - Epoch [5/5], Batch [203/300], Loss: 1.0152 (Overall: 0.6850, Change: 1.0449), TF Ratio: 0.719
[2026-06-17 04:49:36,195][root][INFO] - Epoch [5/5], Batch [204/300], Loss: 1.0137 (Overall: 0.4002, Change: 1.0443), TF Ratio: 0.719
[2026-06-17 04:49:36,350][root][INFO] - Epoch [5/5], Batch [205/300], Loss: 1.0131 (Overall: 0.4952, Change: 1.2885), TF Ratio: 0.719
[2026-06-17 04:49:36,504][root][INFO] - Epoch [5/5], Batch [206/300], Loss: 1.0125 (Overall: 0.5227, Change: 1.2354), TF Ratio: 0.719
[2026-06-17 04:49:36,657][root][INFO] - Epoch [5/5], Batch [207/300], Loss: 1.0122 (Overall: 0.6132, Change: 1.2810), TF Ratio: 0.719
[2026-06-17 04:49:42,480][root][INFO] - Epoch [5/5], Batch [208/300], Loss: 1.0117 (Overall: 0.4832, Change: 1.3465), TF Ratio: 0.718
[2026-06-17 04:49:42,642][root][INFO] - Epoch [5/5], Batch [209/300], Loss: 1.0101 (Overall: 0.5192, Change: 0.8321), TF Ratio: 0.718
[2026-06-17 04:49:42,799][root][INFO] - Epoch [5/5], Batch [210/300], Loss: 1.0107 (Overall: 0.7720, Change: 1.5199), TF Ratio: 0.718
[2026-06-17 04:49:42,953][root][INFO] - Epoch [5/5], Batch [211/300], Loss: 1.0109 (Overall: 0.6026, Change: 1.4708), TF Ratio: 0.718
[2026-06-17 04:49:43,119][root][INFO] - Epoch [5/5], Batch [212/300], Loss: 1.0108 (Overall: 0.7448, Change: 1.2389), TF Ratio: 0.718
[2026-06-17 04:49:43,273][root][INFO] - Epoch [5/5], Batch [213/300], Loss: 1.0095 (Overall: 0.4961, Change: 0.9693), TF Ratio: 0.717
[2026-06-17 04:49:43,426][root][INFO] - Epoch [5/5], Batch [214/300], Loss: 1.0102 (Overall: 0.9581, Change: 1.3741), TF Ratio: 0.717
[2026-06-17 04:49:43,579][root][INFO] - Epoch [5/5], Batch [215/300], Loss: 1.0106 (Overall: 0.8314, Change: 1.3546), TF Ratio: 0.717
[2026-06-17 04:49:50,588][root][INFO] - Epoch [5/5], Batch [216/300], Loss: 1.0107 (Overall: 0.7965, Change: 1.2661), TF Ratio: 0.717
[2026-06-17 04:49:50,742][root][INFO] - Epoch [5/5], Batch [217/300], Loss: 1.0103 (Overall: 0.7485, Change: 1.0858), TF Ratio: 0.717
[2026-06-17 04:49:50,895][root][INFO] - Epoch [5/5], Batch [218/300], Loss: 1.0098 (Overall: 0.5839, Change: 1.2602), TF Ratio: 0.716
[2026-06-17 04:49:51,049][root][INFO] - Epoch [5/5], Batch [219/300], Loss: 1.0102 (Overall: 0.8889, Change: 1.3031), TF Ratio: 0.716
[2026-06-17 04:49:56,548][root][INFO] - Epoch [5/5], Batch [220/300], Loss: 1.0105 (Overall: 0.6531, Change: 1.5032), TF Ratio: 0.716
[2026-06-17 04:49:56,705][root][INFO] - Epoch [5/5], Batch [221/300], Loss: 1.0116 (Overall: 0.9232, Change: 1.5507), TF Ratio: 0.716
[2026-06-17 04:49:56,857][root][INFO] - Epoch [5/5], Batch [222/300], Loss: 1.0105 (Overall: 0.7280, Change: 0.8094), TF Ratio: 0.716
[2026-06-17 04:49:57,011][root][INFO] - Epoch [5/5], Batch [223/300], Loss: 1.0113 (Overall: 0.9317, Change: 1.4513), TF Ratio: 0.715
[2026-06-17 04:49:57,176][root][INFO] - Epoch [5/5], Batch [224/300], Loss: 1.0099 (Overall: 0.5694, Change: 0.8439), TF Ratio: 0.715
[2026-06-17 04:49:57,330][root][INFO] - Epoch [5/5], Batch [225/300], Loss: 1.0102 (Overall: 0.5405, Change: 1.6016), TF Ratio: 0.715
[2026-06-17 04:49:57,483][root][INFO] - Epoch [5/5], Batch [226/300], Loss: 1.0104 (Overall: 0.4931, Change: 1.6384), TF Ratio: 0.715
[2026-06-17 04:49:57,636][root][INFO] - Epoch [5/5], Batch [227/300], Loss: 1.0093 (Overall: 0.6609, Change: 0.8381), TF Ratio: 0.715
[2026-06-17 04:50:04,718][root][INFO] - Epoch [5/5], Batch [228/300], Loss: 1.0097 (Overall: 0.7400, Change: 1.4796), TF Ratio: 0.714
[2026-06-17 04:50:04,872][root][INFO] - Epoch [5/5], Batch [229/300], Loss: 1.0080 (Overall: 0.4204, Change: 0.8219), TF Ratio: 0.714
[2026-06-17 04:50:05,025][root][INFO] - Epoch [5/5], Batch [230/300], Loss: 1.0077 (Overall: 0.5751, Change: 1.2671), TF Ratio: 0.714
[2026-06-17 04:50:05,179][root][INFO] - Epoch [5/5], Batch [231/300], Loss: 1.0072 (Overall: 0.7685, Change: 1.0397), TF Ratio: 0.714
[2026-06-17 04:50:18,604][root][INFO] - Epoch [5/5], Batch [232/300], Loss: 1.0075 (Overall: 0.5581, Change: 1.6086), TF Ratio: 0.714
[2026-06-17 04:50:18,760][root][INFO] - Epoch [5/5], Batch [233/300], Loss: 1.0072 (Overall: 0.6171, Change: 1.2267), TF Ratio: 0.713
[2026-06-17 04:50:18,913][root][INFO] - Epoch [5/5], Batch [234/300], Loss: 1.0074 (Overall: 0.6204, Change: 1.4984), TF Ratio: 0.713
[2026-06-17 04:50:19,066][root][INFO] - Epoch [5/5], Batch [235/300], Loss: 1.0069 (Overall: 0.5904, Change: 1.2021), TF Ratio: 0.713
[2026-06-17 04:50:19,237][root][INFO] - Epoch [5/5], Batch [236/300], Loss: 1.0066 (Overall: 0.5069, Change: 1.3539), TF Ratio: 0.713
[2026-06-17 04:50:19,390][root][INFO] - Epoch [5/5], Batch [237/300], Loss: 1.0060 (Overall: 0.6952, Change: 1.0288), TF Ratio: 0.713
[2026-06-17 04:50:19,543][root][INFO] - Epoch [5/5], Batch [238/300], Loss: 1.0061 (Overall: 0.6815, Change: 1.4012), TF Ratio: 0.712
[2026-06-17 04:50:19,696][root][INFO] - Epoch [5/5], Batch [239/300], Loss: 1.0059 (Overall: 0.5116, Change: 1.3984), TF Ratio: 0.712
[2026-06-17 04:50:22,106][root][INFO] - Epoch [5/5], Batch [240/300], Loss: 1.0049 (Overall: 0.5435, Change: 0.9837), TF Ratio: 0.712
[2026-06-17 04:50:22,259][root][INFO] - Epoch [5/5], Batch [241/300], Loss: 1.0052 (Overall: 0.8793, Change: 1.2492), TF Ratio: 0.712
[2026-06-17 04:50:22,412][root][INFO] - Epoch [5/5], Batch [242/300], Loss: 1.0059 (Overall: 0.7979, Change: 1.5705), TF Ratio: 0.712
[2026-06-17 04:50:22,566][root][INFO] - Epoch [5/5], Batch [243/300], Loss: 1.0061 (Overall: 0.6897, Change: 1.4368), TF Ratio: 0.711
[2026-06-17 04:50:33,036][root][INFO] - Epoch [5/5], Batch [244/300], Loss: 1.0063 (Overall: 0.5388, Change: 1.5622), TF Ratio: 0.711
[2026-06-17 04:50:33,193][root][INFO] - Epoch [5/5], Batch [245/300], Loss: 1.0058 (Overall: 0.6285, Change: 1.1395), TF Ratio: 0.711
[2026-06-17 04:50:33,346][root][INFO] - Epoch [5/5], Batch [246/300], Loss: 1.0062 (Overall: 0.5221, Change: 1.6862), TF Ratio: 0.711
[2026-06-17 04:50:33,499][root][INFO] - Epoch [5/5], Batch [247/300], Loss: 1.0067 (Overall: 0.7550, Change: 1.5079), TF Ratio: 0.711
[2026-06-17 04:50:33,677][root][INFO] - Epoch [5/5], Batch [248/300], Loss: 1.0057 (Overall: 0.5234, Change: 1.0000), TF Ratio: 0.710
[2026-06-17 04:50:33,832][root][INFO] - Epoch [5/5], Batch [249/300], Loss: 1.0058 (Overall: 0.5776, Change: 1.4578), TF Ratio: 0.710
[2026-06-17 04:50:33,986][root][INFO] - Epoch [5/5], Batch [250/300], Loss: 1.0059 (Overall: 0.7104, Change: 1.3723), TF Ratio: 0.710
[2026-06-17 04:50:34,139][root][INFO] - Epoch [5/5], Batch [251/300], Loss: 1.0063 (Overall: 0.8598, Change: 1.3286), TF Ratio: 0.710
[2026-06-17 04:50:36,929][root][INFO] - Epoch [5/5], Batch [252/300], Loss: 1.0056 (Overall: 0.6330, Change: 1.0155), TF Ratio: 0.710
[2026-06-17 04:50:37,084][root][INFO] - Epoch [5/5], Batch [253/300], Loss: 1.0064 (Overall: 0.9344, Change: 1.5101), TF Ratio: 0.709
[2026-06-17 04:50:37,239][root][INFO] - Epoch [5/5], Batch [254/300], Loss: 1.0060 (Overall: 0.7340, Change: 1.0531), TF Ratio: 0.709
[2026-06-17 04:50:37,392][root][INFO] - Epoch [5/5], Batch [255/300], Loss: 1.0052 (Overall: 0.5277, Change: 1.0937), TF Ratio: 0.709
[2026-06-17 04:50:47,885][root][INFO] - Epoch [5/5], Batch [256/300], Loss: 1.0050 (Overall: 0.4238, Change: 1.4851), TF Ratio: 0.709
[2026-06-17 04:50:48,049][root][INFO] - Epoch [5/5], Batch [257/300], Loss: 1.0058 (Overall: 1.0091, Change: 1.3935), TF Ratio: 0.709
[2026-06-17 04:50:48,203][root][INFO] - Epoch [5/5], Batch [258/300], Loss: 1.0042 (Overall: 0.5197, Change: 0.6545), TF Ratio: 0.708
[2026-06-17 04:50:48,356][root][INFO] - Epoch [5/5], Batch [259/300], Loss: 1.0035 (Overall: 0.5668, Change: 1.0936), TF Ratio: 0.708
[2026-06-17 04:50:48,546][root][INFO] - Epoch [5/5], Batch [260/300], Loss: 1.0021 (Overall: 0.3581, Change: 0.9454), TF Ratio: 0.708
[2026-06-17 04:50:48,701][root][INFO] - Epoch [5/5], Batch [261/300], Loss: 1.0020 (Overall: 0.4123, Change: 1.5229), TF Ratio: 0.708
[2026-06-17 04:50:48,854][root][INFO] - Epoch [5/5], Batch [262/300], Loss: 1.0024 (Overall: 0.7403, Change: 1.4565), TF Ratio: 0.708
[2026-06-17 04:50:49,007][root][INFO] - Epoch [5/5], Batch [263/300], Loss: 1.0028 (Overall: 0.4130, Change: 1.8138), TF Ratio: 0.707
[2026-06-17 04:50:50,783][root][INFO] - Epoch [5/5], Batch [264/300], Loss: 1.0034 (Overall: 0.9610, Change: 1.3798), TF Ratio: 0.707
[2026-06-17 04:50:50,936][root][INFO] - Epoch [5/5], Batch [265/300], Loss: 1.0037 (Overall: 0.4685, Change: 1.6949), TF Ratio: 0.707
[2026-06-17 04:50:51,091][root][INFO] - Epoch [5/5], Batch [266/300], Loss: 1.0030 (Overall: 0.5462, Change: 1.0591), TF Ratio: 0.707
[2026-06-17 04:50:51,248][root][INFO] - Epoch [5/5], Batch [267/300], Loss: 1.0023 (Overall: 0.7206, Change: 0.9097), TF Ratio: 0.707
[2026-06-17 04:51:01,951][root][INFO] - Epoch [5/5], Batch [268/300], Loss: 1.0028 (Overall: 0.7958, Change: 1.5022), TF Ratio: 0.706
[2026-06-17 04:51:02,111][root][INFO] - Epoch [5/5], Batch [269/300], Loss: 1.0021 (Overall: 0.5483, Change: 1.0768), TF Ratio: 0.706
[2026-06-17 04:51:02,264][root][INFO] - Epoch [5/5], Batch [270/300], Loss: 1.0007 (Overall: 0.4217, Change: 0.8520), TF Ratio: 0.706
[2026-06-17 04:51:02,417][root][INFO] - Epoch [5/5], Batch [271/300], Loss: 1.0014 (Overall: 0.8825, Change: 1.4810), TF Ratio: 0.706
[2026-06-17 04:51:02,589][root][INFO] - Epoch [5/5], Batch [272/300], Loss: 1.0020 (Overall: 0.6696, Change: 1.6679), TF Ratio: 0.706
[2026-06-17 04:51:02,743][root][INFO] - Epoch [5/5], Batch [273/300], Loss: 1.0014 (Overall: 0.5087, Change: 1.1283), TF Ratio: 0.705
[2026-06-17 04:51:02,897][root][INFO] - Epoch [5/5], Batch [274/300], Loss: 1.0012 (Overall: 0.5605, Change: 1.3404), TF Ratio: 0.705
[2026-06-17 04:51:03,050][root][INFO] - Epoch [5/5], Batch [275/300], Loss: 1.0011 (Overall: 0.6083, Change: 1.3541), TF Ratio: 0.705
[2026-06-17 04:51:06,789][root][INFO] - Epoch [5/5], Batch [276/300], Loss: 1.0014 (Overall: 0.6038, Change: 1.5868), TF Ratio: 0.705
[2026-06-17 04:51:06,944][root][INFO] - Epoch [5/5], Batch [277/300], Loss: 1.0009 (Overall: 0.4750, Change: 1.2441), TF Ratio: 0.705
[2026-06-17 04:51:07,097][root][INFO] - Epoch [5/5], Batch [278/300], Loss: 1.0012 (Overall: 0.5997, Change: 1.5566), TF Ratio: 0.704
[2026-06-17 04:51:07,251][root][INFO] - Epoch [5/5], Batch [279/300], Loss: 1.0008 (Overall: 0.7743, Change: 0.9787), TF Ratio: 0.704
[2026-06-17 04:51:16,033][root][INFO] - Epoch [5/5], Batch [280/300], Loss: 0.9998 (Overall: 0.4968, Change: 0.9425), TF Ratio: 0.704
[2026-06-17 04:51:16,200][root][INFO] - Epoch [5/5], Batch [281/300], Loss: 0.9995 (Overall: 0.9827, Change: 0.8799), TF Ratio: 0.704
[2026-06-17 04:51:16,353][root][INFO] - Epoch [5/5], Batch [282/300], Loss: 0.9987 (Overall: 0.5778, Change: 0.9893), TF Ratio: 0.704
[2026-06-17 04:51:16,505][root][INFO] - Epoch [5/5], Batch [283/300], Loss: 0.9988 (Overall: 0.8983, Change: 1.1085), TF Ratio: 0.703
[2026-06-17 04:51:16,675][root][INFO] - Epoch [5/5], Batch [284/300], Loss: 0.9998 (Overall: 0.8831, Change: 1.7322), TF Ratio: 0.703
[2026-06-17 04:51:16,837][root][INFO] - Epoch [5/5], Batch [285/300], Loss: 0.9999 (Overall: 0.7046, Change: 1.3377), TF Ratio: 0.703
[2026-06-17 04:51:16,991][root][INFO] - Epoch [5/5], Batch [286/300], Loss: 0.9993 (Overall: 0.5738, Change: 1.0564), TF Ratio: 0.703
[2026-06-17 04:51:17,144][root][INFO] - Epoch [5/5], Batch [287/300], Loss: 0.9994 (Overall: 0.5935, Change: 1.4557), TF Ratio: 0.703
[2026-06-17 04:51:19,969][root][INFO] - Epoch [5/5], Batch [288/300], Loss: 0.9993 (Overall: 0.5540, Change: 1.4320), TF Ratio: 0.702
[2026-06-17 04:51:20,123][root][INFO] - Epoch [5/5], Batch [289/300], Loss: 1.0001 (Overall: 0.9661, Change: 1.4466), TF Ratio: 0.702
[2026-06-17 04:51:20,277][root][INFO] - Epoch [5/5], Batch [290/300], Loss: 1.0005 (Overall: 0.7037, Change: 1.5363), TF Ratio: 0.702
[2026-06-17 04:51:20,430][root][INFO] - Epoch [5/5], Batch [291/300], Loss: 1.0004 (Overall: 0.7719, Change: 1.1906), TF Ratio: 0.702
[2026-06-17 04:51:31,197][root][INFO] - Epoch [5/5], Batch [292/300], Loss: 1.0008 (Overall: 0.6593, Change: 1.5568), TF Ratio: 0.702
[2026-06-17 04:51:31,353][root][INFO] - Epoch [5/5], Batch [293/300], Loss: 1.0013 (Overall: 1.0834, Change: 1.2072), TF Ratio: 0.701
[2026-06-17 04:51:31,506][root][INFO] - Epoch [5/5], Batch [294/300], Loss: 1.0010 (Overall: 0.5937, Change: 1.2710), TF Ratio: 0.701
[2026-06-17 04:51:31,658][root][INFO] - Epoch [5/5], Batch [295/300], Loss: 1.0009 (Overall: 0.5181, Change: 1.3953), TF Ratio: 0.701
[2026-06-17 04:51:31,823][root][INFO] - Epoch [5/5], Batch [296/300], Loss: 1.0009 (Overall: 0.5197, Change: 1.4662), TF Ratio: 0.701
[2026-06-17 04:51:31,977][root][INFO] - Epoch [5/5], Batch [297/300], Loss: 1.0012 (Overall: 0.9136, Change: 1.2913), TF Ratio: 0.701
[2026-06-17 04:51:32,130][root][INFO] - Epoch [5/5], Batch [298/300], Loss: 1.0018 (Overall: 0.8387, Change: 1.4943), TF Ratio: 0.700
[2026-06-17 04:51:32,282][root][INFO] - Epoch [5/5], Batch [299/300], Loss: 1.0021 (Overall: 0.9283, Change: 1.2858), TF Ratio: 0.700
[2026-06-17 04:51:33,801][root][INFO] - Epoch [5/5], Batch [300/300], Loss: 1.0021 (Overall: 0.6923, Change: 1.3247), TF Ratio: 0.700
[2026-06-17 04:51:50,834][root][INFO] - Epoch 5 done. Validating...
[2026-06-17 04:52:25,534][root][INFO] - Epoch [5/5] | Train: 0.9991 | Val: 0.7026
[2026-06-17 04:52:25,731][root][INFO] - Checkpoint saved: /gpfs/scratch/bsc32/bsc096444/ai4land-tfm/trained_models/unet_impl/41825210/model_epoch_5.pth
[2026-06-17 04:52:26,756][root][INFO] - Training complete.
