dataset,sample_idx,var,n_chunks
single,0,secdf,8
single,0,range,8
single,0,c4ann,8
single,0,pastr,8
single,0,c3per,8
single,0,primf,8
single,0,urban,8
single,0,secmb,8
single,0,primn,8
single,0,secdn,8
single,0,c3ann,8
single,0,c4per,8
single,0,c3nfx,8
single,0,secma,8
single,0,number_of_people,8
single,0,kg_class,8
single,0,weighted_PCT_SAND,4
single,0,weighted_ORGANIC,4
single,0,weighted_PCT_CLAY,4
single,0,SLOPE,4
single,0,elevation,4
single,0,ASPECT,4
single,0,LULC_states,12
single,1,primn,2
single,1,secdf,2
single,1,primf,2
single,1,pastr,2
single,1,range,2
single,1,c3per,2
single,1,urban,2
single,1,c4ann,2
single,1,c4per,2
single,1,c3nfx,2
single,1,secdn,2
single,1,secmb,2
single,1,c3ann,2
single,1,secma,2
single,1,number_of_people,2
single,1,kg_class,2
single,1,weighted_PCT_SAND,1
single,1,weighted_PCT_CLAY,1
single,1,weighted_ORGANIC,1
single,1,SLOPE,1
single,1,elevation,1
single,1,ASPECT,1
single,1,LULC_states,3
single,2,range,2
single,2,primf,2
single,2,secdf,2
single,2,primn,2
single,2,pastr,2
single,2,c4ann,2
single,2,c3per,2
single,2,urban,2
single,2,c4per,2
single,2,secmb,2
single,2,secdn,2
single,2,c3ann,2
single,2,c3nfx,2
single,2,secma,2
single,2,number_of_people,2
single,2,kg_class,2
single,2,weighted_PCT_SAND,1
single,2,weighted_PCT_CLAY,1
single,2,weighted_ORGANIC,1
single,2,SLOPE,1
single,2,elevation,1
single,2,ASPECT,1
single,2,LULC_states,3
single,3,secdf,4
single,3,range,4
single,3,primf,4
single,3,primn,4
single,3,pastr,4
single,3,c4per,4
single,3,c3per,4
single,3,secmb,4
single,3,urban,4
single,3,secma,4
single,3,secdn,4
single,3,c3ann,4
single,3,c3nfx,4
single,3,c4ann,4
single,3,number_of_people,4
single,3,kg_class,4
single,3,weighted_PCT_SAND,2
single,3,weighted_PCT_CLAY,2
single,3,weighted_ORGANIC,2
single,3,SLOPE,2
single,3,elevation,2
single,3,ASPECT,2
single,3,LULC_states,6
single,4,secdf,8
single,4,range,8
single,4,primn,8
single,4,primf,8
single,4,pastr,8
single,4,c4per,8
single,4,c3per,8
single,4,c4ann,8
single,4,urban,8
single,4,secmb,8
single,4,secma,8
single,4,secdn,8
single,4,c3ann,8
single,4,c3nfx,8
single,4,number_of_people,8
single,4,kg_class,8
single,4,weighted_ORGANIC,4
single,4,weighted_PCT_CLAY,4
single,4,weighted_PCT_SAND,4
single,4,SLOPE,4
single,4,ASPECT,4
single,4,elevation,4
single,4,LULC_states,12
single,5,secdf,4
single,5,range,4
single,5,primn,4
single,5,primf,4
single,5,c4per,4
single,5,pastr,4
single,5,c3per,4
single,5,c4ann,4
single,5,secmb,4
single,5,urban,4
single,5,c3nfx,4
single,5,secdn,4
single,5,secma,4
single,5,c3ann,4
single,5,number_of_people,4
single,5,kg_class,4
single,5,weighted_PCT_SAND,2
single,5,weighted_PCT_CLAY,2
single,5,SLOPE,2
single,5,weighted_ORGANIC,2
single,5,elevation,2
single,5,ASPECT,2
single,5,LULC_states,6
single,6,secdf,4
single,6,range,4
single,6,primn,4
single,6,primf,4
single,6,c4ann,4
single,6,c4per,4
single,6,pastr,4
single,6,c3per,4
single,6,urban,4
single,6,secmb,4
single,6,secma,4
single,6,secdn,4
single,6,c3ann,4
single,6,c3nfx,4
single,6,number_of_people,4
single,6,kg_class,4
single,6,weighted_PCT_SAND,2
single,6,weighted_ORGANIC,2
single,6,SLOPE,2
single,6,weighted_PCT_CLAY,2
single,6,elevation,2
single,6,ASPECT,2
single,6,LULC_states,6
single,7,secdf,8
single,7,range,8
single,7,primn,8
single,7,pastr,8
single,7,primf,8
single,7,c4per,8
single,7,urban,8
single,7,c4ann,8
single,7,c3per,8
single,7,secmb,8
single,7,secma,8
single,7,c3nfx,8
single,7,secdn,8
single,7,c3ann,8
single,7,number_of_people,8
single,7,kg_class,8
single,7,weighted_PCT_SAND,4
single,7,weighted_PCT_CLAY,4
single,7,weighted_ORGANIC,4
single,7,elevation,4
single,7,SLOPE,4
single,7,ASPECT,4
single,7,LULC_states,12
single,8,secdf,8
single,8,primf,8
single,8,range,8
single,8,pastr,8
single,8,primn,8
single,8,c4per,8
single,8,c3per,8
single,8,c4ann,8
single,8,urban,8
single,8,secmb,8
single,8,c3nfx,8
single,8,secma,8
single,8,secdn,8
single,8,c3ann,8
single,8,number_of_people,8
single,8,kg_class,8
single,8,weighted_PCT_SAND,4
single,8,weighted_PCT_CLAY,4
single,8,weighted_ORGANIC,4
single,8,SLOPE,4
single,8,elevation,4
single,8,ASPECT,4
single,8,LULC_states,12
single,9,secdf,2
single,9,range,2
single,9,primn,2
single,9,c4per,2
single,9,pastr,2
single,9,primf,2
single,9,c4ann,2
single,9,c3per,2
single,9,urban,2
single,9,secma,2
single,9,secmb,2
single,9,secdn,2
single,9,c3nfx,2
single,9,c3ann,2
single,9,number_of_people,2
single,9,kg_class,2
single,9,weighted_PCT_SAND,1
single,9,weighted_ORGANIC,1
single,9,weighted_PCT_CLAY,1
single,9,SLOPE,1
single,9,elevation,1
single,9,ASPECT,1
single,9,LULC_states,3
single,10,range,4
single,10,secdf,4
single,10,primn,4
single,10,primf,4
single,10,pastr,4
single,10,c4ann,4
single,10,c3per,4
single,10,c4per,4
single,10,urban,4
single,10,secma,4
single,10,secdn,4
single,10,secmb,4
single,10,c3nfx,4
single,10,c3ann,4
single,10,number_of_people,4
single,10,kg_class,4
single,10,weighted_PCT_SAND,2
single,10,weighted_PCT_CLAY,2
single,10,weighted_ORGANIC,2
single,10,SLOPE,2
single,10,elevation,2
single,10,ASPECT,2
single,10,LULC_states,6
single,11,secdf,4
single,11,range,4
single,11,primn,4
single,11,primf,4
single,11,pastr,4
single,11,c4ann,4
single,11,c4per,4
single,11,c3per,4
single,11,secmb,4
single,11,urban,4
single,11,secma,4
single,11,c3nfx,4
single,11,c3ann,4
single,11,secdn,4
single,11,number_of_people,4
single,11,kg_class,4
single,11,weighted_PCT_SAND,2
single,11,weighted_PCT_CLAY,2
single,11,weighted_ORGANIC,2
single,11,SLOPE,2
single,11,ASPECT,2
single,11,elevation,2
single,11,LULC_states,6
single,12,secdf,4
single,12,range,4
single,12,primn,4
single,12,primf,4
single,12,pastr,4
single,12,c4ann,4
single,12,c4per,4
single,12,c3per,4
single,12,urban,4
single,12,secmb,4
single,12,secdn,4
single,12,secma,4
single,12,c3nfx,4
single,12,c3ann,4
single,12,number_of_people,4
single,12,kg_class,4
single,12,weighted_PCT_SAND,2
single,12,weighted_PCT_CLAY,2
single,12,weighted_ORGANIC,2
single,12,SLOPE,2
single,12,elevation,2
single,12,ASPECT,2
single,12,LULC_states,6
single,13,secdf,4
single,13,range,4
single,13,primn,4
single,13,primf,4
single,13,pastr,4
single,13,c4ann,4
single,13,c4per,4
single,13,c3per,4
single,13,urban,4
single,13,secmb,4
single,13,secma,4
single,13,c3nfx,4
single,13,c3ann,4
single,13,secdn,4
single,13,number_of_people,4
single,13,kg_class,4
single,13,weighted_PCT_SAND,2
single,13,weighted_PCT_CLAY,2
single,13,weighted_ORGANIC,2
single,13,SLOPE,2
single,13,elevation,2
single,13,ASPECT,2
single,13,LULC_states,6
single,14,secdf,4
single,14,primn,4
single,14,pastr,4
single,14,range,4
single,14,primf,4
single,14,c4per,4
single,14,c4ann,4
single,14,c3per,4
single,14,urban,4
single,14,secmb,4
single,14,secma,4
single,14,secdn,4
single,14,c3ann,4
single,14,c3nfx,4
single,14,number_of_people,4
single,14,kg_class,4
single,14,weighted_PCT_SAND,2
single,14,weighted_PCT_CLAY,2
single,14,SLOPE,2
single,14,elevation,2
single,14,weighted_ORGANIC,2
single,14,ASPECT,2
single,14,LULC_states,6
single,15,secdf,4
single,15,range,4
single,15,primn,4
single,15,primf,4
single,15,c4per,4
single,15,pastr,4
single,15,c3per,4
single,15,c4ann,4
single,15,urban,4
single,15,secma,4
single,15,secmb,4
single,15,secdn,4
single,15,c3nfx,4
single,15,c3ann,4
single,15,number_of_people,4
single,15,kg_class,4
single,15,weighted_PCT_SAND,2
single,15,weighted_PCT_CLAY,2
single,15,weighted_ORGANIC,2
single,15,SLOPE,2
single,15,elevation,2
single,15,ASPECT,2
single,15,LULC_states,6
single,16,secdf,4
single,16,range,4
single,16,primn,4
single,16,primf,4
single,16,pastr,4
single,16,c4ann,4
single,16,c4per,4
single,16,c3per,4
single,16,urban,4
single,16,secma,4
single,16,secmb,4
single,16,secdn,4
single,16,c3ann,4
single,16,c3nfx,4
single,16,number_of_people,4
single,16,kg_class,4
single,16,weighted_PCT_SAND,2
single,16,weighted_PCT_CLAY,2
single,16,weighted_ORGANIC,2
single,16,elevation,2
single,16,SLOPE,2
single,16,ASPECT,2
single,16,LULC_states,6
single,17,secdf,2
single,17,range,2
single,17,primn,2
single,17,primf,2
single,17,pastr,2
single,17,c3per,2
single,17,c4ann,2
single,17,c4per,2
single,17,urban,2
single,17,secma,2
single,17,secmb,2
single,17,c3nfx,2
single,17,c3ann,2
single,17,secdn,2
single,17,number_of_people,2
single,17,kg_class,2
single,17,weighted_PCT_SAND,1
single,17,weighted_PCT_CLAY,1
single,17,weighted_ORGANIC,1
single,17,SLOPE,1
single,17,elevation,1
single,17,ASPECT,1
single,17,LULC_states,3
single,18,secdf,8
single,18,range,8
single,18,primn,8
single,18,primf,8
single,18,pastr,8
single,18,c4per,8
single,18,c4ann,8
single,18,c3per,8
single,18,urban,8
single,18,secmb,8
single,18,secma,8
single,18,secdn,8
single,18,c3nfx,8
single,18,c3ann,8
single,18,number_of_people,8
single,18,kg_class,8
single,18,weighted_PCT_SAND,4
single,18,weighted_PCT_CLAY,4
single,18,weighted_ORGANIC,4
single,18,SLOPE,4
single,18,elevation,4
single,18,ASPECT,4
single,18,LULC_states,12
single,19,secdf,2
single,19,range,2
single,19,primn,2
single,19,primf,2
single,19,pastr,2
single,19,c4per,2
single,19,c4ann,2
single,19,urban,2
single,19,secmb,2
single,19,secma,2
single,19,c3per,2
single,19,c3nfx,2
single,19,secdn,2
single,19,c3ann,2
single,19,number_of_people,2
single,19,kg_class,2
single,19,weighted_PCT_SAND,1
single,19,weighted_PCT_CLAY,1
single,19,weighted_ORGANIC,1
single,19,SLOPE,1
single,19,elevation,1
single,19,ASPECT,1
single,19,LULC_states,3
single,20,secdf,4
single,20,range,4
single,20,primn,4
single,20,primf,4
single,20,pastr,4
single,20,c4per,4
single,20,c4ann,4
single,20,c3per,4
single,20,urban,4
single,20,secmb,4
single,20,secma,4
single,20,secdn,4
single,20,c3ann,4
single,20,c3nfx,4
single,20,number_of_people,4
single,20,kg_class,4
single,20,weighted_PCT_SAND,2
single,20,weighted_PCT_CLAY,2
single,20,weighted_ORGANIC,2
single,20,elevation,2
single,20,SLOPE,2
single,20,ASPECT,2
single,20,LULC_states,6
single,21,range,4
single,21,secdf,4
single,21,primf,4
single,21,c4per,4
single,21,primn,4
single,21,pastr,4
single,21,c4ann,4
single,21,c3per,4
single,21,secmb,4
single,21,urban,4
single,21,secdn,4
single,21,c3nfx,4
single,21,secma,4
single,21,c3ann,4
single,21,number_of_people,4
single,21,kg_class,4
single,21,weighted_PCT_SAND,2
single,21,weighted_PCT_CLAY,2
single,21,weighted_ORGANIC,2
single,21,SLOPE,2
single,21,ASPECT,2
single,21,elevation,2
single,21,LULC_states,6
single,22,secdf,4
single,22,range,4
single,22,primn,4
single,22,primf,4
single,22,pastr,4
single,22,c4per,4
single,22,c4ann,4
single,22,c3per,4
single,22,urban,4
single,22,secmb,4
single,22,secma,4
single,22,secdn,4
single,22,c3ann,4
single,22,c3nfx,4
single,22,number_of_people,4
single,22,kg_class,4
single,22,weighted_PCT_SAND,2
single,22,weighted_PCT_CLAY,2
single,22,weighted_ORGANIC,2
single,22,SLOPE,2
single,22,elevation,2
single,22,ASPECT,2
single,22,LULC_states,6
single,23,secdf,4
single,23,range,4
single,23,primn,4
single,23,primf,4
single,23,c4per,4
single,23,pastr,4
single,23,c4ann,4
single,23,c3per,4
single,23,urban,4
single,23,secmb,4
single,23,secma,4
single,23,secdn,4
single,23,c3nfx,4
single,23,c3ann,4
single,23,number_of_people,4
single,23,kg_class,4
single,23,weighted_PCT_SAND,2
single,23,weighted_PCT_CLAY,2
single,23,SLOPE,2
single,23,weighted_ORGANIC,2
single,23,elevation,2
single,23,ASPECT,2
single,23,LULC_states,6
single,24,secdf,2
single,24,primn,2
single,24,range,2
single,24,c4per,2
single,24,pastr,2
single,24,primf,2
single,24,c4ann,2
single,24,c3per,2
single,24,urban,2
single,24,secmb,2
single,24,secdn,2
single,24,secma,2
single,24,c3nfx,2
single,24,c3ann,2
single,24,number_of_people,2
single,24,kg_class,2
single,24,weighted_PCT_SAND,1
single,24,weighted_PCT_CLAY,1
single,24,weighted_ORGANIC,1
single,24,SLOPE,1
single,24,elevation,1
single,24,ASPECT,1
single,24,LULC_states,3
single,25,secdf,2
single,25,primn,2
single,25,range,2
single,25,pastr,2
single,25,primf,2
single,25,c4per,2
single,25,c4ann,2
single,25,c3per,2
single,25,urban,2
single,25,secdn,2
single,25,secmb,2
single,25,secma,2
single,25,c3nfx,2
single,25,c3ann,2
single,25,number_of_people,2
single,25,kg_class,2
single,25,weighted_PCT_SAND,1
single,25,weighted_PCT_CLAY,1
single,25,weighted_ORGANIC,1
single,25,SLOPE,1
single,25,elevation,1
single,25,ASPECT,1
single,25,LULC_states,3
single,26,secdf,4
single,26,primf,4
single,26,pastr,4
single,26,c4ann,4
single,26,primn,4
single,26,range,4
single,26,c4per,4
single,26,c3per,4
single,26,urban,4
single,26,secmb,4
single,26,secdn,4
single,26,c3nfx,4
single,26,c3ann,4
single,26,secma,4
single,26,number_of_people,4
single,26,kg_class,4
single,26,weighted_PCT_SAND,2
single,26,weighted_PCT_CLAY,2
single,26,weighted_ORGANIC,2
single,26,elevation,2
single,26,SLOPE,2
single,26,ASPECT,2
single,26,LULC_states,6
single,27,secdf,2
single,27,primn,2
single,27,range,2
single,27,primf,2
single,27,pastr,2
single,27,c4per,2
single,27,c4ann,2
single,27,c3per,2
single,27,urban,2
single,27,secmb,2
single,27,secma,2
single,27,secdn,2
single,27,c3nfx,2
single,27,c3ann,2
single,27,number_of_people,2
single,27,kg_class,2
single,27,weighted_PCT_SAND,1
single,27,weighted_PCT_CLAY,1
single,27,weighted_ORGANIC,1
single,27,SLOPE,1
single,27,elevation,1
single,27,ASPECT,1
single,27,LULC_states,3
single,28,secdf,4
single,28,range,4
single,28,primn,4
single,28,primf,4
single,28,pastr,4
single,28,c4per,4
single,28,c4ann,4
single,28,secmb,4
single,28,c3per,4
single,28,urban,4
single,28,secma,4
single,28,secdn,4
single,28,c3nfx,4
single,28,c3ann,4
single,28,number_of_people,4
single,28,kg_class,4
single,28,weighted_PCT_SAND,2
single,28,weighted_PCT_CLAY,2
single,28,weighted_ORGANIC,2
single,28,SLOPE,2
single,28,elevation,2
single,28,ASPECT,2
single,28,LULC_states,6
single,29,range,2
single,29,secdf,2
single,29,pastr,2
single,29,primn,2
single,29,primf,2
single,29,c4per,2
single,29,urban,2
single,29,c3per,2
single,29,c4ann,2
single,29,secmb,2
single,29,secma,2
single,29,secdn,2
single,29,c3nfx,2
single,29,c3ann,2
single,29,number_of_people,2
single,29,kg_class,2
single,29,weighted_ORGANIC,1
single,29,weighted_PCT_CLAY,1
single,29,weighted_PCT_SAND,1
single,29,SLOPE,1
single,29,elevation,1
single,29,ASPECT,1
single,29,LULC_states,3
single,30,secdf,8
single,30,range,8
single,30,primn,8
single,30,c4per,8
single,30,primf,8
single,30,pastr,8
single,30,c4ann,8
single,30,c3per,8
single,30,urban,8
single,30,secmb,8
single,30,secma,8
single,30,secdn,8
single,30,c3nfx,8
single,30,c3ann,8
single,30,number_of_people,8
single,30,kg_class,8
single,30,weighted_PCT_SAND,4
single,30,weighted_PCT_CLAY,4
single,30,weighted_ORGANIC,4
single,30,SLOPE,4
single,30,elevation,4
single,30,ASPECT,4
single,30,LULC_states,12
single,31,range,8
single,31,secdf,8
single,31,primn,8
single,31,primf,8
single,31,pastr,8
single,31,c4per,8
single,31,c3per,8
single,31,secmb,8
single,31,urban,8
single,31,c4ann,8
single,31,secma,8
single,31,secdn,8
single,31,c3nfx,8
single,31,c3ann,8
single,31,number_of_people,8
single,31,kg_class,8
single,31,weighted_PCT_SAND,4
single,31,weighted_PCT_CLAY,4
single,31,weighted_ORGANIC,4
single,31,ASPECT,4
single,31,elevation,4
single,31,SLOPE,4
single,31,LULC_states,12
single,32,secdf,4
single,32,range,4
single,32,primn,4
single,32,primf,4
single,32,pastr,4
single,32,c4per,4
single,32,c4ann,4
single,32,c3per,4
single,32,urban,4
single,32,secmb,4
single,32,secma,4
single,32,secdn,4
single,32,c3nfx,4
single,32,c3ann,4
single,32,number_of_people,4
single,32,kg_class,4
single,32,weighted_PCT_SAND,2
single,32,elevation,2
single,32,weighted_ORGANIC,2
single,32,SLOPE,2
single,32,weighted_PCT_CLAY,2
single,32,ASPECT,2
single,32,LULC_states,6
single,33,primn,4
single,33,primf,4
single,33,range,4
single,33,secdf,4
single,33,c4ann,4
single,33,c4per,4
single,33,pastr,4
single,33,secmb,4
single,33,c3per,4
single,33,secdn,4
single,33,urban,4
single,33,secma,4
single,33,c3nfx,4
single,33,c3ann,4
single,33,number_of_people,4
single,33,kg_class,4
single,33,weighted_PCT_SAND,2
single,33,weighted_PCT_CLAY,2
single,33,weighted_ORGANIC,2
single,33,SLOPE,2
single,33,elevation,2
single,33,ASPECT,2
single,33,LULC_states,6
single,34,range,4
single,34,secdf,4
single,34,primn,4
single,34,primf,4
single,34,pastr,4
single,34,c4per,4
single,34,urban,4
single,34,c4ann,4
single,34,c3per,4
single,34,secmb,4
single,34,secma,4
single,34,secdn,4
single,34,c3nfx,4
single,34,c3ann,4
single,34,number_of_people,4
single,34,kg_class,4
single,34,weighted_PCT_SAND,2
single,34,weighted_PCT_CLAY,2
single,34,weighted_ORGANIC,2
single,34,SLOPE,2
single,34,elevation,2
single,34,ASPECT,2
single,34,LULC_states,6
single,35,secdf,4
single,35,range,4
single,35,primn,4
single,35,pastr,4
single,35,c4per,4
single,35,c4ann,4
single,35,primf,4
single,35,c3per,4
single,35,urban,4
single,35,secmb,4
single,35,secma,4
single,35,secdn,4
single,35,c3nfx,4
single,35,c3ann,4
single,35,number_of_people,4
single,35,kg_class,4
single,35,weighted_PCT_SAND,2
single,35,weighted_PCT_CLAY,2
single,35,weighted_ORGANIC,2
single,35,elevation,2
single,35,SLOPE,2
single,35,ASPECT,2
single,35,LULC_states,6
single,36,secdf,8
single,36,range,8
single,36,primn,8
single,36,primf,8
single,36,c4per,8
single,36,pastr,8
single,36,c4ann,8
single,36,urban,8
single,36,c3per,8
single,36,secmb,8
single,36,secdn,8
single,36,c3nfx,8
single,36,secma,8
single,36,c3ann,8
single,36,number_of_people,8
single,36,kg_class,8
single,36,weighted_ORGANIC,4
single,36,SLOPE,4
single,36,weighted_PCT_CLAY,4
single,36,elevation,4
single,36,weighted_PCT_SAND,4
single,36,ASPECT,4
single,36,LULC_states,12
single,37,secdf,8
single,37,range,8
single,37,primn,8
single,37,primf,8
single,37,pastr,8
single,37,c4per,8
single,37,c4ann,8
single,37,c3per,8
single,37,secmb,8
single,37,urban,8
single,37,secma,8
single,37,c3nfx,8
single,37,c3ann,8
single,37,secdn,8
single,37,number_of_people,8
single,37,kg_class,8
single,37,weighted_PCT_SAND,4
single,37,weighted_PCT_CLAY,4
single,37,weighted_ORGANIC,4
single,37,SLOPE,4
single,37,elevation,4
single,37,ASPECT,4
single,37,LULC_states,12
single,38,secdf,2
single,38,primf,2
single,38,primn,2
single,38,range,2
single,38,pastr,2
single,38,c4per,2
single,38,c3per,2
single,38,urban,2
single,38,c4ann,2
single,38,secma,2
single,38,secmb,2
single,38,c3nfx,2
single,38,secdn,2
single,38,c3ann,2
single,38,number_of_people,2
single,38,kg_class,2
single,38,weighted_PCT_SAND,1
single,38,weighted_PCT_CLAY,1
single,38,weighted_ORGANIC,1
single,38,SLOPE,1
single,38,elevation,1
single,38,ASPECT,1
single,38,LULC_states,3
single,39,secdf,4
single,39,range,4
single,39,primf,4
single,39,primn,4
single,39,c4per,4
single,39,pastr,4
single,39,c4ann,4
single,39,c3per,4
single,39,urban,4
single,39,secmb,4
single,39,secma,4
single,39,c3nfx,4
single,39,secdn,4
single,39,c3ann,4
single,39,number_of_people,4
single,39,kg_class,4
single,39,weighted_ORGANIC,2
single,39,weighted_PCT_SAND,2
single,39,weighted_PCT_CLAY,2
single,39,SLOPE,2
single,39,elevation,2
single,39,ASPECT,2
single,39,LULC_states,6
single,40,secdf,4
single,40,range,4
single,40,primn,4
single,40,primf,4
single,40,c4per,4
single,40,pastr,4
single,40,c4ann,4
single,40,c3per,4
single,40,urban,4
single,40,secmb,4
single,40,secma,4
single,40,secdn,4
single,40,c3nfx,4
single,40,c3ann,4
single,40,number_of_people,4
single,40,kg_class,4
single,40,weighted_PCT_SAND,2
single,40,weighted_PCT_CLAY,2
single,40,weighted_ORGANIC,2
single,40,SLOPE,2
single,40,elevation,2
single,40,ASPECT,2
single,40,LULC_states,6
single,41,secdf,4
single,41,range,4
single,41,primn,4
single,41,primf,4
single,41,c4ann,4
single,41,pastr,4
single,41,c4per,4
single,41,c3per,4
single,41,urban,4
single,41,secmb,4
single,41,secma,4
single,41,c3nfx,4
single,41,secdn,4
single,41,c3ann,4
single,41,number_of_people,4
single,41,kg_class,4
single,41,weighted_PCT_SAND,2
single,41,weighted_PCT_CLAY,2
single,41,weighted_ORGANIC,2
single,41,SLOPE,2
single,41,elevation,2
single,41,ASPECT,2
single,41,LULC_states,6
single,42,secdf,8
single,42,range,8
single,42,primn,8
single,42,primf,8
single,42,pastr,8
single,42,c4per,8
single,42,c4ann,8
single,42,c3per,8
single,42,urban,8
single,42,secma,8
single,42,c3nfx,8
single,42,secmb,8
single,42,secdn,8
single,42,c3ann,8
single,42,number_of_people,8
single,42,kg_class,8
single,42,weighted_PCT_SAND,4
single,42,weighted_PCT_CLAY,4
single,42,weighted_ORGANIC,4
single,42,ASPECT,4
single,42,SLOPE,4
single,42,elevation,4
single,42,LULC_states,12
single,43,range,4
single,43,primn,4
single,43,secdf,4
single,43,primf,4
single,43,pastr,4
single,43,c4per,4
single,43,c4ann,4
single,43,c3per,4
single,43,urban,4
single,43,secmb,4
single,43,secma,4
single,43,c3nfx,4
single,43,secdn,4
single,43,c3ann,4
single,43,number_of_people,4
single,43,kg_class,4
single,43,weighted_PCT_SAND,2
single,43,weighted_PCT_CLAY,2
single,43,weighted_ORGANIC,2
single,43,SLOPE,2
single,43,elevation,2
single,43,ASPECT,2
single,43,LULC_states,6
single,44,secdf,4
single,44,range,4
single,44,primn,4
single,44,primf,4
single,44,c4per,4
single,44,c4ann,4
single,44,pastr,4
single,44,urban,4
single,44,c3per,4
single,44,secmb,4
single,44,secma,4
single,44,secdn,4
single,44,c3nfx,4
single,44,c3ann,4
single,44,number_of_people,4
single,44,kg_class,4
single,44,weighted_PCT_SAND,2
single,44,weighted_PCT_CLAY,2
single,44,weighted_ORGANIC,2
single,44,SLOPE,2
single,44,elevation,2
single,44,ASPECT,2
single,44,LULC_states,6
single,45,secdf,2
single,45,primn,2
single,45,range,2
single,45,primf,2
single,45,c4per,2
single,45,pastr,2
single,45,urban,2
single,45,c3per,2
single,45,c4ann,2
single,45,secma,2
single,45,secmb,2
single,45,secdn,2
single,45,c3nfx,2
single,45,c3ann,2
single,45,number_of_people,2
single,45,kg_class,2
single,45,weighted_PCT_SAND,1
single,45,weighted_PCT_CLAY,1
single,45,SLOPE,1
single,45,weighted_ORGANIC,1
single,45,elevation,1
single,45,ASPECT,1
single,45,LULC_states,3
single,46,secdf,4
single,46,range,4
single,46,primn,4
single,46,primf,4
single,46,pastr,4
single,46,c4ann,4
single,46,urban,4
single,46,c4per,4
single,46,c3per,4
single,46,secmb,4
single,46,secma,4
single,46,secdn,4
single,46,c3nfx,4
single,46,c3ann,4
single,46,number_of_people,4
single,46,kg_class,4
single,46,weighted_PCT_SAND,2
single,46,weighted_PCT_CLAY,2
single,46,SLOPE,2
single,46,weighted_ORGANIC,2
single,46,elevation,2
single,46,ASPECT,2
single,46,LULC_states,6
single,47,secdf,2
single,47,range,2
single,47,primn,2
single,47,primf,2
single,47,c4per,2
single,47,pastr,2
single,47,urban,2
single,47,c4ann,2
single,47,secmb,2
single,47,c3per,2
single,47,secma,2
single,47,secdn,2
single,47,c3ann,2
single,47,c3nfx,2
single,47,number_of_people,2
single,47,kg_class,2
single,47,weighted_PCT_SAND,1
single,47,weighted_PCT_CLAY,1
single,47,weighted_ORGANIC,1
single,47,SLOPE,1
single,47,elevation,1
single,47,ASPECT,1
single,47,LULC_states,3
single,48,secdf,4
single,48,range,4
single,48,primn,4
single,48,primf,4
single,48,c4per,4
single,48,c4ann,4
single,48,c3per,4
single,48,pastr,4
single,48,secmb,4
single,48,urban,4
single,48,secma,4
single,48,c3nfx,4
single,48,secdn,4
single,48,c3ann,4
single,48,number_of_people,4
single,48,kg_class,4
single,48,weighted_PCT_SAND,2
single,48,weighted_PCT_CLAY,2
single,48,weighted_ORGANIC,2
single,48,SLOPE,2
single,48,elevation,2
single,48,ASPECT,2
single,48,LULC_states,6
single,49,secdf,4
single,49,range,4
single,49,primn,4
single,49,primf,4
single,49,pastr,4
single,49,c4per,4
single,49,urban,4
single,49,c4ann,4
single,49,c3per,4
single,49,secmb,4
single,49,secma,4
single,49,secdn,4
single,49,c3nfx,4
single,49,c3ann,4
single,49,number_of_people,4
single,49,kg_class,4
single,49,weighted_PCT_SAND,2
single,49,weighted_PCT_CLAY,2
single,49,weighted_ORGANIC,2
single,49,SLOPE,2
single,49,elevation,2
single,49,ASPECT,2
single,49,LULC_states,6
single,50,secdf,4
single,50,range,4
single,50,primn,4
single,50,primf,4
single,50,pastr,4
single,50,c4per,4
single,50,c4ann,4
single,50,c3per,4
single,50,urban,4
single,50,secmb,4
single,50,secma,4
single,50,secdn,4
single,50,c3ann,4
single,50,c3nfx,4
single,50,number_of_people,4
single,50,kg_class,4
single,50,weighted_PCT_SAND,2
single,50,weighted_PCT_CLAY,2
single,50,weighted_ORGANIC,2
single,50,SLOPE,2
single,50,elevation,2
single,50,ASPECT,2
single,50,LULC_states,6
single,51,secdf,4
single,51,range,4
single,51,primn,4
single,51,primf,4
single,51,pastr,4
single,51,c4ann,4
single,51,c4per,4
single,51,c3per,4
single,51,secmb,4
single,51,urban,4
single,51,secma,4
single,51,secdn,4
single,51,c3nfx,4
single,51,c3ann,4
single,51,number_of_people,4
single,51,kg_class,4
single,51,weighted_PCT_SAND,2
single,51,weighted_PCT_CLAY,2
single,51,weighted_ORGANIC,2
single,51,SLOPE,2
single,51,elevation,2
single,51,ASPECT,2
single,51,LULC_states,6
single,52,secdf,4
single,52,range,4
single,52,primn,4
single,52,primf,4
single,52,pastr,4
single,52,c4per,4
single,52,c4ann,4
single,52,c3per,4
single,52,urban,4
single,52,secmb,4
single,52,secdn,4
single,52,secma,4
single,52,c3ann,4
single,52,c3nfx,4
single,52,number_of_people,4
single,52,kg_class,4
single,52,weighted_PCT_SAND,2
single,52,weighted_PCT_CLAY,2
single,52,weighted_ORGANIC,2
single,52,SLOPE,2
single,52,elevation,2
single,52,ASPECT,2
single,52,LULC_states,6
single,53,secdf,8
single,53,range,8
single,53,primn,8
single,53,pastr,8
single,53,primf,8
single,53,c4per,8
single,53,c4ann,8
single,53,c3per,8
single,53,urban,8
single,53,secmb,8
single,53,secma,8
single,53,secdn,8
single,53,c3ann,8
single,53,c3nfx,8
single,53,number_of_people,8
single,53,kg_class,8
single,53,weighted_PCT_SAND,4
single,53,weighted_PCT_CLAY,4
single,53,weighted_ORGANIC,4
single,53,SLOPE,4
single,53,ASPECT,4
single,53,elevation,4
single,53,LULC_states,12
single,54,secdf,8
single,54,range,8
single,54,primf,8
single,54,pastr,8
single,54,c4per,8
single,54,primn,8
single,54,c4ann,8
single,54,c3per,8
single,54,secma,8
single,54,urban,8
single,54,secdn,8
single,54,secmb,8
single,54,c3ann,8
single,54,c3nfx,8
single,54,number_of_people,8
single,54,kg_class,8
single,54,weighted_PCT_SAND,4
single,54,weighted_PCT_CLAY,4
single,54,SLOPE,4
single,54,weighted_ORGANIC,4
single,54,ASPECT,4
single,54,elevation,4
single,54,LULC_states,12
single,55,secdf,4
single,55,primn,4
single,55,primf,4
single,55,pastr,4
single,55,range,4
single,55,c4per,4
single,55,c3per,4
single,55,c4ann,4
single,55,urban,4
single,55,secmb,4
single,55,secma,4
single,55,c3ann,4
single,55,c3nfx,4
single,55,secdn,4
single,55,number_of_people,4
single,55,kg_class,4
single,55,weighted_PCT_SAND,2
single,55,weighted_PCT_CLAY,2
single,55,weighted_ORGANIC,2
single,55,SLOPE,2
single,55,elevation,2
single,55,ASPECT,2
single,55,LULC_states,6
single,56,secdf,4
single,56,range,4
single,56,primn,4
single,56,primf,4
single,56,pastr,4
single,56,c3per,4
single,56,c4per,4
single,56,c4ann,4
single,56,urban,4
single,56,secmb,4
single,56,secma,4
single,56,c3ann,4
single,56,secdn,4
single,56,c3nfx,4
single,56,number_of_people,4
single,56,kg_class,4
single,56,weighted_PCT_SAND,2
single,56,weighted_PCT_CLAY,2
single,56,SLOPE,2
single,56,weighted_ORGANIC,2
single,56,elevation,2
single,56,ASPECT,2
single,56,LULC_states,6
single,57,secdf,4
single,57,range,4
single,57,primn,4
single,57,primf,4
single,57,c4per,4
single,57,pastr,4
single,57,c4ann,4
single,57,c3per,4
single,57,urban,4
single,57,secmb,4
single,57,secma,4
single,57,secdn,4
single,57,c3nfx,4
single,57,c3ann,4
single,57,number_of_people,4
single,57,kg_class,4
single,57,weighted_ORGANIC,2
single,57,weighted_PCT_SAND,2
single,57,weighted_PCT_CLAY,2
single,57,SLOPE,2
single,57,elevation,2
single,57,ASPECT,2
single,57,LULC_states,6
single,58,secdf,8
single,58,range,8
single,58,primn,8
single,58,primf,8
single,58,pastr,8
single,58,c4per,8
single,58,c4ann,8
single,58,c3per,8
single,58,urban,8
single,58,secmb,8
single,58,secma,8
single,58,c3nfx,8
single,58,secdn,8
single,58,c3ann,8
single,58,number_of_people,8
single,58,kg_class,8
single,58,weighted_PCT_SAND,4
single,58,weighted_PCT_CLAY,4
single,58,weighted_ORGANIC,4
single,58,elevation,4
single,58,SLOPE,4
single,58,ASPECT,4
single,58,LULC_states,12
single,59,range,4
single,59,secdf,4
single,59,primn,4
single,59,c4per,4
single,59,c4ann,4
single,59,primf,4
single,59,c3per,4
single,59,pastr,4
single,59,urban,4
single,59,secmb,4
single,59,secma,4
single,59,secdn,4
single,59,c3nfx,4
single,59,c3ann,4
single,59,number_of_people,4
single,59,kg_class,4
single,59,weighted_PCT_CLAY,2
single,59,weighted_ORGANIC,2
single,59,SLOPE,2
single,59,weighted_PCT_SAND,2
single,59,ASPECT,2
single,59,elevation,2
single,59,LULC_states,6
single,60,secdf,4
single,60,range,4
single,60,primn,4
single,60,primf,4
single,60,pastr,4
single,60,c4per,4
single,60,c4ann,4
single,60,c3per,4
single,60,urban,4
single,60,secmb,4
single,60,secma,4
single,60,secdn,4
single,60,c3nfx,4
single,60,c3ann,4
single,60,number_of_people,4
single,60,kg_class,4
single,60,weighted_PCT_SAND,2
single,60,weighted_PCT_CLAY,2
single,60,weighted_ORGANIC,2
single,60,SLOPE,2
single,60,ASPECT,2
single,60,elevation,2
single,60,LULC_states,6
single,61,secdf,4
single,61,range,4
single,61,primn,4
single,61,primf,4
single,61,c4ann,4
single,61,c4per,4
single,61,c3per,4
single,61,pastr,4
single,61,secmb,4
single,61,urban,4
single,61,secma,4
single,61,secdn,4
single,61,c3ann,4
single,61,c3nfx,4
single,61,number_of_people,4
single,61,kg_class,4
single,61,weighted_PCT_SAND,2
single,61,weighted_PCT_CLAY,2
single,61,weighted_ORGANIC,2
single,61,SLOPE,2
single,61,elevation,2
single,61,ASPECT,2
single,61,LULC_states,6
single,62,secdf,8
single,62,range,8
single,62,primn,8
single,62,c4per,8
single,62,primf,8
single,62,pastr,8
single,62,c3per,8
single,62,c4ann,8
single,62,urban,8
single,62,secma,8
single,62,secmb,8
single,62,c3ann,8
single,62,secdn,8
single,62,c3nfx,8
single,62,number_of_people,8
single,62,kg_class,8
single,62,weighted_PCT_SAND,4
single,62,weighted_PCT_CLAY,4
single,62,SLOPE,4
single,62,weighted_ORGANIC,4
single,62,elevation,4
single,62,ASPECT,4
single,62,LULC_states,12
single,63,secdf,4
single,63,range,4
single,63,primn,4
single,63,primf,4
single,63,c4per,4
single,63,c3per,4
single,63,c4ann,4
single,63,pastr,4
single,63,urban,4
single,63,secmb,4
single,63,secma,4
single,63,secdn,4
single,63,c3nfx,4
single,63,c3ann,4
single,63,number_of_people,4
single,63,kg_class,4
single,63,weighted_PCT_SAND,2
single,63,weighted_PCT_CLAY,2
single,63,weighted_ORGANIC,2
single,63,SLOPE,2
single,63,elevation,2
single,63,ASPECT,2
single,63,LULC_states,6
single,64,secdf,4
single,64,range,4
single,64,primn,4
single,64,primf,4
single,64,pastr,4
single,64,c3per,4
single,64,c4per,4
single,64,c4ann,4
single,64,secmb,4
single,64,secma,4
single,64,urban,4
single,64,secdn,4
single,64,c3nfx,4
single,64,c3ann,4
single,64,number_of_people,4
single,64,kg_class,4
single,64,weighted_ORGANIC,2
single,64,weighted_PCT_SAND,2
single,64,weighted_PCT_CLAY,2
single,64,SLOPE,2
single,64,elevation,2
single,64,ASPECT,2
single,64,LULC_states,6
single,65,secdf,4
single,65,range,4
single,65,primn,4
single,65,primf,4
single,65,c4per,4
single,65,pastr,4
single,65,c3per,4
single,65,c4ann,4
single,65,urban,4
single,65,secmb,4
single,65,secma,4
single,65,secdn,4
single,65,c3nfx,4
single,65,c3ann,4
single,65,number_of_people,4
single,65,kg_class,4
single,65,weighted_PCT_SAND,2
single,65,weighted_ORGANIC,2
single,65,weighted_PCT_CLAY,2
single,65,SLOPE,2
single,65,elevation,2
single,65,ASPECT,2
single,65,LULC_states,6
single,66,secdf,4
single,66,range,4
single,66,primn,4
single,66,primf,4
single,66,pastr,4
single,66,c4ann,4
single,66,c4per,4
single,66,urban,4
single,66,c3per,4
single,66,secmb,4
single,66,secma,4
single,66,secdn,4
single,66,c3nfx,4
single,66,c3ann,4
single,66,number_of_people,4
single,66,kg_class,4
single,66,weighted_PCT_SAND,2
single,66,weighted_PCT_CLAY,2
single,66,weighted_ORGANIC,2
single,66,elevation,2
single,66,SLOPE,2
single,66,ASPECT,2
single,66,LULC_states,6
single,67,secdf,4
single,67,range,4
single,67,primf,4
single,67,primn,4
single,67,pastr,4
single,67,c4ann,4
single,67,c4per,4
single,67,c3per,4
single,67,urban,4
single,67,secmb,4
single,67,secma,4
single,67,secdn,4
single,67,c3nfx,4
single,67,c3ann,4
single,67,number_of_people,4
single,67,kg_class,4
single,67,weighted_PCT_SAND,2
single,67,weighted_PCT_CLAY,2
single,67,weighted_ORGANIC,2
single,67,elevation,2
single,67,SLOPE,2
single,67,ASPECT,2
single,67,LULC_states,6
single,68,secdf,2
single,68,range,2
single,68,primn,2
single,68,primf,2
single,68,pastr,2
single,68,c4per,2
single,68,c4ann,2
single,68,c3per,2
single,68,urban,2
single,68,secmb,2
single,68,c3nfx,2
single,68,secma,2
single,68,secdn,2
single,68,c3ann,2
single,68,number_of_people,2
single,68,kg_class,2
single,68,weighted_PCT_SAND,1
single,68,weighted_PCT_CLAY,1
single,68,weighted_ORGANIC,1
single,68,SLOPE,1
single,68,elevation,1
single,68,ASPECT,1
single,68,LULC_states,3
single,69,secdf,4
single,69,range,4
single,69,primn,4
single,69,primf,4
single,69,pastr,4
single,69,c4per,4
single,69,c4ann,4
single,69,c3per,4
single,69,secmb,4
single,69,urban,4
single,69,secma,4
single,69,secdn,4
single,69,c3nfx,4
single,69,c3ann,4
single,69,number_of_people,4
single,69,kg_class,4
single,69,weighted_PCT_SAND,2
single,69,weighted_ORGANIC,2
single,69,weighted_PCT_CLAY,2
single,69,elevation,2
single,69,SLOPE,2
single,69,ASPECT,2
single,69,LULC_states,6
single,70,secdf,2
single,70,range,2
single,70,primn,2
single,70,primf,2
single,70,c4per,2
single,70,pastr,2
single,70,c4ann,2
single,70,urban,2
single,70,c3per,2
single,70,secma,2
single,70,secdn,2
single,70,secmb,2
single,70,c3ann,2
single,70,c3nfx,2
single,70,number_of_people,2
single,70,kg_class,2
single,70,weighted_PCT_SAND,1
single,70,weighted_PCT_CLAY,1
single,70,weighted_ORGANIC,1
single,70,SLOPE,1
single,70,elevation,1
single,70,ASPECT,1
single,70,LULC_states,3
single,71,secdf,4
single,71,range,4
single,71,primn,4
single,71,primf,4
single,71,pastr,4
single,71,c4per,4
single,71,c4ann,4
single,71,c3per,4
single,71,urban,4
single,71,secmb,4
single,71,secma,4
single,71,secdn,4
single,71,c3nfx,4
single,71,c3ann,4
single,71,number_of_people,4
single,71,kg_class,4
single,71,weighted_PCT_SAND,2
single,71,weighted_PCT_CLAY,2
single,71,weighted_ORGANIC,2
single,71,SLOPE,2
single,71,elevation,2
single,71,ASPECT,2
single,71,LULC_states,6
single,72,secdf,4
single,72,range,4
single,72,primf,4
single,72,primn,4
single,72,pastr,4
single,72,c4per,4
single,72,c3per,4
single,72,urban,4
single,72,c4ann,4
single,72,secmb,4
single,72,secma,4
single,72,c3nfx,4
single,72,secdn,4
single,72,c3ann,4
single,72,number_of_people,4
single,72,kg_class,4
single,72,weighted_PCT_SAND,2
single,72,weighted_PCT_CLAY,2
single,72,weighted_ORGANIC,2
single,72,SLOPE,2
single,72,elevation,2
single,72,ASPECT,2
single,72,LULC_states,6
single,73,secdf,8
single,73,range,8
single,73,c4per,8
single,73,primn,8
single,73,primf,8
single,73,c4ann,8
single,73,c3per,8
single,73,pastr,8
single,73,secmb,8
single,73,urban,8
single,73,secma,8
single,73,secdn,8
single,73,c3nfx,8
single,73,c3ann,8
single,73,number_of_people,8
single,73,kg_class,8
single,73,weighted_PCT_SAND,4
single,73,weighted_PCT_CLAY,4
single,73,weighted_ORGANIC,4
single,73,SLOPE,4
single,73,elevation,4
single,73,ASPECT,4
single,73,LULC_states,12
single,74,secdf,2
single,74,range,2
single,74,primn,2
single,74,primf,2
single,74,pastr,2
single,74,c4per,2
single,74,c4ann,2
single,74,c3per,2
single,74,urban,2
single,74,secmb,2
single,74,secma,2
single,74,secdn,2
single,74,c3nfx,2
single,74,c3ann,2
single,74,number_of_people,2
single,74,kg_class,2
single,74,weighted_PCT_SAND,1
single,74,weighted_PCT_CLAY,1
single,74,SLOPE,1
single,74,weighted_ORGANIC,1
single,74,elevation,1
single,74,ASPECT,1
single,74,LULC_states,3
single,75,secdf,4
single,75,range,4
single,75,primn,4
single,75,c4per,4
single,75,pastr,4
single,75,primf,4
single,75,c4ann,4
single,75,c3per,4
single,75,urban,4
single,75,secma,4
single,75,secmb,4
single,75,secdn,4
single,75,c3nfx,4
single,75,c3ann,4
single,75,number_of_people,4
single,75,kg_class,4
single,75,weighted_PCT_SAND,2
single,75,weighted_PCT_CLAY,2
single,75,weighted_ORGANIC,2
single,75,elevation,2
single,75,ASPECT,2
single,75,SLOPE,2
single,75,LULC_states,6
single,76,secdf,4
single,76,range,4
single,76,primf,4
single,76,primn,4
single,76,pastr,4
single,76,c4per,4
single,76,c4ann,4
single,76,c3per,4
single,76,urban,4
single,76,secmb,4
single,76,secma,4
single,76,secdn,4
single,76,c3nfx,4
single,76,c3ann,4
single,76,number_of_people,4
single,76,kg_class,4
single,76,weighted_PCT_SAND,2
single,76,weighted_PCT_CLAY,2
single,76,weighted_ORGANIC,2
single,76,SLOPE,2
single,76,elevation,2
single,76,ASPECT,2
single,76,LULC_states,6
single,77,secdf,2
single,77,range,2
single,77,primn,2
single,77,primf,2
single,77,pastr,2
single,77,c4per,2
single,77,c4ann,2
single,77,urban,2
single,77,secma,2
single,77,c3per,2
single,77,secmb,2
single,77,c3nfx,2
single,77,secdn,2
single,77,c3ann,2
single,77,number_of_people,2
single,77,kg_class,2
single,77,weighted_PCT_SAND,1
single,77,weighted_PCT_CLAY,1
single,77,weighted_ORGANIC,1
single,77,SLOPE,1
single,77,elevation,1
single,77,ASPECT,1
single,77,LULC_states,3
single,78,secdf,2
single,78,range,2
single,78,primn,2
single,78,pastr,2
single,78,primf,2
single,78,c4per,2
single,78,c4ann,2
single,78,c3per,2
single,78,urban,2
single,78,secmb,2
single,78,secdn,2
single,78,secma,2
single,78,c3nfx,2
single,78,c3ann,2
single,78,number_of_people,2
single,78,kg_class,2
single,78,weighted_PCT_SAND,1
single,78,weighted_PCT_CLAY,1
single,78,SLOPE,1
single,78,weighted_ORGANIC,1
single,78,elevation,1
single,78,ASPECT,1
single,78,LULC_states,3
single,79,secdf,2
single,79,range,2
single,79,primn,2
single,79,primf,2
single,79,c4per,2
single,79,c4ann,2
single,79,pastr,2
single,79,c3per,2
single,79,urban,2
single,79,secmb,2
single,79,secma,2
single,79,secdn,2
single,79,c3nfx,2
single,79,c3ann,2
single,79,number_of_people,2
single,79,kg_class,2
single,79,weighted_PCT_SAND,1
single,79,weighted_PCT_CLAY,1
single,79,weighted_ORGANIC,1
single,79,SLOPE,1
single,79,elevation,1
single,79,ASPECT,1
single,79,LULC_states,3
single,80,secdf,8
single,80,range,8
single,80,primn,8
single,80,c4per,8
single,80,primf,8
single,80,c4ann,8
single,80,pastr,8
single,80,urban,8
single,80,c3per,8
single,80,secdn,8
single,80,secmb,8
single,80,secma,8
single,80,c3nfx,8
single,80,c3ann,8
single,80,number_of_people,8
single,80,kg_class,8
single,80,weighted_PCT_SAND,4
single,80,weighted_PCT_CLAY,4
single,80,weighted_ORGANIC,4
single,80,SLOPE,4
single,80,elevation,4
single,80,ASPECT,4
single,80,LULC_states,12
single,81,secdf,4
single,81,range,4
single,81,primn,4
single,81,primf,4
single,81,pastr,4
single,81,c4per,4
single,81,c4ann,4
single,81,urban,4
single,81,secmb,4
single,81,c3per,4
single,81,secma,4
single,81,secdn,4
single,81,c3nfx,4
single,81,c3ann,4
single,81,number_of_people,4
single,81,kg_class,4
single,81,weighted_ORGANIC,2
single,81,weighted_PCT_CLAY,2
single,81,weighted_PCT_SAND,2
single,81,elevation,2
single,81,SLOPE,2
single,81,ASPECT,2
single,81,LULC_states,6
single,82,secdf,8
single,82,range,8
single,82,primn,8
single,82,primf,8
single,82,c4per,8
single,82,pastr,8
single,82,c4ann,8
single,82,urban,8
single,82,c3per,8
single,82,secmb,8
single,82,secdn,8
single,82,secma,8
single,82,c3nfx,8
single,82,c3ann,8
single,82,number_of_people,8
single,82,kg_class,8
single,82,weighted_PCT_SAND,4
single,82,weighted_PCT_CLAY,4
single,82,weighted_ORGANIC,4
single,82,SLOPE,4
single,82,elevation,4
single,82,ASPECT,4
single,82,LULC_states,12
single,83,secdf,4
single,83,primn,4
single,83,range,4
single,83,primf,4
single,83,c4per,4
single,83,pastr,4
single,83,c4ann,4
single,83,c3per,4
single,83,urban,4
single,83,secmb,4
single,83,secma,4
single,83,secdn,4
single,83,c3nfx,4
single,83,c3ann,4
single,83,number_of_people,4
single,83,kg_class,4
single,83,weighted_PCT_SAND,2
single,83,weighted_PCT_CLAY,2
single,83,SLOPE,2
single,83,elevation,2
single,83,weighted_ORGANIC,2
single,83,ASPECT,2
single,83,LULC_states,6
single,84,secdf,2
single,84,range,2
single,84,primn,2
single,84,primf,2
single,84,pastr,2
single,84,c4per,2
single,84,c4ann,2
single,84,c3per,2
single,84,urban,2
single,84,secmb,2
single,84,secma,2
single,84,secdn,2
single,84,c3nfx,2
single,84,c3ann,2
single,84,number_of_people,2
single,84,kg_class,2
single,84,weighted_PCT_SAND,1
single,84,weighted_PCT_CLAY,1
single,84,weighted_ORGANIC,1
single,84,SLOPE,1
single,84,elevation,1
single,84,ASPECT,1
single,84,LULC_states,3
single,85,secdf,2
single,85,range,2
single,85,primn,2
single,85,primf,2
single,85,c4per,2
single,85,pastr,2
single,85,c4ann,2
single,85,c3per,2
single,85,urban,2
single,85,secmb,2
single,85,secma,2
single,85,secdn,2
single,85,c3nfx,2
single,85,c3ann,2
single,85,number_of_people,2
single,85,kg_class,2
single,85,weighted_PCT_SAND,1
single,85,weighted_PCT_CLAY,1
single,85,weighted_ORGANIC,1
single,85,SLOPE,1
single,85,elevation,1
single,85,ASPECT,1
single,85,LULC_states,3
single,86,secdf,4
single,86,range,4
single,86,primn,4
single,86,primf,4
single,86,pastr,4
single,86,c4per,4
single,86,c4ann,4
single,86,c3per,4
single,86,urban,4
single,86,secmb,4
single,86,secma,4
single,86,secdn,4
single,86,c3nfx,4
single,86,c3ann,4
single,86,number_of_people,4
single,86,kg_class,4
single,86,weighted_PCT_SAND,2
single,86,weighted_PCT_CLAY,2
single,86,weighted_ORGANIC,2
single,86,SLOPE,2
single,86,ASPECT,2
single,86,elevation,2
single,86,LULC_states,6
single,87,secdf,4
single,87,range,4
single,87,primn,4
single,87,pastr,4
single,87,primf,4
single,87,urban,4
single,87,c4ann,4
single,87,c4per,4
single,87,c3per,4
single,87,secma,4
single,87,secmb,4
single,87,secdn,4
single,87,c3nfx,4
single,87,c3ann,4
single,87,number_of_people,4
single,87,kg_class,4
single,87,weighted_PCT_SAND,2
single,87,weighted_PCT_CLAY,2
single,87,weighted_ORGANIC,2
single,87,SLOPE,2
single,87,ASPECT,2
single,87,elevation,2
single,87,LULC_states,6
single,88,primn,2
single,88,secdf,2
single,88,range,2
single,88,primf,2
single,88,c4per,2
single,88,pastr,2
single,88,c4ann,2
single,88,urban,2
single,88,secmb,2
single,88,c3per,2
single,88,secma,2
single,88,secdn,2
single,88,c3nfx,2
single,88,c3ann,2
single,88,number_of_people,2
single,88,kg_class,2
single,88,weighted_ORGANIC,1
single,88,weighted_PCT_CLAY,1
single,88,weighted_PCT_SAND,1
single,88,elevation,1
single,88,SLOPE,1
single,88,ASPECT,1
single,88,LULC_states,3
single,89,secdf,2
single,89,range,2
single,89,primn,2
single,89,primf,2
single,89,pastr,2
single,89,c4per,2
single,89,c4ann,2
single,89,c3per,2
single,89,urban,2
single,89,secmb,2
single,89,secma,2
single,89,c3nfx,2
single,89,secdn,2
single,89,c3ann,2
single,89,number_of_people,2
single,89,kg_class,2
single,89,weighted_PCT_SAND,1
single,89,weighted_PCT_CLAY,1
single,89,weighted_ORGANIC,1
single,89,SLOPE,1
single,89,elevation,1
single,89,ASPECT,1
single,89,LULC_states,3
single,90,range,4
single,90,secdf,4
single,90,primn,4
single,90,primf,4
single,90,pastr,4
single,90,c4per,4
single,90,c4ann,4
single,90,urban,4
single,90,secmb,4
single,90,c3per,4
single,90,secma,4
single,90,secdn,4
single,90,c3nfx,4
single,90,c3ann,4
single,90,number_of_people,4
single,90,kg_class,4
single,90,weighted_PCT_SAND,2
single,90,weighted_PCT_CLAY,2
single,90,weighted_ORGANIC,2
single,90,SLOPE,2
single,90,elevation,2
single,90,ASPECT,2
single,90,LULC_states,6
single,91,secdf,8
single,91,primf,8
single,91,range,8
single,91,pastr,8
single,91,c4per,8
single,91,primn,8
single,91,c3per,8
single,91,secmb,8
single,91,c4ann,8
single,91,urban,8
single,91,secma,8
single,91,secdn,8
single,91,c3nfx,8
single,91,c3ann,8
single,91,number_of_people,8
single,91,kg_class,8
single,91,weighted_PCT_SAND,4
single,91,weighted_PCT_CLAY,4
single,91,weighted_ORGANIC,4
single,91,SLOPE,4
single,91,elevation,4
single,91,ASPECT,4
single,91,LULC_states,12
single,92,secdf,4
single,92,range,4
single,92,primn,4
single,92,primf,4
single,92,pastr,4
single,92,c4per,4
single,92,c4ann,4
single,92,c3per,4
single,92,urban,4
single,92,secmb,4
single,92,secdn,4
single,92,secma,4
single,92,c3nfx,4
single,92,c3ann,4
single,92,number_of_people,4
single,92,kg_class,4
single,92,weighted_PCT_SAND,2
single,92,weighted_PCT_CLAY,2
single,92,weighted_ORGANIC,2
single,92,SLOPE,2
single,92,elevation,2
single,92,ASPECT,2
single,92,LULC_states,6
single,93,secdf,2
single,93,range,2
single,93,primn,2
single,93,primf,2
single,93,pastr,2
single,93,c4per,2
single,93,c4ann,2
single,93,c3per,2
single,93,urban,2
single,93,secdn,2
single,93,secma,2
single,93,c3nfx,2
single,93,c3ann,2
single,93,secmb,2
single,93,number_of_people,2
single,93,kg_class,2
single,93,weighted_PCT_SAND,1
single,93,weighted_PCT_CLAY,1
single,93,weighted_ORGANIC,1
single,93,SLOPE,1
single,93,elevation,1
single,93,ASPECT,1
single,93,LULC_states,3
single,94,secdf,8
single,94,range,8
single,94,primn,8
single,94,primf,8
single,94,pastr,8
single,94,c4ann,8
single,94,c4per,8
single,94,urban,8
single,94,c3per,8
single,94,secma,8
single,94,secmb,8
single,94,secdn,8
single,94,c3ann,8
single,94,c3nfx,8
single,94,number_of_people,8
single,94,kg_class,8
single,94,weighted_PCT_SAND,4
single,94,weighted_PCT_CLAY,4
single,94,weighted_ORGANIC,4
single,94,SLOPE,4
single,94,ASPECT,4
single,94,elevation,4
single,94,LULC_states,12
single,95,secdf,4
single,95,primn,4
single,95,primf,4
single,95,c4ann,4
single,95,range,4
single,95,c3per,4
single,95,c4per,4
single,95,pastr,4
single,95,secmb,4
single,95,secma,4
single,95,urban,4
single,95,secdn,4
single,95,c3nfx,4
single,95,c3ann,4
single,95,number_of_people,4
single,95,kg_class,4
single,95,weighted_PCT_SAND,2
single,95,weighted_PCT_CLAY,2
single,95,weighted_ORGANIC,2
single,95,SLOPE,2
single,95,elevation,2
single,95,ASPECT,2
single,95,LULC_states,6
single,96,secdf,4
single,96,range,4
single,96,primn,4
single,96,primf,4
single,96,pastr,4
single,96,c4ann,4
single,96,c3per,4
single,96,c4per,4
single,96,urban,4
single,96,secmb,4
single,96,secma,4
single,96,secdn,4
single,96,c3nfx,4
single,96,c3ann,4
single,96,number_of_people,4
single,96,kg_class,4
single,96,weighted_PCT_SAND,2
single,96,weighted_PCT_CLAY,2
single,96,weighted_ORGANIC,2
single,96,SLOPE,2
single,96,ASPECT,2
single,96,elevation,2
single,96,LULC_states,6
single,97,secdf,2
single,97,range,2
single,97,primn,2
single,97,pastr,2
single,97,primf,2
single,97,c4per,2
single,97,c4ann,2
single,97,c3per,2
single,97,urban,2
single,97,secma,2
single,97,secdn,2
single,97,c3nfx,2
single,97,secmb,2
single,97,c3ann,2
single,97,number_of_people,2
single,97,kg_class,2
single,97,weighted_PCT_SAND,1
single,97,weighted_PCT_CLAY,1
single,97,weighted_ORGANIC,1
single,97,SLOPE,1
single,97,elevation,1
single,97,ASPECT,1
single,97,LULC_states,3
single,98,secdf,2
single,98,primn,2
single,98,pastr,2
single,98,primf,2
single,98,c4ann,2
single,98,range,2
single,98,c3per,2
single,98,urban,2
single,98,c4per,2
single,98,secmb,2
single,98,secma,2
single,98,secdn,2
single,98,c3nfx,2
single,98,c3ann,2
single,98,number_of_people,2
single,98,kg_class,2
single,98,weighted_PCT_SAND,1
single,98,weighted_PCT_CLAY,1
single,98,weighted_ORGANIC,1
single,98,SLOPE,1
single,98,elevation,1
single,98,ASPECT,1
single,98,LULC_states,3
single,99,range,8
single,99,secdf,8
single,99,primn,8
single,99,primf,8
single,99,c4per,8
single,99,pastr,8
single,99,c4ann,8
single,99,secmb,8
single,99,c3per,8
single,99,urban,8
single,99,secma,8
single,99,secdn,8
single,99,c3nfx,8
single,99,c3ann,8
single,99,number_of_people,8
single,99,kg_class,8
single,99,weighted_PCT_SAND,4
single,99,weighted_PCT_CLAY,4
single,99,weighted_ORGANIC,4
single,99,SLOPE,4
single,99,elevation,4
single,99,ASPECT,4
single,99,LULC_states,12
single,100,secdf,4
single,100,range,4
single,100,primn,4
single,100,c4ann,4
single,100,primf,4
single,100,pastr,4
single,100,c4per,4
single,100,c3per,4
single,100,urban,4
single,100,secma,4
single,100,secmb,4
single,100,secdn,4
single,100,c3nfx,4
single,100,c3ann,4
single,100,number_of_people,4
single,100,kg_class,4
single,100,weighted_PCT_SAND,2
single,100,weighted_PCT_CLAY,2
single,100,weighted_ORGANIC,2
single,100,SLOPE,2
single,100,elevation,2
single,100,ASPECT,2
single,100,LULC_states,6
single,101,range,2
single,101,secdf,2
single,101,primn,2
single,101,primf,2
single,101,pastr,2
single,101,c4per,2
single,101,c4ann,2
single,101,c3per,2
single,101,secmb,2
single,101,urban,2
single,101,secma,2
single,101,secdn,2
single,101,c3nfx,2
single,101,c3ann,2
single,101,number_of_people,2
single,101,kg_class,2
single,101,weighted_PCT_SAND,1
single,101,weighted_PCT_CLAY,1
single,101,weighted_ORGANIC,1
single,101,SLOPE,1
single,101,elevation,1
single,101,ASPECT,1
single,101,LULC_states,3
single,102,secdf,4
single,102,range,4
single,102,primf,4
single,102,pastr,4
single,102,primn,4
single,102,c4per,4
single,102,c4ann,4
single,102,secmb,4
single,102,c3per,4
single,102,secdn,4
single,102,secma,4
single,102,urban,4
single,102,c3ann,4
single,102,c3nfx,4
single,102,number_of_people,4
single,102,kg_class,4
single,102,weighted_PCT_SAND,2
single,102,weighted_PCT_CLAY,2
single,102,weighted_ORGANIC,2
single,102,elevation,2
single,102,SLOPE,2
single,102,ASPECT,2
single,102,LULC_states,6
single,103,secdf,8
single,103,primn,8
single,103,primf,8
single,103,pastr,8
single,103,range,8
single,103,c4per,8
single,103,c4ann,8
single,103,c3per,8
single,103,urban,8
single,103,secmb,8
single,103,secma,8
single,103,secdn,8
single,103,c3ann,8
single,103,c3nfx,8
single,103,number_of_people,8
single,103,kg_class,8
single,103,weighted_PCT_CLAY,4
single,103,weighted_PCT_SAND,4
single,103,weighted_ORGANIC,4
single,103,elevation,4
single,103,SLOPE,4
single,103,ASPECT,4
single,103,LULC_states,12
single,104,secdf,4
single,104,range,4
single,104,primn,4
single,104,pastr,4
single,104,primf,4
single,104,c4ann,4
single,104,c3per,4
single,104,urban,4
single,104,c4per,4
single,104,secdn,4
single,104,secma,4
single,104,c3ann,4
single,104,secmb,4
single,104,c3nfx,4
single,104,number_of_people,4
single,104,kg_class,4
single,104,weighted_PCT_SAND,2
single,104,weighted_ORGANIC,2
single,104,weighted_PCT_CLAY,2
single,104,SLOPE,2
single,104,elevation,2
single,104,ASPECT,2
single,104,LULC_states,6
single,105,secdf,8
single,105,range,8
single,105,primf,8
single,105,primn,8
single,105,pastr,8
single,105,c4ann,8
single,105,c3per,8
single,105,urban,8
single,105,c4per,8
single,105,secma,8
single,105,secmb,8
single,105,secdn,8
single,105,c3nfx,8
single,105,c3ann,8
single,105,number_of_people,8
single,105,kg_class,8
single,105,weighted_PCT_SAND,4
single,105,weighted_PCT_CLAY,4
single,105,weighted_ORGANIC,4
single,105,SLOPE,4
single,105,elevation,4
single,105,ASPECT,4
single,105,LULC_states,12
single,106,secdf,8
single,106,pastr,8
single,106,primn,8
single,106,range,8
single,106,primf,8
single,106,c4per,8
single,106,c4ann,8
single,106,c3per,8
single,106,urban,8
single,106,secma,8
single,106,secmb,8
single,106,secdn,8
single,106,c3ann,8
single,106,c3nfx,8
single,106,number_of_people,8
single,106,kg_class,8
single,106,weighted_PCT_SAND,4
single,106,weighted_PCT_CLAY,4
single,106,weighted_ORGANIC,4
single,106,SLOPE,4
single,106,elevation,4
single,106,ASPECT,4
single,106,LULC_states,12
single,107,secdf,2
single,107,range,2
single,107,primn,2
single,107,primf,2
single,107,pastr,2
single,107,c4per,2
single,107,c4ann,2
single,107,c3per,2
single,107,secmb,2
single,107,urban,2
single,107,secdn,2
single,107,secma,2
single,107,c3nfx,2
single,107,c3ann,2
single,107,number_of_people,2
single,107,kg_class,2
single,107,weighted_PCT_SAND,1
single,107,weighted_PCT_CLAY,1
single,107,elevation,1
single,107,SLOPE,1
single,107,weighted_ORGANIC,1
single,107,ASPECT,1
single,107,LULC_states,3
single,108,range,2
single,108,primn,2
single,108,secdf,2
single,108,primf,2
single,108,pastr,2
single,108,c4per,2
single,108,c4ann,2
single,108,c3per,2
single,108,urban,2
single,108,secmb,2
single,108,secdn,2
single,108,c3nfx,2
single,108,secma,2
single,108,c3ann,2
single,108,number_of_people,2
single,108,kg_class,2
single,108,weighted_ORGANIC,1
single,108,weighted_PCT_CLAY,1
single,108,weighted_PCT_SAND,1
single,108,SLOPE,1
single,108,elevation,1
single,108,ASPECT,1
single,108,LULC_states,3
single,109,range,4
single,109,primn,4
single,109,secdf,4
single,109,primf,4
single,109,pastr,4
single,109,c3per,4
single,109,c4per,4
single,109,c4ann,4
single,109,secma,4
single,109,urban,4
single,109,secdn,4
single,109,secmb,4
single,109,c3nfx,4
single,109,c3ann,4
single,109,number_of_people,4
single,109,kg_class,4
single,109,weighted_PCT_SAND,2
single,109,weighted_PCT_CLAY,2
single,109,weighted_ORGANIC,2
single,109,elevation,2
single,109,SLOPE,2
single,109,ASPECT,2
single,109,LULC_states,6
single,110,secdf,2
single,110,range,2
single,110,primn,2
single,110,primf,2
single,110,pastr,2
single,110,c4ann,2
single,110,c3per,2
single,110,c4per,2
single,110,urban,2
single,110,secmb,2
single,110,secma,2
single,110,secdn,2
single,110,c3nfx,2
single,110,c3ann,2
single,110,number_of_people,2
single,110,kg_class,2
single,110,weighted_PCT_SAND,1
single,110,weighted_PCT_CLAY,1
single,110,weighted_ORGANIC,1
single,110,SLOPE,1
single,110,elevation,1
single,110,ASPECT,1
single,110,LULC_states,3
single,111,secdf,8
single,111,range,8
single,111,primn,8
single,111,primf,8
single,111,c4per,8
single,111,pastr,8
single,111,c3per,8
single,111,c4ann,8
single,111,urban,8
single,111,secmb,8
single,111,secma,8
single,111,c3ann,8
single,111,c3nfx,8
single,111,secdn,8
single,111,number_of_people,8
single,111,kg_class,8
single,111,weighted_PCT_SAND,4
single,111,weighted_ORGANIC,4
single,111,weighted_PCT_CLAY,4
single,111,SLOPE,4
single,111,elevation,4
single,111,ASPECT,4
single,111,LULC_states,12
single,112,secdf,2
single,112,range,2
single,112,primn,2
single,112,primf,2
single,112,pastr,2
single,112,c4per,2
single,112,c4ann,2
single,112,c3per,2
single,112,urban,2
single,112,secmb,2
single,112,secma,2
single,112,secdn,2
single,112,c3nfx,2
single,112,c3ann,2
single,112,number_of_people,2
single,112,kg_class,2
single,112,weighted_PCT_SAND,1
single,112,weighted_PCT_CLAY,1
single,112,weighted_ORGANIC,1
single,112,SLOPE,1
single,112,elevation,1
single,112,ASPECT,1
single,112,LULC_states,3
single,113,secdf,8
single,113,range,8
single,113,primn,8
single,113,primf,8
single,113,pastr,8
single,113,c4per,8
single,113,c4ann,8
single,113,c3per,8
single,113,urban,8
single,113,secmb,8
single,113,secma,8
single,113,secdn,8
single,113,c3nfx,8
single,113,c3ann,8
single,113,number_of_people,8
single,113,kg_class,8
single,113,weighted_PCT_SAND,4
single,113,weighted_PCT_CLAY,4
single,113,weighted_ORGANIC,4
single,113,SLOPE,4
single,113,elevation,4
single,113,ASPECT,4
single,113,LULC_states,12
single,114,secdf,2
single,114,range,2
single,114,primn,2
single,114,primf,2
single,114,pastr,2
single,114,c4per,2
single,114,c4ann,2
single,114,c3per,2
single,114,urban,2
single,114,secmb,2
single,114,secma,2
single,114,secdn,2
single,114,c3nfx,2
single,114,c3ann,2
single,114,number_of_people,2
single,114,kg_class,2
single,114,weighted_PCT_SAND,1
single,114,weighted_PCT_CLAY,1
single,114,weighted_ORGANIC,1
single,114,SLOPE,1
single,114,elevation,1
single,114,ASPECT,1
single,114,LULC_states,3
single,115,secdf,4
single,115,range,4
single,115,primn,4
single,115,primf,4
single,115,pastr,4
single,115,c4per,4
single,115,c4ann,4
single,115,c3per,4
single,115,urban,4
single,115,secma,4
single,115,secmb,4
single,115,secdn,4
single,115,c3nfx,4
single,115,c3ann,4
single,115,number_of_people,4
single,115,kg_class,4
single,115,weighted_PCT_SAND,2
single,115,weighted_PCT_CLAY,2
single,115,weighted_ORGANIC,2
single,115,SLOPE,2
single,115,elevation,2
single,115,ASPECT,2
single,115,LULC_states,6
single,116,secdf,4
single,116,range,4
single,116,primn,4
single,116,pastr,4
single,116,primf,4
single,116,c4ann,4
single,116,c4per,4
single,116,c3per,4
single,116,urban,4
single,116,secmb,4
single,116,secma,4
single,116,secdn,4
single,116,c3nfx,4
single,116,c3ann,4
single,116,number_of_people,4
single,116,kg_class,4
single,116,weighted_PCT_SAND,2
single,116,weighted_PCT_CLAY,2
single,116,weighted_ORGANIC,2
single,116,SLOPE,2
single,116,elevation,2
single,116,ASPECT,2
single,116,LULC_states,6
single,117,secdf,2
single,117,range,2
single,117,primn,2
single,117,pastr,2
single,117,primf,2
single,117,c4ann,2
single,117,c4per,2
single,117,c3per,2
single,117,urban,2
single,117,secmb,2
single,117,secma,2
single,117,secdn,2
single,117,c3nfx,2
single,117,c3ann,2
single,117,number_of_people,2
single,117,kg_class,2
single,117,weighted_PCT_SAND,1
single,117,weighted_PCT_CLAY,1
single,117,weighted_ORGANIC,1
single,117,SLOPE,1
single,117,elevation,1
single,117,ASPECT,1
single,117,LULC_states,3
single,118,secdf,2
single,118,range,2
single,118,primn,2
single,118,primf,2
single,118,pastr,2
single,118,c4per,2
single,118,c4ann,2
single,118,c3per,2
single,118,urban,2
single,118,secmb,2
single,118,secma,2
single,118,secdn,2
single,118,c3nfx,2
single,118,c3ann,2
single,118,number_of_people,2
single,118,kg_class,2
single,118,weighted_PCT_SAND,1
single,118,weighted_PCT_CLAY,1
single,118,weighted_ORGANIC,1
single,118,SLOPE,1
single,118,elevation,1
single,118,ASPECT,1
single,118,LULC_states,3
single,119,secdf,8
single,119,range,8
single,119,primn,8
single,119,pastr,8
single,119,c4per,8
single,119,primf,8
single,119,c4ann,8
single,119,c3per,8
single,119,urban,8
single,119,secmb,8
single,119,secma,8
single,119,secdn,8
single,119,c3nfx,8
single,119,c3ann,8
single,119,number_of_people,8
single,119,kg_class,8
single,119,weighted_PCT_SAND,4
single,119,weighted_PCT_CLAY,4
single,119,weighted_ORGANIC,4
single,119,SLOPE,4
single,119,ASPECT,4
single,119,elevation,4
single,119,LULC_states,12
single,120,secdf,2
single,120,primn,2
single,120,range,2
single,120,primf,2
single,120,pastr,2
single,120,c4per,2
single,120,c4ann,2
single,120,c3per,2
single,120,urban,2
single,120,secmb,2
single,120,secma,2
single,120,secdn,2
single,120,c3nfx,2
single,120,c3ann,2
single,120,number_of_people,2
single,120,kg_class,2
single,120,weighted_PCT_SAND,1
single,120,weighted_ORGANIC,1
single,120,weighted_PCT_CLAY,1
single,120,SLOPE,1
single,120,elevation,1
single,120,ASPECT,1
single,120,LULC_states,3
single,121,secdf,4
single,121,range,4
single,121,primn,4
single,121,primf,4
single,121,pastr,4
single,121,c4per,4
single,121,c3per,4
single,121,c4ann,4
single,121,urban,4
single,121,secmb,4
single,121,secma,4
single,121,secdn,4
single,121,c3nfx,4
single,121,c3ann,4
single,121,number_of_people,4
single,121,kg_class,4
single,121,weighted_PCT_SAND,2
single,121,weighted_PCT_CLAY,2
single,121,weighted_ORGANIC,2
single,121,SLOPE,2
single,121,elevation,2
single,121,ASPECT,2
single,121,LULC_states,6
single,122,secdf,4
single,122,range,4
single,122,pastr,4
single,122,primf,4
single,122,primn,4
single,122,c4per,4
single,122,c4ann,4
single,122,urban,4
single,122,c3per,4
single,122,secmb,4
single,122,secdn,4
single,122,c3nfx,4
single,122,secma,4
single,122,c3ann,4
single,122,number_of_people,4
single,122,kg_class,4
single,122,weighted_PCT_SAND,2
single,122,weighted_PCT_CLAY,2
single,122,weighted_ORGANIC,2
single,122,elevation,2
single,122,SLOPE,2
single,122,ASPECT,2
single,122,LULC_states,6
single,123,range,8
single,123,primn,8
single,123,primf,8
single,123,secdf,8
single,123,pastr,8
single,123,c4ann,8
single,123,c4per,8
single,123,urban,8
single,123,c3per,8
single,123,secmb,8
single,123,secma,8
single,123,c3nfx,8
single,123,secdn,8
single,123,c3ann,8
single,123,number_of_people,8
single,123,kg_class,8
single,123,weighted_PCT_SAND,4
single,123,weighted_PCT_CLAY,4
single,123,weighted_ORGANIC,4
single,123,SLOPE,4
single,123,elevation,4
single,123,ASPECT,4
single,123,LULC_states,12
single,124,secdf,2
single,124,primn,2
single,124,primf,2
single,124,pastr,2
single,124,range,2
single,124,c4ann,2
single,124,c4per,2
single,124,c3per,2
single,124,urban,2
single,124,secmb,2
single,124,secma,2
single,124,secdn,2
single,124,c3nfx,2
single,124,c3ann,2
single,124,number_of_people,2
single,124,kg_class,2
single,124,weighted_PCT_SAND,1
single,124,weighted_PCT_CLAY,1
single,124,weighted_ORGANIC,1
single,124,SLOPE,1
single,124,elevation,1
single,124,ASPECT,1
single,124,LULC_states,3
single,125,secdf,8
single,125,range,8
single,125,primn,8
single,125,primf,8
single,125,pastr,8
single,125,c4per,8
single,125,c4ann,8
single,125,secmb,8
single,125,c3per,8
single,125,urban,8
single,125,secma,8
single,125,secdn,8
single,125,c3ann,8
single,125,c3nfx,8
single,125,number_of_people,8
single,125,kg_class,8
single,125,weighted_PCT_SAND,4
single,125,weighted_PCT_CLAY,4
single,125,SLOPE,4
single,125,elevation,4
single,125,weighted_ORGANIC,4
single,125,ASPECT,4
single,125,LULC_states,12
single,126,secdf,4
single,126,range,4
single,126,primn,4
single,126,primf,4
single,126,pastr,4
single,126,c4per,4
single,126,c4ann,4
single,126,c3per,4
single,126,urban,4
single,126,secma,4
single,126,secdn,4
single,126,secmb,4
single,126,c3ann,4
single,126,c3nfx,4
single,126,number_of_people,4
single,126,kg_class,4
single,126,weighted_PCT_SAND,2
single,126,weighted_ORGANIC,2
single,126,weighted_PCT_CLAY,2
single,126,SLOPE,2
single,126,elevation,2
single,126,ASPECT,2
single,126,LULC_states,6
single,127,secdf,4
single,127,range,4
single,127,primn,4
single,127,primf,4
single,127,pastr,4
single,127,c4per,4
single,127,c3per,4
single,127,c4ann,4
single,127,urban,4
single,127,secmb,4
single,127,secdn,4
single,127,secma,4
single,127,c3nfx,4
single,127,c3ann,4
single,127,number_of_people,4
single,127,kg_class,4
single,127,weighted_PCT_SAND,2
single,127,weighted_PCT_CLAY,2
single,127,weighted_ORGANIC,2
single,127,SLOPE,2
single,127,elevation,2
single,127,ASPECT,2
single,127,LULC_states,6
single,128,range,8
single,128,secdf,8
single,128,primn,8
single,128,primf,8
single,128,pastr,8
single,128,c4per,8
single,128,c4ann,8
single,128,c3per,8
single,128,urban,8
single,128,secmb,8
single,128,secma,8
single,128,secdn,8
single,128,c3nfx,8
single,128,c3ann,8
single,128,number_of_people,8
single,128,kg_class,8
single,128,weighted_PCT_SAND,4
single,128,weighted_PCT_CLAY,4
single,128,weighted_ORGANIC,4
single,128,elevation,4
single,128,SLOPE,4
single,128,ASPECT,4
single,128,LULC_states,12
single,129,secdf,4
single,129,range,4
single,129,primn,4
single,129,pastr,4
single,129,primf,4
single,129,c4per,4
single,129,c4ann,4
single,129,c3per,4
single,129,urban,4
single,129,secmb,4
single,129,secma,4
single,129,secdn,4
single,129,c3nfx,4
single,129,c3ann,4
single,129,number_of_people,4
single,129,kg_class,4
single,129,weighted_PCT_SAND,2
single,129,weighted_PCT_CLAY,2
single,129,weighted_ORGANIC,2
single,129,SLOPE,2
single,129,elevation,2
single,129,ASPECT,2
single,129,LULC_states,6
single,130,secdf,4
single,130,range,4
single,130,primn,4
single,130,primf,4
single,130,pastr,4
single,130,c4per,4
single,130,c4ann,4
single,130,c3per,4
single,130,secmb,4
single,130,urban,4
single,130,secma,4
single,130,secdn,4
single,130,c3nfx,4
single,130,c3ann,4
single,130,number_of_people,4
single,130,kg_class,4
single,130,weighted_PCT_SAND,2
single,130,weighted_PCT_CLAY,2
single,130,weighted_ORGANIC,2
single,130,SLOPE,2
single,130,ASPECT,2
single,130,elevation,2
single,130,LULC_states,6
single,131,range,4
single,131,secdf,4
single,131,primf,4
single,131,primn,4
single,131,pastr,4
single,131,c4ann,4
single,131,c3per,4
single,131,c4per,4
single,131,urban,4
single,131,secmb,4
single,131,secma,4
single,131,secdn,4
single,131,c3ann,4
single,131,c3nfx,4
single,131,number_of_people,4
single,131,kg_class,4
single,131,weighted_PCT_SAND,2
single,131,weighted_PCT_CLAY,2
single,131,weighted_ORGANIC,2
single,131,SLOPE,2
single,131,ASPECT,2
single,131,elevation,2
single,131,LULC_states,6
single,132,secdf,4
single,132,range,4
single,132,primn,4
single,132,primf,4
single,132,pastr,4
single,132,c4per,4
single,132,c4ann,4
single,132,c3per,4
single,132,urban,4
single,132,secmb,4
single,132,secdn,4
single,132,c3nfx,4
single,132,secma,4
single,132,c3ann,4
single,132,number_of_people,4
single,132,kg_class,4
single,132,weighted_PCT_SAND,2
single,132,weighted_PCT_CLAY,2
single,132,weighted_ORGANIC,2
single,132,SLOPE,2
single,132,elevation,2
single,132,ASPECT,2
single,132,LULC_states,6
single,133,range,2
single,133,secdf,2
single,133,pastr,2
single,133,primf,2
single,133,primn,2
single,133,c3per,2
single,133,c4per,2
single,133,c4ann,2
single,133,urban,2
single,133,secma,2
single,133,secmb,2
single,133,secdn,2
single,133,c3nfx,2
single,133,c3ann,2
single,133,number_of_people,2
single,133,kg_class,2
single,133,weighted_PCT_SAND,1
single,133,SLOPE,1
single,133,weighted_PCT_CLAY,1
single,133,weighted_ORGANIC,1
single,133,elevation,1
single,133,ASPECT,1
single,133,LULC_states,3
single,134,secdf,4
single,134,range,4
single,134,primn,4
single,134,primf,4
single,134,pastr,4
single,134,c3per,4
single,134,c4ann,4
single,134,c4per,4
single,134,secmb,4
single,134,urban,4
single,134,secdn,4
single,134,secma,4
single,134,c3nfx,4
single,134,c3ann,4
single,134,number_of_people,4
single,134,kg_class,4
single,134,weighted_PCT_SAND,2
single,134,weighted_PCT_CLAY,2
single,134,weighted_ORGANIC,2
single,134,elevation,2
single,134,SLOPE,2
single,134,ASPECT,2
single,134,LULC_states,6
single,135,secdf,2
single,135,range,2
single,135,primn,2
single,135,primf,2
single,135,pastr,2
single,135,c4ann,2
single,135,c4per,2
single,135,c3per,2
single,135,urban,2
single,135,secmb,2
single,135,secma,2
single,135,secdn,2
single,135,c3nfx,2
single,135,c3ann,2
single,135,number_of_people,2
single,135,kg_class,2
single,135,weighted_PCT_SAND,1
single,135,weighted_PCT_CLAY,1
single,135,weighted_ORGANIC,1
single,135,SLOPE,1
single,135,elevation,1
single,135,ASPECT,1
single,135,LULC_states,3
single,136,secdf,2
single,136,range,2
single,136,primn,2
single,136,primf,2
single,136,pastr,2
single,136,c4per,2
single,136,c4ann,2
single,136,c3per,2
single,136,secmb,2
single,136,urban,2
single,136,c3nfx,2
single,136,secdn,2
single,136,secma,2
single,136,c3ann,2
single,136,number_of_people,2
single,136,kg_class,2
single,136,weighted_PCT_SAND,1
single,136,weighted_PCT_CLAY,1
single,136,weighted_ORGANIC,1
single,136,SLOPE,1
single,136,elevation,1
single,136,ASPECT,1
single,136,LULC_states,3
single,137,secdf,4
single,137,range,4
single,137,primn,4
single,137,pastr,4
single,137,primf,4
single,137,c4ann,4
single,137,c4per,4
single,137,c3per,4
single,137,secmb,4
single,137,urban,4
single,137,secdn,4
single,137,secma,4
single,137,c3nfx,4
single,137,c3ann,4
single,137,number_of_people,4
single,137,kg_class,4
single,137,weighted_PCT_SAND,2
single,137,weighted_PCT_CLAY,2
single,137,weighted_ORGANIC,2
single,137,SLOPE,2
single,137,elevation,2
single,137,ASPECT,2
single,137,LULC_states,6
single,138,secdf,4
single,138,range,4
single,138,primn,4
single,138,primf,4
single,138,pastr,4
single,138,c4per,4
single,138,c4ann,4
single,138,urban,4
single,138,c3per,4
single,138,secmb,4
single,138,secma,4
single,138,secdn,4
single,138,c3nfx,4
single,138,c3ann,4
single,138,number_of_people,4
single,138,kg_class,4
single,138,weighted_PCT_SAND,2
single,138,weighted_PCT_CLAY,2
single,138,weighted_ORGANIC,2
single,138,SLOPE,2
single,138,elevation,2
single,138,ASPECT,2
single,138,LULC_states,6
single,139,secdf,8
single,139,range,8
single,139,primn,8
single,139,primf,8
single,139,pastr,8
single,139,c4per,8
single,139,c4ann,8
single,139,c3per,8
single,139,urban,8
single,139,secmb,8
single,139,secma,8
single,139,secdn,8
single,139,c3nfx,8
single,139,c3ann,8
single,139,number_of_people,8
single,139,kg_class,8
single,139,weighted_PCT_SAND,4
single,139,weighted_PCT_CLAY,4
single,139,weighted_ORGANIC,4
single,139,SLOPE,4
single,139,elevation,4
single,139,ASPECT,4
single,139,LULC_states,12
single,140,secdf,2
single,140,range,2
single,140,primn,2
single,140,primf,2
single,140,pastr,2
single,140,c4per,2
single,140,c3per,2
single,140,c4ann,2
single,140,urban,2
single,140,secmb,2
single,140,secma,2
single,140,c3nfx,2
single,140,secdn,2
single,140,c3ann,2
single,140,number_of_people,2
single,140,kg_class,2
single,140,weighted_PCT_SAND,1
single,140,weighted_PCT_CLAY,1
single,140,weighted_ORGANIC,1
single,140,SLOPE,1
single,140,elevation,1
single,140,ASPECT,1
single,140,LULC_states,3
single,141,secdf,8
single,141,range,8
single,141,primn,8
single,141,pastr,8
single,141,c4per,8
single,141,primf,8
single,141,c4ann,8
single,141,secmb,8
single,141,urban,8
single,141,secma,8
single,141,c3per,8
single,141,c3ann,8
single,141,secdn,8
single,141,c3nfx,8
single,141,number_of_people,8
single,141,kg_class,8
single,141,weighted_PCT_SAND,4
single,141,weighted_PCT_CLAY,4
single,141,weighted_ORGANIC,4
single,141,elevation,4
single,141,SLOPE,4
single,141,ASPECT,4
single,141,LULC_states,12
single,142,secdf,2
single,142,range,2
single,142,primn,2
single,142,primf,2
single,142,pastr,2
single,142,c4per,2
single,142,c4ann,2
single,142,c3per,2
single,142,urban,2
single,142,secmb,2
single,142,secma,2
single,142,secdn,2
single,142,c3nfx,2
single,142,c3ann,2
single,142,number_of_people,2
single,142,kg_class,2
single,142,weighted_PCT_SAND,1
single,142,weighted_PCT_CLAY,1
single,142,weighted_ORGANIC,1
single,142,SLOPE,1
single,142,elevation,1
single,142,ASPECT,1
single,142,LULC_states,3
single,143,secdf,2
single,143,range,2
single,143,primn,2
single,143,primf,2
single,143,pastr,2
single,143,c4per,2
single,143,c4ann,2
single,143,c3per,2
single,143,urban,2
single,143,secmb,2
single,143,secma,2
single,143,secdn,2
single,143,c3ann,2
single,143,c3nfx,2
single,143,number_of_people,2
single,143,kg_class,2
single,143,weighted_PCT_SAND,1
single,143,weighted_PCT_CLAY,1
single,143,weighted_ORGANIC,1
single,143,SLOPE,1
single,143,elevation,1
single,143,ASPECT,1
single,143,LULC_states,3
single,144,secdf,2
single,144,range,2
single,144,primn,2
single,144,primf,2
single,144,pastr,2
single,144,c4per,2
single,144,c4ann,2
single,144,c3per,2
single,144,urban,2
single,144,secmb,2
single,144,secma,2
single,144,secdn,2
single,144,c3nfx,2
single,144,c3ann,2
single,144,number_of_people,2
single,144,kg_class,2
single,144,weighted_PCT_SAND,1
single,144,weighted_PCT_CLAY,1
single,144,weighted_ORGANIC,1
single,144,SLOPE,1
single,144,elevation,1
single,144,ASPECT,1
single,144,LULC_states,3
single,145,secdf,4
single,145,range,4
single,145,primf,4
single,145,pastr,4
single,145,primn,4
single,145,c4ann,4
single,145,c4per,4
single,145,secmb,4
single,145,c3per,4
single,145,urban,4
single,145,c3nfx,4
single,145,c3ann,4
single,145,secdn,4
single,145,secma,4
single,145,number_of_people,4
single,145,kg_class,4
single,145,weighted_PCT_SAND,2
single,145,weighted_PCT_CLAY,2
single,145,weighted_ORGANIC,2
single,145,elevation,2
single,145,SLOPE,2
single,145,ASPECT,2
single,145,LULC_states,6
single,146,secdf,2
single,146,range,2
single,146,primn,2
single,146,primf,2
single,146,pastr,2
single,146,c4per,2
single,146,c4ann,2
single,146,c3per,2
single,146,urban,2
single,146,secmb,2
single,146,secma,2
single,146,secdn,2
single,146,c3nfx,2
single,146,c3ann,2
single,146,number_of_people,2
single,146,kg_class,2
single,146,weighted_PCT_SAND,1
single,146,weighted_PCT_CLAY,1
single,146,weighted_ORGANIC,1
single,146,SLOPE,1
single,146,elevation,1
single,146,ASPECT,1
single,146,LULC_states,3
single,147,primn,2
single,147,range,2
single,147,secdf,2
single,147,primf,2
single,147,pastr,2
single,147,c4per,2
single,147,c4ann,2
single,147,c3per,2
single,147,urban,2
single,147,secmb,2
single,147,secma,2
single,147,secdn,2
single,147,c3nfx,2
single,147,c3ann,2
single,147,number_of_people,2
single,147,kg_class,2
single,147,weighted_PCT_SAND,1
single,147,weighted_PCT_CLAY,1
single,147,weighted_ORGANIC,1
single,147,SLOPE,1
single,147,elevation,1
single,147,ASPECT,1
single,147,LULC_states,3
single,148,secdf,8
single,148,range,8
single,148,primn,8
single,148,c4per,8
single,148,pastr,8
single,148,c4ann,8
single,148,primf,8
single,148,c3per,8
single,148,secmb,8
single,148,secma,8
single,148,urban,8
single,148,secdn,8
single,148,c3ann,8
single,148,c3nfx,8
single,148,number_of_people,8
single,148,kg_class,8
single,148,weighted_PCT_SAND,4
single,148,weighted_PCT_CLAY,4
single,148,weighted_ORGANIC,4
single,148,SLOPE,4
single,148,elevation,4
single,148,ASPECT,4
single,148,LULC_states,12
single,149,secdf,4
single,149,range,4
single,149,primn,4
single,149,primf,4
single,149,pastr,4
single,149,c4ann,4
single,149,c3per,4
single,149,c4per,4
single,149,urban,4
single,149,secma,4
single,149,secmb,4
single,149,secdn,4
single,149,c3nfx,4
single,149,c3ann,4
single,149,number_of_people,4
single,149,kg_class,4
single,149,weighted_PCT_CLAY,2
single,149,weighted_PCT_SAND,2
single,149,weighted_ORGANIC,2
single,149,elevation,2
single,149,SLOPE,2
single,149,ASPECT,2
single,149,LULC_states,6
single,150,secdf,8
single,150,range,8
single,150,primn,8
single,150,primf,8
single,150,c4per,8
single,150,c4ann,8
single,150,pastr,8
single,150,c3per,8
single,150,secmb,8
single,150,urban,8
single,150,secma,8
single,150,secdn,8
single,150,c3nfx,8
single,150,c3ann,8
single,150,number_of_people,8
single,150,kg_class,8
single,150,weighted_PCT_SAND,4
single,150,weighted_PCT_CLAY,4
single,150,weighted_ORGANIC,4
single,150,SLOPE,4
single,150,elevation,4
single,150,ASPECT,4
single,150,LULC_states,12
single,151,secdf,4
single,151,range,4
single,151,primn,4
single,151,primf,4
single,151,pastr,4
single,151,c4per,4
single,151,c4ann,4
single,151,c3per,4
single,151,secmb,4
single,151,secma,4
single,151,urban,4
single,151,c3nfx,4
single,151,c3ann,4
single,151,secdn,4
single,151,number_of_people,4
single,151,kg_class,4
single,151,weighted_PCT_SAND,2
single,151,weighted_PCT_CLAY,2
single,151,weighted_ORGANIC,2
single,151,elevation,2
single,151,SLOPE,2
single,151,ASPECT,2
single,151,LULC_states,6
single,152,range,4
single,152,secdf,4
single,152,primn,4
single,152,primf,4
single,152,pastr,4
single,152,c4per,4
single,152,c4ann,4
single,152,urban,4
single,152,secmb,4
single,152,c3per,4
single,152,secma,4
single,152,c3nfx,4
single,152,secdn,4
single,152,c3ann,4
single,152,number_of_people,4
single,152,kg_class,4
single,152,weighted_PCT_SAND,2
single,152,weighted_PCT_CLAY,2
single,152,weighted_ORGANIC,2
single,152,elevation,2
single,152,SLOPE,2
single,152,ASPECT,2
single,152,LULC_states,6
single,153,secdf,4
single,153,range,4
single,153,primn,4
single,153,pastr,4
single,153,primf,4
single,153,c4per,4
single,153,c4ann,4
single,153,c3per,4
single,153,secmb,4
single,153,urban,4
single,153,secma,4
single,153,secdn,4
single,153,c3ann,4
single,153,c3nfx,4
single,153,number_of_people,4
single,153,kg_class,4
single,153,weighted_PCT_SAND,2
single,153,weighted_PCT_CLAY,2
single,153,weighted_ORGANIC,2
single,153,SLOPE,2
single,153,elevation,2
single,153,ASPECT,2
single,153,LULC_states,6
single,154,secdf,4
single,154,range,4
single,154,primn,4
single,154,primf,4
single,154,pastr,4
single,154,c4ann,4
single,154,c4per,4
single,154,c3per,4
single,154,secmb,4
single,154,secma,4
single,154,urban,4
single,154,secdn,4
single,154,c3nfx,4
single,154,c3ann,4
single,154,number_of_people,4
single,154,kg_class,4
single,154,weighted_PCT_SAND,2
single,154,weighted_PCT_CLAY,2
single,154,weighted_ORGANIC,2
single,154,SLOPE,2
single,154,ASPECT,2
single,154,elevation,2
single,154,LULC_states,6
single,155,secdf,4
single,155,range,4
single,155,primn,4
single,155,primf,4
single,155,c4per,4
single,155,pastr,4
single,155,c4ann,4
single,155,c3per,4
single,155,secmb,4
single,155,urban,4
single,155,secma,4
single,155,c3nfx,4
single,155,secdn,4
single,155,c3ann,4
single,155,number_of_people,4
single,155,kg_class,4
single,155,weighted_PCT_SAND,2
single,155,weighted_PCT_CLAY,2
single,155,weighted_ORGANIC,2
single,155,SLOPE,2
single,155,elevation,2
single,155,ASPECT,2
single,155,LULC_states,6
single,156,secdf,4
single,156,range,4
single,156,primn,4
single,156,primf,4
single,156,c4per,4
single,156,pastr,4
single,156,c4ann,4
single,156,c3per,4
single,156,urban,4
single,156,secmb,4
single,156,secma,4
single,156,c3nfx,4
single,156,c3ann,4
single,156,secdn,4
single,156,number_of_people,4
single,156,kg_class,4
single,156,weighted_PCT_SAND,2
single,156,weighted_PCT_CLAY,2
single,156,weighted_ORGANIC,2
single,156,SLOPE,2
single,156,elevation,2
single,156,ASPECT,2
single,156,LULC_states,6
single,157,secdf,8
single,157,range,8
single,157,primn,8
single,157,pastr,8
single,157,c4per,8
single,157,c4ann,8
single,157,primf,8
single,157,c3per,8
single,157,secma,8
single,157,secmb,8
single,157,urban,8
single,157,secdn,8
single,157,c3nfx,8
single,157,c3ann,8
single,157,number_of_people,8
single,157,kg_class,8
single,157,weighted_PCT_SAND,4
single,157,weighted_ORGANIC,4
single,157,weighted_PCT_CLAY,4
single,157,SLOPE,4
single,157,elevation,4
single,157,ASPECT,4
single,157,LULC_states,12
single,158,range,4
single,158,primf,4
single,158,secdf,4
single,158,primn,4
single,158,pastr,4
single,158,c4per,4
single,158,urban,4
single,158,c3per,4
single,158,c4ann,4
single,158,secma,4
single,158,secmb,4
single,158,c3ann,4
single,158,secdn,4
single,158,c3nfx,4
single,158,number_of_people,4
single,158,kg_class,4
single,158,weighted_PCT_SAND,2
single,158,weighted_ORGANIC,2
single,158,weighted_PCT_CLAY,2
single,158,SLOPE,2
single,158,elevation,2
single,158,ASPECT,2
single,158,LULC_states,6
single,159,secdf,4
single,159,range,4
single,159,primn,4
single,159,primf,4
single,159,pastr,4
single,159,c4per,4
single,159,c4ann,4
single,159,c3per,4
single,159,urban,4
single,159,secmb,4
single,159,secma,4
single,159,secdn,4
single,159,c3nfx,4
single,159,c3ann,4
single,159,number_of_people,4
single,159,kg_class,4
single,159,weighted_PCT_SAND,2
single,159,weighted_PCT_CLAY,2
single,159,weighted_ORGANIC,2
single,159,SLOPE,2
single,159,elevation,2
single,159,ASPECT,2
single,159,LULC_states,6
single,160,secdf,2
single,160,range,2
single,160,primn,2
single,160,pastr,2
single,160,primf,2
single,160,c4per,2
single,160,c4ann,2
single,160,c3per,2
single,160,secmb,2
single,160,urban,2
single,160,secma,2
single,160,secdn,2
single,160,c3nfx,2
single,160,c3ann,2
single,160,number_of_people,2
single,160,kg_class,2
single,160,weighted_ORGANIC,1
single,160,weighted_PCT_SAND,1
single,160,weighted_PCT_CLAY,1
single,160,SLOPE,1
single,160,elevation,1
single,160,ASPECT,1
single,160,LULC_states,3
single,161,secdf,2
single,161,range,2
single,161,primn,2
single,161,primf,2
single,161,pastr,2
single,161,c4per,2
single,161,c4ann,2
single,161,c3per,2
single,161,secmb,2
single,161,urban,2
single,161,secdn,2
single,161,secma,2
single,161,c3nfx,2
single,161,c3ann,2
single,161,number_of_people,2
single,161,kg_class,2
single,161,weighted_PCT_SAND,1
single,161,weighted_ORGANIC,1
single,161,weighted_PCT_CLAY,1
single,161,SLOPE,1
single,161,elevation,1
single,161,ASPECT,1
single,161,LULC_states,3
single,162,primn,2
single,162,secdf,2
single,162,range,2
single,162,primf,2
single,162,pastr,2
single,162,c4ann,2
single,162,c4per,2
single,162,c3per,2
single,162,secmb,2
single,162,secma,2
single,162,urban,2
single,162,secdn,2
single,162,c3nfx,2
single,162,c3ann,2
single,162,number_of_people,2
single,162,kg_class,2
single,162,weighted_PCT_CLAY,1
single,162,weighted_PCT_SAND,1
single,162,weighted_ORGANIC,1
single,162,SLOPE,1
single,162,elevation,1
single,162,ASPECT,1
single,162,LULC_states,3
single,163,range,8
single,163,primn,8
single,163,primf,8
single,163,secdf,8
single,163,pastr,8
single,163,c4per,8
single,163,c3per,8
single,163,c4ann,8
single,163,secmb,8
single,163,urban,8
single,163,secdn,8
single,163,secma,8
single,163,c3nfx,8
single,163,c3ann,8
single,163,number_of_people,8
single,163,kg_class,8
single,163,weighted_PCT_SAND,4
single,163,weighted_PCT_CLAY,4
single,163,weighted_ORGANIC,4
single,163,SLOPE,4
single,163,elevation,4
single,163,ASPECT,4
single,163,LULC_states,12
single,164,secdf,4
single,164,range,4
single,164,primn,4
single,164,primf,4
single,164,pastr,4
single,164,c4per,4
single,164,c3per,4
single,164,c4ann,4
single,164,urban,4
single,164,secmb,4
single,164,secma,4
single,164,secdn,4
single,164,c3ann,4
single,164,c3nfx,4
single,164,number_of_people,4
single,164,kg_class,4
single,164,weighted_PCT_SAND,2
single,164,weighted_ORGANIC,2
single,164,SLOPE,2
single,164,weighted_PCT_CLAY,2
single,164,ASPECT,2
single,164,elevation,2
single,164,LULC_states,6
single,165,secdf,8
single,165,range,8
single,165,primn,8
single,165,primf,8
single,165,pastr,8
single,165,c4ann,8
single,165,c3per,8
single,165,c4per,8
single,165,urban,8
single,165,secmb,8
single,165,secdn,8
single,165,secma,8
single,165,c3nfx,8
single,165,c3ann,8
single,165,number_of_people,8
single,165,kg_class,8
single,165,weighted_PCT_SAND,4
single,165,weighted_PCT_CLAY,4
single,165,weighted_ORGANIC,4
single,165,SLOPE,4
single,165,elevation,4
single,165,ASPECT,4
single,165,LULC_states,12
single,166,range,4
single,166,primn,4
single,166,secdf,4
single,166,primf,4
single,166,pastr,4
single,166,c4per,4
single,166,c4ann,4
single,166,c3per,4
single,166,urban,4
single,166,secma,4
single,166,secmb,4
single,166,secdn,4
single,166,c3nfx,4
single,166,c3ann,4
single,166,number_of_people,4
single,166,kg_class,4
single,166,weighted_PCT_SAND,2
single,166,weighted_PCT_CLAY,2
single,166,weighted_ORGANIC,2
single,166,SLOPE,2
single,166,elevation,2
single,166,ASPECT,2
single,166,LULC_states,6
single,167,secdf,2
single,167,range,2
single,167,primn,2
single,167,pastr,2
single,167,c4per,2
single,167,primf,2
single,167,c4ann,2
single,167,c3per,2
single,167,urban,2
single,167,secmb,2
single,167,secma,2
single,167,secdn,2
single,167,c3nfx,2
single,167,c3ann,2
single,167,number_of_people,2
single,167,kg_class,2
single,167,weighted_PCT_SAND,1
single,167,weighted_PCT_CLAY,1
single,167,weighted_ORGANIC,1
single,167,SLOPE,1
single,167,elevation,1
single,167,ASPECT,1
single,167,LULC_states,3
single,168,secdf,2
single,168,range,2
single,168,primn,2
single,168,primf,2
single,168,c4per,2
single,168,pastr,2
single,168,c4ann,2
single,168,c3per,2
single,168,urban,2
single,168,secmb,2
single,168,secdn,2
single,168,secma,2
single,168,c3nfx,2
single,168,c3ann,2
single,168,number_of_people,2
single,168,kg_class,2
single,168,weighted_PCT_SAND,1
single,168,weighted_PCT_CLAY,1
single,168,weighted_ORGANIC,1
single,168,SLOPE,1
single,168,elevation,1
single,168,ASPECT,1
single,168,LULC_states,3
single,169,secdf,4
single,169,primn,4
single,169,range,4
single,169,primf,4
single,169,pastr,4
single,169,c4per,4
single,169,c4ann,4
single,169,c3per,4
single,169,urban,4
single,169,secmb,4
single,169,secma,4
single,169,secdn,4
single,169,c3nfx,4
single,169,c3ann,4
single,169,number_of_people,4
single,169,kg_class,4
single,169,weighted_PCT_SAND,2
single,169,weighted_PCT_CLAY,2
single,169,weighted_ORGANIC,2
single,169,SLOPE,2
single,169,elevation,2
single,169,ASPECT,2
single,169,LULC_states,6
single,170,secdf,2
single,170,range,2
single,170,primn,2
single,170,primf,2
single,170,pastr,2
single,170,c4per,2
single,170,c4ann,2
single,170,c3per,2
single,170,urban,2
single,170,secmb,2
single,170,secma,2
single,170,secdn,2
single,170,c3nfx,2
single,170,c3ann,2
single,170,number_of_people,2
single,170,kg_class,2
single,170,weighted_PCT_SAND,1
single,170,weighted_PCT_CLAY,1
single,170,weighted_ORGANIC,1
single,170,SLOPE,1
single,170,elevation,1
single,170,ASPECT,1
single,170,LULC_states,3
single,171,secdf,4
single,171,range,4
single,171,primn,4
single,171,primf,4
single,171,pastr,4
single,171,c4per,4
single,171,c4ann,4
single,171,c3per,4
single,171,urban,4
single,171,secmb,4
single,171,secma,4
single,171,secdn,4
single,171,c3ann,4
single,171,c3nfx,4
single,171,number_of_people,4
single,171,kg_class,4
single,171,weighted_PCT_SAND,2
single,171,weighted_PCT_CLAY,2
single,171,weighted_ORGANIC,2
single,171,SLOPE,2
single,171,elevation,2
single,171,ASPECT,2
single,171,LULC_states,6
single,172,secdf,4
single,172,range,4
single,172,primn,4
single,172,pastr,4
single,172,primf,4
single,172,c4per,4
single,172,c4ann,4
single,172,urban,4
single,172,secmb,4
single,172,c3per,4
single,172,secma,4
single,172,secdn,4
single,172,c3nfx,4
single,172,c3ann,4
single,172,number_of_people,4
single,172,kg_class,4
single,172,weighted_PCT_SAND,2
single,172,weighted_PCT_CLAY,2
single,172,weighted_ORGANIC,2
single,172,SLOPE,2
single,172,elevation,2
single,172,ASPECT,2
single,172,LULC_states,6
single,173,secdf,4
single,173,range,4
single,173,primn,4
single,173,primf,4
single,173,pastr,4
single,173,c4per,4
single,173,c3per,4
single,173,c4ann,4
single,173,urban,4
single,173,secmb,4
single,173,secma,4
single,173,secdn,4
single,173,c3ann,4
single,173,c3nfx,4
single,173,number_of_people,4
single,173,kg_class,4
single,173,weighted_PCT_SAND,2
single,173,weighted_PCT_CLAY,2
single,173,weighted_ORGANIC,2
single,173,SLOPE,2
single,173,ASPECT,2
single,173,elevation,2
single,173,LULC_states,6
single,174,range,8
single,174,primn,8
single,174,secdf,8
single,174,pastr,8
single,174,c4per,8
single,174,primf,8
single,174,c4ann,8
single,174,c3per,8
single,174,urban,8
single,174,secma,8
single,174,secmb,8
single,174,secdn,8
single,174,c3nfx,8
single,174,c3ann,8
single,174,number_of_people,8
single,174,kg_class,8
single,174,weighted_PCT_SAND,4
single,174,weighted_ORGANIC,4
single,174,weighted_PCT_CLAY,4
single,174,elevation,4
single,174,ASPECT,4
single,174,SLOPE,4
single,174,LULC_states,12
single,175,secdf,4
single,175,range,4
single,175,primf,4
single,175,primn,4
single,175,pastr,4
single,175,c4per,4
single,175,c4ann,4
single,175,c3per,4
single,175,urban,4
single,175,secma,4
single,175,secmb,4
single,175,secdn,4
single,175,c3nfx,4
single,175,c3ann,4
single,175,number_of_people,4
single,175,kg_class,4
single,175,weighted_PCT_SAND,2
single,175,weighted_PCT_CLAY,2
single,175,weighted_ORGANIC,2
single,175,SLOPE,2
single,175,elevation,2
single,175,ASPECT,2
single,175,LULC_states,6
single,176,range,4
single,176,secdf,4
single,176,primn,4
single,176,pastr,4
single,176,primf,4
single,176,c4ann,4
single,176,c4per,4
single,176,c3per,4
single,176,urban,4
single,176,secmb,4
single,176,secma,4
single,176,c3nfx,4
single,176,c3ann,4
single,176,secdn,4
single,176,number_of_people,4
single,176,kg_class,4
single,176,weighted_PCT_SAND,2
single,176,weighted_PCT_CLAY,2
single,176,weighted_ORGANIC,2
single,176,SLOPE,2
single,176,elevation,2
single,176,ASPECT,2
single,176,LULC_states,6
single,177,secdf,4
single,177,range,4
single,177,primn,4
single,177,primf,4
single,177,pastr,4
single,177,c4ann,4
single,177,c3per,4
single,177,c4per,4
single,177,urban,4
single,177,secmb,4
single,177,secma,4
single,177,secdn,4
single,177,c3ann,4
single,177,c3nfx,4
single,177,number_of_people,4
single,177,kg_class,4
single,177,weighted_PCT_SAND,2
single,177,weighted_PCT_CLAY,2
single,177,weighted_ORGANIC,2
single,177,SLOPE,2
single,177,elevation,2
single,177,ASPECT,2
single,177,LULC_states,6
single,178,secdf,4
single,178,range,4
single,178,primn,4
single,178,primf,4
single,178,pastr,4
single,178,c4per,4
single,178,c4ann,4
single,178,c3per,4
single,178,urban,4
single,178,secmb,4
single,178,secma,4
single,178,secdn,4
single,178,c3nfx,4
single,178,c3ann,4
single,178,number_of_people,4
single,178,kg_class,4
single,178,weighted_PCT_SAND,2
single,178,weighted_PCT_CLAY,2
single,178,weighted_ORGANIC,2
single,178,SLOPE,2
single,178,elevation,2
single,178,ASPECT,2
single,178,LULC_states,6
single,179,secdf,2
single,179,range,2
single,179,primn,2
single,179,primf,2
single,179,pastr,2
single,179,c4per,2
single,179,c4ann,2
single,179,c3per,2
single,179,secmb,2
single,179,urban,2
single,179,secma,2
single,179,secdn,2
single,179,c3nfx,2
single,179,c3ann,2
single,179,number_of_people,2
single,179,kg_class,2
single,179,weighted_PCT_SAND,1
single,179,weighted_PCT_CLAY,1
single,179,weighted_ORGANIC,1
single,179,SLOPE,1
single,179,elevation,1
single,179,ASPECT,1
single,179,LULC_states,3
single,180,secdf,2
single,180,c4per,2
single,180,range,2
single,180,primf,2
single,180,pastr,2
single,180,primn,2
single,180,c4ann,2
single,180,c3per,2
single,180,urban,2
single,180,secma,2
single,180,secmb,2
single,180,secdn,2
single,180,c3ann,2
single,180,c3nfx,2
single,180,number_of_people,2
single,180,kg_class,2
single,180,weighted_PCT_SAND,1
single,180,weighted_PCT_CLAY,1
single,180,weighted_ORGANIC,1
single,180,SLOPE,1
single,180,elevation,1
single,180,ASPECT,1
single,180,LULC_states,3
single,181,secdf,8
single,181,range,8
single,181,primn,8
single,181,primf,8
single,181,c4per,8
single,181,pastr,8
single,181,c4ann,8
single,181,c3per,8
single,181,urban,8
single,181,secma,8
single,181,c3nfx,8
single,181,secmb,8
single,181,c3ann,8
single,181,secdn,8
single,181,number_of_people,8
single,181,kg_class,8
single,181,weighted_PCT_SAND,4
single,181,weighted_PCT_CLAY,4
single,181,weighted_ORGANIC,4
single,181,SLOPE,4
single,181,elevation,4
single,181,ASPECT,4
single,181,LULC_states,12
single,182,secdf,4
single,182,range,4
single,182,primn,4
single,182,primf,4
single,182,c4per,4
single,182,pastr,4
single,182,c4ann,4
single,182,c3per,4
single,182,urban,4
single,182,secmb,4
single,182,secma,4
single,182,secdn,4
single,182,c3ann,4
single,182,c3nfx,4
single,182,number_of_people,4
single,182,kg_class,4
single,182,weighted_PCT_SAND,2
single,182,weighted_PCT_CLAY,2
single,182,weighted_ORGANIC,2
single,182,SLOPE,2
single,182,elevation,2
single,182,ASPECT,2
single,182,LULC_states,6
single,183,secdf,4
single,183,range,4
single,183,primn,4
single,183,primf,4
single,183,pastr,4
single,183,c4per,4
single,183,c4ann,4
single,183,urban,4
single,183,c3per,4
single,183,secmb,4
single,183,secdn,4
single,183,c3nfx,4
single,183,c3ann,4
single,183,secma,4
single,183,number_of_people,4
single,183,kg_class,4
single,183,weighted_PCT_SAND,2
single,183,weighted_ORGANIC,2
single,183,weighted_PCT_CLAY,2
single,183,SLOPE,2
single,183,elevation,2
single,183,ASPECT,2
single,183,LULC_states,6
single,184,secdf,4
single,184,primn,4
single,184,range,4
single,184,primf,4
single,184,pastr,4
single,184,c4per,4
single,184,c3per,4
single,184,c4ann,4
single,184,secma,4
single,184,secmb,4
single,184,secdn,4
single,184,c3nfx,4
single,184,urban,4
single,184,c3ann,4
single,184,number_of_people,4
single,184,kg_class,4
single,184,weighted_PCT_SAND,2
single,184,weighted_PCT_CLAY,2
single,184,weighted_ORGANIC,2
single,184,SLOPE,2
single,184,elevation,2
single,184,ASPECT,2
single,184,LULC_states,6
single,185,secdf,4
single,185,range,4
single,185,primn,4
single,185,primf,4
single,185,c4per,4
single,185,pastr,4
single,185,c4ann,4
single,185,c3per,4
single,185,urban,4
single,185,secmb,4
single,185,secma,4
single,185,secdn,4
single,185,c3nfx,4
single,185,c3ann,4
single,185,number_of_people,4
single,185,kg_class,4
single,185,weighted_PCT_SAND,2
single,185,weighted_PCT_CLAY,2
single,185,weighted_ORGANIC,2
single,185,SLOPE,2
single,185,elevation,2
single,185,ASPECT,2
single,185,LULC_states,6
single,186,primn,4
single,186,range,4
single,186,pastr,4
single,186,primf,4
single,186,secdf,4
single,186,c4ann,4
single,186,c4per,4
single,186,c3per,4
single,186,urban,4
single,186,secmb,4
single,186,secma,4
single,186,secdn,4
single,186,c3nfx,4
single,186,c3ann,4
single,186,number_of_people,4
single,186,kg_class,4
single,186,weighted_ORGANIC,2
single,186,weighted_PCT_SAND,2
single,186,SLOPE,2
single,186,weighted_PCT_CLAY,2
single,186,elevation,2
single,186,ASPECT,2
single,186,LULC_states,6
single,187,secdf,4
single,187,range,4
single,187,primn,4
single,187,primf,4
single,187,c4ann,4
single,187,pastr,4
single,187,c4per,4
single,187,urban,4
single,187,c3per,4
single,187,secmb,4
single,187,secma,4
single,187,c3nfx,4
single,187,secdn,4
single,187,c3ann,4
single,187,number_of_people,4
single,187,kg_class,4
single,187,weighted_PCT_SAND,2
single,187,weighted_ORGANIC,2
single,187,weighted_PCT_CLAY,2
single,187,SLOPE,2
single,187,elevation,2
single,187,ASPECT,2
single,187,LULC_states,6
single,188,secdf,2
single,188,primn,2
single,188,range,2
single,188,primf,2
single,188,pastr,2
single,188,c4ann,2
single,188,c3per,2
single,188,urban,2
single,188,c4per,2
single,188,secma,2
single,188,secmb,2
single,188,secdn,2
single,188,c3nfx,2
single,188,c3ann,2
single,188,number_of_people,2
single,188,kg_class,2
single,188,weighted_PCT_SAND,1
single,188,weighted_PCT_CLAY,1
single,188,weighted_ORGANIC,1
single,188,SLOPE,1
single,188,elevation,1
single,188,ASPECT,1
single,188,LULC_states,3
single,189,secdf,8
single,189,range,8
single,189,primn,8
single,189,primf,8
single,189,pastr,8
single,189,c4ann,8
single,189,c4per,8
single,189,secmb,8
single,189,c3per,8
single,189,secma,8
single,189,urban,8
single,189,secdn,8
single,189,c3nfx,8
single,189,c3ann,8
single,189,number_of_people,8
single,189,kg_class,8
single,189,weighted_PCT_SAND,4
single,189,weighted_PCT_CLAY,4
single,189,weighted_ORGANIC,4
single,189,SLOPE,4
single,189,ASPECT,4
single,189,elevation,4
single,189,LULC_states,12
single,190,secdf,8
single,190,range,8
single,190,primn,8
single,190,pastr,8
single,190,primf,8
single,190,c4ann,8
single,190,c4per,8
single,190,c3per,8
single,190,urban,8
single,190,secmb,8
single,190,secma,8
single,190,secdn,8
single,190,c3nfx,8
single,190,c3ann,8
single,190,number_of_people,8
single,190,kg_class,8
single,190,weighted_PCT_SAND,4
single,190,weighted_PCT_CLAY,4
single,190,weighted_ORGANIC,4
single,190,SLOPE,4
single,190,elevation,4
single,190,ASPECT,4
single,190,LULC_states,12
single,191,secdf,4
single,191,range,4
single,191,primn,4
single,191,primf,4
single,191,pastr,4
single,191,c4per,4
single,191,c4ann,4
single,191,c3per,4
single,191,urban,4
single,191,secmb,4
single,191,secdn,4
single,191,c3nfx,4
single,191,secma,4
single,191,c3ann,4
single,191,number_of_people,4
single,191,kg_class,4
single,191,weighted_PCT_SAND,2
single,191,weighted_PCT_CLAY,2
single,191,weighted_ORGANIC,2
single,191,SLOPE,2
single,191,elevation,2
single,191,ASPECT,2
single,191,LULC_states,6
single,192,secdf,4
single,192,range,4
single,192,primn,4
single,192,primf,4
single,192,pastr,4
single,192,c4per,4
single,192,c4ann,4
single,192,c3per,4
single,192,urban,4
single,192,secma,4
single,192,secmb,4
single,192,secdn,4
single,192,c3nfx,4
single,192,c3ann,4
single,192,number_of_people,4
single,192,kg_class,4
single,192,weighted_PCT_SAND,2
single,192,weighted_ORGANIC,2
single,192,weighted_PCT_CLAY,2
single,192,SLOPE,2
single,192,ASPECT,2
single,192,elevation,2
single,192,LULC_states,6
single,193,secdf,2
single,193,range,2
single,193,primn,2
single,193,primf,2
single,193,pastr,2
single,193,c4ann,2
single,193,c4per,2
single,193,c3per,2
single,193,urban,2
single,193,secmb,2
single,193,secma,2
single,193,secdn,2
single,193,c3nfx,2
single,193,c3ann,2
single,193,number_of_people,2
single,193,kg_class,2
single,193,weighted_PCT_SAND,1
single,193,weighted_PCT_CLAY,1
single,193,weighted_ORGANIC,1
single,193,elevation,1
single,193,SLOPE,1
single,193,ASPECT,1
single,193,LULC_states,3
single,194,secdf,8
single,194,range,8
single,194,primn,8
single,194,primf,8
single,194,pastr,8
single,194,c4per,8
single,194,c4ann,8
single,194,c3per,8
single,194,secmb,8
single,194,urban,8
single,194,secma,8
single,194,secdn,8
single,194,c3nfx,8
single,194,c3ann,8
single,194,number_of_people,8
single,194,kg_class,8
single,194,weighted_PCT_SAND,4
single,194,weighted_PCT_CLAY,4
single,194,weighted_ORGANIC,4
single,194,SLOPE,4
single,194,elevation,4
single,194,ASPECT,4
single,194,LULC_states,12
single,195,secdf,8
single,195,range,8
single,195,c4per,8
single,195,primn,8
single,195,primf,8
single,195,pastr,8
single,195,c4ann,8
single,195,c3per,8
single,195,urban,8
single,195,secma,8
single,195,secmb,8
single,195,c3ann,8
single,195,secdn,8
single,195,c3nfx,8
single,195,number_of_people,8
single,195,kg_class,8
single,195,weighted_PCT_SAND,4
single,195,weighted_PCT_CLAY,4
single,195,weighted_ORGANIC,4
single,195,SLOPE,4
single,195,elevation,4
single,195,ASPECT,4
single,195,LULC_states,12
single,196,secdf,4
single,196,range,4
single,196,primn,4
single,196,primf,4
single,196,pastr,4
single,196,c4per,4
single,196,c4ann,4
single,196,urban,4
single,196,c3per,4
single,196,secmb,4
single,196,secma,4
single,196,secdn,4
single,196,c3nfx,4
single,196,c3ann,4
single,196,number_of_people,4
single,196,kg_class,4
single,196,weighted_PCT_SAND,2
single,196,weighted_PCT_CLAY,2
single,196,weighted_ORGANIC,2
single,196,SLOPE,2
single,196,ASPECT,2
single,196,elevation,2
single,196,LULC_states,6
single,197,range,2
single,197,secdf,2
single,197,primn,2
single,197,pastr,2
single,197,primf,2
single,197,c4per,2
single,197,c4ann,2
single,197,c3per,2
single,197,secmb,2
single,197,urban,2
single,197,secdn,2
single,197,secma,2
single,197,c3nfx,2
single,197,c3ann,2
single,197,number_of_people,2
single,197,kg_class,2
single,197,weighted_PCT_SAND,1
single,197,weighted_PCT_CLAY,1
single,197,weighted_ORGANIC,1
single,197,SLOPE,1
single,197,elevation,1
single,197,ASPECT,1
single,197,LULC_states,3
single,198,secdf,8
single,198,range,8
single,198,primn,8
single,198,primf,8
single,198,pastr,8
single,198,c4per,8
single,198,c4ann,8
single,198,c3per,8
single,198,urban,8
single,198,secmb,8
single,198,secdn,8
single,198,secma,8
single,198,c3nfx,8
single,198,c3ann,8
single,198,number_of_people,8
single,198,kg_class,8
single,198,weighted_PCT_SAND,4
single,198,weighted_PCT_CLAY,4
single,198,weighted_ORGANIC,4
single,198,SLOPE,4
single,198,ASPECT,4
single,198,elevation,4
single,198,LULC_states,12
single,199,secdf,8
single,199,range,8
single,199,primn,8
single,199,pastr,8
single,199,c4ann,8
single,199,c3per,8
single,199,primf,8
single,199,c4per,8
single,199,urban,8
single,199,secdn,8
single,199,c3nfx,8
single,199,secmb,8
single,199,secma,8
single,199,c3ann,8
single,199,number_of_people,8
single,199,kg_class,8
single,199,weighted_PCT_SAND,4
single,199,weighted_PCT_CLAY,4
single,199,weighted_ORGANIC,4
single,199,SLOPE,4
single,199,elevation,4
single,199,ASPECT,4
single,199,LULC_states,12
single,200,range,4
single,200,secdf,4
single,200,primn,4
single,200,primf,4
single,200,pastr,4
single,200,c4per,4
single,200,c4ann,4
single,200,c3per,4
single,200,secmb,4
single,200,secma,4
single,200,urban,4
single,200,secdn,4
single,200,c3nfx,4
single,200,c3ann,4
single,200,number_of_people,4
single,200,kg_class,4
single,200,weighted_PCT_SAND,2
single,200,weighted_PCT_CLAY,2
single,200,weighted_ORGANIC,2
single,200,SLOPE,2
single,200,elevation,2
single,200,ASPECT,2
single,200,LULC_states,6
single,201,range,4
single,201,primn,4
single,201,secdf,4
single,201,primf,4
single,201,pastr,4
single,201,c4per,4
single,201,c4ann,4
single,201,c3per,4
single,201,secmb,4
single,201,urban,4
single,201,secma,4
single,201,secdn,4
single,201,c3nfx,4
single,201,c3ann,4
single,201,number_of_people,4
single,201,kg_class,4
single,201,weighted_PCT_SAND,2
single,201,weighted_PCT_CLAY,2
single,201,weighted_ORGANIC,2
single,201,SLOPE,2
single,201,elevation,2
single,201,ASPECT,2
single,201,LULC_states,6
single,202,secdf,8
single,202,range,8
single,202,primn,8
single,202,primf,8
single,202,pastr,8
single,202,c4per,8
single,202,c4ann,8
single,202,c3per,8
single,202,urban,8
single,202,secmb,8
single,202,secma,8
single,202,c3nfx,8
single,202,c3ann,8
single,202,secdn,8
single,202,number_of_people,8
single,202,kg_class,8
single,202,weighted_PCT_SAND,4
single,202,weighted_PCT_CLAY,4
single,202,weighted_ORGANIC,4
single,202,elevation,4
single,202,SLOPE,4
single,202,ASPECT,4
single,202,LULC_states,12
single,203,secdf,2
single,203,range,2
single,203,primn,2
single,203,primf,2
single,203,pastr,2
single,203,c4per,2
single,203,c4ann,2
single,203,c3per,2
single,203,urban,2
single,203,secmb,2
single,203,secma,2
single,203,secdn,2
single,203,c3nfx,2
single,203,c3ann,2
single,203,number_of_people,2
single,203,kg_class,2
single,203,weighted_PCT_SAND,1
single,203,weighted_PCT_CLAY,1
single,203,weighted_ORGANIC,1
single,203,SLOPE,1
single,203,elevation,1
single,203,ASPECT,1
single,203,LULC_states,3
single,204,secdf,2
single,204,primn,2
single,204,range,2
single,204,pastr,2
single,204,primf,2
single,204,c4per,2
single,204,c3per,2
single,204,c4ann,2
single,204,urban,2
single,204,secmb,2
single,204,secma,2
single,204,c3nfx,2
single,204,secdn,2
single,204,c3ann,2
single,204,number_of_people,2
single,204,kg_class,2
single,204,weighted_PCT_SAND,1
single,204,weighted_PCT_CLAY,1
single,204,weighted_ORGANIC,1
single,204,SLOPE,1
single,204,elevation,1
single,204,ASPECT,1
single,204,LULC_states,3
single,205,range,8
single,205,secdf,8
single,205,primn,8
single,205,primf,8
single,205,c4per,8
single,205,pastr,8
single,205,c4ann,8
single,205,c3per,8
single,205,urban,8
single,205,secmb,8
single,205,secma,8
single,205,secdn,8
single,205,c3nfx,8
single,205,c3ann,8
single,205,number_of_people,8
single,205,kg_class,8
single,205,weighted_PCT_SAND,4
single,205,weighted_ORGANIC,4
single,205,weighted_PCT_CLAY,4
single,205,elevation,4
single,205,SLOPE,4
single,205,ASPECT,4
single,205,LULC_states,12
single,206,range,8
single,206,secdf,8
single,206,primn,8
single,206,primf,8
single,206,pastr,8
single,206,c3per,8
single,206,c4per,8
single,206,c4ann,8
single,206,urban,8
single,206,secmb,8
single,206,secma,8
single,206,secdn,8
single,206,c3nfx,8
single,206,c3ann,8
single,206,number_of_people,8
single,206,kg_class,8
single,206,weighted_PCT_SAND,4
single,206,weighted_ORGANIC,4
single,206,SLOPE,4
single,206,weighted_PCT_CLAY,4
single,206,elevation,4
single,206,ASPECT,4
single,206,LULC_states,12
single,207,secdf,2
single,207,range,2
single,207,primn,2
single,207,primf,2
single,207,pastr,2
single,207,c4per,2
single,207,c4ann,2
single,207,c3per,2
single,207,urban,2
single,207,secmb,2
single,207,secma,2
single,207,c3nfx,2
single,207,secdn,2
single,207,c3ann,2
single,207,number_of_people,2
single,207,kg_class,2
single,207,weighted_PCT_SAND,1
single,207,weighted_PCT_CLAY,1
single,207,weighted_ORGANIC,1
single,207,SLOPE,1
single,207,elevation,1
single,207,ASPECT,1
single,207,LULC_states,3
single,208,secdf,8
single,208,range,8
single,208,primn,8
single,208,primf,8
single,208,c4per,8
single,208,pastr,8
single,208,c4ann,8
single,208,c3per,8
single,208,urban,8
single,208,secmb,8
single,208,secma,8
single,208,c3nfx,8
single,208,c3ann,8
single,208,secdn,8
single,208,number_of_people,8
single,208,kg_class,8
single,208,weighted_PCT_SAND,4
single,208,weighted_PCT_CLAY,4
single,208,weighted_ORGANIC,4
single,208,SLOPE,4
single,208,elevation,4
single,208,ASPECT,4
single,208,LULC_states,12
single,209,secdf,2
single,209,range,2
single,209,primn,2
single,209,primf,2
single,209,pastr,2
single,209,c4per,2
single,209,c3per,2
single,209,c4ann,2
single,209,urban,2
single,209,secmb,2
single,209,secdn,2
single,209,c3nfx,2
single,209,secma,2
single,209,c3ann,2
single,209,number_of_people,2
single,209,kg_class,2
single,209,weighted_PCT_SAND,1
single,209,weighted_PCT_CLAY,1
single,209,SLOPE,1
single,209,weighted_ORGANIC,1
single,209,elevation,1
single,209,ASPECT,1
single,209,LULC_states,3
single,210,secdf,4
single,210,range,4
single,210,primn,4
single,210,pastr,4
single,210,primf,4
single,210,c4per,4
single,210,c4ann,4
single,210,c3per,4
single,210,urban,4
single,210,secmb,4
single,210,secma,4
single,210,secdn,4
single,210,c3nfx,4
single,210,c3ann,4
single,210,number_of_people,4
single,210,kg_class,4
single,210,weighted_PCT_SAND,2
single,210,weighted_PCT_CLAY,2
single,210,weighted_ORGANIC,2
single,210,SLOPE,2
single,210,ASPECT,2
single,210,elevation,2
single,210,LULC_states,6
single,211,secdf,8
single,211,range,8
single,211,primn,8
single,211,primf,8
single,211,c4per,8
single,211,pastr,8
single,211,c4ann,8
single,211,c3per,8
single,211,urban,8
single,211,secmb,8
single,211,secma,8
single,211,secdn,8
single,211,c3nfx,8
single,211,c3ann,8
single,211,number_of_people,8
single,211,kg_class,8
single,211,weighted_PCT_SAND,4
single,211,weighted_PCT_CLAY,4
single,211,weighted_ORGANIC,4
single,211,SLOPE,4
single,211,elevation,4
single,211,ASPECT,4
single,211,LULC_states,12
single,212,secdf,8
single,212,range,8
single,212,primn,8
single,212,primf,8
single,212,pastr,8
single,212,c4per,8
single,212,c4ann,8
single,212,urban,8
single,212,c3per,8
single,212,secma,8
single,212,secmb,8
single,212,secdn,8
single,212,c3ann,8
single,212,c3nfx,8
single,212,number_of_people,8
single,212,kg_class,8
single,212,weighted_PCT_SAND,4
single,212,weighted_PCT_CLAY,4
single,212,weighted_ORGANIC,4
single,212,SLOPE,4
single,212,elevation,4
single,212,ASPECT,4
single,212,LULC_states,12
single,213,secdf,2
single,213,range,2
single,213,primn,2
single,213,primf,2
single,213,pastr,2
single,213,c4per,2
single,213,c4ann,2
single,213,c3per,2
single,213,urban,2
single,213,secmb,2
single,213,secma,2
single,213,c3ann,2
single,213,secdn,2
single,213,c3nfx,2
single,213,number_of_people,2
single,213,kg_class,2
single,213,weighted_PCT_SAND,1
single,213,weighted_ORGANIC,1
single,213,weighted_PCT_CLAY,1
single,213,SLOPE,1
single,213,elevation,1
single,213,ASPECT,1
single,213,LULC_states,3
single,214,secdf,4
single,214,range,4
single,214,primn,4
single,214,primf,4
single,214,pastr,4
single,214,c4ann,4
single,214,c4per,4
single,214,c3per,4
single,214,secma,4
single,214,urban,4
single,214,secmb,4
single,214,secdn,4
single,214,c3nfx,4
single,214,c3ann,4
single,214,number_of_people,4
single,214,kg_class,4
single,214,weighted_PCT_SAND,2
single,214,weighted_PCT_CLAY,2
single,214,elevation,2
single,214,SLOPE,2
single,214,weighted_ORGANIC,2
single,214,ASPECT,2
single,214,LULC_states,6
single,215,secdf,4
single,215,range,4
single,215,primn,4
single,215,primf,4
single,215,c4per,4
single,215,pastr,4
single,215,c4ann,4
single,215,c3per,4
single,215,urban,4
single,215,secma,4
single,215,secmb,4
single,215,c3nfx,4
single,215,c3ann,4
single,215,secdn,4
single,215,number_of_people,4
single,215,kg_class,4
single,215,weighted_PCT_SAND,2
single,215,weighted_PCT_CLAY,2
single,215,weighted_ORGANIC,2
single,215,SLOPE,2
single,215,elevation,2
single,215,ASPECT,2
single,215,LULC_states,6
single,216,secdf,2
single,216,range,2
single,216,primn,2
single,216,primf,2
single,216,pastr,2
single,216,c4per,2
single,216,c4ann,2
single,216,c3per,2
single,216,urban,2
single,216,secmb,2
single,216,secma,2
single,216,secdn,2
single,216,c3nfx,2
single,216,c3ann,2
single,216,number_of_people,2
single,216,kg_class,2
single,216,weighted_PCT_SAND,1
single,216,weighted_PCT_CLAY,1
single,216,weighted_ORGANIC,1
single,216,SLOPE,1
single,216,elevation,1
single,216,ASPECT,1
single,216,LULC_states,3
single,217,secdf,4
single,217,primn,4
single,217,range,4
single,217,primf,4
single,217,pastr,4
single,217,c4per,4
single,217,c4ann,4
single,217,c3per,4
single,217,urban,4
single,217,secmb,4
single,217,secma,4
single,217,secdn,4
single,217,c3nfx,4
single,217,c3ann,4
single,217,number_of_people,4
single,217,kg_class,4
single,217,weighted_PCT_SAND,2
single,217,weighted_PCT_CLAY,2
single,217,weighted_ORGANIC,2
single,217,SLOPE,2
single,217,ASPECT,2
single,217,elevation,2
single,217,LULC_states,6
single,218,secdf,8
single,218,range,8
single,218,primn,8
single,218,primf,8
single,218,pastr,8
single,218,c4per,8
single,218,c4ann,8
single,218,urban,8
single,218,c3per,8
single,218,secmb,8
single,218,secma,8
single,218,secdn,8
single,218,c3nfx,8
single,218,c3ann,8
single,218,number_of_people,8
single,218,kg_class,8
single,218,weighted_PCT_SAND,4
single,218,weighted_PCT_CLAY,4
single,218,weighted_ORGANIC,4
single,218,SLOPE,4
single,218,elevation,4
single,218,ASPECT,4
single,218,LULC_states,12
single,219,secdf,4
single,219,range,4
single,219,primn,4
single,219,primf,4
single,219,pastr,4
single,219,c4per,4
single,219,c3per,4
single,219,secma,4
single,219,urban,4
single,219,secmb,4
single,219,c4ann,4
single,219,secdn,4
single,219,c3ann,4
single,219,c3nfx,4
single,219,number_of_people,4
single,219,kg_class,4
single,219,weighted_PCT_SAND,2
single,219,weighted_PCT_CLAY,2
single,219,SLOPE,2
single,219,weighted_ORGANIC,2
single,219,elevation,2
single,219,ASPECT,2
single,219,LULC_states,6
single,220,secdf,2
single,220,range,2
single,220,primn,2
single,220,c4per,2
single,220,pastr,2
single,220,primf,2
single,220,c4ann,2
single,220,c3per,2
single,220,urban,2
single,220,secmb,2
single,220,secma,2
single,220,secdn,2
single,220,c3nfx,2
single,220,c3ann,2
single,220,number_of_people,2
single,220,kg_class,2
single,220,weighted_PCT_CLAY,1
single,220,weighted_PCT_SAND,1
single,220,weighted_ORGANIC,1
single,220,SLOPE,1
single,220,elevation,1
single,220,ASPECT,1
single,220,LULC_states,3
single,221,secdf,8
single,221,range,8
single,221,primn,8
single,221,primf,8
single,221,pastr,8
single,221,c4ann,8
single,221,c4per,8
single,221,c3per,8
single,221,urban,8
single,221,secma,8
single,221,secmb,8
single,221,secdn,8
single,221,c3nfx,8
single,221,c3ann,8
single,221,number_of_people,8
single,221,kg_class,8
single,221,weighted_PCT_SAND,4
single,221,weighted_PCT_CLAY,4
single,221,weighted_ORGANIC,4
single,221,SLOPE,4
single,221,elevation,4
single,221,ASPECT,4
single,221,LULC_states,12
single,222,secdf,2
single,222,range,2
single,222,primn,2
single,222,primf,2
single,222,pastr,2
single,222,c4per,2
single,222,c4ann,2
single,222,c3per,2
single,222,urban,2
single,222,secmb,2
single,222,secma,2
single,222,secdn,2
single,222,c3nfx,2
single,222,c3ann,2
single,222,number_of_people,2
single,222,kg_class,2
single,222,weighted_PCT_SAND,1
single,222,weighted_PCT_CLAY,1
single,222,weighted_ORGANIC,1
single,222,SLOPE,1
single,222,elevation,1
single,222,ASPECT,1
single,222,LULC_states,3
single,223,secdf,4
single,223,range,4
single,223,primn,4
single,223,primf,4
single,223,c4per,4
single,223,pastr,4
single,223,c4ann,4
single,223,c3per,4
single,223,urban,4
single,223,secmb,4
single,223,secma,4
single,223,secdn,4
single,223,c3nfx,4
single,223,c3ann,4
single,223,number_of_people,4
single,223,kg_class,4
single,223,weighted_PCT_SAND,2
single,223,weighted_ORGANIC,2
single,223,weighted_PCT_CLAY,2
single,223,SLOPE,2
single,223,elevation,2
single,223,ASPECT,2
single,223,LULC_states,6
single,224,secdf,4
single,224,range,4
single,224,primn,4
single,224,primf,4
single,224,pastr,4
single,224,c4per,4
single,224,c4ann,4
single,224,c3per,4
single,224,secmb,4
single,224,urban,4
single,224,secma,4
single,224,secdn,4
single,224,c3nfx,4
single,224,c3ann,4
single,224,number_of_people,4
single,224,kg_class,4
single,224,weighted_PCT_SAND,2
single,224,weighted_PCT_CLAY,2
single,224,weighted_ORGANIC,2
single,224,SLOPE,2
single,224,elevation,2
single,224,ASPECT,2
single,224,LULC_states,6
single,225,secdf,8
single,225,range,8
single,225,primn,8
single,225,primf,8
single,225,pastr,8
single,225,c4per,8
single,225,c4ann,8
single,225,c3per,8
single,225,urban,8
single,225,secmb,8
single,225,secdn,8
single,225,secma,8
single,225,c3ann,8
single,225,c3nfx,8
single,225,number_of_people,8
single,225,kg_class,8
single,225,weighted_PCT_CLAY,4
single,225,weighted_ORGANIC,4
single,225,weighted_PCT_SAND,4
single,225,elevation,4
single,225,SLOPE,4
single,225,ASPECT,4
single,225,LULC_states,12
single,226,secdf,8
single,226,range,8
single,226,primn,8
single,226,primf,8
single,226,c4ann,8
single,226,pastr,8
single,226,c4per,8
single,226,c3per,8
single,226,urban,8
single,226,secmb,8
single,226,secma,8
single,226,secdn,8
single,226,c3ann,8
single,226,c3nfx,8
single,226,number_of_people,8
single,226,kg_class,8
single,226,weighted_PCT_SAND,4
single,226,weighted_PCT_CLAY,4
single,226,weighted_ORGANIC,4
single,226,SLOPE,4
single,226,elevation,4
single,226,ASPECT,4
single,226,LULC_states,12
single,227,secdf,4
single,227,range,4
single,227,primn,4
single,227,primf,4
single,227,c4per,4
single,227,pastr,4
single,227,c4ann,4
single,227,c3per,4
single,227,urban,4
single,227,secmb,4
single,227,secma,4
single,227,secdn,4
single,227,c3ann,4
single,227,c3nfx,4
single,227,number_of_people,4
single,227,kg_class,4
single,227,weighted_PCT_SAND,2
single,227,weighted_PCT_CLAY,2
single,227,weighted_ORGANIC,2
single,227,SLOPE,2
single,227,elevation,2
single,227,ASPECT,2
single,227,LULC_states,6
single,228,secdf,8
single,228,range,8
single,228,primn,8
single,228,primf,8
single,228,pastr,8
single,228,c4per,8
single,228,urban,8
single,228,c4ann,8
single,228,c3per,8
single,228,secma,8
single,228,secdn,8
single,228,c3nfx,8
single,228,c3ann,8
single,228,secmb,8
single,228,number_of_people,8
single,228,kg_class,8
single,228,weighted_PCT_SAND,4
single,228,weighted_PCT_CLAY,4
single,228,weighted_ORGANIC,4
single,228,SLOPE,4
single,228,elevation,4
single,228,ASPECT,4
single,228,LULC_states,12
single,229,secdf,2
single,229,range,2
single,229,primf,2
single,229,primn,2
single,229,pastr,2
single,229,c4per,2
single,229,c4ann,2
single,229,c3per,2
single,229,urban,2
single,229,secmb,2
single,229,secma,2
single,229,secdn,2
single,229,c3nfx,2
single,229,c3ann,2
single,229,number_of_people,2
single,229,kg_class,2
single,229,weighted_PCT_SAND,1
single,229,weighted_PCT_CLAY,1
single,229,weighted_ORGANIC,1
single,229,SLOPE,1
single,229,elevation,1
single,229,ASPECT,1
single,229,LULC_states,3
single,230,secdf,4
single,230,range,4
single,230,primf,4
single,230,pastr,4
single,230,primn,4
single,230,c4per,4
single,230,c4ann,4
single,230,c3per,4
single,230,urban,4
single,230,secmb,4
single,230,secma,4
single,230,secdn,4
single,230,c3nfx,4
single,230,c3ann,4
single,230,number_of_people,4
single,230,kg_class,4
single,230,weighted_PCT_SAND,2
single,230,weighted_PCT_CLAY,2
single,230,weighted_ORGANIC,2
single,230,SLOPE,2
single,230,ASPECT,2
single,230,elevation,2
single,230,LULC_states,6
single,231,secdf,2
single,231,range,2
single,231,primn,2
single,231,primf,2
single,231,c4per,2
single,231,pastr,2
single,231,c4ann,2
single,231,urban,2
single,231,c3per,2
single,231,secdn,2
single,231,secmb,2
single,231,secma,2
single,231,c3nfx,2
single,231,c3ann,2
single,231,number_of_people,2
single,231,kg_class,2
single,231,weighted_PCT_SAND,1
single,231,weighted_PCT_CLAY,1
single,231,SLOPE,1
single,231,elevation,1
single,231,weighted_ORGANIC,1
single,231,ASPECT,1
single,231,LULC_states,3
single,232,secdf,2
single,232,range,2
single,232,primn,2
single,232,primf,2
single,232,pastr,2
single,232,c4ann,2
single,232,c3per,2
single,232,c4per,2
single,232,urban,2
single,232,secmb,2
single,232,secma,2
single,232,secdn,2
single,232,c3nfx,2
single,232,c3ann,2
single,232,number_of_people,2
single,232,kg_class,2
single,232,weighted_PCT_SAND,1
single,232,weighted_PCT_CLAY,1
single,232,weighted_ORGANIC,1
single,232,SLOPE,1
single,232,elevation,1
single,232,ASPECT,1
single,232,LULC_states,3
single,233,secdf,8
single,233,range,8
single,233,primf,8
single,233,pastr,8
single,233,primn,8
single,233,c4ann,8
single,233,c4per,8
single,233,c3per,8
single,233,urban,8
single,233,secma,8
single,233,secdn,8
single,233,secmb,8
single,233,c3nfx,8
single,233,c3ann,8
single,233,number_of_people,8
single,233,kg_class,8
single,233,weighted_PCT_SAND,4
single,233,weighted_PCT_CLAY,4
single,233,weighted_ORGANIC,4
single,233,elevation,4
single,233,ASPECT,4
single,233,SLOPE,4
single,233,LULC_states,12
single,234,secdf,4
single,234,range,4
single,234,primn,4
single,234,primf,4
single,234,pastr,4
single,234,c4per,4
single,234,c4ann,4
single,234,urban,4
single,234,secma,4
single,234,c3per,4
single,234,secmb,4
single,234,secdn,4
single,234,c3ann,4
single,234,c3nfx,4
single,234,number_of_people,4
single,234,kg_class,4
single,234,weighted_PCT_SAND,2
single,234,weighted_PCT_CLAY,2
single,234,weighted_ORGANIC,2
single,234,SLOPE,2
single,234,elevation,2
single,234,ASPECT,2
single,234,LULC_states,6
single,235,secdf,8
single,235,range,8
single,235,primn,8
single,235,primf,8
single,235,pastr,8
single,235,c4per,8
single,235,c3per,8
single,235,urban,8
single,235,c4ann,8
single,235,secma,8
single,235,secmb,8
single,235,secdn,8
single,235,c3nfx,8
single,235,c3ann,8
single,235,number_of_people,8
single,235,kg_class,8
single,235,weighted_PCT_SAND,4
single,235,weighted_ORGANIC,4
single,235,weighted_PCT_CLAY,4
single,235,SLOPE,4
single,235,elevation,4
single,235,ASPECT,4
single,235,LULC_states,12
single,236,primf,4
single,236,secdf,4
single,236,range,4
single,236,primn,4
single,236,pastr,4
single,236,c4per,4
single,236,c3per,4
single,236,c4ann,4
single,236,secmb,4
single,236,urban,4
single,236,secma,4
single,236,secdn,4
single,236,c3nfx,4
single,236,c3ann,4
single,236,number_of_people,4
single,236,kg_class,4
single,236,weighted_PCT_SAND,2
single,236,weighted_PCT_CLAY,2
single,236,weighted_ORGANIC,2
single,236,SLOPE,2
single,236,elevation,2
single,236,ASPECT,2
single,236,LULC_states,6
single,237,secdf,4
single,237,range,4
single,237,primn,4
single,237,primf,4
single,237,pastr,4
single,237,c4ann,4
single,237,c4per,4
single,237,urban,4
single,237,c3per,4
single,237,secmb,4
single,237,secma,4
single,237,secdn,4
single,237,c3nfx,4
single,237,c3ann,4
single,237,number_of_people,4
single,237,kg_class,4
single,237,weighted_PCT_SAND,2
single,237,weighted_PCT_CLAY,2
single,237,weighted_ORGANIC,2
single,237,SLOPE,2
single,237,elevation,2
single,237,ASPECT,2
single,237,LULC_states,6
single,238,secdf,4
single,238,range,4
single,238,primf,4
single,238,pastr,4
single,238,c4per,4
single,238,primn,4
single,238,c4ann,4
single,238,c3per,4
single,238,urban,4
single,238,secmb,4
single,238,secma,4
single,238,secdn,4
single,238,c3ann,4
single,238,c3nfx,4
single,238,number_of_people,4
single,238,kg_class,4
single,238,weighted_PCT_SAND,2
single,238,weighted_PCT_CLAY,2
single,238,weighted_ORGANIC,2
single,238,SLOPE,2
single,238,elevation,2
single,238,ASPECT,2
single,238,LULC_states,6
single,239,secdf,4
single,239,range,4
single,239,primn,4
single,239,primf,4
single,239,pastr,4
single,239,c4ann,4
single,239,c4per,4
single,239,c3per,4
single,239,urban,4
single,239,secmb,4
single,239,secma,4
single,239,c3nfx,4
single,239,secdn,4
single,239,c3ann,4
single,239,number_of_people,4
single,239,kg_class,4
single,239,weighted_PCT_SAND,2
single,239,weighted_PCT_CLAY,2
single,239,SLOPE,2
single,239,elevation,2
single,239,weighted_ORGANIC,2
single,239,ASPECT,2
single,239,LULC_states,6
single,240,secdf,4
single,240,range,4
single,240,primn,4
single,240,primf,4
single,240,pastr,4
single,240,c4per,4
single,240,c4ann,4
single,240,urban,4
single,240,c3per,4
single,240,secmb,4
single,240,secma,4
single,240,secdn,4
single,240,c3nfx,4
single,240,c3ann,4
single,240,number_of_people,4
single,240,kg_class,4
single,240,weighted_PCT_SAND,2
single,240,weighted_PCT_CLAY,2
single,240,weighted_ORGANIC,2
single,240,SLOPE,2
single,240,elevation,2
single,240,ASPECT,2
single,240,LULC_states,6
single,241,secdf,4
single,241,range,4
single,241,primn,4
single,241,pastr,4
single,241,primf,4
single,241,c3per,4
single,241,c4per,4
single,241,c4ann,4
single,241,secmb,4
single,241,urban,4
single,241,secma,4
single,241,secdn,4
single,241,c3nfx,4
single,241,c3ann,4
single,241,number_of_people,4
single,241,kg_class,4
single,241,weighted_PCT_SAND,2
single,241,weighted_PCT_CLAY,2
single,241,weighted_ORGANIC,2
single,241,elevation,2
single,241,SLOPE,2
single,241,ASPECT,2
single,241,LULC_states,6
single,242,secdf,4
single,242,range,4
single,242,primn,4
single,242,primf,4
single,242,pastr,4
single,242,c4per,4
single,242,c4ann,4
single,242,c3per,4
single,242,urban,4
single,242,secmb,4
single,242,secma,4
single,242,secdn,4
single,242,c3nfx,4
single,242,c3ann,4
single,242,number_of_people,4
single,242,kg_class,4
single,242,weighted_PCT_SAND,2
single,242,weighted_PCT_CLAY,2
single,242,weighted_ORGANIC,2
single,242,SLOPE,2
single,242,elevation,2
single,242,ASPECT,2
single,242,LULC_states,6
single,243,range,4
single,243,secdf,4
single,243,primn,4
single,243,primf,4
single,243,pastr,4
single,243,c4per,4
single,243,c4ann,4
single,243,c3per,4
single,243,urban,4
single,243,secma,4
single,243,secmb,4
single,243,secdn,4
single,243,c3nfx,4
single,243,c3ann,4
single,243,number_of_people,4
single,243,kg_class,4
single,243,weighted_PCT_SAND,2
single,243,weighted_PCT_CLAY,2
single,243,weighted_ORGANIC,2
single,243,SLOPE,2
single,243,elevation,2
single,243,ASPECT,2
single,243,LULC_states,6
single,244,secdf,2
single,244,range,2
single,244,primn,2
single,244,pastr,2
single,244,primf,2
single,244,c4per,2
single,244,c4ann,2
single,244,c3per,2
single,244,secmb,2
single,244,urban,2
single,244,secma,2
single,244,secdn,2
single,244,c3nfx,2
single,244,c3ann,2
single,244,number_of_people,2
single,244,kg_class,2
single,244,weighted_PCT_SAND,1
single,244,weighted_PCT_CLAY,1
single,244,weighted_ORGANIC,1
single,244,SLOPE,1
single,244,elevation,1
single,244,ASPECT,1
single,244,LULC_states,3
single,245,secdf,2
single,245,range,2
single,245,primn,2
single,245,primf,2
single,245,pastr,2
single,245,c4ann,2
single,245,urban,2
single,245,c3per,2
single,245,c4per,2
single,245,secmb,2
single,245,secma,2
single,245,secdn,2
single,245,c3nfx,2
single,245,c3ann,2
single,245,number_of_people,2
single,245,kg_class,2
single,245,weighted_PCT_SAND,1
single,245,weighted_PCT_CLAY,1
single,245,weighted_ORGANIC,1
single,245,SLOPE,1
single,245,elevation,1
single,245,ASPECT,1
single,245,LULC_states,3
single,246,secdf,2
single,246,range,2
single,246,primn,2
single,246,c4per,2
single,246,primf,2
single,246,pastr,2
single,246,c3per,2
single,246,c4ann,2
single,246,secmb,2
single,246,urban,2
single,246,c3nfx,2
single,246,secma,2
single,246,c3ann,2
single,246,secdn,2
single,246,number_of_people,2
single,246,kg_class,2
single,246,weighted_PCT_SAND,1
single,246,weighted_PCT_CLAY,1
single,246,weighted_ORGANIC,1
single,246,SLOPE,1
single,246,elevation,1
single,246,ASPECT,1
single,246,LULC_states,3
single,247,secdf,4
single,247,range,4
single,247,primn,4
single,247,primf,4
single,247,c4per,4
single,247,pastr,4
single,247,c4ann,4
single,247,c3per,4
single,247,urban,4
single,247,secmb,4
single,247,secma,4
single,247,secdn,4
single,247,c3ann,4
single,247,c3nfx,4
single,247,number_of_people,4
single,247,kg_class,4
single,247,weighted_PCT_SAND,2
single,247,weighted_PCT_CLAY,2
single,247,weighted_ORGANIC,2
single,247,SLOPE,2
single,247,elevation,2
single,247,ASPECT,2
single,247,LULC_states,6
single,248,range,4
single,248,primn,4
single,248,secdf,4
single,248,primf,4
single,248,pastr,4
single,248,c4per,4
single,248,c4ann,4
single,248,c3per,4
single,248,urban,4
single,248,secmb,4
single,248,secma,4
single,248,secdn,4
single,248,c3nfx,4
single,248,c3ann,4
single,248,number_of_people,4
single,248,kg_class,4
single,248,weighted_PCT_SAND,2
single,248,weighted_PCT_CLAY,2
single,248,SLOPE,2
single,248,weighted_ORGANIC,2
single,248,elevation,2
single,248,ASPECT,2
single,248,LULC_states,6
single,249,secdf,4
single,249,primn,4
single,249,range,4
single,249,c3per,4
single,249,c4ann,4
single,249,primf,4
single,249,pastr,4
single,249,c4per,4
single,249,secmb,4
single,249,urban,4
single,249,c3nfx,4
single,249,secma,4
single,249,secdn,4
single,249,c3ann,4
single,249,number_of_people,4
single,249,kg_class,4
single,249,weighted_PCT_SAND,2
single,249,weighted_PCT_CLAY,2
single,249,weighted_ORGANIC,2
single,249,SLOPE,2
single,249,ASPECT,2
single,249,elevation,2
single,249,LULC_states,6
single,250,secdf,2
single,250,primn,2
single,250,range,2
single,250,pastr,2
single,250,c4per,2
single,250,c4ann,2
single,250,primf,2
single,250,urban,2
single,250,secmb,2
single,250,c3per,2
single,250,secma,2
single,250,c3nfx,2
single,250,secdn,2
single,250,c3ann,2
single,250,number_of_people,2
single,250,kg_class,2
single,250,weighted_PCT_SAND,1
single,250,weighted_PCT_CLAY,1
single,250,weighted_ORGANIC,1
single,250,SLOPE,1
single,250,elevation,1
single,250,ASPECT,1
single,250,LULC_states,3
single,251,secdf,2
single,251,range,2
single,251,primn,2
single,251,pastr,2
single,251,primf,2
single,251,c4per,2
single,251,c4ann,2
single,251,urban,2
single,251,secmb,2
single,251,secma,2
single,251,c3per,2
single,251,secdn,2
single,251,c3nfx,2
single,251,c3ann,2
single,251,number_of_people,2
single,251,kg_class,2
single,251,weighted_PCT_CLAY,1
single,251,weighted_PCT_SAND,1
single,251,weighted_ORGANIC,1
single,251,SLOPE,1
single,251,elevation,1
single,251,ASPECT,1
single,251,LULC_states,3
single,252,secdf,8
single,252,range,8
single,252,pastr,8
single,252,primn,8
single,252,primf,8
single,252,c4per,8
single,252,c4ann,8
single,252,c3per,8
single,252,c3nfx,8
single,252,secma,8
single,252,urban,8
single,252,secmb,8
single,252,secdn,8
single,252,c3ann,8
single,252,number_of_people,8
single,252,kg_class,8
single,252,weighted_PCT_SAND,4
single,252,weighted_PCT_CLAY,4
single,252,weighted_ORGANIC,4
single,252,SLOPE,4
single,252,elevation,4
single,252,ASPECT,4
single,252,LULC_states,12
single,253,secdf,8
single,253,range,8
single,253,primf,8
single,253,primn,8
single,253,pastr,8
single,253,c4ann,8
single,253,c4per,8
single,253,c3per,8
single,253,urban,8
single,253,secmb,8
single,253,secma,8
single,253,c3nfx,8
single,253,secdn,8
single,253,c3ann,8
single,253,number_of_people,8
single,253,kg_class,8
single,253,weighted_PCT_SAND,4
single,253,weighted_PCT_CLAY,4
single,253,weighted_ORGANIC,4
single,253,SLOPE,4
single,253,ASPECT,4
single,253,elevation,4
single,253,LULC_states,12
single,254,secdf,4
single,254,range,4
single,254,primn,4
single,254,primf,4
single,254,pastr,4
single,254,c4per,4
single,254,c4ann,4
single,254,urban,4
single,254,secmb,4
single,254,secma,4
single,254,secdn,4
single,254,c3nfx,4
single,254,c3ann,4
single,254,c3per,4
single,254,number_of_people,4
single,254,kg_class,4
single,254,weighted_PCT_SAND,2
single,254,weighted_PCT_CLAY,2
single,254,weighted_ORGANIC,2
single,254,SLOPE,2
single,254,elevation,2
single,254,ASPECT,2
single,254,LULC_states,6
single,255,range,8
single,255,secdf,8
single,255,primn,8
single,255,primf,8
single,255,pastr,8
single,255,c4per,8
single,255,c4ann,8
single,255,urban,8
single,255,secmb,8
single,255,c3per,8
single,255,secma,8
single,255,c3nfx,8
single,255,secdn,8
single,255,c3ann,8
single,255,number_of_people,8
single,255,kg_class,8
single,255,weighted_PCT_SAND,4
single,255,weighted_PCT_CLAY,4
single,255,SLOPE,4
single,255,weighted_ORGANIC,4
single,255,ASPECT,4
single,255,elevation,4
single,255,LULC_states,12
single,256,secdf,8
single,256,range,8
single,256,primn,8
single,256,primf,8
single,256,pastr,8
single,256,c4per,8
single,256,c4ann,8
single,256,c3per,8
single,256,urban,8
single,256,secmb,8
single,256,secma,8
single,256,secdn,8
single,256,c3nfx,8
single,256,c3ann,8
single,256,number_of_people,8
single,256,kg_class,8
single,256,weighted_PCT_SAND,4
single,256,weighted_ORGANIC,4
single,256,SLOPE,4
single,256,elevation,4
single,256,weighted_PCT_CLAY,4
single,256,ASPECT,4
single,256,LULC_states,12
single,257,secdf,4
single,257,primn,4
single,257,range,4
single,257,primf,4
single,257,pastr,4
single,257,c4per,4
single,257,c4ann,4
single,257,c3per,4
single,257,urban,4
single,257,secma,4
single,257,secmb,4
single,257,secdn,4
single,257,c3nfx,4
single,257,c3ann,4
single,257,number_of_people,4
single,257,kg_class,4
single,257,weighted_PCT_SAND,2
single,257,weighted_PCT_CLAY,2
single,257,weighted_ORGANIC,2
single,257,SLOPE,2
single,257,elevation,2
single,257,ASPECT,2
single,257,LULC_states,6
single,258,secdf,8
single,258,range,8
single,258,primn,8
single,258,pastr,8
single,258,primf,8
single,258,c4ann,8
single,258,c4per,8
single,258,c3per,8
single,258,urban,8
single,258,secmb,8
single,258,secma,8
single,258,secdn,8
single,258,c3ann,8
single,258,c3nfx,8
single,258,number_of_people,8
single,258,kg_class,8
single,258,weighted_PCT_SAND,4
single,258,weighted_PCT_CLAY,4
single,258,weighted_ORGANIC,4
single,258,SLOPE,4
single,258,elevation,4
single,258,ASPECT,4
single,258,LULC_states,12
single,259,secdf,8
single,259,range,8
single,259,primn,8
single,259,primf,8
single,259,pastr,8
single,259,c4per,8
single,259,c3per,8
single,259,c4ann,8
single,259,secmb,8
single,259,urban,8
single,259,secma,8
single,259,secdn,8
single,259,c3nfx,8
single,259,c3ann,8
single,259,number_of_people,8
single,259,kg_class,8
single,259,weighted_PCT_SAND,4
single,259,weighted_PCT_CLAY,4
single,259,weighted_ORGANIC,4
single,259,SLOPE,4
single,259,elevation,4
single,259,ASPECT,4
single,259,LULC_states,12
single,260,range,4
single,260,secdf,4
single,260,primn,4
single,260,primf,4
single,260,pastr,4
single,260,c4ann,4
single,260,c4per,4
single,260,c3per,4
single,260,urban,4
single,260,secmb,4
single,260,secma,4
single,260,c3nfx,4
single,260,secdn,4
single,260,c3ann,4
single,260,number_of_people,4
single,260,kg_class,4
single,260,weighted_PCT_CLAY,2
single,260,weighted_ORGANIC,2
single,260,SLOPE,2
single,260,weighted_PCT_SAND,2
single,260,ASPECT,2
single,260,elevation,2
single,260,LULC_states,6
single,261,secdf,4
single,261,range,4
single,261,pastr,4
single,261,primn,4
single,261,primf,4
single,261,c4ann,4
single,261,c4per,4
single,261,c3per,4
single,261,urban,4
single,261,secmb,4
single,261,secma,4
single,261,secdn,4
single,261,c3ann,4
single,261,c3nfx,4
single,261,number_of_people,4
single,261,kg_class,4
single,261,weighted_PCT_SAND,2
single,261,weighted_PCT_CLAY,2
single,261,weighted_ORGANIC,2
single,261,SLOPE,2
single,261,elevation,2
single,261,ASPECT,2
single,261,LULC_states,6
single,262,range,2
single,262,primn,2
single,262,secdf,2
single,262,primf,2
single,262,c4per,2
single,262,pastr,2
single,262,c4ann,2
single,262,c3per,2
single,262,urban,2
single,262,secmb,2
single,262,secma,2
single,262,c3nfx,2
single,262,secdn,2
single,262,c3ann,2
single,262,number_of_people,2
single,262,kg_class,2
single,262,weighted_PCT_SAND,1
single,262,weighted_ORGANIC,1
single,262,weighted_PCT_CLAY,1
single,262,SLOPE,1
single,262,elevation,1
single,262,ASPECT,1
single,262,LULC_states,3
single,263,secdf,4
single,263,range,4
single,263,primf,4
single,263,primn,4
single,263,pastr,4
single,263,c4per,4
single,263,c4ann,4
single,263,c3per,4
single,263,urban,4
single,263,secmb,4
single,263,secma,4
single,263,secdn,4
single,263,c3nfx,4
single,263,c3ann,4
single,263,number_of_people,4
single,263,kg_class,4
single,263,weighted_PCT_SAND,2
single,263,weighted_PCT_CLAY,2
single,263,weighted_ORGANIC,2
single,263,SLOPE,2
single,263,ASPECT,2
single,263,elevation,2
single,263,LULC_states,6
single,264,secdf,2
single,264,range,2
single,264,pastr,2
single,264,primf,2
single,264,primn,2
single,264,c4ann,2
single,264,c4per,2
single,264,secmb,2
single,264,urban,2
single,264,c3per,2
single,264,secma,2
single,264,c3nfx,2
single,264,secdn,2
single,264,c3ann,2
single,264,number_of_people,2
single,264,kg_class,2
single,264,weighted_PCT_SAND,1
single,264,weighted_PCT_CLAY,1
single,264,weighted_ORGANIC,1
single,264,SLOPE,1
single,264,elevation,1
single,264,ASPECT,1
single,264,LULC_states,3
single,265,secdf,8
single,265,range,8
single,265,primn,8
single,265,primf,8
single,265,pastr,8
single,265,c4per,8
single,265,c4ann,8
single,265,urban,8
single,265,c3per,8
single,265,secmb,8
single,265,secma,8
single,265,secdn,8
single,265,c3nfx,8
single,265,c3ann,8
single,265,number_of_people,8
single,265,kg_class,8
single,265,weighted_PCT_SAND,4
single,265,weighted_PCT_CLAY,4
single,265,weighted_ORGANIC,4
single,265,SLOPE,4
single,265,elevation,4
single,265,ASPECT,4
single,265,LULC_states,12
single,266,secdf,4
single,266,range,4
single,266,primn,4
single,266,primf,4
single,266,pastr,4
single,266,c4ann,4
single,266,c4per,4
single,266,c3per,4
single,266,urban,4
single,266,secmb,4
single,266,secma,4
single,266,secdn,4
single,266,c3nfx,4
single,266,c3ann,4
single,266,number_of_people,4
single,266,kg_class,4
single,266,weighted_PCT_SAND,2
single,266,weighted_PCT_CLAY,2
single,266,weighted_ORGANIC,2
single,266,SLOPE,2
single,266,elevation,2
single,266,ASPECT,2
single,266,LULC_states,6
single,267,secdf,8
single,267,range,8
single,267,primn,8
single,267,primf,8
single,267,pastr,8
single,267,c4ann,8
single,267,c4per,8
single,267,c3per,8
single,267,urban,8
single,267,secmb,8
single,267,secma,8
single,267,secdn,8
single,267,c3nfx,8
single,267,c3ann,8
single,267,number_of_people,8
single,267,kg_class,8
single,267,weighted_PCT_SAND,4
single,267,weighted_PCT_CLAY,4
single,267,weighted_ORGANIC,4
single,267,SLOPE,4
single,267,elevation,4
single,267,ASPECT,4
single,267,LULC_states,12
single,268,secdf,4
single,268,range,4
single,268,primn,4
single,268,primf,4
single,268,pastr,4
single,268,c4per,4
single,268,c4ann,4
single,268,c3per,4
single,268,urban,4
single,268,secmb,4
single,268,secma,4
single,268,secdn,4
single,268,c3nfx,4
single,268,c3ann,4
single,268,number_of_people,4
single,268,kg_class,4
single,268,weighted_PCT_SAND,2
single,268,weighted_PCT_CLAY,2
single,268,weighted_ORGANIC,2
single,268,SLOPE,2
single,268,elevation,2
single,268,ASPECT,2
single,268,LULC_states,6
single,269,secdf,8
single,269,primf,8
single,269,primn,8
single,269,range,8
single,269,pastr,8
single,269,c4per,8
single,269,c4ann,8
single,269,secma,8
single,269,c3per,8
single,269,secmb,8
single,269,urban,8
single,269,secdn,8
single,269,c3nfx,8
single,269,c3ann,8
single,269,number_of_people,8
single,269,kg_class,8
single,269,weighted_PCT_SAND,4
single,269,weighted_PCT_CLAY,4
single,269,weighted_ORGANIC,4
single,269,SLOPE,4
single,269,elevation,4
single,269,ASPECT,4
single,269,LULC_states,12
single,270,secdf,2
single,270,range,2
single,270,primn,2
single,270,primf,2
single,270,c4per,2
single,270,pastr,2
single,270,c4ann,2
single,270,c3per,2
single,270,urban,2
single,270,secmb,2
single,270,secma,2
single,270,secdn,2
single,270,c3ann,2
single,270,c3nfx,2
single,270,number_of_people,2
single,270,kg_class,2
single,270,weighted_PCT_SAND,1
single,270,weighted_PCT_CLAY,1
single,270,weighted_ORGANIC,1
single,270,SLOPE,1
single,270,elevation,1
single,270,ASPECT,1
single,270,LULC_states,3
single,271,secdf,2
single,271,range,2
single,271,primn,2
single,271,primf,2
single,271,pastr,2
single,271,c4per,2
single,271,c4ann,2
single,271,urban,2
single,271,c3per,2
single,271,secma,2
single,271,secdn,2
single,271,c3nfx,2
single,271,c3ann,2
single,271,secmb,2
single,271,number_of_people,2
single,271,kg_class,2
single,271,weighted_PCT_SAND,1
single,271,weighted_PCT_CLAY,1
single,271,weighted_ORGANIC,1
single,271,SLOPE,1
single,271,elevation,1
single,271,ASPECT,1
single,271,LULC_states,3
single,272,secdf,4
single,272,range,4
single,272,primn,4
single,272,primf,4
single,272,pastr,4
single,272,c4per,4
single,272,c3per,4
single,272,c4ann,4
single,272,secmb,4
single,272,urban,4
single,272,secdn,4
single,272,c3ann,4
single,272,secma,4
single,272,c3nfx,4
single,272,number_of_people,4
single,272,kg_class,4
single,272,weighted_PCT_SAND,2
single,272,weighted_PCT_CLAY,2
single,272,weighted_ORGANIC,2
single,272,elevation,2
single,272,SLOPE,2
single,272,ASPECT,2
single,272,LULC_states,6
single,273,secdf,4
single,273,range,4
single,273,primn,4
single,273,primf,4
single,273,pastr,4
single,273,c4per,4
single,273,c3per,4
single,273,urban,4
single,273,c4ann,4
single,273,secmb,4
single,273,secma,4
single,273,secdn,4
single,273,c3ann,4
single,273,c3nfx,4
single,273,number_of_people,4
single,273,kg_class,4
single,273,weighted_PCT_SAND,2
single,273,weighted_PCT_CLAY,2
single,273,weighted_ORGANIC,2
single,273,SLOPE,2
single,273,elevation,2
single,273,ASPECT,2
single,273,LULC_states,6
single,274,secdf,8
single,274,range,8
single,274,primn,8
single,274,primf,8
single,274,pastr,8
single,274,c4per,8
single,274,c4ann,8
single,274,c3per,8
single,274,urban,8
single,274,secmb,8
single,274,secma,8
single,274,secdn,8
single,274,c3nfx,8
single,274,c3ann,8
single,274,number_of_people,8
single,274,kg_class,8
single,274,weighted_PCT_SAND,4
single,274,weighted_PCT_CLAY,4
single,274,weighted_ORGANIC,4
single,274,SLOPE,4
single,274,elevation,4
single,274,ASPECT,4
single,274,LULC_states,12
single,275,secdf,4
single,275,range,4
single,275,primf,4
single,275,primn,4
single,275,pastr,4
single,275,secmb,4
single,275,c4ann,4
single,275,c3per,4
single,275,c4per,4
single,275,urban,4
single,275,secma,4
single,275,secdn,4
single,275,c3nfx,4
single,275,c3ann,4
single,275,number_of_people,4
single,275,kg_class,4
single,275,weighted_PCT_SAND,2
single,275,weighted_PCT_CLAY,2
single,275,weighted_ORGANIC,2
single,275,SLOPE,2
single,275,elevation,2
single,275,ASPECT,2
single,275,LULC_states,6
single,276,range,2
single,276,secdf,2
single,276,primf,2
single,276,pastr,2
single,276,primn,2
single,276,c4per,2
single,276,c4ann,2
single,276,c3per,2
single,276,urban,2
single,276,secmb,2
single,276,secdn,2
single,276,secma,2
single,276,c3nfx,2
single,276,c3ann,2
single,276,number_of_people,2
single,276,kg_class,2
single,276,weighted_PCT_SAND,1
single,276,weighted_PCT_CLAY,1
single,276,weighted_ORGANIC,1
single,276,SLOPE,1
single,276,elevation,1
single,276,ASPECT,1
single,276,LULC_states,3
single,277,range,4
single,277,secdf,4
single,277,primn,4
single,277,primf,4
single,277,pastr,4
single,277,c4per,4
single,277,c3per,4
single,277,urban,4
single,277,c4ann,4
single,277,secmb,4
single,277,secdn,4
single,277,c3nfx,4
single,277,secma,4
single,277,c3ann,4
single,277,number_of_people,4
single,277,kg_class,4
single,277,weighted_PCT_SAND,2
single,277,weighted_PCT_CLAY,2
single,277,SLOPE,2
single,277,weighted_ORGANIC,2
single,277,elevation,2
single,277,ASPECT,2
single,277,LULC_states,6
single,278,secdf,4
single,278,range,4
single,278,primn,4
single,278,primf,4
single,278,pastr,4
single,278,c4per,4
single,278,c3per,4
single,278,c4ann,4
single,278,secmb,4
single,278,secma,4
single,278,urban,4
single,278,c3nfx,4
single,278,secdn,4
single,278,c3ann,4
single,278,number_of_people,4
single,278,kg_class,4
single,278,weighted_PCT_SAND,2
single,278,weighted_PCT_CLAY,2
single,278,weighted_ORGANIC,2
single,278,SLOPE,2
single,278,elevation,2
single,278,ASPECT,2
single,278,LULC_states,6
single,279,secdf,8
single,279,range,8
single,279,primn,8
single,279,primf,8
single,279,c4per,8
single,279,pastr,8
single,279,c3per,8
single,279,c4ann,8
single,279,secmb,8
single,279,urban,8
single,279,secdn,8
single,279,secma,8
single,279,c3nfx,8
single,279,c3ann,8
single,279,number_of_people,8
single,279,kg_class,8
single,279,weighted_PCT_SAND,4
single,279,weighted_PCT_CLAY,4
single,279,weighted_ORGANIC,4
single,279,SLOPE,4
single,279,elevation,4
single,279,ASPECT,4
single,279,LULC_states,12
single,280,secdf,8
single,280,range,8
single,280,primn,8
single,280,pastr,8
single,280,primf,8
single,280,c4ann,8
single,280,c4per,8
single,280,c3per,8
single,280,urban,8
single,280,secma,8
single,280,secmb,8
single,280,c3nfx,8
single,280,c3ann,8
single,280,secdn,8
single,280,number_of_people,8
single,280,kg_class,8
single,280,weighted_PCT_SAND,4
single,280,weighted_PCT_CLAY,4
single,280,weighted_ORGANIC,4
single,280,SLOPE,4
single,280,elevation,4
single,280,ASPECT,4
single,280,LULC_states,12
single,281,secdf,4
single,281,range,4
single,281,primn,4
single,281,primf,4
single,281,pastr,4
single,281,c4per,4
single,281,c4ann,4
single,281,c3per,4
single,281,urban,4
single,281,secmb,4
single,281,secma,4
single,281,secdn,4
single,281,c3nfx,4
single,281,c3ann,4
single,281,number_of_people,4
single,281,kg_class,4
single,281,weighted_PCT_SAND,2
single,281,weighted_PCT_CLAY,2
single,281,weighted_ORGANIC,2
single,281,SLOPE,2
single,281,elevation,2
single,281,ASPECT,2
single,281,LULC_states,6
single,282,secdf,8
single,282,pastr,8
single,282,range,8
single,282,c4per,8
single,282,primn,8
single,282,primf,8
single,282,c4ann,8
single,282,urban,8
single,282,secmb,8
single,282,c3per,8
single,282,secma,8
single,282,secdn,8
single,282,c3nfx,8
single,282,c3ann,8
single,282,number_of_people,8
single,282,kg_class,8
single,282,weighted_PCT_SAND,4
single,282,weighted_PCT_CLAY,4
single,282,weighted_ORGANIC,4
single,282,SLOPE,4
single,282,ASPECT,4
single,282,elevation,4
single,282,LULC_states,12
single,283,secdf,2
single,283,primf,2
single,283,range,2
single,283,primn,2
single,283,c4ann,2
single,283,pastr,2
single,283,c4per,2
single,283,c3per,2
single,283,secma,2
single,283,urban,2
single,283,secmb,2
single,283,secdn,2
single,283,c3nfx,2
single,283,c3ann,2
single,283,number_of_people,2
single,283,kg_class,2
single,283,weighted_PCT_SAND,1
single,283,weighted_ORGANIC,1
single,283,weighted_PCT_CLAY,1
single,283,elevation,1
single,283,SLOPE,1
single,283,ASPECT,1
single,283,LULC_states,3
single,284,secdf,8
single,284,range,8
single,284,primn,8
single,284,primf,8
single,284,pastr,8
single,284,c4per,8
single,284,c4ann,8
single,284,urban,8
single,284,c3per,8
single,284,secmb,8
single,284,secma,8
single,284,secdn,8
single,284,c3nfx,8
single,284,c3ann,8
single,284,number_of_people,8
single,284,kg_class,8
single,284,weighted_PCT_SAND,4
single,284,weighted_PCT_CLAY,4
single,284,weighted_ORGANIC,4
single,284,SLOPE,4
single,284,elevation,4
single,284,ASPECT,4
single,284,LULC_states,12
single,285,secdf,8
single,285,range,8
single,285,pastr,8
single,285,primf,8
single,285,primn,8
single,285,c4per,8
single,285,c4ann,8
single,285,urban,8
single,285,c3per,8
single,285,secmb,8
single,285,secma,8
single,285,secdn,8
single,285,c3nfx,8
single,285,c3ann,8
single,285,number_of_people,8
single,285,kg_class,8
single,285,weighted_PCT_CLAY,4
single,285,weighted_PCT_SAND,4
single,285,weighted_ORGANIC,4
single,285,elevation,4
single,285,SLOPE,4
single,285,ASPECT,4
single,285,LULC_states,12
single,286,secdf,8
single,286,range,8
single,286,primn,8
single,286,pastr,8
single,286,primf,8
single,286,c4per,8
single,286,c4ann,8
single,286,c3per,8
single,286,urban,8
single,286,secmb,8
single,286,secma,8
single,286,secdn,8
single,286,c3nfx,8
single,286,c3ann,8
single,286,number_of_people,8
single,286,kg_class,8
single,286,weighted_PCT_CLAY,4
single,286,weighted_PCT_SAND,4
single,286,weighted_ORGANIC,4
single,286,elevation,4
single,286,SLOPE,4
single,286,ASPECT,4
single,286,LULC_states,12
single,287,primn,4
single,287,primf,4
single,287,c4per,4
single,287,c3per,4
single,287,secdn,4
single,287,c4ann,4
single,287,secmb,4
single,287,urban,4
single,287,secdf,4
single,287,c3nfx,4
single,287,c3ann,4
single,287,pastr,4
single,287,secma,4
single,287,range,4
single,287,number_of_people,4
single,287,kg_class,4
single,287,weighted_PCT_SAND,2
single,287,weighted_PCT_CLAY,2
single,287,weighted_ORGANIC,2
single,287,SLOPE,2
single,287,elevation,2
single,287,ASPECT,2
single,287,LULC_states,6
single,288,secdf,2
single,288,range,2
single,288,primf,2
single,288,primn,2
single,288,pastr,2
single,288,c4per,2
single,288,c4ann,2
single,288,c3per,2
single,288,urban,2
single,288,secmb,2
single,288,secdn,2
single,288,secma,2
single,288,c3nfx,2
single,288,c3ann,2
single,288,number_of_people,2
single,288,kg_class,2
single,288,weighted_ORGANIC,1
single,288,weighted_PCT_CLAY,1
single,288,weighted_PCT_SAND,1
single,288,SLOPE,1
single,288,elevation,1
single,288,ASPECT,1
single,288,LULC_states,3
single,289,secdf,4
single,289,range,4
single,289,primf,4
single,289,primn,4
single,289,pastr,4
single,289,c4per,4
single,289,c3per,4
single,289,c4ann,4
single,289,urban,4
single,289,secmb,4
single,289,secma,4
single,289,secdn,4
single,289,c3nfx,4
single,289,c3ann,4
single,289,number_of_people,4
single,289,kg_class,4
single,289,weighted_PCT_SAND,2
single,289,weighted_PCT_CLAY,2
single,289,SLOPE,2
single,289,elevation,2
single,289,weighted_ORGANIC,2
single,289,ASPECT,2
single,289,LULC_states,6
single,290,secdf,8
single,290,range,8
single,290,primn,8
single,290,primf,8
single,290,pastr,8
single,290,c4per,8
single,290,c4ann,8
single,290,secmb,8
single,290,urban,8
single,290,c3per,8
single,290,secma,8
single,290,secdn,8
single,290,c3ann,8
single,290,c3nfx,8
single,290,number_of_people,8
single,290,kg_class,8
single,290,weighted_PCT_SAND,4
single,290,weighted_PCT_CLAY,4
single,290,weighted_ORGANIC,4
single,290,SLOPE,4
single,290,elevation,4
single,290,ASPECT,4
single,290,LULC_states,12
single,291,secdf,2
single,291,range,2
single,291,primn,2
single,291,primf,2
single,291,pastr,2
single,291,c4per,2
single,291,c4ann,2
single,291,c3per,2
single,291,secmb,2
single,291,secma,2
single,291,urban,2
single,291,secdn,2
single,291,c3nfx,2
single,291,c3ann,2
single,291,number_of_people,2
single,291,kg_class,2
single,291,weighted_PCT_SAND,1
single,291,weighted_PCT_CLAY,1
single,291,weighted_ORGANIC,1
single,291,SLOPE,1
single,291,elevation,1
single,291,ASPECT,1
single,291,LULC_states,3
single,292,secdf,2
single,292,range,2
single,292,primn,2
single,292,primf,2
single,292,c4ann,2
single,292,pastr,2
single,292,c4per,2
single,292,c3per,2
single,292,urban,2
single,292,secmb,2
single,292,secma,2
single,292,secdn,2
single,292,c3nfx,2
single,292,c3ann,2
single,292,number_of_people,2
single,292,kg_class,2
single,292,weighted_PCT_SAND,1
single,292,weighted_PCT_CLAY,1
single,292,weighted_ORGANIC,1
single,292,SLOPE,1
single,292,elevation,1
single,292,ASPECT,1
single,292,LULC_states,3
single,293,secdf,4
single,293,range,4
single,293,primn,4
single,293,pastr,4
single,293,primf,4
single,293,c4per,4
single,293,c3per,4
single,293,c4ann,4
single,293,secmb,4
single,293,secma,4
single,293,urban,4
single,293,c3nfx,4
single,293,c3ann,4
single,293,secdn,4
single,293,number_of_people,4
single,293,kg_class,4
single,293,weighted_PCT_SAND,2
single,293,weighted_PCT_CLAY,2
single,293,weighted_ORGANIC,2
single,293,SLOPE,2
single,293,elevation,2
single,293,ASPECT,2
single,293,LULC_states,6
single,294,secdf,4
single,294,range,4
single,294,primn,4
single,294,primf,4
single,294,c4per,4
single,294,pastr,4
single,294,c4ann,4
single,294,c3per,4
single,294,urban,4
single,294,secma,4
single,294,secmb,4
single,294,c3ann,4
single,294,secdn,4
single,294,c3nfx,4
single,294,number_of_people,4
single,294,kg_class,4
single,294,weighted_PCT_SAND,2
single,294,weighted_PCT_CLAY,2
single,294,weighted_ORGANIC,2
single,294,SLOPE,2
single,294,elevation,2
single,294,ASPECT,2
single,294,LULC_states,6
single,295,secdf,8
single,295,range,8
single,295,primn,8
single,295,primf,8
single,295,c4per,8
single,295,pastr,8
single,295,c4ann,8
single,295,c3per,8
single,295,urban,8
single,295,secmb,8
single,295,secma,8
single,295,secdn,8
single,295,c3nfx,8
single,295,c3ann,8
single,295,number_of_people,8
single,295,kg_class,8
single,295,weighted_PCT_SAND,4
single,295,weighted_PCT_CLAY,4
single,295,weighted_ORGANIC,4
single,295,SLOPE,4
single,295,elevation,4
single,295,ASPECT,4
single,295,LULC_states,12
single,296,secdf,8
single,296,range,8
single,296,primn,8
single,296,primf,8
single,296,c4per,8
single,296,c4ann,8
single,296,pastr,8
single,296,c3per,8
single,296,secmb,8
single,296,urban,8
single,296,secma,8
single,296,secdn,8
single,296,c3nfx,8
single,296,c3ann,8
single,296,number_of_people,8
single,296,kg_class,8
single,296,weighted_PCT_SAND,4
single,296,weighted_ORGANIC,4
single,296,elevation,4
single,296,weighted_PCT_CLAY,4
single,296,ASPECT,4
single,296,SLOPE,4
single,296,LULC_states,12
single,297,primn,2
single,297,secdf,2
single,297,range,2
single,297,primf,2
single,297,pastr,2
single,297,c4per,2
single,297,c4ann,2
single,297,secmb,2
single,297,c3per,2
single,297,urban,2
single,297,secma,2
single,297,secdn,2
single,297,c3nfx,2
single,297,c3ann,2
single,297,number_of_people,2
single,297,kg_class,2
single,297,weighted_PCT_SAND,1
single,297,weighted_ORGANIC,1
single,297,SLOPE,1
single,297,weighted_PCT_CLAY,1
single,297,elevation,1
single,297,ASPECT,1
single,297,LULC_states,3
single,298,secdf,4
single,298,range,4
single,298,primn,4
single,298,primf,4
single,298,pastr,4
single,298,c4per,4
single,298,c3per,4
single,298,c4ann,4
single,298,secmb,4
single,298,urban,4
single,298,secma,4
single,298,secdn,4
single,298,c3ann,4
single,298,c3nfx,4
single,298,number_of_people,4
single,298,kg_class,4
single,298,weighted_PCT_SAND,2
single,298,weighted_PCT_CLAY,2
single,298,weighted_ORGANIC,2
single,298,SLOPE,2
single,298,elevation,2
single,298,ASPECT,2
single,298,LULC_states,6
single,299,range,2
single,299,secdf,2
single,299,primn,2
single,299,primf,2
single,299,pastr,2
single,299,c4per,2
single,299,c3per,2
single,299,urban,2
single,299,c4ann,2
single,299,secmb,2
single,299,secma,2
single,299,c3ann,2
single,299,secdn,2
single,299,c3nfx,2
single,299,number_of_people,2
single,299,kg_class,2
single,299,weighted_PCT_SAND,1
single,299,weighted_PCT_CLAY,1
single,299,weighted_ORGANIC,1
single,299,elevation,1
single,299,SLOPE,1
single,299,ASPECT,1
single,299,LULC_states,3
single,300,secdf,4
single,300,range,4
single,300,primn,4
single,300,primf,4
single,300,pastr,4
single,300,c4per,4
single,300,c4ann,4
single,300,c3per,4
single,300,urban,4
single,300,secmb,4
single,300,secdn,4
single,300,secma,4
single,300,c3nfx,4
single,300,c3ann,4
single,300,number_of_people,4
single,300,kg_class,4
single,300,weighted_PCT_CLAY,2
single,300,weighted_PCT_SAND,2
single,300,weighted_ORGANIC,2
single,300,SLOPE,2
single,300,elevation,2
single,300,ASPECT,2
single,300,LULC_states,6
single,301,range,4
single,301,secdf,4
single,301,primn,4
single,301,primf,4
single,301,c4per,4
single,301,c3per,4
single,301,pastr,4
single,301,c4ann,4
single,301,urban,4
single,301,secma,4
single,301,secmb,4
single,301,c3nfx,4
single,301,c3ann,4
single,301,secdn,4
single,301,number_of_people,4
single,301,kg_class,4
single,301,weighted_PCT_SAND,2
single,301,weighted_ORGANIC,2
single,301,weighted_PCT_CLAY,2
single,301,SLOPE,2
single,301,elevation,2
single,301,ASPECT,2
single,301,LULC_states,6
single,302,secdf,4
single,302,range,4
single,302,primn,4
single,302,primf,4
single,302,pastr,4
single,302,c4per,4
single,302,c4ann,4
single,302,c3per,4
single,302,secmb,4
single,302,urban,4
single,302,secma,4
single,302,secdn,4
single,302,c3nfx,4
single,302,c3ann,4
single,302,number_of_people,4
single,302,kg_class,4
single,302,weighted_PCT_SAND,2
single,302,weighted_ORGANIC,2
single,302,weighted_PCT_CLAY,2
single,302,SLOPE,2
single,302,elevation,2
single,302,ASPECT,2
single,302,LULC_states,6
single,303,secdf,8
single,303,range,8
single,303,primn,8
single,303,primf,8
single,303,c4per,8
single,303,c4ann,8
single,303,pastr,8
single,303,c3per,8
single,303,urban,8
single,303,secmb,8
single,303,secma,8
single,303,c3nfx,8
single,303,secdn,8
single,303,c3ann,8
single,303,number_of_people,8
single,303,kg_class,8
single,303,weighted_PCT_SAND,4
single,303,weighted_PCT_CLAY,4
single,303,SLOPE,4
single,303,weighted_ORGANIC,4
single,303,elevation,4
single,303,ASPECT,4
single,303,LULC_states,12
single,304,secdf,8
single,304,range,8
single,304,pastr,8
single,304,primf,8
single,304,c4per,8
single,304,primn,8
single,304,c4ann,8
single,304,c3per,8
single,304,secmb,8
single,304,urban,8
single,304,secma,8
single,304,c3nfx,8
single,304,secdn,8
single,304,c3ann,8
single,304,number_of_people,8
single,304,kg_class,8
single,304,weighted_PCT_CLAY,4
single,304,weighted_PCT_SAND,4
single,304,weighted_ORGANIC,4
single,304,SLOPE,4
single,304,elevation,4
single,304,ASPECT,4
single,304,LULC_states,12
single,305,secdf,8
single,305,range,8
single,305,primn,8
single,305,primf,8
single,305,c4per,8
single,305,c3per,8
single,305,pastr,8
single,305,c4ann,8
single,305,urban,8
single,305,secma,8
single,305,secmb,8
single,305,c3nfx,8
single,305,secdn,8
single,305,c3ann,8
single,305,number_of_people,8
single,305,kg_class,8
single,305,weighted_PCT_SAND,4
single,305,weighted_PCT_CLAY,4
single,305,SLOPE,4
single,305,weighted_ORGANIC,4
single,305,elevation,4
single,305,ASPECT,4
single,305,LULC_states,12
single,306,secdf,4
single,306,range,4
single,306,primn,4
single,306,primf,4
single,306,c4per,4
single,306,pastr,4
single,306,c4ann,4
single,306,c3per,4
single,306,secma,4
single,306,secmb,4
single,306,urban,4
single,306,secdn,4
single,306,c3nfx,4
single,306,c3ann,4
single,306,number_of_people,4
single,306,kg_class,4
single,306,weighted_PCT_SAND,2
single,306,weighted_PCT_CLAY,2
single,306,weighted_ORGANIC,2
single,306,elevation,2
single,306,ASPECT,2
single,306,SLOPE,2
single,306,LULC_states,6
single,307,primn,4
single,307,secdf,4
single,307,range,4
single,307,pastr,4
single,307,primf,4
single,307,c4per,4
single,307,c3per,4
single,307,c4ann,4
single,307,urban,4
single,307,secmb,4
single,307,secma,4
single,307,secdn,4
single,307,c3nfx,4
single,307,c3ann,4
single,307,number_of_people,4
single,307,kg_class,4
single,307,weighted_PCT_SAND,2
single,307,weighted_PCT_CLAY,2
single,307,weighted_ORGANIC,2
single,307,SLOPE,2
single,307,elevation,2
single,307,ASPECT,2
single,307,LULC_states,6
single,308,secdf,2
single,308,range,2
single,308,primn,2
single,308,primf,2
single,308,pastr,2
single,308,c4per,2
single,308,c4ann,2
single,308,c3per,2
single,308,secmb,2
single,308,urban,2
single,308,secma,2
single,308,c3nfx,2
single,308,secdn,2
single,308,c3ann,2
single,308,number_of_people,2
single,308,kg_class,2
single,308,weighted_PCT_SAND,1
single,308,SLOPE,1
single,308,weighted_ORGANIC,1
single,308,weighted_PCT_CLAY,1
single,308,ASPECT,1
single,308,elevation,1
single,308,LULC_states,3
single,309,secdf,4
single,309,range,4
single,309,primf,4
single,309,c4per,4
single,309,primn,4
single,309,pastr,4
single,309,c4ann,4
single,309,c3per,4
single,309,secmb,4
single,309,secma,4
single,309,urban,4
single,309,secdn,4
single,309,c3nfx,4
single,309,c3ann,4
single,309,number_of_people,4
single,309,kg_class,4
single,309,weighted_PCT_CLAY,2
single,309,weighted_PCT_SAND,2
single,309,weighted_ORGANIC,2
single,309,SLOPE,2
single,309,ASPECT,2
single,309,elevation,2
single,309,LULC_states,6
single,310,secdf,8
single,310,range,8
single,310,primf,8
single,310,primn,8
single,310,pastr,8
single,310,c4per,8
single,310,c4ann,8
single,310,c3per,8
single,310,urban,8
single,310,secdn,8
single,310,secma,8
single,310,secmb,8
single,310,c3nfx,8
single,310,c3ann,8
single,310,number_of_people,8
single,310,kg_class,8
single,310,weighted_PCT_SAND,4
single,310,weighted_ORGANIC,4
single,310,weighted_PCT_CLAY,4
single,310,SLOPE,4
single,310,ASPECT,4
single,310,elevation,4
single,310,LULC_states,12
single,311,secdf,4
single,311,range,4
single,311,primn,4
single,311,primf,4
single,311,c4per,4
single,311,pastr,4
single,311,c4ann,4
single,311,urban,4
single,311,c3per,4
single,311,secmb,4
single,311,secma,4
single,311,secdn,4
single,311,c3nfx,4
single,311,c3ann,4
single,311,number_of_people,4
single,311,kg_class,4
single,311,weighted_PCT_SAND,2
single,311,weighted_PCT_CLAY,2
single,311,weighted_ORGANIC,2
single,311,SLOPE,2
single,311,elevation,2
single,311,ASPECT,2
single,311,LULC_states,6
single,312,secdf,8
single,312,range,8
single,312,primn,8
single,312,primf,8
single,312,c4per,8
single,312,pastr,8
single,312,c4ann,8
single,312,c3per,8
single,312,urban,8
single,312,secmb,8
single,312,secma,8
single,312,secdn,8
single,312,c3nfx,8
single,312,c3ann,8
single,312,number_of_people,8
single,312,kg_class,8
single,312,weighted_PCT_SAND,4
single,312,weighted_PCT_CLAY,4
single,312,weighted_ORGANIC,4
single,312,SLOPE,4
single,312,elevation,4
single,312,ASPECT,4
single,312,LULC_states,12
single,313,secdf,2
single,313,range,2
single,313,primf,2
single,313,pastr,2
single,313,primn,2
single,313,c4per,2
single,313,urban,2
single,313,c3per,2
single,313,secmb,2
single,313,c4ann,2
single,313,secdn,2
single,313,c3nfx,2
single,313,secma,2
single,313,c3ann,2
single,313,number_of_people,2
single,313,kg_class,2
single,313,weighted_PCT_SAND,1
single,313,weighted_PCT_CLAY,1
single,313,weighted_ORGANIC,1
single,313,SLOPE,1
single,313,elevation,1
single,313,ASPECT,1
single,313,LULC_states,3
single,314,secdf,4
single,314,range,4
single,314,primn,4
single,314,primf,4
single,314,pastr,4
single,314,c4per,4
single,314,c4ann,4
single,314,c3per,4
single,314,urban,4
single,314,secmb,4
single,314,secdn,4
single,314,secma,4
single,314,c3nfx,4
single,314,c3ann,4
single,314,number_of_people,4
single,314,kg_class,4
single,314,weighted_PCT_SAND,2
single,314,weighted_PCT_CLAY,2
single,314,weighted_ORGANIC,2
single,314,SLOPE,2
single,314,elevation,2
single,314,ASPECT,2
single,314,LULC_states,6
single,315,secdf,2
single,315,range,2
single,315,primf,2
single,315,primn,2
single,315,c4ann,2
single,315,pastr,2
single,315,c4per,2
single,315,urban,2
single,315,secmb,2
single,315,c3per,2
single,315,secma,2
single,315,secdn,2
single,315,c3nfx,2
single,315,c3ann,2
single,315,number_of_people,2
single,315,kg_class,2
single,315,weighted_PCT_SAND,1
single,315,weighted_PCT_CLAY,1
single,315,weighted_ORGANIC,1
single,315,SLOPE,1
single,315,elevation,1
single,315,ASPECT,1
single,315,LULC_states,3
single,316,secdf,8
single,316,primn,8
single,316,range,8
single,316,primf,8
single,316,pastr,8
single,316,c4per,8
single,316,c4ann,8
single,316,c3per,8
single,316,urban,8
single,316,secdn,8
single,316,secmb,8
single,316,c3nfx,8
single,316,c3ann,8
single,316,secma,8
single,316,number_of_people,8
single,316,kg_class,8
single,316,weighted_PCT_SAND,4
single,316,weighted_ORGANIC,4
single,316,weighted_PCT_CLAY,4
single,316,SLOPE,4
single,316,elevation,4
single,316,ASPECT,4
single,316,LULC_states,12
single,317,primf,4
single,317,secdf,4
single,317,range,4
single,317,primn,4
single,317,pastr,4
single,317,c4per,4
single,317,c3per,4
single,317,c4ann,4
single,317,urban,4
single,317,secmb,4
single,317,secdn,4
single,317,secma,4
single,317,c3nfx,4
single,317,c3ann,4
single,317,number_of_people,4
single,317,kg_class,4
single,317,weighted_PCT_SAND,2
single,317,weighted_ORGANIC,2
single,317,weighted_PCT_CLAY,2
single,317,SLOPE,2
single,317,elevation,2
single,317,ASPECT,2
single,317,LULC_states,6
single,318,secdf,8
single,318,primn,8
single,318,range,8
single,318,primf,8
single,318,pastr,8
single,318,c4ann,8
single,318,c4per,8
single,318,c3per,8
single,318,urban,8
single,318,secma,8
single,318,secmb,8
single,318,secdn,8
single,318,c3nfx,8
single,318,c3ann,8
single,318,number_of_people,8
single,318,kg_class,8
single,318,weighted_PCT_SAND,4
single,318,weighted_ORGANIC,4
single,318,weighted_PCT_CLAY,4
single,318,SLOPE,4
single,318,elevation,4
single,318,ASPECT,4
single,318,LULC_states,12
single,319,primn,8
single,319,range,8
single,319,secdf,8
single,319,primf,8
single,319,pastr,8
single,319,c4per,8
single,319,c4ann,8
single,319,c3per,8
single,319,secmb,8
single,319,urban,8
single,319,c3nfx,8
single,319,c3ann,8
single,319,secma,8
single,319,secdn,8
single,319,number_of_people,8
single,319,kg_class,8
single,319,weighted_PCT_SAND,4
single,319,weighted_PCT_CLAY,4
single,319,weighted_ORGANIC,4
single,319,SLOPE,4
single,319,elevation,4
single,319,ASPECT,4
single,319,LULC_states,12
single,320,range,8
single,320,primf,8
single,320,secdf,8
single,320,c4per,8
single,320,primn,8
single,320,c4ann,8
single,320,pastr,8
single,320,urban,8
single,320,secmb,8
single,320,c3per,8
single,320,secma,8
single,320,c3nfx,8
single,320,c3ann,8
single,320,secdn,8
single,320,number_of_people,8
single,320,kg_class,8
single,320,weighted_PCT_SAND,4
single,320,weighted_PCT_CLAY,4
single,320,weighted_ORGANIC,4
single,320,SLOPE,4
single,320,elevation,4
single,320,ASPECT,4
single,320,LULC_states,12
single,321,secdf,4
single,321,primn,4
single,321,primf,4
single,321,range,4
single,321,pastr,4
single,321,c4per,4
single,321,urban,4
single,321,c3per,4
single,321,c4ann,4
single,321,secmb,4
single,321,secma,4
single,321,c3nfx,4
single,321,secdn,4
single,321,c3ann,4
single,321,number_of_people,4
single,321,kg_class,4
single,321,weighted_PCT_SAND,2
single,321,weighted_PCT_CLAY,2
single,321,weighted_ORGANIC,2
single,321,SLOPE,2
single,321,ASPECT,2
single,321,elevation,2
single,321,LULC_states,6
single,322,secdf,2
single,322,range,2
single,322,primn,2
single,322,primf,2
single,322,pastr,2
single,322,c4per,2
single,322,c4ann,2
single,322,c3per,2
single,322,urban,2
single,322,secmb,2
single,322,secdn,2
single,322,secma,2
single,322,c3nfx,2
single,322,c3ann,2
single,322,number_of_people,2
single,322,kg_class,2
single,322,weighted_ORGANIC,1
single,322,weighted_PCT_SAND,1
single,322,weighted_PCT_CLAY,1
single,322,SLOPE,1
single,322,elevation,1
single,322,ASPECT,1
single,322,LULC_states,3
single,323,secdf,2
single,323,range,2
single,323,primn,2
single,323,primf,2
single,323,pastr,2
single,323,c4per,2
single,323,c4ann,2
single,323,c3per,2
single,323,urban,2
single,323,secmb,2
single,323,secdn,2
single,323,c3nfx,2
single,323,secma,2
single,323,c3ann,2
single,323,number_of_people,2
single,323,kg_class,2
single,323,weighted_PCT_SAND,1
single,323,weighted_ORGANIC,1
single,323,SLOPE,1
single,323,elevation,1
single,323,weighted_PCT_CLAY,1
single,323,ASPECT,1
single,323,LULC_states,3
single,324,secdf,4
single,324,pastr,4
single,324,primn,4
single,324,range,4
single,324,primf,4
single,324,urban,4
single,324,c4per,4
single,324,c4ann,4
single,324,c3per,4
single,324,secma,4
single,324,secmb,4
single,324,secdn,4
single,324,c3nfx,4
single,324,c3ann,4
single,324,number_of_people,4
single,324,kg_class,4
single,324,weighted_PCT_SAND,2
single,324,weighted_PCT_CLAY,2
single,324,weighted_ORGANIC,2
single,324,elevation,2
single,324,SLOPE,2
single,324,ASPECT,2
single,324,LULC_states,6
single,325,secdf,2
single,325,range,2
single,325,primn,2
single,325,primf,2
single,325,pastr,2
single,325,c4per,2
single,325,c4ann,2
single,325,urban,2
single,325,c3per,2
single,325,secmb,2
single,325,secdn,2
single,325,c3nfx,2
single,325,secma,2
single,325,c3ann,2
single,325,number_of_people,2
single,325,kg_class,2
single,325,weighted_PCT_SAND,1
single,325,weighted_PCT_CLAY,1
single,325,weighted_ORGANIC,1
single,325,SLOPE,1
single,325,elevation,1
single,325,ASPECT,1
single,325,LULC_states,3
single,326,range,8
single,326,secdf,8
single,326,primn,8
single,326,pastr,8
single,326,primf,8
single,326,c4per,8
single,326,c4ann,8
single,326,c3per,8
single,326,urban,8
single,326,secmb,8
single,326,secma,8
single,326,c3nfx,8
single,326,secdn,8
single,326,c3ann,8
single,326,number_of_people,8
single,326,kg_class,8
single,326,weighted_PCT_SAND,4
single,326,weighted_PCT_CLAY,4
single,326,weighted_ORGANIC,4
single,326,SLOPE,4
single,326,elevation,4
single,326,ASPECT,4
single,326,LULC_states,12
single,327,range,4
single,327,primf,4
single,327,secdf,4
single,327,primn,4
single,327,c4per,4
single,327,c4ann,4
single,327,pastr,4
single,327,c3per,4
single,327,secma,4
single,327,secmb,4
single,327,c3ann,4
single,327,secdn,4
single,327,c3nfx,4
single,327,urban,4
single,327,number_of_people,4
single,327,kg_class,4
single,327,weighted_PCT_SAND,2
single,327,weighted_ORGANIC,2
single,327,weighted_PCT_CLAY,2
single,327,elevation,2
single,327,SLOPE,2
single,327,ASPECT,2
single,327,LULC_states,6
single,328,secdf,4
single,328,range,4
single,328,primn,4
single,328,primf,4
single,328,pastr,4
single,328,c4per,4
single,328,c4ann,4
single,328,c3per,4
single,328,urban,4
single,328,secmb,4
single,328,secma,4
single,328,secdn,4
single,328,c3ann,4
single,328,c3nfx,4
single,328,number_of_people,4
single,328,kg_class,4
single,328,weighted_PCT_SAND,2
single,328,weighted_PCT_CLAY,2
single,328,weighted_ORGANIC,2
single,328,SLOPE,2
single,328,elevation,2
single,328,ASPECT,2
single,328,LULC_states,6
single,329,secdf,4
single,329,primn,4
single,329,range,4
single,329,primf,4
single,329,c4per,4
single,329,c4ann,4
single,329,c3per,4
single,329,pastr,4
single,329,secmb,4
single,329,urban,4
single,329,secma,4
single,329,secdn,4
single,329,c3nfx,4
single,329,c3ann,4
single,329,number_of_people,4
single,329,kg_class,4
single,329,weighted_PCT_SAND,2
single,329,weighted_PCT_CLAY,2
single,329,weighted_ORGANIC,2
single,329,elevation,2
single,329,SLOPE,2
single,329,ASPECT,2
single,329,LULC_states,6
single,330,secdf,2
single,330,range,2
single,330,primn,2
single,330,primf,2
single,330,pastr,2
single,330,c4per,2
single,330,c4ann,2
single,330,urban,2
single,330,c3per,2
single,330,secma,2
single,330,secmb,2
single,330,secdn,2
single,330,c3nfx,2
single,330,c3ann,2
single,330,number_of_people,2
single,330,kg_class,2
single,330,weighted_PCT_SAND,1
single,330,weighted_PCT_CLAY,1
single,330,weighted_ORGANIC,1
single,330,SLOPE,1
single,330,elevation,1
single,330,ASPECT,1
single,330,LULC_states,3
single,331,range,4
single,331,primn,4
single,331,secdf,4
single,331,pastr,4
single,331,c4ann,4
single,331,c4per,4
single,331,urban,4
single,331,primf,4
single,331,c3per,4
single,331,secmb,4
single,331,secma,4
single,331,c3nfx,4
single,331,secdn,4
single,331,c3ann,4
single,331,number_of_people,4
single,331,kg_class,4
single,331,weighted_PCT_SAND,2
single,331,weighted_PCT_CLAY,2
single,331,weighted_ORGANIC,2
single,331,SLOPE,2
single,331,elevation,2
single,331,ASPECT,2
single,331,LULC_states,6
single,332,secdf,4
single,332,range,4
single,332,primn,4
single,332,primf,4
single,332,pastr,4
single,332,c4per,4
single,332,c4ann,4
single,332,c3per,4
single,332,urban,4
single,332,secmb,4
single,332,secma,4
single,332,secdn,4
single,332,c3nfx,4
single,332,c3ann,4
single,332,number_of_people,4
single,332,kg_class,4
single,332,weighted_PCT_SAND,2
single,332,weighted_PCT_CLAY,2
single,332,weighted_ORGANIC,2
single,332,SLOPE,2
single,332,elevation,2
single,332,ASPECT,2
single,332,LULC_states,6
single,333,secdf,8
single,333,primf,8
single,333,primn,8
single,333,range,8
single,333,pastr,8
single,333,c3per,8
single,333,c4per,8
single,333,urban,8
single,333,c4ann,8
single,333,secma,8
single,333,secmb,8
single,333,secdn,8
single,333,c3nfx,8
single,333,c3ann,8
single,333,number_of_people,8
single,333,kg_class,8
single,333,weighted_PCT_SAND,4
single,333,weighted_PCT_CLAY,4
single,333,SLOPE,4
single,333,weighted_ORGANIC,4
single,333,ASPECT,4
single,333,elevation,4
single,333,LULC_states,12
single,334,secdf,8
single,334,range,8
single,334,primn,8
single,334,primf,8
single,334,c4per,8
single,334,pastr,8
single,334,c4ann,8
single,334,c3per,8
single,334,urban,8
single,334,secdn,8
single,334,secmb,8
single,334,secma,8
single,334,c3ann,8
single,334,c3nfx,8
single,334,number_of_people,8
single,334,kg_class,8
single,334,weighted_PCT_SAND,4
single,334,weighted_PCT_CLAY,4
single,334,weighted_ORGANIC,4
single,334,SLOPE,4
single,334,elevation,4
single,334,ASPECT,4
single,334,LULC_states,12
single,335,secdf,8
single,335,pastr,8
single,335,range,8
single,335,c4per,8
single,335,c3per,8
single,335,primn,8
single,335,primf,8
single,335,secmb,8
single,335,c4ann,8
single,335,secdn,8
single,335,urban,8
single,335,secma,8
single,335,c3ann,8
single,335,c3nfx,8
single,335,number_of_people,8
single,335,kg_class,8
single,335,weighted_PCT_SAND,4
single,335,weighted_PCT_CLAY,4
single,335,weighted_ORGANIC,4
single,335,SLOPE,4
single,335,elevation,4
single,335,ASPECT,4
single,335,LULC_states,12
single,336,secdf,4
single,336,range,4
single,336,primn,4
single,336,primf,4
single,336,pastr,4
single,336,c4per,4
single,336,c4ann,4
single,336,c3per,4
single,336,urban,4
single,336,secmb,4
single,336,secma,4
single,336,c3nfx,4
single,336,secdn,4
single,336,c3ann,4
single,336,number_of_people,4
single,336,kg_class,4
single,336,weighted_PCT_SAND,2
single,336,weighted_PCT_CLAY,2
single,336,weighted_ORGANIC,2
single,336,SLOPE,2
single,336,elevation,2
single,336,ASPECT,2
single,336,LULC_states,6
single,337,secdf,4
single,337,range,4
single,337,primn,4
single,337,primf,4
single,337,pastr,4
single,337,c4per,4
single,337,c4ann,4
single,337,c3per,4
single,337,urban,4
single,337,secma,4
single,337,secmb,4
single,337,secdn,4
single,337,c3nfx,4
single,337,c3ann,4
single,337,number_of_people,4
single,337,kg_class,4
single,337,weighted_PCT_SAND,2
single,337,weighted_PCT_CLAY,2
single,337,weighted_ORGANIC,2
single,337,SLOPE,2
single,337,elevation,2
single,337,ASPECT,2
single,337,LULC_states,6
single,338,secdf,2
single,338,primn,2
single,338,range,2
single,338,primf,2
single,338,pastr,2
single,338,c4per,2
single,338,c4ann,2
single,338,c3per,2
single,338,urban,2
single,338,secma,2
single,338,secmb,2
single,338,secdn,2
single,338,c3nfx,2
single,338,c3ann,2
single,338,number_of_people,2
single,338,kg_class,2
single,338,weighted_PCT_SAND,1
single,338,weighted_ORGANIC,1
single,338,weighted_PCT_CLAY,1
single,338,SLOPE,1
single,338,elevation,1
single,338,ASPECT,1
single,338,LULC_states,3
single,339,secdf,4
single,339,range,4
single,339,primn,4
single,339,primf,4
single,339,c4per,4
single,339,pastr,4
single,339,c4ann,4
single,339,secma,4
single,339,c3per,4
single,339,urban,4
single,339,secmb,4
single,339,secdn,4
single,339,c3nfx,4
single,339,c3ann,4
single,339,number_of_people,4
single,339,kg_class,4
single,339,weighted_PCT_SAND,2
single,339,weighted_PCT_CLAY,2
single,339,weighted_ORGANIC,2
single,339,SLOPE,2
single,339,elevation,2
single,339,ASPECT,2
single,339,LULC_states,6
single,340,secdf,4
single,340,range,4
single,340,primn,4
single,340,primf,4
single,340,pastr,4
single,340,c4per,4
single,340,c4ann,4
single,340,c3per,4
single,340,urban,4
single,340,secmb,4
single,340,secma,4
single,340,secdn,4
single,340,c3nfx,4
single,340,c3ann,4
single,340,number_of_people,4
single,340,kg_class,4
single,340,weighted_PCT_SAND,2
single,340,weighted_PCT_CLAY,2
single,340,weighted_ORGANIC,2
single,340,SLOPE,2
single,340,elevation,2
single,340,ASPECT,2
single,340,LULC_states,6
single,341,secdf,4
single,341,range,4
single,341,primn,4
single,341,pastr,4
single,341,primf,4
single,341,c4per,4
single,341,c4ann,4
single,341,urban,4
single,341,secmb,4
single,341,c3per,4
single,341,secma,4
single,341,secdn,4
single,341,c3nfx,4
single,341,c3ann,4
single,341,number_of_people,4
single,341,kg_class,4
single,341,weighted_PCT_SAND,2
single,341,weighted_PCT_CLAY,2
single,341,weighted_ORGANIC,2
single,341,SLOPE,2
single,341,elevation,2
single,341,ASPECT,2
single,341,LULC_states,6
single,342,secdf,4
single,342,range,4
single,342,primn,4
single,342,primf,4
single,342,pastr,4
single,342,c4ann,4
single,342,c3per,4
single,342,c4per,4
single,342,urban,4
single,342,secmb,4
single,342,secma,4
single,342,c3nfx,4
single,342,secdn,4
single,342,c3ann,4
single,342,number_of_people,4
single,342,kg_class,4
single,342,weighted_PCT_CLAY,2
single,342,weighted_PCT_SAND,2
single,342,weighted_ORGANIC,2
single,342,SLOPE,2
single,342,ASPECT,2
single,342,elevation,2
single,342,LULC_states,6
single,343,secdf,8
single,343,range,8
single,343,primn,8
single,343,primf,8
single,343,pastr,8
single,343,c4per,8
single,343,c4ann,8
single,343,c3per,8
single,343,urban,8
single,343,secma,8
single,343,secmb,8
single,343,secdn,8
single,343,c3nfx,8
single,343,c3ann,8
single,343,number_of_people,8
single,343,kg_class,8
single,343,weighted_PCT_SAND,4
single,343,weighted_PCT_CLAY,4
single,343,weighted_ORGANIC,4
single,343,SLOPE,4
single,343,elevation,4
single,343,ASPECT,4
single,343,LULC_states,12
single,344,secdf,4
single,344,range,4
single,344,primn,4
single,344,primf,4
single,344,c4per,4
single,344,pastr,4
single,344,c4ann,4
single,344,c3per,4
single,344,secmb,4
single,344,urban,4
single,344,secdn,4
single,344,secma,4
single,344,c3nfx,4
single,344,c3ann,4
single,344,number_of_people,4
single,344,kg_class,4
single,344,weighted_PCT_SAND,2
single,344,weighted_PCT_CLAY,2
single,344,SLOPE,2
single,344,weighted_ORGANIC,2
single,344,elevation,2
single,344,ASPECT,2
single,344,LULC_states,6
single,345,secdf,2
single,345,range,2
single,345,primn,2
single,345,primf,2
single,345,pastr,2
single,345,c4per,2
single,345,c4ann,2
single,345,urban,2
single,345,c3per,2
single,345,secmb,2
single,345,secma,2
single,345,secdn,2
single,345,c3ann,2
single,345,c3nfx,2
single,345,number_of_people,2
single,345,kg_class,2
single,345,weighted_PCT_SAND,1
single,345,weighted_PCT_CLAY,1
single,345,SLOPE,1
single,345,weighted_ORGANIC,1
single,345,elevation,1
single,345,ASPECT,1
single,345,LULC_states,3
single,346,secdf,8
single,346,range,8
single,346,primn,8
single,346,primf,8
single,346,c4ann,8
single,346,pastr,8
single,346,c4per,8
single,346,c3per,8
single,346,secma,8
single,346,secdn,8
single,346,secmb,8
single,346,urban,8
single,346,c3nfx,8
single,346,c3ann,8
single,346,number_of_people,8
single,346,kg_class,8
single,346,weighted_PCT_SAND,4
single,346,weighted_PCT_CLAY,4
single,346,weighted_ORGANIC,4
single,346,SLOPE,4
single,346,ASPECT,4
single,346,elevation,4
single,346,LULC_states,12
single,347,secdf,8
single,347,range,8
single,347,primf,8
single,347,c3per,8
single,347,pastr,8
single,347,c4per,8
single,347,c4ann,8
single,347,primn,8
single,347,urban,8
single,347,secmb,8
single,347,secma,8
single,347,c3ann,8
single,347,secdn,8
single,347,c3nfx,8
single,347,number_of_people,8
single,347,kg_class,8
single,347,weighted_PCT_SAND,4
single,347,weighted_PCT_CLAY,4
single,347,weighted_ORGANIC,4
single,347,SLOPE,4
single,347,elevation,4
single,347,ASPECT,4
single,347,LULC_states,12
single,348,range,4
single,348,pastr,4
single,348,primn,4
single,348,c4per,4
single,348,primf,4
single,348,c4ann,4
single,348,c3per,4
single,348,secmb,4
single,348,c3nfx,4
single,348,secma,4
single,348,secdf,4
single,348,urban,4
single,348,secdn,4
single,348,c3ann,4
single,348,number_of_people,4
single,348,kg_class,4
single,348,weighted_PCT_SAND,2
single,348,weighted_PCT_CLAY,2
single,348,weighted_ORGANIC,2
single,348,SLOPE,2
single,348,elevation,2
single,348,ASPECT,2
single,348,LULC_states,6
single,349,secdf,8
single,349,primn,8
single,349,range,8
single,349,primf,8
single,349,pastr,8
single,349,c4ann,8
single,349,c4per,8
single,349,c3per,8
single,349,urban,8
single,349,secmb,8
single,349,secma,8
single,349,secdn,8
single,349,c3ann,8
single,349,c3nfx,8
single,349,number_of_people,8
single,349,kg_class,8
single,349,weighted_PCT_SAND,4
single,349,weighted_PCT_CLAY,4
single,349,weighted_ORGANIC,4
single,349,SLOPE,4
single,349,elevation,4
single,349,ASPECT,4
single,349,LULC_states,12
single,350,secdf,8
single,350,range,8
single,350,primn,8
single,350,primf,8
single,350,c4per,8
single,350,pastr,8
single,350,c4ann,8
single,350,secma,8
single,350,urban,8
single,350,c3per,8
single,350,secdn,8
single,350,c3nfx,8
single,350,secmb,8
single,350,c3ann,8
single,350,number_of_people,8
single,350,kg_class,8
single,350,weighted_PCT_SAND,4
single,350,weighted_PCT_CLAY,4
single,350,weighted_ORGANIC,4
single,350,SLOPE,4
single,350,elevation,4
single,350,ASPECT,4
single,350,LULC_states,12
single,351,secdf,4
single,351,range,4
single,351,primn,4
single,351,pastr,4
single,351,c4per,4
single,351,primf,4
single,351,c4ann,4
single,351,c3per,4
single,351,urban,4
single,351,secma,4
single,351,secdn,4
single,351,secmb,4
single,351,c3nfx,4
single,351,c3ann,4
single,351,number_of_people,4
single,351,kg_class,4
single,351,weighted_PCT_SAND,2
single,351,weighted_PCT_CLAY,2
single,351,weighted_ORGANIC,2
single,351,SLOPE,2
single,351,elevation,2
single,351,ASPECT,2
single,351,LULC_states,6
single,352,secdf,8
single,352,primn,8
single,352,primf,8
single,352,range,8
single,352,pastr,8
single,352,c4per,8
single,352,c4ann,8
single,352,c3per,8
single,352,secma,8
single,352,urban,8
single,352,secmb,8
single,352,secdn,8
single,352,c3nfx,8
single,352,c3ann,8
single,352,number_of_people,8
single,352,kg_class,8
single,352,weighted_PCT_SAND,4
single,352,weighted_PCT_CLAY,4
single,352,weighted_ORGANIC,4
single,352,SLOPE,4
single,352,ASPECT,4
single,352,elevation,4
single,352,LULC_states,12
single,353,secdf,4
single,353,range,4
single,353,primn,4
single,353,primf,4
single,353,c4per,4
single,353,pastr,4
single,353,c4ann,4
single,353,c3per,4
single,353,secmb,4
single,353,urban,4
single,353,secma,4
single,353,c3nfx,4
single,353,secdn,4
single,353,c3ann,4
single,353,number_of_people,4
single,353,kg_class,4
single,353,weighted_PCT_SAND,2
single,353,weighted_PCT_CLAY,2
single,353,weighted_ORGANIC,2
single,353,elevation,2
single,353,SLOPE,2
single,353,ASPECT,2
single,353,LULC_states,6
single,354,secdf,4
single,354,range,4
single,354,primn,4
single,354,primf,4
single,354,pastr,4
single,354,c4per,4
single,354,c4ann,4
single,354,c3per,4
single,354,urban,4
single,354,secmb,4
single,354,c3nfx,4
single,354,c3ann,4
single,354,secdn,4
single,354,secma,4
single,354,number_of_people,4
single,354,kg_class,4
single,354,weighted_PCT_SAND,2
single,354,weighted_PCT_CLAY,2
single,354,weighted_ORGANIC,2
single,354,SLOPE,2
single,354,elevation,2
single,354,ASPECT,2
single,354,LULC_states,6
single,355,range,4
single,355,secdf,4
single,355,primn,4
single,355,pastr,4
single,355,primf,4
single,355,c4per,4
single,355,c4ann,4
single,355,c3per,4
single,355,secmb,4
single,355,urban,4
single,355,secma,4
single,355,c3nfx,4
single,355,secdn,4
single,355,c3ann,4
single,355,number_of_people,4
single,355,kg_class,4
single,355,weighted_PCT_SAND,2
single,355,weighted_PCT_CLAY,2
single,355,weighted_ORGANIC,2
single,355,SLOPE,2
single,355,elevation,2
single,355,ASPECT,2
single,355,LULC_states,6
single,356,secdf,2
single,356,range,2
single,356,primn,2
single,356,primf,2
single,356,c4per,2
single,356,pastr,2
single,356,c4ann,2
single,356,c3per,2
single,356,urban,2
single,356,secmb,2
single,356,secma,2
single,356,secdn,2
single,356,c3nfx,2
single,356,c3ann,2
single,356,number_of_people,2
single,356,kg_class,2
single,356,weighted_PCT_SAND,1
single,356,weighted_PCT_CLAY,1
single,356,weighted_ORGANIC,1
single,356,elevation,1
single,356,ASPECT,1
single,356,SLOPE,1
single,356,LULC_states,3
single,357,secdf,4
single,357,range,4
single,357,primn,4
single,357,primf,4
single,357,pastr,4
single,357,c4per,4
single,357,c4ann,4
single,357,c3per,4
single,357,urban,4
single,357,secmb,4
single,357,secdn,4
single,357,secma,4
single,357,c3nfx,4
single,357,c3ann,4
single,357,number_of_people,4
single,357,kg_class,4
single,357,weighted_PCT_SAND,2
single,357,weighted_PCT_CLAY,2
single,357,weighted_ORGANIC,2
single,357,SLOPE,2
single,357,elevation,2
single,357,ASPECT,2
single,357,LULC_states,6
single,358,secdf,2
single,358,range,2
single,358,primn,2
single,358,primf,2
single,358,pastr,2
single,358,c4per,2
single,358,c4ann,2
single,358,c3per,2
single,358,secmb,2
single,358,urban,2
single,358,secma,2
single,358,secdn,2
single,358,c3nfx,2
single,358,c3ann,2
single,358,number_of_people,2
single,358,kg_class,2
single,358,weighted_PCT_SAND,1
single,358,weighted_PCT_CLAY,1
single,358,weighted_ORGANIC,1
single,358,SLOPE,1
single,358,elevation,1
single,358,ASPECT,1
single,358,LULC_states,3
single,359,secdf,8
single,359,range,8
single,359,primn,8
single,359,primf,8
single,359,pastr,8
single,359,c4per,8
single,359,c4ann,8
single,359,urban,8
single,359,secmb,8
single,359,secma,8
single,359,c3per,8
single,359,secdn,8
single,359,c3nfx,8
single,359,c3ann,8
single,359,number_of_people,8
single,359,kg_class,8
single,359,weighted_PCT_SAND,4
single,359,weighted_PCT_CLAY,4
single,359,weighted_ORGANIC,4
single,359,SLOPE,4
single,359,elevation,4
single,359,ASPECT,4
single,359,LULC_states,12
single,360,primn,2
single,360,range,2
single,360,pastr,2
single,360,secdf,2
single,360,c4per,2
single,360,primf,2
single,360,c4ann,2
single,360,secmb,2
single,360,c3per,2
single,360,urban,2
single,360,secma,2
single,360,secdn,2
single,360,c3nfx,2
single,360,c3ann,2
single,360,number_of_people,2
single,360,kg_class,2
single,360,weighted_PCT_SAND,1
single,360,weighted_PCT_CLAY,1
single,360,weighted_ORGANIC,1
single,360,SLOPE,1
single,360,ASPECT,1
single,360,elevation,1
single,360,LULC_states,3
single,361,secdf,4
single,361,range,4
single,361,primn,4
single,361,primf,4
single,361,pastr,4
single,361,c4per,4
single,361,c4ann,4
single,361,c3per,4
single,361,urban,4
single,361,secma,4
single,361,secmb,4
single,361,secdn,4
single,361,c3ann,4
single,361,c3nfx,4
single,361,number_of_people,4
single,361,kg_class,4
single,361,weighted_PCT_SAND,2
single,361,weighted_PCT_CLAY,2
single,361,SLOPE,2
single,361,weighted_ORGANIC,2
single,361,elevation,2
single,361,ASPECT,2
single,361,LULC_states,6
single,362,secdf,4
single,362,range,4
single,362,primn,4
single,362,primf,4
single,362,pastr,4
single,362,c4per,4
single,362,c4ann,4
single,362,c3per,4
single,362,urban,4
single,362,secmb,4
single,362,secma,4
single,362,secdn,4
single,362,c3nfx,4
single,362,c3ann,4
single,362,number_of_people,4
single,362,kg_class,4
single,362,weighted_PCT_SAND,2
single,362,weighted_PCT_CLAY,2
single,362,weighted_ORGANIC,2
single,362,SLOPE,2
single,362,ASPECT,2
single,362,elevation,2
single,362,LULC_states,6
single,363,secdf,8
single,363,range,8
single,363,primn,8
single,363,primf,8
single,363,pastr,8
single,363,c4per,8
single,363,c4ann,8
single,363,urban,8
single,363,secma,8
single,363,secdn,8
single,363,secmb,8
single,363,c3nfx,8
single,363,c3ann,8
single,363,c3per,8
single,363,number_of_people,8
single,363,kg_class,8
single,363,weighted_PCT_SAND,4
single,363,weighted_PCT_CLAY,4
single,363,weighted_ORGANIC,4
single,363,elevation,4
single,363,ASPECT,4
single,363,SLOPE,4
single,363,LULC_states,12
single,364,range,4
single,364,primn,4
single,364,primf,4
single,364,secdf,4
single,364,pastr,4
single,364,c4ann,4
single,364,c4per,4
single,364,c3per,4
single,364,urban,4
single,364,secmb,4
single,364,secma,4
single,364,secdn,4
single,364,c3nfx,4
single,364,c3ann,4
single,364,number_of_people,4
single,364,kg_class,4
single,364,weighted_PCT_SAND,2
single,364,weighted_PCT_CLAY,2
single,364,weighted_ORGANIC,2
single,364,SLOPE,2
single,364,elevation,2
single,364,ASPECT,2
single,364,LULC_states,6
single,365,secdf,8
single,365,primn,8
single,365,range,8
single,365,primf,8
single,365,pastr,8
single,365,c4per,8
single,365,c4ann,8
single,365,c3per,8
single,365,urban,8
single,365,secmb,8
single,365,secma,8
single,365,secdn,8
single,365,c3nfx,8
single,365,c3ann,8
single,365,number_of_people,8
single,365,kg_class,8
single,365,weighted_PCT_SAND,4
single,365,weighted_PCT_CLAY,4
single,365,SLOPE,4
single,365,weighted_ORGANIC,4
single,365,elevation,4
single,365,ASPECT,4
single,365,LULC_states,12
single,366,secdf,2
single,366,primn,2
single,366,range,2
single,366,primf,2
single,366,pastr,2
single,366,c4per,2
single,366,c4ann,2
single,366,c3per,2
single,366,urban,2
single,366,secmb,2
single,366,secdn,2
single,366,c3nfx,2
single,366,c3ann,2
single,366,secma,2
single,366,number_of_people,2
single,366,kg_class,2
single,366,weighted_PCT_SAND,1
single,366,weighted_PCT_CLAY,1
single,366,weighted_ORGANIC,1
single,366,SLOPE,1
single,366,elevation,1
single,366,ASPECT,1
single,366,LULC_states,3
single,367,range,4
single,367,secdf,4
single,367,primn,4
single,367,primf,4
single,367,c4per,4
single,367,pastr,4
single,367,c4ann,4
single,367,c3per,4
single,367,urban,4
single,367,secmb,4
single,367,secma,4
single,367,secdn,4
single,367,c3nfx,4
single,367,c3ann,4
single,367,number_of_people,4
single,367,kg_class,4
single,367,weighted_PCT_SAND,2
single,367,weighted_ORGANIC,2
single,367,weighted_PCT_CLAY,2
single,367,SLOPE,2
single,367,elevation,2
single,367,ASPECT,2
single,367,LULC_states,6
single,368,range,8
single,368,secdf,8
single,368,primn,8
single,368,primf,8
single,368,pastr,8
single,368,c4per,8
single,368,c3per,8
single,368,c4ann,8
single,368,urban,8
single,368,secma,8
single,368,secmb,8
single,368,secdn,8
single,368,c3ann,8
single,368,c3nfx,8
single,368,number_of_people,8
single,368,kg_class,8
single,368,weighted_PCT_SAND,4
single,368,weighted_PCT_CLAY,4
single,368,weighted_ORGANIC,4
single,368,SLOPE,4
single,368,elevation,4
single,368,ASPECT,4
single,368,LULC_states,12
single,369,secdf,4
single,369,range,4
single,369,primn,4
single,369,primf,4
single,369,pastr,4
single,369,c4ann,4
single,369,c4per,4
single,369,c3per,4
single,369,secmb,4
single,369,secma,4
single,369,secdn,4
single,369,urban,4
single,369,c3nfx,4
single,369,c3ann,4
single,369,number_of_people,4
single,369,kg_class,4
single,369,weighted_PCT_SAND,2
single,369,weighted_PCT_CLAY,2
single,369,weighted_ORGANIC,2
single,369,SLOPE,2
single,369,elevation,2
single,369,ASPECT,2
single,369,LULC_states,6
single,370,secdf,4
single,370,range,4
single,370,primn,4
single,370,primf,4
single,370,pastr,4
single,370,c4per,4
single,370,c4ann,4
single,370,c3per,4
single,370,urban,4
single,370,secmb,4
single,370,secma,4
single,370,secdn,4
single,370,c3nfx,4
single,370,c3ann,4
single,370,number_of_people,4
single,370,kg_class,4
single,370,weighted_PCT_SAND,2
single,370,weighted_PCT_CLAY,2
single,370,weighted_ORGANIC,2
single,370,elevation,2
single,370,SLOPE,2
single,370,ASPECT,2
single,370,LULC_states,6
single,371,secdf,4
single,371,range,4
single,371,primn,4
single,371,primf,4
single,371,c4per,4
single,371,pastr,4
single,371,c4ann,4
single,371,c3per,4
single,371,urban,4
single,371,secmb,4
single,371,secma,4
single,371,secdn,4
single,371,c3nfx,4
single,371,c3ann,4
single,371,number_of_people,4
single,371,kg_class,4
single,371,weighted_PCT_SAND,2
single,371,weighted_PCT_CLAY,2
single,371,weighted_ORGANIC,2
single,371,SLOPE,2
single,371,elevation,2
single,371,ASPECT,2
single,371,LULC_states,6
single,372,secdf,2
single,372,primn,2
single,372,range,2
single,372,primf,2
single,372,pastr,2
single,372,c4per,2
single,372,c4ann,2
single,372,c3per,2
single,372,urban,2
single,372,secmb,2
single,372,secma,2
single,372,secdn,2
single,372,c3nfx,2
single,372,c3ann,2
single,372,number_of_people,2
single,372,kg_class,2
single,372,weighted_PCT_CLAY,1
single,372,weighted_PCT_SAND,1
single,372,weighted_ORGANIC,1
single,372,SLOPE,1
single,372,elevation,1
single,372,ASPECT,1
single,372,LULC_states,3
single,373,secdf,4
single,373,range,4
single,373,primn,4
single,373,primf,4
single,373,pastr,4
single,373,c4per,4
single,373,c4ann,4
single,373,c3per,4
single,373,urban,4
single,373,secmb,4
single,373,secma,4
single,373,secdn,4
single,373,c3nfx,4
single,373,c3ann,4
single,373,number_of_people,4
single,373,kg_class,4
single,373,weighted_PCT_SAND,2
single,373,weighted_PCT_CLAY,2
single,373,weighted_ORGANIC,2
single,373,SLOPE,2
single,373,elevation,2
single,373,ASPECT,2
single,373,LULC_states,6
single,374,secdf,8
single,374,range,8
single,374,primn,8
single,374,primf,8
single,374,pastr,8
single,374,c4per,8
single,374,c4ann,8
single,374,c3per,8
single,374,urban,8
single,374,secmb,8
single,374,secma,8
single,374,secdn,8
single,374,c3nfx,8
single,374,c3ann,8
single,374,number_of_people,8
single,374,kg_class,8
single,374,weighted_PCT_SAND,4
single,374,weighted_PCT_CLAY,4
single,374,weighted_ORGANIC,4
single,374,SLOPE,4
single,374,elevation,4
single,374,ASPECT,4
single,374,LULC_states,12
single,375,range,2
single,375,secdf,2
single,375,primn,2
single,375,primf,2
single,375,c3per,2
single,375,pastr,2
single,375,urban,2
single,375,c4ann,2
single,375,secma,2
single,375,secmb,2
single,375,c3nfx,2
single,375,c4per,2
single,375,secdn,2
single,375,c3ann,2
single,375,number_of_people,2
single,375,kg_class,2
single,375,weighted_PCT_SAND,1
single,375,weighted_PCT_CLAY,1
single,375,weighted_ORGANIC,1
single,375,SLOPE,1
single,375,elevation,1
single,375,ASPECT,1
single,375,LULC_states,3
single,376,primn,8
single,376,secdf,8
single,376,range,8
single,376,primf,8
single,376,c4per,8
single,376,pastr,8
single,376,c4ann,8
single,376,c3per,8
single,376,urban,8
single,376,secmb,8
single,376,secma,8
single,376,secdn,8
single,376,c3nfx,8
single,376,c3ann,8
single,376,number_of_people,8
single,376,kg_class,8
single,376,weighted_PCT_SAND,4
single,376,weighted_PCT_CLAY,4
single,376,weighted_ORGANIC,4
single,376,elevation,4
single,376,ASPECT,4
single,376,SLOPE,4
single,376,LULC_states,12
single,377,range,4
single,377,secdf,4
single,377,pastr,4
single,377,primf,4
single,377,primn,4
single,377,c4ann,4
single,377,c4per,4
single,377,c3per,4
single,377,urban,4
single,377,secmb,4
single,377,secdn,4
single,377,secma,4
single,377,c3nfx,4
single,377,c3ann,4
single,377,number_of_people,4
single,377,kg_class,4
single,377,weighted_PCT_SAND,2
single,377,weighted_PCT_CLAY,2
single,377,weighted_ORGANIC,2
single,377,SLOPE,2
single,377,ASPECT,2
single,377,elevation,2
single,377,LULC_states,6
single,378,secdf,4
single,378,range,4
single,378,primn,4
single,378,primf,4
single,378,c4per,4
single,378,pastr,4
single,378,c4ann,4
single,378,c3per,4
single,378,urban,4
single,378,secmb,4
single,378,secma,4
single,378,secdn,4
single,378,c3nfx,4
single,378,c3ann,4
single,378,number_of_people,4
single,378,kg_class,4
single,378,weighted_PCT_SAND,2
single,378,weighted_PCT_CLAY,2
single,378,weighted_ORGANIC,2
single,378,SLOPE,2
single,378,ASPECT,2
single,378,elevation,2
single,378,LULC_states,6
single,379,secdf,4
single,379,primn,4
single,379,range,4
single,379,primf,4
single,379,pastr,4
single,379,c4per,4
single,379,c4ann,4
single,379,urban,4
single,379,secmb,4
single,379,c3per,4
single,379,secdn,4
single,379,secma,4
single,379,c3nfx,4
single,379,c3ann,4
single,379,number_of_people,4
single,379,kg_class,4
single,379,weighted_PCT_SAND,2
single,379,weighted_PCT_CLAY,2
single,379,weighted_ORGANIC,2
single,379,SLOPE,2
single,379,ASPECT,2
single,379,elevation,2
single,379,LULC_states,6
single,380,secdf,4
single,380,range,4
single,380,primn,4
single,380,primf,4
single,380,pastr,4
single,380,c4per,4
single,380,c4ann,4
single,380,c3per,4
single,380,urban,4
single,380,secmb,4
single,380,secma,4
single,380,secdn,4
single,380,c3nfx,4
single,380,c3ann,4
single,380,number_of_people,4
single,380,kg_class,4
single,380,weighted_PCT_SAND,2
single,380,weighted_PCT_CLAY,2
single,380,weighted_ORGANIC,2
single,380,SLOPE,2
single,380,elevation,2
single,380,ASPECT,2
single,380,LULC_states,6
single,381,secdf,8
single,381,range,8
single,381,primn,8
single,381,primf,8
single,381,pastr,8
single,381,c4per,8
single,381,c4ann,8
single,381,urban,8
single,381,c3per,8
single,381,secmb,8
single,381,secma,8
single,381,secdn,8
single,381,c3nfx,8
single,381,c3ann,8
single,381,number_of_people,8
single,381,kg_class,8
single,381,weighted_PCT_SAND,4
single,381,weighted_PCT_CLAY,4
single,381,weighted_ORGANIC,4
single,381,elevation,4
single,381,SLOPE,4
single,381,ASPECT,4
single,381,LULC_states,12
single,382,secdf,8
single,382,range,8
single,382,primn,8
single,382,primf,8
single,382,pastr,8
single,382,c4ann,8
single,382,c4per,8
single,382,c3per,8
single,382,urban,8
single,382,secmb,8
single,382,secma,8
single,382,c3nfx,8
single,382,secdn,8
single,382,c3ann,8
single,382,number_of_people,8
single,382,kg_class,8
single,382,weighted_PCT_SAND,4
single,382,weighted_PCT_CLAY,4
single,382,weighted_ORGANIC,4
single,382,SLOPE,4
single,382,ASPECT,4
single,382,elevation,4
single,382,LULC_states,12
single,383,secdf,8
single,383,range,8
single,383,primn,8
single,383,primf,8
single,383,pastr,8
single,383,c4per,8
single,383,c4ann,8
single,383,urban,8
single,383,c3per,8
single,383,secmb,8
single,383,secma,8
single,383,secdn,8
single,383,c3ann,8
single,383,c3nfx,8
single,383,number_of_people,8
single,383,kg_class,8
single,383,weighted_PCT_SAND,4
single,383,weighted_PCT_CLAY,4
single,383,weighted_ORGANIC,4
single,383,SLOPE,4
single,383,elevation,4
single,383,ASPECT,4
single,383,LULC_states,12
single,384,secdf,4
single,384,range,4
single,384,primn,4
single,384,primf,4
single,384,pastr,4
single,384,c4ann,4
single,384,c4per,4
single,384,c3per,4
single,384,urban,4
single,384,secmb,4
single,384,secma,4
single,384,secdn,4
single,384,c3nfx,4
single,384,c3ann,4
single,384,number_of_people,4
single,384,kg_class,4
single,384,weighted_PCT_SAND,2
single,384,weighted_PCT_CLAY,2
single,384,weighted_ORGANIC,2
single,384,elevation,2
single,384,SLOPE,2
single,384,ASPECT,2
single,384,LULC_states,6
single,385,secdf,4
single,385,primn,4
single,385,range,4
single,385,primf,4
single,385,c4per,4
single,385,c4ann,4
single,385,pastr,4
single,385,c3per,4
single,385,urban,4
single,385,secma,4
single,385,secmb,4
single,385,secdn,4
single,385,c3nfx,4
single,385,c3ann,4
single,385,number_of_people,4
single,385,kg_class,4
single,385,weighted_PCT_SAND,2
single,385,weighted_PCT_CLAY,2
single,385,SLOPE,2
single,385,elevation,2
single,385,weighted_ORGANIC,2
single,385,ASPECT,2
single,385,LULC_states,6
single,386,secdf,4
single,386,range,4
single,386,primn,4
single,386,primf,4
single,386,pastr,4
single,386,c4per,4
single,386,c4ann,4
single,386,c3per,4
single,386,secmb,4
single,386,urban,4
single,386,secdn,4
single,386,secma,4
single,386,c3nfx,4
single,386,c3ann,4
single,386,number_of_people,4
single,386,kg_class,4
single,386,weighted_PCT_SAND,2
single,386,weighted_PCT_CLAY,2
single,386,weighted_ORGANIC,2
single,386,SLOPE,2
single,386,elevation,2
single,386,ASPECT,2
single,386,LULC_states,6
single,387,primn,2
single,387,range,2
single,387,secdf,2
single,387,primf,2
single,387,pastr,2
single,387,c4per,2
single,387,c4ann,2
single,387,c3per,2
single,387,secmb,2
single,387,urban,2
single,387,secma,2
single,387,secdn,2
single,387,c3nfx,2
single,387,c3ann,2
single,387,number_of_people,2
single,387,kg_class,2
single,387,weighted_PCT_SAND,1
single,387,weighted_PCT_CLAY,1
single,387,weighted_ORGANIC,1
single,387,SLOPE,1
single,387,elevation,1
single,387,ASPECT,1
single,387,LULC_states,3
single,388,secdf,4
single,388,range,4
single,388,primn,4
single,388,pastr,4
single,388,primf,4
single,388,c4per,4
single,388,c4ann,4
single,388,c3per,4
single,388,urban,4
single,388,secmb,4
single,388,secdn,4
single,388,c3nfx,4
single,388,c3ann,4
single,388,secma,4
single,388,number_of_people,4
single,388,kg_class,4
single,388,weighted_PCT_SAND,2
single,388,weighted_ORGANIC,2
single,388,weighted_PCT_CLAY,2
single,388,elevation,2
single,388,SLOPE,2
single,388,ASPECT,2
single,388,LULC_states,6
single,389,secdf,8
single,389,range,8
single,389,primn,8
single,389,primf,8
single,389,pastr,8
single,389,c4per,8
single,389,c4ann,8
single,389,c3per,8
single,389,urban,8
single,389,secmb,8
single,389,secdn,8
single,389,secma,8
single,389,c3nfx,8
single,389,c3ann,8
single,389,number_of_people,8
single,389,kg_class,8
single,389,weighted_PCT_SAND,4
single,389,weighted_PCT_CLAY,4
single,389,weighted_ORGANIC,4
single,389,SLOPE,4
single,389,elevation,4
single,389,ASPECT,4
single,389,LULC_states,12
single,390,secdf,8
single,390,range,8
single,390,primn,8
single,390,c4per,8
single,390,primf,8
single,390,pastr,8
single,390,c4ann,8
single,390,c3per,8
single,390,secmb,8
single,390,urban,8
single,390,secma,8
single,390,secdn,8
single,390,c3nfx,8
single,390,c3ann,8
single,390,number_of_people,8
single,390,kg_class,8
single,390,weighted_PCT_SAND,4
single,390,weighted_PCT_CLAY,4
single,390,weighted_ORGANIC,4
single,390,SLOPE,4
single,390,elevation,4
single,390,ASPECT,4
single,390,LULC_states,12
single,391,secdf,4
single,391,primn,4
single,391,range,4
single,391,primf,4
single,391,pastr,4
single,391,c4ann,4
single,391,c4per,4
single,391,c3per,4
single,391,urban,4
single,391,secmb,4
single,391,secma,4
single,391,c3nfx,4
single,391,secdn,4
single,391,c3ann,4
single,391,number_of_people,4
single,391,kg_class,4
single,391,weighted_PCT_SAND,2
single,391,weighted_PCT_CLAY,2
single,391,weighted_ORGANIC,2
single,391,SLOPE,2
single,391,ASPECT,2
single,391,elevation,2
single,391,LULC_states,6
single,392,secdf,4
single,392,range,4
single,392,primn,4
single,392,primf,4
single,392,pastr,4
single,392,c4per,4
single,392,c4ann,4
single,392,urban,4
single,392,c3per,4
single,392,secmb,4
single,392,secma,4
single,392,secdn,4
single,392,c3nfx,4
single,392,c3ann,4
single,392,number_of_people,4
single,392,kg_class,4
single,392,weighted_PCT_SAND,2
single,392,weighted_PCT_CLAY,2
single,392,weighted_ORGANIC,2
single,392,elevation,2
single,392,SLOPE,2
single,392,ASPECT,2
single,392,LULC_states,6
single,393,secdf,4
single,393,range,4
single,393,primn,4
single,393,primf,4
single,393,pastr,4
single,393,c4per,4
single,393,c4ann,4
single,393,c3per,4
single,393,secmb,4
single,393,secma,4
single,393,secdn,4
single,393,c3nfx,4
single,393,urban,4
single,393,c3ann,4
single,393,number_of_people,4
single,393,kg_class,4
single,393,weighted_PCT_SAND,2
single,393,weighted_PCT_CLAY,2
single,393,weighted_ORGANIC,2
single,393,SLOPE,2
single,393,elevation,2
single,393,ASPECT,2
single,393,LULC_states,6
single,394,secdf,8
single,394,range,8
single,394,primn,8
single,394,c4per,8
single,394,pastr,8
single,394,c4ann,8
single,394,primf,8
single,394,c3per,8
single,394,urban,8
single,394,secmb,8
single,394,secma,8
single,394,c3nfx,8
single,394,secdn,8
single,394,c3ann,8
single,394,number_of_people,8
single,394,kg_class,8
single,394,weighted_PCT_SAND,4
single,394,weighted_PCT_CLAY,4
single,394,weighted_ORGANIC,4
single,394,SLOPE,4
single,394,ASPECT,4
single,394,elevation,4
single,394,LULC_states,12
single,395,secdf,4
single,395,range,4
single,395,primf,4
single,395,primn,4
single,395,pastr,4
single,395,c4per,4
single,395,c4ann,4
single,395,c3per,4
single,395,urban,4
single,395,secmb,4
single,395,secma,4
single,395,secdn,4
single,395,c3nfx,4
single,395,c3ann,4
single,395,number_of_people,4
single,395,kg_class,4
single,395,weighted_PCT_SAND,2
single,395,weighted_PCT_CLAY,2
single,395,weighted_ORGANIC,2
single,395,SLOPE,2
single,395,elevation,2
single,395,ASPECT,2
single,395,LULC_states,6
single,396,secdf,4
single,396,range,4
single,396,primn,4
single,396,pastr,4
single,396,primf,4
single,396,c4per,4
single,396,c3per,4
single,396,c4ann,4
single,396,urban,4
single,396,secmb,4
single,396,secdn,4
single,396,secma,4
single,396,c3nfx,4
single,396,c3ann,4
single,396,number_of_people,4
single,396,kg_class,4
single,396,weighted_PCT_SAND,2
single,396,weighted_PCT_CLAY,2
single,396,weighted_ORGANIC,2
single,396,SLOPE,2
single,396,elevation,2
single,396,ASPECT,2
single,396,LULC_states,6
single,397,secdf,4
single,397,range,4
single,397,primn,4
single,397,primf,4
single,397,pastr,4
single,397,c4per,4
single,397,c4ann,4
single,397,c3per,4
single,397,urban,4
single,397,secmb,4
single,397,secma,4
single,397,secdn,4
single,397,c3nfx,4
single,397,c3ann,4
single,397,number_of_people,4
single,397,kg_class,4
single,397,weighted_PCT_SAND,2
single,397,weighted_ORGANIC,2
single,397,SLOPE,2
single,397,weighted_PCT_CLAY,2
single,397,elevation,2
single,397,ASPECT,2
single,397,LULC_states,6
single,398,secdf,4
single,398,range,4
single,398,primn,4
single,398,primf,4
single,398,pastr,4
single,398,c4per,4
single,398,c4ann,4
single,398,c3per,4
single,398,secmb,4
single,398,urban,4
single,398,secma,4
single,398,c3nfx,4
single,398,secdn,4
single,398,c3ann,4
single,398,number_of_people,4
single,398,kg_class,4
single,398,weighted_PCT_SAND,2
single,398,weighted_PCT_CLAY,2
single,398,weighted_ORGANIC,2
single,398,SLOPE,2
single,398,elevation,2
single,398,ASPECT,2
single,398,LULC_states,6
single,399,secdf,8
single,399,primn,8
single,399,range,8
single,399,primf,8
single,399,pastr,8
single,399,c4per,8
single,399,c4ann,8
single,399,c3per,8
single,399,urban,8
single,399,secmb,8
single,399,secdn,8
single,399,secma,8
single,399,c3ann,8
single,399,c3nfx,8
single,399,number_of_people,8
single,399,kg_class,8
single,399,weighted_PCT_SAND,4
single,399,weighted_ORGANIC,4
single,399,weighted_PCT_CLAY,4
single,399,SLOPE,4
single,399,elevation,4
single,399,ASPECT,4
single,399,LULC_states,12
single,400,secdf,8
single,400,range,8
single,400,primn,8
single,400,primf,8
single,400,pastr,8
single,400,c4per,8
single,400,c4ann,8
single,400,c3per,8
single,400,urban,8
single,400,secma,8
single,400,secmb,8
single,400,secdn,8
single,400,c3nfx,8
single,400,c3ann,8
single,400,number_of_people,8
single,400,kg_class,8
single,400,weighted_PCT_CLAY,4
single,400,weighted_PCT_SAND,4
single,400,weighted_ORGANIC,4
single,400,SLOPE,4
single,400,elevation,4
single,400,ASPECT,4
single,400,LULC_states,12
single,401,secdf,4
single,401,range,4
single,401,primn,4
single,401,pastr,4
single,401,primf,4
single,401,c4per,4
single,401,c4ann,4
single,401,c3per,4
single,401,urban,4
single,401,secmb,4
single,401,secma,4
single,401,c3nfx,4
single,401,secdn,4
single,401,c3ann,4
single,401,number_of_people,4
single,401,kg_class,4
single,401,weighted_PCT_SAND,2
single,401,weighted_PCT_CLAY,2
single,401,weighted_ORGANIC,2
single,401,SLOPE,2
single,401,elevation,2
single,401,ASPECT,2
single,401,LULC_states,6
single,402,range,4
single,402,primn,4
single,402,secdf,4
single,402,primf,4
single,402,c4per,4
single,402,pastr,4
single,402,c4ann,4
single,402,urban,4
single,402,c3per,4
single,402,secma,4
single,402,secmb,4
single,402,secdn,4
single,402,c3nfx,4
single,402,c3ann,4
single,402,number_of_people,4
single,402,kg_class,4
single,402,weighted_PCT_SAND,2
single,402,weighted_PCT_CLAY,2
single,402,weighted_ORGANIC,2
single,402,SLOPE,2
single,402,elevation,2
single,402,ASPECT,2
single,402,LULC_states,6
single,403,primn,8
single,403,secdf,8
single,403,range,8
single,403,primf,8
single,403,pastr,8
single,403,c4per,8
single,403,c4ann,8
single,403,c3per,8
single,403,urban,8
single,403,secma,8
single,403,secmb,8
single,403,secdn,8
single,403,c3nfx,8
single,403,c3ann,8
single,403,number_of_people,8
single,403,kg_class,8
single,403,weighted_PCT_SAND,4
single,403,weighted_PCT_CLAY,4
single,403,weighted_ORGANIC,4
single,403,SLOPE,4
single,403,elevation,4
single,403,ASPECT,4
single,403,LULC_states,12
single,404,secdf,4
single,404,range,4
single,404,primn,4
single,404,primf,4
single,404,pastr,4
single,404,c4per,4
single,404,c3per,4
single,404,urban,4
single,404,c4ann,4
single,404,secmb,4
single,404,secma,4
single,404,secdn,4
single,404,c3nfx,4
single,404,c3ann,4
single,404,number_of_people,4
single,404,kg_class,4
single,404,weighted_PCT_SAND,2
single,404,weighted_PCT_CLAY,2
single,404,weighted_ORGANIC,2
single,404,SLOPE,2
single,404,elevation,2
single,404,ASPECT,2
single,404,LULC_states,6
single,405,secdf,8
single,405,range,8
single,405,primn,8
single,405,primf,8
single,405,pastr,8
single,405,c4ann,8
single,405,c4per,8
single,405,c3per,8
single,405,urban,8
single,405,secmb,8
single,405,secma,8
single,405,c3nfx,8
single,405,c3ann,8
single,405,secdn,8
single,405,number_of_people,8
single,405,kg_class,8
single,405,weighted_PCT_SAND,4
single,405,weighted_PCT_CLAY,4
single,405,weighted_ORGANIC,4
single,405,SLOPE,4
single,405,elevation,4
single,405,ASPECT,4
single,405,LULC_states,12
single,406,secdf,2
single,406,range,2
single,406,primn,2
single,406,primf,2
single,406,pastr,2
single,406,c4per,2
single,406,c4ann,2
single,406,urban,2
single,406,c3per,2
single,406,secmb,2
single,406,secma,2
single,406,secdn,2
single,406,c3nfx,2
single,406,c3ann,2
single,406,number_of_people,2
single,406,kg_class,2
single,406,weighted_PCT_CLAY,1
single,406,weighted_PCT_SAND,1
single,406,weighted_ORGANIC,1
single,406,elevation,1
single,406,SLOPE,1
single,406,ASPECT,1
single,406,LULC_states,3
single,407,secdf,2
single,407,range,2
single,407,primf,2
single,407,primn,2
single,407,c4per,2
single,407,pastr,2
single,407,c4ann,2
single,407,c3per,2
single,407,urban,2
single,407,secmb,2
single,407,secma,2
single,407,secdn,2
single,407,c3nfx,2
single,407,c3ann,2
single,407,number_of_people,2
single,407,kg_class,2
single,407,weighted_PCT_SAND,1
single,407,weighted_PCT_CLAY,1
single,407,weighted_ORGANIC,1
single,407,SLOPE,1
single,407,elevation,1
single,407,ASPECT,1
single,407,LULC_states,3
single,408,secdf,4
single,408,range,4
single,408,primn,4
single,408,primf,4
single,408,pastr,4
single,408,c4ann,4
single,408,c3per,4
single,408,c4per,4
single,408,urban,4
single,408,secmb,4
single,408,secma,4
single,408,secdn,4
single,408,c3nfx,4
single,408,c3ann,4
single,408,number_of_people,4
single,408,kg_class,4
single,408,weighted_PCT_SAND,2
single,408,weighted_PCT_CLAY,2
single,408,weighted_ORGANIC,2
single,408,SLOPE,2
single,408,ASPECT,2
single,408,elevation,2
single,408,LULC_states,6
single,409,secdf,8
single,409,primn,8
single,409,primf,8
single,409,pastr,8
single,409,c4per,8
single,409,range,8
single,409,c4ann,8
single,409,c3per,8
single,409,secmb,8
single,409,secma,8
single,409,urban,8
single,409,c3nfx,8
single,409,secdn,8
single,409,c3ann,8
single,409,number_of_people,8
single,409,kg_class,8
single,409,weighted_PCT_SAND,4
single,409,weighted_PCT_CLAY,4
single,409,weighted_ORGANIC,4
single,409,SLOPE,4
single,409,elevation,4
single,409,ASPECT,4
single,409,LULC_states,12
single,410,secdf,8
single,410,range,8
single,410,primn,8
single,410,primf,8
single,410,pastr,8
single,410,c4per,8
single,410,c4ann,8
single,410,c3per,8
single,410,urban,8
single,410,secmb,8
single,410,secma,8
single,410,secdn,8
single,410,c3nfx,8
single,410,c3ann,8
single,410,number_of_people,8
single,410,kg_class,8
single,410,weighted_PCT_SAND,4
single,410,weighted_PCT_CLAY,4
single,410,weighted_ORGANIC,4
single,410,SLOPE,4
single,410,elevation,4
single,410,ASPECT,4
single,410,LULC_states,12
single,411,secdf,4
single,411,range,4
single,411,primn,4
single,411,pastr,4
single,411,primf,4
single,411,c4ann,4
single,411,c3per,4
single,411,c4per,4
single,411,urban,4
single,411,secma,4
single,411,secmb,4
single,411,c3nfx,4
single,411,secdn,4
single,411,c3ann,4
single,411,number_of_people,4
single,411,kg_class,4
single,411,weighted_PCT_SAND,2
single,411,weighted_PCT_CLAY,2
single,411,weighted_ORGANIC,2
single,411,SLOPE,2
single,411,elevation,2
single,411,ASPECT,2
single,411,LULC_states,6
single,412,secdf,8
single,412,range,8
single,412,primn,8
single,412,primf,8
single,412,c4per,8
single,412,pastr,8
single,412,c4ann,8
single,412,c3per,8
single,412,secma,8
single,412,secmb,8
single,412,urban,8
single,412,c3nfx,8
single,412,c3ann,8
single,412,secdn,8
single,412,number_of_people,8
single,412,kg_class,8
single,412,weighted_PCT_SAND,4
single,412,weighted_PCT_CLAY,4
single,412,weighted_ORGANIC,4
single,412,SLOPE,4
single,412,elevation,4
single,412,ASPECT,4
single,412,LULC_states,12
single,413,secdf,4
single,413,range,4
single,413,primn,4
single,413,primf,4
single,413,pastr,4
single,413,c4per,4
single,413,c3per,4
single,413,c4ann,4
single,413,urban,4
single,413,secma,4
single,413,secmb,4
single,413,c3nfx,4
single,413,secdn,4
single,413,c3ann,4
single,413,number_of_people,4
single,413,kg_class,4
single,413,weighted_PCT_SAND,2
single,413,weighted_PCT_CLAY,2
single,413,weighted_ORGANIC,2
single,413,SLOPE,2
single,413,ASPECT,2
single,413,elevation,2
single,413,LULC_states,6
single,414,secdf,2
single,414,primn,2
single,414,primf,2
single,414,range,2
single,414,c4per,2
single,414,c4ann,2
single,414,pastr,2
single,414,c3per,2
single,414,urban,2
single,414,secmb,2
single,414,c3nfx,2
single,414,c3ann,2
single,414,secdn,2
single,414,secma,2
single,414,number_of_people,2
single,414,kg_class,2
single,414,weighted_PCT_SAND,1
single,414,weighted_PCT_CLAY,1
single,414,weighted_ORGANIC,1
single,414,SLOPE,1
single,414,elevation,1
single,414,ASPECT,1
single,414,LULC_states,3
single,415,range,2
single,415,primf,2
single,415,primn,2
single,415,secdf,2
single,415,pastr,2
single,415,c4per,2
single,415,urban,2
single,415,c4ann,2
single,415,c3per,2
single,415,secmb,2
single,415,secma,2
single,415,secdn,2
single,415,c3nfx,2
single,415,c3ann,2
single,415,number_of_people,2
single,415,kg_class,2
single,415,weighted_PCT_SAND,1
single,415,weighted_PCT_CLAY,1
single,415,weighted_ORGANIC,1
single,415,SLOPE,1
single,415,elevation,1
single,415,ASPECT,1
single,415,LULC_states,3
single,416,secdf,4
single,416,range,4
single,416,primn,4
single,416,primf,4
single,416,pastr,4
single,416,c4per,4
single,416,c4ann,4
single,416,c3per,4
single,416,urban,4
single,416,secmb,4
single,416,secdn,4
single,416,c3nfx,4
single,416,c3ann,4
single,416,secma,4
single,416,number_of_people,4
single,416,kg_class,4
single,416,weighted_PCT_SAND,2
single,416,weighted_PCT_CLAY,2
single,416,SLOPE,2
single,416,weighted_ORGANIC,2
single,416,elevation,2
single,416,ASPECT,2
single,416,LULC_states,6
single,417,secdf,4
single,417,range,4
single,417,primf,4
single,417,pastr,4
single,417,primn,4
single,417,c4per,4
single,417,c4ann,4
single,417,c3per,4
single,417,urban,4
single,417,secma,4
single,417,secmb,4
single,417,secdn,4
single,417,c3nfx,4
single,417,c3ann,4
single,417,number_of_people,4
single,417,kg_class,4
single,417,weighted_PCT_SAND,2
single,417,weighted_PCT_CLAY,2
single,417,weighted_ORGANIC,2
single,417,SLOPE,2
single,417,elevation,2
single,417,ASPECT,2
single,417,LULC_states,6
single,418,secdf,4
single,418,range,4
single,418,primf,4
single,418,primn,4
single,418,pastr,4
single,418,c4per,4
single,418,c4ann,4
single,418,c3per,4
single,418,urban,4
single,418,secmb,4
single,418,secma,4
single,418,secdn,4
single,418,c3nfx,4
single,418,c3ann,4
single,418,number_of_people,4
single,418,kg_class,4
single,418,weighted_PCT_SAND,2
single,418,weighted_PCT_CLAY,2
single,418,SLOPE,2
single,418,elevation,2
single,418,ASPECT,2
single,418,weighted_ORGANIC,2
single,418,LULC_states,6
single,419,secdf,4
single,419,primn,4
single,419,primf,4
single,419,range,4
single,419,pastr,4
single,419,c4per,4
single,419,c4ann,4
single,419,c3per,4
single,419,urban,4
single,419,secmb,4
single,419,secma,4
single,419,secdn,4
single,419,c3ann,4
single,419,c3nfx,4
single,419,number_of_people,4
single,419,kg_class,4
single,419,weighted_PCT_SAND,2
single,419,weighted_ORGANIC,2
single,419,weighted_PCT_CLAY,2
single,419,SLOPE,2
single,419,elevation,2
single,419,ASPECT,2
single,419,LULC_states,6
single,420,secdf,4
single,420,range,4
single,420,c4per,4
single,420,primn,4
single,420,primf,4
single,420,pastr,4
single,420,c3per,4
single,420,urban,4
single,420,c4ann,4
single,420,secmb,4
single,420,secdn,4
single,420,secma,4
single,420,c3nfx,4
single,420,c3ann,4
single,420,number_of_people,4
single,420,kg_class,4
single,420,weighted_PCT_SAND,2
single,420,weighted_PCT_CLAY,2
single,420,weighted_ORGANIC,2
single,420,SLOPE,2
single,420,ASPECT,2
single,420,elevation,2
single,420,LULC_states,6
single,421,secdf,4
single,421,range,4
single,421,primn,4
single,421,primf,4
single,421,pastr,4
single,421,c4per,4
single,421,c4ann,4
single,421,c3per,4
single,421,urban,4
single,421,secmb,4
single,421,secdn,4
single,421,secma,4
single,421,c3nfx,4
single,421,c3ann,4
single,421,number_of_people,4
single,421,kg_class,4
single,421,weighted_PCT_SAND,2
single,421,weighted_PCT_CLAY,2
single,421,weighted_ORGANIC,2
single,421,SLOPE,2
single,421,elevation,2
single,421,ASPECT,2
single,421,LULC_states,6
single,422,secdf,8
single,422,range,8
single,422,primn,8
single,422,primf,8
single,422,c4per,8
single,422,c4ann,8
single,422,pastr,8
single,422,c3per,8
single,422,urban,8
single,422,secmb,8
single,422,secdn,8
single,422,secma,8
single,422,c3nfx,8
single,422,c3ann,8
single,422,number_of_people,8
single,422,kg_class,8
single,422,weighted_PCT_SAND,4
single,422,weighted_PCT_CLAY,4
single,422,weighted_ORGANIC,4
single,422,elevation,4
single,422,ASPECT,4
single,422,SLOPE,4
single,422,LULC_states,12
single,423,secdf,4
single,423,range,4
single,423,primn,4
single,423,primf,4
single,423,pastr,4
single,423,c4ann,4
single,423,c3per,4
single,423,urban,4
single,423,secmb,4
single,423,c4per,4
single,423,secma,4
single,423,secdn,4
single,423,c3ann,4
single,423,c3nfx,4
single,423,number_of_people,4
single,423,kg_class,4
single,423,weighted_PCT_SAND,2
single,423,weighted_PCT_CLAY,2
single,423,weighted_ORGANIC,2
single,423,SLOPE,2
single,423,elevation,2
single,423,ASPECT,2
single,423,LULC_states,6
single,424,secdf,4
single,424,range,4
single,424,primn,4
single,424,primf,4
single,424,pastr,4
single,424,c4per,4
single,424,c4ann,4
single,424,c3per,4
single,424,urban,4
single,424,secmb,4
single,424,secma,4
single,424,c3ann,4
single,424,c3nfx,4
single,424,secdn,4
single,424,number_of_people,4
single,424,kg_class,4
single,424,weighted_PCT_SAND,2
single,424,weighted_PCT_CLAY,2
single,424,weighted_ORGANIC,2
single,424,SLOPE,2
single,424,elevation,2
single,424,ASPECT,2
single,424,LULC_states,6
single,425,secdf,4
single,425,primn,4
single,425,primf,4
single,425,pastr,4
single,425,range,4
single,425,c4per,4
single,425,c4ann,4
single,425,c3per,4
single,425,secmb,4
single,425,urban,4
single,425,secma,4
single,425,secdn,4
single,425,c3nfx,4
single,425,c3ann,4
single,425,number_of_people,4
single,425,kg_class,4
single,425,weighted_PCT_SAND,2
single,425,weighted_PCT_CLAY,2
single,425,weighted_ORGANIC,2
single,425,SLOPE,2
single,425,elevation,2
single,425,ASPECT,2
single,425,LULC_states,6
single,426,secdf,2
single,426,range,2
single,426,primn,2
single,426,primf,2
single,426,pastr,2
single,426,c4per,2
single,426,c4ann,2
single,426,c3per,2
single,426,urban,2
single,426,secmb,2
single,426,secma,2
single,426,c3nfx,2
single,426,c3ann,2
single,426,secdn,2
single,426,number_of_people,2
single,426,kg_class,2
single,426,weighted_PCT_SAND,1
single,426,weighted_PCT_CLAY,1
single,426,weighted_ORGANIC,1
single,426,SLOPE,1
single,426,elevation,1
single,426,ASPECT,1
single,426,LULC_states,3
single,427,secdf,2
single,427,range,2
single,427,primn,2
single,427,primf,2
single,427,pastr,2
single,427,c4per,2
single,427,c4ann,2
single,427,c3per,2
single,427,urban,2
single,427,secmb,2
single,427,secma,2
single,427,secdn,2
single,427,c3nfx,2
single,427,c3ann,2
single,427,number_of_people,2
single,427,kg_class,2
single,427,weighted_PCT_CLAY,1
single,427,weighted_ORGANIC,1
single,427,weighted_PCT_SAND,1
single,427,SLOPE,1
single,427,elevation,1
single,427,ASPECT,1
single,427,LULC_states,3
single,428,secdf,2
single,428,range,2
single,428,primn,2
single,428,primf,2
single,428,pastr,2
single,428,c4per,2
single,428,c4ann,2
single,428,c3per,2
single,428,urban,2
single,428,secdn,2
single,428,secma,2
single,428,secmb,2
single,428,c3nfx,2
single,428,c3ann,2
single,428,number_of_people,2
single,428,kg_class,2
single,428,weighted_PCT_SAND,1
single,428,weighted_PCT_CLAY,1
single,428,weighted_ORGANIC,1
single,428,SLOPE,1
single,428,elevation,1
single,428,ASPECT,1
single,428,LULC_states,3
single,429,secdf,8
single,429,range,8
single,429,primf,8
single,429,primn,8
single,429,pastr,8
single,429,c4per,8
single,429,c4ann,8
single,429,c3per,8
single,429,urban,8
single,429,secmb,8
single,429,c3nfx,8
single,429,secma,8
single,429,secdn,8
single,429,c3ann,8
single,429,number_of_people,8
single,429,kg_class,8
single,429,weighted_PCT_SAND,4
single,429,weighted_ORGANIC,4
single,429,weighted_PCT_CLAY,4
single,429,SLOPE,4
single,429,elevation,4
single,429,ASPECT,4
single,429,LULC_states,12
single,430,secdf,4
single,430,range,4
single,430,primn,4
single,430,pastr,4
single,430,primf,4
single,430,c4per,4
single,430,c4ann,4
single,430,c3per,4
single,430,urban,4
single,430,secmb,4
single,430,secma,4
single,430,secdn,4
single,430,c3ann,4
single,430,c3nfx,4
single,430,number_of_people,4
single,430,kg_class,4
single,430,weighted_PCT_SAND,2
single,430,weighted_PCT_CLAY,2
single,430,weighted_ORGANIC,2
single,430,SLOPE,2
single,430,ASPECT,2
single,430,elevation,2
single,430,LULC_states,6
single,431,secdf,4
single,431,range,4
single,431,primn,4
single,431,primf,4
single,431,c4ann,4
single,431,pastr,4
single,431,c3per,4
single,431,c4per,4
single,431,urban,4
single,431,secmb,4
single,431,secma,4
single,431,secdn,4
single,431,c3nfx,4
single,431,c3ann,4
single,431,number_of_people,4
single,431,kg_class,4
single,431,weighted_ORGANIC,2
single,431,weighted_PCT_SAND,2
single,431,weighted_PCT_CLAY,2
single,431,SLOPE,2
single,431,elevation,2
single,431,ASPECT,2
single,431,LULC_states,6
single,432,secdf,8
single,432,range,8
single,432,primn,8
single,432,primf,8
single,432,c4per,8
single,432,pastr,8
single,432,c4ann,8
single,432,c3per,8
single,432,urban,8
single,432,secmb,8
single,432,secma,8
single,432,c3nfx,8
single,432,secdn,8
single,432,c3ann,8
single,432,number_of_people,8
single,432,kg_class,8
single,432,weighted_PCT_SAND,4
single,432,weighted_PCT_CLAY,4
single,432,weighted_ORGANIC,4
single,432,elevation,4
single,432,SLOPE,4
single,432,ASPECT,4
single,432,LULC_states,12
single,433,secdf,4
single,433,range,4
single,433,primn,4
single,433,primf,4
single,433,c4per,4
single,433,pastr,4
single,433,c4ann,4
single,433,urban,4
single,433,c3per,4
single,433,secmb,4
single,433,secdn,4
single,433,c3ann,4
single,433,c3nfx,4
single,433,secma,4
single,433,number_of_people,4
single,433,kg_class,4
single,433,weighted_PCT_SAND,2
single,433,weighted_PCT_CLAY,2
single,433,weighted_ORGANIC,2
single,433,SLOPE,2
single,433,elevation,2
single,433,ASPECT,2
single,433,LULC_states,6
single,434,secdf,4
single,434,range,4
single,434,primn,4
single,434,primf,4
single,434,pastr,4
single,434,c4per,4
single,434,c3per,4
single,434,c4ann,4
single,434,urban,4
single,434,secmb,4
single,434,secma,4
single,434,c3nfx,4
single,434,secdn,4
single,434,c3ann,4
single,434,number_of_people,4
single,434,kg_class,4
single,434,weighted_PCT_SAND,2
single,434,weighted_PCT_CLAY,2
single,434,SLOPE,2
single,434,weighted_ORGANIC,2
single,434,elevation,2
single,434,ASPECT,2
single,434,LULC_states,6
single,435,secdf,8
single,435,range,8
single,435,primf,8
single,435,pastr,8
single,435,primn,8
single,435,c4per,8
single,435,c4ann,8
single,435,c3per,8
single,435,urban,8
single,435,secdn,8
single,435,secmb,8
single,435,secma,8
single,435,c3nfx,8
single,435,c3ann,8
single,435,number_of_people,8
single,435,kg_class,8
single,435,weighted_PCT_CLAY,4
single,435,weighted_PCT_SAND,4
single,435,weighted_ORGANIC,4
single,435,SLOPE,4
single,435,elevation,4
single,435,ASPECT,4
single,435,LULC_states,12
single,436,range,4
single,436,secdf,4
single,436,primn,4
single,436,primf,4
single,436,pastr,4
single,436,c4per,4
single,436,c4ann,4
single,436,c3per,4
single,436,secmb,4
single,436,urban,4
single,436,secma,4
single,436,secdn,4
single,436,c3ann,4
single,436,c3nfx,4
single,436,number_of_people,4
single,436,kg_class,4
single,436,weighted_PCT_SAND,2
single,436,weighted_PCT_CLAY,2
single,436,weighted_ORGANIC,2
single,436,SLOPE,2
single,436,ASPECT,2
single,436,elevation,2
single,436,LULC_states,6
single,437,secdf,4
single,437,primf,4
single,437,range,4
single,437,primn,4
single,437,c4per,4
single,437,pastr,4
single,437,c4ann,4
single,437,c3per,4
single,437,secmb,4
single,437,urban,4
single,437,secma,4
single,437,secdn,4
single,437,c3nfx,4
single,437,c3ann,4
single,437,number_of_people,4
single,437,kg_class,4
single,437,weighted_PCT_SAND,2
single,437,weighted_PCT_CLAY,2
single,437,weighted_ORGANIC,2
single,437,SLOPE,2
single,437,elevation,2
single,437,ASPECT,2
single,437,LULC_states,6
single,438,secdf,4
single,438,primn,4
single,438,range,4
single,438,primf,4
single,438,pastr,4
single,438,c4per,4
single,438,c4ann,4
single,438,c3per,4
single,438,urban,4
single,438,secmb,4
single,438,secma,4
single,438,secdn,4
single,438,c3nfx,4
single,438,c3ann,4
single,438,number_of_people,4
single,438,kg_class,4
single,438,weighted_PCT_SAND,2
single,438,weighted_PCT_CLAY,2
single,438,weighted_ORGANIC,2
single,438,SLOPE,2
single,438,ASPECT,2
single,438,elevation,2
single,438,LULC_states,6
single,439,range,4
single,439,secdf,4
single,439,primf,4
single,439,primn,4
single,439,pastr,4
single,439,c4per,4
single,439,c4ann,4
single,439,c3per,4
single,439,urban,4
single,439,secmb,4
single,439,secma,4
single,439,secdn,4
single,439,c3nfx,4
single,439,c3ann,4
single,439,number_of_people,4
single,439,kg_class,4
single,439,weighted_PCT_CLAY,2
single,439,weighted_PCT_SAND,2
single,439,SLOPE,2
single,439,weighted_ORGANIC,2
single,439,elevation,2
single,439,ASPECT,2
single,439,LULC_states,6
single,440,secdf,4
single,440,range,4
single,440,primf,4
single,440,c4per,4
single,440,primn,4
single,440,pastr,4
single,440,c4ann,4
single,440,c3per,4
single,440,urban,4
single,440,secmb,4
single,440,secdn,4
single,440,secma,4
single,440,c3ann,4
single,440,c3nfx,4
single,440,number_of_people,4
single,440,kg_class,4
single,440,weighted_PCT_SAND,2
single,440,weighted_PCT_CLAY,2
single,440,weighted_ORGANIC,2
single,440,SLOPE,2
single,440,elevation,2
single,440,ASPECT,2
single,440,LULC_states,6
single,441,secdf,4
single,441,primf,4
single,441,range,4
single,441,primn,4
single,441,pastr,4
single,441,c4per,4
single,441,c4ann,4
single,441,c3per,4
single,441,urban,4
single,441,secma,4
single,441,secmb,4
single,441,secdn,4
single,441,c3nfx,4
single,441,c3ann,4
single,441,number_of_people,4
single,441,kg_class,4
single,441,weighted_PCT_SAND,2
single,441,weighted_PCT_CLAY,2
single,441,SLOPE,2
single,441,ASPECT,2
single,441,weighted_ORGANIC,2
single,441,elevation,2
single,441,LULC_states,6
single,442,range,4
single,442,secdf,4
single,442,primn,4
single,442,primf,4
single,442,pastr,4
single,442,c4per,4
single,442,c3per,4
single,442,c4ann,4
single,442,urban,4
single,442,secmb,4
single,442,secma,4
single,442,secdn,4
single,442,c3nfx,4
single,442,c3ann,4
single,442,number_of_people,4
single,442,kg_class,4
single,442,weighted_PCT_SAND,2
single,442,weighted_PCT_CLAY,2
single,442,SLOPE,2
single,442,weighted_ORGANIC,2
single,442,elevation,2
single,442,ASPECT,2
single,442,LULC_states,6
single,443,secdf,4
single,443,primn,4
single,443,primf,4
single,443,pastr,4
single,443,range,4
single,443,c4ann,4
single,443,c4per,4
single,443,c3per,4
single,443,urban,4
single,443,secmb,4
single,443,secma,4
single,443,c3nfx,4
single,443,secdn,4
single,443,c3ann,4
single,443,number_of_people,4
single,443,kg_class,4
single,443,weighted_PCT_SAND,2
single,443,weighted_PCT_CLAY,2
single,443,weighted_ORGANIC,2
single,443,SLOPE,2
single,443,elevation,2
single,443,ASPECT,2
single,443,LULC_states,6
single,444,secdf,4
single,444,range,4
single,444,primn,4
single,444,primf,4
single,444,pastr,4
single,444,c4per,4
single,444,c4ann,4
single,444,c3per,4
single,444,secma,4
single,444,secmb,4
single,444,urban,4
single,444,secdn,4
single,444,c3nfx,4
single,444,c3ann,4
single,444,number_of_people,4
single,444,kg_class,4
single,444,weighted_PCT_SAND,2
single,444,weighted_PCT_CLAY,2
single,444,weighted_ORGANIC,2
single,444,SLOPE,2
single,444,ASPECT,2
single,444,elevation,2
single,444,LULC_states,6
single,445,range,4
single,445,primn,4
single,445,primf,4
single,445,secdf,4
single,445,pastr,4
single,445,c4per,4
single,445,c4ann,4
single,445,c3per,4
single,445,secmb,4
single,445,urban,4
single,445,secma,4
single,445,secdn,4
single,445,c3nfx,4
single,445,c3ann,4
single,445,number_of_people,4
single,445,kg_class,4
single,445,weighted_PCT_SAND,2
single,445,weighted_PCT_CLAY,2
single,445,weighted_ORGANIC,2
single,445,SLOPE,2
single,445,elevation,2
single,445,ASPECT,2
single,445,LULC_states,6
single,446,secdf,8
single,446,range,8
single,446,primn,8
single,446,primf,8
single,446,pastr,8
single,446,c4per,8
single,446,c4ann,8
single,446,c3per,8
single,446,secmb,8
single,446,urban,8
single,446,secma,8
single,446,secdn,8
single,446,c3nfx,8
single,446,c3ann,8
single,446,number_of_people,8
single,446,kg_class,8
single,446,weighted_PCT_SAND,4
single,446,weighted_PCT_CLAY,4
single,446,weighted_ORGANIC,4
single,446,SLOPE,4
single,446,elevation,4
single,446,ASPECT,4
single,446,LULC_states,12
single,447,secdf,4
single,447,primn,4
single,447,primf,4
single,447,pastr,4
single,447,c4per,4
single,447,c4ann,4
single,447,urban,4
single,447,c3per,4
single,447,secmb,4
single,447,secma,4
single,447,range,4
single,447,secdn,4
single,447,c3ann,4
single,447,c3nfx,4
single,447,number_of_people,4
single,447,kg_class,4
single,447,weighted_PCT_SAND,2
single,447,weighted_PCT_CLAY,2
single,447,weighted_ORGANIC,2
single,447,SLOPE,2
single,447,ASPECT,2
single,447,elevation,2
single,447,LULC_states,6
single,448,secdf,8
single,448,primn,8
single,448,range,8
single,448,c4per,8
single,448,primf,8
single,448,pastr,8
single,448,c3per,8
single,448,urban,8
single,448,secma,8
single,448,secmb,8
single,448,secdn,8
single,448,c3nfx,8
single,448,c3ann,8
single,448,c4ann,8
single,448,number_of_people,8
single,448,kg_class,8
single,448,weighted_PCT_SAND,4
single,448,weighted_PCT_CLAY,4
single,448,weighted_ORGANIC,4
single,448,SLOPE,4
single,448,elevation,4
single,448,ASPECT,4
single,448,LULC_states,12
single,449,secdf,4
single,449,range,4
single,449,primn,4
single,449,pastr,4
single,449,c4per,4
single,449,c4ann,4
single,449,primf,4
single,449,c3per,4
single,449,urban,4
single,449,secmb,4
single,449,secma,4
single,449,c3nfx,4
single,449,secdn,4
single,449,c3ann,4
single,449,number_of_people,4
single,449,kg_class,4
single,449,weighted_PCT_SAND,2
single,449,weighted_PCT_CLAY,2
single,449,weighted_ORGANIC,2
single,449,SLOPE,2
single,449,elevation,2
single,449,ASPECT,2
single,449,LULC_states,6
single,450,secdf,2
single,450,primn,2
single,450,range,2
single,450,primf,2
single,450,c4per,2
single,450,pastr,2
single,450,c4ann,2
single,450,c3per,2
single,450,secmb,2
single,450,urban,2
single,450,secma,2
single,450,c3nfx,2
single,450,secdn,2
single,450,c3ann,2
single,450,number_of_people,2
single,450,kg_class,2
single,450,weighted_PCT_SAND,1
single,450,weighted_PCT_CLAY,1
single,450,SLOPE,1
single,450,weighted_ORGANIC,1
single,450,elevation,1
single,450,ASPECT,1
single,450,LULC_states,3
single,451,range,4
single,451,secdf,4
single,451,primn,4
single,451,primf,4
single,451,pastr,4
single,451,c4per,4
single,451,c3per,4
single,451,c4ann,4
single,451,urban,4
single,451,secmb,4
single,451,secma,4
single,451,secdn,4
single,451,c3nfx,4
single,451,c3ann,4
single,451,number_of_people,4
single,451,kg_class,4
single,451,weighted_PCT_SAND,2
single,451,weighted_PCT_CLAY,2
single,451,weighted_ORGANIC,2
single,451,SLOPE,2
single,451,elevation,2
single,451,ASPECT,2
single,451,LULC_states,6
single,452,secdf,4
single,452,range,4
single,452,primn,4
single,452,pastr,4
single,452,primf,4
single,452,c4ann,4
single,452,c4per,4
single,452,c3per,4
single,452,urban,4
single,452,secmb,4
single,452,secma,4
single,452,secdn,4
single,452,c3nfx,4
single,452,c3ann,4
single,452,number_of_people,4
single,452,kg_class,4
single,452,weighted_PCT_CLAY,2
single,452,weighted_PCT_SAND,2
single,452,weighted_ORGANIC,2
single,452,SLOPE,2
single,452,elevation,2
single,452,ASPECT,2
single,452,LULC_states,6
single,453,secdf,4
single,453,primf,4
single,453,pastr,4
single,453,c3per,4
single,453,urban,4
single,453,secmb,4
single,453,secma,4
single,453,c3nfx,4
single,453,range,4
single,453,c4per,4
single,453,primn,4
single,453,c3ann,4
single,453,c4ann,4
single,453,secdn,4
single,453,number_of_people,4
single,453,kg_class,4
single,453,weighted_PCT_SAND,2
single,453,weighted_PCT_CLAY,2
single,453,weighted_ORGANIC,2
single,453,SLOPE,2
single,453,elevation,2
single,453,ASPECT,2
single,453,LULC_states,6
single,454,secdf,4
single,454,primn,4
single,454,primf,4
single,454,c4per,4
single,454,secdn,4
single,454,c4ann,4
single,454,range,4
single,454,secmb,4
single,454,pastr,4
single,454,c3per,4
single,454,urban,4
single,454,c3nfx,4
single,454,secma,4
single,454,c3ann,4
single,454,number_of_people,4
single,454,kg_class,4
single,454,weighted_PCT_SAND,2
single,454,weighted_ORGANIC,2
single,454,weighted_PCT_CLAY,2
single,454,SLOPE,2
single,454,elevation,2
single,454,ASPECT,2
single,454,LULC_states,6
single,455,secdf,4
single,455,range,4
single,455,primn,4
single,455,pastr,4
single,455,primf,4
single,455,c4ann,4
single,455,c4per,4
single,455,c3per,4
single,455,urban,4
single,455,secmb,4
single,455,secma,4
single,455,c3nfx,4
single,455,c3ann,4
single,455,secdn,4
single,455,number_of_people,4
single,455,kg_class,4
single,455,weighted_PCT_SAND,2
single,455,weighted_ORGANIC,2
single,455,weighted_PCT_CLAY,2
single,455,SLOPE,2
single,455,elevation,2
single,455,ASPECT,2
single,455,LULC_states,6
single,456,secdf,4
single,456,range,4
single,456,primf,4
single,456,primn,4
single,456,pastr,4
single,456,c4per,4
single,456,c4ann,4
single,456,c3per,4
single,456,urban,4
single,456,secmb,4
single,456,secdn,4
single,456,c3ann,4
single,456,secma,4
single,456,c3nfx,4
single,456,number_of_people,4
single,456,kg_class,4
single,456,weighted_PCT_SAND,2
single,456,weighted_PCT_CLAY,2
single,456,SLOPE,2
single,456,weighted_ORGANIC,2
single,456,ASPECT,2
single,456,elevation,2
single,456,LULC_states,6
single,457,urban,4
single,457,range,4
single,457,pastr,4
single,457,primn,4
single,457,c4ann,4
single,457,c4per,4
single,457,primf,4
single,457,c3per,4
single,457,secma,4
single,457,secmb,4
single,457,secdn,4
single,457,c3ann,4
single,457,c3nfx,4
single,457,secdf,4
single,457,number_of_people,4
single,457,kg_class,4
single,457,weighted_PCT_SAND,2
single,457,weighted_PCT_CLAY,2
single,457,weighted_ORGANIC,2
single,457,SLOPE,2
single,457,elevation,2
single,457,ASPECT,2
single,457,LULC_states,6
single,458,secdf,8
single,458,range,8
single,458,primn,8
single,458,primf,8
single,458,pastr,8
single,458,c4per,8
single,458,c4ann,8
single,458,c3per,8
single,458,secmb,8
single,458,urban,8
single,458,secma,8
single,458,secdn,8
single,458,c3nfx,8
single,458,c3ann,8
single,458,number_of_people,8
single,458,kg_class,8
single,458,weighted_PCT_SAND,4
single,458,weighted_PCT_CLAY,4
single,458,weighted_ORGANIC,4
single,458,SLOPE,4
single,458,elevation,4
single,458,ASPECT,4
single,458,LULC_states,12
single,459,secdf,4
single,459,range,4
single,459,primn,4
single,459,pastr,4
single,459,c4per,4
single,459,primf,4
single,459,c3per,4
single,459,c4ann,4
single,459,urban,4
single,459,secmb,4
single,459,secma,4
single,459,secdn,4
single,459,c3nfx,4
single,459,c3ann,4
single,459,number_of_people,4
single,459,kg_class,4
single,459,weighted_PCT_SAND,2
single,459,weighted_PCT_CLAY,2
single,459,SLOPE,2
single,459,elevation,2
single,459,ASPECT,2
single,459,weighted_ORGANIC,2
single,459,LULC_states,6
single,460,secdf,4
single,460,range,4
single,460,primn,4
single,460,primf,4
single,460,c4per,4
single,460,pastr,4
single,460,c4ann,4
single,460,c3per,4
single,460,urban,4
single,460,secma,4
single,460,secmb,4
single,460,secdn,4
single,460,c3nfx,4
single,460,c3ann,4
single,460,number_of_people,4
single,460,kg_class,4
single,460,weighted_PCT_SAND,2
single,460,weighted_PCT_CLAY,2
single,460,weighted_ORGANIC,2
single,460,SLOPE,2
single,460,elevation,2
single,460,ASPECT,2
single,460,LULC_states,6
single,461,secdf,4
single,461,primf,4
single,461,primn,4
single,461,range,4
single,461,pastr,4
single,461,c4ann,4
single,461,c3per,4
single,461,urban,4
single,461,c4per,4
single,461,secmb,4
single,461,secdn,4
single,461,secma,4
single,461,c3nfx,4
single,461,c3ann,4
single,461,number_of_people,4
single,461,kg_class,4
single,461,weighted_PCT_SAND,2
single,461,weighted_PCT_CLAY,2
single,461,weighted_ORGANIC,2
single,461,SLOPE,2
single,461,elevation,2
single,461,ASPECT,2
single,461,LULC_states,6
single,462,secdf,2
single,462,primn,2
single,462,range,2
single,462,primf,2
single,462,pastr,2
single,462,c4per,2
single,462,c4ann,2
single,462,urban,2
single,462,secmb,2
single,462,c3per,2
single,462,secma,2
single,462,secdn,2
single,462,c3nfx,2
single,462,c3ann,2
single,462,number_of_people,2
single,462,kg_class,2
single,462,weighted_PCT_SAND,1
single,462,weighted_PCT_CLAY,1
single,462,weighted_ORGANIC,1
single,462,SLOPE,1
single,462,ASPECT,1
single,462,elevation,1
single,462,LULC_states,3
single,463,range,2
single,463,primf,2
single,463,secdf,2
single,463,primn,2
single,463,c4per,2
single,463,c3per,2
single,463,pastr,2
single,463,urban,2
single,463,c4ann,2
single,463,secmb,2
single,463,secma,2
single,463,secdn,2
single,463,c3nfx,2
single,463,c3ann,2
single,463,number_of_people,2
single,463,kg_class,2
single,463,weighted_PCT_SAND,1
single,463,weighted_PCT_CLAY,1
single,463,weighted_ORGANIC,1
single,463,SLOPE,1
single,463,ASPECT,1
single,463,elevation,1
single,463,LULC_states,3
single,464,secdf,2
single,464,range,2
single,464,primn,2
single,464,primf,2
single,464,pastr,2
single,464,c4per,2
single,464,c3per,2
single,464,urban,2
single,464,c4ann,2
single,464,secma,2
single,464,secmb,2
single,464,secdn,2
single,464,c3nfx,2
single,464,c3ann,2
single,464,number_of_people,2
single,464,kg_class,2
single,464,weighted_PCT_SAND,1
single,464,weighted_PCT_CLAY,1
single,464,weighted_ORGANIC,1
single,464,SLOPE,1
single,464,elevation,1
single,464,ASPECT,1
single,464,LULC_states,3
single,465,secdf,4
single,465,range,4
single,465,primf,4
single,465,primn,4
single,465,pastr,4
single,465,c4ann,4
single,465,urban,4
single,465,secma,4
single,465,secmb,4
single,465,c4per,4
single,465,c3per,4
single,465,secdn,4
single,465,c3nfx,4
single,465,c3ann,4
single,465,number_of_people,4
single,465,kg_class,4
single,465,weighted_PCT_SAND,2
single,465,weighted_PCT_CLAY,2
single,465,weighted_ORGANIC,2
single,465,SLOPE,2
single,465,elevation,2
single,465,ASPECT,2
single,465,LULC_states,6
single,466,secdf,8
single,466,range,8
single,466,primf,8
single,466,primn,8
single,466,pastr,8
single,466,c4per,8
single,466,c4ann,8
single,466,urban,8
single,466,c3per,8
single,466,secmb,8
single,466,secdn,8
single,466,secma,8
single,466,c3nfx,8
single,466,c3ann,8
single,466,number_of_people,8
single,466,kg_class,8
single,466,weighted_PCT_SAND,4
single,466,weighted_PCT_CLAY,4
single,466,weighted_ORGANIC,4
single,466,SLOPE,4
single,466,elevation,4
single,466,ASPECT,4
single,466,LULC_states,12
single,467,secdf,8
single,467,range,8
single,467,primn,8
single,467,primf,8
single,467,pastr,8
single,467,c4per,8
single,467,c4ann,8
single,467,c3per,8
single,467,urban,8
single,467,secma,8
single,467,secdn,8
single,467,c3nfx,8
single,467,c3ann,8
single,467,secmb,8
single,467,number_of_people,8
single,467,kg_class,8
single,467,weighted_PCT_SAND,4
single,467,weighted_PCT_CLAY,4
single,467,weighted_ORGANIC,4
single,467,SLOPE,4
single,467,elevation,4
single,467,ASPECT,4
single,467,LULC_states,12
single,468,secdf,8
single,468,range,8
single,468,primn,8
single,468,primf,8
single,468,pastr,8
single,468,c4per,8
single,468,c4ann,8
single,468,c3per,8
single,468,urban,8
single,468,secmb,8
single,468,secdn,8
single,468,secma,8
single,468,c3nfx,8
single,468,c3ann,8
single,468,number_of_people,8
single,468,kg_class,8
single,468,weighted_PCT_SAND,4
single,468,weighted_PCT_CLAY,4
single,468,weighted_ORGANIC,4
single,468,SLOPE,4
single,468,ASPECT,4
single,468,elevation,4
single,468,LULC_states,12
single,469,secdf,4
single,469,range,4
single,469,primn,4
single,469,primf,4
single,469,pastr,4
single,469,c4per,4
single,469,c3per,4
single,469,urban,4
single,469,c4ann,4
single,469,secmb,4
single,469,secma,4
single,469,c3nfx,4
single,469,secdn,4
single,469,c3ann,4
single,469,number_of_people,4
single,469,kg_class,4
single,469,weighted_PCT_SAND,2
single,469,weighted_PCT_CLAY,2
single,469,weighted_ORGANIC,2
single,469,SLOPE,2
single,469,elevation,2
single,469,ASPECT,2
single,469,LULC_states,6
single,470,secdf,2
single,470,range,2
single,470,primn,2
single,470,primf,2
single,470,c4per,2
single,470,c4ann,2
single,470,pastr,2
single,470,urban,2
single,470,c3per,2
single,470,secmb,2
single,470,secma,2
single,470,c3nfx,2
single,470,secdn,2
single,470,c3ann,2
single,470,number_of_people,2
single,470,kg_class,2
single,470,weighted_PCT_SAND,1
single,470,SLOPE,1
single,470,weighted_PCT_CLAY,1
single,470,weighted_ORGANIC,1
single,470,elevation,1
single,470,ASPECT,1
single,470,LULC_states,3
single,471,secdf,4
single,471,range,4
single,471,pastr,4
single,471,primf,4
single,471,c4per,4
single,471,primn,4
single,471,c4ann,4
single,471,c3per,4
single,471,secmb,4
single,471,urban,4
single,471,secma,4
single,471,secdn,4
single,471,c3ann,4
single,471,c3nfx,4
single,471,number_of_people,4
single,471,kg_class,4
single,471,weighted_PCT_SAND,2
single,471,weighted_PCT_CLAY,2
single,471,weighted_ORGANIC,2
single,471,SLOPE,2
single,471,elevation,2
single,471,ASPECT,2
single,471,LULC_states,6
single,472,secdf,4
single,472,range,4
single,472,primn,4
single,472,pastr,4
single,472,primf,4
single,472,c4per,4
single,472,c4ann,4
single,472,c3per,4
single,472,urban,4
single,472,secmb,4
single,472,secma,4
single,472,secdn,4
single,472,c3nfx,4
single,472,c3ann,4
single,472,number_of_people,4
single,472,kg_class,4
single,472,weighted_PCT_SAND,2
single,472,weighted_PCT_CLAY,2
single,472,weighted_ORGANIC,2
single,472,SLOPE,2
single,472,ASPECT,2
single,472,elevation,2
single,472,LULC_states,6
single,473,secdf,8
single,473,range,8
single,473,primf,8
single,473,primn,8
single,473,pastr,8
single,473,c3per,8
single,473,c4ann,8
single,473,c4per,8
single,473,urban,8
single,473,secmb,8
single,473,secma,8
single,473,c3nfx,8
single,473,secdn,8
single,473,c3ann,8
single,473,number_of_people,8
single,473,kg_class,8
single,473,weighted_PCT_SAND,4
single,473,weighted_PCT_CLAY,4
single,473,SLOPE,4
single,473,elevation,4
single,473,weighted_ORGANIC,4
single,473,ASPECT,4
single,473,LULC_states,12
single,474,secdf,4
single,474,primn,4
single,474,primf,4
single,474,range,4
single,474,c4per,4
single,474,pastr,4
single,474,c3per,4
single,474,c4ann,4
single,474,urban,4
single,474,secmb,4
single,474,secma,4
single,474,secdn,4
single,474,c3ann,4
single,474,c3nfx,4
single,474,number_of_people,4
single,474,kg_class,4
single,474,weighted_PCT_SAND,2
single,474,weighted_ORGANIC,2
single,474,elevation,2
single,474,SLOPE,2
single,474,weighted_PCT_CLAY,2
single,474,ASPECT,2
single,474,LULC_states,6
single,475,secdf,4
single,475,range,4
single,475,primn,4
single,475,primf,4
single,475,c4per,4
single,475,pastr,4
single,475,c3per,4
single,475,c4ann,4
single,475,urban,4
single,475,secmb,4
single,475,secma,4
single,475,secdn,4
single,475,c3nfx,4
single,475,c3ann,4
single,475,number_of_people,4
single,475,kg_class,4
single,475,weighted_PCT_SAND,2
single,475,weighted_PCT_CLAY,2
single,475,weighted_ORGANIC,2
single,475,SLOPE,2
single,475,elevation,2
single,475,ASPECT,2
single,475,LULC_states,6
single,476,secdf,4
single,476,range,4
single,476,primn,4
single,476,primf,4
single,476,pastr,4
single,476,c4per,4
single,476,c4ann,4
single,476,c3per,4
single,476,urban,4
single,476,secmb,4
single,476,secdn,4
single,476,c3nfx,4
single,476,secma,4
single,476,c3ann,4
single,476,number_of_people,4
single,476,kg_class,4
single,476,weighted_PCT_SAND,2
single,476,weighted_PCT_CLAY,2
single,476,weighted_ORGANIC,2
single,476,SLOPE,2
single,476,elevation,2
single,476,ASPECT,2
single,476,LULC_states,6
single,477,secdf,4
single,477,range,4
single,477,primn,4
single,477,primf,4
single,477,c3per,4
single,477,pastr,4
single,477,c4per,4
single,477,c4ann,4
single,477,urban,4
single,477,secmb,4
single,477,secma,4
single,477,secdn,4
single,477,c3nfx,4
single,477,c3ann,4
single,477,number_of_people,4
single,477,kg_class,4
single,477,weighted_PCT_SAND,2
single,477,weighted_PCT_CLAY,2
single,477,weighted_ORGANIC,2
single,477,SLOPE,2
single,477,elevation,2
single,477,ASPECT,2
single,477,LULC_states,6
single,478,secdf,8
single,478,range,8
single,478,primn,8
single,478,primf,8
single,478,pastr,8
single,478,c4per,8
single,478,c4ann,8
single,478,c3per,8
single,478,urban,8
single,478,secmb,8
single,478,secdn,8
single,478,secma,8
single,478,c3nfx,8
single,478,c3ann,8
single,478,number_of_people,8
single,478,kg_class,8
single,478,weighted_PCT_SAND,4
single,478,weighted_PCT_CLAY,4
single,478,weighted_ORGANIC,4
single,478,SLOPE,4
single,478,ASPECT,4
single,478,elevation,4
single,478,LULC_states,12
single,479,secdf,4
single,479,range,4
single,479,primn,4
single,479,c4per,4
single,479,primf,4
single,479,pastr,4
single,479,c4ann,4
single,479,secmb,4
single,479,urban,4
single,479,c3per,4
single,479,c3nfx,4
single,479,secdn,4
single,479,secma,4
single,479,c3ann,4
single,479,number_of_people,4
single,479,kg_class,4
single,479,weighted_PCT_SAND,2
single,479,weighted_PCT_CLAY,2
single,479,weighted_ORGANIC,2
single,479,SLOPE,2
single,479,elevation,2
single,479,ASPECT,2
single,479,LULC_states,6
single,480,range,8
single,480,secdf,8
single,480,primn,8
single,480,pastr,8
single,480,primf,8
single,480,c4per,8
single,480,c4ann,8
single,480,c3per,8
single,480,urban,8
single,480,secma,8
single,480,secmb,8
single,480,c3ann,8
single,480,c3nfx,8
single,480,secdn,8
single,480,number_of_people,8
single,480,kg_class,8
single,480,weighted_PCT_SAND,4
single,480,weighted_PCT_CLAY,4
single,480,weighted_ORGANIC,4
single,480,SLOPE,4
single,480,elevation,4
single,480,ASPECT,4
single,480,LULC_states,12
single,481,secdf,4
single,481,range,4
single,481,primn,4
single,481,primf,4
single,481,pastr,4
single,481,c4per,4
single,481,c4ann,4
single,481,c3per,4
single,481,secmb,4
single,481,urban,4
single,481,secma,4
single,481,c3nfx,4
single,481,secdn,4
single,481,c3ann,4
single,481,number_of_people,4
single,481,kg_class,4
single,481,weighted_PCT_CLAY,2
single,481,weighted_PCT_SAND,2
single,481,weighted_ORGANIC,2
single,481,SLOPE,2
single,481,elevation,2
single,481,ASPECT,2
single,481,LULC_states,6
single,482,primn,4
single,482,secdf,4
single,482,range,4
single,482,primf,4
single,482,pastr,4
single,482,c4per,4
single,482,c4ann,4
single,482,urban,4
single,482,c3per,4
single,482,secmb,4
single,482,c3ann,4
single,482,secma,4
single,482,c3nfx,4
single,482,secdn,4
single,482,number_of_people,4
single,482,kg_class,4
single,482,weighted_PCT_SAND,2
single,482,weighted_PCT_CLAY,2
single,482,weighted_ORGANIC,2
single,482,SLOPE,2
single,482,elevation,2
single,482,ASPECT,2
single,482,LULC_states,6
single,483,secdf,4
single,483,range,4
single,483,primn,4
single,483,primf,4
single,483,pastr,4
single,483,c4per,4
single,483,c3per,4
single,483,c4ann,4
single,483,urban,4
single,483,secmb,4
single,483,secdn,4
single,483,secma,4
single,483,c3nfx,4
single,483,c3ann,4
single,483,number_of_people,4
single,483,kg_class,4
single,483,weighted_PCT_SAND,2
single,483,weighted_PCT_CLAY,2
single,483,weighted_ORGANIC,2
single,483,SLOPE,2
single,483,elevation,2
single,483,ASPECT,2
single,483,LULC_states,6
single,484,secdf,2
single,484,range,2
single,484,primn,2
single,484,primf,2
single,484,c4per,2
single,484,pastr,2
single,484,c4ann,2
single,484,c3per,2
single,484,urban,2
single,484,secmb,2
single,484,secma,2
single,484,secdn,2
single,484,c3ann,2
single,484,c3nfx,2
single,484,number_of_people,2
single,484,kg_class,2
single,484,weighted_PCT_SAND,1
single,484,weighted_PCT_CLAY,1
single,484,weighted_ORGANIC,1
single,484,SLOPE,1
single,484,elevation,1
single,484,ASPECT,1
single,484,LULC_states,3
single,485,secdf,2
single,485,range,2
single,485,primn,2
single,485,primf,2
single,485,pastr,2
single,485,c4per,2
single,485,c4ann,2
single,485,c3per,2
single,485,urban,2
single,485,secmb,2
single,485,secma,2
single,485,c3nfx,2
single,485,secdn,2
single,485,c3ann,2
single,485,number_of_people,2
single,485,kg_class,2
single,485,weighted_PCT_SAND,1
single,485,weighted_PCT_CLAY,1
single,485,weighted_ORGANIC,1
single,485,SLOPE,1
single,485,elevation,1
single,485,ASPECT,1
single,485,LULC_states,3
single,486,secdf,2
single,486,range,2
single,486,primn,2
single,486,pastr,2
single,486,c4per,2
single,486,c4ann,2
single,486,c3per,2
single,486,primf,2
single,486,urban,2
single,486,c3nfx,2
single,486,secma,2
single,486,secmb,2
single,486,c3ann,2
single,486,secdn,2
single,486,number_of_people,2
single,486,kg_class,2
single,486,weighted_PCT_SAND,1
single,486,weighted_ORGANIC,1
single,486,weighted_PCT_CLAY,1
single,486,SLOPE,1
single,486,elevation,1
single,486,ASPECT,1
single,486,LULC_states,3
single,487,range,4
single,487,secdf,4
single,487,primn,4
single,487,primf,4
single,487,pastr,4
single,487,c4per,4
single,487,c4ann,4
single,487,c3per,4
single,487,urban,4
single,487,secmb,4
single,487,secma,4
single,487,secdn,4
single,487,c3nfx,4
single,487,c3ann,4
single,487,number_of_people,4
single,487,kg_class,4
single,487,weighted_PCT_SAND,2
single,487,weighted_PCT_CLAY,2
single,487,weighted_ORGANIC,2
single,487,elevation,2
single,487,ASPECT,2
single,487,SLOPE,2
single,487,LULC_states,6
single,488,secdf,4
single,488,range,4
single,488,primn,4
single,488,primf,4
single,488,pastr,4
single,488,c4per,4
single,488,c4ann,4
single,488,c3per,4
single,488,secmb,4
single,488,urban,4
single,488,secma,4
single,488,c3nfx,4
single,488,secdn,4
single,488,c3ann,4
single,488,number_of_people,4
single,488,kg_class,4
single,488,weighted_PCT_SAND,2
single,488,weighted_PCT_CLAY,2
single,488,weighted_ORGANIC,2
single,488,elevation,2
single,488,SLOPE,2
single,488,ASPECT,2
single,488,LULC_states,6
single,489,secdf,8
single,489,range,8
single,489,primn,8
single,489,primf,8
single,489,pastr,8
single,489,c4per,8
single,489,c4ann,8
single,489,c3per,8
single,489,urban,8
single,489,secmb,8
single,489,secma,8
single,489,secdn,8
single,489,c3ann,8
single,489,c3nfx,8
single,489,number_of_people,8
single,489,kg_class,8
single,489,weighted_PCT_SAND,4
single,489,weighted_PCT_CLAY,4
single,489,weighted_ORGANIC,4
single,489,SLOPE,4
single,489,elevation,4
single,489,ASPECT,4
single,489,LULC_states,12
single,490,secdf,8
single,490,range,8
single,490,primn,8
single,490,primf,8
single,490,pastr,8
single,490,c4per,8
single,490,c4ann,8
single,490,c3per,8
single,490,urban,8
single,490,secmb,8
single,490,secma,8
single,490,secdn,8
single,490,c3nfx,8
single,490,c3ann,8
single,490,number_of_people,8
single,490,kg_class,8
single,490,weighted_PCT_SAND,4
single,490,weighted_PCT_CLAY,4
single,490,weighted_ORGANIC,4
single,490,SLOPE,4
single,490,elevation,4
single,490,ASPECT,4
single,490,LULC_states,12
single,491,secdf,2
single,491,range,2
single,491,primn,2
single,491,pastr,2
single,491,c4per,2
single,491,primf,2
single,491,c4ann,2
single,491,secmb,2
single,491,urban,2
single,491,c3per,2
single,491,secma,2
single,491,secdn,2
single,491,c3nfx,2
single,491,c3ann,2
single,491,number_of_people,2
single,491,kg_class,2
single,491,weighted_PCT_SAND,1
single,491,weighted_PCT_CLAY,1
single,491,weighted_ORGANIC,1
single,491,SLOPE,1
single,491,elevation,1
single,491,ASPECT,1
single,491,LULC_states,3
single,492,range,4
single,492,secdf,4
single,492,c4per,4
single,492,primf,4
single,492,primn,4
single,492,pastr,4
single,492,c3per,4
single,492,c4ann,4
single,492,urban,4
single,492,secmb,4
single,492,secdn,4
single,492,secma,4
single,492,c3nfx,4
single,492,c3ann,4
single,492,number_of_people,4
single,492,kg_class,4
single,492,weighted_PCT_SAND,2
single,492,weighted_PCT_CLAY,2
single,492,weighted_ORGANIC,2
single,492,SLOPE,2
single,492,elevation,2
single,492,ASPECT,2
single,492,LULC_states,6
single,493,secdf,8
single,493,range,8
single,493,primn,8
single,493,primf,8
single,493,c4per,8
single,493,pastr,8
single,493,c3per,8
single,493,c4ann,8
single,493,urban,8
single,493,secma,8
single,493,secmb,8
single,493,secdn,8
single,493,c3nfx,8
single,493,c3ann,8
single,493,number_of_people,8
single,493,kg_class,8
single,493,weighted_PCT_SAND,4
single,493,weighted_PCT_CLAY,4
single,493,weighted_ORGANIC,4
single,493,ASPECT,4
single,493,elevation,4
single,493,SLOPE,4
single,493,LULC_states,12
single,494,secdf,8
single,494,range,8
single,494,primn,8
single,494,primf,8
single,494,pastr,8
single,494,c4per,8
single,494,c4ann,8
single,494,urban,8
single,494,c3per,8
single,494,secmb,8
single,494,secma,8
single,494,secdn,8
single,494,c3nfx,8
single,494,c3ann,8
single,494,number_of_people,8
single,494,kg_class,8
single,494,weighted_PCT_SAND,4
single,494,weighted_PCT_CLAY,4
single,494,weighted_ORGANIC,4
single,494,elevation,4
single,494,SLOPE,4
single,494,ASPECT,4
single,494,LULC_states,12
single,495,secdf,8
single,495,range,8
single,495,primn,8
single,495,primf,8
single,495,pastr,8
single,495,c4per,8
single,495,c4ann,8
single,495,c3per,8
single,495,urban,8
single,495,secmb,8
single,495,secdn,8
single,495,secma,8
single,495,c3nfx,8
single,495,c3ann,8
single,495,number_of_people,8
single,495,kg_class,8
single,495,weighted_PCT_SAND,4
single,495,weighted_PCT_CLAY,4
single,495,weighted_ORGANIC,4
single,495,SLOPE,4
single,495,elevation,4
single,495,ASPECT,4
single,495,LULC_states,12
single,496,secdf,4
single,496,range,4
single,496,primf,4
single,496,primn,4
single,496,pastr,4
single,496,c4per,4
single,496,c3per,4
single,496,urban,4
single,496,secmb,4
single,496,c4ann,4
single,496,secma,4
single,496,secdn,4
single,496,c3nfx,4
single,496,c3ann,4
single,496,number_of_people,4
single,496,kg_class,4
single,496,weighted_PCT_SAND,2
single,496,weighted_PCT_CLAY,2
single,496,weighted_ORGANIC,2
single,496,elevation,2
single,496,SLOPE,2
single,496,ASPECT,2
single,496,LULC_states,6
single,497,secdf,8
single,497,range,8
single,497,primn,8
single,497,primf,8
single,497,pastr,8
single,497,c4per,8
single,497,c4ann,8
single,497,urban,8
single,497,secmb,8
single,497,c3per,8
single,497,secma,8
single,497,c3nfx,8
single,497,secdn,8
single,497,c3ann,8
single,497,number_of_people,8
single,497,kg_class,8
single,497,weighted_PCT_SAND,4
single,497,weighted_PCT_CLAY,4
single,497,weighted_ORGANIC,4
single,497,SLOPE,4
single,497,elevation,4
single,497,ASPECT,4
single,497,LULC_states,12
single,498,secdf,4
single,498,range,4
single,498,primn,4
single,498,primf,4
single,498,pastr,4
single,498,c4per,4
single,498,c4ann,4
single,498,c3per,4
single,498,urban,4
single,498,secmb,4
single,498,secdn,4
single,498,secma,4
single,498,c3nfx,4
single,498,c3ann,4
single,498,number_of_people,4
single,498,kg_class,4
single,498,weighted_PCT_SAND,2
single,498,weighted_PCT_CLAY,2
single,498,SLOPE,2
single,498,elevation,2
single,498,weighted_ORGANIC,2
single,498,ASPECT,2
single,498,LULC_states,6
single,499,secdf,4
single,499,primn,4
single,499,pastr,4
single,499,range,4
single,499,primf,4
single,499,c4per,4
single,499,c4ann,4
single,499,secmb,4
single,499,urban,4
single,499,c3per,4
single,499,secdn,4
single,499,secma,4
single,499,c3nfx,4
single,499,c3ann,4
single,499,number_of_people,4
single,499,kg_class,4
single,499,weighted_PCT_CLAY,2
single,499,weighted_PCT_SAND,2
single,499,weighted_ORGANIC,2
single,499,SLOPE,2
single,499,ASPECT,2
single,499,elevation,2
single,499,LULC_states,6
single,500,secdf,8
single,500,range,8
single,500,primn,8
single,500,primf,8
single,500,pastr,8
single,500,c4per,8
single,500,c4ann,8
single,500,c3per,8
single,500,urban,8
single,500,secmb,8
single,500,secma,8
single,500,secdn,8
single,500,c3nfx,8
single,500,c3ann,8
single,500,number_of_people,8
single,500,kg_class,8
single,500,weighted_PCT_SAND,4
single,500,weighted_PCT_CLAY,4
single,500,weighted_ORGANIC,4
single,500,SLOPE,4
single,500,elevation,4
single,500,ASPECT,4
single,500,LULC_states,12
single,501,secdf,2
single,501,range,2
single,501,primn,2
single,501,primf,2
single,501,pastr,2
single,501,c4per,2
single,501,c3per,2
single,501,c4ann,2
single,501,urban,2
single,501,secmb,2
single,501,secma,2
single,501,secdn,2
single,501,c3nfx,2
single,501,c3ann,2
single,501,number_of_people,2
single,501,kg_class,2
single,501,weighted_PCT_SAND,1
single,501,weighted_PCT_CLAY,1
single,501,weighted_ORGANIC,1
single,501,elevation,1
single,501,SLOPE,1
single,501,ASPECT,1
single,501,LULC_states,3
single,502,secdf,2
single,502,range,2
single,502,primn,2
single,502,primf,2
single,502,pastr,2
single,502,c4per,2
single,502,c4ann,2
single,502,urban,2
single,502,secmb,2
single,502,c3per,2
single,502,secma,2
single,502,secdn,2
single,502,c3ann,2
single,502,c3nfx,2
single,502,number_of_people,2
single,502,kg_class,2
single,502,weighted_PCT_SAND,1
single,502,weighted_PCT_CLAY,1
single,502,weighted_ORGANIC,1
single,502,SLOPE,1
single,502,elevation,1
single,502,ASPECT,1
single,502,LULC_states,3
single,503,secdf,4
single,503,range,4
single,503,primn,4
single,503,primf,4
single,503,pastr,4
single,503,c4per,4
single,503,c4ann,4
single,503,c3per,4
single,503,urban,4
single,503,secmb,4
single,503,secma,4
single,503,secdn,4
single,503,c3ann,4
single,503,c3nfx,4
single,503,number_of_people,4
single,503,kg_class,4
single,503,weighted_PCT_SAND,2
single,503,weighted_PCT_CLAY,2
single,503,SLOPE,2
single,503,weighted_ORGANIC,2
single,503,elevation,2
single,503,ASPECT,2
single,503,LULC_states,6
single,504,secdf,4
single,504,range,4
single,504,primn,4
single,504,pastr,4
single,504,primf,4
single,504,c4per,4
single,504,c4ann,4
single,504,urban,4
single,504,secmb,4
single,504,secma,4
single,504,c3per,4
single,504,secdn,4
single,504,c3nfx,4
single,504,c3ann,4
single,504,number_of_people,4
single,504,kg_class,4
single,504,weighted_PCT_SAND,2
single,504,weighted_PCT_CLAY,2
single,504,SLOPE,2
single,504,elevation,2
single,504,weighted_ORGANIC,2
single,504,ASPECT,2
single,504,LULC_states,6
single,505,secdf,4
single,505,range,4
single,505,primf,4
single,505,c4per,4
single,505,primn,4
single,505,pastr,4
single,505,urban,4
single,505,c4ann,4
single,505,c3per,4
single,505,secmb,4
single,505,secdn,4
single,505,secma,4
single,505,c3ann,4
single,505,c3nfx,4
single,505,number_of_people,4
single,505,kg_class,4
single,505,weighted_PCT_SAND,2
single,505,weighted_PCT_CLAY,2
single,505,weighted_ORGANIC,2
single,505,SLOPE,2
single,505,elevation,2
single,505,ASPECT,2
single,505,LULC_states,6
single,506,secdf,4
single,506,range,4
single,506,primn,4
single,506,primf,4
single,506,pastr,4
single,506,c4per,4
single,506,c4ann,4
single,506,c3per,4
single,506,urban,4
single,506,secmb,4
single,506,secma,4
single,506,secdn,4
single,506,c3nfx,4
single,506,c3ann,4
single,506,number_of_people,4
single,506,kg_class,4
single,506,weighted_PCT_SAND,2
single,506,weighted_PCT_CLAY,2
single,506,weighted_ORGANIC,2
single,506,SLOPE,2
single,506,elevation,2
single,506,ASPECT,2
single,506,LULC_states,6
single,507,secdf,4
single,507,primn,4
single,507,range,4
single,507,primf,4
single,507,pastr,4
single,507,c3per,4
single,507,c4ann,4
single,507,c4per,4
single,507,urban,4
single,507,secma,4
single,507,secmb,4
single,507,secdn,4
single,507,c3nfx,4
single,507,c3ann,4
single,507,number_of_people,4
single,507,kg_class,4
single,507,weighted_PCT_SAND,2
single,507,weighted_PCT_CLAY,2
single,507,weighted_ORGANIC,2
single,507,SLOPE,2
single,507,elevation,2
single,507,ASPECT,2
single,507,LULC_states,6
single,508,secdf,8
single,508,range,8
single,508,primn,8
single,508,primf,8
single,508,pastr,8
single,508,c4per,8
single,508,c4ann,8
single,508,c3per,8
single,508,secmb,8
single,508,secma,8
single,508,urban,8
single,508,secdn,8
single,508,c3nfx,8
single,508,c3ann,8
single,508,number_of_people,8
single,508,kg_class,8
single,508,weighted_PCT_SAND,4
single,508,weighted_PCT_CLAY,4
single,508,weighted_ORGANIC,4
single,508,SLOPE,4
single,508,elevation,4
single,508,ASPECT,4
single,508,LULC_states,12
single,509,secdf,2
single,509,range,2
single,509,primn,2
single,509,primf,2
single,509,pastr,2
single,509,c4ann,2
single,509,c4per,2
single,509,urban,2
single,509,c3per,2
single,509,secmb,2
single,509,secma,2
single,509,secdn,2
single,509,c3nfx,2
single,509,c3ann,2
single,509,number_of_people,2
single,509,kg_class,2
single,509,weighted_PCT_SAND,1
single,509,weighted_PCT_CLAY,1
single,509,weighted_ORGANIC,1
single,509,SLOPE,1
single,509,ASPECT,1
single,509,elevation,1
single,509,LULC_states,3
single,510,secdf,2
single,510,primf,2
single,510,primn,2
single,510,range,2
single,510,pastr,2
single,510,c4per,2
single,510,c4ann,2
single,510,c3per,2
single,510,urban,2
single,510,secmb,2
single,510,secma,2
single,510,secdn,2
single,510,c3nfx,2
single,510,c3ann,2
single,510,number_of_people,2
single,510,kg_class,2
single,510,weighted_PCT_SAND,1
single,510,weighted_PCT_CLAY,1
single,510,weighted_ORGANIC,1
single,510,SLOPE,1
single,510,elevation,1
single,510,ASPECT,1
single,510,LULC_states,3
single,511,secdf,8
single,511,range,8
single,511,primn,8
single,511,primf,8
single,511,pastr,8
single,511,c4per,8
single,511,c3per,8
single,511,urban,8
single,511,c4ann,8
single,511,secmb,8
single,511,secma,8
single,511,secdn,8
single,511,c3nfx,8
single,511,c3ann,8
single,511,number_of_people,8
single,511,kg_class,8
single,511,weighted_PCT_SAND,4
single,511,weighted_PCT_CLAY,4
single,511,weighted_ORGANIC,4
single,511,SLOPE,4
single,511,elevation,4
single,511,ASPECT,4
single,511,LULC_states,12
single,512,secdf,2
single,512,range,2
single,512,primn,2
single,512,primf,2
single,512,pastr,2
single,512,c3per,2
single,512,c4ann,2
single,512,urban,2
single,512,c4per,2
single,512,secmb,2
single,512,secma,2
single,512,secdn,2
single,512,c3nfx,2
single,512,c3ann,2
single,512,number_of_people,2
single,512,kg_class,2
single,512,weighted_PCT_SAND,1
single,512,weighted_PCT_CLAY,1
single,512,weighted_ORGANIC,1
single,512,SLOPE,1
single,512,elevation,1
single,512,ASPECT,1
single,512,LULC_states,3
single,513,range,4
single,513,secdf,4
single,513,primn,4
single,513,primf,4
single,513,pastr,4
single,513,c4per,4
single,513,c4ann,4
single,513,c3per,4
single,513,urban,4
single,513,secmb,4
single,513,secma,4
single,513,c3ann,4
single,513,secdn,4
single,513,c3nfx,4
single,513,number_of_people,4
single,513,kg_class,4
single,513,weighted_PCT_SAND,2
single,513,weighted_PCT_CLAY,2
single,513,weighted_ORGANIC,2
single,513,SLOPE,2
single,513,elevation,2
single,513,ASPECT,2
single,513,LULC_states,6
single,514,range,4
single,514,secdf,4
single,514,primn,4
single,514,pastr,4
single,514,c4per,4
single,514,primf,4
single,514,c4ann,4
single,514,c3per,4
single,514,urban,4
single,514,secmb,4
single,514,secdn,4
single,514,c3ann,4
single,514,secma,4
single,514,c3nfx,4
single,514,number_of_people,4
single,514,kg_class,4
single,514,weighted_PCT_SAND,2
single,514,weighted_PCT_CLAY,2
single,514,weighted_ORGANIC,2
single,514,SLOPE,2
single,514,ASPECT,2
single,514,elevation,2
single,514,LULC_states,6
single,515,range,4
single,515,primf,4
single,515,primn,4
single,515,secdf,4
single,515,pastr,4
single,515,c4per,4
single,515,c4ann,4
single,515,urban,4
single,515,c3per,4
single,515,secmb,4
single,515,secma,4
single,515,secdn,4
single,515,c3ann,4
single,515,c3nfx,4
single,515,number_of_people,4
single,515,kg_class,4
single,515,weighted_PCT_SAND,2
single,515,weighted_PCT_CLAY,2
single,515,weighted_ORGANIC,2
single,515,SLOPE,2
single,515,ASPECT,2
single,515,elevation,2
single,515,LULC_states,6
single,516,secdf,2
single,516,range,2
single,516,primn,2
single,516,primf,2
single,516,pastr,2
single,516,c4per,2
single,516,c4ann,2
single,516,c3per,2
single,516,urban,2
single,516,secmb,2
single,516,secma,2
single,516,c3nfx,2
single,516,secdn,2
single,516,c3ann,2
single,516,number_of_people,2
single,516,kg_class,2
single,516,weighted_PCT_SAND,1
single,516,weighted_PCT_CLAY,1
single,516,weighted_ORGANIC,1
single,516,SLOPE,1
single,516,elevation,1
single,516,ASPECT,1
single,516,LULC_states,3
single,517,secdf,4
single,517,range,4
single,517,primn,4
single,517,pastr,4
single,517,primf,4
single,517,c4per,4
single,517,c4ann,4
single,517,c3per,4
single,517,urban,4
single,517,secma,4
single,517,secmb,4
single,517,c3ann,4
single,517,secdn,4
single,517,c3nfx,4
single,517,number_of_people,4
single,517,kg_class,4
single,517,weighted_PCT_CLAY,2
single,517,weighted_PCT_SAND,2
single,517,weighted_ORGANIC,2
single,517,SLOPE,2
single,517,elevation,2
single,517,ASPECT,2
single,517,LULC_states,6
single,518,secdf,4
single,518,primf,4
single,518,pastr,4
single,518,range,4
single,518,primn,4
single,518,c4per,4
single,518,c4ann,4
single,518,urban,4
single,518,secmb,4
single,518,c3per,4
single,518,secma,4
single,518,c3nfx,4
single,518,secdn,4
single,518,c3ann,4
single,518,number_of_people,4
single,518,kg_class,4
single,518,weighted_PCT_CLAY,2
single,518,weighted_PCT_SAND,2
single,518,weighted_ORGANIC,2
single,518,SLOPE,2
single,518,elevation,2
single,518,ASPECT,2
single,518,LULC_states,6
single,519,secdf,8
single,519,range,8
single,519,primn,8
single,519,primf,8
single,519,pastr,8
single,519,c4per,8
single,519,c4ann,8
single,519,c3per,8
single,519,urban,8
single,519,secmb,8
single,519,secma,8
single,519,secdn,8
single,519,c3nfx,8
single,519,c3ann,8
single,519,number_of_people,8
single,519,kg_class,8
single,519,weighted_PCT_SAND,4
single,519,weighted_PCT_CLAY,4
single,519,SLOPE,4
single,519,weighted_ORGANIC,4
single,519,elevation,4
single,519,ASPECT,4
single,519,LULC_states,12
single,520,secdf,8
single,520,range,8
single,520,primn,8
single,520,primf,8
single,520,pastr,8
single,520,c4per,8
single,520,c4ann,8
single,520,urban,8
single,520,c3per,8
single,520,secdn,8
single,520,secma,8
single,520,secmb,8
single,520,c3nfx,8
single,520,c3ann,8
single,520,number_of_people,8
single,520,kg_class,8
single,520,weighted_PCT_SAND,4
single,520,weighted_PCT_CLAY,4
single,520,weighted_ORGANIC,4
single,520,SLOPE,4
single,520,ASPECT,4
single,520,elevation,4
single,520,LULC_states,12
single,521,secdf,4
single,521,range,4
single,521,primn,4
single,521,primf,4
single,521,c4per,4
single,521,pastr,4
single,521,c3per,4
single,521,secmb,4
single,521,c4ann,4
single,521,secma,4
single,521,urban,4
single,521,secdn,4
single,521,c3nfx,4
single,521,c3ann,4
single,521,number_of_people,4
single,521,kg_class,4
single,521,weighted_PCT_SAND,2
single,521,weighted_PCT_CLAY,2
single,521,weighted_ORGANIC,2
single,521,SLOPE,2
single,521,ASPECT,2
single,521,elevation,2
single,521,LULC_states,6
single,522,secdf,4
single,522,primn,4
single,522,range,4
single,522,primf,4
single,522,pastr,4
single,522,c4per,4
single,522,c4ann,4
single,522,c3per,4
single,522,secmb,4
single,522,urban,4
single,522,secdn,4
single,522,secma,4
single,522,c3nfx,4
single,522,c3ann,4
single,522,number_of_people,4
single,522,kg_class,4
single,522,weighted_PCT_SAND,2
single,522,weighted_PCT_CLAY,2
single,522,weighted_ORGANIC,2
single,522,SLOPE,2
single,522,elevation,2
single,522,ASPECT,2
single,522,LULC_states,6
single,523,secdf,8
single,523,range,8
single,523,primn,8
single,523,primf,8
single,523,pastr,8
single,523,c4per,8
single,523,c4ann,8
single,523,c3per,8
single,523,urban,8
single,523,secmb,8
single,523,secdn,8
single,523,c3nfx,8
single,523,secma,8
single,523,c3ann,8
single,523,number_of_people,8
single,523,kg_class,8
single,523,weighted_PCT_SAND,4
single,523,weighted_PCT_CLAY,4
single,523,weighted_ORGANIC,4
single,523,SLOPE,4
single,523,elevation,4
single,523,ASPECT,4
single,523,LULC_states,12
single,524,secdf,4
single,524,primn,4
single,524,range,4
single,524,primf,4
single,524,pastr,4
single,524,c4per,4
single,524,urban,4
single,524,c4ann,4
single,524,c3per,4
single,524,secma,4
single,524,secdn,4
single,524,c3nfx,4
single,524,c3ann,4
single,524,secmb,4
single,524,number_of_people,4
single,524,kg_class,4
single,524,weighted_PCT_SAND,2
single,524,weighted_PCT_CLAY,2
single,524,SLOPE,2
single,524,weighted_ORGANIC,2
single,524,elevation,2
single,524,ASPECT,2
single,524,LULC_states,6
single,525,secdf,2
single,525,primn,2
single,525,range,2
single,525,primf,2
single,525,c4per,2
single,525,pastr,2
single,525,c4ann,2
single,525,c3per,2
single,525,secmb,2
single,525,urban,2
single,525,secdn,2
single,525,secma,2
single,525,c3nfx,2
single,525,c3ann,2
single,525,number_of_people,2
single,525,kg_class,2
single,525,weighted_PCT_SAND,1
single,525,weighted_PCT_CLAY,1
single,525,weighted_ORGANIC,1
single,525,SLOPE,1
single,525,elevation,1
single,525,ASPECT,1
single,525,LULC_states,3
single,526,secdf,4
single,526,range,4
single,526,primn,4
single,526,primf,4
single,526,pastr,4
single,526,c4ann,4
single,526,c4per,4
single,526,c3per,4
single,526,secmb,4
single,526,secma,4
single,526,urban,4
single,526,secdn,4
single,526,c3nfx,4
single,526,c3ann,4
single,526,number_of_people,4
single,526,kg_class,4
single,526,weighted_PCT_SAND,2
single,526,weighted_PCT_CLAY,2
single,526,weighted_ORGANIC,2
single,526,SLOPE,2
single,526,elevation,2
single,526,ASPECT,2
single,526,LULC_states,6
single,527,primf,4
single,527,secdf,4
single,527,primn,4
single,527,range,4
single,527,c4per,4
single,527,pastr,4
single,527,c4ann,4
single,527,c3per,4
single,527,urban,4
single,527,secma,4
single,527,secmb,4
single,527,secdn,4
single,527,c3nfx,4
single,527,c3ann,4
single,527,number_of_people,4
single,527,kg_class,4
single,527,weighted_PCT_SAND,2
single,527,weighted_PCT_CLAY,2
single,527,weighted_ORGANIC,2
single,527,SLOPE,2
single,527,elevation,2
single,527,ASPECT,2
single,527,LULC_states,6
single,528,secdf,4
single,528,primn,4
single,528,range,4
single,528,primf,4
single,528,pastr,4
single,528,c4per,4
single,528,c4ann,4
single,528,c3per,4
single,528,urban,4
single,528,secmb,4
single,528,secma,4
single,528,secdn,4
single,528,c3nfx,4
single,528,c3ann,4
single,528,number_of_people,4
single,528,kg_class,4
single,528,weighted_PCT_SAND,2
single,528,weighted_PCT_CLAY,2
single,528,weighted_ORGANIC,2
single,528,SLOPE,2
single,528,elevation,2
single,528,ASPECT,2
single,528,LULC_states,6
single,529,secdf,2
single,529,range,2
single,529,primf,2
single,529,primn,2
single,529,pastr,2
single,529,c4per,2
single,529,c4ann,2
single,529,c3per,2
single,529,secmb,2
single,529,urban,2
single,529,secma,2
single,529,secdn,2
single,529,c3nfx,2
single,529,c3ann,2
single,529,number_of_people,2
single,529,kg_class,2
single,529,weighted_PCT_SAND,1
single,529,weighted_PCT_CLAY,1
single,529,weighted_ORGANIC,1
single,529,SLOPE,1
single,529,ASPECT,1
single,529,elevation,1
single,529,LULC_states,3
single,530,range,4
single,530,secdf,4
single,530,primn,4
single,530,primf,4
single,530,pastr,4
single,530,c4per,4
single,530,c4ann,4
single,530,c3per,4
single,530,urban,4
single,530,secmb,4
single,530,secdn,4
single,530,secma,4
single,530,c3ann,4
single,530,c3nfx,4
single,530,number_of_people,4
single,530,kg_class,4
single,530,weighted_PCT_SAND,2
single,530,weighted_PCT_CLAY,2
single,530,weighted_ORGANIC,2
single,530,SLOPE,2
single,530,elevation,2
single,530,ASPECT,2
single,530,LULC_states,6
single,531,secdf,4
single,531,range,4
single,531,primn,4
single,531,primf,4
single,531,pastr,4
single,531,c3per,4
single,531,urban,4
single,531,c4per,4
single,531,c4ann,4
single,531,secmb,4
single,531,secma,4
single,531,secdn,4
single,531,c3nfx,4
single,531,c3ann,4
single,531,number_of_people,4
single,531,kg_class,4
single,531,weighted_PCT_SAND,2
single,531,weighted_PCT_CLAY,2
single,531,weighted_ORGANIC,2
single,531,SLOPE,2
single,531,elevation,2
single,531,ASPECT,2
single,531,LULC_states,6
single,532,secdf,4
single,532,range,4
single,532,primn,4
single,532,primf,4
single,532,pastr,4
single,532,c4per,4
single,532,c3per,4
single,532,urban,4
single,532,c4ann,4
single,532,secmb,4
single,532,secdn,4
single,532,secma,4
single,532,c3nfx,4
single,532,c3ann,4
single,532,number_of_people,4
single,532,kg_class,4
single,532,weighted_PCT_SAND,2
single,532,weighted_PCT_CLAY,2
single,532,weighted_ORGANIC,2
single,532,SLOPE,2
single,532,elevation,2
single,532,ASPECT,2
single,532,LULC_states,6
single,533,secdf,8
single,533,range,8
single,533,pastr,8
single,533,primf,8
single,533,c4per,8
single,533,primn,8
single,533,c4ann,8
single,533,c3per,8
single,533,urban,8
single,533,secmb,8
single,533,secma,8
single,533,secdn,8
single,533,c3nfx,8
single,533,c3ann,8
single,533,number_of_people,8
single,533,kg_class,8
single,533,weighted_PCT_SAND,4
single,533,weighted_PCT_CLAY,4
single,533,weighted_ORGANIC,4
single,533,SLOPE,4
single,533,elevation,4
single,533,ASPECT,4
single,533,LULC_states,12
single,534,secdf,8
single,534,range,8
single,534,primn,8
single,534,primf,8
single,534,pastr,8
single,534,c4per,8
single,534,c3per,8
single,534,secma,8
single,534,c4ann,8
single,534,secmb,8
single,534,urban,8
single,534,secdn,8
single,534,c3nfx,8
single,534,c3ann,8
single,534,number_of_people,8
single,534,kg_class,8
single,534,weighted_PCT_SAND,4
single,534,weighted_PCT_CLAY,4
single,534,weighted_ORGANIC,4
single,534,SLOPE,4
single,534,elevation,4
single,534,ASPECT,4
single,534,LULC_states,12
single,535,secdf,4
single,535,range,4
single,535,primn,4
single,535,pastr,4
single,535,primf,4
single,535,c4per,4
single,535,c3per,4
single,535,c4ann,4
single,535,urban,4
single,535,secmb,4
single,535,secdn,4
single,535,secma,4
single,535,c3nfx,4
single,535,c3ann,4
single,535,number_of_people,4
single,535,kg_class,4
single,535,weighted_PCT_SAND,2
single,535,weighted_PCT_CLAY,2
single,535,weighted_ORGANIC,2
single,535,elevation,2
single,535,SLOPE,2
single,535,ASPECT,2
single,535,LULC_states,6
single,536,primn,4
single,536,range,4
single,536,secdf,4
single,536,primf,4
single,536,c4per,4
single,536,pastr,4
single,536,c4ann,4
single,536,c3per,4
single,536,urban,4
single,536,secmb,4
single,536,secma,4
single,536,c3nfx,4
single,536,secdn,4
single,536,c3ann,4
single,536,number_of_people,4
single,536,kg_class,4
single,536,weighted_PCT_SAND,2
single,536,weighted_PCT_CLAY,2
single,536,weighted_ORGANIC,2
single,536,SLOPE,2
single,536,elevation,2
single,536,ASPECT,2
single,536,LULC_states,6
single,537,secdf,8
single,537,range,8
single,537,pastr,8
single,537,primf,8
single,537,primn,8
single,537,c4ann,8
single,537,urban,8
single,537,c4per,8
single,537,c3per,8
single,537,secmb,8
single,537,secma,8
single,537,secdn,8
single,537,c3nfx,8
single,537,c3ann,8
single,537,number_of_people,8
single,537,kg_class,8
single,537,weighted_PCT_CLAY,4
single,537,SLOPE,4
single,537,weighted_PCT_SAND,4
single,537,weighted_ORGANIC,4
single,537,elevation,4
single,537,ASPECT,4
single,537,LULC_states,12
single,538,secdf,8
single,538,primn,8
single,538,c4per,8
single,538,primf,8
single,538,c4ann,8
single,538,range,8
single,538,pastr,8
single,538,c3per,8
single,538,secmb,8
single,538,urban,8
single,538,secdn,8
single,538,secma,8
single,538,c3nfx,8
single,538,c3ann,8
single,538,number_of_people,8
single,538,kg_class,8
single,538,weighted_PCT_SAND,4
single,538,weighted_PCT_CLAY,4
single,538,weighted_ORGANIC,4
single,538,SLOPE,4
single,538,elevation,4
single,538,ASPECT,4
single,538,LULC_states,12
single,539,secdf,4
single,539,range,4
single,539,primn,4
single,539,pastr,4
single,539,primf,4
single,539,c4per,4
single,539,c4ann,4
single,539,c3per,4
single,539,urban,4
single,539,secmb,4
single,539,secma,4
single,539,secdn,4
single,539,c3nfx,4
single,539,c3ann,4
single,539,number_of_people,4
single,539,kg_class,4
single,539,weighted_PCT_SAND,2
single,539,weighted_PCT_CLAY,2
single,539,weighted_ORGANIC,2
single,539,SLOPE,2
single,539,elevation,2
single,539,ASPECT,2
single,539,LULC_states,6
single,540,secdf,4
single,540,range,4
single,540,primn,4
single,540,primf,4
single,540,pastr,4
single,540,c4per,4
single,540,c4ann,4
single,540,c3per,4
single,540,urban,4
single,540,secmb,4
single,540,secma,4
single,540,c3ann,4
single,540,secdn,4
single,540,c3nfx,4
single,540,number_of_people,4
single,540,kg_class,4
single,540,weighted_PCT_SAND,2
single,540,weighted_PCT_CLAY,2
single,540,weighted_ORGANIC,2
single,540,SLOPE,2
single,540,elevation,2
single,540,ASPECT,2
single,540,LULC_states,6
single,541,secdf,8
single,541,range,8
single,541,primn,8
single,541,primf,8
single,541,pastr,8
single,541,c4per,8
single,541,c4ann,8
single,541,c3per,8
single,541,urban,8
single,541,secmb,8
single,541,secma,8
single,541,secdn,8
single,541,c3nfx,8
single,541,c3ann,8
single,541,number_of_people,8
single,541,kg_class,8
single,541,weighted_PCT_SAND,4
single,541,weighted_PCT_CLAY,4
single,541,weighted_ORGANIC,4
single,541,SLOPE,4
single,541,elevation,4
single,541,ASPECT,4
single,541,LULC_states,12
single,542,secdf,4
single,542,range,4
single,542,primn,4
single,542,primf,4
single,542,pastr,4
single,542,c4per,4
single,542,c3per,4
single,542,secmb,4
single,542,c4ann,4
single,542,urban,4
single,542,secdn,4
single,542,secma,4
single,542,c3ann,4
single,542,c3nfx,4
single,542,number_of_people,4
single,542,kg_class,4
single,542,weighted_PCT_SAND,2
single,542,weighted_PCT_CLAY,2
single,542,weighted_ORGANIC,2
single,542,SLOPE,2
single,542,elevation,2
single,542,ASPECT,2
single,542,LULC_states,6
single,543,range,2
single,543,secdf,2
single,543,primn,2
single,543,primf,2
single,543,pastr,2
single,543,c4ann,2
single,543,c4per,2
single,543,urban,2
single,543,c3per,2
single,543,secmb,2
single,543,secma,2
single,543,secdn,2
single,543,c3nfx,2
single,543,c3ann,2
single,543,number_of_people,2
single,543,kg_class,2
single,543,weighted_PCT_SAND,1
single,543,weighted_PCT_CLAY,1
single,543,weighted_ORGANIC,1
single,543,SLOPE,1
single,543,elevation,1
single,543,ASPECT,1
single,543,LULC_states,3
single,544,range,8
single,544,pastr,8
single,544,primn,8
single,544,secdf,8
single,544,c4ann,8
single,544,primf,8
single,544,c4per,8
single,544,c3per,8
single,544,secmb,8
single,544,urban,8
single,544,secma,8
single,544,secdn,8
single,544,c3nfx,8
single,544,c3ann,8
single,544,number_of_people,8
single,544,kg_class,8
single,544,weighted_PCT_SAND,4
single,544,weighted_PCT_CLAY,4
single,544,weighted_ORGANIC,4
single,544,SLOPE,4
single,544,elevation,4
single,544,ASPECT,4
single,544,LULC_states,12
single,545,secdf,4
single,545,primn,4
single,545,range,4
single,545,primf,4
single,545,pastr,4
single,545,c4per,4
single,545,c4ann,4
single,545,c3per,4
single,545,urban,4
single,545,secdn,4
single,545,secmb,4
single,545,c3nfx,4
single,545,secma,4
single,545,c3ann,4
single,545,number_of_people,4
single,545,kg_class,4
single,545,weighted_PCT_CLAY,2
single,545,weighted_PCT_SAND,2
single,545,weighted_ORGANIC,2
single,545,elevation,2
single,545,SLOPE,2
single,545,ASPECT,2
single,545,LULC_states,6
single,546,range,8
single,546,secdf,8
single,546,primf,8
single,546,primn,8
single,546,c4ann,8
single,546,pastr,8
single,546,c3per,8
single,546,c4per,8
single,546,secmb,8
single,546,urban,8
single,546,secma,8
single,546,secdn,8
single,546,c3nfx,8
single,546,c3ann,8
single,546,number_of_people,8
single,546,kg_class,8
single,546,weighted_PCT_SAND,4
single,546,weighted_PCT_CLAY,4
single,546,weighted_ORGANIC,4
single,546,SLOPE,4
single,546,elevation,4
single,546,ASPECT,4
single,546,LULC_states,12
single,547,primn,8
single,547,primf,8
single,547,pastr,8
single,547,range,8
single,547,secdf,8
single,547,c4per,8
single,547,c4ann,8
single,547,urban,8
single,547,c3per,8
single,547,secmb,8
single,547,secdn,8
single,547,secma,8
single,547,c3nfx,8
single,547,c3ann,8
single,547,number_of_people,8
single,547,kg_class,8
single,547,weighted_PCT_SAND,4
single,547,weighted_PCT_CLAY,4
single,547,weighted_ORGANIC,4
single,547,SLOPE,4
single,547,elevation,4
single,547,ASPECT,4
single,547,LULC_states,12
single,548,secdf,8
single,548,pastr,8
single,548,range,8
single,548,primn,8
single,548,primf,8
single,548,c4per,8
single,548,urban,8
single,548,c4ann,8
single,548,c3per,8
single,548,secmb,8
single,548,c3ann,8
single,548,secdn,8
single,548,secma,8
single,548,c3nfx,8
single,548,number_of_people,8
single,548,kg_class,8
single,548,weighted_PCT_SAND,4
single,548,weighted_PCT_CLAY,4
single,548,weighted_ORGANIC,4
single,548,ASPECT,4
single,548,elevation,4
single,548,SLOPE,4
single,548,LULC_states,12
single,549,secdf,4
single,549,range,4
single,549,primn,4
single,549,pastr,4
single,549,primf,4
single,549,c4ann,4
single,549,c4per,4
single,549,c3per,4
single,549,urban,4
single,549,secmb,4
single,549,secma,4
single,549,secdn,4
single,549,c3nfx,4
single,549,c3ann,4
single,549,number_of_people,4
single,549,kg_class,4
single,549,weighted_PCT_SAND,2
single,549,weighted_PCT_CLAY,2
single,549,weighted_ORGANIC,2
single,549,SLOPE,2
single,549,elevation,2
single,549,ASPECT,2
single,549,LULC_states,6
single,550,secdf,8
single,550,range,8
single,550,primn,8
single,550,primf,8
single,550,pastr,8
single,550,c4per,8
single,550,c4ann,8
single,550,c3per,8
single,550,urban,8
single,550,secmb,8
single,550,secdn,8
single,550,secma,8
single,550,c3nfx,8
single,550,c3ann,8
single,550,number_of_people,8
single,550,kg_class,8
single,550,weighted_PCT_SAND,4
single,550,weighted_ORGANIC,4
single,550,weighted_PCT_CLAY,4
single,550,SLOPE,4
single,550,elevation,4
single,550,ASPECT,4
single,550,LULC_states,12
single,551,secdf,4
single,551,range,4
single,551,primn,4
single,551,primf,4
single,551,pastr,4
single,551,c4ann,4
single,551,c4per,4
single,551,c3per,4
single,551,secmb,4
single,551,urban,4
single,551,secdn,4
single,551,c3nfx,4
single,551,secma,4
single,551,c3ann,4
single,551,number_of_people,4
single,551,kg_class,4
single,551,weighted_PCT_SAND,2
single,551,weighted_PCT_CLAY,2
single,551,weighted_ORGANIC,2
single,551,SLOPE,2
single,551,elevation,2
single,551,ASPECT,2
single,551,LULC_states,6
single,552,primf,2
single,552,secdf,2
single,552,pastr,2
single,552,range,2
single,552,primn,2
single,552,c4per,2
single,552,secmb,2
single,552,c4ann,2
single,552,c3per,2
single,552,urban,2
single,552,secma,2
single,552,secdn,2
single,552,c3nfx,2
single,552,c3ann,2
single,552,number_of_people,2
single,552,kg_class,2
single,552,weighted_PCT_SAND,1
single,552,weighted_PCT_CLAY,1
single,552,weighted_ORGANIC,1
single,552,SLOPE,1
single,552,ASPECT,1
single,552,elevation,1
single,552,LULC_states,3
single,553,secdf,4
single,553,range,4
single,553,primn,4
single,553,primf,4
single,553,pastr,4
single,553,c4per,4
single,553,c3per,4
single,553,c4ann,4
single,553,urban,4
single,553,secma,4
single,553,c3nfx,4
single,553,secdn,4
single,553,secmb,4
single,553,c3ann,4
single,553,number_of_people,4
single,553,kg_class,4
single,553,weighted_PCT_SAND,2
single,553,weighted_PCT_CLAY,2
single,553,weighted_ORGANIC,2
single,553,SLOPE,2
single,553,elevation,2
single,553,ASPECT,2
single,553,LULC_states,6
single,554,primn,8
single,554,secdf,8
single,554,range,8
single,554,primf,8
single,554,c4per,8
single,554,pastr,8
single,554,c4ann,8
single,554,urban,8
single,554,c3per,8
single,554,secmb,8
single,554,secma,8
single,554,c3nfx,8
single,554,c3ann,8
single,554,secdn,8
single,554,number_of_people,8
single,554,kg_class,8
single,554,weighted_PCT_SAND,4
single,554,weighted_ORGANIC,4
single,554,SLOPE,4
single,554,weighted_PCT_CLAY,4
single,554,elevation,4
single,554,ASPECT,4
single,554,LULC_states,12
single,555,secdf,2
single,555,range,2
single,555,primn,2
single,555,primf,2
single,555,pastr,2
single,555,c4per,2
single,555,c4ann,2
single,555,c3per,2
single,555,urban,2
single,555,secma,2
single,555,secmb,2
single,555,secdn,2
single,555,c3nfx,2
single,555,c3ann,2
single,555,number_of_people,2
single,555,kg_class,2
single,555,weighted_PCT_SAND,1
single,555,weighted_PCT_CLAY,1
single,555,SLOPE,1
single,555,weighted_ORGANIC,1
single,555,elevation,1
single,555,ASPECT,1
single,555,LULC_states,3
single,556,range,8
single,556,secdf,8
single,556,primn,8
single,556,pastr,8
single,556,c4ann,8
single,556,primf,8
single,556,c4per,8
single,556,c3per,8
single,556,urban,8
single,556,secmb,8
single,556,secma,8
single,556,secdn,8
single,556,c3nfx,8
single,556,c3ann,8
single,556,number_of_people,8
single,556,kg_class,8
single,556,weighted_PCT_SAND,4
single,556,weighted_PCT_CLAY,4
single,556,weighted_ORGANIC,4
single,556,SLOPE,4
single,556,elevation,4
single,556,ASPECT,4
single,556,LULC_states,12
single,557,secdf,2
single,557,primn,2
single,557,range,2
single,557,pastr,2
single,557,primf,2
single,557,c4ann,2
single,557,c4per,2
single,557,c3per,2
single,557,secma,2
single,557,urban,2
single,557,secdn,2
single,557,secmb,2
single,557,c3nfx,2
single,557,c3ann,2
single,557,number_of_people,2
single,557,kg_class,2
single,557,weighted_PCT_SAND,1
single,557,weighted_PCT_CLAY,1
single,557,weighted_ORGANIC,1
single,557,SLOPE,1
single,557,elevation,1
single,557,ASPECT,1
single,557,LULC_states,3
single,558,secdf,4
single,558,range,4
single,558,primn,4
single,558,primf,4
single,558,pastr,4
single,558,c4per,4
single,558,c4ann,4
single,558,c3per,4
single,558,secmb,4
single,558,secma,4
single,558,urban,4
single,558,secdn,4
single,558,c3nfx,4
single,558,c3ann,4
single,558,number_of_people,4
single,558,kg_class,4
single,558,weighted_PCT_SAND,2
single,558,weighted_PCT_CLAY,2
single,558,weighted_ORGANIC,2
single,558,elevation,2
single,558,SLOPE,2
single,558,ASPECT,2
single,558,LULC_states,6
single,559,range,8
single,559,secdf,8
single,559,primn,8
single,559,primf,8
single,559,pastr,8
single,559,c4per,8
single,559,c4ann,8
single,559,c3per,8
single,559,urban,8
single,559,secmb,8
single,559,secma,8
single,559,secdn,8
single,559,c3nfx,8
single,559,c3ann,8
single,559,number_of_people,8
single,559,kg_class,8
single,559,weighted_PCT_SAND,4
single,559,weighted_PCT_CLAY,4
single,559,weighted_ORGANIC,4
single,559,SLOPE,4
single,559,ASPECT,4
single,559,elevation,4
single,559,LULC_states,12
single,560,secdf,2
single,560,range,2
single,560,primn,2
single,560,primf,2
single,560,c4per,2
single,560,c4ann,2
single,560,pastr,2
single,560,urban,2
single,560,secmb,2
single,560,c3per,2
single,560,secma,2
single,560,c3nfx,2
single,560,secdn,2
single,560,c3ann,2
single,560,number_of_people,2
single,560,kg_class,2
single,560,weighted_PCT_CLAY,1
single,560,weighted_PCT_SAND,1
single,560,weighted_ORGANIC,1
single,560,SLOPE,1
single,560,elevation,1
single,560,ASPECT,1
single,560,LULC_states,3
single,561,secdf,4
single,561,range,4
single,561,primn,4
single,561,primf,4
single,561,pastr,4
single,561,c4per,4
single,561,c4ann,4
single,561,c3per,4
single,561,urban,4
single,561,secmb,4
single,561,secma,4
single,561,secdn,4
single,561,c3nfx,4
single,561,c3ann,4
single,561,number_of_people,4
single,561,kg_class,4
single,561,weighted_PCT_SAND,2
single,561,weighted_PCT_CLAY,2
single,561,weighted_ORGANIC,2
single,561,SLOPE,2
single,561,elevation,2
single,561,ASPECT,2
single,561,LULC_states,6
single,562,secdf,8
single,562,range,8
single,562,primn,8
single,562,primf,8
single,562,pastr,8
single,562,c4ann,8
single,562,c4per,8
single,562,c3per,8
single,562,secmb,8
single,562,urban,8
single,562,c3nfx,8
single,562,secma,8
single,562,secdn,8
single,562,c3ann,8
single,562,number_of_people,8
single,562,kg_class,8
single,562,weighted_PCT_SAND,4
single,562,weighted_PCT_CLAY,4
single,562,weighted_ORGANIC,4
single,562,SLOPE,4
single,562,elevation,4
single,562,ASPECT,4
single,562,LULC_states,12
single,563,range,4
single,563,secdf,4
single,563,primn,4
single,563,primf,4
single,563,c4per,4
single,563,c4ann,4
single,563,pastr,4
single,563,c3per,4
single,563,secmb,4
single,563,urban,4
single,563,secma,4
single,563,secdn,4
single,563,c3nfx,4
single,563,c3ann,4
single,563,number_of_people,4
single,563,kg_class,4
single,563,weighted_PCT_SAND,2
single,563,weighted_PCT_CLAY,2
single,563,SLOPE,2
single,563,weighted_ORGANIC,2
single,563,ASPECT,2
single,563,elevation,2
single,563,LULC_states,6
single,564,secdf,2
single,564,range,2
single,564,primn,2
single,564,primf,2
single,564,pastr,2
single,564,c4per,2
single,564,c4ann,2
single,564,c3per,2
single,564,urban,2
single,564,secmb,2
single,564,secma,2
single,564,c3nfx,2
single,564,c3ann,2
single,564,secdn,2
single,564,number_of_people,2
single,564,kg_class,2
single,564,weighted_PCT_SAND,1
single,564,weighted_PCT_CLAY,1
single,564,weighted_ORGANIC,1
single,564,SLOPE,1
single,564,elevation,1
single,564,ASPECT,1
single,564,LULC_states,3
single,565,secdf,4
single,565,primn,4
single,565,range,4
single,565,c4per,4
single,565,primf,4
single,565,pastr,4
single,565,c4ann,4
single,565,c3per,4
single,565,urban,4
single,565,secmb,4
single,565,secma,4
single,565,c3nfx,4
single,565,secdn,4
single,565,c3ann,4
single,565,number_of_people,4
single,565,kg_class,4
single,565,weighted_PCT_SAND,2
single,565,weighted_ORGANIC,2
single,565,weighted_PCT_CLAY,2
single,565,SLOPE,2
single,565,elevation,2
single,565,ASPECT,2
single,565,LULC_states,6
single,566,secdf,8
single,566,range,8
single,566,primn,8
single,566,primf,8
single,566,pastr,8
single,566,c4per,8
single,566,c4ann,8
single,566,c3per,8
single,566,urban,8
single,566,secmb,8
single,566,secma,8
single,566,secdn,8
single,566,c3ann,8
single,566,c3nfx,8
single,566,number_of_people,8
single,566,kg_class,8
single,566,weighted_PCT_CLAY,4
single,566,weighted_PCT_SAND,4
single,566,weighted_ORGANIC,4
single,566,elevation,4
single,566,ASPECT,4
single,566,SLOPE,4
single,566,LULC_states,12
single,567,secdf,2
single,567,range,2
single,567,primn,2
single,567,primf,2
single,567,pastr,2
single,567,c4per,2
single,567,c4ann,2
single,567,urban,2
single,567,secmb,2
single,567,c3per,2
single,567,secma,2
single,567,secdn,2
single,567,c3nfx,2
single,567,c3ann,2
single,567,number_of_people,2
single,567,kg_class,2
single,567,weighted_PCT_SAND,1
single,567,weighted_PCT_CLAY,1
single,567,weighted_ORGANIC,1
single,567,SLOPE,1
single,567,elevation,1
single,567,ASPECT,1
single,567,LULC_states,3
single,568,secdf,4
single,568,range,4
single,568,primn,4
single,568,primf,4
single,568,c4per,4
single,568,pastr,4
single,568,c4ann,4
single,568,c3per,4
single,568,urban,4
single,568,secmb,4
single,568,secma,4
single,568,secdn,4
single,568,c3nfx,4
single,568,c3ann,4
single,568,number_of_people,4
single,568,kg_class,4
single,568,weighted_PCT_SAND,2
single,568,weighted_PCT_CLAY,2
single,568,weighted_ORGANIC,2
single,568,SLOPE,2
single,568,elevation,2
single,568,ASPECT,2
single,568,LULC_states,6
single,569,secdf,4
single,569,range,4
single,569,primn,4
single,569,primf,4
single,569,c4per,4
single,569,pastr,4
single,569,c4ann,4
single,569,urban,4
single,569,c3per,4
single,569,secma,4
single,569,secmb,4
single,569,secdn,4
single,569,c3nfx,4
single,569,c3ann,4
single,569,number_of_people,4
single,569,kg_class,4
single,569,weighted_PCT_SAND,2
single,569,weighted_PCT_CLAY,2
single,569,weighted_ORGANIC,2
single,569,SLOPE,2
single,569,elevation,2
single,569,ASPECT,2
single,569,LULC_states,6
single,570,secdf,4
single,570,range,4
single,570,primn,4
single,570,primf,4
single,570,c4per,4
single,570,pastr,4
single,570,c4ann,4
single,570,c3per,4
single,570,urban,4
single,570,secmb,4
single,570,secma,4
single,570,secdn,4
single,570,c3nfx,4
single,570,c3ann,4
single,570,number_of_people,4
single,570,kg_class,4
single,570,weighted_PCT_SAND,2
single,570,weighted_PCT_CLAY,2
single,570,weighted_ORGANIC,2
single,570,SLOPE,2
single,570,ASPECT,2
single,570,elevation,2
single,570,LULC_states,6
single,571,secdf,2
single,571,range,2
single,571,primn,2
single,571,primf,2
single,571,pastr,2
single,571,c4per,2
single,571,c4ann,2
single,571,urban,2
single,571,c3per,2
single,571,secmb,2
single,571,secdn,2
single,571,c3nfx,2
single,571,c3ann,2
single,571,secma,2
single,571,number_of_people,2
single,571,kg_class,2
single,571,weighted_PCT_SAND,1
single,571,weighted_PCT_CLAY,1
single,571,weighted_ORGANIC,1
single,571,SLOPE,1
single,571,elevation,1
single,571,ASPECT,1
single,571,LULC_states,3
single,572,secdf,2
single,572,range,2
single,572,primn,2
single,572,primf,2
single,572,pastr,2
single,572,c4per,2
single,572,c3per,2
single,572,c4ann,2
single,572,urban,2
single,572,secmb,2
single,572,secdn,2
single,572,secma,2
single,572,c3nfx,2
single,572,c3ann,2
single,572,number_of_people,2
single,572,kg_class,2
single,572,weighted_PCT_SAND,1
single,572,weighted_PCT_CLAY,1
single,572,weighted_ORGANIC,1
single,572,SLOPE,1
single,572,elevation,1
single,572,ASPECT,1
single,572,LULC_states,3
single,573,secdf,2
single,573,range,2
single,573,primn,2
single,573,primf,2
single,573,c4per,2
single,573,c4ann,2
single,573,pastr,2
single,573,c3per,2
single,573,urban,2
single,573,secma,2
single,573,secmb,2
single,573,c3nfx,2
single,573,c3ann,2
single,573,secdn,2
single,573,number_of_people,2
single,573,kg_class,2
single,573,weighted_PCT_SAND,1
single,573,weighted_ORGANIC,1
single,573,weighted_PCT_CLAY,1
single,573,SLOPE,1
single,573,elevation,1
single,573,ASPECT,1
single,573,LULC_states,3
single,574,secdf,8
single,574,range,8
single,574,primf,8
single,574,pastr,8
single,574,c4ann,8
single,574,primn,8
single,574,c3per,8
single,574,c4per,8
single,574,secma,8
single,574,urban,8
single,574,secmb,8
single,574,c3ann,8
single,574,secdn,8
single,574,c3nfx,8
single,574,number_of_people,8
single,574,kg_class,8
single,574,weighted_PCT_SAND,4
single,574,weighted_PCT_CLAY,4
single,574,SLOPE,4
single,574,weighted_ORGANIC,4
single,574,elevation,4
single,574,ASPECT,4
single,574,LULC_states,12
single,575,secdf,2
single,575,range,2
single,575,primn,2
single,575,pastr,2
single,575,primf,2
single,575,c4per,2
single,575,urban,2
single,575,c3per,2
single,575,secmb,2
single,575,secma,2
single,575,c4ann,2
single,575,secdn,2
single,575,c3nfx,2
single,575,c3ann,2
single,575,number_of_people,2
single,575,kg_class,2
single,575,weighted_PCT_SAND,1
single,575,weighted_PCT_CLAY,1
single,575,weighted_ORGANIC,1
single,575,SLOPE,1
single,575,elevation,1
single,575,ASPECT,1
single,575,LULC_states,3
single,576,secdf,2
single,576,range,2
single,576,primn,2
single,576,primf,2
single,576,pastr,2
single,576,c4per,2
single,576,c4ann,2
single,576,c3per,2
single,576,urban,2
single,576,secmb,2
single,576,secma,2
single,576,secdn,2
single,576,c3nfx,2
single,576,c3ann,2
single,576,number_of_people,2
single,576,kg_class,2
single,576,weighted_PCT_SAND,1
single,576,weighted_PCT_CLAY,1
single,576,weighted_ORGANIC,1
single,576,SLOPE,1
single,576,elevation,1
single,576,ASPECT,1
single,576,LULC_states,3
single,577,secdf,4
single,577,range,4
single,577,primf,4
single,577,primn,4
single,577,pastr,4
single,577,c4per,4
single,577,c4ann,4
single,577,c3per,4
single,577,urban,4
single,577,secma,4
single,577,c3nfx,4
single,577,secmb,4
single,577,c3ann,4
single,577,secdn,4
single,577,number_of_people,4
single,577,kg_class,4
single,577,weighted_PCT_SAND,2
single,577,weighted_PCT_CLAY,2
single,577,weighted_ORGANIC,2
single,577,SLOPE,2
single,577,elevation,2
single,577,ASPECT,2
single,577,LULC_states,6
single,578,secdf,4
single,578,range,4
single,578,primn,4
single,578,primf,4
single,578,pastr,4
single,578,c4per,4
single,578,c4ann,4
single,578,c3per,4
single,578,urban,4
single,578,secmb,4
single,578,secma,4
single,578,secdn,4
single,578,c3ann,4
single,578,c3nfx,4
single,578,number_of_people,4
single,578,kg_class,4
single,578,weighted_PCT_SAND,2
single,578,weighted_PCT_CLAY,2
single,578,weighted_ORGANIC,2
single,578,SLOPE,2
single,578,elevation,2
single,578,ASPECT,2
single,578,LULC_states,6
single,579,secdf,2
single,579,range,2
single,579,primn,2
single,579,pastr,2
single,579,primf,2
single,579,c4per,2
single,579,c4ann,2
single,579,urban,2
single,579,c3per,2
single,579,secmb,2
single,579,secma,2
single,579,secdn,2
single,579,c3nfx,2
single,579,c3ann,2
single,579,number_of_people,2
single,579,kg_class,2
single,579,weighted_PCT_SAND,1
single,579,weighted_PCT_CLAY,1
single,579,ASPECT,1
single,579,weighted_ORGANIC,1
single,579,elevation,1
single,579,SLOPE,1
single,579,LULC_states,3
single,580,range,8
single,580,secdf,8
single,580,primn,8
single,580,primf,8
single,580,pastr,8
single,580,c4per,8
single,580,c4ann,8
single,580,c3per,8
single,580,urban,8
single,580,secmb,8
single,580,secma,8
single,580,secdn,8
single,580,c3nfx,8
single,580,c3ann,8
single,580,number_of_people,8
single,580,kg_class,8
single,580,weighted_PCT_SAND,4
single,580,weighted_PCT_CLAY,4
single,580,SLOPE,4
single,580,weighted_ORGANIC,4
single,580,elevation,4
single,580,ASPECT,4
single,580,LULC_states,12
single,581,secdf,2
single,581,range,2
single,581,primn,2
single,581,primf,2
single,581,pastr,2
single,581,c4per,2
single,581,c4ann,2
single,581,c3per,2
single,581,urban,2
single,581,secmb,2
single,581,c3ann,2
single,581,secdn,2
single,581,c3nfx,2
single,581,secma,2
single,581,number_of_people,2
single,581,kg_class,2
single,581,weighted_PCT_SAND,1
single,581,weighted_PCT_CLAY,1
single,581,weighted_ORGANIC,1
single,581,SLOPE,1
single,581,elevation,1
single,581,ASPECT,1
single,581,LULC_states,3
single,582,secdf,8
single,582,range,8
single,582,primn,8
single,582,primf,8
single,582,pastr,8
single,582,c4per,8
single,582,c4ann,8
single,582,c3per,8
single,582,secmb,8
single,582,urban,8
single,582,secma,8
single,582,secdn,8
single,582,c3nfx,8
single,582,c3ann,8
single,582,number_of_people,8
single,582,kg_class,8
single,582,weighted_PCT_SAND,4
single,582,weighted_PCT_CLAY,4
single,582,weighted_ORGANIC,4
single,582,SLOPE,4
single,582,elevation,4
single,582,ASPECT,4
single,582,LULC_states,12
single,583,secdf,4
single,583,primn,4
single,583,range,4
single,583,primf,4
single,583,pastr,4
single,583,c4per,4
single,583,urban,4
single,583,c4ann,4
single,583,c3per,4
single,583,secmb,4
single,583,secma,4
single,583,secdn,4
single,583,c3nfx,4
single,583,c3ann,4
single,583,number_of_people,4
single,583,kg_class,4
single,583,weighted_PCT_SAND,2
single,583,weighted_PCT_CLAY,2
single,583,SLOPE,2
single,583,weighted_ORGANIC,2
single,583,elevation,2
single,583,ASPECT,2
single,583,LULC_states,6
single,584,secdf,2
single,584,primn,2
single,584,range,2
single,584,primf,2
single,584,pastr,2
single,584,c4per,2
single,584,c3per,2
single,584,c4ann,2
single,584,urban,2
single,584,secmb,2
single,584,secma,2
single,584,c3nfx,2
single,584,secdn,2
single,584,c3ann,2
single,584,number_of_people,2
single,584,kg_class,2
single,584,weighted_PCT_SAND,1
single,584,weighted_PCT_CLAY,1
single,584,weighted_ORGANIC,1
single,584,SLOPE,1
single,584,elevation,1
single,584,ASPECT,1
single,584,LULC_states,3
single,585,secdf,4
single,585,primn,4
single,585,range,4
single,585,primf,4
single,585,pastr,4
single,585,c4per,4
single,585,c3per,4
single,585,c4ann,4
single,585,secmb,4
single,585,secma,4
single,585,secdn,4
single,585,c3nfx,4
single,585,urban,4
single,585,c3ann,4
single,585,number_of_people,4
single,585,kg_class,4
single,585,weighted_PCT_SAND,2
single,585,weighted_PCT_CLAY,2
single,585,weighted_ORGANIC,2
single,585,SLOPE,2
single,585,elevation,2
single,585,ASPECT,2
single,585,LULC_states,6
single,586,secdf,4
single,586,range,4
single,586,primn,4
single,586,primf,4
single,586,pastr,4
single,586,c4per,4
single,586,c4ann,4
single,586,c3per,4
single,586,urban,4
single,586,secma,4
single,586,secmb,4
single,586,secdn,4
single,586,c3nfx,4
single,586,c3ann,4
single,586,number_of_people,4
single,586,kg_class,4
single,586,weighted_PCT_SAND,2
single,586,weighted_PCT_CLAY,2
single,586,weighted_ORGANIC,2
single,586,SLOPE,2
single,586,elevation,2
single,586,ASPECT,2
single,586,LULC_states,6
single,587,secdf,4
single,587,range,4
single,587,primn,4
single,587,primf,4
single,587,pastr,4
single,587,c4per,4
single,587,c4ann,4
single,587,c3per,4
single,587,urban,4
single,587,secmb,4
single,587,secma,4
single,587,secdn,4
single,587,c3nfx,4
single,587,c3ann,4
single,587,number_of_people,4
single,587,kg_class,4
single,587,weighted_PCT_SAND,2
single,587,weighted_PCT_CLAY,2
single,587,weighted_ORGANIC,2
single,587,SLOPE,2
single,587,elevation,2
single,587,ASPECT,2
single,587,LULC_states,6
single,588,secdf,4
single,588,range,4
single,588,primn,4
single,588,primf,4
single,588,c4per,4
single,588,pastr,4
single,588,c4ann,4
single,588,c3per,4
single,588,urban,4
single,588,secmb,4
single,588,secma,4
single,588,c3nfx,4
single,588,secdn,4
single,588,c3ann,4
single,588,number_of_people,4
single,588,kg_class,4
single,588,weighted_PCT_SAND,2
single,588,weighted_PCT_CLAY,2
single,588,SLOPE,2
single,588,weighted_ORGANIC,2
single,588,elevation,2
single,588,ASPECT,2
single,588,LULC_states,6
single,589,secdf,2
single,589,range,2
single,589,primf,2
single,589,primn,2
single,589,c4ann,2
single,589,pastr,2
single,589,c4per,2
single,589,urban,2
single,589,c3per,2
single,589,secma,2
single,589,secmb,2
single,589,secdn,2
single,589,c3nfx,2
single,589,c3ann,2
single,589,number_of_people,2
single,589,kg_class,2
single,589,weighted_PCT_SAND,1
single,589,weighted_PCT_CLAY,1
single,589,weighted_ORGANIC,1
single,589,SLOPE,1
single,589,elevation,1
single,589,ASPECT,1
single,589,LULC_states,3
single,590,range,4
single,590,secdf,4
single,590,primn,4
single,590,primf,4
single,590,pastr,4
single,590,c4per,4
single,590,c4ann,4
single,590,c3per,4
single,590,urban,4
single,590,secmb,4
single,590,secma,4
single,590,secdn,4
single,590,c3nfx,4
single,590,c3ann,4
single,590,number_of_people,4
single,590,kg_class,4
single,590,weighted_PCT_SAND,2
single,590,weighted_PCT_CLAY,2
single,590,weighted_ORGANIC,2
single,590,SLOPE,2
single,590,ASPECT,2
single,590,elevation,2
single,590,LULC_states,6
single,591,range,8
single,591,secdf,8
single,591,primn,8
single,591,primf,8
single,591,pastr,8
single,591,c4per,8
single,591,c4ann,8
single,591,c3per,8
single,591,secdn,8
single,591,urban,8
single,591,secmb,8
single,591,secma,8
single,591,c3nfx,8
single,591,c3ann,8
single,591,number_of_people,8
single,591,kg_class,8
single,591,weighted_PCT_SAND,4
single,591,weighted_PCT_CLAY,4
single,591,elevation,4
single,591,SLOPE,4
single,591,weighted_ORGANIC,4
single,591,ASPECT,4
single,591,LULC_states,12
single,592,secdf,4
single,592,primn,4
single,592,range,4
single,592,primf,4
single,592,pastr,4
single,592,c4per,4
single,592,secmb,4
single,592,c3per,4
single,592,c4ann,4
single,592,secma,4
single,592,urban,4
single,592,c3nfx,4
single,592,secdn,4
single,592,c3ann,4
single,592,number_of_people,4
single,592,kg_class,4
single,592,weighted_PCT_SAND,2
single,592,weighted_PCT_CLAY,2
single,592,weighted_ORGANIC,2
single,592,SLOPE,2
single,592,elevation,2
single,592,ASPECT,2
single,592,LULC_states,6
single,593,secdf,4
single,593,primn,4
single,593,range,4
single,593,primf,4
single,593,pastr,4
single,593,c4per,4
single,593,c4ann,4
single,593,c3per,4
single,593,secmb,4
single,593,urban,4
single,593,secma,4
single,593,secdn,4
single,593,c3nfx,4
single,593,c3ann,4
single,593,number_of_people,4
single,593,kg_class,4
single,593,weighted_PCT_SAND,2
single,593,weighted_PCT_CLAY,2
single,593,weighted_ORGANIC,2
single,593,SLOPE,2
single,593,elevation,2
single,593,ASPECT,2
single,593,LULC_states,6
single,594,secdf,2
single,594,range,2
single,594,primn,2
single,594,primf,2
single,594,pastr,2
single,594,c4per,2
single,594,c4ann,2
single,594,c3per,2
single,594,secmb,2
single,594,urban,2
single,594,secma,2
single,594,c3nfx,2
single,594,secdn,2
single,594,c3ann,2
single,594,number_of_people,2
single,594,kg_class,2
single,594,weighted_PCT_SAND,1
single,594,weighted_PCT_CLAY,1
single,594,weighted_ORGANIC,1
single,594,SLOPE,1
single,594,elevation,1
single,594,ASPECT,1
single,594,LULC_states,3
single,595,secdf,2
single,595,primn,2
single,595,range,2
single,595,primf,2
single,595,pastr,2
single,595,c4per,2
single,595,c4ann,2
single,595,c3per,2
single,595,urban,2
single,595,secma,2
single,595,secmb,2
single,595,secdn,2
single,595,c3nfx,2
single,595,c3ann,2
single,595,number_of_people,2
single,595,kg_class,2
single,595,weighted_PCT_SAND,1
single,595,weighted_PCT_CLAY,1
single,595,weighted_ORGANIC,1
single,595,SLOPE,1
single,595,elevation,1
single,595,ASPECT,1
single,595,LULC_states,3
single,596,secdf,4
single,596,range,4
single,596,primf,4
single,596,primn,4
single,596,pastr,4
single,596,c4per,4
single,596,c4ann,4
single,596,urban,4
single,596,c3per,4
single,596,secmb,4
single,596,secma,4
single,596,secdn,4
single,596,c3nfx,4
single,596,c3ann,4
single,596,number_of_people,4
single,596,kg_class,4
single,596,weighted_PCT_SAND,2
single,596,weighted_PCT_CLAY,2
single,596,weighted_ORGANIC,2
single,596,elevation,2
single,596,ASPECT,2
single,596,SLOPE,2
single,596,LULC_states,6
single,597,secdf,4
single,597,range,4
single,597,primn,4
single,597,primf,4
single,597,pastr,4
single,597,c4per,4
single,597,c3per,4
single,597,c4ann,4
single,597,urban,4
single,597,secmb,4
single,597,secma,4
single,597,secdn,4
single,597,c3nfx,4
single,597,c3ann,4
single,597,number_of_people,4
single,597,kg_class,4
single,597,weighted_PCT_SAND,2
single,597,weighted_PCT_CLAY,2
single,597,weighted_ORGANIC,2
single,597,SLOPE,2
single,597,elevation,2
single,597,ASPECT,2
single,597,LULC_states,6
single,598,secdf,4
single,598,range,4
single,598,primn,4
single,598,primf,4
single,598,pastr,4
single,598,c4per,4
single,598,c4ann,4
single,598,secmb,4
single,598,c3per,4
single,598,urban,4
single,598,secma,4
single,598,c3nfx,4
single,598,c3ann,4
single,598,secdn,4
single,598,number_of_people,4
single,598,kg_class,4
single,598,weighted_PCT_SAND,2
single,598,weighted_PCT_CLAY,2
single,598,SLOPE,2
single,598,weighted_ORGANIC,2
single,598,elevation,2
single,598,ASPECT,2
single,598,LULC_states,6
single,599,secdf,2
single,599,range,2
single,599,primn,2
single,599,primf,2
single,599,pastr,2
single,599,c4per,2
single,599,c4ann,2
single,599,c3per,2
single,599,urban,2
single,599,secmb,2
single,599,secma,2
single,599,secdn,2
single,599,c3nfx,2
single,599,c3ann,2
single,599,number_of_people,2
single,599,kg_class,2
single,599,weighted_PCT_SAND,1
single,599,weighted_PCT_CLAY,1
single,599,SLOPE,1
single,599,weighted_ORGANIC,1
single,599,elevation,1
single,599,ASPECT,1
single,599,LULC_states,3
single,600,secdf,2
single,600,range,2
single,600,primn,2
single,600,primf,2
single,600,pastr,2
single,600,c4ann,2
single,600,c4per,2
single,600,secma,2
single,600,c3per,2
single,600,urban,2
single,600,secdn,2
single,600,secmb,2
single,600,c3ann,2
single,600,c3nfx,2
single,600,number_of_people,2
single,600,kg_class,2
single,600,weighted_PCT_SAND,1
single,600,weighted_ORGANIC,1
single,600,weighted_PCT_CLAY,1
single,600,SLOPE,1
single,600,elevation,1
single,600,ASPECT,1
single,600,LULC_states,3
single,601,range,8
single,601,primn,8
single,601,secdf,8
single,601,primf,8
single,601,pastr,8
single,601,c4per,8
single,601,c4ann,8
single,601,c3per,8
single,601,urban,8
single,601,secmb,8
single,601,secma,8
single,601,secdn,8
single,601,c3nfx,8
single,601,c3ann,8
single,601,number_of_people,8
single,601,kg_class,8
single,601,weighted_PCT_SAND,4
single,601,weighted_PCT_CLAY,4
single,601,weighted_ORGANIC,4
single,601,SLOPE,4
single,601,elevation,4
single,601,ASPECT,4
single,601,LULC_states,12
single,602,secdf,4
single,602,range,4
single,602,primn,4
single,602,c4per,4
single,602,pastr,4
single,602,primf,4
single,602,c4ann,4
single,602,c3per,4
single,602,secmb,4
single,602,urban,4
single,602,secma,4
single,602,secdn,4
single,602,c3nfx,4
single,602,c3ann,4
single,602,number_of_people,4
single,602,kg_class,4
single,602,weighted_PCT_SAND,2
single,602,weighted_ORGANIC,2
single,602,weighted_PCT_CLAY,2
single,602,elevation,2
single,602,ASPECT,2
single,602,SLOPE,2
single,602,LULC_states,6
single,603,secdf,8
single,603,range,8
single,603,primn,8
single,603,primf,8
single,603,pastr,8
single,603,c4per,8
single,603,c4ann,8
single,603,urban,8
single,603,c3per,8
single,603,secmb,8
single,603,secdn,8
single,603,secma,8
single,603,c3nfx,8
single,603,c3ann,8
single,603,number_of_people,8
single,603,kg_class,8
single,603,weighted_PCT_SAND,4
single,603,weighted_ORGANIC,4
single,603,weighted_PCT_CLAY,4
single,603,SLOPE,4
single,603,elevation,4
single,603,ASPECT,4
single,603,LULC_states,12
single,604,secdf,2
single,604,primn,2
single,604,range,2
single,604,primf,2
single,604,pastr,2
single,604,c4per,2
single,604,c4ann,2
single,604,c3per,2
single,604,urban,2
single,604,secmb,2
single,604,secma,2
single,604,c3nfx,2
single,604,c3ann,2
single,604,secdn,2
single,604,number_of_people,2
single,604,kg_class,2
single,604,weighted_PCT_SAND,1
single,604,weighted_ORGANIC,1
single,604,weighted_PCT_CLAY,1
single,604,SLOPE,1
single,604,elevation,1
single,604,ASPECT,1
single,604,LULC_states,3
single,605,range,4
single,605,secdf,4
single,605,primf,4
single,605,primn,4
single,605,pastr,4
single,605,c4per,4
single,605,c4ann,4
single,605,c3per,4
single,605,urban,4
single,605,secmb,4
single,605,secma,4
single,605,c3nfx,4
single,605,secdn,4
single,605,c3ann,4
single,605,number_of_people,4
single,605,kg_class,4
single,605,weighted_PCT_SAND,2
single,605,weighted_PCT_CLAY,2
single,605,weighted_ORGANIC,2
single,605,SLOPE,2
single,605,elevation,2
single,605,ASPECT,2
single,605,LULC_states,6
single,606,secdf,2
single,606,range,2
single,606,primn,2
single,606,primf,2
single,606,pastr,2
single,606,c4per,2
single,606,c4ann,2
single,606,c3per,2
single,606,urban,2
single,606,secmb,2
single,606,secma,2
single,606,secdn,2
single,606,c3nfx,2
single,606,c3ann,2
single,606,number_of_people,2
single,606,kg_class,2
single,606,weighted_PCT_SAND,1
single,606,weighted_PCT_CLAY,1
single,606,weighted_ORGANIC,1
single,606,SLOPE,1
single,606,elevation,1
single,606,ASPECT,1
single,606,LULC_states,3
single,607,secdf,4
single,607,range,4
single,607,primn,4
single,607,primf,4
single,607,pastr,4
single,607,c4per,4
single,607,c4ann,4
single,607,c3per,4
single,607,urban,4
single,607,secmb,4
single,607,secma,4
single,607,c3ann,4
single,607,c3nfx,4
single,607,secdn,4
single,607,number_of_people,4
single,607,kg_class,4
single,607,weighted_PCT_SAND,2
single,607,weighted_PCT_CLAY,2
single,607,weighted_ORGANIC,2
single,607,elevation,2
single,607,ASPECT,2
single,607,SLOPE,2
single,607,LULC_states,6
single,608,secdf,8
single,608,range,8
single,608,primn,8
single,608,primf,8
single,608,pastr,8
single,608,c4per,8
single,608,c4ann,8
single,608,c3per,8
single,608,urban,8
single,608,secmb,8
single,608,secma,8
single,608,secdn,8
single,608,c3nfx,8
single,608,c3ann,8
single,608,number_of_people,8
single,608,kg_class,8
single,608,weighted_PCT_CLAY,4
single,608,weighted_PCT_SAND,4
single,608,weighted_ORGANIC,4
single,608,SLOPE,4
single,608,elevation,4
single,608,ASPECT,4
single,608,LULC_states,12
single,609,secdf,4
single,609,range,4
single,609,primn,4
single,609,pastr,4
single,609,primf,4
single,609,c4per,4
single,609,c4ann,4
single,609,c3per,4
single,609,urban,4
single,609,secmb,4
single,609,secma,4
single,609,secdn,4
single,609,c3ann,4
single,609,c3nfx,4
single,609,number_of_people,4
single,609,kg_class,4
single,609,weighted_PCT_SAND,2
single,609,weighted_PCT_CLAY,2
single,609,weighted_ORGANIC,2
single,609,elevation,2
single,609,SLOPE,2
single,609,ASPECT,2
single,609,LULC_states,6
single,610,secdf,4
single,610,range,4
single,610,primn,4
single,610,primf,4
single,610,c4per,4
single,610,pastr,4
single,610,c4ann,4
single,610,c3per,4
single,610,urban,4
single,610,secmb,4
single,610,secma,4
single,610,secdn,4
single,610,c3nfx,4
single,610,c3ann,4
single,610,number_of_people,4
single,610,kg_class,4
single,610,weighted_PCT_SAND,2
single,610,weighted_PCT_CLAY,2
single,610,weighted_ORGANIC,2
single,610,SLOPE,2
single,610,elevation,2
single,610,ASPECT,2
single,610,LULC_states,6
single,611,secdf,2
single,611,range,2
single,611,primn,2
single,611,primf,2
single,611,pastr,2
single,611,c4per,2
single,611,c4ann,2
single,611,c3per,2
single,611,urban,2
single,611,secmb,2
single,611,secdn,2
single,611,c3nfx,2
single,611,c3ann,2
single,611,secma,2
single,611,number_of_people,2
single,611,kg_class,2
single,611,weighted_PCT_SAND,1
single,611,weighted_PCT_CLAY,1
single,611,weighted_ORGANIC,1
single,611,SLOPE,1
single,611,elevation,1
single,611,ASPECT,1
single,611,LULC_states,3
single,612,secdf,2
single,612,range,2
single,612,primn,2
single,612,primf,2
single,612,pastr,2
single,612,c4per,2
single,612,c4ann,2
single,612,urban,2
single,612,c3per,2
single,612,secma,2
single,612,secmb,2
single,612,secdn,2
single,612,c3nfx,2
single,612,c3ann,2
single,612,number_of_people,2
single,612,kg_class,2
single,612,weighted_PCT_SAND,1
single,612,weighted_PCT_CLAY,1
single,612,weighted_ORGANIC,1
single,612,SLOPE,1
single,612,elevation,1
single,612,ASPECT,1
single,612,LULC_states,3
single,613,secdf,4
single,613,range,4
single,613,primn,4
single,613,primf,4
single,613,pastr,4
single,613,c4per,4
single,613,c4ann,4
single,613,c3per,4
single,613,urban,4
single,613,secma,4
single,613,secdn,4
single,613,secmb,4
single,613,c3nfx,4
single,613,c3ann,4
single,613,number_of_people,4
single,613,kg_class,4
single,613,weighted_PCT_SAND,2
single,613,weighted_PCT_CLAY,2
single,613,SLOPE,2
single,613,weighted_ORGANIC,2
single,613,elevation,2
single,613,ASPECT,2
single,613,LULC_states,6
single,614,secdf,4
single,614,range,4
single,614,primn,4
single,614,primf,4
single,614,pastr,4
single,614,c4per,4
single,614,c4ann,4
single,614,urban,4
single,614,c3per,4
single,614,secmb,4
single,614,secma,4
single,614,secdn,4
single,614,c3ann,4
single,614,c3nfx,4
single,614,number_of_people,4
single,614,kg_class,4
single,614,weighted_PCT_SAND,2
single,614,weighted_ORGANIC,2
single,614,weighted_PCT_CLAY,2
single,614,SLOPE,2
single,614,elevation,2
single,614,ASPECT,2
single,614,LULC_states,6
single,615,secdf,2
single,615,range,2
single,615,primn,2
single,615,primf,2
single,615,pastr,2
single,615,c4per,2
single,615,c3per,2
single,615,urban,2
single,615,secmb,2
single,615,secma,2
single,615,c4ann,2
single,615,secdn,2
single,615,c3nfx,2
single,615,c3ann,2
single,615,number_of_people,2
single,615,kg_class,2
single,615,weighted_PCT_SAND,1
single,615,weighted_PCT_CLAY,1
single,615,weighted_ORGANIC,1
single,615,SLOPE,1
single,615,elevation,1
single,615,ASPECT,1
single,615,LULC_states,3
single,616,range,4
single,616,primf,4
single,616,secdf,4
single,616,c4ann,4
single,616,primn,4
single,616,pastr,4
single,616,c4per,4
single,616,c3per,4
single,616,secmb,4
single,616,secma,4
single,616,urban,4
single,616,secdn,4
single,616,c3nfx,4
single,616,c3ann,4
single,616,number_of_people,4
single,616,kg_class,4
single,616,weighted_PCT_SAND,2
single,616,weighted_PCT_CLAY,2
single,616,weighted_ORGANIC,2
single,616,SLOPE,2
single,616,elevation,2
single,616,ASPECT,2
single,616,LULC_states,6
single,617,secdf,8
single,617,range,8
single,617,primn,8
single,617,c4per,8
single,617,c4ann,8
single,617,primf,8
single,617,c3per,8
single,617,pastr,8
single,617,secmb,8
single,617,secma,8
single,617,urban,8
single,617,c3nfx,8
single,617,c3ann,8
single,617,secdn,8
single,617,number_of_people,8
single,617,kg_class,8
single,617,weighted_PCT_SAND,4
single,617,weighted_PCT_CLAY,4
single,617,weighted_ORGANIC,4
single,617,SLOPE,4
single,617,elevation,4
single,617,ASPECT,4
single,617,LULC_states,12
single,618,secdf,8
single,618,range,8
single,618,primn,8
single,618,primf,8
single,618,c4per,8
single,618,c4ann,8
single,618,pastr,8
single,618,c3per,8
single,618,urban,8
single,618,secdn,8
single,618,secmb,8
single,618,secma,8
single,618,c3nfx,8
single,618,c3ann,8
single,618,number_of_people,8
single,618,kg_class,8
single,618,weighted_PCT_SAND,4
single,618,weighted_PCT_CLAY,4
single,618,weighted_ORGANIC,4
single,618,SLOPE,4
single,618,elevation,4
single,618,ASPECT,4
single,618,LULC_states,12
single,619,secdf,4
single,619,range,4
single,619,primn,4
single,619,primf,4
single,619,pastr,4
single,619,c4per,4
single,619,c4ann,4
single,619,c3per,4
single,619,urban,4
single,619,secmb,4
single,619,secma,4
single,619,secdn,4
single,619,c3nfx,4
single,619,c3ann,4
single,619,number_of_people,4
single,619,kg_class,4
single,619,weighted_PCT_SAND,2
single,619,weighted_PCT_CLAY,2
single,619,weighted_ORGANIC,2
single,619,SLOPE,2
single,619,elevation,2
single,619,ASPECT,2
single,619,LULC_states,6
single,620,secdf,2
single,620,range,2
single,620,primn,2
single,620,primf,2
single,620,pastr,2
single,620,c4per,2
single,620,c3per,2
single,620,c4ann,2
single,620,urban,2
single,620,secmb,2
single,620,secma,2
single,620,secdn,2
single,620,c3nfx,2
single,620,c3ann,2
single,620,number_of_people,2
single,620,kg_class,2
single,620,weighted_PCT_SAND,1
single,620,weighted_PCT_CLAY,1
single,620,weighted_ORGANIC,1
single,620,SLOPE,1
single,620,elevation,1
single,620,ASPECT,1
single,620,LULC_states,3
single,621,secdf,8
single,621,range,8
single,621,primn,8
single,621,primf,8
single,621,pastr,8
single,621,c4ann,8
single,621,c3per,8
single,621,c4per,8
single,621,secmb,8
single,621,secma,8
single,621,urban,8
single,621,secdn,8
single,621,c3ann,8
single,621,c3nfx,8
single,621,number_of_people,8
single,621,kg_class,8
single,621,weighted_PCT_SAND,4
single,621,weighted_PCT_CLAY,4
single,621,weighted_ORGANIC,4
single,621,SLOPE,4
single,621,elevation,4
single,621,ASPECT,4
single,621,LULC_states,12
single,622,secdf,4
single,622,primf,4
single,622,primn,4
single,622,range,4
single,622,pastr,4
single,622,c4per,4
single,622,c3per,4
single,622,c4ann,4
single,622,urban,4
single,622,secmb,4
single,622,secma,4
single,622,secdn,4
single,622,c3nfx,4
single,622,c3ann,4
single,622,number_of_people,4
single,622,kg_class,4
single,622,weighted_PCT_SAND,2
single,622,weighted_PCT_CLAY,2
single,622,weighted_ORGANIC,2
single,622,SLOPE,2
single,622,ASPECT,2
single,622,elevation,2
single,622,LULC_states,6
single,623,secdf,8
single,623,range,8
single,623,primf,8
single,623,primn,8
single,623,pastr,8
single,623,c4per,8
single,623,c4ann,8
single,623,c3per,8
single,623,urban,8
single,623,secmb,8
single,623,secma,8
single,623,secdn,8
single,623,c3nfx,8
single,623,c3ann,8
single,623,number_of_people,8
single,623,kg_class,8
single,623,weighted_PCT_SAND,4
single,623,weighted_ORGANIC,4
single,623,weighted_PCT_CLAY,4
single,623,SLOPE,4
single,623,elevation,4
single,623,ASPECT,4
single,623,LULC_states,12
single,624,secdf,4
single,624,range,4
single,624,primn,4
single,624,primf,4
single,624,pastr,4
single,624,c4per,4
single,624,c3per,4
single,624,urban,4
single,624,c4ann,4
single,624,secmb,4
single,624,secma,4
single,624,secdn,4
single,624,c3nfx,4
single,624,c3ann,4
single,624,number_of_people,4
single,624,kg_class,4
single,624,weighted_PCT_SAND,2
single,624,weighted_PCT_CLAY,2
single,624,weighted_ORGANIC,2
single,624,SLOPE,2
single,624,elevation,2
single,624,ASPECT,2
single,624,LULC_states,6
single,625,primn,4
single,625,range,4
single,625,secdf,4
single,625,pastr,4
single,625,primf,4
single,625,c4per,4
single,625,c4ann,4
single,625,c3per,4
single,625,urban,4
single,625,secmb,4
single,625,secma,4
single,625,c3nfx,4
single,625,c3ann,4
single,625,secdn,4
single,625,number_of_people,4
single,625,kg_class,4
single,625,weighted_PCT_SAND,2
single,625,weighted_PCT_CLAY,2
single,625,weighted_ORGANIC,2
single,625,SLOPE,2
single,625,elevation,2
single,625,ASPECT,2
single,625,LULC_states,6
single,626,secdf,8
single,626,range,8
single,626,primn,8
single,626,primf,8
single,626,c4per,8
single,626,pastr,8
single,626,c4ann,8
single,626,c3per,8
single,626,urban,8
single,626,secmb,8
single,626,secma,8
single,626,secdn,8
single,626,c3nfx,8
single,626,c3ann,8
single,626,number_of_people,8
single,626,kg_class,8
single,626,weighted_PCT_SAND,4
single,626,weighted_PCT_CLAY,4
single,626,weighted_ORGANIC,4
single,626,SLOPE,4
single,626,elevation,4
single,626,ASPECT,4
single,626,LULC_states,12
single,627,secdf,4
single,627,range,4
single,627,primf,4
single,627,primn,4
single,627,pastr,4
single,627,c4per,4
single,627,c3per,4
single,627,c4ann,4
single,627,urban,4
single,627,secmb,4
single,627,secma,4
single,627,secdn,4
single,627,c3nfx,4
single,627,c3ann,4
single,627,number_of_people,4
single,627,kg_class,4
single,627,weighted_PCT_SAND,2
single,627,weighted_PCT_CLAY,2
single,627,weighted_ORGANIC,2
single,627,elevation,2
single,627,SLOPE,2
single,627,ASPECT,2
single,627,LULC_states,6
single,628,secdf,4
single,628,primn,4
single,628,range,4
single,628,primf,4
single,628,pastr,4
single,628,c4per,4
single,628,c4ann,4
single,628,c3per,4
single,628,urban,4
single,628,secmb,4
single,628,secma,4
single,628,c3nfx,4
single,628,secdn,4
single,628,c3ann,4
single,628,number_of_people,4
single,628,kg_class,4
single,628,weighted_PCT_SAND,2
single,628,weighted_PCT_CLAY,2
single,628,weighted_ORGANIC,2
single,628,SLOPE,2
single,628,elevation,2
single,628,ASPECT,2
single,628,LULC_states,6
single,629,secdf,4
single,629,primn,4
single,629,primf,4
single,629,range,4
single,629,pastr,4
single,629,c4ann,4
single,629,c4per,4
single,629,c3per,4
single,629,urban,4
single,629,secmb,4
single,629,secma,4
single,629,secdn,4
single,629,c3nfx,4
single,629,c3ann,4
single,629,number_of_people,4
single,629,kg_class,4
single,629,weighted_PCT_SAND,2
single,629,weighted_PCT_CLAY,2
single,629,weighted_ORGANIC,2
single,629,SLOPE,2
single,629,elevation,2
single,629,ASPECT,2
single,629,LULC_states,6
single,630,range,4
single,630,primf,4
single,630,secdf,4
single,630,pastr,4
single,630,primn,4
single,630,c4per,4
single,630,c4ann,4
single,630,urban,4
single,630,c3per,4
single,630,secmb,4
single,630,secma,4
single,630,secdn,4
single,630,c3nfx,4
single,630,c3ann,4
single,630,number_of_people,4
single,630,kg_class,4
single,630,weighted_PCT_SAND,2
single,630,weighted_PCT_CLAY,2
single,630,weighted_ORGANIC,2
single,630,SLOPE,2
single,630,ASPECT,2
single,630,elevation,2
single,630,LULC_states,6
single,631,secdf,8
single,631,primn,8
single,631,range,8
single,631,c4per,8
single,631,primf,8
single,631,pastr,8
single,631,c3per,8
single,631,secma,8
single,631,urban,8
single,631,c4ann,8
single,631,secmb,8
single,631,c3nfx,8
single,631,secdn,8
single,631,c3ann,8
single,631,number_of_people,8
single,631,kg_class,8
single,631,weighted_PCT_SAND,4
single,631,weighted_PCT_CLAY,4
single,631,weighted_ORGANIC,4
single,631,SLOPE,4
single,631,elevation,4
single,631,ASPECT,4
single,631,LULC_states,12
single,632,secdf,8
single,632,range,8
single,632,primn,8
single,632,primf,8
single,632,pastr,8
single,632,c4ann,8
single,632,c4per,8
single,632,c3per,8
single,632,urban,8
single,632,secmb,8
single,632,secma,8
single,632,secdn,8
single,632,c3nfx,8
single,632,c3ann,8
single,632,number_of_people,8
single,632,kg_class,8
single,632,weighted_PCT_SAND,4
single,632,weighted_PCT_CLAY,4
single,632,weighted_ORGANIC,4
single,632,SLOPE,4
single,632,ASPECT,4
single,632,elevation,4
single,632,LULC_states,12
single,633,secdf,8
single,633,range,8
single,633,primn,8
single,633,primf,8
single,633,pastr,8
single,633,c4per,8
single,633,c3per,8
single,633,c4ann,8
single,633,urban,8
single,633,secmb,8
single,633,secdn,8
single,633,c3ann,8
single,633,secma,8
single,633,c3nfx,8
single,633,number_of_people,8
single,633,kg_class,8
single,633,weighted_PCT_SAND,4
single,633,weighted_PCT_CLAY,4
single,633,elevation,4
single,633,weighted_ORGANIC,4
single,633,SLOPE,4
single,633,ASPECT,4
single,633,LULC_states,12
single,634,secdf,2
single,634,range,2
single,634,primn,2
single,634,primf,2
single,634,c4per,2
single,634,pastr,2
single,634,c4ann,2
single,634,c3per,2
single,634,urban,2
single,634,secma,2
single,634,secmb,2
single,634,c3ann,2
single,634,c3nfx,2
single,634,secdn,2
single,634,number_of_people,2
single,634,kg_class,2
single,634,weighted_PCT_SAND,1
single,634,weighted_PCT_CLAY,1
single,634,weighted_ORGANIC,1
single,634,SLOPE,1
single,634,elevation,1
single,634,ASPECT,1
single,634,LULC_states,3
single,635,secdf,2
single,635,range,2
single,635,primn,2
single,635,primf,2
single,635,c4per,2
single,635,pastr,2
single,635,c3per,2
single,635,urban,2
single,635,c4ann,2
single,635,secmb,2
single,635,secdn,2
single,635,secma,2
single,635,c3nfx,2
single,635,c3ann,2
single,635,number_of_people,2
single,635,kg_class,2
single,635,weighted_PCT_SAND,1
single,635,weighted_PCT_CLAY,1
single,635,weighted_ORGANIC,1
single,635,SLOPE,1
single,635,elevation,1
single,635,ASPECT,1
single,635,LULC_states,3
single,636,secdf,4
single,636,range,4
single,636,primn,4
single,636,primf,4
single,636,pastr,4
single,636,c4per,4
single,636,c4ann,4
single,636,c3per,4
single,636,urban,4
single,636,secmb,4
single,636,secma,4
single,636,secdn,4
single,636,c3nfx,4
single,636,c3ann,4
single,636,number_of_people,4
single,636,kg_class,4
single,636,weighted_PCT_SAND,2
single,636,SLOPE,2
single,636,weighted_PCT_CLAY,2
single,636,weighted_ORGANIC,2
single,636,elevation,2
single,636,ASPECT,2
single,636,LULC_states,6
single,637,secdf,4
single,637,range,4
single,637,primn,4
single,637,primf,4
single,637,pastr,4
single,637,c4per,4
single,637,c4ann,4
single,637,c3per,4
single,637,urban,4
single,637,secmb,4
single,637,secma,4
single,637,secdn,4
single,637,c3nfx,4
single,637,c3ann,4
single,637,number_of_people,4
single,637,kg_class,4
single,637,weighted_PCT_SAND,2
single,637,weighted_ORGANIC,2
single,637,weighted_PCT_CLAY,2
single,637,elevation,2
single,637,SLOPE,2
single,637,ASPECT,2
single,637,LULC_states,6
single,638,range,8
single,638,secdf,8
single,638,primn,8
single,638,primf,8
single,638,pastr,8
single,638,c4ann,8
single,638,c4per,8
single,638,c3per,8
single,638,secmb,8
single,638,secma,8
single,638,urban,8
single,638,c3nfx,8
single,638,secdn,8
single,638,c3ann,8
single,638,number_of_people,8
single,638,kg_class,8
single,638,weighted_PCT_SAND,4
single,638,weighted_ORGANIC,4
single,638,weighted_PCT_CLAY,4
single,638,SLOPE,4
single,638,elevation,4
single,638,ASPECT,4
single,638,LULC_states,12
single,639,secdf,8
single,639,range,8
single,639,primn,8
single,639,pastr,8
single,639,primf,8
single,639,c4per,8
single,639,c4ann,8
single,639,c3per,8
single,639,urban,8
single,639,secmb,8
single,639,secma,8
single,639,secdn,8
single,639,c3ann,8
single,639,c3nfx,8
single,639,number_of_people,8
single,639,kg_class,8
single,639,weighted_PCT_SAND,4
single,639,weighted_PCT_CLAY,4
single,639,weighted_ORGANIC,4
single,639,SLOPE,4
single,639,elevation,4
single,639,ASPECT,4
single,639,LULC_states,12
single,640,secdf,4
single,640,range,4
single,640,primn,4
single,640,pastr,4
single,640,primf,4
single,640,c4per,4
single,640,c4ann,4
single,640,c3per,4
single,640,urban,4
single,640,secmb,4
single,640,c3nfx,4
single,640,secma,4
single,640,secdn,4
single,640,c3ann,4
single,640,number_of_people,4
single,640,kg_class,4
single,640,weighted_PCT_SAND,2
single,640,weighted_PCT_CLAY,2
single,640,weighted_ORGANIC,2
single,640,SLOPE,2
single,640,elevation,2
single,640,ASPECT,2
single,640,LULC_states,6
single,641,secdf,8
single,641,range,8
single,641,primn,8
single,641,primf,8
single,641,c4per,8
single,641,c4ann,8
single,641,c3per,8
single,641,urban,8
single,641,pastr,8
single,641,secmb,8
single,641,secma,8
single,641,c3ann,8
single,641,secdn,8
single,641,c3nfx,8
single,641,number_of_people,8
single,641,kg_class,8
single,641,weighted_PCT_SAND,4
single,641,weighted_PCT_CLAY,4
single,641,weighted_ORGANIC,4
single,641,SLOPE,4
single,641,elevation,4
single,641,ASPECT,4
single,641,LULC_states,12
single,642,secdf,4
single,642,primn,4
single,642,primf,4
single,642,range,4
single,642,pastr,4
single,642,c4per,4
single,642,c4ann,4
single,642,c3per,4
single,642,secma,4
single,642,urban,4
single,642,secmb,4
single,642,secdn,4
single,642,c3ann,4
single,642,c3nfx,4
single,642,number_of_people,4
single,642,kg_class,4
single,642,weighted_PCT_SAND,2
single,642,weighted_PCT_CLAY,2
single,642,weighted_ORGANIC,2
single,642,ASPECT,2
single,642,elevation,2
single,642,SLOPE,2
single,642,LULC_states,6
single,643,range,8
single,643,secdf,8
single,643,primn,8
single,643,primf,8
single,643,c4per,8
single,643,c4ann,8
single,643,c3per,8
single,643,pastr,8
single,643,urban,8
single,643,secma,8
single,643,secdn,8
single,643,secmb,8
single,643,c3nfx,8
single,643,c3ann,8
single,643,number_of_people,8
single,643,kg_class,8
single,643,weighted_PCT_SAND,4
single,643,weighted_PCT_CLAY,4
single,643,weighted_ORGANIC,4
single,643,SLOPE,4
single,643,elevation,4
single,643,ASPECT,4
single,643,LULC_states,12
single,644,secdf,2
single,644,range,2
single,644,primn,2
single,644,primf,2
single,644,pastr,2
single,644,c4ann,2
single,644,c3per,2
single,644,c4per,2
single,644,urban,2
single,644,secmb,2
single,644,secma,2
single,644,secdn,2
single,644,c3nfx,2
single,644,c3ann,2
single,644,number_of_people,2
single,644,kg_class,2
single,644,weighted_PCT_SAND,1
single,644,weighted_ORGANIC,1
single,644,SLOPE,1
single,644,weighted_PCT_CLAY,1
single,644,elevation,1
single,644,ASPECT,1
single,644,LULC_states,3
single,645,secdf,2
single,645,range,2
single,645,primn,2
single,645,primf,2
single,645,pastr,2
single,645,c4ann,2
single,645,c4per,2
single,645,c3per,2
single,645,urban,2
single,645,secma,2
single,645,secmb,2
single,645,c3nfx,2
single,645,secdn,2
single,645,c3ann,2
single,645,number_of_people,2
single,645,kg_class,2
single,645,weighted_PCT_SAND,1
single,645,weighted_PCT_CLAY,1
single,645,weighted_ORGANIC,1
single,645,SLOPE,1
single,645,elevation,1
single,645,ASPECT,1
single,645,LULC_states,3
single,646,secdf,8
single,646,primn,8
single,646,range,8
single,646,primf,8
single,646,pastr,8
single,646,c4per,8
single,646,c4ann,8
single,646,c3per,8
single,646,urban,8
single,646,secmb,8
single,646,secma,8
single,646,secdn,8
single,646,c3nfx,8
single,646,c3ann,8
single,646,number_of_people,8
single,646,kg_class,8
single,646,weighted_PCT_SAND,4
single,646,weighted_PCT_CLAY,4
single,646,weighted_ORGANIC,4
single,646,SLOPE,4
single,646,elevation,4
single,646,ASPECT,4
single,646,LULC_states,12
single,647,range,2
single,647,primn,2
single,647,secdf,2
single,647,pastr,2
single,647,primf,2
single,647,c4per,2
single,647,c4ann,2
single,647,urban,2
single,647,c3per,2
single,647,secmb,2
single,647,secma,2
single,647,secdn,2
single,647,c3nfx,2
single,647,c3ann,2
single,647,number_of_people,2
single,647,kg_class,2
single,647,weighted_PCT_SAND,1
single,647,weighted_PCT_CLAY,1
single,647,weighted_ORGANIC,1
single,647,SLOPE,1
single,647,elevation,1
single,647,ASPECT,1
single,647,LULC_states,3
single,648,secdf,8
single,648,range,8
single,648,primn,8
single,648,pastr,8
single,648,primf,8
single,648,c4per,8
single,648,c4ann,8
single,648,c3per,8
single,648,urban,8
single,648,secmb,8
single,648,secma,8
single,648,secdn,8
single,648,c3nfx,8
single,648,c3ann,8
single,648,number_of_people,8
single,648,kg_class,8
single,648,weighted_PCT_SAND,4
single,648,weighted_PCT_CLAY,4
single,648,weighted_ORGANIC,4
single,648,SLOPE,4
single,648,elevation,4
single,648,ASPECT,4
single,648,LULC_states,12
single,649,secdf,8
single,649,range,8
single,649,primn,8
single,649,primf,8
single,649,c4per,8
single,649,pastr,8
single,649,c4ann,8
single,649,c3per,8
single,649,urban,8
single,649,secmb,8
single,649,secma,8
single,649,c3nfx,8
single,649,secdn,8
single,649,c3ann,8
single,649,number_of_people,8
single,649,kg_class,8
single,649,weighted_PCT_SAND,4
single,649,weighted_PCT_CLAY,4
single,649,weighted_ORGANIC,4
single,649,SLOPE,4
single,649,elevation,4
single,649,ASPECT,4
single,649,LULC_states,12
single,650,range,4
single,650,secdf,4
single,650,primn,4
single,650,primf,4
single,650,pastr,4
single,650,c4per,4
single,650,c4ann,4
single,650,c3per,4
single,650,urban,4
single,650,secmb,4
single,650,secma,4
single,650,secdn,4
single,650,c3nfx,4
single,650,c3ann,4
single,650,number_of_people,4
single,650,kg_class,4
single,650,weighted_PCT_SAND,2
single,650,weighted_PCT_CLAY,2
single,650,weighted_ORGANIC,2
single,650,SLOPE,2
single,650,elevation,2
single,650,ASPECT,2
single,650,LULC_states,6
single,651,secdf,4
single,651,range,4
single,651,primn,4
single,651,pastr,4
single,651,c4per,4
single,651,c4ann,4
single,651,primf,4
single,651,c3per,4
single,651,urban,4
single,651,secmb,4
single,651,c3nfx,4
single,651,secma,4
single,651,secdn,4
single,651,c3ann,4
single,651,number_of_people,4
single,651,kg_class,4
single,651,weighted_PCT_SAND,2
single,651,weighted_PCT_CLAY,2
single,651,SLOPE,2
single,651,weighted_ORGANIC,2
single,651,elevation,2
single,651,ASPECT,2
single,651,LULC_states,6
single,652,range,2
single,652,primn,2
single,652,primf,2
single,652,secdf,2
single,652,pastr,2
single,652,c4per,2
single,652,c4ann,2
single,652,c3per,2
single,652,secma,2
single,652,secmb,2
single,652,urban,2
single,652,secdn,2
single,652,c3nfx,2
single,652,c3ann,2
single,652,number_of_people,2
single,652,kg_class,2
single,652,weighted_PCT_SAND,1
single,652,weighted_PCT_CLAY,1
single,652,weighted_ORGANIC,1
single,652,SLOPE,1
single,652,elevation,1
single,652,ASPECT,1
single,652,LULC_states,3
single,653,secdf,4
single,653,range,4
single,653,primn,4
single,653,primf,4
single,653,pastr,4
single,653,c3per,4
single,653,c4per,4
single,653,c4ann,4
single,653,secmb,4
single,653,urban,4
single,653,secma,4
single,653,secdn,4
single,653,c3ann,4
single,653,c3nfx,4
single,653,number_of_people,4
single,653,kg_class,4
single,653,weighted_PCT_SAND,2
single,653,weighted_PCT_CLAY,2
single,653,weighted_ORGANIC,2
single,653,elevation,2
single,653,SLOPE,2
single,653,ASPECT,2
single,653,LULC_states,6
single,654,c4per,4
single,654,secdf,4
single,654,primf,4
single,654,primn,4
single,654,range,4
single,654,pastr,4
single,654,c4ann,4
single,654,secmb,4
single,654,c3per,4
single,654,urban,4
single,654,secdn,4
single,654,c3nfx,4
single,654,c3ann,4
single,654,secma,4
single,654,number_of_people,4
single,654,kg_class,4
single,654,weighted_PCT_SAND,2
single,654,weighted_PCT_CLAY,2
single,654,weighted_ORGANIC,2
single,654,SLOPE,2
single,654,elevation,2
single,654,ASPECT,2
single,654,LULC_states,6
single,655,range,2
single,655,secdf,2
single,655,primn,2
single,655,primf,2
single,655,pastr,2
single,655,c4per,2
single,655,c3per,2
single,655,secmb,2
single,655,c4ann,2
single,655,urban,2
single,655,secma,2
single,655,secdn,2
single,655,c3nfx,2
single,655,c3ann,2
single,655,number_of_people,2
single,655,kg_class,2
single,655,weighted_PCT_SAND,1
single,655,weighted_PCT_CLAY,1
single,655,SLOPE,1
single,655,ASPECT,1
single,655,elevation,1
single,655,weighted_ORGANIC,1
single,655,LULC_states,3
single,656,secdf,4
single,656,primf,4
single,656,pastr,4
single,656,range,4
single,656,primn,4
single,656,c3per,4
single,656,c4per,4
single,656,c4ann,4
single,656,urban,4
single,656,secdn,4
single,656,c3nfx,4
single,656,secma,4
single,656,secmb,4
single,656,c3ann,4
single,656,number_of_people,4
single,656,kg_class,4
single,656,weighted_PCT_SAND,2
single,656,weighted_PCT_CLAY,2
single,656,weighted_ORGANIC,2
single,656,SLOPE,2
single,656,elevation,2
single,656,ASPECT,2
single,656,LULC_states,6
single,657,secdf,4
single,657,range,4
single,657,primn,4
single,657,primf,4
single,657,pastr,4
single,657,c4per,4
single,657,c4ann,4
single,657,c3per,4
single,657,urban,4
single,657,secdn,4
single,657,secma,4
single,657,secmb,4
single,657,c3nfx,4
single,657,c3ann,4
single,657,number_of_people,4
single,657,kg_class,4
single,657,weighted_PCT_SAND,2
single,657,weighted_PCT_CLAY,2
single,657,weighted_ORGANIC,2
single,657,SLOPE,2
single,657,elevation,2
single,657,ASPECT,2
single,657,LULC_states,6
single,658,secdf,4
single,658,range,4
single,658,primn,4
single,658,primf,4
single,658,pastr,4
single,658,c4ann,4
single,658,c4per,4
single,658,c3per,4
single,658,secmb,4
single,658,secma,4
single,658,urban,4
single,658,secdn,4
single,658,c3ann,4
single,658,c3nfx,4
single,658,number_of_people,4
single,658,kg_class,4
single,658,weighted_PCT_SAND,2
single,658,weighted_PCT_CLAY,2
single,658,weighted_ORGANIC,2
single,658,SLOPE,2
single,658,elevation,2
single,658,ASPECT,2
single,658,LULC_states,6
single,659,secdf,4
single,659,primn,4
single,659,range,4
single,659,primf,4
single,659,pastr,4
single,659,c4per,4
single,659,c4ann,4
single,659,c3per,4
single,659,secmb,4
single,659,urban,4
single,659,secma,4
single,659,secdn,4
single,659,c3nfx,4
single,659,c3ann,4
single,659,number_of_people,4
single,659,kg_class,4
single,659,weighted_PCT_SAND,2
single,659,weighted_PCT_CLAY,2
single,659,weighted_ORGANIC,2
single,659,ASPECT,2
single,659,SLOPE,2
single,659,elevation,2
single,659,LULC_states,6
single,660,secdf,4
single,660,primn,4
single,660,primf,4
single,660,range,4
single,660,pastr,4
single,660,c3per,4
single,660,c4per,4
single,660,urban,4
single,660,c4ann,4
single,660,secma,4
single,660,secmb,4
single,660,secdn,4
single,660,c3ann,4
single,660,c3nfx,4
single,660,number_of_people,4
single,660,kg_class,4
single,660,weighted_PCT_SAND,2
single,660,weighted_PCT_CLAY,2
single,660,weighted_ORGANIC,2
single,660,SLOPE,2
single,660,elevation,2
single,660,ASPECT,2
single,660,LULC_states,6
single,661,secdf,4
single,661,range,4
single,661,primn,4
single,661,primf,4
single,661,pastr,4
single,661,c4per,4
single,661,c4ann,4
single,661,c3per,4
single,661,secmb,4
single,661,urban,4
single,661,secma,4
single,661,secdn,4
single,661,c3nfx,4
single,661,c3ann,4
single,661,number_of_people,4
single,661,kg_class,4
single,661,weighted_PCT_SAND,2
single,661,weighted_PCT_CLAY,2
single,661,weighted_ORGANIC,2
single,661,elevation,2
single,661,ASPECT,2
single,661,SLOPE,2
single,661,LULC_states,6
single,662,secdf,4
single,662,range,4
single,662,primn,4
single,662,primf,4
single,662,c4ann,4
single,662,pastr,4
single,662,c3per,4
single,662,c4per,4
single,662,secmb,4
single,662,urban,4
single,662,c3nfx,4
single,662,secdn,4
single,662,secma,4
single,662,c3ann,4
single,662,number_of_people,4
single,662,kg_class,4
single,662,weighted_PCT_SAND,2
single,662,weighted_PCT_CLAY,2
single,662,weighted_ORGANIC,2
single,662,SLOPE,2
single,662,elevation,2
single,662,ASPECT,2
single,662,LULC_states,6
single,663,secdf,8
single,663,range,8
single,663,primn,8
single,663,primf,8
single,663,pastr,8
single,663,c4ann,8
single,663,urban,8
single,663,c3per,8
single,663,c4per,8
single,663,secmb,8
single,663,secma,8
single,663,secdn,8
single,663,c3nfx,8
single,663,c3ann,8
single,663,number_of_people,8
single,663,kg_class,8
single,663,weighted_PCT_SAND,4
single,663,weighted_PCT_CLAY,4
single,663,weighted_ORGANIC,4
single,663,SLOPE,4
single,663,elevation,4
single,663,ASPECT,4
single,663,LULC_states,12
single,664,range,8
single,664,secdf,8
single,664,primn,8
single,664,primf,8
single,664,pastr,8
single,664,c4per,8
single,664,c4ann,8
single,664,c3per,8
single,664,urban,8
single,664,secmb,8
single,664,secma,8
single,664,secdn,8
single,664,c3nfx,8
single,664,c3ann,8
single,664,number_of_people,8
single,664,kg_class,8
single,664,weighted_PCT_SAND,4
single,664,weighted_PCT_CLAY,4
single,664,weighted_ORGANIC,4
single,664,SLOPE,4
single,664,elevation,4
single,664,ASPECT,4
single,664,LULC_states,12
single,665,range,8
single,665,secdf,8
single,665,primn,8
single,665,pastr,8
single,665,primf,8
single,665,c4per,8
single,665,c4ann,8
single,665,c3per,8
single,665,urban,8
single,665,secma,8
single,665,c3nfx,8
single,665,secdn,8
single,665,secmb,8
single,665,c3ann,8
single,665,number_of_people,8
single,665,kg_class,8
single,665,weighted_PCT_SAND,4
single,665,weighted_PCT_CLAY,4
single,665,weighted_ORGANIC,4
single,665,SLOPE,4
single,665,elevation,4
single,665,ASPECT,4
single,665,LULC_states,12
single,666,secdf,2
single,666,range,2
single,666,primf,2
single,666,primn,2
single,666,pastr,2
single,666,c4per,2
single,666,c4ann,2
single,666,c3per,2
single,666,secmb,2
single,666,urban,2
single,666,secdn,2
single,666,c3nfx,2
single,666,secma,2
single,666,c3ann,2
single,666,number_of_people,2
single,666,kg_class,2
single,666,weighted_PCT_SAND,1
single,666,weighted_PCT_CLAY,1
single,666,weighted_ORGANIC,1
single,666,SLOPE,1
single,666,elevation,1
single,666,ASPECT,1
single,666,LULC_states,3
single,667,secdf,8
single,667,range,8
single,667,primn,8
single,667,primf,8
single,667,pastr,8
single,667,c4per,8
single,667,c4ann,8
single,667,c3per,8
single,667,urban,8
single,667,secmb,8
single,667,secma,8
single,667,secdn,8
single,667,c3nfx,8
single,667,c3ann,8
single,667,number_of_people,8
single,667,kg_class,8
single,667,weighted_PCT_SAND,4
single,667,weighted_PCT_CLAY,4
single,667,weighted_ORGANIC,4
single,667,SLOPE,4
single,667,elevation,4
single,667,ASPECT,4
single,667,LULC_states,12
single,668,secdf,8
single,668,range,8
single,668,primn,8
single,668,primf,8
single,668,c4per,8
single,668,pastr,8
single,668,c4ann,8
single,668,c3per,8
single,668,urban,8
single,668,secmb,8
single,668,secma,8
single,668,c3nfx,8
single,668,c3ann,8
single,668,secdn,8
single,668,number_of_people,8
single,668,kg_class,8
single,668,weighted_PCT_SAND,4
single,668,SLOPE,4
single,668,weighted_ORGANIC,4
single,668,weighted_PCT_CLAY,4
single,668,elevation,4
single,668,ASPECT,4
single,668,LULC_states,12
single,669,secdf,4
single,669,range,4
single,669,primn,4
single,669,primf,4
single,669,pastr,4
single,669,c4per,4
single,669,c4ann,4
single,669,c3per,4
single,669,secmb,4
single,669,secma,4
single,669,urban,4
single,669,secdn,4
single,669,c3nfx,4
single,669,c3ann,4
single,669,number_of_people,4
single,669,kg_class,4
single,669,weighted_PCT_SAND,2
single,669,weighted_PCT_CLAY,2
single,669,weighted_ORGANIC,2
single,669,elevation,2
single,669,ASPECT,2
single,669,SLOPE,2
single,669,LULC_states,6
single,670,secdf,4
single,670,range,4
single,670,primn,4
single,670,primf,4
single,670,pastr,4
single,670,c4per,4
single,670,c4ann,4
single,670,c3per,4
single,670,urban,4
single,670,secmb,4
single,670,secdn,4
single,670,secma,4
single,670,c3nfx,4
single,670,c3ann,4
single,670,number_of_people,4
single,670,kg_class,4
single,670,weighted_PCT_SAND,2
single,670,weighted_PCT_CLAY,2
single,670,weighted_ORGANIC,2
single,670,SLOPE,2
single,670,elevation,2
single,670,ASPECT,2
single,670,LULC_states,6
single,671,secdf,8
single,671,range,8
single,671,primf,8
single,671,primn,8
single,671,pastr,8
single,671,c3per,8
single,671,c4per,8
single,671,c4ann,8
single,671,secma,8
single,671,secmb,8
single,671,urban,8
single,671,secdn,8
single,671,c3nfx,8
single,671,c3ann,8
single,671,number_of_people,8
single,671,kg_class,8
single,671,weighted_PCT_SAND,4
single,671,weighted_PCT_CLAY,4
single,671,weighted_ORGANIC,4
single,671,SLOPE,4
single,671,ASPECT,4
single,671,elevation,4
single,671,LULC_states,12
single,672,secdf,2
single,672,range,2
single,672,primn,2
single,672,pastr,2
single,672,primf,2
single,672,c4per,2
single,672,c4ann,2
single,672,c3per,2
single,672,urban,2
single,672,secmb,2
single,672,secma,2
single,672,secdn,2
single,672,c3nfx,2
single,672,c3ann,2
single,672,number_of_people,2
single,672,kg_class,2
single,672,weighted_PCT_SAND,1
single,672,weighted_PCT_CLAY,1
single,672,weighted_ORGANIC,1
single,672,SLOPE,1
single,672,elevation,1
single,672,ASPECT,1
single,672,LULC_states,3
single,673,secdf,8
single,673,primn,8
single,673,range,8
single,673,primf,8
single,673,pastr,8
single,673,c4ann,8
single,673,c4per,8
single,673,c3per,8
single,673,urban,8
single,673,secmb,8
single,673,secma,8
single,673,c3nfx,8
single,673,secdn,8
single,673,c3ann,8
single,673,number_of_people,8
single,673,kg_class,8
single,673,weighted_PCT_SAND,4
single,673,weighted_PCT_CLAY,4
single,673,weighted_ORGANIC,4
single,673,SLOPE,4
single,673,elevation,4
single,673,ASPECT,4
single,673,LULC_states,12
single,674,secdf,4
single,674,range,4
single,674,primn,4
single,674,primf,4
single,674,pastr,4
single,674,c4per,4
single,674,c4ann,4
single,674,c3per,4
single,674,urban,4
single,674,secmb,4
single,674,secma,4
single,674,secdn,4
single,674,c3nfx,4
single,674,c3ann,4
single,674,number_of_people,4
single,674,kg_class,4
single,674,weighted_PCT_SAND,2
single,674,weighted_PCT_CLAY,2
single,674,weighted_ORGANIC,2
single,674,SLOPE,2
single,674,elevation,2
single,674,ASPECT,2
single,674,LULC_states,6
single,675,secdf,4
single,675,range,4
single,675,primn,4
single,675,primf,4
single,675,pastr,4
single,675,c4ann,4
single,675,c4per,4
single,675,c3per,4
single,675,urban,4
single,675,secmb,4
single,675,secma,4
single,675,secdn,4
single,675,c3nfx,4
single,675,c3ann,4
single,675,number_of_people,4
single,675,kg_class,4
single,675,weighted_PCT_CLAY,2
single,675,weighted_PCT_SAND,2
single,675,weighted_ORGANIC,2
single,675,SLOPE,2
single,675,elevation,2
single,675,ASPECT,2
single,675,LULC_states,6
single,676,secdf,2
single,676,primn,2
single,676,range,2
single,676,primf,2
single,676,pastr,2
single,676,c4per,2
single,676,c4ann,2
single,676,urban,2
single,676,c3per,2
single,676,secmb,2
single,676,secma,2
single,676,secdn,2
single,676,c3nfx,2
single,676,c3ann,2
single,676,number_of_people,2
single,676,kg_class,2
single,676,weighted_PCT_CLAY,1
single,676,weighted_ORGANIC,1
single,676,weighted_PCT_SAND,1
single,676,SLOPE,1
single,676,elevation,1
single,676,ASPECT,1
single,676,LULC_states,3
single,677,secdf,4
single,677,range,4
single,677,primn,4
single,677,c4per,4
single,677,pastr,4
single,677,primf,4
single,677,c4ann,4
single,677,c3per,4
single,677,secmb,4
single,677,urban,4
single,677,secdn,4
single,677,secma,4
single,677,c3nfx,4
single,677,c3ann,4
single,677,number_of_people,4
single,677,kg_class,4
single,677,weighted_PCT_SAND,2
single,677,weighted_PCT_CLAY,2
single,677,weighted_ORGANIC,2
single,677,SLOPE,2
single,677,elevation,2
single,677,ASPECT,2
single,677,LULC_states,6
single,678,secdf,2
single,678,range,2
single,678,primn,2
single,678,primf,2
single,678,pastr,2
single,678,c4per,2
single,678,c4ann,2
single,678,urban,2
single,678,secmb,2
single,678,secdn,2
single,678,c3per,2
single,678,secma,2
single,678,c3nfx,2
single,678,c3ann,2
single,678,number_of_people,2
single,678,kg_class,2
single,678,weighted_PCT_SAND,1
single,678,weighted_PCT_CLAY,1
single,678,weighted_ORGANIC,1
single,678,SLOPE,1
single,678,elevation,1
single,678,ASPECT,1
single,678,LULC_states,3
single,679,range,4
single,679,primn,4
single,679,secdf,4
single,679,primf,4
single,679,pastr,4
single,679,c4per,4
single,679,c4ann,4
single,679,urban,4
single,679,c3per,4
single,679,secmb,4
single,679,secma,4
single,679,secdn,4
single,679,c3nfx,4
single,679,c3ann,4
single,679,number_of_people,4
single,679,kg_class,4
single,679,weighted_PCT_SAND,2
single,679,weighted_PCT_CLAY,2
single,679,SLOPE,2
single,679,weighted_ORGANIC,2
single,679,elevation,2
single,679,ASPECT,2
single,679,LULC_states,6
single,680,secdf,4
single,680,range,4
single,680,primn,4
single,680,primf,4
single,680,pastr,4
single,680,c3per,4
single,680,c4ann,4
single,680,c4per,4
single,680,secmb,4
single,680,secma,4
single,680,urban,4
single,680,secdn,4
single,680,c3nfx,4
single,680,c3ann,4
single,680,number_of_people,4
single,680,kg_class,4
single,680,weighted_PCT_SAND,2
single,680,weighted_PCT_CLAY,2
single,680,SLOPE,2
single,680,weighted_ORGANIC,2
single,680,elevation,2
single,680,ASPECT,2
single,680,LULC_states,6
single,681,range,4
single,681,primn,4
single,681,secdf,4
single,681,primf,4
single,681,pastr,4
single,681,c4per,4
single,681,c4ann,4
single,681,c3per,4
single,681,urban,4
single,681,secmb,4
single,681,secma,4
single,681,secdn,4
single,681,c3ann,4
single,681,c3nfx,4
single,681,number_of_people,4
single,681,kg_class,4
single,681,weighted_PCT_SAND,2
single,681,weighted_PCT_CLAY,2
single,681,weighted_ORGANIC,2
single,681,SLOPE,2
single,681,elevation,2
single,681,ASPECT,2
single,681,LULC_states,6
single,682,secdf,4
single,682,primn,4
single,682,range,4
single,682,primf,4
single,682,pastr,4
single,682,c4per,4
single,682,c4ann,4
single,682,urban,4
single,682,c3per,4
single,682,secmb,4
single,682,secma,4
single,682,secdn,4
single,682,c3nfx,4
single,682,c3ann,4
single,682,number_of_people,4
single,682,kg_class,4
single,682,weighted_PCT_SAND,2
single,682,weighted_PCT_CLAY,2
single,682,weighted_ORGANIC,2
single,682,SLOPE,2
single,682,elevation,2
single,682,ASPECT,2
single,682,LULC_states,6
single,683,range,2
single,683,secdf,2
single,683,pastr,2
single,683,primn,2
single,683,primf,2
single,683,c3per,2
single,683,c4per,2
single,683,c4ann,2
single,683,urban,2
single,683,secdn,2
single,683,secmb,2
single,683,secma,2
single,683,c3nfx,2
single,683,c3ann,2
single,683,number_of_people,2
single,683,kg_class,2
single,683,weighted_PCT_SAND,1
single,683,weighted_PCT_CLAY,1
single,683,weighted_ORGANIC,1
single,683,SLOPE,1
single,683,elevation,1
single,683,ASPECT,1
single,683,LULC_states,3
single,684,range,4
single,684,pastr,4
single,684,primf,4
single,684,secdf,4
single,684,primn,4
single,684,c4per,4
single,684,c4ann,4
single,684,c3per,4
single,684,urban,4
single,684,secmb,4
single,684,secdn,4
single,684,secma,4
single,684,c3nfx,4
single,684,c3ann,4
single,684,number_of_people,4
single,684,kg_class,4
single,684,weighted_PCT_SAND,2
single,684,weighted_PCT_CLAY,2
single,684,weighted_ORGANIC,2
single,684,SLOPE,2
single,684,elevation,2
single,684,ASPECT,2
single,684,LULC_states,6
single,685,secdf,8
single,685,primn,8
single,685,pastr,8
single,685,primf,8
single,685,range,8
single,685,c4ann,8
single,685,c3per,8
single,685,c4per,8
single,685,urban,8
single,685,secdn,8
single,685,secmb,8
single,685,secma,8
single,685,c3nfx,8
single,685,c3ann,8
single,685,number_of_people,8
single,685,kg_class,8
single,685,weighted_PCT_SAND,4
single,685,weighted_PCT_CLAY,4
single,685,weighted_ORGANIC,4
single,685,SLOPE,4
single,685,elevation,4
single,685,ASPECT,4
single,685,LULC_states,12
single,686,range,4
single,686,secdf,4
single,686,primn,4
single,686,primf,4
single,686,pastr,4
single,686,c4per,4
single,686,c4ann,4
single,686,secmb,4
single,686,c3per,4
single,686,urban,4
single,686,secma,4
single,686,secdn,4
single,686,c3nfx,4
single,686,c3ann,4
single,686,number_of_people,4
single,686,kg_class,4
single,686,weighted_PCT_SAND,2
single,686,weighted_PCT_CLAY,2
single,686,SLOPE,2
single,686,weighted_ORGANIC,2
single,686,ASPECT,2
single,686,elevation,2
single,686,LULC_states,6
single,687,primf,2
single,687,primn,2
single,687,range,2
single,687,secdf,2
single,687,c4per,2
single,687,pastr,2
single,687,c4ann,2
single,687,c3per,2
single,687,secmb,2
single,687,secma,2
single,687,urban,2
single,687,secdn,2
single,687,c3nfx,2
single,687,c3ann,2
single,687,number_of_people,2
single,687,kg_class,2
single,687,weighted_PCT_SAND,1
single,687,weighted_PCT_CLAY,1
single,687,weighted_ORGANIC,1
single,687,SLOPE,1
single,687,elevation,1
single,687,ASPECT,1
single,687,LULC_states,3
single,688,secdf,2
single,688,range,2
single,688,primn,2
single,688,primf,2
single,688,pastr,2
single,688,c4per,2
single,688,c4ann,2
single,688,c3per,2
single,688,urban,2
single,688,secmb,2
single,688,secma,2
single,688,secdn,2
single,688,c3nfx,2
single,688,c3ann,2
single,688,number_of_people,2
single,688,kg_class,2
single,688,weighted_PCT_SAND,1
single,688,weighted_PCT_CLAY,1
single,688,weighted_ORGANIC,1
single,688,SLOPE,1
single,688,elevation,1
single,688,ASPECT,1
single,688,LULC_states,3
single,689,secdf,4
single,689,primn,4
single,689,range,4
single,689,primf,4
single,689,pastr,4
single,689,c4ann,4
single,689,c4per,4
single,689,c3per,4
single,689,urban,4
single,689,secma,4
single,689,secmb,4
single,689,secdn,4
single,689,c3ann,4
single,689,c3nfx,4
single,689,number_of_people,4
single,689,kg_class,4
single,689,weighted_PCT_SAND,2
single,689,weighted_PCT_CLAY,2
single,689,weighted_ORGANIC,2
single,689,SLOPE,2
single,689,elevation,2
single,689,ASPECT,2
single,689,LULC_states,6
single,690,secdf,4
single,690,range,4
single,690,primn,4
single,690,primf,4
single,690,pastr,4
single,690,c4ann,4
single,690,c4per,4
single,690,c3per,4
single,690,urban,4
single,690,secmb,4
single,690,secma,4
single,690,secdn,4
single,690,c3nfx,4
single,690,c3ann,4
single,690,number_of_people,4
single,690,kg_class,4
single,690,weighted_PCT_SAND,2
single,690,weighted_PCT_CLAY,2
single,690,weighted_ORGANIC,2
single,690,SLOPE,2
single,690,elevation,2
single,690,ASPECT,2
single,690,LULC_states,6
single,691,secdf,4
single,691,range,4
single,691,pastr,4
single,691,primf,4
single,691,primn,4
single,691,c4per,4
single,691,c4ann,4
single,691,c3per,4
single,691,urban,4
single,691,secma,4
single,691,secdn,4
single,691,secmb,4
single,691,c3nfx,4
single,691,c3ann,4
single,691,number_of_people,4
single,691,kg_class,4
single,691,weighted_PCT_SAND,2
single,691,weighted_PCT_CLAY,2
single,691,weighted_ORGANIC,2
single,691,SLOPE,2
single,691,elevation,2
single,691,ASPECT,2
single,691,LULC_states,6
single,692,range,8
single,692,secdf,8
single,692,primf,8
single,692,primn,8
single,692,pastr,8
single,692,c4per,8
single,692,c4ann,8
single,692,urban,8
single,692,c3per,8
single,692,secmb,8
single,692,secma,8
single,692,secdn,8
single,692,c3nfx,8
single,692,c3ann,8
single,692,number_of_people,8
single,692,kg_class,8
single,692,weighted_PCT_SAND,4
single,692,weighted_PCT_CLAY,4
single,692,weighted_ORGANIC,4
single,692,SLOPE,4
single,692,elevation,4
single,692,ASPECT,4
single,692,LULC_states,12
single,693,secdf,4
single,693,primn,4
single,693,range,4
single,693,primf,4
single,693,pastr,4
single,693,c4per,4
single,693,c4ann,4
single,693,c3per,4
single,693,urban,4
single,693,secmb,4
single,693,secma,4
single,693,secdn,4
single,693,c3nfx,4
single,693,c3ann,4
single,693,number_of_people,4
single,693,kg_class,4
single,693,weighted_PCT_SAND,2
single,693,weighted_PCT_CLAY,2
single,693,SLOPE,2
single,693,elevation,2
single,693,weighted_ORGANIC,2
single,693,ASPECT,2
single,693,LULC_states,6
single,694,secdf,2
single,694,range,2
single,694,primn,2
single,694,pastr,2
single,694,primf,2
single,694,c4per,2
single,694,c4ann,2
single,694,c3per,2
single,694,urban,2
single,694,secmb,2
single,694,secma,2
single,694,secdn,2
single,694,c3nfx,2
single,694,c3ann,2
single,694,number_of_people,2
single,694,kg_class,2
single,694,weighted_PCT_SAND,1
single,694,weighted_PCT_CLAY,1
single,694,weighted_ORGANIC,1
single,694,SLOPE,1
single,694,elevation,1
single,694,ASPECT,1
single,694,LULC_states,3
single,695,primn,2
single,695,range,2
single,695,secdf,2
single,695,primf,2
single,695,pastr,2
single,695,c4per,2
single,695,c4ann,2
single,695,c3per,2
single,695,urban,2
single,695,secmb,2
single,695,secma,2
single,695,secdn,2
single,695,c3nfx,2
single,695,c3ann,2
single,695,number_of_people,2
single,695,kg_class,2
single,695,weighted_PCT_SAND,1
single,695,weighted_PCT_CLAY,1
single,695,weighted_ORGANIC,1
single,695,SLOPE,1
single,695,elevation,1
single,695,ASPECT,1
single,695,LULC_states,3
single,696,secdf,4
single,696,range,4
single,696,primn,4
single,696,primf,4
single,696,pastr,4
single,696,c4per,4
single,696,c4ann,4
single,696,c3per,4
single,696,secmb,4
single,696,urban,4
single,696,secdn,4
single,696,secma,4
single,696,c3nfx,4
single,696,c3ann,4
single,696,number_of_people,4
single,696,kg_class,4
single,696,weighted_PCT_SAND,2
single,696,weighted_PCT_CLAY,2
single,696,weighted_ORGANIC,2
single,696,SLOPE,2
single,696,elevation,2
single,696,ASPECT,2
single,696,LULC_states,6
single,697,range,4
single,697,secdf,4
single,697,pastr,4
single,697,primn,4
single,697,primf,4
single,697,c4ann,4
single,697,c4per,4
single,697,c3per,4
single,697,urban,4
single,697,secmb,4
single,697,secma,4
single,697,secdn,4
single,697,c3nfx,4
single,697,c3ann,4
single,697,number_of_people,4
single,697,kg_class,4
single,697,weighted_PCT_SAND,2
single,697,weighted_PCT_CLAY,2
single,697,weighted_ORGANIC,2
single,697,SLOPE,2
single,697,elevation,2
single,697,ASPECT,2
single,697,LULC_states,6
single,698,secdf,2
single,698,range,2
single,698,primn,2
single,698,pastr,2
single,698,primf,2
single,698,c4ann,2
single,698,c3per,2
single,698,c4per,2
single,698,urban,2
single,698,secmb,2
single,698,secdn,2
single,698,secma,2
single,698,c3nfx,2
single,698,c3ann,2
single,698,number_of_people,2
single,698,kg_class,2
single,698,weighted_PCT_SAND,1
single,698,weighted_PCT_CLAY,1
single,698,weighted_ORGANIC,1
single,698,SLOPE,1
single,698,elevation,1
single,698,ASPECT,1
single,698,LULC_states,3
single,699,secdf,8
single,699,primn,8
single,699,range,8
single,699,primf,8
single,699,pastr,8
single,699,c4per,8
single,699,c4ann,8
single,699,c3per,8
single,699,urban,8
single,699,secmb,8
single,699,secma,8
single,699,c3nfx,8
single,699,secdn,8
single,699,c3ann,8
single,699,number_of_people,8
single,699,kg_class,8
single,699,weighted_PCT_SAND,4
single,699,weighted_PCT_CLAY,4
single,699,weighted_ORGANIC,4
single,699,SLOPE,4
single,699,elevation,4
single,699,ASPECT,4
single,699,LULC_states,12
single,700,secdf,2
single,700,range,2
single,700,primn,2
single,700,primf,2
single,700,pastr,2
single,700,c4per,2
single,700,c4ann,2
single,700,c3per,2
single,700,urban,2
single,700,secmb,2
single,700,secma,2
single,700,secdn,2
single,700,c3nfx,2
single,700,c3ann,2
single,700,number_of_people,2
single,700,kg_class,2
single,700,weighted_PCT_CLAY,1
single,700,weighted_PCT_SAND,1
single,700,weighted_ORGANIC,1
single,700,SLOPE,1
single,700,elevation,1
single,700,ASPECT,1
single,700,LULC_states,3
single,701,range,4
single,701,secdf,4
single,701,primn,4
single,701,primf,4
single,701,pastr,4
single,701,c4per,4
single,701,c4ann,4
single,701,secmb,4
single,701,c3per,4
single,701,urban,4
single,701,secma,4
single,701,c3nfx,4
single,701,secdn,4
single,701,c3ann,4
single,701,number_of_people,4
single,701,kg_class,4
single,701,weighted_PCT_SAND,2
single,701,weighted_PCT_CLAY,2
single,701,weighted_ORGANIC,2
single,701,SLOPE,2
single,701,ASPECT,2
single,701,elevation,2
single,701,LULC_states,6
single,702,range,8
single,702,secdf,8
single,702,primn,8
single,702,primf,8
single,702,pastr,8
single,702,c4per,8
single,702,c4ann,8
single,702,urban,8
single,702,c3per,8
single,702,secmb,8
single,702,secma,8
single,702,c3nfx,8
single,702,secdn,8
single,702,c3ann,8
single,702,number_of_people,8
single,702,kg_class,8
single,702,weighted_PCT_SAND,4
single,702,weighted_PCT_CLAY,4
single,702,weighted_ORGANIC,4
single,702,SLOPE,4
single,702,elevation,4
single,702,ASPECT,4
single,702,LULC_states,12
single,703,secdf,2
single,703,range,2
single,703,primf,2
single,703,pastr,2
single,703,c4per,2
single,703,primn,2
single,703,c4ann,2
single,703,c3per,2
single,703,secmb,2
single,703,urban,2
single,703,secdn,2
single,703,secma,2
single,703,c3ann,2
single,703,c3nfx,2
single,703,number_of_people,2
single,703,kg_class,2
single,703,weighted_PCT_CLAY,1
single,703,weighted_PCT_SAND,1
single,703,weighted_ORGANIC,1
single,703,SLOPE,1
single,703,elevation,1
single,703,ASPECT,1
single,703,LULC_states,3
single,704,range,8
single,704,secdf,8
single,704,primn,8
single,704,primf,8
single,704,pastr,8
single,704,c4per,8
single,704,c4ann,8
single,704,c3per,8
single,704,urban,8
single,704,secmb,8
single,704,secma,8
single,704,secdn,8
single,704,c3ann,8
single,704,c3nfx,8
single,704,number_of_people,8
single,704,kg_class,8
single,704,weighted_PCT_SAND,4
single,704,weighted_PCT_CLAY,4
single,704,weighted_ORGANIC,4
single,704,SLOPE,4
single,704,elevation,4
single,704,ASPECT,4
single,704,LULC_states,12
single,705,secdf,8
single,705,range,8
single,705,primn,8
single,705,primf,8
single,705,pastr,8
single,705,c4per,8
single,705,c4ann,8
single,705,urban,8
single,705,c3per,8
single,705,secmb,8
single,705,secma,8
single,705,c3nfx,8
single,705,secdn,8
single,705,c3ann,8
single,705,number_of_people,8
single,705,kg_class,8
single,705,weighted_PCT_SAND,4
single,705,weighted_PCT_CLAY,4
single,705,weighted_ORGANIC,4
single,705,SLOPE,4
single,705,elevation,4
single,705,ASPECT,4
single,705,LULC_states,12
single,706,range,2
single,706,secdf,2
single,706,pastr,2
single,706,primn,2
single,706,c4per,2
single,706,secmb,2
single,706,urban,2
single,706,c4ann,2
single,706,c3nfx,2
single,706,c3ann,2
single,706,primf,2
single,706,secdn,2
single,706,secma,2
single,706,c3per,2
single,706,number_of_people,2
single,706,kg_class,2
single,706,weighted_PCT_SAND,1
single,706,weighted_PCT_CLAY,1
single,706,weighted_ORGANIC,1
single,706,elevation,1
single,706,SLOPE,1
single,706,ASPECT,1
single,706,LULC_states,3
single,707,range,2
single,707,secdf,2
single,707,primn,2
single,707,primf,2
single,707,pastr,2
single,707,c4per,2
single,707,c4ann,2
single,707,c3per,2
single,707,secmb,2
single,707,urban,2
single,707,secma,2
single,707,c3nfx,2
single,707,secdn,2
single,707,c3ann,2
single,707,number_of_people,2
single,707,kg_class,2
single,707,weighted_PCT_SAND,1
single,707,weighted_PCT_CLAY,1
single,707,weighted_ORGANIC,1
single,707,SLOPE,1
single,707,elevation,1
single,707,ASPECT,1
single,707,LULC_states,3
single,708,secdf,4
single,708,range,4
single,708,primn,4
single,708,primf,4
single,708,pastr,4
single,708,c4per,4
single,708,c4ann,4
single,708,c3per,4
single,708,urban,4
single,708,secmb,4
single,708,secma,4
single,708,secdn,4
single,708,c3nfx,4
single,708,c3ann,4
single,708,number_of_people,4
single,708,kg_class,4
single,708,weighted_PCT_SAND,2
single,708,weighted_ORGANIC,2
single,708,weighted_PCT_CLAY,2
single,708,SLOPE,2
single,708,elevation,2
single,708,ASPECT,2
single,708,LULC_states,6
single,709,range,2
single,709,secdf,2
single,709,primn,2
single,709,pastr,2
single,709,primf,2
single,709,c4ann,2
single,709,c3per,2
single,709,urban,2
single,709,c4per,2
single,709,secmb,2
single,709,secma,2
single,709,secdn,2
single,709,c3nfx,2
single,709,c3ann,2
single,709,number_of_people,2
single,709,kg_class,2
single,709,weighted_PCT_SAND,1
single,709,weighted_PCT_CLAY,1
single,709,weighted_ORGANIC,1
single,709,elevation,1
single,709,SLOPE,1
single,709,ASPECT,1
single,709,LULC_states,3
single,710,secdf,8
single,710,range,8
single,710,primn,8
single,710,primf,8
single,710,pastr,8
single,710,c4ann,8
single,710,c4per,8
single,710,c3per,8
single,710,secmb,8
single,710,secma,8
single,710,urban,8
single,710,secdn,8
single,710,c3nfx,8
single,710,c3ann,8
single,710,number_of_people,8
single,710,kg_class,8
single,710,weighted_PCT_SAND,4
single,710,weighted_PCT_CLAY,4
single,710,weighted_ORGANIC,4
single,710,SLOPE,4
single,710,elevation,4
single,710,ASPECT,4
single,710,LULC_states,12
single,711,secdf,2
single,711,range,2
single,711,primn,2
single,711,primf,2
single,711,pastr,2
single,711,c4per,2
single,711,c3per,2
single,711,c4ann,2
single,711,urban,2
single,711,secmb,2
single,711,secma,2
single,711,secdn,2
single,711,c3nfx,2
single,711,c3ann,2
single,711,number_of_people,2
single,711,kg_class,2
single,711,weighted_PCT_SAND,1
single,711,weighted_PCT_CLAY,1
single,711,weighted_ORGANIC,1
single,711,SLOPE,1
single,711,elevation,1
single,711,ASPECT,1
single,711,LULC_states,3
single,712,range,2
single,712,secdf,2
single,712,primn,2
single,712,primf,2
single,712,pastr,2
single,712,c4per,2
single,712,c4ann,2
single,712,secmb,2
single,712,c3per,2
single,712,secma,2
single,712,urban,2
single,712,secdn,2
single,712,c3nfx,2
single,712,c3ann,2
single,712,number_of_people,2
single,712,kg_class,2
single,712,weighted_PCT_SAND,1
single,712,weighted_PCT_CLAY,1
single,712,weighted_ORGANIC,1
single,712,SLOPE,1
single,712,elevation,1
single,712,ASPECT,1
single,712,LULC_states,3
single,713,range,4
single,713,secdf,4
single,713,primn,4
single,713,primf,4
single,713,pastr,4
single,713,c4per,4
single,713,c4ann,4
single,713,c3per,4
single,713,secmb,4
single,713,urban,4
single,713,secma,4
single,713,secdn,4
single,713,c3ann,4
single,713,c3nfx,4
single,713,number_of_people,4
single,713,kg_class,4
single,713,weighted_PCT_SAND,2
single,713,weighted_PCT_CLAY,2
single,713,weighted_ORGANIC,2
single,713,SLOPE,2
single,713,elevation,2
single,713,ASPECT,2
single,713,LULC_states,6
single,714,secdf,8
single,714,range,8
single,714,primn,8
single,714,primf,8
single,714,pastr,8
single,714,c4per,8
single,714,c4ann,8
single,714,c3per,8
single,714,urban,8
single,714,secmb,8
single,714,secdn,8
single,714,secma,8
single,714,c3ann,8
single,714,c3nfx,8
single,714,number_of_people,8
single,714,kg_class,8
single,714,weighted_PCT_SAND,4
single,714,weighted_PCT_CLAY,4
single,714,SLOPE,4
single,714,weighted_ORGANIC,4
single,714,elevation,4
single,714,ASPECT,4
single,714,LULC_states,12
single,715,primn,8
single,715,secdf,8
single,715,range,8
single,715,pastr,8
single,715,primf,8
single,715,c4per,8
single,715,c4ann,8
single,715,urban,8
single,715,c3per,8
single,715,secmb,8
single,715,secma,8
single,715,c3nfx,8
single,715,secdn,8
single,715,c3ann,8
single,715,number_of_people,8
single,715,kg_class,8
single,715,weighted_ORGANIC,4
single,715,weighted_PCT_SAND,4
single,715,weighted_PCT_CLAY,4
single,715,SLOPE,4
single,715,elevation,4
single,715,ASPECT,4
single,715,LULC_states,12
single,716,secdf,4
single,716,range,4
single,716,primn,4
single,716,primf,4
single,716,pastr,4
single,716,c4ann,4
single,716,c4per,4
single,716,c3per,4
single,716,urban,4
single,716,secmb,4
single,716,secma,4
single,716,secdn,4
single,716,c3nfx,4
single,716,c3ann,4
single,716,number_of_people,4
single,716,kg_class,4
single,716,weighted_PCT_CLAY,2
single,716,weighted_PCT_SAND,2
single,716,weighted_ORGANIC,2
single,716,SLOPE,2
single,716,elevation,2
single,716,ASPECT,2
single,716,LULC_states,6
single,717,secdf,4
single,717,primn,4
single,717,range,4
single,717,primf,4
single,717,pastr,4
single,717,c4per,4
single,717,c4ann,4
single,717,c3per,4
single,717,urban,4
single,717,secmb,4
single,717,secma,4
single,717,secdn,4
single,717,c3nfx,4
single,717,c3ann,4
single,717,number_of_people,4
single,717,kg_class,4
single,717,weighted_PCT_SAND,2
single,717,weighted_PCT_CLAY,2
single,717,weighted_ORGANIC,2
single,717,SLOPE,2
single,717,elevation,2
single,717,ASPECT,2
single,717,LULC_states,6
single,718,secdf,8
single,718,range,8
single,718,primn,8
single,718,primf,8
single,718,c3per,8
single,718,pastr,8
single,718,c4ann,8
single,718,c4per,8
single,718,urban,8
single,718,secma,8
single,718,secmb,8
single,718,secdn,8
single,718,c3nfx,8
single,718,c3ann,8
single,718,number_of_people,8
single,718,kg_class,8
single,718,weighted_PCT_SAND,4
single,718,weighted_PCT_CLAY,4
single,718,weighted_ORGANIC,4
single,718,SLOPE,4
single,718,elevation,4
single,718,ASPECT,4
single,718,LULC_states,12
single,719,range,4
single,719,secdf,4
single,719,primn,4
single,719,primf,4
single,719,pastr,4
single,719,c4ann,4
single,719,c4per,4
single,719,c3per,4
single,719,urban,4
single,719,secmb,4
single,719,secdn,4
single,719,secma,4
single,719,c3nfx,4
single,719,c3ann,4
single,719,number_of_people,4
single,719,kg_class,4
single,719,weighted_PCT_SAND,2
single,719,weighted_ORGANIC,2
single,719,weighted_PCT_CLAY,2
single,719,SLOPE,2
single,719,elevation,2
single,719,ASPECT,2
single,719,LULC_states,6
single,720,range,4
single,720,secdf,4
single,720,primn,4
single,720,pastr,4
single,720,primf,4
single,720,c4ann,4
single,720,urban,4
single,720,c4per,4
single,720,c3per,4
single,720,secmb,4
single,720,secma,4
single,720,secdn,4
single,720,c3nfx,4
single,720,c3ann,4
single,720,number_of_people,4
single,720,kg_class,4
single,720,weighted_PCT_SAND,2
single,720,weighted_PCT_CLAY,2
single,720,weighted_ORGANIC,2
single,720,SLOPE,2
single,720,elevation,2
single,720,ASPECT,2
single,720,LULC_states,6
single,721,secdf,4
single,721,range,4
single,721,primn,4
single,721,primf,4
single,721,pastr,4
single,721,c4per,4
single,721,c3per,4
single,721,c4ann,4
single,721,urban,4
single,721,secmb,4
single,721,secma,4
single,721,secdn,4
single,721,c3nfx,4
single,721,c3ann,4
single,721,number_of_people,4
single,721,kg_class,4
single,721,weighted_PCT_SAND,2
single,721,weighted_PCT_CLAY,2
single,721,weighted_ORGANIC,2
single,721,SLOPE,2
single,721,elevation,2
single,721,ASPECT,2
single,721,LULC_states,6
single,722,secdf,8
single,722,range,8
single,722,primn,8
single,722,primf,8
single,722,pastr,8
single,722,c4per,8
single,722,c4ann,8
single,722,c3per,8
single,722,urban,8
single,722,secmb,8
single,722,secma,8
single,722,secdn,8
single,722,c3nfx,8
single,722,c3ann,8
single,722,number_of_people,8
single,722,kg_class,8
single,722,weighted_PCT_SAND,4
single,722,weighted_PCT_CLAY,4
single,722,weighted_ORGANIC,4
single,722,SLOPE,4
single,722,elevation,4
single,722,ASPECT,4
single,722,LULC_states,12
single,723,secdf,4
single,723,range,4
single,723,primn,4
single,723,primf,4
single,723,pastr,4
single,723,c4per,4
single,723,c4ann,4
single,723,urban,4
single,723,c3per,4
single,723,secmb,4
single,723,secma,4
single,723,secdn,4
single,723,c3ann,4
single,723,c3nfx,4
single,723,number_of_people,4
single,723,kg_class,4
single,723,weighted_PCT_SAND,2
single,723,weighted_PCT_CLAY,2
single,723,SLOPE,2
single,723,weighted_ORGANIC,2
single,723,elevation,2
single,723,ASPECT,2
single,723,LULC_states,6
single,724,range,2
single,724,secdf,2
single,724,primn,2
single,724,primf,2
single,724,pastr,2
single,724,c4ann,2
single,724,c3per,2
single,724,urban,2
single,724,c4per,2
single,724,secmb,2
single,724,secdn,2
single,724,c3nfx,2
single,724,secma,2
single,724,c3ann,2
single,724,number_of_people,2
single,724,kg_class,2
single,724,weighted_PCT_SAND,1
single,724,weighted_PCT_CLAY,1
single,724,weighted_ORGANIC,1
single,724,SLOPE,1
single,724,elevation,1
single,724,ASPECT,1
single,724,LULC_states,3
single,725,range,2
single,725,secdf,2
single,725,primn,2
single,725,primf,2
single,725,pastr,2
single,725,c4per,2
single,725,c4ann,2
single,725,c3per,2
single,725,urban,2
single,725,secmb,2
single,725,secma,2
single,725,secdn,2
single,725,c3nfx,2
single,725,c3ann,2
single,725,number_of_people,2
single,725,kg_class,2
single,725,weighted_ORGANIC,1
single,725,weighted_PCT_SAND,1
single,725,weighted_PCT_CLAY,1
single,725,SLOPE,1
single,725,elevation,1
single,725,ASPECT,1
single,725,LULC_states,3
single,726,secdf,4
single,726,range,4
single,726,primf,4
single,726,pastr,4
single,726,primn,4
single,726,c4per,4
single,726,c4ann,4
single,726,c3per,4
single,726,urban,4
single,726,secmb,4
single,726,secma,4
single,726,secdn,4
single,726,c3nfx,4
single,726,c3ann,4
single,726,number_of_people,4
single,726,kg_class,4
single,726,weighted_PCT_SAND,2
single,726,weighted_PCT_CLAY,2
single,726,weighted_ORGANIC,2
single,726,SLOPE,2
single,726,elevation,2
single,726,ASPECT,2
single,726,LULC_states,6
single,727,secdf,4
single,727,range,4
single,727,primn,4
single,727,primf,4
single,727,pastr,4
single,727,c4ann,4
single,727,c4per,4
single,727,c3per,4
single,727,urban,4
single,727,secmb,4
single,727,secma,4
single,727,secdn,4
single,727,c3nfx,4
single,727,c3ann,4
single,727,number_of_people,4
single,727,kg_class,4
single,727,weighted_PCT_SAND,2
single,727,weighted_PCT_CLAY,2
single,727,weighted_ORGANIC,2
single,727,SLOPE,2
single,727,elevation,2
single,727,ASPECT,2
single,727,LULC_states,6
single,728,secdf,2
single,728,primn,2
single,728,primf,2
single,728,range,2
single,728,c4per,2
single,728,pastr,2
single,728,c4ann,2
single,728,urban,2
single,728,c3per,2
single,728,secmb,2
single,728,secma,2
single,728,secdn,2
single,728,c3nfx,2
single,728,c3ann,2
single,728,number_of_people,2
single,728,kg_class,2
single,728,weighted_PCT_SAND,1
single,728,weighted_PCT_CLAY,1
single,728,weighted_ORGANIC,1
single,728,SLOPE,1
single,728,elevation,1
single,728,ASPECT,1
single,728,LULC_states,3
single,729,primf,8
single,729,range,8
single,729,secdf,8
single,729,c4per,8
single,729,pastr,8
single,729,c3per,8
single,729,primn,8
single,729,c4ann,8
single,729,secmb,8
single,729,urban,8
single,729,secma,8
single,729,secdn,8
single,729,c3nfx,8
single,729,c3ann,8
single,729,number_of_people,8
single,729,kg_class,8
single,729,weighted_PCT_SAND,4
single,729,weighted_PCT_CLAY,4
single,729,weighted_ORGANIC,4
single,729,SLOPE,4
single,729,elevation,4
single,729,ASPECT,4
single,729,LULC_states,12
single,730,range,8
single,730,secdf,8
single,730,primn,8
single,730,primf,8
single,730,pastr,8
single,730,c4ann,8
single,730,c3per,8
single,730,c4per,8
single,730,urban,8
single,730,secmb,8
single,730,secma,8
single,730,secdn,8
single,730,c3nfx,8
single,730,c3ann,8
single,730,number_of_people,8
single,730,kg_class,8
single,730,weighted_PCT_SAND,4
single,730,weighted_PCT_CLAY,4
single,730,weighted_ORGANIC,4
single,730,SLOPE,4
single,730,elevation,4
single,730,ASPECT,4
single,730,LULC_states,12
single,731,primn,4
single,731,secdf,4
single,731,range,4
single,731,primf,4
single,731,pastr,4
single,731,c4ann,4
single,731,c3per,4
single,731,c4per,4
single,731,urban,4
single,731,secma,4
single,731,secmb,4
single,731,secdn,4
single,731,c3nfx,4
single,731,c3ann,4
single,731,number_of_people,4
single,731,kg_class,4
single,731,weighted_PCT_SAND,2
single,731,weighted_PCT_CLAY,2
single,731,weighted_ORGANIC,2
single,731,SLOPE,2
single,731,elevation,2
single,731,ASPECT,2
single,731,LULC_states,6
single,732,range,8
single,732,primf,8
single,732,secdf,8
single,732,pastr,8
single,732,c4per,8
single,732,primn,8
single,732,c3per,8
single,732,c4ann,8
single,732,urban,8
single,732,secma,8
single,732,secmb,8
single,732,c3nfx,8
single,732,c3ann,8
single,732,secdn,8
single,732,number_of_people,8
single,732,kg_class,8
single,732,weighted_PCT_CLAY,4
single,732,weighted_ORGANIC,4
single,732,weighted_PCT_SAND,4
single,732,elevation,4
single,732,SLOPE,4
single,732,ASPECT,4
single,732,LULC_states,12
single,733,secdf,8
single,733,range,8
single,733,primn,8
single,733,primf,8
single,733,pastr,8
single,733,c4per,8
single,733,c4ann,8
single,733,c3per,8
single,733,urban,8
single,733,secmb,8
single,733,secma,8
single,733,secdn,8
single,733,c3nfx,8
single,733,c3ann,8
single,733,number_of_people,8
single,733,kg_class,8
single,733,weighted_PCT_SAND,4
single,733,weighted_PCT_CLAY,4
single,733,weighted_ORGANIC,4
single,733,elevation,4
single,733,ASPECT,4
single,733,SLOPE,4
single,733,LULC_states,12
single,734,secdf,4
single,734,range,4
single,734,primn,4
single,734,primf,4
single,734,pastr,4
single,734,c4per,4
single,734,c4ann,4
single,734,urban,4
single,734,c3per,4
single,734,secmb,4
single,734,c3nfx,4
single,734,secdn,4
single,734,secma,4
single,734,c3ann,4
single,734,number_of_people,4
single,734,kg_class,4
single,734,weighted_PCT_SAND,2
single,734,weighted_PCT_CLAY,2
single,734,weighted_ORGANIC,2
single,734,elevation,2
single,734,SLOPE,2
single,734,ASPECT,2
single,734,LULC_states,6
single,735,secdf,4
single,735,range,4
single,735,primn,4
single,735,primf,4
single,735,pastr,4
single,735,c4per,4
single,735,c3per,4
single,735,c4ann,4
single,735,secmb,4
single,735,urban,4
single,735,secdn,4
single,735,c3nfx,4
single,735,c3ann,4
single,735,secma,4
single,735,number_of_people,4
single,735,kg_class,4
single,735,weighted_ORGANIC,2
single,735,weighted_PCT_CLAY,2
single,735,weighted_PCT_SAND,2
single,735,SLOPE,2
single,735,elevation,2
single,735,ASPECT,2
single,735,LULC_states,6
single,736,secdf,2
single,736,range,2
single,736,primn,2
single,736,primf,2
single,736,c4per,2
single,736,pastr,2
single,736,c4ann,2
single,736,c3per,2
single,736,urban,2
single,736,secmb,2
single,736,secma,2
single,736,secdn,2
single,736,c3nfx,2
single,736,c3ann,2
single,736,number_of_people,2
single,736,kg_class,2
single,736,weighted_PCT_SAND,1
single,736,weighted_PCT_CLAY,1
single,736,weighted_ORGANIC,1
single,736,SLOPE,1
single,736,elevation,1
single,736,ASPECT,1
single,736,LULC_states,3
single,737,range,4
single,737,secdf,4
single,737,primn,4
single,737,primf,4
single,737,pastr,4
single,737,c4per,4
single,737,c4ann,4
single,737,c3per,4
single,737,urban,4
single,737,secma,4
single,737,secmb,4
single,737,c3ann,4
single,737,c3nfx,4
single,737,secdn,4
single,737,number_of_people,4
single,737,kg_class,4
single,737,weighted_PCT_SAND,2
single,737,weighted_PCT_CLAY,2
single,737,weighted_ORGANIC,2
single,737,SLOPE,2
single,737,ASPECT,2
single,737,elevation,2
single,737,LULC_states,6
single,738,range,4
single,738,secdf,4
single,738,primf,4
single,738,primn,4
single,738,c4per,4
single,738,pastr,4
single,738,c4ann,4
single,738,c3per,4
single,738,urban,4
single,738,secmb,4
single,738,secma,4
single,738,secdn,4
single,738,c3nfx,4
single,738,c3ann,4
single,738,number_of_people,4
single,738,kg_class,4
single,738,weighted_PCT_SAND,2
single,738,weighted_ORGANIC,2
single,738,weighted_PCT_CLAY,2
single,738,SLOPE,2
single,738,elevation,2
single,738,ASPECT,2
single,738,LULC_states,6
single,739,secdf,4
single,739,primn,4
single,739,range,4
single,739,primf,4
single,739,pastr,4
single,739,c4ann,4
single,739,c4per,4
single,739,c3per,4
single,739,secmb,4
single,739,secma,4
single,739,secdn,4
single,739,c3nfx,4
single,739,c3ann,4
single,739,urban,4
single,739,number_of_people,4
single,739,kg_class,4
single,739,weighted_PCT_SAND,2
single,739,weighted_PCT_CLAY,2
single,739,weighted_ORGANIC,2
single,739,SLOPE,2
single,739,elevation,2
single,739,ASPECT,2
single,739,LULC_states,6
single,740,secdf,2
single,740,range,2
single,740,primn,2
single,740,primf,2
single,740,pastr,2
single,740,c4per,2
single,740,c4ann,2
single,740,c3per,2
single,740,urban,2
single,740,secmb,2
single,740,secdn,2
single,740,secma,2
single,740,c3nfx,2
single,740,c3ann,2
single,740,number_of_people,2
single,740,kg_class,2
single,740,weighted_PCT_CLAY,1
single,740,weighted_PCT_SAND,1
single,740,weighted_ORGANIC,1
single,740,elevation,1
single,740,ASPECT,1
single,740,SLOPE,1
single,740,LULC_states,3
single,741,secdf,4
single,741,primf,4
single,741,range,4
single,741,primn,4
single,741,pastr,4
single,741,c3per,4
single,741,c4ann,4
single,741,urban,4
single,741,c4per,4
single,741,secma,4
single,741,secmb,4
single,741,c3nfx,4
single,741,c3ann,4
single,741,secdn,4
single,741,number_of_people,4
single,741,kg_class,4
single,741,weighted_PCT_SAND,2
single,741,weighted_PCT_CLAY,2
single,741,weighted_ORGANIC,2
single,741,SLOPE,2
single,741,elevation,2
single,741,ASPECT,2
single,741,LULC_states,6
single,742,secdf,8
single,742,range,8
single,742,primn,8
single,742,primf,8
single,742,pastr,8
single,742,c4per,8
single,742,c4ann,8
single,742,urban,8
single,742,secmb,8
single,742,c3per,8
single,742,secma,8
single,742,secdn,8
single,742,c3nfx,8
single,742,c3ann,8
single,742,number_of_people,8
single,742,kg_class,8
single,742,weighted_PCT_CLAY,4
single,742,weighted_ORGANIC,4
single,742,weighted_PCT_SAND,4
single,742,SLOPE,4
single,742,ASPECT,4
single,742,elevation,4
single,742,LULC_states,12
single,743,secdf,2
single,743,range,2
single,743,primn,2
single,743,primf,2
single,743,pastr,2
single,743,c4per,2
single,743,c3per,2
single,743,urban,2
single,743,secmb,2
single,743,c4ann,2
single,743,secma,2
single,743,secdn,2
single,743,c3nfx,2
single,743,c3ann,2
single,743,number_of_people,2
single,743,kg_class,2
single,743,weighted_PCT_SAND,1
single,743,weighted_PCT_CLAY,1
single,743,weighted_ORGANIC,1
single,743,SLOPE,1
single,743,elevation,1
single,743,ASPECT,1
single,743,LULC_states,3
single,744,range,8
single,744,primn,8
single,744,primf,8
single,744,secdf,8
single,744,pastr,8
single,744,c4per,8
single,744,c4ann,8
single,744,c3per,8
single,744,urban,8
single,744,secmb,8
single,744,secma,8
single,744,secdn,8
single,744,c3ann,8
single,744,c3nfx,8
single,744,number_of_people,8
single,744,kg_class,8
single,744,weighted_PCT_SAND,4
single,744,weighted_PCT_CLAY,4
single,744,weighted_ORGANIC,4
single,744,SLOPE,4
single,744,elevation,4
single,744,ASPECT,4
single,744,LULC_states,12
single,745,secdf,4
single,745,range,4
single,745,primn,4
single,745,primf,4
single,745,c4per,4
single,745,pastr,4
single,745,c4ann,4
single,745,c3per,4
single,745,urban,4
single,745,secmb,4
single,745,secma,4
single,745,secdn,4
single,745,c3nfx,4
single,745,c3ann,4
single,745,number_of_people,4
single,745,kg_class,4
single,745,weighted_PCT_SAND,2
single,745,weighted_PCT_CLAY,2
single,745,weighted_ORGANIC,2
single,745,SLOPE,2
single,745,elevation,2
single,745,ASPECT,2
single,745,LULC_states,6
single,746,secdf,4
single,746,range,4
single,746,primn,4
single,746,primf,4
single,746,pastr,4
single,746,c4per,4
single,746,c3per,4
single,746,urban,4
single,746,c4ann,4
single,746,secmb,4
single,746,secma,4
single,746,secdn,4
single,746,c3nfx,4
single,746,c3ann,4
single,746,number_of_people,4
single,746,kg_class,4
single,746,weighted_PCT_SAND,2
single,746,weighted_ORGANIC,2
single,746,weighted_PCT_CLAY,2
single,746,SLOPE,2
single,746,elevation,2
single,746,ASPECT,2
single,746,LULC_states,6
single,747,secdf,4
single,747,range,4
single,747,primn,4
single,747,primf,4
single,747,pastr,4
single,747,c4per,4
single,747,c3per,4
single,747,c4ann,4
single,747,secmb,4
single,747,urban,4
single,747,secma,4
single,747,secdn,4
single,747,c3nfx,4
single,747,c3ann,4
single,747,number_of_people,4
single,747,kg_class,4
single,747,weighted_PCT_CLAY,2
single,747,weighted_PCT_SAND,2
single,747,weighted_ORGANIC,2
single,747,SLOPE,2
single,747,elevation,2
single,747,ASPECT,2
single,747,LULC_states,6
single,748,secdf,2
single,748,range,2
single,748,primn,2
single,748,primf,2
single,748,c4ann,2
single,748,pastr,2
single,748,c4per,2
single,748,c3per,2
single,748,urban,2
single,748,secmb,2
single,748,secma,2
single,748,secdn,2
single,748,c3nfx,2
single,748,c3ann,2
single,748,number_of_people,2
single,748,kg_class,2
single,748,weighted_PCT_CLAY,1
single,748,weighted_PCT_SAND,1
single,748,weighted_ORGANIC,1
single,748,SLOPE,1
single,748,elevation,1
single,748,ASPECT,1
single,748,LULC_states,3
single,749,secdf,2
single,749,range,2
single,749,primn,2
single,749,primf,2
single,749,pastr,2
single,749,c4per,2
single,749,c4ann,2
single,749,c3per,2
single,749,secmb,2
single,749,secma,2
single,749,secdn,2
single,749,c3nfx,2
single,749,c3ann,2
single,749,urban,2
single,749,number_of_people,2
single,749,kg_class,2
single,749,weighted_PCT_SAND,1
single,749,weighted_PCT_CLAY,1
single,749,weighted_ORGANIC,1
single,749,SLOPE,1
single,749,elevation,1
single,749,ASPECT,1
single,749,LULC_states,3
single,750,range,4
single,750,primn,4
single,750,primf,4
single,750,pastr,4
single,750,c4per,4
single,750,c4ann,4
single,750,c3per,4
single,750,secdf,4
single,750,secmb,4
single,750,urban,4
single,750,secdn,4
single,750,c3nfx,4
single,750,secma,4
single,750,c3ann,4
single,750,number_of_people,4
single,750,kg_class,4
single,750,weighted_PCT_SAND,2
single,750,weighted_ORGANIC,2
single,750,weighted_PCT_CLAY,2
single,750,SLOPE,2
single,750,elevation,2
single,750,ASPECT,2
single,750,LULC_states,6
single,751,secdf,4
single,751,range,4
single,751,primf,4
single,751,primn,4
single,751,pastr,4
single,751,c4per,4
single,751,c4ann,4
single,751,c3per,4
single,751,urban,4
single,751,secmb,4
single,751,secma,4
single,751,secdn,4
single,751,c3nfx,4
single,751,c3ann,4
single,751,number_of_people,4
single,751,kg_class,4
single,751,weighted_PCT_CLAY,2
single,751,weighted_PCT_SAND,2
single,751,weighted_ORGANIC,2
single,751,elevation,2
single,751,SLOPE,2
single,751,ASPECT,2
single,751,LULC_states,6
single,752,secdf,4
single,752,range,4
single,752,primf,4
single,752,primn,4
single,752,pastr,4
single,752,c4per,4
single,752,c3per,4
single,752,c4ann,4
single,752,urban,4
single,752,secma,4
single,752,secmb,4
single,752,secdn,4
single,752,c3nfx,4
single,752,c3ann,4
single,752,number_of_people,4
single,752,kg_class,4
single,752,weighted_PCT_SAND,2
single,752,weighted_PCT_CLAY,2
single,752,weighted_ORGANIC,2
single,752,elevation,2
single,752,SLOPE,2
single,752,ASPECT,2
single,752,LULC_states,6
single,753,secdf,4
single,753,range,4
single,753,primn,4
single,753,primf,4
single,753,pastr,4
single,753,c4ann,4
single,753,c4per,4
single,753,c3per,4
single,753,urban,4
single,753,secmb,4
single,753,secma,4
single,753,secdn,4
single,753,c3nfx,4
single,753,c3ann,4
single,753,number_of_people,4
single,753,kg_class,4
single,753,weighted_PCT_SAND,2
single,753,weighted_PCT_CLAY,2
single,753,SLOPE,2
single,753,elevation,2
single,753,weighted_ORGANIC,2
single,753,ASPECT,2
single,753,LULC_states,6
single,754,secdf,2
single,754,primn,2
single,754,range,2
single,754,primf,2
single,754,pastr,2
single,754,c4per,2
single,754,c4ann,2
single,754,c3per,2
single,754,urban,2
single,754,secmb,2
single,754,secma,2
single,754,secdn,2
single,754,c3ann,2
single,754,c3nfx,2
single,754,number_of_people,2
single,754,kg_class,2
single,754,weighted_PCT_SAND,1
single,754,weighted_PCT_CLAY,1
single,754,weighted_ORGANIC,1
single,754,elevation,1
single,754,SLOPE,1
single,754,ASPECT,1
single,754,LULC_states,3
single,755,range,4
single,755,secdf,4
single,755,primn,4
single,755,pastr,4
single,755,primf,4
single,755,c3per,4
single,755,c4ann,4
single,755,c4per,4
single,755,urban,4
single,755,secmb,4
single,755,secdn,4
single,755,secma,4
single,755,c3ann,4
single,755,c3nfx,4
single,755,number_of_people,4
single,755,kg_class,4
single,755,weighted_PCT_SAND,2
single,755,weighted_PCT_CLAY,2
single,755,weighted_ORGANIC,2
single,755,elevation,2
single,755,SLOPE,2
single,755,ASPECT,2
single,755,LULC_states,6
single,756,primn,4
single,756,range,4
single,756,secdf,4
single,756,primf,4
single,756,c4per,4
single,756,pastr,4
single,756,c4ann,4
single,756,urban,4
single,756,c3per,4
single,756,secmb,4
single,756,secdn,4
single,756,c3nfx,4
single,756,secma,4
single,756,c3ann,4
single,756,number_of_people,4
single,756,kg_class,4
single,756,weighted_PCT_SAND,2
single,756,weighted_PCT_CLAY,2
single,756,weighted_ORGANIC,2
single,756,SLOPE,2
single,756,elevation,2
single,756,ASPECT,2
single,756,LULC_states,6
single,757,secdf,2
single,757,range,2
single,757,primn,2
single,757,pastr,2
single,757,primf,2
single,757,c4per,2
single,757,c4ann,2
single,757,c3per,2
single,757,urban,2
single,757,secmb,2
single,757,secma,2
single,757,c3nfx,2
single,757,secdn,2
single,757,c3ann,2
single,757,number_of_people,2
single,757,kg_class,2
single,757,weighted_PCT_SAND,1
single,757,weighted_PCT_CLAY,1
single,757,weighted_ORGANIC,1
single,757,SLOPE,1
single,757,elevation,1
single,757,ASPECT,1
single,757,LULC_states,3
single,758,primn,4
single,758,range,4
single,758,secdf,4
single,758,pastr,4
single,758,c4per,4
single,758,primf,4
single,758,c4ann,4
single,758,c3per,4
single,758,secma,4
single,758,secmb,4
single,758,urban,4
single,758,c3ann,4
single,758,secdn,4
single,758,c3nfx,4
single,758,number_of_people,4
single,758,kg_class,4
single,758,weighted_PCT_SAND,2
single,758,weighted_PCT_CLAY,2
single,758,weighted_ORGANIC,2
single,758,SLOPE,2
single,758,ASPECT,2
single,758,elevation,2
single,758,LULC_states,6
single,759,primn,2
single,759,range,2
single,759,secdf,2
single,759,primf,2
single,759,pastr,2
single,759,c4per,2
single,759,c4ann,2
single,759,c3per,2
single,759,urban,2
single,759,secmb,2
single,759,secma,2
single,759,secdn,2
single,759,c3nfx,2
single,759,c3ann,2
single,759,number_of_people,2
single,759,kg_class,2
single,759,weighted_PCT_SAND,1
single,759,weighted_PCT_CLAY,1
single,759,weighted_ORGANIC,1
single,759,SLOPE,1
single,759,elevation,1
single,759,ASPECT,1
single,759,LULC_states,3
single,760,secdf,4
single,760,range,4
single,760,primf,4
single,760,primn,4
single,760,pastr,4
single,760,c4per,4
single,760,c4ann,4
single,760,c3per,4
single,760,urban,4
single,760,secmb,4
single,760,secdn,4
single,760,secma,4
single,760,c3nfx,4
single,760,c3ann,4
single,760,number_of_people,4
single,760,kg_class,4
single,760,weighted_PCT_SAND,2
single,760,weighted_PCT_CLAY,2
single,760,weighted_ORGANIC,2
single,760,SLOPE,2
single,760,elevation,2
single,760,ASPECT,2
single,760,LULC_states,6
single,761,secdf,8
single,761,primn,8
single,761,range,8
single,761,primf,8
single,761,pastr,8
single,761,c4per,8
single,761,c4ann,8
single,761,c3per,8
single,761,urban,8
single,761,secmb,8
single,761,secma,8
single,761,secdn,8
single,761,c3nfx,8
single,761,c3ann,8
single,761,number_of_people,8
single,761,kg_class,8
single,761,weighted_PCT_SAND,4
single,761,weighted_PCT_CLAY,4
single,761,weighted_ORGANIC,4
single,761,SLOPE,4
single,761,elevation,4
single,761,ASPECT,4
single,761,LULC_states,12
single,762,range,2
single,762,secdf,2
single,762,primn,2
single,762,pastr,2
single,762,primf,2
single,762,c4per,2
single,762,c4ann,2
single,762,c3per,2
single,762,urban,2
single,762,secma,2
single,762,secdn,2
single,762,c3nfx,2
single,762,secmb,2
single,762,c3ann,2
single,762,number_of_people,2
single,762,kg_class,2
single,762,weighted_PCT_CLAY,1
single,762,weighted_PCT_SAND,1
single,762,weighted_ORGANIC,1
single,762,SLOPE,1
single,762,elevation,1
single,762,ASPECT,1
single,762,LULC_states,3
single,763,primn,8
single,763,primf,8
single,763,pastr,8
single,763,secdf,8
single,763,range,8
single,763,c3per,8
single,763,c4per,8
single,763,c4ann,8
single,763,secma,8
single,763,urban,8
single,763,secmb,8
single,763,secdn,8
single,763,c3nfx,8
single,763,c3ann,8
single,763,number_of_people,8
single,763,kg_class,8
single,763,weighted_PCT_SAND,4
single,763,weighted_PCT_CLAY,4
single,763,SLOPE,4
single,763,weighted_ORGANIC,4
single,763,elevation,4
single,763,ASPECT,4
single,763,LULC_states,12
single,764,secdf,8
single,764,range,8
single,764,primn,8
single,764,primf,8
single,764,pastr,8
single,764,c4per,8
single,764,c4ann,8
single,764,urban,8
single,764,c3per,8
single,764,secmb,8
single,764,secma,8
single,764,secdn,8
single,764,c3ann,8
single,764,c3nfx,8
single,764,number_of_people,8
single,764,kg_class,8
single,764,weighted_PCT_SAND,4
single,764,weighted_PCT_CLAY,4
single,764,weighted_ORGANIC,4
single,764,SLOPE,4
single,764,ASPECT,4
single,764,elevation,4
single,764,LULC_states,12
single,765,secdf,2
single,765,range,2
single,765,primn,2
single,765,primf,2
single,765,pastr,2
single,765,c4per,2
single,765,c4ann,2
single,765,c3per,2
single,765,secmb,2
single,765,secma,2
single,765,urban,2
single,765,secdn,2
single,765,c3nfx,2
single,765,c3ann,2
single,765,number_of_people,2
single,765,kg_class,2
single,765,weighted_PCT_SAND,1
single,765,weighted_PCT_CLAY,1
single,765,weighted_ORGANIC,1
single,765,SLOPE,1
single,765,elevation,1
single,765,ASPECT,1
single,765,LULC_states,3
single,766,secdf,2
single,766,range,2
single,766,primn,2
single,766,pastr,2
single,766,primf,2
single,766,c4per,2
single,766,c4ann,2
single,766,urban,2
single,766,secmb,2
single,766,c3per,2
single,766,secdn,2
single,766,secma,2
single,766,c3nfx,2
single,766,c3ann,2
single,766,number_of_people,2
single,766,kg_class,2
single,766,weighted_PCT_SAND,1
single,766,weighted_ORGANIC,1
single,766,weighted_PCT_CLAY,1
single,766,SLOPE,1
single,766,elevation,1
single,766,ASPECT,1
single,766,LULC_states,3
single,767,secdf,2
single,767,range,2
single,767,primn,2
single,767,primf,2
single,767,c4per,2
single,767,pastr,2
single,767,c4ann,2
single,767,c3per,2
single,767,urban,2
single,767,secmb,2
single,767,secma,2
single,767,secdn,2
single,767,c3nfx,2
single,767,c3ann,2
single,767,number_of_people,2
single,767,kg_class,2
single,767,weighted_PCT_SAND,1
single,767,weighted_PCT_CLAY,1
single,767,weighted_ORGANIC,1
single,767,SLOPE,1
single,767,elevation,1
single,767,ASPECT,1
single,767,LULC_states,3
single,768,secdf,4
single,768,range,4
single,768,primn,4
single,768,primf,4
single,768,pastr,4
single,768,c4per,4
single,768,c4ann,4
single,768,c3per,4
single,768,secmb,4
single,768,urban,4
single,768,secma,4
single,768,secdn,4
single,768,c3nfx,4
single,768,c3ann,4
single,768,number_of_people,4
single,768,kg_class,4
single,768,weighted_PCT_SAND,2
single,768,weighted_PCT_CLAY,2
single,768,weighted_ORGANIC,2
single,768,SLOPE,2
single,768,elevation,2
single,768,ASPECT,2
single,768,LULC_states,6
single,769,secdf,4
single,769,primn,4
single,769,primf,4
single,769,range,4
single,769,c4ann,4
single,769,c4per,4
single,769,c3per,4
single,769,secmb,4
single,769,pastr,4
single,769,urban,4
single,769,secma,4
single,769,c3nfx,4
single,769,secdn,4
single,769,c3ann,4
single,769,number_of_people,4
single,769,kg_class,4
single,769,weighted_PCT_SAND,2
single,769,weighted_PCT_CLAY,2
single,769,weighted_ORGANIC,2
single,769,SLOPE,2
single,769,ASPECT,2
single,769,elevation,2
single,769,LULC_states,6
single,770,secdf,4
single,770,range,4
single,770,primn,4
single,770,primf,4
single,770,pastr,4
single,770,c4per,4
single,770,c4ann,4
single,770,urban,4
single,770,c3per,4
single,770,secmb,4
single,770,secma,4
single,770,c3nfx,4
single,770,secdn,4
single,770,c3ann,4
single,770,number_of_people,4
single,770,kg_class,4
single,770,weighted_PCT_SAND,2
single,770,weighted_PCT_CLAY,2
single,770,weighted_ORGANIC,2
single,770,elevation,2
single,770,SLOPE,2
single,770,ASPECT,2
single,770,LULC_states,6
single,771,secdf,4
single,771,primn,4
single,771,primf,4
single,771,range,4
single,771,c4ann,4
single,771,pastr,4
single,771,c4per,4
single,771,urban,4
single,771,c3per,4
single,771,secmb,4
single,771,secma,4
single,771,secdn,4
single,771,c3nfx,4
single,771,c3ann,4
single,771,number_of_people,4
single,771,kg_class,4
single,771,weighted_PCT_SAND,2
single,771,weighted_PCT_CLAY,2
single,771,weighted_ORGANIC,2
single,771,SLOPE,2
single,771,elevation,2
single,771,ASPECT,2
single,771,LULC_states,6
single,772,secdf,4
single,772,range,4
single,772,pastr,4
single,772,primf,4
single,772,primn,4
single,772,c4per,4
single,772,c4ann,4
single,772,c3per,4
single,772,urban,4
single,772,secmb,4
single,772,secma,4
single,772,secdn,4
single,772,c3nfx,4
single,772,c3ann,4
single,772,number_of_people,4
single,772,kg_class,4
single,772,weighted_PCT_SAND,2
single,772,weighted_PCT_CLAY,2
single,772,SLOPE,2
single,772,weighted_ORGANIC,2
single,772,elevation,2
single,772,ASPECT,2
single,772,LULC_states,6
single,773,secdf,4
single,773,range,4
single,773,primn,4
single,773,primf,4
single,773,pastr,4
single,773,c4per,4
single,773,c4ann,4
single,773,c3per,4
single,773,urban,4
single,773,secma,4
single,773,secdn,4
single,773,secmb,4
single,773,c3nfx,4
single,773,c3ann,4
single,773,number_of_people,4
single,773,kg_class,4
single,773,weighted_PCT_SAND,2
single,773,weighted_PCT_CLAY,2
single,773,weighted_ORGANIC,2
single,773,SLOPE,2
single,773,elevation,2
single,773,ASPECT,2
single,773,LULC_states,6
single,774,secdf,4
single,774,range,4
single,774,primn,4
single,774,primf,4
single,774,pastr,4
single,774,c4ann,4
single,774,c4per,4
single,774,c3per,4
single,774,urban,4
single,774,secmb,4
single,774,secma,4
single,774,secdn,4
single,774,c3nfx,4
single,774,c3ann,4
single,774,number_of_people,4
single,774,kg_class,4
single,774,weighted_PCT_SAND,2
single,774,weighted_PCT_CLAY,2
single,774,weighted_ORGANIC,2
single,774,SLOPE,2
single,774,elevation,2
single,774,ASPECT,2
single,774,LULC_states,6
single,775,secdf,4
single,775,range,4
single,775,primn,4
single,775,primf,4
single,775,pastr,4
single,775,c4per,4
single,775,c4ann,4
single,775,c3per,4
single,775,urban,4
single,775,secmb,4
single,775,secma,4
single,775,secdn,4
single,775,c3nfx,4
single,775,c3ann,4
single,775,number_of_people,4
single,775,kg_class,4
single,775,weighted_PCT_CLAY,2
single,775,weighted_PCT_SAND,2
single,775,SLOPE,2
single,775,weighted_ORGANIC,2
single,775,elevation,2
single,775,ASPECT,2
single,775,LULC_states,6
single,776,secdf,4
single,776,range,4
single,776,primn,4
single,776,pastr,4
single,776,primf,4
single,776,c4ann,4
single,776,c4per,4
single,776,c3per,4
single,776,urban,4
single,776,secdn,4
single,776,secma,4
single,776,c3nfx,4
single,776,c3ann,4
single,776,secmb,4
single,776,number_of_people,4
single,776,kg_class,4
single,776,weighted_PCT_SAND,2
single,776,weighted_PCT_CLAY,2
single,776,weighted_ORGANIC,2
single,776,elevation,2
single,776,ASPECT,2
single,776,SLOPE,2
single,776,LULC_states,6
single,777,secdf,2
single,777,range,2
single,777,primn,2
single,777,primf,2
single,777,pastr,2
single,777,c4ann,2
single,777,c3per,2
single,777,c4per,2
single,777,secmb,2
single,777,urban,2
single,777,secma,2
single,777,secdn,2
single,777,c3nfx,2
single,777,c3ann,2
single,777,number_of_people,2
single,777,kg_class,2
single,777,weighted_PCT_SAND,1
single,777,weighted_PCT_CLAY,1
single,777,weighted_ORGANIC,1
single,777,SLOPE,1
single,777,elevation,1
single,777,ASPECT,1
single,777,LULC_states,3
single,778,secdf,8
single,778,primn,8
single,778,primf,8
single,778,range,8
single,778,pastr,8
single,778,c4per,8
single,778,c4ann,8
single,778,urban,8
single,778,c3per,8
single,778,secmb,8
single,778,secdn,8
single,778,secma,8
single,778,c3nfx,8
single,778,c3ann,8
single,778,number_of_people,8
single,778,kg_class,8
single,778,weighted_PCT_SAND,4
single,778,weighted_PCT_CLAY,4
single,778,weighted_ORGANIC,4
single,778,SLOPE,4
single,778,elevation,4
single,778,ASPECT,4
single,778,LULC_states,12
single,779,primf,4
single,779,range,4
single,779,secdf,4
single,779,primn,4
single,779,pastr,4
single,779,c4per,4
single,779,c4ann,4
single,779,c3per,4
single,779,urban,4
single,779,secmb,4
single,779,secma,4
single,779,secdn,4
single,779,c3ann,4
single,779,c3nfx,4
single,779,number_of_people,4
single,779,kg_class,4
single,779,weighted_PCT_SAND,2
single,779,weighted_PCT_CLAY,2
single,779,weighted_ORGANIC,2
single,779,SLOPE,2
single,779,elevation,2
single,779,ASPECT,2
single,779,LULC_states,6
single,780,range,8
single,780,secdf,8
single,780,primn,8
single,780,pastr,8
single,780,primf,8
single,780,c4ann,8
single,780,c4per,8
single,780,urban,8
single,780,secmb,8
single,780,c3per,8
single,780,secma,8
single,780,secdn,8
single,780,c3nfx,8
single,780,c3ann,8
single,780,number_of_people,8
single,780,kg_class,8
single,780,weighted_PCT_SAND,4
single,780,weighted_ORGANIC,4
single,780,weighted_PCT_CLAY,4
single,780,SLOPE,4
single,780,elevation,4
single,780,ASPECT,4
single,780,LULC_states,12
single,781,secdf,2
single,781,range,2
single,781,primn,2
single,781,primf,2
single,781,c4per,2
single,781,c4ann,2
single,781,pastr,2
single,781,c3per,2
single,781,secmb,2
single,781,urban,2
single,781,secma,2
single,781,secdn,2
single,781,c3ann,2
single,781,c3nfx,2
single,781,number_of_people,2
single,781,kg_class,2
single,781,weighted_PCT_SAND,1
single,781,weighted_ORGANIC,1
single,781,weighted_PCT_CLAY,1
single,781,SLOPE,1
single,781,ASPECT,1
single,781,elevation,1
single,781,LULC_states,3
single,782,secdf,4
single,782,range,4
single,782,primf,4
single,782,primn,4
single,782,pastr,4
single,782,c4per,4
single,782,c4ann,4
single,782,c3per,4
single,782,urban,4
single,782,secmb,4
single,782,secma,4
single,782,secdn,4
single,782,c3nfx,4
single,782,c3ann,4
single,782,number_of_people,4
single,782,kg_class,4
single,782,weighted_PCT_CLAY,2
single,782,weighted_PCT_SAND,2
single,782,weighted_ORGANIC,2
single,782,elevation,2
single,782,SLOPE,2
single,782,ASPECT,2
single,782,LULC_states,6
single,783,range,8
single,783,primf,8
single,783,secdf,8
single,783,primn,8
single,783,pastr,8
single,783,c4per,8
single,783,c4ann,8
single,783,c3per,8
single,783,urban,8
single,783,secmb,8
single,783,secma,8
single,783,secdn,8
single,783,c3nfx,8
single,783,c3ann,8
single,783,number_of_people,8
single,783,kg_class,8
single,783,weighted_PCT_SAND,4
single,783,weighted_ORGANIC,4
single,783,weighted_PCT_CLAY,4
single,783,SLOPE,4
single,783,ASPECT,4
single,783,elevation,4
single,783,LULC_states,12
single,784,range,4
single,784,secdf,4
single,784,primn,4
single,784,primf,4
single,784,pastr,4
single,784,c4per,4
single,784,c4ann,4
single,784,c3per,4
single,784,secmb,4
single,784,urban,4
single,784,secma,4
single,784,secdn,4
single,784,c3ann,4
single,784,c3nfx,4
single,784,number_of_people,4
single,784,kg_class,4
single,784,weighted_PCT_SAND,2
single,784,weighted_PCT_CLAY,2
single,784,weighted_ORGANIC,2
single,784,elevation,2
single,784,SLOPE,2
single,784,ASPECT,2
single,784,LULC_states,6
single,785,secdf,4
single,785,range,4
single,785,primn,4
single,785,c4ann,4
single,785,c4per,4
single,785,pastr,4
single,785,primf,4
single,785,c3per,4
single,785,urban,4
single,785,secmb,4
single,785,secma,4
single,785,c3nfx,4
single,785,secdn,4
single,785,c3ann,4
single,785,number_of_people,4
single,785,kg_class,4
single,785,weighted_PCT_SAND,2
single,785,weighted_PCT_CLAY,2
single,785,weighted_ORGANIC,2
single,785,SLOPE,2
single,785,elevation,2
single,785,ASPECT,2
single,785,LULC_states,6
single,786,range,4
single,786,secdf,4
single,786,pastr,4
single,786,primn,4
single,786,c4per,4
single,786,primf,4
single,786,c3per,4
single,786,c4ann,4
single,786,secma,4
single,786,secdn,4
single,786,secmb,4
single,786,urban,4
single,786,c3nfx,4
single,786,c3ann,4
single,786,number_of_people,4
single,786,kg_class,4
single,786,weighted_PCT_SAND,2
single,786,weighted_PCT_CLAY,2
single,786,weighted_ORGANIC,2
single,786,SLOPE,2
single,786,elevation,2
single,786,ASPECT,2
single,786,LULC_states,6
single,787,range,4
single,787,primn,4
single,787,primf,4
single,787,secdf,4
single,787,c4ann,4
single,787,c3per,4
single,787,c4per,4
single,787,urban,4
single,787,secma,4
single,787,secmb,4
single,787,c3nfx,4
single,787,secdn,4
single,787,c3ann,4
single,787,pastr,4
single,787,number_of_people,4
single,787,kg_class,4
single,787,weighted_PCT_SAND,2
single,787,weighted_PCT_CLAY,2
single,787,SLOPE,2
single,787,weighted_ORGANIC,2
single,787,elevation,2
single,787,ASPECT,2
single,787,LULC_states,6
single,788,secdf,2
single,788,range,2
single,788,primn,2
single,788,pastr,2
single,788,primf,2
single,788,c4per,2
single,788,c4ann,2
single,788,c3per,2
single,788,urban,2
single,788,secmb,2
single,788,secma,2
single,788,secdn,2
single,788,c3nfx,2
single,788,c3ann,2
single,788,number_of_people,2
single,788,kg_class,2
single,788,weighted_PCT_SAND,1
single,788,weighted_PCT_CLAY,1
single,788,weighted_ORGANIC,1
single,788,SLOPE,1
single,788,elevation,1
single,788,ASPECT,1
single,788,LULC_states,3
single,789,secdf,2
single,789,range,2
single,789,c4per,2
single,789,primn,2
single,789,pastr,2
single,789,primf,2
single,789,c4ann,2
single,789,urban,2
single,789,c3per,2
single,789,secmb,2
single,789,secma,2
single,789,c3nfx,2
single,789,secdn,2
single,789,c3ann,2
single,789,number_of_people,2
single,789,kg_class,2
single,789,weighted_PCT_SAND,1
single,789,weighted_PCT_CLAY,1
single,789,weighted_ORGANIC,1
single,789,SLOPE,1
single,789,elevation,1
single,789,ASPECT,1
single,789,LULC_states,3
single,790,range,4
single,790,secdf,4
single,790,primn,4
single,790,primf,4
single,790,pastr,4
single,790,c4per,4
single,790,c4ann,4
single,790,urban,4
single,790,c3per,4
single,790,secmb,4
single,790,secma,4
single,790,c3nfx,4
single,790,secdn,4
single,790,c3ann,4
single,790,number_of_people,4
single,790,kg_class,4
single,790,weighted_PCT_SAND,2
single,790,weighted_PCT_CLAY,2
single,790,weighted_ORGANIC,2
single,790,SLOPE,2
single,790,ASPECT,2
single,790,elevation,2
single,790,LULC_states,6
single,791,secdf,4
single,791,range,4
single,791,primn,4
single,791,primf,4
single,791,pastr,4
single,791,c4per,4
single,791,c4ann,4
single,791,urban,4
single,791,c3per,4
single,791,secmb,4
single,791,secma,4
single,791,secdn,4
single,791,c3nfx,4
single,791,c3ann,4
single,791,number_of_people,4
single,791,kg_class,4
single,791,weighted_PCT_SAND,2
single,791,weighted_PCT_CLAY,2
single,791,SLOPE,2
single,791,weighted_ORGANIC,2
single,791,elevation,2
single,791,ASPECT,2
single,791,LULC_states,6
single,792,secdf,4
single,792,range,4
single,792,primn,4
single,792,primf,4
single,792,pastr,4
single,792,c4per,4
single,792,c3per,4
single,792,c4ann,4
single,792,urban,4
single,792,secmb,4
single,792,secma,4
single,792,secdn,4
single,792,c3nfx,4
single,792,c3ann,4
single,792,number_of_people,4
single,792,kg_class,4
single,792,weighted_PCT_SAND,2
single,792,weighted_PCT_CLAY,2
single,792,weighted_ORGANIC,2
single,792,SLOPE,2
single,792,elevation,2
single,792,ASPECT,2
single,792,LULC_states,6
single,793,secdf,4
single,793,range,4
single,793,primn,4
single,793,primf,4
single,793,pastr,4
single,793,c4per,4
single,793,c3per,4
single,793,c4ann,4
single,793,urban,4
single,793,secma,4
single,793,secmb,4
single,793,secdn,4
single,793,c3nfx,4
single,793,c3ann,4
single,793,number_of_people,4
single,793,kg_class,4
single,793,weighted_PCT_SAND,2
single,793,weighted_ORGANIC,2
single,793,weighted_PCT_CLAY,2
single,793,elevation,2
single,793,SLOPE,2
single,793,ASPECT,2
single,793,LULC_states,6
single,794,secdf,4
single,794,range,4
single,794,primn,4
single,794,c4per,4
single,794,pastr,4
single,794,primf,4
single,794,c3per,4
single,794,c4ann,4
single,794,secma,4
single,794,secmb,4
single,794,urban,4
single,794,secdn,4
single,794,c3nfx,4
single,794,c3ann,4
single,794,number_of_people,4
single,794,kg_class,4
single,794,weighted_PCT_CLAY,2
single,794,weighted_ORGANIC,2
single,794,weighted_PCT_SAND,2
single,794,SLOPE,2
single,794,elevation,2
single,794,ASPECT,2
single,794,LULC_states,6
single,795,range,2
single,795,secdf,2
single,795,primn,2
single,795,primf,2
single,795,pastr,2
single,795,c4per,2
single,795,c3per,2
single,795,urban,2
single,795,secmb,2
single,795,c4ann,2
single,795,secma,2
single,795,secdn,2
single,795,c3nfx,2
single,795,c3ann,2
single,795,number_of_people,2
single,795,kg_class,2
single,795,weighted_PCT_SAND,1
single,795,weighted_PCT_CLAY,1
single,795,weighted_ORGANIC,1
single,795,SLOPE,1
single,795,elevation,1
single,795,ASPECT,1
single,795,LULC_states,3
single,796,secdf,4
single,796,range,4
single,796,primn,4
single,796,primf,4
single,796,c4per,4
single,796,pastr,4
single,796,c4ann,4
single,796,c3per,4
single,796,secma,4
single,796,urban,4
single,796,secmb,4
single,796,secdn,4
single,796,c3nfx,4
single,796,c3ann,4
single,796,number_of_people,4
single,796,kg_class,4
single,796,weighted_PCT_SAND,2
single,796,weighted_PCT_CLAY,2
single,796,weighted_ORGANIC,2
single,796,elevation,2
single,796,SLOPE,2
single,796,ASPECT,2
single,796,LULC_states,6
single,797,secdf,8
single,797,range,8
single,797,primf,8
single,797,pastr,8
single,797,primn,8
single,797,c4per,8
single,797,c4ann,8
single,797,c3per,8
single,797,urban,8
single,797,secmb,8
single,797,secma,8
single,797,c3nfx,8
single,797,c3ann,8
single,797,secdn,8
single,797,number_of_people,8
single,797,kg_class,8
single,797,weighted_PCT_SAND,4
single,797,weighted_PCT_CLAY,4
single,797,weighted_ORGANIC,4
single,797,SLOPE,4
single,797,elevation,4
single,797,ASPECT,4
single,797,LULC_states,12
single,798,secdf,8
single,798,range,8
single,798,primn,8
single,798,primf,8
single,798,pastr,8
single,798,c4per,8
single,798,c3per,8
single,798,urban,8
single,798,c4ann,8
single,798,secma,8
single,798,c3nfx,8
single,798,c3ann,8
single,798,secdn,8
single,798,secmb,8
single,798,number_of_people,8
single,798,kg_class,8
single,798,weighted_PCT_SAND,4
single,798,weighted_PCT_CLAY,4
single,798,weighted_ORGANIC,4
single,798,SLOPE,4
single,798,elevation,4
single,798,ASPECT,4
single,798,LULC_states,12
single,799,range,4
single,799,secdf,4
single,799,primf,4
single,799,primn,4
single,799,pastr,4
single,799,c4per,4
single,799,c4ann,4
single,799,urban,4
single,799,c3per,4
single,799,secmb,4
single,799,secma,4
single,799,secdn,4
single,799,c3nfx,4
single,799,c3ann,4
single,799,number_of_people,4
single,799,kg_class,4
single,799,weighted_PCT_SAND,2
single,799,weighted_PCT_CLAY,2
single,799,weighted_ORGANIC,2
single,799,SLOPE,2
single,799,elevation,2
single,799,ASPECT,2
single,799,LULC_states,6
single,800,secdf,4
single,800,range,4
single,800,primn,4
single,800,primf,4
single,800,pastr,4
single,800,c4per,4
single,800,c4ann,4
single,800,c3per,4
single,800,urban,4
single,800,secmb,4
single,800,secma,4
single,800,secdn,4
single,800,c3nfx,4
single,800,c3ann,4
single,800,number_of_people,4
single,800,kg_class,4
single,800,weighted_PCT_SAND,2
single,800,weighted_PCT_CLAY,2
single,800,weighted_ORGANIC,2
single,800,SLOPE,2
single,800,elevation,2
single,800,ASPECT,2
single,800,LULC_states,6
single,801,secdf,4
single,801,range,4
single,801,primf,4
single,801,primn,4
single,801,c4per,4
single,801,pastr,4
single,801,c4ann,4
single,801,urban,4
single,801,c3per,4
single,801,secmb,4
single,801,secma,4
single,801,secdn,4
single,801,c3nfx,4
single,801,c3ann,4
single,801,number_of_people,4
single,801,kg_class,4
single,801,weighted_PCT_CLAY,2
single,801,weighted_ORGANIC,2
single,801,weighted_PCT_SAND,2
single,801,elevation,2
single,801,ASPECT,2
single,801,SLOPE,2
single,801,LULC_states,6
single,802,secdf,8
single,802,primn,8
single,802,range,8
single,802,primf,8
single,802,c4per,8
single,802,pastr,8
single,802,c4ann,8
single,802,c3per,8
single,802,urban,8
single,802,secmb,8
single,802,secdn,8
single,802,secma,8
single,802,c3nfx,8
single,802,c3ann,8
single,802,number_of_people,8
single,802,kg_class,8
single,802,weighted_PCT_SAND,4
single,802,weighted_PCT_CLAY,4
single,802,weighted_ORGANIC,4
single,802,SLOPE,4
single,802,elevation,4
single,802,ASPECT,4
single,802,LULC_states,12
single,803,secdf,4
single,803,range,4
single,803,primn,4
single,803,primf,4
single,803,pastr,4
single,803,c4per,4
single,803,c4ann,4
single,803,c3per,4
single,803,urban,4
single,803,secmb,4
single,803,secma,4
single,803,secdn,4
single,803,c3nfx,4
single,803,c3ann,4
single,803,number_of_people,4
single,803,kg_class,4
single,803,weighted_PCT_SAND,2
single,803,weighted_PCT_CLAY,2
single,803,weighted_ORGANIC,2
single,803,SLOPE,2
single,803,elevation,2
single,803,ASPECT,2
single,803,LULC_states,6
single,804,secdf,8
single,804,range,8
single,804,primn,8
single,804,pastr,8
single,804,primf,8
single,804,c4per,8
single,804,c3per,8
single,804,c4ann,8
single,804,urban,8
single,804,secmb,8
single,804,secma,8
single,804,secdn,8
single,804,c3nfx,8
single,804,c3ann,8
single,804,number_of_people,8
single,804,kg_class,8
single,804,weighted_PCT_SAND,4
single,804,weighted_PCT_CLAY,4
single,804,weighted_ORGANIC,4
single,804,SLOPE,4
single,804,elevation,4
single,804,ASPECT,4
single,804,LULC_states,12
single,805,secdf,2
single,805,range,2
single,805,primn,2
single,805,pastr,2
single,805,primf,2
single,805,c4per,2
single,805,c4ann,2
single,805,urban,2
single,805,c3per,2
single,805,secma,2
single,805,secmb,2
single,805,secdn,2
single,805,c3nfx,2
single,805,c3ann,2
single,805,number_of_people,2
single,805,kg_class,2
single,805,weighted_PCT_SAND,1
single,805,weighted_ORGANIC,1
single,805,weighted_PCT_CLAY,1
single,805,elevation,1
single,805,ASPECT,1
single,805,SLOPE,1
single,805,LULC_states,3
single,806,secdf,2
single,806,range,2
single,806,primn,2
single,806,primf,2
single,806,pastr,2
single,806,c4per,2
single,806,c4ann,2
single,806,c3per,2
single,806,secma,2
single,806,urban,2
single,806,secmb,2
single,806,secdn,2
single,806,c3ann,2
single,806,c3nfx,2
single,806,number_of_people,2
single,806,kg_class,2
single,806,weighted_PCT_SAND,1
single,806,weighted_PCT_CLAY,1
single,806,weighted_ORGANIC,1
single,806,SLOPE,1
single,806,elevation,1
single,806,ASPECT,1
single,806,LULC_states,3
single,807,range,8
single,807,primn,8
single,807,primf,8
single,807,secdf,8
single,807,pastr,8
single,807,c4ann,8
single,807,c3per,8
single,807,c4per,8
single,807,urban,8
single,807,secma,8
single,807,secmb,8
single,807,secdn,8
single,807,c3nfx,8
single,807,c3ann,8
single,807,number_of_people,8
single,807,kg_class,8
single,807,weighted_PCT_SAND,4
single,807,weighted_PCT_CLAY,4
single,807,weighted_ORGANIC,4
single,807,elevation,4
single,807,SLOPE,4
single,807,ASPECT,4
single,807,LULC_states,12
single,808,secdf,4
single,808,primf,4
single,808,primn,4
single,808,range,4
single,808,pastr,4
single,808,c4per,4
single,808,c4ann,4
single,808,urban,4
single,808,c3per,4
single,808,secmb,4
single,808,secma,4
single,808,secdn,4
single,808,c3ann,4
single,808,c3nfx,4
single,808,number_of_people,4
single,808,kg_class,4
single,808,weighted_PCT_SAND,2
single,808,weighted_PCT_CLAY,2
single,808,weighted_ORGANIC,2
single,808,SLOPE,2
single,808,elevation,2
single,808,ASPECT,2
single,808,LULC_states,6
single,809,secdf,4
single,809,range,4
single,809,primn,4
single,809,primf,4
single,809,c4per,4
single,809,pastr,4
single,809,c4ann,4
single,809,urban,4
single,809,c3per,4
single,809,secmb,4
single,809,secdn,4
single,809,secma,4
single,809,c3ann,4
single,809,c3nfx,4
single,809,number_of_people,4
single,809,kg_class,4
single,809,weighted_PCT_CLAY,2
single,809,weighted_PCT_SAND,2
single,809,weighted_ORGANIC,2
single,809,SLOPE,2
single,809,elevation,2
single,809,ASPECT,2
single,809,LULC_states,6
single,810,secdf,2
single,810,range,2
single,810,primn,2
single,810,primf,2
single,810,pastr,2
single,810,c4per,2
single,810,c4ann,2
single,810,urban,2
single,810,c3per,2
single,810,secma,2
single,810,secmb,2
single,810,secdn,2
single,810,c3nfx,2
single,810,c3ann,2
single,810,number_of_people,2
single,810,kg_class,2
single,810,weighted_PCT_CLAY,1
single,810,weighted_ORGANIC,1
single,810,weighted_PCT_SAND,1
single,810,SLOPE,1
single,810,elevation,1
single,810,ASPECT,1
single,810,LULC_states,3
single,811,secdf,4
single,811,range,4
single,811,primn,4
single,811,primf,4
single,811,pastr,4
single,811,c4per,4
single,811,c4ann,4
single,811,c3per,4
single,811,urban,4
single,811,secmb,4
single,811,secma,4
single,811,secdn,4
single,811,c3nfx,4
single,811,c3ann,4
single,811,number_of_people,4
single,811,kg_class,4
single,811,weighted_PCT_SAND,2
single,811,weighted_PCT_CLAY,2
single,811,weighted_ORGANIC,2
single,811,SLOPE,2
single,811,ASPECT,2
single,811,elevation,2
single,811,LULC_states,6
single,812,secdf,4
single,812,range,4
single,812,primn,4
single,812,primf,4
single,812,pastr,4
single,812,c4ann,4
single,812,c4per,4
single,812,c3per,4
single,812,urban,4
single,812,secmb,4
single,812,secdn,4
single,812,secma,4
single,812,c3nfx,4
single,812,c3ann,4
single,812,number_of_people,4
single,812,kg_class,4
single,812,weighted_PCT_SAND,2
single,812,weighted_PCT_CLAY,2
single,812,weighted_ORGANIC,2
single,812,SLOPE,2
single,812,elevation,2
single,812,ASPECT,2
single,812,LULC_states,6
single,813,secdf,2
single,813,range,2
single,813,primn,2
single,813,pastr,2
single,813,primf,2
single,813,c4per,2
single,813,c3per,2
single,813,c4ann,2
single,813,urban,2
single,813,secmb,2
single,813,secma,2
single,813,secdn,2
single,813,c3nfx,2
single,813,c3ann,2
single,813,number_of_people,2
single,813,kg_class,2
single,813,weighted_PCT_SAND,1
single,813,SLOPE,1
single,813,weighted_PCT_CLAY,1
single,813,weighted_ORGANIC,1
single,813,elevation,1
single,813,ASPECT,1
single,813,LULC_states,3
single,814,secdf,8
single,814,range,8
single,814,primf,8
single,814,pastr,8
single,814,primn,8
single,814,c4per,8
single,814,c4ann,8
single,814,urban,8
single,814,c3per,8
single,814,secmb,8
single,814,secma,8
single,814,secdn,8
single,814,c3nfx,8
single,814,c3ann,8
single,814,number_of_people,8
single,814,kg_class,8
single,814,weighted_PCT_CLAY,4
single,814,weighted_PCT_SAND,4
single,814,SLOPE,4
single,814,weighted_ORGANIC,4
single,814,elevation,4
single,814,ASPECT,4
single,814,LULC_states,12
single,815,primn,8
single,815,secdf,8
single,815,range,8
single,815,primf,8
single,815,c4per,8
single,815,pastr,8
single,815,c4ann,8
single,815,c3per,8
single,815,urban,8
single,815,secma,8
single,815,secmb,8
single,815,secdn,8
single,815,c3ann,8
single,815,c3nfx,8
single,815,number_of_people,8
single,815,kg_class,8
single,815,weighted_PCT_SAND,4
single,815,weighted_PCT_CLAY,4
single,815,weighted_ORGANIC,4
single,815,SLOPE,4
single,815,elevation,4
single,815,ASPECT,4
single,815,LULC_states,12
single,816,secdf,2
single,816,range,2
single,816,primn,2
single,816,pastr,2
single,816,primf,2
single,816,c4per,2
single,816,urban,2
single,816,secmb,2
single,816,c4ann,2
single,816,c3per,2
single,816,secma,2
single,816,secdn,2
single,816,c3nfx,2
single,816,c3ann,2
single,816,number_of_people,2
single,816,kg_class,2
single,816,weighted_PCT_SAND,1
single,816,weighted_PCT_CLAY,1
single,816,weighted_ORGANIC,1
single,816,SLOPE,1
single,816,elevation,1
single,816,ASPECT,1
single,816,LULC_states,3
single,817,secdf,4
single,817,range,4
single,817,primf,4
single,817,primn,4
single,817,pastr,4
single,817,c4per,4
single,817,c4ann,4
single,817,c3per,4
single,817,urban,4
single,817,secmb,4
single,817,secma,4
single,817,c3nfx,4
single,817,secdn,4
single,817,c3ann,4
single,817,number_of_people,4
single,817,kg_class,4
single,817,weighted_PCT_SAND,2
single,817,weighted_PCT_CLAY,2
single,817,SLOPE,2
single,817,weighted_ORGANIC,2
single,817,elevation,2
single,817,ASPECT,2
single,817,LULC_states,6
single,818,secdf,2
single,818,range,2
single,818,primn,2
single,818,primf,2
single,818,pastr,2
single,818,c4per,2
single,818,c4ann,2
single,818,urban,2
single,818,c3per,2
single,818,secmb,2
single,818,secma,2
single,818,secdn,2
single,818,c3nfx,2
single,818,c3ann,2
single,818,number_of_people,2
single,818,kg_class,2
single,818,weighted_PCT_SAND,1
single,818,weighted_PCT_CLAY,1
single,818,weighted_ORGANIC,1
single,818,SLOPE,1
single,818,elevation,1
single,818,ASPECT,1
single,818,LULC_states,3
single,819,secdf,4
single,819,range,4
single,819,primn,4
single,819,primf,4
single,819,c4per,4
single,819,pastr,4
single,819,c4ann,4
single,819,c3per,4
single,819,urban,4
single,819,secma,4
single,819,secmb,4
single,819,secdn,4
single,819,c3nfx,4
single,819,c3ann,4
single,819,number_of_people,4
single,819,kg_class,4
single,819,weighted_PCT_SAND,2
single,819,weighted_PCT_CLAY,2
single,819,weighted_ORGANIC,2
single,819,SLOPE,2
single,819,ASPECT,2
single,819,elevation,2
single,819,LULC_states,6
single,820,secdf,4
single,820,range,4
single,820,primn,4
single,820,primf,4
single,820,pastr,4
single,820,c4per,4
single,820,c4ann,4
single,820,c3per,4
single,820,urban,4
single,820,secma,4
single,820,secmb,4
single,820,secdn,4
single,820,c3nfx,4
single,820,c3ann,4
single,820,number_of_people,4
single,820,kg_class,4
single,820,weighted_PCT_SAND,2
single,820,weighted_PCT_CLAY,2
single,820,weighted_ORGANIC,2
single,820,SLOPE,2
single,820,ASPECT,2
single,820,elevation,2
single,820,LULC_states,6
single,821,range,2
single,821,secdf,2
single,821,primn,2
single,821,primf,2
single,821,pastr,2
single,821,c4ann,2
single,821,c3per,2
single,821,c4per,2
single,821,urban,2
single,821,secmb,2
single,821,secma,2
single,821,c3nfx,2
single,821,secdn,2
single,821,c3ann,2
single,821,number_of_people,2
single,821,kg_class,2
single,821,weighted_PCT_SAND,1
single,821,weighted_PCT_CLAY,1
single,821,weighted_ORGANIC,1
single,821,SLOPE,1
single,821,ASPECT,1
single,821,elevation,1
single,821,LULC_states,3
single,822,secdf,2
single,822,range,2
single,822,primn,2
single,822,primf,2
single,822,pastr,2
single,822,c4per,2
single,822,c4ann,2
single,822,c3per,2
single,822,urban,2
single,822,secmb,2
single,822,secma,2
single,822,secdn,2
single,822,c3nfx,2
single,822,c3ann,2
single,822,number_of_people,2
single,822,kg_class,2
single,822,weighted_PCT_CLAY,1
single,822,weighted_PCT_SAND,1
single,822,weighted_ORGANIC,1
single,822,SLOPE,1
single,822,elevation,1
single,822,ASPECT,1
single,822,LULC_states,3
single,823,secdf,2
single,823,range,2
single,823,primn,2
single,823,primf,2
single,823,pastr,2
single,823,c4ann,2
single,823,c4per,2
single,823,c3per,2
single,823,urban,2
single,823,secmb,2
single,823,secma,2
single,823,c3nfx,2
single,823,secdn,2
single,823,c3ann,2
single,823,number_of_people,2
single,823,kg_class,2
single,823,weighted_PCT_SAND,1
single,823,weighted_PCT_CLAY,1
single,823,weighted_ORGANIC,1
single,823,SLOPE,1
single,823,elevation,1
single,823,ASPECT,1
single,823,LULC_states,3
single,824,secdf,8
single,824,range,8
single,824,primn,8
single,824,c4per,8
single,824,pastr,8
single,824,primf,8
single,824,c4ann,8
single,824,c3per,8
single,824,urban,8
single,824,secmb,8
single,824,secma,8
single,824,c3nfx,8
single,824,secdn,8
single,824,c3ann,8
single,824,number_of_people,8
single,824,kg_class,8
single,824,weighted_ORGANIC,4
single,824,weighted_PCT_CLAY,4
single,824,weighted_PCT_SAND,4
single,824,SLOPE,4
single,824,ASPECT,4
single,824,elevation,4
single,824,LULC_states,12
single,825,secdf,4
single,825,primn,4
single,825,range,4
single,825,pastr,4
single,825,c4per,4
single,825,primf,4
single,825,urban,4
single,825,c4ann,4
single,825,c3per,4
single,825,secmb,4
single,825,secma,4
single,825,c3nfx,4
single,825,secdn,4
single,825,c3ann,4
single,825,number_of_people,4
single,825,kg_class,4
single,825,weighted_PCT_SAND,2
single,825,weighted_PCT_CLAY,2
single,825,weighted_ORGANIC,2
single,825,SLOPE,2
single,825,elevation,2
single,825,ASPECT,2
single,825,LULC_states,6
single,826,secdf,2
single,826,range,2
single,826,primn,2
single,826,primf,2
single,826,pastr,2
single,826,c4per,2
single,826,c4ann,2
single,826,c3per,2
single,826,urban,2
single,826,secmb,2
single,826,secma,2
single,826,secdn,2
single,826,c3nfx,2
single,826,c3ann,2
single,826,number_of_people,2
single,826,kg_class,2
single,826,weighted_PCT_SAND,1
single,826,weighted_PCT_CLAY,1
single,826,weighted_ORGANIC,1
single,826,SLOPE,1
single,826,elevation,1
single,826,ASPECT,1
single,826,LULC_states,3
single,827,secdf,8
single,827,range,8
single,827,primn,8
single,827,primf,8
single,827,pastr,8
single,827,c4ann,8
single,827,c4per,8
single,827,c3per,8
single,827,urban,8
single,827,secmb,8
single,827,secma,8
single,827,c3nfx,8
single,827,secdn,8
single,827,c3ann,8
single,827,number_of_people,8
single,827,kg_class,8
single,827,weighted_PCT_SAND,4
single,827,weighted_PCT_CLAY,4
single,827,weighted_ORGANIC,4
single,827,ASPECT,4
single,827,elevation,4
single,827,SLOPE,4
single,827,LULC_states,12
single,828,secdf,4
single,828,range,4
single,828,primn,4
single,828,primf,4
single,828,pastr,4
single,828,c4ann,4
single,828,urban,4
single,828,c4per,4
single,828,c3per,4
single,828,secma,4
single,828,secmb,4
single,828,secdn,4
single,828,c3nfx,4
single,828,c3ann,4
single,828,number_of_people,4
single,828,kg_class,4
single,828,weighted_PCT_SAND,2
single,828,weighted_PCT_CLAY,2
single,828,weighted_ORGANIC,2
single,828,SLOPE,2
single,828,elevation,2
single,828,ASPECT,2
single,828,LULC_states,6
single,829,secdf,2
single,829,range,2
single,829,primn,2
single,829,primf,2
single,829,pastr,2
single,829,c4ann,2
single,829,c3per,2
single,829,c4per,2
single,829,secmb,2
single,829,urban,2
single,829,secma,2
single,829,secdn,2
single,829,c3nfx,2
single,829,c3ann,2
single,829,number_of_people,2
single,829,kg_class,2
single,829,weighted_PCT_SAND,1
single,829,weighted_PCT_CLAY,1
single,829,weighted_ORGANIC,1
single,829,elevation,1
single,829,SLOPE,1
single,829,ASPECT,1
single,829,LULC_states,3
single,830,secdf,2
single,830,range,2
single,830,primn,2
single,830,primf,2
single,830,pastr,2
single,830,c4per,2
single,830,c4ann,2
single,830,c3per,2
single,830,urban,2
single,830,secmb,2
single,830,secma,2
single,830,secdn,2
single,830,c3nfx,2
single,830,c3ann,2
single,830,number_of_people,2
single,830,kg_class,2
single,830,weighted_PCT_SAND,1
single,830,weighted_PCT_CLAY,1
single,830,weighted_ORGANIC,1
single,830,SLOPE,1
single,830,elevation,1
single,830,ASPECT,1
single,830,LULC_states,3
single,831,secdf,8
single,831,c4per,8
single,831,pastr,8
single,831,primf,8
single,831,primn,8
single,831,urban,8
single,831,c4ann,8
single,831,c3per,8
single,831,range,8
single,831,secdn,8
single,831,secmb,8
single,831,secma,8
single,831,c3nfx,8
single,831,c3ann,8
single,831,number_of_people,8
single,831,kg_class,8
single,831,weighted_PCT_CLAY,4
single,831,weighted_PCT_SAND,4
single,831,weighted_ORGANIC,4
single,831,SLOPE,4
single,831,elevation,4
single,831,ASPECT,4
single,831,LULC_states,12
single,832,secdf,4
single,832,range,4
single,832,primf,4
single,832,primn,4
single,832,pastr,4
single,832,c4per,4
single,832,c3per,4
single,832,urban,4
single,832,c4ann,4
single,832,secma,4
single,832,secmb,4
single,832,c3nfx,4
single,832,secdn,4
single,832,c3ann,4
single,832,number_of_people,4
single,832,kg_class,4
single,832,weighted_PCT_SAND,2
single,832,weighted_PCT_CLAY,2
single,832,weighted_ORGANIC,2
single,832,SLOPE,2
single,832,ASPECT,2
single,832,elevation,2
single,832,LULC_states,6
single,833,secdf,4
single,833,range,4
single,833,primn,4
single,833,pastr,4
single,833,c4ann,4
single,833,primf,4
single,833,c4per,4
single,833,c3per,4
single,833,secmb,4
single,833,urban,4
single,833,secma,4
single,833,secdn,4
single,833,c3nfx,4
single,833,c3ann,4
single,833,number_of_people,4
single,833,kg_class,4
single,833,weighted_PCT_CLAY,2
single,833,SLOPE,2
single,833,weighted_ORGANIC,2
single,833,weighted_PCT_SAND,2
single,833,elevation,2
single,833,ASPECT,2
single,833,LULC_states,6
single,834,secdf,4
single,834,range,4
single,834,primn,4
single,834,primf,4
single,834,pastr,4
single,834,c4ann,4
single,834,c4per,4
single,834,c3per,4
single,834,urban,4
single,834,c3nfx,4
single,834,secmb,4
single,834,secma,4
single,834,secdn,4
single,834,c3ann,4
single,834,number_of_people,4
single,834,kg_class,4
single,834,weighted_PCT_SAND,2
single,834,weighted_PCT_CLAY,2
single,834,weighted_ORGANIC,2
single,834,SLOPE,2
single,834,ASPECT,2
single,834,elevation,2
single,834,LULC_states,6
single,835,secdf,4
single,835,range,4
single,835,primn,4
single,835,primf,4
single,835,pastr,4
single,835,c4per,4
single,835,c4ann,4
single,835,urban,4
single,835,secma,4
single,835,c3per,4
single,835,secmb,4
single,835,secdn,4
single,835,c3nfx,4
single,835,c3ann,4
single,835,number_of_people,4
single,835,kg_class,4
single,835,weighted_PCT_CLAY,2
single,835,weighted_PCT_SAND,2
single,835,weighted_ORGANIC,2
single,835,SLOPE,2
single,835,elevation,2
single,835,ASPECT,2
single,835,LULC_states,6
single,836,range,4
single,836,secdf,4
single,836,primn,4
single,836,primf,4
single,836,pastr,4
single,836,c4ann,4
single,836,c4per,4
single,836,c3per,4
single,836,urban,4
single,836,secmb,4
single,836,secma,4
single,836,secdn,4
single,836,c3nfx,4
single,836,c3ann,4
single,836,number_of_people,4
single,836,kg_class,4
single,836,weighted_PCT_SAND,2
single,836,weighted_PCT_CLAY,2
single,836,weighted_ORGANIC,2
single,836,SLOPE,2
single,836,ASPECT,2
single,836,elevation,2
single,836,LULC_states,6
single,837,secdf,2
single,837,primn,2
single,837,range,2
single,837,primf,2
single,837,pastr,2
single,837,c4per,2
single,837,c4ann,2
single,837,c3per,2
single,837,urban,2
single,837,secma,2
single,837,secdn,2
single,837,c3ann,2
single,837,secmb,2
single,837,c3nfx,2
single,837,number_of_people,2
single,837,kg_class,2
single,837,weighted_PCT_SAND,1
single,837,weighted_PCT_CLAY,1
single,837,weighted_ORGANIC,1
single,837,SLOPE,1
single,837,elevation,1
single,837,ASPECT,1
single,837,LULC_states,3
single,838,secdf,2
single,838,range,2
single,838,primf,2
single,838,pastr,2
single,838,c4per,2
single,838,c4ann,2
single,838,c3per,2
single,838,urban,2
single,838,secmb,2
single,838,secma,2
single,838,secdn,2
single,838,c3nfx,2
single,838,c3ann,2
single,838,primn,2
single,838,number_of_people,2
single,838,kg_class,2
single,838,weighted_PCT_SAND,1
single,838,weighted_PCT_CLAY,1
single,838,weighted_ORGANIC,1
single,838,elevation,1
single,838,SLOPE,1
single,838,ASPECT,1
single,838,LULC_states,3
single,839,secdf,4
single,839,range,4
single,839,primn,4
single,839,primf,4
single,839,pastr,4
single,839,c4per,4
single,839,c4ann,4
single,839,c3per,4
single,839,urban,4
single,839,secmb,4
single,839,secma,4
single,839,c3nfx,4
single,839,secdn,4
single,839,c3ann,4
single,839,number_of_people,4
single,839,kg_class,4
single,839,weighted_PCT_SAND,2
single,839,weighted_PCT_CLAY,2
single,839,weighted_ORGANIC,2
single,839,elevation,2
single,839,SLOPE,2
single,839,ASPECT,2
single,839,LULC_states,6
single,840,secdf,2
single,840,primn,2
single,840,range,2
single,840,primf,2
single,840,c4per,2
single,840,pastr,2
single,840,c4ann,2
single,840,c3per,2
single,840,urban,2
single,840,secmb,2
single,840,secma,2
single,840,secdn,2
single,840,c3nfx,2
single,840,c3ann,2
single,840,number_of_people,2
single,840,kg_class,2
single,840,weighted_PCT_SAND,1
single,840,weighted_PCT_CLAY,1
single,840,weighted_ORGANIC,1
single,840,SLOPE,1
single,840,elevation,1
single,840,ASPECT,1
single,840,LULC_states,3
single,841,secdf,8
single,841,range,8
single,841,primn,8
single,841,primf,8
single,841,pastr,8
single,841,c4per,8
single,841,c4ann,8
single,841,c3per,8
single,841,urban,8
single,841,secma,8
single,841,secmb,8
single,841,c3nfx,8
single,841,secdn,8
single,841,c3ann,8
single,841,number_of_people,8
single,841,kg_class,8
single,841,weighted_PCT_CLAY,4
single,841,weighted_PCT_SAND,4
single,841,SLOPE,4
single,841,ASPECT,4
single,841,weighted_ORGANIC,4
single,841,elevation,4
single,841,LULC_states,12
single,842,secdf,4
single,842,primn,4
single,842,range,4
single,842,primf,4
single,842,pastr,4
single,842,c4per,4
single,842,c4ann,4
single,842,urban,4
single,842,c3per,4
single,842,secmb,4
single,842,secma,4
single,842,secdn,4
single,842,c3nfx,4
single,842,c3ann,4
single,842,number_of_people,4
single,842,kg_class,4
single,842,weighted_PCT_CLAY,2
single,842,SLOPE,2
single,842,weighted_PCT_SAND,2
single,842,elevation,2
single,842,weighted_ORGANIC,2
single,842,ASPECT,2
single,842,LULC_states,6
single,843,secdf,8
single,843,range,8
single,843,primn,8
single,843,primf,8
single,843,pastr,8
single,843,c4per,8
single,843,c4ann,8
single,843,c3per,8
single,843,urban,8
single,843,secmb,8
single,843,secma,8
single,843,secdn,8
single,843,c3nfx,8
single,843,c3ann,8
single,843,number_of_people,8
single,843,kg_class,8
single,843,weighted_PCT_SAND,4
single,843,weighted_PCT_CLAY,4
single,843,weighted_ORGANIC,4
single,843,SLOPE,4
single,843,elevation,4
single,843,ASPECT,4
single,843,LULC_states,12
single,844,secdf,2
single,844,range,2
single,844,primn,2
single,844,primf,2
single,844,pastr,2
single,844,c4per,2
single,844,c3per,2
single,844,c4ann,2
single,844,urban,2
single,844,secmb,2
single,844,secma,2
single,844,c3nfx,2
single,844,secdn,2
single,844,c3ann,2
single,844,number_of_people,2
single,844,kg_class,2
single,844,weighted_PCT_SAND,1
single,844,weighted_PCT_CLAY,1
single,844,weighted_ORGANIC,1
single,844,SLOPE,1
single,844,elevation,1
single,844,ASPECT,1
single,844,LULC_states,3
single,845,range,8
single,845,secdf,8
single,845,primn,8
single,845,pastr,8
single,845,c4per,8
single,845,c3per,8
single,845,primf,8
single,845,c4ann,8
single,845,urban,8
single,845,secmb,8
single,845,secma,8
single,845,secdn,8
single,845,c3nfx,8
single,845,c3ann,8
single,845,number_of_people,8
single,845,kg_class,8
single,845,weighted_PCT_SAND,4
single,845,weighted_PCT_CLAY,4
single,845,weighted_ORGANIC,4
single,845,elevation,4
single,845,SLOPE,4
single,845,ASPECT,4
single,845,LULC_states,12
single,846,secdf,4
single,846,range,4
single,846,primn,4
single,846,primf,4
single,846,pastr,4
single,846,c4per,4
single,846,c4ann,4
single,846,c3per,4
single,846,urban,4
single,846,secmb,4
single,846,secma,4
single,846,c3nfx,4
single,846,secdn,4
single,846,c3ann,4
single,846,number_of_people,4
single,846,kg_class,4
single,846,weighted_PCT_CLAY,2
single,846,weighted_PCT_SAND,2
single,846,weighted_ORGANIC,2
single,846,elevation,2
single,846,SLOPE,2
single,846,ASPECT,2
single,846,LULC_states,6
single,847,secdf,4
single,847,primn,4
single,847,range,4
single,847,primf,4
single,847,pastr,4
single,847,c4per,4
single,847,c4ann,4
single,847,urban,4
single,847,c3per,4
single,847,secmb,4
single,847,secma,4
single,847,secdn,4
single,847,c3ann,4
single,847,c3nfx,4
single,847,number_of_people,4
single,847,kg_class,4
single,847,weighted_PCT_CLAY,2
single,847,weighted_PCT_SAND,2
single,847,weighted_ORGANIC,2
single,847,elevation,2
single,847,SLOPE,2
single,847,ASPECT,2
single,847,LULC_states,6
single,848,secdf,4
single,848,range,4
single,848,primn,4
single,848,primf,4
single,848,pastr,4
single,848,c4ann,4
single,848,c3per,4
single,848,c4per,4
single,848,urban,4
single,848,secdn,4
single,848,secma,4
single,848,secmb,4
single,848,c3nfx,4
single,848,c3ann,4
single,848,number_of_people,4
single,848,kg_class,4
single,848,weighted_PCT_SAND,2
single,848,weighted_ORGANIC,2
single,848,weighted_PCT_CLAY,2
single,848,SLOPE,2
single,848,elevation,2
single,848,ASPECT,2
single,848,LULC_states,6
single,849,range,8
single,849,secdf,8
single,849,primn,8
single,849,primf,8
single,849,pastr,8
single,849,c4per,8
single,849,c4ann,8
single,849,c3per,8
single,849,urban,8
single,849,secmb,8
single,849,secma,8
single,849,secdn,8
single,849,c3nfx,8
single,849,c3ann,8
single,849,number_of_people,8
single,849,kg_class,8
single,849,weighted_PCT_SAND,4
single,849,weighted_PCT_CLAY,4
single,849,weighted_ORGANIC,4
single,849,SLOPE,4
single,849,elevation,4
single,849,ASPECT,4
single,849,LULC_states,12
single,850,secdf,2
single,850,primn,2
single,850,range,2
single,850,primf,2
single,850,pastr,2
single,850,c4per,2
single,850,c4ann,2
single,850,c3per,2
single,850,secma,2
single,850,secmb,2
single,850,urban,2
single,850,secdn,2
single,850,c3nfx,2
single,850,c3ann,2
single,850,number_of_people,2
single,850,kg_class,2
single,850,weighted_PCT_CLAY,1
single,850,weighted_PCT_SAND,1
single,850,weighted_ORGANIC,1
single,850,elevation,1
single,850,SLOPE,1
single,850,ASPECT,1
single,850,LULC_states,3
single,851,secdf,4
single,851,range,4
single,851,primn,4
single,851,pastr,4
single,851,primf,4
single,851,c4per,4
single,851,c4ann,4
single,851,urban,4
single,851,secmb,4
single,851,c3per,4
single,851,secma,4
single,851,c3nfx,4
single,851,c3ann,4
single,851,secdn,4
single,851,number_of_people,4
single,851,kg_class,4
single,851,weighted_PCT_SAND,2
single,851,weighted_PCT_CLAY,2
single,851,weighted_ORGANIC,2
single,851,SLOPE,2
single,851,elevation,2
single,851,ASPECT,2
single,851,LULC_states,6
single,852,secdf,8
single,852,primf,8
single,852,primn,8
single,852,range,8
single,852,pastr,8
single,852,c4per,8
single,852,c4ann,8
single,852,c3per,8
single,852,urban,8
single,852,secmb,8
single,852,c3nfx,8
single,852,secdn,8
single,852,secma,8
single,852,c3ann,8
single,852,number_of_people,8
single,852,kg_class,8
single,852,weighted_ORGANIC,4
single,852,weighted_PCT_CLAY,4
single,852,weighted_PCT_SAND,4
single,852,SLOPE,4
single,852,elevation,4
single,852,ASPECT,4
single,852,LULC_states,12
single,853,secdf,4
single,853,range,4
single,853,primn,4
single,853,primf,4
single,853,pastr,4
single,853,c4per,4
single,853,c4ann,4
single,853,urban,4
single,853,secmb,4
single,853,c3per,4
single,853,secdn,4
single,853,c3ann,4
single,853,secma,4
single,853,c3nfx,4
single,853,number_of_people,4
single,853,kg_class,4
single,853,weighted_PCT_SAND,2
single,853,weighted_PCT_CLAY,2
single,853,weighted_ORGANIC,2
single,853,SLOPE,2
single,853,ASPECT,2
single,853,elevation,2
single,853,LULC_states,6
single,854,secdf,8
single,854,primn,8
single,854,range,8
single,854,primf,8
single,854,pastr,8
single,854,urban,8
single,854,c3per,8
single,854,c4per,8
single,854,c4ann,8
single,854,secmb,8
single,854,secdn,8
single,854,secma,8
single,854,c3nfx,8
single,854,c3ann,8
single,854,number_of_people,8
single,854,kg_class,8
single,854,weighted_PCT_SAND,4
single,854,weighted_PCT_CLAY,4
single,854,weighted_ORGANIC,4
single,854,SLOPE,4
single,854,elevation,4
single,854,ASPECT,4
single,854,LULC_states,12
single,855,secdf,4
single,855,range,4
single,855,primn,4
single,855,primf,4
single,855,c4ann,4
single,855,c4per,4
single,855,c3per,4
single,855,pastr,4
single,855,secmb,4
single,855,urban,4
single,855,secma,4
single,855,c3nfx,4
single,855,secdn,4
single,855,c3ann,4
single,855,number_of_people,4
single,855,kg_class,4
single,855,weighted_PCT_SAND,2
single,855,weighted_PCT_CLAY,2
single,855,weighted_ORGANIC,2
single,855,SLOPE,2
single,855,elevation,2
single,855,ASPECT,2
single,855,LULC_states,6
single,856,range,2
single,856,secdf,2
single,856,primn,2
single,856,primf,2
single,856,pastr,2
single,856,c4ann,2
single,856,c4per,2
single,856,c3per,2
single,856,urban,2
single,856,secmb,2
single,856,secma,2
single,856,secdn,2
single,856,c3nfx,2
single,856,c3ann,2
single,856,number_of_people,2
single,856,kg_class,2
single,856,weighted_PCT_SAND,1
single,856,weighted_ORGANIC,1
single,856,weighted_PCT_CLAY,1
single,856,SLOPE,1
single,856,elevation,1
single,856,ASPECT,1
single,856,LULC_states,3
single,857,secdf,2
single,857,range,2
single,857,primn,2
single,857,primf,2
single,857,pastr,2
single,857,c4per,2
single,857,c4ann,2
single,857,c3per,2
single,857,urban,2
single,857,secmb,2
single,857,secma,2
single,857,c3nfx,2
single,857,secdn,2
single,857,c3ann,2
single,857,number_of_people,2
single,857,kg_class,2
single,857,weighted_PCT_SAND,1
single,857,weighted_PCT_CLAY,1
single,857,weighted_ORGANIC,1
single,857,SLOPE,1
single,857,elevation,1
single,857,ASPECT,1
single,857,LULC_states,3
single,858,range,2
single,858,secdf,2
single,858,primn,2
single,858,primf,2
single,858,pastr,2
single,858,c4per,2
single,858,c4ann,2
single,858,c3per,2
single,858,secmb,2
single,858,urban,2
single,858,secma,2
single,858,secdn,2
single,858,c3nfx,2
single,858,c3ann,2
single,858,number_of_people,2
single,858,kg_class,2
single,858,weighted_PCT_SAND,1
single,858,weighted_PCT_CLAY,1
single,858,SLOPE,1
single,858,weighted_ORGANIC,1
single,858,elevation,1
single,858,ASPECT,1
single,858,LULC_states,3
single,859,secdf,2
single,859,primf,2
single,859,primn,2
single,859,range,2
single,859,pastr,2
single,859,c4ann,2
single,859,c4per,2
single,859,urban,2
single,859,c3per,2
single,859,secmb,2
single,859,secma,2
single,859,secdn,2
single,859,c3nfx,2
single,859,c3ann,2
single,859,number_of_people,2
single,859,kg_class,2
single,859,weighted_PCT_CLAY,1
single,859,weighted_ORGANIC,1
single,859,weighted_PCT_SAND,1
single,859,SLOPE,1
single,859,elevation,1
single,859,ASPECT,1
single,859,LULC_states,3
single,860,range,8
single,860,secdf,8
single,860,primn,8
single,860,pastr,8
single,860,primf,8
single,860,c4per,8
single,860,c4ann,8
single,860,c3per,8
single,860,secmb,8
single,860,urban,8
single,860,secma,8
single,860,secdn,8
single,860,c3nfx,8
single,860,c3ann,8
single,860,number_of_people,8
single,860,kg_class,8
single,860,weighted_PCT_SAND,4
single,860,weighted_PCT_CLAY,4
single,860,weighted_ORGANIC,4
single,860,SLOPE,4
single,860,elevation,4
single,860,ASPECT,4
single,860,LULC_states,12
single,861,secdf,2
single,861,range,2
single,861,primn,2
single,861,primf,2
single,861,pastr,2
single,861,c4ann,2
single,861,c3per,2
single,861,urban,2
single,861,secmb,2
single,861,c4per,2
single,861,secma,2
single,861,c3nfx,2
single,861,secdn,2
single,861,c3ann,2
single,861,number_of_people,2
single,861,kg_class,2
single,861,weighted_PCT_SAND,1
single,861,weighted_PCT_CLAY,1
single,861,weighted_ORGANIC,1
single,861,SLOPE,1
single,861,elevation,1
single,861,ASPECT,1
single,861,LULC_states,3
single,862,secdf,2
single,862,pastr,2
single,862,primn,2
single,862,range,2
single,862,primf,2
single,862,c4ann,2
single,862,c3per,2
single,862,c4per,2
single,862,urban,2
single,862,secmb,2
single,862,secma,2
single,862,secdn,2
single,862,c3nfx,2
single,862,c3ann,2
single,862,number_of_people,2
single,862,kg_class,2
single,862,weighted_PCT_SAND,1
single,862,weighted_PCT_CLAY,1
single,862,weighted_ORGANIC,1
single,862,elevation,1
single,862,SLOPE,1
single,862,ASPECT,1
single,862,LULC_states,3
single,863,secdf,4
single,863,range,4
single,863,primn,4
single,863,primf,4
single,863,pastr,4
single,863,c3per,4
single,863,c4per,4
single,863,c4ann,4
single,863,urban,4
single,863,secmb,4
single,863,secma,4
single,863,secdn,4
single,863,c3nfx,4
single,863,c3ann,4
single,863,number_of_people,4
single,863,kg_class,4
single,863,weighted_PCT_SAND,2
single,863,weighted_PCT_CLAY,2
single,863,weighted_ORGANIC,2
single,863,SLOPE,2
single,863,elevation,2
single,863,ASPECT,2
single,863,LULC_states,6
single,864,secdf,4
single,864,range,4
single,864,primn,4
single,864,primf,4
single,864,pastr,4
single,864,c4per,4
single,864,c4ann,4
single,864,c3per,4
single,864,urban,4
single,864,secma,4
single,864,secdn,4
single,864,secmb,4
single,864,c3ann,4
single,864,c3nfx,4
single,864,number_of_people,4
single,864,kg_class,4
single,864,weighted_PCT_SAND,2
single,864,weighted_PCT_CLAY,2
single,864,SLOPE,2
single,864,weighted_ORGANIC,2
single,864,elevation,2
single,864,ASPECT,2
single,864,LULC_states,6
single,865,secdf,4
single,865,range,4
single,865,primn,4
single,865,primf,4
single,865,pastr,4
single,865,c4per,4
single,865,c4ann,4
single,865,c3per,4
single,865,urban,4
single,865,secmb,4
single,865,secdn,4
single,865,secma,4
single,865,c3ann,4
single,865,c3nfx,4
single,865,number_of_people,4
single,865,kg_class,4
single,865,weighted_PCT_SAND,2
single,865,weighted_PCT_CLAY,2
single,865,weighted_ORGANIC,2
single,865,elevation,2
single,865,SLOPE,2
single,865,ASPECT,2
single,865,LULC_states,6
single,866,secdf,4
single,866,primn,4
single,866,range,4
single,866,primf,4
single,866,pastr,4
single,866,c4per,4
single,866,c3per,4
single,866,c4ann,4
single,866,urban,4
single,866,secmb,4
single,866,secma,4
single,866,secdn,4
single,866,c3ann,4
single,866,c3nfx,4
single,866,number_of_people,4
single,866,kg_class,4
single,866,weighted_PCT_SAND,2
single,866,weighted_PCT_CLAY,2
single,866,weighted_ORGANIC,2
single,866,elevation,2
single,866,SLOPE,2
single,866,ASPECT,2
single,866,LULC_states,6
single,867,secdf,4
single,867,primn,4
single,867,range,4
single,867,primf,4
single,867,pastr,4
single,867,c4per,4
single,867,c4ann,4
single,867,urban,4
single,867,c3per,4
single,867,secmb,4
single,867,secma,4
single,867,secdn,4
single,867,c3nfx,4
single,867,c3ann,4
single,867,number_of_people,4
single,867,kg_class,4
single,867,weighted_PCT_SAND,2
single,867,weighted_PCT_CLAY,2
single,867,weighted_ORGANIC,2
single,867,SLOPE,2
single,867,elevation,2
single,867,ASPECT,2
single,867,LULC_states,6
single,868,secdf,2
single,868,range,2
single,868,primf,2
single,868,primn,2
single,868,pastr,2
single,868,c4per,2
single,868,c4ann,2
single,868,c3per,2
single,868,urban,2
single,868,secmb,2
single,868,secma,2
single,868,secdn,2
single,868,c3nfx,2
single,868,c3ann,2
single,868,number_of_people,2
single,868,kg_class,2
single,868,weighted_PCT_SAND,1
single,868,weighted_PCT_CLAY,1
single,868,weighted_ORGANIC,1
single,868,SLOPE,1
single,868,elevation,1
single,868,ASPECT,1
single,868,LULC_states,3
single,869,primn,8
single,869,range,8
single,869,primf,8
single,869,c4per,8
single,869,pastr,8
single,869,c4ann,8
single,869,c3per,8
single,869,secmb,8
single,869,urban,8
single,869,secma,8
single,869,secdn,8
single,869,secdf,8
single,869,c3nfx,8
single,869,c3ann,8
single,869,number_of_people,8
single,869,kg_class,8
single,869,weighted_PCT_SAND,4
single,869,weighted_PCT_CLAY,4
single,869,weighted_ORGANIC,4
single,869,SLOPE,4
single,869,elevation,4
single,869,ASPECT,4
single,869,LULC_states,12
single,870,secdf,4
single,870,primn,4
single,870,range,4
single,870,pastr,4
single,870,primf,4
single,870,c4per,4
single,870,c3per,4
single,870,c4ann,4
single,870,secmb,4
single,870,secdn,4
single,870,urban,4
single,870,secma,4
single,870,c3nfx,4
single,870,c3ann,4
single,870,number_of_people,4
single,870,kg_class,4
single,870,weighted_PCT_SAND,2
single,870,weighted_PCT_CLAY,2
single,870,SLOPE,2
single,870,weighted_ORGANIC,2
single,870,elevation,2
single,870,ASPECT,2
single,870,LULC_states,6
single,871,secdf,4
single,871,range,4
single,871,primn,4
single,871,primf,4
single,871,pastr,4
single,871,c4ann,4
single,871,c4per,4
single,871,c3per,4
single,871,urban,4
single,871,secmb,4
single,871,secma,4
single,871,secdn,4
single,871,c3nfx,4
single,871,c3ann,4
single,871,number_of_people,4
single,871,kg_class,4
single,871,weighted_PCT_SAND,2
single,871,weighted_PCT_CLAY,2
single,871,SLOPE,2
single,871,weighted_ORGANIC,2
single,871,elevation,2
single,871,ASPECT,2
single,871,LULC_states,6
single,872,secdf,2
single,872,range,2
single,872,primn,2
single,872,primf,2
single,872,pastr,2
single,872,c4per,2
single,872,c4ann,2
single,872,c3per,2
single,872,urban,2
single,872,secmb,2
single,872,secma,2
single,872,secdn,2
single,872,c3nfx,2
single,872,c3ann,2
single,872,number_of_people,2
single,872,kg_class,2
single,872,weighted_PCT_SAND,1
single,872,weighted_PCT_CLAY,1
single,872,weighted_ORGANIC,1
single,872,SLOPE,1
single,872,elevation,1
single,872,ASPECT,1
single,872,LULC_states,3
single,873,secdf,4
single,873,primn,4
single,873,range,4
single,873,pastr,4
single,873,primf,4
single,873,c4per,4
single,873,c4ann,4
single,873,c3per,4
single,873,urban,4
single,873,secmb,4
single,873,secdn,4
single,873,secma,4
single,873,c3nfx,4
single,873,c3ann,4
single,873,number_of_people,4
single,873,kg_class,4
single,873,weighted_PCT_SAND,2
single,873,weighted_PCT_CLAY,2
single,873,SLOPE,2
single,873,weighted_ORGANIC,2
single,873,elevation,2
single,873,ASPECT,2
single,873,LULC_states,6
single,874,secdf,8
single,874,range,8
single,874,primn,8
single,874,primf,8
single,874,pastr,8
single,874,c3per,8
single,874,c4per,8
single,874,c4ann,8
single,874,urban,8
single,874,secmb,8
single,874,secma,8
single,874,secdn,8
single,874,c3nfx,8
single,874,c3ann,8
single,874,number_of_people,8
single,874,kg_class,8
single,874,weighted_PCT_SAND,4
single,874,weighted_PCT_CLAY,4
single,874,weighted_ORGANIC,4
single,874,SLOPE,4
single,874,elevation,4
single,874,ASPECT,4
single,874,LULC_states,12
single,875,secdf,4
single,875,primn,4
single,875,primf,4
single,875,c4per,4
single,875,pastr,4
single,875,c4ann,4
single,875,urban,4
single,875,c3per,4
single,875,secmb,4
single,875,secma,4
single,875,secdn,4
single,875,range,4
single,875,c3nfx,4
single,875,c3ann,4
single,875,number_of_people,4
single,875,kg_class,4
single,875,weighted_PCT_SAND,2
single,875,weighted_PCT_CLAY,2
single,875,weighted_ORGANIC,2
single,875,SLOPE,2
single,875,elevation,2
single,875,ASPECT,2
single,875,LULC_states,6
single,876,secdf,4
single,876,range,4
single,876,primn,4
single,876,primf,4
single,876,pastr,4
single,876,c4ann,4
single,876,c3per,4
single,876,c4per,4
single,876,urban,4
single,876,secmb,4
single,876,secma,4
single,876,secdn,4
single,876,c3nfx,4
single,876,c3ann,4
single,876,number_of_people,4
single,876,kg_class,4
single,876,weighted_PCT_SAND,2
single,876,weighted_PCT_CLAY,2
single,876,weighted_ORGANIC,2
single,876,SLOPE,2
single,876,ASPECT,2
single,876,elevation,2
single,876,LULC_states,6
single,877,secdf,4
single,877,range,4
single,877,primn,4
single,877,primf,4
single,877,pastr,4
single,877,c4ann,4
single,877,c4per,4
single,877,c3per,4
single,877,urban,4
single,877,secmb,4
single,877,secma,4
single,877,secdn,4
single,877,c3nfx,4
single,877,c3ann,4
single,877,number_of_people,4
single,877,kg_class,4
single,877,weighted_PCT_SAND,2
single,877,weighted_PCT_CLAY,2
single,877,weighted_ORGANIC,2
single,877,SLOPE,2
single,877,elevation,2
single,877,ASPECT,2
single,877,LULC_states,6
single,878,secdf,4
single,878,range,4
single,878,primf,4
single,878,pastr,4
single,878,primn,4
single,878,c4ann,4
single,878,c4per,4
single,878,c3per,4
single,878,urban,4
single,878,secmb,4
single,878,secma,4
single,878,c3nfx,4
single,878,c3ann,4
single,878,secdn,4
single,878,number_of_people,4
single,878,kg_class,4
single,878,weighted_PCT_SAND,2
single,878,weighted_PCT_CLAY,2
single,878,weighted_ORGANIC,2
single,878,SLOPE,2
single,878,elevation,2
single,878,ASPECT,2
single,878,LULC_states,6
single,879,secdf,4
single,879,range,4
single,879,primn,4
single,879,primf,4
single,879,c4ann,4
single,879,pastr,4
single,879,c4per,4
single,879,c3per,4
single,879,secmb,4
single,879,urban,4
single,879,secma,4
single,879,secdn,4
single,879,c3nfx,4
single,879,c3ann,4
single,879,number_of_people,4
single,879,kg_class,4
single,879,weighted_PCT_CLAY,2
single,879,weighted_PCT_SAND,2
single,879,SLOPE,2
single,879,weighted_ORGANIC,2
single,879,elevation,2
single,879,ASPECT,2
single,879,LULC_states,6
single,880,secdf,2
single,880,range,2
single,880,primn,2
single,880,primf,2
single,880,pastr,2
single,880,c4per,2
single,880,c4ann,2
single,880,c3per,2
single,880,urban,2
single,880,secmb,2
single,880,secma,2
single,880,c3nfx,2
single,880,secdn,2
single,880,c3ann,2
single,880,number_of_people,2
single,880,kg_class,2
single,880,weighted_PCT_CLAY,1
single,880,weighted_PCT_SAND,1
single,880,weighted_ORGANIC,1
single,880,SLOPE,1
single,880,elevation,1
single,880,ASPECT,1
single,880,LULC_states,3
single,881,secdf,2
single,881,range,2
single,881,primn,2
single,881,primf,2
single,881,pastr,2
single,881,c4per,2
single,881,c4ann,2
single,881,c3per,2
single,881,urban,2
single,881,secma,2
single,881,secmb,2
single,881,secdn,2
single,881,c3nfx,2
single,881,c3ann,2
single,881,number_of_people,2
single,881,kg_class,2
single,881,weighted_PCT_SAND,1
single,881,weighted_PCT_CLAY,1
single,881,weighted_ORGANIC,1
single,881,SLOPE,1
single,881,ASPECT,1
single,881,elevation,1
single,881,LULC_states,3
single,882,secdf,4
single,882,range,4
single,882,primn,4
single,882,primf,4
single,882,pastr,4
single,882,c4ann,4
single,882,c3per,4
single,882,c4per,4
single,882,urban,4
single,882,secmb,4
single,882,secdn,4
single,882,secma,4
single,882,c3nfx,4
single,882,c3ann,4
single,882,number_of_people,4
single,882,kg_class,4
single,882,weighted_PCT_SAND,2
single,882,weighted_PCT_CLAY,2
single,882,weighted_ORGANIC,2
single,882,SLOPE,2
single,882,elevation,2
single,882,ASPECT,2
single,882,LULC_states,6
single,883,range,4
single,883,secdf,4
single,883,primn,4
single,883,primf,4
single,883,c4per,4
single,883,pastr,4
single,883,c4ann,4
single,883,c3per,4
single,883,secmb,4
single,883,urban,4
single,883,secdn,4
single,883,secma,4
single,883,c3nfx,4
single,883,c3ann,4
single,883,number_of_people,4
single,883,kg_class,4
single,883,weighted_PCT_SAND,2
single,883,weighted_PCT_CLAY,2
single,883,weighted_ORGANIC,2
single,883,elevation,2
single,883,SLOPE,2
single,883,ASPECT,2
single,883,LULC_states,6
single,884,secdf,8
single,884,range,8
single,884,pastr,8
single,884,primf,8
single,884,c4per,8
single,884,c3per,8
single,884,c4ann,8
single,884,urban,8
single,884,secma,8
single,884,secmb,8
single,884,secdn,8
single,884,c3nfx,8
single,884,c3ann,8
single,884,primn,8
single,884,number_of_people,8
single,884,kg_class,8
single,884,weighted_PCT_SAND,4
single,884,weighted_ORGANIC,4
single,884,weighted_PCT_CLAY,4
single,884,SLOPE,4
single,884,elevation,4
single,884,ASPECT,4
single,884,LULC_states,12
single,885,secdf,4
single,885,primn,4
single,885,range,4
single,885,primf,4
single,885,pastr,4
single,885,c4per,4
single,885,c4ann,4
single,885,c3per,4
single,885,urban,4
single,885,secdn,4
single,885,secma,4
single,885,c3ann,4
single,885,secmb,4
single,885,c3nfx,4
single,885,number_of_people,4
single,885,kg_class,4
single,885,weighted_PCT_SAND,2
single,885,weighted_ORGANIC,2
single,885,weighted_PCT_CLAY,2
single,885,SLOPE,2
single,885,elevation,2
single,885,ASPECT,2
single,885,LULC_states,6
single,886,secdf,2
single,886,range,2
single,886,primf,2
single,886,primn,2
single,886,pastr,2
single,886,c4ann,2
single,886,c4per,2
single,886,urban,2
single,886,c3per,2
single,886,secmb,2
single,886,secdn,2
single,886,secma,2
single,886,c3nfx,2
single,886,c3ann,2
single,886,number_of_people,2
single,886,kg_class,2
single,886,weighted_PCT_CLAY,1
single,886,weighted_ORGANIC,1
single,886,SLOPE,1
single,886,weighted_PCT_SAND,1
single,886,elevation,1
single,886,ASPECT,1
single,886,LULC_states,3
single,887,secdf,8
single,887,range,8
single,887,primn,8
single,887,primf,8
single,887,pastr,8
single,887,c4per,8
single,887,c3per,8
single,887,urban,8
single,887,secmb,8
single,887,secma,8
single,887,c3nfx,8
single,887,secdn,8
single,887,c4ann,8
single,887,c3ann,8
single,887,number_of_people,8
single,887,kg_class,8
single,887,weighted_PCT_SAND,4
single,887,SLOPE,4
single,887,weighted_ORGANIC,4
single,887,weighted_PCT_CLAY,4
single,887,elevation,4
single,887,ASPECT,4
single,887,LULC_states,12
single,888,secdf,2
single,888,range,2
single,888,primn,2
single,888,primf,2
single,888,pastr,2
single,888,c4per,2
single,888,c4ann,2
single,888,c3per,2
single,888,urban,2
single,888,secma,2
single,888,secmb,2
single,888,c3nfx,2
single,888,c3ann,2
single,888,secdn,2
single,888,number_of_people,2
single,888,kg_class,2
single,888,weighted_PCT_SAND,1
single,888,weighted_PCT_CLAY,1
single,888,weighted_ORGANIC,1
single,888,SLOPE,1
single,888,elevation,1
single,888,ASPECT,1
single,888,LULC_states,3
single,889,primf,2
single,889,range,2
single,889,primn,2
single,889,secdf,2
single,889,pastr,2
single,889,c4per,2
single,889,c4ann,2
single,889,c3per,2
single,889,urban,2
single,889,secmb,2
single,889,secma,2
single,889,secdn,2
single,889,c3nfx,2
single,889,c3ann,2
single,889,number_of_people,2
single,889,kg_class,2
single,889,weighted_PCT_SAND,1
single,889,weighted_PCT_CLAY,1
single,889,SLOPE,1
single,889,weighted_ORGANIC,1
single,889,elevation,1
single,889,ASPECT,1
single,889,LULC_states,3
single,890,range,4
single,890,secdf,4
single,890,primn,4
single,890,primf,4
single,890,pastr,4
single,890,c4per,4
single,890,c3per,4
single,890,c4ann,4
single,890,urban,4
single,890,secma,4
single,890,secmb,4
single,890,secdn,4
single,890,c3nfx,4
single,890,c3ann,4
single,890,number_of_people,4
single,890,kg_class,4
single,890,weighted_PCT_CLAY,2
single,890,weighted_PCT_SAND,2
single,890,weighted_ORGANIC,2
single,890,elevation,2
single,890,SLOPE,2
single,890,ASPECT,2
single,890,LULC_states,6
single,891,secdf,4
single,891,range,4
single,891,primn,4
single,891,primf,4
single,891,pastr,4
single,891,c4ann,4
single,891,c3per,4
single,891,c4per,4
single,891,urban,4
single,891,secmb,4
single,891,secma,4
single,891,secdn,4
single,891,c3nfx,4
single,891,c3ann,4
single,891,number_of_people,4
single,891,kg_class,4
single,891,weighted_PCT_SAND,2
single,891,weighted_PCT_CLAY,2
single,891,weighted_ORGANIC,2
single,891,SLOPE,2
single,891,ASPECT,2
single,891,elevation,2
single,891,LULC_states,6
single,892,secdf,2
single,892,range,2
single,892,primn,2
single,892,primf,2
single,892,pastr,2
single,892,c4per,2
single,892,c4ann,2
single,892,c3per,2
single,892,urban,2
single,892,secmb,2
single,892,secma,2
single,892,secdn,2
single,892,c3nfx,2
single,892,c3ann,2
single,892,number_of_people,2
single,892,kg_class,2
single,892,weighted_PCT_SAND,1
single,892,weighted_PCT_CLAY,1
single,892,SLOPE,1
single,892,elevation,1
single,892,weighted_ORGANIC,1
single,892,ASPECT,1
single,892,LULC_states,3
single,893,range,8
single,893,secdf,8
single,893,primn,8
single,893,primf,8
single,893,pastr,8
single,893,c4per,8
single,893,c4ann,8
single,893,c3per,8
single,893,secmb,8
single,893,urban,8
single,893,secma,8
single,893,secdn,8
single,893,c3nfx,8
single,893,c3ann,8
single,893,number_of_people,8
single,893,kg_class,8
single,893,weighted_PCT_SAND,4
single,893,weighted_PCT_CLAY,4
single,893,weighted_ORGANIC,4
single,893,SLOPE,4
single,893,elevation,4
single,893,ASPECT,4
single,893,LULC_states,12
single,894,secdf,8
single,894,range,8
single,894,primn,8
single,894,primf,8
single,894,pastr,8
single,894,c4ann,8
single,894,c4per,8
single,894,c3per,8
single,894,secmb,8
single,894,secdn,8
single,894,secma,8
single,894,c3nfx,8
single,894,c3ann,8
single,894,urban,8
single,894,number_of_people,8
single,894,kg_class,8
single,894,weighted_PCT_SAND,4
single,894,weighted_PCT_CLAY,4
single,894,weighted_ORGANIC,4
single,894,SLOPE,4
single,894,elevation,4
single,894,ASPECT,4
single,894,LULC_states,12
single,895,secdf,2
single,895,range,2
single,895,primn,2
single,895,primf,2
single,895,pastr,2
single,895,c4per,2
single,895,c4ann,2
single,895,c3per,2
single,895,urban,2
single,895,secmb,2
single,895,secma,2
single,895,secdn,2
single,895,c3nfx,2
single,895,c3ann,2
single,895,number_of_people,2
single,895,kg_class,2
single,895,weighted_PCT_CLAY,1
single,895,weighted_PCT_SAND,1
single,895,weighted_ORGANIC,1
single,895,SLOPE,1
single,895,elevation,1
single,895,ASPECT,1
single,895,LULC_states,3
single,896,secdf,4
single,896,range,4
single,896,primn,4
single,896,primf,4
single,896,pastr,4
single,896,c4per,4
single,896,c4ann,4
single,896,c3per,4
single,896,urban,4
single,896,secmb,4
single,896,secma,4
single,896,secdn,4
single,896,c3nfx,4
single,896,c3ann,4
single,896,number_of_people,4
single,896,kg_class,4
single,896,weighted_PCT_SAND,2
single,896,weighted_ORGANIC,2
single,896,weighted_PCT_CLAY,2
single,896,elevation,2
single,896,SLOPE,2
single,896,ASPECT,2
single,896,LULC_states,6
single,897,secdf,4
single,897,range,4
single,897,primn,4
single,897,primf,4
single,897,pastr,4
single,897,c4per,4
single,897,c4ann,4
single,897,c3per,4
single,897,urban,4
single,897,secmb,4
single,897,secma,4
single,897,secdn,4
single,897,c3nfx,4
single,897,c3ann,4
single,897,number_of_people,4
single,897,kg_class,4
single,897,weighted_PCT_SAND,2
single,897,weighted_PCT_CLAY,2
single,897,weighted_ORGANIC,2
single,897,SLOPE,2
single,897,elevation,2
single,897,ASPECT,2
single,897,LULC_states,6
single,898,primn,4
single,898,secdf,4
single,898,range,4
single,898,primf,4
single,898,pastr,4
single,898,c4per,4
single,898,c4ann,4
single,898,urban,4
single,898,secmb,4
single,898,c3per,4
single,898,secma,4
single,898,secdn,4
single,898,c3ann,4
single,898,c3nfx,4
single,898,number_of_people,4
single,898,kg_class,4
single,898,weighted_PCT_SAND,2
single,898,weighted_PCT_CLAY,2
single,898,weighted_ORGANIC,2
single,898,SLOPE,2
single,898,elevation,2
single,898,ASPECT,2
single,898,LULC_states,6
single,899,secdf,4
single,899,range,4
single,899,primn,4
single,899,primf,4
single,899,c4per,4
single,899,pastr,4
single,899,c4ann,4
single,899,urban,4
single,899,c3per,4
single,899,secmb,4
single,899,secma,4
single,899,c3ann,4
single,899,c3nfx,4
single,899,secdn,4
single,899,number_of_people,4
single,899,kg_class,4
single,899,weighted_PCT_SAND,2
single,899,weighted_PCT_CLAY,2
single,899,weighted_ORGANIC,2
single,899,ASPECT,2
single,899,elevation,2
single,899,SLOPE,2
single,899,LULC_states,6
single,900,secdf,2
single,900,range,2
single,900,primf,2
single,900,primn,2
single,900,pastr,2
single,900,c4per,2
single,900,c4ann,2
single,900,c3per,2
single,900,urban,2
single,900,secmb,2
single,900,secma,2
single,900,secdn,2
single,900,c3nfx,2
single,900,c3ann,2
single,900,number_of_people,2
single,900,kg_class,2
single,900,weighted_PCT_SAND,1
single,900,weighted_PCT_CLAY,1
single,900,weighted_ORGANIC,1
single,900,SLOPE,1
single,900,elevation,1
single,900,ASPECT,1
single,900,LULC_states,3
single,901,secdf,2
single,901,primn,2
single,901,range,2
single,901,primf,2
single,901,pastr,2
single,901,c4per,2
single,901,c3per,2
single,901,c4ann,2
single,901,secmb,2
single,901,secma,2
single,901,secdn,2
single,901,urban,2
single,901,c3nfx,2
single,901,c3ann,2
single,901,number_of_people,2
single,901,kg_class,2
single,901,weighted_PCT_SAND,1
single,901,weighted_ORGANIC,1
single,901,weighted_PCT_CLAY,1
single,901,SLOPE,1
single,901,elevation,1
single,901,ASPECT,1
single,901,LULC_states,3
single,902,range,4
single,902,secdf,4
single,902,primn,4
single,902,pastr,4
single,902,primf,4
single,902,c4per,4
single,902,secmb,4
single,902,urban,4
single,902,c4ann,4
single,902,c3per,4
single,902,secma,4
single,902,secdn,4
single,902,c3ann,4
single,902,c3nfx,4
single,902,number_of_people,4
single,902,kg_class,4
single,902,weighted_PCT_SAND,2
single,902,weighted_PCT_CLAY,2
single,902,SLOPE,2
single,902,weighted_ORGANIC,2
single,902,ASPECT,2
single,902,elevation,2
single,902,LULC_states,6
single,903,secdf,8
single,903,primn,8
single,903,range,8
single,903,primf,8
single,903,pastr,8
single,903,c4ann,8
single,903,c4per,8
single,903,c3per,8
single,903,urban,8
single,903,secmb,8
single,903,c3nfx,8
single,903,secma,8
single,903,secdn,8
single,903,c3ann,8
single,903,number_of_people,8
single,903,kg_class,8
single,903,weighted_PCT_CLAY,4
single,903,weighted_PCT_SAND,4
single,903,weighted_ORGANIC,4
single,903,elevation,4
single,903,SLOPE,4
single,903,ASPECT,4
single,903,LULC_states,12
single,904,secdf,2
single,904,range,2
single,904,primn,2
single,904,primf,2
single,904,pastr,2
single,904,c4per,2
single,904,c4ann,2
single,904,urban,2
single,904,secmb,2
single,904,c3per,2
single,904,secma,2
single,904,secdn,2
single,904,c3ann,2
single,904,c3nfx,2
single,904,number_of_people,2
single,904,kg_class,2
single,904,weighted_PCT_SAND,1
single,904,weighted_PCT_CLAY,1
single,904,weighted_ORGANIC,1
single,904,SLOPE,1
single,904,elevation,1
single,904,ASPECT,1
single,904,LULC_states,3
single,905,secdf,4
single,905,pastr,4
single,905,range,4
single,905,primn,4
single,905,primf,4
single,905,c3per,4
single,905,c4ann,4
single,905,urban,4
single,905,c4per,4
single,905,secmb,4
single,905,secma,4
single,905,c3nfx,4
single,905,secdn,4
single,905,c3ann,4
single,905,number_of_people,4
single,905,kg_class,4
single,905,weighted_PCT_SAND,2
single,905,weighted_PCT_CLAY,2
single,905,SLOPE,2
single,905,weighted_ORGANIC,2
single,905,elevation,2
single,905,ASPECT,2
single,905,LULC_states,6
single,906,secdf,8
single,906,range,8
single,906,primf,8
single,906,primn,8
single,906,pastr,8
single,906,c4per,8
single,906,c3per,8
single,906,c4ann,8
single,906,urban,8
single,906,secmb,8
single,906,secdn,8
single,906,c3nfx,8
single,906,c3ann,8
single,906,secma,8
single,906,number_of_people,8
single,906,kg_class,8
single,906,weighted_PCT_SAND,4
single,906,weighted_PCT_CLAY,4
single,906,SLOPE,4
single,906,weighted_ORGANIC,4
single,906,elevation,4
single,906,ASPECT,4
single,906,LULC_states,12
single,907,secdf,8
single,907,range,8
single,907,primn,8
single,907,primf,8
single,907,pastr,8
single,907,c4per,8
single,907,c4ann,8
single,907,c3per,8
single,907,urban,8
single,907,secmb,8
single,907,secma,8
single,907,secdn,8
single,907,c3nfx,8
single,907,c3ann,8
single,907,number_of_people,8
single,907,kg_class,8
single,907,weighted_PCT_SAND,4
single,907,weighted_PCT_CLAY,4
single,907,weighted_ORGANIC,4
single,907,SLOPE,4
single,907,elevation,4
single,907,ASPECT,4
single,907,LULC_states,12
single,908,secdf,4
single,908,primn,4
single,908,range,4
single,908,pastr,4
single,908,c4per,4
single,908,c4ann,4
single,908,c3per,4
single,908,urban,4
single,908,secmb,4
single,908,secma,4
single,908,secdn,4
single,908,c3nfx,4
single,908,c3ann,4
single,908,primf,4
single,908,number_of_people,4
single,908,kg_class,4
single,908,weighted_PCT_SAND,2
single,908,weighted_PCT_CLAY,2
single,908,weighted_ORGANIC,2
single,908,SLOPE,2
single,908,elevation,2
single,908,ASPECT,2
single,908,LULC_states,6
single,909,primn,2
single,909,pastr,2
single,909,primf,2
single,909,c4per,2
single,909,range,2
single,909,urban,2
single,909,secdf,2
single,909,c3per,2
single,909,secma,2
single,909,c3nfx,2
single,909,secdn,2
single,909,secmb,2
single,909,c3ann,2
single,909,c4ann,2
single,909,number_of_people,2
single,909,kg_class,2
single,909,weighted_PCT_CLAY,1
single,909,weighted_PCT_SAND,1
single,909,weighted_ORGANIC,1
single,909,SLOPE,1
single,909,elevation,1
single,909,ASPECT,1
single,909,LULC_states,3
single,910,secdf,8
single,910,range,8
single,910,primn,8
single,910,primf,8
single,910,c4per,8
single,910,pastr,8
single,910,c3per,8
single,910,c4ann,8
single,910,urban,8
single,910,secma,8
single,910,secdn,8
single,910,secmb,8
single,910,c3nfx,8
single,910,c3ann,8
single,910,number_of_people,8
single,910,kg_class,8
single,910,weighted_PCT_SAND,4
single,910,weighted_PCT_CLAY,4
single,910,weighted_ORGANIC,4
single,910,SLOPE,4
single,910,elevation,4
single,910,ASPECT,4
single,910,LULC_states,12
single,911,range,4
single,911,primn,4
single,911,secdf,4
single,911,primf,4
single,911,pastr,4
single,911,c4ann,4
single,911,urban,4
single,911,c4per,4
single,911,secmb,4
single,911,secma,4
single,911,c3per,4
single,911,secdn,4
single,911,c3nfx,4
single,911,c3ann,4
single,911,number_of_people,4
single,911,kg_class,4
single,911,weighted_PCT_CLAY,2
single,911,weighted_ORGANIC,2
single,911,SLOPE,2
single,911,weighted_PCT_SAND,2
single,911,ASPECT,2
single,911,elevation,2
single,911,LULC_states,6
single,912,secdf,4
single,912,range,4
single,912,pastr,4
single,912,primn,4
single,912,c4per,4
single,912,primf,4
single,912,c4ann,4
single,912,c3per,4
single,912,secmb,4
single,912,urban,4
single,912,secma,4
single,912,secdn,4
single,912,c3nfx,4
single,912,c3ann,4
single,912,number_of_people,4
single,912,kg_class,4
single,912,weighted_PCT_SAND,2
single,912,weighted_PCT_CLAY,2
single,912,SLOPE,2
single,912,elevation,2
single,912,weighted_ORGANIC,2
single,912,ASPECT,2
single,912,LULC_states,6
single,913,secdf,2
single,913,range,2
single,913,primn,2
single,913,primf,2
single,913,pastr,2
single,913,c4per,2
single,913,c4ann,2
single,913,c3per,2
single,913,secmb,2
single,913,secma,2
single,913,secdn,2
single,913,urban,2
single,913,c3nfx,2
single,913,c3ann,2
single,913,number_of_people,2
single,913,kg_class,2
single,913,weighted_PCT_SAND,1
single,913,weighted_PCT_CLAY,1
single,913,SLOPE,1
single,913,weighted_ORGANIC,1
single,913,elevation,1
single,913,ASPECT,1
single,913,LULC_states,3
single,914,secdf,2
single,914,range,2
single,914,primn,2
single,914,primf,2
single,914,pastr,2
single,914,c4per,2
single,914,c4ann,2
single,914,urban,2
single,914,secmb,2
single,914,secma,2
single,914,c3per,2
single,914,secdn,2
single,914,c3nfx,2
single,914,c3ann,2
single,914,number_of_people,2
single,914,kg_class,2
single,914,weighted_PCT_SAND,1
single,914,weighted_PCT_CLAY,1
single,914,weighted_ORGANIC,1
single,914,SLOPE,1
single,914,elevation,1
single,914,ASPECT,1
single,914,LULC_states,3
single,915,secdf,4
single,915,primn,4
single,915,range,4
single,915,primf,4
single,915,pastr,4
single,915,c4per,4
single,915,c4ann,4
single,915,c3per,4
single,915,urban,4
single,915,secmb,4
single,915,secma,4
single,915,secdn,4
single,915,c3nfx,4
single,915,c3ann,4
single,915,number_of_people,4
single,915,kg_class,4
single,915,weighted_PCT_SAND,2
single,915,weighted_PCT_CLAY,2
single,915,weighted_ORGANIC,2
single,915,SLOPE,2
single,915,elevation,2
single,915,ASPECT,2
single,915,LULC_states,6
single,916,secdf,4
single,916,range,4
single,916,pastr,4
single,916,primf,4
single,916,primn,4
single,916,c4per,4
single,916,c4ann,4
single,916,c3per,4
single,916,urban,4
single,916,secmb,4
single,916,secma,4
single,916,secdn,4
single,916,c3nfx,4
single,916,c3ann,4
single,916,number_of_people,4
single,916,kg_class,4
single,916,weighted_PCT_SAND,2
single,916,weighted_PCT_CLAY,2
single,916,SLOPE,2
single,916,weighted_ORGANIC,2
single,916,elevation,2
single,916,ASPECT,2
single,916,LULC_states,6
single,917,secdf,8
single,917,range,8
single,917,pastr,8
single,917,c4per,8
single,917,primf,8
single,917,primn,8
single,917,c3per,8
single,917,c4ann,8
single,917,urban,8
single,917,secmb,8
single,917,secma,8
single,917,secdn,8
single,917,c3nfx,8
single,917,c3ann,8
single,917,number_of_people,8
single,917,kg_class,8
single,917,weighted_PCT_SAND,4
single,917,weighted_PCT_CLAY,4
single,917,weighted_ORGANIC,4
single,917,elevation,4
single,917,SLOPE,4
single,917,ASPECT,4
single,917,LULC_states,12
single,918,secdf,8
single,918,primn,8
single,918,range,8
single,918,primf,8
single,918,pastr,8
single,918,c4per,8
single,918,c4ann,8
single,918,urban,8
single,918,c3per,8
single,918,secma,8
single,918,secdn,8
single,918,c3nfx,8
single,918,c3ann,8
single,918,secmb,8
single,918,number_of_people,8
single,918,kg_class,8
single,918,weighted_PCT_SAND,4
single,918,weighted_PCT_CLAY,4
single,918,weighted_ORGANIC,4
single,918,SLOPE,4
single,918,elevation,4
single,918,ASPECT,4
single,918,LULC_states,12
single,919,secdf,8
single,919,range,8
single,919,primn,8
single,919,primf,8
single,919,c4per,8
single,919,pastr,8
single,919,c4ann,8
single,919,c3per,8
single,919,urban,8
single,919,secmb,8
single,919,secdn,8
single,919,secma,8
single,919,c3nfx,8
single,919,c3ann,8
single,919,number_of_people,8
single,919,kg_class,8
single,919,weighted_PCT_SAND,4
single,919,weighted_PCT_CLAY,4
single,919,weighted_ORGANIC,4
single,919,SLOPE,4
single,919,elevation,4
single,919,ASPECT,4
single,919,LULC_states,12
single,920,secdf,8
single,920,range,8
single,920,primn,8
single,920,primf,8
single,920,c4per,8
single,920,urban,8
single,920,c3per,8
single,920,c4ann,8
single,920,secmb,8
single,920,pastr,8
single,920,secma,8
single,920,secdn,8
single,920,c3nfx,8
single,920,c3ann,8
single,920,number_of_people,8
single,920,kg_class,8
single,920,weighted_PCT_SAND,4
single,920,weighted_PCT_CLAY,4
single,920,weighted_ORGANIC,4
single,920,elevation,4
single,920,SLOPE,4
single,920,ASPECT,4
single,920,LULC_states,12
single,921,secdf,4
single,921,range,4
single,921,primf,4
single,921,pastr,4
single,921,primn,4
single,921,c4ann,4
single,921,c3per,4
single,921,urban,4
single,921,c4per,4
single,921,secma,4
single,921,secmb,4
single,921,c3nfx,4
single,921,secdn,4
single,921,c3ann,4
single,921,number_of_people,4
single,921,kg_class,4
single,921,weighted_PCT_SAND,2
single,921,weighted_PCT_CLAY,2
single,921,weighted_ORGANIC,2
single,921,SLOPE,2
single,921,elevation,2
single,921,ASPECT,2
single,921,LULC_states,6
single,922,primn,4
single,922,range,4
single,922,secdf,4
single,922,primf,4
single,922,pastr,4
single,922,c3per,4
single,922,c4per,4
single,922,c4ann,4
single,922,urban,4
single,922,secmb,4
single,922,secdn,4
single,922,c3ann,4
single,922,secma,4
single,922,c3nfx,4
single,922,number_of_people,4
single,922,kg_class,4
single,922,weighted_PCT_SAND,2
single,922,weighted_PCT_CLAY,2
single,922,weighted_ORGANIC,2
single,922,SLOPE,2
single,922,elevation,2
single,922,ASPECT,2
single,922,LULC_states,6
single,923,secdf,4
single,923,range,4
single,923,primn,4
single,923,primf,4
single,923,pastr,4
single,923,c4per,4
single,923,c4ann,4
single,923,c3per,4
single,923,urban,4
single,923,secmb,4
single,923,secdn,4
single,923,c3nfx,4
single,923,c3ann,4
single,923,secma,4
single,923,number_of_people,4
single,923,kg_class,4
single,923,weighted_PCT_SAND,2
single,923,weighted_ORGANIC,2
single,923,SLOPE,2
single,923,weighted_PCT_CLAY,2
single,923,elevation,2
single,923,ASPECT,2
single,923,LULC_states,6
single,924,secdf,2
single,924,primf,2
single,924,range,2
single,924,primn,2
single,924,pastr,2
single,924,c4per,2
single,924,c4ann,2
single,924,urban,2
single,924,c3per,2
single,924,secmb,2
single,924,secdn,2
single,924,secma,2
single,924,c3ann,2
single,924,c3nfx,2
single,924,number_of_people,2
single,924,kg_class,2
single,924,weighted_PCT_SAND,1
single,924,weighted_PCT_CLAY,1
single,924,weighted_ORGANIC,1
single,924,elevation,1
single,924,SLOPE,1
single,924,ASPECT,1
single,924,LULC_states,3
single,925,secdf,4
single,925,range,4
single,925,primn,4
single,925,primf,4
single,925,pastr,4
single,925,c4per,4
single,925,c4ann,4
single,925,c3per,4
single,925,urban,4
single,925,secmb,4
single,925,secma,4
single,925,secdn,4
single,925,c3ann,4
single,925,c3nfx,4
single,925,number_of_people,4
single,925,kg_class,4
single,925,weighted_PCT_SAND,2
single,925,weighted_ORGANIC,2
single,925,weighted_PCT_CLAY,2
single,925,SLOPE,2
single,925,elevation,2
single,925,ASPECT,2
single,925,LULC_states,6
single,926,range,2
single,926,secdf,2
single,926,primn,2
single,926,primf,2
single,926,pastr,2
single,926,c4ann,2
single,926,c3per,2
single,926,c4per,2
single,926,secmb,2
single,926,urban,2
single,926,secma,2
single,926,secdn,2
single,926,c3nfx,2
single,926,c3ann,2
single,926,number_of_people,2
single,926,kg_class,2
single,926,weighted_PCT_CLAY,1
single,926,weighted_PCT_SAND,1
single,926,weighted_ORGANIC,1
single,926,elevation,1
single,926,SLOPE,1
single,926,ASPECT,1
single,926,LULC_states,3
single,927,secdf,4
single,927,range,4
single,927,primn,4
single,927,primf,4
single,927,pastr,4
single,927,c4ann,4
single,927,c4per,4
single,927,c3per,4
single,927,urban,4
single,927,secmb,4
single,927,secma,4
single,927,secdn,4
single,927,c3ann,4
single,927,c3nfx,4
single,927,number_of_people,4
single,927,kg_class,4
single,927,weighted_PCT_SAND,2
single,927,weighted_PCT_CLAY,2
single,927,weighted_ORGANIC,2
single,927,SLOPE,2
single,927,elevation,2
single,927,ASPECT,2
single,927,LULC_states,6
single,928,secdf,4
single,928,range,4
single,928,primn,4
single,928,primf,4
single,928,pastr,4
single,928,c4per,4
single,928,c4ann,4
single,928,urban,4
single,928,c3per,4
single,928,secmb,4
single,928,secdn,4
single,928,secma,4
single,928,c3nfx,4
single,928,c3ann,4
single,928,number_of_people,4
single,928,kg_class,4
single,928,weighted_PCT_SAND,2
single,928,weighted_PCT_CLAY,2
single,928,weighted_ORGANIC,2
single,928,elevation,2
single,928,ASPECT,2
single,928,SLOPE,2
single,928,LULC_states,6
single,929,secdf,4
single,929,range,4
single,929,primn,4
single,929,primf,4
single,929,pastr,4
single,929,c4per,4
single,929,c4ann,4
single,929,c3per,4
single,929,urban,4
single,929,secmb,4
single,929,secma,4
single,929,secdn,4
single,929,c3nfx,4
single,929,c3ann,4
single,929,number_of_people,4
single,929,kg_class,4
single,929,weighted_PCT_CLAY,2
single,929,weighted_ORGANIC,2
single,929,weighted_PCT_SAND,2
single,929,elevation,2
single,929,SLOPE,2
single,929,ASPECT,2
single,929,LULC_states,6
single,930,secdf,2
single,930,range,2
single,930,primn,2
single,930,primf,2
single,930,c4per,2
single,930,pastr,2
single,930,c3per,2
single,930,urban,2
single,930,c4ann,2
single,930,secmb,2
single,930,c3ann,2
single,930,secdn,2
single,930,c3nfx,2
single,930,secma,2
single,930,number_of_people,2
single,930,kg_class,2
single,930,weighted_PCT_CLAY,1
single,930,weighted_PCT_SAND,1
single,930,weighted_ORGANIC,1
single,930,SLOPE,1
single,930,elevation,1
single,930,ASPECT,1
single,930,LULC_states,3
single,931,range,4
single,931,secdf,4
single,931,primf,4
single,931,primn,4
single,931,pastr,4
single,931,c4per,4
single,931,c4ann,4
single,931,c3per,4
single,931,urban,4
single,931,secma,4
single,931,secmb,4
single,931,secdn,4
single,931,c3nfx,4
single,931,c3ann,4
single,931,number_of_people,4
single,931,kg_class,4
single,931,weighted_PCT_SAND,2
single,931,weighted_PCT_CLAY,2
single,931,weighted_ORGANIC,2
single,931,SLOPE,2
single,931,elevation,2
single,931,ASPECT,2
single,931,LULC_states,6
single,932,secdf,4
single,932,range,4
single,932,primn,4
single,932,primf,4
single,932,pastr,4
single,932,c4per,4
single,932,c4ann,4
single,932,c3per,4
single,932,urban,4
single,932,secmb,4
single,932,secma,4
single,932,secdn,4
single,932,c3nfx,4
single,932,c3ann,4
single,932,number_of_people,4
single,932,kg_class,4
single,932,weighted_PCT_SAND,2
single,932,weighted_PCT_CLAY,2
single,932,weighted_ORGANIC,2
single,932,elevation,2
single,932,SLOPE,2
single,932,ASPECT,2
single,932,LULC_states,6
single,933,secdf,2
single,933,primf,2
single,933,c4ann,2
single,933,primn,2
single,933,urban,2
single,933,secmb,2
single,933,c3nfx,2
single,933,c3ann,2
single,933,c3per,2
single,933,pastr,2
single,933,range,2
single,933,c4per,2
single,933,secma,2
single,933,secdn,2
single,933,number_of_people,2
single,933,kg_class,2
single,933,weighted_PCT_CLAY,1
single,933,weighted_PCT_SAND,1
single,933,weighted_ORGANIC,1
single,933,SLOPE,1
single,933,elevation,1
single,933,ASPECT,1
single,933,LULC_states,3
single,934,secdf,2
single,934,range,2
single,934,primn,2
single,934,primf,2
single,934,pastr,2
single,934,c4ann,2
single,934,c3per,2
single,934,urban,2
single,934,secmb,2
single,934,c4per,2
single,934,secma,2
single,934,c3ann,2
single,934,secdn,2
single,934,c3nfx,2
single,934,number_of_people,2
single,934,kg_class,2
single,934,weighted_PCT_SAND,1
single,934,weighted_PCT_CLAY,1
single,934,weighted_ORGANIC,1
single,934,SLOPE,1
single,934,elevation,1
single,934,ASPECT,1
single,934,LULC_states,3
single,935,secdf,8
single,935,range,8
single,935,primf,8
single,935,primn,8
single,935,pastr,8
single,935,c4ann,8
single,935,c3per,8
single,935,secmb,8
single,935,secma,8
single,935,urban,8
single,935,c3ann,8
single,935,c4per,8
single,935,secdn,8
single,935,c3nfx,8
single,935,number_of_people,8
single,935,kg_class,8
single,935,weighted_PCT_SAND,4
single,935,weighted_PCT_CLAY,4
single,935,weighted_ORGANIC,4
single,935,elevation,4
single,935,SLOPE,4
single,935,ASPECT,4
single,935,LULC_states,12
single,936,range,2
single,936,primn,2
single,936,pastr,2
single,936,secdf,2
single,936,c3per,2
single,936,primf,2
single,936,c4per,2
single,936,c4ann,2
single,936,urban,2
single,936,secma,2
single,936,secmb,2
single,936,secdn,2
single,936,c3nfx,2
single,936,c3ann,2
single,936,number_of_people,2
single,936,kg_class,2
single,936,weighted_PCT_SAND,1
single,936,weighted_PCT_CLAY,1
single,936,weighted_ORGANIC,1
single,936,SLOPE,1
single,936,elevation,1
single,936,ASPECT,1
single,936,LULC_states,3
single,937,secdf,4
single,937,range,4
single,937,primf,4
single,937,c4per,4
single,937,c3per,4
single,937,urban,4
single,937,secmb,4
single,937,secdn,4
single,937,pastr,4
single,937,secma,4
single,937,c3nfx,4
single,937,primn,4
single,937,c3ann,4
single,937,c4ann,4
single,937,number_of_people,4
single,937,kg_class,4
single,937,weighted_PCT_SAND,2
single,937,weighted_PCT_CLAY,2
single,937,SLOPE,2
single,937,weighted_ORGANIC,2
single,937,elevation,2
single,937,ASPECT,2
single,937,LULC_states,6
single,938,range,2
single,938,secdf,2
single,938,primn,2
single,938,primf,2
single,938,pastr,2
single,938,c4per,2
single,938,c4ann,2
single,938,c3per,2
single,938,urban,2
single,938,secmb,2
single,938,secma,2
single,938,secdn,2
single,938,c3ann,2
single,938,c3nfx,2
single,938,number_of_people,2
single,938,kg_class,2
single,938,weighted_ORGANIC,1
single,938,weighted_PCT_SAND,1
single,938,weighted_PCT_CLAY,1
single,938,SLOPE,1
single,938,elevation,1
single,938,ASPECT,1
single,938,LULC_states,3
single,939,secdf,4
single,939,range,4
single,939,primn,4
single,939,primf,4
single,939,pastr,4
single,939,c4per,4
single,939,c4ann,4
single,939,urban,4
single,939,c3per,4
single,939,secma,4
single,939,secmb,4
single,939,c3nfx,4
single,939,c3ann,4
single,939,secdn,4
single,939,number_of_people,4
single,939,kg_class,4
single,939,weighted_PCT_SAND,2
single,939,weighted_PCT_CLAY,2
single,939,weighted_ORGANIC,2
single,939,SLOPE,2
single,939,elevation,2
single,939,ASPECT,2
single,939,LULC_states,6
single,940,secdf,8
single,940,primn,8
single,940,c4ann,8
single,940,c3per,8
single,940,c4per,8
single,940,range,8
single,940,c3nfx,8
single,940,primf,8
single,940,pastr,8
single,940,c3ann,8
single,940,secmb,8
single,940,urban,8
single,940,secma,8
single,940,secdn,8
single,940,number_of_people,8
single,940,kg_class,8
single,940,weighted_PCT_SAND,4
single,940,weighted_PCT_CLAY,4
single,940,weighted_ORGANIC,4
single,940,SLOPE,4
single,940,elevation,4
single,940,ASPECT,4
single,940,LULC_states,12
single,941,range,2
single,941,secdf,2
single,941,primn,2
single,941,primf,2
single,941,pastr,2
single,941,c4per,2
single,941,c3per,2
single,941,c4ann,2
single,941,urban,2
single,941,secmb,2
single,941,secdn,2
single,941,secma,2
single,941,c3nfx,2
single,941,c3ann,2
single,941,number_of_people,2
single,941,kg_class,2
single,941,weighted_PCT_SAND,1
single,941,weighted_ORGANIC,1
single,941,SLOPE,1
single,941,weighted_PCT_CLAY,1
single,941,elevation,1
single,941,ASPECT,1
single,941,LULC_states,3
single,942,secdf,4
single,942,range,4
single,942,primn,4
single,942,primf,4
single,942,pastr,4
single,942,c4per,4
single,942,c4ann,4
single,942,c3per,4
single,942,urban,4
single,942,secmb,4
single,942,secma,4
single,942,secdn,4
single,942,c3nfx,4
single,942,c3ann,4
single,942,number_of_people,4
single,942,kg_class,4
single,942,weighted_PCT_SAND,2
single,942,weighted_PCT_CLAY,2
single,942,weighted_ORGANIC,2
single,942,SLOPE,2
single,942,ASPECT,2
single,942,elevation,2
single,942,LULC_states,6
single,943,secdf,8
single,943,range,8
single,943,primn,8
single,943,primf,8
single,943,pastr,8
single,943,c4per,8
single,943,c4ann,8
single,943,c3per,8
single,943,urban,8
single,943,secmb,8
single,943,secma,8
single,943,secdn,8
single,943,c3nfx,8
single,943,c3ann,8
single,943,number_of_people,8
single,943,kg_class,8
single,943,weighted_PCT_CLAY,4
single,943,weighted_PCT_SAND,4
single,943,weighted_ORGANIC,4
single,943,SLOPE,4
single,943,elevation,4
single,943,ASPECT,4
single,943,LULC_states,12
single,944,secdf,4
single,944,range,4
single,944,primn,4
single,944,primf,4
single,944,pastr,4
single,944,c4per,4
single,944,c4ann,4
single,944,c3per,4
single,944,urban,4
single,944,secmb,4
single,944,secma,4
single,944,secdn,4
single,944,c3nfx,4
single,944,c3ann,4
single,944,number_of_people,4
single,944,kg_class,4
single,944,weighted_PCT_SAND,2
single,944,weighted_PCT_CLAY,2
single,944,weighted_ORGANIC,2
single,944,SLOPE,2
single,944,elevation,2
single,944,ASPECT,2
single,944,LULC_states,6
single,945,primf,8
single,945,pastr,8
single,945,range,8
single,945,secdf,8
single,945,primn,8
single,945,c4ann,8
single,945,c3per,8
single,945,c4per,8
single,945,urban,8
single,945,secmb,8
single,945,secdn,8
single,945,secma,8
single,945,c3ann,8
single,945,c3nfx,8
single,945,number_of_people,8
single,945,kg_class,8
single,945,weighted_PCT_SAND,4
single,945,weighted_ORGANIC,4
single,945,SLOPE,4
single,945,weighted_PCT_CLAY,4
single,945,elevation,4
single,945,ASPECT,4
single,945,LULC_states,12
single,946,secdf,4
single,946,range,4
single,946,primn,4
single,946,primf,4
single,946,pastr,4
single,946,c4per,4
single,946,c4ann,4
single,946,urban,4
single,946,secmb,4
single,946,c3per,4
single,946,secma,4
single,946,secdn,4
single,946,c3nfx,4
single,946,c3ann,4
single,946,number_of_people,4
single,946,kg_class,4
single,946,weighted_PCT_SAND,2
single,946,weighted_PCT_CLAY,2
single,946,weighted_ORGANIC,2
single,946,SLOPE,2
single,946,elevation,2
single,946,ASPECT,2
single,946,LULC_states,6
single,947,secdf,4
single,947,range,4
single,947,primn,4
single,947,primf,4
single,947,pastr,4
single,947,c4ann,4
single,947,c4per,4
single,947,c3per,4
single,947,urban,4
single,947,secma,4
single,947,secmb,4
single,947,secdn,4
single,947,c3nfx,4
single,947,c3ann,4
single,947,number_of_people,4
single,947,kg_class,4
single,947,weighted_PCT_SAND,2
single,947,weighted_PCT_CLAY,2
single,947,weighted_ORGANIC,2
single,947,SLOPE,2
single,947,elevation,2
single,947,ASPECT,2
single,947,LULC_states,6
single,948,secdf,2
single,948,range,2
single,948,primn,2
single,948,primf,2
single,948,c4per,2
single,948,pastr,2
single,948,c4ann,2
single,948,secmb,2
single,948,c3per,2
single,948,urban,2
single,948,secma,2
single,948,secdn,2
single,948,c3nfx,2
single,948,c3ann,2
single,948,number_of_people,2
single,948,kg_class,2
single,948,weighted_PCT_SAND,1
single,948,weighted_PCT_CLAY,1
single,948,weighted_ORGANIC,1
single,948,SLOPE,1
single,948,elevation,1
single,948,ASPECT,1
single,948,LULC_states,3
single,949,secdf,4
single,949,primn,4
single,949,range,4
single,949,c4per,4
single,949,primf,4
single,949,c3per,4
single,949,pastr,4
single,949,c4ann,4
single,949,urban,4
single,949,secmb,4
single,949,secdn,4
single,949,secma,4
single,949,c3ann,4
single,949,c3nfx,4
single,949,number_of_people,4
single,949,kg_class,4
single,949,weighted_PCT_SAND,2
single,949,weighted_PCT_CLAY,2
single,949,SLOPE,2
single,949,weighted_ORGANIC,2
single,949,elevation,2
single,949,ASPECT,2
single,949,LULC_states,6
single,950,primf,8
single,950,range,8
single,950,secdf,8
single,950,primn,8
single,950,c4per,8
single,950,pastr,8
single,950,c4ann,8
single,950,c3per,8
single,950,secmb,8
single,950,urban,8
single,950,secdn,8
single,950,secma,8
single,950,c3nfx,8
single,950,c3ann,8
single,950,number_of_people,8
single,950,kg_class,8
single,950,weighted_PCT_SAND,4
single,950,weighted_ORGANIC,4
single,950,weighted_PCT_CLAY,4
single,950,SLOPE,4
single,950,elevation,4
single,950,ASPECT,4
single,950,LULC_states,12
single,951,secdf,8
single,951,range,8
single,951,primn,8
single,951,pastr,8
single,951,primf,8
single,951,c4per,8
single,951,c4ann,8
single,951,c3per,8
single,951,urban,8
single,951,secma,8
single,951,secmb,8
single,951,secdn,8
single,951,c3nfx,8
single,951,c3ann,8
single,951,number_of_people,8
single,951,kg_class,8
single,951,weighted_PCT_CLAY,4
single,951,weighted_PCT_SAND,4
single,951,weighted_ORGANIC,4
single,951,SLOPE,4
single,951,elevation,4
single,951,ASPECT,4
single,951,LULC_states,12
single,952,secdf,8
single,952,primn,8
single,952,range,8
single,952,pastr,8
single,952,primf,8
single,952,c4per,8
single,952,c3per,8
single,952,c4ann,8
single,952,secma,8
single,952,secmb,8
single,952,urban,8
single,952,secdn,8
single,952,c3nfx,8
single,952,c3ann,8
single,952,number_of_people,8
single,952,kg_class,8
single,952,weighted_PCT_SAND,4
single,952,weighted_PCT_CLAY,4
single,952,weighted_ORGANIC,4
single,952,elevation,4
single,952,SLOPE,4
single,952,ASPECT,4
single,952,LULC_states,12
single,953,range,8
single,953,secdf,8
single,953,primn,8
single,953,primf,8
single,953,pastr,8
single,953,c4per,8
single,953,c4ann,8
single,953,c3per,8
single,953,urban,8
single,953,secmb,8
single,953,secma,8
single,953,secdn,8
single,953,c3nfx,8
single,953,c3ann,8
single,953,number_of_people,8
single,953,kg_class,8
single,953,weighted_PCT_CLAY,4
single,953,weighted_PCT_SAND,4
single,953,weighted_ORGANIC,4
single,953,SLOPE,4
single,953,elevation,4
single,953,ASPECT,4
single,953,LULC_states,12
single,954,secdf,2
single,954,range,2
single,954,primn,2
single,954,primf,2
single,954,pastr,2
single,954,c4ann,2
single,954,c4per,2
single,954,c3per,2
single,954,urban,2
single,954,secma,2
single,954,secmb,2
single,954,secdn,2
single,954,c3nfx,2
single,954,c3ann,2
single,954,number_of_people,2
single,954,kg_class,2
single,954,weighted_PCT_SAND,1
single,954,weighted_ORGANIC,1
single,954,weighted_PCT_CLAY,1
single,954,SLOPE,1
single,954,elevation,1
single,954,ASPECT,1
single,954,LULC_states,3
single,955,secdf,8
single,955,primn,8
single,955,range,8
single,955,primf,8
single,955,pastr,8
single,955,c4per,8
single,955,c3per,8
single,955,c4ann,8
single,955,urban,8
single,955,secma,8
single,955,secmb,8
single,955,secdn,8
single,955,c3nfx,8
single,955,c3ann,8
single,955,number_of_people,8
single,955,kg_class,8
single,955,weighted_PCT_SAND,4
single,955,weighted_PCT_CLAY,4
single,955,weighted_ORGANIC,4
single,955,SLOPE,4
single,955,elevation,4
single,955,ASPECT,4
single,955,LULC_states,12
single,956,secdf,2
single,956,range,2
single,956,primn,2
single,956,primf,2
single,956,pastr,2
single,956,c4per,2
single,956,c4ann,2
single,956,c3per,2
single,956,urban,2
single,956,secmb,2
single,956,secma,2
single,956,secdn,2
single,956,c3nfx,2
single,956,c3ann,2
single,956,number_of_people,2
single,956,kg_class,2
single,956,weighted_PCT_SAND,1
single,956,weighted_PCT_CLAY,1
single,956,weighted_ORGANIC,1
single,956,SLOPE,1
single,956,ASPECT,1
single,956,elevation,1
single,956,LULC_states,3
single,957,secdf,2
single,957,range,2
single,957,primn,2
single,957,primf,2
single,957,pastr,2
single,957,c4per,2
single,957,c4ann,2
single,957,urban,2
single,957,secmb,2
single,957,secma,2
single,957,c3per,2
single,957,secdn,2
single,957,c3nfx,2
single,957,c3ann,2
single,957,number_of_people,2
single,957,kg_class,2
single,957,weighted_PCT_CLAY,1
single,957,weighted_PCT_SAND,1
single,957,weighted_ORGANIC,1
single,957,SLOPE,1
single,957,elevation,1
single,957,ASPECT,1
single,957,LULC_states,3
single,958,range,4
single,958,secdf,4
single,958,primn,4
single,958,primf,4
single,958,pastr,4
single,958,c4per,4
single,958,c4ann,4
single,958,c3per,4
single,958,urban,4
single,958,secma,4
single,958,secmb,4
single,958,secdn,4
single,958,c3nfx,4
single,958,c3ann,4
single,958,number_of_people,4
single,958,kg_class,4
single,958,weighted_PCT_SAND,2
single,958,weighted_PCT_CLAY,2
single,958,weighted_ORGANIC,2
single,958,SLOPE,2
single,958,elevation,2
single,958,ASPECT,2
single,958,LULC_states,6
single,959,secdf,4
single,959,primn,4
single,959,range,4
single,959,primf,4
single,959,pastr,4
single,959,c4per,4
single,959,c4ann,4
single,959,c3per,4
single,959,urban,4
single,959,secmb,4
single,959,secma,4
single,959,secdn,4
single,959,c3ann,4
single,959,c3nfx,4
single,959,number_of_people,4
single,959,kg_class,4
single,959,weighted_PCT_SAND,2
single,959,weighted_ORGANIC,2
single,959,SLOPE,2
single,959,weighted_PCT_CLAY,2
single,959,elevation,2
single,959,ASPECT,2
single,959,LULC_states,6
single,960,secdf,4
single,960,range,4
single,960,primn,4
single,960,primf,4
single,960,pastr,4
single,960,c4ann,4
single,960,c4per,4
single,960,c3per,4
single,960,secmb,4
single,960,secma,4
single,960,urban,4
single,960,secdn,4
single,960,c3ann,4
single,960,c3nfx,4
single,960,number_of_people,4
single,960,kg_class,4
single,960,weighted_PCT_SAND,2
single,960,weighted_PCT_CLAY,2
single,960,weighted_ORGANIC,2
single,960,SLOPE,2
single,960,elevation,2
single,960,ASPECT,2
single,960,LULC_states,6
single,961,secdf,2
single,961,range,2
single,961,primn,2
single,961,primf,2
single,961,pastr,2
single,961,c4per,2
single,961,c4ann,2
single,961,c3per,2
single,961,urban,2
single,961,secmb,2
single,961,secma,2
single,961,secdn,2
single,961,c3nfx,2
single,961,c3ann,2
single,961,number_of_people,2
single,961,kg_class,2
single,961,weighted_PCT_SAND,1
single,961,weighted_ORGANIC,1
single,961,weighted_PCT_CLAY,1
single,961,elevation,1
single,961,SLOPE,1
single,961,ASPECT,1
single,961,LULC_states,3
single,962,secdf,4
single,962,range,4
single,962,primn,4
single,962,primf,4
single,962,pastr,4
single,962,c4per,4
single,962,c4ann,4
single,962,c3per,4
single,962,urban,4
single,962,secmb,4
single,962,secma,4
single,962,secdn,4
single,962,c3nfx,4
single,962,c3ann,4
single,962,number_of_people,4
single,962,kg_class,4
single,962,weighted_PCT_SAND,2
single,962,weighted_ORGANIC,2
single,962,weighted_PCT_CLAY,2
single,962,SLOPE,2
single,962,elevation,2
single,962,ASPECT,2
single,962,LULC_states,6
single,963,secdf,4
single,963,range,4
single,963,primn,4
single,963,primf,4
single,963,pastr,4
single,963,c4per,4
single,963,c4ann,4
single,963,c3per,4
single,963,secmb,4
single,963,secma,4
single,963,secdn,4
single,963,urban,4
single,963,c3ann,4
single,963,c3nfx,4
single,963,number_of_people,4
single,963,kg_class,4
single,963,weighted_PCT_SAND,2
single,963,weighted_PCT_CLAY,2
single,963,weighted_ORGANIC,2
single,963,SLOPE,2
single,963,elevation,2
single,963,ASPECT,2
single,963,LULC_states,6
single,964,secdf,8
single,964,range,8
single,964,primn,8
single,964,primf,8
single,964,pastr,8
single,964,c4ann,8
single,964,c4per,8
single,964,c3per,8
single,964,urban,8
single,964,secmb,8
single,964,secma,8
single,964,secdn,8
single,964,c3nfx,8
single,964,c3ann,8
single,964,number_of_people,8
single,964,kg_class,8
single,964,weighted_PCT_SAND,4
single,964,weighted_PCT_CLAY,4
single,964,weighted_ORGANIC,4
single,964,SLOPE,4
single,964,ASPECT,4
single,964,elevation,4
single,964,LULC_states,12
single,965,secdf,2
single,965,range,2
single,965,primn,2
single,965,pastr,2
single,965,primf,2
single,965,c4per,2
single,965,c4ann,2
single,965,c3per,2
single,965,urban,2
single,965,secma,2
single,965,secmb,2
single,965,secdn,2
single,965,c3ann,2
single,965,c3nfx,2
single,965,number_of_people,2
single,965,kg_class,2
single,965,weighted_PCT_SAND,1
single,965,weighted_PCT_CLAY,1
single,965,weighted_ORGANIC,1
single,965,SLOPE,1
single,965,elevation,1
single,965,ASPECT,1
single,965,LULC_states,3
single,966,secdf,2
single,966,range,2
single,966,primn,2
single,966,primf,2
single,966,c4per,2
single,966,c4ann,2
single,966,pastr,2
single,966,c3per,2
single,966,urban,2
single,966,secmb,2
single,966,secma,2
single,966,secdn,2
single,966,c3nfx,2
single,966,c3ann,2
single,966,number_of_people,2
single,966,kg_class,2
single,966,weighted_PCT_SAND,1
single,966,weighted_PCT_CLAY,1
single,966,weighted_ORGANIC,1
single,966,SLOPE,1
single,966,elevation,1
single,966,ASPECT,1
single,966,LULC_states,3
single,967,secdf,8
single,967,range,8
single,967,primn,8
single,967,primf,8
single,967,pastr,8
single,967,c4ann,8
single,967,c4per,8
single,967,c3per,8
single,967,secma,8
single,967,urban,8
single,967,secdn,8
single,967,secmb,8
single,967,c3nfx,8
single,967,c3ann,8
single,967,number_of_people,8
single,967,kg_class,8
single,967,weighted_PCT_SAND,4
single,967,weighted_PCT_CLAY,4
single,967,SLOPE,4
single,967,weighted_ORGANIC,4
single,967,elevation,4
single,967,ASPECT,4
single,967,LULC_states,12
single,968,secdf,4
single,968,range,4
single,968,primn,4
single,968,primf,4
single,968,pastr,4
single,968,c4ann,4
single,968,c4per,4
single,968,c3per,4
single,968,urban,4
single,968,secmb,4
single,968,secdn,4
single,968,secma,4
single,968,c3nfx,4
single,968,c3ann,4
single,968,number_of_people,4
single,968,kg_class,4
single,968,weighted_PCT_SAND,2
single,968,weighted_ORGANIC,2
single,968,SLOPE,2
single,968,weighted_PCT_CLAY,2
single,968,elevation,2
single,968,ASPECT,2
single,968,LULC_states,6
single,969,secdf,4
single,969,range,4
single,969,primn,4
single,969,primf,4
single,969,c4per,4
single,969,c3per,4
single,969,pastr,4
single,969,c4ann,4
single,969,urban,4
single,969,secmb,4
single,969,c3nfx,4
single,969,secma,4
single,969,secdn,4
single,969,c3ann,4
single,969,number_of_people,4
single,969,kg_class,4
single,969,weighted_PCT_SAND,2
single,969,weighted_PCT_CLAY,2
single,969,weighted_ORGANIC,2
single,969,SLOPE,2
single,969,ASPECT,2
single,969,elevation,2
single,969,LULC_states,6
single,970,range,4
single,970,secdf,4
single,970,primn,4
single,970,primf,4
single,970,pastr,4
single,970,c4per,4
single,970,c4ann,4
single,970,secma,4
single,970,c3per,4
single,970,secdn,4
single,970,c3nfx,4
single,970,urban,4
single,970,secmb,4
single,970,c3ann,4
single,970,number_of_people,4
single,970,kg_class,4
single,970,weighted_PCT_SAND,2
single,970,weighted_PCT_CLAY,2
single,970,weighted_ORGANIC,2
single,970,SLOPE,2
single,970,elevation,2
single,970,ASPECT,2
single,970,LULC_states,6
single,971,range,4
single,971,secdf,4
single,971,primn,4
single,971,primf,4
single,971,c4per,4
single,971,pastr,4
single,971,c4ann,4
single,971,urban,4
single,971,c3per,4
single,971,secdn,4
single,971,secma,4
single,971,secmb,4
single,971,c3nfx,4
single,971,c3ann,4
single,971,number_of_people,4
single,971,kg_class,4
single,971,weighted_PCT_SAND,2
single,971,weighted_PCT_CLAY,2
single,971,weighted_ORGANIC,2
single,971,SLOPE,2
single,971,ASPECT,2
single,971,elevation,2
single,971,LULC_states,6
single,972,primn,2
single,972,secdf,2
single,972,range,2
single,972,primf,2
single,972,pastr,2
single,972,c4per,2
single,972,c4ann,2
single,972,secmb,2
single,972,c3per,2
single,972,secma,2
single,972,urban,2
single,972,secdn,2
single,972,c3nfx,2
single,972,c3ann,2
single,972,number_of_people,2
single,972,kg_class,2
single,972,weighted_PCT_CLAY,1
single,972,weighted_PCT_SAND,1
single,972,weighted_ORGANIC,1
single,972,SLOPE,1
single,972,elevation,1
single,972,ASPECT,1
single,972,LULC_states,3
single,973,range,2
single,973,secdf,2
single,973,primn,2
single,973,primf,2
single,973,pastr,2
single,973,c4per,2
single,973,c4ann,2
single,973,c3per,2
single,973,urban,2
single,973,secmb,2
single,973,secdn,2
single,973,secma,2
single,973,c3ann,2
single,973,c3nfx,2
single,973,number_of_people,2
single,973,kg_class,2
single,973,weighted_PCT_SAND,1
single,973,weighted_PCT_CLAY,1
single,973,weighted_ORGANIC,1
single,973,SLOPE,1
single,973,elevation,1
single,973,ASPECT,1
single,973,LULC_states,3
single,974,secdf,4
single,974,range,4
single,974,pastr,4
single,974,primn,4
single,974,c4per,4
single,974,primf,4
single,974,c4ann,4
single,974,c3per,4
single,974,urban,4
single,974,secmb,4
single,974,secdn,4
single,974,secma,4
single,974,c3ann,4
single,974,c3nfx,4
single,974,number_of_people,4
single,974,kg_class,4
single,974,weighted_PCT_SAND,2
single,974,weighted_ORGANIC,2
single,974,weighted_PCT_CLAY,2
single,974,SLOPE,2
single,974,ASPECT,2
single,974,elevation,2
single,974,LULC_states,6
single,975,secdf,8
single,975,primn,8
single,975,range,8
single,975,primf,8
single,975,pastr,8
single,975,c4per,8
single,975,c3per,8
single,975,c4ann,8
single,975,urban,8
single,975,secma,8
single,975,secmb,8
single,975,secdn,8
single,975,c3nfx,8
single,975,c3ann,8
single,975,number_of_people,8
single,975,kg_class,8
single,975,weighted_PCT_SAND,4
single,975,weighted_PCT_CLAY,4
single,975,weighted_ORGANIC,4
single,975,SLOPE,4
single,975,elevation,4
single,975,ASPECT,4
single,975,LULC_states,12
single,976,range,4
single,976,primn,4
single,976,primf,4
single,976,secdf,4
single,976,pastr,4
single,976,c4per,4
single,976,c4ann,4
single,976,c3per,4
single,976,urban,4
single,976,secmb,4
single,976,secdn,4
single,976,secma,4
single,976,c3nfx,4
single,976,c3ann,4
single,976,number_of_people,4
single,976,kg_class,4
single,976,weighted_PCT_SAND,2
single,976,weighted_PCT_CLAY,2
single,976,weighted_ORGANIC,2
single,976,SLOPE,2
single,976,elevation,2
single,976,ASPECT,2
single,976,LULC_states,6
single,977,secdf,8
single,977,range,8
single,977,primn,8
single,977,primf,8
single,977,pastr,8
single,977,c4per,8
single,977,c4ann,8
single,977,urban,8
single,977,c3per,8
single,977,secmb,8
single,977,secma,8
single,977,secdn,8
single,977,c3nfx,8
single,977,c3ann,8
single,977,number_of_people,8
single,977,kg_class,8
single,977,weighted_PCT_SAND,4
single,977,weighted_PCT_CLAY,4
single,977,weighted_ORGANIC,4
single,977,SLOPE,4
single,977,elevation,4
single,977,ASPECT,4
single,977,LULC_states,12
single,978,primn,4
single,978,range,4
single,978,secdf,4
single,978,primf,4
single,978,pastr,4
single,978,c4per,4
single,978,c4ann,4
single,978,c3per,4
single,978,secmb,4
single,978,urban,4
single,978,secma,4
single,978,secdn,4
single,978,c3nfx,4
single,978,c3ann,4
single,978,number_of_people,4
single,978,kg_class,4
single,978,weighted_PCT_SAND,2
single,978,weighted_PCT_CLAY,2
single,978,weighted_ORGANIC,2
single,978,SLOPE,2
single,978,elevation,2
single,978,ASPECT,2
single,978,LULC_states,6
single,979,secdf,2
single,979,primn,2
single,979,primf,2
single,979,range,2
single,979,pastr,2
single,979,c4per,2
single,979,c4ann,2
single,979,c3per,2
single,979,urban,2
single,979,secmb,2
single,979,secma,2
single,979,secdn,2
single,979,c3nfx,2
single,979,c3ann,2
single,979,number_of_people,2
single,979,kg_class,2
single,979,weighted_PCT_SAND,1
single,979,weighted_PCT_CLAY,1
single,979,weighted_ORGANIC,1
single,979,SLOPE,1
single,979,elevation,1
single,979,ASPECT,1
single,979,LULC_states,3
single,980,secdf,4
single,980,range,4
single,980,primn,4
single,980,primf,4
single,980,pastr,4
single,980,c4per,4
single,980,c4ann,4
single,980,c3per,4
single,980,urban,4
single,980,secma,4
single,980,secmb,4
single,980,secdn,4
single,980,c3nfx,4
single,980,c3ann,4
single,980,number_of_people,4
single,980,kg_class,4
single,980,weighted_PCT_SAND,2
single,980,weighted_PCT_CLAY,2
single,980,weighted_ORGANIC,2
single,980,SLOPE,2
single,980,ASPECT,2
single,980,elevation,2
single,980,LULC_states,6
single,981,secdf,8
single,981,range,8
single,981,primn,8
single,981,primf,8
single,981,pastr,8
single,981,c4ann,8
single,981,c4per,8
single,981,urban,8
single,981,c3per,8
single,981,secmb,8
single,981,secma,8
single,981,secdn,8
single,981,c3nfx,8
single,981,c3ann,8
single,981,number_of_people,8
single,981,kg_class,8
single,981,weighted_PCT_SAND,4
single,981,weighted_PCT_CLAY,4
single,981,SLOPE,4
single,981,weighted_ORGANIC,4
single,981,elevation,4
single,981,ASPECT,4
single,981,LULC_states,12
single,982,secdf,4
single,982,range,4
single,982,primn,4
single,982,c4per,4
single,982,pastr,4
single,982,primf,4
single,982,c4ann,4
single,982,urban,4
single,982,c3per,4
single,982,secmb,4
single,982,secma,4
single,982,c3nfx,4
single,982,secdn,4
single,982,c3ann,4
single,982,number_of_people,4
single,982,kg_class,4
single,982,weighted_PCT_SAND,2
single,982,weighted_ORGANIC,2
single,982,weighted_PCT_CLAY,2
single,982,SLOPE,2
single,982,elevation,2
single,982,ASPECT,2
single,982,LULC_states,6
single,983,secdf,4
single,983,range,4
single,983,primn,4
single,983,primf,4
single,983,pastr,4
single,983,c4per,4
single,983,c4ann,4
single,983,c3per,4
single,983,urban,4
single,983,secmb,4
single,983,secma,4
single,983,secdn,4
single,983,c3nfx,4
single,983,c3ann,4
single,983,number_of_people,4
single,983,kg_class,4
single,983,weighted_PCT_SAND,2
single,983,weighted_PCT_CLAY,2
single,983,weighted_ORGANIC,2
single,983,SLOPE,2
single,983,ASPECT,2
single,983,elevation,2
single,983,LULC_states,6
single,984,secdf,4
single,984,range,4
single,984,primn,4
single,984,primf,4
single,984,pastr,4
single,984,c4per,4
single,984,c4ann,4
single,984,c3per,4
single,984,urban,4
single,984,secmb,4
single,984,secma,4
single,984,secdn,4
single,984,c3nfx,4
single,984,c3ann,4
single,984,number_of_people,4
single,984,kg_class,4
single,984,weighted_PCT_SAND,2
single,984,weighted_PCT_CLAY,2
single,984,weighted_ORGANIC,2
single,984,SLOPE,2
single,984,elevation,2
single,984,ASPECT,2
single,984,LULC_states,6
single,985,secdf,8
single,985,primf,8
single,985,primn,8
single,985,range,8
single,985,c4per,8
single,985,pastr,8
single,985,c4ann,8
single,985,urban,8
single,985,c3per,8
single,985,secdn,8
single,985,secmb,8
single,985,c3nfx,8
single,985,secma,8
single,985,c3ann,8
single,985,number_of_people,8
single,985,kg_class,8
single,985,weighted_PCT_SAND,4
single,985,weighted_PCT_CLAY,4
single,985,weighted_ORGANIC,4
single,985,elevation,4
single,985,SLOPE,4
single,985,ASPECT,4
single,985,LULC_states,12
single,986,secdf,4
single,986,primn,4
single,986,primf,4
single,986,range,4
single,986,c4per,4
single,986,pastr,4
single,986,c4ann,4
single,986,urban,4
single,986,c3per,4
single,986,secmb,4
single,986,secma,4
single,986,secdn,4
single,986,c3ann,4
single,986,c3nfx,4
single,986,number_of_people,4
single,986,kg_class,4
single,986,weighted_PCT_CLAY,2
single,986,weighted_PCT_SAND,2
single,986,weighted_ORGANIC,2
single,986,SLOPE,2
single,986,elevation,2
single,986,ASPECT,2
single,986,LULC_states,6
single,987,primn,8
single,987,primf,8
single,987,secdf,8
single,987,pastr,8
single,987,c4ann,8
single,987,range,8
single,987,urban,8
single,987,c3per,8
single,987,c4per,8
single,987,secmb,8
single,987,c3nfx,8
single,987,secdn,8
single,987,c3ann,8
single,987,secma,8
single,987,number_of_people,8
single,987,kg_class,8
single,987,weighted_PCT_CLAY,4
single,987,weighted_PCT_SAND,4
single,987,weighted_ORGANIC,4
single,987,SLOPE,4
single,987,elevation,4
single,987,ASPECT,4
single,987,LULC_states,12
single,988,secdf,4
single,988,range,4
single,988,primn,4
single,988,primf,4
single,988,pastr,4
single,988,c4per,4
single,988,c4ann,4
single,988,c3per,4
single,988,urban,4
single,988,secmb,4
single,988,secma,4
single,988,secdn,4
single,988,c3nfx,4
single,988,c3ann,4
single,988,number_of_people,4
single,988,kg_class,4
single,988,weighted_PCT_SAND,2
single,988,weighted_ORGANIC,2
single,988,elevation,2
single,988,weighted_PCT_CLAY,2
single,988,SLOPE,2
single,988,ASPECT,2
single,988,LULC_states,6
single,989,secdf,4
single,989,range,4
single,989,primn,4
single,989,primf,4
single,989,c4per,4
single,989,pastr,4
single,989,c4ann,4
single,989,c3per,4
single,989,secmb,4
single,989,urban,4
single,989,secma,4
single,989,c3nfx,4
single,989,secdn,4
single,989,c3ann,4
single,989,number_of_people,4
single,989,kg_class,4
single,989,weighted_PCT_SAND,2
single,989,weighted_PCT_CLAY,2
single,989,weighted_ORGANIC,2
single,989,SLOPE,2
single,989,ASPECT,2
single,989,elevation,2
single,989,LULC_states,6
single,990,secdf,4
single,990,range,4
single,990,primn,4
single,990,primf,4
single,990,pastr,4
single,990,c4per,4
single,990,c4ann,4
single,990,c3per,4
single,990,urban,4
single,990,secmb,4
single,990,secma,4
single,990,secdn,4
single,990,c3nfx,4
single,990,c3ann,4
single,990,number_of_people,4
single,990,kg_class,4
single,990,weighted_PCT_SAND,2
single,990,weighted_PCT_CLAY,2
single,990,SLOPE,2
single,990,weighted_ORGANIC,2
single,990,elevation,2
single,990,ASPECT,2
single,990,LULC_states,6
single,991,range,2
single,991,secdf,2
single,991,primn,2
single,991,primf,2
single,991,pastr,2
single,991,c4ann,2
single,991,c4per,2
single,991,c3per,2
single,991,urban,2
single,991,secma,2
single,991,secmb,2
single,991,secdn,2
single,991,c3nfx,2
single,991,c3ann,2
single,991,number_of_people,2
single,991,kg_class,2
single,991,weighted_PCT_SAND,1
single,991,weighted_ORGANIC,1
single,991,SLOPE,1
single,991,weighted_PCT_CLAY,1
single,991,elevation,1
single,991,ASPECT,1
single,991,LULC_states,3
single,992,secdf,2
single,992,primn,2
single,992,range,2
single,992,pastr,2
single,992,primf,2
single,992,c4ann,2
single,992,c4per,2
single,992,secmb,2
single,992,c3per,2
single,992,urban,2
single,992,secma,2
single,992,secdn,2
single,992,c3nfx,2
single,992,c3ann,2
single,992,number_of_people,2
single,992,kg_class,2
single,992,weighted_PCT_CLAY,1
single,992,weighted_ORGANIC,1
single,992,weighted_PCT_SAND,1
single,992,elevation,1
single,992,ASPECT,1
single,992,SLOPE,1
single,992,LULC_states,3
single,993,secdf,8
single,993,range,8
single,993,primn,8
single,993,primf,8
single,993,pastr,8
single,993,c4per,8
single,993,c4ann,8
single,993,c3per,8
single,993,urban,8
single,993,secmb,8
single,993,secma,8
single,993,secdn,8
single,993,c3nfx,8
single,993,c3ann,8
single,993,number_of_people,8
single,993,kg_class,8
single,993,weighted_PCT_SAND,4
single,993,weighted_PCT_CLAY,4
single,993,weighted_ORGANIC,4
single,993,SLOPE,4
single,993,elevation,4
single,993,ASPECT,4
single,993,LULC_states,12
single,994,secdf,8
single,994,range,8
single,994,primn,8
single,994,primf,8
single,994,c4per,8
single,994,pastr,8
single,994,c3per,8
single,994,c4ann,8
single,994,urban,8
single,994,secma,8
single,994,c3nfx,8
single,994,secmb,8
single,994,secdn,8
single,994,c3ann,8
single,994,number_of_people,8
single,994,kg_class,8
single,994,weighted_PCT_CLAY,4
single,994,weighted_PCT_SAND,4
single,994,weighted_ORGANIC,4
single,994,SLOPE,4
single,994,elevation,4
single,994,ASPECT,4
single,994,LULC_states,12
single,995,range,4
single,995,secdf,4
single,995,primn,4
single,995,primf,4
single,995,pastr,4
single,995,c4per,4
single,995,c3per,4
single,995,c4ann,4
single,995,urban,4
single,995,secmb,4
single,995,secma,4
single,995,secdn,4
single,995,c3nfx,4
single,995,c3ann,4
single,995,number_of_people,4
single,995,kg_class,4
single,995,weighted_PCT_SAND,2
single,995,weighted_PCT_CLAY,2
single,995,weighted_ORGANIC,2
single,995,SLOPE,2
single,995,elevation,2
single,995,ASPECT,2
single,995,LULC_states,6
single,996,secdf,4
single,996,range,4
single,996,primn,4
single,996,pastr,4
single,996,primf,4
single,996,c4per,4
single,996,c4ann,4
single,996,c3per,4
single,996,urban,4
single,996,secdn,4
single,996,secmb,4
single,996,secma,4
single,996,c3nfx,4
single,996,c3ann,4
single,996,number_of_people,4
single,996,kg_class,4
single,996,weighted_PCT_SAND,2
single,996,weighted_PCT_CLAY,2
single,996,weighted_ORGANIC,2
single,996,SLOPE,2
single,996,elevation,2
single,996,ASPECT,2
single,996,LULC_states,6
single,997,range,4
single,997,secdf,4
single,997,primn,4
single,997,primf,4
single,997,pastr,4
single,997,c4per,4
single,997,c4ann,4
single,997,c3per,4
single,997,secma,4
single,997,urban,4
single,997,secmb,4
single,997,secdn,4
single,997,c3ann,4
single,997,c3nfx,4
single,997,number_of_people,4
single,997,kg_class,4
single,997,weighted_PCT_SAND,2
single,997,weighted_PCT_CLAY,2
single,997,weighted_ORGANIC,2
single,997,SLOPE,2
single,997,ASPECT,2
single,997,elevation,2
single,997,LULC_states,6
single,998,range,8
single,998,primn,8
single,998,secdf,8
single,998,primf,8
single,998,pastr,8
single,998,c4per,8
single,998,c4ann,8
single,998,c3per,8
single,998,urban,8
single,998,secmb,8
single,998,secma,8
single,998,secdn,8
single,998,c3nfx,8
single,998,c3ann,8
single,998,number_of_people,8
single,998,kg_class,8
single,998,weighted_PCT_SAND,4
single,998,weighted_PCT_CLAY,4
single,998,weighted_ORGANIC,4
single,998,SLOPE,4
single,998,elevation,4
single,998,ASPECT,4
single,998,LULC_states,12
single,999,secdf,4
single,999,primn,4
single,999,pastr,4
single,999,range,4
single,999,primf,4
single,999,c4per,4
single,999,c3per,4
single,999,c4ann,4
single,999,urban,4
single,999,secdn,4
single,999,secmb,4
single,999,secma,4
single,999,c3nfx,4
single,999,c3ann,4
single,999,number_of_people,4
single,999,kg_class,4
single,999,weighted_PCT_SAND,2
single,999,weighted_PCT_CLAY,2
single,999,weighted_ORGANIC,2
single,999,SLOPE,2
single,999,ASPECT,2
single,999,elevation,2
single,999,LULC_states,6
merged,0,dynamic/data,12
merged,0,static/data,4
merged,1,dynamic/data,3
merged,1,static/data,1
merged,2,dynamic/data,3
merged,2,static/data,1
merged,3,dynamic/data,6
merged,3,static/data,2
merged,4,dynamic/data,12
merged,4,static/data,4
merged,5,dynamic/data,6
merged,5,static/data,2
merged,6,dynamic/data,6
merged,6,static/data,2
merged,7,dynamic/data,12
merged,7,static/data,4
merged,8,dynamic/data,12
merged,8,static/data,4
merged,9,dynamic/data,3
merged,9,static/data,1
merged,10,dynamic/data,6
merged,10,static/data,2
merged,11,dynamic/data,6
merged,11,static/data,2
merged,12,dynamic/data,6
merged,12,static/data,2
merged,13,dynamic/data,6
merged,13,static/data,2
merged,14,dynamic/data,6
merged,14,static/data,2
merged,15,dynamic/data,6
merged,15,static/data,2
merged,16,dynamic/data,6
merged,16,static/data,2
merged,17,dynamic/data,3
merged,17,static/data,1
merged,18,dynamic/data,12
merged,18,static/data,4
merged,19,dynamic/data,3
merged,19,static/data,1
merged,20,dynamic/data,6
merged,20,static/data,2
merged,21,dynamic/data,6
merged,21,static/data,2
merged,22,dynamic/data,6
merged,22,static/data,2
merged,23,dynamic/data,6
merged,23,static/data,2
merged,24,dynamic/data,3
merged,24,static/data,1
merged,25,dynamic/data,3
merged,25,static/data,1
merged,26,dynamic/data,6
merged,26,static/data,2
merged,27,dynamic/data,3
merged,27,static/data,1
merged,28,dynamic/data,6
merged,28,static/data,2
merged,29,dynamic/data,3
merged,29,static/data,1
merged,30,dynamic/data,12
merged,30,static/data,4
merged,31,dynamic/data,12
merged,31,static/data,4
merged,32,dynamic/data,6
merged,32,static/data,2
merged,33,dynamic/data,6
merged,33,static/data,2
merged,34,dynamic/data,6
merged,34,static/data,2
merged,35,dynamic/data,6
merged,35,static/data,2
merged,36,dynamic/data,12
merged,36,static/data,4
merged,37,dynamic/data,12
merged,37,static/data,4
merged,38,dynamic/data,3
merged,38,static/data,1
merged,39,dynamic/data,6
merged,39,static/data,2
merged,40,dynamic/data,6
merged,40,static/data,2
merged,41,dynamic/data,6
merged,41,static/data,2
merged,42,dynamic/data,12
merged,42,static/data,4
merged,43,dynamic/data,6
merged,43,static/data,2
merged,44,dynamic/data,6
merged,44,static/data,2
merged,45,dynamic/data,3
merged,45,static/data,1
merged,46,dynamic/data,6
merged,46,static/data,2
merged,47,dynamic/data,3
merged,47,static/data,1
merged,48,dynamic/data,6
merged,48,static/data,2
merged,49,dynamic/data,6
merged,49,static/data,2
merged,50,dynamic/data,6
merged,50,static/data,2
merged,51,dynamic/data,6
merged,51,static/data,2
merged,52,dynamic/data,6
merged,52,static/data,2
merged,53,dynamic/data,12
merged,53,static/data,4
merged,54,dynamic/data,12
merged,54,static/data,4
merged,55,dynamic/data,6
merged,55,static/data,2
merged,56,dynamic/data,6
merged,56,static/data,2
merged,57,dynamic/data,6
merged,57,static/data,2
merged,58,dynamic/data,12
merged,58,static/data,4
merged,59,dynamic/data,6
merged,59,static/data,2
merged,60,dynamic/data,6
merged,60,static/data,2
merged,61,dynamic/data,6
merged,61,static/data,2
merged,62,dynamic/data,12
merged,62,static/data,4
merged,63,dynamic/data,6
merged,63,static/data,2
merged,64,dynamic/data,6
merged,64,static/data,2
merged,65,dynamic/data,6
merged,65,static/data,2
merged,66,dynamic/data,6
merged,66,static/data,2
merged,67,dynamic/data,6
merged,67,static/data,2
merged,68,dynamic/data,3
merged,68,static/data,1
merged,69,dynamic/data,6
merged,69,static/data,2
merged,70,dynamic/data,3
merged,70,static/data,1
merged,71,dynamic/data,6
merged,71,static/data,2
merged,72,dynamic/data,6
merged,72,static/data,2
merged,73,dynamic/data,12
merged,73,static/data,4
merged,74,dynamic/data,3
merged,74,static/data,1
merged,75,dynamic/data,6
merged,75,static/data,2
merged,76,dynamic/data,6
merged,76,static/data,2
merged,77,dynamic/data,3
merged,77,static/data,1
merged,78,dynamic/data,3
merged,78,static/data,1
merged,79,dynamic/data,3
merged,79,static/data,1
merged,80,dynamic/data,12
merged,80,static/data,4
merged,81,dynamic/data,6
merged,81,static/data,2
merged,82,dynamic/data,12
merged,82,static/data,4
merged,83,dynamic/data,6
merged,83,static/data,2
merged,84,dynamic/data,3
merged,84,static/data,1
merged,85,dynamic/data,3
merged,85,static/data,1
merged,86,dynamic/data,6
merged,86,static/data,2
merged,87,dynamic/data,6
merged,87,static/data,2
merged,88,dynamic/data,3
merged,88,static/data,1
merged,89,dynamic/data,3
merged,89,static/data,1
merged,90,dynamic/data,6
merged,90,static/data,2
merged,91,dynamic/data,12
merged,91,static/data,4
merged,92,dynamic/data,6
merged,92,static/data,2
merged,93,dynamic/data,3
merged,93,static/data,1
merged,94,dynamic/data,12
merged,94,static/data,4
merged,95,dynamic/data,6
merged,95,static/data,2
merged,96,dynamic/data,6
merged,96,static/data,2
merged,97,dynamic/data,3
merged,97,static/data,1
merged,98,dynamic/data,3
merged,98,static/data,1
merged,99,dynamic/data,12
merged,99,static/data,4
merged,100,dynamic/data,6
merged,100,static/data,2
merged,101,dynamic/data,3
merged,101,static/data,1
merged,102,dynamic/data,6
merged,102,static/data,2
merged,103,dynamic/data,12
merged,103,static/data,4
merged,104,dynamic/data,6
merged,104,static/data,2
merged,105,dynamic/data,12
merged,105,static/data,4
merged,106,dynamic/data,12
merged,106,static/data,4
merged,107,dynamic/data,3
merged,107,static/data,1
merged,108,dynamic/data,3
merged,108,static/data,1
merged,109,dynamic/data,6
merged,109,static/data,2
merged,110,dynamic/data,3
merged,110,static/data,1
merged,111,dynamic/data,12
merged,111,static/data,4
merged,112,dynamic/data,3
merged,112,static/data,1
merged,113,dynamic/data,12
merged,113,static/data,4
merged,114,dynamic/data,3
merged,114,static/data,1
merged,115,dynamic/data,6
merged,115,static/data,2
merged,116,dynamic/data,6
merged,116,static/data,2
merged,117,dynamic/data,3
merged,117,static/data,1
merged,118,dynamic/data,3
merged,118,static/data,1
merged,119,dynamic/data,12
merged,119,static/data,4
merged,120,dynamic/data,3
merged,120,static/data,1
merged,121,dynamic/data,6
merged,121,static/data,2
merged,122,dynamic/data,6
merged,122,static/data,2
merged,123,dynamic/data,12
merged,123,static/data,4
merged,124,dynamic/data,3
merged,124,static/data,1
merged,125,dynamic/data,12
merged,125,static/data,4
merged,126,dynamic/data,6
merged,126,static/data,2
merged,127,dynamic/data,6
merged,127,static/data,2
merged,128,dynamic/data,12
merged,128,static/data,4
merged,129,dynamic/data,6
merged,129,static/data,2
merged,130,dynamic/data,6
merged,130,static/data,2
merged,131,dynamic/data,6
merged,131,static/data,2
merged,132,dynamic/data,6
merged,132,static/data,2
merged,133,dynamic/data,3
merged,133,static/data,1
merged,134,dynamic/data,6
merged,134,static/data,2
merged,135,dynamic/data,3
merged,135,static/data,1
merged,136,dynamic/data,3
merged,136,static/data,1
merged,137,dynamic/data,6
merged,137,static/data,2
merged,138,dynamic/data,6
merged,138,static/data,2
merged,139,dynamic/data,12
merged,139,static/data,4
merged,140,dynamic/data,3
merged,140,static/data,1
merged,141,dynamic/data,12
merged,141,static/data,4
merged,142,dynamic/data,3
merged,142,static/data,1
merged,143,dynamic/data,3
merged,143,static/data,1
merged,144,dynamic/data,3
merged,144,static/data,1
merged,145,dynamic/data,6
merged,145,static/data,2
merged,146,dynamic/data,3
merged,146,static/data,1
merged,147,dynamic/data,3
merged,147,static/data,1
merged,148,dynamic/data,12
merged,148,static/data,4
merged,149,dynamic/data,6
merged,149,static/data,2
merged,150,dynamic/data,12
merged,150,static/data,4
merged,151,dynamic/data,6
merged,151,static/data,2
merged,152,dynamic/data,6
merged,152,static/data,2
merged,153,dynamic/data,6
merged,153,static/data,2
merged,154,dynamic/data,6
merged,154,static/data,2
merged,155,dynamic/data,6
merged,155,static/data,2
merged,156,dynamic/data,6
merged,156,static/data,2
merged,157,dynamic/data,12
merged,157,static/data,4
merged,158,dynamic/data,6
merged,158,static/data,2
merged,159,dynamic/data,6
merged,159,static/data,2
merged,160,dynamic/data,3
merged,160,static/data,1
merged,161,dynamic/data,3
merged,161,static/data,1
merged,162,dynamic/data,3
merged,162,static/data,1
merged,163,dynamic/data,12
merged,163,static/data,4
merged,164,dynamic/data,6
merged,164,static/data,2
merged,165,dynamic/data,12
merged,165,static/data,4
merged,166,dynamic/data,6
merged,166,static/data,2
merged,167,dynamic/data,3
merged,167,static/data,1
merged,168,dynamic/data,3
merged,168,static/data,1
merged,169,dynamic/data,6
merged,169,static/data,2
merged,170,dynamic/data,3
merged,170,static/data,1
merged,171,dynamic/data,6
merged,171,static/data,2
merged,172,dynamic/data,6
merged,172,static/data,2
merged,173,dynamic/data,6
merged,173,static/data,2
merged,174,dynamic/data,12
merged,174,static/data,4
merged,175,dynamic/data,6
merged,175,static/data,2
merged,176,dynamic/data,6
merged,176,static/data,2
merged,177,dynamic/data,6
merged,177,static/data,2
merged,178,dynamic/data,6
merged,178,static/data,2
merged,179,dynamic/data,3
merged,179,static/data,1
merged,180,dynamic/data,3
merged,180,static/data,1
merged,181,dynamic/data,12
merged,181,static/data,4
merged,182,dynamic/data,6
merged,182,static/data,2
merged,183,dynamic/data,6
merged,183,static/data,2
merged,184,dynamic/data,6
merged,184,static/data,2
merged,185,dynamic/data,6
merged,185,static/data,2
merged,186,dynamic/data,6
merged,186,static/data,2
merged,187,dynamic/data,6
merged,187,static/data,2
merged,188,dynamic/data,3
merged,188,static/data,1
merged,189,dynamic/data,12
merged,189,static/data,4
merged,190,dynamic/data,12
merged,190,static/data,4
merged,191,dynamic/data,6
merged,191,static/data,2
merged,192,dynamic/data,6
merged,192,static/data,2
merged,193,dynamic/data,3
merged,193,static/data,1
merged,194,dynamic/data,12
merged,194,static/data,4
merged,195,dynamic/data,12
merged,195,static/data,4
merged,196,dynamic/data,6
merged,196,static/data,2
merged,197,dynamic/data,3
merged,197,static/data,1
merged,198,dynamic/data,12
merged,198,static/data,4
merged,199,dynamic/data,12
merged,199,static/data,4
merged,200,dynamic/data,6
merged,200,static/data,2
merged,201,dynamic/data,6
merged,201,static/data,2
merged,202,dynamic/data,12
merged,202,static/data,4
merged,203,dynamic/data,3
merged,203,static/data,1
merged,204,dynamic/data,3
merged,204,static/data,1
merged,205,dynamic/data,12
merged,205,static/data,4
merged,206,dynamic/data,12
merged,206,static/data,4
merged,207,dynamic/data,3
merged,207,static/data,1
merged,208,dynamic/data,12
merged,208,static/data,4
merged,209,dynamic/data,3
merged,209,static/data,1
merged,210,dynamic/data,6
merged,210,static/data,2
merged,211,dynamic/data,12
merged,211,static/data,4
merged,212,dynamic/data,12
merged,212,static/data,4
merged,213,dynamic/data,3
merged,213,static/data,1
merged,214,dynamic/data,6
merged,214,static/data,2
merged,215,dynamic/data,6
merged,215,static/data,2
merged,216,dynamic/data,3
merged,216,static/data,1
merged,217,dynamic/data,6
merged,217,static/data,2
merged,218,dynamic/data,12
merged,218,static/data,4
merged,219,dynamic/data,6
merged,219,static/data,2
merged,220,dynamic/data,3
merged,220,static/data,1
merged,221,dynamic/data,12
merged,221,static/data,4
merged,222,dynamic/data,3
merged,222,static/data,1
merged,223,dynamic/data,6
merged,223,static/data,2
merged,224,dynamic/data,6
merged,224,static/data,2
merged,225,dynamic/data,12
merged,225,static/data,4
merged,226,dynamic/data,12
merged,226,static/data,4
merged,227,dynamic/data,6
merged,227,static/data,2
merged,228,dynamic/data,12
merged,228,static/data,4
merged,229,dynamic/data,3
merged,229,static/data,1
merged,230,dynamic/data,6
merged,230,static/data,2
merged,231,dynamic/data,3
merged,231,static/data,1
merged,232,dynamic/data,3
merged,232,static/data,1
merged,233,dynamic/data,12
merged,233,static/data,4
merged,234,dynamic/data,6
merged,234,static/data,2
merged,235,dynamic/data,12
merged,235,static/data,4
merged,236,dynamic/data,6
merged,236,static/data,2
merged,237,dynamic/data,6
merged,237,static/data,2
merged,238,dynamic/data,6
merged,238,static/data,2
merged,239,dynamic/data,6
merged,239,static/data,2
merged,240,dynamic/data,6
merged,240,static/data,2
merged,241,dynamic/data,6
merged,241,static/data,2
merged,242,dynamic/data,6
merged,242,static/data,2
merged,243,dynamic/data,6
merged,243,static/data,2
merged,244,dynamic/data,3
merged,244,static/data,1
merged,245,dynamic/data,3
merged,245,static/data,1
merged,246,dynamic/data,3
merged,246,static/data,1
merged,247,dynamic/data,6
merged,247,static/data,2
merged,248,dynamic/data,6
merged,248,static/data,2
merged,249,dynamic/data,6
merged,249,static/data,2
merged,250,dynamic/data,3
merged,250,static/data,1
merged,251,dynamic/data,3
merged,251,static/data,1
merged,252,dynamic/data,12
merged,252,static/data,4
merged,253,dynamic/data,12
merged,253,static/data,4
merged,254,dynamic/data,6
merged,254,static/data,2
merged,255,dynamic/data,12
merged,255,static/data,4
merged,256,dynamic/data,12
merged,256,static/data,4
merged,257,dynamic/data,6
merged,257,static/data,2
merged,258,dynamic/data,12
merged,258,static/data,4
merged,259,dynamic/data,12
merged,259,static/data,4
merged,260,dynamic/data,6
merged,260,static/data,2
merged,261,dynamic/data,6
merged,261,static/data,2
merged,262,dynamic/data,3
merged,262,static/data,1
merged,263,dynamic/data,6
merged,263,static/data,2
merged,264,dynamic/data,3
merged,264,static/data,1
merged,265,dynamic/data,12
merged,265,static/data,4
merged,266,dynamic/data,6
merged,266,static/data,2
merged,267,dynamic/data,12
merged,267,static/data,4
merged,268,dynamic/data,6
merged,268,static/data,2
merged,269,dynamic/data,12
merged,269,static/data,4
merged,270,dynamic/data,3
merged,270,static/data,1
merged,271,dynamic/data,3
merged,271,static/data,1
merged,272,dynamic/data,6
merged,272,static/data,2
merged,273,dynamic/data,6
merged,273,static/data,2
merged,274,dynamic/data,12
merged,274,static/data,4
merged,275,dynamic/data,6
merged,275,static/data,2
merged,276,dynamic/data,3
merged,276,static/data,1
merged,277,dynamic/data,6
merged,277,static/data,2
merged,278,dynamic/data,6
merged,278,static/data,2
merged,279,dynamic/data,12
merged,279,static/data,4
merged,280,dynamic/data,12
merged,280,static/data,4
merged,281,dynamic/data,6
merged,281,static/data,2
merged,282,dynamic/data,12
merged,282,static/data,4
merged,283,dynamic/data,3
merged,283,static/data,1
merged,284,dynamic/data,12
merged,284,static/data,4
merged,285,dynamic/data,12
merged,285,static/data,4
merged,286,dynamic/data,12
merged,286,static/data,4
merged,287,dynamic/data,6
merged,287,static/data,2
merged,288,dynamic/data,3
merged,288,static/data,1
merged,289,dynamic/data,6
merged,289,static/data,2
merged,290,dynamic/data,12
merged,290,static/data,4
merged,291,dynamic/data,3
merged,291,static/data,1
merged,292,dynamic/data,3
merged,292,static/data,1
merged,293,dynamic/data,6
merged,293,static/data,2
merged,294,dynamic/data,6
merged,294,static/data,2
merged,295,dynamic/data,12
merged,295,static/data,4
merged,296,dynamic/data,12
merged,296,static/data,4
merged,297,dynamic/data,3
merged,297,static/data,1
merged,298,dynamic/data,6
merged,298,static/data,2
merged,299,dynamic/data,3
merged,299,static/data,1
merged,300,dynamic/data,6
merged,300,static/data,2
merged,301,dynamic/data,6
merged,301,static/data,2
merged,302,dynamic/data,6
merged,302,static/data,2
merged,303,dynamic/data,12
merged,303,static/data,4
merged,304,dynamic/data,12
merged,304,static/data,4
merged,305,dynamic/data,12
merged,305,static/data,4
merged,306,dynamic/data,6
merged,306,static/data,2
merged,307,dynamic/data,6
merged,307,static/data,2
merged,308,dynamic/data,3
merged,308,static/data,1
merged,309,dynamic/data,6
merged,309,static/data,2
merged,310,dynamic/data,12
merged,310,static/data,4
merged,311,dynamic/data,6
merged,311,static/data,2
merged,312,dynamic/data,12
merged,312,static/data,4
merged,313,dynamic/data,3
merged,313,static/data,1
merged,314,dynamic/data,6
merged,314,static/data,2
merged,315,dynamic/data,3
merged,315,static/data,1
merged,316,dynamic/data,12
merged,316,static/data,4
merged,317,dynamic/data,6
merged,317,static/data,2
merged,318,dynamic/data,12
merged,318,static/data,4
merged,319,dynamic/data,12
merged,319,static/data,4
merged,320,dynamic/data,12
merged,320,static/data,4
merged,321,dynamic/data,6
merged,321,static/data,2
merged,322,dynamic/data,3
merged,322,static/data,1
merged,323,dynamic/data,3
merged,323,static/data,1
merged,324,dynamic/data,6
merged,324,static/data,2
merged,325,dynamic/data,3
merged,325,static/data,1
merged,326,dynamic/data,12
merged,326,static/data,4
merged,327,dynamic/data,6
merged,327,static/data,2
merged,328,dynamic/data,6
merged,328,static/data,2
merged,329,dynamic/data,6
merged,329,static/data,2
merged,330,dynamic/data,3
merged,330,static/data,1
merged,331,dynamic/data,6
merged,331,static/data,2
merged,332,dynamic/data,6
merged,332,static/data,2
merged,333,dynamic/data,12
merged,333,static/data,4
merged,334,dynamic/data,12
merged,334,static/data,4
merged,335,dynamic/data,12
merged,335,static/data,4
merged,336,dynamic/data,6
merged,336,static/data,2
merged,337,dynamic/data,6
merged,337,static/data,2
merged,338,dynamic/data,3
merged,338,static/data,1
merged,339,dynamic/data,6
merged,339,static/data,2
merged,340,dynamic/data,6
merged,340,static/data,2
merged,341,dynamic/data,6
merged,341,static/data,2
merged,342,dynamic/data,6
merged,342,static/data,2
merged,343,dynamic/data,12
merged,343,static/data,4
merged,344,dynamic/data,6
merged,344,static/data,2
merged,345,dynamic/data,3
merged,345,static/data,1
merged,346,dynamic/data,12
merged,346,static/data,4
merged,347,dynamic/data,12
merged,347,static/data,4
merged,348,dynamic/data,6
merged,348,static/data,2
merged,349,dynamic/data,12
merged,349,static/data,4
merged,350,dynamic/data,12
merged,350,static/data,4
merged,351,dynamic/data,6
merged,351,static/data,2
merged,352,dynamic/data,12
merged,352,static/data,4
merged,353,dynamic/data,6
merged,353,static/data,2
merged,354,dynamic/data,6
merged,354,static/data,2
merged,355,dynamic/data,6
merged,355,static/data,2
merged,356,dynamic/data,3
merged,356,static/data,1
merged,357,dynamic/data,6
merged,357,static/data,2
merged,358,dynamic/data,3
merged,358,static/data,1
merged,359,dynamic/data,12
merged,359,static/data,4
merged,360,dynamic/data,3
merged,360,static/data,1
merged,361,dynamic/data,6
merged,361,static/data,2
merged,362,dynamic/data,6
merged,362,static/data,2
merged,363,dynamic/data,12
merged,363,static/data,4
merged,364,dynamic/data,6
merged,364,static/data,2
merged,365,dynamic/data,12
merged,365,static/data,4
merged,366,dynamic/data,3
merged,366,static/data,1
merged,367,dynamic/data,6
merged,367,static/data,2
merged,368,dynamic/data,12
merged,368,static/data,4
merged,369,dynamic/data,6
merged,369,static/data,2
merged,370,dynamic/data,6
merged,370,static/data,2
merged,371,dynamic/data,6
merged,371,static/data,2
merged,372,dynamic/data,3
merged,372,static/data,1
merged,373,dynamic/data,6
merged,373,static/data,2
merged,374,dynamic/data,12
merged,374,static/data,4
merged,375,dynamic/data,3
merged,375,static/data,1
merged,376,dynamic/data,12
merged,376,static/data,4
merged,377,dynamic/data,6
merged,377,static/data,2
merged,378,dynamic/data,6
merged,378,static/data,2
merged,379,dynamic/data,6
merged,379,static/data,2
merged,380,dynamic/data,6
merged,380,static/data,2
merged,381,dynamic/data,12
merged,381,static/data,4
merged,382,dynamic/data,12
merged,382,static/data,4
merged,383,dynamic/data,12
merged,383,static/data,4
merged,384,dynamic/data,6
merged,384,static/data,2
merged,385,dynamic/data,6
merged,385,static/data,2
merged,386,dynamic/data,6
merged,386,static/data,2
merged,387,dynamic/data,3
merged,387,static/data,1
merged,388,dynamic/data,6
merged,388,static/data,2
merged,389,dynamic/data,12
merged,389,static/data,4
merged,390,dynamic/data,12
merged,390,static/data,4
merged,391,dynamic/data,6
merged,391,static/data,2
merged,392,dynamic/data,6
merged,392,static/data,2
merged,393,dynamic/data,6
merged,393,static/data,2
merged,394,dynamic/data,12
merged,394,static/data,4
merged,395,dynamic/data,6
merged,395,static/data,2
merged,396,dynamic/data,6
merged,396,static/data,2
merged,397,dynamic/data,6
merged,397,static/data,2
merged,398,dynamic/data,6
merged,398,static/data,2
merged,399,dynamic/data,12
merged,399,static/data,4
merged,400,dynamic/data,12
merged,400,static/data,4
merged,401,dynamic/data,6
merged,401,static/data,2
merged,402,dynamic/data,6
merged,402,static/data,2
merged,403,dynamic/data,12
merged,403,static/data,4
merged,404,dynamic/data,6
merged,404,static/data,2
merged,405,dynamic/data,12
merged,405,static/data,4
merged,406,dynamic/data,3
merged,406,static/data,1
merged,407,dynamic/data,3
merged,407,static/data,1
merged,408,dynamic/data,6
merged,408,static/data,2
merged,409,dynamic/data,12
merged,409,static/data,4
merged,410,dynamic/data,12
merged,410,static/data,4
merged,411,dynamic/data,6
merged,411,static/data,2
merged,412,dynamic/data,12
merged,412,static/data,4
merged,413,dynamic/data,6
merged,413,static/data,2
merged,414,dynamic/data,3
merged,414,static/data,1
merged,415,dynamic/data,3
merged,415,static/data,1
merged,416,dynamic/data,6
merged,416,static/data,2
merged,417,dynamic/data,6
merged,417,static/data,2
merged,418,dynamic/data,6
merged,418,static/data,2
merged,419,dynamic/data,6
merged,419,static/data,2
merged,420,dynamic/data,6
merged,420,static/data,2
merged,421,dynamic/data,6
merged,421,static/data,2
merged,422,dynamic/data,12
merged,422,static/data,4
merged,423,dynamic/data,6
merged,423,static/data,2
merged,424,dynamic/data,6
merged,424,static/data,2
merged,425,dynamic/data,6
merged,425,static/data,2
merged,426,dynamic/data,3
merged,426,static/data,1
merged,427,dynamic/data,3
merged,427,static/data,1
merged,428,dynamic/data,3
merged,428,static/data,1
merged,429,dynamic/data,12
merged,429,static/data,4
merged,430,dynamic/data,6
merged,430,static/data,2
merged,431,dynamic/data,6
merged,431,static/data,2
merged,432,dynamic/data,12
merged,432,static/data,4
merged,433,dynamic/data,6
merged,433,static/data,2
merged,434,dynamic/data,6
merged,434,static/data,2
merged,435,dynamic/data,12
merged,435,static/data,4
merged,436,dynamic/data,6
merged,436,static/data,2
merged,437,dynamic/data,6
merged,437,static/data,2
merged,438,dynamic/data,6
merged,438,static/data,2
merged,439,dynamic/data,6
merged,439,static/data,2
merged,440,dynamic/data,6
merged,440,static/data,2
merged,441,dynamic/data,6
merged,441,static/data,2
merged,442,dynamic/data,6
merged,442,static/data,2
merged,443,dynamic/data,6
merged,443,static/data,2
merged,444,dynamic/data,6
merged,444,static/data,2
merged,445,dynamic/data,6
merged,445,static/data,2
merged,446,dynamic/data,12
merged,446,static/data,4
merged,447,dynamic/data,6
merged,447,static/data,2
merged,448,dynamic/data,12
merged,448,static/data,4
merged,449,dynamic/data,6
merged,449,static/data,2
merged,450,dynamic/data,3
merged,450,static/data,1
merged,451,dynamic/data,6
merged,451,static/data,2
merged,452,dynamic/data,6
merged,452,static/data,2
merged,453,dynamic/data,6
merged,453,static/data,2
merged,454,dynamic/data,6
merged,454,static/data,2
merged,455,dynamic/data,6
merged,455,static/data,2
merged,456,dynamic/data,6
merged,456,static/data,2
merged,457,dynamic/data,6
merged,457,static/data,2
merged,458,dynamic/data,12
merged,458,static/data,4
merged,459,dynamic/data,6
merged,459,static/data,2
merged,460,dynamic/data,6
merged,460,static/data,2
merged,461,dynamic/data,6
merged,461,static/data,2
merged,462,dynamic/data,3
merged,462,static/data,1
merged,463,dynamic/data,3
merged,463,static/data,1
merged,464,dynamic/data,3
merged,464,static/data,1
merged,465,dynamic/data,6
merged,465,static/data,2
merged,466,dynamic/data,12
merged,466,static/data,4
merged,467,dynamic/data,12
merged,467,static/data,4
merged,468,dynamic/data,12
merged,468,static/data,4
merged,469,dynamic/data,6
merged,469,static/data,2
merged,470,dynamic/data,3
merged,470,static/data,1
merged,471,dynamic/data,6
merged,471,static/data,2
merged,472,dynamic/data,6
merged,472,static/data,2
merged,473,dynamic/data,12
merged,473,static/data,4
merged,474,dynamic/data,6
merged,474,static/data,2
merged,475,dynamic/data,6
merged,475,static/data,2
merged,476,dynamic/data,6
merged,476,static/data,2
merged,477,dynamic/data,6
merged,477,static/data,2
merged,478,dynamic/data,12
merged,478,static/data,4
merged,479,dynamic/data,6
merged,479,static/data,2
merged,480,dynamic/data,12
merged,480,static/data,4
merged,481,dynamic/data,6
merged,481,static/data,2
merged,482,dynamic/data,6
merged,482,static/data,2
merged,483,dynamic/data,6
merged,483,static/data,2
merged,484,dynamic/data,3
merged,484,static/data,1
merged,485,dynamic/data,3
merged,485,static/data,1
merged,486,dynamic/data,3
merged,486,static/data,1
merged,487,dynamic/data,6
merged,487,static/data,2
merged,488,dynamic/data,6
merged,488,static/data,2
merged,489,dynamic/data,12
merged,489,static/data,4
merged,490,dynamic/data,12
merged,490,static/data,4
merged,491,dynamic/data,3
merged,491,static/data,1
merged,492,dynamic/data,6
merged,492,static/data,2
merged,493,dynamic/data,12
merged,493,static/data,4
merged,494,dynamic/data,12
merged,494,static/data,4
merged,495,dynamic/data,12
merged,495,static/data,4
merged,496,dynamic/data,6
merged,496,static/data,2
merged,497,dynamic/data,12
merged,497,static/data,4
merged,498,dynamic/data,6
merged,498,static/data,2
merged,499,dynamic/data,6
merged,499,static/data,2
merged,500,dynamic/data,12
merged,500,static/data,4
merged,501,dynamic/data,3
merged,501,static/data,1
merged,502,dynamic/data,3
merged,502,static/data,1
merged,503,dynamic/data,6
merged,503,static/data,2
merged,504,dynamic/data,6
merged,504,static/data,2
merged,505,dynamic/data,6
merged,505,static/data,2
merged,506,dynamic/data,6
merged,506,static/data,2
merged,507,dynamic/data,6
merged,507,static/data,2
merged,508,dynamic/data,12
merged,508,static/data,4
merged,509,dynamic/data,3
merged,509,static/data,1
merged,510,dynamic/data,3
merged,510,static/data,1
merged,511,dynamic/data,12
merged,511,static/data,4
merged,512,dynamic/data,3
merged,512,static/data,1
merged,513,dynamic/data,6
merged,513,static/data,2
merged,514,dynamic/data,6
merged,514,static/data,2
merged,515,dynamic/data,6
merged,515,static/data,2
merged,516,dynamic/data,3
merged,516,static/data,1
merged,517,dynamic/data,6
merged,517,static/data,2
merged,518,dynamic/data,6
merged,518,static/data,2
merged,519,dynamic/data,12
merged,519,static/data,4
merged,520,dynamic/data,12
merged,520,static/data,4
merged,521,dynamic/data,6
merged,521,static/data,2
merged,522,dynamic/data,6
merged,522,static/data,2
merged,523,dynamic/data,12
merged,523,static/data,4
merged,524,dynamic/data,6
merged,524,static/data,2
merged,525,dynamic/data,3
merged,525,static/data,1
merged,526,dynamic/data,6
merged,526,static/data,2
merged,527,dynamic/data,6
merged,527,static/data,2
merged,528,dynamic/data,6
merged,528,static/data,2
merged,529,dynamic/data,3
merged,529,static/data,1
merged,530,dynamic/data,6
merged,530,static/data,2
merged,531,dynamic/data,6
merged,531,static/data,2
merged,532,dynamic/data,6
merged,532,static/data,2
merged,533,dynamic/data,12
merged,533,static/data,4
merged,534,dynamic/data,12
merged,534,static/data,4
merged,535,dynamic/data,6
merged,535,static/data,2
merged,536,dynamic/data,6
merged,536,static/data,2
merged,537,dynamic/data,12
merged,537,static/data,4
merged,538,dynamic/data,12
merged,538,static/data,4
merged,539,dynamic/data,6
merged,539,static/data,2
merged,540,dynamic/data,6
merged,540,static/data,2
merged,541,dynamic/data,12
merged,541,static/data,4
merged,542,dynamic/data,6
merged,542,static/data,2
merged,543,dynamic/data,3
merged,543,static/data,1
merged,544,dynamic/data,12
merged,544,static/data,4
merged,545,dynamic/data,6
merged,545,static/data,2
merged,546,dynamic/data,12
merged,546,static/data,4
merged,547,dynamic/data,12
merged,547,static/data,4
merged,548,dynamic/data,12
merged,548,static/data,4
merged,549,dynamic/data,6
merged,549,static/data,2
merged,550,dynamic/data,12
merged,550,static/data,4
merged,551,dynamic/data,6
merged,551,static/data,2
merged,552,dynamic/data,3
merged,552,static/data,1
merged,553,dynamic/data,6
merged,553,static/data,2
merged,554,dynamic/data,12
merged,554,static/data,4
merged,555,dynamic/data,3
merged,555,static/data,1
merged,556,dynamic/data,12
merged,556,static/data,4
merged,557,dynamic/data,3
merged,557,static/data,1
merged,558,dynamic/data,6
merged,558,static/data,2
merged,559,dynamic/data,12
merged,559,static/data,4
merged,560,dynamic/data,3
merged,560,static/data,1
merged,561,dynamic/data,6
merged,561,static/data,2
merged,562,dynamic/data,12
merged,562,static/data,4
merged,563,dynamic/data,6
merged,563,static/data,2
merged,564,dynamic/data,3
merged,564,static/data,1
merged,565,dynamic/data,6
merged,565,static/data,2
merged,566,dynamic/data,12
merged,566,static/data,4
merged,567,dynamic/data,3
merged,567,static/data,1
merged,568,dynamic/data,6
merged,568,static/data,2
merged,569,dynamic/data,6
merged,569,static/data,2
merged,570,dynamic/data,6
merged,570,static/data,2
merged,571,dynamic/data,3
merged,571,static/data,1
merged,572,dynamic/data,3
merged,572,static/data,1
merged,573,dynamic/data,3
merged,573,static/data,1
merged,574,dynamic/data,12
merged,574,static/data,4
merged,575,dynamic/data,3
merged,575,static/data,1
merged,576,dynamic/data,3
merged,576,static/data,1
merged,577,dynamic/data,6
merged,577,static/data,2
merged,578,dynamic/data,6
merged,578,static/data,2
merged,579,dynamic/data,3
merged,579,static/data,1
merged,580,dynamic/data,12
merged,580,static/data,4
merged,581,dynamic/data,3
merged,581,static/data,1
merged,582,dynamic/data,12
merged,582,static/data,4
merged,583,dynamic/data,6
merged,583,static/data,2
merged,584,dynamic/data,3
merged,584,static/data,1
merged,585,dynamic/data,6
merged,585,static/data,2
merged,586,dynamic/data,6
merged,586,static/data,2
merged,587,dynamic/data,6
merged,587,static/data,2
merged,588,dynamic/data,6
merged,588,static/data,2
merged,589,dynamic/data,3
merged,589,static/data,1
merged,590,dynamic/data,6
merged,590,static/data,2
merged,591,dynamic/data,12
merged,591,static/data,4
merged,592,dynamic/data,6
merged,592,static/data,2
merged,593,dynamic/data,6
merged,593,static/data,2
merged,594,dynamic/data,3
merged,594,static/data,1
merged,595,dynamic/data,3
merged,595,static/data,1
merged,596,dynamic/data,6
merged,596,static/data,2
merged,597,dynamic/data,6
merged,597,static/data,2
merged,598,dynamic/data,6
merged,598,static/data,2
merged,599,dynamic/data,3
merged,599,static/data,1
merged,600,dynamic/data,3
merged,600,static/data,1
merged,601,dynamic/data,12
merged,601,static/data,4
merged,602,dynamic/data,6
merged,602,static/data,2
merged,603,dynamic/data,12
merged,603,static/data,4
merged,604,dynamic/data,3
merged,604,static/data,1
merged,605,dynamic/data,6
merged,605,static/data,2
merged,606,dynamic/data,3
merged,606,static/data,1
merged,607,dynamic/data,6
merged,607,static/data,2
merged,608,dynamic/data,12
merged,608,static/data,4
merged,609,dynamic/data,6
merged,609,static/data,2
merged,610,dynamic/data,6
merged,610,static/data,2
merged,611,dynamic/data,3
merged,611,static/data,1
merged,612,dynamic/data,3
merged,612,static/data,1
merged,613,dynamic/data,6
merged,613,static/data,2
merged,614,dynamic/data,6
merged,614,static/data,2
merged,615,dynamic/data,3
merged,615,static/data,1
merged,616,dynamic/data,6
merged,616,static/data,2
merged,617,dynamic/data,12
merged,617,static/data,4
merged,618,dynamic/data,12
merged,618,static/data,4
merged,619,dynamic/data,6
merged,619,static/data,2
merged,620,dynamic/data,3
merged,620,static/data,1
merged,621,dynamic/data,12
merged,621,static/data,4
merged,622,dynamic/data,6
merged,622,static/data,2
merged,623,dynamic/data,12
merged,623,static/data,4
merged,624,dynamic/data,6
merged,624,static/data,2
merged,625,dynamic/data,6
merged,625,static/data,2
merged,626,dynamic/data,12
merged,626,static/data,4
merged,627,dynamic/data,6
merged,627,static/data,2
merged,628,dynamic/data,6
merged,628,static/data,2
merged,629,dynamic/data,6
merged,629,static/data,2
merged,630,dynamic/data,6
merged,630,static/data,2
merged,631,dynamic/data,12
merged,631,static/data,4
merged,632,dynamic/data,12
merged,632,static/data,4
merged,633,dynamic/data,12
merged,633,static/data,4
merged,634,dynamic/data,3
merged,634,static/data,1
merged,635,dynamic/data,3
merged,635,static/data,1
merged,636,dynamic/data,6
merged,636,static/data,2
merged,637,dynamic/data,6
merged,637,static/data,2
merged,638,dynamic/data,12
merged,638,static/data,4
merged,639,dynamic/data,12
merged,639,static/data,4
merged,640,dynamic/data,6
merged,640,static/data,2
merged,641,dynamic/data,12
merged,641,static/data,4
merged,642,dynamic/data,6
merged,642,static/data,2
merged,643,dynamic/data,12
merged,643,static/data,4
merged,644,dynamic/data,3
merged,644,static/data,1
merged,645,dynamic/data,3
merged,645,static/data,1
merged,646,dynamic/data,12
merged,646,static/data,4
merged,647,dynamic/data,3
merged,647,static/data,1
merged,648,dynamic/data,12
merged,648,static/data,4
merged,649,dynamic/data,12
merged,649,static/data,4
merged,650,dynamic/data,6
merged,650,static/data,2
merged,651,dynamic/data,6
merged,651,static/data,2
merged,652,dynamic/data,3
merged,652,static/data,1
merged,653,dynamic/data,6
merged,653,static/data,2
merged,654,dynamic/data,6
merged,654,static/data,2
merged,655,dynamic/data,3
merged,655,static/data,1
merged,656,dynamic/data,6
merged,656,static/data,2
merged,657,dynamic/data,6
merged,657,static/data,2
merged,658,dynamic/data,6
merged,658,static/data,2
merged,659,dynamic/data,6
merged,659,static/data,2
merged,660,dynamic/data,6
merged,660,static/data,2
merged,661,dynamic/data,6
merged,661,static/data,2
merged,662,dynamic/data,6
merged,662,static/data,2
merged,663,dynamic/data,12
merged,663,static/data,4
merged,664,dynamic/data,12
merged,664,static/data,4
merged,665,dynamic/data,12
merged,665,static/data,4
merged,666,dynamic/data,3
merged,666,static/data,1
merged,667,dynamic/data,12
merged,667,static/data,4
merged,668,dynamic/data,12
merged,668,static/data,4
merged,669,dynamic/data,6
merged,669,static/data,2
merged,670,dynamic/data,6
merged,670,static/data,2
merged,671,dynamic/data,12
merged,671,static/data,4
merged,672,dynamic/data,3
merged,672,static/data,1
merged,673,dynamic/data,12
merged,673,static/data,4
merged,674,dynamic/data,6
merged,674,static/data,2
merged,675,dynamic/data,6
merged,675,static/data,2
merged,676,dynamic/data,3
merged,676,static/data,1
merged,677,dynamic/data,6
merged,677,static/data,2
merged,678,dynamic/data,3
merged,678,static/data,1
merged,679,dynamic/data,6
merged,679,static/data,2
merged,680,dynamic/data,6
merged,680,static/data,2
merged,681,dynamic/data,6
merged,681,static/data,2
merged,682,dynamic/data,6
merged,682,static/data,2
merged,683,dynamic/data,3
merged,683,static/data,1
merged,684,dynamic/data,6
merged,684,static/data,2
merged,685,dynamic/data,12
merged,685,static/data,4
merged,686,dynamic/data,6
merged,686,static/data,2
merged,687,dynamic/data,3
merged,687,static/data,1
merged,688,dynamic/data,3
merged,688,static/data,1
merged,689,dynamic/data,6
merged,689,static/data,2
merged,690,dynamic/data,6
merged,690,static/data,2
merged,691,dynamic/data,6
merged,691,static/data,2
merged,692,dynamic/data,12
merged,692,static/data,4
merged,693,dynamic/data,6
merged,693,static/data,2
merged,694,dynamic/data,3
merged,694,static/data,1
merged,695,dynamic/data,3
merged,695,static/data,1
merged,696,dynamic/data,6
merged,696,static/data,2
merged,697,dynamic/data,6
merged,697,static/data,2
merged,698,dynamic/data,3
merged,698,static/data,1
merged,699,dynamic/data,12
merged,699,static/data,4
merged,700,dynamic/data,3
merged,700,static/data,1
merged,701,dynamic/data,6
merged,701,static/data,2
merged,702,dynamic/data,12
merged,702,static/data,4
merged,703,dynamic/data,3
merged,703,static/data,1
merged,704,dynamic/data,12
merged,704,static/data,4
merged,705,dynamic/data,12
merged,705,static/data,4
merged,706,dynamic/data,3
merged,706,static/data,1
merged,707,dynamic/data,3
merged,707,static/data,1
merged,708,dynamic/data,6
merged,708,static/data,2
merged,709,dynamic/data,3
merged,709,static/data,1
merged,710,dynamic/data,12
merged,710,static/data,4
merged,711,dynamic/data,3
merged,711,static/data,1
merged,712,dynamic/data,3
merged,712,static/data,1
merged,713,dynamic/data,6
merged,713,static/data,2
merged,714,dynamic/data,12
merged,714,static/data,4
merged,715,dynamic/data,12
merged,715,static/data,4
merged,716,dynamic/data,6
merged,716,static/data,2
merged,717,dynamic/data,6
merged,717,static/data,2
merged,718,dynamic/data,12
merged,718,static/data,4
merged,719,dynamic/data,6
merged,719,static/data,2
merged,720,dynamic/data,6
merged,720,static/data,2
merged,721,dynamic/data,6
merged,721,static/data,2
merged,722,dynamic/data,12
merged,722,static/data,4
merged,723,dynamic/data,6
merged,723,static/data,2
merged,724,dynamic/data,3
merged,724,static/data,1
merged,725,dynamic/data,3
merged,725,static/data,1
merged,726,dynamic/data,6
merged,726,static/data,2
merged,727,dynamic/data,6
merged,727,static/data,2
merged,728,dynamic/data,3
merged,728,static/data,1
merged,729,dynamic/data,12
merged,729,static/data,4
merged,730,dynamic/data,12
merged,730,static/data,4
merged,731,dynamic/data,6
merged,731,static/data,2
merged,732,dynamic/data,12
merged,732,static/data,4
merged,733,dynamic/data,12
merged,733,static/data,4
merged,734,dynamic/data,6
merged,734,static/data,2
merged,735,dynamic/data,6
merged,735,static/data,2
merged,736,dynamic/data,3
merged,736,static/data,1
merged,737,dynamic/data,6
merged,737,static/data,2
merged,738,dynamic/data,6
merged,738,static/data,2
merged,739,dynamic/data,6
merged,739,static/data,2
merged,740,dynamic/data,3
merged,740,static/data,1
merged,741,dynamic/data,6
merged,741,static/data,2
merged,742,dynamic/data,12
merged,742,static/data,4
merged,743,dynamic/data,3
merged,743,static/data,1
merged,744,dynamic/data,12
merged,744,static/data,4
merged,745,dynamic/data,6
merged,745,static/data,2
merged,746,dynamic/data,6
merged,746,static/data,2
merged,747,dynamic/data,6
merged,747,static/data,2
merged,748,dynamic/data,3
merged,748,static/data,1
merged,749,dynamic/data,3
merged,749,static/data,1
merged,750,dynamic/data,6
merged,750,static/data,2
merged,751,dynamic/data,6
merged,751,static/data,2
merged,752,dynamic/data,6
merged,752,static/data,2
merged,753,dynamic/data,6
merged,753,static/data,2
merged,754,dynamic/data,3
merged,754,static/data,1
merged,755,dynamic/data,6
merged,755,static/data,2
merged,756,dynamic/data,6
merged,756,static/data,2
merged,757,dynamic/data,3
merged,757,static/data,1
merged,758,dynamic/data,6
merged,758,static/data,2
merged,759,dynamic/data,3
merged,759,static/data,1
merged,760,dynamic/data,6
merged,760,static/data,2
merged,761,dynamic/data,12
merged,761,static/data,4
merged,762,dynamic/data,3
merged,762,static/data,1
merged,763,dynamic/data,12
merged,763,static/data,4
merged,764,dynamic/data,12
merged,764,static/data,4
merged,765,dynamic/data,3
merged,765,static/data,1
merged,766,dynamic/data,3
merged,766,static/data,1
merged,767,dynamic/data,3
merged,767,static/data,1
merged,768,dynamic/data,6
merged,768,static/data,2
merged,769,dynamic/data,6
merged,769,static/data,2
merged,770,dynamic/data,6
merged,770,static/data,2
merged,771,dynamic/data,6
merged,771,static/data,2
merged,772,dynamic/data,6
merged,772,static/data,2
merged,773,dynamic/data,6
merged,773,static/data,2
merged,774,dynamic/data,6
merged,774,static/data,2
merged,775,dynamic/data,6
merged,775,static/data,2
merged,776,dynamic/data,6
merged,776,static/data,2
merged,777,dynamic/data,3
merged,777,static/data,1
merged,778,dynamic/data,12
merged,778,static/data,4
merged,779,dynamic/data,6
merged,779,static/data,2
merged,780,dynamic/data,12
merged,780,static/data,4
merged,781,dynamic/data,3
merged,781,static/data,1
merged,782,dynamic/data,6
merged,782,static/data,2
merged,783,dynamic/data,12
merged,783,static/data,4
merged,784,dynamic/data,6
merged,784,static/data,2
merged,785,dynamic/data,6
merged,785,static/data,2
merged,786,dynamic/data,6
merged,786,static/data,2
merged,787,dynamic/data,6
merged,787,static/data,2
merged,788,dynamic/data,3
merged,788,static/data,1
merged,789,dynamic/data,3
merged,789,static/data,1
merged,790,dynamic/data,6
merged,790,static/data,2
merged,791,dynamic/data,6
merged,791,static/data,2
merged,792,dynamic/data,6
merged,792,static/data,2
merged,793,dynamic/data,6
merged,793,static/data,2
merged,794,dynamic/data,6
merged,794,static/data,2
merged,795,dynamic/data,3
merged,795,static/data,1
merged,796,dynamic/data,6
merged,796,static/data,2
merged,797,dynamic/data,12
merged,797,static/data,4
merged,798,dynamic/data,12
merged,798,static/data,4
merged,799,dynamic/data,6
merged,799,static/data,2
merged,800,dynamic/data,6
merged,800,static/data,2
merged,801,dynamic/data,6
merged,801,static/data,2
merged,802,dynamic/data,12
merged,802,static/data,4
merged,803,dynamic/data,6
merged,803,static/data,2
merged,804,dynamic/data,12
merged,804,static/data,4
merged,805,dynamic/data,3
merged,805,static/data,1
merged,806,dynamic/data,3
merged,806,static/data,1
merged,807,dynamic/data,12
merged,807,static/data,4
merged,808,dynamic/data,6
merged,808,static/data,2
merged,809,dynamic/data,6
merged,809,static/data,2
merged,810,dynamic/data,3
merged,810,static/data,1
merged,811,dynamic/data,6
merged,811,static/data,2
merged,812,dynamic/data,6
merged,812,static/data,2
merged,813,dynamic/data,3
merged,813,static/data,1
merged,814,dynamic/data,12
merged,814,static/data,4
merged,815,dynamic/data,12
merged,815,static/data,4
merged,816,dynamic/data,3
merged,816,static/data,1
merged,817,dynamic/data,6
merged,817,static/data,2
merged,818,dynamic/data,3
merged,818,static/data,1
merged,819,dynamic/data,6
merged,819,static/data,2
merged,820,dynamic/data,6
merged,820,static/data,2
merged,821,dynamic/data,3
merged,821,static/data,1
merged,822,dynamic/data,3
merged,822,static/data,1
merged,823,dynamic/data,3
merged,823,static/data,1
merged,824,dynamic/data,12
merged,824,static/data,4
merged,825,dynamic/data,6
merged,825,static/data,2
merged,826,dynamic/data,3
merged,826,static/data,1
merged,827,dynamic/data,12
merged,827,static/data,4
merged,828,dynamic/data,6
merged,828,static/data,2
merged,829,dynamic/data,3
merged,829,static/data,1
merged,830,dynamic/data,3
merged,830,static/data,1
merged,831,dynamic/data,12
merged,831,static/data,4
merged,832,dynamic/data,6
merged,832,static/data,2
merged,833,dynamic/data,6
merged,833,static/data,2
merged,834,dynamic/data,6
merged,834,static/data,2
merged,835,dynamic/data,6
merged,835,static/data,2
merged,836,dynamic/data,6
merged,836,static/data,2
merged,837,dynamic/data,3
merged,837,static/data,1
merged,838,dynamic/data,3
merged,838,static/data,1
merged,839,dynamic/data,6
merged,839,static/data,2
merged,840,dynamic/data,3
merged,840,static/data,1
merged,841,dynamic/data,12
merged,841,static/data,4
merged,842,dynamic/data,6
merged,842,static/data,2
merged,843,dynamic/data,12
merged,843,static/data,4
merged,844,dynamic/data,3
merged,844,static/data,1
merged,845,dynamic/data,12
merged,845,static/data,4
merged,846,dynamic/data,6
merged,846,static/data,2
merged,847,dynamic/data,6
merged,847,static/data,2
merged,848,dynamic/data,6
merged,848,static/data,2
merged,849,dynamic/data,12
merged,849,static/data,4
merged,850,dynamic/data,3
merged,850,static/data,1
merged,851,dynamic/data,6
merged,851,static/data,2
merged,852,dynamic/data,12
merged,852,static/data,4
merged,853,dynamic/data,6
merged,853,static/data,2
merged,854,dynamic/data,12
merged,854,static/data,4
merged,855,dynamic/data,6
merged,855,static/data,2
merged,856,dynamic/data,3
merged,856,static/data,1
merged,857,dynamic/data,3
merged,857,static/data,1
merged,858,dynamic/data,3
merged,858,static/data,1
merged,859,dynamic/data,3
merged,859,static/data,1
merged,860,dynamic/data,12
merged,860,static/data,4
merged,861,dynamic/data,3
merged,861,static/data,1
merged,862,dynamic/data,3
merged,862,static/data,1
merged,863,dynamic/data,6
merged,863,static/data,2
merged,864,dynamic/data,6
merged,864,static/data,2
merged,865,dynamic/data,6
merged,865,static/data,2
merged,866,dynamic/data,6
merged,866,static/data,2
merged,867,dynamic/data,6
merged,867,static/data,2
merged,868,dynamic/data,3
merged,868,static/data,1
merged,869,dynamic/data,12
merged,869,static/data,4
merged,870,dynamic/data,6
merged,870,static/data,2
merged,871,dynamic/data,6
merged,871,static/data,2
merged,872,dynamic/data,3
merged,872,static/data,1
merged,873,dynamic/data,6
merged,873,static/data,2
merged,874,dynamic/data,12
merged,874,static/data,4
merged,875,dynamic/data,6
merged,875,static/data,2
merged,876,dynamic/data,6
merged,876,static/data,2
merged,877,dynamic/data,6
merged,877,static/data,2
merged,878,dynamic/data,6
merged,878,static/data,2
merged,879,dynamic/data,6
merged,879,static/data,2
merged,880,dynamic/data,3
merged,880,static/data,1
merged,881,dynamic/data,3
merged,881,static/data,1
merged,882,dynamic/data,6
merged,882,static/data,2
merged,883,dynamic/data,6
merged,883,static/data,2
merged,884,dynamic/data,12
merged,884,static/data,4
merged,885,dynamic/data,6
merged,885,static/data,2
merged,886,dynamic/data,3
merged,886,static/data,1
merged,887,dynamic/data,12
merged,887,static/data,4
merged,888,dynamic/data,3
merged,888,static/data,1
merged,889,dynamic/data,3
merged,889,static/data,1
merged,890,dynamic/data,6
merged,890,static/data,2
merged,891,dynamic/data,6
merged,891,static/data,2
merged,892,dynamic/data,3
merged,892,static/data,1
merged,893,dynamic/data,12
merged,893,static/data,4
merged,894,dynamic/data,12
merged,894,static/data,4
merged,895,dynamic/data,3
merged,895,static/data,1
merged,896,dynamic/data,6
merged,896,static/data,2
merged,897,dynamic/data,6
merged,897,static/data,2
merged,898,dynamic/data,6
merged,898,static/data,2
merged,899,dynamic/data,6
merged,899,static/data,2
merged,900,dynamic/data,3
merged,900,static/data,1
merged,901,dynamic/data,3
merged,901,static/data,1
merged,902,dynamic/data,6
merged,902,static/data,2
merged,903,dynamic/data,12
merged,903,static/data,4
merged,904,dynamic/data,3
merged,904,static/data,1
merged,905,dynamic/data,6
merged,905,static/data,2
merged,906,dynamic/data,12
merged,906,static/data,4
merged,907,dynamic/data,12
merged,907,static/data,4
merged,908,dynamic/data,6
merged,908,static/data,2
merged,909,dynamic/data,3
merged,909,static/data,1
merged,910,dynamic/data,12
merged,910,static/data,4
merged,911,dynamic/data,6
merged,911,static/data,2
merged,912,dynamic/data,6
merged,912,static/data,2
merged,913,dynamic/data,3
merged,913,static/data,1
merged,914,dynamic/data,3
merged,914,static/data,1
merged,915,dynamic/data,6
merged,915,static/data,2
merged,916,dynamic/data,6
merged,916,static/data,2
merged,917,dynamic/data,12
merged,917,static/data,4
merged,918,dynamic/data,12
merged,918,static/data,4
merged,919,dynamic/data,12
merged,919,static/data,4
merged,920,dynamic/data,12
merged,920,static/data,4
merged,921,dynamic/data,6
merged,921,static/data,2
merged,922,dynamic/data,6
merged,922,static/data,2
merged,923,dynamic/data,6
merged,923,static/data,2
merged,924,dynamic/data,3
merged,924,static/data,1
merged,925,dynamic/data,6
merged,925,static/data,2
merged,926,dynamic/data,3
merged,926,static/data,1
merged,927,dynamic/data,6
merged,927,static/data,2
merged,928,dynamic/data,6
merged,928,static/data,2
merged,929,dynamic/data,6
merged,929,static/data,2
merged,930,dynamic/data,3
merged,930,static/data,1
merged,931,dynamic/data,6
merged,931,static/data,2
merged,932,dynamic/data,6
merged,932,static/data,2
merged,933,dynamic/data,3
merged,933,static/data,1
merged,934,dynamic/data,3
merged,934,static/data,1
merged,935,dynamic/data,12
merged,935,static/data,4
merged,936,dynamic/data,3
merged,936,static/data,1
merged,937,dynamic/data,6
merged,937,static/data,2
merged,938,dynamic/data,3
merged,938,static/data,1
merged,939,dynamic/data,6
merged,939,static/data,2
merged,940,dynamic/data,12
merged,940,static/data,4
merged,941,dynamic/data,3
merged,941,static/data,1
merged,942,dynamic/data,6
merged,942,static/data,2
merged,943,dynamic/data,12
merged,943,static/data,4
merged,944,dynamic/data,6
merged,944,static/data,2
merged,945,dynamic/data,12
merged,945,static/data,4
merged,946,dynamic/data,6
merged,946,static/data,2
merged,947,dynamic/data,6
merged,947,static/data,2
merged,948,dynamic/data,3
merged,948,static/data,1
merged,949,dynamic/data,6
merged,949,static/data,2
merged,950,dynamic/data,12
merged,950,static/data,4
merged,951,dynamic/data,12
merged,951,static/data,4
merged,952,dynamic/data,12
merged,952,static/data,4
merged,953,dynamic/data,12
merged,953,static/data,4
merged,954,dynamic/data,3
merged,954,static/data,1
merged,955,dynamic/data,12
merged,955,static/data,4
merged,956,dynamic/data,3
merged,956,static/data,1
merged,957,dynamic/data,3
merged,957,static/data,1
merged,958,dynamic/data,6
merged,958,static/data,2
merged,959,dynamic/data,6
merged,959,static/data,2
merged,960,dynamic/data,6
merged,960,static/data,2
merged,961,dynamic/data,3
merged,961,static/data,1
merged,962,dynamic/data,6
merged,962,static/data,2
merged,963,dynamic/data,6
merged,963,static/data,2
merged,964,dynamic/data,12
merged,964,static/data,4
merged,965,dynamic/data,3
merged,965,static/data,1
merged,966,dynamic/data,3
merged,966,static/data,1
merged,967,dynamic/data,12
merged,967,static/data,4
merged,968,dynamic/data,6
merged,968,static/data,2
merged,969,dynamic/data,6
merged,969,static/data,2
merged,970,dynamic/data,6
merged,970,static/data,2
merged,971,dynamic/data,6
merged,971,static/data,2
merged,972,dynamic/data,3
merged,972,static/data,1
merged,973,dynamic/data,3
merged,973,static/data,1
merged,974,dynamic/data,6
merged,974,static/data,2
merged,975,dynamic/data,12
merged,975,static/data,4
merged,976,dynamic/data,6
merged,976,static/data,2
merged,977,dynamic/data,12
merged,977,static/data,4
merged,978,dynamic/data,6
merged,978,static/data,2
merged,979,dynamic/data,3
merged,979,static/data,1
merged,980,dynamic/data,6
merged,980,static/data,2
merged,981,dynamic/data,12
merged,981,static/data,4
merged,982,dynamic/data,6
merged,982,static/data,2
merged,983,dynamic/data,6
merged,983,static/data,2
merged,984,dynamic/data,6
merged,984,static/data,2
merged,985,dynamic/data,12
merged,985,static/data,4
merged,986,dynamic/data,6
merged,986,static/data,2
merged,987,dynamic/data,12
merged,987,static/data,4
merged,988,dynamic/data,6
merged,988,static/data,2
merged,989,dynamic/data,6
merged,989,static/data,2
merged,990,dynamic/data,6
merged,990,static/data,2
merged,991,dynamic/data,3
merged,991,static/data,1
merged,992,dynamic/data,3
merged,992,static/data,1
merged,993,dynamic/data,12
merged,993,static/data,4
merged,994,dynamic/data,12
merged,994,static/data,4
merged,995,dynamic/data,6
merged,995,static/data,2
merged,996,dynamic/data,6
merged,996,static/data,2
merged,997,dynamic/data,6
merged,997,static/data,2
merged,998,dynamic/data,12
merged,998,static/data,4
merged,999,dynamic/data,6
merged,999,static/data,2
