[2026-06-16 05:41:08,948][root][INFO] - Recurrent UNet Model Successfully Configured and Initialized.
[2026-06-16 05:41:08,964][root][INFO] - Starting from scratch (no valid checkpoint provided).
[2026-06-16 05:41:13,929][root][INFO] - Train: 4480000 samples, Val: 640000 samples
[2026-06-16 05:41:15,192][root][INFO] - Starting training from epoch 1
[2026-06-16 05:41:35,737][root][INFO] - Epoch [1/5], Batch [1/300], Loss: 2.1632 (Overall: 2.1473, Change: 2.1790), TF Ratio: 1.000
[2026-06-16 05:41:35,891][root][INFO] - Epoch [1/5], Batch [2/300], Loss: 2.1749 (Overall: 2.2125, Change: 2.1607), TF Ratio: 1.000
[2026-06-16 05:41:36,045][root][INFO] - Epoch [1/5], Batch [3/300], Loss: 2.1394 (Overall: 2.0461, Change: 2.0904), TF Ratio: 0.999
[2026-06-16 05:41:36,739][root][INFO] - Epoch [1/5], Batch [4/300], Loss: 2.1153 (Overall: 2.1704, Change: 1.9155), TF Ratio: 0.999
[2026-06-16 05:41:36,893][root][INFO] - Epoch [1/5], Batch [5/300], Loss: 2.0919 (Overall: 1.8161, Change: 2.1803), TF Ratio: 0.999
[2026-06-16 05:41:37,047][root][INFO] - Epoch [1/5], Batch [6/300], Loss: 2.0489 (Overall: 1.7456, Change: 1.9226), TF Ratio: 0.999
[2026-06-16 05:41:37,200][root][INFO] - Epoch [1/5], Batch [7/300], Loss: 2.0227 (Overall: 1.8377, Change: 1.8932), TF Ratio: 0.999
[2026-06-16 05:41:37,372][root][INFO] - Epoch [1/5], Batch [8/300], Loss: 1.9972 (Overall: 1.7146, Change: 1.9233), TF Ratio: 0.998
[2026-06-16 05:41:37,525][root][INFO] - Epoch [1/5], Batch [9/300], Loss: 1.9708 (Overall: 1.7451, Change: 1.7732), TF Ratio: 0.998
[2026-06-16 05:41:37,678][root][INFO] - Epoch [1/5], Batch [10/300], Loss: 1.9571 (Overall: 1.5258, Change: 2.1430), TF Ratio: 0.998
[2026-06-16 05:41:37,830][root][INFO] - Epoch [1/5], Batch [11/300], Loss: 1.9432 (Overall: 1.8339, Change: 1.7739), TF Ratio: 0.998
[2026-06-16 05:41:48,984][root][INFO] - Epoch [1/5], Batch [12/300], Loss: 1.9246 (Overall: 1.6828, Change: 1.7570), TF Ratio: 0.998
[2026-06-16 05:41:49,139][root][INFO] - Epoch [1/5], Batch [13/300], Loss: 1.9135 (Overall: 1.5979, Change: 1.9620), TF Ratio: 0.997
[2026-06-16 05:41:49,293][root][INFO] - Epoch [1/5], Batch [14/300], Loss: 1.8945 (Overall: 1.5979, Change: 1.6986), TF Ratio: 0.997
[2026-06-16 05:41:49,446][root][INFO] - Epoch [1/5], Batch [15/300], Loss: 1.8867 (Overall: 1.6922, Change: 1.8630), TF Ratio: 0.997
[2026-06-16 05:41:49,616][root][INFO] - Epoch [1/5], Batch [16/300], Loss: 1.8659 (Overall: 1.4938, Change: 1.6138), TF Ratio: 0.997
[2026-06-16 05:41:49,768][root][INFO] - Epoch [1/5], Batch [17/300], Loss: 1.8438 (Overall: 1.3969, Change: 1.5837), TF Ratio: 0.997
[2026-06-16 05:41:49,921][root][INFO] - Epoch [1/5], Batch [18/300], Loss: 1.8259 (Overall: 1.3456, Change: 1.6971), TF Ratio: 0.996
[2026-06-16 05:41:50,073][root][INFO] - Epoch [1/5], Batch [19/300], Loss: 1.8090 (Overall: 1.3235, Change: 1.6853), TF Ratio: 0.996
[2026-06-16 05:41:50,254][root][INFO] - Epoch [1/5], Batch [20/300], Loss: 1.7943 (Overall: 1.3100, Change: 1.7181), TF Ratio: 0.996
[2026-06-16 05:41:50,408][root][INFO] - Epoch [1/5], Batch [21/300], Loss: 1.7875 (Overall: 1.2681, Change: 2.0373), TF Ratio: 0.996
[2026-06-16 05:41:50,561][root][INFO] - Epoch [1/5], Batch [22/300], Loss: 1.7733 (Overall: 1.2353, Change: 1.7155), TF Ratio: 0.996
[2026-06-16 05:41:50,713][root][INFO] - Epoch [1/5], Batch [23/300], Loss: 1.7626 (Overall: 1.3279, Change: 1.7271), TF Ratio: 0.995
[2026-06-16 05:42:03,127][root][INFO] - Epoch [1/5], Batch [24/300], Loss: 1.7606 (Overall: 1.6101, Change: 1.8195), TF Ratio: 0.995
[2026-06-16 05:42:03,282][root][INFO] - Epoch [1/5], Batch [25/300], Loss: 1.7435 (Overall: 1.2085, Change: 1.4560), TF Ratio: 0.995
[2026-06-16 05:42:03,438][root][INFO] - Epoch [1/5], Batch [26/300], Loss: 1.7400 (Overall: 1.2961, Change: 2.0096), TF Ratio: 0.995
[2026-06-16 05:42:03,593][root][INFO] - Epoch [1/5], Batch [27/300], Loss: 1.7342 (Overall: 1.3173, Change: 1.8509), TF Ratio: 0.995
[2026-06-16 05:42:03,762][root][INFO] - Epoch [1/5], Batch [28/300], Loss: 1.7221 (Overall: 1.1538, Change: 1.6327), TF Ratio: 0.994
[2026-06-16 05:42:03,917][root][INFO] - Epoch [1/5], Batch [29/300], Loss: 1.7129 (Overall: 1.2808, Change: 1.6305), TF Ratio: 0.994
[2026-06-16 05:42:04,071][root][INFO] - Epoch [1/5], Batch [30/300], Loss: 1.7084 (Overall: 1.4133, Change: 1.7442), TF Ratio: 0.994
[2026-06-16 05:42:04,226][root][INFO] - Epoch [1/5], Batch [31/300], Loss: 1.7016 (Overall: 1.2773, Change: 1.7155), TF Ratio: 0.994
[2026-06-16 05:42:04,395][root][INFO] - Epoch [1/5], Batch [32/300], Loss: 1.7018 (Overall: 1.6876, Change: 1.7300), TF Ratio: 0.994
[2026-06-16 05:42:04,548][root][INFO] - Epoch [1/5], Batch [33/300], Loss: 1.6954 (Overall: 1.2799, Change: 1.7024), TF Ratio: 0.993
[2026-06-16 05:42:04,700][root][INFO] - Epoch [1/5], Batch [34/300], Loss: 1.6870 (Overall: 1.1744, Change: 1.6411), TF Ratio: 0.993
[2026-06-16 05:42:04,852][root][INFO] - Epoch [1/5], Batch [35/300], Loss: 1.6899 (Overall: 1.6404, Change: 1.9420), TF Ratio: 0.993
[2026-06-16 05:42:18,243][root][INFO] - Epoch [1/5], Batch [36/300], Loss: 1.6779 (Overall: 1.2443, Change: 1.2682), TF Ratio: 0.993
[2026-06-16 05:42:18,400][root][INFO] - Epoch [1/5], Batch [37/300], Loss: 1.6742 (Overall: 1.3386, Change: 1.7480), TF Ratio: 0.993
[2026-06-16 05:42:18,553][root][INFO] - Epoch [1/5], Batch [38/300], Loss: 1.6705 (Overall: 1.3609, Change: 1.7059), TF Ratio: 0.992
[2026-06-16 05:42:18,705][root][INFO] - Epoch [1/5], Batch [39/300], Loss: 1.6638 (Overall: 1.2087, Change: 1.6097), TF Ratio: 0.992
[2026-06-16 05:42:18,886][root][INFO] - Epoch [1/5], Batch [40/300], Loss: 1.6610 (Overall: 1.3667, Change: 1.7351), TF Ratio: 0.992
[2026-06-16 05:42:19,040][root][INFO] - Epoch [1/5], Batch [41/300], Loss: 1.6537 (Overall: 1.1873, Change: 1.5344), TF Ratio: 0.992
[2026-06-16 05:42:19,193][root][INFO] - Epoch [1/5], Batch [42/300], Loss: 1.6451 (Overall: 1.1691, Change: 1.4141), TF Ratio: 0.992
[2026-06-16 05:42:19,345][root][INFO] - Epoch [1/5], Batch [43/300], Loss: 1.6387 (Overall: 1.1441, Change: 1.5961), TF Ratio: 0.991
[2026-06-16 05:42:19,514][root][INFO] - Epoch [1/5], Batch [44/300], Loss: 1.6270 (Overall: 1.1140, Change: 1.1324), TF Ratio: 0.991
[2026-06-16 05:42:19,666][root][INFO] - Epoch [1/5], Batch [45/300], Loss: 1.6238 (Overall: 1.4566, Change: 1.5144), TF Ratio: 0.991
[2026-06-16 05:42:19,818][root][INFO] - Epoch [1/5], Batch [46/300], Loss: 1.6180 (Overall: 1.1317, Change: 1.5773), TF Ratio: 0.991
[2026-06-16 05:42:19,971][root][INFO] - Epoch [1/5], Batch [47/300], Loss: 1.6115 (Overall: 1.0828, Change: 1.5427), TF Ratio: 0.991
[2026-06-16 05:42:32,690][root][INFO] - Epoch [1/5], Batch [48/300], Loss: 1.6038 (Overall: 1.2226, Change: 1.2622), TF Ratio: 0.990
[2026-06-16 05:42:32,845][root][INFO] - Epoch [1/5], Batch [49/300], Loss: 1.5966 (Overall: 1.0113, Change: 1.4930), TF Ratio: 0.990
[2026-06-16 05:42:32,998][root][INFO] - Epoch [1/5], Batch [50/300], Loss: 1.5864 (Overall: 1.0245, Change: 1.1520), TF Ratio: 0.990
[2026-06-16 05:42:33,151][root][INFO] - Epoch [1/5], Batch [51/300], Loss: 1.5807 (Overall: 1.0452, Change: 1.5399), TF Ratio: 0.990
[2026-06-16 05:42:33,325][root][INFO] - Epoch [1/5], Batch [52/300], Loss: 1.5766 (Overall: 1.1092, Change: 1.6293), TF Ratio: 0.990
[2026-06-16 05:42:33,481][root][INFO] - Epoch [1/5], Batch [53/300], Loss: 1.5738 (Overall: 1.2096, Change: 1.6473), TF Ratio: 0.989
[2026-06-16 05:42:33,633][root][INFO] - Epoch [1/5], Batch [54/300], Loss: 1.5688 (Overall: 1.1420, Change: 1.4654), TF Ratio: 0.989
[2026-06-16 05:42:33,785][root][INFO] - Epoch [1/5], Batch [55/300], Loss: 1.5669 (Overall: 1.0714, Change: 1.8581), TF Ratio: 0.989
[2026-06-16 05:42:33,952][root][INFO] - Epoch [1/5], Batch [56/300], Loss: 1.5613 (Overall: 1.0758, Change: 1.4340), TF Ratio: 0.989
[2026-06-16 05:42:34,106][root][INFO] - Epoch [1/5], Batch [57/300], Loss: 1.5612 (Overall: 1.2612, Change: 1.8486), TF Ratio: 0.989
[2026-06-16 05:42:34,262][root][INFO] - Epoch [1/5], Batch [58/300], Loss: 1.5588 (Overall: 1.2127, Change: 1.6285), TF Ratio: 0.988
[2026-06-16 05:42:34,418][root][INFO] - Epoch [1/5], Batch [59/300], Loss: 1.5580 (Overall: 1.2324, Change: 1.7842), TF Ratio: 0.988
[2026-06-16 05:42:46,536][root][INFO] - Epoch [1/5], Batch [60/300], Loss: 1.5529 (Overall: 1.0424, Change: 1.4729), TF Ratio: 0.988
[2026-06-16 05:42:46,691][root][INFO] - Epoch [1/5], Batch [61/300], Loss: 1.5519 (Overall: 1.2068, Change: 1.7711), TF Ratio: 0.988
[2026-06-16 05:42:46,843][root][INFO] - Epoch [1/5], Batch [62/300], Loss: 1.5472 (Overall: 1.1081, Change: 1.4089), TF Ratio: 0.988
[2026-06-16 05:42:46,996][root][INFO] - Epoch [1/5], Batch [63/300], Loss: 1.5432 (Overall: 1.1695, Change: 1.4284), TF Ratio: 0.987
[2026-06-16 05:42:47,171][root][INFO] - Epoch [1/5], Batch [64/300], Loss: 1.5403 (Overall: 1.1499, Change: 1.5585), TF Ratio: 0.987
[2026-06-16 05:42:47,326][root][INFO] - Epoch [1/5], Batch [65/300], Loss: 1.5376 (Overall: 1.1816, Change: 1.5475), TF Ratio: 0.987
[2026-06-16 05:42:47,478][root][INFO] - Epoch [1/5], Batch [66/300], Loss: 1.5313 (Overall: 1.0735, Change: 1.1733), TF Ratio: 0.987
[2026-06-16 05:42:47,631][root][INFO] - Epoch [1/5], Batch [67/300], Loss: 1.5261 (Overall: 1.0677, Change: 1.3033), TF Ratio: 0.987
[2026-06-16 05:42:47,799][root][INFO] - Epoch [1/5], Batch [68/300], Loss: 1.5249 (Overall: 1.1298, Change: 1.7490), TF Ratio: 0.986
[2026-06-16 05:42:47,953][root][INFO] - Epoch [1/5], Batch [69/300], Loss: 1.5188 (Overall: 0.9845, Change: 1.2352), TF Ratio: 0.986
[2026-06-16 05:42:48,105][root][INFO] - Epoch [1/5], Batch [70/300], Loss: 1.5141 (Overall: 1.1116, Change: 1.2602), TF Ratio: 0.986
[2026-06-16 05:42:48,257][root][INFO] - Epoch [1/5], Batch [71/300], Loss: 1.5138 (Overall: 1.1701, Change: 1.8221), TF Ratio: 0.986
[2026-06-16 05:42:59,886][root][INFO] - Epoch [1/5], Batch [72/300], Loss: 1.5130 (Overall: 1.1580, Change: 1.7506), TF Ratio: 0.986
[2026-06-16 05:43:00,041][root][INFO] - Epoch [1/5], Batch [73/300], Loss: 1.5138 (Overall: 1.4121, Change: 1.7272), TF Ratio: 0.985
[2026-06-16 05:43:00,194][root][INFO] - Epoch [1/5], Batch [74/300], Loss: 1.5109 (Overall: 1.2499, Change: 1.3521), TF Ratio: 0.985
[2026-06-16 05:43:00,349][root][INFO] - Epoch [1/5], Batch [75/300], Loss: 1.5090 (Overall: 1.0790, Change: 1.6516), TF Ratio: 0.985
[2026-06-16 05:43:00,524][root][INFO] - Epoch [1/5], Batch [76/300], Loss: 1.5075 (Overall: 1.1497, Change: 1.6495), TF Ratio: 0.985
[2026-06-16 05:43:00,678][root][INFO] - Epoch [1/5], Batch [77/300], Loss: 1.5062 (Overall: 1.2717, Change: 1.5431), TF Ratio: 0.985
[2026-06-16 05:43:00,831][root][INFO] - Epoch [1/5], Batch [78/300], Loss: 1.5044 (Overall: 1.1130, Change: 1.6199), TF Ratio: 0.984
[2026-06-16 05:43:00,985][root][INFO] - Epoch [1/5], Batch [79/300], Loss: 1.5018 (Overall: 1.0489, Change: 1.5368), TF Ratio: 0.984
[2026-06-16 05:43:01,153][root][INFO] - Epoch [1/5], Batch [80/300], Loss: 1.4996 (Overall: 1.0772, Change: 1.5870), TF Ratio: 0.984
[2026-06-16 05:43:01,307][root][INFO] - Epoch [1/5], Batch [81/300], Loss: 1.4980 (Overall: 1.0737, Change: 1.6642), TF Ratio: 0.984
[2026-06-16 05:43:01,462][root][INFO] - Epoch [1/5], Batch [82/300], Loss: 1.4943 (Overall: 0.9931, Change: 1.3907), TF Ratio: 0.984
[2026-06-16 05:43:01,616][root][INFO] - Epoch [1/5], Batch [83/300], Loss: 1.4940 (Overall: 1.3012, Change: 1.6341), TF Ratio: 0.983
[2026-06-16 05:43:14,636][root][INFO] - Epoch [1/5], Batch [84/300], Loss: 1.4923 (Overall: 1.2624, Change: 1.4478), TF Ratio: 0.983
[2026-06-16 05:43:14,854][root][INFO] - Epoch [1/5], Batch [85/300], Loss: 1.4895 (Overall: 0.9987, Change: 1.5147), TF Ratio: 0.983
[2026-06-16 05:43:15,007][root][INFO] - Epoch [1/5], Batch [86/300], Loss: 1.4879 (Overall: 0.9501, Change: 1.7547), TF Ratio: 0.983
[2026-06-16 05:43:15,350][root][INFO] - Epoch [1/5], Batch [87/300], Loss: 1.4833 (Overall: 0.9484, Change: 1.2209), TF Ratio: 0.983
[2026-06-16 05:43:15,520][root][INFO] - Epoch [1/5], Batch [88/300], Loss: 1.4817 (Overall: 1.0996, Change: 1.5920), TF Ratio: 0.982
[2026-06-16 05:43:15,674][root][INFO] - Epoch [1/5], Batch [89/300], Loss: 1.4822 (Overall: 1.3310, Change: 1.7065), TF Ratio: 0.982
[2026-06-16 05:43:15,827][root][INFO] - Epoch [1/5], Batch [90/300], Loss: 1.4808 (Overall: 1.1226, Change: 1.5921), TF Ratio: 0.982
[2026-06-16 05:43:15,980][root][INFO] - Epoch [1/5], Batch [91/300], Loss: 1.4796 (Overall: 1.2843, Change: 1.4712), TF Ratio: 0.982
[2026-06-16 05:43:16,153][root][INFO] - Epoch [1/5], Batch [92/300], Loss: 1.4794 (Overall: 1.3035, Change: 1.6022), TF Ratio: 0.982
[2026-06-16 05:43:16,308][root][INFO] - Epoch [1/5], Batch [93/300], Loss: 1.4788 (Overall: 1.0901, Change: 1.7602), TF Ratio: 0.981
[2026-06-16 05:43:16,460][root][INFO] - Epoch [1/5], Batch [94/300], Loss: 1.4791 (Overall: 1.1330, Change: 1.8850), TF Ratio: 0.981
[2026-06-16 05:43:16,613][root][INFO] - Epoch [1/5], Batch [95/300], Loss: 1.4782 (Overall: 1.1813, Change: 1.6111), TF Ratio: 0.981
[2026-06-16 05:43:27,636][root][INFO] - Epoch [1/5], Batch [96/300], Loss: 1.4770 (Overall: 1.1629, Change: 1.5577), TF Ratio: 0.981
[2026-06-16 05:43:27,793][root][INFO] - Epoch [1/5], Batch [97/300], Loss: 1.4745 (Overall: 1.0316, Change: 1.4484), TF Ratio: 0.981
[2026-06-16 05:43:27,947][root][INFO] - Epoch [1/5], Batch [98/300], Loss: 1.4718 (Overall: 0.9467, Change: 1.4612), TF Ratio: 0.980
[2026-06-16 05:43:28,099][root][INFO] - Epoch [1/5], Batch [99/300], Loss: 1.4726 (Overall: 1.6156, Change: 1.4855), TF Ratio: 0.980
[2026-06-16 05:43:28,268][root][INFO] - Epoch [1/5], Batch [100/300], Loss: 1.4695 (Overall: 0.9041, Change: 1.4153), TF Ratio: 0.980
[2026-06-16 05:43:28,422][root][INFO] - Epoch [1/5], Batch [101/300], Loss: 1.4711 (Overall: 1.4806, Change: 1.7869), TF Ratio: 0.980
[2026-06-16 05:43:28,576][root][INFO] - Epoch [1/5], Batch [102/300], Loss: 1.4687 (Overall: 0.9347, Change: 1.5314), TF Ratio: 0.980
[2026-06-16 05:43:28,729][root][INFO] - Epoch [1/5], Batch [103/300], Loss: 1.4682 (Overall: 1.2066, Change: 1.6101), TF Ratio: 0.979
[2026-06-16 05:43:28,896][root][INFO] - Epoch [1/5], Batch [104/300], Loss: 1.4675 (Overall: 1.1987, Change: 1.5950), TF Ratio: 0.979
[2026-06-16 05:43:29,049][root][INFO] - Epoch [1/5], Batch [105/300], Loss: 1.4653 (Overall: 0.9754, Change: 1.5068), TF Ratio: 0.979
[2026-06-16 05:43:29,200][root][INFO] - Epoch [1/5], Batch [106/300], Loss: 1.4653 (Overall: 1.3349, Change: 1.5936), TF Ratio: 0.979
[2026-06-16 05:43:29,353][root][INFO] - Epoch [1/5], Batch [107/300], Loss: 1.4643 (Overall: 1.1092, Change: 1.5985), TF Ratio: 0.979
[2026-06-16 05:43:41,252][root][INFO] - Epoch [1/5], Batch [108/300], Loss: 1.4633 (Overall: 1.0258, Change: 1.6955), TF Ratio: 0.978
[2026-06-16 05:43:41,410][root][INFO] - Epoch [1/5], Batch [109/300], Loss: 1.4620 (Overall: 1.1053, Change: 1.5377), TF Ratio: 0.978
[2026-06-16 05:43:41,562][root][INFO] - Epoch [1/5], Batch [110/300], Loss: 1.4603 (Overall: 0.9622, Change: 1.5950), TF Ratio: 0.978
[2026-06-16 05:43:41,714][root][INFO] - Epoch [1/5], Batch [111/300], Loss: 1.4609 (Overall: 1.4414, Change: 1.5945), TF Ratio: 0.978
[2026-06-16 05:43:41,939][root][INFO] - Epoch [1/5], Batch [112/300], Loss: 1.4594 (Overall: 1.0126, Change: 1.5930), TF Ratio: 0.978
[2026-06-16 05:43:42,093][root][INFO] - Epoch [1/5], Batch [113/300], Loss: 1.4592 (Overall: 1.0343, Change: 1.8367), TF Ratio: 0.977
[2026-06-16 05:43:42,245][root][INFO] - Epoch [1/5], Batch [114/300], Loss: 1.4577 (Overall: 0.9931, Change: 1.5654), TF Ratio: 0.977
[2026-06-16 05:43:42,399][root][INFO] - Epoch [1/5], Batch [115/300], Loss: 1.4580 (Overall: 1.2700, Change: 1.7195), TF Ratio: 0.977
[2026-06-16 05:43:42,579][root][INFO] - Epoch [1/5], Batch [116/300], Loss: 1.4583 (Overall: 1.0450, Change: 1.9525), TF Ratio: 0.977
[2026-06-16 05:43:42,732][root][INFO] - Epoch [1/5], Batch [117/300], Loss: 1.4570 (Overall: 1.1022, Change: 1.5127), TF Ratio: 0.977
[2026-06-16 05:43:42,887][root][INFO] - Epoch [1/5], Batch [118/300], Loss: 1.4564 (Overall: 0.9684, Change: 1.8035), TF Ratio: 0.976
[2026-06-16 05:43:43,040][root][INFO] - Epoch [1/5], Batch [119/300], Loss: 1.4561 (Overall: 1.0909, Change: 1.7354), TF Ratio: 0.976
[2026-06-16 05:43:54,607][root][INFO] - Epoch [1/5], Batch [120/300], Loss: 1.4521 (Overall: 0.8731, Change: 1.0790), TF Ratio: 0.976
[2026-06-16 05:43:54,763][root][INFO] - Epoch [1/5], Batch [121/300], Loss: 1.4531 (Overall: 1.8124, Change: 1.3416), TF Ratio: 0.976
[2026-06-16 05:43:54,916][root][INFO] - Epoch [1/5], Batch [122/300], Loss: 1.4511 (Overall: 0.8585, Change: 1.5579), TF Ratio: 0.976
[2026-06-16 05:43:55,069][root][INFO] - Epoch [1/5], Batch [123/300], Loss: 1.4504 (Overall: 1.0068, Change: 1.7166), TF Ratio: 0.975
[2026-06-16 05:43:55,249][root][INFO] - Epoch [1/5], Batch [124/300], Loss: 1.4504 (Overall: 1.2036, Change: 1.7110), TF Ratio: 0.975
[2026-06-16 05:43:55,412][root][INFO] - Epoch [1/5], Batch [125/300], Loss: 1.4490 (Overall: 1.0419, Change: 1.4897), TF Ratio: 0.975
[2026-06-16 05:43:55,564][root][INFO] - Epoch [1/5], Batch [126/300], Loss: 1.4486 (Overall: 0.9704, Change: 1.8309), TF Ratio: 0.975
[2026-06-16 05:43:55,717][root][INFO] - Epoch [1/5], Batch [127/300], Loss: 1.4475 (Overall: 0.8739, Change: 1.7413), TF Ratio: 0.975
[2026-06-16 05:43:55,891][root][INFO] - Epoch [1/5], Batch [128/300], Loss: 1.4465 (Overall: 1.0000, Change: 1.6494), TF Ratio: 0.974
[2026-06-16 05:43:56,044][root][INFO] - Epoch [1/5], Batch [129/300], Loss: 1.4450 (Overall: 0.9194, Change: 1.5890), TF Ratio: 0.974
[2026-06-16 05:43:56,198][root][INFO] - Epoch [1/5], Batch [130/300], Loss: 1.4434 (Overall: 1.2535, Change: 1.2098), TF Ratio: 0.974
[2026-06-16 05:43:56,350][root][INFO] - Epoch [1/5], Batch [131/300], Loss: 1.4417 (Overall: 1.0562, Change: 1.4066), TF Ratio: 0.974
[2026-06-16 05:44:08,787][root][INFO] - Epoch [1/5], Batch [132/300], Loss: 1.4389 (Overall: 0.8578, Change: 1.2726), TF Ratio: 0.974
[2026-06-16 05:44:08,942][root][INFO] - Epoch [1/5], Batch [133/300], Loss: 1.4379 (Overall: 1.0841, Change: 1.5318), TF Ratio: 0.973
[2026-06-16 05:44:09,096][root][INFO] - Epoch [1/5], Batch [134/300], Loss: 1.4365 (Overall: 0.9317, Change: 1.5530), TF Ratio: 0.973
[2026-06-16 05:44:09,248][root][INFO] - Epoch [1/5], Batch [135/300], Loss: 1.4354 (Overall: 0.9281, Change: 1.6732), TF Ratio: 0.973
[2026-06-16 05:44:10,097][root][INFO] - Epoch [1/5], Batch [136/300], Loss: 1.4333 (Overall: 1.0451, Change: 1.2349), TF Ratio: 0.973
[2026-06-16 05:44:10,252][root][INFO] - Epoch [1/5], Batch [137/300], Loss: 1.4294 (Overall: 0.8371, Change: 0.9715), TF Ratio: 0.973
[2026-06-16 05:44:10,405][root][INFO] - Epoch [1/5], Batch [138/300], Loss: 1.4287 (Overall: 0.9211, Change: 1.7383), TF Ratio: 0.972
[2026-06-16 05:44:10,558][root][INFO] - Epoch [1/5], Batch [139/300], Loss: 1.4275 (Overall: 1.0056, Change: 1.5181), TF Ratio: 0.972
[2026-06-16 05:44:10,742][root][INFO] - Epoch [1/5], Batch [140/300], Loss: 1.4265 (Overall: 0.9684, Change: 1.6134), TF Ratio: 0.972
[2026-06-16 05:44:10,896][root][INFO] - Epoch [1/5], Batch [141/300], Loss: 1.4264 (Overall: 1.1749, Change: 1.6524), TF Ratio: 0.972
[2026-06-16 05:44:11,050][root][INFO] - Epoch [1/5], Batch [142/300], Loss: 1.4250 (Overall: 0.8271, Change: 1.6125), TF Ratio: 0.972
[2026-06-16 05:44:11,204][root][INFO] - Epoch [1/5], Batch [143/300], Loss: 1.4237 (Overall: 0.8658, Change: 1.6159), TF Ratio: 0.971
[2026-06-16 05:44:22,014][root][INFO] - Epoch [1/5], Batch [144/300], Loss: 1.4231 (Overall: 0.9642, Change: 1.7038), TF Ratio: 0.971
[2026-06-16 05:44:22,169][root][INFO] - Epoch [1/5], Batch [145/300], Loss: 1.4232 (Overall: 1.3271, Change: 1.5713), TF Ratio: 0.971
[2026-06-16 05:44:22,333][root][INFO] - Epoch [1/5], Batch [146/300], Loss: 1.4220 (Overall: 0.8302, Change: 1.6452), TF Ratio: 0.971
[2026-06-16 05:44:22,486][root][INFO] - Epoch [1/5], Batch [147/300], Loss: 1.4195 (Overall: 0.8703, Change: 1.2385), TF Ratio: 0.971
[2026-06-16 05:44:24,441][root][INFO] - Epoch [1/5], Batch [148/300], Loss: 1.4162 (Overall: 0.8009, Change: 1.0739), TF Ratio: 0.970
[2026-06-16 05:44:24,595][root][INFO] - Epoch [1/5], Batch [149/300], Loss: 1.4166 (Overall: 1.2036, Change: 1.7510), TF Ratio: 0.970
[2026-06-16 05:44:24,748][root][INFO] - Epoch [1/5], Batch [150/300], Loss: 1.4171 (Overall: 1.2878, Change: 1.6881), TF Ratio: 0.970
[2026-06-16 05:44:24,901][root][INFO] - Epoch [1/5], Batch [151/300], Loss: 1.4175 (Overall: 0.9806, Change: 1.9843), TF Ratio: 0.970
[2026-06-16 05:44:25,080][root][INFO] - Epoch [1/5], Batch [152/300], Loss: 1.4159 (Overall: 0.9835, Change: 1.3490), TF Ratio: 0.970
[2026-06-16 05:44:25,233][root][INFO] - Epoch [1/5], Batch [153/300], Loss: 1.4141 (Overall: 0.8522, Change: 1.4428), TF Ratio: 0.969
[2026-06-16 05:44:25,385][root][INFO] - Epoch [1/5], Batch [154/300], Loss: 1.4129 (Overall: 0.9330, Change: 1.5040), TF Ratio: 0.969
[2026-06-16 05:44:25,538][root][INFO] - Epoch [1/5], Batch [155/300], Loss: 1.4112 (Overall: 1.0672, Change: 1.2613), TF Ratio: 0.969
[2026-06-16 05:44:35,526][root][INFO] - Epoch [1/5], Batch [156/300], Loss: 1.4102 (Overall: 0.9476, Change: 1.5510), TF Ratio: 0.969
[2026-06-16 05:44:35,680][root][INFO] - Epoch [1/5], Batch [157/300], Loss: 1.4079 (Overall: 0.8280, Change: 1.2700), TF Ratio: 0.969
[2026-06-16 05:44:35,834][root][INFO] - Epoch [1/5], Batch [158/300], Loss: 1.4070 (Overall: 1.0165, Change: 1.4970), TF Ratio: 0.968
[2026-06-16 05:44:35,987][root][INFO] - Epoch [1/5], Batch [159/300], Loss: 1.4060 (Overall: 1.1377, Change: 1.3806), TF Ratio: 0.968
[2026-06-16 05:44:37,486][root][INFO] - Epoch [1/5], Batch [160/300], Loss: 1.4047 (Overall: 0.9451, Change: 1.4356), TF Ratio: 0.968
[2026-06-16 05:44:37,641][root][INFO] - Epoch [1/5], Batch [161/300], Loss: 1.4035 (Overall: 0.8142, Change: 1.6074), TF Ratio: 0.968
[2026-06-16 05:44:37,794][root][INFO] - Epoch [1/5], Batch [162/300], Loss: 1.4017 (Overall: 0.8318, Change: 1.4096), TF Ratio: 0.968
[2026-06-16 05:44:37,947][root][INFO] - Epoch [1/5], Batch [163/300], Loss: 1.4006 (Overall: 1.1175, Change: 1.3075), TF Ratio: 0.967
[2026-06-16 05:44:38,124][root][INFO] - Epoch [1/5], Batch [164/300], Loss: 1.3991 (Overall: 0.9267, Change: 1.3980), TF Ratio: 0.967
[2026-06-16 05:44:38,277][root][INFO] - Epoch [1/5], Batch [165/300], Loss: 1.3997 (Overall: 1.1683, Change: 1.8113), TF Ratio: 0.967
[2026-06-16 05:44:38,431][root][INFO] - Epoch [1/5], Batch [166/300], Loss: 1.3972 (Overall: 0.7824, Change: 1.2092), TF Ratio: 0.967
[2026-06-16 05:44:38,584][root][INFO] - Epoch [1/5], Batch [167/300], Loss: 1.3950 (Overall: 0.8202, Change: 1.2174), TF Ratio: 0.967
[2026-06-16 05:44:48,417][root][INFO] - Epoch [1/5], Batch [168/300], Loss: 1.3941 (Overall: 1.1783, Change: 1.3209), TF Ratio: 0.966
[2026-06-16 05:44:48,572][root][INFO] - Epoch [1/5], Batch [169/300], Loss: 1.3936 (Overall: 1.0461, Change: 1.5620), TF Ratio: 0.966
[2026-06-16 05:44:48,725][root][INFO] - Epoch [1/5], Batch [170/300], Loss: 1.3952 (Overall: 1.3901, Change: 1.9572), TF Ratio: 0.966
[2026-06-16 05:44:48,879][root][INFO] - Epoch [1/5], Batch [171/300], Loss: 1.3951 (Overall: 1.0103, Change: 1.7449), TF Ratio: 0.966
[2026-06-16 05:44:50,369][root][INFO] - Epoch [1/5], Batch [172/300], Loss: 1.3937 (Overall: 0.9287, Change: 1.3767), TF Ratio: 0.966
[2026-06-16 05:44:50,523][root][INFO] - Epoch [1/5], Batch [173/300], Loss: 1.3939 (Overall: 1.2080, Change: 1.6575), TF Ratio: 0.965
[2026-06-16 05:44:50,675][root][INFO] - Epoch [1/5], Batch [174/300], Loss: 1.3931 (Overall: 0.8631, Change: 1.6472), TF Ratio: 0.965
[2026-06-16 05:44:50,829][root][INFO] - Epoch [1/5], Batch [175/300], Loss: 1.3915 (Overall: 0.9169, Change: 1.3034), TF Ratio: 0.965
[2026-06-16 05:44:51,002][root][INFO] - Epoch [1/5], Batch [176/300], Loss: 1.3890 (Overall: 0.8059, Change: 1.0999), TF Ratio: 0.965
[2026-06-16 05:44:51,156][root][INFO] - Epoch [1/5], Batch [177/300], Loss: 1.3880 (Overall: 0.8713, Change: 1.5462), TF Ratio: 0.965
[2026-06-16 05:44:51,309][root][INFO] - Epoch [1/5], Batch [178/300], Loss: 1.3881 (Overall: 1.0814, Change: 1.7274), TF Ratio: 0.964
[2026-06-16 05:44:51,461][root][INFO] - Epoch [1/5], Batch [179/300], Loss: 1.3879 (Overall: 1.1526, Change: 1.5490), TF Ratio: 0.964
[2026-06-16 05:45:01,874][root][INFO] - Epoch [1/5], Batch [180/300], Loss: 1.3862 (Overall: 0.8997, Change: 1.2869), TF Ratio: 0.964
[2026-06-16 05:45:02,035][root][INFO] - Epoch [1/5], Batch [181/300], Loss: 1.3861 (Overall: 0.9462, Change: 1.7734), TF Ratio: 0.964
[2026-06-16 05:45:02,189][root][INFO] - Epoch [1/5], Batch [182/300], Loss: 1.3847 (Overall: 0.8180, Change: 1.4275), TF Ratio: 0.964
[2026-06-16 05:45:02,343][root][INFO] - Epoch [1/5], Batch [183/300], Loss: 1.3835 (Overall: 0.9684, Change: 1.3936), TF Ratio: 0.963
[2026-06-16 05:45:05,159][root][INFO] - Epoch [1/5], Batch [184/300], Loss: 1.3832 (Overall: 0.9716, Change: 1.6579), TF Ratio: 0.963
[2026-06-16 05:45:05,314][root][INFO] - Epoch [1/5], Batch [185/300], Loss: 1.3830 (Overall: 0.9259, Change: 1.7864), TF Ratio: 0.963
[2026-06-16 05:45:05,468][root][INFO] - Epoch [1/5], Batch [186/300], Loss: 1.3838 (Overall: 1.4714, Change: 1.5724), TF Ratio: 0.963
[2026-06-16 05:45:05,621][root][INFO] - Epoch [1/5], Batch [187/300], Loss: 1.3828 (Overall: 0.7906, Change: 1.6278), TF Ratio: 0.963
[2026-06-16 05:45:05,791][root][INFO] - Epoch [1/5], Batch [188/300], Loss: 1.3820 (Overall: 1.0099, Change: 1.4575), TF Ratio: 0.962
[2026-06-16 05:45:05,946][root][INFO] - Epoch [1/5], Batch [189/300], Loss: 1.3798 (Overall: 0.7947, Change: 1.1300), TF Ratio: 0.962
[2026-06-16 05:45:06,098][root][INFO] - Epoch [1/5], Batch [190/300], Loss: 1.3779 (Overall: 1.0638, Change: 0.9800), TF Ratio: 0.962
[2026-06-16 05:45:06,251][root][INFO] - Epoch [1/5], Batch [191/300], Loss: 1.3778 (Overall: 1.0085, Change: 1.6809), TF Ratio: 0.962
[2026-06-16 05:45:14,976][root][INFO] - Epoch [1/5], Batch [192/300], Loss: 1.3772 (Overall: 1.0127, Change: 1.5364), TF Ratio: 0.962
[2026-06-16 05:45:15,140][root][INFO] - Epoch [1/5], Batch [193/300], Loss: 1.3770 (Overall: 1.1027, Change: 1.5685), TF Ratio: 0.961
[2026-06-16 05:45:15,294][root][INFO] - Epoch [1/5], Batch [194/300], Loss: 1.3753 (Overall: 0.7295, Change: 1.3594), TF Ratio: 0.961
[2026-06-16 05:45:15,448][root][INFO] - Epoch [1/5], Batch [195/300], Loss: 1.3740 (Overall: 0.8367, Change: 1.4012), TF Ratio: 0.961
[2026-06-16 05:45:17,937][root][INFO] - Epoch [1/5], Batch [196/300], Loss: 1.3724 (Overall: 0.7356, Change: 1.3852), TF Ratio: 0.961
[2026-06-16 05:45:18,094][root][INFO] - Epoch [1/5], Batch [197/300], Loss: 1.3718 (Overall: 1.0081, Change: 1.5079), TF Ratio: 0.961
[2026-06-16 05:45:18,248][root][INFO] - Epoch [1/5], Batch [198/300], Loss: 1.3704 (Overall: 1.0016, Change: 1.1846), TF Ratio: 0.960
[2026-06-16 05:45:18,407][root][INFO] - Epoch [1/5], Batch [199/300], Loss: 1.3694 (Overall: 0.8846, Change: 1.4652), TF Ratio: 0.960
[2026-06-16 05:45:18,576][root][INFO] - Epoch [1/5], Batch [200/300], Loss: 1.3684 (Overall: 0.9187, Change: 1.4139), TF Ratio: 0.960
[2026-06-16 05:45:18,731][root][INFO] - Epoch [1/5], Batch [201/300], Loss: 1.3677 (Overall: 1.2564, Change: 1.2063), TF Ratio: 0.960
[2026-06-16 05:45:18,885][root][INFO] - Epoch [1/5], Batch [202/300], Loss: 1.3684 (Overall: 0.9063, Change: 2.0995), TF Ratio: 0.960
[2026-06-16 05:45:19,039][root][INFO] - Epoch [1/5], Batch [203/300], Loss: 1.3679 (Overall: 1.0300, Change: 1.5045), TF Ratio: 0.959
[2026-06-16 05:45:27,571][root][INFO] - Epoch [1/5], Batch [204/300], Loss: 1.3661 (Overall: 0.8437, Change: 1.1834), TF Ratio: 0.959
[2026-06-16 05:45:27,733][root][INFO] - Epoch [1/5], Batch [205/300], Loss: 1.3642 (Overall: 0.8407, Change: 1.0908), TF Ratio: 0.959
[2026-06-16 05:45:27,885][root][INFO] - Epoch [1/5], Batch [206/300], Loss: 1.3632 (Overall: 0.8601, Change: 1.4660), TF Ratio: 0.959
[2026-06-16 05:45:28,038][root][INFO] - Epoch [1/5], Batch [207/300], Loss: 1.3625 (Overall: 0.8493, Change: 1.5614), TF Ratio: 0.959
[2026-06-16 05:45:31,813][root][INFO] - Epoch [1/5], Batch [208/300], Loss: 1.3622 (Overall: 1.0799, Change: 1.5506), TF Ratio: 0.958
[2026-06-16 05:45:31,970][root][INFO] - Epoch [1/5], Batch [209/300], Loss: 1.3610 (Overall: 0.9166, Change: 1.3056), TF Ratio: 0.958
[2026-06-16 05:45:32,122][root][INFO] - Epoch [1/5], Batch [210/300], Loss: 1.3606 (Overall: 0.9054, Change: 1.6194), TF Ratio: 0.958
[2026-06-16 05:45:32,276][root][INFO] - Epoch [1/5], Batch [211/300], Loss: 1.3594 (Overall: 0.8370, Change: 1.4103), TF Ratio: 0.958
[2026-06-16 05:45:32,450][root][INFO] - Epoch [1/5], Batch [212/300], Loss: 1.3589 (Overall: 0.8254, Change: 1.6606), TF Ratio: 0.958
[2026-06-16 05:45:32,605][root][INFO] - Epoch [1/5], Batch [213/300], Loss: 1.3579 (Overall: 0.8742, Change: 1.4251), TF Ratio: 0.957
[2026-06-16 05:45:32,760][root][INFO] - Epoch [1/5], Batch [214/300], Loss: 1.3573 (Overall: 1.0262, Change: 1.4378), TF Ratio: 0.957
[2026-06-16 05:45:32,915][root][INFO] - Epoch [1/5], Batch [215/300], Loss: 1.3564 (Overall: 0.8447, Change: 1.4932), TF Ratio: 0.957
[2026-06-16 05:45:39,998][root][INFO] - Epoch [1/5], Batch [216/300], Loss: 1.3556 (Overall: 0.8297, Change: 1.5033), TF Ratio: 0.957
[2026-06-16 05:45:40,535][root][INFO] - Epoch [1/5], Batch [217/300], Loss: 1.3555 (Overall: 1.0526, Change: 1.6525), TF Ratio: 0.957
[2026-06-16 05:45:40,689][root][INFO] - Epoch [1/5], Batch [218/300], Loss: 1.3544 (Overall: 0.8427, Change: 1.3850), TF Ratio: 0.956
[2026-06-16 05:45:40,844][root][INFO] - Epoch [1/5], Batch [219/300], Loss: 1.3535 (Overall: 0.8723, Change: 1.4352), TF Ratio: 0.956
[2026-06-16 05:45:45,415][root][INFO] - Epoch [1/5], Batch [220/300], Loss: 1.3537 (Overall: 1.0089, Change: 1.7840), TF Ratio: 0.956
[2026-06-16 05:45:45,575][root][INFO] - Epoch [1/5], Batch [221/300], Loss: 1.3538 (Overall: 0.9848, Change: 1.7557), TF Ratio: 0.956
[2026-06-16 05:45:45,728][root][INFO] - Epoch [1/5], Batch [222/300], Loss: 1.3527 (Overall: 0.8896, Change: 1.3301), TF Ratio: 0.956
[2026-06-16 05:45:45,880][root][INFO] - Epoch [1/5], Batch [223/300], Loss: 1.3525 (Overall: 0.8969, Change: 1.7167), TF Ratio: 0.955
[2026-06-16 05:45:46,048][root][INFO] - Epoch [1/5], Batch [224/300], Loss: 1.3515 (Overall: 0.9835, Change: 1.2745), TF Ratio: 0.955
[2026-06-16 05:45:46,202][root][INFO] - Epoch [1/5], Batch [225/300], Loss: 1.3503 (Overall: 0.9533, Change: 1.2075), TF Ratio: 0.955
[2026-06-16 05:45:46,355][root][INFO] - Epoch [1/5], Batch [226/300], Loss: 1.3497 (Overall: 0.8051, Change: 1.6382), TF Ratio: 0.955
[2026-06-16 05:45:46,508][root][INFO] - Epoch [1/5], Batch [227/300], Loss: 1.3484 (Overall: 0.9225, Change: 1.1715), TF Ratio: 0.955
[2026-06-16 05:45:53,345][root][INFO] - Epoch [1/5], Batch [228/300], Loss: 1.3470 (Overall: 0.9906, Change: 1.0619), TF Ratio: 0.954
[2026-06-16 05:45:54,896][root][INFO] - Epoch [1/5], Batch [229/300], Loss: 1.3464 (Overall: 0.9154, Change: 1.5171), TF Ratio: 0.954
[2026-06-16 05:45:55,051][root][INFO] - Epoch [1/5], Batch [230/300], Loss: 1.3454 (Overall: 0.7671, Change: 1.4685), TF Ratio: 0.954
[2026-06-16 05:45:55,204][root][INFO] - Epoch [1/5], Batch [231/300], Loss: 1.3449 (Overall: 0.9637, Change: 1.5111), TF Ratio: 0.954
[2026-06-16 05:45:58,995][root][INFO] - Epoch [1/5], Batch [232/300], Loss: 1.3456 (Overall: 0.8112, Change: 2.1697), TF Ratio: 0.954
[2026-06-16 05:45:59,155][root][INFO] - Epoch [1/5], Batch [233/300], Loss: 1.3437 (Overall: 0.6126, Change: 1.2242), TF Ratio: 0.953
[2026-06-16 05:45:59,309][root][INFO] - Epoch [1/5], Batch [234/300], Loss: 1.3423 (Overall: 0.8550, Change: 1.1832), TF Ratio: 0.953
[2026-06-16 05:45:59,464][root][INFO] - Epoch [1/5], Batch [235/300], Loss: 1.3424 (Overall: 0.9089, Change: 1.7880), TF Ratio: 0.953
[2026-06-16 05:45:59,635][root][INFO] - Epoch [1/5], Batch [236/300], Loss: 1.3424 (Overall: 1.0244, Change: 1.6859), TF Ratio: 0.953
[2026-06-16 05:45:59,789][root][INFO] - Epoch [1/5], Batch [237/300], Loss: 1.3420 (Overall: 1.1431, Change: 1.3446), TF Ratio: 0.953
[2026-06-16 05:45:59,944][root][INFO] - Epoch [1/5], Batch [238/300], Loss: 1.3405 (Overall: 1.1158, Change: 0.8422), TF Ratio: 0.952
[2026-06-16 05:46:00,097][root][INFO] - Epoch [1/5], Batch [239/300], Loss: 1.3395 (Overall: 0.7386, Change: 1.4861), TF Ratio: 0.952
[2026-06-16 05:46:06,895][root][INFO] - Epoch [1/5], Batch [240/300], Loss: 1.3383 (Overall: 0.8739, Change: 1.2030), TF Ratio: 0.952
[2026-06-16 05:46:08,174][root][INFO] - Epoch [1/5], Batch [241/300], Loss: 1.3366 (Overall: 0.6907, Change: 1.1785), TF Ratio: 0.952
[2026-06-16 05:46:08,328][root][INFO] - Epoch [1/5], Batch [242/300], Loss: 1.3357 (Overall: 0.7675, Change: 1.4675), TF Ratio: 0.952
[2026-06-16 05:46:08,482][root][INFO] - Epoch [1/5], Batch [243/300], Loss: 1.3349 (Overall: 0.9151, Change: 1.3510), TF Ratio: 0.951
[2026-06-16 05:46:13,439][root][INFO] - Epoch [1/5], Batch [244/300], Loss: 1.3338 (Overall: 0.7875, Change: 1.3718), TF Ratio: 0.951
[2026-06-16 05:46:13,595][root][INFO] - Epoch [1/5], Batch [245/300], Loss: 1.3339 (Overall: 1.1133, Change: 1.6092), TF Ratio: 0.951
[2026-06-16 05:46:13,750][root][INFO] - Epoch [1/5], Batch [246/300], Loss: 1.3329 (Overall: 0.8000, Change: 1.3599), TF Ratio: 0.951
[2026-06-16 05:46:13,904][root][INFO] - Epoch [1/5], Batch [247/300], Loss: 1.3322 (Overall: 0.8277, Change: 1.5124), TF Ratio: 0.951
[2026-06-16 05:46:14,080][root][INFO] - Epoch [1/5], Batch [248/300], Loss: 1.3316 (Overall: 0.8790, Change: 1.4681), TF Ratio: 0.950
[2026-06-16 05:46:14,235][root][INFO] - Epoch [1/5], Batch [249/300], Loss: 1.3322 (Overall: 0.7773, Change: 2.1869), TF Ratio: 0.950
[2026-06-16 05:46:14,387][root][INFO] - Epoch [1/5], Batch [250/300], Loss: 1.3310 (Overall: 0.7480, Change: 1.3071), TF Ratio: 0.950
[2026-06-16 05:46:14,541][root][INFO] - Epoch [1/5], Batch [251/300], Loss: 1.3298 (Overall: 1.0214, Change: 1.0685), TF Ratio: 0.950
[2026-06-16 05:46:19,556][root][INFO] - Epoch [1/5], Batch [252/300], Loss: 1.3295 (Overall: 0.9058, Change: 1.5807), TF Ratio: 0.950
[2026-06-16 05:46:21,363][root][INFO] - Epoch [1/5], Batch [253/300], Loss: 1.3298 (Overall: 1.2149, Change: 1.6041), TF Ratio: 0.949
[2026-06-16 05:46:21,516][root][INFO] - Epoch [1/5], Batch [254/300], Loss: 1.3293 (Overall: 0.9727, Change: 1.4532), TF Ratio: 0.949
[2026-06-16 05:46:21,678][root][INFO] - Epoch [1/5], Batch [255/300], Loss: 1.3301 (Overall: 1.6142, Change: 1.4077), TF Ratio: 0.949
[2026-06-16 05:46:27,104][root][INFO] - Epoch [1/5], Batch [256/300], Loss: 1.3293 (Overall: 1.1677, Change: 1.1221), TF Ratio: 0.949
[2026-06-16 05:46:27,261][root][INFO] - Epoch [1/5], Batch [257/300], Loss: 1.3283 (Overall: 0.6897, Change: 1.4317), TF Ratio: 0.949
[2026-06-16 05:46:27,415][root][INFO] - Epoch [1/5], Batch [258/300], Loss: 1.3275 (Overall: 0.8273, Change: 1.4095), TF Ratio: 0.948
[2026-06-16 05:46:27,568][root][INFO] - Epoch [1/5], Batch [259/300], Loss: 1.3269 (Overall: 0.9038, Change: 1.4497), TF Ratio: 0.948
[2026-06-16 05:46:27,744][root][INFO] - Epoch [1/5], Batch [260/300], Loss: 1.3260 (Overall: 0.7779, Change: 1.3845), TF Ratio: 0.948
[2026-06-16 05:46:27,900][root][INFO] - Epoch [1/5], Batch [261/300], Loss: 1.3255 (Overall: 1.0919, Change: 1.3398), TF Ratio: 0.948
[2026-06-16 05:46:28,054][root][INFO] - Epoch [1/5], Batch [262/300], Loss: 1.3252 (Overall: 0.8170, Change: 1.6617), TF Ratio: 0.948
[2026-06-16 05:46:28,208][root][INFO] - Epoch [1/5], Batch [263/300], Loss: 1.3267 (Overall: 1.0891, Change: 2.3361), TF Ratio: 0.947
[2026-06-16 05:46:32,538][root][INFO] - Epoch [1/5], Batch [264/300], Loss: 1.3270 (Overall: 1.0541, Change: 1.7778), TF Ratio: 0.947
[2026-06-16 05:46:35,003][root][INFO] - Epoch [1/5], Batch [265/300], Loss: 1.3270 (Overall: 1.1766, Change: 1.4715), TF Ratio: 0.947
[2026-06-16 05:46:35,156][root][INFO] - Epoch [1/5], Batch [266/300], Loss: 1.3253 (Overall: 0.7149, Change: 1.0398), TF Ratio: 0.947
[2026-06-16 05:46:35,310][root][INFO] - Epoch [1/5], Batch [267/300], Loss: 1.3251 (Overall: 0.8842, Change: 1.6399), TF Ratio: 0.947
[2026-06-16 05:46:40,655][root][INFO] - Epoch [1/5], Batch [268/300], Loss: 1.3246 (Overall: 0.8442, Change: 1.5589), TF Ratio: 0.946
[2026-06-16 05:46:40,812][root][INFO] - Epoch [1/5], Batch [269/300], Loss: 1.3242 (Overall: 0.9275, Change: 1.5047), TF Ratio: 0.946
[2026-06-16 05:46:40,967][root][INFO] - Epoch [1/5], Batch [270/300], Loss: 1.3232 (Overall: 0.7467, Change: 1.3374), TF Ratio: 0.946
[2026-06-16 05:46:41,120][root][INFO] - Epoch [1/5], Batch [271/300], Loss: 1.3217 (Overall: 0.8538, Change: 1.0251), TF Ratio: 0.946
[2026-06-16 05:46:41,308][root][INFO] - Epoch [1/5], Batch [272/300], Loss: 1.3208 (Overall: 0.7922, Change: 1.3198), TF Ratio: 0.946
[2026-06-16 05:46:41,463][root][INFO] - Epoch [1/5], Batch [273/300], Loss: 1.3198 (Overall: 0.7917, Change: 1.3139), TF Ratio: 0.945
[2026-06-16 05:46:41,616][root][INFO] - Epoch [1/5], Batch [274/300], Loss: 1.3199 (Overall: 1.3062, Change: 1.4117), TF Ratio: 0.945
[2026-06-16 05:46:41,769][root][INFO] - Epoch [1/5], Batch [275/300], Loss: 1.3192 (Overall: 0.7993, Change: 1.4170), TF Ratio: 0.945
[2026-06-16 05:46:45,087][root][INFO] - Epoch [1/5], Batch [276/300], Loss: 1.3184 (Overall: 0.9346, Change: 1.2900), TF Ratio: 0.945
[2026-06-16 05:46:49,445][root][INFO] - Epoch [1/5], Batch [277/300], Loss: 1.3182 (Overall: 0.8661, Change: 1.6331), TF Ratio: 0.945
[2026-06-16 05:46:49,598][root][INFO] - Epoch [1/5], Batch [278/300], Loss: 1.3197 (Overall: 0.9264, Change: 2.5669), TF Ratio: 0.944
[2026-06-16 05:46:49,753][root][INFO] - Epoch [1/5], Batch [279/300], Loss: 1.3194 (Overall: 1.2083, Change: 1.2633), TF Ratio: 0.944
[2026-06-16 05:46:53,817][root][INFO] - Epoch [1/5], Batch [280/300], Loss: 1.3200 (Overall: 0.9446, Change: 2.0168), TF Ratio: 0.944
[2026-06-16 05:46:53,974][root][INFO] - Epoch [1/5], Batch [281/300], Loss: 1.3208 (Overall: 0.7041, Change: 2.3874), TF Ratio: 0.944
[2026-06-16 05:46:54,128][root][INFO] - Epoch [1/5], Batch [282/300], Loss: 1.3198 (Overall: 0.8169, Change: 1.2619), TF Ratio: 0.944
[2026-06-16 05:46:54,281][root][INFO] - Epoch [1/5], Batch [283/300], Loss: 1.3194 (Overall: 1.0670, Change: 1.3805), TF Ratio: 0.943
[2026-06-16 05:46:54,448][root][INFO] - Epoch [1/5], Batch [284/300], Loss: 1.3180 (Overall: 0.8339, Change: 0.9709), TF Ratio: 0.943
[2026-06-16 05:46:54,602][root][INFO] - Epoch [1/5], Batch [285/300], Loss: 1.3173 (Overall: 0.9729, Change: 1.2574), TF Ratio: 0.943
[2026-06-16 05:46:54,755][root][INFO] - Epoch [1/5], Batch [286/300], Loss: 1.3172 (Overall: 1.0975, Change: 1.5084), TF Ratio: 0.943
[2026-06-16 05:46:54,909][root][INFO] - Epoch [1/5], Batch [287/300], Loss: 1.3165 (Overall: 0.8641, Change: 1.3318), TF Ratio: 0.943
[2026-06-16 05:46:59,046][root][INFO] - Epoch [1/5], Batch [288/300], Loss: 1.3158 (Overall: 1.1607, Change: 1.0800), TF Ratio: 0.942
[2026-06-16 05:47:02,398][root][INFO] - Epoch [1/5], Batch [289/300], Loss: 1.3153 (Overall: 0.8602, Change: 1.4979), TF Ratio: 0.942
[2026-06-16 05:47:02,551][root][INFO] - Epoch [1/5], Batch [290/300], Loss: 1.3139 (Overall: 0.7616, Change: 1.0593), TF Ratio: 0.942
[2026-06-16 05:47:02,705][root][INFO] - Epoch [1/5], Batch [291/300], Loss: 1.3140 (Overall: 0.9226, Change: 1.7464), TF Ratio: 0.942
[2026-06-16 05:47:07,955][root][INFO] - Epoch [1/5], Batch [292/300], Loss: 1.3144 (Overall: 1.3761, Change: 1.4827), TF Ratio: 0.942
[2026-06-16 05:47:08,114][root][INFO] - Epoch [1/5], Batch [293/300], Loss: 1.3129 (Overall: 0.8403, Change: 0.9006), TF Ratio: 0.941
[2026-06-16 05:47:08,267][root][INFO] - Epoch [1/5], Batch [294/300], Loss: 1.3130 (Overall: 0.9294, Change: 1.7723), TF Ratio: 0.941
[2026-06-16 05:47:08,421][root][INFO] - Epoch [1/5], Batch [295/300], Loss: 1.3116 (Overall: 0.9169, Change: 0.9067), TF Ratio: 0.941
[2026-06-16 05:47:08,592][root][INFO] - Epoch [1/5], Batch [296/300], Loss: 1.3114 (Overall: 1.0064, Change: 1.4614), TF Ratio: 0.941
[2026-06-16 05:47:08,746][root][INFO] - Epoch [1/5], Batch [297/300], Loss: 1.3102 (Overall: 0.6300, Change: 1.3120), TF Ratio: 0.941
[2026-06-16 05:47:08,910][root][INFO] - Epoch [1/5], Batch [298/300], Loss: 1.3100 (Overall: 0.9838, Change: 1.4899), TF Ratio: 0.940
[2026-06-16 05:47:09,064][root][INFO] - Epoch [1/5], Batch [299/300], Loss: 1.3094 (Overall: 0.9552, Change: 1.3423), TF Ratio: 0.940
[2026-06-16 05:47:11,422][root][INFO] - Epoch [1/5], Batch [300/300], Loss: 1.3087 (Overall: 0.8095, Change: 1.3702), TF Ratio: 0.940
[2026-06-16 05:47:24,316][root][INFO] - Epoch 1 done. Validating...
[2026-06-16 05:47:57,222][root][INFO] - Epoch [1/5] | Train: 1.3249 | Val: 0.9452
[2026-06-16 05:47:57,658][root][INFO] - Checkpoint saved: /gpfs/scratch/bsc32/bsc096444/ai4land-tfm/trained_models/unet_impl/41825153/best_model.pth
[2026-06-16 05:47:57,837][root][INFO] - Checkpoint saved: /gpfs/scratch/bsc32/bsc096444/ai4land-tfm/trained_models/unet_impl/41825153/model_epoch_1.pth
[2026-06-16 05:48:14,394][root][INFO] - Epoch [2/5], Batch [1/300], Loss: 1.1046 (Overall: 0.8850, Change: 1.3242), TF Ratio: 0.940
[2026-06-16 05:48:14,548][root][INFO] - Epoch [2/5], Batch [2/300], Loss: 1.2589 (Overall: 1.3317, Change: 1.4947), TF Ratio: 0.940
[2026-06-16 05:48:14,701][root][INFO] - Epoch [2/5], Batch [3/300], Loss: 1.1691 (Overall: 0.6348, Change: 1.3445), TF Ratio: 0.939
[2026-06-16 05:48:16,326][root][INFO] - Epoch [2/5], Batch [4/300], Loss: 1.1818 (Overall: 0.7985, Change: 1.6412), TF Ratio: 0.939
[2026-06-16 05:48:16,482][root][INFO] - Epoch [2/5], Batch [5/300], Loss: 1.1556 (Overall: 0.7602, Change: 1.3408), TF Ratio: 0.939
[2026-06-16 05:48:16,636][root][INFO] - Epoch [2/5], Batch [6/300], Loss: 1.1664 (Overall: 0.8292, Change: 1.6118), TF Ratio: 0.939
[2026-06-16 05:48:16,791][root][INFO] - Epoch [2/5], Batch [7/300], Loss: 1.1509 (Overall: 0.8769, Change: 1.2385), TF Ratio: 0.939
[2026-06-16 05:48:16,964][root][INFO] - Epoch [2/5], Batch [8/300], Loss: 1.1588 (Overall: 0.8063, Change: 1.6223), TF Ratio: 0.938
[2026-06-16 05:48:17,118][root][INFO] - Epoch [2/5], Batch [9/300], Loss: 1.1754 (Overall: 0.9973, Change: 1.6194), TF Ratio: 0.938
[2026-06-16 05:48:17,271][root][INFO] - Epoch [2/5], Batch [10/300], Loss: 1.1803 (Overall: 0.9608, Change: 1.4874), TF Ratio: 0.938
[2026-06-16 05:48:17,424][root][INFO] - Epoch [2/5], Batch [11/300], Loss: 1.1783 (Overall: 0.9295, Change: 1.3868), TF Ratio: 0.938
[2026-06-16 05:48:28,241][root][INFO] - Epoch [2/5], Batch [12/300], Loss: 1.1700 (Overall: 0.9115, Change: 1.2468), TF Ratio: 0.938
[2026-06-16 05:48:28,795][root][INFO] - Epoch [2/5], Batch [13/300], Loss: 1.1592 (Overall: 0.7143, Change: 1.3450), TF Ratio: 0.937
[2026-06-16 05:48:28,949][root][INFO] - Epoch [2/5], Batch [14/300], Loss: 1.1590 (Overall: 0.6731, Change: 1.6390), TF Ratio: 0.937
[2026-06-16 05:48:29,101][root][INFO] - Epoch [2/5], Batch [15/300], Loss: 1.1292 (Overall: 0.6709, Change: 0.7522), TF Ratio: 0.937
[2026-06-16 05:48:29,670][root][INFO] - Epoch [2/5], Batch [16/300], Loss: 1.1354 (Overall: 1.0397, Change: 1.4184), TF Ratio: 0.937
[2026-06-16 05:48:29,823][root][INFO] - Epoch [2/5], Batch [17/300], Loss: 1.1417 (Overall: 0.7969, Change: 1.6878), TF Ratio: 0.937
[2026-06-16 05:48:29,977][root][INFO] - Epoch [2/5], Batch [18/300], Loss: 1.1302 (Overall: 0.7084, Change: 1.1598), TF Ratio: 0.936
[2026-06-16 05:48:30,131][root][INFO] - Epoch [2/5], Batch [19/300], Loss: 1.1343 (Overall: 0.9882, Change: 1.4311), TF Ratio: 0.936
[2026-06-16 05:48:30,302][root][INFO] - Epoch [2/5], Batch [20/300], Loss: 1.1278 (Overall: 0.7139, Change: 1.2924), TF Ratio: 0.936
[2026-06-16 05:48:30,456][root][INFO] - Epoch [2/5], Batch [21/300], Loss: 1.1321 (Overall: 0.9054, Change: 1.5309), TF Ratio: 0.936
[2026-06-16 05:48:30,610][root][INFO] - Epoch [2/5], Batch [22/300], Loss: 1.1302 (Overall: 0.9167, Change: 1.2668), TF Ratio: 0.936
[2026-06-16 05:48:30,764][root][INFO] - Epoch [2/5], Batch [23/300], Loss: 1.1399 (Overall: 1.1053, Change: 1.5972), TF Ratio: 0.935
[2026-06-16 05:48:41,800][root][INFO] - Epoch [2/5], Batch [24/300], Loss: 1.1323 (Overall: 0.7183, Change: 1.1979), TF Ratio: 0.935
[2026-06-16 05:48:43,001][root][INFO] - Epoch [2/5], Batch [25/300], Loss: 1.1290 (Overall: 0.7884, Change: 1.3122), TF Ratio: 0.935
[2026-06-16 05:48:43,155][root][INFO] - Epoch [2/5], Batch [26/300], Loss: 1.1321 (Overall: 0.9838, Change: 1.4375), TF Ratio: 0.935
[2026-06-16 05:48:43,308][root][INFO] - Epoch [2/5], Batch [27/300], Loss: 1.1289 (Overall: 0.8246, Change: 1.2660), TF Ratio: 0.935
[2026-06-16 05:48:43,473][root][INFO] - Epoch [2/5], Batch [28/300], Loss: 1.1155 (Overall: 0.7171, Change: 0.7886), TF Ratio: 0.934
[2026-06-16 05:48:43,628][root][INFO] - Epoch [2/5], Batch [29/300], Loss: 1.1095 (Overall: 0.7905, Change: 1.0944), TF Ratio: 0.934
[2026-06-16 05:48:43,782][root][INFO] - Epoch [2/5], Batch [30/300], Loss: 1.1117 (Overall: 0.7809, Change: 1.5697), TF Ratio: 0.934
[2026-06-16 05:48:43,937][root][INFO] - Epoch [2/5], Batch [31/300], Loss: 1.1169 (Overall: 0.9021, Change: 1.6409), TF Ratio: 0.934
[2026-06-16 05:48:44,225][root][INFO] - Epoch [2/5], Batch [32/300], Loss: 1.1167 (Overall: 0.8973, Change: 1.3239), TF Ratio: 0.934
[2026-06-16 05:48:44,379][root][INFO] - Epoch [2/5], Batch [33/300], Loss: 1.1205 (Overall: 0.7673, Change: 1.7182), TF Ratio: 0.933
[2026-06-16 05:48:44,532][root][INFO] - Epoch [2/5], Batch [34/300], Loss: 1.1251 (Overall: 1.1924, Change: 1.3606), TF Ratio: 0.933
[2026-06-16 05:48:44,685][root][INFO] - Epoch [2/5], Batch [35/300], Loss: 1.1246 (Overall: 0.8884, Change: 1.3260), TF Ratio: 0.933
[2026-06-16 05:48:56,587][root][INFO] - Epoch [2/5], Batch [36/300], Loss: 1.1310 (Overall: 0.9446, Change: 1.7662), TF Ratio: 0.933
[2026-06-16 05:48:57,655][root][INFO] - Epoch [2/5], Batch [37/300], Loss: 1.1304 (Overall: 0.9852, Change: 1.2313), TF Ratio: 0.933
[2026-06-16 05:48:57,808][root][INFO] - Epoch [2/5], Batch [38/300], Loss: 1.1360 (Overall: 1.1789, Change: 1.5121), TF Ratio: 0.932
[2026-06-16 05:48:57,960][root][INFO] - Epoch [2/5], Batch [39/300], Loss: 1.1311 (Overall: 0.7250, Change: 1.1661), TF Ratio: 0.932
[2026-06-16 05:48:58,129][root][INFO] - Epoch [2/5], Batch [40/300], Loss: 1.1332 (Overall: 0.8781, Change: 1.5483), TF Ratio: 0.932
[2026-06-16 05:48:58,283][root][INFO] - Epoch [2/5], Batch [41/300], Loss: 1.1333 (Overall: 0.9027, Change: 1.3733), TF Ratio: 0.932
[2026-06-16 05:48:58,438][root][INFO] - Epoch [2/5], Batch [42/300], Loss: 1.1355 (Overall: 0.8006, Change: 1.6529), TF Ratio: 0.932
[2026-06-16 05:48:58,591][root][INFO] - Epoch [2/5], Batch [43/300], Loss: 1.1338 (Overall: 0.7817, Change: 1.3392), TF Ratio: 0.931
[2026-06-16 05:48:58,868][root][INFO] - Epoch [2/5], Batch [44/300], Loss: 1.1347 (Overall: 0.7834, Change: 1.5675), TF Ratio: 0.931
[2026-06-16 05:48:59,022][root][INFO] - Epoch [2/5], Batch [45/300], Loss: 1.1349 (Overall: 0.9711, Change: 1.3095), TF Ratio: 0.931
[2026-06-16 05:48:59,175][root][INFO] - Epoch [2/5], Batch [46/300], Loss: 1.1367 (Overall: 0.9400, Change: 1.4950), TF Ratio: 0.931
[2026-06-16 05:48:59,327][root][INFO] - Epoch [2/5], Batch [47/300], Loss: 1.1316 (Overall: 0.7028, Change: 1.0982), TF Ratio: 0.931
[2026-06-16 05:49:09,815][root][INFO] - Epoch [2/5], Batch [48/300], Loss: 1.1329 (Overall: 0.8167, Change: 1.5684), TF Ratio: 0.930
[2026-06-16 05:49:11,315][root][INFO] - Epoch [2/5], Batch [49/300], Loss: 1.1345 (Overall: 0.6626, Change: 1.7595), TF Ratio: 0.930
[2026-06-16 05:49:11,468][root][INFO] - Epoch [2/5], Batch [50/300], Loss: 1.1358 (Overall: 1.0307, Change: 1.3684), TF Ratio: 0.930
[2026-06-16 05:49:11,621][root][INFO] - Epoch [2/5], Batch [51/300], Loss: 1.1349 (Overall: 0.9389, Change: 1.2439), TF Ratio: 0.930
[2026-06-16 05:49:11,790][root][INFO] - Epoch [2/5], Batch [52/300], Loss: 1.1390 (Overall: 0.8580, Change: 1.8298), TF Ratio: 0.930
[2026-06-16 05:49:11,944][root][INFO] - Epoch [2/5], Batch [53/300], Loss: 1.1412 (Overall: 0.7513, Change: 1.7621), TF Ratio: 0.929
[2026-06-16 05:49:12,097][root][INFO] - Epoch [2/5], Batch [54/300], Loss: 1.1419 (Overall: 0.9101, Change: 1.4544), TF Ratio: 0.929
[2026-06-16 05:49:12,250][root][INFO] - Epoch [2/5], Batch [55/300], Loss: 1.1405 (Overall: 0.6282, Change: 1.5005), TF Ratio: 0.929
[2026-06-16 05:49:15,061][root][INFO] - Epoch [2/5], Batch [56/300], Loss: 1.1410 (Overall: 0.7885, Change: 1.5419), TF Ratio: 0.929
[2026-06-16 05:49:15,216][root][INFO] - Epoch [2/5], Batch [57/300], Loss: 1.1416 (Overall: 0.6665, Change: 1.6891), TF Ratio: 0.929
[2026-06-16 05:49:15,369][root][INFO] - Epoch [2/5], Batch [58/300], Loss: 1.1425 (Overall: 0.7206, Change: 1.6708), TF Ratio: 0.928
[2026-06-16 05:49:15,523][root][INFO] - Epoch [2/5], Batch [59/300], Loss: 1.1385 (Overall: 0.7534, Change: 1.0491), TF Ratio: 0.928
[2026-06-16 05:49:23,323][root][INFO] - Epoch [2/5], Batch [60/300], Loss: 1.1404 (Overall: 0.9487, Change: 1.5581), TF Ratio: 0.928
[2026-06-16 05:49:24,398][root][INFO] - Epoch [2/5], Batch [61/300], Loss: 1.1432 (Overall: 1.1173, Change: 1.5126), TF Ratio: 0.928
[2026-06-16 05:49:24,940][root][INFO] - Epoch [2/5], Batch [62/300], Loss: 1.1434 (Overall: 0.6552, Change: 1.6557), TF Ratio: 0.928
[2026-06-16 05:49:25,094][root][INFO] - Epoch [2/5], Batch [63/300], Loss: 1.1435 (Overall: 0.8150, Change: 1.4780), TF Ratio: 0.927
[2026-06-16 05:49:25,267][root][INFO] - Epoch [2/5], Batch [64/300], Loss: 1.1425 (Overall: 0.8402, Change: 1.3179), TF Ratio: 0.927
[2026-06-16 05:49:25,422][root][INFO] - Epoch [2/5], Batch [65/300], Loss: 1.1386 (Overall: 0.6734, Change: 1.1046), TF Ratio: 0.927
[2026-06-16 05:49:25,575][root][INFO] - Epoch [2/5], Batch [66/300], Loss: 1.1361 (Overall: 0.8946, Change: 1.0594), TF Ratio: 0.927
[2026-06-16 05:49:25,728][root][INFO] - Epoch [2/5], Batch [67/300], Loss: 1.1369 (Overall: 0.7581, Change: 1.6249), TF Ratio: 0.927
[2026-06-16 05:49:30,006][root][INFO] - Epoch [2/5], Batch [68/300], Loss: 1.1363 (Overall: 0.6242, Change: 1.5632), TF Ratio: 0.926
[2026-06-16 05:49:30,163][root][INFO] - Epoch [2/5], Batch [69/300], Loss: 1.1358 (Overall: 0.5616, Change: 1.6472), TF Ratio: 0.926
[2026-06-16 05:49:30,316][root][INFO] - Epoch [2/5], Batch [70/300], Loss: 1.1336 (Overall: 0.6193, Change: 1.3316), TF Ratio: 0.926
[2026-06-16 05:49:30,476][root][INFO] - Epoch [2/5], Batch [71/300], Loss: 1.1346 (Overall: 0.7477, Change: 1.6743), TF Ratio: 0.926
[2026-06-16 05:49:35,642][root][INFO] - Epoch [2/5], Batch [72/300], Loss: 1.1364 (Overall: 1.0434, Change: 1.4751), TF Ratio: 0.926
[2026-06-16 05:49:37,984][root][INFO] - Epoch [2/5], Batch [73/300], Loss: 1.1358 (Overall: 0.7465, Change: 1.4436), TF Ratio: 0.925
[2026-06-16 05:49:38,458][root][INFO] - Epoch [2/5], Batch [74/300], Loss: 1.1433 (Overall: 1.4772, Change: 1.8976), TF Ratio: 0.925
[2026-06-16 05:49:38,612][root][INFO] - Epoch [2/5], Batch [75/300], Loss: 1.1421 (Overall: 0.6191, Change: 1.4957), TF Ratio: 0.925
[2026-06-16 05:49:38,780][root][INFO] - Epoch [2/5], Batch [76/300], Loss: 1.1423 (Overall: 0.8493, Change: 1.4574), TF Ratio: 0.925
[2026-06-16 05:49:38,935][root][INFO] - Epoch [2/5], Batch [77/300], Loss: 1.1470 (Overall: 1.3265, Change: 1.6856), TF Ratio: 0.925
[2026-06-16 05:49:39,089][root][INFO] - Epoch [2/5], Batch [78/300], Loss: 1.1444 (Overall: 0.9196, Change: 0.9676), TF Ratio: 0.924
[2026-06-16 05:49:39,243][root][INFO] - Epoch [2/5], Batch [79/300], Loss: 1.1414 (Overall: 0.7378, Change: 1.0770), TF Ratio: 0.924
[2026-06-16 05:49:45,382][root][INFO] - Epoch [2/5], Batch [80/300], Loss: 1.1421 (Overall: 0.7391, Change: 1.6505), TF Ratio: 0.924
[2026-06-16 05:49:45,538][root][INFO] - Epoch [2/5], Batch [81/300], Loss: 1.1399 (Overall: 0.6183, Change: 1.3123), TF Ratio: 0.924
[2026-06-16 05:49:45,692][root][INFO] - Epoch [2/5], Batch [82/300], Loss: 1.1358 (Overall: 0.6005, Change: 1.0106), TF Ratio: 0.924
[2026-06-16 05:49:45,845][root][INFO] - Epoch [2/5], Batch [83/300], Loss: 1.1406 (Overall: 0.9781, Change: 2.0923), TF Ratio: 0.923
[2026-06-16 05:49:50,232][root][INFO] - Epoch [2/5], Batch [84/300], Loss: 1.1427 (Overall: 0.9543, Change: 1.6768), TF Ratio: 0.923
[2026-06-16 05:49:53,317][root][INFO] - Epoch [2/5], Batch [85/300], Loss: 1.1424 (Overall: 0.6890, Change: 1.5407), TF Ratio: 0.923
[2026-06-16 05:49:53,470][root][INFO] - Epoch [2/5], Batch [86/300], Loss: 1.1487 (Overall: 1.6678, Change: 1.7145), TF Ratio: 0.923
[2026-06-16 05:49:53,623][root][INFO] - Epoch [2/5], Batch [87/300], Loss: 1.1471 (Overall: 0.7074, Change: 1.3046), TF Ratio: 0.923
[2026-06-16 05:49:53,793][root][INFO] - Epoch [2/5], Batch [88/300], Loss: 1.1471 (Overall: 0.7180, Change: 1.5827), TF Ratio: 0.922
[2026-06-16 05:49:53,947][root][INFO] - Epoch [2/5], Batch [89/300], Loss: 1.1456 (Overall: 0.8519, Change: 1.1651), TF Ratio: 0.922
[2026-06-16 05:49:54,100][root][INFO] - Epoch [2/5], Batch [90/300], Loss: 1.1439 (Overall: 0.6800, Change: 1.3056), TF Ratio: 0.922
[2026-06-16 05:49:54,253][root][INFO] - Epoch [2/5], Batch [91/300], Loss: 1.1426 (Overall: 0.6982, Change: 1.3549), TF Ratio: 0.922
[2026-06-16 05:49:59,549][root][INFO] - Epoch [2/5], Batch [92/300], Loss: 1.1421 (Overall: 0.7351, Change: 1.4610), TF Ratio: 0.922
[2026-06-16 05:49:59,705][root][INFO] - Epoch [2/5], Batch [93/300], Loss: 1.1427 (Overall: 0.6764, Change: 1.7120), TF Ratio: 0.921
[2026-06-16 05:49:59,860][root][INFO] - Epoch [2/5], Batch [94/300], Loss: 1.1424 (Overall: 0.7591, Change: 1.4795), TF Ratio: 0.921
[2026-06-16 05:50:00,017][root][INFO] - Epoch [2/5], Batch [95/300], Loss: 1.1405 (Overall: 0.6900, Change: 1.2232), TF Ratio: 0.921
[2026-06-16 05:50:03,852][root][INFO] - Epoch [2/5], Batch [96/300], Loss: 1.1421 (Overall: 1.0035, Change: 1.5999), TF Ratio: 0.921
[2026-06-16 05:50:06,713][root][INFO] - Epoch [2/5], Batch [97/300], Loss: 1.1421 (Overall: 0.8435, Change: 1.4254), TF Ratio: 0.921
[2026-06-16 05:50:07,528][root][INFO] - Epoch [2/5], Batch [98/300], Loss: 1.1449 (Overall: 0.9598, Change: 1.8833), TF Ratio: 0.920
[2026-06-16 05:50:07,681][root][INFO] - Epoch [2/5], Batch [99/300], Loss: 1.1445 (Overall: 0.7887, Change: 1.4119), TF Ratio: 0.920
[2026-06-16 05:50:07,852][root][INFO] - Epoch [2/5], Batch [100/300], Loss: 1.1440 (Overall: 1.0514, Change: 1.1393), TF Ratio: 0.920
[2026-06-16 05:50:08,015][root][INFO] - Epoch [2/5], Batch [101/300], Loss: 1.1444 (Overall: 0.7149, Change: 1.6503), TF Ratio: 0.920
[2026-06-16 05:50:08,169][root][INFO] - Epoch [2/5], Batch [102/300], Loss: 1.1441 (Overall: 0.6962, Change: 1.5400), TF Ratio: 0.920
[2026-06-16 05:50:08,323][root][INFO] - Epoch [2/5], Batch [103/300], Loss: 1.1452 (Overall: 0.7664, Change: 1.7383), TF Ratio: 0.919
[2026-06-16 05:50:15,330][root][INFO] - Epoch [2/5], Batch [104/300], Loss: 1.1422 (Overall: 0.6547, Change: 1.0206), TF Ratio: 0.919
[2026-06-16 05:50:15,495][root][INFO] - Epoch [2/5], Batch [105/300], Loss: 1.1427 (Overall: 0.8355, Change: 1.5465), TF Ratio: 0.919
[2026-06-16 05:50:15,648][root][INFO] - Epoch [2/5], Batch [106/300], Loss: 1.1384 (Overall: 0.6558, Change: 0.7207), TF Ratio: 0.919
[2026-06-16 05:50:15,802][root][INFO] - Epoch [2/5], Batch [107/300], Loss: 1.1376 (Overall: 0.7907, Change: 1.3150), TF Ratio: 0.919
[2026-06-16 05:50:17,262][root][INFO] - Epoch [2/5], Batch [108/300], Loss: 1.1359 (Overall: 0.6616, Change: 1.2613), TF Ratio: 0.918
[2026-06-16 05:50:21,213][root][INFO] - Epoch [2/5], Batch [109/300], Loss: 1.1350 (Overall: 0.6828, Change: 1.3861), TF Ratio: 0.918
[2026-06-16 05:50:21,366][root][INFO] - Epoch [2/5], Batch [110/300], Loss: 1.1344 (Overall: 0.8124, Change: 1.3162), TF Ratio: 0.918
[2026-06-16 05:50:21,519][root][INFO] - Epoch [2/5], Batch [111/300], Loss: 1.1354 (Overall: 0.9118, Change: 1.5887), TF Ratio: 0.918
[2026-06-16 05:50:21,692][root][INFO] - Epoch [2/5], Batch [112/300], Loss: 1.1360 (Overall: 0.7886, Change: 1.6061), TF Ratio: 0.918
[2026-06-16 05:50:21,855][root][INFO] - Epoch [2/5], Batch [113/300], Loss: 1.1360 (Overall: 0.6916, Change: 1.5958), TF Ratio: 0.917
[2026-06-16 05:50:22,008][root][INFO] - Epoch [2/5], Batch [114/300], Loss: 1.1335 (Overall: 0.6694, Change: 1.0240), TF Ratio: 0.917
[2026-06-16 05:50:22,162][root][INFO] - Epoch [2/5], Batch [115/300], Loss: 1.1329 (Overall: 0.7458, Change: 1.3842), TF Ratio: 0.917
[2026-06-16 05:50:29,070][root][INFO] - Epoch [2/5], Batch [116/300], Loss: 1.1345 (Overall: 1.2328, Change: 1.3940), TF Ratio: 0.917
[2026-06-16 05:50:29,225][root][INFO] - Epoch [2/5], Batch [117/300], Loss: 1.1349 (Overall: 0.9648, Change: 1.4028), TF Ratio: 0.917
[2026-06-16 05:50:29,379][root][INFO] - Epoch [2/5], Batch [118/300], Loss: 1.1365 (Overall: 1.2494, Change: 1.3989), TF Ratio: 0.916
[2026-06-16 05:50:29,532][root][INFO] - Epoch [2/5], Batch [119/300], Loss: 1.1350 (Overall: 0.7632, Change: 1.1562), TF Ratio: 0.916
[2026-06-16 05:50:30,803][root][INFO] - Epoch [2/5], Batch [120/300], Loss: 1.1346 (Overall: 0.9097, Change: 1.2573), TF Ratio: 0.916
[2026-06-16 05:50:34,963][root][INFO] - Epoch [2/5], Batch [121/300], Loss: 1.1347 (Overall: 0.9569, Change: 1.3424), TF Ratio: 0.916
[2026-06-16 05:50:35,117][root][INFO] - Epoch [2/5], Batch [122/300], Loss: 1.1369 (Overall: 1.0056, Change: 1.7922), TF Ratio: 0.916
[2026-06-16 05:50:35,271][root][INFO] - Epoch [2/5], Batch [123/300], Loss: 1.1375 (Overall: 0.8484, Change: 1.5874), TF Ratio: 0.915
[2026-06-16 05:50:35,462][root][INFO] - Epoch [2/5], Batch [124/300], Loss: 1.1371 (Overall: 0.9437, Change: 1.2168), TF Ratio: 0.915
[2026-06-16 05:50:35,616][root][INFO] - Epoch [2/5], Batch [125/300], Loss: 1.1385 (Overall: 1.0659, Change: 1.5629), TF Ratio: 0.915
[2026-06-16 05:50:35,769][root][INFO] - Epoch [2/5], Batch [126/300], Loss: 1.1382 (Overall: 0.9516, Change: 1.2491), TF Ratio: 0.915
[2026-06-16 05:50:35,923][root][INFO] - Epoch [2/5], Batch [127/300], Loss: 1.1374 (Overall: 0.7654, Change: 1.3213), TF Ratio: 0.915
[2026-06-16 05:50:42,856][root][INFO] - Epoch [2/5], Batch [128/300], Loss: 1.1363 (Overall: 0.8275, Change: 1.1671), TF Ratio: 0.914
[2026-06-16 05:50:43,011][root][INFO] - Epoch [2/5], Batch [129/300], Loss: 1.1356 (Overall: 0.8305, Change: 1.2504), TF Ratio: 0.914
[2026-06-16 05:50:43,165][root][INFO] - Epoch [2/5], Batch [130/300], Loss: 1.1352 (Overall: 0.7731, Change: 1.3978), TF Ratio: 0.914
[2026-06-16 05:50:43,318][root][INFO] - Epoch [2/5], Batch [131/300], Loss: 1.1337 (Overall: 0.8229, Change: 1.0654), TF Ratio: 0.914
[2026-06-16 05:50:44,708][root][INFO] - Epoch [2/5], Batch [132/300], Loss: 1.1346 (Overall: 0.8449, Change: 1.6434), TF Ratio: 0.914
[2026-06-16 05:50:48,415][root][INFO] - Epoch [2/5], Batch [133/300], Loss: 1.1341 (Overall: 0.8011, Change: 1.3370), TF Ratio: 0.913
[2026-06-16 05:50:49,181][root][INFO] - Epoch [2/5], Batch [134/300], Loss: 1.1338 (Overall: 0.6806, Change: 1.5091), TF Ratio: 0.913
[2026-06-16 05:50:49,335][root][INFO] - Epoch [2/5], Batch [135/300], Loss: 1.1336 (Overall: 0.7622, Change: 1.4585), TF Ratio: 0.913
[2026-06-16 05:50:49,507][root][INFO] - Epoch [2/5], Batch [136/300], Loss: 1.1333 (Overall: 0.8642, Change: 1.3278), TF Ratio: 0.913
[2026-06-16 05:50:49,661][root][INFO] - Epoch [2/5], Batch [137/300], Loss: 1.1329 (Overall: 0.7872, Change: 1.3539), TF Ratio: 0.913
[2026-06-16 05:50:49,815][root][INFO] - Epoch [2/5], Batch [138/300], Loss: 1.1324 (Overall: 0.9190, Change: 1.2195), TF Ratio: 0.912
[2026-06-16 05:50:49,969][root][INFO] - Epoch [2/5], Batch [139/300], Loss: 1.1319 (Overall: 0.7335, Change: 1.3952), TF Ratio: 0.912
[2026-06-16 05:50:56,847][root][INFO] - Epoch [2/5], Batch [140/300], Loss: 1.1312 (Overall: 0.7782, Change: 1.2756), TF Ratio: 0.912
[2026-06-16 05:50:57,002][root][INFO] - Epoch [2/5], Batch [141/300], Loss: 1.1304 (Overall: 0.8003, Change: 1.2538), TF Ratio: 0.912
[2026-06-16 05:50:57,156][root][INFO] - Epoch [2/5], Batch [142/300], Loss: 1.1303 (Overall: 0.7122, Change: 1.4952), TF Ratio: 0.912
[2026-06-16 05:50:57,310][root][INFO] - Epoch [2/5], Batch [143/300], Loss: 1.1288 (Overall: 0.7189, Change: 1.1111), TF Ratio: 0.911
[2026-06-16 05:50:57,679][root][INFO] - Epoch [2/5], Batch [144/300], Loss: 1.1292 (Overall: 0.6298, Change: 1.7609), TF Ratio: 0.911
[2026-06-16 05:51:03,431][root][INFO] - Epoch [2/5], Batch [145/300], Loss: 1.1295 (Overall: 0.6450, Change: 1.7036), TF Ratio: 0.911
[2026-06-16 05:51:03,584][root][INFO] - Epoch [2/5], Batch [146/300], Loss: 1.1289 (Overall: 0.8288, Change: 1.2441), TF Ratio: 0.911
[2026-06-16 05:51:03,738][root][INFO] - Epoch [2/5], Batch [147/300], Loss: 1.1305 (Overall: 0.7640, Change: 1.9608), TF Ratio: 0.911
[2026-06-16 05:51:03,921][root][INFO] - Epoch [2/5], Batch [148/300], Loss: 1.1298 (Overall: 0.8118, Change: 1.2343), TF Ratio: 0.910
[2026-06-16 05:51:04,075][root][INFO] - Epoch [2/5], Batch [149/300], Loss: 1.1310 (Overall: 1.3112, Change: 1.3244), TF Ratio: 0.910
[2026-06-16 05:51:04,228][root][INFO] - Epoch [2/5], Batch [150/300], Loss: 1.1311 (Overall: 0.9576, Change: 1.3319), TF Ratio: 0.910
[2026-06-16 05:51:04,382][root][INFO] - Epoch [2/5], Batch [151/300], Loss: 1.1317 (Overall: 0.9901, Change: 1.4410), TF Ratio: 0.910
[2026-06-16 05:51:11,998][root][INFO] - Epoch [2/5], Batch [152/300], Loss: 1.1321 (Overall: 0.9285, Change: 1.4751), TF Ratio: 0.910
[2026-06-16 05:51:12,154][root][INFO] - Epoch [2/5], Batch [153/300], Loss: 1.1336 (Overall: 0.8496, Change: 1.8508), TF Ratio: 0.909
[2026-06-16 05:51:12,306][root][INFO] - Epoch [2/5], Batch [154/300], Loss: 1.1333 (Overall: 0.8629, Change: 1.3192), TF Ratio: 0.909
[2026-06-16 05:51:12,460][root][INFO] - Epoch [2/5], Batch [155/300], Loss: 1.1331 (Overall: 0.6697, Change: 1.5446), TF Ratio: 0.909
[2026-06-16 05:51:12,643][root][INFO] - Epoch [2/5], Batch [156/300], Loss: 1.1330 (Overall: 0.9609, Change: 1.2843), TF Ratio: 0.909
[2026-06-16 05:51:16,520][root][INFO] - Epoch [2/5], Batch [157/300], Loss: 1.1330 (Overall: 0.8365, Change: 1.4169), TF Ratio: 0.909
[2026-06-16 05:51:16,674][root][INFO] - Epoch [2/5], Batch [158/300], Loss: 1.1338 (Overall: 1.0939, Change: 1.4154), TF Ratio: 0.908
[2026-06-16 05:51:16,827][root][INFO] - Epoch [2/5], Batch [159/300], Loss: 1.1329 (Overall: 1.0803, Change: 0.9056), TF Ratio: 0.908
[2026-06-16 05:51:17,213][root][INFO] - Epoch [2/5], Batch [160/300], Loss: 1.1333 (Overall: 0.6142, Change: 1.7889), TF Ratio: 0.908
[2026-06-16 05:51:17,367][root][INFO] - Epoch [2/5], Batch [161/300], Loss: 1.1332 (Overall: 0.7570, Change: 1.4632), TF Ratio: 0.908
[2026-06-16 05:51:17,521][root][INFO] - Epoch [2/5], Batch [162/300], Loss: 1.1340 (Overall: 0.7940, Change: 1.7432), TF Ratio: 0.908
[2026-06-16 05:51:17,674][root][INFO] - Epoch [2/5], Batch [163/300], Loss: 1.1336 (Overall: 0.7481, Change: 1.3967), TF Ratio: 0.907
[2026-06-16 05:51:25,658][root][INFO] - Epoch [2/5], Batch [164/300], Loss: 1.1319 (Overall: 0.6140, Change: 1.0977), TF Ratio: 0.907
[2026-06-16 05:51:25,817][root][INFO] - Epoch [2/5], Batch [165/300], Loss: 1.1320 (Overall: 0.6688, Change: 1.6096), TF Ratio: 0.907
[2026-06-16 05:51:25,970][root][INFO] - Epoch [2/5], Batch [166/300], Loss: 1.1313 (Overall: 0.5993, Change: 1.4433), TF Ratio: 0.907
[2026-06-16 05:51:26,124][root][INFO] - Epoch [2/5], Batch [167/300], Loss: 1.1313 (Overall: 0.8756, Change: 1.3773), TF Ratio: 0.907
[2026-06-16 05:51:26,293][root][INFO] - Epoch [2/5], Batch [168/300], Loss: 1.1314 (Overall: 1.0685, Change: 1.2493), TF Ratio: 0.906
[2026-06-16 05:51:30,558][root][INFO] - Epoch [2/5], Batch [169/300], Loss: 1.1308 (Overall: 0.7257, Change: 1.3207), TF Ratio: 0.906
[2026-06-16 05:51:30,712][root][INFO] - Epoch [2/5], Batch [170/300], Loss: 1.1304 (Overall: 0.8096, Change: 1.3095), TF Ratio: 0.906
[2026-06-16 05:51:30,865][root][INFO] - Epoch [2/5], Batch [171/300], Loss: 1.1309 (Overall: 1.1149, Change: 1.3378), TF Ratio: 0.906
[2026-06-16 05:51:31,032][root][INFO] - Epoch [2/5], Batch [172/300], Loss: 1.1316 (Overall: 0.9506, Change: 1.5199), TF Ratio: 0.906
[2026-06-16 05:51:31,186][root][INFO] - Epoch [2/5], Batch [173/300], Loss: 1.1319 (Overall: 0.9817, Change: 1.4017), TF Ratio: 0.905
[2026-06-16 05:51:31,339][root][INFO] - Epoch [2/5], Batch [174/300], Loss: 1.1317 (Overall: 0.8988, Change: 1.2789), TF Ratio: 0.905
[2026-06-16 05:51:31,491][root][INFO] - Epoch [2/5], Batch [175/300], Loss: 1.1317 (Overall: 0.8282, Change: 1.4562), TF Ratio: 0.905
[2026-06-16 05:51:38,579][root][INFO] - Epoch [2/5], Batch [176/300], Loss: 1.1298 (Overall: 0.4770, Change: 1.1212), TF Ratio: 0.905
[2026-06-16 05:51:38,735][root][INFO] - Epoch [2/5], Batch [177/300], Loss: 1.1290 (Overall: 0.6215, Change: 1.3511), TF Ratio: 0.905
[2026-06-16 05:51:38,888][root][INFO] - Epoch [2/5], Batch [178/300], Loss: 1.1285 (Overall: 0.6998, Change: 1.3770), TF Ratio: 0.904
[2026-06-16 05:51:39,042][root][INFO] - Epoch [2/5], Batch [179/300], Loss: 1.1283 (Overall: 0.9147, Change: 1.2648), TF Ratio: 0.904
[2026-06-16 05:51:39,231][root][INFO] - Epoch [2/5], Batch [180/300], Loss: 1.1292 (Overall: 0.9226, Change: 1.6624), TF Ratio: 0.904
[2026-06-16 05:51:43,627][root][INFO] - Epoch [2/5], Batch [181/300], Loss: 1.1285 (Overall: 0.7833, Change: 1.2300), TF Ratio: 0.904
[2026-06-16 05:51:43,780][root][INFO] - Epoch [2/5], Batch [182/300], Loss: 1.1285 (Overall: 0.8620, Change: 1.4002), TF Ratio: 0.904
[2026-06-16 05:51:43,933][root][INFO] - Epoch [2/5], Batch [183/300], Loss: 1.1300 (Overall: 1.1741, Change: 1.6190), TF Ratio: 0.903
[2026-06-16 05:51:44,328][root][INFO] - Epoch [2/5], Batch [184/300], Loss: 1.1295 (Overall: 0.6329, Change: 1.4450), TF Ratio: 0.903
[2026-06-16 05:51:44,482][root][INFO] - Epoch [2/5], Batch [185/300], Loss: 1.1305 (Overall: 0.9553, Change: 1.6627), TF Ratio: 0.903
[2026-06-16 05:51:44,635][root][INFO] - Epoch [2/5], Batch [186/300], Loss: 1.1303 (Overall: 0.8977, Change: 1.3042), TF Ratio: 0.903
[2026-06-16 05:51:44,787][root][INFO] - Epoch [2/5], Batch [187/300], Loss: 1.1315 (Overall: 0.6699, Change: 2.0215), TF Ratio: 0.903
[2026-06-16 05:51:51,327][root][INFO] - Epoch [2/5], Batch [188/300], Loss: 1.1314 (Overall: 0.6502, Change: 1.5976), TF Ratio: 0.902
[2026-06-16 05:51:51,486][root][INFO] - Epoch [2/5], Batch [189/300], Loss: 1.1314 (Overall: 0.7286, Change: 1.5127), TF Ratio: 0.902
[2026-06-16 05:51:51,639][root][INFO] - Epoch [2/5], Batch [190/300], Loss: 1.1310 (Overall: 0.6145, Change: 1.5002), TF Ratio: 0.902
[2026-06-16 05:51:51,793][root][INFO] - Epoch [2/5], Batch [191/300], Loss: 1.1310 (Overall: 0.8321, Change: 1.4314), TF Ratio: 0.902
[2026-06-16 05:51:51,962][root][INFO] - Epoch [2/5], Batch [192/300], Loss: 1.1312 (Overall: 0.8797, Change: 1.4594), TF Ratio: 0.902
[2026-06-16 05:51:58,693][root][INFO] - Epoch [2/5], Batch [193/300], Loss: 1.1305 (Overall: 0.5606, Change: 1.4376), TF Ratio: 0.901
[2026-06-16 05:51:58,847][root][INFO] - Epoch [2/5], Batch [194/300], Loss: 1.1312 (Overall: 0.8276, Change: 1.6950), TF Ratio: 0.901
[2026-06-16 05:51:59,002][root][INFO] - Epoch [2/5], Batch [195/300], Loss: 1.1300 (Overall: 0.6133, Change: 1.1931), TF Ratio: 0.901
[2026-06-16 05:51:59,193][root][INFO] - Epoch [2/5], Batch [196/300], Loss: 1.1289 (Overall: 0.6579, Change: 1.1778), TF Ratio: 0.901
[2026-06-16 05:51:59,346][root][INFO] - Epoch [2/5], Batch [197/300], Loss: 1.1279 (Overall: 0.6421, Change: 1.2284), TF Ratio: 0.901
[2026-06-16 05:51:59,499][root][INFO] - Epoch [2/5], Batch [198/300], Loss: 1.1273 (Overall: 0.7369, Change: 1.2508), TF Ratio: 0.900
[2026-06-16 05:51:59,652][root][INFO] - Epoch [2/5], Batch [199/300], Loss: 1.1270 (Overall: 0.8174, Change: 1.3397), TF Ratio: 0.900
[2026-06-16 05:52:04,923][root][INFO] - Epoch [2/5], Batch [200/300], Loss: 1.1273 (Overall: 1.0103, Change: 1.3527), TF Ratio: 0.900
[2026-06-16 05:52:05,078][root][INFO] - Epoch [2/5], Batch [201/300], Loss: 1.1252 (Overall: 0.5760, Change: 0.8487), TF Ratio: 0.900
[2026-06-16 05:52:05,231][root][INFO] - Epoch [2/5], Batch [202/300], Loss: 1.1263 (Overall: 1.1591, Change: 1.5297), TF Ratio: 0.900
[2026-06-16 05:52:05,384][root][INFO] - Epoch [2/5], Batch [203/300], Loss: 1.1252 (Overall: 0.6087, Change: 1.1986), TF Ratio: 0.899
[2026-06-16 05:52:05,565][root][INFO] - Epoch [2/5], Batch [204/300], Loss: 1.1255 (Overall: 0.7491, Change: 1.6329), TF Ratio: 0.899
[2026-06-16 05:52:12,250][root][INFO] - Epoch [2/5], Batch [205/300], Loss: 1.1252 (Overall: 0.6507, Change: 1.4658), TF Ratio: 0.899
[2026-06-16 05:52:12,404][root][INFO] - Epoch [2/5], Batch [206/300], Loss: 1.1241 (Overall: 0.8560, Change: 0.9173), TF Ratio: 0.899
[2026-06-16 05:52:12,557][root][INFO] - Epoch [2/5], Batch [207/300], Loss: 1.1235 (Overall: 0.7292, Change: 1.2778), TF Ratio: 0.899
[2026-06-16 05:52:12,732][root][INFO] - Epoch [2/5], Batch [208/300], Loss: 1.1230 (Overall: 0.6231, Change: 1.4262), TF Ratio: 0.898
[2026-06-16 05:52:12,889][root][INFO] - Epoch [2/5], Batch [209/300], Loss: 1.1212 (Overall: 0.7263, Change: 0.7785), TF Ratio: 0.898
[2026-06-16 05:52:13,044][root][INFO] - Epoch [2/5], Batch [210/300], Loss: 1.1216 (Overall: 0.7984, Change: 1.6183), TF Ratio: 0.898
[2026-06-16 05:52:13,196][root][INFO] - Epoch [2/5], Batch [211/300], Loss: 1.1218 (Overall: 0.7371, Change: 1.5897), TF Ratio: 0.898
[2026-06-16 05:52:19,228][root][INFO] - Epoch [2/5], Batch [212/300], Loss: 1.1215 (Overall: 0.7581, Change: 1.3499), TF Ratio: 0.898
[2026-06-16 05:52:19,384][root][INFO] - Epoch [2/5], Batch [213/300], Loss: 1.1203 (Overall: 0.5245, Change: 1.1846), TF Ratio: 0.897
[2026-06-16 05:52:19,537][root][INFO] - Epoch [2/5], Batch [214/300], Loss: 1.1197 (Overall: 0.7038, Change: 1.2999), TF Ratio: 0.897
[2026-06-16 05:52:19,691][root][INFO] - Epoch [2/5], Batch [215/300], Loss: 1.1194 (Overall: 0.8078, Change: 1.3165), TF Ratio: 0.897
[2026-06-16 05:52:19,870][root][INFO] - Epoch [2/5], Batch [216/300], Loss: 1.1182 (Overall: 0.7593, Change: 0.9587), TF Ratio: 0.897
[2026-06-16 05:52:25,819][root][INFO] - Epoch [2/5], Batch [217/300], Loss: 1.1188 (Overall: 0.7030, Change: 1.7683), TF Ratio: 0.897
[2026-06-16 05:52:25,973][root][INFO] - Epoch [2/5], Batch [218/300], Loss: 1.1189 (Overall: 0.5947, Change: 1.7042), TF Ratio: 0.896
[2026-06-16 05:52:26,127][root][INFO] - Epoch [2/5], Batch [219/300], Loss: 1.1188 (Overall: 0.7729, Change: 1.4103), TF Ratio: 0.896
[2026-06-16 05:52:26,302][root][INFO] - Epoch [2/5], Batch [220/300], Loss: 1.1196 (Overall: 1.0286, Change: 1.5635), TF Ratio: 0.896
[2026-06-16 05:52:26,458][root][INFO] - Epoch [2/5], Batch [221/300], Loss: 1.1189 (Overall: 0.6576, Change: 1.2658), TF Ratio: 0.896
[2026-06-16 05:52:26,612][root][INFO] - Epoch [2/5], Batch [222/300], Loss: 1.1175 (Overall: 0.5970, Change: 1.0136), TF Ratio: 0.896
[2026-06-16 05:52:26,765][root][INFO] - Epoch [2/5], Batch [223/300], Loss: 1.1175 (Overall: 0.8345, Change: 1.4202), TF Ratio: 0.895
[2026-06-16 05:52:32,423][root][INFO] - Epoch [2/5], Batch [224/300], Loss: 1.1172 (Overall: 0.9254, Change: 1.1526), TF Ratio: 0.895
[2026-06-16 05:52:32,582][root][INFO] - Epoch [2/5], Batch [225/300], Loss: 1.1165 (Overall: 0.7408, Change: 1.1900), TF Ratio: 0.895
[2026-06-16 05:52:32,735][root][INFO] - Epoch [2/5], Batch [226/300], Loss: 1.1161 (Overall: 0.5544, Change: 1.5129), TF Ratio: 0.895
[2026-06-16 05:52:32,888][root][INFO] - Epoch [2/5], Batch [227/300], Loss: 1.1152 (Overall: 0.6440, Change: 1.1665), TF Ratio: 0.895
[2026-06-16 05:52:33,898][root][INFO] - Epoch [2/5], Batch [228/300], Loss: 1.1156 (Overall: 0.8209, Change: 1.5864), TF Ratio: 0.894
[2026-06-16 05:52:40,119][root][INFO] - Epoch [2/5], Batch [229/300], Loss: 1.1134 (Overall: 0.6065, Change: 0.6342), TF Ratio: 0.894
[2026-06-16 05:52:40,272][root][INFO] - Epoch [2/5], Batch [230/300], Loss: 1.1125 (Overall: 0.6462, Change: 1.1457), TF Ratio: 0.894
[2026-06-16 05:52:40,426][root][INFO] - Epoch [2/5], Batch [231/300], Loss: 1.1118 (Overall: 0.5188, Change: 1.4088), TF Ratio: 0.894
[2026-06-16 05:52:40,599][root][INFO] - Epoch [2/5], Batch [232/300], Loss: 1.1116 (Overall: 0.7152, Change: 1.3792), TF Ratio: 0.894
[2026-06-16 05:52:40,753][root][INFO] - Epoch [2/5], Batch [233/300], Loss: 1.1117 (Overall: 0.7791, Change: 1.5041), TF Ratio: 0.893
[2026-06-16 05:52:40,907][root][INFO] - Epoch [2/5], Batch [234/300], Loss: 1.1126 (Overall: 1.2439, Change: 1.4075), TF Ratio: 0.893
[2026-06-16 05:52:41,060][root][INFO] - Epoch [2/5], Batch [235/300], Loss: 1.1133 (Overall: 1.0371, Change: 1.5320), TF Ratio: 0.893
[2026-06-16 05:52:46,469][root][INFO] - Epoch [2/5], Batch [236/300], Loss: 1.1137 (Overall: 0.6645, Change: 1.7267), TF Ratio: 0.893
[2026-06-16 05:52:46,624][root][INFO] - Epoch [2/5], Batch [237/300], Loss: 1.1136 (Overall: 0.9643, Change: 1.2063), TF Ratio: 0.893
[2026-06-16 05:52:46,777][root][INFO] - Epoch [2/5], Batch [238/300], Loss: 1.1121 (Overall: 0.6661, Change: 0.8568), TF Ratio: 0.892
[2026-06-16 05:52:46,930][root][INFO] - Epoch [2/5], Batch [239/300], Loss: 1.1122 (Overall: 0.7000, Change: 1.6010), TF Ratio: 0.892
[2026-06-16 05:52:47,189][root][INFO] - Epoch [2/5], Batch [240/300], Loss: 1.1105 (Overall: 0.5774, Change: 0.8112), TF Ratio: 0.892
[2026-06-16 05:52:55,273][root][INFO] - Epoch [2/5], Batch [241/300], Loss: 1.1112 (Overall: 0.7387, Change: 1.8019), TF Ratio: 0.892
[2026-06-16 05:52:55,426][root][INFO] - Epoch [2/5], Batch [242/300], Loss: 1.1121 (Overall: 1.0031, Change: 1.6921), TF Ratio: 0.892
[2026-06-16 05:52:55,579][root][INFO] - Epoch [2/5], Batch [243/300], Loss: 1.1108 (Overall: 0.5384, Change: 1.0128), TF Ratio: 0.891
[2026-06-16 05:52:55,769][root][INFO] - Epoch [2/5], Batch [244/300], Loss: 1.1097 (Overall: 0.5584, Change: 1.1592), TF Ratio: 0.891
[2026-06-16 05:52:55,925][root][INFO] - Epoch [2/5], Batch [245/300], Loss: 1.1097 (Overall: 0.8040, Change: 1.3933), TF Ratio: 0.891
[2026-06-16 05:52:56,078][root][INFO] - Epoch [2/5], Batch [246/300], Loss: 1.1099 (Overall: 0.9008, Change: 1.4327), TF Ratio: 0.891
[2026-06-16 05:52:56,232][root][INFO] - Epoch [2/5], Batch [247/300], Loss: 1.1102 (Overall: 0.5759, Change: 1.7885), TF Ratio: 0.891
[2026-06-16 05:52:59,818][root][INFO] - Epoch [2/5], Batch [248/300], Loss: 1.1103 (Overall: 1.2455, Change: 1.0208), TF Ratio: 0.890
[2026-06-16 05:52:59,972][root][INFO] - Epoch [2/5], Batch [249/300], Loss: 1.1100 (Overall: 0.7949, Change: 1.3009), TF Ratio: 0.890
[2026-06-16 05:53:00,126][root][INFO] - Epoch [2/5], Batch [250/300], Loss: 1.1104 (Overall: 0.7104, Change: 1.7063), TF Ratio: 0.890
[2026-06-16 05:53:00,279][root][INFO] - Epoch [2/5], Batch [251/300], Loss: 1.1105 (Overall: 0.5981, Change: 1.6310), TF Ratio: 0.890
[2026-06-16 05:53:00,457][root][INFO] - Epoch [2/5], Batch [252/300], Loss: 1.1106 (Overall: 0.9674, Change: 1.3491), TF Ratio: 0.890
[2026-06-16 05:53:09,635][root][INFO] - Epoch [2/5], Batch [253/300], Loss: 1.1106 (Overall: 0.6910, Change: 1.5282), TF Ratio: 0.889
[2026-06-16 05:53:09,789][root][INFO] - Epoch [2/5], Batch [254/300], Loss: 1.1105 (Overall: 0.7844, Change: 1.3725), TF Ratio: 0.889
[2026-06-16 05:53:09,943][root][INFO] - Epoch [2/5], Batch [255/300], Loss: 1.1109 (Overall: 1.1447, Change: 1.2637), TF Ratio: 0.889
[2026-06-16 05:53:10,119][root][INFO] - Epoch [2/5], Batch [256/300], Loss: 1.1109 (Overall: 0.6887, Change: 1.5698), TF Ratio: 0.889
[2026-06-16 05:53:10,273][root][INFO] - Epoch [2/5], Batch [257/300], Loss: 1.1107 (Overall: 0.6219, Change: 1.4930), TF Ratio: 0.889
[2026-06-16 05:53:10,426][root][INFO] - Epoch [2/5], Batch [258/300], Loss: 1.1111 (Overall: 0.9124, Change: 1.4922), TF Ratio: 0.888
[2026-06-16 05:53:10,580][root][INFO] - Epoch [2/5], Batch [259/300], Loss: 1.1112 (Overall: 0.9249, Change: 1.3425), TF Ratio: 0.888
[2026-06-16 05:53:14,522][root][INFO] - Epoch [2/5], Batch [260/300], Loss: 1.1113 (Overall: 0.9983, Change: 1.2594), TF Ratio: 0.888
[2026-06-16 05:53:14,679][root][INFO] - Epoch [2/5], Batch [261/300], Loss: 1.1111 (Overall: 0.6948, Change: 1.4376), TF Ratio: 0.888
[2026-06-16 05:53:14,832][root][INFO] - Epoch [2/5], Batch [262/300], Loss: 1.1109 (Overall: 0.8078, Change: 1.2979), TF Ratio: 0.888
[2026-06-16 05:53:14,986][root][INFO] - Epoch [2/5], Batch [263/300], Loss: 1.1117 (Overall: 0.9867, Change: 1.6922), TF Ratio: 0.887
[2026-06-16 05:53:15,175][root][INFO] - Epoch [2/5], Batch [264/300], Loss: 1.1119 (Overall: 0.7710, Change: 1.5222), TF Ratio: 0.887
[2026-06-16 05:53:23,178][root][INFO] - Epoch [2/5], Batch [265/300], Loss: 1.1125 (Overall: 0.7200, Change: 1.8681), TF Ratio: 0.887
[2026-06-16 05:53:23,332][root][INFO] - Epoch [2/5], Batch [266/300], Loss: 1.1125 (Overall: 0.9240, Change: 1.2919), TF Ratio: 0.887
[2026-06-16 05:53:23,485][root][INFO] - Epoch [2/5], Batch [267/300], Loss: 1.1126 (Overall: 0.7880, Change: 1.4909), TF Ratio: 0.887
[2026-06-16 05:53:23,661][root][INFO] - Epoch [2/5], Batch [268/300], Loss: 1.1125 (Overall: 0.7426, Change: 1.4187), TF Ratio: 0.886
[2026-06-16 05:53:23,815][root][INFO] - Epoch [2/5], Batch [269/300], Loss: 1.1125 (Overall: 0.7920, Change: 1.4058), TF Ratio: 0.886
[2026-06-16 05:53:23,975][root][INFO] - Epoch [2/5], Batch [270/300], Loss: 1.1130 (Overall: 0.8297, Change: 1.7105), TF Ratio: 0.886
[2026-06-16 05:53:24,129][root][INFO] - Epoch [2/5], Batch [271/300], Loss: 1.1126 (Overall: 0.8468, Change: 1.1318), TF Ratio: 0.886
[2026-06-16 05:53:27,624][root][INFO] - Epoch [2/5], Batch [272/300], Loss: 1.1137 (Overall: 1.2699, Change: 1.5689), TF Ratio: 0.886
[2026-06-16 05:53:27,781][root][INFO] - Epoch [2/5], Batch [273/300], Loss: 1.1144 (Overall: 1.4372, Change: 1.1616), TF Ratio: 0.885
[2026-06-16 05:53:27,935][root][INFO] - Epoch [2/5], Batch [274/300], Loss: 1.1148 (Overall: 1.0382, Change: 1.4257), TF Ratio: 0.885
[2026-06-16 05:53:28,088][root][INFO] - Epoch [2/5], Batch [275/300], Loss: 1.1151 (Overall: 0.7356, Change: 1.6291), TF Ratio: 0.885
[2026-06-16 05:53:28,265][root][INFO] - Epoch [2/5], Batch [276/300], Loss: 1.1150 (Overall: 0.6930, Change: 1.4917), TF Ratio: 0.885
[2026-06-16 05:53:36,340][root][INFO] - Epoch [2/5], Batch [277/300], Loss: 1.1149 (Overall: 0.7640, Change: 1.4437), TF Ratio: 0.885
[2026-06-16 05:53:36,494][root][INFO] - Epoch [2/5], Batch [278/300], Loss: 1.1148 (Overall: 0.7802, Change: 1.3712), TF Ratio: 0.884
[2026-06-16 05:53:36,647][root][INFO] - Epoch [2/5], Batch [279/300], Loss: 1.1143 (Overall: 0.8033, Change: 1.1558), TF Ratio: 0.884
[2026-06-16 05:53:36,830][root][INFO] - Epoch [2/5], Batch [280/300], Loss: 1.1135 (Overall: 0.5776, Change: 1.1816), TF Ratio: 0.884
[2026-06-16 05:53:36,983][root][INFO] - Epoch [2/5], Batch [281/300], Loss: 1.1139 (Overall: 1.0886, Change: 1.3865), TF Ratio: 0.884
[2026-06-16 05:53:37,136][root][INFO] - Epoch [2/5], Batch [282/300], Loss: 1.1145 (Overall: 1.0687, Change: 1.4671), TF Ratio: 0.884
[2026-06-16 05:53:37,289][root][INFO] - Epoch [2/5], Batch [283/300], Loss: 1.1146 (Overall: 1.0045, Change: 1.3070), TF Ratio: 0.883
[2026-06-16 05:53:40,278][root][INFO] - Epoch [2/5], Batch [284/300], Loss: 1.1146 (Overall: 0.8730, Change: 1.3215), TF Ratio: 0.883
[2026-06-16 05:53:40,433][root][INFO] - Epoch [2/5], Batch [285/300], Loss: 1.1153 (Overall: 1.0794, Change: 1.5684), TF Ratio: 0.883
[2026-06-16 05:53:40,586][root][INFO] - Epoch [2/5], Batch [286/300], Loss: 1.1149 (Overall: 0.7299, Change: 1.2609), TF Ratio: 0.883
[2026-06-16 05:53:40,739][root][INFO] - Epoch [2/5], Batch [287/300], Loss: 1.1142 (Overall: 0.5808, Change: 1.2586), TF Ratio: 0.883
[2026-06-16 05:53:40,917][root][INFO] - Epoch [2/5], Batch [288/300], Loss: 1.1139 (Overall: 0.7706, Change: 1.2802), TF Ratio: 0.882
[2026-06-16 05:53:51,431][root][INFO] - Epoch [2/5], Batch [289/300], Loss: 1.1138 (Overall: 0.8306, Change: 1.3440), TF Ratio: 0.882
[2026-06-16 05:53:51,587][root][INFO] - Epoch [2/5], Batch [290/300], Loss: 1.1141 (Overall: 0.8742, Change: 1.5326), TF Ratio: 0.882
[2026-06-16 05:53:51,749][root][INFO] - Epoch [2/5], Batch [291/300], Loss: 1.1145 (Overall: 0.9335, Change: 1.5499), TF Ratio: 0.882
[2026-06-16 05:53:51,920][root][INFO] - Epoch [2/5], Batch [292/300], Loss: 1.1142 (Overall: 0.5751, Change: 1.4474), TF Ratio: 0.882
[2026-06-16 05:53:52,075][root][INFO] - Epoch [2/5], Batch [293/300], Loss: 1.1144 (Overall: 0.8232, Change: 1.5252), TF Ratio: 0.881
[2026-06-16 05:53:52,229][root][INFO] - Epoch [2/5], Batch [294/300], Loss: 1.1140 (Overall: 0.8521, Change: 1.1633), TF Ratio: 0.881
[2026-06-16 05:53:52,383][root][INFO] - Epoch [2/5], Batch [295/300], Loss: 1.1144 (Overall: 1.0199, Change: 1.4121), TF Ratio: 0.881
[2026-06-16 05:53:53,742][root][INFO] - Epoch [2/5], Batch [296/300], Loss: 1.1145 (Overall: 0.7930, Change: 1.5284), TF Ratio: 0.881
[2026-06-16 05:53:53,898][root][INFO] - Epoch [2/5], Batch [297/300], Loss: 1.1143 (Overall: 0.6631, Change: 1.4485), TF Ratio: 0.881
[2026-06-16 05:53:54,051][root][INFO] - Epoch [2/5], Batch [298/300], Loss: 1.1149 (Overall: 0.8605, Change: 1.6906), TF Ratio: 0.880
[2026-06-16 05:53:54,204][root][INFO] - Epoch [2/5], Batch [299/300], Loss: 1.1154 (Overall: 0.8127, Change: 1.7462), TF Ratio: 0.880
[2026-06-16 05:53:54,371][root][INFO] - Epoch [2/5], Batch [300/300], Loss: 1.1147 (Overall: 0.7651, Change: 1.0300), TF Ratio: 0.880
[2026-06-16 05:54:04,728][root][INFO] - Epoch 2 done. Validating...
[2026-06-16 05:54:37,608][root][INFO] - Epoch [2/5] | Train: 1.1157 | Val: 0.7701
[2026-06-16 05:54:37,822][root][INFO] - Checkpoint saved: /gpfs/scratch/bsc32/bsc096444/ai4land-tfm/trained_models/unet_impl/41825153/best_model.pth
[2026-06-16 05:54:38,014][root][INFO] - Checkpoint saved: /gpfs/scratch/bsc32/bsc096444/ai4land-tfm/trained_models/unet_impl/41825153/model_epoch_2.pth
[2026-06-16 05:54:54,017][root][INFO] - Epoch [3/5], Batch [1/300], Loss: 1.1024 (Overall: 0.8101, Change: 1.3947), TF Ratio: 0.880
[2026-06-16 05:54:54,172][root][INFO] - Epoch [3/5], Batch [2/300], Loss: 1.0931 (Overall: 0.6834, Change: 1.4841), TF Ratio: 0.880
[2026-06-16 05:54:54,325][root][INFO] - Epoch [3/5], Batch [3/300], Loss: 1.1217 (Overall: 0.9906, Change: 1.3671), TF Ratio: 0.879
[2026-06-16 05:54:55,595][root][INFO] - Epoch [3/5], Batch [4/300], Loss: 1.1041 (Overall: 0.7191, Change: 1.3842), TF Ratio: 0.879
[2026-06-16 05:54:55,750][root][INFO] - Epoch [3/5], Batch [5/300], Loss: 1.1358 (Overall: 1.0391, Change: 1.4858), TF Ratio: 0.879
[2026-06-16 05:54:55,903][root][INFO] - Epoch [3/5], Batch [6/300], Loss: 1.1838 (Overall: 1.2046, Change: 1.6422), TF Ratio: 0.879
[2026-06-16 05:54:56,056][root][INFO] - Epoch [3/5], Batch [7/300], Loss: 1.1894 (Overall: 0.8871, Change: 1.5593), TF Ratio: 0.879
[2026-06-16 05:54:56,226][root][INFO] - Epoch [3/5], Batch [8/300], Loss: 1.1504 (Overall: 0.7136, Change: 1.0407), TF Ratio: 0.878
[2026-06-16 05:54:56,381][root][INFO] - Epoch [3/5], Batch [9/300], Loss: 1.1442 (Overall: 0.6388, Change: 1.5509), TF Ratio: 0.878
[2026-06-16 05:54:56,534][root][INFO] - Epoch [3/5], Batch [10/300], Loss: 1.1304 (Overall: 0.7456, Change: 1.2661), TF Ratio: 0.878
[2026-06-16 05:54:56,687][root][INFO] - Epoch [3/5], Batch [11/300], Loss: 1.1343 (Overall: 0.5798, Change: 1.7687), TF Ratio: 0.878
[2026-06-16 05:55:07,958][root][INFO] - Epoch [3/5], Batch [12/300], Loss: 1.1071 (Overall: 0.5147, Change: 1.1004), TF Ratio: 0.878
[2026-06-16 05:55:08,112][root][INFO] - Epoch [3/5], Batch [13/300], Loss: 1.1122 (Overall: 0.6104, Change: 1.7353), TF Ratio: 0.877
[2026-06-16 05:55:08,265][root][INFO] - Epoch [3/5], Batch [14/300], Loss: 1.1032 (Overall: 0.6128, Change: 1.3604), TF Ratio: 0.877
[2026-06-16 05:55:08,418][root][INFO] - Epoch [3/5], Batch [15/300], Loss: 1.0784 (Overall: 0.5887, Change: 0.8732), TF Ratio: 0.877
[2026-06-16 05:55:10,663][root][INFO] - Epoch [3/5], Batch [16/300], Loss: 1.0646 (Overall: 0.7219, Change: 0.9925), TF Ratio: 0.877
[2026-06-16 05:55:10,821][root][INFO] - Epoch [3/5], Batch [17/300], Loss: 1.0755 (Overall: 0.7889, Change: 1.7112), TF Ratio: 0.877
[2026-06-16 05:55:10,974][root][INFO] - Epoch [3/5], Batch [18/300], Loss: 1.0893 (Overall: 0.8770, Change: 1.7731), TF Ratio: 0.876
[2026-06-16 05:55:11,127][root][INFO] - Epoch [3/5], Batch [19/300], Loss: 1.0972 (Overall: 0.6294, Change: 1.8477), TF Ratio: 0.876
[2026-06-16 05:55:11,297][root][INFO] - Epoch [3/5], Batch [20/300], Loss: 1.0853 (Overall: 0.7600, Change: 0.9594), TF Ratio: 0.876
[2026-06-16 05:55:11,451][root][INFO] - Epoch [3/5], Batch [21/300], Loss: 1.0911 (Overall: 0.7181, Change: 1.6939), TF Ratio: 0.876
[2026-06-16 05:55:11,604][root][INFO] - Epoch [3/5], Batch [22/300], Loss: 1.0997 (Overall: 1.2093, Change: 1.3538), TF Ratio: 0.876
[2026-06-16 05:55:11,757][root][INFO] - Epoch [3/5], Batch [23/300], Loss: 1.1053 (Overall: 0.9139, Change: 1.5435), TF Ratio: 0.875
[2026-06-16 05:55:21,140][root][INFO] - Epoch [3/5], Batch [24/300], Loss: 1.1172 (Overall: 0.8856, Change: 1.8954), TF Ratio: 0.875
[2026-06-16 05:55:21,294][root][INFO] - Epoch [3/5], Batch [25/300], Loss: 1.1129 (Overall: 0.6896, Change: 1.3272), TF Ratio: 0.875
[2026-06-16 05:55:21,448][root][INFO] - Epoch [3/5], Batch [26/300], Loss: 1.1149 (Overall: 0.6521, Change: 1.6798), TF Ratio: 0.875
[2026-06-16 05:55:21,602][root][INFO] - Epoch [3/5], Batch [27/300], Loss: 1.1147 (Overall: 0.7132, Change: 1.5082), TF Ratio: 0.875
[2026-06-16 05:55:25,163][root][INFO] - Epoch [3/5], Batch [28/300], Loss: 1.1093 (Overall: 0.6592, Change: 1.2675), TF Ratio: 0.874
[2026-06-16 05:55:25,319][root][INFO] - Epoch [3/5], Batch [29/300], Loss: 1.1086 (Overall: 0.9245, Change: 1.2496), TF Ratio: 0.874
[2026-06-16 05:55:25,472][root][INFO] - Epoch [3/5], Batch [30/300], Loss: 1.1055 (Overall: 0.5983, Change: 1.4376), TF Ratio: 0.874
[2026-06-16 05:55:25,627][root][INFO] - Epoch [3/5], Batch [31/300], Loss: 1.1070 (Overall: 0.6477, Change: 1.6505), TF Ratio: 0.874
[2026-06-16 05:55:25,801][root][INFO] - Epoch [3/5], Batch [32/300], Loss: 1.1070 (Overall: 0.8074, Change: 1.4117), TF Ratio: 0.874
[2026-06-16 05:55:25,955][root][INFO] - Epoch [3/5], Batch [33/300], Loss: 1.1160 (Overall: 0.8900, Change: 1.9148), TF Ratio: 0.873
[2026-06-16 05:55:26,109][root][INFO] - Epoch [3/5], Batch [34/300], Loss: 1.1210 (Overall: 0.6142, Change: 1.9596), TF Ratio: 0.873
[2026-06-16 05:55:26,262][root][INFO] - Epoch [3/5], Batch [35/300], Loss: 1.1163 (Overall: 0.6673, Change: 1.2421), TF Ratio: 0.873
[2026-06-16 05:55:35,158][root][INFO] - Epoch [3/5], Batch [36/300], Loss: 1.1177 (Overall: 0.8187, Change: 1.5207), TF Ratio: 0.873
[2026-06-16 05:55:35,315][root][INFO] - Epoch [3/5], Batch [37/300], Loss: 1.1125 (Overall: 0.4844, Change: 1.3609), TF Ratio: 0.873
[2026-06-16 05:55:35,469][root][INFO] - Epoch [3/5], Batch [38/300], Loss: 1.1087 (Overall: 0.7443, Change: 1.1949), TF Ratio: 0.872
[2026-06-16 05:55:35,623][root][INFO] - Epoch [3/5], Batch [39/300], Loss: 1.1056 (Overall: 0.6246, Change: 1.3511), TF Ratio: 0.872
[2026-06-16 05:55:40,519][root][INFO] - Epoch [3/5], Batch [40/300], Loss: 1.1092 (Overall: 0.8665, Change: 1.6344), TF Ratio: 0.872
[2026-06-16 05:55:40,675][root][INFO] - Epoch [3/5], Batch [41/300], Loss: 1.1118 (Overall: 0.9121, Change: 1.5160), TF Ratio: 0.872
[2026-06-16 05:55:40,828][root][INFO] - Epoch [3/5], Batch [42/300], Loss: 1.1120 (Overall: 0.6906, Change: 1.5531), TF Ratio: 0.872
[2026-06-16 05:55:40,981][root][INFO] - Epoch [3/5], Batch [43/300], Loss: 1.1108 (Overall: 0.7044, Change: 1.4182), TF Ratio: 0.871
[2026-06-16 05:55:41,307][root][INFO] - Epoch [3/5], Batch [44/300], Loss: 1.1077 (Overall: 0.6081, Change: 1.3371), TF Ratio: 0.871
[2026-06-16 05:55:41,461][root][INFO] - Epoch [3/5], Batch [45/300], Loss: 1.1048 (Overall: 0.6105, Change: 1.3402), TF Ratio: 0.871
[2026-06-16 05:55:41,613][root][INFO] - Epoch [3/5], Batch [46/300], Loss: 1.1035 (Overall: 0.6575, Change: 1.4326), TF Ratio: 0.871
[2026-06-16 05:55:41,766][root][INFO] - Epoch [3/5], Batch [47/300], Loss: 1.0992 (Overall: 0.6800, Change: 1.1239), TF Ratio: 0.871
[2026-06-16 05:55:48,154][root][INFO] - Epoch [3/5], Batch [48/300], Loss: 1.0962 (Overall: 0.8779, Change: 1.0353), TF Ratio: 0.870
[2026-06-16 05:55:48,311][root][INFO] - Epoch [3/5], Batch [49/300], Loss: 1.0956 (Overall: 0.7750, Change: 1.3624), TF Ratio: 0.870
[2026-06-16 05:55:48,465][root][INFO] - Epoch [3/5], Batch [50/300], Loss: 1.0898 (Overall: 0.7400, Change: 0.8661), TF Ratio: 0.870
[2026-06-16 05:55:48,618][root][INFO] - Epoch [3/5], Batch [51/300], Loss: 1.0887 (Overall: 0.5926, Change: 1.4775), TF Ratio: 0.870
[2026-06-16 05:55:53,785][root][INFO] - Epoch [3/5], Batch [52/300], Loss: 1.0894 (Overall: 1.0712, Change: 1.1779), TF Ratio: 0.870
[2026-06-16 05:55:53,940][root][INFO] - Epoch [3/5], Batch [53/300], Loss: 1.0897 (Overall: 1.0958, Change: 1.1170), TF Ratio: 0.869
[2026-06-16 05:55:54,094][root][INFO] - Epoch [3/5], Batch [54/300], Loss: 1.0928 (Overall: 1.1087, Change: 1.4052), TF Ratio: 0.869
[2026-06-16 05:55:54,248][root][INFO] - Epoch [3/5], Batch [55/300], Loss: 1.0896 (Overall: 0.6487, Change: 1.1859), TF Ratio: 0.869
[2026-06-16 05:55:55,701][root][INFO] - Epoch [3/5], Batch [56/300], Loss: 1.0862 (Overall: 0.5679, Change: 1.2314), TF Ratio: 0.869
[2026-06-16 05:55:55,856][root][INFO] - Epoch [3/5], Batch [57/300], Loss: 1.0885 (Overall: 0.8850, Change: 1.5413), TF Ratio: 0.869
[2026-06-16 05:55:56,009][root][INFO] - Epoch [3/5], Batch [58/300], Loss: 1.0895 (Overall: 0.5566, Change: 1.7433), TF Ratio: 0.868
[2026-06-16 05:55:56,162][root][INFO] - Epoch [3/5], Batch [59/300], Loss: 1.0893 (Overall: 0.6781, Change: 1.4723), TF Ratio: 0.868
[2026-06-16 05:56:01,433][root][INFO] - Epoch [3/5], Batch [60/300], Loss: 1.0903 (Overall: 0.6374, Change: 1.6593), TF Ratio: 0.868
[2026-06-16 05:56:01,588][root][INFO] - Epoch [3/5], Batch [61/300], Loss: 1.0886 (Overall: 0.8854, Change: 1.0902), TF Ratio: 0.868
[2026-06-16 05:56:01,742][root][INFO] - Epoch [3/5], Batch [62/300], Loss: 1.0896 (Overall: 0.8593, Change: 1.4483), TF Ratio: 0.868
[2026-06-16 05:56:01,922][root][INFO] - Epoch [3/5], Batch [63/300], Loss: 1.0910 (Overall: 0.6194, Change: 1.7280), TF Ratio: 0.867
[2026-06-16 05:56:07,586][root][INFO] - Epoch [3/5], Batch [64/300], Loss: 1.0914 (Overall: 0.7458, Change: 1.4963), TF Ratio: 0.867
[2026-06-16 05:56:07,746][root][INFO] - Epoch [3/5], Batch [65/300], Loss: 1.0912 (Overall: 0.6548, Change: 1.5013), TF Ratio: 0.867
[2026-06-16 05:56:07,899][root][INFO] - Epoch [3/5], Batch [66/300], Loss: 1.0920 (Overall: 0.7834, Change: 1.5036), TF Ratio: 0.867
[2026-06-16 05:56:08,053][root][INFO] - Epoch [3/5], Batch [67/300], Loss: 1.0868 (Overall: 0.5371, Change: 0.9408), TF Ratio: 0.867
[2026-06-16 05:56:09,830][root][INFO] - Epoch [3/5], Batch [68/300], Loss: 1.0866 (Overall: 0.7005, Change: 1.4529), TF Ratio: 0.866
[2026-06-16 05:56:09,985][root][INFO] - Epoch [3/5], Batch [69/300], Loss: 1.0859 (Overall: 0.5522, Change: 1.5160), TF Ratio: 0.866
[2026-06-16 05:56:10,140][root][INFO] - Epoch [3/5], Batch [70/300], Loss: 1.0849 (Overall: 0.5645, Change: 1.4771), TF Ratio: 0.866
[2026-06-16 05:56:10,293][root][INFO] - Epoch [3/5], Batch [71/300], Loss: 1.0921 (Overall: 1.5106, Change: 1.6738), TF Ratio: 0.866
[2026-06-16 05:56:14,478][root][INFO] - Epoch [3/5], Batch [72/300], Loss: 1.0909 (Overall: 0.7847, Change: 1.2375), TF Ratio: 0.866
[2026-06-16 05:56:14,634][root][INFO] - Epoch [3/5], Batch [73/300], Loss: 1.0921 (Overall: 0.8833, Change: 1.4745), TF Ratio: 0.865
[2026-06-16 05:56:14,787][root][INFO] - Epoch [3/5], Batch [74/300], Loss: 1.0928 (Overall: 0.7337, Change: 1.5479), TF Ratio: 0.865
[2026-06-16 05:56:14,940][root][INFO] - Epoch [3/5], Batch [75/300], Loss: 1.0933 (Overall: 0.7458, Change: 1.5205), TF Ratio: 0.865
[2026-06-16 05:56:20,762][root][INFO] - Epoch [3/5], Batch [76/300], Loss: 1.0937 (Overall: 0.7496, Change: 1.4838), TF Ratio: 0.865
[2026-06-16 05:56:20,926][root][INFO] - Epoch [3/5], Batch [77/300], Loss: 1.0917 (Overall: 0.5022, Change: 1.3849), TF Ratio: 0.865
[2026-06-16 05:56:21,079][root][INFO] - Epoch [3/5], Batch [78/300], Loss: 1.0906 (Overall: 0.6613, Change: 1.3492), TF Ratio: 0.864
[2026-06-16 05:56:21,232][root][INFO] - Epoch [3/5], Batch [79/300], Loss: 1.0898 (Overall: 0.7950, Change: 1.2543), TF Ratio: 0.864
[2026-06-16 05:56:24,086][root][INFO] - Epoch [3/5], Batch [80/300], Loss: 1.0930 (Overall: 1.4452, Change: 1.2552), TF Ratio: 0.864
[2026-06-16 05:56:24,241][root][INFO] - Epoch [3/5], Batch [81/300], Loss: 1.0913 (Overall: 0.7729, Change: 1.1316), TF Ratio: 0.864
[2026-06-16 05:56:24,394][root][INFO] - Epoch [3/5], Batch [82/300], Loss: 1.0924 (Overall: 0.8990, Change: 1.4653), TF Ratio: 0.864
[2026-06-16 05:56:24,551][root][INFO] - Epoch [3/5], Batch [83/300], Loss: 1.0898 (Overall: 0.5045, Change: 1.2527), TF Ratio: 0.863
[2026-06-16 05:56:28,478][root][INFO] - Epoch [3/5], Batch [84/300], Loss: 1.0899 (Overall: 0.8143, Change: 1.3797), TF Ratio: 0.863
[2026-06-16 05:56:28,633][root][INFO] - Epoch [3/5], Batch [85/300], Loss: 1.0923 (Overall: 0.8436, Change: 1.7486), TF Ratio: 0.863
[2026-06-16 05:56:28,786][root][INFO] - Epoch [3/5], Batch [86/300], Loss: 1.0923 (Overall: 0.7128, Change: 1.4654), TF Ratio: 0.863
[2026-06-16 05:56:28,938][root][INFO] - Epoch [3/5], Batch [87/300], Loss: 1.0913 (Overall: 0.7899, Change: 1.2294), TF Ratio: 0.863
[2026-06-16 05:56:34,012][root][INFO] - Epoch [3/5], Batch [88/300], Loss: 1.0921 (Overall: 0.8570, Change: 1.4594), TF Ratio: 0.862
[2026-06-16 05:56:34,171][root][INFO] - Epoch [3/5], Batch [89/300], Loss: 1.0925 (Overall: 0.9455, Change: 1.3153), TF Ratio: 0.862
[2026-06-16 05:56:34,325][root][INFO] - Epoch [3/5], Batch [90/300], Loss: 1.0896 (Overall: 0.5863, Change: 1.0782), TF Ratio: 0.862
[2026-06-16 05:56:34,478][root][INFO] - Epoch [3/5], Batch [91/300], Loss: 1.0877 (Overall: 0.5556, Change: 1.2760), TF Ratio: 0.862
[2026-06-16 05:56:39,195][root][INFO] - Epoch [3/5], Batch [92/300], Loss: 1.0891 (Overall: 0.8711, Change: 1.5599), TF Ratio: 0.862
[2026-06-16 05:56:39,353][root][INFO] - Epoch [3/5], Batch [93/300], Loss: 1.0882 (Overall: 0.7949, Change: 1.2082), TF Ratio: 0.861
[2026-06-16 05:56:39,507][root][INFO] - Epoch [3/5], Batch [94/300], Loss: 1.0870 (Overall: 0.6837, Change: 1.2667), TF Ratio: 0.861
[2026-06-16 05:56:39,660][root][INFO] - Epoch [3/5], Batch [95/300], Loss: 1.0859 (Overall: 0.5802, Change: 1.3868), TF Ratio: 0.861
[2026-06-16 05:56:41,319][root][INFO] - Epoch [3/5], Batch [96/300], Loss: 1.0837 (Overall: 0.4822, Change: 1.2668), TF Ratio: 0.861
[2026-06-16 05:56:41,473][root][INFO] - Epoch [3/5], Batch [97/300], Loss: 1.0818 (Overall: 0.7510, Change: 1.0462), TF Ratio: 0.861
[2026-06-16 05:56:41,626][root][INFO] - Epoch [3/5], Batch [98/300], Loss: 1.0796 (Overall: 0.6897, Change: 1.0427), TF Ratio: 0.860
[2026-06-16 05:56:41,781][root][INFO] - Epoch [3/5], Batch [99/300], Loss: 1.0784 (Overall: 0.6816, Change: 1.2482), TF Ratio: 0.860
[2026-06-16 05:56:48,593][root][INFO] - Epoch [3/5], Batch [100/300], Loss: 1.0766 (Overall: 0.6919, Change: 1.1096), TF Ratio: 0.860
[2026-06-16 05:56:48,752][root][INFO] - Epoch [3/5], Batch [101/300], Loss: 1.0759 (Overall: 0.5457, Change: 1.4666), TF Ratio: 0.860
[2026-06-16 05:56:48,906][root][INFO] - Epoch [3/5], Batch [102/300], Loss: 1.0767 (Overall: 0.8506, Change: 1.4592), TF Ratio: 0.860
[2026-06-16 05:56:49,059][root][INFO] - Epoch [3/5], Batch [103/300], Loss: 1.0772 (Overall: 0.5431, Change: 1.7211), TF Ratio: 0.859
[2026-06-16 05:56:53,516][root][INFO] - Epoch [3/5], Batch [104/300], Loss: 1.0812 (Overall: 0.9362, Change: 2.0452), TF Ratio: 0.859
[2026-06-16 05:56:53,671][root][INFO] - Epoch [3/5], Batch [105/300], Loss: 1.0821 (Overall: 0.6949, Change: 1.6593), TF Ratio: 0.859
[2026-06-16 05:56:53,824][root][INFO] - Epoch [3/5], Batch [106/300], Loss: 1.0819 (Overall: 0.7688, Change: 1.3425), TF Ratio: 0.859
[2026-06-16 05:56:53,978][root][INFO] - Epoch [3/5], Batch [107/300], Loss: 1.0829 (Overall: 0.8539, Change: 1.5290), TF Ratio: 0.859
[2026-06-16 05:56:54,171][root][INFO] - Epoch [3/5], Batch [108/300], Loss: 1.0842 (Overall: 0.7694, Change: 1.6837), TF Ratio: 0.858
[2026-06-16 05:56:54,325][root][INFO] - Epoch [3/5], Batch [109/300], Loss: 1.0825 (Overall: 0.6195, Change: 1.1676), TF Ratio: 0.858
[2026-06-16 05:56:54,478][root][INFO] - Epoch [3/5], Batch [110/300], Loss: 1.0798 (Overall: 0.5805, Change: 1.0030), TF Ratio: 0.858
[2026-06-16 05:56:54,631][root][INFO] - Epoch [3/5], Batch [111/300], Loss: 1.0803 (Overall: 0.8639, Change: 1.3859), TF Ratio: 0.858
[2026-06-16 05:57:01,997][root][INFO] - Epoch [3/5], Batch [112/300], Loss: 1.0781 (Overall: 0.7584, Change: 0.9285), TF Ratio: 0.858
[2026-06-16 05:57:02,152][root][INFO] - Epoch [3/5], Batch [113/300], Loss: 1.0784 (Overall: 0.9307, Change: 1.2767), TF Ratio: 0.857
[2026-06-16 05:57:02,307][root][INFO] - Epoch [3/5], Batch [114/300], Loss: 1.0777 (Overall: 0.7577, Change: 1.2460), TF Ratio: 0.857
[2026-06-16 05:57:02,461][root][INFO] - Epoch [3/5], Batch [115/300], Loss: 1.0778 (Overall: 0.7138, Change: 1.4693), TF Ratio: 0.857
[2026-06-16 05:57:07,019][root][INFO] - Epoch [3/5], Batch [116/300], Loss: 1.0756 (Overall: 0.6021, Change: 1.0451), TF Ratio: 0.857
[2026-06-16 05:57:07,177][root][INFO] - Epoch [3/5], Batch [117/300], Loss: 1.0762 (Overall: 0.7643, Change: 1.5294), TF Ratio: 0.857
[2026-06-16 05:57:07,329][root][INFO] - Epoch [3/5], Batch [118/300], Loss: 1.0766 (Overall: 0.6536, Change: 1.5886), TF Ratio: 0.856
[2026-06-16 05:57:07,482][root][INFO] - Epoch [3/5], Batch [119/300], Loss: 1.0778 (Overall: 0.9610, Change: 1.4803), TF Ratio: 0.856
[2026-06-16 05:57:07,652][root][INFO] - Epoch [3/5], Batch [120/300], Loss: 1.0793 (Overall: 0.7369, Change: 1.7742), TF Ratio: 0.856
[2026-06-16 05:57:07,806][root][INFO] - Epoch [3/5], Batch [121/300], Loss: 1.0801 (Overall: 0.9088, Change: 1.4454), TF Ratio: 0.856
[2026-06-16 05:57:07,960][root][INFO] - Epoch [3/5], Batch [122/300], Loss: 1.0795 (Overall: 0.7358, Change: 1.2632), TF Ratio: 0.856
[2026-06-16 05:57:08,114][root][INFO] - Epoch [3/5], Batch [123/300], Loss: 1.0790 (Overall: 0.6777, Change: 1.3753), TF Ratio: 0.855
[2026-06-16 05:57:15,212][root][INFO] - Epoch [3/5], Batch [124/300], Loss: 1.0785 (Overall: 0.6703, Change: 1.3708), TF Ratio: 0.855
[2026-06-16 05:57:15,367][root][INFO] - Epoch [3/5], Batch [125/300], Loss: 1.0772 (Overall: 0.8243, Change: 0.9956), TF Ratio: 0.855
[2026-06-16 05:57:15,522][root][INFO] - Epoch [3/5], Batch [126/300], Loss: 1.0774 (Overall: 0.9002, Change: 1.3040), TF Ratio: 0.855
[2026-06-16 05:57:15,676][root][INFO] - Epoch [3/5], Batch [127/300], Loss: 1.0778 (Overall: 0.7638, Change: 1.4923), TF Ratio: 0.855
[2026-06-16 05:57:20,677][root][INFO] - Epoch [3/5], Batch [128/300], Loss: 1.0765 (Overall: 0.5338, Change: 1.2778), TF Ratio: 0.854
[2026-06-16 05:57:20,834][root][INFO] - Epoch [3/5], Batch [129/300], Loss: 1.0762 (Overall: 0.6656, Change: 1.4249), TF Ratio: 0.854
[2026-06-16 05:57:20,988][root][INFO] - Epoch [3/5], Batch [130/300], Loss: 1.0740 (Overall: 0.4595, Change: 1.1256), TF Ratio: 0.854
[2026-06-16 05:57:21,141][root][INFO] - Epoch [3/5], Batch [131/300], Loss: 1.0733 (Overall: 0.9617, Change: 1.0031), TF Ratio: 0.854
[2026-06-16 05:57:21,315][root][INFO] - Epoch [3/5], Batch [132/300], Loss: 1.0730 (Overall: 0.7538, Change: 1.3057), TF Ratio: 0.854
[2026-06-16 05:57:21,469][root][INFO] - Epoch [3/5], Batch [133/300], Loss: 1.0713 (Overall: 0.5609, Change: 1.1442), TF Ratio: 0.853
[2026-06-16 05:57:21,623][root][INFO] - Epoch [3/5], Batch [134/300], Loss: 1.0706 (Overall: 0.6067, Change: 1.3442), TF Ratio: 0.853
[2026-06-16 05:57:21,776][root][INFO] - Epoch [3/5], Batch [135/300], Loss: 1.0696 (Overall: 0.5538, Change: 1.3135), TF Ratio: 0.853
[2026-06-16 05:57:28,508][root][INFO] - Epoch [3/5], Batch [136/300], Loss: 1.0704 (Overall: 0.8657, Change: 1.4831), TF Ratio: 0.853
[2026-06-16 05:57:28,667][root][INFO] - Epoch [3/5], Batch [137/300], Loss: 1.0705 (Overall: 0.7633, Change: 1.4054), TF Ratio: 0.853
[2026-06-16 05:57:28,820][root][INFO] - Epoch [3/5], Batch [138/300], Loss: 1.0699 (Overall: 0.8217, Change: 1.1457), TF Ratio: 0.852
[2026-06-16 05:57:28,975][root][INFO] - Epoch [3/5], Batch [139/300], Loss: 1.0705 (Overall: 0.9031, Change: 1.4234), TF Ratio: 0.852
[2026-06-16 05:57:35,991][root][INFO] - Epoch [3/5], Batch [140/300], Loss: 1.0695 (Overall: 0.6964, Change: 1.1548), TF Ratio: 0.852
[2026-06-16 05:57:36,150][root][INFO] - Epoch [3/5], Batch [141/300], Loss: 1.0707 (Overall: 0.9160, Change: 1.5581), TF Ratio: 0.852
[2026-06-16 05:57:36,303][root][INFO] - Epoch [3/5], Batch [142/300], Loss: 1.0714 (Overall: 0.8152, Change: 1.5224), TF Ratio: 0.852
[2026-06-16 05:57:36,457][root][INFO] - Epoch [3/5], Batch [143/300], Loss: 1.0708 (Overall: 0.6724, Change: 1.3212), TF Ratio: 0.851
[2026-06-16 05:57:36,637][root][INFO] - Epoch [3/5], Batch [144/300], Loss: 1.0708 (Overall: 0.6873, Change: 1.4439), TF Ratio: 0.851
[2026-06-16 05:57:36,790][root][INFO] - Epoch [3/5], Batch [145/300], Loss: 1.0695 (Overall: 0.7815, Change: 0.9790), TF Ratio: 0.851
[2026-06-16 05:57:36,945][root][INFO] - Epoch [3/5], Batch [146/300], Loss: 1.0702 (Overall: 0.9156, Change: 1.4220), TF Ratio: 0.851
[2026-06-16 05:57:37,099][root][INFO] - Epoch [3/5], Batch [147/300], Loss: 1.0692 (Overall: 0.5497, Change: 1.2960), TF Ratio: 0.851
[2026-06-16 05:57:42,683][root][INFO] - Epoch [3/5], Batch [148/300], Loss: 1.0691 (Overall: 0.7923, Change: 1.3233), TF Ratio: 0.850
[2026-06-16 05:57:42,838][root][INFO] - Epoch [3/5], Batch [149/300], Loss: 1.0685 (Overall: 0.7447, Change: 1.2069), TF Ratio: 0.850
[2026-06-16 05:57:42,992][root][INFO] - Epoch [3/5], Batch [150/300], Loss: 1.0673 (Overall: 0.5989, Change: 1.1989), TF Ratio: 0.850
[2026-06-16 05:57:43,148][root][INFO] - Epoch [3/5], Batch [151/300], Loss: 1.0678 (Overall: 0.7318, Change: 1.5408), TF Ratio: 0.850
[2026-06-16 05:57:50,237][root][INFO] - Epoch [3/5], Batch [152/300], Loss: 1.0677 (Overall: 0.6347, Change: 1.4713), TF Ratio: 0.850
[2026-06-16 05:57:50,393][root][INFO] - Epoch [3/5], Batch [153/300], Loss: 1.0696 (Overall: 1.0619, Change: 1.6555), TF Ratio: 0.849
[2026-06-16 05:57:50,546][root][INFO] - Epoch [3/5], Batch [154/300], Loss: 1.0712 (Overall: 1.1221, Change: 1.5222), TF Ratio: 0.849
[2026-06-16 05:57:50,700][root][INFO] - Epoch [3/5], Batch [155/300], Loss: 1.0719 (Overall: 0.7378, Change: 1.6104), TF Ratio: 0.849
[2026-06-16 05:57:50,874][root][INFO] - Epoch [3/5], Batch [156/300], Loss: 1.0699 (Overall: 0.4956, Change: 1.0165), TF Ratio: 0.849
[2026-06-16 05:57:51,028][root][INFO] - Epoch [3/5], Batch [157/300], Loss: 1.0710 (Overall: 0.9685, Change: 1.5118), TF Ratio: 0.849
[2026-06-16 05:57:51,182][root][INFO] - Epoch [3/5], Batch [158/300], Loss: 1.0705 (Overall: 0.6286, Change: 1.3713), TF Ratio: 0.848
[2026-06-16 05:57:51,338][root][INFO] - Epoch [3/5], Batch [159/300], Loss: 1.0701 (Overall: 0.6708, Change: 1.3340), TF Ratio: 0.848
[2026-06-16 05:57:56,608][root][INFO] - Epoch [3/5], Batch [160/300], Loss: 1.0705 (Overall: 0.7136, Change: 1.5685), TF Ratio: 0.848
[2026-06-16 05:57:56,765][root][INFO] - Epoch [3/5], Batch [161/300], Loss: 1.0710 (Overall: 0.5543, Change: 1.7266), TF Ratio: 0.848
[2026-06-16 05:57:56,918][root][INFO] - Epoch [3/5], Batch [162/300], Loss: 1.0710 (Overall: 0.7285, Change: 1.4225), TF Ratio: 0.848
[2026-06-16 05:57:57,072][root][INFO] - Epoch [3/5], Batch [163/300], Loss: 1.0708 (Overall: 0.7240, Change: 1.3494), TF Ratio: 0.847
[2026-06-16 05:58:04,672][root][INFO] - Epoch [3/5], Batch [164/300], Loss: 1.0700 (Overall: 0.8900, Change: 0.9785), TF Ratio: 0.847
[2026-06-16 05:58:04,829][root][INFO] - Epoch [3/5], Batch [165/300], Loss: 1.0693 (Overall: 0.5807, Change: 1.3535), TF Ratio: 0.847
[2026-06-16 05:58:04,982][root][INFO] - Epoch [3/5], Batch [166/300], Loss: 1.0685 (Overall: 0.9758, Change: 0.8974), TF Ratio: 0.847
[2026-06-16 05:58:05,137][root][INFO] - Epoch [3/5], Batch [167/300], Loss: 1.0681 (Overall: 0.8011, Change: 1.2074), TF Ratio: 0.847
[2026-06-16 05:58:05,316][root][INFO] - Epoch [3/5], Batch [168/300], Loss: 1.0678 (Overall: 0.7395, Change: 1.2938), TF Ratio: 0.846
[2026-06-16 05:58:05,471][root][INFO] - Epoch [3/5], Batch [169/300], Loss: 1.0691 (Overall: 1.0120, Change: 1.5591), TF Ratio: 0.846
[2026-06-16 05:58:05,625][root][INFO] - Epoch [3/5], Batch [170/300], Loss: 1.0719 (Overall: 0.8004, Change: 2.2915), TF Ratio: 0.846
[2026-06-16 05:58:05,777][root][INFO] - Epoch [3/5], Batch [171/300], Loss: 1.0718 (Overall: 0.9073, Change: 1.1773), TF Ratio: 0.846
[2026-06-16 05:58:09,623][root][INFO] - Epoch [3/5], Batch [172/300], Loss: 1.0717 (Overall: 0.7192, Change: 1.3963), TF Ratio: 0.846
[2026-06-16 05:58:09,783][root][INFO] - Epoch [3/5], Batch [173/300], Loss: 1.0716 (Overall: 0.7882, Change: 1.3138), TF Ratio: 0.845
[2026-06-16 05:58:09,936][root][INFO] - Epoch [3/5], Batch [174/300], Loss: 1.0726 (Overall: 0.8386, Change: 1.6661), TF Ratio: 0.845
[2026-06-16 05:58:10,089][root][INFO] - Epoch [3/5], Batch [175/300], Loss: 1.0707 (Overall: 0.6600, Change: 0.8261), TF Ratio: 0.845
[2026-06-16 05:58:18,599][root][INFO] - Epoch [3/5], Batch [176/300], Loss: 1.0699 (Overall: 0.8043, Change: 1.0600), TF Ratio: 0.845
[2026-06-16 05:58:18,759][root][INFO] - Epoch [3/5], Batch [177/300], Loss: 1.0698 (Overall: 0.7655, Change: 1.3208), TF Ratio: 0.845
[2026-06-16 05:58:18,912][root][INFO] - Epoch [3/5], Batch [178/300], Loss: 1.0694 (Overall: 0.4762, Change: 1.5443), TF Ratio: 0.844
[2026-06-16 05:58:19,065][root][INFO] - Epoch [3/5], Batch [179/300], Loss: 1.0713 (Overall: 1.0774, Change: 1.7229), TF Ratio: 0.844
[2026-06-16 05:58:19,239][root][INFO] - Epoch [3/5], Batch [180/300], Loss: 1.0712 (Overall: 0.8387, Change: 1.2729), TF Ratio: 0.844
[2026-06-16 05:58:19,394][root][INFO] - Epoch [3/5], Batch [181/300], Loss: 1.0712 (Overall: 0.9383, Change: 1.1975), TF Ratio: 0.844
[2026-06-16 05:58:19,549][root][INFO] - Epoch [3/5], Batch [182/300], Loss: 1.0714 (Overall: 0.8345, Change: 1.3978), TF Ratio: 0.844
[2026-06-16 05:58:19,710][root][INFO] - Epoch [3/5], Batch [183/300], Loss: 1.0715 (Overall: 0.7500, Change: 1.4322), TF Ratio: 0.843
[2026-06-16 05:58:23,418][root][INFO] - Epoch [3/5], Batch [184/300], Loss: 1.0708 (Overall: 0.6546, Change: 1.2094), TF Ratio: 0.843
[2026-06-16 05:58:23,574][root][INFO] - Epoch [3/5], Batch [185/300], Loss: 1.0711 (Overall: 0.6464, Change: 1.6275), TF Ratio: 0.843
[2026-06-16 05:58:23,728][root][INFO] - Epoch [3/5], Batch [186/300], Loss: 1.0709 (Overall: 0.7613, Change: 1.2750), TF Ratio: 0.843
[2026-06-16 05:58:23,882][root][INFO] - Epoch [3/5], Batch [187/300], Loss: 1.0713 (Overall: 0.7264, Change: 1.5952), TF Ratio: 0.843
[2026-06-16 05:58:32,024][root][INFO] - Epoch [3/5], Batch [188/300], Loss: 1.0714 (Overall: 0.7600, Change: 1.4002), TF Ratio: 0.842
[2026-06-16 05:58:32,180][root][INFO] - Epoch [3/5], Batch [189/300], Loss: 1.0707 (Overall: 0.6380, Change: 1.2477), TF Ratio: 0.842
[2026-06-16 05:58:32,334][root][INFO] - Epoch [3/5], Batch [190/300], Loss: 1.0702 (Overall: 0.7816, Change: 1.1551), TF Ratio: 0.842
[2026-06-16 05:58:32,489][root][INFO] - Epoch [3/5], Batch [191/300], Loss: 1.0707 (Overall: 1.0730, Change: 1.2874), TF Ratio: 0.842
[2026-06-16 05:58:32,668][root][INFO] - Epoch [3/5], Batch [192/300], Loss: 1.0705 (Overall: 0.8792, Change: 1.1573), TF Ratio: 0.842
[2026-06-16 05:58:32,822][root][INFO] - Epoch [3/5], Batch [193/300], Loss: 1.0705 (Overall: 0.6813, Change: 1.4929), TF Ratio: 0.841
[2026-06-16 05:58:32,975][root][INFO] - Epoch [3/5], Batch [194/300], Loss: 1.0707 (Overall: 1.0778, Change: 1.1157), TF Ratio: 0.841
[2026-06-16 05:58:33,127][root][INFO] - Epoch [3/5], Batch [195/300], Loss: 1.0714 (Overall: 0.9592, Change: 1.4447), TF Ratio: 0.841
[2026-06-16 05:58:38,078][root][INFO] - Epoch [3/5], Batch [196/300], Loss: 1.0708 (Overall: 0.5576, Change: 1.3734), TF Ratio: 0.841
[2026-06-16 05:58:38,236][root][INFO] - Epoch [3/5], Batch [197/300], Loss: 1.0706 (Overall: 0.7016, Change: 1.3586), TF Ratio: 0.841
[2026-06-16 05:58:38,389][root][INFO] - Epoch [3/5], Batch [198/300], Loss: 1.0710 (Overall: 0.7455, Change: 1.5464), TF Ratio: 0.840
[2026-06-16 05:58:38,542][root][INFO] - Epoch [3/5], Batch [199/300], Loss: 1.0726 (Overall: 0.7478, Change: 2.0324), TF Ratio: 0.840
[2026-06-16 05:58:47,601][root][INFO] - Epoch [3/5], Batch [200/300], Loss: 1.0737 (Overall: 1.0494, Change: 1.5547), TF Ratio: 0.840
[2026-06-16 05:58:47,769][root][INFO] - Epoch [3/5], Batch [201/300], Loss: 1.0740 (Overall: 0.8208, Change: 1.4335), TF Ratio: 0.840
[2026-06-16 05:58:47,922][root][INFO] - Epoch [3/5], Batch [202/300], Loss: 1.0731 (Overall: 0.5243, Change: 1.2563), TF Ratio: 0.840
[2026-06-16 05:58:48,076][root][INFO] - Epoch [3/5], Batch [203/300], Loss: 1.0723 (Overall: 0.5940, Change: 1.2270), TF Ratio: 0.839
[2026-06-16 05:58:48,248][root][INFO] - Epoch [3/5], Batch [204/300], Loss: 1.0729 (Overall: 0.8410, Change: 1.5504), TF Ratio: 0.839
[2026-06-16 05:58:48,403][root][INFO] - Epoch [3/5], Batch [205/300], Loss: 1.0732 (Overall: 0.8575, Change: 1.4173), TF Ratio: 0.839
[2026-06-16 05:58:48,556][root][INFO] - Epoch [3/5], Batch [206/300], Loss: 1.0719 (Overall: 0.6873, Change: 0.9132), TF Ratio: 0.839
[2026-06-16 05:58:48,709][root][INFO] - Epoch [3/5], Batch [207/300], Loss: 1.0724 (Overall: 0.8632, Change: 1.4924), TF Ratio: 0.839
[2026-06-16 05:58:51,790][root][INFO] - Epoch [3/5], Batch [208/300], Loss: 1.0730 (Overall: 0.9224, Change: 1.4619), TF Ratio: 0.838
[2026-06-16 05:58:51,946][root][INFO] - Epoch [3/5], Batch [209/300], Loss: 1.0729 (Overall: 1.0272, Change: 1.0867), TF Ratio: 0.838
[2026-06-16 05:58:52,099][root][INFO] - Epoch [3/5], Batch [210/300], Loss: 1.0737 (Overall: 0.9373, Change: 1.5406), TF Ratio: 0.838
[2026-06-16 05:58:52,252][root][INFO] - Epoch [3/5], Batch [211/300], Loss: 1.0734 (Overall: 0.6186, Change: 1.4044), TF Ratio: 0.838
[2026-06-16 05:59:00,761][root][INFO] - Epoch [3/5], Batch [212/300], Loss: 1.0720 (Overall: 0.5092, Change: 1.0527), TF Ratio: 0.838
[2026-06-16 05:59:00,918][root][INFO] - Epoch [3/5], Batch [213/300], Loss: 1.0727 (Overall: 0.7269, Change: 1.7218), TF Ratio: 0.837
[2026-06-16 05:59:01,072][root][INFO] - Epoch [3/5], Batch [214/300], Loss: 1.0722 (Overall: 0.5247, Change: 1.3999), TF Ratio: 0.837
[2026-06-16 05:59:01,225][root][INFO] - Epoch [3/5], Batch [215/300], Loss: 1.0712 (Overall: 0.6909, Change: 1.0075), TF Ratio: 0.837
[2026-06-16 05:59:01,403][root][INFO] - Epoch [3/5], Batch [216/300], Loss: 1.0713 (Overall: 0.7126, Change: 1.4706), TF Ratio: 0.837
[2026-06-16 05:59:01,559][root][INFO] - Epoch [3/5], Batch [217/300], Loss: 1.0712 (Overall: 1.1028, Change: 1.0202), TF Ratio: 0.837
[2026-06-16 05:59:01,712][root][INFO] - Epoch [3/5], Batch [218/300], Loss: 1.0699 (Overall: 0.6015, Change: 0.9475), TF Ratio: 0.836
[2026-06-16 05:59:01,866][root][INFO] - Epoch [3/5], Batch [219/300], Loss: 1.0699 (Overall: 0.8487, Change: 1.3030), TF Ratio: 0.836
[2026-06-16 05:59:05,525][root][INFO] - Epoch [3/5], Batch [220/300], Loss: 1.0698 (Overall: 0.7852, Change: 1.3038), TF Ratio: 0.836
[2026-06-16 05:59:05,687][root][INFO] - Epoch [3/5], Batch [221/300], Loss: 1.0695 (Overall: 0.6127, Change: 1.4049), TF Ratio: 0.836
[2026-06-16 05:59:05,841][root][INFO] - Epoch [3/5], Batch [222/300], Loss: 1.0691 (Overall: 0.6192, Change: 1.3229), TF Ratio: 0.836
[2026-06-16 05:59:05,994][root][INFO] - Epoch [3/5], Batch [223/300], Loss: 1.0686 (Overall: 0.5605, Change: 1.3924), TF Ratio: 0.835
[2026-06-16 05:59:14,915][root][INFO] - Epoch [3/5], Batch [224/300], Loss: 1.0679 (Overall: 0.5555, Change: 1.2686), TF Ratio: 0.835
[2026-06-16 05:59:15,073][root][INFO] - Epoch [3/5], Batch [225/300], Loss: 1.0697 (Overall: 1.2497, Change: 1.6751), TF Ratio: 0.835
[2026-06-16 05:59:15,226][root][INFO] - Epoch [3/5], Batch [226/300], Loss: 1.0699 (Overall: 0.9356, Change: 1.3063), TF Ratio: 0.835
[2026-06-16 05:59:15,379][root][INFO] - Epoch [3/5], Batch [227/300], Loss: 1.0697 (Overall: 0.6020, Change: 1.4253), TF Ratio: 0.835
[2026-06-16 05:59:15,556][root][INFO] - Epoch [3/5], Batch [228/300], Loss: 1.0695 (Overall: 0.5482, Change: 1.4899), TF Ratio: 0.834
[2026-06-16 05:59:15,710][root][INFO] - Epoch [3/5], Batch [229/300], Loss: 1.0691 (Overall: 0.5390, Change: 1.4510), TF Ratio: 0.834
[2026-06-16 05:59:15,863][root][INFO] - Epoch [3/5], Batch [230/300], Loss: 1.0684 (Overall: 0.4130, Change: 1.3772), TF Ratio: 0.834
[2026-06-16 05:59:16,016][root][INFO] - Epoch [3/5], Batch [231/300], Loss: 1.0673 (Overall: 0.6243, Change: 1.0009), TF Ratio: 0.834
[2026-06-16 05:59:20,046][root][INFO] - Epoch [3/5], Batch [232/300], Loss: 1.0662 (Overall: 0.6706, Change: 0.9636), TF Ratio: 0.834
[2026-06-16 05:59:20,200][root][INFO] - Epoch [3/5], Batch [233/300], Loss: 1.0656 (Overall: 0.4749, Change: 1.3616), TF Ratio: 0.833
[2026-06-16 05:59:20,354][root][INFO] - Epoch [3/5], Batch [234/300], Loss: 1.0652 (Overall: 0.8460, Change: 1.1300), TF Ratio: 0.833
[2026-06-16 05:59:20,509][root][INFO] - Epoch [3/5], Batch [235/300], Loss: 1.0644 (Overall: 0.6116, Change: 1.1353), TF Ratio: 0.833
[2026-06-16 05:59:29,457][root][INFO] - Epoch [3/5], Batch [236/300], Loss: 1.0650 (Overall: 0.7429, Change: 1.6764), TF Ratio: 0.833
[2026-06-16 05:59:29,620][root][INFO] - Epoch [3/5], Batch [237/300], Loss: 1.0648 (Overall: 0.7769, Change: 1.2324), TF Ratio: 0.833
[2026-06-16 05:59:29,773][root][INFO] - Epoch [3/5], Batch [238/300], Loss: 1.0652 (Overall: 1.0904, Change: 1.2278), TF Ratio: 0.832
[2026-06-16 05:59:29,927][root][INFO] - Epoch [3/5], Batch [239/300], Loss: 1.0643 (Overall: 0.6864, Change: 1.0525), TF Ratio: 0.832
[2026-06-16 05:59:30,105][root][INFO] - Epoch [3/5], Batch [240/300], Loss: 1.0627 (Overall: 0.6481, Change: 0.7081), TF Ratio: 0.832
[2026-06-16 05:59:30,260][root][INFO] - Epoch [3/5], Batch [241/300], Loss: 1.0628 (Overall: 0.9821, Change: 1.1957), TF Ratio: 0.832
[2026-06-16 05:59:30,413][root][INFO] - Epoch [3/5], Batch [242/300], Loss: 1.0632 (Overall: 0.7590, Change: 1.5497), TF Ratio: 0.832
[2026-06-16 05:59:30,567][root][INFO] - Epoch [3/5], Batch [243/300], Loss: 1.0625 (Overall: 0.4856, Change: 1.2956), TF Ratio: 0.831
[2026-06-16 05:59:34,733][root][INFO] - Epoch [3/5], Batch [244/300], Loss: 1.0616 (Overall: 0.5297, Change: 1.1736), TF Ratio: 0.831
[2026-06-16 05:59:34,889][root][INFO] - Epoch [3/5], Batch [245/300], Loss: 1.0619 (Overall: 0.5766, Change: 1.6598), TF Ratio: 0.831
[2026-06-16 05:59:35,042][root][INFO] - Epoch [3/5], Batch [246/300], Loss: 1.0621 (Overall: 0.6535, Change: 1.5902), TF Ratio: 0.831
[2026-06-16 05:59:35,195][root][INFO] - Epoch [3/5], Batch [247/300], Loss: 1.0605 (Overall: 0.4493, Change: 0.8650), TF Ratio: 0.831
[2026-06-16 05:59:43,192][root][INFO] - Epoch [3/5], Batch [248/300], Loss: 1.0603 (Overall: 0.5669, Change: 1.4492), TF Ratio: 0.830
[2026-06-16 05:59:43,351][root][INFO] - Epoch [3/5], Batch [249/300], Loss: 1.0595 (Overall: 0.6105, Change: 1.1364), TF Ratio: 0.830
[2026-06-16 05:59:43,504][root][INFO] - Epoch [3/5], Batch [250/300], Loss: 1.0595 (Overall: 0.7260, Change: 1.3807), TF Ratio: 0.830
[2026-06-16 05:59:43,657][root][INFO] - Epoch [3/5], Batch [251/300], Loss: 1.0594 (Overall: 0.7822, Change: 1.2824), TF Ratio: 0.830
[2026-06-16 05:59:43,849][root][INFO] - Epoch [3/5], Batch [252/300], Loss: 1.0595 (Overall: 0.9505, Change: 1.2301), TF Ratio: 0.830
[2026-06-16 05:59:44,004][root][INFO] - Epoch [3/5], Batch [253/300], Loss: 1.0593 (Overall: 0.6703, Change: 1.3325), TF Ratio: 0.829
[2026-06-16 05:59:44,158][root][INFO] - Epoch [3/5], Batch [254/300], Loss: 1.0592 (Overall: 0.7753, Change: 1.3065), TF Ratio: 0.829
[2026-06-16 05:59:44,313][root][INFO] - Epoch [3/5], Batch [255/300], Loss: 1.0588 (Overall: 0.5977, Change: 1.3205), TF Ratio: 0.829
[2026-06-16 05:59:48,337][root][INFO] - Epoch [3/5], Batch [256/300], Loss: 1.0576 (Overall: 0.5156, Change: 0.9838), TF Ratio: 0.829
[2026-06-16 05:59:48,495][root][INFO] - Epoch [3/5], Batch [257/300], Loss: 1.0581 (Overall: 1.0051, Change: 1.3586), TF Ratio: 0.829
[2026-06-16 05:59:48,649][root][INFO] - Epoch [3/5], Batch [258/300], Loss: 1.0571 (Overall: 0.5491, Change: 1.0800), TF Ratio: 0.828
[2026-06-16 05:59:48,803][root][INFO] - Epoch [3/5], Batch [259/300], Loss: 1.0567 (Overall: 0.6877, Change: 1.2066), TF Ratio: 0.828
[2026-06-16 05:59:57,124][root][INFO] - Epoch [3/5], Batch [260/300], Loss: 1.0565 (Overall: 0.6837, Change: 1.3290), TF Ratio: 0.828
[2026-06-16 05:59:57,281][root][INFO] - Epoch [3/5], Batch [261/300], Loss: 1.0568 (Overall: 0.6519, Change: 1.6109), TF Ratio: 0.828
[2026-06-16 05:59:57,435][root][INFO] - Epoch [3/5], Batch [262/300], Loss: 1.0555 (Overall: 0.6674, Change: 0.7775), TF Ratio: 0.828
[2026-06-16 05:59:57,588][root][INFO] - Epoch [3/5], Batch [263/300], Loss: 1.0555 (Overall: 0.6514, Change: 1.4555), TF Ratio: 0.827
[2026-06-16 05:59:57,762][root][INFO] - Epoch [3/5], Batch [264/300], Loss: 1.0562 (Overall: 0.8125, Change: 1.6712), TF Ratio: 0.827
[2026-06-16 05:59:57,916][root][INFO] - Epoch [3/5], Batch [265/300], Loss: 1.0561 (Overall: 0.7767, Change: 1.2822), TF Ratio: 0.827
[2026-06-16 05:59:58,078][root][INFO] - Epoch [3/5], Batch [266/300], Loss: 1.0561 (Overall: 0.7640, Change: 1.3323), TF Ratio: 0.827
[2026-06-16 05:59:58,232][root][INFO] - Epoch [3/5], Batch [267/300], Loss: 1.0555 (Overall: 0.5660, Change: 1.2466), TF Ratio: 0.827
[2026-06-16 06:00:02,869][root][INFO] - Epoch [3/5], Batch [268/300], Loss: 1.0559 (Overall: 0.9878, Change: 1.3020), TF Ratio: 0.826
[2026-06-16 06:00:03,024][root][INFO] - Epoch [3/5], Batch [269/300], Loss: 1.0554 (Overall: 0.7784, Change: 1.0962), TF Ratio: 0.826
[2026-06-16 06:00:03,176][root][INFO] - Epoch [3/5], Batch [270/300], Loss: 1.0555 (Overall: 0.8928, Change: 1.2592), TF Ratio: 0.826
[2026-06-16 06:00:03,329][root][INFO] - Epoch [3/5], Batch [271/300], Loss: 1.0557 (Overall: 0.7532, Change: 1.4776), TF Ratio: 0.826
[2026-06-16 06:00:11,338][root][INFO] - Epoch [3/5], Batch [272/300], Loss: 1.0554 (Overall: 0.7601, Change: 1.1589), TF Ratio: 0.826
[2026-06-16 06:00:11,494][root][INFO] - Epoch [3/5], Batch [273/300], Loss: 1.0556 (Overall: 0.7230, Change: 1.4903), TF Ratio: 0.825
[2026-06-16 06:00:11,648][root][INFO] - Epoch [3/5], Batch [274/300], Loss: 1.0549 (Overall: 0.6137, Change: 1.1238), TF Ratio: 0.825
[2026-06-16 06:00:11,802][root][INFO] - Epoch [3/5], Batch [275/300], Loss: 1.0546 (Overall: 0.7755, Change: 1.1522), TF Ratio: 0.825
[2026-06-16 06:00:11,972][root][INFO] - Epoch [3/5], Batch [276/300], Loss: 1.0541 (Overall: 0.5409, Change: 1.3315), TF Ratio: 0.825
[2026-06-16 06:00:12,127][root][INFO] - Epoch [3/5], Batch [277/300], Loss: 1.0548 (Overall: 0.8305, Change: 1.6229), TF Ratio: 0.825
[2026-06-16 06:00:12,279][root][INFO] - Epoch [3/5], Batch [278/300], Loss: 1.0542 (Overall: 0.5767, Change: 1.2464), TF Ratio: 0.824
[2026-06-16 06:00:12,432][root][INFO] - Epoch [3/5], Batch [279/300], Loss: 1.0536 (Overall: 0.8192, Change: 0.9197), TF Ratio: 0.824
[2026-06-16 06:00:17,026][root][INFO] - Epoch [3/5], Batch [280/300], Loss: 1.0545 (Overall: 0.5685, Change: 2.0616), TF Ratio: 0.824
[2026-06-16 06:00:17,190][root][INFO] - Epoch [3/5], Batch [281/300], Loss: 1.0545 (Overall: 0.6551, Change: 1.4419), TF Ratio: 0.824
[2026-06-16 06:00:17,345][root][INFO] - Epoch [3/5], Batch [282/300], Loss: 1.0536 (Overall: 0.5044, Change: 1.1043), TF Ratio: 0.824
[2026-06-16 06:00:17,499][root][INFO] - Epoch [3/5], Batch [283/300], Loss: 1.0540 (Overall: 0.9545, Change: 1.3514), TF Ratio: 0.823
[2026-06-16 06:00:26,000][root][INFO] - Epoch [3/5], Batch [284/300], Loss: 1.0535 (Overall: 0.5612, Change: 1.2732), TF Ratio: 0.823
[2026-06-16 06:00:26,160][root][INFO] - Epoch [3/5], Batch [285/300], Loss: 1.0530 (Overall: 0.4846, Change: 1.3533), TF Ratio: 0.823
[2026-06-16 06:00:26,313][root][INFO] - Epoch [3/5], Batch [286/300], Loss: 1.0527 (Overall: 0.7802, Change: 1.1756), TF Ratio: 0.823
[2026-06-16 06:00:26,466][root][INFO] - Epoch [3/5], Batch [287/300], Loss: 1.0515 (Overall: 0.4743, Change: 0.9247), TF Ratio: 0.823
[2026-06-16 06:00:26,646][root][INFO] - Epoch [3/5], Batch [288/300], Loss: 1.0519 (Overall: 1.0370, Change: 1.2922), TF Ratio: 0.822
[2026-06-16 06:00:26,802][root][INFO] - Epoch [3/5], Batch [289/300], Loss: 1.0515 (Overall: 0.6324, Change: 1.2236), TF Ratio: 0.822
[2026-06-16 06:00:26,955][root][INFO] - Epoch [3/5], Batch [290/300], Loss: 1.0516 (Overall: 0.8169, Change: 1.3361), TF Ratio: 0.822
[2026-06-16 06:00:27,109][root][INFO] - Epoch [3/5], Batch [291/300], Loss: 1.0512 (Overall: 0.7407, Change: 1.1388), TF Ratio: 0.822
[2026-06-16 06:00:32,236][root][INFO] - Epoch [3/5], Batch [292/300], Loss: 1.0510 (Overall: 0.7558, Change: 1.2687), TF Ratio: 0.822
[2026-06-16 06:00:32,391][root][INFO] - Epoch [3/5], Batch [293/300], Loss: 1.0506 (Overall: 0.6723, Change: 1.1832), TF Ratio: 0.821
[2026-06-16 06:00:32,545][root][INFO] - Epoch [3/5], Batch [294/300], Loss: 1.0508 (Overall: 0.6401, Change: 1.5437), TF Ratio: 0.821
[2026-06-16 06:00:32,699][root][INFO] - Epoch [3/5], Batch [295/300], Loss: 1.0502 (Overall: 0.6457, Change: 1.1389), TF Ratio: 0.821
[2026-06-16 06:00:40,479][root][INFO] - Epoch [3/5], Batch [296/300], Loss: 1.0503 (Overall: 0.5958, Change: 1.5583), TF Ratio: 0.821
[2026-06-16 06:00:40,637][root][INFO] - Epoch [3/5], Batch [297/300], Loss: 1.0498 (Overall: 0.7021, Change: 1.1161), TF Ratio: 0.821
[2026-06-16 06:00:40,790][root][INFO] - Epoch [3/5], Batch [298/300], Loss: 1.0497 (Overall: 0.7394, Change: 1.2885), TF Ratio: 0.820
[2026-06-16 06:00:40,945][root][INFO] - Epoch [3/5], Batch [299/300], Loss: 1.0497 (Overall: 0.8363, Change: 1.2717), TF Ratio: 0.820
[2026-06-16 06:00:41,118][root][INFO] - Epoch [3/5], Batch [300/300], Loss: 1.0492 (Overall: 0.8302, Change: 0.9782), TF Ratio: 0.820
[2026-06-16 06:00:54,254][root][INFO] - Epoch 3 done. Validating...
[2026-06-16 06:01:24,287][root][INFO] - Epoch [3/5] | Train: 1.0557 | Val: 0.7056
[2026-06-16 06:01:24,483][root][INFO] - Checkpoint saved: /gpfs/scratch/bsc32/bsc096444/ai4land-tfm/trained_models/unet_impl/41825153/best_model.pth
[2026-06-16 06:01:24,701][root][INFO] - Checkpoint saved: /gpfs/scratch/bsc32/bsc096444/ai4land-tfm/trained_models/unet_impl/41825153/model_epoch_3.pth
[2026-06-16 06:01:41,107][root][INFO] - Epoch [4/5], Batch [1/300], Loss: 0.9099 (Overall: 0.6871, Change: 1.1326), TF Ratio: 0.820
[2026-06-16 06:01:41,263][root][INFO] - Epoch [4/5], Batch [2/300], Loss: 0.8068 (Overall: 0.3807, Change: 1.0269), TF Ratio: 0.820
[2026-06-16 06:01:41,417][root][INFO] - Epoch [4/5], Batch [3/300], Loss: 0.9015 (Overall: 0.9356, Change: 1.2460), TF Ratio: 0.819
[2026-06-16 06:01:42,656][root][INFO] - Epoch [4/5], Batch [4/300], Loss: 0.9251 (Overall: 0.7018, Change: 1.2903), TF Ratio: 0.819
[2026-06-16 06:01:42,814][root][INFO] - Epoch [4/5], Batch [5/300], Loss: 0.9366 (Overall: 0.7792, Change: 1.1859), TF Ratio: 0.819
[2026-06-16 06:01:42,967][root][INFO] - Epoch [4/5], Batch [6/300], Loss: 0.9904 (Overall: 0.8724, Change: 1.6460), TF Ratio: 0.819
[2026-06-16 06:01:43,120][root][INFO] - Epoch [4/5], Batch [7/300], Loss: 0.9858 (Overall: 0.5795, Change: 1.3370), TF Ratio: 0.819
[2026-06-16 06:01:43,287][root][INFO] - Epoch [4/5], Batch [8/300], Loss: 1.0181 (Overall: 0.9341, Change: 1.5550), TF Ratio: 0.818
[2026-06-16 06:01:43,441][root][INFO] - Epoch [4/5], Batch [9/300], Loss: 1.0339 (Overall: 0.8601, Change: 1.4600), TF Ratio: 0.818
[2026-06-16 06:01:43,594][root][INFO] - Epoch [4/5], Batch [10/300], Loss: 1.0737 (Overall: 0.8302, Change: 2.0345), TF Ratio: 0.818
[2026-06-16 06:01:43,748][root][INFO] - Epoch [4/5], Batch [11/300], Loss: 1.0744 (Overall: 0.7128, Change: 1.4486), TF Ratio: 0.818
[2026-06-16 06:01:55,461][root][INFO] - Epoch [4/5], Batch [12/300], Loss: 1.0517 (Overall: 0.5859, Change: 1.0194), TF Ratio: 0.818
[2026-06-16 06:01:55,615][root][INFO] - Epoch [4/5], Batch [13/300], Loss: 1.0754 (Overall: 0.7724, Change: 1.9470), TF Ratio: 0.817
[2026-06-16 06:01:55,769][root][INFO] - Epoch [4/5], Batch [14/300], Loss: 1.0522 (Overall: 0.5133, Change: 0.9870), TF Ratio: 0.817
[2026-06-16 06:01:55,923][root][INFO] - Epoch [4/5], Batch [15/300], Loss: 1.0521 (Overall: 0.6106, Change: 1.4900), TF Ratio: 0.817
[2026-06-16 06:01:56,698][root][INFO] - Epoch [4/5], Batch [16/300], Loss: 1.0454 (Overall: 0.6235, Change: 1.2669), TF Ratio: 0.817
[2026-06-16 06:01:56,855][root][INFO] - Epoch [4/5], Batch [17/300], Loss: 1.0368 (Overall: 0.7389, Change: 1.0599), TF Ratio: 0.817
[2026-06-16 06:01:57,008][root][INFO] - Epoch [4/5], Batch [18/300], Loss: 1.0334 (Overall: 0.5149, Change: 1.4353), TF Ratio: 0.816
[2026-06-16 06:01:57,162][root][INFO] - Epoch [4/5], Batch [19/300], Loss: 1.0615 (Overall: 1.4332, Change: 1.7006), TF Ratio: 0.816
[2026-06-16 06:01:57,332][root][INFO] - Epoch [4/5], Batch [20/300], Loss: 1.0539 (Overall: 0.7540, Change: 1.0661), TF Ratio: 0.816
[2026-06-16 06:01:57,487][root][INFO] - Epoch [4/5], Batch [21/300], Loss: 1.0588 (Overall: 0.7464, Change: 1.5680), TF Ratio: 0.816
[2026-06-16 06:01:57,641][root][INFO] - Epoch [4/5], Batch [22/300], Loss: 1.0612 (Overall: 0.7293, Change: 1.4952), TF Ratio: 0.816
[2026-06-16 06:01:57,795][root][INFO] - Epoch [4/5], Batch [23/300], Loss: 1.0691 (Overall: 1.1177, Change: 1.3653), TF Ratio: 0.815
[2026-06-16 06:02:10,476][root][INFO] - Epoch [4/5], Batch [24/300], Loss: 1.0722 (Overall: 0.8675, Change: 1.4196), TF Ratio: 0.815
[2026-06-16 06:02:10,633][root][INFO] - Epoch [4/5], Batch [25/300], Loss: 1.0703 (Overall: 0.7774, Change: 1.2730), TF Ratio: 0.815
[2026-06-16 06:02:10,786][root][INFO] - Epoch [4/5], Batch [26/300], Loss: 1.0714 (Overall: 0.9407, Change: 1.2583), TF Ratio: 0.815
[2026-06-16 06:02:10,939][root][INFO] - Epoch [4/5], Batch [27/300], Loss: 1.0691 (Overall: 0.7034, Change: 1.3118), TF Ratio: 0.815
[2026-06-16 06:02:11,108][root][INFO] - Epoch [4/5], Batch [28/300], Loss: 1.0688 (Overall: 0.8931, Change: 1.2319), TF Ratio: 0.814
[2026-06-16 06:02:11,261][root][INFO] - Epoch [4/5], Batch [29/300], Loss: 1.0731 (Overall: 0.8698, Change: 1.5136), TF Ratio: 0.814
[2026-06-16 06:02:11,415][root][INFO] - Epoch [4/5], Batch [30/300], Loss: 1.0678 (Overall: 0.9016, Change: 0.9266), TF Ratio: 0.814
[2026-06-16 06:02:11,568][root][INFO] - Epoch [4/5], Batch [31/300], Loss: 1.0677 (Overall: 0.7100, Change: 1.4236), TF Ratio: 0.814
[2026-06-16 06:02:11,739][root][INFO] - Epoch [4/5], Batch [32/300], Loss: 1.0633 (Overall: 0.6648, Change: 1.1874), TF Ratio: 0.814
[2026-06-16 06:02:11,893][root][INFO] - Epoch [4/5], Batch [33/300], Loss: 1.0605 (Overall: 1.0303, Change: 0.9122), TF Ratio: 0.813
[2026-06-16 06:02:12,046][root][INFO] - Epoch [4/5], Batch [34/300], Loss: 1.0543 (Overall: 0.7901, Change: 0.9078), TF Ratio: 0.813
[2026-06-16 06:02:12,199][root][INFO] - Epoch [4/5], Batch [35/300], Loss: 1.0472 (Overall: 0.4470, Change: 1.1621), TF Ratio: 0.813
[2026-06-16 06:02:26,897][root][INFO] - Epoch [4/5], Batch [36/300], Loss: 1.0386 (Overall: 0.4826, Change: 0.9931), TF Ratio: 0.813
[2026-06-16 06:02:27,052][root][INFO] - Epoch [4/5], Batch [37/300], Loss: 1.0425 (Overall: 0.8733, Change: 1.4931), TF Ratio: 0.813
[2026-06-16 06:02:27,207][root][INFO] - Epoch [4/5], Batch [38/300], Loss: 1.0416 (Overall: 0.5424, Change: 1.4790), TF Ratio: 0.812
[2026-06-16 06:02:27,362][root][INFO] - Epoch [4/5], Batch [39/300], Loss: 1.0406 (Overall: 0.7138, Change: 1.2924), TF Ratio: 0.812
[2026-06-16 06:02:27,531][root][INFO] - Epoch [4/5], Batch [40/300], Loss: 1.0395 (Overall: 0.6902, Change: 1.2987), TF Ratio: 0.812
[2026-06-16 06:02:27,686][root][INFO] - Epoch [4/5], Batch [41/300], Loss: 1.0416 (Overall: 0.6019, Change: 1.6512), TF Ratio: 0.812
[2026-06-16 06:02:27,841][root][INFO] - Epoch [4/5], Batch [42/300], Loss: 1.0345 (Overall: 0.4975, Change: 0.9893), TF Ratio: 0.812
[2026-06-16 06:02:27,994][root][INFO] - Epoch [4/5], Batch [43/300], Loss: 1.0339 (Overall: 0.5267, Change: 1.4923), TF Ratio: 0.811
[2026-06-16 06:02:28,166][root][INFO] - Epoch [4/5], Batch [44/300], Loss: 1.0418 (Overall: 0.8452, Change: 1.9176), TF Ratio: 0.811
[2026-06-16 06:02:28,320][root][INFO] - Epoch [4/5], Batch [45/300], Loss: 1.0442 (Overall: 0.4601, Change: 1.8393), TF Ratio: 0.811
[2026-06-16 06:02:28,474][root][INFO] - Epoch [4/5], Batch [46/300], Loss: 1.0435 (Overall: 0.6016, Change: 1.4232), TF Ratio: 0.811
[2026-06-16 06:02:28,629][root][INFO] - Epoch [4/5], Batch [47/300], Loss: 1.0448 (Overall: 0.6554, Change: 1.5477), TF Ratio: 0.811
[2026-06-16 06:02:40,660][root][INFO] - Epoch [4/5], Batch [48/300], Loss: 1.0449 (Overall: 0.6431, Change: 1.4612), TF Ratio: 0.810
[2026-06-16 06:02:40,816][root][INFO] - Epoch [4/5], Batch [49/300], Loss: 1.0436 (Overall: 0.5649, Change: 1.3913), TF Ratio: 0.810
[2026-06-16 06:02:40,971][root][INFO] - Epoch [4/5], Batch [50/300], Loss: 1.0471 (Overall: 0.6113, Change: 1.8278), TF Ratio: 0.810
[2026-06-16 06:02:41,125][root][INFO] - Epoch [4/5], Batch [51/300], Loss: 1.0512 (Overall: 0.6824, Change: 1.8311), TF Ratio: 0.810
[2026-06-16 06:02:41,311][root][INFO] - Epoch [4/5], Batch [52/300], Loss: 1.0529 (Overall: 0.8386, Change: 1.4390), TF Ratio: 0.810
[2026-06-16 06:02:41,466][root][INFO] - Epoch [4/5], Batch [53/300], Loss: 1.0523 (Overall: 0.6824, Change: 1.3579), TF Ratio: 0.809
[2026-06-16 06:02:41,619][root][INFO] - Epoch [4/5], Batch [54/300], Loss: 1.0503 (Overall: 0.5194, Change: 1.3687), TF Ratio: 0.809
[2026-06-16 06:02:41,773][root][INFO] - Epoch [4/5], Batch [55/300], Loss: 1.0546 (Overall: 0.9355, Change: 1.6461), TF Ratio: 0.809
[2026-06-16 06:02:41,947][root][INFO] - Epoch [4/5], Batch [56/300], Loss: 1.0546 (Overall: 0.8632, Change: 1.2423), TF Ratio: 0.809
[2026-06-16 06:02:42,102][root][INFO] - Epoch [4/5], Batch [57/300], Loss: 1.0539 (Overall: 0.6830, Change: 1.3524), TF Ratio: 0.809
[2026-06-16 06:02:42,256][root][INFO] - Epoch [4/5], Batch [58/300], Loss: 1.0470 (Overall: 0.7300, Change: 0.5710), TF Ratio: 0.808
[2026-06-16 06:02:42,410][root][INFO] - Epoch [4/5], Batch [59/300], Loss: 1.0447 (Overall: 0.5442, Change: 1.2780), TF Ratio: 0.808
[2026-06-16 06:02:54,710][root][INFO] - Epoch [4/5], Batch [60/300], Loss: 1.0464 (Overall: 0.7101, Change: 1.5839), TF Ratio: 0.808
[2026-06-16 06:02:54,864][root][INFO] - Epoch [4/5], Batch [61/300], Loss: 1.0444 (Overall: 0.5256, Change: 1.3278), TF Ratio: 0.808
[2026-06-16 06:02:55,019][root][INFO] - Epoch [4/5], Batch [62/300], Loss: 1.0460 (Overall: 0.4613, Change: 1.8185), TF Ratio: 0.808
[2026-06-16 06:02:55,172][root][INFO] - Epoch [4/5], Batch [63/300], Loss: 1.0473 (Overall: 0.6079, Change: 1.6522), TF Ratio: 0.807
[2026-06-16 06:02:55,354][root][INFO] - Epoch [4/5], Batch [64/300], Loss: 1.0489 (Overall: 0.7685, Change: 1.5236), TF Ratio: 0.807
[2026-06-16 06:02:55,509][root][INFO] - Epoch [4/5], Batch [65/300], Loss: 1.0497 (Overall: 0.7207, Change: 1.4926), TF Ratio: 0.807
[2026-06-16 06:02:55,663][root][INFO] - Epoch [4/5], Batch [66/300], Loss: 1.0477 (Overall: 0.6549, Change: 1.1745), TF Ratio: 0.807
[2026-06-16 06:02:55,816][root][INFO] - Epoch [4/5], Batch [67/300], Loss: 1.0486 (Overall: 0.9754, Change: 1.2436), TF Ratio: 0.807
[2026-06-16 06:02:55,987][root][INFO] - Epoch [4/5], Batch [68/300], Loss: 1.0434 (Overall: 0.6592, Change: 0.7230), TF Ratio: 0.806
[2026-06-16 06:02:56,141][root][INFO] - Epoch [4/5], Batch [69/300], Loss: 1.0383 (Overall: 0.4201, Change: 0.9653), TF Ratio: 0.806
[2026-06-16 06:02:56,295][root][INFO] - Epoch [4/5], Batch [70/300], Loss: 1.0355 (Overall: 0.5000, Change: 1.1867), TF Ratio: 0.806
[2026-06-16 06:02:56,448][root][INFO] - Epoch [4/5], Batch [71/300], Loss: 1.0353 (Overall: 0.5294, Change: 1.5147), TF Ratio: 0.806
[2026-06-16 06:03:08,337][root][INFO] - Epoch [4/5], Batch [72/300], Loss: 1.0346 (Overall: 0.5982, Change: 1.3656), TF Ratio: 0.806
[2026-06-16 06:03:08,493][root][INFO] - Epoch [4/5], Batch [73/300], Loss: 1.0355 (Overall: 0.6014, Change: 1.6038), TF Ratio: 0.805
[2026-06-16 06:03:08,647][root][INFO] - Epoch [4/5], Batch [74/300], Loss: 1.0368 (Overall: 0.7421, Change: 1.5160), TF Ratio: 0.805
[2026-06-16 06:03:08,802][root][INFO] - Epoch [4/5], Batch [75/300], Loss: 1.0357 (Overall: 0.5243, Change: 1.3922), TF Ratio: 0.805
[2026-06-16 06:03:08,982][root][INFO] - Epoch [4/5], Batch [76/300], Loss: 1.0345 (Overall: 0.6110, Change: 1.2832), TF Ratio: 0.805
[2026-06-16 06:03:09,134][root][INFO] - Epoch [4/5], Batch [77/300], Loss: 1.0369 (Overall: 0.7788, Change: 1.6597), TF Ratio: 0.805
[2026-06-16 06:03:09,288][root][INFO] - Epoch [4/5], Batch [78/300], Loss: 1.0359 (Overall: 0.5616, Change: 1.3494), TF Ratio: 0.804
[2026-06-16 06:03:09,442][root][INFO] - Epoch [4/5], Batch [79/300], Loss: 1.0357 (Overall: 0.5473, Change: 1.4853), TF Ratio: 0.804
[2026-06-16 06:03:09,624][root][INFO] - Epoch [4/5], Batch [80/300], Loss: 1.0336 (Overall: 0.6012, Change: 1.1384), TF Ratio: 0.804
[2026-06-16 06:03:09,778][root][INFO] - Epoch [4/5], Batch [81/300], Loss: 1.0329 (Overall: 0.6829, Change: 1.2811), TF Ratio: 0.804
[2026-06-16 06:03:09,933][root][INFO] - Epoch [4/5], Batch [82/300], Loss: 1.0353 (Overall: 0.9503, Change: 1.5081), TF Ratio: 0.804
[2026-06-16 06:03:10,086][root][INFO] - Epoch [4/5], Batch [83/300], Loss: 1.0327 (Overall: 0.4924, Change: 1.1401), TF Ratio: 0.803
[2026-06-16 06:03:21,683][root][INFO] - Epoch [4/5], Batch [84/300], Loss: 1.0319 (Overall: 0.5528, Change: 1.3796), TF Ratio: 0.803
[2026-06-16 06:03:21,837][root][INFO] - Epoch [4/5], Batch [85/300], Loss: 1.0316 (Overall: 0.6479, Change: 1.3643), TF Ratio: 0.803
[2026-06-16 06:03:21,991][root][INFO] - Epoch [4/5], Batch [86/300], Loss: 1.0297 (Overall: 0.4759, Change: 1.2641), TF Ratio: 0.803
[2026-06-16 06:03:22,145][root][INFO] - Epoch [4/5], Batch [87/300], Loss: 1.0295 (Overall: 0.7394, Change: 1.2849), TF Ratio: 0.803
[2026-06-16 06:03:22,346][root][INFO] - Epoch [4/5], Batch [88/300], Loss: 1.0303 (Overall: 0.8312, Change: 1.3684), TF Ratio: 0.802
[2026-06-16 06:03:22,502][root][INFO] - Epoch [4/5], Batch [89/300], Loss: 1.0295 (Overall: 0.5126, Change: 1.3972), TF Ratio: 0.802
[2026-06-16 06:03:22,661][root][INFO] - Epoch [4/5], Batch [90/300], Loss: 1.0300 (Overall: 0.7367, Change: 1.4175), TF Ratio: 0.802
[2026-06-16 06:03:22,817][root][INFO] - Epoch [4/5], Batch [91/300], Loss: 1.0296 (Overall: 0.7488, Change: 1.2343), TF Ratio: 0.802
[2026-06-16 06:03:23,008][root][INFO] - Epoch [4/5], Batch [92/300], Loss: 1.0312 (Overall: 1.0535, Change: 1.3073), TF Ratio: 0.802
[2026-06-16 06:03:23,163][root][INFO] - Epoch [4/5], Batch [93/300], Loss: 1.0309 (Overall: 0.6061, Change: 1.4005), TF Ratio: 0.801
[2026-06-16 06:03:23,318][root][INFO] - Epoch [4/5], Batch [94/300], Loss: 1.0301 (Overall: 0.6327, Change: 1.2673), TF Ratio: 0.801
[2026-06-16 06:03:23,472][root][INFO] - Epoch [4/5], Batch [95/300], Loss: 1.0284 (Overall: 0.6279, Change: 1.1157), TF Ratio: 0.801
[2026-06-16 06:03:36,440][root][INFO] - Epoch [4/5], Batch [96/300], Loss: 1.0302 (Overall: 0.9973, Change: 1.4040), TF Ratio: 0.801
[2026-06-16 06:03:36,595][root][INFO] - Epoch [4/5], Batch [97/300], Loss: 1.0320 (Overall: 0.9783, Change: 1.4296), TF Ratio: 0.801
[2026-06-16 06:03:36,756][root][INFO] - Epoch [4/5], Batch [98/300], Loss: 1.0311 (Overall: 0.4915, Change: 1.4002), TF Ratio: 0.800
[2026-06-16 06:03:36,910][root][INFO] - Epoch [4/5], Batch [99/300], Loss: 1.0274 (Overall: 0.4674, Change: 0.8700), TF Ratio: 0.800
[2026-06-16 06:03:37,082][root][INFO] - Epoch [4/5], Batch [100/300], Loss: 1.0266 (Overall: 0.5177, Change: 1.3701), TF Ratio: 0.800
[2026-06-16 06:03:37,237][root][INFO] - Epoch [4/5], Batch [101/300], Loss: 1.0274 (Overall: 0.9714, Change: 1.2394), TF Ratio: 0.800
[2026-06-16 06:03:37,392][root][INFO] - Epoch [4/5], Batch [102/300], Loss: 1.0301 (Overall: 0.9189, Change: 1.6907), TF Ratio: 0.800
[2026-06-16 06:03:37,546][root][INFO] - Epoch [4/5], Batch [103/300], Loss: 1.0275 (Overall: 0.5390, Change: 0.9854), TF Ratio: 0.799
[2026-06-16 06:03:37,715][root][INFO] - Epoch [4/5], Batch [104/300], Loss: 1.0286 (Overall: 0.7779, Change: 1.5027), TF Ratio: 0.799
[2026-06-16 06:03:37,869][root][INFO] - Epoch [4/5], Batch [105/300], Loss: 1.0281 (Overall: 0.6274, Change: 1.3389), TF Ratio: 0.799
[2026-06-16 06:03:38,023][root][INFO] - Epoch [4/5], Batch [106/300], Loss: 1.0286 (Overall: 0.9101, Change: 1.2508), TF Ratio: 0.799
[2026-06-16 06:03:38,177][root][INFO] - Epoch [4/5], Batch [107/300], Loss: 1.0281 (Overall: 0.6939, Change: 1.2532), TF Ratio: 0.799
[2026-06-16 06:03:50,544][root][INFO] - Epoch [4/5], Batch [108/300], Loss: 1.0256 (Overall: 0.5036, Change: 1.0109), TF Ratio: 0.798
[2026-06-16 06:03:50,699][root][INFO] - Epoch [4/5], Batch [109/300], Loss: 1.0256 (Overall: 0.4909, Change: 1.5544), TF Ratio: 0.798
[2026-06-16 06:03:50,852][root][INFO] - Epoch [4/5], Batch [110/300], Loss: 1.0269 (Overall: 0.9466, Change: 1.3839), TF Ratio: 0.798
[2026-06-16 06:03:51,005][root][INFO] - Epoch [4/5], Batch [111/300], Loss: 1.0266 (Overall: 0.6321, Change: 1.3553), TF Ratio: 0.798
[2026-06-16 06:03:51,192][root][INFO] - Epoch [4/5], Batch [112/300], Loss: 1.0257 (Overall: 0.3975, Change: 1.4558), TF Ratio: 0.798
[2026-06-16 06:03:51,346][root][INFO] - Epoch [4/5], Batch [113/300], Loss: 1.0262 (Overall: 0.7825, Change: 1.3858), TF Ratio: 0.797
[2026-06-16 06:03:51,499][root][INFO] - Epoch [4/5], Batch [114/300], Loss: 1.0262 (Overall: 0.7711, Change: 1.2789), TF Ratio: 0.797
[2026-06-16 06:03:51,654][root][INFO] - Epoch [4/5], Batch [115/300], Loss: 1.0248 (Overall: 0.4927, Change: 1.2433), TF Ratio: 0.797
[2026-06-16 06:03:51,823][root][INFO] - Epoch [4/5], Batch [116/300], Loss: 1.0237 (Overall: 0.5908, Change: 1.1935), TF Ratio: 0.797
[2026-06-16 06:03:51,978][root][INFO] - Epoch [4/5], Batch [117/300], Loss: 1.0216 (Overall: 0.4816, Change: 1.0808), TF Ratio: 0.797
[2026-06-16 06:03:52,132][root][INFO] - Epoch [4/5], Batch [118/300], Loss: 1.0207 (Overall: 0.6629, Change: 1.1606), TF Ratio: 0.796
[2026-06-16 06:03:52,286][root][INFO] - Epoch [4/5], Batch [119/300], Loss: 1.0187 (Overall: 0.5255, Change: 1.0586), TF Ratio: 0.796
[2026-06-16 06:04:04,143][root][INFO] - Epoch [4/5], Batch [120/300], Loss: 1.0175 (Overall: 0.7106, Change: 1.0237), TF Ratio: 0.796
[2026-06-16 06:04:04,298][root][INFO] - Epoch [4/5], Batch [121/300], Loss: 1.0186 (Overall: 0.7836, Change: 1.5264), TF Ratio: 0.796
[2026-06-16 06:04:04,453][root][INFO] - Epoch [4/5], Batch [122/300], Loss: 1.0181 (Overall: 0.5109, Change: 1.4043), TF Ratio: 0.796
[2026-06-16 06:04:04,606][root][INFO] - Epoch [4/5], Batch [123/300], Loss: 1.0186 (Overall: 0.6825, Change: 1.4863), TF Ratio: 0.795
[2026-06-16 06:04:04,784][root][INFO] - Epoch [4/5], Batch [124/300], Loss: 1.0171 (Overall: 0.4912, Change: 1.1669), TF Ratio: 0.795
[2026-06-16 06:04:04,938][root][INFO] - Epoch [4/5], Batch [125/300], Loss: 1.0154 (Overall: 0.4930, Change: 1.1105), TF Ratio: 0.795
[2026-06-16 06:04:05,093][root][INFO] - Epoch [4/5], Batch [126/300], Loss: 1.0141 (Overall: 0.8667, Change: 0.8251), TF Ratio: 0.795
[2026-06-16 06:04:05,247][root][INFO] - Epoch [4/5], Batch [127/300], Loss: 1.0143 (Overall: 0.6679, Change: 1.4343), TF Ratio: 0.795
[2026-06-16 06:04:05,415][root][INFO] - Epoch [4/5], Batch [128/300], Loss: 1.0153 (Overall: 0.8409, Change: 1.4292), TF Ratio: 0.794
[2026-06-16 06:04:05,569][root][INFO] - Epoch [4/5], Batch [129/300], Loss: 1.0132 (Overall: 0.4702, Change: 1.0207), TF Ratio: 0.794
[2026-06-16 06:04:05,722][root][INFO] - Epoch [4/5], Batch [130/300], Loss: 1.0149 (Overall: 1.0243, Change: 1.4422), TF Ratio: 0.794
[2026-06-16 06:04:05,875][root][INFO] - Epoch [4/5], Batch [131/300], Loss: 1.0138 (Overall: 0.7030, Change: 1.0328), TF Ratio: 0.794
[2026-06-16 06:04:17,543][root][INFO] - Epoch [4/5], Batch [132/300], Loss: 1.0128 (Overall: 0.4164, Change: 1.3466), TF Ratio: 0.794
[2026-06-16 06:04:17,698][root][INFO] - Epoch [4/5], Batch [133/300], Loss: 1.0124 (Overall: 0.6860, Change: 1.2443), TF Ratio: 0.793
[2026-06-16 06:04:17,851][root][INFO] - Epoch [4/5], Batch [134/300], Loss: 1.0128 (Overall: 0.6318, Change: 1.4862), TF Ratio: 0.793
[2026-06-16 06:04:18,005][root][INFO] - Epoch [4/5], Batch [135/300], Loss: 1.0098 (Overall: 0.4273, Change: 0.8089), TF Ratio: 0.793
[2026-06-16 06:04:18,184][root][INFO] - Epoch [4/5], Batch [136/300], Loss: 1.0112 (Overall: 0.8139, Change: 1.5872), TF Ratio: 0.793
[2026-06-16 06:04:18,339][root][INFO] - Epoch [4/5], Batch [137/300], Loss: 1.0127 (Overall: 1.0553, Change: 1.3704), TF Ratio: 0.793
[2026-06-16 06:04:18,492][root][INFO] - Epoch [4/5], Batch [138/300], Loss: 1.0120 (Overall: 0.7424, Change: 1.0934), TF Ratio: 0.792
[2026-06-16 06:04:18,646][root][INFO] - Epoch [4/5], Batch [139/300], Loss: 1.0102 (Overall: 0.5107, Change: 1.0130), TF Ratio: 0.792
[2026-06-16 06:04:18,825][root][INFO] - Epoch [4/5], Batch [140/300], Loss: 1.0089 (Overall: 0.5881, Change: 1.0595), TF Ratio: 0.792
[2026-06-16 06:04:18,979][root][INFO] - Epoch [4/5], Batch [141/300], Loss: 1.0089 (Overall: 0.6934, Change: 1.3332), TF Ratio: 0.792
[2026-06-16 06:04:19,133][root][INFO] - Epoch [4/5], Batch [142/300], Loss: 1.0087 (Overall: 0.7107, Change: 1.2329), TF Ratio: 0.792
[2026-06-16 06:04:19,285][root][INFO] - Epoch [4/5], Batch [143/300], Loss: 1.0088 (Overall: 0.6553, Change: 1.4102), TF Ratio: 0.791
[2026-06-16 06:04:32,305][root][INFO] - Epoch [4/5], Batch [144/300], Loss: 1.0086 (Overall: 0.7073, Change: 1.2370), TF Ratio: 0.791
[2026-06-16 06:04:32,461][root][INFO] - Epoch [4/5], Batch [145/300], Loss: 1.0080 (Overall: 0.7236, Change: 1.1268), TF Ratio: 0.791
[2026-06-16 06:04:32,614][root][INFO] - Epoch [4/5], Batch [146/300], Loss: 1.0078 (Overall: 0.6327, Change: 1.3197), TF Ratio: 0.791
[2026-06-16 06:04:32,768][root][INFO] - Epoch [4/5], Batch [147/300], Loss: 1.0090 (Overall: 0.8423, Change: 1.5399), TF Ratio: 0.791
[2026-06-16 06:04:32,942][root][INFO] - Epoch [4/5], Batch [148/300], Loss: 1.0085 (Overall: 0.6258, Change: 1.2347), TF Ratio: 0.790
[2026-06-16 06:04:33,095][root][INFO] - Epoch [4/5], Batch [149/300], Loss: 1.0103 (Overall: 0.7124, Change: 1.8485), TF Ratio: 0.790
[2026-06-16 06:04:33,249][root][INFO] - Epoch [4/5], Batch [150/300], Loss: 1.0109 (Overall: 0.5214, Change: 1.6643), TF Ratio: 0.790
[2026-06-16 06:04:33,402][root][INFO] - Epoch [4/5], Batch [151/300], Loss: 1.0111 (Overall: 0.7384, Change: 1.3478), TF Ratio: 0.790
[2026-06-16 06:04:33,570][root][INFO] - Epoch [4/5], Batch [152/300], Loss: 1.0114 (Overall: 0.7684, Change: 1.3590), TF Ratio: 0.790
[2026-06-16 06:04:33,724][root][INFO] - Epoch [4/5], Batch [153/300], Loss: 1.0107 (Overall: 0.4705, Change: 1.3275), TF Ratio: 0.789
[2026-06-16 06:04:33,877][root][INFO] - Epoch [4/5], Batch [154/300], Loss: 1.0120 (Overall: 0.9780, Change: 1.4331), TF Ratio: 0.789
[2026-06-16 06:04:34,031][root][INFO] - Epoch [4/5], Batch [155/300], Loss: 1.0130 (Overall: 0.8395, Change: 1.5158), TF Ratio: 0.789
[2026-06-16 06:04:47,257][root][INFO] - Epoch [4/5], Batch [156/300], Loss: 1.0118 (Overall: 0.7299, Change: 0.9113), TF Ratio: 0.789
[2026-06-16 06:04:47,414][root][INFO] - Epoch [4/5], Batch [157/300], Loss: 1.0117 (Overall: 0.6580, Change: 1.3423), TF Ratio: 0.789
[2026-06-16 06:04:47,569][root][INFO] - Epoch [4/5], Batch [158/300], Loss: 1.0104 (Overall: 0.4652, Change: 1.1459), TF Ratio: 0.788
[2026-06-16 06:04:47,723][root][INFO] - Epoch [4/5], Batch [159/300], Loss: 1.0112 (Overall: 0.6533, Change: 1.6215), TF Ratio: 0.788
[2026-06-16 06:04:47,905][root][INFO] - Epoch [4/5], Batch [160/300], Loss: 1.0113 (Overall: 0.5987, Change: 1.4556), TF Ratio: 0.788
[2026-06-16 06:04:48,059][root][INFO] - Epoch [4/5], Batch [161/300], Loss: 1.0122 (Overall: 0.8328, Change: 1.4862), TF Ratio: 0.788
[2026-06-16 06:04:48,213][root][INFO] - Epoch [4/5], Batch [162/300], Loss: 1.0123 (Overall: 0.8518, Change: 1.1969), TF Ratio: 0.788
[2026-06-16 06:04:48,367][root][INFO] - Epoch [4/5], Batch [163/300], Loss: 1.0157 (Overall: 1.1504, Change: 1.9651), TF Ratio: 0.787
[2026-06-16 06:04:48,536][root][INFO] - Epoch [4/5], Batch [164/300], Loss: 1.0168 (Overall: 0.8478, Change: 1.5461), TF Ratio: 0.787
[2026-06-16 06:04:48,690][root][INFO] - Epoch [4/5], Batch [165/300], Loss: 1.0164 (Overall: 0.6495, Change: 1.2599), TF Ratio: 0.787
[2026-06-16 06:04:48,844][root][INFO] - Epoch [4/5], Batch [166/300], Loss: 1.0152 (Overall: 0.5922, Change: 1.0594), TF Ratio: 0.787
[2026-06-16 06:04:48,998][root][INFO] - Epoch [4/5], Batch [167/300], Loss: 1.0149 (Overall: 0.7589, Change: 1.1591), TF Ratio: 0.787
[2026-06-16 06:05:01,476][root][INFO] - Epoch [4/5], Batch [168/300], Loss: 1.0149 (Overall: 0.7258, Change: 1.3135), TF Ratio: 0.786
[2026-06-16 06:05:01,632][root][INFO] - Epoch [4/5], Batch [169/300], Loss: 1.0153 (Overall: 0.8567, Change: 1.3032), TF Ratio: 0.786
[2026-06-16 06:05:01,786][root][INFO] - Epoch [4/5], Batch [170/300], Loss: 1.0162 (Overall: 0.9511, Change: 1.3963), TF Ratio: 0.786
[2026-06-16 06:05:01,940][root][INFO] - Epoch [4/5], Batch [171/300], Loss: 1.0161 (Overall: 0.7427, Change: 1.2250), TF Ratio: 0.786
[2026-06-16 06:05:02,134][root][INFO] - Epoch [4/5], Batch [172/300], Loss: 1.0144 (Overall: 0.7726, Change: 0.6828), TF Ratio: 0.786
[2026-06-16 06:05:02,288][root][INFO] - Epoch [4/5], Batch [173/300], Loss: 1.0168 (Overall: 1.5449, Change: 1.3204), TF Ratio: 0.785
[2026-06-16 06:05:02,442][root][INFO] - Epoch [4/5], Batch [174/300], Loss: 1.0170 (Overall: 0.8034, Change: 1.2910), TF Ratio: 0.785
[2026-06-16 06:05:02,596][root][INFO] - Epoch [4/5], Batch [175/300], Loss: 1.0173 (Overall: 0.6790, Change: 1.4869), TF Ratio: 0.785
[2026-06-16 06:05:02,770][root][INFO] - Epoch [4/5], Batch [176/300], Loss: 1.0189 (Overall: 1.0771, Change: 1.4918), TF Ratio: 0.785
[2026-06-16 06:05:02,924][root][INFO] - Epoch [4/5], Batch [177/300], Loss: 1.0186 (Overall: 0.6221, Change: 1.3105), TF Ratio: 0.785
[2026-06-16 06:05:03,080][root][INFO] - Epoch [4/5], Batch [178/300], Loss: 1.0184 (Overall: 0.5698, Change: 1.4105), TF Ratio: 0.784
[2026-06-16 06:05:03,233][root][INFO] - Epoch [4/5], Batch [179/300], Loss: 1.0180 (Overall: 0.7243, Change: 1.1746), TF Ratio: 0.784
[2026-06-16 06:05:15,339][root][INFO] - Epoch [4/5], Batch [180/300], Loss: 1.0184 (Overall: 0.8175, Change: 1.3413), TF Ratio: 0.784
[2026-06-16 06:05:15,505][root][INFO] - Epoch [4/5], Batch [181/300], Loss: 1.0176 (Overall: 0.6458, Change: 1.1007), TF Ratio: 0.784
[2026-06-16 06:05:15,658][root][INFO] - Epoch [4/5], Batch [182/300], Loss: 1.0170 (Overall: 0.6220, Change: 1.2019), TF Ratio: 0.784
[2026-06-16 06:05:15,810][root][INFO] - Epoch [4/5], Batch [183/300], Loss: 1.0172 (Overall: 0.8190, Change: 1.3119), TF Ratio: 0.783
[2026-06-16 06:05:15,989][root][INFO] - Epoch [4/5], Batch [184/300], Loss: 1.0176 (Overall: 0.7610, Change: 1.3959), TF Ratio: 0.783
[2026-06-16 06:05:16,143][root][INFO] - Epoch [4/5], Batch [185/300], Loss: 1.0177 (Overall: 0.6707, Change: 1.4211), TF Ratio: 0.783
[2026-06-16 06:05:16,297][root][INFO] - Epoch [4/5], Batch [186/300], Loss: 1.0175 (Overall: 0.7396, Change: 1.1951), TF Ratio: 0.783
[2026-06-16 06:05:16,450][root][INFO] - Epoch [4/5], Batch [187/300], Loss: 1.0164 (Overall: 0.4456, Change: 1.2045), TF Ratio: 0.783
[2026-06-16 06:05:16,619][root][INFO] - Epoch [4/5], Batch [188/300], Loss: 1.0173 (Overall: 1.0532, Change: 1.3124), TF Ratio: 0.782
[2026-06-16 06:05:16,775][root][INFO] - Epoch [4/5], Batch [189/300], Loss: 1.0164 (Overall: 0.4549, Change: 1.2502), TF Ratio: 0.782
[2026-06-16 06:05:16,927][root][INFO] - Epoch [4/5], Batch [190/300], Loss: 1.0160 (Overall: 0.6465, Change: 1.2266), TF Ratio: 0.782
[2026-06-16 06:05:17,080][root][INFO] - Epoch [4/5], Batch [191/300], Loss: 1.0159 (Overall: 0.5210, Change: 1.4816), TF Ratio: 0.782
[2026-06-16 06:05:30,573][root][INFO] - Epoch [4/5], Batch [192/300], Loss: 1.0158 (Overall: 0.9635, Change: 1.0314), TF Ratio: 0.782
[2026-06-16 06:05:30,728][root][INFO] - Epoch [4/5], Batch [193/300], Loss: 1.0161 (Overall: 0.5791, Change: 1.5532), TF Ratio: 0.781
[2026-06-16 06:05:30,881][root][INFO] - Epoch [4/5], Batch [194/300], Loss: 1.0151 (Overall: 0.5640, Change: 1.0598), TF Ratio: 0.781
[2026-06-16 06:05:31,034][root][INFO] - Epoch [4/5], Batch [195/300], Loss: 1.0139 (Overall: 0.7252, Change: 0.8691), TF Ratio: 0.781
[2026-06-16 06:05:31,223][root][INFO] - Epoch [4/5], Batch [196/300], Loss: 1.0141 (Overall: 0.5892, Change: 1.4908), TF Ratio: 0.781
[2026-06-16 06:05:31,377][root][INFO] - Epoch [4/5], Batch [197/300], Loss: 1.0145 (Overall: 0.6119, Change: 1.5880), TF Ratio: 0.781
[2026-06-16 06:05:31,530][root][INFO] - Epoch [4/5], Batch [198/300], Loss: 1.0144 (Overall: 0.7188, Change: 1.2618), TF Ratio: 0.780
[2026-06-16 06:05:31,684][root][INFO] - Epoch [4/5], Batch [199/300], Loss: 1.0137 (Overall: 0.7366, Change: 1.0371), TF Ratio: 0.780
[2026-06-16 06:05:31,864][root][INFO] - Epoch [4/5], Batch [200/300], Loss: 1.0149 (Overall: 0.5486, Change: 1.9497), TF Ratio: 0.780
[2026-06-16 06:05:32,018][root][INFO] - Epoch [4/5], Batch [201/300], Loss: 1.0161 (Overall: 0.8655, Change: 1.6467), TF Ratio: 0.780
[2026-06-16 06:05:32,171][root][INFO] - Epoch [4/5], Batch [202/300], Loss: 1.0168 (Overall: 1.1112, Change: 1.2087), TF Ratio: 0.780
[2026-06-16 06:05:32,325][root][INFO] - Epoch [4/5], Batch [203/300], Loss: 1.0169 (Overall: 0.8218, Change: 1.2490), TF Ratio: 0.779
[2026-06-16 06:05:44,176][root][INFO] - Epoch [4/5], Batch [204/300], Loss: 1.0180 (Overall: 0.8915, Change: 1.5663), TF Ratio: 0.779
[2026-06-16 06:05:44,331][root][INFO] - Epoch [4/5], Batch [205/300], Loss: 1.0177 (Overall: 0.5749, Change: 1.3713), TF Ratio: 0.779
[2026-06-16 06:05:44,488][root][INFO] - Epoch [4/5], Batch [206/300], Loss: 1.0183 (Overall: 0.8684, Change: 1.3758), TF Ratio: 0.779
[2026-06-16 06:05:44,641][root][INFO] - Epoch [4/5], Batch [207/300], Loss: 1.0188 (Overall: 1.0555, Change: 1.2001), TF Ratio: 0.779
[2026-06-16 06:05:44,821][root][INFO] - Epoch [4/5], Batch [208/300], Loss: 1.0178 (Overall: 0.6142, Change: 1.0128), TF Ratio: 0.778
[2026-06-16 06:05:44,975][root][INFO] - Epoch [4/5], Batch [209/300], Loss: 1.0173 (Overall: 0.6221, Change: 1.2048), TF Ratio: 0.778
[2026-06-16 06:05:45,129][root][INFO] - Epoch [4/5], Batch [210/300], Loss: 1.0184 (Overall: 1.0737, Change: 1.4318), TF Ratio: 0.778
[2026-06-16 06:05:45,283][root][INFO] - Epoch [4/5], Batch [211/300], Loss: 1.0182 (Overall: 0.5534, Change: 1.3965), TF Ratio: 0.778
[2026-06-16 06:05:45,458][root][INFO] - Epoch [4/5], Batch [212/300], Loss: 1.0178 (Overall: 0.4262, Change: 1.4502), TF Ratio: 0.778
[2026-06-16 06:05:45,611][root][INFO] - Epoch [4/5], Batch [213/300], Loss: 1.0181 (Overall: 0.9218, Change: 1.2282), TF Ratio: 0.777
[2026-06-16 06:05:45,764][root][INFO] - Epoch [4/5], Batch [214/300], Loss: 1.0181 (Overall: 0.6557, Change: 1.3913), TF Ratio: 0.777
[2026-06-16 06:05:45,918][root][INFO] - Epoch [4/5], Batch [215/300], Loss: 1.0180 (Overall: 0.6207, Change: 1.3619), TF Ratio: 0.777
[2026-06-16 06:05:58,795][root][INFO] - Epoch [4/5], Batch [216/300], Loss: 1.0179 (Overall: 0.6915, Change: 1.3115), TF Ratio: 0.777
[2026-06-16 06:05:58,950][root][INFO] - Epoch [4/5], Batch [217/300], Loss: 1.0183 (Overall: 0.6794, Change: 1.5154), TF Ratio: 0.777
[2026-06-16 06:05:59,103][root][INFO] - Epoch [4/5], Batch [218/300], Loss: 1.0182 (Overall: 0.5597, Change: 1.4151), TF Ratio: 0.776
[2026-06-16 06:05:59,279][root][INFO] - Epoch [4/5], Batch [219/300], Loss: 1.0181 (Overall: 0.6376, Change: 1.3799), TF Ratio: 0.776
[2026-06-16 06:05:59,447][root][INFO] - Epoch [4/5], Batch [220/300], Loss: 1.0192 (Overall: 0.7929, Change: 1.7371), TF Ratio: 0.776
[2026-06-16 06:05:59,602][root][INFO] - Epoch [4/5], Batch [221/300], Loss: 1.0188 (Overall: 0.7784, Change: 1.0554), TF Ratio: 0.776
[2026-06-16 06:05:59,755][root][INFO] - Epoch [4/5], Batch [222/300], Loss: 1.0183 (Overall: 0.7546, Change: 1.0621), TF Ratio: 0.776
[2026-06-16 06:05:59,910][root][INFO] - Epoch [4/5], Batch [223/300], Loss: 1.0166 (Overall: 0.4972, Change: 0.8076), TF Ratio: 0.775
[2026-06-16 06:06:00,080][root][INFO] - Epoch [4/5], Batch [224/300], Loss: 1.0173 (Overall: 0.8921, Change: 1.4508), TF Ratio: 0.775
[2026-06-16 06:06:00,235][root][INFO] - Epoch [4/5], Batch [225/300], Loss: 1.0178 (Overall: 0.7617, Change: 1.4906), TF Ratio: 0.775
[2026-06-16 06:06:00,388][root][INFO] - Epoch [4/5], Batch [226/300], Loss: 1.0191 (Overall: 0.8885, Change: 1.7269), TF Ratio: 0.775
[2026-06-16 06:06:00,542][root][INFO] - Epoch [4/5], Batch [227/300], Loss: 1.0189 (Overall: 0.5338, Change: 1.4142), TF Ratio: 0.775
[2026-06-16 06:06:12,226][root][INFO] - Epoch [4/5], Batch [228/300], Loss: 1.0205 (Overall: 1.2491, Change: 1.5074), TF Ratio: 0.774
[2026-06-16 06:06:12,381][root][INFO] - Epoch [4/5], Batch [229/300], Loss: 1.0207 (Overall: 1.0905, Change: 1.0521), TF Ratio: 0.774
[2026-06-16 06:06:12,536][root][INFO] - Epoch [4/5], Batch [230/300], Loss: 1.0203 (Overall: 0.5364, Change: 1.3193), TF Ratio: 0.774
[2026-06-16 06:06:12,689][root][INFO] - Epoch [4/5], Batch [231/300], Loss: 1.0210 (Overall: 0.9106, Change: 1.4846), TF Ratio: 0.774
[2026-06-16 06:06:12,865][root][INFO] - Epoch [4/5], Batch [232/300], Loss: 1.0217 (Overall: 0.7952, Change: 1.5428), TF Ratio: 0.774
[2026-06-16 06:06:13,018][root][INFO] - Epoch [4/5], Batch [233/300], Loss: 1.0217 (Overall: 0.7048, Change: 1.3527), TF Ratio: 0.773
[2026-06-16 06:06:13,172][root][INFO] - Epoch [4/5], Batch [234/300], Loss: 1.0219 (Overall: 0.8107, Change: 1.3391), TF Ratio: 0.773
[2026-06-16 06:06:13,325][root][INFO] - Epoch [4/5], Batch [235/300], Loss: 1.0222 (Overall: 0.6280, Change: 1.5466), TF Ratio: 0.773
[2026-06-16 06:06:13,490][root][INFO] - Epoch [4/5], Batch [236/300], Loss: 1.0220 (Overall: 0.7561, Change: 1.1647), TF Ratio: 0.773
[2026-06-16 06:06:13,644][root][INFO] - Epoch [4/5], Batch [237/300], Loss: 1.0221 (Overall: 1.0003, Change: 1.0874), TF Ratio: 0.773
[2026-06-16 06:06:13,797][root][INFO] - Epoch [4/5], Batch [238/300], Loss: 1.0222 (Overall: 0.8210, Change: 1.3077), TF Ratio: 0.772
[2026-06-16 06:06:13,949][root][INFO] - Epoch [4/5], Batch [239/300], Loss: 1.0213 (Overall: 0.6058, Change: 1.0164), TF Ratio: 0.772
[2026-06-16 06:06:27,507][root][INFO] - Epoch [4/5], Batch [240/300], Loss: 1.0208 (Overall: 0.5497, Change: 1.2114), TF Ratio: 0.772
[2026-06-16 06:06:27,660][root][INFO] - Epoch [4/5], Batch [241/300], Loss: 1.0212 (Overall: 0.7181, Change: 1.5135), TF Ratio: 0.772
[2026-06-16 06:06:27,815][root][INFO] - Epoch [4/5], Batch [242/300], Loss: 1.0207 (Overall: 0.3986, Change: 1.4116), TF Ratio: 0.772
[2026-06-16 06:06:27,968][root][INFO] - Epoch [4/5], Batch [243/300], Loss: 1.0204 (Overall: 0.4509, Change: 1.4671), TF Ratio: 0.771
[2026-06-16 06:06:28,137][root][INFO] - Epoch [4/5], Batch [244/300], Loss: 1.0195 (Overall: 0.5706, Change: 1.0316), TF Ratio: 0.771
[2026-06-16 06:06:28,291][root][INFO] - Epoch [4/5], Batch [245/300], Loss: 1.0194 (Overall: 0.7969, Change: 1.1881), TF Ratio: 0.771
[2026-06-16 06:06:28,444][root][INFO] - Epoch [4/5], Batch [246/300], Loss: 1.0203 (Overall: 0.7562, Change: 1.6998), TF Ratio: 0.771
[2026-06-16 06:06:28,597][root][INFO] - Epoch [4/5], Batch [247/300], Loss: 1.0209 (Overall: 0.9505, Change: 1.4135), TF Ratio: 0.771
[2026-06-16 06:06:28,771][root][INFO] - Epoch [4/5], Batch [248/300], Loss: 1.0201 (Overall: 0.4867, Change: 1.1662), TF Ratio: 0.770
[2026-06-16 06:06:28,924][root][INFO] - Epoch [4/5], Batch [249/300], Loss: 1.0199 (Overall: 0.6771, Change: 1.2526), TF Ratio: 0.770
[2026-06-16 06:06:29,101][root][INFO] - Epoch [4/5], Batch [250/300], Loss: 1.0202 (Overall: 0.7698, Change: 1.4195), TF Ratio: 0.770
[2026-06-16 06:06:29,256][root][INFO] - Epoch [4/5], Batch [251/300], Loss: 1.0191 (Overall: 0.5807, Change: 0.9240), TF Ratio: 0.770
[2026-06-16 06:06:41,155][root][INFO] - Epoch [4/5], Batch [252/300], Loss: 1.0191 (Overall: 0.6269, Change: 1.3658), TF Ratio: 0.770
[2026-06-16 06:06:41,309][root][INFO] - Epoch [4/5], Batch [253/300], Loss: 1.0199 (Overall: 1.0467, Change: 1.4309), TF Ratio: 0.769
[2026-06-16 06:06:41,463][root][INFO] - Epoch [4/5], Batch [254/300], Loss: 1.0189 (Overall: 0.4647, Change: 1.0596), TF Ratio: 0.769
[2026-06-16 06:06:41,616][root][INFO] - Epoch [4/5], Batch [255/300], Loss: 1.0185 (Overall: 0.4321, Change: 1.4086), TF Ratio: 0.769
[2026-06-16 06:06:41,799][root][INFO] - Epoch [4/5], Batch [256/300], Loss: 1.0187 (Overall: 0.9506, Change: 1.1751), TF Ratio: 0.769
[2026-06-16 06:06:41,953][root][INFO] - Epoch [4/5], Batch [257/300], Loss: 1.0190 (Overall: 0.5210, Change: 1.6961), TF Ratio: 0.769
[2026-06-16 06:06:42,106][root][INFO] - Epoch [4/5], Batch [258/300], Loss: 1.0187 (Overall: 0.7592, Change: 1.1079), TF Ratio: 0.768
[2026-06-16 06:06:42,259][root][INFO] - Epoch [4/5], Batch [259/300], Loss: 1.0186 (Overall: 0.7899, Change: 1.1878), TF Ratio: 0.768
[2026-06-16 06:06:42,437][root][INFO] - Epoch [4/5], Batch [260/300], Loss: 1.0190 (Overall: 0.4992, Change: 1.7444), TF Ratio: 0.768
[2026-06-16 06:06:42,591][root][INFO] - Epoch [4/5], Batch [261/300], Loss: 1.0185 (Overall: 0.8379, Change: 0.9550), TF Ratio: 0.768
[2026-06-16 06:06:42,744][root][INFO] - Epoch [4/5], Batch [262/300], Loss: 1.0186 (Overall: 0.7447, Change: 1.3090), TF Ratio: 0.768
[2026-06-16 06:06:42,897][root][INFO] - Epoch [4/5], Batch [263/300], Loss: 1.0175 (Overall: 0.4787, Change: 0.9791), TF Ratio: 0.767
[2026-06-16 06:06:55,519][root][INFO] - Epoch [4/5], Batch [264/300], Loss: 1.0177 (Overall: 0.8454, Change: 1.3374), TF Ratio: 0.767
[2026-06-16 06:06:55,673][root][INFO] - Epoch [4/5], Batch [265/300], Loss: 1.0185 (Overall: 0.5869, Change: 1.8754), TF Ratio: 0.767
[2026-06-16 06:06:55,826][root][INFO] - Epoch [4/5], Batch [266/300], Loss: 1.0190 (Overall: 0.7869, Change: 1.4901), TF Ratio: 0.767
[2026-06-16 06:06:55,980][root][INFO] - Epoch [4/5], Batch [267/300], Loss: 1.0181 (Overall: 0.4605, Change: 1.0970), TF Ratio: 0.767
[2026-06-16 06:06:56,169][root][INFO] - Epoch [4/5], Batch [268/300], Loss: 1.0181 (Overall: 0.4615, Change: 1.5916), TF Ratio: 0.766
[2026-06-16 06:06:56,333][root][INFO] - Epoch [4/5], Batch [269/300], Loss: 1.0183 (Overall: 0.7370, Change: 1.4107), TF Ratio: 0.766
[2026-06-16 06:06:56,486][root][INFO] - Epoch [4/5], Batch [270/300], Loss: 1.0180 (Overall: 0.6783, Change: 1.1855), TF Ratio: 0.766
[2026-06-16 06:06:56,640][root][INFO] - Epoch [4/5], Batch [271/300], Loss: 1.0177 (Overall: 0.5963, Change: 1.2957), TF Ratio: 0.766
[2026-06-16 06:06:56,814][root][INFO] - Epoch [4/5], Batch [272/300], Loss: 1.0179 (Overall: 0.5144, Change: 1.5811), TF Ratio: 0.766
[2026-06-16 06:06:56,968][root][INFO] - Epoch [4/5], Batch [273/300], Loss: 1.0181 (Overall: 0.5860, Change: 1.5912), TF Ratio: 0.765
[2026-06-16 06:06:57,120][root][INFO] - Epoch [4/5], Batch [274/300], Loss: 1.0174 (Overall: 0.5233, Change: 1.0977), TF Ratio: 0.765
[2026-06-16 06:06:57,274][root][INFO] - Epoch [4/5], Batch [275/300], Loss: 1.0174 (Overall: 0.6163, Change: 1.4649), TF Ratio: 0.765
[2026-06-16 06:07:10,400][root][INFO] - Epoch [4/5], Batch [276/300], Loss: 1.0172 (Overall: 0.5112, Change: 1.3655), TF Ratio: 0.765
[2026-06-16 06:07:10,554][root][INFO] - Epoch [4/5], Batch [277/300], Loss: 1.0165 (Overall: 0.6228, Change: 1.0731), TF Ratio: 0.765
[2026-06-16 06:07:10,707][root][INFO] - Epoch [4/5], Batch [278/300], Loss: 1.0154 (Overall: 0.4114, Change: 0.9612), TF Ratio: 0.764
[2026-06-16 06:07:10,863][root][INFO] - Epoch [4/5], Batch [279/300], Loss: 1.0156 (Overall: 0.8710, Change: 1.3052), TF Ratio: 0.764
[2026-06-16 06:07:11,048][root][INFO] - Epoch [4/5], Batch [280/300], Loss: 1.0159 (Overall: 0.9608, Change: 1.2437), TF Ratio: 0.764
[2026-06-16 06:07:11,202][root][INFO] - Epoch [4/5], Batch [281/300], Loss: 1.0160 (Overall: 0.7581, Change: 1.3068), TF Ratio: 0.764
[2026-06-16 06:07:11,358][root][INFO] - Epoch [4/5], Batch [282/300], Loss: 1.0164 (Overall: 0.9177, Change: 1.3599), TF Ratio: 0.764
[2026-06-16 06:07:11,512][root][INFO] - Epoch [4/5], Batch [283/300], Loss: 1.0162 (Overall: 0.7715, Change: 1.1108), TF Ratio: 0.763
[2026-06-16 06:07:11,688][root][INFO] - Epoch [4/5], Batch [284/300], Loss: 1.0162 (Overall: 0.6186, Change: 1.4279), TF Ratio: 0.763
[2026-06-16 06:07:11,842][root][INFO] - Epoch [4/5], Batch [285/300], Loss: 1.0168 (Overall: 1.1126, Change: 1.2486), TF Ratio: 0.763
[2026-06-16 06:07:11,995][root][INFO] - Epoch [4/5], Batch [286/300], Loss: 1.0160 (Overall: 0.4822, Change: 1.0984), TF Ratio: 0.763
[2026-06-16 06:07:12,149][root][INFO] - Epoch [4/5], Batch [287/300], Loss: 1.0160 (Overall: 0.7806, Change: 1.2558), TF Ratio: 0.763
[2026-06-16 06:07:23,754][root][INFO] - Epoch [4/5], Batch [288/300], Loss: 1.0150 (Overall: 0.4628, Change: 1.0066), TF Ratio: 0.762
[2026-06-16 06:07:23,908][root][INFO] - Epoch [4/5], Batch [289/300], Loss: 1.0148 (Overall: 0.6053, Change: 1.3415), TF Ratio: 0.762
[2026-06-16 06:07:24,061][root][INFO] - Epoch [4/5], Batch [290/300], Loss: 1.0150 (Overall: 0.5530, Change: 1.5533), TF Ratio: 0.762
[2026-06-16 06:07:24,214][root][INFO] - Epoch [4/5], Batch [291/300], Loss: 1.0160 (Overall: 1.1092, Change: 1.4862), TF Ratio: 0.762
[2026-06-16 06:07:24,396][root][INFO] - Epoch [4/5], Batch [292/300], Loss: 1.0155 (Overall: 0.4303, Change: 1.3509), TF Ratio: 0.762
[2026-06-16 06:07:24,551][root][INFO] - Epoch [4/5], Batch [293/300], Loss: 1.0156 (Overall: 0.6518, Change: 1.4530), TF Ratio: 0.761
[2026-06-16 06:07:24,706][root][INFO] - Epoch [4/5], Batch [294/300], Loss: 1.0164 (Overall: 1.2444, Change: 1.2376), TF Ratio: 0.761
[2026-06-16 06:07:24,859][root][INFO] - Epoch [4/5], Batch [295/300], Loss: 1.0167 (Overall: 0.7736, Change: 1.4127), TF Ratio: 0.761
[2026-06-16 06:07:25,026][root][INFO] - Epoch [4/5], Batch [296/300], Loss: 1.0169 (Overall: 0.8772, Change: 1.3060), TF Ratio: 0.761
[2026-06-16 06:07:25,180][root][INFO] - Epoch [4/5], Batch [297/300], Loss: 1.0173 (Overall: 0.6399, Change: 1.6408), TF Ratio: 0.761
[2026-06-16 06:07:25,332][root][INFO] - Epoch [4/5], Batch [298/300], Loss: 1.0174 (Overall: 0.8620, Change: 1.2122), TF Ratio: 0.760
[2026-06-16 06:07:25,486][root][INFO] - Epoch [4/5], Batch [299/300], Loss: 1.0168 (Overall: 0.6305, Change: 1.0095), TF Ratio: 0.760
[2026-06-16 06:07:37,139][root][INFO] - Epoch [4/5], Batch [300/300], Loss: 1.0167 (Overall: 0.6180, Change: 1.3922), TF Ratio: 0.760
[2026-06-16 06:07:50,511][root][INFO] - Epoch 4 done. Validating...
[2026-06-16 06:08:21,969][root][INFO] - Epoch [4/5] | Train: 1.0277 | Val: 0.6942
[2026-06-16 06:08:22,199][root][INFO] - Checkpoint saved: /gpfs/scratch/bsc32/bsc096444/ai4land-tfm/trained_models/unet_impl/41825153/best_model.pth
[2026-06-16 06:08:22,378][root][INFO] - Checkpoint saved: /gpfs/scratch/bsc32/bsc096444/ai4land-tfm/trained_models/unet_impl/41825153/model_epoch_4.pth
[2026-06-16 06:08:40,125][root][INFO] - Epoch [5/5], Batch [1/300], Loss: 0.8550 (Overall: 0.4984, Change: 1.2117), TF Ratio: 0.760
[2026-06-16 06:08:40,281][root][INFO] - Epoch [5/5], Batch [2/300], Loss: 0.8829 (Overall: 0.6445, Change: 1.1769), TF Ratio: 0.760
[2026-06-16 06:08:40,434][root][INFO] - Epoch [5/5], Batch [3/300], Loss: 0.8536 (Overall: 0.4694, Change: 1.1210), TF Ratio: 0.759
[2026-06-16 06:08:40,606][root][INFO] - Epoch [5/5], Batch [4/300], Loss: 0.8986 (Overall: 0.5486, Change: 1.5180), TF Ratio: 0.759
[2026-06-16 06:08:40,761][root][INFO] - Epoch [5/5], Batch [5/300], Loss: 0.9172 (Overall: 0.6932, Change: 1.2902), TF Ratio: 0.759
[2026-06-16 06:08:40,915][root][INFO] - Epoch [5/5], Batch [6/300], Loss: 0.9156 (Overall: 0.7079, Change: 1.1077), TF Ratio: 0.759
[2026-06-16 06:08:41,069][root][INFO] - Epoch [5/5], Batch [7/300], Loss: 0.9266 (Overall: 0.4749, Change: 1.5100), TF Ratio: 0.759
[2026-06-16 06:08:41,238][root][INFO] - Epoch [5/5], Batch [8/300], Loss: 0.9374 (Overall: 0.6932, Change: 1.3325), TF Ratio: 0.758
[2026-06-16 06:08:41,392][root][INFO] - Epoch [5/5], Batch [9/300], Loss: 0.9471 (Overall: 0.5041, Change: 1.5461), TF Ratio: 0.758
[2026-06-16 06:08:41,545][root][INFO] - Epoch [5/5], Batch [10/300], Loss: 0.9389 (Overall: 0.6870, Change: 1.0421), TF Ratio: 0.758
[2026-06-16 06:08:41,697][root][INFO] - Epoch [5/5], Batch [11/300], Loss: 0.9623 (Overall: 1.0041, Change: 1.3903), TF Ratio: 0.758
[2026-06-16 06:08:51,624][root][INFO] - Epoch [5/5], Batch [12/300], Loss: 0.9727 (Overall: 0.6449, Change: 1.5276), TF Ratio: 0.758
[2026-06-16 06:08:53,041][root][INFO] - Epoch [5/5], Batch [13/300], Loss: 0.9565 (Overall: 0.3919, Change: 1.1323), TF Ratio: 0.757
[2026-06-16 06:08:53,194][root][INFO] - Epoch [5/5], Batch [14/300], Loss: 0.9444 (Overall: 0.4472, Change: 1.1283), TF Ratio: 0.757
[2026-06-16 06:08:53,347][root][INFO] - Epoch [5/5], Batch [15/300], Loss: 0.9500 (Overall: 0.5207, Change: 1.5343), TF Ratio: 0.757
[2026-06-16 06:08:54,665][root][INFO] - Epoch [5/5], Batch [16/300], Loss: 0.9462 (Overall: 0.7523, Change: 1.0266), TF Ratio: 0.757
[2026-06-16 06:08:54,819][root][INFO] - Epoch [5/5], Batch [17/300], Loss: 0.9555 (Overall: 0.7903, Change: 1.4202), TF Ratio: 0.757
[2026-06-16 06:08:54,972][root][INFO] - Epoch [5/5], Batch [18/300], Loss: 0.9547 (Overall: 0.6855, Change: 1.1937), TF Ratio: 0.756
[2026-06-16 06:08:55,186][root][INFO] - Epoch [5/5], Batch [19/300], Loss: 0.9567 (Overall: 0.5887, Change: 1.3973), TF Ratio: 0.756
[2026-06-16 06:08:55,355][root][INFO] - Epoch [5/5], Batch [20/300], Loss: 0.9761 (Overall: 1.0676, Change: 1.6236), TF Ratio: 0.756
[2026-06-16 06:08:55,509][root][INFO] - Epoch [5/5], Batch [21/300], Loss: 0.9792 (Overall: 0.8016, Change: 1.2803), TF Ratio: 0.756
[2026-06-16 06:08:55,709][root][INFO] - Epoch [5/5], Batch [22/300], Loss: 0.9843 (Overall: 0.8684, Change: 1.3133), TF Ratio: 0.756
[2026-06-16 06:08:55,862][root][INFO] - Epoch [5/5], Batch [23/300], Loss: 0.9845 (Overall: 0.8203, Change: 1.1590), TF Ratio: 0.755
[2026-06-16 06:09:05,558][root][INFO] - Epoch [5/5], Batch [24/300], Loss: 0.9810 (Overall: 0.6318, Change: 1.1679), TF Ratio: 0.755
[2026-06-16 06:09:06,369][root][INFO] - Epoch [5/5], Batch [25/300], Loss: 0.9727 (Overall: 0.3831, Change: 1.1635), TF Ratio: 0.755
[2026-06-16 06:09:06,522][root][INFO] - Epoch [5/5], Batch [26/300], Loss: 0.9724 (Overall: 0.8399, Change: 1.0886), TF Ratio: 0.755
[2026-06-16 06:09:06,675][root][INFO] - Epoch [5/5], Batch [27/300], Loss: 0.9730 (Overall: 0.7395, Change: 1.2416), TF Ratio: 0.755
[2026-06-16 06:09:09,116][root][INFO] - Epoch [5/5], Batch [28/300], Loss: 0.9724 (Overall: 0.7639, Change: 1.1461), TF Ratio: 0.754
[2026-06-16 06:09:09,272][root][INFO] - Epoch [5/5], Batch [29/300], Loss: 0.9701 (Overall: 0.5839, Change: 1.2311), TF Ratio: 0.754
[2026-06-16 06:09:09,425][root][INFO] - Epoch [5/5], Batch [30/300], Loss: 0.9726 (Overall: 0.8147, Change: 1.2732), TF Ratio: 0.754
[2026-06-16 06:09:09,579][root][INFO] - Epoch [5/5], Batch [31/300], Loss: 0.9683 (Overall: 0.5502, Change: 1.1284), TF Ratio: 0.754
[2026-06-16 06:09:09,755][root][INFO] - Epoch [5/5], Batch [32/300], Loss: 0.9746 (Overall: 0.8163, Change: 1.5260), TF Ratio: 0.754
[2026-06-16 06:09:09,910][root][INFO] - Epoch [5/5], Batch [33/300], Loss: 0.9786 (Overall: 0.6634, Change: 1.5464), TF Ratio: 0.753
[2026-06-16 06:09:10,509][root][INFO] - Epoch [5/5], Batch [34/300], Loss: 0.9811 (Overall: 0.7188, Change: 1.4105), TF Ratio: 0.753
[2026-06-16 06:09:10,663][root][INFO] - Epoch [5/5], Batch [35/300], Loss: 0.9993 (Overall: 1.2606, Change: 1.9712), TF Ratio: 0.753
[2026-06-16 06:09:20,633][root][INFO] - Epoch [5/5], Batch [36/300], Loss: 0.9944 (Overall: 0.5599, Change: 1.0870), TF Ratio: 0.753
[2026-06-16 06:09:20,788][root][INFO] - Epoch [5/5], Batch [37/300], Loss: 0.9924 (Overall: 0.6302, Change: 1.2153), TF Ratio: 0.753
[2026-06-16 06:09:20,943][root][INFO] - Epoch [5/5], Batch [38/300], Loss: 0.9972 (Overall: 1.0092, Change: 1.3359), TF Ratio: 0.752
[2026-06-16 06:09:21,096][root][INFO] - Epoch [5/5], Batch [39/300], Loss: 0.9968 (Overall: 0.6214, Change: 1.3412), TF Ratio: 0.752
[2026-06-16 06:09:23,128][root][INFO] - Epoch [5/5], Batch [40/300], Loss: 0.9999 (Overall: 0.9183, Change: 1.3222), TF Ratio: 0.752
[2026-06-16 06:09:23,285][root][INFO] - Epoch [5/5], Batch [41/300], Loss: 1.0043 (Overall: 0.6976, Change: 1.6621), TF Ratio: 0.752
[2026-06-16 06:09:23,438][root][INFO] - Epoch [5/5], Batch [42/300], Loss: 1.0105 (Overall: 0.9986, Change: 1.5344), TF Ratio: 0.752
[2026-06-16 06:09:25,042][root][INFO] - Epoch [5/5], Batch [43/300], Loss: 1.0086 (Overall: 0.6644, Change: 1.1950), TF Ratio: 0.751
[2026-06-16 06:09:25,210][root][INFO] - Epoch [5/5], Batch [44/300], Loss: 1.0167 (Overall: 1.1099, Change: 1.6174), TF Ratio: 0.751
[2026-06-16 06:09:25,363][root][INFO] - Epoch [5/5], Batch [45/300], Loss: 1.0124 (Overall: 0.6095, Change: 1.0342), TF Ratio: 0.751
[2026-06-16 06:09:26,459][root][INFO] - Epoch [5/5], Batch [46/300], Loss: 1.0126 (Overall: 0.7725, Change: 1.2777), TF Ratio: 0.751
[2026-06-16 06:09:26,630][root][INFO] - Epoch [5/5], Batch [47/300], Loss: 1.0134 (Overall: 0.7306, Change: 1.3686), TF Ratio: 0.751
[2026-06-16 06:09:34,616][root][INFO] - Epoch [5/5], Batch [48/300], Loss: 1.0114 (Overall: 0.6966, Change: 1.1382), TF Ratio: 0.750
[2026-06-16 06:09:34,773][root][INFO] - Epoch [5/5], Batch [49/300], Loss: 1.0150 (Overall: 0.8964, Change: 1.4806), TF Ratio: 0.750
[2026-06-16 06:09:34,926][root][INFO] - Epoch [5/5], Batch [50/300], Loss: 1.0121 (Overall: 0.5817, Change: 1.1588), TF Ratio: 0.750
[2026-06-16 06:09:35,082][root][INFO] - Epoch [5/5], Batch [51/300], Loss: 1.0108 (Overall: 0.6662, Change: 1.2182), TF Ratio: 0.750
[2026-06-16 06:09:39,482][root][INFO] - Epoch [5/5], Batch [52/300], Loss: 1.0131 (Overall: 0.8477, Change: 1.4176), TF Ratio: 0.750
[2026-06-16 06:09:39,638][root][INFO] - Epoch [5/5], Batch [53/300], Loss: 1.0170 (Overall: 0.8597, Change: 1.5774), TF Ratio: 0.749
[2026-06-16 06:09:39,792][root][INFO] - Epoch [5/5], Batch [54/300], Loss: 1.0174 (Overall: 0.4165, Change: 1.6614), TF Ratio: 0.749
[2026-06-16 06:09:39,947][root][INFO] - Epoch [5/5], Batch [55/300], Loss: 1.0149 (Overall: 0.6150, Change: 1.1407), TF Ratio: 0.749
[2026-06-16 06:09:40,116][root][INFO] - Epoch [5/5], Batch [56/300], Loss: 1.0165 (Overall: 0.5605, Change: 1.6516), TF Ratio: 0.749
[2026-06-16 06:09:40,270][root][INFO] - Epoch [5/5], Batch [57/300], Loss: 1.0162 (Overall: 0.6638, Change: 1.3386), TF Ratio: 0.749
[2026-06-16 06:09:41,243][root][INFO] - Epoch [5/5], Batch [58/300], Loss: 1.0180 (Overall: 0.5128, Change: 1.7309), TF Ratio: 0.748
[2026-06-16 06:09:41,396][root][INFO] - Epoch [5/5], Batch [59/300], Loss: 1.0197 (Overall: 0.8436, Change: 1.3875), TF Ratio: 0.748
[2026-06-16 06:09:48,841][root][INFO] - Epoch [5/5], Batch [60/300], Loss: 1.0167 (Overall: 0.4659, Change: 1.2120), TF Ratio: 0.748
[2026-06-16 06:09:48,999][root][INFO] - Epoch [5/5], Batch [61/300], Loss: 1.0148 (Overall: 0.7639, Change: 1.0341), TF Ratio: 0.748
[2026-06-16 06:09:49,153][root][INFO] - Epoch [5/5], Batch [62/300], Loss: 1.0152 (Overall: 1.0732, Change: 1.0093), TF Ratio: 0.748
[2026-06-16 06:09:49,306][root][INFO] - Epoch [5/5], Batch [63/300], Loss: 1.0151 (Overall: 0.9006, Change: 1.1213), TF Ratio: 0.747
[2026-06-16 06:09:53,804][root][INFO] - Epoch [5/5], Batch [64/300], Loss: 1.0164 (Overall: 0.7044, Change: 1.4853), TF Ratio: 0.747
[2026-06-16 06:09:53,960][root][INFO] - Epoch [5/5], Batch [65/300], Loss: 1.0168 (Overall: 0.5901, Change: 1.4983), TF Ratio: 0.747
[2026-06-16 06:09:54,113][root][INFO] - Epoch [5/5], Batch [66/300], Loss: 1.0215 (Overall: 0.8988, Change: 1.7553), TF Ratio: 0.747
[2026-06-16 06:09:54,265][root][INFO] - Epoch [5/5], Batch [67/300], Loss: 1.0236 (Overall: 0.8981, Change: 1.4322), TF Ratio: 0.747
[2026-06-16 06:09:54,815][root][INFO] - Epoch [5/5], Batch [68/300], Loss: 1.0218 (Overall: 0.7589, Change: 1.0349), TF Ratio: 0.746
[2026-06-16 06:09:54,969][root][INFO] - Epoch [5/5], Batch [69/300], Loss: 1.0218 (Overall: 0.6681, Change: 1.3840), TF Ratio: 0.746
[2026-06-16 06:09:56,549][root][INFO] - Epoch [5/5], Batch [70/300], Loss: 1.0213 (Overall: 0.8027, Change: 1.1620), TF Ratio: 0.746
[2026-06-16 06:09:56,705][root][INFO] - Epoch [5/5], Batch [71/300], Loss: 1.0211 (Overall: 0.8363, Change: 1.1805), TF Ratio: 0.746
[2026-06-16 06:10:02,024][root][INFO] - Epoch [5/5], Batch [72/300], Loss: 1.0190 (Overall: 0.5179, Change: 1.2302), TF Ratio: 0.746
[2026-06-16 06:10:02,178][root][INFO] - Epoch [5/5], Batch [73/300], Loss: 1.0177 (Overall: 0.6612, Change: 1.1753), TF Ratio: 0.745
[2026-06-16 06:10:02,331][root][INFO] - Epoch [5/5], Batch [74/300], Loss: 1.0132 (Overall: 0.6346, Change: 0.7454), TF Ratio: 0.745
[2026-06-16 06:10:02,486][root][INFO] - Epoch [5/5], Batch [75/300], Loss: 1.0122 (Overall: 0.4461, Change: 1.4322), TF Ratio: 0.745
[2026-06-16 06:10:07,805][root][INFO] - Epoch [5/5], Batch [76/300], Loss: 1.0113 (Overall: 0.7239, Change: 1.1494), TF Ratio: 0.745
[2026-06-16 06:10:07,960][root][INFO] - Epoch [5/5], Batch [77/300], Loss: 1.0155 (Overall: 0.7111, Change: 1.9674), TF Ratio: 0.745
[2026-06-16 06:10:08,112][root][INFO] - Epoch [5/5], Batch [78/300], Loss: 1.0154 (Overall: 0.5646, Change: 1.4513), TF Ratio: 0.744
[2026-06-16 06:10:08,265][root][INFO] - Epoch [5/5], Batch [79/300], Loss: 1.0151 (Overall: 0.8710, Change: 1.1040), TF Ratio: 0.744
[2026-06-16 06:10:10,126][root][INFO] - Epoch [5/5], Batch [80/300], Loss: 1.0099 (Overall: 0.4679, Change: 0.7378), TF Ratio: 0.744
[2026-06-16 06:10:10,280][root][INFO] - Epoch [5/5], Batch [81/300], Loss: 1.0103 (Overall: 0.6786, Change: 1.4065), TF Ratio: 0.744
[2026-06-16 06:10:11,603][root][INFO] - Epoch [5/5], Batch [82/300], Loss: 1.0160 (Overall: 1.3336, Change: 1.6239), TF Ratio: 0.744
[2026-06-16 06:10:11,757][root][INFO] - Epoch [5/5], Batch [83/300], Loss: 1.0148 (Overall: 0.5253, Change: 1.3070), TF Ratio: 0.743
[2026-06-16 06:10:17,005][root][INFO] - Epoch [5/5], Batch [84/300], Loss: 1.0166 (Overall: 0.9610, Change: 1.3598), TF Ratio: 0.743
[2026-06-16 06:10:17,160][root][INFO] - Epoch [5/5], Batch [85/300], Loss: 1.0169 (Overall: 0.7100, Change: 1.3872), TF Ratio: 0.743
[2026-06-16 06:10:17,313][root][INFO] - Epoch [5/5], Batch [86/300], Loss: 1.0163 (Overall: 0.7461, Change: 1.1769), TF Ratio: 0.743
[2026-06-16 06:10:17,466][root][INFO] - Epoch [5/5], Batch [87/300], Loss: 1.0161 (Overall: 0.5563, Change: 1.4360), TF Ratio: 0.743
[2026-06-16 06:10:21,884][root][INFO] - Epoch [5/5], Batch [88/300], Loss: 1.0173 (Overall: 0.6332, Change: 1.6185), TF Ratio: 0.742
[2026-06-16 06:10:22,039][root][INFO] - Epoch [5/5], Batch [89/300], Loss: 1.0220 (Overall: 1.1102, Change: 1.7556), TF Ratio: 0.742
[2026-06-16 06:10:22,192][root][INFO] - Epoch [5/5], Batch [90/300], Loss: 1.0210 (Overall: 0.7471, Change: 1.1303), TF Ratio: 0.742
[2026-06-16 06:10:22,345][root][INFO] - Epoch [5/5], Batch [91/300], Loss: 1.0217 (Overall: 0.6938, Change: 1.4661), TF Ratio: 0.742
[2026-06-16 06:10:25,690][root][INFO] - Epoch [5/5], Batch [92/300], Loss: 1.0210 (Overall: 0.7837, Change: 1.1284), TF Ratio: 0.742
[2026-06-16 06:10:25,846][root][INFO] - Epoch [5/5], Batch [93/300], Loss: 1.0220 (Overall: 1.0541, Change: 1.1827), TF Ratio: 0.741
[2026-06-16 06:10:27,492][root][INFO] - Epoch [5/5], Batch [94/300], Loss: 1.0213 (Overall: 0.4883, Change: 1.4264), TF Ratio: 0.741
[2026-06-16 06:10:27,644][root][INFO] - Epoch [5/5], Batch [95/300], Loss: 1.0176 (Overall: 0.5470, Change: 0.7910), TF Ratio: 0.741
[2026-06-16 06:10:31,208][root][INFO] - Epoch [5/5], Batch [96/300], Loss: 1.0179 (Overall: 0.6565, Change: 1.4348), TF Ratio: 0.741
[2026-06-16 06:10:31,363][root][INFO] - Epoch [5/5], Batch [97/300], Loss: 1.0197 (Overall: 0.8300, Change: 1.5565), TF Ratio: 0.741
[2026-06-16 06:10:31,517][root][INFO] - Epoch [5/5], Batch [98/300], Loss: 1.0193 (Overall: 0.5845, Change: 1.3690), TF Ratio: 0.740
[2026-06-16 06:10:31,670][root][INFO] - Epoch [5/5], Batch [99/300], Loss: 1.0207 (Overall: 0.7458, Change: 1.5767), TF Ratio: 0.740
[2026-06-16 06:10:36,642][root][INFO] - Epoch [5/5], Batch [100/300], Loss: 1.0208 (Overall: 0.6860, Change: 1.3641), TF Ratio: 0.740
[2026-06-16 06:10:36,797][root][INFO] - Epoch [5/5], Batch [101/300], Loss: 1.0183 (Overall: 0.4894, Change: 1.0498), TF Ratio: 0.740
[2026-06-16 06:10:36,951][root][INFO] - Epoch [5/5], Batch [102/300], Loss: 1.0156 (Overall: 0.5628, Change: 0.9324), TF Ratio: 0.740
[2026-06-16 06:10:37,105][root][INFO] - Epoch [5/5], Batch [103/300], Loss: 1.0125 (Overall: 0.4849, Change: 0.9059), TF Ratio: 0.739
[2026-06-16 06:10:39,370][root][INFO] - Epoch [5/5], Batch [104/300], Loss: 1.0109 (Overall: 0.5210, Change: 1.1634), TF Ratio: 0.739
[2026-06-16 06:10:39,524][root][INFO] - Epoch [5/5], Batch [105/300], Loss: 1.0082 (Overall: 0.5256, Change: 0.9228), TF Ratio: 0.739
[2026-06-16 06:10:42,420][root][INFO] - Epoch [5/5], Batch [106/300], Loss: 1.0075 (Overall: 0.8424, Change: 1.0460), TF Ratio: 0.739
[2026-06-16 06:10:42,573][root][INFO] - Epoch [5/5], Batch [107/300], Loss: 1.0084 (Overall: 0.4322, Change: 1.7634), TF Ratio: 0.739
[2026-06-16 06:10:44,467][root][INFO] - Epoch [5/5], Batch [108/300], Loss: 1.0085 (Overall: 0.6370, Change: 1.3972), TF Ratio: 0.738
[2026-06-16 06:10:44,620][root][INFO] - Epoch [5/5], Batch [109/300], Loss: 1.0073 (Overall: 0.6785, Change: 1.0751), TF Ratio: 0.738
[2026-06-16 06:10:44,773][root][INFO] - Epoch [5/5], Batch [110/300], Loss: 1.0058 (Overall: 0.5078, Change: 1.1834), TF Ratio: 0.738
[2026-06-16 06:10:44,926][root][INFO] - Epoch [5/5], Batch [111/300], Loss: 1.0062 (Overall: 0.7630, Change: 1.3464), TF Ratio: 0.738
[2026-06-16 06:10:51,362][root][INFO] - Epoch [5/5], Batch [112/300], Loss: 1.0033 (Overall: 0.4911, Change: 0.8587), TF Ratio: 0.738
[2026-06-16 06:10:51,517][root][INFO] - Epoch [5/5], Batch [113/300], Loss: 1.0027 (Overall: 0.6727, Change: 1.2116), TF Ratio: 0.737
[2026-06-16 06:10:51,670][root][INFO] - Epoch [5/5], Batch [114/300], Loss: 1.0025 (Overall: 0.6659, Change: 1.2825), TF Ratio: 0.737
[2026-06-16 06:10:51,824][root][INFO] - Epoch [5/5], Batch [115/300], Loss: 1.0025 (Overall: 0.6962, Change: 1.3060), TF Ratio: 0.737
[2026-06-16 06:10:52,329][root][INFO] - Epoch [5/5], Batch [116/300], Loss: 1.0029 (Overall: 0.7973, Change: 1.3040), TF Ratio: 0.737
[2026-06-16 06:10:52,484][root][INFO] - Epoch [5/5], Batch [117/300], Loss: 1.0019 (Overall: 0.6633, Change: 1.1203), TF Ratio: 0.737
[2026-06-16 06:10:56,979][root][INFO] - Epoch [5/5], Batch [118/300], Loss: 1.0009 (Overall: 0.5708, Change: 1.1795), TF Ratio: 0.736
[2026-06-16 06:10:57,132][root][INFO] - Epoch [5/5], Batch [119/300], Loss: 1.0004 (Overall: 0.7109, Change: 1.1848), TF Ratio: 0.736
[2026-06-16 06:10:57,669][root][INFO] - Epoch [5/5], Batch [120/300], Loss: 1.0022 (Overall: 0.7839, Change: 1.6466), TF Ratio: 0.736
[2026-06-16 06:10:57,823][root][INFO] - Epoch [5/5], Batch [121/300], Loss: 1.0032 (Overall: 0.6581, Change: 1.5748), TF Ratio: 0.736
[2026-06-16 06:10:57,975][root][INFO] - Epoch [5/5], Batch [122/300], Loss: 1.0021 (Overall: 0.6374, Change: 1.1047), TF Ratio: 0.736
[2026-06-16 06:10:58,129][root][INFO] - Epoch [5/5], Batch [123/300], Loss: 1.0027 (Overall: 0.7996, Change: 1.3646), TF Ratio: 0.735
[2026-06-16 06:11:05,086][root][INFO] - Epoch [5/5], Batch [124/300], Loss: 1.0039 (Overall: 0.6042, Change: 1.7038), TF Ratio: 0.735
[2026-06-16 06:11:05,246][root][INFO] - Epoch [5/5], Batch [125/300], Loss: 1.0057 (Overall: 0.8837, Change: 1.5748), TF Ratio: 0.735
[2026-06-16 06:11:05,399][root][INFO] - Epoch [5/5], Batch [126/300], Loss: 1.0055 (Overall: 0.6578, Change: 1.2813), TF Ratio: 0.735
[2026-06-16 06:11:05,552][root][INFO] - Epoch [5/5], Batch [127/300], Loss: 1.0045 (Overall: 0.7438, Change: 1.0241), TF Ratio: 0.735
[2026-06-16 06:11:05,722][root][INFO] - Epoch [5/5], Batch [128/300], Loss: 1.0031 (Overall: 0.5239, Change: 1.1297), TF Ratio: 0.734
[2026-06-16 06:11:05,876][root][INFO] - Epoch [5/5], Batch [129/300], Loss: 1.0025 (Overall: 0.7461, Change: 1.0955), TF Ratio: 0.734
[2026-06-16 06:11:10,578][root][INFO] - Epoch [5/5], Batch [130/300], Loss: 1.0029 (Overall: 0.6716, Change: 1.4500), TF Ratio: 0.734
[2026-06-16 06:11:10,732][root][INFO] - Epoch [5/5], Batch [131/300], Loss: 1.0029 (Overall: 0.5028, Change: 1.5074), TF Ratio: 0.734
[2026-06-16 06:11:12,117][root][INFO] - Epoch [5/5], Batch [132/300], Loss: 1.0080 (Overall: 1.4365, Change: 1.9164), TF Ratio: 0.734
[2026-06-16 06:11:12,272][root][INFO] - Epoch [5/5], Batch [133/300], Loss: 1.0081 (Overall: 0.7087, Change: 1.3122), TF Ratio: 0.733
[2026-06-16 06:11:12,424][root][INFO] - Epoch [5/5], Batch [134/300], Loss: 1.0088 (Overall: 0.7022, Change: 1.5050), TF Ratio: 0.733
[2026-06-16 06:11:12,578][root][INFO] - Epoch [5/5], Batch [135/300], Loss: 1.0076 (Overall: 0.6383, Change: 1.0574), TF Ratio: 0.733
[2026-06-16 06:11:18,831][root][INFO] - Epoch [5/5], Batch [136/300], Loss: 1.0069 (Overall: 0.7412, Change: 1.0932), TF Ratio: 0.733
[2026-06-16 06:11:18,985][root][INFO] - Epoch [5/5], Batch [137/300], Loss: 1.0068 (Overall: 0.6796, Change: 1.2916), TF Ratio: 0.733
[2026-06-16 06:11:19,138][root][INFO] - Epoch [5/5], Batch [138/300], Loss: 1.0081 (Overall: 0.5158, Change: 1.8663), TF Ratio: 0.732
[2026-06-16 06:11:19,292][root][INFO] - Epoch [5/5], Batch [139/300], Loss: 1.0088 (Overall: 0.7001, Change: 1.5250), TF Ratio: 0.732
[2026-06-16 06:11:19,966][root][INFO] - Epoch [5/5], Batch [140/300], Loss: 1.0086 (Overall: 0.8851, Change: 1.0502), TF Ratio: 0.732
[2026-06-16 06:11:20,120][root][INFO] - Epoch [5/5], Batch [141/300], Loss: 1.0080 (Overall: 0.7550, Change: 1.1014), TF Ratio: 0.732
[2026-06-16 06:11:27,328][root][INFO] - Epoch [5/5], Batch [142/300], Loss: 1.0081 (Overall: 0.7431, Change: 1.2976), TF Ratio: 0.732
[2026-06-16 06:11:27,481][root][INFO] - Epoch [5/5], Batch [143/300], Loss: 1.0094 (Overall: 0.9427, Change: 1.4506), TF Ratio: 0.731
[2026-06-16 06:11:27,649][root][INFO] - Epoch [5/5], Batch [144/300], Loss: 1.0097 (Overall: 0.7396, Change: 1.3661), TF Ratio: 0.731
[2026-06-16 06:11:27,804][root][INFO] - Epoch [5/5], Batch [145/300], Loss: 1.0089 (Overall: 0.7982, Change: 0.9896), TF Ratio: 0.731
[2026-06-16 06:11:27,957][root][INFO] - Epoch [5/5], Batch [146/300], Loss: 1.0083 (Overall: 0.7179, Change: 1.1317), TF Ratio: 0.731
[2026-06-16 06:11:28,113][root][INFO] - Epoch [5/5], Batch [147/300], Loss: 1.0083 (Overall: 0.7045, Change: 1.3044), TF Ratio: 0.731
[2026-06-16 06:11:33,207][root][INFO] - Epoch [5/5], Batch [148/300], Loss: 1.0077 (Overall: 0.7685, Change: 1.0712), TF Ratio: 0.730
[2026-06-16 06:11:33,363][root][INFO] - Epoch [5/5], Batch [149/300], Loss: 1.0089 (Overall: 0.9651, Change: 1.3976), TF Ratio: 0.730
[2026-06-16 06:11:33,517][root][INFO] - Epoch [5/5], Batch [150/300], Loss: 1.0098 (Overall: 0.8403, Change: 1.4565), TF Ratio: 0.730
[2026-06-16 06:11:33,671][root][INFO] - Epoch [5/5], Batch [151/300], Loss: 1.0107 (Overall: 1.1282, Change: 1.1627), TF Ratio: 0.730
[2026-06-16 06:11:33,854][root][INFO] - Epoch [5/5], Batch [152/300], Loss: 1.0103 (Overall: 0.6438, Change: 1.2617), TF Ratio: 0.730
[2026-06-16 06:11:34,007][root][INFO] - Epoch [5/5], Batch [153/300], Loss: 1.0092 (Overall: 0.6133, Change: 1.0652), TF Ratio: 0.729
[2026-06-16 06:11:41,812][root][INFO] - Epoch [5/5], Batch [154/300], Loss: 1.0079 (Overall: 0.6596, Change: 0.9616), TF Ratio: 0.729
[2026-06-16 06:11:41,968][root][INFO] - Epoch [5/5], Batch [155/300], Loss: 1.0076 (Overall: 0.7027, Change: 1.2105), TF Ratio: 0.729
[2026-06-16 06:11:42,139][root][INFO] - Epoch [5/5], Batch [156/300], Loss: 1.0062 (Overall: 0.7745, Change: 0.8123), TF Ratio: 0.729
[2026-06-16 06:11:42,293][root][INFO] - Epoch [5/5], Batch [157/300], Loss: 1.0051 (Overall: 0.5021, Change: 1.1584), TF Ratio: 0.729
[2026-06-16 06:11:42,446][root][INFO] - Epoch [5/5], Batch [158/300], Loss: 1.0046 (Overall: 0.6457, Change: 1.2092), TF Ratio: 0.728
[2026-06-16 06:11:42,599][root][INFO] - Epoch [5/5], Batch [159/300], Loss: 1.0059 (Overall: 0.7191, Change: 1.7058), TF Ratio: 0.728
[2026-06-16 06:11:47,296][root][INFO] - Epoch [5/5], Batch [160/300], Loss: 1.0060 (Overall: 0.4530, Change: 1.6057), TF Ratio: 0.728
[2026-06-16 06:11:47,452][root][INFO] - Epoch [5/5], Batch [161/300], Loss: 1.0053 (Overall: 0.4799, Change: 1.2969), TF Ratio: 0.728
[2026-06-16 06:11:47,604][root][INFO] - Epoch [5/5], Batch [162/300], Loss: 1.0059 (Overall: 0.7800, Change: 1.4388), TF Ratio: 0.728
[2026-06-16 06:11:47,757][root][INFO] - Epoch [5/5], Batch [163/300], Loss: 1.0056 (Overall: 0.6051, Change: 1.2822), TF Ratio: 0.727
[2026-06-16 06:11:47,936][root][INFO] - Epoch [5/5], Batch [164/300], Loss: 1.0048 (Overall: 0.5259, Change: 1.2346), TF Ratio: 0.727
[2026-06-16 06:11:48,090][root][INFO] - Epoch [5/5], Batch [165/300], Loss: 1.0048 (Overall: 0.7152, Change: 1.3096), TF Ratio: 0.727
[2026-06-16 06:11:55,720][root][INFO] - Epoch [5/5], Batch [166/300], Loss: 1.0022 (Overall: 0.3895, Change: 0.7569), TF Ratio: 0.727
[2026-06-16 06:11:55,875][root][INFO] - Epoch [5/5], Batch [167/300], Loss: 1.0020 (Overall: 0.5899, Change: 1.3489), TF Ratio: 0.727
[2026-06-16 06:11:56,047][root][INFO] - Epoch [5/5], Batch [168/300], Loss: 1.0025 (Overall: 0.6650, Change: 1.4824), TF Ratio: 0.726
[2026-06-16 06:11:56,203][root][INFO] - Epoch [5/5], Batch [169/300], Loss: 1.0016 (Overall: 0.5286, Change: 1.1784), TF Ratio: 0.726
[2026-06-16 06:11:56,356][root][INFO] - Epoch [5/5], Batch [170/300], Loss: 1.0020 (Overall: 0.7975, Change: 1.3311), TF Ratio: 0.726
[2026-06-16 06:11:56,508][root][INFO] - Epoch [5/5], Batch [171/300], Loss: 1.0041 (Overall: 1.4601, Change: 1.2807), TF Ratio: 0.726
[2026-06-16 06:12:01,447][root][INFO] - Epoch [5/5], Batch [172/300], Loss: 1.0035 (Overall: 0.6667, Change: 1.1287), TF Ratio: 0.726
[2026-06-16 06:12:01,603][root][INFO] - Epoch [5/5], Batch [173/300], Loss: 1.0032 (Overall: 0.6384, Change: 1.2680), TF Ratio: 0.725
[2026-06-16 06:12:01,757][root][INFO] - Epoch [5/5], Batch [174/300], Loss: 1.0029 (Overall: 0.4820, Change: 1.4234), TF Ratio: 0.725
[2026-06-16 06:12:01,910][root][INFO] - Epoch [5/5], Batch [175/300], Loss: 1.0034 (Overall: 0.9695, Change: 1.2133), TF Ratio: 0.725
[2026-06-16 06:12:02,087][root][INFO] - Epoch [5/5], Batch [176/300], Loss: 1.0033 (Overall: 0.5226, Change: 1.4314), TF Ratio: 0.725
[2026-06-16 06:12:02,242][root][INFO] - Epoch [5/5], Batch [177/300], Loss: 1.0035 (Overall: 0.9598, Change: 1.1404), TF Ratio: 0.725
[2026-06-16 06:12:09,247][root][INFO] - Epoch [5/5], Batch [178/300], Loss: 1.0046 (Overall: 0.6465, Change: 1.7517), TF Ratio: 0.724
[2026-06-16 06:12:09,402][root][INFO] - Epoch [5/5], Batch [179/300], Loss: 1.0044 (Overall: 0.4641, Change: 1.4480), TF Ratio: 0.724
[2026-06-16 06:12:09,575][root][INFO] - Epoch [5/5], Batch [180/300], Loss: 1.0058 (Overall: 0.8379, Change: 1.6889), TF Ratio: 0.724
[2026-06-16 06:12:09,730][root][INFO] - Epoch [5/5], Batch [181/300], Loss: 1.0069 (Overall: 0.9018, Change: 1.5081), TF Ratio: 0.724
[2026-06-16 06:12:09,884][root][INFO] - Epoch [5/5], Batch [182/300], Loss: 1.0131 (Overall: 0.5807, Change: 3.6805), TF Ratio: 0.724
[2026-06-16 06:12:10,038][root][INFO] - Epoch [5/5], Batch [183/300], Loss: 1.0128 (Overall: 0.8882, Change: 1.0497), TF Ratio: 0.723
[2026-06-16 06:12:15,806][root][INFO] - Epoch [5/5], Batch [184/300], Loss: 1.0131 (Overall: 0.8550, Change: 1.2558), TF Ratio: 0.723
[2026-06-16 06:12:15,961][root][INFO] - Epoch [5/5], Batch [185/300], Loss: 1.0137 (Overall: 1.0106, Change: 1.2494), TF Ratio: 0.723
[2026-06-16 06:12:16,114][root][INFO] - Epoch [5/5], Batch [186/300], Loss: 1.0139 (Overall: 0.8387, Change: 1.2752), TF Ratio: 0.723
[2026-06-16 06:12:16,267][root][INFO] - Epoch [5/5], Batch [187/300], Loss: 1.0134 (Overall: 0.5196, Change: 1.3190), TF Ratio: 0.723
[2026-06-16 06:12:16,447][root][INFO] - Epoch [5/5], Batch [188/300], Loss: 1.0129 (Overall: 0.5682, Change: 1.2730), TF Ratio: 0.722
[2026-06-16 06:12:16,601][root][INFO] - Epoch [5/5], Batch [189/300], Loss: 1.0111 (Overall: 0.3669, Change: 0.9800), TF Ratio: 0.722
[2026-06-16 06:12:25,729][root][INFO] - Epoch [5/5], Batch [190/300], Loss: 1.0114 (Overall: 0.7429, Change: 1.3716), TF Ratio: 0.722
[2026-06-16 06:12:25,883][root][INFO] - Epoch [5/5], Batch [191/300], Loss: 1.0101 (Overall: 0.5366, Change: 0.9856), TF Ratio: 0.722
[2026-06-16 06:12:26,078][root][INFO] - Epoch [5/5], Batch [192/300], Loss: 1.0096 (Overall: 0.4753, Change: 1.3519), TF Ratio: 0.722
[2026-06-16 06:12:26,231][root][INFO] - Epoch [5/5], Batch [193/300], Loss: 1.0085 (Overall: 0.6150, Change: 1.0096), TF Ratio: 0.721
[2026-06-16 06:12:26,384][root][INFO] - Epoch [5/5], Batch [194/300], Loss: 1.0086 (Overall: 0.5402, Change: 1.4991), TF Ratio: 0.721
[2026-06-16 06:12:26,539][root][INFO] - Epoch [5/5], Batch [195/300], Loss: 1.0102 (Overall: 1.1668, Change: 1.4555), TF Ratio: 0.721
[2026-06-16 06:12:30,339][root][INFO] - Epoch [5/5], Batch [196/300], Loss: 1.0108 (Overall: 0.8016, Change: 1.4865), TF Ratio: 0.721
[2026-06-16 06:12:30,498][root][INFO] - Epoch [5/5], Batch [197/300], Loss: 1.0102 (Overall: 0.6337, Change: 1.1417), TF Ratio: 0.721
[2026-06-16 06:12:30,651][root][INFO] - Epoch [5/5], Batch [198/300], Loss: 1.0103 (Overall: 0.6011, Change: 1.4580), TF Ratio: 0.720
[2026-06-16 06:12:30,803][root][INFO] - Epoch [5/5], Batch [199/300], Loss: 1.0101 (Overall: 0.5200, Change: 1.4179), TF Ratio: 0.720
[2026-06-16 06:12:30,984][root][INFO] - Epoch [5/5], Batch [200/300], Loss: 1.0096 (Overall: 0.4521, Change: 1.3614), TF Ratio: 0.720
[2026-06-16 06:12:31,139][root][INFO] - Epoch [5/5], Batch [201/300], Loss: 1.0100 (Overall: 0.5730, Change: 1.6088), TF Ratio: 0.720
[2026-06-16 06:12:40,665][root][INFO] - Epoch [5/5], Batch [202/300], Loss: 1.0094 (Overall: 0.5549, Change: 1.2349), TF Ratio: 0.720
[2026-06-16 06:12:40,819][root][INFO] - Epoch [5/5], Batch [203/300], Loss: 1.0082 (Overall: 0.6934, Change: 0.8295), TF Ratio: 0.719
[2026-06-16 06:12:40,990][root][INFO] - Epoch [5/5], Batch [204/300], Loss: 1.0087 (Overall: 0.8445, Change: 1.3726), TF Ratio: 0.719
[2026-06-16 06:12:41,146][root][INFO] - Epoch [5/5], Batch [205/300], Loss: 1.0095 (Overall: 0.7412, Change: 1.5967), TF Ratio: 0.719
[2026-06-16 06:12:41,299][root][INFO] - Epoch [5/5], Batch [206/300], Loss: 1.0094 (Overall: 0.5925, Change: 1.3913), TF Ratio: 0.719
[2026-06-16 06:12:41,453][root][INFO] - Epoch [5/5], Batch [207/300], Loss: 1.0098 (Overall: 0.7407, Change: 1.4600), TF Ratio: 0.719
[2026-06-16 06:12:44,362][root][INFO] - Epoch [5/5], Batch [208/300], Loss: 1.0099 (Overall: 0.7079, Change: 1.3231), TF Ratio: 0.718
[2026-06-16 06:12:44,537][root][INFO] - Epoch [5/5], Batch [209/300], Loss: 1.0105 (Overall: 0.9609, Change: 1.3309), TF Ratio: 0.718
[2026-06-16 06:12:44,690][root][INFO] - Epoch [5/5], Batch [210/300], Loss: 1.0095 (Overall: 0.5610, Change: 1.0182), TF Ratio: 0.718
[2026-06-16 06:12:44,843][root][INFO] - Epoch [5/5], Batch [211/300], Loss: 1.0086 (Overall: 0.7104, Change: 0.9595), TF Ratio: 0.718
[2026-06-16 06:12:45,018][root][INFO] - Epoch [5/5], Batch [212/300], Loss: 1.0076 (Overall: 0.7230, Change: 0.8495), TF Ratio: 0.718
[2026-06-16 06:12:45,172][root][INFO] - Epoch [5/5], Batch [213/300], Loss: 1.0072 (Overall: 0.6401, Change: 1.2206), TF Ratio: 0.717
[2026-06-16 06:12:54,857][root][INFO] - Epoch [5/5], Batch [214/300], Loss: 1.0068 (Overall: 0.7839, Change: 1.0711), TF Ratio: 0.717
[2026-06-16 06:12:55,012][root][INFO] - Epoch [5/5], Batch [215/300], Loss: 1.0054 (Overall: 0.6133, Change: 0.7943), TF Ratio: 0.717
[2026-06-16 06:12:55,182][root][INFO] - Epoch [5/5], Batch [216/300], Loss: 1.0041 (Overall: 0.5222, Change: 0.9160), TF Ratio: 0.717
[2026-06-16 06:12:55,335][root][INFO] - Epoch [5/5], Batch [217/300], Loss: 1.0042 (Overall: 0.7042, Change: 1.3395), TF Ratio: 0.717
[2026-06-16 06:12:55,488][root][INFO] - Epoch [5/5], Batch [218/300], Loss: 1.0037 (Overall: 0.4453, Change: 1.3572), TF Ratio: 0.716
[2026-06-16 06:12:55,643][root][INFO] - Epoch [5/5], Batch [219/300], Loss: 1.0012 (Overall: 0.4106, Change: 0.4861), TF Ratio: 0.716
[2026-06-16 06:12:58,620][root][INFO] - Epoch [5/5], Batch [220/300], Loss: 1.0004 (Overall: 0.4901, Change: 1.1651), TF Ratio: 0.716
[2026-06-16 06:12:58,776][root][INFO] - Epoch [5/5], Batch [221/300], Loss: 0.9999 (Overall: 0.6896, Change: 1.1117), TF Ratio: 0.716
[2026-06-16 06:12:58,930][root][INFO] - Epoch [5/5], Batch [222/300], Loss: 0.9990 (Overall: 0.5940, Change: 0.9933), TF Ratio: 0.716
[2026-06-16 06:12:59,083][root][INFO] - Epoch [5/5], Batch [223/300], Loss: 1.0002 (Overall: 1.0522, Change: 1.4850), TF Ratio: 0.715
[2026-06-16 06:12:59,256][root][INFO] - Epoch [5/5], Batch [224/300], Loss: 1.0004 (Overall: 0.8166, Change: 1.2426), TF Ratio: 0.715
[2026-06-16 06:12:59,411][root][INFO] - Epoch [5/5], Batch [225/300], Loss: 1.0002 (Overall: 0.8068, Change: 1.1191), TF Ratio: 0.715
[2026-06-16 06:13:09,350][root][INFO] - Epoch [5/5], Batch [226/300], Loss: 1.0015 (Overall: 1.3292, Change: 1.2623), TF Ratio: 0.715
[2026-06-16 06:13:09,504][root][INFO] - Epoch [5/5], Batch [227/300], Loss: 1.0018 (Overall: 0.8285, Change: 1.3312), TF Ratio: 0.715
[2026-06-16 06:13:09,676][root][INFO] - Epoch [5/5], Batch [228/300], Loss: 1.0014 (Overall: 0.5335, Change: 1.2488), TF Ratio: 0.714
[2026-06-16 06:13:09,829][root][INFO] - Epoch [5/5], Batch [229/300], Loss: 1.0010 (Overall: 0.6150, Change: 1.2216), TF Ratio: 0.714
[2026-06-16 06:13:09,982][root][INFO] - Epoch [5/5], Batch [230/300], Loss: 1.0014 (Overall: 0.5655, Change: 1.6240), TF Ratio: 0.714
[2026-06-16 06:13:10,136][root][INFO] - Epoch [5/5], Batch [231/300], Loss: 1.0005 (Overall: 0.4249, Change: 1.1834), TF Ratio: 0.714
[2026-06-16 06:13:12,300][root][INFO] - Epoch [5/5], Batch [232/300], Loss: 0.9996 (Overall: 0.5087, Change: 1.0734), TF Ratio: 0.714
[2026-06-16 06:13:12,456][root][INFO] - Epoch [5/5], Batch [233/300], Loss: 0.9993 (Overall: 0.6451, Change: 1.2002), TF Ratio: 0.713
[2026-06-16 06:13:12,609][root][INFO] - Epoch [5/5], Batch [234/300], Loss: 0.9997 (Overall: 0.9102, Change: 1.2741), TF Ratio: 0.713
[2026-06-16 06:13:12,763][root][INFO] - Epoch [5/5], Batch [235/300], Loss: 0.9997 (Overall: 0.6536, Change: 1.3247), TF Ratio: 0.713
[2026-06-16 06:13:12,936][root][INFO] - Epoch [5/5], Batch [236/300], Loss: 0.9999 (Overall: 0.8472, Change: 1.2872), TF Ratio: 0.713
[2026-06-16 06:13:13,091][root][INFO] - Epoch [5/5], Batch [237/300], Loss: 0.9984 (Overall: 0.4971, Change: 0.7812), TF Ratio: 0.713
[2026-06-16 06:13:24,187][root][INFO] - Epoch [5/5], Batch [238/300], Loss: 0.9976 (Overall: 0.7821, Change: 0.8184), TF Ratio: 0.712
[2026-06-16 06:13:24,341][root][INFO] - Epoch [5/5], Batch [239/300], Loss: 0.9980 (Overall: 0.7356, Change: 1.4616), TF Ratio: 0.712
[2026-06-16 06:13:24,513][root][INFO] - Epoch [5/5], Batch [240/300], Loss: 0.9992 (Overall: 0.7719, Change: 1.7761), TF Ratio: 0.712
[2026-06-16 06:13:24,667][root][INFO] - Epoch [5/5], Batch [241/300], Loss: 0.9994 (Overall: 0.6168, Change: 1.4701), TF Ratio: 0.712
[2026-06-16 06:13:24,822][root][INFO] - Epoch [5/5], Batch [242/300], Loss: 0.9990 (Overall: 0.4433, Change: 1.3624), TF Ratio: 0.712
[2026-06-16 06:13:24,975][root][INFO] - Epoch [5/5], Batch [243/300], Loss: 0.9999 (Overall: 0.6372, Change: 1.8249), TF Ratio: 0.711
[2026-06-16 06:13:27,242][root][INFO] - Epoch [5/5], Batch [244/300], Loss: 1.0001 (Overall: 0.7775, Change: 1.3031), TF Ratio: 0.711
[2026-06-16 06:13:27,399][root][INFO] - Epoch [5/5], Batch [245/300], Loss: 1.0004 (Overall: 0.5201, Change: 1.6595), TF Ratio: 0.711
[2026-06-16 06:13:27,552][root][INFO] - Epoch [5/5], Batch [246/300], Loss: 1.0006 (Overall: 0.5342, Change: 1.5407), TF Ratio: 0.711
[2026-06-16 06:13:27,705][root][INFO] - Epoch [5/5], Batch [247/300], Loss: 1.0002 (Overall: 0.7171, Change: 1.1166), TF Ratio: 0.711
[2026-06-16 06:13:27,873][root][INFO] - Epoch [5/5], Batch [248/300], Loss: 0.9996 (Overall: 0.6074, Change: 1.0901), TF Ratio: 0.710
[2026-06-16 06:13:28,026][root][INFO] - Epoch [5/5], Batch [249/300], Loss: 0.9997 (Overall: 0.7211, Change: 1.3172), TF Ratio: 0.710
[2026-06-16 06:13:39,291][root][INFO] - Epoch [5/5], Batch [250/300], Loss: 0.9991 (Overall: 0.4338, Change: 1.2566), TF Ratio: 0.710
[2026-06-16 06:13:39,445][root][INFO] - Epoch [5/5], Batch [251/300], Loss: 1.0015 (Overall: 1.2741, Change: 1.9218), TF Ratio: 0.710
[2026-06-16 06:13:39,619][root][INFO] - Epoch [5/5], Batch [252/300], Loss: 1.0016 (Overall: 0.6137, Change: 1.4671), TF Ratio: 0.710
[2026-06-16 06:13:39,773][root][INFO] - Epoch [5/5], Batch [253/300], Loss: 1.0011 (Overall: 0.6573, Change: 1.0727), TF Ratio: 0.709
[2026-06-16 06:13:39,927][root][INFO] - Epoch [5/5], Batch [254/300], Loss: 1.0016 (Overall: 0.5560, Change: 1.6817), TF Ratio: 0.709
[2026-06-16 06:13:40,079][root][INFO] - Epoch [5/5], Batch [255/300], Loss: 1.0019 (Overall: 1.0318, Change: 1.1460), TF Ratio: 0.709
[2026-06-16 06:13:40,861][root][INFO] - Epoch [5/5], Batch [256/300], Loss: 1.0019 (Overall: 0.5312, Change: 1.4850), TF Ratio: 0.709
[2026-06-16 06:13:41,015][root][INFO] - Epoch [5/5], Batch [257/300], Loss: 1.0023 (Overall: 0.5182, Change: 1.6986), TF Ratio: 0.709
[2026-06-16 06:13:41,168][root][INFO] - Epoch [5/5], Batch [258/300], Loss: 1.0020 (Overall: 0.5260, Change: 1.2912), TF Ratio: 0.708
[2026-06-16 06:13:41,322][root][INFO] - Epoch [5/5], Batch [259/300], Loss: 1.0046 (Overall: 1.8085, Change: 1.5297), TF Ratio: 0.708
[2026-06-16 06:13:41,503][root][INFO] - Epoch [5/5], Batch [260/300], Loss: 1.0053 (Overall: 0.7794, Change: 1.5939), TF Ratio: 0.708
[2026-06-16 06:13:41,656][root][INFO] - Epoch [5/5], Batch [261/300], Loss: 1.0055 (Overall: 0.6085, Change: 1.5204), TF Ratio: 0.708
[2026-06-16 06:13:53,294][root][INFO] - Epoch [5/5], Batch [262/300], Loss: 1.0057 (Overall: 0.7791, Change: 1.3444), TF Ratio: 0.708
[2026-06-16 06:13:53,447][root][INFO] - Epoch [5/5], Batch [263/300], Loss: 1.0046 (Overall: 0.6226, Change: 0.8351), TF Ratio: 0.707
[2026-06-16 06:13:53,620][root][INFO] - Epoch [5/5], Batch [264/300], Loss: 1.0041 (Overall: 0.5995, Change: 1.1410), TF Ratio: 0.707
[2026-06-16 06:13:53,775][root][INFO] - Epoch [5/5], Batch [265/300], Loss: 1.0039 (Overall: 0.6936, Change: 1.1961), TF Ratio: 0.707
[2026-06-16 06:13:53,929][root][INFO] - Epoch [5/5], Batch [266/300], Loss: 1.0042 (Overall: 0.8233, Change: 1.3185), TF Ratio: 0.707
[2026-06-16 06:13:54,082][root][INFO] - Epoch [5/5], Batch [267/300], Loss: 1.0048 (Overall: 0.5146, Change: 1.8504), TF Ratio: 0.707
[2026-06-16 06:13:54,259][root][INFO] - Epoch [5/5], Batch [268/300], Loss: 1.0056 (Overall: 0.7650, Change: 1.6744), TF Ratio: 0.706
[2026-06-16 06:13:54,415][root][INFO] - Epoch [5/5], Batch [269/300], Loss: 1.0057 (Overall: 0.8120, Change: 1.2139), TF Ratio: 0.706
[2026-06-16 06:13:54,570][root][INFO] - Epoch [5/5], Batch [270/300], Loss: 1.0057 (Overall: 0.5658, Change: 1.4489), TF Ratio: 0.706
[2026-06-16 06:13:54,723][root][INFO] - Epoch [5/5], Batch [271/300], Loss: 1.0063 (Overall: 1.3438, Change: 1.0334), TF Ratio: 0.706
[2026-06-16 06:13:54,896][root][INFO] - Epoch [5/5], Batch [272/300], Loss: 1.0062 (Overall: 0.6237, Change: 1.3292), TF Ratio: 0.706
[2026-06-16 06:13:55,051][root][INFO] - Epoch [5/5], Batch [273/300], Loss: 1.0070 (Overall: 0.7321, Change: 1.6811), TF Ratio: 0.705
[2026-06-16 06:14:07,301][root][INFO] - Epoch [5/5], Batch [274/300], Loss: 1.0073 (Overall: 0.7541, Change: 1.4158), TF Ratio: 0.705
[2026-06-16 06:14:07,455][root][INFO] - Epoch [5/5], Batch [275/300], Loss: 1.0077 (Overall: 0.6839, Change: 1.5704), TF Ratio: 0.705
[2026-06-16 06:14:07,624][root][INFO] - Epoch [5/5], Batch [276/300], Loss: 1.0080 (Overall: 0.7569, Change: 1.4174), TF Ratio: 0.705
[2026-06-16 06:14:07,779][root][INFO] - Epoch [5/5], Batch [277/300], Loss: 1.0069 (Overall: 0.4709, Change: 0.9643), TF Ratio: 0.705
[2026-06-16 06:14:07,934][root][INFO] - Epoch [5/5], Batch [278/300], Loss: 1.0067 (Overall: 0.5691, Change: 1.3094), TF Ratio: 0.704
[2026-06-16 06:14:08,087][root][INFO] - Epoch [5/5], Batch [279/300], Loss: 1.0081 (Overall: 1.1992, Change: 1.6240), TF Ratio: 0.704
[2026-06-16 06:14:08,260][root][INFO] - Epoch [5/5], Batch [280/300], Loss: 1.0083 (Overall: 0.6766, Change: 1.4290), TF Ratio: 0.704
[2026-06-16 06:14:08,414][root][INFO] - Epoch [5/5], Batch [281/300], Loss: 1.0085 (Overall: 0.6322, Change: 1.5221), TF Ratio: 0.704
[2026-06-16 06:14:08,566][root][INFO] - Epoch [5/5], Batch [282/300], Loss: 1.0090 (Overall: 0.8362, Change: 1.4198), TF Ratio: 0.704
[2026-06-16 06:14:08,720][root][INFO] - Epoch [5/5], Batch [283/300], Loss: 1.0083 (Overall: 0.6029, Change: 1.0633), TF Ratio: 0.703
[2026-06-16 06:14:08,890][root][INFO] - Epoch [5/5], Batch [284/300], Loss: 1.0083 (Overall: 0.6998, Change: 1.2988), TF Ratio: 0.703
[2026-06-16 06:14:09,046][root][INFO] - Epoch [5/5], Batch [285/300], Loss: 1.0087 (Overall: 1.0680, Change: 1.1843), TF Ratio: 0.703
[2026-06-16 06:14:21,610][root][INFO] - Epoch [5/5], Batch [286/300], Loss: 1.0085 (Overall: 0.6215, Change: 1.2436), TF Ratio: 0.703
[2026-06-16 06:14:21,764][root][INFO] - Epoch [5/5], Batch [287/300], Loss: 1.0084 (Overall: 0.5922, Change: 1.4155), TF Ratio: 0.703
[2026-06-16 06:14:21,933][root][INFO] - Epoch [5/5], Batch [288/300], Loss: 1.0088 (Overall: 0.7313, Change: 1.4793), TF Ratio: 0.702
[2026-06-16 06:14:22,086][root][INFO] - Epoch [5/5], Batch [289/300], Loss: 1.0084 (Overall: 0.5683, Change: 1.2223), TF Ratio: 0.702
[2026-06-16 06:14:22,239][root][INFO] - Epoch [5/5], Batch [290/300], Loss: 1.0079 (Overall: 0.5049, Change: 1.2562), TF Ratio: 0.702
[2026-06-16 06:14:22,391][root][INFO] - Epoch [5/5], Batch [291/300], Loss: 1.0079 (Overall: 0.7076, Change: 1.2555), TF Ratio: 0.702
[2026-06-16 06:14:22,572][root][INFO] - Epoch [5/5], Batch [292/300], Loss: 1.0080 (Overall: 0.9228, Change: 1.1517), TF Ratio: 0.702
[2026-06-16 06:14:22,726][root][INFO] - Epoch [5/5], Batch [293/300], Loss: 1.0084 (Overall: 0.8207, Change: 1.4641), TF Ratio: 0.701
[2026-06-16 06:14:22,879][root][INFO] - Epoch [5/5], Batch [294/300], Loss: 1.0089 (Overall: 0.6123, Change: 1.7065), TF Ratio: 0.701
[2026-06-16 06:14:23,032][root][INFO] - Epoch [5/5], Batch [295/300], Loss: 1.0097 (Overall: 0.6562, Change: 1.7984), TF Ratio: 0.701
[2026-06-16 06:14:23,201][root][INFO] - Epoch [5/5], Batch [296/300], Loss: 1.0093 (Overall: 0.6173, Change: 1.1922), TF Ratio: 0.701
[2026-06-16 06:14:23,354][root][INFO] - Epoch [5/5], Batch [297/300], Loss: 1.0093 (Overall: 0.7926, Change: 1.2061), TF Ratio: 0.701
[2026-06-16 06:14:37,035][root][INFO] - Epoch [5/5], Batch [298/300], Loss: 1.0089 (Overall: 0.7939, Change: 0.9865), TF Ratio: 0.700
[2026-06-16 06:14:37,187][root][INFO] - Epoch [5/5], Batch [299/300], Loss: 1.0090 (Overall: 0.8790, Change: 1.1847), TF Ratio: 0.700
[2026-06-16 06:14:37,353][root][INFO] - Epoch [5/5], Batch [300/300], Loss: 1.0090 (Overall: 0.7343, Change: 1.3047), TF Ratio: 0.700
[2026-06-16 06:14:49,987][root][INFO] - Epoch 5 done. Validating...
[2026-06-16 06:15:20,573][root][INFO] - Epoch [5/5] | Train: 0.9955 | Val: 0.6692
[2026-06-16 06:15:20,859][root][INFO] - Checkpoint saved: /gpfs/scratch/bsc32/bsc096444/ai4land-tfm/trained_models/unet_impl/41825153/best_model.pth
[2026-06-16 06:15:21,075][root][INFO] - Checkpoint saved: /gpfs/scratch/bsc32/bsc096444/ai4land-tfm/trained_models/unet_impl/41825153/model_epoch_5.pth
[2026-06-16 06:15:22,006][root][INFO] - Training complete.
