epoch,batch,delta_s
1,2,0.199
1,3,0.152
1,4,0.477
1,5,0.160
1,6,0.166
1,7,0.155
1,8,0.173
1,9,0.153
1,10,0.152
1,11,0.152
1,12,0.164
1,13,0.179
1,14,0.153
1,15,0.152
1,16,0.156
1,17,0.185
1,18,0.152
1,19,0.358
1,20,0.164
1,21,0.154
1,22,0.154
1,23,0.153
1,24,0.154
1,25,0.155
1,26,0.152
1,27,0.152
1,28,0.154
1,29,0.155
1,30,0.154
1,31,0.153
1,32,0.162
1,33,0.159
1,34,0.157
1,35,0.152
1,36,0.157
1,37,0.160
1,38,0.153
1,39,0.152
1,40,1.300
1,41,0.157
1,42,0.152
1,43,0.153
1,44,0.164
1,45,0.154
1,46,0.158
1,47,0.152
1,48,0.164
1,49,0.153
1,50,0.152
1,51,0.152
1,52,2.906
1,53,0.155
1,54,0.152
1,55,0.153
1,56,0.186
1,57,0.154
1,58,0.155
1,59,0.153
1,60,0.153
1,61,0.153
1,62,0.153
1,63,0.161
1,64,0.525
1,65,0.153
1,66,0.152
1,67,0.153
1,68,0.166
1,69,0.155
1,70,0.152
1,71,0.154
1,72,0.170
1,73,0.154
1,74,0.152
1,75,0.158
1,76,1.727
1,77,0.153
1,78,0.153
1,79,0.153
1,80,0.163
1,81,0.157
1,82,0.151
1,83,0.152
1,84,0.170
1,85,0.153
1,86,0.156
1,87,0.153
1,88,2.336
1,89,0.155
1,90,0.153
1,91,0.153
1,92,0.168
1,93,0.157
1,94,0.152
1,95,0.152
1,96,0.161
1,97,0.153
1,98,0.153
1,99,0.152
1,100,2.115
1,101,0.164
1,102,0.160
1,103,0.152
1,104,0.155
1,105,0.153
1,106,0.153
1,107,0.152
1,108,0.158
1,109,0.153
1,110,0.153
1,111,0.153
1,112,3.075
1,113,0.155
1,114,0.152
1,115,0.152
1,116,0.172
1,117,0.155
1,118,0.153
1,119,0.164
1,120,0.153
1,121,0.160
1,122,0.152
1,123,0.152
1,124,1.720
1,125,0.155
1,126,0.152
1,127,0.152
1,128,0.172
1,129,0.155
1,130,0.156
1,131,0.152
1,132,0.154
1,133,0.154
1,134,0.166
1,135,0.152
1,136,1.502
1,137,0.156
1,138,0.151
1,139,0.152
1,140,0.160
1,141,0.153
1,142,0.153
1,143,0.152
1,144,0.176
1,145,0.157
1,146,0.152
1,147,0.152
1,148,1.767
1,149,0.154
1,150,0.153
1,151,0.169
1,152,0.177
1,153,0.154
1,154,0.153
1,155,0.152
1,156,0.175
1,157,0.153
1,158,0.152
1,159,0.152
1,160,1.784
1,161,0.154
1,162,0.152
1,163,0.153
1,164,0.175
1,165,0.152
1,166,0.159
1,167,0.153
1,168,0.155
1,169,0.153
1,170,0.152
1,171,0.154
1,172,1.863
1,173,0.369
1,174,0.159
1,175,0.153
1,176,0.154
1,177,0.154
1,178,0.154
1,179,0.154
1,180,0.161
1,181,0.154
1,182,0.153
1,183,0.153
1,184,1.358
1,185,0.153
1,186,0.153
1,187,0.158
1,188,0.155
1,189,0.153
1,190,0.152
1,191,0.580
1,192,0.153
1,193,0.154
1,194,0.152
1,195,0.153
1,196,1.167
1,197,0.153
1,198,0.153
1,199,0.152
1,200,0.156
1,201,0.154
1,202,0.152
1,203,0.994
1,204,0.163
1,205,0.153
1,206,0.154
1,207,0.152
1,208,0.721
1,209,0.152
1,210,0.153
1,211,0.163
1,212,0.160
1,213,0.153
1,214,0.152
1,215,1.548
1,216,0.156
1,217,0.153
1,218,0.153
1,219,0.152
1,220,0.163
1,221,0.153
1,222,0.152
1,223,0.152
1,224,0.163
1,225,0.153
1,226,0.152
1,227,2.033
1,228,0.154
1,229,0.156
1,230,0.152
1,231,0.152
1,232,0.166
1,233,0.159
1,234,0.152
1,235,0.154
1,236,0.164
1,237,0.156
1,238,0.152
1,239,1.889
1,240,0.153
1,241,0.157
1,242,0.154
1,243,0.153
1,244,0.173
1,245,0.153
1,246,0.151
1,247,0.152
1,248,0.168
1,249,0.153
1,250,0.152
1,251,2.400
1,252,0.154
1,253,0.154
1,254,0.152
1,255,0.152
1,256,0.196
1,257,0.152
1,258,0.152
1,259,0.152
1,260,0.158
1,261,0.154
1,262,0.154
1,263,1.991
1,264,0.153
1,265,0.154
1,266,0.153
1,267,0.155
1,268,0.697
1,269,0.162
1,270,0.151
1,271,0.152
1,272,0.163
1,273,0.152
1,274,0.153
1,275,1.419
1,276,0.153
1,277,0.154
1,278,0.162
1,279,0.152
1,280,0.164
1,281,0.157
1,282,0.153
1,283,0.152
1,284,0.166
1,285,0.153
1,286,0.152
1,287,1.371
1,288,0.153
1,289,0.153
1,290,0.155
1,291,0.152
1,292,0.164
1,293,0.152
1,294,0.171
1,295,0.152
1,296,0.163
1,297,0.162
1,298,0.152
1,299,1.578
1,300,0.164
1,301,0.157
1,302,0.153
1,303,0.152
1,304,0.182
1,305,0.153
1,306,0.152
1,307,0.153
1,308,0.162
1,309,0.153
1,310,0.152
1,311,1.677
1,312,0.162
1,313,0.154
1,314,0.152
1,315,0.152
1,316,0.192
1,317,0.172
1,318,0.152
1,319,0.152
1,320,0.154
1,321,0.154
1,322,0.153
1,323,1.779
1,324,0.154
1,325,0.152
1,326,0.154
1,327,0.153
1,328,0.156
1,329,0.153
1,330,0.152
1,331,0.152
1,332,0.167
1,333,0.154
1,334,0.153
1,335,1.287
1,336,0.155
1,337,0.157
1,338,0.152
1,339,0.160
1,340,0.159
1,341,0.154
1,342,0.152
1,343,0.154
1,344,0.157
1,345,0.154
1,346,0.153
1,347,1.599
1,348,0.155
1,349,0.153
1,350,0.154
1,351,0.152
1,352,0.155
1,353,0.168
1,354,0.153
1,355,0.152
1,356,0.154
1,357,0.154
1,358,0.152
1,359,1.628
1,360,0.156
1,361,0.153
1,362,0.163
1,363,0.152
1,364,0.161
1,365,0.157
1,366,0.152
1,367,0.152
1,368,0.158
1,369,0.153
1,370,0.152
1,371,2.226
1,372,0.156
1,373,0.154
1,374,0.160
1,375,0.152
1,376,0.162
1,377,0.152
1,378,0.160
1,379,0.151
1,380,0.154
1,381,0.153
1,382,0.153
1,383,1.376
1,384,0.154
1,385,0.152
1,386,0.160
1,387,0.152
1,388,0.155
1,389,0.154
1,390,0.152
1,391,0.158
1,392,0.158
1,393,0.153
1,394,0.152
1,395,1.629
1,396,0.154
1,397,0.154
1,398,0.153
1,399,0.156
1,400,0.155
1,401,0.155
1,402,0.152
1,403,0.152
1,404,0.155
1,405,0.153
1,406,0.152
1,407,1.353
1,408,0.154
1,409,0.154
1,410,0.155
1,411,0.152
1,412,0.162
1,413,0.153
1,414,0.152
1,415,0.153
1,416,0.154
1,417,0.154
1,418,0.152
1,419,2.125
1,420,0.177
1,421,0.153
1,422,0.153
1,423,0.153
1,424,0.166
1,425,0.162
1,426,0.152
1,427,0.152
1,428,0.167
1,429,0.155
1,430,0.154
1,431,2.057
1,432,0.165
1,433,0.152
1,434,0.153
1,435,0.151
1,436,0.156
1,437,0.152
1,438,0.152
1,439,0.152
1,440,0.160
1,441,0.154
1,442,0.152
1,443,1.672
1,444,0.155
1,445,0.154
1,446,0.153
1,447,0.151
1,448,0.162
1,449,0.153
1,450,0.153
1,451,0.152
1,452,0.178
1,453,0.153
1,454,0.152
1,455,1.505
1,456,0.154
1,457,0.153
1,458,0.152
1,459,0.152
1,460,0.156
1,461,0.153
1,462,0.153
1,463,0.152
1,464,0.168
1,465,0.153
1,466,0.152
1,467,1.651
1,468,0.154
1,469,0.153
1,470,0.157
1,471,0.155
1,472,0.159
1,473,0.163
1,474,0.153
1,475,0.152
1,476,0.173
1,477,0.153
1,478,0.155
1,479,1.429
1,480,0.166
1,481,0.155
1,482,0.152
1,483,0.153
1,484,0.153
1,485,0.154
1,486,0.161
1,487,0.152
1,488,0.164
1,489,0.153
1,490,0.152
1,491,1.307
1,492,0.155
1,493,0.154
1,494,0.152
1,495,0.159
1,496,0.154
1,497,0.164
1,498,0.151
1,499,0.159
1,500,0.153
1,501,0.153
1,502,0.151
1,503,1.733
1,504,0.155
1,505,0.153
1,506,0.153
1,507,0.152
1,508,0.154
1,509,0.153
1,510,0.154
1,511,0.153
1,512,0.166
1,513,0.152
1,514,0.152
1,515,1.754
1,516,0.161
1,517,0.154
1,518,0.152
1,519,0.152
1,520,0.160
1,521,0.153
1,522,0.166
1,523,0.153
1,524,0.158
1,525,0.154
1,526,0.153
1,527,1.288
1,528,0.155
1,529,0.153
1,530,0.153
1,531,0.160
1,532,0.154
1,533,0.154
1,534,0.156
1,535,0.158
1,536,0.154
1,537,0.153
1,538,0.153
1,539,1.416
1,540,0.154
1,541,0.153
1,542,0.152
1,543,0.152
1,544,0.155
1,545,0.154
1,546,0.155
1,547,0.152
1,548,0.155
1,549,0.153
1,550,0.152
1,551,1.626
1,552,0.153
1,553,0.153
1,554,0.159
1,555,0.152
1,556,0.154
1,557,0.154
1,558,0.162
1,559,0.159
1,560,0.168
1,561,0.153
1,562,0.153
1,563,1.523
1,564,0.154
1,565,0.154
1,566,0.152
1,567,0.153
1,568,0.160
1,569,0.160
1,570,0.155
1,571,0.161
1,572,0.153
1,573,0.154
1,574,0.152
1,575,1.663
1,576,0.155
1,577,0.156
1,578,0.152
1,579,0.154
1,580,0.160
1,581,0.167
1,582,0.163
1,583,0.152
1,584,0.154
1,585,0.154
1,586,0.152
1,587,1.807
1,588,0.154
1,589,0.154
1,590,0.157
1,591,0.152
1,592,0.177
1,593,0.152
1,594,0.152
1,595,0.154
1,596,0.157
1,597,0.153
1,598,0.152
1,599,1.537
1,600,0.153
1,601,0.154
1,602,0.154
1,603,0.152
1,604,0.154
1,605,0.164
1,606,0.152
1,607,0.157
1,608,0.153
1,609,0.153
1,610,0.153
1,611,1.457
1,612,0.154
1,613,0.152
1,614,0.153
1,615,0.153
1,616,0.153
1,617,0.159
1,618,0.152
1,619,0.153
1,620,0.152
1,621,0.153
1,622,0.153
1,623,1.594
1,624,0.155
1,625,0.152
1,626,0.153
1,627,0.152
1,628,0.163
1,629,0.159
1,630,0.152
1,631,0.167
1,632,0.162
1,633,0.154
1,634,0.151
1,635,2.059
1,636,0.153
1,637,0.153
1,638,0.152
1,639,0.152
1,640,0.173
1,641,0.152
1,642,0.152
1,643,0.152
1,644,0.173
1,645,0.152
1,646,0.152
1,647,1.694
1,648,0.159
1,649,0.154
1,650,0.161
1,651,0.151
1,652,0.154
1,653,0.152
1,654,0.153
1,655,0.152
1,656,0.180
1,657,0.154
1,658,0.151
1,659,1.795
1,660,0.153
1,661,0.154
1,662,0.153
1,663,0.180
1,664,0.153
1,665,0.152
1,666,0.152
1,667,0.152
1,668,0.162
1,669,0.153
1,670,0.161
1,671,0.897
1,672,0.154
1,673,0.153
1,674,0.154
1,675,0.153
1,676,0.153
1,677,0.153
1,678,0.164
1,679,0.158
1,680,0.160
1,681,0.153
1,682,0.152
1,683,1.710
1,684,0.155
1,685,0.153
1,686,0.152
1,687,0.153
1,688,0.173
1,689,0.153
1,690,0.162
1,691,0.159
1,692,0.153
1,693,0.153
1,694,0.152
1,695,1.420
1,696,0.155
1,697,0.160
1,698,0.152
1,699,0.152
1,700,0.153
1,701,0.155
1,702,0.152
1,703,0.156
1,704,0.161
1,705,0.152
1,706,0.152
1,707,0.989
1,708,0.154
1,709,0.154
1,710,0.152
1,711,0.152
1,712,0.157
1,713,0.153
1,714,0.160
1,715,0.153
1,716,0.153
1,717,0.159
1,718,0.153
1,719,1.624
1,720,0.154
1,721,0.153
1,722,0.152
1,723,0.152
1,724,0.178
1,725,0.154
1,726,0.153
1,727,0.152
1,728,0.169
1,729,0.166
1,730,0.151
1,731,1.317
1,732,0.154
1,733,0.154
1,734,0.152
1,735,0.152
1,736,0.160
1,737,0.153
1,738,0.152
1,739,0.152
1,740,0.165
1,741,0.154
1,742,0.152
1,743,1.577
1,744,0.154
1,745,0.154
1,746,0.152
1,747,0.153
1,748,0.155
1,749,0.154
1,750,0.152
1,751,0.157
1,752,0.160
1,753,0.165
1,754,0.153
1,755,1.251
1,756,0.153
1,757,0.153
1,758,0.152
1,759,0.166
1,760,0.157
1,761,0.168
1,762,0.152
1,763,0.161
1,764,0.153
1,765,0.158
1,766,0.152
1,767,1.034
1,768,0.153
1,769,0.153
1,770,0.152
1,771,0.153
1,772,0.163
1,773,0.152
1,774,0.153
1,775,0.152
1,776,0.178
1,777,0.159
1,778,0.166
1,779,1.661
1,780,0.154
1,781,0.153
1,782,0.152
1,783,0.152
1,784,0.156
1,785,0.155
1,786,0.152
1,787,0.153
1,788,0.158
1,789,0.158
1,790,0.152
1,791,2.402
1,792,0.153
1,793,0.154
1,794,0.152
1,795,0.152
1,796,0.176
1,797,0.153
1,798,0.156
1,799,0.152
1,800,0.164
1,801,0.153
1,802,0.152
1,803,1.355
1,804,0.156
1,805,0.155
1,806,0.152
1,807,0.151
1,808,0.164
1,809,0.152
1,810,0.152
1,811,0.153
1,812,0.173
1,813,0.160
1,814,0.152
1,815,1.354
1,816,0.154
1,817,0.153
1,818,0.154
1,819,0.152
1,820,0.183
1,821,0.153
1,822,0.152
1,823,0.152
1,824,0.183
1,825,0.153
1,826,0.152
1,827,1.433
1,828,0.153
1,829,0.156
1,830,0.152
1,831,0.162
1,832,0.162
1,833,0.154
1,834,0.161
1,835,0.152
1,836,0.166
1,837,0.153
1,838,0.153
1,839,1.657
1,840,0.154
1,841,0.152
1,842,0.153
1,843,0.152
1,844,0.168
1,845,0.153
1,846,0.152
1,847,0.152
1,848,0.159
1,849,0.153
1,850,0.156
1,851,1.707
1,852,0.154
1,853,0.153
1,854,0.152
1,855,0.160
1,856,0.157
1,857,0.153
1,858,0.151
1,859,0.153
1,860,0.162
1,861,0.154
1,862,0.153
1,863,1.700
1,864,0.170
1,865,0.154
1,866,0.165
1,867,0.152
1,868,0.153
1,869,0.163
1,870,0.153
1,871,0.151
1,872,0.171
1,873,0.153
1,874,0.151
1,875,1.429
1,876,0.154
1,877,0.153
1,878,0.153
1,879,0.164
1,880,0.159
1,881,0.153
1,882,0.152
1,883,0.170
1,884,0.153
1,885,0.152
1,886,0.169
1,887,1.514
1,888,0.155
1,889,0.154
1,890,0.152
1,891,0.152
1,892,0.167
1,893,0.153
1,894,0.152
1,895,0.161
1,896,0.157
1,897,0.155
1,898,0.152
1,899,1.321
1,900,0.153
1,901,0.153
1,902,0.153
1,903,0.152
1,904,0.164
1,905,0.153
1,906,0.155
1,907,0.152
1,908,0.167
1,909,0.154
1,910,0.163
1,911,1.703
1,912,0.159
1,913,0.153
1,914,0.153
1,915,0.154
1,916,0.159
1,917,0.153
1,918,0.160
1,919,0.153
1,920,0.164
1,921,0.162
1,922,0.156
1,923,1.630
1,924,0.153
1,925,0.153
1,926,0.153
1,927,0.152
1,928,0.162
1,929,0.154
1,930,0.151
1,931,0.165
1,932,0.158
1,933,0.153
1,934,0.154
1,935,2.091
1,936,0.154
1,937,0.164
1,938,0.151
1,939,0.153
1,940,0.153
1,941,0.153
1,942,0.152
1,943,0.153
1,944,0.156
1,945,0.153
1,946,0.153
1,947,1.760
1,948,0.155
1,949,0.163
1,950,0.151
1,951,0.152
1,952,0.165
1,953,0.152
1,954,0.153
1,955,0.153
1,956,0.166
1,957,0.153
1,958,0.152
1,959,1.464
1,960,0.154
1,961,0.152
1,962,0.153
1,963,0.164
1,964,0.154
1,965,0.160
1,966,0.152
1,967,0.154
1,968,0.153
1,969,0.154
1,970,0.153
1,971,1.264
1,972,0.154
1,973,0.152
1,974,0.160
1,975,0.153
1,976,0.153
1,977,0.154
1,978,0.152
1,979,0.166
1,980,0.154
1,981,0.160
1,982,0.153
1,983,1.475
1,984,0.163
1,985,0.153
1,986,0.152
1,987,0.154
1,988,0.160
1,989,0.152
1,990,0.160
1,991,0.153
1,992,0.166
1,993,0.153
1,994,0.151
1,995,1.486
1,996,0.153
1,997,0.154
1,998,0.156
1,999,0.153
1,1000,0.165
1,1001,0.157
1,1002,0.152
1,1003,0.152
1,1004,0.174
1,1005,0.166
1,1006,0.161
1,1007,1.511
1,1008,0.155
1,1009,0.153
1,1010,0.153
1,1011,0.152
1,1012,0.158
1,1013,0.158
1,1014,0.158
1,1015,0.151
1,1016,0.159
1,1017,0.162
1,1018,0.152
1,1019,1.376
1,1020,0.155
1,1021,0.153
1,1022,0.152
1,1023,0.152
1,1024,0.156
1,1025,0.153
1,1026,0.153
1,1027,0.155
1,1028,0.161
1,1029,0.165
1,1030,0.153
1,1031,1.507
1,1032,0.161
1,1033,0.159
1,1034,0.152
1,1035,0.154
1,1036,0.158
1,1037,0.153
1,1038,0.159
1,1039,0.167
1,1040,0.157
1,1041,0.153
1,1042,0.154
1,1043,1.559
1,1044,0.163
1,1045,0.154
1,1046,0.153
1,1047,0.152
1,1048,0.183
1,1049,0.154
1,1050,0.159
1,1051,0.152
1,1052,0.162
1,1053,0.152
1,1054,0.152
1,1055,1.469
1,1056,0.155
1,1057,0.153
1,1058,0.154
1,1059,0.157
1,1060,0.165
1,1061,0.153
1,1062,0.153
1,1063,0.154
1,1064,0.167
1,1065,0.154
1,1066,0.153
1,1067,1.276
1,1068,0.154
1,1069,0.153
1,1070,0.155
1,1071,0.152
1,1072,0.167
1,1073,0.153
1,1074,0.164
1,1075,0.152
1,1076,0.164
1,1077,0.153
1,1078,0.152
1,1079,1.446
1,1080,0.157
1,1081,0.153
1,1082,0.161
1,1083,0.161
1,1084,0.162
1,1085,0.154
1,1086,0.152
1,1087,0.152
1,1088,0.194
1,1089,0.152
1,1090,0.152
1,1091,1.796
1,1092,0.154
1,1093,0.153
1,1094,0.154
1,1095,0.152
1,1096,0.164
1,1097,0.152
1,1098,0.152
1,1099,0.153
1,1100,0.170
1,1101,0.153
1,1102,0.152
1,1103,1.273
1,1104,0.155
1,1105,0.154
1,1106,0.153
1,1107,0.152
1,1108,0.167
1,1109,0.154
1,1110,0.154
1,1111,0.166
1,1112,0.153
1,1113,0.163
1,1114,0.157
1,1115,1.698
1,1116,0.155
1,1117,0.154
1,1118,0.160
1,1119,0.163
1,1120,0.153
1,1121,0.153
1,1122,0.152
1,1123,0.153
1,1124,0.170
1,1125,0.152
1,1126,0.153
1,1127,1.108
1,1128,0.154
1,1129,0.152
1,1130,0.152
1,1131,0.152
1,1132,0.164
1,1133,0.153
1,1134,0.152
1,1135,0.152
1,1136,0.165
1,1137,0.153
1,1138,0.162
1,1139,1.654
1,1140,0.153
1,1141,0.153
1,1142,0.169
1,1143,0.152
1,1144,0.156
1,1145,0.152
1,1146,0.153
1,1147,0.152
1,1148,0.160
1,1149,0.154
1,1150,0.159
1,1151,1.313
1,1152,0.156
1,1153,0.152
1,1154,0.153
1,1155,0.153
1,1156,0.165
1,1157,0.160
1,1158,0.151
1,1159,0.159
1,1160,0.153
1,1161,0.164
1,1162,0.153
1,1163,1.184
1,1164,0.156
1,1165,0.153
1,1166,0.152
1,1167,0.153
1,1168,0.182
1,1169,0.153
1,1170,0.152
1,1171,0.156
1,1172,0.152
1,1173,0.154
1,1174,0.154
1,1175,1.375
1,1176,0.157
1,1177,0.154
1,1178,0.152
1,1179,0.152
1,1180,0.162
1,1181,0.153
1,1182,0.153
1,1183,0.153
1,1184,0.176
1,1185,0.154
1,1186,0.152
1,1187,1.643
1,1188,0.154
1,1189,0.153
1,1190,0.152
1,1191,0.152
1,1192,0.163
1,1193,0.152
1,1194,0.157
1,1195,0.161
1,1196,0.162
1,1197,0.154
1,1198,0.152
1,1199,1.527
1,1200,0.154
1,1201,0.153
1,1202,0.152
1,1203,0.153
1,1204,0.165
1,1205,0.152
1,1206,0.152
1,1207,0.152
1,1208,0.154
1,1209,0.153
1,1210,0.151
1,1211,1.579
1,1212,0.154
1,1213,0.154
1,1214,0.152
1,1215,0.161
1,1216,0.158
1,1217,0.154
1,1218,0.152
1,1219,0.156
1,1220,0.162
1,1221,0.153
1,1222,0.153
1,1223,1.462
1,1224,0.153
1,1225,0.153
1,1226,0.153
1,1227,0.154
1,1228,0.180
1,1229,0.163
1,1230,0.152
1,1231,0.152
1,1232,0.155
1,1233,0.153
1,1234,0.154
1,1235,1.539
1,1236,0.154
1,1237,0.154
1,1238,0.161
1,1239,0.152
1,1240,0.155
1,1241,0.157
1,1242,0.159
1,1243,0.152
1,1244,0.154
1,1245,0.159
1,1246,0.161
1,1247,1.737
1,1248,0.154
1,1249,0.153
1,1250,0.152
1,1251,0.152
1,1252,0.162
1,1253,0.152
1,1254,0.152
1,1255,0.153
1,1256,0.173
1,1257,0.152
1,1258,0.152
1,1259,1.684
1,1260,0.153
1,1261,0.153
1,1262,0.152
1,1263,0.152
1,1264,0.164
1,1265,0.153
1,1266,0.153
1,1267,0.155
1,1268,0.157
1,1269,0.153
1,1270,0.152
1,1271,2.572
1,1272,0.153
1,1273,0.154
1,1274,0.153
1,1275,0.152
1,1276,0.187
1,1277,0.153
1,1278,0.151
1,1279,0.152
1,1280,0.173
1,1281,0.153
1,1282,0.152
1,1283,1.221
1,1284,0.165
1,1285,0.153
1,1286,0.152
1,1287,0.157
1,1288,0.161
1,1289,0.153
1,1290,0.153
1,1291,0.153
1,1292,0.172
1,1293,0.152
1,1294,0.153
1,1295,1.634
1,1296,0.155
1,1297,0.153
1,1298,0.155
1,1299,0.152
1,1300,0.153
1,1301,0.155
1,1302,0.159
1,1303,0.151
1,1304,0.153
1,1305,0.154
1,1306,0.152
1,1307,1.555
1,1308,0.154
1,1309,0.155
1,1310,0.153
1,1311,0.152
1,1312,0.164
1,1313,0.154
1,1314,0.157
1,1315,0.152
1,1316,0.163
1,1317,0.153
1,1318,0.155
1,1319,1.356
1,1320,0.155
1,1321,0.154
1,1322,0.152
1,1323,0.153
1,1324,0.167
1,1325,0.165
1,1326,0.152
1,1327,0.152
1,1328,0.154
1,1329,0.162
1,1330,0.153
1,1331,1.457
1,1332,0.163
1,1333,0.154
1,1334,0.152
1,1335,0.153
1,1336,0.166
1,1337,0.153
1,1338,0.157
1,1339,0.153
1,1340,0.165
1,1341,0.152
1,1342,0.153
1,1343,1.297
1,1344,0.153
1,1345,0.155
1,1346,0.156
1,1347,0.152
1,1348,0.174
1,1349,0.154
1,1350,0.152
1,1351,0.153
1,1352,0.163
1,1353,0.153
1,1354,0.153
1,1355,1.520
1,1356,0.153
1,1357,0.153
1,1358,0.154
1,1359,0.152
1,1360,0.177
1,1361,0.153
1,1362,0.152
1,1363,0.153
1,1364,0.187
1,1365,0.153
1,1366,0.153
1,1367,1.817
1,1368,0.155
1,1369,0.152
1,1370,0.155
1,1371,0.168
1,1372,0.156
1,1373,0.153
1,1374,0.152
1,1375,0.153
1,1376,0.163
1,1377,0.153
1,1378,0.153
1,1379,1.439
1,1380,0.153
1,1381,0.153
1,1382,0.152
1,1383,0.154
1,1384,0.155
1,1385,0.155
1,1386,0.152
1,1387,0.152
1,1388,0.156
1,1389,0.155
1,1390,0.152
1,1391,1.464
1,1392,0.154
1,1393,0.154
1,1394,0.161
1,1395,0.153
1,1396,0.166
1,1397,0.159
1,1398,0.152
1,1399,0.152
1,1400,0.161
1,1401,0.153
1,1402,0.152
1,1403,1.048
1,1404,0.154
1,1405,0.154
1,1406,0.153
1,1407,0.153
1,1408,0.161
1,1409,0.155
1,1410,0.152
1,1411,0.160
1,1412,0.157
1,1413,0.153
1,1414,0.152
1,1415,1.653
1,1416,0.153
1,1417,0.152
1,1418,0.152
1,1419,0.153
1,1420,0.166
1,1421,0.153
1,1422,0.153
1,1423,0.152
1,1424,0.156
1,1425,0.152
1,1426,0.161
1,1427,1.583
1,1428,0.154
1,1429,0.153
1,1430,0.153
1,1431,0.152
1,1432,0.157
1,1433,0.153
1,1434,0.153
1,1435,0.153
1,1436,0.162
1,1437,0.153
1,1438,0.153
1,1439,1.391
1,1440,0.154
1,1441,0.154
1,1442,0.152
1,1443,0.152
1,1444,0.161
1,1445,0.153
1,1446,0.153
1,1447,0.153
1,1448,0.177
1,1449,0.153
1,1450,0.152
1,1451,1.274
1,1452,0.154
1,1453,0.156
1,1454,0.156
1,1455,0.158
1,1456,0.155
1,1457,0.152
1,1458,0.153
1,1459,0.154
1,1460,0.154
1,1461,0.154
1,1462,0.152
1,1463,1.356
1,1464,0.157
1,1465,0.158
1,1466,0.158
1,1467,0.153
1,1468,0.155
1,1469,0.153
1,1470,0.161
1,1471,0.158
1,1472,0.158
1,1473,0.154
1,1474,0.153
1,1475,1.212
1,1476,0.153
1,1477,0.155
1,1478,0.155
1,1479,0.153
1,1480,0.156
1,1481,0.154
1,1482,0.153
1,1483,0.152
1,1484,0.166
1,1485,0.154
1,1486,0.154
1,1487,1.708
1,1488,0.156
1,1489,0.176
1,1490,0.152
1,1491,0.155
1,1492,0.155
1,1493,0.155
1,1494,0.152
1,1495,0.154
1,1496,0.157
1,1497,0.158
1,1498,0.152
1,1499,1.246
1,1500,0.155
1,1501,0.154
1,1502,0.153
1,1503,0.152
1,1504,0.158
1,1505,0.177
1,1506,0.153
1,1507,0.152
1,1508,0.157
1,1509,0.160
1,1510,0.154
1,1511,1.767
1,1512,0.167
1,1513,0.155
1,1514,0.163
1,1515,0.152
1,1516,0.178
1,1517,0.153
1,1518,0.154
1,1519,0.154
1,1520,0.184
1,1521,0.153
1,1522,0.153
1,1523,1.415
1,1524,0.165
1,1525,0.154
1,1526,0.155
1,1527,0.152
1,1528,0.171
1,1529,0.153
1,1530,0.152
1,1531,0.154
1,1532,0.172
1,1533,0.153
1,1534,0.153
1,1535,1.550
1,1536,0.155
1,1537,0.166
1,1538,0.152
1,1539,0.152
1,1540,0.153
1,1541,0.163
1,1542,0.156
1,1543,0.152
1,1544,0.154
1,1545,0.164
1,1546,0.153
1,1547,1.890
1,1548,0.153
1,1549,0.153
1,1550,0.152
1,1551,0.154
1,1552,0.160
1,1553,0.159
1,1554,0.153
1,1555,0.152
1,1556,0.174
1,1557,0.154
1,1558,0.153
1,1559,1.986
1,1560,0.161
1,1561,0.153
1,1562,0.153
1,1563,0.155
1,1564,0.187
1,1565,0.153
1,1566,0.152
1,1567,0.152
1,1568,0.167
1,1569,0.154
1,1570,0.153
1,1571,1.766
1,1572,0.154
1,1573,0.154
1,1574,0.164
1,1575,0.153
1,1576,0.181
1,1577,0.152
1,1578,0.153
1,1579,0.152
1,1580,0.200
1,1581,0.153
1,1582,0.153
1,1583,1.229
1,1584,0.154
1,1585,0.163
1,1586,0.158
1,1587,0.152
1,1588,0.153
1,1589,0.155
1,1590,0.155
1,1591,0.162
1,1592,0.154
1,1593,0.153
1,1594,0.152
1,1595,1.097
1,1596,0.156
1,1597,0.154
1,1598,0.152
1,1599,0.153
1,1600,0.157
1,1601,0.153
1,1602,0.157
1,1603,0.153
1,1604,0.154
1,1605,0.155
1,1606,0.153
1,1607,1.658
1,1608,0.156
1,1609,0.155
1,1610,0.153
1,1611,0.152
1,1612,0.158
1,1613,0.160
1,1614,0.152
1,1615,0.152
1,1616,0.163
1,1617,0.154
1,1618,0.153
1,1619,1.395
1,1620,0.155
1,1621,0.161
1,1622,0.152
1,1623,0.161
1,1624,0.154
1,1625,0.152
1,1626,0.153
1,1627,0.153
1,1628,0.166
1,1629,0.154
1,1630,0.152
1,1631,1.384
1,1632,0.154
1,1633,0.154
1,1634,0.154
1,1635,0.153
1,1636,0.169
1,1637,0.154
1,1638,0.154
1,1639,0.153
1,1640,0.158
1,1641,0.154
1,1642,0.152
1,1643,1.760
1,1644,0.156
1,1645,0.153
1,1646,0.154
1,1647,0.153
1,1648,0.174
1,1649,0.155
1,1650,0.153
1,1651,0.152
1,1652,0.172
1,1653,0.153
1,1654,0.154
1,1655,1.494
1,1656,0.154
1,1657,0.155
1,1658,0.153
1,1659,0.154
1,1660,0.159
1,1661,0.154
1,1662,0.153
1,1663,0.158
1,1664,0.174
1,1665,0.153
1,1666,0.153
1,1667,1.591
1,1668,0.155
1,1669,0.161
1,1670,0.152
1,1671,0.156
1,1672,0.153
1,1673,0.153
1,1674,0.152
1,1675,0.157
1,1676,0.166
1,1677,0.155
1,1678,0.153
1,1679,1.480
1,1680,0.155
1,1681,0.154
1,1682,0.154
1,1683,0.162
1,1684,0.154
1,1685,0.153
1,1686,0.153
1,1687,0.169
1,1688,0.179
1,1689,0.152
1,1690,0.153
1,1691,1.719
1,1692,0.162
1,1693,0.153
1,1694,0.153
1,1695,0.152
1,1696,0.167
1,1697,0.153
1,1698,0.153
1,1699,0.153
1,1700,0.157
1,1701,0.155
1,1702,0.153
1,1703,1.584
1,1704,0.154
1,1705,0.152
1,1706,0.156
1,1707,0.153
1,1708,0.163
1,1709,0.156
1,1710,0.153
1,1711,0.160
1,1712,0.168
1,1713,0.162
1,1714,0.152
1,1715,1.436
1,1716,0.155
1,1717,0.152
1,1718,0.160
1,1719,0.152
1,1720,0.153
1,1721,0.165
1,1722,0.152
1,1723,0.153
1,1724,0.199
1,1725,0.154
1,1726,0.155
1,1727,1.671
1,1728,0.177
1,1729,0.157
1,1730,0.153
1,1731,0.162
1,1732,0.163
1,1733,0.153
1,1734,0.152
1,1735,0.153
1,1736,0.180
1,1737,0.154
1,1738,0.153
1,1739,1.883
1,1740,0.155
1,1741,0.160
1,1742,0.152
1,1743,0.159
1,1744,0.154
1,1745,0.153
1,1746,0.151
1,1747,0.162
1,1748,0.176
1,1749,0.152
1,1750,0.152
1,1751,1.352
1,1752,0.154
1,1753,0.153
1,1754,0.154
1,1755,0.152
1,1756,0.171
1,1757,0.153
1,1758,0.154
1,1759,0.152
1,1760,0.169
1,1761,0.159
1,1762,0.162
1,1763,1.320
1,1764,0.155
1,1765,0.156
1,1766,0.154
1,1767,0.153
1,1768,0.154
1,1769,0.154
1,1770,0.153
1,1771,0.165
1,1772,0.156
1,1773,0.155
1,1774,0.152
1,1775,1.386
1,1776,0.154
1,1777,0.153
1,1778,0.153
1,1779,0.155
1,1780,0.156
1,1781,0.154
1,1782,0.152
1,1783,0.163
1,1784,0.169
1,1785,0.155
1,1786,0.154
1,1787,1.181
1,1788,0.155
1,1789,0.154
1,1790,0.155
1,1791,0.153
1,1792,0.158
1,1793,0.155
1,1794,0.165
1,1795,0.163
1,1796,0.155
1,1797,0.160
1,1798,0.152
1,1799,1.300
1,1800,0.155
1,1801,0.155
1,1802,0.153
1,1803,0.153
1,1804,0.155
1,1805,0.154
1,1806,0.153
1,1807,0.156
1,1808,0.155
1,1809,0.153
1,1810,0.163
1,1811,1.593
1,1812,0.166
1,1813,0.153
1,1814,0.162
1,1815,0.153
1,1816,0.166
1,1817,0.152
1,1818,0.153
1,1819,0.152
1,1820,0.202
1,1821,0.176
1,1822,0.153
1,1823,1.572
1,1824,0.154
1,1825,0.154
1,1826,0.157
1,1827,0.153
1,1828,0.162
1,1829,0.154
1,1830,0.154
1,1831,0.152
1,1832,0.244
1,1833,0.158
1,1834,0.153
1,1835,1.650
1,1836,0.154
1,1837,0.154
1,1838,0.156
1,1839,0.152
1,1840,0.180
1,1841,0.163
1,1842,0.152
1,1843,0.152
1,1844,0.169
1,1845,0.155
1,1846,0.153
1,1847,2.115
1,1848,0.154
1,1849,0.156
1,1850,0.153
1,1851,0.154
1,1852,0.174
1,1853,0.153
1,1854,0.160
1,1855,0.153
1,1856,0.165
1,1857,0.164
1,1858,0.152
1,1859,1.107
1,1860,0.154
1,1861,0.154
1,1862,0.152
1,1863,0.153
1,1864,0.169
1,1865,0.154
1,1866,0.159
1,1867,0.152
1,1868,0.172
1,1869,0.154
1,1870,0.153
1,1871,1.504
1,1872,0.153
1,1873,0.153
1,1874,0.153
1,1875,0.153
1,1876,0.158
1,1877,0.155
1,1878,0.152
1,1879,0.153
1,1880,0.183
1,1881,0.157
1,1882,0.163
1,1883,1.379
1,1884,0.156
1,1885,0.154
1,1886,0.152
1,1887,0.155
1,1888,0.172
1,1889,0.154
1,1890,0.161
1,1891,0.152
1,1892,0.161
1,1893,0.153
1,1894,0.158
1,1895,0.968
1,1896,0.164
1,1897,0.153
1,1898,0.152
1,1899,0.153
1,1900,0.164
1,1901,0.153
1,1902,0.153
1,1903,0.169
1,1904,0.155
1,1905,0.153
1,1906,0.163
1,1907,1.116
1,1908,0.167
1,1909,0.154
1,1910,0.153
1,1911,0.153
1,1912,0.165
1,1913,0.153
1,1914,0.152
1,1915,0.153
1,1916,0.154
1,1917,0.153
1,1918,0.153
1,1919,1.694
1,1920,0.154
1,1921,0.166
1,1922,0.152
1,1923,0.154
1,1924,0.155
1,1925,0.155
1,1926,0.154
1,1927,0.153
1,1928,0.154
1,1929,0.154
1,1930,0.152
1,1931,1.903
1,1932,0.153
1,1933,0.155
1,1934,0.153
1,1935,0.153
1,1936,0.165
1,1937,0.153
1,1938,0.168
1,1939,0.153
1,1940,0.159
1,1941,0.153
1,1942,0.153
1,1943,1.492
1,1944,0.154
1,1945,0.161
1,1946,0.153
1,1947,0.152
1,1948,0.154
1,1949,0.155
1,1950,0.153
1,1951,0.152
1,1952,0.191
1,1953,0.168
1,1954,0.152
1,1955,1.708
1,1956,0.155
1,1957,0.154
1,1958,0.153
1,1959,0.153
1,1960,0.161
1,1961,0.153
1,1962,0.153
1,1963,0.152
1,1964,0.182
1,1965,0.154
1,1966,0.152
1,1967,1.260
1,1968,0.154
1,1969,0.156
1,1970,0.152
1,1971,0.153
1,1972,0.161
1,1973,0.154
1,1974,0.163
1,1975,0.153
1,1976,0.162
1,1977,0.154
1,1978,0.153
1,1979,1.563
1,1980,0.155
1,1981,0.154
1,1982,0.152
1,1983,0.153
1,1984,0.166
1,1985,0.153
1,1986,0.153
1,1987,0.153
1,1988,0.167
1,1989,0.158
1,1990,0.159
1,1991,2.006
1,1992,0.154
1,1993,0.154
1,1994,0.152
1,1995,0.158
1,1996,0.169
1,1997,0.153
1,1998,0.161
1,1999,0.152
1,2000,0.175
1,2001,0.153
1,2002,0.154
1,2003,1.151
1,2004,0.154
1,2005,0.154
1,2006,0.154
1,2007,0.156
1,2008,0.162
1,2009,0.154
1,2010,0.160
1,2011,0.152
1,2012,0.164
1,2013,0.163
1,2014,0.160
1,2015,1.384
1,2016,0.154
1,2017,0.163
1,2018,0.153
1,2019,0.164
1,2020,0.154
1,2021,0.154
1,2022,0.152
1,2023,0.153
1,2024,0.183
1,2025,0.158
1,2026,0.153
1,2027,1.599
1,2028,0.155
1,2029,0.163
1,2030,0.155
1,2031,0.156
1,2032,0.155
1,2033,0.153
1,2034,0.152
1,2035,0.153
1,2036,0.177
1,2037,0.154
1,2038,0.153
1,2039,1.648
1,2040,0.154
1,2041,0.153
1,2042,0.154
1,2043,0.151
1,2044,0.179
1,2045,0.154
1,2046,0.162
1,2047,0.163
1,2048,0.154
1,2049,0.153
1,2050,0.153
1,2051,1.281
1,2052,0.156
1,2053,0.153
1,2054,0.153
1,2055,0.152
1,2056,0.174
1,2057,0.154
1,2058,0.152
1,2059,0.153
1,2060,0.167
1,2061,0.173
1,2062,0.153
1,2063,1.197
1,2064,0.156
1,2065,0.154
1,2066,0.152
1,2067,0.153
1,2068,0.165
1,2069,0.153
1,2070,0.153
1,2071,0.152
1,2072,0.169
1,2073,0.154
1,2074,0.153
1,2075,1.412
1,2076,0.167
1,2077,0.152
1,2078,0.154
1,2079,0.152
1,2080,0.158
1,2081,0.162
1,2082,0.153
1,2083,0.153
1,2084,0.169
1,2085,0.154
1,2086,0.152
1,2087,1.332
1,2088,0.156
1,2089,0.153
1,2090,0.163
1,2091,0.153
1,2092,0.154
1,2093,0.153
1,2094,0.161
1,2095,0.154
1,2096,0.154
1,2097,0.155
1,2098,0.168
1,2099,1.333
1,2100,0.155
1,2101,0.153
1,2102,0.152
1,2103,0.158
1,2104,0.177
1,2105,0.156
1,2106,0.153
1,2107,0.154
1,2108,0.164
1,2109,0.153
1,2110,0.153
1,2111,1.533
1,2112,0.154
1,2113,0.161
1,2114,0.153
1,2115,0.152
1,2116,0.154
1,2117,0.162
1,2118,0.152
1,2119,0.154
1,2120,0.153
1,2121,0.154
1,2122,0.154
1,2123,1.539
1,2124,0.157
1,2125,0.158
1,2126,0.153
1,2127,0.151
1,2128,0.163
1,2129,0.154
1,2130,0.153
1,2131,0.152
1,2132,0.172
1,2133,0.173
1,2134,0.154
1,2135,1.557
1,2136,0.454
1,2137,0.153
1,2138,0.152
1,2139,0.152
1,2140,0.159
1,2141,0.153
1,2142,0.153
1,2143,0.156
1,2144,0.168
1,2145,0.153
1,2146,0.153
1,2147,1.066
1,2148,0.837
1,2149,0.155
1,2150,0.153
1,2151,0.153
1,2152,0.160
1,2153,0.160
1,2154,0.152
1,2155,0.153
1,2156,0.167
1,2157,0.154
1,2158,0.153
1,2159,0.807
1,2160,0.980
1,2161,0.153
1,2162,0.159
1,2163,0.156
1,2164,0.157
1,2165,0.155
1,2166,0.152
1,2167,0.153
1,2168,0.175
1,2169,0.153
1,2170,0.152
1,2171,0.612
1,2172,0.892
1,2173,0.153
1,2174,0.153
1,2175,0.152
1,2176,0.161
1,2177,0.153
1,2178,0.153
1,2179,0.152
1,2180,0.182
1,2181,0.154
1,2182,0.153
1,2183,0.422
1,2184,1.108
1,2185,0.160
1,2186,0.156
1,2187,0.162
1,2188,0.154
1,2189,0.158
1,2190,0.157
1,2191,0.153
1,2192,0.172
1,2193,0.153
1,2194,0.152
1,2195,0.366
1,2196,1.369
1,2197,0.154
1,2198,0.158
1,2199,0.152
1,2200,0.168
1,2201,0.154
1,2202,0.158
1,2203,0.153
1,2204,0.157
1,2205,0.153
1,2206,0.153
1,2207,0.152
1,2208,1.184
1,2209,0.153
1,2210,0.153
1,2211,0.152
1,2212,0.165
1,2213,0.153
1,2214,0.154
1,2215,0.152
1,2216,0.173
1,2217,0.154
1,2218,0.153
1,2219,0.446
1,2220,1.490
1,2221,0.157
1,2222,0.152
1,2223,0.153
1,2224,0.154
1,2225,0.163
1,2226,0.155
1,2227,0.152
1,2228,0.161
1,2229,0.153
1,2230,0.153
1,2231,0.153
1,2232,1.289
1,2233,0.154
1,2234,0.154
1,2235,0.152
1,2236,0.171
1,2237,0.155
1,2238,0.165
1,2239,0.154
1,2240,0.156
1,2241,0.155
1,2242,0.155
1,2243,0.153
1,2244,1.363
1,2245,0.153
1,2246,0.153
1,2247,0.153
1,2248,0.169
1,2249,0.153
1,2250,0.162
1,2251,0.153
1,2252,0.161
1,2253,0.153
1,2254,0.151
1,2255,0.151
1,2256,3.244
1,2257,0.164
1,2258,0.152
1,2259,0.154
1,2260,0.154
1,2261,0.153
1,2262,0.153
1,2263,0.151
1,2264,0.165
1,2265,0.154
1,2266,0.158
1,2267,0.153
1,2268,1.259
1,2269,0.155
1,2270,0.153
1,2271,0.162
1,2272,0.162
1,2273,0.153
1,2274,0.154
1,2275,0.152
1,2276,0.170
1,2277,0.154
1,2278,0.153
1,2279,0.153
1,2280,1.266
1,2281,0.154
1,2282,0.154
1,2283,0.154
1,2284,0.166
1,2285,0.154
1,2286,0.154
1,2287,0.153
1,2288,0.189
1,2289,0.166
1,2290,0.161
1,2291,0.153
1,2292,1.385
1,2293,0.153
1,2294,0.153
1,2295,0.153
1,2296,0.155
1,2297,0.154
1,2298,0.152
1,2299,0.163
1,2300,0.156
1,2301,0.155
1,2302,0.165
1,2303,0.153
1,2304,1.557
1,2305,0.154
1,2306,0.157
1,2307,0.168
1,2308,0.167
1,2309,0.153
1,2310,0.153
1,2311,0.152
1,2312,0.182
1,2313,0.156
1,2314,0.152
1,2315,0.153
1,2316,1.194
1,2317,0.155
1,2318,0.153
1,2319,0.152
1,2320,0.177
1,2321,0.153
1,2322,0.157
1,2323,0.152
1,2324,0.170
1,2325,0.152
1,2326,0.153
1,2327,0.153
1,2328,1.245
1,2329,0.153
1,2330,0.152
1,2331,0.152
1,2332,0.163
1,2333,0.153
1,2334,0.153
1,2335,0.152
1,2336,0.164
1,2337,0.153
1,2338,0.155
1,2339,0.153
1,2340,1.233
1,2341,0.153
1,2342,0.154
1,2343,0.152
1,2344,0.161
1,2345,0.152
1,2346,0.156
1,2347,0.179
1,2348,0.153
1,2349,0.154
1,2350,0.153
1,2351,0.153
1,2352,1.432
1,2353,0.154
1,2354,0.153
1,2355,0.155
1,2356,0.162
1,2357,0.159
1,2358,0.153
1,2359,0.153
1,2360,0.172
1,2361,0.161
1,2362,0.153
1,2363,0.163
1,2364,1.831
1,2365,0.154
1,2366,0.153
1,2367,0.152
1,2368,0.156
1,2369,0.155
1,2370,0.153
1,2371,0.154
1,2372,0.168
1,2373,0.154
1,2374,0.152
1,2375,0.153
1,2376,1.330
1,2377,0.154
1,2378,0.152
1,2379,0.152
1,2380,0.161
1,2381,0.154
1,2382,0.153
1,2383,0.163
1,2384,0.169
1,2385,0.153
1,2386,0.152
1,2387,0.160
1,2388,2.122
1,2389,0.154
1,2390,0.152
1,2391,0.152
1,2392,0.168
1,2393,0.152
1,2394,0.153
1,2395,0.152
1,2396,0.168
1,2397,0.153
1,2398,0.153
1,2399,0.152
1,2400,2.273
1,2401,0.153
1,2402,0.153
1,2403,0.151
1,2404,0.157
1,2405,0.153
1,2406,0.152
1,2407,0.152
1,2408,0.171
1,2409,0.154
1,2410,0.152
1,2411,0.154
1,2412,1.246
1,2413,0.154
1,2414,0.152
1,2415,0.153
1,2416,0.172
1,2417,0.153
1,2418,0.159
1,2419,0.164
1,2420,0.157
1,2421,0.195
1,2422,0.153
1,2423,0.152
1,2424,1.622
1,2425,0.153
1,2426,0.153
1,2427,0.152
1,2428,0.160
1,2429,0.153
1,2430,0.164
1,2431,0.162
1,2432,0.155
1,2433,0.153
1,2434,0.156
1,2435,0.152
1,2436,1.348
1,2437,0.154
1,2438,0.153
1,2439,0.152
1,2440,0.157
1,2441,0.153
1,2442,0.153
1,2443,0.153
1,2444,0.158
1,2445,0.153
1,2446,0.158
1,2447,0.154
1,2448,1.961
1,2449,0.162
1,2450,0.152
1,2451,0.152
1,2452,0.161
1,2453,0.160
1,2454,0.153
1,2455,0.152
1,2456,0.175
1,2457,0.155
1,2458,0.153
1,2459,0.153
1,2460,1.420
1,2461,0.154
1,2462,0.153
1,2463,0.153
1,2464,0.169
1,2465,0.163
1,2466,0.155
1,2467,0.152
1,2468,0.164
1,2469,0.154
1,2470,0.152
1,2471,0.154
1,2472,2.539
1,2473,0.152
1,2474,0.153
1,2475,0.152
1,2476,0.168
1,2477,0.165
1,2478,0.152
1,2479,0.152
1,2480,0.157
1,2481,0.153
1,2482,0.153
1,2483,0.153
1,2484,1.717
1,2485,0.153
1,2486,0.152
1,2487,0.152
1,2488,0.157
1,2489,0.157
1,2490,0.156
1,2491,0.154
1,2492,0.156
1,2493,0.153
1,2494,0.153
1,2495,0.152
1,2496,2.126
1,2497,0.153
1,2498,0.153
1,2499,0.152
1,2500,0.167
2,2,0.158
2,3,0.153
2,4,0.167
2,5,0.155
2,6,0.154
2,7,0.153
2,8,0.154
2,9,0.154
2,10,0.153
2,11,0.153
2,12,2.878
2,13,0.154
2,14,0.154
2,15,0.153
2,16,0.153
2,17,0.154
2,18,0.152
2,19,0.154
2,20,0.161
2,21,0.157
2,22,0.153
2,23,0.164
2,24,1.019
2,25,0.172
2,26,0.152
2,27,0.154
2,28,0.760
2,29,0.153
2,30,0.158
2,31,0.153
2,32,0.158
2,33,0.154
2,34,0.159
2,35,0.153
2,36,1.952
2,37,0.154
2,38,0.152
2,39,0.152
2,40,0.156
2,41,0.154
2,42,0.161
2,43,0.152
2,44,0.169
2,45,0.154
2,46,0.153
2,47,0.154
2,48,1.803
2,49,0.154
2,50,0.153
2,51,0.152
2,52,0.159
2,53,0.153
2,54,0.154
2,55,0.153
2,56,0.154
2,57,0.156
2,58,0.152
2,59,0.152
2,60,1.841
2,61,0.154
2,62,0.153
2,63,0.153
2,64,0.175
2,65,0.154
2,66,0.153
2,67,0.157
2,68,0.154
2,69,0.154
2,70,0.153
2,71,0.161
2,72,1.431
2,73,0.155
2,74,0.153
2,75,0.153
2,76,0.156
2,77,0.154
2,78,1.310
2,79,0.152
2,80,0.154
2,81,0.155
2,82,0.152
2,83,0.152
2,84,0.495
2,85,0.153
2,86,0.154
2,87,0.802
2,88,0.155
2,89,0.161
2,90,1.132
2,91,0.152
2,92,0.154
2,93,0.155
2,94,0.152
2,95,0.153
2,96,0.178
2,97,0.153
2,98,0.153
2,99,0.888
2,100,0.154
2,101,0.157
2,102,0.703
2,103,0.153
2,104,0.154
2,105,0.153
2,106,0.167
2,107,0.153
2,108,0.155
2,109,0.153
2,110,0.153
2,111,0.923
2,112,0.155
2,113,0.154
2,114,0.850
2,115,0.153
2,116,0.154
2,117,0.154
2,118,0.154
2,119,0.153
2,120,0.271
2,121,0.154
2,122,0.152
2,123,0.515
2,124,0.155
2,125,0.154
2,126,1.249
2,127,0.154
2,128,0.154
2,129,0.154
2,130,0.154
2,131,0.153
2,132,0.579
2,133,0.154
2,134,0.161
2,135,0.590
2,136,0.155
2,137,0.159
2,138,1.232
2,139,0.153
2,140,0.155
2,141,0.155
2,142,0.153
2,143,0.153
2,144,0.306
2,145,0.154
2,146,0.154
2,147,0.468
2,148,0.154
2,149,0.154
2,150,1.085
2,151,0.154
2,152,0.154
2,153,0.154
2,154,0.153
2,155,0.155
2,156,1.117
2,157,0.155
2,158,0.153
2,159,0.154
2,160,0.155
2,161,0.159
2,162,1.394
2,163,0.152
2,164,0.155
2,165,0.154
2,166,0.153
2,167,0.153
2,168,0.501
2,169,0.155
2,170,0.157
2,171,0.221
2,172,0.154
2,173,0.153
2,174,1.700
2,175,0.154
2,176,0.154
2,177,0.158
2,178,0.167
2,179,0.152
2,180,0.640
2,181,0.154
2,182,0.154
2,183,0.153
2,184,0.167
2,185,0.154
2,186,1.123
2,187,0.153
2,188,0.155
2,189,0.160
2,190,0.153
2,191,0.158
2,192,0.611
2,193,0.153
2,194,0.153
2,195,0.154
2,196,0.158
2,197,0.166
2,198,1.171
2,199,0.154
2,200,0.155
2,201,0.154
2,202,0.152
2,203,0.156
2,204,0.427
2,205,0.155
2,206,0.152
2,207,0.286
2,208,0.155
2,209,0.153
2,210,1.459
2,211,0.153
2,212,0.154
2,213,0.153
2,214,0.152
2,215,0.153
2,216,1.742
2,217,0.154
2,218,0.153
2,219,0.153
2,220,0.174
2,221,0.153
2,222,0.254
2,223,0.153
2,224,0.155
2,225,0.153
2,226,0.154
2,227,0.152
2,228,1.102
2,229,0.155
2,230,0.153
2,231,0.152
2,232,0.183
2,233,0.153
2,234,0.748
2,235,0.152
2,236,0.154
2,237,0.153
2,238,0.153
2,239,0.152
2,240,1.046
2,241,0.153
2,242,0.153
2,243,0.153
2,244,0.163
2,245,0.154
2,246,0.943
2,247,0.174
2,248,0.168
2,249,0.153
2,250,0.156
2,251,0.152
2,252,1.000
2,253,0.153
2,254,0.153
2,255,0.153
2,256,0.164
2,257,0.154
2,258,0.909
2,259,0.153
2,260,0.156
2,261,0.154
2,262,0.153
2,263,0.162
2,264,0.396
2,265,0.153
2,266,0.154
2,267,0.153
2,268,0.182
2,269,0.153
2,270,1.546
2,271,0.154
2,272,0.153
2,273,0.174
2,274,0.162
2,275,0.153
2,276,0.154
2,277,0.153
2,278,0.153
2,279,0.152
2,280,0.172
2,281,0.154
2,282,1.586
2,283,0.154
2,284,0.170
2,285,0.153
2,286,0.153
2,287,0.153
2,288,0.167
2,289,0.154
2,290,0.153
2,291,0.166
2,292,0.158
2,293,0.153
2,294,1.626
2,295,0.155
2,296,0.156
2,297,0.155
2,298,0.153
2,299,0.153
2,300,0.450
2,301,0.153
2,302,0.153
2,303,0.153
2,304,0.171
2,305,0.154
2,306,1.267
2,307,0.155
2,308,0.153
2,309,0.156
2,310,0.161
2,311,0.153
2,312,0.157
2,313,0.155
2,314,0.153
2,315,0.153
2,316,0.171
2,317,0.153
2,318,1.282
2,319,0.153
2,320,0.154
2,321,0.156
2,322,0.152
2,323,0.154
2,324,0.629
2,325,0.153
2,326,0.152
2,327,0.153
2,328,0.166
2,329,0.154
2,330,1.054
2,331,0.152
2,332,0.154
2,333,0.153
2,334,0.158
2,335,0.152
2,336,0.681
2,337,0.154
2,338,0.153
2,339,0.153
2,340,0.172
2,341,0.153
2,342,0.794
2,343,0.153
2,344,0.154
2,345,0.155
2,346,0.153
2,347,0.154
2,348,1.288
2,349,0.156
2,350,0.153
2,351,0.153
2,352,0.165
2,353,0.154
2,354,0.341
2,355,0.153
2,356,0.155
2,357,0.153
2,358,0.153
2,359,0.161
2,360,1.156
2,361,0.154
2,362,0.152
2,363,0.153
2,364,0.157
2,365,0.153
2,366,0.487
2,367,0.152
2,368,0.154
2,369,0.153
2,370,0.154
2,371,0.152
2,372,1.830
2,373,0.154
2,374,0.152
2,375,0.153
2,376,0.155
2,377,0.155
2,378,0.153
2,379,0.157
2,380,0.164
2,381,0.154
2,382,0.152
2,383,0.154
2,384,1.516
2,385,0.153
2,386,0.154
2,387,0.154
2,388,0.161
2,389,0.155
2,390,0.152
2,391,0.153
2,392,0.165
2,393,0.155
2,394,0.152
2,395,0.153
2,396,1.892
2,397,0.154
2,398,0.158
2,399,0.160
2,400,0.155
2,401,0.153
2,402,0.154
2,403,0.152
2,404,0.169
2,405,0.153
2,406,0.167
2,407,0.153
2,408,1.673
2,409,0.154
2,410,0.152
2,411,0.162
2,412,0.154
2,413,0.153
2,414,0.153
2,415,0.152
2,416,0.172
2,417,0.153
2,418,0.165
2,419,0.153
2,420,2.206
2,421,0.153
2,422,0.171
2,423,0.153
2,424,0.153
2,425,0.153
2,426,0.152
2,427,0.154
2,428,0.163
2,429,0.158
2,430,0.153
2,431,0.153
2,432,0.881
2,433,0.153
2,434,0.153
2,435,0.153
2,436,0.153
2,437,0.153
2,438,0.153
2,439,0.153
2,440,0.154
2,441,0.156
2,442,0.153
2,443,0.154
2,444,2.922
2,445,0.153
2,446,0.152
2,447,0.153
2,448,0.161
2,449,0.154
2,450,0.153
2,451,0.152
2,452,0.162
2,453,0.154
2,454,0.156
2,455,0.152
2,456,2.007
2,457,0.155
2,458,0.153
2,459,0.160
2,460,0.163
2,461,0.153
2,462,0.152
2,463,0.153
2,464,0.158
2,465,0.154
2,466,0.152
2,467,0.153
2,468,1.742
2,469,0.155
2,470,0.153
2,471,0.154
2,472,0.161
2,473,0.153
2,474,0.153
2,475,0.153
2,476,0.190
2,477,0.154
2,478,0.152
2,479,0.153
2,480,2.814
2,481,0.152
2,482,0.152
2,483,0.152
2,484,0.159
2,485,0.154
2,486,0.152
2,487,0.152
2,488,0.166
2,489,0.153
2,490,0.154
2,491,0.152
2,492,1.881
2,493,0.152
2,494,0.152
2,495,0.152
2,496,0.173
2,497,0.153
2,498,0.161
2,499,0.153
2,500,0.155
2,501,0.153
2,502,0.173
2,503,0.159
2,504,1.359
2,505,0.153
2,506,0.154
2,507,0.152
2,508,0.160
2,509,0.155
2,510,0.153
2,511,0.167
2,512,0.153
2,513,0.153
2,514,0.152
2,515,0.153
2,516,1.160
2,517,0.154
2,518,0.153
2,519,0.152
2,520,0.161
2,521,0.154
2,522,0.153
2,523,0.153
2,524,0.162
2,525,0.161
2,526,0.161
2,527,0.154
2,528,3.096
2,529,0.152
2,530,0.153
2,531,0.152
2,532,0.172
2,533,0.153
2,534,0.154
2,535,0.152
2,536,0.155
2,537,0.153
2,538,0.154
2,539,0.152
2,540,1.336
2,541,0.154
2,542,0.153
2,543,0.156
2,544,0.170
2,545,0.157
2,546,0.153
2,547,0.152
2,548,0.155
2,549,0.154
2,550,0.162
2,551,0.152
2,552,1.286
2,553,0.153
2,554,0.158
2,555,0.152
2,556,0.153
2,557,0.154
2,558,0.152
2,559,0.154
2,560,0.167
2,561,0.156
2,562,0.153
2,563,0.168
2,564,1.378
2,565,0.153
2,566,0.154
2,567,0.153
2,568,0.168
2,569,0.154
2,570,0.151
2,571,0.153
2,572,0.162
2,573,0.153
2,574,0.154
2,575,0.161
2,576,1.641
2,577,0.154
2,578,0.168
2,579,0.165
2,580,0.155
2,581,0.154
2,582,0.153
2,583,0.160
2,584,0.158
2,585,0.158
2,586,0.153
2,587,0.156
2,588,1.455
2,589,0.153
2,590,0.153
2,591,0.152
2,592,0.178
2,593,0.155
2,594,0.153
2,595,0.152
2,596,0.348
2,597,0.153
2,598,0.154
2,599,0.153
2,600,2.729
2,601,0.153
2,602,0.152
2,603,0.152
2,604,0.165
2,605,0.164
2,606,0.152
2,607,0.153
2,608,0.162
2,609,0.153
2,610,0.153
2,611,0.152
2,612,2.054
2,613,0.153
2,614,0.158
2,615,0.152
2,616,0.187
2,617,0.153
2,618,0.152
2,619,0.152
2,620,0.156
2,621,0.153
2,622,0.153
2,623,0.153
2,624,2.263
2,625,0.155
2,626,0.153
2,627,0.153
2,628,0.166
2,629,0.153
2,630,0.153
2,631,0.153
2,632,0.154
2,633,0.154
2,634,0.157
2,635,0.154
2,636,1.150
2,637,0.154
2,638,0.153
2,639,0.161
2,640,0.153
2,641,0.153
2,642,0.153
2,643,0.152
2,644,0.164
2,645,0.154
2,646,0.152
2,647,0.153
2,648,1.225
2,649,0.154
2,650,0.152
2,651,0.153
2,652,0.165
2,653,0.153
2,654,0.153
2,655,0.154
2,656,0.170
2,657,0.154
2,658,0.152
2,659,0.152
2,660,1.339
2,661,0.153
2,662,0.152
2,663,0.152
2,664,0.172
2,665,0.153
2,666,0.152
2,667,0.154
2,668,0.154
2,669,0.153
2,670,0.152
2,671,0.153
2,672,1.605
2,673,0.153
2,674,0.152
2,675,0.154
2,676,0.172
2,677,0.153
2,678,0.153
2,679,0.152
2,680,0.171
2,681,0.153
2,682,0.152
2,683,0.163
2,684,1.272
2,685,0.153
2,686,0.157
2,687,0.153
2,688,0.156
2,689,0.154
2,690,0.153
2,691,0.162
2,692,0.167
2,693,0.153
2,694,0.153
2,695,0.153
2,696,4.212
2,697,0.154
2,698,0.153
2,699,0.153
2,700,0.156
2,701,0.153
2,702,0.153
2,703,0.152
2,704,0.161
2,705,0.153
2,706,0.152
2,707,0.153
2,708,1.837
2,709,0.152
2,710,0.152
2,711,0.152
2,712,0.162
2,713,0.152
2,714,0.153
2,715,0.152
2,716,0.351
2,717,0.155
2,718,0.152
2,719,0.152
2,720,1.782
2,721,0.154
2,722,0.153
2,723,0.153
2,724,0.155
2,725,0.156
2,726,0.152
2,727,0.152
2,728,0.157
2,729,0.154
2,730,0.152
2,731,0.152
2,732,5.829
2,733,0.153
2,734,0.164
2,735,0.153
2,736,0.169
2,737,0.158
2,738,0.152
2,739,0.152
2,740,0.152
2,741,0.166
2,742,0.156
2,743,0.153
2,744,3.792
2,745,0.152
2,746,0.152
2,747,0.154
2,748,0.155
2,749,0.153
2,750,0.151
2,751,0.152
2,752,0.163
2,753,0.152
2,754,0.152
2,755,0.152
2,756,3.232
2,757,0.152
2,758,0.152
2,759,0.152
2,760,0.154
2,761,0.153
2,762,0.152
2,763,0.152
2,764,0.153
2,765,0.153
2,766,0.153
2,767,0.152
2,768,3.209
2,769,0.153
2,770,0.152
2,771,0.152
2,772,0.157
2,773,0.152
2,774,0.153
2,775,0.152
2,776,0.166
2,777,0.155
2,778,0.152
2,779,0.158
2,780,1.457
2,781,0.153
2,782,0.152
2,783,0.152
2,784,0.165
2,785,0.152
2,786,0.153
2,787,0.152
2,788,0.154
2,789,0.154
2,790,0.152
2,791,0.152
2,792,4.437
2,793,0.153
2,794,0.152
2,795,0.154
2,796,0.156
2,797,0.152
2,798,0.152
2,799,0.152
2,800,0.154
2,801,0.152
2,802,0.153
2,803,0.153
2,804,1.510
2,805,0.154
2,806,0.153
2,807,0.152
2,808,0.160
2,809,0.154
2,810,0.153
2,811,0.161
2,812,0.154
2,813,0.155
2,814,0.163
2,815,0.152
2,816,3.741
2,817,0.153
2,818,0.152
2,819,0.152
2,820,0.154
2,821,0.155
2,822,0.151
2,823,0.152
2,824,0.154
2,825,0.153
2,826,0.152
2,827,0.152
2,828,2.149
2,829,0.152
2,830,0.152
2,831,0.152
2,832,0.159
2,833,0.153
2,834,0.152
2,835,0.153
2,836,0.153
2,837,0.160
2,838,0.152
2,839,0.152
2,840,7.786
2,841,0.155
2,842,0.153
2,843,0.152
2,844,0.153
2,845,0.153
2,846,0.153
2,847,0.152
2,848,0.153
2,849,0.154
2,850,0.152
2,851,0.159
2,852,1.703
2,853,0.152
2,854,0.153
2,855,0.153
2,856,0.168
2,857,0.153
2,858,0.152
2,859,0.153
2,860,0.168
2,861,0.153
2,862,0.152
2,863,0.152
2,864,2.087
2,865,0.153
2,866,0.152
2,867,0.152
2,868,0.169
2,869,0.153
2,870,0.153
2,871,0.153
2,872,0.157
2,873,0.154
2,874,0.152
2,875,0.152
2,876,1.726
2,877,0.153
2,878,0.152
2,879,0.153
2,880,0.161
2,881,0.153
2,882,0.153
2,883,0.161
2,884,0.153
2,885,0.153
2,886,0.152
2,887,0.152
2,888,3.477
2,889,0.155
2,890,0.152
2,891,0.152
2,892,0.153
2,893,0.153
2,894,0.152
2,895,0.152
2,896,0.155
2,897,0.152
2,898,0.152
2,899,0.153
2,900,2.664
2,901,0.153
2,902,0.153
2,903,0.152
2,904,1.397
2,905,0.153
2,906,0.153
2,907,0.153
2,908,0.161
2,909,0.163
2,910,0.153
2,911,0.152
2,912,1.520
2,913,0.153
2,914,0.153
2,915,0.153
2,916,1.635
2,917,0.157
2,918,0.152
2,919,0.152
2,920,0.154
2,921,0.153
2,922,0.154
2,923,0.152
2,924,0.165
2,925,0.153
2,926,0.152
2,927,0.152
2,928,2.165
2,929,0.153
2,930,0.161
2,931,0.153
2,932,0.176
2,933,0.153
2,934,0.154
2,935,0.152
2,936,1.660
2,937,0.159
2,938,0.152
2,939,0.154
2,940,0.157
2,941,0.153
2,942,0.152
2,943,0.152
2,944,0.170
2,945,0.152
2,946,0.152
2,947,0.154
2,948,3.292
2,949,0.154
2,950,0.152
2,951,0.152
2,952,0.157
2,953,0.153
2,954,0.152
2,955,0.152
2,956,0.156
2,957,0.153
2,958,0.159
2,959,0.152
2,960,1.494
2,961,0.170
2,962,0.152
2,963,0.152
2,964,0.153
2,965,0.153
2,966,0.160
2,967,0.153
2,968,0.159
2,969,0.153
2,970,0.153
2,971,0.162
2,972,5.203
2,973,0.154
2,974,0.152
2,975,0.152
2,976,0.155
2,977,0.158
2,978,0.152
2,979,0.154
2,980,0.155
2,981,0.153
2,982,0.152
2,983,0.155
2,984,1.069
2,985,0.155
2,986,0.152
2,987,0.153
2,988,0.335
2,989,0.153
2,990,0.152
2,991,0.176
2,992,0.154
2,993,0.161
2,994,0.152
2,995,0.160
2,996,3.976
2,997,0.153
2,998,0.153
2,999,0.152
2,1000,0.169
2,1001,0.154
2,1002,0.152
2,1003,0.152
2,1004,0.154
2,1005,0.153
2,1006,0.154
2,1007,0.157
2,1008,1.468
2,1009,0.152
2,1010,0.163
2,1011,0.151
2,1012,0.153
2,1013,0.155
2,1014,0.152
2,1015,0.151
2,1016,0.162
2,1017,0.153
2,1018,0.156
2,1019,0.165
2,1020,6.006
2,1021,0.154
2,1022,0.152
2,1023,0.152
2,1024,0.163
2,1025,0.152
2,1026,0.153
2,1027,0.151
2,1028,0.161
2,1029,0.153
2,1030,0.153
2,1031,0.152
2,1032,5.843
2,1033,0.153
2,1034,0.152
2,1035,0.152
2,1036,0.160
2,1037,0.152
2,1038,0.153
2,1039,0.155
2,1040,0.160
2,1041,0.153
2,1042,0.152
2,1043,0.152
2,1044,8.037
2,1045,0.153
2,1046,0.152
2,1047,0.152
2,1048,0.154
2,1049,0.152
2,1050,0.152
2,1051,0.152
2,1052,0.154
2,1053,0.153
2,1054,0.152
2,1055,0.152
2,1056,1.850
2,1057,0.159
2,1058,0.152
2,1059,0.152
2,1060,0.159
2,1061,0.153
2,1062,0.153
2,1063,0.153
2,1064,0.163
2,1065,0.152
2,1066,0.153
2,1067,0.152
2,1068,1.704
2,1069,0.152
2,1070,0.152
2,1071,0.152
2,1072,0.169
2,1073,0.154
2,1074,0.152
2,1075,0.152
2,1076,0.153
2,1077,0.153
2,1078,0.152
2,1079,0.153
2,1080,4.770
2,1081,0.153
2,1082,0.151
2,1083,0.152
2,1084,0.154
2,1085,0.153
2,1086,0.151
2,1087,0.152
2,1088,0.154
2,1089,0.153
2,1090,0.152
2,1091,0.152
2,1092,4.891
2,1093,0.153
2,1094,0.153
2,1095,0.153
2,1096,0.157
2,1097,0.153
2,1098,0.161
2,1099,0.153
2,1100,0.155
2,1101,0.153
2,1102,0.152
2,1103,0.152
2,1104,2.507
2,1105,0.153
2,1106,0.161
2,1107,0.160
2,1108,0.156
2,1109,0.152
2,1110,0.152
2,1111,0.163
2,1112,0.165
2,1113,0.152
2,1114,0.153
2,1115,0.153
2,1116,4.078
2,1117,0.152
2,1118,0.152
2,1119,0.160
2,1120,0.155
2,1121,0.152
2,1122,0.152
2,1123,0.152
2,1124,0.165
2,1125,0.153
2,1126,0.153
2,1127,0.152
2,1128,3.228
2,1129,0.153
2,1130,0.152
2,1131,0.152
2,1132,0.153
2,1133,0.153
2,1134,0.153
2,1135,0.152
2,1136,0.162
2,1137,0.153
2,1138,0.152
2,1139,0.153
2,1140,0.870
2,1141,0.153
2,1142,0.153
2,1143,0.152
2,1144,0.164
2,1145,0.152
2,1146,0.153
2,1147,0.152
2,1148,0.154
2,1149,0.153
2,1150,0.152
2,1151,0.152
2,1152,3.202
2,1153,0.153
2,1154,0.152
2,1155,0.152
2,1156,0.171
2,1157,0.152
2,1158,0.153
2,1159,0.153
2,1160,0.168
2,1161,0.153
2,1162,0.153
2,1163,0.154
2,1164,0.830
2,1165,0.152
2,1166,0.154
2,1167,0.153
2,1168,0.160
2,1169,0.153
2,1170,0.152
2,1171,0.151
2,1172,0.165
2,1173,0.153
2,1174,0.151
2,1175,0.153
2,1176,4.779
2,1177,0.155
2,1178,0.152
2,1179,0.152
2,1180,0.154
2,1181,0.153
2,1182,0.153
2,1183,0.151
2,1184,0.160
2,1185,0.153
2,1186,0.153
2,1187,0.151
2,1188,2.298
2,1189,0.153
2,1190,0.151
2,1191,0.152
2,1192,0.164
2,1193,0.153
2,1194,0.167
2,1195,0.152
2,1196,0.154
2,1197,0.153
2,1198,0.153
2,1199,0.152
2,1200,3.105
2,1201,0.156
2,1202,0.153
2,1203,0.152
2,1204,0.153
2,1205,0.153
2,1206,0.152
2,1207,0.152
2,1208,0.166
2,1209,0.154
2,1210,0.152
2,1211,0.152
2,1212,5.821
2,1213,0.162
2,1214,0.152
2,1215,0.158
2,1216,0.154
2,1217,0.153
2,1218,0.152
2,1219,0.152
2,1220,0.160
2,1221,0.153
2,1222,0.151
2,1223,0.152
2,1224,5.591
2,1225,0.153
2,1226,0.160
2,1227,0.152
2,1228,0.159
2,1229,0.152
2,1230,0.152
2,1231,0.152
2,1232,0.154
2,1233,0.152
2,1234,0.152
2,1235,0.152
2,1236,3.337
2,1237,0.152
2,1238,0.151
2,1239,0.153
2,1240,0.160
2,1241,0.154
2,1242,0.152
2,1243,0.154
2,1244,0.157
2,1245,0.154
2,1246,0.153
2,1247,0.152
2,1248,2.337
2,1249,0.170
2,1250,0.152
2,1251,0.162
2,1252,0.153
2,1253,0.159
2,1254,0.153
2,1255,0.152
2,1256,0.154
2,1257,0.153
2,1258,0.160
2,1259,0.152
2,1260,3.334
2,1261,0.152
2,1262,0.175
2,1263,0.152
2,1264,0.154
2,1265,0.152
2,1266,0.152
2,1267,0.152
2,1268,0.153
2,1269,0.154
2,1270,0.152
2,1271,0.152
2,1272,1.463
2,1273,0.152
2,1274,0.153
2,1275,0.153
2,1276,0.163
2,1277,0.153
2,1278,0.153
2,1279,0.153
2,1280,0.158
2,1281,0.153
2,1282,0.152
2,1283,0.152
2,1284,2.369
2,1285,0.153
2,1286,0.152
2,1287,0.153
2,1288,0.171
2,1289,0.153
2,1290,0.153
2,1291,0.157
2,1292,0.158
2,1293,0.160
2,1294,0.152
2,1295,0.160
2,1296,2.830
2,1297,0.153
2,1298,0.152
2,1299,0.152
2,1300,0.153
2,1301,0.153
2,1302,0.157
2,1303,0.152
2,1304,0.155
2,1305,0.154
2,1306,0.153
2,1307,0.160
2,1308,3.821
2,1309,0.153
2,1310,0.152
2,1311,0.161
2,1312,0.154
2,1313,0.152
2,1314,0.153
2,1315,0.152
2,1316,0.153
2,1317,0.153
2,1318,0.153
2,1319,0.152
2,1320,2.520
2,1321,0.156
2,1322,0.152
2,1323,0.152
2,1324,0.173
2,1325,0.153
2,1326,0.160
2,1327,0.153
2,1328,0.154
2,1329,0.161
2,1330,0.152
2,1331,0.153
2,1332,0.964
2,1333,0.153
2,1334,0.153
2,1335,0.153
2,1336,0.160
2,1337,0.153
2,1338,0.152
2,1339,0.153
2,1340,0.180
2,1341,0.169
2,1342,0.153
2,1343,0.152
2,1344,1.014
2,1345,0.153
2,1346,0.152
2,1347,0.153
2,1348,0.167
2,1349,0.156
2,1350,0.152
2,1351,0.152
2,1352,0.158
2,1353,0.153
2,1354,0.152
2,1355,0.152
2,1356,5.663
2,1357,0.153
2,1358,0.152
2,1359,0.152
2,1360,0.154
2,1361,0.152
2,1362,0.152
2,1363,0.153
2,1364,0.154
2,1365,0.153
2,1366,0.154
2,1367,0.153
2,1368,1.040
2,1369,0.153
2,1370,0.152
2,1371,0.152
2,1372,0.163
2,1373,0.153
2,1374,0.152
2,1375,0.152
2,1376,0.153
2,1377,0.152
2,1378,0.152
2,1379,0.153
2,1380,1.402
2,1381,0.153
2,1382,0.152
2,1383,0.153
2,1384,0.159
2,1385,0.155
2,1386,0.152
2,1387,0.152
2,1388,0.154
2,1389,0.154
2,1390,0.157
2,1391,0.153
2,1392,1.324
2,1393,0.153
2,1394,0.153
2,1395,0.155
2,1396,0.162
2,1397,0.153
2,1398,0.153
2,1399,0.153
2,1400,0.159
2,1401,0.155
2,1402,0.155
2,1403,0.153
2,1404,2.114
2,1405,0.154
2,1406,0.157
2,1407,0.153
2,1408,0.157
2,1409,0.153
2,1410,0.152
2,1411,0.154
2,1412,0.161
2,1413,0.152
2,1414,0.152
2,1415,0.152
2,1416,2.111
2,1417,0.153
2,1418,0.153
2,1419,0.152
2,1420,0.154
2,1421,0.153
2,1422,0.152
2,1423,0.152
2,1424,0.161
2,1425,0.160
2,1426,0.152
2,1427,0.152
2,1428,6.611
2,1429,0.154
2,1430,0.152
2,1431,0.153
2,1432,0.173
2,1433,0.153
2,1434,0.152
2,1435,0.152
2,1436,0.161
2,1437,0.153
2,1438,0.152
2,1439,0.152
2,1440,1.404
2,1441,0.161
2,1442,0.153
2,1443,0.152
2,1444,0.160
2,1445,0.153
2,1446,0.152
2,1447,0.153
2,1448,0.154
2,1449,0.153
2,1450,0.153
2,1451,0.152
2,1452,1.645
2,1453,0.153
2,1454,0.152
2,1455,0.153
2,1456,0.172
2,1457,0.153
2,1458,0.152
2,1459,0.152
2,1460,0.155
2,1461,0.152
2,1462,0.162
2,1463,0.152
2,1464,1.559
2,1465,0.155
2,1466,0.152
2,1467,0.152
2,1468,0.154
2,1469,0.152
2,1470,0.160
2,1471,0.151
2,1472,0.154
2,1473,0.152
2,1474,0.152
2,1475,0.151
2,1476,1.748
2,1477,0.154
2,1478,0.153
2,1479,0.153
2,1480,2.014
2,1481,0.153
2,1482,0.152
2,1483,0.163
2,1484,0.155
2,1485,0.153
2,1486,0.152
2,1487,0.152
2,1488,1.444
2,1489,0.158
2,1490,0.153
2,1491,0.152
2,1492,0.164
2,1493,0.152
2,1494,0.153
2,1495,0.152
2,1496,0.167
2,1497,0.153
2,1498,0.152
2,1499,0.152
2,1500,2.109
2,1501,0.155
2,1502,0.153
2,1503,0.152
2,1504,0.159
2,1505,0.154
2,1506,0.154
2,1507,0.152
2,1508,0.167
2,1509,0.154
2,1510,0.152
2,1511,0.152
2,1512,1.964
2,1513,0.154
2,1514,0.170
2,1515,0.154
2,1516,0.154
2,1517,0.153
2,1518,0.152
2,1519,0.152
2,1520,0.161
2,1521,0.155
2,1522,0.152
2,1523,0.152
2,1524,2.193
2,1525,0.155
2,1526,0.153
2,1527,0.153
2,1528,0.161
2,1529,0.154
2,1530,0.153
2,1531,0.151
2,1532,0.156
2,1533,0.153
2,1534,0.153
2,1535,0.153
2,1536,1.759
2,1537,0.153
2,1538,0.154
2,1539,0.156
2,1540,0.169
2,1541,0.153
2,1542,0.152
2,1543,0.152
2,1544,0.168
2,1545,0.152
2,1546,0.153
2,1547,0.152
2,1548,1.127
2,1549,0.159
2,1550,0.158
2,1551,0.153
2,1552,0.154
2,1553,0.154
2,1554,0.537
2,1555,0.153
2,1556,0.154
2,1557,0.166
2,1558,0.152
2,1559,0.153
2,1560,1.862
2,1561,0.162
2,1562,0.153
2,1563,0.152
2,1564,0.857
2,1565,0.159
2,1566,1.527
2,1567,0.153
2,1568,0.154
2,1569,0.152
2,1570,0.153
2,1571,0.154
2,1572,0.163
2,1573,0.160
2,1574,0.152
2,1575,0.152
2,1576,0.157
2,1577,0.153
2,1578,1.521
2,1579,0.152
2,1580,0.155
2,1581,0.154
2,1582,0.152
2,1583,0.153
2,1584,0.166
2,1585,0.154
2,1586,0.153
2,1587,0.153
2,1588,0.232
2,1589,0.153
2,1590,3.425
2,1591,0.158
2,1592,0.154
2,1593,0.182
2,1594,0.152
2,1595,0.152
2,1596,0.154
2,1597,0.153
2,1598,0.154
2,1599,0.153
2,1600,0.158
2,1601,0.153
2,1602,1.745
2,1603,0.153
2,1604,0.154
2,1605,0.155
2,1606,0.151
2,1607,0.153
2,1608,0.159
2,1609,0.154
2,1610,0.152
2,1611,0.152
2,1612,0.163
2,1613,0.152
2,1614,2.353
2,1615,0.154
2,1616,0.154
2,1617,0.154
2,1618,0.153
2,1619,0.161
2,1620,0.159
2,1621,0.153
2,1622,0.152
2,1623,0.153
2,1624,0.172
2,1625,0.153
2,1626,1.113
2,1627,0.152
2,1628,0.154
2,1629,0.153
2,1630,0.153
2,1631,0.153
2,1632,0.162
2,1633,0.153
2,1634,0.158
2,1635,0.152
2,1636,0.156
2,1637,0.153
2,1638,1.552
2,1639,0.155
2,1640,0.154
2,1641,0.154
2,1642,0.152
2,1643,0.152
2,1644,0.155
2,1645,0.152
2,1646,0.152
2,1647,0.153
2,1648,0.165
2,1649,0.158
2,1650,1.193
2,1651,0.154
2,1652,0.154
2,1653,0.160
2,1654,0.153
2,1655,0.152
2,1656,0.166
2,1657,0.153
2,1658,0.154
2,1659,0.152
2,1660,0.177
2,1661,0.153
2,1662,3.447
2,1663,0.152
2,1664,0.158
2,1665,0.155
2,1666,0.156
2,1667,0.153
2,1668,0.163
2,1669,0.153
2,1670,0.152
2,1671,0.153
2,1672,0.154
2,1673,0.154
2,1674,1.256
2,1675,0.163
2,1676,0.154
2,1677,0.154
2,1678,0.151
2,1679,0.153
2,1680,0.163
2,1681,0.168
2,1682,0.154
2,1683,0.152
2,1684,0.153
2,1685,0.153
2,1686,3.623
2,1687,0.153
2,1688,0.169
2,1689,0.153
2,1690,0.152
2,1691,0.153
2,1692,0.169
2,1693,0.153
2,1694,0.153
2,1695,0.152
2,1696,0.155
2,1697,0.153
2,1698,1.857
2,1699,0.153
2,1700,0.155
2,1701,0.152
2,1702,0.153
2,1703,0.153
2,1704,0.167
2,1705,0.153
2,1706,0.153
2,1707,0.153
2,1708,0.160
2,1709,0.154
2,1710,1.364
2,1711,0.153
2,1712,0.156
2,1713,0.153
2,1714,0.151
2,1715,0.153
2,1716,0.161
2,1717,0.153
2,1718,0.156
2,1719,0.152
2,1720,0.157
2,1721,0.152
2,1722,2.655
2,1723,0.153
2,1724,0.153
2,1725,0.155
2,1726,0.152
2,1727,0.153
2,1728,0.179
2,1729,0.153
2,1730,0.153
2,1731,0.152
2,1732,0.164
2,1733,0.154
2,1734,1.563
2,1735,0.153
2,1736,0.154
2,1737,0.152
2,1738,0.152
2,1739,0.154
2,1740,0.490
2,1741,0.153
2,1742,0.153
2,1743,0.152
2,1744,0.164
2,1745,0.153
2,1746,0.728
2,1747,0.154
2,1748,0.153
2,1749,0.153
2,1750,0.154
2,1751,0.153
2,1752,0.717
2,1753,0.176
2,1754,0.153
2,1755,0.154
2,1756,0.153
2,1757,0.154
2,1758,1.035
2,1759,0.154
2,1760,0.886
2,1761,0.154
2,1762,0.161
2,1763,0.152
2,1764,2.120
2,1765,0.154
2,1766,0.174
2,1767,0.153
2,1768,0.153
2,1769,0.153
2,1770,0.155
2,1771,0.152
2,1772,0.167
2,1773,0.156
2,1774,0.152
2,1775,0.152
2,1776,1.528
2,1777,0.153
2,1778,0.162
2,1779,0.152
2,1780,0.157
2,1781,0.153
2,1782,0.153
2,1783,0.152
2,1784,0.163
2,1785,0.153
2,1786,0.153
2,1787,0.162
2,1788,1.414
2,1789,0.172
2,1790,0.153
2,1791,0.151
2,1792,0.160
2,1793,0.153
2,1794,0.157
2,1795,0.153
2,1796,0.160
2,1797,0.162
2,1798,0.163
2,1799,0.164
2,1800,1.040
2,1801,0.154
2,1802,0.153
2,1803,0.153
2,1804,0.155
2,1805,0.154
2,1806,0.153
2,1807,0.153
2,1808,0.581
2,1809,0.155
2,1810,0.159
2,1811,0.154
2,1812,0.955
2,1813,0.154
2,1814,0.152
2,1815,0.163
2,1816,0.154
2,1817,0.154
2,1818,0.397
2,1819,0.152
2,1820,0.817
2,1821,0.177
2,1822,0.154
2,1823,0.153
2,1824,0.683
2,1825,0.153
2,1826,0.153
2,1827,0.154
2,1828,0.154
2,1829,0.160
2,1830,0.153
2,1831,0.154
2,1832,0.704
2,1833,0.154
2,1834,0.153
2,1835,0.153
2,1836,0.577
2,1837,0.154
2,1838,0.153
2,1839,0.152
2,1840,0.164
2,1841,0.153
2,1842,0.258
2,1843,0.152
2,1844,0.992
2,1845,0.160
2,1846,0.160
2,1847,0.163
2,1848,0.218
2,1849,0.154
2,1850,0.152
2,1851,0.164
2,1852,0.154
2,1853,0.162
2,1854,0.615
2,1855,0.154
2,1856,0.779
2,1857,0.155
2,1858,0.152
2,1859,0.153
2,1860,0.206
2,1861,0.154
2,1862,0.153
2,1863,0.152
2,1864,0.532
2,1865,0.153
2,1866,0.956
2,1867,0.153
2,1868,0.383
2,1869,0.153
2,1870,0.153
2,1871,0.165
2,1872,0.154
2,1873,0.153
2,1874,0.153
2,1875,0.153
2,1876,0.370
2,1877,0.154
2,1878,1.143
2,1879,0.160
2,1880,0.489
2,1881,0.155
2,1882,0.152
2,1883,0.152
2,1884,0.249
2,1885,0.154
2,1886,0.153
2,1887,0.162
2,1888,0.158
2,1889,0.153
2,1890,2.858
2,1891,0.153
2,1892,0.153
2,1893,0.154
2,1894,0.152
2,1895,0.154
2,1896,0.159
2,1897,0.155
2,1898,0.152
2,1899,0.152
2,1900,0.169
2,1901,0.154
2,1902,1.373
2,1903,0.153
2,1904,0.164
2,1905,0.153
2,1906,0.153
2,1907,0.154
2,1908,0.160
2,1909,0.153
2,1910,0.153
2,1911,0.154
2,1912,0.153
2,1913,0.152
2,1914,1.298
2,1915,0.154
2,1916,0.156
2,1917,0.156
2,1918,0.156
2,1919,0.154
2,1920,0.162
2,1921,0.153
2,1922,0.167
2,1923,0.152
2,1924,0.156
2,1925,0.154
2,1926,2.967
2,1927,0.186
2,1928,0.154
2,1929,0.154
2,1930,0.152
2,1931,0.161
2,1932,0.164
2,1933,0.153
2,1934,0.152
2,1935,0.153
2,1936,0.163
2,1937,0.153
2,1938,1.396
2,1939,0.153
2,1940,0.154
2,1941,0.156
2,1942,0.161
2,1943,0.164
2,1944,1.046
2,1945,0.153
2,1946,0.153
2,1947,0.151
2,1948,0.158
2,1949,0.154
2,1950,1.049
2,1951,0.155
2,1952,0.154
2,1953,0.153
2,1954,0.152
2,1955,0.154
2,1956,0.315
2,1957,0.154
2,1958,0.153
2,1959,0.152
2,1960,0.193
2,1961,0.153
2,1962,0.987
2,1963,0.152
2,1964,0.154
2,1965,0.153
2,1966,0.152
2,1967,0.162
2,1968,1.416
2,1969,0.155
2,1970,0.153
2,1971,0.152
2,1972,0.164
2,1973,0.153
2,1974,0.254
2,1975,0.153
2,1976,0.153
2,1977,0.154
2,1978,0.153
2,1979,0.153
2,1980,1.530
2,1981,0.171
2,1982,0.153
2,1983,0.155
2,1984,0.175
2,1985,0.154
2,1986,0.153
2,1987,0.153
2,1988,0.188
2,1989,0.153
2,1990,0.154
2,1991,0.152
2,1992,1.399
2,1993,0.153
2,1994,0.152
2,1995,0.153
2,1996,0.159
2,1997,0.156
2,1998,0.152
2,1999,0.153
2,2000,0.244
2,2001,0.153
2,2002,0.154
2,2003,0.153
2,2004,1.219
2,2005,0.154
2,2006,0.154
2,2007,0.154
2,2008,0.167
2,2009,0.153
2,2010,0.152
2,2011,0.152
2,2012,0.333
2,2013,0.159
2,2014,0.152
2,2015,0.153
2,2016,1.087
2,2017,0.154
2,2018,0.165
2,2019,0.154
2,2020,0.162
2,2021,0.153
2,2022,0.154
2,2023,0.166
2,2024,0.162
2,2025,0.154
2,2026,0.153
2,2027,0.153
2,2028,1.260
2,2029,0.154
2,2030,0.154
2,2031,0.160
2,2032,0.177
2,2033,0.154
2,2034,0.483
2,2035,0.156
2,2036,0.757
2,2037,0.154
2,2038,0.153
2,2039,0.165
2,2040,0.512
2,2041,0.152
2,2042,0.153
2,2043,0.152
2,2044,0.175
2,2045,0.153
2,2046,0.585
2,2047,0.152
2,2048,0.413
2,2049,0.154
2,2050,0.153
2,2051,0.154
2,2052,0.616
2,2053,0.153
2,2054,0.152
2,2055,0.153
2,2056,0.182
2,2057,0.153
2,2058,0.639
2,2059,0.154
2,2060,1.463
2,2061,0.153
2,2062,0.153
2,2063,0.152
2,2064,0.161
2,2065,0.153
2,2066,0.152
2,2067,0.153
2,2068,0.166
2,2069,0.155
2,2070,0.152
2,2071,0.153
2,2072,1.379
2,2073,0.153
2,2074,0.152
2,2075,0.153
2,2076,0.173
2,2077,0.154
2,2078,0.152
2,2079,0.153
2,2080,0.167
2,2081,0.169
2,2082,0.165
2,2083,0.172
2,2084,1.259
2,2085,0.155
2,2086,0.152
2,2087,0.156
2,2088,1.283
2,2089,0.153
2,2090,0.152
2,2091,0.153
2,2092,0.173
2,2093,0.153
2,2094,0.152
2,2095,0.153
2,2096,0.230
2,2097,0.153
2,2098,0.153
2,2099,0.153
2,2100,1.259
2,2101,0.154
2,2102,0.152
2,2103,0.153
2,2104,0.167
2,2105,0.155
2,2106,0.153
2,2107,0.152
2,2108,0.214
2,2109,0.157
2,2110,0.152
2,2111,0.152
2,2112,1.198
2,2113,0.155
2,2114,0.153
2,2115,0.152
2,2116,0.156
2,2117,0.154
2,2118,0.152
2,2119,0.152
2,2120,0.516
2,2121,0.162
2,2122,0.152
2,2123,0.152
2,2124,1.024
2,2125,0.153
2,2126,0.153
2,2127,0.152
2,2128,0.178
2,2129,0.153
2,2130,0.152
2,2131,0.170
2,2132,0.542
2,2133,0.153
2,2134,0.152
2,2135,0.152
2,2136,1.586
2,2137,0.153
2,2138,0.152
2,2139,0.152
2,2140,0.175
2,2141,0.153
2,2142,0.152
2,2143,0.153
2,2144,0.155
2,2145,0.153
2,2146,0.154
2,2147,0.152
2,2148,1.524
2,2149,0.154
2,2150,0.153
2,2151,0.152
2,2152,0.170
2,2153,0.152
2,2154,0.154
2,2155,0.152
2,2156,0.168
2,2157,0.156
2,2158,0.160
2,2159,0.162
2,2160,1.202
2,2161,0.153
2,2162,0.153
2,2163,0.152
2,2164,0.158
2,2165,0.159
2,2166,0.171
2,2167,0.153
2,2168,0.474
2,2169,0.153
2,2170,0.154
2,2171,0.153
2,2172,1.070
2,2173,0.153
2,2174,0.152
2,2175,0.162
2,2176,0.163
2,2177,0.154
2,2178,0.156
2,2179,0.153
2,2180,0.493
2,2181,0.154
2,2182,0.153
2,2183,0.152
2,2184,1.077
2,2185,0.153
2,2186,0.153
2,2187,0.152
2,2188,0.163
2,2189,0.154
2,2190,0.153
2,2191,0.152
2,2192,2.117
2,2193,0.153
2,2194,0.153
2,2195,0.152
2,2196,0.164
2,2197,0.155
2,2198,0.158
2,2199,0.152
2,2200,0.153
2,2201,0.154
2,2202,0.152
2,2203,0.168
2,2204,1.452
2,2205,0.154
2,2206,0.152
2,2207,0.153
2,2208,0.167
2,2209,0.153
2,2210,0.164
2,2211,0.152
2,2212,0.154
2,2213,0.153
2,2214,0.153
2,2215,0.152
2,2216,1.566
2,2217,0.153
2,2218,0.152
2,2219,0.153
2,2220,0.165
2,2221,0.153
2,2222,0.162
2,2223,0.154
2,2224,0.172
2,2225,0.153
2,2226,0.152
2,2227,0.153
2,2228,1.930
2,2229,0.152
2,2230,0.152
2,2231,0.153
2,2232,0.158
2,2233,0.153
2,2234,0.153
2,2235,0.152
2,2236,0.176
2,2237,0.152
2,2238,0.152
2,2239,0.153
2,2240,1.395
2,2241,0.153
2,2242,0.153
2,2243,0.153
2,2244,0.169
2,2245,0.155
2,2246,0.152
2,2247,0.154
2,2248,0.165
2,2249,0.153
2,2250,0.152
2,2251,0.154
2,2252,2.565
2,2253,0.153
2,2254,0.151
2,2255,0.152
2,2256,0.165
2,2257,0.153
2,2258,0.165
2,2259,0.151
2,2260,0.154
2,2261,0.153
2,2262,0.153
2,2263,0.152
2,2264,1.380
2,2265,0.153
2,2266,0.154
2,2267,0.156
2,2268,0.164
2,2269,0.154
2,2270,0.171
2,2271,0.153
2,2272,0.161
2,2273,0.153
2,2274,0.152
2,2275,0.152
2,2276,1.212
2,2277,0.162
2,2278,0.153
2,2279,0.152
2,2280,0.155
2,2281,0.161
2,2282,0.152
2,2283,0.152
2,2284,0.169
2,2285,0.154
2,2286,0.152
2,2287,0.153
2,2288,2.523
2,2289,0.154
2,2290,0.152
2,2291,0.152
2,2292,0.170
2,2293,0.152
2,2294,0.153
2,2295,0.152
2,2296,0.164
2,2297,0.153
2,2298,0.153
2,2299,0.152
2,2300,1.189
2,2301,0.160
2,2302,0.153
2,2303,0.152
2,2304,0.167
2,2305,0.163
2,2306,0.153
2,2307,0.153
2,2308,0.153
2,2309,0.161
2,2310,0.152
2,2311,0.153
2,2312,1.471
2,2313,0.153
2,2314,0.160
2,2315,0.153
2,2316,0.154
2,2317,0.154
2,2318,0.152
2,2319,0.152
2,2320,0.185
2,2321,0.163
2,2322,0.152
2,2323,0.153
2,2324,1.364
2,2325,0.154
2,2326,0.153
2,2327,0.152
2,2328,0.154
2,2329,0.154
2,2330,0.154
2,2331,0.152
2,2332,0.156
2,2333,0.154
2,2334,0.152
2,2335,0.154
2,2336,2.394
2,2337,0.153
2,2338,0.158
2,2339,0.152
2,2340,0.174
2,2341,0.154
2,2342,0.152
2,2343,0.152
2,2344,0.167
2,2345,0.154
2,2346,0.152
2,2347,0.157
2,2348,1.098
2,2349,0.161
2,2350,0.153
2,2351,0.155
2,2352,0.154
2,2353,0.153
2,2354,0.154
2,2355,0.152
2,2356,0.184
2,2357,0.160
2,2358,0.153
2,2359,0.152
2,2360,1.104
2,2361,0.159
2,2362,0.153
2,2363,0.152
2,2364,0.158
2,2365,0.153
2,2366,0.154
2,2367,0.152
2,2368,0.164
2,2369,0.154
2,2370,0.152
2,2371,0.162
2,2372,2.448
2,2373,0.153
2,2374,0.152
2,2375,0.153
2,2376,0.174
2,2377,0.154
2,2378,0.152
2,2379,0.168
2,2380,0.164
2,2381,0.155
2,2382,0.152
2,2383,0.153
2,2384,1.220
2,2385,0.154
2,2386,0.152
2,2387,0.153
2,2388,0.159
2,2389,0.154
2,2390,0.152
2,2391,0.153
2,2392,0.154
2,2393,0.155
2,2394,0.153
2,2395,0.162
2,2396,1.400
2,2397,0.153
2,2398,0.153
2,2399,0.155
2,2400,0.158
2,2401,0.154
2,2402,0.153
2,2403,0.152
2,2404,0.178
2,2405,0.170
2,2406,0.153
2,2407,0.153
2,2408,1.640
2,2409,0.153
2,2410,0.153
2,2411,0.153
2,2412,0.156
2,2413,0.154
2,2414,0.153
2,2415,0.152
2,2416,0.157
2,2417,0.153
2,2418,0.154
2,2419,0.151
2,2420,2.283
2,2421,0.152
2,2422,0.152
2,2423,0.152
2,2424,0.193
2,2425,0.152
2,2426,0.153
2,2427,0.156
2,2428,0.161
2,2429,0.153
2,2430,0.152
2,2431,0.152
2,2432,1.168
2,2433,0.152
2,2434,0.153
2,2435,0.173
2,2436,0.164
2,2437,0.153
2,2438,0.153
2,2439,0.152
2,2440,0.166
2,2441,0.153
2,2442,0.153
2,2443,0.158
2,2444,1.443
2,2445,0.154
2,2446,0.154
2,2447,0.155
2,2448,0.169
2,2449,0.154
2,2450,0.165
2,2451,0.158
2,2452,0.157
2,2453,0.153
2,2454,0.165
2,2455,0.153
2,2456,1.541
2,2457,0.153
2,2458,0.151
2,2459,0.153
2,2460,0.161
2,2461,0.160
2,2462,0.153
2,2463,0.152
2,2464,0.162
2,2465,0.153
2,2466,0.153
2,2467,0.153
2,2468,2.413
2,2469,0.152
2,2470,0.153
2,2471,0.152
2,2472,0.161
2,2473,0.156
2,2474,0.152
2,2475,0.153
2,2476,0.167
2,2477,0.153
2,2478,0.153
2,2479,0.152
2,2480,1.152
2,2481,0.153
2,2482,0.153
2,2483,0.153
2,2484,0.157
2,2485,0.165
2,2486,0.153
2,2487,0.154
2,2488,0.170
2,2489,0.153
2,2490,0.152
2,2491,0.153
2,2492,1.416
2,2493,0.152
2,2494,0.152
2,2495,0.153
2,2496,0.167
2,2497,0.154
2,2498,0.152
2,2499,0.153
2,2500,0.162
3,2,0.459
3,3,0.152
3,4,0.828
3,5,0.154
3,6,0.153
3,7,0.154
3,8,0.159
3,9,0.153
3,10,0.153
3,11,0.152
3,12,1.128
3,13,0.153
3,14,0.153
3,15,0.152
3,16,0.843
3,17,0.154
3,18,0.152
3,19,0.153
3,20,0.156
3,21,0.171
3,22,0.154
3,23,0.177
3,24,0.830
3,25,0.153
3,26,0.153
3,27,0.154
3,28,0.716
3,29,0.154
3,30,0.152
3,31,0.153
3,32,0.154
3,33,0.153
3,34,0.153
3,35,0.154
3,36,0.954
3,37,0.154
3,38,0.153
3,39,0.153
3,40,1.041
3,41,0.154
3,42,0.153
3,43,0.152
3,44,0.166
3,45,0.154
3,46,0.152
3,47,0.153
3,48,0.448
3,49,0.170
3,50,0.153
3,51,0.153
3,52,1.224
3,53,0.155
3,54,0.152
3,55,0.154
3,56,0.155
3,57,0.155
3,58,0.153
3,59,0.169
3,60,0.850
3,61,0.153
3,62,0.159
3,63,0.152
3,64,0.623
3,65,0.155
3,66,0.152
3,67,0.152
3,68,0.236
3,69,0.166
3,70,0.153
3,71,0.169
3,72,0.561
3,73,0.153
3,74,0.153
3,75,0.157
3,76,1.294
3,77,0.154
3,78,0.153
3,79,0.152
3,80,0.157
3,81,0.154
3,82,0.160
3,83,0.153
3,84,0.565
3,85,0.154
3,86,0.152
3,87,0.153
3,88,0.974
3,89,0.155
3,90,0.153
3,91,0.152
3,92,0.155
3,93,0.153
3,94,0.165
3,95,0.157
3,96,1.071
3,97,0.156
3,98,0.152
3,99,0.154
3,100,0.932
3,101,0.154
3,102,0.152
3,103,0.153
3,104,0.161
3,105,0.154
3,106,0.153
3,107,0.153
3,108,1.118
3,109,0.154
3,110,0.153
3,111,0.153
3,112,0.649
3,113,0.167
3,114,0.153
3,115,0.158
3,116,0.154
3,117,0.155
3,118,0.153
3,119,0.155
3,120,1.113
3,121,0.153
3,122,0.152
3,123,0.152
3,124,1.385
3,125,0.153
3,126,0.152
3,127,0.153
3,128,0.173
3,129,0.161
3,130,0.154
3,131,0.153
3,132,0.745
3,133,0.154
3,134,0.152
3,135,0.153
3,136,1.401
3,137,0.153
3,138,0.153
3,139,0.153
3,140,0.164
3,141,0.153
3,142,0.153
3,143,0.153
3,144,0.701
3,145,0.154
3,146,0.153
3,147,0.152
3,148,1.522
3,149,0.153
3,150,0.152
3,151,0.158
3,152,0.166
3,153,0.153
3,154,0.152
3,155,0.153
3,156,0.489
3,157,0.154
3,158,0.153
3,159,0.152
3,160,1.630
3,161,0.156
3,162,0.154
3,163,0.153
3,164,0.164
3,165,0.170
3,166,0.154
3,167,0.152
3,168,0.235
3,169,0.165
3,170,0.160
3,171,0.152
3,172,1.903
3,173,0.157
3,174,0.152
3,175,0.152
3,176,0.168
3,177,0.153
3,178,0.154
3,179,0.153
3,180,0.170
3,181,0.163
3,182,0.153
3,183,0.152
3,184,1.776
3,185,0.154
3,186,0.153
3,187,0.153
3,188,0.175
3,189,0.159
3,190,0.152
3,191,0.153
3,192,0.157
3,193,0.168
3,194,0.153
3,195,0.152
3,196,1.702
3,197,0.153
3,198,0.154
3,199,0.153
3,200,0.163
3,201,0.153
3,202,0.168
3,203,0.153
3,204,0.155
3,205,0.153
3,206,0.152
3,207,0.153
3,208,2.072
3,209,0.153
3,210,0.160
3,211,0.157
3,212,0.154
3,213,0.154
3,214,0.152
3,215,0.161
3,216,0.158
3,217,0.153
3,218,0.153
3,219,0.152
3,220,1.719
3,221,0.154
3,222,0.153
3,223,0.153
3,224,0.171
3,225,0.153
3,226,0.154
3,227,0.153
3,228,0.159
3,229,0.153
3,230,0.167
3,231,0.152
3,232,2.448
3,233,0.157
3,234,0.152
3,235,0.153
3,236,0.168
3,237,0.154
3,238,0.153
3,239,0.152
3,240,0.183
3,241,0.160
3,242,0.152
3,243,0.153
3,244,1.802
3,245,0.156
3,246,0.153
3,247,0.152
3,248,0.175
3,249,0.152
3,250,0.153
3,251,0.152
3,252,0.159
3,253,0.153
3,254,0.153
3,255,0.152
3,256,2.179
3,257,0.159
3,258,0.152
3,259,0.159
3,260,0.153
3,261,0.154
3,262,0.152
3,263,0.152
3,264,0.155
3,265,0.153
3,266,0.153
3,267,0.152
3,268,1.607
3,269,0.158
3,270,0.152
3,271,0.153
3,272,0.161
3,273,0.153
3,274,0.153
3,275,0.179
3,276,0.153
3,277,0.153
3,278,0.153
3,279,0.152
3,280,1.778
3,281,0.154
3,282,0.152
3,283,0.152
3,284,0.156
3,285,0.155
3,286,0.152
3,287,0.153
3,288,0.155
3,289,0.154
3,290,0.152
3,291,0.153
3,292,1.818
3,293,0.159
3,294,0.154
3,295,0.153
3,296,0.161
3,297,0.154
3,298,0.152
3,299,0.153
3,300,0.166
3,301,0.156
3,302,0.153
3,303,0.153
3,304,1.541
3,305,0.153
3,306,0.152
3,307,0.158
3,308,0.161
3,309,0.159
3,310,0.152
3,311,0.175
3,312,0.154
3,313,0.153
3,314,0.153
3,315,0.153
3,316,2.013
3,317,0.154
3,318,0.152
3,319,0.152
3,320,0.188
3,321,0.153
3,322,0.152
3,323,0.153
3,324,0.155
3,325,0.153
3,326,0.152
3,327,0.153
3,328,1.709
3,329,0.155
3,330,0.153
3,331,0.152
3,332,0.160
3,333,0.153
3,334,0.153
3,335,0.176
3,336,0.154
3,337,0.159
3,338,0.153
3,339,0.152
3,340,1.904
3,341,0.153
3,342,0.152
3,343,0.176
3,344,0.164
3,345,0.153
3,346,0.155
3,347,0.152
3,348,0.155
3,349,0.153
3,350,0.152
3,351,0.155
3,352,1.780
3,353,0.161
3,354,0.157
3,355,0.152
3,356,0.154
3,357,0.153
3,358,0.155
3,359,0.153
3,360,0.166
3,361,0.153
3,362,0.153
3,363,0.153
3,364,1.944
3,365,0.169
3,366,0.152
3,367,0.163
3,368,0.153
3,369,0.153
3,370,0.160
3,371,0.153
3,372,0.161
3,373,0.163
3,374,0.153
3,375,0.152
3,376,1.544
3,377,0.153
3,378,0.153
3,379,0.163
3,380,0.171
3,381,0.153
3,382,0.156
3,383,0.152
3,384,0.162
3,385,0.165
3,386,0.155
3,387,0.157
3,388,1.314
3,389,0.153
3,390,0.152
3,391,0.153
3,392,0.156
3,393,0.153
3,394,0.152
3,395,0.162
3,396,0.154
3,397,0.153
3,398,0.161
3,399,0.159
3,400,3.231
3,401,0.160
3,402,0.152
3,403,0.152
3,404,0.154
3,405,0.153
3,406,0.153
3,407,0.152
3,408,0.164
3,409,0.153
3,410,0.155
3,411,0.153
3,412,1.661
3,413,0.163
3,414,0.153
3,415,0.153
3,416,0.155
3,417,0.153
3,418,0.152
3,419,0.152
3,420,0.172
3,421,0.153
3,422,0.154
3,423,0.152
3,424,1.450
3,425,0.155
3,426,0.152
3,427,0.152
3,428,0.160
3,429,0.162
3,430,0.153
3,431,0.159
3,432,0.154
3,433,0.153
3,434,0.154
3,435,0.153
3,436,1.446
3,437,0.153
3,438,0.153
3,439,0.153
3,440,0.172
3,441,0.153
3,442,0.153
3,443,0.153
3,444,0.163
3,445,0.164
3,446,0.152
3,447,0.153
3,448,1.528
3,449,0.153
3,450,0.153
3,451,0.152
3,452,0.154
3,453,0.158
3,454,0.152
3,455,0.153
3,456,0.155
3,457,0.154
3,458,0.152
3,459,0.153
3,460,2.396
3,461,0.153
3,462,0.155
3,463,0.152
3,464,0.169
3,465,0.153
3,466,0.153
3,467,0.163
3,468,0.154
3,469,0.154
3,470,0.152
3,471,0.152
3,472,2.418
3,473,0.154
3,474,0.152
3,475,0.152
3,476,0.174
3,477,0.152
3,478,0.155
3,479,0.152
3,480,0.154
3,481,0.153
3,482,0.153
3,483,0.153
3,484,1.216
3,485,0.156
3,486,0.152
3,487,0.153
3,488,0.154
3,489,0.154
3,490,0.152
3,491,0.153
3,492,0.163
3,493,0.154
3,494,0.152
3,495,0.160
3,496,1.440
3,497,0.153
3,498,0.153
3,499,0.153
3,500,0.162
3,501,0.162
3,502,0.153
3,503,0.153
3,504,0.177
3,505,0.154
3,506,0.163
3,507,0.153
3,508,1.584
3,509,0.171
3,510,0.152
3,511,0.154
3,512,0.161
3,513,0.157
3,514,0.152
3,515,0.152
3,516,0.168
3,517,0.159
3,518,0.152
3,519,0.153
3,520,1.779
3,521,0.160
3,522,0.153
3,523,0.157
3,524,0.162
3,525,0.155
3,526,0.153
3,527,0.152
3,528,0.343
3,529,0.165
3,530,0.152
3,531,0.154
3,532,1.309
3,533,0.154
3,534,0.153
3,535,0.154
3,536,0.174
3,537,0.153
3,538,0.158
3,539,0.153
3,540,0.157
3,541,0.155
3,542,0.152
3,543,0.154
3,544,1.910
3,545,0.163
3,546,0.152
3,547,0.153
3,548,0.172
3,549,0.153
3,550,0.161
3,551,0.153
3,552,0.160
3,553,0.161
3,554,0.152
3,555,0.153
3,556,1.638
3,557,0.154
3,558,0.153
3,559,0.153
3,560,0.166
3,561,0.153
3,562,0.152
3,563,0.161
3,564,0.172
3,565,0.165
3,566,0.153
3,567,0.153
3,568,1.923
3,569,0.153
3,570,0.161
3,571,0.153
3,572,0.159
3,573,0.156
3,574,0.152
3,575,0.152
3,576,0.161
3,577,0.154
3,578,0.152
3,579,0.153
3,580,3.433
3,581,0.153
3,582,0.152
3,583,0.151
3,584,0.164
3,585,0.152
3,586,0.152
3,587,0.152
3,588,0.159
3,589,0.153
3,590,0.152
3,591,0.152
3,592,1.494
3,593,0.153
3,594,0.154
3,595,0.152
3,596,0.155
3,597,0.152
3,598,0.153
3,599,0.152
3,600,0.357
3,601,0.153
3,602,0.152
3,603,0.154
3,604,2.029
3,605,0.155
3,606,0.152
3,607,0.157
3,608,0.162
3,609,0.155
3,610,0.152
3,611,0.152
3,612,0.156
3,613,0.154
3,614,0.153
3,615,0.152
3,616,2.131
3,617,0.153
3,618,0.152
3,619,0.152
3,620,0.186
3,621,0.154
3,622,0.153
3,623,0.153
3,624,0.163
3,625,0.154
3,626,0.172
3,627,0.152
3,628,2.160
3,629,0.153
3,630,0.154
3,631,0.161
3,632,0.153
3,633,0.159
3,634,0.166
3,635,0.152
3,636,0.153
3,637,0.154
3,638,0.153
3,639,0.153
3,640,2.117
3,641,0.160
3,642,0.152
3,643,0.156
3,644,0.154
3,645,0.154
3,646,0.154
3,647,0.153
3,648,0.168
3,649,0.155
3,650,0.152
3,651,0.153
3,652,1.666
3,653,0.154
3,654,0.152
3,655,0.152
3,656,0.157
3,657,0.153
3,658,0.152
3,659,0.153
3,660,0.158
3,661,0.154
3,662,0.155
3,663,0.152
3,664,1.961
3,665,0.154
3,666,0.152
3,667,0.152
3,668,0.173
3,669,0.153
3,670,0.152
3,671,0.153
3,672,0.180
3,673,0.153
3,674,0.152
3,675,0.153
3,676,1.865
3,677,0.153
3,678,0.153
3,679,0.170
3,680,0.154
3,681,0.154
3,682,0.152
3,683,0.157
3,684,0.165
3,685,0.163
3,686,0.153
3,687,0.153
3,688,1.629
3,689,0.153
3,690,0.157
3,691,0.153
3,692,0.349
3,693,0.153
3,694,0.152
3,695,0.153
3,696,0.180
3,697,0.166
3,698,0.153
3,699,0.152
3,700,1.418
3,701,0.153
3,702,0.167
3,703,0.152
3,704,0.156
3,705,0.153
3,706,0.163
3,707,0.152
3,708,0.165
3,709,0.154
3,710,0.152
3,711,0.153
3,712,2.083
3,713,0.157
3,714,0.153
3,715,0.155
3,716,0.164
3,717,0.153
3,718,0.151
3,719,0.154
3,720,0.180
3,721,0.153
3,722,0.154
3,723,0.152
3,724,2.207
3,725,0.154
3,726,0.152
3,727,0.152
3,728,0.193
3,729,0.160
3,730,0.152
3,731,0.152
3,732,0.167
3,733,0.153
3,734,0.153
3,735,0.152
3,736,2.180
3,737,0.152
3,738,0.152
3,739,0.152
3,740,0.179
3,741,0.153
3,742,0.152
3,743,0.152
3,744,0.172
3,745,0.154
3,746,0.153
3,747,0.152
3,748,1.877
3,749,0.153
3,750,0.152
3,751,0.152
3,752,0.162
3,753,0.160
3,754,0.156
3,755,0.152
3,756,0.158
3,757,0.153
3,758,0.153
3,759,0.152
3,760,2.147
3,761,0.164
3,762,0.154
3,763,0.152
3,764,0.162
3,765,0.152
3,766,0.153
3,767,0.152
3,768,0.164
3,769,0.153
3,770,0.152
3,771,0.153
3,772,1.438
3,773,0.153
3,774,0.153
3,775,0.153
3,776,0.163
3,777,0.153
3,778,0.153
3,779,0.160
3,780,0.163
3,781,0.154
3,782,0.153
3,783,0.169
3,784,2.199
3,785,0.153
3,786,0.164
3,787,0.152
3,788,0.178
3,789,0.152
3,790,0.154
3,791,0.152
3,792,0.159
3,793,0.153
3,794,0.152
3,795,0.152
3,796,1.412
3,797,0.153
3,798,0.152
3,799,0.153
3,800,0.168
3,801,0.153
3,802,0.153
3,803,0.161
3,804,0.154
3,805,0.153
3,806,0.153
3,807,0.167
3,808,1.667
3,809,0.157
3,810,0.160
3,811,0.152
3,812,0.154
3,813,0.153
3,814,0.153
3,815,0.162
3,816,0.163
3,817,0.153
3,818,0.152
3,819,0.161
3,820,1.509
3,821,0.154
3,822,0.161
3,823,0.153
3,824,0.163
3,825,0.153
3,826,0.152
3,827,0.152
3,828,0.166
3,829,0.154
3,830,0.152
3,831,0.159
3,832,1.524
3,833,0.154
3,834,0.155
3,835,0.153
3,836,0.168
3,837,0.164
3,838,0.152
3,839,0.159
3,840,0.160
3,841,0.153
3,842,0.152
3,843,0.153
3,844,1.303
3,845,0.153
3,846,0.152
3,847,0.153
3,848,0.161
3,849,0.153
3,850,0.153
3,851,0.154
3,852,0.180
3,853,0.153
3,854,0.153
3,855,0.152
3,856,1.454
3,857,0.162
3,858,0.153
3,859,0.152
3,860,0.156
3,861,0.154
3,862,0.152
3,863,0.153
3,864,0.175
3,865,0.153
3,866,0.161
3,867,0.169
3,868,1.549
3,869,0.153
3,870,0.153
3,871,0.160
3,872,0.158
3,873,0.152
3,874,0.152
3,875,0.154
3,876,0.190
3,877,0.153
3,878,0.163
3,879,0.153
3,880,1.667
3,881,0.153
3,882,0.152
3,883,0.153
3,884,0.163
3,885,0.154
3,886,0.152
3,887,0.153
3,888,0.179
3,889,0.154
3,890,0.152
3,891,0.153
3,892,1.575
3,893,0.153
3,894,0.160
3,895,0.157
3,896,0.156
3,897,0.153
3,898,0.153
3,899,0.153
3,900,0.162
3,901,0.158
3,902,0.152
3,903,0.152
3,904,1.598
3,905,0.153
3,906,0.153
3,907,0.176
3,908,0.164
3,909,0.162
3,910,0.158
3,911,0.153
3,912,0.165
3,913,0.153
3,914,0.154
3,915,0.152
3,916,1.314
3,917,0.173
3,918,0.160
3,919,0.153
3,920,0.169
3,921,0.152
3,922,0.161
3,923,0.172
3,924,0.154
3,925,0.153
3,926,0.152
3,927,0.153
3,928,2.196
3,929,0.165
3,930,0.177
3,931,0.152
3,932,0.154
3,933,0.154
3,934,0.152
3,935,0.153
3,936,0.189
3,937,0.153
3,938,0.152
3,939,0.153
3,940,1.599
3,941,0.153
3,942,0.153
3,943,0.152
3,944,0.164
3,945,0.166
3,946,0.158
3,947,0.159
3,948,0.154
3,949,0.156
3,950,0.152
3,951,0.153
3,952,1.453
3,953,0.156
3,954,0.152
3,955,0.154
3,956,0.158
3,957,0.154
3,958,0.152
3,959,0.152
3,960,0.177
3,961,0.154
3,962,0.152
3,963,0.152
3,964,1.418
3,965,0.154
3,966,0.153
3,967,0.154
3,968,0.175
3,969,0.153
3,970,0.159
3,971,0.152
3,972,0.157
3,973,0.160
3,974,0.153
3,975,0.158
3,976,1.564
3,977,0.153
3,978,0.175
3,979,0.159
3,980,0.154
3,981,0.162
3,982,0.153
3,983,0.152
3,984,0.161
3,985,0.155
3,986,0.160
3,987,0.153
3,988,1.157
3,989,0.154
3,990,0.152
3,991,0.152
3,992,0.166
3,993,0.153
3,994,0.170
3,995,0.164
3,996,0.153
3,997,0.155
3,998,0.162
3,999,0.152
3,1000,1.598
3,1001,0.154
3,1002,0.161
3,1003,0.153
3,1004,0.155
3,1005,0.153
3,1006,0.158
3,1007,0.161
3,1008,0.155
3,1009,0.167
3,1010,0.152
3,1011,0.153
3,1012,1.176
3,1013,0.154
3,1014,0.153
3,1015,0.152
3,1016,0.171
3,1017,0.154
3,1018,0.153
3,1019,0.154
3,1020,0.166
3,1021,0.154
3,1022,0.154
3,1023,0.164
3,1024,1.514
3,1025,0.168
3,1026,0.155
3,1027,0.152
3,1028,0.156
3,1029,0.163
3,1030,0.153
3,1031,0.153
3,1032,0.166
3,1033,0.153
3,1034,0.152
3,1035,0.162
3,1036,1.300
3,1037,0.173
3,1038,0.153
3,1039,0.175
3,1040,0.163
3,1041,0.157
3,1042,0.153
3,1043,0.153
3,1044,0.184
3,1045,0.153
3,1046,0.158
3,1047,0.156
3,1048,1.490
3,1049,0.154
3,1050,0.153
3,1051,0.156
3,1052,0.155
3,1053,0.154
3,1054,0.153
3,1055,0.154
3,1056,0.169
3,1057,0.160
3,1058,0.166
3,1059,0.154
3,1060,1.129
3,1061,0.153
3,1062,0.155
3,1063,0.160
3,1064,0.154
3,1065,0.154
3,1066,0.153
3,1067,0.153
3,1068,0.173
3,1069,0.154
3,1070,0.152
3,1071,0.158
3,1072,1.060
3,1073,0.154
3,1074,0.152
3,1075,0.154
3,1076,0.155
3,1077,0.154
3,1078,0.153
3,1079,0.153
3,1080,0.167
3,1081,0.156
3,1082,0.153
3,1083,0.154
3,1084,1.501
3,1085,0.153
3,1086,0.154
3,1087,0.153
3,1088,0.177
3,1089,0.153
3,1090,0.153
3,1091,0.153
3,1092,0.168
3,1093,0.153
3,1094,0.158
3,1095,0.165
3,1096,1.429
3,1097,0.154
3,1098,0.153
3,1099,0.153
3,1100,0.176
3,1101,0.163
3,1102,0.157
3,1103,0.152
3,1104,0.159
3,1105,0.163
3,1106,0.153
3,1107,0.177
3,1108,1.391
3,1109,0.152
3,1110,0.153
3,1111,0.153
3,1112,0.178
3,1113,0.153
3,1114,0.153
3,1115,0.153
3,1116,0.177
3,1117,0.161
3,1118,0.153
3,1119,0.152
3,1120,1.392
3,1121,0.153
3,1122,0.153
3,1123,0.154
3,1124,0.155
3,1125,0.153
3,1126,0.161
3,1127,0.152
3,1128,0.155
3,1129,0.164
3,1130,0.166
3,1131,0.164
3,1132,1.150
3,1133,0.153
3,1134,0.152
3,1135,0.153
3,1136,0.165
3,1137,0.154
3,1138,0.152
3,1139,0.152
3,1140,0.175
3,1141,0.153
3,1142,0.153
3,1143,0.170
3,1144,1.614
3,1145,0.154
3,1146,0.153
3,1147,0.162
3,1148,0.155
3,1149,0.153
3,1150,0.152
3,1151,0.152
3,1152,0.155
3,1153,0.154
3,1154,0.154
3,1155,0.154
3,1156,1.515
3,1157,0.153
3,1158,0.153
3,1159,0.152
3,1160,0.168
3,1161,0.152
3,1162,0.153
3,1163,0.152
3,1164,0.174
3,1165,0.154
3,1166,0.159
3,1167,0.153
3,1168,1.474
3,1169,0.154
3,1170,0.152
3,1171,0.153
3,1172,0.190
3,1173,0.153
3,1174,0.152
3,1175,0.152
3,1176,0.182
3,1177,0.153
3,1178,0.152
3,1179,0.153
3,1180,1.415
3,1181,0.154
3,1182,0.153
3,1183,0.153
3,1184,0.166
3,1185,0.153
3,1186,0.153
3,1187,0.153
3,1188,0.164
3,1189,0.156
3,1190,0.153
3,1191,0.153
3,1192,2.227
3,1193,0.165
3,1194,0.152
3,1195,0.161
3,1196,0.153
3,1197,0.153
3,1198,0.158
3,1199,0.166
3,1200,0.153
3,1201,0.153
3,1202,0.153
3,1203,0.153
3,1204,1.271
3,1205,0.169
3,1206,0.153
3,1207,0.153
3,1208,0.153
3,1209,0.154
3,1210,0.152
3,1211,0.153
3,1212,0.169
3,1213,0.154
3,1214,0.152
3,1215,0.153
3,1216,1.266
3,1217,0.155
3,1218,0.153
3,1219,0.153
3,1220,0.155
3,1221,0.153
3,1222,0.170
3,1223,0.158
3,1224,0.155
3,1225,0.153
3,1226,0.177
3,1227,0.167
3,1228,1.454
3,1229,0.154
3,1230,0.153
3,1231,0.153
3,1232,0.168
3,1233,0.153
3,1234,0.172
3,1235,0.164
3,1236,0.158
3,1237,0.153
3,1238,0.153
3,1239,0.162
3,1240,0.942
3,1241,0.154
3,1242,0.152
3,1243,0.152
3,1244,0.154
3,1245,0.163
3,1246,0.153
3,1247,0.153
3,1248,0.163
3,1249,0.154
3,1250,0.154
3,1251,0.152
3,1252,1.773
3,1253,0.153
3,1254,0.153
3,1255,0.152
3,1256,0.162
3,1257,0.153
3,1258,0.152
3,1259,0.153
3,1260,0.171
3,1261,0.167
3,1262,0.152
3,1263,0.153
3,1264,1.756
3,1265,0.155
3,1266,0.152
3,1267,0.153
3,1268,0.158
3,1269,0.153
3,1270,0.153
3,1271,0.158
3,1272,0.158
3,1273,0.154
3,1274,0.152
3,1275,0.154
3,1276,1.294
3,1277,0.154
3,1278,0.152
3,1279,0.153
3,1280,0.168
3,1281,0.153
3,1282,0.152
3,1283,0.153
3,1284,0.173
3,1285,0.153
3,1286,0.153
3,1287,0.160
3,1288,1.285
3,1289,0.172
3,1290,0.154
3,1291,0.154
3,1292,0.169
3,1293,0.153
3,1294,0.153
3,1295,0.152
3,1296,0.177
3,1297,0.153
3,1298,0.162
3,1299,0.153
3,1300,1.244
3,1301,0.153
3,1302,0.153
3,1303,0.152
3,1304,0.162
3,1305,0.154
3,1306,0.152
3,1307,0.153
3,1308,0.164
3,1309,0.155
3,1310,0.152
3,1311,0.152
3,1312,1.156
3,1313,0.154
3,1314,0.153
3,1315,0.153
3,1316,0.162
3,1317,0.154
3,1318,0.151
3,1319,0.153
3,1320,0.154
3,1321,0.165
3,1322,0.153
3,1323,0.167
3,1324,1.194
3,1325,0.155
3,1326,0.153
3,1327,0.152
3,1328,0.173
3,1329,0.153
3,1330,0.153
3,1331,0.153
3,1332,0.156
3,1333,0.158
3,1334,0.162
3,1335,0.153
3,1336,1.140
3,1337,0.153
3,1338,0.152
3,1339,0.152
3,1340,0.157
3,1341,0.152
3,1342,0.152
3,1343,0.153
3,1344,1.271
3,1345,0.154
3,1346,0.184
3,1347,0.160
3,1348,0.195
3,1349,0.154
3,1350,0.152
3,1351,0.152
3,1352,0.155
3,1353,0.159
3,1354,0.152
3,1355,0.153
3,1356,2.062
3,1357,0.153
3,1358,0.152
3,1359,0.152
3,1360,0.155
3,1361,0.152
3,1362,0.152
3,1363,0.163
3,1364,0.154
3,1365,0.161
3,1366,0.153
3,1367,0.153
3,1368,2.196
3,1369,0.154
3,1370,0.152
3,1371,0.153
3,1372,0.182
3,1373,0.152
3,1374,0.152
3,1375,0.153
3,1376,0.185
3,1377,0.158
3,1378,0.152
3,1379,0.153
3,1380,1.427
3,1381,0.154
3,1382,0.152
3,1383,0.153
3,1384,0.173
3,1385,0.153
3,1386,0.153
3,1387,0.152
3,1388,0.174
3,1389,0.156
3,1390,0.153
3,1391,0.152
3,1392,1.679
3,1393,0.153
3,1394,0.153
3,1395,0.153
3,1396,0.167
3,1397,0.153
3,1398,0.161
3,1399,0.152
3,1400,0.154
3,1401,0.154
3,1402,0.153
3,1403,0.153
3,1404,1.975
3,1405,0.155
3,1406,0.153
3,1407,0.164
3,1408,0.162
3,1409,0.159
3,1410,0.153
3,1411,0.159
3,1412,0.154
3,1413,0.155
3,1414,0.152
3,1415,0.153
3,1416,1.481
3,1417,0.152
3,1418,0.153
3,1419,0.153
3,1420,0.156
3,1421,0.153
3,1422,0.153
3,1423,0.152
3,1424,0.174
3,1425,0.154
3,1426,0.163
3,1427,0.153
3,1428,1.424
3,1429,0.166
3,1430,0.152
3,1431,0.153
3,1432,0.154
3,1433,0.163
3,1434,0.157
3,1435,0.153
3,1436,0.158
3,1437,0.153
3,1438,0.152
3,1439,0.157
3,1440,1.623
3,1441,0.153
3,1442,0.162
3,1443,0.152
3,1444,0.160
3,1445,0.161
3,1446,0.154
3,1447,0.153
3,1448,0.177
3,1449,0.153
3,1450,0.152
3,1451,0.154
3,1452,2.828
3,1453,0.153
3,1454,0.153
3,1455,0.152
3,1456,0.154
3,1457,0.153
3,1458,0.152
3,1459,0.153
3,1460,0.167
3,1461,0.153
3,1462,0.153
3,1463,0.152
3,1464,1.655
3,1465,0.154
3,1466,0.153
3,1467,0.153
3,1468,0.173
3,1469,0.153
3,1470,0.165
3,1471,0.173
3,1472,0.153
3,1473,0.152
3,1474,0.154
3,1475,0.152
3,1476,1.420
3,1477,0.153
3,1478,0.154
3,1479,0.163
3,1480,0.155
3,1481,0.154
3,1482,0.153
3,1483,0.152
3,1484,0.184
3,1485,0.153
3,1486,0.175
3,1487,0.153
3,1488,1.125
3,1489,0.153
3,1490,0.153
3,1491,0.153
3,1492,0.165
3,1493,0.153
3,1494,0.153
3,1495,0.152
3,1496,0.170
3,1497,0.154
3,1498,0.153
3,1499,0.153
3,1500,2.103
3,1501,0.161
3,1502,0.151
3,1503,0.153
3,1504,0.165
3,1505,0.153
3,1506,0.152
3,1507,0.152
3,1508,0.168
3,1509,0.153
3,1510,0.153
3,1511,0.152
3,1512,1.523
3,1513,0.163
3,1514,0.152
3,1515,0.152
3,1516,0.176
3,1517,0.153
3,1518,0.153
3,1519,0.153
3,1520,0.169
3,1521,0.154
3,1522,0.153
3,1523,0.153
3,1524,1.361
3,1525,0.154
3,1526,0.152
3,1527,0.153
3,1528,0.164
3,1529,0.154
3,1530,0.161
3,1531,0.154
3,1532,0.171
3,1533,0.153
3,1534,0.153
3,1535,0.155
3,1536,1.342
3,1537,0.152
3,1538,0.153
3,1539,0.153
3,1540,0.171
3,1541,0.169
3,1542,0.153
3,1543,0.165
3,1544,0.171
3,1545,0.153
3,1546,0.153
3,1547,0.154
3,1548,2.567
3,1549,0.154
3,1550,0.152
3,1551,0.152
3,1552,0.161
3,1553,0.153
3,1554,0.152
3,1555,0.153
3,1556,0.153
3,1557,0.153
3,1558,0.152
3,1559,0.153
3,1560,1.319
3,1561,0.152
3,1562,0.153
3,1563,0.162
3,1564,0.153
3,1565,0.153
3,1566,0.152
3,1567,0.159
3,1568,0.166
3,1569,0.159
3,1570,0.153
3,1571,0.165
3,1572,1.460
3,1573,0.154
3,1574,0.152
3,1575,0.153
3,1576,0.187
3,1577,0.153
3,1578,0.153
3,1579,0.153
3,1580,0.174
3,1581,0.153
3,1582,0.154
3,1583,0.164
3,1584,1.293
3,1585,0.169
3,1586,0.154
3,1587,0.153
3,1588,0.185
3,1589,0.163
3,1590,0.152
3,1591,0.153
3,1592,0.156
3,1593,0.153
3,1594,0.152
3,1595,0.153
3,1596,1.304
3,1597,0.153
3,1598,0.154
3,1599,0.152
3,1600,0.184
3,1601,0.153
3,1602,0.153
3,1603,0.152
3,1604,0.169
3,1605,0.154
3,1606,0.153
3,1607,0.152
3,1608,1.196
3,1609,0.153
3,1610,0.153
3,1611,0.152
3,1612,0.182
3,1613,0.153
3,1614,0.153
3,1615,0.169
3,1616,0.154
3,1617,0.155
3,1618,0.153
3,1619,0.154
3,1620,1.541
3,1621,0.155
3,1622,0.167
3,1623,0.163
3,1624,0.165
3,1625,0.154
3,1626,0.153
3,1627,0.156
3,1628,0.159
3,1629,0.153
3,1630,0.153
3,1631,0.152
3,1632,1.420
3,1633,0.153
3,1634,0.152
3,1635,0.153
3,1636,0.178
3,1637,0.160
3,1638,0.153
3,1639,0.169
3,1640,0.154
3,1641,0.154
3,1642,0.159
3,1643,0.152
3,1644,1.679
3,1645,0.154
3,1646,0.157
3,1647,0.155
3,1648,0.154
3,1649,0.152
3,1650,0.164
3,1651,0.153
3,1652,0.161
3,1653,0.153
3,1654,0.159
3,1655,0.153
3,1656,1.306
3,1657,0.153
3,1658,0.153
3,1659,0.153
3,1660,0.160
3,1661,0.154
3,1662,0.153
3,1663,0.167
3,1664,0.161
3,1665,0.153
3,1666,0.153
3,1667,0.163
3,1668,1.523
3,1669,0.153
3,1670,0.152
3,1671,0.153
3,1672,0.168
3,1673,0.164
3,1674,0.152
3,1675,0.154
3,1676,0.179
3,1677,0.154
3,1678,0.153
3,1679,0.153
3,1680,1.159
3,1681,0.153
3,1682,0.153
3,1683,0.153
3,1684,0.178
3,1685,0.153
3,1686,0.153
3,1687,0.153
3,1688,0.179
3,1689,0.156
3,1690,0.153
3,1691,0.153
3,1692,1.116
3,1693,0.154
3,1694,0.153
3,1695,0.153
3,1696,0.175
3,1697,0.153
3,1698,0.155
3,1699,0.154
3,1700,0.168
3,1701,0.153
3,1702,0.154
3,1703,0.162
3,1704,1.464
3,1705,0.154
3,1706,0.153
3,1707,0.155
3,1708,0.166
3,1709,0.153
3,1710,0.153
3,1711,0.153
3,1712,0.165
3,1713,0.153
3,1714,0.153
3,1715,0.153
3,1716,1.619
3,1717,0.153
3,1718,0.153
3,1719,0.153
3,1720,0.155
3,1721,0.155
3,1722,0.157
3,1723,0.174
3,1724,0.159
3,1725,0.155
3,1726,0.152
3,1727,0.154
3,1728,1.641
3,1729,0.154
3,1730,0.153
3,1731,0.159
3,1732,0.154
3,1733,0.194
3,1734,0.152
3,1735,0.159
3,1736,0.155
3,1737,0.158
3,1738,0.153
3,1739,0.153
3,1740,1.815
3,1741,0.158
3,1742,0.152
3,1743,0.152
3,1744,0.167
3,1745,0.153
3,1746,0.152
3,1747,0.153
3,1748,0.166
3,1749,0.155
3,1750,0.157
3,1751,0.152
3,1752,1.572
3,1753,0.158
3,1754,0.152
3,1755,0.152
3,1756,0.175
3,1757,0.152
3,1758,0.153
3,1759,0.161
3,1760,0.159
3,1761,0.153
3,1762,0.154
3,1763,0.170
3,1764,1.583
3,1765,0.181
3,1766,0.153
3,1767,0.152
3,1768,0.164
3,1769,0.153
3,1770,0.152
3,1771,0.153
3,1772,0.170
3,1773,0.167
3,1774,0.164
3,1775,0.153
3,1776,1.047
3,1777,0.153
3,1778,0.152
3,1779,0.153
3,1780,0.169
3,1781,0.153
3,1782,0.153
3,1783,0.153
3,1784,0.178
3,1785,0.161
3,1786,0.153
3,1787,0.154
3,1788,1.630
3,1789,0.154
3,1790,0.152
3,1791,0.154
3,1792,0.174
3,1793,0.178
3,1794,0.152
3,1795,0.164
3,1796,0.167
3,1797,0.154
3,1798,0.153
3,1799,0.153
3,1800,1.495
3,1801,0.166
3,1802,0.152
3,1803,0.154
3,1804,0.186
3,1805,0.153
3,1806,0.153
3,1807,0.164
3,1808,0.155
3,1809,0.158
3,1810,0.153
3,1811,0.152
3,1812,1.407
3,1813,0.153
3,1814,0.164
3,1815,0.154
3,1816,0.160
3,1817,0.173
3,1818,0.155
3,1819,0.152
3,1820,0.155
3,1821,0.154
3,1822,0.154
3,1823,0.152
3,1824,1.563
3,1825,0.154
3,1826,0.153
3,1827,0.152
3,1828,0.170
3,1829,0.181
3,1830,0.153
3,1831,0.162
3,1832,0.171
3,1833,0.154
3,1834,0.155
3,1835,0.152
3,1836,1.566
3,1837,0.165
3,1838,0.153
3,1839,0.157
3,1840,0.156
3,1841,0.158
3,1842,0.152
3,1843,0.171
3,1844,0.154
3,1845,0.154
3,1846,0.153
3,1847,0.153
3,1848,1.772
3,1849,0.153
3,1850,0.153
3,1851,0.153
3,1852,0.176
3,1853,0.153
3,1854,0.152
3,1855,0.152
3,1856,0.179
3,1857,0.154
3,1858,0.169
3,1859,0.152
3,1860,1.887
3,1861,0.156
3,1862,0.153
3,1863,0.155
3,1864,0.163
3,1865,0.153
3,1866,0.152
3,1867,0.159
3,1868,0.171
3,1869,0.153
3,1870,0.152
3,1871,0.153
3,1872,1.695
3,1873,0.154
3,1874,0.159
3,1875,0.158
3,1876,0.154
3,1877,0.153
3,1878,0.161
3,1879,0.154
3,1880,0.168
3,1881,0.153
3,1882,0.153
3,1883,0.164
3,1884,1.516
3,1885,0.153
3,1886,0.153
3,1887,0.152
3,1888,0.176
3,1889,0.162
3,1890,0.152
3,1891,0.153
3,1892,0.160
3,1893,0.152
3,1894,0.153
3,1895,0.152
3,1896,1.452
3,1897,0.153
3,1898,0.152
3,1899,0.153
3,1900,0.175
3,1901,0.152
3,1902,0.153
3,1903,0.155
3,1904,0.170
3,1905,0.153
3,1906,0.152
3,1907,0.160
3,1908,1.626
3,1909,0.154
3,1910,0.152
3,1911,0.152
3,1912,0.177
3,1913,0.168
3,1914,0.153
3,1915,0.152
3,1916,0.169
3,1917,0.153
3,1918,0.158
3,1919,0.160
3,1920,1.339
3,1921,0.155
3,1922,0.153
3,1923,0.153
3,1924,0.154
3,1925,0.154
3,1926,0.152
3,1927,0.153
3,1928,0.169
3,1929,0.164
3,1930,0.152
3,1931,0.166
3,1932,1.205
3,1933,0.152
3,1934,0.153
3,1935,0.152
3,1936,0.166
3,1937,0.153
3,1938,0.153
3,1939,0.153
3,1940,0.170
3,1941,0.153
3,1942,0.163
3,1943,0.152
3,1944,1.443
3,1945,0.154
3,1946,0.152
3,1947,0.152
3,1948,0.173
3,1949,0.153
3,1950,0.153
3,1951,0.152
3,1952,0.165
3,1953,0.154
3,1954,0.153
3,1955,0.165
3,1956,2.657
3,1957,0.153
3,1958,0.152
3,1959,0.153
3,1960,0.164
3,1961,0.152
3,1962,0.153
3,1963,0.152
3,1964,0.166
3,1965,0.156
3,1966,0.152
3,1967,0.155
3,1968,1.735
3,1969,0.154
3,1970,0.152
3,1971,0.153
3,1972,0.181
3,1973,0.153
3,1974,0.154
3,1975,0.153
3,1976,0.161
3,1977,0.156
3,1978,0.153
3,1979,0.153
3,1980,1.423
3,1981,0.155
3,1982,0.153
3,1983,0.158
3,1984,0.176
3,1985,0.153
3,1986,0.153
3,1987,0.153
3,1988,0.165
3,1989,0.161
3,1990,0.152
3,1991,0.153
3,1992,1.275
3,1993,0.153
3,1994,0.153
3,1995,0.153
3,1996,0.160
3,1997,0.154
3,1998,0.165
3,1999,0.153
3,2000,0.154
3,2001,0.153
3,2002,0.153
3,2003,0.152
3,2004,2.134
3,2005,0.153
3,2006,0.152
3,2007,0.153
3,2008,0.174
3,2009,0.153
3,2010,0.152
3,2011,0.152
3,2012,0.154
3,2013,0.153
3,2014,0.153
3,2015,0.153
3,2016,1.442
3,2017,0.152
3,2018,0.152
3,2019,0.154
3,2020,0.188
3,2021,0.161
3,2022,0.152
3,2023,0.154
3,2024,0.167
3,2025,0.157
3,2026,0.164
3,2027,0.153
3,2028,1.454
3,2029,0.153
3,2030,0.153
3,2031,0.163
3,2032,0.187
3,2033,0.154
3,2034,0.171
3,2035,0.152
3,2036,0.154
3,2037,0.153
3,2038,0.153
3,2039,0.152
3,2040,1.483
3,2041,0.153
3,2042,0.152
3,2043,0.153
3,2044,0.155
3,2045,0.180
3,2046,0.153
3,2047,0.162
3,2048,0.154
3,2049,0.154
3,2050,0.164
3,2051,0.152
3,2052,1.453
3,2053,0.158
3,2054,0.153
3,2055,0.153
3,2056,0.159
3,2057,0.153
3,2058,0.152
3,2059,0.154
3,2060,0.167
3,2061,0.168
3,2062,0.154
3,2063,0.154
3,2064,2.083
3,2065,0.153
3,2066,0.153
3,2067,0.152
3,2068,0.160
3,2069,0.153
3,2070,0.151
3,2071,0.153
3,2072,0.155
3,2073,0.152
3,2074,0.153
3,2075,0.152
3,2076,1.793
3,2077,0.154
3,2078,0.151
3,2079,0.154
3,2080,0.178
3,2081,0.153
3,2082,0.161
3,2083,0.153
3,2084,0.162
3,2085,0.153
3,2086,0.153
3,2087,0.162
3,2088,1.147
3,2089,0.154
3,2090,0.156
3,2091,0.152
3,2092,0.159
3,2093,0.155
3,2094,0.163
3,2095,0.153
3,2096,0.155
3,2097,0.167
3,2098,0.153
3,2099,0.155
3,2100,1.622
3,2101,0.154
3,2102,0.153
3,2103,0.154
3,2104,0.164
3,2105,0.154
3,2106,0.153
3,2107,0.153
3,2108,0.172
3,2109,0.159
3,2110,0.160
3,2111,0.160
3,2112,1.565
3,2113,0.155
3,2114,0.152
3,2115,0.153
3,2116,0.180
3,2117,0.158
3,2118,0.156
3,2119,0.161
3,2120,0.155
3,2121,0.153
3,2122,0.152
3,2123,0.153
3,2124,1.180
3,2125,0.155
3,2126,0.153
3,2127,0.154
3,2128,0.176
3,2129,0.162
3,2130,0.153
3,2131,0.153
3,2132,0.168
3,2133,0.153
3,2134,0.154
3,2135,0.152
3,2136,1.245
3,2137,0.153
3,2138,0.153
3,2139,0.152
3,2140,0.159
3,2141,0.153
3,2142,0.153
3,2143,0.152
3,2144,0.172
3,2145,0.153
3,2146,0.154
3,2147,0.153
3,2148,1.389
3,2149,0.160
3,2150,0.152
3,2151,0.152
3,2152,0.168
3,2153,0.163
3,2154,0.152
3,2155,0.152
3,2156,0.154
3,2157,0.154
3,2158,0.152
3,2159,0.152
3,2160,1.806
3,2161,0.153
3,2162,0.156
3,2163,0.153
3,2164,0.154
3,2165,0.153
3,2166,0.153
3,2167,0.152
3,2168,0.170
3,2169,0.153
3,2170,0.152
3,2171,0.153
3,2172,1.420
3,2173,0.154
3,2174,0.152
3,2175,0.153
3,2176,0.153
3,2177,0.153
3,2178,0.153
3,2179,0.168
3,2180,0.154
3,2181,0.164
3,2182,0.152
3,2183,0.160
3,2184,1.643
3,2185,0.154
3,2186,0.152
3,2187,0.154
3,2188,0.166
3,2189,0.153
3,2190,0.152
3,2191,0.152
3,2192,0.177
3,2193,0.152
3,2194,0.154
3,2195,0.152
3,2196,1.364
3,2197,0.155
3,2198,0.152
3,2199,0.153
3,2200,0.164
3,2201,0.153
3,2202,0.152
3,2203,0.155
3,2204,0.171
3,2205,0.154
3,2206,0.152
3,2207,0.160
3,2208,1.538
3,2209,0.153
3,2210,0.152
3,2211,0.152
3,2212,0.168
3,2213,0.153
3,2214,0.152
3,2215,0.152
3,2216,0.165
3,2217,0.153
3,2218,0.152
3,2219,0.152
3,2220,1.224
3,2221,0.152
3,2222,0.153
3,2223,0.156
3,2224,0.154
3,2225,0.152
3,2226,0.152
3,2227,0.153
3,2228,0.171
3,2229,0.153
3,2230,0.153
3,2231,0.161
3,2232,1.596
3,2233,0.153
3,2234,0.153
3,2235,0.152
3,2236,0.165
3,2237,0.153
3,2238,0.152
3,2239,0.153
3,2240,0.166
3,2241,0.154
3,2242,0.158
3,2243,0.152
3,2244,1.684
3,2245,0.153
3,2246,0.154
3,2247,0.153
3,2248,0.156
3,2249,0.154
3,2250,0.152
3,2251,0.175
3,2252,0.158
3,2253,0.152
3,2254,0.171
3,2255,0.152
3,2256,1.316
3,2257,0.161
3,2258,0.152
3,2259,0.168
3,2260,0.154
3,2261,0.153
3,2262,0.154
3,2263,0.159
3,2264,0.161
3,2265,0.159
3,2266,0.153
3,2267,0.169
3,2268,1.507
3,2269,0.153
3,2270,0.153
3,2271,0.153
3,2272,0.171
3,2273,0.153
3,2274,0.153
3,2275,0.153
3,2276,0.167
3,2277,0.175
3,2278,0.162
3,2279,0.152
3,2280,1.236
3,2281,0.153
3,2282,0.153
3,2283,0.152
3,2284,0.167
3,2285,0.154
3,2286,0.152
3,2287,0.153
3,2288,0.168
3,2289,0.153
3,2290,0.153
3,2291,0.152
3,2292,1.359
3,2293,0.153
3,2294,0.153
3,2295,0.152
3,2296,0.159
3,2297,0.163
3,2298,0.152
3,2299,0.153
3,2300,0.168
3,2301,0.153
3,2302,0.153
3,2303,0.188
3,2304,1.275
3,2305,0.155
3,2306,0.152
3,2307,0.154
3,2308,0.177
3,2309,0.153
3,2310,0.153
3,2311,0.153
3,2312,0.158
3,2313,0.153
3,2314,0.152
3,2315,0.157
3,2316,1.266
3,2317,0.153
3,2318,0.164
3,2319,0.152
3,2320,0.155
3,2321,0.153
3,2322,0.152
3,2323,0.153
3,2324,0.156
3,2325,0.153
3,2326,0.152
3,2327,0.153
3,2328,1.488
3,2329,0.153
3,2330,0.165
3,2331,0.152
3,2332,0.153
3,2333,0.153
3,2334,0.152
3,2335,0.152
3,2336,0.162
3,2337,0.153
3,2338,0.163
3,2339,0.152
3,2340,1.329
3,2341,0.153
3,2342,0.153
3,2343,0.152
3,2344,0.156
3,2345,0.154
3,2346,0.155
3,2347,0.152
3,2348,0.160
3,2349,0.153
3,2350,0.154
3,2351,0.152
3,2352,1.145
3,2353,0.154
3,2354,0.160
3,2355,0.153
3,2356,0.154
3,2357,0.154
3,2358,0.154
3,2359,0.152
3,2360,0.175
3,2361,0.155
3,2362,0.152
3,2363,0.154
3,2364,1.253
3,2365,0.153
3,2366,0.153
3,2367,0.153
3,2368,0.165
3,2369,0.153
3,2370,0.152
3,2371,0.153
3,2372,0.174
3,2373,0.153
3,2374,0.152
3,2375,0.153
3,2376,1.249
3,2377,0.167
3,2378,0.152
3,2379,0.152
3,2380,0.164
3,2381,0.159
3,2382,0.166
3,2383,0.164
3,2384,0.154
3,2385,0.154
3,2386,0.152
3,2387,0.153
3,2388,2.029
3,2389,0.154
3,2390,0.161
3,2391,0.153
3,2392,0.154
3,2393,0.153
3,2394,0.152
3,2395,0.153
3,2396,0.165
3,2397,0.153
3,2398,0.153
3,2399,0.153
3,2400,1.427
3,2401,0.153
3,2402,0.164
3,2403,0.152
3,2404,0.156
3,2405,0.154
3,2406,0.155
3,2407,0.163
3,2408,0.154
3,2409,0.154
3,2410,0.152
3,2411,0.153
3,2412,1.551
3,2413,0.153
3,2414,0.152
3,2415,0.152
3,2416,0.156
3,2417,0.162
3,2418,0.152
3,2419,0.152
3,2420,0.170
3,2421,0.153
3,2422,0.153
3,2423,0.153
3,2424,1.385
3,2425,0.153
3,2426,0.152
3,2427,0.152
3,2428,0.166
3,2429,0.154
3,2430,0.165
3,2431,0.153
3,2432,0.155
3,2433,0.153
3,2434,0.153
3,2435,0.153
3,2436,1.357
3,2437,0.155
3,2438,0.152
3,2439,0.152
3,2440,0.166
3,2441,0.154
3,2442,0.153
3,2443,0.153
3,2444,0.160
3,2445,0.161
3,2446,0.154
3,2447,0.152
3,2448,1.791
3,2449,0.154
3,2450,0.153
3,2451,0.153
3,2452,0.169
3,2453,0.153
3,2454,0.152
3,2455,0.153
3,2456,0.164
3,2457,0.153
3,2458,0.152
3,2459,0.153
3,2460,1.544
3,2461,0.153
3,2462,0.153
3,2463,0.153
3,2464,0.164
3,2465,0.154
3,2466,0.153
3,2467,0.153
3,2468,0.156
3,2469,0.170
3,2470,0.152
3,2471,0.154
3,2472,1.432
3,2473,0.155
3,2474,0.158
3,2475,0.152
3,2476,0.154
3,2477,0.153
3,2478,0.152
3,2479,0.153
3,2480,0.155
3,2481,0.153
3,2482,0.153
3,2483,0.153
3,2484,1.628
3,2485,0.154
3,2486,0.153
3,2487,0.153
3,2488,0.174
3,2489,0.154
3,2490,0.152
3,2491,0.153
3,2492,0.170
3,2493,0.165
3,2494,0.154
3,2495,0.153
3,2496,1.991
3,2497,0.154
3,2498,0.152
3,2499,0.153
3,2500,0.165
4,2,0.153
4,3,0.153
4,4,0.154
4,5,0.153
4,6,0.152
4,7,0.154
4,8,0.163
4,9,0.165
4,10,0.165
4,11,0.159
4,12,0.677
4,13,1.159
4,14,0.153
4,15,0.153
4,16,0.154
4,17,0.154
4,18,0.152
4,19,0.154
4,20,0.167
4,21,0.154
4,22,0.152
4,23,0.159
4,24,1.532
4,25,0.399
4,26,0.152
4,27,0.153
4,28,0.155
4,29,0.153
4,30,0.153
4,31,0.153
4,32,0.171
4,33,0.153
4,34,0.152
4,35,0.152
4,36,1.951
4,37,0.175
4,38,0.154
4,39,0.173
4,40,0.154
4,41,0.156
4,42,0.152
4,43,0.153
4,44,0.185
4,45,0.153
4,46,0.152
4,47,0.166
4,48,1.955
4,49,0.160
4,50,0.153
4,51,0.152
4,52,0.166
4,53,0.155
4,54,0.152
4,55,0.153
4,56,0.157
4,57,0.154
4,58,0.152
4,59,0.153
4,60,1.950
4,61,0.154
4,62,0.152
4,63,0.154
4,64,0.182
4,65,0.154
4,66,0.153
4,67,0.152
4,68,0.155
4,69,0.154
4,70,0.154
4,71,0.152
4,72,1.857
4,73,0.153
4,74,0.165
4,75,0.161
4,76,0.155
4,77,0.154
4,78,0.153
4,79,0.153
4,80,0.154
4,81,0.153
4,82,0.155
4,83,0.162
4,84,2.012
4,85,0.153
4,86,0.153
4,87,0.152
4,88,0.167
4,89,0.154
4,90,0.153
4,91,0.152
4,92,0.169
4,93,0.153
4,94,0.153
4,95,0.152
4,96,1.648
4,97,0.154
4,98,0.154
4,99,0.154
4,100,0.163
4,101,0.154
4,102,0.153
4,103,0.152
4,104,0.168
4,105,0.154
4,106,0.154
4,107,0.152
4,108,2.259
4,109,0.162
4,110,0.153
4,111,0.162
4,112,0.154
4,113,0.153
4,114,0.153
4,115,0.152
4,116,0.168
4,117,0.155
4,118,0.153
4,119,0.155
4,120,2.055
4,121,0.155
4,122,0.153
4,123,0.153
4,124,0.176
4,125,0.159
4,126,0.153
4,127,0.153
4,128,0.181
4,129,0.153
4,130,0.154
4,131,0.153
4,132,1.873
4,133,0.163
4,134,0.153
4,135,0.152
4,136,0.156
4,137,0.162
4,138,0.152
4,139,0.152
4,140,0.178
4,141,0.153
4,142,0.153
4,143,0.152
4,144,1.397
4,145,0.154
4,146,0.152
4,147,0.153
4,148,0.166
4,149,0.157
4,150,0.153
4,151,0.152
4,152,0.168
4,153,0.153
4,154,0.153
4,155,0.160
4,156,1.449
4,157,0.169
4,158,0.162
4,159,0.153
4,160,0.155
4,161,0.154
4,162,0.153
4,163,0.159
4,164,0.168
4,165,0.165
4,166,0.151
4,167,0.152
4,168,1.609
4,169,0.164
4,170,0.152
4,171,0.152
4,172,0.165
4,173,0.153
4,174,0.153
4,175,0.153
4,176,0.167
4,177,0.154
4,178,0.154
4,179,0.152
4,180,1.646
4,181,0.153
4,182,0.153
4,183,0.153
4,184,0.170
4,185,0.160
4,186,0.152
4,187,0.152
4,188,0.160
4,189,0.153
4,190,0.152
4,191,0.152
4,192,1.315
4,193,0.154
4,194,0.153
4,195,0.153
4,196,0.161
4,197,0.155
4,198,0.153
4,199,0.152
4,200,0.169
4,201,0.154
4,202,0.153
4,203,0.152
4,204,1.750
4,205,0.153
4,206,0.154
4,207,0.152
4,208,0.158
4,209,0.154
4,210,0.153
4,211,0.153
4,212,0.154
4,213,0.155
4,214,0.152
4,215,0.153
4,216,1.435
4,217,0.154
4,218,0.153
4,219,0.165
4,220,0.154
4,221,0.154
4,222,0.153
4,223,0.152
4,224,0.168
4,225,0.155
4,226,0.152
4,227,0.153
4,228,1.409
4,229,0.153
4,230,0.154
4,231,0.152
4,232,0.163
4,233,0.158
4,234,0.152
4,235,0.167
4,236,0.155
4,237,0.153
4,238,0.158
4,239,0.153
4,240,1.648
4,241,0.156
4,242,0.153
4,243,0.154
4,244,0.164
4,245,0.153
4,246,0.153
4,247,0.164
4,248,0.156
4,249,0.153
4,250,0.153
4,251,0.152
4,252,1.056
4,253,0.153
4,254,0.154
4,255,0.152
4,256,0.432
4,257,0.159
4,258,0.153
4,259,0.152
4,260,0.159
4,261,0.154
4,262,0.152
4,263,0.156
4,264,1.628
4,265,0.154
4,266,0.160
4,267,0.161
4,268,0.898
4,269,0.153
4,270,0.152
4,271,0.152
4,272,0.156
4,273,0.154
4,274,0.153
4,275,0.153
4,276,1.260
4,277,0.153
4,278,0.153
4,279,0.152
4,280,0.752
4,281,0.168
4,282,0.152
4,283,0.153
4,284,0.161
4,285,0.153
4,286,0.152
4,287,0.153
4,288,0.725
4,289,0.179
4,290,0.152
4,291,0.159
4,292,1.693
4,293,0.153
4,294,0.158
4,295,0.153
4,296,0.173
4,297,0.154
4,298,0.152
4,299,0.153
4,300,0.163
4,301,0.172
4,302,0.153
4,303,0.153
4,304,1.746
4,305,0.153
4,306,0.153
4,307,0.165
4,308,0.165
4,309,0.153
4,310,0.153
4,311,0.167
4,312,0.157
4,313,0.161
4,314,0.152
4,315,0.153
4,316,1.942
4,317,0.154
4,318,0.152
4,319,0.152
4,320,0.193
4,321,0.153
4,322,0.153
4,323,0.152
4,324,0.178
4,325,0.155
4,326,0.153
4,327,0.152
4,328,1.686
4,329,0.173
4,330,0.156
4,331,0.157
4,332,0.154
4,333,0.156
4,334,0.152
4,335,0.153
4,336,0.159
4,337,0.154
4,338,0.155
4,339,0.152
4,340,2.260
4,341,0.153
4,342,0.161
4,343,0.152
4,344,0.173
4,345,0.154
4,346,0.152
4,347,0.156
4,348,0.159
4,349,0.153
4,350,0.153
4,351,0.153
4,352,2.110
4,353,0.155
4,354,0.153
4,355,0.152
4,356,0.167
4,357,0.153
4,358,0.152
4,359,0.152
4,360,0.186
4,361,0.153
4,362,0.152
4,363,0.153
4,364,1.478
4,365,0.172
4,366,0.162
4,367,0.153
4,368,0.154
4,369,0.153
4,370,0.160
4,371,0.152
4,372,0.154
4,373,0.164
4,374,0.153
4,375,0.153
4,376,1.445
4,377,0.153
4,378,0.153
4,379,0.153
4,380,0.187
4,381,0.163
4,382,0.161
4,383,0.153
4,384,0.155
4,385,0.154
4,386,0.153
4,387,0.153
4,388,1.854
4,389,0.160
4,390,0.152
4,391,0.153
4,392,0.162
4,393,0.162
4,394,0.152
4,395,0.152
4,396,0.153
4,397,0.154
4,398,0.152
4,399,0.154
4,400,1.887
4,401,0.159
4,402,0.152
4,403,0.152
4,404,0.178
4,405,0.164
4,406,0.153
4,407,0.153
4,408,0.153
4,409,0.154
4,410,0.152
4,411,0.153
4,412,2.217
4,413,0.159
4,414,0.151
4,415,0.152
4,416,0.154
4,417,0.152
4,418,0.163
4,419,0.153
4,420,0.154
4,421,0.154
4,422,0.152
4,423,0.152
4,424,1.747
4,425,0.154
4,426,0.152
4,427,0.155
4,428,0.155
4,429,0.153
4,430,0.152
4,431,0.153
4,432,0.159
4,433,0.154
4,434,0.153
4,435,0.153
4,436,1.661
4,437,0.153
4,438,0.152
4,439,0.167
4,440,0.154
4,441,0.163
4,442,0.153
4,443,0.152
4,444,0.170
4,445,0.153
4,446,0.152
4,447,0.158
4,448,2.432
4,449,0.154
4,450,0.153
4,451,0.152
4,452,0.182
4,453,0.157
4,454,0.153
4,455,0.152
4,456,0.165
4,457,0.153
4,458,0.152
4,459,0.153
4,460,1.769
4,461,0.155
4,462,0.154
4,463,0.152
4,464,0.160
4,465,0.156
4,466,0.152
4,467,0.151
4,468,0.157
4,469,0.162
4,470,0.154
4,471,0.154
4,472,1.665
4,473,0.154
4,474,0.162
4,475,0.153
4,476,0.154
4,477,0.154
4,478,0.153
4,479,0.152
4,480,0.165
4,481,0.158
4,482,0.152
4,483,0.153
4,484,1.333
4,485,0.153
4,486,0.154
4,487,0.153
4,488,0.162
4,489,0.158
4,490,0.153
4,491,0.153
4,492,0.187
4,493,0.152
4,494,0.154
4,495,0.152
4,496,1.807
4,497,0.154
4,498,0.163
4,499,0.159
4,500,0.166
4,501,0.157
4,502,0.152
4,503,0.153
4,504,0.188
4,505,0.153
4,506,0.152
4,507,0.152
4,508,1.391
4,509,0.154
4,510,0.152
4,511,0.153
4,512,0.171
4,513,0.153
4,514,0.160
4,515,0.152
4,516,0.162
4,517,0.154
4,518,0.153
4,519,0.153
4,520,2.005
4,521,0.170
4,522,0.175
4,523,0.156
4,524,0.157
4,525,0.152
4,526,0.152
4,527,0.153
4,528,0.162
4,529,0.165
4,530,0.153
4,531,0.153
4,532,1.765
4,533,0.153
4,534,0.152
4,535,0.152
4,536,0.175
4,537,0.153
4,538,0.157
4,539,0.157
4,540,0.159
4,541,0.152
4,542,0.153
4,543,0.153
4,544,1.680
4,545,0.162
4,546,0.152
4,547,0.153
4,548,0.159
4,549,0.154
4,550,0.152
4,551,0.155
4,552,0.160
4,553,0.153
4,554,0.152
4,555,0.172
4,556,1.740
4,557,0.154
4,558,0.152
4,559,0.152
4,560,0.168
4,561,0.153
4,562,0.169
4,563,0.152
4,564,0.153
4,565,0.153
4,566,0.152
4,567,0.152
4,568,1.546
4,569,0.154
4,570,0.152
4,571,0.152
4,572,0.171
4,573,0.152
4,574,0.152
4,575,0.158
4,576,0.154
4,577,0.166
4,578,0.153
4,579,0.377
4,580,1.609
4,581,0.153
4,582,0.153
4,583,0.159
4,584,0.160
4,585,0.153
4,586,0.152
4,587,0.155
4,588,0.157
4,589,0.153
4,590,0.153
4,591,0.152
4,592,2.844
4,593,0.153
4,594,0.151
4,595,0.152
4,596,0.154
4,597,0.152
4,598,0.152
4,599,0.152
4,600,0.154
4,601,0.153
4,602,0.154
4,603,0.154
4,604,1.070
4,605,0.153
4,606,0.156
4,607,0.153
4,608,0.162
4,609,0.154
4,610,0.163
4,611,0.157
4,612,0.164
4,613,0.154
4,614,0.154
4,615,0.161
4,616,1.900
4,617,0.154
4,618,0.152
4,619,0.153
4,620,0.165
4,621,0.166
4,622,0.153
4,623,0.152
4,624,0.158
4,625,0.153
4,626,0.153
4,627,0.153
4,628,1.692
4,629,0.154
4,630,0.153
4,631,0.153
4,632,0.154
4,633,0.153
4,634,0.153
4,635,0.160
4,636,0.162
4,637,0.169
4,638,0.152
4,639,0.158
4,640,1.495
4,641,0.155
4,642,0.152
4,643,0.152
4,644,0.163
4,645,0.158
4,646,0.153
4,647,0.153
4,648,0.382
4,649,0.160
4,650,0.154
4,651,0.154
4,652,1.408
4,653,0.154
4,654,0.152
4,655,0.152
4,656,0.162
4,657,0.154
4,658,0.161
4,659,0.152
4,660,0.162
4,661,0.153
4,662,0.159
4,663,0.153
4,664,1.694
4,665,0.155
4,666,0.153
4,667,0.152
4,668,0.164
4,669,0.153
4,670,0.154
4,671,0.158
4,672,0.160
4,673,0.153
4,674,0.153
4,675,0.153
4,676,1.895
4,677,0.157
4,678,0.152
4,679,0.152
4,680,0.160
4,681,0.153
4,682,0.153
4,683,0.153
4,684,0.166
4,685,0.153
4,686,0.153
4,687,0.152
4,688,2.012
4,689,0.156
4,690,0.153
4,691,0.160
4,692,0.158
4,693,0.153
4,694,0.152
4,695,0.152
4,696,0.159
4,697,0.153
4,698,0.152
4,699,0.153
4,700,1.453
4,701,0.154
4,702,0.153
4,703,0.152
4,704,0.174
4,705,0.155
4,706,0.162
4,707,0.152
4,708,0.158
4,709,0.153
4,710,0.164
4,711,0.154
4,712,2.032
4,713,0.153
4,714,0.153
4,715,0.152
4,716,0.173
4,717,0.153
4,718,0.152
4,719,0.152
4,720,0.163
4,721,0.153
4,722,0.153
4,723,0.153
4,724,1.783
4,725,0.156
4,726,0.152
4,727,0.152
4,728,0.175
4,729,0.153
4,730,0.153
4,731,0.163
4,732,0.154
4,733,0.153
4,734,0.153
4,735,0.152
4,736,3.288
4,737,0.153
4,738,0.151
4,739,0.152
4,740,0.153
4,741,0.153
4,742,0.151
4,743,0.153
4,744,0.153
4,745,0.153
4,746,0.153
4,747,0.153
4,748,1.596
4,749,0.154
4,750,0.153
4,751,0.158
4,752,0.160
4,753,0.173
4,754,0.153
4,755,0.162
4,756,0.153
4,757,0.155
4,758,0.153
4,759,0.153
4,760,1.517
4,761,0.161
4,762,0.152
4,763,0.171
4,764,0.154
4,765,0.158
4,766,0.158
4,767,0.158
4,768,0.159
4,769,0.168
4,770,0.153
4,771,0.161
4,772,1.996
4,773,0.154
4,774,0.152
4,775,0.153
4,776,0.161
4,777,0.160
4,778,0.152
4,779,0.153
4,780,0.155
4,781,0.153
4,782,0.153
4,783,0.152
4,784,2.057
4,785,0.158
4,786,0.153
4,787,0.152
4,788,0.163
4,789,0.153
4,790,0.152
4,791,0.152
4,792,0.157
4,793,0.153
4,794,0.152
4,795,0.152
4,796,2.357
4,797,0.153
4,798,0.152
4,799,0.151
4,800,0.168
4,801,0.153
4,802,0.152
4,803,0.152
4,804,0.158
4,805,0.153
4,806,0.152
4,807,0.153
4,808,1.811
4,809,0.163
4,810,0.152
4,811,0.152
4,812,0.160
4,813,0.153
4,814,0.166
4,815,0.162
4,816,0.155
4,817,0.155
4,818,0.152
4,819,0.153
4,820,1.839
4,821,0.153
4,822,0.152
4,823,0.153
4,824,0.174
4,825,0.153
4,826,0.157
4,827,0.167
4,828,0.153
4,829,0.153
4,830,0.153
4,831,0.152
4,832,2.022
4,833,0.152
4,834,0.152
4,835,0.153
4,836,0.161
4,837,0.153
4,838,0.152
4,839,0.152
4,840,0.177
4,841,0.154
4,842,0.153
4,843,0.152
4,844,1.717
4,845,0.164
4,846,0.184
4,847,0.165
4,848,0.154
4,849,0.152
4,850,0.153
4,851,0.152
4,852,0.162
4,853,0.160
4,854,0.152
4,855,0.154
4,856,2.033
4,857,0.153
4,858,0.152
4,859,0.161
4,860,0.153
4,861,0.155
4,862,0.151
4,863,0.152
4,864,0.162
4,865,0.153
4,866,0.153
4,867,0.153
4,868,1.783
4,869,0.154
4,870,0.152
4,871,0.152
4,872,0.163
4,873,0.153
4,874,0.163
4,875,0.163
4,876,0.155
4,877,0.153
4,878,0.160
4,879,0.153
4,880,1.546
4,881,0.154
4,882,0.153
4,883,0.153
4,884,0.154
4,885,0.161
4,886,0.153
4,887,0.152
4,888,0.154
4,889,0.153
4,890,0.153
4,891,0.153
4,892,1.293
4,893,0.153
4,894,0.152
4,895,0.153
4,896,0.168
4,897,0.153
4,898,0.159
4,899,0.153
4,900,0.156
4,901,0.154
4,902,0.153
4,903,0.153
4,904,1.737
4,905,0.154
4,906,0.153
4,907,0.153
4,908,0.169
4,909,0.153
4,910,0.158
4,911,0.152
4,912,0.170
4,913,0.154
4,914,0.153
4,915,0.156
4,916,1.334
4,917,0.154
4,918,0.153
4,919,0.152
4,920,0.169
4,921,0.154
4,922,0.152
4,923,0.152
4,924,0.171
4,925,0.153
4,926,0.153
4,927,0.153
4,928,1.453
4,929,0.155
4,930,0.153
4,931,0.162
4,932,0.154
4,933,0.154
4,934,0.153
4,935,0.153
4,936,0.178
4,937,0.160
4,938,0.162
4,939,0.153
4,940,2.058
4,941,0.154
4,942,0.151
4,943,0.154
4,944,0.163
4,945,0.153
4,946,0.153
4,947,0.153
4,948,0.171
4,949,0.154
4,950,0.152
4,951,0.153
4,952,1.969
4,953,0.154
4,954,0.162
4,955,0.153
4,956,0.177
4,957,0.154
4,958,0.152
4,959,0.155
4,960,0.154
4,961,0.153
4,962,0.153
4,963,0.154
4,964,1.747
4,965,0.153
4,966,0.153
4,967,0.163
4,968,0.155
4,969,0.153
4,970,0.152
4,971,0.152
4,972,0.171
4,973,0.155
4,974,0.155
4,975,0.152
4,976,1.624
4,977,0.155
4,978,0.161
4,979,0.152
4,980,0.208
4,981,0.154
4,982,0.152
4,983,0.158
4,984,0.159
4,985,0.155
4,986,0.153
4,987,0.162
4,988,1.295
4,989,0.157
4,990,0.153
4,991,0.152
4,992,0.166
4,993,0.154
4,994,0.154
4,995,0.160
4,996,0.156
4,997,0.153
4,998,0.152
4,999,0.159
4,1000,1.431
4,1001,0.153
4,1002,0.152
4,1003,0.157
4,1004,0.171
4,1005,0.153
4,1006,0.153
4,1007,0.152
4,1008,0.175
4,1009,0.154
4,1010,0.154
4,1011,0.161
4,1012,1.373
4,1013,0.152
4,1014,0.154
4,1015,0.160
4,1016,0.155
4,1017,0.155
4,1018,0.161
4,1019,0.154
4,1020,0.173
4,1021,0.153
4,1022,0.166
4,1023,0.158
4,1024,1.457
4,1025,0.153
4,1026,0.153
4,1027,0.153
4,1028,0.162
4,1029,0.154
4,1030,0.157
4,1031,0.153
4,1032,0.171
4,1033,0.153
4,1034,0.152
4,1035,0.154
4,1036,1.656
4,1037,0.167
4,1038,0.153
4,1039,0.152
4,1040,0.163
4,1041,0.152
4,1042,0.153
4,1043,0.161
4,1044,0.164
4,1045,0.153
4,1046,0.153
4,1047,0.152
4,1048,1.558
4,1049,0.153
4,1050,0.154
4,1051,0.153
4,1052,0.173
4,1053,0.154
4,1054,0.152
4,1055,0.154
4,1056,0.174
4,1057,0.153
4,1058,0.152
4,1059,0.162
4,1060,1.812
4,1061,0.154
4,1062,0.153
4,1063,0.172
4,1064,0.154
4,1065,0.152
4,1066,0.152
4,1067,0.153
4,1068,0.168
4,1069,0.166
4,1070,0.153
4,1071,0.153
4,1072,1.324
4,1073,0.161
4,1074,0.152
4,1075,0.153
4,1076,0.154
4,1077,0.153
4,1078,0.152
4,1079,0.152
4,1080,0.170
4,1081,0.153
4,1082,0.162
4,1083,0.160
4,1084,1.571
4,1085,0.153
4,1086,0.152
4,1087,0.153
4,1088,0.163
4,1089,0.163
4,1090,0.153
4,1091,0.158
4,1092,0.156
4,1093,0.162
4,1094,0.161
4,1095,0.159
4,1096,1.278
4,1097,0.153
4,1098,0.153
4,1099,0.153
4,1100,0.160
4,1101,0.155
4,1102,0.152
4,1103,0.153
4,1104,0.170
4,1105,0.153
4,1106,0.153
4,1107,0.152
4,1108,1.745
4,1109,0.154
4,1110,0.153
4,1111,0.153
4,1112,0.157
4,1113,0.153
4,1114,0.152
4,1115,0.153
4,1116,0.180
4,1117,0.154
4,1118,0.166
4,1119,0.152
4,1120,1.976
4,1121,0.154
4,1122,0.152
4,1123,0.153
4,1124,0.174
4,1125,0.152
4,1126,0.154
4,1127,0.160
4,1128,0.163
4,1129,0.153
4,1130,0.152
4,1131,0.153
4,1132,4.110
4,1133,0.152
4,1134,0.152
4,1135,0.151
4,1136,0.154
4,1137,0.153
4,1138,0.152
4,1139,0.152
4,1140,0.162
4,1141,0.153
4,1142,0.153
4,1143,0.152
4,1144,1.357
4,1145,0.153
4,1146,0.153
4,1147,0.152
4,1148,0.177
4,1149,0.153
4,1150,0.152
4,1151,0.152
4,1152,0.167
4,1153,0.153
4,1154,0.153
4,1155,0.151
4,1156,1.175
4,1157,0.154
4,1158,0.154
4,1159,0.152
4,1160,0.155
4,1161,0.157
4,1162,0.152
4,1163,0.157
4,1164,0.160
4,1165,0.152
4,1166,0.153
4,1167,0.153
4,1168,1.356
4,1169,0.154
4,1170,0.153
4,1171,0.152
4,1172,0.163
4,1173,0.162
4,1174,0.161
4,1175,0.152
4,1176,0.155
4,1177,0.154
4,1178,0.152
4,1179,0.153
4,1180,1.689
4,1181,0.166
4,1182,0.152
4,1183,0.153
4,1184,0.155
4,1185,0.154
4,1186,0.158
4,1187,0.154
4,1188,0.155
4,1189,0.163
4,1190,0.160
4,1191,0.152
4,1192,1.512
4,1193,0.155
4,1194,0.153
4,1195,0.152
4,1196,0.161
4,1197,0.153
4,1198,0.152
4,1199,0.153
4,1200,0.168
4,1201,0.153
4,1202,0.155
4,1203,0.153
4,1204,1.420
4,1205,0.154
4,1206,0.152
4,1207,0.153
4,1208,0.161
4,1209,0.163
4,1210,0.156
4,1211,0.153
4,1212,0.154
4,1213,0.156
4,1214,0.153
4,1215,0.153
4,1216,1.432
4,1217,0.153
4,1218,0.171
4,1219,0.152
4,1220,0.155
4,1221,0.154
4,1222,0.153
4,1223,0.153
4,1224,0.170
4,1225,0.154
4,1226,0.153
4,1227,0.158
4,1228,1.476
4,1229,0.153
4,1230,0.153
4,1231,0.154
4,1232,0.167
4,1233,0.153
4,1234,0.153
4,1235,0.152
4,1236,0.166
4,1237,0.153
4,1238,0.152
4,1239,0.153
4,1240,1.527
4,1241,0.166
4,1242,0.153
4,1243,0.170
4,1244,0.155
4,1245,0.164
4,1246,0.153
4,1247,0.152
4,1248,0.161
4,1249,0.153
4,1250,0.161
4,1251,0.153
4,1252,1.497
4,1253,0.154
4,1254,0.153
4,1255,0.153
4,1256,0.154
4,1257,0.154
4,1258,0.152
4,1259,0.153
4,1260,0.175
4,1261,0.154
4,1262,0.164
4,1263,0.153
4,1264,1.137
4,1265,0.153
4,1266,0.152
4,1267,0.159
4,1268,0.153
4,1269,0.153
4,1270,0.165
4,1271,0.152
4,1272,0.154
4,1273,0.152
4,1274,0.153
4,1275,0.152
4,1276,2.016
4,1277,0.155
4,1278,0.152
4,1279,0.152
4,1280,0.160
4,1281,0.153
4,1282,0.153
4,1283,0.152
4,1284,0.168
4,1285,0.154
4,1286,0.152
4,1287,0.152
4,1288,2.364
4,1289,0.154
4,1290,0.153
4,1291,0.152
4,1292,0.172
4,1293,0.163
4,1294,0.154
4,1295,0.152
4,1296,0.167
4,1297,0.156
4,1298,0.152
4,1299,0.154
4,1300,1.169
4,1301,0.153
4,1302,0.153
4,1303,0.153
4,1304,0.161
4,1305,0.153
4,1306,0.152
4,1307,0.152
4,1308,0.167
4,1309,0.153
4,1310,0.153
4,1311,0.152
4,1312,1.777
4,1313,0.153
4,1314,0.152
4,1315,0.168
4,1316,0.154
4,1317,0.154
4,1318,0.152
4,1319,0.152
4,1320,0.161
4,1321,0.153
4,1322,0.153
4,1323,0.152
4,1324,1.484
4,1325,0.154
4,1326,0.152
4,1327,0.154
4,1328,0.168
4,1329,0.153
4,1330,0.154
4,1331,0.153
4,1332,0.177
4,1333,0.155
4,1334,0.165
4,1335,0.153
4,1336,1.503
4,1337,0.154
4,1338,0.161
4,1339,0.153
4,1340,0.153
4,1341,0.154
4,1342,0.153
4,1343,0.153
4,1344,0.167
4,1345,0.153
4,1346,0.156
4,1347,0.154
4,1348,1.412
4,1349,0.154
4,1350,0.152
4,1351,0.155
4,1352,0.164
4,1353,0.153
4,1354,0.153
4,1355,0.156
4,1356,0.161
4,1357,0.154
4,1358,0.153
4,1359,0.164
4,1360,1.611
4,1361,0.153
4,1362,0.162
4,1363,0.152
4,1364,0.154
4,1365,0.153
4,1366,0.153
4,1367,0.152
4,1368,0.166
4,1369,0.169
4,1370,0.153
4,1371,0.152
4,1372,1.468
4,1373,0.169
4,1374,0.154
4,1375,0.152
4,1376,0.155
4,1377,0.153
4,1378,0.153
4,1379,0.153
4,1380,0.169
4,1381,0.164
4,1382,0.154
4,1383,0.152
4,1384,1.711
4,1385,0.154
4,1386,0.151
4,1387,0.153
4,1388,0.159
4,1389,0.158
4,1390,0.152
4,1391,0.155
4,1392,0.170
4,1393,0.154
4,1394,0.155
4,1395,0.153
4,1396,1.475
4,1397,0.154
4,1398,0.153
4,1399,0.152
4,1400,0.171
4,1401,0.153
4,1402,0.152
4,1403,0.153
4,1404,0.172
4,1405,0.154
4,1406,0.153
4,1407,0.158
4,1408,1.563
4,1409,0.153
4,1410,0.153
4,1411,0.153
4,1412,0.197
4,1413,0.153
4,1414,0.153
4,1415,0.153
4,1416,0.177
4,1417,0.154
4,1418,0.159
4,1419,0.155
4,1420,2.418
4,1421,0.154
4,1422,0.164
4,1423,0.152
4,1424,0.154
4,1425,0.153
4,1426,0.153
4,1427,0.165
4,1428,0.164
4,1429,0.155
4,1430,0.154
4,1431,0.152
4,1432,1.735
4,1433,0.153
4,1434,0.152
4,1435,0.153
4,1436,0.171
4,1437,0.153
4,1438,0.155
4,1439,0.152
4,1440,0.162
4,1441,0.155
4,1442,0.152
4,1443,0.152
4,1444,1.755
4,1445,0.155
4,1446,0.152
4,1447,0.152
4,1448,0.179
4,1449,0.153
4,1450,0.166
4,1451,0.153
4,1452,0.169
4,1453,0.154
4,1454,0.156
4,1455,0.153
4,1456,1.622
4,1457,0.153
4,1458,0.153
4,1459,0.154
4,1460,0.179
4,1461,0.156
4,1462,0.167
4,1463,0.153
4,1464,0.154
4,1465,0.156
4,1466,0.152
4,1467,0.165
4,1468,1.373
4,1469,0.153
4,1470,0.153
4,1471,0.152
4,1472,0.166
4,1473,0.153
4,1474,0.152
4,1475,0.161
4,1476,0.162
4,1477,0.158
4,1478,0.163
4,1479,0.153
4,1480,1.902
4,1481,0.163
4,1482,0.169
4,1483,0.152
4,1484,0.158
4,1485,0.153
4,1486,0.152
4,1487,0.152
4,1488,0.168
4,1489,0.154
4,1490,0.152
4,1491,0.154
4,1492,1.514
4,1493,0.153
4,1494,0.153
4,1495,0.152
4,1496,0.188
4,1497,0.153
4,1498,0.152
4,1499,0.158
4,1500,0.158
4,1501,0.173
4,1502,0.153
4,1503,0.171
4,1504,1.564
4,1505,0.154
4,1506,0.158
4,1507,0.152
4,1508,0.164
4,1509,0.153
4,1510,0.155
4,1511,0.152
4,1512,0.169
4,1513,0.153
4,1514,0.152
4,1515,0.152
4,1516,1.298
4,1517,0.154
4,1518,0.160
4,1519,0.163
4,1520,0.153
4,1521,0.153
4,1522,0.153
4,1523,0.153
4,1524,0.171
4,1525,0.154
4,1526,0.162
4,1527,0.154
4,1528,1.475
4,1529,0.156
4,1530,0.163
4,1531,0.153
4,1532,0.165
4,1533,0.153
4,1534,0.153
4,1535,0.153
4,1536,0.166
4,1537,0.155
4,1538,0.153
4,1539,0.154
4,1540,1.272
4,1541,0.155
4,1542,0.153
4,1543,0.153
4,1544,0.163
4,1545,0.158
4,1546,0.153
4,1547,0.152
4,1548,0.167
4,1549,0.153
4,1550,0.159
4,1551,0.152
4,1552,1.341
4,1553,0.153
4,1554,0.162
4,1555,0.153
4,1556,0.170
4,1557,0.163
4,1558,0.152
4,1559,0.164
4,1560,0.155
4,1561,0.162
4,1562,0.154
4,1563,0.153
4,1564,1.207
4,1565,0.154
4,1566,0.153
4,1567,0.171
4,1568,0.155
4,1569,0.155
4,1570,0.153
4,1571,0.154
4,1572,0.185
4,1573,0.156
4,1574,0.153
4,1575,0.153
4,1576,1.325
4,1577,0.154
4,1578,0.155
4,1579,0.153
4,1580,0.163
4,1581,0.166
4,1582,0.152
4,1583,0.153
4,1584,0.155
4,1585,0.154
4,1586,0.153
4,1587,0.160
4,1588,1.389
4,1589,0.154
4,1590,0.153
4,1591,0.152
4,1592,0.182
4,1593,0.153
4,1594,0.155
4,1595,0.154
4,1596,0.160
4,1597,0.167
4,1598,0.166
4,1599,0.153
4,1600,1.247
4,1601,0.153
4,1602,0.153
4,1603,0.173
4,1604,0.159
4,1605,0.164
4,1606,0.153
4,1607,0.156
4,1608,0.154
4,1609,0.154
4,1610,0.153
4,1611,0.154
4,1612,1.531
4,1613,0.153
4,1614,0.152
4,1615,0.153
4,1616,0.181
4,1617,0.152
4,1618,0.153
4,1619,0.154
4,1620,0.163
4,1621,0.163
4,1622,0.162
4,1623,0.153
4,1624,1.722
4,1625,0.164
4,1626,0.153
4,1627,0.153
4,1628,0.156
4,1629,0.152
4,1630,0.153
4,1631,0.157
4,1632,0.161
4,1633,0.201
4,1634,0.161
4,1635,0.153
4,1636,1.381
4,1637,0.153
4,1638,0.154
4,1639,0.159
4,1640,0.162
4,1641,0.161
4,1642,0.152
4,1643,0.153
4,1644,0.184
4,1645,0.154
4,1646,0.153
4,1647,0.153
4,1648,1.317
4,1649,0.153
4,1650,0.153
4,1651,0.161
4,1652,0.172
4,1653,0.153
4,1654,0.153
4,1655,0.154
4,1656,0.177
4,1657,0.156
4,1658,0.163
4,1659,0.164
4,1660,1.364
4,1661,0.154
4,1662,0.153
4,1663,0.159
4,1664,0.153
4,1665,0.154
4,1666,0.176
4,1667,0.153
4,1668,0.160
4,1669,0.159
4,1670,0.154
4,1671,0.152
4,1672,1.175
4,1673,0.154
4,1674,0.152
4,1675,0.153
4,1676,0.162
4,1677,0.154
4,1678,0.153
4,1679,0.152
4,1680,0.162
4,1681,0.153
4,1682,0.154
4,1683,0.153
4,1684,1.214
4,1685,0.159
4,1686,0.153
4,1687,0.152
4,1688,0.173
4,1689,0.154
4,1690,0.152
4,1691,0.154
4,1692,0.157
4,1693,0.156
4,1694,0.153
4,1695,0.152
4,1696,1.578
4,1697,0.154
4,1698,0.155
4,1699,0.153
4,1700,0.156
4,1701,0.153
4,1702,0.156
4,1703,0.166
4,1704,0.154
4,1705,0.154
4,1706,0.153
4,1707,0.153
4,1708,1.495
4,1709,0.153
4,1710,0.152
4,1711,0.152
4,1712,0.162
4,1713,0.153
4,1714,0.153
4,1715,0.152
4,1716,0.162
4,1717,0.154
4,1718,0.152
4,1719,0.154
4,1720,1.232
4,1721,0.176
4,1722,0.153
4,1723,0.152
4,1724,0.154
4,1725,0.153
4,1726,0.152
4,1727,0.153
4,1728,0.165
4,1729,0.154
4,1730,0.156
4,1731,0.153
4,1732,1.739
4,1733,0.153
4,1734,0.153
4,1735,0.154
4,1736,0.154
4,1737,0.153
4,1738,0.153
4,1739,0.152
4,1740,0.173
4,1741,0.153
4,1742,0.153
4,1743,0.153
4,1744,1.710
4,1745,0.154
4,1746,0.154
4,1747,0.153
4,1748,0.154
4,1749,0.153
4,1750,0.153
4,1751,0.154
4,1752,0.155
4,1753,0.154
4,1754,0.170
4,1755,0.153
4,1756,1.639
4,1757,0.167
4,1758,0.152
4,1759,0.162
4,1760,0.154
4,1761,0.153
4,1762,0.152
4,1763,0.152
4,1764,0.177
4,1765,0.154
4,1766,0.152
4,1767,0.153
4,1768,1.774
4,1769,0.153
4,1770,0.153
4,1771,0.152
4,1772,0.163
4,1773,0.153
4,1774,0.153
4,1775,0.153
4,1776,0.190
4,1777,0.154
4,1778,0.152
4,1779,0.153
4,1780,1.459
4,1781,0.154
4,1782,0.153
4,1783,0.154
4,1784,0.166
4,1785,0.154
4,1786,0.154
4,1787,0.152
4,1788,0.166
4,1789,0.154
4,1790,0.153
4,1791,0.152
4,1792,1.548
4,1793,0.155
4,1794,0.153
4,1795,0.153
4,1796,0.168
4,1797,0.160
4,1798,0.152
4,1799,0.171
4,1800,0.153
4,1801,0.153
4,1802,0.158
4,1803,0.153
4,1804,1.424
4,1805,0.153
4,1806,0.153
4,1807,0.163
4,1808,0.157
4,1809,0.154
4,1810,0.153
4,1811,0.158
4,1812,0.156
4,1813,0.153
4,1814,0.152
4,1815,0.153
4,1816,1.363
4,1817,0.153
4,1818,0.153
4,1819,0.180
4,1820,0.153
4,1821,0.160
4,1822,0.152
4,1823,0.152
4,1824,0.171
4,1825,0.153
4,1826,0.153
4,1827,0.152
4,1828,1.081
4,1829,0.153
4,1830,0.153
4,1831,0.167
4,1832,0.154
4,1833,0.153
4,1834,0.163
4,1835,0.152
4,1836,0.156
4,1837,0.155
4,1838,0.153
4,1839,0.153
4,1840,1.523
4,1841,0.155
4,1842,0.153
4,1843,0.152
4,1844,0.187
4,1845,0.153
4,1846,0.174
4,1847,0.160
4,1848,0.162
4,1849,0.168
4,1850,0.153
4,1851,0.153
4,1852,1.604
4,1853,0.153
4,1854,0.152
4,1855,0.158
4,1856,0.164
4,1857,0.154
4,1858,0.153
4,1859,0.153
4,1860,0.169
4,1861,0.154
4,1862,0.152
4,1863,0.152
4,1864,1.421
4,1865,0.153
4,1866,0.153
4,1867,0.159
4,1868,0.166
4,1869,0.153
4,1870,0.152
4,1871,0.154
4,1872,0.170
4,1873,0.154
4,1874,0.153
4,1875,0.153
4,1876,1.496
4,1877,0.154
4,1878,0.165
4,1879,0.153
4,1880,0.161
4,1881,0.152
4,1882,0.153
4,1883,0.163
4,1884,0.159
4,1885,0.153
4,1886,0.152
4,1887,0.154
4,1888,1.551
4,1889,0.156
4,1890,0.152
4,1891,0.153
4,1892,0.154
4,1893,0.153
4,1894,0.155
4,1895,0.152
4,1896,0.194
4,1897,0.155
4,1898,0.152
4,1899,0.154
4,1900,2.727
4,1901,0.154
4,1902,0.151
4,1903,0.152
4,1904,0.172
4,1905,0.153
4,1906,0.153
4,1907,0.162
4,1908,0.160
4,1909,0.167
4,1910,0.152
4,1911,0.154
4,1912,1.555
4,1913,0.154
4,1914,0.152
4,1915,0.153
4,1916,0.166
4,1917,0.153
4,1918,0.153
4,1919,0.152
4,1920,0.176
4,1921,0.154
4,1922,0.153
4,1923,0.155
4,1924,2.145
4,1925,0.152
4,1926,0.166
4,1927,0.152
4,1928,0.154
4,1929,0.153
4,1930,0.154
4,1931,0.155
4,1932,0.169
4,1933,0.153
4,1934,0.152
4,1935,0.153
4,1936,2.052
4,1937,0.155
4,1938,0.153
4,1939,0.152
4,1940,0.161
4,1941,0.153
4,1942,0.152
4,1943,0.153
4,1944,0.155
4,1945,0.153
4,1946,0.153
4,1947,0.152
4,1948,1.566
4,1949,0.153
4,1950,0.167
4,1951,0.152
4,1952,0.159
4,1953,0.153
4,1954,0.152
4,1955,0.152
4,1956,0.156
4,1957,0.155
4,1958,0.153
4,1959,0.156
4,1960,1.357
4,1961,0.153
4,1962,0.153
4,1963,0.159
4,1964,0.162
4,1965,0.153
4,1966,0.157
4,1967,0.156
4,1968,0.167
4,1969,0.168
4,1970,0.153
4,1971,0.152
4,1972,1.208
4,1973,0.155
4,1974,0.153
4,1975,0.153
4,1976,0.168
4,1977,0.155
4,1978,0.153
4,1979,0.152
4,1980,0.165
4,1981,0.154
4,1982,0.152
4,1983,0.153
4,1984,1.350
4,1985,0.153
4,1986,0.152
4,1987,0.153
4,1988,0.165
4,1989,0.153
4,1990,0.154
4,1991,0.152
4,1992,0.183
4,1993,0.154
4,1994,0.152
4,1995,0.153
4,1996,1.517
4,1997,0.153
4,1998,0.153
4,1999,0.152
4,2000,0.172
4,2001,0.153
4,2002,0.154
4,2003,0.152
4,2004,0.189
4,2005,0.154
4,2006,0.154
4,2007,0.154
4,2008,1.439
4,2009,0.161
4,2010,0.153
4,2011,0.158
4,2012,0.156
4,2013,0.154
4,2014,0.153
4,2015,0.165
4,2016,0.169
4,2017,0.164
4,2018,0.152
4,2019,0.155
4,2020,1.332
4,2021,0.155
4,2022,0.153
4,2023,0.152
4,2024,0.173
4,2025,0.155
4,2026,0.152
4,2027,0.166
4,2028,0.177
4,2029,0.153
4,2030,0.153
4,2031,0.157
4,2032,1.578
4,2033,0.154
4,2034,0.153
4,2035,0.153
4,2036,0.164
4,2037,0.153
4,2038,0.153
4,2039,0.153
4,2040,0.176
4,2041,0.154
4,2042,0.160
4,2043,0.152
4,2044,1.517
4,2045,0.155
4,2046,0.153
4,2047,0.153
4,2048,0.161
4,2049,0.156
4,2050,0.170
4,2051,0.164
4,2052,0.154
4,2053,0.155
4,2054,0.153
4,2055,0.153
4,2056,1.637
4,2057,0.153
4,2058,0.153
4,2059,0.158
4,2060,0.168
4,2061,0.159
4,2062,0.152
4,2063,0.153
4,2064,0.176
4,2065,0.153
4,2066,0.153
4,2067,0.153
4,2068,0.970
4,2069,0.154
4,2070,0.152
4,2071,0.166
4,2072,0.153
4,2073,0.153
4,2074,0.162
4,2075,0.153
4,2076,0.155
4,2077,0.153
4,2078,0.155
4,2079,0.154
4,2080,1.707
4,2081,0.152
4,2082,0.153
4,2083,0.153
4,2084,0.164
4,2085,0.154
4,2086,0.153
4,2087,0.152
4,2088,0.155
4,2089,0.159
4,2090,0.153
4,2091,0.153
4,2092,1.946
4,2093,0.154
4,2094,0.152
4,2095,0.152
4,2096,0.175
4,2097,0.154
4,2098,0.152
4,2099,0.153
4,2100,0.155
4,2101,0.154
4,2102,0.152
4,2103,0.172
4,2104,1.241
4,2105,0.154
4,2106,0.152
4,2107,0.153
4,2108,0.166
4,2109,0.153
4,2110,0.159
4,2111,0.152
4,2112,0.154
4,2113,0.153
4,2114,0.152
4,2115,0.153
4,2116,1.619
4,2117,0.154
4,2118,0.153
4,2119,0.153
4,2120,0.163
4,2121,0.154
4,2122,0.152
4,2123,0.154
4,2124,0.165
4,2125,0.156
4,2126,0.164
4,2127,0.154
4,2128,1.295
4,2129,0.153
4,2130,0.153
4,2131,0.153
4,2132,0.165
4,2133,0.164
4,2134,0.153
4,2135,0.153
4,2136,0.536
4,2137,0.153
4,2138,0.152
4,2139,0.162
4,2140,0.918
4,2141,0.153
4,2142,0.153
4,2143,0.153
4,2144,0.170
4,2145,0.153
4,2146,0.152
4,2147,0.160
4,2148,1.427
4,2149,0.154
4,2150,0.153
4,2151,0.153
4,2152,0.170
4,2153,0.153
4,2154,0.152
4,2155,0.153
4,2156,0.174
4,2157,0.153
4,2158,0.153
4,2159,0.153
4,2160,1.476
4,2161,0.153
4,2162,0.153
4,2163,0.154
4,2164,0.161
4,2165,0.153
4,2166,0.153
4,2167,0.153
4,2168,0.161
4,2169,0.153
4,2170,0.154
4,2171,0.152
4,2172,1.158
4,2173,0.152
4,2174,0.153
4,2175,0.152
4,2176,0.173
4,2177,0.170
4,2178,0.152
4,2179,0.154
4,2180,0.155
4,2181,0.165
4,2182,0.154
4,2183,0.153
4,2184,1.333
4,2185,0.154
4,2186,0.155
4,2187,0.152
4,2188,0.173
4,2189,0.154
4,2190,0.159
4,2191,0.152
4,2192,0.174
4,2193,0.153
4,2194,0.154
4,2195,0.153
4,2196,2.929
4,2197,0.153
4,2198,0.152
4,2199,0.174
4,2200,0.158
4,2201,0.154
4,2202,0.153
4,2203,0.152
4,2204,0.154
4,2205,0.154
4,2206,0.154
4,2207,0.152
4,2208,1.367
4,2209,0.154
4,2210,0.152
4,2211,0.152
4,2212,0.190
4,2213,0.154
4,2214,0.154
4,2215,0.153
4,2216,0.164
4,2217,0.163
4,2218,0.152
4,2219,0.162
4,2220,1.805
4,2221,0.153
4,2222,0.153
4,2223,0.153
4,2224,0.165
4,2225,0.154
4,2226,0.163
4,2227,0.152
4,2228,0.169
4,2229,0.154
4,2230,0.154
4,2231,0.152
4,2232,1.517
4,2233,0.156
4,2234,0.152
4,2235,0.152
4,2236,0.163
4,2237,0.154
4,2238,0.153
4,2239,0.159
4,2240,0.162
4,2241,0.154
4,2242,0.153
4,2243,0.153
4,2244,1.253
4,2245,0.153
4,2246,0.152
4,2247,0.152
4,2248,0.179
4,2249,0.158
4,2250,0.152
4,2251,0.152
4,2252,0.184
4,2253,0.154
4,2254,0.153
4,2255,0.181
4,2256,1.499
4,2257,0.153
4,2258,0.152
4,2259,0.164
4,2260,0.166
4,2261,0.153
4,2262,0.152
4,2263,0.152
4,2264,0.170
4,2265,0.154
4,2266,0.159
4,2267,0.161
4,2268,1.425
4,2269,0.152
4,2270,0.152
4,2271,0.152
4,2272,0.157
4,2273,0.162
4,2274,0.153
4,2275,0.156
4,2276,0.153
4,2277,0.152
4,2278,0.152
4,2279,0.153
4,2280,3.883
4,2281,0.155
4,2282,0.159
4,2283,0.152
4,2284,0.156
4,2285,0.153
4,2286,0.152
4,2287,0.152
4,2288,0.161
4,2289,0.155
4,2290,0.152
4,2291,0.153
4,2292,1.643
4,2293,0.153
4,2294,0.152
4,2295,0.156
4,2296,0.194
4,2297,0.152
4,2298,0.162
4,2299,0.153
4,2300,0.156
4,2301,0.153
4,2302,0.153
4,2303,0.153
4,2304,1.934
4,2305,0.153
4,2306,0.152
4,2307,0.152
4,2308,0.165
4,2309,0.159
4,2310,0.154
4,2311,0.154
4,2312,0.155
4,2313,0.155
4,2314,0.154
4,2315,0.154
4,2316,2.335
4,2317,0.162
4,2318,0.152
4,2319,0.163
4,2320,0.153
4,2321,0.169
4,2322,0.153
4,2323,0.170
4,2324,0.154
4,2325,0.153
4,2326,0.153
4,2327,0.153
4,2328,1.794
4,2329,0.153
4,2330,0.152
4,2331,0.176
4,2332,0.154
4,2333,0.154
4,2334,0.155
4,2335,0.157
4,2336,0.165
4,2337,0.155
4,2338,0.152
4,2339,0.153
4,2340,1.413
4,2341,0.158
4,2342,0.152
4,2343,0.161
4,2344,0.158
4,2345,0.154
4,2346,0.153
4,2347,0.162
4,2348,0.166
4,2349,0.154
4,2350,0.161
4,2351,0.153
4,2352,1.103
4,2353,0.154
4,2354,0.152
4,2355,0.153
4,2356,0.154
4,2357,0.160
4,2358,0.164
4,2359,0.160
4,2360,0.173
4,2361,0.153
4,2362,0.160
4,2363,0.153
4,2364,1.576
4,2365,0.155
4,2366,0.152
4,2367,0.152
4,2368,0.170
4,2369,0.165
4,2370,0.154
4,2371,0.153
4,2372,0.153
4,2373,0.154
4,2374,0.152
4,2375,0.153
4,2376,1.303
4,2377,0.154
4,2378,0.153
4,2379,0.152
4,2380,0.163
4,2381,0.153
4,2382,0.153
4,2383,0.153
4,2384,0.162
4,2385,0.153
4,2386,0.153
4,2387,0.153
4,2388,1.736
4,2389,0.163
4,2390,0.152
4,2391,0.152
4,2392,0.153
4,2393,0.152
4,2394,0.162
4,2395,0.152
4,2396,0.170
4,2397,0.153
4,2398,0.152
4,2399,0.164
4,2400,1.794
4,2401,0.154
4,2402,0.152
4,2403,0.153
4,2404,0.160
4,2405,0.170
4,2406,0.153
4,2407,0.153
4,2408,0.161
4,2409,0.153
4,2410,0.152
4,2411,0.153
4,2412,2.216
4,2413,0.153
4,2414,0.152
4,2415,0.161
4,2416,0.155
4,2417,0.153
4,2418,0.152
4,2419,0.153
4,2420,0.154
4,2421,0.153
4,2422,0.152
4,2423,0.152
4,2424,0.963
4,2425,0.154
4,2426,0.152
4,2427,0.153
4,2428,0.160
4,2429,0.153
4,2430,0.156
4,2431,0.154
4,2432,0.161
4,2433,0.153
4,2434,0.154
4,2435,0.152
4,2436,1.636
4,2437,0.152
4,2438,0.153
4,2439,0.172
4,2440,0.153
4,2441,0.154
4,2442,0.153
4,2443,0.153
4,2444,0.162
4,2445,0.154
4,2446,0.155
4,2447,0.152
4,2448,1.429
4,2449,0.167
4,2450,0.153
4,2451,0.153
4,2452,0.159
4,2453,0.154
4,2454,0.153
4,2455,0.153
4,2456,0.172
4,2457,0.160
4,2458,0.162
4,2459,0.153
4,2460,1.583
4,2461,0.161
4,2462,0.152
4,2463,0.152
4,2464,0.153
4,2465,0.153
4,2466,0.153
4,2467,0.158
4,2468,0.162
4,2469,0.177
4,2470,0.157
4,2471,0.160
4,2472,1.404
4,2473,0.154
4,2474,0.153
4,2475,0.152
4,2476,0.176
4,2477,0.153
4,2478,0.155
4,2479,0.151
4,2480,0.162
4,2481,0.155
4,2482,0.156
4,2483,0.152
4,2484,1.219
4,2485,0.153
4,2486,0.152
4,2487,0.152
4,2488,0.165
4,2489,0.153
4,2490,0.156
4,2491,0.152
4,2492,0.161
4,2493,0.152
4,2494,0.153
4,2495,0.161
4,2496,1.568
4,2497,0.153
4,2498,0.155
4,2499,0.153
4,2500,0.172
5,2,0.153
5,3,0.153
5,4,0.647
5,5,0.154
5,6,0.152
5,7,0.164
5,8,0.154
5,9,0.152
5,10,0.152
5,11,0.152
5,12,3.169
5,13,0.154
5,14,0.154
5,15,0.153
5,16,1.023
5,17,0.160
5,18,0.153
5,19,0.153
5,20,1.063
5,21,0.153
5,22,0.153
5,23,0.153
5,24,0.195
5,25,0.154
5,26,0.153
5,27,0.169
5,28,1.142
5,29,0.154
5,30,0.163
5,31,0.161
5,32,0.608
5,33,0.153
5,34,0.153
5,35,0.152
5,36,0.172
5,37,0.153
5,38,0.153
5,39,0.152
5,40,1.082
5,41,0.175
5,42,0.154
5,43,0.153
5,44,1.140
5,45,0.153
5,46,0.152
5,47,0.152
5,48,0.168
5,49,0.153
5,50,0.161
5,51,0.153
5,52,0.894
5,53,0.154
5,54,0.154
5,55,0.152
5,56,1.093
5,57,0.154
5,58,0.152
5,59,0.153
5,60,0.165
5,61,0.154
5,62,0.153
5,63,0.168
5,64,0.717
5,65,0.153
5,66,0.154
5,67,0.154
5,68,0.976
5,69,0.153
5,70,0.153
5,71,0.177
5,72,0.154
5,73,0.164
5,74,0.165
5,75,0.153
5,76,0.756
5,77,0.153
5,78,0.153
5,79,0.154
5,80,0.886
5,81,0.156
5,82,0.153
5,83,0.152
5,84,0.165
5,85,0.154
5,86,0.152
5,87,0.159
5,88,0.996
5,89,0.153
5,90,0.152
5,91,0.390
5,92,0.336
5,93,0.153
5,94,0.154
5,95,0.165
5,96,0.154
5,97,0.154
5,98,0.154
5,99,0.164
5,100,1.047
5,101,0.153
5,102,0.152
5,103,0.689
5,104,0.556
5,105,0.153
5,106,0.168
5,107,0.153
5,108,0.242
5,109,0.153
5,110,0.153
5,111,0.153
5,112,0.164
5,113,0.166
5,114,0.152
5,115,1.495
5,116,0.153
5,117,0.153
5,118,0.151
5,119,0.153
5,120,0.340
5,121,0.154
5,122,0.151
5,123,0.153
5,124,1.898
5,125,0.153
5,126,0.151
5,127,2.216
5,128,0.153
5,129,0.154
5,130,0.152
5,131,0.152
5,132,0.745
5,133,0.154
5,134,0.152
5,135,0.153
5,136,3.164
5,137,0.153
5,138,0.153
5,139,3.182
5,140,0.153
5,141,0.153
5,142,0.152
5,143,0.152
5,144,0.167
5,145,0.153
5,146,0.151
5,147,0.153
5,148,0.158
5,149,0.153
5,150,0.152
5,151,4.338
5,152,0.154
5,153,0.153
5,154,0.152
5,155,0.153
5,156,0.166
5,157,0.153
5,158,0.153
5,159,0.162
5,160,0.153
5,161,0.154
5,162,0.153
5,163,1.697
5,164,0.154
5,165,0.156
5,166,0.152
5,167,0.154
5,168,0.176
5,169,0.159
5,170,0.153
5,171,0.152
5,172,0.165
5,173,0.154
5,174,0.152
5,175,2.240
5,176,0.155
5,177,0.153
5,178,0.169
5,179,0.156
5,180,0.155
5,181,0.153
5,182,0.152
5,183,0.153
5,184,0.164
5,185,0.153
5,186,0.153
5,187,2.202
5,188,0.153
5,189,0.155
5,190,0.153
5,191,0.152
5,192,0.177
5,193,0.152
5,194,0.153
5,195,0.157
5,196,0.153
5,197,0.154
5,198,0.152
5,199,1.782
5,200,0.155
5,201,0.153
5,202,0.154
5,203,0.152
5,204,0.163
5,205,0.172
5,206,0.153
5,207,0.154
5,208,0.153
5,209,0.156
5,210,0.158
5,211,1.427
5,212,0.154
5,213,0.153
5,214,0.152
5,215,0.153
5,216,0.175
5,217,0.153
5,218,0.152
5,219,0.156
5,220,0.162
5,221,0.153
5,222,0.160
5,223,1.891
5,224,0.153
5,225,0.154
5,226,0.160
5,227,0.152
5,228,0.154
5,229,0.153
5,230,0.156
5,231,0.153
5,232,0.160
5,233,0.153
5,234,0.152
5,235,3.956
5,236,0.160
5,237,0.153
5,238,0.153
5,239,0.153
5,240,0.155
5,241,0.160
5,242,0.152
5,243,0.152
5,244,0.157
5,245,0.153
5,246,0.153
5,247,1.478
5,248,0.154
5,249,0.153
5,250,0.153
5,251,0.163
5,252,0.475
5,253,0.153
5,254,0.152
5,255,0.153
5,256,0.161
5,257,0.157
5,258,0.152
5,259,2.571
5,260,0.153
5,261,0.153
5,262,0.153
5,263,0.151
5,264,0.154
5,265,0.152
5,266,0.151
5,267,0.151
5,268,0.161
5,269,0.152
5,270,0.151
5,271,6.097
5,272,0.154
5,273,0.153
5,274,0.153
5,275,0.153
5,276,1.202
5,277,0.154
5,278,0.152
5,279,0.152
5,280,0.154
5,281,0.153
5,282,0.166
5,283,0.427
5,284,0.155
5,285,0.154
5,286,0.156
5,287,0.163
5,288,1.528
5,289,0.154
5,290,0.151
5,291,0.160
5,292,0.156
5,293,0.155
5,294,0.152
5,295,0.154
5,296,0.166
5,297,0.153
5,298,0.160
5,299,0.154
5,300,1.702
5,301,0.154
5,302,0.154
5,303,0.152
5,304,0.160
5,305,0.161
5,306,0.153
5,307,0.152
5,308,0.174
5,309,0.154
5,310,0.152
5,311,0.155
5,312,1.416
5,313,0.153
5,314,0.154
5,315,0.154
5,316,0.164
5,317,0.167
5,318,0.152
5,319,0.152
5,320,0.161
5,321,0.153
5,322,0.153
5,323,0.153
5,324,1.509
5,325,0.154
5,326,0.153
5,327,0.153
5,328,0.154
5,329,0.169
5,330,0.154
5,331,0.152
5,332,0.174
5,333,0.157
5,334,0.164
5,335,0.152
5,336,1.435
5,337,0.160
5,338,0.152
5,339,0.153
5,340,0.165
5,341,0.154
5,342,0.154
5,343,0.152
5,344,0.173
5,345,0.153
5,346,0.152
5,347,0.165
5,348,1.669
5,349,0.160
5,350,0.165
5,351,0.164
5,352,0.155
5,353,0.154
5,354,0.152
5,355,0.153
5,356,0.173
5,357,0.153
5,358,0.155
5,359,0.152
5,360,1.622
5,361,0.153
5,362,0.152
5,363,0.153
5,364,0.181
5,365,0.164
5,366,0.163
5,367,0.153
5,368,0.154
5,369,0.160
5,370,0.179
5,371,0.152
5,372,1.213
5,373,0.154
5,374,0.153
5,375,0.152
5,376,0.173
5,377,0.154
5,378,0.159
5,379,0.153
5,380,0.158
5,381,0.153
5,382,0.153
5,383,0.152
5,384,1.361
5,385,0.154
5,386,0.153
5,387,0.154
5,388,0.154
5,389,0.154
5,390,0.154
5,391,0.153
5,392,0.172
5,393,0.153
5,394,0.153
5,395,0.153
5,396,1.984
5,397,0.155
5,398,0.152
5,399,0.152
5,400,0.162
5,401,0.153
5,402,0.153
5,403,0.153
5,404,0.160
5,405,0.153
5,406,0.152
5,407,0.164
5,408,1.650
5,409,0.154
5,410,0.152
5,411,0.153
5,412,0.171
5,413,0.154
5,414,0.152
5,415,0.152
5,416,0.155
5,417,0.154
5,418,0.152
5,419,0.167
5,420,1.582
5,421,0.153
5,422,0.153
5,423,0.153
5,424,0.155
5,425,0.154
5,426,0.162
5,427,0.153
5,428,0.161
5,429,0.167
5,430,0.153
5,431,0.153
5,432,1.108
5,433,0.154
5,434,0.166
5,435,0.152
5,436,0.154
5,437,0.153
5,438,0.166
5,439,0.154
5,440,0.154
5,441,0.153
5,442,0.153
5,443,0.152
5,444,1.366
5,445,0.164
5,446,0.152
5,447,0.153
5,448,0.154
5,449,0.153
5,450,0.153
5,451,0.152
5,452,0.169
5,453,0.154
5,454,0.153
5,455,0.153
5,456,1.844
5,457,0.155
5,458,0.153
5,459,0.154
5,460,0.167
5,461,0.153
5,462,0.153
5,463,0.153
5,464,0.159
5,465,0.154
5,466,0.164
5,467,0.158
5,468,1.237
5,469,0.154
5,470,0.153
5,471,0.152
5,472,0.164
5,473,0.154
5,474,0.152
5,475,0.152
5,476,0.160
5,477,0.154
5,478,0.153
5,479,0.161
5,480,1.369
5,481,0.153
5,482,0.152
5,483,0.158
5,484,0.162
5,485,0.163
5,486,0.160
5,487,0.153
5,488,0.154
5,489,0.153
5,490,0.153
5,491,0.155
5,492,1.304
5,493,0.155
5,494,0.152
5,495,0.152
5,496,0.155
5,497,0.152
5,498,0.152
5,499,0.153
5,500,0.168
5,501,0.154
5,502,0.152
5,503,0.153
5,504,1.389
5,505,0.154
5,506,0.160
5,507,0.153
5,508,0.153
5,509,0.154
5,510,0.158
5,511,0.152
5,512,0.165
5,513,0.153
5,514,0.154
5,515,0.164
5,516,1.551
5,517,0.164
5,518,0.152
5,519,0.162
5,520,0.154
5,521,0.156
5,522,0.153
5,523,0.152
5,524,0.170
5,525,0.153
5,526,0.152
5,527,0.153
5,528,1.779
5,529,0.154
5,530,0.152
5,531,0.153
5,532,0.162
5,533,0.153
5,534,0.154
5,535,0.153
5,536,0.160
5,537,0.153
5,538,0.154
5,539,0.154
5,540,1.251
5,541,0.152
5,542,0.153
5,543,0.153
5,544,0.158
5,545,0.155
5,546,0.152
5,547,0.161
5,548,0.158
5,549,0.160
5,550,0.155
5,551,0.153
5,552,1.531
5,553,0.154
5,554,0.153
5,555,0.152
5,556,0.574
5,557,0.154
5,558,0.153
5,559,0.153
5,560,0.184
5,561,0.153
5,562,0.153
5,563,0.153
5,564,1.031
5,565,0.154
5,566,0.153
5,567,0.153
5,568,1.073
5,569,0.161
5,570,0.152
5,571,0.152
5,572,0.178
5,573,0.155
5,574,0.152
5,575,0.154
5,576,0.938
5,577,0.154
5,578,0.153
5,579,0.152
5,580,1.015
5,581,0.154
5,582,0.153
5,583,0.173
5,584,0.342
5,585,0.165
5,586,0.339
5,587,0.152
5,588,0.154
5,589,0.154
5,590,0.153
5,591,0.160
5,592,1.760
5,593,0.154
5,594,0.154
5,595,0.152
5,596,0.158
5,597,0.153
5,598,0.158
5,599,0.153
5,600,0.158
5,601,0.162
5,602,0.152
5,603,0.153
5,604,1.835
5,605,0.154
5,606,0.152
5,607,0.157
5,608,0.172
5,609,0.154
5,610,0.152
5,611,0.152
5,612,0.161
5,613,0.153
5,614,0.161
5,615,0.153
5,616,1.571
5,617,0.154
5,618,0.152
5,619,0.152
5,620,0.161
5,621,0.155
5,622,0.153
5,623,0.152
5,624,0.162
5,625,0.165
5,626,0.155
5,627,0.152
5,628,2.184
5,629,0.153
5,630,0.152
5,631,0.154
5,632,0.158
5,633,0.153
5,634,0.156
5,635,0.152
5,636,0.158
5,637,0.153
5,638,0.153
5,639,0.153
5,640,2.185
5,641,0.153
5,642,0.152
5,643,0.159
5,644,0.156
5,645,0.152
5,646,0.158
5,647,0.152
5,648,0.228
5,649,0.153
5,650,0.152
5,651,0.152
5,652,1.930
5,653,0.158
5,654,0.152
5,655,0.156
5,656,0.154
5,657,0.153
5,658,0.152
5,659,0.152
5,660,0.168
5,661,0.153
5,662,0.154
5,663,0.153
5,664,1.672
5,665,0.153
5,666,0.152
5,667,0.152
5,668,0.401
5,669,0.154
5,670,0.152
5,671,0.163
5,672,0.159
5,673,0.153
5,674,0.153
5,675,0.152
5,676,1.306
5,677,0.153
5,678,0.153
5,679,0.154
5,680,0.167
5,681,0.155
5,682,0.152
5,683,0.161
5,684,0.156
5,685,0.153
5,686,0.156
5,687,0.154
5,688,1.576
5,689,0.153
5,690,0.153
5,691,0.152
5,692,0.168
5,693,0.153
5,694,0.153
5,695,0.153
5,696,0.168
5,697,0.154
5,698,0.169
5,699,0.170
5,700,1.585
5,701,0.154
5,702,0.153
5,703,0.153
5,704,0.164
5,705,0.154
5,706,0.153
5,707,0.152
5,708,0.176
5,709,0.152
5,710,0.153
5,711,0.166
5,712,2.262
5,713,0.153
5,714,0.152
5,715,0.152
5,716,0.161
5,717,0.162
5,718,0.152
5,719,0.153
5,720,0.166
5,721,0.153
5,722,0.153
5,723,0.153
5,724,1.762
5,725,0.160
5,726,0.152
5,727,0.158
5,728,0.155
5,729,0.163
5,730,0.154
5,731,0.168
5,732,0.167
5,733,0.154
5,734,0.152
5,735,0.154
5,736,2.161
5,737,0.158
5,738,0.153
5,739,0.151
5,740,0.159
5,741,0.171
5,742,0.159
5,743,0.152
5,744,0.155
5,745,0.154
5,746,0.153
5,747,0.152
5,748,1.384
5,749,0.155
5,750,0.152
5,751,0.152
5,752,0.155
5,753,0.154
5,754,0.152
5,755,0.160
5,756,0.155
5,757,0.153
5,758,0.152
5,759,0.153
5,760,1.841
5,761,0.153
5,762,0.153
5,763,0.152
5,764,0.159
5,765,0.153
5,766,0.152
5,767,0.158
5,768,0.170
5,769,0.153
5,770,0.152
5,771,0.153
5,772,1.920
5,773,0.154
5,774,0.152
5,775,0.158
5,776,0.156
5,777,0.153
5,778,0.152
5,779,0.152
5,780,0.163
5,781,0.153
5,782,0.152
5,783,0.152
5,784,1.730
5,785,0.153
5,786,0.163
5,787,0.153
5,788,0.168
5,789,0.153
5,790,0.172
5,791,0.153
5,792,0.163
5,793,0.153
5,794,0.164
5,795,0.153
5,796,2.215
5,797,0.154
5,798,0.153
5,799,0.152
5,800,0.171
5,801,0.153
5,802,0.156
5,803,0.152
5,804,0.153
5,805,0.153
5,806,0.152
5,807,0.154
5,808,2.036
5,809,0.154
5,810,0.152
5,811,0.151
5,812,0.159
5,813,0.154
5,814,0.168
5,815,0.159
5,816,0.154
5,817,0.153
5,818,0.152
5,819,0.152
5,820,1.614
5,821,0.153
5,822,0.153
5,823,0.153
5,824,0.177
5,825,0.155
5,826,0.155
5,827,0.153
5,828,0.158
5,829,0.153
5,830,0.153
5,831,0.165
5,832,1.660
5,833,0.166
5,834,0.153
5,835,0.152
5,836,0.168
5,837,0.170
5,838,0.153
5,839,0.153
5,840,0.168
5,841,0.153
5,842,0.174
5,843,0.158
5,844,1.266
5,845,0.154
5,846,0.153
5,847,0.153
5,848,0.159
5,849,0.157
5,850,0.153
5,851,0.154
5,852,0.178
5,853,0.174
5,854,0.158
5,855,0.153
5,856,1.595
5,857,0.155
5,858,0.152
5,859,0.152
5,860,0.159
5,861,0.153
5,862,0.154
5,863,0.152
5,864,0.168
5,865,0.155
5,866,0.152
5,867,0.162
5,868,1.592
5,869,0.153
5,870,0.153
5,871,0.152
5,872,0.181
5,873,0.153
5,874,0.159
5,875,0.153
5,876,0.153
5,877,0.157
5,878,0.160
5,879,0.154
5,880,1.080
5,881,0.154
5,882,0.153
5,883,0.152
5,884,0.154
5,885,0.153
5,886,0.153
5,887,0.162
5,888,0.154
5,889,0.153
5,890,0.153
5,891,0.152
5,892,1.845
5,893,0.166
5,894,0.152
5,895,0.152
5,896,0.154
5,897,0.153
5,898,0.169
5,899,0.161
5,900,0.177
5,901,0.158
5,902,0.158
5,903,0.152
5,904,1.856
5,905,0.153
5,906,0.160
5,907,0.160
5,908,0.155
5,909,0.153
5,910,0.153
5,911,0.162
5,912,0.166
5,913,0.154
5,914,0.153
5,915,0.153
5,916,1.520
5,917,0.155
5,918,0.153
5,919,0.153
5,920,0.156
5,921,0.153
5,922,0.155
5,923,0.163
5,924,0.153
5,925,0.154
5,926,0.154
5,927,0.154
5,928,1.516
5,929,0.154
5,930,0.153
5,931,0.153
5,932,0.162
5,933,0.153
5,934,0.153
5,935,0.152
5,936,0.160
5,937,0.153
5,938,0.163
5,939,0.152
5,940,1.868
5,941,0.153
5,942,0.152
5,943,0.153
5,944,0.172
5,945,0.153
5,946,0.152
5,947,0.157
5,948,0.177
5,949,0.156
5,950,0.152
5,951,0.153
5,952,2.796
5,953,0.154
5,954,0.151
5,955,0.160
5,956,0.155
5,957,0.153
5,958,0.152
5,959,0.153
5,960,0.170
5,961,0.153
5,962,0.153
5,963,0.153
5,964,1.984
5,965,0.154
5,966,0.153
5,967,0.161
5,968,0.154
5,969,0.154
5,970,0.160
5,971,0.160
5,972,0.161
5,973,0.154
5,974,0.152
5,975,0.152
5,976,1.766
5,977,0.154
5,978,0.153
5,979,0.162
5,980,0.167
5,981,0.153
5,982,0.152
5,983,0.153
5,984,0.169
5,985,0.153
5,986,0.152
5,987,0.153
5,988,1.615
5,989,0.163
5,990,0.152
5,991,0.153
5,992,0.156
5,993,0.162
5,994,0.153
5,995,0.167
5,996,0.154
5,997,0.152
5,998,0.153
5,999,0.153
5,1000,1.476
5,1001,0.156
5,1002,0.152
5,1003,0.153
5,1004,0.176
5,1005,0.153
5,1006,0.157
5,1007,0.152
5,1008,0.156
5,1009,0.156
5,1010,0.161
5,1011,0.152
5,1012,1.402
5,1013,0.154
5,1014,0.152
5,1015,0.153
5,1016,0.161
5,1017,0.157
5,1018,0.152
5,1019,0.153
5,1020,0.153
5,1021,0.163
5,1022,0.154
5,1023,0.153
5,1024,1.828
5,1025,0.163
5,1026,0.152
5,1027,0.164
5,1028,0.154
5,1029,0.154
5,1030,0.160
5,1031,0.152
5,1032,0.167
5,1033,0.155
5,1034,0.152
5,1035,0.153
5,1036,1.153
5,1037,0.154
5,1038,0.153
5,1039,0.152
5,1040,0.154
5,1041,0.154
5,1042,0.153
5,1043,0.151
5,1044,0.178
5,1045,0.154
5,1046,0.152
5,1047,0.154
5,1048,1.642
5,1049,0.153
5,1050,0.154
5,1051,0.153
5,1052,0.155
5,1053,0.153
5,1054,0.152
5,1055,0.165
5,1056,0.180
5,1057,0.153
5,1058,0.154
5,1059,0.162
5,1060,1.377
5,1061,0.153
5,1062,0.152
5,1063,0.153
5,1064,0.163
5,1065,0.153
5,1066,0.167
5,1067,0.152
5,1068,0.172
5,1069,0.154
5,1070,0.153
5,1071,0.152
5,1072,1.756
5,1073,0.155
5,1074,0.173
5,1075,0.153
5,1076,0.153
5,1077,0.154
5,1078,0.152
5,1079,0.153
5,1080,0.166
5,1081,0.153
5,1082,0.152
5,1083,0.153
5,1084,1.051
5,1085,0.153
5,1086,0.153
5,1087,0.153
5,1088,0.153
5,1089,0.155
5,1090,0.171
5,1091,0.161
5,1092,0.156
5,1093,0.160
5,1094,0.159
5,1095,0.153
5,1096,1.377
5,1097,0.154
5,1098,0.152
5,1099,0.152
5,1100,0.154
5,1101,0.153
5,1102,0.153
5,1103,0.152
5,1104,0.164
5,1105,0.154
5,1106,0.153
5,1107,0.163
5,1108,1.378
5,1109,0.153
5,1110,0.153
5,1111,0.152
5,1112,0.156
5,1113,0.154
5,1114,0.152
5,1115,0.153
5,1116,0.163
5,1117,0.154
5,1118,0.166
5,1119,0.153
5,1120,1.714
5,1121,0.154
5,1122,0.153
5,1123,0.153
5,1124,0.153
5,1125,0.153
5,1126,0.152
5,1127,0.154
5,1128,0.169
5,1129,0.153
5,1130,0.152
5,1131,0.157
5,1132,1.383
5,1133,0.153
5,1134,0.154
5,1135,0.153
5,1136,0.155
5,1137,0.160
5,1138,0.162
5,1139,0.154
5,1140,0.172
5,1141,0.156
5,1142,0.153
5,1143,0.152
5,1144,1.551
5,1145,0.154
5,1146,0.153
5,1147,0.152
5,1148,0.161
5,1149,0.153
5,1150,0.153
5,1151,0.153
5,1152,0.169
5,1153,0.157
5,1154,0.162
5,1155,0.163
5,1156,1.592
5,1157,0.154
5,1158,0.152
5,1159,0.152
5,1160,0.170
5,1161,0.153
5,1162,0.153
5,1163,0.154
5,1164,0.171
5,1165,0.154
5,1166,0.172
5,1167,0.153
5,1168,1.740
5,1169,0.155
5,1170,0.153
5,1171,0.152
5,1172,0.157
5,1173,0.155
5,1174,0.168
5,1175,0.158
5,1176,0.165
5,1177,0.153
5,1178,0.156
5,1179,0.153
5,1180,1.198
5,1181,0.153
5,1182,0.153
5,1183,0.153
5,1184,0.164
5,1185,0.154
5,1186,0.153
5,1187,0.153
5,1188,0.164
5,1189,0.158
5,1190,0.154
5,1191,0.158
5,1192,1.181
5,1193,0.153
5,1194,0.153
5,1195,0.152
5,1196,0.164
5,1197,0.153
5,1198,0.152
5,1199,0.153
5,1200,0.169
5,1201,0.155
5,1202,0.153
5,1203,0.152
5,1204,1.529
5,1205,0.155
5,1206,0.153
5,1207,0.152
5,1208,0.159
5,1209,0.153
5,1210,0.153
5,1211,0.152
5,1212,0.161
5,1213,0.153
5,1214,0.153
5,1215,0.153
5,1216,1.530
5,1217,0.153
5,1218,0.153
5,1219,0.154
5,1220,0.165
5,1221,0.169
5,1222,0.152
5,1223,0.152
5,1224,0.169
5,1225,0.153
5,1226,0.153
5,1227,0.152
5,1228,1.553
5,1229,0.153
5,1230,0.160
5,1231,0.153
5,1232,0.166
5,1233,0.153
5,1234,0.153
5,1235,0.152
5,1236,0.157
5,1237,0.156
5,1238,0.152
5,1239,0.155
5,1240,1.883
5,1241,0.153
5,1242,0.153
5,1243,0.152
5,1244,0.160
5,1245,0.153
5,1246,0.153
5,1247,0.153
5,1248,0.157
5,1249,0.161
5,1250,0.159
5,1251,0.152
5,1252,2.003
5,1253,0.155
5,1254,0.153
5,1255,0.152
5,1256,0.154
5,1257,0.153
5,1258,0.157
5,1259,0.153
5,1260,0.174
5,1261,0.153
5,1262,0.152
5,1263,0.153
5,1264,1.770
5,1265,0.153
5,1266,0.153
5,1267,0.154
5,1268,0.171
5,1269,0.154
5,1270,0.153
5,1271,0.152
5,1272,0.168
5,1273,0.153
5,1274,0.152
5,1275,0.152
5,1276,1.957
5,1277,0.153
5,1278,0.154
5,1279,0.155
5,1280,0.173
5,1281,0.153
5,1282,0.152
5,1283,0.161
5,1284,0.179
5,1285,0.153
5,1286,0.153
5,1287,0.152
5,1288,1.676
5,1289,0.154
5,1290,0.153
5,1291,0.152
5,1292,0.170
5,1293,0.153
5,1294,0.152
5,1295,0.153
5,1296,0.170
5,1297,0.157
5,1298,0.152
5,1299,0.152
5,1300,1.349
5,1301,0.154
5,1302,0.152
5,1303,0.153
5,1304,0.159
5,1305,0.153
5,1306,0.153
5,1307,0.162
5,1308,0.167
5,1309,0.155
5,1310,0.152
5,1311,0.153
5,1312,1.588
5,1313,0.154
5,1314,0.153
5,1315,0.153
5,1316,0.169
5,1317,0.163
5,1318,0.152
5,1319,0.153
5,1320,0.178
5,1321,0.154
5,1322,0.164
5,1323,0.155
5,1324,1.836
5,1325,0.153
5,1326,0.153
5,1327,0.152
5,1328,0.173
5,1329,0.152
5,1330,0.153
5,1331,0.153
5,1332,0.158
5,1333,0.158
5,1334,0.152
5,1335,0.152
5,1336,1.722
5,1337,0.154
5,1338,0.163
5,1339,0.152
5,1340,0.164
5,1341,0.167
5,1342,0.188
5,1343,0.153
5,1344,0.154
5,1345,0.162
5,1346,0.152
5,1347,0.152
5,1348,1.105
5,1349,0.153
5,1350,0.153
5,1351,0.153
5,1352,0.154
5,1353,0.153
5,1354,0.154
5,1355,0.152
5,1356,0.169
5,1357,0.157
5,1358,0.158
5,1359,0.164
5,1360,1.442
5,1361,0.153
5,1362,0.152
5,1363,0.153
5,1364,0.157
5,1365,0.154
5,1366,0.152
5,1367,0.153
5,1368,0.167
5,1369,0.155
5,1370,0.164
5,1371,0.153
5,1372,1.962
5,1373,0.153
5,1374,0.153
5,1375,0.152
5,1376,0.161
5,1377,0.155
5,1378,0.154
5,1379,0.158
5,1380,0.169
5,1381,0.163
5,1382,0.152
5,1383,0.153
5,1384,1.426
5,1385,0.153
5,1386,0.153
5,1387,0.152
5,1388,0.164
5,1389,0.153
5,1390,0.153
5,1391,0.152
5,1392,0.193
5,1393,0.154
5,1394,0.163
5,1395,0.153
5,1396,1.454
5,1397,0.154
5,1398,0.153
5,1399,0.153
5,1400,0.158
5,1401,0.154
5,1402,0.153
5,1403,0.152
5,1404,0.164
5,1405,0.160
5,1406,0.153
5,1407,0.153
5,1408,1.335
5,1409,0.154
5,1410,0.153
5,1411,0.153
5,1412,0.160
5,1413,0.154
5,1414,0.152
5,1415,0.153
5,1416,0.170
5,1417,0.154
5,1418,0.153
5,1419,0.153
5,1420,1.458
5,1421,0.153
5,1422,0.153
5,1423,0.152
5,1424,0.154
5,1425,0.153
5,1426,0.157
5,1427,0.153
5,1428,0.179
5,1429,0.155
5,1430,0.153
5,1431,0.152
5,1432,1.397
5,1433,0.154
5,1434,0.153
5,1435,0.160
5,1436,0.162
5,1437,0.155
5,1438,0.152
5,1439,0.153
5,1440,0.168
5,1441,0.154
5,1442,0.163
5,1443,0.153
5,1444,2.196
5,1445,0.154
5,1446,0.152
5,1447,0.152
5,1448,0.155
5,1449,0.154
5,1450,0.152
5,1451,0.167
5,1452,0.155
5,1453,0.153
5,1454,0.152
5,1455,0.153
5,1456,2.095
5,1457,0.166
5,1458,0.152
5,1459,0.151
5,1460,0.154
5,1461,0.152
5,1462,0.153
5,1463,0.152
5,1464,0.156
5,1465,0.156
5,1466,0.152
5,1467,0.161
5,1468,1.599
5,1469,0.154
5,1470,0.152
5,1471,0.153
5,1472,0.155
5,1473,0.162
5,1474,0.165
5,1475,0.153
5,1476,0.154
5,1477,0.155
5,1478,0.159
5,1479,0.160
5,1480,1.759
5,1481,0.153
5,1482,0.153
5,1483,0.164
5,1484,0.163
5,1485,0.164
5,1486,0.152
5,1487,0.153
5,1488,0.154
5,1489,0.153
5,1490,0.153
5,1491,0.153
5,1492,1.995
5,1493,0.153
5,1494,0.163
5,1495,0.153
5,1496,0.163
5,1497,0.153
5,1498,0.152
5,1499,0.153
5,1500,0.183
5,1501,0.168
5,1502,0.152
5,1503,0.152
5,1504,1.962
5,1505,0.152
5,1506,0.153
5,1507,0.152
5,1508,0.181
5,1509,0.153
5,1510,0.153
5,1511,0.154
5,1512,0.161
5,1513,0.157
5,1514,0.152
5,1515,0.154
5,1516,1.863
5,1517,0.153
5,1518,0.152
5,1519,0.152
5,1520,0.181
5,1521,0.161
5,1522,0.152
5,1523,0.152
5,1524,0.154
5,1525,0.153
5,1526,0.153
5,1527,0.152
5,1528,1.532
5,1529,0.153
5,1530,0.153
5,1531,0.152
5,1532,0.167
5,1533,0.168
5,1534,0.152
5,1535,0.152
5,1536,0.154
5,1537,0.153
5,1538,0.152
5,1539,0.153
5,1540,1.977
5,1541,0.154
5,1542,0.152
5,1543,0.152
5,1544,0.177
5,1545,0.156
5,1546,0.161
5,1547,0.152
5,1548,0.154
5,1549,0.153
5,1550,0.152
5,1551,0.153
5,1552,1.720
5,1553,0.159
5,1554,0.157
5,1555,0.152
5,1556,0.172
5,1557,0.154
5,1558,0.161
5,1559,0.153
5,1560,0.154
5,1561,0.153
5,1562,0.159
5,1563,0.153
5,1564,1.876
5,1565,0.165
5,1566,0.153
5,1567,0.153
5,1568,0.161
5,1569,0.153
5,1570,0.152
5,1571,0.152
5,1572,0.156
5,1573,0.154
5,1574,0.152
5,1575,0.153
5,1576,1.734
5,1577,0.154
5,1578,0.152
5,1579,0.152
5,1580,0.189
5,1581,0.152
5,1582,0.154
5,1583,0.158
5,1584,0.160
5,1585,0.152
5,1586,0.166
5,1587,0.152
5,1588,2.491
5,1589,0.153
5,1590,0.153
5,1591,0.152
5,1592,0.156
5,1593,0.153
5,1594,0.166
5,1595,0.152
5,1596,0.154
5,1597,0.153
5,1598,0.153
5,1599,0.153
5,1600,1.972
5,1601,0.156
5,1602,0.152
5,1603,0.152
5,1604,0.158
5,1605,0.164
5,1606,0.161
5,1607,0.152
5,1608,0.154
5,1609,0.153
5,1610,0.153
5,1611,0.152
5,1612,1.992
5,1613,0.153
5,1614,0.155
5,1615,0.152
5,1616,0.155
5,1617,0.153
5,1618,0.152
5,1619,0.179
5,1620,0.154
5,1621,0.153
5,1622,0.152
5,1623,0.152
5,1624,1.204
5,1625,0.153
5,1626,0.153
5,1627,0.153
5,1628,0.179
5,1629,0.153
5,1630,0.152
5,1631,0.153
5,1632,0.177
5,1633,0.155
5,1634,0.152
5,1635,0.153
5,1636,1.950
5,1637,0.155
5,1638,0.159
5,1639,0.152
5,1640,0.171
5,1641,0.158
5,1642,0.153
5,1643,0.153
5,1644,0.154
5,1645,0.154
5,1646,0.153
5,1647,0.167
5,1648,2.193
5,1649,0.155
5,1650,0.164
5,1651,0.152
5,1652,0.168
5,1653,0.152
5,1654,0.152
5,1655,0.152
5,1656,0.168
5,1657,0.155
5,1658,0.152
5,1659,0.153
5,1660,2.180
5,1661,0.154
5,1662,0.155
5,1663,0.151
5,1664,0.162
5,1665,0.152
5,1666,0.152
5,1667,0.152
5,1668,0.160
5,1669,0.154
5,1670,0.155
5,1671,0.152
5,1672,1.720
5,1673,0.155
5,1674,0.151
5,1675,0.170
5,1676,0.153
5,1677,0.153
5,1678,0.161
5,1679,0.153
5,1680,0.163
5,1681,0.161
5,1682,0.152
5,1683,0.152
5,1684,1.366
5,1685,0.153
5,1686,0.162
5,1687,0.152
5,1688,0.153
5,1689,0.154
5,1690,0.152
5,1691,0.156
5,1692,0.159
5,1693,0.153
5,1694,0.162
5,1695,0.152
5,1696,2.161
5,1697,0.159
5,1698,0.152
5,1699,0.152
5,1700,0.184
5,1701,0.153
5,1702,0.161
5,1703,0.152
5,1704,0.173
5,1705,0.153
5,1706,0.153
5,1707,0.153
5,1708,1.860
5,1709,0.153
5,1710,0.153
5,1711,0.155
5,1712,0.159
5,1713,0.152
5,1714,0.160
5,1715,0.160
5,1716,0.167
5,1717,0.153
5,1718,0.153
5,1719,0.152
5,1720,1.664
5,1721,0.163
5,1722,0.152
5,1723,0.152
5,1724,0.155
5,1725,0.161
5,1726,0.152
5,1727,0.162
5,1728,0.155
5,1729,0.155
5,1730,0.152
5,1731,0.162
5,1732,2.236
5,1733,0.153
5,1734,0.152
5,1735,0.152
5,1736,0.163
5,1737,0.153
5,1738,0.155
5,1739,0.152
5,1740,0.157
5,1741,0.153
5,1742,0.151
5,1743,0.153
5,1744,1.593
5,1745,0.153
5,1746,0.152
5,1747,0.152
5,1748,0.166
5,1749,0.153
5,1750,0.153
5,1751,0.154
5,1752,0.159
5,1753,0.156
5,1754,0.152
5,1755,0.153
5,1756,1.632
5,1757,0.153
5,1758,0.154
5,1759,0.163
5,1760,0.154
5,1761,0.153
5,1762,0.152
5,1763,0.152
5,1764,0.162
5,1765,0.153
5,1766,0.152
5,1767,0.162
5,1768,1.867
5,1769,0.153
5,1770,0.157
5,1771,0.152
5,1772,0.177
5,1773,0.153
5,1774,0.152
5,1775,0.154
5,1776,0.154
5,1777,0.153
5,1778,0.153
5,1779,0.152
5,1780,1.295
5,1781,0.154
5,1782,0.152
5,1783,0.153
5,1784,0.189
5,1785,0.153
5,1786,0.153
5,1787,0.153
5,1788,0.171
5,1789,0.153
5,1790,0.163
5,1791,0.154
5,1792,1.678
5,1793,0.155
5,1794,0.153
5,1795,0.163
5,1796,0.154
5,1797,0.153
5,1798,0.157
5,1799,0.161
5,1800,0.157
5,1801,0.153
5,1802,0.157
5,1803,0.153
5,1804,1.468
5,1805,0.153
5,1806,0.154
5,1807,0.158
5,1808,0.153
5,1809,0.153
5,1810,0.153
5,1811,0.158
5,1812,0.173
5,1813,0.153
5,1814,0.161
5,1815,0.155
5,1816,1.765
5,1817,0.154
5,1818,0.151
5,1819,0.154
5,1820,0.180
5,1821,0.153
5,1822,0.167
5,1823,0.153
5,1824,0.169
5,1825,0.155
5,1826,0.153
5,1827,0.153
5,1828,1.302
5,1829,0.153
5,1830,0.153
5,1831,0.152
5,1832,0.163
5,1833,0.153
5,1834,0.155
5,1835,0.153
5,1836,0.179
5,1837,0.165
5,1838,0.153
5,1839,0.155
5,1840,1.556
5,1841,0.154
5,1842,0.152
5,1843,0.154
5,1844,0.159
5,1845,0.155
5,1846,0.170
5,1847,0.155
5,1848,0.154
5,1849,0.156
5,1850,0.155
5,1851,0.160
5,1852,1.355
5,1853,0.153
5,1854,0.153
5,1855,0.153
5,1856,0.160
5,1857,0.159
5,1858,0.189
5,1859,0.152
5,1860,0.164
5,1861,0.156
5,1862,0.157
5,1863,0.152
5,1864,1.862
5,1865,0.155
5,1866,0.154
5,1867,0.152
5,1868,0.155
5,1869,0.165
5,1870,0.153
5,1871,0.178
5,1872,0.155
5,1873,0.154
5,1874,0.153
5,1875,0.153
5,1876,1.373
5,1877,0.154
5,1878,0.153
5,1879,0.153
5,1880,0.165
5,1881,0.152
5,1882,0.163
5,1883,0.157
5,1884,0.178
5,1885,0.154
5,1886,0.181
5,1887,0.153
5,1888,1.062
5,1889,0.154
5,1890,0.152
5,1891,0.153
5,1892,0.170
5,1893,0.153
5,1894,0.153
5,1895,0.152
5,1896,0.158
5,1897,0.153
5,1898,0.152
5,1899,0.161
5,1900,1.390
5,1901,0.153
5,1902,0.152
5,1903,0.153
5,1904,0.154
5,1905,0.153
5,1906,0.153
5,1907,0.152
5,1908,0.170
5,1909,0.154
5,1910,0.154
5,1911,0.152
5,1912,1.679
5,1913,0.154
5,1914,0.153
5,1915,0.154
5,1916,0.168
5,1917,0.153
5,1918,0.153
5,1919,0.153
5,1920,0.159
5,1921,0.166
5,1922,0.165
5,1923,0.152
5,1924,1.199
5,1925,0.153
5,1926,0.152
5,1927,0.153
5,1928,0.154
5,1929,0.153
5,1930,0.152
5,1931,0.153
5,1932,0.161
5,1933,0.155
5,1934,0.154
5,1935,0.154
5,1936,2.496
5,1937,0.153
5,1938,0.152
5,1939,0.152
5,1940,0.187
5,1941,0.154
5,1942,0.156
5,1943,0.152
5,1944,0.174
5,1945,0.154
5,1946,0.152
5,1947,0.153
5,1948,1.463
5,1949,0.159
5,1950,0.153
5,1951,0.152
5,1952,0.157
5,1953,0.153
5,1954,0.152
5,1955,0.153
5,1956,0.171
5,1957,0.153
5,1958,0.152
5,1959,0.152
5,1960,1.458
5,1961,0.163
5,1962,0.152
5,1963,0.164
5,1964,0.155
5,1965,0.152
5,1966,0.155
5,1967,0.158
5,1968,0.153
5,1969,0.153
5,1970,0.155
5,1971,0.154
5,1972,1.360
5,1973,0.154
5,1974,0.152
5,1975,0.153
5,1976,0.168
5,1977,0.152
5,1978,0.153
5,1979,0.152
5,1980,0.183
5,1981,0.153
5,1982,0.152
5,1983,0.153
5,1984,1.330
5,1985,0.153
5,1986,0.165
5,1987,0.152
5,1988,0.161
5,1989,0.153
5,1990,0.152
5,1991,0.157
5,1992,0.167
5,1993,0.153
5,1994,0.157
5,1995,0.160
5,1996,1.941
5,1997,0.153
5,1998,0.152
5,1999,0.153
5,2000,0.165
5,2001,0.154
5,2002,0.152
5,2003,0.153
5,2004,0.166
5,2005,0.153
5,2006,0.158
5,2007,0.153
5,2008,1.755
5,2009,0.153
5,2010,0.152
5,2011,0.152
5,2012,0.155
5,2013,0.153
5,2014,0.152
5,2015,0.155
5,2016,0.163
5,2017,0.156
5,2018,0.155
5,2019,0.154
5,2020,1.255
5,2021,0.153
5,2022,0.153
5,2023,0.154
5,2024,0.159
5,2025,0.153
5,2026,0.154
5,2027,0.152
5,2028,0.168
5,2029,0.153
5,2030,0.153
5,2031,0.153
5,2032,1.478
5,2033,0.154
5,2034,0.153
5,2035,0.153
5,2036,0.191
5,2037,0.156
5,2038,0.152
5,2039,0.153
5,2040,0.174
5,2041,0.160
5,2042,0.154
5,2043,0.152
5,2044,1.242
5,2045,0.154
5,2046,0.153
5,2047,0.153
5,2048,0.167
5,2049,0.153
5,2050,0.154
5,2051,0.164
5,2052,0.169
5,2053,0.152
5,2054,0.153
5,2055,0.152
5,2056,1.411
5,2057,0.153
5,2058,0.152
5,2059,0.153
5,2060,0.167
5,2061,0.153
5,2062,0.153
5,2063,0.154
5,2064,0.157
5,2065,0.153
5,2066,0.153
5,2067,0.153
5,2068,1.479
5,2069,0.155
5,2070,0.153
5,2071,0.152
5,2072,0.155
5,2073,0.155
5,2074,0.157
5,2075,0.152
5,2076,0.182
5,2077,0.153
5,2078,0.163
5,2079,0.155
5,2080,1.537
5,2081,0.155
5,2082,0.152
5,2083,0.153
5,2084,0.154
5,2085,0.152
5,2086,0.153
5,2087,0.154
5,2088,0.164
5,2089,0.154
5,2090,0.160
5,2091,0.152
5,2092,1.516
5,2093,0.153
5,2094,0.152
5,2095,0.152
5,2096,0.167
5,2097,0.177
5,2098,0.173
5,2099,0.153
5,2100,0.154
5,2101,0.157
5,2102,0.152
5,2103,0.163
5,2104,1.374
5,2105,0.153
5,2106,0.152
5,2107,0.152
5,2108,0.155
5,2109,0.152
5,2110,0.152
5,2111,0.159
5,2112,0.162
5,2113,0.154
5,2114,0.152
5,2115,0.164
5,2116,2.092
5,2117,0.155
5,2118,0.152
5,2119,0.153
5,2120,0.171
5,2121,0.153
5,2122,0.153
5,2123,0.153
5,2124,0.163
5,2125,0.154
5,2126,0.170
5,2127,0.153
5,2128,1.127
5,2129,0.153
5,2130,0.154
5,2131,0.152
5,2132,0.173
5,2133,0.153
5,2134,0.153
5,2135,0.154
5,2136,0.170
5,2137,0.155
5,2138,0.154
5,2139,0.153
5,2140,1.433
5,2141,0.154
5,2142,0.152
5,2143,0.153
5,2144,0.154
5,2145,0.154
5,2146,0.154
5,2147,0.153
5,2148,0.162
5,2149,0.167
5,2150,0.153
5,2151,0.166
5,2152,1.729
5,2153,0.153
5,2154,0.152
5,2155,0.152
5,2156,0.183
5,2157,0.155
5,2158,0.158
5,2159,0.157
5,2160,0.166
5,2161,0.164
5,2162,0.153
5,2163,0.153
5,2164,1.330
5,2165,0.153
5,2166,0.152
5,2167,0.153
5,2168,0.155
5,2169,0.153
5,2170,0.166
5,2171,0.152
5,2172,0.164
5,2173,0.154
5,2174,0.162
5,2175,0.153
5,2176,1.627
5,2177,0.155
5,2178,0.153
5,2179,0.161
5,2180,0.162
5,2181,0.154
5,2182,0.160
5,2183,0.156
5,2184,0.155
5,2185,0.153
5,2186,0.162
5,2187,0.153
5,2188,1.165
5,2189,0.153
5,2190,0.153
5,2191,0.153
5,2192,0.156
5,2193,0.161
5,2194,0.152
5,2195,0.152
5,2196,0.166
5,2197,0.154
5,2198,0.152
5,2199,0.163
5,2200,1.437
5,2201,0.153
5,2202,0.152
5,2203,0.153
5,2204,0.164
5,2205,0.153
5,2206,0.157
5,2207,0.152
5,2208,0.171
5,2209,0.169
5,2210,0.153
5,2211,0.153
5,2212,1.352
5,2213,0.153
5,2214,0.153
5,2215,0.152
5,2216,0.159
5,2217,0.155
5,2218,0.152
5,2219,0.153
5,2220,0.168
5,2221,0.155
5,2222,0.159
5,2223,0.152
5,2224,1.289
5,2225,0.154
5,2226,0.161
5,2227,0.153
5,2228,0.168
5,2229,0.154
5,2230,0.162
5,2231,0.157
5,2232,0.154
5,2233,0.153
5,2234,0.153
5,2235,0.153
5,2236,1.453
5,2237,0.153
5,2238,0.153
5,2239,0.153
5,2240,0.176
5,2241,0.153
5,2242,0.153
5,2243,0.153
5,2244,0.156
5,2245,0.152
5,2246,0.155
5,2247,0.153
5,2248,1.689
5,2249,0.153
5,2250,0.152
5,2251,0.153
5,2252,0.168
5,2253,0.153
5,2254,0.156
5,2255,0.153
5,2256,0.163
5,2257,0.153
5,2258,0.178
5,2259,0.153
5,2260,1.486
5,2261,0.160
5,2262,0.154
5,2263,0.152
5,2264,0.160
5,2265,0.155
5,2266,0.152
5,2267,0.154
5,2268,0.162
5,2269,0.153
5,2270,0.153
5,2271,0.152
5,2272,1.536
5,2273,0.153
5,2274,0.153
5,2275,0.153
5,2276,0.155
5,2277,0.153
5,2278,0.153
5,2279,0.152
5,2280,0.160
5,2281,0.168
5,2282,0.152
5,2283,0.153
5,2284,1.790
5,2285,0.153
5,2286,0.153
5,2287,0.153
5,2288,0.165
5,2289,0.154
5,2290,0.152
5,2291,0.161
5,2292,0.160
5,2293,0.153
5,2294,0.158
5,2295,0.164
5,2296,1.399
5,2297,0.153
5,2298,0.153
5,2299,0.153
5,2300,0.159
5,2301,0.152
5,2302,0.152
5,2303,0.152
5,2304,0.164
5,2305,0.155
5,2306,0.159
5,2307,0.158
5,2308,1.251
5,2309,0.154
5,2310,0.152
5,2311,0.162
5,2312,0.154
5,2313,0.154
5,2314,0.152
5,2315,0.153
5,2316,0.173
5,2317,0.155
5,2318,0.153
5,2319,0.153
5,2320,1.637
5,2321,0.154
5,2322,0.153
5,2323,0.153
5,2324,0.194
5,2325,0.153
5,2326,0.152
5,2327,0.153
5,2328,0.161
5,2329,0.155
5,2330,0.153
5,2331,0.153
5,2332,1.424
5,2333,0.154
5,2334,0.153
5,2335,0.153
5,2336,0.168
5,2337,0.155
5,2338,0.152
5,2339,0.152
5,2340,0.163
5,2341,0.154
5,2342,0.154
5,2343,0.165
5,2344,1.377
5,2345,0.153
5,2346,0.153
5,2347,0.152
5,2348,0.266
5,2349,0.153
5,2350,0.191
5,2351,0.152
5,2352,0.154
5,2353,0.153
5,2354,0.152
5,2355,0.153
5,2356,1.326
5,2357,0.155
5,2358,0.153
5,2359,0.152
5,2360,0.175
5,2361,0.153
5,2362,0.153
5,2363,0.153
5,2364,0.154
5,2365,0.153
5,2366,0.152
5,2367,0.161
5,2368,1.555
5,2369,0.155
5,2370,0.152
5,2371,0.153
5,2372,0.165
5,2373,0.153
5,2374,0.153
5,2375,0.152
5,2376,0.162
5,2377,0.154
5,2378,0.154
5,2379,0.153
5,2380,2.097
5,2381,0.154
5,2382,0.159
5,2383,0.153
5,2384,0.163
5,2385,0.153
5,2386,0.152
5,2387,0.152
5,2388,0.164
5,2389,0.153
5,2390,0.152
5,2391,0.152
5,2392,0.785
5,2393,0.155
5,2394,0.152
5,2395,0.153
5,2396,0.162
5,2397,0.164
5,2398,0.153
5,2399,0.152
5,2400,0.175
5,2401,0.153
5,2402,0.155
5,2403,0.152
5,2404,1.004
5,2405,0.154
5,2406,0.153
5,2407,0.152
5,2408,0.465
5,2409,0.161
5,2410,0.152
5,2411,0.152
5,2412,0.161
5,2413,0.159
5,2414,0.159
5,2415,0.159
5,2416,1.239
5,2417,0.154
5,2418,0.152
5,2419,0.152
5,2420,2.079
5,2421,0.153
5,2422,0.152
5,2423,0.153
5,2424,0.173
5,2425,0.154
5,2426,0.161
5,2427,0.152
5,2428,0.590
5,2429,0.153
5,2430,0.152
5,2431,0.153
5,2432,0.844
5,2433,0.153
5,2434,0.152
5,2435,0.156
5,2436,0.176
5,2437,0.154
5,2438,0.153
5,2439,0.162
5,2440,1.444
5,2441,0.155
5,2442,0.154
5,2443,0.152
5,2444,0.422
5,2445,0.154
5,2446,0.152
5,2447,0.156
5,2448,0.163
5,2449,0.167
5,2450,0.164
5,2451,0.158
5,2452,1.744
5,2453,0.159
5,2454,0.155
5,2455,0.153
5,2456,0.162
5,2457,0.158
5,2458,0.152
5,2459,0.153
5,2460,0.174
5,2461,0.153
5,2462,0.161
5,2463,0.152
5,2464,1.819
5,2465,0.154
5,2466,0.168
5,2467,0.153
5,2468,0.153
5,2469,0.158
5,2470,0.152
5,2471,0.152
5,2472,0.189
5,2473,0.153
5,2474,0.153
5,2475,0.153
5,2476,1.478
5,2477,0.154
5,2478,0.167
5,2479,0.162
5,2480,0.154
5,2481,0.153
5,2482,0.152
5,2483,0.153
5,2484,0.179
5,2485,0.163
5,2486,0.166
5,2487,0.161
5,2488,1.337
5,2489,0.155
5,2490,0.153
5,2491,0.154
5,2492,0.168
5,2493,0.153
5,2494,0.153
5,2495,0.153
5,2496,0.168
5,2497,0.161
5,2498,0.153
5,2499,0.152
5,2500,1.762
6,2,0.154
6,3,0.154
6,4,0.374
6,5,0.155
6,6,0.155
6,7,0.152
6,8,0.155
6,9,0.154
6,10,0.154
6,11,0.152
6,12,2.378
6,13,0.154
6,14,0.153
6,15,0.154
6,16,0.166
6,17,0.153
6,18,0.154
6,19,0.152
6,20,0.177
6,21,0.153
6,22,0.153
6,23,0.160
6,24,1.493
6,25,0.153
6,26,0.153
6,27,0.154
6,28,0.161
6,29,0.154
6,30,0.163
6,31,0.153
6,32,0.159
6,33,0.161
6,34,0.155
6,35,0.162
6,36,0.509
6,37,0.154
6,38,0.154
6,39,0.153
6,40,0.161
6,41,0.153
6,42,0.153
6,43,0.153
6,44,0.162
6,45,0.154
6,46,0.154
6,47,0.154
6,48,1.460
6,49,0.154
6,50,0.153
6,51,0.153
6,52,0.157
6,53,0.155
6,54,0.153
6,55,0.152
6,56,0.168
6,57,0.154
6,58,0.153
6,59,0.153
6,60,1.885
6,61,0.154
6,62,0.154
6,63,0.153
6,64,0.156
6,65,0.154
6,66,0.153
6,67,0.160
6,68,0.175
6,69,0.154
6,70,0.155
6,71,0.152
6,72,0.953
6,73,0.155
6,74,0.166
6,75,0.154
6,76,0.225
6,77,0.154
6,78,0.153
6,79,0.153
6,80,0.163
6,81,0.162
6,82,0.154
6,83,0.154
6,84,2.018
6,85,0.153
6,86,0.153
6,87,0.154
6,88,0.172
6,89,0.154
6,90,0.153
6,91,0.156
6,92,0.156
6,93,0.157
6,94,0.152
6,95,0.154
6,96,0.568
6,97,0.155
6,98,0.154
6,99,0.153
6,100,0.220
6,101,0.155
6,102,0.165
6,103,0.164
6,104,0.162
6,105,0.154
6,106,0.163
6,107,0.153
6,108,1.491
6,109,0.154
6,110,0.152
6,111,0.153
6,112,0.315
6,113,0.163
6,114,0.177
6,115,0.154
6,116,0.154
6,117,0.154
6,118,0.153
6,119,0.153
6,120,0.625
6,121,0.155
6,122,0.153
6,123,0.153
6,124,1.180
6,125,0.155
6,126,0.152
6,127,0.153
6,128,0.169
6,129,0.154
6,130,0.154
6,131,0.154
6,132,0.419
6,133,0.154
6,134,0.153
6,135,0.155
6,136,1.126
6,137,0.159
6,138,0.153
6,139,0.153
6,140,0.166
6,141,0.154
6,142,0.154
6,143,0.153
6,144,0.238
6,145,0.154
6,146,0.159
6,147,0.152
6,148,1.301
6,149,0.155
6,150,0.154
6,151,0.152
6,152,0.178
6,153,0.153
6,154,0.154
6,155,0.166
6,156,0.158
6,157,0.153
6,158,0.153
6,159,0.153
6,160,1.413
6,161,0.155
6,162,0.154
6,163,0.153
6,164,0.168
6,165,0.154
6,166,0.152
6,167,0.153
6,168,0.168
6,169,0.154
6,170,0.153
6,171,0.153
6,172,1.377
6,173,0.164
6,174,0.153
6,175,0.152
6,176,0.165
6,177,0.153
6,178,0.153
6,179,0.153
6,180,0.172
6,181,0.155
6,182,0.153
6,183,0.155
6,184,1.039
6,185,0.154
6,186,0.153
6,187,0.154
6,188,0.179
6,189,0.156
6,190,0.153
6,191,0.162
6,192,0.166
6,193,0.154
6,194,0.152
6,195,0.153
6,196,1.402
6,197,0.154
6,198,0.153
6,199,0.152
6,200,0.194
6,201,0.154
6,202,0.154
6,203,0.152
6,204,0.159
6,205,0.155
6,206,0.157
6,207,0.153
6,208,0.969
6,209,0.154
6,210,0.160
6,211,0.154
6,212,0.155
6,213,0.165
6,214,0.153
6,215,0.154
6,216,0.178
6,217,0.154
6,218,0.160
6,219,0.154
6,220,1.471
6,221,0.153
6,222,0.162
6,223,0.153
6,224,0.157
6,225,0.154
6,226,0.152
6,227,0.160
6,228,0.155
6,229,0.154
6,230,0.153
6,231,0.154
6,232,0.823
6,233,0.153
6,234,0.153
6,235,0.153
6,236,0.479
6,237,0.153
6,238,0.153
6,239,0.153
6,240,0.165
6,241,0.154
6,242,0.152
6,243,0.154
6,244,1.133
6,245,0.154
6,246,0.160
6,247,0.164
6,248,0.871
6,249,0.155
6,250,0.161
6,251,0.153
6,252,0.163
6,253,0.173
6,254,0.154
6,255,0.161
6,256,0.354
6,257,0.153
6,258,0.168
6,259,0.153
6,260,1.296
6,261,0.154
6,262,0.155
6,263,0.165
6,264,0.166
6,265,0.154
6,266,0.153
6,267,0.152
6,268,0.172
6,269,0.154
6,270,0.153
6,271,0.153
6,272,1.447
6,273,0.154
6,274,0.158
6,275,0.152
6,276,0.174
6,277,0.153
6,278,0.155
6,279,0.153
6,280,0.155
6,281,0.166
6,282,0.160
6,283,0.154
6,284,1.392
6,285,0.165
6,286,0.152
6,287,0.153
6,288,0.162
6,289,0.163
6,290,0.153
6,291,0.153
6,292,0.156
6,293,0.159
6,294,0.153
6,295,0.152
6,296,1.285
6,297,0.162
6,298,0.152
6,299,0.164
6,300,0.154
6,301,0.156
6,302,0.156
6,303,0.153
6,304,0.163
6,305,0.154
6,306,0.152
6,307,0.153
6,308,1.267
6,309,0.167
6,310,0.153
6,311,0.153
6,312,0.165
6,313,0.154
6,314,0.153
6,315,0.153
6,316,0.170
6,317,0.154
6,318,0.152
6,319,0.159
6,320,1.305
6,321,0.155
6,322,0.153
6,323,0.153
6,324,0.178
6,325,0.155
6,326,0.154
6,327,0.152
6,328,0.162
6,329,0.154
6,330,0.152
6,331,0.152
6,332,1.246
6,333,0.154
6,334,0.154
6,335,0.154
6,336,0.163
6,337,0.154
6,338,0.154
6,339,0.155
6,340,0.179
6,341,0.153
6,342,0.153
6,343,0.154
6,344,1.623
6,345,0.153
6,346,0.154
6,347,0.159
6,348,0.163
6,349,0.160
6,350,0.153
6,351,0.152
6,352,0.179
6,353,0.154
6,354,0.152
6,355,0.153
6,356,1.358
6,357,0.154
6,358,0.163
6,359,0.153
6,360,0.160
6,361,0.156
6,362,0.154
6,363,0.152
6,364,0.173
6,365,0.154
6,366,0.154
6,367,0.154
6,368,1.631
6,369,0.154
6,370,0.152
6,371,0.154
6,372,0.169
6,373,0.154
6,374,0.153
6,375,0.168
6,376,0.159
6,377,0.153
6,378,0.153
6,379,0.166
6,380,1.717
6,381,0.153
6,382,0.152
6,383,0.152
6,384,0.156
6,385,0.153
6,386,0.152
6,387,0.153
6,388,0.165
6,389,0.164
6,390,0.152
6,391,0.152
6,392,1.762
6,393,0.153
6,394,0.153
6,395,0.153
6,396,0.161
6,397,0.170
6,398,0.154
6,399,0.160
6,400,0.154
6,401,0.166
6,402,0.171
6,403,0.152
6,404,1.548
6,405,0.158
6,406,0.152
6,407,0.154
6,408,0.166
6,409,0.153
6,410,0.152
6,411,0.161
6,412,0.154
6,413,0.153
6,414,0.153
6,415,0.153
6,416,1.421
6,417,0.153
6,418,0.157
6,419,0.153
6,420,0.161
6,421,0.154
6,422,0.153
6,423,0.151
6,424,0.172
6,425,0.153
6,426,0.154
6,427,0.152
6,428,1.652
6,429,0.154
6,430,0.161
6,431,0.153
6,432,0.160
6,433,0.154
6,434,0.153
6,435,0.153
6,436,0.164
6,437,0.153
6,438,0.155
6,439,0.154
6,440,1.607
6,441,0.159
6,442,0.152
6,443,0.153
6,444,0.175
6,445,0.154
6,446,0.166
6,447,0.171
6,448,0.155
6,449,0.153
6,450,0.153
6,451,0.156
6,452,2.311
6,453,0.155
6,454,0.151
6,455,0.153
6,456,0.180
6,457,0.153
6,458,0.152
6,459,0.152
6,460,0.169
6,461,0.154
6,462,0.152
6,463,0.152
6,464,1.397
6,465,0.154
6,466,0.152
6,467,0.152
6,468,0.170
6,469,0.153
6,470,0.153
6,471,0.152
6,472,0.181
6,473,0.166
6,474,0.153
6,475,0.157
6,476,1.304
6,477,0.154
6,478,0.153
6,479,0.163
6,480,0.175
6,481,0.154
6,482,0.156
6,483,0.153
6,484,0.173
6,485,0.163
6,486,0.153
6,487,0.155
6,488,1.325
6,489,0.153
6,490,0.152
6,491,0.155
6,492,0.161
6,493,0.153
6,494,0.153
6,495,0.152
6,496,0.174
6,497,0.153
6,498,0.153
6,499,0.154
6,500,1.371
6,501,0.153
6,502,0.161
6,503,0.154
6,504,0.162
6,505,0.155
6,506,0.153
6,507,0.156
6,508,0.155
6,509,0.153
6,510,0.152
6,511,0.152
6,512,1.738
6,513,0.153
6,514,0.153
6,515,0.152
6,516,0.360
6,517,0.156
6,518,0.152
6,519,0.164
6,520,0.154
6,521,0.153
6,522,0.152
6,523,0.153
6,524,1.225
6,525,0.154
6,526,0.153
6,527,0.153
6,528,0.161
6,529,0.161
6,530,0.153
6,531,0.154
6,532,0.155
6,533,0.153
6,534,0.153
6,535,0.153
6,536,1.291
6,537,0.161
6,538,0.152
6,539,0.153
6,540,0.156
6,541,0.153
6,542,0.164
6,543,0.152
6,544,0.164
6,545,0.154
6,546,0.159
6,547,0.167
6,548,1.500
6,549,0.154
6,550,0.152
6,551,0.162
6,552,0.165
6,553,0.156
6,554,0.159
6,555,0.152
6,556,0.176
6,557,0.153
6,558,0.153
6,559,0.153
6,560,1.219
6,561,0.155
6,562,0.163
6,563,0.152
6,564,0.165
6,565,0.162
6,566,0.153
6,567,0.153
6,568,0.153
6,569,0.155
6,570,0.153
6,571,0.153
6,572,1.111
6,573,0.154
6,574,0.152
6,575,0.152
6,576,0.158
6,577,0.153
6,578,0.168
6,579,0.153
6,580,0.156
6,581,0.179
6,582,0.153
6,583,0.151
6,584,1.931
6,585,0.159
6,586,0.157
6,587,0.153
6,588,0.154
6,589,0.155
6,590,0.152
6,591,0.153
6,592,0.162
6,593,0.153
6,594,0.154
6,595,0.154
6,596,1.164
6,597,0.154
6,598,0.152
6,599,0.154
6,600,0.163
6,601,0.154
6,602,0.153
6,603,0.153
6,604,0.170
6,605,0.154
6,606,0.176
6,607,0.153
6,608,1.227
6,609,0.163
6,610,0.182
6,611,0.162
6,612,0.163
6,613,0.157
6,614,0.153
6,615,0.153
6,616,0.154
6,617,0.162
6,618,0.152
6,619,0.152
6,620,1.228
6,621,0.156
6,622,0.152
6,623,0.153
6,624,0.165
6,625,0.153
6,626,0.154
6,627,0.153
6,628,0.161
6,629,0.168
6,630,0.152
6,631,0.185
6,632,1.125
6,633,0.367
6,634,0.157
6,635,0.154
6,636,0.153
6,637,0.154
6,638,0.153
6,639,0.154
6,640,0.169
6,641,0.158
6,642,0.153
6,643,0.153
6,644,0.859
6,645,0.155
6,646,0.152
6,647,0.153
6,648,0.437
6,649,0.172
6,650,0.153
6,651,0.166
6,652,0.155
6,653,0.152
6,654,0.161
6,655,0.154
6,656,1.023
6,657,0.155
6,658,0.153
6,659,0.154
6,660,0.155
6,661,0.154
6,662,0.153
6,663,0.157
6,664,0.174
6,665,0.154
6,666,0.162
6,667,0.153
6,668,1.391
6,669,0.154
6,670,0.153
6,671,0.152
6,672,0.153
6,673,0.154
6,674,0.165
6,675,0.153
6,676,0.164
6,677,0.154
6,678,0.152
6,679,0.154
6,680,1.009
6,681,0.154
6,682,0.153
6,683,0.154
6,684,0.162
6,685,0.153
6,686,0.154
6,687,0.153
6,688,0.168
6,689,0.154
6,690,0.152
6,691,0.153
6,692,1.401
6,693,0.156
6,694,0.163
6,695,0.154
6,696,0.160
6,697,0.156
6,698,0.153
6,699,0.153
6,700,0.169
6,701,0.154
6,702,0.154
6,703,0.159
6,704,1.370
6,705,0.155
6,706,0.158
6,707,0.163
6,708,0.154
6,709,0.153
6,710,0.189
6,711,0.163
6,712,0.154
6,713,0.153
6,714,0.154
6,715,0.153
6,716,1.488
6,717,0.155
6,718,0.171
6,719,0.157
6,720,0.154
6,721,0.153
6,722,0.153
6,723,0.152
6,724,0.177
6,725,0.153
6,726,0.153
6,727,0.153
6,728,0.911
6,729,0.154
6,730,0.152
6,731,0.152
6,732,0.162
6,733,0.153
6,734,0.160
6,735,0.152
6,736,0.167
6,737,0.158
6,738,0.152
6,739,0.153
6,740,1.412
6,741,0.153
6,742,0.152
6,743,0.168
6,744,0.163
6,745,0.153
6,746,0.153
6,747,0.153
6,748,0.175
6,749,0.154
6,750,0.157
6,751,0.153
6,752,1.202
6,753,0.155
6,754,0.153
6,755,0.153
6,756,0.175
6,757,0.154
6,758,0.155
6,759,0.155
6,760,0.169
6,761,0.153
6,762,0.158
6,763,0.166
6,764,1.181
6,765,0.156
6,766,0.163
6,767,0.152
6,768,0.155
6,769,0.166
6,770,0.154
6,771,0.168
6,772,0.158
6,773,0.154
6,774,0.153
6,775,0.152
6,776,1.320
6,777,0.153
6,778,0.152
6,779,0.154
6,780,0.167
6,781,0.154
6,782,0.165
6,783,0.164
6,784,0.154
6,785,0.153
6,786,0.152
6,787,0.153
6,788,1.491
6,789,0.170
6,790,0.153
6,791,0.152
6,792,0.165
6,793,0.153
6,794,0.154
6,795,0.154
6,796,0.155
6,797,0.167
6,798,0.153
6,799,0.152
6,800,1.410
6,801,0.162
6,802,0.153
6,803,0.159
6,804,0.164
6,805,0.156
6,806,0.153
6,807,0.165
6,808,0.157
6,809,0.153
6,810,0.153
6,811,0.152
6,812,1.606
6,813,0.154
6,814,0.152
6,815,0.153
6,816,0.166
6,817,0.154
6,818,0.158
6,819,0.157
6,820,0.171
6,821,0.155
6,822,0.152
6,823,0.152
6,824,1.424
6,825,0.154
6,826,0.153
6,827,0.153
6,828,0.161
6,829,0.173
6,830,0.153
6,831,0.152
6,832,0.154
6,833,0.154
6,834,0.152
6,835,0.157
6,836,1.568
6,837,0.157
6,838,0.153
6,839,0.163
6,840,0.159
6,841,0.158
6,842,0.153
6,843,0.154
6,844,0.169
6,845,0.164
6,846,0.153
6,847,0.153
6,848,1.378
6,849,0.154
6,850,0.159
6,851,0.161
6,852,0.155
6,853,0.154
6,854,0.153
6,855,0.163
6,856,0.157
6,857,0.156
6,858,0.155
6,859,0.170
6,860,1.115
6,861,0.155
6,862,0.153
6,863,0.167
6,864,0.170
6,865,0.160
6,866,0.158
6,867,0.168
6,868,0.155
6,869,0.155
6,870,0.154
6,871,0.154
6,872,1.069
6,873,0.155
6,874,0.153
6,875,0.153
6,876,0.157
6,877,0.174
6,878,0.153
6,879,0.161
6,880,0.155
6,881,0.155
6,882,0.170
6,883,0.160
6,884,0.965
6,885,0.161
6,886,0.153
6,887,0.152
6,888,0.160
6,889,0.154
6,890,0.163
6,891,0.161
6,892,0.169
6,893,0.155
6,894,0.155
6,895,0.160
6,896,2.023
6,897,0.154
6,898,0.153
6,899,0.152
6,900,0.158
6,901,0.153
6,902,0.153
6,903,0.153
6,904,0.163
6,905,0.154
6,906,0.153
6,907,0.153
6,908,2.462
6,909,0.158
6,910,0.152
6,911,0.152
6,912,0.159
6,913,0.153
6,914,0.153
6,915,0.152
6,916,0.154
6,917,0.155
6,918,0.160
6,919,0.152
6,920,1.748
6,921,0.155
6,922,0.152
6,923,0.154
6,924,0.157
6,925,0.154
6,926,0.153
6,927,0.153
6,928,0.160
6,929,0.158
6,930,0.153
6,931,0.153
6,932,1.309
6,933,0.156
6,934,0.152
6,935,0.153
6,936,0.154
6,937,0.156
6,938,0.153
6,939,0.154
6,940,0.155
6,941,0.153
6,942,0.152
6,943,0.153
6,944,2.417
6,945,0.155
6,946,0.153
6,947,0.154
6,948,0.154
6,949,0.153
6,950,0.153
6,951,0.153
6,952,0.165
6,953,0.160
6,954,0.153
6,955,0.155
6,956,2.198
6,957,0.153
6,958,0.153
6,959,0.153
6,960,0.160
6,961,0.153
6,962,0.155
6,963,0.152
6,964,0.159
6,965,0.153
6,966,0.167
6,967,0.153
6,968,1.438
6,969,0.159
6,970,0.153
6,971,0.152
6,972,0.160
6,973,0.153
6,974,0.154
6,975,0.152
6,976,0.170
6,977,0.154
6,978,0.158
6,979,0.153
6,980,1.548
6,981,0.155
6,982,0.152
6,983,0.153
6,984,0.169
6,985,0.154
6,986,0.164
6,987,0.155
6,988,0.154
6,989,0.153
6,990,0.153
6,991,0.157
6,992,2.278
6,993,0.159
6,994,0.152
6,995,0.154
6,996,0.167
6,997,0.153
6,998,0.153
6,999,0.153
6,1000,0.166
6,1001,0.155
6,1002,0.153
6,1003,0.153
6,1004,2.488
6,1005,0.163
6,1006,0.153
6,1007,0.154
6,1008,0.155
6,1009,0.153
6,1010,0.152
6,1011,0.153
6,1012,0.153
6,1013,0.153
6,1014,0.159
6,1015,0.153
6,1016,2.004
6,1017,0.155
6,1018,0.171
6,1019,0.152
6,1020,0.155
6,1021,0.152
6,1022,0.154
6,1023,0.152
6,1024,0.153
6,1025,0.155
6,1026,0.153
6,1027,0.153
6,1028,1.940
6,1029,0.154
6,1030,0.153
6,1031,0.155
6,1032,0.163
6,1033,0.164
6,1034,0.153
6,1035,0.154
6,1036,0.157
6,1037,0.161
6,1038,0.160
6,1039,0.154
6,1040,1.723
6,1041,0.155
6,1042,0.152
6,1043,0.163
6,1044,0.155
6,1045,0.154
6,1046,0.153
6,1047,0.153
6,1048,0.162
6,1049,0.166
6,1050,0.153
6,1051,0.165
6,1052,1.830
6,1053,0.156
6,1054,0.154
6,1055,0.153
6,1056,0.171
6,1057,0.157
6,1058,0.162
6,1059,0.163
6,1060,0.155
6,1061,0.153
6,1062,0.162
6,1063,0.153
6,1064,2.290
6,1065,0.157
6,1066,0.154
6,1067,0.153
6,1068,0.164
6,1069,0.155
6,1070,0.169
6,1071,0.152
6,1072,0.154
6,1073,0.154
6,1074,0.153
6,1075,0.153
6,1076,1.946
6,1077,0.157
6,1078,0.153
6,1079,0.156
6,1080,0.154
6,1081,0.154
6,1082,0.154
6,1083,0.153
6,1084,0.160
6,1085,0.162
6,1086,0.154
6,1087,0.154
6,1088,1.563
6,1089,0.154
6,1090,0.153
6,1091,0.153
6,1092,0.163
6,1093,0.154
6,1094,0.153
6,1095,0.169
6,1096,0.172
6,1097,0.153
6,1098,0.154
6,1099,0.152
6,1100,2.154
6,1101,0.154
6,1102,0.153
6,1103,0.164
6,1104,0.166
6,1105,0.164
6,1106,0.162
6,1107,0.160
6,1108,0.156
6,1109,0.154
6,1110,0.153
6,1111,0.153
6,1112,1.489
6,1113,0.155
6,1114,0.153
6,1115,0.153
6,1116,0.170
6,1117,0.165
6,1118,0.153
6,1119,0.153
6,1120,0.156
6,1121,0.155
6,1122,0.153
6,1123,0.153
6,1124,1.437
6,1125,0.155
6,1126,0.157
6,1127,0.154
6,1128,0.163
6,1129,0.154
6,1130,0.153
6,1131,0.153
6,1132,0.161
6,1133,0.158
6,1134,0.152
6,1135,0.163
6,1136,1.578
6,1137,0.155
6,1138,0.153
6,1139,0.153
6,1140,0.154
6,1141,0.164
6,1142,0.155
6,1143,0.154
6,1144,0.172
6,1145,0.156
6,1146,0.153
6,1147,0.153
6,1148,1.781
6,1149,0.154
6,1150,0.153
6,1151,0.152
6,1152,0.157
6,1153,0.166
6,1154,0.159
6,1155,0.152
6,1156,0.163
6,1157,0.154
6,1158,0.154
6,1159,0.155
6,1160,1.819
6,1161,0.157
6,1162,0.153
6,1163,0.154
6,1164,0.154
6,1165,0.154
6,1166,0.155
6,1167,0.153
6,1168,0.171
6,1169,0.155
6,1170,0.152
6,1171,0.164
6,1172,1.985
6,1173,0.155
6,1174,0.153
6,1175,0.152
6,1176,0.155
6,1177,0.154
6,1178,0.160
6,1179,0.160
6,1180,0.156
6,1181,0.154
6,1182,0.152
6,1183,0.154
6,1184,3.079
6,1185,0.161
6,1186,0.152
6,1187,0.153
6,1188,0.159
6,1189,0.153
6,1190,0.152
6,1191,0.153
6,1192,0.155
6,1193,0.155
6,1194,0.153
6,1195,0.153
6,1196,1.076
6,1197,0.154
6,1198,0.152
6,1199,0.163
6,1200,0.154
6,1201,0.154
6,1202,0.153
6,1203,0.152
6,1204,0.160
6,1205,0.154
6,1206,0.152
6,1207,0.153
6,1208,2.095
6,1209,0.154
6,1210,0.152
6,1211,0.153
6,1212,0.165
6,1213,0.158
6,1214,0.153
6,1215,0.153
6,1216,0.173
6,1217,0.154
6,1218,0.164
6,1219,0.153
6,1220,1.331
6,1221,0.158
6,1222,0.153
6,1223,0.163
6,1224,0.157
6,1225,0.161
6,1226,0.164
6,1227,0.153
6,1228,0.169
6,1229,0.155
6,1230,0.159
6,1231,0.153
6,1232,1.570
6,1233,0.156
6,1234,0.154
6,1235,0.152
6,1236,0.158
6,1237,0.154
6,1238,0.160
6,1239,0.154
6,1240,0.163
6,1241,0.154
6,1242,0.154
6,1243,0.158
6,1244,1.400
6,1245,0.154
6,1246,0.152
6,1247,0.153
6,1248,0.164
6,1249,0.163
6,1250,0.153
6,1251,0.152
6,1252,0.166
6,1253,0.154
6,1254,0.154
6,1255,0.154
6,1256,1.267
6,1257,0.155
6,1258,0.153
6,1259,0.166
6,1260,0.154
6,1261,0.165
6,1262,0.153
6,1263,0.153
6,1264,0.161
6,1265,0.154
6,1266,0.153
6,1267,0.153
6,1268,1.486
6,1269,0.156
6,1270,0.159
6,1271,0.156
6,1272,0.156
6,1273,0.159
6,1274,0.152
6,1275,0.153
6,1276,0.155
6,1277,0.168
6,1278,0.153
6,1279,0.152
6,1280,1.632
6,1281,0.154
6,1282,0.153
6,1283,0.153
6,1284,0.158
6,1285,0.154
6,1286,0.153
6,1287,0.152
6,1288,0.178
6,1289,0.164
6,1290,0.153
6,1291,0.154
6,1292,1.652
6,1293,0.155
6,1294,0.153
6,1295,0.153
6,1296,0.168
6,1297,0.163
6,1298,0.153
6,1299,0.154
6,1300,0.165
6,1301,0.156
6,1302,0.153
6,1303,0.152
6,1304,1.878
6,1305,0.158
6,1306,0.154
6,1307,0.153
6,1308,0.183
6,1309,0.169
6,1310,0.154
6,1311,0.153
6,1312,0.181
6,1313,0.154
6,1314,0.161
6,1315,0.162
6,1316,1.414
6,1317,0.154
6,1318,0.152
6,1319,0.154
6,1320,0.167
6,1321,0.154
6,1322,0.153
6,1323,0.154
6,1324,0.182
6,1325,0.153
6,1326,0.161
6,1327,0.154
6,1328,1.223
6,1329,0.155
6,1330,0.153
6,1331,0.153
6,1332,0.155
6,1333,0.154
6,1334,0.154
6,1335,0.153
6,1336,0.180
6,1337,0.154
6,1338,0.152
6,1339,0.152
6,1340,1.607
6,1341,0.154
6,1342,0.153
6,1343,0.152
6,1344,0.157
6,1345,0.154
6,1346,0.154
6,1347,0.160
6,1348,0.173
6,1349,0.154
6,1350,0.153
6,1351,0.153
6,1352,1.946
6,1353,0.154
6,1354,0.153
6,1355,0.153
6,1356,0.163
6,1357,0.155
6,1358,0.152
6,1359,0.153
6,1360,0.172
6,1361,0.168
6,1362,0.153
6,1363,0.153
6,1364,1.522
6,1365,0.155
6,1366,0.159
6,1367,0.153
6,1368,0.159
6,1369,0.193
6,1370,0.153
6,1371,0.159
6,1372,0.170
6,1373,0.156
6,1374,0.171
6,1375,0.154
6,1376,0.741
6,1377,0.153
6,1378,0.153
6,1379,0.153
6,1380,0.185
6,1381,0.160
6,1382,0.154
6,1383,0.152
6,1384,0.166
6,1385,0.168
6,1386,0.159
6,1387,0.155
6,1388,1.535
6,1389,0.155
6,1390,0.152
6,1391,0.153
6,1392,0.161
6,1393,0.154
6,1394,0.153
6,1395,0.164
6,1396,0.154
6,1397,0.155
6,1398,0.152
6,1399,0.153
6,1400,1.744
6,1401,0.153
6,1402,0.152
6,1403,0.153
6,1404,0.167
6,1405,0.154
6,1406,0.153
6,1407,0.154
6,1408,0.166
6,1409,0.153
6,1410,0.154
6,1411,0.153
6,1412,1.430
6,1413,0.155
6,1414,0.163
6,1415,0.153
6,1416,0.155
6,1417,0.154
6,1418,0.153
6,1419,0.153
6,1420,0.160
6,1421,0.156
6,1422,0.170
6,1423,0.154
6,1424,2.018
6,1425,0.156
6,1426,0.153
6,1427,0.155
6,1428,0.167
6,1429,0.154
6,1430,0.153
6,1431,0.152
6,1432,0.166
6,1433,0.153
6,1434,0.152
6,1435,0.163
6,1436,1.106
6,1437,0.155
6,1438,0.152
6,1439,0.154
6,1440,0.154
6,1441,0.169
6,1442,0.153
6,1443,0.153
6,1444,0.154
6,1445,0.154
6,1446,0.153
6,1447,0.154
6,1448,1.232
6,1449,0.155
6,1450,0.153
6,1451,0.158
6,1452,0.157
6,1453,0.154
6,1454,0.153
6,1455,0.152
6,1456,0.166
6,1457,0.154
6,1458,0.153
6,1459,0.153
6,1460,0.961
6,1461,0.154
6,1462,0.153
6,1463,0.153
6,1464,0.163
6,1465,0.158
6,1466,0.153
6,1467,0.155
6,1468,0.156
6,1469,0.156
6,1470,0.154
6,1471,0.156
6,1472,1.145
6,1473,0.169
6,1474,0.153
6,1475,0.153
6,1476,0.161
6,1477,0.155
6,1478,0.154
6,1479,0.153
6,1480,0.786
6,1481,0.156
6,1482,0.153
6,1483,0.154
6,1484,0.868
6,1485,0.167
6,1486,0.153
6,1487,0.154
6,1488,0.155
6,1489,0.167
6,1490,0.154
6,1491,0.153
6,1492,1.097
6,1493,0.154
6,1494,0.153
6,1495,0.165
6,1496,0.704
6,1497,0.175
6,1498,0.152
6,1499,0.154
6,1500,0.154
6,1501,0.154
6,1502,0.155
6,1503,0.154
6,1504,1.219
6,1505,0.166
6,1506,0.153
6,1507,0.153
6,1508,0.300
6,1509,0.161
6,1510,0.156
6,1511,0.153
6,1512,0.154
6,1513,0.154
6,1514,0.153
6,1515,0.153
6,1516,1.720
6,1517,0.155
6,1518,0.155
6,1519,0.153
6,1520,0.161
6,1521,0.154
6,1522,0.154
6,1523,0.153
6,1524,0.157
6,1525,0.156
6,1526,0.153
6,1527,0.154
6,1528,1.613
6,1529,0.155
6,1530,0.152
6,1531,0.164
6,1532,0.155
6,1533,0.156
6,1534,0.158
6,1535,0.152
6,1536,0.155
6,1537,0.156
6,1538,0.154
6,1539,0.152
6,1540,1.227
6,1541,0.155
6,1542,0.153
6,1543,0.153
6,1544,0.174
6,1545,0.155
6,1546,0.155
6,1547,0.160
6,1548,0.155
6,1549,0.165
6,1550,0.155
6,1551,0.153
6,1552,2.138
6,1553,0.165
6,1554,0.152
6,1555,0.158
6,1556,0.155
6,1557,0.154
6,1558,0.153
6,1559,0.165
6,1560,0.158
6,1561,0.153
6,1562,0.157
6,1563,0.153
6,1564,1.831
6,1565,0.155
6,1566,0.153
6,1567,0.153
6,1568,0.194
6,1569,0.152
6,1570,0.154
6,1571,0.154
6,1572,0.164
6,1573,0.160
6,1574,0.153
6,1575,0.155
6,1576,1.223
6,1577,0.155
6,1578,0.154
6,1579,0.152
6,1580,0.161
6,1581,0.154
6,1582,0.152
6,1583,0.164
6,1584,0.165
6,1585,0.168
6,1586,0.154
6,1587,0.156
6,1588,1.864
6,1589,0.154
6,1590,0.153
6,1591,0.153
6,1592,0.157
6,1593,0.160
6,1594,0.171
6,1595,0.161
6,1596,0.155
6,1597,0.153
6,1598,0.154
6,1599,0.154
6,1600,1.402
6,1601,0.154
6,1602,0.154
6,1603,0.153
6,1604,0.162
6,1605,0.154
6,1606,0.153
6,1607,0.171
6,1608,0.158
6,1609,0.154
6,1610,0.153
6,1611,0.154
6,1612,1.058
6,1613,0.156
6,1614,0.153
6,1615,0.153
6,1616,0.650
6,1617,0.154
6,1618,0.153
6,1619,0.163
6,1620,0.168
6,1621,0.180
6,1622,0.158
6,1623,0.153
6,1624,0.856
6,1625,0.154
6,1626,0.153
6,1627,0.153
6,1628,0.760
6,1629,0.154
6,1630,0.161
6,1631,0.159
6,1632,0.160
6,1633,0.153
6,1634,0.154
6,1635,0.154
6,1636,0.485
6,1637,0.154
6,1638,0.156
6,1639,0.154
6,1640,1.158
6,1641,0.154
6,1642,0.152
6,1643,0.163
6,1644,0.158
6,1645,0.154
6,1646,0.154
6,1647,0.153
6,1648,0.166
6,1649,0.154
6,1650,0.153
6,1651,0.153
6,1652,1.333
6,1653,0.154
6,1654,0.163
6,1655,0.158
6,1656,0.161
6,1657,0.154
6,1658,0.154
6,1659,0.153
6,1660,0.173
6,1661,0.175
6,1662,0.153
6,1663,0.152
6,1664,1.809
6,1665,0.155
6,1666,0.154
6,1667,0.154
6,1668,0.164
6,1669,0.154
6,1670,0.153
6,1671,0.152
6,1672,0.182
6,1673,0.153
6,1674,0.153
6,1675,0.153
6,1676,1.777
6,1677,0.155
6,1678,0.154
6,1679,0.160
6,1680,0.177
6,1681,0.154
6,1682,0.153
6,1683,0.154
6,1684,0.179
6,1685,0.169
6,1686,0.163
6,1687,0.154
6,1688,1.990
6,1689,0.163
6,1690,0.162
6,1691,0.153
6,1692,0.154
6,1693,0.153
6,1694,0.153
6,1695,0.153
6,1696,0.155
6,1697,0.153
6,1698,0.152
6,1699,0.153
6,1700,1.358
6,1701,0.154
6,1702,0.153
6,1703,0.155
6,1704,0.174
6,1705,0.154
6,1706,0.169
6,1707,0.153
6,1708,0.160
6,1709,0.155
6,1710,0.168
6,1711,0.155
6,1712,1.292
6,1713,0.161
6,1714,0.153
6,1715,0.153
6,1716,0.154
6,1717,0.156
6,1718,0.152
6,1719,0.153
6,1720,0.165
6,1721,0.154
6,1722,0.154
6,1723,0.154
6,1724,1.370
6,1725,0.158
6,1726,0.154
6,1727,0.152
6,1728,0.160
6,1729,0.156
6,1730,0.153
6,1731,0.153
6,1732,0.157
6,1733,0.156
6,1734,0.155
6,1735,0.152
6,1736,1.602
6,1737,0.158
6,1738,0.153
6,1739,0.154
6,1740,0.155
6,1741,0.154
6,1742,0.152
6,1743,0.165
6,1744,0.156
6,1745,0.155
6,1746,0.153
6,1747,0.155
6,1748,1.842
6,1749,0.157
6,1750,0.161
6,1751,0.155
6,1752,0.160
6,1753,0.154
6,1754,0.157
6,1755,0.152
6,1756,0.175
6,1757,0.160
6,1758,0.153
6,1759,0.153
6,1760,1.418
6,1761,0.155
6,1762,0.153
6,1763,0.160
6,1764,0.164
6,1765,0.156
6,1766,0.153
6,1767,0.155
6,1768,0.159
6,1769,0.154
6,1770,0.154
6,1771,0.175
6,1772,1.644
6,1773,0.155
6,1774,0.152
6,1775,0.153
6,1776,0.175
6,1777,0.161
6,1778,0.152
6,1779,0.153
6,1780,0.159
6,1781,0.154
6,1782,0.153
6,1783,0.153
6,1784,1.354
6,1785,0.153
6,1786,0.161
6,1787,0.153
6,1788,0.154
6,1789,0.164
6,1790,0.153
6,1791,0.162
6,1792,0.155
6,1793,0.156
6,1794,0.153
6,1795,0.153
6,1796,1.481
6,1797,0.154
6,1798,0.154
6,1799,0.152
6,1800,0.165
6,1801,0.170
6,1802,0.156
6,1803,0.153
6,1804,0.335
6,1805,0.156
6,1806,0.165
6,1807,0.154
6,1808,1.145
6,1809,0.155
6,1810,0.162
6,1811,0.154
6,1812,0.155
6,1813,0.160
6,1814,0.156
6,1815,0.153
6,1816,0.970
6,1817,0.154
6,1818,0.158
6,1819,0.153
6,1820,0.809
6,1821,0.161
6,1822,0.154
6,1823,0.153
6,1824,0.154
6,1825,0.153
6,1826,0.153
6,1827,0.154
6,1828,0.751
6,1829,0.154
6,1830,0.153
6,1831,0.153
6,1832,0.707
6,1833,0.155
6,1834,0.153
6,1835,0.155
6,1836,0.159
6,1837,0.154
6,1838,0.152
6,1839,0.153
6,1840,1.442
6,1841,0.155
6,1842,0.153
6,1843,0.153
6,1844,0.160
6,1845,0.154
6,1846,0.153
6,1847,0.153
6,1848,0.164
6,1849,0.155
6,1850,0.152
6,1851,0.153
6,1852,1.714
6,1853,0.156
6,1854,0.153
6,1855,0.159
6,1856,0.157
6,1857,0.153
6,1858,0.154
6,1859,0.153
6,1860,0.166
6,1861,0.156
6,1862,0.153
6,1863,0.153
6,1864,1.526
6,1865,0.155
6,1866,0.153
6,1867,0.152
6,1868,0.169
6,1869,0.153
6,1870,0.160
6,1871,0.159
6,1872,0.164
6,1873,0.177
6,1874,0.167
6,1875,0.155
6,1876,1.283
6,1877,0.154
6,1878,0.153
6,1879,0.153
6,1880,0.162
6,1881,0.166
6,1882,0.155
6,1883,0.154
6,1884,0.165
6,1885,0.154
6,1886,0.165
6,1887,0.154
6,1888,2.010
6,1889,0.155
6,1890,0.152
6,1891,0.152
6,1892,0.161
6,1893,0.180
6,1894,0.153
6,1895,0.153
6,1896,0.155
6,1897,0.154
6,1898,0.153
6,1899,0.153
6,1900,1.336
6,1901,0.156
6,1902,0.159
6,1903,0.153
6,1904,0.154
6,1905,0.155
6,1906,0.154
6,1907,0.166
6,1908,0.154
6,1909,0.156
6,1910,0.162
6,1911,0.165
6,1912,2.481
6,1913,0.154
6,1914,0.153
6,1915,0.152
6,1916,0.157
6,1917,0.153
6,1918,0.161
6,1919,0.153
6,1920,0.155
6,1921,0.154
6,1922,0.152
6,1923,0.152
6,1924,1.630
6,1925,0.157
6,1926,0.157
6,1927,0.153
6,1928,0.158
6,1929,0.154
6,1930,0.154
6,1931,0.154
6,1932,0.181
6,1933,0.154
6,1934,0.153
6,1935,0.154
6,1936,1.940
6,1937,0.155
6,1938,0.152
6,1939,0.170
6,1940,0.157
6,1941,0.153
6,1942,0.161
6,1943,0.153
6,1944,0.179
6,1945,0.166
6,1946,0.153
6,1947,0.155
6,1948,1.277
6,1949,0.155
6,1950,0.153
6,1951,0.155
6,1952,0.164
6,1953,0.156
6,1954,0.165
6,1955,0.153
6,1956,0.155
6,1957,0.157
6,1958,0.153
6,1959,0.155
6,1960,1.737
6,1961,0.154
6,1962,0.153
6,1963,0.153
6,1964,0.164
6,1965,0.171
6,1966,0.154
6,1967,0.165
6,1968,0.156
6,1969,0.158
6,1970,0.154
6,1971,0.168
6,1972,1.339
6,1973,0.157
6,1974,0.153
6,1975,0.153
6,1976,0.166
6,1977,0.154
6,1978,0.161
6,1979,0.154
6,1980,0.169
6,1981,0.158
6,1982,0.152
6,1983,0.153
6,1984,1.712
6,1985,0.154
6,1986,0.153
6,1987,0.153
6,1988,0.170
6,1989,0.154
6,1990,0.157
6,1991,0.153
6,1992,0.178
6,1993,0.164
6,1994,0.153
6,1995,0.169
6,1996,1.510
6,1997,0.154
6,1998,0.163
6,1999,0.155
6,2000,0.160
6,2001,0.155
6,2002,0.156
6,2003,0.154
6,2004,0.166
6,2005,0.155
6,2006,0.153
6,2007,0.154
6,2008,1.628
6,2009,0.154
6,2010,0.162
6,2011,0.153
6,2012,0.159
6,2013,0.168
6,2014,0.160
6,2015,0.158
6,2016,0.154
6,2017,0.153
6,2018,0.164
6,2019,0.152
6,2020,0.952
6,2021,0.154
6,2022,0.153
6,2023,0.154
6,2024,0.154
6,2025,0.154
6,2026,0.154
6,2027,0.152
6,2028,0.165
6,2029,0.155
6,2030,0.153
6,2031,0.154
6,2032,1.381
6,2033,0.156
6,2034,0.154
6,2035,0.152
6,2036,0.157
6,2037,0.153
6,2038,0.153
6,2039,0.154
6,2040,0.162
6,2041,0.154
6,2042,0.154
6,2043,0.153
6,2044,1.560
6,2045,0.155
6,2046,0.154
6,2047,0.161
6,2048,0.154
6,2049,0.154
6,2050,0.155
6,2051,0.154
6,2052,0.163
6,2053,0.156
6,2054,0.163
6,2055,0.154
6,2056,1.483
6,2057,0.155
6,2058,0.152
6,2059,0.154
6,2060,0.162
6,2061,0.155
6,2062,0.154
6,2063,0.153
6,2064,0.162
6,2065,0.154
6,2066,0.154
6,2067,0.156
6,2068,1.512
6,2069,0.154
6,2070,0.153
6,2071,0.154
6,2072,0.162
6,2073,0.154
6,2074,0.153
6,2075,0.156
6,2076,0.170
6,2077,0.155
6,2078,0.160
6,2079,0.154
6,2080,1.347
6,2081,0.155
6,2082,0.153
6,2083,0.154
6,2084,0.160
6,2085,0.155
6,2086,0.155
6,2087,0.154
6,2088,0.175
6,2089,0.154
6,2090,0.152
6,2091,0.153
6,2092,1.796
6,2093,0.154
6,2094,0.154
6,2095,0.153
6,2096,0.164
6,2097,0.154
6,2098,0.153
6,2099,0.154
6,2100,0.155
6,2101,0.154
6,2102,0.165
6,2103,0.153
6,2104,1.894
6,2105,0.155
6,2106,0.153
6,2107,0.160
6,2108,0.154
6,2109,0.154
6,2110,0.154
6,2111,0.153
6,2112,0.165
6,2113,0.154
6,2114,0.154
6,2115,0.153
6,2116,1.415
6,2117,0.154
6,2118,0.153
6,2119,0.155
6,2120,0.155
6,2121,0.154
6,2122,0.165
6,2123,0.153
6,2124,0.163
6,2125,0.182
6,2126,0.153
6,2127,0.155
6,2128,1.041
6,2129,0.154
6,2130,0.153
6,2131,0.153
6,2132,0.159
6,2133,0.154
6,2134,0.161
6,2135,0.153
6,2136,0.154
6,2137,0.156
6,2138,0.154
6,2139,0.152
6,2140,1.399
6,2141,0.153
6,2142,0.153
6,2143,0.152
6,2144,0.167
6,2145,0.154
6,2146,0.161
6,2147,0.153
6,2148,0.154
6,2149,0.154
6,2150,0.152
6,2151,0.153
6,2152,1.506
6,2153,0.154
6,2154,0.154
6,2155,0.153
6,2156,0.155
6,2157,0.155
6,2158,0.163
6,2159,0.154
6,2160,0.156
6,2161,0.155
6,2162,0.154
6,2163,0.154
6,2164,1.470
6,2165,0.156
6,2166,0.152
6,2167,0.153
6,2168,0.164
6,2169,0.153
6,2170,0.152
6,2171,0.154
6,2172,0.156
6,2173,0.155
6,2174,0.155
6,2175,0.153
6,2176,1.527
6,2177,0.176
6,2178,0.153
6,2179,0.154
6,2180,0.171
6,2181,0.155
6,2182,0.153
6,2183,0.153
6,2184,0.175
6,2185,0.168
6,2186,0.155
6,2187,0.152
6,2188,1.715
6,2189,0.154
6,2190,0.153
6,2191,0.154
6,2192,0.176
6,2193,0.154
6,2194,0.154
6,2195,0.152
6,2196,0.156
6,2197,0.166
6,2198,0.153
6,2199,0.153
6,2200,1.824
6,2201,0.157
6,2202,0.153
6,2203,0.159
6,2204,0.172
6,2205,0.155
6,2206,0.154
6,2207,0.154
6,2208,0.166
6,2209,0.154
6,2210,0.153
6,2211,0.153
6,2212,1.381
6,2213,0.164
6,2214,0.158
6,2215,0.153
6,2216,0.154
6,2217,0.154
6,2218,0.152
6,2219,0.166
6,2220,0.178
6,2221,0.154
6,2222,0.155
6,2223,0.154
6,2224,1.112
6,2225,0.154
6,2226,0.152
6,2227,0.153
6,2228,0.159
6,2229,0.155
6,2230,0.159
6,2231,0.155
6,2232,0.163
6,2233,0.164
6,2234,0.169
6,2235,0.154
6,2236,1.607
6,2237,0.156
6,2238,0.153
6,2239,0.166
6,2240,0.154
6,2241,0.155
6,2242,0.154
6,2243,0.154
6,2244,0.165
6,2245,0.155
6,2246,0.153
6,2247,0.158
6,2248,1.412
6,2249,0.154
6,2250,0.153
6,2251,0.153
6,2252,0.167
6,2253,0.154
6,2254,0.153
6,2255,0.164
6,2256,0.155
6,2257,0.156
6,2258,0.166
6,2259,0.155
6,2260,1.758
6,2261,0.161
6,2262,0.152
6,2263,0.154
6,2264,0.158
6,2265,0.155
6,2266,0.162
6,2267,0.154
6,2268,0.170
6,2269,0.156
6,2270,0.153
6,2271,0.153
6,2272,1.802
6,2273,0.155
6,2274,0.153
6,2275,0.164
6,2276,0.159
6,2277,0.155
6,2278,0.169
6,2279,0.159
6,2280,0.154
6,2281,0.165
6,2282,0.153
6,2283,0.154
6,2284,1.477
6,2285,0.157
6,2286,0.153
6,2287,0.165
6,2288,0.172
6,2289,0.158
6,2290,0.153
6,2291,0.168
6,2292,0.154
6,2293,0.153
6,2294,0.153
6,2295,0.159
6,2296,1.757
6,2297,0.154
6,2298,0.172
6,2299,0.153
6,2300,0.155
6,2301,0.157
6,2302,0.153
6,2303,0.158
6,2304,0.185
6,2305,0.156
6,2306,0.153
6,2307,0.152
6,2308,1.092
6,2309,0.153
6,2310,0.153
6,2311,0.152
6,2312,0.158
6,2313,0.158
6,2314,0.153
6,2315,0.155
6,2316,0.178
6,2317,0.162
6,2318,0.167
6,2319,0.164
6,2320,1.401
6,2321,0.154
6,2322,0.153
6,2323,0.168
6,2324,0.154
6,2325,0.157
6,2326,0.152
6,2327,0.158
6,2328,0.167
6,2329,0.154
6,2330,0.153
6,2331,0.161
6,2332,1.924
6,2333,0.154
6,2334,0.152
6,2335,0.154
6,2336,0.158
6,2337,0.160
6,2338,0.156
6,2339,0.164
6,2340,0.163
6,2341,0.154
6,2342,0.153
6,2343,0.155
6,2344,1.558
6,2345,0.161
6,2346,0.154
6,2347,0.155
6,2348,0.166
6,2349,0.153
6,2350,0.160
6,2351,0.155
6,2352,0.158
6,2353,0.158
6,2354,0.154
6,2355,0.158
6,2356,1.326
6,2357,0.154
6,2358,0.155
6,2359,0.153
6,2360,0.166
6,2361,0.154
6,2362,0.153
6,2363,0.166
6,2364,0.158
6,2365,0.154
6,2366,0.154
6,2367,0.155
6,2368,1.690
6,2369,0.157
6,2370,0.156
6,2371,0.152
6,2372,0.159
6,2373,0.157
6,2374,0.153
6,2375,0.152
6,2376,0.177
6,2377,0.174
6,2378,0.154
6,2379,0.154
6,2380,1.157
6,2381,0.155
6,2382,0.154
6,2383,0.154
6,2384,0.156
6,2385,0.154
6,2386,0.153
6,2387,0.153
6,2388,0.164
6,2389,0.155
6,2390,0.162
6,2391,0.153
6,2392,1.461
6,2393,0.154
6,2394,0.153
6,2395,0.153
6,2396,0.155
6,2397,0.154
6,2398,0.154
6,2399,0.153
6,2400,0.164
6,2401,0.155
6,2402,0.153
6,2403,0.154
6,2404,1.728
6,2405,0.154
6,2406,0.153
6,2407,0.153
6,2408,0.156
6,2409,0.154
6,2410,0.153
6,2411,0.155
6,2412,0.162
6,2413,0.156
6,2414,0.153
6,2415,0.153
6,2416,2.221
6,2417,0.156
6,2418,0.152
6,2419,0.154
6,2420,0.160
6,2421,0.153
6,2422,0.153
6,2423,0.152
6,2424,0.182
6,2425,0.154
6,2426,0.154
6,2427,0.173
6,2428,1.642
6,2429,0.157
6,2430,0.153
6,2431,0.153
6,2432,0.163
6,2433,0.169
6,2434,0.153
6,2435,0.153
6,2436,0.155
6,2437,0.155
6,2438,0.154
6,2439,0.153
6,2440,1.730
6,2441,0.181
6,2442,0.152
6,2443,0.153
6,2444,0.160
6,2445,0.155
6,2446,0.153
6,2447,0.156
6,2448,0.155
6,2449,0.153
6,2450,0.160
6,2451,0.153
6,2452,1.576
6,2453,0.155
6,2454,0.153
6,2455,0.153
6,2456,0.162
6,2457,0.153
6,2458,0.159
6,2459,0.153
6,2460,0.167
6,2461,0.156
6,2462,0.154
6,2463,0.152
6,2464,1.592
6,2465,0.155
6,2466,0.153
6,2467,0.153
6,2468,0.160
6,2469,0.155
6,2470,0.158
6,2471,0.153
6,2472,0.155
6,2473,0.175
6,2474,0.153
6,2475,0.164
6,2476,1.430
6,2477,0.166
6,2478,0.152
6,2479,0.154
6,2480,0.155
6,2481,0.154
6,2482,0.158
6,2483,0.153
6,2484,0.159
6,2485,0.162
6,2486,0.153
6,2487,0.153
6,2488,1.593
6,2489,0.157
6,2490,0.153
6,2491,0.153
6,2492,0.154
6,2493,0.156
6,2494,0.167
6,2495,0.158
6,2496,0.162
6,2497,0.174
6,2498,0.152
6,2499,0.154
6,2500,1.545
7,2,0.154
7,3,0.154
7,4,0.931
7,5,0.154
7,6,0.153
7,7,0.153
7,8,0.155
7,9,0.153
7,10,0.154
7,11,0.168
7,12,1.608
7,13,0.154
7,14,0.154
7,15,0.153
7,16,1.220
7,17,0.170
7,18,0.155
7,19,0.153
7,20,0.155
7,21,0.154
7,22,0.176
7,23,0.170
7,24,0.771
7,25,0.155
7,26,0.153
7,27,0.153
7,28,0.858
7,29,0.154
7,30,0.153
7,31,0.153
7,32,0.155
7,33,0.156
7,34,0.152
7,35,0.157
7,36,1.376
7,37,0.154
7,38,0.152
7,39,0.157
7,40,0.394
7,41,0.154
7,42,0.154
7,43,0.153
7,44,0.154
7,45,0.169
7,46,0.154
7,47,0.160
7,48,1.747
7,49,0.155
7,50,0.157
7,51,0.153
7,52,0.155
7,53,0.155
7,54,0.153
7,55,0.160
7,56,0.159
7,57,0.154
7,58,0.153
7,59,0.152
7,60,1.784
7,61,0.156
7,62,0.152
7,63,0.153
7,64,0.161
7,65,0.154
7,66,0.153
7,67,0.152
7,68,0.266
7,69,0.155
7,70,0.152
7,71,0.159
7,72,1.681
7,73,0.154
7,74,0.153
7,75,0.153
7,76,0.155
7,77,0.153
7,78,0.160
7,79,0.153
7,80,0.175
7,81,0.153
7,82,0.156
7,83,0.153
7,84,1.763
7,85,0.155
7,86,0.153
7,87,0.152
7,88,0.165
7,89,0.153
7,90,0.153
7,91,0.152
7,92,0.521
7,93,0.155
7,94,0.152
7,95,0.156
7,96,1.575
7,97,0.157
7,98,0.153
7,99,0.153
7,100,0.171
7,101,0.164
7,102,0.153
7,103,0.153
7,104,0.690
7,105,0.153
7,106,0.153
7,107,0.152
7,108,1.174
7,109,0.153
7,110,0.153
7,111,0.153
7,112,0.167
7,113,0.161
7,114,0.154
7,115,0.153
7,116,0.814
7,117,0.155
7,118,0.153
7,119,0.152
7,120,1.187
7,121,0.153
7,122,0.155
7,123,0.153
7,124,0.154
7,125,0.154
7,126,0.153
7,127,0.153
7,128,0.483
7,129,0.171
7,130,0.153
7,131,0.153
7,132,1.635
7,133,0.153
7,134,0.152
7,135,0.153
7,136,0.154
7,137,0.154
7,138,0.152
7,139,0.153
7,140,0.166
7,141,0.154
7,142,0.153
7,143,0.157
7,144,1.945
7,145,0.154
7,146,0.159
7,147,0.161
7,148,0.154
7,149,0.154
7,150,0.154
7,151,0.152
7,152,0.177
7,153,0.154
7,154,0.152
7,155,0.153
7,156,1.976
7,157,0.155
7,158,0.160
7,159,0.153
7,160,0.155
7,161,0.154
7,162,0.153
7,163,0.153
7,164,0.157
7,165,0.154
7,166,0.153
7,167,0.153
7,168,1.498
7,169,0.155
7,170,0.153
7,171,0.153
7,172,0.171
7,173,0.154
7,174,0.152
7,175,0.153
7,176,0.180
7,177,0.155
7,178,0.152
7,179,0.153
7,180,1.924
7,181,0.154
7,182,0.153
7,183,0.162
7,184,0.159
7,185,0.153
7,186,0.153
7,187,0.153
7,188,0.166
7,189,0.162
7,190,0.152
7,191,0.164
7,192,1.713
7,193,0.154
7,194,0.153
7,195,0.153
7,196,0.174
7,197,0.161
7,198,0.153
7,199,0.449
7,200,0.160
7,201,0.152
7,202,0.153
7,203,0.354
7,204,1.308
7,205,0.168
7,206,0.153
7,207,0.151
7,208,0.170
7,209,0.154
7,210,0.152
7,211,0.153
7,212,0.184
7,213,0.153
7,214,0.153
7,215,0.937
7,216,0.771
7,217,0.154
7,218,0.153
7,219,0.152
7,220,0.158
7,221,0.153
7,222,0.167
7,223,0.168
7,224,0.155
7,225,0.153
7,226,0.152
7,227,1.074
7,228,0.808
7,229,0.154
7,230,0.154
7,231,0.153
7,232,0.161
7,233,0.154
7,234,0.154
7,235,0.153
7,236,0.165
7,237,0.154
7,238,0.153
7,239,0.777
7,240,1.437
7,241,0.153
7,242,0.153
7,243,0.156
7,244,0.154
7,245,0.153
7,246,0.152
7,247,0.152
7,248,0.175
7,249,0.156
7,250,0.151
7,251,0.249
7,252,2.369
7,253,0.154
7,254,0.152
7,255,0.165
7,256,0.154
7,257,0.155
7,258,0.152
7,259,0.152
7,260,0.161
7,261,0.154
7,262,0.152
7,263,0.153
7,264,1.519
7,265,0.154
7,266,0.161
7,267,0.175
7,268,0.153
7,269,0.154
7,270,0.152
7,271,0.153
7,272,0.171
7,273,0.164
7,274,0.152
7,275,0.154
7,276,1.576
7,277,0.154
7,278,0.160
7,279,0.153
7,280,0.153
7,281,0.156
7,282,0.153
7,283,0.152
7,284,0.180
7,285,0.153
7,286,0.152
7,287,0.158
7,288,1.175
7,289,0.153
7,290,0.153
7,291,0.153
7,292,0.169
7,293,0.153
7,294,0.152
7,295,0.153
7,296,0.167
7,297,0.169
7,298,0.152
7,299,0.153
7,300,1.585
7,301,0.154
7,302,0.153
7,303,0.167
7,304,0.153
7,305,0.154
7,306,0.153
7,307,0.153
7,308,0.168
7,309,0.154
7,310,0.156
7,311,0.153
7,312,1.981
7,313,0.160
7,314,0.152
7,315,0.152
7,316,0.158
7,317,0.158
7,318,0.152
7,319,0.153
7,320,0.161
7,321,0.153
7,322,0.152
7,323,0.154
7,324,2.041
7,325,0.153
7,326,0.152
7,327,0.153
7,328,0.160
7,329,0.154
7,330,0.152
7,331,0.153
7,332,0.181
7,333,0.153
7,334,0.152
7,335,0.165
7,336,2.568
7,337,0.159
7,338,0.152
7,339,0.157
7,340,0.164
7,341,0.152
7,342,0.153
7,343,0.152
7,344,0.170
7,345,0.153
7,346,0.152
7,347,0.152
7,348,1.363
7,349,0.166
7,350,0.152
7,351,0.152
7,352,0.154
7,353,0.154
7,354,0.152
7,355,0.153
7,356,0.186
7,357,0.171
7,358,0.157
7,359,0.164
7,360,2.614
7,361,0.163
7,362,0.152
7,363,0.152
7,364,0.156
7,365,0.153
7,366,0.152
7,367,0.152
7,368,0.161
7,369,0.161
7,370,0.163
7,371,0.153
7,372,3.368
7,373,0.152
7,374,0.152
7,375,0.152
7,376,0.161
7,377,0.152
7,378,0.152
7,379,0.153
7,380,0.155
7,381,0.152
7,382,0.153
7,383,0.169
7,384,1.380
7,385,0.153
7,386,0.153
7,387,0.168
7,388,0.154
7,389,0.153
7,390,0.152
7,391,0.153
7,392,0.157
7,393,0.153
7,394,0.153
7,395,0.153
7,396,1.896
7,397,0.154
7,398,0.152
7,399,0.153
7,400,0.159
7,401,0.153
7,402,0.153
7,403,0.152
7,404,0.177
7,405,0.153
7,406,0.152
7,407,0.152
7,408,1.580
7,409,0.153
7,410,0.152
7,411,0.153
7,412,0.155
7,413,0.154
7,414,0.152
7,415,0.153
7,416,0.154
7,417,0.154
7,418,0.152
7,419,0.153
7,420,1.783
7,421,0.161
7,422,0.165
7,423,0.153
7,424,0.155
7,425,0.168
7,426,0.156
7,427,0.151
7,428,0.154
7,429,0.157
7,430,0.153
7,431,0.153
7,432,1.364
7,433,0.154
7,434,0.163
7,435,0.153
7,436,0.154
7,437,0.154
7,438,0.153
7,439,0.153
7,440,0.166
7,441,0.154
7,442,0.153
7,443,0.152
7,444,1.472
7,445,0.164
7,446,0.152
7,447,0.152
7,448,0.155
7,449,0.162
7,450,0.167
7,451,0.152
7,452,0.155
7,453,0.173
7,454,0.153
7,455,0.154
7,456,2.317
7,457,0.154
7,458,0.152
7,459,0.153
7,460,0.164
7,461,0.153
7,462,0.153
7,463,0.153
7,464,0.160
7,465,0.154
7,466,0.153
7,467,0.152
7,468,1.530
7,469,0.153
7,470,0.160
7,471,0.152
7,472,0.162
7,473,0.161
7,474,0.152
7,475,0.152
7,476,0.193
7,477,0.154
7,478,0.153
7,479,0.154
7,480,1.654
7,481,0.153
7,482,0.153
7,483,0.153
7,484,0.155
7,485,0.154
7,486,0.152
7,487,0.152
7,488,0.162
7,489,0.153
7,490,0.152
7,491,0.153
7,492,1.589
7,493,0.164
7,494,0.159
7,495,0.160
7,496,0.154
7,497,0.153
7,498,0.152
7,499,0.161
7,500,0.163
7,501,0.153
7,502,0.152
7,503,0.154
7,504,1.523
7,505,0.154
7,506,0.153
7,507,0.152
7,508,0.159
7,509,0.157
7,510,0.158
7,511,0.154
7,512,0.158
7,513,0.154
7,514,0.163
7,515,0.165
7,516,1.177
7,517,0.155
7,518,0.153
7,519,0.154
7,520,0.162
7,521,0.157
7,522,0.152
7,523,0.154
7,524,0.167
7,525,0.153
7,526,0.153
7,527,0.161
7,528,1.261
7,529,0.155
7,530,0.160
7,531,0.152
7,532,0.158
7,533,0.153
7,534,0.163
7,535,0.168
7,536,0.154
7,537,0.154
7,538,0.152
7,539,0.152
7,540,1.418
7,541,0.155
7,542,0.153
7,543,0.153
7,544,0.156
7,545,0.161
7,546,0.168
7,547,0.154
7,548,0.154
7,549,0.153
7,550,0.153
7,551,0.160
7,552,1.668
7,553,0.154
7,554,0.152
7,555,0.153
7,556,0.163
7,557,0.156
7,558,0.162
7,559,0.152
7,560,0.154
7,561,0.153
7,562,0.153
7,563,0.153
7,564,1.788
7,565,0.154
7,566,0.153
7,567,0.164
7,568,0.154
7,569,0.153
7,570,0.167
7,571,0.154
7,572,0.166
7,573,0.157
7,574,0.160
7,575,0.153
7,576,1.452
7,577,0.154
7,578,0.152
7,579,0.166
7,580,0.155
7,581,0.381
7,582,0.157
7,583,0.153
7,584,0.153
7,585,0.155
7,586,0.159
7,587,0.152
7,588,1.253
7,589,0.155
7,590,0.156
7,591,0.153
7,592,0.167
7,593,0.154
7,594,0.152
7,595,0.152
7,596,0.165
7,597,0.154
7,598,0.153
7,599,0.163
7,600,1.316
7,601,0.154
7,602,0.159
7,603,0.152
7,604,0.183
7,605,0.153
7,606,0.153
7,607,0.152
7,608,0.372
7,609,0.153
7,610,0.152
7,611,0.153
7,612,0.896
7,613,0.155
7,614,0.152
7,615,0.153
7,616,0.162
7,617,0.163
7,618,0.158
7,619,0.160
7,620,0.154
7,621,0.155
7,622,0.153
7,623,0.155
7,624,1.615
7,625,0.153
7,626,0.175
7,627,0.153
7,628,0.154
7,629,0.153
7,630,0.153
7,631,0.152
7,632,0.360
7,633,0.153
7,634,0.153
7,635,0.153
7,636,1.645
7,637,0.164
7,638,0.158
7,639,0.152
7,640,0.164
7,641,0.153
7,642,0.152
7,643,0.153
7,644,0.342
7,645,0.153
7,646,0.153
7,647,0.153
7,648,1.395
7,649,0.154
7,650,0.152
7,651,0.153
7,652,0.173
7,653,0.154
7,654,0.154
7,655,0.153
7,656,0.165
7,657,0.153
7,658,0.152
7,659,0.153
7,660,1.728
7,661,0.153
7,662,0.153
7,663,0.153
7,664,0.154
7,665,0.174
7,666,0.160
7,667,0.152
7,668,0.164
7,669,0.154
7,670,0.153
7,671,0.153
7,672,1.403
7,673,0.163
7,674,0.163
7,675,0.161
7,676,0.154
7,677,0.154
7,678,0.152
7,679,0.162
7,680,0.166
7,681,0.154
7,682,0.152
7,683,0.153
7,684,1.129
7,685,0.156
7,686,0.152
7,687,0.161
7,688,0.154
7,689,0.160
7,690,0.153
7,691,0.160
7,692,0.158
7,693,0.153
7,694,0.175
7,695,0.153
7,696,1.091
7,697,0.153
7,698,0.153
7,699,0.153
7,700,0.154
7,701,0.160
7,702,0.153
7,703,0.153
7,704,0.156
7,705,0.154
7,706,0.161
7,707,0.153
7,708,1.141
7,709,0.154
7,710,0.153
7,711,0.153
7,712,0.171
7,713,0.153
7,714,0.153
7,715,0.154
7,716,0.175
7,717,0.154
7,718,0.153
7,719,0.152
7,720,1.522
7,721,0.154
7,722,0.152
7,723,0.153
7,724,0.321
7,725,0.153
7,726,0.152
7,727,0.161
7,728,0.162
7,729,0.157
7,730,0.153
7,731,0.152
7,732,1.191
7,733,0.154
7,734,0.151
7,735,0.153
7,736,0.303
7,737,0.160
7,738,0.153
7,739,0.153
7,740,0.166
7,741,0.180
7,742,0.158
7,743,0.152
7,744,1.345
7,745,0.154
7,746,0.153
7,747,0.164
7,748,0.165
7,749,0.155
7,750,0.153
7,751,0.152
7,752,0.176
7,753,0.153
7,754,0.157
7,755,0.152
7,756,1.591
7,757,0.155
7,758,0.153
7,759,0.153
7,760,0.158
7,761,0.153
7,762,0.153
7,763,0.159
7,764,0.156
7,765,0.155
7,766,0.152
7,767,0.153
7,768,2.161
7,769,0.153
7,770,0.153
7,771,0.160
7,772,0.168
7,773,0.154
7,774,0.151
7,775,0.158
7,776,0.185
7,777,0.152
7,778,0.153
7,779,0.152
7,780,2.069
7,781,0.155
7,782,0.159
7,783,0.153
7,784,0.161
7,785,0.154
7,786,0.166
7,787,0.152
7,788,0.168
7,789,0.153
7,790,0.152
7,791,0.153
7,792,1.761
7,793,0.153
7,794,0.152
7,795,0.165
7,796,0.154
7,797,0.154
7,798,0.153
7,799,0.152
7,800,0.166
7,801,0.162
7,802,0.152
7,803,0.153
7,804,1.728
7,805,0.153
7,806,0.153
7,807,0.158
7,808,0.154
7,809,0.159
7,810,0.153
7,811,0.156
7,812,0.168
7,813,0.153
7,814,0.152
7,815,0.152
7,816,1.404
7,817,0.153
7,818,0.153
7,819,0.158
7,820,0.173
7,821,0.153
7,822,0.152
7,823,0.160
7,824,0.167
7,825,0.153
7,826,0.168
7,827,0.160
7,828,1.537
7,829,0.153
7,830,0.154
7,831,0.167
7,832,0.154
7,833,0.159
7,834,0.153
7,835,0.153
7,836,0.165
7,837,0.156
7,838,0.152
7,839,0.153
7,840,1.406
7,841,0.160
7,842,0.152
7,843,0.153
7,844,0.153
7,845,0.169
7,846,0.172
7,847,0.153
7,848,0.154
7,849,0.152
7,850,0.153
7,851,0.152
7,852,1.542
7,853,0.153
7,854,0.170
7,855,0.165
7,856,0.153
7,857,0.163
7,858,0.159
7,859,0.152
7,860,0.161
7,861,0.159
7,862,0.153
7,863,0.153
7,864,1.486
7,865,0.154
7,866,0.152
7,867,0.152
7,868,0.169
7,869,0.162
7,870,0.152
7,871,0.152
7,872,0.153
7,873,0.153
7,874,0.161
7,875,0.153
7,876,1.190
7,877,0.154
7,878,0.164
7,879,0.152
7,880,0.154
7,881,0.154
7,882,0.152
7,883,0.164
7,884,0.162
7,885,0.153
7,886,0.153
7,887,0.153
7,888,1.417
7,889,0.154
7,890,0.152
7,891,0.168
7,892,0.153
7,893,0.153
7,894,0.152
7,895,0.153
7,896,0.156
7,897,0.153
7,898,0.154
7,899,0.153
7,900,1.442
7,901,0.153
7,902,0.152
7,903,0.154
7,904,0.167
7,905,0.154
7,906,0.152
7,907,0.152
7,908,0.166
7,909,0.154
7,910,0.161
7,911,0.152
7,912,1.554
7,913,0.154
7,914,0.153
7,915,0.153
7,916,0.155
7,917,0.171
7,918,0.153
7,919,0.152
7,920,0.160
7,921,0.153
7,922,0.154
7,923,0.153
7,924,2.107
7,925,0.161
7,926,0.152
7,927,0.152
7,928,0.175
7,929,0.158
7,930,0.152
7,931,0.157
7,932,0.158
7,933,0.153
7,934,0.153
7,935,0.169
7,936,1.930
7,937,0.154
7,938,0.152
7,939,0.152
7,940,0.161
7,941,0.153
7,942,0.152
7,943,0.152
7,944,0.163
7,945,0.153
7,946,0.152
7,947,0.152
7,948,2.168
7,949,0.154
7,950,0.152
7,951,0.152
7,952,0.167
7,953,0.152
7,954,0.154
7,955,0.152
7,956,0.157
7,957,0.153
7,958,0.152
7,959,0.152
7,960,1.124
7,961,0.153
7,962,0.152
7,963,0.153
7,964,0.159
7,965,0.154
7,966,0.154
7,967,0.153
7,968,0.169
7,969,0.154
7,970,0.153
7,971,0.153
7,972,1.350
7,973,0.153
7,974,0.153
7,975,0.152
7,976,0.160
7,977,0.154
7,978,0.152
7,979,0.162
7,980,0.154
7,981,0.153
7,982,0.152
7,983,0.153
7,984,1.276
7,985,0.153
7,986,0.153
7,987,0.153
7,988,0.154
7,989,0.153
7,990,0.163
7,991,0.153
7,992,0.154
7,993,0.153
7,994,0.153
7,995,0.153
7,996,1.530
7,997,0.154
7,998,0.152
7,999,0.152
7,1000,0.163
7,1001,0.153
7,1002,0.152
7,1003,0.152
7,1004,0.155
7,1005,0.155
7,1006,0.152
7,1007,0.153
7,1008,1.995
7,1009,0.155
7,1010,0.160
7,1011,0.153
7,1012,0.152
7,1013,0.153
7,1014,0.153
7,1015,0.152
7,1016,0.162
7,1017,0.154
7,1018,0.153
7,1019,0.160
7,1020,1.250
7,1021,0.154
7,1022,0.152
7,1023,0.156
7,1024,0.154
7,1025,0.154
7,1026,0.152
7,1027,0.153
7,1028,0.178
7,1029,0.154
7,1030,0.153
7,1031,0.167
7,1032,1.498
7,1033,0.153
7,1034,0.153
7,1035,0.152
7,1036,0.173
7,1037,0.154
7,1038,0.153
7,1039,0.152
7,1040,0.154
7,1041,0.153
7,1042,0.152
7,1043,0.152
7,1044,1.342
7,1045,0.155
7,1046,0.151
7,1047,0.153
7,1048,0.164
7,1049,0.154
7,1050,0.168
7,1051,0.153
7,1052,0.155
7,1053,0.153
7,1054,0.152
7,1055,0.153
7,1056,1.823
7,1057,0.153
7,1058,0.163
7,1059,0.152
7,1060,0.157
7,1061,0.162
7,1062,0.152
7,1063,0.153
7,1064,0.165
7,1065,0.161
7,1066,0.156
7,1067,0.159
7,1068,1.257
7,1069,0.154
7,1070,0.152
7,1071,0.152
7,1072,0.172
7,1073,0.154
7,1074,0.152
7,1075,0.153
7,1076,0.168
7,1077,0.154
7,1078,0.166
7,1079,0.155
7,1080,1.155
7,1081,0.154
7,1082,0.152
7,1083,0.152
7,1084,0.164
7,1085,0.155
7,1086,0.162
7,1087,0.153
7,1088,0.155
7,1089,0.165
7,1090,0.159
7,1091,0.153
7,1092,1.614
7,1093,0.153
7,1094,0.153
7,1095,0.153
7,1096,0.163
7,1097,0.163
7,1098,0.153
7,1099,0.153
7,1100,0.158
7,1101,0.153
7,1102,0.153
7,1103,0.160
7,1104,1.203
7,1105,0.153
7,1106,0.153
7,1107,0.152
7,1108,0.171
7,1109,0.153
7,1110,0.153
7,1111,0.154
7,1112,0.171
7,1113,0.153
7,1114,0.152
7,1115,0.167
7,1116,1.457
7,1117,0.153
7,1118,0.157
7,1119,0.152
7,1120,0.159
7,1121,0.159
7,1122,0.152
7,1123,0.154
7,1124,0.163
7,1125,0.153
7,1126,0.164
7,1127,0.153
7,1128,1.568
7,1129,0.155
7,1130,0.152
7,1131,0.152
7,1132,0.167
7,1133,0.153
7,1134,0.153
7,1135,0.153
7,1136,0.167
7,1137,0.171
7,1138,0.156
7,1139,0.153
7,1140,1.155
7,1141,0.153
7,1142,0.153
7,1143,0.153
7,1144,0.174
7,1145,0.160
7,1146,0.160
7,1147,0.166
7,1148,0.154
7,1149,0.154
7,1150,0.161
7,1151,0.160
7,1152,1.501
7,1153,0.153
7,1154,0.153
7,1155,0.163
7,1156,0.168
7,1157,0.153
7,1158,0.161
7,1159,0.153
7,1160,0.160
7,1161,0.153
7,1162,0.162
7,1163,0.153
7,1164,1.487
7,1165,0.154
7,1166,0.152
7,1167,0.152
7,1168,0.174
7,1169,0.153
7,1170,0.152
7,1171,0.152
7,1172,0.174
7,1173,0.165
7,1174,0.153
7,1175,0.198
7,1176,1.092
7,1177,0.154
7,1178,0.152
7,1179,0.159
7,1180,0.154
7,1181,0.168
7,1182,0.163
7,1183,0.153
7,1184,0.166
7,1185,0.153
7,1186,0.161
7,1187,0.166
7,1188,1.186
7,1189,0.153
7,1190,0.153
7,1191,0.159
7,1192,0.162
7,1193,0.154
7,1194,0.153
7,1195,0.153
7,1196,0.154
7,1197,0.157
7,1198,0.152
7,1199,0.163
7,1200,1.208
7,1201,0.154
7,1202,0.152
7,1203,0.153
7,1204,0.161
7,1205,0.178
7,1206,0.162
7,1207,0.152
7,1208,0.157
7,1209,0.153
7,1210,0.153
7,1211,0.154
7,1212,1.474
7,1213,0.154
7,1214,0.167
7,1215,0.153
7,1216,0.155
7,1217,0.153
7,1218,0.165
7,1219,0.152
7,1220,0.163
7,1221,0.155
7,1222,0.152
7,1223,0.153
7,1224,1.321
7,1225,0.153
7,1226,0.152
7,1227,0.152
7,1228,0.161
7,1229,0.153
7,1230,0.152
7,1231,0.152
7,1232,0.164
7,1233,0.173
7,1234,0.152
7,1235,0.153
7,1236,1.430
7,1237,0.154
7,1238,0.153
7,1239,0.153
7,1240,0.159
7,1241,0.161
7,1242,0.162
7,1243,0.153
7,1244,0.153
7,1245,0.153
7,1246,0.154
7,1247,0.153
7,1248,1.326
7,1249,0.153
7,1250,0.153
7,1251,0.153
7,1252,0.168
7,1253,0.153
7,1254,0.153
7,1255,0.152
7,1256,0.165
7,1257,0.153
7,1258,0.153
7,1259,0.161
7,1260,1.500
7,1261,0.153
7,1262,0.152
7,1263,0.152
7,1264,0.175
7,1265,0.153
7,1266,0.153
7,1267,0.153
7,1268,0.161
7,1269,0.153
7,1270,0.157
7,1271,0.152
7,1272,1.409
7,1273,0.153
7,1274,0.152
7,1275,0.152
7,1276,0.157
7,1277,0.153
7,1278,0.208
7,1279,0.161
7,1280,0.153
7,1281,0.164
7,1282,0.158
7,1283,0.159
7,1284,1.244
7,1285,0.153
7,1286,0.152
7,1287,0.152
7,1288,0.189
7,1289,0.162
7,1290,0.152
7,1291,0.152
7,1292,0.154
7,1293,0.152
7,1294,0.156
7,1295,0.152
7,1296,1.203
7,1297,0.160
7,1298,0.152
7,1299,0.153
7,1300,0.153
7,1301,0.154
7,1302,0.152
7,1303,0.152
7,1304,0.180
7,1305,0.153
7,1306,0.153
7,1307,0.152
7,1308,1.383
7,1309,0.154
7,1310,0.153
7,1311,0.152
7,1312,0.161
7,1313,0.153
7,1314,0.152
7,1315,0.153
7,1316,0.159
7,1317,0.168
7,1318,0.152
7,1319,0.153
7,1320,1.420
7,1321,0.154
7,1322,0.153
7,1323,0.152
7,1324,0.171
7,1325,0.154
7,1326,0.152
7,1327,0.154
7,1328,0.170
7,1329,0.153
7,1330,0.153
7,1331,0.152
7,1332,1.351
7,1333,0.154
7,1334,0.153
7,1335,0.153
7,1336,0.172
7,1337,0.153
7,1338,0.152
7,1339,0.153
7,1340,0.179
7,1341,0.161
7,1342,0.152
7,1343,0.162
7,1344,1.787
7,1345,0.153
7,1346,0.152
7,1347,0.153
7,1348,0.177
7,1349,0.153
7,1350,0.153
7,1351,0.153
7,1352,0.178
7,1353,0.157
7,1354,0.153
7,1355,0.152
7,1356,1.485
7,1357,0.154
7,1358,0.152
7,1359,0.153
7,1360,0.177
7,1361,0.155
7,1362,0.152
7,1363,0.153
7,1364,0.174
7,1365,0.154
7,1366,0.161
7,1367,0.167
7,1368,2.399
7,1369,0.153
7,1370,0.157
7,1371,0.152
7,1372,0.161
7,1373,0.153
7,1374,0.151
7,1375,0.153
7,1376,0.179
7,1377,0.152
7,1378,0.153
7,1379,0.152
7,1380,2.146
7,1381,0.153
7,1382,0.152
7,1383,0.152
7,1384,0.160
7,1385,0.152
7,1386,0.152
7,1387,0.160
7,1388,0.184
7,1389,0.152
7,1390,0.153
7,1391,0.153
7,1392,0.493
7,1393,0.153
7,1394,0.153
7,1395,0.153
7,1396,0.173
7,1397,0.153
7,1398,0.152
7,1399,0.155
7,1400,0.158
7,1401,0.153
7,1402,0.153
7,1403,0.152
7,1404,1.182
7,1405,0.153
7,1406,0.153
7,1407,0.152
7,1408,0.195
7,1409,0.153
7,1410,0.153
7,1411,0.152
7,1412,0.155
7,1413,0.152
7,1414,0.171
7,1415,0.153
7,1416,2.566
7,1417,0.154
7,1418,0.152
7,1419,0.153
7,1420,0.167
7,1421,0.155
7,1422,0.164
7,1423,0.153
7,1424,0.177
7,1425,0.153
7,1426,0.153
7,1427,0.152
7,1428,1.367
7,1429,0.153
7,1430,0.152
7,1431,0.153
7,1432,0.165
7,1433,0.153
7,1434,0.153
7,1435,0.160
7,1436,0.165
7,1437,0.155
7,1438,0.153
7,1439,0.152
7,1440,1.151
7,1441,0.155
7,1442,0.152
7,1443,0.153
7,1444,0.156
7,1445,0.153
7,1446,0.153
7,1447,0.152
7,1448,0.167
7,1449,0.161
7,1450,0.158
7,1451,0.163
7,1452,2.124
7,1453,0.154
7,1454,0.153
7,1455,0.153
7,1456,0.168
7,1457,0.153
7,1458,0.152
7,1459,0.153
7,1460,0.170
7,1461,0.153
7,1462,0.179
7,1463,0.152
7,1464,1.403
7,1465,0.153
7,1466,0.153
7,1467,0.153
7,1468,0.164
7,1469,0.174
7,1470,0.152
7,1471,0.153
7,1472,0.171
7,1473,0.161
7,1474,0.154
7,1475,0.168
7,1476,1.237
7,1477,0.153
7,1478,0.152
7,1479,0.154
7,1480,0.163
7,1481,0.156
7,1482,0.153
7,1483,0.154
7,1484,0.166
7,1485,0.156
7,1486,0.153
7,1487,0.164
7,1488,1.389
7,1489,0.154
7,1490,0.152
7,1491,0.153
7,1492,0.155
7,1493,0.154
7,1494,0.152
7,1495,0.154
7,1496,0.153
7,1497,0.155
7,1498,0.152
7,1499,0.152
7,1500,1.542
7,1501,0.153
7,1502,0.152
7,1503,0.163
7,1504,0.161
7,1505,0.154
7,1506,0.153
7,1507,0.152
7,1508,0.166
7,1509,0.154
7,1510,0.152
7,1511,0.153
7,1512,1.467
7,1513,0.165
7,1514,0.154
7,1515,0.153
7,1516,0.172
7,1517,0.153
7,1518,0.152
7,1519,0.152
7,1520,0.164
7,1521,0.163
7,1522,0.158
7,1523,0.152
7,1524,1.220
7,1525,0.153
7,1526,0.153
7,1527,0.153
7,1528,0.158
7,1529,0.154
7,1530,0.153
7,1531,0.163
7,1532,0.158
7,1533,0.153
7,1534,0.154
7,1535,0.152
7,1536,1.299
7,1537,0.155
7,1538,0.152
7,1539,0.152
7,1540,0.180
7,1541,0.153
7,1542,0.153
7,1543,0.153
7,1544,0.162
7,1545,0.154
7,1546,0.153
7,1547,0.152
7,1548,1.476
7,1549,0.154
7,1550,0.165
7,1551,0.160
7,1552,0.162
7,1553,0.162
7,1554,0.152
7,1555,0.153
7,1556,0.155
7,1557,0.157
7,1558,0.153
7,1559,0.152
7,1560,1.335
7,1561,0.154
7,1562,0.152
7,1563,0.156
7,1564,0.161
7,1565,0.155
7,1566,0.153
7,1567,0.152
7,1568,0.155
7,1569,0.156
7,1570,0.151
7,1571,0.153
7,1572,1.540
7,1573,0.165
7,1574,0.160
7,1575,0.159
7,1576,0.154
7,1577,0.153
7,1578,0.152
7,1579,0.152
7,1580,0.165
7,1581,0.152
7,1582,0.152
7,1583,0.152
7,1584,1.677
7,1585,0.157
7,1586,0.153
7,1587,0.152
7,1588,0.167
7,1589,0.153
7,1590,0.152
7,1591,0.152
7,1592,0.176
7,1593,0.152
7,1594,0.153
7,1595,0.152
7,1596,1.161
7,1597,0.154
7,1598,0.152
7,1599,0.152
7,1600,0.160
7,1601,0.152
7,1602,0.152
7,1603,0.152
7,1604,0.186
7,1605,0.153
7,1606,0.154
7,1607,0.152
7,1608,1.099
7,1609,0.153
7,1610,0.152
7,1611,0.154
7,1612,0.156
7,1613,0.153
7,1614,0.152
7,1615,0.162
7,1616,0.154
7,1617,0.154
7,1618,0.153
7,1619,0.156
7,1620,1.047
7,1621,0.154
7,1622,0.153
7,1623,0.153
7,1624,0.163
7,1625,0.153
7,1626,0.153
7,1627,0.153
7,1628,0.184
7,1629,0.153
7,1630,0.153
7,1631,0.152
7,1632,1.194
7,1633,0.155
7,1634,0.152
7,1635,0.153
7,1636,0.155
7,1637,0.153
7,1638,0.152
7,1639,0.152
7,1640,0.173
7,1641,0.153
7,1642,0.153
7,1643,0.162
7,1644,1.274
7,1645,0.154
7,1646,0.152
7,1647,0.153
7,1648,0.170
7,1649,0.154
7,1650,0.152
7,1651,0.152
7,1652,0.174
7,1653,0.167
7,1654,0.153
7,1655,0.152
7,1656,1.244
7,1657,0.153
7,1658,0.153
7,1659,0.153
7,1660,0.159
7,1661,0.153
7,1662,0.152
7,1663,0.154
7,1664,0.155
7,1665,0.154
7,1666,0.153
7,1667,0.152
7,1668,1.779
7,1669,0.154
7,1670,0.153
7,1671,0.152
7,1672,0.170
7,1673,0.153
7,1674,0.152
7,1675,0.152
7,1676,0.167
7,1677,0.154
7,1678,0.153
7,1679,0.153
7,1680,1.221
7,1681,0.165
7,1682,0.152
7,1683,0.154
7,1684,0.157
7,1685,0.153
7,1686,0.167
7,1687,0.152
7,1688,0.154
7,1689,0.154
7,1690,0.152
7,1691,0.152
7,1692,1.505
7,1693,0.155
7,1694,0.152
7,1695,0.153
7,1696,0.176
7,1697,0.153
7,1698,0.153
7,1699,0.152
7,1700,0.162
7,1701,0.154
7,1702,0.152
7,1703,0.164
7,1704,1.548
7,1705,0.153
7,1706,0.152
7,1707,0.154
7,1708,0.171
7,1709,0.154
7,1710,0.153
7,1711,0.154
7,1712,0.158
7,1713,0.153
7,1714,0.160
7,1715,0.152
7,1716,1.535
7,1717,0.153
7,1718,0.153
7,1719,0.152
7,1720,0.159
7,1721,0.162
7,1722,0.153
7,1723,0.152
7,1724,0.160
7,1725,0.163
7,1726,0.153
7,1727,0.153
7,1728,1.229
7,1729,0.153
7,1730,0.152
7,1731,0.152
7,1732,0.180
7,1733,0.153
7,1734,0.153
7,1735,0.162
7,1736,0.155
7,1737,0.153
7,1738,0.161
7,1739,0.152
7,1740,1.305
7,1741,0.165
7,1742,0.164
7,1743,0.153
7,1744,0.154
7,1745,0.155
7,1746,0.152
7,1747,0.153
7,1748,0.153
7,1749,0.163
7,1750,0.165
7,1751,0.152
7,1752,1.418
7,1753,0.154
7,1754,0.162
7,1755,0.152
7,1756,0.153
7,1757,0.154
7,1758,0.152
7,1759,0.152
7,1760,0.165
7,1761,0.158
7,1762,0.162
7,1763,0.153
7,1764,1.519
7,1765,0.162
7,1766,0.152
7,1767,0.152
7,1768,0.173
7,1769,0.163
7,1770,0.153
7,1771,0.153
7,1772,0.156
7,1773,0.155
7,1774,0.153
7,1775,0.169
7,1776,1.232
7,1777,0.155
7,1778,0.152
7,1779,0.159
7,1780,0.156
7,1781,0.153
7,1782,0.158
7,1783,0.163
7,1784,0.158
7,1785,0.154
7,1786,0.152
7,1787,0.153
7,1788,1.854
7,1789,0.157
7,1790,0.153
7,1791,0.152
7,1792,0.172
7,1793,0.153
7,1794,0.153
7,1795,0.152
7,1796,0.175
7,1797,0.154
7,1798,0.152
7,1799,0.153
7,1800,1.142
7,1801,0.172
7,1802,0.152
7,1803,0.154
7,1804,0.153
7,1805,0.156
7,1806,0.153
7,1807,0.152
7,1808,0.167
7,1809,0.152
7,1810,0.153
7,1811,0.153
7,1812,1.722
7,1813,0.154
7,1814,0.153
7,1815,0.154
7,1816,0.163
7,1817,0.156
7,1818,0.154
7,1819,0.152
7,1820,0.170
7,1821,0.153
7,1822,0.153
7,1823,0.152
7,1824,1.395
7,1825,0.175
7,1826,0.152
7,1827,0.153
7,1828,0.155
7,1829,0.154
7,1830,0.152
7,1831,0.153
7,1832,0.164
7,1833,0.157
7,1834,0.152
7,1835,0.152
7,1836,1.596
7,1837,0.172
7,1838,0.153
7,1839,0.153
7,1840,0.156
7,1841,0.153
7,1842,0.153
7,1843,0.163
7,1844,0.161
7,1845,0.154
7,1846,0.153
7,1847,0.152
7,1848,1.767
7,1849,0.164
7,1850,0.152
7,1851,0.158
7,1852,0.171
7,1853,0.160
7,1854,0.152
7,1855,0.153
7,1856,0.158
7,1857,0.153
7,1858,0.153
7,1859,0.154
7,1860,1.518
7,1861,0.153
7,1862,0.160
7,1863,0.166
7,1864,0.174
7,1865,0.154
7,1866,0.152
7,1867,0.180
7,1868,0.155
7,1869,0.153
7,1870,0.153
7,1871,0.151
7,1872,1.709
7,1873,0.153
7,1874,0.158
7,1875,0.160
7,1876,0.176
7,1877,0.153
7,1878,0.152
7,1879,0.154
7,1880,0.156
7,1881,0.164
7,1882,0.155
7,1883,0.158
7,1884,1.535
7,1885,0.171
7,1886,0.152
7,1887,0.153
7,1888,0.155
7,1889,0.155
7,1890,0.154
7,1891,0.152
7,1892,0.155
7,1893,0.166
7,1894,0.153
7,1895,0.158
7,1896,1.655
7,1897,0.165
7,1898,0.153
7,1899,0.152
7,1900,0.176
7,1901,0.161
7,1902,0.152
7,1903,0.152
7,1904,0.162
7,1905,0.155
7,1906,0.164
7,1907,0.157
7,1908,1.314
7,1909,0.153
7,1910,0.153
7,1911,0.153
7,1912,0.183
7,1913,0.154
7,1914,0.154
7,1915,0.152
7,1916,0.160
7,1917,0.167
7,1918,0.159
7,1919,0.153
7,1920,1.767
7,1921,0.154
7,1922,0.158
7,1923,0.154
7,1924,0.169
7,1925,0.153
7,1926,0.159
7,1927,0.152
7,1928,0.169
7,1929,0.153
7,1930,0.152
7,1931,0.153
7,1932,1.146
7,1933,0.154
7,1934,0.152
7,1935,0.153
7,1936,0.156
7,1937,0.153
7,1938,0.153
7,1939,0.160
7,1940,0.156
7,1941,0.153
7,1942,0.153
7,1943,0.164
7,1944,1.788
7,1945,0.153
7,1946,0.158
7,1947,0.152
7,1948,0.153
7,1949,0.162
7,1950,0.151
7,1951,0.153
7,1952,0.163
7,1953,0.152
7,1954,0.153
7,1955,0.152
7,1956,1.056
7,1957,0.153
7,1958,0.153
7,1959,0.154
7,1960,0.162
7,1961,0.152
7,1962,0.153
7,1963,0.153
7,1964,0.155
7,1965,0.153
7,1966,0.153
7,1967,0.153
7,1968,1.716
7,1969,0.166
7,1970,0.153
7,1971,0.153
7,1972,0.155
7,1973,0.162
7,1974,0.153
7,1975,0.153
7,1976,0.177
7,1977,0.154
7,1978,0.153
7,1979,0.152
7,1980,1.279
7,1981,0.152
7,1982,0.153
7,1983,0.152
7,1984,0.160
7,1985,0.154
7,1986,0.158
7,1987,0.162
7,1988,0.154
7,1989,0.154
7,1990,0.152
7,1991,0.162
7,1992,1.128
7,1993,0.153
7,1994,0.153
7,1995,0.153
7,1996,0.162
7,1997,0.161
7,1998,0.153
7,1999,0.160
7,2000,0.167
7,2001,0.168
7,2002,0.152
7,2003,0.173
7,2004,1.305
7,2005,0.155
7,2006,0.152
7,2007,0.154
7,2008,0.153
7,2009,0.163
7,2010,0.153
7,2011,0.153
7,2012,0.155
7,2013,0.159
7,2014,0.153
7,2015,0.153
7,2016,1.129
7,2017,0.153
7,2018,0.153
7,2019,0.153
7,2020,0.163
7,2021,0.154
7,2022,0.153
7,2023,0.154
7,2024,0.619
7,2025,0.153
7,2026,0.153
7,2027,0.166
7,2028,1.088
7,2029,0.154
7,2030,0.152
7,2031,0.154
7,2032,0.168
7,2033,0.153
7,2034,0.152
7,2035,0.161
7,2036,1.004
7,2037,0.154
7,2038,0.152
7,2039,0.163
7,2040,0.647
7,2041,0.154
7,2042,0.157
7,2043,0.153
7,2044,0.154
7,2045,0.158
7,2046,0.153
7,2047,0.153
7,2048,0.950
7,2049,0.154
7,2050,0.159
7,2051,0.153
7,2052,0.453
7,2053,0.154
7,2054,0.153
7,2055,0.152
7,2056,0.174
7,2057,0.159
7,2058,0.153
7,2059,0.159
7,2060,1.163
7,2061,0.162
7,2062,0.153
7,2063,0.152
7,2064,0.154
7,2065,0.153
7,2066,0.154
7,2067,0.152
7,2068,0.154
7,2069,0.155
7,2070,0.152
7,2071,0.153
7,2072,1.392
7,2073,0.165
7,2074,0.153
7,2075,0.152
7,2076,0.468
7,2077,0.154
7,2078,0.153
7,2079,0.152
7,2080,0.157
7,2081,0.153
7,2082,0.153
7,2083,0.152
7,2084,1.316
7,2085,0.153
7,2086,0.153
7,2087,0.160
7,2088,0.310
7,2089,0.162
7,2090,0.153
7,2091,0.152
7,2092,0.167
7,2093,0.153
7,2094,0.152
7,2095,0.153
7,2096,1.622
7,2097,0.161
7,2098,0.152
7,2099,0.152
7,2100,0.154
7,2101,0.163
7,2102,0.153
7,2103,0.152
7,2104,0.160
7,2105,0.153
7,2106,0.153
7,2107,0.152
7,2108,1.579
7,2109,0.156
7,2110,0.151
7,2111,0.152
7,2112,0.153
7,2113,0.153
7,2114,0.152
7,2115,0.153
7,2116,0.155
7,2117,0.152
7,2118,0.153
7,2119,0.152
7,2120,1.390
7,2121,0.154
7,2122,0.159
7,2123,0.162
7,2124,0.157
7,2125,0.154
7,2126,0.152
7,2127,0.153
7,2128,0.161
7,2129,0.153
7,2130,0.153
7,2131,0.152
7,2132,1.559
7,2133,0.153
7,2134,0.157
7,2135,0.165
7,2136,0.154
7,2137,0.153
7,2138,0.157
7,2139,0.152
7,2140,0.154
7,2141,0.154
7,2142,0.159
7,2143,0.158
7,2144,1.567
7,2145,0.164
7,2146,0.158
7,2147,0.157
7,2148,0.154
7,2149,0.153
7,2150,0.152
7,2151,0.152
7,2152,0.184
7,2153,0.159
7,2154,0.152
7,2155,0.154
7,2156,1.419
7,2157,0.153
7,2158,0.171
7,2159,0.152
7,2160,0.154
7,2161,0.153
7,2162,0.163
7,2163,0.152
7,2164,0.163
7,2165,0.152
7,2166,0.159
7,2167,0.162
7,2168,1.389
7,2169,0.162
7,2170,0.152
7,2171,0.152
7,2172,0.153
7,2173,0.153
7,2174,0.152
7,2175,0.155
7,2176,0.163
7,2177,0.162
7,2178,0.152
7,2179,0.153
7,2180,1.753
7,2181,0.154
7,2182,0.171
7,2183,0.154
7,2184,0.155
7,2185,0.168
7,2186,0.153
7,2187,0.173
7,2188,0.155
7,2189,0.153
7,2190,0.153
7,2191,0.155
7,2192,1.566
7,2193,0.153
7,2194,0.154
7,2195,0.152
7,2196,0.173
7,2197,0.155
7,2198,0.152
7,2199,0.152
7,2200,0.167
7,2201,0.153
7,2202,0.152
7,2203,0.167
7,2204,1.580
7,2205,0.153
7,2206,0.153
7,2207,0.152
7,2208,0.168
7,2209,0.154
7,2210,0.152
7,2211,0.152
7,2212,0.162
7,2213,0.177
7,2214,0.153
7,2215,0.154
7,2216,1.319
7,2217,0.154
7,2218,0.169
7,2219,0.152
7,2220,0.158
7,2221,0.160
7,2222,0.152
7,2223,0.154
7,2224,0.154
7,2225,0.161
7,2226,0.158
7,2227,0.155
7,2228,1.231
7,2229,0.156
7,2230,0.153
7,2231,0.153
7,2232,0.155
7,2233,0.165
7,2234,0.160
7,2235,0.153
7,2236,0.154
7,2237,0.161
7,2238,0.152
7,2239,0.153
7,2240,1.620
7,2241,0.154
7,2242,0.152
7,2243,0.153
7,2244,0.154
7,2245,0.153
7,2246,0.152
7,2247,0.153
7,2248,0.172
7,2249,0.157
7,2250,0.154
7,2251,0.160
7,2252,1.541
7,2253,0.153
7,2254,0.160
7,2255,0.151
7,2256,0.163
7,2257,0.152
7,2258,0.153
7,2259,0.152
7,2260,0.178
7,2261,0.154
7,2262,0.158
7,2263,0.160
7,2264,1.430
7,2265,0.154
7,2266,0.152
7,2267,0.152
7,2268,0.167
7,2269,0.153
7,2270,0.153
7,2271,0.153
7,2272,0.174
7,2273,0.153
7,2274,0.153
7,2275,0.153
7,2276,1.437
7,2277,0.154
7,2278,0.153
7,2279,0.152
7,2280,0.168
7,2281,0.155
7,2282,0.156
7,2283,0.158
7,2284,0.163
7,2285,0.152
7,2286,0.153
7,2287,0.163
7,2288,1.516
7,2289,0.154
7,2290,0.152
7,2291,0.152
7,2292,0.176
7,2293,0.166
7,2294,0.165
7,2295,0.153
7,2296,0.164
7,2297,0.153
7,2298,0.152
7,2299,0.157
7,2300,1.666
7,2301,0.153
7,2302,0.154
7,2303,0.153
7,2304,0.153
7,2305,0.153
7,2306,0.160
7,2307,0.153
7,2308,0.160
7,2309,0.153
7,2310,0.152
7,2311,0.153
7,2312,1.445
7,2313,0.153
7,2314,0.153
7,2315,0.152
7,2316,0.166
7,2317,0.152
7,2318,0.153
7,2319,0.152
7,2320,0.165
7,2321,0.154
7,2322,0.153
7,2323,0.152
7,2324,1.413
7,2325,0.163
7,2326,0.156
7,2327,0.159
7,2328,0.154
7,2329,0.154
7,2330,0.153
7,2331,0.153
7,2332,0.162
7,2333,0.154
7,2334,0.153
7,2335,0.161
7,2336,1.293
7,2337,0.154
7,2338,0.153
7,2339,0.152
7,2340,0.160
7,2341,0.156
7,2342,0.153
7,2343,0.153
7,2344,0.168
7,2345,0.153
7,2346,0.163
7,2347,0.162
7,2348,1.565
7,2349,0.153
7,2350,0.153
7,2351,0.152
7,2352,0.164
7,2353,0.153
7,2354,0.153
7,2355,0.152
7,2356,0.179
7,2357,0.164
7,2358,0.152
7,2359,0.154
7,2360,1.821
7,2361,0.159
7,2362,0.152
7,2363,0.152
7,2364,0.160
7,2365,0.153
7,2366,0.152
7,2367,0.162
7,2368,0.158
7,2369,0.155
7,2370,0.155
7,2371,0.170
7,2372,1.763
7,2373,0.155
7,2374,0.152
7,2375,0.153
7,2376,0.173
7,2377,0.153
7,2378,0.152
7,2379,0.152
7,2380,0.161
7,2381,0.153
7,2382,0.152
7,2383,0.154
7,2384,1.380
7,2385,0.155
7,2386,0.153
7,2387,0.153
7,2388,0.157
7,2389,0.160
7,2390,0.152
7,2391,0.152
7,2392,0.177
7,2393,0.153
7,2394,0.152
7,2395,0.153
7,2396,1.230
7,2397,0.155
7,2398,0.152
7,2399,0.152
7,2400,0.161
7,2401,0.153
7,2402,0.152
7,2403,0.163
7,2404,0.171
7,2405,0.152
7,2406,0.168
7,2407,0.152
7,2408,1.871
7,2409,0.160
7,2410,0.153
7,2411,0.153
7,2412,0.154
7,2413,0.153
7,2414,0.152
7,2415,0.152
7,2416,0.167
7,2417,0.153
7,2418,0.178
7,2419,0.163
7,2420,1.806
7,2421,0.168
7,2422,0.152
7,2423,0.152
7,2424,0.154
7,2425,0.154
7,2426,0.152
7,2427,0.153
7,2428,0.161
7,2429,0.154
7,2430,0.152
7,2431,0.154
7,2432,1.209
7,2433,0.153
7,2434,0.153
7,2435,0.156
7,2436,0.154
7,2437,0.153
7,2438,0.153
7,2439,0.153
7,2440,0.167
7,2441,0.158
7,2442,0.153
7,2443,0.152
7,2444,1.232
7,2445,0.156
7,2446,0.166
7,2447,0.153
7,2448,0.154
7,2449,0.162
7,2450,0.155
7,2451,0.152
7,2452,0.181
7,2453,0.153
7,2454,0.164
7,2455,0.153
7,2456,1.433
7,2457,0.160
7,2458,0.152
7,2459,0.159
7,2460,0.153
7,2461,0.154
7,2462,0.154
7,2463,0.171
7,2464,0.154
7,2465,0.153
7,2466,0.154
7,2467,0.153
7,2468,1.236
7,2469,0.153
7,2470,0.152
7,2471,0.152
7,2472,0.159
7,2473,0.153
7,2474,0.161
7,2475,0.163
7,2476,0.156
7,2477,0.156
7,2478,0.156
7,2479,0.163
7,2480,1.466
7,2481,0.153
7,2482,0.153
7,2483,0.152
7,2484,0.169
7,2485,0.154
7,2486,0.160
7,2487,0.154
7,2488,0.157
7,2489,0.153
7,2490,0.157
7,2491,0.152
7,2492,1.288
7,2493,0.154
7,2494,0.161
7,2495,0.163
7,2496,0.177
7,2497,0.153
7,2498,0.153
7,2499,0.155
7,2500,0.174
8,2,0.156
8,3,0.370
8,4,0.706
8,5,0.155
8,6,0.154
8,7,0.153
8,8,0.159
8,9,0.154
8,10,0.153
8,11,0.159
8,12,1.088
8,13,0.154
8,14,0.166
8,15,0.154
8,16,0.153
8,17,0.153
8,18,0.154
8,19,0.153
8,20,0.159
8,21,0.154
8,22,0.152
8,23,0.153
8,24,1.200
8,25,0.164
8,26,0.153
8,27,0.155
8,28,0.154
8,29,0.153
8,30,0.153
8,31,0.153
8,32,0.158
8,33,0.154
8,34,0.152
8,35,0.153
8,36,0.992
8,37,0.154
8,38,0.154
8,39,0.773
8,40,0.154
8,41,0.154
8,42,0.152
8,43,0.154
8,44,0.173
8,45,0.159
8,46,0.153
8,47,0.154
8,48,0.888
8,49,0.154
8,50,0.153
8,51,1.154
8,52,0.155
8,53,0.162
8,54,0.157
8,55,0.152
8,56,0.155
8,57,0.167
8,58,0.153
8,59,0.153
8,60,0.469
8,61,0.155
8,62,0.152
8,63,1.558
8,64,0.154
8,65,0.166
8,66,0.152
8,67,0.153
8,68,0.167
8,69,0.154
8,70,0.154
8,71,0.152
8,72,0.165
8,73,0.154
8,74,0.153
8,75,1.672
8,76,0.155
8,77,0.154
8,78,0.154
8,79,0.154
8,80,0.169
8,81,0.153
8,82,0.154
8,83,0.153
8,84,0.165
8,85,0.172
8,86,0.152
8,87,1.798
8,88,0.154
8,89,0.154
8,90,0.153
8,91,0.154
8,92,0.170
8,93,0.154
8,94,0.159
8,95,0.158
8,96,0.161
8,97,0.153
8,98,0.153
8,99,1.648
8,100,0.153
8,101,0.154
8,102,0.153
8,103,0.161
8,104,0.154
8,105,0.156
8,106,0.152
8,107,0.154
8,108,0.170
8,109,0.169
8,110,0.154
8,111,1.298
8,112,0.154
8,113,0.235
8,114,0.152
8,115,0.153
8,116,0.171
8,117,0.154
8,118,0.153
8,119,0.163
8,120,0.157
8,121,0.155
8,122,0.152
8,123,1.094
8,124,0.156
8,125,0.425
8,126,0.153
8,127,0.154
8,128,0.172
8,129,0.155
8,130,0.153
8,131,0.154
8,132,0.170
8,133,0.155
8,134,0.153
8,135,0.945
8,136,0.154
8,137,0.713
8,138,0.153
8,139,0.153
8,140,0.166
8,141,0.155
8,142,0.167
8,143,0.152
8,144,0.165
8,145,0.154
8,146,0.153
8,147,1.014
8,148,0.170
8,149,0.554
8,150,0.153
8,151,0.159
8,152,0.155
8,153,0.153
8,154,0.153
8,155,0.157
8,156,0.175
8,157,0.154
8,158,0.153
8,159,0.503
8,160,0.156
8,161,0.870
8,162,0.156
8,163,0.157
8,164,0.157
8,165,0.153
8,166,0.153
8,167,0.155
8,168,0.163
8,169,0.153
8,170,0.153
8,171,0.500
8,172,0.155
8,173,0.877
8,174,0.152
8,175,0.153
8,176,0.166
8,177,0.153
8,178,0.153
8,179,0.154
8,180,0.184
8,181,0.162
8,182,0.152
8,183,0.916
8,184,0.155
8,185,0.640
8,186,0.152
8,187,0.154
8,188,0.158
8,189,0.156
8,190,0.157
8,191,0.154
8,192,0.169
8,193,0.154
8,194,0.154
8,195,0.502
8,196,0.160
8,197,0.768
8,198,0.153
8,199,0.152
8,200,0.165
8,201,0.155
8,202,0.154
8,203,0.153
8,204,0.200
8,205,0.156
8,206,0.153
8,207,0.416
8,208,0.154
8,209,1.055
8,210,0.153
8,211,0.153
8,212,0.162
8,213,0.153
8,214,0.153
8,215,0.153
8,216,0.168
8,217,0.154
8,218,0.152
8,219,0.378
8,220,0.154
8,221,1.094
8,222,0.154
8,223,0.162
8,224,0.154
8,225,0.153
8,226,0.153
8,227,0.153
8,228,0.166
8,229,0.163
8,230,0.155
8,231,0.278
8,232,0.168
8,233,0.888
8,234,0.154
8,235,0.153
8,236,0.158
8,237,0.154
8,238,0.153
8,239,0.153
8,240,0.171
8,241,0.166
8,242,0.163
8,243,0.305
8,244,0.157
8,245,0.925
8,246,0.153
8,247,0.151
8,248,0.154
8,249,0.155
8,250,0.153
8,251,0.153
8,252,0.172
8,253,0.153
8,254,0.154
8,255,0.556
8,256,0.154
8,257,0.965
8,258,0.153
8,259,0.163
8,260,0.163
8,261,0.155
8,262,0.152
8,263,0.153
8,264,0.171
8,265,0.155
8,266,0.157
8,267,0.620
8,268,0.155
8,269,0.848
8,270,0.159
8,271,0.152
8,272,0.182
8,273,0.154
8,274,0.152
8,275,0.153
8,276,0.156
8,277,0.154
8,278,0.153
8,279,0.503
8,280,0.155
8,281,1.277
8,282,0.154
8,283,0.154
8,284,0.157
8,285,0.155
8,286,0.156
8,287,0.152
8,288,0.177
8,289,0.160
8,290,0.164
8,291,0.154
8,292,0.158
8,293,1.213
8,294,0.156
8,295,0.153
8,296,0.157
8,297,0.158
8,298,0.154
8,299,0.153
8,300,0.377
8,301,0.153
8,302,0.154
8,303,0.154
8,304,0.166
8,305,1.040
8,306,0.152
8,307,0.153
8,308,0.155
8,309,0.154
8,310,0.158
8,311,0.154
8,312,0.729
8,313,0.175
8,314,0.154
8,315,0.154
8,316,0.154
8,317,0.396
8,318,0.154
8,319,0.156
8,320,0.156
8,321,0.156
8,322,0.153
8,323,0.152
8,324,1.325
8,325,0.156
8,326,0.152
8,327,0.153
8,328,0.164
8,329,0.154
8,330,0.153
8,331,0.152
8,332,0.161
8,333,0.153
8,334,0.153
8,335,0.153
8,336,1.921
8,337,0.161
8,338,0.158
8,339,0.153
8,340,0.180
8,341,0.155
8,342,0.152
8,343,0.153
8,344,0.169
8,345,0.154
8,346,0.153
8,347,0.154
8,348,1.751
8,349,0.153
8,350,0.170
8,351,0.152
8,352,0.155
8,353,0.161
8,354,0.153
8,355,0.154
8,356,0.171
8,357,0.166
8,358,0.153
8,359,0.153
8,360,1.733
8,361,0.154
8,362,0.152
8,363,0.154
8,364,0.154
8,365,0.161
8,366,0.153
8,367,0.152
8,368,0.161
8,369,0.153
8,370,0.163
8,371,0.156
8,372,1.624
8,373,0.154
8,374,0.152
8,375,0.153
8,376,0.172
8,377,0.153
8,378,0.153
8,379,0.153
8,380,0.184
8,381,0.152
8,382,0.156
8,383,0.151
8,384,1.735
8,385,0.165
8,386,0.162
8,387,0.153
8,388,0.154
8,389,0.153
8,390,0.172
8,391,0.152
8,392,0.155
8,393,0.152
8,394,0.152
8,395,0.152
8,396,1.383
8,397,0.156
8,398,0.153
8,399,0.158
8,400,0.167
8,401,0.155
8,402,0.151
8,403,0.152
8,404,0.160
8,405,0.153
8,406,0.162
8,407,0.163
8,408,1.609
8,409,0.155
8,410,0.169
8,411,0.160
8,412,0.154
8,413,0.154
8,414,0.153
8,415,0.153
8,416,0.165
8,417,0.154
8,418,0.152
8,419,0.165
8,420,1.590
8,421,0.154
8,422,0.159
8,423,0.158
8,424,0.154
8,425,0.153
8,426,0.153
8,427,0.154
8,428,0.192
8,429,0.154
8,430,0.152
8,431,0.153
8,432,1.482
8,433,0.154
8,434,0.161
8,435,0.152
8,436,0.176
8,437,0.153
8,438,0.156
8,439,0.153
8,440,0.175
8,441,0.154
8,442,0.152
8,443,0.153
8,444,2.231
8,445,0.153
8,446,0.152
8,447,0.153
8,448,0.157
8,449,0.152
8,450,0.152
8,451,0.152
8,452,0.159
8,453,0.153
8,454,0.165
8,455,0.153
8,456,1.098
8,457,0.156
8,458,0.152
8,459,0.155
8,460,0.162
8,461,0.163
8,462,0.176
8,463,0.153
8,464,0.154
8,465,0.153
8,466,0.152
8,467,0.159
8,468,1.193
8,469,0.155
8,470,0.152
8,471,0.165
8,472,0.153
8,473,0.165
8,474,0.157
8,475,0.153
8,476,0.163
8,477,0.153
8,478,0.155
8,479,0.153
8,480,1.526
8,481,0.158
8,482,0.151
8,483,0.153
8,484,0.162
8,485,0.154
8,486,0.153
8,487,0.153
8,488,0.170
8,489,0.153
8,490,0.153
8,491,0.152
8,492,1.179
8,493,0.155
8,494,0.152
8,495,0.153
8,496,0.168
8,497,0.153
8,498,0.152
8,499,0.153
8,500,0.174
8,501,0.154
8,502,0.153
8,503,0.153
8,504,1.268
8,505,0.154
8,506,0.152
8,507,0.152
8,508,0.155
8,509,0.156
8,510,0.152
8,511,0.162
8,512,0.158
8,513,0.153
8,514,0.153
8,515,0.159
8,516,1.416
8,517,0.154
8,518,0.153
8,519,0.152
8,520,0.165
8,521,0.153
8,522,0.158
8,523,0.153
8,524,0.161
8,525,0.153
8,526,0.157
8,527,0.157
8,528,1.267
8,529,0.153
8,530,0.152
8,531,0.153
8,532,0.171
8,533,0.164
8,534,0.152
8,535,0.153
8,536,0.606
8,537,0.153
8,538,0.153
8,539,0.154
8,540,0.910
8,541,0.155
8,542,0.154
8,543,0.152
8,544,0.166
8,545,0.163
8,546,0.171
8,547,0.152
8,548,0.154
8,549,0.155
8,550,0.152
8,551,0.160
8,552,1.127
8,553,0.154
8,554,0.153
8,555,0.153
8,556,0.166
8,557,0.154
8,558,0.152
8,559,0.153
8,560,0.175
8,561,0.154
8,562,0.152
8,563,0.160
8,564,1.275
8,565,0.153
8,566,0.156
8,567,0.156
8,568,0.169
8,569,0.159
8,570,0.156
8,571,0.152
8,572,0.154
8,573,0.153
8,574,0.152
8,575,0.154
8,576,1.454
8,577,0.153
8,578,0.153
8,579,0.153
8,580,0.175
8,581,0.153
8,582,0.174
8,583,0.152
8,584,0.153
8,585,0.153
8,586,0.151
8,587,0.153
8,588,1.013
8,589,0.154
8,590,0.152
8,591,0.167
8,592,0.171
8,593,0.155
8,594,0.152
8,595,0.159
8,596,0.155
8,597,0.154
8,598,0.157
8,599,0.153
8,600,1.059
8,601,0.153
8,602,0.153
8,603,0.160
8,604,0.164
8,605,0.154
8,606,0.156
8,607,0.159
8,608,0.168
8,609,0.154
8,610,0.153
8,611,0.152
8,612,1.012
8,613,0.154
8,614,0.154
8,615,0.164
8,616,0.156
8,617,0.162
8,618,0.153
8,619,0.166
8,620,0.156
8,621,0.155
8,622,0.163
8,623,0.154
8,624,1.021
8,625,0.154
8,626,0.152
8,627,0.153
8,628,0.178
8,629,0.175
8,630,0.159
8,631,0.153
8,632,0.155
8,633,0.153
8,634,0.162
8,635,0.153
8,636,1.150
8,637,0.153
8,638,0.152
8,639,0.164
8,640,0.158
8,641,0.157
8,642,0.160
8,643,0.153
8,644,0.162
8,645,0.154
8,646,0.153
8,647,0.153
8,648,1.554
8,649,0.154
8,650,0.153
8,651,0.153
8,652,0.176
8,653,0.153
8,654,0.153
8,655,0.161
8,656,0.162
8,657,0.152
8,658,0.163
8,659,0.151
8,660,1.578
8,661,0.156
8,662,0.153
8,663,0.153
8,664,0.179
8,665,0.157
8,666,0.153
8,667,0.152
8,668,0.357
8,669,0.154
8,670,0.152
8,671,0.154
8,672,1.159
8,673,0.154
8,674,0.153
8,675,0.157
8,676,0.183
8,677,0.157
8,678,0.152
8,679,0.155
8,680,0.155
8,681,0.153
8,682,0.153
8,683,0.152
8,684,1.464
8,685,0.153
8,686,0.152
8,687,0.153
8,688,0.190
8,689,0.153
8,690,0.157
8,691,0.153
8,692,0.154
8,693,0.162
8,694,0.158
8,695,0.153
8,696,1.276
8,697,0.160
8,698,0.152
8,699,0.155
8,700,0.162
8,701,0.153
8,702,0.153
8,703,0.153
8,704,0.177
8,705,0.154
8,706,0.153
8,707,0.153
8,708,0.871
8,709,0.154
8,710,0.152
8,711,0.154
8,712,0.166
8,713,0.155
8,714,0.159
8,715,0.153
8,716,0.163
8,717,0.155
8,718,0.154
8,719,0.156
8,720,1.616
8,721,0.154
8,722,0.167
8,723,0.153
8,724,0.170
8,725,0.158
8,726,0.153
8,727,0.153
8,728,0.185
8,729,0.153
8,730,0.152
8,731,0.153
8,732,0.977
8,733,0.165
8,734,0.153
8,735,0.154
8,736,0.165
8,737,0.155
8,738,0.153
8,739,0.166
8,740,0.169
8,741,0.153
8,742,0.153
8,743,0.159
8,744,1.295
8,745,0.155
8,746,0.153
8,747,0.153
8,748,0.157
8,749,0.155
8,750,0.161
8,751,0.152
8,752,0.160
8,753,0.154
8,754,0.153
8,755,0.162
8,756,1.256
8,757,0.154
8,758,0.168
8,759,0.153
8,760,0.154
8,761,0.154
8,762,0.156
8,763,0.164
8,764,0.164
8,765,0.155
8,766,0.156
8,767,0.153
8,768,1.248
8,769,0.155
8,770,0.152
8,771,0.160
8,772,0.165
8,773,0.153
8,774,0.164
8,775,0.153
8,776,0.167
8,777,0.153
8,778,0.153
8,779,0.154
8,780,1.128
8,781,0.154
8,782,0.153
8,783,0.166
8,784,0.154
8,785,0.154
8,786,0.161
8,787,0.152
8,788,0.163
8,789,0.154
8,790,0.152
8,791,0.177
8,792,1.429
8,793,0.154
8,794,0.154
8,795,0.166
8,796,0.159
8,797,0.153
8,798,0.154
8,799,0.153
8,800,0.179
8,801,0.153
8,802,0.153
8,803,0.153
8,804,1.058
8,805,0.154
8,806,0.155
8,807,0.155
8,808,0.167
8,809,0.163
8,810,0.154
8,811,0.153
8,812,0.162
8,813,0.154
8,814,0.153
8,815,0.162
8,816,1.251
8,817,0.164
8,818,0.153
8,819,0.153
8,820,0.160
8,821,0.153
8,822,0.162
8,823,0.161
8,824,0.164
8,825,0.157
8,826,0.153
8,827,0.152
8,828,1.179
8,829,0.156
8,830,0.153
8,831,0.153
8,832,0.172
8,833,0.158
8,834,0.156
8,835,0.152
8,836,0.163
8,837,0.154
8,838,0.152
8,839,0.153
8,840,1.095
8,841,0.153
8,842,0.153
8,843,0.153
8,844,0.156
8,845,0.158
8,846,0.153
8,847,0.157
8,848,0.183
8,849,0.155
8,850,0.152
8,851,0.165
8,852,1.106
8,853,0.154
8,854,0.154
8,855,0.154
8,856,0.173
8,857,0.153
8,858,0.153
8,859,0.153
8,860,0.165
8,861,0.154
8,862,0.153
8,863,0.152
8,864,1.281
8,865,0.160
8,866,0.152
8,867,0.154
8,868,0.163
8,869,0.154
8,870,0.152
8,871,0.163
8,872,0.167
8,873,0.153
8,874,0.155
8,875,0.153
8,876,1.292
8,877,0.153
8,878,0.153
8,879,0.160
8,880,0.155
8,881,0.154
8,882,0.153
8,883,0.156
8,884,0.169
8,885,0.154
8,886,0.155
8,887,0.153
8,888,0.937
8,889,0.155
8,890,0.153
8,891,0.153
8,892,0.154
8,893,0.154
8,894,0.153
8,895,0.155
8,896,0.177
8,897,0.155
8,898,0.155
8,899,0.161
8,900,1.225
8,901,0.153
8,902,0.154
8,903,0.152
8,904,0.158
8,905,0.154
8,906,0.153
8,907,0.154
8,908,0.169
8,909,0.153
8,910,0.154
8,911,0.161
8,912,0.975
8,913,0.156
8,914,0.152
8,915,0.153
8,916,0.169
8,917,0.154
8,918,0.178
8,919,0.154
8,920,0.153
8,921,0.156
8,922,0.153
8,923,0.153
8,924,1.698
8,925,0.157
8,926,0.152
8,927,0.154
8,928,0.154
8,929,0.154
8,930,0.152
8,931,0.153
8,932,0.172
8,933,0.162
8,934,0.154
8,935,0.153
8,936,1.128
8,937,0.153
8,938,0.154
8,939,0.153
8,940,0.168
8,941,0.155
8,942,0.160
8,943,0.162
8,944,0.154
8,945,0.154
8,946,0.152
8,947,0.157
8,948,1.316
8,949,0.154
8,950,0.153
8,951,0.153
8,952,0.162
8,953,0.167
8,954,0.159
8,955,0.153
8,956,0.166
8,957,0.156
8,958,0.153
8,959,0.157
8,960,1.455
8,961,0.154
8,962,0.152
8,963,0.153
8,964,0.155
8,965,0.155
8,966,0.152
8,967,0.153
8,968,0.171
8,969,0.153
8,970,0.162
8,971,0.161
8,972,1.365
8,973,0.155
8,974,0.152
8,975,0.152
8,976,0.172
8,977,0.154
8,978,0.153
8,979,0.152
8,980,0.162
8,981,0.153
8,982,0.153
8,983,0.153
8,984,1.505
8,985,0.154
8,986,0.153
8,987,0.153
8,988,0.178
8,989,0.153
8,990,0.167
8,991,0.153
8,992,0.162
8,993,0.156
8,994,0.152
8,995,0.154
8,996,1.189
8,997,0.154
8,998,0.153
8,999,0.155
8,1000,0.158
8,1001,0.154
8,1002,0.152
8,1003,0.154
8,1004,0.178
8,1005,0.153
8,1006,0.154
8,1007,0.167
8,1008,1.127
8,1009,0.154
8,1010,0.164
8,1011,0.166
8,1012,0.155
8,1013,0.155
8,1014,0.152
8,1015,0.153
8,1016,0.154
8,1017,0.168
8,1018,0.162
8,1019,0.155
8,1020,1.155
8,1021,0.156
8,1022,0.154
8,1023,0.152
8,1024,0.186
8,1025,0.154
8,1026,0.153
8,1027,0.174
8,1028,0.162
8,1029,0.153
8,1030,0.154
8,1031,0.154
8,1032,0.991
8,1033,0.158
8,1034,0.153
8,1035,0.153
8,1036,0.159
8,1037,0.153
8,1038,0.153
8,1039,0.153
8,1040,0.167
8,1041,0.153
8,1042,0.152
8,1043,0.153
8,1044,1.579
8,1045,0.155
8,1046,0.153
8,1047,0.154
8,1048,0.170
8,1049,0.153
8,1050,0.186
8,1051,0.152
8,1052,0.153
8,1053,0.154
8,1054,0.153
8,1055,0.153
8,1056,0.950
8,1057,0.153
8,1058,0.154
8,1059,0.157
8,1060,0.155
8,1061,0.154
8,1062,0.153
8,1063,0.154
8,1064,0.178
8,1065,0.154
8,1066,0.153
8,1067,0.153
8,1068,1.170
8,1069,0.154
8,1070,0.153
8,1071,0.155
8,1072,0.159
8,1073,0.167
8,1074,0.156
8,1075,0.152
8,1076,0.177
8,1077,0.163
8,1078,0.152
8,1079,0.154
8,1080,1.053
8,1081,0.154
8,1082,0.152
8,1083,0.153
8,1084,0.158
8,1085,0.154
8,1086,0.152
8,1087,0.153
8,1088,0.166
8,1089,0.159
8,1090,0.152
8,1091,0.153
8,1092,1.121
8,1093,0.154
8,1094,0.153
8,1095,0.154
8,1096,0.156
8,1097,0.162
8,1098,0.154
8,1099,0.153
8,1100,0.156
8,1101,0.153
8,1102,0.158
8,1103,0.153
8,1104,1.384
8,1105,0.153
8,1106,0.160
8,1107,0.154
8,1108,0.166
8,1109,0.154
8,1110,0.162
8,1111,0.152
8,1112,0.159
8,1113,0.153
8,1114,0.153
8,1115,0.153
8,1116,1.100
8,1117,0.161
8,1118,0.153
8,1119,0.152
8,1120,0.156
8,1121,0.163
8,1122,0.152
8,1123,0.152
8,1124,0.163
8,1125,0.154
8,1126,0.152
8,1127,0.154
8,1128,1.395
8,1129,0.153
8,1130,0.154
8,1131,0.153
8,1132,0.161
8,1133,0.157
8,1134,0.152
8,1135,0.152
8,1136,0.158
8,1137,0.153
8,1138,0.152
8,1139,0.159
8,1140,1.209
8,1141,0.153
8,1142,0.152
8,1143,0.153
8,1144,0.166
8,1145,0.153
8,1146,0.152
8,1147,0.153
8,1148,0.166
8,1149,0.154
8,1150,0.161
8,1151,0.153
8,1152,1.297
8,1153,0.154
8,1154,0.162
8,1155,0.167
8,1156,0.154
8,1157,0.165
8,1158,0.152
8,1159,0.152
8,1160,0.154
8,1161,0.152
8,1162,0.164
8,1163,0.157
8,1164,1.121
8,1165,0.153
8,1166,0.153
8,1167,0.154
8,1168,0.184
8,1169,0.164
8,1170,0.163
8,1171,0.171
8,1172,0.154
8,1173,0.154
8,1174,0.162
8,1175,0.154
8,1176,1.027
8,1177,0.154
8,1178,0.154
8,1179,0.172
8,1180,0.160
8,1181,0.154
8,1182,0.153
8,1183,0.159
8,1184,0.158
8,1185,0.154
8,1186,0.166
8,1187,0.162
8,1188,0.994
8,1189,0.154
8,1190,0.153
8,1191,0.162
8,1192,0.155
8,1193,0.152
8,1194,0.153
8,1195,0.154
8,1196,0.164
8,1197,0.154
8,1198,0.153
8,1199,0.153
8,1200,1.145
8,1201,0.153
8,1202,0.154
8,1203,0.152
8,1204,0.156
8,1205,0.153
8,1206,0.153
8,1207,0.153
8,1208,0.164
8,1209,0.154
8,1210,0.153
8,1211,0.152
8,1212,1.200
8,1213,0.154
8,1214,0.152
8,1215,0.167
8,1216,0.165
8,1217,0.155
8,1218,0.154
8,1219,0.154
8,1220,0.172
8,1221,0.155
8,1222,0.153
8,1223,0.153
8,1224,1.118
8,1225,0.170
8,1226,0.153
8,1227,0.153
8,1228,0.155
8,1229,0.154
8,1230,0.152
8,1231,0.153
8,1232,0.196
8,1233,0.154
8,1234,0.154
8,1235,0.157
8,1236,1.065
8,1237,0.154
8,1238,0.158
8,1239,0.154
8,1240,0.155
8,1241,0.157
8,1242,0.161
8,1243,0.154
8,1244,0.165
8,1245,0.158
8,1246,0.152
8,1247,0.152
8,1248,1.282
8,1249,0.154
8,1250,0.152
8,1251,0.153
8,1252,0.171
8,1253,0.154
8,1254,0.153
8,1255,0.152
8,1256,0.172
8,1257,0.154
8,1258,0.152
8,1259,0.152
8,1260,1.330
8,1261,0.154
8,1262,0.155
8,1263,0.152
8,1264,0.162
8,1265,0.154
8,1266,0.152
8,1267,0.152
8,1268,0.163
8,1269,0.152
8,1270,0.153
8,1271,0.160
8,1272,1.018
8,1273,0.155
8,1274,0.154
8,1275,0.152
8,1276,0.165
8,1277,0.154
8,1278,0.153
8,1279,0.163
8,1280,0.155
8,1281,0.153
8,1282,0.154
8,1283,0.153
8,1284,1.158
8,1285,0.153
8,1286,0.154
8,1287,0.164
8,1288,0.160
8,1289,0.154
8,1290,0.156
8,1291,0.152
8,1292,0.154
8,1293,0.154
8,1294,0.165
8,1295,0.152
8,1296,1.097
8,1297,0.154
8,1298,0.152
8,1299,0.153
8,1300,0.165
8,1301,0.153
8,1302,0.153
8,1303,0.161
8,1304,0.155
8,1305,0.153
8,1306,0.160
8,1307,0.152
8,1308,1.119
8,1309,0.154
8,1310,0.152
8,1311,0.159
8,1312,0.186
8,1313,0.154
8,1314,0.153
8,1315,0.160
8,1316,0.168
8,1317,0.154
8,1318,0.153
8,1319,0.165
8,1320,1.195
8,1321,0.154
8,1322,0.153
8,1323,0.153
8,1324,0.156
8,1325,0.163
8,1326,0.153
8,1327,0.153
8,1328,0.157
8,1329,0.154
8,1330,0.160
8,1331,0.153
8,1332,1.356
8,1333,0.154
8,1334,0.152
8,1335,0.153
8,1336,0.165
8,1337,0.153
8,1338,0.163
8,1339,0.152
8,1340,0.162
8,1341,0.154
8,1342,0.162
8,1343,0.153
8,1344,1.337
8,1345,0.153
8,1346,0.154
8,1347,0.160
8,1348,0.156
8,1349,0.154
8,1350,0.154
8,1351,0.153
8,1352,0.168
8,1353,0.154
8,1354,0.153
8,1355,0.160
8,1356,1.070
8,1357,0.154
8,1358,0.152
8,1359,0.153
8,1360,0.169
8,1361,0.154
8,1362,0.160
8,1363,0.152
8,1364,0.165
8,1365,0.154
8,1366,0.153
8,1367,0.152
8,1368,0.970
8,1369,0.154
8,1370,0.153
8,1371,0.154
8,1372,0.176
8,1373,0.154
8,1374,0.152
8,1375,0.155
8,1376,0.154
8,1377,0.154
8,1378,0.161
8,1379,0.161
8,1380,0.935
8,1381,0.153
8,1382,0.154
8,1383,0.153
8,1384,0.155
8,1385,0.156
8,1386,0.153
8,1387,0.153
8,1388,0.163
8,1389,0.155
8,1390,0.161
8,1391,0.158
8,1392,1.077
8,1393,0.156
8,1394,0.152
8,1395,0.153
8,1396,0.164
8,1397,0.153
8,1398,0.153
8,1399,0.153
8,1400,0.154
8,1401,0.158
8,1402,0.153
8,1403,0.161
8,1404,1.835
8,1405,0.155
8,1406,0.153
8,1407,0.160
8,1408,0.174
8,1409,0.164
8,1410,0.152
8,1411,0.153
8,1412,0.156
8,1413,0.163
8,1414,0.154
8,1415,0.152
8,1416,0.989
8,1417,0.161
8,1418,0.152
8,1419,0.153
8,1420,0.153
8,1421,0.154
8,1422,0.154
8,1423,0.166
8,1424,0.154
8,1425,0.158
8,1426,0.154
8,1427,0.153
8,1428,1.081
8,1429,0.153
8,1430,0.153
8,1431,0.153
8,1432,0.172
8,1433,0.154
8,1434,0.152
8,1435,0.153
8,1436,0.160
8,1437,0.155
8,1438,0.164
8,1439,0.153
8,1440,1.019
8,1441,0.153
8,1442,0.154
8,1443,0.153
8,1444,0.164
8,1445,0.162
8,1446,0.153
8,1447,0.152
8,1448,0.162
8,1449,0.154
8,1450,0.153
8,1451,0.152
8,1452,1.306
8,1453,0.155
8,1454,0.153
8,1455,0.153
8,1456,0.161
8,1457,0.168
8,1458,0.154
8,1459,0.153
8,1460,0.153
8,1461,0.164
8,1462,0.168
8,1463,0.153
8,1464,0.917
8,1465,0.155
8,1466,0.153
8,1467,0.162
8,1468,0.157
8,1469,0.154
8,1470,0.153
8,1471,0.152
8,1472,0.160
8,1473,0.161
8,1474,0.164
8,1475,0.153
8,1476,1.146
8,1477,0.153
8,1478,0.154
8,1479,0.153
8,1480,0.169
8,1481,0.153
8,1482,0.153
8,1483,0.152
8,1484,0.169
8,1485,0.159
8,1486,0.162
8,1487,0.153
8,1488,0.913
8,1489,0.155
8,1490,0.154
8,1491,0.156
8,1492,0.178
8,1493,0.170
8,1494,0.153
8,1495,0.152
8,1496,0.161
8,1497,0.154
8,1498,0.164
8,1499,0.160
8,1500,1.342
8,1501,0.156
8,1502,0.154
8,1503,0.154
8,1504,0.166
8,1505,0.171
8,1506,0.152
8,1507,0.164
8,1508,0.156
8,1509,0.154
8,1510,0.157
8,1511,0.153
8,1512,1.108
8,1513,0.154
8,1514,0.153
8,1515,0.154
8,1516,0.173
8,1517,0.154
8,1518,0.162
8,1519,0.152
8,1520,0.166
8,1521,0.161
8,1522,0.161
8,1523,0.153
8,1524,1.035
8,1525,0.154
8,1526,0.154
8,1527,0.154
8,1528,0.162
8,1529,0.154
8,1530,0.160
8,1531,0.152
8,1532,0.166
8,1533,0.153
8,1534,0.160
8,1535,0.154
8,1536,1.215
8,1537,0.155
8,1538,0.153
8,1539,0.155
8,1540,0.153
8,1541,0.157
8,1542,0.161
8,1543,0.152
8,1544,0.165
8,1545,0.154
8,1546,0.153
8,1547,0.175
8,1548,0.974
8,1549,0.154
8,1550,0.153
8,1551,0.182
8,1552,0.162
8,1553,0.154
8,1554,0.169
8,1555,0.160
8,1556,0.156
8,1557,0.153
8,1558,0.152
8,1559,0.153
8,1560,1.033
8,1561,0.153
8,1562,0.154
8,1563,0.156
8,1564,0.163
8,1565,0.154
8,1566,0.154
8,1567,0.154
8,1568,0.180
8,1569,0.154
8,1570,0.152
8,1571,0.159
8,1572,1.177
8,1573,0.155
8,1574,0.155
8,1575,0.152
8,1576,0.163
8,1577,0.170
8,1578,0.159
8,1579,0.152
8,1580,0.155
8,1581,0.154
8,1582,0.166
8,1583,0.153
8,1584,1.098
8,1585,0.154
8,1586,0.153
8,1587,0.153
8,1588,0.156
8,1589,0.153
8,1590,0.153
8,1591,0.164
8,1592,0.164
8,1593,0.153
8,1594,0.155
8,1595,0.154
8,1596,0.901
8,1597,0.153
8,1598,0.152
8,1599,0.153
8,1600,0.165
8,1601,0.154
8,1602,0.168
8,1603,0.156
8,1604,0.162
8,1605,0.153
8,1606,0.153
8,1607,0.152
8,1608,1.118
8,1609,0.153
8,1610,0.154
8,1611,0.153
8,1612,0.179
8,1613,0.154
8,1614,0.153
8,1615,0.178
8,1616,0.154
8,1617,0.172
8,1618,0.154
8,1619,0.154
8,1620,1.231
8,1621,0.158
8,1622,0.162
8,1623,0.155
8,1624,0.156
8,1625,0.154
8,1626,0.153
8,1627,0.163
8,1628,0.162
8,1629,0.154
8,1630,0.152
8,1631,0.153
8,1632,1.034
8,1633,0.154
8,1634,0.154
8,1635,0.154
8,1636,0.160
8,1637,0.168
8,1638,0.154
8,1639,0.164
8,1640,0.168
8,1641,0.161
8,1642,0.162
8,1643,0.153
8,1644,0.951
8,1645,0.155
8,1646,0.153
8,1647,0.153
8,1648,0.160
8,1649,0.188
8,1650,0.153
8,1651,0.152
8,1652,0.167
8,1653,0.159
8,1654,0.152
8,1655,0.159
8,1656,1.093
8,1657,0.155
8,1658,0.153
8,1659,0.153
8,1660,0.158
8,1661,0.154
8,1662,0.153
8,1663,0.153
8,1664,0.160
8,1665,0.157
8,1666,0.152
8,1667,0.163
8,1668,1.179
8,1669,0.154
8,1670,0.154
8,1671,0.153
8,1672,0.180
8,1673,0.155
8,1674,0.154
8,1675,0.175
8,1676,0.155
8,1677,0.154
8,1678,0.157
8,1679,0.162
8,1680,1.131
8,1681,0.155
8,1682,0.153
8,1683,0.153
8,1684,0.190
8,1685,0.162
8,1686,0.154
8,1687,0.153
8,1688,0.166
8,1689,0.155
8,1690,0.168
8,1691,0.161
8,1692,1.091
8,1693,0.154
8,1694,0.153
8,1695,0.154
8,1696,0.156
8,1697,0.155
8,1698,0.153
8,1699,0.153
8,1700,0.154
8,1701,0.154
8,1702,0.153
8,1703,0.153
8,1704,1.404
8,1705,0.161
8,1706,0.152
8,1707,0.153
8,1708,0.157
8,1709,0.168
8,1710,0.153
8,1711,0.154
8,1712,0.155
8,1713,0.154
8,1714,0.161
8,1715,0.163
8,1716,1.035
8,1717,0.156
8,1718,0.153
8,1719,0.154
8,1720,0.157
8,1721,0.155
8,1722,0.157
8,1723,0.153
8,1724,0.175
8,1725,0.154
8,1726,0.166
8,1727,0.153
8,1728,1.027
8,1729,0.154
8,1730,0.154
8,1731,0.153
8,1732,0.156
8,1733,0.154
8,1734,0.167
8,1735,0.154
8,1736,0.155
8,1737,0.153
8,1738,0.154
8,1739,0.159
8,1740,1.400
8,1741,0.154
8,1742,0.153
8,1743,0.152
8,1744,0.167
8,1745,0.167
8,1746,0.156
8,1747,0.155
8,1748,0.163
8,1749,0.157
8,1750,0.152
8,1751,0.166
8,1752,1.131
8,1753,0.154
8,1754,0.153
8,1755,0.153
8,1756,0.161
8,1757,0.154
8,1758,0.154
8,1759,0.155
8,1760,0.168
8,1761,0.154
8,1762,0.167
8,1763,0.152
8,1764,1.114
8,1765,0.154
8,1766,0.166
8,1767,0.163
8,1768,0.163
8,1769,0.155
8,1770,0.165
8,1771,0.153
8,1772,0.171
8,1773,0.166
8,1774,0.163
8,1775,0.153
8,1776,1.091
8,1777,0.154
8,1778,0.167
8,1779,0.152
8,1780,0.179
8,1781,0.153
8,1782,0.175
8,1783,0.153
8,1784,0.154
8,1785,0.153
8,1786,0.153
8,1787,0.163
8,1788,1.085
8,1789,0.172
8,1790,0.163
8,1791,0.153
8,1792,0.164
8,1793,0.153
8,1794,0.162
8,1795,0.166
8,1796,0.155
8,1797,0.154
8,1798,0.164
8,1799,0.153
8,1800,1.009
8,1801,0.158
8,1802,0.152
8,1803,0.153
8,1804,0.180
8,1805,0.153
8,1806,0.170
8,1807,0.153
8,1808,0.154
8,1809,0.154
8,1810,0.153
8,1811,0.162
8,1812,1.153
8,1813,0.154
8,1814,0.165
8,1815,0.153
8,1816,0.155
8,1817,0.155
8,1818,0.153
8,1819,0.152
8,1820,0.174
8,1821,0.153
8,1822,0.154
8,1823,0.167
8,1824,1.044
8,1825,0.154
8,1826,0.153
8,1827,0.153
8,1828,0.169
8,1829,0.153
8,1830,0.153
8,1831,0.153
8,1832,0.165
8,1833,0.154
8,1834,0.154
8,1835,0.153
8,1836,1.094
8,1837,0.154
8,1838,0.152
8,1839,0.153
8,1840,0.157
8,1841,0.153
8,1842,0.153
8,1843,0.152
8,1844,0.165
8,1845,0.163
8,1846,0.153
8,1847,0.162
8,1848,1.058
8,1849,0.154
8,1850,0.153
8,1851,0.153
8,1852,0.162
8,1853,0.157
8,1854,0.153
8,1855,0.153
8,1856,0.165
8,1857,0.158
8,1858,0.153
8,1859,0.153
8,1860,1.124
8,1861,0.156
8,1862,0.152
8,1863,0.154
8,1864,0.172
8,1865,0.155
8,1866,0.152
8,1867,0.153
8,1868,0.172
8,1869,0.154
8,1870,0.167
8,1871,0.167
8,1872,1.041
8,1873,0.156
8,1874,0.153
8,1875,0.153
8,1876,0.181
8,1877,0.157
8,1878,0.153
8,1879,0.153
8,1880,0.167
8,1881,0.162
8,1882,0.157
8,1883,0.153
8,1884,1.060
8,1885,0.154
8,1886,0.153
8,1887,0.152
8,1888,0.161
8,1889,0.154
8,1890,0.152
8,1891,0.152
8,1892,0.165
8,1893,0.156
8,1894,0.152
8,1895,0.153
8,1896,1.796
8,1897,0.154
8,1898,0.153
8,1899,0.159
8,1900,0.161
8,1901,0.160
8,1902,0.160
8,1903,0.153
8,1904,0.171
8,1905,0.154
8,1906,0.153
8,1907,0.153
8,1908,1.282
8,1909,0.156
8,1910,0.154
8,1911,0.154
8,1912,0.159
8,1913,0.164
8,1914,0.152
8,1915,0.153
8,1916,0.164
8,1917,0.155
8,1918,0.167
8,1919,0.153
8,1920,0.959
8,1921,0.154
8,1922,0.153
8,1923,0.154
8,1924,0.163
8,1925,0.154
8,1926,0.153
8,1927,0.170
8,1928,0.167
8,1929,0.153
8,1930,0.180
8,1931,0.153
8,1932,1.174
8,1933,0.153
8,1934,0.153
8,1935,0.153
8,1936,0.155
8,1937,0.167
8,1938,0.153
8,1939,0.156
8,1940,0.163
8,1941,0.155
8,1942,0.155
8,1943,0.152
8,1944,1.055
8,1945,0.156
8,1946,0.163
8,1947,0.153
8,1948,0.155
8,1949,0.156
8,1950,0.155
8,1951,0.157
8,1952,0.168
8,1953,0.154
8,1954,0.153
8,1955,0.153
8,1956,1.080
8,1957,0.154
8,1958,0.153
8,1959,0.152
8,1960,0.156
8,1961,0.153
8,1962,0.162
8,1963,0.168
8,1964,0.154
8,1965,0.158
8,1966,0.154
8,1967,0.170
8,1968,1.011
8,1969,0.154
8,1970,0.162
8,1971,0.153
8,1972,0.158
8,1973,0.155
8,1974,0.154
8,1975,0.154
8,1976,0.167
8,1977,0.162
8,1978,0.152
8,1979,0.153
8,1980,1.223
8,1981,0.154
8,1982,0.152
8,1983,0.153
8,1984,0.175
8,1985,0.153
8,1986,0.152
8,1987,0.152
8,1988,0.160
8,1989,0.154
8,1990,0.154
8,1991,0.173
8,1992,1.873
8,1993,0.154
8,1994,0.152
8,1995,0.153
8,1996,0.167
8,1997,0.153
8,1998,0.158
8,1999,0.156
8,2000,0.169
8,2001,0.153
8,2002,0.153
8,2003,0.152
8,2004,0.936
8,2005,0.153
8,2006,0.154
8,2007,0.154
8,2008,0.165
8,2009,0.160
8,2010,0.159
8,2011,0.153
8,2012,0.155
8,2013,0.154
8,2014,0.153
8,2015,0.153
8,2016,1.266
8,2017,0.154
8,2018,0.165
8,2019,0.152
8,2020,0.155
8,2021,0.153
8,2022,0.157
8,2023,0.153
8,2024,0.156
8,2025,0.154
8,2026,0.160
8,2027,0.153
8,2028,1.247
8,2029,0.173
8,2030,0.154
8,2031,0.160
8,2032,0.178
8,2033,0.154
8,2034,0.153
8,2035,0.153
8,2036,0.164
8,2037,0.153
8,2038,0.153
8,2039,0.154
8,2040,0.947
8,2041,0.154
8,2042,0.154
8,2043,0.153
8,2044,0.165
8,2045,0.154
8,2046,0.166
8,2047,0.157
8,2048,0.156
8,2049,0.154
8,2050,0.154
8,2051,0.152
8,2052,1.119
8,2053,0.154
8,2054,0.154
8,2055,0.152
8,2056,0.157
8,2057,0.154
8,2058,0.152
8,2059,0.160
8,2060,0.165
8,2061,0.155
8,2062,0.153
8,2063,0.153
8,2064,1.173
8,2065,0.154
8,2066,0.152
8,2067,0.154
8,2068,0.164
8,2069,0.156
8,2070,0.154
8,2071,0.154
8,2072,0.172
8,2073,0.154
8,2074,0.154
8,2075,0.156
8,2076,0.914
8,2077,0.170
8,2078,0.153
8,2079,0.154
8,2080,0.155
8,2081,0.155
8,2082,0.154
8,2083,0.153
8,2084,0.172
8,2085,0.155
8,2086,0.159
8,2087,0.153
8,2088,1.303
8,2089,0.155
8,2090,0.159
8,2091,0.152
8,2092,0.155
8,2093,0.153
8,2094,0.152
8,2095,0.153
8,2096,0.170
8,2097,0.154
8,2098,0.155
8,2099,0.152
8,2100,1.282
8,2101,0.153
8,2102,0.153
8,2103,0.152
8,2104,0.155
8,2105,0.153
8,2106,0.152
8,2107,0.153
8,2108,0.171
8,2109,0.154
8,2110,0.160
8,2111,0.169
8,2112,1.116
8,2113,0.155
8,2114,0.154
8,2115,0.153
8,2116,0.156
8,2117,0.161
8,2118,0.152
8,2119,0.154
8,2120,0.177
8,2121,0.164
8,2122,0.153
8,2123,0.165
8,2124,1.073
8,2125,0.156
8,2126,0.153
8,2127,0.160
8,2128,0.155
8,2129,0.155
8,2130,0.153
8,2131,0.152
8,2132,0.184
8,2133,0.154
8,2134,0.155
8,2135,0.153
8,2136,1.144
8,2137,0.154
8,2138,0.153
8,2139,0.154
8,2140,0.163
8,2141,0.155
8,2142,0.154
8,2143,0.163
8,2144,0.180
8,2145,0.154
8,2146,0.153
8,2147,0.154
8,2148,1.102
8,2149,0.153
8,2150,0.153
8,2151,0.164
8,2152,0.158
8,2153,0.155
8,2154,0.154
8,2155,0.158
8,2156,0.178
8,2157,0.156
8,2158,0.158
8,2159,0.153
8,2160,1.140
8,2161,0.154
8,2162,0.152
8,2163,0.153
8,2164,0.158
8,2165,0.156
8,2166,0.154
8,2167,0.153
8,2168,0.171
8,2169,0.154
8,2170,0.153
8,2171,0.153
8,2172,1.101
8,2173,0.155
8,2174,0.153
8,2175,0.153
8,2176,0.180
8,2177,0.156
8,2178,0.155
8,2179,0.190
8,2180,0.154
8,2181,0.160
8,2182,0.156
8,2183,0.160
8,2184,1.075
8,2185,0.153
8,2186,0.152
8,2187,0.153
8,2188,0.179
8,2189,0.154
8,2190,0.165
8,2191,0.158
8,2192,0.155
8,2193,0.159
8,2194,0.154
8,2195,0.159
8,2196,1.042
8,2197,0.154
8,2198,0.153
8,2199,0.154
8,2200,0.162
8,2201,0.155
8,2202,0.163
8,2203,0.164
8,2204,0.166
8,2205,0.153
8,2206,0.154
8,2207,0.153
8,2208,1.208
8,2209,0.154
8,2210,0.153
8,2211,0.153
8,2212,0.177
8,2213,0.153
8,2214,0.162
8,2215,0.152
8,2216,0.169
8,2217,0.152
8,2218,0.153
8,2219,0.152
8,2220,1.537
8,2221,0.153
8,2222,0.153
8,2223,0.152
8,2224,0.181
8,2225,0.152
8,2226,0.153
8,2227,0.155
8,2228,0.170
8,2229,0.153
8,2230,0.152
8,2231,0.152
8,2232,0.956
8,2233,0.155
8,2234,0.152
8,2235,0.153
8,2236,0.169
8,2237,0.165
8,2238,0.154
8,2239,0.153
8,2240,0.155
8,2241,0.165
8,2242,0.153
8,2243,0.154
8,2244,1.076
8,2245,0.156
8,2246,0.153
8,2247,0.153
8,2248,0.156
8,2249,0.170
8,2250,0.152
8,2251,0.157
8,2252,0.154
8,2253,0.154
8,2254,0.152
8,2255,0.155
8,2256,0.982
8,2257,0.154
8,2258,0.153
8,2259,0.153
8,2260,0.156
8,2261,0.154
8,2262,0.154
8,2263,0.152
8,2264,0.179
8,2265,0.153
8,2266,0.152
8,2267,0.153
8,2268,1.393
8,2269,0.161
8,2270,0.154
8,2271,0.153
8,2272,0.169
8,2273,0.163
8,2274,0.164
8,2275,0.157
8,2276,0.155
8,2277,0.172
8,2278,0.161
8,2279,0.154
8,2280,1.041
8,2281,0.154
8,2282,0.153
8,2283,0.152
8,2284,0.169
8,2285,0.154
8,2286,0.153
8,2287,0.169
8,2288,0.164
8,2289,0.155
8,2290,0.164
8,2291,0.154
8,2292,0.911
8,2293,0.154
8,2294,0.153
8,2295,0.154
8,2296,0.158
8,2297,0.153
8,2298,0.153
8,2299,0.156
8,2300,0.160
8,2301,0.154
8,2302,0.159
8,2303,0.156
8,2304,1.222
8,2305,0.155
8,2306,0.152
8,2307,0.163
8,2308,0.162
8,2309,0.154
8,2310,0.166
8,2311,0.153
8,2312,0.162
8,2313,0.154
8,2314,0.153
8,2315,0.152
8,2316,1.129
8,2317,0.153
8,2318,0.155
8,2319,0.153
8,2320,0.168
8,2321,0.154
8,2322,0.152
8,2323,0.153
8,2324,0.175
8,2325,0.154
8,2326,0.156
8,2327,0.155
8,2328,1.032
8,2329,0.155
8,2330,0.157
8,2331,0.155
8,2332,0.161
8,2333,0.153
8,2334,0.153
8,2335,0.153
8,2336,0.164
8,2337,0.154
8,2338,0.160
8,2339,0.153
8,2340,1.154
8,2341,0.171
8,2342,0.154
8,2343,0.153
8,2344,0.154
8,2345,0.154
8,2346,0.152
8,2347,0.154
8,2348,0.179
8,2349,0.154
8,2350,0.164
8,2351,0.156
8,2352,1.064
8,2353,0.153
8,2354,0.152
8,2355,0.159
8,2356,0.177
8,2357,0.156
8,2358,0.164
8,2359,0.153
8,2360,0.162
8,2361,0.160
8,2362,0.152
8,2363,0.153
8,2364,1.150
8,2365,0.156
8,2366,0.155
8,2367,0.154
8,2368,0.167
8,2369,0.155
8,2370,0.164
8,2371,0.169
8,2372,0.154
8,2373,0.153
8,2374,0.165
8,2375,0.156
8,2376,1.022
8,2377,0.156
8,2378,0.154
8,2379,0.154
8,2380,0.165
8,2381,0.163
8,2382,0.157
8,2383,0.154
8,2384,0.161
8,2385,0.158
8,2386,0.153
8,2387,0.156
8,2388,1.699
8,2389,0.154
8,2390,0.175
8,2391,0.154
8,2392,0.155
8,2393,0.153
8,2394,0.152
8,2395,0.153
8,2396,0.159
8,2397,0.154
8,2398,0.168
8,2399,0.153
8,2400,1.129
8,2401,0.158
8,2402,0.162
8,2403,0.172
8,2404,0.155
8,2405,0.154
8,2406,0.153
8,2407,0.154
8,2408,0.165
8,2409,0.153
8,2410,0.159
8,2411,0.161
8,2412,1.196
8,2413,0.161
8,2414,0.154
8,2415,0.152
8,2416,0.161
8,2417,0.154
8,2418,0.153
8,2419,0.152
8,2420,0.167
8,2421,0.154
8,2422,0.172
8,2423,0.153
8,2424,0.752
8,2425,0.153
8,2426,0.153
8,2427,0.153
8,2428,0.154
8,2429,0.153
8,2430,0.153
8,2431,0.185
8,2432,0.162
8,2433,0.159
8,2434,0.162
8,2435,0.154
8,2436,2.071
8,2437,0.153
8,2438,0.152
8,2439,0.153
8,2440,0.155
8,2441,0.153
8,2442,0.153
8,2443,0.153
8,2444,0.165
8,2445,0.153
8,2446,0.155
8,2447,0.154
8,2448,1.073
8,2449,0.163
8,2450,0.153
8,2451,0.153
8,2452,0.154
8,2453,0.154
8,2454,0.164
8,2455,0.152
8,2456,0.155
8,2457,0.154
8,2458,0.153
8,2459,0.172
8,2460,0.902
8,2461,0.153
8,2462,0.153
8,2463,0.154
8,2464,0.182
8,2465,0.153
8,2466,0.153
8,2467,0.152
8,2468,0.168
8,2469,0.153
8,2470,0.162
8,2471,0.155
8,2472,1.162
8,2473,0.155
8,2474,0.152
8,2475,0.153
8,2476,0.163
8,2477,0.154
8,2478,0.154
8,2479,0.152
8,2480,0.181
8,2481,0.164
8,2482,0.153
8,2483,0.163
8,2484,1.326
8,2485,0.156
8,2486,0.153
8,2487,0.156
8,2488,0.165
8,2489,0.155
8,2490,0.163
8,2491,0.165
8,2492,0.154
8,2493,0.161
8,2494,0.161
8,2495,0.153
8,2496,1.189
8,2497,0.164
8,2498,0.162
8,2499,0.153
8,2500,0.155
9,2,0.584
9,3,0.154
9,4,0.155
9,5,0.172
9,6,0.153
9,7,0.153
9,8,0.155
9,9,0.155
9,10,0.154
9,11,0.160
9,12,1.184
9,13,0.154
9,14,0.190
9,15,0.153
9,16,0.162
9,17,0.155
9,18,0.152
9,19,0.154
9,20,0.154
9,21,0.153
9,22,0.153
9,23,0.155
9,24,1.288
9,25,0.155
9,26,0.153
9,27,0.152
9,28,0.155
9,29,0.153
9,30,0.154
9,31,0.154
9,32,0.164
9,33,0.153
9,34,0.161
9,35,0.161
9,36,0.997
9,37,0.153
9,38,0.153
9,39,0.153
9,40,0.155
9,41,0.155
9,42,0.153
9,43,0.153
9,44,0.154
9,45,0.153
9,46,0.154
9,47,0.167
9,48,1.745
9,49,0.156
9,50,0.154
9,51,0.153
9,52,0.155
9,53,0.156
9,54,0.152
9,55,0.153
9,56,0.198
9,57,0.165
9,58,0.153
9,59,0.153
9,60,1.038
9,61,0.153
9,62,0.153
9,63,0.153
9,64,0.156
9,65,0.153
9,66,0.152
9,67,0.161
9,68,0.153
9,69,0.154
9,70,0.153
9,71,0.176
9,72,1.212
9,73,0.153
9,74,0.153
9,75,0.153
9,76,0.156
9,77,0.167
9,78,0.154
9,79,0.155
9,80,0.154
9,81,0.167
9,82,0.153
9,83,0.153
9,84,1.394
9,85,0.154
9,86,0.154
9,87,0.153
9,88,0.163
9,89,0.154
9,90,0.156
9,91,0.158
9,92,0.160
9,93,0.157
9,94,0.153
9,95,0.153
9,96,1.126
9,97,0.154
9,98,0.153
9,99,0.153
9,100,0.167
9,101,0.162
9,102,0.152
9,103,0.153
9,104,0.176
9,105,0.154
9,106,0.163
9,107,0.153
9,108,1.203
9,109,0.154
9,110,0.157
9,111,0.153
9,112,0.158
9,113,0.169
9,114,0.153
9,115,0.167
9,116,0.471
9,117,0.154
9,118,0.157
9,119,0.153
9,120,0.910
9,121,0.153
9,122,0.153
9,123,0.153
9,124,0.160
9,125,0.154
9,126,0.153
9,127,0.152
9,128,0.537
9,129,0.157
9,130,0.154
9,131,0.152
9,132,1.037
9,133,0.159
9,134,0.161
9,135,0.153
9,136,0.162
9,137,0.154
9,138,0.153
9,139,0.155
9,140,0.495
9,141,0.154
9,142,0.153
9,143,0.154
9,144,0.809
9,145,0.160
9,146,0.153
9,147,0.153
9,148,0.161
9,149,0.165
9,150,0.162
9,151,0.153
9,152,0.415
9,153,0.166
9,154,0.154
9,155,0.153
9,156,0.917
9,157,0.153
9,158,0.170
9,159,0.152
9,160,0.162
9,161,0.153
9,162,0.164
9,163,0.153
9,164,0.389
9,165,0.154
9,166,0.153
9,167,0.153
9,168,1.058
9,169,0.155
9,170,0.170
9,171,0.153
9,172,0.153
9,173,0.169
9,174,0.153
9,175,0.152
9,176,0.246
9,177,0.153
9,178,0.153
9,179,0.153
9,180,1.061
9,181,0.170
9,182,0.182
9,183,0.152
9,184,0.156
9,185,0.161
9,186,0.153
9,187,0.153
9,188,0.280
9,189,0.163
9,190,0.154
9,191,0.160
9,192,1.017
9,193,0.161
9,194,0.157
9,195,0.153
9,196,0.188
9,197,0.153
9,198,0.153
9,199,0.152
9,200,0.180
9,201,0.153
9,202,0.153
9,203,0.152
9,204,1.115
9,205,0.153
9,206,0.153
9,207,0.164
9,208,0.472
9,209,0.154
9,210,0.164
9,211,0.163
9,212,0.154
9,213,0.154
9,214,0.153
9,215,0.153
9,216,1.130
9,217,0.154
9,218,0.157
9,219,0.155
9,220,0.155
9,221,0.154
9,222,0.153
9,223,0.153
9,224,0.160
9,225,0.164
9,226,0.153
9,227,0.153
9,228,1.208
9,229,0.153
9,230,0.153
9,231,0.165
9,232,0.164
9,233,0.157
9,234,0.152
9,235,0.152
9,236,0.170
9,237,0.154
9,238,0.153
9,239,0.167
9,240,1.401
9,241,0.160
9,242,0.153
9,243,0.165
9,244,0.154
9,245,0.153
9,246,0.174
9,247,0.160
9,248,0.155
9,249,0.154
9,250,0.154
9,251,0.152
9,252,0.776
9,253,0.153
9,254,0.154
9,255,0.154
9,256,0.182
9,257,0.154
9,258,0.171
9,259,0.158
9,260,0.154
9,261,0.154
9,262,0.153
9,263,0.153
9,264,1.107
9,265,0.154
9,266,0.153
9,267,0.158
9,268,0.168
9,269,0.154
9,270,0.158
9,271,0.153
9,272,0.165
9,273,0.155
9,274,0.152
9,275,0.154
9,276,1.107
9,277,0.155
9,278,0.153
9,279,0.153
9,280,0.823
9,281,0.154
9,282,0.153
9,283,0.153
9,284,0.155
9,285,0.153
9,286,0.160
9,287,0.152
9,288,0.457
9,289,0.154
9,290,0.154
9,291,0.153
9,292,0.426
9,293,0.158
9,294,0.153
9,295,0.152
9,296,0.156
9,297,0.153
9,298,0.153
9,299,0.154
9,300,0.840
9,301,0.154
9,302,0.153
9,303,0.153
9,304,0.454
9,305,0.156
9,306,0.165
9,307,0.154
9,308,0.154
9,309,0.155
9,310,0.152
9,311,0.182
9,312,0.867
9,313,0.167
9,314,0.153
9,315,0.161
9,316,0.542
9,317,0.154
9,318,0.154
9,319,0.153
9,320,0.163
9,321,0.162
9,322,0.153
9,323,0.162
9,324,0.782
9,325,0.154
9,326,0.153
9,327,0.154
9,328,0.717
9,329,0.154
9,330,0.153
9,331,0.153
9,332,0.160
9,333,0.154
9,334,0.152
9,335,0.153
9,336,0.555
9,337,0.153
9,338,0.153
9,339,0.152
9,340,1.082
9,341,0.157
9,342,0.160
9,343,0.153
9,344,0.163
9,345,0.153
9,346,0.153
9,347,0.152
9,348,0.377
9,349,0.154
9,350,0.153
9,351,0.155
9,352,0.948
9,353,0.153
9,354,0.152
9,355,0.155
9,356,0.156
9,357,0.155
9,358,0.153
9,359,0.152
9,360,0.254
9,361,0.154
9,362,0.153
9,363,0.153
9,364,0.977
9,365,0.167
9,366,0.152
9,367,0.153
9,368,0.157
9,369,0.154
9,370,0.154
9,371,0.152
9,372,0.440
9,373,0.154
9,374,0.153
9,375,0.153
9,376,1.049
9,377,0.164
9,378,0.152
9,379,0.153
9,380,0.162
9,381,0.153
9,382,0.153
9,383,0.158
9,384,0.387
9,385,0.154
9,386,0.165
9,387,0.153
9,388,1.077
9,389,0.154
9,390,0.153
9,391,0.159
9,392,0.164
9,393,0.153
9,394,0.153
9,395,0.153
9,396,0.170
9,397,0.154
9,398,0.152
9,399,0.156
9,400,1.170
9,401,0.158
9,402,0.152
9,403,0.153
9,404,0.174
9,405,0.159
9,406,0.155
9,407,0.153
9,408,0.175
9,409,0.161
9,410,0.152
9,411,0.153
9,412,1.040
9,413,0.163
9,414,0.152
9,415,0.153
9,416,0.161
9,417,0.162
9,418,0.153
9,419,0.152
9,420,0.165
9,421,0.157
9,422,0.155
9,423,0.153
9,424,1.028
9,425,0.163
9,426,0.153
9,427,0.155
9,428,0.165
9,429,0.153
9,430,0.153
9,431,0.153
9,432,0.387
9,433,0.154
9,434,0.161
9,435,0.165
9,436,0.773
9,437,0.172
9,438,0.153
9,439,0.160
9,440,0.154
9,441,0.153
9,442,0.153
9,443,0.156
9,444,0.167
9,445,0.154
9,446,0.153
9,447,0.153
9,448,1.310
9,449,0.156
9,450,0.152
9,451,0.154
9,452,0.166
9,453,0.154
9,454,0.152
9,455,0.153
9,456,0.648
9,457,0.155
9,458,0.157
9,459,0.168
9,460,1.095
9,461,0.153
9,462,0.153
9,463,0.154
9,464,0.162
9,465,0.153
9,466,0.153
9,467,0.153
9,468,0.227
9,469,0.154
9,470,0.161
9,471,0.160
9,472,1.379
9,473,0.156
9,474,0.154
9,475,0.153
9,476,0.181
9,477,0.163
9,478,0.153
9,479,0.152
9,480,0.154
9,481,0.155
9,482,0.153
9,483,0.160
9,484,1.304
9,485,0.154
9,486,0.153
9,487,0.165
9,488,0.161
9,489,0.154
9,490,0.153
9,491,0.152
9,492,0.162
9,493,0.158
9,494,0.153
9,495,0.160
9,496,1.315
9,497,0.154
9,498,0.153
9,499,0.152
9,500,0.163
9,501,0.153
9,502,0.152
9,503,0.154
9,504,0.155
9,505,0.153
9,506,0.153
9,507,0.153
9,508,1.130
9,509,0.154
9,510,0.162
9,511,0.153
9,512,0.192
9,513,0.155
9,514,0.152
9,515,0.165
9,516,0.154
9,517,0.154
9,518,0.153
9,519,0.161
9,520,1.093
9,521,0.154
9,522,0.153
9,523,0.158
9,524,0.163
9,525,0.167
9,526,0.153
9,527,0.162
9,528,0.154
9,529,0.153
9,530,0.156
9,531,0.156
9,532,1.455
9,533,0.164
9,534,0.153
9,535,0.154
9,536,0.157
9,537,0.153
9,538,0.154
9,539,0.152
9,540,0.167
9,541,0.154
9,542,0.153
9,543,0.152
9,544,1.593
9,545,0.165
9,546,0.164
9,547,0.162
9,548,0.153
9,549,0.155
9,550,0.152
9,551,0.154
9,552,0.163
9,553,0.157
9,554,0.153
9,555,0.152
9,556,0.787
9,557,0.154
9,558,0.153
9,559,0.166
9,560,0.154
9,561,0.161
9,562,0.152
9,563,0.154
9,564,0.159
9,565,0.153
9,566,0.153
9,567,0.154
9,568,1.152
9,569,0.154
9,570,0.152
9,571,0.153
9,572,0.161
9,573,0.153
9,574,0.153
9,575,0.159
9,576,0.154
9,577,0.155
9,578,0.152
9,579,0.153
9,580,1.680
9,581,0.157
9,582,0.152
9,583,0.152
9,584,0.162
9,585,0.163
9,586,0.152
9,587,0.153
9,588,0.153
9,589,0.154
9,590,0.153
9,591,0.154
9,592,1.533
9,593,0.154
9,594,0.153
9,595,0.152
9,596,0.610
9,597,0.156
9,598,0.153
9,599,0.160
9,600,0.445
9,601,0.154
9,602,0.153
9,603,0.153
9,604,0.440
9,605,0.155
9,606,0.161
9,607,0.158
9,608,0.154
9,609,0.154
9,610,0.157
9,611,0.154
9,612,0.171
9,613,0.155
9,614,0.168
9,615,0.153
9,616,1.359
9,617,0.154
9,618,0.152
9,619,0.153
9,620,0.190
9,621,0.154
9,622,0.152
9,623,0.153
9,624,0.166
9,625,0.163
9,626,0.153
9,627,0.152
9,628,1.449
9,629,0.157
9,630,0.154
9,631,0.152
9,632,0.160
9,633,0.156
9,634,0.169
9,635,0.169
9,636,0.336
9,637,0.153
9,638,0.154
9,639,0.153
9,640,0.987
9,641,0.154
9,642,0.159
9,643,0.163
9,644,0.153
9,645,0.154
9,646,0.152
9,647,0.363
9,648,0.155
9,649,0.154
9,650,0.154
9,651,0.161
9,652,0.981
9,653,0.155
9,654,0.152
9,655,0.153
9,656,0.179
9,657,0.153
9,658,0.163
9,659,0.159
9,660,0.153
9,661,0.155
9,662,0.152
9,663,0.153
9,664,1.449
9,665,0.153
9,666,0.152
9,667,0.153
9,668,0.158
9,669,0.153
9,670,0.153
9,671,0.152
9,672,0.175
9,673,0.154
9,674,0.153
9,675,0.153
9,676,1.600
9,677,0.163
9,678,0.153
9,679,0.153
9,680,0.179
9,681,0.154
9,682,0.166
9,683,0.153
9,684,0.156
9,685,0.155
9,686,0.154
9,687,0.153
9,688,1.046
9,689,0.153
9,690,0.172
9,691,0.153
9,692,0.154
9,693,0.153
9,694,0.155
9,695,0.153
9,696,0.173
9,697,0.155
9,698,0.153
9,699,0.165
9,700,1.481
9,701,0.153
9,702,0.169
9,703,0.153
9,704,0.156
9,705,0.154
9,706,0.153
9,707,0.153
9,708,0.158
9,709,0.154
9,710,0.158
9,711,0.152
9,712,1.291
9,713,0.154
9,714,0.160
9,715,0.157
9,716,0.161
9,717,0.156
9,718,0.152
9,719,0.154
9,720,0.159
9,721,0.153
9,722,0.153
9,723,0.155
9,724,0.985
9,725,0.158
9,726,0.153
9,727,0.155
9,728,0.175
9,729,0.153
9,730,0.154
9,731,0.154
9,732,0.169
9,733,0.155
9,734,0.153
9,735,0.154
9,736,1.228
9,737,0.153
9,738,0.152
9,739,0.153
9,740,0.171
9,741,0.154
9,742,0.152
9,743,0.153
9,744,0.166
9,745,0.154
9,746,0.159
9,747,0.153
9,748,1.182
9,749,0.153
9,750,0.154
9,751,0.153
9,752,0.178
9,753,0.156
9,754,0.153
9,755,0.152
9,756,0.191
9,757,0.153
9,758,0.153
9,759,0.155
9,760,1.012
9,761,0.154
9,762,0.153
9,763,0.154
9,764,0.169
9,765,0.155
9,766,0.158
9,767,0.155
9,768,0.159
9,769,0.165
9,770,0.164
9,771,0.160
9,772,1.209
9,773,0.158
9,774,0.166
9,775,0.153
9,776,0.159
9,777,0.154
9,778,0.154
9,779,0.167
9,780,0.154
9,781,0.155
9,782,0.153
9,783,0.164
9,784,1.019
9,785,0.154
9,786,0.153
9,787,0.155
9,788,0.180
9,789,0.155
9,790,0.155
9,791,0.154
9,792,0.171
9,793,0.174
9,794,0.155
9,795,0.153
9,796,1.240
9,797,0.155
9,798,0.153
9,799,0.162
9,800,0.166
9,801,0.156
9,802,0.165
9,803,0.153
9,804,0.164
9,805,0.155
9,806,0.164
9,807,0.153
9,808,1.057
9,809,0.154
9,810,0.153
9,811,0.154
9,812,0.168
9,813,0.155
9,814,0.153
9,815,0.154
9,816,0.165
9,817,0.154
9,818,0.166
9,819,0.153
9,820,1.245
9,821,0.154
9,822,0.152
9,823,0.153
9,824,0.164
9,825,0.153
9,826,0.162
9,827,0.153
9,828,0.166
9,829,0.154
9,830,0.153
9,831,0.153
9,832,1.089
9,833,0.154
9,834,0.153
9,835,0.161
9,836,0.154
9,837,0.171
9,838,0.169
9,839,0.152
9,840,0.154
9,841,0.155
9,842,0.155
9,843,0.155
9,844,1.172
9,845,0.155
9,846,0.163
9,847,0.153
9,848,0.166
9,849,0.165
9,850,0.152
9,851,0.154
9,852,0.174
9,853,0.154
9,854,0.152
9,855,0.157
9,856,1.088
9,857,0.163
9,858,0.152
9,859,0.159
9,860,0.153
9,861,0.154
9,862,0.153
9,863,0.153
9,864,0.181
9,865,0.154
9,866,0.163
9,867,0.162
9,868,1.124
9,869,0.153
9,870,0.158
9,871,0.168
9,872,0.156
9,873,0.153
9,874,0.153
9,875,0.160
9,876,0.158
9,877,0.161
9,878,0.153
9,879,0.154
9,880,1.185
9,881,0.155
9,882,0.152
9,883,0.161
9,884,0.167
9,885,0.154
9,886,0.153
9,887,0.161
9,888,0.169
9,889,0.154
9,890,0.153
9,891,0.158
9,892,1.038
9,893,0.160
9,894,0.161
9,895,0.165
9,896,0.163
9,897,0.154
9,898,0.153
9,899,0.168
9,900,0.161
9,901,0.154
9,902,0.153
9,903,0.153
9,904,1.002
9,905,0.166
9,906,0.153
9,907,0.153
9,908,0.159
9,909,0.154
9,910,0.154
9,911,0.153
9,912,0.158
9,913,0.155
9,914,0.153
9,915,0.153
9,916,1.109
9,917,0.154
9,918,0.153
9,919,0.165
9,920,0.155
9,921,0.155
9,922,0.153
9,923,0.153
9,924,0.184
9,925,0.154
9,926,0.153
9,927,0.166
9,928,1.273
9,929,0.164
9,930,0.152
9,931,0.153
9,932,0.158
9,933,0.154
9,934,0.155
9,935,0.152
9,936,0.165
9,937,0.153
9,938,0.153
9,939,0.154
9,940,1.111
9,941,0.158
9,942,0.152
9,943,0.153
9,944,0.183
9,945,0.156
9,946,0.154
9,947,0.155
9,948,0.168
9,949,0.154
9,950,0.178
9,951,0.153
9,952,1.414
9,953,0.155
9,954,0.155
9,955,0.155
9,956,0.171
9,957,0.168
9,958,0.153
9,959,0.154
9,960,0.157
9,961,0.154
9,962,0.166
9,963,0.153
9,964,0.735
9,965,0.155
9,966,0.152
9,967,0.153
9,968,0.155
9,969,0.182
9,970,0.153
9,971,0.155
9,972,0.159
9,973,0.175
9,974,0.159
9,975,0.155
9,976,1.696
9,977,0.154
9,978,0.152
9,979,0.153
9,980,0.162
9,981,0.161
9,982,0.152
9,983,0.161
9,984,0.153
9,985,0.153
9,986,0.177
9,987,0.154
9,988,0.990
9,989,0.153
9,990,0.154
9,991,0.153
9,992,0.161
9,993,0.154
9,994,0.153
9,995,0.159
9,996,0.195
9,997,0.153
9,998,0.154
9,999,0.153
9,1000,1.272
9,1001,0.153
9,1002,0.153
9,1003,0.156
9,1004,0.174
9,1005,0.164
9,1006,0.152
9,1007,0.154
9,1008,0.168
9,1009,0.154
9,1010,0.152
9,1011,0.154
9,1012,1.566
9,1013,0.154
9,1014,0.152
9,1015,0.154
9,1016,0.160
9,1017,0.153
9,1018,0.152
9,1019,0.152
9,1020,0.162
9,1021,0.153
9,1022,0.152
9,1023,0.154
9,1024,1.156
9,1025,0.170
9,1026,0.153
9,1027,0.152
9,1028,0.154
9,1029,0.156
9,1030,0.153
9,1031,0.153
9,1032,0.176
9,1033,0.170
9,1034,0.152
9,1035,0.154
9,1036,1.053
9,1037,0.153
9,1038,0.155
9,1039,0.153
9,1040,0.167
9,1041,0.160
9,1042,0.152
9,1043,0.153
9,1044,0.176
9,1045,0.153
9,1046,0.155
9,1047,0.153
9,1048,1.631
9,1049,0.154
9,1050,0.152
9,1051,0.153
9,1052,0.182
9,1053,0.153
9,1054,0.153
9,1055,0.152
9,1056,0.163
9,1057,0.154
9,1058,0.153
9,1059,0.154
9,1060,0.982
9,1061,0.153
9,1062,0.153
9,1063,0.153
9,1064,0.175
9,1065,0.154
9,1066,0.157
9,1067,0.153
9,1068,0.197
9,1069,0.153
9,1070,0.154
9,1071,0.153
9,1072,1.071
9,1073,0.153
9,1074,0.153
9,1075,0.152
9,1076,0.168
9,1077,0.153
9,1078,0.153
9,1079,0.152
9,1080,0.172
9,1081,0.153
9,1082,0.162
9,1083,0.152
9,1084,1.449
9,1085,0.153
9,1086,0.152
9,1087,0.153
9,1088,0.167
9,1089,0.166
9,1090,0.152
9,1091,0.153
9,1092,0.171
9,1093,0.153
9,1094,0.153
9,1095,0.158
9,1096,1.038
9,1097,0.154
9,1098,0.153
9,1099,0.152
9,1100,0.164
9,1101,0.153
9,1102,0.154
9,1103,0.153
9,1104,0.169
9,1105,0.156
9,1106,0.153
9,1107,0.152
9,1108,1.376
9,1109,0.153
9,1110,0.153
9,1111,0.152
9,1112,0.175
9,1113,0.153
9,1114,0.153
9,1115,0.152
9,1116,0.179
9,1117,0.155
9,1118,0.153
9,1119,0.158
9,1120,1.515
9,1121,0.154
9,1122,0.152
9,1123,0.153
9,1124,0.172
9,1125,0.155
9,1126,0.153
9,1127,0.165
9,1128,0.164
9,1129,0.166
9,1130,0.154
9,1131,0.153
9,1132,1.016
9,1133,0.158
9,1134,0.154
9,1135,0.165
9,1136,0.155
9,1137,0.155
9,1138,0.153
9,1139,0.153
9,1140,0.183
9,1141,0.155
9,1142,0.154
9,1143,0.153
9,1144,1.004
9,1145,0.154
9,1146,0.152
9,1147,0.153
9,1148,0.172
9,1149,0.154
9,1150,0.153
9,1151,0.153
9,1152,0.169
9,1153,0.164
9,1154,0.167
9,1155,0.153
9,1156,1.064
9,1157,0.155
9,1158,0.164
9,1159,0.154
9,1160,0.154
9,1161,0.157
9,1162,0.153
9,1163,0.170
9,1164,0.173
9,1165,0.153
9,1166,0.154
9,1167,0.153
9,1168,1.045
9,1169,0.155
9,1170,0.159
9,1171,0.153
9,1172,0.189
9,1173,0.172
9,1174,0.166
9,1175,0.160
9,1176,0.155
9,1177,0.154
9,1178,0.154
9,1179,0.154
9,1180,1.163
9,1181,0.154
9,1182,0.152
9,1183,0.154
9,1184,0.165
9,1185,0.156
9,1186,0.152
9,1187,0.153
9,1188,0.159
9,1189,0.154
9,1190,0.153
9,1191,0.164
9,1192,1.228
9,1193,0.154
9,1194,0.155
9,1195,0.152
9,1196,0.159
9,1197,0.173
9,1198,0.163
9,1199,0.154
9,1200,0.154
9,1201,0.156
9,1202,0.153
9,1203,0.154
9,1204,1.347
9,1205,0.162
9,1206,0.166
9,1207,0.153
9,1208,0.171
9,1209,0.159
9,1210,0.152
9,1211,0.154
9,1212,0.161
9,1213,0.153
9,1214,0.152
9,1215,0.153
9,1216,1.283
9,1217,0.154
9,1218,0.153
9,1219,0.153
9,1220,0.184
9,1221,0.154
9,1222,0.153
9,1223,0.159
9,1224,0.156
9,1225,0.154
9,1226,0.163
9,1227,0.152
9,1228,1.154
9,1229,0.153
9,1230,0.160
9,1231,0.154
9,1232,0.155
9,1233,0.154
9,1234,0.152
9,1235,0.153
9,1236,0.170
9,1237,0.163
9,1238,0.162
9,1239,0.155
9,1240,1.565
9,1241,0.153
9,1242,0.152
9,1243,0.156
9,1244,0.159
9,1245,0.167
9,1246,0.153
9,1247,0.152
9,1248,0.195
9,1249,0.159
9,1250,0.152
9,1251,0.153
9,1252,0.867
9,1253,0.155
9,1254,0.152
9,1255,0.153
9,1256,0.162
9,1257,0.166
9,1258,0.154
9,1259,0.162
9,1260,0.156
9,1261,0.159
9,1262,0.152
9,1263,0.163
9,1264,1.009
9,1265,0.156
9,1266,0.153
9,1267,0.153
9,1268,0.167
9,1269,0.156
9,1270,0.152
9,1271,0.153
9,1272,0.162
9,1273,0.156
9,1274,0.152
9,1275,0.153
9,1276,1.311
9,1277,0.178
9,1278,0.157
9,1279,0.161
9,1280,0.162
9,1281,0.156
9,1282,0.153
9,1283,0.153
9,1284,0.171
9,1285,0.167
9,1286,0.154
9,1287,0.154
9,1288,1.034
9,1289,0.155
9,1290,0.153
9,1291,0.154
9,1292,0.174
9,1293,0.166
9,1294,0.153
9,1295,0.153
9,1296,0.160
9,1297,0.161
9,1298,0.155
9,1299,0.165
9,1300,0.930
9,1301,0.154
9,1302,0.154
9,1303,0.152
9,1304,0.171
9,1305,0.163
9,1306,0.154
9,1307,0.153
9,1308,0.170
9,1309,0.157
9,1310,0.152
9,1311,0.152
9,1312,1.196
9,1313,0.154
9,1314,0.153
9,1315,0.153
9,1316,0.166
9,1317,0.162
9,1318,0.152
9,1319,0.153
9,1320,0.161
9,1321,0.156
9,1322,0.157
9,1323,0.164
9,1324,1.065
9,1325,0.154
9,1326,0.153
9,1327,0.153
9,1328,0.172
9,1329,0.155
9,1330,0.153
9,1331,0.162
9,1332,0.168
9,1333,0.154
9,1334,0.153
9,1335,0.153
9,1336,1.021
9,1337,0.154
9,1338,0.153
9,1339,0.159
9,1340,0.168
9,1341,0.155
9,1342,0.152
9,1343,0.154
9,1344,0.170
9,1345,0.158
9,1346,0.153
9,1347,0.154
9,1348,1.095
9,1349,0.154
9,1350,0.154
9,1351,0.153
9,1352,0.163
9,1353,0.155
9,1354,0.154
9,1355,0.154
9,1356,0.186
9,1357,0.162
9,1358,0.153
9,1359,0.153
9,1360,1.186
9,1361,0.164
9,1362,0.153
9,1363,0.154
9,1364,0.153
9,1365,0.153
9,1366,0.153
9,1367,0.169
9,1368,0.165
9,1369,0.154
9,1370,0.165
9,1371,0.156
9,1372,1.177
9,1373,0.156
9,1374,0.153
9,1375,0.154
9,1376,0.185
9,1377,0.153
9,1378,0.153
9,1379,0.158
9,1380,0.159
9,1381,0.179
9,1382,0.164
9,1383,0.165
9,1384,1.060
9,1385,0.154
9,1386,0.153
9,1387,0.159
9,1388,0.166
9,1389,0.157
9,1390,0.163
9,1391,0.155
9,1392,0.158
9,1393,0.153
9,1394,0.154
9,1395,0.154
9,1396,1.104
9,1397,0.154
9,1398,0.161
9,1399,0.152
9,1400,0.155
9,1401,0.153
9,1402,0.153
9,1403,0.168
9,1404,0.166
9,1405,0.156
9,1406,0.153
9,1407,0.165
9,1408,1.114
9,1409,0.153
9,1410,0.153
9,1411,0.158
9,1412,0.160
9,1413,0.164
9,1414,0.153
9,1415,0.154
9,1416,0.162
9,1417,0.163
9,1418,0.164
9,1419,0.172
9,1420,1.031
9,1421,0.154
9,1422,0.160
9,1423,0.163
9,1424,0.155
9,1425,0.154
9,1426,0.153
9,1427,0.153
9,1428,0.165
9,1429,0.166
9,1430,0.160
9,1431,0.154
9,1432,0.991
9,1433,0.153
9,1434,0.153
9,1435,0.152
9,1436,0.163
9,1437,0.165
9,1438,0.152
9,1439,0.153
9,1440,0.160
9,1441,0.154
9,1442,0.153
9,1443,0.154
9,1444,1.147
9,1445,0.169
9,1446,0.153
9,1447,0.153
9,1448,0.171
9,1449,0.167
9,1450,0.153
9,1451,0.153
9,1452,0.174
9,1453,0.154
9,1454,0.152
9,1455,0.159
9,1456,1.312
9,1457,0.153
9,1458,0.153
9,1459,0.152
9,1460,0.156
9,1461,0.154
9,1462,0.152
9,1463,0.165
9,1464,0.161
9,1465,0.154
9,1466,0.155
9,1467,0.152
9,1468,1.182
9,1469,0.169
9,1470,0.156
9,1471,0.153
9,1472,0.158
9,1473,0.154
9,1474,0.154
9,1475,0.153
9,1476,0.167
9,1477,0.156
9,1478,0.160
9,1479,0.162
9,1480,1.619
9,1481,0.155
9,1482,0.164
9,1483,0.152
9,1484,0.162
9,1485,0.164
9,1486,0.152
9,1487,0.154
9,1488,0.154
9,1489,0.154
9,1490,0.153
9,1491,0.153
9,1492,1.163
9,1493,0.154
9,1494,0.152
9,1495,0.153
9,1496,0.174
9,1497,0.163
9,1498,0.153
9,1499,0.158
9,1500,0.154
9,1501,0.154
9,1502,0.160
9,1503,0.160
9,1504,1.106
9,1505,0.154
9,1506,0.153
9,1507,0.154
9,1508,0.168
9,1509,0.154
9,1510,0.152
9,1511,0.153
9,1512,0.179
9,1513,0.162
9,1514,0.155
9,1515,0.153
9,1516,1.350
9,1517,0.153
9,1518,0.154
9,1519,0.152
9,1520,0.168
9,1521,0.157
9,1522,0.154
9,1523,0.152
9,1524,0.175
9,1525,0.153
9,1526,0.152
9,1527,0.157
9,1528,1.190
9,1529,0.153
9,1530,0.153
9,1531,0.152
9,1532,0.165
9,1533,0.179
9,1534,0.160
9,1535,0.160
9,1536,0.153
9,1537,0.154
9,1538,0.152
9,1539,0.153
9,1540,1.512
9,1541,0.154
9,1542,0.153
9,1543,0.163
9,1544,0.155
9,1545,0.153
9,1546,0.165
9,1547,0.154
9,1548,0.187
9,1549,0.158
9,1550,0.156
9,1551,0.153
9,1552,1.263
9,1553,0.157
9,1554,0.152
9,1555,0.153
9,1556,0.172
9,1557,0.159
9,1558,0.153
9,1559,0.153
9,1560,0.176
9,1561,0.154
9,1562,0.153
9,1563,0.153
9,1564,0.920
9,1565,0.158
9,1566,0.152
9,1567,0.154
9,1568,0.166
9,1569,0.158
9,1570,0.153
9,1571,0.152
9,1572,0.165
9,1573,0.154
9,1574,0.152
9,1575,0.159
9,1576,1.074
9,1577,0.153
9,1578,0.152
9,1579,0.152
9,1580,0.176
9,1581,0.153
9,1582,0.153
9,1583,0.153
9,1584,0.172
9,1585,0.163
9,1586,0.154
9,1587,0.152
9,1588,1.410
9,1589,0.153
9,1590,0.154
9,1591,0.153
9,1592,0.177
9,1593,0.152
9,1594,0.153
9,1595,0.154
9,1596,0.164
9,1597,0.154
9,1598,0.152
9,1599,0.155
9,1600,1.179
9,1601,0.155
9,1602,0.155
9,1603,0.155
9,1604,0.168
9,1605,0.156
9,1606,0.160
9,1607,0.162
9,1608,0.156
9,1609,0.153
9,1610,0.153
9,1611,0.167
9,1612,1.079
9,1613,0.153
9,1614,0.153
9,1615,0.154
9,1616,0.172
9,1617,0.153
9,1618,0.157
9,1619,0.153
9,1620,0.165
9,1621,0.155
9,1622,0.166
9,1623,0.163
9,1624,1.324
9,1625,0.153
9,1626,0.152
9,1627,0.153
9,1628,0.166
9,1629,0.153
9,1630,0.154
9,1631,0.153
9,1632,0.169
9,1633,0.152
9,1634,0.153
9,1635,0.153
9,1636,1.071
9,1637,0.157
9,1638,0.153
9,1639,0.154
9,1640,0.180
9,1641,0.165
9,1642,0.158
9,1643,0.152
9,1644,0.168
9,1645,0.154
9,1646,0.163
9,1647,0.157
9,1648,1.075
9,1649,0.155
9,1650,0.164
9,1651,0.153
9,1652,0.162
9,1653,0.154
9,1654,0.152
9,1655,0.155
9,1656,0.156
9,1657,0.155
9,1658,0.152
9,1659,0.157
9,1660,1.202
9,1661,0.153
9,1662,0.154
9,1663,0.153
9,1664,0.172
9,1665,0.154
9,1666,0.153
9,1667,0.154
9,1668,0.159
9,1669,0.155
9,1670,0.163
9,1671,0.156
9,1672,0.982
9,1673,0.155
9,1674,0.154
9,1675,0.157
9,1676,0.187
9,1677,0.156
9,1678,0.165
9,1679,0.152
9,1680,0.168
9,1681,0.168
9,1682,0.157
9,1683,0.153
9,1684,0.995
9,1685,0.154
9,1686,0.164
9,1687,0.170
9,1688,0.153
9,1689,0.154
9,1690,0.163
9,1691,0.152
9,1692,0.168
9,1693,0.154
9,1694,0.166
9,1695,0.154
9,1696,1.141
9,1697,0.154
9,1698,0.159
9,1699,0.153
9,1700,0.154
9,1701,0.177
9,1702,0.153
9,1703,0.153
9,1704,0.158
9,1705,0.162
9,1706,0.166
9,1707,0.153
9,1708,1.115
9,1709,0.168
9,1710,0.153
9,1711,0.163
9,1712,0.154
9,1713,0.179
9,1714,0.153
9,1715,0.155
9,1716,0.154
9,1717,0.165
9,1718,0.152
9,1719,0.164
9,1720,0.971
9,1721,0.154
9,1722,0.153
9,1723,0.158
9,1724,0.157
9,1725,0.160
9,1726,0.153
9,1727,0.155
9,1728,0.178
9,1729,0.165
9,1730,0.154
9,1731,0.154
9,1732,1.132
9,1733,0.153
9,1734,0.161
9,1735,0.153
9,1736,0.154
9,1737,0.162
9,1738,0.153
9,1739,0.153
9,1740,0.163
9,1741,0.153
9,1742,0.153
9,1743,0.165
9,1744,1.172
9,1745,0.163
9,1746,0.155
9,1747,0.153
9,1748,0.162
9,1749,0.156
9,1750,0.161
9,1751,0.154
9,1752,0.166
9,1753,0.157
9,1754,0.152
9,1755,0.153
9,1756,1.088
9,1757,0.154
9,1758,0.169
9,1759,0.153
9,1760,0.155
9,1761,0.155
9,1762,0.154
9,1763,0.153
9,1764,0.170
9,1765,0.168
9,1766,0.154
9,1767,0.152
9,1768,1.033
9,1769,0.154
9,1770,0.153
9,1771,0.158
9,1772,0.159
9,1773,0.154
9,1774,0.153
9,1775,0.153
9,1776,0.168
9,1777,0.153
9,1778,0.154
9,1779,0.153
9,1780,1.616
9,1781,0.163
9,1782,0.153
9,1783,0.153
9,1784,0.154
9,1785,0.154
9,1786,0.158
9,1787,0.153
9,1788,0.178
9,1789,0.153
9,1790,0.153
9,1791,0.154
9,1792,1.045
9,1793,0.154
9,1794,0.153
9,1795,0.154
9,1796,0.161
9,1797,0.155
9,1798,0.156
9,1799,0.155
9,1800,0.168
9,1801,0.154
9,1802,0.154
9,1803,0.155
9,1804,1.003
9,1805,0.154
9,1806,0.154
9,1807,0.162
9,1808,0.155
9,1809,0.166
9,1810,0.152
9,1811,0.153
9,1812,0.159
9,1813,0.155
9,1814,0.153
9,1815,0.152
9,1816,1.226
9,1817,0.153
9,1818,0.153
9,1819,0.153
9,1820,0.171
9,1821,0.156
9,1822,0.152
9,1823,0.154
9,1824,0.163
9,1825,0.164
9,1826,0.154
9,1827,0.153
9,1828,1.369
9,1829,0.158
9,1830,0.151
9,1831,0.155
9,1832,0.167
9,1833,0.153
9,1834,0.153
9,1835,0.164
9,1836,0.158
9,1837,0.154
9,1838,0.153
9,1839,0.153
9,1840,0.948
9,1841,0.154
9,1842,0.153
9,1843,0.154
9,1844,0.174
9,1845,0.155
9,1846,0.155
9,1847,0.153
9,1848,0.157
9,1849,0.167
9,1850,0.157
9,1851,0.153
9,1852,1.002
9,1853,0.153
9,1854,0.153
9,1855,0.154
9,1856,0.163
9,1857,0.163
9,1858,0.153
9,1859,0.153
9,1860,0.166
9,1861,0.153
9,1862,0.165
9,1863,0.153
9,1864,1.739
9,1865,0.153
9,1866,0.155
9,1867,0.153
9,1868,0.172
9,1869,0.154
9,1870,0.152
9,1871,0.164
9,1872,0.157
9,1873,0.153
9,1874,0.153
9,1875,0.153
9,1876,1.063
9,1877,0.153
9,1878,0.164
9,1879,0.152
9,1880,0.164
9,1881,0.153
9,1882,0.153
9,1883,0.153
9,1884,0.183
9,1885,0.155
9,1886,0.152
9,1887,0.153
9,1888,1.041
9,1889,0.154
9,1890,0.152
9,1891,0.167
9,1892,0.154
9,1893,0.157
9,1894,0.153
9,1895,0.153
9,1896,0.179
9,1897,0.157
9,1898,0.155
9,1899,0.153
9,1900,1.183
9,1901,0.154
9,1902,0.155
9,1903,0.152
9,1904,0.163
9,1905,0.153
9,1906,0.153
9,1907,0.154
9,1908,0.175
9,1909,0.153
9,1910,0.153
9,1911,0.153
9,1912,1.217
9,1913,0.155
9,1914,0.151
9,1915,0.153
9,1916,0.196
9,1917,0.192
9,1918,0.153
9,1919,0.153
9,1920,0.169
9,1921,0.153
9,1922,0.154
9,1923,0.152
9,1924,1.148
9,1925,0.154
9,1926,0.168
9,1927,0.153
9,1928,0.173
9,1929,0.157
9,1930,0.158
9,1931,0.153
9,1932,0.158
9,1933,0.154
9,1934,0.165
9,1935,0.157
9,1936,1.217
9,1937,0.153
9,1938,0.153
9,1939,0.153
9,1940,0.156
9,1941,0.168
9,1942,0.163
9,1943,0.155
9,1944,0.155
9,1945,0.154
9,1946,0.153
9,1947,0.152
9,1948,1.356
9,1949,0.154
9,1950,0.156
9,1951,0.153
9,1952,0.161
9,1953,0.168
9,1954,0.153
9,1955,0.153
9,1956,0.172
9,1957,0.164
9,1958,0.154
9,1959,0.164
9,1960,1.034
9,1961,0.156
9,1962,0.153
9,1963,0.153
9,1964,0.162
9,1965,0.154
9,1966,0.154
9,1967,0.153
9,1968,0.185
9,1969,0.155
9,1970,0.153
9,1971,0.152
9,1972,1.055
9,1973,0.164
9,1974,0.155
9,1975,0.153
9,1976,0.172
9,1977,0.154
9,1978,0.152
9,1979,0.154
9,1980,0.162
9,1981,0.154
9,1982,0.154
9,1983,0.152
9,1984,1.842
9,1985,0.153
9,1986,0.163
9,1987,0.153
9,1988,0.157
9,1989,0.156
9,1990,0.152
9,1991,0.152
9,1992,0.160
9,1993,0.153
9,1994,0.152
9,1995,0.154
9,1996,0.883
9,1997,0.153
9,1998,0.153
9,1999,0.162
9,2000,0.154
9,2001,0.156
9,2002,0.159
9,2003,0.153
9,2004,0.169
9,2005,0.154
9,2006,0.165
9,2007,0.153
9,2008,1.278
9,2009,0.161
9,2010,0.152
9,2011,0.153
9,2012,0.155
9,2013,0.160
9,2014,0.154
9,2015,0.156
9,2016,0.165
9,2017,0.162
9,2018,0.153
9,2019,0.169
9,2020,1.133
9,2021,0.157
9,2022,0.153
9,2023,0.164
9,2024,0.155
9,2025,0.155
9,2026,0.153
9,2027,0.153
9,2028,0.166
9,2029,0.160
9,2030,0.154
9,2031,0.156
9,2032,0.971
9,2033,0.163
9,2034,0.153
9,2035,0.153
9,2036,0.154
9,2037,0.158
9,2038,0.157
9,2039,0.154
9,2040,0.173
9,2041,0.168
9,2042,0.154
9,2043,0.161
9,2044,1.011
9,2045,0.155
9,2046,0.153
9,2047,0.153
9,2048,0.170
9,2049,0.153
9,2050,0.159
9,2051,0.155
9,2052,0.174
9,2053,0.170
9,2054,0.157
9,2055,0.152
9,2056,0.961
9,2057,0.154
9,2058,0.152
9,2059,0.153
9,2060,0.161
9,2061,0.154
9,2062,0.153
9,2063,0.153
9,2064,0.174
9,2065,0.153
9,2066,0.153
9,2067,0.153
9,2068,1.145
9,2069,0.153
9,2070,0.153
9,2071,0.153
9,2072,0.159
9,2073,0.154
9,2074,0.153
9,2075,0.157
9,2076,0.164
9,2077,0.154
9,2078,0.159
9,2079,0.152
9,2080,1.165
9,2081,0.154
9,2082,0.153
9,2083,0.154
9,2084,0.157
9,2085,0.153
9,2086,0.162
9,2087,0.154
9,2088,0.173
9,2089,0.154
9,2090,0.153
9,2091,0.153
9,2092,1.170
9,2093,0.154
9,2094,0.152
9,2095,0.154
9,2096,0.173
9,2097,0.153
9,2098,0.154
9,2099,0.153
9,2100,0.170
9,2101,0.162
9,2102,0.153
9,2103,0.153
9,2104,1.157
9,2105,0.154
9,2106,0.155
9,2107,0.152
9,2108,0.166
9,2109,0.154
9,2110,0.163
9,2111,0.157
9,2112,0.162
9,2113,0.153
9,2114,0.158
9,2115,0.153
9,2116,1.054
9,2117,0.153
9,2118,0.153
9,2119,0.154
9,2120,0.171
9,2121,0.153
9,2122,0.154
9,2123,0.153
9,2124,0.173
9,2125,0.172
9,2126,0.162
9,2127,0.153
9,2128,1.009
9,2129,0.154
9,2130,0.163
9,2131,0.153
9,2132,0.155
9,2133,0.161
9,2134,0.152
9,2135,0.162
9,2136,0.154
9,2137,0.155
9,2138,0.153
9,2139,0.162
9,2140,1.044
9,2141,0.154
9,2142,0.153
9,2143,0.153
9,2144,0.177
9,2145,0.157
9,2146,0.168
9,2147,0.154
9,2148,0.171
9,2149,0.156
9,2150,0.156
9,2151,0.154
9,2152,1.159
9,2153,0.154
9,2154,0.153
9,2155,0.152
9,2156,0.157
9,2157,0.154
9,2158,0.162
9,2159,0.160
9,2160,0.173
9,2161,0.166
9,2162,0.153
9,2163,0.153
9,2164,1.072
9,2165,0.183
9,2166,0.153
9,2167,0.159
9,2168,0.157
9,2169,0.167
9,2170,0.155
9,2171,0.153
9,2172,0.156
9,2173,0.156
9,2174,0.158
9,2175,0.155
9,2176,1.051
9,2177,0.155
9,2178,0.153
9,2179,0.165
9,2180,0.163
9,2181,0.158
9,2182,0.152
9,2183,0.153
9,2184,0.155
9,2185,0.154
9,2186,0.167
9,2187,0.152
9,2188,1.207
9,2189,0.154
9,2190,0.153
9,2191,0.153
9,2192,0.161
9,2193,0.154
9,2194,0.167
9,2195,0.154
9,2196,0.158
9,2197,0.160
9,2198,0.153
9,2199,0.152
9,2200,1.190
9,2201,0.158
9,2202,0.161
9,2203,0.153
9,2204,0.154
9,2205,0.174
9,2206,0.154
9,2207,0.154
9,2208,0.179
9,2209,0.154
9,2210,0.162
9,2211,0.153
9,2212,0.990
9,2213,0.153
9,2214,0.153
9,2215,0.153
9,2216,0.167
9,2217,0.156
9,2218,0.164
9,2219,0.153
9,2220,0.157
9,2221,0.154
9,2222,0.153
9,2223,0.154
9,2224,1.107
9,2225,0.160
9,2226,0.152
9,2227,0.160
9,2228,0.159
9,2229,0.163
9,2230,0.153
9,2231,0.170
9,2232,0.154
9,2233,0.156
9,2234,0.158
9,2235,0.155
9,2236,1.271
9,2237,0.161
9,2238,0.152
9,2239,0.152
9,2240,0.163
9,2241,0.155
9,2242,0.154
9,2243,0.156
9,2244,0.177
9,2245,0.153
9,2246,0.153
9,2247,0.152
9,2248,1.034
9,2249,0.163
9,2250,0.163
9,2251,0.152
9,2252,0.154
9,2253,0.161
9,2254,0.152
9,2255,0.153
9,2256,0.159
9,2257,0.155
9,2258,0.152
9,2259,0.154
9,2260,1.086
9,2261,0.154
9,2262,0.152
9,2263,0.153
9,2264,0.165
9,2265,0.161
9,2266,0.152
9,2267,0.153
9,2268,0.172
9,2269,0.154
9,2270,0.155
9,2271,0.163
9,2272,1.170
9,2273,0.154
9,2274,0.154
9,2275,0.152
9,2276,0.166
9,2277,0.154
9,2278,0.162
9,2279,0.154
9,2280,0.155
9,2281,0.154
9,2282,0.166
9,2283,0.157
9,2284,1.276
9,2285,0.156
9,2286,0.153
9,2287,0.153
9,2288,0.159
9,2289,0.161
9,2290,0.165
9,2291,0.154
9,2292,0.157
9,2293,0.168
9,2294,0.167
9,2295,0.154
9,2296,0.885
9,2297,0.161
9,2298,0.152
9,2299,0.153
9,2300,0.168
9,2301,0.154
9,2302,0.153
9,2303,0.154
9,2304,0.155
9,2305,0.165
9,2306,0.152
9,2307,0.153
9,2308,1.270
9,2309,0.153
9,2310,0.152
9,2311,0.153
9,2312,0.167
9,2313,0.153
9,2314,0.160
9,2315,0.153
9,2316,0.172
9,2317,0.166
9,2318,0.152
9,2319,0.153
9,2320,1.088
9,2321,0.154
9,2322,0.153
9,2323,0.160
9,2324,0.171
9,2325,0.154
9,2326,0.154
9,2327,0.153
9,2328,0.162
9,2329,0.153
9,2330,0.153
9,2331,0.161
9,2332,0.948
9,2333,0.162
9,2334,0.152
9,2335,0.152
9,2336,0.163
9,2337,0.154
9,2338,0.167
9,2339,0.155
9,2340,0.154
9,2341,0.155
9,2342,0.152
9,2343,0.153
9,2344,1.382
9,2345,0.155
9,2346,0.152
9,2347,0.153
9,2348,0.162
9,2349,0.165
9,2350,0.153
9,2351,0.167
9,2352,0.154
9,2353,0.153
9,2354,0.153
9,2355,0.153
9,2356,1.039
9,2357,0.153
9,2358,0.153
9,2359,0.154
9,2360,0.169
9,2361,0.153
9,2362,0.159
9,2363,0.159
9,2364,0.164
9,2365,0.154
9,2366,0.153
9,2367,0.153
9,2368,1.092
9,2369,0.154
9,2370,0.153
9,2371,0.153
9,2372,0.183
9,2373,0.153
9,2374,0.164
9,2375,0.153
9,2376,0.165
9,2377,0.163
9,2378,0.152
9,2379,0.153
9,2380,1.076
9,2381,0.153
9,2382,0.153
9,2383,0.153
9,2384,0.164
9,2385,0.162
9,2386,0.153
9,2387,0.161
9,2388,0.160
9,2389,0.165
9,2390,0.153
9,2391,0.154
9,2392,1.234
9,2393,0.153
9,2394,0.153
9,2395,0.155
9,2396,0.153
9,2397,0.155
9,2398,0.152
9,2399,0.153
9,2400,0.166
9,2401,0.154
9,2402,0.153
9,2403,0.152
9,2404,1.350
9,2405,0.153
9,2406,0.171
9,2407,0.152
9,2408,0.154
9,2409,0.160
9,2410,0.152
9,2411,0.153
9,2412,0.167
9,2413,0.153
9,2414,0.153
9,2415,0.154
9,2416,1.215
9,2417,0.156
9,2418,0.152
9,2419,0.154
9,2420,0.168
9,2421,0.153
9,2422,0.170
9,2423,0.153
9,2424,0.167
9,2425,0.163
9,2426,0.162
9,2427,0.153
9,2428,1.050
9,2429,0.165
9,2430,0.154
9,2431,0.162
9,2432,0.154
9,2433,0.155
9,2434,0.159
9,2435,0.163
9,2436,0.155
9,2437,0.155
9,2438,0.152
9,2439,0.157
9,2440,1.005
9,2441,0.153
9,2442,0.152
9,2443,0.154
9,2444,0.169
9,2445,0.166
9,2446,0.159
9,2447,0.153
9,2448,0.174
9,2449,0.155
9,2450,0.153
9,2451,0.153
9,2452,1.306
9,2453,0.154
9,2454,0.153
9,2455,0.153
9,2456,0.171
9,2457,0.169
9,2458,0.161
9,2459,0.153
9,2460,0.158
9,2461,0.153
9,2462,0.153
9,2463,0.152
9,2464,1.226
9,2465,0.155
9,2466,0.152
9,2467,0.163
9,2468,0.175
9,2469,0.155
9,2470,0.160
9,2471,0.153
9,2472,0.179
9,2473,0.166
9,2474,0.152
9,2475,0.152
9,2476,0.982
9,2477,0.154
9,2478,0.153
9,2479,0.153
9,2480,0.174
9,2481,0.153
9,2482,0.153
9,2483,0.152
9,2484,0.189
9,2485,0.155
9,2486,0.153
9,2487,0.153
9,2488,1.586
9,2489,0.153
9,2490,0.152
9,2491,0.152
9,2492,0.169
9,2493,0.153
9,2494,0.200
9,2495,0.152
9,2496,0.170
9,2497,0.159
9,2498,0.152
9,2499,0.152
9,2500,1.932
10,2,0.156
10,3,0.156
10,4,0.816
10,5,0.153
10,6,0.154
10,7,0.152
10,8,0.154
10,9,0.154
10,10,0.154
10,11,0.167
10,12,0.552
10,13,0.354
10,14,0.153
10,15,0.153
10,16,0.729
10,17,0.154
10,18,0.153
10,19,0.153
10,20,0.154
10,21,0.154
10,22,0.153
10,23,0.158
10,24,0.674
10,25,0.154
10,26,0.152
10,27,0.152
10,28,0.618
10,29,0.155
10,30,0.152
10,31,0.153
10,32,0.154
10,33,0.153
10,34,0.152
10,35,0.160
10,36,0.523
10,37,0.154
10,38,0.154
10,39,0.153
10,40,1.367
10,41,0.154
10,42,0.175
10,43,0.162
10,44,0.153
10,45,0.156
10,46,0.161
10,47,0.155
10,48,0.209
10,49,0.153
10,50,0.155
10,51,0.152
10,52,1.722
10,53,0.153
10,54,0.158
10,55,0.154
10,56,0.174
10,57,0.154
10,58,0.153
10,59,0.153
10,60,0.171
10,61,0.153
10,62,0.153
10,63,0.153
10,64,1.550
10,65,0.154
10,66,0.155
10,67,0.154
10,68,0.164
10,69,0.154
10,70,0.155
10,71,0.153
10,72,0.155
10,73,0.153
10,74,0.153
10,75,0.152
10,76,1.320
10,77,0.156
10,78,0.153
10,79,0.152
10,80,0.155
10,81,0.155
10,82,0.153
10,83,0.154
10,84,0.156
10,85,0.154
10,86,0.154
10,87,0.156
10,88,1.768
10,89,0.153
10,90,0.155
10,91,0.153
10,92,0.154
10,93,0.154
10,94,0.152
10,95,0.153
10,96,0.154
10,97,0.153
10,98,0.154
10,99,0.152
10,100,1.279
10,101,0.154
10,102,0.154
10,103,0.152
10,104,0.154
10,105,0.153
10,106,0.153
10,107,0.163
10,108,0.154
10,109,0.154
10,110,0.153
10,111,0.167
10,112,1.636
10,113,0.155
10,114,0.153
10,115,0.153
10,116,0.154
10,117,0.154
10,118,0.153
10,119,0.160
10,120,0.154
10,121,0.154
10,122,0.153
10,123,0.155
10,124,1.304
10,125,0.153
10,126,0.152
10,127,0.158
10,128,0.164
10,129,0.165
10,130,0.152
10,131,0.154
10,132,0.158
10,133,0.154
10,134,0.153
10,135,0.152
10,136,1.171
10,137,0.154
10,138,0.154
10,139,0.152
10,140,0.158
10,141,0.154
10,142,0.174
10,143,0.154
10,144,0.155
10,145,0.159
10,146,0.152
10,147,0.153
10,148,1.656
10,149,0.155
10,150,0.159
10,151,0.152
10,152,0.167
10,153,0.158
10,154,0.152
10,155,0.152
10,156,0.174
10,157,0.154
10,158,0.153
10,159,0.153
10,160,1.156
10,161,0.159
10,162,0.161
10,163,0.163
10,164,0.155
10,165,0.153
10,166,0.159
10,167,0.153
10,168,0.171
10,169,0.153
10,170,0.153
10,171,0.153
10,172,0.934
10,173,0.153
10,174,0.153
10,175,0.153
10,176,0.160
10,177,0.154
10,178,0.153
10,179,0.154
10,180,0.162
10,181,0.154
10,182,0.153
10,183,0.154
10,184,2.948
10,185,0.154
10,186,0.153
10,187,0.153
10,188,0.164
10,189,0.154
10,190,0.169
10,191,0.153
10,192,0.154
10,193,0.154
10,194,0.153
10,195,0.164
10,196,0.771
10,197,0.154
10,198,0.153
10,199,0.154
10,200,0.154
10,201,0.159
10,202,0.154
10,203,0.152
10,204,0.164
10,205,0.154
10,206,0.153
10,207,0.162
10,208,1.047
10,209,0.153
10,210,0.154
10,211,0.154
10,212,0.162
10,213,0.154
10,214,0.152
10,215,0.153
10,216,0.172
10,217,0.154
10,218,0.153
10,219,0.153
10,220,1.521
10,221,0.155
10,222,0.153
10,223,0.153
10,224,0.169
10,225,0.154
10,226,0.169
10,227,0.161
10,228,0.161
10,229,0.161
10,230,0.157
10,231,0.153
10,232,0.699
10,233,0.154
10,234,0.154
10,235,0.153
10,236,0.154
10,237,0.153
10,238,0.153
10,239,0.153
10,240,0.185
10,241,0.153
10,242,0.154
10,243,0.158
10,244,1.064
10,245,0.153
10,246,0.153
10,247,0.154
10,248,0.165
10,249,0.153
10,250,0.152
10,251,0.153
10,252,0.171
10,253,0.153
10,254,0.157
10,255,0.154
10,256,1.156
10,257,0.153
10,258,0.154
10,259,0.152
10,260,0.161
10,261,0.153
10,262,0.153
10,263,0.153
10,264,0.155
10,265,0.162
10,266,0.153
10,267,0.156
10,268,1.426
10,269,0.153
10,270,0.153
10,271,0.153
10,272,0.178
10,273,0.155
10,274,0.154
10,275,0.153
10,276,0.175
10,277,0.184
10,278,0.153
10,279,0.154
10,280,1.098
10,281,0.154
10,282,0.153
10,283,0.152
10,284,0.155
10,285,0.155
10,286,0.153
10,287,0.153
10,288,0.161
10,289,0.165
10,290,0.154
10,291,0.158
10,292,1.169
10,293,0.154
10,294,0.154
10,295,0.152
10,296,0.163
10,297,0.153
10,298,0.153
10,299,0.153
10,300,0.155
10,301,0.154
10,302,0.153
10,303,0.153
10,304,1.320
10,305,0.153
10,306,0.153
10,307,0.155
10,308,0.162
10,309,0.154
10,310,0.153
10,311,0.158
10,312,0.159
10,313,0.164
10,314,0.152
10,315,0.152
10,316,1.447
10,317,0.153
10,318,0.153
10,319,0.159
10,320,0.159
10,321,0.154
10,322,0.165
10,323,0.158
10,324,0.165
10,325,0.154
10,326,0.152
10,327,0.153
10,328,0.877
10,329,0.157
10,330,0.152
10,331,0.152
10,332,0.155
10,333,0.155
10,334,0.153
10,335,0.153
10,336,0.154
10,337,0.158
10,338,0.152
10,339,0.153
10,340,1.169
10,341,0.154
10,342,0.154
10,343,0.152
10,344,0.167
10,345,0.154
10,346,0.153
10,347,0.153
10,348,0.176
10,349,0.154
10,350,0.153
10,351,0.153
10,352,1.336
10,353,0.153
10,354,0.153
10,355,0.154
10,356,0.157
10,357,0.165
10,358,0.152
10,359,0.153
10,360,0.155
10,361,0.155
10,362,0.154
10,363,0.166
10,364,1.000
10,365,0.155
10,366,0.153
10,367,0.153
10,368,0.177
10,369,0.153
10,370,0.153
10,371,0.153
10,372,0.162
10,373,0.157
10,374,0.152
10,375,0.154
10,376,1.165
10,377,0.154
10,378,0.152
10,379,0.160
10,380,0.158
10,381,0.185
10,382,0.152
10,383,0.152
10,384,0.169
10,385,0.155
10,386,0.153
10,387,0.152
10,388,1.239
10,389,0.154
10,390,0.164
10,391,0.165
10,392,0.155
10,393,0.153
10,394,0.155
10,395,0.152
10,396,0.168
10,397,0.153
10,398,0.165
10,399,0.153
10,400,0.932
10,401,0.154
10,402,0.158
10,403,0.153
10,404,0.177
10,405,0.153
10,406,0.152
10,407,0.153
10,408,0.171
10,409,0.163
10,410,0.153
10,411,0.153
10,412,1.220
10,413,0.165
10,414,0.152
10,415,0.153
10,416,0.160
10,417,0.154
10,418,0.154
10,419,0.152
10,420,0.164
10,421,0.153
10,422,0.159
10,423,0.154
10,424,1.008
10,425,0.156
10,426,0.152
10,427,0.154
10,428,0.165
10,429,0.154
10,430,0.153
10,431,0.164
10,432,0.168
10,433,0.154
10,434,0.153
10,435,0.153
10,436,1.347
10,437,0.154
10,438,0.153
10,439,0.153
10,440,0.165
10,441,0.154
10,442,0.160
10,443,0.153
10,444,0.155
10,445,0.154
10,446,0.154
10,447,0.153
10,448,1.347
10,449,0.153
10,450,0.153
10,451,0.153
10,452,0.157
10,453,0.154
10,454,0.152
10,455,0.152
10,456,0.166
10,457,0.154
10,458,0.167
10,459,0.153
10,460,0.921
10,461,0.157
10,462,0.152
10,463,0.158
10,464,0.154
10,465,0.155
10,466,0.152
10,467,0.154
10,468,0.162
10,469,0.156
10,470,0.154
10,471,0.162
10,472,1.114
10,473,0.155
10,474,0.153
10,475,0.152
10,476,0.155
10,477,0.153
10,478,0.154
10,479,0.152
10,480,0.154
10,481,0.153
10,482,0.153
10,483,0.153
10,484,1.127
10,485,0.154
10,486,0.153
10,487,0.153
10,488,0.166
10,489,0.154
10,490,0.154
10,491,0.154
10,492,0.177
10,493,0.154
10,494,0.158
10,495,0.159
10,496,0.909
10,497,0.155
10,498,0.153
10,499,0.153
10,500,0.169
10,501,0.155
10,502,0.153
10,503,0.152
10,504,0.172
10,505,0.154
10,506,0.153
10,507,0.152
10,508,1.051
10,509,0.155
10,510,0.153
10,511,0.154
10,512,0.157
10,513,0.160
10,514,0.152
10,515,0.156
10,516,0.175
10,517,0.153
10,518,0.153
10,519,0.153
10,520,1.380
10,521,0.153
10,522,0.153
10,523,0.158
10,524,0.168
10,525,0.153
10,526,0.153
10,527,0.161
10,528,0.158
10,529,0.163
10,530,0.152
10,531,0.153
10,532,0.662
10,533,0.154
10,534,0.152
10,535,0.159
10,536,0.159
10,537,0.154
10,538,0.153
10,539,0.160
10,540,0.165
10,541,0.154
10,542,0.163
10,543,0.152
10,544,1.254
10,545,0.154
10,546,0.155
10,547,0.165
10,548,0.156
10,549,0.154
10,550,0.159
10,551,0.153
10,552,0.155
10,553,0.153
10,554,0.154
10,555,0.161
10,556,0.943
10,557,0.154
10,558,0.152
10,559,0.153
10,560,0.160
10,561,0.154
10,562,0.153
10,563,0.153
10,564,0.188
10,565,0.154
10,566,0.153
10,567,0.154
10,568,1.326
10,569,0.153
10,570,0.153
10,571,0.153
10,572,0.158
10,573,0.154
10,574,0.156
10,575,0.153
10,576,0.174
10,577,0.153
10,578,0.155
10,579,0.153
10,580,0.733
10,581,0.153
10,582,0.154
10,583,0.153
10,584,0.159
10,585,0.157
10,586,0.153
10,587,0.167
10,588,0.154
10,589,0.153
10,590,0.153
10,591,0.153
10,592,1.170
10,593,0.160
10,594,0.153
10,595,0.153
10,596,0.154
10,597,0.153
10,598,0.153
10,599,0.154
10,600,0.165
10,601,0.171
10,602,0.154
10,603,0.163
10,604,0.962
10,605,0.155
10,606,0.152
10,607,0.168
10,608,0.159
10,609,0.365
10,610,0.153
10,611,0.152
10,612,0.155
10,613,0.157
10,614,0.154
10,615,0.152
10,616,0.983
10,617,0.154
10,618,0.154
10,619,0.153
10,620,0.183
10,621,0.154
10,622,0.152
10,623,0.153
10,624,0.186
10,625,0.154
10,626,0.153
10,627,0.152
10,628,1.113
10,629,0.154
10,630,0.154
10,631,0.154
10,632,0.156
10,633,0.155
10,634,0.152
10,635,0.152
10,636,0.156
10,637,0.153
10,638,0.154
10,639,0.153
10,640,1.026
10,641,0.154
10,642,0.152
10,643,0.153
10,644,0.181
10,645,0.154
10,646,0.153
10,647,0.152
10,648,0.168
10,649,0.154
10,650,0.163
10,651,0.153
10,652,1.171
10,653,0.154
10,654,0.153
10,655,0.156
10,656,0.173
10,657,0.154
10,658,0.153
10,659,0.152
10,660,0.167
10,661,0.153
10,662,0.153
10,663,0.153
10,664,1.189
10,665,0.154
10,666,0.166
10,667,0.152
10,668,0.154
10,669,0.154
10,670,0.162
10,671,0.153
10,672,0.154
10,673,0.163
10,674,0.153
10,675,0.152
10,676,0.997
10,677,0.154
10,678,0.156
10,679,0.155
10,680,0.451
10,681,0.156
10,682,0.152
10,683,0.159
10,684,0.160
10,685,0.153
10,686,0.154
10,687,0.153
10,688,0.785
10,689,0.153
10,690,0.153
10,691,0.154
10,692,0.167
10,693,0.154
10,694,0.153
10,695,0.153
10,696,0.160
10,697,0.161
10,698,0.152
10,699,0.152
10,700,1.346
10,701,0.155
10,702,0.159
10,703,0.153
10,704,0.154
10,705,0.154
10,706,0.152
10,707,0.154
10,708,0.164
10,709,0.154
10,710,0.153
10,711,0.154
10,712,1.076
10,713,0.156
10,714,0.156
10,715,0.152
10,716,0.165
10,717,0.161
10,718,0.153
10,719,0.164
10,720,0.155
10,721,0.153
10,722,0.156
10,723,0.153
10,724,1.134
10,725,0.156
10,726,0.163
10,727,0.152
10,728,0.169
10,729,0.153
10,730,0.153
10,731,0.159
10,732,0.177
10,733,0.154
10,734,0.154
10,735,0.154
10,736,0.904
10,737,0.155
10,738,0.153
10,739,0.161
10,740,0.159
10,741,0.159
10,742,0.153
10,743,0.154
10,744,0.158
10,745,0.154
10,746,0.154
10,747,0.152
10,748,1.247
10,749,0.154
10,750,0.155
10,751,0.153
10,752,0.167
10,753,0.155
10,754,0.153
10,755,0.152
10,756,0.165
10,757,0.157
10,758,0.153
10,759,0.153
10,760,0.956
10,761,0.153
10,762,0.172
10,763,0.159
10,764,0.154
10,765,0.156
10,766,0.152
10,767,0.156
10,768,0.158
10,769,0.154
10,770,0.154
10,771,0.152
10,772,0.932
10,773,0.155
10,774,0.156
10,775,0.153
10,776,0.176
10,777,0.163
10,778,0.166
10,779,0.153
10,780,0.155
10,781,0.153
10,782,0.152
10,783,0.153
10,784,1.100
10,785,0.153
10,786,0.154
10,787,0.153
10,788,0.162
10,789,0.154
10,790,0.152
10,791,0.153
10,792,0.405
10,793,0.154
10,794,0.161
10,795,0.153
10,796,1.082
10,797,0.155
10,798,0.152
10,799,0.153
10,800,0.184
10,801,0.153
10,802,0.153
10,803,0.156
10,804,0.193
10,805,0.155
10,806,0.153
10,807,0.154
10,808,1.434
10,809,0.155
10,810,0.152
10,811,0.153
10,812,0.166
10,813,0.164
10,814,0.153
10,815,0.158
10,816,0.167
10,817,0.155
10,818,0.153
10,819,0.174
10,820,1.419
10,821,0.153
10,822,0.154
10,823,0.152
10,824,0.166
10,825,0.154
10,826,0.153
10,827,0.160
10,828,0.166
10,829,0.163
10,830,0.154
10,831,0.153
10,832,1.987
10,833,0.155
10,834,0.157
10,835,0.152
10,836,0.160
10,837,0.154
10,838,0.166
10,839,0.153
10,840,0.169
10,841,0.154
10,842,0.153
10,843,0.152
10,844,1.652
10,845,0.153
10,846,0.166
10,847,0.157
10,848,0.154
10,849,0.153
10,850,0.155
10,851,0.152
10,852,0.154
10,853,0.157
10,854,0.154
10,855,0.154
10,856,1.538
10,857,0.154
10,858,0.153
10,859,0.152
10,860,0.179
10,861,0.162
10,862,0.153
10,863,0.152
10,864,0.168
10,865,0.155
10,866,0.154
10,867,0.154
10,868,1.457
10,869,0.165
10,870,0.152
10,871,0.153
10,872,0.153
10,873,0.160
10,874,0.153
10,875,0.153
10,876,0.175
10,877,0.154
10,878,0.153
10,879,0.153
10,880,0.961
10,881,0.153
10,882,0.153
10,883,0.154
10,884,0.170
10,885,0.154
10,886,0.153
10,887,0.157
10,888,0.167
10,889,0.167
10,890,0.152
10,891,0.161
10,892,1.307
10,893,0.153
10,894,0.153
10,895,0.153
10,896,0.166
10,897,0.154
10,898,0.152
10,899,0.154
10,900,0.169
10,901,0.154
10,902,0.173
10,903,0.153
10,904,1.146
10,905,0.153
10,906,0.163
10,907,0.153
10,908,0.156
10,909,0.162
10,910,0.153
10,911,0.164
10,912,0.155
10,913,0.164
10,914,0.154
10,915,0.152
10,916,0.966
10,917,0.155
10,918,0.153
10,919,0.153
10,920,0.154
10,921,0.163
10,922,0.153
10,923,0.153
10,924,0.154
10,925,0.154
10,926,0.153
10,927,0.154
10,928,0.959
10,929,0.153
10,930,0.154
10,931,0.154
10,932,0.153
10,933,0.154
10,934,0.152
10,935,0.153
10,936,0.171
10,937,0.153
10,938,0.162
10,939,0.165
10,940,1.232
10,941,0.167
10,942,0.153
10,943,0.152
10,944,0.153
10,945,0.154
10,946,0.152
10,947,0.171
10,948,0.156
10,949,0.155
10,950,0.153
10,951,0.152
10,952,1.106
10,953,0.153
10,954,0.154
10,955,0.152
10,956,0.154
10,957,0.154
10,958,0.153
10,959,0.153
10,960,0.174
10,961,0.161
10,962,0.152
10,963,0.153
10,964,1.734
10,965,0.153
10,966,0.154
10,967,0.153
10,968,0.168
10,969,0.154
10,970,0.152
10,971,0.153
10,972,0.167
10,973,0.154
10,974,0.154
10,975,0.152
10,976,0.956
10,977,0.154
10,978,0.153
10,979,0.153
10,980,0.183
10,981,0.163
10,982,0.153
10,983,0.154
10,984,0.155
10,985,0.154
10,986,0.154
10,987,0.153
10,988,1.127
10,989,0.154
10,990,0.153
10,991,0.153
10,992,0.172
10,993,0.169
10,994,0.154
10,995,0.154
10,996,0.163
10,997,0.154
10,998,0.153
10,999,0.164
10,1000,1.069
10,1001,0.154
10,1002,0.153
10,1003,0.153
10,1004,0.168
10,1005,0.153
10,1006,0.156
10,1007,0.153
10,1008,0.166
10,1009,0.154
10,1010,0.153
10,1011,0.153
10,1012,1.059
10,1013,0.154
10,1014,0.153
10,1015,0.152
10,1016,0.178
10,1017,0.153
10,1018,0.158
10,1019,0.162
10,1020,0.166
10,1021,0.153
10,1022,0.154
10,1023,0.153
10,1024,1.079
10,1025,0.154
10,1026,0.153
10,1027,0.153
10,1028,0.172
10,1029,0.153
10,1030,0.153
10,1031,0.166
10,1032,0.154
10,1033,0.162
10,1034,0.153
10,1035,0.153
10,1036,1.127
10,1037,0.153
10,1038,0.153
10,1039,0.153
10,1040,0.167
10,1041,0.155
10,1042,0.169
10,1043,0.175
10,1044,0.156
10,1045,0.165
10,1046,0.163
10,1047,0.153
10,1048,0.886
10,1049,0.153
10,1050,0.152
10,1051,0.154
10,1052,0.162
10,1053,0.153
10,1054,0.160
10,1055,0.159
10,1056,0.160
10,1057,0.154
10,1058,0.153
10,1059,0.153
10,1060,1.097
10,1061,0.154
10,1062,0.153
10,1063,0.153
10,1064,0.166
10,1065,0.153
10,1066,0.165
10,1067,0.152
10,1068,0.166
10,1069,0.154
10,1070,0.154
10,1071,0.154
10,1072,1.052
10,1073,0.153
10,1074,0.153
10,1075,0.153
10,1076,0.155
10,1077,0.154
10,1078,0.157
10,1079,0.152
10,1080,0.174
10,1081,0.155
10,1082,0.153
10,1083,0.153
10,1084,1.038
10,1085,0.156
10,1086,0.154
10,1087,0.153
10,1088,0.153
10,1089,0.154
10,1090,0.153
10,1091,0.154
10,1092,0.167
10,1093,0.158
10,1094,0.152
10,1095,0.153
10,1096,0.987
10,1097,0.155
10,1098,0.168
10,1099,0.153
10,1100,0.154
10,1101,0.153
10,1102,0.152
10,1103,0.153
10,1104,0.172
10,1105,0.155
10,1106,0.152
10,1107,0.154
10,1108,1.139
10,1109,0.154
10,1110,0.153
10,1111,0.153
10,1112,0.154
10,1113,0.153
10,1114,0.153
10,1115,0.152
10,1116,0.156
10,1117,0.153
10,1118,0.153
10,1119,0.153
10,1120,1.264
10,1121,0.153
10,1122,0.154
10,1123,0.152
10,1124,0.162
10,1125,0.154
10,1126,0.154
10,1127,0.153
10,1128,0.168
10,1129,0.155
10,1130,0.154
10,1131,0.157
10,1132,1.105
10,1133,0.154
10,1134,0.153
10,1135,0.153
10,1136,0.178
10,1137,0.153
10,1138,0.154
10,1139,0.153
10,1140,0.165
10,1141,0.180
10,1142,0.153
10,1143,0.168
10,1144,0.939
10,1145,0.155
10,1146,0.151
10,1147,0.153
10,1148,0.160
10,1149,0.162
10,1150,0.152
10,1151,0.160
10,1152,0.154
10,1153,0.153
10,1154,0.153
10,1155,0.152
10,1156,1.306
10,1157,0.154
10,1158,0.153
10,1159,0.155
10,1160,0.174
10,1161,0.155
10,1162,0.152
10,1163,0.153
10,1164,0.166
10,1165,0.164
10,1166,0.153
10,1167,0.153
10,1168,1.331
10,1169,0.153
10,1170,0.154
10,1171,0.153
10,1172,0.168
10,1173,0.154
10,1174,0.153
10,1175,0.161
10,1176,0.156
10,1177,0.157
10,1178,0.153
10,1179,0.153
10,1180,0.874
10,1181,0.154
10,1182,0.154
10,1183,0.164
10,1184,0.155
10,1185,0.154
10,1186,0.154
10,1187,0.162
10,1188,0.163
10,1189,0.154
10,1190,0.161
10,1191,0.154
10,1192,1.001
10,1193,0.154
10,1194,0.153
10,1195,0.160
10,1196,0.175
10,1197,0.155
10,1198,0.154
10,1199,0.152
10,1200,0.165
10,1201,0.162
10,1202,0.154
10,1203,0.153
10,1204,1.148
10,1205,0.154
10,1206,0.163
10,1207,0.152
10,1208,0.156
10,1209,0.153
10,1210,0.154
10,1211,0.161
10,1212,0.170
10,1213,0.155
10,1214,0.174
10,1215,0.152
10,1216,0.977
10,1217,0.154
10,1218,0.153
10,1219,0.154
10,1220,0.171
10,1221,0.153
10,1222,0.153
10,1223,0.154
10,1224,0.170
10,1225,0.154
10,1226,0.153
10,1227,0.158
10,1228,1.160
10,1229,0.159
10,1230,0.153
10,1231,0.152
10,1232,0.163
10,1233,0.153
10,1234,0.152
10,1235,0.153
10,1236,0.165
10,1237,0.153
10,1238,0.153
10,1239,0.161
10,1240,1.276
10,1241,0.153
10,1242,0.153
10,1243,0.155
10,1244,0.164
10,1245,0.156
10,1246,0.152
10,1247,0.170
10,1248,0.170
10,1249,0.155
10,1250,0.153
10,1251,0.162
10,1252,0.976
10,1253,0.162
10,1254,0.153
10,1255,0.152
10,1256,0.156
10,1257,0.154
10,1258,0.153
10,1259,0.153
10,1260,0.161
10,1261,0.154
10,1262,0.163
10,1263,0.167
10,1264,1.052
10,1265,0.156
10,1266,0.153
10,1267,0.152
10,1268,0.177
10,1269,0.153
10,1270,0.153
10,1271,0.168
10,1272,0.172
10,1273,0.154
10,1274,0.152
10,1275,0.164
10,1276,0.959
10,1277,0.164
10,1278,0.152
10,1279,0.153
10,1280,0.168
10,1281,0.154
10,1282,0.152
10,1283,0.159
10,1284,0.164
10,1285,0.153
10,1286,0.161
10,1287,0.154
10,1288,0.993
10,1289,0.153
10,1290,0.153
10,1291,0.152
10,1292,0.172
10,1293,0.154
10,1294,0.155
10,1295,0.154
10,1296,0.162
10,1297,0.153
10,1298,0.164
10,1299,0.153
10,1300,1.096
10,1301,0.153
10,1302,0.153
10,1303,0.153
10,1304,0.161
10,1305,0.155
10,1306,0.154
10,1307,0.167
10,1308,0.154
10,1309,0.156
10,1310,0.153
10,1311,0.153
10,1312,0.912
10,1313,0.154
10,1314,0.152
10,1315,0.153
10,1316,0.162
10,1317,0.163
10,1318,0.153
10,1319,0.162
10,1320,0.156
10,1321,0.153
10,1322,0.153
10,1323,0.153
10,1324,1.042
10,1325,0.154
10,1326,0.153
10,1327,0.153
10,1328,0.154
10,1329,0.154
10,1330,0.154
10,1331,0.154
10,1332,0.155
10,1333,0.154
10,1334,0.152
10,1335,0.153
10,1336,1.283
10,1337,0.154
10,1338,0.152
10,1339,0.154
10,1340,0.188
10,1341,0.167
10,1342,0.153
10,1343,0.164
10,1344,0.169
10,1345,0.154
10,1346,0.154
10,1347,0.153
10,1348,0.869
10,1349,0.154
10,1350,0.152
10,1351,0.154
10,1352,0.172
10,1353,0.155
10,1354,0.155
10,1355,0.153
10,1356,0.155
10,1357,0.153
10,1358,0.158
10,1359,0.153
10,1360,0.923
10,1361,0.159
10,1362,0.153
10,1363,0.153
10,1364,0.162
10,1365,0.154
10,1366,0.152
10,1367,0.153
10,1368,0.162
10,1369,0.154
10,1370,0.163
10,1371,0.154
10,1372,1.136
10,1373,0.153
10,1374,0.154
10,1375,0.152
10,1376,0.164
10,1377,0.154
10,1378,0.152
10,1379,0.154
10,1380,0.167
10,1381,0.164
10,1382,0.154
10,1383,0.155
10,1384,1.103
10,1385,0.157
10,1386,0.153
10,1387,0.153
10,1388,0.170
10,1389,0.173
10,1390,0.152
10,1391,0.163
10,1392,0.154
10,1393,0.153
10,1394,0.153
10,1395,0.154
10,1396,1.431
10,1397,0.154
10,1398,0.152
10,1399,0.153
10,1400,0.160
10,1401,0.155
10,1402,0.154
10,1403,0.154
10,1404,0.170
10,1405,0.171
10,1406,0.152
10,1407,0.154
10,1408,0.995
10,1409,0.154
10,1410,0.160
10,1411,0.152
10,1412,0.168
10,1413,0.156
10,1414,0.153
10,1415,0.166
10,1416,0.165
10,1417,0.162
10,1418,0.153
10,1419,0.154
10,1420,0.794
10,1421,0.153
10,1422,0.153
10,1423,0.152
10,1424,0.163
10,1425,0.154
10,1426,0.154
10,1427,0.159
10,1428,0.159
10,1429,0.169
10,1430,0.154
10,1431,0.154
10,1432,1.260
10,1433,0.158
10,1434,0.152
10,1435,0.154
10,1436,0.172
10,1437,0.155
10,1438,0.169
10,1439,0.153
10,1440,0.155
10,1441,0.156
10,1442,0.156
10,1443,0.163
10,1444,1.040
10,1445,0.154
10,1446,0.153
10,1447,0.153
10,1448,0.169
10,1449,0.154
10,1450,0.157
10,1451,0.166
10,1452,0.155
10,1453,0.163
10,1454,0.152
10,1455,0.153
10,1456,1.186
10,1457,0.155
10,1458,0.153
10,1459,0.152
10,1460,0.166
10,1461,0.154
10,1462,0.154
10,1463,0.152
10,1464,0.200
10,1465,0.163
10,1466,0.153
10,1467,0.152
10,1468,1.404
10,1469,0.153
10,1470,0.153
10,1471,0.153
10,1472,0.169
10,1473,0.153
10,1474,0.153
10,1475,0.167
10,1476,0.162
10,1477,0.156
10,1478,0.165
10,1479,0.154
10,1480,1.198
10,1481,0.154
10,1482,0.153
10,1483,0.161
10,1484,0.162
10,1485,0.153
10,1486,0.153
10,1487,0.152
10,1488,0.167
10,1489,0.154
10,1490,0.153
10,1491,0.155
10,1492,0.872
10,1493,0.153
10,1494,0.154
10,1495,0.154
10,1496,0.153
10,1497,0.167
10,1498,0.152
10,1499,0.153
10,1500,0.156
10,1501,0.153
10,1502,0.153
10,1503,0.154
10,1504,1.144
10,1505,0.154
10,1506,0.153
10,1507,0.153
10,1508,0.170
10,1509,0.155
10,1510,0.152
10,1511,0.153
10,1512,0.182
10,1513,0.159
10,1514,0.165
10,1515,0.153
10,1516,1.884
10,1517,0.155
10,1518,0.153
10,1519,0.154
10,1520,0.172
10,1521,0.153
10,1522,0.152
10,1523,0.153
10,1524,0.174
10,1525,0.153
10,1526,0.153
10,1527,0.153
10,1528,0.321
10,1529,0.154
10,1530,0.152
10,1531,0.153
10,1532,0.161
10,1533,0.155
10,1534,0.153
10,1535,0.155
10,1536,0.167
10,1537,0.162
10,1538,0.153
10,1539,0.153
10,1540,1.513
10,1541,0.153
10,1542,0.154
10,1543,0.154
10,1544,0.154
10,1545,0.154
10,1546,0.153
10,1547,0.154
10,1548,0.165
10,1549,0.154
10,1550,0.153
10,1551,0.154
10,1552,1.104
10,1553,0.153
10,1554,0.156
10,1555,0.164
10,1556,0.155
10,1557,0.154
10,1558,0.155
10,1559,0.152
10,1560,0.173
10,1561,0.154
10,1562,0.152
10,1563,0.155
10,1564,1.247
10,1565,0.161
10,1566,0.153
10,1567,0.153
10,1568,0.156
10,1569,0.156
10,1570,0.154
10,1571,0.152
10,1572,0.181
10,1573,0.174
10,1574,0.155
10,1575,0.153
10,1576,1.016
10,1577,0.154
10,1578,0.153
10,1579,0.152
10,1580,0.186
10,1581,0.154
10,1582,0.153
10,1583,0.152
10,1584,0.198
10,1585,0.155
10,1586,0.163
10,1587,0.153
10,1588,1.105
10,1589,0.154
10,1590,0.153
10,1591,0.153
10,1592,0.172
10,1593,0.154
10,1594,0.153
10,1595,0.160
10,1596,0.165
10,1597,0.154
10,1598,0.153
10,1599,0.152
10,1600,1.035
10,1601,0.153
10,1602,0.153
10,1603,0.153
10,1604,0.156
10,1605,0.167
10,1606,0.153
10,1607,0.153
10,1608,0.155
10,1609,0.157
10,1610,0.152
10,1611,0.152
10,1612,1.589
10,1613,0.154
10,1614,0.156
10,1615,0.156
10,1616,0.182
10,1617,0.153
10,1618,0.153
10,1619,0.169
10,1620,0.162
10,1621,0.154
10,1622,0.153
10,1623,0.152
10,1624,1.047
10,1625,0.154
10,1626,0.153
10,1627,0.156
10,1628,0.161
10,1629,0.156
10,1630,0.154
10,1631,0.153
10,1632,0.163
10,1633,0.154
10,1634,0.153
10,1635,0.153
10,1636,1.231
10,1637,0.153
10,1638,0.153
10,1639,0.153
10,1640,0.168
10,1641,0.154
10,1642,0.153
10,1643,0.154
10,1644,0.173
10,1645,0.154
10,1646,0.152
10,1647,0.153
10,1648,1.071
10,1649,0.153
10,1650,0.154
10,1651,0.154
10,1652,0.178
10,1653,0.167
10,1654,0.161
10,1655,0.155
10,1656,0.154
10,1657,0.155
10,1658,0.157
10,1659,0.153
10,1660,1.032
10,1661,0.154
10,1662,0.154
10,1663,0.154
10,1664,0.173
10,1665,0.152
10,1666,0.153
10,1667,0.152
10,1668,0.173
10,1669,0.154
10,1670,0.153
10,1671,0.153
10,1672,1.441
10,1673,0.154
10,1674,0.153
10,1675,0.161
10,1676,0.169
10,1677,0.153
10,1678,0.153
10,1679,0.152
10,1680,0.165
10,1681,0.154
10,1682,0.152
10,1683,0.153
10,1684,1.208
10,1685,0.167
10,1686,0.162
10,1687,0.153
10,1688,0.154
10,1689,0.179
10,1690,0.155
10,1691,0.152
10,1692,0.175
10,1693,0.155
10,1694,0.155
10,1695,0.158
10,1696,1.170
10,1697,0.154
10,1698,0.162
10,1699,0.152
10,1700,0.153
10,1701,0.153
10,1702,0.153
10,1703,0.152
10,1704,0.167
10,1705,0.154
10,1706,0.153
10,1707,0.153
10,1708,1.299
10,1709,0.154
10,1710,0.153
10,1711,0.153
10,1712,0.179
10,1713,0.157
10,1714,0.161
10,1715,0.169
10,1716,0.154
10,1717,0.153
10,1718,0.154
10,1719,0.155
10,1720,1.120
10,1721,0.155
10,1722,0.153
10,1723,0.153
10,1724,0.177
10,1725,0.154
10,1726,0.166
10,1727,0.154
10,1728,0.154
10,1729,0.157
10,1730,0.153
10,1731,0.153
10,1732,1.087
10,1733,0.155
10,1734,0.153
10,1735,0.154
10,1736,0.171
10,1737,0.154
10,1738,0.153
10,1739,0.153
10,1740,0.180
10,1741,0.154
10,1742,0.163
10,1743,0.154
10,1744,1.232
10,1745,0.166
10,1746,0.154
10,1747,0.164
10,1748,0.154
10,1749,0.153
10,1750,0.153
10,1751,0.154
10,1752,0.165
10,1753,0.161
10,1754,0.158
10,1755,0.157
10,1756,1.187
10,1757,0.165
10,1758,0.153
10,1759,0.154
10,1760,0.173
10,1761,0.164
10,1762,0.152
10,1763,0.172
10,1764,0.158
10,1765,0.165
10,1766,0.152
10,1767,0.154
10,1768,1.161
10,1769,0.154
10,1770,0.152
10,1771,0.153
10,1772,0.178
10,1773,0.156
10,1774,0.160
10,1775,0.153
10,1776,0.154
10,1777,0.153
10,1778,0.154
10,1779,0.157
10,1780,1.499
10,1781,0.153
10,1782,0.152
10,1783,0.153
10,1784,0.178
10,1785,0.154
10,1786,0.152
10,1787,0.153
10,1788,0.161
10,1789,0.153
10,1790,0.153
10,1791,0.153
10,1792,0.844
10,1793,0.153
10,1794,0.154
10,1795,0.152
10,1796,0.170
10,1797,0.156
10,1798,0.153
10,1799,0.153
10,1800,0.164
10,1801,0.154
10,1802,0.153
10,1803,0.153
10,1804,1.149
10,1805,0.156
10,1806,0.154
10,1807,0.152
10,1808,0.172
10,1809,0.155
10,1810,0.172
10,1811,0.154
10,1812,0.154
10,1813,0.154
10,1814,0.153
10,1815,0.153
10,1816,1.006
10,1817,0.154
10,1818,0.153
10,1819,0.154
10,1820,0.162
10,1821,0.155
10,1822,0.163
10,1823,0.154
10,1824,0.157
10,1825,0.153
10,1826,0.165
10,1827,0.152
10,1828,1.138
10,1829,0.153
10,1830,0.152
10,1831,0.154
10,1832,0.168
10,1833,0.155
10,1834,0.153
10,1835,0.155
10,1836,0.166
10,1837,0.153
10,1838,0.153
10,1839,0.153
10,1840,1.417
10,1841,0.158
10,1842,0.152
10,1843,0.161
10,1844,0.154
10,1845,0.154
10,1846,0.153
10,1847,0.153
10,1848,0.183
10,1849,0.162
10,1850,0.153
10,1851,0.152
10,1852,1.106
10,1853,0.153
10,1854,0.160
10,1855,0.158
10,1856,0.164
10,1857,0.154
10,1858,0.153
10,1859,0.152
10,1860,0.169
10,1861,0.155
10,1862,0.153
10,1863,0.152
10,1864,1.394
10,1865,0.162
10,1866,0.153
10,1867,0.153
10,1868,0.160
10,1869,0.153
10,1870,0.153
10,1871,0.154
10,1872,0.172
10,1873,0.155
10,1874,0.154
10,1875,0.161
10,1876,1.064
10,1877,0.153
10,1878,0.153
10,1879,0.155
10,1880,0.167
10,1881,0.153
10,1882,0.154
10,1883,0.152
10,1884,0.182
10,1885,0.160
10,1886,0.152
10,1887,0.153
10,1888,1.182
10,1889,0.153
10,1890,0.154
10,1891,0.152
10,1892,0.164
10,1893,0.153
10,1894,0.153
10,1895,0.153
10,1896,0.169
10,1897,0.154
10,1898,0.163
10,1899,0.160
10,1900,1.064
10,1901,0.155
10,1902,0.153
10,1903,0.152
10,1904,0.172
10,1905,0.155
10,1906,0.153
10,1907,0.154
10,1908,0.187
10,1909,0.156
10,1910,0.175
10,1911,0.155
10,1912,0.970
10,1913,0.154
10,1914,0.153
10,1915,0.152
10,1916,0.188
10,1917,0.153
10,1918,0.153
10,1919,0.152
10,1920,0.177
10,1921,0.153
10,1922,0.162
10,1923,0.152
10,1924,1.644
10,1925,0.154
10,1926,0.153
10,1927,0.152
10,1928,0.165
10,1929,0.165
10,1930,0.156
10,1931,0.159
10,1932,0.153
10,1933,0.156
10,1934,0.152
10,1935,0.153
10,1936,1.145
10,1937,0.154
10,1938,0.152
10,1939,0.153
10,1940,0.170
10,1941,0.153
10,1942,0.152
10,1943,0.153
10,1944,0.170
10,1945,0.155
10,1946,0.161
10,1947,0.154
10,1948,1.244
10,1949,0.154
10,1950,0.153
10,1951,0.154
10,1952,0.166
10,1953,0.154
10,1954,0.154
10,1955,0.154
10,1956,0.167
10,1957,0.154
10,1958,0.152
10,1959,0.154
10,1960,1.311
10,1961,0.154
10,1962,0.154
10,1963,0.153
10,1964,0.173
10,1965,0.171
10,1966,0.157
10,1967,0.153
10,1968,0.153
10,1969,0.153
10,1970,0.155
10,1971,0.163
10,1972,1.054
10,1973,0.154
10,1974,0.152
10,1975,0.153
10,1976,0.195
10,1977,0.161
10,1978,0.152
10,1979,0.152
10,1980,0.165
10,1981,0.153
10,1982,0.158
10,1983,0.162
10,1984,0.965
10,1985,0.168
10,1986,0.153
10,1987,0.153
10,1988,0.154
10,1989,0.156
10,1990,0.153
10,1991,0.153
10,1992,0.161
10,1993,0.154
10,1994,0.152
10,1995,0.153
10,1996,1.087
10,1997,0.154
10,1998,0.152
10,1999,0.153
10,2000,0.176
10,2001,0.156
10,2002,0.153
10,2003,0.152
10,2004,0.169
10,2005,0.154
10,2006,0.162
10,2007,0.163
10,2008,1.182
10,2009,0.154
10,2010,0.152
10,2011,0.153
10,2012,0.177
10,2013,0.155
10,2014,0.152
10,2015,0.153
10,2016,0.161
10,2017,0.154
10,2018,0.153
10,2019,0.152
10,2020,1.558
10,2021,0.153
10,2022,0.153
10,2023,0.154
10,2024,0.158
10,2025,0.160
10,2026,0.152
10,2027,0.161
10,2028,0.173
10,2029,0.156
10,2030,0.153
10,2031,0.152
10,2032,1.018
10,2033,0.164
10,2034,0.153
10,2035,0.153
10,2036,0.171
10,2037,0.163
10,2038,0.155
10,2039,0.153
10,2040,0.164
10,2041,0.154
10,2042,0.157
10,2043,0.162
10,2044,1.258
10,2045,0.154
10,2046,0.154
10,2047,0.153
10,2048,0.179
10,2049,0.164
10,2050,0.152
10,2051,0.164
10,2052,0.154
10,2053,0.154
10,2054,0.172
10,2055,0.154
10,2056,1.252
10,2057,0.154
10,2058,0.153
10,2059,0.154
10,2060,0.154
10,2061,0.154
10,2062,0.153
10,2063,0.155
10,2064,0.175
10,2065,0.154
10,2066,0.154
10,2067,0.156
10,2068,1.106
10,2069,0.156
10,2070,0.162
10,2071,0.152
10,2072,0.154
10,2073,0.154
10,2074,0.160
10,2075,0.162
10,2076,0.153
10,2077,0.154
10,2078,0.153
10,2079,0.155
10,2080,1.058
10,2081,0.167
10,2082,0.152
10,2083,0.153
10,2084,0.157
10,2085,0.158
10,2086,0.163
10,2087,0.155
10,2088,0.167
10,2089,0.160
10,2090,0.161
10,2091,0.152
10,2092,1.038
10,2093,0.159
10,2094,0.152
10,2095,0.153
10,2096,0.156
10,2097,0.153
10,2098,0.165
10,2099,0.153
10,2100,0.173
10,2101,0.154
10,2102,0.153
10,2103,0.153
10,2104,1.073
10,2105,0.155
10,2106,0.152
10,2107,0.156
10,2108,0.177
10,2109,0.164
10,2110,0.154
10,2111,0.153
10,2112,0.169
10,2113,0.157
10,2114,0.152
10,2115,0.162
10,2116,1.124
10,2117,0.163
10,2118,0.153
10,2119,0.156
10,2120,0.154
10,2121,0.154
10,2122,0.155
10,2123,0.152
10,2124,0.165
10,2125,0.154
10,2126,0.153
10,2127,0.153
10,2128,1.130
10,2129,0.155
10,2130,0.153
10,2131,0.154
10,2132,0.162
10,2133,0.158
10,2134,0.161
10,2135,0.153
10,2136,0.162
10,2137,0.154
10,2138,0.152
10,2139,0.163
10,2140,1.230
10,2141,0.154
10,2142,0.154
10,2143,0.161
10,2144,0.165
10,2145,0.155
10,2146,0.152
10,2147,0.164
10,2148,0.166
10,2149,0.154
10,2150,0.157
10,2151,0.171
10,2152,1.101
10,2153,0.160
10,2154,0.153
10,2155,0.153
10,2156,0.158
10,2157,0.154
10,2158,0.153
10,2159,0.153
10,2160,0.199
10,2161,0.155
10,2162,0.159
10,2163,0.153
10,2164,1.106
10,2165,0.156
10,2166,0.154
10,2167,0.153
10,2168,0.173
10,2169,0.166
10,2170,0.152
10,2171,0.153
10,2172,0.156
10,2173,0.165
10,2174,0.157
10,2175,0.153
10,2176,1.144
10,2177,0.154
10,2178,0.152
10,2179,0.171
10,2180,0.161
10,2181,0.163
10,2182,0.153
10,2183,0.164
10,2184,0.156
10,2185,0.164
10,2186,0.153
10,2187,0.152
10,2188,1.009
10,2189,0.154
10,2190,0.153
10,2191,0.155
10,2192,0.180
10,2193,0.153
10,2194,0.165
10,2195,0.152
10,2196,0.155
10,2197,0.155
10,2198,0.160
10,2199,0.154
10,2200,1.065
10,2201,0.159
10,2202,0.152
10,2203,0.153
10,2204,0.172
10,2205,0.159
10,2206,0.152
10,2207,0.156
10,2208,0.174
10,2209,0.154
10,2210,0.155
10,2211,0.153
10,2212,1.164
10,2213,0.154
10,2214,0.153
10,2215,0.171
10,2216,0.170
10,2217,0.155
10,2218,0.152
10,2219,0.161
10,2220,0.157
10,2221,0.154
10,2222,0.153
10,2223,0.153
10,2224,1.263
10,2225,0.154
10,2226,0.152
10,2227,0.154
10,2228,0.168
10,2229,0.168
10,2230,0.153
10,2231,0.152
10,2232,0.159
10,2233,0.154
10,2234,0.154
10,2235,0.164
10,2236,1.207
10,2237,0.154
10,2238,0.153
10,2239,0.152
10,2240,0.173
10,2241,0.153
10,2242,0.165
10,2243,0.159
10,2244,0.164
10,2245,0.154
10,2246,0.161
10,2247,0.153
10,2248,1.102
10,2249,0.159
10,2250,0.153
10,2251,0.153
10,2252,0.162
10,2253,0.171
10,2254,0.153
10,2255,0.152
10,2256,0.159
10,2257,0.154
10,2258,0.154
10,2259,0.153
10,2260,1.188
10,2261,0.153
10,2262,0.153
10,2263,0.153
10,2264,0.178
10,2265,0.154
10,2266,0.152
10,2267,0.154
10,2268,0.161
10,2269,0.154
10,2270,0.164
10,2271,0.154
10,2272,1.027
10,2273,0.154
10,2274,0.153
10,2275,0.153
10,2276,0.166
10,2277,0.154
10,2278,0.152
10,2279,0.153
10,2280,0.172
10,2281,0.156
10,2282,0.154
10,2283,0.154
10,2284,1.117
10,2285,0.166
10,2286,0.153
10,2287,0.153
10,2288,0.183
10,2289,0.155
10,2290,0.152
10,2291,0.160
10,2292,0.194
10,2293,0.159
10,2294,0.152
10,2295,0.153
10,2296,1.110
10,2297,0.154
10,2298,0.153
10,2299,0.153
10,2300,0.162
10,2301,0.153
10,2302,0.153
10,2303,0.153
10,2304,0.182
10,2305,0.153
10,2306,0.154
10,2307,0.164
10,2308,1.404
10,2309,0.154
10,2310,0.152
10,2311,0.162
10,2312,0.160
10,2313,0.153
10,2314,0.152
10,2315,0.153
10,2316,0.162
10,2317,0.154
10,2318,0.153
10,2319,0.152
10,2320,1.064
10,2321,0.164
10,2322,0.152
10,2323,0.154
10,2324,0.172
10,2325,0.154
10,2326,0.155
10,2327,0.157
10,2328,0.212
10,2329,0.155
10,2330,0.161
10,2331,0.152
10,2332,1.083
10,2333,0.175
10,2334,0.152
10,2335,0.153
10,2336,0.154
10,2337,0.155
10,2338,0.152
10,2339,0.153
10,2340,0.167
10,2341,0.155
10,2342,0.154
10,2343,0.156
10,2344,1.058
10,2345,0.155
10,2346,0.152
10,2347,0.158
10,2348,0.163
10,2349,0.158
10,2350,0.158
10,2351,0.153
10,2352,0.170
10,2353,0.160
10,2354,0.153
10,2355,0.153
10,2356,1.084
10,2357,0.156
10,2358,0.153
10,2359,0.165
10,2360,0.162
10,2361,0.154
10,2362,0.152
10,2363,0.159
10,2364,0.155
10,2365,0.154
10,2366,0.153
10,2367,0.153
10,2368,1.575
10,2369,0.153
10,2370,0.153
10,2371,0.154
10,2372,0.166
10,2373,0.153
10,2374,0.160
10,2375,0.162
10,2376,0.157
10,2377,0.153
10,2378,0.152
10,2379,0.152
10,2380,0.442
10,2381,0.153
10,2382,0.154
10,2383,0.153
10,2384,0.153
10,2385,0.154
10,2386,0.152
10,2387,0.153
10,2388,0.156
10,2389,0.157
10,2390,0.161
10,2391,0.153
10,2392,1.276
10,2393,0.156
10,2394,0.153
10,2395,0.153
10,2396,0.159
10,2397,0.154
10,2398,0.153
10,2399,0.153
10,2400,0.165
10,2401,0.162
10,2402,0.153
10,2403,0.152
10,2404,1.208
10,2405,0.154
10,2406,0.154
10,2407,0.153
10,2408,0.168
10,2409,0.153
10,2410,0.153
10,2411,0.160
10,2412,0.153
10,2413,0.153
10,2414,0.153
10,2415,0.159
10,2416,1.750
10,2417,0.154
10,2418,0.153
10,2419,0.152
10,2420,0.154
10,2421,0.153
10,2422,0.162
10,2423,0.153
10,2424,0.169
10,2425,0.154
10,2426,0.153
10,2427,0.154
10,2428,1.169
10,2429,0.154
10,2430,0.152
10,2431,0.153
10,2432,0.188
10,2433,0.154
10,2434,0.154
10,2435,0.152
10,2436,0.162
10,2437,0.162
10,2438,0.153
10,2439,0.154
10,2440,1.164
10,2441,0.153
10,2442,0.153
10,2443,0.154
10,2444,0.161
10,2445,0.154
10,2446,0.152
10,2447,0.164
10,2448,0.161
10,2449,0.155
10,2450,0.153
10,2451,0.153
10,2452,1.467
10,2453,0.158
10,2454,0.153
10,2455,0.154
10,2456,0.159
10,2457,0.171
10,2458,0.166
10,2459,0.152
10,2460,0.155
10,2461,0.180
10,2462,0.161
10,2463,0.153
10,2464,0.746
10,2465,0.176
10,2466,0.153
10,2467,0.153
10,2468,0.163
10,2469,0.153
10,2470,0.155
10,2471,0.169
10,2472,0.154
10,2473,0.160
10,2474,0.153
10,2475,0.154
10,2476,1.080
10,2477,0.155
10,2478,0.154
10,2479,0.153
10,2480,0.183
10,2481,0.163
10,2482,0.154
10,2483,0.155
10,2484,0.172
10,2485,0.153
10,2486,0.153
10,2487,0.153
10,2488,1.035
10,2489,0.154
10,2490,0.153
10,2491,0.153
10,2492,0.178
10,2493,0.156
10,2494,0.174
10,2495,0.153
10,2496,0.156
10,2497,0.155
10,2498,0.160
10,2499,0.161
10,2500,1.027
