[2026-06-16 10:12:00,716][root][INFO] - Recurrent UNet Model Successfully Configured and Initialized.
[2026-06-16 10:12:00,719][root][INFO] - Starting from scratch (no valid checkpoint provided).
[2026-06-16 10:12:01,238][root][INFO] - Train: 4480000 samples, Val: 640000 samples
[2026-06-16 10:12:03,556][root][INFO] - Starting training from epoch 1
[2026-06-16 10:12:11,344][root][INFO] - Epoch [1/5], Batch [1/300], Loss: 2.2801 (Overall: 2.2177, Change: 2.3426), TF Ratio: 1.000
[2026-06-16 10:12:11,546][root][INFO] - Epoch [1/5], Batch [2/300], Loss: 2.2386 (Overall: 2.0106, Change: 2.3834), TF Ratio: 1.000
[2026-06-16 10:12:11,715][root][INFO] - Epoch [1/5], Batch [3/300], Loss: 2.2789 (Overall: 2.1846, Change: 2.5346), TF Ratio: 0.999
[2026-06-16 10:12:12,340][root][INFO] - Epoch [1/5], Batch [4/300], Loss: 2.2672 (Overall: 2.2573, Change: 2.2072), TF Ratio: 0.999
[2026-06-16 10:12:12,517][root][INFO] - Epoch [1/5], Batch [5/300], Loss: 2.2227 (Overall: 1.9960, Change: 2.0937), TF Ratio: 0.999
[2026-06-16 10:12:12,678][root][INFO] - Epoch [1/5], Batch [6/300], Loss: 2.1937 (Overall: 2.0608, Change: 2.0361), TF Ratio: 0.999
[2026-06-16 10:12:12,830][root][INFO] - Epoch [1/5], Batch [7/300], Loss: 2.1689 (Overall: 1.9372, Change: 2.1035), TF Ratio: 0.999
[2026-06-16 10:12:13,018][root][INFO] - Epoch [1/5], Batch [8/300], Loss: 2.1307 (Overall: 1.9014, Change: 1.8251), TF Ratio: 0.998
[2026-06-16 10:12:13,171][root][INFO] - Epoch [1/5], Batch [9/300], Loss: 2.1298 (Overall: 1.9591, Change: 2.2858), TF Ratio: 0.998
[2026-06-16 10:12:13,330][root][INFO] - Epoch [1/5], Batch [10/300], Loss: 2.1133 (Overall: 1.8742, Change: 2.0545), TF Ratio: 0.998
[2026-06-16 10:12:13,482][root][INFO] - Epoch [1/5], Batch [11/300], Loss: 2.1063 (Overall: 1.7436, Change: 2.3301), TF Ratio: 0.998
[2026-06-16 10:12:13,697][root][INFO] - Epoch [1/5], Batch [12/300], Loss: 2.0995 (Overall: 1.8566, Change: 2.1924), TF Ratio: 0.998
[2026-06-16 10:12:13,850][root][INFO] - Epoch [1/5], Batch [13/300], Loss: 2.0659 (Overall: 1.6102, Change: 1.7144), TF Ratio: 0.997
[2026-06-16 10:12:14,002][root][INFO] - Epoch [1/5], Batch [14/300], Loss: 2.0400 (Overall: 1.6706, Change: 1.7357), TF Ratio: 0.997
[2026-06-16 10:12:14,160][root][INFO] - Epoch [1/5], Batch [15/300], Loss: 2.0060 (Overall: 1.5880, Change: 1.4730), TF Ratio: 0.997
[2026-06-16 10:12:14,314][root][INFO] - Epoch [1/5], Batch [16/300], Loss: 1.9938 (Overall: 1.6564, Change: 1.9647), TF Ratio: 0.997
[2026-06-16 10:12:14,480][root][INFO] - Epoch [1/5], Batch [17/300], Loss: 1.9766 (Overall: 1.6420, Change: 1.7619), TF Ratio: 0.997
[2026-06-16 10:12:14,633][root][INFO] - Epoch [1/5], Batch [18/300], Loss: 1.9623 (Overall: 1.6253, Change: 1.8133), TF Ratio: 0.996
[2026-06-16 10:12:14,786][root][INFO] - Epoch [1/5], Batch [19/300], Loss: 1.9418 (Overall: 1.5326, Change: 1.6137), TF Ratio: 0.996
[2026-06-16 10:12:14,948][root][INFO] - Epoch [1/5], Batch [20/300], Loss: 1.9352 (Overall: 1.6768, Change: 1.9426), TF Ratio: 0.996
[2026-06-16 10:12:15,102][root][INFO] - Epoch [1/5], Batch [21/300], Loss: 1.9303 (Overall: 1.6572, Change: 2.0071), TF Ratio: 0.996
[2026-06-16 10:12:15,255][root][INFO] - Epoch [1/5], Batch [22/300], Loss: 1.9223 (Overall: 1.5664, Change: 1.9400), TF Ratio: 0.996
[2026-06-16 10:12:15,408][root][INFO] - Epoch [1/5], Batch [23/300], Loss: 1.9025 (Overall: 1.4146, Change: 1.5198), TF Ratio: 0.995
[2026-06-16 10:12:15,568][root][INFO] - Epoch [1/5], Batch [24/300], Loss: 1.8946 (Overall: 1.4564, Change: 1.9727), TF Ratio: 0.995
[2026-06-16 10:12:15,723][root][INFO] - Epoch [1/5], Batch [25/300], Loss: 1.8848 (Overall: 1.4947, Change: 1.8034), TF Ratio: 0.995
[2026-06-16 10:12:15,875][root][INFO] - Epoch [1/5], Batch [26/300], Loss: 1.8776 (Overall: 1.5739, Change: 1.8208), TF Ratio: 0.995
[2026-06-16 10:12:16,028][root][INFO] - Epoch [1/5], Batch [27/300], Loss: 1.8671 (Overall: 1.5259, Change: 1.6608), TF Ratio: 0.995
[2026-06-16 10:12:16,187][root][INFO] - Epoch [1/5], Batch [28/300], Loss: 1.8621 (Overall: 1.7842, Change: 1.6727), TF Ratio: 0.994
[2026-06-16 10:12:16,353][root][INFO] - Epoch [1/5], Batch [29/300], Loss: 1.8487 (Overall: 1.4301, Change: 1.5169), TF Ratio: 0.994
[2026-06-16 10:12:16,506][root][INFO] - Epoch [1/5], Batch [30/300], Loss: 1.8412 (Overall: 1.4193, Change: 1.8254), TF Ratio: 0.994
[2026-06-16 10:12:16,663][root][INFO] - Epoch [1/5], Batch [31/300], Loss: 1.8316 (Overall: 1.3549, Change: 1.7347), TF Ratio: 0.994
[2026-06-16 10:12:16,822][root][INFO] - Epoch [1/5], Batch [32/300], Loss: 1.8235 (Overall: 1.4914, Change: 1.6527), TF Ratio: 0.994
[2026-06-16 10:12:16,981][root][INFO] - Epoch [1/5], Batch [33/300], Loss: 1.8164 (Overall: 1.3582, Change: 1.8167), TF Ratio: 0.993
[2026-06-16 10:12:17,134][root][INFO] - Epoch [1/5], Batch [34/300], Loss: 1.8099 (Overall: 1.4754, Change: 1.7170), TF Ratio: 0.993
[2026-06-16 10:12:17,286][root][INFO] - Epoch [1/5], Batch [35/300], Loss: 1.8138 (Overall: 2.0293, Change: 1.8672), TF Ratio: 0.993
[2026-06-16 10:12:17,451][root][INFO] - Epoch [1/5], Batch [36/300], Loss: 1.8058 (Overall: 1.3871, Change: 1.6614), TF Ratio: 0.993
[2026-06-16 10:12:17,605][root][INFO] - Epoch [1/5], Batch [37/300], Loss: 1.8002 (Overall: 1.4308, Change: 1.7697), TF Ratio: 0.993
[2026-06-16 10:12:17,758][root][INFO] - Epoch [1/5], Batch [38/300], Loss: 1.7928 (Overall: 1.3205, Change: 1.7114), TF Ratio: 0.992
[2026-06-16 10:12:17,911][root][INFO] - Epoch [1/5], Batch [39/300], Loss: 1.7854 (Overall: 1.4657, Change: 1.5484), TF Ratio: 0.992
[2026-06-16 10:12:18,075][root][INFO] - Epoch [1/5], Batch [40/300], Loss: 1.7744 (Overall: 1.5037, Change: 1.1809), TF Ratio: 0.992
[2026-06-16 10:12:18,247][root][INFO] - Epoch [1/5], Batch [41/300], Loss: 1.7619 (Overall: 1.2414, Change: 1.2899), TF Ratio: 0.992
[2026-06-16 10:12:18,399][root][INFO] - Epoch [1/5], Batch [42/300], Loss: 1.7580 (Overall: 1.3087, Change: 1.8822), TF Ratio: 0.992
[2026-06-16 10:12:18,552][root][INFO] - Epoch [1/5], Batch [43/300], Loss: 1.7593 (Overall: 1.3583, Change: 2.2690), TF Ratio: 0.991
[2026-06-16 10:12:18,718][root][INFO] - Epoch [1/5], Batch [44/300], Loss: 1.7529 (Overall: 1.1890, Change: 1.7668), TF Ratio: 0.991
[2026-06-16 10:12:18,872][root][INFO] - Epoch [1/5], Batch [45/300], Loss: 1.7506 (Overall: 1.3773, Change: 1.9259), TF Ratio: 0.991
[2026-06-16 10:12:19,030][root][INFO] - Epoch [1/5], Batch [46/300], Loss: 1.7512 (Overall: 1.1482, Change: 2.4088), TF Ratio: 0.991
[2026-06-16 10:12:19,185][root][INFO] - Epoch [1/5], Batch [47/300], Loss: 1.7466 (Overall: 1.2757, Change: 1.7952), TF Ratio: 0.991
[2026-06-16 10:12:19,367][root][INFO] - Epoch [1/5], Batch [48/300], Loss: 1.7397 (Overall: 1.2059, Change: 1.6200), TF Ratio: 0.990
[2026-06-16 10:12:19,523][root][INFO] - Epoch [1/5], Batch [49/300], Loss: 1.7313 (Overall: 1.1555, Change: 1.4975), TF Ratio: 0.990
[2026-06-16 10:12:19,675][root][INFO] - Epoch [1/5], Batch [50/300], Loss: 1.7275 (Overall: 1.4211, Change: 1.6636), TF Ratio: 0.990
[2026-06-16 10:12:19,828][root][INFO] - Epoch [1/5], Batch [51/300], Loss: 1.7198 (Overall: 1.3581, Change: 1.3111), TF Ratio: 0.990
[2026-06-16 10:12:19,994][root][INFO] - Epoch [1/5], Batch [52/300], Loss: 1.7156 (Overall: 1.2825, Change: 1.7207), TF Ratio: 0.990
[2026-06-16 10:12:20,158][root][INFO] - Epoch [1/5], Batch [53/300], Loss: 1.7089 (Overall: 1.2610, Change: 1.4583), TF Ratio: 0.989
[2026-06-16 10:12:20,311][root][INFO] - Epoch [1/5], Batch [54/300], Loss: 1.7031 (Overall: 1.1812, Change: 1.6184), TF Ratio: 0.989
[2026-06-16 10:12:20,520][root][INFO] - Epoch [1/5], Batch [55/300], Loss: 1.7011 (Overall: 1.2918, Change: 1.8902), TF Ratio: 0.989
[2026-06-16 10:12:20,673][root][INFO] - Epoch [1/5], Batch [56/300], Loss: 1.6981 (Overall: 1.2703, Change: 1.8007), TF Ratio: 0.989
[2026-06-16 10:12:20,827][root][INFO] - Epoch [1/5], Batch [57/300], Loss: 1.6942 (Overall: 1.2327, Change: 1.7150), TF Ratio: 0.989
[2026-06-16 10:12:20,979][root][INFO] - Epoch [1/5], Batch [58/300], Loss: 1.6927 (Overall: 1.5034, Change: 1.7096), TF Ratio: 0.988
[2026-06-16 10:12:21,149][root][INFO] - Epoch [1/5], Batch [59/300], Loss: 1.6875 (Overall: 1.0882, Change: 1.6886), TF Ratio: 0.988
[2026-06-16 10:12:21,311][root][INFO] - Epoch [1/5], Batch [60/300], Loss: 1.6824 (Overall: 1.1704, Change: 1.5821), TF Ratio: 0.988
[2026-06-16 10:12:21,464][root][INFO] - Epoch [1/5], Batch [61/300], Loss: 1.6783 (Overall: 1.2419, Change: 1.6268), TF Ratio: 0.988
[2026-06-16 10:12:21,617][root][INFO] - Epoch [1/5], Batch [62/300], Loss: 1.6745 (Overall: 1.1819, Change: 1.7024), TF Ratio: 0.988
[2026-06-16 10:12:21,770][root][INFO] - Epoch [1/5], Batch [63/300], Loss: 1.6731 (Overall: 1.3439, Change: 1.8347), TF Ratio: 0.987
[2026-06-16 10:12:21,947][root][INFO] - Epoch [1/5], Batch [64/300], Loss: 1.6740 (Overall: 1.4288, Change: 2.0269), TF Ratio: 0.987
[2026-06-16 10:12:22,107][root][INFO] - Epoch [1/5], Batch [65/300], Loss: 1.6695 (Overall: 1.2246, Change: 1.5345), TF Ratio: 0.987
[2026-06-16 10:12:22,260][root][INFO] - Epoch [1/5], Batch [66/300], Loss: 1.6627 (Overall: 1.2630, Change: 1.1859), TF Ratio: 0.987
[2026-06-16 10:12:22,421][root][INFO] - Epoch [1/5], Batch [67/300], Loss: 1.6598 (Overall: 1.3437, Change: 1.5889), TF Ratio: 0.987
[2026-06-16 10:12:22,589][root][INFO] - Epoch [1/5], Batch [68/300], Loss: 1.6584 (Overall: 1.4262, Change: 1.7075), TF Ratio: 0.986
[2026-06-16 10:12:22,752][root][INFO] - Epoch [1/5], Batch [69/300], Loss: 1.6543 (Overall: 1.1566, Change: 1.5891), TF Ratio: 0.986
[2026-06-16 10:12:22,914][root][INFO] - Epoch [1/5], Batch [70/300], Loss: 1.6511 (Overall: 1.3007, Change: 1.5582), TF Ratio: 0.986
[2026-06-16 10:12:23,066][root][INFO] - Epoch [1/5], Batch [71/300], Loss: 1.6475 (Overall: 1.1555, Change: 1.6411), TF Ratio: 0.986
[2026-06-16 10:12:23,222][root][INFO] - Epoch [1/5], Batch [72/300], Loss: 1.6423 (Overall: 1.0821, Change: 1.4610), TF Ratio: 0.986
[2026-06-16 10:12:23,376][root][INFO] - Epoch [1/5], Batch [73/300], Loss: 1.6414 (Overall: 1.4321, Change: 1.7268), TF Ratio: 0.985
[2026-06-16 10:12:23,528][root][INFO] - Epoch [1/5], Batch [74/300], Loss: 1.6395 (Overall: 1.2411, Change: 1.7607), TF Ratio: 0.985
[2026-06-16 10:12:23,692][root][INFO] - Epoch [1/5], Batch [75/300], Loss: 1.6377 (Overall: 1.2736, Change: 1.7295), TF Ratio: 0.985
[2026-06-16 10:12:23,857][root][INFO] - Epoch [1/5], Batch [76/300], Loss: 1.6333 (Overall: 1.0842, Change: 1.5231), TF Ratio: 0.985
[2026-06-16 10:12:24,023][root][INFO] - Epoch [1/5], Batch [77/300], Loss: 1.6308 (Overall: 1.1205, Change: 1.7669), TF Ratio: 0.985
[2026-06-16 10:12:24,186][root][INFO] - Epoch [1/5], Batch [78/300], Loss: 1.6300 (Overall: 1.2885, Change: 1.8485), TF Ratio: 0.984
[2026-06-16 10:12:24,339][root][INFO] - Epoch [1/5], Batch [79/300], Loss: 1.6282 (Overall: 1.2034, Change: 1.7675), TF Ratio: 0.984
[2026-06-16 10:12:24,493][root][INFO] - Epoch [1/5], Batch [80/300], Loss: 1.6231 (Overall: 1.0270, Change: 1.4203), TF Ratio: 0.984
[2026-06-16 10:12:24,646][root][INFO] - Epoch [1/5], Batch [81/300], Loss: 1.6192 (Overall: 1.0830, Change: 1.5310), TF Ratio: 0.984
[2026-06-16 10:12:24,798][root][INFO] - Epoch [1/5], Batch [82/300], Loss: 1.6188 (Overall: 1.3034, Change: 1.8709), TF Ratio: 0.984
[2026-06-16 10:12:24,966][root][INFO] - Epoch [1/5], Batch [83/300], Loss: 1.6159 (Overall: 1.0402, Change: 1.7021), TF Ratio: 0.983
[2026-06-16 10:12:25,126][root][INFO] - Epoch [1/5], Batch [84/300], Loss: 1.6133 (Overall: 1.2283, Change: 1.5680), TF Ratio: 0.983
[2026-06-16 10:12:25,282][root][INFO] - Epoch [1/5], Batch [85/300], Loss: 1.6078 (Overall: 1.0604, Change: 1.2343), TF Ratio: 0.983
[2026-06-16 10:12:25,435][root][INFO] - Epoch [1/5], Batch [86/300], Loss: 1.6047 (Overall: 1.1920, Change: 1.4847), TF Ratio: 0.983
[2026-06-16 10:12:25,587][root][INFO] - Epoch [1/5], Batch [87/300], Loss: 1.6013 (Overall: 1.1309, Change: 1.4915), TF Ratio: 0.983
[2026-06-16 10:12:25,767][root][INFO] - Epoch [1/5], Batch [88/300], Loss: 1.5990 (Overall: 1.2629, Change: 1.5385), TF Ratio: 0.982
[2026-06-16 10:12:25,921][root][INFO] - Epoch [1/5], Batch [89/300], Loss: 1.5991 (Overall: 1.1537, Change: 2.0648), TF Ratio: 0.982
[2026-06-16 10:12:26,073][root][INFO] - Epoch [1/5], Batch [90/300], Loss: 1.5988 (Overall: 1.1357, Change: 2.0006), TF Ratio: 0.982
[2026-06-16 10:12:26,225][root][INFO] - Epoch [1/5], Batch [91/300], Loss: 1.5980 (Overall: 1.1250, Change: 1.9298), TF Ratio: 0.982
[2026-06-16 10:12:26,396][root][INFO] - Epoch [1/5], Batch [92/300], Loss: 1.5951 (Overall: 1.2798, Change: 1.3855), TF Ratio: 0.982
[2026-06-16 10:12:26,549][root][INFO] - Epoch [1/5], Batch [93/300], Loss: 1.5930 (Overall: 1.0604, Change: 1.7357), TF Ratio: 0.981
[2026-06-16 10:12:26,703][root][INFO] - Epoch [1/5], Batch [94/300], Loss: 1.5927 (Overall: 1.1671, Change: 1.9651), TF Ratio: 0.981
[2026-06-16 10:12:26,858][root][INFO] - Epoch [1/5], Batch [95/300], Loss: 1.5917 (Overall: 1.1463, Change: 1.8433), TF Ratio: 0.981
[2026-06-16 10:12:27,020][root][INFO] - Epoch [1/5], Batch [96/300], Loss: 1.5914 (Overall: 1.2750, Change: 1.8583), TF Ratio: 0.981
[2026-06-16 10:12:27,173][root][INFO] - Epoch [1/5], Batch [97/300], Loss: 1.5889 (Overall: 0.9545, Change: 1.7339), TF Ratio: 0.981
[2026-06-16 10:12:27,325][root][INFO] - Epoch [1/5], Batch [98/300], Loss: 1.5881 (Overall: 1.3602, Change: 1.6688), TF Ratio: 0.980
[2026-06-16 10:12:27,479][root][INFO] - Epoch [1/5], Batch [99/300], Loss: 1.5868 (Overall: 1.2400, Change: 1.6693), TF Ratio: 0.980
[2026-06-16 10:12:27,654][root][INFO] - Epoch [1/5], Batch [100/300], Loss: 1.5839 (Overall: 1.1463, Change: 1.4586), TF Ratio: 0.980
[2026-06-16 10:12:27,816][root][INFO] - Epoch [1/5], Batch [101/300], Loss: 1.5818 (Overall: 1.2154, Change: 1.5284), TF Ratio: 0.980
[2026-06-16 10:12:27,968][root][INFO] - Epoch [1/5], Batch [102/300], Loss: 1.5791 (Overall: 1.2605, Change: 1.3461), TF Ratio: 0.980
[2026-06-16 10:12:28,121][root][INFO] - Epoch [1/5], Batch [103/300], Loss: 1.5770 (Overall: 1.2128, Change: 1.5197), TF Ratio: 0.979
[2026-06-16 10:12:28,279][root][INFO] - Epoch [1/5], Batch [104/300], Loss: 1.5785 (Overall: 1.6160, Change: 1.8558), TF Ratio: 0.979
[2026-06-16 10:12:28,432][root][INFO] - Epoch [1/5], Batch [105/300], Loss: 1.5769 (Overall: 1.0359, Change: 1.7674), TF Ratio: 0.979
[2026-06-16 10:12:28,584][root][INFO] - Epoch [1/5], Batch [106/300], Loss: 1.5745 (Overall: 1.1052, Change: 1.5513), TF Ratio: 0.979
[2026-06-16 10:12:28,737][root][INFO] - Epoch [1/5], Batch [107/300], Loss: 1.5717 (Overall: 1.0493, Change: 1.5063), TF Ratio: 0.979
[2026-06-16 10:12:28,925][root][INFO] - Epoch [1/5], Batch [108/300], Loss: 1.5685 (Overall: 1.1850, Change: 1.2644), TF Ratio: 0.978
[2026-06-16 10:12:29,080][root][INFO] - Epoch [1/5], Batch [109/300], Loss: 1.5687 (Overall: 1.2307, Change: 1.9497), TF Ratio: 0.978
[2026-06-16 10:12:29,236][root][INFO] - Epoch [1/5], Batch [110/300], Loss: 1.5674 (Overall: 1.1030, Change: 1.7472), TF Ratio: 0.978
[2026-06-16 10:12:29,389][root][INFO] - Epoch [1/5], Batch [111/300], Loss: 1.5647 (Overall: 1.0949, Change: 1.4303), TF Ratio: 0.978
[2026-06-16 10:12:29,551][root][INFO] - Epoch [1/5], Batch [112/300], Loss: 1.5606 (Overall: 1.0381, Change: 1.1852), TF Ratio: 0.978
[2026-06-16 10:12:29,706][root][INFO] - Epoch [1/5], Batch [113/300], Loss: 1.5593 (Overall: 1.1702, Change: 1.6418), TF Ratio: 0.977
[2026-06-16 10:12:29,859][root][INFO] - Epoch [1/5], Batch [114/300], Loss: 1.5562 (Overall: 1.1566, Change: 1.2717), TF Ratio: 0.977
[2026-06-16 10:12:30,013][root][INFO] - Epoch [1/5], Batch [115/300], Loss: 1.5539 (Overall: 1.0577, Change: 1.5161), TF Ratio: 0.977
[2026-06-16 10:12:30,187][root][INFO] - Epoch [1/5], Batch [116/300], Loss: 1.5519 (Overall: 1.0579, Change: 1.5824), TF Ratio: 0.977
[2026-06-16 10:12:30,341][root][INFO] - Epoch [1/5], Batch [117/300], Loss: 1.5488 (Overall: 1.0035, Change: 1.3832), TF Ratio: 0.977
[2026-06-16 10:12:30,510][root][INFO] - Epoch [1/5], Batch [118/300], Loss: 1.5480 (Overall: 0.9784, Change: 1.9372), TF Ratio: 0.976
[2026-06-16 10:12:30,675][root][INFO] - Epoch [1/5], Batch [119/300], Loss: 1.5464 (Overall: 1.1170, Change: 1.5860), TF Ratio: 0.976
[2026-06-16 10:12:30,838][root][INFO] - Epoch [1/5], Batch [120/300], Loss: 1.5446 (Overall: 1.1596, Change: 1.5111), TF Ratio: 0.976
[2026-06-16 10:12:31,007][root][INFO] - Epoch [1/5], Batch [121/300], Loss: 1.5427 (Overall: 1.1697, Change: 1.4559), TF Ratio: 0.976
[2026-06-16 10:12:31,161][root][INFO] - Epoch [1/5], Batch [122/300], Loss: 1.5405 (Overall: 1.2412, Change: 1.2982), TF Ratio: 0.976
[2026-06-16 10:12:31,315][root][INFO] - Epoch [1/5], Batch [123/300], Loss: 1.5368 (Overall: 0.9868, Change: 1.2010), TF Ratio: 0.975
[2026-06-16 10:12:31,474][root][INFO] - Epoch [1/5], Batch [124/300], Loss: 1.5417 (Overall: 1.6972, Change: 2.5725), TF Ratio: 0.975
[2026-06-16 10:12:31,628][root][INFO] - Epoch [1/5], Batch [125/300], Loss: 1.5454 (Overall: 1.2091, Change: 2.8132), TF Ratio: 0.975
[2026-06-16 10:12:31,787][root][INFO] - Epoch [1/5], Batch [126/300], Loss: 1.5424 (Overall: 0.9467, Change: 1.3865), TF Ratio: 0.975
[2026-06-16 10:12:31,940][root][INFO] - Epoch [1/5], Batch [127/300], Loss: 1.5412 (Overall: 1.1210, Change: 1.6628), TF Ratio: 0.975
[2026-06-16 10:12:32,112][root][INFO] - Epoch [1/5], Batch [128/300], Loss: 1.5399 (Overall: 1.1672, Change: 1.5853), TF Ratio: 0.974
[2026-06-16 10:12:32,266][root][INFO] - Epoch [1/5], Batch [129/300], Loss: 1.5376 (Overall: 0.9743, Change: 1.4994), TF Ratio: 0.974
[2026-06-16 10:12:32,419][root][INFO] - Epoch [1/5], Batch [130/300], Loss: 1.5367 (Overall: 1.0659, Change: 1.7668), TF Ratio: 0.974
[2026-06-16 10:12:32,575][root][INFO] - Epoch [1/5], Batch [131/300], Loss: 1.5362 (Overall: 1.3271, Change: 1.6368), TF Ratio: 0.974
[2026-06-16 10:12:32,734][root][INFO] - Epoch [1/5], Batch [132/300], Loss: 1.5340 (Overall: 1.0687, Change: 1.4024), TF Ratio: 0.974
[2026-06-16 10:12:32,888][root][INFO] - Epoch [1/5], Batch [133/300], Loss: 1.5325 (Overall: 1.0047, Change: 1.6846), TF Ratio: 0.973
[2026-06-16 10:12:33,042][root][INFO] - Epoch [1/5], Batch [134/300], Loss: 1.5316 (Overall: 1.1428, Change: 1.6621), TF Ratio: 0.973
[2026-06-16 10:12:33,207][root][INFO] - Epoch [1/5], Batch [135/300], Loss: 1.5303 (Overall: 1.0462, Change: 1.6661), TF Ratio: 0.973
[2026-06-16 10:12:33,363][root][INFO] - Epoch [1/5], Batch [136/300], Loss: 1.5289 (Overall: 0.9000, Change: 1.7799), TF Ratio: 0.973
[2026-06-16 10:12:33,526][root][INFO] - Epoch [1/5], Batch [137/300], Loss: 1.5286 (Overall: 1.2431, Change: 1.7470), TF Ratio: 0.973
[2026-06-16 10:12:33,684][root][INFO] - Epoch [1/5], Batch [138/300], Loss: 1.5274 (Overall: 1.0669, Change: 1.6597), TF Ratio: 0.972
[2026-06-16 10:12:33,839][root][INFO] - Epoch [1/5], Batch [139/300], Loss: 1.5261 (Overall: 1.1358, Change: 1.5518), TF Ratio: 0.972
[2026-06-16 10:12:34,000][root][INFO] - Epoch [1/5], Batch [140/300], Loss: 1.5243 (Overall: 1.0174, Change: 1.5221), TF Ratio: 0.972
[2026-06-16 10:12:34,155][root][INFO] - Epoch [1/5], Batch [141/300], Loss: 1.5226 (Overall: 1.0734, Change: 1.5020), TF Ratio: 0.972
[2026-06-16 10:12:34,320][root][INFO] - Epoch [1/5], Batch [142/300], Loss: 1.5212 (Overall: 1.1757, Change: 1.4638), TF Ratio: 0.972
[2026-06-16 10:12:34,473][root][INFO] - Epoch [1/5], Batch [143/300], Loss: 1.5185 (Overall: 0.9749, Change: 1.3032), TF Ratio: 0.971
[2026-06-16 10:12:34,630][root][INFO] - Epoch [1/5], Batch [144/300], Loss: 1.5176 (Overall: 1.0248, Change: 1.7555), TF Ratio: 0.971
[2026-06-16 10:12:34,786][root][INFO] - Epoch [1/5], Batch [145/300], Loss: 1.5172 (Overall: 1.0832, Change: 1.8332), TF Ratio: 0.971
[2026-06-16 10:12:34,947][root][INFO] - Epoch [1/5], Batch [146/300], Loss: 1.5161 (Overall: 1.0300, Change: 1.6958), TF Ratio: 0.971
[2026-06-16 10:12:35,100][root][INFO] - Epoch [1/5], Batch [147/300], Loss: 1.5134 (Overall: 1.0002, Change: 1.2318), TF Ratio: 0.971
[2026-06-16 10:12:35,259][root][INFO] - Epoch [1/5], Batch [148/300], Loss: 1.5116 (Overall: 1.0167, Change: 1.4692), TF Ratio: 0.970
[2026-06-16 10:12:35,413][root][INFO] - Epoch [1/5], Batch [149/300], Loss: 1.5108 (Overall: 0.9930, Change: 1.7939), TF Ratio: 0.970
[2026-06-16 10:12:35,566][root][INFO] - Epoch [1/5], Batch [150/300], Loss: 1.5101 (Overall: 1.0522, Change: 1.7603), TF Ratio: 0.970
[2026-06-16 10:12:35,719][root][INFO] - Epoch [1/5], Batch [151/300], Loss: 1.5083 (Overall: 1.0240, Change: 1.4599), TF Ratio: 0.970
[2026-06-16 10:12:35,899][root][INFO] - Epoch [1/5], Batch [152/300], Loss: 1.5070 (Overall: 1.0075, Change: 1.6006), TF Ratio: 0.970
[2026-06-16 10:12:36,064][root][INFO] - Epoch [1/5], Batch [153/300], Loss: 1.5056 (Overall: 1.1792, Change: 1.3980), TF Ratio: 0.969
[2026-06-16 10:12:36,218][root][INFO] - Epoch [1/5], Batch [154/300], Loss: 1.5063 (Overall: 1.0836, Change: 2.1527), TF Ratio: 0.969
[2026-06-16 10:12:36,372][root][INFO] - Epoch [1/5], Batch [155/300], Loss: 1.5057 (Overall: 1.2157, Change: 1.6062), TF Ratio: 0.969
[2026-06-16 10:12:36,528][root][INFO] - Epoch [1/5], Batch [156/300], Loss: 1.5029 (Overall: 0.9388, Change: 1.2144), TF Ratio: 0.969
[2026-06-16 10:12:36,683][root][INFO] - Epoch [1/5], Batch [157/300], Loss: 1.5012 (Overall: 1.0324, Change: 1.4405), TF Ratio: 0.969
[2026-06-16 10:12:36,843][root][INFO] - Epoch [1/5], Batch [158/300], Loss: 1.5007 (Overall: 1.1808, Change: 1.6613), TF Ratio: 0.968
[2026-06-16 10:12:36,997][root][INFO] - Epoch [1/5], Batch [159/300], Loss: 1.5004 (Overall: 1.1339, Change: 1.7776), TF Ratio: 0.968
[2026-06-16 10:12:37,153][root][INFO] - Epoch [1/5], Batch [160/300], Loss: 1.4987 (Overall: 1.0745, Change: 1.3642), TF Ratio: 0.968
[2026-06-16 10:12:37,310][root][INFO] - Epoch [1/5], Batch [161/300], Loss: 1.4976 (Overall: 1.0628, Change: 1.5791), TF Ratio: 0.968
[2026-06-16 10:12:37,466][root][INFO] - Epoch [1/5], Batch [162/300], Loss: 1.4970 (Overall: 1.0580, Change: 1.7544), TF Ratio: 0.968
[2026-06-16 10:12:37,620][root][INFO] - Epoch [1/5], Batch [163/300], Loss: 1.4957 (Overall: 1.0954, Change: 1.4589), TF Ratio: 0.967
[2026-06-16 10:12:37,774][root][INFO] - Epoch [1/5], Batch [164/300], Loss: 1.4958 (Overall: 1.2708, Change: 1.7642), TF Ratio: 0.967
[2026-06-16 10:12:37,934][root][INFO] - Epoch [1/5], Batch [165/300], Loss: 1.4948 (Overall: 1.2112, Change: 1.4574), TF Ratio: 0.967
[2026-06-16 10:12:38,087][root][INFO] - Epoch [1/5], Batch [166/300], Loss: 1.4948 (Overall: 1.2477, Change: 1.7456), TF Ratio: 0.967
[2026-06-16 10:12:38,240][root][INFO] - Epoch [1/5], Batch [167/300], Loss: 1.4939 (Overall: 1.0314, Change: 1.6354), TF Ratio: 0.967
[2026-06-16 10:12:38,405][root][INFO] - Epoch [1/5], Batch [168/300], Loss: 1.4932 (Overall: 1.0348, Change: 1.7383), TF Ratio: 0.966
[2026-06-16 10:12:38,559][root][INFO] - Epoch [1/5], Batch [169/300], Loss: 1.4926 (Overall: 1.0489, Change: 1.7200), TF Ratio: 0.966
[2026-06-16 10:12:38,713][root][INFO] - Epoch [1/5], Batch [170/300], Loss: 1.4909 (Overall: 0.9529, Change: 1.4564), TF Ratio: 0.966
[2026-06-16 10:12:38,866][root][INFO] - Epoch [1/5], Batch [171/300], Loss: 1.4895 (Overall: 1.0551, Change: 1.4670), TF Ratio: 0.966
[2026-06-16 10:12:39,033][root][INFO] - Epoch [1/5], Batch [172/300], Loss: 1.4878 (Overall: 1.0282, Change: 1.3626), TF Ratio: 0.966
[2026-06-16 10:12:39,187][root][INFO] - Epoch [1/5], Batch [173/300], Loss: 1.4862 (Overall: 0.9909, Change: 1.4060), TF Ratio: 0.965
[2026-06-16 10:12:39,340][root][INFO] - Epoch [1/5], Batch [174/300], Loss: 1.4869 (Overall: 1.3735, Change: 1.8464), TF Ratio: 0.965
[2026-06-16 10:12:39,494][root][INFO] - Epoch [1/5], Batch [175/300], Loss: 1.4842 (Overall: 0.8697, Change: 1.1730), TF Ratio: 0.965
[2026-06-16 10:12:39,662][root][INFO] - Epoch [1/5], Batch [176/300], Loss: 1.4832 (Overall: 1.3235, Change: 1.3007), TF Ratio: 0.965
[2026-06-16 10:12:39,819][root][INFO] - Epoch [1/5], Batch [177/300], Loss: 1.4812 (Overall: 0.9531, Change: 1.2873), TF Ratio: 0.965
[2026-06-16 10:12:39,972][root][INFO] - Epoch [1/5], Batch [178/300], Loss: 1.4797 (Overall: 0.8863, Change: 1.5629), TF Ratio: 0.964
[2026-06-16 10:12:40,125][root][INFO] - Epoch [1/5], Batch [179/300], Loss: 1.4786 (Overall: 0.9813, Change: 1.5809), TF Ratio: 0.964
[2026-06-16 10:12:40,288][root][INFO] - Epoch [1/5], Batch [180/300], Loss: 1.4771 (Overall: 0.9942, Change: 1.4172), TF Ratio: 0.964
[2026-06-16 10:12:40,453][root][INFO] - Epoch [1/5], Batch [181/300], Loss: 1.4762 (Overall: 1.0261, Change: 1.5961), TF Ratio: 0.964
[2026-06-16 10:12:40,606][root][INFO] - Epoch [1/5], Batch [182/300], Loss: 1.4751 (Overall: 0.9100, Change: 1.6425), TF Ratio: 0.964
[2026-06-16 10:12:40,759][root][INFO] - Epoch [1/5], Batch [183/300], Loss: 1.4744 (Overall: 1.1653, Change: 1.5480), TF Ratio: 0.963
[2026-06-16 10:12:40,919][root][INFO] - Epoch [1/5], Batch [184/300], Loss: 1.4722 (Overall: 0.9029, Change: 1.2045), TF Ratio: 0.963
[2026-06-16 10:12:41,087][root][INFO] - Epoch [1/5], Batch [185/300], Loss: 1.4714 (Overall: 0.9167, Change: 1.7457), TF Ratio: 0.963
[2026-06-16 10:12:41,240][root][INFO] - Epoch [1/5], Batch [186/300], Loss: 1.4700 (Overall: 0.8714, Change: 1.5580), TF Ratio: 0.963
[2026-06-16 10:12:41,394][root][INFO] - Epoch [1/5], Batch [187/300], Loss: 1.4696 (Overall: 1.1172, Change: 1.6807), TF Ratio: 0.963
[2026-06-16 10:12:41,571][root][INFO] - Epoch [1/5], Batch [188/300], Loss: 1.4690 (Overall: 1.0371, Change: 1.6459), TF Ratio: 0.962
[2026-06-16 10:12:41,725][root][INFO] - Epoch [1/5], Batch [189/300], Loss: 1.4678 (Overall: 0.9735, Change: 1.5214), TF Ratio: 0.962
[2026-06-16 10:12:41,878][root][INFO] - Epoch [1/5], Batch [190/300], Loss: 1.4664 (Overall: 0.9837, Change: 1.4369), TF Ratio: 0.962
[2026-06-16 10:12:42,032][root][INFO] - Epoch [1/5], Batch [191/300], Loss: 1.4643 (Overall: 0.8015, Change: 1.3121), TF Ratio: 0.962
[2026-06-16 10:12:42,199][root][INFO] - Epoch [1/5], Batch [192/300], Loss: 1.4651 (Overall: 1.0730, Change: 2.1838), TF Ratio: 0.962
[2026-06-16 10:12:42,353][root][INFO] - Epoch [1/5], Batch [193/300], Loss: 1.4648 (Overall: 1.1555, Change: 1.6510), TF Ratio: 0.961
[2026-06-16 10:12:42,505][root][INFO] - Epoch [1/5], Batch [194/300], Loss: 1.4646 (Overall: 1.1718, Change: 1.6790), TF Ratio: 0.961
[2026-06-16 10:12:42,658][root][INFO] - Epoch [1/5], Batch [195/300], Loss: 1.4639 (Overall: 0.9757, Change: 1.6701), TF Ratio: 0.961
[2026-06-16 10:12:42,834][root][INFO] - Epoch [1/5], Batch [196/300], Loss: 1.4624 (Overall: 0.8572, Change: 1.5051), TF Ratio: 0.961
[2026-06-16 10:12:42,996][root][INFO] - Epoch [1/5], Batch [197/300], Loss: 1.4626 (Overall: 1.1682, Change: 1.8353), TF Ratio: 0.961
[2026-06-16 10:12:43,151][root][INFO] - Epoch [1/5], Batch [198/300], Loss: 1.4616 (Overall: 0.9564, Change: 1.5407), TF Ratio: 0.960
[2026-06-16 10:12:43,304][root][INFO] - Epoch [1/5], Batch [199/300], Loss: 1.4606 (Overall: 1.1290, Change: 1.4019), TF Ratio: 0.960
[2026-06-16 10:12:43,458][root][INFO] - Epoch [1/5], Batch [200/300], Loss: 1.4589 (Overall: 0.9045, Change: 1.3508), TF Ratio: 0.960
[2026-06-16 10:12:43,611][root][INFO] - Epoch [1/5], Batch [201/300], Loss: 1.4581 (Overall: 0.9652, Change: 1.6063), TF Ratio: 0.960
[2026-06-16 10:12:43,768][root][INFO] - Epoch [1/5], Batch [202/300], Loss: 1.4562 (Overall: 0.8631, Change: 1.3123), TF Ratio: 0.960
[2026-06-16 10:12:43,921][root][INFO] - Epoch [1/5], Batch [203/300], Loss: 1.4554 (Overall: 0.9531, Change: 1.6147), TF Ratio: 0.959
[2026-06-16 10:12:44,095][root][INFO] - Epoch [1/5], Batch [204/300], Loss: 1.4537 (Overall: 0.8715, Change: 1.3647), TF Ratio: 0.959
[2026-06-16 10:12:44,252][root][INFO] - Epoch [1/5], Batch [205/300], Loss: 1.4520 (Overall: 0.9754, Change: 1.2239), TF Ratio: 0.959
[2026-06-16 10:12:44,410][root][INFO] - Epoch [1/5], Batch [206/300], Loss: 1.4509 (Overall: 0.8946, Change: 1.5800), TF Ratio: 0.959
[2026-06-16 10:12:44,570][root][INFO] - Epoch [1/5], Batch [207/300], Loss: 1.4504 (Overall: 0.9362, Change: 1.7236), TF Ratio: 0.959
[2026-06-16 10:12:44,724][root][INFO] - Epoch [1/5], Batch [208/300], Loss: 1.4493 (Overall: 1.0889, Change: 1.3766), TF Ratio: 0.958
[2026-06-16 10:12:44,881][root][INFO] - Epoch [1/5], Batch [209/300], Loss: 1.4485 (Overall: 0.8525, Change: 1.7053), TF Ratio: 0.958
[2026-06-16 10:12:45,042][root][INFO] - Epoch [1/5], Batch [210/300], Loss: 1.4471 (Overall: 1.1962, Change: 1.1070), TF Ratio: 0.958
[2026-06-16 10:12:45,194][root][INFO] - Epoch [1/5], Batch [211/300], Loss: 1.4459 (Overall: 1.0068, Change: 1.3944), TF Ratio: 0.958
[2026-06-16 10:12:45,365][root][INFO] - Epoch [1/5], Batch [212/300], Loss: 1.4442 (Overall: 0.7631, Change: 1.3871), TF Ratio: 0.958
[2026-06-16 10:12:45,523][root][INFO] - Epoch [1/5], Batch [213/300], Loss: 1.4439 (Overall: 1.1690, Change: 1.5953), TF Ratio: 0.957
[2026-06-16 10:12:45,676][root][INFO] - Epoch [1/5], Batch [214/300], Loss: 1.4433 (Overall: 0.8978, Change: 1.7230), TF Ratio: 0.957
[2026-06-16 10:12:45,829][root][INFO] - Epoch [1/5], Batch [215/300], Loss: 1.4439 (Overall: 1.4509, Change: 1.7293), TF Ratio: 0.957
[2026-06-16 10:12:46,007][root][INFO] - Epoch [1/5], Batch [216/300], Loss: 1.4429 (Overall: 0.9628, Change: 1.4835), TF Ratio: 0.957
[2026-06-16 10:12:46,160][root][INFO] - Epoch [1/5], Batch [217/300], Loss: 1.4439 (Overall: 1.5694, Change: 1.7544), TF Ratio: 0.957
[2026-06-16 10:12:46,323][root][INFO] - Epoch [1/5], Batch [218/300], Loss: 1.4436 (Overall: 1.1160, Change: 1.6487), TF Ratio: 0.956
[2026-06-16 10:12:46,476][root][INFO] - Epoch [1/5], Batch [219/300], Loss: 1.4431 (Overall: 1.1564, Change: 1.4981), TF Ratio: 0.956
[2026-06-16 10:12:46,637][root][INFO] - Epoch [1/5], Batch [220/300], Loss: 1.4430 (Overall: 1.1327, Change: 1.7023), TF Ratio: 0.956
[2026-06-16 10:12:46,790][root][INFO] - Epoch [1/5], Batch [221/300], Loss: 1.4425 (Overall: 1.0304, Change: 1.6484), TF Ratio: 0.956
[2026-06-16 10:12:46,943][root][INFO] - Epoch [1/5], Batch [222/300], Loss: 1.4416 (Overall: 0.8700, Change: 1.6221), TF Ratio: 0.956
[2026-06-16 10:12:47,096][root][INFO] - Epoch [1/5], Batch [223/300], Loss: 1.4411 (Overall: 1.0007, Change: 1.6589), TF Ratio: 0.955
[2026-06-16 10:12:47,276][root][INFO] - Epoch [1/5], Batch [224/300], Loss: 1.4407 (Overall: 1.0328, Change: 1.6633), TF Ratio: 0.955
[2026-06-16 10:12:47,431][root][INFO] - Epoch [1/5], Batch [225/300], Loss: 1.4393 (Overall: 0.9823, Change: 1.2670), TF Ratio: 0.955
[2026-06-16 10:12:47,585][root][INFO] - Epoch [1/5], Batch [226/300], Loss: 1.4394 (Overall: 0.9697, Change: 1.9262), TF Ratio: 0.955
[2026-06-16 10:12:47,737][root][INFO] - Epoch [1/5], Batch [227/300], Loss: 1.4378 (Overall: 0.8923, Change: 1.2937), TF Ratio: 0.955
[2026-06-16 10:12:47,917][root][INFO] - Epoch [1/5], Batch [228/300], Loss: 1.4364 (Overall: 0.7796, Change: 1.4281), TF Ratio: 0.954
[2026-06-16 10:12:48,071][root][INFO] - Epoch [1/5], Batch [229/300], Loss: 1.4351 (Overall: 0.9859, Change: 1.3062), TF Ratio: 0.954
[2026-06-16 10:12:48,225][root][INFO] - Epoch [1/5], Batch [230/300], Loss: 1.4353 (Overall: 1.1626, Change: 1.8095), TF Ratio: 0.954
[2026-06-16 10:12:48,379][root][INFO] - Epoch [1/5], Batch [231/300], Loss: 1.4355 (Overall: 1.4847, Change: 1.4892), TF Ratio: 0.954
[2026-06-16 10:12:48,589][root][INFO] - Epoch [1/5], Batch [232/300], Loss: 1.4349 (Overall: 1.1029, Change: 1.4834), TF Ratio: 0.954
[2026-06-16 10:12:48,743][root][INFO] - Epoch [1/5], Batch [233/300], Loss: 1.4350 (Overall: 1.0564, Change: 1.8600), TF Ratio: 0.953
[2026-06-16 10:12:48,903][root][INFO] - Epoch [1/5], Batch [234/300], Loss: 1.4338 (Overall: 0.9437, Change: 1.3383), TF Ratio: 0.953
[2026-06-16 10:12:49,056][root][INFO] - Epoch [1/5], Batch [235/300], Loss: 1.4330 (Overall: 0.9826, Change: 1.5231), TF Ratio: 0.953
[2026-06-16 10:12:49,227][root][INFO] - Epoch [1/5], Batch [236/300], Loss: 1.4323 (Overall: 0.8714, Change: 1.6721), TF Ratio: 0.953
[2026-06-16 10:12:49,381][root][INFO] - Epoch [1/5], Batch [237/300], Loss: 1.4322 (Overall: 1.1307, Change: 1.6684), TF Ratio: 0.953
[2026-06-16 10:12:49,535][root][INFO] - Epoch [1/5], Batch [238/300], Loss: 1.4328 (Overall: 0.9644, Change: 2.2081), TF Ratio: 0.952
[2026-06-16 10:12:49,688][root][INFO] - Epoch [1/5], Batch [239/300], Loss: 1.4324 (Overall: 0.9648, Change: 1.7141), TF Ratio: 0.952
[2026-06-16 10:12:49,895][root][INFO] - Epoch [1/5], Batch [240/300], Loss: 1.4317 (Overall: 1.1070, Change: 1.4220), TF Ratio: 0.952
[2026-06-16 10:12:50,061][root][INFO] - Epoch [1/5], Batch [241/300], Loss: 1.4304 (Overall: 0.8808, Change: 1.3573), TF Ratio: 0.952
[2026-06-16 10:12:50,223][root][INFO] - Epoch [1/5], Batch [242/300], Loss: 1.4296 (Overall: 0.9804, Change: 1.4797), TF Ratio: 0.952
[2026-06-16 10:12:50,377][root][INFO] - Epoch [1/5], Batch [243/300], Loss: 1.4280 (Overall: 0.8895, Change: 1.1903), TF Ratio: 0.951
[2026-06-16 10:12:50,539][root][INFO] - Epoch [1/5], Batch [244/300], Loss: 1.4270 (Overall: 0.8778, Change: 1.4887), TF Ratio: 0.951
[2026-06-16 10:12:50,694][root][INFO] - Epoch [1/5], Batch [245/300], Loss: 1.4268 (Overall: 1.0382, Change: 1.6971), TF Ratio: 0.951
[2026-06-16 10:12:50,859][root][INFO] - Epoch [1/5], Batch [246/300], Loss: 1.4260 (Overall: 0.9655, Change: 1.5147), TF Ratio: 0.951
[2026-06-16 10:12:51,011][root][INFO] - Epoch [1/5], Batch [247/300], Loss: 1.4248 (Overall: 0.8999, Change: 1.3340), TF Ratio: 0.951
[2026-06-16 10:12:51,173][root][INFO] - Epoch [1/5], Batch [248/300], Loss: 1.4246 (Overall: 1.1663, Change: 1.6172), TF Ratio: 0.950
[2026-06-16 10:12:51,328][root][INFO] - Epoch [1/5], Batch [249/300], Loss: 1.4248 (Overall: 0.8843, Change: 2.0356), TF Ratio: 0.950
[2026-06-16 10:12:51,490][root][INFO] - Epoch [1/5], Batch [250/300], Loss: 1.4238 (Overall: 0.8429, Change: 1.5452), TF Ratio: 0.950
[2026-06-16 10:12:51,643][root][INFO] - Epoch [1/5], Batch [251/300], Loss: 1.4231 (Overall: 0.9610, Change: 1.5046), TF Ratio: 0.950
[2026-06-16 10:12:51,798][root][INFO] - Epoch [1/5], Batch [252/300], Loss: 1.4222 (Overall: 1.0057, Change: 1.4143), TF Ratio: 0.950
[2026-06-16 10:12:51,952][root][INFO] - Epoch [1/5], Batch [253/300], Loss: 1.4218 (Overall: 1.0943, Change: 1.5125), TF Ratio: 0.949
[2026-06-16 10:12:52,122][root][INFO] - Epoch [1/5], Batch [254/300], Loss: 1.4208 (Overall: 0.8881, Change: 1.4547), TF Ratio: 0.949
[2026-06-16 10:12:52,275][root][INFO] - Epoch [1/5], Batch [255/300], Loss: 1.4202 (Overall: 0.8101, Change: 1.7241), TF Ratio: 0.949
[2026-06-16 10:12:52,437][root][INFO] - Epoch [1/5], Batch [256/300], Loss: 1.4186 (Overall: 0.9105, Change: 1.1232), TF Ratio: 0.949
[2026-06-16 10:12:52,591][root][INFO] - Epoch [1/5], Batch [257/300], Loss: 1.4190 (Overall: 0.9451, Change: 2.1011), TF Ratio: 0.949
[2026-06-16 10:12:52,758][root][INFO] - Epoch [1/5], Batch [258/300], Loss: 1.4183 (Overall: 0.9207, Change: 1.5356), TF Ratio: 0.948
[2026-06-16 10:12:52,918][root][INFO] - Epoch [1/5], Batch [259/300], Loss: 1.4175 (Overall: 0.9822, Change: 1.4606), TF Ratio: 0.948
[2026-06-16 10:12:53,073][root][INFO] - Epoch [1/5], Batch [260/300], Loss: 1.4174 (Overall: 1.1082, Change: 1.6626), TF Ratio: 0.948
[2026-06-16 10:12:53,238][root][INFO] - Epoch [1/5], Batch [261/300], Loss: 1.4178 (Overall: 1.4225, Change: 1.6160), TF Ratio: 0.948
[2026-06-16 10:12:53,391][root][INFO] - Epoch [1/5], Batch [262/300], Loss: 1.4165 (Overall: 0.8411, Change: 1.3313), TF Ratio: 0.948
[2026-06-16 10:12:53,544][root][INFO] - Epoch [1/5], Batch [263/300], Loss: 1.4159 (Overall: 0.9332, Change: 1.5958), TF Ratio: 0.947
[2026-06-16 10:12:53,742][root][INFO] - Epoch [1/5], Batch [264/300], Loss: 1.4160 (Overall: 1.1884, Change: 1.6779), TF Ratio: 0.947
[2026-06-16 10:12:53,896][root][INFO] - Epoch [1/5], Batch [265/300], Loss: 1.4155 (Overall: 1.1316, Change: 1.4598), TF Ratio: 0.947
[2026-06-16 10:12:54,052][root][INFO] - Epoch [1/5], Batch [266/300], Loss: 1.4158 (Overall: 1.0463, Change: 1.9010), TF Ratio: 0.947
[2026-06-16 10:12:54,205][root][INFO] - Epoch [1/5], Batch [267/300], Loss: 1.4156 (Overall: 1.3731, Change: 1.3933), TF Ratio: 0.947
[2026-06-16 10:12:54,369][root][INFO] - Epoch [1/5], Batch [268/300], Loss: 1.4151 (Overall: 0.9893, Change: 1.5469), TF Ratio: 0.946
[2026-06-16 10:12:54,522][root][INFO] - Epoch [1/5], Batch [269/300], Loss: 1.4154 (Overall: 0.9929, Change: 1.9905), TF Ratio: 0.946
[2026-06-16 10:12:54,676][root][INFO] - Epoch [1/5], Batch [270/300], Loss: 1.4147 (Overall: 1.0251, Change: 1.4182), TF Ratio: 0.946
[2026-06-16 10:12:54,830][root][INFO] - Epoch [1/5], Batch [271/300], Loss: 1.4136 (Overall: 0.8442, Change: 1.4338), TF Ratio: 0.946
[2026-06-16 10:12:54,996][root][INFO] - Epoch [1/5], Batch [272/300], Loss: 1.4132 (Overall: 1.1111, Change: 1.4741), TF Ratio: 0.946
[2026-06-16 10:12:55,150][root][INFO] - Epoch [1/5], Batch [273/300], Loss: 1.4122 (Overall: 0.8271, Change: 1.4558), TF Ratio: 0.945
[2026-06-16 10:12:55,317][root][INFO] - Epoch [1/5], Batch [274/300], Loss: 1.4114 (Overall: 1.0370, Change: 1.3582), TF Ratio: 0.945
[2026-06-16 10:12:55,470][root][INFO] - Epoch [1/5], Batch [275/300], Loss: 1.4104 (Overall: 0.8317, Change: 1.4599), TF Ratio: 0.945
[2026-06-16 10:12:55,630][root][INFO] - Epoch [1/5], Batch [276/300], Loss: 1.4093 (Overall: 0.9883, Change: 1.2007), TF Ratio: 0.945
[2026-06-16 10:12:55,786][root][INFO] - Epoch [1/5], Batch [277/300], Loss: 1.4084 (Overall: 1.0099, Change: 1.3133), TF Ratio: 0.945
[2026-06-16 10:12:55,948][root][INFO] - Epoch [1/5], Batch [278/300], Loss: 1.4076 (Overall: 0.9953, Change: 1.3713), TF Ratio: 0.944
[2026-06-16 10:12:56,143][root][INFO] - Epoch [1/5], Batch [279/300], Loss: 1.4069 (Overall: 0.8896, Change: 1.5395), TF Ratio: 0.944
[2026-06-16 10:12:56,301][root][INFO] - Epoch [1/5], Batch [280/300], Loss: 1.4073 (Overall: 1.4283, Change: 1.6243), TF Ratio: 0.944
[2026-06-16 10:12:56,455][root][INFO] - Epoch [1/5], Batch [281/300], Loss: 1.4062 (Overall: 0.9463, Change: 1.2295), TF Ratio: 0.944
[2026-06-16 10:12:56,609][root][INFO] - Epoch [1/5], Batch [282/300], Loss: 1.4044 (Overall: 0.8230, Change: 0.9576), TF Ratio: 0.944
[2026-06-16 10:12:56,762][root][INFO] - Epoch [1/5], Batch [283/300], Loss: 1.4046 (Overall: 1.2195, Change: 1.6961), TF Ratio: 0.943
[2026-06-16 10:12:56,930][root][INFO] - Epoch [1/5], Batch [284/300], Loss: 1.4040 (Overall: 0.8863, Change: 1.5936), TF Ratio: 0.943
[2026-06-16 10:12:57,091][root][INFO] - Epoch [1/5], Batch [285/300], Loss: 1.4036 (Overall: 1.0038, Change: 1.5676), TF Ratio: 0.943
[2026-06-16 10:12:57,245][root][INFO] - Epoch [1/5], Batch [286/300], Loss: 1.4033 (Overall: 1.1743, Change: 1.4913), TF Ratio: 0.943
[2026-06-16 10:12:57,407][root][INFO] - Epoch [1/5], Batch [287/300], Loss: 1.4037 (Overall: 1.0567, Change: 1.9676), TF Ratio: 0.943
[2026-06-16 10:12:57,565][root][INFO] - Epoch [1/5], Batch [288/300], Loss: 1.4037 (Overall: 1.1181, Change: 1.7060), TF Ratio: 0.942
[2026-06-16 10:12:57,727][root][INFO] - Epoch [1/5], Batch [289/300], Loss: 1.4037 (Overall: 1.5173, Change: 1.2609), TF Ratio: 0.942
[2026-06-16 10:12:57,888][root][INFO] - Epoch [1/5], Batch [290/300], Loss: 1.4025 (Overall: 0.9031, Change: 1.2215), TF Ratio: 0.942
[2026-06-16 10:12:58,048][root][INFO] - Epoch [1/5], Batch [291/300], Loss: 1.4022 (Overall: 0.8888, Change: 1.7268), TF Ratio: 0.942
[2026-06-16 10:12:58,204][root][INFO] - Epoch [1/5], Batch [292/300], Loss: 1.4029 (Overall: 0.7901, Change: 2.4171), TF Ratio: 0.942
[2026-06-16 10:12:58,358][root][INFO] - Epoch [1/5], Batch [293/300], Loss: 1.4023 (Overall: 1.0510, Change: 1.4485), TF Ratio: 0.941
[2026-06-16 10:12:58,513][root][INFO] - Epoch [1/5], Batch [294/300], Loss: 1.4015 (Overall: 0.8179, Change: 1.5010), TF Ratio: 0.941
[2026-06-16 10:12:58,713][root][INFO] - Epoch [1/5], Batch [295/300], Loss: 1.4011 (Overall: 0.9396, Change: 1.6422), TF Ratio: 0.941
[2026-06-16 10:12:58,867][root][INFO] - Epoch [1/5], Batch [296/300], Loss: 1.4013 (Overall: 1.0994, Change: 1.8150), TF Ratio: 0.941
[2026-06-16 10:12:59,026][root][INFO] - Epoch [1/5], Batch [297/300], Loss: 1.4003 (Overall: 0.9690, Change: 1.2221), TF Ratio: 0.941
[2026-06-16 10:12:59,179][root][INFO] - Epoch [1/5], Batch [298/300], Loss: 1.3994 (Overall: 0.8759, Change: 1.3627), TF Ratio: 0.940
[2026-06-16 10:12:59,341][root][INFO] - Epoch [1/5], Batch [299/300], Loss: 1.3989 (Overall: 0.9200, Change: 1.5904), TF Ratio: 0.940
[2026-06-16 10:12:59,502][root][INFO] - Epoch [1/5], Batch [300/300], Loss: 1.3982 (Overall: 0.9889, Change: 1.4344), TF Ratio: 0.940
[2026-06-16 10:13:01,374][root][INFO] - Epoch 1 done. Validating...
[2026-06-16 10:13:06,866][root][INFO] - Epoch [1/5] | Train: 1.3809 | Val: 0.8394
[2026-06-16 10:13:07,301][root][INFO] - Checkpoint saved: /gpfs/scratch/bsc32/bsc096444/ai4land-tfm/trained_models/unet_impl/41825166/best_model.pth
[2026-06-16 10:13:07,515][root][INFO] - Checkpoint saved: /gpfs/scratch/bsc32/bsc096444/ai4land-tfm/trained_models/unet_impl/41825166/model_epoch_1.pth
[2026-06-16 10:13:09,955][root][INFO] - Epoch [2/5], Batch [1/300], Loss: 1.3063 (Overall: 0.8639, Change: 1.7487), TF Ratio: 0.940
[2026-06-16 10:13:10,196][root][INFO] - Epoch [2/5], Batch [2/300], Loss: 1.2857 (Overall: 0.9941, Change: 1.5361), TF Ratio: 0.940
[2026-06-16 10:13:10,349][root][INFO] - Epoch [2/5], Batch [3/300], Loss: 1.2772 (Overall: 0.8404, Change: 1.6799), TF Ratio: 0.939
[2026-06-16 10:13:10,786][root][INFO] - Epoch [2/5], Batch [4/300], Loss: 1.2197 (Overall: 0.7826, Change: 1.3121), TF Ratio: 0.939
[2026-06-16 10:13:10,940][root][INFO] - Epoch [2/5], Batch [5/300], Loss: 1.1837 (Overall: 0.7925, Change: 1.2868), TF Ratio: 0.939
[2026-06-16 10:13:11,094][root][INFO] - Epoch [2/5], Batch [6/300], Loss: 1.1726 (Overall: 0.8849, Change: 1.3496), TF Ratio: 0.939
[2026-06-16 10:13:11,247][root][INFO] - Epoch [2/5], Batch [7/300], Loss: 1.2086 (Overall: 1.3209, Change: 1.5276), TF Ratio: 0.939
[2026-06-16 10:13:11,542][root][INFO] - Epoch [2/5], Batch [8/300], Loss: 1.2025 (Overall: 0.8195, Change: 1.5008), TF Ratio: 0.938
[2026-06-16 10:13:11,697][root][INFO] - Epoch [2/5], Batch [9/300], Loss: 1.1876 (Overall: 0.7837, Change: 1.3529), TF Ratio: 0.938
[2026-06-16 10:13:11,849][root][INFO] - Epoch [2/5], Batch [10/300], Loss: 1.1744 (Overall: 0.8064, Change: 1.3040), TF Ratio: 0.938
[2026-06-16 10:13:12,002][root][INFO] - Epoch [2/5], Batch [11/300], Loss: 1.1735 (Overall: 0.8982, Change: 1.4302), TF Ratio: 0.938
[2026-06-16 10:13:12,207][root][INFO] - Epoch [2/5], Batch [12/300], Loss: 1.1765 (Overall: 1.0771, Change: 1.3420), TF Ratio: 0.938
[2026-06-16 10:13:12,365][root][INFO] - Epoch [2/5], Batch [13/300], Loss: 1.1661 (Overall: 0.7756, Change: 1.3079), TF Ratio: 0.937
[2026-06-16 10:13:12,518][root][INFO] - Epoch [2/5], Batch [14/300], Loss: 1.1607 (Overall: 0.6688, Change: 1.5107), TF Ratio: 0.937
[2026-06-16 10:13:12,679][root][INFO] - Epoch [2/5], Batch [15/300], Loss: 1.1647 (Overall: 0.8653, Change: 1.5784), TF Ratio: 0.937
[2026-06-16 10:13:12,882][root][INFO] - Epoch [2/5], Batch [16/300], Loss: 1.1526 (Overall: 0.8022, Change: 1.1391), TF Ratio: 0.937
[2026-06-16 10:13:13,038][root][INFO] - Epoch [2/5], Batch [17/300], Loss: 1.1477 (Overall: 0.7846, Change: 1.3544), TF Ratio: 0.937
[2026-06-16 10:13:13,192][root][INFO] - Epoch [2/5], Batch [18/300], Loss: 1.1569 (Overall: 0.9437, Change: 1.6833), TF Ratio: 0.936
[2026-06-16 10:13:13,346][root][INFO] - Epoch [2/5], Batch [19/300], Loss: 1.1500 (Overall: 0.7683, Change: 1.2821), TF Ratio: 0.936
[2026-06-16 10:13:13,764][root][INFO] - Epoch [2/5], Batch [20/300], Loss: 1.1581 (Overall: 1.0670, Change: 1.5568), TF Ratio: 0.936
[2026-06-16 10:13:13,927][root][INFO] - Epoch [2/5], Batch [21/300], Loss: 1.1825 (Overall: 1.4770, Change: 1.8636), TF Ratio: 0.936
[2026-06-16 10:13:14,080][root][INFO] - Epoch [2/5], Batch [22/300], Loss: 1.1796 (Overall: 0.8530, Change: 1.3835), TF Ratio: 0.936
[2026-06-16 10:13:14,233][root][INFO] - Epoch [2/5], Batch [23/300], Loss: 1.1931 (Overall: 1.2529, Change: 1.7295), TF Ratio: 0.935
[2026-06-16 10:13:14,572][root][INFO] - Epoch [2/5], Batch [24/300], Loss: 1.2010 (Overall: 0.8746, Change: 1.8891), TF Ratio: 0.935
[2026-06-16 10:13:14,725][root][INFO] - Epoch [2/5], Batch [25/300], Loss: 1.2022 (Overall: 0.8185, Change: 1.6445), TF Ratio: 0.935
[2026-06-16 10:13:14,880][root][INFO] - Epoch [2/5], Batch [26/300], Loss: 1.2164 (Overall: 0.9913, Change: 2.1501), TF Ratio: 0.935
[2026-06-16 10:13:15,036][root][INFO] - Epoch [2/5], Batch [27/300], Loss: 1.2102 (Overall: 0.7457, Change: 1.3526), TF Ratio: 0.935
[2026-06-16 10:13:15,213][root][INFO] - Epoch [2/5], Batch [28/300], Loss: 1.2057 (Overall: 0.6612, Change: 1.5093), TF Ratio: 0.934
[2026-06-16 10:13:15,373][root][INFO] - Epoch [2/5], Batch [29/300], Loss: 1.2095 (Overall: 0.9618, Change: 1.6670), TF Ratio: 0.934
[2026-06-16 10:13:15,527][root][INFO] - Epoch [2/5], Batch [30/300], Loss: 1.2183 (Overall: 1.1487, Change: 1.8021), TF Ratio: 0.934
[2026-06-16 10:13:15,689][root][INFO] - Epoch [2/5], Batch [31/300], Loss: 1.2262 (Overall: 1.1092, Change: 1.8178), TF Ratio: 0.934
[2026-06-16 10:13:15,861][root][INFO] - Epoch [2/5], Batch [32/300], Loss: 1.2205 (Overall: 0.8198, Change: 1.2652), TF Ratio: 0.934
[2026-06-16 10:13:16,018][root][INFO] - Epoch [2/5], Batch [33/300], Loss: 1.2089 (Overall: 0.6487, Change: 1.0244), TF Ratio: 0.933
[2026-06-16 10:13:16,171][root][INFO] - Epoch [2/5], Batch [34/300], Loss: 1.2079 (Overall: 0.8915, Change: 1.4614), TF Ratio: 0.933
[2026-06-16 10:13:16,323][root][INFO] - Epoch [2/5], Batch [35/300], Loss: 1.2053 (Overall: 0.8126, Change: 1.4211), TF Ratio: 0.933
[2026-06-16 10:13:16,844][root][INFO] - Epoch [2/5], Batch [36/300], Loss: 1.2040 (Overall: 0.8995, Change: 1.4202), TF Ratio: 0.933
[2026-06-16 10:13:16,999][root][INFO] - Epoch [2/5], Batch [37/300], Loss: 1.2075 (Overall: 0.8372, Change: 1.8266), TF Ratio: 0.933
[2026-06-16 10:13:17,154][root][INFO] - Epoch [2/5], Batch [38/300], Loss: 1.2153 (Overall: 0.9374, Change: 2.0685), TF Ratio: 0.932
[2026-06-16 10:13:17,308][root][INFO] - Epoch [2/5], Batch [39/300], Loss: 1.2154 (Overall: 0.7708, Change: 1.6723), TF Ratio: 0.932
[2026-06-16 10:13:17,492][root][INFO] - Epoch [2/5], Batch [40/300], Loss: 1.2187 (Overall: 1.0720, Change: 1.6210), TF Ratio: 0.932
[2026-06-16 10:13:17,651][root][INFO] - Epoch [2/5], Batch [41/300], Loss: 1.2164 (Overall: 0.9351, Change: 1.3120), TF Ratio: 0.932
[2026-06-16 10:13:17,804][root][INFO] - Epoch [2/5], Batch [42/300], Loss: 1.2187 (Overall: 1.0696, Change: 1.5558), TF Ratio: 0.932
[2026-06-16 10:13:17,958][root][INFO] - Epoch [2/5], Batch [43/300], Loss: 1.2138 (Overall: 1.0467, Change: 0.9723), TF Ratio: 0.931
[2026-06-16 10:13:18,249][root][INFO] - Epoch [2/5], Batch [44/300], Loss: 1.2073 (Overall: 0.8001, Change: 1.0583), TF Ratio: 0.931
[2026-06-16 10:13:18,405][root][INFO] - Epoch [2/5], Batch [45/300], Loss: 1.2028 (Overall: 0.7720, Change: 1.2305), TF Ratio: 0.931
[2026-06-16 10:13:18,562][root][INFO] - Epoch [2/5], Batch [46/300], Loss: 1.2032 (Overall: 0.8558, Change: 1.5896), TF Ratio: 0.931
[2026-06-16 10:13:18,715][root][INFO] - Epoch [2/5], Batch [47/300], Loss: 1.1990 (Overall: 0.8971, Change: 1.1178), TF Ratio: 0.931
[2026-06-16 10:13:18,884][root][INFO] - Epoch [2/5], Batch [48/300], Loss: 1.1977 (Overall: 0.9176, Change: 1.3534), TF Ratio: 0.930
[2026-06-16 10:13:19,048][root][INFO] - Epoch [2/5], Batch [49/300], Loss: 1.1947 (Overall: 0.8631, Change: 1.2363), TF Ratio: 0.930
[2026-06-16 10:13:19,201][root][INFO] - Epoch [2/5], Batch [50/300], Loss: 1.1983 (Overall: 1.0189, Change: 1.7327), TF Ratio: 0.930
[2026-06-16 10:13:19,354][root][INFO] - Epoch [2/5], Batch [51/300], Loss: 1.1948 (Overall: 0.8786, Change: 1.1547), TF Ratio: 0.930
[2026-06-16 10:13:19,526][root][INFO] - Epoch [2/5], Batch [52/300], Loss: 1.1966 (Overall: 0.8769, Change: 1.7070), TF Ratio: 0.930
[2026-06-16 10:13:19,683][root][INFO] - Epoch [2/5], Batch [53/300], Loss: 1.2010 (Overall: 1.1096, Change: 1.7530), TF Ratio: 0.929
[2026-06-16 10:13:19,845][root][INFO] - Epoch [2/5], Batch [54/300], Loss: 1.2049 (Overall: 1.0148, Change: 1.8038), TF Ratio: 0.929
[2026-06-16 10:13:20,003][root][INFO] - Epoch [2/5], Batch [55/300], Loss: 1.2050 (Overall: 1.0629, Change: 1.3547), TF Ratio: 0.929
[2026-06-16 10:13:20,157][root][INFO] - Epoch [2/5], Batch [56/300], Loss: 1.2028 (Overall: 0.8476, Change: 1.3237), TF Ratio: 0.929
[2026-06-16 10:13:20,319][root][INFO] - Epoch [2/5], Batch [57/300], Loss: 1.2004 (Overall: 0.8053, Change: 1.3266), TF Ratio: 0.929
[2026-06-16 10:13:20,473][root][INFO] - Epoch [2/5], Batch [58/300], Loss: 1.1969 (Overall: 0.7573, Change: 1.2352), TF Ratio: 0.928
[2026-06-16 10:13:20,636][root][INFO] - Epoch [2/5], Batch [59/300], Loss: 1.1963 (Overall: 0.8528, Change: 1.4709), TF Ratio: 0.928
[2026-06-16 10:13:21,015][root][INFO] - Epoch [2/5], Batch [60/300], Loss: 1.1973 (Overall: 0.8115, Change: 1.6990), TF Ratio: 0.928
[2026-06-16 10:13:21,167][root][INFO] - Epoch [2/5], Batch [61/300], Loss: 1.1984 (Overall: 0.9391, Change: 1.5933), TF Ratio: 0.928
[2026-06-16 10:13:21,321][root][INFO] - Epoch [2/5], Batch [62/300], Loss: 1.1989 (Overall: 0.8435, Change: 1.6130), TF Ratio: 0.928
[2026-06-16 10:13:21,479][root][INFO] - Epoch [2/5], Batch [63/300], Loss: 1.1975 (Overall: 0.8296, Change: 1.3878), TF Ratio: 0.927
[2026-06-16 10:13:21,654][root][INFO] - Epoch [2/5], Batch [64/300], Loss: 1.1967 (Overall: 1.0007, Change: 1.2945), TF Ratio: 0.927
[2026-06-16 10:13:21,807][root][INFO] - Epoch [2/5], Batch [65/300], Loss: 1.1928 (Overall: 0.7406, Change: 1.1396), TF Ratio: 0.927
[2026-06-16 10:13:21,973][root][INFO] - Epoch [2/5], Batch [66/300], Loss: 1.1902 (Overall: 0.9198, Change: 1.1329), TF Ratio: 0.927
[2026-06-16 10:13:22,125][root][INFO] - Epoch [2/5], Batch [67/300], Loss: 1.1906 (Overall: 1.0248, Change: 1.4007), TF Ratio: 0.927
[2026-06-16 10:13:22,279][root][INFO] - Epoch [2/5], Batch [68/300], Loss: 1.1899 (Overall: 0.8075, Change: 1.4816), TF Ratio: 0.926
[2026-06-16 10:13:22,432][root][INFO] - Epoch [2/5], Batch [69/300], Loss: 1.1890 (Overall: 0.7772, Change: 1.4780), TF Ratio: 0.926
[2026-06-16 10:13:22,586][root][INFO] - Epoch [2/5], Batch [70/300], Loss: 1.1889 (Overall: 0.8599, Change: 1.5064), TF Ratio: 0.926
[2026-06-16 10:13:22,742][root][INFO] - Epoch [2/5], Batch [71/300], Loss: 1.1880 (Overall: 0.7908, Change: 1.4621), TF Ratio: 0.926
[2026-06-16 10:13:22,919][root][INFO] - Epoch [2/5], Batch [72/300], Loss: 1.1887 (Overall: 0.8265, Change: 1.6441), TF Ratio: 0.926
[2026-06-16 10:13:23,076][root][INFO] - Epoch [2/5], Batch [73/300], Loss: 1.1907 (Overall: 1.0648, Change: 1.6095), TF Ratio: 0.925
[2026-06-16 10:13:23,230][root][INFO] - Epoch [2/5], Batch [74/300], Loss: 1.1892 (Overall: 0.8350, Change: 1.3161), TF Ratio: 0.925
[2026-06-16 10:13:23,383][root][INFO] - Epoch [2/5], Batch [75/300], Loss: 1.1917 (Overall: 1.1022, Change: 1.6609), TF Ratio: 0.925
[2026-06-16 10:13:23,545][root][INFO] - Epoch [2/5], Batch [76/300], Loss: 1.1881 (Overall: 0.7887, Change: 1.0454), TF Ratio: 0.925
[2026-06-16 10:13:23,700][root][INFO] - Epoch [2/5], Batch [77/300], Loss: 1.1908 (Overall: 0.9118, Change: 1.8846), TF Ratio: 0.925
[2026-06-16 10:13:23,853][root][INFO] - Epoch [2/5], Batch [78/300], Loss: 1.1932 (Overall: 0.9017, Change: 1.8438), TF Ratio: 0.924
[2026-06-16 10:13:24,007][root][INFO] - Epoch [2/5], Batch [79/300], Loss: 1.1919 (Overall: 0.8731, Change: 1.3140), TF Ratio: 0.924
[2026-06-16 10:13:24,353][root][INFO] - Epoch [2/5], Batch [80/300], Loss: 1.1918 (Overall: 0.9246, Change: 1.4351), TF Ratio: 0.924
[2026-06-16 10:13:24,509][root][INFO] - Epoch [2/5], Batch [81/300], Loss: 1.1901 (Overall: 0.8745, Change: 1.2375), TF Ratio: 0.924
[2026-06-16 10:13:24,662][root][INFO] - Epoch [2/5], Batch [82/300], Loss: 1.1864 (Overall: 0.6472, Change: 1.1202), TF Ratio: 0.924
[2026-06-16 10:13:24,816][root][INFO] - Epoch [2/5], Batch [83/300], Loss: 1.1845 (Overall: 0.8766, Change: 1.1899), TF Ratio: 0.923
[2026-06-16 10:13:24,977][root][INFO] - Epoch [2/5], Batch [84/300], Loss: 1.1812 (Overall: 0.6647, Change: 1.1530), TF Ratio: 0.923
[2026-06-16 10:13:25,132][root][INFO] - Epoch [2/5], Batch [85/300], Loss: 1.1801 (Overall: 0.7975, Change: 1.3790), TF Ratio: 0.923
[2026-06-16 10:13:25,286][root][INFO] - Epoch [2/5], Batch [86/300], Loss: 1.1811 (Overall: 0.8655, Change: 1.6530), TF Ratio: 0.923
[2026-06-16 10:13:25,441][root][INFO] - Epoch [2/5], Batch [87/300], Loss: 1.1807 (Overall: 0.9313, Change: 1.3663), TF Ratio: 0.923
[2026-06-16 10:13:25,619][root][INFO] - Epoch [2/5], Batch [88/300], Loss: 1.1790 (Overall: 0.9330, Change: 1.1344), TF Ratio: 0.922
[2026-06-16 10:13:25,773][root][INFO] - Epoch [2/5], Batch [89/300], Loss: 1.1778 (Overall: 0.7914, Change: 1.3454), TF Ratio: 0.922
[2026-06-16 10:13:25,926][root][INFO] - Epoch [2/5], Batch [90/300], Loss: 1.1793 (Overall: 0.9039, Change: 1.7329), TF Ratio: 0.922
[2026-06-16 10:13:26,079][root][INFO] - Epoch [2/5], Batch [91/300], Loss: 1.1786 (Overall: 0.8601, Change: 1.3741), TF Ratio: 0.922
[2026-06-16 10:13:26,247][root][INFO] - Epoch [2/5], Batch [92/300], Loss: 1.1796 (Overall: 1.0466, Change: 1.4824), TF Ratio: 0.922
[2026-06-16 10:13:26,401][root][INFO] - Epoch [2/5], Batch [93/300], Loss: 1.1778 (Overall: 0.6466, Change: 1.3801), TF Ratio: 0.921
[2026-06-16 10:13:26,564][root][INFO] - Epoch [2/5], Batch [94/300], Loss: 1.1776 (Overall: 0.9168, Change: 1.4048), TF Ratio: 0.921
[2026-06-16 10:13:26,717][root][INFO] - Epoch [2/5], Batch [95/300], Loss: 1.1756 (Overall: 0.9378, Change: 1.0419), TF Ratio: 0.921
[2026-06-16 10:13:26,873][root][INFO] - Epoch [2/5], Batch [96/300], Loss: 1.1760 (Overall: 0.7567, Change: 1.6681), TF Ratio: 0.921
[2026-06-16 10:13:27,033][root][INFO] - Epoch [2/5], Batch [97/300], Loss: 1.1760 (Overall: 0.8025, Change: 1.5448), TF Ratio: 0.921
[2026-06-16 10:13:27,187][root][INFO] - Epoch [2/5], Batch [98/300], Loss: 1.1800 (Overall: 1.5352, Change: 1.5989), TF Ratio: 0.920
[2026-06-16 10:13:27,341][root][INFO] - Epoch [2/5], Batch [99/300], Loss: 1.1799 (Overall: 0.8396, Change: 1.4992), TF Ratio: 0.920
[2026-06-16 10:13:27,515][root][INFO] - Epoch [2/5], Batch [100/300], Loss: 1.1800 (Overall: 0.8685, Change: 1.5209), TF Ratio: 0.920
[2026-06-16 10:13:27,670][root][INFO] - Epoch [2/5], Batch [101/300], Loss: 1.1808 (Overall: 0.8498, Change: 1.6727), TF Ratio: 0.920
[2026-06-16 10:13:27,824][root][INFO] - Epoch [2/5], Batch [102/300], Loss: 1.1835 (Overall: 0.9955, Change: 1.9022), TF Ratio: 0.920
[2026-06-16 10:13:27,977][root][INFO] - Epoch [2/5], Batch [103/300], Loss: 1.1846 (Overall: 0.8372, Change: 1.7704), TF Ratio: 0.919
[2026-06-16 10:13:28,146][root][INFO] - Epoch [2/5], Batch [104/300], Loss: 1.1849 (Overall: 0.9709, Change: 1.4607), TF Ratio: 0.919
[2026-06-16 10:13:28,300][root][INFO] - Epoch [2/5], Batch [105/300], Loss: 1.1870 (Overall: 1.1574, Change: 1.6578), TF Ratio: 0.919
[2026-06-16 10:13:28,452][root][INFO] - Epoch [2/5], Batch [106/300], Loss: 1.1901 (Overall: 0.8828, Change: 2.1419), TF Ratio: 0.919
[2026-06-16 10:13:28,611][root][INFO] - Epoch [2/5], Batch [107/300], Loss: 1.1902 (Overall: 0.9271, Change: 1.4749), TF Ratio: 0.919
[2026-06-16 10:13:30,257][root][INFO] - Epoch [2/5], Batch [108/300], Loss: 1.1902 (Overall: 0.8426, Change: 1.5328), TF Ratio: 0.918
[2026-06-16 10:13:30,411][root][INFO] - Epoch [2/5], Batch [109/300], Loss: 1.1890 (Overall: 0.7460, Change: 1.3638), TF Ratio: 0.918
[2026-06-16 10:13:30,563][root][INFO] - Epoch [2/5], Batch [110/300], Loss: 1.1869 (Overall: 0.8480, Change: 1.0794), TF Ratio: 0.918
[2026-06-16 10:13:30,725][root][INFO] - Epoch [2/5], Batch [111/300], Loss: 1.1858 (Overall: 0.8070, Change: 1.3142), TF Ratio: 0.918
[2026-06-16 10:13:30,884][root][INFO] - Epoch [2/5], Batch [112/300], Loss: 1.1866 (Overall: 0.9904, Change: 1.5656), TF Ratio: 0.918
[2026-06-16 10:13:31,037][root][INFO] - Epoch [2/5], Batch [113/300], Loss: 1.1861 (Overall: 1.0024, Change: 1.2533), TF Ratio: 0.917
[2026-06-16 10:13:31,191][root][INFO] - Epoch [2/5], Batch [114/300], Loss: 1.1854 (Overall: 0.8522, Change: 1.3573), TF Ratio: 0.917
[2026-06-16 10:13:31,344][root][INFO] - Epoch [2/5], Batch [115/300], Loss: 1.1832 (Overall: 0.6474, Change: 1.2345), TF Ratio: 0.917
[2026-06-16 10:13:31,786][root][INFO] - Epoch [2/5], Batch [116/300], Loss: 1.1846 (Overall: 0.8502, Change: 1.8259), TF Ratio: 0.917
[2026-06-16 10:13:31,950][root][INFO] - Epoch [2/5], Batch [117/300], Loss: 1.1847 (Overall: 0.8413, Change: 1.5601), TF Ratio: 0.917
[2026-06-16 10:13:32,117][root][INFO] - Epoch [2/5], Batch [118/300], Loss: 1.1853 (Overall: 1.0822, Change: 1.4255), TF Ratio: 0.916
[2026-06-16 10:13:32,270][root][INFO] - Epoch [2/5], Batch [119/300], Loss: 1.1824 (Overall: 0.7434, Change: 0.9495), TF Ratio: 0.916
[2026-06-16 10:13:32,423][root][INFO] - Epoch [2/5], Batch [120/300], Loss: 1.1812 (Overall: 0.8630, Change: 1.1917), TF Ratio: 0.916
[2026-06-16 10:13:32,581][root][INFO] - Epoch [2/5], Batch [121/300], Loss: 1.1806 (Overall: 0.8375, Change: 1.3941), TF Ratio: 0.916
[2026-06-16 10:13:32,734][root][INFO] - Epoch [2/5], Batch [122/300], Loss: 1.1811 (Overall: 0.8417, Change: 1.6506), TF Ratio: 0.916
[2026-06-16 10:13:32,887][root][INFO] - Epoch [2/5], Batch [123/300], Loss: 1.1814 (Overall: 0.9083, Change: 1.5188), TF Ratio: 0.915
[2026-06-16 10:13:33,057][root][INFO] - Epoch [2/5], Batch [124/300], Loss: 1.1965 (Overall: 1.5025, Change: 4.5940), TF Ratio: 0.915
[2026-06-16 10:13:33,213][root][INFO] - Epoch [2/5], Batch [125/300], Loss: 1.1963 (Overall: 0.9543, Change: 1.3969), TF Ratio: 0.915
[2026-06-16 10:13:33,380][root][INFO] - Epoch [2/5], Batch [126/300], Loss: 1.1963 (Overall: 0.8444, Change: 1.5453), TF Ratio: 0.915
[2026-06-16 10:13:33,533][root][INFO] - Epoch [2/5], Batch [127/300], Loss: 1.1966 (Overall: 0.9319, Change: 1.5284), TF Ratio: 0.915
[2026-06-16 10:13:33,686][root][INFO] - Epoch [2/5], Batch [128/300], Loss: 1.1954 (Overall: 0.9296, Change: 1.1752), TF Ratio: 0.914
[2026-06-16 10:13:33,840][root][INFO] - Epoch [2/5], Batch [129/300], Loss: 1.1957 (Overall: 1.0932, Change: 1.3613), TF Ratio: 0.914
[2026-06-16 10:13:33,995][root][INFO] - Epoch [2/5], Batch [130/300], Loss: 1.1954 (Overall: 1.0270, Change: 1.2796), TF Ratio: 0.914
[2026-06-16 10:13:34,148][root][INFO] - Epoch [2/5], Batch [131/300], Loss: 1.1957 (Overall: 1.0036, Change: 1.4912), TF Ratio: 0.914
[2026-06-16 10:13:34,321][root][INFO] - Epoch [2/5], Batch [132/300], Loss: 1.1941 (Overall: 0.9445, Change: 1.0062), TF Ratio: 0.914
[2026-06-16 10:13:34,482][root][INFO] - Epoch [2/5], Batch [133/300], Loss: 1.1935 (Overall: 0.7771, Change: 1.4446), TF Ratio: 0.913
[2026-06-16 10:13:34,636][root][INFO] - Epoch [2/5], Batch [134/300], Loss: 1.1923 (Overall: 0.7855, Change: 1.2888), TF Ratio: 0.913
[2026-06-16 10:13:34,789][root][INFO] - Epoch [2/5], Batch [135/300], Loss: 1.1929 (Overall: 1.1505, Change: 1.4060), TF Ratio: 0.913
[2026-06-16 10:13:34,961][root][INFO] - Epoch [2/5], Batch [136/300], Loss: 1.1926 (Overall: 0.8169, Change: 1.4691), TF Ratio: 0.913
[2026-06-16 10:13:35,114][root][INFO] - Epoch [2/5], Batch [137/300], Loss: 1.1926 (Overall: 0.8945, Change: 1.5050), TF Ratio: 0.913
[2026-06-16 10:13:35,267][root][INFO] - Epoch [2/5], Batch [138/300], Loss: 1.1909 (Overall: 0.7307, Change: 1.1809), TF Ratio: 0.912
[2026-06-16 10:13:35,420][root][INFO] - Epoch [2/5], Batch [139/300], Loss: 1.1896 (Overall: 0.7615, Change: 1.2564), TF Ratio: 0.912
[2026-06-16 10:13:35,587][root][INFO] - Epoch [2/5], Batch [140/300], Loss: 1.1890 (Overall: 0.9414, Change: 1.2647), TF Ratio: 0.912
[2026-06-16 10:13:35,741][root][INFO] - Epoch [2/5], Batch [141/300], Loss: 1.1891 (Overall: 0.9885, Change: 1.4333), TF Ratio: 0.912
[2026-06-16 10:13:35,895][root][INFO] - Epoch [2/5], Batch [142/300], Loss: 1.1875 (Overall: 0.9850, Change: 0.9411), TF Ratio: 0.912
[2026-06-16 10:13:36,048][root][INFO] - Epoch [2/5], Batch [143/300], Loss: 1.1867 (Overall: 1.0132, Change: 1.1342), TF Ratio: 0.911
[2026-06-16 10:13:36,242][root][INFO] - Epoch [2/5], Batch [144/300], Loss: 1.1845 (Overall: 0.7062, Change: 1.0324), TF Ratio: 0.911
[2026-06-16 10:13:36,397][root][INFO] - Epoch [2/5], Batch [145/300], Loss: 1.1858 (Overall: 1.2708, Change: 1.4740), TF Ratio: 0.911
[2026-06-16 10:13:36,551][root][INFO] - Epoch [2/5], Batch [146/300], Loss: 1.1870 (Overall: 1.0750, Change: 1.6316), TF Ratio: 0.911
[2026-06-16 10:13:36,705][root][INFO] - Epoch [2/5], Batch [147/300], Loss: 1.1860 (Overall: 0.7617, Change: 1.3316), TF Ratio: 0.911
[2026-06-16 10:13:36,870][root][INFO] - Epoch [2/5], Batch [148/300], Loss: 1.1856 (Overall: 0.9273, Change: 1.3299), TF Ratio: 0.910
[2026-06-16 10:13:37,027][root][INFO] - Epoch [2/5], Batch [149/300], Loss: 1.1843 (Overall: 0.7630, Change: 1.2166), TF Ratio: 0.910
[2026-06-16 10:13:37,190][root][INFO] - Epoch [2/5], Batch [150/300], Loss: 1.1853 (Overall: 1.2462, Change: 1.4317), TF Ratio: 0.910
[2026-06-16 10:13:37,343][root][INFO] - Epoch [2/5], Batch [151/300], Loss: 1.1856 (Overall: 1.0800, Change: 1.3637), TF Ratio: 0.910
[2026-06-16 10:13:37,504][root][INFO] - Epoch [2/5], Batch [152/300], Loss: 1.1832 (Overall: 0.7107, Change: 0.9239), TF Ratio: 0.910
[2026-06-16 10:13:37,659][root][INFO] - Epoch [2/5], Batch [153/300], Loss: 1.1841 (Overall: 1.1319, Change: 1.5094), TF Ratio: 0.909
[2026-06-16 10:13:37,812][root][INFO] - Epoch [2/5], Batch [154/300], Loss: 1.1842 (Overall: 0.9795, Change: 1.4458), TF Ratio: 0.909
[2026-06-16 10:13:37,967][root][INFO] - Epoch [2/5], Batch [155/300], Loss: 1.1831 (Overall: 0.7045, Change: 1.3197), TF Ratio: 0.909
[2026-06-16 10:13:38,133][root][INFO] - Epoch [2/5], Batch [156/300], Loss: 1.1821 (Overall: 0.7514, Change: 1.2907), TF Ratio: 0.909
[2026-06-16 10:13:38,287][root][INFO] - Epoch [2/5], Batch [157/300], Loss: 1.1832 (Overall: 0.8639, Change: 1.8337), TF Ratio: 0.909
[2026-06-16 10:13:38,441][root][INFO] - Epoch [2/5], Batch [158/300], Loss: 1.1830 (Overall: 0.9393, Change: 1.3885), TF Ratio: 0.908
[2026-06-16 10:13:38,595][root][INFO] - Epoch [2/5], Batch [159/300], Loss: 1.1839 (Overall: 1.0263, Change: 1.6239), TF Ratio: 0.908
[2026-06-16 10:13:38,782][root][INFO] - Epoch [2/5], Batch [160/300], Loss: 1.1844 (Overall: 0.9131, Change: 1.6116), TF Ratio: 0.908
[2026-06-16 10:13:38,935][root][INFO] - Epoch [2/5], Batch [161/300], Loss: 1.1848 (Overall: 0.8433, Change: 1.6602), TF Ratio: 0.908
[2026-06-16 10:13:39,089][root][INFO] - Epoch [2/5], Batch [162/300], Loss: 1.1844 (Overall: 0.8459, Change: 1.3802), TF Ratio: 0.908
[2026-06-16 10:13:39,243][root][INFO] - Epoch [2/5], Batch [163/300], Loss: 1.1858 (Overall: 1.0638, Change: 1.7684), TF Ratio: 0.907
[2026-06-16 10:13:39,421][root][INFO] - Epoch [2/5], Batch [164/300], Loss: 1.1837 (Overall: 0.8132, Change: 0.8634), TF Ratio: 0.907
[2026-06-16 10:13:39,574][root][INFO] - Epoch [2/5], Batch [165/300], Loss: 1.1833 (Overall: 0.6765, Change: 1.5481), TF Ratio: 0.907
[2026-06-16 10:13:39,728][root][INFO] - Epoch [2/5], Batch [166/300], Loss: 1.1831 (Overall: 0.8062, Change: 1.5051), TF Ratio: 0.907
[2026-06-16 10:13:39,884][root][INFO] - Epoch [2/5], Batch [167/300], Loss: 1.1826 (Overall: 0.7913, Change: 1.4064), TF Ratio: 0.907
[2026-06-16 10:13:40,052][root][INFO] - Epoch [2/5], Batch [168/300], Loss: 1.1838 (Overall: 1.3123, Change: 1.4625), TF Ratio: 0.906
[2026-06-16 10:13:40,207][root][INFO] - Epoch [2/5], Batch [169/300], Loss: 1.1845 (Overall: 0.9551, Change: 1.6373), TF Ratio: 0.906
[2026-06-16 10:13:40,362][root][INFO] - Epoch [2/5], Batch [170/300], Loss: 1.1851 (Overall: 0.8035, Change: 1.7933), TF Ratio: 0.906
[2026-06-16 10:13:40,515][root][INFO] - Epoch [2/5], Batch [171/300], Loss: 1.1865 (Overall: 1.0809, Change: 1.7393), TF Ratio: 0.906
[2026-06-16 10:13:40,688][root][INFO] - Epoch [2/5], Batch [172/300], Loss: 1.1889 (Overall: 0.9637, Change: 2.2439), TF Ratio: 0.906
[2026-06-16 10:13:40,842][root][INFO] - Epoch [2/5], Batch [173/300], Loss: 1.1905 (Overall: 0.9780, Change: 1.9569), TF Ratio: 0.905
[2026-06-16 10:13:40,995][root][INFO] - Epoch [2/5], Batch [174/300], Loss: 1.1909 (Overall: 1.0699, Change: 1.4614), TF Ratio: 0.905
[2026-06-16 10:13:41,153][root][INFO] - Epoch [2/5], Batch [175/300], Loss: 1.1914 (Overall: 0.7769, Change: 1.7590), TF Ratio: 0.905
[2026-06-16 10:13:41,332][root][INFO] - Epoch [2/5], Batch [176/300], Loss: 1.1907 (Overall: 0.9649, Change: 1.1929), TF Ratio: 0.905
[2026-06-16 10:13:41,485][root][INFO] - Epoch [2/5], Batch [177/300], Loss: 1.1895 (Overall: 0.5965, Change: 1.3455), TF Ratio: 0.905
[2026-06-16 10:13:41,647][root][INFO] - Epoch [2/5], Batch [178/300], Loss: 1.1885 (Overall: 0.7204, Change: 1.3046), TF Ratio: 0.904
[2026-06-16 10:13:41,800][root][INFO] - Epoch [2/5], Batch [179/300], Loss: 1.1870 (Overall: 0.6247, Change: 1.2014), TF Ratio: 0.904
[2026-06-16 10:13:41,968][root][INFO] - Epoch [2/5], Batch [180/300], Loss: 1.1865 (Overall: 0.7573, Change: 1.4486), TF Ratio: 0.904
[2026-06-16 10:13:42,123][root][INFO] - Epoch [2/5], Batch [181/300], Loss: 1.1859 (Overall: 0.6854, Change: 1.4847), TF Ratio: 0.904
[2026-06-16 10:13:42,276][root][INFO] - Epoch [2/5], Batch [182/300], Loss: 1.1845 (Overall: 0.7769, Change: 1.0747), TF Ratio: 0.904
[2026-06-16 10:13:42,435][root][INFO] - Epoch [2/5], Batch [183/300], Loss: 1.1844 (Overall: 0.9477, Change: 1.3651), TF Ratio: 0.903
[2026-06-16 10:13:42,616][root][INFO] - Epoch [2/5], Batch [184/300], Loss: 1.1846 (Overall: 0.9867, Change: 1.4722), TF Ratio: 0.903
[2026-06-16 10:13:42,770][root][INFO] - Epoch [2/5], Batch [185/300], Loss: 1.1837 (Overall: 0.7127, Change: 1.3216), TF Ratio: 0.903
[2026-06-16 10:13:42,924][root][INFO] - Epoch [2/5], Batch [186/300], Loss: 1.1842 (Overall: 0.8621, Change: 1.7086), TF Ratio: 0.903
[2026-06-16 10:13:43,077][root][INFO] - Epoch [2/5], Batch [187/300], Loss: 1.1854 (Overall: 1.0520, Change: 1.7581), TF Ratio: 0.903
[2026-06-16 10:13:43,241][root][INFO] - Epoch [2/5], Batch [188/300], Loss: 1.1852 (Overall: 0.7444, Change: 1.5345), TF Ratio: 0.902
[2026-06-16 10:13:43,395][root][INFO] - Epoch [2/5], Batch [189/300], Loss: 1.1846 (Overall: 0.7146, Change: 1.4471), TF Ratio: 0.902
[2026-06-16 10:13:43,547][root][INFO] - Epoch [2/5], Batch [190/300], Loss: 1.1852 (Overall: 1.0783, Change: 1.5157), TF Ratio: 0.902
[2026-06-16 10:13:43,702][root][INFO] - Epoch [2/5], Batch [191/300], Loss: 1.1848 (Overall: 0.9687, Change: 1.2337), TF Ratio: 0.902
[2026-06-16 10:13:43,887][root][INFO] - Epoch [2/5], Batch [192/300], Loss: 1.1855 (Overall: 0.8386, Change: 1.8181), TF Ratio: 0.902
[2026-06-16 10:13:44,040][root][INFO] - Epoch [2/5], Batch [193/300], Loss: 1.1892 (Overall: 0.9417, Change: 2.8434), TF Ratio: 0.901
[2026-06-16 10:13:44,193][root][INFO] - Epoch [2/5], Batch [194/300], Loss: 1.1927 (Overall: 1.8857, Change: 1.8488), TF Ratio: 0.901
[2026-06-16 10:13:44,346][root][INFO] - Epoch [2/5], Batch [195/300], Loss: 1.1924 (Overall: 0.8083, Change: 1.4869), TF Ratio: 0.901
[2026-06-16 10:13:44,520][root][INFO] - Epoch [2/5], Batch [196/300], Loss: 1.1916 (Overall: 0.7228, Change: 1.3468), TF Ratio: 0.901
[2026-06-16 10:13:44,674][root][INFO] - Epoch [2/5], Batch [197/300], Loss: 1.1917 (Overall: 1.0163, Change: 1.3906), TF Ratio: 0.901
[2026-06-16 10:13:44,842][root][INFO] - Epoch [2/5], Batch [198/300], Loss: 1.1906 (Overall: 0.7908, Change: 1.1741), TF Ratio: 0.900
[2026-06-16 10:13:44,995][root][INFO] - Epoch [2/5], Batch [199/300], Loss: 1.1903 (Overall: 1.0374, Change: 1.2168), TF Ratio: 0.900
[2026-06-16 10:13:45,150][root][INFO] - Epoch [2/5], Batch [200/300], Loss: 1.1909 (Overall: 0.9268, Change: 1.6757), TF Ratio: 0.900
[2026-06-16 10:13:45,315][root][INFO] - Epoch [2/5], Batch [201/300], Loss: 1.1901 (Overall: 0.9818, Change: 1.0777), TF Ratio: 0.900
[2026-06-16 10:13:45,469][root][INFO] - Epoch [2/5], Batch [202/300], Loss: 1.1897 (Overall: 0.8989, Change: 1.3379), TF Ratio: 0.900
[2026-06-16 10:13:45,622][root][INFO] - Epoch [2/5], Batch [203/300], Loss: 1.1900 (Overall: 0.9453, Change: 1.5438), TF Ratio: 0.899
[2026-06-16 10:13:45,790][root][INFO] - Epoch [2/5], Batch [204/300], Loss: 1.1891 (Overall: 0.8753, Change: 1.1482), TF Ratio: 0.899
[2026-06-16 10:13:45,943][root][INFO] - Epoch [2/5], Batch [205/300], Loss: 1.1886 (Overall: 0.6773, Change: 1.4931), TF Ratio: 0.899
[2026-06-16 10:13:46,104][root][INFO] - Epoch [2/5], Batch [206/300], Loss: 1.1879 (Overall: 0.9597, Change: 1.1106), TF Ratio: 0.899
[2026-06-16 10:13:46,270][root][INFO] - Epoch [2/5], Batch [207/300], Loss: 1.1868 (Overall: 0.7754, Change: 1.1533), TF Ratio: 0.899
[2026-06-16 10:13:46,426][root][INFO] - Epoch [2/5], Batch [208/300], Loss: 1.1866 (Overall: 0.7238, Change: 1.5757), TF Ratio: 0.898
[2026-06-16 10:13:46,580][root][INFO] - Epoch [2/5], Batch [209/300], Loss: 1.1853 (Overall: 0.7814, Change: 1.0293), TF Ratio: 0.898
[2026-06-16 10:13:46,741][root][INFO] - Epoch [2/5], Batch [210/300], Loss: 1.1839 (Overall: 0.6416, Change: 1.1758), TF Ratio: 0.898
[2026-06-16 10:13:46,895][root][INFO] - Epoch [2/5], Batch [211/300], Loss: 1.1830 (Overall: 0.9623, Change: 1.0222), TF Ratio: 0.898
[2026-06-16 10:13:47,066][root][INFO] - Epoch [2/5], Batch [212/300], Loss: 1.1835 (Overall: 0.7427, Change: 1.8324), TF Ratio: 0.898
[2026-06-16 10:13:47,220][root][INFO] - Epoch [2/5], Batch [213/300], Loss: 1.1835 (Overall: 0.9749, Change: 1.3828), TF Ratio: 0.897
[2026-06-16 10:13:47,378][root][INFO] - Epoch [2/5], Batch [214/300], Loss: 1.1829 (Overall: 0.9427, Change: 1.1690), TF Ratio: 0.897
[2026-06-16 10:13:47,543][root][INFO] - Epoch [2/5], Batch [215/300], Loss: 1.1826 (Overall: 0.8526, Change: 1.3810), TF Ratio: 0.897
[2026-06-16 10:13:47,706][root][INFO] - Epoch [2/5], Batch [216/300], Loss: 1.1824 (Overall: 0.8585, Change: 1.4242), TF Ratio: 0.897
[2026-06-16 10:13:47,860][root][INFO] - Epoch [2/5], Batch [217/300], Loss: 1.1813 (Overall: 0.6858, Change: 1.1899), TF Ratio: 0.897
[2026-06-16 10:13:48,013][root][INFO] - Epoch [2/5], Batch [218/300], Loss: 1.1809 (Overall: 0.9549, Change: 1.2485), TF Ratio: 0.896
[2026-06-16 10:13:48,166][root][INFO] - Epoch [2/5], Batch [219/300], Loss: 1.1814 (Overall: 1.0601, Change: 1.5044), TF Ratio: 0.896
[2026-06-16 10:13:48,350][root][INFO] - Epoch [2/5], Batch [220/300], Loss: 1.1816 (Overall: 0.7794, Change: 1.6762), TF Ratio: 0.896
[2026-06-16 10:13:48,512][root][INFO] - Epoch [2/5], Batch [221/300], Loss: 1.1805 (Overall: 0.6612, Change: 1.2294), TF Ratio: 0.896
[2026-06-16 10:13:48,664][root][INFO] - Epoch [2/5], Batch [222/300], Loss: 1.1791 (Overall: 0.8072, Change: 0.9210), TF Ratio: 0.896
[2026-06-16 10:13:48,828][root][INFO] - Epoch [2/5], Batch [223/300], Loss: 1.1820 (Overall: 0.8413, Change: 2.8271), TF Ratio: 0.895
[2026-06-16 10:13:48,988][root][INFO] - Epoch [2/5], Batch [224/300], Loss: 1.1828 (Overall: 1.2515, Change: 1.4616), TF Ratio: 0.895
[2026-06-16 10:13:49,143][root][INFO] - Epoch [2/5], Batch [225/300], Loss: 1.1821 (Overall: 0.6921, Change: 1.3291), TF Ratio: 0.895
[2026-06-16 10:13:49,296][root][INFO] - Epoch [2/5], Batch [226/300], Loss: 1.1820 (Overall: 0.7972, Change: 1.5206), TF Ratio: 0.895
[2026-06-16 10:13:49,450][root][INFO] - Epoch [2/5], Batch [227/300], Loss: 1.1826 (Overall: 0.8994, Change: 1.7531), TF Ratio: 0.895
[2026-06-16 10:13:49,620][root][INFO] - Epoch [2/5], Batch [228/300], Loss: 1.1818 (Overall: 0.8099, Change: 1.1903), TF Ratio: 0.894
[2026-06-16 10:13:49,773][root][INFO] - Epoch [2/5], Batch [229/300], Loss: 1.1819 (Overall: 0.7859, Change: 1.6330), TF Ratio: 0.894
[2026-06-16 10:13:49,927][root][INFO] - Epoch [2/5], Batch [230/300], Loss: 1.1821 (Overall: 0.7827, Change: 1.6760), TF Ratio: 0.894
[2026-06-16 10:13:50,095][root][INFO] - Epoch [2/5], Batch [231/300], Loss: 1.1824 (Overall: 0.8201, Change: 1.6851), TF Ratio: 0.894
[2026-06-16 10:13:50,272][root][INFO] - Epoch [2/5], Batch [232/300], Loss: 1.1824 (Overall: 0.7497, Change: 1.6131), TF Ratio: 0.894
[2026-06-16 10:13:50,431][root][INFO] - Epoch [2/5], Batch [233/300], Loss: 1.1813 (Overall: 0.6796, Change: 1.1554), TF Ratio: 0.893
[2026-06-16 10:13:50,585][root][INFO] - Epoch [2/5], Batch [234/300], Loss: 1.1809 (Overall: 0.6749, Change: 1.4908), TF Ratio: 0.893
[2026-06-16 10:13:50,739][root][INFO] - Epoch [2/5], Batch [235/300], Loss: 1.1812 (Overall: 0.8426, Change: 1.6747), TF Ratio: 0.893
[2026-06-16 10:13:50,899][root][INFO] - Epoch [2/5], Batch [236/300], Loss: 1.1806 (Overall: 0.7554, Change: 1.3525), TF Ratio: 0.893
[2026-06-16 10:13:51,060][root][INFO] - Epoch [2/5], Batch [237/300], Loss: 1.1802 (Overall: 0.6898, Change: 1.4799), TF Ratio: 0.893
[2026-06-16 10:13:51,214][root][INFO] - Epoch [2/5], Batch [238/300], Loss: 1.1798 (Overall: 0.6496, Change: 1.5218), TF Ratio: 0.892
[2026-06-16 10:13:51,369][root][INFO] - Epoch [2/5], Batch [239/300], Loss: 1.1809 (Overall: 0.9342, Change: 1.9297), TF Ratio: 0.892
[2026-06-16 10:13:51,536][root][INFO] - Epoch [2/5], Batch [240/300], Loss: 1.1817 (Overall: 1.1872, Change: 1.5556), TF Ratio: 0.892
[2026-06-16 10:13:51,705][root][INFO] - Epoch [2/5], Batch [241/300], Loss: 1.1813 (Overall: 0.8456, Change: 1.3301), TF Ratio: 0.892
[2026-06-16 10:13:51,858][root][INFO] - Epoch [2/5], Batch [242/300], Loss: 1.1812 (Overall: 0.7478, Change: 1.5704), TF Ratio: 0.892
[2026-06-16 10:13:52,011][root][INFO] - Epoch [2/5], Batch [243/300], Loss: 1.1811 (Overall: 0.8314, Change: 1.4803), TF Ratio: 0.891
[2026-06-16 10:13:52,167][root][INFO] - Epoch [2/5], Batch [244/300], Loss: 1.1805 (Overall: 0.7918, Change: 1.2680), TF Ratio: 0.891
[2026-06-16 10:13:52,322][root][INFO] - Epoch [2/5], Batch [245/300], Loss: 1.1797 (Overall: 0.9808, Change: 0.9777), TF Ratio: 0.891
[2026-06-16 10:13:52,475][root][INFO] - Epoch [2/5], Batch [246/300], Loss: 1.1797 (Overall: 0.8711, Change: 1.5188), TF Ratio: 0.891
[2026-06-16 10:13:52,630][root][INFO] - Epoch [2/5], Batch [247/300], Loss: 1.1798 (Overall: 0.8034, Change: 1.5786), TF Ratio: 0.891
[2026-06-16 10:13:52,803][root][INFO] - Epoch [2/5], Batch [248/300], Loss: 1.1785 (Overall: 0.6575, Change: 1.0715), TF Ratio: 0.890
[2026-06-16 10:13:52,962][root][INFO] - Epoch [2/5], Batch [249/300], Loss: 1.1776 (Overall: 0.5413, Change: 1.3828), TF Ratio: 0.890
[2026-06-16 10:13:53,114][root][INFO] - Epoch [2/5], Batch [250/300], Loss: 1.1765 (Overall: 0.7451, Change: 1.0347), TF Ratio: 0.890
[2026-06-16 10:13:53,267][root][INFO] - Epoch [2/5], Batch [251/300], Loss: 1.1757 (Overall: 0.9564, Change: 0.9774), TF Ratio: 0.890
[2026-06-16 10:13:53,437][root][INFO] - Epoch [2/5], Batch [252/300], Loss: 1.1752 (Overall: 0.8656, Change: 1.2405), TF Ratio: 0.890
[2026-06-16 10:13:53,591][root][INFO] - Epoch [2/5], Batch [253/300], Loss: 1.1752 (Overall: 1.0427, Change: 1.3455), TF Ratio: 0.889
[2026-06-16 10:13:53,744][root][INFO] - Epoch [2/5], Batch [254/300], Loss: 1.1758 (Overall: 0.9800, Change: 1.6433), TF Ratio: 0.889
[2026-06-16 10:13:53,898][root][INFO] - Epoch [2/5], Batch [255/300], Loss: 1.1770 (Overall: 1.1812, Change: 1.8005), TF Ratio: 0.889
[2026-06-16 10:13:54,067][root][INFO] - Epoch [2/5], Batch [256/300], Loss: 1.1775 (Overall: 0.9002, Change: 1.6924), TF Ratio: 0.889
[2026-06-16 10:13:54,223][root][INFO] - Epoch [2/5], Batch [257/300], Loss: 1.1778 (Overall: 1.0402, Change: 1.4826), TF Ratio: 0.889
[2026-06-16 10:13:54,376][root][INFO] - Epoch [2/5], Batch [258/300], Loss: 1.1780 (Overall: 0.9815, Change: 1.4934), TF Ratio: 0.888
[2026-06-16 10:13:54,537][root][INFO] - Epoch [2/5], Batch [259/300], Loss: 1.1774 (Overall: 0.8792, Change: 1.1388), TF Ratio: 0.888
[2026-06-16 10:13:54,709][root][INFO] - Epoch [2/5], Batch [260/300], Loss: 1.1766 (Overall: 0.8818, Change: 1.0889), TF Ratio: 0.888
[2026-06-16 10:13:54,863][root][INFO] - Epoch [2/5], Batch [261/300], Loss: 1.1763 (Overall: 0.8837, Change: 1.2646), TF Ratio: 0.888
[2026-06-16 10:13:55,017][root][INFO] - Epoch [2/5], Batch [262/300], Loss: 1.1764 (Overall: 0.8725, Change: 1.5458), TF Ratio: 0.888
[2026-06-16 10:13:55,175][root][INFO] - Epoch [2/5], Batch [263/300], Loss: 1.1757 (Overall: 0.6277, Change: 1.3487), TF Ratio: 0.887
[2026-06-16 10:13:55,343][root][INFO] - Epoch [2/5], Batch [264/300], Loss: 1.1757 (Overall: 0.9872, Change: 1.4091), TF Ratio: 0.887
[2026-06-16 10:13:55,496][root][INFO] - Epoch [2/5], Batch [265/300], Loss: 1.1757 (Overall: 0.7269, Change: 1.5789), TF Ratio: 0.887
[2026-06-16 10:13:55,661][root][INFO] - Epoch [2/5], Batch [266/300], Loss: 1.1753 (Overall: 0.8007, Change: 1.3797), TF Ratio: 0.887
[2026-06-16 10:13:55,814][root][INFO] - Epoch [2/5], Batch [267/300], Loss: 1.1760 (Overall: 1.3794, Change: 1.3060), TF Ratio: 0.887
[2026-06-16 10:13:55,991][root][INFO] - Epoch [2/5], Batch [268/300], Loss: 1.1756 (Overall: 0.7837, Change: 1.3814), TF Ratio: 0.886
[2026-06-16 10:13:56,144][root][INFO] - Epoch [2/5], Batch [269/300], Loss: 1.1748 (Overall: 0.6920, Change: 1.2040), TF Ratio: 0.886
[2026-06-16 10:13:56,297][root][INFO] - Epoch [2/5], Batch [270/300], Loss: 1.1742 (Overall: 0.6068, Change: 1.4517), TF Ratio: 0.886
[2026-06-16 10:13:56,450][root][INFO] - Epoch [2/5], Batch [271/300], Loss: 1.1745 (Overall: 0.8850, Change: 1.5815), TF Ratio: 0.886
[2026-06-16 10:13:56,624][root][INFO] - Epoch [2/5], Batch [272/300], Loss: 1.1745 (Overall: 0.9600, Change: 1.4322), TF Ratio: 0.886
[2026-06-16 10:13:56,778][root][INFO] - Epoch [2/5], Batch [273/300], Loss: 1.1738 (Overall: 0.7570, Change: 1.2046), TF Ratio: 0.885
[2026-06-16 10:13:56,932][root][INFO] - Epoch [2/5], Batch [274/300], Loss: 1.1732 (Overall: 0.7803, Change: 1.2018), TF Ratio: 0.885
[2026-06-16 10:13:57,086][root][INFO] - Epoch [2/5], Batch [275/300], Loss: 1.1731 (Overall: 0.9674, Change: 1.3738), TF Ratio: 0.885
[2026-06-16 10:13:57,250][root][INFO] - Epoch [2/5], Batch [276/300], Loss: 1.1729 (Overall: 0.8622, Change: 1.3466), TF Ratio: 0.885
[2026-06-16 10:13:57,407][root][INFO] - Epoch [2/5], Batch [277/300], Loss: 1.1718 (Overall: 0.8967, Change: 0.8403), TF Ratio: 0.885
[2026-06-16 10:13:57,561][root][INFO] - Epoch [2/5], Batch [278/300], Loss: 1.1710 (Overall: 0.7099, Change: 1.2062), TF Ratio: 0.884
[2026-06-16 10:13:57,721][root][INFO] - Epoch [2/5], Batch [279/300], Loss: 1.1707 (Overall: 0.8151, Change: 1.3669), TF Ratio: 0.884
[2026-06-16 10:13:57,892][root][INFO] - Epoch [2/5], Batch [280/300], Loss: 1.1705 (Overall: 0.7750, Change: 1.4484), TF Ratio: 0.884
[2026-06-16 10:13:58,048][root][INFO] - Epoch [2/5], Batch [281/300], Loss: 1.1693 (Overall: 0.7261, Change: 0.9182), TF Ratio: 0.884
[2026-06-16 10:13:58,200][root][INFO] - Epoch [2/5], Batch [282/300], Loss: 1.1690 (Overall: 0.9620, Change: 1.2132), TF Ratio: 0.884
[2026-06-16 10:13:58,361][root][INFO] - Epoch [2/5], Batch [283/300], Loss: 1.1692 (Overall: 0.6191, Change: 1.8432), TF Ratio: 0.883
[2026-06-16 10:13:58,515][root][INFO] - Epoch [2/5], Batch [284/300], Loss: 1.1692 (Overall: 0.7368, Change: 1.5638), TF Ratio: 0.883
[2026-06-16 10:13:58,668][root][INFO] - Epoch [2/5], Batch [285/300], Loss: 1.1696 (Overall: 0.8577, Change: 1.7350), TF Ratio: 0.883
[2026-06-16 10:13:58,821][root][INFO] - Epoch [2/5], Batch [286/300], Loss: 1.1698 (Overall: 1.1056, Change: 1.3713), TF Ratio: 0.883
[2026-06-16 10:13:58,974][root][INFO] - Epoch [2/5], Batch [287/300], Loss: 1.1697 (Overall: 0.9815, Change: 1.3017), TF Ratio: 0.883
[2026-06-16 10:13:59,151][root][INFO] - Epoch [2/5], Batch [288/300], Loss: 1.1683 (Overall: 0.6385, Change: 0.8665), TF Ratio: 0.882
[2026-06-16 10:13:59,306][root][INFO] - Epoch [2/5], Batch [289/300], Loss: 1.1677 (Overall: 0.7436, Change: 1.2574), TF Ratio: 0.882
[2026-06-16 10:13:59,468][root][INFO] - Epoch [2/5], Batch [290/300], Loss: 1.1674 (Overall: 0.7581, Change: 1.4034), TF Ratio: 0.882
[2026-06-16 10:13:59,621][root][INFO] - Epoch [2/5], Batch [291/300], Loss: 1.1671 (Overall: 0.8614, Change: 1.2928), TF Ratio: 0.882
[2026-06-16 10:13:59,780][root][INFO] - Epoch [2/5], Batch [292/300], Loss: 1.1662 (Overall: 0.5967, Change: 1.2294), TF Ratio: 0.882
[2026-06-16 10:13:59,934][root][INFO] - Epoch [2/5], Batch [293/300], Loss: 1.1662 (Overall: 0.8271, Change: 1.5126), TF Ratio: 0.881
[2026-06-16 10:14:00,095][root][INFO] - Epoch [2/5], Batch [294/300], Loss: 1.1668 (Overall: 1.0403, Change: 1.5983), TF Ratio: 0.881
[2026-06-16 10:14:00,247][root][INFO] - Epoch [2/5], Batch [295/300], Loss: 1.1672 (Overall: 0.8515, Change: 1.7376), TF Ratio: 0.881
[2026-06-16 10:14:00,402][root][INFO] - Epoch [2/5], Batch [296/300], Loss: 1.1666 (Overall: 0.7085, Change: 1.2878), TF Ratio: 0.881
[2026-06-16 10:14:00,557][root][INFO] - Epoch [2/5], Batch [297/300], Loss: 1.1665 (Overall: 0.7326, Change: 1.5333), TF Ratio: 0.881
[2026-06-16 10:14:00,710][root][INFO] - Epoch [2/5], Batch [298/300], Loss: 1.1662 (Overall: 0.6470, Change: 1.4913), TF Ratio: 0.880
[2026-06-16 10:14:00,863][root][INFO] - Epoch [2/5], Batch [299/300], Loss: 1.1663 (Overall: 0.8068, Change: 1.6022), TF Ratio: 0.880
[2026-06-16 10:14:01,029][root][INFO] - Epoch [2/5], Batch [300/300], Loss: 1.1665 (Overall: 1.1318, Change: 1.3176), TF Ratio: 0.880
[2026-06-16 10:14:02,663][root][INFO] - Epoch 2 done. Validating...
[2026-06-16 10:14:07,461][root][INFO] - Epoch [2/5] | Train: 1.1567 | Val: 0.7509
[2026-06-16 10:14:07,653][root][INFO] - Checkpoint saved: /gpfs/scratch/bsc32/bsc096444/ai4land-tfm/trained_models/unet_impl/41825166/best_model.pth
[2026-06-16 10:14:07,820][root][INFO] - Checkpoint saved: /gpfs/scratch/bsc32/bsc096444/ai4land-tfm/trained_models/unet_impl/41825166/model_epoch_2.pth
[2026-06-16 10:14:11,257][root][INFO] - Epoch [3/5], Batch [1/300], Loss: 0.9874 (Overall: 0.8933, Change: 1.0815), TF Ratio: 0.880
[2026-06-16 10:14:11,412][root][INFO] - Epoch [3/5], Batch [2/300], Loss: 0.9923 (Overall: 0.7647, Change: 1.2296), TF Ratio: 0.880
[2026-06-16 10:14:11,565][root][INFO] - Epoch [3/5], Batch [3/300], Loss: 1.0080 (Overall: 0.6189, Change: 1.4598), TF Ratio: 0.879
[2026-06-16 10:14:12,272][root][INFO] - Epoch [3/5], Batch [4/300], Loss: 1.0890 (Overall: 0.9410, Change: 1.7230), TF Ratio: 0.879
[2026-06-16 10:14:12,430][root][INFO] - Epoch [3/5], Batch [5/300], Loss: 1.1241 (Overall: 1.2390, Change: 1.2900), TF Ratio: 0.879
[2026-06-16 10:14:12,584][root][INFO] - Epoch [3/5], Batch [6/300], Loss: 1.1154 (Overall: 0.8316, Change: 1.3123), TF Ratio: 0.879
[2026-06-16 10:14:12,737][root][INFO] - Epoch [3/5], Batch [7/300], Loss: 1.1512 (Overall: 1.1093, Change: 1.6225), TF Ratio: 0.879
[2026-06-16 10:14:12,943][root][INFO] - Epoch [3/5], Batch [8/300], Loss: 1.1395 (Overall: 0.7948, Change: 1.3207), TF Ratio: 0.878
[2026-06-16 10:14:13,098][root][INFO] - Epoch [3/5], Batch [9/300], Loss: 1.1177 (Overall: 0.7258, Change: 1.1605), TF Ratio: 0.878
[2026-06-16 10:14:13,252][root][INFO] - Epoch [3/5], Batch [10/300], Loss: 1.1177 (Overall: 0.8342, Change: 1.4022), TF Ratio: 0.878
[2026-06-16 10:14:13,405][root][INFO] - Epoch [3/5], Batch [11/300], Loss: 1.1027 (Overall: 0.6544, Change: 1.2490), TF Ratio: 0.878
[2026-06-16 10:14:13,672][root][INFO] - Epoch [3/5], Batch [12/300], Loss: 1.0948 (Overall: 0.7922, Change: 1.2259), TF Ratio: 0.878
[2026-06-16 10:14:13,833][root][INFO] - Epoch [3/5], Batch [13/300], Loss: 1.0941 (Overall: 0.6804, Change: 1.4889), TF Ratio: 0.877
[2026-06-16 10:14:13,985][root][INFO] - Epoch [3/5], Batch [14/300], Loss: 1.0906 (Overall: 0.8375, Change: 1.2548), TF Ratio: 0.877
[2026-06-16 10:14:14,143][root][INFO] - Epoch [3/5], Batch [15/300], Loss: 1.0838 (Overall: 0.7346, Change: 1.2424), TF Ratio: 0.877
[2026-06-16 10:14:14,298][root][INFO] - Epoch [3/5], Batch [16/300], Loss: 1.0643 (Overall: 0.6164, Change: 0.9258), TF Ratio: 0.877
[2026-06-16 10:14:14,454][root][INFO] - Epoch [3/5], Batch [17/300], Loss: 1.0759 (Overall: 0.8733, Change: 1.6496), TF Ratio: 0.877
[2026-06-16 10:14:14,607][root][INFO] - Epoch [3/5], Batch [18/300], Loss: 1.0805 (Overall: 0.9919, Change: 1.3275), TF Ratio: 0.876
[2026-06-16 10:14:14,760][root][INFO] - Epoch [3/5], Batch [19/300], Loss: 1.0874 (Overall: 0.6978, Change: 1.7248), TF Ratio: 0.876
[2026-06-16 10:14:14,980][root][INFO] - Epoch [3/5], Batch [20/300], Loss: 1.0830 (Overall: 0.9041, Change: 1.0941), TF Ratio: 0.876
[2026-06-16 10:14:15,134][root][INFO] - Epoch [3/5], Batch [21/300], Loss: 1.0902 (Overall: 0.9680, Change: 1.4984), TF Ratio: 0.876
[2026-06-16 10:14:15,287][root][INFO] - Epoch [3/5], Batch [22/300], Loss: 1.0974 (Overall: 1.0438, Change: 1.4563), TF Ratio: 0.876
[2026-06-16 10:14:15,441][root][INFO] - Epoch [3/5], Batch [23/300], Loss: 1.1067 (Overall: 1.0139, Change: 1.6098), TF Ratio: 0.875
[2026-06-16 10:14:15,626][root][INFO] - Epoch [3/5], Batch [24/300], Loss: 1.1051 (Overall: 1.0933, Change: 1.0413), TF Ratio: 0.875
[2026-06-16 10:14:15,780][root][INFO] - Epoch [3/5], Batch [25/300], Loss: 1.1022 (Overall: 0.6544, Change: 1.4107), TF Ratio: 0.875
[2026-06-16 10:14:15,934][root][INFO] - Epoch [3/5], Batch [26/300], Loss: 1.1010 (Overall: 0.6382, Change: 1.5045), TF Ratio: 0.875
[2026-06-16 10:14:16,104][root][INFO] - Epoch [3/5], Batch [27/300], Loss: 1.0955 (Overall: 0.6001, Change: 1.3055), TF Ratio: 0.875
[2026-06-16 10:14:16,275][root][INFO] - Epoch [3/5], Batch [28/300], Loss: 1.1094 (Overall: 1.4210, Change: 1.5497), TF Ratio: 0.874
[2026-06-16 10:14:16,430][root][INFO] - Epoch [3/5], Batch [29/300], Loss: 1.1077 (Overall: 0.8217, Change: 1.2953), TF Ratio: 0.874
[2026-06-16 10:14:16,583][root][INFO] - Epoch [3/5], Batch [30/300], Loss: 1.1002 (Overall: 0.5750, Change: 1.1918), TF Ratio: 0.874
[2026-06-16 10:14:16,745][root][INFO] - Epoch [3/5], Batch [31/300], Loss: 1.1018 (Overall: 0.8909, Change: 1.4087), TF Ratio: 0.874
[2026-06-16 10:14:16,901][root][INFO] - Epoch [3/5], Batch [32/300], Loss: 1.1079 (Overall: 0.7299, Change: 1.8655), TF Ratio: 0.874
[2026-06-16 10:14:17,065][root][INFO] - Epoch [3/5], Batch [33/300], Loss: 1.1098 (Overall: 1.0249, Change: 1.3123), TF Ratio: 0.873
[2026-06-16 10:14:17,229][root][INFO] - Epoch [3/5], Batch [34/300], Loss: 1.1038 (Overall: 0.5598, Change: 1.2567), TF Ratio: 0.873
[2026-06-16 10:14:17,384][root][INFO] - Epoch [3/5], Batch [35/300], Loss: 1.1038 (Overall: 0.7963, Change: 1.4114), TF Ratio: 0.873
[2026-06-16 10:14:17,550][root][INFO] - Epoch [3/5], Batch [36/300], Loss: 1.1062 (Overall: 0.6315, Change: 1.7480), TF Ratio: 0.873
[2026-06-16 10:14:17,703][root][INFO] - Epoch [3/5], Batch [37/300], Loss: 1.1073 (Overall: 0.9133, Change: 1.3804), TF Ratio: 0.873
[2026-06-16 10:14:17,858][root][INFO] - Epoch [3/5], Batch [38/300], Loss: 1.1110 (Overall: 0.7869, Change: 1.7097), TF Ratio: 0.872
[2026-06-16 10:14:18,012][root][INFO] - Epoch [3/5], Batch [39/300], Loss: 1.1144 (Overall: 0.8400, Change: 1.6417), TF Ratio: 0.872
[2026-06-16 10:14:18,198][root][INFO] - Epoch [3/5], Batch [40/300], Loss: 1.1182 (Overall: 1.1227, Change: 1.4145), TF Ratio: 0.872
[2026-06-16 10:14:18,353][root][INFO] - Epoch [3/5], Batch [41/300], Loss: 1.1141 (Overall: 0.7341, Change: 1.1636), TF Ratio: 0.872
[2026-06-16 10:14:18,517][root][INFO] - Epoch [3/5], Batch [42/300], Loss: 1.1156 (Overall: 0.8867, Change: 1.4672), TF Ratio: 0.872
[2026-06-16 10:14:18,670][root][INFO] - Epoch [3/5], Batch [43/300], Loss: 1.1155 (Overall: 0.6517, Change: 1.5699), TF Ratio: 0.871
[2026-06-16 10:14:18,825][root][INFO] - Epoch [3/5], Batch [44/300], Loss: 1.1132 (Overall: 0.8512, Change: 1.1761), TF Ratio: 0.871
[2026-06-16 10:14:19,001][root][INFO] - Epoch [3/5], Batch [45/300], Loss: 1.1099 (Overall: 0.9852, Change: 0.9491), TF Ratio: 0.871
[2026-06-16 10:14:19,163][root][INFO] - Epoch [3/5], Batch [46/300], Loss: 1.1116 (Overall: 0.6729, Change: 1.7027), TF Ratio: 0.871
[2026-06-16 10:14:19,316][root][INFO] - Epoch [3/5], Batch [47/300], Loss: 1.1119 (Overall: 0.8331, Change: 1.4152), TF Ratio: 0.871
[2026-06-16 10:14:19,470][root][INFO] - Epoch [3/5], Batch [48/300], Loss: 1.1071 (Overall: 0.7358, Change: 1.0340), TF Ratio: 0.870
[2026-06-16 10:14:19,624][root][INFO] - Epoch [3/5], Batch [49/300], Loss: 1.1115 (Overall: 1.1777, Change: 1.4583), TF Ratio: 0.870
[2026-06-16 10:14:19,777][root][INFO] - Epoch [3/5], Batch [50/300], Loss: 1.1079 (Overall: 0.8037, Change: 1.0688), TF Ratio: 0.870
[2026-06-16 10:14:19,935][root][INFO] - Epoch [3/5], Batch [51/300], Loss: 1.1046 (Overall: 0.8572, Change: 1.0131), TF Ratio: 0.870
[2026-06-16 10:14:20,091][root][INFO] - Epoch [3/5], Batch [52/300], Loss: 1.1075 (Overall: 0.9480, Change: 1.5714), TF Ratio: 0.870
[2026-06-16 10:14:20,253][root][INFO] - Epoch [3/5], Batch [53/300], Loss: 1.1096 (Overall: 0.9959, Change: 1.4333), TF Ratio: 0.869
[2026-06-16 10:14:20,417][root][INFO] - Epoch [3/5], Batch [54/300], Loss: 1.1236 (Overall: 1.0592, Change: 2.6735), TF Ratio: 0.869
[2026-06-16 10:14:20,571][root][INFO] - Epoch [3/5], Batch [55/300], Loss: 1.1223 (Overall: 0.6498, Change: 1.4521), TF Ratio: 0.869
[2026-06-16 10:14:20,735][root][INFO] - Epoch [3/5], Batch [56/300], Loss: 1.1269 (Overall: 1.1833, Change: 1.5848), TF Ratio: 0.869
[2026-06-16 10:14:20,891][root][INFO] - Epoch [3/5], Batch [57/300], Loss: 1.1257 (Overall: 0.9666, Change: 1.1473), TF Ratio: 0.869
[2026-06-16 10:14:21,047][root][INFO] - Epoch [3/5], Batch [58/300], Loss: 1.1307 (Overall: 1.0592, Change: 1.7724), TF Ratio: 0.868
[2026-06-16 10:14:21,205][root][INFO] - Epoch [3/5], Batch [59/300], Loss: 1.1380 (Overall: 1.1578, Change: 1.9594), TF Ratio: 0.868
[2026-06-16 10:14:21,371][root][INFO] - Epoch [3/5], Batch [60/300], Loss: 1.1369 (Overall: 0.7624, Change: 1.3817), TF Ratio: 0.868
[2026-06-16 10:14:21,525][root][INFO] - Epoch [3/5], Batch [61/300], Loss: 1.1328 (Overall: 0.8560, Change: 0.9175), TF Ratio: 0.868
[2026-06-16 10:14:21,679][root][INFO] - Epoch [3/5], Batch [62/300], Loss: 1.1314 (Overall: 0.6833, Change: 1.4197), TF Ratio: 0.868
[2026-06-16 10:14:21,834][root][INFO] - Epoch [3/5], Batch [63/300], Loss: 1.1300 (Overall: 0.6972, Change: 1.3862), TF Ratio: 0.867
[2026-06-16 10:14:21,993][root][INFO] - Epoch [3/5], Batch [64/300], Loss: 1.1390 (Overall: 0.6226, Change: 2.7858), TF Ratio: 0.867
[2026-06-16 10:14:22,147][root][INFO] - Epoch [3/5], Batch [65/300], Loss: 1.1393 (Overall: 0.7918, Change: 1.5292), TF Ratio: 0.867
[2026-06-16 10:14:22,300][root][INFO] - Epoch [3/5], Batch [66/300], Loss: 1.1393 (Overall: 0.9705, Change: 1.3072), TF Ratio: 0.867
[2026-06-16 10:14:22,454][root][INFO] - Epoch [3/5], Batch [67/300], Loss: 1.1362 (Overall: 0.5709, Change: 1.2938), TF Ratio: 0.867
[2026-06-16 10:14:22,619][root][INFO] - Epoch [3/5], Batch [68/300], Loss: 1.1354 (Overall: 0.6922, Change: 1.4720), TF Ratio: 0.866
[2026-06-16 10:14:22,780][root][INFO] - Epoch [3/5], Batch [69/300], Loss: 1.1305 (Overall: 0.5616, Change: 1.0312), TF Ratio: 0.866
[2026-06-16 10:14:22,939][root][INFO] - Epoch [3/5], Batch [70/300], Loss: 1.1330 (Overall: 0.9680, Change: 1.6435), TF Ratio: 0.866
[2026-06-16 10:14:23,093][root][INFO] - Epoch [3/5], Batch [71/300], Loss: 1.1345 (Overall: 0.9040, Change: 1.5702), TF Ratio: 0.866
[2026-06-16 10:14:23,326][root][INFO] - Epoch [3/5], Batch [72/300], Loss: 1.1320 (Overall: 0.8683, Change: 1.0472), TF Ratio: 0.866
[2026-06-16 10:14:23,480][root][INFO] - Epoch [3/5], Batch [73/300], Loss: 1.1326 (Overall: 0.9310, Change: 1.4113), TF Ratio: 0.865
[2026-06-16 10:14:23,633][root][INFO] - Epoch [3/5], Batch [74/300], Loss: 1.1340 (Overall: 0.8769, Change: 1.6041), TF Ratio: 0.865
[2026-06-16 10:14:23,793][root][INFO] - Epoch [3/5], Batch [75/300], Loss: 1.1329 (Overall: 0.7070, Change: 1.3920), TF Ratio: 0.865
[2026-06-16 10:14:24,041][root][INFO] - Epoch [3/5], Batch [76/300], Loss: 1.1342 (Overall: 0.9174, Change: 1.5448), TF Ratio: 0.865
[2026-06-16 10:14:24,206][root][INFO] - Epoch [3/5], Batch [77/300], Loss: 1.1331 (Overall: 0.7552, Change: 1.3503), TF Ratio: 0.865
[2026-06-16 10:14:24,360][root][INFO] - Epoch [3/5], Batch [78/300], Loss: 1.1310 (Overall: 0.7478, Change: 1.1921), TF Ratio: 0.864
[2026-06-16 10:14:24,526][root][INFO] - Epoch [3/5], Batch [79/300], Loss: 1.1315 (Overall: 0.7550, Change: 1.5820), TF Ratio: 0.864
[2026-06-16 10:14:24,682][root][INFO] - Epoch [3/5], Batch [80/300], Loss: 1.1304 (Overall: 0.8676, Change: 1.2148), TF Ratio: 0.864
[2026-06-16 10:14:24,835][root][INFO] - Epoch [3/5], Batch [81/300], Loss: 1.1275 (Overall: 0.6427, Change: 1.1536), TF Ratio: 0.864
[2026-06-16 10:14:24,989][root][INFO] - Epoch [3/5], Batch [82/300], Loss: 1.1255 (Overall: 0.6580, Change: 1.2606), TF Ratio: 0.864
[2026-06-16 10:14:25,142][root][INFO] - Epoch [3/5], Batch [83/300], Loss: 1.1245 (Overall: 0.7452, Change: 1.3399), TF Ratio: 0.863
[2026-06-16 10:14:25,352][root][INFO] - Epoch [3/5], Batch [84/300], Loss: 1.1234 (Overall: 0.8022, Change: 1.2632), TF Ratio: 0.863
[2026-06-16 10:14:25,506][root][INFO] - Epoch [3/5], Batch [85/300], Loss: 1.1216 (Overall: 0.8297, Change: 1.1217), TF Ratio: 0.863
[2026-06-16 10:14:25,662][root][INFO] - Epoch [3/5], Batch [86/300], Loss: 1.1247 (Overall: 0.9292, Change: 1.8451), TF Ratio: 0.863
[2026-06-16 10:14:25,815][root][INFO] - Epoch [3/5], Batch [87/300], Loss: 1.1253 (Overall: 0.6320, Change: 1.7137), TF Ratio: 0.863
[2026-06-16 10:14:25,985][root][INFO] - Epoch [3/5], Batch [88/300], Loss: 1.1257 (Overall: 0.8329, Change: 1.4879), TF Ratio: 0.862
[2026-06-16 10:14:26,141][root][INFO] - Epoch [3/5], Batch [89/300], Loss: 1.1248 (Overall: 0.7687, Change: 1.3329), TF Ratio: 0.862
[2026-06-16 10:14:26,304][root][INFO] - Epoch [3/5], Batch [90/300], Loss: 1.1254 (Overall: 1.1535, Change: 1.2021), TF Ratio: 0.862
[2026-06-16 10:14:26,458][root][INFO] - Epoch [3/5], Batch [91/300], Loss: 1.1249 (Overall: 0.7234, Change: 1.4307), TF Ratio: 0.862
[2026-06-16 10:14:26,621][root][INFO] - Epoch [3/5], Batch [92/300], Loss: 1.1259 (Overall: 0.7440, Change: 1.6845), TF Ratio: 0.862
[2026-06-16 10:14:26,775][root][INFO] - Epoch [3/5], Batch [93/300], Loss: 1.1249 (Overall: 0.6708, Change: 1.4066), TF Ratio: 0.861
[2026-06-16 10:14:26,928][root][INFO] - Epoch [3/5], Batch [94/300], Loss: 1.1276 (Overall: 1.1075, Change: 1.6364), TF Ratio: 0.861
[2026-06-16 10:14:27,086][root][INFO] - Epoch [3/5], Batch [95/300], Loss: 1.1258 (Overall: 0.8317, Change: 1.0827), TF Ratio: 0.861
[2026-06-16 10:14:27,240][root][INFO] - Epoch [3/5], Batch [96/300], Loss: 1.1259 (Overall: 0.8571, Change: 1.4208), TF Ratio: 0.861
[2026-06-16 10:14:27,393][root][INFO] - Epoch [3/5], Batch [97/300], Loss: 1.1237 (Overall: 0.7945, Change: 1.0230), TF Ratio: 0.861
[2026-06-16 10:14:27,560][root][INFO] - Epoch [3/5], Batch [98/300], Loss: 1.1246 (Overall: 0.9186, Change: 1.5026), TF Ratio: 0.860
[2026-06-16 10:14:27,720][root][INFO] - Epoch [3/5], Batch [99/300], Loss: 1.1255 (Overall: 0.7310, Change: 1.7037), TF Ratio: 0.860
[2026-06-16 10:14:27,971][root][INFO] - Epoch [3/5], Batch [100/300], Loss: 1.1246 (Overall: 0.8754, Change: 1.1880), TF Ratio: 0.860
[2026-06-16 10:14:28,125][root][INFO] - Epoch [3/5], Batch [101/300], Loss: 1.1214 (Overall: 0.6680, Change: 0.9530), TF Ratio: 0.860
[2026-06-16 10:14:28,281][root][INFO] - Epoch [3/5], Batch [102/300], Loss: 1.1202 (Overall: 0.7366, Change: 1.2563), TF Ratio: 0.860
[2026-06-16 10:14:28,434][root][INFO] - Epoch [3/5], Batch [103/300], Loss: 1.1182 (Overall: 0.6727, Change: 1.1593), TF Ratio: 0.859
[2026-06-16 10:14:28,597][root][INFO] - Epoch [3/5], Batch [104/300], Loss: 1.1152 (Overall: 0.6484, Change: 0.9601), TF Ratio: 0.859
[2026-06-16 10:14:28,752][root][INFO] - Epoch [3/5], Batch [105/300], Loss: 1.1153 (Overall: 0.6807, Change: 1.5646), TF Ratio: 0.859
[2026-06-16 10:14:28,904][root][INFO] - Epoch [3/5], Batch [106/300], Loss: 1.1169 (Overall: 0.9821, Change: 1.5926), TF Ratio: 0.859
[2026-06-16 10:14:29,061][root][INFO] - Epoch [3/5], Batch [107/300], Loss: 1.1193 (Overall: 1.1571, Change: 1.5984), TF Ratio: 0.859
[2026-06-16 10:14:29,411][root][INFO] - Epoch [3/5], Batch [108/300], Loss: 1.1219 (Overall: 1.0149, Change: 1.7836), TF Ratio: 0.858
[2026-06-16 10:14:29,564][root][INFO] - Epoch [3/5], Batch [109/300], Loss: 1.1197 (Overall: 0.6133, Change: 1.1374), TF Ratio: 0.858
[2026-06-16 10:14:29,716][root][INFO] - Epoch [3/5], Batch [110/300], Loss: 1.1219 (Overall: 1.0302, Change: 1.7032), TF Ratio: 0.858
[2026-06-16 10:14:29,869][root][INFO] - Epoch [3/5], Batch [111/300], Loss: 1.1209 (Overall: 0.7570, Change: 1.2632), TF Ratio: 0.858
[2026-06-16 10:14:30,034][root][INFO] - Epoch [3/5], Batch [112/300], Loss: 1.1226 (Overall: 1.0279, Change: 1.5886), TF Ratio: 0.858
[2026-06-16 10:14:30,198][root][INFO] - Epoch [3/5], Batch [113/300], Loss: 1.1221 (Overall: 0.8656, Change: 1.2620), TF Ratio: 0.857
[2026-06-16 10:14:30,351][root][INFO] - Epoch [3/5], Batch [114/300], Loss: 1.1193 (Overall: 0.6526, Change: 0.9597), TF Ratio: 0.857
[2026-06-16 10:14:30,514][root][INFO] - Epoch [3/5], Batch [115/300], Loss: 1.1204 (Overall: 0.8006, Change: 1.6952), TF Ratio: 0.857
[2026-06-16 10:14:30,746][root][INFO] - Epoch [3/5], Batch [116/300], Loss: 1.1193 (Overall: 0.6744, Change: 1.3043), TF Ratio: 0.857
[2026-06-16 10:14:30,900][root][INFO] - Epoch [3/5], Batch [117/300], Loss: 1.1191 (Overall: 0.6267, Change: 1.5633), TF Ratio: 0.857
[2026-06-16 10:14:31,054][root][INFO] - Epoch [3/5], Batch [118/300], Loss: 1.1162 (Overall: 0.5190, Change: 1.0504), TF Ratio: 0.856
[2026-06-16 10:14:31,207][root][INFO] - Epoch [3/5], Batch [119/300], Loss: 1.1138 (Overall: 0.6778, Change: 0.9729), TF Ratio: 0.856
[2026-06-16 10:14:31,372][root][INFO] - Epoch [3/5], Batch [120/300], Loss: 1.1145 (Overall: 0.8985, Change: 1.4865), TF Ratio: 0.856
[2026-06-16 10:14:31,527][root][INFO] - Epoch [3/5], Batch [121/300], Loss: 1.1134 (Overall: 0.6797, Change: 1.2923), TF Ratio: 0.856
[2026-06-16 10:14:31,687][root][INFO] - Epoch [3/5], Batch [122/300], Loss: 1.1146 (Overall: 0.9614, Change: 1.5638), TF Ratio: 0.856
[2026-06-16 10:14:31,852][root][INFO] - Epoch [3/5], Batch [123/300], Loss: 1.1158 (Overall: 0.8673, Change: 1.6501), TF Ratio: 0.855
[2026-06-16 10:14:32,008][root][INFO] - Epoch [3/5], Batch [124/300], Loss: 1.1130 (Overall: 0.7813, Change: 0.7491), TF Ratio: 0.855
[2026-06-16 10:14:32,162][root][INFO] - Epoch [3/5], Batch [125/300], Loss: 1.1146 (Overall: 0.8890, Change: 1.7564), TF Ratio: 0.855
[2026-06-16 10:14:32,324][root][INFO] - Epoch [3/5], Batch [126/300], Loss: 1.1141 (Overall: 0.7256, Change: 1.3712), TF Ratio: 0.855
[2026-06-16 10:14:32,479][root][INFO] - Epoch [3/5], Batch [127/300], Loss: 1.1147 (Overall: 0.8444, Change: 1.5356), TF Ratio: 0.855
[2026-06-16 10:14:32,633][root][INFO] - Epoch [3/5], Batch [128/300], Loss: 1.1122 (Overall: 0.6445, Change: 0.9416), TF Ratio: 0.854
[2026-06-16 10:14:32,787][root][INFO] - Epoch [3/5], Batch [129/300], Loss: 1.1135 (Overall: 0.8840, Change: 1.6687), TF Ratio: 0.854
[2026-06-16 10:14:32,944][root][INFO] - Epoch [3/5], Batch [130/300], Loss: 1.1122 (Overall: 1.0398, Change: 0.8586), TF Ratio: 0.854
[2026-06-16 10:14:33,113][root][INFO] - Epoch [3/5], Batch [131/300], Loss: 1.1110 (Overall: 0.6952, Change: 1.2161), TF Ratio: 0.854
[2026-06-16 10:14:33,408][root][INFO] - Epoch [3/5], Batch [132/300], Loss: 1.1114 (Overall: 0.6330, Change: 1.6840), TF Ratio: 0.854
[2026-06-16 10:14:33,562][root][INFO] - Epoch [3/5], Batch [133/300], Loss: 1.1087 (Overall: 0.4585, Change: 1.0427), TF Ratio: 0.853
[2026-06-16 10:14:33,717][root][INFO] - Epoch [3/5], Batch [134/300], Loss: 1.1106 (Overall: 1.1038, Change: 1.6352), TF Ratio: 0.853
[2026-06-16 10:14:33,871][root][INFO] - Epoch [3/5], Batch [135/300], Loss: 1.1102 (Overall: 0.6922, Change: 1.4263), TF Ratio: 0.853
[2026-06-16 10:14:34,028][root][INFO] - Epoch [3/5], Batch [136/300], Loss: 1.1110 (Overall: 1.1439, Change: 1.2983), TF Ratio: 0.853
[2026-06-16 10:14:34,184][root][INFO] - Epoch [3/5], Batch [137/300], Loss: 1.1101 (Overall: 0.5668, Change: 1.4063), TF Ratio: 0.853
[2026-06-16 10:14:34,347][root][INFO] - Epoch [3/5], Batch [138/300], Loss: 1.1105 (Overall: 0.9668, Change: 1.3590), TF Ratio: 0.852
[2026-06-16 10:14:34,508][root][INFO] - Epoch [3/5], Batch [139/300], Loss: 1.1088 (Overall: 0.6043, Change: 1.1343), TF Ratio: 0.852
[2026-06-16 10:14:34,663][root][INFO] - Epoch [3/5], Batch [140/300], Loss: 1.1109 (Overall: 0.7421, Change: 2.0604), TF Ratio: 0.852
[2026-06-16 10:14:34,817][root][INFO] - Epoch [3/5], Batch [141/300], Loss: 1.1088 (Overall: 0.5667, Change: 1.0712), TF Ratio: 0.852
[2026-06-16 10:14:34,972][root][INFO] - Epoch [3/5], Batch [142/300], Loss: 1.1084 (Overall: 0.7205, Change: 1.3896), TF Ratio: 0.852
[2026-06-16 10:14:35,125][root][INFO] - Epoch [3/5], Batch [143/300], Loss: 1.1089 (Overall: 0.6376, Change: 1.7049), TF Ratio: 0.851
[2026-06-16 10:14:35,288][root][INFO] - Epoch [3/5], Batch [144/300], Loss: 1.1067 (Overall: 0.6184, Change: 0.9904), TF Ratio: 0.851
[2026-06-16 10:14:35,442][root][INFO] - Epoch [3/5], Batch [145/300], Loss: 1.1064 (Overall: 0.8002, Change: 1.3252), TF Ratio: 0.851
[2026-06-16 10:14:35,610][root][INFO] - Epoch [3/5], Batch [146/300], Loss: 1.1071 (Overall: 1.0537, Change: 1.3502), TF Ratio: 0.851
[2026-06-16 10:14:35,764][root][INFO] - Epoch [3/5], Batch [147/300], Loss: 1.1062 (Overall: 0.7214, Change: 1.2447), TF Ratio: 0.851
[2026-06-16 10:14:35,919][root][INFO] - Epoch [3/5], Batch [148/300], Loss: 1.1035 (Overall: 0.8035, Change: 0.6011), TF Ratio: 0.850
[2026-06-16 10:14:36,082][root][INFO] - Epoch [3/5], Batch [149/300], Loss: 1.1024 (Overall: 0.5587, Change: 1.3067), TF Ratio: 0.850
[2026-06-16 10:14:36,236][root][INFO] - Epoch [3/5], Batch [150/300], Loss: 1.1051 (Overall: 1.5349, Change: 1.4847), TF Ratio: 0.850
[2026-06-16 10:14:36,389][root][INFO] - Epoch [3/5], Batch [151/300], Loss: 1.1053 (Overall: 0.7869, Change: 1.4846), TF Ratio: 0.850
[2026-06-16 10:14:36,550][root][INFO] - Epoch [3/5], Batch [152/300], Loss: 1.1048 (Overall: 0.9178, Change: 1.1374), TF Ratio: 0.850
[2026-06-16 10:14:36,713][root][INFO] - Epoch [3/5], Batch [153/300], Loss: 1.1051 (Overall: 0.9031, Change: 1.4139), TF Ratio: 0.849
[2026-06-16 10:14:36,865][root][INFO] - Epoch [3/5], Batch [154/300], Loss: 1.1057 (Overall: 0.9881, Change: 1.3952), TF Ratio: 0.849
[2026-06-16 10:14:37,018][root][INFO] - Epoch [3/5], Batch [155/300], Loss: 1.1061 (Overall: 0.8119, Change: 1.5125), TF Ratio: 0.849
[2026-06-16 10:14:37,291][root][INFO] - Epoch [3/5], Batch [156/300], Loss: 1.1052 (Overall: 0.5836, Change: 1.3741), TF Ratio: 0.849
[2026-06-16 10:14:37,446][root][INFO] - Epoch [3/5], Batch [157/300], Loss: 1.1047 (Overall: 0.6509, Change: 1.3958), TF Ratio: 0.849
[2026-06-16 10:14:37,601][root][INFO] - Epoch [3/5], Batch [158/300], Loss: 1.1037 (Overall: 0.7434, Change: 1.1578), TF Ratio: 0.848
[2026-06-16 10:14:37,765][root][INFO] - Epoch [3/5], Batch [159/300], Loss: 1.1038 (Overall: 0.7001, Change: 1.5257), TF Ratio: 0.848
[2026-06-16 10:14:37,923][root][INFO] - Epoch [3/5], Batch [160/300], Loss: 1.1047 (Overall: 0.8632, Change: 1.6397), TF Ratio: 0.848
[2026-06-16 10:14:38,092][root][INFO] - Epoch [3/5], Batch [161/300], Loss: 1.1043 (Overall: 0.7008, Change: 1.3823), TF Ratio: 0.848
[2026-06-16 10:14:38,244][root][INFO] - Epoch [3/5], Batch [162/300], Loss: 1.1027 (Overall: 1.0643, Change: 0.6113), TF Ratio: 0.848
[2026-06-16 10:14:38,412][root][INFO] - Epoch [3/5], Batch [163/300], Loss: 1.1029 (Overall: 0.7167, Change: 1.5697), TF Ratio: 0.847
[2026-06-16 10:14:38,567][root][INFO] - Epoch [3/5], Batch [164/300], Loss: 1.1015 (Overall: 0.6534, Change: 1.0961), TF Ratio: 0.847
[2026-06-16 10:14:38,730][root][INFO] - Epoch [3/5], Batch [165/300], Loss: 1.0999 (Overall: 0.6783, Change: 0.9664), TF Ratio: 0.847
[2026-06-16 10:14:38,884][root][INFO] - Epoch [3/5], Batch [166/300], Loss: 1.1001 (Overall: 0.9094, Change: 1.3599), TF Ratio: 0.847
[2026-06-16 10:14:39,037][root][INFO] - Epoch [3/5], Batch [167/300], Loss: 1.0999 (Overall: 0.7001, Change: 1.4321), TF Ratio: 0.847
[2026-06-16 10:14:39,209][root][INFO] - Epoch [3/5], Batch [168/300], Loss: 1.0991 (Overall: 0.7507, Change: 1.1839), TF Ratio: 0.846
[2026-06-16 10:14:39,379][root][INFO] - Epoch [3/5], Batch [169/300], Loss: 1.0986 (Overall: 0.6426, Change: 1.3933), TF Ratio: 0.846
[2026-06-16 10:14:39,534][root][INFO] - Epoch [3/5], Batch [170/300], Loss: 1.0985 (Overall: 0.5673, Change: 1.5881), TF Ratio: 0.846
[2026-06-16 10:14:39,694][root][INFO] - Epoch [3/5], Batch [171/300], Loss: 1.0987 (Overall: 0.7755, Change: 1.5102), TF Ratio: 0.846
[2026-06-16 10:14:39,875][root][INFO] - Epoch [3/5], Batch [172/300], Loss: 1.0966 (Overall: 0.5702, Change: 0.8866), TF Ratio: 0.846
[2026-06-16 10:14:40,030][root][INFO] - Epoch [3/5], Batch [173/300], Loss: 1.0956 (Overall: 0.7114, Change: 1.1564), TF Ratio: 0.845
[2026-06-16 10:14:40,187][root][INFO] - Epoch [3/5], Batch [174/300], Loss: 1.0942 (Overall: 0.4092, Change: 1.2777), TF Ratio: 0.845
[2026-06-16 10:14:40,340][root][INFO] - Epoch [3/5], Batch [175/300], Loss: 1.0931 (Overall: 0.7582, Change: 1.0642), TF Ratio: 0.845
[2026-06-16 10:14:40,504][root][INFO] - Epoch [3/5], Batch [176/300], Loss: 1.0940 (Overall: 0.8603, Change: 1.6191), TF Ratio: 0.845
[2026-06-16 10:14:40,659][root][INFO] - Epoch [3/5], Batch [177/300], Loss: 1.0936 (Overall: 0.8703, Change: 1.1944), TF Ratio: 0.845
[2026-06-16 10:14:40,812][root][INFO] - Epoch [3/5], Batch [178/300], Loss: 1.0939 (Overall: 0.8293, Change: 1.4646), TF Ratio: 0.844
[2026-06-16 10:14:40,965][root][INFO] - Epoch [3/5], Batch [179/300], Loss: 1.0942 (Overall: 0.8440, Change: 1.4377), TF Ratio: 0.844
[2026-06-16 10:14:41,152][root][INFO] - Epoch [3/5], Batch [180/300], Loss: 1.0922 (Overall: 0.5157, Change: 0.9412), TF Ratio: 0.844
[2026-06-16 10:14:41,308][root][INFO] - Epoch [3/5], Batch [181/300], Loss: 1.0910 (Overall: 0.6922, Change: 1.0578), TF Ratio: 0.844
[2026-06-16 10:14:41,468][root][INFO] - Epoch [3/5], Batch [182/300], Loss: 1.0907 (Overall: 0.8015, Change: 1.2994), TF Ratio: 0.844
[2026-06-16 10:14:41,628][root][INFO] - Epoch [3/5], Batch [183/300], Loss: 1.0913 (Overall: 0.7093, Change: 1.6745), TF Ratio: 0.843
[2026-06-16 10:14:41,783][root][INFO] - Epoch [3/5], Batch [184/300], Loss: 1.0909 (Overall: 0.7508, Change: 1.3007), TF Ratio: 0.843
[2026-06-16 10:14:41,939][root][INFO] - Epoch [3/5], Batch [185/300], Loss: 1.0895 (Overall: 0.6862, Change: 0.9856), TF Ratio: 0.843
[2026-06-16 10:14:42,093][root][INFO] - Epoch [3/5], Batch [186/300], Loss: 1.0896 (Overall: 0.7319, Change: 1.4589), TF Ratio: 0.843
[2026-06-16 10:14:42,247][root][INFO] - Epoch [3/5], Batch [187/300], Loss: 1.0885 (Overall: 0.7457, Change: 1.0407), TF Ratio: 0.843
[2026-06-16 10:14:42,414][root][INFO] - Epoch [3/5], Batch [188/300], Loss: 1.0877 (Overall: 0.5848, Change: 1.2642), TF Ratio: 0.842
[2026-06-16 10:14:42,574][root][INFO] - Epoch [3/5], Batch [189/300], Loss: 1.0877 (Overall: 0.8605, Change: 1.3182), TF Ratio: 0.842
[2026-06-16 10:14:42,728][root][INFO] - Epoch [3/5], Batch [190/300], Loss: 1.0883 (Overall: 0.9083, Change: 1.5199), TF Ratio: 0.842
[2026-06-16 10:14:42,882][root][INFO] - Epoch [3/5], Batch [191/300], Loss: 1.0881 (Overall: 0.8736, Change: 1.2251), TF Ratio: 0.842
[2026-06-16 10:14:43,058][root][INFO] - Epoch [3/5], Batch [192/300], Loss: 1.0868 (Overall: 0.8664, Change: 0.8148), TF Ratio: 0.842
[2026-06-16 10:14:43,212][root][INFO] - Epoch [3/5], Batch [193/300], Loss: 1.0872 (Overall: 0.6592, Change: 1.6705), TF Ratio: 0.841
[2026-06-16 10:14:43,371][root][INFO] - Epoch [3/5], Batch [194/300], Loss: 1.0867 (Overall: 0.6642, Change: 1.2831), TF Ratio: 0.841
[2026-06-16 10:14:43,526][root][INFO] - Epoch [3/5], Batch [195/300], Loss: 1.0863 (Overall: 0.7266, Change: 1.3209), TF Ratio: 0.841
[2026-06-16 10:14:43,689][root][INFO] - Epoch [3/5], Batch [196/300], Loss: 1.0861 (Overall: 0.5270, Change: 1.5417), TF Ratio: 0.841
[2026-06-16 10:14:43,843][root][INFO] - Epoch [3/5], Batch [197/300], Loss: 1.0862 (Overall: 0.8740, Change: 1.3406), TF Ratio: 0.841
[2026-06-16 10:14:43,997][root][INFO] - Epoch [3/5], Batch [198/300], Loss: 1.0849 (Overall: 0.7062, Change: 0.9555), TF Ratio: 0.840
[2026-06-16 10:14:44,150][root][INFO] - Epoch [3/5], Batch [199/300], Loss: 1.0827 (Overall: 0.5023, Change: 0.7833), TF Ratio: 0.840
[2026-06-16 10:14:44,324][root][INFO] - Epoch [3/5], Batch [200/300], Loss: 1.0830 (Overall: 0.7870, Change: 1.5296), TF Ratio: 0.840
[2026-06-16 10:14:44,504][root][INFO] - Epoch [3/5], Batch [201/300], Loss: 1.0811 (Overall: 0.5322, Change: 0.8694), TF Ratio: 0.840
[2026-06-16 10:14:44,668][root][INFO] - Epoch [3/5], Batch [202/300], Loss: 1.0813 (Overall: 0.9230, Change: 1.3049), TF Ratio: 0.840
[2026-06-16 10:14:44,851][root][INFO] - Epoch [3/5], Batch [203/300], Loss: 1.0813 (Overall: 0.8328, Change: 1.3391), TF Ratio: 0.839
[2026-06-16 10:14:45,006][root][INFO] - Epoch [3/5], Batch [204/300], Loss: 1.0814 (Overall: 0.7708, Change: 1.4064), TF Ratio: 0.839
[2026-06-16 10:14:45,161][root][INFO] - Epoch [3/5], Batch [205/300], Loss: 1.0812 (Overall: 0.5623, Change: 1.5281), TF Ratio: 0.839
[2026-06-16 10:14:45,320][root][INFO] - Epoch [3/5], Batch [206/300], Loss: 1.0808 (Overall: 0.8860, Change: 1.1127), TF Ratio: 0.839
[2026-06-16 10:14:45,481][root][INFO] - Epoch [3/5], Batch [207/300], Loss: 1.0812 (Overall: 0.8258, Change: 1.4939), TF Ratio: 0.839
[2026-06-16 10:14:45,649][root][INFO] - Epoch [3/5], Batch [208/300], Loss: 1.0817 (Overall: 1.0028, Change: 1.3823), TF Ratio: 0.838
[2026-06-16 10:14:45,818][root][INFO] - Epoch [3/5], Batch [209/300], Loss: 1.0807 (Overall: 0.4988, Change: 1.2537), TF Ratio: 0.838
[2026-06-16 10:14:45,972][root][INFO] - Epoch [3/5], Batch [210/300], Loss: 1.0810 (Overall: 0.7459, Change: 1.5368), TF Ratio: 0.838
[2026-06-16 10:14:46,125][root][INFO] - Epoch [3/5], Batch [211/300], Loss: 1.0812 (Overall: 0.7104, Change: 1.5345), TF Ratio: 0.838
[2026-06-16 10:14:46,299][root][INFO] - Epoch [3/5], Batch [212/300], Loss: 1.0818 (Overall: 0.8291, Change: 1.5688), TF Ratio: 0.838
[2026-06-16 10:14:46,465][root][INFO] - Epoch [3/5], Batch [213/300], Loss: 1.0815 (Overall: 0.8850, Change: 1.1617), TF Ratio: 0.837
[2026-06-16 10:14:46,618][root][INFO] - Epoch [3/5], Batch [214/300], Loss: 1.0813 (Overall: 0.6807, Change: 1.3830), TF Ratio: 0.837
[2026-06-16 10:14:46,772][root][INFO] - Epoch [3/5], Batch [215/300], Loss: 1.0810 (Overall: 0.8348, Change: 1.2010), TF Ratio: 0.837
[2026-06-16 10:14:46,953][root][INFO] - Epoch [3/5], Batch [216/300], Loss: 1.0821 (Overall: 0.9913, Change: 1.6673), TF Ratio: 0.837
[2026-06-16 10:14:47,118][root][INFO] - Epoch [3/5], Batch [217/300], Loss: 1.0835 (Overall: 0.8032, Change: 1.9598), TF Ratio: 0.837
[2026-06-16 10:14:47,272][root][INFO] - Epoch [3/5], Batch [218/300], Loss: 1.0823 (Overall: 0.6068, Change: 1.0241), TF Ratio: 0.836
[2026-06-16 10:14:47,425][root][INFO] - Epoch [3/5], Batch [219/300], Loss: 1.0812 (Overall: 0.8232, Change: 0.8959), TF Ratio: 0.836
[2026-06-16 10:14:47,592][root][INFO] - Epoch [3/5], Batch [220/300], Loss: 1.0799 (Overall: 0.6037, Change: 0.9850), TF Ratio: 0.836
[2026-06-16 10:14:47,746][root][INFO] - Epoch [3/5], Batch [221/300], Loss: 1.0811 (Overall: 1.0797, Change: 1.6115), TF Ratio: 0.836
[2026-06-16 10:14:47,899][root][INFO] - Epoch [3/5], Batch [222/300], Loss: 1.0809 (Overall: 0.8205, Change: 1.2334), TF Ratio: 0.836
[2026-06-16 10:14:48,051][root][INFO] - Epoch [3/5], Batch [223/300], Loss: 1.0809 (Overall: 0.7568, Change: 1.4140), TF Ratio: 0.835
[2026-06-16 10:14:48,237][root][INFO] - Epoch [3/5], Batch [224/300], Loss: 1.0802 (Overall: 0.5238, Change: 1.3094), TF Ratio: 0.835
[2026-06-16 10:14:48,390][root][INFO] - Epoch [3/5], Batch [225/300], Loss: 1.0800 (Overall: 0.7305, Change: 1.3334), TF Ratio: 0.835
[2026-06-16 10:14:48,545][root][INFO] - Epoch [3/5], Batch [226/300], Loss: 1.0810 (Overall: 1.2735, Change: 1.3528), TF Ratio: 0.835
[2026-06-16 10:14:48,697][root][INFO] - Epoch [3/5], Batch [227/300], Loss: 1.0811 (Overall: 0.8392, Change: 1.3438), TF Ratio: 0.835
[2026-06-16 10:14:50,243][root][INFO] - Epoch [3/5], Batch [228/300], Loss: 1.0796 (Overall: 0.4512, Change: 1.0503), TF Ratio: 0.834
[2026-06-16 10:14:50,407][root][INFO] - Epoch [3/5], Batch [229/300], Loss: 1.0801 (Overall: 0.7486, Change: 1.6316), TF Ratio: 0.834
[2026-06-16 10:14:50,560][root][INFO] - Epoch [3/5], Batch [230/300], Loss: 1.0808 (Overall: 0.9471, Change: 1.5513), TF Ratio: 0.834
[2026-06-16 10:14:50,713][root][INFO] - Epoch [3/5], Batch [231/300], Loss: 1.0814 (Overall: 0.6666, Change: 1.7813), TF Ratio: 0.834
[2026-06-16 10:14:50,868][root][INFO] - Epoch [3/5], Batch [232/300], Loss: 1.0816 (Overall: 1.0351, Change: 1.1795), TF Ratio: 0.834
[2026-06-16 10:14:51,024][root][INFO] - Epoch [3/5], Batch [233/300], Loss: 1.0805 (Overall: 0.5373, Change: 1.1432), TF Ratio: 0.833
[2026-06-16 10:14:51,180][root][INFO] - Epoch [3/5], Batch [234/300], Loss: 1.0802 (Overall: 0.7695, Change: 1.2292), TF Ratio: 0.833
[2026-06-16 10:14:51,334][root][INFO] - Epoch [3/5], Batch [235/300], Loss: 1.0795 (Overall: 0.6049, Change: 1.2324), TF Ratio: 0.833
[2026-06-16 10:14:51,505][root][INFO] - Epoch [3/5], Batch [236/300], Loss: 1.0786 (Overall: 0.5181, Change: 1.2278), TF Ratio: 0.833
[2026-06-16 10:14:51,660][root][INFO] - Epoch [3/5], Batch [237/300], Loss: 1.0787 (Overall: 0.7581, Change: 1.4559), TF Ratio: 0.833
[2026-06-16 10:14:51,820][root][INFO] - Epoch [3/5], Batch [238/300], Loss: 1.0789 (Overall: 0.6540, Change: 1.5798), TF Ratio: 0.832
[2026-06-16 10:14:51,973][root][INFO] - Epoch [3/5], Batch [239/300], Loss: 1.0795 (Overall: 0.8885, Change: 1.5484), TF Ratio: 0.832
[2026-06-16 10:14:52,140][root][INFO] - Epoch [3/5], Batch [240/300], Loss: 1.0799 (Overall: 0.7676, Change: 1.6104), TF Ratio: 0.832
[2026-06-16 10:14:52,294][root][INFO] - Epoch [3/5], Batch [241/300], Loss: 1.0799 (Overall: 0.6421, Change: 1.5034), TF Ratio: 0.832
[2026-06-16 10:14:52,448][root][INFO] - Epoch [3/5], Batch [242/300], Loss: 1.0799 (Overall: 0.7117, Change: 1.4657), TF Ratio: 0.832
[2026-06-16 10:14:52,602][root][INFO] - Epoch [3/5], Batch [243/300], Loss: 1.0796 (Overall: 0.7378, Change: 1.2783), TF Ratio: 0.831
[2026-06-16 10:14:52,831][root][INFO] - Epoch [3/5], Batch [244/300], Loss: 1.0777 (Overall: 0.5838, Change: 0.6459), TF Ratio: 0.831
[2026-06-16 10:14:52,998][root][INFO] - Epoch [3/5], Batch [245/300], Loss: 1.0776 (Overall: 0.9408, Change: 1.1461), TF Ratio: 0.831
[2026-06-16 10:14:53,152][root][INFO] - Epoch [3/5], Batch [246/300], Loss: 1.0775 (Overall: 0.7299, Change: 1.3689), TF Ratio: 0.831
[2026-06-16 10:14:53,305][root][INFO] - Epoch [3/5], Batch [247/300], Loss: 1.0776 (Overall: 0.6828, Change: 1.5240), TF Ratio: 0.831
[2026-06-16 10:14:53,462][root][INFO] - Epoch [3/5], Batch [248/300], Loss: 1.0774 (Overall: 0.6897, Change: 1.3993), TF Ratio: 0.830
[2026-06-16 10:14:53,623][root][INFO] - Epoch [3/5], Batch [249/300], Loss: 1.0779 (Overall: 0.8359, Change: 1.5231), TF Ratio: 0.830
[2026-06-16 10:14:53,777][root][INFO] - Epoch [3/5], Batch [250/300], Loss: 1.0773 (Overall: 0.6528, Change: 1.2328), TF Ratio: 0.830
[2026-06-16 10:14:53,931][root][INFO] - Epoch [3/5], Batch [251/300], Loss: 1.0786 (Overall: 1.5111, Change: 1.2725), TF Ratio: 0.830
[2026-06-16 10:14:54,101][root][INFO] - Epoch [3/5], Batch [252/300], Loss: 1.0790 (Overall: 0.5834, Change: 1.7692), TF Ratio: 0.830
[2026-06-16 10:14:54,260][root][INFO] - Epoch [3/5], Batch [253/300], Loss: 1.0793 (Overall: 0.7961, Change: 1.5351), TF Ratio: 0.829
[2026-06-16 10:14:54,422][root][INFO] - Epoch [3/5], Batch [254/300], Loss: 1.0791 (Overall: 0.5701, Change: 1.4620), TF Ratio: 0.829
[2026-06-16 10:14:54,576][root][INFO] - Epoch [3/5], Batch [255/300], Loss: 1.0789 (Overall: 0.6677, Change: 1.3986), TF Ratio: 0.829
[2026-06-16 10:14:54,730][root][INFO] - Epoch [3/5], Batch [256/300], Loss: 1.0796 (Overall: 0.9501, Change: 1.5646), TF Ratio: 0.829
[2026-06-16 10:14:54,888][root][INFO] - Epoch [3/5], Batch [257/300], Loss: 1.0784 (Overall: 0.5304, Change: 1.0374), TF Ratio: 0.829
[2026-06-16 10:14:55,040][root][INFO] - Epoch [3/5], Batch [258/300], Loss: 1.0779 (Overall: 0.7772, Change: 1.1044), TF Ratio: 0.828
[2026-06-16 10:14:55,195][root][INFO] - Epoch [3/5], Batch [259/300], Loss: 1.0775 (Overall: 0.6176, Change: 1.3346), TF Ratio: 0.828
[2026-06-16 10:14:55,370][root][INFO] - Epoch [3/5], Batch [260/300], Loss: 1.0771 (Overall: 0.6804, Change: 1.2582), TF Ratio: 0.828
[2026-06-16 10:14:55,526][root][INFO] - Epoch [3/5], Batch [261/300], Loss: 1.0760 (Overall: 0.6158, Change: 0.9512), TF Ratio: 0.828
[2026-06-16 10:14:55,682][root][INFO] - Epoch [3/5], Batch [262/300], Loss: 1.0763 (Overall: 0.9157, Change: 1.4245), TF Ratio: 0.828
[2026-06-16 10:14:55,836][root][INFO] - Epoch [3/5], Batch [263/300], Loss: 1.0752 (Overall: 0.4664, Change: 1.1016), TF Ratio: 0.827
[2026-06-16 10:14:56,011][root][INFO] - Epoch [3/5], Batch [264/300], Loss: 1.0741 (Overall: 0.6070, Change: 0.9407), TF Ratio: 0.827
[2026-06-16 10:14:56,163][root][INFO] - Epoch [3/5], Batch [265/300], Loss: 1.0753 (Overall: 1.2817, Change: 1.5258), TF Ratio: 0.827
[2026-06-16 10:14:56,316][root][INFO] - Epoch [3/5], Batch [266/300], Loss: 1.0750 (Overall: 0.6568, Change: 1.3132), TF Ratio: 0.827
[2026-06-16 10:14:56,469][root][INFO] - Epoch [3/5], Batch [267/300], Loss: 1.0746 (Overall: 0.5217, Change: 1.4444), TF Ratio: 0.827
[2026-06-16 10:14:57,076][root][INFO] - Epoch [3/5], Batch [268/300], Loss: 1.0738 (Overall: 0.7213, Change: 0.9985), TF Ratio: 0.826
[2026-06-16 10:14:57,231][root][INFO] - Epoch [3/5], Batch [269/300], Loss: 1.0741 (Overall: 0.7670, Change: 1.5517), TF Ratio: 0.826
[2026-06-16 10:14:57,384][root][INFO] - Epoch [3/5], Batch [270/300], Loss: 1.0741 (Overall: 0.5923, Change: 1.5177), TF Ratio: 0.826
[2026-06-16 10:14:57,536][root][INFO] - Epoch [3/5], Batch [271/300], Loss: 1.0733 (Overall: 0.4932, Change: 1.2650), TF Ratio: 0.826
[2026-06-16 10:14:57,701][root][INFO] - Epoch [3/5], Batch [272/300], Loss: 1.0729 (Overall: 0.5805, Change: 1.3335), TF Ratio: 0.826
[2026-06-16 10:14:57,854][root][INFO] - Epoch [3/5], Batch [273/300], Loss: 1.0731 (Overall: 0.8731, Change: 1.3939), TF Ratio: 0.825
[2026-06-16 10:14:58,006][root][INFO] - Epoch [3/5], Batch [274/300], Loss: 1.0732 (Overall: 0.8503, Change: 1.3415), TF Ratio: 0.825
[2026-06-16 10:14:58,158][root][INFO] - Epoch [3/5], Batch [275/300], Loss: 1.0721 (Overall: 0.6960, Change: 0.8263), TF Ratio: 0.825
[2026-06-16 10:14:58,329][root][INFO] - Epoch [3/5], Batch [276/300], Loss: 1.0721 (Overall: 0.5912, Change: 1.5567), TF Ratio: 0.825
[2026-06-16 10:14:58,483][root][INFO] - Epoch [3/5], Batch [277/300], Loss: 1.0721 (Overall: 0.7117, Change: 1.4543), TF Ratio: 0.825
[2026-06-16 10:14:58,636][root][INFO] - Epoch [3/5], Batch [278/300], Loss: 1.0727 (Overall: 0.9024, Change: 1.5550), TF Ratio: 0.824
[2026-06-16 10:14:58,802][root][INFO] - Epoch [3/5], Batch [279/300], Loss: 1.0727 (Overall: 0.7512, Change: 1.4165), TF Ratio: 0.824
[2026-06-16 10:14:58,964][root][INFO] - Epoch [3/5], Batch [280/300], Loss: 1.0725 (Overall: 0.5327, Change: 1.4927), TF Ratio: 0.824
[2026-06-16 10:14:59,118][root][INFO] - Epoch [3/5], Batch [281/300], Loss: 1.0733 (Overall: 1.0417, Change: 1.5288), TF Ratio: 0.824
[2026-06-16 10:14:59,271][root][INFO] - Epoch [3/5], Batch [282/300], Loss: 1.0735 (Overall: 0.7653, Change: 1.4806), TF Ratio: 0.824
[2026-06-16 10:14:59,424][root][INFO] - Epoch [3/5], Batch [283/300], Loss: 1.0735 (Overall: 0.7727, Change: 1.4160), TF Ratio: 0.823
[2026-06-16 10:14:59,887][root][INFO] - Epoch [3/5], Batch [284/300], Loss: 1.0727 (Overall: 0.5027, Change: 1.1483), TF Ratio: 0.823
[2026-06-16 10:15:00,065][root][INFO] - Epoch [3/5], Batch [285/300], Loss: 1.0731 (Overall: 0.8919, Change: 1.4785), TF Ratio: 0.823
[2026-06-16 10:15:00,218][root][INFO] - Epoch [3/5], Batch [286/300], Loss: 1.0726 (Overall: 0.6092, Change: 1.2641), TF Ratio: 0.823
[2026-06-16 10:15:00,371][root][INFO] - Epoch [3/5], Batch [287/300], Loss: 1.0725 (Overall: 0.7926, Change: 1.3288), TF Ratio: 0.823
[2026-06-16 10:15:00,532][root][INFO] - Epoch [3/5], Batch [288/300], Loss: 1.0726 (Overall: 0.8988, Change: 1.2996), TF Ratio: 0.822
[2026-06-16 10:15:00,686][root][INFO] - Epoch [3/5], Batch [289/300], Loss: 1.0728 (Overall: 0.8953, Change: 1.3424), TF Ratio: 0.822
[2026-06-16 10:15:00,847][root][INFO] - Epoch [3/5], Batch [290/300], Loss: 1.0726 (Overall: 0.6936, Change: 1.3633), TF Ratio: 0.822
[2026-06-16 10:15:01,000][root][INFO] - Epoch [3/5], Batch [291/300], Loss: 1.0721 (Overall: 0.8202, Change: 1.0026), TF Ratio: 0.822
[2026-06-16 10:15:01,169][root][INFO] - Epoch [3/5], Batch [292/300], Loss: 1.0729 (Overall: 0.7845, Change: 1.8578), TF Ratio: 0.822
[2026-06-16 10:15:01,324][root][INFO] - Epoch [3/5], Batch [293/300], Loss: 1.0726 (Overall: 0.6020, Change: 1.3775), TF Ratio: 0.821
[2026-06-16 10:15:01,478][root][INFO] - Epoch [3/5], Batch [294/300], Loss: 1.0718 (Overall: 0.5228, Change: 1.1277), TF Ratio: 0.821
[2026-06-16 10:15:01,634][root][INFO] - Epoch [3/5], Batch [295/300], Loss: 1.0713 (Overall: 0.5122, Change: 1.3463), TF Ratio: 0.821
[2026-06-16 10:15:01,815][root][INFO] - Epoch [3/5], Batch [296/300], Loss: 1.0704 (Overall: 0.5699, Change: 1.0548), TF Ratio: 0.821
[2026-06-16 10:15:01,970][root][INFO] - Epoch [3/5], Batch [297/300], Loss: 1.0705 (Overall: 0.6340, Change: 1.5097), TF Ratio: 0.821
[2026-06-16 10:15:02,136][root][INFO] - Epoch [3/5], Batch [298/300], Loss: 1.0717 (Overall: 0.6020, Change: 2.2573), TF Ratio: 0.820
[2026-06-16 10:15:02,289][root][INFO] - Epoch [3/5], Batch [299/300], Loss: 1.0714 (Overall: 0.5418, Change: 1.4623), TF Ratio: 0.820
[2026-06-16 10:15:02,459][root][INFO] - Epoch [3/5], Batch [300/300], Loss: 1.0719 (Overall: 0.9593, Change: 1.4697), TF Ratio: 0.820
[2026-06-16 10:15:03,413][root][INFO] - Epoch 3 done. Validating...
[2026-06-16 10:15:09,036][root][INFO] - Epoch [3/5] | Train: 1.0826 | Val: 0.8393
[2026-06-16 10:15:09,230][root][INFO] - Checkpoint saved: /gpfs/scratch/bsc32/bsc096444/ai4land-tfm/trained_models/unet_impl/41825166/model_epoch_3.pth
[2026-06-16 10:15:11,742][root][INFO] - Epoch [4/5], Batch [1/300], Loss: 1.4509 (Overall: 0.5429, Change: 2.3590), TF Ratio: 0.820
[2026-06-16 10:15:11,896][root][INFO] - Epoch [4/5], Batch [2/300], Loss: 1.2773 (Overall: 0.6619, Change: 1.5455), TF Ratio: 0.820
[2026-06-16 10:15:12,063][root][INFO] - Epoch [4/5], Batch [3/300], Loss: 1.1978 (Overall: 0.5665, Change: 1.5109), TF Ratio: 0.819
[2026-06-16 10:15:12,540][root][INFO] - Epoch [4/5], Batch [4/300], Loss: 1.1917 (Overall: 0.7362, Change: 1.6106), TF Ratio: 0.819
[2026-06-16 10:15:12,694][root][INFO] - Epoch [4/5], Batch [5/300], Loss: 1.1636 (Overall: 0.7516, Change: 1.3505), TF Ratio: 0.819
[2026-06-16 10:15:12,847][root][INFO] - Epoch [4/5], Batch [6/300], Loss: 1.1520 (Overall: 0.7930, Change: 1.3953), TF Ratio: 0.819
[2026-06-16 10:15:13,001][root][INFO] - Epoch [4/5], Batch [7/300], Loss: 1.1219 (Overall: 0.7309, Change: 1.1512), TF Ratio: 0.819
[2026-06-16 10:15:13,519][root][INFO] - Epoch [4/5], Batch [8/300], Loss: 1.1236 (Overall: 0.8740, Change: 1.3972), TF Ratio: 0.818
[2026-06-16 10:15:13,677][root][INFO] - Epoch [4/5], Batch [9/300], Loss: 1.1427 (Overall: 0.6595, Change: 1.9320), TF Ratio: 0.818
[2026-06-16 10:15:13,833][root][INFO] - Epoch [4/5], Batch [10/300], Loss: 1.1587 (Overall: 0.9012, Change: 1.7032), TF Ratio: 0.818
[2026-06-16 10:15:13,986][root][INFO] - Epoch [4/5], Batch [11/300], Loss: 1.1410 (Overall: 0.6170, Change: 1.3110), TF Ratio: 0.818
[2026-06-16 10:15:14,156][root][INFO] - Epoch [4/5], Batch [12/300], Loss: 1.1189 (Overall: 0.5136, Change: 1.2390), TF Ratio: 0.818
[2026-06-16 10:15:14,309][root][INFO] - Epoch [4/5], Batch [13/300], Loss: 1.0961 (Overall: 0.5802, Change: 1.0634), TF Ratio: 0.817
[2026-06-16 10:15:14,463][root][INFO] - Epoch [4/5], Batch [14/300], Loss: 1.1019 (Overall: 0.9538, Change: 1.4007), TF Ratio: 0.817
[2026-06-16 10:15:14,615][root][INFO] - Epoch [4/5], Batch [15/300], Loss: 1.0943 (Overall: 0.6821, Change: 1.2952), TF Ratio: 0.817
[2026-06-16 10:15:15,225][root][INFO] - Epoch [4/5], Batch [16/300], Loss: 1.1134 (Overall: 0.9768, Change: 1.8235), TF Ratio: 0.817
[2026-06-16 10:15:15,379][root][INFO] - Epoch [4/5], Batch [17/300], Loss: 1.1138 (Overall: 0.8296, Change: 1.4113), TF Ratio: 0.817
[2026-06-16 10:15:15,532][root][INFO] - Epoch [4/5], Batch [18/300], Loss: 1.1136 (Overall: 0.8430, Change: 1.3765), TF Ratio: 0.816
[2026-06-16 10:15:15,685][root][INFO] - Epoch [4/5], Batch [19/300], Loss: 1.1282 (Overall: 1.0342, Change: 1.7485), TF Ratio: 0.816
[2026-06-16 10:15:16,760][root][INFO] - Epoch [4/5], Batch [20/300], Loss: 1.1278 (Overall: 0.6882, Change: 1.5517), TF Ratio: 0.816
[2026-06-16 10:15:16,921][root][INFO] - Epoch [4/5], Batch [21/300], Loss: 1.1297 (Overall: 0.8352, Change: 1.4999), TF Ratio: 0.816
[2026-06-16 10:15:17,074][root][INFO] - Epoch [4/5], Batch [22/300], Loss: 1.1186 (Overall: 0.7775, Change: 0.9930), TF Ratio: 0.816
[2026-06-16 10:15:17,231][root][INFO] - Epoch [4/5], Batch [23/300], Loss: 1.1154 (Overall: 0.7594, Change: 1.3323), TF Ratio: 0.815
[2026-06-16 10:15:17,399][root][INFO] - Epoch [4/5], Batch [24/300], Loss: 1.1068 (Overall: 0.8224, Change: 0.9920), TF Ratio: 0.815
[2026-06-16 10:15:17,556][root][INFO] - Epoch [4/5], Batch [25/300], Loss: 1.1124 (Overall: 1.0971, Change: 1.3997), TF Ratio: 0.815
[2026-06-16 10:15:17,711][root][INFO] - Epoch [4/5], Batch [26/300], Loss: 1.1282 (Overall: 1.3626, Change: 1.6831), TF Ratio: 0.815
[2026-06-16 10:15:17,870][root][INFO] - Epoch [4/5], Batch [27/300], Loss: 1.1321 (Overall: 0.7727, Change: 1.6941), TF Ratio: 0.815
[2026-06-16 10:15:18,163][root][INFO] - Epoch [4/5], Batch [28/300], Loss: 1.1256 (Overall: 0.5435, Change: 1.3565), TF Ratio: 0.814
[2026-06-16 10:15:18,317][root][INFO] - Epoch [4/5], Batch [29/300], Loss: 1.1173 (Overall: 0.6519, Change: 1.1188), TF Ratio: 0.814
[2026-06-16 10:15:18,470][root][INFO] - Epoch [4/5], Batch [30/300], Loss: 1.1108 (Overall: 0.7401, Change: 1.1054), TF Ratio: 0.814
[2026-06-16 10:15:18,625][root][INFO] - Epoch [4/5], Batch [31/300], Loss: 1.1135 (Overall: 0.9480, Change: 1.4378), TF Ratio: 0.814
[2026-06-16 10:15:18,792][root][INFO] - Epoch [4/5], Batch [32/300], Loss: 1.1124 (Overall: 0.7553, Change: 1.4031), TF Ratio: 0.814
[2026-06-16 10:15:18,956][root][INFO] - Epoch [4/5], Batch [33/300], Loss: 1.1087 (Overall: 0.7253, Change: 1.2565), TF Ratio: 0.813
[2026-06-16 10:15:19,110][root][INFO] - Epoch [4/5], Batch [34/300], Loss: 1.1078 (Overall: 0.7716, Change: 1.3855), TF Ratio: 0.813
[2026-06-16 10:15:19,264][root][INFO] - Epoch [4/5], Batch [35/300], Loss: 1.1098 (Overall: 0.6002, Change: 1.7504), TF Ratio: 0.813
[2026-06-16 10:15:19,700][root][INFO] - Epoch [4/5], Batch [36/300], Loss: 1.1112 (Overall: 0.5116, Change: 1.8099), TF Ratio: 0.813
[2026-06-16 10:15:19,855][root][INFO] - Epoch [4/5], Batch [37/300], Loss: 1.1072 (Overall: 0.6718, Change: 1.2527), TF Ratio: 0.813
[2026-06-16 10:15:20,008][root][INFO] - Epoch [4/5], Batch [38/300], Loss: 1.1080 (Overall: 0.5798, Change: 1.6978), TF Ratio: 0.812
[2026-06-16 10:15:20,162][root][INFO] - Epoch [4/5], Batch [39/300], Loss: 1.1035 (Overall: 0.5474, Change: 1.3212), TF Ratio: 0.812
[2026-06-16 10:15:20,344][root][INFO] - Epoch [4/5], Batch [40/300], Loss: 1.0982 (Overall: 0.6151, Change: 1.1648), TF Ratio: 0.812
[2026-06-16 10:15:20,499][root][INFO] - Epoch [4/5], Batch [41/300], Loss: 1.0954 (Overall: 0.7115, Change: 1.2532), TF Ratio: 0.812
[2026-06-16 10:15:20,654][root][INFO] - Epoch [4/5], Batch [42/300], Loss: 1.0886 (Overall: 0.6363, Change: 0.9831), TF Ratio: 0.812
[2026-06-16 10:15:20,808][root][INFO] - Epoch [4/5], Batch [43/300], Loss: 1.0866 (Overall: 0.5262, Change: 1.4821), TF Ratio: 0.811
[2026-06-16 10:15:21,228][root][INFO] - Epoch [4/5], Batch [44/300], Loss: 1.0842 (Overall: 0.6042, Change: 1.3557), TF Ratio: 0.811
[2026-06-16 10:15:21,391][root][INFO] - Epoch [4/5], Batch [45/300], Loss: 1.0854 (Overall: 0.8953, Change: 1.3812), TF Ratio: 0.811
[2026-06-16 10:15:21,544][root][INFO] - Epoch [4/5], Batch [46/300], Loss: 1.0812 (Overall: 0.6323, Change: 1.1557), TF Ratio: 0.811
[2026-06-16 10:15:21,696][root][INFO] - Epoch [4/5], Batch [47/300], Loss: 1.0760 (Overall: 0.6406, Change: 1.0296), TF Ratio: 0.811
[2026-06-16 10:15:21,860][root][INFO] - Epoch [4/5], Batch [48/300], Loss: 1.0737 (Overall: 0.6410, Change: 1.2912), TF Ratio: 0.810
[2026-06-16 10:15:22,015][root][INFO] - Epoch [4/5], Batch [49/300], Loss: 1.0720 (Overall: 0.5179, Change: 1.4615), TF Ratio: 0.810
[2026-06-16 10:15:22,169][root][INFO] - Epoch [4/5], Batch [50/300], Loss: 1.0710 (Overall: 0.8581, Change: 1.1840), TF Ratio: 0.810
[2026-06-16 10:15:22,323][root][INFO] - Epoch [4/5], Batch [51/300], Loss: 1.0720 (Overall: 0.9276, Change: 1.3243), TF Ratio: 0.810
[2026-06-16 10:15:22,506][root][INFO] - Epoch [4/5], Batch [52/300], Loss: 1.0745 (Overall: 0.8354, Change: 1.5611), TF Ratio: 0.810
[2026-06-16 10:15:22,660][root][INFO] - Epoch [4/5], Batch [53/300], Loss: 1.0742 (Overall: 0.6624, Change: 1.4571), TF Ratio: 0.809
[2026-06-16 10:15:22,815][root][INFO] - Epoch [4/5], Batch [54/300], Loss: 1.0742 (Overall: 0.9813, Change: 1.1715), TF Ratio: 0.809
[2026-06-16 10:15:22,974][root][INFO] - Epoch [4/5], Batch [55/300], Loss: 1.0755 (Overall: 0.6159, Change: 1.6671), TF Ratio: 0.809
[2026-06-16 10:15:23,132][root][INFO] - Epoch [4/5], Batch [56/300], Loss: 1.0751 (Overall: 0.9866, Change: 1.1230), TF Ratio: 0.809
[2026-06-16 10:15:23,287][root][INFO] - Epoch [4/5], Batch [57/300], Loss: 1.0754 (Overall: 0.8344, Change: 1.3509), TF Ratio: 0.809
[2026-06-16 10:15:23,452][root][INFO] - Epoch [4/5], Batch [58/300], Loss: 1.0714 (Overall: 0.6467, Change: 1.0426), TF Ratio: 0.808
[2026-06-16 10:15:23,616][root][INFO] - Epoch [4/5], Batch [59/300], Loss: 1.0643 (Overall: 0.4131, Change: 0.8852), TF Ratio: 0.808
[2026-06-16 10:15:23,770][root][INFO] - Epoch [4/5], Batch [60/300], Loss: 1.0626 (Overall: 0.7595, Change: 1.1645), TF Ratio: 0.808
[2026-06-16 10:15:23,923][root][INFO] - Epoch [4/5], Batch [61/300], Loss: 1.0607 (Overall: 0.8112, Change: 1.0849), TF Ratio: 0.808
[2026-06-16 10:15:24,075][root][INFO] - Epoch [4/5], Batch [62/300], Loss: 1.0588 (Overall: 0.5944, Change: 1.2945), TF Ratio: 0.808
[2026-06-16 10:15:24,228][root][INFO] - Epoch [4/5], Batch [63/300], Loss: 1.0610 (Overall: 0.9533, Change: 1.4431), TF Ratio: 0.807
[2026-06-16 10:15:24,396][root][INFO] - Epoch [4/5], Batch [64/300], Loss: 1.0624 (Overall: 0.7653, Change: 1.5322), TF Ratio: 0.807
[2026-06-16 10:15:24,549][root][INFO] - Epoch [4/5], Batch [65/300], Loss: 1.0639 (Overall: 0.8906, Change: 1.4261), TF Ratio: 0.807
[2026-06-16 10:15:24,701][root][INFO] - Epoch [4/5], Batch [66/300], Loss: 1.0686 (Overall: 1.5125, Change: 1.2342), TF Ratio: 0.807
[2026-06-16 10:15:24,853][root][INFO] - Epoch [4/5], Batch [67/300], Loss: 1.0689 (Overall: 0.7482, Change: 1.4407), TF Ratio: 0.807
[2026-06-16 10:15:25,021][root][INFO] - Epoch [4/5], Batch [68/300], Loss: 1.0667 (Overall: 0.6313, Change: 1.2068), TF Ratio: 0.806
[2026-06-16 10:15:25,174][root][INFO] - Epoch [4/5], Batch [69/300], Loss: 1.0639 (Overall: 0.5886, Change: 1.1518), TF Ratio: 0.806
[2026-06-16 10:15:25,327][root][INFO] - Epoch [4/5], Batch [70/300], Loss: 1.0628 (Overall: 0.6238, Change: 1.3453), TF Ratio: 0.806
[2026-06-16 10:15:25,480][root][INFO] - Epoch [4/5], Batch [71/300], Loss: 1.0644 (Overall: 0.8013, Change: 1.5614), TF Ratio: 0.806
[2026-06-16 10:15:25,667][root][INFO] - Epoch [4/5], Batch [72/300], Loss: 1.0663 (Overall: 0.8727, Change: 1.5271), TF Ratio: 0.806
[2026-06-16 10:15:25,823][root][INFO] - Epoch [4/5], Batch [73/300], Loss: 1.0659 (Overall: 0.5252, Change: 1.5445), TF Ratio: 0.805
[2026-06-16 10:15:25,996][root][INFO] - Epoch [4/5], Batch [74/300], Loss: 1.0635 (Overall: 0.7047, Change: 1.0800), TF Ratio: 0.805
[2026-06-16 10:15:26,149][root][INFO] - Epoch [4/5], Batch [75/300], Loss: 1.0620 (Overall: 0.6896, Change: 1.2016), TF Ratio: 0.805
[2026-06-16 10:15:26,502][root][INFO] - Epoch [4/5], Batch [76/300], Loss: 1.0598 (Overall: 0.5842, Change: 1.2078), TF Ratio: 0.805
[2026-06-16 10:15:26,657][root][INFO] - Epoch [4/5], Batch [77/300], Loss: 1.0643 (Overall: 1.1210, Change: 1.7024), TF Ratio: 0.805
[2026-06-16 10:15:26,809][root][INFO] - Epoch [4/5], Batch [78/300], Loss: 1.0612 (Overall: 0.6811, Change: 0.9523), TF Ratio: 0.804
[2026-06-16 10:15:26,962][root][INFO] - Epoch [4/5], Batch [79/300], Loss: 1.0609 (Overall: 0.6120, Change: 1.4650), TF Ratio: 0.804
[2026-06-16 10:15:27,135][root][INFO] - Epoch [4/5], Batch [80/300], Loss: 1.0623 (Overall: 0.8958, Change: 1.4604), TF Ratio: 0.804
[2026-06-16 10:15:27,290][root][INFO] - Epoch [4/5], Batch [81/300], Loss: 1.0598 (Overall: 0.6163, Change: 1.0976), TF Ratio: 0.804
[2026-06-16 10:15:27,443][root][INFO] - Epoch [4/5], Batch [82/300], Loss: 1.0585 (Overall: 0.7240, Change: 1.1766), TF Ratio: 0.804
[2026-06-16 10:15:27,602][root][INFO] - Epoch [4/5], Batch [83/300], Loss: 1.0576 (Overall: 0.7465, Change: 1.2307), TF Ratio: 0.803
[2026-06-16 10:15:28,867][root][INFO] - Epoch [4/5], Batch [84/300], Loss: 1.0583 (Overall: 0.6840, Change: 1.5474), TF Ratio: 0.803
[2026-06-16 10:15:29,041][root][INFO] - Epoch [4/5], Batch [85/300], Loss: 1.0582 (Overall: 0.4432, Change: 1.6581), TF Ratio: 0.803
[2026-06-16 10:15:29,195][root][INFO] - Epoch [4/5], Batch [86/300], Loss: 1.0595 (Overall: 1.2270, Change: 1.1153), TF Ratio: 0.803
[2026-06-16 10:15:29,348][root][INFO] - Epoch [4/5], Batch [87/300], Loss: 1.0604 (Overall: 0.8745, Change: 1.3880), TF Ratio: 0.803
[2026-06-16 10:15:29,502][root][INFO] - Epoch [4/5], Batch [88/300], Loss: 1.0615 (Overall: 0.8571, Change: 1.4656), TF Ratio: 0.802
[2026-06-16 10:15:29,656][root][INFO] - Epoch [4/5], Batch [89/300], Loss: 1.0601 (Overall: 0.6433, Change: 1.2257), TF Ratio: 0.802
[2026-06-16 10:15:29,809][root][INFO] - Epoch [4/5], Batch [90/300], Loss: 1.0553 (Overall: 0.6084, Change: 0.6567), TF Ratio: 0.802
[2026-06-16 10:15:29,962][root][INFO] - Epoch [4/5], Batch [91/300], Loss: 1.0529 (Overall: 0.9121, Change: 0.7524), TF Ratio: 0.802
[2026-06-16 10:15:30,144][root][INFO] - Epoch [4/5], Batch [92/300], Loss: 1.0532 (Overall: 0.7808, Change: 1.3905), TF Ratio: 0.802
[2026-06-16 10:15:30,313][root][INFO] - Epoch [4/5], Batch [93/300], Loss: 1.0558 (Overall: 0.6033, Change: 1.9761), TF Ratio: 0.801
[2026-06-16 10:15:30,475][root][INFO] - Epoch [4/5], Batch [94/300], Loss: 1.0575 (Overall: 0.9368, Change: 1.4903), TF Ratio: 0.801
[2026-06-16 10:15:30,628][root][INFO] - Epoch [4/5], Batch [95/300], Loss: 1.0574 (Overall: 0.7661, Change: 1.3386), TF Ratio: 0.801
[2026-06-16 10:15:30,784][root][INFO] - Epoch [4/5], Batch [96/300], Loss: 1.0551 (Overall: 0.4735, Change: 1.2031), TF Ratio: 0.801
[2026-06-16 10:15:30,948][root][INFO] - Epoch [4/5], Batch [97/300], Loss: 1.0555 (Overall: 0.7485, Change: 1.4255), TF Ratio: 0.801
[2026-06-16 10:15:31,115][root][INFO] - Epoch [4/5], Batch [98/300], Loss: 1.0553 (Overall: 0.7447, Change: 1.3443), TF Ratio: 0.800
[2026-06-16 10:15:31,268][root][INFO] - Epoch [4/5], Batch [99/300], Loss: 1.0558 (Overall: 0.7765, Change: 1.4167), TF Ratio: 0.800
[2026-06-16 10:15:31,423][root][INFO] - Epoch [4/5], Batch [100/300], Loss: 1.0547 (Overall: 0.5971, Change: 1.2923), TF Ratio: 0.800
[2026-06-16 10:15:31,577][root][INFO] - Epoch [4/5], Batch [101/300], Loss: 1.0565 (Overall: 0.6529, Change: 1.8209), TF Ratio: 0.800
[2026-06-16 10:15:31,731][root][INFO] - Epoch [4/5], Batch [102/300], Loss: 1.0578 (Overall: 0.8681, Change: 1.5273), TF Ratio: 0.800
[2026-06-16 10:15:31,885][root][INFO] - Epoch [4/5], Batch [103/300], Loss: 1.0569 (Overall: 0.7153, Change: 1.2020), TF Ratio: 0.799
[2026-06-16 10:15:32,053][root][INFO] - Epoch [4/5], Batch [104/300], Loss: 1.0542 (Overall: 0.5696, Change: 0.9909), TF Ratio: 0.799
[2026-06-16 10:15:32,216][root][INFO] - Epoch [4/5], Batch [105/300], Loss: 1.0551 (Overall: 0.6867, Change: 1.6080), TF Ratio: 0.799
[2026-06-16 10:15:32,379][root][INFO] - Epoch [4/5], Batch [106/300], Loss: 1.0589 (Overall: 0.8034, Change: 2.1030), TF Ratio: 0.799
[2026-06-16 10:15:32,532][root][INFO] - Epoch [4/5], Batch [107/300], Loss: 1.0591 (Overall: 0.7012, Change: 1.4760), TF Ratio: 0.799
[2026-06-16 10:15:32,853][root][INFO] - Epoch [4/5], Batch [108/300], Loss: 1.0611 (Overall: 0.9607, Change: 1.5796), TF Ratio: 0.798
[2026-06-16 10:15:33,008][root][INFO] - Epoch [4/5], Batch [109/300], Loss: 1.0605 (Overall: 0.5513, Change: 1.4498), TF Ratio: 0.798
[2026-06-16 10:15:33,162][root][INFO] - Epoch [4/5], Batch [110/300], Loss: 1.0614 (Overall: 0.9482, Change: 1.3689), TF Ratio: 0.798
[2026-06-16 10:15:33,314][root][INFO] - Epoch [4/5], Batch [111/300], Loss: 1.0619 (Overall: 0.8147, Change: 1.4158), TF Ratio: 0.798
[2026-06-16 10:15:33,505][root][INFO] - Epoch [4/5], Batch [112/300], Loss: 1.0610 (Overall: 0.6208, Change: 1.2980), TF Ratio: 0.798
[2026-06-16 10:15:33,660][root][INFO] - Epoch [4/5], Batch [113/300], Loss: 1.0586 (Overall: 0.4680, Change: 1.1019), TF Ratio: 0.797
[2026-06-16 10:15:33,812][root][INFO] - Epoch [4/5], Batch [114/300], Loss: 1.0593 (Overall: 1.0999, Change: 1.1850), TF Ratio: 0.797
[2026-06-16 10:15:33,966][root][INFO] - Epoch [4/5], Batch [115/300], Loss: 1.0604 (Overall: 0.8199, Change: 1.5647), TF Ratio: 0.797
[2026-06-16 10:15:34,130][root][INFO] - Epoch [4/5], Batch [116/300], Loss: 1.0596 (Overall: 0.5427, Change: 1.3746), TF Ratio: 0.797
[2026-06-16 10:15:34,288][root][INFO] - Epoch [4/5], Batch [117/300], Loss: 1.0577 (Overall: 0.8565, Change: 0.8190), TF Ratio: 0.797
[2026-06-16 10:15:34,442][root][INFO] - Epoch [4/5], Batch [118/300], Loss: 1.0566 (Overall: 0.7092, Change: 1.1481), TF Ratio: 0.796
[2026-06-16 10:15:34,595][root][INFO] - Epoch [4/5], Batch [119/300], Loss: 1.0570 (Overall: 1.0018, Change: 1.2142), TF Ratio: 0.796
[2026-06-16 10:15:34,762][root][INFO] - Epoch [4/5], Batch [120/300], Loss: 1.0586 (Overall: 0.8126, Change: 1.6782), TF Ratio: 0.796
[2026-06-16 10:15:34,918][root][INFO] - Epoch [4/5], Batch [121/300], Loss: 1.0613 (Overall: 1.2911, Change: 1.4837), TF Ratio: 0.796
[2026-06-16 10:15:35,090][root][INFO] - Epoch [4/5], Batch [122/300], Loss: 1.0623 (Overall: 0.8381, Change: 1.5196), TF Ratio: 0.796
[2026-06-16 10:15:35,245][root][INFO] - Epoch [4/5], Batch [123/300], Loss: 1.0612 (Overall: 0.8438, Change: 1.0274), TF Ratio: 0.795
[2026-06-16 10:15:35,466][root][INFO] - Epoch [4/5], Batch [124/300], Loss: 1.0607 (Overall: 0.5986, Change: 1.3867), TF Ratio: 0.795
[2026-06-16 10:15:35,620][root][INFO] - Epoch [4/5], Batch [125/300], Loss: 1.0596 (Overall: 0.6569, Change: 1.2028), TF Ratio: 0.795
[2026-06-16 10:15:35,773][root][INFO] - Epoch [4/5], Batch [126/300], Loss: 1.0590 (Overall: 0.7276, Change: 1.2218), TF Ratio: 0.795
[2026-06-16 10:15:35,927][root][INFO] - Epoch [4/5], Batch [127/300], Loss: 1.0585 (Overall: 0.7582, Change: 1.2510), TF Ratio: 0.795
[2026-06-16 10:15:36,115][root][INFO] - Epoch [4/5], Batch [128/300], Loss: 1.0585 (Overall: 0.6275, Change: 1.4777), TF Ratio: 0.794
[2026-06-16 10:15:36,269][root][INFO] - Epoch [4/5], Batch [129/300], Loss: 1.0608 (Overall: 1.1239, Change: 1.5851), TF Ratio: 0.794
[2026-06-16 10:15:36,423][root][INFO] - Epoch [4/5], Batch [130/300], Loss: 1.0609 (Overall: 0.6823, Change: 1.4728), TF Ratio: 0.794
[2026-06-16 10:15:36,576][root][INFO] - Epoch [4/5], Batch [131/300], Loss: 1.0609 (Overall: 0.8492, Change: 1.2759), TF Ratio: 0.794
[2026-06-16 10:15:36,817][root][INFO] - Epoch [4/5], Batch [132/300], Loss: 1.0608 (Overall: 0.7088, Change: 1.3675), TF Ratio: 0.794
[2026-06-16 10:15:36,983][root][INFO] - Epoch [4/5], Batch [133/300], Loss: 1.0611 (Overall: 0.6894, Change: 1.5384), TF Ratio: 0.793
[2026-06-16 10:15:37,150][root][INFO] - Epoch [4/5], Batch [134/300], Loss: 1.0580 (Overall: 0.5553, Change: 0.7171), TF Ratio: 0.793
[2026-06-16 10:15:37,307][root][INFO] - Epoch [4/5], Batch [135/300], Loss: 1.0587 (Overall: 0.8342, Change: 1.4746), TF Ratio: 0.793
[2026-06-16 10:15:37,461][root][INFO] - Epoch [4/5], Batch [136/300], Loss: 1.0575 (Overall: 0.7295, Change: 1.0531), TF Ratio: 0.793
[2026-06-16 10:15:37,615][root][INFO] - Epoch [4/5], Batch [137/300], Loss: 1.0573 (Overall: 0.8390, Change: 1.2318), TF Ratio: 0.793
[2026-06-16 10:15:37,777][root][INFO] - Epoch [4/5], Batch [138/300], Loss: 1.0567 (Overall: 0.6665, Change: 1.2919), TF Ratio: 0.792
[2026-06-16 10:15:37,929][root][INFO] - Epoch [4/5], Batch [139/300], Loss: 1.0573 (Overall: 0.6596, Change: 1.6032), TF Ratio: 0.792
[2026-06-16 10:15:38,101][root][INFO] - Epoch [4/5], Batch [140/300], Loss: 1.0575 (Overall: 0.6179, Change: 1.5511), TF Ratio: 0.792
[2026-06-16 10:15:38,259][root][INFO] - Epoch [4/5], Batch [141/300], Loss: 1.0572 (Overall: 0.6568, Change: 1.3952), TF Ratio: 0.792
[2026-06-16 10:15:38,411][root][INFO] - Epoch [4/5], Batch [142/300], Loss: 1.0558 (Overall: 0.6822, Change: 1.0115), TF Ratio: 0.792
[2026-06-16 10:15:38,565][root][INFO] - Epoch [4/5], Batch [143/300], Loss: 1.0565 (Overall: 1.0192, Change: 1.2892), TF Ratio: 0.791
[2026-06-16 10:15:38,737][root][INFO] - Epoch [4/5], Batch [144/300], Loss: 1.0561 (Overall: 0.6230, Change: 1.3776), TF Ratio: 0.791
[2026-06-16 10:15:38,892][root][INFO] - Epoch [4/5], Batch [145/300], Loss: 1.0563 (Overall: 0.8459, Change: 1.3449), TF Ratio: 0.791
[2026-06-16 10:15:39,045][root][INFO] - Epoch [4/5], Batch [146/300], Loss: 1.0540 (Overall: 0.4126, Change: 1.0089), TF Ratio: 0.791
[2026-06-16 10:15:39,201][root][INFO] - Epoch [4/5], Batch [147/300], Loss: 1.0557 (Overall: 1.0232, Change: 1.5864), TF Ratio: 0.791
[2026-06-16 10:15:39,374][root][INFO] - Epoch [4/5], Batch [148/300], Loss: 1.0570 (Overall: 0.9358, Change: 1.5615), TF Ratio: 0.790
[2026-06-16 10:15:39,529][root][INFO] - Epoch [4/5], Batch [149/300], Loss: 1.0585 (Overall: 0.8861, Change: 1.6723), TF Ratio: 0.790
[2026-06-16 10:15:39,682][root][INFO] - Epoch [4/5], Batch [150/300], Loss: 1.0575 (Overall: 0.6513, Change: 1.1656), TF Ratio: 0.790
[2026-06-16 10:15:39,844][root][INFO] - Epoch [4/5], Batch [151/300], Loss: 1.0567 (Overall: 0.7359, Change: 1.1451), TF Ratio: 0.790
[2026-06-16 10:15:40,014][root][INFO] - Epoch [4/5], Batch [152/300], Loss: 1.0570 (Overall: 0.7282, Change: 1.4759), TF Ratio: 0.790
[2026-06-16 10:15:40,167][root][INFO] - Epoch [4/5], Batch [153/300], Loss: 1.0573 (Overall: 0.7219, Change: 1.4777), TF Ratio: 0.789
[2026-06-16 10:15:40,320][root][INFO] - Epoch [4/5], Batch [154/300], Loss: 1.0585 (Overall: 1.0464, Change: 1.4511), TF Ratio: 0.789
[2026-06-16 10:15:40,487][root][INFO] - Epoch [4/5], Batch [155/300], Loss: 1.0593 (Overall: 0.8770, Change: 1.4812), TF Ratio: 0.789
[2026-06-16 10:15:40,651][root][INFO] - Epoch [4/5], Batch [156/300], Loss: 1.0589 (Overall: 0.8944, Change: 1.0990), TF Ratio: 0.789
[2026-06-16 10:15:40,817][root][INFO] - Epoch [4/5], Batch [157/300], Loss: 1.0587 (Overall: 0.7166, Change: 1.3516), TF Ratio: 0.789
[2026-06-16 10:15:40,970][root][INFO] - Epoch [4/5], Batch [158/300], Loss: 1.0610 (Overall: 1.2032, Change: 1.6308), TF Ratio: 0.788
[2026-06-16 10:15:41,122][root][INFO] - Epoch [4/5], Batch [159/300], Loss: 1.0604 (Overall: 0.7785, Change: 1.1429), TF Ratio: 0.788
[2026-06-16 10:15:41,278][root][INFO] - Epoch [4/5], Batch [160/300], Loss: 1.0598 (Overall: 0.6721, Change: 1.2775), TF Ratio: 0.788
[2026-06-16 10:15:41,433][root][INFO] - Epoch [4/5], Batch [161/300], Loss: 1.0602 (Overall: 0.6347, Change: 1.6058), TF Ratio: 0.788
[2026-06-16 10:15:41,586][root][INFO] - Epoch [4/5], Batch [162/300], Loss: 1.0594 (Overall: 0.8757, Change: 0.9958), TF Ratio: 0.788
[2026-06-16 10:15:41,743][root][INFO] - Epoch [4/5], Batch [163/300], Loss: 1.0579 (Overall: 0.5838, Change: 1.0371), TF Ratio: 0.787
[2026-06-16 10:15:41,920][root][INFO] - Epoch [4/5], Batch [164/300], Loss: 1.0579 (Overall: 0.7990, Change: 1.3164), TF Ratio: 0.787
[2026-06-16 10:15:42,085][root][INFO] - Epoch [4/5], Batch [165/300], Loss: 1.0562 (Overall: 0.5447, Change: 0.9978), TF Ratio: 0.787
[2026-06-16 10:15:42,238][root][INFO] - Epoch [4/5], Batch [166/300], Loss: 1.0562 (Overall: 0.6539, Change: 1.4731), TF Ratio: 0.787
[2026-06-16 10:15:42,390][root][INFO] - Epoch [4/5], Batch [167/300], Loss: 1.0603 (Overall: 0.8702, Change: 2.6060), TF Ratio: 0.787
[2026-06-16 10:15:42,544][root][INFO] - Epoch [4/5], Batch [168/300], Loss: 1.0591 (Overall: 0.6650, Change: 1.0549), TF Ratio: 0.786
[2026-06-16 10:15:42,699][root][INFO] - Epoch [4/5], Batch [169/300], Loss: 1.0594 (Overall: 0.6092, Change: 1.6052), TF Ratio: 0.786
[2026-06-16 10:15:42,853][root][INFO] - Epoch [4/5], Batch [170/300], Loss: 1.0586 (Overall: 0.4980, Change: 1.3607), TF Ratio: 0.786
[2026-06-16 10:15:43,006][root][INFO] - Epoch [4/5], Batch [171/300], Loss: 1.0592 (Overall: 0.7739, Change: 1.5447), TF Ratio: 0.786
[2026-06-16 10:15:43,171][root][INFO] - Epoch [4/5], Batch [172/300], Loss: 1.0590 (Overall: 0.6827, Change: 1.3484), TF Ratio: 0.786
[2026-06-16 10:15:43,325][root][INFO] - Epoch [4/5], Batch [173/300], Loss: 1.0593 (Overall: 0.7112, Change: 1.5335), TF Ratio: 0.785
[2026-06-16 10:15:43,479][root][INFO] - Epoch [4/5], Batch [174/300], Loss: 1.0591 (Overall: 0.5803, Change: 1.4551), TF Ratio: 0.785
[2026-06-16 10:15:43,642][root][INFO] - Epoch [4/5], Batch [175/300], Loss: 1.0595 (Overall: 1.0707, Change: 1.1879), TF Ratio: 0.785
[2026-06-16 10:15:43,798][root][INFO] - Epoch [4/5], Batch [176/300], Loss: 1.0584 (Overall: 0.5149, Change: 1.2281), TF Ratio: 0.785
[2026-06-16 10:15:43,951][root][INFO] - Epoch [4/5], Batch [177/300], Loss: 1.0591 (Overall: 1.0053, Change: 1.3503), TF Ratio: 0.785
[2026-06-16 10:15:44,108][root][INFO] - Epoch [4/5], Batch [178/300], Loss: 1.0585 (Overall: 0.4960, Change: 1.4102), TF Ratio: 0.784
[2026-06-16 10:15:44,262][root][INFO] - Epoch [4/5], Batch [179/300], Loss: 1.0584 (Overall: 0.7518, Change: 1.3411), TF Ratio: 0.784
[2026-06-16 10:15:44,417][root][INFO] - Epoch [4/5], Batch [180/300], Loss: 1.0576 (Overall: 0.8159, Change: 1.0054), TF Ratio: 0.784
[2026-06-16 10:15:44,570][root][INFO] - Epoch [4/5], Batch [181/300], Loss: 1.0575 (Overall: 1.0018, Change: 1.0657), TF Ratio: 0.784
[2026-06-16 10:15:44,723][root][INFO] - Epoch [4/5], Batch [182/300], Loss: 1.0566 (Overall: 0.6184, Change: 1.1595), TF Ratio: 0.784
[2026-06-16 10:15:44,876][root][INFO] - Epoch [4/5], Batch [183/300], Loss: 1.0562 (Overall: 0.7122, Change: 1.2601), TF Ratio: 0.783
[2026-06-16 10:15:45,051][root][INFO] - Epoch [4/5], Batch [184/300], Loss: 1.0563 (Overall: 0.8601, Change: 1.3010), TF Ratio: 0.783
[2026-06-16 10:15:45,219][root][INFO] - Epoch [4/5], Batch [185/300], Loss: 1.0557 (Overall: 0.7404, Change: 1.1471), TF Ratio: 0.783
[2026-06-16 10:15:45,382][root][INFO] - Epoch [4/5], Batch [186/300], Loss: 1.0544 (Overall: 0.5207, Change: 1.0972), TF Ratio: 0.783
[2026-06-16 10:15:45,535][root][INFO] - Epoch [4/5], Batch [187/300], Loss: 1.0539 (Overall: 0.8171, Change: 1.1247), TF Ratio: 0.783
[2026-06-16 10:15:45,692][root][INFO] - Epoch [4/5], Batch [188/300], Loss: 1.0534 (Overall: 0.9103, Change: 1.0076), TF Ratio: 0.782
[2026-06-16 10:15:45,847][root][INFO] - Epoch [4/5], Batch [189/300], Loss: 1.0534 (Overall: 0.7146, Change: 1.3689), TF Ratio: 0.782
[2026-06-16 10:15:46,010][root][INFO] - Epoch [4/5], Batch [190/300], Loss: 1.0566 (Overall: 1.6490, Change: 1.6800), TF Ratio: 0.782
[2026-06-16 10:15:46,163][root][INFO] - Epoch [4/5], Batch [191/300], Loss: 1.0567 (Overall: 0.6610, Change: 1.5008), TF Ratio: 0.782
[2026-06-16 10:15:46,321][root][INFO] - Epoch [4/5], Batch [192/300], Loss: 1.0559 (Overall: 0.6113, Change: 1.2109), TF Ratio: 0.782
[2026-06-16 10:15:46,475][root][INFO] - Epoch [4/5], Batch [193/300], Loss: 1.0567 (Overall: 0.7763, Change: 1.6106), TF Ratio: 0.781
[2026-06-16 10:15:46,629][root][INFO] - Epoch [4/5], Batch [194/300], Loss: 1.0566 (Overall: 0.8166, Change: 1.2782), TF Ratio: 0.781
[2026-06-16 10:15:46,783][root][INFO] - Epoch [4/5], Batch [195/300], Loss: 1.0557 (Overall: 0.7255, Change: 1.0411), TF Ratio: 0.781
[2026-06-16 10:15:46,950][root][INFO] - Epoch [4/5], Batch [196/300], Loss: 1.0558 (Overall: 0.5176, Change: 1.6406), TF Ratio: 0.781
[2026-06-16 10:15:47,116][root][INFO] - Epoch [4/5], Batch [197/300], Loss: 1.0550 (Overall: 0.4979, Change: 1.2665), TF Ratio: 0.781
[2026-06-16 10:15:47,270][root][INFO] - Epoch [4/5], Batch [198/300], Loss: 1.0551 (Overall: 0.7179, Change: 1.4677), TF Ratio: 0.780
[2026-06-16 10:15:47,428][root][INFO] - Epoch [4/5], Batch [199/300], Loss: 1.0562 (Overall: 0.8260, Change: 1.7210), TF Ratio: 0.780
[2026-06-16 10:15:47,596][root][INFO] - Epoch [4/5], Batch [200/300], Loss: 1.0551 (Overall: 0.6291, Change: 1.0382), TF Ratio: 0.780
[2026-06-16 10:15:47,750][root][INFO] - Epoch [4/5], Batch [201/300], Loss: 1.0560 (Overall: 0.8726, Change: 1.5818), TF Ratio: 0.780
[2026-06-16 10:15:47,906][root][INFO] - Epoch [4/5], Batch [202/300], Loss: 1.0572 (Overall: 1.1932, Change: 1.3887), TF Ratio: 0.780
[2026-06-16 10:15:48,059][root][INFO] - Epoch [4/5], Batch [203/300], Loss: 1.0569 (Overall: 0.9327, Change: 1.0752), TF Ratio: 0.779
[2026-06-16 10:15:48,228][root][INFO] - Epoch [4/5], Batch [204/300], Loss: 1.0590 (Overall: 1.2168, Change: 1.7773), TF Ratio: 0.779
[2026-06-16 10:15:48,383][root][INFO] - Epoch [4/5], Batch [205/300], Loss: 1.0603 (Overall: 0.9741, Change: 1.6724), TF Ratio: 0.779
[2026-06-16 10:15:48,543][root][INFO] - Epoch [4/5], Batch [206/300], Loss: 1.0602 (Overall: 0.7782, Change: 1.2928), TF Ratio: 0.779
[2026-06-16 10:15:48,695][root][INFO] - Epoch [4/5], Batch [207/300], Loss: 1.0595 (Overall: 0.7275, Change: 1.1075), TF Ratio: 0.779
[2026-06-16 10:15:48,869][root][INFO] - Epoch [4/5], Batch [208/300], Loss: 1.0607 (Overall: 1.3426, Change: 1.2717), TF Ratio: 0.778
[2026-06-16 10:15:49,022][root][INFO] - Epoch [4/5], Batch [209/300], Loss: 1.0601 (Overall: 0.7121, Change: 1.1454), TF Ratio: 0.778
[2026-06-16 10:15:49,175][root][INFO] - Epoch [4/5], Batch [210/300], Loss: 1.0604 (Overall: 0.6204, Change: 1.6214), TF Ratio: 0.778
[2026-06-16 10:15:49,328][root][INFO] - Epoch [4/5], Batch [211/300], Loss: 1.0612 (Overall: 1.1111, Change: 1.3791), TF Ratio: 0.778
[2026-06-16 10:15:49,500][root][INFO] - Epoch [4/5], Batch [212/300], Loss: 1.0610 (Overall: 0.7383, Change: 1.2731), TF Ratio: 0.778
[2026-06-16 10:15:49,663][root][INFO] - Epoch [4/5], Batch [213/300], Loss: 1.0601 (Overall: 0.6680, Change: 1.0676), TF Ratio: 0.777
[2026-06-16 10:15:49,815][root][INFO] - Epoch [4/5], Batch [214/300], Loss: 1.0607 (Overall: 0.8127, Change: 1.5657), TF Ratio: 0.777
[2026-06-16 10:15:49,969][root][INFO] - Epoch [4/5], Batch [215/300], Loss: 1.0601 (Overall: 0.8817, Change: 0.9710), TF Ratio: 0.777
[2026-06-16 10:15:50,124][root][INFO] - Epoch [4/5], Batch [216/300], Loss: 1.0603 (Overall: 0.5803, Change: 1.6290), TF Ratio: 0.777
[2026-06-16 10:15:50,288][root][INFO] - Epoch [4/5], Batch [217/300], Loss: 1.0596 (Overall: 0.6805, Change: 1.1519), TF Ratio: 0.777
[2026-06-16 10:15:50,449][root][INFO] - Epoch [4/5], Batch [218/300], Loss: 1.0611 (Overall: 0.6435, Change: 2.1417), TF Ratio: 0.776
[2026-06-16 10:15:50,602][root][INFO] - Epoch [4/5], Batch [219/300], Loss: 1.0604 (Overall: 0.8619, Change: 0.9481), TF Ratio: 0.776
[2026-06-16 10:15:50,762][root][INFO] - Epoch [4/5], Batch [220/300], Loss: 1.0612 (Overall: 1.1930, Change: 1.2877), TF Ratio: 0.776
[2026-06-16 10:15:50,916][root][INFO] - Epoch [4/5], Batch [221/300], Loss: 1.0616 (Overall: 0.8749, Change: 1.4253), TF Ratio: 0.776
[2026-06-16 10:15:51,072][root][INFO] - Epoch [4/5], Batch [222/300], Loss: 1.0620 (Overall: 0.7793, Change: 1.4836), TF Ratio: 0.776
[2026-06-16 10:15:51,227][root][INFO] - Epoch [4/5], Batch [223/300], Loss: 1.0618 (Overall: 0.7267, Change: 1.3332), TF Ratio: 0.775
[2026-06-16 10:15:51,405][root][INFO] - Epoch [4/5], Batch [224/300], Loss: 1.0623 (Overall: 0.8347, Change: 1.5301), TF Ratio: 0.775
[2026-06-16 10:15:51,558][root][INFO] - Epoch [4/5], Batch [225/300], Loss: 1.0624 (Overall: 0.7984, Change: 1.3433), TF Ratio: 0.775
[2026-06-16 10:15:51,711][root][INFO] - Epoch [4/5], Batch [226/300], Loss: 1.0625 (Overall: 0.7581, Change: 1.4393), TF Ratio: 0.775
[2026-06-16 10:15:51,870][root][INFO] - Epoch [4/5], Batch [227/300], Loss: 1.0624 (Overall: 0.7619, Change: 1.2846), TF Ratio: 0.775
[2026-06-16 10:15:52,024][root][INFO] - Epoch [4/5], Batch [228/300], Loss: 1.0630 (Overall: 0.9234, Change: 1.4994), TF Ratio: 0.774
[2026-06-16 10:15:52,177][root][INFO] - Epoch [4/5], Batch [229/300], Loss: 1.0625 (Overall: 0.8045, Change: 1.0930), TF Ratio: 0.774
[2026-06-16 10:15:52,330][root][INFO] - Epoch [4/5], Batch [230/300], Loss: 1.0636 (Overall: 0.8622, Change: 1.7561), TF Ratio: 0.774
[2026-06-16 10:15:52,487][root][INFO] - Epoch [4/5], Batch [231/300], Loss: 1.0632 (Overall: 0.5156, Change: 1.4461), TF Ratio: 0.774
[2026-06-16 10:15:52,659][root][INFO] - Epoch [4/5], Batch [232/300], Loss: 1.0642 (Overall: 1.0724, Change: 1.4765), TF Ratio: 0.774
[2026-06-16 10:15:52,812][root][INFO] - Epoch [4/5], Batch [233/300], Loss: 1.0646 (Overall: 0.8345, Change: 1.4806), TF Ratio: 0.773
[2026-06-16 10:15:52,964][root][INFO] - Epoch [4/5], Batch [234/300], Loss: 1.0642 (Overall: 0.7330, Change: 1.2120), TF Ratio: 0.773
[2026-06-16 10:15:53,116][root][INFO] - Epoch [4/5], Batch [235/300], Loss: 1.0629 (Overall: 0.7358, Change: 0.7883), TF Ratio: 0.773
[2026-06-16 10:15:53,630][root][INFO] - Epoch [4/5], Batch [236/300], Loss: 1.0631 (Overall: 0.9629, Change: 1.2730), TF Ratio: 0.773
[2026-06-16 10:15:53,784][root][INFO] - Epoch [4/5], Batch [237/300], Loss: 1.0624 (Overall: 0.8308, Change: 0.9425), TF Ratio: 0.773
[2026-06-16 10:15:53,937][root][INFO] - Epoch [4/5], Batch [238/300], Loss: 1.0624 (Overall: 0.7900, Change: 1.3560), TF Ratio: 0.772
[2026-06-16 10:15:54,099][root][INFO] - Epoch [4/5], Batch [239/300], Loss: 1.0631 (Overall: 0.8733, Change: 1.5924), TF Ratio: 0.772
[2026-06-16 10:15:54,257][root][INFO] - Epoch [4/5], Batch [240/300], Loss: 1.0617 (Overall: 0.5622, Change: 0.8851), TF Ratio: 0.772
[2026-06-16 10:15:54,411][root][INFO] - Epoch [4/5], Batch [241/300], Loss: 1.0617 (Overall: 0.7059, Change: 1.4085), TF Ratio: 0.772
[2026-06-16 10:15:54,567][root][INFO] - Epoch [4/5], Batch [242/300], Loss: 1.0622 (Overall: 0.7765, Change: 1.6170), TF Ratio: 0.772
[2026-06-16 10:15:54,720][root][INFO] - Epoch [4/5], Batch [243/300], Loss: 1.0631 (Overall: 1.1461, Change: 1.4116), TF Ratio: 0.771
[2026-06-16 10:15:55,174][root][INFO] - Epoch [4/5], Batch [244/300], Loss: 1.0628 (Overall: 0.6346, Change: 1.3327), TF Ratio: 0.771
[2026-06-16 10:15:55,338][root][INFO] - Epoch [4/5], Batch [245/300], Loss: 1.0632 (Overall: 0.7431, Change: 1.5596), TF Ratio: 0.771
[2026-06-16 10:15:55,497][root][INFO] - Epoch [4/5], Batch [246/300], Loss: 1.0628 (Overall: 0.7318, Change: 1.1949), TF Ratio: 0.771
[2026-06-16 10:15:55,650][root][INFO] - Epoch [4/5], Batch [247/300], Loss: 1.0627 (Overall: 0.7113, Change: 1.3612), TF Ratio: 0.771
[2026-06-16 10:15:55,811][root][INFO] - Epoch [4/5], Batch [248/300], Loss: 1.0629 (Overall: 0.8005, Change: 1.4553), TF Ratio: 0.770
[2026-06-16 10:15:55,966][root][INFO] - Epoch [4/5], Batch [249/300], Loss: 1.0618 (Overall: 0.6404, Change: 0.9469), TF Ratio: 0.770
[2026-06-16 10:15:56,121][root][INFO] - Epoch [4/5], Batch [250/300], Loss: 1.0615 (Overall: 0.5542, Change: 1.4097), TF Ratio: 0.770
[2026-06-16 10:15:56,273][root][INFO] - Epoch [4/5], Batch [251/300], Loss: 1.0620 (Overall: 0.8981, Change: 1.4675), TF Ratio: 0.770
[2026-06-16 10:15:56,446][root][INFO] - Epoch [4/5], Batch [252/300], Loss: 1.0623 (Overall: 0.8896, Change: 1.3793), TF Ratio: 0.770
[2026-06-16 10:15:56,599][root][INFO] - Epoch [4/5], Batch [253/300], Loss: 1.0616 (Overall: 0.5288, Change: 1.2237), TF Ratio: 0.769
[2026-06-16 10:15:56,752][root][INFO] - Epoch [4/5], Batch [254/300], Loss: 1.0618 (Overall: 0.8531, Change: 1.4075), TF Ratio: 0.769
[2026-06-16 10:15:56,907][root][INFO] - Epoch [4/5], Batch [255/300], Loss: 1.0609 (Overall: 0.5436, Change: 1.0836), TF Ratio: 0.769
[2026-06-16 10:15:57,074][root][INFO] - Epoch [4/5], Batch [256/300], Loss: 1.0599 (Overall: 0.6978, Change: 0.9328), TF Ratio: 0.769
[2026-06-16 10:15:57,227][root][INFO] - Epoch [4/5], Batch [257/300], Loss: 1.0602 (Overall: 0.9009, Change: 1.3662), TF Ratio: 0.769
[2026-06-16 10:15:57,380][root][INFO] - Epoch [4/5], Batch [258/300], Loss: 1.0604 (Overall: 0.6739, Change: 1.5667), TF Ratio: 0.768
[2026-06-16 10:15:57,534][root][INFO] - Epoch [4/5], Batch [259/300], Loss: 1.0604 (Overall: 0.6687, Change: 1.4540), TF Ratio: 0.768
[2026-06-16 10:15:57,705][root][INFO] - Epoch [4/5], Batch [260/300], Loss: 1.0609 (Overall: 0.8055, Change: 1.5518), TF Ratio: 0.768
[2026-06-16 10:15:57,859][root][INFO] - Epoch [4/5], Batch [261/300], Loss: 1.0608 (Overall: 0.8179, Change: 1.2917), TF Ratio: 0.768
[2026-06-16 10:15:58,011][root][INFO] - Epoch [4/5], Batch [262/300], Loss: 1.0610 (Overall: 0.5571, Change: 1.6299), TF Ratio: 0.768
[2026-06-16 10:15:58,165][root][INFO] - Epoch [4/5], Batch [263/300], Loss: 1.0616 (Overall: 0.9740, Change: 1.4830), TF Ratio: 0.767
[2026-06-16 10:15:58,322][root][INFO] - Epoch [4/5], Batch [264/300], Loss: 1.0606 (Overall: 0.5169, Change: 1.0513), TF Ratio: 0.767
[2026-06-16 10:15:58,477][root][INFO] - Epoch [4/5], Batch [265/300], Loss: 1.0605 (Overall: 0.5117, Change: 1.5729), TF Ratio: 0.767
[2026-06-16 10:15:58,630][root][INFO] - Epoch [4/5], Batch [266/300], Loss: 1.0608 (Overall: 0.6739, Change: 1.6027), TF Ratio: 0.767
[2026-06-16 10:15:58,783][root][INFO] - Epoch [4/5], Batch [267/300], Loss: 1.0604 (Overall: 0.8018, Change: 1.1289), TF Ratio: 0.767
[2026-06-16 10:15:58,956][root][INFO] - Epoch [4/5], Batch [268/300], Loss: 1.0602 (Overall: 0.6511, Change: 1.3418), TF Ratio: 0.766
[2026-06-16 10:15:59,111][root][INFO] - Epoch [4/5], Batch [269/300], Loss: 1.0600 (Overall: 0.6686, Change: 1.3332), TF Ratio: 0.766
[2026-06-16 10:15:59,267][root][INFO] - Epoch [4/5], Batch [270/300], Loss: 1.0597 (Overall: 0.7923, Change: 1.1973), TF Ratio: 0.766
[2026-06-16 10:15:59,442][root][INFO] - Epoch [4/5], Batch [271/300], Loss: 1.0598 (Overall: 0.6138, Change: 1.5418), TF Ratio: 0.766
[2026-06-16 10:15:59,597][root][INFO] - Epoch [4/5], Batch [272/300], Loss: 1.0593 (Overall: 0.7817, Change: 1.0740), TF Ratio: 0.766
[2026-06-16 10:15:59,751][root][INFO] - Epoch [4/5], Batch [273/300], Loss: 1.0599 (Overall: 0.8206, Change: 1.5983), TF Ratio: 0.765
[2026-06-16 10:15:59,904][root][INFO] - Epoch [4/5], Batch [274/300], Loss: 1.0598 (Overall: 0.7709, Change: 1.3411), TF Ratio: 0.765
[2026-06-16 10:16:00,058][root][INFO] - Epoch [4/5], Batch [275/300], Loss: 1.0592 (Overall: 0.7500, Change: 0.9963), TF Ratio: 0.765
[2026-06-16 10:16:00,228][root][INFO] - Epoch [4/5], Batch [276/300], Loss: 1.0596 (Overall: 0.5626, Change: 1.7774), TF Ratio: 0.765
[2026-06-16 10:16:00,387][root][INFO] - Epoch [4/5], Batch [277/300], Loss: 1.0604 (Overall: 1.1226, Change: 1.4415), TF Ratio: 0.765
[2026-06-16 10:16:00,555][root][INFO] - Epoch [4/5], Batch [278/300], Loss: 1.0606 (Overall: 0.8118, Change: 1.4120), TF Ratio: 0.764
[2026-06-16 10:16:00,710][root][INFO] - Epoch [4/5], Batch [279/300], Loss: 1.0608 (Overall: 0.6791, Change: 1.5710), TF Ratio: 0.764
[2026-06-16 10:16:00,876][root][INFO] - Epoch [4/5], Batch [280/300], Loss: 1.0604 (Overall: 0.4248, Change: 1.4742), TF Ratio: 0.764
[2026-06-16 10:16:01,031][root][INFO] - Epoch [4/5], Batch [281/300], Loss: 1.0602 (Overall: 0.5416, Change: 1.4560), TF Ratio: 0.764
[2026-06-16 10:16:01,187][root][INFO] - Epoch [4/5], Batch [282/300], Loss: 1.0594 (Overall: 0.5416, Change: 1.1186), TF Ratio: 0.764
[2026-06-16 10:16:01,340][root][INFO] - Epoch [4/5], Batch [283/300], Loss: 1.0599 (Overall: 0.8178, Change: 1.6162), TF Ratio: 0.763
[2026-06-16 10:16:01,520][root][INFO] - Epoch [4/5], Batch [284/300], Loss: 1.0598 (Overall: 0.6570, Change: 1.3970), TF Ratio: 0.763
[2026-06-16 10:16:01,680][root][INFO] - Epoch [4/5], Batch [285/300], Loss: 1.0602 (Overall: 0.7927, Change: 1.5753), TF Ratio: 0.763
[2026-06-16 10:16:01,833][root][INFO] - Epoch [4/5], Batch [286/300], Loss: 1.0593 (Overall: 0.6269, Change: 0.9621), TF Ratio: 0.763
[2026-06-16 10:16:01,986][root][INFO] - Epoch [4/5], Batch [287/300], Loss: 1.0594 (Overall: 0.6304, Change: 1.5522), TF Ratio: 0.763
[2026-06-16 10:16:02,148][root][INFO] - Epoch [4/5], Batch [288/300], Loss: 1.0599 (Overall: 0.4506, Change: 1.9263), TF Ratio: 0.762
[2026-06-16 10:16:02,312][root][INFO] - Epoch [4/5], Batch [289/300], Loss: 1.0595 (Overall: 0.5973, Change: 1.3401), TF Ratio: 0.762
[2026-06-16 10:16:02,466][root][INFO] - Epoch [4/5], Batch [290/300], Loss: 1.0600 (Overall: 0.7298, Change: 1.6488), TF Ratio: 0.762
[2026-06-16 10:16:02,620][root][INFO] - Epoch [4/5], Batch [291/300], Loss: 1.0598 (Overall: 0.5399, Change: 1.4671), TF Ratio: 0.762
[2026-06-16 10:16:02,776][root][INFO] - Epoch [4/5], Batch [292/300], Loss: 1.0596 (Overall: 0.7317, Change: 1.2674), TF Ratio: 0.762
[2026-06-16 10:16:02,929][root][INFO] - Epoch [4/5], Batch [293/300], Loss: 1.0596 (Overall: 0.7543, Change: 1.3468), TF Ratio: 0.761
[2026-06-16 10:16:03,085][root][INFO] - Epoch [4/5], Batch [294/300], Loss: 1.0592 (Overall: 0.5683, Change: 1.3164), TF Ratio: 0.761
[2026-06-16 10:16:03,238][root][INFO] - Epoch [4/5], Batch [295/300], Loss: 1.0596 (Overall: 0.8140, Change: 1.5446), TF Ratio: 0.761
[2026-06-16 10:16:03,406][root][INFO] - Epoch [4/5], Batch [296/300], Loss: 1.0601 (Overall: 0.6099, Change: 1.8338), TF Ratio: 0.761
[2026-06-16 10:16:03,560][root][INFO] - Epoch [4/5], Batch [297/300], Loss: 1.0591 (Overall: 0.4277, Change: 1.0827), TF Ratio: 0.761
[2026-06-16 10:16:03,717][root][INFO] - Epoch [4/5], Batch [298/300], Loss: 1.0595 (Overall: 0.8849, Change: 1.4540), TF Ratio: 0.760
[2026-06-16 10:16:03,870][root][INFO] - Epoch [4/5], Batch [299/300], Loss: 1.0605 (Overall: 0.8632, Change: 1.8617), TF Ratio: 0.760
[2026-06-16 10:16:04,032][root][INFO] - Epoch [4/5], Batch [300/300], Loss: 1.0600 (Overall: 0.5837, Change: 1.2563), TF Ratio: 0.760
[2026-06-16 10:16:07,137][root][INFO] - Epoch 4 done. Validating...
[2026-06-16 10:16:11,621][root][INFO] - Epoch [4/5] | Train: 1.0496 | Val: 0.7176
[2026-06-16 10:16:11,781][root][INFO] - Checkpoint saved: /gpfs/scratch/bsc32/bsc096444/ai4land-tfm/trained_models/unet_impl/41825166/best_model.pth
[2026-06-16 10:16:11,950][root][INFO] - Checkpoint saved: /gpfs/scratch/bsc32/bsc096444/ai4land-tfm/trained_models/unet_impl/41825166/model_epoch_4.pth
[2026-06-16 10:16:14,681][root][INFO] - Epoch [5/5], Batch [1/300], Loss: 1.2409 (Overall: 1.1448, Change: 1.3369), TF Ratio: 0.760
[2026-06-16 10:16:14,835][root][INFO] - Epoch [5/5], Batch [2/300], Loss: 1.1820 (Overall: 0.7920, Change: 1.4542), TF Ratio: 0.760
[2026-06-16 10:16:14,989][root][INFO] - Epoch [5/5], Batch [3/300], Loss: 1.1786 (Overall: 0.7044, Change: 1.6394), TF Ratio: 0.759
[2026-06-16 10:16:15,144][root][INFO] - Epoch [5/5], Batch [4/300], Loss: 1.0994 (Overall: 0.5994, Change: 1.1238), TF Ratio: 0.759
[2026-06-16 10:16:15,298][root][INFO] - Epoch [5/5], Batch [5/300], Loss: 1.0803 (Overall: 0.6436, Change: 1.3642), TF Ratio: 0.759
[2026-06-16 10:16:15,452][root][INFO] - Epoch [5/5], Batch [6/300], Loss: 1.1077 (Overall: 1.0013, Change: 1.4885), TF Ratio: 0.759
[2026-06-16 10:16:15,607][root][INFO] - Epoch [5/5], Batch [7/300], Loss: 1.1368 (Overall: 1.0279, Change: 1.5947), TF Ratio: 0.759
[2026-06-16 10:16:16,207][root][INFO] - Epoch [5/5], Batch [8/300], Loss: 1.1583 (Overall: 1.1251, Change: 1.4924), TF Ratio: 0.758
[2026-06-16 10:16:16,361][root][INFO] - Epoch [5/5], Batch [9/300], Loss: 1.1918 (Overall: 1.2787, Change: 1.6410), TF Ratio: 0.758
[2026-06-16 10:16:16,517][root][INFO] - Epoch [5/5], Batch [10/300], Loss: 1.1731 (Overall: 0.7406, Change: 1.2687), TF Ratio: 0.758
[2026-06-16 10:16:16,670][root][INFO] - Epoch [5/5], Batch [11/300], Loss: 1.1533 (Overall: 0.5716, Change: 1.3396), TF Ratio: 0.758
[2026-06-16 10:16:16,834][root][INFO] - Epoch [5/5], Batch [12/300], Loss: 1.1673 (Overall: 1.1153, Change: 1.5260), TF Ratio: 0.758
[2026-06-16 10:16:16,998][root][INFO] - Epoch [5/5], Batch [13/300], Loss: 1.1858 (Overall: 0.5125, Change: 2.3053), TF Ratio: 0.757
[2026-06-16 10:16:17,152][root][INFO] - Epoch [5/5], Batch [14/300], Loss: 1.1540 (Overall: 0.5916, Change: 0.8887), TF Ratio: 0.757
[2026-06-16 10:16:17,315][root][INFO] - Epoch [5/5], Batch [15/300], Loss: 1.1616 (Overall: 0.5032, Change: 2.0321), TF Ratio: 0.757
[2026-06-16 10:16:17,557][root][INFO] - Epoch [5/5], Batch [16/300], Loss: 1.1390 (Overall: 0.6548, Change: 0.9471), TF Ratio: 0.757
[2026-06-16 10:16:17,712][root][INFO] - Epoch [5/5], Batch [17/300], Loss: 1.1306 (Overall: 0.6545, Change: 1.3363), TF Ratio: 0.757
[2026-06-16 10:16:17,867][root][INFO] - Epoch [5/5], Batch [18/300], Loss: 1.1349 (Overall: 0.8350, Change: 1.5806), TF Ratio: 0.756
[2026-06-16 10:16:18,020][root][INFO] - Epoch [5/5], Batch [19/300], Loss: 1.1601 (Overall: 0.5106, Change: 2.7179), TF Ratio: 0.756
[2026-06-16 10:16:18,193][root][INFO] - Epoch [5/5], Batch [20/300], Loss: 1.1624 (Overall: 0.8537, Change: 1.5593), TF Ratio: 0.756
[2026-06-16 10:16:18,348][root][INFO] - Epoch [5/5], Batch [21/300], Loss: 1.1669 (Overall: 1.1341, Change: 1.3787), TF Ratio: 0.756
[2026-06-16 10:16:18,502][root][INFO] - Epoch [5/5], Batch [22/300], Loss: 1.1633 (Overall: 0.7482, Change: 1.4288), TF Ratio: 0.756
[2026-06-16 10:16:18,655][root][INFO] - Epoch [5/5], Batch [23/300], Loss: 1.1593 (Overall: 0.8305, Change: 1.3098), TF Ratio: 0.755
[2026-06-16 10:16:18,839][root][INFO] - Epoch [5/5], Batch [24/300], Loss: 1.1486 (Overall: 0.5126, Change: 1.2907), TF Ratio: 0.755
[2026-06-16 10:16:18,993][root][INFO] - Epoch [5/5], Batch [25/300], Loss: 1.1542 (Overall: 1.0366, Change: 1.5448), TF Ratio: 0.755
[2026-06-16 10:16:19,156][root][INFO] - Epoch [5/5], Batch [26/300], Loss: 1.1421 (Overall: 0.8525, Change: 0.8235), TF Ratio: 0.755
[2026-06-16 10:16:19,309][root][INFO] - Epoch [5/5], Batch [27/300], Loss: 1.1329 (Overall: 0.6098, Change: 1.1810), TF Ratio: 0.755
[2026-06-16 10:16:19,468][root][INFO] - Epoch [5/5], Batch [28/300], Loss: 1.1250 (Overall: 0.5811, Change: 1.2409), TF Ratio: 0.754
[2026-06-16 10:16:19,622][root][INFO] - Epoch [5/5], Batch [29/300], Loss: 1.1173 (Overall: 0.4995, Change: 1.3042), TF Ratio: 0.754
[2026-06-16 10:16:19,776][root][INFO] - Epoch [5/5], Batch [30/300], Loss: 1.1084 (Overall: 0.5468, Change: 1.1554), TF Ratio: 0.754
[2026-06-16 10:16:19,942][root][INFO] - Epoch [5/5], Batch [31/300], Loss: 1.1024 (Overall: 0.5489, Change: 1.2903), TF Ratio: 0.754
[2026-06-16 10:16:20,115][root][INFO] - Epoch [5/5], Batch [32/300], Loss: 1.1054 (Overall: 0.9231, Change: 1.4749), TF Ratio: 0.754
[2026-06-16 10:16:20,269][root][INFO] - Epoch [5/5], Batch [33/300], Loss: 1.1071 (Overall: 1.0353, Change: 1.2901), TF Ratio: 0.753
[2026-06-16 10:16:20,423][root][INFO] - Epoch [5/5], Batch [34/300], Loss: 1.1051 (Overall: 0.7126, Change: 1.3659), TF Ratio: 0.753
[2026-06-16 10:16:20,576][root][INFO] - Epoch [5/5], Batch [35/300], Loss: 1.1041 (Overall: 0.6659, Change: 1.4707), TF Ratio: 0.753
[2026-06-16 10:16:20,801][root][INFO] - Epoch [5/5], Batch [36/300], Loss: 1.0973 (Overall: 0.6960, Change: 1.0257), TF Ratio: 0.753
[2026-06-16 10:16:20,956][root][INFO] - Epoch [5/5], Batch [37/300], Loss: 1.0959 (Overall: 0.6640, Change: 1.4236), TF Ratio: 0.753
[2026-06-16 10:16:21,117][root][INFO] - Epoch [5/5], Batch [38/300], Loss: 1.0952 (Overall: 0.6719, Change: 1.4667), TF Ratio: 0.752
[2026-06-16 10:16:21,270][root][INFO] - Epoch [5/5], Batch [39/300], Loss: 1.0934 (Overall: 0.5407, Change: 1.5150), TF Ratio: 0.752
[2026-06-16 10:16:21,433][root][INFO] - Epoch [5/5], Batch [40/300], Loss: 1.0894 (Overall: 0.6976, Change: 1.1636), TF Ratio: 0.752
[2026-06-16 10:16:21,586][root][INFO] - Epoch [5/5], Batch [41/300], Loss: 1.0926 (Overall: 0.8742, Change: 1.5712), TF Ratio: 0.752
[2026-06-16 10:16:21,740][root][INFO] - Epoch [5/5], Batch [42/300], Loss: 1.0941 (Overall: 0.8601, Change: 1.4495), TF Ratio: 0.752
[2026-06-16 10:16:21,895][root][INFO] - Epoch [5/5], Batch [43/300], Loss: 1.0890 (Overall: 0.6333, Change: 1.1164), TF Ratio: 0.751
[2026-06-16 10:16:22,050][root][INFO] - Epoch [5/5], Batch [44/300], Loss: 1.0892 (Overall: 0.7341, Change: 1.4657), TF Ratio: 0.751
[2026-06-16 10:16:22,216][root][INFO] - Epoch [5/5], Batch [45/300], Loss: 1.0908 (Overall: 0.9484, Change: 1.3720), TF Ratio: 0.751
[2026-06-16 10:16:22,372][root][INFO] - Epoch [5/5], Batch [46/300], Loss: 1.0892 (Overall: 0.6037, Change: 1.4304), TF Ratio: 0.751
[2026-06-16 10:16:22,536][root][INFO] - Epoch [5/5], Batch [47/300], Loss: 1.0897 (Overall: 1.0182, Change: 1.2085), TF Ratio: 0.751
[2026-06-16 10:16:22,691][root][INFO] - Epoch [5/5], Batch [48/300], Loss: 1.0796 (Overall: 0.4775, Change: 0.7297), TF Ratio: 0.750
[2026-06-16 10:16:22,845][root][INFO] - Epoch [5/5], Batch [49/300], Loss: 1.0780 (Overall: 0.5524, Change: 1.4466), TF Ratio: 0.750
[2026-06-16 10:16:22,998][root][INFO] - Epoch [5/5], Batch [50/300], Loss: 1.0789 (Overall: 0.8063, Change: 1.4462), TF Ratio: 0.750
[2026-06-16 10:16:23,152][root][INFO] - Epoch [5/5], Batch [51/300], Loss: 1.0819 (Overall: 0.7247, Change: 1.7309), TF Ratio: 0.750
[2026-06-16 10:16:23,666][root][INFO] - Epoch [5/5], Batch [52/300], Loss: 1.0788 (Overall: 0.7561, Change: 1.0882), TF Ratio: 0.750
[2026-06-16 10:16:23,837][root][INFO] - Epoch [5/5], Batch [53/300], Loss: 1.0787 (Overall: 0.6851, Change: 1.4593), TF Ratio: 0.749
[2026-06-16 10:16:23,994][root][INFO] - Epoch [5/5], Batch [54/300], Loss: 1.0776 (Overall: 0.7800, Change: 1.2595), TF Ratio: 0.749
[2026-06-16 10:16:24,151][root][INFO] - Epoch [5/5], Batch [55/300], Loss: 1.0739 (Overall: 0.8550, Change: 0.9009), TF Ratio: 0.749
[2026-06-16 10:16:24,305][root][INFO] - Epoch [5/5], Batch [56/300], Loss: 1.0767 (Overall: 0.9851, Change: 1.4762), TF Ratio: 0.749
[2026-06-16 10:16:24,458][root][INFO] - Epoch [5/5], Batch [57/300], Loss: 1.0763 (Overall: 0.5364, Change: 1.5716), TF Ratio: 0.749
[2026-06-16 10:16:24,986][root][INFO] - Epoch [5/5], Batch [58/300], Loss: 1.0715 (Overall: 0.7323, Change: 0.8544), TF Ratio: 0.748
[2026-06-16 10:16:25,139][root][INFO] - Epoch [5/5], Batch [59/300], Loss: 1.0738 (Overall: 0.8089, Change: 1.6059), TF Ratio: 0.748
[2026-06-16 10:16:25,297][root][INFO] - Epoch [5/5], Batch [60/300], Loss: 1.0716 (Overall: 0.6364, Change: 1.2565), TF Ratio: 0.748
[2026-06-16 10:16:25,451][root][INFO] - Epoch [5/5], Batch [61/300], Loss: 1.0753 (Overall: 1.0040, Change: 1.5844), TF Ratio: 0.748
[2026-06-16 10:16:25,605][root][INFO] - Epoch [5/5], Batch [62/300], Loss: 1.0752 (Overall: 0.6604, Change: 1.4818), TF Ratio: 0.748
[2026-06-16 10:16:25,757][root][INFO] - Epoch [5/5], Batch [63/300], Loss: 1.0714 (Overall: 0.6512, Change: 1.0228), TF Ratio: 0.747
[2026-06-16 10:16:25,935][root][INFO] - Epoch [5/5], Batch [64/300], Loss: 1.0708 (Overall: 0.8932, Change: 1.1732), TF Ratio: 0.747
[2026-06-16 10:16:26,103][root][INFO] - Epoch [5/5], Batch [65/300], Loss: 1.0696 (Overall: 0.6772, Change: 1.2987), TF Ratio: 0.747
[2026-06-16 10:16:26,255][root][INFO] - Epoch [5/5], Batch [66/300], Loss: 1.0693 (Overall: 0.8028, Change: 1.3052), TF Ratio: 0.747
[2026-06-16 10:16:26,414][root][INFO] - Epoch [5/5], Batch [67/300], Loss: 1.0670 (Overall: 0.4744, Change: 1.3457), TF Ratio: 0.747
[2026-06-16 10:16:27,774][root][INFO] - Epoch [5/5], Batch [68/300], Loss: 1.0668 (Overall: 0.7038, Change: 1.4126), TF Ratio: 0.746
[2026-06-16 10:16:27,936][root][INFO] - Epoch [5/5], Batch [69/300], Loss: 1.0632 (Overall: 0.6438, Change: 0.9953), TF Ratio: 0.746
[2026-06-16 10:16:28,089][root][INFO] - Epoch [5/5], Batch [70/300], Loss: 1.0624 (Overall: 0.5368, Change: 1.4663), TF Ratio: 0.746
[2026-06-16 10:16:28,242][root][INFO] - Epoch [5/5], Batch [71/300], Loss: 1.0613 (Overall: 0.6834, Change: 1.2949), TF Ratio: 0.746
[2026-06-16 10:16:28,410][root][INFO] - Epoch [5/5], Batch [72/300], Loss: 1.0572 (Overall: 0.7419, Change: 0.7790), TF Ratio: 0.746
[2026-06-16 10:16:28,564][root][INFO] - Epoch [5/5], Batch [73/300], Loss: 1.0567 (Overall: 0.5386, Change: 1.5110), TF Ratio: 0.745
[2026-06-16 10:16:28,726][root][INFO] - Epoch [5/5], Batch [74/300], Loss: 1.0561 (Overall: 0.8811, Change: 1.1393), TF Ratio: 0.745
[2026-06-16 10:16:28,883][root][INFO] - Epoch [5/5], Batch [75/300], Loss: 1.0589 (Overall: 0.9492, Change: 1.5883), TF Ratio: 0.745
[2026-06-16 10:16:29,068][root][INFO] - Epoch [5/5], Batch [76/300], Loss: 1.0578 (Overall: 0.5564, Change: 1.3864), TF Ratio: 0.745
[2026-06-16 10:16:29,223][root][INFO] - Epoch [5/5], Batch [77/300], Loss: 1.0585 (Overall: 0.6684, Change: 1.5678), TF Ratio: 0.745
[2026-06-16 10:16:29,378][root][INFO] - Epoch [5/5], Batch [78/300], Loss: 1.0586 (Overall: 0.7057, Change: 1.4238), TF Ratio: 0.744
[2026-06-16 10:16:29,531][root][INFO] - Epoch [5/5], Batch [79/300], Loss: 1.0594 (Overall: 0.7408, Change: 1.5035), TF Ratio: 0.744
[2026-06-16 10:16:29,696][root][INFO] - Epoch [5/5], Batch [80/300], Loss: 1.0603 (Overall: 0.6181, Change: 1.6371), TF Ratio: 0.744
[2026-06-16 10:16:29,851][root][INFO] - Epoch [5/5], Batch [81/300], Loss: 1.0586 (Overall: 0.6324, Change: 1.2120), TF Ratio: 0.744
[2026-06-16 10:16:30,005][root][INFO] - Epoch [5/5], Batch [82/300], Loss: 1.0592 (Overall: 0.6945, Change: 1.5306), TF Ratio: 0.744
[2026-06-16 10:16:30,158][root][INFO] - Epoch [5/5], Batch [83/300], Loss: 1.0617 (Overall: 0.8420, Change: 1.6923), TF Ratio: 0.743
[2026-06-16 10:16:30,435][root][INFO] - Epoch [5/5], Batch [84/300], Loss: 1.0586 (Overall: 0.5696, Change: 1.0322), TF Ratio: 0.743
[2026-06-16 10:16:30,595][root][INFO] - Epoch [5/5], Batch [85/300], Loss: 1.0607 (Overall: 1.0715, Change: 1.3881), TF Ratio: 0.743
[2026-06-16 10:16:30,750][root][INFO] - Epoch [5/5], Batch [86/300], Loss: 1.0615 (Overall: 0.7338, Change: 1.5271), TF Ratio: 0.743
[2026-06-16 10:16:30,904][root][INFO] - Epoch [5/5], Batch [87/300], Loss: 1.0614 (Overall: 0.6084, Change: 1.4956), TF Ratio: 0.743
[2026-06-16 10:16:31,075][root][INFO] - Epoch [5/5], Batch [88/300], Loss: 1.0607 (Overall: 0.5712, Change: 1.4443), TF Ratio: 0.742
[2026-06-16 10:16:31,230][root][INFO] - Epoch [5/5], Batch [89/300], Loss: 1.0603 (Overall: 0.6536, Change: 1.3965), TF Ratio: 0.742
[2026-06-16 10:16:31,384][root][INFO] - Epoch [5/5], Batch [90/300], Loss: 1.0645 (Overall: 0.7302, Change: 2.1460), TF Ratio: 0.742
[2026-06-16 10:16:31,537][root][INFO] - Epoch [5/5], Batch [91/300], Loss: 1.0631 (Overall: 0.5184, Change: 1.3461), TF Ratio: 0.742
[2026-06-16 10:16:31,700][root][INFO] - Epoch [5/5], Batch [92/300], Loss: 1.0619 (Overall: 0.7561, Change: 1.1473), TF Ratio: 0.742
[2026-06-16 10:16:31,855][root][INFO] - Epoch [5/5], Batch [93/300], Loss: 1.0602 (Overall: 0.5578, Change: 1.2460), TF Ratio: 0.741
[2026-06-16 10:16:32,013][root][INFO] - Epoch [5/5], Batch [94/300], Loss: 1.0592 (Overall: 0.6852, Change: 1.2526), TF Ratio: 0.741
[2026-06-16 10:16:32,168][root][INFO] - Epoch [5/5], Batch [95/300], Loss: 1.0605 (Overall: 0.9115, Change: 1.4572), TF Ratio: 0.741
[2026-06-16 10:16:32,336][root][INFO] - Epoch [5/5], Batch [96/300], Loss: 1.0590 (Overall: 0.6860, Change: 1.1439), TF Ratio: 0.741
[2026-06-16 10:16:32,491][root][INFO] - Epoch [5/5], Batch [97/300], Loss: 1.0583 (Overall: 0.5273, Change: 1.4607), TF Ratio: 0.741
[2026-06-16 10:16:32,648][root][INFO] - Epoch [5/5], Batch [98/300], Loss: 1.0589 (Overall: 0.7622, Change: 1.4596), TF Ratio: 0.740
[2026-06-16 10:16:32,801][root][INFO] - Epoch [5/5], Batch [99/300], Loss: 1.0586 (Overall: 0.7628, Change: 1.3039), TF Ratio: 0.740
[2026-06-16 10:16:32,974][root][INFO] - Epoch [5/5], Batch [100/300], Loss: 1.0573 (Overall: 0.7205, Change: 1.1438), TF Ratio: 0.740
[2026-06-16 10:16:33,128][root][INFO] - Epoch [5/5], Batch [101/300], Loss: 1.0559 (Overall: 0.6037, Change: 1.2171), TF Ratio: 0.740
[2026-06-16 10:16:33,283][root][INFO] - Epoch [5/5], Batch [102/300], Loss: 1.0570 (Overall: 0.3695, Change: 1.9652), TF Ratio: 0.740
[2026-06-16 10:16:33,436][root][INFO] - Epoch [5/5], Batch [103/300], Loss: 1.0599 (Overall: 0.7653, Change: 1.9571), TF Ratio: 0.739
[2026-06-16 10:16:33,602][root][INFO] - Epoch [5/5], Batch [104/300], Loss: 1.0642 (Overall: 0.5641, Change: 2.4550), TF Ratio: 0.739
[2026-06-16 10:16:33,756][root][INFO] - Epoch [5/5], Batch [105/300], Loss: 1.0653 (Overall: 0.8394, Change: 1.5193), TF Ratio: 0.739
[2026-06-16 10:16:33,913][root][INFO] - Epoch [5/5], Batch [106/300], Loss: 1.0627 (Overall: 0.6474, Change: 0.9262), TF Ratio: 0.739
[2026-06-16 10:16:34,082][root][INFO] - Epoch [5/5], Batch [107/300], Loss: 1.0617 (Overall: 0.6247, Change: 1.2913), TF Ratio: 0.739
[2026-06-16 10:16:34,238][root][INFO] - Epoch [5/5], Batch [108/300], Loss: 1.0630 (Overall: 0.7128, Change: 1.6905), TF Ratio: 0.738
[2026-06-16 10:16:34,406][root][INFO] - Epoch [5/5], Batch [109/300], Loss: 1.0619 (Overall: 0.6759, Change: 1.1995), TF Ratio: 0.738
[2026-06-16 10:16:34,560][root][INFO] - Epoch [5/5], Batch [110/300], Loss: 1.0605 (Overall: 0.5595, Change: 1.2619), TF Ratio: 0.738
[2026-06-16 10:16:34,714][root][INFO] - Epoch [5/5], Batch [111/300], Loss: 1.0605 (Overall: 0.7485, Change: 1.3643), TF Ratio: 0.738
[2026-06-16 10:16:34,880][root][INFO] - Epoch [5/5], Batch [112/300], Loss: 1.0624 (Overall: 1.0910, Change: 1.4690), TF Ratio: 0.738
[2026-06-16 10:16:35,035][root][INFO] - Epoch [5/5], Batch [113/300], Loss: 1.0593 (Overall: 0.4222, Change: 0.9979), TF Ratio: 0.737
[2026-06-16 10:16:35,188][root][INFO] - Epoch [5/5], Batch [114/300], Loss: 1.0582 (Overall: 0.7154, Change: 1.1587), TF Ratio: 0.737
[2026-06-16 10:16:35,342][root][INFO] - Epoch [5/5], Batch [115/300], Loss: 1.0589 (Overall: 0.7090, Change: 1.5645), TF Ratio: 0.737
[2026-06-16 10:16:35,508][root][INFO] - Epoch [5/5], Batch [116/300], Loss: 1.0581 (Overall: 0.6512, Change: 1.2703), TF Ratio: 0.737
[2026-06-16 10:16:35,663][root][INFO] - Epoch [5/5], Batch [117/300], Loss: 1.0587 (Overall: 0.5297, Change: 1.7212), TF Ratio: 0.737
[2026-06-16 10:16:35,821][root][INFO] - Epoch [5/5], Batch [118/300], Loss: 1.0587 (Overall: 0.6498, Change: 1.4710), TF Ratio: 0.736
[2026-06-16 10:16:35,975][root][INFO] - Epoch [5/5], Batch [119/300], Loss: 1.0581 (Overall: 0.5650, Change: 1.4081), TF Ratio: 0.736
[2026-06-16 10:16:36,145][root][INFO] - Epoch [5/5], Batch [120/300], Loss: 1.0564 (Overall: 0.5730, Change: 1.1445), TF Ratio: 0.736
[2026-06-16 10:16:36,316][root][INFO] - Epoch [5/5], Batch [121/300], Loss: 1.0560 (Overall: 0.8050, Change: 1.2069), TF Ratio: 0.736
[2026-06-16 10:16:36,473][root][INFO] - Epoch [5/5], Batch [122/300], Loss: 1.0570 (Overall: 0.8997, Change: 1.4653), TF Ratio: 0.736
[2026-06-16 10:16:36,626][root][INFO] - Epoch [5/5], Batch [123/300], Loss: 1.0579 (Overall: 0.8504, Change: 1.4787), TF Ratio: 0.735
[2026-06-16 10:16:36,790][root][INFO] - Epoch [5/5], Batch [124/300], Loss: 1.0575 (Overall: 0.8398, Change: 1.1759), TF Ratio: 0.735
[2026-06-16 10:16:36,945][root][INFO] - Epoch [5/5], Batch [125/300], Loss: 1.0579 (Overall: 0.9294, Change: 1.2863), TF Ratio: 0.735
[2026-06-16 10:16:37,099][root][INFO] - Epoch [5/5], Batch [126/300], Loss: 1.0576 (Overall: 0.7040, Change: 1.3420), TF Ratio: 0.735
[2026-06-16 10:16:37,252][root][INFO] - Epoch [5/5], Batch [127/300], Loss: 1.0574 (Overall: 0.5371, Change: 1.5220), TF Ratio: 0.735
[2026-06-16 10:16:37,408][root][INFO] - Epoch [5/5], Batch [128/300], Loss: 1.0574 (Overall: 0.7429, Change: 1.3843), TF Ratio: 0.734
[2026-06-16 10:16:37,563][root][INFO] - Epoch [5/5], Batch [129/300], Loss: 1.0571 (Overall: 0.9624, Change: 1.0725), TF Ratio: 0.734
[2026-06-16 10:16:37,716][root][INFO] - Epoch [5/5], Batch [130/300], Loss: 1.0574 (Overall: 0.9462, Change: 1.2275), TF Ratio: 0.734
[2026-06-16 10:16:37,868][root][INFO] - Epoch [5/5], Batch [131/300], Loss: 1.0578 (Overall: 0.8435, Change: 1.3783), TF Ratio: 0.734
[2026-06-16 10:16:38,042][root][INFO] - Epoch [5/5], Batch [132/300], Loss: 1.0560 (Overall: 0.5710, Change: 1.0874), TF Ratio: 0.734
[2026-06-16 10:16:38,195][root][INFO] - Epoch [5/5], Batch [133/300], Loss: 1.0570 (Overall: 0.7611, Change: 1.6144), TF Ratio: 0.733
[2026-06-16 10:16:38,349][root][INFO] - Epoch [5/5], Batch [134/300], Loss: 1.0569 (Overall: 0.6847, Change: 1.3901), TF Ratio: 0.733
[2026-06-16 10:16:38,502][root][INFO] - Epoch [5/5], Batch [135/300], Loss: 1.0573 (Overall: 0.5728, Change: 1.6491), TF Ratio: 0.733
[2026-06-16 10:16:38,681][root][INFO] - Epoch [5/5], Batch [136/300], Loss: 1.0566 (Overall: 0.6072, Change: 1.3326), TF Ratio: 0.733
[2026-06-16 10:16:38,835][root][INFO] - Epoch [5/5], Batch [137/300], Loss: 1.0562 (Overall: 0.6382, Change: 1.3649), TF Ratio: 0.733
[2026-06-16 10:16:38,991][root][INFO] - Epoch [5/5], Batch [138/300], Loss: 1.0560 (Overall: 0.9405, Change: 1.1064), TF Ratio: 0.732
[2026-06-16 10:16:39,144][root][INFO] - Epoch [5/5], Batch [139/300], Loss: 1.0562 (Overall: 0.7360, Change: 1.4245), TF Ratio: 0.732
[2026-06-16 10:16:39,311][root][INFO] - Epoch [5/5], Batch [140/300], Loss: 1.0556 (Overall: 0.5181, Change: 1.4341), TF Ratio: 0.732
[2026-06-16 10:16:39,466][root][INFO] - Epoch [5/5], Batch [141/300], Loss: 1.0546 (Overall: 0.4658, Change: 1.3623), TF Ratio: 0.732
[2026-06-16 10:16:39,620][root][INFO] - Epoch [5/5], Batch [142/300], Loss: 1.0539 (Overall: 1.2341, Change: 0.6867), TF Ratio: 0.732
[2026-06-16 10:16:39,773][root][INFO] - Epoch [5/5], Batch [143/300], Loss: 1.0527 (Overall: 0.5456, Change: 1.1970), TF Ratio: 0.731
[2026-06-16 10:16:39,932][root][INFO] - Epoch [5/5], Batch [144/300], Loss: 1.0537 (Overall: 0.8874, Change: 1.5239), TF Ratio: 0.731
[2026-06-16 10:16:40,086][root][INFO] - Epoch [5/5], Batch [145/300], Loss: 1.0556 (Overall: 1.1414, Change: 1.4966), TF Ratio: 0.731
[2026-06-16 10:16:40,280][root][INFO] - Epoch [5/5], Batch [146/300], Loss: 1.0565 (Overall: 0.9752, Change: 1.4023), TF Ratio: 0.731
[2026-06-16 10:16:40,450][root][INFO] - Epoch [5/5], Batch [147/300], Loss: 1.0550 (Overall: 0.7335, Change: 0.9493), TF Ratio: 0.731
[2026-06-16 10:16:40,618][root][INFO] - Epoch [5/5], Batch [148/300], Loss: 1.0543 (Overall: 0.6626, Change: 1.2403), TF Ratio: 0.730
[2026-06-16 10:16:40,773][root][INFO] - Epoch [5/5], Batch [149/300], Loss: 1.0531 (Overall: 0.6519, Change: 1.1113), TF Ratio: 0.730
[2026-06-16 10:16:40,945][root][INFO] - Epoch [5/5], Batch [150/300], Loss: 1.0555 (Overall: 1.1927, Change: 1.6098), TF Ratio: 0.730
[2026-06-16 10:16:41,099][root][INFO] - Epoch [5/5], Batch [151/300], Loss: 1.0547 (Overall: 0.5134, Change: 1.3776), TF Ratio: 0.730
[2026-06-16 10:16:41,255][root][INFO] - Epoch [5/5], Batch [152/300], Loss: 1.0543 (Overall: 0.5444, Change: 1.4289), TF Ratio: 0.730
[2026-06-16 10:16:41,411][root][INFO] - Epoch [5/5], Batch [153/300], Loss: 1.0567 (Overall: 1.2017, Change: 1.6505), TF Ratio: 0.729
[2026-06-16 10:16:41,568][root][INFO] - Epoch [5/5], Batch [154/300], Loss: 1.0580 (Overall: 1.0349, Change: 1.4783), TF Ratio: 0.729
[2026-06-16 10:16:41,732][root][INFO] - Epoch [5/5], Batch [155/300], Loss: 1.0554 (Overall: 0.6499, Change: 0.6478), TF Ratio: 0.729
[2026-06-16 10:16:41,909][root][INFO] - Epoch [5/5], Batch [156/300], Loss: 1.0545 (Overall: 0.6224, Change: 1.2115), TF Ratio: 0.729
[2026-06-16 10:16:42,078][root][INFO] - Epoch [5/5], Batch [157/300], Loss: 1.0559 (Overall: 0.9984, Change: 1.5649), TF Ratio: 0.729
[2026-06-16 10:16:42,231][root][INFO] - Epoch [5/5], Batch [158/300], Loss: 1.0554 (Overall: 0.6826, Change: 1.2707), TF Ratio: 0.728
[2026-06-16 10:16:42,385][root][INFO] - Epoch [5/5], Batch [159/300], Loss: 1.0557 (Overall: 0.5850, Change: 1.6091), TF Ratio: 0.728
[2026-06-16 10:16:42,553][root][INFO] - Epoch [5/5], Batch [160/300], Loss: 1.0560 (Overall: 0.8119, Change: 1.4096), TF Ratio: 0.728
[2026-06-16 10:16:42,709][root][INFO] - Epoch [5/5], Batch [161/300], Loss: 1.0562 (Overall: 0.5938, Change: 1.5752), TF Ratio: 0.728
[2026-06-16 10:16:42,887][root][INFO] - Epoch [5/5], Batch [162/300], Loss: 1.0559 (Overall: 0.8333, Change: 1.1677), TF Ratio: 0.728
[2026-06-16 10:16:43,041][root][INFO] - Epoch [5/5], Batch [163/300], Loss: 1.0553 (Overall: 0.5308, Change: 1.3934), TF Ratio: 0.727
[2026-06-16 10:16:43,197][root][INFO] - Epoch [5/5], Batch [164/300], Loss: 1.0561 (Overall: 0.3933, Change: 1.9828), TF Ratio: 0.727
[2026-06-16 10:16:43,352][root][INFO] - Epoch [5/5], Batch [165/300], Loss: 1.0554 (Overall: 0.5243, Change: 1.3695), TF Ratio: 0.727
[2026-06-16 10:16:43,505][root][INFO] - Epoch [5/5], Batch [166/300], Loss: 1.0547 (Overall: 0.7904, Change: 1.0633), TF Ratio: 0.727
[2026-06-16 10:16:43,658][root][INFO] - Epoch [5/5], Batch [167/300], Loss: 1.0537 (Overall: 0.6567, Change: 1.1420), TF Ratio: 0.727
[2026-06-16 10:16:43,820][root][INFO] - Epoch [5/5], Batch [168/300], Loss: 1.0529 (Overall: 0.3934, Change: 1.4329), TF Ratio: 0.726
[2026-06-16 10:16:43,980][root][INFO] - Epoch [5/5], Batch [169/300], Loss: 1.0533 (Overall: 0.7138, Change: 1.5143), TF Ratio: 0.726
[2026-06-16 10:16:44,144][root][INFO] - Epoch [5/5], Batch [170/300], Loss: 1.0529 (Overall: 0.4153, Change: 1.5750), TF Ratio: 0.726
[2026-06-16 10:16:44,299][root][INFO] - Epoch [5/5], Batch [171/300], Loss: 1.0529 (Overall: 0.5119, Change: 1.5925), TF Ratio: 0.726
[2026-06-16 10:16:44,467][root][INFO] - Epoch [5/5], Batch [172/300], Loss: 1.0537 (Overall: 1.0130, Change: 1.3680), TF Ratio: 0.726
[2026-06-16 10:16:44,628][root][INFO] - Epoch [5/5], Batch [173/300], Loss: 1.0534 (Overall: 0.4920, Change: 1.5003), TF Ratio: 0.725
[2026-06-16 10:16:44,782][root][INFO] - Epoch [5/5], Batch [174/300], Loss: 1.0529 (Overall: 0.5624, Change: 1.3683), TF Ratio: 0.725
[2026-06-16 10:16:44,944][root][INFO] - Epoch [5/5], Batch [175/300], Loss: 1.0535 (Overall: 0.7503, Change: 1.5829), TF Ratio: 0.725
[2026-06-16 10:16:45,105][root][INFO] - Epoch [5/5], Batch [176/300], Loss: 1.0532 (Overall: 0.9017, Change: 1.0881), TF Ratio: 0.725
[2026-06-16 10:16:45,270][root][INFO] - Epoch [5/5], Batch [177/300], Loss: 1.0537 (Overall: 0.7800, Change: 1.4939), TF Ratio: 0.725
[2026-06-16 10:16:45,424][root][INFO] - Epoch [5/5], Batch [178/300], Loss: 1.0532 (Overall: 0.9254, Change: 1.0208), TF Ratio: 0.724
[2026-06-16 10:16:45,579][root][INFO] - Epoch [5/5], Batch [179/300], Loss: 1.0532 (Overall: 0.4899, Change: 1.5947), TF Ratio: 0.724
[2026-06-16 10:16:45,747][root][INFO] - Epoch [5/5], Batch [180/300], Loss: 1.0519 (Overall: 0.6618, Change: 1.0003), TF Ratio: 0.724
[2026-06-16 10:16:45,901][root][INFO] - Epoch [5/5], Batch [181/300], Loss: 1.0516 (Overall: 0.7446, Change: 1.2417), TF Ratio: 0.724
[2026-06-16 10:16:46,057][root][INFO] - Epoch [5/5], Batch [182/300], Loss: 1.0520 (Overall: 0.7614, Change: 1.4773), TF Ratio: 0.724
[2026-06-16 10:16:46,209][root][INFO] - Epoch [5/5], Batch [183/300], Loss: 1.0513 (Overall: 0.7794, Change: 1.0729), TF Ratio: 0.723
[2026-06-16 10:16:46,371][root][INFO] - Epoch [5/5], Batch [184/300], Loss: 1.0505 (Overall: 0.4456, Change: 1.3731), TF Ratio: 0.723
[2026-06-16 10:16:46,527][root][INFO] - Epoch [5/5], Batch [185/300], Loss: 1.0507 (Overall: 0.7897, Change: 1.3753), TF Ratio: 0.723
[2026-06-16 10:16:46,697][root][INFO] - Epoch [5/5], Batch [186/300], Loss: 1.0515 (Overall: 0.8632, Change: 1.5361), TF Ratio: 0.723
[2026-06-16 10:16:46,851][root][INFO] - Epoch [5/5], Batch [187/300], Loss: 1.0510 (Overall: 0.7497, Change: 1.1851), TF Ratio: 0.723
[2026-06-16 10:16:47,006][root][INFO] - Epoch [5/5], Batch [188/300], Loss: 1.0532 (Overall: 1.1876, Change: 1.7147), TF Ratio: 0.722
[2026-06-16 10:16:47,161][root][INFO] - Epoch [5/5], Batch [189/300], Loss: 1.0518 (Overall: 0.3827, Change: 1.2015), TF Ratio: 0.722
[2026-06-16 10:16:47,313][root][INFO] - Epoch [5/5], Batch [190/300], Loss: 1.0523 (Overall: 0.7720, Change: 1.5362), TF Ratio: 0.722
[2026-06-16 10:16:47,484][root][INFO] - Epoch [5/5], Batch [191/300], Loss: 1.0508 (Overall: 0.5722, Change: 0.9348), TF Ratio: 0.722
[2026-06-16 10:16:47,641][root][INFO] - Epoch [5/5], Batch [192/300], Loss: 1.0499 (Overall: 0.5790, Change: 1.1967), TF Ratio: 0.722
[2026-06-16 10:16:47,802][root][INFO] - Epoch [5/5], Batch [193/300], Loss: 1.0496 (Overall: 0.3349, Change: 1.6655), TF Ratio: 0.721
[2026-06-16 10:16:47,990][root][INFO] - Epoch [5/5], Batch [194/300], Loss: 1.0507 (Overall: 1.1387, Change: 1.3778), TF Ratio: 0.721
[2026-06-16 10:16:48,145][root][INFO] - Epoch [5/5], Batch [195/300], Loss: 1.0512 (Overall: 0.7527, Change: 1.5224), TF Ratio: 0.721
[2026-06-16 10:16:48,299][root][INFO] - Epoch [5/5], Batch [196/300], Loss: 1.0506 (Overall: 0.8155, Change: 1.0783), TF Ratio: 0.721
[2026-06-16 10:16:48,456][root][INFO] - Epoch [5/5], Batch [197/300], Loss: 1.0485 (Overall: 0.4905, Change: 0.7689), TF Ratio: 0.721
[2026-06-16 10:16:48,609][root][INFO] - Epoch [5/5], Batch [198/300], Loss: 1.0486 (Overall: 1.0167, Change: 1.1172), TF Ratio: 0.720
[2026-06-16 10:16:48,762][root][INFO] - Epoch [5/5], Batch [199/300], Loss: 1.0465 (Overall: 0.5973, Change: 0.6687), TF Ratio: 0.720
[2026-06-16 10:16:48,928][root][INFO] - Epoch [5/5], Batch [200/300], Loss: 1.0475 (Overall: 1.1003, Change: 1.4075), TF Ratio: 0.720
[2026-06-16 10:16:49,092][root][INFO] - Epoch [5/5], Batch [201/300], Loss: 1.0494 (Overall: 1.1666, Change: 1.6750), TF Ratio: 0.720
[2026-06-16 10:16:49,313][root][INFO] - Epoch [5/5], Batch [202/300], Loss: 1.0488 (Overall: 0.7815, Change: 1.0661), TF Ratio: 0.720
[2026-06-16 10:16:49,474][root][INFO] - Epoch [5/5], Batch [203/300], Loss: 1.0492 (Overall: 0.6332, Change: 1.6338), TF Ratio: 0.719
[2026-06-16 10:16:49,628][root][INFO] - Epoch [5/5], Batch [204/300], Loss: 1.0484 (Overall: 0.8723, Change: 0.9045), TF Ratio: 0.719
[2026-06-16 10:16:49,789][root][INFO] - Epoch [5/5], Batch [205/300], Loss: 1.0478 (Overall: 0.6079, Change: 1.2318), TF Ratio: 0.719
[2026-06-16 10:16:49,942][root][INFO] - Epoch [5/5], Batch [206/300], Loss: 1.0465 (Overall: 0.6720, Change: 0.8972), TF Ratio: 0.719
[2026-06-16 10:16:50,094][root][INFO] - Epoch [5/5], Batch [207/300], Loss: 1.0477 (Overall: 1.1336, Change: 1.4465), TF Ratio: 0.719
[2026-06-16 10:16:50,251][root][INFO] - Epoch [5/5], Batch [208/300], Loss: 1.0485 (Overall: 0.7097, Change: 1.7449), TF Ratio: 0.718
[2026-06-16 10:16:50,405][root][INFO] - Epoch [5/5], Batch [209/300], Loss: 1.0485 (Overall: 0.5281, Change: 1.5387), TF Ratio: 0.718
[2026-06-16 10:16:50,559][root][INFO] - Epoch [5/5], Batch [210/300], Loss: 1.0469 (Overall: 0.5782, Change: 0.8471), TF Ratio: 0.718
[2026-06-16 10:16:50,712][root][INFO] - Epoch [5/5], Batch [211/300], Loss: 1.0467 (Overall: 0.5919, Change: 1.4444), TF Ratio: 0.718
[2026-06-16 10:16:50,887][root][INFO] - Epoch [5/5], Batch [212/300], Loss: 1.0492 (Overall: 1.1079, Change: 2.0461), TF Ratio: 0.718
[2026-06-16 10:16:51,046][root][INFO] - Epoch [5/5], Batch [213/300], Loss: 1.0492 (Overall: 0.8013, Change: 1.2779), TF Ratio: 0.717
[2026-06-16 10:16:51,200][root][INFO] - Epoch [5/5], Batch [214/300], Loss: 1.0492 (Overall: 0.5693, Change: 1.5445), TF Ratio: 0.717
[2026-06-16 10:16:51,363][root][INFO] - Epoch [5/5], Batch [215/300], Loss: 1.0492 (Overall: 0.6942, Change: 1.3720), TF Ratio: 0.717
[2026-06-16 10:16:51,529][root][INFO] - Epoch [5/5], Batch [216/300], Loss: 1.0484 (Overall: 0.5593, Change: 1.2063), TF Ratio: 0.717
[2026-06-16 10:16:51,707][root][INFO] - Epoch [5/5], Batch [217/300], Loss: 1.0483 (Overall: 0.8125, Change: 1.2617), TF Ratio: 0.717
[2026-06-16 10:16:51,859][root][INFO] - Epoch [5/5], Batch [218/300], Loss: 1.0493 (Overall: 0.9156, Change: 1.5986), TF Ratio: 0.716
[2026-06-16 10:16:52,012][root][INFO] - Epoch [5/5], Batch [219/300], Loss: 1.0496 (Overall: 0.8009, Change: 1.4207), TF Ratio: 0.716
[2026-06-16 10:16:52,172][root][INFO] - Epoch [5/5], Batch [220/300], Loss: 1.0497 (Overall: 0.7375, Change: 1.3979), TF Ratio: 0.716
[2026-06-16 10:16:52,326][root][INFO] - Epoch [5/5], Batch [221/300], Loss: 1.0486 (Overall: 0.6710, Change: 0.9804), TF Ratio: 0.716
[2026-06-16 10:16:52,487][root][INFO] - Epoch [5/5], Batch [222/300], Loss: 1.0479 (Overall: 0.4623, Change: 1.3240), TF Ratio: 0.716
[2026-06-16 10:16:52,641][root][INFO] - Epoch [5/5], Batch [223/300], Loss: 1.0481 (Overall: 0.7842, Change: 1.3927), TF Ratio: 0.715
[2026-06-16 10:16:52,798][root][INFO] - Epoch [5/5], Batch [224/300], Loss: 1.0472 (Overall: 0.6838, Change: 0.9978), TF Ratio: 0.715
[2026-06-16 10:16:52,956][root][INFO] - Epoch [5/5], Batch [225/300], Loss: 1.0455 (Overall: 0.5160, Change: 0.7963), TF Ratio: 0.715
[2026-06-16 10:16:53,110][root][INFO] - Epoch [5/5], Batch [226/300], Loss: 1.0444 (Overall: 0.5121, Change: 1.0902), TF Ratio: 0.715
[2026-06-16 10:16:53,264][root][INFO] - Epoch [5/5], Batch [227/300], Loss: 1.0444 (Overall: 0.5843, Change: 1.4935), TF Ratio: 0.715
[2026-06-16 10:16:53,438][root][INFO] - Epoch [5/5], Batch [228/300], Loss: 1.0444 (Overall: 0.5927, Change: 1.5199), TF Ratio: 0.714
[2026-06-16 10:16:53,596][root][INFO] - Epoch [5/5], Batch [229/300], Loss: 1.0446 (Overall: 0.8752, Change: 1.2901), TF Ratio: 0.714
[2026-06-16 10:16:53,748][root][INFO] - Epoch [5/5], Batch [230/300], Loss: 1.0443 (Overall: 0.6439, Change: 1.3208), TF Ratio: 0.714
[2026-06-16 10:16:53,901][root][INFO] - Epoch [5/5], Batch [231/300], Loss: 1.0448 (Overall: 0.8894, Change: 1.4254), TF Ratio: 0.714
[2026-06-16 10:16:54,074][root][INFO] - Epoch [5/5], Batch [232/300], Loss: 1.0442 (Overall: 0.4994, Change: 1.3228), TF Ratio: 0.714
[2026-06-16 10:16:54,238][root][INFO] - Epoch [5/5], Batch [233/300], Loss: 1.0447 (Overall: 0.6179, Change: 1.6952), TF Ratio: 0.713
[2026-06-16 10:16:54,510][root][INFO] - Epoch [5/5], Batch [234/300], Loss: 1.0447 (Overall: 0.5871, Change: 1.5192), TF Ratio: 0.713
[2026-06-16 10:16:54,663][root][INFO] - Epoch [5/5], Batch [235/300], Loss: 1.0445 (Overall: 0.6090, Change: 1.3831), TF Ratio: 0.713
[2026-06-16 10:16:54,817][root][INFO] - Epoch [5/5], Batch [236/300], Loss: 1.0440 (Overall: 0.7622, Change: 1.0860), TF Ratio: 0.713
[2026-06-16 10:16:54,971][root][INFO] - Epoch [5/5], Batch [237/300], Loss: 1.0436 (Overall: 0.7295, Change: 1.1789), TF Ratio: 0.713
[2026-06-16 10:16:55,124][root][INFO] - Epoch [5/5], Batch [238/300], Loss: 1.0438 (Overall: 0.9365, Change: 1.2420), TF Ratio: 0.712
[2026-06-16 10:16:55,285][root][INFO] - Epoch [5/5], Batch [239/300], Loss: 1.0450 (Overall: 0.6103, Change: 2.0492), TF Ratio: 0.712
[2026-06-16 10:16:55,456][root][INFO] - Epoch [5/5], Batch [240/300], Loss: 1.0441 (Overall: 0.9796, Change: 0.6900), TF Ratio: 0.712
[2026-06-16 10:16:55,611][root][INFO] - Epoch [5/5], Batch [241/300], Loss: 1.0444 (Overall: 0.4652, Change: 1.7313), TF Ratio: 0.712
[2026-06-16 10:16:55,855][root][INFO] - Epoch [5/5], Batch [242/300], Loss: 1.0437 (Overall: 0.5918, Change: 1.1654), TF Ratio: 0.712
[2026-06-16 10:16:56,010][root][INFO] - Epoch [5/5], Batch [243/300], Loss: 1.0426 (Overall: 0.7184, Change: 0.8354), TF Ratio: 0.711
[2026-06-16 10:16:56,165][root][INFO] - Epoch [5/5], Batch [244/300], Loss: 1.0422 (Overall: 0.7048, Change: 1.1798), TF Ratio: 0.711
[2026-06-16 10:16:56,320][root][INFO] - Epoch [5/5], Batch [245/300], Loss: 1.0424 (Overall: 0.6538, Change: 1.5557), TF Ratio: 0.711
[2026-06-16 10:16:56,473][root][INFO] - Epoch [5/5], Batch [246/300], Loss: 1.0435 (Overall: 1.0508, Change: 1.5404), TF Ratio: 0.711
[2026-06-16 10:16:56,627][root][INFO] - Epoch [5/5], Batch [247/300], Loss: 1.0431 (Overall: 0.5229, Change: 1.3824), TF Ratio: 0.711
[2026-06-16 10:16:56,799][root][INFO] - Epoch [5/5], Batch [248/300], Loss: 1.0427 (Overall: 0.8939, Change: 1.0042), TF Ratio: 0.710
[2026-06-16 10:16:56,964][root][INFO] - Epoch [5/5], Batch [249/300], Loss: 1.0419 (Overall: 0.6827, Change: 1.0111), TF Ratio: 0.710
[2026-06-16 10:16:57,126][root][INFO] - Epoch [5/5], Batch [250/300], Loss: 1.0422 (Overall: 0.6655, Change: 1.5509), TF Ratio: 0.710
[2026-06-16 10:16:57,279][root][INFO] - Epoch [5/5], Batch [251/300], Loss: 1.0426 (Overall: 0.7415, Change: 1.5634), TF Ratio: 0.710
[2026-06-16 10:16:57,443][root][INFO] - Epoch [5/5], Batch [252/300], Loss: 1.0429 (Overall: 0.6315, Change: 1.5674), TF Ratio: 0.710
[2026-06-16 10:16:57,613][root][INFO] - Epoch [5/5], Batch [253/300], Loss: 1.0440 (Overall: 0.8410, Change: 1.8007), TF Ratio: 0.709
[2026-06-16 10:16:57,767][root][INFO] - Epoch [5/5], Batch [254/300], Loss: 1.0438 (Overall: 0.7096, Change: 1.3208), TF Ratio: 0.709
[2026-06-16 10:16:57,920][root][INFO] - Epoch [5/5], Batch [255/300], Loss: 1.0442 (Overall: 0.8718, Change: 1.4224), TF Ratio: 0.709
[2026-06-16 10:16:58,076][root][INFO] - Epoch [5/5], Batch [256/300], Loss: 1.0439 (Overall: 0.5398, Change: 1.3838), TF Ratio: 0.709
[2026-06-16 10:16:58,237][root][INFO] - Epoch [5/5], Batch [257/300], Loss: 1.0441 (Overall: 0.6823, Change: 1.4847), TF Ratio: 0.709
[2026-06-16 10:16:58,511][root][INFO] - Epoch [5/5], Batch [258/300], Loss: 1.0440 (Overall: 0.6102, Change: 1.4162), TF Ratio: 0.708
[2026-06-16 10:16:58,664][root][INFO] - Epoch [5/5], Batch [259/300], Loss: 1.0450 (Overall: 1.0184, Change: 1.5882), TF Ratio: 0.708
[2026-06-16 10:16:58,818][root][INFO] - Epoch [5/5], Batch [260/300], Loss: 1.0452 (Overall: 0.7554, Change: 1.4354), TF Ratio: 0.708
[2026-06-16 10:16:58,979][root][INFO] - Epoch [5/5], Batch [261/300], Loss: 1.0450 (Overall: 0.8797, Change: 1.1192), TF Ratio: 0.708
[2026-06-16 10:16:59,132][root][INFO] - Epoch [5/5], Batch [262/300], Loss: 1.0444 (Overall: 0.5967, Change: 1.1872), TF Ratio: 0.708
[2026-06-16 10:16:59,290][root][INFO] - Epoch [5/5], Batch [263/300], Loss: 1.0433 (Overall: 0.5794, Change: 0.9212), TF Ratio: 0.707
[2026-06-16 10:16:59,444][root][INFO] - Epoch [5/5], Batch [264/300], Loss: 1.0431 (Overall: 0.6711, Change: 1.3444), TF Ratio: 0.707
[2026-06-16 10:16:59,600][root][INFO] - Epoch [5/5], Batch [265/300], Loss: 1.0423 (Overall: 0.3746, Change: 1.2391), TF Ratio: 0.707
[2026-06-16 10:16:59,800][root][INFO] - Epoch [5/5], Batch [266/300], Loss: 1.0405 (Overall: 0.4574, Change: 0.6992), TF Ratio: 0.707
[2026-06-16 10:16:59,962][root][INFO] - Epoch [5/5], Batch [267/300], Loss: 1.0411 (Overall: 0.5894, Change: 1.8276), TF Ratio: 0.707
[2026-06-16 10:17:00,117][root][INFO] - Epoch [5/5], Batch [268/300], Loss: 1.0402 (Overall: 0.4937, Change: 1.0935), TF Ratio: 0.706
[2026-06-16 10:17:00,271][root][INFO] - Epoch [5/5], Batch [269/300], Loss: 1.0403 (Overall: 0.7111, Change: 1.4138), TF Ratio: 0.706
[2026-06-16 10:17:00,425][root][INFO] - Epoch [5/5], Batch [270/300], Loss: 1.0406 (Overall: 0.9857, Change: 1.2562), TF Ratio: 0.706
[2026-06-16 10:17:00,577][root][INFO] - Epoch [5/5], Batch [271/300], Loss: 1.0409 (Overall: 0.7009, Change: 1.5284), TF Ratio: 0.706
[2026-06-16 10:17:00,737][root][INFO] - Epoch [5/5], Batch [272/300], Loss: 1.0415 (Overall: 0.9807, Change: 1.4295), TF Ratio: 0.706
[2026-06-16 10:17:00,891][root][INFO] - Epoch [5/5], Batch [273/300], Loss: 1.0415 (Overall: 0.6734, Change: 1.4280), TF Ratio: 0.705
[2026-06-16 10:17:01,047][root][INFO] - Epoch [5/5], Batch [274/300], Loss: 1.0409 (Overall: 0.7041, Change: 1.0489), TF Ratio: 0.705
[2026-06-16 10:17:01,200][root][INFO] - Epoch [5/5], Batch [275/300], Loss: 1.0414 (Overall: 0.9632, Change: 1.3718), TF Ratio: 0.705
[2026-06-16 10:17:01,360][root][INFO] - Epoch [5/5], Batch [276/300], Loss: 1.0412 (Overall: 0.8453, Change: 1.1602), TF Ratio: 0.705
[2026-06-16 10:17:01,515][root][INFO] - Epoch [5/5], Batch [277/300], Loss: 1.0415 (Overall: 0.9300, Change: 1.3099), TF Ratio: 0.705
[2026-06-16 10:17:01,677][root][INFO] - Epoch [5/5], Batch [278/300], Loss: 1.0415 (Overall: 0.6022, Change: 1.4854), TF Ratio: 0.704
[2026-06-16 10:17:01,831][root][INFO] - Epoch [5/5], Batch [279/300], Loss: 1.0423 (Overall: 0.9089, Change: 1.6139), TF Ratio: 0.704
[2026-06-16 10:17:01,998][root][INFO] - Epoch [5/5], Batch [280/300], Loss: 1.0432 (Overall: 0.6781, Change: 1.8978), TF Ratio: 0.704
[2026-06-16 10:17:02,151][root][INFO] - Epoch [5/5], Batch [281/300], Loss: 1.0433 (Overall: 0.8599, Change: 1.2886), TF Ratio: 0.704
[2026-06-16 10:17:02,322][root][INFO] - Epoch [5/5], Batch [282/300], Loss: 1.0422 (Overall: 0.3935, Change: 1.0555), TF Ratio: 0.704
[2026-06-16 10:17:02,475][root][INFO] - Epoch [5/5], Batch [283/300], Loss: 1.0414 (Overall: 0.5934, Change: 1.0315), TF Ratio: 0.703
[2026-06-16 10:17:02,645][root][INFO] - Epoch [5/5], Batch [284/300], Loss: 1.0407 (Overall: 0.5201, Change: 1.1978), TF Ratio: 0.703
[2026-06-16 10:17:02,810][root][INFO] - Epoch [5/5], Batch [285/300], Loss: 1.0399 (Overall: 0.7754, Change: 0.8210), TF Ratio: 0.703
[2026-06-16 10:17:02,962][root][INFO] - Epoch [5/5], Batch [286/300], Loss: 1.0395 (Overall: 0.5921, Change: 1.2679), TF Ratio: 0.703
[2026-06-16 10:17:03,116][root][INFO] - Epoch [5/5], Batch [287/300], Loss: 1.0393 (Overall: 0.5542, Change: 1.4085), TF Ratio: 0.703
[2026-06-16 10:17:03,287][root][INFO] - Epoch [5/5], Batch [288/300], Loss: 1.0391 (Overall: 0.6854, Change: 1.3144), TF Ratio: 0.702
[2026-06-16 10:17:03,440][root][INFO] - Epoch [5/5], Batch [289/300], Loss: 1.0398 (Overall: 0.9444, Change: 1.4982), TF Ratio: 0.702
[2026-06-16 10:17:03,595][root][INFO] - Epoch [5/5], Batch [290/300], Loss: 1.0406 (Overall: 1.1283, Change: 1.4613), TF Ratio: 0.702
[2026-06-16 10:17:03,750][root][INFO] - Epoch [5/5], Batch [291/300], Loss: 1.0405 (Overall: 0.7220, Change: 1.2898), TF Ratio: 0.702
[2026-06-16 10:17:03,919][root][INFO] - Epoch [5/5], Batch [292/300], Loss: 1.0399 (Overall: 0.8252, Change: 0.8739), TF Ratio: 0.702
[2026-06-16 10:17:04,080][root][INFO] - Epoch [5/5], Batch [293/300], Loss: 1.0384 (Overall: 0.8359, Change: 0.3935), TF Ratio: 0.701
[2026-06-16 10:17:04,233][root][INFO] - Epoch [5/5], Batch [294/300], Loss: 1.0381 (Overall: 0.6512, Change: 1.2277), TF Ratio: 0.701
[2026-06-16 10:17:04,386][root][INFO] - Epoch [5/5], Batch [295/300], Loss: 1.0391 (Overall: 0.5565, Change: 2.1275), TF Ratio: 0.701
[2026-06-16 10:17:04,551][root][INFO] - Epoch [5/5], Batch [296/300], Loss: 1.0395 (Overall: 0.6140, Change: 1.7121), TF Ratio: 0.701
[2026-06-16 10:17:04,704][root][INFO] - Epoch [5/5], Batch [297/300], Loss: 1.0402 (Overall: 1.0565, Change: 1.4191), TF Ratio: 0.701
[2026-06-16 10:17:04,857][root][INFO] - Epoch [5/5], Batch [298/300], Loss: 1.0404 (Overall: 0.6174, Change: 1.6017), TF Ratio: 0.700
[2026-06-16 10:17:05,011][root][INFO] - Epoch [5/5], Batch [299/300], Loss: 1.0402 (Overall: 0.8154, Change: 1.1479), TF Ratio: 0.700
[2026-06-16 10:17:05,176][root][INFO] - Epoch [5/5], Batch [300/300], Loss: 1.0397 (Overall: 0.4461, Change: 1.2952), TF Ratio: 0.700
[2026-06-16 10:17:06,235][root][INFO] - Epoch 5 done. Validating...
[2026-06-16 10:17:10,681][root][INFO] - Epoch [5/5] | Train: 1.0395 | Val: 0.7606
[2026-06-16 10:17:10,943][root][INFO] - Checkpoint saved: /gpfs/scratch/bsc32/bsc096444/ai4land-tfm/trained_models/unet_impl/41825166/model_epoch_5.pth
[2026-06-16 10:17:11,264][root][INFO] - Training complete.
