source,path,wall_us,file_bytes
real,/gpfs/scratch/ehpc736/data/AI4LAND_NON_preprocessed-data-2000-2015.zarr/secma/4.33.5,25332.21,4248
synth,/gpfs/scratch/bsc32/bsc096444/ai4land-tfm/tmp/synth_vs_real/synth/f971524,285.59,4248
real,/gpfs/scratch/ehpc736/data/AI4LAND_NON_preprocessed-data-2000-2015.zarr/c4per/3.22.13,16938.87,4248
synth,/gpfs/scratch/bsc32/bsc096444/ai4land-tfm/tmp/synth_vs_real/synth/f277932,24530.45,290749
synth,/gpfs/scratch/bsc32/bsc096444/ai4land-tfm/tmp/synth_vs_real/synth/f352161,17894.09,4248
real,/gpfs/scratch/ehpc736/data/AI4LAND_NON_preprocessed-data-2000-2015.zarr/secmb/6.22.45,20570.47,4248
synth,/gpfs/scratch/bsc32/bsc096444/ai4land-tfm/tmp/synth_vs_real/synth/f765990,13031.67,712452
real,/gpfs/scratch/ehpc736/data/AI4LAND_NON_preprocessed-data-2000-2015.zarr/secma/10.23.56,18746.40,4248
synth,/gpfs/scratch/bsc32/bsc096444/ai4land-tfm/tmp/synth_vs_real/synth/f790075,1412.88,4248
real,/gpfs/scratch/ehpc736/data/AI4LAND_NON_preprocessed-data-2000-2015.zarr/urban/2.34.70,10336.03,4248
synth,/gpfs/scratch/bsc32/bsc096444/ai4land-tfm/tmp/synth_vs_real/synth/f928463,95.05,4248
real,/gpfs/scratch/ehpc736/data/AI4LAND_NON_preprocessed-data-2000-2015.zarr/c3nfx/13.3.66,12813.43,4672
synth,/gpfs/scratch/bsc32/bsc096444/ai4land-tfm/tmp/synth_vs_real/synth/f778480,21233.43,4248
real,/gpfs/scratch/ehpc736/data/AI4LAND_NON_preprocessed-data-2000-2015.zarr/LULC_states/11.1.46,23137.51,12769
synth,/gpfs/scratch/bsc32/bsc096444/ai4land-tfm/tmp/synth_vs_real/synth/f668636,15151.22,4248
synth,/gpfs/scratch/bsc32/bsc096444/ai4land-tfm/tmp/synth_vs_real/synth/f439589,16555.76,4248
synth,/gpfs/scratch/bsc32/bsc096444/ai4land-tfm/tmp/synth_vs_real/synth/f231251,22527.44,8472
real,/gpfs/scratch/ehpc736/data/AI4LAND_NON_preprocessed-data-2000-2015.zarr/urban/4.2.8,24020.96,4248
real,/gpfs/scratch/ehpc736/data/AI4LAND_NON_preprocessed-data-2000-2015.zarr/number_of_people/15.33.70,14820.77,4312
real,/gpfs/scratch/ehpc736/data/AI4LAND_NON_preprocessed-data-2000-2015.zarr/number_of_people/10.7.59,23297.85,311732
synth,/gpfs/scratch/bsc32/bsc096444/ai4land-tfm/tmp/synth_vs_real/synth/f431071,20453.58,182853
real,/gpfs/scratch/ehpc736/data/AI4LAND_NON_preprocessed-data-2000-2015.zarr/c4ann/9.9.69,26877.62,4248
real,/gpfs/scratch/ehpc736/data/AI4LAND_NON_preprocessed-data-2000-2015.zarr/c3per/2.21.25,32558.13,772463
real,/gpfs/scratch/ehpc736/data/AI4LAND_NON_preprocessed-data-2000-2015.zarr/c3nfx/14.13.15,33072.37,799930
synth,/gpfs/scratch/bsc32/bsc096444/ai4land-tfm/tmp/synth_vs_real/synth/f331535,24196.49,4248
synth,/gpfs/scratch/bsc32/bsc096444/ai4land-tfm/tmp/synth_vs_real/synth/f379580,23589.28,137008
real,/gpfs/scratch/ehpc736/data/AI4LAND_NON_preprocessed-data-2000-2015.zarr/secdf/14.8.50,19458.85,55516
real,/gpfs/scratch/ehpc736/data/AI4LAND_NON_preprocessed-data-2000-2015.zarr/primf/14.24.27,18613.19,4248
synth,/gpfs/scratch/bsc32/bsc096444/ai4land-tfm/tmp/synth_vs_real/synth/f397382,14596.42,8374
synth,/gpfs/scratch/bsc32/bsc096444/ai4land-tfm/tmp/synth_vs_real/synth/f965498,328.31,4248
real,/gpfs/scratch/ehpc736/data/AI4LAND_NON_preprocessed-data-2000-2015.zarr/range/8.34.43,16327.25,4248
real,/gpfs/scratch/ehpc736/data/AI4LAND_NON_preprocessed-data-2000-2015.zarr/c4ann/15.16.59,26951.82,191755
synth,/gpfs/scratch/bsc32/bsc096444/ai4land-tfm/tmp/synth_vs_real/synth/f946279,288.26,117739
synth,/gpfs/scratch/bsc32/bsc096444/ai4land-tfm/tmp/synth_vs_real/synth/f785408,15690.45,4248
synth,/gpfs/scratch/bsc32/bsc096444/ai4land-tfm/tmp/synth_vs_real/synth/f970535,338.70,13219
synth,/gpfs/scratch/bsc32/bsc096444/ai4land-tfm/tmp/synth_vs_real/synth/f97251,13752.03,4248
synth,/gpfs/scratch/bsc32/bsc096444/ai4land-tfm/tmp/synth_vs_real/synth/f580099,28949.01,4248
synth,/gpfs/scratch/bsc32/bsc096444/ai4land-tfm/tmp/synth_vs_real/synth/f146316,14249.03,4248
real,/gpfs/scratch/ehpc736/data/AI4LAND_NON_preprocessed-data-2000-2015.zarr/c3ann/2.6.8,15663.11,70462
synth,/gpfs/scratch/bsc32/bsc096444/ai4land-tfm/tmp/synth_vs_real/synth/f418801,20387.52,4248
real,/gpfs/scratch/ehpc736/data/AI4LAND_NON_preprocessed-data-2000-2015.zarr/primn/4.35.28,21931.25,4248
real,/gpfs/scratch/ehpc736/data/AI4LAND_NON_preprocessed-data-2000-2015.zarr/secma/12.17.65,42582.45,4248
real,/gpfs/scratch/ehpc736/data/AI4LAND_NON_preprocessed-data-2000-2015.zarr/number_of_people/15.6.69,23715.72,4248
synth,/gpfs/scratch/bsc32/bsc096444/ai4land-tfm/tmp/synth_vs_real/synth/f534277,15418.62,4248
real,/gpfs/scratch/ehpc736/data/AI4LAND_NON_preprocessed-data-2000-2015.zarr/primf/8.0.26,19730.03,4248
synth,/gpfs/scratch/bsc32/bsc096444/ai4land-tfm/tmp/synth_vs_real/synth/f974230,4501.85,639582
synth,/gpfs/scratch/bsc32/bsc096444/ai4land-tfm/tmp/synth_vs_real/synth/f889921,310.21,4248
synth,/gpfs/scratch/bsc32/bsc096444/ai4land-tfm/tmp/synth_vs_real/synth/f855662,989.96,8472
synth,/gpfs/scratch/bsc32/bsc096444/ai4land-tfm/tmp/synth_vs_real/synth/f314910,18886.75,4248
real,/gpfs/scratch/ehpc736/data/AI4LAND_NON_preprocessed-data-2000-2015.zarr/c3ann/13.31.12,19353.61,4248
synth,/gpfs/scratch/bsc32/bsc096444/ai4land-tfm/tmp/synth_vs_real/synth/f560086,18490.40,28587
synth,/gpfs/scratch/bsc32/bsc096444/ai4land-tfm/tmp/synth_vs_real/synth/f640967,2779.65,11297
synth,/gpfs/scratch/bsc32/bsc096444/ai4land-tfm/tmp/synth_vs_real/synth/f936021,3730.85,350313
synth,/gpfs/scratch/bsc32/bsc096444/ai4land-tfm/tmp/synth_vs_real/synth/f702258,16997.58,13102
synth,/gpfs/scratch/bsc32/bsc096444/ai4land-tfm/tmp/synth_vs_real/synth/f216881,22681.10,4248
synth,/gpfs/scratch/bsc32/bsc096444/ai4land-tfm/tmp/synth_vs_real/synth/f897546,364.90,4248
real,/gpfs/scratch/ehpc736/data/AI4LAND_NON_preprocessed-data-2000-2015.zarr/kg_class/3.7.8,34388.34,4248
synth,/gpfs/scratch/bsc32/bsc096444/ai4land-tfm/tmp/synth_vs_real/synth/f820391,4925.58,225496
real,/gpfs/scratch/ehpc736/data/AI4LAND_NON_preprocessed-data-2000-2015.zarr/c3per/10.34.64,16472.02,4248
real,/gpfs/scratch/ehpc736/data/AI4LAND_NON_preprocessed-data-2000-2015.zarr/primf/13.20.56,22405.95,4248
synth,/gpfs/scratch/bsc32/bsc096444/ai4land-tfm/tmp/synth_vs_real/synth/f173148,21020.29,14282
real,/gpfs/scratch/ehpc736/data/AI4LAND_NON_preprocessed-data-2000-2015.zarr/urban/14.31.57,18257.02,4248
real,/gpfs/scratch/ehpc736/data/AI4LAND_NON_preprocessed-data-2000-2015.zarr/primn/10.1.37,26483.92,4762
synth,/gpfs/scratch/bsc32/bsc096444/ai4land-tfm/tmp/synth_vs_real/synth/f967096,259.20,4248
real,/gpfs/scratch/ehpc736/data/AI4LAND_NON_preprocessed-data-2000-2015.zarr/urban/9.26.45,18469.45,4248
real,/gpfs/scratch/ehpc736/data/AI4LAND_NON_preprocessed-data-2000-2015.zarr/c3nfx/13.26.17,28551.88,4248
synth,/gpfs/scratch/bsc32/bsc096444/ai4land-tfm/tmp/synth_vs_real/synth/f420651,23770.69,328939
real,/gpfs/scratch/ehpc736/data/AI4LAND_NON_preprocessed-data-2000-2015.zarr/secmb/3.8.37,30214.78,569851
real,/gpfs/scratch/ehpc736/data/AI4LAND_NON_preprocessed-data-2000-2015.zarr/c4per/7.15.51,20243.85,9742
synth,/gpfs/scratch/bsc32/bsc096444/ai4land-tfm/tmp/synth_vs_real/synth/f624834,23464.30,8342
real,/gpfs/scratch/ehpc736/data/AI4LAND_NON_preprocessed-data-2000-2015.zarr/primf/4.0.39,14211.30,4248
real,/gpfs/scratch/ehpc736/data/AI4LAND_NON_preprocessed-data-2000-2015.zarr/secma/4.14.5,15899.82,4248
real,/gpfs/scratch/ehpc736/data/AI4LAND_NON_preprocessed-data-2000-2015.zarr/pastr/9.35.3,14393.64,4248
synth,/gpfs/scratch/bsc32/bsc096444/ai4land-tfm/tmp/synth_vs_real/synth/f292683,10742.32,4248
real,/gpfs/scratch/ehpc736/data/AI4LAND_NON_preprocessed-data-2000-2015.zarr/c3nfx/3.26.36,26516.63,4248
synth,/gpfs/scratch/bsc32/bsc096444/ai4land-tfm/tmp/synth_vs_real/synth/f114975,15929.69,4248
real,/gpfs/scratch/ehpc736/data/AI4LAND_NON_preprocessed-data-2000-2015.zarr/primf/1.0.29,15815.53,4248
real,/gpfs/scratch/ehpc736/data/AI4LAND_NON_preprocessed-data-2000-2015.zarr/c4per/12.8.15,23293.48,4248
real,/gpfs/scratch/ehpc736/data/AI4LAND_NON_preprocessed-data-2000-2015.zarr/primf/11.22.66,12337.86,4248
synth,/gpfs/scratch/bsc32/bsc096444/ai4land-tfm/tmp/synth_vs_real/synth/f705477,18164.26,299404
real,/gpfs/scratch/ehpc736/data/AI4LAND_NON_preprocessed-data-2000-2015.zarr/kg_class/12.18.54,17939.81,8872
synth,/gpfs/scratch/bsc32/bsc096444/ai4land-tfm/tmp/synth_vs_real/synth/f116739,20246.94,14411
synth,/gpfs/scratch/bsc32/bsc096444/ai4land-tfm/tmp/synth_vs_real/synth/f360663,19547.19,179058
real,/gpfs/scratch/ehpc736/data/AI4LAND_NON_preprocessed-data-2000-2015.zarr/secma/6.5.67,24898.28,251563
real,/gpfs/scratch/ehpc736/data/AI4LAND_NON_preprocessed-data-2000-2015.zarr/primf/14.19.38,24415.08,292750
synth,/gpfs/scratch/bsc32/bsc096444/ai4land-tfm/tmp/synth_vs_real/synth/f917202,274.47,4248
synth,/gpfs/scratch/bsc32/bsc096444/ai4land-tfm/tmp/synth_vs_real/synth/f445798,5540.76,136338
real,/gpfs/scratch/ehpc736/data/AI4LAND_NON_preprocessed-data-2000-2015.zarr/urban/2.17.24,26967.68,153300
synth,/gpfs/scratch/bsc32/bsc096444/ai4land-tfm/tmp/synth_vs_real/synth/f531756,16023.25,4248
real,/gpfs/scratch/ehpc736/data/AI4LAND_NON_preprocessed-data-2000-2015.zarr/range/6.24.32,14708.40,4248
synth,/gpfs/scratch/bsc32/bsc096444/ai4land-tfm/tmp/synth_vs_real/synth/f841204,4011.64,4248
synth,/gpfs/scratch/bsc32/bsc096444/ai4land-tfm/tmp/synth_vs_real/synth/f504740,9941.19,4248
real,/gpfs/scratch/ehpc736/data/AI4LAND_NON_preprocessed-data-2000-2015.zarr/c3per/4.11.26,14238.41,4248
synth,/gpfs/scratch/bsc32/bsc096444/ai4land-tfm/tmp/synth_vs_real/synth/f484714,31195.60,649022
synth,/gpfs/scratch/bsc32/bsc096444/ai4land-tfm/tmp/synth_vs_real/synth/f72132,16738.27,4262
real,/gpfs/scratch/ehpc736/data/AI4LAND_NON_preprocessed-data-2000-2015.zarr/pastr/15.23.39,15005.59,4248
synth,/gpfs/scratch/bsc32/bsc096444/ai4land-tfm/tmp/synth_vs_real/synth/f735392,811.79,4248
real,/gpfs/scratch/ehpc736/data/AI4LAND_NON_preprocessed-data-2000-2015.zarr/secdf/4.20.46,17681.35,4248
synth,/gpfs/scratch/bsc32/bsc096444/ai4land-tfm/tmp/synth_vs_real/synth/f356699,22104.35,41296
synth,/gpfs/scratch/bsc32/bsc096444/ai4land-tfm/tmp/synth_vs_real/synth/f569605,22644.52,4248
synth,/gpfs/scratch/bsc32/bsc096444/ai4land-tfm/tmp/synth_vs_real/synth/f795667,4318.47,4248
synth,/gpfs/scratch/bsc32/bsc096444/ai4land-tfm/tmp/synth_vs_real/synth/f130679,22421.05,791295
synth,/gpfs/scratch/bsc32/bsc096444/ai4land-tfm/tmp/synth_vs_real/synth/f52578,19919.72,4248
synth,/gpfs/scratch/bsc32/bsc096444/ai4land-tfm/tmp/synth_vs_real/synth/f224082,37292.32,4248
synth,/gpfs/scratch/bsc32/bsc096444/ai4land-tfm/tmp/synth_vs_real/synth/f243962,18738.18,571760
synth,/gpfs/scratch/bsc32/bsc096444/ai4land-tfm/tmp/synth_vs_real/synth/f450770,16327.73,4462
real,/gpfs/scratch/ehpc736/data/AI4LAND_NON_preprocessed-data-2000-2015.zarr/c3ann/4.6.56,17591.83,270816
synth,/gpfs/scratch/bsc32/bsc096444/ai4land-tfm/tmp/synth_vs_real/synth/f692094,25211.49,126303
synth,/gpfs/scratch/bsc32/bsc096444/ai4land-tfm/tmp/synth_vs_real/synth/f46542,21217.36,396068
real,/gpfs/scratch/ehpc736/data/AI4LAND_NON_preprocessed-data-2000-2015.zarr/pastr/11.9.34,29596.86,502993
synth,/gpfs/scratch/bsc32/bsc096444/ai4land-tfm/tmp/synth_vs_real/synth/f235552,13782.10,4248
real,/gpfs/scratch/ehpc736/data/AI4LAND_NON_preprocessed-data-2000-2015.zarr/pastr/12.20.61,55269.25,46321
synth,/gpfs/scratch/bsc32/bsc096444/ai4land-tfm/tmp/synth_vs_real/synth/f382364,18405.54,4248
real,/gpfs/scratch/ehpc736/data/AI4LAND_NON_preprocessed-data-2000-2015.zarr/LULC_states/3.12.2,15146.64,4260
synth,/gpfs/scratch/bsc32/bsc096444/ai4land-tfm/tmp/synth_vs_real/synth/f721590,24523.54,291856
synth,/gpfs/scratch/bsc32/bsc096444/ai4land-tfm/tmp/synth_vs_real/synth/f764544,11897.15,1361339
synth,/gpfs/scratch/bsc32/bsc096444/ai4land-tfm/tmp/synth_vs_real/synth/f229258,17651.68,889154
real,/gpfs/scratch/ehpc736/data/AI4LAND_NON_preprocessed-data-2000-2015.zarr/secdn/5.13.65,16990.96,4248
real,/gpfs/scratch/ehpc736/data/AI4LAND_NON_preprocessed-data-2000-2015.zarr/secmb/6.21.53,14617.92,4248
synth,/gpfs/scratch/bsc32/bsc096444/ai4land-tfm/tmp/synth_vs_real/synth/f685743,1320.35,4248
real,/gpfs/scratch/ehpc736/data/AI4LAND_NON_preprocessed-data-2000-2015.zarr/c4per/1.27.5,14683.37,4248
real,/gpfs/scratch/ehpc736/data/AI4LAND_NON_preprocessed-data-2000-2015.zarr/primn/14.1.51,24554.43,4248
real,/gpfs/scratch/ehpc736/data/AI4LAND_NON_preprocessed-data-2000-2015.zarr/c3per/15.28.7,22712.53,4248
real,/gpfs/scratch/ehpc736/data/AI4LAND_NON_preprocessed-data-2000-2015.zarr/c3nfx/11.17.63,11482.51,10600
synth,/gpfs/scratch/bsc32/bsc096444/ai4land-tfm/tmp/synth_vs_real/synth/f165080,19224.92,4360
real,/gpfs/scratch/ehpc736/data/AI4LAND_NON_preprocessed-data-2000-2015.zarr/c3per/14.22.40,21379.57,566762
synth,/gpfs/scratch/bsc32/bsc096444/ai4land-tfm/tmp/synth_vs_real/synth/f687277,10955.26,4248
synth,/gpfs/scratch/bsc32/bsc096444/ai4land-tfm/tmp/synth_vs_real/synth/f731076,16669.22,356641
real,/gpfs/scratch/ehpc736/data/AI4LAND_NON_preprocessed-data-2000-2015.zarr/urban/10.24.3,16567.88,4248
synth,/gpfs/scratch/bsc32/bsc096444/ai4land-tfm/tmp/synth_vs_real/synth/f329445,19603.97,4248
synth,/gpfs/scratch/bsc32/bsc096444/ai4land-tfm/tmp/synth_vs_real/synth/f556932,29344.64,640910
synth,/gpfs/scratch/bsc32/bsc096444/ai4land-tfm/tmp/synth_vs_real/synth/f439898,20848.51,4248
synth,/gpfs/scratch/bsc32/bsc096444/ai4land-tfm/tmp/synth_vs_real/synth/f368845,14743.17,4248
real,/gpfs/scratch/ehpc736/data/AI4LAND_NON_preprocessed-data-2000-2015.zarr/secmb/13.34.13,23256.95,4248
synth,/gpfs/scratch/bsc32/bsc096444/ai4land-tfm/tmp/synth_vs_real/synth/f588508,11256.26,4248
synth,/gpfs/scratch/bsc32/bsc096444/ai4land-tfm/tmp/synth_vs_real/synth/f577057,29181.54,287372
real,/gpfs/scratch/ehpc736/data/AI4LAND_NON_preprocessed-data-2000-2015.zarr/c3nfx/11.14.36,22382.35,490901
synth,/gpfs/scratch/bsc32/bsc096444/ai4land-tfm/tmp/synth_vs_real/synth/f785884,17415.78,88690
synth,/gpfs/scratch/bsc32/bsc096444/ai4land-tfm/tmp/synth_vs_real/synth/f898348,4341.66,147535
real,/gpfs/scratch/ehpc736/data/AI4LAND_NON_preprocessed-data-2000-2015.zarr/LULC_states/1.11.8,11163.34,4248
real,/gpfs/scratch/ehpc736/data/AI4LAND_NON_preprocessed-data-2000-2015.zarr/pastr/1.13.4,23998.32,38305
real,/gpfs/scratch/ehpc736/data/AI4LAND_NON_preprocessed-data-2000-2015.zarr/range/11.27.12,17920.49,4248
synth,/gpfs/scratch/bsc32/bsc096444/ai4land-tfm/tmp/synth_vs_real/synth/f277312,14474.12,4248
synth,/gpfs/scratch/bsc32/bsc096444/ai4land-tfm/tmp/synth_vs_real/synth/f95325,17388.81,4248
real,/gpfs/scratch/ehpc736/data/AI4LAND_NON_preprocessed-data-2000-2015.zarr/number_of_people/11.35.62,19703.79,4258
real,/gpfs/scratch/ehpc736/data/AI4LAND_NON_preprocessed-data-2000-2015.zarr/primf/10.28.23,15119.90,4248
real,/gpfs/scratch/ehpc736/data/AI4LAND_NON_preprocessed-data-2000-2015.zarr/secmb/3.16.14,27948.24,4248
synth,/gpfs/scratch/bsc32/bsc096444/ai4land-tfm/tmp/synth_vs_real/synth/f914533,421.67,8472
synth,/gpfs/scratch/bsc32/bsc096444/ai4land-tfm/tmp/synth_vs_real/synth/f103198,22843.06,4248
real,/gpfs/scratch/ehpc736/data/AI4LAND_NON_preprocessed-data-2000-2015.zarr/kg_class/8.9.52,29283.01,21663
synth,/gpfs/scratch/bsc32/bsc096444/ai4land-tfm/tmp/synth_vs_real/synth/f947837,378.42,4248
synth,/gpfs/scratch/bsc32/bsc096444/ai4land-tfm/tmp/synth_vs_real/synth/f259249,42937.38,378271
real,/gpfs/scratch/ehpc736/data/AI4LAND_NON_preprocessed-data-2000-2015.zarr/urban/4.10.6,17003.79,4248
real,/gpfs/scratch/ehpc736/data/AI4LAND_NON_preprocessed-data-2000-2015.zarr/c3nfx/10.16.25,15146.57,6364
synth,/gpfs/scratch/bsc32/bsc096444/ai4land-tfm/tmp/synth_vs_real/synth/f670487,3661.51,99849
synth,/gpfs/scratch/bsc32/bsc096444/ai4land-tfm/tmp/synth_vs_real/synth/f958972,206.59,4248
synth,/gpfs/scratch/bsc32/bsc096444/ai4land-tfm/tmp/synth_vs_real/synth/f810620,24419.88,4248
synth,/gpfs/scratch/bsc32/bsc096444/ai4land-tfm/tmp/synth_vs_real/synth/f968114,2840.68,170627
synth,/gpfs/scratch/bsc32/bsc096444/ai4land-tfm/tmp/synth_vs_real/synth/f712526,11720.85,8472
real,/gpfs/scratch/ehpc736/data/AI4LAND_NON_preprocessed-data-2000-2015.zarr/c3per/6.21.17,21593.49,4248
synth,/gpfs/scratch/bsc32/bsc096444/ai4land-tfm/tmp/synth_vs_real/synth/f805934,15424.13,697438
synth,/gpfs/scratch/bsc32/bsc096444/ai4land-tfm/tmp/synth_vs_real/synth/f255836,22355.43,294630
real,/gpfs/scratch/ehpc736/data/AI4LAND_NON_preprocessed-data-2000-2015.zarr/c4ann/5.7.28,20558.14,4248
synth,/gpfs/scratch/bsc32/bsc096444/ai4land-tfm/tmp/synth_vs_real/synth/f397542,43752.53,354032
real,/gpfs/scratch/ehpc736/data/AI4LAND_NON_preprocessed-data-2000-2015.zarr/secma/5.35.44,14797.15,4248
synth,/gpfs/scratch/bsc32/bsc096444/ai4land-tfm/tmp/synth_vs_real/synth/f98246,11294.62,4248
synth,/gpfs/scratch/bsc32/bsc096444/ai4land-tfm/tmp/synth_vs_real/synth/f534150,13635.33,4248
synth,/gpfs/scratch/bsc32/bsc096444/ai4land-tfm/tmp/synth_vs_real/synth/f170555,20329.67,384701
real,/gpfs/scratch/ehpc736/data/AI4LAND_NON_preprocessed-data-2000-2015.zarr/c4ann/13.30.63,18062.26,4248
synth,/gpfs/scratch/bsc32/bsc096444/ai4land-tfm/tmp/synth_vs_real/synth/f84491,17196.60,4248
real,/gpfs/scratch/ehpc736/data/AI4LAND_NON_preprocessed-data-2000-2015.zarr/c3nfx/15.18.7,22319.08,4248
synth,/gpfs/scratch/bsc32/bsc096444/ai4land-tfm/tmp/synth_vs_real/synth/f798975,15920.05,4248
real,/gpfs/scratch/ehpc736/data/AI4LAND_NON_preprocessed-data-2000-2015.zarr/primn/13.32.17,14990.05,4248
synth,/gpfs/scratch/bsc32/bsc096444/ai4land-tfm/tmp/synth_vs_real/synth/f848749,923.04,6208
synth,/gpfs/scratch/bsc32/bsc096444/ai4land-tfm/tmp/synth_vs_real/synth/f805635,2252.25,4248
synth,/gpfs/scratch/bsc32/bsc096444/ai4land-tfm/tmp/synth_vs_real/synth/f426833,28361.00,876176
synth,/gpfs/scratch/bsc32/bsc096444/ai4land-tfm/tmp/synth_vs_real/synth/f969395,405.25,116244
real,/gpfs/scratch/ehpc736/data/AI4LAND_NON_preprocessed-data-2000-2015.zarr/urban/2.10.14,21434.43,142750
synth,/gpfs/scratch/bsc32/bsc096444/ai4land-tfm/tmp/synth_vs_real/synth/f927767,273.29,4248
real,/gpfs/scratch/ehpc736/data/AI4LAND_NON_preprocessed-data-2000-2015.zarr/urban/14.29.60,26546.76,4248
synth,/gpfs/scratch/bsc32/bsc096444/ai4land-tfm/tmp/synth_vs_real/synth/f408930,14619.82,4248
synth,/gpfs/scratch/bsc32/bsc096444/ai4land-tfm/tmp/synth_vs_real/synth/f833980,1443.78,4248
synth,/gpfs/scratch/bsc32/bsc096444/ai4land-tfm/tmp/synth_vs_real/synth/f346954,16247.52,347557
synth,/gpfs/scratch/bsc32/bsc096444/ai4land-tfm/tmp/synth_vs_real/synth/f285577,17254.02,4248
real,/gpfs/scratch/ehpc736/data/AI4LAND_NON_preprocessed-data-2000-2015.zarr/c3ann/10.26.2,19918.59,4248
real,/gpfs/scratch/ehpc736/data/AI4LAND_NON_preprocessed-data-2000-2015.zarr/c3ann/4.18.51,21052.84,4248
synth,/gpfs/scratch/bsc32/bsc096444/ai4land-tfm/tmp/synth_vs_real/synth/f273432,21386.13,68272
real,/gpfs/scratch/ehpc736/data/AI4LAND_NON_preprocessed-data-2000-2015.zarr/c4ann/14.10.51,23968.94,213690
real,/gpfs/scratch/ehpc736/data/AI4LAND_NON_preprocessed-data-2000-2015.zarr/primn/8.18.42,28572.77,694841
synth,/gpfs/scratch/bsc32/bsc096444/ai4land-tfm/tmp/synth_vs_real/synth/f27824,19109.69,319186
real,/gpfs/scratch/ehpc736/data/AI4LAND_NON_preprocessed-data-2000-2015.zarr/secdn/6.26.47,19414.16,4248
synth,/gpfs/scratch/bsc32/bsc096444/ai4land-tfm/tmp/synth_vs_real/synth/f844151,1044.99,4248
real,/gpfs/scratch/ehpc736/data/AI4LAND_NON_preprocessed-data-2000-2015.zarr/secdn/13.35.31,21390.43,4248
real,/gpfs/scratch/ehpc736/data/AI4LAND_NON_preprocessed-data-2000-2015.zarr/c3ann/13.25.11,18590.20,4248
real,/gpfs/scratch/ehpc736/data/AI4LAND_NON_preprocessed-data-2000-2015.zarr/LULC_states/6.17.64,23796.47,4914
real,/gpfs/scratch/ehpc736/data/AI4LAND_NON_preprocessed-data-2000-2015.zarr/c4per/10.25.22,13823.19,114613
real,/gpfs/scratch/ehpc736/data/AI4LAND_NON_preprocessed-data-2000-2015.zarr/number_of_people/15.28.25,12723.26,4248
synth,/gpfs/scratch/bsc32/bsc096444/ai4land-tfm/tmp/synth_vs_real/synth/f455673,16253.93,4472
real,/gpfs/scratch/ehpc736/data/AI4LAND_NON_preprocessed-data-2000-2015.zarr/secdf/1.2.53,22543.51,6496
real,/gpfs/scratch/ehpc736/data/AI4LAND_NON_preprocessed-data-2000-2015.zarr/primf/4.15.37,19318.09,4248
synth,/gpfs/scratch/bsc32/bsc096444/ai4land-tfm/tmp/synth_vs_real/synth/f249565,9585.97,4248
real,/gpfs/scratch/ehpc736/data/AI4LAND_NON_preprocessed-data-2000-2015.zarr/secdf/6.30.48,24751.29,4248
real,/gpfs/scratch/ehpc736/data/AI4LAND_NON_preprocessed-data-2000-2015.zarr/pastr/9.30.18,21821.38,4248
real,/gpfs/scratch/ehpc736/data/AI4LAND_NON_preprocessed-data-2000-2015.zarr/c3ann/5.28.34,17232.23,4248
synth,/gpfs/scratch/bsc32/bsc096444/ai4land-tfm/tmp/synth_vs_real/synth/f523481,15658.31,4248
real,/gpfs/scratch/ehpc736/data/AI4LAND_NON_preprocessed-data-2000-2015.zarr/primf/5.15.45,14735.56,4454
synth,/gpfs/scratch/bsc32/bsc096444/ai4land-tfm/tmp/synth_vs_real/synth/f455884,19595.31,4248
real,/gpfs/scratch/ehpc736/data/AI4LAND_NON_preprocessed-data-2000-2015.zarr/pastr/14.1.14,21294.28,4248
real,/gpfs/scratch/ehpc736/data/AI4LAND_NON_preprocessed-data-2000-2015.zarr/c3ann/1.10.66,31522.66,4248
real,/gpfs/scratch/ehpc736/data/AI4LAND_NON_preprocessed-data-2000-2015.zarr/secdf/11.20.30,25024.13,4248
synth,/gpfs/scratch/bsc32/bsc096444/ai4land-tfm/tmp/synth_vs_real/synth/f498216,12556.50,4248
real,/gpfs/scratch/ehpc736/data/AI4LAND_NON_preprocessed-data-2000-2015.zarr/c3nfx/9.20.49,20794.99,4248
synth,/gpfs/scratch/bsc32/bsc096444/ai4land-tfm/tmp/synth_vs_real/synth/f351470,19539.10,4248
synth,/gpfs/scratch/bsc32/bsc096444/ai4land-tfm/tmp/synth_vs_real/synth/f992842,309.09,94880
real,/gpfs/scratch/ehpc736/data/AI4LAND_NON_preprocessed-data-2000-2015.zarr/range/0.18.31,14697.70,4248
synth,/gpfs/scratch/bsc32/bsc096444/ai4land-tfm/tmp/synth_vs_real/synth/f442374,19600.88,8472
real,/gpfs/scratch/ehpc736/data/AI4LAND_NON_preprocessed-data-2000-2015.zarr/range/2.23.12,15440.03,4248
synth,/gpfs/scratch/bsc32/bsc096444/ai4land-tfm/tmp/synth_vs_real/synth/f419093,29079.90,4320
real,/gpfs/scratch/ehpc736/data/AI4LAND_NON_preprocessed-data-2000-2015.zarr/c3nfx/4.33.8,21559.48,4248
synth,/gpfs/scratch/bsc32/bsc096444/ai4land-tfm/tmp/synth_vs_real/synth/f964047,7200.29,310179
real,/gpfs/scratch/ehpc736/data/AI4LAND_NON_preprocessed-data-2000-2015.zarr/urban/3.16.10,10827.10,4248
synth,/gpfs/scratch/bsc32/bsc096444/ai4land-tfm/tmp/synth_vs_real/synth/f496171,19181.87,4248
real,/gpfs/scratch/ehpc736/data/AI4LAND_NON_preprocessed-data-2000-2015.zarr/c3nfx/8.3.61,15116.11,5484
synth,/gpfs/scratch/bsc32/bsc096444/ai4land-tfm/tmp/synth_vs_real/synth/f352457,16591.35,4248
synth,/gpfs/scratch/bsc32/bsc096444/ai4land-tfm/tmp/synth_vs_real/synth/f543118,20887.35,4248
synth,/gpfs/scratch/bsc32/bsc096444/ai4land-tfm/tmp/synth_vs_real/synth/f199448,18860.51,4248
real,/gpfs/scratch/ehpc736/data/AI4LAND_NON_preprocessed-data-2000-2015.zarr/secdf/2.29.11,19972.14,4248
synth,/gpfs/scratch/bsc32/bsc096444/ai4land-tfm/tmp/synth_vs_real/synth/f787443,16476.12,8472
synth,/gpfs/scratch/bsc32/bsc096444/ai4land-tfm/tmp/synth_vs_real/synth/f355784,21641.65,108472
real,/gpfs/scratch/ehpc736/data/AI4LAND_NON_preprocessed-data-2000-2015.zarr/kg_class/15.31.41,13621.58,8112
synth,/gpfs/scratch/bsc32/bsc096444/ai4land-tfm/tmp/synth_vs_real/synth/f683823,1044.93,4248
real,/gpfs/scratch/ehpc736/data/AI4LAND_NON_preprocessed-data-2000-2015.zarr/secdf/5.18.68,22488.29,4248
synth,/gpfs/scratch/bsc32/bsc096444/ai4land-tfm/tmp/synth_vs_real/synth/f665095,29660.32,747988
real,/gpfs/scratch/ehpc736/data/AI4LAND_NON_preprocessed-data-2000-2015.zarr/c4per/13.28.52,13188.76,4248
synth,/gpfs/scratch/bsc32/bsc096444/ai4land-tfm/tmp/synth_vs_real/synth/f82627,19002.79,158830
synth,/gpfs/scratch/bsc32/bsc096444/ai4land-tfm/tmp/synth_vs_real/synth/f840346,3471.26,5825
synth,/gpfs/scratch/bsc32/bsc096444/ai4land-tfm/tmp/synth_vs_real/synth/f772246,23296.47,4248
real,/gpfs/scratch/ehpc736/data/AI4LAND_NON_preprocessed-data-2000-2015.zarr/urban/13.26.3,20735.68,4248
real,/gpfs/scratch/ehpc736/data/AI4LAND_NON_preprocessed-data-2000-2015.zarr/secdf/12.35.9,22984.46,4248
real,/gpfs/scratch/ehpc736/data/AI4LAND_NON_preprocessed-data-2000-2015.zarr/range/9.27.0,19526.24,4248
real,/gpfs/scratch/ehpc736/data/AI4LAND_NON_preprocessed-data-2000-2015.zarr/secdn/15.24.23,34257.94,722422
real,/gpfs/scratch/ehpc736/data/AI4LAND_NON_preprocessed-data-2000-2015.zarr/urban/10.24.20,21341.52,59601
synth,/gpfs/scratch/bsc32/bsc096444/ai4land-tfm/tmp/synth_vs_real/synth/f980110,5771.15,590101
real,/gpfs/scratch/ehpc736/data/AI4LAND_NON_preprocessed-data-2000-2015.zarr/urban/7.35.43,17493.39,4248
synth,/gpfs/scratch/bsc32/bsc096444/ai4land-tfm/tmp/synth_vs_real/synth/f325498,25166.53,1637199
synth,/gpfs/scratch/bsc32/bsc096444/ai4land-tfm/tmp/synth_vs_real/synth/f665822,16223.29,4248
synth,/gpfs/scratch/bsc32/bsc096444/ai4land-tfm/tmp/synth_vs_real/synth/f847272,2487.68,129912
synth,/gpfs/scratch/bsc32/bsc096444/ai4land-tfm/tmp/synth_vs_real/synth/f580097,19674.35,4248
real,/gpfs/scratch/ehpc736/data/AI4LAND_NON_preprocessed-data-2000-2015.zarr/number_of_people/10.23.12,15827.21,4248
synth,/gpfs/scratch/bsc32/bsc096444/ai4land-tfm/tmp/synth_vs_real/synth/f649468,5732.36,199318
synth,/gpfs/scratch/bsc32/bsc096444/ai4land-tfm/tmp/synth_vs_real/synth/f184430,13275.05,4248
real,/gpfs/scratch/ehpc736/data/AI4LAND_NON_preprocessed-data-2000-2015.zarr/primf/1.5.16,18150.12,113302
real,/gpfs/scratch/ehpc736/data/AI4LAND_NON_preprocessed-data-2000-2015.zarr/c4ann/11.7.5,19728.48,4248
real,/gpfs/scratch/ehpc736/data/AI4LAND_NON_preprocessed-data-2000-2015.zarr/primn/10.25.54,17176.98,4248
synth,/gpfs/scratch/bsc32/bsc096444/ai4land-tfm/tmp/synth_vs_real/synth/f665046,21040.10,151759
real,/gpfs/scratch/ehpc736/data/AI4LAND_NON_preprocessed-data-2000-2015.zarr/number_of_people/2.8.68,22620.33,4248
synth,/gpfs/scratch/bsc32/bsc096444/ai4land-tfm/tmp/synth_vs_real/synth/f903342,3878.63,605474
real,/gpfs/scratch/ehpc736/data/AI4LAND_NON_preprocessed-data-2000-2015.zarr/pastr/6.4.3,29670.65,5766
synth,/gpfs/scratch/bsc32/bsc096444/ai4land-tfm/tmp/synth_vs_real/synth/f28941,19732.15,4248
real,/gpfs/scratch/ehpc736/data/AI4LAND_NON_preprocessed-data-2000-2015.zarr/kg_class/0.35.57,21450.83,4258
synth,/gpfs/scratch/bsc32/bsc096444/ai4land-tfm/tmp/synth_vs_real/synth/f292004,39366.72,4248
real,/gpfs/scratch/ehpc736/data/AI4LAND_NON_preprocessed-data-2000-2015.zarr/c3ann/12.3.18,17704.86,10608
real,/gpfs/scratch/ehpc736/data/AI4LAND_NON_preprocessed-data-2000-2015.zarr/secdf/5.13.61,15448.21,4248
real,/gpfs/scratch/ehpc736/data/AI4LAND_NON_preprocessed-data-2000-2015.zarr/secdn/6.26.21,31447.36,614539
real,/gpfs/scratch/ehpc736/data/AI4LAND_NON_preprocessed-data-2000-2015.zarr/c3per/8.35.17,24224.43,4248
synth,/gpfs/scratch/bsc32/bsc096444/ai4land-tfm/tmp/synth_vs_real/synth/f366643,23369.40,198430
real,/gpfs/scratch/ehpc736/data/AI4LAND_NON_preprocessed-data-2000-2015.zarr/pastr/13.33.5,20844.21,4248
synth,/gpfs/scratch/bsc32/bsc096444/ai4land-tfm/tmp/synth_vs_real/synth/f256702,26347.20,299073
real,/gpfs/scratch/ehpc736/data/AI4LAND_NON_preprocessed-data-2000-2015.zarr/secdf/1.12.68,13872.38,4248
synth,/gpfs/scratch/bsc32/bsc096444/ai4land-tfm/tmp/synth_vs_real/synth/f732052,18826.30,4248
synth,/gpfs/scratch/bsc32/bsc096444/ai4land-tfm/tmp/synth_vs_real/synth/f943313,13799.99,882135
synth,/gpfs/scratch/bsc32/bsc096444/ai4land-tfm/tmp/synth_vs_real/synth/f459381,5258.39,682425
real,/gpfs/scratch/ehpc736/data/AI4LAND_NON_preprocessed-data-2000-2015.zarr/c4per/4.35.43,16007.04,4248
real,/gpfs/scratch/ehpc736/data/AI4LAND_NON_preprocessed-data-2000-2015.zarr/number_of_people/11.14.65,18465.38,4248
synth,/gpfs/scratch/bsc32/bsc096444/ai4land-tfm/tmp/synth_vs_real/synth/f944956,5240.14,180190
synth,/gpfs/scratch/bsc32/bsc096444/ai4land-tfm/tmp/synth_vs_real/synth/f287936,20157.19,4248
real,/gpfs/scratch/ehpc736/data/AI4LAND_NON_preprocessed-data-2000-2015.zarr/c3per/13.4.37,23787.69,215605
real,/gpfs/scratch/ehpc736/data/AI4LAND_NON_preprocessed-data-2000-2015.zarr/secma/6.32.55,22709.83,4248
synth,/gpfs/scratch/bsc32/bsc096444/ai4land-tfm/tmp/synth_vs_real/synth/f699287,15275.14,396068
real,/gpfs/scratch/ehpc736/data/AI4LAND_NON_preprocessed-data-2000-2015.zarr/secmb/3.28.59,17250.60,4248
synth,/gpfs/scratch/bsc32/bsc096444/ai4land-tfm/tmp/synth_vs_real/synth/f581343,12973.32,4248
synth,/gpfs/scratch/bsc32/bsc096444/ai4land-tfm/tmp/synth_vs_real/synth/f428231,1648.74,4248
synth,/gpfs/scratch/bsc32/bsc096444/ai4land-tfm/tmp/synth_vs_real/synth/f288389,14439.20,4248
real,/gpfs/scratch/ehpc736/data/AI4LAND_NON_preprocessed-data-2000-2015.zarr/c3per/4.16.7,21983.05,4248
synth,/gpfs/scratch/bsc32/bsc096444/ai4land-tfm/tmp/synth_vs_real/synth/f750800,28229.18,4248
real,/gpfs/scratch/ehpc736/data/AI4LAND_NON_preprocessed-data-2000-2015.zarr/pastr/9.11.53,25971.80,589504
real,/gpfs/scratch/ehpc736/data/AI4LAND_NON_preprocessed-data-2000-2015.zarr/c3per/3.21.49,15205.59,4248
real,/gpfs/scratch/ehpc736/data/AI4LAND_NON_preprocessed-data-2000-2015.zarr/LULC_states/12.16.41,21236.12,106431
synth,/gpfs/scratch/bsc32/bsc096444/ai4land-tfm/tmp/synth_vs_real/synth/f981188,231.71,4248
synth,/gpfs/scratch/bsc32/bsc096444/ai4land-tfm/tmp/synth_vs_real/synth/f856253,229.66,4248
synth,/gpfs/scratch/bsc32/bsc096444/ai4land-tfm/tmp/synth_vs_real/synth/f903189,81.08,4248
synth,/gpfs/scratch/bsc32/bsc096444/ai4land-tfm/tmp/synth_vs_real/synth/f71262,29354.85,464988
real,/gpfs/scratch/ehpc736/data/AI4LAND_NON_preprocessed-data-2000-2015.zarr/number_of_people/2.35.13,16163.88,4258
real,/gpfs/scratch/ehpc736/data/AI4LAND_NON_preprocessed-data-2000-2015.zarr/pastr/13.18.39,32896.88,729998
real,/gpfs/scratch/ehpc736/data/AI4LAND_NON_preprocessed-data-2000-2015.zarr/primn/15.12.0,23674.60,4248
real,/gpfs/scratch/ehpc736/data/AI4LAND_NON_preprocessed-data-2000-2015.zarr/number_of_people/9.6.26,18781.74,4248
synth,/gpfs/scratch/bsc32/bsc096444/ai4land-tfm/tmp/synth_vs_real/synth/f574485,18878.66,188112
synth,/gpfs/scratch/bsc32/bsc096444/ai4land-tfm/tmp/synth_vs_real/synth/f137235,19350.37,4248
synth,/gpfs/scratch/bsc32/bsc096444/ai4land-tfm/tmp/synth_vs_real/synth/f743215,9167.70,1352654
real,/gpfs/scratch/ehpc736/data/AI4LAND_NON_preprocessed-data-2000-2015.zarr/pastr/2.23.6,17980.05,4248
synth,/gpfs/scratch/bsc32/bsc096444/ai4land-tfm/tmp/synth_vs_real/synth/f869693,1007.10,4248
real,/gpfs/scratch/ehpc736/data/AI4LAND_NON_preprocessed-data-2000-2015.zarr/secdn/14.6.30,12541.60,4248
synth,/gpfs/scratch/bsc32/bsc096444/ai4land-tfm/tmp/synth_vs_real/synth/f597347,17207.39,4248
synth,/gpfs/scratch/bsc32/bsc096444/ai4land-tfm/tmp/synth_vs_real/synth/f530458,14372.67,4248
synth,/gpfs/scratch/bsc32/bsc096444/ai4land-tfm/tmp/synth_vs_real/synth/f699330,30044.33,5161
synth,/gpfs/scratch/bsc32/bsc096444/ai4land-tfm/tmp/synth_vs_real/synth/f162316,15148.67,107148
synth,/gpfs/scratch/bsc32/bsc096444/ai4land-tfm/tmp/synth_vs_real/synth/f649342,10198.44,4248
synth,/gpfs/scratch/bsc32/bsc096444/ai4land-tfm/tmp/synth_vs_real/synth/f2260,20551.71,4248
synth,/gpfs/scratch/bsc32/bsc096444/ai4land-tfm/tmp/synth_vs_real/synth/f297571,18800.88,8472
real,/gpfs/scratch/ehpc736/data/AI4LAND_NON_preprocessed-data-2000-2015.zarr/c4ann/6.5.2,10738.63,4712
real,/gpfs/scratch/ehpc736/data/AI4LAND_NON_preprocessed-data-2000-2015.zarr/c3per/6.25.66,23388.14,4248
real,/gpfs/scratch/ehpc736/data/AI4LAND_NON_preprocessed-data-2000-2015.zarr/secma/9.22.35,19995.26,4248
synth,/gpfs/scratch/bsc32/bsc096444/ai4land-tfm/tmp/synth_vs_real/synth/f423956,16087.97,152046
synth,/gpfs/scratch/bsc32/bsc096444/ai4land-tfm/tmp/synth_vs_real/synth/f409386,22659.76,4248
real,/gpfs/scratch/ehpc736/data/AI4LAND_NON_preprocessed-data-2000-2015.zarr/range/14.20.56,18857.80,4248
real,/gpfs/scratch/ehpc736/data/AI4LAND_NON_preprocessed-data-2000-2015.zarr/pastr/2.14.46,18614.42,4332
synth,/gpfs/scratch/bsc32/bsc096444/ai4land-tfm/tmp/synth_vs_real/synth/f1773,24946.80,834037
synth,/gpfs/scratch/bsc32/bsc096444/ai4land-tfm/tmp/synth_vs_real/synth/f908573,1024.90,4248
synth,/gpfs/scratch/bsc32/bsc096444/ai4land-tfm/tmp/synth_vs_real/synth/f74299,19345.55,8682
real,/gpfs/scratch/ehpc736/data/AI4LAND_NON_preprocessed-data-2000-2015.zarr/number_of_people/11.13.18,19549.68,112783
synth,/gpfs/scratch/bsc32/bsc096444/ai4land-tfm/tmp/synth_vs_real/synth/f442666,34546.52,487514
synth,/gpfs/scratch/bsc32/bsc096444/ai4land-tfm/tmp/synth_vs_real/synth/f158157,17093.98,4248
real,/gpfs/scratch/ehpc736/data/AI4LAND_NON_preprocessed-data-2000-2015.zarr/c3ann/11.16.59,30016.70,191965
synth,/gpfs/scratch/bsc32/bsc096444/ai4land-tfm/tmp/synth_vs_real/synth/f616886,25045.39,126303
real,/gpfs/scratch/ehpc736/data/AI4LAND_NON_preprocessed-data-2000-2015.zarr/LULC_states/0.8.8,18509.65,4248
synth,/gpfs/scratch/bsc32/bsc096444/ai4land-tfm/tmp/synth_vs_real/synth/f949401,211.57,18004
real,/gpfs/scratch/ehpc736/data/AI4LAND_NON_preprocessed-data-2000-2015.zarr/primn/12.28.56,23153.70,4248
real,/gpfs/scratch/ehpc736/data/AI4LAND_NON_preprocessed-data-2000-2015.zarr/range/5.14.0,16289.45,4248
synth,/gpfs/scratch/bsc32/bsc096444/ai4land-tfm/tmp/synth_vs_real/synth/f612982,5329.21,190354
synth,/gpfs/scratch/bsc32/bsc096444/ai4land-tfm/tmp/synth_vs_real/synth/f903529,6754.43,513849
real,/gpfs/scratch/ehpc736/data/AI4LAND_NON_preprocessed-data-2000-2015.zarr/secdn/1.18.60,17075.41,42036
synth,/gpfs/scratch/bsc32/bsc096444/ai4land-tfm/tmp/synth_vs_real/synth/f230080,13746.27,4248
real,/gpfs/scratch/ehpc736/data/AI4LAND_NON_preprocessed-data-2000-2015.zarr/range/3.11.56,27519.58,727148
real,/gpfs/scratch/ehpc736/data/AI4LAND_NON_preprocessed-data-2000-2015.zarr/secma/2.5.55,24931.34,598874
synth,/gpfs/scratch/bsc32/bsc096444/ai4land-tfm/tmp/synth_vs_real/synth/f816449,3070.37,4248
real,/gpfs/scratch/ehpc736/data/AI4LAND_NON_preprocessed-data-2000-2015.zarr/c3per/1.17.3,16980.44,4248
real,/gpfs/scratch/ehpc736/data/AI4LAND_NON_preprocessed-data-2000-2015.zarr/urban/13.11.37,18636.29,170656
real,/gpfs/scratch/ehpc736/data/AI4LAND_NON_preprocessed-data-2000-2015.zarr/c4ann/15.0.59,35304.47,4248
real,/gpfs/scratch/ehpc736/data/AI4LAND_NON_preprocessed-data-2000-2015.zarr/secmb/2.28.41,13813.96,4248
synth,/gpfs/scratch/bsc32/bsc096444/ai4land-tfm/tmp/synth_vs_real/synth/f607040,16263.59,4248
synth,/gpfs/scratch/bsc32/bsc096444/ai4land-tfm/tmp/synth_vs_real/synth/f934727,312.04,8567
real,/gpfs/scratch/ehpc736/data/AI4LAND_NON_preprocessed-data-2000-2015.zarr/LULC_states/15.27.58,19450.25,4248
real,/gpfs/scratch/ehpc736/data/AI4LAND_NON_preprocessed-data-2000-2015.zarr/secdn/15.2.12,25819.26,10948
real,/gpfs/scratch/ehpc736/data/AI4LAND_NON_preprocessed-data-2000-2015.zarr/primn/2.28.27,21307.31,4286
real,/gpfs/scratch/ehpc736/data/AI4LAND_NON_preprocessed-data-2000-2015.zarr/range/10.7.2,18728.12,4390
real,/gpfs/scratch/ehpc736/data/AI4LAND_NON_preprocessed-data-2000-2015.zarr/c3per/6.34.65,20960.34,4248
synth,/gpfs/scratch/bsc32/bsc096444/ai4land-tfm/tmp/synth_vs_real/synth/f26225,16955.68,4248
synth,/gpfs/scratch/bsc32/bsc096444/ai4land-tfm/tmp/synth_vs_real/synth/f787352,992.85,4248
real,/gpfs/scratch/ehpc736/data/AI4LAND_NON_preprocessed-data-2000-2015.zarr/c4per/15.21.18,14511.26,4248
real,/gpfs/scratch/ehpc736/data/AI4LAND_NON_preprocessed-data-2000-2015.zarr/c3ann/13.33.12,23242.84,4248
real,/gpfs/scratch/ehpc736/data/AI4LAND_NON_preprocessed-data-2000-2015.zarr/range/13.7.24,20302.69,225762
synth,/gpfs/scratch/bsc32/bsc096444/ai4land-tfm/tmp/synth_vs_real/synth/f279946,14322.61,13368
real,/gpfs/scratch/ehpc736/data/AI4LAND_NON_preprocessed-data-2000-2015.zarr/c4per/8.33.68,16842.59,4248
synth,/gpfs/scratch/bsc32/bsc096444/ai4land-tfm/tmp/synth_vs_real/synth/f91161,19449.17,4248
real,/gpfs/scratch/ehpc736/data/AI4LAND_NON_preprocessed-data-2000-2015.zarr/pastr/15.20.58,18246.84,4248
synth,/gpfs/scratch/bsc32/bsc096444/ai4land-tfm/tmp/synth_vs_real/synth/f655674,18533.89,4248
real,/gpfs/scratch/ehpc736/data/AI4LAND_NON_preprocessed-data-2000-2015.zarr/secmb/8.5.54,38684.07,643184
real,/gpfs/scratch/ehpc736/data/AI4LAND_NON_preprocessed-data-2000-2015.zarr/secmb/1.9.57,27714.38,229449
synth,/gpfs/scratch/bsc32/bsc096444/ai4land-tfm/tmp/synth_vs_real/synth/f962037,319.22,8472
real,/gpfs/scratch/ehpc736/data/AI4LAND_NON_preprocessed-data-2000-2015.zarr/secdf/8.9.21,16380.44,146489
synth,/gpfs/scratch/bsc32/bsc096444/ai4land-tfm/tmp/synth_vs_real/synth/f320015,24327.90,4248
real,/gpfs/scratch/ehpc736/data/AI4LAND_NON_preprocessed-data-2000-2015.zarr/primn/8.24.61,24279.05,119309
real,/gpfs/scratch/ehpc736/data/AI4LAND_NON_preprocessed-data-2000-2015.zarr/kg_class/8.30.65,14259.32,5260
synth,/gpfs/scratch/bsc32/bsc096444/ai4land-tfm/tmp/synth_vs_real/synth/f921981,312.00,4248
synth,/gpfs/scratch/bsc32/bsc096444/ai4land-tfm/tmp/synth_vs_real/synth/f956959,110.41,4248
real,/gpfs/scratch/ehpc736/data/AI4LAND_NON_preprocessed-data-2000-2015.zarr/urban/2.12.42,10632.39,45369
synth,/gpfs/scratch/bsc32/bsc096444/ai4land-tfm/tmp/synth_vs_real/synth/f894141,210.63,4248
synth,/gpfs/scratch/bsc32/bsc096444/ai4land-tfm/tmp/synth_vs_real/synth/f693384,23125.91,4248
real,/gpfs/scratch/ehpc736/data/AI4LAND_NON_preprocessed-data-2000-2015.zarr/number_of_people/0.20.33,24067.36,4248
real,/gpfs/scratch/ehpc736/data/AI4LAND_NON_preprocessed-data-2000-2015.zarr/number_of_people/13.35.9,16301.08,4258
real,/gpfs/scratch/ehpc736/data/AI4LAND_NON_preprocessed-data-2000-2015.zarr/secdf/10.6.10,31873.87,689894
synth,/gpfs/scratch/bsc32/bsc096444/ai4land-tfm/tmp/synth_vs_real/synth/f883794,4087.51,94393
synth,/gpfs/scratch/bsc32/bsc096444/ai4land-tfm/tmp/synth_vs_real/synth/f927082,92.79,4248
synth,/gpfs/scratch/bsc32/bsc096444/ai4land-tfm/tmp/synth_vs_real/synth/f67348,21230.91,128644
synth,/gpfs/scratch/bsc32/bsc096444/ai4land-tfm/tmp/synth_vs_real/synth/f632556,20135.00,4248
synth,/gpfs/scratch/bsc32/bsc096444/ai4land-tfm/tmp/synth_vs_real/synth/f59642,19278.94,235593
real,/gpfs/scratch/ehpc736/data/AI4LAND_NON_preprocessed-data-2000-2015.zarr/c4ann/9.3.31,18136.10,4454
synth,/gpfs/scratch/bsc32/bsc096444/ai4land-tfm/tmp/synth_vs_real/synth/f776646,33368.82,4248
real,/gpfs/scratch/ehpc736/data/AI4LAND_NON_preprocessed-data-2000-2015.zarr/c3per/15.11.51,20854.67,150752
synth,/gpfs/scratch/bsc32/bsc096444/ai4land-tfm/tmp/synth_vs_real/synth/f470405,11391.89,4248
synth,/gpfs/scratch/bsc32/bsc096444/ai4land-tfm/tmp/synth_vs_real/synth/f162998,17261.38,4248
real,/gpfs/scratch/ehpc736/data/AI4LAND_NON_preprocessed-data-2000-2015.zarr/c3per/9.22.45,14734.61,4248
real,/gpfs/scratch/ehpc736/data/AI4LAND_NON_preprocessed-data-2000-2015.zarr/secmb/4.10.19,34675.36,612469
real,/gpfs/scratch/ehpc736/data/AI4LAND_NON_preprocessed-data-2000-2015.zarr/secdn/1.1.29,9546.82,4284
real,/gpfs/scratch/ehpc736/data/AI4LAND_NON_preprocessed-data-2000-2015.zarr/primf/6.5.22,25312.13,98801
synth,/gpfs/scratch/bsc32/bsc096444/ai4land-tfm/tmp/synth_vs_real/synth/f565621,15592.20,4248
synth,/gpfs/scratch/bsc32/bsc096444/ai4land-tfm/tmp/synth_vs_real/synth/f952273,117.21,4248
real,/gpfs/scratch/ehpc736/data/AI4LAND_NON_preprocessed-data-2000-2015.zarr/c4ann/10.3.30,23355.31,12182
synth,/gpfs/scratch/bsc32/bsc096444/ai4land-tfm/tmp/synth_vs_real/synth/f127253,16021.38,39502
real,/gpfs/scratch/ehpc736/data/AI4LAND_NON_preprocessed-data-2000-2015.zarr/c3ann/3.25.25,21634.43,4248
real,/gpfs/scratch/ehpc736/data/AI4LAND_NON_preprocessed-data-2000-2015.zarr/kg_class/8.21.2,16370.52,4248
real,/gpfs/scratch/ehpc736/data/AI4LAND_NON_preprocessed-data-2000-2015.zarr/kg_class/6.20.20,22770.79,47149
synth,/gpfs/scratch/bsc32/bsc096444/ai4land-tfm/tmp/synth_vs_real/synth/f134628,11974.93,4248
synth,/gpfs/scratch/bsc32/bsc096444/ai4land-tfm/tmp/synth_vs_real/synth/f40605,10386.05,4248
real,/gpfs/scratch/ehpc736/data/AI4LAND_NON_preprocessed-data-2000-2015.zarr/secma/12.11.54,31199.85,654193
real,/gpfs/scratch/ehpc736/data/AI4LAND_NON_preprocessed-data-2000-2015.zarr/primn/14.34.20,21000.61,4248
real,/gpfs/scratch/ehpc736/data/AI4LAND_NON_preprocessed-data-2000-2015.zarr/c4ann/1.10.67,19394.73,4248
synth,/gpfs/scratch/bsc32/bsc096444/ai4land-tfm/tmp/synth_vs_real/synth/f830555,5179.52,551012
synth,/gpfs/scratch/bsc32/bsc096444/ai4land-tfm/tmp/synth_vs_real/synth/f648564,18235.64,4248
real,/gpfs/scratch/ehpc736/data/AI4LAND_NON_preprocessed-data-2000-2015.zarr/primn/8.13.67,11631.98,4248
synth,/gpfs/scratch/bsc32/bsc096444/ai4land-tfm/tmp/synth_vs_real/synth/f657193,13641.50,4248
synth,/gpfs/scratch/bsc32/bsc096444/ai4land-tfm/tmp/synth_vs_real/synth/f295442,7884.97,760534
real,/gpfs/scratch/ehpc736/data/AI4LAND_NON_preprocessed-data-2000-2015.zarr/c4per/15.26.44,23640.94,4248
real,/gpfs/scratch/ehpc736/data/AI4LAND_NON_preprocessed-data-2000-2015.zarr/LULC_states/14.23.6,20105.01,4248
real,/gpfs/scratch/ehpc736/data/AI4LAND_NON_preprocessed-data-2000-2015.zarr/primn/6.29.49,17623.63,4248
synth,/gpfs/scratch/bsc32/bsc096444/ai4land-tfm/tmp/synth_vs_real/synth/f872064,668.80,5194
real,/gpfs/scratch/ehpc736/data/AI4LAND_NON_preprocessed-data-2000-2015.zarr/secdn/1.28.47,31226.05,4248
real,/gpfs/scratch/ehpc736/data/AI4LAND_NON_preprocessed-data-2000-2015.zarr/primn/1.15.26,11009.80,4248
synth,/gpfs/scratch/bsc32/bsc096444/ai4land-tfm/tmp/synth_vs_real/synth/f976031,216.50,4248
real,/gpfs/scratch/ehpc736/data/AI4LAND_NON_preprocessed-data-2000-2015.zarr/number_of_people/15.8.28,13081.06,4248
real,/gpfs/scratch/ehpc736/data/AI4LAND_NON_preprocessed-data-2000-2015.zarr/c4per/9.13.31,18428.37,4534
real,/gpfs/scratch/ehpc736/data/AI4LAND_NON_preprocessed-data-2000-2015.zarr/pastr/13.5.63,14301.02,4594
synth,/gpfs/scratch/bsc32/bsc096444/ai4land-tfm/tmp/synth_vs_real/synth/f56802,16706.90,138156
real,/gpfs/scratch/ehpc736/data/AI4LAND_NON_preprocessed-data-2000-2015.zarr/c3nfx/13.21.32,22833.67,4248
synth,/gpfs/scratch/bsc32/bsc096444/ai4land-tfm/tmp/synth_vs_real/synth/f431712,11378.01,8472
synth,/gpfs/scratch/bsc32/bsc096444/ai4land-tfm/tmp/synth_vs_real/synth/f875467,17052.20,4248
real,/gpfs/scratch/ehpc736/data/AI4LAND_NON_preprocessed-data-2000-2015.zarr/range/13.7.68,16057.84,4248
real,/gpfs/scratch/ehpc736/data/AI4LAND_NON_preprocessed-data-2000-2015.zarr/c3ann/2.23.68,12836.45,4248
real,/gpfs/scratch/ehpc736/data/AI4LAND_NON_preprocessed-data-2000-2015.zarr/c3nfx/7.3.48,18256.69,7718
real,/gpfs/scratch/ehpc736/data/AI4LAND_NON_preprocessed-data-2000-2015.zarr/secma/5.18.28,19118.84,91658
real,/gpfs/scratch/ehpc736/data/AI4LAND_NON_preprocessed-data-2000-2015.zarr/primn/5.20.9,18093.14,4248
synth,/gpfs/scratch/bsc32/bsc096444/ai4land-tfm/tmp/synth_vs_real/synth/f67136,8871.46,4248
synth,/gpfs/scratch/bsc32/bsc096444/ai4land-tfm/tmp/synth_vs_real/synth/f326858,19883.18,4248
real,/gpfs/scratch/ehpc736/data/AI4LAND_NON_preprocessed-data-2000-2015.zarr/c4ann/0.21.45,13773.39,6842
real,/gpfs/scratch/ehpc736/data/AI4LAND_NON_preprocessed-data-2000-2015.zarr/c3per/13.9.55,23438.63,181070
synth,/gpfs/scratch/bsc32/bsc096444/ai4land-tfm/tmp/synth_vs_real/synth/f940790,125.64,16172
real,/gpfs/scratch/ehpc736/data/AI4LAND_NON_preprocessed-data-2000-2015.zarr/urban/10.20.32,25570.83,4248
real,/gpfs/scratch/ehpc736/data/AI4LAND_NON_preprocessed-data-2000-2015.zarr/LULC_states/7.16.30,19464.15,4248
synth,/gpfs/scratch/bsc32/bsc096444/ai4land-tfm/tmp/synth_vs_real/synth/f107175,32245.77,8472
real,/gpfs/scratch/ehpc736/data/AI4LAND_NON_preprocessed-data-2000-2015.zarr/c4ann/1.22.28,34320.59,4248
real,/gpfs/scratch/ehpc736/data/AI4LAND_NON_preprocessed-data-2000-2015.zarr/pastr/10.1.65,19896.86,4248
real,/gpfs/scratch/ehpc736/data/AI4LAND_NON_preprocessed-data-2000-2015.zarr/c3nfx/15.9.8,22658.15,4248
synth,/gpfs/scratch/bsc32/bsc096444/ai4land-tfm/tmp/synth_vs_real/synth/f651332,29486.42,543925
real,/gpfs/scratch/ehpc736/data/AI4LAND_NON_preprocessed-data-2000-2015.zarr/LULC_states/12.2.6,17150.03,4248
synth,/gpfs/scratch/bsc32/bsc096444/ai4land-tfm/tmp/synth_vs_real/synth/f934953,9823.04,800586
synth,/gpfs/scratch/bsc32/bsc096444/ai4land-tfm/tmp/synth_vs_real/synth/f116970,18646.67,4248
synth,/gpfs/scratch/bsc32/bsc096444/ai4land-tfm/tmp/synth_vs_real/synth/f248237,936.63,4248
synth,/gpfs/scratch/bsc32/bsc096444/ai4land-tfm/tmp/synth_vs_real/synth/f764491,8050.23,1534175
synth,/gpfs/scratch/bsc32/bsc096444/ai4land-tfm/tmp/synth_vs_real/synth/f495631,17464.38,4248
synth,/gpfs/scratch/bsc32/bsc096444/ai4land-tfm/tmp/synth_vs_real/synth/f76365,17628.47,4248
synth,/gpfs/scratch/bsc32/bsc096444/ai4land-tfm/tmp/synth_vs_real/synth/f529903,35792.66,288106
real,/gpfs/scratch/ehpc736/data/AI4LAND_NON_preprocessed-data-2000-2015.zarr/kg_class/8.20.16,23617.50,4248
real,/gpfs/scratch/ehpc736/data/AI4LAND_NON_preprocessed-data-2000-2015.zarr/secma/12.28.51,20244.99,4248
real,/gpfs/scratch/ehpc736/data/AI4LAND_NON_preprocessed-data-2000-2015.zarr/pastr/5.20.48,22542.78,4248
synth,/gpfs/scratch/bsc32/bsc096444/ai4land-tfm/tmp/synth_vs_real/synth/f140814,19348.07,4248
real,/gpfs/scratch/ehpc736/data/AI4LAND_NON_preprocessed-data-2000-2015.zarr/c3per/15.10.45,25280.34,546178
real,/gpfs/scratch/ehpc736/data/AI4LAND_NON_preprocessed-data-2000-2015.zarr/c3nfx/14.34.34,16663.40,4248
real,/gpfs/scratch/ehpc736/data/AI4LAND_NON_preprocessed-data-2000-2015.zarr/pastr/7.0.60,21777.08,4248
synth,/gpfs/scratch/bsc32/bsc096444/ai4land-tfm/tmp/synth_vs_real/synth/f459469,22296.51,483648
synth,/gpfs/scratch/bsc32/bsc096444/ai4land-tfm/tmp/synth_vs_real/synth/f888662,115.19,6248
real,/gpfs/scratch/ehpc736/data/AI4LAND_NON_preprocessed-data-2000-2015.zarr/c3nfx/4.7.57,32071.27,652051
synth,/gpfs/scratch/bsc32/bsc096444/ai4land-tfm/tmp/synth_vs_real/synth/f984539,366.69,4248
synth,/gpfs/scratch/bsc32/bsc096444/ai4land-tfm/tmp/synth_vs_real/synth/f230914,14258.50,4248
real,/gpfs/scratch/ehpc736/data/AI4LAND_NON_preprocessed-data-2000-2015.zarr/pastr/1.26.16,21008.23,4248
real,/gpfs/scratch/ehpc736/data/AI4LAND_NON_preprocessed-data-2000-2015.zarr/number_of_people/3.16.30,21728.52,4248
real,/gpfs/scratch/ehpc736/data/AI4LAND_NON_preprocessed-data-2000-2015.zarr/c3nfx/3.32.3,5331.68,4248
real,/gpfs/scratch/ehpc736/data/AI4LAND_NON_preprocessed-data-2000-2015.zarr/c3nfx/0.26.25,19385.53,4248
synth,/gpfs/scratch/bsc32/bsc096444/ai4land-tfm/tmp/synth_vs_real/synth/f415011,15642.13,31467
real,/gpfs/scratch/ehpc736/data/AI4LAND_NON_preprocessed-data-2000-2015.zarr/c3per/1.34.46,15610.80,4248
synth,/gpfs/scratch/bsc32/bsc096444/ai4land-tfm/tmp/synth_vs_real/synth/f974036,320.88,41062
synth,/gpfs/scratch/bsc32/bsc096444/ai4land-tfm/tmp/synth_vs_real/synth/f524902,19714.63,4344
real,/gpfs/scratch/ehpc736/data/AI4LAND_NON_preprocessed-data-2000-2015.zarr/secma/8.8.64,17631.64,14695
synth,/gpfs/scratch/bsc32/bsc096444/ai4land-tfm/tmp/synth_vs_real/synth/f869634,245.69,4248
synth,/gpfs/scratch/bsc32/bsc096444/ai4land-tfm/tmp/synth_vs_real/synth/f509597,11015.40,20225
real,/gpfs/scratch/ehpc736/data/AI4LAND_NON_preprocessed-data-2000-2015.zarr/c4ann/4.16.53,24328.01,56365
synth,/gpfs/scratch/bsc32/bsc096444/ai4land-tfm/tmp/synth_vs_real/synth/f477538,33278.15,4248
real,/gpfs/scratch/ehpc736/data/AI4LAND_NON_preprocessed-data-2000-2015.zarr/number_of_people/7.19.54,16679.01,6910
synth,/gpfs/scratch/bsc32/bsc096444/ai4land-tfm/tmp/synth_vs_real/synth/f687926,5643.47,625840
synth,/gpfs/scratch/bsc32/bsc096444/ai4land-tfm/tmp/synth_vs_real/synth/f703204,4819.99,168856
real,/gpfs/scratch/ehpc736/data/AI4LAND_NON_preprocessed-data-2000-2015.zarr/number_of_people/1.32.15,22940.73,4248
real,/gpfs/scratch/ehpc736/data/AI4LAND_NON_preprocessed-data-2000-2015.zarr/primn/2.30.24,20908.92,4248
real,/gpfs/scratch/ehpc736/data/AI4LAND_NON_preprocessed-data-2000-2015.zarr/c3per/11.4.18,18220.40,16446
synth,/gpfs/scratch/bsc32/bsc096444/ai4land-tfm/tmp/synth_vs_real/synth/f822157,22220.48,4248
synth,/gpfs/scratch/bsc32/bsc096444/ai4land-tfm/tmp/synth_vs_real/synth/f292136,17225.55,4248
synth,/gpfs/scratch/bsc32/bsc096444/ai4land-tfm/tmp/synth_vs_real/synth/f192401,16754.18,8472
synth,/gpfs/scratch/bsc32/bsc096444/ai4land-tfm/tmp/synth_vs_real/synth/f753240,21692.43,885604
synth,/gpfs/scratch/bsc32/bsc096444/ai4land-tfm/tmp/synth_vs_real/synth/f634210,25078.42,8472
real,/gpfs/scratch/ehpc736/data/AI4LAND_NON_preprocessed-data-2000-2015.zarr/LULC_states/14.31.5,25612.38,4248
real,/gpfs/scratch/ehpc736/data/AI4LAND_NON_preprocessed-data-2000-2015.zarr/number_of_people/15.0.24,15891.63,4248
synth,/gpfs/scratch/bsc32/bsc096444/ai4land-tfm/tmp/synth_vs_real/synth/f781177,16528.42,10114
real,/gpfs/scratch/ehpc736/data/AI4LAND_NON_preprocessed-data-2000-2015.zarr/range/15.20.16,13970.29,4248
real,/gpfs/scratch/ehpc736/data/AI4LAND_NON_preprocessed-data-2000-2015.zarr/range/5.33.50,22123.55,4248
real,/gpfs/scratch/ehpc736/data/AI4LAND_NON_preprocessed-data-2000-2015.zarr/c3ann/0.35.55,15129.23,4248
synth,/gpfs/scratch/bsc32/bsc096444/ai4land-tfm/tmp/synth_vs_real/synth/f489710,18400.90,86012
real,/gpfs/scratch/ehpc736/data/AI4LAND_NON_preprocessed-data-2000-2015.zarr/urban/7.25.4,22067.82,4248
synth,/gpfs/scratch/bsc32/bsc096444/ai4land-tfm/tmp/synth_vs_real/synth/f596750,14414.13,117056
real,/gpfs/scratch/ehpc736/data/AI4LAND_NON_preprocessed-data-2000-2015.zarr/LULC_states/11.30.43,11432.03,6530
real,/gpfs/scratch/ehpc736/data/AI4LAND_NON_preprocessed-data-2000-2015.zarr/kg_class/5.7.57,17481.35,75975
synth,/gpfs/scratch/bsc32/bsc096444/ai4land-tfm/tmp/synth_vs_real/synth/f228275,31629.06,887858
synth,/gpfs/scratch/bsc32/bsc096444/ai4land-tfm/tmp/synth_vs_real/synth/f291704,19830.00,8857
synth,/gpfs/scratch/bsc32/bsc096444/ai4land-tfm/tmp/synth_vs_real/synth/f88025,46916.10,1548580
synth,/gpfs/scratch/bsc32/bsc096444/ai4land-tfm/tmp/synth_vs_real/synth/f784309,1627.44,4258
synth,/gpfs/scratch/bsc32/bsc096444/ai4land-tfm/tmp/synth_vs_real/synth/f3717,21211.40,155655
real,/gpfs/scratch/ehpc736/data/AI4LAND_NON_preprocessed-data-2000-2015.zarr/LULC_states/5.0.63,16604.90,4248
real,/gpfs/scratch/ehpc736/data/AI4LAND_NON_preprocessed-data-2000-2015.zarr/secdn/13.2.60,13638.78,4248
real,/gpfs/scratch/ehpc736/data/AI4LAND_NON_preprocessed-data-2000-2015.zarr/secma/13.8.47,40617.74,594139
synth,/gpfs/scratch/bsc32/bsc096444/ai4land-tfm/tmp/synth_vs_real/synth/f156294,12875.21,4248
real,/gpfs/scratch/ehpc736/data/AI4LAND_NON_preprocessed-data-2000-2015.zarr/secma/15.9.17,19500.06,728495
real,/gpfs/scratch/ehpc736/data/AI4LAND_NON_preprocessed-data-2000-2015.zarr/primn/2.20.55,18615.74,4248
real,/gpfs/scratch/ehpc736/data/AI4LAND_NON_preprocessed-data-2000-2015.zarr/c4per/4.4.3,13447.28,5766
synth,/gpfs/scratch/bsc32/bsc096444/ai4land-tfm/tmp/synth_vs_real/synth/f120944,31317.58,9827
real,/gpfs/scratch/ehpc736/data/AI4LAND_NON_preprocessed-data-2000-2015.zarr/secdn/7.29.14,16871.09,4248
real,/gpfs/scratch/ehpc736/data/AI4LAND_NON_preprocessed-data-2000-2015.zarr/c3ann/11.24.3,26183.70,4248
real,/gpfs/scratch/ehpc736/data/AI4LAND_NON_preprocessed-data-2000-2015.zarr/LULC_states/1.26.60,22803.87,4248
real,/gpfs/scratch/ehpc736/data/AI4LAND_NON_preprocessed-data-2000-2015.zarr/primn/10.20.0,17024.53,7161
real,/gpfs/scratch/ehpc736/data/AI4LAND_NON_preprocessed-data-2000-2015.zarr/c4per/3.25.67,20587.90,4248
synth,/gpfs/scratch/bsc32/bsc096444/ai4land-tfm/tmp/synth_vs_real/synth/f272793,17733.50,513849
synth,/gpfs/scratch/bsc32/bsc096444/ai4land-tfm/tmp/synth_vs_real/synth/f617024,14941.18,4248
synth,/gpfs/scratch/bsc32/bsc096444/ai4land-tfm/tmp/synth_vs_real/synth/f735911,19887.24,4248
real,/gpfs/scratch/ehpc736/data/AI4LAND_NON_preprocessed-data-2000-2015.zarr/secdn/4.16.59,23198.62,68805
real,/gpfs/scratch/ehpc736/data/AI4LAND_NON_preprocessed-data-2000-2015.zarr/primn/7.1.70,16628.82,4248
synth,/gpfs/scratch/bsc32/bsc096444/ai4land-tfm/tmp/synth_vs_real/synth/f283060,13781.82,4346
real,/gpfs/scratch/ehpc736/data/AI4LAND_NON_preprocessed-data-2000-2015.zarr/c3nfx/14.17.54,32680.95,361954
synth,/gpfs/scratch/bsc32/bsc096444/ai4land-tfm/tmp/synth_vs_real/synth/f85884,17330.13,103919
real,/gpfs/scratch/ehpc736/data/AI4LAND_NON_preprocessed-data-2000-2015.zarr/urban/5.32.38,20166.28,4248
real,/gpfs/scratch/ehpc736/data/AI4LAND_NON_preprocessed-data-2000-2015.zarr/c4per/10.30.24,21430.19,4248
synth,/gpfs/scratch/bsc32/bsc096444/ai4land-tfm/tmp/synth_vs_real/synth/f495948,12835.04,14497
real,/gpfs/scratch/ehpc736/data/AI4LAND_NON_preprocessed-data-2000-2015.zarr/secdf/3.4.29,14956.47,4324
synth,/gpfs/scratch/bsc32/bsc096444/ai4land-tfm/tmp/synth_vs_real/synth/f185652,13936.77,4248
synth,/gpfs/scratch/bsc32/bsc096444/ai4land-tfm/tmp/synth_vs_real/synth/f401124,41703.25,682425
synth,/gpfs/scratch/bsc32/bsc096444/ai4land-tfm/tmp/synth_vs_real/synth/f566390,17400.47,4248
real,/gpfs/scratch/ehpc736/data/AI4LAND_NON_preprocessed-data-2000-2015.zarr/secdn/6.2.39,21919.77,9280
synth,/gpfs/scratch/bsc32/bsc096444/ai4land-tfm/tmp/synth_vs_real/synth/f625380,15660.54,4248
synth,/gpfs/scratch/bsc32/bsc096444/ai4land-tfm/tmp/synth_vs_real/synth/f508993,14622.78,13561
synth,/gpfs/scratch/bsc32/bsc096444/ai4land-tfm/tmp/synth_vs_real/synth/f928477,138.66,4248
real,/gpfs/scratch/ehpc736/data/AI4LAND_NON_preprocessed-data-2000-2015.zarr/c3per/15.33.13,20404.60,4248
synth,/gpfs/scratch/bsc32/bsc096444/ai4land-tfm/tmp/synth_vs_real/synth/f923435,396.51,8472
real,/gpfs/scratch/ehpc736/data/AI4LAND_NON_preprocessed-data-2000-2015.zarr/secmb/9.7.60,31596.04,675113
synth,/gpfs/scratch/bsc32/bsc096444/ai4land-tfm/tmp/synth_vs_real/synth/f594731,30336.50,651463
real,/gpfs/scratch/ehpc736/data/AI4LAND_NON_preprocessed-data-2000-2015.zarr/c3ann/1.32.70,16153.45,4248
synth,/gpfs/scratch/bsc32/bsc096444/ai4land-tfm/tmp/synth_vs_real/synth/f444154,25094.81,712452
synth,/gpfs/scratch/bsc32/bsc096444/ai4land-tfm/tmp/synth_vs_real/synth/f933533,368.11,4248
real,/gpfs/scratch/ehpc736/data/AI4LAND_NON_preprocessed-data-2000-2015.zarr/c4per/10.1.35,19237.78,4248
synth,/gpfs/scratch/bsc32/bsc096444/ai4land-tfm/tmp/synth_vs_real/synth/f777236,8922.25,773050
real,/gpfs/scratch/ehpc736/data/AI4LAND_NON_preprocessed-data-2000-2015.zarr/secmb/12.13.34,19396.49,173884
synth,/gpfs/scratch/bsc32/bsc096444/ai4land-tfm/tmp/synth_vs_real/synth/f823267,1462.91,8472
synth,/gpfs/scratch/bsc32/bsc096444/ai4land-tfm/tmp/synth_vs_real/synth/f346239,19335.75,4248
synth,/gpfs/scratch/bsc32/bsc096444/ai4land-tfm/tmp/synth_vs_real/synth/f70674,20663.89,4248
real,/gpfs/scratch/ehpc736/data/AI4LAND_NON_preprocessed-data-2000-2015.zarr/c4per/3.28.58,10591.25,4248
real,/gpfs/scratch/ehpc736/data/AI4LAND_NON_preprocessed-data-2000-2015.zarr/c3nfx/6.31.36,18684.68,4248
synth,/gpfs/scratch/bsc32/bsc096444/ai4land-tfm/tmp/synth_vs_real/synth/f750981,1012.34,4248
synth,/gpfs/scratch/bsc32/bsc096444/ai4land-tfm/tmp/synth_vs_real/synth/f88914,33002.93,4248
real,/gpfs/scratch/ehpc736/data/AI4LAND_NON_preprocessed-data-2000-2015.zarr/urban/11.14.29,25237.50,4248
real,/gpfs/scratch/ehpc736/data/AI4LAND_NON_preprocessed-data-2000-2015.zarr/range/15.28.51,9901.45,4248
synth,/gpfs/scratch/bsc32/bsc096444/ai4land-tfm/tmp/synth_vs_real/synth/f89814,19090.46,4248
synth,/gpfs/scratch/bsc32/bsc096444/ai4land-tfm/tmp/synth_vs_real/synth/f715198,12297.19,4248
real,/gpfs/scratch/ehpc736/data/AI4LAND_NON_preprocessed-data-2000-2015.zarr/number_of_people/6.9.5,18392.38,4248
real,/gpfs/scratch/ehpc736/data/AI4LAND_NON_preprocessed-data-2000-2015.zarr/secdn/6.23.67,26242.46,4248
real,/gpfs/scratch/ehpc736/data/AI4LAND_NON_preprocessed-data-2000-2015.zarr/urban/11.12.14,30287.90,345186
real,/gpfs/scratch/ehpc736/data/AI4LAND_NON_preprocessed-data-2000-2015.zarr/pastr/0.13.33,15130.24,8669
real,/gpfs/scratch/ehpc736/data/AI4LAND_NON_preprocessed-data-2000-2015.zarr/secmb/3.21.21,28733.19,355016
synth,/gpfs/scratch/bsc32/bsc096444/ai4land-tfm/tmp/synth_vs_real/synth/f903682,276.42,27137
real,/gpfs/scratch/ehpc736/data/AI4LAND_NON_preprocessed-data-2000-2015.zarr/urban/14.5.36,23724.09,308057
real,/gpfs/scratch/ehpc736/data/AI4LAND_NON_preprocessed-data-2000-2015.zarr/pastr/4.16.29,21283.46,4248
real,/gpfs/scratch/ehpc736/data/AI4LAND_NON_preprocessed-data-2000-2015.zarr/secma/10.3.36,20661.88,4248
real,/gpfs/scratch/ehpc736/data/AI4LAND_NON_preprocessed-data-2000-2015.zarr/urban/14.6.44,20412.59,660695
real,/gpfs/scratch/ehpc736/data/AI4LAND_NON_preprocessed-data-2000-2015.zarr/secdf/0.0.66,24377.54,4248
synth,/gpfs/scratch/bsc32/bsc096444/ai4land-tfm/tmp/synth_vs_real/synth/f661759,19464.57,353878
synth,/gpfs/scratch/bsc32/bsc096444/ai4land-tfm/tmp/synth_vs_real/synth/f636059,4751.36,573114
synth,/gpfs/scratch/bsc32/bsc096444/ai4land-tfm/tmp/synth_vs_real/synth/f329963,23941.66,4248
real,/gpfs/scratch/ehpc736/data/AI4LAND_NON_preprocessed-data-2000-2015.zarr/secmb/11.34.0,19233.45,4248
synth,/gpfs/scratch/bsc32/bsc096444/ai4land-tfm/tmp/synth_vs_real/synth/f712131,20635.33,4248
real,/gpfs/scratch/ehpc736/data/AI4LAND_NON_preprocessed-data-2000-2015.zarr/range/14.9.49,23504.53,743511
real,/gpfs/scratch/ehpc736/data/AI4LAND_NON_preprocessed-data-2000-2015.zarr/secmb/15.12.38,16431.16,230306
real,/gpfs/scratch/ehpc736/data/AI4LAND_NON_preprocessed-data-2000-2015.zarr/kg_class/6.15.60,18681.42,4248
real,/gpfs/scratch/ehpc736/data/AI4LAND_NON_preprocessed-data-2000-2015.zarr/primn/1.24.42,9874.90,4248
synth,/gpfs/scratch/bsc32/bsc096444/ai4land-tfm/tmp/synth_vs_real/synth/f779779,20936.29,4248
real,/gpfs/scratch/ehpc736/data/AI4LAND_NON_preprocessed-data-2000-2015.zarr/c4per/7.32.13,31478.53,4248
synth,/gpfs/scratch/bsc32/bsc096444/ai4land-tfm/tmp/synth_vs_real/synth/f354508,21114.91,221555
real,/gpfs/scratch/ehpc736/data/AI4LAND_NON_preprocessed-data-2000-2015.zarr/range/4.1.19,23677.75,4500
real,/gpfs/scratch/ehpc736/data/AI4LAND_NON_preprocessed-data-2000-2015.zarr/pastr/3.13.59,27460.74,4861
real,/gpfs/scratch/ehpc736/data/AI4LAND_NON_preprocessed-data-2000-2015.zarr/secdf/7.15.26,19845.90,4248
real,/gpfs/scratch/ehpc736/data/AI4LAND_NON_preprocessed-data-2000-2015.zarr/range/0.31.2,13549.18,4248
synth,/gpfs/scratch/bsc32/bsc096444/ai4land-tfm/tmp/synth_vs_real/synth/f10139,16363.19,4248
real,/gpfs/scratch/ehpc736/data/AI4LAND_NON_preprocessed-data-2000-2015.zarr/secdf/10.16.19,14841.01,53320
synth,/gpfs/scratch/bsc32/bsc096444/ai4land-tfm/tmp/synth_vs_real/synth/f291476,28237.61,728969
synth,/gpfs/scratch/bsc32/bsc096444/ai4land-tfm/tmp/synth_vs_real/synth/f208496,32696.08,123629
real,/gpfs/scratch/ehpc736/data/AI4LAND_NON_preprocessed-data-2000-2015.zarr/primf/8.9.24,24520.28,4248
real,/gpfs/scratch/ehpc736/data/AI4LAND_NON_preprocessed-data-2000-2015.zarr/c3ann/15.13.6,18190.04,4248
real,/gpfs/scratch/ehpc736/data/AI4LAND_NON_preprocessed-data-2000-2015.zarr/c3ann/13.25.66,15739.92,4248
synth,/gpfs/scratch/bsc32/bsc096444/ai4land-tfm/tmp/synth_vs_real/synth/f117308,18158.40,97249
synth,/gpfs/scratch/bsc32/bsc096444/ai4land-tfm/tmp/synth_vs_real/synth/f471932,17605.09,4248
real,/gpfs/scratch/ehpc736/data/AI4LAND_NON_preprocessed-data-2000-2015.zarr/kg_class/13.33.14,30148.21,4248
real,/gpfs/scratch/ehpc736/data/AI4LAND_NON_preprocessed-data-2000-2015.zarr/secma/0.0.31,25782.24,4248
real,/gpfs/scratch/ehpc736/data/AI4LAND_NON_preprocessed-data-2000-2015.zarr/primf/1.14.0,20558.93,4248
real,/gpfs/scratch/ehpc736/data/AI4LAND_NON_preprocessed-data-2000-2015.zarr/pastr/13.13.16,27394.08,176845
synth,/gpfs/scratch/bsc32/bsc096444/ai4land-tfm/tmp/synth_vs_real/synth/f69403,19679.80,4248
real,/gpfs/scratch/ehpc736/data/AI4LAND_NON_preprocessed-data-2000-2015.zarr/LULC_states/15.27.24,17983.13,4248
real,/gpfs/scratch/ehpc736/data/AI4LAND_NON_preprocessed-data-2000-2015.zarr/kg_class/14.16.29,21273.65,4248
real,/gpfs/scratch/ehpc736/data/AI4LAND_NON_preprocessed-data-2000-2015.zarr/c3per/4.6.0,21051.25,4248
synth,/gpfs/scratch/bsc32/bsc096444/ai4land-tfm/tmp/synth_vs_real/synth/f41672,22482.93,4248
real,/gpfs/scratch/ehpc736/data/AI4LAND_NON_preprocessed-data-2000-2015.zarr/c4ann/10.34.18,17241.29,4248
synth,/gpfs/scratch/bsc32/bsc096444/ai4land-tfm/tmp/synth_vs_real/synth/f256787,16869.94,20779
real,/gpfs/scratch/ehpc736/data/AI4LAND_NON_preprocessed-data-2000-2015.zarr/range/13.13.14,19060.70,333077
real,/gpfs/scratch/ehpc736/data/AI4LAND_NON_preprocessed-data-2000-2015.zarr/c3per/8.1.35,29317.60,4248
real,/gpfs/scratch/ehpc736/data/AI4LAND_NON_preprocessed-data-2000-2015.zarr/number_of_people/1.12.28,17518.45,4248
synth,/gpfs/scratch/bsc32/bsc096444/ai4land-tfm/tmp/synth_vs_real/synth/f138739,30638.64,313783
real,/gpfs/scratch/ehpc736/data/AI4LAND_NON_preprocessed-data-2000-2015.zarr/range/14.29.27,25119.02,4248
real,/gpfs/scratch/ehpc736/data/AI4LAND_NON_preprocessed-data-2000-2015.zarr/c4ann/14.7.6,34213.05,4248
synth,/gpfs/scratch/bsc32/bsc096444/ai4land-tfm/tmp/synth_vs_real/synth/f162060,11104.05,4248
real,/gpfs/scratch/ehpc736/data/AI4LAND_NON_preprocessed-data-2000-2015.zarr/number_of_people/12.31.63,16688.97,4248
synth,/gpfs/scratch/bsc32/bsc096444/ai4land-tfm/tmp/synth_vs_real/synth/f791937,38982.91,1534175
synth,/gpfs/scratch/bsc32/bsc096444/ai4land-tfm/tmp/synth_vs_real/synth/f310016,21497.83,4248
real,/gpfs/scratch/ehpc736/data/AI4LAND_NON_preprocessed-data-2000-2015.zarr/LULC_states/6.27.11,17478.44,4248
synth,/gpfs/scratch/bsc32/bsc096444/ai4land-tfm/tmp/synth_vs_real/synth/f252572,15412.62,4248
real,/gpfs/scratch/ehpc736/data/AI4LAND_NON_preprocessed-data-2000-2015.zarr/pastr/2.33.31,15137.62,4248
synth,/gpfs/scratch/bsc32/bsc096444/ai4land-tfm/tmp/synth_vs_real/synth/f244098,25567.33,4248
synth,/gpfs/scratch/bsc32/bsc096444/ai4land-tfm/tmp/synth_vs_real/synth/f402630,23629.36,134853
synth,/gpfs/scratch/bsc32/bsc096444/ai4land-tfm/tmp/synth_vs_real/synth/f370858,17823.13,6712
synth,/gpfs/scratch/bsc32/bsc096444/ai4land-tfm/tmp/synth_vs_real/synth/f902592,352.38,4248
synth,/gpfs/scratch/bsc32/bsc096444/ai4land-tfm/tmp/synth_vs_real/synth/f623939,19032.40,4735
real,/gpfs/scratch/ehpc736/data/AI4LAND_NON_preprocessed-data-2000-2015.zarr/kg_class/8.9.7,16826.65,4248
real,/gpfs/scratch/ehpc736/data/AI4LAND_NON_preprocessed-data-2000-2015.zarr/c3nfx/1.29.13,14882.31,4248
synth,/gpfs/scratch/bsc32/bsc096444/ai4land-tfm/tmp/synth_vs_real/synth/f146991,13268.04,4248
synth,/gpfs/scratch/bsc32/bsc096444/ai4land-tfm/tmp/synth_vs_real/synth/f999816,159.62,82723
real,/gpfs/scratch/ehpc736/data/AI4LAND_NON_preprocessed-data-2000-2015.zarr/secmb/8.19.20,25198.66,702821
real,/gpfs/scratch/ehpc736/data/AI4LAND_NON_preprocessed-data-2000-2015.zarr/c4per/10.29.23,22226.14,4248
synth,/gpfs/scratch/bsc32/bsc096444/ai4land-tfm/tmp/synth_vs_real/synth/f565492,15385.28,4248
synth,/gpfs/scratch/bsc32/bsc096444/ai4land-tfm/tmp/synth_vs_real/synth/f571412,24893.16,4248
synth,/gpfs/scratch/bsc32/bsc096444/ai4land-tfm/tmp/synth_vs_real/synth/f846721,21482.93,8472
real,/gpfs/scratch/ehpc736/data/AI4LAND_NON_preprocessed-data-2000-2015.zarr/c3ann/9.23.22,28459.59,785430
real,/gpfs/scratch/ehpc736/data/AI4LAND_NON_preprocessed-data-2000-2015.zarr/secma/1.2.30,18619.65,4332
synth,/gpfs/scratch/bsc32/bsc096444/ai4land-tfm/tmp/synth_vs_real/synth/f624377,26081.81,870365
synth,/gpfs/scratch/bsc32/bsc096444/ai4land-tfm/tmp/synth_vs_real/synth/f706073,818.72,4348
real,/gpfs/scratch/ehpc736/data/AI4LAND_NON_preprocessed-data-2000-2015.zarr/range/11.35.20,17115.15,4248
synth,/gpfs/scratch/bsc32/bsc096444/ai4land-tfm/tmp/synth_vs_real/synth/f963110,3598.71,201232
real,/gpfs/scratch/ehpc736/data/AI4LAND_NON_preprocessed-data-2000-2015.zarr/secmb/6.35.51,15603.60,4248
synth,/gpfs/scratch/bsc32/bsc096444/ai4land-tfm/tmp/synth_vs_real/synth/f891014,1478.61,4248
real,/gpfs/scratch/ehpc736/data/AI4LAND_NON_preprocessed-data-2000-2015.zarr/secma/14.10.0,15383.09,4248
real,/gpfs/scratch/ehpc736/data/AI4LAND_NON_preprocessed-data-2000-2015.zarr/secmb/4.0.17,16264.49,4248
real,/gpfs/scratch/ehpc736/data/AI4LAND_NON_preprocessed-data-2000-2015.zarr/primf/1.0.60,37117.43,4248
real,/gpfs/scratch/ehpc736/data/AI4LAND_NON_preprocessed-data-2000-2015.zarr/secmb/8.27.4,15531.96,4248
real,/gpfs/scratch/ehpc736/data/AI4LAND_NON_preprocessed-data-2000-2015.zarr/number_of_people/9.24.60,17867.53,4248
real,/gpfs/scratch/ehpc736/data/AI4LAND_NON_preprocessed-data-2000-2015.zarr/urban/13.31.30,34699.46,4248
synth,/gpfs/scratch/bsc32/bsc096444/ai4land-tfm/tmp/synth_vs_real/synth/f113668,20793.92,4248
synth,/gpfs/scratch/bsc32/bsc096444/ai4land-tfm/tmp/synth_vs_real/synth/f46228,17668.97,18151
real,/gpfs/scratch/ehpc736/data/AI4LAND_NON_preprocessed-data-2000-2015.zarr/kg_class/10.27.56,12120.14,4248
synth,/gpfs/scratch/bsc32/bsc096444/ai4land-tfm/tmp/synth_vs_real/synth/f457007,13283.01,4248
real,/gpfs/scratch/ehpc736/data/AI4LAND_NON_preprocessed-data-2000-2015.zarr/c3per/14.0.0,22299.32,4248
synth,/gpfs/scratch/bsc32/bsc096444/ai4land-tfm/tmp/synth_vs_real/synth/f913648,28040.34,523972
real,/gpfs/scratch/ehpc736/data/AI4LAND_NON_preprocessed-data-2000-2015.zarr/urban/14.32.53,14233.22,4248
real,/gpfs/scratch/ehpc736/data/AI4LAND_NON_preprocessed-data-2000-2015.zarr/range/6.23.51,19701.94,4248
real,/gpfs/scratch/ehpc736/data/AI4LAND_NON_preprocessed-data-2000-2015.zarr/secma/8.7.12,42615.30,633431
real,/gpfs/scratch/ehpc736/data/AI4LAND_NON_preprocessed-data-2000-2015.zarr/primf/7.24.4,28814.42,4248
real,/gpfs/scratch/ehpc736/data/AI4LAND_NON_preprocessed-data-2000-2015.zarr/c3nfx/5.35.70,24570.93,4248
real,/gpfs/scratch/ehpc736/data/AI4LAND_NON_preprocessed-data-2000-2015.zarr/c4ann/12.35.16,18629.48,4248
real,/gpfs/scratch/ehpc736/data/AI4LAND_NON_preprocessed-data-2000-2015.zarr/primf/4.21.59,14172.70,4270
real,/gpfs/scratch/ehpc736/data/AI4LAND_NON_preprocessed-data-2000-2015.zarr/c4per/12.12.64,21649.77,4248
real,/gpfs/scratch/ehpc736/data/AI4LAND_NON_preprocessed-data-2000-2015.zarr/number_of_people/11.28.68,17029.56,4248
synth,/gpfs/scratch/bsc32/bsc096444/ai4land-tfm/tmp/synth_vs_real/synth/f564607,18619.19,669986
real,/gpfs/scratch/ehpc736/data/AI4LAND_NON_preprocessed-data-2000-2015.zarr/urban/1.34.64,18272.81,4248
real,/gpfs/scratch/ehpc736/data/AI4LAND_NON_preprocessed-data-2000-2015.zarr/range/11.33.37,23846.46,4248
real,/gpfs/scratch/ehpc736/data/AI4LAND_NON_preprocessed-data-2000-2015.zarr/secma/14.11.28,16849.22,4248
real,/gpfs/scratch/ehpc736/data/AI4LAND_NON_preprocessed-data-2000-2015.zarr/primn/11.28.58,26798.83,4248
synth,/gpfs/scratch/bsc32/bsc096444/ai4land-tfm/tmp/synth_vs_real/synth/f784475,40671.61,4248
real,/gpfs/scratch/ehpc736/data/AI4LAND_NON_preprocessed-data-2000-2015.zarr/c4per/7.30.51,19378.67,4248
real,/gpfs/scratch/ehpc736/data/AI4LAND_NON_preprocessed-data-2000-2015.zarr/range/6.2.4,17183.47,4248
real,/gpfs/scratch/ehpc736/data/AI4LAND_NON_preprocessed-data-2000-2015.zarr/primf/14.21.21,15066.55,4540
synth,/gpfs/scratch/bsc32/bsc096444/ai4land-tfm/tmp/synth_vs_real/synth/f579364,18841.10,4248
synth,/gpfs/scratch/bsc32/bsc096444/ai4land-tfm/tmp/synth_vs_real/synth/f843170,1134.93,4248
synth,/gpfs/scratch/bsc32/bsc096444/ai4land-tfm/tmp/synth_vs_real/synth/f177934,1911.33,4248
synth,/gpfs/scratch/bsc32/bsc096444/ai4land-tfm/tmp/synth_vs_real/synth/f443143,24442.46,4248
synth,/gpfs/scratch/bsc32/bsc096444/ai4land-tfm/tmp/synth_vs_real/synth/f276807,4052.57,4248
real,/gpfs/scratch/ehpc736/data/AI4LAND_NON_preprocessed-data-2000-2015.zarr/urban/3.1.36,17590.55,4248
real,/gpfs/scratch/ehpc736/data/AI4LAND_NON_preprocessed-data-2000-2015.zarr/urban/9.21.61,27629.26,240538
real,/gpfs/scratch/ehpc736/data/AI4LAND_NON_preprocessed-data-2000-2015.zarr/pastr/4.30.57,17376.87,4248
real,/gpfs/scratch/ehpc736/data/AI4LAND_NON_preprocessed-data-2000-2015.zarr/c3nfx/3.24.35,24055.68,4248
synth,/gpfs/scratch/bsc32/bsc096444/ai4land-tfm/tmp/synth_vs_real/synth/f708011,9498.71,4248
synth,/gpfs/scratch/bsc32/bsc096444/ai4land-tfm/tmp/synth_vs_real/synth/f832291,18319.57,374494
real,/gpfs/scratch/ehpc736/data/AI4LAND_NON_preprocessed-data-2000-2015.zarr/primn/2.8.13,30386.65,779795
real,/gpfs/scratch/ehpc736/data/AI4LAND_NON_preprocessed-data-2000-2015.zarr/c3per/12.12.68,23500.48,4248
synth,/gpfs/scratch/bsc32/bsc096444/ai4land-tfm/tmp/synth_vs_real/synth/f421947,24812.87,426503
real,/gpfs/scratch/ehpc736/data/AI4LAND_NON_preprocessed-data-2000-2015.zarr/secma/9.9.23,21492.33,4248
real,/gpfs/scratch/ehpc736/data/AI4LAND_NON_preprocessed-data-2000-2015.zarr/c3ann/5.34.68,24650.16,4248
synth,/gpfs/scratch/bsc32/bsc096444/ai4land-tfm/tmp/synth_vs_real/synth/f104837,21464.44,8472
real,/gpfs/scratch/ehpc736/data/AI4LAND_NON_preprocessed-data-2000-2015.zarr/secmb/6.5.39,18471.46,310895
real,/gpfs/scratch/ehpc736/data/AI4LAND_NON_preprocessed-data-2000-2015.zarr/c3nfx/12.20.21,30110.81,751792
real,/gpfs/scratch/ehpc736/data/AI4LAND_NON_preprocessed-data-2000-2015.zarr/primn/12.10.44,34228.71,688815
real,/gpfs/scratch/ehpc736/data/AI4LAND_NON_preprocessed-data-2000-2015.zarr/c4per/10.14.61,18540.00,4248
synth,/gpfs/scratch/bsc32/bsc096444/ai4land-tfm/tmp/synth_vs_real/synth/f382554,8541.73,144774
real,/gpfs/scratch/ehpc736/data/AI4LAND_NON_preprocessed-data-2000-2015.zarr/range/10.23.39,31928.52,529039
real,/gpfs/scratch/ehpc736/data/AI4LAND_NON_preprocessed-data-2000-2015.zarr/range/1.32.52,25911.66,4248
synth,/gpfs/scratch/bsc32/bsc096444/ai4land-tfm/tmp/synth_vs_real/synth/f998160,384.81,1411036
real,/gpfs/scratch/ehpc736/data/AI4LAND_NON_preprocessed-data-2000-2015.zarr/LULC_states/10.8.25,22471.72,4248
synth,/gpfs/scratch/bsc32/bsc096444/ai4land-tfm/tmp/synth_vs_real/synth/f546622,11666.02,4248
synth,/gpfs/scratch/bsc32/bsc096444/ai4land-tfm/tmp/synth_vs_real/synth/f169396,791.99,4248
real,/gpfs/scratch/ehpc736/data/AI4LAND_NON_preprocessed-data-2000-2015.zarr/secmb/10.15.67,22267.25,4248
synth,/gpfs/scratch/bsc32/bsc096444/ai4land-tfm/tmp/synth_vs_real/synth/f387151,17316.01,66118
synth,/gpfs/scratch/bsc32/bsc096444/ai4land-tfm/tmp/synth_vs_real/synth/f250280,28612.97,869075
synth,/gpfs/scratch/bsc32/bsc096444/ai4land-tfm/tmp/synth_vs_real/synth/f510311,28632.86,4248
synth,/gpfs/scratch/bsc32/bsc096444/ai4land-tfm/tmp/synth_vs_real/synth/f324308,14444.36,4248
real,/gpfs/scratch/ehpc736/data/AI4LAND_NON_preprocessed-data-2000-2015.zarr/range/11.17.9,13813.48,4248
real,/gpfs/scratch/ehpc736/data/AI4LAND_NON_preprocessed-data-2000-2015.zarr/kg_class/2.15.4,27208.74,4248
real,/gpfs/scratch/ehpc736/data/AI4LAND_NON_preprocessed-data-2000-2015.zarr/pastr/6.8.55,28764.40,137957
synth,/gpfs/scratch/bsc32/bsc096444/ai4land-tfm/tmp/synth_vs_real/synth/f562336,15680.29,4248
real,/gpfs/scratch/ehpc736/data/AI4LAND_NON_preprocessed-data-2000-2015.zarr/range/8.4.25,16030.74,4288
synth,/gpfs/scratch/bsc32/bsc096444/ai4land-tfm/tmp/synth_vs_real/synth/f894343,109.74,4248
real,/gpfs/scratch/ehpc736/data/AI4LAND_NON_preprocessed-data-2000-2015.zarr/c3nfx/7.19.41,29024.89,747932
synth,/gpfs/scratch/bsc32/bsc096444/ai4land-tfm/tmp/synth_vs_real/synth/f714825,6518.30,201028
synth,/gpfs/scratch/bsc32/bsc096444/ai4land-tfm/tmp/synth_vs_real/synth/f250867,14052.99,4248
synth,/gpfs/scratch/bsc32/bsc096444/ai4land-tfm/tmp/synth_vs_real/synth/f564365,13941.38,4248
synth,/gpfs/scratch/bsc32/bsc096444/ai4land-tfm/tmp/synth_vs_real/synth/f442042,1388.44,16945
synth,/gpfs/scratch/bsc32/bsc096444/ai4land-tfm/tmp/synth_vs_real/synth/f372528,11626.60,4248
real,/gpfs/scratch/ehpc736/data/AI4LAND_NON_preprocessed-data-2000-2015.zarr/urban/9.32.12,19100.09,4248
real,/gpfs/scratch/ehpc736/data/AI4LAND_NON_preprocessed-data-2000-2015.zarr/primn/8.16.66,33275.23,4248
real,/gpfs/scratch/ehpc736/data/AI4LAND_NON_preprocessed-data-2000-2015.zarr/secmb/0.17.3,24288.17,4248
real,/gpfs/scratch/ehpc736/data/AI4LAND_NON_preprocessed-data-2000-2015.zarr/primn/1.2.70,14291.88,4248
synth,/gpfs/scratch/bsc32/bsc096444/ai4land-tfm/tmp/synth_vs_real/synth/f856795,3290.34,22308
synth,/gpfs/scratch/bsc32/bsc096444/ai4land-tfm/tmp/synth_vs_real/synth/f936406,376.44,51025
synth,/gpfs/scratch/bsc32/bsc096444/ai4land-tfm/tmp/synth_vs_real/synth/f473417,17991.35,328093
synth,/gpfs/scratch/bsc32/bsc096444/ai4land-tfm/tmp/synth_vs_real/synth/f754213,14316.21,4248
synth,/gpfs/scratch/bsc32/bsc096444/ai4land-tfm/tmp/synth_vs_real/synth/f873349,245.16,4248
synth,/gpfs/scratch/bsc32/bsc096444/ai4land-tfm/tmp/synth_vs_real/synth/f497732,38037.16,8472
synth,/gpfs/scratch/bsc32/bsc096444/ai4land-tfm/tmp/synth_vs_real/synth/f33326,17963.49,7674
synth,/gpfs/scratch/bsc32/bsc096444/ai4land-tfm/tmp/synth_vs_real/synth/f935518,6044.21,349817
synth,/gpfs/scratch/bsc32/bsc096444/ai4land-tfm/tmp/synth_vs_real/synth/f607314,20557.64,4248
synth,/gpfs/scratch/bsc32/bsc096444/ai4land-tfm/tmp/synth_vs_real/synth/f739945,16924.79,4248
synth,/gpfs/scratch/bsc32/bsc096444/ai4land-tfm/tmp/synth_vs_real/synth/f343254,13986.43,4248
synth,/gpfs/scratch/bsc32/bsc096444/ai4land-tfm/tmp/synth_vs_real/synth/f487575,15006.26,4258
real,/gpfs/scratch/ehpc736/data/AI4LAND_NON_preprocessed-data-2000-2015.zarr/secdn/9.30.49,20955.17,4248
synth,/gpfs/scratch/bsc32/bsc096444/ai4land-tfm/tmp/synth_vs_real/synth/f256150,17659.14,4248
real,/gpfs/scratch/ehpc736/data/AI4LAND_NON_preprocessed-data-2000-2015.zarr/pastr/2.3.3,26090.87,4472
synth,/gpfs/scratch/bsc32/bsc096444/ai4land-tfm/tmp/synth_vs_real/synth/f978593,297.75,113986
real,/gpfs/scratch/ehpc736/data/AI4LAND_NON_preprocessed-data-2000-2015.zarr/c3nfx/3.35.3,22870.84,4248
real,/gpfs/scratch/ehpc736/data/AI4LAND_NON_preprocessed-data-2000-2015.zarr/range/3.15.23,16580.05,109007
real,/gpfs/scratch/ehpc736/data/AI4LAND_NON_preprocessed-data-2000-2015.zarr/kg_class/14.7.11,23308.31,94470
real,/gpfs/scratch/ehpc736/data/AI4LAND_NON_preprocessed-data-2000-2015.zarr/range/4.7.2,14129.42,4390
synth,/gpfs/scratch/bsc32/bsc096444/ai4land-tfm/tmp/synth_vs_real/synth/f765179,21481.68,456013
real,/gpfs/scratch/ehpc736/data/AI4LAND_NON_preprocessed-data-2000-2015.zarr/c3nfx/11.14.69,17920.91,4248
real,/gpfs/scratch/ehpc736/data/AI4LAND_NON_preprocessed-data-2000-2015.zarr/secmb/1.20.15,17760.85,4248
synth,/gpfs/scratch/bsc32/bsc096444/ai4land-tfm/tmp/synth_vs_real/synth/f977017,15242.91,876176
real,/gpfs/scratch/ehpc736/data/AI4LAND_NON_preprocessed-data-2000-2015.zarr/secdf/2.27.48,33154.01,4360
synth,/gpfs/scratch/bsc32/bsc096444/ai4land-tfm/tmp/synth_vs_real/synth/f107473,20857.02,46591
synth,/gpfs/scratch/bsc32/bsc096444/ai4land-tfm/tmp/synth_vs_real/synth/f258607,23150.74,4248
synth,/gpfs/scratch/bsc32/bsc096444/ai4land-tfm/tmp/synth_vs_real/synth/f815451,12926.90,4248
synth,/gpfs/scratch/bsc32/bsc096444/ai4land-tfm/tmp/synth_vs_real/synth/f307419,11883.74,4248
synth,/gpfs/scratch/bsc32/bsc096444/ai4land-tfm/tmp/synth_vs_real/synth/f556116,15957.63,4248
synth,/gpfs/scratch/bsc32/bsc096444/ai4land-tfm/tmp/synth_vs_real/synth/f963066,331.56,4248
synth,/gpfs/scratch/bsc32/bsc096444/ai4land-tfm/tmp/synth_vs_real/synth/f918938,24541.31,319466
real,/gpfs/scratch/ehpc736/data/AI4LAND_NON_preprocessed-data-2000-2015.zarr/secmb/5.34.33,13918.58,4248
real,/gpfs/scratch/ehpc736/data/AI4LAND_NON_preprocessed-data-2000-2015.zarr/urban/3.30.8,22700.45,4248
synth,/gpfs/scratch/bsc32/bsc096444/ai4land-tfm/tmp/synth_vs_real/synth/f286193,23269.28,130697
synth,/gpfs/scratch/bsc32/bsc096444/ai4land-tfm/tmp/synth_vs_real/synth/f362479,27626.69,188508
real,/gpfs/scratch/ehpc736/data/AI4LAND_NON_preprocessed-data-2000-2015.zarr/secdn/12.14.58,24565.38,81341
synth,/gpfs/scratch/bsc32/bsc096444/ai4land-tfm/tmp/synth_vs_real/synth/f701364,1148.03,4248
real,/gpfs/scratch/ehpc736/data/AI4LAND_NON_preprocessed-data-2000-2015.zarr/LULC_states/0.22.64,24765.39,101538
synth,/gpfs/scratch/bsc32/bsc096444/ai4land-tfm/tmp/synth_vs_real/synth/f45561,12728.33,4248
real,/gpfs/scratch/ehpc736/data/AI4LAND_NON_preprocessed-data-2000-2015.zarr/c3nfx/0.17.31,21480.23,4248
real,/gpfs/scratch/ehpc736/data/AI4LAND_NON_preprocessed-data-2000-2015.zarr/c3ann/2.10.64,10682.79,4248
real,/gpfs/scratch/ehpc736/data/AI4LAND_NON_preprocessed-data-2000-2015.zarr/secdf/1.19.41,27285.03,86560
real,/gpfs/scratch/ehpc736/data/AI4LAND_NON_preprocessed-data-2000-2015.zarr/secmb/5.30.15,17576.74,4248
real,/gpfs/scratch/ehpc736/data/AI4LAND_NON_preprocessed-data-2000-2015.zarr/c3per/14.9.2,13605.42,4248
synth,/gpfs/scratch/bsc32/bsc096444/ai4land-tfm/tmp/synth_vs_real/synth/f256736,17474.86,8472
real,/gpfs/scratch/ehpc736/data/AI4LAND_NON_preprocessed-data-2000-2015.zarr/kg_class/0.13.69,15217.18,4248
real,/gpfs/scratch/ehpc736/data/AI4LAND_NON_preprocessed-data-2000-2015.zarr/c3per/0.19.54,20107.87,4248
real,/gpfs/scratch/ehpc736/data/AI4LAND_NON_preprocessed-data-2000-2015.zarr/kg_class/8.4.23,22167.32,7609
real,/gpfs/scratch/ehpc736/data/AI4LAND_NON_preprocessed-data-2000-2015.zarr/LULC_states/13.18.3,21055.52,4248
real,/gpfs/scratch/ehpc736/data/AI4LAND_NON_preprocessed-data-2000-2015.zarr/secdf/11.31.20,19093.16,4248
synth,/gpfs/scratch/bsc32/bsc096444/ai4land-tfm/tmp/synth_vs_real/synth/f484125,17133.57,63650
synth,/gpfs/scratch/bsc32/bsc096444/ai4land-tfm/tmp/synth_vs_real/synth/f165409,17609.73,4248
synth,/gpfs/scratch/bsc32/bsc096444/ai4land-tfm/tmp/synth_vs_real/synth/f823927,4533.23,4248
real,/gpfs/scratch/ehpc736/data/AI4LAND_NON_preprocessed-data-2000-2015.zarr/c4ann/12.16.47,9306.55,4248
real,/gpfs/scratch/ehpc736/data/AI4LAND_NON_preprocessed-data-2000-2015.zarr/c4ann/11.32.61,26671.87,4248
synth,/gpfs/scratch/bsc32/bsc096444/ai4land-tfm/tmp/synth_vs_real/synth/f387477,18881.96,4248
real,/gpfs/scratch/ehpc736/data/AI4LAND_NON_preprocessed-data-2000-2015.zarr/LULC_states/11.10.49,17643.15,102031
real,/gpfs/scratch/ehpc736/data/AI4LAND_NON_preprocessed-data-2000-2015.zarr/c3nfx/8.17.69,17698.37,4248
real,/gpfs/scratch/ehpc736/data/AI4LAND_NON_preprocessed-data-2000-2015.zarr/c4ann/9.0.31,19348.86,4248
real,/gpfs/scratch/ehpc736/data/AI4LAND_NON_preprocessed-data-2000-2015.zarr/secdf/9.21.9,24500.52,4248
synth,/gpfs/scratch/bsc32/bsc096444/ai4land-tfm/tmp/synth_vs_real/synth/f578478,17776.62,4248
real,/gpfs/scratch/ehpc736/data/AI4LAND_NON_preprocessed-data-2000-2015.zarr/c3nfx/3.18.54,20591.24,25648
real,/gpfs/scratch/ehpc736/data/AI4LAND_NON_preprocessed-data-2000-2015.zarr/kg_class/0.4.21,16668.77,43763
real,/gpfs/scratch/ehpc736/data/AI4LAND_NON_preprocessed-data-2000-2015.zarr/primn/11.12.17,17159.52,4248
real,/gpfs/scratch/ehpc736/data/AI4LAND_NON_preprocessed-data-2000-2015.zarr/primn/14.35.7,19008.43,4248
synth,/gpfs/scratch/bsc32/bsc096444/ai4land-tfm/tmp/synth_vs_real/synth/f52727,21490.22,4248
real,/gpfs/scratch/ehpc736/data/AI4LAND_NON_preprocessed-data-2000-2015.zarr/c4ann/13.20.46,20354.73,4248
synth,/gpfs/scratch/bsc32/bsc096444/ai4land-tfm/tmp/synth_vs_real/synth/f279786,23285.97,4248
synth,/gpfs/scratch/bsc32/bsc096444/ai4land-tfm/tmp/synth_vs_real/synth/f588637,25519.88,4248
real,/gpfs/scratch/ehpc736/data/AI4LAND_NON_preprocessed-data-2000-2015.zarr/c3per/11.22.63,27256.47,615974
synth,/gpfs/scratch/bsc32/bsc096444/ai4land-tfm/tmp/synth_vs_real/synth/f59942,25192.34,4248
synth,/gpfs/scratch/bsc32/bsc096444/ai4land-tfm/tmp/synth_vs_real/synth/f201158,19473.60,4248
real,/gpfs/scratch/ehpc736/data/AI4LAND_NON_preprocessed-data-2000-2015.zarr/primf/4.11.5,23510.50,4248
synth,/gpfs/scratch/bsc32/bsc096444/ai4land-tfm/tmp/synth_vs_real/synth/f107786,32426.39,465224
synth,/gpfs/scratch/bsc32/bsc096444/ai4land-tfm/tmp/synth_vs_real/synth/f588153,17815.83,61297
synth,/gpfs/scratch/bsc32/bsc096444/ai4land-tfm/tmp/synth_vs_real/synth/f929181,232.89,4248
real,/gpfs/scratch/ehpc736/data/AI4LAND_NON_preprocessed-data-2000-2015.zarr/pastr/5.24.63,18400.20,262829
real,/gpfs/scratch/ehpc736/data/AI4LAND_NON_preprocessed-data-2000-2015.zarr/c3nfx/13.24.21,19001.79,689222
synth,/gpfs/scratch/bsc32/bsc096444/ai4land-tfm/tmp/synth_vs_real/synth/f290782,36021.01,108053
real,/gpfs/scratch/ehpc736/data/AI4LAND_NON_preprocessed-data-2000-2015.zarr/LULC_states/9.14.45,15711.64,15498
real,/gpfs/scratch/ehpc736/data/AI4LAND_NON_preprocessed-data-2000-2015.zarr/LULC_states/4.30.7,17442.94,4248
synth,/gpfs/scratch/bsc32/bsc096444/ai4land-tfm/tmp/synth_vs_real/synth/f163032,39642.04,306873
real,/gpfs/scratch/ehpc736/data/AI4LAND_NON_preprocessed-data-2000-2015.zarr/pastr/12.21.25,38443.83,748389
synth,/gpfs/scratch/bsc32/bsc096444/ai4land-tfm/tmp/synth_vs_real/synth/f701474,6765.49,332252
synth,/gpfs/scratch/bsc32/bsc096444/ai4land-tfm/tmp/synth_vs_real/synth/f997409,240.46,4248
real,/gpfs/scratch/ehpc736/data/AI4LAND_NON_preprocessed-data-2000-2015.zarr/c3nfx/1.22.17,12934.64,4248
real,/gpfs/scratch/ehpc736/data/AI4LAND_NON_preprocessed-data-2000-2015.zarr/c4ann/0.20.48,21577.62,4248
real,/gpfs/scratch/ehpc736/data/AI4LAND_NON_preprocessed-data-2000-2015.zarr/c3per/11.30.59,16717.85,4248
synth,/gpfs/scratch/bsc32/bsc096444/ai4land-tfm/tmp/synth_vs_real/synth/f788387,4175.31,18151
real,/gpfs/scratch/ehpc736/data/AI4LAND_NON_preprocessed-data-2000-2015.zarr/urban/6.4.9,15602.73,9240
synth,/gpfs/scratch/bsc32/bsc096444/ai4land-tfm/tmp/synth_vs_real/synth/f702729,26539.38,214793
real,/gpfs/scratch/ehpc736/data/AI4LAND_NON_preprocessed-data-2000-2015.zarr/range/7.12.39,21524.48,59259
synth,/gpfs/scratch/bsc32/bsc096444/ai4land-tfm/tmp/synth_vs_real/synth/f846305,17129.25,8472
real,/gpfs/scratch/ehpc736/data/AI4LAND_NON_preprocessed-data-2000-2015.zarr/number_of_people/6.33.18,17384.56,4248
real,/gpfs/scratch/ehpc736/data/AI4LAND_NON_preprocessed-data-2000-2015.zarr/pastr/10.10.37,20169.12,27086
real,/gpfs/scratch/ehpc736/data/AI4LAND_NON_preprocessed-data-2000-2015.zarr/secma/3.27.68,19809.59,4248
real,/gpfs/scratch/ehpc736/data/AI4LAND_NON_preprocessed-data-2000-2015.zarr/c3ann/5.4.59,25171.85,4248
synth,/gpfs/scratch/bsc32/bsc096444/ai4land-tfm/tmp/synth_vs_real/synth/f292075,21447.08,4248
synth,/gpfs/scratch/bsc32/bsc096444/ai4land-tfm/tmp/synth_vs_real/synth/f368203,20970.50,4248
real,/gpfs/scratch/ehpc736/data/AI4LAND_NON_preprocessed-data-2000-2015.zarr/secmb/4.6.39,28182.59,396114
synth,/gpfs/scratch/bsc32/bsc096444/ai4land-tfm/tmp/synth_vs_real/synth/f479434,14924.12,4248
synth,/gpfs/scratch/bsc32/bsc096444/ai4land-tfm/tmp/synth_vs_real/synth/f174389,18510.67,12192
real,/gpfs/scratch/ehpc736/data/AI4LAND_NON_preprocessed-data-2000-2015.zarr/secma/6.1.32,22248.73,5118
synth,/gpfs/scratch/bsc32/bsc096444/ai4land-tfm/tmp/synth_vs_real/synth/f439375,14257.60,55759
synth,/gpfs/scratch/bsc32/bsc096444/ai4land-tfm/tmp/synth_vs_real/synth/f604201,23255.65,4248
synth,/gpfs/scratch/bsc32/bsc096444/ai4land-tfm/tmp/synth_vs_real/synth/f448462,17880.13,5427
synth,/gpfs/scratch/bsc32/bsc096444/ai4land-tfm/tmp/synth_vs_real/synth/f380612,8720.00,4248
synth,/gpfs/scratch/bsc32/bsc096444/ai4land-tfm/tmp/synth_vs_real/synth/f477110,22508.82,16945
synth,/gpfs/scratch/bsc32/bsc096444/ai4land-tfm/tmp/synth_vs_real/synth/f3402,14292.03,4248
real,/gpfs/scratch/ehpc736/data/AI4LAND_NON_preprocessed-data-2000-2015.zarr/primn/2.4.60,18687.76,132585
real,/gpfs/scratch/ehpc736/data/AI4LAND_NON_preprocessed-data-2000-2015.zarr/number_of_people/11.19.15,16699.68,4248
synth,/gpfs/scratch/bsc32/bsc096444/ai4land-tfm/tmp/synth_vs_real/synth/f381913,21028.85,304029
synth,/gpfs/scratch/bsc32/bsc096444/ai4land-tfm/tmp/synth_vs_real/synth/f166889,22949.89,299359
synth,/gpfs/scratch/bsc32/bsc096444/ai4land-tfm/tmp/synth_vs_real/synth/f584482,17286.22,10114
synth,/gpfs/scratch/bsc32/bsc096444/ai4land-tfm/tmp/synth_vs_real/synth/f54615,17677.18,8819
real,/gpfs/scratch/ehpc736/data/AI4LAND_NON_preprocessed-data-2000-2015.zarr/pastr/7.12.40,27442.11,4248
synth,/gpfs/scratch/bsc32/bsc096444/ai4land-tfm/tmp/synth_vs_real/synth/f584004,21140.12,168571
real,/gpfs/scratch/ehpc736/data/AI4LAND_NON_preprocessed-data-2000-2015.zarr/secdf/3.31.31,13501.09,4248
synth,/gpfs/scratch/bsc32/bsc096444/ai4land-tfm/tmp/synth_vs_real/synth/f755731,1213.44,4248
synth,/gpfs/scratch/bsc32/bsc096444/ai4land-tfm/tmp/synth_vs_real/synth/f187330,25943.31,299073
synth,/gpfs/scratch/bsc32/bsc096444/ai4land-tfm/tmp/synth_vs_real/synth/f619176,9597.27,4248
real,/gpfs/scratch/ehpc736/data/AI4LAND_NON_preprocessed-data-2000-2015.zarr/kg_class/2.1.10,14409.49,4248
synth,/gpfs/scratch/bsc32/bsc096444/ai4land-tfm/tmp/synth_vs_real/synth/f451989,32257.93,1361339
synth,/gpfs/scratch/bsc32/bsc096444/ai4land-tfm/tmp/synth_vs_real/synth/f276183,11128.89,8472
real,/gpfs/scratch/ehpc736/data/AI4LAND_NON_preprocessed-data-2000-2015.zarr/secmb/14.33.27,17777.75,4248
real,/gpfs/scratch/ehpc736/data/AI4LAND_NON_preprocessed-data-2000-2015.zarr/c3ann/2.28.55,17581.13,4248
real,/gpfs/scratch/ehpc736/data/AI4LAND_NON_preprocessed-data-2000-2015.zarr/primf/3.0.2,12681.01,4248
synth,/gpfs/scratch/bsc32/bsc096444/ai4land-tfm/tmp/synth_vs_real/synth/f242495,19681.89,6534
real,/gpfs/scratch/ehpc736/data/AI4LAND_NON_preprocessed-data-2000-2015.zarr/range/8.13.56,17301.04,439336
real,/gpfs/scratch/ehpc736/data/AI4LAND_NON_preprocessed-data-2000-2015.zarr/secmb/10.1.60,13754.42,4248
synth,/gpfs/scratch/bsc32/bsc096444/ai4land-tfm/tmp/synth_vs_real/synth/f663686,50108.95,4248
synth,/gpfs/scratch/bsc32/bsc096444/ai4land-tfm/tmp/synth_vs_real/synth/f816232,18346.78,8472
synth,/gpfs/scratch/bsc32/bsc096444/ai4land-tfm/tmp/synth_vs_real/synth/f12038,26219.97,706623
real,/gpfs/scratch/ehpc736/data/AI4LAND_NON_preprocessed-data-2000-2015.zarr/number_of_people/8.32.9,15974.26,4248
synth,/gpfs/scratch/bsc32/bsc096444/ai4land-tfm/tmp/synth_vs_real/synth/f844962,3287.85,113550
synth,/gpfs/scratch/bsc32/bsc096444/ai4land-tfm/tmp/synth_vs_real/synth/f432322,17364.31,4248
synth,/gpfs/scratch/bsc32/bsc096444/ai4land-tfm/tmp/synth_vs_real/synth/f188073,30099.53,1504274
real,/gpfs/scratch/ehpc736/data/AI4LAND_NON_preprocessed-data-2000-2015.zarr/range/2.11.34,24827.54,576342
real,/gpfs/scratch/ehpc736/data/AI4LAND_NON_preprocessed-data-2000-2015.zarr/c4per/13.29.20,17485.24,4248
real,/gpfs/scratch/ehpc736/data/AI4LAND_NON_preprocessed-data-2000-2015.zarr/c3ann/9.6.53,36325.62,585859
synth,/gpfs/scratch/bsc32/bsc096444/ai4land-tfm/tmp/synth_vs_real/synth/f398382,4074.41,136897
real,/gpfs/scratch/ehpc736/data/AI4LAND_NON_preprocessed-data-2000-2015.zarr/secma/13.18.37,20612.61,464056
real,/gpfs/scratch/ehpc736/data/AI4LAND_NON_preprocessed-data-2000-2015.zarr/secma/9.7.35,26467.64,386395
real,/gpfs/scratch/ehpc736/data/AI4LAND_NON_preprocessed-data-2000-2015.zarr/primn/0.27.11,17115.06,4248
synth,/gpfs/scratch/bsc32/bsc096444/ai4land-tfm/tmp/synth_vs_real/synth/f96781,7970.86,4248
synth,/gpfs/scratch/bsc32/bsc096444/ai4land-tfm/tmp/synth_vs_real/synth/f874628,113.89,3899
synth,/gpfs/scratch/bsc32/bsc096444/ai4land-tfm/tmp/synth_vs_real/synth/f53045,21724.52,8472
real,/gpfs/scratch/ehpc736/data/AI4LAND_NON_preprocessed-data-2000-2015.zarr/secmb/12.1.63,23573.39,4248
real,/gpfs/scratch/ehpc736/data/AI4LAND_NON_preprocessed-data-2000-2015.zarr/urban/3.23.48,21506.09,4248
real,/gpfs/scratch/ehpc736/data/AI4LAND_NON_preprocessed-data-2000-2015.zarr/c3nfx/2.22.44,23964.25,188264
synth,/gpfs/scratch/bsc32/bsc096444/ai4land-tfm/tmp/synth_vs_real/synth/f101639,17241.16,4248
synth,/gpfs/scratch/bsc32/bsc096444/ai4land-tfm/tmp/synth_vs_real/synth/f475763,20442.14,4248
real,/gpfs/scratch/ehpc736/data/AI4LAND_NON_preprocessed-data-2000-2015.zarr/secdn/5.31.33,22138.89,4248
real,/gpfs/scratch/ehpc736/data/AI4LAND_NON_preprocessed-data-2000-2015.zarr/primf/1.11.33,13496.55,4772
real,/gpfs/scratch/ehpc736/data/AI4LAND_NON_preprocessed-data-2000-2015.zarr/number_of_people/9.23.13,19940.89,4248
real,/gpfs/scratch/ehpc736/data/AI4LAND_NON_preprocessed-data-2000-2015.zarr/c3per/1.12.19,7333.09,211007
real,/gpfs/scratch/ehpc736/data/AI4LAND_NON_preprocessed-data-2000-2015.zarr/kg_class/4.24.47,18079.17,4248
real,/gpfs/scratch/ehpc736/data/AI4LAND_NON_preprocessed-data-2000-2015.zarr/c3ann/7.7.53,27572.71,655042
real,/gpfs/scratch/ehpc736/data/AI4LAND_NON_preprocessed-data-2000-2015.zarr/primf/2.15.29,14287.30,4248
synth,/gpfs/scratch/bsc32/bsc096444/ai4land-tfm/tmp/synth_vs_real/synth/f771476,23815.99,4248
synth,/gpfs/scratch/bsc32/bsc096444/ai4land-tfm/tmp/synth_vs_real/synth/f572092,21974.83,4248
synth,/gpfs/scratch/bsc32/bsc096444/ai4land-tfm/tmp/synth_vs_real/synth/f846335,1792.10,4248
real,/gpfs/scratch/ehpc736/data/AI4LAND_NON_preprocessed-data-2000-2015.zarr/kg_class/15.26.7,17687.65,4248
real,/gpfs/scratch/ehpc736/data/AI4LAND_NON_preprocessed-data-2000-2015.zarr/secdf/3.17.26,26107.82,69516
synth,/gpfs/scratch/bsc32/bsc096444/ai4land-tfm/tmp/synth_vs_real/synth/f927657,287.57,4248
synth,/gpfs/scratch/bsc32/bsc096444/ai4land-tfm/tmp/synth_vs_real/synth/f754717,23287.39,4248
synth,/gpfs/scratch/bsc32/bsc096444/ai4land-tfm/tmp/synth_vs_real/synth/f245884,14778.80,4248
real,/gpfs/scratch/ehpc736/data/AI4LAND_NON_preprocessed-data-2000-2015.zarr/c3nfx/2.3.55,17061.54,4282
real,/gpfs/scratch/ehpc736/data/AI4LAND_NON_preprocessed-data-2000-2015.zarr/c4per/12.35.0,20644.66,4248
real,/gpfs/scratch/ehpc736/data/AI4LAND_NON_preprocessed-data-2000-2015.zarr/secmb/8.17.30,13585.17,4248
real,/gpfs/scratch/ehpc736/data/AI4LAND_NON_preprocessed-data-2000-2015.zarr/range/4.6.67,22312.46,5434
synth,/gpfs/scratch/bsc32/bsc096444/ai4land-tfm/tmp/synth_vs_real/synth/f493152,24706.45,99368
synth,/gpfs/scratch/bsc32/bsc096444/ai4land-tfm/tmp/synth_vs_real/synth/f783826,879.66,4248
synth,/gpfs/scratch/bsc32/bsc096444/ai4land-tfm/tmp/synth_vs_real/synth/f263626,18540.50,4248
synth,/gpfs/scratch/bsc32/bsc096444/ai4land-tfm/tmp/synth_vs_real/synth/f971366,237.25,4296
synth,/gpfs/scratch/bsc32/bsc096444/ai4land-tfm/tmp/synth_vs_real/synth/f440552,18307.60,4248
synth,/gpfs/scratch/bsc32/bsc096444/ai4land-tfm/tmp/synth_vs_real/synth/f277746,19223.48,4248
synth,/gpfs/scratch/bsc32/bsc096444/ai4land-tfm/tmp/synth_vs_real/synth/f311120,17431.51,8759
synth,/gpfs/scratch/bsc32/bsc096444/ai4land-tfm/tmp/synth_vs_real/synth/f328838,1383.05,12682
synth,/gpfs/scratch/bsc32/bsc096444/ai4land-tfm/tmp/synth_vs_real/synth/f452248,22486.76,48604
real,/gpfs/scratch/ehpc736/data/AI4LAND_NON_preprocessed-data-2000-2015.zarr/urban/15.8.56,30479.91,610520
synth,/gpfs/scratch/bsc32/bsc096444/ai4land-tfm/tmp/synth_vs_real/synth/f720892,829.30,4248
real,/gpfs/scratch/ehpc736/data/AI4LAND_NON_preprocessed-data-2000-2015.zarr/secdf/1.9.8,28997.84,4248
real,/gpfs/scratch/ehpc736/data/AI4LAND_NON_preprocessed-data-2000-2015.zarr/range/1.2.59,17782.72,4248
synth,/gpfs/scratch/bsc32/bsc096444/ai4land-tfm/tmp/synth_vs_real/synth/f328914,25532.10,4248
synth,/gpfs/scratch/bsc32/bsc096444/ai4land-tfm/tmp/synth_vs_real/synth/f344207,25446.24,107219
synth,/gpfs/scratch/bsc32/bsc096444/ai4land-tfm/tmp/synth_vs_real/synth/f63556,18546.48,4248
synth,/gpfs/scratch/bsc32/bsc096444/ai4land-tfm/tmp/synth_vs_real/synth/f800581,13176.67,4248
real,/gpfs/scratch/ehpc736/data/AI4LAND_NON_preprocessed-data-2000-2015.zarr/secdn/2.22.59,25779.67,91375
synth,/gpfs/scratch/bsc32/bsc096444/ai4land-tfm/tmp/synth_vs_real/synth/f78898,10456.64,4248
synth,/gpfs/scratch/bsc32/bsc096444/ai4land-tfm/tmp/synth_vs_real/synth/f532496,19346.40,4248
synth,/gpfs/scratch/bsc32/bsc096444/ai4land-tfm/tmp/synth_vs_real/synth/f199312,21689.63,8948
synth,/gpfs/scratch/bsc32/bsc096444/ai4land-tfm/tmp/synth_vs_real/synth/f493554,30698.76,4248
real,/gpfs/scratch/ehpc736/data/AI4LAND_NON_preprocessed-data-2000-2015.zarr/primf/4.17.13,17464.35,4248
real,/gpfs/scratch/ehpc736/data/AI4LAND_NON_preprocessed-data-2000-2015.zarr/c3ann/6.28.40,21167.53,4248
real,/gpfs/scratch/ehpc736/data/AI4LAND_NON_preprocessed-data-2000-2015.zarr/range/8.20.25,34831.86,723372
real,/gpfs/scratch/ehpc736/data/AI4LAND_NON_preprocessed-data-2000-2015.zarr/primf/12.22.68,19516.50,4248
real,/gpfs/scratch/ehpc736/data/AI4LAND_NON_preprocessed-data-2000-2015.zarr/secdn/10.25.3,34957.66,4248
real,/gpfs/scratch/ehpc736/data/AI4LAND_NON_preprocessed-data-2000-2015.zarr/secdf/3.20.25,49937.08,752597
real,/gpfs/scratch/ehpc736/data/AI4LAND_NON_preprocessed-data-2000-2015.zarr/number_of_people/13.6.67,16129.62,30910
real,/gpfs/scratch/ehpc736/data/AI4LAND_NON_preprocessed-data-2000-2015.zarr/urban/11.34.31,17683.77,4248
synth,/gpfs/scratch/bsc32/bsc096444/ai4land-tfm/tmp/synth_vs_real/synth/f568532,5071.84,1523974
synth,/gpfs/scratch/bsc32/bsc096444/ai4land-tfm/tmp/synth_vs_real/synth/f638551,22838.11,743506
real,/gpfs/scratch/ehpc736/data/AI4LAND_NON_preprocessed-data-2000-2015.zarr/range/2.27.60,10291.41,4248
synth,/gpfs/scratch/bsc32/bsc096444/ai4land-tfm/tmp/synth_vs_real/synth/f28276,19449.18,4248
synth,/gpfs/scratch/bsc32/bsc096444/ai4land-tfm/tmp/synth_vs_real/synth/f414850,18931.38,324445
real,/gpfs/scratch/ehpc736/data/AI4LAND_NON_preprocessed-data-2000-2015.zarr/kg_class/5.25.64,16505.48,13216
synth,/gpfs/scratch/bsc32/bsc096444/ai4land-tfm/tmp/synth_vs_real/synth/f61733,21943.22,4248
real,/gpfs/scratch/ehpc736/data/AI4LAND_NON_preprocessed-data-2000-2015.zarr/secmb/5.25.35,12893.36,4248
real,/gpfs/scratch/ehpc736/data/AI4LAND_NON_preprocessed-data-2000-2015.zarr/c3per/7.9.49,42310.73,751542
real,/gpfs/scratch/ehpc736/data/AI4LAND_NON_preprocessed-data-2000-2015.zarr/c3per/6.5.65,17134.94,4828
real,/gpfs/scratch/ehpc736/data/AI4LAND_NON_preprocessed-data-2000-2015.zarr/pastr/10.8.50,21103.67,83703
real,/gpfs/scratch/ehpc736/data/AI4LAND_NON_preprocessed-data-2000-2015.zarr/pastr/8.35.67,17431.19,4248
synth,/gpfs/scratch/bsc32/bsc096444/ai4land-tfm/tmp/synth_vs_real/synth/f407746,18858.10,4248
real,/gpfs/scratch/ehpc736/data/AI4LAND_NON_preprocessed-data-2000-2015.zarr/number_of_people/4.20.45,20082.08,6297
real,/gpfs/scratch/ehpc736/data/AI4LAND_NON_preprocessed-data-2000-2015.zarr/number_of_people/12.0.70,22869.14,4312
real,/gpfs/scratch/ehpc736/data/AI4LAND_NON_preprocessed-data-2000-2015.zarr/secma/4.19.1,33249.65,4248
real,/gpfs/scratch/ehpc736/data/AI4LAND_NON_preprocessed-data-2000-2015.zarr/secmb/15.16.42,26019.22,574538
synth,/gpfs/scratch/bsc32/bsc096444/ai4land-tfm/tmp/synth_vs_real/synth/f889545,165.77,4248
real,/gpfs/scratch/ehpc736/data/AI4LAND_NON_preprocessed-data-2000-2015.zarr/number_of_people/3.26.24,21728.67,4248
synth,/gpfs/scratch/bsc32/bsc096444/ai4land-tfm/tmp/synth_vs_real/synth/f235612,17940.11,4248
synth,/gpfs/scratch/bsc32/bsc096444/ai4land-tfm/tmp/synth_vs_real/synth/f581542,12347.29,4248
synth,/gpfs/scratch/bsc32/bsc096444/ai4land-tfm/tmp/synth_vs_real/synth/f222955,31750.13,656374
real,/gpfs/scratch/ehpc736/data/AI4LAND_NON_preprocessed-data-2000-2015.zarr/urban/13.15.0,17617.36,4248
synth,/gpfs/scratch/bsc32/bsc096444/ai4land-tfm/tmp/synth_vs_real/synth/f48458,10545.88,4248
synth,/gpfs/scratch/bsc32/bsc096444/ai4land-tfm/tmp/synth_vs_real/synth/f284913,10064.67,6885
synth,/gpfs/scratch/bsc32/bsc096444/ai4land-tfm/tmp/synth_vs_real/synth/f771711,18796.72,8472
synth,/gpfs/scratch/bsc32/bsc096444/ai4land-tfm/tmp/synth_vs_real/synth/f312942,1667.24,113550
real,/gpfs/scratch/ehpc736/data/AI4LAND_NON_preprocessed-data-2000-2015.zarr/secdf/6.20.63,16240.62,176756
synth,/gpfs/scratch/bsc32/bsc096444/ai4land-tfm/tmp/synth_vs_real/synth/f628038,5359.26,578231
synth,/gpfs/scratch/bsc32/bsc096444/ai4land-tfm/tmp/synth_vs_real/synth/f987335,245.38,4248
real,/gpfs/scratch/ehpc736/data/AI4LAND_NON_preprocessed-data-2000-2015.zarr/c3nfx/2.33.53,15826.68,4248
synth,/gpfs/scratch/bsc32/bsc096444/ai4land-tfm/tmp/synth_vs_real/synth/f291369,5431.60,125279
real,/gpfs/scratch/ehpc736/data/AI4LAND_NON_preprocessed-data-2000-2015.zarr/secmb/2.16.46,18935.56,4248
real,/gpfs/scratch/ehpc736/data/AI4LAND_NON_preprocessed-data-2000-2015.zarr/primn/10.0.15,17464.34,4248
synth,/gpfs/scratch/bsc32/bsc096444/ai4land-tfm/tmp/synth_vs_real/synth/f352944,22598.48,8472
synth,/gpfs/scratch/bsc32/bsc096444/ai4land-tfm/tmp/synth_vs_real/synth/f401641,21656.46,456144
synth,/gpfs/scratch/bsc32/bsc096444/ai4land-tfm/tmp/synth_vs_real/synth/f329164,15602.67,4248
real,/gpfs/scratch/ehpc736/data/AI4LAND_NON_preprocessed-data-2000-2015.zarr/c3per/12.20.33,20693.38,4248
real,/gpfs/scratch/ehpc736/data/AI4LAND_NON_preprocessed-data-2000-2015.zarr/secma/2.6.7,25393.83,4248
synth,/gpfs/scratch/bsc32/bsc096444/ai4land-tfm/tmp/synth_vs_real/synth/f85965,15667.99,4248
real,/gpfs/scratch/ehpc736/data/AI4LAND_NON_preprocessed-data-2000-2015.zarr/c3nfx/2.15.7,21962.67,4248
synth,/gpfs/scratch/bsc32/bsc096444/ai4land-tfm/tmp/synth_vs_real/synth/f970733,268.98,8472
real,/gpfs/scratch/ehpc736/data/AI4LAND_NON_preprocessed-data-2000-2015.zarr/primn/7.24.9,20390.08,4248
synth,/gpfs/scratch/bsc32/bsc096444/ai4land-tfm/tmp/synth_vs_real/synth/f578856,33197.63,256065
synth,/gpfs/scratch/bsc32/bsc096444/ai4land-tfm/tmp/synth_vs_real/synth/f918398,5748.56,882381
synth,/gpfs/scratch/bsc32/bsc096444/ai4land-tfm/tmp/synth_vs_real/synth/f921406,10637.15,823327
real,/gpfs/scratch/ehpc736/data/AI4LAND_NON_preprocessed-data-2000-2015.zarr/secma/4.13.56,20592.80,393551
synth,/gpfs/scratch/bsc32/bsc096444/ai4land-tfm/tmp/synth_vs_real/synth/f948791,5261.67,513849
real,/gpfs/scratch/ehpc736/data/AI4LAND_NON_preprocessed-data-2000-2015.zarr/primn/2.6.67,22027.69,26062
real,/gpfs/scratch/ehpc736/data/AI4LAND_NON_preprocessed-data-2000-2015.zarr/number_of_people/14.15.47,16661.76,4248
synth,/gpfs/scratch/bsc32/bsc096444/ai4land-tfm/tmp/synth_vs_real/synth/f770763,534.62,8472
synth,/gpfs/scratch/bsc32/bsc096444/ai4land-tfm/tmp/synth_vs_real/synth/f612554,18173.53,8472
real,/gpfs/scratch/ehpc736/data/AI4LAND_NON_preprocessed-data-2000-2015.zarr/secdf/2.34.15,17905.58,4248
synth,/gpfs/scratch/bsc32/bsc096444/ai4land-tfm/tmp/synth_vs_real/synth/f729716,19143.30,22308
synth,/gpfs/scratch/bsc32/bsc096444/ai4land-tfm/tmp/synth_vs_real/synth/f231148,17306.70,4248
synth,/gpfs/scratch/bsc32/bsc096444/ai4land-tfm/tmp/synth_vs_real/synth/f397887,19078.75,4248
synth,/gpfs/scratch/bsc32/bsc096444/ai4land-tfm/tmp/synth_vs_real/synth/f858179,163.18,4248
real,/gpfs/scratch/ehpc736/data/AI4LAND_NON_preprocessed-data-2000-2015.zarr/secdn/3.10.65,18000.15,4248
real,/gpfs/scratch/ehpc736/data/AI4LAND_NON_preprocessed-data-2000-2015.zarr/kg_class/0.10.61,37263.72,34288
synth,/gpfs/scratch/bsc32/bsc096444/ai4land-tfm/tmp/synth_vs_real/synth/f652483,26412.52,294680
real,/gpfs/scratch/ehpc736/data/AI4LAND_NON_preprocessed-data-2000-2015.zarr/number_of_people/5.30.51,8674.38,4248
real,/gpfs/scratch/ehpc736/data/AI4LAND_NON_preprocessed-data-2000-2015.zarr/LULC_states/10.7.54,18638.90,103733
real,/gpfs/scratch/ehpc736/data/AI4LAND_NON_preprocessed-data-2000-2015.zarr/LULC_states/6.8.8,21307.67,4248
real,/gpfs/scratch/ehpc736/data/AI4LAND_NON_preprocessed-data-2000-2015.zarr/secma/12.21.20,19673.11,4248
synth,/gpfs/scratch/bsc32/bsc096444/ai4land-tfm/tmp/synth_vs_real/synth/f278517,8388.88,4248
synth,/gpfs/scratch/bsc32/bsc096444/ai4land-tfm/tmp/synth_vs_real/synth/f920659,128.41,4248
synth,/gpfs/scratch/bsc32/bsc096444/ai4land-tfm/tmp/synth_vs_real/synth/f967242,88.53,4248
synth,/gpfs/scratch/bsc32/bsc096444/ai4land-tfm/tmp/synth_vs_real/synth/f586075,17612.04,4248
real,/gpfs/scratch/ehpc736/data/AI4LAND_NON_preprocessed-data-2000-2015.zarr/secma/2.17.42,28657.87,597855
synth,/gpfs/scratch/bsc32/bsc096444/ai4land-tfm/tmp/synth_vs_real/synth/f949314,12201.68,1530261
synth,/gpfs/scratch/bsc32/bsc096444/ai4land-tfm/tmp/synth_vs_real/synth/f556926,14163.03,4248
synth,/gpfs/scratch/bsc32/bsc096444/ai4land-tfm/tmp/synth_vs_real/synth/f137174,20083.91,57823
real,/gpfs/scratch/ehpc736/data/AI4LAND_NON_preprocessed-data-2000-2015.zarr/secmb/11.29.40,14959.98,4248
real,/gpfs/scratch/ehpc736/data/AI4LAND_NON_preprocessed-data-2000-2015.zarr/range/5.0.24,28937.11,4248
synth,/gpfs/scratch/bsc32/bsc096444/ai4land-tfm/tmp/synth_vs_real/synth/f704318,13091.52,4248
real,/gpfs/scratch/ehpc736/data/AI4LAND_NON_preprocessed-data-2000-2015.zarr/range/9.18.40,34624.55,746150
real,/gpfs/scratch/ehpc736/data/AI4LAND_NON_preprocessed-data-2000-2015.zarr/pastr/5.0.36,32081.77,4248
synth,/gpfs/scratch/bsc32/bsc096444/ai4land-tfm/tmp/synth_vs_real/synth/f690855,3295.67,4248
real,/gpfs/scratch/ehpc736/data/AI4LAND_NON_preprocessed-data-2000-2015.zarr/secdn/13.5.30,22093.44,17442
synth,/gpfs/scratch/bsc32/bsc096444/ai4land-tfm/tmp/synth_vs_real/synth/f529298,23225.86,328939
synth,/gpfs/scratch/bsc32/bsc096444/ai4land-tfm/tmp/synth_vs_real/synth/f160263,16687.50,4248
real,/gpfs/scratch/ehpc736/data/AI4LAND_NON_preprocessed-data-2000-2015.zarr/secmb/10.35.44,18299.70,4248
real,/gpfs/scratch/ehpc736/data/AI4LAND_NON_preprocessed-data-2000-2015.zarr/secma/13.33.19,28707.10,4248
real,/gpfs/scratch/ehpc736/data/AI4LAND_NON_preprocessed-data-2000-2015.zarr/c3nfx/2.25.56,24727.61,4248
real,/gpfs/scratch/ehpc736/data/AI4LAND_NON_preprocessed-data-2000-2015.zarr/urban/4.12.25,16366.48,4248
synth,/gpfs/scratch/bsc32/bsc096444/ai4land-tfm/tmp/synth_vs_real/synth/f444151,26796.09,107266
synth,/gpfs/scratch/bsc32/bsc096444/ai4land-tfm/tmp/synth_vs_real/synth/f66613,17708.85,4248
real,/gpfs/scratch/ehpc736/data/AI4LAND_NON_preprocessed-data-2000-2015.zarr/c3nfx/14.12.65,13536.25,4248
real,/gpfs/scratch/ehpc736/data/AI4LAND_NON_preprocessed-data-2000-2015.zarr/primn/1.15.21,27122.29,410918
synth,/gpfs/scratch/bsc32/bsc096444/ai4land-tfm/tmp/synth_vs_real/synth/f81247,14470.92,4248
synth,/gpfs/scratch/bsc32/bsc096444/ai4land-tfm/tmp/synth_vs_real/synth/f884642,1125.17,4248
synth,/gpfs/scratch/bsc32/bsc096444/ai4land-tfm/tmp/synth_vs_real/synth/f221231,17789.73,4248
synth,/gpfs/scratch/bsc32/bsc096444/ai4land-tfm/tmp/synth_vs_real/synth/f290120,13821.40,8139
real,/gpfs/scratch/ehpc736/data/AI4LAND_NON_preprocessed-data-2000-2015.zarr/number_of_people/3.33.44,19237.42,4248
real,/gpfs/scratch/ehpc736/data/AI4LAND_NON_preprocessed-data-2000-2015.zarr/secma/3.13.54,36303.94,702689
synth,/gpfs/scratch/bsc32/bsc096444/ai4land-tfm/tmp/synth_vs_real/synth/f788539,18439.38,41062
real,/gpfs/scratch/ehpc736/data/AI4LAND_NON_preprocessed-data-2000-2015.zarr/range/9.3.34,16190.09,4248
real,/gpfs/scratch/ehpc736/data/AI4LAND_NON_preprocessed-data-2000-2015.zarr/secdf/5.29.39,25468.54,4248
synth,/gpfs/scratch/bsc32/bsc096444/ai4land-tfm/tmp/synth_vs_real/synth/f97793,20319.97,509779
synth,/gpfs/scratch/bsc32/bsc096444/ai4land-tfm/tmp/synth_vs_real/synth/f790170,18092.10,8472
real,/gpfs/scratch/ehpc736/data/AI4LAND_NON_preprocessed-data-2000-2015.zarr/primn/9.27.5,9987.17,4248
real,/gpfs/scratch/ehpc736/data/AI4LAND_NON_preprocessed-data-2000-2015.zarr/primf/9.28.45,13809.80,4248
real,/gpfs/scratch/ehpc736/data/AI4LAND_NON_preprocessed-data-2000-2015.zarr/kg_class/3.1.29,17420.44,24186
real,/gpfs/scratch/ehpc736/data/AI4LAND_NON_preprocessed-data-2000-2015.zarr/secdf/15.25.32,21550.38,4248
real,/gpfs/scratch/ehpc736/data/AI4LAND_NON_preprocessed-data-2000-2015.zarr/secmb/6.7.39,26408.06,628959
real,/gpfs/scratch/ehpc736/data/AI4LAND_NON_preprocessed-data-2000-2015.zarr/primf/11.2.69,18917.81,4248
real,/gpfs/scratch/ehpc736/data/AI4LAND_NON_preprocessed-data-2000-2015.zarr/urban/5.13.28,19721.32,4248
synth,/gpfs/scratch/bsc32/bsc096444/ai4land-tfm/tmp/synth_vs_real/synth/f499948,12863.36,1637199
synth,/gpfs/scratch/bsc32/bsc096444/ai4land-tfm/tmp/synth_vs_real/synth/f291773,25366.78,316430
synth,/gpfs/scratch/bsc32/bsc096444/ai4land-tfm/tmp/synth_vs_real/synth/f72792,19216.95,4248
real,/gpfs/scratch/ehpc736/data/AI4LAND_NON_preprocessed-data-2000-2015.zarr/number_of_people/11.13.30,15454.87,4248
real,/gpfs/scratch/ehpc736/data/AI4LAND_NON_preprocessed-data-2000-2015.zarr/urban/14.12.33,19827.03,19925
synth,/gpfs/scratch/bsc32/bsc096444/ai4land-tfm/tmp/synth_vs_real/synth/f202511,32242.47,879861
real,/gpfs/scratch/ehpc736/data/AI4LAND_NON_preprocessed-data-2000-2015.zarr/c3nfx/11.16.33,21808.90,457914
real,/gpfs/scratch/ehpc736/data/AI4LAND_NON_preprocessed-data-2000-2015.zarr/secmb/11.13.3,21052.43,4296
synth,/gpfs/scratch/bsc32/bsc096444/ai4land-tfm/tmp/synth_vs_real/synth/f485100,26910.53,374494
real,/gpfs/scratch/ehpc736/data/AI4LAND_NON_preprocessed-data-2000-2015.zarr/number_of_people/4.5.64,25425.93,347966
real,/gpfs/scratch/ehpc736/data/AI4LAND_NON_preprocessed-data-2000-2015.zarr/c3nfx/2.32.27,19622.21,4248
real,/gpfs/scratch/ehpc736/data/AI4LAND_NON_preprocessed-data-2000-2015.zarr/c4per/8.23.21,18345.92,204245
synth,/gpfs/scratch/bsc32/bsc096444/ai4land-tfm/tmp/synth_vs_real/synth/f695205,11823.02,4248
synth,/gpfs/scratch/bsc32/bsc096444/ai4land-tfm/tmp/synth_vs_real/synth/f752787,16505.24,4248
synth,/gpfs/scratch/bsc32/bsc096444/ai4land-tfm/tmp/synth_vs_real/synth/f340035,17251.28,4248
synth,/gpfs/scratch/bsc32/bsc096444/ai4land-tfm/tmp/synth_vs_real/synth/f33659,14811.53,18151
real,/gpfs/scratch/ehpc736/data/AI4LAND_NON_preprocessed-data-2000-2015.zarr/range/11.15.21,22207.41,494128
real,/gpfs/scratch/ehpc736/data/AI4LAND_NON_preprocessed-data-2000-2015.zarr/primn/10.2.48,24349.96,58597
real,/gpfs/scratch/ehpc736/data/AI4LAND_NON_preprocessed-data-2000-2015.zarr/urban/13.0.59,11366.30,4248
real,/gpfs/scratch/ehpc736/data/AI4LAND_NON_preprocessed-data-2000-2015.zarr/kg_class/15.10.27,20545.99,4248
synth,/gpfs/scratch/bsc32/bsc096444/ai4land-tfm/tmp/synth_vs_real/synth/f246629,15904.20,4926
synth,/gpfs/scratch/bsc32/bsc096444/ai4land-tfm/tmp/synth_vs_real/synth/f234053,20704.17,14411
synth,/gpfs/scratch/bsc32/bsc096444/ai4land-tfm/tmp/synth_vs_real/synth/f920782,238.99,8647
synth,/gpfs/scratch/bsc32/bsc096444/ai4land-tfm/tmp/synth_vs_real/synth/f518392,10332.24,8472
synth,/gpfs/scratch/bsc32/bsc096444/ai4land-tfm/tmp/synth_vs_real/synth/f356778,8123.24,16420
real,/gpfs/scratch/ehpc736/data/AI4LAND_NON_preprocessed-data-2000-2015.zarr/range/4.15.21,23892.15,494926
synth,/gpfs/scratch/bsc32/bsc096444/ai4land-tfm/tmp/synth_vs_real/synth/f30434,19725.48,4248
synth,/gpfs/scratch/bsc32/bsc096444/ai4land-tfm/tmp/synth_vs_real/synth/f671088,23322.79,4248
real,/gpfs/scratch/ehpc736/data/AI4LAND_NON_preprocessed-data-2000-2015.zarr/number_of_people/4.28.52,16327.19,4248
synth,/gpfs/scratch/bsc32/bsc096444/ai4land-tfm/tmp/synth_vs_real/synth/f642412,4784.54,38523
synth,/gpfs/scratch/bsc32/bsc096444/ai4land-tfm/tmp/synth_vs_real/synth/f576510,17625.68,4248
real,/gpfs/scratch/ehpc736/data/AI4LAND_NON_preprocessed-data-2000-2015.zarr/secma/9.29.33,23914.35,4248
real,/gpfs/scratch/ehpc736/data/AI4LAND_NON_preprocessed-data-2000-2015.zarr/c3ann/9.11.0,16515.37,4248
synth,/gpfs/scratch/bsc32/bsc096444/ai4land-tfm/tmp/synth_vs_real/synth/f612451,23267.65,293072
real,/gpfs/scratch/ehpc736/data/AI4LAND_NON_preprocessed-data-2000-2015.zarr/pastr/6.33.26,19938.57,4248
synth,/gpfs/scratch/bsc32/bsc096444/ai4land-tfm/tmp/synth_vs_real/synth/f490785,20562.69,22801
real,/gpfs/scratch/ehpc736/data/AI4LAND_NON_preprocessed-data-2000-2015.zarr/secmb/3.28.44,20288.55,4248
synth,/gpfs/scratch/bsc32/bsc096444/ai4land-tfm/tmp/synth_vs_real/synth/f61324,40148.70,1521585
synth,/gpfs/scratch/bsc32/bsc096444/ai4land-tfm/tmp/synth_vs_real/synth/f599,17171.02,4248
synth,/gpfs/scratch/bsc32/bsc096444/ai4land-tfm/tmp/synth_vs_real/synth/f435970,32229.10,113772
real,/gpfs/scratch/ehpc736/data/AI4LAND_NON_preprocessed-data-2000-2015.zarr/urban/10.20.1,16908.41,14345
synth,/gpfs/scratch/bsc32/bsc096444/ai4land-tfm/tmp/synth_vs_real/synth/f199659,25687.29,547462
real,/gpfs/scratch/ehpc736/data/AI4LAND_NON_preprocessed-data-2000-2015.zarr/primf/1.22.64,12176.20,4512
synth,/gpfs/scratch/bsc32/bsc096444/ai4land-tfm/tmp/synth_vs_real/synth/f753305,20278.61,8857
real,/gpfs/scratch/ehpc736/data/AI4LAND_NON_preprocessed-data-2000-2015.zarr/secma/13.12.44,27558.87,79824
synth,/gpfs/scratch/bsc32/bsc096444/ai4land-tfm/tmp/synth_vs_real/synth/f813694,18594.56,4248
synth,/gpfs/scratch/bsc32/bsc096444/ai4land-tfm/tmp/synth_vs_real/synth/f392077,14393.59,4248
synth,/gpfs/scratch/bsc32/bsc096444/ai4land-tfm/tmp/synth_vs_real/synth/f783300,28425.97,4248
real,/gpfs/scratch/ehpc736/data/AI4LAND_NON_preprocessed-data-2000-2015.zarr/c3ann/15.23.14,17101.32,4248
real,/gpfs/scratch/ehpc736/data/AI4LAND_NON_preprocessed-data-2000-2015.zarr/secmb/10.33.24,19142.40,4248
real,/gpfs/scratch/ehpc736/data/AI4LAND_NON_preprocessed-data-2000-2015.zarr/secma/15.19.14,20076.50,4248
synth,/gpfs/scratch/bsc32/bsc096444/ai4land-tfm/tmp/synth_vs_real/synth/f737715,21536.28,378271
synth,/gpfs/scratch/bsc32/bsc096444/ai4land-tfm/tmp/synth_vs_real/synth/f423389,27369.21,294159
synth,/gpfs/scratch/bsc32/bsc096444/ai4land-tfm/tmp/synth_vs_real/synth/f620644,16552.11,497201
real,/gpfs/scratch/ehpc736/data/AI4LAND_NON_preprocessed-data-2000-2015.zarr/primf/7.29.17,14243.17,4248
real,/gpfs/scratch/ehpc736/data/AI4LAND_NON_preprocessed-data-2000-2015.zarr/c3ann/6.17.15,15821.30,4248
synth,/gpfs/scratch/bsc32/bsc096444/ai4land-tfm/tmp/synth_vs_real/synth/f876325,3139.40,108480
real,/gpfs/scratch/ehpc736/data/AI4LAND_NON_preprocessed-data-2000-2015.zarr/c3nfx/4.20.4,17573.41,4248
real,/gpfs/scratch/ehpc736/data/AI4LAND_NON_preprocessed-data-2000-2015.zarr/primn/10.10.25,17249.45,4248
real,/gpfs/scratch/ehpc736/data/AI4LAND_NON_preprocessed-data-2000-2015.zarr/primn/2.24.35,21095.79,4248
synth,/gpfs/scratch/bsc32/bsc096444/ai4land-tfm/tmp/synth_vs_real/synth/f125710,26551.37,8472
synth,/gpfs/scratch/bsc32/bsc096444/ai4land-tfm/tmp/synth_vs_real/synth/f258175,4360.95,619206
real,/gpfs/scratch/ehpc736/data/AI4LAND_NON_preprocessed-data-2000-2015.zarr/c3per/14.20.44,31620.40,485702
real,/gpfs/scratch/ehpc736/data/AI4LAND_NON_preprocessed-data-2000-2015.zarr/c4per/2.4.28,15762.37,4620
synth,/gpfs/scratch/bsc32/bsc096444/ai4land-tfm/tmp/synth_vs_real/synth/f339902,20616.45,8472
synth,/gpfs/scratch/bsc32/bsc096444/ai4land-tfm/tmp/synth_vs_real/synth/f113346,17429.94,8472
real,/gpfs/scratch/ehpc736/data/AI4LAND_NON_preprocessed-data-2000-2015.zarr/secdn/4.6.9,21190.44,13794
real,/gpfs/scratch/ehpc736/data/AI4LAND_NON_preprocessed-data-2000-2015.zarr/number_of_people/5.30.39,18211.11,4248
real,/gpfs/scratch/ehpc736/data/AI4LAND_NON_preprocessed-data-2000-2015.zarr/secdf/6.17.51,26814.69,4248
synth,/gpfs/scratch/bsc32/bsc096444/ai4land-tfm/tmp/synth_vs_real/synth/f906036,409.00,8472
synth,/gpfs/scratch/bsc32/bsc096444/ai4land-tfm/tmp/synth_vs_real/synth/f759359,1299.78,4248
synth,/gpfs/scratch/bsc32/bsc096444/ai4land-tfm/tmp/synth_vs_real/synth/f20422,20081.98,4248
real,/gpfs/scratch/ehpc736/data/AI4LAND_NON_preprocessed-data-2000-2015.zarr/c4per/3.25.52,19076.39,4248
real,/gpfs/scratch/ehpc736/data/AI4LAND_NON_preprocessed-data-2000-2015.zarr/secdn/11.31.22,17221.03,4248
synth,/gpfs/scratch/bsc32/bsc096444/ai4land-tfm/tmp/synth_vs_real/synth/f133470,16850.58,4248
synth,/gpfs/scratch/bsc32/bsc096444/ai4land-tfm/tmp/synth_vs_real/synth/f359536,17852.08,14282
synth,/gpfs/scratch/bsc32/bsc096444/ai4land-tfm/tmp/synth_vs_real/synth/f631262,1535.18,8472
real,/gpfs/scratch/ehpc736/data/AI4LAND_NON_preprocessed-data-2000-2015.zarr/pastr/4.27.61,33942.96,4248
real,/gpfs/scratch/ehpc736/data/AI4LAND_NON_preprocessed-data-2000-2015.zarr/secmb/12.2.15,18352.46,82004
real,/gpfs/scratch/ehpc736/data/AI4LAND_NON_preprocessed-data-2000-2015.zarr/primf/0.25.44,14377.76,4248
synth,/gpfs/scratch/bsc32/bsc096444/ai4land-tfm/tmp/synth_vs_real/synth/f729308,5823.99,1530261
real,/gpfs/scratch/ehpc736/data/AI4LAND_NON_preprocessed-data-2000-2015.zarr/range/9.21.63,34713.89,605072
synth,/gpfs/scratch/bsc32/bsc096444/ai4land-tfm/tmp/synth_vs_real/synth/f787625,20306.16,4328
synth,/gpfs/scratch/bsc32/bsc096444/ai4land-tfm/tmp/synth_vs_real/synth/f752470,18859.35,8472
synth,/gpfs/scratch/bsc32/bsc096444/ai4land-tfm/tmp/synth_vs_real/synth/f571858,16091.61,4248
real,/gpfs/scratch/ehpc736/data/AI4LAND_NON_preprocessed-data-2000-2015.zarr/kg_class/1.28.55,21980.42,4248
synth,/gpfs/scratch/bsc32/bsc096444/ai4land-tfm/tmp/synth_vs_real/synth/f810891,13003.35,4248
real,/gpfs/scratch/ehpc736/data/AI4LAND_NON_preprocessed-data-2000-2015.zarr/secdn/12.33.39,18755.43,4248
synth,/gpfs/scratch/bsc32/bsc096444/ai4land-tfm/tmp/synth_vs_real/synth/f704314,23466.21,8472
synth,/gpfs/scratch/bsc32/bsc096444/ai4land-tfm/tmp/synth_vs_real/synth/f102664,24334.56,669986
synth,/gpfs/scratch/bsc32/bsc096444/ai4land-tfm/tmp/synth_vs_real/synth/f120116,45388.02,8472
real,/gpfs/scratch/ehpc736/data/AI4LAND_NON_preprocessed-data-2000-2015.zarr/secdn/12.22.2,10543.42,4248
synth,/gpfs/scratch/bsc32/bsc096444/ai4land-tfm/tmp/synth_vs_real/synth/f167753,10530.03,4248
real,/gpfs/scratch/ehpc736/data/AI4LAND_NON_preprocessed-data-2000-2015.zarr/c4ann/6.16.61,17689.67,4248
real,/gpfs/scratch/ehpc736/data/AI4LAND_NON_preprocessed-data-2000-2015.zarr/secdn/2.12.68,47449.16,4248
synth,/gpfs/scratch/bsc32/bsc096444/ai4land-tfm/tmp/synth_vs_real/synth/f508136,26716.10,4248
synth,/gpfs/scratch/bsc32/bsc096444/ai4land-tfm/tmp/synth_vs_real/synth/f487115,18157.99,4284
synth,/gpfs/scratch/bsc32/bsc096444/ai4land-tfm/tmp/synth_vs_real/synth/f260735,24136.02,4248
synth,/gpfs/scratch/bsc32/bsc096444/ai4land-tfm/tmp/synth_vs_real/synth/f420521,9874.72,4248
synth,/gpfs/scratch/bsc32/bsc096444/ai4land-tfm/tmp/synth_vs_real/synth/f426117,14605.33,4248
synth,/gpfs/scratch/bsc32/bsc096444/ai4land-tfm/tmp/synth_vs_real/synth/f536265,9147.57,4248
synth,/gpfs/scratch/bsc32/bsc096444/ai4land-tfm/tmp/synth_vs_real/synth/f681453,7202.15,566700
real,/gpfs/scratch/ehpc736/data/AI4LAND_NON_preprocessed-data-2000-2015.zarr/c4ann/9.22.35,35828.28,4248
synth,/gpfs/scratch/bsc32/bsc096444/ai4land-tfm/tmp/synth_vs_real/synth/f112235,25020.65,4248
synth,/gpfs/scratch/bsc32/bsc096444/ai4land-tfm/tmp/synth_vs_real/synth/f941423,36467.63,1415728
real,/gpfs/scratch/ehpc736/data/AI4LAND_NON_preprocessed-data-2000-2015.zarr/secdn/6.31.22,23444.59,4248
synth,/gpfs/scratch/bsc32/bsc096444/ai4land-tfm/tmp/synth_vs_real/synth/f187241,18652.93,51130
synth,/gpfs/scratch/bsc32/bsc096444/ai4land-tfm/tmp/synth_vs_real/synth/f799550,5276.76,158329
synth,/gpfs/scratch/bsc32/bsc096444/ai4land-tfm/tmp/synth_vs_real/synth/f906651,5320.80,350313
real,/gpfs/scratch/ehpc736/data/AI4LAND_NON_preprocessed-data-2000-2015.zarr/c4ann/3.1.51,13981.30,4248
synth,/gpfs/scratch/bsc32/bsc096444/ai4land-tfm/tmp/synth_vs_real/synth/f133827,25167.86,4248
real,/gpfs/scratch/ehpc736/data/AI4LAND_NON_preprocessed-data-2000-2015.zarr/primf/1.31.3,17205.15,4248
real,/gpfs/scratch/ehpc736/data/AI4LAND_NON_preprocessed-data-2000-2015.zarr/secdf/15.27.67,21701.92,4350
real,/gpfs/scratch/ehpc736/data/AI4LAND_NON_preprocessed-data-2000-2015.zarr/kg_class/12.21.21,16638.38,35826
real,/gpfs/scratch/ehpc736/data/AI4LAND_NON_preprocessed-data-2000-2015.zarr/c3per/7.11.30,9625.56,4248
real,/gpfs/scratch/ehpc736/data/AI4LAND_NON_preprocessed-data-2000-2015.zarr/c4ann/3.9.1,19246.18,4248
synth,/gpfs/scratch/bsc32/bsc096444/ai4land-tfm/tmp/synth_vs_real/synth/f999744,328.78,4248
synth,/gpfs/scratch/bsc32/bsc096444/ai4land-tfm/tmp/synth_vs_real/synth/f450664,19914.14,639582
real,/gpfs/scratch/ehpc736/data/AI4LAND_NON_preprocessed-data-2000-2015.zarr/urban/3.22.11,18711.14,4248
synth,/gpfs/scratch/bsc32/bsc096444/ai4land-tfm/tmp/synth_vs_real/synth/f111579,26029.67,806803
real,/gpfs/scratch/ehpc736/data/AI4LAND_NON_preprocessed-data-2000-2015.zarr/c3ann/11.10.29,20726.17,5052
synth,/gpfs/scratch/bsc32/bsc096444/ai4land-tfm/tmp/synth_vs_real/synth/f31244,23018.48,57434
real,/gpfs/scratch/ehpc736/data/AI4LAND_NON_preprocessed-data-2000-2015.zarr/primf/15.9.37,26145.20,10232
synth,/gpfs/scratch/bsc32/bsc096444/ai4land-tfm/tmp/synth_vs_real/synth/f942590,277.76,32393
real,/gpfs/scratch/ehpc736/data/AI4LAND_NON_preprocessed-data-2000-2015.zarr/pastr/3.13.67,16595.98,4248
real,/gpfs/scratch/ehpc736/data/AI4LAND_NON_preprocessed-data-2000-2015.zarr/secdf/6.16.2,15841.14,4248
synth,/gpfs/scratch/bsc32/bsc096444/ai4land-tfm/tmp/synth_vs_real/synth/f154739,19523.52,4248
real,/gpfs/scratch/ehpc736/data/AI4LAND_NON_preprocessed-data-2000-2015.zarr/pastr/2.11.20,4324.95,4248
synth,/gpfs/scratch/bsc32/bsc096444/ai4land-tfm/tmp/synth_vs_real/synth/f200896,15286.60,4248
synth,/gpfs/scratch/bsc32/bsc096444/ai4land-tfm/tmp/synth_vs_real/synth/f447470,18871.09,9267
real,/gpfs/scratch/ehpc736/data/AI4LAND_NON_preprocessed-data-2000-2015.zarr/secmb/2.21.20,20273.23,4248
synth,/gpfs/scratch/bsc32/bsc096444/ai4land-tfm/tmp/synth_vs_real/synth/f605397,17709.46,168571
real,/gpfs/scratch/ehpc736/data/AI4LAND_NON_preprocessed-data-2000-2015.zarr/number_of_people/13.17.61,24033.87,115839
synth,/gpfs/scratch/bsc32/bsc096444/ai4land-tfm/tmp/synth_vs_real/synth/f676856,8381.93,4248
synth,/gpfs/scratch/bsc32/bsc096444/ai4land-tfm/tmp/synth_vs_real/synth/f403457,2498.17,4258
synth,/gpfs/scratch/bsc32/bsc096444/ai4land-tfm/tmp/synth_vs_real/synth/f230283,17777.51,4248
real,/gpfs/scratch/ehpc736/data/AI4LAND_NON_preprocessed-data-2000-2015.zarr/number_of_people/0.34.18,15605.99,4248
real,/gpfs/scratch/ehpc736/data/AI4LAND_NON_preprocessed-data-2000-2015.zarr/secmb/2.23.51,27922.54,4248
synth,/gpfs/scratch/bsc32/bsc096444/ai4land-tfm/tmp/synth_vs_real/synth/f978413,369.56,8472
real,/gpfs/scratch/ehpc736/data/AI4LAND_NON_preprocessed-data-2000-2015.zarr/c4per/1.31.14,19523.81,4248
synth,/gpfs/scratch/bsc32/bsc096444/ai4land-tfm/tmp/synth_vs_real/synth/f397519,19286.48,4248
synth,/gpfs/scratch/bsc32/bsc096444/ai4land-tfm/tmp/synth_vs_real/synth/f190556,29276.43,8472
synth,/gpfs/scratch/bsc32/bsc096444/ai4land-tfm/tmp/synth_vs_real/synth/f261303,15417.24,4248
real,/gpfs/scratch/ehpc736/data/AI4LAND_NON_preprocessed-data-2000-2015.zarr/number_of_people/2.34.25,49039.31,4248
real,/gpfs/scratch/ehpc736/data/AI4LAND_NON_preprocessed-data-2000-2015.zarr/pastr/9.8.40,30178.43,697196
real,/gpfs/scratch/ehpc736/data/AI4LAND_NON_preprocessed-data-2000-2015.zarr/secma/11.3.70,15354.76,4328
real,/gpfs/scratch/ehpc736/data/AI4LAND_NON_preprocessed-data-2000-2015.zarr/kg_class/11.18.7,17232.78,4248
real,/gpfs/scratch/ehpc736/data/AI4LAND_NON_preprocessed-data-2000-2015.zarr/pastr/2.28.1,17582.83,4248
real,/gpfs/scratch/ehpc736/data/AI4LAND_NON_preprocessed-data-2000-2015.zarr/pastr/7.6.21,23495.00,8408
synth,/gpfs/scratch/bsc32/bsc096444/ai4land-tfm/tmp/synth_vs_real/synth/f273903,11734.79,4462
synth,/gpfs/scratch/bsc32/bsc096444/ai4land-tfm/tmp/synth_vs_real/synth/f996188,242.02,4248
synth,/gpfs/scratch/bsc32/bsc096444/ai4land-tfm/tmp/synth_vs_real/synth/f307757,25677.97,672779
real,/gpfs/scratch/ehpc736/data/AI4LAND_NON_preprocessed-data-2000-2015.zarr/range/8.22.3,13667.13,4248
synth,/gpfs/scratch/bsc32/bsc096444/ai4land-tfm/tmp/synth_vs_real/synth/f314569,11456.42,4248
synth,/gpfs/scratch/bsc32/bsc096444/ai4land-tfm/tmp/synth_vs_real/synth/f548177,17653.70,100392
real,/gpfs/scratch/ehpc736/data/AI4LAND_NON_preprocessed-data-2000-2015.zarr/secdf/7.17.43,32174.81,4934
real,/gpfs/scratch/ehpc736/data/AI4LAND_NON_preprocessed-data-2000-2015.zarr/urban/1.28.11,20602.51,4248
real,/gpfs/scratch/ehpc736/data/AI4LAND_NON_preprocessed-data-2000-2015.zarr/c3nfx/9.10.53,17831.08,48732
synth,/gpfs/scratch/bsc32/bsc096444/ai4land-tfm/tmp/synth_vs_real/synth/f223508,24457.49,4258
synth,/gpfs/scratch/bsc32/bsc096444/ai4land-tfm/tmp/synth_vs_real/synth/f882554,313.70,4248
real,/gpfs/scratch/ehpc736/data/AI4LAND_NON_preprocessed-data-2000-2015.zarr/kg_class/6.16.48,17294.94,4248
synth,/gpfs/scratch/bsc32/bsc096444/ai4land-tfm/tmp/synth_vs_real/synth/f808577,910.88,8472
real,/gpfs/scratch/ehpc736/data/AI4LAND_NON_preprocessed-data-2000-2015.zarr/c4per/0.33.44,19492.34,4248
synth,/gpfs/scratch/bsc32/bsc096444/ai4land-tfm/tmp/synth_vs_real/synth/f349759,14767.34,4248
real,/gpfs/scratch/ehpc736/data/AI4LAND_NON_preprocessed-data-2000-2015.zarr/kg_class/11.21.8,20939.44,5092
synth,/gpfs/scratch/bsc32/bsc096444/ai4land-tfm/tmp/synth_vs_real/synth/f694022,23270.12,4248
real,/gpfs/scratch/ehpc736/data/AI4LAND_NON_preprocessed-data-2000-2015.zarr/c3nfx/7.23.22,35688.11,710139
synth,/gpfs/scratch/bsc32/bsc096444/ai4land-tfm/tmp/synth_vs_real/synth/f342722,21403.99,4248
synth,/gpfs/scratch/bsc32/bsc096444/ai4land-tfm/tmp/synth_vs_real/synth/f932931,333.44,4248
synth,/gpfs/scratch/bsc32/bsc096444/ai4land-tfm/tmp/synth_vs_real/synth/f65290,20313.69,326779
synth,/gpfs/scratch/bsc32/bsc096444/ai4land-tfm/tmp/synth_vs_real/synth/f772840,25131.45,8472
real,/gpfs/scratch/ehpc736/data/AI4LAND_NON_preprocessed-data-2000-2015.zarr/c4per/4.10.64,21028.35,4248
real,/gpfs/scratch/ehpc736/data/AI4LAND_NON_preprocessed-data-2000-2015.zarr/c4per/2.9.46,17903.44,5172
real,/gpfs/scratch/ehpc736/data/AI4LAND_NON_preprocessed-data-2000-2015.zarr/c3nfx/14.20.60,18227.34,487265
real,/gpfs/scratch/ehpc736/data/AI4LAND_NON_preprocessed-data-2000-2015.zarr/c3nfx/5.29.5,29384.02,4248
real,/gpfs/scratch/ehpc736/data/AI4LAND_NON_preprocessed-data-2000-2015.zarr/c4per/15.31.12,22216.93,4248
real,/gpfs/scratch/ehpc736/data/AI4LAND_NON_preprocessed-data-2000-2015.zarr/secdf/13.33.40,26718.10,4248
synth,/gpfs/scratch/bsc32/bsc096444/ai4land-tfm/tmp/synth_vs_real/synth/f730180,20388.80,4248
synth,/gpfs/scratch/bsc32/bsc096444/ai4land-tfm/tmp/synth_vs_real/synth/f540490,11091.85,4248
real,/gpfs/scratch/ehpc736/data/AI4LAND_NON_preprocessed-data-2000-2015.zarr/secma/9.1.10,17239.67,4248
real,/gpfs/scratch/ehpc736/data/AI4LAND_NON_preprocessed-data-2000-2015.zarr/c4ann/0.5.68,15628.04,4484
real,/gpfs/scratch/ehpc736/data/AI4LAND_NON_preprocessed-data-2000-2015.zarr/pastr/4.9.5,22660.14,4248
synth,/gpfs/scratch/bsc32/bsc096444/ai4land-tfm/tmp/synth_vs_real/synth/f834794,2189.67,188293
synth,/gpfs/scratch/bsc32/bsc096444/ai4land-tfm/tmp/synth_vs_real/synth/f169430,16817.41,4248
real,/gpfs/scratch/ehpc736/data/AI4LAND_NON_preprocessed-data-2000-2015.zarr/number_of_people/15.5.26,18191.21,10323
synth,/gpfs/scratch/bsc32/bsc096444/ai4land-tfm/tmp/synth_vs_real/synth/f73372,17319.20,324493
synth,/gpfs/scratch/bsc32/bsc096444/ai4land-tfm/tmp/synth_vs_real/synth/f353894,18321.69,4248
real,/gpfs/scratch/ehpc736/data/AI4LAND_NON_preprocessed-data-2000-2015.zarr/secmb/2.22.27,31470.67,4248
real,/gpfs/scratch/ehpc736/data/AI4LAND_NON_preprocessed-data-2000-2015.zarr/c4per/15.32.7,15806.51,4248
real,/gpfs/scratch/ehpc736/data/AI4LAND_NON_preprocessed-data-2000-2015.zarr/secdf/11.26.51,24439.01,4248
real,/gpfs/scratch/ehpc736/data/AI4LAND_NON_preprocessed-data-2000-2015.zarr/LULC_states/13.2.66,21041.10,4248
real,/gpfs/scratch/ehpc736/data/AI4LAND_NON_preprocessed-data-2000-2015.zarr/primf/6.24.41,21480.27,4248
synth,/gpfs/scratch/bsc32/bsc096444/ai4land-tfm/tmp/synth_vs_real/synth/f612024,17579.43,467511
synth,/gpfs/scratch/bsc32/bsc096444/ai4land-tfm/tmp/synth_vs_real/synth/f906604,362.64,4248
real,/gpfs/scratch/ehpc736/data/AI4LAND_NON_preprocessed-data-2000-2015.zarr/primn/5.6.37,23120.46,355568
synth,/gpfs/scratch/bsc32/bsc096444/ai4land-tfm/tmp/synth_vs_real/synth/f926004,6577.43,176498
synth,/gpfs/scratch/bsc32/bsc096444/ai4land-tfm/tmp/synth_vs_real/synth/f874244,1042.88,4248
real,/gpfs/scratch/ehpc736/data/AI4LAND_NON_preprocessed-data-2000-2015.zarr/range/10.14.29,18404.88,4248
real,/gpfs/scratch/ehpc736/data/AI4LAND_NON_preprocessed-data-2000-2015.zarr/secdn/13.8.46,29384.75,550035
real,/gpfs/scratch/ehpc736/data/AI4LAND_NON_preprocessed-data-2000-2015.zarr/primf/8.29.41,13924.76,4248
synth,/gpfs/scratch/bsc32/bsc096444/ai4land-tfm/tmp/synth_vs_real/synth/f943767,333.39,4248
real,/gpfs/scratch/ehpc736/data/AI4LAND_NON_preprocessed-data-2000-2015.zarr/kg_class/5.31.29,24350.18,4248
synth,/gpfs/scratch/bsc32/bsc096444/ai4land-tfm/tmp/synth_vs_real/synth/f545175,18237.42,4248
real,/gpfs/scratch/ehpc736/data/AI4LAND_NON_preprocessed-data-2000-2015.zarr/c4per/0.19.48,14579.49,4248
synth,/gpfs/scratch/bsc32/bsc096444/ai4land-tfm/tmp/synth_vs_real/synth/f511945,13714.18,4248
synth,/gpfs/scratch/bsc32/bsc096444/ai4land-tfm/tmp/synth_vs_real/synth/f763587,11359.06,4332
real,/gpfs/scratch/ehpc736/data/AI4LAND_NON_preprocessed-data-2000-2015.zarr/c3ann/10.33.13,19533.96,4248
real,/gpfs/scratch/ehpc736/data/AI4LAND_NON_preprocessed-data-2000-2015.zarr/secdf/1.16.12,24375.09,4248
real,/gpfs/scratch/ehpc736/data/AI4LAND_NON_preprocessed-data-2000-2015.zarr/range/2.21.35,19592.41,4248
synth,/gpfs/scratch/bsc32/bsc096444/ai4land-tfm/tmp/synth_vs_real/synth/f221941,16926.03,4248
synth,/gpfs/scratch/bsc32/bsc096444/ai4land-tfm/tmp/synth_vs_real/synth/f672642,24709.06,1545311
real,/gpfs/scratch/ehpc736/data/AI4LAND_NON_preprocessed-data-2000-2015.zarr/c3nfx/12.7.46,24257.69,642297
synth,/gpfs/scratch/bsc32/bsc096444/ai4land-tfm/tmp/synth_vs_real/synth/f63918,25055.96,4248
real,/gpfs/scratch/ehpc736/data/AI4LAND_NON_preprocessed-data-2000-2015.zarr/range/1.22.60,15034.00,61482
synth,/gpfs/scratch/bsc32/bsc096444/ai4land-tfm/tmp/synth_vs_real/synth/f723378,17929.57,4248
synth,/gpfs/scratch/bsc32/bsc096444/ai4land-tfm/tmp/synth_vs_real/synth/f58655,15337.76,4248
synth,/gpfs/scratch/bsc32/bsc096444/ai4land-tfm/tmp/synth_vs_real/synth/f591807,25375.30,4248
real,/gpfs/scratch/ehpc736/data/AI4LAND_NON_preprocessed-data-2000-2015.zarr/c3nfx/2.14.1,16717.48,4248
synth,/gpfs/scratch/bsc32/bsc096444/ai4land-tfm/tmp/synth_vs_real/synth/f487213,23497.86,291866
real,/gpfs/scratch/ehpc736/data/AI4LAND_NON_preprocessed-data-2000-2015.zarr/c4per/8.18.42,24188.56,372124
synth,/gpfs/scratch/bsc32/bsc096444/ai4land-tfm/tmp/synth_vs_real/synth/f332711,37670.29,8472
synth,/gpfs/scratch/bsc32/bsc096444/ai4land-tfm/tmp/synth_vs_real/synth/f240062,19795.05,8472
real,/gpfs/scratch/ehpc736/data/AI4LAND_NON_preprocessed-data-2000-2015.zarr/c4ann/11.29.32,18747.20,4248
synth,/gpfs/scratch/bsc32/bsc096444/ai4land-tfm/tmp/synth_vs_real/synth/f233238,46318.05,1619009
synth,/gpfs/scratch/bsc32/bsc096444/ai4land-tfm/tmp/synth_vs_real/synth/f488557,16635.74,4248
real,/gpfs/scratch/ehpc736/data/AI4LAND_NON_preprocessed-data-2000-2015.zarr/secmb/0.0.43,29510.58,4248
synth,/gpfs/scratch/bsc32/bsc096444/ai4land-tfm/tmp/synth_vs_real/synth/f426156,1090.78,4248
synth,/gpfs/scratch/bsc32/bsc096444/ai4land-tfm/tmp/synth_vs_real/synth/f532323,26125.80,555659
real,/gpfs/scratch/ehpc736/data/AI4LAND_NON_preprocessed-data-2000-2015.zarr/secmb/6.4.8,17167.19,226245
synth,/gpfs/scratch/bsc32/bsc096444/ai4land-tfm/tmp/synth_vs_real/synth/f130889,19570.71,378271
synth,/gpfs/scratch/bsc32/bsc096444/ai4land-tfm/tmp/synth_vs_real/synth/f923653,336.75,4248
synth,/gpfs/scratch/bsc32/bsc096444/ai4land-tfm/tmp/synth_vs_real/synth/f241292,13473.21,4248
synth,/gpfs/scratch/bsc32/bsc096444/ai4land-tfm/tmp/synth_vs_real/synth/f696101,17664.00,4248
real,/gpfs/scratch/ehpc736/data/AI4LAND_NON_preprocessed-data-2000-2015.zarr/secma/14.6.29,24111.32,4248
synth,/gpfs/scratch/bsc32/bsc096444/ai4land-tfm/tmp/synth_vs_real/synth/f685197,15965.15,4248
synth,/gpfs/scratch/bsc32/bsc096444/ai4land-tfm/tmp/synth_vs_real/synth/f798207,896.48,4248
real,/gpfs/scratch/ehpc736/data/AI4LAND_NON_preprocessed-data-2000-2015.zarr/secdf/8.10.57,28352.56,4248
synth,/gpfs/scratch/bsc32/bsc096444/ai4land-tfm/tmp/synth_vs_real/synth/f679514,19679.16,5536
synth,/gpfs/scratch/bsc32/bsc096444/ai4land-tfm/tmp/synth_vs_real/synth/f214181,18159.12,4248
real,/gpfs/scratch/ehpc736/data/AI4LAND_NON_preprocessed-data-2000-2015.zarr/c3ann/11.4.49,27650.78,12184
real,/gpfs/scratch/ehpc736/data/AI4LAND_NON_preprocessed-data-2000-2015.zarr/urban/12.28.66,20104.14,4248
synth,/gpfs/scratch/bsc32/bsc096444/ai4land-tfm/tmp/synth_vs_real/synth/f263319,10187.79,4248
synth,/gpfs/scratch/bsc32/bsc096444/ai4land-tfm/tmp/synth_vs_real/synth/f142291,13264.74,7700
real,/gpfs/scratch/ehpc736/data/AI4LAND_NON_preprocessed-data-2000-2015.zarr/c4per/6.30.8,22986.02,4248
real,/gpfs/scratch/ehpc736/data/AI4LAND_NON_preprocessed-data-2000-2015.zarr/LULC_states/15.20.26,57610.49,188917
synth,/gpfs/scratch/bsc32/bsc096444/ai4land-tfm/tmp/synth_vs_real/synth/f850132,778.44,4248
real,/gpfs/scratch/ehpc736/data/AI4LAND_NON_preprocessed-data-2000-2015.zarr/secmb/8.26.8,19910.16,4248
real,/gpfs/scratch/ehpc736/data/AI4LAND_NON_preprocessed-data-2000-2015.zarr/secdf/1.35.51,12466.04,4248
synth,/gpfs/scratch/bsc32/bsc096444/ai4land-tfm/tmp/synth_vs_real/synth/f669987,17621.65,4248
synth,/gpfs/scratch/bsc32/bsc096444/ai4land-tfm/tmp/synth_vs_real/synth/f608792,18402.94,291856
synth,/gpfs/scratch/bsc32/bsc096444/ai4land-tfm/tmp/synth_vs_real/synth/f300850,15337.25,125293
synth,/gpfs/scratch/bsc32/bsc096444/ai4land-tfm/tmp/synth_vs_real/synth/f617889,18608.73,4248
synth,/gpfs/scratch/bsc32/bsc096444/ai4land-tfm/tmp/synth_vs_real/synth/f908959,361.69,4248
synth,/gpfs/scratch/bsc32/bsc096444/ai4land-tfm/tmp/synth_vs_real/synth/f838742,21987.12,4248
real,/gpfs/scratch/ehpc736/data/AI4LAND_NON_preprocessed-data-2000-2015.zarr/primf/9.1.23,13907.54,5886
real,/gpfs/scratch/ehpc736/data/AI4LAND_NON_preprocessed-data-2000-2015.zarr/c3ann/10.0.61,16207.69,4248
real,/gpfs/scratch/ehpc736/data/AI4LAND_NON_preprocessed-data-2000-2015.zarr/secdf/14.21.47,14279.15,4248
real,/gpfs/scratch/ehpc736/data/AI4LAND_NON_preprocessed-data-2000-2015.zarr/secma/5.7.22,30426.83,529696
real,/gpfs/scratch/ehpc736/data/AI4LAND_NON_preprocessed-data-2000-2015.zarr/kg_class/8.23.14,15022.34,4248
synth,/gpfs/scratch/bsc32/bsc096444/ai4land-tfm/tmp/synth_vs_real/synth/f457592,15893.22,4248
real,/gpfs/scratch/ehpc736/data/AI4LAND_NON_preprocessed-data-2000-2015.zarr/kg_class/12.26.60,15958.53,4248
synth,/gpfs/scratch/bsc32/bsc096444/ai4land-tfm/tmp/synth_vs_real/synth/f170395,29709.47,481187
real,/gpfs/scratch/ehpc736/data/AI4LAND_NON_preprocessed-data-2000-2015.zarr/kg_class/12.10.13,18877.69,59240
synth,/gpfs/scratch/bsc32/bsc096444/ai4land-tfm/tmp/synth_vs_real/synth/f660356,15130.90,4248
real,/gpfs/scratch/ehpc736/data/AI4LAND_NON_preprocessed-data-2000-2015.zarr/c3nfx/3.19.33,10392.44,4248
real,/gpfs/scratch/ehpc736/data/AI4LAND_NON_preprocessed-data-2000-2015.zarr/number_of_people/5.11.34,29208.14,431393
real,/gpfs/scratch/ehpc736/data/AI4LAND_NON_preprocessed-data-2000-2015.zarr/secma/1.29.29,26393.98,4248
real,/gpfs/scratch/ehpc736/data/AI4LAND_NON_preprocessed-data-2000-2015.zarr/c3per/2.14.51,23103.31,114565
synth,/gpfs/scratch/bsc32/bsc096444/ai4land-tfm/tmp/synth_vs_real/synth/f418373,21165.29,4280
real,/gpfs/scratch/ehpc736/data/AI4LAND_NON_preprocessed-data-2000-2015.zarr/c3ann/15.2.48,17893.78,4394
real,/gpfs/scratch/ehpc736/data/AI4LAND_NON_preprocessed-data-2000-2015.zarr/c4per/3.4.13,15666.11,7024
synth,/gpfs/scratch/bsc32/bsc096444/ai4land-tfm/tmp/synth_vs_real/synth/f7540,16152.33,4248
synth,/gpfs/scratch/bsc32/bsc096444/ai4land-tfm/tmp/synth_vs_real/synth/f770319,20119.53,5310
real,/gpfs/scratch/ehpc736/data/AI4LAND_NON_preprocessed-data-2000-2015.zarr/c4per/1.12.6,24856.12,4248
synth,/gpfs/scratch/bsc32/bsc096444/ai4land-tfm/tmp/synth_vs_real/synth/f449433,64224.25,1490231
real,/gpfs/scratch/ehpc736/data/AI4LAND_NON_preprocessed-data-2000-2015.zarr/urban/9.32.27,17654.03,4248
synth,/gpfs/scratch/bsc32/bsc096444/ai4land-tfm/tmp/synth_vs_real/synth/f791952,15702.75,4248
synth,/gpfs/scratch/bsc32/bsc096444/ai4land-tfm/tmp/synth_vs_real/synth/f72933,19485.54,8472
real,/gpfs/scratch/ehpc736/data/AI4LAND_NON_preprocessed-data-2000-2015.zarr/primf/5.1.65,17739.05,4248
synth,/gpfs/scratch/bsc32/bsc096444/ai4land-tfm/tmp/synth_vs_real/synth/f238968,26403.92,372560
real,/gpfs/scratch/ehpc736/data/AI4LAND_NON_preprocessed-data-2000-2015.zarr/c3nfx/3.34.18,19770.30,4248
synth,/gpfs/scratch/bsc32/bsc096444/ai4land-tfm/tmp/synth_vs_real/synth/f111764,23519.26,878478
real,/gpfs/scratch/ehpc736/data/AI4LAND_NON_preprocessed-data-2000-2015.zarr/c3per/1.30.62,17117.46,4248
real,/gpfs/scratch/ehpc736/data/AI4LAND_NON_preprocessed-data-2000-2015.zarr/c3nfx/14.25.2,22022.24,4248
synth,/gpfs/scratch/bsc32/bsc096444/ai4land-tfm/tmp/synth_vs_real/synth/f299105,46397.90,882381
synth,/gpfs/scratch/bsc32/bsc096444/ai4land-tfm/tmp/synth_vs_real/synth/f259947,14772.11,4248
synth,/gpfs/scratch/bsc32/bsc096444/ai4land-tfm/tmp/synth_vs_real/synth/f315568,15214.66,4248
real,/gpfs/scratch/ehpc736/data/AI4LAND_NON_preprocessed-data-2000-2015.zarr/number_of_people/6.32.68,10813.50,4248
real,/gpfs/scratch/ehpc736/data/AI4LAND_NON_preprocessed-data-2000-2015.zarr/primf/15.14.6,23938.04,4248
real,/gpfs/scratch/ehpc736/data/AI4LAND_NON_preprocessed-data-2000-2015.zarr/number_of_people/11.13.22,16125.07,27793
synth,/gpfs/scratch/bsc32/bsc096444/ai4land-tfm/tmp/synth_vs_real/synth/f203880,15670.54,8472
real,/gpfs/scratch/ehpc736/data/AI4LAND_NON_preprocessed-data-2000-2015.zarr/secmb/0.34.38,17735.73,4248
synth,/gpfs/scratch/bsc32/bsc096444/ai4land-tfm/tmp/synth_vs_real/synth/f558582,15598.91,4248
synth,/gpfs/scratch/bsc32/bsc096444/ai4land-tfm/tmp/synth_vs_real/synth/f117301,20471.18,4248
real,/gpfs/scratch/ehpc736/data/AI4LAND_NON_preprocessed-data-2000-2015.zarr/c3ann/10.3.21,18509.88,5536
real,/gpfs/scratch/ehpc736/data/AI4LAND_NON_preprocessed-data-2000-2015.zarr/c4per/9.25.25,16484.04,4248
synth,/gpfs/scratch/bsc32/bsc096444/ai4land-tfm/tmp/synth_vs_real/synth/f724586,12174.78,57823
real,/gpfs/scratch/ehpc736/data/AI4LAND_NON_preprocessed-data-2000-2015.zarr/number_of_people/4.25.48,28573.29,4248
synth,/gpfs/scratch/bsc32/bsc096444/ai4land-tfm/tmp/synth_vs_real/synth/f6182,24646.73,4248
real,/gpfs/scratch/ehpc736/data/AI4LAND_NON_preprocessed-data-2000-2015.zarr/primf/14.11.47,22104.83,4248
real,/gpfs/scratch/ehpc736/data/AI4LAND_NON_preprocessed-data-2000-2015.zarr/secdn/11.6.40,21511.20,529217
synth,/gpfs/scratch/bsc32/bsc096444/ai4land-tfm/tmp/synth_vs_real/synth/f481141,19111.16,6208
synth,/gpfs/scratch/bsc32/bsc096444/ai4land-tfm/tmp/synth_vs_real/synth/f41832,27730.05,1637199
real,/gpfs/scratch/ehpc736/data/AI4LAND_NON_preprocessed-data-2000-2015.zarr/c4per/7.2.59,18100.59,4248
real,/gpfs/scratch/ehpc736/data/AI4LAND_NON_preprocessed-data-2000-2015.zarr/secmb/14.16.48,17790.53,4248
synth,/gpfs/scratch/bsc32/bsc096444/ai4land-tfm/tmp/synth_vs_real/synth/f172634,13933.93,8472
real,/gpfs/scratch/ehpc736/data/AI4LAND_NON_preprocessed-data-2000-2015.zarr/number_of_people/9.8.18,25732.27,411681
real,/gpfs/scratch/ehpc736/data/AI4LAND_NON_preprocessed-data-2000-2015.zarr/LULC_states/10.34.41,65074.11,4248
synth,/gpfs/scratch/bsc32/bsc096444/ai4land-tfm/tmp/synth_vs_real/synth/f716751,28291.32,882381
synth,/gpfs/scratch/bsc32/bsc096444/ai4land-tfm/tmp/synth_vs_real/synth/f807451,2177.20,4248
synth,/gpfs/scratch/bsc32/bsc096444/ai4land-tfm/tmp/synth_vs_real/synth/f475435,10036.81,5194
real,/gpfs/scratch/ehpc736/data/AI4LAND_NON_preprocessed-data-2000-2015.zarr/urban/12.25.22,28993.63,338818
synth,/gpfs/scratch/bsc32/bsc096444/ai4land-tfm/tmp/synth_vs_real/synth/f229471,14222.00,8472
synth,/gpfs/scratch/bsc32/bsc096444/ai4land-tfm/tmp/synth_vs_real/synth/f425800,16740.71,4248
synth,/gpfs/scratch/bsc32/bsc096444/ai4land-tfm/tmp/synth_vs_real/synth/f529959,18032.71,4248
synth,/gpfs/scratch/bsc32/bsc096444/ai4land-tfm/tmp/synth_vs_real/synth/f914812,1279.44,4248
synth,/gpfs/scratch/bsc32/bsc096444/ai4land-tfm/tmp/synth_vs_real/synth/f299607,29436.64,462280
synth,/gpfs/scratch/bsc32/bsc096444/ai4land-tfm/tmp/synth_vs_real/synth/f912804,5574.21,134566
synth,/gpfs/scratch/bsc32/bsc096444/ai4land-tfm/tmp/synth_vs_real/synth/f442417,29250.00,889517
real,/gpfs/scratch/ehpc736/data/AI4LAND_NON_preprocessed-data-2000-2015.zarr/LULC_states/10.0.39,14765.19,4248
real,/gpfs/scratch/ehpc736/data/AI4LAND_NON_preprocessed-data-2000-2015.zarr/urban/15.11.59,32392.33,18550
synth,/gpfs/scratch/bsc32/bsc096444/ai4land-tfm/tmp/synth_vs_real/synth/f413160,8782.30,4248
real,/gpfs/scratch/ehpc736/data/AI4LAND_NON_preprocessed-data-2000-2015.zarr/secma/5.10.55,32007.67,711325
real,/gpfs/scratch/ehpc736/data/AI4LAND_NON_preprocessed-data-2000-2015.zarr/c3per/15.10.39,19396.08,199600
synth,/gpfs/scratch/bsc32/bsc096444/ai4land-tfm/tmp/synth_vs_real/synth/f37778,30198.90,4248
real,/gpfs/scratch/ehpc736/data/AI4LAND_NON_preprocessed-data-2000-2015.zarr/c4ann/2.28.49,21033.16,4248
synth,/gpfs/scratch/bsc32/bsc096444/ai4land-tfm/tmp/synth_vs_real/synth/f219684,15906.65,4248
real,/gpfs/scratch/ehpc736/data/AI4LAND_NON_preprocessed-data-2000-2015.zarr/kg_class/8.11.64,24020.87,4248
real,/gpfs/scratch/ehpc736/data/AI4LAND_NON_preprocessed-data-2000-2015.zarr/primn/0.7.46,23950.25,706114
synth,/gpfs/scratch/bsc32/bsc096444/ai4land-tfm/tmp/synth_vs_real/synth/f194851,16534.81,4248
real,/gpfs/scratch/ehpc736/data/AI4LAND_NON_preprocessed-data-2000-2015.zarr/range/15.13.18,21703.67,104361
real,/gpfs/scratch/ehpc736/data/AI4LAND_NON_preprocessed-data-2000-2015.zarr/pastr/11.27.3,17077.58,4248
real,/gpfs/scratch/ehpc736/data/AI4LAND_NON_preprocessed-data-2000-2015.zarr/c3ann/13.0.18,17203.92,4248
synth,/gpfs/scratch/bsc32/bsc096444/ai4land-tfm/tmp/synth_vs_real/synth/f603634,39481.53,4404
synth,/gpfs/scratch/bsc32/bsc096444/ai4land-tfm/tmp/synth_vs_real/synth/f400156,16703.12,4248
synth,/gpfs/scratch/bsc32/bsc096444/ai4land-tfm/tmp/synth_vs_real/synth/f225772,25303.53,1112003
real,/gpfs/scratch/ehpc736/data/AI4LAND_NON_preprocessed-data-2000-2015.zarr/range/13.25.44,16594.67,4248
synth,/gpfs/scratch/bsc32/bsc096444/ai4land-tfm/tmp/synth_vs_real/synth/f260222,14108.93,4284
real,/gpfs/scratch/ehpc736/data/AI4LAND_NON_preprocessed-data-2000-2015.zarr/c4ann/0.35.65,12907.14,4248
synth,/gpfs/scratch/bsc32/bsc096444/ai4land-tfm/tmp/synth_vs_real/synth/f490094,18604.06,4248
real,/gpfs/scratch/ehpc736/data/AI4LAND_NON_preprocessed-data-2000-2015.zarr/number_of_people/5.23.14,23202.37,4248
real,/gpfs/scratch/ehpc736/data/AI4LAND_NON_preprocessed-data-2000-2015.zarr/primf/13.12.64,15226.51,4248
synth,/gpfs/scratch/bsc32/bsc096444/ai4land-tfm/tmp/synth_vs_real/synth/f980957,7159.19,629695
synth,/gpfs/scratch/bsc32/bsc096444/ai4land-tfm/tmp/synth_vs_real/synth/f247861,16772.35,37102
real,/gpfs/scratch/ehpc736/data/AI4LAND_NON_preprocessed-data-2000-2015.zarr/range/6.3.68,41274.81,4588
real,/gpfs/scratch/ehpc736/data/AI4LAND_NON_preprocessed-data-2000-2015.zarr/secma/3.30.28,25401.20,4248
synth,/gpfs/scratch/bsc32/bsc096444/ai4land-tfm/tmp/synth_vs_real/synth/f562262,27412.92,4312
real,/gpfs/scratch/ehpc736/data/AI4LAND_NON_preprocessed-data-2000-2015.zarr/c3nfx/8.1.30,16783.59,6248
synth,/gpfs/scratch/bsc32/bsc096444/ai4land-tfm/tmp/synth_vs_real/synth/f641390,21170.01,4248
synth,/gpfs/scratch/bsc32/bsc096444/ai4land-tfm/tmp/synth_vs_real/synth/f870914,987.61,8472
real,/gpfs/scratch/ehpc736/data/AI4LAND_NON_preprocessed-data-2000-2015.zarr/pastr/12.7.54,17522.64,114218
synth,/gpfs/scratch/bsc32/bsc096444/ai4land-tfm/tmp/synth_vs_real/synth/f246277,19567.71,4248
real,/gpfs/scratch/ehpc736/data/AI4LAND_NON_preprocessed-data-2000-2015.zarr/secdn/2.23.10,21347.44,4248
synth,/gpfs/scratch/bsc32/bsc096444/ai4land-tfm/tmp/synth_vs_real/synth/f982153,409.39,4248
synth,/gpfs/scratch/bsc32/bsc096444/ai4land-tfm/tmp/synth_vs_real/synth/f563054,22864.13,866228
synth,/gpfs/scratch/bsc32/bsc096444/ai4land-tfm/tmp/synth_vs_real/synth/f681446,15605.53,4248
real,/gpfs/scratch/ehpc736/data/AI4LAND_NON_preprocessed-data-2000-2015.zarr/secma/0.20.45,14016.32,4248
real,/gpfs/scratch/ehpc736/data/AI4LAND_NON_preprocessed-data-2000-2015.zarr/pastr/2.33.62,15510.07,4248
synth,/gpfs/scratch/bsc32/bsc096444/ai4land-tfm/tmp/synth_vs_real/synth/f53266,15663.36,40867
synth,/gpfs/scratch/bsc32/bsc096444/ai4land-tfm/tmp/synth_vs_real/synth/f251083,13133.78,7718
synth,/gpfs/scratch/bsc32/bsc096444/ai4land-tfm/tmp/synth_vs_real/synth/f881334,1401.64,4248
real,/gpfs/scratch/ehpc736/data/AI4LAND_NON_preprocessed-data-2000-2015.zarr/range/5.20.54,17870.59,4248
real,/gpfs/scratch/ehpc736/data/AI4LAND_NON_preprocessed-data-2000-2015.zarr/c3per/13.13.38,19217.08,4248
synth,/gpfs/scratch/bsc32/bsc096444/ai4land-tfm/tmp/synth_vs_real/synth/f532342,20760.23,22801
real,/gpfs/scratch/ehpc736/data/AI4LAND_NON_preprocessed-data-2000-2015.zarr/primf/2.2.53,22933.44,6496
real,/gpfs/scratch/ehpc736/data/AI4LAND_NON_preprocessed-data-2000-2015.zarr/LULC_states/1.8.18,12181.37,79852
synth,/gpfs/scratch/bsc32/bsc096444/ai4land-tfm/tmp/synth_vs_real/synth/f608158,29997.18,854358
synth,/gpfs/scratch/bsc32/bsc096444/ai4land-tfm/tmp/synth_vs_real/synth/f691798,15205.20,4248
synth,/gpfs/scratch/bsc32/bsc096444/ai4land-tfm/tmp/synth_vs_real/synth/f5814,15984.90,4248
synth,/gpfs/scratch/bsc32/bsc096444/ai4land-tfm/tmp/synth_vs_real/synth/f985937,329.06,4248
synth,/gpfs/scratch/bsc32/bsc096444/ai4land-tfm/tmp/synth_vs_real/synth/f233752,11633.87,4248
synth,/gpfs/scratch/bsc32/bsc096444/ai4land-tfm/tmp/synth_vs_real/synth/f900300,201.07,4248
real,/gpfs/scratch/ehpc736/data/AI4LAND_NON_preprocessed-data-2000-2015.zarr/c3nfx/3.16.38,32971.31,807236
real,/gpfs/scratch/ehpc736/data/AI4LAND_NON_preprocessed-data-2000-2015.zarr/primn/15.32.41,19845.83,4248
synth,/gpfs/scratch/bsc32/bsc096444/ai4land-tfm/tmp/synth_vs_real/synth/f267095,11224.65,4248
synth,/gpfs/scratch/bsc32/bsc096444/ai4land-tfm/tmp/synth_vs_real/synth/f199122,15517.96,4248
real,/gpfs/scratch/ehpc736/data/AI4LAND_NON_preprocessed-data-2000-2015.zarr/LULC_states/2.28.34,21577.36,4248
synth,/gpfs/scratch/bsc32/bsc096444/ai4land-tfm/tmp/synth_vs_real/synth/f264525,20571.09,4248
synth,/gpfs/scratch/bsc32/bsc096444/ai4land-tfm/tmp/synth_vs_real/synth/f854596,1347.90,9807
real,/gpfs/scratch/ehpc736/data/AI4LAND_NON_preprocessed-data-2000-2015.zarr/urban/13.10.7,19677.29,4248
synth,/gpfs/scratch/bsc32/bsc096444/ai4land-tfm/tmp/synth_vs_real/synth/f565427,23964.12,273609
synth,/gpfs/scratch/bsc32/bsc096444/ai4land-tfm/tmp/synth_vs_real/synth/f717870,13413.69,4348
synth,/gpfs/scratch/bsc32/bsc096444/ai4land-tfm/tmp/synth_vs_real/synth/f674079,20159.58,8759
synth,/gpfs/scratch/bsc32/bsc096444/ai4land-tfm/tmp/synth_vs_real/synth/f894905,5741.96,345715
synth,/gpfs/scratch/bsc32/bsc096444/ai4land-tfm/tmp/synth_vs_real/synth/f975050,5988.52,184041
real,/gpfs/scratch/ehpc736/data/AI4LAND_NON_preprocessed-data-2000-2015.zarr/primf/12.17.18,25036.17,4248
synth,/gpfs/scratch/bsc32/bsc096444/ai4land-tfm/tmp/synth_vs_real/synth/f298830,10136.97,4248
synth,/gpfs/scratch/bsc32/bsc096444/ai4land-tfm/tmp/synth_vs_real/synth/f872335,2517.52,4248
synth,/gpfs/scratch/bsc32/bsc096444/ai4land-tfm/tmp/synth_vs_real/synth/f25990,13560.53,7156
real,/gpfs/scratch/ehpc736/data/AI4LAND_NON_preprocessed-data-2000-2015.zarr/pastr/12.4.17,22101.22,9382
synth,/gpfs/scratch/bsc32/bsc096444/ai4land-tfm/tmp/synth_vs_real/synth/f375190,13986.70,4248
real,/gpfs/scratch/ehpc736/data/AI4LAND_NON_preprocessed-data-2000-2015.zarr/primn/10.6.57,23589.09,166034
real,/gpfs/scratch/ehpc736/data/AI4LAND_NON_preprocessed-data-2000-2015.zarr/secdf/1.34.70,20473.65,4248
real,/gpfs/scratch/ehpc736/data/AI4LAND_NON_preprocessed-data-2000-2015.zarr/kg_class/12.16.23,40812.11,63618
synth,/gpfs/scratch/bsc32/bsc096444/ai4land-tfm/tmp/synth_vs_real/synth/f481741,38779.13,4248
real,/gpfs/scratch/ehpc736/data/AI4LAND_NON_preprocessed-data-2000-2015.zarr/primn/12.12.41,24917.53,341618
real,/gpfs/scratch/ehpc736/data/AI4LAND_NON_preprocessed-data-2000-2015.zarr/c3ann/14.21.41,26741.11,790564
real,/gpfs/scratch/ehpc736/data/AI4LAND_NON_preprocessed-data-2000-2015.zarr/secmb/0.14.10,25106.68,4248
real,/gpfs/scratch/ehpc736/data/AI4LAND_NON_preprocessed-data-2000-2015.zarr/secdf/4.14.18,28541.47,333908
synth,/gpfs/scratch/bsc32/bsc096444/ai4land-tfm/tmp/synth_vs_real/synth/f527276,11303.63,4248
real,/gpfs/scratch/ehpc736/data/AI4LAND_NON_preprocessed-data-2000-2015.zarr/kg_class/1.4.52,27306.28,5866
synth,/gpfs/scratch/bsc32/bsc096444/ai4land-tfm/tmp/synth_vs_real/synth/f512262,29533.59,4248
real,/gpfs/scratch/ehpc736/data/AI4LAND_NON_preprocessed-data-2000-2015.zarr/secdf/12.6.61,28398.86,464328
real,/gpfs/scratch/ehpc736/data/AI4LAND_NON_preprocessed-data-2000-2015.zarr/pastr/8.15.55,27188.35,416701
synth,/gpfs/scratch/bsc32/bsc096444/ai4land-tfm/tmp/synth_vs_real/synth/f666563,11707.19,4248
real,/gpfs/scratch/ehpc736/data/AI4LAND_NON_preprocessed-data-2000-2015.zarr/secma/13.1.25,19660.59,6240
synth,/gpfs/scratch/bsc32/bsc096444/ai4land-tfm/tmp/synth_vs_real/synth/f277370,26095.03,16933
synth,/gpfs/scratch/bsc32/bsc096444/ai4land-tfm/tmp/synth_vs_real/synth/f303445,11645.31,4248
real,/gpfs/scratch/ehpc736/data/AI4LAND_NON_preprocessed-data-2000-2015.zarr/number_of_people/14.33.44,18489.21,4248
synth,/gpfs/scratch/bsc32/bsc096444/ai4land-tfm/tmp/synth_vs_real/synth/f121263,18334.38,483648
real,/gpfs/scratch/ehpc736/data/AI4LAND_NON_preprocessed-data-2000-2015.zarr/primn/1.35.7,15691.35,4248
real,/gpfs/scratch/ehpc736/data/AI4LAND_NON_preprocessed-data-2000-2015.zarr/secmb/4.35.20,13852.10,4248
real,/gpfs/scratch/ehpc736/data/AI4LAND_NON_preprocessed-data-2000-2015.zarr/primn/7.29.44,23005.05,4248
synth,/gpfs/scratch/bsc32/bsc096444/ai4land-tfm/tmp/synth_vs_real/synth/f677568,15509.04,8472
real,/gpfs/scratch/ehpc736/data/AI4LAND_NON_preprocessed-data-2000-2015.zarr/c4per/9.22.53,16201.03,4248
real,/gpfs/scratch/ehpc736/data/AI4LAND_NON_preprocessed-data-2000-2015.zarr/number_of_people/2.20.20,25394.22,342374
real,/gpfs/scratch/ehpc736/data/AI4LAND_NON_preprocessed-data-2000-2015.zarr/c4per/3.11.46,25369.84,725926
synth,/gpfs/scratch/bsc32/bsc096444/ai4land-tfm/tmp/synth_vs_real/synth/f905798,4420.38,209426
real,/gpfs/scratch/ehpc736/data/AI4LAND_NON_preprocessed-data-2000-2015.zarr/pastr/15.32.0,19547.30,4248
real,/gpfs/scratch/ehpc736/data/AI4LAND_NON_preprocessed-data-2000-2015.zarr/primf/12.16.19,21773.41,44589
real,/gpfs/scratch/ehpc736/data/AI4LAND_NON_preprocessed-data-2000-2015.zarr/c4per/9.29.67,17531.56,4248
real,/gpfs/scratch/ehpc736/data/AI4LAND_NON_preprocessed-data-2000-2015.zarr/primf/13.30.19,18517.05,4248
real,/gpfs/scratch/ehpc736/data/AI4LAND_NON_preprocessed-data-2000-2015.zarr/c3per/8.24.32,19290.82,4248
synth,/gpfs/scratch/bsc32/bsc096444/ai4land-tfm/tmp/synth_vs_real/synth/f772343,4153.53,756775
real,/gpfs/scratch/ehpc736/data/AI4LAND_NON_preprocessed-data-2000-2015.zarr/kg_class/8.35.70,18326.33,4288
real,/gpfs/scratch/ehpc736/data/AI4LAND_NON_preprocessed-data-2000-2015.zarr/number_of_people/0.31.61,21963.41,4248
real,/gpfs/scratch/ehpc736/data/AI4LAND_NON_preprocessed-data-2000-2015.zarr/urban/1.10.49,23115.31,252771
real,/gpfs/scratch/ehpc736/data/AI4LAND_NON_preprocessed-data-2000-2015.zarr/primf/6.11.24,21555.92,4248
real,/gpfs/scratch/ehpc736/data/AI4LAND_NON_preprocessed-data-2000-2015.zarr/c3nfx/12.3.32,32345.96,4248
synth,/gpfs/scratch/bsc32/bsc096444/ai4land-tfm/tmp/synth_vs_real/synth/f278085,21132.36,8472
synth,/gpfs/scratch/bsc32/bsc096444/ai4land-tfm/tmp/synth_vs_real/synth/f700305,16057.25,4248
real,/gpfs/scratch/ehpc736/data/AI4LAND_NON_preprocessed-data-2000-2015.zarr/secmb/1.24.33,17342.19,4248
real,/gpfs/scratch/ehpc736/data/AI4LAND_NON_preprocessed-data-2000-2015.zarr/secdf/14.30.7,22336.13,4248
real,/gpfs/scratch/ehpc736/data/AI4LAND_NON_preprocessed-data-2000-2015.zarr/c3per/7.6.14,12303.41,357579
synth,/gpfs/scratch/bsc32/bsc096444/ai4land-tfm/tmp/synth_vs_real/synth/f777991,17927.56,21086
synth,/gpfs/scratch/bsc32/bsc096444/ai4land-tfm/tmp/synth_vs_real/synth/f592683,20978.76,4248
synth,/gpfs/scratch/bsc32/bsc096444/ai4land-tfm/tmp/synth_vs_real/synth/f906339,1081.33,8472
real,/gpfs/scratch/ehpc736/data/AI4LAND_NON_preprocessed-data-2000-2015.zarr/c3per/11.2.63,20710.35,6308
synth,/gpfs/scratch/bsc32/bsc096444/ai4land-tfm/tmp/synth_vs_real/synth/f98907,21069.27,4248
synth,/gpfs/scratch/bsc32/bsc096444/ai4land-tfm/tmp/synth_vs_real/synth/f348321,1150.38,4320
synth,/gpfs/scratch/bsc32/bsc096444/ai4land-tfm/tmp/synth_vs_real/synth/f32938,17947.90,14282
real,/gpfs/scratch/ehpc736/data/AI4LAND_NON_preprocessed-data-2000-2015.zarr/range/10.15.33,19544.47,742930
real,/gpfs/scratch/ehpc736/data/AI4LAND_NON_preprocessed-data-2000-2015.zarr/c4ann/13.18.56,24909.60,175974
synth,/gpfs/scratch/bsc32/bsc096444/ai4land-tfm/tmp/synth_vs_real/synth/f171339,16714.19,221735
real,/gpfs/scratch/ehpc736/data/AI4LAND_NON_preprocessed-data-2000-2015.zarr/c3ann/10.6.5,20192.78,35211
synth,/gpfs/scratch/bsc32/bsc096444/ai4land-tfm/tmp/synth_vs_real/synth/f335239,16687.38,4248
real,/gpfs/scratch/ehpc736/data/AI4LAND_NON_preprocessed-data-2000-2015.zarr/secmb/11.16.44,46357.45,351320
synth,/gpfs/scratch/bsc32/bsc096444/ai4land-tfm/tmp/synth_vs_real/synth/f79046,19178.39,8472
real,/gpfs/scratch/ehpc736/data/AI4LAND_NON_preprocessed-data-2000-2015.zarr/number_of_people/14.8.28,18102.77,4248
real,/gpfs/scratch/ehpc736/data/AI4LAND_NON_preprocessed-data-2000-2015.zarr/range/4.29.57,24917.44,4248
real,/gpfs/scratch/ehpc736/data/AI4LAND_NON_preprocessed-data-2000-2015.zarr/c3ann/13.21.45,23407.53,6810
synth,/gpfs/scratch/bsc32/bsc096444/ai4land-tfm/tmp/synth_vs_real/synth/f797549,9583.60,4248
synth,/gpfs/scratch/bsc32/bsc096444/ai4land-tfm/tmp/synth_vs_real/synth/f720221,31485.76,20395
real,/gpfs/scratch/ehpc736/data/AI4LAND_NON_preprocessed-data-2000-2015.zarr/primf/5.35.60,21174.95,4248
real,/gpfs/scratch/ehpc736/data/AI4LAND_NON_preprocessed-data-2000-2015.zarr/secma/11.8.50,35774.73,622717
synth,/gpfs/scratch/bsc32/bsc096444/ai4land-tfm/tmp/synth_vs_real/synth/f173061,33319.58,1542393
real,/gpfs/scratch/ehpc736/data/AI4LAND_NON_preprocessed-data-2000-2015.zarr/secma/9.0.40,23127.94,4248
real,/gpfs/scratch/ehpc736/data/AI4LAND_NON_preprocessed-data-2000-2015.zarr/secdf/4.13.54,25287.03,640446
real,/gpfs/scratch/ehpc736/data/AI4LAND_NON_preprocessed-data-2000-2015.zarr/c3nfx/0.16.47,13663.16,4248
synth,/gpfs/scratch/bsc32/bsc096444/ai4land-tfm/tmp/synth_vs_real/synth/f860394,1660.34,4248
synth,/gpfs/scratch/bsc32/bsc096444/ai4land-tfm/tmp/synth_vs_real/synth/f82582,16380.74,51130
real,/gpfs/scratch/ehpc736/data/AI4LAND_NON_preprocessed-data-2000-2015.zarr/c4ann/10.19.15,14836.45,4248
real,/gpfs/scratch/ehpc736/data/AI4LAND_NON_preprocessed-data-2000-2015.zarr/LULC_states/1.8.58,26410.58,86499
synth,/gpfs/scratch/bsc32/bsc096444/ai4land-tfm/tmp/synth_vs_real/synth/f139816,14030.58,4248
real,/gpfs/scratch/ehpc736/data/AI4LAND_NON_preprocessed-data-2000-2015.zarr/c4per/4.19.56,22246.71,92212
real,/gpfs/scratch/ehpc736/data/AI4LAND_NON_preprocessed-data-2000-2015.zarr/kg_class/15.3.55,19614.25,10961
real,/gpfs/scratch/ehpc736/data/AI4LAND_NON_preprocessed-data-2000-2015.zarr/LULC_states/6.6.12,19502.65,97621
real,/gpfs/scratch/ehpc736/data/AI4LAND_NON_preprocessed-data-2000-2015.zarr/c3nfx/1.29.60,21172.26,4248
real,/gpfs/scratch/ehpc736/data/AI4LAND_NON_preprocessed-data-2000-2015.zarr/secma/1.10.4,20357.79,4248
real,/gpfs/scratch/ehpc736/data/AI4LAND_NON_preprocessed-data-2000-2015.zarr/secdf/4.5.15,23516.56,117349
real,/gpfs/scratch/ehpc736/data/AI4LAND_NON_preprocessed-data-2000-2015.zarr/range/10.29.26,19218.12,4248
real,/gpfs/scratch/ehpc736/data/AI4LAND_NON_preprocessed-data-2000-2015.zarr/c3ann/0.11.62,24642.47,4248
synth,/gpfs/scratch/bsc32/bsc096444/ai4land-tfm/tmp/synth_vs_real/synth/f657924,18275.97,4248
real,/gpfs/scratch/ehpc736/data/AI4LAND_NON_preprocessed-data-2000-2015.zarr/urban/3.2.45,23121.90,4248
synth,/gpfs/scratch/bsc32/bsc096444/ai4land-tfm/tmp/synth_vs_real/synth/f131869,25356.93,132360
real,/gpfs/scratch/ehpc736/data/AI4LAND_NON_preprocessed-data-2000-2015.zarr/range/0.15.2,8386.91,4248
synth,/gpfs/scratch/bsc32/bsc096444/ai4land-tfm/tmp/synth_vs_real/synth/f964209,5026.67,171774
synth,/gpfs/scratch/bsc32/bsc096444/ai4land-tfm/tmp/synth_vs_real/synth/f220392,25283.55,7590
real,/gpfs/scratch/ehpc736/data/AI4LAND_NON_preprocessed-data-2000-2015.zarr/range/12.2.14,21735.83,10388
real,/gpfs/scratch/ehpc736/data/AI4LAND_NON_preprocessed-data-2000-2015.zarr/c3nfx/11.16.47,22495.20,4248
synth,/gpfs/scratch/bsc32/bsc096444/ai4land-tfm/tmp/synth_vs_real/synth/f697229,14125.11,4248
real,/gpfs/scratch/ehpc736/data/AI4LAND_NON_preprocessed-data-2000-2015.zarr/c4ann/7.34.42,16641.22,4248
real,/gpfs/scratch/ehpc736/data/AI4LAND_NON_preprocessed-data-2000-2015.zarr/c3per/13.24.67,16267.73,4248
synth,/gpfs/scratch/bsc32/bsc096444/ai4land-tfm/tmp/synth_vs_real/synth/f480547,19187.41,4248
real,/gpfs/scratch/ehpc736/data/AI4LAND_NON_preprocessed-data-2000-2015.zarr/c3ann/12.32.31,14997.55,4248
synth,/gpfs/scratch/bsc32/bsc096444/ai4land-tfm/tmp/synth_vs_real/synth/f821414,37658.87,1504560
synth,/gpfs/scratch/bsc32/bsc096444/ai4land-tfm/tmp/synth_vs_real/synth/f845964,1127.95,4248
real,/gpfs/scratch/ehpc736/data/AI4LAND_NON_preprocessed-data-2000-2015.zarr/c3nfx/11.13.43,51015.88,695416
real,/gpfs/scratch/ehpc736/data/AI4LAND_NON_preprocessed-data-2000-2015.zarr/c3nfx/4.23.45,17053.78,4248
synth,/gpfs/scratch/bsc32/bsc096444/ai4land-tfm/tmp/synth_vs_real/synth/f986042,228.66,4248
synth,/gpfs/scratch/bsc32/bsc096444/ai4land-tfm/tmp/synth_vs_real/synth/f839482,12930.72,990732
real,/gpfs/scratch/ehpc736/data/AI4LAND_NON_preprocessed-data-2000-2015.zarr/urban/8.4.28,14449.06,4620
real,/gpfs/scratch/ehpc736/data/AI4LAND_NON_preprocessed-data-2000-2015.zarr/pastr/14.5.64,21046.26,5470
real,/gpfs/scratch/ehpc736/data/AI4LAND_NON_preprocessed-data-2000-2015.zarr/secma/12.28.12,14235.01,4248
real,/gpfs/scratch/ehpc736/data/AI4LAND_NON_preprocessed-data-2000-2015.zarr/c3ann/0.7.14,36145.81,687883
synth,/gpfs/scratch/bsc32/bsc096444/ai4land-tfm/tmp/synth_vs_real/synth/f224643,21475.62,4248
synth,/gpfs/scratch/bsc32/bsc096444/ai4land-tfm/tmp/synth_vs_real/synth/f850155,1280.53,4248
synth,/gpfs/scratch/bsc32/bsc096444/ai4land-tfm/tmp/synth_vs_real/synth/f220281,12724.51,4248
real,/gpfs/scratch/ehpc736/data/AI4LAND_NON_preprocessed-data-2000-2015.zarr/secdf/0.6.1,21753.81,4248
real,/gpfs/scratch/ehpc736/data/AI4LAND_NON_preprocessed-data-2000-2015.zarr/secma/2.1.61,18114.36,4248
synth,/gpfs/scratch/bsc32/bsc096444/ai4land-tfm/tmp/synth_vs_real/synth/f330776,26196.61,4248
real,/gpfs/scratch/ehpc736/data/AI4LAND_NON_preprocessed-data-2000-2015.zarr/range/5.33.51,11817.07,4248
synth,/gpfs/scratch/bsc32/bsc096444/ai4land-tfm/tmp/synth_vs_real/synth/f206606,18785.78,4248
real,/gpfs/scratch/ehpc736/data/AI4LAND_NON_preprocessed-data-2000-2015.zarr/c3per/11.14.23,15991.78,23108
synth,/gpfs/scratch/bsc32/bsc096444/ai4land-tfm/tmp/synth_vs_real/synth/f24813,1915.67,4248
real,/gpfs/scratch/ehpc736/data/AI4LAND_NON_preprocessed-data-2000-2015.zarr/pastr/14.0.54,24102.98,4248
synth,/gpfs/scratch/bsc32/bsc096444/ai4land-tfm/tmp/synth_vs_real/synth/f713536,21787.79,107148
synth,/gpfs/scratch/bsc32/bsc096444/ai4land-tfm/tmp/synth_vs_real/synth/f807189,1220.70,4248
real,/gpfs/scratch/ehpc736/data/AI4LAND_NON_preprocessed-data-2000-2015.zarr/number_of_people/7.25.61,10610.76,4248
real,/gpfs/scratch/ehpc736/data/AI4LAND_NON_preprocessed-data-2000-2015.zarr/c4ann/12.33.42,13797.75,4248
synth,/gpfs/scratch/bsc32/bsc096444/ai4land-tfm/tmp/synth_vs_real/synth/f313118,15298.57,8472
synth,/gpfs/scratch/bsc32/bsc096444/ai4land-tfm/tmp/synth_vs_real/synth/f149811,20159.40,4248
synth,/gpfs/scratch/bsc32/bsc096444/ai4land-tfm/tmp/synth_vs_real/synth/f222086,21739.54,4248
synth,/gpfs/scratch/bsc32/bsc096444/ai4land-tfm/tmp/synth_vs_real/synth/f60738,1359.55,10507
synth,/gpfs/scratch/bsc32/bsc096444/ai4land-tfm/tmp/synth_vs_real/synth/f730429,22311.03,4248
real,/gpfs/scratch/ehpc736/data/AI4LAND_NON_preprocessed-data-2000-2015.zarr/c3ann/3.10.57,33773.83,686932
real,/gpfs/scratch/ehpc736/data/AI4LAND_NON_preprocessed-data-2000-2015.zarr/LULC_states/8.2.12,23952.53,18653
synth,/gpfs/scratch/bsc32/bsc096444/ai4land-tfm/tmp/synth_vs_real/synth/f43860,12192.08,4248
real,/gpfs/scratch/ehpc736/data/AI4LAND_NON_preprocessed-data-2000-2015.zarr/number_of_people/13.30.12,20786.78,4248
synth,/gpfs/scratch/bsc32/bsc096444/ai4land-tfm/tmp/synth_vs_real/synth/f892697,784.66,4248
real,/gpfs/scratch/ehpc736/data/AI4LAND_NON_preprocessed-data-2000-2015.zarr/c3nfx/1.18.17,12335.17,4248
real,/gpfs/scratch/ehpc736/data/AI4LAND_NON_preprocessed-data-2000-2015.zarr/LULC_states/14.10.31,18251.85,4248
synth,/gpfs/scratch/bsc32/bsc096444/ai4land-tfm/tmp/synth_vs_real/synth/f220861,19689.22,4248
synth,/gpfs/scratch/bsc32/bsc096444/ai4land-tfm/tmp/synth_vs_real/synth/f213487,22287.07,4248
synth,/gpfs/scratch/bsc32/bsc096444/ai4land-tfm/tmp/synth_vs_real/synth/f512340,15518.14,7236
real,/gpfs/scratch/ehpc736/data/AI4LAND_NON_preprocessed-data-2000-2015.zarr/number_of_people/7.0.38,24487.58,4248
real,/gpfs/scratch/ehpc736/data/AI4LAND_NON_preprocessed-data-2000-2015.zarr/number_of_people/10.16.21,24792.66,402220
real,/gpfs/scratch/ehpc736/data/AI4LAND_NON_preprocessed-data-2000-2015.zarr/urban/2.8.6,15411.17,4248
real,/gpfs/scratch/ehpc736/data/AI4LAND_NON_preprocessed-data-2000-2015.zarr/secmb/2.27.62,16876.01,4248
synth,/gpfs/scratch/bsc32/bsc096444/ai4land-tfm/tmp/synth_vs_real/synth/f566847,12386.86,193818
real,/gpfs/scratch/ehpc736/data/AI4LAND_NON_preprocessed-data-2000-2015.zarr/primf/6.32.58,17007.61,4248
synth,/gpfs/scratch/bsc32/bsc096444/ai4land-tfm/tmp/synth_vs_real/synth/f101414,13984.88,4248
synth,/gpfs/scratch/bsc32/bsc096444/ai4land-tfm/tmp/synth_vs_real/synth/f565579,36108.08,4248
synth,/gpfs/scratch/bsc32/bsc096444/ai4land-tfm/tmp/synth_vs_real/synth/f554634,20376.54,4248
synth,/gpfs/scratch/bsc32/bsc096444/ai4land-tfm/tmp/synth_vs_real/synth/f990957,341.03,11158
real,/gpfs/scratch/ehpc736/data/AI4LAND_NON_preprocessed-data-2000-2015.zarr/range/5.27.25,20369.25,4248
synth,/gpfs/scratch/bsc32/bsc096444/ai4land-tfm/tmp/synth_vs_real/synth/f209267,24172.07,632287
real,/gpfs/scratch/ehpc736/data/AI4LAND_NON_preprocessed-data-2000-2015.zarr/c4per/14.14.13,21863.07,4248
synth,/gpfs/scratch/bsc32/bsc096444/ai4land-tfm/tmp/synth_vs_real/synth/f874224,1144.17,4248
real,/gpfs/scratch/ehpc736/data/AI4LAND_NON_preprocessed-data-2000-2015.zarr/primf/8.14.23,20317.23,4404
real,/gpfs/scratch/ehpc736/data/AI4LAND_NON_preprocessed-data-2000-2015.zarr/secdn/5.22.47,10696.73,4248
real,/gpfs/scratch/ehpc736/data/AI4LAND_NON_preprocessed-data-2000-2015.zarr/c3ann/9.26.47,22103.93,4248
synth,/gpfs/scratch/bsc32/bsc096444/ai4land-tfm/tmp/synth_vs_real/synth/f565158,21715.76,345707
real,/gpfs/scratch/ehpc736/data/AI4LAND_NON_preprocessed-data-2000-2015.zarr/LULC_states/0.12.35,21832.21,7628
synth,/gpfs/scratch/bsc32/bsc096444/ai4land-tfm/tmp/synth_vs_real/synth/f337902,17424.01,4248
synth,/gpfs/scratch/bsc32/bsc096444/ai4land-tfm/tmp/synth_vs_real/synth/f636130,18418.36,4248
synth,/gpfs/scratch/bsc32/bsc096444/ai4land-tfm/tmp/synth_vs_real/synth/f500149,16277.09,4248
real,/gpfs/scratch/ehpc736/data/AI4LAND_NON_preprocessed-data-2000-2015.zarr/LULC_states/12.2.44,17980.84,4248
synth,/gpfs/scratch/bsc32/bsc096444/ai4land-tfm/tmp/synth_vs_real/synth/f901393,1111.40,4248
real,/gpfs/scratch/ehpc736/data/AI4LAND_NON_preprocessed-data-2000-2015.zarr/secmb/4.16.22,20046.47,682606
synth,/gpfs/scratch/bsc32/bsc096444/ai4land-tfm/tmp/synth_vs_real/synth/f396922,18747.94,4248
real,/gpfs/scratch/ehpc736/data/AI4LAND_NON_preprocessed-data-2000-2015.zarr/secma/8.5.65,24748.09,88822
synth,/gpfs/scratch/bsc32/bsc096444/ai4land-tfm/tmp/synth_vs_real/synth/f998243,270.23,4248
real,/gpfs/scratch/ehpc736/data/AI4LAND_NON_preprocessed-data-2000-2015.zarr/secdn/12.2.37,16834.92,16830
synth,/gpfs/scratch/bsc32/bsc096444/ai4land-tfm/tmp/synth_vs_real/synth/f574553,43435.69,1530261
real,/gpfs/scratch/ehpc736/data/AI4LAND_NON_preprocessed-data-2000-2015.zarr/range/12.29.1,17750.84,4248
synth,/gpfs/scratch/bsc32/bsc096444/ai4land-tfm/tmp/synth_vs_real/synth/f9767,18765.44,332189
synth,/gpfs/scratch/bsc32/bsc096444/ai4land-tfm/tmp/synth_vs_real/synth/f957492,228.45,4248
synth,/gpfs/scratch/bsc32/bsc096444/ai4land-tfm/tmp/synth_vs_real/synth/f767460,21422.44,682425
synth,/gpfs/scratch/bsc32/bsc096444/ai4land-tfm/tmp/synth_vs_real/synth/f659176,14036.41,6496
synth,/gpfs/scratch/bsc32/bsc096444/ai4land-tfm/tmp/synth_vs_real/synth/f224345,14643.85,4248
real,/gpfs/scratch/ehpc736/data/AI4LAND_NON_preprocessed-data-2000-2015.zarr/secdn/1.15.18,20485.81,83617
real,/gpfs/scratch/ehpc736/data/AI4LAND_NON_preprocessed-data-2000-2015.zarr/secdn/5.16.54,25736.95,67423
synth,/gpfs/scratch/bsc32/bsc096444/ai4land-tfm/tmp/synth_vs_real/synth/f542717,22464.89,4248
synth,/gpfs/scratch/bsc32/bsc096444/ai4land-tfm/tmp/synth_vs_real/synth/f562275,16434.58,4248
synth,/gpfs/scratch/bsc32/bsc096444/ai4land-tfm/tmp/synth_vs_real/synth/f925245,355.62,4248
real,/gpfs/scratch/ehpc736/data/AI4LAND_NON_preprocessed-data-2000-2015.zarr/pastr/12.19.36,21165.74,4248
real,/gpfs/scratch/ehpc736/data/AI4LAND_NON_preprocessed-data-2000-2015.zarr/urban/12.33.46,19644.56,4248
real,/gpfs/scratch/ehpc736/data/AI4LAND_NON_preprocessed-data-2000-2015.zarr/c3ann/13.5.36,30438.24,507297
synth,/gpfs/scratch/bsc32/bsc096444/ai4land-tfm/tmp/synth_vs_real/synth/f946660,345.69,4248
synth,/gpfs/scratch/bsc32/bsc096444/ai4land-tfm/tmp/synth_vs_real/synth/f52657,24262.26,235707
real,/gpfs/scratch/ehpc736/data/AI4LAND_NON_preprocessed-data-2000-2015.zarr/number_of_people/2.14.17,24920.34,562871
real,/gpfs/scratch/ehpc736/data/AI4LAND_NON_preprocessed-data-2000-2015.zarr/number_of_people/2.7.3,15604.67,4248
synth,/gpfs/scratch/bsc32/bsc096444/ai4land-tfm/tmp/synth_vs_real/synth/f146413,21615.59,4248
synth,/gpfs/scratch/bsc32/bsc096444/ai4land-tfm/tmp/synth_vs_real/synth/f970342,201.30,40821
real,/gpfs/scratch/ehpc736/data/AI4LAND_NON_preprocessed-data-2000-2015.zarr/LULC_states/11.23.42,15753.60,4248
synth,/gpfs/scratch/bsc32/bsc096444/ai4land-tfm/tmp/synth_vs_real/synth/f463298,23428.30,178979
synth,/gpfs/scratch/bsc32/bsc096444/ai4land-tfm/tmp/synth_vs_real/synth/f145095,30928.01,632287
real,/gpfs/scratch/ehpc736/data/AI4LAND_NON_preprocessed-data-2000-2015.zarr/secmb/10.31.59,16474.72,4248
real,/gpfs/scratch/ehpc736/data/AI4LAND_NON_preprocessed-data-2000-2015.zarr/primf/4.3.33,33537.56,4248
real,/gpfs/scratch/ehpc736/data/AI4LAND_NON_preprocessed-data-2000-2015.zarr/number_of_people/7.1.18,21370.57,4248
synth,/gpfs/scratch/bsc32/bsc096444/ai4land-tfm/tmp/synth_vs_real/synth/f896865,33193.12,170627
synth,/gpfs/scratch/bsc32/bsc096444/ai4land-tfm/tmp/synth_vs_real/synth/f20480,42037.64,846349
synth,/gpfs/scratch/bsc32/bsc096444/ai4land-tfm/tmp/synth_vs_real/synth/f653425,38590.13,4248
real,/gpfs/scratch/ehpc736/data/AI4LAND_NON_preprocessed-data-2000-2015.zarr/secmb/3.31.4,16729.49,4248
real,/gpfs/scratch/ehpc736/data/AI4LAND_NON_preprocessed-data-2000-2015.zarr/c3per/15.23.19,17994.93,4248
synth,/gpfs/scratch/bsc32/bsc096444/ai4land-tfm/tmp/synth_vs_real/synth/f371507,14378.54,4248
synth,/gpfs/scratch/bsc32/bsc096444/ai4land-tfm/tmp/synth_vs_real/synth/f803013,17395.23,4248
real,/gpfs/scratch/ehpc736/data/AI4LAND_NON_preprocessed-data-2000-2015.zarr/c4ann/5.10.48,37555.55,785112
real,/gpfs/scratch/ehpc736/data/AI4LAND_NON_preprocessed-data-2000-2015.zarr/pastr/8.0.49,22608.08,4248
synth,/gpfs/scratch/bsc32/bsc096444/ai4land-tfm/tmp/synth_vs_real/synth/f992017,130.27,4248
synth,/gpfs/scratch/bsc32/bsc096444/ai4land-tfm/tmp/synth_vs_real/synth/f702448,20410.40,111078
real,/gpfs/scratch/ehpc736/data/AI4LAND_NON_preprocessed-data-2000-2015.zarr/primn/14.2.7,24475.18,4248
real,/gpfs/scratch/ehpc736/data/AI4LAND_NON_preprocessed-data-2000-2015.zarr/range/12.35.31,20284.61,4248
synth,/gpfs/scratch/bsc32/bsc096444/ai4land-tfm/tmp/synth_vs_real/synth/f347235,21649.19,72819
synth,/gpfs/scratch/bsc32/bsc096444/ai4land-tfm/tmp/synth_vs_real/synth/f611878,44097.32,4248
real,/gpfs/scratch/ehpc736/data/AI4LAND_NON_preprocessed-data-2000-2015.zarr/secdn/9.13.54,21614.22,222481
synth,/gpfs/scratch/bsc32/bsc096444/ai4land-tfm/tmp/synth_vs_real/synth/f417821,27076.28,4248
synth,/gpfs/scratch/bsc32/bsc096444/ai4land-tfm/tmp/synth_vs_real/synth/f587080,27412.52,291856
real,/gpfs/scratch/ehpc736/data/AI4LAND_NON_preprocessed-data-2000-2015.zarr/kg_class/15.13.40,18571.09,4283
real,/gpfs/scratch/ehpc736/data/AI4LAND_NON_preprocessed-data-2000-2015.zarr/kg_class/5.11.54,12710.26,87273
real,/gpfs/scratch/ehpc736/data/AI4LAND_NON_preprocessed-data-2000-2015.zarr/number_of_people/5.17.51,14916.49,4248
synth,/gpfs/scratch/bsc32/bsc096444/ai4land-tfm/tmp/synth_vs_real/synth/f748206,1063.85,55759
synth,/gpfs/scratch/bsc32/bsc096444/ai4land-tfm/tmp/synth_vs_real/synth/f449245,20604.44,4248
synth,/gpfs/scratch/bsc32/bsc096444/ai4land-tfm/tmp/synth_vs_real/synth/f880660,1228.94,4248
real,/gpfs/scratch/ehpc736/data/AI4LAND_NON_preprocessed-data-2000-2015.zarr/range/9.0.7,22882.26,4248
synth,/gpfs/scratch/bsc32/bsc096444/ai4land-tfm/tmp/synth_vs_real/synth/f517488,10221.56,4248
synth,/gpfs/scratch/bsc32/bsc096444/ai4land-tfm/tmp/synth_vs_real/synth/f887204,1177.77,4248
real,/gpfs/scratch/ehpc736/data/AI4LAND_NON_preprocessed-data-2000-2015.zarr/range/6.7.42,33324.20,725081
synth,/gpfs/scratch/bsc32/bsc096444/ai4land-tfm/tmp/synth_vs_real/synth/f425,18812.68,4248
real,/gpfs/scratch/ehpc736/data/AI4LAND_NON_preprocessed-data-2000-2015.zarr/range/0.29.70,21128.53,4248
real,/gpfs/scratch/ehpc736/data/AI4LAND_NON_preprocessed-data-2000-2015.zarr/range/6.9.38,29528.99,327924
real,/gpfs/scratch/ehpc736/data/AI4LAND_NON_preprocessed-data-2000-2015.zarr/secma/7.12.29,34349.12,4248
synth,/gpfs/scratch/bsc32/bsc096444/ai4land-tfm/tmp/synth_vs_real/synth/f876638,269.07,4248
synth,/gpfs/scratch/bsc32/bsc096444/ai4land-tfm/tmp/synth_vs_real/synth/f604596,27181.02,760041
real,/gpfs/scratch/ehpc736/data/AI4LAND_NON_preprocessed-data-2000-2015.zarr/range/14.24.64,41584.57,419439
synth,/gpfs/scratch/bsc32/bsc096444/ai4land-tfm/tmp/synth_vs_real/synth/f427398,12841.35,4248
real,/gpfs/scratch/ehpc736/data/AI4LAND_NON_preprocessed-data-2000-2015.zarr/c4per/1.8.17,16820.09,40471
synth,/gpfs/scratch/bsc32/bsc096444/ai4land-tfm/tmp/synth_vs_real/synth/f902237,7132.15,669986
synth,/gpfs/scratch/bsc32/bsc096444/ai4land-tfm/tmp/synth_vs_real/synth/f727659,25748.63,178419
real,/gpfs/scratch/ehpc736/data/AI4LAND_NON_preprocessed-data-2000-2015.zarr/primn/11.20.6,16157.97,4248
synth,/gpfs/scratch/bsc32/bsc096444/ai4land-tfm/tmp/synth_vs_real/synth/f594916,8410.22,4248
synth,/gpfs/scratch/bsc32/bsc096444/ai4land-tfm/tmp/synth_vs_real/synth/f274680,15393.80,4248
synth,/gpfs/scratch/bsc32/bsc096444/ai4land-tfm/tmp/synth_vs_real/synth/f278361,14413.30,4248
real,/gpfs/scratch/ehpc736/data/AI4LAND_NON_preprocessed-data-2000-2015.zarr/secmb/11.18.58,22119.21,200733
real,/gpfs/scratch/ehpc736/data/AI4LAND_NON_preprocessed-data-2000-2015.zarr/primn/15.6.15,12982.22,41186
real,/gpfs/scratch/ehpc736/data/AI4LAND_NON_preprocessed-data-2000-2015.zarr/c3ann/10.17.62,20623.27,28516
real,/gpfs/scratch/ehpc736/data/AI4LAND_NON_preprocessed-data-2000-2015.zarr/urban/7.22.53,12383.45,4248
synth,/gpfs/scratch/bsc32/bsc096444/ai4land-tfm/tmp/synth_vs_real/synth/f323232,17886.61,8472
synth,/gpfs/scratch/bsc32/bsc096444/ai4land-tfm/tmp/synth_vs_real/synth/f509231,17977.05,4248
real,/gpfs/scratch/ehpc736/data/AI4LAND_NON_preprocessed-data-2000-2015.zarr/c4ann/3.26.44,41924.68,4248
real,/gpfs/scratch/ehpc736/data/AI4LAND_NON_preprocessed-data-2000-2015.zarr/c3per/10.35.8,20873.15,4248
synth,/gpfs/scratch/bsc32/bsc096444/ai4land-tfm/tmp/synth_vs_real/synth/f903565,4561.40,265996
synth,/gpfs/scratch/bsc32/bsc096444/ai4land-tfm/tmp/synth_vs_real/synth/f695613,20071.37,245073
synth,/gpfs/scratch/bsc32/bsc096444/ai4land-tfm/tmp/synth_vs_real/synth/f673971,1095.73,4248
real,/gpfs/scratch/ehpc736/data/AI4LAND_NON_preprocessed-data-2000-2015.zarr/LULC_states/12.31.23,13942.85,19570
synth,/gpfs/scratch/bsc32/bsc096444/ai4land-tfm/tmp/synth_vs_real/synth/f721024,20393.40,29891
real,/gpfs/scratch/ehpc736/data/AI4LAND_NON_preprocessed-data-2000-2015.zarr/c3nfx/13.8.46,25142.86,541698
real,/gpfs/scratch/ehpc736/data/AI4LAND_NON_preprocessed-data-2000-2015.zarr/urban/13.26.34,24722.16,4248
synth,/gpfs/scratch/bsc32/bsc096444/ai4land-tfm/tmp/synth_vs_real/synth/f482662,17942.74,7615
synth,/gpfs/scratch/bsc32/bsc096444/ai4land-tfm/tmp/synth_vs_real/synth/f83667,19276.85,4248
real,/gpfs/scratch/ehpc736/data/AI4LAND_NON_preprocessed-data-2000-2015.zarr/c3nfx/7.33.57,18204.62,4248
real,/gpfs/scratch/ehpc736/data/AI4LAND_NON_preprocessed-data-2000-2015.zarr/c3per/14.13.61,20962.47,4248
real,/gpfs/scratch/ehpc736/data/AI4LAND_NON_preprocessed-data-2000-2015.zarr/c3ann/14.31.22,30327.35,4248
synth,/gpfs/scratch/bsc32/bsc096444/ai4land-tfm/tmp/synth_vs_real/synth/f582765,51474.76,882381
synth,/gpfs/scratch/bsc32/bsc096444/ai4land-tfm/tmp/synth_vs_real/synth/f818011,2880.65,4248
synth,/gpfs/scratch/bsc32/bsc096444/ai4land-tfm/tmp/synth_vs_real/synth/f379201,22616.22,8472
synth,/gpfs/scratch/bsc32/bsc096444/ai4land-tfm/tmp/synth_vs_real/synth/f838722,12783.76,4248
real,/gpfs/scratch/ehpc736/data/AI4LAND_NON_preprocessed-data-2000-2015.zarr/secdf/4.15.50,19720.33,117751
real,/gpfs/scratch/ehpc736/data/AI4LAND_NON_preprocessed-data-2000-2015.zarr/secdn/11.35.65,17132.95,4248
synth,/gpfs/scratch/bsc32/bsc096444/ai4land-tfm/tmp/synth_vs_real/synth/f861722,405.15,4248
synth,/gpfs/scratch/bsc32/bsc096444/ai4land-tfm/tmp/synth_vs_real/synth/f443692,17709.35,887484
real,/gpfs/scratch/ehpc736/data/AI4LAND_NON_preprocessed-data-2000-2015.zarr/secmb/7.29.27,16484.63,4248
synth,/gpfs/scratch/bsc32/bsc096444/ai4land-tfm/tmp/synth_vs_real/synth/f464656,19579.24,8527
real,/gpfs/scratch/ehpc736/data/AI4LAND_NON_preprocessed-data-2000-2015.zarr/secdf/2.5.37,26194.59,658707
synth,/gpfs/scratch/bsc32/bsc096444/ai4land-tfm/tmp/synth_vs_real/synth/f476786,11872.89,35969
real,/gpfs/scratch/ehpc736/data/AI4LAND_NON_preprocessed-data-2000-2015.zarr/urban/2.6.65,28010.64,64305
synth,/gpfs/scratch/bsc32/bsc096444/ai4land-tfm/tmp/synth_vs_real/synth/f836912,17358.00,61234
real,/gpfs/scratch/ehpc736/data/AI4LAND_NON_preprocessed-data-2000-2015.zarr/primn/2.14.63,16777.41,4248
real,/gpfs/scratch/ehpc736/data/AI4LAND_NON_preprocessed-data-2000-2015.zarr/urban/8.28.37,12118.85,4248
synth,/gpfs/scratch/bsc32/bsc096444/ai4land-tfm/tmp/synth_vs_real/synth/f114576,22396.31,407526
real,/gpfs/scratch/ehpc736/data/AI4LAND_NON_preprocessed-data-2000-2015.zarr/primn/7.32.67,20728.01,4248
real,/gpfs/scratch/ehpc736/data/AI4LAND_NON_preprocessed-data-2000-2015.zarr/secdn/0.20.31,10381.74,4248
synth,/gpfs/scratch/bsc32/bsc096444/ai4land-tfm/tmp/synth_vs_real/synth/f943199,103.05,8819
real,/gpfs/scratch/ehpc736/data/AI4LAND_NON_preprocessed-data-2000-2015.zarr/number_of_people/0.20.31,12760.88,4248
synth,/gpfs/scratch/bsc32/bsc096444/ai4land-tfm/tmp/synth_vs_real/synth/f695612,27890.87,4248
synth,/gpfs/scratch/bsc32/bsc096444/ai4land-tfm/tmp/synth_vs_real/synth/f398591,25087.38,8472
synth,/gpfs/scratch/bsc32/bsc096444/ai4land-tfm/tmp/synth_vs_real/synth/f553306,21482.09,110243
synth,/gpfs/scratch/bsc32/bsc096444/ai4land-tfm/tmp/synth_vs_real/synth/f40115,16807.91,10082
real,/gpfs/scratch/ehpc736/data/AI4LAND_NON_preprocessed-data-2000-2015.zarr/c3per/5.21.16,19858.17,4248
real,/gpfs/scratch/ehpc736/data/AI4LAND_NON_preprocessed-data-2000-2015.zarr/kg_class/8.32.8,20160.16,6186
real,/gpfs/scratch/ehpc736/data/AI4LAND_NON_preprocessed-data-2000-2015.zarr/kg_class/3.18.70,22543.72,4312
real,/gpfs/scratch/ehpc736/data/AI4LAND_NON_preprocessed-data-2000-2015.zarr/primf/3.22.34,18819.60,4248
synth,/gpfs/scratch/bsc32/bsc096444/ai4land-tfm/tmp/synth_vs_real/synth/f754639,24134.17,4248
real,/gpfs/scratch/ehpc736/data/AI4LAND_NON_preprocessed-data-2000-2015.zarr/urban/14.26.66,17518.83,4248
real,/gpfs/scratch/ehpc736/data/AI4LAND_NON_preprocessed-data-2000-2015.zarr/number_of_people/1.27.30,17411.63,4248
real,/gpfs/scratch/ehpc736/data/AI4LAND_NON_preprocessed-data-2000-2015.zarr/c4per/4.25.53,30433.06,4248
synth,/gpfs/scratch/bsc32/bsc096444/ai4land-tfm/tmp/synth_vs_real/synth/f138890,19712.46,4248
synth,/gpfs/scratch/bsc32/bsc096444/ai4land-tfm/tmp/synth_vs_real/synth/f754377,36457.68,4248
real,/gpfs/scratch/ehpc736/data/AI4LAND_NON_preprocessed-data-2000-2015.zarr/c3ann/9.17.41,25128.47,654456
real,/gpfs/scratch/ehpc736/data/AI4LAND_NON_preprocessed-data-2000-2015.zarr/number_of_people/1.14.36,30707.02,604675
synth,/gpfs/scratch/bsc32/bsc096444/ai4land-tfm/tmp/synth_vs_real/synth/f342027,27829.76,333601
real,/gpfs/scratch/ehpc736/data/AI4LAND_NON_preprocessed-data-2000-2015.zarr/urban/6.22.54,38386.18,4248
real,/gpfs/scratch/ehpc736/data/AI4LAND_NON_preprocessed-data-2000-2015.zarr/urban/8.12.65,24699.74,4248
synth,/gpfs/scratch/bsc32/bsc096444/ai4land-tfm/tmp/synth_vs_real/synth/f108618,21535.30,292769
synth,/gpfs/scratch/bsc32/bsc096444/ai4land-tfm/tmp/synth_vs_real/synth/f463638,29078.04,490193
synth,/gpfs/scratch/bsc32/bsc096444/ai4land-tfm/tmp/synth_vs_real/synth/f154511,21489.83,743560
real,/gpfs/scratch/ehpc736/data/AI4LAND_NON_preprocessed-data-2000-2015.zarr/c4ann/5.13.56,24346.40,456663
real,/gpfs/scratch/ehpc736/data/AI4LAND_NON_preprocessed-data-2000-2015.zarr/kg_class/14.7.33,16995.48,16186
synth,/gpfs/scratch/bsc32/bsc096444/ai4land-tfm/tmp/synth_vs_real/synth/f950983,5812.15,226763
synth,/gpfs/scratch/bsc32/bsc096444/ai4land-tfm/tmp/synth_vs_real/synth/f805819,12978.13,4348
synth,/gpfs/scratch/bsc32/bsc096444/ai4land-tfm/tmp/synth_vs_real/synth/f167414,23545.14,319441
real,/gpfs/scratch/ehpc736/data/AI4LAND_NON_preprocessed-data-2000-2015.zarr/c3per/14.4.39,29164.79,488872
real,/gpfs/scratch/ehpc736/data/AI4LAND_NON_preprocessed-data-2000-2015.zarr/c3ann/4.34.58,18007.70,4248
real,/gpfs/scratch/ehpc736/data/AI4LAND_NON_preprocessed-data-2000-2015.zarr/primf/12.24.23,25291.62,49347
real,/gpfs/scratch/ehpc736/data/AI4LAND_NON_preprocessed-data-2000-2015.zarr/urban/10.20.3,16371.32,4248
real,/gpfs/scratch/ehpc736/data/AI4LAND_NON_preprocessed-data-2000-2015.zarr/number_of_people/0.35.9,17131.33,4258
real,/gpfs/scratch/ehpc736/data/AI4LAND_NON_preprocessed-data-2000-2015.zarr/c3nfx/2.32.8,24507.23,4248
synth,/gpfs/scratch/bsc32/bsc096444/ai4land-tfm/tmp/synth_vs_real/synth/f988712,223.83,4462
synth,/gpfs/scratch/bsc32/bsc096444/ai4land-tfm/tmp/synth_vs_real/synth/f440869,29460.03,757036
real,/gpfs/scratch/ehpc736/data/AI4LAND_NON_preprocessed-data-2000-2015.zarr/range/6.16.41,31475.11,760790
synth,/gpfs/scratch/bsc32/bsc096444/ai4land-tfm/tmp/synth_vs_real/synth/f160265,18317.56,4248
real,/gpfs/scratch/ehpc736/data/AI4LAND_NON_preprocessed-data-2000-2015.zarr/primf/10.5.69,37112.43,148492
real,/gpfs/scratch/ehpc736/data/AI4LAND_NON_preprocessed-data-2000-2015.zarr/number_of_people/4.18.70,18659.24,4312
synth,/gpfs/scratch/bsc32/bsc096444/ai4land-tfm/tmp/synth_vs_real/synth/f15474,11547.72,4248
synth,/gpfs/scratch/bsc32/bsc096444/ai4land-tfm/tmp/synth_vs_real/synth/f935351,133.32,4248
real,/gpfs/scratch/ehpc736/data/AI4LAND_NON_preprocessed-data-2000-2015.zarr/secmb/1.1.17,27785.08,71582
synth,/gpfs/scratch/bsc32/bsc096444/ai4land-tfm/tmp/synth_vs_real/synth/f278082,20022.20,4248
synth,/gpfs/scratch/bsc32/bsc096444/ai4land-tfm/tmp/synth_vs_real/synth/f889208,132.64,4248
real,/gpfs/scratch/ehpc736/data/AI4LAND_NON_preprocessed-data-2000-2015.zarr/secdf/4.12.61,23292.15,4248
synth,/gpfs/scratch/bsc32/bsc096444/ai4land-tfm/tmp/synth_vs_real/synth/f777572,20845.20,134566
synth,/gpfs/scratch/bsc32/bsc096444/ai4land-tfm/tmp/synth_vs_real/synth/f461239,2690.64,4328
synth,/gpfs/scratch/bsc32/bsc096444/ai4land-tfm/tmp/synth_vs_real/synth/f261650,22452.50,4608
synth,/gpfs/scratch/bsc32/bsc096444/ai4land-tfm/tmp/synth_vs_real/synth/f126882,11250.78,4248
real,/gpfs/scratch/ehpc736/data/AI4LAND_NON_preprocessed-data-2000-2015.zarr/c4ann/7.29.65,19289.92,4248
synth,/gpfs/scratch/bsc32/bsc096444/ai4land-tfm/tmp/synth_vs_real/synth/f365962,15683.39,8472
real,/gpfs/scratch/ehpc736/data/AI4LAND_NON_preprocessed-data-2000-2015.zarr/secdf/5.8.57,18463.84,21756
real,/gpfs/scratch/ehpc736/data/AI4LAND_NON_preprocessed-data-2000-2015.zarr/primn/11.0.67,15574.35,4248
real,/gpfs/scratch/ehpc736/data/AI4LAND_NON_preprocessed-data-2000-2015.zarr/c3nfx/8.6.18,17389.17,5558
synth,/gpfs/scratch/bsc32/bsc096444/ai4land-tfm/tmp/synth_vs_real/synth/f471029,21520.19,64717
real,/gpfs/scratch/ehpc736/data/AI4LAND_NON_preprocessed-data-2000-2015.zarr/number_of_people/1.11.52,34004.56,680529
real,/gpfs/scratch/ehpc736/data/AI4LAND_NON_preprocessed-data-2000-2015.zarr/c3ann/15.1.23,16744.68,5886
real,/gpfs/scratch/ehpc736/data/AI4LAND_NON_preprocessed-data-2000-2015.zarr/secmb/4.7.43,24572.85,584216
real,/gpfs/scratch/ehpc736/data/AI4LAND_NON_preprocessed-data-2000-2015.zarr/pastr/10.19.4,21081.40,4248
real,/gpfs/scratch/ehpc736/data/AI4LAND_NON_preprocessed-data-2000-2015.zarr/c3ann/3.20.40,27110.35,800830
synth,/gpfs/scratch/bsc32/bsc096444/ai4land-tfm/tmp/synth_vs_real/synth/f240174,11038.45,4248
synth,/gpfs/scratch/bsc32/bsc096444/ai4land-tfm/tmp/synth_vs_real/synth/f572661,26128.67,8857
real,/gpfs/scratch/ehpc736/data/AI4LAND_NON_preprocessed-data-2000-2015.zarr/c3nfx/15.11.21,22934.01,4248
real,/gpfs/scratch/ehpc736/data/AI4LAND_NON_preprocessed-data-2000-2015.zarr/range/13.17.17,20543.76,4366
real,/gpfs/scratch/ehpc736/data/AI4LAND_NON_preprocessed-data-2000-2015.zarr/secma/0.22.59,19724.48,91985
synth,/gpfs/scratch/bsc32/bsc096444/ai4land-tfm/tmp/synth_vs_real/synth/f467574,20420.59,4248
synth,/gpfs/scratch/bsc32/bsc096444/ai4land-tfm/tmp/synth_vs_real/synth/f76819,6538.08,8472
synth,/gpfs/scratch/bsc32/bsc096444/ai4land-tfm/tmp/synth_vs_real/synth/f388162,15540.71,4248
synth,/gpfs/scratch/bsc32/bsc096444/ai4land-tfm/tmp/synth_vs_real/synth/f322451,18625.53,4248
synth,/gpfs/scratch/bsc32/bsc096444/ai4land-tfm/tmp/synth_vs_real/synth/f924231,242.22,31152
real,/gpfs/scratch/ehpc736/data/AI4LAND_NON_preprocessed-data-2000-2015.zarr/c3ann/14.31.5,14867.05,4248
synth,/gpfs/scratch/bsc32/bsc096444/ai4land-tfm/tmp/synth_vs_real/synth/f902512,1110.13,4248
real,/gpfs/scratch/ehpc736/data/AI4LAND_NON_preprocessed-data-2000-2015.zarr/c4per/3.19.67,15793.03,4314
synth,/gpfs/scratch/bsc32/bsc096444/ai4land-tfm/tmp/synth_vs_real/synth/f208573,13983.56,99849
synth,/gpfs/scratch/bsc32/bsc096444/ai4land-tfm/tmp/synth_vs_real/synth/f271782,24892.92,136897
real,/gpfs/scratch/ehpc736/data/AI4LAND_NON_preprocessed-data-2000-2015.zarr/secmb/11.18.26,29932.10,624219
real,/gpfs/scratch/ehpc736/data/AI4LAND_NON_preprocessed-data-2000-2015.zarr/urban/4.16.63,30616.38,4248
real,/gpfs/scratch/ehpc736/data/AI4LAND_NON_preprocessed-data-2000-2015.zarr/secma/13.16.43,34420.96,703863
real,/gpfs/scratch/ehpc736/data/AI4LAND_NON_preprocessed-data-2000-2015.zarr/secdn/4.8.21,41466.19,28863
synth,/gpfs/scratch/bsc32/bsc096444/ai4land-tfm/tmp/synth_vs_real/synth/f74441,18543.50,4248
real,/gpfs/scratch/ehpc736/data/AI4LAND_NON_preprocessed-data-2000-2015.zarr/c3per/15.18.51,13109.36,4248
synth,/gpfs/scratch/bsc32/bsc096444/ai4land-tfm/tmp/synth_vs_real/synth/f71849,15209.07,4350
synth,/gpfs/scratch/bsc32/bsc096444/ai4land-tfm/tmp/synth_vs_real/synth/f121035,17309.92,4248
synth,/gpfs/scratch/bsc32/bsc096444/ai4land-tfm/tmp/synth_vs_real/synth/f6814,32816.38,45948
synth,/gpfs/scratch/bsc32/bsc096444/ai4land-tfm/tmp/synth_vs_real/synth/f941435,268.76,4248
synth,/gpfs/scratch/bsc32/bsc096444/ai4land-tfm/tmp/synth_vs_real/synth/f709570,19559.01,4248
real,/gpfs/scratch/ehpc736/data/AI4LAND_NON_preprocessed-data-2000-2015.zarr/number_of_people/10.14.29,21422.16,4248
synth,/gpfs/scratch/bsc32/bsc096444/ai4land-tfm/tmp/synth_vs_real/synth/f802784,14304.17,4312
real,/gpfs/scratch/ehpc736/data/AI4LAND_NON_preprocessed-data-2000-2015.zarr/secdn/3.22.6,26056.84,4248
real,/gpfs/scratch/ehpc736/data/AI4LAND_NON_preprocessed-data-2000-2015.zarr/kg_class/2.5.52,19298.65,4248
real,/gpfs/scratch/ehpc736/data/AI4LAND_NON_preprocessed-data-2000-2015.zarr/kg_class/6.3.64,23018.43,26872
synth,/gpfs/scratch/bsc32/bsc096444/ai4land-tfm/tmp/synth_vs_real/synth/f747581,9146.46,7566
real,/gpfs/scratch/ehpc736/data/AI4LAND_NON_preprocessed-data-2000-2015.zarr/range/11.9.19,30985.26,663706
real,/gpfs/scratch/ehpc736/data/AI4LAND_NON_preprocessed-data-2000-2015.zarr/c3per/11.25.54,14294.62,4248
synth,/gpfs/scratch/bsc32/bsc096444/ai4land-tfm/tmp/synth_vs_real/synth/f28418,14708.70,4268
real,/gpfs/scratch/ehpc736/data/AI4LAND_NON_preprocessed-data-2000-2015.zarr/secdn/1.24.5,18090.25,4248
synth,/gpfs/scratch/bsc32/bsc096444/ai4land-tfm/tmp/synth_vs_real/synth/f942650,241.04,42317
synth,/gpfs/scratch/bsc32/bsc096444/ai4land-tfm/tmp/synth_vs_real/synth/f738797,7183.70,749166
real,/gpfs/scratch/ehpc736/data/AI4LAND_NON_preprocessed-data-2000-2015.zarr/c4ann/14.25.59,15533.80,4248
synth,/gpfs/scratch/bsc32/bsc096444/ai4land-tfm/tmp/synth_vs_real/synth/f22056,23203.42,310945
real,/gpfs/scratch/ehpc736/data/AI4LAND_NON_preprocessed-data-2000-2015.zarr/primn/4.20.54,24381.04,4248
synth,/gpfs/scratch/bsc32/bsc096444/ai4land-tfm/tmp/synth_vs_real/synth/f824629,816.01,4248
real,/gpfs/scratch/ehpc736/data/AI4LAND_NON_preprocessed-data-2000-2015.zarr/c3ann/6.28.52,17086.83,4248
real,/gpfs/scratch/ehpc736/data/AI4LAND_NON_preprocessed-data-2000-2015.zarr/range/1.19.7,9595.96,4320
real,/gpfs/scratch/ehpc736/data/AI4LAND_NON_preprocessed-data-2000-2015.zarr/number_of_people/15.5.51,14786.07,82078
synth,/gpfs/scratch/bsc32/bsc096444/ai4land-tfm/tmp/synth_vs_real/synth/f672097,14696.54,4248
synth,/gpfs/scratch/bsc32/bsc096444/ai4land-tfm/tmp/synth_vs_real/synth/f238651,24640.85,4248
synth,/gpfs/scratch/bsc32/bsc096444/ai4land-tfm/tmp/synth_vs_real/synth/f633052,15430.07,4248
synth,/gpfs/scratch/bsc32/bsc096444/ai4land-tfm/tmp/synth_vs_real/synth/f689305,14429.49,8472
synth,/gpfs/scratch/bsc32/bsc096444/ai4land-tfm/tmp/synth_vs_real/synth/f536004,28365.77,510672
synth,/gpfs/scratch/bsc32/bsc096444/ai4land-tfm/tmp/synth_vs_real/synth/f145051,13739.41,4248
synth,/gpfs/scratch/bsc32/bsc096444/ai4land-tfm/tmp/synth_vs_real/synth/f845742,16287.47,4248
synth,/gpfs/scratch/bsc32/bsc096444/ai4land-tfm/tmp/synth_vs_real/synth/f76066,15827.41,8472
synth,/gpfs/scratch/bsc32/bsc096444/ai4land-tfm/tmp/synth_vs_real/synth/f708446,48677.42,324493
real,/gpfs/scratch/ehpc736/data/AI4LAND_NON_preprocessed-data-2000-2015.zarr/secma/14.25.29,17793.68,4248
synth,/gpfs/scratch/bsc32/bsc096444/ai4land-tfm/tmp/synth_vs_real/synth/f419066,20415.76,8472
synth,/gpfs/scratch/bsc32/bsc096444/ai4land-tfm/tmp/synth_vs_real/synth/f179451,19335.52,4248
synth,/gpfs/scratch/bsc32/bsc096444/ai4land-tfm/tmp/synth_vs_real/synth/f464071,31917.18,4248
synth,/gpfs/scratch/bsc32/bsc096444/ai4land-tfm/tmp/synth_vs_real/synth/f376417,21002.43,22801
synth,/gpfs/scratch/bsc32/bsc096444/ai4land-tfm/tmp/synth_vs_real/synth/f994967,279.27,93473
synth,/gpfs/scratch/bsc32/bsc096444/ai4land-tfm/tmp/synth_vs_real/synth/f988536,233.93,11297
real,/gpfs/scratch/ehpc736/data/AI4LAND_NON_preprocessed-data-2000-2015.zarr/c3ann/1.24.38,22864.42,73827
synth,/gpfs/scratch/bsc32/bsc096444/ai4land-tfm/tmp/synth_vs_real/synth/f623398,18339.82,4248
synth,/gpfs/scratch/bsc32/bsc096444/ai4land-tfm/tmp/synth_vs_real/synth/f554816,44139.84,1521032
synth,/gpfs/scratch/bsc32/bsc096444/ai4land-tfm/tmp/synth_vs_real/synth/f160227,19529.44,4248
real,/gpfs/scratch/ehpc736/data/AI4LAND_NON_preprocessed-data-2000-2015.zarr/range/1.1.30,21677.38,6248
synth,/gpfs/scratch/bsc32/bsc096444/ai4land-tfm/tmp/synth_vs_real/synth/f580828,1375.32,4248
real,/gpfs/scratch/ehpc736/data/AI4LAND_NON_preprocessed-data-2000-2015.zarr/secdf/14.29.53,21196.30,4248
synth,/gpfs/scratch/bsc32/bsc096444/ai4land-tfm/tmp/synth_vs_real/synth/f398858,15292.31,4248
synth,/gpfs/scratch/bsc32/bsc096444/ai4land-tfm/tmp/synth_vs_real/synth/f668061,20112.37,4248
synth,/gpfs/scratch/bsc32/bsc096444/ai4land-tfm/tmp/synth_vs_real/synth/f598782,15640.81,67404
real,/gpfs/scratch/ehpc736/data/AI4LAND_NON_preprocessed-data-2000-2015.zarr/c3ann/2.10.24,23040.99,4248
synth,/gpfs/scratch/bsc32/bsc096444/ai4land-tfm/tmp/synth_vs_real/synth/f792495,14957.94,4248
real,/gpfs/scratch/ehpc736/data/AI4LAND_NON_preprocessed-data-2000-2015.zarr/c4per/3.24.60,20307.31,4248
synth,/gpfs/scratch/bsc32/bsc096444/ai4land-tfm/tmp/synth_vs_real/synth/f992948,133.84,4248
real,/gpfs/scratch/ehpc736/data/AI4LAND_NON_preprocessed-data-2000-2015.zarr/range/8.8.14,31711.88,682742
real,/gpfs/scratch/ehpc736/data/AI4LAND_NON_preprocessed-data-2000-2015.zarr/secdf/6.3.21,9548.63,5536
real,/gpfs/scratch/ehpc736/data/AI4LAND_NON_preprocessed-data-2000-2015.zarr/c3nfx/9.31.53,17146.37,4248
real,/gpfs/scratch/ehpc736/data/AI4LAND_NON_preprocessed-data-2000-2015.zarr/LULC_states/7.24.25,16654.07,4248
synth,/gpfs/scratch/bsc32/bsc096444/ai4land-tfm/tmp/synth_vs_real/synth/f757168,19286.09,8472
real,/gpfs/scratch/ehpc736/data/AI4LAND_NON_preprocessed-data-2000-2015.zarr/c4ann/12.7.37,7340.80,725192
synth,/gpfs/scratch/bsc32/bsc096444/ai4land-tfm/tmp/synth_vs_real/synth/f686508,1089.13,6248
real,/gpfs/scratch/ehpc736/data/AI4LAND_NON_preprocessed-data-2000-2015.zarr/number_of_people/0.8.9,22549.38,4248
synth,/gpfs/scratch/bsc32/bsc096444/ai4land-tfm/tmp/synth_vs_real/synth/f922369,5430.32,256065
real,/gpfs/scratch/ehpc736/data/AI4LAND_NON_preprocessed-data-2000-2015.zarr/kg_class/9.0.49,15853.50,4248
synth,/gpfs/scratch/bsc32/bsc096444/ai4land-tfm/tmp/synth_vs_real/synth/f74870,17350.96,4248
synth,/gpfs/scratch/bsc32/bsc096444/ai4land-tfm/tmp/synth_vs_real/synth/f8203,21610.77,426503
real,/gpfs/scratch/ehpc736/data/AI4LAND_NON_preprocessed-data-2000-2015.zarr/secma/0.6.46,31196.68,691284
synth,/gpfs/scratch/bsc32/bsc096444/ai4land-tfm/tmp/synth_vs_real/synth/f210922,9922.14,4248
real,/gpfs/scratch/ehpc736/data/AI4LAND_NON_preprocessed-data-2000-2015.zarr/urban/6.19.4,17586.01,4248
real,/gpfs/scratch/ehpc736/data/AI4LAND_NON_preprocessed-data-2000-2015.zarr/c3nfx/1.29.36,17336.93,4248
synth,/gpfs/scratch/bsc32/bsc096444/ai4land-tfm/tmp/synth_vs_real/synth/f443555,10953.17,6248
real,/gpfs/scratch/ehpc736/data/AI4LAND_NON_preprocessed-data-2000-2015.zarr/c3per/8.21.16,21212.15,4248
synth,/gpfs/scratch/bsc32/bsc096444/ai4land-tfm/tmp/synth_vs_real/synth/f254801,20339.25,4248
synth,/gpfs/scratch/bsc32/bsc096444/ai4land-tfm/tmp/synth_vs_real/synth/f950906,211.06,4248
real,/gpfs/scratch/ehpc736/data/AI4LAND_NON_preprocessed-data-2000-2015.zarr/kg_class/13.13.20,15299.18,28850
real,/gpfs/scratch/ehpc736/data/AI4LAND_NON_preprocessed-data-2000-2015.zarr/LULC_states/2.31.45,28298.31,4248
synth,/gpfs/scratch/bsc32/bsc096444/ai4land-tfm/tmp/synth_vs_real/synth/f97923,26356.61,735181
real,/gpfs/scratch/ehpc736/data/AI4LAND_NON_preprocessed-data-2000-2015.zarr/range/13.17.12,23139.11,4248
synth,/gpfs/scratch/bsc32/bsc096444/ai4land-tfm/tmp/synth_vs_real/synth/f875136,3178.69,72819
real,/gpfs/scratch/ehpc736/data/AI4LAND_NON_preprocessed-data-2000-2015.zarr/primf/8.31.18,19621.56,4248
synth,/gpfs/scratch/bsc32/bsc096444/ai4land-tfm/tmp/synth_vs_real/synth/f509232,38929.89,4248
synth,/gpfs/scratch/bsc32/bsc096444/ai4land-tfm/tmp/synth_vs_real/synth/f568969,11293.69,4248
real,/gpfs/scratch/ehpc736/data/AI4LAND_NON_preprocessed-data-2000-2015.zarr/secma/15.35.57,22075.55,4248
real,/gpfs/scratch/ehpc736/data/AI4LAND_NON_preprocessed-data-2000-2015.zarr/urban/15.18.7,15083.06,4248
synth,/gpfs/scratch/bsc32/bsc096444/ai4land-tfm/tmp/synth_vs_real/synth/f318635,1043.35,4408
synth,/gpfs/scratch/bsc32/bsc096444/ai4land-tfm/tmp/synth_vs_real/synth/f61483,16842.35,4248
real,/gpfs/scratch/ehpc736/data/AI4LAND_NON_preprocessed-data-2000-2015.zarr/range/2.26.6,17688.24,4248
synth,/gpfs/scratch/bsc32/bsc096444/ai4land-tfm/tmp/synth_vs_real/synth/f560069,22877.01,521102
real,/gpfs/scratch/ehpc736/data/AI4LAND_NON_preprocessed-data-2000-2015.zarr/secdn/2.8.25,14594.48,4248
real,/gpfs/scratch/ehpc736/data/AI4LAND_NON_preprocessed-data-2000-2015.zarr/LULC_states/4.10.28,14958.81,4248
synth,/gpfs/scratch/bsc32/bsc096444/ai4land-tfm/tmp/synth_vs_real/synth/f166931,14547.69,4248
synth,/gpfs/scratch/bsc32/bsc096444/ai4land-tfm/tmp/synth_vs_real/synth/f563750,13770.13,99305
real,/gpfs/scratch/ehpc736/data/AI4LAND_NON_preprocessed-data-2000-2015.zarr/kg_class/14.8.58,17915.01,68531
synth,/gpfs/scratch/bsc32/bsc096444/ai4land-tfm/tmp/synth_vs_real/synth/f974146,6971.53,248399
synth,/gpfs/scratch/bsc32/bsc096444/ai4land-tfm/tmp/synth_vs_real/synth/f603655,17087.80,8472
real,/gpfs/scratch/ehpc736/data/AI4LAND_NON_preprocessed-data-2000-2015.zarr/kg_class/13.10.44,14217.13,73138
real,/gpfs/scratch/ehpc736/data/AI4LAND_NON_preprocessed-data-2000-2015.zarr/c3nfx/2.24.50,21758.66,4248
real,/gpfs/scratch/ehpc736/data/AI4LAND_NON_preprocessed-data-2000-2015.zarr/secma/6.4.3,15701.85,16901
synth,/gpfs/scratch/bsc32/bsc096444/ai4land-tfm/tmp/synth_vs_real/synth/f133636,18258.05,4248
real,/gpfs/scratch/ehpc736/data/AI4LAND_NON_preprocessed-data-2000-2015.zarr/c3ann/6.31.45,18560.26,4248
synth,/gpfs/scratch/bsc32/bsc096444/ai4land-tfm/tmp/synth_vs_real/synth/f408396,27723.37,789308
synth,/gpfs/scratch/bsc32/bsc096444/ai4land-tfm/tmp/synth_vs_real/synth/f590341,13631.93,4248
real,/gpfs/scratch/ehpc736/data/AI4LAND_NON_preprocessed-data-2000-2015.zarr/secmb/7.17.22,33733.71,628482
real,/gpfs/scratch/ehpc736/data/AI4LAND_NON_preprocessed-data-2000-2015.zarr/secdf/1.9.0,37724.01,4248
synth,/gpfs/scratch/bsc32/bsc096444/ai4land-tfm/tmp/synth_vs_real/synth/f645414,14166.67,4248
synth,/gpfs/scratch/bsc32/bsc096444/ai4land-tfm/tmp/synth_vs_real/synth/f700005,7689.74,562122
synth,/gpfs/scratch/bsc32/bsc096444/ai4land-tfm/tmp/synth_vs_real/synth/f105907,9854.90,4248
real,/gpfs/scratch/ehpc736/data/AI4LAND_NON_preprocessed-data-2000-2015.zarr/c3ann/9.8.27,14053.45,4248
real,/gpfs/scratch/ehpc736/data/AI4LAND_NON_preprocessed-data-2000-2015.zarr/kg_class/14.18.16,14816.84,4248
synth,/gpfs/scratch/bsc32/bsc096444/ai4land-tfm/tmp/synth_vs_real/synth/f690993,16988.77,4248
real,/gpfs/scratch/ehpc736/data/AI4LAND_NON_preprocessed-data-2000-2015.zarr/c4per/2.2.24,17653.90,4248
real,/gpfs/scratch/ehpc736/data/AI4LAND_NON_preprocessed-data-2000-2015.zarr/secmb/13.2.62,22021.04,46902
real,/gpfs/scratch/ehpc736/data/AI4LAND_NON_preprocessed-data-2000-2015.zarr/LULC_states/5.11.28,17989.35,4248
real,/gpfs/scratch/ehpc736/data/AI4LAND_NON_preprocessed-data-2000-2015.zarr/urban/7.21.67,22425.90,30362
real,/gpfs/scratch/ehpc736/data/AI4LAND_NON_preprocessed-data-2000-2015.zarr/c3nfx/3.14.53,30684.31,153704
real,/gpfs/scratch/ehpc736/data/AI4LAND_NON_preprocessed-data-2000-2015.zarr/urban/7.14.61,16751.74,4248
synth,/gpfs/scratch/bsc32/bsc096444/ai4land-tfm/tmp/synth_vs_real/synth/f916964,381.19,45253
synth,/gpfs/scratch/bsc32/bsc096444/ai4land-tfm/tmp/synth_vs_real/synth/f822733,646.10,4248
synth,/gpfs/scratch/bsc32/bsc096444/ai4land-tfm/tmp/synth_vs_real/synth/f346479,482.68,8472
real,/gpfs/scratch/ehpc736/data/AI4LAND_NON_preprocessed-data-2000-2015.zarr/c3per/2.11.14,23200.28,419753
real,/gpfs/scratch/ehpc736/data/AI4LAND_NON_preprocessed-data-2000-2015.zarr/c4ann/1.6.19,15120.72,6060
synth,/gpfs/scratch/bsc32/bsc096444/ai4land-tfm/tmp/synth_vs_real/synth/f498369,17673.04,4248
real,/gpfs/scratch/ehpc736/data/AI4LAND_NON_preprocessed-data-2000-2015.zarr/secdf/9.29.33,15458.37,4248
real,/gpfs/scratch/ehpc736/data/AI4LAND_NON_preprocessed-data-2000-2015.zarr/c3nfx/9.26.0,12732.17,4286
real,/gpfs/scratch/ehpc736/data/AI4LAND_NON_preprocessed-data-2000-2015.zarr/secma/15.11.25,14534.49,4248
synth,/gpfs/scratch/bsc32/bsc096444/ai4land-tfm/tmp/synth_vs_real/synth/f635656,29525.36,4248
real,/gpfs/scratch/ehpc736/data/AI4LAND_NON_preprocessed-data-2000-2015.zarr/urban/4.10.23,30072.88,4248
synth,/gpfs/scratch/bsc32/bsc096444/ai4land-tfm/tmp/synth_vs_real/synth/f201629,36161.45,619206
real,/gpfs/scratch/ehpc736/data/AI4LAND_NON_preprocessed-data-2000-2015.zarr/pastr/15.33.34,9523.64,4248
real,/gpfs/scratch/ehpc736/data/AI4LAND_NON_preprocessed-data-2000-2015.zarr/LULC_states/9.4.49,31260.01,55702
real,/gpfs/scratch/ehpc736/data/AI4LAND_NON_preprocessed-data-2000-2015.zarr/LULC_states/8.2.27,28304.55,4248
real,/gpfs/scratch/ehpc736/data/AI4LAND_NON_preprocessed-data-2000-2015.zarr/range/2.16.64,24390.41,4248
real,/gpfs/scratch/ehpc736/data/AI4LAND_NON_preprocessed-data-2000-2015.zarr/secdf/7.23.53,11264.86,4248
real,/gpfs/scratch/ehpc736/data/AI4LAND_NON_preprocessed-data-2000-2015.zarr/primf/7.8.18,15684.98,440904
real,/gpfs/scratch/ehpc736/data/AI4LAND_NON_preprocessed-data-2000-2015.zarr/c3nfx/15.11.49,28842.37,702525
synth,/gpfs/scratch/bsc32/bsc096444/ai4land-tfm/tmp/synth_vs_real/synth/f165840,12177.32,4248
real,/gpfs/scratch/ehpc736/data/AI4LAND_NON_preprocessed-data-2000-2015.zarr/c3per/9.30.63,15682.36,4248
real,/gpfs/scratch/ehpc736/data/AI4LAND_NON_preprocessed-data-2000-2015.zarr/secdf/11.4.47,24614.56,193809
synth,/gpfs/scratch/bsc32/bsc096444/ai4land-tfm/tmp/synth_vs_real/synth/f650810,15660.02,4248
synth,/gpfs/scratch/bsc32/bsc096444/ai4land-tfm/tmp/synth_vs_real/synth/f275504,24622.52,4248
synth,/gpfs/scratch/bsc32/bsc096444/ai4land-tfm/tmp/synth_vs_real/synth/f539131,25700.91,112907
synth,/gpfs/scratch/bsc32/bsc096444/ai4land-tfm/tmp/synth_vs_real/synth/f765388,14950.35,4248
synth,/gpfs/scratch/bsc32/bsc096444/ai4land-tfm/tmp/synth_vs_real/synth/f331737,9780.60,4248
synth,/gpfs/scratch/bsc32/bsc096444/ai4land-tfm/tmp/synth_vs_real/synth/f224130,12126.21,4248
synth,/gpfs/scratch/bsc32/bsc096444/ai4land-tfm/tmp/synth_vs_real/synth/f20324,17743.48,8517
real,/gpfs/scratch/ehpc736/data/AI4LAND_NON_preprocessed-data-2000-2015.zarr/primn/14.34.28,17400.61,4248
synth,/gpfs/scratch/bsc32/bsc096444/ai4land-tfm/tmp/synth_vs_real/synth/f457239,14593.27,4248
synth,/gpfs/scratch/bsc32/bsc096444/ai4land-tfm/tmp/synth_vs_real/synth/f84002,20305.98,9808
synth,/gpfs/scratch/bsc32/bsc096444/ai4land-tfm/tmp/synth_vs_real/synth/f261941,24928.03,629695
synth,/gpfs/scratch/bsc32/bsc096444/ai4land-tfm/tmp/synth_vs_real/synth/f279766,16569.26,8472
synth,/gpfs/scratch/bsc32/bsc096444/ai4land-tfm/tmp/synth_vs_real/synth/f710219,12152.29,4248
synth,/gpfs/scratch/bsc32/bsc096444/ai4land-tfm/tmp/synth_vs_real/synth/f911527,6281.03,562250
synth,/gpfs/scratch/bsc32/bsc096444/ai4land-tfm/tmp/synth_vs_real/synth/f397562,16709.56,168571
real,/gpfs/scratch/ehpc736/data/AI4LAND_NON_preprocessed-data-2000-2015.zarr/secmb/4.26.56,18019.40,4248
synth,/gpfs/scratch/bsc32/bsc096444/ai4land-tfm/tmp/synth_vs_real/synth/f788295,19999.46,9442
real,/gpfs/scratch/ehpc736/data/AI4LAND_NON_preprocessed-data-2000-2015.zarr/c3ann/11.31.25,26579.81,4248
real,/gpfs/scratch/ehpc736/data/AI4LAND_NON_preprocessed-data-2000-2015.zarr/pastr/0.29.55,14359.36,4248
synth,/gpfs/scratch/bsc32/bsc096444/ai4land-tfm/tmp/synth_vs_real/synth/f988210,5939.06,551012
real,/gpfs/scratch/ehpc736/data/AI4LAND_NON_preprocessed-data-2000-2015.zarr/number_of_people/11.1.59,15858.25,4248
real,/gpfs/scratch/ehpc736/data/AI4LAND_NON_preprocessed-data-2000-2015.zarr/c3per/5.31.52,2301.24,4248
real,/gpfs/scratch/ehpc736/data/AI4LAND_NON_preprocessed-data-2000-2015.zarr/c3ann/5.20.4,20547.16,4248
real,/gpfs/scratch/ehpc736/data/AI4LAND_NON_preprocessed-data-2000-2015.zarr/urban/13.15.66,14288.94,4248
real,/gpfs/scratch/ehpc736/data/AI4LAND_NON_preprocessed-data-2000-2015.zarr/c3ann/1.18.68,42201.77,4248
real,/gpfs/scratch/ehpc736/data/AI4LAND_NON_preprocessed-data-2000-2015.zarr/secdf/6.0.60,18649.52,4248
real,/gpfs/scratch/ehpc736/data/AI4LAND_NON_preprocessed-data-2000-2015.zarr/c3per/11.5.51,13069.55,21647
synth,/gpfs/scratch/bsc32/bsc096444/ai4land-tfm/tmp/synth_vs_real/synth/f72574,23615.35,94880
real,/gpfs/scratch/ehpc736/data/AI4LAND_NON_preprocessed-data-2000-2015.zarr/c3per/5.4.10,18254.20,4930
synth,/gpfs/scratch/bsc32/bsc096444/ai4land-tfm/tmp/synth_vs_real/synth/f984861,260.95,4248
real,/gpfs/scratch/ehpc736/data/AI4LAND_NON_preprocessed-data-2000-2015.zarr/number_of_people/10.1.0,19728.68,4248
real,/gpfs/scratch/ehpc736/data/AI4LAND_NON_preprocessed-data-2000-2015.zarr/secdn/11.6.5,22682.05,25572
synth,/gpfs/scratch/bsc32/bsc096444/ai4land-tfm/tmp/synth_vs_real/synth/f834692,1216.52,18523
real,/gpfs/scratch/ehpc736/data/AI4LAND_NON_preprocessed-data-2000-2015.zarr/secmb/0.6.39,44766.45,385895
synth,/gpfs/scratch/bsc32/bsc096444/ai4land-tfm/tmp/synth_vs_real/synth/f825622,10674.67,4248
synth,/gpfs/scratch/bsc32/bsc096444/ai4land-tfm/tmp/synth_vs_real/synth/f902931,7617.72,1538279
real,/gpfs/scratch/ehpc736/data/AI4LAND_NON_preprocessed-data-2000-2015.zarr/c4ann/5.14.2,42289.29,4248
real,/gpfs/scratch/ehpc736/data/AI4LAND_NON_preprocessed-data-2000-2015.zarr/urban/0.20.62,23216.81,25073
real,/gpfs/scratch/ehpc736/data/AI4LAND_NON_preprocessed-data-2000-2015.zarr/c4ann/15.0.64,15022.59,4248
synth,/gpfs/scratch/bsc32/bsc096444/ai4land-tfm/tmp/synth_vs_real/synth/f803035,1595.76,24018
synth,/gpfs/scratch/bsc32/bsc096444/ai4land-tfm/tmp/synth_vs_real/synth/f434572,17479.06,4408
real,/gpfs/scratch/ehpc736/data/AI4LAND_NON_preprocessed-data-2000-2015.zarr/c3per/4.7.39,34947.49,739693
real,/gpfs/scratch/ehpc736/data/AI4LAND_NON_preprocessed-data-2000-2015.zarr/secmb/12.10.13,26307.39,565565
real,/gpfs/scratch/ehpc736/data/AI4LAND_NON_preprocessed-data-2000-2015.zarr/kg_class/0.23.19,21133.82,4248
synth,/gpfs/scratch/bsc32/bsc096444/ai4land-tfm/tmp/synth_vs_real/synth/f735343,15573.76,4248
synth,/gpfs/scratch/bsc32/bsc096444/ai4land-tfm/tmp/synth_vs_real/synth/f696503,5596.73,410624
real,/gpfs/scratch/ehpc736/data/AI4LAND_NON_preprocessed-data-2000-2015.zarr/c3per/11.21.29,19096.94,4248
synth,/gpfs/scratch/bsc32/bsc096444/ai4land-tfm/tmp/synth_vs_real/synth/f391559,17410.29,4248
real,/gpfs/scratch/ehpc736/data/AI4LAND_NON_preprocessed-data-2000-2015.zarr/secdn/5.14.22,21640.80,13616
real,/gpfs/scratch/ehpc736/data/AI4LAND_NON_preprocessed-data-2000-2015.zarr/secma/12.25.47,24083.44,4248
synth,/gpfs/scratch/bsc32/bsc096444/ai4land-tfm/tmp/synth_vs_real/synth/f229974,26113.57,465224
synth,/gpfs/scratch/bsc32/bsc096444/ai4land-tfm/tmp/synth_vs_real/synth/f625550,27093.97,4248
synth,/gpfs/scratch/bsc32/bsc096444/ai4land-tfm/tmp/synth_vs_real/synth/f742225,35703.45,1543150
real,/gpfs/scratch/ehpc736/data/AI4LAND_NON_preprocessed-data-2000-2015.zarr/primf/13.13.16,23938.29,124858
real,/gpfs/scratch/ehpc736/data/AI4LAND_NON_preprocessed-data-2000-2015.zarr/range/3.29.41,18684.46,4248
real,/gpfs/scratch/ehpc736/data/AI4LAND_NON_preprocessed-data-2000-2015.zarr/secdf/0.4.54,16039.72,4248
real,/gpfs/scratch/ehpc736/data/AI4LAND_NON_preprocessed-data-2000-2015.zarr/c4ann/8.17.21,29535.03,406177
real,/gpfs/scratch/ehpc736/data/AI4LAND_NON_preprocessed-data-2000-2015.zarr/primn/4.7.8,20614.70,4248
real,/gpfs/scratch/ehpc736/data/AI4LAND_NON_preprocessed-data-2000-2015.zarr/urban/4.20.19,33299.06,4248
synth,/gpfs/scratch/bsc32/bsc096444/ai4land-tfm/tmp/synth_vs_real/synth/f313921,28301.07,328093
synth,/gpfs/scratch/bsc32/bsc096444/ai4land-tfm/tmp/synth_vs_real/synth/f155287,17097.35,45948
synth,/gpfs/scratch/bsc32/bsc096444/ai4land-tfm/tmp/synth_vs_real/synth/f208802,13144.92,4248
real,/gpfs/scratch/ehpc736/data/AI4LAND_NON_preprocessed-data-2000-2015.zarr/secdf/15.35.10,20987.21,4248
real,/gpfs/scratch/ehpc736/data/AI4LAND_NON_preprocessed-data-2000-2015.zarr/secdf/1.31.65,19965.73,4248
synth,/gpfs/scratch/bsc32/bsc096444/ai4land-tfm/tmp/synth_vs_real/synth/f713328,942.03,4248
synth,/gpfs/scratch/bsc32/bsc096444/ai4land-tfm/tmp/synth_vs_real/synth/f919641,233.57,8472
synth,/gpfs/scratch/bsc32/bsc096444/ai4land-tfm/tmp/synth_vs_real/synth/f280746,1510.14,4248
synth,/gpfs/scratch/bsc32/bsc096444/ai4land-tfm/tmp/synth_vs_real/synth/f763934,6030.46,28006
real,/gpfs/scratch/ehpc736/data/AI4LAND_NON_preprocessed-data-2000-2015.zarr/secdn/14.5.67,24717.29,43402
real,/gpfs/scratch/ehpc736/data/AI4LAND_NON_preprocessed-data-2000-2015.zarr/urban/2.10.4,13569.40,4248
real,/gpfs/scratch/ehpc736/data/AI4LAND_NON_preprocessed-data-2000-2015.zarr/urban/6.6.30,21923.04,4248
synth,/gpfs/scratch/bsc32/bsc096444/ai4land-tfm/tmp/synth_vs_real/synth/f638720,23094.40,178498
real,/gpfs/scratch/ehpc736/data/AI4LAND_NON_preprocessed-data-2000-2015.zarr/LULC_states/0.31.4,11683.01,4248
real,/gpfs/scratch/ehpc736/data/AI4LAND_NON_preprocessed-data-2000-2015.zarr/pastr/4.17.34,23461.24,4248
synth,/gpfs/scratch/bsc32/bsc096444/ai4land-tfm/tmp/synth_vs_real/synth/f403906,17084.78,8472
real,/gpfs/scratch/ehpc736/data/AI4LAND_NON_preprocessed-data-2000-2015.zarr/secma/7.29.10,19257.15,4248
synth,/gpfs/scratch/bsc32/bsc096444/ai4land-tfm/tmp/synth_vs_real/synth/f478634,36924.51,1542393
synth,/gpfs/scratch/bsc32/bsc096444/ai4land-tfm/tmp/synth_vs_real/synth/f25611,10060.97,4248
synth,/gpfs/scratch/bsc32/bsc096444/ai4land-tfm/tmp/synth_vs_real/synth/f610805,23298.66,4248
real,/gpfs/scratch/ehpc736/data/AI4LAND_NON_preprocessed-data-2000-2015.zarr/secdn/11.32.2,17611.74,4248
synth,/gpfs/scratch/bsc32/bsc096444/ai4land-tfm/tmp/synth_vs_real/synth/f463246,31097.15,4248
synth,/gpfs/scratch/bsc32/bsc096444/ai4land-tfm/tmp/synth_vs_real/synth/f182480,35305.19,4248
synth,/gpfs/scratch/bsc32/bsc096444/ai4land-tfm/tmp/synth_vs_real/synth/f758490,26834.67,62685
real,/gpfs/scratch/ehpc736/data/AI4LAND_NON_preprocessed-data-2000-2015.zarr/kg_class/13.15.24,12179.46,4248
real,/gpfs/scratch/ehpc736/data/AI4LAND_NON_preprocessed-data-2000-2015.zarr/secdf/1.34.4,21867.16,4248
real,/gpfs/scratch/ehpc736/data/AI4LAND_NON_preprocessed-data-2000-2015.zarr/secmb/3.13.54,26814.16,696213
synth,/gpfs/scratch/bsc32/bsc096444/ai4land-tfm/tmp/synth_vs_real/synth/f435020,23631.20,113852
synth,/gpfs/scratch/bsc32/bsc096444/ai4land-tfm/tmp/synth_vs_real/synth/f740734,19925.19,252209
real,/gpfs/scratch/ehpc736/data/AI4LAND_NON_preprocessed-data-2000-2015.zarr/range/1.2.69,21733.54,4248
synth,/gpfs/scratch/bsc32/bsc096444/ai4land-tfm/tmp/synth_vs_real/synth/f317212,33929.84,768985
synth,/gpfs/scratch/bsc32/bsc096444/ai4land-tfm/tmp/synth_vs_real/synth/f48050,11527.47,4248
synth,/gpfs/scratch/bsc32/bsc096444/ai4land-tfm/tmp/synth_vs_real/synth/f422179,14925.85,4248
real,/gpfs/scratch/ehpc736/data/AI4LAND_NON_preprocessed-data-2000-2015.zarr/c3ann/12.23.39,28695.49,751992
real,/gpfs/scratch/ehpc736/data/AI4LAND_NON_preprocessed-data-2000-2015.zarr/primn/1.33.20,17614.65,4248
synth,/gpfs/scratch/bsc32/bsc096444/ai4land-tfm/tmp/synth_vs_real/synth/f49405,19204.71,4248
real,/gpfs/scratch/ehpc736/data/AI4LAND_NON_preprocessed-data-2000-2015.zarr/primf/8.16.43,24026.85,4248
synth,/gpfs/scratch/bsc32/bsc096444/ai4land-tfm/tmp/synth_vs_real/synth/f845687,20327.04,4248
real,/gpfs/scratch/ehpc736/data/AI4LAND_NON_preprocessed-data-2000-2015.zarr/secmb/12.13.2,15157.43,4248
real,/gpfs/scratch/ehpc736/data/AI4LAND_NON_preprocessed-data-2000-2015.zarr/urban/15.23.63,12460.41,22013
real,/gpfs/scratch/ehpc736/data/AI4LAND_NON_preprocessed-data-2000-2015.zarr/c3per/1.2.50,13907.66,4248
