2026-06-15 09:36:14,169 - INFO - Recurrent UNet Model Successfully Configured and Initialized.
2026-06-15 09:36:14,188 - INFO - Starting from scratch (no valid checkpoint provided).
2026-06-15 09:36:19,315 - INFO - Train: 4480000 samples, Val: 640000 samples
2026-06-15 09:36:21,444 - INFO - Starting training from epoch 1
2026-06-15 09:36:51,458 - INFO - Epoch [1/5], Batch [1/300], Loss: 2.1046 (Overall: 2.1350, Change: 2.0742), TF Ratio: 1.000
2026-06-15 09:36:51,614 - INFO - Epoch [1/5], Batch [2/300], Loss: 2.1372 (Overall: 2.1427, Change: 2.1968), TF Ratio: 1.000
2026-06-15 09:36:51,769 - INFO - Epoch [1/5], Batch [3/300], Loss: 2.1168 (Overall: 2.0839, Change: 2.0680), TF Ratio: 0.999
2026-06-15 09:36:51,990 - INFO - Epoch [1/5], Batch [4/300], Loss: 2.1398 (Overall: 2.0840, Change: 2.3336), TF Ratio: 0.999
2026-06-15 09:36:52,147 - INFO - Epoch [1/5], Batch [5/300], Loss: 2.1001 (Overall: 1.7928, Change: 2.0905), TF Ratio: 0.999
2026-06-15 09:36:52,302 - INFO - Epoch [1/5], Batch [6/300], Loss: 2.0947 (Overall: 1.7613, Change: 2.3738), TF Ratio: 0.999
2026-06-15 09:36:52,456 - INFO - Epoch [1/5], Batch [7/300], Loss: 2.0347 (Overall: 1.6415, Change: 1.7071), TF Ratio: 0.999
2026-06-15 09:36:52,612 - INFO - Epoch [1/5], Batch [8/300], Loss: 2.0132 (Overall: 1.7816, Change: 1.9448), TF Ratio: 0.998
2026-06-15 09:36:52,767 - INFO - Epoch [1/5], Batch [9/300], Loss: 1.9879 (Overall: 1.6829, Change: 1.8886), TF Ratio: 0.998
2026-06-15 09:36:52,921 - INFO - Epoch [1/5], Batch [10/300], Loss: 1.9490 (Overall: 1.7848, Change: 1.4125), TF Ratio: 0.998
2026-06-15 09:36:53,076 - INFO - Epoch [1/5], Batch [11/300], Loss: 1.9359 (Overall: 1.5408, Change: 2.0677), TF Ratio: 0.998
2026-06-15 09:36:53,232 - INFO - Epoch [1/5], Batch [12/300], Loss: 1.9160 (Overall: 1.6437, Change: 1.7518), TF Ratio: 0.998
2026-06-15 09:36:53,387 - INFO - Epoch [1/5], Batch [13/300], Loss: 1.8992 (Overall: 1.5294, Change: 1.8646), TF Ratio: 0.997
2026-06-15 09:36:53,541 - INFO - Epoch [1/5], Batch [14/300], Loss: 1.8843 (Overall: 1.5274, Change: 1.8547), TF Ratio: 0.997
2026-06-15 09:36:53,697 - INFO - Epoch [1/5], Batch [15/300], Loss: 1.8614 (Overall: 1.6125, Change: 1.4690), TF Ratio: 0.997
2026-06-15 09:36:53,853 - INFO - Epoch [1/5], Batch [16/300], Loss: 1.8532 (Overall: 1.5308, Change: 1.9299), TF Ratio: 0.997
2026-06-15 09:36:54,009 - INFO - Epoch [1/5], Batch [17/300], Loss: 1.8432 (Overall: 1.4567, Change: 1.9094), TF Ratio: 0.997
2026-06-15 09:36:54,165 - INFO - Epoch [1/5], Batch [18/300], Loss: 1.8368 (Overall: 1.4035, Change: 2.0510), TF Ratio: 0.996
2026-06-15 09:36:54,318 - INFO - Epoch [1/5], Batch [19/300], Loss: 1.8195 (Overall: 1.3423, Change: 1.6757), TF Ratio: 0.996
2026-06-15 09:37:03,388 - INFO - Epoch [1/5], Batch [20/300], Loss: 1.8049 (Overall: 1.2771, Change: 1.7775), TF Ratio: 0.996
2026-06-15 09:37:05,987 - INFO - Epoch [1/5], Batch [21/300], Loss: 1.7950 (Overall: 1.3503, Change: 1.8446), TF Ratio: 0.996
2026-06-15 09:37:06,140 - INFO - Epoch [1/5], Batch [22/300], Loss: 1.7928 (Overall: 1.3886, Change: 2.1018), TF Ratio: 0.996
2026-06-15 09:37:06,297 - INFO - Epoch [1/5], Batch [23/300], Loss: 1.7743 (Overall: 1.3093, Change: 1.4263), TF Ratio: 0.995
2026-06-15 09:37:06,452 - INFO - Epoch [1/5], Batch [24/300], Loss: 1.7535 (Overall: 1.1671, Change: 1.3818), TF Ratio: 0.995
2026-06-15 09:37:06,607 - INFO - Epoch [1/5], Batch [25/300], Loss: 1.7422 (Overall: 1.3305, Change: 1.6148), TF Ratio: 0.995
2026-06-15 09:37:07,057 - INFO - Epoch [1/5], Batch [26/300], Loss: 1.7376 (Overall: 1.4094, Change: 1.8327), TF Ratio: 0.995
2026-06-15 09:37:07,212 - INFO - Epoch [1/5], Batch [27/300], Loss: 1.7311 (Overall: 1.4244, Change: 1.7022), TF Ratio: 0.995
2026-06-15 09:37:07,369 - INFO - Epoch [1/5], Batch [28/300], Loss: 1.7283 (Overall: 1.4071, Change: 1.8991), TF Ratio: 0.994
2026-06-15 09:37:07,523 - INFO - Epoch [1/5], Batch [29/300], Loss: 1.7200 (Overall: 1.3609, Change: 1.6118), TF Ratio: 0.994
2026-06-15 09:37:07,677 - INFO - Epoch [1/5], Batch [30/300], Loss: 1.7120 (Overall: 1.2090, Change: 1.7531), TF Ratio: 0.994
2026-06-15 09:37:07,834 - INFO - Epoch [1/5], Batch [31/300], Loss: 1.7114 (Overall: 1.5796, Change: 1.8083), TF Ratio: 0.994
2026-06-15 09:37:07,990 - INFO - Epoch [1/5], Batch [32/300], Loss: 1.7051 (Overall: 1.3714, Change: 1.6481), TF Ratio: 0.994
2026-06-15 09:37:08,145 - INFO - Epoch [1/5], Batch [33/300], Loss: 1.7002 (Overall: 1.1522, Change: 1.9318), TF Ratio: 0.993
2026-06-15 09:37:08,395 - INFO - Epoch [1/5], Batch [34/300], Loss: 1.6901 (Overall: 1.0628, Change: 1.6507), TF Ratio: 0.993
2026-06-15 09:37:08,548 - INFO - Epoch [1/5], Batch [35/300], Loss: 1.6858 (Overall: 1.3706, Change: 1.7071), TF Ratio: 0.993
2026-06-15 09:37:08,704 - INFO - Epoch [1/5], Batch [36/300], Loss: 1.6815 (Overall: 1.1946, Change: 1.8726), TF Ratio: 0.993
2026-06-15 09:37:08,860 - INFO - Epoch [1/5], Batch [37/300], Loss: 1.6728 (Overall: 1.0365, Change: 1.6774), TF Ratio: 0.993
2026-06-15 09:37:09,015 - INFO - Epoch [1/5], Batch [38/300], Loss: 1.6650 (Overall: 1.0625, Change: 1.6902), TF Ratio: 0.992
2026-06-15 09:37:09,168 - INFO - Epoch [1/5], Batch [39/300], Loss: 1.6671 (Overall: 1.6737, Change: 1.8250), TF Ratio: 0.992
2026-06-15 09:37:20,615 - INFO - Epoch [1/5], Batch [40/300], Loss: 1.6643 (Overall: 1.2206, Change: 1.8871), TF Ratio: 0.992
2026-06-15 09:37:23,109 - INFO - Epoch [1/5], Batch [41/300], Loss: 1.6568 (Overall: 1.0505, Change: 1.6656), TF Ratio: 0.992
2026-06-15 09:37:23,263 - INFO - Epoch [1/5], Batch [42/300], Loss: 1.6502 (Overall: 1.1249, Change: 1.6348), TF Ratio: 0.992
2026-06-15 09:37:23,417 - INFO - Epoch [1/5], Batch [43/300], Loss: 1.6421 (Overall: 1.1756, Change: 1.4220), TF Ratio: 0.991
2026-06-15 09:37:23,574 - INFO - Epoch [1/5], Batch [44/300], Loss: 1.6360 (Overall: 1.1918, Change: 1.5564), TF Ratio: 0.991
2026-06-15 09:37:23,729 - INFO - Epoch [1/5], Batch [45/300], Loss: 1.6298 (Overall: 1.0890, Change: 1.6322), TF Ratio: 0.991
2026-06-15 09:37:23,883 - INFO - Epoch [1/5], Batch [46/300], Loss: 1.6276 (Overall: 1.3457, Change: 1.7082), TF Ratio: 0.991
2026-06-15 09:37:24,037 - INFO - Epoch [1/5], Batch [47/300], Loss: 1.6269 (Overall: 1.4290, Change: 1.7612), TF Ratio: 0.991
2026-06-15 09:37:25,028 - INFO - Epoch [1/5], Batch [48/300], Loss: 1.6184 (Overall: 0.9893, Change: 1.4454), TF Ratio: 0.990
2026-06-15 09:37:25,182 - INFO - Epoch [1/5], Batch [49/300], Loss: 1.6187 (Overall: 1.3827, Change: 1.8879), TF Ratio: 0.990
2026-06-15 09:37:25,338 - INFO - Epoch [1/5], Batch [50/300], Loss: 1.6102 (Overall: 1.0279, Change: 1.3577), TF Ratio: 0.990
2026-06-15 09:37:25,491 - INFO - Epoch [1/5], Batch [51/300], Loss: 1.6080 (Overall: 1.2822, Change: 1.7174), TF Ratio: 0.990
2026-06-15 09:37:25,648 - INFO - Epoch [1/5], Batch [52/300], Loss: 1.6084 (Overall: 1.3409, Change: 1.9131), TF Ratio: 0.990
2026-06-15 09:37:25,803 - INFO - Epoch [1/5], Batch [53/300], Loss: 1.6091 (Overall: 1.3175, Change: 1.9744), TF Ratio: 0.989
2026-06-15 09:37:25,957 - INFO - Epoch [1/5], Batch [54/300], Loss: 1.6082 (Overall: 1.1634, Change: 1.9510), TF Ratio: 0.989
2026-06-15 09:37:26,112 - INFO - Epoch [1/5], Batch [55/300], Loss: 1.6049 (Overall: 1.1217, Change: 1.7386), TF Ratio: 0.989
2026-06-15 09:37:26,270 - INFO - Epoch [1/5], Batch [56/300], Loss: 1.6020 (Overall: 1.2705, Change: 1.6165), TF Ratio: 0.989
2026-06-15 09:37:26,426 - INFO - Epoch [1/5], Batch [57/300], Loss: 1.5980 (Overall: 1.0260, Change: 1.7185), TF Ratio: 0.989
2026-06-15 09:37:26,581 - INFO - Epoch [1/5], Batch [58/300], Loss: 1.5924 (Overall: 1.0935, Change: 1.4461), TF Ratio: 0.988
2026-06-15 09:37:26,738 - INFO - Epoch [1/5], Batch [59/300], Loss: 1.5879 (Overall: 1.0456, Change: 1.6147), TF Ratio: 0.988
2026-06-15 09:37:40,287 - INFO - Epoch [1/5], Batch [60/300], Loss: 1.5830 (Overall: 1.0566, Change: 1.5361), TF Ratio: 0.988
2026-06-15 09:37:42,699 - INFO - Epoch [1/5], Batch [61/300], Loss: 1.5792 (Overall: 1.0843, Change: 1.6172), TF Ratio: 0.988
2026-06-15 09:37:42,854 - INFO - Epoch [1/5], Batch [62/300], Loss: 1.5802 (Overall: 1.2120, Change: 2.0665), TF Ratio: 0.988
2026-06-15 09:37:43,008 - INFO - Epoch [1/5], Batch [63/300], Loss: 1.5803 (Overall: 1.2806, Change: 1.8928), TF Ratio: 0.987
2026-06-15 09:37:43,166 - INFO - Epoch [1/5], Batch [64/300], Loss: 1.5751 (Overall: 1.0931, Change: 1.3987), TF Ratio: 0.987
2026-06-15 09:37:43,321 - INFO - Epoch [1/5], Batch [65/300], Loss: 1.5724 (Overall: 1.0137, Change: 1.7882), TF Ratio: 0.987
2026-06-15 09:37:43,474 - INFO - Epoch [1/5], Batch [66/300], Loss: 1.5729 (Overall: 1.3415, Change: 1.8748), TF Ratio: 0.987
2026-06-15 09:37:43,628 - INFO - Epoch [1/5], Batch [67/300], Loss: 1.5707 (Overall: 1.1210, Change: 1.7253), TF Ratio: 0.987
2026-06-15 09:37:43,788 - INFO - Epoch [1/5], Batch [68/300], Loss: 1.5700 (Overall: 1.1842, Change: 1.8659), TF Ratio: 0.986
2026-06-15 09:37:43,943 - INFO - Epoch [1/5], Batch [69/300], Loss: 1.5640 (Overall: 0.9553, Change: 1.3505), TF Ratio: 0.986
2026-06-15 09:37:44,098 - INFO - Epoch [1/5], Batch [70/300], Loss: 1.5613 (Overall: 1.1832, Change: 1.5645), TF Ratio: 0.986
2026-06-15 09:37:44,250 - INFO - Epoch [1/5], Batch [71/300], Loss: 1.5586 (Overall: 1.1709, Change: 1.5666), TF Ratio: 0.986
2026-06-15 09:37:44,406 - INFO - Epoch [1/5], Batch [72/300], Loss: 1.5538 (Overall: 1.0417, Change: 1.3847), TF Ratio: 0.986
2026-06-15 09:37:44,562 - INFO - Epoch [1/5], Batch [73/300], Loss: 1.5501 (Overall: 1.1909, Change: 1.3817), TF Ratio: 0.985
2026-06-15 09:37:44,717 - INFO - Epoch [1/5], Batch [74/300], Loss: 1.5474 (Overall: 1.0510, Change: 1.6513), TF Ratio: 0.985
2026-06-15 09:37:44,870 - INFO - Epoch [1/5], Batch [75/300], Loss: 1.5432 (Overall: 1.0308, Change: 1.4285), TF Ratio: 0.985
2026-06-15 09:37:45,025 - INFO - Epoch [1/5], Batch [76/300], Loss: 1.5418 (Overall: 1.1329, Change: 1.7408), TF Ratio: 0.985
2026-06-15 09:37:45,180 - INFO - Epoch [1/5], Batch [77/300], Loss: 1.5381 (Overall: 1.0492, Change: 1.4620), TF Ratio: 0.985
2026-06-15 09:37:45,334 - INFO - Epoch [1/5], Batch [78/300], Loss: 1.5389 (Overall: 1.4228, Change: 1.7779), TF Ratio: 0.984
2026-06-15 09:37:45,487 - INFO - Epoch [1/5], Batch [79/300], Loss: 1.5377 (Overall: 1.0863, Change: 1.8059), TF Ratio: 0.984
2026-06-15 09:37:57,865 - INFO - Epoch [1/5], Batch [80/300], Loss: 1.5349 (Overall: 1.0171, Change: 1.6123), TF Ratio: 0.984
2026-06-15 09:37:59,996 - INFO - Epoch [1/5], Batch [81/300], Loss: 1.5321 (Overall: 0.9925, Change: 1.6293), TF Ratio: 0.984
2026-06-15 09:38:00,150 - INFO - Epoch [1/5], Batch [82/300], Loss: 1.5303 (Overall: 1.1005, Change: 1.6634), TF Ratio: 0.984
2026-06-15 09:38:00,306 - INFO - Epoch [1/5], Batch [83/300], Loss: 1.5282 (Overall: 1.0079, Change: 1.6972), TF Ratio: 0.983
2026-06-15 09:38:00,464 - INFO - Epoch [1/5], Batch [84/300], Loss: 1.5283 (Overall: 1.1719, Change: 1.9148), TF Ratio: 0.983
2026-06-15 09:38:00,620 - INFO - Epoch [1/5], Batch [85/300], Loss: 1.5249 (Overall: 1.0504, Change: 1.4237), TF Ratio: 0.983
2026-06-15 09:38:00,773 - INFO - Epoch [1/5], Batch [86/300], Loss: 1.5208 (Overall: 0.9968, Change: 1.3430), TF Ratio: 0.983
2026-06-15 09:38:00,930 - INFO - Epoch [1/5], Batch [87/300], Loss: 1.5184 (Overall: 1.0355, Change: 1.5939), TF Ratio: 0.983
2026-06-15 09:38:01,092 - INFO - Epoch [1/5], Batch [88/300], Loss: 1.5152 (Overall: 1.1276, Change: 1.3370), TF Ratio: 0.982
2026-06-15 09:38:01,248 - INFO - Epoch [1/5], Batch [89/300], Loss: 1.5125 (Overall: 1.4045, Change: 1.1588), TF Ratio: 0.982
2026-06-15 09:38:01,401 - INFO - Epoch [1/5], Batch [90/300], Loss: 1.5107 (Overall: 0.9830, Change: 1.7138), TF Ratio: 0.982
2026-06-15 09:38:01,555 - INFO - Epoch [1/5], Batch [91/300], Loss: 1.5118 (Overall: 1.1920, Change: 2.0261), TF Ratio: 0.982
2026-06-15 09:38:01,713 - INFO - Epoch [1/5], Batch [92/300], Loss: 1.5104 (Overall: 1.0829, Change: 1.6876), TF Ratio: 0.982
2026-06-15 09:38:01,870 - INFO - Epoch [1/5], Batch [93/300], Loss: 1.5076 (Overall: 1.0054, Change: 1.4819), TF Ratio: 0.981
2026-06-15 09:38:02,025 - INFO - Epoch [1/5], Batch [94/300], Loss: 1.5057 (Overall: 1.0984, Change: 1.5598), TF Ratio: 0.981
2026-06-15 09:38:02,178 - INFO - Epoch [1/5], Batch [95/300], Loss: 1.5046 (Overall: 1.1583, Change: 1.6470), TF Ratio: 0.981
2026-06-15 09:38:02,344 - INFO - Epoch [1/5], Batch [96/300], Loss: 1.5030 (Overall: 0.8995, Change: 1.8138), TF Ratio: 0.981
2026-06-15 09:38:02,501 - INFO - Epoch [1/5], Batch [97/300], Loss: 1.5012 (Overall: 1.0092, Change: 1.6506), TF Ratio: 0.981
2026-06-15 09:38:02,656 - INFO - Epoch [1/5], Batch [98/300], Loss: 1.4997 (Overall: 1.0001, Change: 1.6925), TF Ratio: 0.980
2026-06-15 09:38:02,811 - INFO - Epoch [1/5], Batch [99/300], Loss: 1.4962 (Overall: 0.8907, Change: 1.4243), TF Ratio: 0.980
2026-06-15 09:38:14,642 - INFO - Epoch [1/5], Batch [100/300], Loss: 1.4945 (Overall: 0.9483, Change: 1.7074), TF Ratio: 0.980
2026-06-15 09:38:18,691 - INFO - Epoch [1/5], Batch [101/300], Loss: 1.4926 (Overall: 0.9727, Change: 1.6358), TF Ratio: 0.980
2026-06-15 09:38:18,845 - INFO - Epoch [1/5], Batch [102/300], Loss: 1.4910 (Overall: 1.0067, Change: 1.6352), TF Ratio: 0.980
2026-06-15 09:38:19,000 - INFO - Epoch [1/5], Batch [103/300], Loss: 1.4874 (Overall: 0.8589, Change: 1.3940), TF Ratio: 0.979
2026-06-15 09:38:19,156 - INFO - Epoch [1/5], Batch [104/300], Loss: 1.4855 (Overall: 1.0575, Change: 1.5193), TF Ratio: 0.979
2026-06-15 09:38:19,312 - INFO - Epoch [1/5], Batch [105/300], Loss: 1.4800 (Overall: 0.7474, Change: 1.0710), TF Ratio: 0.979
2026-06-15 09:38:19,464 - INFO - Epoch [1/5], Batch [106/300], Loss: 1.4781 (Overall: 0.9311, Change: 1.6213), TF Ratio: 0.979
2026-06-15 09:38:19,617 - INFO - Epoch [1/5], Batch [107/300], Loss: 1.4756 (Overall: 0.9338, Change: 1.4817), TF Ratio: 0.979
2026-06-15 09:38:19,773 - INFO - Epoch [1/5], Batch [108/300], Loss: 1.4746 (Overall: 1.0014, Change: 1.7437), TF Ratio: 0.978
2026-06-15 09:38:19,928 - INFO - Epoch [1/5], Batch [109/300], Loss: 1.4709 (Overall: 0.9474, Change: 1.1871), TF Ratio: 0.978
2026-06-15 09:38:20,081 - INFO - Epoch [1/5], Batch [110/300], Loss: 1.4683 (Overall: 0.9566, Change: 1.4254), TF Ratio: 0.978
2026-06-15 09:38:20,236 - INFO - Epoch [1/5], Batch [111/300], Loss: 1.4679 (Overall: 1.2058, Change: 1.6256), TF Ratio: 0.978
2026-06-15 09:38:20,394 - INFO - Epoch [1/5], Batch [112/300], Loss: 1.4656 (Overall: 0.9527, Change: 1.4718), TF Ratio: 0.978
2026-06-15 09:38:20,549 - INFO - Epoch [1/5], Batch [113/300], Loss: 1.4653 (Overall: 1.1402, Change: 1.7223), TF Ratio: 0.977
2026-06-15 09:38:20,704 - INFO - Epoch [1/5], Batch [114/300], Loss: 1.4620 (Overall: 0.9755, Change: 1.2124), TF Ratio: 0.977
2026-06-15 09:38:20,859 - INFO - Epoch [1/5], Batch [115/300], Loss: 1.4600 (Overall: 0.7723, Change: 1.6942), TF Ratio: 0.977
2026-06-15 09:38:21,015 - INFO - Epoch [1/5], Batch [116/300], Loss: 1.4590 (Overall: 1.0191, Change: 1.6682), TF Ratio: 0.977
2026-06-15 09:38:21,171 - INFO - Epoch [1/5], Batch [117/300], Loss: 1.4573 (Overall: 0.9506, Change: 1.5691), TF Ratio: 0.977
2026-06-15 09:38:21,326 - INFO - Epoch [1/5], Batch [118/300], Loss: 1.4566 (Overall: 1.1154, Change: 1.6352), TF Ratio: 0.976
2026-06-15 09:38:21,481 - INFO - Epoch [1/5], Batch [119/300], Loss: 1.4545 (Overall: 1.3065, Change: 1.1037), TF Ratio: 0.976
2026-06-15 09:38:31,646 - INFO - Epoch [1/5], Batch [120/300], Loss: 1.4530 (Overall: 0.9878, Change: 1.5487), TF Ratio: 0.976
2026-06-15 09:38:35,416 - INFO - Epoch [1/5], Batch [121/300], Loss: 1.4502 (Overall: 0.8451, Change: 1.3808), TF Ratio: 0.976
2026-06-15 09:38:35,569 - INFO - Epoch [1/5], Batch [122/300], Loss: 1.4488 (Overall: 1.0414, Change: 1.5365), TF Ratio: 0.976
2026-06-15 09:38:35,724 - INFO - Epoch [1/5], Batch [123/300], Loss: 1.4464 (Overall: 1.0208, Change: 1.2909), TF Ratio: 0.975
2026-06-15 09:38:35,882 - INFO - Epoch [1/5], Batch [124/300], Loss: 1.4455 (Overall: 0.9647, Change: 1.6888), TF Ratio: 0.975
2026-06-15 09:38:36,038 - INFO - Epoch [1/5], Batch [125/300], Loss: 1.4437 (Overall: 0.9906, Change: 1.4523), TF Ratio: 0.975
2026-06-15 09:38:36,193 - INFO - Epoch [1/5], Batch [126/300], Loss: 1.4436 (Overall: 1.4084, Change: 1.4638), TF Ratio: 0.975
2026-06-15 09:38:36,349 - INFO - Epoch [1/5], Batch [127/300], Loss: 1.4460 (Overall: 0.9530, Change: 2.5376), TF Ratio: 0.975
2026-06-15 09:38:36,505 - INFO - Epoch [1/5], Batch [128/300], Loss: 1.4449 (Overall: 0.9551, Change: 1.6618), TF Ratio: 0.974
2026-06-15 09:38:36,660 - INFO - Epoch [1/5], Batch [129/300], Loss: 1.4449 (Overall: 1.1102, Change: 1.7715), TF Ratio: 0.974
2026-06-15 09:38:36,815 - INFO - Epoch [1/5], Batch [130/300], Loss: 1.4446 (Overall: 0.9722, Change: 1.8511), TF Ratio: 0.974
2026-06-15 09:38:36,972 - INFO - Epoch [1/5], Batch [131/300], Loss: 1.4447 (Overall: 1.2076, Change: 1.6883), TF Ratio: 0.974
2026-06-15 09:38:37,127 - INFO - Epoch [1/5], Batch [132/300], Loss: 1.4437 (Overall: 1.1306, Change: 1.5034), TF Ratio: 0.974
2026-06-15 09:38:37,283 - INFO - Epoch [1/5], Batch [133/300], Loss: 1.4435 (Overall: 0.9730, Change: 1.8532), TF Ratio: 0.973
2026-06-15 09:38:37,439 - INFO - Epoch [1/5], Batch [134/300], Loss: 1.4406 (Overall: 0.9748, Change: 1.1341), TF Ratio: 0.973
2026-06-15 09:38:37,595 - INFO - Epoch [1/5], Batch [135/300], Loss: 1.4396 (Overall: 1.0229, Change: 1.6061), TF Ratio: 0.973
2026-06-15 09:38:37,751 - INFO - Epoch [1/5], Batch [136/300], Loss: 1.4378 (Overall: 1.1132, Change: 1.2640), TF Ratio: 0.973
2026-06-15 09:38:37,906 - INFO - Epoch [1/5], Batch [137/300], Loss: 1.4355 (Overall: 0.9029, Change: 1.3366), TF Ratio: 0.973
2026-06-15 09:38:38,061 - INFO - Epoch [1/5], Batch [138/300], Loss: 1.4346 (Overall: 1.0575, Change: 1.5771), TF Ratio: 0.972
2026-06-15 09:38:38,216 - INFO - Epoch [1/5], Batch [139/300], Loss: 1.4344 (Overall: 1.1880, Change: 1.6245), TF Ratio: 0.972
2026-06-15 09:38:48,850 - INFO - Epoch [1/5], Batch [140/300], Loss: 1.4340 (Overall: 1.0993, Change: 1.6614), TF Ratio: 0.972
2026-06-15 09:38:51,892 - INFO - Epoch [1/5], Batch [141/300], Loss: 1.4324 (Overall: 0.8959, Change: 1.5155), TF Ratio: 0.972
2026-06-15 09:38:52,047 - INFO - Epoch [1/5], Batch [142/300], Loss: 1.4294 (Overall: 0.9368, Change: 1.0654), TF Ratio: 0.972
2026-06-15 09:38:52,201 - INFO - Epoch [1/5], Batch [143/300], Loss: 1.4301 (Overall: 0.9728, Change: 2.1072), TF Ratio: 0.971
2026-06-15 09:38:52,361 - INFO - Epoch [1/5], Batch [144/300], Loss: 1.4290 (Overall: 0.8662, Change: 1.6659), TF Ratio: 0.971
2026-06-15 09:38:52,518 - INFO - Epoch [1/5], Batch [145/300], Loss: 1.4284 (Overall: 0.8387, Change: 1.8524), TF Ratio: 0.971
2026-06-15 09:38:52,672 - INFO - Epoch [1/5], Batch [146/300], Loss: 1.4279 (Overall: 1.0667, Change: 1.6318), TF Ratio: 0.971
2026-06-15 09:38:52,828 - INFO - Epoch [1/5], Batch [147/300], Loss: 1.4272 (Overall: 1.0489, Change: 1.6053), TF Ratio: 0.971
2026-06-15 09:38:52,984 - INFO - Epoch [1/5], Batch [148/300], Loss: 1.4252 (Overall: 0.8857, Change: 1.3879), TF Ratio: 0.970
2026-06-15 09:38:53,143 - INFO - Epoch [1/5], Batch [149/300], Loss: 1.4241 (Overall: 1.1110, Change: 1.3957), TF Ratio: 0.970
2026-06-15 09:38:53,297 - INFO - Epoch [1/5], Batch [150/300], Loss: 1.4237 (Overall: 1.1780, Change: 1.5618), TF Ratio: 0.970
2026-06-15 09:38:53,452 - INFO - Epoch [1/5], Batch [151/300], Loss: 1.4207 (Overall: 0.8710, Change: 1.0516), TF Ratio: 0.970
2026-06-15 09:38:53,608 - INFO - Epoch [1/5], Batch [152/300], Loss: 1.4227 (Overall: 1.0157, Change: 2.4507), TF Ratio: 0.970
2026-06-15 09:38:53,762 - INFO - Epoch [1/5], Batch [153/300], Loss: 1.4215 (Overall: 0.8924, Change: 1.5852), TF Ratio: 0.969
2026-06-15 09:38:53,916 - INFO - Epoch [1/5], Batch [154/300], Loss: 1.4205 (Overall: 1.0941, Change: 1.4487), TF Ratio: 0.969
2026-06-15 09:38:54,071 - INFO - Epoch [1/5], Batch [155/300], Loss: 1.4197 (Overall: 1.3330, Change: 1.2463), TF Ratio: 0.969
2026-06-15 09:38:54,227 - INFO - Epoch [1/5], Batch [156/300], Loss: 1.4179 (Overall: 1.0601, Change: 1.2336), TF Ratio: 0.969
2026-06-15 09:38:54,381 - INFO - Epoch [1/5], Batch [157/300], Loss: 1.4173 (Overall: 1.0591, Change: 1.5756), TF Ratio: 0.969
2026-06-15 09:38:54,537 - INFO - Epoch [1/5], Batch [158/300], Loss: 1.4175 (Overall: 1.0424, Change: 1.8515), TF Ratio: 0.968
2026-06-15 09:38:54,691 - INFO - Epoch [1/5], Batch [159/300], Loss: 1.4165 (Overall: 1.0136, Change: 1.5208), TF Ratio: 0.968
2026-06-15 09:39:05,930 - INFO - Epoch [1/5], Batch [160/300], Loss: 1.4162 (Overall: 1.0693, Change: 1.6385), TF Ratio: 0.968
2026-06-15 09:39:08,829 - INFO - Epoch [1/5], Batch [161/300], Loss: 1.4159 (Overall: 1.0973, Change: 1.6469), TF Ratio: 0.968
2026-06-15 09:39:08,983 - INFO - Epoch [1/5], Batch [162/300], Loss: 1.4158 (Overall: 1.0104, Change: 1.8114), TF Ratio: 0.968
2026-06-15 09:39:09,138 - INFO - Epoch [1/5], Batch [163/300], Loss: 1.4142 (Overall: 0.8801, Change: 1.4203), TF Ratio: 0.967
2026-06-15 09:39:09,295 - INFO - Epoch [1/5], Batch [164/300], Loss: 1.4132 (Overall: 1.0089, Change: 1.4992), TF Ratio: 0.967
2026-06-15 09:39:09,450 - INFO - Epoch [1/5], Batch [165/300], Loss: 1.4125 (Overall: 0.9094, Change: 1.6803), TF Ratio: 0.967
2026-06-15 09:39:09,604 - INFO - Epoch [1/5], Batch [166/300], Loss: 1.4115 (Overall: 1.0272, Change: 1.4701), TF Ratio: 0.967
2026-06-15 09:39:09,759 - INFO - Epoch [1/5], Batch [167/300], Loss: 1.4110 (Overall: 0.9154, Change: 1.7363), TF Ratio: 0.967
2026-06-15 09:39:09,915 - INFO - Epoch [1/5], Batch [168/300], Loss: 1.4107 (Overall: 1.0304, Change: 1.6789), TF Ratio: 0.966
2026-06-15 09:39:10,072 - INFO - Epoch [1/5], Batch [169/300], Loss: 1.4086 (Overall: 0.9138, Change: 1.2134), TF Ratio: 0.966
2026-06-15 09:39:10,227 - INFO - Epoch [1/5], Batch [170/300], Loss: 1.4066 (Overall: 0.9036, Change: 1.2309), TF Ratio: 0.966
2026-06-15 09:39:10,381 - INFO - Epoch [1/5], Batch [171/300], Loss: 1.4054 (Overall: 0.8958, Change: 1.5096), TF Ratio: 0.966
2026-06-15 09:39:10,545 - INFO - Epoch [1/5], Batch [172/300], Loss: 1.4050 (Overall: 1.0804, Change: 1.5752), TF Ratio: 0.966
2026-06-15 09:39:10,699 - INFO - Epoch [1/5], Batch [173/300], Loss: 1.4046 (Overall: 0.9888, Change: 1.6747), TF Ratio: 0.965
2026-06-15 09:39:10,853 - INFO - Epoch [1/5], Batch [174/300], Loss: 1.4028 (Overall: 0.9572, Change: 1.2356), TF Ratio: 0.965
2026-06-15 09:39:11,007 - INFO - Epoch [1/5], Batch [175/300], Loss: 1.4010 (Overall: 0.9774, Change: 1.2174), TF Ratio: 0.965
2026-06-15 09:39:11,166 - INFO - Epoch [1/5], Batch [176/300], Loss: 1.4001 (Overall: 0.9331, Change: 1.5235), TF Ratio: 0.965
2026-06-15 09:39:11,322 - INFO - Epoch [1/5], Batch [177/300], Loss: 1.3995 (Overall: 1.0192, Change: 1.5782), TF Ratio: 0.965
2026-06-15 09:39:11,477 - INFO - Epoch [1/5], Batch [178/300], Loss: 1.3989 (Overall: 1.0163, Change: 1.5656), TF Ratio: 0.964
2026-06-15 09:39:11,632 - INFO - Epoch [1/5], Batch [179/300], Loss: 1.3986 (Overall: 1.1005, Change: 1.6042), TF Ratio: 0.964
2026-06-15 09:39:23,858 - INFO - Epoch [1/5], Batch [180/300], Loss: 1.3967 (Overall: 1.0969, Change: 1.0214), TF Ratio: 0.964
2026-06-15 09:39:25,464 - INFO - Epoch [1/5], Batch [181/300], Loss: 1.3961 (Overall: 0.9328, Change: 1.6259), TF Ratio: 0.964
2026-06-15 09:39:25,619 - INFO - Epoch [1/5], Batch [182/300], Loss: 1.3940 (Overall: 0.8981, Change: 1.1510), TF Ratio: 0.964
2026-06-15 09:39:25,774 - INFO - Epoch [1/5], Batch [183/300], Loss: 1.3934 (Overall: 1.0062, Change: 1.5332), TF Ratio: 0.963
2026-06-15 09:39:25,941 - INFO - Epoch [1/5], Batch [184/300], Loss: 1.3932 (Overall: 1.0507, Change: 1.6907), TF Ratio: 0.963
2026-06-15 09:39:26,096 - INFO - Epoch [1/5], Batch [185/300], Loss: 1.3923 (Overall: 1.0002, Change: 1.4272), TF Ratio: 0.963
2026-06-15 09:39:26,251 - INFO - Epoch [1/5], Batch [186/300], Loss: 1.3923 (Overall: 1.0195, Change: 1.7687), TF Ratio: 0.963
2026-06-15 09:39:26,405 - INFO - Epoch [1/5], Batch [187/300], Loss: 1.3925 (Overall: 1.0827, Change: 1.7958), TF Ratio: 0.963
2026-06-15 09:39:26,560 - INFO - Epoch [1/5], Batch [188/300], Loss: 1.3926 (Overall: 1.1401, Change: 1.6586), TF Ratio: 0.962
2026-06-15 09:39:26,716 - INFO - Epoch [1/5], Batch [189/300], Loss: 1.3935 (Overall: 0.9491, Change: 2.1773), TF Ratio: 0.962
2026-06-15 09:39:27,542 - INFO - Epoch [1/5], Batch [190/300], Loss: 1.3925 (Overall: 0.9794, Change: 1.4404), TF Ratio: 0.962
2026-06-15 09:39:27,697 - INFO - Epoch [1/5], Batch [191/300], Loss: 1.3914 (Overall: 1.0511, Change: 1.3097), TF Ratio: 0.962
2026-06-15 09:39:27,854 - INFO - Epoch [1/5], Batch [192/300], Loss: 1.3912 (Overall: 1.1913, Change: 1.5211), TF Ratio: 0.962
2026-06-15 09:39:28,010 - INFO - Epoch [1/5], Batch [193/300], Loss: 1.3910 (Overall: 0.9978, Change: 1.7084), TF Ratio: 0.961
2026-06-15 09:39:28,165 - INFO - Epoch [1/5], Batch [194/300], Loss: 1.3901 (Overall: 0.9568, Change: 1.4659), TF Ratio: 0.961
2026-06-15 09:39:28,319 - INFO - Epoch [1/5], Batch [195/300], Loss: 1.3881 (Overall: 1.0052, Change: 0.9920), TF Ratio: 0.961
2026-06-15 09:39:28,475 - INFO - Epoch [1/5], Batch [196/300], Loss: 1.3874 (Overall: 0.8868, Change: 1.6324), TF Ratio: 0.961
2026-06-15 09:39:28,630 - INFO - Epoch [1/5], Batch [197/300], Loss: 1.3870 (Overall: 0.9851, Change: 1.6209), TF Ratio: 0.961
2026-06-15 09:39:28,785 - INFO - Epoch [1/5], Batch [198/300], Loss: 1.3862 (Overall: 1.0704, Change: 1.3804), TF Ratio: 0.960
2026-06-15 09:39:28,939 - INFO - Epoch [1/5], Batch [199/300], Loss: 1.3843 (Overall: 0.8650, Change: 1.1736), TF Ratio: 0.960
2026-06-15 09:39:40,527 - INFO - Epoch [1/5], Batch [200/300], Loss: 1.3836 (Overall: 0.9117, Change: 1.5640), TF Ratio: 0.960
2026-06-15 09:39:41,629 - INFO - Epoch [1/5], Batch [201/300], Loss: 1.3829 (Overall: 0.8677, Change: 1.6364), TF Ratio: 0.960
2026-06-15 09:39:41,784 - INFO - Epoch [1/5], Batch [202/300], Loss: 1.3856 (Overall: 1.3914, Change: 2.4377), TF Ratio: 0.960
2026-06-15 09:39:41,938 - INFO - Epoch [1/5], Batch [203/300], Loss: 1.3834 (Overall: 0.6313, Change: 1.2370), TF Ratio: 0.959
2026-06-15 09:39:42,108 - INFO - Epoch [1/5], Batch [204/300], Loss: 1.3824 (Overall: 0.8646, Change: 1.5100), TF Ratio: 0.959
2026-06-15 09:39:42,262 - INFO - Epoch [1/5], Batch [205/300], Loss: 1.3810 (Overall: 0.8555, Change: 1.3436), TF Ratio: 0.959
2026-06-15 09:39:42,416 - INFO - Epoch [1/5], Batch [206/300], Loss: 1.3805 (Overall: 1.0828, Change: 1.4769), TF Ratio: 0.959
2026-06-15 09:39:42,572 - INFO - Epoch [1/5], Batch [207/300], Loss: 1.3789 (Overall: 0.8368, Change: 1.2550), TF Ratio: 0.959
2026-06-15 09:39:42,726 - INFO - Epoch [1/5], Batch [208/300], Loss: 1.3782 (Overall: 0.9241, Change: 1.5405), TF Ratio: 0.958
2026-06-15 09:39:42,882 - INFO - Epoch [1/5], Batch [209/300], Loss: 1.3779 (Overall: 0.9447, Change: 1.6817), TF Ratio: 0.958
2026-06-15 09:39:44,413 - INFO - Epoch [1/5], Batch [210/300], Loss: 1.3777 (Overall: 1.0284, Change: 1.6522), TF Ratio: 0.958
2026-06-15 09:39:44,569 - INFO - Epoch [1/5], Batch [211/300], Loss: 1.3786 (Overall: 1.3320, Change: 1.7846), TF Ratio: 0.958
2026-06-15 09:39:44,725 - INFO - Epoch [1/5], Batch [212/300], Loss: 1.3792 (Overall: 1.4703, Change: 1.5618), TF Ratio: 0.958
2026-06-15 09:39:44,881 - INFO - Epoch [1/5], Batch [213/300], Loss: 1.3783 (Overall: 0.9514, Change: 1.4045), TF Ratio: 0.957
2026-06-15 09:39:45,036 - INFO - Epoch [1/5], Batch [214/300], Loss: 1.3779 (Overall: 0.9031, Change: 1.6950), TF Ratio: 0.957
2026-06-15 09:39:45,190 - INFO - Epoch [1/5], Batch [215/300], Loss: 1.3771 (Overall: 0.8865, Change: 1.5033), TF Ratio: 0.957
2026-06-15 09:39:45,348 - INFO - Epoch [1/5], Batch [216/300], Loss: 1.3757 (Overall: 0.8300, Change: 1.3618), TF Ratio: 0.957
2026-06-15 09:39:45,504 - INFO - Epoch [1/5], Batch [217/300], Loss: 1.3753 (Overall: 0.9965, Change: 1.5539), TF Ratio: 0.957
2026-06-15 09:39:45,661 - INFO - Epoch [1/5], Batch [218/300], Loss: 1.3739 (Overall: 0.7757, Change: 1.3530), TF Ratio: 0.956
2026-06-15 09:39:45,815 - INFO - Epoch [1/5], Batch [219/300], Loss: 1.3749 (Overall: 1.2636, Change: 1.9554), TF Ratio: 0.956
2026-06-15 09:39:58,522 - INFO - Epoch [1/5], Batch [220/300], Loss: 1.3738 (Overall: 0.7927, Change: 1.4387), TF Ratio: 0.956
2026-06-15 09:39:58,688 - INFO - Epoch [1/5], Batch [221/300], Loss: 1.3736 (Overall: 1.0813, Change: 1.6147), TF Ratio: 0.956
2026-06-15 09:39:58,841 - INFO - Epoch [1/5], Batch [222/300], Loss: 1.3730 (Overall: 1.0245, Change: 1.4271), TF Ratio: 0.956
2026-06-15 09:39:58,995 - INFO - Epoch [1/5], Batch [223/300], Loss: 1.3738 (Overall: 1.4322, Change: 1.6856), TF Ratio: 0.955
2026-06-15 09:39:59,151 - INFO - Epoch [1/5], Batch [224/300], Loss: 1.3737 (Overall: 1.2934, Change: 1.4095), TF Ratio: 0.955
2026-06-15 09:39:59,306 - INFO - Epoch [1/5], Batch [225/300], Loss: 1.3736 (Overall: 1.0249, Change: 1.6652), TF Ratio: 0.955
2026-06-15 09:39:59,462 - INFO - Epoch [1/5], Batch [226/300], Loss: 1.3737 (Overall: 1.0706, Change: 1.7224), TF Ratio: 0.955
2026-06-15 09:39:59,615 - INFO - Epoch [1/5], Batch [227/300], Loss: 1.3725 (Overall: 0.8411, Change: 1.3668), TF Ratio: 0.955
2026-06-15 09:39:59,776 - INFO - Epoch [1/5], Batch [228/300], Loss: 1.3721 (Overall: 1.0709, Change: 1.4767), TF Ratio: 0.954
2026-06-15 09:39:59,932 - INFO - Epoch [1/5], Batch [229/300], Loss: 1.3715 (Overall: 1.2415, Change: 1.2461), TF Ratio: 0.954
2026-06-15 09:40:02,062 - INFO - Epoch [1/5], Batch [230/300], Loss: 1.3698 (Overall: 0.7570, Change: 1.1810), TF Ratio: 0.954
2026-06-15 09:40:02,217 - INFO - Epoch [1/5], Batch [231/300], Loss: 1.3692 (Overall: 0.9451, Change: 1.5225), TF Ratio: 0.954
2026-06-15 09:40:02,373 - INFO - Epoch [1/5], Batch [232/300], Loss: 1.3683 (Overall: 0.8406, Change: 1.4906), TF Ratio: 0.954
2026-06-15 09:40:02,529 - INFO - Epoch [1/5], Batch [233/300], Loss: 1.3674 (Overall: 0.9790, Change: 1.3402), TF Ratio: 0.953
2026-06-15 09:40:02,684 - INFO - Epoch [1/5], Batch [234/300], Loss: 1.3661 (Overall: 0.9018, Change: 1.2343), TF Ratio: 0.953
2026-06-15 09:40:02,839 - INFO - Epoch [1/5], Batch [235/300], Loss: 1.3661 (Overall: 1.0358, Change: 1.6903), TF Ratio: 0.953
2026-06-15 09:40:02,995 - INFO - Epoch [1/5], Batch [236/300], Loss: 1.3652 (Overall: 0.9608, Change: 1.3580), TF Ratio: 0.953
2026-06-15 09:40:03,150 - INFO - Epoch [1/5], Batch [237/300], Loss: 1.3661 (Overall: 1.4990, Change: 1.6369), TF Ratio: 0.953
2026-06-15 09:40:03,305 - INFO - Epoch [1/5], Batch [238/300], Loss: 1.3642 (Overall: 0.7547, Change: 1.0696), TF Ratio: 0.952
2026-06-15 09:40:03,460 - INFO - Epoch [1/5], Batch [239/300], Loss: 1.3634 (Overall: 0.9317, Change: 1.4153), TF Ratio: 0.952
2026-06-15 09:40:14,425 - INFO - Epoch [1/5], Batch [240/300], Loss: 1.3642 (Overall: 1.2176, Change: 1.9265), TF Ratio: 0.952
2026-06-15 09:40:17,310 - INFO - Epoch [1/5], Batch [241/300], Loss: 1.3633 (Overall: 1.1365, Change: 1.1345), TF Ratio: 0.952
2026-06-15 09:40:17,464 - INFO - Epoch [1/5], Batch [242/300], Loss: 1.3626 (Overall: 0.6909, Change: 1.7168), TF Ratio: 0.952
2026-06-15 09:40:17,618 - INFO - Epoch [1/5], Batch [243/300], Loss: 1.3615 (Overall: 0.9015, Change: 1.2679), TF Ratio: 0.951
2026-06-15 09:40:17,775 - INFO - Epoch [1/5], Batch [244/300], Loss: 1.3613 (Overall: 0.9208, Change: 1.7294), TF Ratio: 0.951
2026-06-15 09:40:17,931 - INFO - Epoch [1/5], Batch [245/300], Loss: 1.3601 (Overall: 0.9952, Change: 1.1216), TF Ratio: 0.951
2026-06-15 09:40:18,086 - INFO - Epoch [1/5], Batch [246/300], Loss: 1.3587 (Overall: 0.7424, Change: 1.3071), TF Ratio: 0.951
2026-06-15 09:40:18,240 - INFO - Epoch [1/5], Batch [247/300], Loss: 1.3577 (Overall: 0.9159, Change: 1.2733), TF Ratio: 0.951
2026-06-15 09:40:18,396 - INFO - Epoch [1/5], Batch [248/300], Loss: 1.3586 (Overall: 0.8185, Change: 2.3751), TF Ratio: 0.950
2026-06-15 09:40:18,556 - INFO - Epoch [1/5], Batch [249/300], Loss: 1.3577 (Overall: 0.9367, Change: 1.3004), TF Ratio: 0.950
2026-06-15 09:40:18,711 - INFO - Epoch [1/5], Batch [250/300], Loss: 1.3574 (Overall: 0.9339, Change: 1.6372), TF Ratio: 0.950
2026-06-15 09:40:18,865 - INFO - Epoch [1/5], Batch [251/300], Loss: 1.3568 (Overall: 0.9542, Change: 1.4764), TF Ratio: 0.950
2026-06-15 09:40:19,021 - INFO - Epoch [1/5], Batch [252/300], Loss: 1.3563 (Overall: 0.7684, Change: 1.6638), TF Ratio: 0.950
2026-06-15 09:40:19,176 - INFO - Epoch [1/5], Batch [253/300], Loss: 1.3556 (Overall: 0.9366, Change: 1.4482), TF Ratio: 0.949
2026-06-15 09:40:19,331 - INFO - Epoch [1/5], Batch [254/300], Loss: 1.3554 (Overall: 1.1891, Change: 1.4128), TF Ratio: 0.949
2026-06-15 09:40:19,485 - INFO - Epoch [1/5], Batch [255/300], Loss: 1.3550 (Overall: 0.9827, Change: 1.5047), TF Ratio: 0.949
2026-06-15 09:40:19,642 - INFO - Epoch [1/5], Batch [256/300], Loss: 1.3544 (Overall: 0.9720, Change: 1.4456), TF Ratio: 0.949
2026-06-15 09:40:19,799 - INFO - Epoch [1/5], Batch [257/300], Loss: 1.3541 (Overall: 1.0144, Change: 1.5664), TF Ratio: 0.949
2026-06-15 09:40:19,953 - INFO - Epoch [1/5], Batch [258/300], Loss: 1.3532 (Overall: 0.8208, Change: 1.3834), TF Ratio: 0.948
2026-06-15 09:40:20,108 - INFO - Epoch [1/5], Batch [259/300], Loss: 1.3521 (Overall: 0.7152, Change: 1.4647), TF Ratio: 0.948
2026-06-15 09:40:30,046 - INFO - Epoch [1/5], Batch [260/300], Loss: 1.3507 (Overall: 0.8284, Change: 1.1333), TF Ratio: 0.948
2026-06-15 09:40:34,495 - INFO - Epoch [1/5], Batch [261/300], Loss: 1.3493 (Overall: 0.7964, Change: 1.1755), TF Ratio: 0.948
2026-06-15 09:40:34,650 - INFO - Epoch [1/5], Batch [262/300], Loss: 1.3482 (Overall: 0.8731, Change: 1.2598), TF Ratio: 0.948
2026-06-15 09:40:34,804 - INFO - Epoch [1/5], Batch [263/300], Loss: 1.3473 (Overall: 0.7929, Change: 1.3946), TF Ratio: 0.947
2026-06-15 09:40:34,966 - INFO - Epoch [1/5], Batch [264/300], Loss: 1.3474 (Overall: 1.1781, Change: 1.5710), TF Ratio: 0.947
2026-06-15 09:40:35,121 - INFO - Epoch [1/5], Batch [265/300], Loss: 1.3464 (Overall: 0.7377, Change: 1.4485), TF Ratio: 0.947
2026-06-15 09:40:35,276 - INFO - Epoch [1/5], Batch [266/300], Loss: 1.3461 (Overall: 0.6963, Change: 1.8074), TF Ratio: 0.947
2026-06-15 09:40:35,430 - INFO - Epoch [1/5], Batch [267/300], Loss: 1.3452 (Overall: 0.6964, Change: 1.5122), TF Ratio: 0.947
2026-06-15 09:40:35,586 - INFO - Epoch [1/5], Batch [268/300], Loss: 1.3445 (Overall: 1.0517, Change: 1.2959), TF Ratio: 0.946
2026-06-15 09:40:35,741 - INFO - Epoch [1/5], Batch [269/300], Loss: 1.3444 (Overall: 1.1449, Change: 1.4877), TF Ratio: 0.946
2026-06-15 09:40:35,895 - INFO - Epoch [1/5], Batch [270/300], Loss: 1.3437 (Overall: 0.9262, Change: 1.3925), TF Ratio: 0.946
2026-06-15 09:40:36,049 - INFO - Epoch [1/5], Batch [271/300], Loss: 1.3438 (Overall: 0.9380, Change: 1.7785), TF Ratio: 0.946
2026-06-15 09:40:36,206 - INFO - Epoch [1/5], Batch [272/300], Loss: 1.3431 (Overall: 0.8936, Change: 1.4185), TF Ratio: 0.946
2026-06-15 09:40:36,363 - INFO - Epoch [1/5], Batch [273/300], Loss: 1.3421 (Overall: 0.7990, Change: 1.3687), TF Ratio: 0.945
2026-06-15 09:40:36,519 - INFO - Epoch [1/5], Batch [274/300], Loss: 1.3417 (Overall: 1.2506, Change: 1.2103), TF Ratio: 0.945
2026-06-15 09:40:36,673 - INFO - Epoch [1/5], Batch [275/300], Loss: 1.3418 (Overall: 0.9727, Change: 1.7427), TF Ratio: 0.945
2026-06-15 09:40:36,830 - INFO - Epoch [1/5], Batch [276/300], Loss: 1.3426 (Overall: 0.9327, Change: 2.2061), TF Ratio: 0.945
2026-06-15 09:40:36,986 - INFO - Epoch [1/5], Batch [277/300], Loss: 1.3421 (Overall: 1.0283, Change: 1.3998), TF Ratio: 0.945
2026-06-15 09:40:37,141 - INFO - Epoch [1/5], Batch [278/300], Loss: 1.3410 (Overall: 0.7984, Change: 1.2542), TF Ratio: 0.944
2026-06-15 09:40:37,294 - INFO - Epoch [1/5], Batch [279/300], Loss: 1.3405 (Overall: 0.9802, Change: 1.4043), TF Ratio: 0.944
2026-06-15 09:40:49,631 - INFO - Epoch [1/5], Batch [280/300], Loss: 1.3396 (Overall: 0.9287, Change: 1.2507), TF Ratio: 0.944
2026-06-15 09:40:52,315 - INFO - Epoch [1/5], Batch [281/300], Loss: 1.3394 (Overall: 1.0238, Change: 1.5258), TF Ratio: 0.944
2026-06-15 09:40:52,469 - INFO - Epoch [1/5], Batch [282/300], Loss: 1.3386 (Overall: 0.7811, Change: 1.4746), TF Ratio: 0.944
2026-06-15 09:40:52,633 - INFO - Epoch [1/5], Batch [283/300], Loss: 1.3379 (Overall: 0.7802, Change: 1.5215), TF Ratio: 0.943
2026-06-15 09:40:52,787 - INFO - Epoch [1/5], Batch [284/300], Loss: 1.3373 (Overall: 0.7446, Change: 1.5496), TF Ratio: 0.943
2026-06-15 09:40:52,942 - INFO - Epoch [1/5], Batch [285/300], Loss: 1.3361 (Overall: 0.7389, Change: 1.2834), TF Ratio: 0.943
2026-06-15 09:40:53,097 - INFO - Epoch [1/5], Batch [286/300], Loss: 1.3360 (Overall: 1.1424, Change: 1.4330), TF Ratio: 0.943
2026-06-15 09:40:53,251 - INFO - Epoch [1/5], Batch [287/300], Loss: 1.3350 (Overall: 0.7361, Change: 1.4141), TF Ratio: 0.943
2026-06-15 09:40:53,411 - INFO - Epoch [1/5], Batch [288/300], Loss: 1.3339 (Overall: 0.7666, Change: 1.2260), TF Ratio: 0.942
2026-06-15 09:40:53,567 - INFO - Epoch [1/5], Batch [289/300], Loss: 1.3337 (Overall: 0.8844, Change: 1.7059), TF Ratio: 0.942
2026-06-15 09:40:53,721 - INFO - Epoch [1/5], Batch [290/300], Loss: 1.3335 (Overall: 0.9747, Change: 1.5711), TF Ratio: 0.942
2026-06-15 09:40:53,876 - INFO - Epoch [1/5], Batch [291/300], Loss: 1.3329 (Overall: 0.8755, Change: 1.4013), TF Ratio: 0.942
2026-06-15 09:40:54,032 - INFO - Epoch [1/5], Batch [292/300], Loss: 1.3326 (Overall: 0.9534, Change: 1.5873), TF Ratio: 0.942
2026-06-15 09:40:54,186 - INFO - Epoch [1/5], Batch [293/300], Loss: 1.3327 (Overall: 1.0701, Change: 1.6527), TF Ratio: 0.941
2026-06-15 09:40:54,340 - INFO - Epoch [1/5], Batch [294/300], Loss: 1.3324 (Overall: 1.0507, Change: 1.4074), TF Ratio: 0.941
2026-06-15 09:40:54,494 - INFO - Epoch [1/5], Batch [295/300], Loss: 1.3317 (Overall: 0.9422, Change: 1.3256), TF Ratio: 0.941
2026-06-15 09:40:54,666 - INFO - Epoch [1/5], Batch [296/300], Loss: 1.3315 (Overall: 0.9716, Change: 1.5774), TF Ratio: 0.941
2026-06-15 09:40:54,823 - INFO - Epoch [1/5], Batch [297/300], Loss: 1.3310 (Overall: 0.7392, Change: 1.6416), TF Ratio: 0.941
2026-06-15 09:40:54,977 - INFO - Epoch [1/5], Batch [298/300], Loss: 1.3304 (Overall: 0.8967, Change: 1.3942), TF Ratio: 0.940
2026-06-15 09:40:55,132 - INFO - Epoch [1/5], Batch [299/300], Loss: 1.3292 (Overall: 0.7185, Change: 1.2024), TF Ratio: 0.940
2026-06-15 09:41:07,326 - INFO - Epoch [1/5], Batch [300/300], Loss: 1.3288 (Overall: 0.9551, Change: 1.4567), TF Ratio: 0.940
2026-06-15 09:41:22,286 - INFO - Epoch 1 done. Validating...
2026-06-15 09:42:01,987 - INFO - Epoch [1/5] | Train: 1.3321 | Val: 1.1744
2026-06-15 09:42:02,673 - INFO - Checkpoint saved: /gpfs/scratch/bsc32/bsc096444/ai4land-tfm/trained_models/unet_impl/41811415/best_model.pth
2026-06-15 09:42:02,955 - INFO - Checkpoint saved: /gpfs/scratch/bsc32/bsc096444/ai4land-tfm/trained_models/unet_impl/41811415/model_epoch_1.pth
2026-06-15 09:42:23,780 - INFO - Epoch [2/5], Batch [1/300], Loss: 1.3491 (Overall: 1.0781, Change: 1.6201), TF Ratio: 0.940
2026-06-15 09:42:23,935 - INFO - Epoch [2/5], Batch [2/300], Loss: 1.3592 (Overall: 0.9487, Change: 1.7898), TF Ratio: 0.940
2026-06-15 09:42:24,089 - INFO - Epoch [2/5], Batch [3/300], Loss: 1.4207 (Overall: 0.9811, Change: 2.1063), TF Ratio: 0.939
2026-06-15 09:42:25,914 - INFO - Epoch [2/5], Batch [4/300], Loss: 1.3285 (Overall: 0.8753, Change: 1.2286), TF Ratio: 0.939
2026-06-15 09:42:26,070 - INFO - Epoch [2/5], Batch [5/300], Loss: 1.2492 (Overall: 0.9163, Change: 0.9473), TF Ratio: 0.939
2026-06-15 09:42:26,226 - INFO - Epoch [2/5], Batch [6/300], Loss: 1.2049 (Overall: 0.8454, Change: 1.1216), TF Ratio: 0.939
2026-06-15 09:42:26,381 - INFO - Epoch [2/5], Batch [7/300], Loss: 1.2022 (Overall: 0.7094, Change: 1.6627), TF Ratio: 0.939
2026-06-15 09:42:26,538 - INFO - Epoch [2/5], Batch [8/300], Loss: 1.1968 (Overall: 0.6586, Change: 1.6593), TF Ratio: 0.938
2026-06-15 09:42:26,695 - INFO - Epoch [2/5], Batch [9/300], Loss: 1.1878 (Overall: 0.8611, Change: 1.3711), TF Ratio: 0.938
2026-06-15 09:42:26,849 - INFO - Epoch [2/5], Batch [10/300], Loss: 1.1933 (Overall: 1.0949, Change: 1.3899), TF Ratio: 0.938
2026-06-15 09:42:27,003 - INFO - Epoch [2/5], Batch [11/300], Loss: 1.1968 (Overall: 0.9651, Change: 1.4987), TF Ratio: 0.938
2026-06-15 09:42:27,159 - INFO - Epoch [2/5], Batch [12/300], Loss: 1.2006 (Overall: 0.9126, Change: 1.5725), TF Ratio: 0.938
2026-06-15 09:42:27,313 - INFO - Epoch [2/5], Batch [13/300], Loss: 1.1980 (Overall: 0.9598, Change: 1.3730), TF Ratio: 0.937
2026-06-15 09:42:27,467 - INFO - Epoch [2/5], Batch [14/300], Loss: 1.1977 (Overall: 0.7740, Change: 1.6134), TF Ratio: 0.937
2026-06-15 09:42:27,621 - INFO - Epoch [2/5], Batch [15/300], Loss: 1.2006 (Overall: 1.0618, Change: 1.4228), TF Ratio: 0.937
2026-06-15 09:42:27,777 - INFO - Epoch [2/5], Batch [16/300], Loss: 1.2036 (Overall: 0.8133, Change: 1.6816), TF Ratio: 0.937
2026-06-15 09:42:27,933 - INFO - Epoch [2/5], Batch [17/300], Loss: 1.1930 (Overall: 0.7607, Change: 1.2875), TF Ratio: 0.937
2026-06-15 09:42:28,087 - INFO - Epoch [2/5], Batch [18/300], Loss: 1.1892 (Overall: 0.9947, Change: 1.2524), TF Ratio: 0.936
2026-06-15 09:42:28,243 - INFO - Epoch [2/5], Batch [19/300], Loss: 1.1774 (Overall: 0.7201, Change: 1.2134), TF Ratio: 0.936
2026-06-15 09:42:41,101 - INFO - Epoch [2/5], Batch [20/300], Loss: 1.1746 (Overall: 0.8244, Change: 1.4150), TF Ratio: 0.936
2026-06-15 09:42:41,259 - INFO - Epoch [2/5], Batch [21/300], Loss: 1.1700 (Overall: 0.8967, Change: 1.2625), TF Ratio: 0.936
2026-06-15 09:42:41,415 - INFO - Epoch [2/5], Batch [22/300], Loss: 1.1658 (Overall: 0.7255, Change: 1.4280), TF Ratio: 0.936
2026-06-15 09:42:41,571 - INFO - Epoch [2/5], Batch [23/300], Loss: 1.1693 (Overall: 0.9885, Change: 1.5038), TF Ratio: 0.935
2026-06-15 09:42:42,389 - INFO - Epoch [2/5], Batch [24/300], Loss: 1.1732 (Overall: 0.8869, Change: 1.6397), TF Ratio: 0.935
2026-06-15 09:42:42,544 - INFO - Epoch [2/5], Batch [25/300], Loss: 1.1743 (Overall: 0.8517, Change: 1.5488), TF Ratio: 0.935
2026-06-15 09:42:42,698 - INFO - Epoch [2/5], Batch [26/300], Loss: 1.1704 (Overall: 0.7921, Change: 1.3518), TF Ratio: 0.935
2026-06-15 09:42:42,852 - INFO - Epoch [2/5], Batch [27/300], Loss: 1.1635 (Overall: 1.1873, Change: 0.7817), TF Ratio: 0.935
2026-06-15 09:42:43,010 - INFO - Epoch [2/5], Batch [28/300], Loss: 1.1668 (Overall: 1.1166, Change: 1.3971), TF Ratio: 0.934
2026-06-15 09:42:43,186 - INFO - Epoch [2/5], Batch [29/300], Loss: 1.1680 (Overall: 1.0765, Change: 1.3289), TF Ratio: 0.934
2026-06-15 09:42:43,342 - INFO - Epoch [2/5], Batch [30/300], Loss: 1.1703 (Overall: 1.0656, Change: 1.4035), TF Ratio: 0.934
2026-06-15 09:42:43,496 - INFO - Epoch [2/5], Batch [31/300], Loss: 1.1687 (Overall: 0.8765, Change: 1.3676), TF Ratio: 0.934
2026-06-15 09:42:43,652 - INFO - Epoch [2/5], Batch [32/300], Loss: 1.1672 (Overall: 0.8785, Change: 1.3624), TF Ratio: 0.934
2026-06-15 09:42:43,808 - INFO - Epoch [2/5], Batch [33/300], Loss: 1.1636 (Overall: 0.8009, Change: 1.2947), TF Ratio: 0.933
2026-06-15 09:42:43,962 - INFO - Epoch [2/5], Batch [34/300], Loss: 1.1628 (Overall: 1.0366, Change: 1.2373), TF Ratio: 0.933
2026-06-15 09:42:44,117 - INFO - Epoch [2/5], Batch [35/300], Loss: 1.1647 (Overall: 0.7926, Change: 1.6648), TF Ratio: 0.933
2026-06-15 09:42:44,273 - INFO - Epoch [2/5], Batch [36/300], Loss: 1.1654 (Overall: 0.9448, Change: 1.4340), TF Ratio: 0.933
2026-06-15 09:42:44,429 - INFO - Epoch [2/5], Batch [37/300], Loss: 1.1698 (Overall: 0.9207, Change: 1.7367), TF Ratio: 0.933
2026-06-15 09:42:44,584 - INFO - Epoch [2/5], Batch [38/300], Loss: 1.1709 (Overall: 0.9263, Change: 1.4950), TF Ratio: 0.932
2026-06-15 09:42:44,739 - INFO - Epoch [2/5], Batch [39/300], Loss: 1.1731 (Overall: 1.0618, Change: 1.4569), TF Ratio: 0.932
2026-06-15 09:42:59,005 - INFO - Epoch [2/5], Batch [40/300], Loss: 1.1702 (Overall: 0.7842, Change: 1.3246), TF Ratio: 0.932
2026-06-15 09:42:59,168 - INFO - Epoch [2/5], Batch [41/300], Loss: 1.1695 (Overall: 0.9835, Change: 1.3056), TF Ratio: 0.932
2026-06-15 09:42:59,322 - INFO - Epoch [2/5], Batch [42/300], Loss: 1.1723 (Overall: 0.8108, Change: 1.7648), TF Ratio: 0.932
2026-06-15 09:42:59,478 - INFO - Epoch [2/5], Batch [43/300], Loss: 1.1759 (Overall: 0.8034, Change: 1.8451), TF Ratio: 0.931
2026-06-15 09:42:59,634 - INFO - Epoch [2/5], Batch [44/300], Loss: 1.1724 (Overall: 0.7241, Change: 1.3214), TF Ratio: 0.931
2026-06-15 09:42:59,790 - INFO - Epoch [2/5], Batch [45/300], Loss: 1.1706 (Overall: 0.7935, Change: 1.3900), TF Ratio: 0.931
2026-06-15 09:42:59,944 - INFO - Epoch [2/5], Batch [46/300], Loss: 1.1637 (Overall: 0.6990, Change: 1.0022), TF Ratio: 0.931
2026-06-15 09:43:00,098 - INFO - Epoch [2/5], Batch [47/300], Loss: 1.1598 (Overall: 0.8388, Change: 1.1243), TF Ratio: 0.931
2026-06-15 09:43:00,255 - INFO - Epoch [2/5], Batch [48/300], Loss: 1.1616 (Overall: 1.0698, Change: 1.4253), TF Ratio: 0.930
2026-06-15 09:43:00,409 - INFO - Epoch [2/5], Batch [49/300], Loss: 1.1626 (Overall: 0.9824, Change: 1.4419), TF Ratio: 0.930
2026-06-15 09:43:00,565 - INFO - Epoch [2/5], Batch [50/300], Loss: 1.1595 (Overall: 0.8669, Change: 1.1479), TF Ratio: 0.930
2026-06-15 09:43:00,719 - INFO - Epoch [2/5], Batch [51/300], Loss: 1.1578 (Overall: 0.7693, Change: 1.3760), TF Ratio: 0.930
2026-06-15 09:43:00,874 - INFO - Epoch [2/5], Batch [52/300], Loss: 1.1589 (Overall: 1.0167, Change: 1.4108), TF Ratio: 0.930
2026-06-15 09:43:01,030 - INFO - Epoch [2/5], Batch [53/300], Loss: 1.1628 (Overall: 0.9931, Change: 1.7374), TF Ratio: 0.929
2026-06-15 09:43:01,186 - INFO - Epoch [2/5], Batch [54/300], Loss: 1.1598 (Overall: 1.0229, Change: 0.9762), TF Ratio: 0.929
2026-06-15 09:43:01,339 - INFO - Epoch [2/5], Batch [55/300], Loss: 1.1623 (Overall: 1.0189, Change: 1.5766), TF Ratio: 0.929
2026-06-15 09:43:01,495 - INFO - Epoch [2/5], Batch [56/300], Loss: 1.1606 (Overall: 0.7903, Change: 1.3424), TF Ratio: 0.929
2026-06-15 09:43:01,650 - INFO - Epoch [2/5], Batch [57/300], Loss: 1.1622 (Overall: 1.0908, Change: 1.4194), TF Ratio: 0.929
2026-06-15 09:43:01,805 - INFO - Epoch [2/5], Batch [58/300], Loss: 1.1576 (Overall: 0.8046, Change: 0.9834), TF Ratio: 0.928
2026-06-15 09:43:01,960 - INFO - Epoch [2/5], Batch [59/300], Loss: 1.1559 (Overall: 1.0138, Change: 1.0943), TF Ratio: 0.928
2026-06-15 09:43:17,701 - INFO - Epoch [2/5], Batch [60/300], Loss: 1.1535 (Overall: 0.6980, Change: 1.3339), TF Ratio: 0.928
2026-06-15 09:43:17,860 - INFO - Epoch [2/5], Batch [61/300], Loss: 1.1540 (Overall: 0.9401, Change: 1.4217), TF Ratio: 0.928
2026-06-15 09:43:18,014 - INFO - Epoch [2/5], Batch [62/300], Loss: 1.1527 (Overall: 0.8649, Change: 1.2850), TF Ratio: 0.928
2026-06-15 09:43:18,169 - INFO - Epoch [2/5], Batch [63/300], Loss: 1.1549 (Overall: 1.0945, Change: 1.4913), TF Ratio: 0.927
2026-06-15 09:43:18,512 - INFO - Epoch [2/5], Batch [64/300], Loss: 1.1495 (Overall: 0.8471, Change: 0.7630), TF Ratio: 0.927
2026-06-15 09:43:18,668 - INFO - Epoch [2/5], Batch [65/300], Loss: 1.1543 (Overall: 1.3404, Change: 1.5903), TF Ratio: 0.927
2026-06-15 09:43:18,822 - INFO - Epoch [2/5], Batch [66/300], Loss: 1.1550 (Overall: 0.8687, Change: 1.5303), TF Ratio: 0.927
2026-06-15 09:43:18,977 - INFO - Epoch [2/5], Batch [67/300], Loss: 1.1566 (Overall: 1.0540, Change: 1.4765), TF Ratio: 0.927
2026-06-15 09:43:19,133 - INFO - Epoch [2/5], Batch [68/300], Loss: 1.1572 (Overall: 0.7491, Change: 1.6431), TF Ratio: 0.926
2026-06-15 09:43:19,290 - INFO - Epoch [2/5], Batch [69/300], Loss: 1.1552 (Overall: 0.7623, Change: 1.2726), TF Ratio: 0.926
2026-06-15 09:43:19,445 - INFO - Epoch [2/5], Batch [70/300], Loss: 1.1550 (Overall: 0.9274, Change: 1.3521), TF Ratio: 0.926
2026-06-15 09:43:19,601 - INFO - Epoch [2/5], Batch [71/300], Loss: 1.1568 (Overall: 0.9670, Change: 1.6003), TF Ratio: 0.926
2026-06-15 09:43:19,757 - INFO - Epoch [2/5], Batch [72/300], Loss: 1.1576 (Overall: 0.9512, Change: 1.4828), TF Ratio: 0.926
2026-06-15 09:43:19,913 - INFO - Epoch [2/5], Batch [73/300], Loss: 1.1605 (Overall: 1.1342, Change: 1.5984), TF Ratio: 0.925
2026-06-15 09:43:20,068 - INFO - Epoch [2/5], Batch [74/300], Loss: 1.1609 (Overall: 0.7502, Change: 1.6330), TF Ratio: 0.925
2026-06-15 09:43:20,224 - INFO - Epoch [2/5], Batch [75/300], Loss: 1.1629 (Overall: 0.7988, Change: 1.8165), TF Ratio: 0.925
2026-06-15 09:43:20,380 - INFO - Epoch [2/5], Batch [76/300], Loss: 1.1626 (Overall: 0.9506, Change: 1.3358), TF Ratio: 0.925
2026-06-15 09:43:20,537 - INFO - Epoch [2/5], Batch [77/300], Loss: 1.1610 (Overall: 0.7330, Change: 1.3464), TF Ratio: 0.925
2026-06-15 09:43:20,691 - INFO - Epoch [2/5], Batch [78/300], Loss: 1.1606 (Overall: 0.6928, Change: 1.5608), TF Ratio: 0.924
2026-06-15 09:43:20,846 - INFO - Epoch [2/5], Batch [79/300], Loss: 1.1603 (Overall: 0.7589, Change: 1.5179), TF Ratio: 0.924
2026-06-15 09:43:34,724 - INFO - Epoch [2/5], Batch [80/300], Loss: 1.1596 (Overall: 0.8228, Change: 1.3807), TF Ratio: 0.924
2026-06-15 09:43:34,884 - INFO - Epoch [2/5], Batch [81/300], Loss: 1.1573 (Overall: 0.8575, Change: 1.0945), TF Ratio: 0.924
2026-06-15 09:43:35,039 - INFO - Epoch [2/5], Batch [82/300], Loss: 1.1565 (Overall: 0.7760, Change: 1.4031), TF Ratio: 0.924
2026-06-15 09:43:35,194 - INFO - Epoch [2/5], Batch [83/300], Loss: 1.1561 (Overall: 0.7625, Change: 1.4898), TF Ratio: 0.923
2026-06-15 09:43:35,351 - INFO - Epoch [2/5], Batch [84/300], Loss: 1.1581 (Overall: 0.9674, Change: 1.6743), TF Ratio: 0.923
2026-06-15 09:43:35,505 - INFO - Epoch [2/5], Batch [85/300], Loss: 1.1603 (Overall: 0.9564, Change: 1.7396), TF Ratio: 0.923
2026-06-15 09:43:35,660 - INFO - Epoch [2/5], Batch [86/300], Loss: 1.1628 (Overall: 1.4148, Change: 1.3300), TF Ratio: 0.923
2026-06-15 09:43:35,814 - INFO - Epoch [2/5], Batch [87/300], Loss: 1.1622 (Overall: 0.8855, Change: 1.3483), TF Ratio: 0.923
2026-06-15 09:43:35,971 - INFO - Epoch [2/5], Batch [88/300], Loss: 1.1632 (Overall: 0.8971, Change: 1.5960), TF Ratio: 0.922
2026-06-15 09:43:36,127 - INFO - Epoch [2/5], Batch [89/300], Loss: 1.1609 (Overall: 0.7609, Change: 1.1538), TF Ratio: 0.922
2026-06-15 09:43:36,281 - INFO - Epoch [2/5], Batch [90/300], Loss: 1.1598 (Overall: 0.7105, Change: 1.4244), TF Ratio: 0.922
2026-06-15 09:43:36,435 - INFO - Epoch [2/5], Batch [91/300], Loss: 1.1593 (Overall: 0.8430, Change: 1.3715), TF Ratio: 0.922
2026-06-15 09:43:36,592 - INFO - Epoch [2/5], Batch [92/300], Loss: 1.1629 (Overall: 0.9124, Change: 2.0742), TF Ratio: 0.922
2026-06-15 09:43:36,748 - INFO - Epoch [2/5], Batch [93/300], Loss: 1.1615 (Overall: 0.6688, Change: 1.3915), TF Ratio: 0.921
2026-06-15 09:43:36,903 - INFO - Epoch [2/5], Batch [94/300], Loss: 1.1623 (Overall: 0.8973, Change: 1.5811), TF Ratio: 0.921
2026-06-15 09:43:37,058 - INFO - Epoch [2/5], Batch [95/300], Loss: 1.1622 (Overall: 0.8226, Change: 1.4914), TF Ratio: 0.921
2026-06-15 09:43:37,213 - INFO - Epoch [2/5], Batch [96/300], Loss: 1.1609 (Overall: 0.6319, Change: 1.4401), TF Ratio: 0.921
2026-06-15 09:43:37,369 - INFO - Epoch [2/5], Batch [97/300], Loss: 1.1636 (Overall: 1.0460, Change: 1.7965), TF Ratio: 0.921
2026-06-15 09:43:37,524 - INFO - Epoch [2/5], Batch [98/300], Loss: 1.1634 (Overall: 0.9625, Change: 1.3232), TF Ratio: 0.920
2026-06-15 09:43:37,677 - INFO - Epoch [2/5], Batch [99/300], Loss: 1.1636 (Overall: 1.1871, Change: 1.1744), TF Ratio: 0.920
2026-06-15 09:43:50,204 - INFO - Epoch [2/5], Batch [100/300], Loss: 1.1617 (Overall: 0.8030, Change: 1.1468), TF Ratio: 0.920
2026-06-15 09:43:50,362 - INFO - Epoch [2/5], Batch [101/300], Loss: 1.1616 (Overall: 0.9085, Change: 1.3885), TF Ratio: 0.920
2026-06-15 09:43:50,516 - INFO - Epoch [2/5], Batch [102/300], Loss: 1.1610 (Overall: 0.9711, Change: 1.2431), TF Ratio: 0.920
2026-06-15 09:43:50,671 - INFO - Epoch [2/5], Batch [103/300], Loss: 1.1605 (Overall: 0.7754, Change: 1.4311), TF Ratio: 0.919
2026-06-15 09:43:51,361 - INFO - Epoch [2/5], Batch [104/300], Loss: 1.1607 (Overall: 0.9666, Change: 1.3985), TF Ratio: 0.919
2026-06-15 09:43:51,515 - INFO - Epoch [2/5], Batch [105/300], Loss: 1.1594 (Overall: 0.7544, Change: 1.2908), TF Ratio: 0.919
2026-06-15 09:43:51,669 - INFO - Epoch [2/5], Batch [106/300], Loss: 1.1583 (Overall: 0.7743, Change: 1.3241), TF Ratio: 0.919
2026-06-15 09:43:51,824 - INFO - Epoch [2/5], Batch [107/300], Loss: 1.1577 (Overall: 0.8192, Change: 1.3756), TF Ratio: 0.919
2026-06-15 09:43:51,979 - INFO - Epoch [2/5], Batch [108/300], Loss: 1.1591 (Overall: 1.1502, Change: 1.4650), TF Ratio: 0.918
2026-06-15 09:43:52,134 - INFO - Epoch [2/5], Batch [109/300], Loss: 1.1593 (Overall: 0.7567, Change: 1.5880), TF Ratio: 0.918
2026-06-15 09:43:52,288 - INFO - Epoch [2/5], Batch [110/300], Loss: 1.1568 (Overall: 0.8671, Change: 0.9106), TF Ratio: 0.918
2026-06-15 09:43:52,444 - INFO - Epoch [2/5], Batch [111/300], Loss: 1.1576 (Overall: 0.9950, Change: 1.4977), TF Ratio: 0.918
2026-06-15 09:43:53,456 - INFO - Epoch [2/5], Batch [112/300], Loss: 1.1577 (Overall: 1.0697, Change: 1.2630), TF Ratio: 0.918
2026-06-15 09:43:53,612 - INFO - Epoch [2/5], Batch [113/300], Loss: 1.1560 (Overall: 0.7752, Change: 1.1597), TF Ratio: 0.917
2026-06-15 09:43:53,766 - INFO - Epoch [2/5], Batch [114/300], Loss: 1.1562 (Overall: 0.8383, Change: 1.5191), TF Ratio: 0.917
2026-06-15 09:43:53,921 - INFO - Epoch [2/5], Batch [115/300], Loss: 1.1564 (Overall: 0.9193, Change: 1.4486), TF Ratio: 0.917
2026-06-15 09:43:54,080 - INFO - Epoch [2/5], Batch [116/300], Loss: 1.1590 (Overall: 1.2281, Change: 1.6797), TF Ratio: 0.917
2026-06-15 09:43:54,236 - INFO - Epoch [2/5], Batch [117/300], Loss: 1.1602 (Overall: 1.1190, Change: 1.4709), TF Ratio: 0.917
2026-06-15 09:43:54,391 - INFO - Epoch [2/5], Batch [118/300], Loss: 1.1621 (Overall: 1.0355, Change: 1.7515), TF Ratio: 0.916
2026-06-15 09:43:54,546 - INFO - Epoch [2/5], Batch [119/300], Loss: 1.1627 (Overall: 0.9540, Change: 1.4975), TF Ratio: 0.916
2026-06-15 09:44:06,964 - INFO - Epoch [2/5], Batch [120/300], Loss: 1.1633 (Overall: 1.0298, Change: 1.4515), TF Ratio: 0.916
2026-06-15 09:44:07,125 - INFO - Epoch [2/5], Batch [121/300], Loss: 1.1623 (Overall: 0.7983, Change: 1.2767), TF Ratio: 0.916
2026-06-15 09:44:07,281 - INFO - Epoch [2/5], Batch [122/300], Loss: 1.1617 (Overall: 0.8065, Change: 1.3807), TF Ratio: 0.916
2026-06-15 09:44:07,437 - INFO - Epoch [2/5], Batch [123/300], Loss: 1.1624 (Overall: 0.8829, Change: 1.5978), TF Ratio: 0.915
2026-06-15 09:44:08,476 - INFO - Epoch [2/5], Batch [124/300], Loss: 1.1618 (Overall: 0.8253, Change: 1.3723), TF Ratio: 0.915
2026-06-15 09:44:08,632 - INFO - Epoch [2/5], Batch [125/300], Loss: 1.1620 (Overall: 0.8502, Change: 1.5039), TF Ratio: 0.915
2026-06-15 09:44:08,787 - INFO - Epoch [2/5], Batch [126/300], Loss: 1.1630 (Overall: 1.1140, Change: 1.4725), TF Ratio: 0.915
2026-06-15 09:44:08,942 - INFO - Epoch [2/5], Batch [127/300], Loss: 1.1635 (Overall: 0.8124, Change: 1.6323), TF Ratio: 0.915
2026-06-15 09:44:09,098 - INFO - Epoch [2/5], Batch [128/300], Loss: 1.1641 (Overall: 1.1330, Change: 1.3543), TF Ratio: 0.914
2026-06-15 09:44:09,255 - INFO - Epoch [2/5], Batch [129/300], Loss: 1.1627 (Overall: 0.6832, Change: 1.2936), TF Ratio: 0.914
2026-06-15 09:44:09,410 - INFO - Epoch [2/5], Batch [130/300], Loss: 1.1651 (Overall: 0.9772, Change: 1.9659), TF Ratio: 0.914
2026-06-15 09:44:09,563 - INFO - Epoch [2/5], Batch [131/300], Loss: 1.1648 (Overall: 0.9474, Change: 1.2910), TF Ratio: 0.914
2026-06-15 09:44:11,237 - INFO - Epoch [2/5], Batch [132/300], Loss: 1.1651 (Overall: 0.9751, Change: 1.4333), TF Ratio: 0.914
2026-06-15 09:44:11,393 - INFO - Epoch [2/5], Batch [133/300], Loss: 1.1658 (Overall: 0.7280, Change: 1.7900), TF Ratio: 0.913
2026-06-15 09:44:11,547 - INFO - Epoch [2/5], Batch [134/300], Loss: 1.1652 (Overall: 0.7544, Change: 1.4254), TF Ratio: 0.913
2026-06-15 09:44:11,702 - INFO - Epoch [2/5], Batch [135/300], Loss: 1.1658 (Overall: 0.9521, Change: 1.5414), TF Ratio: 0.913
2026-06-15 09:44:11,861 - INFO - Epoch [2/5], Batch [136/300], Loss: 1.1646 (Overall: 0.6851, Change: 1.3229), TF Ratio: 0.913
2026-06-15 09:44:12,018 - INFO - Epoch [2/5], Batch [137/300], Loss: 1.1649 (Overall: 0.9414, Change: 1.4610), TF Ratio: 0.913
2026-06-15 09:44:12,173 - INFO - Epoch [2/5], Batch [138/300], Loss: 1.1662 (Overall: 1.0102, Change: 1.6885), TF Ratio: 0.912
2026-06-15 09:44:12,327 - INFO - Epoch [2/5], Batch [139/300], Loss: 1.1659 (Overall: 0.5442, Change: 1.7092), TF Ratio: 0.912
2026-06-15 09:44:24,319 - INFO - Epoch [2/5], Batch [140/300], Loss: 1.1643 (Overall: 0.6071, Change: 1.2547), TF Ratio: 0.912
2026-06-15 09:44:24,486 - INFO - Epoch [2/5], Batch [141/300], Loss: 1.1647 (Overall: 0.8323, Change: 1.6249), TF Ratio: 0.912
2026-06-15 09:44:24,640 - INFO - Epoch [2/5], Batch [142/300], Loss: 1.1643 (Overall: 0.6755, Change: 1.5343), TF Ratio: 0.912
2026-06-15 09:44:24,795 - INFO - Epoch [2/5], Batch [143/300], Loss: 1.1627 (Overall: 0.6750, Change: 1.1940), TF Ratio: 0.911
2026-06-15 09:44:27,354 - INFO - Epoch [2/5], Batch [144/300], Loss: 1.1624 (Overall: 0.7243, Change: 1.5212), TF Ratio: 0.911
2026-06-15 09:44:27,510 - INFO - Epoch [2/5], Batch [145/300], Loss: 1.1616 (Overall: 0.6408, Change: 1.4445), TF Ratio: 0.911
2026-06-15 09:44:27,665 - INFO - Epoch [2/5], Batch [146/300], Loss: 1.1605 (Overall: 0.7133, Change: 1.2944), TF Ratio: 0.911
2026-06-15 09:44:27,819 - INFO - Epoch [2/5], Batch [147/300], Loss: 1.1584 (Overall: 0.8463, Change: 0.8558), TF Ratio: 0.911
2026-06-15 09:44:27,975 - INFO - Epoch [2/5], Batch [148/300], Loss: 1.1590 (Overall: 1.0866, Change: 1.4155), TF Ratio: 0.910
2026-06-15 09:44:28,131 - INFO - Epoch [2/5], Batch [149/300], Loss: 1.1591 (Overall: 0.9540, Change: 1.3888), TF Ratio: 0.910
2026-06-15 09:44:28,286 - INFO - Epoch [2/5], Batch [150/300], Loss: 1.1615 (Overall: 1.2999, Change: 1.7266), TF Ratio: 0.910
2026-06-15 09:44:28,440 - INFO - Epoch [2/5], Batch [151/300], Loss: 1.1598 (Overall: 0.7333, Change: 1.0726), TF Ratio: 0.910
2026-06-15 09:44:28,688 - INFO - Epoch [2/5], Batch [152/300], Loss: 1.1616 (Overall: 0.9269, Change: 1.9508), TF Ratio: 0.910
2026-06-15 09:44:28,843 - INFO - Epoch [2/5], Batch [153/300], Loss: 1.1625 (Overall: 1.1064, Change: 1.5024), TF Ratio: 0.909
2026-06-15 09:44:28,996 - INFO - Epoch [2/5], Batch [154/300], Loss: 1.1636 (Overall: 1.1514, Change: 1.4930), TF Ratio: 0.909
2026-06-15 09:44:29,150 - INFO - Epoch [2/5], Batch [155/300], Loss: 1.1628 (Overall: 0.7136, Change: 1.3767), TF Ratio: 0.909
2026-06-15 09:44:29,308 - INFO - Epoch [2/5], Batch [156/300], Loss: 1.1614 (Overall: 0.7351, Change: 1.1632), TF Ratio: 0.909
2026-06-15 09:44:29,464 - INFO - Epoch [2/5], Batch [157/300], Loss: 1.1618 (Overall: 0.7244, Change: 1.7032), TF Ratio: 0.909
2026-06-15 09:44:29,618 - INFO - Epoch [2/5], Batch [158/300], Loss: 1.1623 (Overall: 0.8389, Change: 1.6469), TF Ratio: 0.908
2026-06-15 09:44:29,771 - INFO - Epoch [2/5], Batch [159/300], Loss: 1.1616 (Overall: 0.6757, Change: 1.4479), TF Ratio: 0.908
2026-06-15 09:44:41,018 - INFO - Epoch [2/5], Batch [160/300], Loss: 1.1620 (Overall: 0.9147, Change: 1.5060), TF Ratio: 0.908
2026-06-15 09:44:41,176 - INFO - Epoch [2/5], Batch [161/300], Loss: 1.1611 (Overall: 0.9711, Change: 1.0761), TF Ratio: 0.908
2026-06-15 09:44:41,331 - INFO - Epoch [2/5], Batch [162/300], Loss: 1.1596 (Overall: 0.7545, Change: 1.0687), TF Ratio: 0.908
2026-06-15 09:44:41,487 - INFO - Epoch [2/5], Batch [163/300], Loss: 1.1603 (Overall: 0.6795, Change: 1.8984), TF Ratio: 0.907
2026-06-15 09:44:43,974 - INFO - Epoch [2/5], Batch [164/300], Loss: 1.1588 (Overall: 0.5664, Change: 1.2518), TF Ratio: 0.907
2026-06-15 09:44:44,130 - INFO - Epoch [2/5], Batch [165/300], Loss: 1.1616 (Overall: 1.0673, Change: 2.1742), TF Ratio: 0.907
2026-06-15 09:44:44,285 - INFO - Epoch [2/5], Batch [166/300], Loss: 1.1620 (Overall: 0.9294, Change: 1.5173), TF Ratio: 0.907
2026-06-15 09:44:44,442 - INFO - Epoch [2/5], Batch [167/300], Loss: 1.1605 (Overall: 0.5140, Change: 1.3185), TF Ratio: 0.907
2026-06-15 09:44:44,601 - INFO - Epoch [2/5], Batch [168/300], Loss: 1.1599 (Overall: 0.5357, Change: 1.5721), TF Ratio: 0.906
2026-06-15 09:44:44,756 - INFO - Epoch [2/5], Batch [169/300], Loss: 1.1577 (Overall: 0.7009, Change: 0.8924), TF Ratio: 0.906
2026-06-15 09:44:44,911 - INFO - Epoch [2/5], Batch [170/300], Loss: 1.1579 (Overall: 0.7053, Change: 1.6825), TF Ratio: 0.906
2026-06-15 09:44:45,066 - INFO - Epoch [2/5], Batch [171/300], Loss: 1.1584 (Overall: 0.8023, Change: 1.6671), TF Ratio: 0.906
2026-06-15 09:44:48,333 - INFO - Epoch [2/5], Batch [172/300], Loss: 1.1576 (Overall: 0.6372, Change: 1.4068), TF Ratio: 0.906
2026-06-15 09:44:48,490 - INFO - Epoch [2/5], Batch [173/300], Loss: 1.1581 (Overall: 1.0151, Change: 1.4764), TF Ratio: 0.905
2026-06-15 09:44:48,645 - INFO - Epoch [2/5], Batch [174/300], Loss: 1.1608 (Overall: 1.6699, Change: 1.5869), TF Ratio: 0.905
2026-06-15 09:44:48,803 - INFO - Epoch [2/5], Batch [175/300], Loss: 1.1598 (Overall: 0.9016, Change: 1.0763), TF Ratio: 0.905
2026-06-15 09:44:48,961 - INFO - Epoch [2/5], Batch [176/300], Loss: 1.1601 (Overall: 0.9935, Change: 1.4256), TF Ratio: 0.905
2026-06-15 09:44:49,117 - INFO - Epoch [2/5], Batch [177/300], Loss: 1.1600 (Overall: 0.9872, Change: 1.3048), TF Ratio: 0.905
2026-06-15 09:44:49,278 - INFO - Epoch [2/5], Batch [178/300], Loss: 1.1621 (Overall: 0.9195, Change: 2.1424), TF Ratio: 0.904
2026-06-15 09:44:49,431 - INFO - Epoch [2/5], Batch [179/300], Loss: 1.1614 (Overall: 0.7820, Change: 1.2983), TF Ratio: 0.904
2026-06-15 09:44:56,932 - INFO - Epoch [2/5], Batch [180/300], Loss: 1.1618 (Overall: 0.7540, Change: 1.6855), TF Ratio: 0.904
2026-06-15 09:44:57,091 - INFO - Epoch [2/5], Batch [181/300], Loss: 1.1629 (Overall: 1.0029, Change: 1.7383), TF Ratio: 0.904
2026-06-15 09:44:57,244 - INFO - Epoch [2/5], Batch [182/300], Loss: 1.1623 (Overall: 0.7563, Change: 1.3396), TF Ratio: 0.904
2026-06-15 09:44:57,400 - INFO - Epoch [2/5], Batch [183/300], Loss: 1.1624 (Overall: 0.8557, Change: 1.5297), TF Ratio: 0.903
2026-06-15 09:44:59,844 - INFO - Epoch [2/5], Batch [184/300], Loss: 1.1616 (Overall: 0.9125, Change: 1.1045), TF Ratio: 0.903
2026-06-15 09:45:00,001 - INFO - Epoch [2/5], Batch [185/300], Loss: 1.1619 (Overall: 1.2229, Change: 1.2040), TF Ratio: 0.903
2026-06-15 09:45:00,157 - INFO - Epoch [2/5], Batch [186/300], Loss: 1.1622 (Overall: 1.2942, Change: 1.1556), TF Ratio: 0.903
2026-06-15 09:45:00,311 - INFO - Epoch [2/5], Batch [187/300], Loss: 1.1616 (Overall: 0.9581, Change: 1.1305), TF Ratio: 0.903
2026-06-15 09:45:00,468 - INFO - Epoch [2/5], Batch [188/300], Loss: 1.1602 (Overall: 0.6645, Change: 1.1511), TF Ratio: 0.902
2026-06-15 09:45:00,624 - INFO - Epoch [2/5], Batch [189/300], Loss: 1.1601 (Overall: 0.9804, Change: 1.2896), TF Ratio: 0.902
2026-06-15 09:45:00,781 - INFO - Epoch [2/5], Batch [190/300], Loss: 1.1597 (Overall: 0.7223, Change: 1.4309), TF Ratio: 0.902
2026-06-15 09:45:00,934 - INFO - Epoch [2/5], Batch [191/300], Loss: 1.1600 (Overall: 0.8655, Change: 1.5627), TF Ratio: 0.902
2026-06-15 09:45:03,817 - INFO - Epoch [2/5], Batch [192/300], Loss: 1.1597 (Overall: 0.7096, Change: 1.5110), TF Ratio: 0.902
2026-06-15 09:45:03,972 - INFO - Epoch [2/5], Batch [193/300], Loss: 1.1601 (Overall: 0.7295, Change: 1.7283), TF Ratio: 0.901
2026-06-15 09:45:04,128 - INFO - Epoch [2/5], Batch [194/300], Loss: 1.1600 (Overall: 0.8248, Change: 1.4876), TF Ratio: 0.901
2026-06-15 09:45:04,282 - INFO - Epoch [2/5], Batch [195/300], Loss: 1.1594 (Overall: 0.6878, Change: 1.3879), TF Ratio: 0.901
2026-06-15 09:45:04,454 - INFO - Epoch [2/5], Batch [196/300], Loss: 1.1594 (Overall: 0.9446, Change: 1.3691), TF Ratio: 0.901
2026-06-15 09:45:04,610 - INFO - Epoch [2/5], Batch [197/300], Loss: 1.1588 (Overall: 1.0219, Change: 1.0421), TF Ratio: 0.901
2026-06-15 09:45:04,765 - INFO - Epoch [2/5], Batch [198/300], Loss: 1.1584 (Overall: 0.8769, Change: 1.2984), TF Ratio: 0.900
2026-06-15 09:45:04,921 - INFO - Epoch [2/5], Batch [199/300], Loss: 1.1605 (Overall: 0.7915, Change: 2.3747), TF Ratio: 0.900
2026-06-15 09:45:13,730 - INFO - Epoch [2/5], Batch [200/300], Loss: 1.1604 (Overall: 0.7419, Change: 1.5265), TF Ratio: 0.900
2026-06-15 09:45:13,891 - INFO - Epoch [2/5], Batch [201/300], Loss: 1.1597 (Overall: 0.7955, Change: 1.2378), TF Ratio: 0.900
2026-06-15 09:45:14,048 - INFO - Epoch [2/5], Batch [202/300], Loss: 1.1599 (Overall: 1.0051, Change: 1.4126), TF Ratio: 0.900
2026-06-15 09:45:14,203 - INFO - Epoch [2/5], Batch [203/300], Loss: 1.1602 (Overall: 0.8164, Change: 1.6199), TF Ratio: 0.899
2026-06-15 09:45:16,274 - INFO - Epoch [2/5], Batch [204/300], Loss: 1.1592 (Overall: 0.7673, Change: 1.1531), TF Ratio: 0.899
2026-06-15 09:45:16,430 - INFO - Epoch [2/5], Batch [205/300], Loss: 1.1590 (Overall: 0.7194, Change: 1.5251), TF Ratio: 0.899
2026-06-15 09:45:16,584 - INFO - Epoch [2/5], Batch [206/300], Loss: 1.1598 (Overall: 0.8142, Change: 1.8155), TF Ratio: 0.899
2026-06-15 09:45:16,738 - INFO - Epoch [2/5], Batch [207/300], Loss: 1.1592 (Overall: 0.8619, Change: 1.1987), TF Ratio: 0.899
2026-06-15 09:45:16,895 - INFO - Epoch [2/5], Batch [208/300], Loss: 1.1597 (Overall: 0.9047, Change: 1.6102), TF Ratio: 0.898
2026-06-15 09:45:17,051 - INFO - Epoch [2/5], Batch [209/300], Loss: 1.1588 (Overall: 0.6713, Change: 1.3102), TF Ratio: 0.898
2026-06-15 09:45:17,206 - INFO - Epoch [2/5], Batch [210/300], Loss: 1.1586 (Overall: 0.8396, Change: 1.3769), TF Ratio: 0.898
2026-06-15 09:45:17,360 - INFO - Epoch [2/5], Batch [211/300], Loss: 1.1589 (Overall: 1.0505, Change: 1.3965), TF Ratio: 0.898
2026-06-15 09:45:21,996 - INFO - Epoch [2/5], Batch [212/300], Loss: 1.1589 (Overall: 0.7909, Change: 1.5417), TF Ratio: 0.898
2026-06-15 09:45:22,153 - INFO - Epoch [2/5], Batch [213/300], Loss: 1.1593 (Overall: 0.8228, Change: 1.6498), TF Ratio: 0.897
2026-06-15 09:45:22,309 - INFO - Epoch [2/5], Batch [214/300], Loss: 1.1588 (Overall: 0.6890, Change: 1.3929), TF Ratio: 0.897
2026-06-15 09:45:22,465 - INFO - Epoch [2/5], Batch [215/300], Loss: 1.1587 (Overall: 0.7554, Change: 1.5314), TF Ratio: 0.897
2026-06-15 09:45:22,628 - INFO - Epoch [2/5], Batch [216/300], Loss: 1.1593 (Overall: 0.9701, Change: 1.6118), TF Ratio: 0.897
2026-06-15 09:45:22,784 - INFO - Epoch [2/5], Batch [217/300], Loss: 1.1595 (Overall: 0.8521, Change: 1.5683), TF Ratio: 0.897
2026-06-15 09:45:22,940 - INFO - Epoch [2/5], Batch [218/300], Loss: 1.1592 (Overall: 0.6609, Change: 1.5171), TF Ratio: 0.896
2026-06-15 09:45:23,097 - INFO - Epoch [2/5], Batch [219/300], Loss: 1.1592 (Overall: 0.7812, Change: 1.5377), TF Ratio: 0.896
2026-06-15 09:45:32,302 - INFO - Epoch [2/5], Batch [220/300], Loss: 1.1581 (Overall: 0.5437, Change: 1.2813), TF Ratio: 0.896
2026-06-15 09:45:32,461 - INFO - Epoch [2/5], Batch [221/300], Loss: 1.1572 (Overall: 0.8612, Change: 1.0644), TF Ratio: 0.896
2026-06-15 09:45:32,615 - INFO - Epoch [2/5], Batch [222/300], Loss: 1.1566 (Overall: 0.6087, Change: 1.4259), TF Ratio: 0.896
2026-06-15 09:45:32,770 - INFO - Epoch [2/5], Batch [223/300], Loss: 1.1563 (Overall: 1.1340, Change: 1.0769), TF Ratio: 0.895
2026-06-15 09:45:33,130 - INFO - Epoch [2/5], Batch [224/300], Loss: 1.1566 (Overall: 0.6557, Change: 1.7858), TF Ratio: 0.895
2026-06-15 09:45:33,291 - INFO - Epoch [2/5], Batch [225/300], Loss: 1.1556 (Overall: 0.6433, Change: 1.2166), TF Ratio: 0.895
2026-06-15 09:45:33,445 - INFO - Epoch [2/5], Batch [226/300], Loss: 1.1555 (Overall: 0.8254, Change: 1.4395), TF Ratio: 0.895
2026-06-15 09:45:33,600 - INFO - Epoch [2/5], Batch [227/300], Loss: 1.1566 (Overall: 1.2717, Change: 1.5480), TF Ratio: 0.895
2026-06-15 09:45:33,756 - INFO - Epoch [2/5], Batch [228/300], Loss: 1.1584 (Overall: 1.1908, Change: 1.9163), TF Ratio: 0.894
2026-06-15 09:45:33,911 - INFO - Epoch [2/5], Batch [229/300], Loss: 1.1577 (Overall: 0.7867, Change: 1.2092), TF Ratio: 0.894
2026-06-15 09:45:34,066 - INFO - Epoch [2/5], Batch [230/300], Loss: 1.1580 (Overall: 0.8466, Change: 1.5947), TF Ratio: 0.894
2026-06-15 09:45:34,221 - INFO - Epoch [2/5], Batch [231/300], Loss: 1.1581 (Overall: 0.8895, Change: 1.4780), TF Ratio: 0.894
2026-06-15 09:45:38,949 - INFO - Epoch [2/5], Batch [232/300], Loss: 1.1578 (Overall: 0.8536, Change: 1.3609), TF Ratio: 0.894
2026-06-15 09:45:39,111 - INFO - Epoch [2/5], Batch [233/300], Loss: 1.1585 (Overall: 0.8022, Change: 1.8022), TF Ratio: 0.893
2026-06-15 09:45:39,266 - INFO - Epoch [2/5], Batch [234/300], Loss: 1.1571 (Overall: 0.6670, Change: 0.9999), TF Ratio: 0.893
2026-06-15 09:45:39,431 - INFO - Epoch [2/5], Batch [235/300], Loss: 1.1572 (Overall: 0.8601, Change: 1.5088), TF Ratio: 0.893
2026-06-15 09:45:39,587 - INFO - Epoch [2/5], Batch [236/300], Loss: 1.1583 (Overall: 1.0274, Change: 1.7978), TF Ratio: 0.893
2026-06-15 09:45:39,743 - INFO - Epoch [2/5], Batch [237/300], Loss: 1.1577 (Overall: 0.9009, Change: 1.1533), TF Ratio: 0.893
2026-06-15 09:45:39,903 - INFO - Epoch [2/5], Batch [238/300], Loss: 1.1580 (Overall: 0.8793, Change: 1.5446), TF Ratio: 0.892
2026-06-15 09:45:40,057 - INFO - Epoch [2/5], Batch [239/300], Loss: 1.1583 (Overall: 0.9466, Change: 1.5571), TF Ratio: 0.892
2026-06-15 09:45:47,941 - INFO - Epoch [2/5], Batch [240/300], Loss: 1.1591 (Overall: 1.1151, Change: 1.5796), TF Ratio: 0.892
2026-06-15 09:45:48,110 - INFO - Epoch [2/5], Batch [241/300], Loss: 1.1577 (Overall: 0.5337, Change: 1.1079), TF Ratio: 0.892
2026-06-15 09:45:48,265 - INFO - Epoch [2/5], Batch [242/300], Loss: 1.1593 (Overall: 1.3289, Change: 1.7378), TF Ratio: 0.892
2026-06-15 09:45:48,419 - INFO - Epoch [2/5], Batch [243/300], Loss: 1.1594 (Overall: 0.8428, Change: 1.5384), TF Ratio: 0.891
2026-06-15 09:45:51,979 - INFO - Epoch [2/5], Batch [244/300], Loss: 1.1605 (Overall: 1.0925, Change: 1.7625), TF Ratio: 0.891
2026-06-15 09:45:52,143 - INFO - Epoch [2/5], Batch [245/300], Loss: 1.1602 (Overall: 0.6833, Change: 1.5101), TF Ratio: 0.891
2026-06-15 09:45:52,308 - INFO - Epoch [2/5], Batch [246/300], Loss: 1.1593 (Overall: 0.6067, Change: 1.2389), TF Ratio: 0.891
2026-06-15 09:45:52,464 - INFO - Epoch [2/5], Batch [247/300], Loss: 1.1590 (Overall: 0.6546, Change: 1.5025), TF Ratio: 0.891
2026-06-15 09:45:52,621 - INFO - Epoch [2/5], Batch [248/300], Loss: 1.1577 (Overall: 0.7382, Change: 0.9603), TF Ratio: 0.890
2026-06-15 09:45:52,777 - INFO - Epoch [2/5], Batch [249/300], Loss: 1.1570 (Overall: 0.7070, Change: 1.2458), TF Ratio: 0.890
2026-06-15 09:45:52,931 - INFO - Epoch [2/5], Batch [250/300], Loss: 1.1575 (Overall: 1.0937, Change: 1.4693), TF Ratio: 0.890
2026-06-15 09:45:53,086 - INFO - Epoch [2/5], Batch [251/300], Loss: 1.1581 (Overall: 0.9788, Change: 1.6329), TF Ratio: 0.890
2026-06-15 09:45:55,463 - INFO - Epoch [2/5], Batch [252/300], Loss: 1.1588 (Overall: 0.9034, Change: 1.7894), TF Ratio: 0.890
2026-06-15 09:45:55,620 - INFO - Epoch [2/5], Batch [253/300], Loss: 1.1583 (Overall: 0.6952, Change: 1.3381), TF Ratio: 0.889
2026-06-15 09:45:55,774 - INFO - Epoch [2/5], Batch [254/300], Loss: 1.1582 (Overall: 0.7428, Change: 1.5354), TF Ratio: 0.889
2026-06-15 09:45:55,929 - INFO - Epoch [2/5], Batch [255/300], Loss: 1.1578 (Overall: 0.7860, Change: 1.3308), TF Ratio: 0.889
2026-06-15 09:45:56,103 - INFO - Epoch [2/5], Batch [256/300], Loss: 1.1579 (Overall: 0.8141, Change: 1.5491), TF Ratio: 0.889
2026-06-15 09:45:56,263 - INFO - Epoch [2/5], Batch [257/300], Loss: 1.1578 (Overall: 0.8794, Change: 1.3814), TF Ratio: 0.889
2026-06-15 09:45:56,418 - INFO - Epoch [2/5], Batch [258/300], Loss: 1.1582 (Overall: 0.7703, Change: 1.7450), TF Ratio: 0.888
2026-06-15 09:45:56,572 - INFO - Epoch [2/5], Batch [259/300], Loss: 1.1582 (Overall: 0.8545, Change: 1.4626), TF Ratio: 0.888
2026-06-15 09:46:03,760 - INFO - Epoch [2/5], Batch [260/300], Loss: 1.1589 (Overall: 0.6274, Change: 2.0865), TF Ratio: 0.888
2026-06-15 09:46:03,918 - INFO - Epoch [2/5], Batch [261/300], Loss: 1.1594 (Overall: 1.1855, Change: 1.3604), TF Ratio: 0.888
2026-06-15 09:46:04,073 - INFO - Epoch [2/5], Batch [262/300], Loss: 1.1611 (Overall: 1.7109, Change: 1.4995), TF Ratio: 0.888
2026-06-15 09:46:04,227 - INFO - Epoch [2/5], Batch [263/300], Loss: 1.1606 (Overall: 0.7529, Change: 1.3279), TF Ratio: 0.887
2026-06-15 09:46:10,007 - INFO - Epoch [2/5], Batch [264/300], Loss: 1.1606 (Overall: 0.7632, Change: 1.5470), TF Ratio: 0.887
2026-06-15 09:46:10,168 - INFO - Epoch [2/5], Batch [265/300], Loss: 1.1603 (Overall: 0.7944, Change: 1.3891), TF Ratio: 0.887
2026-06-15 09:46:10,323 - INFO - Epoch [2/5], Batch [266/300], Loss: 1.1599 (Overall: 0.8576, Change: 1.2522), TF Ratio: 0.887
2026-06-15 09:46:10,478 - INFO - Epoch [2/5], Batch [267/300], Loss: 1.1603 (Overall: 1.0173, Change: 1.5221), TF Ratio: 0.887
2026-06-15 09:46:10,634 - INFO - Epoch [2/5], Batch [268/300], Loss: 1.1619 (Overall: 1.3776, Change: 1.7622), TF Ratio: 0.886
2026-06-15 09:46:10,790 - INFO - Epoch [2/5], Batch [269/300], Loss: 1.1616 (Overall: 0.8676, Change: 1.2934), TF Ratio: 0.886
2026-06-15 09:46:10,944 - INFO - Epoch [2/5], Batch [270/300], Loss: 1.1614 (Overall: 0.9424, Change: 1.2875), TF Ratio: 0.886
2026-06-15 09:46:11,100 - INFO - Epoch [2/5], Batch [271/300], Loss: 1.1610 (Overall: 0.8578, Change: 1.2345), TF Ratio: 0.886
2026-06-15 09:46:11,911 - INFO - Epoch [2/5], Batch [272/300], Loss: 1.1618 (Overall: 0.6463, Change: 2.1420), TF Ratio: 0.886
2026-06-15 09:46:12,066 - INFO - Epoch [2/5], Batch [273/300], Loss: 1.1620 (Overall: 0.6580, Change: 1.7404), TF Ratio: 0.885
2026-06-15 09:46:12,221 - INFO - Epoch [2/5], Batch [274/300], Loss: 1.1616 (Overall: 0.7832, Change: 1.3230), TF Ratio: 0.885
2026-06-15 09:46:12,376 - INFO - Epoch [2/5], Batch [275/300], Loss: 1.1615 (Overall: 0.8889, Change: 1.3811), TF Ratio: 0.885
2026-06-15 09:46:12,535 - INFO - Epoch [2/5], Batch [276/300], Loss: 1.1617 (Overall: 0.7741, Change: 1.6687), TF Ratio: 0.885
2026-06-15 09:46:12,689 - INFO - Epoch [2/5], Batch [277/300], Loss: 1.1617 (Overall: 0.6796, Change: 1.6360), TF Ratio: 0.885
2026-06-15 09:46:12,844 - INFO - Epoch [2/5], Batch [278/300], Loss: 1.1613 (Overall: 0.8074, Change: 1.3343), TF Ratio: 0.884
2026-06-15 09:46:12,997 - INFO - Epoch [2/5], Batch [279/300], Loss: 1.1612 (Overall: 0.8110, Change: 1.4286), TF Ratio: 0.884
2026-06-15 09:46:20,078 - INFO - Epoch [2/5], Batch [280/300], Loss: 1.1616 (Overall: 0.8467, Change: 1.7005), TF Ratio: 0.884
2026-06-15 09:46:20,238 - INFO - Epoch [2/5], Batch [281/300], Loss: 1.1619 (Overall: 0.7242, Change: 1.7583), TF Ratio: 0.884
2026-06-15 09:46:20,392 - INFO - Epoch [2/5], Batch [282/300], Loss: 1.1615 (Overall: 0.8145, Change: 1.2771), TF Ratio: 0.884
2026-06-15 09:46:20,548 - INFO - Epoch [2/5], Batch [283/300], Loss: 1.1619 (Overall: 1.0312, Change: 1.5544), TF Ratio: 0.883
2026-06-15 09:46:26,692 - INFO - Epoch [2/5], Batch [284/300], Loss: 1.1622 (Overall: 0.8319, Change: 1.6272), TF Ratio: 0.883
2026-06-15 09:46:26,852 - INFO - Epoch [2/5], Batch [285/300], Loss: 1.1620 (Overall: 0.7609, Change: 1.4824), TF Ratio: 0.883
2026-06-15 09:46:27,014 - INFO - Epoch [2/5], Batch [286/300], Loss: 1.1617 (Overall: 0.7273, Change: 1.3950), TF Ratio: 0.883
2026-06-15 09:46:27,173 - INFO - Epoch [2/5], Batch [287/300], Loss: 1.1609 (Overall: 0.6036, Change: 1.3002), TF Ratio: 0.883
2026-06-15 09:46:27,329 - INFO - Epoch [2/5], Batch [288/300], Loss: 1.1614 (Overall: 0.9618, Change: 1.6145), TF Ratio: 0.882
2026-06-15 09:46:27,489 - INFO - Epoch [2/5], Batch [289/300], Loss: 1.1610 (Overall: 0.8674, Change: 1.2531), TF Ratio: 0.882
2026-06-15 09:46:27,643 - INFO - Epoch [2/5], Batch [290/300], Loss: 1.1606 (Overall: 0.6222, Change: 1.4663), TF Ratio: 0.882
2026-06-15 09:46:27,803 - INFO - Epoch [2/5], Batch [291/300], Loss: 1.1610 (Overall: 0.9461, Change: 1.5817), TF Ratio: 0.882
2026-06-15 09:46:28,849 - INFO - Epoch [2/5], Batch [292/300], Loss: 1.1610 (Overall: 0.8828, Change: 1.4322), TF Ratio: 0.882
2026-06-15 09:46:29,005 - INFO - Epoch [2/5], Batch [293/300], Loss: 1.1614 (Overall: 0.9322, Change: 1.6516), TF Ratio: 0.881
2026-06-15 09:46:29,159 - INFO - Epoch [2/5], Batch [294/300], Loss: 1.1621 (Overall: 0.6366, Change: 2.0692), TF Ratio: 0.881
2026-06-15 09:46:29,314 - INFO - Epoch [2/5], Batch [295/300], Loss: 1.1623 (Overall: 0.8873, Change: 1.5654), TF Ratio: 0.881
2026-06-15 09:46:29,470 - INFO - Epoch [2/5], Batch [296/300], Loss: 1.1623 (Overall: 0.9242, Change: 1.4257), TF Ratio: 0.881
2026-06-15 09:46:29,627 - INFO - Epoch [2/5], Batch [297/300], Loss: 1.1632 (Overall: 0.6500, Change: 2.2082), TF Ratio: 0.881
2026-06-15 09:46:29,782 - INFO - Epoch [2/5], Batch [298/300], Loss: 1.1631 (Overall: 0.8142, Change: 1.4193), TF Ratio: 0.880
2026-06-15 09:46:29,938 - INFO - Epoch [2/5], Batch [299/300], Loss: 1.1626 (Overall: 0.8351, Change: 1.2065), TF Ratio: 0.880
2026-06-15 09:46:36,755 - INFO - Epoch [2/5], Batch [300/300], Loss: 1.1624 (Overall: 0.7457, Change: 1.4665), TF Ratio: 0.880
2026-06-15 09:46:51,775 - INFO - Epoch 2 done. Validating...
2026-06-15 09:47:30,460 - INFO - Epoch [2/5] | Train: 1.1511 | Val: 0.8739
2026-06-15 09:47:33,281 - INFO - Checkpoint saved: /gpfs/scratch/bsc32/bsc096444/ai4land-tfm/trained_models/unet_impl/41811415/best_model.pth
2026-06-15 09:47:33,557 - INFO - Checkpoint saved: /gpfs/scratch/bsc32/bsc096444/ai4land-tfm/trained_models/unet_impl/41811415/model_epoch_2.pth
2026-06-15 09:47:55,049 - INFO - Epoch [3/5], Batch [1/300], Loss: 1.0203 (Overall: 0.7088, Change: 1.3317), TF Ratio: 0.880
2026-06-15 09:47:55,479 - INFO - Epoch [3/5], Batch [2/300], Loss: 1.1821 (Overall: 1.1515, Change: 1.5366), TF Ratio: 0.880
2026-06-15 09:47:55,634 - INFO - Epoch [3/5], Batch [3/300], Loss: 1.1311 (Overall: 0.5745, Change: 1.4833), TF Ratio: 0.879
2026-06-15 09:47:55,790 - INFO - Epoch [3/5], Batch [4/300], Loss: 1.1368 (Overall: 0.6604, Change: 1.6480), TF Ratio: 0.879
2026-06-15 09:47:55,946 - INFO - Epoch [3/5], Batch [5/300], Loss: 1.1269 (Overall: 0.7219, Change: 1.4527), TF Ratio: 0.879
2026-06-15 09:47:56,100 - INFO - Epoch [3/5], Batch [6/300], Loss: 1.1116 (Overall: 0.9515, Change: 1.1178), TF Ratio: 0.879
2026-06-15 09:47:56,289 - INFO - Epoch [3/5], Batch [7/300], Loss: 1.0953 (Overall: 0.8452, Change: 1.1497), TF Ratio: 0.879
2026-06-15 09:47:56,444 - INFO - Epoch [3/5], Batch [8/300], Loss: 1.1030 (Overall: 0.7835, Change: 1.5302), TF Ratio: 0.878
2026-06-15 09:47:56,599 - INFO - Epoch [3/5], Batch [9/300], Loss: 1.1046 (Overall: 0.7715, Change: 1.4645), TF Ratio: 0.878
2026-06-15 09:47:56,753 - INFO - Epoch [3/5], Batch [10/300], Loss: 1.0799 (Overall: 0.7522, Change: 0.9622), TF Ratio: 0.878
2026-06-15 09:47:56,907 - INFO - Epoch [3/5], Batch [11/300], Loss: 1.0870 (Overall: 0.8316, Change: 1.4843), TF Ratio: 0.878
2026-06-15 09:47:57,063 - INFO - Epoch [3/5], Batch [12/300], Loss: 1.1334 (Overall: 1.5357, Change: 1.7512), TF Ratio: 0.878
2026-06-15 09:47:57,219 - INFO - Epoch [3/5], Batch [13/300], Loss: 1.1327 (Overall: 0.6666, Change: 1.5822), TF Ratio: 0.877
2026-06-15 09:47:57,373 - INFO - Epoch [3/5], Batch [14/300], Loss: 1.1343 (Overall: 0.9939, Change: 1.3168), TF Ratio: 0.877
2026-06-15 09:47:57,528 - INFO - Epoch [3/5], Batch [15/300], Loss: 1.1289 (Overall: 0.7365, Change: 1.3706), TF Ratio: 0.877
2026-06-15 09:47:57,683 - INFO - Epoch [3/5], Batch [16/300], Loss: 1.1171 (Overall: 0.7331, Change: 1.1471), TF Ratio: 0.877
2026-06-15 09:47:57,839 - INFO - Epoch [3/5], Batch [17/300], Loss: 1.1149 (Overall: 0.5872, Change: 1.5710), TF Ratio: 0.877
2026-06-15 09:47:57,994 - INFO - Epoch [3/5], Batch [18/300], Loss: 1.1123 (Overall: 0.9415, Change: 1.1967), TF Ratio: 0.876
2026-06-15 09:47:58,147 - INFO - Epoch [3/5], Batch [19/300], Loss: 1.1217 (Overall: 1.0755, Change: 1.5072), TF Ratio: 0.876
2026-06-15 09:48:11,919 - INFO - Epoch [3/5], Batch [20/300], Loss: 1.1072 (Overall: 0.5891, Change: 1.0724), TF Ratio: 0.876
2026-06-15 09:48:12,074 - INFO - Epoch [3/5], Batch [21/300], Loss: 1.1002 (Overall: 0.7071, Change: 1.2145), TF Ratio: 0.876
2026-06-15 09:48:13,889 - INFO - Epoch [3/5], Batch [22/300], Loss: 1.1000 (Overall: 0.6866, Change: 1.5064), TF Ratio: 0.876
2026-06-15 09:48:14,045 - INFO - Epoch [3/5], Batch [23/300], Loss: 1.1028 (Overall: 0.7747, Change: 1.5518), TF Ratio: 0.875
2026-06-15 09:48:14,201 - INFO - Epoch [3/5], Batch [24/300], Loss: 1.1045 (Overall: 0.8347, Change: 1.4515), TF Ratio: 0.875
2026-06-15 09:48:14,358 - INFO - Epoch [3/5], Batch [25/300], Loss: 1.1014 (Overall: 0.6431, Change: 1.4117), TF Ratio: 0.875
2026-06-15 09:48:14,513 - INFO - Epoch [3/5], Batch [26/300], Loss: 1.0967 (Overall: 0.6438, Change: 1.3149), TF Ratio: 0.875
2026-06-15 09:48:14,668 - INFO - Epoch [3/5], Batch [27/300], Loss: 1.1011 (Overall: 1.1260, Change: 1.3054), TF Ratio: 0.875
2026-06-15 09:48:14,823 - INFO - Epoch [3/5], Batch [28/300], Loss: 1.0949 (Overall: 0.5198, Change: 1.3340), TF Ratio: 0.874
2026-06-15 09:48:14,979 - INFO - Epoch [3/5], Batch [29/300], Loss: 1.0896 (Overall: 0.8884, Change: 0.9964), TF Ratio: 0.874
2026-06-15 09:48:15,133 - INFO - Epoch [3/5], Batch [30/300], Loss: 1.0999 (Overall: 1.0163, Change: 1.7785), TF Ratio: 0.874
2026-06-15 09:48:15,287 - INFO - Epoch [3/5], Batch [31/300], Loss: 1.0982 (Overall: 0.6039, Change: 1.4916), TF Ratio: 0.874
2026-06-15 09:48:15,444 - INFO - Epoch [3/5], Batch [32/300], Loss: 1.0969 (Overall: 0.8870, Change: 1.2232), TF Ratio: 0.874
2026-06-15 09:48:15,599 - INFO - Epoch [3/5], Batch [33/300], Loss: 1.1001 (Overall: 0.9247, Change: 1.4820), TF Ratio: 0.873
2026-06-15 09:48:15,754 - INFO - Epoch [3/5], Batch [34/300], Loss: 1.1036 (Overall: 0.6888, Change: 1.7537), TF Ratio: 0.873
2026-06-15 09:48:15,908 - INFO - Epoch [3/5], Batch [35/300], Loss: 1.1000 (Overall: 0.6409, Change: 1.3095), TF Ratio: 0.873
2026-06-15 09:48:16,065 - INFO - Epoch [3/5], Batch [36/300], Loss: 1.1038 (Overall: 0.9563, Change: 1.5186), TF Ratio: 0.873
2026-06-15 09:48:16,221 - INFO - Epoch [3/5], Batch [37/300], Loss: 1.1126 (Overall: 0.9885, Change: 1.8737), TF Ratio: 0.873
2026-06-15 09:48:16,376 - INFO - Epoch [3/5], Batch [38/300], Loss: 1.1095 (Overall: 0.6100, Change: 1.3790), TF Ratio: 0.872
2026-06-15 09:48:16,531 - INFO - Epoch [3/5], Batch [39/300], Loss: 1.1154 (Overall: 1.0695, Change: 1.6074), TF Ratio: 0.872
2026-06-15 09:48:27,318 - INFO - Epoch [3/5], Batch [40/300], Loss: 1.1102 (Overall: 0.6316, Change: 1.1803), TF Ratio: 0.872
2026-06-15 09:48:27,475 - INFO - Epoch [3/5], Batch [41/300], Loss: 1.1070 (Overall: 0.8499, Change: 1.1079), TF Ratio: 0.872
2026-06-15 09:48:31,510 - INFO - Epoch [3/5], Batch [42/300], Loss: 1.1108 (Overall: 0.8578, Change: 1.6784), TF Ratio: 0.872
2026-06-15 09:48:31,663 - INFO - Epoch [3/5], Batch [43/300], Loss: 1.1151 (Overall: 0.9624, Change: 1.6302), TF Ratio: 0.871
2026-06-15 09:48:31,819 - INFO - Epoch [3/5], Batch [44/300], Loss: 1.1067 (Overall: 0.5756, Change: 0.9139), TF Ratio: 0.871
2026-06-15 09:48:31,975 - INFO - Epoch [3/5], Batch [45/300], Loss: 1.1055 (Overall: 0.7091, Change: 1.3943), TF Ratio: 0.871
2026-06-15 09:48:32,130 - INFO - Epoch [3/5], Batch [46/300], Loss: 1.1117 (Overall: 0.8080, Change: 1.9747), TF Ratio: 0.871
2026-06-15 09:48:32,285 - INFO - Epoch [3/5], Batch [47/300], Loss: 1.1141 (Overall: 0.7698, Change: 1.6827), TF Ratio: 0.871
2026-06-15 09:48:32,441 - INFO - Epoch [3/5], Batch [48/300], Loss: 1.1140 (Overall: 0.7990, Change: 1.4206), TF Ratio: 0.870
2026-06-15 09:48:32,599 - INFO - Epoch [3/5], Batch [49/300], Loss: 1.1082 (Overall: 0.8018, Change: 0.8514), TF Ratio: 0.870
2026-06-15 09:48:32,753 - INFO - Epoch [3/5], Batch [50/300], Loss: 1.1112 (Overall: 0.7402, Change: 1.7834), TF Ratio: 0.870
2026-06-15 09:48:32,908 - INFO - Epoch [3/5], Batch [51/300], Loss: 1.1095 (Overall: 0.7294, Change: 1.3165), TF Ratio: 0.870
2026-06-15 09:48:33,063 - INFO - Epoch [3/5], Batch [52/300], Loss: 1.1093 (Overall: 0.6747, Change: 1.5266), TF Ratio: 0.870
2026-06-15 09:48:33,220 - INFO - Epoch [3/5], Batch [53/300], Loss: 1.1059 (Overall: 0.7234, Change: 1.1323), TF Ratio: 0.869
2026-06-15 09:48:33,375 - INFO - Epoch [3/5], Batch [54/300], Loss: 1.1065 (Overall: 0.7243, Change: 1.5494), TF Ratio: 0.869
2026-06-15 09:48:33,530 - INFO - Epoch [3/5], Batch [55/300], Loss: 1.1051 (Overall: 0.6327, Change: 1.4276), TF Ratio: 0.869
2026-06-15 09:48:33,686 - INFO - Epoch [3/5], Batch [56/300], Loss: 1.1035 (Overall: 0.6837, Change: 1.3427), TF Ratio: 0.869
2026-06-15 09:48:33,843 - INFO - Epoch [3/5], Batch [57/300], Loss: 1.1043 (Overall: 0.7020, Change: 1.6010), TF Ratio: 0.869
2026-06-15 09:48:33,997 - INFO - Epoch [3/5], Batch [58/300], Loss: 1.1029 (Overall: 0.8061, Change: 1.2407), TF Ratio: 0.868
2026-06-15 09:48:34,152 - INFO - Epoch [3/5], Batch [59/300], Loss: 1.1062 (Overall: 1.0605, Change: 1.5344), TF Ratio: 0.868
2026-06-15 09:48:43,588 - INFO - Epoch [3/5], Batch [60/300], Loss: 1.1055 (Overall: 0.7467, Change: 1.3824), TF Ratio: 0.868
2026-06-15 09:48:43,743 - INFO - Epoch [3/5], Batch [61/300], Loss: 1.1082 (Overall: 0.7250, Change: 1.8092), TF Ratio: 0.868
2026-06-15 09:48:49,134 - INFO - Epoch [3/5], Batch [62/300], Loss: 1.1061 (Overall: 0.6958, Change: 1.2685), TF Ratio: 0.868
2026-06-15 09:48:49,289 - INFO - Epoch [3/5], Batch [63/300], Loss: 1.1055 (Overall: 0.7874, Change: 1.3426), TF Ratio: 0.867
2026-06-15 09:48:49,447 - INFO - Epoch [3/5], Batch [64/300], Loss: 1.1038 (Overall: 0.6413, Change: 1.3564), TF Ratio: 0.867
2026-06-15 09:48:49,603 - INFO - Epoch [3/5], Batch [65/300], Loss: 1.1010 (Overall: 0.6141, Change: 1.2333), TF Ratio: 0.867
2026-06-15 09:48:49,759 - INFO - Epoch [3/5], Batch [66/300], Loss: 1.0976 (Overall: 0.6903, Change: 1.0637), TF Ratio: 0.867
2026-06-15 09:48:49,913 - INFO - Epoch [3/5], Batch [67/300], Loss: 1.0955 (Overall: 0.6276, Change: 1.2813), TF Ratio: 0.867
2026-06-15 09:48:50,069 - INFO - Epoch [3/5], Batch [68/300], Loss: 1.0934 (Overall: 0.7599, Change: 1.1509), TF Ratio: 0.866
2026-06-15 09:48:50,223 - INFO - Epoch [3/5], Batch [69/300], Loss: 1.0938 (Overall: 0.7228, Change: 1.5062), TF Ratio: 0.866
2026-06-15 09:48:50,378 - INFO - Epoch [3/5], Batch [70/300], Loss: 1.0934 (Overall: 0.6663, Change: 1.4659), TF Ratio: 0.866
2026-06-15 09:48:50,531 - INFO - Epoch [3/5], Batch [71/300], Loss: 1.0906 (Overall: 0.6730, Change: 1.1250), TF Ratio: 0.866
2026-06-15 09:48:50,688 - INFO - Epoch [3/5], Batch [72/300], Loss: 1.0925 (Overall: 0.8684, Change: 1.5897), TF Ratio: 0.866
2026-06-15 09:48:50,843 - INFO - Epoch [3/5], Batch [73/300], Loss: 1.0948 (Overall: 0.8352, Change: 1.6848), TF Ratio: 0.865
2026-06-15 09:48:50,997 - INFO - Epoch [3/5], Batch [74/300], Loss: 1.0952 (Overall: 0.7694, Change: 1.4767), TF Ratio: 0.865
2026-06-15 09:48:51,152 - INFO - Epoch [3/5], Batch [75/300], Loss: 1.0949 (Overall: 0.6773, Change: 1.4677), TF Ratio: 0.865
2026-06-15 09:48:51,308 - INFO - Epoch [3/5], Batch [76/300], Loss: 1.0996 (Overall: 0.9807, Change: 1.9139), TF Ratio: 0.865
2026-06-15 09:48:51,466 - INFO - Epoch [3/5], Batch [77/300], Loss: 1.1013 (Overall: 1.1026, Change: 1.3626), TF Ratio: 0.865
2026-06-15 09:48:51,621 - INFO - Epoch [3/5], Batch [78/300], Loss: 1.1012 (Overall: 0.7296, Change: 1.4671), TF Ratio: 0.864
2026-06-15 09:48:51,776 - INFO - Epoch [3/5], Batch [79/300], Loss: 1.0999 (Overall: 0.7111, Change: 1.2832), TF Ratio: 0.864
2026-06-15 09:49:00,827 - INFO - Epoch [3/5], Batch [80/300], Loss: 1.1012 (Overall: 0.9102, Change: 1.4937), TF Ratio: 0.864
2026-06-15 09:49:00,984 - INFO - Epoch [3/5], Batch [81/300], Loss: 1.1012 (Overall: 0.7787, Change: 1.4269), TF Ratio: 0.864
2026-06-15 09:49:07,638 - INFO - Epoch [3/5], Batch [82/300], Loss: 1.0995 (Overall: 0.8289, Change: 1.0935), TF Ratio: 0.864
2026-06-15 09:49:07,792 - INFO - Epoch [3/5], Batch [83/300], Loss: 1.0968 (Overall: 0.8779, Change: 0.8726), TF Ratio: 0.863
2026-06-15 09:49:07,947 - INFO - Epoch [3/5], Batch [84/300], Loss: 1.0972 (Overall: 0.4742, Change: 1.7904), TF Ratio: 0.863
2026-06-15 09:49:08,103 - INFO - Epoch [3/5], Batch [85/300], Loss: 1.0976 (Overall: 0.8695, Change: 1.3923), TF Ratio: 0.863
2026-06-15 09:49:08,259 - INFO - Epoch [3/5], Batch [86/300], Loss: 1.0978 (Overall: 0.9316, Change: 1.2933), TF Ratio: 0.863
2026-06-15 09:49:08,413 - INFO - Epoch [3/5], Batch [87/300], Loss: 1.0940 (Overall: 0.7372, Change: 0.8051), TF Ratio: 0.863
2026-06-15 09:49:08,571 - INFO - Epoch [3/5], Batch [88/300], Loss: 1.0968 (Overall: 0.9919, Change: 1.6795), TF Ratio: 0.862
2026-06-15 09:49:08,726 - INFO - Epoch [3/5], Batch [89/300], Loss: 1.0934 (Overall: 0.6429, Change: 0.9431), TF Ratio: 0.862
2026-06-15 09:49:08,881 - INFO - Epoch [3/5], Batch [90/300], Loss: 1.0904 (Overall: 0.5114, Change: 1.1423), TF Ratio: 0.862
2026-06-15 09:49:09,036 - INFO - Epoch [3/5], Batch [91/300], Loss: 1.0898 (Overall: 0.7454, Change: 1.3167), TF Ratio: 0.862
2026-06-15 09:49:09,197 - INFO - Epoch [3/5], Batch [92/300], Loss: 1.0919 (Overall: 1.0875, Change: 1.4794), TF Ratio: 0.862
2026-06-15 09:49:09,352 - INFO - Epoch [3/5], Batch [93/300], Loss: 1.0922 (Overall: 0.6990, Change: 1.5542), TF Ratio: 0.861
2026-06-15 09:49:09,507 - INFO - Epoch [3/5], Batch [94/300], Loss: 1.0913 (Overall: 0.7997, Change: 1.2116), TF Ratio: 0.861
2026-06-15 09:49:09,662 - INFO - Epoch [3/5], Batch [95/300], Loss: 1.0918 (Overall: 0.9370, Change: 1.3348), TF Ratio: 0.861
2026-06-15 09:49:09,819 - INFO - Epoch [3/5], Batch [96/300], Loss: 1.0910 (Overall: 0.7582, Change: 1.2826), TF Ratio: 0.861
2026-06-15 09:49:09,975 - INFO - Epoch [3/5], Batch [97/300], Loss: 1.0923 (Overall: 1.0254, Change: 1.3985), TF Ratio: 0.861
2026-06-15 09:49:10,129 - INFO - Epoch [3/5], Batch [98/300], Loss: 1.0912 (Overall: 0.8515, Change: 1.1093), TF Ratio: 0.860
2026-06-15 09:49:10,283 - INFO - Epoch [3/5], Batch [99/300], Loss: 1.0940 (Overall: 1.0727, Change: 1.6709), TF Ratio: 0.860
2026-06-15 09:49:16,790 - INFO - Epoch [3/5], Batch [100/300], Loss: 1.0976 (Overall: 1.0560, Change: 1.8500), TF Ratio: 0.860
2026-06-15 09:49:16,946 - INFO - Epoch [3/5], Batch [101/300], Loss: 1.0947 (Overall: 0.6341, Change: 0.9811), TF Ratio: 0.860
2026-06-15 09:49:27,408 - INFO - Epoch [3/5], Batch [102/300], Loss: 1.0937 (Overall: 0.6628, Change: 1.3177), TF Ratio: 0.860
2026-06-15 09:49:27,563 - INFO - Epoch [3/5], Batch [103/300], Loss: 1.0925 (Overall: 0.7237, Change: 1.2192), TF Ratio: 0.859
2026-06-15 09:49:27,720 - INFO - Epoch [3/5], Batch [104/300], Loss: 1.0925 (Overall: 0.8698, Change: 1.3234), TF Ratio: 0.859
2026-06-15 09:49:27,879 - INFO - Epoch [3/5], Batch [105/300], Loss: 1.0927 (Overall: 0.9956, Change: 1.2277), TF Ratio: 0.859
2026-06-15 09:49:28,034 - INFO - Epoch [3/5], Batch [106/300], Loss: 1.0917 (Overall: 0.7823, Change: 1.1955), TF Ratio: 0.859
2026-06-15 09:49:28,190 - INFO - Epoch [3/5], Batch [107/300], Loss: 1.0915 (Overall: 1.1125, Change: 1.0169), TF Ratio: 0.859
2026-06-15 09:49:28,347 - INFO - Epoch [3/5], Batch [108/300], Loss: 1.0918 (Overall: 0.9451, Change: 1.2981), TF Ratio: 0.858
2026-06-15 09:49:28,504 - INFO - Epoch [3/5], Batch [109/300], Loss: 1.0900 (Overall: 0.6971, Change: 1.1075), TF Ratio: 0.858
2026-06-15 09:49:28,659 - INFO - Epoch [3/5], Batch [110/300], Loss: 1.0887 (Overall: 0.5710, Change: 1.3222), TF Ratio: 0.858
2026-06-15 09:49:28,823 - INFO - Epoch [3/5], Batch [111/300], Loss: 1.0867 (Overall: 0.5448, Change: 1.1876), TF Ratio: 0.858
2026-06-15 09:49:28,983 - INFO - Epoch [3/5], Batch [112/300], Loss: 1.0866 (Overall: 0.8054, Change: 1.3413), TF Ratio: 0.858
2026-06-15 09:49:29,139 - INFO - Epoch [3/5], Batch [113/300], Loss: 1.0863 (Overall: 0.5617, Change: 1.5455), TF Ratio: 0.857
2026-06-15 09:49:29,293 - INFO - Epoch [3/5], Batch [114/300], Loss: 1.0863 (Overall: 0.8106, Change: 1.3592), TF Ratio: 0.857
2026-06-15 09:49:29,448 - INFO - Epoch [3/5], Batch [115/300], Loss: 1.0841 (Overall: 0.7741, Change: 0.8981), TF Ratio: 0.857
2026-06-15 09:49:29,615 - INFO - Epoch [3/5], Batch [116/300], Loss: 1.0849 (Overall: 0.7991, Change: 1.5390), TF Ratio: 0.857
2026-06-15 09:49:29,772 - INFO - Epoch [3/5], Batch [117/300], Loss: 1.0874 (Overall: 0.8677, Change: 1.9013), TF Ratio: 0.857
2026-06-15 09:49:29,926 - INFO - Epoch [3/5], Batch [118/300], Loss: 1.0866 (Overall: 0.6782, Change: 1.3158), TF Ratio: 0.856
2026-06-15 09:49:30,081 - INFO - Epoch [3/5], Batch [119/300], Loss: 1.0885 (Overall: 0.8104, Change: 1.7975), TF Ratio: 0.856
2026-06-15 09:49:33,385 - INFO - Epoch [3/5], Batch [120/300], Loss: 1.0874 (Overall: 0.5457, Change: 1.3704), TF Ratio: 0.856
2026-06-15 09:49:33,540 - INFO - Epoch [3/5], Batch [121/300], Loss: 1.0875 (Overall: 0.8575, Change: 1.3371), TF Ratio: 0.856
2026-06-15 09:49:44,739 - INFO - Epoch [3/5], Batch [122/300], Loss: 1.0870 (Overall: 0.6214, Change: 1.4512), TF Ratio: 0.856
2026-06-15 09:49:44,892 - INFO - Epoch [3/5], Batch [123/300], Loss: 1.0849 (Overall: 0.9362, Change: 0.7208), TF Ratio: 0.855
2026-06-15 09:49:45,048 - INFO - Epoch [3/5], Batch [124/300], Loss: 1.0857 (Overall: 0.9971, Change: 1.3629), TF Ratio: 0.855
2026-06-15 09:49:45,215 - INFO - Epoch [3/5], Batch [125/300], Loss: 1.0853 (Overall: 0.7937, Change: 1.2741), TF Ratio: 0.855
2026-06-15 09:49:45,368 - INFO - Epoch [3/5], Batch [126/300], Loss: 1.0853 (Overall: 0.7624, Change: 1.4053), TF Ratio: 0.855
2026-06-15 09:49:45,523 - INFO - Epoch [3/5], Batch [127/300], Loss: 1.0844 (Overall: 0.6298, Change: 1.3255), TF Ratio: 0.855
2026-06-15 09:49:45,679 - INFO - Epoch [3/5], Batch [128/300], Loss: 1.0848 (Overall: 0.6666, Change: 1.5989), TF Ratio: 0.854
2026-06-15 09:49:45,835 - INFO - Epoch [3/5], Batch [129/300], Loss: 1.0861 (Overall: 1.0367, Change: 1.4761), TF Ratio: 0.854
2026-06-15 09:49:45,992 - INFO - Epoch [3/5], Batch [130/300], Loss: 1.0882 (Overall: 0.9254, Change: 1.7705), TF Ratio: 0.854
2026-06-15 09:49:46,147 - INFO - Epoch [3/5], Batch [131/300], Loss: 1.0871 (Overall: 0.7012, Change: 1.2091), TF Ratio: 0.854
2026-06-15 09:49:46,302 - INFO - Epoch [3/5], Batch [132/300], Loss: 1.0870 (Overall: 0.7320, Change: 1.4148), TF Ratio: 0.854
2026-06-15 09:49:46,469 - INFO - Epoch [3/5], Batch [133/300], Loss: 1.0862 (Overall: 0.7904, Change: 1.1678), TF Ratio: 0.853
2026-06-15 09:49:46,634 - INFO - Epoch [3/5], Batch [134/300], Loss: 1.0851 (Overall: 0.6367, Change: 1.2327), TF Ratio: 0.853
2026-06-15 09:49:46,788 - INFO - Epoch [3/5], Batch [135/300], Loss: 1.0845 (Overall: 0.5983, Change: 1.4046), TF Ratio: 0.853
2026-06-15 09:49:46,944 - INFO - Epoch [3/5], Batch [136/300], Loss: 1.0835 (Overall: 1.0050, Change: 0.8855), TF Ratio: 0.853
2026-06-15 09:49:47,111 - INFO - Epoch [3/5], Batch [137/300], Loss: 1.0845 (Overall: 0.9227, Change: 1.5332), TF Ratio: 0.853
2026-06-15 09:49:47,267 - INFO - Epoch [3/5], Batch [138/300], Loss: 1.0823 (Overall: 0.4979, Change: 1.0481), TF Ratio: 0.852
2026-06-15 09:49:47,420 - INFO - Epoch [3/5], Batch [139/300], Loss: 1.0809 (Overall: 0.6414, Change: 1.1454), TF Ratio: 0.852
2026-06-15 09:49:49,344 - INFO - Epoch [3/5], Batch [140/300], Loss: 1.0805 (Overall: 0.7220, Change: 1.3184), TF Ratio: 0.852
2026-06-15 09:49:49,498 - INFO - Epoch [3/5], Batch [141/300], Loss: 1.0813 (Overall: 1.1123, Change: 1.2892), TF Ratio: 0.852
2026-06-15 09:50:02,783 - INFO - Epoch [3/5], Batch [142/300], Loss: 1.0802 (Overall: 0.5722, Change: 1.2700), TF Ratio: 0.852
2026-06-15 09:50:02,939 - INFO - Epoch [3/5], Batch [143/300], Loss: 1.0806 (Overall: 0.6503, Change: 1.6295), TF Ratio: 0.851
2026-06-15 09:50:03,095 - INFO - Epoch [3/5], Batch [144/300], Loss: 1.0817 (Overall: 0.9908, Change: 1.4855), TF Ratio: 0.851
2026-06-15 09:50:03,251 - INFO - Epoch [3/5], Batch [145/300], Loss: 1.0810 (Overall: 0.7087, Change: 1.2477), TF Ratio: 0.851
2026-06-15 09:50:03,406 - INFO - Epoch [3/5], Batch [146/300], Loss: 1.0816 (Overall: 0.6299, Change: 1.7117), TF Ratio: 0.851
2026-06-15 09:50:03,566 - INFO - Epoch [3/5], Batch [147/300], Loss: 1.0832 (Overall: 1.0151, Change: 1.6324), TF Ratio: 0.851
2026-06-15 09:50:03,722 - INFO - Epoch [3/5], Batch [148/300], Loss: 1.0834 (Overall: 0.6382, Change: 1.5808), TF Ratio: 0.850
2026-06-15 09:50:03,877 - INFO - Epoch [3/5], Batch [149/300], Loss: 1.0833 (Overall: 0.5056, Change: 1.6289), TF Ratio: 0.850
2026-06-15 09:50:04,035 - INFO - Epoch [3/5], Batch [150/300], Loss: 1.0842 (Overall: 0.8003, Change: 1.6331), TF Ratio: 0.850
2026-06-15 09:50:04,189 - INFO - Epoch [3/5], Batch [151/300], Loss: 1.0834 (Overall: 0.6520, Change: 1.2865), TF Ratio: 0.850
2026-06-15 09:50:04,345 - INFO - Epoch [3/5], Batch [152/300], Loss: 1.0832 (Overall: 0.6320, Change: 1.4733), TF Ratio: 0.850
2026-06-15 09:50:04,502 - INFO - Epoch [3/5], Batch [153/300], Loss: 1.0826 (Overall: 0.6258, Change: 1.3457), TF Ratio: 0.849
2026-06-15 09:50:04,658 - INFO - Epoch [3/5], Batch [154/300], Loss: 1.0829 (Overall: 1.0436, Change: 1.2001), TF Ratio: 0.849
2026-06-15 09:50:04,812 - INFO - Epoch [3/5], Batch [155/300], Loss: 1.0829 (Overall: 0.7088, Change: 1.4688), TF Ratio: 0.849
2026-06-15 09:50:04,972 - INFO - Epoch [3/5], Batch [156/300], Loss: 1.0837 (Overall: 1.0422, Change: 1.3882), TF Ratio: 0.849
2026-06-15 09:50:05,128 - INFO - Epoch [3/5], Batch [157/300], Loss: 1.0833 (Overall: 0.6006, Change: 1.4143), TF Ratio: 0.849
2026-06-15 09:50:05,282 - INFO - Epoch [3/5], Batch [158/300], Loss: 1.0826 (Overall: 0.9704, Change: 0.9859), TF Ratio: 0.848
2026-06-15 09:50:05,437 - INFO - Epoch [3/5], Batch [159/300], Loss: 1.0822 (Overall: 0.6141, Change: 1.4271), TF Ratio: 0.848
2026-06-15 09:50:05,778 - INFO - Epoch [3/5], Batch [160/300], Loss: 1.0866 (Overall: 0.7335, Change: 2.8406), TF Ratio: 0.848
2026-06-15 09:50:05,932 - INFO - Epoch [3/5], Batch [161/300], Loss: 1.0872 (Overall: 0.7083, Change: 1.6587), TF Ratio: 0.848
2026-06-15 09:50:22,198 - INFO - Epoch [3/5], Batch [162/300], Loss: 1.0863 (Overall: 0.7432, Change: 1.1515), TF Ratio: 0.848
2026-06-15 09:50:22,353 - INFO - Epoch [3/5], Batch [163/300], Loss: 1.0874 (Overall: 1.0237, Change: 1.4823), TF Ratio: 0.847
2026-06-15 09:50:22,512 - INFO - Epoch [3/5], Batch [164/300], Loss: 1.0885 (Overall: 0.8285, Change: 1.7160), TF Ratio: 0.847
2026-06-15 09:50:22,669 - INFO - Epoch [3/5], Batch [165/300], Loss: 1.0887 (Overall: 0.7098, Change: 1.5255), TF Ratio: 0.847
2026-06-15 09:50:22,824 - INFO - Epoch [3/5], Batch [166/300], Loss: 1.0882 (Overall: 0.6273, Change: 1.3905), TF Ratio: 0.847
2026-06-15 09:50:22,977 - INFO - Epoch [3/5], Batch [167/300], Loss: 1.0905 (Overall: 1.2280, Change: 1.7235), TF Ratio: 0.847
2026-06-15 09:50:23,144 - INFO - Epoch [3/5], Batch [168/300], Loss: 1.0903 (Overall: 0.6416, Change: 1.4841), TF Ratio: 0.846
2026-06-15 09:50:23,299 - INFO - Epoch [3/5], Batch [169/300], Loss: 1.0905 (Overall: 0.9118, Change: 1.3032), TF Ratio: 0.846
2026-06-15 09:50:23,455 - INFO - Epoch [3/5], Batch [170/300], Loss: 1.0900 (Overall: 0.6853, Change: 1.3472), TF Ratio: 0.846
2026-06-15 09:50:23,610 - INFO - Epoch [3/5], Batch [171/300], Loss: 1.0910 (Overall: 1.1454, Change: 1.3551), TF Ratio: 0.846
2026-06-15 09:50:23,787 - INFO - Epoch [3/5], Batch [172/300], Loss: 1.0915 (Overall: 0.8436, Change: 1.5127), TF Ratio: 0.846
2026-06-15 09:50:23,943 - INFO - Epoch [3/5], Batch [173/300], Loss: 1.0919 (Overall: 0.7597, Change: 1.5814), TF Ratio: 0.845
2026-06-15 09:50:24,097 - INFO - Epoch [3/5], Batch [174/300], Loss: 1.0915 (Overall: 0.7374, Change: 1.3169), TF Ratio: 0.845
2026-06-15 09:50:24,253 - INFO - Epoch [3/5], Batch [175/300], Loss: 1.0919 (Overall: 0.6906, Change: 1.6276), TF Ratio: 0.845
2026-06-15 09:50:24,422 - INFO - Epoch [3/5], Batch [176/300], Loss: 1.0904 (Overall: 0.5939, Change: 1.0361), TF Ratio: 0.845
2026-06-15 09:50:24,577 - INFO - Epoch [3/5], Batch [177/300], Loss: 1.0885 (Overall: 0.5463, Change: 0.9794), TF Ratio: 0.845
2026-06-15 09:50:24,731 - INFO - Epoch [3/5], Batch [178/300], Loss: 1.0891 (Overall: 0.7170, Change: 1.6837), TF Ratio: 0.844
2026-06-15 09:50:24,884 - INFO - Epoch [3/5], Batch [179/300], Loss: 1.0890 (Overall: 0.5693, Change: 1.5774), TF Ratio: 0.844
2026-06-15 09:50:25,050 - INFO - Epoch [3/5], Batch [180/300], Loss: 1.0887 (Overall: 0.8068, Change: 1.2632), TF Ratio: 0.844
2026-06-15 09:50:25,206 - INFO - Epoch [3/5], Batch [181/300], Loss: 1.0891 (Overall: 0.7907, Change: 1.4978), TF Ratio: 0.844
2026-06-15 09:50:40,374 - INFO - Epoch [3/5], Batch [182/300], Loss: 1.0893 (Overall: 0.7605, Change: 1.5221), TF Ratio: 0.844
2026-06-15 09:50:40,530 - INFO - Epoch [3/5], Batch [183/300], Loss: 1.0880 (Overall: 0.6903, Change: 1.0153), TF Ratio: 0.843
2026-06-15 09:50:40,688 - INFO - Epoch [3/5], Batch [184/300], Loss: 1.0873 (Overall: 0.8133, Change: 1.0760), TF Ratio: 0.843
2026-06-15 09:50:40,843 - INFO - Epoch [3/5], Batch [185/300], Loss: 1.0875 (Overall: 0.7273, Change: 1.5344), TF Ratio: 0.843
2026-06-15 09:50:41,000 - INFO - Epoch [3/5], Batch [186/300], Loss: 1.0880 (Overall: 0.9130, Change: 1.4376), TF Ratio: 0.843
2026-06-15 09:50:41,155 - INFO - Epoch [3/5], Batch [187/300], Loss: 1.0882 (Overall: 0.8565, Change: 1.3966), TF Ratio: 0.843
2026-06-15 09:50:41,322 - INFO - Epoch [3/5], Batch [188/300], Loss: 1.0887 (Overall: 0.9276, Change: 1.4607), TF Ratio: 0.842
2026-06-15 09:50:41,477 - INFO - Epoch [3/5], Batch [189/300], Loss: 1.0882 (Overall: 0.4685, Change: 1.5173), TF Ratio: 0.842
2026-06-15 09:50:41,631 - INFO - Epoch [3/5], Batch [190/300], Loss: 1.0886 (Overall: 0.9514, Change: 1.3508), TF Ratio: 0.842
2026-06-15 09:50:41,786 - INFO - Epoch [3/5], Batch [191/300], Loss: 1.0881 (Overall: 0.6699, Change: 1.3318), TF Ratio: 0.842
2026-06-15 09:50:41,955 - INFO - Epoch [3/5], Batch [192/300], Loss: 1.0879 (Overall: 0.7288, Change: 1.3533), TF Ratio: 0.842
2026-06-15 09:50:42,111 - INFO - Epoch [3/5], Batch [193/300], Loss: 1.0874 (Overall: 0.9247, Change: 1.0771), TF Ratio: 0.841
2026-06-15 09:50:42,266 - INFO - Epoch [3/5], Batch [194/300], Loss: 1.0876 (Overall: 0.8946, Change: 1.3628), TF Ratio: 0.841
2026-06-15 09:50:42,420 - INFO - Epoch [3/5], Batch [195/300], Loss: 1.0877 (Overall: 0.5911, Change: 1.6312), TF Ratio: 0.841
2026-06-15 09:50:42,577 - INFO - Epoch [3/5], Batch [196/300], Loss: 1.0888 (Overall: 0.8438, Change: 1.7435), TF Ratio: 0.841
2026-06-15 09:50:42,733 - INFO - Epoch [3/5], Batch [197/300], Loss: 1.0879 (Overall: 0.4647, Change: 1.3472), TF Ratio: 0.841
2026-06-15 09:50:42,889 - INFO - Epoch [3/5], Batch [198/300], Loss: 1.0885 (Overall: 0.9376, Change: 1.4739), TF Ratio: 0.840
2026-06-15 09:50:43,044 - INFO - Epoch [3/5], Batch [199/300], Loss: 1.0878 (Overall: 0.5707, Change: 1.3492), TF Ratio: 0.840
2026-06-15 09:50:43,200 - INFO - Epoch [3/5], Batch [200/300], Loss: 1.0870 (Overall: 0.5347, Change: 1.2981), TF Ratio: 0.840
2026-06-15 09:50:43,356 - INFO - Epoch [3/5], Batch [201/300], Loss: 1.0870 (Overall: 0.6857, Change: 1.5058), TF Ratio: 0.840
2026-06-15 09:50:56,884 - INFO - Epoch [3/5], Batch [202/300], Loss: 1.0885 (Overall: 0.8612, Change: 1.9240), TF Ratio: 0.840
2026-06-15 09:50:57,040 - INFO - Epoch [3/5], Batch [203/300], Loss: 1.0885 (Overall: 0.7270, Change: 1.4598), TF Ratio: 0.839
2026-06-15 09:50:57,195 - INFO - Epoch [3/5], Batch [204/300], Loss: 1.0864 (Overall: 0.4943, Change: 0.8195), TF Ratio: 0.839
2026-06-15 09:50:57,350 - INFO - Epoch [3/5], Batch [205/300], Loss: 1.0857 (Overall: 0.6916, Change: 1.1891), TF Ratio: 0.839
2026-06-15 09:50:57,505 - INFO - Epoch [3/5], Batch [206/300], Loss: 1.0867 (Overall: 0.9591, Change: 1.6170), TF Ratio: 0.839
2026-06-15 09:50:57,661 - INFO - Epoch [3/5], Batch [207/300], Loss: 1.0869 (Overall: 0.7726, Change: 1.5056), TF Ratio: 0.839
2026-06-15 09:50:57,843 - INFO - Epoch [3/5], Batch [208/300], Loss: 1.0876 (Overall: 0.7481, Change: 1.7113), TF Ratio: 0.838
2026-06-15 09:50:57,998 - INFO - Epoch [3/5], Batch [209/300], Loss: 1.0875 (Overall: 0.7713, Change: 1.3542), TF Ratio: 0.838
2026-06-15 09:50:58,152 - INFO - Epoch [3/5], Batch [210/300], Loss: 1.0866 (Overall: 0.5481, Change: 1.2463), TF Ratio: 0.838
2026-06-15 09:50:58,307 - INFO - Epoch [3/5], Batch [211/300], Loss: 1.0865 (Overall: 0.7197, Change: 1.4119), TF Ratio: 0.838
2026-06-15 09:50:58,466 - INFO - Epoch [3/5], Batch [212/300], Loss: 1.0867 (Overall: 0.8693, Change: 1.3635), TF Ratio: 0.838
2026-06-15 09:50:58,622 - INFO - Epoch [3/5], Batch [213/300], Loss: 1.0869 (Overall: 0.8356, Change: 1.4414), TF Ratio: 0.837
2026-06-15 09:50:58,778 - INFO - Epoch [3/5], Batch [214/300], Loss: 1.0860 (Overall: 0.5330, Change: 1.2428), TF Ratio: 0.837
2026-06-15 09:50:58,931 - INFO - Epoch [3/5], Batch [215/300], Loss: 1.0854 (Overall: 0.7346, Change: 1.1966), TF Ratio: 0.837
2026-06-15 09:50:59,087 - INFO - Epoch [3/5], Batch [216/300], Loss: 1.0844 (Overall: 0.7188, Change: 1.0320), TF Ratio: 0.837
2026-06-15 09:50:59,244 - INFO - Epoch [3/5], Batch [217/300], Loss: 1.0834 (Overall: 0.6448, Change: 1.0719), TF Ratio: 0.837
2026-06-15 09:50:59,399 - INFO - Epoch [3/5], Batch [218/300], Loss: 1.0820 (Overall: 0.5745, Change: 1.0022), TF Ratio: 0.836
2026-06-15 09:50:59,552 - INFO - Epoch [3/5], Batch [219/300], Loss: 1.0819 (Overall: 0.6287, Change: 1.4706), TF Ratio: 0.836
2026-06-15 09:50:59,711 - INFO - Epoch [3/5], Batch [220/300], Loss: 1.0827 (Overall: 0.9488, Change: 1.5898), TF Ratio: 0.836
2026-06-15 09:50:59,867 - INFO - Epoch [3/5], Batch [221/300], Loss: 1.0827 (Overall: 0.7484, Change: 1.3780), TF Ratio: 0.836
2026-06-15 09:51:15,082 - INFO - Epoch [3/5], Batch [222/300], Loss: 1.0833 (Overall: 1.0002, Change: 1.4629), TF Ratio: 0.836
2026-06-15 09:51:15,237 - INFO - Epoch [3/5], Batch [223/300], Loss: 1.0835 (Overall: 0.6934, Change: 1.5507), TF Ratio: 0.835
2026-06-15 09:51:15,393 - INFO - Epoch [3/5], Batch [224/300], Loss: 1.0827 (Overall: 0.7287, Change: 1.0875), TF Ratio: 0.835
2026-06-15 09:51:15,548 - INFO - Epoch [3/5], Batch [225/300], Loss: 1.0822 (Overall: 0.5744, Change: 1.3443), TF Ratio: 0.835
2026-06-15 09:51:15,703 - INFO - Epoch [3/5], Batch [226/300], Loss: 1.0830 (Overall: 0.9154, Change: 1.6383), TF Ratio: 0.835
2026-06-15 09:51:15,859 - INFO - Epoch [3/5], Batch [227/300], Loss: 1.0835 (Overall: 0.8070, Change: 1.5855), TF Ratio: 0.835
2026-06-15 09:51:16,021 - INFO - Epoch [3/5], Batch [228/300], Loss: 1.0840 (Overall: 0.7425, Change: 1.6337), TF Ratio: 0.834
2026-06-15 09:51:16,178 - INFO - Epoch [3/5], Batch [229/300], Loss: 1.0850 (Overall: 0.9481, Change: 1.6805), TF Ratio: 0.834
2026-06-15 09:51:16,334 - INFO - Epoch [3/5], Batch [230/300], Loss: 1.0852 (Overall: 0.9309, Change: 1.3274), TF Ratio: 0.834
2026-06-15 09:51:16,489 - INFO - Epoch [3/5], Batch [231/300], Loss: 1.0846 (Overall: 0.5458, Change: 1.3614), TF Ratio: 0.834
2026-06-15 09:51:16,655 - INFO - Epoch [3/5], Batch [232/300], Loss: 1.0833 (Overall: 0.4960, Change: 1.0697), TF Ratio: 0.834
2026-06-15 09:51:16,810 - INFO - Epoch [3/5], Batch [233/300], Loss: 1.0830 (Overall: 0.6473, Change: 1.3729), TF Ratio: 0.833
2026-06-15 09:51:16,964 - INFO - Epoch [3/5], Batch [234/300], Loss: 1.0829 (Overall: 0.6817, Change: 1.4235), TF Ratio: 0.833
2026-06-15 09:51:17,118 - INFO - Epoch [3/5], Batch [235/300], Loss: 1.0848 (Overall: 1.1107, Change: 1.9534), TF Ratio: 0.833
2026-06-15 09:51:17,276 - INFO - Epoch [3/5], Batch [236/300], Loss: 1.0845 (Overall: 0.6220, Change: 1.4057), TF Ratio: 0.833
2026-06-15 09:51:17,431 - INFO - Epoch [3/5], Batch [237/300], Loss: 1.0848 (Overall: 0.6194, Change: 1.7149), TF Ratio: 0.833
2026-06-15 09:51:17,586 - INFO - Epoch [3/5], Batch [238/300], Loss: 1.0852 (Overall: 0.6920, Change: 1.6350), TF Ratio: 0.832
2026-06-15 09:51:17,741 - INFO - Epoch [3/5], Batch [239/300], Loss: 1.0841 (Overall: 0.8338, Change: 0.8072), TF Ratio: 0.832
2026-06-15 09:51:17,899 - INFO - Epoch [3/5], Batch [240/300], Loss: 1.0837 (Overall: 0.6689, Change: 1.3117), TF Ratio: 0.832
2026-06-15 09:51:18,055 - INFO - Epoch [3/5], Batch [241/300], Loss: 1.0846 (Overall: 0.7988, Change: 1.8231), TF Ratio: 0.832
