2026-06-15 00:21:55,999 - INFO - Recurrent UNet Model Successfully Configured and Initialized.
2026-06-15 00:21:56,002 - INFO - Starting from scratch (no valid checkpoint provided).
2026-06-15 00:21:56,784 - INFO - Train: 4480000 samples, Val: 640000 samples
2026-06-15 00:21:56,787 - INFO - Starting training from epoch 1
2026-06-15 00:22:07,331 - INFO - Epoch [1/5], Batch [1/300], Loss: 2.0778 (Overall: 2.0308, Change: 2.1248), TF Ratio: 1.000
2026-06-15 00:22:07,503 - INFO - Epoch [1/5], Batch [2/300], Loss: 2.0488 (Overall: 1.9308, Change: 2.1085), TF Ratio: 1.000
2026-06-15 00:22:07,667 - INFO - Epoch [1/5], Batch [3/300], Loss: 2.0707 (Overall: 2.0376, Change: 2.1918), TF Ratio: 0.999
2026-06-15 00:22:07,919 - INFO - Epoch [1/5], Batch [4/300], Loss: 2.0712 (Overall: 1.9186, Change: 2.2264), TF Ratio: 0.999
2026-06-15 00:22:08,088 - INFO - Epoch [1/5], Batch [5/300], Loss: 2.0243 (Overall: 1.6912, Change: 1.9826), TF Ratio: 0.999
2026-06-15 00:22:08,277 - INFO - Epoch [1/5], Batch [6/300], Loss: 1.9870 (Overall: 1.5730, Change: 2.0284), TF Ratio: 0.999
2026-06-15 00:22:08,452 - INFO - Epoch [1/5], Batch [7/300], Loss: 1.9474 (Overall: 1.5854, Change: 1.8338), TF Ratio: 0.999
2026-06-15 00:22:08,654 - INFO - Epoch [1/5], Batch [8/300], Loss: 1.9325 (Overall: 1.7796, Change: 1.8772), TF Ratio: 0.998
2026-06-15 00:22:08,810 - INFO - Epoch [1/5], Batch [9/300], Loss: 1.9338 (Overall: 1.7877, Change: 2.1007), TF Ratio: 0.998
2026-06-15 00:22:08,987 - INFO - Epoch [1/5], Batch [10/300], Loss: 1.9044 (Overall: 1.4524, Change: 1.8267), TF Ratio: 0.998
2026-06-15 00:22:09,162 - INFO - Epoch [1/5], Batch [11/300], Loss: 1.8762 (Overall: 1.4505, Change: 1.7385), TF Ratio: 0.998
2026-06-15 00:22:09,314 - INFO - Epoch [1/5], Batch [12/300], Loss: 1.8601 (Overall: 1.5337, Change: 1.8315), TF Ratio: 0.998
2026-06-15 00:22:09,464 - INFO - Epoch [1/5], Batch [13/300], Loss: 1.8373 (Overall: 1.3927, Change: 1.7358), TF Ratio: 0.997
2026-06-15 00:22:09,615 - INFO - Epoch [1/5], Batch [14/300], Loss: 1.7639 (Overall: 1.6182, Change: 0.0000), TF Ratio: 0.997
2026-06-15 00:22:09,766 - INFO - Epoch [1/5], Batch [15/300], Loss: 1.7713 (Overall: 1.7460, Change: 2.0055), TF Ratio: 0.997
2026-06-15 00:22:09,918 - INFO - Epoch [1/5], Batch [16/300], Loss: 1.7657 (Overall: 1.4260, Change: 1.9365), TF Ratio: 0.997
2026-06-15 00:22:10,067 - INFO - Epoch [1/5], Batch [17/300], Loss: 1.7575 (Overall: 1.2582, Change: 1.9924), TF Ratio: 0.997
2026-06-15 00:22:10,227 - INFO - Epoch [1/5], Batch [18/300], Loss: 1.7450 (Overall: 1.2119, Change: 1.8560), TF Ratio: 0.996
2026-06-15 00:22:10,378 - INFO - Epoch [1/5], Batch [19/300], Loss: 1.7422 (Overall: 1.3890, Change: 1.9922), TF Ratio: 0.996
2026-06-15 00:22:10,529 - INFO - Epoch [1/5], Batch [20/300], Loss: 1.7311 (Overall: 1.2368, Change: 1.8040), TF Ratio: 0.996
2026-06-15 00:22:10,679 - INFO - Epoch [1/5], Batch [21/300], Loss: 1.7279 (Overall: 1.2557, Change: 2.0728), TF Ratio: 0.996
2026-06-15 00:22:10,836 - INFO - Epoch [1/5], Batch [22/300], Loss: 1.7197 (Overall: 1.3796, Change: 1.7132), TF Ratio: 0.996
2026-06-15 00:22:10,987 - INFO - Epoch [1/5], Batch [23/300], Loss: 1.7306 (Overall: 1.6490, Change: 2.2954), TF Ratio: 0.995
2026-06-15 00:22:11,138 - INFO - Epoch [1/5], Batch [24/300], Loss: 1.7364 (Overall: 1.6689, Change: 2.0674), TF Ratio: 0.995
2026-06-15 00:22:11,288 - INFO - Epoch [1/5], Batch [25/300], Loss: 1.7311 (Overall: 1.3691, Change: 1.8382), TF Ratio: 0.995
2026-06-15 00:22:11,438 - INFO - Epoch [1/5], Batch [26/300], Loss: 1.7242 (Overall: 1.2865, Change: 1.8189), TF Ratio: 0.995
2026-06-15 00:22:11,588 - INFO - Epoch [1/5], Batch [27/300], Loss: 1.7312 (Overall: 1.7820, Change: 2.0473), TF Ratio: 0.995
2026-06-15 00:22:11,739 - INFO - Epoch [1/5], Batch [28/300], Loss: 1.7187 (Overall: 1.1302, Change: 1.6304), TF Ratio: 0.994
2026-06-15 00:22:11,891 - INFO - Epoch [1/5], Batch [29/300], Loss: 1.7088 (Overall: 1.2116, Change: 1.6509), TF Ratio: 0.994
2026-06-15 00:22:12,041 - INFO - Epoch [1/5], Batch [30/300], Loss: 1.7068 (Overall: 1.4773, Change: 1.8220), TF Ratio: 0.994
2026-06-15 00:22:12,200 - INFO - Epoch [1/5], Batch [31/300], Loss: 1.6978 (Overall: 1.1722, Change: 1.6825), TF Ratio: 0.994
2026-06-15 00:22:12,352 - INFO - Epoch [1/5], Batch [32/300], Loss: 1.6840 (Overall: 1.1490, Change: 1.3639), TF Ratio: 0.994
2026-06-15 00:22:12,502 - INFO - Epoch [1/5], Batch [33/300], Loss: 1.6823 (Overall: 1.4144, Change: 1.8384), TF Ratio: 0.993
2026-06-15 00:22:12,653 - INFO - Epoch [1/5], Batch [34/300], Loss: 1.6754 (Overall: 1.1399, Change: 1.7571), TF Ratio: 0.993
2026-06-15 00:22:12,803 - INFO - Epoch [1/5], Batch [35/300], Loss: 1.6674 (Overall: 1.2247, Change: 1.5672), TF Ratio: 0.993
2026-06-15 00:22:12,954 - INFO - Epoch [1/5], Batch [36/300], Loss: 1.6573 (Overall: 1.1537, Change: 1.4544), TF Ratio: 0.993
2026-06-15 00:22:13,738 - INFO - Epoch [1/5], Batch [37/300], Loss: 1.6520 (Overall: 1.1918, Change: 1.7256), TF Ratio: 0.993
2026-06-15 00:22:13,889 - INFO - Epoch [1/5], Batch [38/300], Loss: 1.6482 (Overall: 1.0938, Change: 1.9212), TF Ratio: 0.992
2026-06-15 00:22:14,040 - INFO - Epoch [1/5], Batch [39/300], Loss: 1.6522 (Overall: 1.5168, Change: 2.0938), TF Ratio: 0.992
2026-06-15 00:22:14,193 - INFO - Epoch [1/5], Batch [40/300], Loss: 1.6471 (Overall: 1.0345, Change: 1.8616), TF Ratio: 0.992
2026-06-15 00:22:14,342 - INFO - Epoch [1/5], Batch [41/300], Loss: 1.6425 (Overall: 1.2270, Change: 1.6881), TF Ratio: 0.992
2026-06-15 00:22:14,493 - INFO - Epoch [1/5], Batch [42/300], Loss: 1.6412 (Overall: 1.2822, Change: 1.8969), TF Ratio: 0.992
2026-06-15 00:22:14,644 - INFO - Epoch [1/5], Batch [43/300], Loss: 1.6372 (Overall: 1.2783, Change: 1.6583), TF Ratio: 0.991
2026-06-15 00:22:14,795 - INFO - Epoch [1/5], Batch [44/300], Loss: 1.6357 (Overall: 1.4661, Change: 1.6759), TF Ratio: 0.991
2026-06-15 00:22:15,052 - INFO - Epoch [1/5], Batch [45/300], Loss: 1.6290 (Overall: 1.1103, Change: 1.5594), TF Ratio: 0.991
2026-06-15 00:22:15,202 - INFO - Epoch [1/5], Batch [46/300], Loss: 1.6260 (Overall: 1.1856, Change: 1.7993), TF Ratio: 0.991
2026-06-15 00:22:15,352 - INFO - Epoch [1/5], Batch [47/300], Loss: 1.6246 (Overall: 1.5303, Change: 1.5873), TF Ratio: 0.991
2026-06-15 00:22:15,503 - INFO - Epoch [1/5], Batch [48/300], Loss: 1.6215 (Overall: 1.1425, Change: 1.8114), TF Ratio: 0.990
2026-06-15 00:22:15,653 - INFO - Epoch [1/5], Batch [49/300], Loss: 1.6155 (Overall: 1.2099, Change: 1.4478), TF Ratio: 0.990
2026-06-15 00:22:15,804 - INFO - Epoch [1/5], Batch [50/300], Loss: 1.6095 (Overall: 1.3269, Change: 1.2974), TF Ratio: 0.990
2026-06-15 00:22:15,954 - INFO - Epoch [1/5], Batch [51/300], Loss: 1.6082 (Overall: 1.3130, Change: 1.7782), TF Ratio: 0.990
2026-06-15 00:22:16,106 - INFO - Epoch [1/5], Batch [52/300], Loss: 1.6053 (Overall: 1.1957, Change: 1.7195), TF Ratio: 0.990
2026-06-15 00:22:16,256 - INFO - Epoch [1/5], Batch [53/300], Loss: 1.6024 (Overall: 1.2290, Change: 1.6704), TF Ratio: 0.989
2026-06-15 00:22:16,406 - INFO - Epoch [1/5], Batch [54/300], Loss: 1.5989 (Overall: 0.9987, Change: 1.8303), TF Ratio: 0.989
2026-06-15 00:22:16,557 - INFO - Epoch [1/5], Batch [55/300], Loss: 1.5979 (Overall: 1.2357, Change: 1.8497), TF Ratio: 0.989
2026-06-15 00:22:16,722 - INFO - Epoch [1/5], Batch [56/300], Loss: 1.5950 (Overall: 1.1282, Change: 1.7434), TF Ratio: 0.989
2026-06-15 00:22:16,872 - INFO - Epoch [1/5], Batch [57/300], Loss: 1.5836 (Overall: 1.0702, Change: 0.8245), TF Ratio: 0.989
2026-06-15 00:22:17,024 - INFO - Epoch [1/5], Batch [58/300], Loss: 1.5785 (Overall: 1.1183, Change: 1.4545), TF Ratio: 0.988
2026-06-15 00:22:17,182 - INFO - Epoch [1/5], Batch [59/300], Loss: 1.5735 (Overall: 1.0552, Change: 1.5071), TF Ratio: 0.988
2026-06-15 00:22:17,333 - INFO - Epoch [1/5], Batch [60/300], Loss: 1.5729 (Overall: 1.3438, Change: 1.7378), TF Ratio: 0.988
2026-06-15 00:22:17,483 - INFO - Epoch [1/5], Batch [61/300], Loss: 1.5717 (Overall: 1.2178, Change: 1.7805), TF Ratio: 0.988
2026-06-15 00:22:17,634 - INFO - Epoch [1/5], Batch [62/300], Loss: 1.5690 (Overall: 1.1259, Change: 1.6758), TF Ratio: 0.988
2026-06-15 00:22:17,785 - INFO - Epoch [1/5], Batch [63/300], Loss: 1.5732 (Overall: 1.9013, Change: 1.7751), TF Ratio: 0.987
2026-06-15 00:22:17,936 - INFO - Epoch [1/5], Batch [64/300], Loss: 1.5737 (Overall: 1.3250, Change: 1.8811), TF Ratio: 0.987
2026-06-15 00:22:18,085 - INFO - Epoch [1/5], Batch [65/300], Loss: 1.5698 (Overall: 1.1229, Change: 1.5179), TF Ratio: 0.987
2026-06-15 00:22:18,261 - INFO - Epoch [1/5], Batch [66/300], Loss: 1.5684 (Overall: 1.2179, Change: 1.7396), TF Ratio: 0.987
2026-06-15 00:22:18,411 - INFO - Epoch [1/5], Batch [67/300], Loss: 1.5686 (Overall: 1.4338, Change: 1.7217), TF Ratio: 0.987
2026-06-15 00:22:18,563 - INFO - Epoch [1/5], Batch [68/300], Loss: 1.5662 (Overall: 1.0290, Change: 1.7822), TF Ratio: 0.986
2026-06-15 00:22:18,713 - INFO - Epoch [1/5], Batch [69/300], Loss: 1.5655 (Overall: 1.3052, Change: 1.7322), TF Ratio: 0.986
2026-06-15 00:22:18,863 - INFO - Epoch [1/5], Batch [70/300], Loss: 1.5617 (Overall: 1.1234, Change: 1.4739), TF Ratio: 0.986
2026-06-15 00:22:19,013 - INFO - Epoch [1/5], Batch [71/300], Loss: 1.5602 (Overall: 1.1746, Change: 1.7433), TF Ratio: 0.986
2026-06-15 00:22:19,166 - INFO - Epoch [1/5], Batch [72/300], Loss: 1.5588 (Overall: 1.0795, Change: 1.8403), TF Ratio: 0.986
2026-06-15 00:22:19,315 - INFO - Epoch [1/5], Batch [73/300], Loss: 1.5547 (Overall: 1.1966, Change: 1.3126), TF Ratio: 0.985
2026-06-15 00:22:19,480 - INFO - Epoch [1/5], Batch [74/300], Loss: 1.5528 (Overall: 1.2773, Change: 1.5536), TF Ratio: 0.985
2026-06-15 00:22:19,629 - INFO - Epoch [1/5], Batch [75/300], Loss: 1.5557 (Overall: 1.6860, Change: 1.8562), TF Ratio: 0.985
2026-06-15 00:22:19,780 - INFO - Epoch [1/5], Batch [76/300], Loss: 1.5553 (Overall: 0.9600, Change: 2.0973), TF Ratio: 0.985
2026-06-15 00:22:19,929 - INFO - Epoch [1/5], Batch [77/300], Loss: 1.5533 (Overall: 1.0300, Change: 1.7614), TF Ratio: 0.985
2026-06-15 00:22:20,079 - INFO - Epoch [1/5], Batch [78/300], Loss: 1.5532 (Overall: 1.1607, Change: 1.9437), TF Ratio: 0.984
2026-06-15 00:22:20,228 - INFO - Epoch [1/5], Batch [79/300], Loss: 1.5476 (Overall: 0.8431, Change: 1.3776), TF Ratio: 0.984
2026-06-15 00:22:20,379 - INFO - Epoch [1/5], Batch [80/300], Loss: 1.5441 (Overall: 1.1071, Change: 1.4265), TF Ratio: 0.984
2026-06-15 00:22:20,528 - INFO - Epoch [1/5], Batch [81/300], Loss: 1.5435 (Overall: 1.0409, Change: 1.9527), TF Ratio: 0.984
2026-06-15 00:22:20,678 - INFO - Epoch [1/5], Batch [82/300], Loss: 1.5430 (Overall: 1.1059, Change: 1.8882), TF Ratio: 0.984
2026-06-15 00:22:20,828 - INFO - Epoch [1/5], Batch [83/300], Loss: 1.5433 (Overall: 1.2520, Change: 1.8826), TF Ratio: 0.983
2026-06-15 00:22:20,978 - INFO - Epoch [1/5], Batch [84/300], Loss: 1.5454 (Overall: 1.6091, Change: 1.8398), TF Ratio: 0.983
2026-06-15 00:22:21,128 - INFO - Epoch [1/5], Batch [85/300], Loss: 1.5453 (Overall: 1.4041, Change: 1.6643), TF Ratio: 0.983
2026-06-15 00:22:21,277 - INFO - Epoch [1/5], Batch [86/300], Loss: 1.5410 (Overall: 0.9589, Change: 1.3990), TF Ratio: 0.983
2026-06-15 00:22:21,427 - INFO - Epoch [1/5], Batch [87/300], Loss: 1.5437 (Overall: 1.6790, Change: 1.8673), TF Ratio: 0.983
2026-06-15 00:22:21,578 - INFO - Epoch [1/5], Batch [88/300], Loss: 1.5425 (Overall: 1.2607, Change: 1.6098), TF Ratio: 0.982
2026-06-15 00:22:21,728 - INFO - Epoch [1/5], Batch [89/300], Loss: 1.5434 (Overall: 1.0436, Change: 2.2040), TF Ratio: 0.982
2026-06-15 00:22:21,877 - INFO - Epoch [1/5], Batch [90/300], Loss: 1.5409 (Overall: 0.8166, Change: 1.8304), TF Ratio: 0.982
2026-06-15 00:22:22,027 - INFO - Epoch [1/5], Batch [91/300], Loss: 1.5387 (Overall: 1.0224, Change: 1.6483), TF Ratio: 0.982
2026-06-15 00:22:22,177 - INFO - Epoch [1/5], Batch [92/300], Loss: 1.5350 (Overall: 1.0102, Change: 1.3940), TF Ratio: 0.982
2026-06-15 00:22:22,326 - INFO - Epoch [1/5], Batch [93/300], Loss: 1.5336 (Overall: 0.9466, Change: 1.8506), TF Ratio: 0.981
2026-06-15 00:22:22,475 - INFO - Epoch [1/5], Batch [94/300], Loss: 1.5326 (Overall: 1.0397, Change: 1.8420), TF Ratio: 0.981
2026-06-15 00:22:22,624 - INFO - Epoch [1/5], Batch [95/300], Loss: 1.5302 (Overall: 1.0975, Change: 1.5095), TF Ratio: 0.981
2026-06-15 00:22:22,775 - INFO - Epoch [1/5], Batch [96/300], Loss: 1.5282 (Overall: 1.0945, Change: 1.5932), TF Ratio: 0.981
2026-06-15 00:22:22,924 - INFO - Epoch [1/5], Batch [97/300], Loss: 1.5274 (Overall: 1.2799, Change: 1.6255), TF Ratio: 0.981
2026-06-15 00:22:23,074 - INFO - Epoch [1/5], Batch [98/300], Loss: 1.5297 (Overall: 1.5792, Change: 1.9265), TF Ratio: 0.980
2026-06-15 00:22:23,223 - INFO - Epoch [1/5], Batch [99/300], Loss: 1.5307 (Overall: 1.4403, Change: 1.8144), TF Ratio: 0.980
2026-06-15 00:22:23,374 - INFO - Epoch [1/5], Batch [100/300], Loss: 1.5278 (Overall: 0.9406, Change: 1.5280), TF Ratio: 0.980
2026-06-15 00:22:23,523 - INFO - Epoch [1/5], Batch [101/300], Loss: 1.5247 (Overall: 1.0164, Change: 1.4289), TF Ratio: 0.980
2026-06-15 00:22:23,673 - INFO - Epoch [1/5], Batch [102/300], Loss: 1.5234 (Overall: 0.8612, Change: 1.9185), TF Ratio: 0.980
2026-06-15 00:22:23,828 - INFO - Epoch [1/5], Batch [103/300], Loss: 1.5230 (Overall: 1.3293, Change: 1.6249), TF Ratio: 0.979
2026-06-15 00:22:23,980 - INFO - Epoch [1/5], Batch [104/300], Loss: 1.5246 (Overall: 1.6213, Change: 1.7603), TF Ratio: 0.979
2026-06-15 00:22:24,130 - INFO - Epoch [1/5], Batch [105/300], Loss: 1.5222 (Overall: 0.9045, Change: 1.6441), TF Ratio: 0.979
2026-06-15 00:22:24,280 - INFO - Epoch [1/5], Batch [106/300], Loss: 1.5217 (Overall: 1.0960, Change: 1.8472), TF Ratio: 0.979
2026-06-15 00:22:24,430 - INFO - Epoch [1/5], Batch [107/300], Loss: 1.5212 (Overall: 1.1425, Change: 1.7964), TF Ratio: 0.979
2026-06-15 00:22:24,581 - INFO - Epoch [1/5], Batch [108/300], Loss: 1.5175 (Overall: 1.0240, Change: 1.2226), TF Ratio: 0.978
2026-06-15 00:22:24,737 - INFO - Epoch [1/5], Batch [109/300], Loss: 1.5187 (Overall: 1.5047, Change: 1.7897), TF Ratio: 0.978
2026-06-15 00:22:24,887 - INFO - Epoch [1/5], Batch [110/300], Loss: 1.5201 (Overall: 1.5647, Change: 1.7672), TF Ratio: 0.978
2026-06-15 00:22:27,425 - INFO - Epoch [1/5], Batch [111/300], Loss: 1.5199 (Overall: 1.3178, Change: 1.6733), TF Ratio: 0.978
2026-06-15 00:22:27,576 - INFO - Epoch [1/5], Batch [112/300], Loss: 1.5192 (Overall: 1.2397, Change: 1.6543), TF Ratio: 0.978
2026-06-15 00:22:27,726 - INFO - Epoch [1/5], Batch [113/300], Loss: 1.5208 (Overall: 1.9049, Change: 1.4989), TF Ratio: 0.977
2026-06-15 00:22:27,877 - INFO - Epoch [1/5], Batch [114/300], Loss: 1.5209 (Overall: 1.0652, Change: 1.9950), TF Ratio: 0.977
2026-06-15 00:22:28,030 - INFO - Epoch [1/5], Batch [115/300], Loss: 1.5209 (Overall: 1.3288, Change: 1.7015), TF Ratio: 0.977
2026-06-15 00:22:28,182 - INFO - Epoch [1/5], Batch [116/300], Loss: 1.5208 (Overall: 1.2062, Change: 1.8264), TF Ratio: 0.977
2026-06-15 00:22:28,332 - INFO - Epoch [1/5], Batch [117/300], Loss: 1.5187 (Overall: 0.8214, Change: 1.7222), TF Ratio: 0.977
2026-06-15 00:22:28,483 - INFO - Epoch [1/5], Batch [118/300], Loss: 1.5173 (Overall: 1.0937, Change: 1.6055), TF Ratio: 0.976
2026-06-15 00:22:28,635 - INFO - Epoch [1/5], Batch [119/300], Loss: 1.5148 (Overall: 1.1722, Change: 1.2672), TF Ratio: 0.976
2026-06-15 00:22:28,787 - INFO - Epoch [1/5], Batch [120/300], Loss: 1.5120 (Overall: 1.0819, Change: 1.2935), TF Ratio: 0.976
2026-06-15 00:22:28,937 - INFO - Epoch [1/5], Batch [121/300], Loss: 1.5111 (Overall: 0.9699, Change: 1.8275), TF Ratio: 0.976
2026-06-15 00:22:29,088 - INFO - Epoch [1/5], Batch [122/300], Loss: 1.5093 (Overall: 0.9045, Change: 1.6746), TF Ratio: 0.976
2026-06-15 00:22:29,239 - INFO - Epoch [1/5], Batch [123/300], Loss: 1.5085 (Overall: 1.2084, Change: 1.6288), TF Ratio: 0.975
2026-06-15 00:22:29,393 - INFO - Epoch [1/5], Batch [124/300], Loss: 1.5067 (Overall: 0.9006, Change: 1.6732), TF Ratio: 0.975
2026-06-15 00:22:29,551 - INFO - Epoch [1/5], Batch [125/300], Loss: 1.5043 (Overall: 0.8962, Change: 1.5125), TF Ratio: 0.975
2026-06-15 00:22:29,702 - INFO - Epoch [1/5], Batch [126/300], Loss: 1.5027 (Overall: 0.9323, Change: 1.6630), TF Ratio: 0.975
2026-06-15 00:22:29,863 - INFO - Epoch [1/5], Batch [127/300], Loss: 1.5023 (Overall: 1.1336, Change: 1.7676), TF Ratio: 0.975
2026-06-15 00:22:30,016 - INFO - Epoch [1/5], Batch [128/300], Loss: 1.5010 (Overall: 1.1458, Change: 1.5234), TF Ratio: 0.974
2026-06-15 00:22:30,167 - INFO - Epoch [1/5], Batch [129/300], Loss: 1.4987 (Overall: 0.9640, Change: 1.4411), TF Ratio: 0.974
2026-06-15 00:22:30,325 - INFO - Epoch [1/5], Batch [130/300], Loss: 1.4960 (Overall: 1.0390, Change: 1.2661), TF Ratio: 0.974
2026-06-15 00:22:30,476 - INFO - Epoch [1/5], Batch [131/300], Loss: 1.4967 (Overall: 1.3492, Change: 1.8221), TF Ratio: 0.974
2026-06-15 00:22:30,629 - INFO - Epoch [1/5], Batch [132/300], Loss: 1.4959 (Overall: 1.0109, Change: 1.7886), TF Ratio: 0.974
2026-06-15 00:22:33,008 - INFO - Epoch [1/5], Batch [133/300], Loss: 1.4957 (Overall: 1.1637, Change: 1.7763), TF Ratio: 0.973
2026-06-15 00:22:33,167 - INFO - Epoch [1/5], Batch [134/300], Loss: 1.4943 (Overall: 0.9220, Change: 1.6804), TF Ratio: 0.973
2026-06-15 00:22:33,318 - INFO - Epoch [1/5], Batch [135/300], Loss: 1.4935 (Overall: 1.0041, Change: 1.7722), TF Ratio: 0.973
2026-06-15 00:22:33,470 - INFO - Epoch [1/5], Batch [136/300], Loss: 1.4914 (Overall: 0.8677, Change: 1.5398), TF Ratio: 0.973
2026-06-15 00:22:33,621 - INFO - Epoch [1/5], Batch [137/300], Loss: 1.4906 (Overall: 0.9128, Change: 1.8490), TF Ratio: 0.973
2026-06-15 00:22:33,773 - INFO - Epoch [1/5], Batch [138/300], Loss: 1.4881 (Overall: 0.9116, Change: 1.3980), TF Ratio: 0.972
2026-06-15 00:22:33,926 - INFO - Epoch [1/5], Batch [139/300], Loss: 1.4873 (Overall: 0.9976, Change: 1.7371), TF Ratio: 0.972
2026-06-15 00:22:34,078 - INFO - Epoch [1/5], Batch [140/300], Loss: 1.4870 (Overall: 1.0979, Change: 1.7990), TF Ratio: 0.972
2026-06-15 00:22:34,228 - INFO - Epoch [1/5], Batch [141/300], Loss: 1.4881 (Overall: 1.4301, Change: 1.8515), TF Ratio: 0.972
2026-06-15 00:22:34,380 - INFO - Epoch [1/5], Batch [142/300], Loss: 1.4864 (Overall: 1.0289, Change: 1.4814), TF Ratio: 0.972
2026-06-15 00:22:34,533 - INFO - Epoch [1/5], Batch [143/300], Loss: 1.4854 (Overall: 0.9741, Change: 1.7038), TF Ratio: 0.971
2026-06-15 00:22:34,694 - INFO - Epoch [1/5], Batch [144/300], Loss: 1.4860 (Overall: 1.4942, Change: 1.6441), TF Ratio: 0.971
2026-06-15 00:22:34,849 - INFO - Epoch [1/5], Batch [145/300], Loss: 1.4856 (Overall: 1.2545, Change: 1.5939), TF Ratio: 0.971
2026-06-15 00:22:35,001 - INFO - Epoch [1/5], Batch [146/300], Loss: 1.4847 (Overall: 1.1364, Change: 1.5812), TF Ratio: 0.971
2026-06-15 00:22:35,153 - INFO - Epoch [1/5], Batch [147/300], Loss: 1.4831 (Overall: 0.8722, Change: 1.6390), TF Ratio: 0.971
2026-06-15 00:22:35,305 - INFO - Epoch [1/5], Batch [148/300], Loss: 1.4819 (Overall: 1.0066, Change: 1.5936), TF Ratio: 0.970
2026-06-15 00:22:35,456 - INFO - Epoch [1/5], Batch [149/300], Loss: 1.4811 (Overall: 1.0809, Change: 1.6331), TF Ratio: 0.970
2026-06-15 00:22:35,607 - INFO - Epoch [1/5], Batch [150/300], Loss: 1.4801 (Overall: 0.9865, Change: 1.6934), TF Ratio: 0.970
2026-06-15 00:22:35,758 - INFO - Epoch [1/5], Batch [151/300], Loss: 1.4788 (Overall: 0.8339, Change: 1.7330), TF Ratio: 0.970
2026-06-15 00:22:35,909 - INFO - Epoch [1/5], Batch [152/300], Loss: 1.4817 (Overall: 1.6178, Change: 2.2210), TF Ratio: 0.970
2026-06-15 00:22:36,944 - INFO - Epoch [1/5], Batch [153/300], Loss: 1.4796 (Overall: 0.8446, Change: 1.4630), TF Ratio: 0.969
2026-06-15 00:22:37,095 - INFO - Epoch [1/5], Batch [154/300], Loss: 1.4791 (Overall: 1.0902, Change: 1.7066), TF Ratio: 0.969
2026-06-15 00:22:37,245 - INFO - Epoch [1/5], Batch [155/300], Loss: 1.4803 (Overall: 1.5975, Change: 1.7607), TF Ratio: 0.969
2026-06-15 00:22:37,397 - INFO - Epoch [1/5], Batch [156/300], Loss: 1.4791 (Overall: 1.2269, Change: 1.3503), TF Ratio: 0.969
2026-06-15 00:22:37,549 - INFO - Epoch [1/5], Batch [157/300], Loss: 1.4767 (Overall: 1.0173, Change: 1.1813), TF Ratio: 0.969
2026-06-15 00:22:37,708 - INFO - Epoch [1/5], Batch [158/300], Loss: 1.4764 (Overall: 1.0016, Change: 1.8559), TF Ratio: 0.968
2026-06-15 00:22:37,858 - INFO - Epoch [1/5], Batch [159/300], Loss: 1.4745 (Overall: 0.9921, Change: 1.3683), TF Ratio: 0.968
2026-06-15 00:22:38,010 - INFO - Epoch [1/5], Batch [160/300], Loss: 1.4738 (Overall: 1.0086, Change: 1.6951), TF Ratio: 0.968
2026-06-15 00:22:38,161 - INFO - Epoch [1/5], Batch [161/300], Loss: 1.4735 (Overall: 1.0955, Change: 1.7537), TF Ratio: 0.968
2026-06-15 00:22:38,312 - INFO - Epoch [1/5], Batch [162/300], Loss: 1.4735 (Overall: 1.1653, Change: 1.7880), TF Ratio: 0.968
2026-06-15 00:22:38,471 - INFO - Epoch [1/5], Batch [163/300], Loss: 1.4733 (Overall: 1.0783, Change: 1.8218), TF Ratio: 0.967
2026-06-15 00:22:38,631 - INFO - Epoch [1/5], Batch [164/300], Loss: 1.4732 (Overall: 1.3144, Change: 1.5911), TF Ratio: 0.967
2026-06-15 00:22:38,781 - INFO - Epoch [1/5], Batch [165/300], Loss: 1.4712 (Overall: 0.8500, Change: 1.4489), TF Ratio: 0.967
2026-06-15 00:22:38,932 - INFO - Epoch [1/5], Batch [166/300], Loss: 1.4708 (Overall: 1.1630, Change: 1.6170), TF Ratio: 0.967
2026-06-15 00:22:39,084 - INFO - Epoch [1/5], Batch [167/300], Loss: 1.4701 (Overall: 0.9861, Change: 1.7351), TF Ratio: 0.967
2026-06-15 00:22:39,236 - INFO - Epoch [1/5], Batch [168/300], Loss: 1.4691 (Overall: 1.0680, Change: 1.5540), TF Ratio: 0.966
2026-06-15 00:22:39,387 - INFO - Epoch [1/5], Batch [169/300], Loss: 1.4711 (Overall: 1.9094, Change: 1.6987), TF Ratio: 0.966
2026-06-15 00:22:41,323 - INFO - Epoch [1/5], Batch [170/300], Loss: 1.4697 (Overall: 0.9808, Change: 1.4689), TF Ratio: 0.966
2026-06-15 00:22:41,474 - INFO - Epoch [1/5], Batch [171/300], Loss: 1.4719 (Overall: 1.7953, Change: 1.8876), TF Ratio: 0.966
2026-06-15 00:22:41,627 - INFO - Epoch [1/5], Batch [172/300], Loss: 1.4707 (Overall: 0.9605, Change: 1.5891), TF Ratio: 0.966
2026-06-15 00:22:41,788 - INFO - Epoch [1/5], Batch [173/300], Loss: 1.4697 (Overall: 0.9864, Change: 1.6202), TF Ratio: 0.965
2026-06-15 00:22:41,938 - INFO - Epoch [1/5], Batch [174/300], Loss: 1.4692 (Overall: 1.0840, Change: 1.6755), TF Ratio: 0.965
2026-06-15 00:22:42,093 - INFO - Epoch [1/5], Batch [175/300], Loss: 1.4687 (Overall: 1.1684, Change: 1.5747), TF Ratio: 0.965
2026-06-15 00:22:42,245 - INFO - Epoch [1/5], Batch [176/300], Loss: 1.4688 (Overall: 1.2041, Change: 1.7859), TF Ratio: 0.965
2026-06-15 00:22:42,394 - INFO - Epoch [1/5], Batch [177/300], Loss: 1.4675 (Overall: 1.1385, Change: 1.3489), TF Ratio: 0.965
2026-06-15 00:22:42,545 - INFO - Epoch [1/5], Batch [178/300], Loss: 1.4650 (Overall: 0.8555, Change: 1.1695), TF Ratio: 0.964
2026-06-15 00:22:42,696 - INFO - Epoch [1/5], Batch [179/300], Loss: 1.4639 (Overall: 0.9810, Change: 1.5763), TF Ratio: 0.964
2026-06-15 00:22:42,847 - INFO - Epoch [1/5], Batch [180/300], Loss: 1.4618 (Overall: 0.9261, Change: 1.2382), TF Ratio: 0.964
2026-06-15 00:22:42,998 - INFO - Epoch [1/5], Batch [181/300], Loss: 1.4621 (Overall: 1.3269, Change: 1.7045), TF Ratio: 0.964
2026-06-15 00:22:43,149 - INFO - Epoch [1/5], Batch [182/300], Loss: 1.4605 (Overall: 1.0646, Change: 1.2809), TF Ratio: 0.964
2026-06-15 00:22:43,299 - INFO - Epoch [1/5], Batch [183/300], Loss: 1.4602 (Overall: 1.1397, Change: 1.6506), TF Ratio: 0.963
2026-06-15 00:22:43,451 - INFO - Epoch [1/5], Batch [184/300], Loss: 1.4589 (Overall: 1.0241, Change: 1.4134), TF Ratio: 0.963
2026-06-15 00:22:43,611 - INFO - Epoch [1/5], Batch [185/300], Loss: 1.4591 (Overall: 1.0779, Change: 1.9429), TF Ratio: 0.963
2026-06-15 00:22:43,763 - INFO - Epoch [1/5], Batch [186/300], Loss: 1.4584 (Overall: 1.1173, Change: 1.5204), TF Ratio: 0.963
2026-06-15 00:22:43,914 - INFO - Epoch [1/5], Batch [187/300], Loss: 1.4594 (Overall: 1.3041, Change: 1.9817), TF Ratio: 0.963
2026-06-15 00:22:44,067 - INFO - Epoch [1/5], Batch [188/300], Loss: 1.4585 (Overall: 1.0293, Change: 1.5609), TF Ratio: 0.962
2026-06-15 00:22:44,219 - INFO - Epoch [1/5], Batch [189/300], Loss: 1.4581 (Overall: 0.9120, Change: 1.8530), TF Ratio: 0.962
2026-06-15 00:22:44,371 - INFO - Epoch [1/5], Batch [190/300], Loss: 1.4577 (Overall: 0.9535, Change: 1.8083), TF Ratio: 0.962
2026-06-15 00:22:44,524 - INFO - Epoch [1/5], Batch [191/300], Loss: 1.4579 (Overall: 1.2763, Change: 1.7180), TF Ratio: 0.962
2026-06-15 00:22:44,676 - INFO - Epoch [1/5], Batch [192/300], Loss: 1.4585 (Overall: 1.3828, Change: 1.7610), TF Ratio: 0.962
2026-06-15 00:22:44,826 - INFO - Epoch [1/5], Batch [193/300], Loss: 1.4583 (Overall: 0.8161, Change: 2.0097), TF Ratio: 0.961
2026-06-15 00:22:44,978 - INFO - Epoch [1/5], Batch [194/300], Loss: 1.4588 (Overall: 1.2195, Change: 1.8908), TF Ratio: 0.961
2026-06-15 00:22:45,134 - INFO - Epoch [1/5], Batch [195/300], Loss: 1.4578 (Overall: 0.9747, Change: 1.5627), TF Ratio: 0.961
2026-06-15 00:22:45,286 - INFO - Epoch [1/5], Batch [196/300], Loss: 1.4561 (Overall: 0.8046, Change: 1.4335), TF Ratio: 0.961
2026-06-15 00:22:45,436 - INFO - Epoch [1/5], Batch [197/300], Loss: 1.4574 (Overall: 1.3188, Change: 2.1074), TF Ratio: 0.961
2026-06-15 00:22:45,588 - INFO - Epoch [1/5], Batch [198/300], Loss: 1.4564 (Overall: 0.9139, Change: 1.6315), TF Ratio: 0.960
2026-06-15 00:22:45,739 - INFO - Epoch [1/5], Batch [199/300], Loss: 1.4567 (Overall: 1.3725, Change: 1.6566), TF Ratio: 0.960
2026-06-15 00:22:45,891 - INFO - Epoch [1/5], Batch [200/300], Loss: 1.4577 (Overall: 1.5545, Change: 1.7459), TF Ratio: 0.960
2026-06-15 00:22:46,041 - INFO - Epoch [1/5], Batch [201/300], Loss: 1.4568 (Overall: 1.0878, Change: 1.4707), TF Ratio: 0.960
2026-06-15 00:22:46,192 - INFO - Epoch [1/5], Batch [202/300], Loss: 1.4559 (Overall: 1.0318, Change: 1.5375), TF Ratio: 0.960
2026-06-15 00:22:46,343 - INFO - Epoch [1/5], Batch [203/300], Loss: 1.4555 (Overall: 1.0765, Change: 1.6441), TF Ratio: 0.959
2026-06-15 00:22:46,495 - INFO - Epoch [1/5], Batch [204/300], Loss: 1.4550 (Overall: 1.1252, Change: 1.5920), TF Ratio: 0.959
2026-06-15 00:22:46,644 - INFO - Epoch [1/5], Batch [205/300], Loss: 1.4540 (Overall: 0.8913, Change: 1.6249), TF Ratio: 0.959
2026-06-15 00:22:46,795 - INFO - Epoch [1/5], Batch [206/300], Loss: 1.4527 (Overall: 0.8559, Change: 1.5068), TF Ratio: 0.959
2026-06-15 00:22:46,945 - INFO - Epoch [1/5], Batch [207/300], Loss: 1.4528 (Overall: 1.2536, Change: 1.6861), TF Ratio: 0.959
2026-06-15 00:22:47,096 - INFO - Epoch [1/5], Batch [208/300], Loss: 1.4524 (Overall: 1.2897, Change: 1.4394), TF Ratio: 0.958
2026-06-15 00:22:47,245 - INFO - Epoch [1/5], Batch [209/300], Loss: 1.4517 (Overall: 1.1436, Change: 1.4726), TF Ratio: 0.958
2026-06-15 00:22:47,396 - INFO - Epoch [1/5], Batch [210/300], Loss: 1.4506 (Overall: 0.8209, Change: 1.6060), TF Ratio: 0.958
2026-06-15 00:22:47,553 - INFO - Epoch [1/5], Batch [211/300], Loss: 1.4490 (Overall: 0.8582, Change: 1.4052), TF Ratio: 0.958
2026-06-15 00:22:47,705 - INFO - Epoch [1/5], Batch [212/300], Loss: 1.4483 (Overall: 1.0533, Change: 1.5195), TF Ratio: 0.958
2026-06-15 00:22:47,855 - INFO - Epoch [1/5], Batch [213/300], Loss: 1.4482 (Overall: 1.0799, Change: 1.7673), TF Ratio: 0.957
2026-06-15 00:22:48,005 - INFO - Epoch [1/5], Batch [214/300], Loss: 1.4471 (Overall: 0.9475, Change: 1.5103), TF Ratio: 0.957
2026-06-15 00:22:48,161 - INFO - Epoch [1/5], Batch [215/300], Loss: 1.4465 (Overall: 0.9475, Change: 1.6866), TF Ratio: 0.957
2026-06-15 00:22:48,312 - INFO - Epoch [1/5], Batch [216/300], Loss: 1.4459 (Overall: 0.9787, Change: 1.6613), TF Ratio: 0.957
2026-06-15 00:22:48,464 - INFO - Epoch [1/5], Batch [217/300], Loss: 1.4448 (Overall: 0.9759, Change: 1.4256), TF Ratio: 0.957
2026-06-15 00:22:48,615 - INFO - Epoch [1/5], Batch [218/300], Loss: 1.4448 (Overall: 1.2740, Change: 1.6263), TF Ratio: 0.956
2026-06-15 00:22:48,766 - INFO - Epoch [1/5], Batch [219/300], Loss: 1.4448 (Overall: 1.1307, Change: 1.7248), TF Ratio: 0.956
2026-06-15 00:22:48,919 - INFO - Epoch [1/5], Batch [220/300], Loss: 1.4446 (Overall: 1.1783, Change: 1.6373), TF Ratio: 0.956
2026-06-15 00:22:49,075 - INFO - Epoch [1/5], Batch [221/300], Loss: 1.4456 (Overall: 0.9813, Change: 2.3432), TF Ratio: 0.956
2026-06-15 00:22:49,237 - INFO - Epoch [1/5], Batch [222/300], Loss: 1.4452 (Overall: 1.0200, Change: 1.7124), TF Ratio: 0.956
2026-06-15 00:22:49,390 - INFO - Epoch [1/5], Batch [223/300], Loss: 1.4446 (Overall: 1.0527, Change: 1.5416), TF Ratio: 0.955
2026-06-15 00:22:49,543 - INFO - Epoch [1/5], Batch [224/300], Loss: 1.4434 (Overall: 1.1689, Change: 1.2214), TF Ratio: 0.955
2026-06-15 00:22:49,698 - INFO - Epoch [1/5], Batch [225/300], Loss: 1.4433 (Overall: 1.1817, Change: 1.6307), TF Ratio: 0.955
2026-06-15 00:22:49,864 - INFO - Epoch [1/5], Batch [226/300], Loss: 1.4441 (Overall: 1.8384, Change: 1.4284), TF Ratio: 0.955
2026-06-15 00:22:50,016 - INFO - Epoch [1/5], Batch [227/300], Loss: 1.4441 (Overall: 1.0018, Change: 1.8605), TF Ratio: 0.955
2026-06-15 00:22:50,170 - INFO - Epoch [1/5], Batch [228/300], Loss: 1.4447 (Overall: 1.0703, Change: 2.0919), TF Ratio: 0.954
2026-06-15 00:22:50,326 - INFO - Epoch [1/5], Batch [229/300], Loss: 1.4440 (Overall: 1.2343, Change: 1.3437), TF Ratio: 0.954
2026-06-15 00:22:50,478 - INFO - Epoch [1/5], Batch [230/300], Loss: 1.4429 (Overall: 0.9165, Change: 1.4823), TF Ratio: 0.954
2026-06-15 00:22:50,630 - INFO - Epoch [1/5], Batch [231/300], Loss: 1.4433 (Overall: 1.2486, Change: 1.8304), TF Ratio: 0.954
2026-06-15 00:22:50,782 - INFO - Epoch [1/5], Batch [232/300], Loss: 1.4424 (Overall: 0.8170, Change: 1.6466), TF Ratio: 0.954
2026-06-15 00:22:50,934 - INFO - Epoch [1/5], Batch [233/300], Loss: 1.4422 (Overall: 1.0957, Change: 1.6879), TF Ratio: 0.953
2026-06-15 00:22:51,084 - INFO - Epoch [1/5], Batch [234/300], Loss: 1.4421 (Overall: 1.1425, Change: 1.6979), TF Ratio: 0.953
2026-06-15 00:22:51,234 - INFO - Epoch [1/5], Batch [235/300], Loss: 1.4426 (Overall: 0.9321, Change: 2.1859), TF Ratio: 0.953
2026-06-15 00:22:51,385 - INFO - Epoch [1/5], Batch [236/300], Loss: 1.4417 (Overall: 1.0920, Change: 1.3422), TF Ratio: 0.953
2026-06-15 00:22:51,536 - INFO - Epoch [1/5], Batch [237/300], Loss: 1.4412 (Overall: 1.1888, Change: 1.4619), TF Ratio: 0.953
2026-06-15 00:22:51,686 - INFO - Epoch [1/5], Batch [238/300], Loss: 1.4398 (Overall: 0.9057, Change: 1.3147), TF Ratio: 0.952
2026-06-15 00:22:51,837 - INFO - Epoch [1/5], Batch [239/300], Loss: 1.4377 (Overall: 0.7901, Change: 1.0880), TF Ratio: 0.952
2026-06-15 00:22:51,988 - INFO - Epoch [1/5], Batch [240/300], Loss: 1.4369 (Overall: 0.8131, Change: 1.6726), TF Ratio: 0.952
2026-06-15 00:22:52,139 - INFO - Epoch [1/5], Batch [241/300], Loss: 1.4363 (Overall: 0.9879, Change: 1.6279), TF Ratio: 0.952
2026-06-15 00:22:52,289 - INFO - Epoch [1/5], Batch [242/300], Loss: 1.4363 (Overall: 1.1738, Change: 1.6721), TF Ratio: 0.952
2026-06-15 00:22:52,441 - INFO - Epoch [1/5], Batch [243/300], Loss: 1.4350 (Overall: 0.8506, Change: 1.4043), TF Ratio: 0.951
2026-06-15 00:22:52,593 - INFO - Epoch [1/5], Batch [244/300], Loss: 1.4347 (Overall: 1.0374, Change: 1.6604), TF Ratio: 0.951
2026-06-15 00:22:52,744 - INFO - Epoch [1/5], Batch [245/300], Loss: 1.4342 (Overall: 1.0910, Change: 1.5483), TF Ratio: 0.951
2026-06-15 00:22:52,896 - INFO - Epoch [1/5], Batch [246/300], Loss: 1.4338 (Overall: 0.9953, Change: 1.6719), TF Ratio: 0.951
2026-06-15 00:22:53,055 - INFO - Epoch [1/5], Batch [247/300], Loss: 1.4327 (Overall: 0.8494, Change: 1.4878), TF Ratio: 0.951
2026-06-15 00:22:53,207 - INFO - Epoch [1/5], Batch [248/300], Loss: 1.4335 (Overall: 1.3687, Change: 1.9110), TF Ratio: 0.950
2026-06-15 00:22:53,358 - INFO - Epoch [1/5], Batch [249/300], Loss: 1.4331 (Overall: 1.1650, Change: 1.4657), TF Ratio: 0.950
2026-06-15 00:22:53,510 - INFO - Epoch [1/5], Batch [250/300], Loss: 1.4328 (Overall: 1.0918, Change: 1.6444), TF Ratio: 0.950
2026-06-15 00:22:53,676 - INFO - Epoch [1/5], Batch [251/300], Loss: 1.4316 (Overall: 0.9467, Change: 1.3168), TF Ratio: 0.950
2026-06-15 00:22:53,832 - INFO - Epoch [1/5], Batch [252/300], Loss: 1.4300 (Overall: 0.7224, Change: 1.3518), TF Ratio: 0.950
2026-06-15 00:22:53,982 - INFO - Epoch [1/5], Batch [253/300], Loss: 1.4303 (Overall: 1.2954, Change: 1.6807), TF Ratio: 0.949
2026-06-15 00:22:54,133 - INFO - Epoch [1/5], Batch [254/300], Loss: 1.4308 (Overall: 1.3023, Change: 1.8286), TF Ratio: 0.949
2026-06-15 00:22:54,283 - INFO - Epoch [1/5], Batch [255/300], Loss: 1.4299 (Overall: 0.7881, Change: 1.6210), TF Ratio: 0.949
2026-06-15 00:22:54,441 - INFO - Epoch [1/5], Batch [256/300], Loss: 1.4297 (Overall: 1.1617, Change: 1.6081), TF Ratio: 0.949
2026-06-15 00:22:54,598 - INFO - Epoch [1/5], Batch [257/300], Loss: 1.4292 (Overall: 0.8763, Change: 1.6990), TF Ratio: 0.949
2026-06-15 00:22:54,749 - INFO - Epoch [1/5], Batch [258/300], Loss: 1.4271 (Overall: 0.7794, Change: 1.0025), TF Ratio: 0.948
2026-06-15 00:22:54,900 - INFO - Epoch [1/5], Batch [259/300], Loss: 1.4264 (Overall: 0.9411, Change: 1.5286), TF Ratio: 0.948
2026-06-15 00:22:55,052 - INFO - Epoch [1/5], Batch [260/300], Loss: 1.4258 (Overall: 1.1627, Change: 1.3874), TF Ratio: 0.948
2026-06-15 00:22:55,203 - INFO - Epoch [1/5], Batch [261/300], Loss: 1.4251 (Overall: 1.0894, Change: 1.4286), TF Ratio: 0.948
2026-06-15 00:22:55,353 - INFO - Epoch [1/5], Batch [262/300], Loss: 1.4252 (Overall: 1.1871, Change: 1.6893), TF Ratio: 0.948
2026-06-15 00:22:55,511 - INFO - Epoch [1/5], Batch [263/300], Loss: 1.4244 (Overall: 0.8412, Change: 1.5968), TF Ratio: 0.947
2026-06-15 00:22:55,663 - INFO - Epoch [1/5], Batch [264/300], Loss: 1.4234 (Overall: 0.9171, Change: 1.3970), TF Ratio: 0.947
2026-06-15 00:22:55,815 - INFO - Epoch [1/5], Batch [265/300], Loss: 1.4228 (Overall: 0.9144, Change: 1.6038), TF Ratio: 0.947
2026-06-15 00:22:55,969 - INFO - Epoch [1/5], Batch [266/300], Loss: 1.4226 (Overall: 1.0095, Change: 1.7251), TF Ratio: 0.947
2026-06-15 00:22:56,120 - INFO - Epoch [1/5], Batch [267/300], Loss: 1.4217 (Overall: 0.8694, Change: 1.5275), TF Ratio: 0.947
2026-06-15 00:22:56,272 - INFO - Epoch [1/5], Batch [268/300], Loss: 1.4211 (Overall: 1.0004, Change: 1.5320), TF Ratio: 0.946
2026-06-15 00:22:56,434 - INFO - Epoch [1/5], Batch [269/300], Loss: 1.4224 (Overall: 1.8018, Change: 1.7293), TF Ratio: 0.946
2026-06-15 00:22:56,594 - INFO - Epoch [1/5], Batch [270/300], Loss: 1.4213 (Overall: 0.9457, Change: 1.2949), TF Ratio: 0.946
2026-06-15 00:22:56,745 - INFO - Epoch [1/5], Batch [271/300], Loss: 1.4218 (Overall: 1.4593, Change: 1.6544), TF Ratio: 0.946
2026-06-15 00:22:57,150 - INFO - Epoch [1/5], Batch [272/300], Loss: 1.4210 (Overall: 0.9344, Change: 1.4749), TF Ratio: 0.946
2026-06-15 00:22:57,300 - INFO - Epoch [1/5], Batch [273/300], Loss: 1.4206 (Overall: 1.2566, Change: 1.3517), TF Ratio: 0.945
2026-06-15 00:22:57,451 - INFO - Epoch [1/5], Batch [274/300], Loss: 1.4195 (Overall: 0.7406, Change: 1.5087), TF Ratio: 0.945
2026-06-15 00:22:57,602 - INFO - Epoch [1/5], Batch [275/300], Loss: 1.4185 (Overall: 0.9646, Change: 1.3244), TF Ratio: 0.945
2026-06-15 00:22:57,753 - INFO - Epoch [1/5], Batch [276/300], Loss: 1.4179 (Overall: 1.0764, Change: 1.4535), TF Ratio: 0.945
2026-06-15 00:22:57,908 - INFO - Epoch [1/5], Batch [277/300], Loss: 1.4166 (Overall: 0.8264, Change: 1.2441), TF Ratio: 0.945
2026-06-15 00:22:58,058 - INFO - Epoch [1/5], Batch [278/300], Loss: 1.4157 (Overall: 0.8720, Change: 1.4713), TF Ratio: 0.944
2026-06-15 00:22:58,210 - INFO - Epoch [1/5], Batch [279/300], Loss: 1.4150 (Overall: 0.9562, Change: 1.4908), TF Ratio: 0.944
2026-06-15 00:22:58,361 - INFO - Epoch [1/5], Batch [280/300], Loss: 1.4143 (Overall: 0.9350, Change: 1.5234), TF Ratio: 0.944
2026-06-15 00:22:58,511 - INFO - Epoch [1/5], Batch [281/300], Loss: 1.4132 (Overall: 0.9659, Change: 1.2179), TF Ratio: 0.944
2026-06-15 00:22:58,662 - INFO - Epoch [1/5], Batch [282/300], Loss: 1.4124 (Overall: 0.8058, Change: 1.5771), TF Ratio: 0.944
2026-06-15 00:22:58,814 - INFO - Epoch [1/5], Batch [283/300], Loss: 1.4120 (Overall: 1.1260, Change: 1.4995), TF Ratio: 0.943
2026-06-15 00:22:58,966 - INFO - Epoch [1/5], Batch [284/300], Loss: 1.4108 (Overall: 0.7997, Change: 1.2964), TF Ratio: 0.943
2026-06-15 00:22:59,115 - INFO - Epoch [1/5], Batch [285/300], Loss: 1.4106 (Overall: 1.1473, Change: 1.5633), TF Ratio: 0.943
2026-06-15 00:22:59,267 - INFO - Epoch [1/5], Batch [286/300], Loss: 1.4100 (Overall: 0.9817, Change: 1.5210), TF Ratio: 0.943
2026-06-15 00:22:59,418 - INFO - Epoch [1/5], Batch [287/300], Loss: 1.4091 (Overall: 0.8161, Change: 1.4721), TF Ratio: 0.943
2026-06-15 00:22:59,570 - INFO - Epoch [1/5], Batch [288/300], Loss: 1.4092 (Overall: 1.2468, Change: 1.6558), TF Ratio: 0.942
2026-06-15 00:22:59,721 - INFO - Epoch [1/5], Batch [289/300], Loss: 1.4082 (Overall: 0.8015, Change: 1.4308), TF Ratio: 0.942
2026-06-15 00:22:59,872 - INFO - Epoch [1/5], Batch [290/300], Loss: 1.4075 (Overall: 0.8006, Change: 1.6250), TF Ratio: 0.942
2026-06-15 00:23:00,023 - INFO - Epoch [1/5], Batch [291/300], Loss: 1.4070 (Overall: 0.9466, Change: 1.5851), TF Ratio: 0.942
2026-06-15 00:23:00,174 - INFO - Epoch [1/5], Batch [292/300], Loss: 1.4077 (Overall: 1.1363, Change: 2.0576), TF Ratio: 0.942
2026-06-15 00:23:00,325 - INFO - Epoch [1/5], Batch [293/300], Loss: 1.4068 (Overall: 0.8759, Change: 1.3872), TF Ratio: 0.941
2026-06-15 00:23:00,476 - INFO - Epoch [1/5], Batch [294/300], Loss: 1.4062 (Overall: 0.8222, Change: 1.6599), TF Ratio: 0.941
2026-06-15 00:23:00,628 - INFO - Epoch [1/5], Batch [295/300], Loss: 1.4058 (Overall: 1.0675, Change: 1.5028), TF Ratio: 0.941
2026-06-15 00:23:00,780 - INFO - Epoch [1/5], Batch [296/300], Loss: 1.4048 (Overall: 0.8005, Change: 1.4396), TF Ratio: 0.941
2026-06-15 00:23:00,931 - INFO - Epoch [1/5], Batch [297/300], Loss: 1.4040 (Overall: 0.8144, Change: 1.5295), TF Ratio: 0.941
2026-06-15 00:23:01,082 - INFO - Epoch [1/5], Batch [298/300], Loss: 1.4041 (Overall: 1.2767, Change: 1.5630), TF Ratio: 0.940
2026-06-15 00:23:01,233 - INFO - Epoch [1/5], Batch [299/300], Loss: 1.4038 (Overall: 0.9654, Change: 1.6831), TF Ratio: 0.940
2026-06-15 00:23:01,385 - INFO - Epoch [1/5], Batch [300/300], Loss: 1.4033 (Overall: 0.8576, Change: 1.6382), TF Ratio: 0.940
2026-06-15 00:23:11,361 - INFO - Epoch 1 done. Validating...
2026-06-15 00:23:23,535 - INFO - Epoch [1/5] | Train: 1.4033 | Val: 0.6752
2026-06-15 00:23:23,782 - INFO - Checkpoint saved: /gpfs/scratch/bsc32/bsc096444/ai4land-tfm/trained_models/unet_impl/41799688/best_model.pth
2026-06-15 00:23:23,948 - INFO - Checkpoint saved: /gpfs/scratch/bsc32/bsc096444/ai4land-tfm/trained_models/unet_impl/41799688/model_epoch_1.pth
2026-06-15 00:23:26,354 - INFO - Epoch [2/5], Batch [1/300], Loss: 1.0749 (Overall: 1.0330, Change: 1.1168), TF Ratio: 0.940
2026-06-15 00:23:28,242 - INFO - Epoch [2/5], Batch [2/300], Loss: 1.1340 (Overall: 0.8847, Change: 1.5013), TF Ratio: 0.940
2026-06-15 00:23:28,404 - INFO - Epoch [2/5], Batch [3/300], Loss: 1.0999 (Overall: 0.9539, Change: 1.1096), TF Ratio: 0.939
2026-06-15 00:23:28,564 - INFO - Epoch [2/5], Batch [4/300], Loss: 1.1462 (Overall: 0.8813, Change: 1.6887), TF Ratio: 0.939
2026-06-15 00:23:28,727 - INFO - Epoch [2/5], Batch [5/300], Loss: 1.2046 (Overall: 1.1263, Change: 1.7502), TF Ratio: 0.939
2026-06-15 00:23:28,881 - INFO - Epoch [2/5], Batch [6/300], Loss: 1.2196 (Overall: 1.3275, Change: 1.2615), TF Ratio: 0.939
2026-06-15 00:23:29,032 - INFO - Epoch [2/5], Batch [7/300], Loss: 1.1969 (Overall: 0.9279, Change: 1.1933), TF Ratio: 0.939
2026-06-15 00:23:29,186 - INFO - Epoch [2/5], Batch [8/300], Loss: 1.2028 (Overall: 1.1638, Change: 1.3254), TF Ratio: 0.938
2026-06-15 00:23:29,344 - INFO - Epoch [2/5], Batch [9/300], Loss: 1.1961 (Overall: 0.8268, Change: 1.4586), TF Ratio: 0.938
2026-06-15 00:23:29,497 - INFO - Epoch [2/5], Batch [10/300], Loss: 1.2127 (Overall: 0.9505, Change: 1.7727), TF Ratio: 0.938
2026-06-15 00:23:29,650 - INFO - Epoch [2/5], Batch [11/300], Loss: 1.2082 (Overall: 0.7567, Change: 1.5696), TF Ratio: 0.938
2026-06-15 00:23:29,811 - INFO - Epoch [2/5], Batch [12/300], Loss: 1.1978 (Overall: 0.9753, Change: 1.1909), TF Ratio: 0.938
2026-06-15 00:23:29,962 - INFO - Epoch [2/5], Batch [13/300], Loss: 1.2033 (Overall: 0.9264, Change: 1.6145), TF Ratio: 0.937
2026-06-15 00:23:30,114 - INFO - Epoch [2/5], Batch [14/300], Loss: 1.2144 (Overall: 0.8947, Change: 1.8224), TF Ratio: 0.937
2026-06-15 00:23:30,269 - INFO - Epoch [2/5], Batch [15/300], Loss: 1.2177 (Overall: 1.0350, Change: 1.4917), TF Ratio: 0.937
2026-06-15 00:23:30,422 - INFO - Epoch [2/5], Batch [16/300], Loss: 1.2151 (Overall: 0.9547, Change: 1.3967), TF Ratio: 0.937
2026-06-15 00:23:30,573 - INFO - Epoch [2/5], Batch [17/300], Loss: 1.2174 (Overall: 1.0420, Change: 1.4670), TF Ratio: 0.937
2026-06-15 00:23:30,724 - INFO - Epoch [2/5], Batch [18/300], Loss: 1.2250 (Overall: 1.0295, Change: 1.6803), TF Ratio: 0.936
2026-06-15 00:23:30,877 - INFO - Epoch [2/5], Batch [19/300], Loss: 1.2379 (Overall: 1.2282, Change: 1.7120), TF Ratio: 0.936
2026-06-15 00:23:31,031 - INFO - Epoch [2/5], Batch [20/300], Loss: 1.2465 (Overall: 1.2968, Change: 1.5225), TF Ratio: 0.936
2026-06-15 00:23:31,181 - INFO - Epoch [2/5], Batch [21/300], Loss: 1.2437 (Overall: 0.8990, Change: 1.4775), TF Ratio: 0.936
2026-06-15 00:23:31,331 - INFO - Epoch [2/5], Batch [22/300], Loss: 1.2330 (Overall: 0.8362, Change: 1.1795), TF Ratio: 0.936
2026-06-15 00:23:31,482 - INFO - Epoch [2/5], Batch [23/300], Loss: 1.2293 (Overall: 0.9421, Change: 1.3534), TF Ratio: 0.935
2026-06-15 00:23:31,634 - INFO - Epoch [2/5], Batch [24/300], Loss: 1.2481 (Overall: 1.5283, Change: 1.8305), TF Ratio: 0.935
2026-06-15 00:23:31,786 - INFO - Epoch [2/5], Batch [25/300], Loss: 1.2464 (Overall: 1.0657, Change: 1.3468), TF Ratio: 0.935
2026-06-15 00:23:31,939 - INFO - Epoch [2/5], Batch [26/300], Loss: 1.2484 (Overall: 1.1154, Change: 1.4802), TF Ratio: 0.935
2026-06-15 00:23:32,093 - INFO - Epoch [2/5], Batch [27/300], Loss: 1.2450 (Overall: 0.7788, Change: 1.5343), TF Ratio: 0.935
2026-06-15 00:23:32,252 - INFO - Epoch [2/5], Batch [28/300], Loss: 1.2486 (Overall: 0.9267, Change: 1.7660), TF Ratio: 0.934
2026-06-15 00:23:32,419 - INFO - Epoch [2/5], Batch [29/300], Loss: 1.2475 (Overall: 0.9172, Change: 1.5159), TF Ratio: 0.934
2026-06-15 00:23:32,573 - INFO - Epoch [2/5], Batch [30/300], Loss: 1.2527 (Overall: 1.3435, Change: 1.4673), TF Ratio: 0.934
2026-06-15 00:23:32,741 - INFO - Epoch [2/5], Batch [31/300], Loss: 1.2535 (Overall: 0.8074, Change: 1.7452), TF Ratio: 0.934
2026-06-15 00:23:32,909 - INFO - Epoch [2/5], Batch [32/300], Loss: 1.2454 (Overall: 0.8709, Change: 1.1172), TF Ratio: 0.934
2026-06-15 00:23:33,081 - INFO - Epoch [2/5], Batch [33/300], Loss: 1.2523 (Overall: 1.2285, Change: 1.7173), TF Ratio: 0.933
2026-06-15 00:23:33,237 - INFO - Epoch [2/5], Batch [34/300], Loss: 1.2534 (Overall: 0.8568, Change: 1.7219), TF Ratio: 0.933
2026-06-15 00:23:33,403 - INFO - Epoch [2/5], Batch [35/300], Loss: 1.2525 (Overall: 1.1573, Change: 1.2854), TF Ratio: 0.933
2026-06-15 00:23:33,568 - INFO - Epoch [2/5], Batch [36/300], Loss: 1.2538 (Overall: 0.8936, Change: 1.7061), TF Ratio: 0.933
2026-06-15 00:23:33,720 - INFO - Epoch [2/5], Batch [37/300], Loss: 1.2505 (Overall: 0.8731, Change: 1.3928), TF Ratio: 0.933
2026-06-15 00:23:33,883 - INFO - Epoch [2/5], Batch [38/300], Loss: 1.2503 (Overall: 1.2418, Change: 1.2420), TF Ratio: 0.932
2026-06-15 00:23:34,046 - INFO - Epoch [2/5], Batch [39/300], Loss: 1.2476 (Overall: 0.8193, Change: 1.4732), TF Ratio: 0.932
2026-06-15 00:23:34,208 - INFO - Epoch [2/5], Batch [40/300], Loss: 1.2384 (Overall: 0.6704, Change: 1.0892), TF Ratio: 0.932
2026-06-15 00:23:34,361 - INFO - Epoch [2/5], Batch [41/300], Loss: 1.2331 (Overall: 0.9003, Change: 1.1357), TF Ratio: 0.932
2026-06-15 00:23:34,513 - INFO - Epoch [2/5], Batch [42/300], Loss: 1.2351 (Overall: 0.9819, Change: 1.6556), TF Ratio: 0.932
2026-06-15 00:23:34,664 - INFO - Epoch [2/5], Batch [43/300], Loss: 1.2364 (Overall: 1.0913, Change: 1.4896), TF Ratio: 0.931
2026-06-15 00:23:34,816 - INFO - Epoch [2/5], Batch [44/300], Loss: 1.2387 (Overall: 1.0518, Change: 1.6248), TF Ratio: 0.931
2026-06-15 00:23:34,966 - INFO - Epoch [2/5], Batch [45/300], Loss: 1.2409 (Overall: 1.1791, Change: 1.4939), TF Ratio: 0.931
2026-06-15 00:23:35,117 - INFO - Epoch [2/5], Batch [46/300], Loss: 1.2390 (Overall: 0.7886, Change: 1.5189), TF Ratio: 0.931
2026-06-15 00:23:35,271 - INFO - Epoch [2/5], Batch [47/300], Loss: 1.2407 (Overall: 1.2232, Change: 1.4157), TF Ratio: 0.931
2026-06-15 00:23:35,424 - INFO - Epoch [2/5], Batch [48/300], Loss: 1.2523 (Overall: 0.9251, Change: 2.6737), TF Ratio: 0.930
2026-06-15 00:23:35,575 - INFO - Epoch [2/5], Batch [49/300], Loss: 1.2500 (Overall: 0.9251, Change: 1.3519), TF Ratio: 0.930
2026-06-15 00:23:35,726 - INFO - Epoch [2/5], Batch [50/300], Loss: 1.2459 (Overall: 0.8259, Change: 1.2657), TF Ratio: 0.930
2026-06-15 00:23:35,883 - INFO - Epoch [2/5], Batch [51/300], Loss: 1.2505 (Overall: 1.1701, Change: 1.7922), TF Ratio: 0.930
2026-06-15 00:23:36,043 - INFO - Epoch [2/5], Batch [52/300], Loss: 1.2497 (Overall: 0.7469, Change: 1.6634), TF Ratio: 0.930
2026-06-15 00:23:36,194 - INFO - Epoch [2/5], Batch [53/300], Loss: 1.2473 (Overall: 0.9699, Change: 1.2804), TF Ratio: 0.929
2026-06-15 00:23:36,346 - INFO - Epoch [2/5], Batch [54/300], Loss: 1.2548 (Overall: 1.3217, Change: 1.9854), TF Ratio: 0.929
2026-06-15 00:23:36,498 - INFO - Epoch [2/5], Batch [55/300], Loss: 1.2562 (Overall: 1.0399, Change: 1.6181), TF Ratio: 0.929
2026-06-15 00:23:36,652 - INFO - Epoch [2/5], Batch [56/300], Loss: 1.2684 (Overall: 1.6806, Change: 2.1994), TF Ratio: 0.929
2026-06-15 00:23:36,819 - INFO - Epoch [2/5], Batch [57/300], Loss: 1.2655 (Overall: 0.8126, Change: 1.3910), TF Ratio: 0.929
2026-06-15 00:23:36,971 - INFO - Epoch [2/5], Batch [58/300], Loss: 1.2612 (Overall: 0.9556, Change: 1.0752), TF Ratio: 0.928
2026-06-15 00:23:37,123 - INFO - Epoch [2/5], Batch [59/300], Loss: 1.2584 (Overall: 0.8829, Change: 1.3141), TF Ratio: 0.928
2026-06-15 00:23:37,278 - INFO - Epoch [2/5], Batch [60/300], Loss: 1.2600 (Overall: 0.8356, Change: 1.8673), TF Ratio: 0.928
2026-06-15 00:23:37,429 - INFO - Epoch [2/5], Batch [61/300], Loss: 1.2615 (Overall: 1.0737, Change: 1.6331), TF Ratio: 0.928
2026-06-15 00:23:37,591 - INFO - Epoch [2/5], Batch [62/300], Loss: 1.2588 (Overall: 0.9524, Change: 1.2353), TF Ratio: 0.928
2026-06-15 00:23:37,743 - INFO - Epoch [2/5], Batch [63/300], Loss: 1.2617 (Overall: 0.9789, Change: 1.9027), TF Ratio: 0.927
2026-06-15 00:23:37,896 - INFO - Epoch [2/5], Batch [64/300], Loss: 1.2611 (Overall: 0.7820, Change: 1.6640), TF Ratio: 0.927
2026-06-15 00:23:38,046 - INFO - Epoch [2/5], Batch [65/300], Loss: 1.2598 (Overall: 0.7626, Change: 1.5986), TF Ratio: 0.927
2026-06-15 00:23:38,197 - INFO - Epoch [2/5], Batch [66/300], Loss: 1.2620 (Overall: 1.0203, Change: 1.7895), TF Ratio: 0.927
2026-06-15 00:23:38,348 - INFO - Epoch [2/5], Batch [67/300], Loss: 1.2563 (Overall: 0.6630, Change: 1.0885), TF Ratio: 0.927
2026-06-15 00:23:38,501 - INFO - Epoch [2/5], Batch [68/300], Loss: 1.2540 (Overall: 0.6183, Change: 1.5898), TF Ratio: 0.926
2026-06-15 00:23:38,651 - INFO - Epoch [2/5], Batch [69/300], Loss: 1.2538 (Overall: 1.2177, Change: 1.2661), TF Ratio: 0.926
2026-06-15 00:23:38,802 - INFO - Epoch [2/5], Batch [70/300], Loss: 1.2525 (Overall: 0.9723, Change: 1.3509), TF Ratio: 0.926
2026-06-15 00:23:38,953 - INFO - Epoch [2/5], Batch [71/300], Loss: 1.2543 (Overall: 1.0558, Change: 1.7006), TF Ratio: 0.926
2026-06-15 00:23:39,104 - INFO - Epoch [2/5], Batch [72/300], Loss: 1.2533 (Overall: 0.7592, Change: 1.6108), TF Ratio: 0.926
2026-06-15 00:23:39,255 - INFO - Epoch [2/5], Batch [73/300], Loss: 1.2539 (Overall: 1.0004, Change: 1.5914), TF Ratio: 0.925
2026-06-15 00:23:39,406 - INFO - Epoch [2/5], Batch [74/300], Loss: 1.2536 (Overall: 0.8042, Change: 1.6515), TF Ratio: 0.925
2026-06-15 00:23:39,557 - INFO - Epoch [2/5], Batch [75/300], Loss: 1.2539 (Overall: 1.0306, Change: 1.5236), TF Ratio: 0.925
2026-06-15 00:23:39,709 - INFO - Epoch [2/5], Batch [76/300], Loss: 1.2560 (Overall: 1.0381, Change: 1.7937), TF Ratio: 0.925
2026-06-15 00:23:39,860 - INFO - Epoch [2/5], Batch [77/300], Loss: 1.2565 (Overall: 0.9181, Change: 1.6764), TF Ratio: 0.925
2026-06-15 00:23:40,023 - INFO - Epoch [2/5], Batch [78/300], Loss: 1.2583 (Overall: 0.9142, Change: 1.8775), TF Ratio: 0.924
2026-06-15 00:23:40,174 - INFO - Epoch [2/5], Batch [79/300], Loss: 1.2573 (Overall: 0.7327, Change: 1.6279), TF Ratio: 0.924
2026-06-15 00:23:40,326 - INFO - Epoch [2/5], Batch [80/300], Loss: 1.2575 (Overall: 1.0871, Change: 1.4459), TF Ratio: 0.924
2026-06-15 00:23:40,483 - INFO - Epoch [2/5], Batch [81/300], Loss: 1.2585 (Overall: 0.8474, Change: 1.8389), TF Ratio: 0.924
2026-06-15 00:23:40,635 - INFO - Epoch [2/5], Batch [82/300], Loss: 1.2586 (Overall: 0.8929, Change: 1.6301), TF Ratio: 0.924
2026-06-15 00:23:40,787 - INFO - Epoch [2/5], Batch [83/300], Loss: 1.2564 (Overall: 0.8229, Change: 1.3441), TF Ratio: 0.923
2026-06-15 00:23:40,956 - INFO - Epoch [2/5], Batch [84/300], Loss: 1.2567 (Overall: 0.9870, Change: 1.5656), TF Ratio: 0.923
2026-06-15 00:23:41,116 - INFO - Epoch [2/5], Batch [85/300], Loss: 1.2609 (Overall: 1.4112, Change: 1.8248), TF Ratio: 0.923
2026-06-15 00:23:41,268 - INFO - Epoch [2/5], Batch [86/300], Loss: 1.2588 (Overall: 0.8298, Change: 1.3209), TF Ratio: 0.923
2026-06-15 00:23:41,420 - INFO - Epoch [2/5], Batch [87/300], Loss: 1.2577 (Overall: 0.8747, Change: 1.4617), TF Ratio: 0.923
2026-06-15 00:23:41,574 - INFO - Epoch [2/5], Batch [88/300], Loss: 1.2559 (Overall: 0.8727, Change: 1.3114), TF Ratio: 0.922
2026-06-15 00:23:41,727 - INFO - Epoch [2/5], Batch [89/300], Loss: 1.2551 (Overall: 0.8740, Change: 1.4966), TF Ratio: 0.922
2026-06-15 00:23:41,879 - INFO - Epoch [2/5], Batch [90/300], Loss: 1.2545 (Overall: 0.9796, Change: 1.4302), TF Ratio: 0.922
2026-06-15 00:23:42,040 - INFO - Epoch [2/5], Batch [91/300], Loss: 1.2543 (Overall: 0.7976, Change: 1.6788), TF Ratio: 0.922
2026-06-15 00:23:42,194 - INFO - Epoch [2/5], Batch [92/300], Loss: 1.2532 (Overall: 0.8596, Change: 1.4340), TF Ratio: 0.922
2026-06-15 00:23:42,345 - INFO - Epoch [2/5], Batch [93/300], Loss: 1.2539 (Overall: 0.8820, Change: 1.7714), TF Ratio: 0.921
2026-06-15 00:23:42,499 - INFO - Epoch [2/5], Batch [94/300], Loss: 1.2511 (Overall: 0.6732, Change: 1.3016), TF Ratio: 0.921
2026-06-15 00:23:42,654 - INFO - Epoch [2/5], Batch [95/300], Loss: 1.2543 (Overall: 1.5728, Change: 1.5412), TF Ratio: 0.921
2026-06-15 00:23:42,807 - INFO - Epoch [2/5], Batch [96/300], Loss: 1.2540 (Overall: 0.8058, Change: 1.6381), TF Ratio: 0.921
2026-06-15 00:23:42,958 - INFO - Epoch [2/5], Batch [97/300], Loss: 1.2583 (Overall: 1.6405, Change: 1.7059), TF Ratio: 0.921
2026-06-15 00:23:43,109 - INFO - Epoch [2/5], Batch [98/300], Loss: 1.2591 (Overall: 1.0622, Change: 1.5995), TF Ratio: 0.920
2026-06-15 00:23:43,261 - INFO - Epoch [2/5], Batch [99/300], Loss: 1.2573 (Overall: 0.7011, Change: 1.4764), TF Ratio: 0.920
2026-06-15 00:23:43,414 - INFO - Epoch [2/5], Batch [100/300], Loss: 1.2563 (Overall: 1.1459, Change: 1.1658), TF Ratio: 0.920
2026-06-15 00:23:43,569 - INFO - Epoch [2/5], Batch [101/300], Loss: 1.2566 (Overall: 1.1989, Change: 1.3754), TF Ratio: 0.920
2026-06-15 00:23:43,721 - INFO - Epoch [2/5], Batch [102/300], Loss: 1.2575 (Overall: 1.1882, Change: 1.4998), TF Ratio: 0.920
2026-06-15 00:23:43,877 - INFO - Epoch [2/5], Batch [103/300], Loss: 1.2578 (Overall: 0.8496, Change: 1.7327), TF Ratio: 0.919
2026-06-15 00:23:44,030 - INFO - Epoch [2/5], Batch [104/300], Loss: 1.2588 (Overall: 0.7342, Change: 1.9934), TF Ratio: 0.919
2026-06-15 00:23:44,185 - INFO - Epoch [2/5], Batch [105/300], Loss: 1.2574 (Overall: 0.7734, Change: 1.4525), TF Ratio: 0.919
2026-06-15 00:23:44,337 - INFO - Epoch [2/5], Batch [106/300], Loss: 1.2579 (Overall: 1.1339, Change: 1.4896), TF Ratio: 0.919
2026-06-15 00:23:44,488 - INFO - Epoch [2/5], Batch [107/300], Loss: 1.2561 (Overall: 0.9357, Change: 1.1833), TF Ratio: 0.919
2026-06-15 00:23:44,640 - INFO - Epoch [2/5], Batch [108/300], Loss: 1.2555 (Overall: 0.8967, Change: 1.4777), TF Ratio: 0.918
2026-06-15 00:23:44,792 - INFO - Epoch [2/5], Batch [109/300], Loss: 1.2571 (Overall: 1.0251, Change: 1.8524), TF Ratio: 0.918
2026-06-15 00:23:44,943 - INFO - Epoch [2/5], Batch [110/300], Loss: 1.2562 (Overall: 0.7837, Change: 1.5251), TF Ratio: 0.918
2026-06-15 00:23:45,094 - INFO - Epoch [2/5], Batch [111/300], Loss: 1.2567 (Overall: 0.8157, Change: 1.8072), TF Ratio: 0.918
2026-06-15 00:23:45,247 - INFO - Epoch [2/5], Batch [112/300], Loss: 1.2552 (Overall: 0.6870, Change: 1.4794), TF Ratio: 0.918
2026-06-15 00:23:45,398 - INFO - Epoch [2/5], Batch [113/300], Loss: 1.2553 (Overall: 1.0038, Change: 1.5337), TF Ratio: 0.917
2026-06-15 00:23:45,550 - INFO - Epoch [2/5], Batch [114/300], Loss: 1.2576 (Overall: 0.8190, Change: 2.2223), TF Ratio: 0.917
2026-06-15 00:23:45,702 - INFO - Epoch [2/5], Batch [115/300], Loss: 1.2562 (Overall: 0.9424, Change: 1.2406), TF Ratio: 0.917
2026-06-15 00:23:45,855 - INFO - Epoch [2/5], Batch [116/300], Loss: 1.2555 (Overall: 0.8044, Change: 1.5648), TF Ratio: 0.917
2026-06-15 00:23:46,006 - INFO - Epoch [2/5], Batch [117/300], Loss: 1.2560 (Overall: 1.0232, Change: 1.5929), TF Ratio: 0.917
2026-06-15 00:23:46,157 - INFO - Epoch [2/5], Batch [118/300], Loss: 1.2568 (Overall: 1.1536, Change: 1.5524), TF Ratio: 0.916
2026-06-15 00:23:46,307 - INFO - Epoch [2/5], Batch [119/300], Loss: 1.2614 (Overall: 1.6754, Change: 1.9355), TF Ratio: 0.916
2026-06-15 00:23:46,458 - INFO - Epoch [2/5], Batch [120/300], Loss: 1.2611 (Overall: 0.7677, Change: 1.6733), TF Ratio: 0.916
2026-06-15 00:23:46,609 - INFO - Epoch [2/5], Batch [121/300], Loss: 1.2603 (Overall: 0.7318, Change: 1.5897), TF Ratio: 0.916
2026-06-15 00:23:46,760 - INFO - Epoch [2/5], Batch [122/300], Loss: 1.2619 (Overall: 1.1963, Change: 1.7357), TF Ratio: 0.916
2026-06-15 00:23:46,910 - INFO - Epoch [2/5], Batch [123/300], Loss: 1.2612 (Overall: 0.7411, Change: 1.6001), TF Ratio: 0.915
2026-06-15 00:23:47,061 - INFO - Epoch [2/5], Batch [124/300], Loss: 1.2610 (Overall: 0.8638, Change: 1.6155), TF Ratio: 0.915
2026-06-15 00:23:47,212 - INFO - Epoch [2/5], Batch [125/300], Loss: 1.2631 (Overall: 1.3867, Change: 1.6512), TF Ratio: 0.915
2026-06-15 00:23:47,363 - INFO - Epoch [2/5], Batch [126/300], Loss: 1.2637 (Overall: 1.1798, Change: 1.5101), TF Ratio: 0.915
2026-06-15 00:23:47,514 - INFO - Epoch [2/5], Batch [127/300], Loss: 1.2664 (Overall: 1.6103, Change: 1.5885), TF Ratio: 0.915
2026-06-15 00:23:47,674 - INFO - Epoch [2/5], Batch [128/300], Loss: 1.2636 (Overall: 1.0566, Change: 0.7705), TF Ratio: 0.914
2026-06-15 00:23:47,826 - INFO - Epoch [2/5], Batch [129/300], Loss: 1.2637 (Overall: 1.1844, Change: 1.3607), TF Ratio: 0.914
2026-06-15 00:23:47,978 - INFO - Epoch [2/5], Batch [130/300], Loss: 1.2628 (Overall: 0.7425, Change: 1.5582), TF Ratio: 0.914
2026-06-15 00:23:48,130 - INFO - Epoch [2/5], Batch [131/300], Loss: 1.2624 (Overall: 0.8141, Change: 1.5972), TF Ratio: 0.914
2026-06-15 00:23:48,301 - INFO - Epoch [2/5], Batch [132/300], Loss: 1.2612 (Overall: 0.8157, Change: 1.3923), TF Ratio: 0.914
2026-06-15 00:23:48,453 - INFO - Epoch [2/5], Batch [133/300], Loss: 1.2621 (Overall: 0.9536, Change: 1.8002), TF Ratio: 0.913
2026-06-15 00:23:48,604 - INFO - Epoch [2/5], Batch [134/300], Loss: 1.2620 (Overall: 1.0026, Change: 1.5070), TF Ratio: 0.913
2026-06-15 00:23:48,756 - INFO - Epoch [2/5], Batch [135/300], Loss: 1.2615 (Overall: 0.8321, Change: 1.5625), TF Ratio: 0.913
2026-06-15 00:23:48,909 - INFO - Epoch [2/5], Batch [136/300], Loss: 1.2629 (Overall: 1.0596, Change: 1.8388), TF Ratio: 0.913
2026-06-15 00:23:49,059 - INFO - Epoch [2/5], Batch [137/300], Loss: 1.2642 (Overall: 1.0389, Change: 1.8315), TF Ratio: 0.913
2026-06-15 00:23:49,211 - INFO - Epoch [2/5], Batch [138/300], Loss: 1.2626 (Overall: 0.6805, Change: 1.4138), TF Ratio: 0.912
2026-06-15 00:23:49,362 - INFO - Epoch [2/5], Batch [139/300], Loss: 1.2640 (Overall: 1.0755, Change: 1.8309), TF Ratio: 0.912
2026-06-15 00:23:49,516 - INFO - Epoch [2/5], Batch [140/300], Loss: 1.2646 (Overall: 1.1902, Change: 1.5073), TF Ratio: 0.912
2026-06-15 00:23:49,667 - INFO - Epoch [2/5], Batch [141/300], Loss: 1.2655 (Overall: 0.9995, Change: 1.7991), TF Ratio: 0.912
2026-06-15 00:23:49,818 - INFO - Epoch [2/5], Batch [142/300], Loss: 1.2645 (Overall: 0.7822, Change: 1.4487), TF Ratio: 0.912
2026-06-15 00:23:49,970 - INFO - Epoch [2/5], Batch [143/300], Loss: 1.2625 (Overall: 0.6491, Change: 1.3222), TF Ratio: 0.911
2026-06-15 00:23:50,123 - INFO - Epoch [2/5], Batch [144/300], Loss: 1.2609 (Overall: 0.6516, Change: 1.4163), TF Ratio: 0.911
2026-06-15 00:23:50,277 - INFO - Epoch [2/5], Batch [145/300], Loss: 1.2607 (Overall: 0.9333, Change: 1.5276), TF Ratio: 0.911
2026-06-15 00:23:50,435 - INFO - Epoch [2/5], Batch [146/300], Loss: 1.2604 (Overall: 0.9963, Change: 1.4279), TF Ratio: 0.911
2026-06-15 00:23:50,598 - INFO - Epoch [2/5], Batch [147/300], Loss: 1.2595 (Overall: 0.9395, Change: 1.3208), TF Ratio: 0.911
2026-06-15 00:23:50,750 - INFO - Epoch [2/5], Batch [148/300], Loss: 1.2590 (Overall: 0.8900, Change: 1.4692), TF Ratio: 0.910
2026-06-15 00:23:50,902 - INFO - Epoch [2/5], Batch [149/300], Loss: 1.2583 (Overall: 0.6416, Change: 1.6943), TF Ratio: 0.910
2026-06-15 00:23:51,056 - INFO - Epoch [2/5], Batch [150/300], Loss: 1.2582 (Overall: 0.9595, Change: 1.5288), TF Ratio: 0.910
2026-06-15 00:23:51,219 - INFO - Epoch [2/5], Batch [151/300], Loss: 1.2568 (Overall: 0.8317, Change: 1.2536), TF Ratio: 0.910
2026-06-15 00:23:51,372 - INFO - Epoch [2/5], Batch [152/300], Loss: 1.2556 (Overall: 0.8720, Change: 1.2775), TF Ratio: 0.910
2026-06-15 00:23:51,523 - INFO - Epoch [2/5], Batch [153/300], Loss: 1.2575 (Overall: 1.1865, Change: 1.9027), TF Ratio: 0.909
2026-06-15 00:23:51,692 - INFO - Epoch [2/5], Batch [154/300], Loss: 1.2580 (Overall: 1.0750, Change: 1.5821), TF Ratio: 0.909
2026-06-15 00:23:51,844 - INFO - Epoch [2/5], Batch [155/300], Loss: 1.2569 (Overall: 0.8741, Change: 1.3014), TF Ratio: 0.909
2026-06-15 00:23:51,997 - INFO - Epoch [2/5], Batch [156/300], Loss: 1.2583 (Overall: 1.1413, Change: 1.8173), TF Ratio: 0.909
2026-06-15 00:23:52,148 - INFO - Epoch [2/5], Batch [157/300], Loss: 1.2579 (Overall: 0.7921, Change: 1.6119), TF Ratio: 0.909
2026-06-15 00:23:52,300 - INFO - Epoch [2/5], Batch [158/300], Loss: 1.2554 (Overall: 0.7755, Change: 0.9450), TF Ratio: 0.908
2026-06-15 00:23:52,451 - INFO - Epoch [2/5], Batch [159/300], Loss: 1.2542 (Overall: 0.6698, Change: 1.4435), TF Ratio: 0.908
2026-06-15 00:23:52,610 - INFO - Epoch [2/5], Batch [160/300], Loss: 1.2549 (Overall: 1.0636, Change: 1.6811), TF Ratio: 0.908
2026-06-15 00:23:52,761 - INFO - Epoch [2/5], Batch [161/300], Loss: 1.2547 (Overall: 0.9975, Change: 1.4555), TF Ratio: 0.908
2026-06-15 00:23:52,912 - INFO - Epoch [2/5], Batch [162/300], Loss: 1.2540 (Overall: 0.8633, Change: 1.3973), TF Ratio: 0.908
2026-06-15 00:23:53,062 - INFO - Epoch [2/5], Batch [163/300], Loss: 1.2521 (Overall: 0.7400, Change: 1.1743), TF Ratio: 0.907
2026-06-15 00:23:53,214 - INFO - Epoch [2/5], Batch [164/300], Loss: 1.2509 (Overall: 0.8062, Change: 1.2882), TF Ratio: 0.907
2026-06-15 00:23:53,364 - INFO - Epoch [2/5], Batch [165/300], Loss: 1.2518 (Overall: 1.2384, Change: 1.5524), TF Ratio: 0.907
2026-06-15 00:23:53,520 - INFO - Epoch [2/5], Batch [166/300], Loss: 1.2516 (Overall: 0.9042, Change: 1.5517), TF Ratio: 0.907
2026-06-15 00:23:53,671 - INFO - Epoch [2/5], Batch [167/300], Loss: 1.2511 (Overall: 0.9505, Change: 1.3925), TF Ratio: 0.907
2026-06-15 00:23:53,822 - INFO - Epoch [2/5], Batch [168/300], Loss: 1.2506 (Overall: 0.7444, Change: 1.5751), TF Ratio: 0.906
2026-06-15 00:23:53,975 - INFO - Epoch [2/5], Batch [169/300], Loss: 1.2494 (Overall: 0.8065, Change: 1.2712), TF Ratio: 0.906
2026-06-15 00:23:54,126 - INFO - Epoch [2/5], Batch [170/300], Loss: 1.2476 (Overall: 0.7133, Change: 1.1863), TF Ratio: 0.906
2026-06-15 00:23:54,276 - INFO - Epoch [2/5], Batch [171/300], Loss: 1.2479 (Overall: 1.0273, Change: 1.5615), TF Ratio: 0.906
2026-06-15 00:23:54,429 - INFO - Epoch [2/5], Batch [172/300], Loss: 1.2481 (Overall: 1.2073, Change: 1.3707), TF Ratio: 0.906
2026-06-15 00:23:54,579 - INFO - Epoch [2/5], Batch [173/300], Loss: 1.2480 (Overall: 0.8946, Change: 1.5826), TF Ratio: 0.905
2026-06-15 00:23:54,734 - INFO - Epoch [2/5], Batch [174/300], Loss: 1.2482 (Overall: 1.3004, Change: 1.2486), TF Ratio: 0.905
2026-06-15 00:23:54,884 - INFO - Epoch [2/5], Batch [175/300], Loss: 1.2481 (Overall: 0.9025, Change: 1.5685), TF Ratio: 0.905
2026-06-15 00:23:55,037 - INFO - Epoch [2/5], Batch [176/300], Loss: 1.2482 (Overall: 0.7524, Change: 1.7678), TF Ratio: 0.905
2026-06-15 00:23:55,188 - INFO - Epoch [2/5], Batch [177/300], Loss: 1.2476 (Overall: 0.9560, Change: 1.3147), TF Ratio: 0.905
2026-06-15 00:23:55,339 - INFO - Epoch [2/5], Batch [178/300], Loss: 1.2480 (Overall: 0.8105, Change: 1.8573), TF Ratio: 0.904
2026-06-15 00:23:55,505 - INFO - Epoch [2/5], Batch [179/300], Loss: 1.2474 (Overall: 0.9095, Change: 1.3522), TF Ratio: 0.904
2026-06-15 00:23:55,678 - INFO - Epoch [2/5], Batch [180/300], Loss: 1.2473 (Overall: 0.8230, Change: 1.6233), TF Ratio: 0.904
2026-06-15 00:23:55,829 - INFO - Epoch [2/5], Batch [181/300], Loss: 1.2454 (Overall: 0.6436, Change: 1.1716), TF Ratio: 0.904
2026-06-15 00:23:55,984 - INFO - Epoch [2/5], Batch [182/300], Loss: 1.2444 (Overall: 0.7082, Change: 1.4120), TF Ratio: 0.904
2026-06-15 00:23:56,136 - INFO - Epoch [2/5], Batch [183/300], Loss: 1.2435 (Overall: 0.7526, Change: 1.4368), TF Ratio: 0.903
2026-06-15 00:23:56,289 - INFO - Epoch [2/5], Batch [184/300], Loss: 1.2434 (Overall: 0.9441, Change: 1.4832), TF Ratio: 0.903
2026-06-15 00:23:56,441 - INFO - Epoch [2/5], Batch [185/300], Loss: 1.2430 (Overall: 0.7786, Change: 1.5578), TF Ratio: 0.903
2026-06-15 00:23:56,593 - INFO - Epoch [2/5], Batch [186/300], Loss: 1.2432 (Overall: 0.8341, Change: 1.7381), TF Ratio: 0.903
2026-06-15 00:23:56,746 - INFO - Epoch [2/5], Batch [187/300], Loss: 1.2432 (Overall: 0.9718, Change: 1.4953), TF Ratio: 0.903
2026-06-15 00:23:56,899 - INFO - Epoch [2/5], Batch [188/300], Loss: 1.2433 (Overall: 0.9815, Change: 1.5412), TF Ratio: 0.902
2026-06-15 00:23:57,061 - INFO - Epoch [2/5], Batch [189/300], Loss: 1.2434 (Overall: 1.0534, Change: 1.4714), TF Ratio: 0.902
2026-06-15 00:23:57,213 - INFO - Epoch [2/5], Batch [190/300], Loss: 1.2411 (Overall: 0.8039, Change: 0.8100), TF Ratio: 0.902
2026-06-15 00:23:57,363 - INFO - Epoch [2/5], Batch [191/300], Loss: 1.2411 (Overall: 0.9984, Change: 1.4829), TF Ratio: 0.902
2026-06-15 00:23:57,516 - INFO - Epoch [2/5], Batch [192/300], Loss: 1.2405 (Overall: 0.7873, Change: 1.4850), TF Ratio: 0.902
2026-06-15 00:23:57,666 - INFO - Epoch [2/5], Batch [193/300], Loss: 1.2410 (Overall: 1.0419, Change: 1.6264), TF Ratio: 0.901
2026-06-15 00:23:57,817 - INFO - Epoch [2/5], Batch [194/300], Loss: 1.2396 (Overall: 0.6857, Change: 1.2757), TF Ratio: 0.901
2026-06-15 00:23:57,969 - INFO - Epoch [2/5], Batch [195/300], Loss: 1.2385 (Overall: 0.9641, Change: 1.0625), TF Ratio: 0.901
2026-06-15 00:23:58,122 - INFO - Epoch [2/5], Batch [196/300], Loss: 1.2373 (Overall: 0.7306, Change: 1.2654), TF Ratio: 0.901
2026-06-15 00:23:58,278 - INFO - Epoch [2/5], Batch [197/300], Loss: 1.2364 (Overall: 0.7514, Change: 1.3958), TF Ratio: 0.901
2026-06-15 00:23:58,429 - INFO - Epoch [2/5], Batch [198/300], Loss: 1.2363 (Overall: 0.8938, Change: 1.5081), TF Ratio: 0.900
2026-06-15 00:23:58,581 - INFO - Epoch [2/5], Batch [199/300], Loss: 1.2366 (Overall: 1.0767, Change: 1.5513), TF Ratio: 0.900
2026-06-15 00:23:58,734 - INFO - Epoch [2/5], Batch [200/300], Loss: 1.2369 (Overall: 1.0293, Change: 1.5468), TF Ratio: 0.900
2026-06-15 00:23:58,885 - INFO - Epoch [2/5], Batch [201/300], Loss: 1.2360 (Overall: 0.6797, Change: 1.4241), TF Ratio: 0.900
2026-06-15 00:23:59,036 - INFO - Epoch [2/5], Batch [202/300], Loss: 1.2358 (Overall: 0.9621, Change: 1.4303), TF Ratio: 0.900
2026-06-15 00:23:59,190 - INFO - Epoch [2/5], Batch [203/300], Loss: 1.2357 (Overall: 0.8485, Change: 1.5818), TF Ratio: 0.899
2026-06-15 00:23:59,342 - INFO - Epoch [2/5], Batch [204/300], Loss: 1.2354 (Overall: 0.7870, Change: 1.5775), TF Ratio: 0.899
2026-06-15 00:23:59,493 - INFO - Epoch [2/5], Batch [205/300], Loss: 1.2346 (Overall: 0.6947, Change: 1.4475), TF Ratio: 0.899
2026-06-15 00:23:59,644 - INFO - Epoch [2/5], Batch [206/300], Loss: 1.2342 (Overall: 0.9795, Change: 1.3270), TF Ratio: 0.899
2026-06-15 00:23:59,796 - INFO - Epoch [2/5], Batch [207/300], Loss: 1.2344 (Overall: 1.0253, Change: 1.5313), TF Ratio: 0.899
2026-06-15 00:23:59,947 - INFO - Epoch [2/5], Batch [208/300], Loss: 1.2343 (Overall: 0.9497, Change: 1.4497), TF Ratio: 0.898
2026-06-15 00:24:00,110 - INFO - Epoch [2/5], Batch [209/300], Loss: 1.2339 (Overall: 0.9417, Change: 1.3851), TF Ratio: 0.898
2026-06-15 00:24:00,260 - INFO - Epoch [2/5], Batch [210/300], Loss: 1.2331 (Overall: 0.8734, Change: 1.2446), TF Ratio: 0.898
2026-06-15 00:24:00,412 - INFO - Epoch [2/5], Batch [211/300], Loss: 1.2327 (Overall: 0.7451, Change: 1.5547), TF Ratio: 0.898
2026-06-15 00:24:00,567 - INFO - Epoch [2/5], Batch [212/300], Loss: 1.2311 (Overall: 0.7676, Change: 1.0300), TF Ratio: 0.898
2026-06-15 00:24:00,718 - INFO - Epoch [2/5], Batch [213/300], Loss: 1.2322 (Overall: 1.1922, Change: 1.7239), TF Ratio: 0.897
2026-06-15 00:24:00,869 - INFO - Epoch [2/5], Batch [214/300], Loss: 1.2332 (Overall: 1.2825, Change: 1.6070), TF Ratio: 0.897
2026-06-15 00:24:01,020 - INFO - Epoch [2/5], Batch [215/300], Loss: 1.2317 (Overall: 0.6756, Change: 1.1723), TF Ratio: 0.897
2026-06-15 00:24:01,172 - INFO - Epoch [2/5], Batch [216/300], Loss: 1.2311 (Overall: 0.6965, Change: 1.4948), TF Ratio: 0.897
2026-06-15 00:24:01,324 - INFO - Epoch [2/5], Batch [217/300], Loss: 1.2322 (Overall: 0.9592, Change: 1.9620), TF Ratio: 0.897
2026-06-15 00:24:01,479 - INFO - Epoch [2/5], Batch [218/300], Loss: 1.2311 (Overall: 0.8012, Change: 1.1941), TF Ratio: 0.896
2026-06-15 00:24:01,636 - INFO - Epoch [2/5], Batch [219/300], Loss: 1.2317 (Overall: 1.0572, Change: 1.6731), TF Ratio: 0.896
2026-06-15 00:24:01,788 - INFO - Epoch [2/5], Batch [220/300], Loss: 1.2308 (Overall: 0.7795, Change: 1.2983), TF Ratio: 0.896
2026-06-15 00:24:01,939 - INFO - Epoch [2/5], Batch [221/300], Loss: 1.2304 (Overall: 0.9522, Change: 1.3145), TF Ratio: 0.896
2026-06-15 00:24:02,090 - INFO - Epoch [2/5], Batch [222/300], Loss: 1.2306 (Overall: 0.8499, Change: 1.6808), TF Ratio: 0.896
2026-06-15 00:24:02,240 - INFO - Epoch [2/5], Batch [223/300], Loss: 1.2304 (Overall: 1.0088, Change: 1.3844), TF Ratio: 0.895
2026-06-15 00:24:02,392 - INFO - Epoch [2/5], Batch [224/300], Loss: 1.2312 (Overall: 1.2193, Change: 1.5868), TF Ratio: 0.895
2026-06-15 00:24:02,543 - INFO - Epoch [2/5], Batch [225/300], Loss: 1.2307 (Overall: 0.7281, Change: 1.5272), TF Ratio: 0.895
2026-06-15 00:24:02,694 - INFO - Epoch [2/5], Batch [226/300], Loss: 1.2310 (Overall: 1.0843, Change: 1.5116), TF Ratio: 0.895
2026-06-15 00:24:02,845 - INFO - Epoch [2/5], Batch [227/300], Loss: 1.2296 (Overall: 0.6813, Change: 1.1471), TF Ratio: 0.895
2026-06-15 00:24:02,998 - INFO - Epoch [2/5], Batch [228/300], Loss: 1.2305 (Overall: 1.4676, Change: 1.4076), TF Ratio: 0.894
2026-06-15 00:24:03,149 - INFO - Epoch [2/5], Batch [229/300], Loss: 1.2308 (Overall: 0.8939, Change: 1.6914), TF Ratio: 0.894
2026-06-15 00:24:03,317 - INFO - Epoch [2/5], Batch [230/300], Loss: 1.2299 (Overall: 0.6476, Change: 1.4031), TF Ratio: 0.894
2026-06-15 00:24:03,472 - INFO - Epoch [2/5], Batch [231/300], Loss: 1.2306 (Overall: 0.6366, Change: 2.1421), TF Ratio: 0.894
2026-06-15 00:24:03,625 - INFO - Epoch [2/5], Batch [232/300], Loss: 1.2304 (Overall: 0.7220, Change: 1.6709), TF Ratio: 0.894
2026-06-15 00:24:03,776 - INFO - Epoch [2/5], Batch [233/300], Loss: 1.2281 (Overall: 0.6490, Change: 0.6986), TF Ratio: 0.893
2026-06-15 00:24:03,927 - INFO - Epoch [2/5], Batch [234/300], Loss: 1.2280 (Overall: 0.7249, Change: 1.7200), TF Ratio: 0.893
2026-06-15 00:24:04,078 - INFO - Epoch [2/5], Batch [235/300], Loss: 1.2272 (Overall: 0.6609, Change: 1.3815), TF Ratio: 0.893
2026-06-15 00:24:04,229 - INFO - Epoch [2/5], Batch [236/300], Loss: 1.2269 (Overall: 0.8696, Change: 1.4434), TF Ratio: 0.893
2026-06-15 00:24:04,379 - INFO - Epoch [2/5], Batch [237/300], Loss: 1.2277 (Overall: 1.2136, Change: 1.6532), TF Ratio: 0.893
2026-06-15 00:24:04,530 - INFO - Epoch [2/5], Batch [238/300], Loss: 1.2273 (Overall: 0.6844, Change: 1.5467), TF Ratio: 0.892
2026-06-15 00:24:04,682 - INFO - Epoch [2/5], Batch [239/300], Loss: 1.2277 (Overall: 0.8721, Change: 1.8125), TF Ratio: 0.892
2026-06-15 00:24:04,834 - INFO - Epoch [2/5], Batch [240/300], Loss: 1.2263 (Overall: 0.7016, Change: 1.0634), TF Ratio: 0.892
2026-06-15 00:24:04,984 - INFO - Epoch [2/5], Batch [241/300], Loss: 1.2250 (Overall: 0.6596, Change: 1.1779), TF Ratio: 0.892
2026-06-15 00:24:05,134 - INFO - Epoch [2/5], Batch [242/300], Loss: 1.2258 (Overall: 1.2102, Change: 1.6075), TF Ratio: 0.892
2026-06-15 00:24:05,289 - INFO - Epoch [2/5], Batch [243/300], Loss: 1.2264 (Overall: 1.0672, Change: 1.6959), TF Ratio: 0.891
2026-06-15 00:24:05,441 - INFO - Epoch [2/5], Batch [244/300], Loss: 1.2257 (Overall: 0.5914, Change: 1.4983), TF Ratio: 0.891
2026-06-15 00:24:05,595 - INFO - Epoch [2/5], Batch [245/300], Loss: 1.2266 (Overall: 1.0027, Change: 1.8794), TF Ratio: 0.891
2026-06-15 00:24:05,746 - INFO - Epoch [2/5], Batch [246/300], Loss: 1.2260 (Overall: 0.8870, Change: 1.2879), TF Ratio: 0.891
2026-06-15 00:24:05,897 - INFO - Epoch [2/5], Batch [247/300], Loss: 1.2269 (Overall: 1.0366, Change: 1.8886), TF Ratio: 0.891
2026-06-15 00:24:06,050 - INFO - Epoch [2/5], Batch [248/300], Loss: 1.2265 (Overall: 0.8096, Change: 1.4401), TF Ratio: 0.890
2026-06-15 00:24:06,200 - INFO - Epoch [2/5], Batch [249/300], Loss: 1.2281 (Overall: 0.7853, Change: 2.4358), TF Ratio: 0.890
2026-06-15 00:24:06,352 - INFO - Epoch [2/5], Batch [250/300], Loss: 1.2281 (Overall: 0.6795, Change: 1.7644), TF Ratio: 0.890
2026-06-15 00:24:06,508 - INFO - Epoch [2/5], Batch [251/300], Loss: 1.2282 (Overall: 1.0406, Change: 1.4857), TF Ratio: 0.890
2026-06-15 00:24:06,660 - INFO - Epoch [2/5], Batch [252/300], Loss: 1.2277 (Overall: 0.6548, Change: 1.5482), TF Ratio: 0.890
2026-06-15 00:24:06,816 - INFO - Epoch [2/5], Batch [253/300], Loss: 1.2279 (Overall: 0.8855, Change: 1.6803), TF Ratio: 0.889
2026-06-15 00:24:06,967 - INFO - Epoch [2/5], Batch [254/300], Loss: 1.2310 (Overall: 1.8029, Change: 2.2198), TF Ratio: 0.889
2026-06-15 00:24:07,118 - INFO - Epoch [2/5], Batch [255/300], Loss: 1.2309 (Overall: 0.8502, Change: 1.5867), TF Ratio: 0.889
2026-06-15 00:24:07,271 - INFO - Epoch [2/5], Batch [256/300], Loss: 1.2303 (Overall: 0.7250, Change: 1.3895), TF Ratio: 0.889
2026-06-15 00:24:07,423 - INFO - Epoch [2/5], Batch [257/300], Loss: 1.2297 (Overall: 0.7102, Change: 1.4637), TF Ratio: 0.889
2026-06-15 00:24:07,575 - INFO - Epoch [2/5], Batch [258/300], Loss: 1.2292 (Overall: 0.8739, Change: 1.2986), TF Ratio: 0.888
2026-06-15 00:24:07,728 - INFO - Epoch [2/5], Batch [259/300], Loss: 1.2282 (Overall: 0.6607, Change: 1.3090), TF Ratio: 0.888
2026-06-15 00:24:07,880 - INFO - Epoch [2/5], Batch [260/300], Loss: 1.2276 (Overall: 0.7584, Change: 1.4050), TF Ratio: 0.888
2026-06-15 00:24:08,030 - INFO - Epoch [2/5], Batch [261/300], Loss: 1.2270 (Overall: 0.8076, Change: 1.3170), TF Ratio: 0.888
2026-06-15 00:24:08,182 - INFO - Epoch [2/5], Batch [262/300], Loss: 1.2264 (Overall: 0.6420, Change: 1.4849), TF Ratio: 0.888
2026-06-15 00:24:08,333 - INFO - Epoch [2/5], Batch [263/300], Loss: 1.2260 (Overall: 1.0139, Change: 1.2162), TF Ratio: 0.887
2026-06-15 00:24:08,485 - INFO - Epoch [2/5], Batch [264/300], Loss: 1.2264 (Overall: 1.0818, Change: 1.6085), TF Ratio: 0.887
2026-06-15 00:24:08,636 - INFO - Epoch [2/5], Batch [265/300], Loss: 1.2261 (Overall: 0.6413, Change: 1.6206), TF Ratio: 0.887
2026-06-15 00:24:08,787 - INFO - Epoch [2/5], Batch [266/300], Loss: 1.2256 (Overall: 0.8351, Change: 1.3749), TF Ratio: 0.887
2026-06-15 00:24:08,938 - INFO - Epoch [2/5], Batch [267/300], Loss: 1.2245 (Overall: 0.6612, Change: 1.2210), TF Ratio: 0.887
2026-06-15 00:24:09,108 - INFO - Epoch [2/5], Batch [268/300], Loss: 1.2239 (Overall: 0.9461, Change: 1.1798), TF Ratio: 0.886
2026-06-15 00:24:09,258 - INFO - Epoch [2/5], Batch [269/300], Loss: 1.2232 (Overall: 0.8402, Change: 1.2186), TF Ratio: 0.886
2026-06-15 00:24:09,425 - INFO - Epoch [2/5], Batch [270/300], Loss: 1.2222 (Overall: 0.5861, Change: 1.3189), TF Ratio: 0.886
2026-06-15 00:24:09,576 - INFO - Epoch [2/5], Batch [271/300], Loss: 1.2230 (Overall: 1.3772, Change: 1.5147), TF Ratio: 0.886
2026-06-15 00:24:09,730 - INFO - Epoch [2/5], Batch [272/300], Loss: 1.2227 (Overall: 0.7471, Change: 1.5060), TF Ratio: 0.886
2026-06-15 00:24:09,883 - INFO - Epoch [2/5], Batch [273/300], Loss: 1.2258 (Overall: 1.0003, Change: 3.1547), TF Ratio: 0.885
2026-06-15 00:24:10,035 - INFO - Epoch [2/5], Batch [274/300], Loss: 1.2248 (Overall: 0.6115, Change: 1.2643), TF Ratio: 0.885
2026-06-15 00:24:10,195 - INFO - Epoch [2/5], Batch [275/300], Loss: 1.2252 (Overall: 0.7970, Change: 1.8782), TF Ratio: 0.885
2026-06-15 00:24:10,369 - INFO - Epoch [2/5], Batch [276/300], Loss: 1.2249 (Overall: 0.9082, Change: 1.3702), TF Ratio: 0.885
2026-06-15 00:24:10,525 - INFO - Epoch [2/5], Batch [277/300], Loss: 1.2243 (Overall: 0.7474, Change: 1.3988), TF Ratio: 0.885
2026-06-15 00:24:10,677 - INFO - Epoch [2/5], Batch [278/300], Loss: 1.2240 (Overall: 0.7210, Change: 1.5778), TF Ratio: 0.884
2026-06-15 00:24:10,829 - INFO - Epoch [2/5], Batch [279/300], Loss: 1.2236 (Overall: 0.9726, Change: 1.2215), TF Ratio: 0.884
2026-06-15 00:24:10,982 - INFO - Epoch [2/5], Batch [280/300], Loss: 1.2232 (Overall: 0.8480, Change: 1.3641), TF Ratio: 0.884
2026-06-15 00:24:11,134 - INFO - Epoch [2/5], Batch [281/300], Loss: 1.2228 (Overall: 0.6950, Change: 1.5430), TF Ratio: 0.884
2026-06-15 00:24:11,292 - INFO - Epoch [2/5], Batch [282/300], Loss: 1.2221 (Overall: 0.7639, Change: 1.2788), TF Ratio: 0.884
2026-06-15 00:24:11,442 - INFO - Epoch [2/5], Batch [283/300], Loss: 1.2223 (Overall: 1.0903, Change: 1.4855), TF Ratio: 0.883
2026-06-15 00:24:11,594 - INFO - Epoch [2/5], Batch [284/300], Loss: 1.2221 (Overall: 0.9753, Change: 1.3771), TF Ratio: 0.883
2026-06-15 00:24:11,745 - INFO - Epoch [2/5], Batch [285/300], Loss: 1.2223 (Overall: 0.9131, Change: 1.6241), TF Ratio: 0.883
2026-06-15 00:24:11,896 - INFO - Epoch [2/5], Batch [286/300], Loss: 1.2222 (Overall: 0.7579, Change: 1.6007), TF Ratio: 0.883
2026-06-15 00:24:12,047 - INFO - Epoch [2/5], Batch [287/300], Loss: 1.2219 (Overall: 0.8837, Change: 1.4090), TF Ratio: 0.883
2026-06-15 00:24:12,203 - INFO - Epoch [2/5], Batch [288/300], Loss: 1.2250 (Overall: 0.6829, Change: 3.5414), TF Ratio: 0.882
2026-06-15 00:24:12,353 - INFO - Epoch [2/5], Batch [289/300], Loss: 1.2258 (Overall: 1.1763, Change: 1.7156), TF Ratio: 0.882
2026-06-15 00:24:12,505 - INFO - Epoch [2/5], Batch [290/300], Loss: 1.2255 (Overall: 0.7437, Change: 1.5351), TF Ratio: 0.882
2026-06-15 00:24:12,658 - INFO - Epoch [2/5], Batch [291/300], Loss: 1.2244 (Overall: 0.7712, Change: 1.0426), TF Ratio: 0.882
2026-06-15 00:24:12,810 - INFO - Epoch [2/5], Batch [292/300], Loss: 1.2245 (Overall: 0.9560, Change: 1.5965), TF Ratio: 0.882
2026-06-15 00:24:12,963 - INFO - Epoch [2/5], Batch [293/300], Loss: 1.2239 (Overall: 0.6684, Change: 1.3986), TF Ratio: 0.881
2026-06-15 00:24:13,114 - INFO - Epoch [2/5], Batch [294/300], Loss: 1.2235 (Overall: 0.8719, Change: 1.3277), TF Ratio: 0.881
2026-06-15 00:24:13,265 - INFO - Epoch [2/5], Batch [295/300], Loss: 1.2232 (Overall: 0.9016, Change: 1.3872), TF Ratio: 0.881
2026-06-15 00:24:13,418 - INFO - Epoch [2/5], Batch [296/300], Loss: 1.2230 (Overall: 0.7237, Change: 1.5841), TF Ratio: 0.881
2026-06-15 00:24:13,568 - INFO - Epoch [2/5], Batch [297/300], Loss: 1.2226 (Overall: 0.6862, Change: 1.5336), TF Ratio: 0.881
2026-06-15 00:24:13,721 - INFO - Epoch [2/5], Batch [298/300], Loss: 1.2234 (Overall: 1.1151, Change: 1.7970), TF Ratio: 0.880
2026-06-15 00:24:13,871 - INFO - Epoch [2/5], Batch [299/300], Loss: 1.2235 (Overall: 1.0090, Change: 1.4978), TF Ratio: 0.880
2026-06-15 00:24:14,029 - INFO - Epoch [2/5], Batch [300/300], Loss: 1.2233 (Overall: 0.7184, Change: 1.6094), TF Ratio: 0.880
2026-06-15 00:24:19,101 - INFO - Epoch 2 done. Validating...
2026-06-15 00:24:26,495 - INFO - Epoch [2/5] | Train: 1.2233 | Val: 0.6212
2026-06-15 00:24:26,669 - INFO - Checkpoint saved: /gpfs/scratch/bsc32/bsc096444/ai4land-tfm/trained_models/unet_impl/41799688/best_model.pth
2026-06-15 00:24:26,846 - INFO - Checkpoint saved: /gpfs/scratch/bsc32/bsc096444/ai4land-tfm/trained_models/unet_impl/41799688/model_epoch_2.pth
2026-06-15 00:24:30,834 - INFO - Epoch [3/5], Batch [1/300], Loss: 1.0912 (Overall: 0.8720, Change: 1.3104), TF Ratio: 0.880
2026-06-15 00:24:31,652 - INFO - Epoch [3/5], Batch [2/300], Loss: 1.0180 (Overall: 0.6805, Change: 1.2089), TF Ratio: 0.880
2026-06-15 00:24:32,874 - INFO - Epoch [3/5], Batch [3/300], Loss: 1.0478 (Overall: 0.6802, Change: 1.5348), TF Ratio: 0.879
2026-06-15 00:24:33,027 - INFO - Epoch [3/5], Batch [4/300], Loss: 1.0639 (Overall: 0.7094, Change: 1.5147), TF Ratio: 0.879
2026-06-15 00:24:33,183 - INFO - Epoch [3/5], Batch [5/300], Loss: 1.1116 (Overall: 1.1028, Change: 1.5023), TF Ratio: 0.879
2026-06-15 00:24:33,337 - INFO - Epoch [3/5], Batch [6/300], Loss: 1.1195 (Overall: 0.8726, Change: 1.4453), TF Ratio: 0.879
2026-06-15 00:24:33,494 - INFO - Epoch [3/5], Batch [7/300], Loss: 1.1026 (Overall: 0.6751, Change: 1.3271), TF Ratio: 0.879
2026-06-15 00:24:33,646 - INFO - Epoch [3/5], Batch [8/300], Loss: 1.1033 (Overall: 1.1643, Change: 1.0532), TF Ratio: 0.878
2026-06-15 00:24:33,803 - INFO - Epoch [3/5], Batch [9/300], Loss: 1.1157 (Overall: 0.7434, Change: 1.6851), TF Ratio: 0.878
2026-06-15 00:24:33,962 - INFO - Epoch [3/5], Batch [10/300], Loss: 1.1086 (Overall: 0.8837, Change: 1.2058), TF Ratio: 0.878
2026-06-15 00:24:34,114 - INFO - Epoch [3/5], Batch [11/300], Loss: 1.1193 (Overall: 0.8128, Change: 1.6407), TF Ratio: 0.878
2026-06-15 00:24:34,266 - INFO - Epoch [3/5], Batch [12/300], Loss: 1.1274 (Overall: 0.6766, Change: 1.7565), TF Ratio: 0.878
2026-06-15 00:24:34,417 - INFO - Epoch [3/5], Batch [13/300], Loss: 1.1261 (Overall: 0.6753, Change: 1.5460), TF Ratio: 0.877
2026-06-15 00:24:34,568 - INFO - Epoch [3/5], Batch [14/300], Loss: 1.1363 (Overall: 0.6909, Change: 1.8453), TF Ratio: 0.877
2026-06-15 00:24:34,721 - INFO - Epoch [3/5], Batch [15/300], Loss: 1.1322 (Overall: 0.8085, Change: 1.3410), TF Ratio: 0.877
2026-06-15 00:24:34,885 - INFO - Epoch [3/5], Batch [16/300], Loss: 1.1440 (Overall: 1.1875, Change: 1.4543), TF Ratio: 0.877
2026-06-15 00:24:35,040 - INFO - Epoch [3/5], Batch [17/300], Loss: 1.1506 (Overall: 0.9869, Change: 1.5276), TF Ratio: 0.877
2026-06-15 00:24:35,191 - INFO - Epoch [3/5], Batch [18/300], Loss: 1.1486 (Overall: 0.7735, Change: 1.4545), TF Ratio: 0.876
2026-06-15 00:24:35,353 - INFO - Epoch [3/5], Batch [19/300], Loss: 1.1434 (Overall: 0.9034, Change: 1.1950), TF Ratio: 0.876
2026-06-15 00:24:35,505 - INFO - Epoch [3/5], Batch [20/300], Loss: 1.1474 (Overall: 0.7493, Change: 1.6993), TF Ratio: 0.876
2026-06-15 00:24:35,656 - INFO - Epoch [3/5], Batch [21/300], Loss: 1.1459 (Overall: 0.5378, Change: 1.6938), TF Ratio: 0.876
2026-06-15 00:24:35,807 - INFO - Epoch [3/5], Batch [22/300], Loss: 1.1462 (Overall: 0.7682, Change: 1.5382), TF Ratio: 0.876
2026-06-15 00:24:35,963 - INFO - Epoch [3/5], Batch [23/300], Loss: 1.1423 (Overall: 0.6786, Change: 1.4333), TF Ratio: 0.875
2026-06-15 00:24:36,115 - INFO - Epoch [3/5], Batch [24/300], Loss: 1.1458 (Overall: 0.9007, Change: 1.5501), TF Ratio: 0.875
2026-06-15 00:24:36,269 - INFO - Epoch [3/5], Batch [25/300], Loss: 1.1597 (Overall: 1.1852, Change: 1.8048), TF Ratio: 0.875
2026-06-15 00:24:36,420 - INFO - Epoch [3/5], Batch [26/300], Loss: 1.1681 (Overall: 0.6987, Change: 2.0546), TF Ratio: 0.875
2026-06-15 00:24:36,570 - INFO - Epoch [3/5], Batch [27/300], Loss: 1.1616 (Overall: 0.8492, Change: 1.1358), TF Ratio: 0.875
2026-06-15 00:24:36,723 - INFO - Epoch [3/5], Batch [28/300], Loss: 1.1516 (Overall: 0.6331, Change: 1.1286), TF Ratio: 0.874
2026-06-15 00:24:36,889 - INFO - Epoch [3/5], Batch [29/300], Loss: 1.1489 (Overall: 0.7160, Change: 1.4307), TF Ratio: 0.874
2026-06-15 00:24:37,040 - INFO - Epoch [3/5], Batch [30/300], Loss: 1.1443 (Overall: 0.6966, Change: 1.3278), TF Ratio: 0.874
2026-06-15 00:24:37,197 - INFO - Epoch [3/5], Batch [31/300], Loss: 1.1382 (Overall: 0.5179, Change: 1.3929), TF Ratio: 0.874
2026-06-15 00:24:37,357 - INFO - Epoch [3/5], Batch [32/300], Loss: 1.1423 (Overall: 0.8134, Change: 1.7248), TF Ratio: 0.874
2026-06-15 00:24:37,508 - INFO - Epoch [3/5], Batch [33/300], Loss: 1.1438 (Overall: 0.9681, Change: 1.4183), TF Ratio: 0.873
2026-06-15 00:24:37,659 - INFO - Epoch [3/5], Batch [34/300], Loss: 1.1413 (Overall: 0.6779, Change: 1.4400), TF Ratio: 0.873
2026-06-15 00:24:37,809 - INFO - Epoch [3/5], Batch [35/300], Loss: 1.1426 (Overall: 0.7663, Change: 1.6039), TF Ratio: 0.873
2026-06-15 00:24:37,968 - INFO - Epoch [3/5], Batch [36/300], Loss: 1.1550 (Overall: 1.6026, Change: 1.5741), TF Ratio: 0.873
2026-06-15 00:24:38,128 - INFO - Epoch [3/5], Batch [37/300], Loss: 1.1601 (Overall: 1.1990, Change: 1.4898), TF Ratio: 0.873
2026-06-15 00:24:38,288 - INFO - Epoch [3/5], Batch [38/300], Loss: 1.1631 (Overall: 0.9137, Change: 1.6329), TF Ratio: 0.872
2026-06-15 00:24:38,439 - INFO - Epoch [3/5], Batch [39/300], Loss: 1.1623 (Overall: 0.7520, Change: 1.5175), TF Ratio: 0.872
2026-06-15 00:24:38,594 - INFO - Epoch [3/5], Batch [40/300], Loss: 1.1612 (Overall: 0.8551, Change: 1.3801), TF Ratio: 0.872
2026-06-15 00:24:38,745 - INFO - Epoch [3/5], Batch [41/300], Loss: 1.1568 (Overall: 0.8238, Change: 1.1316), TF Ratio: 0.872
2026-06-15 00:24:38,896 - INFO - Epoch [3/5], Batch [42/300], Loss: 1.1592 (Overall: 0.9548, Change: 1.5621), TF Ratio: 0.872
2026-06-15 00:24:39,063 - INFO - Epoch [3/5], Batch [43/300], Loss: 1.1595 (Overall: 0.6767, Change: 1.6680), TF Ratio: 0.871
2026-06-15 00:24:39,251 - INFO - Epoch [3/5], Batch [44/300], Loss: 1.1555 (Overall: 0.6019, Change: 1.3668), TF Ratio: 0.871
2026-06-15 00:24:39,402 - INFO - Epoch [3/5], Batch [45/300], Loss: 1.1579 (Overall: 0.8596, Change: 1.6706), TF Ratio: 0.871
2026-06-15 00:24:39,554 - INFO - Epoch [3/5], Batch [46/300], Loss: 1.1570 (Overall: 0.9137, Change: 1.3184), TF Ratio: 0.871
2026-06-15 00:24:39,705 - INFO - Epoch [3/5], Batch [47/300], Loss: 1.1551 (Overall: 0.8052, Change: 1.3235), TF Ratio: 0.871
2026-06-15 00:24:39,866 - INFO - Epoch [3/5], Batch [48/300], Loss: 1.1557 (Overall: 0.5761, Change: 1.7991), TF Ratio: 0.870
2026-06-15 00:24:40,020 - INFO - Epoch [3/5], Batch [49/300], Loss: 1.1574 (Overall: 0.6417, Change: 1.8308), TF Ratio: 0.870
2026-06-15 00:24:40,171 - INFO - Epoch [3/5], Batch [50/300], Loss: 1.1577 (Overall: 1.1728, Change: 1.1696), TF Ratio: 0.870
2026-06-15 00:24:40,322 - INFO - Epoch [3/5], Batch [51/300], Loss: 1.1642 (Overall: 1.2056, Change: 1.7732), TF Ratio: 0.870
2026-06-15 00:24:40,474 - INFO - Epoch [3/5], Batch [52/300], Loss: 1.1631 (Overall: 0.9427, Change: 1.2806), TF Ratio: 0.870
2026-06-15 00:24:40,624 - INFO - Epoch [3/5], Batch [53/300], Loss: 1.1646 (Overall: 0.9111, Change: 1.5681), TF Ratio: 0.869
2026-06-15 00:24:40,775 - INFO - Epoch [3/5], Batch [54/300], Loss: 1.1621 (Overall: 0.8114, Change: 1.2465), TF Ratio: 0.869
2026-06-15 00:24:40,944 - INFO - Epoch [3/5], Batch [55/300], Loss: 1.1616 (Overall: 0.7218, Change: 1.5527), TF Ratio: 0.869
2026-06-15 00:24:41,108 - INFO - Epoch [3/5], Batch [56/300], Loss: 1.1613 (Overall: 0.6195, Change: 1.6698), TF Ratio: 0.869
2026-06-15 00:24:41,258 - INFO - Epoch [3/5], Batch [57/300], Loss: 1.1616 (Overall: 0.7635, Change: 1.5948), TF Ratio: 0.869
2026-06-15 00:24:41,410 - INFO - Epoch [3/5], Batch [58/300], Loss: 1.1650 (Overall: 1.1467, Change: 1.5691), TF Ratio: 0.868
2026-06-15 00:24:41,561 - INFO - Epoch [3/5], Batch [59/300], Loss: 1.1566 (Overall: 0.7397, Change: 0.5937), TF Ratio: 0.868
2026-06-15 00:24:41,714 - INFO - Epoch [3/5], Batch [60/300], Loss: 1.1542 (Overall: 0.6984, Change: 1.3326), TF Ratio: 0.868
2026-06-15 00:24:41,866 - INFO - Epoch [3/5], Batch [61/300], Loss: 1.1546 (Overall: 0.6936, Change: 1.6640), TF Ratio: 0.868
2026-06-15 00:24:42,017 - INFO - Epoch [3/5], Batch [62/300], Loss: 1.1651 (Overall: 1.8670, Change: 1.7468), TF Ratio: 0.868
2026-06-15 00:24:42,168 - INFO - Epoch [3/5], Batch [63/300], Loss: 1.1615 (Overall: 0.5705, Change: 1.2970), TF Ratio: 0.867
2026-06-15 00:24:42,319 - INFO - Epoch [3/5], Batch [64/300], Loss: 1.1597 (Overall: 0.7929, Change: 1.3022), TF Ratio: 0.867
2026-06-15 00:24:42,469 - INFO - Epoch [3/5], Batch [65/300], Loss: 1.1621 (Overall: 0.9205, Change: 1.7071), TF Ratio: 0.867
2026-06-15 00:24:42,620 - INFO - Epoch [3/5], Batch [66/300], Loss: 1.1663 (Overall: 1.1406, Change: 1.7484), TF Ratio: 0.867
2026-06-15 00:24:42,771 - INFO - Epoch [3/5], Batch [67/300], Loss: 1.1637 (Overall: 0.6785, Change: 1.3052), TF Ratio: 0.867
2026-06-15 00:24:42,922 - INFO - Epoch [3/5], Batch [68/300], Loss: 1.1628 (Overall: 0.8070, Change: 1.3893), TF Ratio: 0.866
2026-06-15 00:24:43,073 - INFO - Epoch [3/5], Batch [69/300], Loss: 1.1608 (Overall: 0.8671, Change: 1.1890), TF Ratio: 0.866
2026-06-15 00:24:43,224 - INFO - Epoch [3/5], Batch [70/300], Loss: 1.1591 (Overall: 0.6181, Change: 1.4576), TF Ratio: 0.866
2026-06-15 00:24:43,376 - INFO - Epoch [3/5], Batch [71/300], Loss: 1.1579 (Overall: 0.7711, Change: 1.3856), TF Ratio: 0.866
2026-06-15 00:24:43,544 - INFO - Epoch [3/5], Batch [72/300], Loss: 1.1604 (Overall: 1.0176, Change: 1.6492), TF Ratio: 0.866
2026-06-15 00:24:43,706 - INFO - Epoch [3/5], Batch [73/300], Loss: 1.1546 (Overall: 0.5487, Change: 0.9258), TF Ratio: 0.865
2026-06-15 00:24:43,857 - INFO - Epoch [3/5], Batch [74/300], Loss: 1.1578 (Overall: 0.9912, Change: 1.7917), TF Ratio: 0.865
2026-06-15 00:24:44,008 - INFO - Epoch [3/5], Batch [75/300], Loss: 1.1585 (Overall: 0.8044, Change: 1.6166), TF Ratio: 0.865
2026-06-15 00:24:44,160 - INFO - Epoch [3/5], Batch [76/300], Loss: 1.1534 (Overall: 0.7908, Change: 0.7520), TF Ratio: 0.865
2026-06-15 00:24:44,319 - INFO - Epoch [3/5], Batch [77/300], Loss: 1.1515 (Overall: 0.6390, Change: 1.3738), TF Ratio: 0.865
2026-06-15 00:24:44,469 - INFO - Epoch [3/5], Batch [78/300], Loss: 1.1501 (Overall: 0.7564, Change: 1.3264), TF Ratio: 0.864
2026-06-15 00:24:44,628 - INFO - Epoch [3/5], Batch [79/300], Loss: 1.1477 (Overall: 0.6128, Change: 1.3112), TF Ratio: 0.864
2026-06-15 00:24:44,780 - INFO - Epoch [3/5], Batch [80/300], Loss: 1.1489 (Overall: 0.8380, Change: 1.6497), TF Ratio: 0.864
2026-06-15 00:24:44,930 - INFO - Epoch [3/5], Batch [81/300], Loss: 1.1503 (Overall: 0.7470, Change: 1.7813), TF Ratio: 0.864
2026-06-15 00:24:45,080 - INFO - Epoch [3/5], Batch [82/300], Loss: 1.1531 (Overall: 1.1347, Change: 1.6204), TF Ratio: 0.864
2026-06-15 00:24:45,231 - INFO - Epoch [3/5], Batch [83/300], Loss: 1.1515 (Overall: 0.8338, Change: 1.2149), TF Ratio: 0.863
2026-06-15 00:24:45,393 - INFO - Epoch [3/5], Batch [84/300], Loss: 1.1538 (Overall: 1.0459, Change: 1.6339), TF Ratio: 0.863
2026-06-15 00:24:45,543 - INFO - Epoch [3/5], Batch [85/300], Loss: 1.1560 (Overall: 1.1179, Change: 1.5710), TF Ratio: 0.863
2026-06-15 00:24:45,694 - INFO - Epoch [3/5], Batch [86/300], Loss: 1.1564 (Overall: 0.6740, Change: 1.6961), TF Ratio: 0.863
2026-06-15 00:24:45,847 - INFO - Epoch [3/5], Batch [87/300], Loss: 1.1553 (Overall: 0.9077, Change: 1.2301), TF Ratio: 0.863
2026-06-15 00:24:46,001 - INFO - Epoch [3/5], Batch [88/300], Loss: 1.1557 (Overall: 0.7145, Change: 1.6634), TF Ratio: 0.862
2026-06-15 00:24:46,153 - INFO - Epoch [3/5], Batch [89/300], Loss: 1.1543 (Overall: 0.7624, Change: 1.2946), TF Ratio: 0.862
2026-06-15 00:24:46,305 - INFO - Epoch [3/5], Batch [90/300], Loss: 1.1543 (Overall: 0.8526, Change: 1.4523), TF Ratio: 0.862
2026-06-15 00:24:46,456 - INFO - Epoch [3/5], Batch [91/300], Loss: 1.1558 (Overall: 0.8028, Change: 1.7882), TF Ratio: 0.862
2026-06-15 00:24:46,617 - INFO - Epoch [3/5], Batch [92/300], Loss: 1.1520 (Overall: 0.5575, Change: 1.0471), TF Ratio: 0.862
2026-06-15 00:24:46,768 - INFO - Epoch [3/5], Batch [93/300], Loss: 1.1614 (Overall: 2.0541, Change: 1.9936), TF Ratio: 0.861
2026-06-15 00:24:46,923 - INFO - Epoch [3/5], Batch [94/300], Loss: 1.1627 (Overall: 0.6413, Change: 1.9406), TF Ratio: 0.861
2026-06-15 00:24:47,074 - INFO - Epoch [3/5], Batch [95/300], Loss: 1.1643 (Overall: 0.9314, Change: 1.6826), TF Ratio: 0.861
2026-06-15 00:24:47,233 - INFO - Epoch [3/5], Batch [96/300], Loss: 1.1643 (Overall: 0.8975, Change: 1.4396), TF Ratio: 0.861
2026-06-15 00:24:47,383 - INFO - Epoch [3/5], Batch [97/300], Loss: 1.1644 (Overall: 0.8594, Change: 1.4851), TF Ratio: 0.861
2026-06-15 00:24:47,543 - INFO - Epoch [3/5], Batch [98/300], Loss: 1.1656 (Overall: 0.9028, Change: 1.6651), TF Ratio: 0.860
2026-06-15 00:24:47,695 - INFO - Epoch [3/5], Batch [99/300], Loss: 1.1658 (Overall: 0.8490, Change: 1.5163), TF Ratio: 0.860
2026-06-15 00:24:47,861 - INFO - Epoch [3/5], Batch [100/300], Loss: 1.1624 (Overall: 0.6689, Change: 0.9883), TF Ratio: 0.860
2026-06-15 00:24:48,011 - INFO - Epoch [3/5], Batch [101/300], Loss: 1.1648 (Overall: 1.1638, Change: 1.6371), TF Ratio: 0.860
2026-06-15 00:24:48,162 - INFO - Epoch [3/5], Batch [102/300], Loss: 1.1650 (Overall: 0.6512, Change: 1.7277), TF Ratio: 0.860
2026-06-15 00:24:48,313 - INFO - Epoch [3/5], Batch [103/300], Loss: 1.1657 (Overall: 0.9819, Change: 1.4943), TF Ratio: 0.859
2026-06-15 00:24:48,465 - INFO - Epoch [3/5], Batch [104/300], Loss: 1.1671 (Overall: 1.0529, Change: 1.5648), TF Ratio: 0.859
2026-06-15 00:24:48,615 - INFO - Epoch [3/5], Batch [105/300], Loss: 1.1650 (Overall: 0.6522, Change: 1.2520), TF Ratio: 0.859
2026-06-15 00:24:48,766 - INFO - Epoch [3/5], Batch [106/300], Loss: 1.1636 (Overall: 0.8241, Change: 1.2033), TF Ratio: 0.859
2026-06-15 00:24:48,917 - INFO - Epoch [3/5], Batch [107/300], Loss: 1.1672 (Overall: 0.5892, Change: 2.5033), TF Ratio: 0.859
2026-06-15 00:24:49,071 - INFO - Epoch [3/5], Batch [108/300], Loss: 1.1672 (Overall: 0.6036, Change: 1.7223), TF Ratio: 0.858
2026-06-15 00:24:49,221 - INFO - Epoch [3/5], Batch [109/300], Loss: 1.1638 (Overall: 0.8507, Change: 0.7461), TF Ratio: 0.858
2026-06-15 00:24:49,371 - INFO - Epoch [3/5], Batch [110/300], Loss: 1.1669 (Overall: 1.4769, Change: 1.5469), TF Ratio: 0.858
2026-06-15 00:24:49,522 - INFO - Epoch [3/5], Batch [111/300], Loss: 1.1654 (Overall: 0.8318, Change: 1.1711), TF Ratio: 0.858
2026-06-15 00:24:49,673 - INFO - Epoch [3/5], Batch [112/300], Loss: 1.1646 (Overall: 1.0460, Change: 1.0890), TF Ratio: 0.858
2026-06-15 00:24:49,824 - INFO - Epoch [3/5], Batch [113/300], Loss: 1.1649 (Overall: 0.6818, Change: 1.7114), TF Ratio: 0.857
2026-06-15 00:24:49,974 - INFO - Epoch [3/5], Batch [114/300], Loss: 1.1645 (Overall: 0.8331, Change: 1.4114), TF Ratio: 0.857
2026-06-15 00:24:50,125 - INFO - Epoch [3/5], Batch [115/300], Loss: 1.1644 (Overall: 0.7634, Change: 1.5542), TF Ratio: 0.857
2026-06-15 00:24:50,277 - INFO - Epoch [3/5], Batch [116/300], Loss: 1.1648 (Overall: 0.6270, Change: 1.7805), TF Ratio: 0.857
2026-06-15 00:24:50,428 - INFO - Epoch [3/5], Batch [117/300], Loss: 1.1650 (Overall: 0.9259, Change: 1.4560), TF Ratio: 0.857
2026-06-15 00:24:50,586 - INFO - Epoch [3/5], Batch [118/300], Loss: 1.1659 (Overall: 1.0010, Change: 1.5327), TF Ratio: 0.856
2026-06-15 00:24:50,738 - INFO - Epoch [3/5], Batch [119/300], Loss: 1.1670 (Overall: 0.9634, Change: 1.6306), TF Ratio: 0.856
2026-06-15 00:24:50,891 - INFO - Epoch [3/5], Batch [120/300], Loss: 1.1673 (Overall: 0.7070, Change: 1.7002), TF Ratio: 0.856
2026-06-15 00:24:51,041 - INFO - Epoch [3/5], Batch [121/300], Loss: 1.1674 (Overall: 0.5632, Change: 1.8048), TF Ratio: 0.856
2026-06-15 00:24:51,191 - INFO - Epoch [3/5], Batch [122/300], Loss: 1.1673 (Overall: 0.7650, Change: 1.5482), TF Ratio: 0.856
2026-06-15 00:24:51,342 - INFO - Epoch [3/5], Batch [123/300], Loss: 1.1671 (Overall: 0.7883, Change: 1.5010), TF Ratio: 0.855
2026-06-15 00:24:51,494 - INFO - Epoch [3/5], Batch [124/300], Loss: 1.1664 (Overall: 0.5797, Change: 1.5748), TF Ratio: 0.855
2026-06-15 00:24:51,645 - INFO - Epoch [3/5], Batch [125/300], Loss: 1.1661 (Overall: 0.6152, Change: 1.6411), TF Ratio: 0.855
2026-06-15 00:24:51,795 - INFO - Epoch [3/5], Batch [126/300], Loss: 1.1657 (Overall: 0.7041, Change: 1.5343), TF Ratio: 0.855
2026-06-15 00:24:51,946 - INFO - Epoch [3/5], Batch [127/300], Loss: 1.1636 (Overall: 0.6569, Change: 1.1305), TF Ratio: 0.855
2026-06-15 00:24:52,098 - INFO - Epoch [3/5], Batch [128/300], Loss: 1.1676 (Overall: 1.7352, Change: 1.6225), TF Ratio: 0.854
2026-06-15 00:24:52,248 - INFO - Epoch [3/5], Batch [129/300], Loss: 1.1678 (Overall: 0.7867, Change: 1.6065), TF Ratio: 0.854
2026-06-15 00:24:52,399 - INFO - Epoch [3/5], Batch [130/300], Loss: 1.1689 (Overall: 0.9257, Change: 1.6849), TF Ratio: 0.854
2026-06-15 00:24:52,549 - INFO - Epoch [3/5], Batch [131/300], Loss: 1.1688 (Overall: 0.6984, Change: 1.6123), TF Ratio: 0.854
2026-06-15 00:24:52,701 - INFO - Epoch [3/5], Batch [132/300], Loss: 1.1701 (Overall: 0.8711, Change: 1.8064), TF Ratio: 0.854
2026-06-15 00:24:52,872 - INFO - Epoch [3/5], Batch [133/300], Loss: 1.1705 (Overall: 0.9049, Change: 1.5496), TF Ratio: 0.853
2026-06-15 00:24:53,023 - INFO - Epoch [3/5], Batch [134/300], Loss: 1.1693 (Overall: 0.8030, Change: 1.2244), TF Ratio: 0.853
2026-06-15 00:24:53,174 - INFO - Epoch [3/5], Batch [135/300], Loss: 1.1717 (Overall: 1.1270, Change: 1.8417), TF Ratio: 0.853
2026-06-15 00:24:53,326 - INFO - Epoch [3/5], Batch [136/300], Loss: 1.1730 (Overall: 1.2102, Change: 1.4973), TF Ratio: 0.853
2026-06-15 00:24:53,485 - INFO - Epoch [3/5], Batch [137/300], Loss: 1.1729 (Overall: 0.7131, Change: 1.5993), TF Ratio: 0.853
2026-06-15 00:24:53,636 - INFO - Epoch [3/5], Batch [138/300], Loss: 1.1734 (Overall: 0.8053, Change: 1.6941), TF Ratio: 0.852
2026-06-15 00:24:53,787 - INFO - Epoch [3/5], Batch [139/300], Loss: 1.1740 (Overall: 0.9576, Change: 1.5510), TF Ratio: 0.852
2026-06-15 00:24:53,942 - INFO - Epoch [3/5], Batch [140/300], Loss: 1.1758 (Overall: 1.3334, Change: 1.5016), TF Ratio: 0.852
2026-06-15 00:24:54,093 - INFO - Epoch [3/5], Batch [141/300], Loss: 1.1774 (Overall: 1.2363, Change: 1.5767), TF Ratio: 0.852
2026-06-15 00:24:54,244 - INFO - Epoch [3/5], Batch [142/300], Loss: 1.1783 (Overall: 1.0244, Change: 1.5865), TF Ratio: 0.852
2026-06-15 00:24:54,400 - INFO - Epoch [3/5], Batch [143/300], Loss: 1.1779 (Overall: 0.6317, Change: 1.6062), TF Ratio: 0.851
2026-06-15 00:24:54,566 - INFO - Epoch [3/5], Batch [144/300], Loss: 1.1779 (Overall: 0.9827, Change: 1.3803), TF Ratio: 0.851
2026-06-15 00:24:54,716 - INFO - Epoch [3/5], Batch [145/300], Loss: 1.1777 (Overall: 0.7267, Change: 1.5720), TF Ratio: 0.851
2026-06-15 00:24:54,867 - INFO - Epoch [3/5], Batch [146/300], Loss: 1.1761 (Overall: 0.8359, Change: 1.0587), TF Ratio: 0.851
2026-06-15 00:24:55,018 - INFO - Epoch [3/5], Batch [147/300], Loss: 1.1770 (Overall: 0.9642, Change: 1.6420), TF Ratio: 0.851
2026-06-15 00:24:55,171 - INFO - Epoch [3/5], Batch [148/300], Loss: 1.1782 (Overall: 1.3217, Change: 1.3831), TF Ratio: 0.850
2026-06-15 00:24:55,323 - INFO - Epoch [3/5], Batch [149/300], Loss: 1.1788 (Overall: 1.0762, Change: 1.4681), TF Ratio: 0.850
2026-06-15 00:24:55,474 - INFO - Epoch [3/5], Batch [150/300], Loss: 1.1773 (Overall: 0.8550, Change: 1.0555), TF Ratio: 0.850
2026-06-15 00:24:55,625 - INFO - Epoch [3/5], Batch [151/300], Loss: 1.1778 (Overall: 0.8579, Change: 1.6254), TF Ratio: 0.850
2026-06-15 00:24:55,777 - INFO - Epoch [3/5], Batch [152/300], Loss: 1.1795 (Overall: 1.2525, Change: 1.6388), TF Ratio: 0.850
2026-06-15 00:24:55,935 - INFO - Epoch [3/5], Batch [153/300], Loss: 1.1812 (Overall: 1.4924, Change: 1.3820), TF Ratio: 0.849
2026-06-15 00:24:56,087 - INFO - Epoch [3/5], Batch [154/300], Loss: 1.1803 (Overall: 0.6242, Change: 1.4617), TF Ratio: 0.849
2026-06-15 00:24:56,237 - INFO - Epoch [3/5], Batch [155/300], Loss: 1.1794 (Overall: 0.6712, Change: 1.4215), TF Ratio: 0.849
2026-06-15 00:24:56,389 - INFO - Epoch [3/5], Batch [156/300], Loss: 1.1821 (Overall: 1.3004, Change: 1.8768), TF Ratio: 0.849
2026-06-15 00:24:56,550 - INFO - Epoch [3/5], Batch [157/300], Loss: 1.1815 (Overall: 0.6844, Change: 1.4954), TF Ratio: 0.849
2026-06-15 00:24:56,701 - INFO - Epoch [3/5], Batch [158/300], Loss: 1.1806 (Overall: 0.6382, Change: 1.4541), TF Ratio: 0.848
2026-06-15 00:24:56,853 - INFO - Epoch [3/5], Batch [159/300], Loss: 1.1803 (Overall: 0.7415, Change: 1.5217), TF Ratio: 0.848
2026-06-15 00:24:57,016 - INFO - Epoch [3/5], Batch [160/300], Loss: 1.1797 (Overall: 0.7416, Change: 1.4350), TF Ratio: 0.848
2026-06-15 00:24:57,167 - INFO - Epoch [3/5], Batch [161/300], Loss: 1.1793 (Overall: 0.8036, Change: 1.4311), TF Ratio: 0.848
2026-06-15 00:24:57,317 - INFO - Epoch [3/5], Batch [162/300], Loss: 1.1796 (Overall: 0.9341, Change: 1.5174), TF Ratio: 0.848
2026-06-15 00:24:57,467 - INFO - Epoch [3/5], Batch [163/300], Loss: 1.1797 (Overall: 0.9673, Change: 1.4190), TF Ratio: 0.847
2026-06-15 00:24:57,623 - INFO - Epoch [3/5], Batch [164/300], Loss: 1.1805 (Overall: 0.8988, Change: 1.7086), TF Ratio: 0.847
2026-06-15 00:24:57,774 - INFO - Epoch [3/5], Batch [165/300], Loss: 1.1799 (Overall: 0.6368, Change: 1.5469), TF Ratio: 0.847
2026-06-15 00:24:57,924 - INFO - Epoch [3/5], Batch [166/300], Loss: 1.1804 (Overall: 1.0517, Change: 1.4685), TF Ratio: 0.847
2026-06-15 00:24:58,075 - INFO - Epoch [3/5], Batch [167/300], Loss: 1.1808 (Overall: 0.9475, Change: 1.5343), TF Ratio: 0.847
2026-06-15 00:24:58,228 - INFO - Epoch [3/5], Batch [168/300], Loss: 1.1814 (Overall: 0.6999, Change: 1.8661), TF Ratio: 0.846
2026-06-15 00:24:58,378 - INFO - Epoch [3/5], Batch [169/300], Loss: 1.1829 (Overall: 1.0873, Change: 1.7738), TF Ratio: 0.846
2026-06-15 00:24:58,529 - INFO - Epoch [3/5], Batch [170/300], Loss: 1.1833 (Overall: 1.0703, Change: 1.4298), TF Ratio: 0.846
2026-06-15 00:24:58,679 - INFO - Epoch [3/5], Batch [171/300], Loss: 1.1829 (Overall: 0.7359, Change: 1.5092), TF Ratio: 0.846
2026-06-15 00:24:58,831 - INFO - Epoch [3/5], Batch [172/300], Loss: 1.1836 (Overall: 0.9365, Change: 1.6575), TF Ratio: 0.846
2026-06-15 00:24:58,981 - INFO - Epoch [3/5], Batch [173/300], Loss: 1.1838 (Overall: 0.8622, Change: 1.5902), TF Ratio: 0.845
2026-06-15 00:24:59,135 - INFO - Epoch [3/5], Batch [174/300], Loss: 1.1846 (Overall: 1.0536, Change: 1.5898), TF Ratio: 0.845
2026-06-15 00:24:59,287 - INFO - Epoch [3/5], Batch [175/300], Loss: 1.1857 (Overall: 0.8442, Change: 1.9082), TF Ratio: 0.845
2026-06-15 00:24:59,440 - INFO - Epoch [3/5], Batch [176/300], Loss: 1.1855 (Overall: 0.8040, Change: 1.5053), TF Ratio: 0.845
2026-06-15 00:24:59,591 - INFO - Epoch [3/5], Batch [177/300], Loss: 1.1851 (Overall: 0.7547, Change: 1.4639), TF Ratio: 0.845
2026-06-15 00:24:59,748 - INFO - Epoch [3/5], Batch [178/300], Loss: 1.1852 (Overall: 0.8698, Change: 1.5495), TF Ratio: 0.844
2026-06-15 00:24:59,900 - INFO - Epoch [3/5], Batch [179/300], Loss: 1.1858 (Overall: 1.1205, Change: 1.4539), TF Ratio: 0.844
2026-06-15 00:25:00,066 - INFO - Epoch [3/5], Batch [180/300], Loss: 1.1849 (Overall: 0.7103, Change: 1.3233), TF Ratio: 0.844
2026-06-15 00:25:00,216 - INFO - Epoch [3/5], Batch [181/300], Loss: 1.1844 (Overall: 0.8744, Change: 1.3392), TF Ratio: 0.844
2026-06-15 00:25:00,370 - INFO - Epoch [3/5], Batch [182/300], Loss: 1.1854 (Overall: 1.0851, Change: 1.6497), TF Ratio: 0.844
2026-06-15 00:25:00,521 - INFO - Epoch [3/5], Batch [183/300], Loss: 1.1851 (Overall: 0.8862, Change: 1.3800), TF Ratio: 0.843
2026-06-15 00:25:00,681 - INFO - Epoch [3/5], Batch [184/300], Loss: 1.1849 (Overall: 0.7847, Change: 1.4898), TF Ratio: 0.843
2026-06-15 00:25:00,831 - INFO - Epoch [3/5], Batch [185/300], Loss: 1.1857 (Overall: 1.0793, Change: 1.5802), TF Ratio: 0.843
2026-06-15 00:25:00,982 - INFO - Epoch [3/5], Batch [186/300], Loss: 1.1903 (Overall: 2.0979, Change: 1.9981), TF Ratio: 0.843
2026-06-15 00:25:01,133 - INFO - Epoch [3/5], Batch [187/300], Loss: 1.1912 (Overall: 1.0797, Change: 1.6255), TF Ratio: 0.843
2026-06-15 00:25:01,284 - INFO - Epoch [3/5], Batch [188/300], Loss: 1.1914 (Overall: 0.9316, Change: 1.5236), TF Ratio: 0.842
2026-06-15 00:25:01,445 - INFO - Epoch [3/5], Batch [189/300], Loss: 1.1896 (Overall: 0.7330, Change: 0.9704), TF Ratio: 0.842
2026-06-15 00:25:01,595 - INFO - Epoch [3/5], Batch [190/300], Loss: 1.1906 (Overall: 1.1494, Change: 1.6311), TF Ratio: 0.842
2026-06-15 00:25:01,745 - INFO - Epoch [3/5], Batch [191/300], Loss: 1.1910 (Overall: 1.1685, Change: 1.3649), TF Ratio: 0.842
2026-06-15 00:25:01,900 - INFO - Epoch [3/5], Batch [192/300], Loss: 1.1905 (Overall: 0.6464, Change: 1.5461), TF Ratio: 0.842
2026-06-15 00:25:02,050 - INFO - Epoch [3/5], Batch [193/300], Loss: 1.1892 (Overall: 0.5812, Change: 1.2861), TF Ratio: 0.841
2026-06-15 00:25:02,200 - INFO - Epoch [3/5], Batch [194/300], Loss: 1.1900 (Overall: 1.0834, Change: 1.6075), TF Ratio: 0.841
2026-06-15 00:25:02,351 - INFO - Epoch [3/5], Batch [195/300], Loss: 1.1886 (Overall: 0.6447, Change: 1.1929), TF Ratio: 0.841
2026-06-15 00:25:02,503 - INFO - Epoch [3/5], Batch [196/300], Loss: 1.1878 (Overall: 0.6027, Change: 1.4677), TF Ratio: 0.841
2026-06-15 00:25:02,654 - INFO - Epoch [3/5], Batch [197/300], Loss: 1.1878 (Overall: 1.0595, Change: 1.2933), TF Ratio: 0.841
2026-06-15 00:25:02,805 - INFO - Epoch [3/5], Batch [198/300], Loss: 1.1875 (Overall: 0.8667, Change: 1.3838), TF Ratio: 0.840
2026-06-15 00:25:02,956 - INFO - Epoch [3/5], Batch [199/300], Loss: 1.1864 (Overall: 0.6506, Change: 1.2915), TF Ratio: 0.840
2026-06-15 00:25:03,107 - INFO - Epoch [3/5], Batch [200/300], Loss: 1.1864 (Overall: 0.9010, Change: 1.4702), TF Ratio: 0.840
2026-06-15 00:25:03,265 - INFO - Epoch [3/5], Batch [201/300], Loss: 1.1865 (Overall: 0.8047, Change: 1.6324), TF Ratio: 0.840
2026-06-15 00:25:03,415 - INFO - Epoch [3/5], Batch [202/300], Loss: 1.1860 (Overall: 0.9427, Change: 1.2129), TF Ratio: 0.840
2026-06-15 00:25:03,566 - INFO - Epoch [3/5], Batch [203/300], Loss: 1.1854 (Overall: 0.7957, Change: 1.3401), TF Ratio: 0.839
2026-06-15 00:25:03,726 - INFO - Epoch [3/5], Batch [204/300], Loss: 1.1853 (Overall: 1.0222, Change: 1.3120), TF Ratio: 0.839
2026-06-15 00:25:03,880 - INFO - Epoch [3/5], Batch [205/300], Loss: 1.1846 (Overall: 0.7946, Change: 1.2809), TF Ratio: 0.839
2026-06-15 00:25:04,031 - INFO - Epoch [3/5], Batch [206/300], Loss: 1.1842 (Overall: 0.9678, Change: 1.2525), TF Ratio: 0.839
2026-06-15 00:25:04,181 - INFO - Epoch [3/5], Batch [207/300], Loss: 1.1845 (Overall: 0.7235, Change: 1.7374), TF Ratio: 0.839
2026-06-15 00:25:04,332 - INFO - Epoch [3/5], Batch [208/300], Loss: 1.1837 (Overall: 0.7735, Change: 1.2893), TF Ratio: 0.838
2026-06-15 00:25:04,484 - INFO - Epoch [3/5], Batch [209/300], Loss: 1.1834 (Overall: 0.8010, Change: 1.4183), TF Ratio: 0.838
2026-06-15 00:25:04,634 - INFO - Epoch [3/5], Batch [210/300], Loss: 1.1828 (Overall: 0.6267, Change: 1.5205), TF Ratio: 0.838
2026-06-15 00:25:04,784 - INFO - Epoch [3/5], Batch [211/300], Loss: 1.1829 (Overall: 0.8504, Change: 1.5202), TF Ratio: 0.838
2026-06-15 00:25:04,946 - INFO - Epoch [3/5], Batch [212/300], Loss: 1.1818 (Overall: 0.7587, Change: 1.1373), TF Ratio: 0.838
2026-06-15 00:25:05,096 - INFO - Epoch [3/5], Batch [213/300], Loss: 1.1815 (Overall: 0.9010, Change: 1.3677), TF Ratio: 0.837
2026-06-15 00:25:05,247 - INFO - Epoch [3/5], Batch [214/300], Loss: 1.1813 (Overall: 0.6160, Change: 1.6287), TF Ratio: 0.837
2026-06-15 00:25:05,397 - INFO - Epoch [3/5], Batch [215/300], Loss: 1.1813 (Overall: 0.9594, Change: 1.4303), TF Ratio: 0.837
2026-06-15 00:25:05,549 - INFO - Epoch [3/5], Batch [216/300], Loss: 1.1810 (Overall: 0.9247, Change: 1.3158), TF Ratio: 0.837
2026-06-15 00:25:05,699 - INFO - Epoch [3/5], Batch [217/300], Loss: 1.1805 (Overall: 0.8043, Change: 1.3137), TF Ratio: 0.837
2026-06-15 00:25:05,858 - INFO - Epoch [3/5], Batch [218/300], Loss: 1.1807 (Overall: 0.6875, Change: 1.7949), TF Ratio: 0.836
2026-06-15 00:25:06,009 - INFO - Epoch [3/5], Batch [219/300], Loss: 1.1804 (Overall: 0.8790, Change: 1.3295), TF Ratio: 0.836
2026-06-15 00:25:06,161 - INFO - Epoch [3/5], Batch [220/300], Loss: 1.1789 (Overall: 0.6511, Change: 1.0459), TF Ratio: 0.836
2026-06-15 00:25:06,311 - INFO - Epoch [3/5], Batch [221/300], Loss: 1.1791 (Overall: 0.8903, Change: 1.5725), TF Ratio: 0.836
2026-06-15 00:25:06,462 - INFO - Epoch [3/5], Batch [222/300], Loss: 1.1783 (Overall: 0.6779, Change: 1.3324), TF Ratio: 0.836
2026-06-15 00:25:06,614 - INFO - Epoch [3/5], Batch [223/300], Loss: 1.1790 (Overall: 1.0937, Change: 1.5377), TF Ratio: 0.835
2026-06-15 00:25:06,781 - INFO - Epoch [3/5], Batch [224/300], Loss: 1.1792 (Overall: 0.7790, Change: 1.6767), TF Ratio: 0.835
2026-06-15 00:25:06,931 - INFO - Epoch [3/5], Batch [225/300], Loss: 1.1793 (Overall: 0.6966, Change: 1.7307), TF Ratio: 0.835
2026-06-15 00:25:07,082 - INFO - Epoch [3/5], Batch [226/300], Loss: 1.1786 (Overall: 0.7256, Change: 1.3071), TF Ratio: 0.835
2026-06-15 00:25:07,233 - INFO - Epoch [3/5], Batch [227/300], Loss: 1.1788 (Overall: 1.1306, Change: 1.2991), TF Ratio: 0.835
2026-06-15 00:25:07,384 - INFO - Epoch [3/5], Batch [228/300], Loss: 1.1784 (Overall: 0.6501, Change: 1.5396), TF Ratio: 0.834
2026-06-15 00:25:07,542 - INFO - Epoch [3/5], Batch [229/300], Loss: 1.1778 (Overall: 0.8151, Change: 1.2759), TF Ratio: 0.834
2026-06-15 00:25:07,693 - INFO - Epoch [3/5], Batch [230/300], Loss: 1.1770 (Overall: 0.6317, Change: 1.3413), TF Ratio: 0.834
2026-06-15 00:25:07,844 - INFO - Epoch [3/5], Batch [231/300], Loss: 1.1760 (Overall: 0.7209, Change: 1.1559), TF Ratio: 0.834
2026-06-15 00:25:07,996 - INFO - Epoch [3/5], Batch [232/300], Loss: 1.1757 (Overall: 0.7784, Change: 1.4662), TF Ratio: 0.834
2026-06-15 00:25:08,147 - INFO - Epoch [3/5], Batch [233/300], Loss: 1.1765 (Overall: 0.9762, Change: 1.7147), TF Ratio: 0.833
2026-06-15 00:25:08,298 - INFO - Epoch [3/5], Batch [234/300], Loss: 1.1774 (Overall: 1.1664, Change: 1.6162), TF Ratio: 0.833
2026-06-15 00:25:08,450 - INFO - Epoch [3/5], Batch [235/300], Loss: 1.1811 (Overall: 2.1269, Change: 1.9825), TF Ratio: 0.833
2026-06-15 00:25:08,611 - INFO - Epoch [3/5], Batch [236/300], Loss: 1.1804 (Overall: 0.8826, Change: 1.1583), TF Ratio: 0.833
2026-06-15 00:25:08,763 - INFO - Epoch [3/5], Batch [237/300], Loss: 1.1797 (Overall: 0.5510, Change: 1.4621), TF Ratio: 0.833
2026-06-15 00:25:08,915 - INFO - Epoch [3/5], Batch [238/300], Loss: 1.1792 (Overall: 0.6994, Change: 1.4446), TF Ratio: 0.832
2026-06-15 00:25:09,066 - INFO - Epoch [3/5], Batch [239/300], Loss: 1.1787 (Overall: 0.7052, Change: 1.4097), TF Ratio: 0.832
2026-06-15 00:25:09,217 - INFO - Epoch [3/5], Batch [240/300], Loss: 1.1781 (Overall: 0.6477, Change: 1.3978), TF Ratio: 0.832
2026-06-15 00:25:09,368 - INFO - Epoch [3/5], Batch [241/300], Loss: 1.1775 (Overall: 0.7042, Change: 1.3871), TF Ratio: 0.832
2026-06-15 00:25:09,519 - INFO - Epoch [3/5], Batch [242/300], Loss: 1.1782 (Overall: 0.7642, Change: 1.8916), TF Ratio: 0.832
2026-06-15 00:25:09,670 - INFO - Epoch [3/5], Batch [243/300], Loss: 1.1783 (Overall: 0.7912, Change: 1.6493), TF Ratio: 0.831
2026-06-15 00:25:09,822 - INFO - Epoch [3/5], Batch [244/300], Loss: 1.1780 (Overall: 0.8741, Change: 1.3457), TF Ratio: 0.831
2026-06-15 00:25:09,973 - INFO - Epoch [3/5], Batch [245/300], Loss: 1.1784 (Overall: 0.8226, Change: 1.7313), TF Ratio: 0.831
2026-06-15 00:25:10,133 - INFO - Epoch [3/5], Batch [246/300], Loss: 1.1792 (Overall: 0.7041, Change: 2.0081), TF Ratio: 0.831
2026-06-15 00:25:10,283 - INFO - Epoch [3/5], Batch [247/300], Loss: 1.1805 (Overall: 1.2993, Change: 1.7343), TF Ratio: 0.831
2026-06-15 00:25:10,436 - INFO - Epoch [3/5], Batch [248/300], Loss: 1.1807 (Overall: 0.7527, Change: 1.6889), TF Ratio: 0.830
2026-06-15 00:25:10,586 - INFO - Epoch [3/5], Batch [249/300], Loss: 1.1814 (Overall: 1.0667, Change: 1.6384), TF Ratio: 0.830
2026-06-15 00:25:10,746 - INFO - Epoch [3/5], Batch [250/300], Loss: 1.1802 (Overall: 0.5294, Change: 1.2597), TF Ratio: 0.830
2026-06-15 00:25:10,896 - INFO - Epoch [3/5], Batch [251/300], Loss: 1.1815 (Overall: 1.2053, Change: 1.7845), TF Ratio: 0.830
2026-06-15 00:25:11,048 - INFO - Epoch [3/5], Batch [252/300], Loss: 1.1818 (Overall: 0.7453, Change: 1.7638), TF Ratio: 0.830
2026-06-15 00:25:11,198 - INFO - Epoch [3/5], Batch [253/300], Loss: 1.1814 (Overall: 0.6778, Change: 1.4658), TF Ratio: 0.829
2026-06-15 00:25:11,349 - INFO - Epoch [3/5], Batch [254/300], Loss: 1.1804 (Overall: 0.8805, Change: 0.9882), TF Ratio: 0.829
2026-06-15 00:25:11,500 - INFO - Epoch [3/5], Batch [255/300], Loss: 1.1799 (Overall: 0.7922, Change: 1.3242), TF Ratio: 0.829
2026-06-15 00:25:11,651 - INFO - Epoch [3/5], Batch [256/300], Loss: 1.1801 (Overall: 0.9333, Change: 1.5317), TF Ratio: 0.829
2026-06-15 00:25:11,806 - INFO - Epoch [3/5], Batch [257/300], Loss: 1.1790 (Overall: 0.6961, Change: 1.0912), TF Ratio: 0.829
2026-06-15 00:25:11,956 - INFO - Epoch [3/5], Batch [258/300], Loss: 1.1802 (Overall: 0.9904, Change: 2.0054), TF Ratio: 0.828
2026-06-15 00:25:12,115 - INFO - Epoch [3/5], Batch [259/300], Loss: 1.1799 (Overall: 0.6382, Change: 1.5426), TF Ratio: 0.828
2026-06-15 00:25:12,270 - INFO - Epoch [3/5], Batch [260/300], Loss: 1.1786 (Overall: 0.6972, Change: 1.0110), TF Ratio: 0.828
2026-06-15 00:25:12,420 - INFO - Epoch [3/5], Batch [261/300], Loss: 1.1790 (Overall: 0.7047, Change: 1.8484), TF Ratio: 0.828
2026-06-15 00:25:12,571 - INFO - Epoch [3/5], Batch [262/300], Loss: 1.1804 (Overall: 1.2778, Change: 1.8317), TF Ratio: 0.828
2026-06-15 00:25:12,722 - INFO - Epoch [3/5], Batch [263/300], Loss: 1.1803 (Overall: 0.5922, Change: 1.6786), TF Ratio: 0.827
2026-06-15 00:25:12,878 - INFO - Epoch [3/5], Batch [264/300], Loss: 1.1798 (Overall: 0.6707, Change: 1.4550), TF Ratio: 0.827
2026-06-15 00:25:13,040 - INFO - Epoch [3/5], Batch [265/300], Loss: 1.1795 (Overall: 0.6745, Change: 1.4988), TF Ratio: 0.827
2026-06-15 00:25:13,202 - INFO - Epoch [3/5], Batch [266/300], Loss: 1.1798 (Overall: 0.9534, Change: 1.5760), TF Ratio: 0.827
2026-06-15 00:25:13,353 - INFO - Epoch [3/5], Batch [267/300], Loss: 1.1795 (Overall: 0.7798, Change: 1.4154), TF Ratio: 0.827
2026-06-15 00:25:13,510 - INFO - Epoch [3/5], Batch [268/300], Loss: 1.1810 (Overall: 1.7044, Change: 1.4709), TF Ratio: 0.826
2026-06-15 00:25:13,660 - INFO - Epoch [3/5], Batch [269/300], Loss: 1.1802 (Overall: 0.7584, Change: 1.1829), TF Ratio: 0.826
2026-06-15 00:25:13,810 - INFO - Epoch [3/5], Batch [270/300], Loss: 1.1791 (Overall: 0.6670, Change: 1.0682), TF Ratio: 0.826
2026-06-15 00:25:13,960 - INFO - Epoch [3/5], Batch [271/300], Loss: 1.1796 (Overall: 0.9565, Change: 1.6714), TF Ratio: 0.826
2026-06-15 00:25:14,111 - INFO - Epoch [3/5], Batch [272/300], Loss: 1.1794 (Overall: 0.9512, Change: 1.3317), TF Ratio: 0.826
2026-06-15 00:25:14,261 - INFO - Epoch [3/5], Batch [273/300], Loss: 1.1800 (Overall: 0.9275, Change: 1.7565), TF Ratio: 0.825
2026-06-15 00:25:14,411 - INFO - Epoch [3/5], Batch [274/300], Loss: 1.1806 (Overall: 1.1053, Change: 1.5963), TF Ratio: 0.825
2026-06-15 00:25:14,562 - INFO - Epoch [3/5], Batch [275/300], Loss: 1.1804 (Overall: 1.0142, Change: 1.2263), TF Ratio: 0.825
2026-06-15 00:25:14,714 - INFO - Epoch [3/5], Batch [276/300], Loss: 1.1809 (Overall: 0.7022, Change: 1.9077), TF Ratio: 0.825
2026-06-15 00:25:14,865 - INFO - Epoch [3/5], Batch [277/300], Loss: 1.1812 (Overall: 0.9555, Change: 1.5649), TF Ratio: 0.825
2026-06-15 00:25:15,017 - INFO - Epoch [3/5], Batch [278/300], Loss: 1.1806 (Overall: 0.5627, Change: 1.5039), TF Ratio: 0.824
2026-06-15 00:25:15,168 - INFO - Epoch [3/5], Batch [279/300], Loss: 1.1813 (Overall: 1.0504, Change: 1.6831), TF Ratio: 0.824
2026-06-15 00:25:15,319 - INFO - Epoch [3/5], Batch [280/300], Loss: 1.1814 (Overall: 0.9267, Change: 1.4849), TF Ratio: 0.824
2026-06-15 00:25:15,470 - INFO - Epoch [3/5], Batch [281/300], Loss: 1.1814 (Overall: 0.9700, Change: 1.4101), TF Ratio: 0.824
2026-06-15 00:25:15,625 - INFO - Epoch [3/5], Batch [282/300], Loss: 1.1807 (Overall: 0.7906, Change: 1.1601), TF Ratio: 0.824
2026-06-15 00:25:15,776 - INFO - Epoch [3/5], Batch [283/300], Loss: 1.1803 (Overall: 0.9868, Change: 1.1344), TF Ratio: 0.823
2026-06-15 00:25:15,927 - INFO - Epoch [3/5], Batch [284/300], Loss: 1.1803 (Overall: 0.7481, Change: 1.6156), TF Ratio: 0.823
2026-06-15 00:25:16,089 - INFO - Epoch [3/5], Batch [285/300], Loss: 1.1803 (Overall: 0.8625, Change: 1.5342), TF Ratio: 0.823
2026-06-15 00:25:16,240 - INFO - Epoch [3/5], Batch [286/300], Loss: 1.1797 (Overall: 0.7553, Change: 1.2671), TF Ratio: 0.823
2026-06-15 00:25:16,394 - INFO - Epoch [3/5], Batch [287/300], Loss: 1.1796 (Overall: 0.7559, Change: 1.5248), TF Ratio: 0.823
2026-06-15 00:25:16,552 - INFO - Epoch [3/5], Batch [288/300], Loss: 1.1796 (Overall: 0.6878, Change: 1.6920), TF Ratio: 0.822
2026-06-15 00:25:16,707 - INFO - Epoch [3/5], Batch [289/300], Loss: 1.1796 (Overall: 0.7949, Change: 1.5249), TF Ratio: 0.822
2026-06-15 00:25:16,858 - INFO - Epoch [3/5], Batch [290/300], Loss: 1.1796 (Overall: 0.9052, Change: 1.4793), TF Ratio: 0.822
2026-06-15 00:25:17,008 - INFO - Epoch [3/5], Batch [291/300], Loss: 1.1795 (Overall: 0.8122, Change: 1.5038), TF Ratio: 0.822
2026-06-15 00:25:17,160 - INFO - Epoch [3/5], Batch [292/300], Loss: 1.1793 (Overall: 0.8500, Change: 1.3829), TF Ratio: 0.822
2026-06-15 00:25:17,311 - INFO - Epoch [3/5], Batch [293/300], Loss: 1.1791 (Overall: 0.8051, Change: 1.4064), TF Ratio: 0.821
2026-06-15 00:25:17,462 - INFO - Epoch [3/5], Batch [294/300], Loss: 1.1784 (Overall: 0.6494, Change: 1.3314), TF Ratio: 0.821
2026-06-15 00:25:17,613 - INFO - Epoch [3/5], Batch [295/300], Loss: 1.1781 (Overall: 0.6157, Change: 1.5560), TF Ratio: 0.821
2026-06-15 00:25:17,765 - INFO - Epoch [3/5], Batch [296/300], Loss: 1.1782 (Overall: 0.9317, Change: 1.4928), TF Ratio: 0.821
2026-06-15 00:25:17,915 - INFO - Epoch [3/5], Batch [297/300], Loss: 1.1781 (Overall: 0.8763, Change: 1.3960), TF Ratio: 0.821
2026-06-15 00:25:18,071 - INFO - Epoch [3/5], Batch [298/300], Loss: 1.1780 (Overall: 0.6584, Change: 1.6240), TF Ratio: 0.820
2026-06-15 00:25:18,222 - INFO - Epoch [3/5], Batch [299/300], Loss: 1.1776 (Overall: 0.8457, Change: 1.2794), TF Ratio: 0.820
2026-06-15 00:25:18,374 - INFO - Epoch [3/5], Batch [300/300], Loss: 1.1776 (Overall: 0.6650, Change: 1.6811), TF Ratio: 0.820
2026-06-15 00:25:20,999 - INFO - Epoch 3 done. Validating...
2026-06-15 00:25:27,033 - INFO - Epoch [3/5] | Train: 1.1776 | Val: 0.6017
2026-06-15 00:25:27,228 - INFO - Checkpoint saved: /gpfs/scratch/bsc32/bsc096444/ai4land-tfm/trained_models/unet_impl/41799688/best_model.pth
2026-06-15 00:25:27,383 - INFO - Checkpoint saved: /gpfs/scratch/bsc32/bsc096444/ai4land-tfm/trained_models/unet_impl/41799688/model_epoch_3.pth
2026-06-15 00:25:29,888 - INFO - Epoch [4/5], Batch [1/300], Loss: 0.9949 (Overall: 0.9524, Change: 1.0374), TF Ratio: 0.820
2026-06-15 00:25:32,336 - INFO - Epoch [4/5], Batch [2/300], Loss: 1.0581 (Overall: 0.8235, Change: 1.4190), TF Ratio: 0.820
2026-06-15 00:25:32,490 - INFO - Epoch [4/5], Batch [3/300], Loss: 1.0533 (Overall: 0.5216, Change: 1.5657), TF Ratio: 0.819
2026-06-15 00:25:32,643 - INFO - Epoch [4/5], Batch [4/300], Loss: 1.0651 (Overall: 1.0105, Change: 1.1910), TF Ratio: 0.819
2026-06-15 00:25:32,794 - INFO - Epoch [4/5], Batch [5/300], Loss: 1.0827 (Overall: 0.7634, Change: 1.5422), TF Ratio: 0.819
2026-06-15 00:25:32,955 - INFO - Epoch [4/5], Batch [6/300], Loss: 1.0768 (Overall: 0.6822, Change: 1.4128), TF Ratio: 0.819
2026-06-15 00:25:33,109 - INFO - Epoch [4/5], Batch [7/300], Loss: 1.1014 (Overall: 0.8238, Change: 1.6743), TF Ratio: 0.819
2026-06-15 00:25:34,359 - INFO - Epoch [4/5], Batch [8/300], Loss: 1.1259 (Overall: 1.0397, Change: 1.5542), TF Ratio: 0.818
2026-06-15 00:25:34,511 - INFO - Epoch [4/5], Batch [9/300], Loss: 1.1137 (Overall: 0.6625, Change: 1.3700), TF Ratio: 0.818
2026-06-15 00:25:34,663 - INFO - Epoch [4/5], Batch [10/300], Loss: 1.1265 (Overall: 1.0210, Change: 1.4626), TF Ratio: 0.818
2026-06-15 00:25:34,815 - INFO - Epoch [4/5], Batch [11/300], Loss: 1.1415 (Overall: 1.0540, Change: 1.5288), TF Ratio: 0.818
2026-06-15 00:25:34,967 - INFO - Epoch [4/5], Batch [12/300], Loss: 1.1259 (Overall: 0.7108, Change: 1.1985), TF Ratio: 0.818
2026-06-15 00:25:35,119 - INFO - Epoch [4/5], Batch [13/300], Loss: 1.1117 (Overall: 0.6942, Change: 1.1883), TF Ratio: 0.817
2026-06-15 00:25:35,270 - INFO - Epoch [4/5], Batch [14/300], Loss: 1.1160 (Overall: 1.1111, Change: 1.2333), TF Ratio: 0.817
2026-06-15 00:25:35,436 - INFO - Epoch [4/5], Batch [15/300], Loss: 1.1246 (Overall: 0.8896, Change: 1.5993), TF Ratio: 0.817
2026-06-15 00:25:35,588 - INFO - Epoch [4/5], Batch [16/300], Loss: 1.1215 (Overall: 0.8138, Change: 1.3372), TF Ratio: 0.817
2026-06-15 00:25:35,739 - INFO - Epoch [4/5], Batch [17/300], Loss: 1.1089 (Overall: 0.5628, Change: 1.2516), TF Ratio: 0.817
2026-06-15 00:25:35,890 - INFO - Epoch [4/5], Batch [18/300], Loss: 1.1171 (Overall: 0.8024, Change: 1.7088), TF Ratio: 0.816
2026-06-15 00:25:36,042 - INFO - Epoch [4/5], Batch [19/300], Loss: 1.1166 (Overall: 0.9103, Change: 1.3078), TF Ratio: 0.816
2026-06-15 00:25:36,195 - INFO - Epoch [4/5], Batch [20/300], Loss: 1.1229 (Overall: 0.9295, Change: 1.5520), TF Ratio: 0.816
2026-06-15 00:25:36,346 - INFO - Epoch [4/5], Batch [21/300], Loss: 1.1209 (Overall: 0.7831, Change: 1.3806), TF Ratio: 0.816
2026-06-15 00:25:36,498 - INFO - Epoch [4/5], Batch [22/300], Loss: 1.1130 (Overall: 0.7768, Change: 1.1190), TF Ratio: 0.816
2026-06-15 00:25:36,650 - INFO - Epoch [4/5], Batch [23/300], Loss: 1.1166 (Overall: 0.9420, Change: 1.4491), TF Ratio: 0.815
2026-06-15 00:25:36,803 - INFO - Epoch [4/5], Batch [24/300], Loss: 1.1247 (Overall: 1.3166, Change: 1.3033), TF Ratio: 0.815
2026-06-15 00:25:36,953 - INFO - Epoch [4/5], Batch [25/300], Loss: 1.1408 (Overall: 0.9928, Change: 2.0635), TF Ratio: 0.815
2026-06-15 00:25:37,105 - INFO - Epoch [4/5], Batch [26/300], Loss: 1.1391 (Overall: 0.8480, Change: 1.3466), TF Ratio: 0.815
2026-06-15 00:25:37,256 - INFO - Epoch [4/5], Batch [27/300], Loss: 1.1458 (Overall: 0.9471, Change: 1.6897), TF Ratio: 0.815
2026-06-15 00:25:39,069 - INFO - Epoch [4/5], Batch [28/300], Loss: 1.1441 (Overall: 0.8196, Change: 1.3784), TF Ratio: 0.814
2026-06-15 00:25:39,219 - INFO - Epoch [4/5], Batch [29/300], Loss: 1.1503 (Overall: 1.1061, Change: 1.5408), TF Ratio: 0.814
2026-06-15 00:25:39,379 - INFO - Epoch [4/5], Batch [30/300], Loss: 1.1547 (Overall: 1.0495, Change: 1.5145), TF Ratio: 0.814
2026-06-15 00:25:39,530 - INFO - Epoch [4/5], Batch [31/300], Loss: 1.1551 (Overall: 0.9528, Change: 1.3799), TF Ratio: 0.814
2026-06-15 00:25:39,683 - INFO - Epoch [4/5], Batch [32/300], Loss: 1.1595 (Overall: 0.9635, Change: 1.6283), TF Ratio: 0.814
2026-06-15 00:25:39,834 - INFO - Epoch [4/5], Batch [33/300], Loss: 1.1604 (Overall: 0.8325, Change: 1.5466), TF Ratio: 0.813
2026-06-15 00:25:39,986 - INFO - Epoch [4/5], Batch [34/300], Loss: 1.1623 (Overall: 0.6792, Change: 1.7702), TF Ratio: 0.813
2026-06-15 00:25:40,139 - INFO - Epoch [4/5], Batch [35/300], Loss: 1.1573 (Overall: 0.6938, Change: 1.2821), TF Ratio: 0.813
2026-06-15 00:25:40,293 - INFO - Epoch [4/5], Batch [36/300], Loss: 1.1533 (Overall: 0.7990, Change: 1.2299), TF Ratio: 0.813
2026-06-15 00:25:40,445 - INFO - Epoch [4/5], Batch [37/300], Loss: 1.1473 (Overall: 0.6546, Change: 1.2080), TF Ratio: 0.813
2026-06-15 00:25:40,600 - INFO - Epoch [4/5], Batch [38/300], Loss: 1.1505 (Overall: 1.0179, Change: 1.5203), TF Ratio: 0.812
2026-06-15 00:25:40,751 - INFO - Epoch [4/5], Batch [39/300], Loss: 1.1498 (Overall: 0.9189, Change: 1.3285), TF Ratio: 0.812
2026-06-15 00:25:40,908 - INFO - Epoch [4/5], Batch [40/300], Loss: 1.1529 (Overall: 0.8574, Change: 1.6863), TF Ratio: 0.812
2026-06-15 00:25:41,058 - INFO - Epoch [4/5], Batch [41/300], Loss: 1.1551 (Overall: 0.9729, Change: 1.5110), TF Ratio: 0.812
2026-06-15 00:25:41,210 - INFO - Epoch [4/5], Batch [42/300], Loss: 1.1616 (Overall: 1.1972, Change: 1.6633), TF Ratio: 0.812
2026-06-15 00:25:41,360 - INFO - Epoch [4/5], Batch [43/300], Loss: 1.1588 (Overall: 0.7983, Change: 1.2844), TF Ratio: 0.811
2026-06-15 00:25:41,512 - INFO - Epoch [4/5], Batch [44/300], Loss: 1.1585 (Overall: 0.7217, Change: 1.5684), TF Ratio: 0.811
2026-06-15 00:25:41,662 - INFO - Epoch [4/5], Batch [45/300], Loss: 1.1541 (Overall: 0.5600, Change: 1.3576), TF Ratio: 0.811
2026-06-15 00:25:41,816 - INFO - Epoch [4/5], Batch [46/300], Loss: 1.1485 (Overall: 0.5668, Change: 1.2336), TF Ratio: 0.811
2026-06-15 00:25:41,966 - INFO - Epoch [4/5], Batch [47/300], Loss: 1.1497 (Overall: 0.7733, Change: 1.6320), TF Ratio: 0.811
2026-06-15 00:25:42,117 - INFO - Epoch [4/5], Batch [48/300], Loss: 1.1508 (Overall: 0.6764, Change: 1.7331), TF Ratio: 0.810
2026-06-15 00:25:42,267 - INFO - Epoch [4/5], Batch [49/300], Loss: 1.1460 (Overall: 0.7200, Change: 1.1067), TF Ratio: 0.810
2026-06-15 00:25:42,417 - INFO - Epoch [4/5], Batch [50/300], Loss: 1.1463 (Overall: 0.6207, Change: 1.6966), TF Ratio: 0.810
2026-06-15 00:25:42,567 - INFO - Epoch [4/5], Batch [51/300], Loss: 1.1447 (Overall: 0.5531, Change: 1.5829), TF Ratio: 0.810
2026-06-15 00:25:42,719 - INFO - Epoch [4/5], Batch [52/300], Loss: 1.1411 (Overall: 0.5947, Change: 1.3217), TF Ratio: 0.810
2026-06-15 00:25:42,869 - INFO - Epoch [4/5], Batch [53/300], Loss: 1.1388 (Overall: 0.6636, Change: 1.3760), TF Ratio: 0.809
2026-06-15 00:25:43,020 - INFO - Epoch [4/5], Batch [54/300], Loss: 1.1400 (Overall: 0.9138, Change: 1.4865), TF Ratio: 0.809
2026-06-15 00:25:43,171 - INFO - Epoch [4/5], Batch [55/300], Loss: 1.1406 (Overall: 0.8533, Change: 1.4968), TF Ratio: 0.809
2026-06-15 00:25:43,322 - INFO - Epoch [4/5], Batch [56/300], Loss: 1.1528 (Overall: 1.8993, Change: 1.7521), TF Ratio: 0.809
2026-06-15 00:25:43,473 - INFO - Epoch [4/5], Batch [57/300], Loss: 1.1521 (Overall: 0.5194, Change: 1.7017), TF Ratio: 0.809
2026-06-15 00:25:43,623 - INFO - Epoch [4/5], Batch [58/300], Loss: 1.1531 (Overall: 0.8740, Change: 1.5491), TF Ratio: 0.808
2026-06-15 00:25:43,774 - INFO - Epoch [4/5], Batch [59/300], Loss: 1.1554 (Overall: 0.9953, Change: 1.5822), TF Ratio: 0.808
2026-06-15 00:25:43,927 - INFO - Epoch [4/5], Batch [60/300], Loss: 1.1524 (Overall: 0.7301, Change: 1.2155), TF Ratio: 0.808
2026-06-15 00:25:44,077 - INFO - Epoch [4/5], Batch [61/300], Loss: 1.1524 (Overall: 0.8847, Change: 1.4252), TF Ratio: 0.808
2026-06-15 00:25:44,227 - INFO - Epoch [4/5], Batch [62/300], Loss: 1.1497 (Overall: 0.7516, Change: 1.2198), TF Ratio: 0.808
2026-06-15 00:25:44,377 - INFO - Epoch [4/5], Batch [63/300], Loss: 1.1502 (Overall: 0.7843, Change: 1.5743), TF Ratio: 0.807
2026-06-15 00:25:44,529 - INFO - Epoch [4/5], Batch [64/300], Loss: 1.1502 (Overall: 0.6370, Change: 1.6673), TF Ratio: 0.807
2026-06-15 00:25:44,679 - INFO - Epoch [4/5], Batch [65/300], Loss: 1.1511 (Overall: 0.7505, Change: 1.6633), TF Ratio: 0.807
2026-06-15 00:25:44,828 - INFO - Epoch [4/5], Batch [66/300], Loss: 1.1487 (Overall: 0.7213, Change: 1.2576), TF Ratio: 0.807
2026-06-15 00:25:44,978 - INFO - Epoch [4/5], Batch [67/300], Loss: 1.1490 (Overall: 0.8043, Change: 1.5324), TF Ratio: 0.807
2026-06-15 00:25:45,132 - INFO - Epoch [4/5], Batch [68/300], Loss: 1.1517 (Overall: 1.0768, Change: 1.5897), TF Ratio: 0.806
2026-06-15 00:25:45,282 - INFO - Epoch [4/5], Batch [69/300], Loss: 1.1529 (Overall: 0.8145, Change: 1.6629), TF Ratio: 0.806
2026-06-15 00:25:45,434 - INFO - Epoch [4/5], Batch [70/300], Loss: 1.1500 (Overall: 0.8975, Change: 0.9964), TF Ratio: 0.806
2026-06-15 00:25:45,601 - INFO - Epoch [4/5], Batch [71/300], Loss: 1.1497 (Overall: 0.9032, Change: 1.3622), TF Ratio: 0.806
2026-06-15 00:25:45,755 - INFO - Epoch [4/5], Batch [72/300], Loss: 1.1469 (Overall: 0.8745, Change: 1.0200), TF Ratio: 0.806
2026-06-15 00:25:45,914 - INFO - Epoch [4/5], Batch [73/300], Loss: 1.1462 (Overall: 0.6211, Change: 1.5719), TF Ratio: 0.805
2026-06-15 00:25:46,077 - INFO - Epoch [4/5], Batch [74/300], Loss: 1.1454 (Overall: 0.7475, Change: 1.4205), TF Ratio: 0.805
2026-06-15 00:25:46,239 - INFO - Epoch [4/5], Batch [75/300], Loss: 1.1433 (Overall: 0.7241, Change: 1.2593), TF Ratio: 0.805
2026-06-15 00:25:46,391 - INFO - Epoch [4/5], Batch [76/300], Loss: 1.1432 (Overall: 0.6326, Change: 1.6301), TF Ratio: 0.805
2026-06-15 00:25:46,549 - INFO - Epoch [4/5], Batch [77/300], Loss: 1.1415 (Overall: 0.6302, Change: 1.3918), TF Ratio: 0.805
2026-06-15 00:25:46,701 - INFO - Epoch [4/5], Batch [78/300], Loss: 1.1434 (Overall: 1.0838, Change: 1.5071), TF Ratio: 0.804
2026-06-15 00:25:46,851 - INFO - Epoch [4/5], Batch [79/300], Loss: 1.1482 (Overall: 0.7899, Change: 2.2487), TF Ratio: 0.804
2026-06-15 00:25:47,003 - INFO - Epoch [4/5], Batch [80/300], Loss: 1.1517 (Overall: 1.1817, Change: 1.6682), TF Ratio: 0.804
2026-06-15 00:25:47,152 - INFO - Epoch [4/5], Batch [81/300], Loss: 1.1493 (Overall: 1.0419, Change: 0.8725), TF Ratio: 0.804
2026-06-15 00:25:47,302 - INFO - Epoch [4/5], Batch [82/300], Loss: 1.1495 (Overall: 0.8543, Change: 1.4838), TF Ratio: 0.804
2026-06-15 00:25:47,458 - INFO - Epoch [4/5], Batch [83/300], Loss: 1.1545 (Overall: 1.1721, Change: 1.9606), TF Ratio: 0.803
2026-06-15 00:25:47,609 - INFO - Epoch [4/5], Batch [84/300], Loss: 1.1549 (Overall: 0.9046, Change: 1.4695), TF Ratio: 0.803
2026-06-15 00:25:47,760 - INFO - Epoch [4/5], Batch [85/300], Loss: 1.1547 (Overall: 0.7674, Change: 1.5101), TF Ratio: 0.803
2026-06-15 00:25:47,922 - INFO - Epoch [4/5], Batch [86/300], Loss: 1.1521 (Overall: 0.6724, Change: 1.1848), TF Ratio: 0.803
2026-06-15 00:25:48,073 - INFO - Epoch [4/5], Batch [87/300], Loss: 1.1504 (Overall: 0.8545, Change: 1.1617), TF Ratio: 0.803
2026-06-15 00:25:48,227 - INFO - Epoch [4/5], Batch [88/300], Loss: 1.1493 (Overall: 0.5485, Change: 1.5452), TF Ratio: 0.802
2026-06-15 00:25:48,378 - INFO - Epoch [4/5], Batch [89/300], Loss: 1.1455 (Overall: 0.5102, Change: 1.1206), TF Ratio: 0.802
2026-06-15 00:25:48,528 - INFO - Epoch [4/5], Batch [90/300], Loss: 1.1470 (Overall: 0.9360, Change: 1.6170), TF Ratio: 0.802
2026-06-15 00:25:48,679 - INFO - Epoch [4/5], Batch [91/300], Loss: 1.1467 (Overall: 0.6417, Change: 1.6038), TF Ratio: 0.802
2026-06-15 00:25:48,831 - INFO - Epoch [4/5], Batch [92/300], Loss: 1.1465 (Overall: 0.6558, Change: 1.5938), TF Ratio: 0.802
2026-06-15 00:25:48,981 - INFO - Epoch [4/5], Batch [93/300], Loss: 1.1470 (Overall: 0.9285, Change: 1.4588), TF Ratio: 0.801
2026-06-15 00:25:49,132 - INFO - Epoch [4/5], Batch [94/300], Loss: 1.1463 (Overall: 0.7433, Change: 1.4175), TF Ratio: 0.801
2026-06-15 00:25:49,282 - INFO - Epoch [4/5], Batch [95/300], Loss: 1.1478 (Overall: 0.8951, Change: 1.6824), TF Ratio: 0.801
2026-06-15 00:25:49,433 - INFO - Epoch [4/5], Batch [96/300], Loss: 1.1478 (Overall: 0.8737, Change: 1.4251), TF Ratio: 0.801
2026-06-15 00:25:49,597 - INFO - Epoch [4/5], Batch [97/300], Loss: 1.1489 (Overall: 0.7815, Change: 1.7364), TF Ratio: 0.801
2026-06-15 00:25:49,757 - INFO - Epoch [4/5], Batch [98/300], Loss: 1.1481 (Overall: 0.6663, Change: 1.4653), TF Ratio: 0.800
2026-06-15 00:25:49,907 - INFO - Epoch [4/5], Batch [99/300], Loss: 1.1478 (Overall: 0.8541, Change: 1.3803), TF Ratio: 0.800
2026-06-15 00:25:50,068 - INFO - Epoch [4/5], Batch [100/300], Loss: 1.1470 (Overall: 0.7686, Change: 1.3749), TF Ratio: 0.800
2026-06-15 00:25:50,218 - INFO - Epoch [4/5], Batch [101/300], Loss: 1.1472 (Overall: 0.5845, Change: 1.7445), TF Ratio: 0.800
2026-06-15 00:25:50,368 - INFO - Epoch [4/5], Batch [102/300], Loss: 1.1464 (Overall: 0.7503, Change: 1.3943), TF Ratio: 0.800
2026-06-15 00:25:50,519 - INFO - Epoch [4/5], Batch [103/300], Loss: 1.1459 (Overall: 0.6303, Change: 1.5422), TF Ratio: 0.799
2026-06-15 00:25:50,670 - INFO - Epoch [4/5], Batch [104/300], Loss: 1.1477 (Overall: 0.9842, Change: 1.6940), TF Ratio: 0.799
2026-06-15 00:25:50,821 - INFO - Epoch [4/5], Batch [105/300], Loss: 1.1454 (Overall: 0.5960, Change: 1.2201), TF Ratio: 0.799
2026-06-15 00:25:50,971 - INFO - Epoch [4/5], Batch [106/300], Loss: 1.1443 (Overall: 0.8009, Change: 1.2495), TF Ratio: 0.799
2026-06-15 00:25:51,129 - INFO - Epoch [4/5], Batch [107/300], Loss: 1.1446 (Overall: 1.0617, Change: 1.2826), TF Ratio: 0.799
2026-06-15 00:25:51,288 - INFO - Epoch [4/5], Batch [108/300], Loss: 1.1436 (Overall: 0.6495, Change: 1.4373), TF Ratio: 0.798
2026-06-15 00:25:51,437 - INFO - Epoch [4/5], Batch [109/300], Loss: 1.1424 (Overall: 0.7298, Change: 1.2848), TF Ratio: 0.798
2026-06-15 00:25:51,588 - INFO - Epoch [4/5], Batch [110/300], Loss: 1.1425 (Overall: 1.1436, Change: 1.1619), TF Ratio: 0.798
2026-06-15 00:25:51,739 - INFO - Epoch [4/5], Batch [111/300], Loss: 1.1432 (Overall: 0.6502, Change: 1.7966), TF Ratio: 0.798
2026-06-15 00:25:51,890 - INFO - Epoch [4/5], Batch [112/300], Loss: 1.1434 (Overall: 0.9925, Change: 1.3423), TF Ratio: 0.798
2026-06-15 00:25:52,041 - INFO - Epoch [4/5], Batch [113/300], Loss: 1.1427 (Overall: 0.6143, Change: 1.5068), TF Ratio: 0.797
2026-06-15 00:25:52,191 - INFO - Epoch [4/5], Batch [114/300], Loss: 1.1424 (Overall: 0.7486, Change: 1.4645), TF Ratio: 0.797
2026-06-15 00:25:52,342 - INFO - Epoch [4/5], Batch [115/300], Loss: 1.1419 (Overall: 0.7112, Change: 1.4600), TF Ratio: 0.797
2026-06-15 00:25:52,493 - INFO - Epoch [4/5], Batch [116/300], Loss: 1.1413 (Overall: 0.6428, Change: 1.5100), TF Ratio: 0.797
2026-06-15 00:25:52,643 - INFO - Epoch [4/5], Batch [117/300], Loss: 1.1407 (Overall: 0.7852, Change: 1.3469), TF Ratio: 0.797
2026-06-15 00:25:52,796 - INFO - Epoch [4/5], Batch [118/300], Loss: 1.1391 (Overall: 0.5991, Change: 1.3196), TF Ratio: 0.796
2026-06-15 00:25:52,947 - INFO - Epoch [4/5], Batch [119/300], Loss: 1.1400 (Overall: 1.1202, Change: 1.3567), TF Ratio: 0.796
2026-06-15 00:25:53,098 - INFO - Epoch [4/5], Batch [120/300], Loss: 1.1408 (Overall: 0.8636, Change: 1.6266), TF Ratio: 0.796
2026-06-15 00:25:53,262 - INFO - Epoch [4/5], Batch [121/300], Loss: 1.1399 (Overall: 0.7142, Change: 1.3484), TF Ratio: 0.796
2026-06-15 00:25:53,412 - INFO - Epoch [4/5], Batch [122/300], Loss: 1.1389 (Overall: 0.8065, Change: 1.2222), TF Ratio: 0.796
2026-06-15 00:25:53,563 - INFO - Epoch [4/5], Batch [123/300], Loss: 1.1389 (Overall: 0.8520, Change: 1.4149), TF Ratio: 0.795
2026-06-15 00:25:53,714 - INFO - Epoch [4/5], Batch [124/300], Loss: 1.1403 (Overall: 1.2048, Change: 1.4209), TF Ratio: 0.795
2026-06-15 00:25:53,864 - INFO - Epoch [4/5], Batch [125/300], Loss: 1.1403 (Overall: 0.8426, Change: 1.4524), TF Ratio: 0.795
2026-06-15 00:25:54,014 - INFO - Epoch [4/5], Batch [126/300], Loss: 1.1412 (Overall: 1.2814, Change: 1.2282), TF Ratio: 0.795
2026-06-15 00:25:54,165 - INFO - Epoch [4/5], Batch [127/300], Loss: 1.1406 (Overall: 0.6772, Change: 1.4465), TF Ratio: 0.795
2026-06-15 00:25:54,316 - INFO - Epoch [4/5], Batch [128/300], Loss: 1.1390 (Overall: 0.7478, Change: 1.1336), TF Ratio: 0.794
2026-06-15 00:25:54,467 - INFO - Epoch [4/5], Batch [129/300], Loss: 1.1397 (Overall: 0.8085, Change: 1.6405), TF Ratio: 0.794
2026-06-15 00:25:54,617 - INFO - Epoch [4/5], Batch [130/300], Loss: 1.1406 (Overall: 0.8987, Change: 1.6130), TF Ratio: 0.794
2026-06-15 00:25:54,770 - INFO - Epoch [4/5], Batch [131/300], Loss: 1.1402 (Overall: 0.6695, Change: 1.4951), TF Ratio: 0.794
2026-06-15 00:25:54,932 - INFO - Epoch [4/5], Batch [132/300], Loss: 1.1403 (Overall: 0.8696, Change: 1.4600), TF Ratio: 0.794
2026-06-15 00:25:55,088 - INFO - Epoch [4/5], Batch [133/300], Loss: 1.1428 (Overall: 1.2512, Change: 1.6865), TF Ratio: 0.793
2026-06-15 00:25:55,238 - INFO - Epoch [4/5], Batch [134/300], Loss: 1.1413 (Overall: 0.6606, Change: 1.2260), TF Ratio: 0.793
2026-06-15 00:25:55,388 - INFO - Epoch [4/5], Batch [135/300], Loss: 1.1421 (Overall: 1.0629, Change: 1.4405), TF Ratio: 0.793
2026-06-15 00:25:55,540 - INFO - Epoch [4/5], Batch [136/300], Loss: 1.1433 (Overall: 0.6699, Change: 1.9198), TF Ratio: 0.793
2026-06-15 00:25:55,690 - INFO - Epoch [4/5], Batch [137/300], Loss: 1.1433 (Overall: 0.7062, Change: 1.5877), TF Ratio: 0.793
2026-06-15 00:25:55,841 - INFO - Epoch [4/5], Batch [138/300], Loss: 1.1418 (Overall: 0.7759, Change: 1.0959), TF Ratio: 0.792
2026-06-15 00:25:55,991 - INFO - Epoch [4/5], Batch [139/300], Loss: 1.1408 (Overall: 0.8749, Change: 1.1487), TF Ratio: 0.792
2026-06-15 00:25:56,143 - INFO - Epoch [4/5], Batch [140/300], Loss: 1.1429 (Overall: 0.7390, Change: 2.1251), TF Ratio: 0.792
2026-06-15 00:25:56,293 - INFO - Epoch [4/5], Batch [141/300], Loss: 1.1419 (Overall: 0.6837, Change: 1.3084), TF Ratio: 0.792
2026-06-15 00:25:56,443 - INFO - Epoch [4/5], Batch [142/300], Loss: 1.1400 (Overall: 0.5924, Change: 1.1486), TF Ratio: 0.792
2026-06-15 00:25:56,594 - INFO - Epoch [4/5], Batch [143/300], Loss: 1.1399 (Overall: 0.8752, Change: 1.3821), TF Ratio: 0.791
2026-06-15 00:25:56,745 - INFO - Epoch [4/5], Batch [144/300], Loss: 1.1406 (Overall: 1.0310, Change: 1.4385), TF Ratio: 0.791
2026-06-15 00:25:56,895 - INFO - Epoch [4/5], Batch [145/300], Loss: 1.1411 (Overall: 0.6600, Change: 1.7817), TF Ratio: 0.791
2026-06-15 00:25:57,045 - INFO - Epoch [4/5], Batch [146/300], Loss: 1.1408 (Overall: 0.7938, Change: 1.4017), TF Ratio: 0.791
2026-06-15 00:25:57,196 - INFO - Epoch [4/5], Batch [147/300], Loss: 1.1377 (Overall: 0.5063, Change: 0.8587), TF Ratio: 0.791
2026-06-15 00:25:57,347 - INFO - Epoch [4/5], Batch [148/300], Loss: 1.1385 (Overall: 0.9498, Change: 1.5653), TF Ratio: 0.790
2026-06-15 00:25:57,497 - INFO - Epoch [4/5], Batch [149/300], Loss: 1.1388 (Overall: 1.0848, Change: 1.2894), TF Ratio: 0.790
2026-06-15 00:25:57,648 - INFO - Epoch [4/5], Batch [150/300], Loss: 1.1388 (Overall: 0.7309, Change: 1.5322), TF Ratio: 0.790
2026-06-15 00:25:57,798 - INFO - Epoch [4/5], Batch [151/300], Loss: 1.1389 (Overall: 0.9441, Change: 1.3824), TF Ratio: 0.790
2026-06-15 00:25:57,956 - INFO - Epoch [4/5], Batch [152/300], Loss: 1.1394 (Overall: 0.8974, Change: 1.5200), TF Ratio: 0.790
2026-06-15 00:25:58,110 - INFO - Epoch [4/5], Batch [153/300], Loss: 1.1402 (Overall: 0.9239, Change: 1.6048), TF Ratio: 0.789
2026-06-15 00:25:58,262 - INFO - Epoch [4/5], Batch [154/300], Loss: 1.1404 (Overall: 0.7148, Change: 1.6260), TF Ratio: 0.789
2026-06-15 00:25:58,424 - INFO - Epoch [4/5], Batch [155/300], Loss: 1.1400 (Overall: 0.5488, Change: 1.5894), TF Ratio: 0.789
2026-06-15 00:25:58,576 - INFO - Epoch [4/5], Batch [156/300], Loss: 1.1396 (Overall: 0.7379, Change: 1.4182), TF Ratio: 0.789
2026-06-15 00:25:58,728 - INFO - Epoch [4/5], Batch [157/300], Loss: 1.1381 (Overall: 0.5906, Change: 1.2322), TF Ratio: 0.789
2026-06-15 00:25:58,879 - INFO - Epoch [4/5], Batch [158/300], Loss: 1.1371 (Overall: 0.5823, Change: 1.3716), TF Ratio: 0.788
2026-06-15 00:25:59,030 - INFO - Epoch [4/5], Batch [159/300], Loss: 1.1371 (Overall: 0.8663, Change: 1.4073), TF Ratio: 0.788
2026-06-15 00:25:59,188 - INFO - Epoch [4/5], Batch [160/300], Loss: 1.1373 (Overall: 0.5736, Change: 1.7825), TF Ratio: 0.788
2026-06-15 00:25:59,339 - INFO - Epoch [4/5], Batch [161/300], Loss: 1.1360 (Overall: 0.7269, Change: 1.1312), TF Ratio: 0.788
2026-06-15 00:25:59,489 - INFO - Epoch [4/5], Batch [162/300], Loss: 1.1367 (Overall: 0.8701, Change: 1.6161), TF Ratio: 0.788
2026-06-15 00:25:59,639 - INFO - Epoch [4/5], Batch [163/300], Loss: 1.1374 (Overall: 0.9785, Change: 1.5357), TF Ratio: 0.787
2026-06-15 00:25:59,791 - INFO - Epoch [4/5], Batch [164/300], Loss: 1.1386 (Overall: 0.8549, Change: 1.7879), TF Ratio: 0.787
2026-06-15 00:25:59,940 - INFO - Epoch [4/5], Batch [165/300], Loss: 1.1385 (Overall: 0.7629, Change: 1.5042), TF Ratio: 0.787
2026-06-15 00:26:00,091 - INFO - Epoch [4/5], Batch [166/300], Loss: 1.1390 (Overall: 0.5649, Change: 1.8590), TF Ratio: 0.787
2026-06-15 00:26:00,241 - INFO - Epoch [4/5], Batch [167/300], Loss: 1.1393 (Overall: 0.8778, Change: 1.4979), TF Ratio: 0.787
2026-06-15 00:26:00,393 - INFO - Epoch [4/5], Batch [168/300], Loss: 1.1388 (Overall: 0.7316, Change: 1.3904), TF Ratio: 0.786
2026-06-15 00:26:00,543 - INFO - Epoch [4/5], Batch [169/300], Loss: 1.1395 (Overall: 1.0381, Change: 1.4749), TF Ratio: 0.786
2026-06-15 00:26:00,693 - INFO - Epoch [4/5], Batch [170/300], Loss: 1.1400 (Overall: 0.6531, Change: 1.7977), TF Ratio: 0.786
2026-06-15 00:26:00,844 - INFO - Epoch [4/5], Batch [171/300], Loss: 1.1399 (Overall: 0.9080, Change: 1.3401), TF Ratio: 0.786
2026-06-15 00:26:00,996 - INFO - Epoch [4/5], Batch [172/300], Loss: 1.1395 (Overall: 0.8351, Change: 1.3186), TF Ratio: 0.786
2026-06-15 00:26:01,146 - INFO - Epoch [4/5], Batch [173/300], Loss: 1.1393 (Overall: 0.6656, Change: 1.5311), TF Ratio: 0.785
2026-06-15 00:26:01,296 - INFO - Epoch [4/5], Batch [174/300], Loss: 1.1389 (Overall: 0.5963, Change: 1.5381), TF Ratio: 0.785
2026-06-15 00:26:01,447 - INFO - Epoch [4/5], Batch [175/300], Loss: 1.1374 (Overall: 0.5368, Change: 1.2184), TF Ratio: 0.785
2026-06-15 00:26:01,599 - INFO - Epoch [4/5], Batch [176/300], Loss: 1.1369 (Overall: 0.6029, Change: 1.5057), TF Ratio: 0.785
2026-06-15 00:26:01,749 - INFO - Epoch [4/5], Batch [177/300], Loss: 1.1370 (Overall: 0.7792, Change: 1.5184), TF Ratio: 0.785
2026-06-15 00:26:01,900 - INFO - Epoch [4/5], Batch [178/300], Loss: 1.1373 (Overall: 0.9026, Change: 1.4704), TF Ratio: 0.784
2026-06-15 00:26:02,050 - INFO - Epoch [4/5], Batch [179/300], Loss: 1.1375 (Overall: 0.7782, Change: 1.5752), TF Ratio: 0.784
2026-06-15 00:26:02,202 - INFO - Epoch [4/5], Batch [180/300], Loss: 1.1353 (Overall: 0.4507, Change: 1.0304), TF Ratio: 0.784
2026-06-15 00:26:02,352 - INFO - Epoch [4/5], Batch [181/300], Loss: 1.1365 (Overall: 1.1790, Change: 1.5477), TF Ratio: 0.784
2026-06-15 00:26:02,502 - INFO - Epoch [4/5], Batch [182/300], Loss: 1.1360 (Overall: 0.7020, Change: 1.3696), TF Ratio: 0.784
2026-06-15 00:26:02,653 - INFO - Epoch [4/5], Batch [183/300], Loss: 1.1359 (Overall: 0.6940, Change: 1.5414), TF Ratio: 0.783
2026-06-15 00:26:02,803 - INFO - Epoch [4/5], Batch [184/300], Loss: 1.1359 (Overall: 0.7856, Change: 1.4879), TF Ratio: 0.783
2026-06-15 00:26:02,953 - INFO - Epoch [4/5], Batch [185/300], Loss: 1.1354 (Overall: 0.6090, Change: 1.4846), TF Ratio: 0.783
2026-06-15 00:26:03,104 - INFO - Epoch [4/5], Batch [186/300], Loss: 1.1353 (Overall: 0.8670, Change: 1.3574), TF Ratio: 0.783
2026-06-15 00:26:03,255 - INFO - Epoch [4/5], Batch [187/300], Loss: 1.1355 (Overall: 0.8940, Change: 1.4572), TF Ratio: 0.783
2026-06-15 00:26:03,410 - INFO - Epoch [4/5], Batch [188/300], Loss: 1.1357 (Overall: 1.0084, Change: 1.3336), TF Ratio: 0.782
2026-06-15 00:26:03,561 - INFO - Epoch [4/5], Batch [189/300], Loss: 1.1353 (Overall: 0.5948, Change: 1.5321), TF Ratio: 0.782
2026-06-15 00:26:03,712 - INFO - Epoch [4/5], Batch [190/300], Loss: 1.1353 (Overall: 0.8781, Change: 1.3679), TF Ratio: 0.782
2026-06-15 00:26:03,862 - INFO - Epoch [4/5], Batch [191/300], Loss: 1.1356 (Overall: 0.9172, Change: 1.4880), TF Ratio: 0.782
2026-06-15 00:26:04,014 - INFO - Epoch [4/5], Batch [192/300], Loss: 1.1345 (Overall: 0.5148, Change: 1.3194), TF Ratio: 0.782
2026-06-15 00:26:04,164 - INFO - Epoch [4/5], Batch [193/300], Loss: 1.1351 (Overall: 0.9180, Change: 1.5800), TF Ratio: 0.781
2026-06-15 00:26:04,315 - INFO - Epoch [4/5], Batch [194/300], Loss: 1.1363 (Overall: 1.1896, Change: 1.5482), TF Ratio: 0.781
2026-06-15 00:26:04,465 - INFO - Epoch [4/5], Batch [195/300], Loss: 1.1366 (Overall: 0.8979, Change: 1.4934), TF Ratio: 0.781
2026-06-15 00:26:04,617 - INFO - Epoch [4/5], Batch [196/300], Loss: 1.1360 (Overall: 0.6700, Change: 1.3939), TF Ratio: 0.781
2026-06-15 00:26:04,767 - INFO - Epoch [4/5], Batch [197/300], Loss: 1.1358 (Overall: 0.7311, Change: 1.4317), TF Ratio: 0.781
2026-06-15 00:26:04,918 - INFO - Epoch [4/5], Batch [198/300], Loss: 1.1346 (Overall: 0.6869, Change: 1.1210), TF Ratio: 0.780
2026-06-15 00:26:05,069 - INFO - Epoch [4/5], Batch [199/300], Loss: 1.1333 (Overall: 0.3740, Change: 1.3652), TF Ratio: 0.780
2026-06-15 00:26:05,221 - INFO - Epoch [4/5], Batch [200/300], Loss: 1.1325 (Overall: 0.4990, Change: 1.4643), TF Ratio: 0.780
2026-06-15 00:26:05,372 - INFO - Epoch [4/5], Batch [201/300], Loss: 1.1323 (Overall: 0.6770, Change: 1.4910), TF Ratio: 0.780
2026-06-15 00:26:05,528 - INFO - Epoch [4/5], Batch [202/300], Loss: 1.1320 (Overall: 0.9519, Change: 1.2046), TF Ratio: 0.780
2026-06-15 00:26:05,679 - INFO - Epoch [4/5], Batch [203/300], Loss: 1.1314 (Overall: 0.7053, Change: 1.3199), TF Ratio: 0.779
2026-06-15 00:26:05,830 - INFO - Epoch [4/5], Batch [204/300], Loss: 1.1308 (Overall: 0.6846, Change: 1.3276), TF Ratio: 0.779
2026-06-15 00:26:05,980 - INFO - Epoch [4/5], Batch [205/300], Loss: 1.1313 (Overall: 1.0348, Change: 1.4360), TF Ratio: 0.779
2026-06-15 00:26:06,130 - INFO - Epoch [4/5], Batch [206/300], Loss: 1.1304 (Overall: 0.8082, Change: 1.0824), TF Ratio: 0.779
2026-06-15 00:26:06,280 - INFO - Epoch [4/5], Batch [207/300], Loss: 1.1302 (Overall: 0.6633, Change: 1.4985), TF Ratio: 0.779
2026-06-15 00:26:06,432 - INFO - Epoch [4/5], Batch [208/300], Loss: 1.1295 (Overall: 0.9910, Change: 1.0032), TF Ratio: 0.778
2026-06-15 00:26:06,586 - INFO - Epoch [4/5], Batch [209/300], Loss: 1.1285 (Overall: 0.5899, Change: 1.2297), TF Ratio: 0.778
2026-06-15 00:26:06,736 - INFO - Epoch [4/5], Batch [210/300], Loss: 1.1292 (Overall: 0.9230, Change: 1.6258), TF Ratio: 0.778
2026-06-15 00:26:06,887 - INFO - Epoch [4/5], Batch [211/300], Loss: 1.1292 (Overall: 0.8919, Change: 1.3852), TF Ratio: 0.778
2026-06-15 00:26:07,039 - INFO - Epoch [4/5], Batch [212/300], Loss: 1.1287 (Overall: 0.4993, Change: 1.5433), TF Ratio: 0.778
2026-06-15 00:26:07,192 - INFO - Epoch [4/5], Batch [213/300], Loss: 1.1300 (Overall: 1.3836, Change: 1.4297), TF Ratio: 0.777
2026-06-15 00:26:07,342 - INFO - Epoch [4/5], Batch [214/300], Loss: 1.1307 (Overall: 1.2349, Change: 1.3322), TF Ratio: 0.777
2026-06-15 00:26:07,493 - INFO - Epoch [4/5], Batch [215/300], Loss: 1.1305 (Overall: 0.6578, Change: 1.4908), TF Ratio: 0.777
2026-06-15 00:26:07,645 - INFO - Epoch [4/5], Batch [216/300], Loss: 1.1296 (Overall: 0.6882, Change: 1.1952), TF Ratio: 0.777
2026-06-15 00:26:07,795 - INFO - Epoch [4/5], Batch [217/300], Loss: 1.1299 (Overall: 0.8270, Change: 1.5907), TF Ratio: 0.777
2026-06-15 00:26:07,945 - INFO - Epoch [4/5], Batch [218/300], Loss: 1.1292 (Overall: 0.5263, Change: 1.4080), TF Ratio: 0.776
2026-06-15 00:26:08,096 - INFO - Epoch [4/5], Batch [219/300], Loss: 1.1289 (Overall: 0.8786, Change: 1.2635), TF Ratio: 0.776
2026-06-15 00:26:08,248 - INFO - Epoch [4/5], Batch [220/300], Loss: 1.1285 (Overall: 0.7264, Change: 1.3421), TF Ratio: 0.776
2026-06-15 00:26:08,398 - INFO - Epoch [4/5], Batch [221/300], Loss: 1.1278 (Overall: 0.7653, Change: 1.1989), TF Ratio: 0.776
2026-06-15 00:26:08,549 - INFO - Epoch [4/5], Batch [222/300], Loss: 1.1282 (Overall: 0.9040, Change: 1.5148), TF Ratio: 0.776
2026-06-15 00:26:08,699 - INFO - Epoch [4/5], Batch [223/300], Loss: 1.1281 (Overall: 0.6624, Change: 1.5336), TF Ratio: 0.775
2026-06-15 00:26:08,852 - INFO - Epoch [4/5], Batch [224/300], Loss: 1.1269 (Overall: 0.5953, Change: 1.1257), TF Ratio: 0.775
2026-06-15 00:26:09,002 - INFO - Epoch [4/5], Batch [225/300], Loss: 1.1271 (Overall: 1.0047, Change: 1.3365), TF Ratio: 0.775
2026-06-15 00:26:09,159 - INFO - Epoch [4/5], Batch [226/300], Loss: 1.1274 (Overall: 0.8824, Change: 1.5360), TF Ratio: 0.775
2026-06-15 00:26:09,309 - INFO - Epoch [4/5], Batch [227/300], Loss: 1.1275 (Overall: 0.6973, Change: 1.6034), TF Ratio: 0.775
2026-06-15 00:26:09,461 - INFO - Epoch [4/5], Batch [228/300], Loss: 1.1274 (Overall: 0.5950, Change: 1.5861), TF Ratio: 0.774
2026-06-15 00:26:09,611 - INFO - Epoch [4/5], Batch [229/300], Loss: 1.1281 (Overall: 0.8591, Change: 1.7495), TF Ratio: 0.774
2026-06-15 00:26:09,771 - INFO - Epoch [4/5], Batch [230/300], Loss: 1.1273 (Overall: 0.6509, Change: 1.2082), TF Ratio: 0.774
2026-06-15 00:26:09,922 - INFO - Epoch [4/5], Batch [231/300], Loss: 1.1282 (Overall: 0.8276, Change: 1.8300), TF Ratio: 0.774
2026-06-15 00:26:10,073 - INFO - Epoch [4/5], Batch [232/300], Loss: 1.1277 (Overall: 0.8594, Change: 1.1775), TF Ratio: 0.774
2026-06-15 00:26:10,223 - INFO - Epoch [4/5], Batch [233/300], Loss: 1.1269 (Overall: 0.6538, Change: 1.2356), TF Ratio: 0.773
2026-06-15 00:26:10,374 - INFO - Epoch [4/5], Batch [234/300], Loss: 1.1273 (Overall: 0.5443, Change: 1.9007), TF Ratio: 0.773
2026-06-15 00:26:10,524 - INFO - Epoch [4/5], Batch [235/300], Loss: 1.1263 (Overall: 0.6760, Change: 1.0917), TF Ratio: 0.773
2026-06-15 00:26:10,683 - INFO - Epoch [4/5], Batch [236/300], Loss: 1.1268 (Overall: 0.6561, Change: 1.8296), TF Ratio: 0.773
2026-06-15 00:26:10,832 - INFO - Epoch [4/5], Batch [237/300], Loss: 1.1272 (Overall: 0.8095, Change: 1.6424), TF Ratio: 0.773
2026-06-15 00:26:10,983 - INFO - Epoch [4/5], Batch [238/300], Loss: 1.1279 (Overall: 1.0882, Change: 1.5136), TF Ratio: 0.772
2026-06-15 00:26:11,134 - INFO - Epoch [4/5], Batch [239/300], Loss: 1.1272 (Overall: 0.8367, Change: 1.0981), TF Ratio: 0.772
2026-06-15 00:26:11,286 - INFO - Epoch [4/5], Batch [240/300], Loss: 1.1277 (Overall: 0.9497, Change: 1.5275), TF Ratio: 0.772
2026-06-15 00:26:11,436 - INFO - Epoch [4/5], Batch [241/300], Loss: 1.1274 (Overall: 0.6544, Change: 1.4631), TF Ratio: 0.772
2026-06-15 00:26:11,586 - INFO - Epoch [4/5], Batch [242/300], Loss: 1.1268 (Overall: 0.7921, Change: 1.1485), TF Ratio: 0.772
2026-06-15 00:26:11,746 - INFO - Epoch [4/5], Batch [243/300], Loss: 1.1269 (Overall: 0.9598, Change: 1.3660), TF Ratio: 0.771
2026-06-15 00:26:11,897 - INFO - Epoch [4/5], Batch [244/300], Loss: 1.1261 (Overall: 0.5243, Change: 1.3309), TF Ratio: 0.771
2026-06-15 00:26:12,047 - INFO - Epoch [4/5], Batch [245/300], Loss: 1.1255 (Overall: 0.7973, Change: 1.1656), TF Ratio: 0.771
2026-06-15 00:26:12,198 - INFO - Epoch [4/5], Batch [246/300], Loss: 1.1263 (Overall: 0.5660, Change: 2.0716), TF Ratio: 0.771
2026-06-15 00:26:12,348 - INFO - Epoch [4/5], Batch [247/300], Loss: 1.1264 (Overall: 0.7091, Change: 1.5987), TF Ratio: 0.771
2026-06-15 00:26:12,500 - INFO - Epoch [4/5], Batch [248/300], Loss: 1.1261 (Overall: 0.6192, Change: 1.4719), TF Ratio: 0.770
2026-06-15 00:26:12,649 - INFO - Epoch [4/5], Batch [249/300], Loss: 1.1263 (Overall: 0.7279, Change: 1.6266), TF Ratio: 0.770
2026-06-15 00:26:12,800 - INFO - Epoch [4/5], Batch [250/300], Loss: 1.1257 (Overall: 0.7503, Change: 1.1859), TF Ratio: 0.770
2026-06-15 00:26:12,950 - INFO - Epoch [4/5], Batch [251/300], Loss: 1.1263 (Overall: 0.8776, Change: 1.6938), TF Ratio: 0.770
2026-06-15 00:26:13,102 - INFO - Epoch [4/5], Batch [252/300], Loss: 1.1256 (Overall: 0.6972, Change: 1.2291), TF Ratio: 0.770
2026-06-15 00:26:13,253 - INFO - Epoch [4/5], Batch [253/300], Loss: 1.1249 (Overall: 0.6121, Change: 1.2674), TF Ratio: 0.769
2026-06-15 00:26:13,404 - INFO - Epoch [4/5], Batch [254/300], Loss: 1.1246 (Overall: 0.5829, Change: 1.5093), TF Ratio: 0.769
2026-06-15 00:26:13,556 - INFO - Epoch [4/5], Batch [255/300], Loss: 1.1245 (Overall: 0.6605, Change: 1.5193), TF Ratio: 0.769
2026-06-15 00:26:13,708 - INFO - Epoch [4/5], Batch [256/300], Loss: 1.1240 (Overall: 0.5710, Change: 1.4644), TF Ratio: 0.769
2026-06-15 00:26:13,859 - INFO - Epoch [4/5], Batch [257/300], Loss: 1.1255 (Overall: 1.3019, Change: 1.6994), TF Ratio: 0.769
2026-06-15 00:26:14,010 - INFO - Epoch [4/5], Batch [258/300], Loss: 1.1245 (Overall: 0.5972, Change: 1.1409), TF Ratio: 0.768
2026-06-15 00:26:14,163 - INFO - Epoch [4/5], Batch [259/300], Loss: 1.1240 (Overall: 0.7310, Change: 1.2330), TF Ratio: 0.768
2026-06-15 00:26:14,315 - INFO - Epoch [4/5], Batch [260/300], Loss: 1.1224 (Overall: 0.4276, Change: 0.9785), TF Ratio: 0.768
2026-06-15 00:26:14,465 - INFO - Epoch [4/5], Batch [261/300], Loss: 1.1230 (Overall: 0.8994, Change: 1.6679), TF Ratio: 0.768
2026-06-15 00:26:14,616 - INFO - Epoch [4/5], Batch [262/300], Loss: 1.1226 (Overall: 0.5890, Change: 1.4572), TF Ratio: 0.768
2026-06-15 00:26:14,767 - INFO - Epoch [4/5], Batch [263/300], Loss: 1.1226 (Overall: 0.8466, Change: 1.4205), TF Ratio: 0.767
2026-06-15 00:26:14,919 - INFO - Epoch [4/5], Batch [264/300], Loss: 1.1234 (Overall: 1.0686, Change: 1.5947), TF Ratio: 0.767
2026-06-15 00:26:15,069 - INFO - Epoch [4/5], Batch [265/300], Loss: 1.1231 (Overall: 0.5826, Change: 1.4829), TF Ratio: 0.767
2026-06-15 00:26:15,229 - INFO - Epoch [4/5], Batch [266/300], Loss: 1.1227 (Overall: 0.8827, Change: 1.1496), TF Ratio: 0.767
2026-06-15 00:26:15,379 - INFO - Epoch [4/5], Batch [267/300], Loss: 1.1233 (Overall: 1.2461, Change: 1.3511), TF Ratio: 0.767
2026-06-15 00:26:15,544 - INFO - Epoch [4/5], Batch [268/300], Loss: 1.1231 (Overall: 0.6721, Change: 1.4479), TF Ratio: 0.766
2026-06-15 00:26:15,694 - INFO - Epoch [4/5], Batch [269/300], Loss: 1.1227 (Overall: 0.7206, Change: 1.2978), TF Ratio: 0.766
2026-06-15 00:26:15,845 - INFO - Epoch [4/5], Batch [270/300], Loss: 1.1228 (Overall: 0.9062, Change: 1.4281), TF Ratio: 0.766
2026-06-15 00:26:15,995 - INFO - Epoch [4/5], Batch [271/300], Loss: 1.1222 (Overall: 0.8281, Change: 1.0858), TF Ratio: 0.766
2026-06-15 00:26:16,146 - INFO - Epoch [4/5], Batch [272/300], Loss: 1.1216 (Overall: 0.5953, Change: 1.2803), TF Ratio: 0.766
2026-06-15 00:26:16,296 - INFO - Epoch [4/5], Batch [273/300], Loss: 1.1223 (Overall: 1.0938, Change: 1.5764), TF Ratio: 0.765
2026-06-15 00:26:16,446 - INFO - Epoch [4/5], Batch [274/300], Loss: 1.1222 (Overall: 0.7218, Change: 1.4388), TF Ratio: 0.765
2026-06-15 00:26:16,598 - INFO - Epoch [4/5], Batch [275/300], Loss: 1.1220 (Overall: 0.8808, Change: 1.2502), TF Ratio: 0.765
2026-06-15 00:26:16,751 - INFO - Epoch [4/5], Batch [276/300], Loss: 1.1217 (Overall: 0.5655, Change: 1.5280), TF Ratio: 0.765
2026-06-15 00:26:16,901 - INFO - Epoch [4/5], Batch [277/300], Loss: 1.1215 (Overall: 0.9237, Change: 1.2251), TF Ratio: 0.765
2026-06-15 00:26:17,053 - INFO - Epoch [4/5], Batch [278/300], Loss: 1.1210 (Overall: 0.7416, Change: 1.1877), TF Ratio: 0.764
2026-06-15 00:26:17,203 - INFO - Epoch [4/5], Batch [279/300], Loss: 1.1212 (Overall: 0.6533, Change: 1.7273), TF Ratio: 0.764
2026-06-15 00:26:17,355 - INFO - Epoch [4/5], Batch [280/300], Loss: 1.1211 (Overall: 0.6954, Change: 1.5095), TF Ratio: 0.764
2026-06-15 00:26:17,505 - INFO - Epoch [4/5], Batch [281/300], Loss: 1.1203 (Overall: 0.5761, Change: 1.1672), TF Ratio: 0.764
2026-06-15 00:26:17,656 - INFO - Epoch [4/5], Batch [282/300], Loss: 1.1198 (Overall: 0.5376, Change: 1.4275), TF Ratio: 0.764
2026-06-15 00:26:17,812 - INFO - Epoch [4/5], Batch [283/300], Loss: 1.1203 (Overall: 0.8779, Change: 1.6394), TF Ratio: 0.763
2026-06-15 00:26:17,964 - INFO - Epoch [4/5], Batch [284/300], Loss: 1.1199 (Overall: 0.7230, Change: 1.3004), TF Ratio: 0.763
2026-06-15 00:26:18,113 - INFO - Epoch [4/5], Batch [285/300], Loss: 1.1202 (Overall: 0.8656, Change: 1.5514), TF Ratio: 0.763
2026-06-15 00:26:18,264 - INFO - Epoch [4/5], Batch [286/300], Loss: 1.1204 (Overall: 0.8482, Change: 1.5117), TF Ratio: 0.763
2026-06-15 00:26:18,414 - INFO - Epoch [4/5], Batch [287/300], Loss: 1.1203 (Overall: 0.8002, Change: 1.3847), TF Ratio: 0.763
2026-06-15 00:26:18,564 - INFO - Epoch [4/5], Batch [288/300], Loss: 1.1198 (Overall: 0.6379, Change: 1.3339), TF Ratio: 0.762
2026-06-15 00:26:18,714 - INFO - Epoch [4/5], Batch [289/300], Loss: 1.1197 (Overall: 0.7459, Change: 1.4047), TF Ratio: 0.762
2026-06-15 00:26:18,864 - INFO - Epoch [4/5], Batch [290/300], Loss: 1.1203 (Overall: 0.8841, Change: 1.7330), TF Ratio: 0.762
2026-06-15 00:26:19,014 - INFO - Epoch [4/5], Batch [291/300], Loss: 1.1210 (Overall: 1.2551, Change: 1.3480), TF Ratio: 0.762
2026-06-15 00:26:19,167 - INFO - Epoch [4/5], Batch [292/300], Loss: 1.1207 (Overall: 0.4782, Change: 1.5936), TF Ratio: 0.762
2026-06-15 00:26:19,317 - INFO - Epoch [4/5], Batch [293/300], Loss: 1.1204 (Overall: 0.5051, Change: 1.5709), TF Ratio: 0.761
2026-06-15 00:26:19,468 - INFO - Epoch [4/5], Batch [294/300], Loss: 1.1203 (Overall: 0.7474, Change: 1.4728), TF Ratio: 0.761
2026-06-15 00:26:19,618 - INFO - Epoch [4/5], Batch [295/300], Loss: 1.1198 (Overall: 0.7271, Change: 1.2105), TF Ratio: 0.761
2026-06-15 00:26:19,769 - INFO - Epoch [4/5], Batch [296/300], Loss: 1.1189 (Overall: 0.7426, Change: 0.9552), TF Ratio: 0.761
2026-06-15 00:26:19,920 - INFO - Epoch [4/5], Batch [297/300], Loss: 1.1190 (Overall: 0.9895, Change: 1.3133), TF Ratio: 0.761
2026-06-15 00:26:20,070 - INFO - Epoch [4/5], Batch [298/300], Loss: 1.1201 (Overall: 1.3124, Change: 1.5593), TF Ratio: 0.760
2026-06-15 00:26:20,223 - INFO - Epoch [4/5], Batch [299/300], Loss: 1.1207 (Overall: 1.0988, Change: 1.5039), TF Ratio: 0.760
2026-06-15 00:26:20,375 - INFO - Epoch [4/5], Batch [300/300], Loss: 1.1212 (Overall: 0.9218, Change: 1.6290), TF Ratio: 0.760
2026-06-15 00:26:25,507 - INFO - Epoch 4 done. Validating...
2026-06-15 00:26:34,966 - INFO - Epoch [4/5] | Train: 1.1212 | Val: 0.5701
2026-06-15 00:26:35,184 - INFO - Checkpoint saved: /gpfs/scratch/bsc32/bsc096444/ai4land-tfm/trained_models/unet_impl/41799688/best_model.pth
2026-06-15 00:26:35,388 - INFO - Checkpoint saved: /gpfs/scratch/bsc32/bsc096444/ai4land-tfm/trained_models/unet_impl/41799688/model_epoch_4.pth
2026-06-15 00:26:37,959 - INFO - Epoch [5/5], Batch [1/300], Loss: 1.2079 (Overall: 0.9537, Change: 1.4620), TF Ratio: 0.760
2026-06-15 00:26:41,080 - INFO - Epoch [5/5], Batch [2/300], Loss: 1.1347 (Overall: 0.5434, Change: 1.5795), TF Ratio: 0.760
2026-06-15 00:26:41,231 - INFO - Epoch [5/5], Batch [3/300], Loss: 1.1347 (Overall: 0.8026, Change: 1.4668), TF Ratio: 0.759
2026-06-15 00:26:41,383 - INFO - Epoch [5/5], Batch [4/300], Loss: 1.1695 (Overall: 0.9574, Change: 1.5909), TF Ratio: 0.759
2026-06-15 00:26:41,534 - INFO - Epoch [5/5], Batch [5/300], Loss: 1.1525 (Overall: 0.8762, Change: 1.2921), TF Ratio: 0.759
2026-06-15 00:26:41,690 - INFO - Epoch [5/5], Batch [6/300], Loss: 1.1214 (Overall: 0.6452, Change: 1.2867), TF Ratio: 0.759
2026-06-15 00:26:41,840 - INFO - Epoch [5/5], Batch [7/300], Loss: 1.1208 (Overall: 0.8567, Change: 1.3783), TF Ratio: 0.759
2026-06-15 00:26:41,991 - INFO - Epoch [5/5], Batch [8/300], Loss: 1.1191 (Overall: 0.9605, Change: 1.2537), TF Ratio: 0.758
2026-06-15 00:26:42,149 - INFO - Epoch [5/5], Batch [9/300], Loss: 1.1125 (Overall: 0.7563, Change: 1.3624), TF Ratio: 0.758
2026-06-15 00:26:42,300 - INFO - Epoch [5/5], Batch [10/300], Loss: 1.1177 (Overall: 0.5703, Change: 1.7589), TF Ratio: 0.758
2026-06-15 00:26:42,452 - INFO - Epoch [5/5], Batch [11/300], Loss: 1.1273 (Overall: 0.8116, Change: 1.6353), TF Ratio: 0.758
2026-06-15 00:26:42,613 - INFO - Epoch [5/5], Batch [12/300], Loss: 1.1278 (Overall: 0.5993, Change: 1.6679), TF Ratio: 0.758
2026-06-15 00:26:42,764 - INFO - Epoch [5/5], Batch [13/300], Loss: 1.1226 (Overall: 0.7438, Change: 1.3760), TF Ratio: 0.757
2026-06-15 00:26:42,925 - INFO - Epoch [5/5], Batch [14/300], Loss: 1.1284 (Overall: 0.6419, Change: 1.7658), TF Ratio: 0.757
2026-06-15 00:26:43,088 - INFO - Epoch [5/5], Batch [15/300], Loss: 1.1283 (Overall: 0.6164, Change: 1.6360), TF Ratio: 0.757
2026-06-15 00:26:43,241 - INFO - Epoch [5/5], Batch [16/300], Loss: 1.1282 (Overall: 0.7309, Change: 1.5251), TF Ratio: 0.757
2026-06-15 00:26:43,392 - INFO - Epoch [5/5], Batch [17/300], Loss: 1.1270 (Overall: 0.7901, Change: 1.4235), TF Ratio: 0.757
2026-06-15 00:26:43,547 - INFO - Epoch [5/5], Batch [18/300], Loss: 1.1329 (Overall: 1.0240, Change: 1.4429), TF Ratio: 0.756
2026-06-15 00:26:43,710 - INFO - Epoch [5/5], Batch [19/300], Loss: 1.1278 (Overall: 0.6629, Change: 1.4100), TF Ratio: 0.756
2026-06-15 00:26:43,862 - INFO - Epoch [5/5], Batch [20/300], Loss: 1.1211 (Overall: 0.7975, Change: 1.1912), TF Ratio: 0.756
2026-06-15 00:26:44,028 - INFO - Epoch [5/5], Batch [21/300], Loss: 1.1262 (Overall: 1.0102, Change: 1.4449), TF Ratio: 0.756
2026-06-15 00:26:44,191 - INFO - Epoch [5/5], Batch [22/300], Loss: 1.1389 (Overall: 0.9314, Change: 1.8783), TF Ratio: 0.756
2026-06-15 00:26:44,343 - INFO - Epoch [5/5], Batch [23/300], Loss: 1.1376 (Overall: 0.7640, Change: 1.4567), TF Ratio: 0.755
2026-06-15 00:26:44,496 - INFO - Epoch [5/5], Batch [24/300], Loss: 1.1336 (Overall: 0.5692, Change: 1.5105), TF Ratio: 0.755
2026-06-15 00:26:44,652 - INFO - Epoch [5/5], Batch [25/300], Loss: 1.1466 (Overall: 0.9983, Change: 1.9200), TF Ratio: 0.755
2026-06-15 00:26:44,803 - INFO - Epoch [5/5], Batch [26/300], Loss: 1.1366 (Overall: 0.6600, Change: 1.1158), TF Ratio: 0.755
2026-06-15 00:26:44,956 - INFO - Epoch [5/5], Batch [27/300], Loss: 1.1433 (Overall: 1.1276, Change: 1.5055), TF Ratio: 0.755
2026-06-15 00:26:45,114 - INFO - Epoch [5/5], Batch [28/300], Loss: 1.1420 (Overall: 0.8666, Change: 1.3455), TF Ratio: 0.754
2026-06-15 00:26:45,276 - INFO - Epoch [5/5], Batch [29/300], Loss: 1.1811 (Overall: 0.5067, Change: 4.0481), TF Ratio: 0.754
2026-06-15 00:26:45,428 - INFO - Epoch [5/5], Batch [30/300], Loss: 1.1832 (Overall: 0.9699, Change: 1.5165), TF Ratio: 0.754
2026-06-15 00:26:45,579 - INFO - Epoch [5/5], Batch [31/300], Loss: 1.1765 (Overall: 0.8775, Change: 1.0713), TF Ratio: 0.754
2026-06-15 00:26:45,732 - INFO - Epoch [5/5], Batch [32/300], Loss: 1.1718 (Overall: 0.5885, Change: 1.4634), TF Ratio: 0.754
2026-06-15 00:26:45,888 - INFO - Epoch [5/5], Batch [33/300], Loss: 1.1730 (Overall: 1.0273, Change: 1.3960), TF Ratio: 0.753
2026-06-15 00:26:46,040 - INFO - Epoch [5/5], Batch [34/300], Loss: 1.1663 (Overall: 0.5768, Change: 1.3147), TF Ratio: 0.753
2026-06-15 00:26:46,192 - INFO - Epoch [5/5], Batch [35/300], Loss: 1.1547 (Overall: 0.5993, Change: 0.9203), TF Ratio: 0.753
2026-06-15 00:26:46,353 - INFO - Epoch [5/5], Batch [36/300], Loss: 1.1423 (Overall: 0.4743, Change: 0.9426), TF Ratio: 0.753
2026-06-15 00:26:46,513 - INFO - Epoch [5/5], Batch [37/300], Loss: 1.1339 (Overall: 0.5514, Change: 1.1128), TF Ratio: 0.753
2026-06-15 00:26:46,693 - INFO - Epoch [5/5], Batch [38/300], Loss: 1.1309 (Overall: 0.6486, Change: 1.3903), TF Ratio: 0.752
2026-06-15 00:26:46,844 - INFO - Epoch [5/5], Batch [39/300], Loss: 1.1324 (Overall: 0.9484, Change: 1.4355), TF Ratio: 0.752
2026-06-15 00:26:46,997 - INFO - Epoch [5/5], Batch [40/300], Loss: 1.1226 (Overall: 0.5541, Change: 0.9222), TF Ratio: 0.752
2026-06-15 00:26:47,148 - INFO - Epoch [5/5], Batch [41/300], Loss: 1.1190 (Overall: 0.5876, Change: 1.3665), TF Ratio: 0.752
2026-06-15 00:26:47,306 - INFO - Epoch [5/5], Batch [42/300], Loss: 1.1155 (Overall: 0.6517, Change: 1.2892), TF Ratio: 0.752
2026-06-15 00:26:47,457 - INFO - Epoch [5/5], Batch [43/300], Loss: 1.1176 (Overall: 0.9711, Change: 1.4415), TF Ratio: 0.751
2026-06-15 00:26:47,609 - INFO - Epoch [5/5], Batch [44/300], Loss: 1.1148 (Overall: 0.8755, Change: 1.1138), TF Ratio: 0.751
2026-06-15 00:26:47,760 - INFO - Epoch [5/5], Batch [45/300], Loss: 1.1127 (Overall: 0.8114, Change: 1.2238), TF Ratio: 0.751
2026-06-15 00:26:47,911 - INFO - Epoch [5/5], Batch [46/300], Loss: 1.1102 (Overall: 0.6063, Change: 1.3970), TF Ratio: 0.751
2026-06-15 00:26:48,063 - INFO - Epoch [5/5], Batch [47/300], Loss: 1.1126 (Overall: 1.0702, Change: 1.3691), TF Ratio: 0.751
2026-06-15 00:26:48,223 - INFO - Epoch [5/5], Batch [48/300], Loss: 1.1145 (Overall: 1.0932, Change: 1.3178), TF Ratio: 0.750
2026-06-15 00:26:48,374 - INFO - Epoch [5/5], Batch [49/300], Loss: 1.1152 (Overall: 0.9370, Change: 1.3598), TF Ratio: 0.750
2026-06-15 00:26:48,525 - INFO - Epoch [5/5], Batch [50/300], Loss: 1.1147 (Overall: 0.7483, Change: 1.4308), TF Ratio: 0.750
2026-06-15 00:26:48,679 - INFO - Epoch [5/5], Batch [51/300], Loss: 1.1134 (Overall: 0.6676, Change: 1.4262), TF Ratio: 0.750
2026-06-15 00:26:48,835 - INFO - Epoch [5/5], Batch [52/300], Loss: 1.1104 (Overall: 0.6369, Change: 1.2853), TF Ratio: 0.750
2026-06-15 00:26:48,986 - INFO - Epoch [5/5], Batch [53/300], Loss: 1.1113 (Overall: 0.7113, Change: 1.6042), TF Ratio: 0.749
2026-06-15 00:26:49,138 - INFO - Epoch [5/5], Batch [54/300], Loss: 1.1096 (Overall: 0.6987, Change: 1.3338), TF Ratio: 0.749
2026-06-15 00:26:49,295 - INFO - Epoch [5/5], Batch [55/300], Loss: 1.1112 (Overall: 0.9717, Change: 1.4272), TF Ratio: 0.749
2026-06-15 00:26:49,447 - INFO - Epoch [5/5], Batch [56/300], Loss: 1.1112 (Overall: 0.7295, Change: 1.4927), TF Ratio: 0.749
2026-06-15 00:26:49,598 - INFO - Epoch [5/5], Batch [57/300], Loss: 1.1088 (Overall: 0.8375, Change: 1.1124), TF Ratio: 0.749
2026-06-15 00:26:49,766 - INFO - Epoch [5/5], Batch [58/300], Loss: 1.1044 (Overall: 0.7847, Change: 0.9240), TF Ratio: 0.748
2026-06-15 00:26:49,929 - INFO - Epoch [5/5], Batch [59/300], Loss: 1.1099 (Overall: 1.1107, Change: 1.7496), TF Ratio: 0.748
2026-06-15 00:26:50,082 - INFO - Epoch [5/5], Batch [60/300], Loss: 1.1111 (Overall: 0.9339, Change: 1.4219), TF Ratio: 0.748
2026-06-15 00:26:50,245 - INFO - Epoch [5/5], Batch [61/300], Loss: 1.1124 (Overall: 0.9406, Change: 1.4464), TF Ratio: 0.748
2026-06-15 00:26:50,405 - INFO - Epoch [5/5], Batch [62/300], Loss: 1.1099 (Overall: 0.6384, Change: 1.2785), TF Ratio: 0.748
2026-06-15 00:26:50,565 - INFO - Epoch [5/5], Batch [63/300], Loss: 1.1070 (Overall: 0.5945, Change: 1.2539), TF Ratio: 0.747
2026-06-15 00:26:50,721 - INFO - Epoch [5/5], Batch [64/300], Loss: 1.1068 (Overall: 1.0035, Change: 1.1880), TF Ratio: 0.747
2026-06-15 00:26:50,872 - INFO - Epoch [5/5], Batch [65/300], Loss: 1.1073 (Overall: 0.7418, Change: 1.5369), TF Ratio: 0.747
2026-06-15 00:26:51,023 - INFO - Epoch [5/5], Batch [66/300], Loss: 1.1068 (Overall: 0.8497, Change: 1.2942), TF Ratio: 0.747
2026-06-15 00:26:51,174 - INFO - Epoch [5/5], Batch [67/300], Loss: 1.1071 (Overall: 0.7173, Change: 1.5357), TF Ratio: 0.747
2026-06-15 00:26:51,325 - INFO - Epoch [5/5], Batch [68/300], Loss: 1.1087 (Overall: 0.8725, Change: 1.5680), TF Ratio: 0.746
2026-06-15 00:26:51,484 - INFO - Epoch [5/5], Batch [69/300], Loss: 1.1086 (Overall: 0.9657, Change: 1.2342), TF Ratio: 0.746
2026-06-15 00:26:51,636 - INFO - Epoch [5/5], Batch [70/300], Loss: 1.1080 (Overall: 0.9753, Change: 1.1561), TF Ratio: 0.746
2026-06-15 00:26:51,787 - INFO - Epoch [5/5], Batch [71/300], Loss: 1.1119 (Overall: 1.4796, Change: 1.2882), TF Ratio: 0.746
2026-06-15 00:26:51,943 - INFO - Epoch [5/5], Batch [72/300], Loss: 1.1093 (Overall: 0.6408, Change: 1.2060), TF Ratio: 0.746
2026-06-15 00:26:52,095 - INFO - Epoch [5/5], Batch [73/300], Loss: 1.1095 (Overall: 0.7167, Change: 1.5436), TF Ratio: 0.745
2026-06-15 00:26:52,246 - INFO - Epoch [5/5], Batch [74/300], Loss: 1.1087 (Overall: 0.7956, Change: 1.2960), TF Ratio: 0.745
2026-06-15 00:26:52,408 - INFO - Epoch [5/5], Batch [75/300], Loss: 1.1100 (Overall: 0.8343, Change: 1.5742), TF Ratio: 0.745
2026-06-15 00:26:52,560 - INFO - Epoch [5/5], Batch [76/300], Loss: 1.1121 (Overall: 1.1061, Change: 1.4407), TF Ratio: 0.745
2026-06-15 00:26:52,716 - INFO - Epoch [5/5], Batch [77/300], Loss: 1.1107 (Overall: 0.5401, Change: 1.4740), TF Ratio: 0.745
2026-06-15 00:26:52,867 - INFO - Epoch [5/5], Batch [78/300], Loss: 1.1108 (Overall: 0.5333, Change: 1.6964), TF Ratio: 0.744
2026-06-15 00:26:53,024 - INFO - Epoch [5/5], Batch [79/300], Loss: 1.1077 (Overall: 0.6891, Change: 1.0432), TF Ratio: 0.744
2026-06-15 00:26:53,176 - INFO - Epoch [5/5], Batch [80/300], Loss: 1.1095 (Overall: 0.8920, Change: 1.6060), TF Ratio: 0.744
2026-06-15 00:26:53,327 - INFO - Epoch [5/5], Batch [81/300], Loss: 1.1087 (Overall: 0.8083, Change: 1.2908), TF Ratio: 0.744
2026-06-15 00:26:53,477 - INFO - Epoch [5/5], Batch [82/300], Loss: 1.1112 (Overall: 0.8523, Change: 1.7714), TF Ratio: 0.744
2026-06-15 00:26:53,630 - INFO - Epoch [5/5], Batch [83/300], Loss: 1.1129 (Overall: 0.8206, Change: 1.6763), TF Ratio: 0.743
2026-06-15 00:26:53,782 - INFO - Epoch [5/5], Batch [84/300], Loss: 1.1137 (Overall: 0.9116, Change: 1.4556), TF Ratio: 0.743
2026-06-15 00:26:53,932 - INFO - Epoch [5/5], Batch [85/300], Loss: 1.1168 (Overall: 1.0232, Change: 1.7256), TF Ratio: 0.743
2026-06-15 00:26:54,083 - INFO - Epoch [5/5], Batch [86/300], Loss: 1.1197 (Overall: 1.1869, Change: 1.5537), TF Ratio: 0.743
2026-06-15 00:26:54,234 - INFO - Epoch [5/5], Batch [87/300], Loss: 1.1178 (Overall: 0.7798, Change: 1.1214), TF Ratio: 0.743
2026-06-15 00:26:54,386 - INFO - Epoch [5/5], Batch [88/300], Loss: 1.1163 (Overall: 0.7241, Change: 1.2474), TF Ratio: 0.742
2026-06-15 00:26:54,557 - INFO - Epoch [5/5], Batch [89/300], Loss: 1.1180 (Overall: 1.2525, Change: 1.2958), TF Ratio: 0.742
2026-06-15 00:26:54,709 - INFO - Epoch [5/5], Batch [90/300], Loss: 1.1192 (Overall: 0.5223, Change: 1.9187), TF Ratio: 0.742
2026-06-15 00:26:54,861 - INFO - Epoch [5/5], Batch [91/300], Loss: 1.1157 (Overall: 0.5174, Change: 1.0851), TF Ratio: 0.742
2026-06-15 00:26:55,012 - INFO - Epoch [5/5], Batch [92/300], Loss: 1.1168 (Overall: 0.8921, Change: 1.5437), TF Ratio: 0.742
2026-06-15 00:26:55,168 - INFO - Epoch [5/5], Batch [93/300], Loss: 1.1159 (Overall: 0.8430, Change: 1.2206), TF Ratio: 0.741
2026-06-15 00:26:55,324 - INFO - Epoch [5/5], Batch [94/300], Loss: 1.1162 (Overall: 0.8454, Change: 1.4435), TF Ratio: 0.741
2026-06-15 00:26:55,486 - INFO - Epoch [5/5], Batch [95/300], Loss: 1.1149 (Overall: 0.8626, Change: 1.1186), TF Ratio: 0.741
2026-06-15 00:26:55,637 - INFO - Epoch [5/5], Batch [96/300], Loss: 1.1146 (Overall: 0.8631, Change: 1.3240), TF Ratio: 0.741
2026-06-15 00:26:55,788 - INFO - Epoch [5/5], Batch [97/300], Loss: 1.1207 (Overall: 0.7542, Change: 2.6416), TF Ratio: 0.741
2026-06-15 00:26:55,939 - INFO - Epoch [5/5], Batch [98/300], Loss: 1.1216 (Overall: 0.8467, Change: 1.5763), TF Ratio: 0.740
2026-06-15 00:26:56,090 - INFO - Epoch [5/5], Batch [99/300], Loss: 1.1209 (Overall: 0.5466, Change: 1.5651), TF Ratio: 0.740
2026-06-15 00:26:56,241 - INFO - Epoch [5/5], Batch [100/300], Loss: 1.1201 (Overall: 0.7385, Change: 1.3414), TF Ratio: 0.740
2026-06-15 00:26:56,391 - INFO - Epoch [5/5], Batch [101/300], Loss: 1.1194 (Overall: 0.7775, Change: 1.3117), TF Ratio: 0.740
2026-06-15 00:26:56,542 - INFO - Epoch [5/5], Batch [102/300], Loss: 1.1198 (Overall: 0.8463, Change: 1.4873), TF Ratio: 0.740
2026-06-15 00:26:56,692 - INFO - Epoch [5/5], Batch [103/300], Loss: 1.1211 (Overall: 0.9969, Change: 1.5073), TF Ratio: 0.739
2026-06-15 00:26:56,845 - INFO - Epoch [5/5], Batch [104/300], Loss: 1.1217 (Overall: 1.0948, Change: 1.2747), TF Ratio: 0.739
2026-06-15 00:26:56,995 - INFO - Epoch [5/5], Batch [105/300], Loss: 1.1214 (Overall: 0.8942, Change: 1.2869), TF Ratio: 0.739
2026-06-15 00:26:57,148 - INFO - Epoch [5/5], Batch [106/300], Loss: 1.1213 (Overall: 0.8084, Change: 1.4020), TF Ratio: 0.739
2026-06-15 00:26:57,300 - INFO - Epoch [5/5], Batch [107/300], Loss: 1.1213 (Overall: 0.8001, Change: 1.4499), TF Ratio: 0.739
2026-06-15 00:26:57,452 - INFO - Epoch [5/5], Batch [108/300], Loss: 1.1207 (Overall: 0.6351, Change: 1.4786), TF Ratio: 0.738
2026-06-15 00:26:57,606 - INFO - Epoch [5/5], Batch [109/300], Loss: 1.1218 (Overall: 0.8528, Change: 1.6324), TF Ratio: 0.738
2026-06-15 00:26:57,757 - INFO - Epoch [5/5], Batch [110/300], Loss: 1.1198 (Overall: 0.5762, Change: 1.2166), TF Ratio: 0.738
2026-06-15 00:26:57,909 - INFO - Epoch [5/5], Batch [111/300], Loss: 1.1205 (Overall: 0.9062, Change: 1.5003), TF Ratio: 0.738
2026-06-15 00:26:58,062 - INFO - Epoch [5/5], Batch [112/300], Loss: 1.1201 (Overall: 0.7484, Change: 1.3980), TF Ratio: 0.738
2026-06-15 00:26:58,214 - INFO - Epoch [5/5], Batch [113/300], Loss: 1.1217 (Overall: 0.6715, Change: 1.9360), TF Ratio: 0.737
2026-06-15 00:26:58,365 - INFO - Epoch [5/5], Batch [114/300], Loss: 1.1218 (Overall: 0.7741, Change: 1.4795), TF Ratio: 0.737
2026-06-15 00:26:58,520 - INFO - Epoch [5/5], Batch [115/300], Loss: 1.1226 (Overall: 1.0611, Change: 1.3816), TF Ratio: 0.737
2026-06-15 00:26:58,675 - INFO - Epoch [5/5], Batch [116/300], Loss: 1.1239 (Overall: 0.9111, Change: 1.6295), TF Ratio: 0.737
2026-06-15 00:26:58,825 - INFO - Epoch [5/5], Batch [117/300], Loss: 1.1237 (Overall: 1.1297, Change: 1.0591), TF Ratio: 0.737
2026-06-15 00:26:58,976 - INFO - Epoch [5/5], Batch [118/300], Loss: 1.1261 (Overall: 0.6799, Change: 2.1504), TF Ratio: 0.736
2026-06-15 00:26:59,128 - INFO - Epoch [5/5], Batch [119/300], Loss: 1.1252 (Overall: 0.5353, Change: 1.4880), TF Ratio: 0.736
2026-06-15 00:26:59,281 - INFO - Epoch [5/5], Batch [120/300], Loss: 1.1247 (Overall: 0.6572, Change: 1.4699), TF Ratio: 0.736
2026-06-15 00:26:59,432 - INFO - Epoch [5/5], Batch [121/300], Loss: 1.1232 (Overall: 0.6454, Change: 1.2536), TF Ratio: 0.736
2026-06-15 00:26:59,582 - INFO - Epoch [5/5], Batch [122/300], Loss: 1.1243 (Overall: 0.9028, Change: 1.6123), TF Ratio: 0.736
2026-06-15 00:26:59,733 - INFO - Epoch [5/5], Batch [123/300], Loss: 1.1245 (Overall: 0.7406, Change: 1.5510), TF Ratio: 0.735
2026-06-15 00:26:59,885 - INFO - Epoch [5/5], Batch [124/300], Loss: 1.1242 (Overall: 0.6461, Change: 1.5204), TF Ratio: 0.735
2026-06-15 00:27:00,036 - INFO - Epoch [5/5], Batch [125/300], Loss: 1.1240 (Overall: 0.6070, Change: 1.6009), TF Ratio: 0.735
2026-06-15 00:27:00,186 - INFO - Epoch [5/5], Batch [126/300], Loss: 1.1241 (Overall: 0.7105, Change: 1.5661), TF Ratio: 0.735
2026-06-15 00:27:00,337 - INFO - Epoch [5/5], Batch [127/300], Loss: 1.1207 (Overall: 0.5061, Change: 0.8706), TF Ratio: 0.735
2026-06-15 00:27:00,488 - INFO - Epoch [5/5], Batch [128/300], Loss: 1.1221 (Overall: 0.9188, Change: 1.6950), TF Ratio: 0.734
2026-06-15 00:27:00,639 - INFO - Epoch [5/5], Batch [129/300], Loss: 1.1231 (Overall: 0.7831, Change: 1.7059), TF Ratio: 0.734
2026-06-15 00:27:00,797 - INFO - Epoch [5/5], Batch [130/300], Loss: 1.1228 (Overall: 0.8136, Change: 1.3710), TF Ratio: 0.734
2026-06-15 00:27:00,956 - INFO - Epoch [5/5], Batch [131/300], Loss: 1.1215 (Overall: 0.5418, Change: 1.3477), TF Ratio: 0.734
2026-06-15 00:27:01,108 - INFO - Epoch [5/5], Batch [132/300], Loss: 1.1218 (Overall: 0.7361, Change: 1.5926), TF Ratio: 0.734
2026-06-15 00:27:01,260 - INFO - Epoch [5/5], Batch [133/300], Loss: 1.1217 (Overall: 0.9011, Change: 1.3104), TF Ratio: 0.733
2026-06-15 00:27:01,412 - INFO - Epoch [5/5], Batch [134/300], Loss: 1.1220 (Overall: 0.7349, Change: 1.5789), TF Ratio: 0.733
2026-06-15 00:27:01,574 - INFO - Epoch [5/5], Batch [135/300], Loss: 1.1221 (Overall: 0.8225, Change: 1.4478), TF Ratio: 0.733
2026-06-15 00:27:01,726 - INFO - Epoch [5/5], Batch [136/300], Loss: 1.1219 (Overall: 0.6537, Change: 1.5428), TF Ratio: 0.733
2026-06-15 00:27:01,891 - INFO - Epoch [5/5], Batch [137/300], Loss: 1.1201 (Overall: 0.6826, Change: 1.0802), TF Ratio: 0.733
2026-06-15 00:27:02,044 - INFO - Epoch [5/5], Batch [138/300], Loss: 1.1220 (Overall: 1.2565, Change: 1.5017), TF Ratio: 0.732
2026-06-15 00:27:02,195 - INFO - Epoch [5/5], Batch [139/300], Loss: 1.1229 (Overall: 0.6762, Change: 1.8142), TF Ratio: 0.732
2026-06-15 00:27:02,349 - INFO - Epoch [5/5], Batch [140/300], Loss: 1.1226 (Overall: 0.8469, Change: 1.3209), TF Ratio: 0.732
2026-06-15 00:27:02,502 - INFO - Epoch [5/5], Batch [141/300], Loss: 1.1233 (Overall: 1.0399, Change: 1.4123), TF Ratio: 0.732
2026-06-15 00:27:02,653 - INFO - Epoch [5/5], Batch [142/300], Loss: 1.1246 (Overall: 0.8181, Change: 1.7983), TF Ratio: 0.732
2026-06-15 00:27:02,806 - INFO - Epoch [5/5], Batch [143/300], Loss: 1.1263 (Overall: 0.6730, Change: 2.0513), TF Ratio: 0.731
2026-06-15 00:27:02,959 - INFO - Epoch [5/5], Batch [144/300], Loss: 1.1252 (Overall: 0.5869, Change: 1.3362), TF Ratio: 0.731
2026-06-15 00:27:03,108 - INFO - Epoch [5/5], Batch [145/300], Loss: 1.1240 (Overall: 0.7628, Change: 1.1640), TF Ratio: 0.731
2026-06-15 00:27:03,258 - INFO - Epoch [5/5], Batch [146/300], Loss: 1.1254 (Overall: 0.7876, Change: 1.8611), TF Ratio: 0.731
2026-06-15 00:27:03,408 - INFO - Epoch [5/5], Batch [147/300], Loss: 1.1249 (Overall: 0.7349, Change: 1.3583), TF Ratio: 0.731
2026-06-15 00:27:03,560 - INFO - Epoch [5/5], Batch [148/300], Loss: 1.1235 (Overall: 0.5731, Change: 1.2642), TF Ratio: 0.730
2026-06-15 00:27:03,710 - INFO - Epoch [5/5], Batch [149/300], Loss: 1.1226 (Overall: 0.8714, Change: 1.1254), TF Ratio: 0.730
2026-06-15 00:27:03,881 - INFO - Epoch [5/5], Batch [150/300], Loss: 1.1223 (Overall: 0.8070, Change: 1.3228), TF Ratio: 0.730
2026-06-15 00:27:04,032 - INFO - Epoch [5/5], Batch [151/300], Loss: 1.1223 (Overall: 0.6464, Change: 1.6240), TF Ratio: 0.730
2026-06-15 00:27:04,184 - INFO - Epoch [5/5], Batch [152/300], Loss: 1.1230 (Overall: 0.8916, Change: 1.5625), TF Ratio: 0.730
2026-06-15 00:27:04,336 - INFO - Epoch [5/5], Batch [153/300], Loss: 1.1231 (Overall: 0.8045, Change: 1.4710), TF Ratio: 0.729
2026-06-15 00:27:04,489 - INFO - Epoch [5/5], Batch [154/300], Loss: 1.1219 (Overall: 0.6586, Change: 1.2045), TF Ratio: 0.729
2026-06-15 00:27:04,641 - INFO - Epoch [5/5], Batch [155/300], Loss: 1.1220 (Overall: 0.8467, Change: 1.4453), TF Ratio: 0.729
2026-06-15 00:27:04,801 - INFO - Epoch [5/5], Batch [156/300], Loss: 1.1225 (Overall: 0.9106, Change: 1.4719), TF Ratio: 0.729
2026-06-15 00:27:04,953 - INFO - Epoch [5/5], Batch [157/300], Loss: 1.1226 (Overall: 0.7732, Change: 1.4951), TF Ratio: 0.729
2026-06-15 00:27:05,110 - INFO - Epoch [5/5], Batch [158/300], Loss: 1.1233 (Overall: 0.7033, Change: 1.7860), TF Ratio: 0.728
2026-06-15 00:27:05,261 - INFO - Epoch [5/5], Batch [159/300], Loss: 1.1226 (Overall: 0.6485, Change: 1.3634), TF Ratio: 0.728
2026-06-15 00:27:05,414 - INFO - Epoch [5/5], Batch [160/300], Loss: 1.1225 (Overall: 0.7587, Change: 1.4530), TF Ratio: 0.728
2026-06-15 00:27:05,564 - INFO - Epoch [5/5], Batch [161/300], Loss: 1.1215 (Overall: 0.6640, Change: 1.2537), TF Ratio: 0.728
2026-06-15 00:27:05,715 - INFO - Epoch [5/5], Batch [162/300], Loss: 1.1204 (Overall: 1.1054, Change: 0.7838), TF Ratio: 0.728
2026-06-15 00:27:05,865 - INFO - Epoch [5/5], Batch [163/300], Loss: 1.1201 (Overall: 0.9662, Change: 1.1768), TF Ratio: 0.727
2026-06-15 00:27:06,015 - INFO - Epoch [5/5], Batch [164/300], Loss: 1.1195 (Overall: 0.7949, Change: 1.2528), TF Ratio: 0.727
2026-06-15 00:27:06,165 - INFO - Epoch [5/5], Batch [165/300], Loss: 1.1181 (Overall: 0.7602, Change: 1.0334), TF Ratio: 0.727
2026-06-15 00:27:06,316 - INFO - Epoch [5/5], Batch [166/300], Loss: 1.1187 (Overall: 0.7629, Change: 1.6686), TF Ratio: 0.727
2026-06-15 00:27:06,467 - INFO - Epoch [5/5], Batch [167/300], Loss: 1.1161 (Overall: 0.5634, Change: 0.7891), TF Ratio: 0.727
2026-06-15 00:27:06,620 - INFO - Epoch [5/5], Batch [168/300], Loss: 1.1153 (Overall: 0.5630, Change: 1.4216), TF Ratio: 0.726
2026-06-15 00:27:06,771 - INFO - Epoch [5/5], Batch [169/300], Loss: 1.1136 (Overall: 0.8258, Change: 0.8214), TF Ratio: 0.726
2026-06-15 00:27:06,925 - INFO - Epoch [5/5], Batch [170/300], Loss: 1.1121 (Overall: 0.6577, Change: 1.0653), TF Ratio: 0.726
2026-06-15 00:27:07,085 - INFO - Epoch [5/5], Batch [171/300], Loss: 1.1131 (Overall: 1.0796, Change: 1.4832), TF Ratio: 0.726
2026-06-15 00:27:07,237 - INFO - Epoch [5/5], Batch [172/300], Loss: 1.1133 (Overall: 0.8705, Change: 1.4138), TF Ratio: 0.726
2026-06-15 00:27:07,395 - INFO - Epoch [5/5], Batch [173/300], Loss: 1.1120 (Overall: 0.6198, Change: 1.1697), TF Ratio: 0.725
2026-06-15 00:27:07,557 - INFO - Epoch [5/5], Batch [174/300], Loss: 1.1129 (Overall: 0.7887, Change: 1.7289), TF Ratio: 0.725
2026-06-15 00:27:07,709 - INFO - Epoch [5/5], Batch [175/300], Loss: 1.1122 (Overall: 0.7634, Change: 1.2114), TF Ratio: 0.725
2026-06-15 00:27:07,862 - INFO - Epoch [5/5], Batch [176/300], Loss: 1.1111 (Overall: 0.6430, Change: 1.2112), TF Ratio: 0.725
2026-06-15 00:27:08,013 - INFO - Epoch [5/5], Batch [177/300], Loss: 1.1113 (Overall: 0.6250, Change: 1.6822), TF Ratio: 0.725
2026-06-15 00:27:08,164 - INFO - Epoch [5/5], Batch [178/300], Loss: 1.1099 (Overall: 0.7656, Change: 0.9464), TF Ratio: 0.724
2026-06-15 00:27:08,315 - INFO - Epoch [5/5], Batch [179/300], Loss: 1.1095 (Overall: 0.6611, Change: 1.4053), TF Ratio: 0.724
2026-06-15 00:27:08,468 - INFO - Epoch [5/5], Batch [180/300], Loss: 1.1102 (Overall: 1.0469, Change: 1.4348), TF Ratio: 0.724
2026-06-15 00:27:08,618 - INFO - Epoch [5/5], Batch [181/300], Loss: 1.1113 (Overall: 1.0187, Change: 1.6089), TF Ratio: 0.724
2026-06-15 00:27:08,773 - INFO - Epoch [5/5], Batch [182/300], Loss: 1.1100 (Overall: 0.5800, Change: 1.1574), TF Ratio: 0.724
2026-06-15 00:27:08,923 - INFO - Epoch [5/5], Batch [183/300], Loss: 1.1099 (Overall: 0.6314, Change: 1.5474), TF Ratio: 0.723
2026-06-15 00:27:09,075 - INFO - Epoch [5/5], Batch [184/300], Loss: 1.1101 (Overall: 0.8938, Change: 1.4073), TF Ratio: 0.723
2026-06-15 00:27:09,236 - INFO - Epoch [5/5], Batch [185/300], Loss: 1.1100 (Overall: 0.5457, Change: 1.6228), TF Ratio: 0.723
2026-06-15 00:27:09,395 - INFO - Epoch [5/5], Batch [186/300], Loss: 1.1095 (Overall: 0.6390, Change: 1.4120), TF Ratio: 0.723
2026-06-15 00:27:09,547 - INFO - Epoch [5/5], Batch [187/300], Loss: 1.1083 (Overall: 0.7129, Change: 1.0323), TF Ratio: 0.723
2026-06-15 00:27:09,699 - INFO - Epoch [5/5], Batch [188/300], Loss: 1.1066 (Overall: 0.5098, Change: 1.0712), TF Ratio: 0.722
2026-06-15 00:27:09,851 - INFO - Epoch [5/5], Batch [189/300], Loss: 1.1067 (Overall: 0.7370, Change: 1.5443), TF Ratio: 0.722
2026-06-15 00:27:10,002 - INFO - Epoch [5/5], Batch [190/300], Loss: 1.1066 (Overall: 0.7708, Change: 1.3847), TF Ratio: 0.722
2026-06-15 00:27:10,161 - INFO - Epoch [5/5], Batch [191/300], Loss: 1.1063 (Overall: 0.7242, Change: 1.3802), TF Ratio: 0.722
2026-06-15 00:27:10,313 - INFO - Epoch [5/5], Batch [192/300], Loss: 1.1049 (Overall: 0.5419, Change: 1.1168), TF Ratio: 0.722
2026-06-15 00:27:10,464 - INFO - Epoch [5/5], Batch [193/300], Loss: 1.1028 (Overall: 0.4768, Change: 0.9519), TF Ratio: 0.721
2026-06-15 00:27:10,615 - INFO - Epoch [5/5], Batch [194/300], Loss: 1.1025 (Overall: 0.5393, Change: 1.5531), TF Ratio: 0.721
2026-06-15 00:27:10,766 - INFO - Epoch [5/5], Batch [195/300], Loss: 1.1029 (Overall: 1.1469, Change: 1.2088), TF Ratio: 0.721
2026-06-15 00:27:10,917 - INFO - Epoch [5/5], Batch [196/300], Loss: 1.1043 (Overall: 1.0465, Change: 1.6777), TF Ratio: 0.721
2026-06-15 00:27:11,067 - INFO - Epoch [5/5], Batch [197/300], Loss: 1.1042 (Overall: 0.8340, Change: 1.3676), TF Ratio: 0.721
2026-06-15 00:27:11,218 - INFO - Epoch [5/5], Batch [198/300], Loss: 1.1040 (Overall: 0.8190, Change: 1.2825), TF Ratio: 0.720
2026-06-15 00:27:11,368 - INFO - Epoch [5/5], Batch [199/300], Loss: 1.1031 (Overall: 0.6389, Change: 1.2320), TF Ratio: 0.720
2026-06-15 00:27:11,519 - INFO - Epoch [5/5], Batch [200/300], Loss: 1.1028 (Overall: 0.5835, Change: 1.4912), TF Ratio: 0.720
2026-06-15 00:27:11,669 - INFO - Epoch [5/5], Batch [201/300], Loss: 1.1024 (Overall: 0.9789, Change: 1.0748), TF Ratio: 0.720
2026-06-15 00:27:11,820 - INFO - Epoch [5/5], Batch [202/300], Loss: 1.1034 (Overall: 1.0299, Change: 1.5760), TF Ratio: 0.720
2026-06-15 00:27:11,971 - INFO - Epoch [5/5], Batch [203/300], Loss: 1.1051 (Overall: 1.3796, Change: 1.4982), TF Ratio: 0.719
2026-06-15 00:27:12,124 - INFO - Epoch [5/5], Batch [204/300], Loss: 1.1056 (Overall: 0.8112, Change: 1.5991), TF Ratio: 0.719
2026-06-15 00:27:12,275 - INFO - Epoch [5/5], Batch [205/300], Loss: 1.1058 (Overall: 0.9284, Change: 1.3896), TF Ratio: 0.719
2026-06-15 00:27:12,434 - INFO - Epoch [5/5], Batch [206/300], Loss: 1.1054 (Overall: 0.7812, Change: 1.2432), TF Ratio: 0.719
2026-06-15 00:27:12,585 - INFO - Epoch [5/5], Batch [207/300], Loss: 1.1061 (Overall: 0.9944, Change: 1.5420), TF Ratio: 0.719
2026-06-15 00:27:12,740 - INFO - Epoch [5/5], Batch [208/300], Loss: 1.1054 (Overall: 0.7586, Change: 1.1442), TF Ratio: 0.718
2026-06-15 00:27:12,896 - INFO - Epoch [5/5], Batch [209/300], Loss: 1.1045 (Overall: 0.6726, Change: 1.1809), TF Ratio: 0.718
2026-06-15 00:27:13,048 - INFO - Epoch [5/5], Batch [210/300], Loss: 1.1036 (Overall: 0.4855, Change: 1.3342), TF Ratio: 0.718
2026-06-15 00:27:13,199 - INFO - Epoch [5/5], Batch [211/300], Loss: 1.1026 (Overall: 0.7806, Change: 1.0106), TF Ratio: 0.718
2026-06-15 00:27:13,357 - INFO - Epoch [5/5], Batch [212/300], Loss: 1.1020 (Overall: 0.5017, Change: 1.4287), TF Ratio: 0.718
2026-06-15 00:27:13,508 - INFO - Epoch [5/5], Batch [213/300], Loss: 1.1018 (Overall: 0.9450, Change: 1.1699), TF Ratio: 0.717
2026-06-15 00:27:13,666 - INFO - Epoch [5/5], Batch [214/300], Loss: 1.1038 (Overall: 1.6661, Change: 1.3960), TF Ratio: 0.717
2026-06-15 00:27:13,817 - INFO - Epoch [5/5], Batch [215/300], Loss: 1.1049 (Overall: 0.9341, Change: 1.7567), TF Ratio: 0.717
2026-06-15 00:27:13,969 - INFO - Epoch [5/5], Batch [216/300], Loss: 1.1063 (Overall: 0.5375, Change: 2.2925), TF Ratio: 0.717
2026-06-15 00:27:14,126 - INFO - Epoch [5/5], Batch [217/300], Loss: 1.1074 (Overall: 1.0670, Change: 1.6220), TF Ratio: 0.717
2026-06-15 00:27:14,280 - INFO - Epoch [5/5], Batch [218/300], Loss: 1.1075 (Overall: 0.5576, Change: 1.6705), TF Ratio: 0.716
2026-06-15 00:27:14,431 - INFO - Epoch [5/5], Batch [219/300], Loss: 1.1076 (Overall: 0.7174, Change: 1.5636), TF Ratio: 0.716
2026-06-15 00:27:14,594 - INFO - Epoch [5/5], Batch [220/300], Loss: 1.1079 (Overall: 0.6176, Change: 1.7326), TF Ratio: 0.716
2026-06-15 00:27:14,746 - INFO - Epoch [5/5], Batch [221/300], Loss: 1.1085 (Overall: 0.7699, Change: 1.6865), TF Ratio: 0.716
2026-06-15 00:27:14,898 - INFO - Epoch [5/5], Batch [222/300], Loss: 1.1077 (Overall: 0.8195, Change: 1.0371), TF Ratio: 0.716
2026-06-15 00:27:15,072 - INFO - Epoch [5/5], Batch [223/300], Loss: 1.1077 (Overall: 0.7183, Change: 1.5084), TF Ratio: 0.715
2026-06-15 00:27:15,226 - INFO - Epoch [5/5], Batch [224/300], Loss: 1.1076 (Overall: 0.5428, Change: 1.6257), TF Ratio: 0.715
2026-06-15 00:27:15,388 - INFO - Epoch [5/5], Batch [225/300], Loss: 1.1075 (Overall: 0.8468, Change: 1.3400), TF Ratio: 0.715
2026-06-15 00:27:15,573 - INFO - Epoch [5/5], Batch [226/300], Loss: 1.1081 (Overall: 0.7221, Change: 1.7363), TF Ratio: 0.715
2026-06-15 00:27:15,725 - INFO - Epoch [5/5], Batch [227/300], Loss: 1.1079 (Overall: 0.9543, Change: 1.1912), TF Ratio: 0.715
2026-06-15 00:27:15,879 - INFO - Epoch [5/5], Batch [228/300], Loss: 1.1080 (Overall: 0.8248, Change: 1.4588), TF Ratio: 0.714
2026-06-15 00:27:16,037 - INFO - Epoch [5/5], Batch [229/300], Loss: 1.1076 (Overall: 0.6179, Change: 1.4054), TF Ratio: 0.714
2026-06-15 00:27:16,197 - INFO - Epoch [5/5], Batch [230/300], Loss: 1.1067 (Overall: 0.6776, Change: 1.1083), TF Ratio: 0.714
2026-06-15 00:27:16,349 - INFO - Epoch [5/5], Batch [231/300], Loss: 1.1074 (Overall: 1.2001, Change: 1.3395), TF Ratio: 0.714
2026-06-15 00:27:16,502 - INFO - Epoch [5/5], Batch [232/300], Loss: 1.1074 (Overall: 0.7340, Change: 1.4890), TF Ratio: 0.714
2026-06-15 00:27:16,653 - INFO - Epoch [5/5], Batch [233/300], Loss: 1.1083 (Overall: 0.9750, Change: 1.6557), TF Ratio: 0.713
2026-06-15 00:27:16,804 - INFO - Epoch [5/5], Batch [234/300], Loss: 1.1097 (Overall: 1.2221, Change: 1.6349), TF Ratio: 0.713
2026-06-15 00:27:16,967 - INFO - Epoch [5/5], Batch [235/300], Loss: 1.1095 (Overall: 0.8418, Change: 1.3047), TF Ratio: 0.713
2026-06-15 00:27:17,138 - INFO - Epoch [5/5], Batch [236/300], Loss: 1.1095 (Overall: 0.7500, Change: 1.4631), TF Ratio: 0.713
2026-06-15 00:27:17,290 - INFO - Epoch [5/5], Batch [237/300], Loss: 1.1104 (Overall: 1.0803, Change: 1.5700), TF Ratio: 0.713
2026-06-15 00:27:17,442 - INFO - Epoch [5/5], Batch [238/300], Loss: 1.1108 (Overall: 0.6957, Change: 1.7049), TF Ratio: 0.712
2026-06-15 00:27:17,594 - INFO - Epoch [5/5], Batch [239/300], Loss: 1.1111 (Overall: 0.9550, Change: 1.3907), TF Ratio: 0.712
2026-06-15 00:27:17,757 - INFO - Epoch [5/5], Batch [240/300], Loss: 1.1127 (Overall: 1.6258, Change: 1.3776), TF Ratio: 0.712
2026-06-15 00:27:17,916 - INFO - Epoch [5/5], Batch [241/300], Loss: 1.1120 (Overall: 0.6307, Change: 1.2454), TF Ratio: 0.712
2026-06-15 00:27:18,067 - INFO - Epoch [5/5], Batch [242/300], Loss: 1.1122 (Overall: 0.7233, Change: 1.6122), TF Ratio: 0.712
2026-06-15 00:27:18,220 - INFO - Epoch [5/5], Batch [243/300], Loss: 1.1126 (Overall: 0.7266, Change: 1.6905), TF Ratio: 0.711
2026-06-15 00:27:18,373 - INFO - Epoch [5/5], Batch [244/300], Loss: 1.1127 (Overall: 0.8637, Change: 1.4063), TF Ratio: 0.711
2026-06-15 00:27:18,524 - INFO - Epoch [5/5], Batch [245/300], Loss: 1.1126 (Overall: 0.9011, Change: 1.2636), TF Ratio: 0.711
2026-06-15 00:27:18,691 - INFO - Epoch [5/5], Batch [246/300], Loss: 1.1129 (Overall: 0.9939, Change: 1.3848), TF Ratio: 0.711
2026-06-15 00:27:18,842 - INFO - Epoch [5/5], Batch [247/300], Loss: 1.1127 (Overall: 0.6937, Change: 1.4630), TF Ratio: 0.711
2026-06-15 00:27:18,994 - INFO - Epoch [5/5], Batch [248/300], Loss: 1.1123 (Overall: 0.6211, Change: 1.3934), TF Ratio: 0.710
2026-06-15 00:27:19,145 - INFO - Epoch [5/5], Batch [249/300], Loss: 1.1125 (Overall: 0.8234, Change: 1.4810), TF Ratio: 0.710
2026-06-15 00:27:19,297 - INFO - Epoch [5/5], Batch [250/300], Loss: 1.1120 (Overall: 0.5357, Change: 1.4757), TF Ratio: 0.710
2026-06-15 00:27:19,452 - INFO - Epoch [5/5], Batch [251/300], Loss: 1.1123 (Overall: 0.9038, Change: 1.4498), TF Ratio: 0.710
2026-06-15 00:27:19,604 - INFO - Epoch [5/5], Batch [252/300], Loss: 1.1123 (Overall: 0.9173, Change: 1.2932), TF Ratio: 0.710
2026-06-15 00:27:19,755 - INFO - Epoch [5/5], Batch [253/300], Loss: 1.1116 (Overall: 0.5737, Change: 1.3036), TF Ratio: 0.709
2026-06-15 00:27:19,906 - INFO - Epoch [5/5], Batch [254/300], Loss: 1.1123 (Overall: 0.8253, Change: 1.7829), TF Ratio: 0.709
2026-06-15 00:27:20,066 - INFO - Epoch [5/5], Batch [255/300], Loss: 1.1118 (Overall: 0.7141, Change: 1.2319), TF Ratio: 0.709
2026-06-15 00:27:20,219 - INFO - Epoch [5/5], Batch [256/300], Loss: 1.1120 (Overall: 0.8381, Change: 1.5042), TF Ratio: 0.709
2026-06-15 00:27:20,369 - INFO - Epoch [5/5], Batch [257/300], Loss: 1.1143 (Overall: 1.9724, Change: 1.4020), TF Ratio: 0.709
2026-06-15 00:27:20,521 - INFO - Epoch [5/5], Batch [258/300], Loss: 1.1140 (Overall: 0.5838, Change: 1.4978), TF Ratio: 0.708
2026-06-15 00:27:20,672 - INFO - Epoch [5/5], Batch [259/300], Loss: 1.1145 (Overall: 0.8688, Change: 1.6293), TF Ratio: 0.708
2026-06-15 00:27:20,825 - INFO - Epoch [5/5], Batch [260/300], Loss: 1.1144 (Overall: 0.6693, Change: 1.4956), TF Ratio: 0.708
2026-06-15 00:27:20,975 - INFO - Epoch [5/5], Batch [261/300], Loss: 1.1153 (Overall: 1.0386, Change: 1.6771), TF Ratio: 0.708
2026-06-15 00:27:21,126 - INFO - Epoch [5/5], Batch [262/300], Loss: 1.1143 (Overall: 0.7868, Change: 0.9173), TF Ratio: 0.708
2026-06-15 00:27:21,278 - INFO - Epoch [5/5], Batch [263/300], Loss: 1.1144 (Overall: 0.8999, Change: 1.3969), TF Ratio: 0.707
2026-06-15 00:27:21,431 - INFO - Epoch [5/5], Batch [264/300], Loss: 1.1152 (Overall: 0.6226, Change: 2.0171), TF Ratio: 0.707
2026-06-15 00:27:21,584 - INFO - Epoch [5/5], Batch [265/300], Loss: 1.1145 (Overall: 0.6916, Change: 1.1590), TF Ratio: 0.707
2026-06-15 00:27:21,737 - INFO - Epoch [5/5], Batch [266/300], Loss: 1.1144 (Overall: 0.7356, Change: 1.4458), TF Ratio: 0.707
2026-06-15 00:27:21,899 - INFO - Epoch [5/5], Batch [267/300], Loss: 1.1146 (Overall: 0.7438, Change: 1.6013), TF Ratio: 0.707
2026-06-15 00:27:22,055 - INFO - Epoch [5/5], Batch [268/300], Loss: 1.1157 (Overall: 0.7896, Change: 1.9966), TF Ratio: 0.706
2026-06-15 00:27:22,212 - INFO - Epoch [5/5], Batch [269/300], Loss: 1.1160 (Overall: 0.7621, Change: 1.6327), TF Ratio: 0.706
2026-06-15 00:27:22,364 - INFO - Epoch [5/5], Batch [270/300], Loss: 1.1160 (Overall: 0.8637, Change: 1.3908), TF Ratio: 0.706
2026-06-15 00:27:22,516 - INFO - Epoch [5/5], Batch [271/300], Loss: 1.1160 (Overall: 0.9007, Change: 1.3029), TF Ratio: 0.706
2026-06-15 00:27:22,669 - INFO - Epoch [5/5], Batch [272/300], Loss: 1.1166 (Overall: 0.9466, Change: 1.6213), TF Ratio: 0.706
2026-06-15 00:27:22,829 - INFO - Epoch [5/5], Batch [273/300], Loss: 1.1165 (Overall: 0.5724, Change: 1.5991), TF Ratio: 0.705
2026-06-15 00:27:22,981 - INFO - Epoch [5/5], Batch [274/300], Loss: 1.1156 (Overall: 0.7367, Change: 1.0217), TF Ratio: 0.705
2026-06-15 00:27:23,133 - INFO - Epoch [5/5], Batch [275/300], Loss: 1.1152 (Overall: 0.5340, Change: 1.4721), TF Ratio: 0.705
2026-06-15 00:27:23,285 - INFO - Epoch [5/5], Batch [276/300], Loss: 1.1153 (Overall: 0.7115, Change: 1.6063), TF Ratio: 0.705
2026-06-15 00:27:23,437 - INFO - Epoch [5/5], Batch [277/300], Loss: 1.1151 (Overall: 0.6532, Change: 1.4445), TF Ratio: 0.705
2026-06-15 00:27:23,591 - INFO - Epoch [5/5], Batch [278/300], Loss: 1.1145 (Overall: 1.0240, Change: 0.8914), TF Ratio: 0.704
2026-06-15 00:27:23,742 - INFO - Epoch [5/5], Batch [279/300], Loss: 1.1147 (Overall: 0.7804, Change: 1.5450), TF Ratio: 0.704
2026-06-15 00:27:23,894 - INFO - Epoch [5/5], Batch [280/300], Loss: 1.1144 (Overall: 0.9961, Change: 1.0850), TF Ratio: 0.704
2026-06-15 00:27:24,050 - INFO - Epoch [5/5], Batch [281/300], Loss: 1.1147 (Overall: 0.5237, Change: 1.8589), TF Ratio: 0.704
2026-06-15 00:27:24,201 - INFO - Epoch [5/5], Batch [282/300], Loss: 1.1151 (Overall: 1.0930, Change: 1.3442), TF Ratio: 0.704
2026-06-15 00:27:24,362 - INFO - Epoch [5/5], Batch [283/300], Loss: 1.1153 (Overall: 0.8031, Change: 1.5413), TF Ratio: 0.703
2026-06-15 00:27:24,520 - INFO - Epoch [5/5], Batch [284/300], Loss: 1.1153 (Overall: 0.8371, Change: 1.3789), TF Ratio: 0.703
2026-06-15 00:27:24,671 - INFO - Epoch [5/5], Batch [285/300], Loss: 1.1167 (Overall: 1.0663, Change: 1.9614), TF Ratio: 0.703
2026-06-15 00:27:24,822 - INFO - Epoch [5/5], Batch [286/300], Loss: 1.1165 (Overall: 0.7591, Change: 1.3582), TF Ratio: 0.703
2026-06-15 00:27:24,974 - INFO - Epoch [5/5], Batch [287/300], Loss: 1.1161 (Overall: 0.5479, Change: 1.5000), TF Ratio: 0.703
2026-06-15 00:27:25,137 - INFO - Epoch [5/5], Batch [288/300], Loss: 1.1154 (Overall: 0.5005, Change: 1.3280), TF Ratio: 0.702
2026-06-15 00:27:25,288 - INFO - Epoch [5/5], Batch [289/300], Loss: 1.1152 (Overall: 0.7340, Change: 1.3548), TF Ratio: 0.702
2026-06-15 00:27:25,446 - INFO - Epoch [5/5], Batch [290/300], Loss: 1.1168 (Overall: 1.4145, Change: 1.7680), TF Ratio: 0.702
2026-06-15 00:27:25,597 - INFO - Epoch [5/5], Batch [291/300], Loss: 1.1157 (Overall: 0.6073, Change: 0.9909), TF Ratio: 0.702
2026-06-15 00:27:25,750 - INFO - Epoch [5/5], Batch [292/300], Loss: 1.1163 (Overall: 0.9244, Change: 1.6110), TF Ratio: 0.702
2026-06-15 00:27:25,900 - INFO - Epoch [5/5], Batch [293/300], Loss: 1.1166 (Overall: 0.6210, Change: 1.8280), TF Ratio: 0.701
2026-06-15 00:27:26,052 - INFO - Epoch [5/5], Batch [294/300], Loss: 1.1165 (Overall: 0.7785, Change: 1.3601), TF Ratio: 0.701
2026-06-15 00:27:26,204 - INFO - Epoch [5/5], Batch [295/300], Loss: 1.1155 (Overall: 0.5476, Change: 1.1002), TF Ratio: 0.701
2026-06-15 00:27:26,357 - INFO - Epoch [5/5], Batch [296/300], Loss: 1.1157 (Overall: 0.9591, Change: 1.3770), TF Ratio: 0.701
2026-06-15 00:27:26,508 - INFO - Epoch [5/5], Batch [297/300], Loss: 1.1157 (Overall: 0.7662, Change: 1.5002), TF Ratio: 0.701
2026-06-15 00:27:26,658 - INFO - Epoch [5/5], Batch [298/300], Loss: 1.1154 (Overall: 0.6052, Change: 1.4636), TF Ratio: 0.700
2026-06-15 00:27:26,810 - INFO - Epoch [5/5], Batch [299/300], Loss: 1.1144 (Overall: 0.7377, Change: 0.8484), TF Ratio: 0.700
2026-06-15 00:27:26,962 - INFO - Epoch [5/5], Batch [300/300], Loss: 1.1141 (Overall: 0.7222, Change: 1.3432), TF Ratio: 0.700
2026-06-15 00:27:29,729 - INFO - Epoch 5 done. Validating...
2026-06-15 00:27:35,431 - INFO - Epoch [5/5] | Train: 1.1141 | Val: 0.6575
2026-06-15 00:27:35,631 - INFO - Checkpoint saved: /gpfs/scratch/bsc32/bsc096444/ai4land-tfm/trained_models/unet_impl/41799688/model_epoch_5.pth
2026-06-15 00:27:35,925 - INFO - Training complete.
