source,path,wall_us,file_bytes
real,/gpfs/scratch/ehpc736/data/AI4LAND_NON_preprocessed-data-2000-2015.zarr/secma/4.33.5,17664.53,4248
synth,/gpfs/scratch/bsc32/bsc096444/ai4land-tfm/tmp/synth_vs_real/synth/f971524,289.59,10240
real,/gpfs/scratch/ehpc736/data/AI4LAND_NON_preprocessed-data-2000-2015.zarr/c4per/3.22.13,23668.49,4248
synth,/gpfs/scratch/bsc32/bsc096444/ai4land-tfm/tmp/synth_vs_real/synth/f277932,25587.61,10240
synth,/gpfs/scratch/bsc32/bsc096444/ai4land-tfm/tmp/synth_vs_real/synth/f352161,15276.12,10240
real,/gpfs/scratch/ehpc736/data/AI4LAND_NON_preprocessed-data-2000-2015.zarr/secmb/6.22.45,13841.95,4248
synth,/gpfs/scratch/bsc32/bsc096444/ai4land-tfm/tmp/synth_vs_real/synth/f765990,4107.68,10240
real,/gpfs/scratch/ehpc736/data/AI4LAND_NON_preprocessed-data-2000-2015.zarr/secma/10.23.56,16623.90,4248
synth,/gpfs/scratch/bsc32/bsc096444/ai4land-tfm/tmp/synth_vs_real/synth/f790075,4261.55,10240
real,/gpfs/scratch/ehpc736/data/AI4LAND_NON_preprocessed-data-2000-2015.zarr/urban/2.34.70,14888.06,4248
synth,/gpfs/scratch/bsc32/bsc096444/ai4land-tfm/tmp/synth_vs_real/synth/f928463,119.50,10240
real,/gpfs/scratch/ehpc736/data/AI4LAND_NON_preprocessed-data-2000-2015.zarr/c3nfx/13.3.66,14441.26,4672
synth,/gpfs/scratch/bsc32/bsc096444/ai4land-tfm/tmp/synth_vs_real/synth/f778480,965.30,10240
real,/gpfs/scratch/ehpc736/data/AI4LAND_NON_preprocessed-data-2000-2015.zarr/LULC_states/11.1.46,7422.55,12769
synth,/gpfs/scratch/bsc32/bsc096444/ai4land-tfm/tmp/synth_vs_real/synth/f668636,1216.12,10240
synth,/gpfs/scratch/bsc32/bsc096444/ai4land-tfm/tmp/synth_vs_real/synth/f439589,17814.22,10240
synth,/gpfs/scratch/bsc32/bsc096444/ai4land-tfm/tmp/synth_vs_real/synth/f231251,17721.05,10240
real,/gpfs/scratch/ehpc736/data/AI4LAND_NON_preprocessed-data-2000-2015.zarr/urban/4.2.8,13057.85,4248
real,/gpfs/scratch/ehpc736/data/AI4LAND_NON_preprocessed-data-2000-2015.zarr/number_of_people/15.33.70,8238.76,4312
real,/gpfs/scratch/ehpc736/data/AI4LAND_NON_preprocessed-data-2000-2015.zarr/number_of_people/10.7.59,23601.50,311732
synth,/gpfs/scratch/bsc32/bsc096444/ai4land-tfm/tmp/synth_vs_real/synth/f431071,8688.99,10240
real,/gpfs/scratch/ehpc736/data/AI4LAND_NON_preprocessed-data-2000-2015.zarr/c4ann/9.9.69,18811.40,4248
real,/gpfs/scratch/ehpc736/data/AI4LAND_NON_preprocessed-data-2000-2015.zarr/c3per/2.21.25,27232.28,772463
real,/gpfs/scratch/ehpc736/data/AI4LAND_NON_preprocessed-data-2000-2015.zarr/c3nfx/14.13.15,23205.80,799930
synth,/gpfs/scratch/bsc32/bsc096444/ai4land-tfm/tmp/synth_vs_real/synth/f331535,564.78,10240
synth,/gpfs/scratch/bsc32/bsc096444/ai4land-tfm/tmp/synth_vs_real/synth/f379580,435.84,10240
real,/gpfs/scratch/ehpc736/data/AI4LAND_NON_preprocessed-data-2000-2015.zarr/secdf/14.8.50,23796.63,55516
real,/gpfs/scratch/ehpc736/data/AI4LAND_NON_preprocessed-data-2000-2015.zarr/primf/14.24.27,16241.08,4248
synth,/gpfs/scratch/bsc32/bsc096444/ai4land-tfm/tmp/synth_vs_real/synth/f397382,2515.29,10240
synth,/gpfs/scratch/bsc32/bsc096444/ai4land-tfm/tmp/synth_vs_real/synth/f965498,257.28,10240
real,/gpfs/scratch/ehpc736/data/AI4LAND_NON_preprocessed-data-2000-2015.zarr/range/8.34.43,12334.16,4248
real,/gpfs/scratch/ehpc736/data/AI4LAND_NON_preprocessed-data-2000-2015.zarr/c4ann/15.16.59,24562.84,191755
synth,/gpfs/scratch/bsc32/bsc096444/ai4land-tfm/tmp/synth_vs_real/synth/f946279,201.85,10240
synth,/gpfs/scratch/bsc32/bsc096444/ai4land-tfm/tmp/synth_vs_real/synth/f785408,886.62,10240
synth,/gpfs/scratch/bsc32/bsc096444/ai4land-tfm/tmp/synth_vs_real/synth/f970535,171.17,10240
synth,/gpfs/scratch/bsc32/bsc096444/ai4land-tfm/tmp/synth_vs_real/synth/f97251,653.40,10240
synth,/gpfs/scratch/bsc32/bsc096444/ai4land-tfm/tmp/synth_vs_real/synth/f580099,20128.98,10240
synth,/gpfs/scratch/bsc32/bsc096444/ai4land-tfm/tmp/synth_vs_real/synth/f146316,13945.33,10240
real,/gpfs/scratch/ehpc736/data/AI4LAND_NON_preprocessed-data-2000-2015.zarr/c3ann/2.6.8,36284.97,70462
synth,/gpfs/scratch/bsc32/bsc096444/ai4land-tfm/tmp/synth_vs_real/synth/f418801,554.16,10240
real,/gpfs/scratch/ehpc736/data/AI4LAND_NON_preprocessed-data-2000-2015.zarr/primn/4.35.28,17563.54,4248
real,/gpfs/scratch/ehpc736/data/AI4LAND_NON_preprocessed-data-2000-2015.zarr/secma/12.17.65,16751.14,4248
real,/gpfs/scratch/ehpc736/data/AI4LAND_NON_preprocessed-data-2000-2015.zarr/number_of_people/15.6.69,24373.82,4248
synth,/gpfs/scratch/bsc32/bsc096444/ai4land-tfm/tmp/synth_vs_real/synth/f534277,14502.00,10240
real,/gpfs/scratch/ehpc736/data/AI4LAND_NON_preprocessed-data-2000-2015.zarr/primf/8.0.26,17436.57,4248
synth,/gpfs/scratch/bsc32/bsc096444/ai4land-tfm/tmp/synth_vs_real/synth/f974230,143.25,10240
synth,/gpfs/scratch/bsc32/bsc096444/ai4land-tfm/tmp/synth_vs_real/synth/f889921,125.51,10240
synth,/gpfs/scratch/bsc32/bsc096444/ai4land-tfm/tmp/synth_vs_real/synth/f855662,2221.88,10240
synth,/gpfs/scratch/bsc32/bsc096444/ai4land-tfm/tmp/synth_vs_real/synth/f314910,15767.90,10240
real,/gpfs/scratch/ehpc736/data/AI4LAND_NON_preprocessed-data-2000-2015.zarr/c3ann/13.31.12,17573.29,4248
synth,/gpfs/scratch/bsc32/bsc096444/ai4land-tfm/tmp/synth_vs_real/synth/f560086,13695.30,10240
synth,/gpfs/scratch/bsc32/bsc096444/ai4land-tfm/tmp/synth_vs_real/synth/f640967,643.96,10240
synth,/gpfs/scratch/bsc32/bsc096444/ai4land-tfm/tmp/synth_vs_real/synth/f936021,107.36,10240
synth,/gpfs/scratch/bsc32/bsc096444/ai4land-tfm/tmp/synth_vs_real/synth/f702258,641.50,10240
synth,/gpfs/scratch/bsc32/bsc096444/ai4land-tfm/tmp/synth_vs_real/synth/f216881,20710.57,10240
synth,/gpfs/scratch/bsc32/bsc096444/ai4land-tfm/tmp/synth_vs_real/synth/f897546,897.42,10240
real,/gpfs/scratch/ehpc736/data/AI4LAND_NON_preprocessed-data-2000-2015.zarr/kg_class/3.7.8,16316.32,4248
synth,/gpfs/scratch/bsc32/bsc096444/ai4land-tfm/tmp/synth_vs_real/synth/f820391,541.87,10240
real,/gpfs/scratch/ehpc736/data/AI4LAND_NON_preprocessed-data-2000-2015.zarr/c3per/10.34.64,15448.63,4248
real,/gpfs/scratch/ehpc736/data/AI4LAND_NON_preprocessed-data-2000-2015.zarr/primf/13.20.56,20612.73,4248
synth,/gpfs/scratch/bsc32/bsc096444/ai4land-tfm/tmp/synth_vs_real/synth/f173148,20574.39,10240
real,/gpfs/scratch/ehpc736/data/AI4LAND_NON_preprocessed-data-2000-2015.zarr/urban/14.31.57,19140.01,4248
real,/gpfs/scratch/ehpc736/data/AI4LAND_NON_preprocessed-data-2000-2015.zarr/primn/10.1.37,22270.05,4762
synth,/gpfs/scratch/bsc32/bsc096444/ai4land-tfm/tmp/synth_vs_real/synth/f967096,117.68,10240
real,/gpfs/scratch/ehpc736/data/AI4LAND_NON_preprocessed-data-2000-2015.zarr/urban/9.26.45,19439.51,4248
real,/gpfs/scratch/ehpc736/data/AI4LAND_NON_preprocessed-data-2000-2015.zarr/c3nfx/13.26.17,18358.46,4248
synth,/gpfs/scratch/bsc32/bsc096444/ai4land-tfm/tmp/synth_vs_real/synth/f420651,1086.33,10240
real,/gpfs/scratch/ehpc736/data/AI4LAND_NON_preprocessed-data-2000-2015.zarr/secmb/3.8.37,29176.45,569851
real,/gpfs/scratch/ehpc736/data/AI4LAND_NON_preprocessed-data-2000-2015.zarr/c4per/7.15.51,22925.23,9742
synth,/gpfs/scratch/bsc32/bsc096444/ai4land-tfm/tmp/synth_vs_real/synth/f624834,1305.76,10240
real,/gpfs/scratch/ehpc736/data/AI4LAND_NON_preprocessed-data-2000-2015.zarr/primf/4.0.39,14732.14,4248
real,/gpfs/scratch/ehpc736/data/AI4LAND_NON_preprocessed-data-2000-2015.zarr/secma/4.14.5,21433.16,4248
real,/gpfs/scratch/ehpc736/data/AI4LAND_NON_preprocessed-data-2000-2015.zarr/pastr/9.35.3,13031.69,4248
synth,/gpfs/scratch/bsc32/bsc096444/ai4land-tfm/tmp/synth_vs_real/synth/f292683,641.85,10240
real,/gpfs/scratch/ehpc736/data/AI4LAND_NON_preprocessed-data-2000-2015.zarr/c3nfx/3.26.36,21610.33,4248
synth,/gpfs/scratch/bsc32/bsc096444/ai4land-tfm/tmp/synth_vs_real/synth/f114975,11110.07,10240
real,/gpfs/scratch/ehpc736/data/AI4LAND_NON_preprocessed-data-2000-2015.zarr/primf/1.0.29,19988.43,4248
real,/gpfs/scratch/ehpc736/data/AI4LAND_NON_preprocessed-data-2000-2015.zarr/c4per/12.8.15,12628.16,4248
real,/gpfs/scratch/ehpc736/data/AI4LAND_NON_preprocessed-data-2000-2015.zarr/primf/11.22.66,14730.53,4248
synth,/gpfs/scratch/bsc32/bsc096444/ai4land-tfm/tmp/synth_vs_real/synth/f705477,20438.88,10240
real,/gpfs/scratch/ehpc736/data/AI4LAND_NON_preprocessed-data-2000-2015.zarr/kg_class/12.18.54,13418.22,8872
synth,/gpfs/scratch/bsc32/bsc096444/ai4land-tfm/tmp/synth_vs_real/synth/f116739,18575.13,10240
synth,/gpfs/scratch/bsc32/bsc096444/ai4land-tfm/tmp/synth_vs_real/synth/f360663,20072.01,10240
real,/gpfs/scratch/ehpc736/data/AI4LAND_NON_preprocessed-data-2000-2015.zarr/secma/6.5.67,25633.35,251563
real,/gpfs/scratch/ehpc736/data/AI4LAND_NON_preprocessed-data-2000-2015.zarr/primf/14.19.38,17396.99,292750
synth,/gpfs/scratch/bsc32/bsc096444/ai4land-tfm/tmp/synth_vs_real/synth/f917202,418.88,10240
synth,/gpfs/scratch/bsc32/bsc096444/ai4land-tfm/tmp/synth_vs_real/synth/f445798,24387.79,10240
real,/gpfs/scratch/ehpc736/data/AI4LAND_NON_preprocessed-data-2000-2015.zarr/urban/2.17.24,21804.06,153300
synth,/gpfs/scratch/bsc32/bsc096444/ai4land-tfm/tmp/synth_vs_real/synth/f531756,17861.41,10240
real,/gpfs/scratch/ehpc736/data/AI4LAND_NON_preprocessed-data-2000-2015.zarr/range/6.24.32,12177.22,4248
synth,/gpfs/scratch/bsc32/bsc096444/ai4land-tfm/tmp/synth_vs_real/synth/f841204,1264.89,10240
synth,/gpfs/scratch/bsc32/bsc096444/ai4land-tfm/tmp/synth_vs_real/synth/f504740,15504.11,10240
real,/gpfs/scratch/ehpc736/data/AI4LAND_NON_preprocessed-data-2000-2015.zarr/c3per/4.11.26,15809.53,4248
synth,/gpfs/scratch/bsc32/bsc096444/ai4land-tfm/tmp/synth_vs_real/synth/f484714,517.53,10240
synth,/gpfs/scratch/bsc32/bsc096444/ai4land-tfm/tmp/synth_vs_real/synth/f72132,546.60,10240
real,/gpfs/scratch/ehpc736/data/AI4LAND_NON_preprocessed-data-2000-2015.zarr/pastr/15.23.39,19190.56,4248
synth,/gpfs/scratch/bsc32/bsc096444/ai4land-tfm/tmp/synth_vs_real/synth/f735392,456.27,10240
real,/gpfs/scratch/ehpc736/data/AI4LAND_NON_preprocessed-data-2000-2015.zarr/secdf/4.20.46,12710.15,4248
synth,/gpfs/scratch/bsc32/bsc096444/ai4land-tfm/tmp/synth_vs_real/synth/f356699,658.24,10240
synth,/gpfs/scratch/bsc32/bsc096444/ai4land-tfm/tmp/synth_vs_real/synth/f569605,18035.94,10240
synth,/gpfs/scratch/bsc32/bsc096444/ai4land-tfm/tmp/synth_vs_real/synth/f795667,792.86,10240
synth,/gpfs/scratch/bsc32/bsc096444/ai4land-tfm/tmp/synth_vs_real/synth/f130679,311.66,10240
synth,/gpfs/scratch/bsc32/bsc096444/ai4land-tfm/tmp/synth_vs_real/synth/f52578,288.76,10240
synth,/gpfs/scratch/bsc32/bsc096444/ai4land-tfm/tmp/synth_vs_real/synth/f224082,18318.23,10240
synth,/gpfs/scratch/bsc32/bsc096444/ai4land-tfm/tmp/synth_vs_real/synth/f243962,17389.01,10240
synth,/gpfs/scratch/bsc32/bsc096444/ai4land-tfm/tmp/synth_vs_real/synth/f450770,16447.93,10240
real,/gpfs/scratch/ehpc736/data/AI4LAND_NON_preprocessed-data-2000-2015.zarr/c3ann/4.6.56,18126.41,270816
synth,/gpfs/scratch/bsc32/bsc096444/ai4land-tfm/tmp/synth_vs_real/synth/f692094,14586.19,10240
synth,/gpfs/scratch/bsc32/bsc096444/ai4land-tfm/tmp/synth_vs_real/synth/f46542,317.96,10240
real,/gpfs/scratch/ehpc736/data/AI4LAND_NON_preprocessed-data-2000-2015.zarr/pastr/11.9.34,22949.93,502993
synth,/gpfs/scratch/bsc32/bsc096444/ai4land-tfm/tmp/synth_vs_real/synth/f235552,19207.97,10240
real,/gpfs/scratch/ehpc736/data/AI4LAND_NON_preprocessed-data-2000-2015.zarr/pastr/12.20.61,19499.78,46321
synth,/gpfs/scratch/bsc32/bsc096444/ai4land-tfm/tmp/synth_vs_real/synth/f382364,20874.65,10240
real,/gpfs/scratch/ehpc736/data/AI4LAND_NON_preprocessed-data-2000-2015.zarr/LULC_states/3.12.2,20049.55,4260
synth,/gpfs/scratch/bsc32/bsc096444/ai4land-tfm/tmp/synth_vs_real/synth/f721590,837.60,10240
synth,/gpfs/scratch/bsc32/bsc096444/ai4land-tfm/tmp/synth_vs_real/synth/f764544,450.22,10240
synth,/gpfs/scratch/bsc32/bsc096444/ai4land-tfm/tmp/synth_vs_real/synth/f229258,429.17,10240
real,/gpfs/scratch/ehpc736/data/AI4LAND_NON_preprocessed-data-2000-2015.zarr/secdn/5.13.65,19324.38,4248
real,/gpfs/scratch/ehpc736/data/AI4LAND_NON_preprocessed-data-2000-2015.zarr/secmb/6.21.53,18642.21,4248
synth,/gpfs/scratch/bsc32/bsc096444/ai4land-tfm/tmp/synth_vs_real/synth/f685743,19993.96,10240
real,/gpfs/scratch/ehpc736/data/AI4LAND_NON_preprocessed-data-2000-2015.zarr/c4per/1.27.5,17365.33,4248
real,/gpfs/scratch/ehpc736/data/AI4LAND_NON_preprocessed-data-2000-2015.zarr/primn/14.1.51,14666.51,4248
real,/gpfs/scratch/ehpc736/data/AI4LAND_NON_preprocessed-data-2000-2015.zarr/c3per/15.28.7,16183.45,4248
real,/gpfs/scratch/ehpc736/data/AI4LAND_NON_preprocessed-data-2000-2015.zarr/c3nfx/11.17.63,15623.15,10600
synth,/gpfs/scratch/bsc32/bsc096444/ai4land-tfm/tmp/synth_vs_real/synth/f165080,23735.24,10240
real,/gpfs/scratch/ehpc736/data/AI4LAND_NON_preprocessed-data-2000-2015.zarr/c3per/14.22.40,16255.17,566762
synth,/gpfs/scratch/bsc32/bsc096444/ai4land-tfm/tmp/synth_vs_real/synth/f687277,13488.58,10240
synth,/gpfs/scratch/bsc32/bsc096444/ai4land-tfm/tmp/synth_vs_real/synth/f731076,604.93,10240
real,/gpfs/scratch/ehpc736/data/AI4LAND_NON_preprocessed-data-2000-2015.zarr/urban/10.24.3,32667.93,4248
synth,/gpfs/scratch/bsc32/bsc096444/ai4land-tfm/tmp/synth_vs_real/synth/f329445,16049.28,10240
synth,/gpfs/scratch/bsc32/bsc096444/ai4land-tfm/tmp/synth_vs_real/synth/f556932,743.47,10240
synth,/gpfs/scratch/bsc32/bsc096444/ai4land-tfm/tmp/synth_vs_real/synth/f439898,14875.61,10240
synth,/gpfs/scratch/bsc32/bsc096444/ai4land-tfm/tmp/synth_vs_real/synth/f368845,12667.47,10240
real,/gpfs/scratch/ehpc736/data/AI4LAND_NON_preprocessed-data-2000-2015.zarr/secmb/13.34.13,17452.63,4248
synth,/gpfs/scratch/bsc32/bsc096444/ai4land-tfm/tmp/synth_vs_real/synth/f588508,21061.60,10240
synth,/gpfs/scratch/bsc32/bsc096444/ai4land-tfm/tmp/synth_vs_real/synth/f577057,21494.65,10240
real,/gpfs/scratch/ehpc736/data/AI4LAND_NON_preprocessed-data-2000-2015.zarr/c3nfx/11.14.36,26930.97,490901
synth,/gpfs/scratch/bsc32/bsc096444/ai4land-tfm/tmp/synth_vs_real/synth/f785884,763.82,10240
synth,/gpfs/scratch/bsc32/bsc096444/ai4land-tfm/tmp/synth_vs_real/synth/f898348,101.41,10240
real,/gpfs/scratch/ehpc736/data/AI4LAND_NON_preprocessed-data-2000-2015.zarr/LULC_states/1.11.8,17006.08,4248
real,/gpfs/scratch/ehpc736/data/AI4LAND_NON_preprocessed-data-2000-2015.zarr/pastr/1.13.4,20009.64,38305
real,/gpfs/scratch/ehpc736/data/AI4LAND_NON_preprocessed-data-2000-2015.zarr/range/11.27.12,16219.10,4248
synth,/gpfs/scratch/bsc32/bsc096444/ai4land-tfm/tmp/synth_vs_real/synth/f277312,449.94,10240
synth,/gpfs/scratch/bsc32/bsc096444/ai4land-tfm/tmp/synth_vs_real/synth/f95325,13798.10,10240
real,/gpfs/scratch/ehpc736/data/AI4LAND_NON_preprocessed-data-2000-2015.zarr/number_of_people/11.35.62,13040.12,4258
real,/gpfs/scratch/ehpc736/data/AI4LAND_NON_preprocessed-data-2000-2015.zarr/primf/10.28.23,16135.23,4248
real,/gpfs/scratch/ehpc736/data/AI4LAND_NON_preprocessed-data-2000-2015.zarr/secmb/3.16.14,15085.17,4248
synth,/gpfs/scratch/bsc32/bsc096444/ai4land-tfm/tmp/synth_vs_real/synth/f914533,279.73,10240
synth,/gpfs/scratch/bsc32/bsc096444/ai4land-tfm/tmp/synth_vs_real/synth/f103198,532.66,10240
real,/gpfs/scratch/ehpc736/data/AI4LAND_NON_preprocessed-data-2000-2015.zarr/kg_class/8.9.52,17074.26,21663
synth,/gpfs/scratch/bsc32/bsc096444/ai4land-tfm/tmp/synth_vs_real/synth/f947837,132.93,10240
synth,/gpfs/scratch/bsc32/bsc096444/ai4land-tfm/tmp/synth_vs_real/synth/f259249,20990.10,10240
real,/gpfs/scratch/ehpc736/data/AI4LAND_NON_preprocessed-data-2000-2015.zarr/urban/4.10.6,20019.57,4248
real,/gpfs/scratch/ehpc736/data/AI4LAND_NON_preprocessed-data-2000-2015.zarr/c3nfx/10.16.25,24841.22,6364
synth,/gpfs/scratch/bsc32/bsc096444/ai4land-tfm/tmp/synth_vs_real/synth/f670487,885.97,10240
synth,/gpfs/scratch/bsc32/bsc096444/ai4land-tfm/tmp/synth_vs_real/synth/f958972,115.48,10240
synth,/gpfs/scratch/bsc32/bsc096444/ai4land-tfm/tmp/synth_vs_real/synth/f810620,476.81,10240
synth,/gpfs/scratch/bsc32/bsc096444/ai4land-tfm/tmp/synth_vs_real/synth/f968114,92.48,10240
synth,/gpfs/scratch/bsc32/bsc096444/ai4land-tfm/tmp/synth_vs_real/synth/f712526,429.34,10240
real,/gpfs/scratch/ehpc736/data/AI4LAND_NON_preprocessed-data-2000-2015.zarr/c3per/6.21.17,15659.58,4248
synth,/gpfs/scratch/bsc32/bsc096444/ai4land-tfm/tmp/synth_vs_real/synth/f805934,310.17,10240
synth,/gpfs/scratch/bsc32/bsc096444/ai4land-tfm/tmp/synth_vs_real/synth/f255836,20594.58,10240
real,/gpfs/scratch/ehpc736/data/AI4LAND_NON_preprocessed-data-2000-2015.zarr/c4ann/5.7.28,21758.68,4248
synth,/gpfs/scratch/bsc32/bsc096444/ai4land-tfm/tmp/synth_vs_real/synth/f397542,25835.52,10240
real,/gpfs/scratch/ehpc736/data/AI4LAND_NON_preprocessed-data-2000-2015.zarr/secma/5.35.44,21391.20,4248
synth,/gpfs/scratch/bsc32/bsc096444/ai4land-tfm/tmp/synth_vs_real/synth/f98246,634.93,10240
synth,/gpfs/scratch/bsc32/bsc096444/ai4land-tfm/tmp/synth_vs_real/synth/f534150,27584.97,10240
synth,/gpfs/scratch/bsc32/bsc096444/ai4land-tfm/tmp/synth_vs_real/synth/f170555,715.49,10240
real,/gpfs/scratch/ehpc736/data/AI4LAND_NON_preprocessed-data-2000-2015.zarr/c4ann/13.30.63,8534.55,4248
synth,/gpfs/scratch/bsc32/bsc096444/ai4land-tfm/tmp/synth_vs_real/synth/f84491,14059.14,10240
real,/gpfs/scratch/ehpc736/data/AI4LAND_NON_preprocessed-data-2000-2015.zarr/c3nfx/15.18.7,17895.35,4248
synth,/gpfs/scratch/bsc32/bsc096444/ai4land-tfm/tmp/synth_vs_real/synth/f798975,795.70,10240
real,/gpfs/scratch/ehpc736/data/AI4LAND_NON_preprocessed-data-2000-2015.zarr/primn/13.32.17,23798.09,4248
synth,/gpfs/scratch/bsc32/bsc096444/ai4land-tfm/tmp/synth_vs_real/synth/f848749,609.96,10240
synth,/gpfs/scratch/bsc32/bsc096444/ai4land-tfm/tmp/synth_vs_real/synth/f805635,444.14,10240
synth,/gpfs/scratch/bsc32/bsc096444/ai4land-tfm/tmp/synth_vs_real/synth/f426833,460.25,10240
synth,/gpfs/scratch/bsc32/bsc096444/ai4land-tfm/tmp/synth_vs_real/synth/f969395,380.84,10240
real,/gpfs/scratch/ehpc736/data/AI4LAND_NON_preprocessed-data-2000-2015.zarr/urban/2.10.14,15254.13,142750
synth,/gpfs/scratch/bsc32/bsc096444/ai4land-tfm/tmp/synth_vs_real/synth/f927767,384.18,10240
real,/gpfs/scratch/ehpc736/data/AI4LAND_NON_preprocessed-data-2000-2015.zarr/urban/14.29.60,15893.72,4248
synth,/gpfs/scratch/bsc32/bsc096444/ai4land-tfm/tmp/synth_vs_real/synth/f408930,11828.30,10240
synth,/gpfs/scratch/bsc32/bsc096444/ai4land-tfm/tmp/synth_vs_real/synth/f833980,731.80,10240
synth,/gpfs/scratch/bsc32/bsc096444/ai4land-tfm/tmp/synth_vs_real/synth/f346954,20006.76,10240
synth,/gpfs/scratch/bsc32/bsc096444/ai4land-tfm/tmp/synth_vs_real/synth/f285577,19977.35,10240
real,/gpfs/scratch/ehpc736/data/AI4LAND_NON_preprocessed-data-2000-2015.zarr/c3ann/10.26.2,21339.01,4248
real,/gpfs/scratch/ehpc736/data/AI4LAND_NON_preprocessed-data-2000-2015.zarr/c3ann/4.18.51,15732.31,4248
synth,/gpfs/scratch/bsc32/bsc096444/ai4land-tfm/tmp/synth_vs_real/synth/f273432,675.78,10240
real,/gpfs/scratch/ehpc736/data/AI4LAND_NON_preprocessed-data-2000-2015.zarr/c4ann/14.10.51,18562.79,213690
real,/gpfs/scratch/ehpc736/data/AI4LAND_NON_preprocessed-data-2000-2015.zarr/primn/8.18.42,25099.89,694841
synth,/gpfs/scratch/bsc32/bsc096444/ai4land-tfm/tmp/synth_vs_real/synth/f27824,17525.73,10240
real,/gpfs/scratch/ehpc736/data/AI4LAND_NON_preprocessed-data-2000-2015.zarr/secdn/6.26.47,7454.83,4248
synth,/gpfs/scratch/bsc32/bsc096444/ai4land-tfm/tmp/synth_vs_real/synth/f844151,222.75,10240
real,/gpfs/scratch/ehpc736/data/AI4LAND_NON_preprocessed-data-2000-2015.zarr/secdn/13.35.31,12230.13,4248
real,/gpfs/scratch/ehpc736/data/AI4LAND_NON_preprocessed-data-2000-2015.zarr/c3ann/13.25.11,14566.46,4248
real,/gpfs/scratch/ehpc736/data/AI4LAND_NON_preprocessed-data-2000-2015.zarr/LULC_states/6.17.64,32874.74,4914
real,/gpfs/scratch/ehpc736/data/AI4LAND_NON_preprocessed-data-2000-2015.zarr/c4per/10.25.22,15746.27,114613
real,/gpfs/scratch/ehpc736/data/AI4LAND_NON_preprocessed-data-2000-2015.zarr/number_of_people/15.28.25,12411.40,4248
synth,/gpfs/scratch/bsc32/bsc096444/ai4land-tfm/tmp/synth_vs_real/synth/f455673,902.62,10240
real,/gpfs/scratch/ehpc736/data/AI4LAND_NON_preprocessed-data-2000-2015.zarr/secdf/1.2.53,23637.09,6496
real,/gpfs/scratch/ehpc736/data/AI4LAND_NON_preprocessed-data-2000-2015.zarr/primf/4.15.37,19823.66,4248
synth,/gpfs/scratch/bsc32/bsc096444/ai4land-tfm/tmp/synth_vs_real/synth/f249565,12996.95,10240
real,/gpfs/scratch/ehpc736/data/AI4LAND_NON_preprocessed-data-2000-2015.zarr/secdf/6.30.48,19255.75,4248
real,/gpfs/scratch/ehpc736/data/AI4LAND_NON_preprocessed-data-2000-2015.zarr/pastr/9.30.18,23677.27,4248
real,/gpfs/scratch/ehpc736/data/AI4LAND_NON_preprocessed-data-2000-2015.zarr/c3ann/5.28.34,33379.25,4248
synth,/gpfs/scratch/bsc32/bsc096444/ai4land-tfm/tmp/synth_vs_real/synth/f523481,11022.45,10240
real,/gpfs/scratch/ehpc736/data/AI4LAND_NON_preprocessed-data-2000-2015.zarr/primf/5.15.45,17567.77,4454
synth,/gpfs/scratch/bsc32/bsc096444/ai4land-tfm/tmp/synth_vs_real/synth/f455884,19949.14,10240
real,/gpfs/scratch/ehpc736/data/AI4LAND_NON_preprocessed-data-2000-2015.zarr/pastr/14.1.14,15284.32,4248
real,/gpfs/scratch/ehpc736/data/AI4LAND_NON_preprocessed-data-2000-2015.zarr/c3ann/1.10.66,17587.26,4248
real,/gpfs/scratch/ehpc736/data/AI4LAND_NON_preprocessed-data-2000-2015.zarr/secdf/11.20.30,18122.66,4248
synth,/gpfs/scratch/bsc32/bsc096444/ai4land-tfm/tmp/synth_vs_real/synth/f498216,609.50,10240
real,/gpfs/scratch/ehpc736/data/AI4LAND_NON_preprocessed-data-2000-2015.zarr/c3nfx/9.20.49,14284.90,4248
synth,/gpfs/scratch/bsc32/bsc096444/ai4land-tfm/tmp/synth_vs_real/synth/f351470,20193.49,10240
synth,/gpfs/scratch/bsc32/bsc096444/ai4land-tfm/tmp/synth_vs_real/synth/f992842,234.43,10240
real,/gpfs/scratch/ehpc736/data/AI4LAND_NON_preprocessed-data-2000-2015.zarr/range/0.18.31,11358.12,4248
synth,/gpfs/scratch/bsc32/bsc096444/ai4land-tfm/tmp/synth_vs_real/synth/f442374,1145.79,10240
real,/gpfs/scratch/ehpc736/data/AI4LAND_NON_preprocessed-data-2000-2015.zarr/range/2.23.12,16673.65,4248
synth,/gpfs/scratch/bsc32/bsc096444/ai4land-tfm/tmp/synth_vs_real/synth/f419093,733.64,10240
real,/gpfs/scratch/ehpc736/data/AI4LAND_NON_preprocessed-data-2000-2015.zarr/c3nfx/4.33.8,10528.17,4248
synth,/gpfs/scratch/bsc32/bsc096444/ai4land-tfm/tmp/synth_vs_real/synth/f964047,429.23,10240
real,/gpfs/scratch/ehpc736/data/AI4LAND_NON_preprocessed-data-2000-2015.zarr/urban/3.16.10,19497.36,4248
synth,/gpfs/scratch/bsc32/bsc096444/ai4land-tfm/tmp/synth_vs_real/synth/f496171,15481.28,10240
real,/gpfs/scratch/ehpc736/data/AI4LAND_NON_preprocessed-data-2000-2015.zarr/c3nfx/8.3.61,17801.08,5484
synth,/gpfs/scratch/bsc32/bsc096444/ai4land-tfm/tmp/synth_vs_real/synth/f352457,16450.03,10240
synth,/gpfs/scratch/bsc32/bsc096444/ai4land-tfm/tmp/synth_vs_real/synth/f543118,20622.96,10240
synth,/gpfs/scratch/bsc32/bsc096444/ai4land-tfm/tmp/synth_vs_real/synth/f199448,18727.37,10240
real,/gpfs/scratch/ehpc736/data/AI4LAND_NON_preprocessed-data-2000-2015.zarr/secdf/2.29.11,24580.36,4248
synth,/gpfs/scratch/bsc32/bsc096444/ai4land-tfm/tmp/synth_vs_real/synth/f787443,789.18,10240
synth,/gpfs/scratch/bsc32/bsc096444/ai4land-tfm/tmp/synth_vs_real/synth/f355784,18893.71,10240
real,/gpfs/scratch/ehpc736/data/AI4LAND_NON_preprocessed-data-2000-2015.zarr/kg_class/15.31.41,13990.72,8112
synth,/gpfs/scratch/bsc32/bsc096444/ai4land-tfm/tmp/synth_vs_real/synth/f683823,20054.57,10240
real,/gpfs/scratch/ehpc736/data/AI4LAND_NON_preprocessed-data-2000-2015.zarr/secdf/5.18.68,19292.35,4248
synth,/gpfs/scratch/bsc32/bsc096444/ai4land-tfm/tmp/synth_vs_real/synth/f665095,12813.93,10240
real,/gpfs/scratch/ehpc736/data/AI4LAND_NON_preprocessed-data-2000-2015.zarr/c4per/13.28.52,17669.33,4248
synth,/gpfs/scratch/bsc32/bsc096444/ai4land-tfm/tmp/synth_vs_real/synth/f82627,2402.18,10240
synth,/gpfs/scratch/bsc32/bsc096444/ai4land-tfm/tmp/synth_vs_real/synth/f840346,1309.51,10240
synth,/gpfs/scratch/bsc32/bsc096444/ai4land-tfm/tmp/synth_vs_real/synth/f772246,829.45,10240
real,/gpfs/scratch/ehpc736/data/AI4LAND_NON_preprocessed-data-2000-2015.zarr/urban/13.26.3,18060.75,4248
real,/gpfs/scratch/ehpc736/data/AI4LAND_NON_preprocessed-data-2000-2015.zarr/secdf/12.35.9,16727.40,4248
real,/gpfs/scratch/ehpc736/data/AI4LAND_NON_preprocessed-data-2000-2015.zarr/range/9.27.0,19708.08,4248
real,/gpfs/scratch/ehpc736/data/AI4LAND_NON_preprocessed-data-2000-2015.zarr/secdn/15.24.23,20561.69,722422
real,/gpfs/scratch/ehpc736/data/AI4LAND_NON_preprocessed-data-2000-2015.zarr/urban/10.24.20,12743.02,59601
synth,/gpfs/scratch/bsc32/bsc096444/ai4land-tfm/tmp/synth_vs_real/synth/f980110,414.46,10240
real,/gpfs/scratch/ehpc736/data/AI4LAND_NON_preprocessed-data-2000-2015.zarr/urban/7.35.43,19819.92,4248
synth,/gpfs/scratch/bsc32/bsc096444/ai4land-tfm/tmp/synth_vs_real/synth/f325498,10959.07,10240
synth,/gpfs/scratch/bsc32/bsc096444/ai4land-tfm/tmp/synth_vs_real/synth/f665822,891.63,10240
synth,/gpfs/scratch/bsc32/bsc096444/ai4land-tfm/tmp/synth_vs_real/synth/f847272,480.81,10240
synth,/gpfs/scratch/bsc32/bsc096444/ai4land-tfm/tmp/synth_vs_real/synth/f580097,642.86,10240
real,/gpfs/scratch/ehpc736/data/AI4LAND_NON_preprocessed-data-2000-2015.zarr/number_of_people/10.23.12,19485.60,4248
synth,/gpfs/scratch/bsc32/bsc096444/ai4land-tfm/tmp/synth_vs_real/synth/f649468,21498.18,10240
synth,/gpfs/scratch/bsc32/bsc096444/ai4land-tfm/tmp/synth_vs_real/synth/f184430,20974.31,10240
real,/gpfs/scratch/ehpc736/data/AI4LAND_NON_preprocessed-data-2000-2015.zarr/primf/1.5.16,18818.42,113302
real,/gpfs/scratch/ehpc736/data/AI4LAND_NON_preprocessed-data-2000-2015.zarr/c4ann/11.7.5,21118.17,4248
real,/gpfs/scratch/ehpc736/data/AI4LAND_NON_preprocessed-data-2000-2015.zarr/primn/10.25.54,21350.36,4248
synth,/gpfs/scratch/bsc32/bsc096444/ai4land-tfm/tmp/synth_vs_real/synth/f665046,963.45,10240
real,/gpfs/scratch/ehpc736/data/AI4LAND_NON_preprocessed-data-2000-2015.zarr/number_of_people/2.8.68,21723.62,4248
synth,/gpfs/scratch/bsc32/bsc096444/ai4land-tfm/tmp/synth_vs_real/synth/f903342,3454.33,10240
real,/gpfs/scratch/ehpc736/data/AI4LAND_NON_preprocessed-data-2000-2015.zarr/pastr/6.4.3,25708.80,5766
synth,/gpfs/scratch/bsc32/bsc096444/ai4land-tfm/tmp/synth_vs_real/synth/f28941,19795.93,10240
real,/gpfs/scratch/ehpc736/data/AI4LAND_NON_preprocessed-data-2000-2015.zarr/kg_class/0.35.57,22319.58,4258
synth,/gpfs/scratch/bsc32/bsc096444/ai4land-tfm/tmp/synth_vs_real/synth/f292004,1646.34,10240
real,/gpfs/scratch/ehpc736/data/AI4LAND_NON_preprocessed-data-2000-2015.zarr/c3ann/12.3.18,26820.18,10608
real,/gpfs/scratch/ehpc736/data/AI4LAND_NON_preprocessed-data-2000-2015.zarr/secdf/5.13.61,12577.08,4248
real,/gpfs/scratch/ehpc736/data/AI4LAND_NON_preprocessed-data-2000-2015.zarr/secdn/6.26.21,25687.97,614539
real,/gpfs/scratch/ehpc736/data/AI4LAND_NON_preprocessed-data-2000-2015.zarr/c3per/8.35.17,11368.12,4248
synth,/gpfs/scratch/bsc32/bsc096444/ai4land-tfm/tmp/synth_vs_real/synth/f366643,749.09,10240
real,/gpfs/scratch/ehpc736/data/AI4LAND_NON_preprocessed-data-2000-2015.zarr/pastr/13.33.5,20329.33,4248
synth,/gpfs/scratch/bsc32/bsc096444/ai4land-tfm/tmp/synth_vs_real/synth/f256702,17282.53,10240
real,/gpfs/scratch/ehpc736/data/AI4LAND_NON_preprocessed-data-2000-2015.zarr/secdf/1.12.68,15394.15,4248
synth,/gpfs/scratch/bsc32/bsc096444/ai4land-tfm/tmp/synth_vs_real/synth/f732052,18663.94,10240
synth,/gpfs/scratch/bsc32/bsc096444/ai4land-tfm/tmp/synth_vs_real/synth/f943313,116.01,10240
synth,/gpfs/scratch/bsc32/bsc096444/ai4land-tfm/tmp/synth_vs_real/synth/f459381,404.57,10240
real,/gpfs/scratch/ehpc736/data/AI4LAND_NON_preprocessed-data-2000-2015.zarr/c4per/4.35.43,16149.91,4248
real,/gpfs/scratch/ehpc736/data/AI4LAND_NON_preprocessed-data-2000-2015.zarr/number_of_people/11.14.65,17416.77,4248
synth,/gpfs/scratch/bsc32/bsc096444/ai4land-tfm/tmp/synth_vs_real/synth/f944956,121.08,10240
synth,/gpfs/scratch/bsc32/bsc096444/ai4land-tfm/tmp/synth_vs_real/synth/f287936,16694.60,10240
real,/gpfs/scratch/ehpc736/data/AI4LAND_NON_preprocessed-data-2000-2015.zarr/c3per/13.4.37,22103.98,215605
real,/gpfs/scratch/ehpc736/data/AI4LAND_NON_preprocessed-data-2000-2015.zarr/secma/6.32.55,13676.58,4248
synth,/gpfs/scratch/bsc32/bsc096444/ai4land-tfm/tmp/synth_vs_real/synth/f699287,1548.51,10240
real,/gpfs/scratch/ehpc736/data/AI4LAND_NON_preprocessed-data-2000-2015.zarr/secmb/3.28.59,24367.69,4248
synth,/gpfs/scratch/bsc32/bsc096444/ai4land-tfm/tmp/synth_vs_real/synth/f581343,11148.55,10240
synth,/gpfs/scratch/bsc32/bsc096444/ai4land-tfm/tmp/synth_vs_real/synth/f428231,8827.95,10240
synth,/gpfs/scratch/bsc32/bsc096444/ai4land-tfm/tmp/synth_vs_real/synth/f288389,19820.78,10240
real,/gpfs/scratch/ehpc736/data/AI4LAND_NON_preprocessed-data-2000-2015.zarr/c3per/4.16.7,14722.55,4248
synth,/gpfs/scratch/bsc32/bsc096444/ai4land-tfm/tmp/synth_vs_real/synth/f750800,11220.62,10240
real,/gpfs/scratch/ehpc736/data/AI4LAND_NON_preprocessed-data-2000-2015.zarr/pastr/9.11.53,19030.18,589504
real,/gpfs/scratch/ehpc736/data/AI4LAND_NON_preprocessed-data-2000-2015.zarr/c3per/3.21.49,10642.28,4248
real,/gpfs/scratch/ehpc736/data/AI4LAND_NON_preprocessed-data-2000-2015.zarr/LULC_states/12.16.41,14034.33,106431
synth,/gpfs/scratch/bsc32/bsc096444/ai4land-tfm/tmp/synth_vs_real/synth/f981188,212.37,10240
synth,/gpfs/scratch/bsc32/bsc096444/ai4land-tfm/tmp/synth_vs_real/synth/f856253,1558.97,10240
synth,/gpfs/scratch/bsc32/bsc096444/ai4land-tfm/tmp/synth_vs_real/synth/f903189,213.21,10240
synth,/gpfs/scratch/bsc32/bsc096444/ai4land-tfm/tmp/synth_vs_real/synth/f71262,20047.17,10240
real,/gpfs/scratch/ehpc736/data/AI4LAND_NON_preprocessed-data-2000-2015.zarr/number_of_people/2.35.13,18625.05,4258
real,/gpfs/scratch/ehpc736/data/AI4LAND_NON_preprocessed-data-2000-2015.zarr/pastr/13.18.39,37004.58,729998
real,/gpfs/scratch/ehpc736/data/AI4LAND_NON_preprocessed-data-2000-2015.zarr/primn/15.12.0,19545.97,4248
real,/gpfs/scratch/ehpc736/data/AI4LAND_NON_preprocessed-data-2000-2015.zarr/number_of_people/9.6.26,13976.10,4248
synth,/gpfs/scratch/bsc32/bsc096444/ai4land-tfm/tmp/synth_vs_real/synth/f574485,1646.93,10240
synth,/gpfs/scratch/bsc32/bsc096444/ai4land-tfm/tmp/synth_vs_real/synth/f137235,14678.85,10240
synth,/gpfs/scratch/bsc32/bsc096444/ai4land-tfm/tmp/synth_vs_real/synth/f743215,2394.65,10240
real,/gpfs/scratch/ehpc736/data/AI4LAND_NON_preprocessed-data-2000-2015.zarr/pastr/2.23.6,10713.17,4248
synth,/gpfs/scratch/bsc32/bsc096444/ai4land-tfm/tmp/synth_vs_real/synth/f869693,664.68,10240
real,/gpfs/scratch/ehpc736/data/AI4LAND_NON_preprocessed-data-2000-2015.zarr/secdn/14.6.30,13997.16,4248
synth,/gpfs/scratch/bsc32/bsc096444/ai4land-tfm/tmp/synth_vs_real/synth/f597347,505.79,10240
synth,/gpfs/scratch/bsc32/bsc096444/ai4land-tfm/tmp/synth_vs_real/synth/f530458,387.56,10240
synth,/gpfs/scratch/bsc32/bsc096444/ai4land-tfm/tmp/synth_vs_real/synth/f699330,481.10,10240
synth,/gpfs/scratch/bsc32/bsc096444/ai4land-tfm/tmp/synth_vs_real/synth/f162316,312.72,10240
synth,/gpfs/scratch/bsc32/bsc096444/ai4land-tfm/tmp/synth_vs_real/synth/f649342,10945.73,10240
synth,/gpfs/scratch/bsc32/bsc096444/ai4land-tfm/tmp/synth_vs_real/synth/f2260,24040.47,10240
synth,/gpfs/scratch/bsc32/bsc096444/ai4land-tfm/tmp/synth_vs_real/synth/f297571,25215.80,10240
real,/gpfs/scratch/ehpc736/data/AI4LAND_NON_preprocessed-data-2000-2015.zarr/c4ann/6.5.2,18052.21,4712
real,/gpfs/scratch/ehpc736/data/AI4LAND_NON_preprocessed-data-2000-2015.zarr/c3per/6.25.66,18774.53,4248
real,/gpfs/scratch/ehpc736/data/AI4LAND_NON_preprocessed-data-2000-2015.zarr/secma/9.22.35,15118.39,4248
synth,/gpfs/scratch/bsc32/bsc096444/ai4land-tfm/tmp/synth_vs_real/synth/f423956,21591.41,10240
synth,/gpfs/scratch/bsc32/bsc096444/ai4land-tfm/tmp/synth_vs_real/synth/f409386,13885.97,10240
real,/gpfs/scratch/ehpc736/data/AI4LAND_NON_preprocessed-data-2000-2015.zarr/range/14.20.56,16396.66,4248
real,/gpfs/scratch/ehpc736/data/AI4LAND_NON_preprocessed-data-2000-2015.zarr/pastr/2.14.46,19000.40,4332
synth,/gpfs/scratch/bsc32/bsc096444/ai4land-tfm/tmp/synth_vs_real/synth/f1773,1062.95,10240
synth,/gpfs/scratch/bsc32/bsc096444/ai4land-tfm/tmp/synth_vs_real/synth/f908573,265.96,10240
synth,/gpfs/scratch/bsc32/bsc096444/ai4land-tfm/tmp/synth_vs_real/synth/f74299,19277.32,10240
real,/gpfs/scratch/ehpc736/data/AI4LAND_NON_preprocessed-data-2000-2015.zarr/number_of_people/11.13.18,23734.40,112783
synth,/gpfs/scratch/bsc32/bsc096444/ai4land-tfm/tmp/synth_vs_real/synth/f442666,14494.59,10240
synth,/gpfs/scratch/bsc32/bsc096444/ai4land-tfm/tmp/synth_vs_real/synth/f158157,9126.25,10240
real,/gpfs/scratch/ehpc736/data/AI4LAND_NON_preprocessed-data-2000-2015.zarr/c3ann/11.16.59,24016.40,191965
synth,/gpfs/scratch/bsc32/bsc096444/ai4land-tfm/tmp/synth_vs_real/synth/f616886,549.09,10240
real,/gpfs/scratch/ehpc736/data/AI4LAND_NON_preprocessed-data-2000-2015.zarr/LULC_states/0.8.8,20088.04,4248
synth,/gpfs/scratch/bsc32/bsc096444/ai4land-tfm/tmp/synth_vs_real/synth/f949401,410.82,10240
real,/gpfs/scratch/ehpc736/data/AI4LAND_NON_preprocessed-data-2000-2015.zarr/primn/12.28.56,18787.82,4248
real,/gpfs/scratch/ehpc736/data/AI4LAND_NON_preprocessed-data-2000-2015.zarr/range/5.14.0,20278.53,4248
synth,/gpfs/scratch/bsc32/bsc096444/ai4land-tfm/tmp/synth_vs_real/synth/f612982,38904.47,10240
synth,/gpfs/scratch/bsc32/bsc096444/ai4land-tfm/tmp/synth_vs_real/synth/f903529,300.39,10240
real,/gpfs/scratch/ehpc736/data/AI4LAND_NON_preprocessed-data-2000-2015.zarr/secdn/1.18.60,16317.38,42036
synth,/gpfs/scratch/bsc32/bsc096444/ai4land-tfm/tmp/synth_vs_real/synth/f230080,19440.54,10240
real,/gpfs/scratch/ehpc736/data/AI4LAND_NON_preprocessed-data-2000-2015.zarr/range/3.11.56,28532.67,727148
real,/gpfs/scratch/ehpc736/data/AI4LAND_NON_preprocessed-data-2000-2015.zarr/secma/2.5.55,41668.70,598874
synth,/gpfs/scratch/bsc32/bsc096444/ai4land-tfm/tmp/synth_vs_real/synth/f816449,996.20,10240
real,/gpfs/scratch/ehpc736/data/AI4LAND_NON_preprocessed-data-2000-2015.zarr/c3per/1.17.3,19252.04,4248
real,/gpfs/scratch/ehpc736/data/AI4LAND_NON_preprocessed-data-2000-2015.zarr/urban/13.11.37,20659.76,170656
real,/gpfs/scratch/ehpc736/data/AI4LAND_NON_preprocessed-data-2000-2015.zarr/c4ann/15.0.59,25027.11,4248
real,/gpfs/scratch/ehpc736/data/AI4LAND_NON_preprocessed-data-2000-2015.zarr/secmb/2.28.41,14516.48,4248
synth,/gpfs/scratch/bsc32/bsc096444/ai4land-tfm/tmp/synth_vs_real/synth/f607040,17515.02,10240
synth,/gpfs/scratch/bsc32/bsc096444/ai4land-tfm/tmp/synth_vs_real/synth/f934727,130.38,10240
real,/gpfs/scratch/ehpc736/data/AI4LAND_NON_preprocessed-data-2000-2015.zarr/LULC_states/15.27.58,18417.83,4248
real,/gpfs/scratch/ehpc736/data/AI4LAND_NON_preprocessed-data-2000-2015.zarr/secdn/15.2.12,20342.90,10948
real,/gpfs/scratch/ehpc736/data/AI4LAND_NON_preprocessed-data-2000-2015.zarr/primn/2.28.27,22432.12,4286
real,/gpfs/scratch/ehpc736/data/AI4LAND_NON_preprocessed-data-2000-2015.zarr/range/10.7.2,21562.39,4390
real,/gpfs/scratch/ehpc736/data/AI4LAND_NON_preprocessed-data-2000-2015.zarr/c3per/6.34.65,22539.25,4248
synth,/gpfs/scratch/bsc32/bsc096444/ai4land-tfm/tmp/synth_vs_real/synth/f26225,16989.24,10240
synth,/gpfs/scratch/bsc32/bsc096444/ai4land-tfm/tmp/synth_vs_real/synth/f787352,810.41,10240
real,/gpfs/scratch/ehpc736/data/AI4LAND_NON_preprocessed-data-2000-2015.zarr/c4per/15.21.18,17369.78,4248
real,/gpfs/scratch/ehpc736/data/AI4LAND_NON_preprocessed-data-2000-2015.zarr/c3ann/13.33.12,18961.05,4248
real,/gpfs/scratch/ehpc736/data/AI4LAND_NON_preprocessed-data-2000-2015.zarr/range/13.7.24,17628.44,225762
synth,/gpfs/scratch/bsc32/bsc096444/ai4land-tfm/tmp/synth_vs_real/synth/f279946,18592.31,10240
real,/gpfs/scratch/ehpc736/data/AI4LAND_NON_preprocessed-data-2000-2015.zarr/c4per/8.33.68,9337.25,4248
synth,/gpfs/scratch/bsc32/bsc096444/ai4land-tfm/tmp/synth_vs_real/synth/f91161,16524.83,10240
real,/gpfs/scratch/ehpc736/data/AI4LAND_NON_preprocessed-data-2000-2015.zarr/pastr/15.20.58,14246.79,4248
synth,/gpfs/scratch/bsc32/bsc096444/ai4land-tfm/tmp/synth_vs_real/synth/f655674,1125.57,10240
real,/gpfs/scratch/ehpc736/data/AI4LAND_NON_preprocessed-data-2000-2015.zarr/secmb/8.5.54,34651.67,643184
real,/gpfs/scratch/ehpc736/data/AI4LAND_NON_preprocessed-data-2000-2015.zarr/secmb/1.9.57,19988.94,229449
synth,/gpfs/scratch/bsc32/bsc096444/ai4land-tfm/tmp/synth_vs_real/synth/f962037,433.49,10240
real,/gpfs/scratch/ehpc736/data/AI4LAND_NON_preprocessed-data-2000-2015.zarr/secdf/8.9.21,21412.47,146489
synth,/gpfs/scratch/bsc32/bsc096444/ai4land-tfm/tmp/synth_vs_real/synth/f320015,12040.75,10240
real,/gpfs/scratch/ehpc736/data/AI4LAND_NON_preprocessed-data-2000-2015.zarr/primn/8.24.61,24764.06,119309
real,/gpfs/scratch/ehpc736/data/AI4LAND_NON_preprocessed-data-2000-2015.zarr/kg_class/8.30.65,16542.82,5260
synth,/gpfs/scratch/bsc32/bsc096444/ai4land-tfm/tmp/synth_vs_real/synth/f921981,142.03,10240
synth,/gpfs/scratch/bsc32/bsc096444/ai4land-tfm/tmp/synth_vs_real/synth/f956959,85.86,10240
real,/gpfs/scratch/ehpc736/data/AI4LAND_NON_preprocessed-data-2000-2015.zarr/urban/2.12.42,18333.05,45369
synth,/gpfs/scratch/bsc32/bsc096444/ai4land-tfm/tmp/synth_vs_real/synth/f894141,1307.40,10240
synth,/gpfs/scratch/bsc32/bsc096444/ai4land-tfm/tmp/synth_vs_real/synth/f693384,591.23,10240
real,/gpfs/scratch/ehpc736/data/AI4LAND_NON_preprocessed-data-2000-2015.zarr/number_of_people/0.20.33,16792.68,4248
real,/gpfs/scratch/ehpc736/data/AI4LAND_NON_preprocessed-data-2000-2015.zarr/number_of_people/13.35.9,18220.46,4258
real,/gpfs/scratch/ehpc736/data/AI4LAND_NON_preprocessed-data-2000-2015.zarr/secdf/10.6.10,16600.00,689894
synth,/gpfs/scratch/bsc32/bsc096444/ai4land-tfm/tmp/synth_vs_real/synth/f883794,90.65,10240
synth,/gpfs/scratch/bsc32/bsc096444/ai4land-tfm/tmp/synth_vs_real/synth/f927082,300.79,10240
synth,/gpfs/scratch/bsc32/bsc096444/ai4land-tfm/tmp/synth_vs_real/synth/f67348,18310.54,10240
synth,/gpfs/scratch/bsc32/bsc096444/ai4land-tfm/tmp/synth_vs_real/synth/f632556,1907.89,10240
synth,/gpfs/scratch/bsc32/bsc096444/ai4land-tfm/tmp/synth_vs_real/synth/f59642,17076.53,10240
real,/gpfs/scratch/ehpc736/data/AI4LAND_NON_preprocessed-data-2000-2015.zarr/c4ann/9.3.31,19776.61,4454
synth,/gpfs/scratch/bsc32/bsc096444/ai4land-tfm/tmp/synth_vs_real/synth/f776646,18089.91,10240
real,/gpfs/scratch/ehpc736/data/AI4LAND_NON_preprocessed-data-2000-2015.zarr/c3per/15.11.51,17369.22,150752
synth,/gpfs/scratch/bsc32/bsc096444/ai4land-tfm/tmp/synth_vs_real/synth/f470405,2396.53,10240
synth,/gpfs/scratch/bsc32/bsc096444/ai4land-tfm/tmp/synth_vs_real/synth/f162998,15420.49,10240
real,/gpfs/scratch/ehpc736/data/AI4LAND_NON_preprocessed-data-2000-2015.zarr/c3per/9.22.45,18915.67,4248
real,/gpfs/scratch/ehpc736/data/AI4LAND_NON_preprocessed-data-2000-2015.zarr/secmb/4.10.19,23783.96,612469
real,/gpfs/scratch/ehpc736/data/AI4LAND_NON_preprocessed-data-2000-2015.zarr/secdn/1.1.29,5918.97,4284
real,/gpfs/scratch/ehpc736/data/AI4LAND_NON_preprocessed-data-2000-2015.zarr/primf/6.5.22,15265.60,98801
synth,/gpfs/scratch/bsc32/bsc096444/ai4land-tfm/tmp/synth_vs_real/synth/f565621,16686.51,10240
synth,/gpfs/scratch/bsc32/bsc096444/ai4land-tfm/tmp/synth_vs_real/synth/f952273,108.02,10240
real,/gpfs/scratch/ehpc736/data/AI4LAND_NON_preprocessed-data-2000-2015.zarr/c4ann/10.3.30,15091.46,12182
synth,/gpfs/scratch/bsc32/bsc096444/ai4land-tfm/tmp/synth_vs_real/synth/f127253,21923.36,10240
real,/gpfs/scratch/ehpc736/data/AI4LAND_NON_preprocessed-data-2000-2015.zarr/c3ann/3.25.25,15039.05,4248
real,/gpfs/scratch/ehpc736/data/AI4LAND_NON_preprocessed-data-2000-2015.zarr/kg_class/8.21.2,15809.62,4248
real,/gpfs/scratch/ehpc736/data/AI4LAND_NON_preprocessed-data-2000-2015.zarr/kg_class/6.20.20,23030.69,47149
synth,/gpfs/scratch/bsc32/bsc096444/ai4land-tfm/tmp/synth_vs_real/synth/f134628,19559.44,10240
synth,/gpfs/scratch/bsc32/bsc096444/ai4land-tfm/tmp/synth_vs_real/synth/f40605,15267.16,10240
real,/gpfs/scratch/ehpc736/data/AI4LAND_NON_preprocessed-data-2000-2015.zarr/secma/12.11.54,30719.40,654193
real,/gpfs/scratch/ehpc736/data/AI4LAND_NON_preprocessed-data-2000-2015.zarr/primn/14.34.20,21600.56,4248
real,/gpfs/scratch/ehpc736/data/AI4LAND_NON_preprocessed-data-2000-2015.zarr/c4ann/1.10.67,21096.78,4248
synth,/gpfs/scratch/bsc32/bsc096444/ai4land-tfm/tmp/synth_vs_real/synth/f830555,457.09,10240
synth,/gpfs/scratch/bsc32/bsc096444/ai4land-tfm/tmp/synth_vs_real/synth/f648564,1319.05,10240
real,/gpfs/scratch/ehpc736/data/AI4LAND_NON_preprocessed-data-2000-2015.zarr/primn/8.13.67,16912.11,4248
synth,/gpfs/scratch/bsc32/bsc096444/ai4land-tfm/tmp/synth_vs_real/synth/f657193,15845.16,10240
synth,/gpfs/scratch/bsc32/bsc096444/ai4land-tfm/tmp/synth_vs_real/synth/f295442,19575.20,10240
real,/gpfs/scratch/ehpc736/data/AI4LAND_NON_preprocessed-data-2000-2015.zarr/c4per/15.26.44,14919.65,4248
real,/gpfs/scratch/ehpc736/data/AI4LAND_NON_preprocessed-data-2000-2015.zarr/LULC_states/14.23.6,20460.85,4248
real,/gpfs/scratch/ehpc736/data/AI4LAND_NON_preprocessed-data-2000-2015.zarr/primn/6.29.49,10264.77,4248
synth,/gpfs/scratch/bsc32/bsc096444/ai4land-tfm/tmp/synth_vs_real/synth/f872064,3363.76,10240
real,/gpfs/scratch/ehpc736/data/AI4LAND_NON_preprocessed-data-2000-2015.zarr/secdn/1.28.47,24705.22,4248
real,/gpfs/scratch/ehpc736/data/AI4LAND_NON_preprocessed-data-2000-2015.zarr/primn/1.15.26,12198.29,4248
synth,/gpfs/scratch/bsc32/bsc096444/ai4land-tfm/tmp/synth_vs_real/synth/f976031,130.70,10240
real,/gpfs/scratch/ehpc736/data/AI4LAND_NON_preprocessed-data-2000-2015.zarr/number_of_people/15.8.28,14661.56,4248
real,/gpfs/scratch/ehpc736/data/AI4LAND_NON_preprocessed-data-2000-2015.zarr/c4per/9.13.31,11327.06,4534
real,/gpfs/scratch/ehpc736/data/AI4LAND_NON_preprocessed-data-2000-2015.zarr/pastr/13.5.63,15120.90,4594
synth,/gpfs/scratch/bsc32/bsc096444/ai4land-tfm/tmp/synth_vs_real/synth/f56802,1944.17,10240
real,/gpfs/scratch/ehpc736/data/AI4LAND_NON_preprocessed-data-2000-2015.zarr/c3nfx/13.21.32,15999.29,4248
synth,/gpfs/scratch/bsc32/bsc096444/ai4land-tfm/tmp/synth_vs_real/synth/f431712,1233.32,10240
synth,/gpfs/scratch/bsc32/bsc096444/ai4land-tfm/tmp/synth_vs_real/synth/f875467,107.35,10240
real,/gpfs/scratch/ehpc736/data/AI4LAND_NON_preprocessed-data-2000-2015.zarr/range/13.7.68,9987.05,4248
real,/gpfs/scratch/ehpc736/data/AI4LAND_NON_preprocessed-data-2000-2015.zarr/c3ann/2.23.68,15334.00,4248
real,/gpfs/scratch/ehpc736/data/AI4LAND_NON_preprocessed-data-2000-2015.zarr/c3nfx/7.3.48,23577.14,7718
real,/gpfs/scratch/ehpc736/data/AI4LAND_NON_preprocessed-data-2000-2015.zarr/secma/5.18.28,24077.35,91658
real,/gpfs/scratch/ehpc736/data/AI4LAND_NON_preprocessed-data-2000-2015.zarr/primn/5.20.9,13188.95,4248
synth,/gpfs/scratch/bsc32/bsc096444/ai4land-tfm/tmp/synth_vs_real/synth/f67136,2643.42,10240
synth,/gpfs/scratch/bsc32/bsc096444/ai4land-tfm/tmp/synth_vs_real/synth/f326858,11069.49,10240
real,/gpfs/scratch/ehpc736/data/AI4LAND_NON_preprocessed-data-2000-2015.zarr/c4ann/0.21.45,17001.20,6842
real,/gpfs/scratch/ehpc736/data/AI4LAND_NON_preprocessed-data-2000-2015.zarr/c3per/13.9.55,15659.13,181070
synth,/gpfs/scratch/bsc32/bsc096444/ai4land-tfm/tmp/synth_vs_real/synth/f940790,113.14,10240
real,/gpfs/scratch/ehpc736/data/AI4LAND_NON_preprocessed-data-2000-2015.zarr/urban/10.20.32,21540.81,4248
real,/gpfs/scratch/ehpc736/data/AI4LAND_NON_preprocessed-data-2000-2015.zarr/LULC_states/7.16.30,27124.41,4248
synth,/gpfs/scratch/bsc32/bsc096444/ai4land-tfm/tmp/synth_vs_real/synth/f107175,23252.38,10240
real,/gpfs/scratch/ehpc736/data/AI4LAND_NON_preprocessed-data-2000-2015.zarr/c4ann/1.22.28,12510.65,4248
real,/gpfs/scratch/ehpc736/data/AI4LAND_NON_preprocessed-data-2000-2015.zarr/pastr/10.1.65,13228.17,4248
real,/gpfs/scratch/ehpc736/data/AI4LAND_NON_preprocessed-data-2000-2015.zarr/c3nfx/15.9.8,18694.44,4248
synth,/gpfs/scratch/bsc32/bsc096444/ai4land-tfm/tmp/synth_vs_real/synth/f651332,20755.46,10240
real,/gpfs/scratch/ehpc736/data/AI4LAND_NON_preprocessed-data-2000-2015.zarr/LULC_states/12.2.6,25409.95,4248
synth,/gpfs/scratch/bsc32/bsc096444/ai4land-tfm/tmp/synth_vs_real/synth/f934953,128.45,10240
synth,/gpfs/scratch/bsc32/bsc096444/ai4land-tfm/tmp/synth_vs_real/synth/f116970,1751.28,10240
synth,/gpfs/scratch/bsc32/bsc096444/ai4land-tfm/tmp/synth_vs_real/synth/f248237,13329.55,10240
synth,/gpfs/scratch/bsc32/bsc096444/ai4land-tfm/tmp/synth_vs_real/synth/f764491,2304.70,10240
synth,/gpfs/scratch/bsc32/bsc096444/ai4land-tfm/tmp/synth_vs_real/synth/f495631,14188.95,10240
synth,/gpfs/scratch/bsc32/bsc096444/ai4land-tfm/tmp/synth_vs_real/synth/f76365,25606.41,10240
synth,/gpfs/scratch/bsc32/bsc096444/ai4land-tfm/tmp/synth_vs_real/synth/f529903,20284.73,10240
real,/gpfs/scratch/ehpc736/data/AI4LAND_NON_preprocessed-data-2000-2015.zarr/kg_class/8.20.16,15137.68,4248
real,/gpfs/scratch/ehpc736/data/AI4LAND_NON_preprocessed-data-2000-2015.zarr/secma/12.28.51,23966.16,4248
real,/gpfs/scratch/ehpc736/data/AI4LAND_NON_preprocessed-data-2000-2015.zarr/pastr/5.20.48,20783.10,4248
synth,/gpfs/scratch/bsc32/bsc096444/ai4land-tfm/tmp/synth_vs_real/synth/f140814,18264.19,10240
real,/gpfs/scratch/ehpc736/data/AI4LAND_NON_preprocessed-data-2000-2015.zarr/c3per/15.10.45,26294.04,546178
real,/gpfs/scratch/ehpc736/data/AI4LAND_NON_preprocessed-data-2000-2015.zarr/c3nfx/14.34.34,14997.95,4248
real,/gpfs/scratch/ehpc736/data/AI4LAND_NON_preprocessed-data-2000-2015.zarr/pastr/7.0.60,22105.16,4248
synth,/gpfs/scratch/bsc32/bsc096444/ai4land-tfm/tmp/synth_vs_real/synth/f459469,5246.02,10240
synth,/gpfs/scratch/bsc32/bsc096444/ai4land-tfm/tmp/synth_vs_real/synth/f888662,129.78,10240
real,/gpfs/scratch/ehpc736/data/AI4LAND_NON_preprocessed-data-2000-2015.zarr/c3nfx/4.7.57,23594.35,652051
synth,/gpfs/scratch/bsc32/bsc096444/ai4land-tfm/tmp/synth_vs_real/synth/f984539,242.04,10240
synth,/gpfs/scratch/bsc32/bsc096444/ai4land-tfm/tmp/synth_vs_real/synth/f230914,23371.02,10240
real,/gpfs/scratch/ehpc736/data/AI4LAND_NON_preprocessed-data-2000-2015.zarr/pastr/1.26.16,16229.94,4248
real,/gpfs/scratch/ehpc736/data/AI4LAND_NON_preprocessed-data-2000-2015.zarr/number_of_people/3.16.30,17467.22,4248
real,/gpfs/scratch/ehpc736/data/AI4LAND_NON_preprocessed-data-2000-2015.zarr/c3nfx/3.32.3,16167.82,4248
real,/gpfs/scratch/ehpc736/data/AI4LAND_NON_preprocessed-data-2000-2015.zarr/c3nfx/0.26.25,8783.77,4248
synth,/gpfs/scratch/bsc32/bsc096444/ai4land-tfm/tmp/synth_vs_real/synth/f415011,12975.15,10240
real,/gpfs/scratch/ehpc736/data/AI4LAND_NON_preprocessed-data-2000-2015.zarr/c3per/1.34.46,16826.18,4248
synth,/gpfs/scratch/bsc32/bsc096444/ai4land-tfm/tmp/synth_vs_real/synth/f974036,288.47,10240
synth,/gpfs/scratch/bsc32/bsc096444/ai4land-tfm/tmp/synth_vs_real/synth/f524902,17446.53,10240
real,/gpfs/scratch/ehpc736/data/AI4LAND_NON_preprocessed-data-2000-2015.zarr/secma/8.8.64,17712.24,14695
synth,/gpfs/scratch/bsc32/bsc096444/ai4land-tfm/tmp/synth_vs_real/synth/f869634,6300.31,10240
synth,/gpfs/scratch/bsc32/bsc096444/ai4land-tfm/tmp/synth_vs_real/synth/f509597,15321.30,10240
real,/gpfs/scratch/ehpc736/data/AI4LAND_NON_preprocessed-data-2000-2015.zarr/c4ann/4.16.53,28254.53,56365
synth,/gpfs/scratch/bsc32/bsc096444/ai4land-tfm/tmp/synth_vs_real/synth/f477538,24043.19,10240
real,/gpfs/scratch/ehpc736/data/AI4LAND_NON_preprocessed-data-2000-2015.zarr/number_of_people/7.19.54,15683.40,6910
synth,/gpfs/scratch/bsc32/bsc096444/ai4land-tfm/tmp/synth_vs_real/synth/f687926,824.75,10240
synth,/gpfs/scratch/bsc32/bsc096444/ai4land-tfm/tmp/synth_vs_real/synth/f703204,776.45,10240
real,/gpfs/scratch/ehpc736/data/AI4LAND_NON_preprocessed-data-2000-2015.zarr/number_of_people/1.32.15,17747.16,4248
real,/gpfs/scratch/ehpc736/data/AI4LAND_NON_preprocessed-data-2000-2015.zarr/primn/2.30.24,15704.92,4248
real,/gpfs/scratch/ehpc736/data/AI4LAND_NON_preprocessed-data-2000-2015.zarr/c3per/11.4.18,18633.41,16446
synth,/gpfs/scratch/bsc32/bsc096444/ai4land-tfm/tmp/synth_vs_real/synth/f822157,877.19,10240
synth,/gpfs/scratch/bsc32/bsc096444/ai4land-tfm/tmp/synth_vs_real/synth/f292136,23921.00,10240
synth,/gpfs/scratch/bsc32/bsc096444/ai4land-tfm/tmp/synth_vs_real/synth/f192401,609.86,10240
synth,/gpfs/scratch/bsc32/bsc096444/ai4land-tfm/tmp/synth_vs_real/synth/f753240,536.84,10240
synth,/gpfs/scratch/bsc32/bsc096444/ai4land-tfm/tmp/synth_vs_real/synth/f634210,15699.86,10240
real,/gpfs/scratch/ehpc736/data/AI4LAND_NON_preprocessed-data-2000-2015.zarr/LULC_states/14.31.5,21256.69,4248
real,/gpfs/scratch/ehpc736/data/AI4LAND_NON_preprocessed-data-2000-2015.zarr/number_of_people/15.0.24,12720.83,4248
synth,/gpfs/scratch/bsc32/bsc096444/ai4land-tfm/tmp/synth_vs_real/synth/f781177,1262.30,10240
real,/gpfs/scratch/ehpc736/data/AI4LAND_NON_preprocessed-data-2000-2015.zarr/range/15.20.16,16783.26,4248
real,/gpfs/scratch/ehpc736/data/AI4LAND_NON_preprocessed-data-2000-2015.zarr/range/5.33.50,18473.98,4248
real,/gpfs/scratch/ehpc736/data/AI4LAND_NON_preprocessed-data-2000-2015.zarr/c3ann/0.35.55,18744.50,4248
synth,/gpfs/scratch/bsc32/bsc096444/ai4land-tfm/tmp/synth_vs_real/synth/f489710,16183.99,10240
real,/gpfs/scratch/ehpc736/data/AI4LAND_NON_preprocessed-data-2000-2015.zarr/urban/7.25.4,19720.98,4248
synth,/gpfs/scratch/bsc32/bsc096444/ai4land-tfm/tmp/synth_vs_real/synth/f596750,13644.15,10240
real,/gpfs/scratch/ehpc736/data/AI4LAND_NON_preprocessed-data-2000-2015.zarr/LULC_states/11.30.43,12627.14,6530
real,/gpfs/scratch/ehpc736/data/AI4LAND_NON_preprocessed-data-2000-2015.zarr/kg_class/5.7.57,25612.00,75975
synth,/gpfs/scratch/bsc32/bsc096444/ai4land-tfm/tmp/synth_vs_real/synth/f228275,2631.05,10240
synth,/gpfs/scratch/bsc32/bsc096444/ai4land-tfm/tmp/synth_vs_real/synth/f291704,20534.54,10240
synth,/gpfs/scratch/bsc32/bsc096444/ai4land-tfm/tmp/synth_vs_real/synth/f88025,21922.40,10240
synth,/gpfs/scratch/bsc32/bsc096444/ai4land-tfm/tmp/synth_vs_real/synth/f784309,4945.61,10240
synth,/gpfs/scratch/bsc32/bsc096444/ai4land-tfm/tmp/synth_vs_real/synth/f3717,14589.16,10240
real,/gpfs/scratch/ehpc736/data/AI4LAND_NON_preprocessed-data-2000-2015.zarr/LULC_states/5.0.63,14987.02,4248
real,/gpfs/scratch/ehpc736/data/AI4LAND_NON_preprocessed-data-2000-2015.zarr/secdn/13.2.60,13137.05,4248
real,/gpfs/scratch/ehpc736/data/AI4LAND_NON_preprocessed-data-2000-2015.zarr/secma/13.8.47,25255.10,594139
synth,/gpfs/scratch/bsc32/bsc096444/ai4land-tfm/tmp/synth_vs_real/synth/f156294,21601.02,10240
real,/gpfs/scratch/ehpc736/data/AI4LAND_NON_preprocessed-data-2000-2015.zarr/secma/15.9.17,24843.92,728495
real,/gpfs/scratch/ehpc736/data/AI4LAND_NON_preprocessed-data-2000-2015.zarr/primn/2.20.55,15272.27,4248
real,/gpfs/scratch/ehpc736/data/AI4LAND_NON_preprocessed-data-2000-2015.zarr/c4per/4.4.3,20952.54,5766
synth,/gpfs/scratch/bsc32/bsc096444/ai4land-tfm/tmp/synth_vs_real/synth/f120944,15809.02,10240
real,/gpfs/scratch/ehpc736/data/AI4LAND_NON_preprocessed-data-2000-2015.zarr/secdn/7.29.14,21360.98,4248
real,/gpfs/scratch/ehpc736/data/AI4LAND_NON_preprocessed-data-2000-2015.zarr/c3ann/11.24.3,30291.01,4248
real,/gpfs/scratch/ehpc736/data/AI4LAND_NON_preprocessed-data-2000-2015.zarr/LULC_states/1.26.60,22830.12,4248
real,/gpfs/scratch/ehpc736/data/AI4LAND_NON_preprocessed-data-2000-2015.zarr/primn/10.20.0,16354.24,7161
real,/gpfs/scratch/ehpc736/data/AI4LAND_NON_preprocessed-data-2000-2015.zarr/c4per/3.25.67,16935.69,4248
synth,/gpfs/scratch/bsc32/bsc096444/ai4land-tfm/tmp/synth_vs_real/synth/f272793,22543.28,10240
synth,/gpfs/scratch/bsc32/bsc096444/ai4land-tfm/tmp/synth_vs_real/synth/f617024,1429.50,10240
synth,/gpfs/scratch/bsc32/bsc096444/ai4land-tfm/tmp/synth_vs_real/synth/f735911,10856.08,10240
real,/gpfs/scratch/ehpc736/data/AI4LAND_NON_preprocessed-data-2000-2015.zarr/secdn/4.16.59,19737.22,68805
real,/gpfs/scratch/ehpc736/data/AI4LAND_NON_preprocessed-data-2000-2015.zarr/primn/7.1.70,12501.51,4248
synth,/gpfs/scratch/bsc32/bsc096444/ai4land-tfm/tmp/synth_vs_real/synth/f283060,495.41,10240
real,/gpfs/scratch/ehpc736/data/AI4LAND_NON_preprocessed-data-2000-2015.zarr/c3nfx/14.17.54,18805.95,361954
synth,/gpfs/scratch/bsc32/bsc096444/ai4land-tfm/tmp/synth_vs_real/synth/f85884,16942.58,10240
real,/gpfs/scratch/ehpc736/data/AI4LAND_NON_preprocessed-data-2000-2015.zarr/urban/5.32.38,16263.20,4248
real,/gpfs/scratch/ehpc736/data/AI4LAND_NON_preprocessed-data-2000-2015.zarr/c4per/10.30.24,17345.90,4248
synth,/gpfs/scratch/bsc32/bsc096444/ai4land-tfm/tmp/synth_vs_real/synth/f495948,16585.06,10240
real,/gpfs/scratch/ehpc736/data/AI4LAND_NON_preprocessed-data-2000-2015.zarr/secdf/3.4.29,17853.37,4324
synth,/gpfs/scratch/bsc32/bsc096444/ai4land-tfm/tmp/synth_vs_real/synth/f185652,17673.83,10240
synth,/gpfs/scratch/bsc32/bsc096444/ai4land-tfm/tmp/synth_vs_real/synth/f401124,21023.62,10240
synth,/gpfs/scratch/bsc32/bsc096444/ai4land-tfm/tmp/synth_vs_real/synth/f566390,18795.53,10240
real,/gpfs/scratch/ehpc736/data/AI4LAND_NON_preprocessed-data-2000-2015.zarr/secdn/6.2.39,28907.42,9280
synth,/gpfs/scratch/bsc32/bsc096444/ai4land-tfm/tmp/synth_vs_real/synth/f625380,10879.21,10240
synth,/gpfs/scratch/bsc32/bsc096444/ai4land-tfm/tmp/synth_vs_real/synth/f508993,1083.58,10240
synth,/gpfs/scratch/bsc32/bsc096444/ai4land-tfm/tmp/synth_vs_real/synth/f928477,235.03,10240
real,/gpfs/scratch/ehpc736/data/AI4LAND_NON_preprocessed-data-2000-2015.zarr/c3per/15.33.13,21143.78,4248
synth,/gpfs/scratch/bsc32/bsc096444/ai4land-tfm/tmp/synth_vs_real/synth/f923435,118.71,10240
real,/gpfs/scratch/ehpc736/data/AI4LAND_NON_preprocessed-data-2000-2015.zarr/secmb/9.7.60,22162.73,675113
synth,/gpfs/scratch/bsc32/bsc096444/ai4land-tfm/tmp/synth_vs_real/synth/f594731,2140.26,10240
real,/gpfs/scratch/ehpc736/data/AI4LAND_NON_preprocessed-data-2000-2015.zarr/c3ann/1.32.70,16964.66,4248
synth,/gpfs/scratch/bsc32/bsc096444/ai4land-tfm/tmp/synth_vs_real/synth/f444154,942.96,10240
synth,/gpfs/scratch/bsc32/bsc096444/ai4land-tfm/tmp/synth_vs_real/synth/f933533,118.39,10240
real,/gpfs/scratch/ehpc736/data/AI4LAND_NON_preprocessed-data-2000-2015.zarr/c4per/10.1.35,10803.03,4248
synth,/gpfs/scratch/bsc32/bsc096444/ai4land-tfm/tmp/synth_vs_real/synth/f777236,896.84,10240
real,/gpfs/scratch/ehpc736/data/AI4LAND_NON_preprocessed-data-2000-2015.zarr/secmb/12.13.34,17498.12,173884
synth,/gpfs/scratch/bsc32/bsc096444/ai4land-tfm/tmp/synth_vs_real/synth/f823267,1117.17,10240
synth,/gpfs/scratch/bsc32/bsc096444/ai4land-tfm/tmp/synth_vs_real/synth/f346239,904.73,10240
synth,/gpfs/scratch/bsc32/bsc096444/ai4land-tfm/tmp/synth_vs_real/synth/f70674,32204.61,10240
real,/gpfs/scratch/ehpc736/data/AI4LAND_NON_preprocessed-data-2000-2015.zarr/c4per/3.28.58,21161.80,4248
real,/gpfs/scratch/ehpc736/data/AI4LAND_NON_preprocessed-data-2000-2015.zarr/c3nfx/6.31.36,20882.62,4248
synth,/gpfs/scratch/bsc32/bsc096444/ai4land-tfm/tmp/synth_vs_real/synth/f750981,2923.72,10240
synth,/gpfs/scratch/bsc32/bsc096444/ai4land-tfm/tmp/synth_vs_real/synth/f88914,1950.66,10240
real,/gpfs/scratch/ehpc736/data/AI4LAND_NON_preprocessed-data-2000-2015.zarr/urban/11.14.29,17656.59,4248
real,/gpfs/scratch/ehpc736/data/AI4LAND_NON_preprocessed-data-2000-2015.zarr/range/15.28.51,19043.06,4248
synth,/gpfs/scratch/bsc32/bsc096444/ai4land-tfm/tmp/synth_vs_real/synth/f89814,918.68,10240
synth,/gpfs/scratch/bsc32/bsc096444/ai4land-tfm/tmp/synth_vs_real/synth/f715198,17836.11,10240
real,/gpfs/scratch/ehpc736/data/AI4LAND_NON_preprocessed-data-2000-2015.zarr/number_of_people/6.9.5,16306.95,4248
real,/gpfs/scratch/ehpc736/data/AI4LAND_NON_preprocessed-data-2000-2015.zarr/secdn/6.23.67,15194.62,4248
real,/gpfs/scratch/ehpc736/data/AI4LAND_NON_preprocessed-data-2000-2015.zarr/urban/11.12.14,38015.48,345186
real,/gpfs/scratch/ehpc736/data/AI4LAND_NON_preprocessed-data-2000-2015.zarr/pastr/0.13.33,20011.13,8669
real,/gpfs/scratch/ehpc736/data/AI4LAND_NON_preprocessed-data-2000-2015.zarr/secmb/3.21.21,18404.15,355016
synth,/gpfs/scratch/bsc32/bsc096444/ai4land-tfm/tmp/synth_vs_real/synth/f903682,261.13,10240
real,/gpfs/scratch/ehpc736/data/AI4LAND_NON_preprocessed-data-2000-2015.zarr/urban/14.5.36,22654.30,308057
real,/gpfs/scratch/ehpc736/data/AI4LAND_NON_preprocessed-data-2000-2015.zarr/pastr/4.16.29,17222.68,4248
real,/gpfs/scratch/ehpc736/data/AI4LAND_NON_preprocessed-data-2000-2015.zarr/secma/10.3.36,13741.43,4248
real,/gpfs/scratch/ehpc736/data/AI4LAND_NON_preprocessed-data-2000-2015.zarr/urban/14.6.44,24460.21,660695
real,/gpfs/scratch/ehpc736/data/AI4LAND_NON_preprocessed-data-2000-2015.zarr/secdf/0.0.66,26854.90,4248
synth,/gpfs/scratch/bsc32/bsc096444/ai4land-tfm/tmp/synth_vs_real/synth/f661759,1586.53,10240
synth,/gpfs/scratch/bsc32/bsc096444/ai4land-tfm/tmp/synth_vs_real/synth/f636059,2340.21,10240
synth,/gpfs/scratch/bsc32/bsc096444/ai4land-tfm/tmp/synth_vs_real/synth/f329963,16610.50,10240
real,/gpfs/scratch/ehpc736/data/AI4LAND_NON_preprocessed-data-2000-2015.zarr/secmb/11.34.0,25959.29,4248
synth,/gpfs/scratch/bsc32/bsc096444/ai4land-tfm/tmp/synth_vs_real/synth/f712131,1775.48,10240
real,/gpfs/scratch/ehpc736/data/AI4LAND_NON_preprocessed-data-2000-2015.zarr/range/14.9.49,16157.61,743511
real,/gpfs/scratch/ehpc736/data/AI4LAND_NON_preprocessed-data-2000-2015.zarr/secmb/15.12.38,16094.27,230306
real,/gpfs/scratch/ehpc736/data/AI4LAND_NON_preprocessed-data-2000-2015.zarr/kg_class/6.15.60,11175.55,4248
real,/gpfs/scratch/ehpc736/data/AI4LAND_NON_preprocessed-data-2000-2015.zarr/primn/1.24.42,24182.68,4248
synth,/gpfs/scratch/bsc32/bsc096444/ai4land-tfm/tmp/synth_vs_real/synth/f779779,19566.81,10240
real,/gpfs/scratch/ehpc736/data/AI4LAND_NON_preprocessed-data-2000-2015.zarr/c4per/7.32.13,22316.79,4248
synth,/gpfs/scratch/bsc32/bsc096444/ai4land-tfm/tmp/synth_vs_real/synth/f354508,18628.76,10240
real,/gpfs/scratch/ehpc736/data/AI4LAND_NON_preprocessed-data-2000-2015.zarr/range/4.1.19,15114.88,4500
real,/gpfs/scratch/ehpc736/data/AI4LAND_NON_preprocessed-data-2000-2015.zarr/pastr/3.13.59,15414.93,4861
real,/gpfs/scratch/ehpc736/data/AI4LAND_NON_preprocessed-data-2000-2015.zarr/secdf/7.15.26,13698.32,4248
real,/gpfs/scratch/ehpc736/data/AI4LAND_NON_preprocessed-data-2000-2015.zarr/range/0.31.2,12572.74,4248
synth,/gpfs/scratch/bsc32/bsc096444/ai4land-tfm/tmp/synth_vs_real/synth/f10139,12576.69,10240
real,/gpfs/scratch/ehpc736/data/AI4LAND_NON_preprocessed-data-2000-2015.zarr/secdf/10.16.19,16566.89,53320
synth,/gpfs/scratch/bsc32/bsc096444/ai4land-tfm/tmp/synth_vs_real/synth/f291476,34102.83,10240
synth,/gpfs/scratch/bsc32/bsc096444/ai4land-tfm/tmp/synth_vs_real/synth/f208496,19324.05,10240
real,/gpfs/scratch/ehpc736/data/AI4LAND_NON_preprocessed-data-2000-2015.zarr/primf/8.9.24,14647.91,4248
real,/gpfs/scratch/ehpc736/data/AI4LAND_NON_preprocessed-data-2000-2015.zarr/c3ann/15.13.6,15522.14,4248
real,/gpfs/scratch/ehpc736/data/AI4LAND_NON_preprocessed-data-2000-2015.zarr/c3ann/13.25.66,9459.76,4248
synth,/gpfs/scratch/bsc32/bsc096444/ai4land-tfm/tmp/synth_vs_real/synth/f117308,19163.92,10240
synth,/gpfs/scratch/bsc32/bsc096444/ai4land-tfm/tmp/synth_vs_real/synth/f471932,17909.62,10240
real,/gpfs/scratch/ehpc736/data/AI4LAND_NON_preprocessed-data-2000-2015.zarr/kg_class/13.33.14,19272.88,4248
real,/gpfs/scratch/ehpc736/data/AI4LAND_NON_preprocessed-data-2000-2015.zarr/secma/0.0.31,19376.06,4248
real,/gpfs/scratch/ehpc736/data/AI4LAND_NON_preprocessed-data-2000-2015.zarr/primf/1.14.0,11574.06,4248
real,/gpfs/scratch/ehpc736/data/AI4LAND_NON_preprocessed-data-2000-2015.zarr/pastr/13.13.16,22024.26,176845
synth,/gpfs/scratch/bsc32/bsc096444/ai4land-tfm/tmp/synth_vs_real/synth/f69403,17378.88,10240
real,/gpfs/scratch/ehpc736/data/AI4LAND_NON_preprocessed-data-2000-2015.zarr/LULC_states/15.27.24,14365.01,4248
real,/gpfs/scratch/ehpc736/data/AI4LAND_NON_preprocessed-data-2000-2015.zarr/kg_class/14.16.29,18892.65,4248
real,/gpfs/scratch/ehpc736/data/AI4LAND_NON_preprocessed-data-2000-2015.zarr/c3per/4.6.0,21377.44,4248
synth,/gpfs/scratch/bsc32/bsc096444/ai4land-tfm/tmp/synth_vs_real/synth/f41672,18411.11,10240
real,/gpfs/scratch/ehpc736/data/AI4LAND_NON_preprocessed-data-2000-2015.zarr/c4ann/10.34.18,14064.48,4248
synth,/gpfs/scratch/bsc32/bsc096444/ai4land-tfm/tmp/synth_vs_real/synth/f256787,12587.48,10240
real,/gpfs/scratch/ehpc736/data/AI4LAND_NON_preprocessed-data-2000-2015.zarr/range/13.13.14,17236.45,333077
real,/gpfs/scratch/ehpc736/data/AI4LAND_NON_preprocessed-data-2000-2015.zarr/c3per/8.1.35,20611.63,4248
real,/gpfs/scratch/ehpc736/data/AI4LAND_NON_preprocessed-data-2000-2015.zarr/number_of_people/1.12.28,17118.89,4248
synth,/gpfs/scratch/bsc32/bsc096444/ai4land-tfm/tmp/synth_vs_real/synth/f138739,17596.57,10240
real,/gpfs/scratch/ehpc736/data/AI4LAND_NON_preprocessed-data-2000-2015.zarr/range/14.29.27,27157.40,4248
real,/gpfs/scratch/ehpc736/data/AI4LAND_NON_preprocessed-data-2000-2015.zarr/c4ann/14.7.6,23873.95,4248
synth,/gpfs/scratch/bsc32/bsc096444/ai4land-tfm/tmp/synth_vs_real/synth/f162060,12847.26,10240
real,/gpfs/scratch/ehpc736/data/AI4LAND_NON_preprocessed-data-2000-2015.zarr/number_of_people/12.31.63,11323.19,4248
synth,/gpfs/scratch/bsc32/bsc096444/ai4land-tfm/tmp/synth_vs_real/synth/f791937,4140.19,10240
synth,/gpfs/scratch/bsc32/bsc096444/ai4land-tfm/tmp/synth_vs_real/synth/f310016,22230.55,10240
real,/gpfs/scratch/ehpc736/data/AI4LAND_NON_preprocessed-data-2000-2015.zarr/LULC_states/6.27.11,29710.13,4248
synth,/gpfs/scratch/bsc32/bsc096444/ai4land-tfm/tmp/synth_vs_real/synth/f252572,43627.06,10240
real,/gpfs/scratch/ehpc736/data/AI4LAND_NON_preprocessed-data-2000-2015.zarr/pastr/2.33.31,14852.83,4248
synth,/gpfs/scratch/bsc32/bsc096444/ai4land-tfm/tmp/synth_vs_real/synth/f244098,17383.71,10240
synth,/gpfs/scratch/bsc32/bsc096444/ai4land-tfm/tmp/synth_vs_real/synth/f402630,995.50,10240
synth,/gpfs/scratch/bsc32/bsc096444/ai4land-tfm/tmp/synth_vs_real/synth/f370858,16429.57,10240
synth,/gpfs/scratch/bsc32/bsc096444/ai4land-tfm/tmp/synth_vs_real/synth/f902592,2985.71,10240
synth,/gpfs/scratch/bsc32/bsc096444/ai4land-tfm/tmp/synth_vs_real/synth/f623939,1432.44,10240
real,/gpfs/scratch/ehpc736/data/AI4LAND_NON_preprocessed-data-2000-2015.zarr/kg_class/8.9.7,18494.14,4248
real,/gpfs/scratch/ehpc736/data/AI4LAND_NON_preprocessed-data-2000-2015.zarr/c3nfx/1.29.13,32823.77,4248
synth,/gpfs/scratch/bsc32/bsc096444/ai4land-tfm/tmp/synth_vs_real/synth/f146991,1936.02,10240
synth,/gpfs/scratch/bsc32/bsc096444/ai4land-tfm/tmp/synth_vs_real/synth/f999816,213.50,10240
real,/gpfs/scratch/ehpc736/data/AI4LAND_NON_preprocessed-data-2000-2015.zarr/secmb/8.19.20,31521.32,702821
real,/gpfs/scratch/ehpc736/data/AI4LAND_NON_preprocessed-data-2000-2015.zarr/c4per/10.29.23,19521.97,4248
synth,/gpfs/scratch/bsc32/bsc096444/ai4land-tfm/tmp/synth_vs_real/synth/f565492,781.88,10240
synth,/gpfs/scratch/bsc32/bsc096444/ai4land-tfm/tmp/synth_vs_real/synth/f571412,11713.48,10240
synth,/gpfs/scratch/bsc32/bsc096444/ai4land-tfm/tmp/synth_vs_real/synth/f846721,1516.24,10240
real,/gpfs/scratch/ehpc736/data/AI4LAND_NON_preprocessed-data-2000-2015.zarr/c3ann/9.23.22,27410.04,785430
real,/gpfs/scratch/ehpc736/data/AI4LAND_NON_preprocessed-data-2000-2015.zarr/secma/1.2.30,13165.81,4332
synth,/gpfs/scratch/bsc32/bsc096444/ai4land-tfm/tmp/synth_vs_real/synth/f624377,19736.04,10240
synth,/gpfs/scratch/bsc32/bsc096444/ai4land-tfm/tmp/synth_vs_real/synth/f706073,17688.25,10240
real,/gpfs/scratch/ehpc736/data/AI4LAND_NON_preprocessed-data-2000-2015.zarr/range/11.35.20,20189.77,4248
synth,/gpfs/scratch/bsc32/bsc096444/ai4land-tfm/tmp/synth_vs_real/synth/f963110,206.99,10240
real,/gpfs/scratch/ehpc736/data/AI4LAND_NON_preprocessed-data-2000-2015.zarr/secmb/6.35.51,22033.45,4248
synth,/gpfs/scratch/bsc32/bsc096444/ai4land-tfm/tmp/synth_vs_real/synth/f891014,286.71,10240
real,/gpfs/scratch/ehpc736/data/AI4LAND_NON_preprocessed-data-2000-2015.zarr/secma/14.10.0,15127.56,4248
real,/gpfs/scratch/ehpc736/data/AI4LAND_NON_preprocessed-data-2000-2015.zarr/secmb/4.0.17,20249.82,4248
real,/gpfs/scratch/ehpc736/data/AI4LAND_NON_preprocessed-data-2000-2015.zarr/primf/1.0.60,24305.34,4248
real,/gpfs/scratch/ehpc736/data/AI4LAND_NON_preprocessed-data-2000-2015.zarr/secmb/8.27.4,22152.74,4248
real,/gpfs/scratch/ehpc736/data/AI4LAND_NON_preprocessed-data-2000-2015.zarr/number_of_people/9.24.60,17945.61,4248
real,/gpfs/scratch/ehpc736/data/AI4LAND_NON_preprocessed-data-2000-2015.zarr/urban/13.31.30,20220.16,4248
synth,/gpfs/scratch/bsc32/bsc096444/ai4land-tfm/tmp/synth_vs_real/synth/f113668,16454.62,10240
synth,/gpfs/scratch/bsc32/bsc096444/ai4land-tfm/tmp/synth_vs_real/synth/f46228,18135.52,10240
real,/gpfs/scratch/ehpc736/data/AI4LAND_NON_preprocessed-data-2000-2015.zarr/kg_class/10.27.56,16426.17,4248
synth,/gpfs/scratch/bsc32/bsc096444/ai4land-tfm/tmp/synth_vs_real/synth/f457007,17989.67,10240
real,/gpfs/scratch/ehpc736/data/AI4LAND_NON_preprocessed-data-2000-2015.zarr/c3per/14.0.0,15226.48,4248
synth,/gpfs/scratch/bsc32/bsc096444/ai4land-tfm/tmp/synth_vs_real/synth/f913648,245.81,10240
real,/gpfs/scratch/ehpc736/data/AI4LAND_NON_preprocessed-data-2000-2015.zarr/urban/14.32.53,17412.63,4248
real,/gpfs/scratch/ehpc736/data/AI4LAND_NON_preprocessed-data-2000-2015.zarr/range/6.23.51,20273.38,4248
real,/gpfs/scratch/ehpc736/data/AI4LAND_NON_preprocessed-data-2000-2015.zarr/secma/8.7.12,30872.79,633431
real,/gpfs/scratch/ehpc736/data/AI4LAND_NON_preprocessed-data-2000-2015.zarr/primf/7.24.4,27426.06,4248
real,/gpfs/scratch/ehpc736/data/AI4LAND_NON_preprocessed-data-2000-2015.zarr/c3nfx/5.35.70,27190.62,4248
real,/gpfs/scratch/ehpc736/data/AI4LAND_NON_preprocessed-data-2000-2015.zarr/c4ann/12.35.16,18757.92,4248
real,/gpfs/scratch/ehpc736/data/AI4LAND_NON_preprocessed-data-2000-2015.zarr/primf/4.21.59,16139.01,4270
real,/gpfs/scratch/ehpc736/data/AI4LAND_NON_preprocessed-data-2000-2015.zarr/c4per/12.12.64,17570.11,4248
real,/gpfs/scratch/ehpc736/data/AI4LAND_NON_preprocessed-data-2000-2015.zarr/number_of_people/11.28.68,18556.88,4248
synth,/gpfs/scratch/bsc32/bsc096444/ai4land-tfm/tmp/synth_vs_real/synth/f564607,1202.01,10240
real,/gpfs/scratch/ehpc736/data/AI4LAND_NON_preprocessed-data-2000-2015.zarr/urban/1.34.64,19832.86,4248
real,/gpfs/scratch/ehpc736/data/AI4LAND_NON_preprocessed-data-2000-2015.zarr/range/11.33.37,17083.36,4248
real,/gpfs/scratch/ehpc736/data/AI4LAND_NON_preprocessed-data-2000-2015.zarr/secma/14.11.28,18924.93,4248
real,/gpfs/scratch/ehpc736/data/AI4LAND_NON_preprocessed-data-2000-2015.zarr/primn/11.28.58,54577.44,4248
synth,/gpfs/scratch/bsc32/bsc096444/ai4land-tfm/tmp/synth_vs_real/synth/f784475,884.45,10240
real,/gpfs/scratch/ehpc736/data/AI4LAND_NON_preprocessed-data-2000-2015.zarr/c4per/7.30.51,9917.89,4248
real,/gpfs/scratch/ehpc736/data/AI4LAND_NON_preprocessed-data-2000-2015.zarr/range/6.2.4,14051.43,4248
real,/gpfs/scratch/ehpc736/data/AI4LAND_NON_preprocessed-data-2000-2015.zarr/primf/14.21.21,30801.81,4540
synth,/gpfs/scratch/bsc32/bsc096444/ai4land-tfm/tmp/synth_vs_real/synth/f579364,18603.51,10240
synth,/gpfs/scratch/bsc32/bsc096444/ai4land-tfm/tmp/synth_vs_real/synth/f843170,1112.68,10240
synth,/gpfs/scratch/bsc32/bsc096444/ai4land-tfm/tmp/synth_vs_real/synth/f177934,18766.62,10240
synth,/gpfs/scratch/bsc32/bsc096444/ai4land-tfm/tmp/synth_vs_real/synth/f443143,16748.77,10240
synth,/gpfs/scratch/bsc32/bsc096444/ai4land-tfm/tmp/synth_vs_real/synth/f276807,5297.25,10240
real,/gpfs/scratch/ehpc736/data/AI4LAND_NON_preprocessed-data-2000-2015.zarr/urban/3.1.36,23266.88,4248
real,/gpfs/scratch/ehpc736/data/AI4LAND_NON_preprocessed-data-2000-2015.zarr/urban/9.21.61,17708.68,240538
real,/gpfs/scratch/ehpc736/data/AI4LAND_NON_preprocessed-data-2000-2015.zarr/pastr/4.30.57,19612.47,4248
real,/gpfs/scratch/ehpc736/data/AI4LAND_NON_preprocessed-data-2000-2015.zarr/c3nfx/3.24.35,19864.42,4248
synth,/gpfs/scratch/bsc32/bsc096444/ai4land-tfm/tmp/synth_vs_real/synth/f708011,22066.48,10240
synth,/gpfs/scratch/bsc32/bsc096444/ai4land-tfm/tmp/synth_vs_real/synth/f832291,2240.72,10240
real,/gpfs/scratch/ehpc736/data/AI4LAND_NON_preprocessed-data-2000-2015.zarr/primn/2.8.13,27683.60,779795
real,/gpfs/scratch/ehpc736/data/AI4LAND_NON_preprocessed-data-2000-2015.zarr/c3per/12.12.68,14641.01,4248
synth,/gpfs/scratch/bsc32/bsc096444/ai4land-tfm/tmp/synth_vs_real/synth/f421947,1881.37,10240
real,/gpfs/scratch/ehpc736/data/AI4LAND_NON_preprocessed-data-2000-2015.zarr/secma/9.9.23,12311.35,4248
real,/gpfs/scratch/ehpc736/data/AI4LAND_NON_preprocessed-data-2000-2015.zarr/c3ann/5.34.68,15557.98,4248
synth,/gpfs/scratch/bsc32/bsc096444/ai4land-tfm/tmp/synth_vs_real/synth/f104837,15232.51,10240
real,/gpfs/scratch/ehpc736/data/AI4LAND_NON_preprocessed-data-2000-2015.zarr/secmb/6.5.39,18025.35,310895
real,/gpfs/scratch/ehpc736/data/AI4LAND_NON_preprocessed-data-2000-2015.zarr/c3nfx/12.20.21,18872.47,751792
real,/gpfs/scratch/ehpc736/data/AI4LAND_NON_preprocessed-data-2000-2015.zarr/primn/12.10.44,29065.54,688815
real,/gpfs/scratch/ehpc736/data/AI4LAND_NON_preprocessed-data-2000-2015.zarr/c4per/10.14.61,18537.53,4248
synth,/gpfs/scratch/bsc32/bsc096444/ai4land-tfm/tmp/synth_vs_real/synth/f382554,16253.08,10240
real,/gpfs/scratch/ehpc736/data/AI4LAND_NON_preprocessed-data-2000-2015.zarr/range/10.23.39,20774.46,529039
real,/gpfs/scratch/ehpc736/data/AI4LAND_NON_preprocessed-data-2000-2015.zarr/range/1.32.52,17267.04,4248
synth,/gpfs/scratch/bsc32/bsc096444/ai4land-tfm/tmp/synth_vs_real/synth/f998160,142.62,10240
real,/gpfs/scratch/ehpc736/data/AI4LAND_NON_preprocessed-data-2000-2015.zarr/LULC_states/10.8.25,23631.84,4248
synth,/gpfs/scratch/bsc32/bsc096444/ai4land-tfm/tmp/synth_vs_real/synth/f546622,13757.13,10240
synth,/gpfs/scratch/bsc32/bsc096444/ai4land-tfm/tmp/synth_vs_real/synth/f169396,644.86,10240
real,/gpfs/scratch/ehpc736/data/AI4LAND_NON_preprocessed-data-2000-2015.zarr/secmb/10.15.67,8186.73,4248
synth,/gpfs/scratch/bsc32/bsc096444/ai4land-tfm/tmp/synth_vs_real/synth/f387151,1447.34,10240
synth,/gpfs/scratch/bsc32/bsc096444/ai4land-tfm/tmp/synth_vs_real/synth/f250280,10028.10,10240
synth,/gpfs/scratch/bsc32/bsc096444/ai4land-tfm/tmp/synth_vs_real/synth/f510311,523.96,10240
synth,/gpfs/scratch/bsc32/bsc096444/ai4land-tfm/tmp/synth_vs_real/synth/f324308,3970.18,10240
real,/gpfs/scratch/ehpc736/data/AI4LAND_NON_preprocessed-data-2000-2015.zarr/range/11.17.9,13714.16,4248
real,/gpfs/scratch/ehpc736/data/AI4LAND_NON_preprocessed-data-2000-2015.zarr/kg_class/2.15.4,19780.96,4248
real,/gpfs/scratch/ehpc736/data/AI4LAND_NON_preprocessed-data-2000-2015.zarr/pastr/6.8.55,14207.36,137957
synth,/gpfs/scratch/bsc32/bsc096444/ai4land-tfm/tmp/synth_vs_real/synth/f562336,2010.69,10240
real,/gpfs/scratch/ehpc736/data/AI4LAND_NON_preprocessed-data-2000-2015.zarr/range/8.4.25,23635.86,4288
synth,/gpfs/scratch/bsc32/bsc096444/ai4land-tfm/tmp/synth_vs_real/synth/f894343,137.61,10240
real,/gpfs/scratch/ehpc736/data/AI4LAND_NON_preprocessed-data-2000-2015.zarr/c3nfx/7.19.41,23258.06,747932
synth,/gpfs/scratch/bsc32/bsc096444/ai4land-tfm/tmp/synth_vs_real/synth/f714825,1197.50,10240
synth,/gpfs/scratch/bsc32/bsc096444/ai4land-tfm/tmp/synth_vs_real/synth/f250867,22251.55,10240
synth,/gpfs/scratch/bsc32/bsc096444/ai4land-tfm/tmp/synth_vs_real/synth/f564365,549.00,10240
synth,/gpfs/scratch/bsc32/bsc096444/ai4land-tfm/tmp/synth_vs_real/synth/f442042,1120.43,10240
synth,/gpfs/scratch/bsc32/bsc096444/ai4land-tfm/tmp/synth_vs_real/synth/f372528,9514.27,10240
real,/gpfs/scratch/ehpc736/data/AI4LAND_NON_preprocessed-data-2000-2015.zarr/urban/9.32.12,19937.47,4248
real,/gpfs/scratch/ehpc736/data/AI4LAND_NON_preprocessed-data-2000-2015.zarr/primn/8.16.66,18965.87,4248
real,/gpfs/scratch/ehpc736/data/AI4LAND_NON_preprocessed-data-2000-2015.zarr/secmb/0.17.3,18972.12,4248
real,/gpfs/scratch/ehpc736/data/AI4LAND_NON_preprocessed-data-2000-2015.zarr/primn/1.2.70,22663.43,4248
synth,/gpfs/scratch/bsc32/bsc096444/ai4land-tfm/tmp/synth_vs_real/synth/f856795,138.13,10240
synth,/gpfs/scratch/bsc32/bsc096444/ai4land-tfm/tmp/synth_vs_real/synth/f936406,110.99,10240
synth,/gpfs/scratch/bsc32/bsc096444/ai4land-tfm/tmp/synth_vs_real/synth/f473417,18643.21,10240
synth,/gpfs/scratch/bsc32/bsc096444/ai4land-tfm/tmp/synth_vs_real/synth/f754213,820.72,10240
synth,/gpfs/scratch/bsc32/bsc096444/ai4land-tfm/tmp/synth_vs_real/synth/f873349,1061.18,10240
synth,/gpfs/scratch/bsc32/bsc096444/ai4land-tfm/tmp/synth_vs_real/synth/f497732,19817.04,10240
synth,/gpfs/scratch/bsc32/bsc096444/ai4land-tfm/tmp/synth_vs_real/synth/f33326,16139.67,10240
synth,/gpfs/scratch/bsc32/bsc096444/ai4land-tfm/tmp/synth_vs_real/synth/f935518,115.77,10240
synth,/gpfs/scratch/bsc32/bsc096444/ai4land-tfm/tmp/synth_vs_real/synth/f607314,647.04,10240
synth,/gpfs/scratch/bsc32/bsc096444/ai4land-tfm/tmp/synth_vs_real/synth/f739945,885.62,10240
synth,/gpfs/scratch/bsc32/bsc096444/ai4land-tfm/tmp/synth_vs_real/synth/f343254,15491.43,10240
synth,/gpfs/scratch/bsc32/bsc096444/ai4land-tfm/tmp/synth_vs_real/synth/f487575,1749.29,10240
real,/gpfs/scratch/ehpc736/data/AI4LAND_NON_preprocessed-data-2000-2015.zarr/secdn/9.30.49,15374.14,4248
synth,/gpfs/scratch/bsc32/bsc096444/ai4land-tfm/tmp/synth_vs_real/synth/f256150,20104.48,10240
real,/gpfs/scratch/ehpc736/data/AI4LAND_NON_preprocessed-data-2000-2015.zarr/pastr/2.3.3,16929.75,4472
synth,/gpfs/scratch/bsc32/bsc096444/ai4land-tfm/tmp/synth_vs_real/synth/f978593,119.95,10240
real,/gpfs/scratch/ehpc736/data/AI4LAND_NON_preprocessed-data-2000-2015.zarr/c3nfx/3.35.3,29653.34,4248
real,/gpfs/scratch/ehpc736/data/AI4LAND_NON_preprocessed-data-2000-2015.zarr/range/3.15.23,22110.10,109007
real,/gpfs/scratch/ehpc736/data/AI4LAND_NON_preprocessed-data-2000-2015.zarr/kg_class/14.7.11,16604.18,94470
real,/gpfs/scratch/ehpc736/data/AI4LAND_NON_preprocessed-data-2000-2015.zarr/range/4.7.2,17644.41,4390
synth,/gpfs/scratch/bsc32/bsc096444/ai4land-tfm/tmp/synth_vs_real/synth/f765179,763.57,10240
real,/gpfs/scratch/ehpc736/data/AI4LAND_NON_preprocessed-data-2000-2015.zarr/c3nfx/11.14.69,14855.50,4248
real,/gpfs/scratch/ehpc736/data/AI4LAND_NON_preprocessed-data-2000-2015.zarr/secmb/1.20.15,14605.30,4248
synth,/gpfs/scratch/bsc32/bsc096444/ai4land-tfm/tmp/synth_vs_real/synth/f977017,251.52,10240
real,/gpfs/scratch/ehpc736/data/AI4LAND_NON_preprocessed-data-2000-2015.zarr/secdf/2.27.48,30717.90,4360
synth,/gpfs/scratch/bsc32/bsc096444/ai4land-tfm/tmp/synth_vs_real/synth/f107473,20426.21,10240
synth,/gpfs/scratch/bsc32/bsc096444/ai4land-tfm/tmp/synth_vs_real/synth/f258607,1512.20,10240
synth,/gpfs/scratch/bsc32/bsc096444/ai4land-tfm/tmp/synth_vs_real/synth/f815451,1589.75,10240
synth,/gpfs/scratch/bsc32/bsc096444/ai4land-tfm/tmp/synth_vs_real/synth/f307419,21451.66,10240
synth,/gpfs/scratch/bsc32/bsc096444/ai4land-tfm/tmp/synth_vs_real/synth/f556116,22325.69,10240
synth,/gpfs/scratch/bsc32/bsc096444/ai4land-tfm/tmp/synth_vs_real/synth/f963066,344.66,10240
synth,/gpfs/scratch/bsc32/bsc096444/ai4land-tfm/tmp/synth_vs_real/synth/f918938,216.26,10240
real,/gpfs/scratch/ehpc736/data/AI4LAND_NON_preprocessed-data-2000-2015.zarr/secmb/5.34.33,22499.97,4248
real,/gpfs/scratch/ehpc736/data/AI4LAND_NON_preprocessed-data-2000-2015.zarr/urban/3.30.8,15517.59,4248
synth,/gpfs/scratch/bsc32/bsc096444/ai4land-tfm/tmp/synth_vs_real/synth/f286193,15392.45,10240
synth,/gpfs/scratch/bsc32/bsc096444/ai4land-tfm/tmp/synth_vs_real/synth/f362479,6043.17,10240
real,/gpfs/scratch/ehpc736/data/AI4LAND_NON_preprocessed-data-2000-2015.zarr/secdn/12.14.58,14367.34,81341
synth,/gpfs/scratch/bsc32/bsc096444/ai4land-tfm/tmp/synth_vs_real/synth/f701364,520.42,10240
real,/gpfs/scratch/ehpc736/data/AI4LAND_NON_preprocessed-data-2000-2015.zarr/LULC_states/0.22.64,1300.47,101538
synth,/gpfs/scratch/bsc32/bsc096444/ai4land-tfm/tmp/synth_vs_real/synth/f45561,20880.07,10240
real,/gpfs/scratch/ehpc736/data/AI4LAND_NON_preprocessed-data-2000-2015.zarr/c3nfx/0.17.31,22089.99,4248
real,/gpfs/scratch/ehpc736/data/AI4LAND_NON_preprocessed-data-2000-2015.zarr/c3ann/2.10.64,23227.83,4248
real,/gpfs/scratch/ehpc736/data/AI4LAND_NON_preprocessed-data-2000-2015.zarr/secdf/1.19.41,17812.89,86560
real,/gpfs/scratch/ehpc736/data/AI4LAND_NON_preprocessed-data-2000-2015.zarr/secmb/5.30.15,14959.75,4248
real,/gpfs/scratch/ehpc736/data/AI4LAND_NON_preprocessed-data-2000-2015.zarr/c3per/14.9.2,26296.90,4248
synth,/gpfs/scratch/bsc32/bsc096444/ai4land-tfm/tmp/synth_vs_real/synth/f256736,20524.45,10240
real,/gpfs/scratch/ehpc736/data/AI4LAND_NON_preprocessed-data-2000-2015.zarr/kg_class/0.13.69,14630.49,4248
real,/gpfs/scratch/ehpc736/data/AI4LAND_NON_preprocessed-data-2000-2015.zarr/c3per/0.19.54,16791.61,4248
real,/gpfs/scratch/ehpc736/data/AI4LAND_NON_preprocessed-data-2000-2015.zarr/kg_class/8.4.23,19312.74,7609
real,/gpfs/scratch/ehpc736/data/AI4LAND_NON_preprocessed-data-2000-2015.zarr/LULC_states/13.18.3,18003.83,4248
real,/gpfs/scratch/ehpc736/data/AI4LAND_NON_preprocessed-data-2000-2015.zarr/secdf/11.31.20,14069.86,4248
synth,/gpfs/scratch/bsc32/bsc096444/ai4land-tfm/tmp/synth_vs_real/synth/f484125,18113.17,10240
synth,/gpfs/scratch/bsc32/bsc096444/ai4land-tfm/tmp/synth_vs_real/synth/f165409,10913.15,10240
synth,/gpfs/scratch/bsc32/bsc096444/ai4land-tfm/tmp/synth_vs_real/synth/f823927,1066.83,10240
real,/gpfs/scratch/ehpc736/data/AI4LAND_NON_preprocessed-data-2000-2015.zarr/c4ann/12.16.47,13764.40,4248
real,/gpfs/scratch/ehpc736/data/AI4LAND_NON_preprocessed-data-2000-2015.zarr/c4ann/11.32.61,14872.01,4248
synth,/gpfs/scratch/bsc32/bsc096444/ai4land-tfm/tmp/synth_vs_real/synth/f387477,878.59,10240
real,/gpfs/scratch/ehpc736/data/AI4LAND_NON_preprocessed-data-2000-2015.zarr/LULC_states/11.10.49,21062.67,102031
real,/gpfs/scratch/ehpc736/data/AI4LAND_NON_preprocessed-data-2000-2015.zarr/c3nfx/8.17.69,10161.40,4248
real,/gpfs/scratch/ehpc736/data/AI4LAND_NON_preprocessed-data-2000-2015.zarr/c4ann/9.0.31,23318.00,4248
real,/gpfs/scratch/ehpc736/data/AI4LAND_NON_preprocessed-data-2000-2015.zarr/secdf/9.21.9,14375.33,4248
synth,/gpfs/scratch/bsc32/bsc096444/ai4land-tfm/tmp/synth_vs_real/synth/f578478,3549.36,10240
real,/gpfs/scratch/ehpc736/data/AI4LAND_NON_preprocessed-data-2000-2015.zarr/c3nfx/3.18.54,18540.99,25648
real,/gpfs/scratch/ehpc736/data/AI4LAND_NON_preprocessed-data-2000-2015.zarr/kg_class/0.4.21,10583.34,43763
real,/gpfs/scratch/ehpc736/data/AI4LAND_NON_preprocessed-data-2000-2015.zarr/primn/11.12.17,8715.60,4248
real,/gpfs/scratch/ehpc736/data/AI4LAND_NON_preprocessed-data-2000-2015.zarr/primn/14.35.7,14337.63,4248
synth,/gpfs/scratch/bsc32/bsc096444/ai4land-tfm/tmp/synth_vs_real/synth/f52727,21533.34,10240
real,/gpfs/scratch/ehpc736/data/AI4LAND_NON_preprocessed-data-2000-2015.zarr/c4ann/13.20.46,16792.67,4248
synth,/gpfs/scratch/bsc32/bsc096444/ai4land-tfm/tmp/synth_vs_real/synth/f279786,18434.75,10240
synth,/gpfs/scratch/bsc32/bsc096444/ai4land-tfm/tmp/synth_vs_real/synth/f588637,566.49,10240
real,/gpfs/scratch/ehpc736/data/AI4LAND_NON_preprocessed-data-2000-2015.zarr/c3per/11.22.63,17234.01,615974
synth,/gpfs/scratch/bsc32/bsc096444/ai4land-tfm/tmp/synth_vs_real/synth/f59942,23023.52,10240
synth,/gpfs/scratch/bsc32/bsc096444/ai4land-tfm/tmp/synth_vs_real/synth/f201158,969.06,10240
real,/gpfs/scratch/ehpc736/data/AI4LAND_NON_preprocessed-data-2000-2015.zarr/primf/4.11.5,51782.52,4248
synth,/gpfs/scratch/bsc32/bsc096444/ai4land-tfm/tmp/synth_vs_real/synth/f107786,854.32,10240
synth,/gpfs/scratch/bsc32/bsc096444/ai4land-tfm/tmp/synth_vs_real/synth/f588153,10726.92,10240
synth,/gpfs/scratch/bsc32/bsc096444/ai4land-tfm/tmp/synth_vs_real/synth/f929181,120.56,10240
real,/gpfs/scratch/ehpc736/data/AI4LAND_NON_preprocessed-data-2000-2015.zarr/pastr/5.24.63,45214.00,262829
real,/gpfs/scratch/ehpc736/data/AI4LAND_NON_preprocessed-data-2000-2015.zarr/c3nfx/13.24.21,22598.49,689222
synth,/gpfs/scratch/bsc32/bsc096444/ai4land-tfm/tmp/synth_vs_real/synth/f290782,16714.49,10240
real,/gpfs/scratch/ehpc736/data/AI4LAND_NON_preprocessed-data-2000-2015.zarr/LULC_states/9.14.45,33069.56,15498
real,/gpfs/scratch/ehpc736/data/AI4LAND_NON_preprocessed-data-2000-2015.zarr/LULC_states/4.30.7,19095.24,4248
synth,/gpfs/scratch/bsc32/bsc096444/ai4land-tfm/tmp/synth_vs_real/synth/f163032,16828.50,10240
real,/gpfs/scratch/ehpc736/data/AI4LAND_NON_preprocessed-data-2000-2015.zarr/pastr/12.21.25,29908.34,748389
synth,/gpfs/scratch/bsc32/bsc096444/ai4land-tfm/tmp/synth_vs_real/synth/f701474,4026.88,10240
synth,/gpfs/scratch/bsc32/bsc096444/ai4land-tfm/tmp/synth_vs_real/synth/f997409,120.96,10240
real,/gpfs/scratch/ehpc736/data/AI4LAND_NON_preprocessed-data-2000-2015.zarr/c3nfx/1.22.17,22767.52,4248
real,/gpfs/scratch/ehpc736/data/AI4LAND_NON_preprocessed-data-2000-2015.zarr/c4ann/0.20.48,16812.13,4248
real,/gpfs/scratch/ehpc736/data/AI4LAND_NON_preprocessed-data-2000-2015.zarr/c3per/11.30.59,11922.98,4248
synth,/gpfs/scratch/bsc32/bsc096444/ai4land-tfm/tmp/synth_vs_real/synth/f788387,1573.34,10240
real,/gpfs/scratch/ehpc736/data/AI4LAND_NON_preprocessed-data-2000-2015.zarr/urban/6.4.9,20792.31,9240
synth,/gpfs/scratch/bsc32/bsc096444/ai4land-tfm/tmp/synth_vs_real/synth/f702729,7060.22,10240
real,/gpfs/scratch/ehpc736/data/AI4LAND_NON_preprocessed-data-2000-2015.zarr/range/7.12.39,14560.52,59259
synth,/gpfs/scratch/bsc32/bsc096444/ai4land-tfm/tmp/synth_vs_real/synth/f846305,719.49,10240
real,/gpfs/scratch/ehpc736/data/AI4LAND_NON_preprocessed-data-2000-2015.zarr/number_of_people/6.33.18,12853.71,4248
real,/gpfs/scratch/ehpc736/data/AI4LAND_NON_preprocessed-data-2000-2015.zarr/pastr/10.10.37,16284.91,27086
real,/gpfs/scratch/ehpc736/data/AI4LAND_NON_preprocessed-data-2000-2015.zarr/secma/3.27.68,10461.49,4248
real,/gpfs/scratch/ehpc736/data/AI4LAND_NON_preprocessed-data-2000-2015.zarr/c3ann/5.4.59,20380.30,4248
synth,/gpfs/scratch/bsc32/bsc096444/ai4land-tfm/tmp/synth_vs_real/synth/f292075,718.26,10240
synth,/gpfs/scratch/bsc32/bsc096444/ai4land-tfm/tmp/synth_vs_real/synth/f368203,21121.54,10240
real,/gpfs/scratch/ehpc736/data/AI4LAND_NON_preprocessed-data-2000-2015.zarr/secmb/4.6.39,21107.78,396114
synth,/gpfs/scratch/bsc32/bsc096444/ai4land-tfm/tmp/synth_vs_real/synth/f479434,16727.18,10240
synth,/gpfs/scratch/bsc32/bsc096444/ai4land-tfm/tmp/synth_vs_real/synth/f174389,14168.70,10240
real,/gpfs/scratch/ehpc736/data/AI4LAND_NON_preprocessed-data-2000-2015.zarr/secma/6.1.32,14429.61,5118
synth,/gpfs/scratch/bsc32/bsc096444/ai4land-tfm/tmp/synth_vs_real/synth/f439375,6324.87,10240
synth,/gpfs/scratch/bsc32/bsc096444/ai4land-tfm/tmp/synth_vs_real/synth/f604201,24776.94,10240
synth,/gpfs/scratch/bsc32/bsc096444/ai4land-tfm/tmp/synth_vs_real/synth/f448462,2618.53,10240
synth,/gpfs/scratch/bsc32/bsc096444/ai4land-tfm/tmp/synth_vs_real/synth/f380612,24561.02,10240
synth,/gpfs/scratch/bsc32/bsc096444/ai4land-tfm/tmp/synth_vs_real/synth/f477110,37374.00,10240
synth,/gpfs/scratch/bsc32/bsc096444/ai4land-tfm/tmp/synth_vs_real/synth/f3402,19918.08,10240
real,/gpfs/scratch/ehpc736/data/AI4LAND_NON_preprocessed-data-2000-2015.zarr/primn/2.4.60,20873.01,132585
real,/gpfs/scratch/ehpc736/data/AI4LAND_NON_preprocessed-data-2000-2015.zarr/number_of_people/11.19.15,10980.58,4248
synth,/gpfs/scratch/bsc32/bsc096444/ai4land-tfm/tmp/synth_vs_real/synth/f381913,618.22,10240
synth,/gpfs/scratch/bsc32/bsc096444/ai4land-tfm/tmp/synth_vs_real/synth/f166889,1608.22,10240
synth,/gpfs/scratch/bsc32/bsc096444/ai4land-tfm/tmp/synth_vs_real/synth/f584482,13837.94,10240
synth,/gpfs/scratch/bsc32/bsc096444/ai4land-tfm/tmp/synth_vs_real/synth/f54615,14132.74,10240
real,/gpfs/scratch/ehpc736/data/AI4LAND_NON_preprocessed-data-2000-2015.zarr/pastr/7.12.40,26578.52,4248
synth,/gpfs/scratch/bsc32/bsc096444/ai4land-tfm/tmp/synth_vs_real/synth/f584004,757.01,10240
real,/gpfs/scratch/ehpc736/data/AI4LAND_NON_preprocessed-data-2000-2015.zarr/secdf/3.31.31,12326.19,4248
synth,/gpfs/scratch/bsc32/bsc096444/ai4land-tfm/tmp/synth_vs_real/synth/f755731,910.45,10240
synth,/gpfs/scratch/bsc32/bsc096444/ai4land-tfm/tmp/synth_vs_real/synth/f187330,8420.01,10240
synth,/gpfs/scratch/bsc32/bsc096444/ai4land-tfm/tmp/synth_vs_real/synth/f619176,602.68,10240
real,/gpfs/scratch/ehpc736/data/AI4LAND_NON_preprocessed-data-2000-2015.zarr/kg_class/2.1.10,19023.56,4248
synth,/gpfs/scratch/bsc32/bsc096444/ai4land-tfm/tmp/synth_vs_real/synth/f451989,950.05,10240
synth,/gpfs/scratch/bsc32/bsc096444/ai4land-tfm/tmp/synth_vs_real/synth/f276183,2506.07,10240
real,/gpfs/scratch/ehpc736/data/AI4LAND_NON_preprocessed-data-2000-2015.zarr/secmb/14.33.27,16746.98,4248
real,/gpfs/scratch/ehpc736/data/AI4LAND_NON_preprocessed-data-2000-2015.zarr/c3ann/2.28.55,16561.10,4248
real,/gpfs/scratch/ehpc736/data/AI4LAND_NON_preprocessed-data-2000-2015.zarr/primf/3.0.2,40824.01,4248
synth,/gpfs/scratch/bsc32/bsc096444/ai4land-tfm/tmp/synth_vs_real/synth/f242495,3996.05,10240
real,/gpfs/scratch/ehpc736/data/AI4LAND_NON_preprocessed-data-2000-2015.zarr/range/8.13.56,18799.28,439336
real,/gpfs/scratch/ehpc736/data/AI4LAND_NON_preprocessed-data-2000-2015.zarr/secmb/10.1.60,17383.29,4248
synth,/gpfs/scratch/bsc32/bsc096444/ai4land-tfm/tmp/synth_vs_real/synth/f663686,15663.89,10240
synth,/gpfs/scratch/bsc32/bsc096444/ai4land-tfm/tmp/synth_vs_real/synth/f816232,1046.33,10240
synth,/gpfs/scratch/bsc32/bsc096444/ai4land-tfm/tmp/synth_vs_real/synth/f12038,883.52,10240
real,/gpfs/scratch/ehpc736/data/AI4LAND_NON_preprocessed-data-2000-2015.zarr/number_of_people/8.32.9,15504.41,4248
synth,/gpfs/scratch/bsc32/bsc096444/ai4land-tfm/tmp/synth_vs_real/synth/f844962,865.44,10240
synth,/gpfs/scratch/bsc32/bsc096444/ai4land-tfm/tmp/synth_vs_real/synth/f432322,17797.38,10240
synth,/gpfs/scratch/bsc32/bsc096444/ai4land-tfm/tmp/synth_vs_real/synth/f188073,34402.94,10240
real,/gpfs/scratch/ehpc736/data/AI4LAND_NON_preprocessed-data-2000-2015.zarr/range/2.11.34,21243.53,576342
real,/gpfs/scratch/ehpc736/data/AI4LAND_NON_preprocessed-data-2000-2015.zarr/c4per/13.29.20,12574.23,4248
real,/gpfs/scratch/ehpc736/data/AI4LAND_NON_preprocessed-data-2000-2015.zarr/c3ann/9.6.53,27810.89,585859
synth,/gpfs/scratch/bsc32/bsc096444/ai4land-tfm/tmp/synth_vs_real/synth/f398382,17482.55,10240
real,/gpfs/scratch/ehpc736/data/AI4LAND_NON_preprocessed-data-2000-2015.zarr/secma/13.18.37,34336.96,464056
real,/gpfs/scratch/ehpc736/data/AI4LAND_NON_preprocessed-data-2000-2015.zarr/secma/9.7.35,22636.48,386395
real,/gpfs/scratch/ehpc736/data/AI4LAND_NON_preprocessed-data-2000-2015.zarr/primn/0.27.11,14486.00,4248
synth,/gpfs/scratch/bsc32/bsc096444/ai4land-tfm/tmp/synth_vs_real/synth/f96781,20687.36,10240
synth,/gpfs/scratch/bsc32/bsc096444/ai4land-tfm/tmp/synth_vs_real/synth/f874628,814.01,10240
synth,/gpfs/scratch/bsc32/bsc096444/ai4land-tfm/tmp/synth_vs_real/synth/f53045,14612.08,10240
real,/gpfs/scratch/ehpc736/data/AI4LAND_NON_preprocessed-data-2000-2015.zarr/secmb/12.1.63,22769.29,4248
real,/gpfs/scratch/ehpc736/data/AI4LAND_NON_preprocessed-data-2000-2015.zarr/urban/3.23.48,15356.81,4248
real,/gpfs/scratch/ehpc736/data/AI4LAND_NON_preprocessed-data-2000-2015.zarr/c3nfx/2.22.44,21223.87,188264
synth,/gpfs/scratch/bsc32/bsc096444/ai4land-tfm/tmp/synth_vs_real/synth/f101639,15075.64,10240
synth,/gpfs/scratch/bsc32/bsc096444/ai4land-tfm/tmp/synth_vs_real/synth/f475763,18017.66,10240
real,/gpfs/scratch/ehpc736/data/AI4LAND_NON_preprocessed-data-2000-2015.zarr/secdn/5.31.33,18135.39,4248
real,/gpfs/scratch/ehpc736/data/AI4LAND_NON_preprocessed-data-2000-2015.zarr/primf/1.11.33,16464.86,4772
real,/gpfs/scratch/ehpc736/data/AI4LAND_NON_preprocessed-data-2000-2015.zarr/number_of_people/9.23.13,20526.75,4248
real,/gpfs/scratch/ehpc736/data/AI4LAND_NON_preprocessed-data-2000-2015.zarr/c3per/1.12.19,3613.12,211007
real,/gpfs/scratch/ehpc736/data/AI4LAND_NON_preprocessed-data-2000-2015.zarr/kg_class/4.24.47,15130.51,4248
real,/gpfs/scratch/ehpc736/data/AI4LAND_NON_preprocessed-data-2000-2015.zarr/c3ann/7.7.53,28124.77,655042
real,/gpfs/scratch/ehpc736/data/AI4LAND_NON_preprocessed-data-2000-2015.zarr/primf/2.15.29,24120.67,4248
synth,/gpfs/scratch/bsc32/bsc096444/ai4land-tfm/tmp/synth_vs_real/synth/f771476,984.98,10240
synth,/gpfs/scratch/bsc32/bsc096444/ai4land-tfm/tmp/synth_vs_real/synth/f572092,593.38,10240
synth,/gpfs/scratch/bsc32/bsc096444/ai4land-tfm/tmp/synth_vs_real/synth/f846335,1842.00,10240
real,/gpfs/scratch/ehpc736/data/AI4LAND_NON_preprocessed-data-2000-2015.zarr/kg_class/15.26.7,13791.82,4248
real,/gpfs/scratch/ehpc736/data/AI4LAND_NON_preprocessed-data-2000-2015.zarr/secdf/3.17.26,24531.56,69516
synth,/gpfs/scratch/bsc32/bsc096444/ai4land-tfm/tmp/synth_vs_real/synth/f927657,397.10,10240
synth,/gpfs/scratch/bsc32/bsc096444/ai4land-tfm/tmp/synth_vs_real/synth/f754717,3034.58,10240
synth,/gpfs/scratch/bsc32/bsc096444/ai4land-tfm/tmp/synth_vs_real/synth/f245884,20117.20,10240
real,/gpfs/scratch/ehpc736/data/AI4LAND_NON_preprocessed-data-2000-2015.zarr/c3nfx/2.3.55,15872.17,4282
real,/gpfs/scratch/ehpc736/data/AI4LAND_NON_preprocessed-data-2000-2015.zarr/c4per/12.35.0,22851.47,4248
real,/gpfs/scratch/ehpc736/data/AI4LAND_NON_preprocessed-data-2000-2015.zarr/secmb/8.17.30,17128.31,4248
real,/gpfs/scratch/ehpc736/data/AI4LAND_NON_preprocessed-data-2000-2015.zarr/range/4.6.67,16704.33,5434
synth,/gpfs/scratch/bsc32/bsc096444/ai4land-tfm/tmp/synth_vs_real/synth/f493152,990.14,10240
synth,/gpfs/scratch/bsc32/bsc096444/ai4land-tfm/tmp/synth_vs_real/synth/f783826,978.83,10240
synth,/gpfs/scratch/bsc32/bsc096444/ai4land-tfm/tmp/synth_vs_real/synth/f263626,10261.72,10240
synth,/gpfs/scratch/bsc32/bsc096444/ai4land-tfm/tmp/synth_vs_real/synth/f971366,96.92,10240
synth,/gpfs/scratch/bsc32/bsc096444/ai4land-tfm/tmp/synth_vs_real/synth/f440552,18066.19,10240
synth,/gpfs/scratch/bsc32/bsc096444/ai4land-tfm/tmp/synth_vs_real/synth/f277746,2915.87,10240
synth,/gpfs/scratch/bsc32/bsc096444/ai4land-tfm/tmp/synth_vs_real/synth/f311120,21136.91,10240
synth,/gpfs/scratch/bsc32/bsc096444/ai4land-tfm/tmp/synth_vs_real/synth/f328838,13805.98,10240
synth,/gpfs/scratch/bsc32/bsc096444/ai4land-tfm/tmp/synth_vs_real/synth/f452248,11605.90,10240
real,/gpfs/scratch/ehpc736/data/AI4LAND_NON_preprocessed-data-2000-2015.zarr/urban/15.8.56,26411.67,610520
synth,/gpfs/scratch/bsc32/bsc096444/ai4land-tfm/tmp/synth_vs_real/synth/f720892,1246.67,10240
real,/gpfs/scratch/ehpc736/data/AI4LAND_NON_preprocessed-data-2000-2015.zarr/secdf/1.9.8,18390.26,4248
real,/gpfs/scratch/ehpc736/data/AI4LAND_NON_preprocessed-data-2000-2015.zarr/range/1.2.59,17375.92,4248
synth,/gpfs/scratch/bsc32/bsc096444/ai4land-tfm/tmp/synth_vs_real/synth/f328914,2177.31,10240
synth,/gpfs/scratch/bsc32/bsc096444/ai4land-tfm/tmp/synth_vs_real/synth/f344207,24778.44,10240
synth,/gpfs/scratch/bsc32/bsc096444/ai4land-tfm/tmp/synth_vs_real/synth/f63556,1560.66,10240
synth,/gpfs/scratch/bsc32/bsc096444/ai4land-tfm/tmp/synth_vs_real/synth/f800581,1550.55,10240
real,/gpfs/scratch/ehpc736/data/AI4LAND_NON_preprocessed-data-2000-2015.zarr/secdn/2.22.59,13354.15,91375
synth,/gpfs/scratch/bsc32/bsc096444/ai4land-tfm/tmp/synth_vs_real/synth/f78898,1500.02,10240
synth,/gpfs/scratch/bsc32/bsc096444/ai4land-tfm/tmp/synth_vs_real/synth/f532496,24926.76,10240
synth,/gpfs/scratch/bsc32/bsc096444/ai4land-tfm/tmp/synth_vs_real/synth/f199312,843.30,10240
synth,/gpfs/scratch/bsc32/bsc096444/ai4land-tfm/tmp/synth_vs_real/synth/f493554,15622.23,10240
real,/gpfs/scratch/ehpc736/data/AI4LAND_NON_preprocessed-data-2000-2015.zarr/primf/4.17.13,14741.73,4248
real,/gpfs/scratch/ehpc736/data/AI4LAND_NON_preprocessed-data-2000-2015.zarr/c3ann/6.28.40,12490.81,4248
real,/gpfs/scratch/ehpc736/data/AI4LAND_NON_preprocessed-data-2000-2015.zarr/range/8.20.25,25688.88,723372
real,/gpfs/scratch/ehpc736/data/AI4LAND_NON_preprocessed-data-2000-2015.zarr/primf/12.22.68,25667.14,4248
real,/gpfs/scratch/ehpc736/data/AI4LAND_NON_preprocessed-data-2000-2015.zarr/secdn/10.25.3,17973.72,4248
real,/gpfs/scratch/ehpc736/data/AI4LAND_NON_preprocessed-data-2000-2015.zarr/secdf/3.20.25,29315.99,752597
real,/gpfs/scratch/ehpc736/data/AI4LAND_NON_preprocessed-data-2000-2015.zarr/number_of_people/13.6.67,11736.55,30910
real,/gpfs/scratch/ehpc736/data/AI4LAND_NON_preprocessed-data-2000-2015.zarr/urban/11.34.31,17164.91,4248
synth,/gpfs/scratch/bsc32/bsc096444/ai4land-tfm/tmp/synth_vs_real/synth/f568532,16002.16,10240
synth,/gpfs/scratch/bsc32/bsc096444/ai4land-tfm/tmp/synth_vs_real/synth/f638551,29814.64,10240
real,/gpfs/scratch/ehpc736/data/AI4LAND_NON_preprocessed-data-2000-2015.zarr/range/2.27.60,20938.08,4248
synth,/gpfs/scratch/bsc32/bsc096444/ai4land-tfm/tmp/synth_vs_real/synth/f28276,8704.62,10240
synth,/gpfs/scratch/bsc32/bsc096444/ai4land-tfm/tmp/synth_vs_real/synth/f414850,1566.79,10240
real,/gpfs/scratch/ehpc736/data/AI4LAND_NON_preprocessed-data-2000-2015.zarr/kg_class/5.25.64,13652.08,13216
synth,/gpfs/scratch/bsc32/bsc096444/ai4land-tfm/tmp/synth_vs_real/synth/f61733,1419.78,10240
real,/gpfs/scratch/ehpc736/data/AI4LAND_NON_preprocessed-data-2000-2015.zarr/secmb/5.25.35,22391.64,4248
real,/gpfs/scratch/ehpc736/data/AI4LAND_NON_preprocessed-data-2000-2015.zarr/c3per/7.9.49,33692.95,751542
real,/gpfs/scratch/ehpc736/data/AI4LAND_NON_preprocessed-data-2000-2015.zarr/c3per/6.5.65,23653.63,4828
real,/gpfs/scratch/ehpc736/data/AI4LAND_NON_preprocessed-data-2000-2015.zarr/pastr/10.8.50,24334.37,83703
real,/gpfs/scratch/ehpc736/data/AI4LAND_NON_preprocessed-data-2000-2015.zarr/pastr/8.35.67,18941.48,4248
synth,/gpfs/scratch/bsc32/bsc096444/ai4land-tfm/tmp/synth_vs_real/synth/f407746,16386.15,10240
real,/gpfs/scratch/ehpc736/data/AI4LAND_NON_preprocessed-data-2000-2015.zarr/number_of_people/4.20.45,17444.56,6297
real,/gpfs/scratch/ehpc736/data/AI4LAND_NON_preprocessed-data-2000-2015.zarr/number_of_people/12.0.70,18425.68,4312
real,/gpfs/scratch/ehpc736/data/AI4LAND_NON_preprocessed-data-2000-2015.zarr/secma/4.19.1,10550.31,4248
real,/gpfs/scratch/ehpc736/data/AI4LAND_NON_preprocessed-data-2000-2015.zarr/secmb/15.16.42,18431.05,574538
synth,/gpfs/scratch/bsc32/bsc096444/ai4land-tfm/tmp/synth_vs_real/synth/f889545,254.22,10240
real,/gpfs/scratch/ehpc736/data/AI4LAND_NON_preprocessed-data-2000-2015.zarr/number_of_people/3.26.24,21674.49,4248
synth,/gpfs/scratch/bsc32/bsc096444/ai4land-tfm/tmp/synth_vs_real/synth/f235612,25255.44,10240
synth,/gpfs/scratch/bsc32/bsc096444/ai4land-tfm/tmp/synth_vs_real/synth/f581542,20405.88,10240
synth,/gpfs/scratch/bsc32/bsc096444/ai4land-tfm/tmp/synth_vs_real/synth/f222955,23167.17,10240
real,/gpfs/scratch/ehpc736/data/AI4LAND_NON_preprocessed-data-2000-2015.zarr/urban/13.15.0,20575.02,4248
synth,/gpfs/scratch/bsc32/bsc096444/ai4land-tfm/tmp/synth_vs_real/synth/f48458,722.71,10240
synth,/gpfs/scratch/bsc32/bsc096444/ai4land-tfm/tmp/synth_vs_real/synth/f284913,17435.32,10240
synth,/gpfs/scratch/bsc32/bsc096444/ai4land-tfm/tmp/synth_vs_real/synth/f771711,15953.02,10240
synth,/gpfs/scratch/bsc32/bsc096444/ai4land-tfm/tmp/synth_vs_real/synth/f312942,12998.13,10240
real,/gpfs/scratch/ehpc736/data/AI4LAND_NON_preprocessed-data-2000-2015.zarr/secdf/6.20.63,24378.90,176756
synth,/gpfs/scratch/bsc32/bsc096444/ai4land-tfm/tmp/synth_vs_real/synth/f628038,12688.04,10240
synth,/gpfs/scratch/bsc32/bsc096444/ai4land-tfm/tmp/synth_vs_real/synth/f987335,302.30,10240
real,/gpfs/scratch/ehpc736/data/AI4LAND_NON_preprocessed-data-2000-2015.zarr/c3nfx/2.33.53,17903.22,4248
synth,/gpfs/scratch/bsc32/bsc096444/ai4land-tfm/tmp/synth_vs_real/synth/f291369,19183.66,10240
real,/gpfs/scratch/ehpc736/data/AI4LAND_NON_preprocessed-data-2000-2015.zarr/secmb/2.16.46,20904.13,4248
real,/gpfs/scratch/ehpc736/data/AI4LAND_NON_preprocessed-data-2000-2015.zarr/primn/10.0.15,23082.17,4248
synth,/gpfs/scratch/bsc32/bsc096444/ai4land-tfm/tmp/synth_vs_real/synth/f352944,18115.43,10240
synth,/gpfs/scratch/bsc32/bsc096444/ai4land-tfm/tmp/synth_vs_real/synth/f401641,19752.80,10240
synth,/gpfs/scratch/bsc32/bsc096444/ai4land-tfm/tmp/synth_vs_real/synth/f329164,15691.57,10240
real,/gpfs/scratch/ehpc736/data/AI4LAND_NON_preprocessed-data-2000-2015.zarr/c3per/12.20.33,26128.39,4248
real,/gpfs/scratch/ehpc736/data/AI4LAND_NON_preprocessed-data-2000-2015.zarr/secma/2.6.7,21023.79,4248
synth,/gpfs/scratch/bsc32/bsc096444/ai4land-tfm/tmp/synth_vs_real/synth/f85965,15342.97,10240
real,/gpfs/scratch/ehpc736/data/AI4LAND_NON_preprocessed-data-2000-2015.zarr/c3nfx/2.15.7,13026.66,4248
synth,/gpfs/scratch/bsc32/bsc096444/ai4land-tfm/tmp/synth_vs_real/synth/f970733,318.71,10240
real,/gpfs/scratch/ehpc736/data/AI4LAND_NON_preprocessed-data-2000-2015.zarr/primn/7.24.9,19146.09,4248
synth,/gpfs/scratch/bsc32/bsc096444/ai4land-tfm/tmp/synth_vs_real/synth/f578856,24794.94,10240
synth,/gpfs/scratch/bsc32/bsc096444/ai4land-tfm/tmp/synth_vs_real/synth/f918398,1309.34,10240
synth,/gpfs/scratch/bsc32/bsc096444/ai4land-tfm/tmp/synth_vs_real/synth/f921406,158.28,10240
real,/gpfs/scratch/ehpc736/data/AI4LAND_NON_preprocessed-data-2000-2015.zarr/secma/4.13.56,27495.91,393551
synth,/gpfs/scratch/bsc32/bsc096444/ai4land-tfm/tmp/synth_vs_real/synth/f948791,291.08,10240
real,/gpfs/scratch/ehpc736/data/AI4LAND_NON_preprocessed-data-2000-2015.zarr/primn/2.6.67,15944.76,26062
real,/gpfs/scratch/ehpc736/data/AI4LAND_NON_preprocessed-data-2000-2015.zarr/number_of_people/14.15.47,20384.95,4248
synth,/gpfs/scratch/bsc32/bsc096444/ai4land-tfm/tmp/synth_vs_real/synth/f770763,705.23,10240
synth,/gpfs/scratch/bsc32/bsc096444/ai4land-tfm/tmp/synth_vs_real/synth/f612554,17585.14,10240
real,/gpfs/scratch/ehpc736/data/AI4LAND_NON_preprocessed-data-2000-2015.zarr/secdf/2.34.15,20382.59,4248
synth,/gpfs/scratch/bsc32/bsc096444/ai4land-tfm/tmp/synth_vs_real/synth/f729716,12930.01,10240
synth,/gpfs/scratch/bsc32/bsc096444/ai4land-tfm/tmp/synth_vs_real/synth/f231148,18219.44,10240
synth,/gpfs/scratch/bsc32/bsc096444/ai4land-tfm/tmp/synth_vs_real/synth/f397887,14373.84,10240
synth,/gpfs/scratch/bsc32/bsc096444/ai4land-tfm/tmp/synth_vs_real/synth/f858179,932.69,10240
real,/gpfs/scratch/ehpc736/data/AI4LAND_NON_preprocessed-data-2000-2015.zarr/secdn/3.10.65,17076.14,4248
real,/gpfs/scratch/ehpc736/data/AI4LAND_NON_preprocessed-data-2000-2015.zarr/kg_class/0.10.61,17186.02,34288
synth,/gpfs/scratch/bsc32/bsc096444/ai4land-tfm/tmp/synth_vs_real/synth/f652483,18509.97,10240
real,/gpfs/scratch/ehpc736/data/AI4LAND_NON_preprocessed-data-2000-2015.zarr/number_of_people/5.30.51,18497.08,4248
real,/gpfs/scratch/ehpc736/data/AI4LAND_NON_preprocessed-data-2000-2015.zarr/LULC_states/10.7.54,15740.40,103733
real,/gpfs/scratch/ehpc736/data/AI4LAND_NON_preprocessed-data-2000-2015.zarr/LULC_states/6.8.8,24370.80,4248
real,/gpfs/scratch/ehpc736/data/AI4LAND_NON_preprocessed-data-2000-2015.zarr/secma/12.21.20,28340.80,4248
synth,/gpfs/scratch/bsc32/bsc096444/ai4land-tfm/tmp/synth_vs_real/synth/f278517,21775.64,10240
synth,/gpfs/scratch/bsc32/bsc096444/ai4land-tfm/tmp/synth_vs_real/synth/f920659,347.00,10240
synth,/gpfs/scratch/bsc32/bsc096444/ai4land-tfm/tmp/synth_vs_real/synth/f967242,150.65,10240
synth,/gpfs/scratch/bsc32/bsc096444/ai4land-tfm/tmp/synth_vs_real/synth/f586075,20092.70,10240
real,/gpfs/scratch/ehpc736/data/AI4LAND_NON_preprocessed-data-2000-2015.zarr/secma/2.17.42,19853.18,597855
synth,/gpfs/scratch/bsc32/bsc096444/ai4land-tfm/tmp/synth_vs_real/synth/f949314,313.71,10240
synth,/gpfs/scratch/bsc32/bsc096444/ai4land-tfm/tmp/synth_vs_real/synth/f556926,2211.88,10240
synth,/gpfs/scratch/bsc32/bsc096444/ai4land-tfm/tmp/synth_vs_real/synth/f137174,16264.08,10240
real,/gpfs/scratch/ehpc736/data/AI4LAND_NON_preprocessed-data-2000-2015.zarr/secmb/11.29.40,20227.11,4248
real,/gpfs/scratch/ehpc736/data/AI4LAND_NON_preprocessed-data-2000-2015.zarr/range/5.0.24,20717.06,4248
synth,/gpfs/scratch/bsc32/bsc096444/ai4land-tfm/tmp/synth_vs_real/synth/f704318,2389.28,10240
real,/gpfs/scratch/ehpc736/data/AI4LAND_NON_preprocessed-data-2000-2015.zarr/range/9.18.40,32480.82,746150
real,/gpfs/scratch/ehpc736/data/AI4LAND_NON_preprocessed-data-2000-2015.zarr/pastr/5.0.36,16239.45,4248
synth,/gpfs/scratch/bsc32/bsc096444/ai4land-tfm/tmp/synth_vs_real/synth/f690855,1028.14,10240
real,/gpfs/scratch/ehpc736/data/AI4LAND_NON_preprocessed-data-2000-2015.zarr/secdn/13.5.30,20223.07,17442
synth,/gpfs/scratch/bsc32/bsc096444/ai4land-tfm/tmp/synth_vs_real/synth/f529298,1809.38,10240
synth,/gpfs/scratch/bsc32/bsc096444/ai4land-tfm/tmp/synth_vs_real/synth/f160263,20700.40,10240
real,/gpfs/scratch/ehpc736/data/AI4LAND_NON_preprocessed-data-2000-2015.zarr/secmb/10.35.44,24372.67,4248
real,/gpfs/scratch/ehpc736/data/AI4LAND_NON_preprocessed-data-2000-2015.zarr/secma/13.33.19,28833.44,4248
real,/gpfs/scratch/ehpc736/data/AI4LAND_NON_preprocessed-data-2000-2015.zarr/c3nfx/2.25.56,20193.90,4248
real,/gpfs/scratch/ehpc736/data/AI4LAND_NON_preprocessed-data-2000-2015.zarr/urban/4.12.25,18319.46,4248
synth,/gpfs/scratch/bsc32/bsc096444/ai4land-tfm/tmp/synth_vs_real/synth/f444151,19106.69,10240
synth,/gpfs/scratch/bsc32/bsc096444/ai4land-tfm/tmp/synth_vs_real/synth/f66613,43327.53,10240
real,/gpfs/scratch/ehpc736/data/AI4LAND_NON_preprocessed-data-2000-2015.zarr/c3nfx/14.12.65,14951.18,4248
real,/gpfs/scratch/ehpc736/data/AI4LAND_NON_preprocessed-data-2000-2015.zarr/primn/1.15.21,22067.78,410918
synth,/gpfs/scratch/bsc32/bsc096444/ai4land-tfm/tmp/synth_vs_real/synth/f81247,22693.31,10240
synth,/gpfs/scratch/bsc32/bsc096444/ai4land-tfm/tmp/synth_vs_real/synth/f884642,246.35,10240
synth,/gpfs/scratch/bsc32/bsc096444/ai4land-tfm/tmp/synth_vs_real/synth/f221231,23619.27,10240
synth,/gpfs/scratch/bsc32/bsc096444/ai4land-tfm/tmp/synth_vs_real/synth/f290120,926.15,10240
real,/gpfs/scratch/ehpc736/data/AI4LAND_NON_preprocessed-data-2000-2015.zarr/number_of_people/3.33.44,18799.13,4248
real,/gpfs/scratch/ehpc736/data/AI4LAND_NON_preprocessed-data-2000-2015.zarr/secma/3.13.54,34880.64,702689
synth,/gpfs/scratch/bsc32/bsc096444/ai4land-tfm/tmp/synth_vs_real/synth/f788539,2223.82,10240
real,/gpfs/scratch/ehpc736/data/AI4LAND_NON_preprocessed-data-2000-2015.zarr/range/9.3.34,18121.38,4248
real,/gpfs/scratch/ehpc736/data/AI4LAND_NON_preprocessed-data-2000-2015.zarr/secdf/5.29.39,23055.83,4248
synth,/gpfs/scratch/bsc32/bsc096444/ai4land-tfm/tmp/synth_vs_real/synth/f97793,15833.78,10240
synth,/gpfs/scratch/bsc32/bsc096444/ai4land-tfm/tmp/synth_vs_real/synth/f790170,697.02,10240
real,/gpfs/scratch/ehpc736/data/AI4LAND_NON_preprocessed-data-2000-2015.zarr/primn/9.27.5,13523.97,4248
real,/gpfs/scratch/ehpc736/data/AI4LAND_NON_preprocessed-data-2000-2015.zarr/primf/9.28.45,20055.51,4248
real,/gpfs/scratch/ehpc736/data/AI4LAND_NON_preprocessed-data-2000-2015.zarr/kg_class/3.1.29,20019.99,24186
real,/gpfs/scratch/ehpc736/data/AI4LAND_NON_preprocessed-data-2000-2015.zarr/secdf/15.25.32,21062.80,4248
real,/gpfs/scratch/ehpc736/data/AI4LAND_NON_preprocessed-data-2000-2015.zarr/secmb/6.7.39,35167.84,628959
real,/gpfs/scratch/ehpc736/data/AI4LAND_NON_preprocessed-data-2000-2015.zarr/primf/11.2.69,26078.18,4248
real,/gpfs/scratch/ehpc736/data/AI4LAND_NON_preprocessed-data-2000-2015.zarr/urban/5.13.28,16359.15,4248
synth,/gpfs/scratch/bsc32/bsc096444/ai4land-tfm/tmp/synth_vs_real/synth/f499948,1188.70,10240
synth,/gpfs/scratch/bsc32/bsc096444/ai4land-tfm/tmp/synth_vs_real/synth/f291773,743.17,10240
synth,/gpfs/scratch/bsc32/bsc096444/ai4land-tfm/tmp/synth_vs_real/synth/f72792,7752.23,10240
real,/gpfs/scratch/ehpc736/data/AI4LAND_NON_preprocessed-data-2000-2015.zarr/number_of_people/11.13.30,21369.13,4248
real,/gpfs/scratch/ehpc736/data/AI4LAND_NON_preprocessed-data-2000-2015.zarr/urban/14.12.33,18065.12,19925
synth,/gpfs/scratch/bsc32/bsc096444/ai4land-tfm/tmp/synth_vs_real/synth/f202511,22953.37,10240
real,/gpfs/scratch/ehpc736/data/AI4LAND_NON_preprocessed-data-2000-2015.zarr/c3nfx/11.16.33,27963.27,457914
real,/gpfs/scratch/ehpc736/data/AI4LAND_NON_preprocessed-data-2000-2015.zarr/secmb/11.13.3,16899.44,4296
synth,/gpfs/scratch/bsc32/bsc096444/ai4land-tfm/tmp/synth_vs_real/synth/f485100,15156.35,10240
real,/gpfs/scratch/ehpc736/data/AI4LAND_NON_preprocessed-data-2000-2015.zarr/number_of_people/4.5.64,17274.38,347966
real,/gpfs/scratch/ehpc736/data/AI4LAND_NON_preprocessed-data-2000-2015.zarr/c3nfx/2.32.27,19826.72,4248
real,/gpfs/scratch/ehpc736/data/AI4LAND_NON_preprocessed-data-2000-2015.zarr/c4per/8.23.21,19649.77,204245
synth,/gpfs/scratch/bsc32/bsc096444/ai4land-tfm/tmp/synth_vs_real/synth/f695205,22572.09,10240
synth,/gpfs/scratch/bsc32/bsc096444/ai4land-tfm/tmp/synth_vs_real/synth/f752787,392.88,10240
synth,/gpfs/scratch/bsc32/bsc096444/ai4land-tfm/tmp/synth_vs_real/synth/f340035,15768.06,10240
synth,/gpfs/scratch/bsc32/bsc096444/ai4land-tfm/tmp/synth_vs_real/synth/f33659,12088.24,10240
real,/gpfs/scratch/ehpc736/data/AI4LAND_NON_preprocessed-data-2000-2015.zarr/range/11.15.21,25174.89,494128
real,/gpfs/scratch/ehpc736/data/AI4LAND_NON_preprocessed-data-2000-2015.zarr/primn/10.2.48,13545.90,58597
real,/gpfs/scratch/ehpc736/data/AI4LAND_NON_preprocessed-data-2000-2015.zarr/urban/13.0.59,16477.11,4248
real,/gpfs/scratch/ehpc736/data/AI4LAND_NON_preprocessed-data-2000-2015.zarr/kg_class/15.10.27,10520.57,4248
synth,/gpfs/scratch/bsc32/bsc096444/ai4land-tfm/tmp/synth_vs_real/synth/f246629,12369.35,10240
synth,/gpfs/scratch/bsc32/bsc096444/ai4land-tfm/tmp/synth_vs_real/synth/f234053,16249.30,10240
synth,/gpfs/scratch/bsc32/bsc096444/ai4land-tfm/tmp/synth_vs_real/synth/f920782,327.06,10240
synth,/gpfs/scratch/bsc32/bsc096444/ai4land-tfm/tmp/synth_vs_real/synth/f518392,1744.47,10240
synth,/gpfs/scratch/bsc32/bsc096444/ai4land-tfm/tmp/synth_vs_real/synth/f356778,14999.86,10240
real,/gpfs/scratch/ehpc736/data/AI4LAND_NON_preprocessed-data-2000-2015.zarr/range/4.15.21,20048.88,494926
synth,/gpfs/scratch/bsc32/bsc096444/ai4land-tfm/tmp/synth_vs_real/synth/f30434,12513.48,10240
synth,/gpfs/scratch/bsc32/bsc096444/ai4land-tfm/tmp/synth_vs_real/synth/f671088,19101.47,10240
real,/gpfs/scratch/ehpc736/data/AI4LAND_NON_preprocessed-data-2000-2015.zarr/number_of_people/4.28.52,14067.24,4248
synth,/gpfs/scratch/bsc32/bsc096444/ai4land-tfm/tmp/synth_vs_real/synth/f642412,15893.67,10240
synth,/gpfs/scratch/bsc32/bsc096444/ai4land-tfm/tmp/synth_vs_real/synth/f576510,1395.51,10240
real,/gpfs/scratch/ehpc736/data/AI4LAND_NON_preprocessed-data-2000-2015.zarr/secma/9.29.33,18482.44,4248
real,/gpfs/scratch/ehpc736/data/AI4LAND_NON_preprocessed-data-2000-2015.zarr/c3ann/9.11.0,16445.79,4248
synth,/gpfs/scratch/bsc32/bsc096444/ai4land-tfm/tmp/synth_vs_real/synth/f612451,639.28,10240
real,/gpfs/scratch/ehpc736/data/AI4LAND_NON_preprocessed-data-2000-2015.zarr/pastr/6.33.26,9500.78,4248
synth,/gpfs/scratch/bsc32/bsc096444/ai4land-tfm/tmp/synth_vs_real/synth/f490785,17944.13,10240
real,/gpfs/scratch/ehpc736/data/AI4LAND_NON_preprocessed-data-2000-2015.zarr/secmb/3.28.44,18747.84,4248
synth,/gpfs/scratch/bsc32/bsc096444/ai4land-tfm/tmp/synth_vs_real/synth/f61324,19340.35,10240
synth,/gpfs/scratch/bsc32/bsc096444/ai4land-tfm/tmp/synth_vs_real/synth/f599,18515.71,10240
synth,/gpfs/scratch/bsc32/bsc096444/ai4land-tfm/tmp/synth_vs_real/synth/f435970,1170.13,10240
real,/gpfs/scratch/ehpc736/data/AI4LAND_NON_preprocessed-data-2000-2015.zarr/urban/10.20.1,13504.12,14345
synth,/gpfs/scratch/bsc32/bsc096444/ai4land-tfm/tmp/synth_vs_real/synth/f199659,16919.71,10240
real,/gpfs/scratch/ehpc736/data/AI4LAND_NON_preprocessed-data-2000-2015.zarr/primf/1.22.64,24106.33,4512
synth,/gpfs/scratch/bsc32/bsc096444/ai4land-tfm/tmp/synth_vs_real/synth/f753305,2289.60,10240
real,/gpfs/scratch/ehpc736/data/AI4LAND_NON_preprocessed-data-2000-2015.zarr/secma/13.12.44,13299.48,79824
synth,/gpfs/scratch/bsc32/bsc096444/ai4land-tfm/tmp/synth_vs_real/synth/f813694,1051.05,10240
synth,/gpfs/scratch/bsc32/bsc096444/ai4land-tfm/tmp/synth_vs_real/synth/f392077,16097.33,10240
synth,/gpfs/scratch/bsc32/bsc096444/ai4land-tfm/tmp/synth_vs_real/synth/f783300,1338.22,10240
real,/gpfs/scratch/ehpc736/data/AI4LAND_NON_preprocessed-data-2000-2015.zarr/c3ann/15.23.14,16424.23,4248
real,/gpfs/scratch/ehpc736/data/AI4LAND_NON_preprocessed-data-2000-2015.zarr/secmb/10.33.24,9880.63,4248
real,/gpfs/scratch/ehpc736/data/AI4LAND_NON_preprocessed-data-2000-2015.zarr/secma/15.19.14,17519.08,4248
synth,/gpfs/scratch/bsc32/bsc096444/ai4land-tfm/tmp/synth_vs_real/synth/f737715,17240.49,10240
synth,/gpfs/scratch/bsc32/bsc096444/ai4land-tfm/tmp/synth_vs_real/synth/f423389,15357.28,10240
synth,/gpfs/scratch/bsc32/bsc096444/ai4land-tfm/tmp/synth_vs_real/synth/f620644,23398.48,10240
real,/gpfs/scratch/ehpc736/data/AI4LAND_NON_preprocessed-data-2000-2015.zarr/primf/7.29.17,16836.54,4248
real,/gpfs/scratch/ehpc736/data/AI4LAND_NON_preprocessed-data-2000-2015.zarr/c3ann/6.17.15,9870.86,4248
synth,/gpfs/scratch/bsc32/bsc096444/ai4land-tfm/tmp/synth_vs_real/synth/f876325,878.76,10240
real,/gpfs/scratch/ehpc736/data/AI4LAND_NON_preprocessed-data-2000-2015.zarr/c3nfx/4.20.4,20114.34,4248
real,/gpfs/scratch/ehpc736/data/AI4LAND_NON_preprocessed-data-2000-2015.zarr/primn/10.10.25,20823.25,4248
real,/gpfs/scratch/ehpc736/data/AI4LAND_NON_preprocessed-data-2000-2015.zarr/primn/2.24.35,24498.21,4248
synth,/gpfs/scratch/bsc32/bsc096444/ai4land-tfm/tmp/synth_vs_real/synth/f125710,19089.32,10240
synth,/gpfs/scratch/bsc32/bsc096444/ai4land-tfm/tmp/synth_vs_real/synth/f258175,16298.50,10240
real,/gpfs/scratch/ehpc736/data/AI4LAND_NON_preprocessed-data-2000-2015.zarr/c3per/14.20.44,32050.65,485702
real,/gpfs/scratch/ehpc736/data/AI4LAND_NON_preprocessed-data-2000-2015.zarr/c4per/2.4.28,16963.16,4620
synth,/gpfs/scratch/bsc32/bsc096444/ai4land-tfm/tmp/synth_vs_real/synth/f339902,16170.34,10240
synth,/gpfs/scratch/bsc32/bsc096444/ai4land-tfm/tmp/synth_vs_real/synth/f113346,14413.37,10240
real,/gpfs/scratch/ehpc736/data/AI4LAND_NON_preprocessed-data-2000-2015.zarr/secdn/4.6.9,21578.05,13794
real,/gpfs/scratch/ehpc736/data/AI4LAND_NON_preprocessed-data-2000-2015.zarr/number_of_people/5.30.39,13736.40,4248
real,/gpfs/scratch/ehpc736/data/AI4LAND_NON_preprocessed-data-2000-2015.zarr/secdf/6.17.51,16298.16,4248
synth,/gpfs/scratch/bsc32/bsc096444/ai4land-tfm/tmp/synth_vs_real/synth/f906036,275.47,10240
synth,/gpfs/scratch/bsc32/bsc096444/ai4land-tfm/tmp/synth_vs_real/synth/f759359,1075.14,10240
synth,/gpfs/scratch/bsc32/bsc096444/ai4land-tfm/tmp/synth_vs_real/synth/f20422,14918.66,10240
real,/gpfs/scratch/ehpc736/data/AI4LAND_NON_preprocessed-data-2000-2015.zarr/c4per/3.25.52,21541.21,4248
real,/gpfs/scratch/ehpc736/data/AI4LAND_NON_preprocessed-data-2000-2015.zarr/secdn/11.31.22,19079.35,4248
synth,/gpfs/scratch/bsc32/bsc096444/ai4land-tfm/tmp/synth_vs_real/synth/f133470,15613.57,10240
synth,/gpfs/scratch/bsc32/bsc096444/ai4land-tfm/tmp/synth_vs_real/synth/f359536,14408.36,10240
synth,/gpfs/scratch/bsc32/bsc096444/ai4land-tfm/tmp/synth_vs_real/synth/f631262,14396.98,10240
real,/gpfs/scratch/ehpc736/data/AI4LAND_NON_preprocessed-data-2000-2015.zarr/pastr/4.27.61,19576.72,4248
real,/gpfs/scratch/ehpc736/data/AI4LAND_NON_preprocessed-data-2000-2015.zarr/secmb/12.2.15,17884.60,82004
real,/gpfs/scratch/ehpc736/data/AI4LAND_NON_preprocessed-data-2000-2015.zarr/primf/0.25.44,24134.40,4248
synth,/gpfs/scratch/bsc32/bsc096444/ai4land-tfm/tmp/synth_vs_real/synth/f729308,15388.83,10240
real,/gpfs/scratch/ehpc736/data/AI4LAND_NON_preprocessed-data-2000-2015.zarr/range/9.21.63,24910.34,605072
synth,/gpfs/scratch/bsc32/bsc096444/ai4land-tfm/tmp/synth_vs_real/synth/f787625,497.56,10240
synth,/gpfs/scratch/bsc32/bsc096444/ai4land-tfm/tmp/synth_vs_real/synth/f752470,907.65,10240
synth,/gpfs/scratch/bsc32/bsc096444/ai4land-tfm/tmp/synth_vs_real/synth/f571858,21974.00,10240
real,/gpfs/scratch/ehpc736/data/AI4LAND_NON_preprocessed-data-2000-2015.zarr/kg_class/1.28.55,13324.55,4248
synth,/gpfs/scratch/bsc32/bsc096444/ai4land-tfm/tmp/synth_vs_real/synth/f810891,663.13,10240
real,/gpfs/scratch/ehpc736/data/AI4LAND_NON_preprocessed-data-2000-2015.zarr/secdn/12.33.39,18916.85,4248
synth,/gpfs/scratch/bsc32/bsc096444/ai4land-tfm/tmp/synth_vs_real/synth/f704314,21039.69,10240
synth,/gpfs/scratch/bsc32/bsc096444/ai4land-tfm/tmp/synth_vs_real/synth/f102664,25694.23,10240
synth,/gpfs/scratch/bsc32/bsc096444/ai4land-tfm/tmp/synth_vs_real/synth/f120116,14099.62,10240
real,/gpfs/scratch/ehpc736/data/AI4LAND_NON_preprocessed-data-2000-2015.zarr/secdn/12.22.2,17042.73,4248
synth,/gpfs/scratch/bsc32/bsc096444/ai4land-tfm/tmp/synth_vs_real/synth/f167753,12208.99,10240
real,/gpfs/scratch/ehpc736/data/AI4LAND_NON_preprocessed-data-2000-2015.zarr/c4ann/6.16.61,16638.08,4248
real,/gpfs/scratch/ehpc736/data/AI4LAND_NON_preprocessed-data-2000-2015.zarr/secdn/2.12.68,21335.89,4248
synth,/gpfs/scratch/bsc32/bsc096444/ai4land-tfm/tmp/synth_vs_real/synth/f508136,16840.42,10240
synth,/gpfs/scratch/bsc32/bsc096444/ai4land-tfm/tmp/synth_vs_real/synth/f487115,1044.05,10240
synth,/gpfs/scratch/bsc32/bsc096444/ai4land-tfm/tmp/synth_vs_real/synth/f260735,19708.17,10240
synth,/gpfs/scratch/bsc32/bsc096444/ai4land-tfm/tmp/synth_vs_real/synth/f420521,9778.51,10240
synth,/gpfs/scratch/bsc32/bsc096444/ai4land-tfm/tmp/synth_vs_real/synth/f426117,16463.31,10240
synth,/gpfs/scratch/bsc32/bsc096444/ai4land-tfm/tmp/synth_vs_real/synth/f536265,773.33,10240
synth,/gpfs/scratch/bsc32/bsc096444/ai4land-tfm/tmp/synth_vs_real/synth/f681453,22988.04,10240
real,/gpfs/scratch/ehpc736/data/AI4LAND_NON_preprocessed-data-2000-2015.zarr/c4ann/9.22.35,2267.33,4248
synth,/gpfs/scratch/bsc32/bsc096444/ai4land-tfm/tmp/synth_vs_real/synth/f112235,3526.26,10240
synth,/gpfs/scratch/bsc32/bsc096444/ai4land-tfm/tmp/synth_vs_real/synth/f941423,97.47,10240
real,/gpfs/scratch/ehpc736/data/AI4LAND_NON_preprocessed-data-2000-2015.zarr/secdn/6.31.22,16082.92,4248
synth,/gpfs/scratch/bsc32/bsc096444/ai4land-tfm/tmp/synth_vs_real/synth/f187241,19616.09,10240
synth,/gpfs/scratch/bsc32/bsc096444/ai4land-tfm/tmp/synth_vs_real/synth/f799550,1507.15,10240
synth,/gpfs/scratch/bsc32/bsc096444/ai4land-tfm/tmp/synth_vs_real/synth/f906651,344.79,10240
real,/gpfs/scratch/ehpc736/data/AI4LAND_NON_preprocessed-data-2000-2015.zarr/c4ann/3.1.51,18916.22,4248
synth,/gpfs/scratch/bsc32/bsc096444/ai4land-tfm/tmp/synth_vs_real/synth/f133827,22189.82,10240
real,/gpfs/scratch/ehpc736/data/AI4LAND_NON_preprocessed-data-2000-2015.zarr/primf/1.31.3,18392.73,4248
real,/gpfs/scratch/ehpc736/data/AI4LAND_NON_preprocessed-data-2000-2015.zarr/secdf/15.27.67,12736.19,4350
real,/gpfs/scratch/ehpc736/data/AI4LAND_NON_preprocessed-data-2000-2015.zarr/kg_class/12.21.21,17303.61,35826
real,/gpfs/scratch/ehpc736/data/AI4LAND_NON_preprocessed-data-2000-2015.zarr/c3per/7.11.30,19852.74,4248
real,/gpfs/scratch/ehpc736/data/AI4LAND_NON_preprocessed-data-2000-2015.zarr/c4ann/3.9.1,16781.44,4248
synth,/gpfs/scratch/bsc32/bsc096444/ai4land-tfm/tmp/synth_vs_real/synth/f999744,147.82,10240
synth,/gpfs/scratch/bsc32/bsc096444/ai4land-tfm/tmp/synth_vs_real/synth/f450664,516.42,10240
real,/gpfs/scratch/ehpc736/data/AI4LAND_NON_preprocessed-data-2000-2015.zarr/urban/3.22.11,23169.12,4248
synth,/gpfs/scratch/bsc32/bsc096444/ai4land-tfm/tmp/synth_vs_real/synth/f111579,12839.53,10240
real,/gpfs/scratch/ehpc736/data/AI4LAND_NON_preprocessed-data-2000-2015.zarr/c3ann/11.10.29,18135.30,5052
synth,/gpfs/scratch/bsc32/bsc096444/ai4land-tfm/tmp/synth_vs_real/synth/f31244,20057.94,10240
real,/gpfs/scratch/ehpc736/data/AI4LAND_NON_preprocessed-data-2000-2015.zarr/primf/15.9.37,21453.76,10232
synth,/gpfs/scratch/bsc32/bsc096444/ai4land-tfm/tmp/synth_vs_real/synth/f942590,278.25,10240
real,/gpfs/scratch/ehpc736/data/AI4LAND_NON_preprocessed-data-2000-2015.zarr/pastr/3.13.67,11160.54,4248
real,/gpfs/scratch/ehpc736/data/AI4LAND_NON_preprocessed-data-2000-2015.zarr/secdf/6.16.2,18956.49,4248
synth,/gpfs/scratch/bsc32/bsc096444/ai4land-tfm/tmp/synth_vs_real/synth/f154739,16488.39,10240
real,/gpfs/scratch/ehpc736/data/AI4LAND_NON_preprocessed-data-2000-2015.zarr/pastr/2.11.20,1913.00,4248
synth,/gpfs/scratch/bsc32/bsc096444/ai4land-tfm/tmp/synth_vs_real/synth/f200896,2083.15,10240
synth,/gpfs/scratch/bsc32/bsc096444/ai4land-tfm/tmp/synth_vs_real/synth/f447470,22412.62,10240
real,/gpfs/scratch/ehpc736/data/AI4LAND_NON_preprocessed-data-2000-2015.zarr/secmb/2.21.20,14976.86,4248
synth,/gpfs/scratch/bsc32/bsc096444/ai4land-tfm/tmp/synth_vs_real/synth/f605397,1976.37,10240
real,/gpfs/scratch/ehpc736/data/AI4LAND_NON_preprocessed-data-2000-2015.zarr/number_of_people/13.17.61,23236.57,115839
synth,/gpfs/scratch/bsc32/bsc096444/ai4land-tfm/tmp/synth_vs_real/synth/f676856,2156.20,10240
synth,/gpfs/scratch/bsc32/bsc096444/ai4land-tfm/tmp/synth_vs_real/synth/f403457,14094.13,10240
synth,/gpfs/scratch/bsc32/bsc096444/ai4land-tfm/tmp/synth_vs_real/synth/f230283,1327.62,10240
real,/gpfs/scratch/ehpc736/data/AI4LAND_NON_preprocessed-data-2000-2015.zarr/number_of_people/0.34.18,13243.31,4248
real,/gpfs/scratch/ehpc736/data/AI4LAND_NON_preprocessed-data-2000-2015.zarr/secmb/2.23.51,20570.68,4248
synth,/gpfs/scratch/bsc32/bsc096444/ai4land-tfm/tmp/synth_vs_real/synth/f978413,255.31,10240
real,/gpfs/scratch/ehpc736/data/AI4LAND_NON_preprocessed-data-2000-2015.zarr/c4per/1.31.14,16267.12,4248
synth,/gpfs/scratch/bsc32/bsc096444/ai4land-tfm/tmp/synth_vs_real/synth/f397519,955.37,10240
synth,/gpfs/scratch/bsc32/bsc096444/ai4land-tfm/tmp/synth_vs_real/synth/f190556,1013.05,10240
synth,/gpfs/scratch/bsc32/bsc096444/ai4land-tfm/tmp/synth_vs_real/synth/f261303,20003.36,10240
real,/gpfs/scratch/ehpc736/data/AI4LAND_NON_preprocessed-data-2000-2015.zarr/number_of_people/2.34.25,23327.76,4248
real,/gpfs/scratch/ehpc736/data/AI4LAND_NON_preprocessed-data-2000-2015.zarr/pastr/9.8.40,18878.61,697196
real,/gpfs/scratch/ehpc736/data/AI4LAND_NON_preprocessed-data-2000-2015.zarr/secma/11.3.70,27216.97,4328
real,/gpfs/scratch/ehpc736/data/AI4LAND_NON_preprocessed-data-2000-2015.zarr/kg_class/11.18.7,20712.15,4248
real,/gpfs/scratch/ehpc736/data/AI4LAND_NON_preprocessed-data-2000-2015.zarr/pastr/2.28.1,17263.10,4248
real,/gpfs/scratch/ehpc736/data/AI4LAND_NON_preprocessed-data-2000-2015.zarr/pastr/7.6.21,23562.17,8408
synth,/gpfs/scratch/bsc32/bsc096444/ai4land-tfm/tmp/synth_vs_real/synth/f273903,25009.90,10240
synth,/gpfs/scratch/bsc32/bsc096444/ai4land-tfm/tmp/synth_vs_real/synth/f996188,382.38,10240
synth,/gpfs/scratch/bsc32/bsc096444/ai4land-tfm/tmp/synth_vs_real/synth/f307757,1148.90,10240
real,/gpfs/scratch/ehpc736/data/AI4LAND_NON_preprocessed-data-2000-2015.zarr/range/8.22.3,16081.67,4248
synth,/gpfs/scratch/bsc32/bsc096444/ai4land-tfm/tmp/synth_vs_real/synth/f314569,17431.20,10240
synth,/gpfs/scratch/bsc32/bsc096444/ai4land-tfm/tmp/synth_vs_real/synth/f548177,16560.06,10240
real,/gpfs/scratch/ehpc736/data/AI4LAND_NON_preprocessed-data-2000-2015.zarr/secdf/7.17.43,22783.90,4934
real,/gpfs/scratch/ehpc736/data/AI4LAND_NON_preprocessed-data-2000-2015.zarr/urban/1.28.11,64294.21,4248
real,/gpfs/scratch/ehpc736/data/AI4LAND_NON_preprocessed-data-2000-2015.zarr/c3nfx/9.10.53,15754.51,48732
synth,/gpfs/scratch/bsc32/bsc096444/ai4land-tfm/tmp/synth_vs_real/synth/f223508,4768.11,10240
synth,/gpfs/scratch/bsc32/bsc096444/ai4land-tfm/tmp/synth_vs_real/synth/f882554,1625.17,10240
real,/gpfs/scratch/ehpc736/data/AI4LAND_NON_preprocessed-data-2000-2015.zarr/kg_class/6.16.48,2890.27,4248
synth,/gpfs/scratch/bsc32/bsc096444/ai4land-tfm/tmp/synth_vs_real/synth/f808577,2740.72,10240
real,/gpfs/scratch/ehpc736/data/AI4LAND_NON_preprocessed-data-2000-2015.zarr/c4per/0.33.44,18085.48,4248
synth,/gpfs/scratch/bsc32/bsc096444/ai4land-tfm/tmp/synth_vs_real/synth/f349759,17607.38,10240
real,/gpfs/scratch/ehpc736/data/AI4LAND_NON_preprocessed-data-2000-2015.zarr/kg_class/11.21.8,19729.99,5092
synth,/gpfs/scratch/bsc32/bsc096444/ai4land-tfm/tmp/synth_vs_real/synth/f694022,781.97,10240
real,/gpfs/scratch/ehpc736/data/AI4LAND_NON_preprocessed-data-2000-2015.zarr/c3nfx/7.23.22,28367.77,710139
synth,/gpfs/scratch/bsc32/bsc096444/ai4land-tfm/tmp/synth_vs_real/synth/f342722,15417.16,10240
synth,/gpfs/scratch/bsc32/bsc096444/ai4land-tfm/tmp/synth_vs_real/synth/f932931,382.84,10240
synth,/gpfs/scratch/bsc32/bsc096444/ai4land-tfm/tmp/synth_vs_real/synth/f65290,714.42,10240
synth,/gpfs/scratch/bsc32/bsc096444/ai4land-tfm/tmp/synth_vs_real/synth/f772840,20010.96,10240
real,/gpfs/scratch/ehpc736/data/AI4LAND_NON_preprocessed-data-2000-2015.zarr/c4per/4.10.64,14625.85,4248
real,/gpfs/scratch/ehpc736/data/AI4LAND_NON_preprocessed-data-2000-2015.zarr/c4per/2.9.46,17984.58,5172
real,/gpfs/scratch/ehpc736/data/AI4LAND_NON_preprocessed-data-2000-2015.zarr/c3nfx/14.20.60,25159.48,487265
real,/gpfs/scratch/ehpc736/data/AI4LAND_NON_preprocessed-data-2000-2015.zarr/c3nfx/5.29.5,21913.32,4248
real,/gpfs/scratch/ehpc736/data/AI4LAND_NON_preprocessed-data-2000-2015.zarr/c4per/15.31.12,15392.00,4248
real,/gpfs/scratch/ehpc736/data/AI4LAND_NON_preprocessed-data-2000-2015.zarr/secdf/13.33.40,8269.99,4248
synth,/gpfs/scratch/bsc32/bsc096444/ai4land-tfm/tmp/synth_vs_real/synth/f730180,19736.41,10240
synth,/gpfs/scratch/bsc32/bsc096444/ai4land-tfm/tmp/synth_vs_real/synth/f540490,1027.81,10240
real,/gpfs/scratch/ehpc736/data/AI4LAND_NON_preprocessed-data-2000-2015.zarr/secma/9.1.10,11154.48,4248
real,/gpfs/scratch/ehpc736/data/AI4LAND_NON_preprocessed-data-2000-2015.zarr/c4ann/0.5.68,23627.12,4484
real,/gpfs/scratch/ehpc736/data/AI4LAND_NON_preprocessed-data-2000-2015.zarr/pastr/4.9.5,23342.57,4248
synth,/gpfs/scratch/bsc32/bsc096444/ai4land-tfm/tmp/synth_vs_real/synth/f834794,1198.12,10240
synth,/gpfs/scratch/bsc32/bsc096444/ai4land-tfm/tmp/synth_vs_real/synth/f169430,13862.88,10240
real,/gpfs/scratch/ehpc736/data/AI4LAND_NON_preprocessed-data-2000-2015.zarr/number_of_people/15.5.26,37605.41,10323
synth,/gpfs/scratch/bsc32/bsc096444/ai4land-tfm/tmp/synth_vs_real/synth/f73372,18815.75,10240
synth,/gpfs/scratch/bsc32/bsc096444/ai4land-tfm/tmp/synth_vs_real/synth/f353894,13803.85,10240
real,/gpfs/scratch/ehpc736/data/AI4LAND_NON_preprocessed-data-2000-2015.zarr/secmb/2.22.27,28919.96,4248
real,/gpfs/scratch/ehpc736/data/AI4LAND_NON_preprocessed-data-2000-2015.zarr/c4per/15.32.7,14485.86,4248
real,/gpfs/scratch/ehpc736/data/AI4LAND_NON_preprocessed-data-2000-2015.zarr/secdf/11.26.51,13887.40,4248
real,/gpfs/scratch/ehpc736/data/AI4LAND_NON_preprocessed-data-2000-2015.zarr/LULC_states/13.2.66,9272.41,4248
real,/gpfs/scratch/ehpc736/data/AI4LAND_NON_preprocessed-data-2000-2015.zarr/primf/6.24.41,21531.83,4248
synth,/gpfs/scratch/bsc32/bsc096444/ai4land-tfm/tmp/synth_vs_real/synth/f612024,1214.19,10240
synth,/gpfs/scratch/bsc32/bsc096444/ai4land-tfm/tmp/synth_vs_real/synth/f906604,135.03,10240
real,/gpfs/scratch/ehpc736/data/AI4LAND_NON_preprocessed-data-2000-2015.zarr/primn/5.6.37,24259.01,355568
synth,/gpfs/scratch/bsc32/bsc096444/ai4land-tfm/tmp/synth_vs_real/synth/f926004,168.15,10240
synth,/gpfs/scratch/bsc32/bsc096444/ai4land-tfm/tmp/synth_vs_real/synth/f874244,1550.61,10240
real,/gpfs/scratch/ehpc736/data/AI4LAND_NON_preprocessed-data-2000-2015.zarr/range/10.14.29,20459.24,4248
real,/gpfs/scratch/ehpc736/data/AI4LAND_NON_preprocessed-data-2000-2015.zarr/secdn/13.8.46,26150.49,550035
real,/gpfs/scratch/ehpc736/data/AI4LAND_NON_preprocessed-data-2000-2015.zarr/primf/8.29.41,21393.35,4248
synth,/gpfs/scratch/bsc32/bsc096444/ai4land-tfm/tmp/synth_vs_real/synth/f943767,139.79,10240
real,/gpfs/scratch/ehpc736/data/AI4LAND_NON_preprocessed-data-2000-2015.zarr/kg_class/5.31.29,23652.58,4248
synth,/gpfs/scratch/bsc32/bsc096444/ai4land-tfm/tmp/synth_vs_real/synth/f545175,18040.79,10240
real,/gpfs/scratch/ehpc736/data/AI4LAND_NON_preprocessed-data-2000-2015.zarr/c4per/0.19.48,15072.45,4248
synth,/gpfs/scratch/bsc32/bsc096444/ai4land-tfm/tmp/synth_vs_real/synth/f511945,1087.82,10240
synth,/gpfs/scratch/bsc32/bsc096444/ai4land-tfm/tmp/synth_vs_real/synth/f763587,18347.88,10240
real,/gpfs/scratch/ehpc736/data/AI4LAND_NON_preprocessed-data-2000-2015.zarr/c3ann/10.33.13,13454.62,4248
real,/gpfs/scratch/ehpc736/data/AI4LAND_NON_preprocessed-data-2000-2015.zarr/secdf/1.16.12,16465.58,4248
real,/gpfs/scratch/ehpc736/data/AI4LAND_NON_preprocessed-data-2000-2015.zarr/range/2.21.35,17378.94,4248
synth,/gpfs/scratch/bsc32/bsc096444/ai4land-tfm/tmp/synth_vs_real/synth/f221941,16114.37,10240
synth,/gpfs/scratch/bsc32/bsc096444/ai4land-tfm/tmp/synth_vs_real/synth/f672642,732.16,10240
real,/gpfs/scratch/ehpc736/data/AI4LAND_NON_preprocessed-data-2000-2015.zarr/c3nfx/12.7.46,25399.85,642297
synth,/gpfs/scratch/bsc32/bsc096444/ai4land-tfm/tmp/synth_vs_real/synth/f63918,21426.05,10240
real,/gpfs/scratch/ehpc736/data/AI4LAND_NON_preprocessed-data-2000-2015.zarr/range/1.22.60,15163.95,61482
synth,/gpfs/scratch/bsc32/bsc096444/ai4land-tfm/tmp/synth_vs_real/synth/f723378,21664.35,10240
synth,/gpfs/scratch/bsc32/bsc096444/ai4land-tfm/tmp/synth_vs_real/synth/f58655,17562.41,10240
synth,/gpfs/scratch/bsc32/bsc096444/ai4land-tfm/tmp/synth_vs_real/synth/f591807,18358.92,10240
real,/gpfs/scratch/ehpc736/data/AI4LAND_NON_preprocessed-data-2000-2015.zarr/c3nfx/2.14.1,41875.89,4248
synth,/gpfs/scratch/bsc32/bsc096444/ai4land-tfm/tmp/synth_vs_real/synth/f487213,12647.67,10240
real,/gpfs/scratch/ehpc736/data/AI4LAND_NON_preprocessed-data-2000-2015.zarr/c4per/8.18.42,22540.45,372124
synth,/gpfs/scratch/bsc32/bsc096444/ai4land-tfm/tmp/synth_vs_real/synth/f332711,22004.09,10240
synth,/gpfs/scratch/bsc32/bsc096444/ai4land-tfm/tmp/synth_vs_real/synth/f240062,21371.00,10240
real,/gpfs/scratch/ehpc736/data/AI4LAND_NON_preprocessed-data-2000-2015.zarr/c4ann/11.29.32,16723.20,4248
synth,/gpfs/scratch/bsc32/bsc096444/ai4land-tfm/tmp/synth_vs_real/synth/f233238,16273.33,10240
synth,/gpfs/scratch/bsc32/bsc096444/ai4land-tfm/tmp/synth_vs_real/synth/f488557,14013.92,10240
real,/gpfs/scratch/ehpc736/data/AI4LAND_NON_preprocessed-data-2000-2015.zarr/secmb/0.0.43,29458.04,4248
synth,/gpfs/scratch/bsc32/bsc096444/ai4land-tfm/tmp/synth_vs_real/synth/f426156,1508.92,10240
synth,/gpfs/scratch/bsc32/bsc096444/ai4land-tfm/tmp/synth_vs_real/synth/f532323,1939.87,10240
real,/gpfs/scratch/ehpc736/data/AI4LAND_NON_preprocessed-data-2000-2015.zarr/secmb/6.4.8,22723.12,226245
synth,/gpfs/scratch/bsc32/bsc096444/ai4land-tfm/tmp/synth_vs_real/synth/f130889,23200.35,10240
synth,/gpfs/scratch/bsc32/bsc096444/ai4land-tfm/tmp/synth_vs_real/synth/f923653,419.38,10240
synth,/gpfs/scratch/bsc32/bsc096444/ai4land-tfm/tmp/synth_vs_real/synth/f241292,17797.62,10240
synth,/gpfs/scratch/bsc32/bsc096444/ai4land-tfm/tmp/synth_vs_real/synth/f696101,20112.88,10240
real,/gpfs/scratch/ehpc736/data/AI4LAND_NON_preprocessed-data-2000-2015.zarr/secma/14.6.29,13481.45,4248
synth,/gpfs/scratch/bsc32/bsc096444/ai4land-tfm/tmp/synth_vs_real/synth/f685197,16178.74,10240
synth,/gpfs/scratch/bsc32/bsc096444/ai4land-tfm/tmp/synth_vs_real/synth/f798207,744.89,10240
real,/gpfs/scratch/ehpc736/data/AI4LAND_NON_preprocessed-data-2000-2015.zarr/secdf/8.10.57,24564.24,4248
synth,/gpfs/scratch/bsc32/bsc096444/ai4land-tfm/tmp/synth_vs_real/synth/f679514,1036.35,10240
synth,/gpfs/scratch/bsc32/bsc096444/ai4land-tfm/tmp/synth_vs_real/synth/f214181,15574.51,10240
real,/gpfs/scratch/ehpc736/data/AI4LAND_NON_preprocessed-data-2000-2015.zarr/c3ann/11.4.49,27684.99,12184
real,/gpfs/scratch/ehpc736/data/AI4LAND_NON_preprocessed-data-2000-2015.zarr/urban/12.28.66,13042.65,4248
synth,/gpfs/scratch/bsc32/bsc096444/ai4land-tfm/tmp/synth_vs_real/synth/f263319,1025.60,10240
synth,/gpfs/scratch/bsc32/bsc096444/ai4land-tfm/tmp/synth_vs_real/synth/f142291,22737.46,10240
real,/gpfs/scratch/ehpc736/data/AI4LAND_NON_preprocessed-data-2000-2015.zarr/c4per/6.30.8,18356.68,4248
real,/gpfs/scratch/ehpc736/data/AI4LAND_NON_preprocessed-data-2000-2015.zarr/LULC_states/15.20.26,24310.44,188917
synth,/gpfs/scratch/bsc32/bsc096444/ai4land-tfm/tmp/synth_vs_real/synth/f850132,1305.64,10240
real,/gpfs/scratch/ehpc736/data/AI4LAND_NON_preprocessed-data-2000-2015.zarr/secmb/8.26.8,18101.15,4248
real,/gpfs/scratch/ehpc736/data/AI4LAND_NON_preprocessed-data-2000-2015.zarr/secdf/1.35.51,10085.23,4248
synth,/gpfs/scratch/bsc32/bsc096444/ai4land-tfm/tmp/synth_vs_real/synth/f669987,13322.85,10240
synth,/gpfs/scratch/bsc32/bsc096444/ai4land-tfm/tmp/synth_vs_real/synth/f608792,20861.67,10240
synth,/gpfs/scratch/bsc32/bsc096444/ai4land-tfm/tmp/synth_vs_real/synth/f300850,20935.33,10240
synth,/gpfs/scratch/bsc32/bsc096444/ai4land-tfm/tmp/synth_vs_real/synth/f617889,3396.47,10240
synth,/gpfs/scratch/bsc32/bsc096444/ai4land-tfm/tmp/synth_vs_real/synth/f908959,275.57,10240
synth,/gpfs/scratch/bsc32/bsc096444/ai4land-tfm/tmp/synth_vs_real/synth/f838742,903.22,10240
real,/gpfs/scratch/ehpc736/data/AI4LAND_NON_preprocessed-data-2000-2015.zarr/primf/9.1.23,17472.23,5886
real,/gpfs/scratch/ehpc736/data/AI4LAND_NON_preprocessed-data-2000-2015.zarr/c3ann/10.0.61,18626.40,4248
real,/gpfs/scratch/ehpc736/data/AI4LAND_NON_preprocessed-data-2000-2015.zarr/secdf/14.21.47,15806.22,4248
real,/gpfs/scratch/ehpc736/data/AI4LAND_NON_preprocessed-data-2000-2015.zarr/secma/5.7.22,29453.14,529696
real,/gpfs/scratch/ehpc736/data/AI4LAND_NON_preprocessed-data-2000-2015.zarr/kg_class/8.23.14,16234.95,4248
synth,/gpfs/scratch/bsc32/bsc096444/ai4land-tfm/tmp/synth_vs_real/synth/f457592,22858.96,10240
real,/gpfs/scratch/ehpc736/data/AI4LAND_NON_preprocessed-data-2000-2015.zarr/kg_class/12.26.60,14576.56,4248
synth,/gpfs/scratch/bsc32/bsc096444/ai4land-tfm/tmp/synth_vs_real/synth/f170395,11238.70,10240
real,/gpfs/scratch/ehpc736/data/AI4LAND_NON_preprocessed-data-2000-2015.zarr/kg_class/12.10.13,20268.91,59240
synth,/gpfs/scratch/bsc32/bsc096444/ai4land-tfm/tmp/synth_vs_real/synth/f660356,16432.14,10240
real,/gpfs/scratch/ehpc736/data/AI4LAND_NON_preprocessed-data-2000-2015.zarr/c3nfx/3.19.33,16939.47,4248
real,/gpfs/scratch/ehpc736/data/AI4LAND_NON_preprocessed-data-2000-2015.zarr/number_of_people/5.11.34,21692.89,431393
real,/gpfs/scratch/ehpc736/data/AI4LAND_NON_preprocessed-data-2000-2015.zarr/secma/1.29.29,27255.93,4248
real,/gpfs/scratch/ehpc736/data/AI4LAND_NON_preprocessed-data-2000-2015.zarr/c3per/2.14.51,14185.81,114565
synth,/gpfs/scratch/bsc32/bsc096444/ai4land-tfm/tmp/synth_vs_real/synth/f418373,19412.25,10240
real,/gpfs/scratch/ehpc736/data/AI4LAND_NON_preprocessed-data-2000-2015.zarr/c3ann/15.2.48,17741.53,4394
real,/gpfs/scratch/ehpc736/data/AI4LAND_NON_preprocessed-data-2000-2015.zarr/c4per/3.4.13,37556.41,7024
synth,/gpfs/scratch/bsc32/bsc096444/ai4land-tfm/tmp/synth_vs_real/synth/f7540,953.59,10240
synth,/gpfs/scratch/bsc32/bsc096444/ai4land-tfm/tmp/synth_vs_real/synth/f770319,2629.23,10240
real,/gpfs/scratch/ehpc736/data/AI4LAND_NON_preprocessed-data-2000-2015.zarr/c4per/1.12.6,25861.44,4248
synth,/gpfs/scratch/bsc32/bsc096444/ai4land-tfm/tmp/synth_vs_real/synth/f449433,22102.37,10240
real,/gpfs/scratch/ehpc736/data/AI4LAND_NON_preprocessed-data-2000-2015.zarr/urban/9.32.27,18005.31,4248
synth,/gpfs/scratch/bsc32/bsc096444/ai4land-tfm/tmp/synth_vs_real/synth/f791952,1264.25,10240
synth,/gpfs/scratch/bsc32/bsc096444/ai4land-tfm/tmp/synth_vs_real/synth/f72933,24259.14,10240
real,/gpfs/scratch/ehpc736/data/AI4LAND_NON_preprocessed-data-2000-2015.zarr/primf/5.1.65,21989.44,4248
synth,/gpfs/scratch/bsc32/bsc096444/ai4land-tfm/tmp/synth_vs_real/synth/f238968,1076.16,10240
real,/gpfs/scratch/ehpc736/data/AI4LAND_NON_preprocessed-data-2000-2015.zarr/c3nfx/3.34.18,15076.33,4248
synth,/gpfs/scratch/bsc32/bsc096444/ai4land-tfm/tmp/synth_vs_real/synth/f111764,1425.26,10240
real,/gpfs/scratch/ehpc736/data/AI4LAND_NON_preprocessed-data-2000-2015.zarr/c3per/1.30.62,15996.24,4248
real,/gpfs/scratch/ehpc736/data/AI4LAND_NON_preprocessed-data-2000-2015.zarr/c3nfx/14.25.2,17783.60,4248
synth,/gpfs/scratch/bsc32/bsc096444/ai4land-tfm/tmp/synth_vs_real/synth/f299105,12714.80,10240
synth,/gpfs/scratch/bsc32/bsc096444/ai4land-tfm/tmp/synth_vs_real/synth/f259947,23979.66,10240
synth,/gpfs/scratch/bsc32/bsc096444/ai4land-tfm/tmp/synth_vs_real/synth/f315568,17548.76,10240
real,/gpfs/scratch/ehpc736/data/AI4LAND_NON_preprocessed-data-2000-2015.zarr/number_of_people/6.32.68,19466.75,4248
real,/gpfs/scratch/ehpc736/data/AI4LAND_NON_preprocessed-data-2000-2015.zarr/primf/15.14.6,17389.28,4248
real,/gpfs/scratch/ehpc736/data/AI4LAND_NON_preprocessed-data-2000-2015.zarr/number_of_people/11.13.22,15948.76,27793
synth,/gpfs/scratch/bsc32/bsc096444/ai4land-tfm/tmp/synth_vs_real/synth/f203880,19026.93,10240
real,/gpfs/scratch/ehpc736/data/AI4LAND_NON_preprocessed-data-2000-2015.zarr/secmb/0.34.38,19401.60,4248
synth,/gpfs/scratch/bsc32/bsc096444/ai4land-tfm/tmp/synth_vs_real/synth/f558582,26090.21,10240
synth,/gpfs/scratch/bsc32/bsc096444/ai4land-tfm/tmp/synth_vs_real/synth/f117301,1303.31,10240
real,/gpfs/scratch/ehpc736/data/AI4LAND_NON_preprocessed-data-2000-2015.zarr/c3ann/10.3.21,16006.60,5536
real,/gpfs/scratch/ehpc736/data/AI4LAND_NON_preprocessed-data-2000-2015.zarr/c4per/9.25.25,16982.47,4248
synth,/gpfs/scratch/bsc32/bsc096444/ai4land-tfm/tmp/synth_vs_real/synth/f724586,3612.89,10240
real,/gpfs/scratch/ehpc736/data/AI4LAND_NON_preprocessed-data-2000-2015.zarr/number_of_people/4.25.48,17016.88,4248
synth,/gpfs/scratch/bsc32/bsc096444/ai4land-tfm/tmp/synth_vs_real/synth/f6182,1277.31,10240
real,/gpfs/scratch/ehpc736/data/AI4LAND_NON_preprocessed-data-2000-2015.zarr/primf/14.11.47,5094.30,4248
real,/gpfs/scratch/ehpc736/data/AI4LAND_NON_preprocessed-data-2000-2015.zarr/secdn/11.6.40,24216.76,529217
synth,/gpfs/scratch/bsc32/bsc096444/ai4land-tfm/tmp/synth_vs_real/synth/f481141,27053.08,10240
synth,/gpfs/scratch/bsc32/bsc096444/ai4land-tfm/tmp/synth_vs_real/synth/f41832,25936.40,10240
real,/gpfs/scratch/ehpc736/data/AI4LAND_NON_preprocessed-data-2000-2015.zarr/c4per/7.2.59,21150.54,4248
real,/gpfs/scratch/ehpc736/data/AI4LAND_NON_preprocessed-data-2000-2015.zarr/secmb/14.16.48,14411.31,4248
synth,/gpfs/scratch/bsc32/bsc096444/ai4land-tfm/tmp/synth_vs_real/synth/f172634,42230.53,10240
real,/gpfs/scratch/ehpc736/data/AI4LAND_NON_preprocessed-data-2000-2015.zarr/number_of_people/9.8.18,23660.98,411681
real,/gpfs/scratch/ehpc736/data/AI4LAND_NON_preprocessed-data-2000-2015.zarr/LULC_states/10.34.41,71078.81,4248
synth,/gpfs/scratch/bsc32/bsc096444/ai4land-tfm/tmp/synth_vs_real/synth/f716751,912.33,10240
synth,/gpfs/scratch/bsc32/bsc096444/ai4land-tfm/tmp/synth_vs_real/synth/f807451,2182.82,10240
synth,/gpfs/scratch/bsc32/bsc096444/ai4land-tfm/tmp/synth_vs_real/synth/f475435,2724.57,10240
real,/gpfs/scratch/ehpc736/data/AI4LAND_NON_preprocessed-data-2000-2015.zarr/urban/12.25.22,20590.53,338818
synth,/gpfs/scratch/bsc32/bsc096444/ai4land-tfm/tmp/synth_vs_real/synth/f229471,29570.84,10240
synth,/gpfs/scratch/bsc32/bsc096444/ai4land-tfm/tmp/synth_vs_real/synth/f425800,16468.21,10240
synth,/gpfs/scratch/bsc32/bsc096444/ai4land-tfm/tmp/synth_vs_real/synth/f529959,18768.75,10240
synth,/gpfs/scratch/bsc32/bsc096444/ai4land-tfm/tmp/synth_vs_real/synth/f914812,994.12,10240
synth,/gpfs/scratch/bsc32/bsc096444/ai4land-tfm/tmp/synth_vs_real/synth/f299607,46233.39,10240
synth,/gpfs/scratch/bsc32/bsc096444/ai4land-tfm/tmp/synth_vs_real/synth/f912804,173.77,10240
synth,/gpfs/scratch/bsc32/bsc096444/ai4land-tfm/tmp/synth_vs_real/synth/f442417,18948.19,10240
real,/gpfs/scratch/ehpc736/data/AI4LAND_NON_preprocessed-data-2000-2015.zarr/LULC_states/10.0.39,19662.38,4248
real,/gpfs/scratch/ehpc736/data/AI4LAND_NON_preprocessed-data-2000-2015.zarr/urban/15.11.59,22078.84,18550
synth,/gpfs/scratch/bsc32/bsc096444/ai4land-tfm/tmp/synth_vs_real/synth/f413160,846.63,10240
real,/gpfs/scratch/ehpc736/data/AI4LAND_NON_preprocessed-data-2000-2015.zarr/secma/5.10.55,32949.57,711325
real,/gpfs/scratch/ehpc736/data/AI4LAND_NON_preprocessed-data-2000-2015.zarr/c3per/15.10.39,13056.52,199600
synth,/gpfs/scratch/bsc32/bsc096444/ai4land-tfm/tmp/synth_vs_real/synth/f37778,964.49,10240
real,/gpfs/scratch/ehpc736/data/AI4LAND_NON_preprocessed-data-2000-2015.zarr/c4ann/2.28.49,14642.16,4248
synth,/gpfs/scratch/bsc32/bsc096444/ai4land-tfm/tmp/synth_vs_real/synth/f219684,883.20,10240
real,/gpfs/scratch/ehpc736/data/AI4LAND_NON_preprocessed-data-2000-2015.zarr/kg_class/8.11.64,12287.54,4248
real,/gpfs/scratch/ehpc736/data/AI4LAND_NON_preprocessed-data-2000-2015.zarr/primn/0.7.46,21134.93,706114
synth,/gpfs/scratch/bsc32/bsc096444/ai4land-tfm/tmp/synth_vs_real/synth/f194851,21419.79,10240
real,/gpfs/scratch/ehpc736/data/AI4LAND_NON_preprocessed-data-2000-2015.zarr/range/15.13.18,21822.14,104361
real,/gpfs/scratch/ehpc736/data/AI4LAND_NON_preprocessed-data-2000-2015.zarr/pastr/11.27.3,13303.96,4248
real,/gpfs/scratch/ehpc736/data/AI4LAND_NON_preprocessed-data-2000-2015.zarr/c3ann/13.0.18,21612.01,4248
synth,/gpfs/scratch/bsc32/bsc096444/ai4land-tfm/tmp/synth_vs_real/synth/f603634,12696.99,10240
synth,/gpfs/scratch/bsc32/bsc096444/ai4land-tfm/tmp/synth_vs_real/synth/f400156,16001.86,10240
synth,/gpfs/scratch/bsc32/bsc096444/ai4land-tfm/tmp/synth_vs_real/synth/f225772,16177.13,10240
real,/gpfs/scratch/ehpc736/data/AI4LAND_NON_preprocessed-data-2000-2015.zarr/range/13.25.44,17789.88,4248
synth,/gpfs/scratch/bsc32/bsc096444/ai4land-tfm/tmp/synth_vs_real/synth/f260222,1263.32,10240
real,/gpfs/scratch/ehpc736/data/AI4LAND_NON_preprocessed-data-2000-2015.zarr/c4ann/0.35.65,17879.90,4248
synth,/gpfs/scratch/bsc32/bsc096444/ai4land-tfm/tmp/synth_vs_real/synth/f490094,15602.06,10240
real,/gpfs/scratch/ehpc736/data/AI4LAND_NON_preprocessed-data-2000-2015.zarr/number_of_people/5.23.14,24481.36,4248
real,/gpfs/scratch/ehpc736/data/AI4LAND_NON_preprocessed-data-2000-2015.zarr/primf/13.12.64,11529.42,4248
synth,/gpfs/scratch/bsc32/bsc096444/ai4land-tfm/tmp/synth_vs_real/synth/f980957,150.11,10240
synth,/gpfs/scratch/bsc32/bsc096444/ai4land-tfm/tmp/synth_vs_real/synth/f247861,1282.80,10240
real,/gpfs/scratch/ehpc736/data/AI4LAND_NON_preprocessed-data-2000-2015.zarr/range/6.3.68,12734.88,4588
real,/gpfs/scratch/ehpc736/data/AI4LAND_NON_preprocessed-data-2000-2015.zarr/secma/3.30.28,21795.28,4248
synth,/gpfs/scratch/bsc32/bsc096444/ai4land-tfm/tmp/synth_vs_real/synth/f562262,19311.98,10240
real,/gpfs/scratch/ehpc736/data/AI4LAND_NON_preprocessed-data-2000-2015.zarr/c3nfx/8.1.30,18136.29,6248
synth,/gpfs/scratch/bsc32/bsc096444/ai4land-tfm/tmp/synth_vs_real/synth/f641390,18943.64,10240
synth,/gpfs/scratch/bsc32/bsc096444/ai4land-tfm/tmp/synth_vs_real/synth/f870914,1860.97,10240
real,/gpfs/scratch/ehpc736/data/AI4LAND_NON_preprocessed-data-2000-2015.zarr/pastr/12.7.54,17776.81,114218
synth,/gpfs/scratch/bsc32/bsc096444/ai4land-tfm/tmp/synth_vs_real/synth/f246277,16204.99,10240
real,/gpfs/scratch/ehpc736/data/AI4LAND_NON_preprocessed-data-2000-2015.zarr/secdn/2.23.10,18232.90,4248
synth,/gpfs/scratch/bsc32/bsc096444/ai4land-tfm/tmp/synth_vs_real/synth/f982153,249.91,10240
synth,/gpfs/scratch/bsc32/bsc096444/ai4land-tfm/tmp/synth_vs_real/synth/f563054,438.55,10240
synth,/gpfs/scratch/bsc32/bsc096444/ai4land-tfm/tmp/synth_vs_real/synth/f681446,30425.51,10240
real,/gpfs/scratch/ehpc736/data/AI4LAND_NON_preprocessed-data-2000-2015.zarr/secma/0.20.45,19547.98,4248
real,/gpfs/scratch/ehpc736/data/AI4LAND_NON_preprocessed-data-2000-2015.zarr/pastr/2.33.62,17250.00,4248
synth,/gpfs/scratch/bsc32/bsc096444/ai4land-tfm/tmp/synth_vs_real/synth/f53266,630.65,10240
synth,/gpfs/scratch/bsc32/bsc096444/ai4land-tfm/tmp/synth_vs_real/synth/f251083,12641.00,10240
synth,/gpfs/scratch/bsc32/bsc096444/ai4land-tfm/tmp/synth_vs_real/synth/f881334,122.81,10240
real,/gpfs/scratch/ehpc736/data/AI4LAND_NON_preprocessed-data-2000-2015.zarr/range/5.20.54,16407.81,4248
real,/gpfs/scratch/ehpc736/data/AI4LAND_NON_preprocessed-data-2000-2015.zarr/c3per/13.13.38,52094.88,4248
synth,/gpfs/scratch/bsc32/bsc096444/ai4land-tfm/tmp/synth_vs_real/synth/f532342,14711.24,10240
real,/gpfs/scratch/ehpc736/data/AI4LAND_NON_preprocessed-data-2000-2015.zarr/primf/2.2.53,8186.72,6496
real,/gpfs/scratch/ehpc736/data/AI4LAND_NON_preprocessed-data-2000-2015.zarr/LULC_states/1.8.18,25755.28,79852
synth,/gpfs/scratch/bsc32/bsc096444/ai4land-tfm/tmp/synth_vs_real/synth/f608158,1572.77,10240
synth,/gpfs/scratch/bsc32/bsc096444/ai4land-tfm/tmp/synth_vs_real/synth/f691798,1619.75,10240
synth,/gpfs/scratch/bsc32/bsc096444/ai4land-tfm/tmp/synth_vs_real/synth/f5814,16432.88,10240
synth,/gpfs/scratch/bsc32/bsc096444/ai4land-tfm/tmp/synth_vs_real/synth/f985937,119.47,10240
synth,/gpfs/scratch/bsc32/bsc096444/ai4land-tfm/tmp/synth_vs_real/synth/f233752,11537.97,10240
synth,/gpfs/scratch/bsc32/bsc096444/ai4land-tfm/tmp/synth_vs_real/synth/f900300,534.97,10240
real,/gpfs/scratch/ehpc736/data/AI4LAND_NON_preprocessed-data-2000-2015.zarr/c3nfx/3.16.38,19180.19,807236
real,/gpfs/scratch/ehpc736/data/AI4LAND_NON_preprocessed-data-2000-2015.zarr/primn/15.32.41,24190.42,4248
synth,/gpfs/scratch/bsc32/bsc096444/ai4land-tfm/tmp/synth_vs_real/synth/f267095,1101.31,10240
synth,/gpfs/scratch/bsc32/bsc096444/ai4land-tfm/tmp/synth_vs_real/synth/f199122,14577.19,10240
real,/gpfs/scratch/ehpc736/data/AI4LAND_NON_preprocessed-data-2000-2015.zarr/LULC_states/2.28.34,23236.68,4248
synth,/gpfs/scratch/bsc32/bsc096444/ai4land-tfm/tmp/synth_vs_real/synth/f264525,19874.41,10240
synth,/gpfs/scratch/bsc32/bsc096444/ai4land-tfm/tmp/synth_vs_real/synth/f854596,16228.88,10240
real,/gpfs/scratch/ehpc736/data/AI4LAND_NON_preprocessed-data-2000-2015.zarr/urban/13.10.7,30667.28,4248
synth,/gpfs/scratch/bsc32/bsc096444/ai4land-tfm/tmp/synth_vs_real/synth/f565427,21845.49,10240
synth,/gpfs/scratch/bsc32/bsc096444/ai4land-tfm/tmp/synth_vs_real/synth/f717870,607.80,10240
synth,/gpfs/scratch/bsc32/bsc096444/ai4land-tfm/tmp/synth_vs_real/synth/f674079,439.95,10240
synth,/gpfs/scratch/bsc32/bsc096444/ai4land-tfm/tmp/synth_vs_real/synth/f894905,96.54,10240
synth,/gpfs/scratch/bsc32/bsc096444/ai4land-tfm/tmp/synth_vs_real/synth/f975050,206.90,10240
real,/gpfs/scratch/ehpc736/data/AI4LAND_NON_preprocessed-data-2000-2015.zarr/primf/12.17.18,22771.28,4248
synth,/gpfs/scratch/bsc32/bsc096444/ai4land-tfm/tmp/synth_vs_real/synth/f298830,15864.64,10240
synth,/gpfs/scratch/bsc32/bsc096444/ai4land-tfm/tmp/synth_vs_real/synth/f872335,383.27,10240
synth,/gpfs/scratch/bsc32/bsc096444/ai4land-tfm/tmp/synth_vs_real/synth/f25990,16080.13,10240
real,/gpfs/scratch/ehpc736/data/AI4LAND_NON_preprocessed-data-2000-2015.zarr/pastr/12.4.17,27908.51,9382
synth,/gpfs/scratch/bsc32/bsc096444/ai4land-tfm/tmp/synth_vs_real/synth/f375190,17509.58,10240
real,/gpfs/scratch/ehpc736/data/AI4LAND_NON_preprocessed-data-2000-2015.zarr/primn/10.6.57,26603.45,166034
real,/gpfs/scratch/ehpc736/data/AI4LAND_NON_preprocessed-data-2000-2015.zarr/secdf/1.34.70,36233.81,4248
real,/gpfs/scratch/ehpc736/data/AI4LAND_NON_preprocessed-data-2000-2015.zarr/kg_class/12.16.23,12665.59,63618
synth,/gpfs/scratch/bsc32/bsc096444/ai4land-tfm/tmp/synth_vs_real/synth/f481741,14130.57,10240
real,/gpfs/scratch/ehpc736/data/AI4LAND_NON_preprocessed-data-2000-2015.zarr/primn/12.12.41,25182.75,341618
real,/gpfs/scratch/ehpc736/data/AI4LAND_NON_preprocessed-data-2000-2015.zarr/c3ann/14.21.41,24342.18,790564
real,/gpfs/scratch/ehpc736/data/AI4LAND_NON_preprocessed-data-2000-2015.zarr/secmb/0.14.10,25211.91,4248
real,/gpfs/scratch/ehpc736/data/AI4LAND_NON_preprocessed-data-2000-2015.zarr/secdf/4.14.18,27121.27,333908
synth,/gpfs/scratch/bsc32/bsc096444/ai4land-tfm/tmp/synth_vs_real/synth/f527276,2889.66,10240
real,/gpfs/scratch/ehpc736/data/AI4LAND_NON_preprocessed-data-2000-2015.zarr/kg_class/1.4.52,29495.91,5866
synth,/gpfs/scratch/bsc32/bsc096444/ai4land-tfm/tmp/synth_vs_real/synth/f512262,1235.69,10240
real,/gpfs/scratch/ehpc736/data/AI4LAND_NON_preprocessed-data-2000-2015.zarr/secdf/12.6.61,22303.74,464328
real,/gpfs/scratch/ehpc736/data/AI4LAND_NON_preprocessed-data-2000-2015.zarr/pastr/8.15.55,27728.42,416701
synth,/gpfs/scratch/bsc32/bsc096444/ai4land-tfm/tmp/synth_vs_real/synth/f666563,3953.99,10240
real,/gpfs/scratch/ehpc736/data/AI4LAND_NON_preprocessed-data-2000-2015.zarr/secma/13.1.25,20148.88,6240
synth,/gpfs/scratch/bsc32/bsc096444/ai4land-tfm/tmp/synth_vs_real/synth/f277370,13715.78,10240
synth,/gpfs/scratch/bsc32/bsc096444/ai4land-tfm/tmp/synth_vs_real/synth/f303445,8785.52,10240
real,/gpfs/scratch/ehpc736/data/AI4LAND_NON_preprocessed-data-2000-2015.zarr/number_of_people/14.33.44,17578.64,4248
synth,/gpfs/scratch/bsc32/bsc096444/ai4land-tfm/tmp/synth_vs_real/synth/f121263,13760.05,10240
real,/gpfs/scratch/ehpc736/data/AI4LAND_NON_preprocessed-data-2000-2015.zarr/primn/1.35.7,20736.58,4248
real,/gpfs/scratch/ehpc736/data/AI4LAND_NON_preprocessed-data-2000-2015.zarr/secmb/4.35.20,20401.48,4248
real,/gpfs/scratch/ehpc736/data/AI4LAND_NON_preprocessed-data-2000-2015.zarr/primn/7.29.44,15048.08,4248
synth,/gpfs/scratch/bsc32/bsc096444/ai4land-tfm/tmp/synth_vs_real/synth/f677568,513.69,10240
real,/gpfs/scratch/ehpc736/data/AI4LAND_NON_preprocessed-data-2000-2015.zarr/c4per/9.22.53,21937.48,4248
real,/gpfs/scratch/ehpc736/data/AI4LAND_NON_preprocessed-data-2000-2015.zarr/number_of_people/2.20.20,19670.64,342374
real,/gpfs/scratch/ehpc736/data/AI4LAND_NON_preprocessed-data-2000-2015.zarr/c4per/3.11.46,22468.49,725926
synth,/gpfs/scratch/bsc32/bsc096444/ai4land-tfm/tmp/synth_vs_real/synth/f905798,122.13,10240
real,/gpfs/scratch/ehpc736/data/AI4LAND_NON_preprocessed-data-2000-2015.zarr/pastr/15.32.0,7728.48,4248
real,/gpfs/scratch/ehpc736/data/AI4LAND_NON_preprocessed-data-2000-2015.zarr/primf/12.16.19,11550.32,44589
real,/gpfs/scratch/ehpc736/data/AI4LAND_NON_preprocessed-data-2000-2015.zarr/c4per/9.29.67,14352.81,4248
real,/gpfs/scratch/ehpc736/data/AI4LAND_NON_preprocessed-data-2000-2015.zarr/primf/13.30.19,11514.97,4248
real,/gpfs/scratch/ehpc736/data/AI4LAND_NON_preprocessed-data-2000-2015.zarr/c3per/8.24.32,21523.95,4248
synth,/gpfs/scratch/bsc32/bsc096444/ai4land-tfm/tmp/synth_vs_real/synth/f772343,16098.43,10240
real,/gpfs/scratch/ehpc736/data/AI4LAND_NON_preprocessed-data-2000-2015.zarr/kg_class/8.35.70,30592.00,4288
real,/gpfs/scratch/ehpc736/data/AI4LAND_NON_preprocessed-data-2000-2015.zarr/number_of_people/0.31.61,20738.94,4248
real,/gpfs/scratch/ehpc736/data/AI4LAND_NON_preprocessed-data-2000-2015.zarr/urban/1.10.49,16325.10,252771
real,/gpfs/scratch/ehpc736/data/AI4LAND_NON_preprocessed-data-2000-2015.zarr/primf/6.11.24,12302.55,4248
real,/gpfs/scratch/ehpc736/data/AI4LAND_NON_preprocessed-data-2000-2015.zarr/c3nfx/12.3.32,17199.60,4248
synth,/gpfs/scratch/bsc32/bsc096444/ai4land-tfm/tmp/synth_vs_real/synth/f278085,14631.83,10240
synth,/gpfs/scratch/bsc32/bsc096444/ai4land-tfm/tmp/synth_vs_real/synth/f700305,15561.32,10240
real,/gpfs/scratch/ehpc736/data/AI4LAND_NON_preprocessed-data-2000-2015.zarr/secmb/1.24.33,17936.90,4248
real,/gpfs/scratch/ehpc736/data/AI4LAND_NON_preprocessed-data-2000-2015.zarr/secdf/14.30.7,19256.34,4248
real,/gpfs/scratch/ehpc736/data/AI4LAND_NON_preprocessed-data-2000-2015.zarr/c3per/7.6.14,20016.19,357579
synth,/gpfs/scratch/bsc32/bsc096444/ai4land-tfm/tmp/synth_vs_real/synth/f777991,645.38,10240
synth,/gpfs/scratch/bsc32/bsc096444/ai4land-tfm/tmp/synth_vs_real/synth/f592683,1551.56,10240
synth,/gpfs/scratch/bsc32/bsc096444/ai4land-tfm/tmp/synth_vs_real/synth/f906339,129.64,10240
real,/gpfs/scratch/ehpc736/data/AI4LAND_NON_preprocessed-data-2000-2015.zarr/c3per/11.2.63,15056.25,6308
synth,/gpfs/scratch/bsc32/bsc096444/ai4land-tfm/tmp/synth_vs_real/synth/f98907,20127.92,10240
synth,/gpfs/scratch/bsc32/bsc096444/ai4land-tfm/tmp/synth_vs_real/synth/f348321,1475.43,10240
synth,/gpfs/scratch/bsc32/bsc096444/ai4land-tfm/tmp/synth_vs_real/synth/f32938,19316.03,10240
real,/gpfs/scratch/ehpc736/data/AI4LAND_NON_preprocessed-data-2000-2015.zarr/range/10.15.33,27125.74,742930
real,/gpfs/scratch/ehpc736/data/AI4LAND_NON_preprocessed-data-2000-2015.zarr/c4ann/13.18.56,19571.60,175974
synth,/gpfs/scratch/bsc32/bsc096444/ai4land-tfm/tmp/synth_vs_real/synth/f171339,11642.75,10240
real,/gpfs/scratch/ehpc736/data/AI4LAND_NON_preprocessed-data-2000-2015.zarr/c3ann/10.6.5,29136.87,35211
synth,/gpfs/scratch/bsc32/bsc096444/ai4land-tfm/tmp/synth_vs_real/synth/f335239,12363.75,10240
real,/gpfs/scratch/ehpc736/data/AI4LAND_NON_preprocessed-data-2000-2015.zarr/secmb/11.16.44,30832.99,351320
synth,/gpfs/scratch/bsc32/bsc096444/ai4land-tfm/tmp/synth_vs_real/synth/f79046,2230.79,10240
real,/gpfs/scratch/ehpc736/data/AI4LAND_NON_preprocessed-data-2000-2015.zarr/number_of_people/14.8.28,18140.63,4248
real,/gpfs/scratch/ehpc736/data/AI4LAND_NON_preprocessed-data-2000-2015.zarr/range/4.29.57,12234.20,4248
real,/gpfs/scratch/ehpc736/data/AI4LAND_NON_preprocessed-data-2000-2015.zarr/c3ann/13.21.45,15843.50,6810
synth,/gpfs/scratch/bsc32/bsc096444/ai4land-tfm/tmp/synth_vs_real/synth/f797549,1594.68,10240
synth,/gpfs/scratch/bsc32/bsc096444/ai4land-tfm/tmp/synth_vs_real/synth/f720221,18233.60,10240
real,/gpfs/scratch/ehpc736/data/AI4LAND_NON_preprocessed-data-2000-2015.zarr/primf/5.35.60,24586.87,4248
real,/gpfs/scratch/ehpc736/data/AI4LAND_NON_preprocessed-data-2000-2015.zarr/secma/11.8.50,34572.59,622717
synth,/gpfs/scratch/bsc32/bsc096444/ai4land-tfm/tmp/synth_vs_real/synth/f173061,15142.31,10240
real,/gpfs/scratch/ehpc736/data/AI4LAND_NON_preprocessed-data-2000-2015.zarr/secma/9.0.40,21224.67,4248
real,/gpfs/scratch/ehpc736/data/AI4LAND_NON_preprocessed-data-2000-2015.zarr/secdf/4.13.54,19071.40,640446
real,/gpfs/scratch/ehpc736/data/AI4LAND_NON_preprocessed-data-2000-2015.zarr/c3nfx/0.16.47,13822.86,4248
synth,/gpfs/scratch/bsc32/bsc096444/ai4land-tfm/tmp/synth_vs_real/synth/f860394,1054.45,10240
synth,/gpfs/scratch/bsc32/bsc096444/ai4land-tfm/tmp/synth_vs_real/synth/f82582,16863.74,10240
real,/gpfs/scratch/ehpc736/data/AI4LAND_NON_preprocessed-data-2000-2015.zarr/c4ann/10.19.15,20326.93,4248
real,/gpfs/scratch/ehpc736/data/AI4LAND_NON_preprocessed-data-2000-2015.zarr/LULC_states/1.8.58,22855.21,86499
synth,/gpfs/scratch/bsc32/bsc096444/ai4land-tfm/tmp/synth_vs_real/synth/f139816,15048.86,10240
real,/gpfs/scratch/ehpc736/data/AI4LAND_NON_preprocessed-data-2000-2015.zarr/c4per/4.19.56,19840.87,92212
real,/gpfs/scratch/ehpc736/data/AI4LAND_NON_preprocessed-data-2000-2015.zarr/kg_class/15.3.55,26397.46,10961
real,/gpfs/scratch/ehpc736/data/AI4LAND_NON_preprocessed-data-2000-2015.zarr/LULC_states/6.6.12,15879.27,97621
real,/gpfs/scratch/ehpc736/data/AI4LAND_NON_preprocessed-data-2000-2015.zarr/c3nfx/1.29.60,17759.44,4248
real,/gpfs/scratch/ehpc736/data/AI4LAND_NON_preprocessed-data-2000-2015.zarr/secma/1.10.4,14792.39,4248
real,/gpfs/scratch/ehpc736/data/AI4LAND_NON_preprocessed-data-2000-2015.zarr/secdf/4.5.15,18775.68,117349
real,/gpfs/scratch/ehpc736/data/AI4LAND_NON_preprocessed-data-2000-2015.zarr/range/10.29.26,2290.01,4248
real,/gpfs/scratch/ehpc736/data/AI4LAND_NON_preprocessed-data-2000-2015.zarr/c3ann/0.11.62,21028.06,4248
synth,/gpfs/scratch/bsc32/bsc096444/ai4land-tfm/tmp/synth_vs_real/synth/f657924,652.12,10240
real,/gpfs/scratch/ehpc736/data/AI4LAND_NON_preprocessed-data-2000-2015.zarr/urban/3.2.45,31681.53,4248
synth,/gpfs/scratch/bsc32/bsc096444/ai4land-tfm/tmp/synth_vs_real/synth/f131869,1278.30,10240
real,/gpfs/scratch/ehpc736/data/AI4LAND_NON_preprocessed-data-2000-2015.zarr/range/0.15.2,25322.16,4248
synth,/gpfs/scratch/bsc32/bsc096444/ai4land-tfm/tmp/synth_vs_real/synth/f964209,320.32,10240
synth,/gpfs/scratch/bsc32/bsc096444/ai4land-tfm/tmp/synth_vs_real/synth/f220392,18682.58,10240
real,/gpfs/scratch/ehpc736/data/AI4LAND_NON_preprocessed-data-2000-2015.zarr/range/12.2.14,17895.99,10388
real,/gpfs/scratch/ehpc736/data/AI4LAND_NON_preprocessed-data-2000-2015.zarr/c3nfx/11.16.47,13723.14,4248
synth,/gpfs/scratch/bsc32/bsc096444/ai4land-tfm/tmp/synth_vs_real/synth/f697229,13604.72,10240
real,/gpfs/scratch/ehpc736/data/AI4LAND_NON_preprocessed-data-2000-2015.zarr/c4ann/7.34.42,16686.20,4248
real,/gpfs/scratch/ehpc736/data/AI4LAND_NON_preprocessed-data-2000-2015.zarr/c3per/13.24.67,28560.87,4248
synth,/gpfs/scratch/bsc32/bsc096444/ai4land-tfm/tmp/synth_vs_real/synth/f480547,15565.93,10240
real,/gpfs/scratch/ehpc736/data/AI4LAND_NON_preprocessed-data-2000-2015.zarr/c3ann/12.32.31,15460.62,4248
synth,/gpfs/scratch/bsc32/bsc096444/ai4land-tfm/tmp/synth_vs_real/synth/f821414,612.69,10240
synth,/gpfs/scratch/bsc32/bsc096444/ai4land-tfm/tmp/synth_vs_real/synth/f845964,727.67,10240
real,/gpfs/scratch/ehpc736/data/AI4LAND_NON_preprocessed-data-2000-2015.zarr/c3nfx/11.13.43,18245.98,695416
real,/gpfs/scratch/ehpc736/data/AI4LAND_NON_preprocessed-data-2000-2015.zarr/c3nfx/4.23.45,16973.94,4248
synth,/gpfs/scratch/bsc32/bsc096444/ai4land-tfm/tmp/synth_vs_real/synth/f986042,256.74,10240
synth,/gpfs/scratch/bsc32/bsc096444/ai4land-tfm/tmp/synth_vs_real/synth/f839482,462.82,10240
real,/gpfs/scratch/ehpc736/data/AI4LAND_NON_preprocessed-data-2000-2015.zarr/urban/8.4.28,22785.25,4620
real,/gpfs/scratch/ehpc736/data/AI4LAND_NON_preprocessed-data-2000-2015.zarr/pastr/14.5.64,27129.69,5470
real,/gpfs/scratch/ehpc736/data/AI4LAND_NON_preprocessed-data-2000-2015.zarr/secma/12.28.12,19802.83,4248
real,/gpfs/scratch/ehpc736/data/AI4LAND_NON_preprocessed-data-2000-2015.zarr/c3ann/0.7.14,29671.52,687883
synth,/gpfs/scratch/bsc32/bsc096444/ai4land-tfm/tmp/synth_vs_real/synth/f224643,11955.14,10240
synth,/gpfs/scratch/bsc32/bsc096444/ai4land-tfm/tmp/synth_vs_real/synth/f850155,806.27,10240
synth,/gpfs/scratch/bsc32/bsc096444/ai4land-tfm/tmp/synth_vs_real/synth/f220281,18098.60,10240
real,/gpfs/scratch/ehpc736/data/AI4LAND_NON_preprocessed-data-2000-2015.zarr/secdf/0.6.1,15675.80,4248
real,/gpfs/scratch/ehpc736/data/AI4LAND_NON_preprocessed-data-2000-2015.zarr/secma/2.1.61,26510.65,4248
synth,/gpfs/scratch/bsc32/bsc096444/ai4land-tfm/tmp/synth_vs_real/synth/f330776,15549.31,10240
real,/gpfs/scratch/ehpc736/data/AI4LAND_NON_preprocessed-data-2000-2015.zarr/range/5.33.51,16349.19,4248
synth,/gpfs/scratch/bsc32/bsc096444/ai4land-tfm/tmp/synth_vs_real/synth/f206606,19967.52,10240
real,/gpfs/scratch/ehpc736/data/AI4LAND_NON_preprocessed-data-2000-2015.zarr/c3per/11.14.23,14500.50,23108
synth,/gpfs/scratch/bsc32/bsc096444/ai4land-tfm/tmp/synth_vs_real/synth/f24813,1039.20,10240
real,/gpfs/scratch/ehpc736/data/AI4LAND_NON_preprocessed-data-2000-2015.zarr/pastr/14.0.54,16377.77,4248
synth,/gpfs/scratch/bsc32/bsc096444/ai4land-tfm/tmp/synth_vs_real/synth/f713536,13325.96,10240
synth,/gpfs/scratch/bsc32/bsc096444/ai4land-tfm/tmp/synth_vs_real/synth/f807189,333.39,10240
real,/gpfs/scratch/ehpc736/data/AI4LAND_NON_preprocessed-data-2000-2015.zarr/number_of_people/7.25.61,12263.67,4248
real,/gpfs/scratch/ehpc736/data/AI4LAND_NON_preprocessed-data-2000-2015.zarr/c4ann/12.33.42,16117.48,4248
synth,/gpfs/scratch/bsc32/bsc096444/ai4land-tfm/tmp/synth_vs_real/synth/f313118,962.35,10240
synth,/gpfs/scratch/bsc32/bsc096444/ai4land-tfm/tmp/synth_vs_real/synth/f149811,12762.50,10240
synth,/gpfs/scratch/bsc32/bsc096444/ai4land-tfm/tmp/synth_vs_real/synth/f222086,15642.69,10240
synth,/gpfs/scratch/bsc32/bsc096444/ai4land-tfm/tmp/synth_vs_real/synth/f60738,18592.33,10240
synth,/gpfs/scratch/bsc32/bsc096444/ai4land-tfm/tmp/synth_vs_real/synth/f730429,635.72,10240
real,/gpfs/scratch/ehpc736/data/AI4LAND_NON_preprocessed-data-2000-2015.zarr/c3ann/3.10.57,24058.27,686932
real,/gpfs/scratch/ehpc736/data/AI4LAND_NON_preprocessed-data-2000-2015.zarr/LULC_states/8.2.12,16666.53,18653
synth,/gpfs/scratch/bsc32/bsc096444/ai4land-tfm/tmp/synth_vs_real/synth/f43860,1281.69,10240
real,/gpfs/scratch/ehpc736/data/AI4LAND_NON_preprocessed-data-2000-2015.zarr/number_of_people/13.30.12,18633.72,4248
synth,/gpfs/scratch/bsc32/bsc096444/ai4land-tfm/tmp/synth_vs_real/synth/f892697,647.46,10240
real,/gpfs/scratch/ehpc736/data/AI4LAND_NON_preprocessed-data-2000-2015.zarr/c3nfx/1.18.17,13450.64,4248
real,/gpfs/scratch/ehpc736/data/AI4LAND_NON_preprocessed-data-2000-2015.zarr/LULC_states/14.10.31,15390.95,4248
synth,/gpfs/scratch/bsc32/bsc096444/ai4land-tfm/tmp/synth_vs_real/synth/f220861,16666.38,10240
synth,/gpfs/scratch/bsc32/bsc096444/ai4land-tfm/tmp/synth_vs_real/synth/f213487,18354.90,10240
synth,/gpfs/scratch/bsc32/bsc096444/ai4land-tfm/tmp/synth_vs_real/synth/f512340,17912.07,10240
real,/gpfs/scratch/ehpc736/data/AI4LAND_NON_preprocessed-data-2000-2015.zarr/number_of_people/7.0.38,23959.29,4248
real,/gpfs/scratch/ehpc736/data/AI4LAND_NON_preprocessed-data-2000-2015.zarr/number_of_people/10.16.21,21870.82,402220
real,/gpfs/scratch/ehpc736/data/AI4LAND_NON_preprocessed-data-2000-2015.zarr/urban/2.8.6,15264.94,4248
real,/gpfs/scratch/ehpc736/data/AI4LAND_NON_preprocessed-data-2000-2015.zarr/secmb/2.27.62,13496.95,4248
synth,/gpfs/scratch/bsc32/bsc096444/ai4land-tfm/tmp/synth_vs_real/synth/f566847,12387.44,10240
real,/gpfs/scratch/ehpc736/data/AI4LAND_NON_preprocessed-data-2000-2015.zarr/primf/6.32.58,13275.62,4248
synth,/gpfs/scratch/bsc32/bsc096444/ai4land-tfm/tmp/synth_vs_real/synth/f101414,14189.65,10240
synth,/gpfs/scratch/bsc32/bsc096444/ai4land-tfm/tmp/synth_vs_real/synth/f565579,18420.11,10240
synth,/gpfs/scratch/bsc32/bsc096444/ai4land-tfm/tmp/synth_vs_real/synth/f554634,22453.67,10240
synth,/gpfs/scratch/bsc32/bsc096444/ai4land-tfm/tmp/synth_vs_real/synth/f990957,288.76,10240
real,/gpfs/scratch/ehpc736/data/AI4LAND_NON_preprocessed-data-2000-2015.zarr/range/5.27.25,15435.98,4248
synth,/gpfs/scratch/bsc32/bsc096444/ai4land-tfm/tmp/synth_vs_real/synth/f209267,13744.35,10240
real,/gpfs/scratch/ehpc736/data/AI4LAND_NON_preprocessed-data-2000-2015.zarr/c4per/14.14.13,14048.41,4248
synth,/gpfs/scratch/bsc32/bsc096444/ai4land-tfm/tmp/synth_vs_real/synth/f874224,950.17,10240
real,/gpfs/scratch/ehpc736/data/AI4LAND_NON_preprocessed-data-2000-2015.zarr/primf/8.14.23,25729.48,4404
real,/gpfs/scratch/ehpc736/data/AI4LAND_NON_preprocessed-data-2000-2015.zarr/secdn/5.22.47,27432.78,4248
real,/gpfs/scratch/ehpc736/data/AI4LAND_NON_preprocessed-data-2000-2015.zarr/c3ann/9.26.47,11727.20,4248
synth,/gpfs/scratch/bsc32/bsc096444/ai4land-tfm/tmp/synth_vs_real/synth/f565158,777.67,10240
real,/gpfs/scratch/ehpc736/data/AI4LAND_NON_preprocessed-data-2000-2015.zarr/LULC_states/0.12.35,24630.12,7628
synth,/gpfs/scratch/bsc32/bsc096444/ai4land-tfm/tmp/synth_vs_real/synth/f337902,22133.82,10240
synth,/gpfs/scratch/bsc32/bsc096444/ai4land-tfm/tmp/synth_vs_real/synth/f636130,1157.12,10240
synth,/gpfs/scratch/bsc32/bsc096444/ai4land-tfm/tmp/synth_vs_real/synth/f500149,3867.50,10240
real,/gpfs/scratch/ehpc736/data/AI4LAND_NON_preprocessed-data-2000-2015.zarr/LULC_states/12.2.44,16281.64,4248
synth,/gpfs/scratch/bsc32/bsc096444/ai4land-tfm/tmp/synth_vs_real/synth/f901393,137.46,10240
real,/gpfs/scratch/ehpc736/data/AI4LAND_NON_preprocessed-data-2000-2015.zarr/secmb/4.16.22,16759.31,682606
synth,/gpfs/scratch/bsc32/bsc096444/ai4land-tfm/tmp/synth_vs_real/synth/f396922,19206.05,10240
real,/gpfs/scratch/ehpc736/data/AI4LAND_NON_preprocessed-data-2000-2015.zarr/secma/8.5.65,14294.24,88822
synth,/gpfs/scratch/bsc32/bsc096444/ai4land-tfm/tmp/synth_vs_real/synth/f998243,111.39,10240
real,/gpfs/scratch/ehpc736/data/AI4LAND_NON_preprocessed-data-2000-2015.zarr/secdn/12.2.37,17767.10,16830
synth,/gpfs/scratch/bsc32/bsc096444/ai4land-tfm/tmp/synth_vs_real/synth/f574553,22590.23,10240
real,/gpfs/scratch/ehpc736/data/AI4LAND_NON_preprocessed-data-2000-2015.zarr/range/12.29.1,15425.44,4248
synth,/gpfs/scratch/bsc32/bsc096444/ai4land-tfm/tmp/synth_vs_real/synth/f9767,19359.17,10240
synth,/gpfs/scratch/bsc32/bsc096444/ai4land-tfm/tmp/synth_vs_real/synth/f957492,253.98,10240
synth,/gpfs/scratch/bsc32/bsc096444/ai4land-tfm/tmp/synth_vs_real/synth/f767460,5336.09,10240
synth,/gpfs/scratch/bsc32/bsc096444/ai4land-tfm/tmp/synth_vs_real/synth/f659176,6909.39,10240
synth,/gpfs/scratch/bsc32/bsc096444/ai4land-tfm/tmp/synth_vs_real/synth/f224345,20267.76,10240
real,/gpfs/scratch/ehpc736/data/AI4LAND_NON_preprocessed-data-2000-2015.zarr/secdn/1.15.18,25637.88,83617
real,/gpfs/scratch/ehpc736/data/AI4LAND_NON_preprocessed-data-2000-2015.zarr/secdn/5.16.54,33148.36,67423
synth,/gpfs/scratch/bsc32/bsc096444/ai4land-tfm/tmp/synth_vs_real/synth/f542717,22536.32,10240
synth,/gpfs/scratch/bsc32/bsc096444/ai4land-tfm/tmp/synth_vs_real/synth/f562275,17140.25,10240
synth,/gpfs/scratch/bsc32/bsc096444/ai4land-tfm/tmp/synth_vs_real/synth/f925245,296.56,10240
real,/gpfs/scratch/ehpc736/data/AI4LAND_NON_preprocessed-data-2000-2015.zarr/pastr/12.19.36,25045.42,4248
real,/gpfs/scratch/ehpc736/data/AI4LAND_NON_preprocessed-data-2000-2015.zarr/urban/12.33.46,19365.01,4248
real,/gpfs/scratch/ehpc736/data/AI4LAND_NON_preprocessed-data-2000-2015.zarr/c3ann/13.5.36,16522.14,507297
synth,/gpfs/scratch/bsc32/bsc096444/ai4land-tfm/tmp/synth_vs_real/synth/f946660,137.04,10240
synth,/gpfs/scratch/bsc32/bsc096444/ai4land-tfm/tmp/synth_vs_real/synth/f52657,1097.84,10240
real,/gpfs/scratch/ehpc736/data/AI4LAND_NON_preprocessed-data-2000-2015.zarr/number_of_people/2.14.17,21283.92,562871
real,/gpfs/scratch/ehpc736/data/AI4LAND_NON_preprocessed-data-2000-2015.zarr/number_of_people/2.7.3,14697.68,4248
synth,/gpfs/scratch/bsc32/bsc096444/ai4land-tfm/tmp/synth_vs_real/synth/f146413,2025.75,10240
synth,/gpfs/scratch/bsc32/bsc096444/ai4land-tfm/tmp/synth_vs_real/synth/f970342,339.17,10240
real,/gpfs/scratch/ehpc736/data/AI4LAND_NON_preprocessed-data-2000-2015.zarr/LULC_states/11.23.42,15343.94,4248
synth,/gpfs/scratch/bsc32/bsc096444/ai4land-tfm/tmp/synth_vs_real/synth/f463298,15518.33,10240
synth,/gpfs/scratch/bsc32/bsc096444/ai4land-tfm/tmp/synth_vs_real/synth/f145095,18737.97,10240
real,/gpfs/scratch/ehpc736/data/AI4LAND_NON_preprocessed-data-2000-2015.zarr/secmb/10.31.59,20648.11,4248
real,/gpfs/scratch/ehpc736/data/AI4LAND_NON_preprocessed-data-2000-2015.zarr/primf/4.3.33,22419.71,4248
real,/gpfs/scratch/ehpc736/data/AI4LAND_NON_preprocessed-data-2000-2015.zarr/number_of_people/7.1.18,14764.79,4248
synth,/gpfs/scratch/bsc32/bsc096444/ai4land-tfm/tmp/synth_vs_real/synth/f896865,271.53,10240
synth,/gpfs/scratch/bsc32/bsc096444/ai4land-tfm/tmp/synth_vs_real/synth/f20480,13128.18,10240
synth,/gpfs/scratch/bsc32/bsc096444/ai4land-tfm/tmp/synth_vs_real/synth/f653425,16945.23,10240
real,/gpfs/scratch/ehpc736/data/AI4LAND_NON_preprocessed-data-2000-2015.zarr/secmb/3.31.4,15802.18,4248
real,/gpfs/scratch/ehpc736/data/AI4LAND_NON_preprocessed-data-2000-2015.zarr/c3per/15.23.19,21520.52,4248
synth,/gpfs/scratch/bsc32/bsc096444/ai4land-tfm/tmp/synth_vs_real/synth/f371507,903.42,10240
synth,/gpfs/scratch/bsc32/bsc096444/ai4land-tfm/tmp/synth_vs_real/synth/f803013,1990.87,10240
real,/gpfs/scratch/ehpc736/data/AI4LAND_NON_preprocessed-data-2000-2015.zarr/c4ann/5.10.48,22719.06,785112
real,/gpfs/scratch/ehpc736/data/AI4LAND_NON_preprocessed-data-2000-2015.zarr/pastr/8.0.49,17500.66,4248
synth,/gpfs/scratch/bsc32/bsc096444/ai4land-tfm/tmp/synth_vs_real/synth/f992017,249.63,10240
synth,/gpfs/scratch/bsc32/bsc096444/ai4land-tfm/tmp/synth_vs_real/synth/f702448,24261.82,10240
real,/gpfs/scratch/ehpc736/data/AI4LAND_NON_preprocessed-data-2000-2015.zarr/primn/14.2.7,20552.88,4248
real,/gpfs/scratch/ehpc736/data/AI4LAND_NON_preprocessed-data-2000-2015.zarr/range/12.35.31,11077.49,4248
synth,/gpfs/scratch/bsc32/bsc096444/ai4land-tfm/tmp/synth_vs_real/synth/f347235,23242.75,10240
synth,/gpfs/scratch/bsc32/bsc096444/ai4land-tfm/tmp/synth_vs_real/synth/f611878,1542.67,10240
real,/gpfs/scratch/ehpc736/data/AI4LAND_NON_preprocessed-data-2000-2015.zarr/secdn/9.13.54,22955.40,222481
synth,/gpfs/scratch/bsc32/bsc096444/ai4land-tfm/tmp/synth_vs_real/synth/f417821,13989.41,10240
synth,/gpfs/scratch/bsc32/bsc096444/ai4land-tfm/tmp/synth_vs_real/synth/f587080,20813.94,10240
real,/gpfs/scratch/ehpc736/data/AI4LAND_NON_preprocessed-data-2000-2015.zarr/kg_class/15.13.40,14552.34,4283
real,/gpfs/scratch/ehpc736/data/AI4LAND_NON_preprocessed-data-2000-2015.zarr/kg_class/5.11.54,26564.00,87273
real,/gpfs/scratch/ehpc736/data/AI4LAND_NON_preprocessed-data-2000-2015.zarr/number_of_people/5.17.51,7618.86,4248
synth,/gpfs/scratch/bsc32/bsc096444/ai4land-tfm/tmp/synth_vs_real/synth/f748206,3912.54,10240
synth,/gpfs/scratch/bsc32/bsc096444/ai4land-tfm/tmp/synth_vs_real/synth/f449245,762.03,10240
synth,/gpfs/scratch/bsc32/bsc096444/ai4land-tfm/tmp/synth_vs_real/synth/f880660,124.90,10240
real,/gpfs/scratch/ehpc736/data/AI4LAND_NON_preprocessed-data-2000-2015.zarr/range/9.0.7,14838.45,4248
synth,/gpfs/scratch/bsc32/bsc096444/ai4land-tfm/tmp/synth_vs_real/synth/f517488,18676.74,10240
synth,/gpfs/scratch/bsc32/bsc096444/ai4land-tfm/tmp/synth_vs_real/synth/f887204,703.35,10240
real,/gpfs/scratch/ehpc736/data/AI4LAND_NON_preprocessed-data-2000-2015.zarr/range/6.7.42,18488.90,725081
synth,/gpfs/scratch/bsc32/bsc096444/ai4land-tfm/tmp/synth_vs_real/synth/f425,13915.49,10240
real,/gpfs/scratch/ehpc736/data/AI4LAND_NON_preprocessed-data-2000-2015.zarr/range/0.29.70,21840.82,4248
real,/gpfs/scratch/ehpc736/data/AI4LAND_NON_preprocessed-data-2000-2015.zarr/range/6.9.38,22653.80,327924
real,/gpfs/scratch/ehpc736/data/AI4LAND_NON_preprocessed-data-2000-2015.zarr/secma/7.12.29,25498.27,4248
synth,/gpfs/scratch/bsc32/bsc096444/ai4land-tfm/tmp/synth_vs_real/synth/f876638,858.42,10240
synth,/gpfs/scratch/bsc32/bsc096444/ai4land-tfm/tmp/synth_vs_real/synth/f604596,22545.82,10240
real,/gpfs/scratch/ehpc736/data/AI4LAND_NON_preprocessed-data-2000-2015.zarr/range/14.24.64,18000.65,419439
synth,/gpfs/scratch/bsc32/bsc096444/ai4land-tfm/tmp/synth_vs_real/synth/f427398,19594.04,10240
real,/gpfs/scratch/ehpc736/data/AI4LAND_NON_preprocessed-data-2000-2015.zarr/c4per/1.8.17,19356.56,40471
synth,/gpfs/scratch/bsc32/bsc096444/ai4land-tfm/tmp/synth_vs_real/synth/f902237,135.10,10240
synth,/gpfs/scratch/bsc32/bsc096444/ai4land-tfm/tmp/synth_vs_real/synth/f727659,2500.97,10240
real,/gpfs/scratch/ehpc736/data/AI4LAND_NON_preprocessed-data-2000-2015.zarr/primn/11.20.6,13173.71,4248
synth,/gpfs/scratch/bsc32/bsc096444/ai4land-tfm/tmp/synth_vs_real/synth/f594916,17847.36,10240
synth,/gpfs/scratch/bsc32/bsc096444/ai4land-tfm/tmp/synth_vs_real/synth/f274680,19308.31,10240
synth,/gpfs/scratch/bsc32/bsc096444/ai4land-tfm/tmp/synth_vs_real/synth/f278361,20043.83,10240
real,/gpfs/scratch/ehpc736/data/AI4LAND_NON_preprocessed-data-2000-2015.zarr/secmb/11.18.58,16357.45,200733
real,/gpfs/scratch/ehpc736/data/AI4LAND_NON_preprocessed-data-2000-2015.zarr/primn/15.6.15,17458.46,41186
real,/gpfs/scratch/ehpc736/data/AI4LAND_NON_preprocessed-data-2000-2015.zarr/c3ann/10.17.62,18135.77,28516
real,/gpfs/scratch/ehpc736/data/AI4LAND_NON_preprocessed-data-2000-2015.zarr/urban/7.22.53,14654.64,4248
synth,/gpfs/scratch/bsc32/bsc096444/ai4land-tfm/tmp/synth_vs_real/synth/f323232,3583.20,10240
synth,/gpfs/scratch/bsc32/bsc096444/ai4land-tfm/tmp/synth_vs_real/synth/f509231,35318.31,10240
real,/gpfs/scratch/ehpc736/data/AI4LAND_NON_preprocessed-data-2000-2015.zarr/c4ann/3.26.44,26497.25,4248
real,/gpfs/scratch/ehpc736/data/AI4LAND_NON_preprocessed-data-2000-2015.zarr/c3per/10.35.8,14532.36,4248
synth,/gpfs/scratch/bsc32/bsc096444/ai4land-tfm/tmp/synth_vs_real/synth/f903565,236.25,10240
synth,/gpfs/scratch/bsc32/bsc096444/ai4land-tfm/tmp/synth_vs_real/synth/f695613,21185.05,10240
synth,/gpfs/scratch/bsc32/bsc096444/ai4land-tfm/tmp/synth_vs_real/synth/f673971,1547.17,10240
real,/gpfs/scratch/ehpc736/data/AI4LAND_NON_preprocessed-data-2000-2015.zarr/LULC_states/12.31.23,28056.32,19570
synth,/gpfs/scratch/bsc32/bsc096444/ai4land-tfm/tmp/synth_vs_real/synth/f721024,6542.30,10240
real,/gpfs/scratch/ehpc736/data/AI4LAND_NON_preprocessed-data-2000-2015.zarr/c3nfx/13.8.46,26733.34,541698
real,/gpfs/scratch/ehpc736/data/AI4LAND_NON_preprocessed-data-2000-2015.zarr/urban/13.26.34,16937.82,4248
synth,/gpfs/scratch/bsc32/bsc096444/ai4land-tfm/tmp/synth_vs_real/synth/f482662,1187.22,10240
synth,/gpfs/scratch/bsc32/bsc096444/ai4land-tfm/tmp/synth_vs_real/synth/f83667,17295.05,10240
real,/gpfs/scratch/ehpc736/data/AI4LAND_NON_preprocessed-data-2000-2015.zarr/c3nfx/7.33.57,14050.07,4248
real,/gpfs/scratch/ehpc736/data/AI4LAND_NON_preprocessed-data-2000-2015.zarr/c3per/14.13.61,14957.93,4248
real,/gpfs/scratch/ehpc736/data/AI4LAND_NON_preprocessed-data-2000-2015.zarr/c3ann/14.31.22,18982.67,4248
synth,/gpfs/scratch/bsc32/bsc096444/ai4land-tfm/tmp/synth_vs_real/synth/f582765,1374.88,10240
synth,/gpfs/scratch/bsc32/bsc096444/ai4land-tfm/tmp/synth_vs_real/synth/f818011,2224.89,10240
synth,/gpfs/scratch/bsc32/bsc096444/ai4land-tfm/tmp/synth_vs_real/synth/f379201,13764.59,10240
synth,/gpfs/scratch/bsc32/bsc096444/ai4land-tfm/tmp/synth_vs_real/synth/f838722,1491.12,10240
real,/gpfs/scratch/ehpc736/data/AI4LAND_NON_preprocessed-data-2000-2015.zarr/secdf/4.15.50,12821.40,117751
real,/gpfs/scratch/ehpc736/data/AI4LAND_NON_preprocessed-data-2000-2015.zarr/secdn/11.35.65,21384.47,4248
synth,/gpfs/scratch/bsc32/bsc096444/ai4land-tfm/tmp/synth_vs_real/synth/f861722,1163.19,10240
synth,/gpfs/scratch/bsc32/bsc096444/ai4land-tfm/tmp/synth_vs_real/synth/f443692,18138.07,10240
real,/gpfs/scratch/ehpc736/data/AI4LAND_NON_preprocessed-data-2000-2015.zarr/secmb/7.29.27,22992.31,4248
synth,/gpfs/scratch/bsc32/bsc096444/ai4land-tfm/tmp/synth_vs_real/synth/f464656,19860.68,10240
real,/gpfs/scratch/ehpc736/data/AI4LAND_NON_preprocessed-data-2000-2015.zarr/secdf/2.5.37,23505.89,658707
synth,/gpfs/scratch/bsc32/bsc096444/ai4land-tfm/tmp/synth_vs_real/synth/f476786,19675.06,10240
real,/gpfs/scratch/ehpc736/data/AI4LAND_NON_preprocessed-data-2000-2015.zarr/urban/2.6.65,9066.32,64305
synth,/gpfs/scratch/bsc32/bsc096444/ai4land-tfm/tmp/synth_vs_real/synth/f836912,1689.77,10240
real,/gpfs/scratch/ehpc736/data/AI4LAND_NON_preprocessed-data-2000-2015.zarr/primn/2.14.63,13864.21,4248
real,/gpfs/scratch/ehpc736/data/AI4LAND_NON_preprocessed-data-2000-2015.zarr/urban/8.28.37,15146.66,4248
synth,/gpfs/scratch/bsc32/bsc096444/ai4land-tfm/tmp/synth_vs_real/synth/f114576,659.52,10240
real,/gpfs/scratch/ehpc736/data/AI4LAND_NON_preprocessed-data-2000-2015.zarr/primn/7.32.67,22549.55,4248
real,/gpfs/scratch/ehpc736/data/AI4LAND_NON_preprocessed-data-2000-2015.zarr/secdn/0.20.31,14962.76,4248
synth,/gpfs/scratch/bsc32/bsc096444/ai4land-tfm/tmp/synth_vs_real/synth/f943199,220.27,10240
real,/gpfs/scratch/ehpc736/data/AI4LAND_NON_preprocessed-data-2000-2015.zarr/number_of_people/0.20.31,17649.73,4248
synth,/gpfs/scratch/bsc32/bsc096444/ai4land-tfm/tmp/synth_vs_real/synth/f695612,2865.70,10240
synth,/gpfs/scratch/bsc32/bsc096444/ai4land-tfm/tmp/synth_vs_real/synth/f398591,1171.81,10240
synth,/gpfs/scratch/bsc32/bsc096444/ai4land-tfm/tmp/synth_vs_real/synth/f553306,20299.11,10240
synth,/gpfs/scratch/bsc32/bsc096444/ai4land-tfm/tmp/synth_vs_real/synth/f40115,16485.80,10240
real,/gpfs/scratch/ehpc736/data/AI4LAND_NON_preprocessed-data-2000-2015.zarr/c3per/5.21.16,15734.09,4248
real,/gpfs/scratch/ehpc736/data/AI4LAND_NON_preprocessed-data-2000-2015.zarr/kg_class/8.32.8,14263.63,6186
real,/gpfs/scratch/ehpc736/data/AI4LAND_NON_preprocessed-data-2000-2015.zarr/kg_class/3.18.70,3493.73,4312
real,/gpfs/scratch/ehpc736/data/AI4LAND_NON_preprocessed-data-2000-2015.zarr/primf/3.22.34,17771.98,4248
synth,/gpfs/scratch/bsc32/bsc096444/ai4land-tfm/tmp/synth_vs_real/synth/f754639,1425.01,10240
real,/gpfs/scratch/ehpc736/data/AI4LAND_NON_preprocessed-data-2000-2015.zarr/urban/14.26.66,23769.35,4248
real,/gpfs/scratch/ehpc736/data/AI4LAND_NON_preprocessed-data-2000-2015.zarr/number_of_people/1.27.30,17671.07,4248
real,/gpfs/scratch/ehpc736/data/AI4LAND_NON_preprocessed-data-2000-2015.zarr/c4per/4.25.53,20864.13,4248
synth,/gpfs/scratch/bsc32/bsc096444/ai4land-tfm/tmp/synth_vs_real/synth/f138890,31996.61,10240
synth,/gpfs/scratch/bsc32/bsc096444/ai4land-tfm/tmp/synth_vs_real/synth/f754377,12203.81,10240
real,/gpfs/scratch/ehpc736/data/AI4LAND_NON_preprocessed-data-2000-2015.zarr/c3ann/9.17.41,31160.04,654456
real,/gpfs/scratch/ehpc736/data/AI4LAND_NON_preprocessed-data-2000-2015.zarr/number_of_people/1.14.36,25716.60,604675
synth,/gpfs/scratch/bsc32/bsc096444/ai4land-tfm/tmp/synth_vs_real/synth/f342027,13708.25,10240
real,/gpfs/scratch/ehpc736/data/AI4LAND_NON_preprocessed-data-2000-2015.zarr/urban/6.22.54,9159.73,4248
real,/gpfs/scratch/ehpc736/data/AI4LAND_NON_preprocessed-data-2000-2015.zarr/urban/8.12.65,17590.70,4248
synth,/gpfs/scratch/bsc32/bsc096444/ai4land-tfm/tmp/synth_vs_real/synth/f108618,27454.02,10240
synth,/gpfs/scratch/bsc32/bsc096444/ai4land-tfm/tmp/synth_vs_real/synth/f463638,593.40,10240
synth,/gpfs/scratch/bsc32/bsc096444/ai4land-tfm/tmp/synth_vs_real/synth/f154511,16097.23,10240
real,/gpfs/scratch/ehpc736/data/AI4LAND_NON_preprocessed-data-2000-2015.zarr/c4ann/5.13.56,18146.99,456663
real,/gpfs/scratch/ehpc736/data/AI4LAND_NON_preprocessed-data-2000-2015.zarr/kg_class/14.7.33,25800.23,16186
synth,/gpfs/scratch/bsc32/bsc096444/ai4land-tfm/tmp/synth_vs_real/synth/f950983,293.56,10240
synth,/gpfs/scratch/bsc32/bsc096444/ai4land-tfm/tmp/synth_vs_real/synth/f805819,2017.71,10240
synth,/gpfs/scratch/bsc32/bsc096444/ai4land-tfm/tmp/synth_vs_real/synth/f167414,743.34,10240
real,/gpfs/scratch/ehpc736/data/AI4LAND_NON_preprocessed-data-2000-2015.zarr/c3per/14.4.39,18115.27,488872
real,/gpfs/scratch/ehpc736/data/AI4LAND_NON_preprocessed-data-2000-2015.zarr/c3ann/4.34.58,6456.95,4248
real,/gpfs/scratch/ehpc736/data/AI4LAND_NON_preprocessed-data-2000-2015.zarr/primf/12.24.23,20910.33,49347
real,/gpfs/scratch/ehpc736/data/AI4LAND_NON_preprocessed-data-2000-2015.zarr/urban/10.20.3,18418.65,4248
real,/gpfs/scratch/ehpc736/data/AI4LAND_NON_preprocessed-data-2000-2015.zarr/number_of_people/0.35.9,23250.44,4258
real,/gpfs/scratch/ehpc736/data/AI4LAND_NON_preprocessed-data-2000-2015.zarr/c3nfx/2.32.8,27703.28,4248
synth,/gpfs/scratch/bsc32/bsc096444/ai4land-tfm/tmp/synth_vs_real/synth/f988712,178.22,10240
synth,/gpfs/scratch/bsc32/bsc096444/ai4land-tfm/tmp/synth_vs_real/synth/f440869,20917.72,10240
real,/gpfs/scratch/ehpc736/data/AI4LAND_NON_preprocessed-data-2000-2015.zarr/range/6.16.41,39217.66,760790
synth,/gpfs/scratch/bsc32/bsc096444/ai4land-tfm/tmp/synth_vs_real/synth/f160265,1237.47,10240
real,/gpfs/scratch/ehpc736/data/AI4LAND_NON_preprocessed-data-2000-2015.zarr/primf/10.5.69,26268.82,148492
real,/gpfs/scratch/ehpc736/data/AI4LAND_NON_preprocessed-data-2000-2015.zarr/number_of_people/4.18.70,18624.27,4312
synth,/gpfs/scratch/bsc32/bsc096444/ai4land-tfm/tmp/synth_vs_real/synth/f15474,32373.54,10240
synth,/gpfs/scratch/bsc32/bsc096444/ai4land-tfm/tmp/synth_vs_real/synth/f935351,185.90,10240
real,/gpfs/scratch/ehpc736/data/AI4LAND_NON_preprocessed-data-2000-2015.zarr/secmb/1.1.17,12863.57,71582
synth,/gpfs/scratch/bsc32/bsc096444/ai4land-tfm/tmp/synth_vs_real/synth/f278082,1248.06,10240
synth,/gpfs/scratch/bsc32/bsc096444/ai4land-tfm/tmp/synth_vs_real/synth/f889208,848.11,10240
real,/gpfs/scratch/ehpc736/data/AI4LAND_NON_preprocessed-data-2000-2015.zarr/secdf/4.12.61,12326.69,4248
synth,/gpfs/scratch/bsc32/bsc096444/ai4land-tfm/tmp/synth_vs_real/synth/f777572,1268.37,10240
synth,/gpfs/scratch/bsc32/bsc096444/ai4land-tfm/tmp/synth_vs_real/synth/f461239,15919.29,10240
synth,/gpfs/scratch/bsc32/bsc096444/ai4land-tfm/tmp/synth_vs_real/synth/f261650,19830.29,10240
synth,/gpfs/scratch/bsc32/bsc096444/ai4land-tfm/tmp/synth_vs_real/synth/f126882,15773.63,10240
real,/gpfs/scratch/ehpc736/data/AI4LAND_NON_preprocessed-data-2000-2015.zarr/c4ann/7.29.65,17082.27,4248
synth,/gpfs/scratch/bsc32/bsc096444/ai4land-tfm/tmp/synth_vs_real/synth/f365962,13073.14,10240
real,/gpfs/scratch/ehpc736/data/AI4LAND_NON_preprocessed-data-2000-2015.zarr/secdf/5.8.57,20503.92,21756
real,/gpfs/scratch/ehpc736/data/AI4LAND_NON_preprocessed-data-2000-2015.zarr/primn/11.0.67,17352.02,4248
real,/gpfs/scratch/ehpc736/data/AI4LAND_NON_preprocessed-data-2000-2015.zarr/c3nfx/8.6.18,15860.50,5558
synth,/gpfs/scratch/bsc32/bsc096444/ai4land-tfm/tmp/synth_vs_real/synth/f471029,16696.01,10240
real,/gpfs/scratch/ehpc736/data/AI4LAND_NON_preprocessed-data-2000-2015.zarr/number_of_people/1.11.52,21679.88,680529
real,/gpfs/scratch/ehpc736/data/AI4LAND_NON_preprocessed-data-2000-2015.zarr/c3ann/15.1.23,14960.88,5886
real,/gpfs/scratch/ehpc736/data/AI4LAND_NON_preprocessed-data-2000-2015.zarr/secmb/4.7.43,4076.32,584216
real,/gpfs/scratch/ehpc736/data/AI4LAND_NON_preprocessed-data-2000-2015.zarr/pastr/10.19.4,11198.88,4248
real,/gpfs/scratch/ehpc736/data/AI4LAND_NON_preprocessed-data-2000-2015.zarr/c3ann/3.20.40,22722.47,800830
synth,/gpfs/scratch/bsc32/bsc096444/ai4land-tfm/tmp/synth_vs_real/synth/f240174,3527.66,10240
synth,/gpfs/scratch/bsc32/bsc096444/ai4land-tfm/tmp/synth_vs_real/synth/f572661,38450.50,10240
real,/gpfs/scratch/ehpc736/data/AI4LAND_NON_preprocessed-data-2000-2015.zarr/c3nfx/15.11.21,20130.74,4248
real,/gpfs/scratch/ehpc736/data/AI4LAND_NON_preprocessed-data-2000-2015.zarr/range/13.17.17,19815.96,4366
real,/gpfs/scratch/ehpc736/data/AI4LAND_NON_preprocessed-data-2000-2015.zarr/secma/0.22.59,23402.70,91985
synth,/gpfs/scratch/bsc32/bsc096444/ai4land-tfm/tmp/synth_vs_real/synth/f467574,16884.21,10240
synth,/gpfs/scratch/bsc32/bsc096444/ai4land-tfm/tmp/synth_vs_real/synth/f76819,11464.99,10240
synth,/gpfs/scratch/bsc32/bsc096444/ai4land-tfm/tmp/synth_vs_real/synth/f388162,20625.73,10240
synth,/gpfs/scratch/bsc32/bsc096444/ai4land-tfm/tmp/synth_vs_real/synth/f322451,3792.21,10240
synth,/gpfs/scratch/bsc32/bsc096444/ai4land-tfm/tmp/synth_vs_real/synth/f924231,119.67,10240
real,/gpfs/scratch/ehpc736/data/AI4LAND_NON_preprocessed-data-2000-2015.zarr/c3ann/14.31.5,18290.00,4248
synth,/gpfs/scratch/bsc32/bsc096444/ai4land-tfm/tmp/synth_vs_real/synth/f902512,313.23,10240
real,/gpfs/scratch/ehpc736/data/AI4LAND_NON_preprocessed-data-2000-2015.zarr/c4per/3.19.67,18263.29,4314
synth,/gpfs/scratch/bsc32/bsc096444/ai4land-tfm/tmp/synth_vs_real/synth/f208573,1089.47,10240
synth,/gpfs/scratch/bsc32/bsc096444/ai4land-tfm/tmp/synth_vs_real/synth/f271782,15330.07,10240
real,/gpfs/scratch/ehpc736/data/AI4LAND_NON_preprocessed-data-2000-2015.zarr/secmb/11.18.26,25535.94,624219
real,/gpfs/scratch/ehpc736/data/AI4LAND_NON_preprocessed-data-2000-2015.zarr/urban/4.16.63,19530.44,4248
real,/gpfs/scratch/ehpc736/data/AI4LAND_NON_preprocessed-data-2000-2015.zarr/secma/13.16.43,22993.01,703863
real,/gpfs/scratch/ehpc736/data/AI4LAND_NON_preprocessed-data-2000-2015.zarr/secdn/4.8.21,19802.67,28863
synth,/gpfs/scratch/bsc32/bsc096444/ai4land-tfm/tmp/synth_vs_real/synth/f74441,9689.11,10240
real,/gpfs/scratch/ehpc736/data/AI4LAND_NON_preprocessed-data-2000-2015.zarr/c3per/15.18.51,26948.78,4248
synth,/gpfs/scratch/bsc32/bsc096444/ai4land-tfm/tmp/synth_vs_real/synth/f71849,10924.98,10240
synth,/gpfs/scratch/bsc32/bsc096444/ai4land-tfm/tmp/synth_vs_real/synth/f121035,3137.46,10240
synth,/gpfs/scratch/bsc32/bsc096444/ai4land-tfm/tmp/synth_vs_real/synth/f6814,20702.18,10240
synth,/gpfs/scratch/bsc32/bsc096444/ai4land-tfm/tmp/synth_vs_real/synth/f941435,133.88,10240
synth,/gpfs/scratch/bsc32/bsc096444/ai4land-tfm/tmp/synth_vs_real/synth/f709570,16221.63,10240
real,/gpfs/scratch/ehpc736/data/AI4LAND_NON_preprocessed-data-2000-2015.zarr/number_of_people/10.14.29,15145.56,4248
synth,/gpfs/scratch/bsc32/bsc096444/ai4land-tfm/tmp/synth_vs_real/synth/f802784,730.77,10240
real,/gpfs/scratch/ehpc736/data/AI4LAND_NON_preprocessed-data-2000-2015.zarr/secdn/3.22.6,20602.41,4248
real,/gpfs/scratch/ehpc736/data/AI4LAND_NON_preprocessed-data-2000-2015.zarr/kg_class/2.5.52,19922.20,4248
real,/gpfs/scratch/ehpc736/data/AI4LAND_NON_preprocessed-data-2000-2015.zarr/kg_class/6.3.64,25570.91,26872
synth,/gpfs/scratch/bsc32/bsc096444/ai4land-tfm/tmp/synth_vs_real/synth/f747581,929.75,10240
real,/gpfs/scratch/ehpc736/data/AI4LAND_NON_preprocessed-data-2000-2015.zarr/range/11.9.19,23339.82,663706
real,/gpfs/scratch/ehpc736/data/AI4LAND_NON_preprocessed-data-2000-2015.zarr/c3per/11.25.54,17402.31,4248
synth,/gpfs/scratch/bsc32/bsc096444/ai4land-tfm/tmp/synth_vs_real/synth/f28418,12459.32,10240
real,/gpfs/scratch/ehpc736/data/AI4LAND_NON_preprocessed-data-2000-2015.zarr/secdn/1.24.5,19238.47,4248
synth,/gpfs/scratch/bsc32/bsc096444/ai4land-tfm/tmp/synth_vs_real/synth/f942650,601.29,10240
synth,/gpfs/scratch/bsc32/bsc096444/ai4land-tfm/tmp/synth_vs_real/synth/f738797,5146.77,10240
real,/gpfs/scratch/ehpc736/data/AI4LAND_NON_preprocessed-data-2000-2015.zarr/c4ann/14.25.59,15065.47,4248
synth,/gpfs/scratch/bsc32/bsc096444/ai4land-tfm/tmp/synth_vs_real/synth/f22056,680.34,10240
real,/gpfs/scratch/ehpc736/data/AI4LAND_NON_preprocessed-data-2000-2015.zarr/primn/4.20.54,21545.40,4248
synth,/gpfs/scratch/bsc32/bsc096444/ai4land-tfm/tmp/synth_vs_real/synth/f824629,1042.90,10240
real,/gpfs/scratch/ehpc736/data/AI4LAND_NON_preprocessed-data-2000-2015.zarr/c3ann/6.28.52,19538.75,4248
real,/gpfs/scratch/ehpc736/data/AI4LAND_NON_preprocessed-data-2000-2015.zarr/range/1.19.7,17398.66,4320
real,/gpfs/scratch/ehpc736/data/AI4LAND_NON_preprocessed-data-2000-2015.zarr/number_of_people/15.5.51,23977.04,82078
synth,/gpfs/scratch/bsc32/bsc096444/ai4land-tfm/tmp/synth_vs_real/synth/f672097,18338.79,10240
synth,/gpfs/scratch/bsc32/bsc096444/ai4land-tfm/tmp/synth_vs_real/synth/f238651,16794.75,10240
synth,/gpfs/scratch/bsc32/bsc096444/ai4land-tfm/tmp/synth_vs_real/synth/f633052,1364.02,10240
synth,/gpfs/scratch/bsc32/bsc096444/ai4land-tfm/tmp/synth_vs_real/synth/f689305,2137.51,10240
synth,/gpfs/scratch/bsc32/bsc096444/ai4land-tfm/tmp/synth_vs_real/synth/f536004,25130.17,10240
synth,/gpfs/scratch/bsc32/bsc096444/ai4land-tfm/tmp/synth_vs_real/synth/f145051,11880.44,10240
synth,/gpfs/scratch/bsc32/bsc096444/ai4land-tfm/tmp/synth_vs_real/synth/f845742,2519.03,10240
synth,/gpfs/scratch/bsc32/bsc096444/ai4land-tfm/tmp/synth_vs_real/synth/f76066,13490.66,10240
synth,/gpfs/scratch/bsc32/bsc096444/ai4land-tfm/tmp/synth_vs_real/synth/f708446,14536.11,10240
real,/gpfs/scratch/ehpc736/data/AI4LAND_NON_preprocessed-data-2000-2015.zarr/secma/14.25.29,27481.91,4248
synth,/gpfs/scratch/bsc32/bsc096444/ai4land-tfm/tmp/synth_vs_real/synth/f419066,22349.88,10240
synth,/gpfs/scratch/bsc32/bsc096444/ai4land-tfm/tmp/synth_vs_real/synth/f179451,1255.62,10240
synth,/gpfs/scratch/bsc32/bsc096444/ai4land-tfm/tmp/synth_vs_real/synth/f464071,16177.88,10240
synth,/gpfs/scratch/bsc32/bsc096444/ai4land-tfm/tmp/synth_vs_real/synth/f376417,12096.41,10240
synth,/gpfs/scratch/bsc32/bsc096444/ai4land-tfm/tmp/synth_vs_real/synth/f994967,396.54,10240
synth,/gpfs/scratch/bsc32/bsc096444/ai4land-tfm/tmp/synth_vs_real/synth/f988536,85.51,10240
real,/gpfs/scratch/ehpc736/data/AI4LAND_NON_preprocessed-data-2000-2015.zarr/c3ann/1.24.38,23920.39,73827
synth,/gpfs/scratch/bsc32/bsc096444/ai4land-tfm/tmp/synth_vs_real/synth/f623398,2190.38,10240
synth,/gpfs/scratch/bsc32/bsc096444/ai4land-tfm/tmp/synth_vs_real/synth/f554816,16504.44,10240
synth,/gpfs/scratch/bsc32/bsc096444/ai4land-tfm/tmp/synth_vs_real/synth/f160227,780.97,10240
real,/gpfs/scratch/ehpc736/data/AI4LAND_NON_preprocessed-data-2000-2015.zarr/range/1.1.30,26427.63,6248
synth,/gpfs/scratch/bsc32/bsc096444/ai4land-tfm/tmp/synth_vs_real/synth/f580828,19817.04,10240
real,/gpfs/scratch/ehpc736/data/AI4LAND_NON_preprocessed-data-2000-2015.zarr/secdf/14.29.53,15504.63,4248
synth,/gpfs/scratch/bsc32/bsc096444/ai4land-tfm/tmp/synth_vs_real/synth/f398858,1025.27,10240
synth,/gpfs/scratch/bsc32/bsc096444/ai4land-tfm/tmp/synth_vs_real/synth/f668061,799.61,10240
synth,/gpfs/scratch/bsc32/bsc096444/ai4land-tfm/tmp/synth_vs_real/synth/f598782,15081.05,10240
real,/gpfs/scratch/ehpc736/data/AI4LAND_NON_preprocessed-data-2000-2015.zarr/c3ann/2.10.24,14941.34,4248
synth,/gpfs/scratch/bsc32/bsc096444/ai4land-tfm/tmp/synth_vs_real/synth/f792495,826.52,10240
real,/gpfs/scratch/ehpc736/data/AI4LAND_NON_preprocessed-data-2000-2015.zarr/c4per/3.24.60,20645.59,4248
synth,/gpfs/scratch/bsc32/bsc096444/ai4land-tfm/tmp/synth_vs_real/synth/f992948,120.08,10240
real,/gpfs/scratch/ehpc736/data/AI4LAND_NON_preprocessed-data-2000-2015.zarr/range/8.8.14,19216.97,682742
real,/gpfs/scratch/ehpc736/data/AI4LAND_NON_preprocessed-data-2000-2015.zarr/secdf/6.3.21,21369.09,5536
real,/gpfs/scratch/ehpc736/data/AI4LAND_NON_preprocessed-data-2000-2015.zarr/c3nfx/9.31.53,23717.55,4248
real,/gpfs/scratch/ehpc736/data/AI4LAND_NON_preprocessed-data-2000-2015.zarr/LULC_states/7.24.25,21864.55,4248
synth,/gpfs/scratch/bsc32/bsc096444/ai4land-tfm/tmp/synth_vs_real/synth/f757168,1434.09,10240
real,/gpfs/scratch/ehpc736/data/AI4LAND_NON_preprocessed-data-2000-2015.zarr/c4ann/12.7.37,28644.13,725192
synth,/gpfs/scratch/bsc32/bsc096444/ai4land-tfm/tmp/synth_vs_real/synth/f686508,769.98,10240
real,/gpfs/scratch/ehpc736/data/AI4LAND_NON_preprocessed-data-2000-2015.zarr/number_of_people/0.8.9,15804.93,4248
synth,/gpfs/scratch/bsc32/bsc096444/ai4land-tfm/tmp/synth_vs_real/synth/f922369,408.26,10240
real,/gpfs/scratch/ehpc736/data/AI4LAND_NON_preprocessed-data-2000-2015.zarr/kg_class/9.0.49,2477.71,4248
synth,/gpfs/scratch/bsc32/bsc096444/ai4land-tfm/tmp/synth_vs_real/synth/f74870,15608.69,10240
synth,/gpfs/scratch/bsc32/bsc096444/ai4land-tfm/tmp/synth_vs_real/synth/f8203,534.24,10240
real,/gpfs/scratch/ehpc736/data/AI4LAND_NON_preprocessed-data-2000-2015.zarr/secma/0.6.46,19999.51,691284
synth,/gpfs/scratch/bsc32/bsc096444/ai4land-tfm/tmp/synth_vs_real/synth/f210922,26771.17,10240
real,/gpfs/scratch/ehpc736/data/AI4LAND_NON_preprocessed-data-2000-2015.zarr/urban/6.19.4,11821.34,4248
real,/gpfs/scratch/ehpc736/data/AI4LAND_NON_preprocessed-data-2000-2015.zarr/c3nfx/1.29.36,11857.20,4248
synth,/gpfs/scratch/bsc32/bsc096444/ai4land-tfm/tmp/synth_vs_real/synth/f443555,910.42,10240
real,/gpfs/scratch/ehpc736/data/AI4LAND_NON_preprocessed-data-2000-2015.zarr/c3per/8.21.16,16848.70,4248
synth,/gpfs/scratch/bsc32/bsc096444/ai4land-tfm/tmp/synth_vs_real/synth/f254801,576.62,10240
synth,/gpfs/scratch/bsc32/bsc096444/ai4land-tfm/tmp/synth_vs_real/synth/f950906,244.49,10240
real,/gpfs/scratch/ehpc736/data/AI4LAND_NON_preprocessed-data-2000-2015.zarr/kg_class/13.13.20,22472.90,28850
real,/gpfs/scratch/ehpc736/data/AI4LAND_NON_preprocessed-data-2000-2015.zarr/LULC_states/2.31.45,25508.50,4248
synth,/gpfs/scratch/bsc32/bsc096444/ai4land-tfm/tmp/synth_vs_real/synth/f97923,13203.92,10240
real,/gpfs/scratch/ehpc736/data/AI4LAND_NON_preprocessed-data-2000-2015.zarr/range/13.17.12,14839.65,4248
synth,/gpfs/scratch/bsc32/bsc096444/ai4land-tfm/tmp/synth_vs_real/synth/f875136,1232.43,10240
real,/gpfs/scratch/ehpc736/data/AI4LAND_NON_preprocessed-data-2000-2015.zarr/primf/8.31.18,13498.56,4248
synth,/gpfs/scratch/bsc32/bsc096444/ai4land-tfm/tmp/synth_vs_real/synth/f509232,19838.21,10240
synth,/gpfs/scratch/bsc32/bsc096444/ai4land-tfm/tmp/synth_vs_real/synth/f568969,2951.66,10240
real,/gpfs/scratch/ehpc736/data/AI4LAND_NON_preprocessed-data-2000-2015.zarr/secma/15.35.57,22057.49,4248
real,/gpfs/scratch/ehpc736/data/AI4LAND_NON_preprocessed-data-2000-2015.zarr/urban/15.18.7,12890.72,4248
synth,/gpfs/scratch/bsc32/bsc096444/ai4land-tfm/tmp/synth_vs_real/synth/f318635,13732.78,10240
synth,/gpfs/scratch/bsc32/bsc096444/ai4land-tfm/tmp/synth_vs_real/synth/f61483,16523.65,10240
real,/gpfs/scratch/ehpc736/data/AI4LAND_NON_preprocessed-data-2000-2015.zarr/range/2.26.6,15865.44,4248
synth,/gpfs/scratch/bsc32/bsc096444/ai4land-tfm/tmp/synth_vs_real/synth/f560069,15728.09,10240
real,/gpfs/scratch/ehpc736/data/AI4LAND_NON_preprocessed-data-2000-2015.zarr/secdn/2.8.25,16424.81,4248
real,/gpfs/scratch/ehpc736/data/AI4LAND_NON_preprocessed-data-2000-2015.zarr/LULC_states/4.10.28,21033.70,4248
synth,/gpfs/scratch/bsc32/bsc096444/ai4land-tfm/tmp/synth_vs_real/synth/f166931,27373.98,10240
synth,/gpfs/scratch/bsc32/bsc096444/ai4land-tfm/tmp/synth_vs_real/synth/f563750,16474.93,10240
real,/gpfs/scratch/ehpc736/data/AI4LAND_NON_preprocessed-data-2000-2015.zarr/kg_class/14.8.58,19871.62,68531
synth,/gpfs/scratch/bsc32/bsc096444/ai4land-tfm/tmp/synth_vs_real/synth/f974146,432.24,10240
synth,/gpfs/scratch/bsc32/bsc096444/ai4land-tfm/tmp/synth_vs_real/synth/f603655,18822.41,10240
real,/gpfs/scratch/ehpc736/data/AI4LAND_NON_preprocessed-data-2000-2015.zarr/kg_class/13.10.44,20265.24,73138
real,/gpfs/scratch/ehpc736/data/AI4LAND_NON_preprocessed-data-2000-2015.zarr/c3nfx/2.24.50,20988.53,4248
real,/gpfs/scratch/ehpc736/data/AI4LAND_NON_preprocessed-data-2000-2015.zarr/secma/6.4.3,23949.72,16901
synth,/gpfs/scratch/bsc32/bsc096444/ai4land-tfm/tmp/synth_vs_real/synth/f133636,15578.25,10240
real,/gpfs/scratch/ehpc736/data/AI4LAND_NON_preprocessed-data-2000-2015.zarr/c3ann/6.31.45,21150.68,4248
synth,/gpfs/scratch/bsc32/bsc096444/ai4land-tfm/tmp/synth_vs_real/synth/f408396,1329.12,10240
synth,/gpfs/scratch/bsc32/bsc096444/ai4land-tfm/tmp/synth_vs_real/synth/f590341,19347.44,10240
real,/gpfs/scratch/ehpc736/data/AI4LAND_NON_preprocessed-data-2000-2015.zarr/secmb/7.17.22,36086.18,628482
real,/gpfs/scratch/ehpc736/data/AI4LAND_NON_preprocessed-data-2000-2015.zarr/secdf/1.9.0,49960.37,4248
synth,/gpfs/scratch/bsc32/bsc096444/ai4land-tfm/tmp/synth_vs_real/synth/f645414,33414.48,10240
synth,/gpfs/scratch/bsc32/bsc096444/ai4land-tfm/tmp/synth_vs_real/synth/f700005,24193.59,10240
synth,/gpfs/scratch/bsc32/bsc096444/ai4land-tfm/tmp/synth_vs_real/synth/f105907,14637.59,10240
real,/gpfs/scratch/ehpc736/data/AI4LAND_NON_preprocessed-data-2000-2015.zarr/c3ann/9.8.27,9133.54,4248
real,/gpfs/scratch/ehpc736/data/AI4LAND_NON_preprocessed-data-2000-2015.zarr/kg_class/14.18.16,21024.83,4248
synth,/gpfs/scratch/bsc32/bsc096444/ai4land-tfm/tmp/synth_vs_real/synth/f690993,17719.87,10240
real,/gpfs/scratch/ehpc736/data/AI4LAND_NON_preprocessed-data-2000-2015.zarr/c4per/2.2.24,17159.68,4248
real,/gpfs/scratch/ehpc736/data/AI4LAND_NON_preprocessed-data-2000-2015.zarr/secmb/13.2.62,12031.59,46902
real,/gpfs/scratch/ehpc736/data/AI4LAND_NON_preprocessed-data-2000-2015.zarr/LULC_states/5.11.28,16620.48,4248
real,/gpfs/scratch/ehpc736/data/AI4LAND_NON_preprocessed-data-2000-2015.zarr/urban/7.21.67,24151.84,30362
real,/gpfs/scratch/ehpc736/data/AI4LAND_NON_preprocessed-data-2000-2015.zarr/c3nfx/3.14.53,12555.27,153704
real,/gpfs/scratch/ehpc736/data/AI4LAND_NON_preprocessed-data-2000-2015.zarr/urban/7.14.61,17257.18,4248
synth,/gpfs/scratch/bsc32/bsc096444/ai4land-tfm/tmp/synth_vs_real/synth/f916964,246.30,10240
synth,/gpfs/scratch/bsc32/bsc096444/ai4land-tfm/tmp/synth_vs_real/synth/f822733,15302.67,10240
synth,/gpfs/scratch/bsc32/bsc096444/ai4land-tfm/tmp/synth_vs_real/synth/f346479,984.80,10240
real,/gpfs/scratch/ehpc736/data/AI4LAND_NON_preprocessed-data-2000-2015.zarr/c3per/2.11.14,24120.78,419753
real,/gpfs/scratch/ehpc736/data/AI4LAND_NON_preprocessed-data-2000-2015.zarr/c4ann/1.6.19,38060.43,6060
synth,/gpfs/scratch/bsc32/bsc096444/ai4land-tfm/tmp/synth_vs_real/synth/f498369,24467.04,10240
real,/gpfs/scratch/ehpc736/data/AI4LAND_NON_preprocessed-data-2000-2015.zarr/secdf/9.29.33,13818.46,4248
real,/gpfs/scratch/ehpc736/data/AI4LAND_NON_preprocessed-data-2000-2015.zarr/c3nfx/9.26.0,9557.83,4286
real,/gpfs/scratch/ehpc736/data/AI4LAND_NON_preprocessed-data-2000-2015.zarr/secma/15.11.25,17181.28,4248
synth,/gpfs/scratch/bsc32/bsc096444/ai4land-tfm/tmp/synth_vs_real/synth/f635656,1352.12,10240
real,/gpfs/scratch/ehpc736/data/AI4LAND_NON_preprocessed-data-2000-2015.zarr/urban/4.10.23,21452.08,4248
synth,/gpfs/scratch/bsc32/bsc096444/ai4land-tfm/tmp/synth_vs_real/synth/f201629,9395.59,10240
real,/gpfs/scratch/ehpc736/data/AI4LAND_NON_preprocessed-data-2000-2015.zarr/pastr/15.33.34,27089.25,4248
real,/gpfs/scratch/ehpc736/data/AI4LAND_NON_preprocessed-data-2000-2015.zarr/LULC_states/9.4.49,21363.21,55702
real,/gpfs/scratch/ehpc736/data/AI4LAND_NON_preprocessed-data-2000-2015.zarr/LULC_states/8.2.27,19880.55,4248
real,/gpfs/scratch/ehpc736/data/AI4LAND_NON_preprocessed-data-2000-2015.zarr/range/2.16.64,12803.93,4248
real,/gpfs/scratch/ehpc736/data/AI4LAND_NON_preprocessed-data-2000-2015.zarr/secdf/7.23.53,28758.86,4248
real,/gpfs/scratch/ehpc736/data/AI4LAND_NON_preprocessed-data-2000-2015.zarr/primf/7.8.18,19532.82,440904
real,/gpfs/scratch/ehpc736/data/AI4LAND_NON_preprocessed-data-2000-2015.zarr/c3nfx/15.11.49,25704.86,702525
synth,/gpfs/scratch/bsc32/bsc096444/ai4land-tfm/tmp/synth_vs_real/synth/f165840,875.08,10240
real,/gpfs/scratch/ehpc736/data/AI4LAND_NON_preprocessed-data-2000-2015.zarr/c3per/9.30.63,17753.23,4248
real,/gpfs/scratch/ehpc736/data/AI4LAND_NON_preprocessed-data-2000-2015.zarr/secdf/11.4.47,20499.14,193809
synth,/gpfs/scratch/bsc32/bsc096444/ai4land-tfm/tmp/synth_vs_real/synth/f650810,17502.14,10240
synth,/gpfs/scratch/bsc32/bsc096444/ai4land-tfm/tmp/synth_vs_real/synth/f275504,29880.45,10240
synth,/gpfs/scratch/bsc32/bsc096444/ai4land-tfm/tmp/synth_vs_real/synth/f539131,22517.94,10240
synth,/gpfs/scratch/bsc32/bsc096444/ai4land-tfm/tmp/synth_vs_real/synth/f765388,13053.00,10240
synth,/gpfs/scratch/bsc32/bsc096444/ai4land-tfm/tmp/synth_vs_real/synth/f331737,16462.25,10240
synth,/gpfs/scratch/bsc32/bsc096444/ai4land-tfm/tmp/synth_vs_real/synth/f224130,1235.71,10240
synth,/gpfs/scratch/bsc32/bsc096444/ai4land-tfm/tmp/synth_vs_real/synth/f20324,16072.33,10240
real,/gpfs/scratch/ehpc736/data/AI4LAND_NON_preprocessed-data-2000-2015.zarr/primn/14.34.28,9856.92,4248
synth,/gpfs/scratch/bsc32/bsc096444/ai4land-tfm/tmp/synth_vs_real/synth/f457239,26073.74,10240
synth,/gpfs/scratch/bsc32/bsc096444/ai4land-tfm/tmp/synth_vs_real/synth/f84002,17109.39,10240
synth,/gpfs/scratch/bsc32/bsc096444/ai4land-tfm/tmp/synth_vs_real/synth/f261941,17090.42,10240
synth,/gpfs/scratch/bsc32/bsc096444/ai4land-tfm/tmp/synth_vs_real/synth/f279766,32764.75,10240
synth,/gpfs/scratch/bsc32/bsc096444/ai4land-tfm/tmp/synth_vs_real/synth/f710219,1430.55,10240
synth,/gpfs/scratch/bsc32/bsc096444/ai4land-tfm/tmp/synth_vs_real/synth/f911527,215.87,10240
synth,/gpfs/scratch/bsc32/bsc096444/ai4land-tfm/tmp/synth_vs_real/synth/f397562,777.98,10240
real,/gpfs/scratch/ehpc736/data/AI4LAND_NON_preprocessed-data-2000-2015.zarr/secmb/4.26.56,14630.54,4248
synth,/gpfs/scratch/bsc32/bsc096444/ai4land-tfm/tmp/synth_vs_real/synth/f788295,15855.45,10240
real,/gpfs/scratch/ehpc736/data/AI4LAND_NON_preprocessed-data-2000-2015.zarr/c3ann/11.31.25,20693.62,4248
real,/gpfs/scratch/ehpc736/data/AI4LAND_NON_preprocessed-data-2000-2015.zarr/pastr/0.29.55,17282.45,4248
synth,/gpfs/scratch/bsc32/bsc096444/ai4land-tfm/tmp/synth_vs_real/synth/f988210,114.39,10240
real,/gpfs/scratch/ehpc736/data/AI4LAND_NON_preprocessed-data-2000-2015.zarr/number_of_people/11.1.59,17652.14,4248
real,/gpfs/scratch/ehpc736/data/AI4LAND_NON_preprocessed-data-2000-2015.zarr/c3per/5.31.52,2317.04,4248
real,/gpfs/scratch/ehpc736/data/AI4LAND_NON_preprocessed-data-2000-2015.zarr/c3ann/5.20.4,20099.83,4248
real,/gpfs/scratch/ehpc736/data/AI4LAND_NON_preprocessed-data-2000-2015.zarr/urban/13.15.66,19724.47,4248
real,/gpfs/scratch/ehpc736/data/AI4LAND_NON_preprocessed-data-2000-2015.zarr/c3ann/1.18.68,13102.05,4248
real,/gpfs/scratch/ehpc736/data/AI4LAND_NON_preprocessed-data-2000-2015.zarr/secdf/6.0.60,15752.60,4248
real,/gpfs/scratch/ehpc736/data/AI4LAND_NON_preprocessed-data-2000-2015.zarr/c3per/11.5.51,18661.76,21647
synth,/gpfs/scratch/bsc32/bsc096444/ai4land-tfm/tmp/synth_vs_real/synth/f72574,17399.75,10240
real,/gpfs/scratch/ehpc736/data/AI4LAND_NON_preprocessed-data-2000-2015.zarr/c3per/5.4.10,16539.52,4930
synth,/gpfs/scratch/bsc32/bsc096444/ai4land-tfm/tmp/synth_vs_real/synth/f984861,227.51,10240
real,/gpfs/scratch/ehpc736/data/AI4LAND_NON_preprocessed-data-2000-2015.zarr/number_of_people/10.1.0,16172.04,4248
real,/gpfs/scratch/ehpc736/data/AI4LAND_NON_preprocessed-data-2000-2015.zarr/secdn/11.6.5,11436.24,25572
synth,/gpfs/scratch/bsc32/bsc096444/ai4land-tfm/tmp/synth_vs_real/synth/f834692,1060.05,10240
real,/gpfs/scratch/ehpc736/data/AI4LAND_NON_preprocessed-data-2000-2015.zarr/secmb/0.6.39,24366.18,385895
synth,/gpfs/scratch/bsc32/bsc096444/ai4land-tfm/tmp/synth_vs_real/synth/f825622,1100.00,10240
synth,/gpfs/scratch/bsc32/bsc096444/ai4land-tfm/tmp/synth_vs_real/synth/f902931,223.71,10240
real,/gpfs/scratch/ehpc736/data/AI4LAND_NON_preprocessed-data-2000-2015.zarr/c4ann/5.14.2,37506.21,4248
real,/gpfs/scratch/ehpc736/data/AI4LAND_NON_preprocessed-data-2000-2015.zarr/urban/0.20.62,25941.75,25073
real,/gpfs/scratch/ehpc736/data/AI4LAND_NON_preprocessed-data-2000-2015.zarr/c4ann/15.0.64,10328.46,4248
synth,/gpfs/scratch/bsc32/bsc096444/ai4land-tfm/tmp/synth_vs_real/synth/f803035,1177.85,10240
synth,/gpfs/scratch/bsc32/bsc096444/ai4land-tfm/tmp/synth_vs_real/synth/f434572,16401.70,10240
real,/gpfs/scratch/ehpc736/data/AI4LAND_NON_preprocessed-data-2000-2015.zarr/c3per/4.7.39,26634.44,739693
real,/gpfs/scratch/ehpc736/data/AI4LAND_NON_preprocessed-data-2000-2015.zarr/secmb/12.10.13,18849.31,565565
real,/gpfs/scratch/ehpc736/data/AI4LAND_NON_preprocessed-data-2000-2015.zarr/kg_class/0.23.19,17747.30,4248
synth,/gpfs/scratch/bsc32/bsc096444/ai4land-tfm/tmp/synth_vs_real/synth/f735343,966.25,10240
synth,/gpfs/scratch/bsc32/bsc096444/ai4land-tfm/tmp/synth_vs_real/synth/f696503,824.23,10240
real,/gpfs/scratch/ehpc736/data/AI4LAND_NON_preprocessed-data-2000-2015.zarr/c3per/11.21.29,18955.82,4248
synth,/gpfs/scratch/bsc32/bsc096444/ai4land-tfm/tmp/synth_vs_real/synth/f391559,14286.03,10240
real,/gpfs/scratch/ehpc736/data/AI4LAND_NON_preprocessed-data-2000-2015.zarr/secdn/5.14.22,18905.32,13616
real,/gpfs/scratch/ehpc736/data/AI4LAND_NON_preprocessed-data-2000-2015.zarr/secma/12.25.47,23550.56,4248
synth,/gpfs/scratch/bsc32/bsc096444/ai4land-tfm/tmp/synth_vs_real/synth/f229974,23832.16,10240
synth,/gpfs/scratch/bsc32/bsc096444/ai4land-tfm/tmp/synth_vs_real/synth/f625550,24074.57,10240
synth,/gpfs/scratch/bsc32/bsc096444/ai4land-tfm/tmp/synth_vs_real/synth/f742225,3295.58,10240
real,/gpfs/scratch/ehpc736/data/AI4LAND_NON_preprocessed-data-2000-2015.zarr/primf/13.13.16,23239.49,124858
real,/gpfs/scratch/ehpc736/data/AI4LAND_NON_preprocessed-data-2000-2015.zarr/range/3.29.41,12202.55,4248
real,/gpfs/scratch/ehpc736/data/AI4LAND_NON_preprocessed-data-2000-2015.zarr/secdf/0.4.54,11677.02,4248
real,/gpfs/scratch/ehpc736/data/AI4LAND_NON_preprocessed-data-2000-2015.zarr/c4ann/8.17.21,24150.60,406177
real,/gpfs/scratch/ehpc736/data/AI4LAND_NON_preprocessed-data-2000-2015.zarr/primn/4.7.8,13641.00,4248
real,/gpfs/scratch/ehpc736/data/AI4LAND_NON_preprocessed-data-2000-2015.zarr/urban/4.20.19,24189.78,4248
synth,/gpfs/scratch/bsc32/bsc096444/ai4land-tfm/tmp/synth_vs_real/synth/f313921,1214.59,10240
synth,/gpfs/scratch/bsc32/bsc096444/ai4land-tfm/tmp/synth_vs_real/synth/f155287,12834.00,10240
synth,/gpfs/scratch/bsc32/bsc096444/ai4land-tfm/tmp/synth_vs_real/synth/f208802,1305.67,10240
real,/gpfs/scratch/ehpc736/data/AI4LAND_NON_preprocessed-data-2000-2015.zarr/secdf/15.35.10,14276.06,4248
real,/gpfs/scratch/ehpc736/data/AI4LAND_NON_preprocessed-data-2000-2015.zarr/secdf/1.31.65,13317.63,4248
synth,/gpfs/scratch/bsc32/bsc096444/ai4land-tfm/tmp/synth_vs_real/synth/f713328,1139.91,10240
synth,/gpfs/scratch/bsc32/bsc096444/ai4land-tfm/tmp/synth_vs_real/synth/f919641,157.04,10240
synth,/gpfs/scratch/bsc32/bsc096444/ai4land-tfm/tmp/synth_vs_real/synth/f280746,12663.27,10240
synth,/gpfs/scratch/bsc32/bsc096444/ai4land-tfm/tmp/synth_vs_real/synth/f763934,1224.23,10240
real,/gpfs/scratch/ehpc736/data/AI4LAND_NON_preprocessed-data-2000-2015.zarr/secdn/14.5.67,16168.26,43402
real,/gpfs/scratch/ehpc736/data/AI4LAND_NON_preprocessed-data-2000-2015.zarr/urban/2.10.4,25676.54,4248
real,/gpfs/scratch/ehpc736/data/AI4LAND_NON_preprocessed-data-2000-2015.zarr/urban/6.6.30,20161.17,4248
synth,/gpfs/scratch/bsc32/bsc096444/ai4land-tfm/tmp/synth_vs_real/synth/f638720,21628.55,10240
real,/gpfs/scratch/ehpc736/data/AI4LAND_NON_preprocessed-data-2000-2015.zarr/LULC_states/0.31.4,21170.31,4248
real,/gpfs/scratch/ehpc736/data/AI4LAND_NON_preprocessed-data-2000-2015.zarr/pastr/4.17.34,13281.67,4248
synth,/gpfs/scratch/bsc32/bsc096444/ai4land-tfm/tmp/synth_vs_real/synth/f403906,19787.81,10240
real,/gpfs/scratch/ehpc736/data/AI4LAND_NON_preprocessed-data-2000-2015.zarr/secma/7.29.10,17350.15,4248
synth,/gpfs/scratch/bsc32/bsc096444/ai4land-tfm/tmp/synth_vs_real/synth/f478634,20032.99,10240
synth,/gpfs/scratch/bsc32/bsc096444/ai4land-tfm/tmp/synth_vs_real/synth/f25611,16218.57,10240
synth,/gpfs/scratch/bsc32/bsc096444/ai4land-tfm/tmp/synth_vs_real/synth/f610805,1755.46,10240
real,/gpfs/scratch/ehpc736/data/AI4LAND_NON_preprocessed-data-2000-2015.zarr/secdn/11.32.2,22464.19,4248
synth,/gpfs/scratch/bsc32/bsc096444/ai4land-tfm/tmp/synth_vs_real/synth/f463246,1084.98,10240
synth,/gpfs/scratch/bsc32/bsc096444/ai4land-tfm/tmp/synth_vs_real/synth/f182480,15276.30,10240
synth,/gpfs/scratch/bsc32/bsc096444/ai4land-tfm/tmp/synth_vs_real/synth/f758490,1440.40,10240
real,/gpfs/scratch/ehpc736/data/AI4LAND_NON_preprocessed-data-2000-2015.zarr/kg_class/13.15.24,18523.23,4248
real,/gpfs/scratch/ehpc736/data/AI4LAND_NON_preprocessed-data-2000-2015.zarr/secdf/1.34.4,16473.11,4248
real,/gpfs/scratch/ehpc736/data/AI4LAND_NON_preprocessed-data-2000-2015.zarr/secmb/3.13.54,34139.35,696213
synth,/gpfs/scratch/bsc32/bsc096444/ai4land-tfm/tmp/synth_vs_real/synth/f435020,17209.84,10240
synth,/gpfs/scratch/bsc32/bsc096444/ai4land-tfm/tmp/synth_vs_real/synth/f740734,1035.58,10240
real,/gpfs/scratch/ehpc736/data/AI4LAND_NON_preprocessed-data-2000-2015.zarr/range/1.2.69,17476.01,4248
synth,/gpfs/scratch/bsc32/bsc096444/ai4land-tfm/tmp/synth_vs_real/synth/f317212,17549.99,10240
synth,/gpfs/scratch/bsc32/bsc096444/ai4land-tfm/tmp/synth_vs_real/synth/f48050,31053.22,10240
synth,/gpfs/scratch/bsc32/bsc096444/ai4land-tfm/tmp/synth_vs_real/synth/f422179,18803.70,10240
real,/gpfs/scratch/ehpc736/data/AI4LAND_NON_preprocessed-data-2000-2015.zarr/c3ann/12.23.39,26516.51,751992
real,/gpfs/scratch/ehpc736/data/AI4LAND_NON_preprocessed-data-2000-2015.zarr/primn/1.33.20,15429.73,4248
synth,/gpfs/scratch/bsc32/bsc096444/ai4land-tfm/tmp/synth_vs_real/synth/f49405,41712.58,10240
real,/gpfs/scratch/ehpc736/data/AI4LAND_NON_preprocessed-data-2000-2015.zarr/primf/8.16.43,47735.88,4248
synth,/gpfs/scratch/bsc32/bsc096444/ai4land-tfm/tmp/synth_vs_real/synth/f845687,1471.05,10240
real,/gpfs/scratch/ehpc736/data/AI4LAND_NON_preprocessed-data-2000-2015.zarr/secmb/12.13.2,21681.55,4248
real,/gpfs/scratch/ehpc736/data/AI4LAND_NON_preprocessed-data-2000-2015.zarr/urban/15.23.63,22823.75,22013
real,/gpfs/scratch/ehpc736/data/AI4LAND_NON_preprocessed-data-2000-2015.zarr/c3per/1.2.50,12941.47,4248
