2026-06-14 19:35:33,737 - INFO - Recurrent UNet Model Successfully Configured and Initialized.
2026-06-14 19:35:33,760 - INFO - Starting from scratch (no valid checkpoint provided).
2026-06-14 19:35:39,030 - INFO - Train: 4480000 samples, Val: 640000 samples
2026-06-14 19:35:43,997 - INFO - Starting training from epoch 1
2026-06-14 19:36:08,455 - INFO - Epoch [1/5], Batch [1/300], Loss: 2.1551 (Overall: 2.1241, Change: 2.1862), TF Ratio: 1.000
2026-06-14 19:36:08,608 - INFO - Epoch [1/5], Batch [2/300], Loss: 2.2219 (Overall: 2.1525, Change: 2.4248), TF Ratio: 1.000
2026-06-14 19:36:08,759 - INFO - Epoch [1/5], Batch [3/300], Loss: 2.1870 (Overall: 2.1244, Change: 2.1102), TF Ratio: 0.999
2026-06-14 19:36:14,366 - INFO - Epoch [1/5], Batch [4/300], Loss: 2.1463 (Overall: 2.0804, Change: 1.9675), TF Ratio: 0.999
2026-06-14 19:36:14,522 - INFO - Epoch [1/5], Batch [5/300], Loss: 2.1028 (Overall: 1.7407, Change: 2.1171), TF Ratio: 0.999
2026-06-14 19:36:14,675 - INFO - Epoch [1/5], Batch [6/300], Loss: 2.0753 (Overall: 1.9286, Change: 1.9468), TF Ratio: 0.999
2026-06-14 19:36:14,827 - INFO - Epoch [1/5], Batch [7/300], Loss: 2.0427 (Overall: 1.8369, Change: 1.8569), TF Ratio: 0.999
2026-06-14 19:36:26,612 - INFO - Epoch [1/5], Batch [8/300], Loss: 2.0174 (Overall: 1.6856, Change: 1.9949), TF Ratio: 0.998
2026-06-14 19:36:28,330 - INFO - Epoch [1/5], Batch [9/300], Loss: 1.9927 (Overall: 1.6633, Change: 1.9279), TF Ratio: 0.998
2026-06-14 19:36:28,482 - INFO - Epoch [1/5], Batch [10/300], Loss: 1.9561 (Overall: 1.4774, Change: 1.7755), TF Ratio: 0.998
2026-06-14 19:36:28,636 - INFO - Epoch [1/5], Batch [11/300], Loss: 1.9345 (Overall: 1.5266, Change: 1.9105), TF Ratio: 0.998
2026-06-14 19:36:31,013 - INFO - Epoch [1/5], Batch [12/300], Loss: 1.9059 (Overall: 1.4690, Change: 1.7130), TF Ratio: 0.998
2026-06-14 19:36:31,169 - INFO - Epoch [1/5], Batch [13/300], Loss: 1.8935 (Overall: 1.5147, Change: 1.9756), TF Ratio: 0.997
2026-06-14 19:36:31,322 - INFO - Epoch [1/5], Batch [14/300], Loss: 1.8637 (Overall: 1.3181, Change: 1.6332), TF Ratio: 0.997
2026-06-14 19:36:31,474 - INFO - Epoch [1/5], Batch [15/300], Loss: 1.8572 (Overall: 1.5681, Change: 1.9659), TF Ratio: 0.997
2026-06-14 19:36:40,025 - INFO - Epoch [1/5], Batch [16/300], Loss: 1.8493 (Overall: 1.5144, Change: 1.9470), TF Ratio: 0.997
2026-06-14 19:36:44,657 - INFO - Epoch [1/5], Batch [17/300], Loss: 1.8252 (Overall: 1.2662, Change: 1.6140), TF Ratio: 0.997
2026-06-14 19:36:44,810 - INFO - Epoch [1/5], Batch [18/300], Loss: 1.8115 (Overall: 1.4575, Change: 1.6985), TF Ratio: 0.996
2026-06-14 19:36:44,963 - INFO - Epoch [1/5], Batch [19/300], Loss: 1.8010 (Overall: 1.4958, Change: 1.7266), TF Ratio: 0.996
2026-06-14 19:36:46,257 - INFO - Epoch [1/5], Batch [20/300], Loss: 1.7905 (Overall: 1.4103, Change: 1.7747), TF Ratio: 0.996
2026-06-14 19:36:46,411 - INFO - Epoch [1/5], Batch [21/300], Loss: 1.7698 (Overall: 1.1284, Change: 1.5796), TF Ratio: 0.996
2026-06-14 19:36:46,563 - INFO - Epoch [1/5], Batch [22/300], Loss: 1.7576 (Overall: 1.1933, Change: 1.8102), TF Ratio: 0.996
2026-06-14 19:36:46,717 - INFO - Epoch [1/5], Batch [23/300], Loss: 1.7387 (Overall: 1.1656, Change: 1.4837), TF Ratio: 0.995
2026-06-14 19:36:54,951 - INFO - Epoch [1/5], Batch [24/300], Loss: 1.7359 (Overall: 1.1813, Change: 2.1586), TF Ratio: 0.995
2026-06-14 19:37:10,488 - INFO - Epoch [1/5], Batch [25/300], Loss: 1.7297 (Overall: 1.3198, Change: 1.8410), TF Ratio: 0.995
2026-06-14 19:37:10,640 - INFO - Epoch [1/5], Batch [26/300], Loss: 1.7214 (Overall: 1.3533, Change: 1.6767), TF Ratio: 0.995
2026-06-14 19:37:10,792 - INFO - Epoch [1/5], Batch [27/300], Loss: 1.7131 (Overall: 1.5613, Change: 1.4314), TF Ratio: 0.995
2026-06-14 19:37:10,964 - INFO - Epoch [1/5], Batch [28/300], Loss: 1.7042 (Overall: 1.1862, Change: 1.7435), TF Ratio: 0.994
2026-06-14 19:37:11,117 - INFO - Epoch [1/5], Batch [29/300], Loss: 1.7028 (Overall: 1.1778, Change: 2.1488), TF Ratio: 0.994
2026-06-14 19:37:11,269 - INFO - Epoch [1/5], Batch [30/300], Loss: 1.6893 (Overall: 1.1377, Change: 1.4604), TF Ratio: 0.994
2026-06-14 19:37:11,424 - INFO - Epoch [1/5], Batch [31/300], Loss: 1.6819 (Overall: 1.3699, Change: 1.5477), TF Ratio: 0.994
2026-06-14 19:37:15,059 - INFO - Epoch [1/5], Batch [32/300], Loss: 1.6713 (Overall: 1.1191, Change: 1.5684), TF Ratio: 0.994
2026-06-14 19:37:23,664 - INFO - Epoch [1/5], Batch [33/300], Loss: 1.6653 (Overall: 1.3451, Change: 1.6026), TF Ratio: 0.993
2026-06-14 19:37:23,818 - INFO - Epoch [1/5], Batch [34/300], Loss: 1.6574 (Overall: 1.1166, Change: 1.6746), TF Ratio: 0.993
2026-06-14 19:37:23,972 - INFO - Epoch [1/5], Batch [35/300], Loss: 1.6465 (Overall: 1.2944, Change: 1.2538), TF Ratio: 0.993
2026-06-14 19:37:24,134 - INFO - Epoch [1/5], Batch [36/300], Loss: 1.6380 (Overall: 0.9625, Change: 1.7242), TF Ratio: 0.993
2026-06-14 19:37:24,291 - INFO - Epoch [1/5], Batch [37/300], Loss: 1.6270 (Overall: 0.9503, Change: 1.5122), TF Ratio: 0.993
2026-06-14 19:37:24,444 - INFO - Epoch [1/5], Batch [38/300], Loss: 1.6246 (Overall: 1.3169, Change: 1.7487), TF Ratio: 0.992
2026-06-14 19:37:24,596 - INFO - Epoch [1/5], Batch [39/300], Loss: 1.6148 (Overall: 1.0734, Change: 1.4175), TF Ratio: 0.992
2026-06-14 19:37:30,448 - INFO - Epoch [1/5], Batch [40/300], Loss: 1.6090 (Overall: 1.1503, Change: 1.6097), TF Ratio: 0.992
2026-06-14 19:37:37,897 - INFO - Epoch [1/5], Batch [41/300], Loss: 1.5996 (Overall: 1.0660, Change: 1.3833), TF Ratio: 0.992
2026-06-14 19:37:38,049 - INFO - Epoch [1/5], Batch [42/300], Loss: 1.5962 (Overall: 1.0748, Change: 1.8398), TF Ratio: 0.992
2026-06-14 19:37:38,201 - INFO - Epoch [1/5], Batch [43/300], Loss: 1.5897 (Overall: 1.0479, Change: 1.5802), TF Ratio: 0.991
2026-06-14 19:37:38,367 - INFO - Epoch [1/5], Batch [44/300], Loss: 1.5881 (Overall: 1.0746, Change: 1.9637), TF Ratio: 0.991
2026-06-14 19:37:38,520 - INFO - Epoch [1/5], Batch [45/300], Loss: 1.5786 (Overall: 1.0033, Change: 1.3222), TF Ratio: 0.991
2026-06-14 19:37:38,673 - INFO - Epoch [1/5], Batch [46/300], Loss: 1.5857 (Overall: 1.4643, Change: 2.3443), TF Ratio: 0.991
2026-06-14 19:37:38,825 - INFO - Epoch [1/5], Batch [47/300], Loss: 1.5796 (Overall: 0.9841, Change: 1.6131), TF Ratio: 0.991
2026-06-14 19:37:43,397 - INFO - Epoch [1/5], Batch [48/300], Loss: 1.5771 (Overall: 1.3056, Change: 1.6157), TF Ratio: 0.990
2026-06-14 19:37:50,624 - INFO - Epoch [1/5], Batch [49/300], Loss: 1.5756 (Overall: 1.2391, Change: 1.7648), TF Ratio: 0.990
2026-06-14 19:37:50,776 - INFO - Epoch [1/5], Batch [50/300], Loss: 1.5703 (Overall: 1.0219, Change: 1.6000), TF Ratio: 0.990
2026-06-14 19:37:50,929 - INFO - Epoch [1/5], Batch [51/300], Loss: 1.5646 (Overall: 1.0060, Change: 1.5604), TF Ratio: 0.990
2026-06-14 19:37:54,483 - INFO - Epoch [1/5], Batch [52/300], Loss: 1.5605 (Overall: 1.0619, Change: 1.6413), TF Ratio: 0.990
2026-06-14 19:37:54,643 - INFO - Epoch [1/5], Batch [53/300], Loss: 1.5575 (Overall: 1.1728, Change: 1.6245), TF Ratio: 0.989
2026-06-14 19:37:54,795 - INFO - Epoch [1/5], Batch [54/300], Loss: 1.5563 (Overall: 1.0993, Change: 1.8841), TF Ratio: 0.989
2026-06-14 19:37:54,947 - INFO - Epoch [1/5], Batch [55/300], Loss: 1.5516 (Overall: 1.0502, Change: 1.5453), TF Ratio: 0.989
2026-06-14 19:37:56,335 - INFO - Epoch [1/5], Batch [56/300], Loss: 1.5479 (Overall: 1.1114, Change: 1.5776), TF Ratio: 0.989
2026-06-14 19:38:04,880 - INFO - Epoch [1/5], Batch [57/300], Loss: 1.5480 (Overall: 1.4782, Change: 1.6315), TF Ratio: 0.989
2026-06-14 19:38:05,032 - INFO - Epoch [1/5], Batch [58/300], Loss: 1.5450 (Overall: 1.2279, Change: 1.5212), TF Ratio: 0.988
2026-06-14 19:38:05,184 - INFO - Epoch [1/5], Batch [59/300], Loss: 1.5430 (Overall: 1.0707, Change: 1.7772), TF Ratio: 0.988
2026-06-14 19:38:06,731 - INFO - Epoch [1/5], Batch [60/300], Loss: 1.5411 (Overall: 1.0328, Change: 1.8351), TF Ratio: 0.988
2026-06-14 19:38:06,886 - INFO - Epoch [1/5], Batch [61/300], Loss: 1.5396 (Overall: 1.2369, Change: 1.6563), TF Ratio: 0.988
2026-06-14 19:38:07,038 - INFO - Epoch [1/5], Batch [62/300], Loss: 1.5343 (Overall: 1.1098, Change: 1.3165), TF Ratio: 0.988
2026-06-14 19:38:07,190 - INFO - Epoch [1/5], Batch [63/300], Loss: 1.5322 (Overall: 1.1187, Change: 1.6860), TF Ratio: 0.987
2026-06-14 19:38:08,969 - INFO - Epoch [1/5], Batch [64/300], Loss: 1.5288 (Overall: 1.0352, Change: 1.5930), TF Ratio: 0.987
2026-06-14 19:38:17,905 - INFO - Epoch [1/5], Batch [65/300], Loss: 1.5236 (Overall: 1.0270, Change: 1.3464), TF Ratio: 0.987
2026-06-14 19:38:18,058 - INFO - Epoch [1/5], Batch [66/300], Loss: 1.5229 (Overall: 1.1697, Change: 1.7899), TF Ratio: 0.987
2026-06-14 19:38:18,210 - INFO - Epoch [1/5], Batch [67/300], Loss: 1.5222 (Overall: 1.3752, Change: 1.5823), TF Ratio: 0.987
2026-06-14 19:38:19,669 - INFO - Epoch [1/5], Batch [68/300], Loss: 1.5173 (Overall: 0.9731, Change: 1.3973), TF Ratio: 0.986
2026-06-14 19:38:19,823 - INFO - Epoch [1/5], Batch [69/300], Loss: 1.5140 (Overall: 0.9540, Change: 1.6270), TF Ratio: 0.986
2026-06-14 19:38:19,976 - INFO - Epoch [1/5], Batch [70/300], Loss: 1.5159 (Overall: 1.4270, Change: 1.8712), TF Ratio: 0.986
2026-06-14 19:38:20,129 - INFO - Epoch [1/5], Batch [71/300], Loss: 1.5107 (Overall: 0.8885, Change: 1.3964), TF Ratio: 0.986
2026-06-14 19:38:20,895 - INFO - Epoch [1/5], Batch [72/300], Loss: 1.5072 (Overall: 0.9007, Change: 1.6286), TF Ratio: 0.986
2026-06-14 19:38:32,128 - INFO - Epoch [1/5], Batch [73/300], Loss: 1.5060 (Overall: 1.1320, Change: 1.7049), TF Ratio: 0.985
2026-06-14 19:38:32,280 - INFO - Epoch [1/5], Batch [74/300], Loss: 1.5060 (Overall: 1.2313, Change: 1.7755), TF Ratio: 0.985
2026-06-14 19:38:32,432 - INFO - Epoch [1/5], Batch [75/300], Loss: 1.5054 (Overall: 1.1425, Change: 1.7858), TF Ratio: 0.985
2026-06-14 19:38:34,912 - INFO - Epoch [1/5], Batch [76/300], Loss: 1.5028 (Overall: 1.0496, Change: 1.5679), TF Ratio: 0.985
2026-06-14 19:38:35,065 - INFO - Epoch [1/5], Batch [77/300], Loss: 1.4992 (Overall: 0.9203, Change: 1.5199), TF Ratio: 0.985
2026-06-14 19:38:35,219 - INFO - Epoch [1/5], Batch [78/300], Loss: 1.5003 (Overall: 1.3139, Change: 1.8547), TF Ratio: 0.984
2026-06-14 19:38:35,371 - INFO - Epoch [1/5], Batch [79/300], Loss: 1.5006 (Overall: 1.1536, Change: 1.8948), TF Ratio: 0.984
2026-06-14 19:38:43,045 - INFO - Epoch [1/5], Batch [80/300], Loss: 1.4990 (Overall: 1.0379, Change: 1.7085), TF Ratio: 0.984
2026-06-14 19:38:44,543 - INFO - Epoch [1/5], Batch [81/300], Loss: 1.4965 (Overall: 1.0437, Change: 1.5563), TF Ratio: 0.984
2026-06-14 19:38:44,695 - INFO - Epoch [1/5], Batch [82/300], Loss: 1.4957 (Overall: 1.2386, Change: 1.6141), TF Ratio: 0.984
2026-06-14 19:38:44,847 - INFO - Epoch [1/5], Batch [83/300], Loss: 1.4924 (Overall: 1.0771, Change: 1.3664), TF Ratio: 0.983
2026-06-14 19:38:52,980 - INFO - Epoch [1/5], Batch [84/300], Loss: 1.4927 (Overall: 1.3042, Change: 1.7334), TF Ratio: 0.983
2026-06-14 19:38:53,137 - INFO - Epoch [1/5], Batch [85/300], Loss: 1.4911 (Overall: 0.9728, Change: 1.7360), TF Ratio: 0.983
2026-06-14 19:38:53,290 - INFO - Epoch [1/5], Batch [86/300], Loss: 1.4903 (Overall: 1.1308, Change: 1.7191), TF Ratio: 0.983
2026-06-14 19:38:53,441 - INFO - Epoch [1/5], Batch [87/300], Loss: 1.4876 (Overall: 0.8818, Change: 1.6389), TF Ratio: 0.983
2026-06-14 19:38:56,390 - INFO - Epoch [1/5], Batch [88/300], Loss: 1.4874 (Overall: 1.2768, Change: 1.6647), TF Ratio: 0.982
2026-06-14 19:38:57,806 - INFO - Epoch [1/5], Batch [89/300], Loss: 1.4855 (Overall: 0.9865, Change: 1.6396), TF Ratio: 0.982
2026-06-14 19:38:57,957 - INFO - Epoch [1/5], Batch [90/300], Loss: 1.4828 (Overall: 0.8987, Change: 1.5915), TF Ratio: 0.982
2026-06-14 19:38:58,109 - INFO - Epoch [1/5], Batch [91/300], Loss: 1.4775 (Overall: 0.8556, Change: 1.1406), TF Ratio: 0.982
2026-06-14 19:39:08,098 - INFO - Epoch [1/5], Batch [92/300], Loss: 1.4776 (Overall: 1.3149, Change: 1.6621), TF Ratio: 0.982
2026-06-14 19:39:08,253 - INFO - Epoch [1/5], Batch [93/300], Loss: 1.4744 (Overall: 0.8701, Change: 1.4853), TF Ratio: 0.981
2026-06-14 19:39:08,405 - INFO - Epoch [1/5], Batch [94/300], Loss: 1.4748 (Overall: 1.2883, Change: 1.7471), TF Ratio: 0.981
2026-06-14 19:39:08,557 - INFO - Epoch [1/5], Batch [95/300], Loss: 1.4709 (Overall: 0.8460, Change: 1.3580), TF Ratio: 0.981
2026-06-14 19:39:12,496 - INFO - Epoch [1/5], Batch [96/300], Loss: 1.4700 (Overall: 1.0760, Change: 1.6965), TF Ratio: 0.981
2026-06-14 19:39:17,932 - INFO - Epoch [1/5], Batch [97/300], Loss: 1.4675 (Overall: 0.9039, Change: 1.5494), TF Ratio: 0.981
2026-06-14 19:39:18,084 - INFO - Epoch [1/5], Batch [98/300], Loss: 1.4647 (Overall: 0.8789, Change: 1.5087), TF Ratio: 0.980
2026-06-14 19:39:18,236 - INFO - Epoch [1/5], Batch [99/300], Loss: 1.4649 (Overall: 1.0966, Change: 1.8603), TF Ratio: 0.980
2026-06-14 19:39:21,142 - INFO - Epoch [1/5], Batch [100/300], Loss: 1.4629 (Overall: 0.9372, Change: 1.6010), TF Ratio: 0.980
2026-06-14 19:39:21,300 - INFO - Epoch [1/5], Batch [101/300], Loss: 1.4617 (Overall: 1.0025, Change: 1.6778), TF Ratio: 0.980
2026-06-14 19:39:21,452 - INFO - Epoch [1/5], Batch [102/300], Loss: 1.4605 (Overall: 0.9526, Change: 1.7225), TF Ratio: 0.980
2026-06-14 19:39:21,604 - INFO - Epoch [1/5], Batch [103/300], Loss: 1.4612 (Overall: 1.4675, Change: 1.5962), TF Ratio: 0.979
2026-06-14 19:39:30,857 - INFO - Epoch [1/5], Batch [104/300], Loss: 1.4631 (Overall: 1.1269, Change: 2.1899), TF Ratio: 0.979
2026-06-14 19:39:31,061 - INFO - Epoch [1/5], Batch [105/300], Loss: 1.4607 (Overall: 0.9279, Change: 1.5057), TF Ratio: 0.979
2026-06-14 19:39:31,214 - INFO - Epoch [1/5], Batch [106/300], Loss: 1.4585 (Overall: 0.8547, Change: 1.6012), TF Ratio: 0.979
2026-06-14 19:39:31,367 - INFO - Epoch [1/5], Batch [107/300], Loss: 1.4570 (Overall: 0.9736, Change: 1.6057), TF Ratio: 0.979
2026-06-14 19:39:33,803 - INFO - Epoch [1/5], Batch [108/300], Loss: 1.4564 (Overall: 1.1600, Change: 1.6308), TF Ratio: 0.978
2026-06-14 19:39:33,957 - INFO - Epoch [1/5], Batch [109/300], Loss: 1.4540 (Overall: 0.9529, Change: 1.4463), TF Ratio: 0.978
2026-06-14 19:39:34,111 - INFO - Epoch [1/5], Batch [110/300], Loss: 1.4542 (Overall: 1.2636, Change: 1.6769), TF Ratio: 0.978
2026-06-14 19:39:34,264 - INFO - Epoch [1/5], Batch [111/300], Loss: 1.4522 (Overall: 0.8944, Change: 1.5721), TF Ratio: 0.978
2026-06-14 19:39:42,848 - INFO - Epoch [1/5], Batch [112/300], Loss: 1.4518 (Overall: 1.0808, Change: 1.7408), TF Ratio: 0.978
2026-06-14 19:39:44,513 - INFO - Epoch [1/5], Batch [113/300], Loss: 1.4515 (Overall: 0.9379, Change: 1.9003), TF Ratio: 0.977
2026-06-14 19:39:44,665 - INFO - Epoch [1/5], Batch [114/300], Loss: 1.4507 (Overall: 0.9825, Change: 1.7223), TF Ratio: 0.977
2026-06-14 19:39:44,817 - INFO - Epoch [1/5], Batch [115/300], Loss: 1.4485 (Overall: 0.9039, Change: 1.5112), TF Ratio: 0.977
2026-06-14 19:39:46,739 - INFO - Epoch [1/5], Batch [116/300], Loss: 1.4456 (Overall: 0.9598, Change: 1.2486), TF Ratio: 0.977
2026-06-14 19:39:46,892 - INFO - Epoch [1/5], Batch [117/300], Loss: 1.4445 (Overall: 0.9986, Change: 1.6525), TF Ratio: 0.977
2026-06-14 19:39:47,044 - INFO - Epoch [1/5], Batch [118/300], Loss: 1.4414 (Overall: 0.7472, Change: 1.4030), TF Ratio: 0.976
2026-06-14 19:39:47,196 - INFO - Epoch [1/5], Batch [119/300], Loss: 1.4385 (Overall: 0.9124, Change: 1.2747), TF Ratio: 0.976
2026-06-14 19:39:58,322 - INFO - Epoch [1/5], Batch [120/300], Loss: 1.4350 (Overall: 0.8074, Change: 1.2318), TF Ratio: 0.976
2026-06-14 19:40:03,032 - INFO - Epoch [1/5], Batch [121/300], Loss: 1.4322 (Overall: 0.8571, Change: 1.3261), TF Ratio: 0.976
2026-06-14 19:40:03,184 - INFO - Epoch [1/5], Batch [122/300], Loss: 1.4312 (Overall: 0.9971, Change: 1.6230), TF Ratio: 0.976
2026-06-14 19:40:03,336 - INFO - Epoch [1/5], Batch [123/300], Loss: 1.4297 (Overall: 1.0504, Change: 1.4432), TF Ratio: 0.975
2026-06-14 19:40:04,710 - INFO - Epoch [1/5], Batch [124/300], Loss: 1.4290 (Overall: 0.9043, Change: 1.7886), TF Ratio: 0.975
2026-06-14 19:40:04,865 - INFO - Epoch [1/5], Batch [125/300], Loss: 1.4270 (Overall: 1.0326, Change: 1.3165), TF Ratio: 0.975
2026-06-14 19:40:06,688 - INFO - Epoch [1/5], Batch [126/300], Loss: 1.4245 (Overall: 0.8601, Change: 1.3701), TF Ratio: 0.975
2026-06-14 19:40:06,840 - INFO - Epoch [1/5], Batch [127/300], Loss: 1.4233 (Overall: 1.1547, Change: 1.4053), TF Ratio: 0.975
2026-06-14 19:40:17,047 - INFO - Epoch [1/5], Batch [128/300], Loss: 1.4230 (Overall: 1.1037, Change: 1.6460), TF Ratio: 0.974
2026-06-14 19:40:17,200 - INFO - Epoch [1/5], Batch [129/300], Loss: 1.4212 (Overall: 0.8328, Change: 1.5569), TF Ratio: 0.974
2026-06-14 19:40:17,353 - INFO - Epoch [1/5], Batch [130/300], Loss: 1.4182 (Overall: 0.9384, Change: 1.1158), TF Ratio: 0.974
2026-06-14 19:40:17,504 - INFO - Epoch [1/5], Batch [131/300], Loss: 1.4158 (Overall: 0.9911, Change: 1.2153), TF Ratio: 0.974
2026-06-14 19:40:17,731 - INFO - Epoch [1/5], Batch [132/300], Loss: 1.4154 (Overall: 1.1764, Change: 1.5579), TF Ratio: 0.974
2026-06-14 19:40:17,884 - INFO - Epoch [1/5], Batch [133/300], Loss: 1.4148 (Overall: 0.9142, Change: 1.7641), TF Ratio: 0.973
2026-06-14 19:40:19,027 - INFO - Epoch [1/5], Batch [134/300], Loss: 1.4151 (Overall: 1.4790, Change: 1.4285), TF Ratio: 0.973
2026-06-14 19:40:19,178 - INFO - Epoch [1/5], Batch [135/300], Loss: 1.4141 (Overall: 0.9836, Change: 1.5847), TF Ratio: 0.973
2026-06-14 19:40:31,580 - INFO - Epoch [1/5], Batch [136/300], Loss: 1.4116 (Overall: 0.8343, Change: 1.3089), TF Ratio: 0.973
2026-06-14 19:40:35,163 - INFO - Epoch [1/5], Batch [137/300], Loss: 1.4089 (Overall: 0.8263, Change: 1.2559), TF Ratio: 0.973
2026-06-14 19:40:35,315 - INFO - Epoch [1/5], Batch [138/300], Loss: 1.4078 (Overall: 0.7823, Change: 1.7365), TF Ratio: 0.972
2026-06-14 19:40:35,468 - INFO - Epoch [1/5], Batch [139/300], Loss: 1.4082 (Overall: 1.1805, Change: 1.7480), TF Ratio: 0.972
2026-06-14 19:40:35,637 - INFO - Epoch [1/5], Batch [140/300], Loss: 1.4068 (Overall: 0.8921, Change: 1.5146), TF Ratio: 0.972
2026-06-14 19:40:35,791 - INFO - Epoch [1/5], Batch [141/300], Loss: 1.4039 (Overall: 0.8554, Change: 1.1557), TF Ratio: 0.972
2026-06-14 19:40:36,535 - INFO - Epoch [1/5], Batch [142/300], Loss: 1.4012 (Overall: 0.8925, Change: 1.1289), TF Ratio: 0.972
2026-06-14 19:40:36,688 - INFO - Epoch [1/5], Batch [143/300], Loss: 1.4010 (Overall: 0.9806, Change: 1.7839), TF Ratio: 0.971
2026-06-14 19:40:50,777 - INFO - Epoch [1/5], Batch [144/300], Loss: 1.3991 (Overall: 0.9923, Change: 1.2644), TF Ratio: 0.971
2026-06-14 19:40:50,931 - INFO - Epoch [1/5], Batch [145/300], Loss: 1.4006 (Overall: 1.3482, Change: 1.8835), TF Ratio: 0.971
2026-06-14 19:40:51,083 - INFO - Epoch [1/5], Batch [146/300], Loss: 1.3989 (Overall: 0.8271, Change: 1.4590), TF Ratio: 0.971
2026-06-14 19:40:51,235 - INFO - Epoch [1/5], Batch [147/300], Loss: 1.3983 (Overall: 1.0908, Change: 1.5353), TF Ratio: 0.971
2026-06-14 19:40:51,401 - INFO - Epoch [1/5], Batch [148/300], Loss: 1.3980 (Overall: 1.0578, Change: 1.6458), TF Ratio: 0.970
2026-06-14 19:40:51,554 - INFO - Epoch [1/5], Batch [149/300], Loss: 1.3982 (Overall: 1.0766, Change: 1.7763), TF Ratio: 0.970
2026-06-14 19:40:51,707 - INFO - Epoch [1/5], Batch [150/300], Loss: 1.4007 (Overall: 0.9647, Change: 2.6001), TF Ratio: 0.970
2026-06-14 19:40:51,859 - INFO - Epoch [1/5], Batch [151/300], Loss: 1.3998 (Overall: 1.0601, Change: 1.4570), TF Ratio: 0.970
2026-06-14 19:41:05,152 - INFO - Epoch [1/5], Batch [152/300], Loss: 1.3981 (Overall: 0.8408, Change: 1.4374), TF Ratio: 0.970
2026-06-14 19:41:09,113 - INFO - Epoch [1/5], Batch [153/300], Loss: 1.3979 (Overall: 1.1338, Change: 1.6058), TF Ratio: 0.969
2026-06-14 19:41:09,265 - INFO - Epoch [1/5], Batch [154/300], Loss: 1.3962 (Overall: 0.9383, Change: 1.3478), TF Ratio: 0.969
2026-06-14 19:41:09,417 - INFO - Epoch [1/5], Batch [155/300], Loss: 1.3957 (Overall: 1.0069, Change: 1.6238), TF Ratio: 0.969
2026-06-14 19:41:14,063 - INFO - Epoch [1/5], Batch [156/300], Loss: 1.3927 (Overall: 0.9018, Change: 0.9375), TF Ratio: 0.969
2026-06-14 19:41:14,221 - INFO - Epoch [1/5], Batch [157/300], Loss: 1.3902 (Overall: 0.7966, Change: 1.2169), TF Ratio: 0.969
2026-06-14 19:41:14,373 - INFO - Epoch [1/5], Batch [158/300], Loss: 1.3889 (Overall: 0.8550, Change: 1.5061), TF Ratio: 0.968
2026-06-14 19:41:14,526 - INFO - Epoch [1/5], Batch [159/300], Loss: 1.3890 (Overall: 0.9736, Change: 1.8563), TF Ratio: 0.968
2026-06-14 19:41:22,162 - INFO - Epoch [1/5], Batch [160/300], Loss: 1.3884 (Overall: 1.1615, Change: 1.4108), TF Ratio: 0.968
2026-06-14 19:41:26,197 - INFO - Epoch [1/5], Batch [161/300], Loss: 1.3885 (Overall: 1.0000, Change: 1.8047), TF Ratio: 0.968
2026-06-14 19:41:26,350 - INFO - Epoch [1/5], Batch [162/300], Loss: 1.3868 (Overall: 0.8152, Change: 1.4099), TF Ratio: 0.968
2026-06-14 19:41:26,503 - INFO - Epoch [1/5], Batch [163/300], Loss: 1.3855 (Overall: 0.8560, Change: 1.5058), TF Ratio: 0.967
2026-06-14 19:41:26,675 - INFO - Epoch [1/5], Batch [164/300], Loss: 1.3844 (Overall: 0.8516, Change: 1.5532), TF Ratio: 0.967
2026-06-14 19:41:26,828 - INFO - Epoch [1/5], Batch [165/300], Loss: 1.3838 (Overall: 0.8844, Change: 1.7034), TF Ratio: 0.967
2026-06-14 19:41:26,980 - INFO - Epoch [1/5], Batch [166/300], Loss: 1.3826 (Overall: 1.1848, Change: 1.1697), TF Ratio: 0.967
2026-06-14 19:41:27,132 - INFO - Epoch [1/5], Batch [167/300], Loss: 1.3809 (Overall: 0.8365, Change: 1.3482), TF Ratio: 0.967
2026-06-14 19:41:43,579 - INFO - Epoch [1/5], Batch [168/300], Loss: 1.3795 (Overall: 0.9099, Change: 1.3891), TF Ratio: 0.966
2026-06-14 19:41:43,734 - INFO - Epoch [1/5], Batch [169/300], Loss: 1.3792 (Overall: 0.9897, Change: 1.6660), TF Ratio: 0.966
2026-06-14 19:41:43,887 - INFO - Epoch [1/5], Batch [170/300], Loss: 1.3792 (Overall: 0.9507, Change: 1.8086), TF Ratio: 0.966
2026-06-14 19:41:44,040 - INFO - Epoch [1/5], Batch [171/300], Loss: 1.3777 (Overall: 1.0664, Change: 1.1780), TF Ratio: 0.966
2026-06-14 19:41:44,211 - INFO - Epoch [1/5], Batch [172/300], Loss: 1.3771 (Overall: 1.0210, Change: 1.5374), TF Ratio: 0.966
2026-06-14 19:41:44,364 - INFO - Epoch [1/5], Batch [173/300], Loss: 1.3757 (Overall: 0.9632, Change: 1.2935), TF Ratio: 0.965
2026-06-14 19:41:44,516 - INFO - Epoch [1/5], Batch [174/300], Loss: 1.3738 (Overall: 0.8000, Change: 1.2963), TF Ratio: 0.965
2026-06-14 19:41:44,669 - INFO - Epoch [1/5], Batch [175/300], Loss: 1.3737 (Overall: 1.0444, Change: 1.6595), TF Ratio: 0.965
2026-06-14 19:42:03,927 - INFO - Epoch [1/5], Batch [176/300], Loss: 1.3731 (Overall: 1.0972, Change: 1.4695), TF Ratio: 0.965
2026-06-14 19:42:04,084 - INFO - Epoch [1/5], Batch [177/300], Loss: 1.3711 (Overall: 0.7746, Change: 1.2523), TF Ratio: 0.965
2026-06-14 19:42:04,237 - INFO - Epoch [1/5], Batch [178/300], Loss: 1.3702 (Overall: 0.8374, Change: 1.5753), TF Ratio: 0.964
2026-06-14 19:42:04,390 - INFO - Epoch [1/5], Batch [179/300], Loss: 1.3692 (Overall: 0.9759, Change: 1.4178), TF Ratio: 0.964
2026-06-14 19:42:04,555 - INFO - Epoch [1/5], Batch [180/300], Loss: 1.3687 (Overall: 0.9314, Change: 1.6350), TF Ratio: 0.964
2026-06-14 19:42:04,709 - INFO - Epoch [1/5], Batch [181/300], Loss: 1.3683 (Overall: 1.0405, Change: 1.5362), TF Ratio: 0.964
2026-06-14 19:42:04,862 - INFO - Epoch [1/5], Batch [182/300], Loss: 1.3695 (Overall: 1.3368, Change: 1.8233), TF Ratio: 0.964
2026-06-14 19:42:05,014 - INFO - Epoch [1/5], Batch [183/300], Loss: 1.3690 (Overall: 0.9649, Change: 1.6227), TF Ratio: 0.963
2026-06-14 19:42:21,266 - INFO - Epoch [1/5], Batch [184/300], Loss: 1.3666 (Overall: 0.8072, Change: 1.0381), TF Ratio: 0.963
2026-06-14 19:42:22,520 - INFO - Epoch [1/5], Batch [185/300], Loss: 1.3671 (Overall: 0.8114, Change: 2.0887), TF Ratio: 0.963
2026-06-14 19:42:22,672 - INFO - Epoch [1/5], Batch [186/300], Loss: 1.3666 (Overall: 0.8513, Change: 1.7096), TF Ratio: 0.963
2026-06-14 19:42:22,825 - INFO - Epoch [1/5], Batch [187/300], Loss: 1.3672 (Overall: 1.1850, Change: 1.7836), TF Ratio: 0.963
2026-06-14 19:42:22,993 - INFO - Epoch [1/5], Batch [188/300], Loss: 1.3686 (Overall: 1.1867, Change: 2.0722), TF Ratio: 0.962
2026-06-14 19:42:23,145 - INFO - Epoch [1/5], Batch [189/300], Loss: 1.3683 (Overall: 1.0331, Change: 1.5713), TF Ratio: 0.962
2026-06-14 19:42:23,298 - INFO - Epoch [1/5], Batch [190/300], Loss: 1.3678 (Overall: 1.0028, Change: 1.5663), TF Ratio: 0.962
2026-06-14 19:42:23,451 - INFO - Epoch [1/5], Batch [191/300], Loss: 1.3667 (Overall: 0.7905, Change: 1.5023), TF Ratio: 0.962
2026-06-14 19:42:33,238 - INFO - Epoch [1/5], Batch [192/300], Loss: 1.3665 (Overall: 1.0938, Change: 1.5803), TF Ratio: 0.962
2026-06-14 19:42:40,497 - INFO - Epoch [1/5], Batch [193/300], Loss: 1.3666 (Overall: 1.0824, Change: 1.6978), TF Ratio: 0.961
2026-06-14 19:42:40,651 - INFO - Epoch [1/5], Batch [194/300], Loss: 1.3683 (Overall: 1.5246, Change: 1.8448), TF Ratio: 0.961
2026-06-14 19:42:40,803 - INFO - Epoch [1/5], Batch [195/300], Loss: 1.3675 (Overall: 0.9110, Change: 1.5322), TF Ratio: 0.961
2026-06-14 19:42:40,969 - INFO - Epoch [1/5], Batch [196/300], Loss: 1.3674 (Overall: 1.2540, Change: 1.4422), TF Ratio: 0.961
2026-06-14 19:42:41,122 - INFO - Epoch [1/5], Batch [197/300], Loss: 1.3678 (Overall: 1.2826, Change: 1.6137), TF Ratio: 0.961
2026-06-14 19:42:41,275 - INFO - Epoch [1/5], Batch [198/300], Loss: 1.3657 (Overall: 0.7996, Change: 1.0838), TF Ratio: 0.960
2026-06-14 19:42:41,427 - INFO - Epoch [1/5], Batch [199/300], Loss: 1.3649 (Overall: 0.8270, Change: 1.5964), TF Ratio: 0.960
2026-06-14 19:42:47,286 - INFO - Epoch [1/5], Batch [200/300], Loss: 1.3644 (Overall: 0.9993, Change: 1.5246), TF Ratio: 0.960
2026-06-14 19:42:54,318 - INFO - Epoch [1/5], Batch [201/300], Loss: 1.3637 (Overall: 1.0954, Change: 1.3501), TF Ratio: 0.960
2026-06-14 19:42:54,471 - INFO - Epoch [1/5], Batch [202/300], Loss: 1.3627 (Overall: 1.0648, Change: 1.2615), TF Ratio: 0.960
2026-06-14 19:42:54,625 - INFO - Epoch [1/5], Batch [203/300], Loss: 1.3623 (Overall: 1.0296, Change: 1.5225), TF Ratio: 0.959
2026-06-14 19:42:54,799 - INFO - Epoch [1/5], Batch [204/300], Loss: 1.3611 (Overall: 0.8199, Change: 1.4029), TF Ratio: 0.959
2026-06-14 19:42:54,952 - INFO - Epoch [1/5], Batch [205/300], Loss: 1.3598 (Overall: 0.9649, Change: 1.2568), TF Ratio: 0.959
2026-06-14 19:42:55,104 - INFO - Epoch [1/5], Batch [206/300], Loss: 1.3601 (Overall: 1.3412, Change: 1.4900), TF Ratio: 0.959
2026-06-14 19:42:55,257 - INFO - Epoch [1/5], Batch [207/300], Loss: 1.3596 (Overall: 0.8375, Change: 1.6863), TF Ratio: 0.959
2026-06-14 19:42:59,751 - INFO - Epoch [1/5], Batch [208/300], Loss: 1.3597 (Overall: 1.1537, Change: 1.6014), TF Ratio: 0.958
2026-06-14 19:43:09,037 - INFO - Epoch [1/5], Batch [209/300], Loss: 1.3582 (Overall: 0.7647, Change: 1.3429), TF Ratio: 0.958
2026-06-14 19:43:09,192 - INFO - Epoch [1/5], Batch [210/300], Loss: 1.3595 (Overall: 0.8006, Change: 2.4265), TF Ratio: 0.958
2026-06-14 19:43:09,345 - INFO - Epoch [1/5], Batch [211/300], Loss: 1.3594 (Overall: 1.0048, Change: 1.6919), TF Ratio: 0.958
2026-06-14 19:43:09,507 - INFO - Epoch [1/5], Batch [212/300], Loss: 1.3588 (Overall: 0.9865, Change: 1.4680), TF Ratio: 0.958
2026-06-14 19:43:09,660 - INFO - Epoch [1/5], Batch [213/300], Loss: 1.3568 (Overall: 0.7649, Change: 1.1212), TF Ratio: 0.957
2026-06-14 19:43:09,813 - INFO - Epoch [1/5], Batch [214/300], Loss: 1.3571 (Overall: 1.0830, Change: 1.7624), TF Ratio: 0.957
2026-06-14 19:43:09,965 - INFO - Epoch [1/5], Batch [215/300], Loss: 1.3555 (Overall: 0.7515, Change: 1.2354), TF Ratio: 0.957
2026-06-14 19:43:15,404 - INFO - Epoch [1/5], Batch [216/300], Loss: 1.3543 (Overall: 0.7311, Change: 1.4917), TF Ratio: 0.957
2026-06-14 19:43:20,754 - INFO - Epoch [1/5], Batch [217/300], Loss: 1.3534 (Overall: 0.8447, Change: 1.4506), TF Ratio: 0.957
2026-06-14 19:43:20,907 - INFO - Epoch [1/5], Batch [218/300], Loss: 1.3512 (Overall: 0.7610, Change: 0.9859), TF Ratio: 0.956
2026-06-14 19:43:21,060 - INFO - Epoch [1/5], Batch [219/300], Loss: 1.3498 (Overall: 0.7375, Change: 1.3518), TF Ratio: 0.956
2026-06-14 19:43:21,237 - INFO - Epoch [1/5], Batch [220/300], Loss: 1.3487 (Overall: 0.8218, Change: 1.3880), TF Ratio: 0.956
2026-06-14 19:43:21,390 - INFO - Epoch [1/5], Batch [221/300], Loss: 1.3477 (Overall: 0.8373, Change: 1.4194), TF Ratio: 0.956
2026-06-14 19:43:21,543 - INFO - Epoch [1/5], Batch [222/300], Loss: 1.3467 (Overall: 0.8202, Change: 1.4447), TF Ratio: 0.956
2026-06-14 19:43:21,696 - INFO - Epoch [1/5], Batch [223/300], Loss: 1.3458 (Overall: 1.0226, Change: 1.2614), TF Ratio: 0.955
2026-06-14 19:43:27,109 - INFO - Epoch [1/5], Batch [224/300], Loss: 1.3451 (Overall: 0.7857, Change: 1.6171), TF Ratio: 0.955
2026-06-14 19:43:32,188 - INFO - Epoch [1/5], Batch [225/300], Loss: 1.3437 (Overall: 0.7767, Change: 1.2801), TF Ratio: 0.955
2026-06-14 19:43:32,341 - INFO - Epoch [1/5], Batch [226/300], Loss: 1.3430 (Overall: 0.8720, Change: 1.5049), TF Ratio: 0.955
2026-06-14 19:43:32,494 - INFO - Epoch [1/5], Batch [227/300], Loss: 1.3413 (Overall: 0.7249, Change: 1.1668), TF Ratio: 0.955
2026-06-14 19:43:32,661 - INFO - Epoch [1/5], Batch [228/300], Loss: 1.3418 (Overall: 1.0639, Change: 1.8312), TF Ratio: 0.954
2026-06-14 19:43:32,815 - INFO - Epoch [1/5], Batch [229/300], Loss: 1.3417 (Overall: 0.9040, Change: 1.7341), TF Ratio: 0.954
2026-06-14 19:43:32,967 - INFO - Epoch [1/5], Batch [230/300], Loss: 1.3402 (Overall: 0.9692, Change: 1.0481), TF Ratio: 0.954
2026-06-14 19:43:33,120 - INFO - Epoch [1/5], Batch [231/300], Loss: 1.3388 (Overall: 0.7607, Change: 1.2618), TF Ratio: 0.954
2026-06-14 19:43:44,059 - INFO - Epoch [1/5], Batch [232/300], Loss: 1.3388 (Overall: 1.0657, Change: 1.6364), TF Ratio: 0.954
2026-06-14 19:43:44,434 - INFO - Epoch [1/5], Batch [233/300], Loss: 1.3379 (Overall: 0.8172, Change: 1.4235), TF Ratio: 0.953
2026-06-14 19:43:44,587 - INFO - Epoch [1/5], Batch [234/300], Loss: 1.3383 (Overall: 0.7878, Change: 2.0800), TF Ratio: 0.953
2026-06-14 19:43:44,739 - INFO - Epoch [1/5], Batch [235/300], Loss: 1.3382 (Overall: 1.1743, Change: 1.4607), TF Ratio: 0.953
2026-06-14 19:43:44,905 - INFO - Epoch [1/5], Batch [236/300], Loss: 1.3380 (Overall: 1.0654, Change: 1.5113), TF Ratio: 0.953
2026-06-14 19:43:48,280 - INFO - Epoch [1/5], Batch [237/300], Loss: 1.3372 (Overall: 0.8533, Change: 1.4400), TF Ratio: 0.953
2026-06-14 19:43:48,433 - INFO - Epoch [1/5], Batch [238/300], Loss: 1.3359 (Overall: 0.9022, Change: 1.1418), TF Ratio: 0.952
2026-06-14 19:43:48,585 - INFO - Epoch [1/5], Batch [239/300], Loss: 1.3354 (Overall: 0.8547, Change: 1.6028), TF Ratio: 0.952
2026-06-14 19:43:57,540 - INFO - Epoch [1/5], Batch [240/300], Loss: 1.3349 (Overall: 1.1503, Change: 1.2770), TF Ratio: 0.952
2026-06-14 19:43:57,695 - INFO - Epoch [1/5], Batch [241/300], Loss: 1.3342 (Overall: 0.8362, Change: 1.5058), TF Ratio: 0.952
2026-06-14 19:43:57,847 - INFO - Epoch [1/5], Batch [242/300], Loss: 1.3357 (Overall: 1.2971, Change: 2.0956), TF Ratio: 0.952
2026-06-14 19:43:57,999 - INFO - Epoch [1/5], Batch [243/300], Loss: 1.3354 (Overall: 1.0170, Change: 1.4842), TF Ratio: 0.951
2026-06-14 19:43:59,442 - INFO - Epoch [1/5], Batch [244/300], Loss: 1.3353 (Overall: 0.9811, Change: 1.6520), TF Ratio: 0.951
2026-06-14 19:43:59,596 - INFO - Epoch [1/5], Batch [245/300], Loss: 1.3339 (Overall: 0.7374, Change: 1.2259), TF Ratio: 0.951
2026-06-14 19:43:59,748 - INFO - Epoch [1/5], Batch [246/300], Loss: 1.3337 (Overall: 1.1721, Change: 1.4114), TF Ratio: 0.951
2026-06-14 19:44:03,489 - INFO - Epoch [1/5], Batch [247/300], Loss: 1.3334 (Overall: 0.6627, Change: 1.8789), TF Ratio: 0.951
2026-06-14 19:44:12,672 - INFO - Epoch [1/5], Batch [248/300], Loss: 1.3335 (Overall: 1.0320, Change: 1.6779), TF Ratio: 0.950
2026-06-14 19:44:12,827 - INFO - Epoch [1/5], Batch [249/300], Loss: 1.3325 (Overall: 0.9505, Change: 1.2016), TF Ratio: 0.950
2026-06-14 19:44:12,980 - INFO - Epoch [1/5], Batch [250/300], Loss: 1.3315 (Overall: 0.7249, Change: 1.4438), TF Ratio: 0.950
2026-06-14 19:44:13,132 - INFO - Epoch [1/5], Batch [251/300], Loss: 1.3305 (Overall: 0.8699, Change: 1.2990), TF Ratio: 0.950
2026-06-14 19:44:13,299 - INFO - Epoch [1/5], Batch [252/300], Loss: 1.3296 (Overall: 0.7855, Change: 1.4082), TF Ratio: 0.950
2026-06-14 19:44:13,452 - INFO - Epoch [1/5], Batch [253/300], Loss: 1.3300 (Overall: 0.9891, Change: 1.8689), TF Ratio: 0.949
2026-06-14 19:44:13,605 - INFO - Epoch [1/5], Batch [254/300], Loss: 1.3286 (Overall: 0.7616, Change: 1.2203), TF Ratio: 0.949
2026-06-14 19:44:15,480 - INFO - Epoch [1/5], Batch [255/300], Loss: 1.3276 (Overall: 0.6750, Change: 1.4478), TF Ratio: 0.949
2026-06-14 19:44:25,001 - INFO - Epoch [1/5], Batch [256/300], Loss: 1.3259 (Overall: 0.6598, Change: 1.1153), TF Ratio: 0.949
2026-06-14 19:44:25,160 - INFO - Epoch [1/5], Batch [257/300], Loss: 1.3254 (Overall: 0.9069, Change: 1.4838), TF Ratio: 0.949
2026-06-14 19:44:25,313 - INFO - Epoch [1/5], Batch [258/300], Loss: 1.3243 (Overall: 1.0088, Change: 1.0866), TF Ratio: 0.948
2026-06-14 19:44:25,465 - INFO - Epoch [1/5], Batch [259/300], Loss: 1.3238 (Overall: 0.8682, Change: 1.5247), TF Ratio: 0.948
2026-06-14 19:44:26,548 - INFO - Epoch [1/5], Batch [260/300], Loss: 1.3222 (Overall: 0.7094, Change: 1.1143), TF Ratio: 0.948
2026-06-14 19:44:28,172 - INFO - Epoch [1/5], Batch [261/300], Loss: 1.3205 (Overall: 0.7654, Change: 0.9958), TF Ratio: 0.948
2026-06-14 19:44:28,325 - INFO - Epoch [1/5], Batch [262/300], Loss: 1.3198 (Overall: 0.9338, Change: 1.3306), TF Ratio: 0.948
2026-06-14 19:44:28,716 - INFO - Epoch [1/5], Batch [263/300], Loss: 1.3199 (Overall: 0.9485, Change: 1.7550), TF Ratio: 0.947
2026-06-14 19:44:36,751 - INFO - Epoch [1/5], Batch [264/300], Loss: 1.3184 (Overall: 0.7599, Change: 1.0606), TF Ratio: 0.947
2026-06-14 19:44:53,793 - INFO - Epoch [1/5], Batch [265/300], Loss: 1.3174 (Overall: 0.7400, Change: 1.4065), TF Ratio: 0.947
2026-06-14 19:44:53,946 - INFO - Epoch [1/5], Batch [266/300], Loss: 1.3186 (Overall: 0.8369, Change: 2.4021), TF Ratio: 0.947
2026-06-14 19:44:54,099 - INFO - Epoch [1/5], Batch [267/300], Loss: 1.3182 (Overall: 0.9622, Change: 1.4766), TF Ratio: 0.947
2026-06-14 19:44:54,263 - INFO - Epoch [1/5], Batch [268/300], Loss: 1.3173 (Overall: 0.8440, Change: 1.2880), TF Ratio: 0.946
2026-06-14 19:44:54,416 - INFO - Epoch [1/5], Batch [269/300], Loss: 1.3156 (Overall: 0.5994, Change: 1.1371), TF Ratio: 0.946
2026-06-14 19:44:55,649 - INFO - Epoch [1/5], Batch [270/300], Loss: 1.3145 (Overall: 0.6797, Change: 1.3591), TF Ratio: 0.946
2026-06-14 19:44:55,801 - INFO - Epoch [1/5], Batch [271/300], Loss: 1.3137 (Overall: 0.8792, Change: 1.3311), TF Ratio: 0.946
2026-06-14 19:45:03,362 - INFO - Epoch [1/5], Batch [272/300], Loss: 1.3133 (Overall: 0.8132, Change: 1.5914), TF Ratio: 0.946
2026-06-14 19:45:07,670 - INFO - Epoch [1/5], Batch [273/300], Loss: 1.3126 (Overall: 0.9851, Change: 1.2392), TF Ratio: 0.945
2026-06-14 19:45:07,823 - INFO - Epoch [1/5], Batch [274/300], Loss: 1.3121 (Overall: 0.8298, Change: 1.5162), TF Ratio: 0.945
2026-06-14 19:45:07,975 - INFO - Epoch [1/5], Batch [275/300], Loss: 1.3113 (Overall: 0.7287, Change: 1.4939), TF Ratio: 0.945
2026-06-14 19:45:08,142 - INFO - Epoch [1/5], Batch [276/300], Loss: 1.3103 (Overall: 0.6896, Change: 1.3601), TF Ratio: 0.945
2026-06-14 19:45:08,295 - INFO - Epoch [1/5], Batch [277/300], Loss: 1.3096 (Overall: 0.7680, Change: 1.4511), TF Ratio: 0.945
2026-06-14 19:45:08,447 - INFO - Epoch [1/5], Batch [278/300], Loss: 1.3086 (Overall: 0.9655, Change: 1.1314), TF Ratio: 0.944
2026-06-14 19:45:08,599 - INFO - Epoch [1/5], Batch [279/300], Loss: 1.3091 (Overall: 1.3682, Change: 1.5175), TF Ratio: 0.944
2026-06-14 19:45:15,038 - INFO - Epoch [1/5], Batch [280/300], Loss: 1.3086 (Overall: 0.7915, Change: 1.5064), TF Ratio: 0.944
2026-06-14 19:45:19,220 - INFO - Epoch [1/5], Batch [281/300], Loss: 1.3086 (Overall: 1.0636, Change: 1.5949), TF Ratio: 0.944
2026-06-14 19:45:19,374 - INFO - Epoch [1/5], Batch [282/300], Loss: 1.3072 (Overall: 0.5551, Change: 1.2410), TF Ratio: 0.944
2026-06-14 19:45:19,532 - INFO - Epoch [1/5], Batch [283/300], Loss: 1.3067 (Overall: 0.9053, Change: 1.4207), TF Ratio: 0.943
2026-06-14 19:45:19,693 - INFO - Epoch [1/5], Batch [284/300], Loss: 1.3063 (Overall: 0.8468, Change: 1.5705), TF Ratio: 0.943
2026-06-14 19:45:19,846 - INFO - Epoch [1/5], Batch [285/300], Loss: 1.3054 (Overall: 0.7296, Change: 1.3634), TF Ratio: 0.943
2026-06-14 19:45:19,999 - INFO - Epoch [1/5], Batch [286/300], Loss: 1.3046 (Overall: 0.7971, Change: 1.3622), TF Ratio: 0.943
2026-06-14 19:45:20,152 - INFO - Epoch [1/5], Batch [287/300], Loss: 1.3040 (Overall: 0.7177, Change: 1.5118), TF Ratio: 0.943
2026-06-14 19:45:30,442 - INFO - Epoch [1/5], Batch [288/300], Loss: 1.3025 (Overall: 0.7712, Change: 1.0112), TF Ratio: 0.942
2026-06-14 19:45:39,233 - INFO - Epoch [1/5], Batch [289/300], Loss: 1.3021 (Overall: 0.8735, Change: 1.5096), TF Ratio: 0.942
2026-06-14 19:45:39,385 - INFO - Epoch [1/5], Batch [290/300], Loss: 1.3014 (Overall: 0.7584, Change: 1.4117), TF Ratio: 0.942
2026-06-14 19:45:39,537 - INFO - Epoch [1/5], Batch [291/300], Loss: 1.3004 (Overall: 0.6758, Change: 1.3695), TF Ratio: 0.942
2026-06-14 19:45:39,701 - INFO - Epoch [1/5], Batch [292/300], Loss: 1.2997 (Overall: 0.7677, Change: 1.4323), TF Ratio: 0.942
2026-06-14 19:45:39,863 - INFO - Epoch [1/5], Batch [293/300], Loss: 1.2997 (Overall: 1.1435, Change: 1.4268), TF Ratio: 0.941
2026-06-14 19:45:40,016 - INFO - Epoch [1/5], Batch [294/300], Loss: 1.2985 (Overall: 0.8062, Change: 1.0649), TF Ratio: 0.941
2026-06-14 19:45:40,168 - INFO - Epoch [1/5], Batch [295/300], Loss: 1.2994 (Overall: 1.2203, Change: 1.9455), TF Ratio: 0.941
2026-06-14 19:45:50,614 - INFO - Epoch [1/5], Batch [296/300], Loss: 1.2989 (Overall: 0.8323, Change: 1.4661), TF Ratio: 0.941
2026-06-14 19:45:54,291 - INFO - Epoch [1/5], Batch [297/300], Loss: 1.2978 (Overall: 0.7739, Change: 1.1445), TF Ratio: 0.941
2026-06-14 19:45:54,443 - INFO - Epoch [1/5], Batch [298/300], Loss: 1.2969 (Overall: 0.6049, Change: 1.4649), TF Ratio: 0.940
2026-06-14 19:45:54,596 - INFO - Epoch [1/5], Batch [299/300], Loss: 1.2970 (Overall: 1.0616, Change: 1.5992), TF Ratio: 0.940
2026-06-14 19:45:54,763 - INFO - Epoch [1/5], Batch [300/300], Loss: 1.2997 (Overall: 1.8600, Change: 2.3736), TF Ratio: 0.940
2026-06-14 19:46:07,571 - INFO - Epoch 1 done. Validating...
2026-06-14 19:46:50,699 - INFO - Epoch [1/5] | Train: 1.3034 | Val: 0.7715
2026-06-14 19:46:50,997 - INFO - Checkpoint saved: /gpfs/scratch/bsc32/bsc096444/ai4land-tfm/trained_models/unet_impl/41788801/best_model.pth
2026-06-14 19:46:51,236 - INFO - Checkpoint saved: /gpfs/scratch/bsc32/bsc096444/ai4land-tfm/trained_models/unet_impl/41788801/model_epoch_1.pth
2026-06-14 19:47:10,949 - INFO - Epoch [2/5], Batch [1/300], Loss: 1.2028 (Overall: 0.7969, Change: 1.6087), TF Ratio: 0.940
2026-06-14 19:47:11,970 - INFO - Epoch [2/5], Batch [2/300], Loss: 1.0659 (Overall: 0.6980, Change: 1.1599), TF Ratio: 0.940
2026-06-14 19:47:12,122 - INFO - Epoch [2/5], Batch [3/300], Loss: 1.0920 (Overall: 0.7548, Change: 1.5336), TF Ratio: 0.939
2026-06-14 19:47:16,505 - INFO - Epoch [2/5], Batch [4/300], Loss: 1.1018 (Overall: 0.9366, Change: 1.3260), TF Ratio: 0.939
2026-06-14 19:47:16,659 - INFO - Epoch [2/5], Batch [5/300], Loss: 1.1120 (Overall: 0.7535, Change: 1.5515), TF Ratio: 0.939
2026-06-14 19:47:16,811 - INFO - Epoch [2/5], Batch [6/300], Loss: 1.1140 (Overall: 0.9125, Change: 1.3362), TF Ratio: 0.939
2026-06-14 19:47:16,964 - INFO - Epoch [2/5], Batch [7/300], Loss: 1.0928 (Overall: 0.7156, Change: 1.2152), TF Ratio: 0.939
2026-06-14 19:47:25,016 - INFO - Epoch [2/5], Batch [8/300], Loss: 1.1134 (Overall: 0.9514, Change: 1.5637), TF Ratio: 0.938
2026-06-14 19:47:25,173 - INFO - Epoch [2/5], Batch [9/300], Loss: 1.1167 (Overall: 1.0096, Change: 1.2763), TF Ratio: 0.938
2026-06-14 19:47:27,319 - INFO - Epoch [2/5], Batch [10/300], Loss: 1.1214 (Overall: 0.8807, Change: 1.4471), TF Ratio: 0.938
2026-06-14 19:47:27,471 - INFO - Epoch [2/5], Batch [11/300], Loss: 1.1334 (Overall: 0.9565, Change: 1.5502), TF Ratio: 0.938
2026-06-14 19:47:33,966 - INFO - Epoch [2/5], Batch [12/300], Loss: 1.1360 (Overall: 1.2083, Change: 1.1204), TF Ratio: 0.938
2026-06-14 19:47:34,120 - INFO - Epoch [2/5], Batch [13/300], Loss: 1.1557 (Overall: 1.2065, Change: 1.5790), TF Ratio: 0.937
2026-06-14 19:47:34,273 - INFO - Epoch [2/5], Batch [14/300], Loss: 1.1527 (Overall: 0.7596, Change: 1.4680), TF Ratio: 0.937
2026-06-14 19:47:34,426 - INFO - Epoch [2/5], Batch [15/300], Loss: 1.1307 (Overall: 0.7281, Change: 0.9157), TF Ratio: 0.937
2026-06-14 19:47:46,409 - INFO - Epoch [2/5], Batch [16/300], Loss: 1.1378 (Overall: 1.0397, Change: 1.4492), TF Ratio: 0.937
2026-06-14 19:47:46,561 - INFO - Epoch [2/5], Batch [17/300], Loss: 1.1327 (Overall: 0.8543, Change: 1.2501), TF Ratio: 0.937
2026-06-14 19:47:46,713 - INFO - Epoch [2/5], Batch [18/300], Loss: 1.1272 (Overall: 0.7376, Change: 1.3300), TF Ratio: 0.936
2026-06-14 19:47:46,865 - INFO - Epoch [2/5], Batch [19/300], Loss: 1.1258 (Overall: 0.7338, Change: 1.4639), TF Ratio: 0.936
2026-06-14 19:47:55,149 - INFO - Epoch [2/5], Batch [20/300], Loss: 1.1454 (Overall: 0.6927, Change: 2.3465), TF Ratio: 0.936
2026-06-14 19:47:55,311 - INFO - Epoch [2/5], Batch [21/300], Loss: 1.1294 (Overall: 0.5412, Change: 1.0741), TF Ratio: 0.936
2026-06-14 19:47:55,463 - INFO - Epoch [2/5], Batch [22/300], Loss: 1.1266 (Overall: 0.7923, Change: 1.3449), TF Ratio: 0.936
2026-06-14 19:47:55,615 - INFO - Epoch [2/5], Batch [23/300], Loss: 1.1275 (Overall: 0.7080, Change: 1.5853), TF Ratio: 0.935
2026-06-14 19:48:12,116 - INFO - Epoch [2/5], Batch [24/300], Loss: 1.1328 (Overall: 1.0276, Change: 1.4826), TF Ratio: 0.935
2026-06-14 19:48:12,271 - INFO - Epoch [2/5], Batch [25/300], Loss: 1.1265 (Overall: 0.6671, Change: 1.2857), TF Ratio: 0.935
2026-06-14 19:48:12,425 - INFO - Epoch [2/5], Batch [26/300], Loss: 1.1272 (Overall: 0.8259, Change: 1.4642), TF Ratio: 0.935
2026-06-14 19:48:12,578 - INFO - Epoch [2/5], Batch [27/300], Loss: 1.1243 (Overall: 0.6199, Change: 1.4764), TF Ratio: 0.935
2026-06-14 19:48:20,057 - INFO - Epoch [2/5], Batch [28/300], Loss: 1.1225 (Overall: 0.6976, Change: 1.4495), TF Ratio: 0.934
2026-06-14 19:48:20,214 - INFO - Epoch [2/5], Batch [29/300], Loss: 1.1136 (Overall: 0.7550, Change: 0.9752), TF Ratio: 0.934
2026-06-14 19:48:20,372 - INFO - Epoch [2/5], Batch [30/300], Loss: 1.1067 (Overall: 0.7302, Change: 1.0797), TF Ratio: 0.934
2026-06-14 19:48:20,525 - INFO - Epoch [2/5], Batch [31/300], Loss: 1.1142 (Overall: 0.8531, Change: 1.8284), TF Ratio: 0.934
2026-06-14 19:48:30,012 - INFO - Epoch [2/5], Batch [32/300], Loss: 1.1168 (Overall: 0.6429, Change: 1.7505), TF Ratio: 0.934
2026-06-14 19:48:30,174 - INFO - Epoch [2/5], Batch [33/300], Loss: 1.1187 (Overall: 0.9716, Change: 1.3857), TF Ratio: 0.933
2026-06-14 19:48:30,329 - INFO - Epoch [2/5], Batch [34/300], Loss: 1.1167 (Overall: 0.7587, Change: 1.3467), TF Ratio: 0.933
2026-06-14 19:48:30,482 - INFO - Epoch [2/5], Batch [35/300], Loss: 1.1187 (Overall: 1.0893, Change: 1.2840), TF Ratio: 0.933
2026-06-14 19:48:33,471 - INFO - Epoch [2/5], Batch [36/300], Loss: 1.1208 (Overall: 0.8340, Change: 1.5527), TF Ratio: 0.933
2026-06-14 19:48:33,628 - INFO - Epoch [2/5], Batch [37/300], Loss: 1.1180 (Overall: 0.7131, Change: 1.3225), TF Ratio: 0.933
2026-06-14 19:48:33,781 - INFO - Epoch [2/5], Batch [38/300], Loss: 1.1170 (Overall: 0.6882, Change: 1.4724), TF Ratio: 0.932
2026-06-14 19:48:33,940 - INFO - Epoch [2/5], Batch [39/300], Loss: 1.1194 (Overall: 1.0602, Change: 1.3609), TF Ratio: 0.932
2026-06-14 19:48:53,911 - INFO - Epoch [2/5], Batch [40/300], Loss: 1.1170 (Overall: 0.9623, Change: 1.0854), TF Ratio: 0.932
2026-06-14 19:48:54,067 - INFO - Epoch [2/5], Batch [41/300], Loss: 1.1176 (Overall: 0.9760, Change: 1.3018), TF Ratio: 0.932
2026-06-14 19:48:54,219 - INFO - Epoch [2/5], Batch [42/300], Loss: 1.1194 (Overall: 0.8063, Change: 1.5847), TF Ratio: 0.932
2026-06-14 19:48:54,370 - INFO - Epoch [2/5], Batch [43/300], Loss: 1.1224 (Overall: 0.8095, Change: 1.6896), TF Ratio: 0.931
2026-06-14 19:48:56,494 - INFO - Epoch [2/5], Batch [44/300], Loss: 1.1200 (Overall: 1.0023, Change: 1.0286), TF Ratio: 0.931
2026-06-14 19:48:56,648 - INFO - Epoch [2/5], Batch [45/300], Loss: 1.1215 (Overall: 0.9114, Change: 1.4609), TF Ratio: 0.931
2026-06-14 19:48:56,800 - INFO - Epoch [2/5], Batch [46/300], Loss: 1.1253 (Overall: 0.9150, Change: 1.6764), TF Ratio: 0.931
2026-06-14 19:48:56,953 - INFO - Epoch [2/5], Batch [47/300], Loss: 1.1275 (Overall: 0.9359, Change: 1.5233), TF Ratio: 0.931
2026-06-14 19:49:07,796 - INFO - Epoch [2/5], Batch [48/300], Loss: 1.1272 (Overall: 0.7361, Change: 1.4862), TF Ratio: 0.930
2026-06-14 19:49:07,954 - INFO - Epoch [2/5], Batch [49/300], Loss: 1.1303 (Overall: 0.8181, Change: 1.7416), TF Ratio: 0.930
2026-06-14 19:49:08,109 - INFO - Epoch [2/5], Batch [50/300], Loss: 1.1302 (Overall: 0.9577, Change: 1.2944), TF Ratio: 0.930
2026-06-14 19:49:08,262 - INFO - Epoch [2/5], Batch [51/300], Loss: 1.1336 (Overall: 0.9849, Change: 1.6203), TF Ratio: 0.930
2026-06-14 19:49:16,924 - INFO - Epoch [2/5], Batch [52/300], Loss: 1.1326 (Overall: 1.0249, Change: 1.1463), TF Ratio: 0.930
2026-06-14 19:49:17,079 - INFO - Epoch [2/5], Batch [53/300], Loss: 1.1297 (Overall: 0.9061, Change: 1.0513), TF Ratio: 0.929
2026-06-14 19:49:17,232 - INFO - Epoch [2/5], Batch [54/300], Loss: 1.1279 (Overall: 0.6300, Change: 1.4336), TF Ratio: 0.929
2026-06-14 19:49:17,384 - INFO - Epoch [2/5], Batch [55/300], Loss: 1.1397 (Overall: 2.0402, Change: 1.5085), TF Ratio: 0.929
2026-06-14 19:49:49,894 - INFO - Epoch [2/5], Batch [56/300], Loss: 1.1362 (Overall: 0.7031, Change: 1.1831), TF Ratio: 0.929
2026-06-14 19:49:50,049 - INFO - Epoch [2/5], Batch [57/300], Loss: 1.1401 (Overall: 1.0653, Change: 1.6503), TF Ratio: 0.929
2026-06-14 19:49:50,202 - INFO - Epoch [2/5], Batch [58/300], Loss: 1.1405 (Overall: 0.9204, Change: 1.4111), TF Ratio: 0.928
2026-06-14 19:49:50,354 - INFO - Epoch [2/5], Batch [59/300], Loss: 1.1375 (Overall: 0.7954, Change: 1.1296), TF Ratio: 0.928
2026-06-14 19:49:56,412 - INFO - Epoch [2/5], Batch [60/300], Loss: 1.1362 (Overall: 0.8477, Change: 1.2779), TF Ratio: 0.928
2026-06-14 19:49:56,566 - INFO - Epoch [2/5], Batch [61/300], Loss: 1.1361 (Overall: 0.7186, Change: 1.5428), TF Ratio: 0.928
2026-06-14 19:49:56,718 - INFO - Epoch [2/5], Batch [62/300], Loss: 1.1374 (Overall: 0.9883, Change: 1.4365), TF Ratio: 0.928
2026-06-14 19:49:56,870 - INFO - Epoch [2/5], Batch [63/300], Loss: 1.1393 (Overall: 0.8900, Change: 1.6323), TF Ratio: 0.927
2026-06-14 19:50:18,671 - INFO - Epoch [2/5], Batch [64/300], Loss: 1.1368 (Overall: 0.6918, Change: 1.2661), TF Ratio: 0.927
2026-06-14 19:50:18,827 - INFO - Epoch [2/5], Batch [65/300], Loss: 1.1331 (Overall: 0.6811, Change: 1.1135), TF Ratio: 0.927
2026-06-14 19:50:18,981 - INFO - Epoch [2/5], Batch [66/300], Loss: 1.1332 (Overall: 0.9796, Change: 1.2881), TF Ratio: 0.927
2026-06-14 19:50:19,133 - INFO - Epoch [2/5], Batch [67/300], Loss: 1.1347 (Overall: 1.0489, Change: 1.4186), TF Ratio: 0.927
2026-06-14 19:50:19,458 - INFO - Epoch [2/5], Batch [68/300], Loss: 1.1344 (Overall: 0.9761, Change: 1.2534), TF Ratio: 0.926
2026-06-14 19:50:19,611 - INFO - Epoch [2/5], Batch [69/300], Loss: 1.1299 (Overall: 0.5816, Change: 1.0698), TF Ratio: 0.926
2026-06-14 19:50:19,763 - INFO - Epoch [2/5], Batch [70/300], Loss: 1.1316 (Overall: 0.8864, Change: 1.6104), TF Ratio: 0.926
2026-06-14 19:50:19,915 - INFO - Epoch [2/5], Batch [71/300], Loss: 1.1341 (Overall: 0.6776, Change: 1.9470), TF Ratio: 0.926
2026-06-14 19:50:36,231 - INFO - Epoch [2/5], Batch [72/300], Loss: 1.1345 (Overall: 1.1774, Change: 1.1444), TF Ratio: 0.926
2026-06-14 19:50:36,387 - INFO - Epoch [2/5], Batch [73/300], Loss: 1.1313 (Overall: 0.5809, Change: 1.2233), TF Ratio: 0.925
2026-06-14 19:50:36,540 - INFO - Epoch [2/5], Batch [74/300], Loss: 1.1307 (Overall: 0.7116, Change: 1.4544), TF Ratio: 0.925
2026-06-14 19:50:36,692 - INFO - Epoch [2/5], Batch [75/300], Loss: 1.1319 (Overall: 1.0466, Change: 1.3929), TF Ratio: 0.925
2026-06-14 19:50:36,859 - INFO - Epoch [2/5], Batch [76/300], Loss: 1.1306 (Overall: 0.6990, Change: 1.3683), TF Ratio: 0.925
2026-06-14 19:50:37,012 - INFO - Epoch [2/5], Batch [77/300], Loss: 1.1314 (Overall: 0.6190, Change: 1.7755), TF Ratio: 0.925
2026-06-14 19:50:37,164 - INFO - Epoch [2/5], Batch [78/300], Loss: 1.1303 (Overall: 0.7476, Change: 1.3466), TF Ratio: 0.924
2026-06-14 19:50:37,317 - INFO - Epoch [2/5], Batch [79/300], Loss: 1.1313 (Overall: 0.9857, Change: 1.4267), TF Ratio: 0.924
2026-06-14 19:50:52,642 - INFO - Epoch [2/5], Batch [80/300], Loss: 1.1334 (Overall: 0.9605, Change: 1.6357), TF Ratio: 0.924
2026-06-14 19:50:52,797 - INFO - Epoch [2/5], Batch [81/300], Loss: 1.1315 (Overall: 0.5866, Change: 1.3797), TF Ratio: 0.924
2026-06-14 19:50:52,950 - INFO - Epoch [2/5], Batch [82/300], Loss: 1.1321 (Overall: 0.9194, Change: 1.4432), TF Ratio: 0.924
2026-06-14 19:50:53,102 - INFO - Epoch [2/5], Batch [83/300], Loss: 1.1325 (Overall: 0.9871, Change: 1.3289), TF Ratio: 0.923
2026-06-14 19:50:53,276 - INFO - Epoch [2/5], Batch [84/300], Loss: 1.1296 (Overall: 0.7809, Change: 1.0005), TF Ratio: 0.923
2026-06-14 19:50:53,432 - INFO - Epoch [2/5], Batch [85/300], Loss: 1.1302 (Overall: 0.8512, Change: 1.5092), TF Ratio: 0.923
2026-06-14 19:50:53,585 - INFO - Epoch [2/5], Batch [86/300], Loss: 1.1293 (Overall: 0.7250, Change: 1.3823), TF Ratio: 0.923
2026-06-14 19:50:53,739 - INFO - Epoch [2/5], Batch [87/300], Loss: 1.1287 (Overall: 0.6533, Change: 1.4967), TF Ratio: 0.923
2026-06-14 19:51:04,816 - INFO - Epoch [2/5], Batch [88/300], Loss: 1.1303 (Overall: 0.9628, Change: 1.5815), TF Ratio: 0.922
2026-06-14 19:51:04,974 - INFO - Epoch [2/5], Batch [89/300], Loss: 1.1303 (Overall: 0.6134, Change: 1.6418), TF Ratio: 0.922
2026-06-14 19:51:05,127 - INFO - Epoch [2/5], Batch [90/300], Loss: 1.1341 (Overall: 0.7462, Change: 2.2035), TF Ratio: 0.922
2026-06-14 19:51:05,279 - INFO - Epoch [2/5], Batch [91/300], Loss: 1.1342 (Overall: 0.7352, Change: 1.5561), TF Ratio: 0.922
2026-06-14 19:51:05,445 - INFO - Epoch [2/5], Batch [92/300], Loss: 1.1316 (Overall: 0.7373, Change: 1.0461), TF Ratio: 0.922
2026-06-14 19:51:05,598 - INFO - Epoch [2/5], Batch [93/300], Loss: 1.1325 (Overall: 0.8491, Change: 1.5941), TF Ratio: 0.921
2026-06-14 19:51:05,750 - INFO - Epoch [2/5], Batch [94/300], Loss: 1.1312 (Overall: 0.7641, Change: 1.2504), TF Ratio: 0.921
2026-06-14 19:51:05,903 - INFO - Epoch [2/5], Batch [95/300], Loss: 1.1326 (Overall: 0.6602, Change: 1.8576), TF Ratio: 0.921
2026-06-14 19:51:25,049 - INFO - Epoch [2/5], Batch [96/300], Loss: 1.1310 (Overall: 0.7154, Change: 1.2424), TF Ratio: 0.921
2026-06-14 19:51:25,203 - INFO - Epoch [2/5], Batch [97/300], Loss: 1.1308 (Overall: 0.9464, Change: 1.2869), TF Ratio: 0.921
2026-06-14 19:51:25,355 - INFO - Epoch [2/5], Batch [98/300], Loss: 1.1299 (Overall: 0.7761, Change: 1.3121), TF Ratio: 0.920
2026-06-14 19:51:25,507 - INFO - Epoch [2/5], Batch [99/300], Loss: 1.1316 (Overall: 0.9327, Change: 1.6496), TF Ratio: 0.920
2026-06-14 19:51:25,677 - INFO - Epoch [2/5], Batch [100/300], Loss: 1.1334 (Overall: 0.8087, Change: 1.8248), TF Ratio: 0.920
2026-06-14 19:51:25,832 - INFO - Epoch [2/5], Batch [101/300], Loss: 1.1312 (Overall: 0.5867, Change: 1.2253), TF Ratio: 0.920
2026-06-14 19:51:25,986 - INFO - Epoch [2/5], Batch [102/300], Loss: 1.1304 (Overall: 0.6442, Change: 1.4576), TF Ratio: 0.920
2026-06-14 19:51:26,139 - INFO - Epoch [2/5], Batch [103/300], Loss: 1.1302 (Overall: 0.7066, Change: 1.5110), TF Ratio: 0.919
2026-06-14 19:51:54,004 - INFO - Epoch [2/5], Batch [104/300], Loss: 1.1302 (Overall: 0.6939, Change: 1.5833), TF Ratio: 0.919
2026-06-14 19:51:54,158 - INFO - Epoch [2/5], Batch [105/300], Loss: 1.1321 (Overall: 1.4532, Change: 1.2037), TF Ratio: 0.919
2026-06-14 19:51:54,309 - INFO - Epoch [2/5], Batch [106/300], Loss: 1.1285 (Overall: 0.6099, Change: 0.8889), TF Ratio: 0.919
2026-06-14 19:51:54,461 - INFO - Epoch [2/5], Batch [107/300], Loss: 1.1269 (Overall: 0.6811, Change: 1.2238), TF Ratio: 0.919
2026-06-14 19:51:57,506 - INFO - Epoch [2/5], Batch [108/300], Loss: 1.1253 (Overall: 0.7709, Change: 1.1438), TF Ratio: 0.918
2026-06-14 19:51:57,662 - INFO - Epoch [2/5], Batch [109/300], Loss: 1.1246 (Overall: 0.7874, Change: 1.3094), TF Ratio: 0.918
2026-06-14 19:51:57,814 - INFO - Epoch [2/5], Batch [110/300], Loss: 1.1237 (Overall: 0.7442, Change: 1.3112), TF Ratio: 0.918
2026-06-14 19:51:57,969 - INFO - Epoch [2/5], Batch [111/300], Loss: 1.1243 (Overall: 0.7140, Change: 1.6607), TF Ratio: 0.918
2026-06-14 19:52:12,478 - INFO - Epoch [2/5], Batch [112/300], Loss: 1.1228 (Overall: 0.7125, Change: 1.1983), TF Ratio: 0.918
2026-06-14 19:52:12,633 - INFO - Epoch [2/5], Batch [113/300], Loss: 1.1247 (Overall: 1.2651, Change: 1.4072), TF Ratio: 0.917
2026-06-14 19:52:12,785 - INFO - Epoch [2/5], Batch [114/300], Loss: 1.1255 (Overall: 0.8684, Change: 1.5796), TF Ratio: 0.917
2026-06-14 19:52:12,937 - INFO - Epoch [2/5], Batch [115/300], Loss: 1.1261 (Overall: 0.8658, Change: 1.5232), TF Ratio: 0.917
2026-06-14 19:52:13,098 - INFO - Epoch [2/5], Batch [116/300], Loss: 1.1271 (Overall: 0.9492, Change: 1.5307), TF Ratio: 0.917
2026-06-14 19:52:13,251 - INFO - Epoch [2/5], Batch [117/300], Loss: 1.1270 (Overall: 0.8457, Change: 1.3693), TF Ratio: 0.917
2026-06-14 19:52:13,403 - INFO - Epoch [2/5], Batch [118/300], Loss: 1.1264 (Overall: 0.7533, Change: 1.3656), TF Ratio: 0.916
2026-06-14 19:52:13,555 - INFO - Epoch [2/5], Batch [119/300], Loss: 1.1273 (Overall: 1.2576, Change: 1.2192), TF Ratio: 0.916
2026-06-14 19:52:33,032 - INFO - Epoch [2/5], Batch [120/300], Loss: 1.1299 (Overall: 1.1103, Change: 1.7627), TF Ratio: 0.916
2026-06-14 19:52:33,186 - INFO - Epoch [2/5], Batch [121/300], Loss: 1.1282 (Overall: 0.8109, Change: 1.0410), TF Ratio: 0.916
2026-06-14 19:52:33,337 - INFO - Epoch [2/5], Batch [122/300], Loss: 1.1293 (Overall: 1.1672, Change: 1.3449), TF Ratio: 0.916
2026-06-14 19:52:33,489 - INFO - Epoch [2/5], Batch [123/300], Loss: 1.1279 (Overall: 0.8537, Change: 1.0770), TF Ratio: 0.915
2026-06-14 19:52:33,657 - INFO - Epoch [2/5], Batch [124/300], Loss: 1.1273 (Overall: 0.6781, Change: 1.4318), TF Ratio: 0.915
2026-06-14 19:52:33,811 - INFO - Epoch [2/5], Batch [125/300], Loss: 1.1273 (Overall: 0.6684, Change: 1.5727), TF Ratio: 0.915
2026-06-14 19:52:33,963 - INFO - Epoch [2/5], Batch [126/300], Loss: 1.1277 (Overall: 0.6772, Change: 1.6846), TF Ratio: 0.915
2026-06-14 19:52:34,115 - INFO - Epoch [2/5], Batch [127/300], Loss: 1.1279 (Overall: 0.9976, Change: 1.3063), TF Ratio: 0.915
2026-06-14 19:52:44,698 - INFO - Epoch [2/5], Batch [128/300], Loss: 1.1277 (Overall: 0.9549, Change: 1.2446), TF Ratio: 0.914
2026-06-14 19:52:44,856 - INFO - Epoch [2/5], Batch [129/300], Loss: 1.1275 (Overall: 0.5150, Change: 1.7008), TF Ratio: 0.914
2026-06-14 19:52:45,009 - INFO - Epoch [2/5], Batch [130/300], Loss: 1.1280 (Overall: 0.5210, Change: 1.8489), TF Ratio: 0.914
2026-06-14 19:52:45,161 - INFO - Epoch [2/5], Batch [131/300], Loss: 1.1286 (Overall: 0.9328, Change: 1.5008), TF Ratio: 0.914
2026-06-14 19:52:45,338 - INFO - Epoch [2/5], Batch [132/300], Loss: 1.1288 (Overall: 0.5857, Change: 1.7214), TF Ratio: 0.914
2026-06-14 19:52:45,491 - INFO - Epoch [2/5], Batch [133/300], Loss: 1.1289 (Overall: 0.5681, Change: 1.6989), TF Ratio: 0.913
2026-06-14 19:52:45,643 - INFO - Epoch [2/5], Batch [134/300], Loss: 1.1277 (Overall: 0.5290, Change: 1.4062), TF Ratio: 0.913
2026-06-14 19:52:45,795 - INFO - Epoch [2/5], Batch [135/300], Loss: 1.1268 (Overall: 0.7488, Change: 1.2679), TF Ratio: 0.913
2026-06-14 19:53:00,322 - INFO - Epoch [2/5], Batch [136/300], Loss: 1.1251 (Overall: 0.6132, Change: 1.1850), TF Ratio: 0.913
2026-06-14 19:53:00,476 - INFO - Epoch [2/5], Batch [137/300], Loss: 1.1243 (Overall: 0.8546, Change: 1.1691), TF Ratio: 0.913
2026-06-14 19:53:00,627 - INFO - Epoch [2/5], Batch [138/300], Loss: 1.1267 (Overall: 1.2977, Change: 1.6170), TF Ratio: 0.912
2026-06-14 19:53:00,778 - INFO - Epoch [2/5], Batch [139/300], Loss: 1.1312 (Overall: 1.6503, Change: 1.8439), TF Ratio: 0.912
2026-06-14 19:53:00,948 - INFO - Epoch [2/5], Batch [140/300], Loss: 1.1310 (Overall: 0.7450, Change: 1.4635), TF Ratio: 0.912
2026-06-14 19:53:01,100 - INFO - Epoch [2/5], Batch [141/300], Loss: 1.1316 (Overall: 0.8394, Change: 1.5994), TF Ratio: 0.912
2026-06-14 19:53:01,252 - INFO - Epoch [2/5], Batch [142/300], Loss: 1.1317 (Overall: 0.8629, Change: 1.4351), TF Ratio: 0.912
2026-06-14 19:53:01,404 - INFO - Epoch [2/5], Batch [143/300], Loss: 1.1298 (Overall: 0.5987, Change: 1.1055), TF Ratio: 0.911
2026-06-14 19:53:14,417 - INFO - Epoch [2/5], Batch [144/300], Loss: 1.1293 (Overall: 0.7666, Change: 1.3711), TF Ratio: 0.911
2026-06-14 19:53:14,573 - INFO - Epoch [2/5], Batch [145/300], Loss: 1.1290 (Overall: 0.7042, Change: 1.4666), TF Ratio: 0.911
2026-06-14 19:53:14,725 - INFO - Epoch [2/5], Batch [146/300], Loss: 1.1286 (Overall: 0.6826, Change: 1.4541), TF Ratio: 0.911
2026-06-14 19:53:14,878 - INFO - Epoch [2/5], Batch [147/300], Loss: 1.1284 (Overall: 0.9477, Change: 1.2474), TF Ratio: 0.911
2026-06-14 19:53:15,479 - INFO - Epoch [2/5], Batch [148/300], Loss: 1.1280 (Overall: 0.6941, Change: 1.4534), TF Ratio: 0.910
2026-06-14 19:53:15,632 - INFO - Epoch [2/5], Batch [149/300], Loss: 1.1282 (Overall: 1.2703, Change: 1.0272), TF Ratio: 0.910
2026-06-14 19:53:15,785 - INFO - Epoch [2/5], Batch [150/300], Loss: 1.1269 (Overall: 0.7627, Change: 1.1061), TF Ratio: 0.910
2026-06-14 19:53:15,937 - INFO - Epoch [2/5], Batch [151/300], Loss: 1.1260 (Overall: 0.6580, Change: 1.3220), TF Ratio: 0.910
2026-06-14 19:53:25,968 - INFO - Epoch [2/5], Batch [152/300], Loss: 1.1259 (Overall: 0.9499, Change: 1.2781), TF Ratio: 0.910
2026-06-14 19:53:26,124 - INFO - Epoch [2/5], Batch [153/300], Loss: 1.1290 (Overall: 0.9977, Change: 2.1985), TF Ratio: 0.909
2026-06-14 19:53:26,277 - INFO - Epoch [2/5], Batch [154/300], Loss: 1.1288 (Overall: 0.7869, Change: 1.4129), TF Ratio: 0.909
2026-06-14 19:53:26,429 - INFO - Epoch [2/5], Batch [155/300], Loss: 1.1298 (Overall: 0.8584, Change: 1.7072), TF Ratio: 0.909
2026-06-14 19:53:28,655 - INFO - Epoch [2/5], Batch [156/300], Loss: 1.1303 (Overall: 0.6344, Change: 1.7788), TF Ratio: 0.909
2026-06-14 19:53:28,808 - INFO - Epoch [2/5], Batch [157/300], Loss: 1.1305 (Overall: 0.8847, Change: 1.4516), TF Ratio: 0.909
2026-06-14 19:53:28,960 - INFO - Epoch [2/5], Batch [158/300], Loss: 1.1297 (Overall: 0.7183, Change: 1.2815), TF Ratio: 0.908
2026-06-14 19:53:29,112 - INFO - Epoch [2/5], Batch [159/300], Loss: 1.1299 (Overall: 0.6736, Change: 1.6467), TF Ratio: 0.908
2026-06-14 19:53:38,019 - INFO - Epoch [2/5], Batch [160/300], Loss: 1.1304 (Overall: 1.1508, Change: 1.2602), TF Ratio: 0.908
2026-06-14 19:53:38,177 - INFO - Epoch [2/5], Batch [161/300], Loss: 1.1309 (Overall: 0.8724, Change: 1.5678), TF Ratio: 0.908
2026-06-14 19:53:38,329 - INFO - Epoch [2/5], Batch [162/300], Loss: 1.1294 (Overall: 0.6270, Change: 1.1452), TF Ratio: 0.908
2026-06-14 19:53:38,481 - INFO - Epoch [2/5], Batch [163/300], Loss: 1.1290 (Overall: 0.8111, Change: 1.3190), TF Ratio: 0.907
2026-06-14 19:53:42,476 - INFO - Epoch [2/5], Batch [164/300], Loss: 1.1284 (Overall: 0.6536, Change: 1.3864), TF Ratio: 0.907
2026-06-14 19:53:42,630 - INFO - Epoch [2/5], Batch [165/300], Loss: 1.1290 (Overall: 0.7096, Change: 1.7494), TF Ratio: 0.907
2026-06-14 19:53:42,783 - INFO - Epoch [2/5], Batch [166/300], Loss: 1.1281 (Overall: 0.5928, Change: 1.3690), TF Ratio: 0.907
2026-06-14 19:53:42,935 - INFO - Epoch [2/5], Batch [167/300], Loss: 1.1301 (Overall: 1.0089, Change: 1.9095), TF Ratio: 0.907
2026-06-14 19:53:54,153 - INFO - Epoch [2/5], Batch [168/300], Loss: 1.1291 (Overall: 0.6284, Change: 1.3270), TF Ratio: 0.906
2026-06-14 19:53:54,315 - INFO - Epoch [2/5], Batch [169/300], Loss: 1.1286 (Overall: 0.9056, Change: 1.1775), TF Ratio: 0.906
2026-06-14 19:53:54,468 - INFO - Epoch [2/5], Batch [170/300], Loss: 1.1280 (Overall: 0.6119, Change: 1.4416), TF Ratio: 0.906
2026-06-14 19:53:54,620 - INFO - Epoch [2/5], Batch [171/300], Loss: 1.1284 (Overall: 0.9385, Change: 1.4560), TF Ratio: 0.906
2026-06-14 19:53:59,409 - INFO - Epoch [2/5], Batch [172/300], Loss: 1.1293 (Overall: 0.8834, Change: 1.6838), TF Ratio: 0.906
2026-06-14 19:53:59,562 - INFO - Epoch [2/5], Batch [173/300], Loss: 1.1287 (Overall: 0.7806, Change: 1.2502), TF Ratio: 0.905
2026-06-14 19:53:59,715 - INFO - Epoch [2/5], Batch [174/300], Loss: 1.1295 (Overall: 0.9749, Change: 1.5711), TF Ratio: 0.905
2026-06-14 19:53:59,868 - INFO - Epoch [2/5], Batch [175/300], Loss: 1.1287 (Overall: 0.6575, Change: 1.3096), TF Ratio: 0.905
2026-06-14 19:54:11,546 - INFO - Epoch [2/5], Batch [176/300], Loss: 1.1284 (Overall: 1.1848, Change: 0.9884), TF Ratio: 0.905
2026-06-14 19:54:11,702 - INFO - Epoch [2/5], Batch [177/300], Loss: 1.1283 (Overall: 0.7135, Change: 1.4950), TF Ratio: 0.905
2026-06-14 19:54:11,855 - INFO - Epoch [2/5], Batch [178/300], Loss: 1.1264 (Overall: 0.5968, Change: 0.9688), TF Ratio: 0.904
2026-06-14 19:54:12,008 - INFO - Epoch [2/5], Batch [179/300], Loss: 1.1256 (Overall: 0.6261, Change: 1.3475), TF Ratio: 0.904
2026-06-14 19:54:14,660 - INFO - Epoch [2/5], Batch [180/300], Loss: 1.1256 (Overall: 0.7547, Change: 1.5184), TF Ratio: 0.904
2026-06-14 19:54:14,814 - INFO - Epoch [2/5], Batch [181/300], Loss: 1.1273 (Overall: 1.2291, Change: 1.6063), TF Ratio: 0.904
2026-06-14 19:54:14,966 - INFO - Epoch [2/5], Batch [182/300], Loss: 1.1276 (Overall: 0.6618, Change: 1.7070), TF Ratio: 0.904
2026-06-14 19:54:15,118 - INFO - Epoch [2/5], Batch [183/300], Loss: 1.1291 (Overall: 1.0770, Change: 1.7355), TF Ratio: 0.903
2026-06-14 19:54:26,266 - INFO - Epoch [2/5], Batch [184/300], Loss: 1.1286 (Overall: 0.7016, Change: 1.3795), TF Ratio: 0.903
2026-06-14 19:54:26,422 - INFO - Epoch [2/5], Batch [185/300], Loss: 1.1291 (Overall: 0.5621, Change: 1.8691), TF Ratio: 0.903
2026-06-14 19:54:26,575 - INFO - Epoch [2/5], Batch [186/300], Loss: 1.1291 (Overall: 0.6883, Change: 1.5695), TF Ratio: 0.903
2026-06-14 19:54:26,728 - INFO - Epoch [2/5], Batch [187/300], Loss: 1.1286 (Overall: 0.8048, Change: 1.2593), TF Ratio: 0.903
2026-06-14 19:54:27,986 - INFO - Epoch [2/5], Batch [188/300], Loss: 1.1281 (Overall: 0.7570, Change: 1.3316), TF Ratio: 0.902
2026-06-14 19:54:28,143 - INFO - Epoch [2/5], Batch [189/300], Loss: 1.1271 (Overall: 0.5592, Change: 1.3124), TF Ratio: 0.902
2026-06-14 19:54:28,296 - INFO - Epoch [2/5], Batch [190/300], Loss: 1.1250 (Overall: 0.5599, Change: 0.9061), TF Ratio: 0.902
2026-06-14 19:54:28,449 - INFO - Epoch [2/5], Batch [191/300], Loss: 1.1258 (Overall: 0.8776, Change: 1.6755), TF Ratio: 0.902
2026-06-14 19:54:39,777 - INFO - Epoch [2/5], Batch [192/300], Loss: 1.1258 (Overall: 0.6283, Change: 1.6241), TF Ratio: 0.902
2026-06-14 19:54:39,932 - INFO - Epoch [2/5], Batch [193/300], Loss: 1.1258 (Overall: 0.7576, Change: 1.4858), TF Ratio: 0.901
2026-06-14 19:54:40,086 - INFO - Epoch [2/5], Batch [194/300], Loss: 1.1267 (Overall: 1.0464, Change: 1.5614), TF Ratio: 0.901
2026-06-14 19:54:40,238 - INFO - Epoch [2/5], Batch [195/300], Loss: 1.1276 (Overall: 0.9588, Change: 1.6481), TF Ratio: 0.901
2026-06-14 19:54:44,044 - INFO - Epoch [2/5], Batch [196/300], Loss: 1.1285 (Overall: 1.0374, Change: 1.5715), TF Ratio: 0.901
2026-06-14 19:54:44,200 - INFO - Epoch [2/5], Batch [197/300], Loss: 1.1288 (Overall: 0.8250, Change: 1.5544), TF Ratio: 0.901
2026-06-14 19:54:44,353 - INFO - Epoch [2/5], Batch [198/300], Loss: 1.1271 (Overall: 0.6113, Change: 0.9593), TF Ratio: 0.900
2026-06-14 19:54:44,504 - INFO - Epoch [2/5], Batch [199/300], Loss: 1.1273 (Overall: 0.8370, Change: 1.5074), TF Ratio: 0.900
2026-06-14 19:55:10,460 - INFO - Epoch [2/5], Batch [200/300], Loss: 1.1277 (Overall: 0.9134, Change: 1.4742), TF Ratio: 0.900
2026-06-14 19:55:10,617 - INFO - Epoch [2/5], Batch [201/300], Loss: 1.1261 (Overall: 0.6710, Change: 0.9705), TF Ratio: 0.900
2026-06-14 19:55:10,770 - INFO - Epoch [2/5], Batch [202/300], Loss: 1.1264 (Overall: 0.8692, Change: 1.4800), TF Ratio: 0.900
2026-06-14 19:55:10,922 - INFO - Epoch [2/5], Batch [203/300], Loss: 1.1254 (Overall: 0.5111, Change: 1.3544), TF Ratio: 0.899
2026-06-14 19:55:11,086 - INFO - Epoch [2/5], Batch [204/300], Loss: 1.1247 (Overall: 0.7326, Change: 1.2093), TF Ratio: 0.899
2026-06-14 19:55:11,239 - INFO - Epoch [2/5], Batch [205/300], Loss: 1.1246 (Overall: 0.9668, Change: 1.2571), TF Ratio: 0.899
2026-06-14 19:55:11,391 - INFO - Epoch [2/5], Batch [206/300], Loss: 1.1248 (Overall: 0.9703, Change: 1.3460), TF Ratio: 0.899
2026-06-14 19:55:11,544 - INFO - Epoch [2/5], Batch [207/300], Loss: 1.1240 (Overall: 0.6443, Change: 1.2773), TF Ratio: 0.899
2026-06-14 19:55:26,894 - INFO - Epoch [2/5], Batch [208/300], Loss: 1.1238 (Overall: 0.7766, Change: 1.3932), TF Ratio: 0.898
2026-06-14 19:55:27,049 - INFO - Epoch [2/5], Batch [209/300], Loss: 1.1237 (Overall: 0.7162, Change: 1.4841), TF Ratio: 0.898
2026-06-14 19:55:27,200 - INFO - Epoch [2/5], Batch [210/300], Loss: 1.1227 (Overall: 0.7351, Change: 1.0999), TF Ratio: 0.898
2026-06-14 19:55:27,352 - INFO - Epoch [2/5], Batch [211/300], Loss: 1.1225 (Overall: 0.7975, Change: 1.3712), TF Ratio: 0.898
2026-06-14 19:55:27,517 - INFO - Epoch [2/5], Batch [212/300], Loss: 1.1225 (Overall: 0.6771, Change: 1.5755), TF Ratio: 0.898
2026-06-14 19:55:27,670 - INFO - Epoch [2/5], Batch [213/300], Loss: 1.1236 (Overall: 1.1081, Change: 1.6148), TF Ratio: 0.897
2026-06-14 19:55:27,823 - INFO - Epoch [2/5], Batch [214/300], Loss: 1.1233 (Overall: 0.5951, Change: 1.5030), TF Ratio: 0.897
2026-06-14 19:55:27,975 - INFO - Epoch [2/5], Batch [215/300], Loss: 1.1215 (Overall: 0.4617, Change: 0.9930), TF Ratio: 0.897
2026-06-14 19:55:38,661 - INFO - Epoch [2/5], Batch [216/300], Loss: 1.1223 (Overall: 1.2841, Change: 1.3133), TF Ratio: 0.897
2026-06-14 19:55:38,821 - INFO - Epoch [2/5], Batch [217/300], Loss: 1.1221 (Overall: 0.8651, Change: 1.3023), TF Ratio: 0.897
2026-06-14 19:55:38,973 - INFO - Epoch [2/5], Batch [218/300], Loss: 1.1219 (Overall: 0.5763, Change: 1.6013), TF Ratio: 0.896
2026-06-14 19:55:39,125 - INFO - Epoch [2/5], Batch [219/300], Loss: 1.1213 (Overall: 0.8507, Change: 1.1333), TF Ratio: 0.896
2026-06-14 19:55:39,291 - INFO - Epoch [2/5], Batch [220/300], Loss: 1.1213 (Overall: 0.7145, Change: 1.5175), TF Ratio: 0.896
2026-06-14 19:55:39,443 - INFO - Epoch [2/5], Batch [221/300], Loss: 1.1211 (Overall: 0.6742, Change: 1.4786), TF Ratio: 0.896
2026-06-14 19:55:39,594 - INFO - Epoch [2/5], Batch [222/300], Loss: 1.1202 (Overall: 0.5704, Change: 1.2832), TF Ratio: 0.896
2026-06-14 19:55:39,746 - INFO - Epoch [2/5], Batch [223/300], Loss: 1.1197 (Overall: 0.5796, Change: 1.4304), TF Ratio: 0.895
2026-06-14 19:55:53,189 - INFO - Epoch [2/5], Batch [224/300], Loss: 1.1199 (Overall: 0.8919, Change: 1.4344), TF Ratio: 0.895
2026-06-14 19:55:53,345 - INFO - Epoch [2/5], Batch [225/300], Loss: 1.1197 (Overall: 0.6041, Change: 1.5539), TF Ratio: 0.895
2026-06-14 19:55:53,497 - INFO - Epoch [2/5], Batch [226/300], Loss: 1.1189 (Overall: 0.6230, Change: 1.2332), TF Ratio: 0.895
2026-06-14 19:55:53,650 - INFO - Epoch [2/5], Batch [227/300], Loss: 1.1200 (Overall: 1.0991, Change: 1.6482), TF Ratio: 0.895
2026-06-14 19:55:53,823 - INFO - Epoch [2/5], Batch [228/300], Loss: 1.1196 (Overall: 0.7040, Change: 1.3362), TF Ratio: 0.894
2026-06-14 19:55:53,976 - INFO - Epoch [2/5], Batch [229/300], Loss: 1.1199 (Overall: 1.1097, Change: 1.2900), TF Ratio: 0.894
2026-06-14 19:55:54,129 - INFO - Epoch [2/5], Batch [230/300], Loss: 1.1191 (Overall: 0.5701, Change: 1.2943), TF Ratio: 0.894
2026-06-14 19:55:54,281 - INFO - Epoch [2/5], Batch [231/300], Loss: 1.1196 (Overall: 0.9056, Change: 1.5815), TF Ratio: 0.894
2026-06-14 19:56:05,437 - INFO - Epoch [2/5], Batch [232/300], Loss: 1.1195 (Overall: 0.6960, Change: 1.4894), TF Ratio: 0.894
2026-06-14 19:56:05,592 - INFO - Epoch [2/5], Batch [233/300], Loss: 1.1193 (Overall: 0.7257, Change: 1.3977), TF Ratio: 0.893
2026-06-14 19:56:05,745 - INFO - Epoch [2/5], Batch [234/300], Loss: 1.1195 (Overall: 0.6381, Change: 1.6821), TF Ratio: 0.893
2026-06-14 19:56:05,897 - INFO - Epoch [2/5], Batch [235/300], Loss: 1.1196 (Overall: 1.0775, Change: 1.2434), TF Ratio: 0.893
2026-06-14 19:56:06,069 - INFO - Epoch [2/5], Batch [236/300], Loss: 1.1195 (Overall: 0.6779, Change: 1.4996), TF Ratio: 0.893
2026-06-14 19:56:06,221 - INFO - Epoch [2/5], Batch [237/300], Loss: 1.1192 (Overall: 0.7582, Change: 1.3342), TF Ratio: 0.893
2026-06-14 19:56:06,374 - INFO - Epoch [2/5], Batch [238/300], Loss: 1.1190 (Overall: 0.5562, Change: 1.6115), TF Ratio: 0.892
2026-06-14 19:56:06,527 - INFO - Epoch [2/5], Batch [239/300], Loss: 1.1188 (Overall: 0.7753, Change: 1.3618), TF Ratio: 0.892
2026-06-14 19:56:20,141 - INFO - Epoch [2/5], Batch [240/300], Loss: 1.1182 (Overall: 0.5697, Change: 1.3503), TF Ratio: 0.892
2026-06-14 19:56:20,297 - INFO - Epoch [2/5], Batch [241/300], Loss: 1.1188 (Overall: 0.9786, Change: 1.5519), TF Ratio: 0.892
2026-06-14 19:56:20,449 - INFO - Epoch [2/5], Batch [242/300], Loss: 1.1187 (Overall: 0.5784, Change: 1.6061), TF Ratio: 0.892
2026-06-14 19:56:20,602 - INFO - Epoch [2/5], Batch [243/300], Loss: 1.1188 (Overall: 0.8029, Change: 1.4904), TF Ratio: 0.891
2026-06-14 19:56:20,769 - INFO - Epoch [2/5], Batch [244/300], Loss: 1.1191 (Overall: 0.8941, Change: 1.5047), TF Ratio: 0.891
2026-06-14 19:56:20,924 - INFO - Epoch [2/5], Batch [245/300], Loss: 1.1194 (Overall: 0.9057, Change: 1.4867), TF Ratio: 0.891
2026-06-14 19:56:21,078 - INFO - Epoch [2/5], Batch [246/300], Loss: 1.1197 (Overall: 0.6892, Change: 1.7022), TF Ratio: 0.891
2026-06-14 19:56:21,231 - INFO - Epoch [2/5], Batch [247/300], Loss: 1.1190 (Overall: 0.5373, Change: 1.3112), TF Ratio: 0.891
2026-06-14 19:56:32,401 - INFO - Epoch [2/5], Batch [248/300], Loss: 1.1188 (Overall: 0.7253, Change: 1.4377), TF Ratio: 0.890
2026-06-14 19:56:32,557 - INFO - Epoch [2/5], Batch [249/300], Loss: 1.1206 (Overall: 1.6395, Change: 1.4797), TF Ratio: 0.890
2026-06-14 19:56:32,709 - INFO - Epoch [2/5], Batch [250/300], Loss: 1.1211 (Overall: 0.9027, Change: 1.6034), TF Ratio: 0.890
2026-06-14 19:56:32,862 - INFO - Epoch [2/5], Batch [251/300], Loss: 1.1203 (Overall: 0.4984, Change: 1.3413), TF Ratio: 0.890
2026-06-14 19:56:33,028 - INFO - Epoch [2/5], Batch [252/300], Loss: 1.1202 (Overall: 0.8366, Change: 1.3736), TF Ratio: 0.890
2026-06-14 19:56:33,181 - INFO - Epoch [2/5], Batch [253/300], Loss: 1.1198 (Overall: 0.7682, Change: 1.2572), TF Ratio: 0.889
2026-06-14 19:56:33,337 - INFO - Epoch [2/5], Batch [254/300], Loss: 1.1199 (Overall: 0.7748, Change: 1.5004), TF Ratio: 0.889
2026-06-14 19:56:33,491 - INFO - Epoch [2/5], Batch [255/300], Loss: 1.1195 (Overall: 0.4739, Change: 1.5608), TF Ratio: 0.889
2026-06-14 19:56:48,480 - INFO - Epoch [2/5], Batch [256/300], Loss: 1.1196 (Overall: 1.0988, Change: 1.2223), TF Ratio: 0.889
2026-06-14 19:56:48,636 - INFO - Epoch [2/5], Batch [257/300], Loss: 1.1195 (Overall: 0.8218, Change: 1.3237), TF Ratio: 0.889
2026-06-14 19:56:48,790 - INFO - Epoch [2/5], Batch [258/300], Loss: 1.1186 (Overall: 0.6312, Change: 1.1391), TF Ratio: 0.888
2026-06-14 19:56:48,944 - INFO - Epoch [2/5], Batch [259/300], Loss: 1.1172 (Overall: 0.5728, Change: 0.9684), TF Ratio: 0.888
2026-06-14 19:56:49,116 - INFO - Epoch [2/5], Batch [260/300], Loss: 1.1172 (Overall: 0.7550, Change: 1.4509), TF Ratio: 0.888
2026-06-14 19:56:49,269 - INFO - Epoch [2/5], Batch [261/300], Loss: 1.1167 (Overall: 0.7253, Change: 1.2764), TF Ratio: 0.888
2026-06-14 19:56:49,422 - INFO - Epoch [2/5], Batch [262/300], Loss: 1.1154 (Overall: 0.5780, Change: 0.9679), TF Ratio: 0.888
2026-06-14 19:56:49,575 - INFO - Epoch [2/5], Batch [263/300], Loss: 1.1147 (Overall: 0.6726, Change: 1.1881), TF Ratio: 0.887
2026-06-14 19:57:00,150 - INFO - Epoch [2/5], Batch [264/300], Loss: 1.1143 (Overall: 0.6019, Change: 1.3968), TF Ratio: 0.887
2026-06-14 19:57:00,306 - INFO - Epoch [2/5], Batch [265/300], Loss: 1.1140 (Overall: 0.8208, Change: 1.2494), TF Ratio: 0.887
2026-06-14 19:57:00,458 - INFO - Epoch [2/5], Batch [266/300], Loss: 1.1136 (Overall: 0.7614, Change: 1.2628), TF Ratio: 0.887
2026-06-14 19:57:00,610 - INFO - Epoch [2/5], Batch [267/300], Loss: 1.1136 (Overall: 0.6316, Change: 1.6106), TF Ratio: 0.887
2026-06-14 19:57:00,775 - INFO - Epoch [2/5], Batch [268/300], Loss: 1.1137 (Overall: 0.7872, Change: 1.5001), TF Ratio: 0.886
2026-06-14 19:57:00,929 - INFO - Epoch [2/5], Batch [269/300], Loss: 1.1136 (Overall: 0.6581, Change: 1.4825), TF Ratio: 0.886
2026-06-14 19:57:01,081 - INFO - Epoch [2/5], Batch [270/300], Loss: 1.1132 (Overall: 0.7828, Change: 1.2578), TF Ratio: 0.886
2026-06-14 19:57:01,234 - INFO - Epoch [2/5], Batch [271/300], Loss: 1.1124 (Overall: 0.5369, Change: 1.2450), TF Ratio: 0.886
2026-06-14 19:57:20,700 - INFO - Epoch [2/5], Batch [272/300], Loss: 1.1124 (Overall: 0.6545, Change: 1.5726), TF Ratio: 0.886
2026-06-14 19:57:20,857 - INFO - Epoch [2/5], Batch [273/300], Loss: 1.1123 (Overall: 0.9615, Change: 1.1958), TF Ratio: 0.885
2026-06-14 19:57:21,010 - INFO - Epoch [2/5], Batch [274/300], Loss: 1.1118 (Overall: 0.5462, Change: 1.4342), TF Ratio: 0.885
2026-06-14 19:57:21,163 - INFO - Epoch [2/5], Batch [275/300], Loss: 1.1119 (Overall: 0.8451, Change: 1.4362), TF Ratio: 0.885
2026-06-14 19:57:21,332 - INFO - Epoch [2/5], Batch [276/300], Loss: 1.1118 (Overall: 0.7779, Change: 1.3955), TF Ratio: 0.885
2026-06-14 19:57:21,485 - INFO - Epoch [2/5], Batch [277/300], Loss: 1.1111 (Overall: 0.7281, Change: 1.0898), TF Ratio: 0.885
2026-06-14 19:57:21,637 - INFO - Epoch [2/5], Batch [278/300], Loss: 1.1116 (Overall: 0.8883, Change: 1.5888), TF Ratio: 0.884
2026-06-14 19:57:21,789 - INFO - Epoch [2/5], Batch [279/300], Loss: 1.1112 (Overall: 0.5922, Change: 1.4332), TF Ratio: 0.884
2026-06-14 19:57:38,930 - INFO - Epoch [2/5], Batch [280/300], Loss: 1.1108 (Overall: 0.8141, Change: 1.2079), TF Ratio: 0.884
2026-06-14 19:57:39,087 - INFO - Epoch [2/5], Batch [281/300], Loss: 1.1109 (Overall: 0.6471, Change: 1.5841), TF Ratio: 0.884
2026-06-14 19:57:39,239 - INFO - Epoch [2/5], Batch [282/300], Loss: 1.1103 (Overall: 0.6865, Change: 1.2194), TF Ratio: 0.884
2026-06-14 19:57:39,391 - INFO - Epoch [2/5], Batch [283/300], Loss: 1.1101 (Overall: 0.6699, Change: 1.4351), TF Ratio: 0.883
2026-06-14 19:57:39,553 - INFO - Epoch [2/5], Batch [284/300], Loss: 1.1102 (Overall: 0.8304, Change: 1.4701), TF Ratio: 0.883
2026-06-14 19:57:39,705 - INFO - Epoch [2/5], Batch [285/300], Loss: 1.1107 (Overall: 0.8844, Change: 1.5730), TF Ratio: 0.883
2026-06-14 19:57:39,857 - INFO - Epoch [2/5], Batch [286/300], Loss: 1.1099 (Overall: 0.6786, Change: 1.1112), TF Ratio: 0.883
2026-06-14 19:57:40,010 - INFO - Epoch [2/5], Batch [287/300], Loss: 1.1091 (Overall: 0.6181, Change: 1.1500), TF Ratio: 0.883
2026-06-14 19:57:51,258 - INFO - Epoch [2/5], Batch [288/300], Loss: 1.1087 (Overall: 0.5346, Change: 1.4291), TF Ratio: 0.882
2026-06-14 19:57:51,414 - INFO - Epoch [2/5], Batch [289/300], Loss: 1.1081 (Overall: 0.7387, Change: 1.1174), TF Ratio: 0.882
2026-06-14 19:57:51,566 - INFO - Epoch [2/5], Batch [290/300], Loss: 1.1075 (Overall: 0.8465, Change: 1.0310), TF Ratio: 0.882
2026-06-14 19:57:51,718 - INFO - Epoch [2/5], Batch [291/300], Loss: 1.1070 (Overall: 0.5348, Change: 1.4350), TF Ratio: 0.882
2026-06-14 19:57:51,883 - INFO - Epoch [2/5], Batch [292/300], Loss: 1.1061 (Overall: 0.4556, Change: 1.1874), TF Ratio: 0.882
2026-06-14 19:57:52,036 - INFO - Epoch [2/5], Batch [293/300], Loss: 1.1067 (Overall: 0.9981, Change: 1.5820), TF Ratio: 0.881
2026-06-14 19:57:52,188 - INFO - Epoch [2/5], Batch [294/300], Loss: 1.1062 (Overall: 0.9091, Change: 1.0084), TF Ratio: 0.881
2026-06-14 19:57:52,342 - INFO - Epoch [2/5], Batch [295/300], Loss: 1.1058 (Overall: 0.6980, Change: 1.2725), TF Ratio: 0.881
2026-06-14 19:58:04,208 - INFO - Epoch [2/5], Batch [296/300], Loss: 1.1053 (Overall: 0.6654, Change: 1.2669), TF Ratio: 0.881
2026-06-14 19:58:04,369 - INFO - Epoch [2/5], Batch [297/300], Loss: 1.1051 (Overall: 0.5974, Change: 1.4810), TF Ratio: 0.881
2026-06-14 19:58:04,521 - INFO - Epoch [2/5], Batch [298/300], Loss: 1.1052 (Overall: 0.7980, Change: 1.5012), TF Ratio: 0.880
2026-06-14 19:58:04,675 - INFO - Epoch [2/5], Batch [299/300], Loss: 1.1057 (Overall: 0.9005, Change: 1.5917), TF Ratio: 0.880
2026-06-14 19:58:04,839 - INFO - Epoch [2/5], Batch [300/300], Loss: 1.1042 (Overall: 0.5798, Change: 0.7034), TF Ratio: 0.880
2026-06-14 19:58:16,619 - INFO - Epoch 2 done. Validating...
2026-06-14 19:59:10,968 - INFO - Epoch [2/5] | Train: 1.1093 | Val: 0.7300
2026-06-14 19:59:11,221 - INFO - Checkpoint saved: /gpfs/scratch/bsc32/bsc096444/ai4land-tfm/trained_models/unet_impl/41788801/best_model.pth
2026-06-14 19:59:11,419 - INFO - Checkpoint saved: /gpfs/scratch/bsc32/bsc096444/ai4land-tfm/trained_models/unet_impl/41788801/model_epoch_2.pth
2026-06-14 19:59:28,366 - INFO - Epoch [3/5], Batch [1/300], Loss: 0.9094 (Overall: 1.0928, Change: 0.7259), TF Ratio: 0.880
2026-06-14 19:59:29,809 - INFO - Epoch [3/5], Batch [2/300], Loss: 1.0354 (Overall: 0.9604, Change: 1.3624), TF Ratio: 0.880
2026-06-14 19:59:29,964 - INFO - Epoch [3/5], Batch [3/300], Loss: 1.0831 (Overall: 0.8125, Change: 1.5443), TF Ratio: 0.879
2026-06-14 19:59:37,334 - INFO - Epoch [3/5], Batch [4/300], Loss: 1.0901 (Overall: 0.7434, Change: 1.4795), TF Ratio: 0.879
2026-06-14 19:59:37,495 - INFO - Epoch [3/5], Batch [5/300], Loss: 1.0447 (Overall: 0.5201, Change: 1.2054), TF Ratio: 0.879
2026-06-14 19:59:37,649 - INFO - Epoch [3/5], Batch [6/300], Loss: 1.1046 (Overall: 1.1257, Change: 1.6829), TF Ratio: 0.879
2026-06-14 19:59:37,826 - INFO - Epoch [3/5], Batch [7/300], Loss: 1.0628 (Overall: 0.6375, Change: 0.9861), TF Ratio: 0.879
2026-06-14 19:59:50,908 - INFO - Epoch [3/5], Batch [8/300], Loss: 1.0549 (Overall: 0.6553, Change: 1.3450), TF Ratio: 0.878
2026-06-14 19:59:51,065 - INFO - Epoch [3/5], Batch [9/300], Loss: 1.0696 (Overall: 0.7922, Change: 1.5809), TF Ratio: 0.878
2026-06-14 19:59:51,218 - INFO - Epoch [3/5], Batch [10/300], Loss: 1.0857 (Overall: 0.8658, Change: 1.5949), TF Ratio: 0.878
2026-06-14 19:59:51,371 - INFO - Epoch [3/5], Batch [11/300], Loss: 1.0962 (Overall: 0.8471, Change: 1.5570), TF Ratio: 0.878
2026-06-14 19:59:55,288 - INFO - Epoch [3/5], Batch [12/300], Loss: 1.1046 (Overall: 0.9606, Change: 1.4317), TF Ratio: 0.878
2026-06-14 19:59:55,442 - INFO - Epoch [3/5], Batch [13/300], Loss: 1.0944 (Overall: 0.8078, Change: 1.1367), TF Ratio: 0.877
2026-06-14 19:59:55,595 - INFO - Epoch [3/5], Batch [14/300], Loss: 1.0641 (Overall: 0.5275, Change: 0.8120), TF Ratio: 0.877
2026-06-14 19:59:55,748 - INFO - Epoch [3/5], Batch [15/300], Loss: 1.0665 (Overall: 0.9009, Change: 1.2995), TF Ratio: 0.877
2026-06-14 20:00:05,583 - INFO - Epoch [3/5], Batch [16/300], Loss: 1.0615 (Overall: 0.7090, Change: 1.2657), TF Ratio: 0.877
2026-06-14 20:00:08,372 - INFO - Epoch [3/5], Batch [17/300], Loss: 1.0563 (Overall: 0.5705, Change: 1.3761), TF Ratio: 0.877
2026-06-14 20:00:08,526 - INFO - Epoch [3/5], Batch [18/300], Loss: 1.0590 (Overall: 0.7355, Change: 1.4720), TF Ratio: 0.876
2026-06-14 20:00:08,680 - INFO - Epoch [3/5], Batch [19/300], Loss: 1.0545 (Overall: 0.5020, Change: 1.4461), TF Ratio: 0.876
2026-06-14 20:00:09,604 - INFO - Epoch [3/5], Batch [20/300], Loss: 1.0538 (Overall: 0.7714, Change: 1.3109), TF Ratio: 0.876
2026-06-14 20:00:09,799 - INFO - Epoch [3/5], Batch [21/300], Loss: 1.0429 (Overall: 0.8065, Change: 0.8415), TF Ratio: 0.876
2026-06-14 20:00:09,952 - INFO - Epoch [3/5], Batch [22/300], Loss: 1.0435 (Overall: 0.9432, Change: 1.1700), TF Ratio: 0.876
2026-06-14 20:00:10,105 - INFO - Epoch [3/5], Batch [23/300], Loss: 1.0372 (Overall: 0.5326, Change: 1.2644), TF Ratio: 0.875
2026-06-14 20:00:18,556 - INFO - Epoch [3/5], Batch [24/300], Loss: 1.0460 (Overall: 0.6005, Change: 1.8960), TF Ratio: 0.875
2026-06-14 20:00:21,097 - INFO - Epoch [3/5], Batch [25/300], Loss: 1.0456 (Overall: 0.7635, Change: 1.3094), TF Ratio: 0.875
2026-06-14 20:00:21,251 - INFO - Epoch [3/5], Batch [26/300], Loss: 1.0569 (Overall: 0.9579, Change: 1.7205), TF Ratio: 0.875
2026-06-14 20:00:21,404 - INFO - Epoch [3/5], Batch [27/300], Loss: 1.0600 (Overall: 0.8768, Change: 1.4035), TF Ratio: 0.875
2026-06-14 20:00:32,154 - INFO - Epoch [3/5], Batch [28/300], Loss: 1.0578 (Overall: 0.5739, Change: 1.4248), TF Ratio: 0.874
2026-06-14 20:00:32,315 - INFO - Epoch [3/5], Batch [29/300], Loss: 1.0586 (Overall: 0.8030, Change: 1.3551), TF Ratio: 0.874
2026-06-14 20:00:32,468 - INFO - Epoch [3/5], Batch [30/300], Loss: 1.0580 (Overall: 0.6972, Change: 1.3839), TF Ratio: 0.874
2026-06-14 20:00:32,621 - INFO - Epoch [3/5], Batch [31/300], Loss: 1.0551 (Overall: 0.6306, Change: 1.3097), TF Ratio: 0.874
2026-06-14 20:00:39,265 - INFO - Epoch [3/5], Batch [32/300], Loss: 1.0542 (Overall: 0.6305, Change: 1.4228), TF Ratio: 0.874
2026-06-14 20:00:39,420 - INFO - Epoch [3/5], Batch [33/300], Loss: 1.0503 (Overall: 0.4817, Change: 1.3665), TF Ratio: 0.873
2026-06-14 20:00:39,573 - INFO - Epoch [3/5], Batch [34/300], Loss: 1.0469 (Overall: 0.5901, Change: 1.2807), TF Ratio: 0.873
2026-06-14 20:00:39,748 - INFO - Epoch [3/5], Batch [35/300], Loss: 1.0533 (Overall: 0.9067, Change: 1.6372), TF Ratio: 0.873
2026-06-14 20:00:44,912 - INFO - Epoch [3/5], Batch [36/300], Loss: 1.0555 (Overall: 0.5986, Change: 1.6657), TF Ratio: 0.873
2026-06-14 20:00:45,069 - INFO - Epoch [3/5], Batch [37/300], Loss: 1.0533 (Overall: 0.6931, Change: 1.2517), TF Ratio: 0.873
2026-06-14 20:00:45,222 - INFO - Epoch [3/5], Batch [38/300], Loss: 1.0494 (Overall: 0.6559, Change: 1.1534), TF Ratio: 0.872
2026-06-14 20:00:45,394 - INFO - Epoch [3/5], Batch [39/300], Loss: 1.0486 (Overall: 0.5652, Change: 1.4706), TF Ratio: 0.872
2026-06-14 20:00:54,917 - INFO - Epoch [3/5], Batch [40/300], Loss: 1.0533 (Overall: 0.9421, Change: 1.5367), TF Ratio: 0.872
2026-06-14 20:00:55,071 - INFO - Epoch [3/5], Batch [41/300], Loss: 1.0521 (Overall: 0.5422, Change: 1.4591), TF Ratio: 0.872
2026-06-14 20:00:55,224 - INFO - Epoch [3/5], Batch [42/300], Loss: 1.0556 (Overall: 0.9173, Change: 1.4828), TF Ratio: 0.872
2026-06-14 20:00:56,212 - INFO - Epoch [3/5], Batch [43/300], Loss: 1.0546 (Overall: 0.5640, Change: 1.4609), TF Ratio: 0.871
2026-06-14 20:00:57,788 - INFO - Epoch [3/5], Batch [44/300], Loss: 1.0538 (Overall: 0.6209, Change: 1.4240), TF Ratio: 0.871
2026-06-14 20:00:57,941 - INFO - Epoch [3/5], Batch [45/300], Loss: 1.0518 (Overall: 0.7866, Change: 1.1369), TF Ratio: 0.871
2026-06-14 20:00:58,095 - INFO - Epoch [3/5], Batch [46/300], Loss: 1.0553 (Overall: 0.8979, Change: 1.5241), TF Ratio: 0.871
2026-06-14 20:00:58,250 - INFO - Epoch [3/5], Batch [47/300], Loss: 1.0551 (Overall: 0.8519, Change: 1.2405), TF Ratio: 0.871
2026-06-14 20:01:07,947 - INFO - Epoch [3/5], Batch [48/300], Loss: 1.0496 (Overall: 0.8310, Change: 0.7584), TF Ratio: 0.870
2026-06-14 20:01:08,103 - INFO - Epoch [3/5], Batch [49/300], Loss: 1.0504 (Overall: 0.7118, Change: 1.4611), TF Ratio: 0.870
2026-06-14 20:01:08,257 - INFO - Epoch [3/5], Batch [50/300], Loss: 1.0542 (Overall: 1.0012, Change: 1.4790), TF Ratio: 0.870
2026-06-14 20:01:10,702 - INFO - Epoch [3/5], Batch [51/300], Loss: 1.0553 (Overall: 0.7498, Change: 1.4744), TF Ratio: 0.870
2026-06-14 20:01:13,909 - INFO - Epoch [3/5], Batch [52/300], Loss: 1.0598 (Overall: 0.9560, Change: 1.6220), TF Ratio: 0.870
2026-06-14 20:01:14,069 - INFO - Epoch [3/5], Batch [53/300], Loss: 1.0613 (Overall: 0.7643, Change: 1.5105), TF Ratio: 0.869
2026-06-14 20:01:14,222 - INFO - Epoch [3/5], Batch [54/300], Loss: 1.0652 (Overall: 0.9502, Change: 1.5913), TF Ratio: 0.869
2026-06-14 20:01:14,375 - INFO - Epoch [3/5], Batch [55/300], Loss: 1.0654 (Overall: 0.6350, Change: 1.5274), TF Ratio: 0.869
2026-06-14 20:01:21,230 - INFO - Epoch [3/5], Batch [56/300], Loss: 1.0655 (Overall: 0.6095, Change: 1.5219), TF Ratio: 0.869
2026-06-14 20:01:21,384 - INFO - Epoch [3/5], Batch [57/300], Loss: 1.0655 (Overall: 0.7286, Change: 1.4085), TF Ratio: 0.869
2026-06-14 20:01:21,536 - INFO - Epoch [3/5], Batch [58/300], Loss: 1.0673 (Overall: 0.8649, Change: 1.4703), TF Ratio: 0.868
2026-06-14 20:01:23,533 - INFO - Epoch [3/5], Batch [59/300], Loss: 1.0691 (Overall: 0.8062, Change: 1.5418), TF Ratio: 0.868
2026-06-14 20:01:26,107 - INFO - Epoch [3/5], Batch [60/300], Loss: 1.0707 (Overall: 0.9232, Change: 1.4051), TF Ratio: 0.868
2026-06-14 20:01:26,261 - INFO - Epoch [3/5], Batch [61/300], Loss: 1.0674 (Overall: 0.7185, Change: 1.0191), TF Ratio: 0.868
2026-06-14 20:01:26,414 - INFO - Epoch [3/5], Batch [62/300], Loss: 1.0666 (Overall: 0.7558, Change: 1.2804), TF Ratio: 0.868
2026-06-14 20:01:26,566 - INFO - Epoch [3/5], Batch [63/300], Loss: 1.0649 (Overall: 0.8616, Change: 1.0690), TF Ratio: 0.867
2026-06-14 20:01:36,194 - INFO - Epoch [3/5], Batch [64/300], Loss: 1.0639 (Overall: 0.6527, Change: 1.3413), TF Ratio: 0.867
2026-06-14 20:01:36,347 - INFO - Epoch [3/5], Batch [65/300], Loss: 1.0633 (Overall: 0.8913, Change: 1.1576), TF Ratio: 0.867
2026-06-14 20:01:48,752 - INFO - Epoch [3/5], Batch [66/300], Loss: 1.0628 (Overall: 0.5807, Change: 1.4811), TF Ratio: 0.867
2026-06-14 20:01:56,795 - INFO - Epoch [3/5], Batch [67/300], Loss: 1.0620 (Overall: 0.5091, Change: 1.5118), TF Ratio: 0.867
2026-06-14 20:01:56,961 - INFO - Epoch [3/5], Batch [68/300], Loss: 1.0580 (Overall: 0.6609, Change: 0.9230), TF Ratio: 0.866
2026-06-14 20:01:57,116 - INFO - Epoch [3/5], Batch [69/300], Loss: 1.0558 (Overall: 0.5539, Change: 1.2490), TF Ratio: 0.866
2026-06-14 20:01:57,269 - INFO - Epoch [3/5], Batch [70/300], Loss: 1.0551 (Overall: 0.8615, Change: 1.1540), TF Ratio: 0.866
2026-06-14 20:01:57,422 - INFO - Epoch [3/5], Batch [71/300], Loss: 1.0519 (Overall: 0.4755, Change: 1.1790), TF Ratio: 0.866
2026-06-14 20:01:57,586 - INFO - Epoch [3/5], Batch [72/300], Loss: 1.0509 (Overall: 0.6014, Change: 1.3598), TF Ratio: 0.866
2026-06-14 20:01:57,740 - INFO - Epoch [3/5], Batch [73/300], Loss: 1.0491 (Overall: 0.7169, Change: 1.1315), TF Ratio: 0.865
2026-06-14 20:02:04,071 - INFO - Epoch [3/5], Batch [74/300], Loss: 1.0499 (Overall: 0.7290, Change: 1.4822), TF Ratio: 0.865
2026-06-14 20:02:09,982 - INFO - Epoch [3/5], Batch [75/300], Loss: 1.0496 (Overall: 0.9421, Change: 1.1152), TF Ratio: 0.865
2026-06-14 20:02:10,147 - INFO - Epoch [3/5], Batch [76/300], Loss: 1.0535 (Overall: 1.3203, Change: 1.3615), TF Ratio: 0.865
2026-06-14 20:02:10,301 - INFO - Epoch [3/5], Batch [77/300], Loss: 1.0545 (Overall: 0.9684, Change: 1.3052), TF Ratio: 0.865
2026-06-14 20:02:10,455 - INFO - Epoch [3/5], Batch [78/300], Loss: 1.0563 (Overall: 0.7783, Change: 1.6037), TF Ratio: 0.864
2026-06-14 20:02:10,608 - INFO - Epoch [3/5], Batch [79/300], Loss: 1.0563 (Overall: 0.8472, Change: 1.2668), TF Ratio: 0.864
2026-06-14 20:02:10,776 - INFO - Epoch [3/5], Batch [80/300], Loss: 1.0545 (Overall: 0.5832, Change: 1.2408), TF Ratio: 0.864
2026-06-14 20:02:10,929 - INFO - Epoch [3/5], Batch [81/300], Loss: 1.0567 (Overall: 0.7581, Change: 1.7006), TF Ratio: 0.864
2026-06-14 20:02:16,360 - INFO - Epoch [3/5], Batch [82/300], Loss: 1.0573 (Overall: 0.6020, Change: 1.6108), TF Ratio: 0.864
2026-06-14 20:02:27,262 - INFO - Epoch [3/5], Batch [83/300], Loss: 1.0543 (Overall: 0.7244, Change: 0.9054), TF Ratio: 0.863
2026-06-14 20:02:27,428 - INFO - Epoch [3/5], Batch [84/300], Loss: 1.0534 (Overall: 0.7253, Change: 1.2261), TF Ratio: 0.863
2026-06-14 20:02:27,583 - INFO - Epoch [3/5], Batch [85/300], Loss: 1.0523 (Overall: 0.6520, Change: 1.2672), TF Ratio: 0.863
2026-06-14 20:02:27,735 - INFO - Epoch [3/5], Batch [86/300], Loss: 1.0483 (Overall: 0.6687, Change: 0.7405), TF Ratio: 0.863
2026-06-14 20:02:27,889 - INFO - Epoch [3/5], Batch [87/300], Loss: 1.0436 (Overall: 0.4646, Change: 0.8234), TF Ratio: 0.863
2026-06-14 20:02:28,438 - INFO - Epoch [3/5], Batch [88/300], Loss: 1.0418 (Overall: 0.6219, Change: 1.1495), TF Ratio: 0.862
2026-06-14 20:02:28,592 - INFO - Epoch [3/5], Batch [89/300], Loss: 1.0436 (Overall: 1.0567, Change: 1.3521), TF Ratio: 0.862
2026-06-14 20:02:29,060 - INFO - Epoch [3/5], Batch [90/300], Loss: 1.0445 (Overall: 0.8655, Change: 1.3785), TF Ratio: 0.862
2026-06-14 20:02:39,945 - INFO - Epoch [3/5], Batch [91/300], Loss: 1.0429 (Overall: 0.9686, Change: 0.8246), TF Ratio: 0.862
2026-06-14 20:02:40,114 - INFO - Epoch [3/5], Batch [92/300], Loss: 1.0439 (Overall: 0.8352, Change: 1.4420), TF Ratio: 0.862
2026-06-14 20:02:40,268 - INFO - Epoch [3/5], Batch [93/300], Loss: 1.0448 (Overall: 0.7802, Change: 1.4711), TF Ratio: 0.861
2026-06-14 20:02:40,421 - INFO - Epoch [3/5], Batch [94/300], Loss: 1.0434 (Overall: 0.5901, Change: 1.2434), TF Ratio: 0.861
2026-06-14 20:02:40,573 - INFO - Epoch [3/5], Batch [95/300], Loss: 1.0429 (Overall: 0.8375, Change: 1.1363), TF Ratio: 0.861
2026-06-14 20:02:40,741 - INFO - Epoch [3/5], Batch [96/300], Loss: 1.0411 (Overall: 0.6586, Change: 1.0821), TF Ratio: 0.861
2026-06-14 20:02:40,896 - INFO - Epoch [3/5], Batch [97/300], Loss: 1.0422 (Overall: 0.8159, Change: 1.4821), TF Ratio: 0.861
2026-06-14 20:02:41,782 - INFO - Epoch [3/5], Batch [98/300], Loss: 1.0384 (Overall: 0.4656, Change: 0.8733), TF Ratio: 0.860
2026-06-14 20:02:54,723 - INFO - Epoch [3/5], Batch [99/300], Loss: 1.0369 (Overall: 0.5556, Change: 1.2323), TF Ratio: 0.860
2026-06-14 20:02:54,887 - INFO - Epoch [3/5], Batch [100/300], Loss: 1.0362 (Overall: 0.6970, Change: 1.2309), TF Ratio: 0.860
2026-06-14 20:02:55,043 - INFO - Epoch [3/5], Batch [101/300], Loss: 1.0343 (Overall: 0.7060, Change: 0.9923), TF Ratio: 0.860
2026-06-14 20:02:55,195 - INFO - Epoch [3/5], Batch [102/300], Loss: 1.0362 (Overall: 0.8488, Change: 1.6009), TF Ratio: 0.860
2026-06-14 20:02:55,349 - INFO - Epoch [3/5], Batch [103/300], Loss: 1.0358 (Overall: 0.5178, Change: 1.4758), TF Ratio: 0.859
2026-06-14 20:02:55,659 - INFO - Epoch [3/5], Batch [104/300], Loss: 1.0369 (Overall: 0.6849, Change: 1.6213), TF Ratio: 0.859
2026-06-14 20:02:55,812 - INFO - Epoch [3/5], Batch [105/300], Loss: 1.0402 (Overall: 1.2568, Change: 1.5118), TF Ratio: 0.859
2026-06-14 20:02:55,965 - INFO - Epoch [3/5], Batch [106/300], Loss: 1.0381 (Overall: 0.5432, Change: 1.0909), TF Ratio: 0.859
2026-06-14 20:03:23,460 - INFO - Epoch [3/5], Batch [107/300], Loss: 1.0388 (Overall: 0.8141, Change: 1.4096), TF Ratio: 0.859
2026-06-14 20:03:23,625 - INFO - Epoch [3/5], Batch [108/300], Loss: 1.0383 (Overall: 0.8483, Change: 1.1134), TF Ratio: 0.858
2026-06-14 20:03:23,778 - INFO - Epoch [3/5], Batch [109/300], Loss: 1.0376 (Overall: 0.5685, Change: 1.3631), TF Ratio: 0.858
2026-06-14 20:03:23,932 - INFO - Epoch [3/5], Batch [110/300], Loss: 1.0354 (Overall: 0.5087, Change: 1.0686), TF Ratio: 0.858
2026-06-14 20:03:24,084 - INFO - Epoch [3/5], Batch [111/300], Loss: 1.0360 (Overall: 0.6949, Change: 1.5254), TF Ratio: 0.858
2026-06-14 20:03:24,258 - INFO - Epoch [3/5], Batch [112/300], Loss: 1.0358 (Overall: 0.8514, Change: 1.1712), TF Ratio: 0.858
2026-06-14 20:03:24,415 - INFO - Epoch [3/5], Batch [113/300], Loss: 1.0366 (Overall: 0.6834, Change: 1.5725), TF Ratio: 0.857
2026-06-14 20:03:24,568 - INFO - Epoch [3/5], Batch [114/300], Loss: 1.0351 (Overall: 0.6389, Change: 1.0963), TF Ratio: 0.857
2026-06-14 20:03:36,449 - INFO - Epoch [3/5], Batch [115/300], Loss: 1.0348 (Overall: 0.8747, Change: 1.1264), TF Ratio: 0.857
2026-06-14 20:03:36,614 - INFO - Epoch [3/5], Batch [116/300], Loss: 1.0356 (Overall: 0.7369, Change: 1.5177), TF Ratio: 0.857
2026-06-14 20:03:36,767 - INFO - Epoch [3/5], Batch [117/300], Loss: 1.0356 (Overall: 0.5859, Change: 1.4727), TF Ratio: 0.857
2026-06-14 20:03:36,919 - INFO - Epoch [3/5], Batch [118/300], Loss: 1.0359 (Overall: 0.8644, Change: 1.2914), TF Ratio: 0.856
2026-06-14 20:03:37,072 - INFO - Epoch [3/5], Batch [119/300], Loss: 1.0450 (Overall: 2.1748, Change: 2.0399), TF Ratio: 0.856
2026-06-14 20:03:37,240 - INFO - Epoch [3/5], Batch [120/300], Loss: 1.0462 (Overall: 0.8645, Change: 1.5266), TF Ratio: 0.856
2026-06-14 20:03:37,395 - INFO - Epoch [3/5], Batch [121/300], Loss: 1.0470 (Overall: 0.9212, Change: 1.3564), TF Ratio: 0.856
2026-06-14 20:03:37,547 - INFO - Epoch [3/5], Batch [122/300], Loss: 1.0462 (Overall: 0.5029, Change: 1.4091), TF Ratio: 0.856
2026-06-14 20:03:49,948 - INFO - Epoch [3/5], Batch [123/300], Loss: 1.0467 (Overall: 0.7878, Change: 1.4267), TF Ratio: 0.855
2026-06-14 20:03:50,111 - INFO - Epoch [3/5], Batch [124/300], Loss: 1.0445 (Overall: 0.5981, Change: 0.9536), TF Ratio: 0.855
2026-06-14 20:03:50,265 - INFO - Epoch [3/5], Batch [125/300], Loss: 1.0440 (Overall: 0.6983, Change: 1.2684), TF Ratio: 0.855
2026-06-14 20:03:50,418 - INFO - Epoch [3/5], Batch [126/300], Loss: 1.0456 (Overall: 0.6086, Change: 1.8699), TF Ratio: 0.855
2026-06-14 20:03:50,570 - INFO - Epoch [3/5], Batch [127/300], Loss: 1.0456 (Overall: 0.7805, Change: 1.3029), TF Ratio: 0.855
2026-06-14 20:03:50,742 - INFO - Epoch [3/5], Batch [128/300], Loss: 1.0437 (Overall: 0.5578, Change: 1.0583), TF Ratio: 0.854
2026-06-14 20:03:50,894 - INFO - Epoch [3/5], Batch [129/300], Loss: 1.0447 (Overall: 0.7232, Change: 1.6172), TF Ratio: 0.854
2026-06-14 20:03:51,046 - INFO - Epoch [3/5], Batch [130/300], Loss: 1.0463 (Overall: 0.9003, Change: 1.6179), TF Ratio: 0.854
2026-06-14 20:04:05,662 - INFO - Epoch [3/5], Batch [131/300], Loss: 1.0461 (Overall: 0.7812, Change: 1.2522), TF Ratio: 0.854
2026-06-14 20:04:05,828 - INFO - Epoch [3/5], Batch [132/300], Loss: 1.0460 (Overall: 0.6296, Change: 1.4342), TF Ratio: 0.854
2026-06-14 20:04:05,982 - INFO - Epoch [3/5], Batch [133/300], Loss: 1.0457 (Overall: 0.7268, Change: 1.2935), TF Ratio: 0.853
2026-06-14 20:04:06,135 - INFO - Epoch [3/5], Batch [134/300], Loss: 1.0446 (Overall: 0.6929, Change: 1.0922), TF Ratio: 0.853
2026-06-14 20:04:06,287 - INFO - Epoch [3/5], Batch [135/300], Loss: 1.0451 (Overall: 1.0874, Change: 1.1424), TF Ratio: 0.853
2026-06-14 20:04:06,459 - INFO - Epoch [3/5], Batch [136/300], Loss: 1.0445 (Overall: 0.8948, Change: 1.0286), TF Ratio: 0.853
2026-06-14 20:04:06,623 - INFO - Epoch [3/5], Batch [137/300], Loss: 1.0443 (Overall: 0.5816, Change: 1.4549), TF Ratio: 0.853
2026-06-14 20:04:06,776 - INFO - Epoch [3/5], Batch [138/300], Loss: 1.0450 (Overall: 0.7102, Change: 1.5794), TF Ratio: 0.852
2026-06-14 20:04:22,421 - INFO - Epoch [3/5], Batch [139/300], Loss: 1.0433 (Overall: 0.5252, Change: 1.0817), TF Ratio: 0.852
2026-06-14 20:04:22,585 - INFO - Epoch [3/5], Batch [140/300], Loss: 1.0469 (Overall: 1.1051, Change: 1.9807), TF Ratio: 0.852
2026-06-14 20:04:22,739 - INFO - Epoch [3/5], Batch [141/300], Loss: 1.0449 (Overall: 0.7450, Change: 0.8001), TF Ratio: 0.852
2026-06-14 20:04:22,892 - INFO - Epoch [3/5], Batch [142/300], Loss: 1.0452 (Overall: 0.8661, Change: 1.2990), TF Ratio: 0.852
2026-06-14 20:04:23,045 - INFO - Epoch [3/5], Batch [143/300], Loss: 1.0445 (Overall: 0.4471, Change: 1.4554), TF Ratio: 0.851
2026-06-14 20:04:23,217 - INFO - Epoch [3/5], Batch [144/300], Loss: 1.0465 (Overall: 1.0097, Change: 1.6533), TF Ratio: 0.851
2026-06-14 20:04:23,370 - INFO - Epoch [3/5], Batch [145/300], Loss: 1.0473 (Overall: 0.9519, Change: 1.3535), TF Ratio: 0.851
2026-06-14 20:04:23,522 - INFO - Epoch [3/5], Batch [146/300], Loss: 1.0465 (Overall: 0.7102, Change: 1.1736), TF Ratio: 0.851
2026-06-14 20:04:35,740 - INFO - Epoch [3/5], Batch [147/300], Loss: 1.0462 (Overall: 0.7867, Change: 1.2153), TF Ratio: 0.851
2026-06-14 20:04:35,905 - INFO - Epoch [3/5], Batch [148/300], Loss: 1.0464 (Overall: 0.5038, Change: 1.6289), TF Ratio: 0.850
2026-06-14 20:04:36,058 - INFO - Epoch [3/5], Batch [149/300], Loss: 1.0475 (Overall: 0.9135, Change: 1.5272), TF Ratio: 0.850
2026-06-14 20:04:36,212 - INFO - Epoch [3/5], Batch [150/300], Loss: 1.0473 (Overall: 0.9042, Change: 1.1264), TF Ratio: 0.850
2026-06-14 20:04:36,365 - INFO - Epoch [3/5], Batch [151/300], Loss: 1.0466 (Overall: 0.8085, Change: 1.0709), TF Ratio: 0.850
2026-06-14 20:04:36,529 - INFO - Epoch [3/5], Batch [152/300], Loss: 1.0475 (Overall: 0.7392, Change: 1.6210), TF Ratio: 0.850
2026-06-14 20:04:36,683 - INFO - Epoch [3/5], Batch [153/300], Loss: 1.0468 (Overall: 0.4190, Change: 1.4809), TF Ratio: 0.849
2026-06-14 20:04:36,835 - INFO - Epoch [3/5], Batch [154/300], Loss: 1.0468 (Overall: 1.0005, Change: 1.0869), TF Ratio: 0.849
2026-06-14 20:04:50,117 - INFO - Epoch [3/5], Batch [155/300], Loss: 1.0484 (Overall: 1.0615, Change: 1.5094), TF Ratio: 0.849
2026-06-14 20:04:50,282 - INFO - Epoch [3/5], Batch [156/300], Loss: 1.0480 (Overall: 0.7736, Change: 1.2143), TF Ratio: 0.849
2026-06-14 20:04:50,435 - INFO - Epoch [3/5], Batch [157/300], Loss: 1.0468 (Overall: 0.7617, Change: 0.9433), TF Ratio: 0.849
2026-06-14 20:04:50,588 - INFO - Epoch [3/5], Batch [158/300], Loss: 1.0456 (Overall: 0.7060, Change: 1.0204), TF Ratio: 0.848
2026-06-14 20:04:50,742 - INFO - Epoch [3/5], Batch [159/300], Loss: 1.0454 (Overall: 0.6966, Change: 1.3254), TF Ratio: 0.848
2026-06-14 20:04:50,911 - INFO - Epoch [3/5], Batch [160/300], Loss: 1.0450 (Overall: 0.6574, Change: 1.2964), TF Ratio: 0.848
2026-06-14 20:04:51,064 - INFO - Epoch [3/5], Batch [161/300], Loss: 1.0441 (Overall: 0.5176, Change: 1.2897), TF Ratio: 0.848
2026-06-14 20:04:51,217 - INFO - Epoch [3/5], Batch [162/300], Loss: 1.0424 (Overall: 0.5565, Change: 0.9863), TF Ratio: 0.848
2026-06-14 20:05:03,670 - INFO - Epoch [3/5], Batch [163/300], Loss: 1.0447 (Overall: 1.3220, Change: 1.5127), TF Ratio: 0.847
2026-06-14 20:05:03,837 - INFO - Epoch [3/5], Batch [164/300], Loss: 1.0449 (Overall: 0.7427, Change: 1.4069), TF Ratio: 0.847
2026-06-14 20:05:03,991 - INFO - Epoch [3/5], Batch [165/300], Loss: 1.0466 (Overall: 1.0226, Change: 1.6224), TF Ratio: 0.847
2026-06-14 20:05:04,143 - INFO - Epoch [3/5], Batch [166/300], Loss: 1.0462 (Overall: 0.5443, Change: 1.4390), TF Ratio: 0.847
2026-06-14 20:05:04,296 - INFO - Epoch [3/5], Batch [167/300], Loss: 1.0473 (Overall: 0.5754, Change: 1.8698), TF Ratio: 0.847
2026-06-14 20:05:04,462 - INFO - Epoch [3/5], Batch [168/300], Loss: 1.0471 (Overall: 0.5887, Change: 1.4286), TF Ratio: 0.846
2026-06-14 20:05:04,616 - INFO - Epoch [3/5], Batch [169/300], Loss: 1.0474 (Overall: 0.7281, Change: 1.4846), TF Ratio: 0.846
2026-06-14 20:05:04,769 - INFO - Epoch [3/5], Batch [170/300], Loss: 1.0466 (Overall: 0.5867, Change: 1.2433), TF Ratio: 0.846
2026-06-14 20:05:18,953 - INFO - Epoch [3/5], Batch [171/300], Loss: 1.0476 (Overall: 1.0676, Change: 1.3662), TF Ratio: 0.846
2026-06-14 20:05:19,117 - INFO - Epoch [3/5], Batch [172/300], Loss: 1.0493 (Overall: 1.5381, Change: 1.1279), TF Ratio: 0.846
2026-06-14 20:05:19,271 - INFO - Epoch [3/5], Batch [173/300], Loss: 1.0502 (Overall: 0.8578, Change: 1.5670), TF Ratio: 0.845
2026-06-14 20:05:19,424 - INFO - Epoch [3/5], Batch [174/300], Loss: 1.0498 (Overall: 0.5197, Change: 1.4288), TF Ratio: 0.845
2026-06-14 20:05:19,582 - INFO - Epoch [3/5], Batch [175/300], Loss: 1.0491 (Overall: 0.4546, Change: 1.4172), TF Ratio: 0.845
2026-06-14 20:05:19,748 - INFO - Epoch [3/5], Batch [176/300], Loss: 1.0513 (Overall: 1.1060, Change: 1.7656), TF Ratio: 0.845
2026-06-14 20:05:19,902 - INFO - Epoch [3/5], Batch [177/300], Loss: 1.0523 (Overall: 0.9902, Change: 1.4660), TF Ratio: 0.845
2026-06-14 20:05:20,054 - INFO - Epoch [3/5], Batch [178/300], Loss: 1.0521 (Overall: 0.5327, Change: 1.4769), TF Ratio: 0.844
2026-06-14 20:05:30,969 - INFO - Epoch [3/5], Batch [179/300], Loss: 1.0525 (Overall: 0.9044, Change: 1.3551), TF Ratio: 0.844
2026-06-14 20:05:31,130 - INFO - Epoch [3/5], Batch [180/300], Loss: 1.0540 (Overall: 1.1513, Change: 1.5074), TF Ratio: 0.844
2026-06-14 20:05:31,283 - INFO - Epoch [3/5], Batch [181/300], Loss: 1.0518 (Overall: 0.5332, Change: 0.7749), TF Ratio: 0.844
2026-06-14 20:05:31,436 - INFO - Epoch [3/5], Batch [182/300], Loss: 1.0511 (Overall: 0.8516, Change: 0.9794), TF Ratio: 0.844
2026-06-14 20:05:31,589 - INFO - Epoch [3/5], Batch [183/300], Loss: 1.0500 (Overall: 0.5774, Change: 1.1378), TF Ratio: 0.843
2026-06-14 20:05:31,757 - INFO - Epoch [3/5], Batch [184/300], Loss: 1.0502 (Overall: 0.6052, Change: 1.5492), TF Ratio: 0.843
2026-06-14 20:05:31,910 - INFO - Epoch [3/5], Batch [185/300], Loss: 1.0499 (Overall: 0.6024, Change: 1.4008), TF Ratio: 0.843
2026-06-14 20:05:32,063 - INFO - Epoch [3/5], Batch [186/300], Loss: 1.0498 (Overall: 0.8051, Change: 1.2680), TF Ratio: 0.843
2026-06-14 20:05:53,585 - INFO - Epoch [3/5], Batch [187/300], Loss: 1.0498 (Overall: 0.8671, Change: 1.2142), TF Ratio: 0.843
2026-06-14 20:05:53,749 - INFO - Epoch [3/5], Batch [188/300], Loss: 1.0493 (Overall: 0.6655, Change: 1.2537), TF Ratio: 0.842
2026-06-14 20:05:53,904 - INFO - Epoch [3/5], Batch [189/300], Loss: 1.0500 (Overall: 0.6604, Change: 1.6844), TF Ratio: 0.842
2026-06-14 20:05:54,058 - INFO - Epoch [3/5], Batch [190/300], Loss: 1.0503 (Overall: 0.6587, Change: 1.5653), TF Ratio: 0.842
2026-06-14 20:05:54,212 - INFO - Epoch [3/5], Batch [191/300], Loss: 1.0492 (Overall: 0.4855, Change: 1.1815), TF Ratio: 0.842
2026-06-14 20:05:54,375 - INFO - Epoch [3/5], Batch [192/300], Loss: 1.0492 (Overall: 0.6797, Change: 1.4181), TF Ratio: 0.842
2026-06-14 20:05:54,529 - INFO - Epoch [3/5], Batch [193/300], Loss: 1.0497 (Overall: 0.9076, Change: 1.4184), TF Ratio: 0.841
2026-06-14 20:05:54,682 - INFO - Epoch [3/5], Batch [194/300], Loss: 1.0509 (Overall: 0.6793, Change: 1.8882), TF Ratio: 0.841
2026-06-14 20:06:07,216 - INFO - Epoch [3/5], Batch [195/300], Loss: 1.0501 (Overall: 0.4311, Change: 1.3302), TF Ratio: 0.841
2026-06-14 20:06:07,381 - INFO - Epoch [3/5], Batch [196/300], Loss: 1.0500 (Overall: 0.5507, Change: 1.5011), TF Ratio: 0.841
2026-06-14 20:06:07,534 - INFO - Epoch [3/5], Batch [197/300], Loss: 1.0499 (Overall: 0.7327, Change: 1.3651), TF Ratio: 0.841
2026-06-14 20:06:07,686 - INFO - Epoch [3/5], Batch [198/300], Loss: 1.0505 (Overall: 0.8781, Change: 1.4296), TF Ratio: 0.840
2026-06-14 20:06:07,838 - INFO - Epoch [3/5], Batch [199/300], Loss: 1.0514 (Overall: 0.8706, Change: 1.6191), TF Ratio: 0.840
2026-06-14 20:06:08,004 - INFO - Epoch [3/5], Batch [200/300], Loss: 1.0508 (Overall: 0.4704, Change: 1.3916), TF Ratio: 0.840
2026-06-14 20:06:08,157 - INFO - Epoch [3/5], Batch [201/300], Loss: 1.0510 (Overall: 0.6603, Change: 1.5143), TF Ratio: 0.840
2026-06-14 20:06:08,309 - INFO - Epoch [3/5], Batch [202/300], Loss: 1.0513 (Overall: 0.7192, Change: 1.4944), TF Ratio: 0.840
2026-06-14 20:06:24,809 - INFO - Epoch [3/5], Batch [203/300], Loss: 1.0496 (Overall: 0.6016, Change: 0.8017), TF Ratio: 0.839
2026-06-14 20:06:24,971 - INFO - Epoch [3/5], Batch [204/300], Loss: 1.0491 (Overall: 0.9192, Change: 0.9764), TF Ratio: 0.839
2026-06-14 20:06:25,123 - INFO - Epoch [3/5], Batch [205/300], Loss: 1.0487 (Overall: 0.7852, Change: 1.1624), TF Ratio: 0.839
2026-06-14 20:06:25,274 - INFO - Epoch [3/5], Batch [206/300], Loss: 1.0489 (Overall: 0.8157, Change: 1.3591), TF Ratio: 0.839
2026-06-14 20:06:25,427 - INFO - Epoch [3/5], Batch [207/300], Loss: 1.0482 (Overall: 0.9097, Change: 0.9137), TF Ratio: 0.839
2026-06-14 20:06:25,594 - INFO - Epoch [3/5], Batch [208/300], Loss: 1.0480 (Overall: 0.8612, Change: 1.1415), TF Ratio: 0.838
2026-06-14 20:06:25,747 - INFO - Epoch [3/5], Batch [209/300], Loss: 1.0485 (Overall: 0.8198, Change: 1.4905), TF Ratio: 0.838
2026-06-14 20:06:25,899 - INFO - Epoch [3/5], Batch [210/300], Loss: 1.0481 (Overall: 0.5246, Change: 1.3975), TF Ratio: 0.838
2026-06-14 20:06:36,697 - INFO - Epoch [3/5], Batch [211/300], Loss: 1.0478 (Overall: 0.7753, Change: 1.2091), TF Ratio: 0.838
2026-06-14 20:06:36,860 - INFO - Epoch [3/5], Batch [212/300], Loss: 1.0476 (Overall: 0.8355, Change: 1.1429), TF Ratio: 0.838
2026-06-14 20:06:37,013 - INFO - Epoch [3/5], Batch [213/300], Loss: 1.0465 (Overall: 0.5335, Change: 1.1008), TF Ratio: 0.837
2026-06-14 20:06:37,165 - INFO - Epoch [3/5], Batch [214/300], Loss: 1.0463 (Overall: 0.6061, Change: 1.3910), TF Ratio: 0.837
2026-06-14 20:06:37,318 - INFO - Epoch [3/5], Batch [215/300], Loss: 1.0456 (Overall: 0.5658, Change: 1.2549), TF Ratio: 0.837
2026-06-14 20:06:37,491 - INFO - Epoch [3/5], Batch [216/300], Loss: 1.0458 (Overall: 0.8169, Change: 1.3584), TF Ratio: 0.837
2026-06-14 20:06:37,645 - INFO - Epoch [3/5], Batch [217/300], Loss: 1.0453 (Overall: 0.6644, Change: 1.1807), TF Ratio: 0.837
2026-06-14 20:06:37,798 - INFO - Epoch [3/5], Batch [218/300], Loss: 1.0443 (Overall: 0.6458, Change: 1.0185), TF Ratio: 0.836
2026-06-14 20:06:52,964 - INFO - Epoch [3/5], Batch [219/300], Loss: 1.0439 (Overall: 0.5574, Change: 1.3669), TF Ratio: 0.836
2026-06-14 20:06:53,130 - INFO - Epoch [3/5], Batch [220/300], Loss: 1.0442 (Overall: 0.5069, Change: 1.7138), TF Ratio: 0.836
2026-06-14 20:06:53,283 - INFO - Epoch [3/5], Batch [221/300], Loss: 1.0446 (Overall: 0.8811, Change: 1.3645), TF Ratio: 0.836
2026-06-14 20:06:53,437 - INFO - Epoch [3/5], Batch [222/300], Loss: 1.0447 (Overall: 0.5563, Change: 1.5802), TF Ratio: 0.836
2026-06-14 20:06:53,589 - INFO - Epoch [3/5], Batch [223/300], Loss: 1.0453 (Overall: 0.9863, Change: 1.3676), TF Ratio: 0.835
2026-06-14 20:06:53,761 - INFO - Epoch [3/5], Batch [224/300], Loss: 1.0456 (Overall: 0.7083, Change: 1.5487), TF Ratio: 0.835
2026-06-14 20:06:53,914 - INFO - Epoch [3/5], Batch [225/300], Loss: 1.0478 (Overall: 1.2729, Change: 1.7850), TF Ratio: 0.835
2026-06-14 20:06:54,067 - INFO - Epoch [3/5], Batch [226/300], Loss: 1.0472 (Overall: 0.6044, Change: 1.2120), TF Ratio: 0.835
2026-06-14 20:07:04,935 - INFO - Epoch [3/5], Batch [227/300], Loss: 1.0477 (Overall: 0.6439, Change: 1.7109), TF Ratio: 0.835
2026-06-14 20:07:05,097 - INFO - Epoch [3/5], Batch [228/300], Loss: 1.0479 (Overall: 0.7337, Change: 1.4277), TF Ratio: 0.834
2026-06-14 20:07:05,251 - INFO - Epoch [3/5], Batch [229/300], Loss: 1.0472 (Overall: 0.5939, Change: 1.2013), TF Ratio: 0.834
2026-06-14 20:07:05,404 - INFO - Epoch [3/5], Batch [230/300], Loss: 1.0466 (Overall: 0.6213, Change: 1.1823), TF Ratio: 0.834
2026-06-14 20:07:05,557 - INFO - Epoch [3/5], Batch [231/300], Loss: 1.0478 (Overall: 1.1351, Change: 1.5381), TF Ratio: 0.834
2026-06-14 20:07:05,724 - INFO - Epoch [3/5], Batch [232/300], Loss: 1.0482 (Overall: 0.7521, Change: 1.5186), TF Ratio: 0.834
2026-06-14 20:07:05,880 - INFO - Epoch [3/5], Batch [233/300], Loss: 1.0493 (Overall: 1.1354, Change: 1.4385), TF Ratio: 0.833
2026-06-14 20:07:06,034 - INFO - Epoch [3/5], Batch [234/300], Loss: 1.0508 (Overall: 1.0334, Change: 1.8006), TF Ratio: 0.833
2026-06-14 20:07:18,006 - INFO - Epoch [3/5], Batch [235/300], Loss: 1.0510 (Overall: 0.7043, Change: 1.4662), TF Ratio: 0.833
2026-06-14 20:07:18,168 - INFO - Epoch [3/5], Batch [236/300], Loss: 1.0507 (Overall: 0.7656, Change: 1.2124), TF Ratio: 0.833
2026-06-14 20:07:18,321 - INFO - Epoch [3/5], Batch [237/300], Loss: 1.0510 (Overall: 0.9936, Change: 1.2619), TF Ratio: 0.833
2026-06-14 20:07:18,474 - INFO - Epoch [3/5], Batch [238/300], Loss: 1.0507 (Overall: 0.7722, Change: 1.1952), TF Ratio: 0.832
2026-06-14 20:07:18,627 - INFO - Epoch [3/5], Batch [239/300], Loss: 1.0513 (Overall: 0.8022, Change: 1.5598), TF Ratio: 0.832
2026-06-14 20:07:18,799 - INFO - Epoch [3/5], Batch [240/300], Loss: 1.0523 (Overall: 1.0306, Change: 1.5602), TF Ratio: 0.832
2026-06-14 20:07:18,953 - INFO - Epoch [3/5], Batch [241/300], Loss: 1.0524 (Overall: 0.6445, Change: 1.5063), TF Ratio: 0.832
2026-06-14 20:07:19,106 - INFO - Epoch [3/5], Batch [242/300], Loss: 1.0522 (Overall: 0.6038, Change: 1.3868), TF Ratio: 0.832
2026-06-14 20:07:30,836 - INFO - Epoch [3/5], Batch [243/300], Loss: 1.0523 (Overall: 0.6126, Change: 1.5490), TF Ratio: 0.831
2026-06-14 20:07:31,003 - INFO - Epoch [3/5], Batch [244/300], Loss: 1.0517 (Overall: 0.4553, Change: 1.3687), TF Ratio: 0.831
2026-06-14 20:07:31,158 - INFO - Epoch [3/5], Batch [245/300], Loss: 1.0514 (Overall: 0.5559, Change: 1.4079), TF Ratio: 0.831
2026-06-14 20:07:31,311 - INFO - Epoch [3/5], Batch [246/300], Loss: 1.0507 (Overall: 0.5425, Change: 1.1951), TF Ratio: 0.831
2026-06-14 20:07:31,464 - INFO - Epoch [3/5], Batch [247/300], Loss: 1.0516 (Overall: 1.1236, Change: 1.4455), TF Ratio: 0.831
2026-06-14 20:07:31,632 - INFO - Epoch [3/5], Batch [248/300], Loss: 1.0526 (Overall: 0.9184, Change: 1.6464), TF Ratio: 0.830
2026-06-14 20:07:31,788 - INFO - Epoch [3/5], Batch [249/300], Loss: 1.0523 (Overall: 0.7689, Change: 1.2123), TF Ratio: 0.830
2026-06-14 20:07:31,944 - INFO - Epoch [3/5], Batch [250/300], Loss: 1.0519 (Overall: 0.5461, Change: 1.3404), TF Ratio: 0.830
2026-06-14 20:07:44,560 - INFO - Epoch [3/5], Batch [251/300], Loss: 1.0512 (Overall: 0.5158, Change: 1.2484), TF Ratio: 0.830
2026-06-14 20:07:44,726 - INFO - Epoch [3/5], Batch [252/300], Loss: 1.0521 (Overall: 0.5273, Change: 2.0150), TF Ratio: 0.830
2026-06-14 20:07:44,880 - INFO - Epoch [3/5], Batch [253/300], Loss: 1.0524 (Overall: 0.8329, Change: 1.4338), TF Ratio: 0.829
2026-06-14 20:07:45,033 - INFO - Epoch [3/5], Batch [254/300], Loss: 1.0529 (Overall: 0.8755, Change: 1.5073), TF Ratio: 0.829
2026-06-14 20:07:45,186 - INFO - Epoch [3/5], Batch [255/300], Loss: 1.0526 (Overall: 0.5880, Change: 1.3263), TF Ratio: 0.829
2026-06-14 20:07:45,355 - INFO - Epoch [3/5], Batch [256/300], Loss: 1.0521 (Overall: 0.4803, Change: 1.3874), TF Ratio: 0.829
2026-06-14 20:07:45,509 - INFO - Epoch [3/5], Batch [257/300], Loss: 1.0513 (Overall: 0.6276, Change: 1.0548), TF Ratio: 0.829
2026-06-14 20:07:45,662 - INFO - Epoch [3/5], Batch [258/300], Loss: 1.0515 (Overall: 0.7134, Change: 1.5119), TF Ratio: 0.828
2026-06-14 20:07:57,599 - INFO - Epoch [3/5], Batch [259/300], Loss: 1.0514 (Overall: 0.8917, Change: 1.1624), TF Ratio: 0.828
2026-06-14 20:07:57,761 - INFO - Epoch [3/5], Batch [260/300], Loss: 1.0519 (Overall: 1.0498, Change: 1.2745), TF Ratio: 0.828
2026-06-14 20:07:57,914 - INFO - Epoch [3/5], Batch [261/300], Loss: 1.0524 (Overall: 0.7702, Change: 1.6170), TF Ratio: 0.828
2026-06-14 20:07:58,066 - INFO - Epoch [3/5], Batch [262/300], Loss: 1.0525 (Overall: 0.7253, Change: 1.4279), TF Ratio: 0.828
2026-06-14 20:07:58,217 - INFO - Epoch [3/5], Batch [263/300], Loss: 1.0523 (Overall: 0.7817, Change: 1.2461), TF Ratio: 0.827
2026-06-14 20:07:58,386 - INFO - Epoch [3/5], Batch [264/300], Loss: 1.0522 (Overall: 0.4673, Change: 1.5391), TF Ratio: 0.827
2026-06-14 20:07:58,539 - INFO - Epoch [3/5], Batch [265/300], Loss: 1.0534 (Overall: 1.1652, Change: 1.5966), TF Ratio: 0.827
2026-06-14 20:07:58,707 - INFO - Epoch [3/5], Batch [266/300], Loss: 1.0529 (Overall: 0.8865, Change: 0.9444), TF Ratio: 0.827
2026-06-14 20:08:13,146 - INFO - Epoch [3/5], Batch [267/300], Loss: 1.0526 (Overall: 0.5331, Change: 1.4105), TF Ratio: 0.827
2026-06-14 20:08:13,308 - INFO - Epoch [3/5], Batch [268/300], Loss: 1.0525 (Overall: 0.5213, Change: 1.5423), TF Ratio: 0.826
2026-06-14 20:08:13,459 - INFO - Epoch [3/5], Batch [269/300], Loss: 1.0540 (Overall: 1.1901, Change: 1.7498), TF Ratio: 0.826
2026-06-14 20:08:13,611 - INFO - Epoch [3/5], Batch [270/300], Loss: 1.0541 (Overall: 0.5288, Change: 1.6023), TF Ratio: 0.826
2026-06-14 20:08:13,763 - INFO - Epoch [3/5], Batch [271/300], Loss: 1.0564 (Overall: 1.6953, Change: 1.6913), TF Ratio: 0.826
2026-06-14 20:08:13,933 - INFO - Epoch [3/5], Batch [272/300], Loss: 1.0566 (Overall: 0.7012, Change: 1.5206), TF Ratio: 0.826
2026-06-14 20:08:14,085 - INFO - Epoch [3/5], Batch [273/300], Loss: 1.0560 (Overall: 0.7444, Change: 1.0223), TF Ratio: 0.825
2026-06-14 20:08:14,236 - INFO - Epoch [3/5], Batch [274/300], Loss: 1.0557 (Overall: 0.8757, Change: 1.0431), TF Ratio: 0.825
2026-06-14 20:08:24,898 - INFO - Epoch [3/5], Batch [275/300], Loss: 1.0549 (Overall: 0.6831, Change: 1.0348), TF Ratio: 0.825
2026-06-14 20:08:25,061 - INFO - Epoch [3/5], Batch [276/300], Loss: 1.0549 (Overall: 0.5200, Change: 1.5393), TF Ratio: 0.825
2026-06-14 20:08:25,216 - INFO - Epoch [3/5], Batch [277/300], Loss: 1.0551 (Overall: 0.9516, Change: 1.2826), TF Ratio: 0.825
2026-06-14 20:08:25,372 - INFO - Epoch [3/5], Batch [278/300], Loss: 1.0543 (Overall: 0.5597, Change: 1.1265), TF Ratio: 0.824
2026-06-14 20:08:25,524 - INFO - Epoch [3/5], Batch [279/300], Loss: 1.0538 (Overall: 0.7962, Change: 1.0067), TF Ratio: 0.824
2026-06-14 20:08:25,689 - INFO - Epoch [3/5], Batch [280/300], Loss: 1.0535 (Overall: 0.6603, Change: 1.2722), TF Ratio: 0.824
2026-06-14 20:08:25,842 - INFO - Epoch [3/5], Batch [281/300], Loss: 1.0531 (Overall: 0.5967, Change: 1.2866), TF Ratio: 0.824
2026-06-14 20:08:25,997 - INFO - Epoch [3/5], Batch [282/300], Loss: 1.0530 (Overall: 0.4973, Change: 1.5844), TF Ratio: 0.824
2026-06-14 20:08:36,180 - INFO - Epoch [3/5], Batch [283/300], Loss: 1.0527 (Overall: 0.5535, Change: 1.4009), TF Ratio: 0.823
2026-06-14 20:08:36,348 - INFO - Epoch [3/5], Batch [284/300], Loss: 1.0525 (Overall: 0.7379, Change: 1.2045), TF Ratio: 0.823
2026-06-14 20:08:36,503 - INFO - Epoch [3/5], Batch [285/300], Loss: 1.0529 (Overall: 0.8779, Change: 1.4722), TF Ratio: 0.823
2026-06-14 20:08:36,656 - INFO - Epoch [3/5], Batch [286/300], Loss: 1.0527 (Overall: 0.7943, Change: 1.1797), TF Ratio: 0.823
2026-06-14 20:08:36,809 - INFO - Epoch [3/5], Batch [287/300], Loss: 1.0530 (Overall: 0.8764, Change: 1.4283), TF Ratio: 0.823
2026-06-14 20:08:36,980 - INFO - Epoch [3/5], Batch [288/300], Loss: 1.0528 (Overall: 0.7741, Change: 1.2374), TF Ratio: 0.822
2026-06-14 20:08:37,135 - INFO - Epoch [3/5], Batch [289/300], Loss: 1.0523 (Overall: 0.6316, Change: 1.1393), TF Ratio: 0.822
2026-06-14 20:08:37,288 - INFO - Epoch [3/5], Batch [290/300], Loss: 1.0523 (Overall: 0.7360, Change: 1.3997), TF Ratio: 0.822
2026-06-14 20:08:48,404 - INFO - Epoch [3/5], Batch [291/300], Loss: 1.0513 (Overall: 0.6647, Change: 0.8666), TF Ratio: 0.822
2026-06-14 20:08:48,572 - INFO - Epoch [3/5], Batch [292/300], Loss: 1.0515 (Overall: 0.6818, Change: 1.4910), TF Ratio: 0.822
2026-06-14 20:08:48,729 - INFO - Epoch [3/5], Batch [293/300], Loss: 1.0513 (Overall: 0.8204, Change: 1.1916), TF Ratio: 0.821
2026-06-14 20:08:48,881 - INFO - Epoch [3/5], Batch [294/300], Loss: 1.0518 (Overall: 0.7999, Change: 1.5715), TF Ratio: 0.821
2026-06-14 20:08:49,034 - INFO - Epoch [3/5], Batch [295/300], Loss: 1.0518 (Overall: 0.5972, Change: 1.5193), TF Ratio: 0.821
2026-06-14 20:08:49,200 - INFO - Epoch [3/5], Batch [296/300], Loss: 1.0515 (Overall: 0.4181, Change: 1.5354), TF Ratio: 0.821
2026-06-14 20:08:49,354 - INFO - Epoch [3/5], Batch [297/300], Loss: 1.0518 (Overall: 0.8272, Change: 1.4517), TF Ratio: 0.821
2026-06-14 20:08:49,508 - INFO - Epoch [3/5], Batch [298/300], Loss: 1.0519 (Overall: 0.6288, Change: 1.5450), TF Ratio: 0.820
2026-06-14 20:09:02,322 - INFO - Epoch [3/5], Batch [299/300], Loss: 1.0534 (Overall: 1.2059, Change: 1.7605), TF Ratio: 0.820
2026-06-14 20:09:02,488 - INFO - Epoch [3/5], Batch [300/300], Loss: 1.0533 (Overall: 0.5694, Change: 1.4992), TF Ratio: 0.820
2026-06-14 20:09:19,260 - INFO - Epoch 3 done. Validating...
2026-06-14 20:10:11,648 - INFO - Epoch [3/5] | Train: 1.0503 | Val: 0.6959
2026-06-14 20:10:11,876 - INFO - Checkpoint saved: /gpfs/scratch/bsc32/bsc096444/ai4land-tfm/trained_models/unet_impl/41788801/best_model.pth
2026-06-14 20:10:12,059 - INFO - Checkpoint saved: /gpfs/scratch/bsc32/bsc096444/ai4land-tfm/trained_models/unet_impl/41788801/model_epoch_3.pth
2026-06-14 20:10:36,033 - INFO - Epoch [4/5], Batch [1/300], Loss: 1.0175 (Overall: 0.8138, Change: 1.2211), TF Ratio: 0.820
2026-06-14 20:10:36,193 - INFO - Epoch [4/5], Batch [2/300], Loss: 1.0016 (Overall: 0.5231, Change: 1.4483), TF Ratio: 0.820
2026-06-14 20:10:36,345 - INFO - Epoch [4/5], Batch [3/300], Loss: 1.0156 (Overall: 0.5976, Change: 1.4897), TF Ratio: 0.819
2026-06-14 20:10:36,510 - INFO - Epoch [4/5], Batch [4/300], Loss: 1.0151 (Overall: 0.6646, Change: 1.3626), TF Ratio: 0.819
2026-06-14 20:10:36,665 - INFO - Epoch [4/5], Batch [5/300], Loss: 1.0178 (Overall: 0.8235, Change: 1.2332), TF Ratio: 0.819
2026-06-14 20:10:36,817 - INFO - Epoch [4/5], Batch [6/300], Loss: 1.0488 (Overall: 1.0004, Change: 1.4073), TF Ratio: 0.819
2026-06-14 20:10:36,971 - INFO - Epoch [4/5], Batch [7/300], Loss: 1.0502 (Overall: 0.4681, Change: 1.6500), TF Ratio: 0.819
2026-06-14 20:10:52,905 - INFO - Epoch [4/5], Batch [8/300], Loss: 1.0369 (Overall: 0.4484, Change: 1.4382), TF Ratio: 0.818
2026-06-14 20:10:53,062 - INFO - Epoch [4/5], Batch [9/300], Loss: 1.0324 (Overall: 0.8457, Change: 1.1471), TF Ratio: 0.818
2026-06-14 20:10:53,217 - INFO - Epoch [4/5], Batch [10/300], Loss: 1.0336 (Overall: 0.6896, Change: 1.3990), TF Ratio: 0.818
2026-06-14 20:10:53,387 - INFO - Epoch [4/5], Batch [11/300], Loss: 1.0249 (Overall: 0.7247, Change: 1.1511), TF Ratio: 0.818
2026-06-14 20:10:53,549 - INFO - Epoch [4/5], Batch [12/300], Loss: 1.0300 (Overall: 0.8162, Change: 1.3557), TF Ratio: 0.818
2026-06-14 20:10:53,702 - INFO - Epoch [4/5], Batch [13/300], Loss: 1.0592 (Overall: 0.7967, Change: 2.0234), TF Ratio: 0.817
2026-06-14 20:10:53,855 - INFO - Epoch [4/5], Batch [14/300], Loss: 1.0619 (Overall: 0.7689, Change: 1.4256), TF Ratio: 0.817
2026-06-14 20:10:54,008 - INFO - Epoch [4/5], Batch [15/300], Loss: 1.0659 (Overall: 0.6308, Change: 1.6111), TF Ratio: 0.817
2026-06-14 20:11:09,286 - INFO - Epoch [4/5], Batch [16/300], Loss: 1.0714 (Overall: 0.8140, Change: 1.4938), TF Ratio: 0.817
2026-06-14 20:11:09,443 - INFO - Epoch [4/5], Batch [17/300], Loss: 1.0737 (Overall: 0.6581, Change: 1.5649), TF Ratio: 0.817
2026-06-14 20:11:09,600 - INFO - Epoch [4/5], Batch [18/300], Loss: 1.0710 (Overall: 0.4142, Change: 1.6371), TF Ratio: 0.816
2026-06-14 20:11:09,757 - INFO - Epoch [4/5], Batch [19/300], Loss: 1.0619 (Overall: 0.6106, Change: 1.1828), TF Ratio: 0.816
2026-06-14 20:11:09,923 - INFO - Epoch [4/5], Batch [20/300], Loss: 1.0706 (Overall: 0.8819, Change: 1.5898), TF Ratio: 0.816
2026-06-14 20:11:10,080 - INFO - Epoch [4/5], Batch [21/300], Loss: 1.0761 (Overall: 1.0200, Change: 1.3533), TF Ratio: 0.816
2026-06-14 20:11:10,236 - INFO - Epoch [4/5], Batch [22/300], Loss: 1.0738 (Overall: 0.6449, Change: 1.4052), TF Ratio: 0.816
2026-06-14 20:11:10,391 - INFO - Epoch [4/5], Batch [23/300], Loss: 1.0697 (Overall: 0.5679, Change: 1.3922), TF Ratio: 0.815
2026-06-14 20:11:23,496 - INFO - Epoch [4/5], Batch [24/300], Loss: 1.0622 (Overall: 0.4786, Change: 1.3012), TF Ratio: 0.815
2026-06-14 20:11:23,662 - INFO - Epoch [4/5], Batch [25/300], Loss: 1.0631 (Overall: 0.7782, Change: 1.3933), TF Ratio: 0.815
2026-06-14 20:11:23,817 - INFO - Epoch [4/5], Batch [26/300], Loss: 1.0585 (Overall: 0.6354, Change: 1.2481), TF Ratio: 0.815
2026-06-14 20:11:23,970 - INFO - Epoch [4/5], Batch [27/300], Loss: 1.0608 (Overall: 0.5829, Change: 1.6569), TF Ratio: 0.815
2026-06-14 20:11:24,137 - INFO - Epoch [4/5], Batch [28/300], Loss: 1.0551 (Overall: 0.5936, Change: 1.2104), TF Ratio: 0.814
2026-06-14 20:11:24,290 - INFO - Epoch [4/5], Batch [29/300], Loss: 1.0509 (Overall: 0.4886, Change: 1.3793), TF Ratio: 0.814
2026-06-14 20:11:24,443 - INFO - Epoch [4/5], Batch [30/300], Loss: 1.0467 (Overall: 0.5726, Change: 1.2742), TF Ratio: 0.814
2026-06-14 20:11:24,595 - INFO - Epoch [4/5], Batch [31/300], Loss: 1.0472 (Overall: 0.5733, Change: 1.5521), TF Ratio: 0.814
2026-06-14 20:11:35,189 - INFO - Epoch [4/5], Batch [32/300], Loss: 1.0432 (Overall: 0.3049, Change: 1.5333), TF Ratio: 0.814
2026-06-14 20:11:35,348 - INFO - Epoch [4/5], Batch [33/300], Loss: 1.0457 (Overall: 0.7989, Change: 1.4531), TF Ratio: 0.813
2026-06-14 20:11:35,501 - INFO - Epoch [4/5], Batch [34/300], Loss: 1.0443 (Overall: 0.7638, Change: 1.2342), TF Ratio: 0.813
2026-06-14 20:11:35,654 - INFO - Epoch [4/5], Batch [35/300], Loss: 1.0404 (Overall: 0.7127, Change: 1.1044), TF Ratio: 0.813
2026-06-14 20:11:36,229 - INFO - Epoch [4/5], Batch [36/300], Loss: 1.0349 (Overall: 0.6056, Change: 1.0740), TF Ratio: 0.813
2026-06-14 20:11:36,386 - INFO - Epoch [4/5], Batch [37/300], Loss: 1.0320 (Overall: 0.5021, Change: 1.3547), TF Ratio: 0.813
2026-06-14 20:11:36,542 - INFO - Epoch [4/5], Batch [38/300], Loss: 1.0260 (Overall: 0.7022, Change: 0.9091), TF Ratio: 0.812
2026-06-14 20:11:36,700 - INFO - Epoch [4/5], Batch [39/300], Loss: 1.0271 (Overall: 0.4743, Change: 1.6582), TF Ratio: 0.812
2026-06-14 20:11:53,349 - INFO - Epoch [4/5], Batch [40/300], Loss: 1.0210 (Overall: 0.4875, Change: 1.0799), TF Ratio: 0.812
2026-06-14 20:11:53,505 - INFO - Epoch [4/5], Batch [41/300], Loss: 1.0323 (Overall: 1.3557, Change: 1.6170), TF Ratio: 0.812
2026-06-14 20:11:53,660 - INFO - Epoch [4/5], Batch [42/300], Loss: 1.0323 (Overall: 0.5189, Change: 1.5420), TF Ratio: 0.812
2026-06-14 20:11:53,815 - INFO - Epoch [4/5], Batch [43/300], Loss: 1.0257 (Overall: 0.7062, Change: 0.7962), TF Ratio: 0.811
2026-06-14 20:11:53,982 - INFO - Epoch [4/5], Batch [44/300], Loss: 1.0266 (Overall: 0.8524, Change: 1.2782), TF Ratio: 0.811
2026-06-14 20:11:54,138 - INFO - Epoch [4/5], Batch [45/300], Loss: 1.0232 (Overall: 0.6307, Change: 1.1125), TF Ratio: 0.811
2026-06-14 20:11:54,293 - INFO - Epoch [4/5], Batch [46/300], Loss: 1.0258 (Overall: 0.7361, Change: 1.5476), TF Ratio: 0.811
2026-06-14 20:11:54,449 - INFO - Epoch [4/5], Batch [47/300], Loss: 1.0173 (Overall: 0.6620, Change: 0.5893), TF Ratio: 0.811
2026-06-14 20:12:05,682 - INFO - Epoch [4/5], Batch [48/300], Loss: 1.0105 (Overall: 0.5038, Change: 0.8840), TF Ratio: 0.810
2026-06-14 20:12:05,839 - INFO - Epoch [4/5], Batch [49/300], Loss: 1.0069 (Overall: 0.7513, Change: 0.9188), TF Ratio: 0.810
2026-06-14 20:12:05,992 - INFO - Epoch [4/5], Batch [50/300], Loss: 1.0089 (Overall: 0.6793, Change: 1.5301), TF Ratio: 0.810
2026-06-14 20:12:06,145 - INFO - Epoch [4/5], Batch [51/300], Loss: 1.0073 (Overall: 0.3953, Change: 1.4625), TF Ratio: 0.810
2026-06-14 20:12:06,314 - INFO - Epoch [4/5], Batch [52/300], Loss: 1.0078 (Overall: 0.8037, Change: 1.2559), TF Ratio: 0.810
2026-06-14 20:12:06,467 - INFO - Epoch [4/5], Batch [53/300], Loss: 1.0083 (Overall: 0.5955, Change: 1.4769), TF Ratio: 0.809
2026-06-14 20:12:06,621 - INFO - Epoch [4/5], Batch [54/300], Loss: 1.0054 (Overall: 0.6348, Change: 1.0661), TF Ratio: 0.809
2026-06-14 20:12:06,774 - INFO - Epoch [4/5], Batch [55/300], Loss: 1.0071 (Overall: 0.8851, Change: 1.3128), TF Ratio: 0.809
2026-06-14 20:12:20,742 - INFO - Epoch [4/5], Batch [56/300], Loss: 1.0084 (Overall: 0.6766, Change: 1.4856), TF Ratio: 0.809
2026-06-14 20:12:20,902 - INFO - Epoch [4/5], Batch [57/300], Loss: 1.0104 (Overall: 0.8233, Change: 1.4233), TF Ratio: 0.809
2026-06-14 20:12:21,057 - INFO - Epoch [4/5], Batch [58/300], Loss: 1.0125 (Overall: 0.7759, Change: 1.4892), TF Ratio: 0.808
2026-06-14 20:12:21,213 - INFO - Epoch [4/5], Batch [59/300], Loss: 1.0161 (Overall: 0.9429, Change: 1.5049), TF Ratio: 0.808
2026-06-14 20:12:21,380 - INFO - Epoch [4/5], Batch [60/300], Loss: 1.0160 (Overall: 0.5302, Change: 1.4858), TF Ratio: 0.808
2026-06-14 20:12:21,536 - INFO - Epoch [4/5], Batch [61/300], Loss: 1.0109 (Overall: 0.6934, Change: 0.7182), TF Ratio: 0.808
2026-06-14 20:12:21,693 - INFO - Epoch [4/5], Batch [62/300], Loss: 1.0130 (Overall: 0.9268, Change: 1.3594), TF Ratio: 0.808
2026-06-14 20:12:21,849 - INFO - Epoch [4/5], Batch [63/300], Loss: 1.0157 (Overall: 0.9300, Change: 1.4395), TF Ratio: 0.807
2026-06-14 20:12:43,986 - INFO - Epoch [4/5], Batch [64/300], Loss: 1.0158 (Overall: 0.5989, Change: 1.4431), TF Ratio: 0.807
2026-06-14 20:12:44,145 - INFO - Epoch [4/5], Batch [65/300], Loss: 1.0192 (Overall: 0.6211, Change: 1.8458), TF Ratio: 0.807
2026-06-14 20:12:44,301 - INFO - Epoch [4/5], Batch [66/300], Loss: 1.0220 (Overall: 0.9308, Change: 1.4781), TF Ratio: 0.807
2026-06-14 20:12:44,457 - INFO - Epoch [4/5], Batch [67/300], Loss: 1.0246 (Overall: 0.7209, Change: 1.6737), TF Ratio: 0.807
2026-06-14 20:12:47,871 - INFO - Epoch [4/5], Batch [68/300], Loss: 1.0276 (Overall: 0.8983, Change: 1.5591), TF Ratio: 0.806
2026-06-14 20:12:48,032 - INFO - Epoch [4/5], Batch [69/300], Loss: 1.0265 (Overall: 0.6848, Change: 1.2121), TF Ratio: 0.806
2026-06-14 20:12:48,185 - INFO - Epoch [4/5], Batch [70/300], Loss: 1.0317 (Overall: 0.8506, Change: 1.9359), TF Ratio: 0.806
2026-06-14 20:12:48,341 - INFO - Epoch [4/5], Batch [71/300], Loss: 1.0336 (Overall: 0.9447, Change: 1.3862), TF Ratio: 0.806
2026-06-14 20:13:01,221 - INFO - Epoch [4/5], Batch [72/300], Loss: 1.0316 (Overall: 0.5745, Change: 1.2098), TF Ratio: 0.806
2026-06-14 20:13:01,383 - INFO - Epoch [4/5], Batch [73/300], Loss: 1.0327 (Overall: 1.0927, Change: 1.1289), TF Ratio: 0.805
2026-06-14 20:13:01,536 - INFO - Epoch [4/5], Batch [74/300], Loss: 1.0341 (Overall: 0.5720, Change: 1.7079), TF Ratio: 0.805
2026-06-14 20:13:01,688 - INFO - Epoch [4/5], Batch [75/300], Loss: 1.0327 (Overall: 0.7417, Change: 1.1056), TF Ratio: 0.805
2026-06-14 20:13:01,852 - INFO - Epoch [4/5], Batch [76/300], Loss: 1.0319 (Overall: 0.7315, Change: 1.2135), TF Ratio: 0.805
2026-06-14 20:13:02,011 - INFO - Epoch [4/5], Batch [77/300], Loss: 1.0282 (Overall: 0.4376, Change: 1.0557), TF Ratio: 0.805
2026-06-14 20:13:02,167 - INFO - Epoch [4/5], Batch [78/300], Loss: 1.0292 (Overall: 0.9399, Change: 1.2806), TF Ratio: 0.804
2026-06-14 20:13:02,324 - INFO - Epoch [4/5], Batch [79/300], Loss: 1.0272 (Overall: 0.7573, Change: 0.9794), TF Ratio: 0.804
2026-06-14 20:13:14,610 - INFO - Epoch [4/5], Batch [80/300], Loss: 1.0264 (Overall: 0.6835, Change: 1.2388), TF Ratio: 0.804
2026-06-14 20:13:14,768 - INFO - Epoch [4/5], Batch [81/300], Loss: 1.0275 (Overall: 0.8555, Change: 1.3810), TF Ratio: 0.804
2026-06-14 20:13:14,922 - INFO - Epoch [4/5], Batch [82/300], Loss: 1.0291 (Overall: 0.6822, Change: 1.6346), TF Ratio: 0.804
2026-06-14 20:13:15,080 - INFO - Epoch [4/5], Batch [83/300], Loss: 1.0314 (Overall: 0.8588, Change: 1.5750), TF Ratio: 0.803
2026-06-14 20:13:15,244 - INFO - Epoch [4/5], Batch [84/300], Loss: 1.0292 (Overall: 0.5109, Change: 1.1932), TF Ratio: 0.803
2026-06-14 20:13:15,398 - INFO - Epoch [4/5], Batch [85/300], Loss: 1.0270 (Overall: 0.5456, Change: 1.1293), TF Ratio: 0.803
2026-06-14 20:13:15,551 - INFO - Epoch [4/5], Batch [86/300], Loss: 1.0257 (Overall: 0.4940, Change: 1.3476), TF Ratio: 0.803
2026-06-14 20:13:15,704 - INFO - Epoch [4/5], Batch [87/300], Loss: 1.0307 (Overall: 1.0629, Change: 1.8514), TF Ratio: 0.803
2026-06-14 20:13:30,173 - INFO - Epoch [4/5], Batch [88/300], Loss: 1.0313 (Overall: 0.7411, Change: 1.4317), TF Ratio: 0.802
2026-06-14 20:13:30,329 - INFO - Epoch [4/5], Batch [89/300], Loss: 1.0296 (Overall: 0.5976, Change: 1.1562), TF Ratio: 0.802
2026-06-14 20:13:30,483 - INFO - Epoch [4/5], Batch [90/300], Loss: 1.0277 (Overall: 0.8142, Change: 0.8975), TF Ratio: 0.802
2026-06-14 20:13:30,639 - INFO - Epoch [4/5], Batch [91/300], Loss: 1.0254 (Overall: 0.5860, Change: 1.0491), TF Ratio: 0.802
2026-06-14 20:13:34,604 - INFO - Epoch [4/5], Batch [92/300], Loss: 1.0256 (Overall: 0.4866, Change: 1.6031), TF Ratio: 0.802
2026-06-14 20:13:34,765 - INFO - Epoch [4/5], Batch [93/300], Loss: 1.0257 (Overall: 0.7488, Change: 1.3354), TF Ratio: 0.801
2026-06-14 20:13:34,921 - INFO - Epoch [4/5], Batch [94/300], Loss: 1.0252 (Overall: 0.6299, Change: 1.3139), TF Ratio: 0.801
2026-06-14 20:13:35,078 - INFO - Epoch [4/5], Batch [95/300], Loss: 1.0243 (Overall: 0.6364, Change: 1.2467), TF Ratio: 0.801
2026-06-14 20:13:46,535 - INFO - Epoch [4/5], Batch [96/300], Loss: 1.0208 (Overall: 0.6301, Change: 0.7474), TF Ratio: 0.801
2026-06-14 20:13:46,691 - INFO - Epoch [4/5], Batch [97/300], Loss: 1.0210 (Overall: 0.6864, Change: 1.3947), TF Ratio: 0.801
2026-06-14 20:13:46,844 - INFO - Epoch [4/5], Batch [98/300], Loss: 1.0205 (Overall: 0.8220, Change: 1.1148), TF Ratio: 0.800
2026-06-14 20:13:46,997 - INFO - Epoch [4/5], Batch [99/300], Loss: 1.0197 (Overall: 0.5129, Change: 1.3730), TF Ratio: 0.800
2026-06-14 20:13:47,163 - INFO - Epoch [4/5], Batch [100/300], Loss: 1.0193 (Overall: 0.6295, Change: 1.3437), TF Ratio: 0.800
2026-06-14 20:13:47,319 - INFO - Epoch [4/5], Batch [101/300], Loss: 1.0207 (Overall: 0.8939, Change: 1.4148), TF Ratio: 0.800
2026-06-14 20:13:47,476 - INFO - Epoch [4/5], Batch [102/300], Loss: 1.0216 (Overall: 0.8670, Change: 1.3574), TF Ratio: 0.800
2026-06-14 20:13:47,632 - INFO - Epoch [4/5], Batch [103/300], Loss: 1.0199 (Overall: 0.4419, Change: 1.2639), TF Ratio: 0.799
2026-06-14 20:14:06,459 - INFO - Epoch [4/5], Batch [104/300], Loss: 1.0182 (Overall: 0.5751, Change: 1.1079), TF Ratio: 0.799
2026-06-14 20:14:06,616 - INFO - Epoch [4/5], Batch [105/300], Loss: 1.0179 (Overall: 0.6903, Change: 1.2757), TF Ratio: 0.799
2026-06-14 20:14:06,771 - INFO - Epoch [4/5], Batch [106/300], Loss: 1.0189 (Overall: 0.8014, Change: 1.4550), TF Ratio: 0.799
2026-06-14 20:14:06,928 - INFO - Epoch [4/5], Batch [107/300], Loss: 1.0163 (Overall: 0.5161, Change: 0.9570), TF Ratio: 0.799
2026-06-14 20:14:07,962 - INFO - Epoch [4/5], Batch [108/300], Loss: 1.0137 (Overall: 0.5201, Change: 0.9431), TF Ratio: 0.798
2026-06-14 20:14:08,119 - INFO - Epoch [4/5], Batch [109/300], Loss: 1.0147 (Overall: 0.7930, Change: 1.4669), TF Ratio: 0.798
2026-06-14 20:14:08,274 - INFO - Epoch [4/5], Batch [110/300], Loss: 1.0123 (Overall: 0.4265, Change: 1.0627), TF Ratio: 0.798
2026-06-14 20:14:08,430 - INFO - Epoch [4/5], Batch [111/300], Loss: 1.0151 (Overall: 0.9229, Change: 1.7295), TF Ratio: 0.798
2026-06-14 20:14:18,472 - INFO - Epoch [4/5], Batch [112/300], Loss: 1.0161 (Overall: 0.7370, Change: 1.5280), TF Ratio: 0.798
2026-06-14 20:14:18,627 - INFO - Epoch [4/5], Batch [113/300], Loss: 1.0154 (Overall: 0.7709, Change: 1.0994), TF Ratio: 0.797
2026-06-14 20:14:18,792 - INFO - Epoch [4/5], Batch [114/300], Loss: 1.0152 (Overall: 0.6492, Change: 1.3268), TF Ratio: 0.797
2026-06-14 20:14:18,945 - INFO - Epoch [4/5], Batch [115/300], Loss: 1.0164 (Overall: 0.7668, Change: 1.5475), TF Ratio: 0.797
2026-06-14 20:14:19,115 - INFO - Epoch [4/5], Batch [116/300], Loss: 1.0200 (Overall: 0.4576, Change: 2.4082), TF Ratio: 0.797
2026-06-14 20:14:19,268 - INFO - Epoch [4/5], Batch [117/300], Loss: 1.0215 (Overall: 0.7913, Change: 1.5909), TF Ratio: 0.797
2026-06-14 20:14:19,421 - INFO - Epoch [4/5], Batch [118/300], Loss: 1.0191 (Overall: 0.6228, Change: 0.8654), TF Ratio: 0.796
2026-06-14 20:14:19,574 - INFO - Epoch [4/5], Batch [119/300], Loss: 1.0186 (Overall: 0.8540, Change: 1.0707), TF Ratio: 0.796
2026-06-14 20:14:39,311 - INFO - Epoch [4/5], Batch [120/300], Loss: 1.0186 (Overall: 0.6161, Change: 1.4092), TF Ratio: 0.796
2026-06-14 20:14:39,466 - INFO - Epoch [4/5], Batch [121/300], Loss: 1.0160 (Overall: 0.6748, Change: 0.7442), TF Ratio: 0.796
2026-06-14 20:14:39,621 - INFO - Epoch [4/5], Batch [122/300], Loss: 1.0168 (Overall: 0.7126, Change: 1.5166), TF Ratio: 0.796
2026-06-14 20:14:39,775 - INFO - Epoch [4/5], Batch [123/300], Loss: 1.0168 (Overall: 0.7010, Change: 1.3274), TF Ratio: 0.795
2026-06-14 20:14:39,948 - INFO - Epoch [4/5], Batch [124/300], Loss: 1.0172 (Overall: 0.5698, Change: 1.5462), TF Ratio: 0.795
2026-06-14 20:14:40,103 - INFO - Epoch [4/5], Batch [125/300], Loss: 1.0174 (Overall: 0.6308, Change: 1.4613), TF Ratio: 0.795
2026-06-14 20:14:40,256 - INFO - Epoch [4/5], Batch [126/300], Loss: 1.0172 (Overall: 0.6023, Change: 1.3871), TF Ratio: 0.795
2026-06-14 20:14:40,409 - INFO - Epoch [4/5], Batch [127/300], Loss: 1.0191 (Overall: 0.8901, Change: 1.6197), TF Ratio: 0.795
2026-06-14 20:14:55,559 - INFO - Epoch [4/5], Batch [128/300], Loss: 1.0181 (Overall: 0.7778, Change: 1.0138), TF Ratio: 0.794
2026-06-14 20:14:55,714 - INFO - Epoch [4/5], Batch [129/300], Loss: 1.0192 (Overall: 0.5561, Change: 1.7570), TF Ratio: 0.794
2026-06-14 20:14:55,868 - INFO - Epoch [4/5], Batch [130/300], Loss: 1.0184 (Overall: 0.7487, Change: 1.0849), TF Ratio: 0.794
2026-06-14 20:14:56,020 - INFO - Epoch [4/5], Batch [131/300], Loss: 1.0199 (Overall: 1.0715, Change: 1.3475), TF Ratio: 0.794
2026-06-14 20:14:56,185 - INFO - Epoch [4/5], Batch [132/300], Loss: 1.0195 (Overall: 0.6637, Change: 1.2884), TF Ratio: 0.794
2026-06-14 20:14:56,339 - INFO - Epoch [4/5], Batch [133/300], Loss: 1.0217 (Overall: 1.2239, Change: 1.3905), TF Ratio: 0.793
2026-06-14 20:14:56,491 - INFO - Epoch [4/5], Batch [134/300], Loss: 1.0214 (Overall: 0.7745, Change: 1.1990), TF Ratio: 0.793
2026-06-14 20:14:56,644 - INFO - Epoch [4/5], Batch [135/300], Loss: 1.0204 (Overall: 0.6957, Change: 1.0660), TF Ratio: 0.793
2026-06-14 20:15:12,765 - INFO - Epoch [4/5], Batch [136/300], Loss: 1.0198 (Overall: 0.5839, Change: 1.3019), TF Ratio: 0.793
2026-06-14 20:15:12,919 - INFO - Epoch [4/5], Batch [137/300], Loss: 1.0175 (Overall: 0.5816, Change: 0.8107), TF Ratio: 0.793
2026-06-14 20:15:13,072 - INFO - Epoch [4/5], Batch [138/300], Loss: 1.0156 (Overall: 0.7600, Change: 0.7481), TF Ratio: 0.792
2026-06-14 20:15:13,224 - INFO - Epoch [4/5], Batch [139/300], Loss: 1.0158 (Overall: 0.9661, Change: 1.1328), TF Ratio: 0.792
2026-06-14 20:15:13,393 - INFO - Epoch [4/5], Batch [140/300], Loss: 1.0145 (Overall: 0.6007, Change: 1.0809), TF Ratio: 0.792
2026-06-14 20:15:13,546 - INFO - Epoch [4/5], Batch [141/300], Loss: 1.0157 (Overall: 0.8638, Change: 1.4908), TF Ratio: 0.792
2026-06-14 20:15:13,699 - INFO - Epoch [4/5], Batch [142/300], Loss: 1.0158 (Overall: 0.6087, Change: 1.4607), TF Ratio: 0.792
2026-06-14 20:15:13,853 - INFO - Epoch [4/5], Batch [143/300], Loss: 1.0165 (Overall: 0.5957, Change: 1.6173), TF Ratio: 0.791
2026-06-14 20:15:24,583 - INFO - Epoch [4/5], Batch [144/300], Loss: 1.0180 (Overall: 0.9424, Change: 1.5308), TF Ratio: 0.791
2026-06-14 20:15:24,737 - INFO - Epoch [4/5], Batch [145/300], Loss: 1.0188 (Overall: 0.7999, Change: 1.4737), TF Ratio: 0.791
2026-06-14 20:15:24,890 - INFO - Epoch [4/5], Batch [146/300], Loss: 1.0175 (Overall: 0.7978, Change: 0.8451), TF Ratio: 0.791
2026-06-14 20:15:25,043 - INFO - Epoch [4/5], Batch [147/300], Loss: 1.0173 (Overall: 0.7220, Change: 1.2524), TF Ratio: 0.791
2026-06-14 20:15:25,217 - INFO - Epoch [4/5], Batch [148/300], Loss: 1.0164 (Overall: 0.4607, Change: 1.3068), TF Ratio: 0.790
2026-06-14 20:15:25,373 - INFO - Epoch [4/5], Batch [149/300], Loss: 1.0160 (Overall: 0.7041, Change: 1.2095), TF Ratio: 0.790
2026-06-14 20:15:25,526 - INFO - Epoch [4/5], Batch [150/300], Loss: 1.0161 (Overall: 0.8533, Change: 1.2329), TF Ratio: 0.790
2026-06-14 20:15:25,679 - INFO - Epoch [4/5], Batch [151/300], Loss: 1.0153 (Overall: 0.5412, Change: 1.2406), TF Ratio: 0.790
2026-06-14 20:15:50,996 - INFO - Epoch [4/5], Batch [152/300], Loss: 1.0168 (Overall: 0.9617, Change: 1.5074), TF Ratio: 0.790
2026-06-14 20:15:51,149 - INFO - Epoch [4/5], Batch [153/300], Loss: 1.0185 (Overall: 0.5684, Change: 1.9867), TF Ratio: 0.789
2026-06-14 20:15:51,302 - INFO - Epoch [4/5], Batch [154/300], Loss: 1.0170 (Overall: 0.3911, Change: 1.1832), TF Ratio: 0.789
2026-06-14 20:15:51,454 - INFO - Epoch [4/5], Batch [155/300], Loss: 1.0180 (Overall: 0.9012, Change: 1.4435), TF Ratio: 0.789
2026-06-14 20:15:51,654 - INFO - Epoch [4/5], Batch [156/300], Loss: 1.0201 (Overall: 1.0157, Change: 1.7028), TF Ratio: 0.789
2026-06-14 20:15:51,808 - INFO - Epoch [4/5], Batch [157/300], Loss: 1.0208 (Overall: 0.4301, Change: 1.8207), TF Ratio: 0.789
2026-06-14 20:15:51,961 - INFO - Epoch [4/5], Batch [158/300], Loss: 1.0214 (Overall: 0.7860, Change: 1.4335), TF Ratio: 0.788
2026-06-14 20:15:52,113 - INFO - Epoch [4/5], Batch [159/300], Loss: 1.0208 (Overall: 0.7586, Change: 1.1110), TF Ratio: 0.788
2026-06-14 20:16:09,929 - INFO - Epoch [4/5], Batch [160/300], Loss: 1.0195 (Overall: 0.5654, Change: 1.0626), TF Ratio: 0.788
2026-06-14 20:16:10,082 - INFO - Epoch [4/5], Batch [161/300], Loss: 1.0206 (Overall: 1.1223, Change: 1.2485), TF Ratio: 0.788
2026-06-14 20:16:10,234 - INFO - Epoch [4/5], Batch [162/300], Loss: 1.0227 (Overall: 1.1249, Change: 1.5943), TF Ratio: 0.788
2026-06-14 20:16:10,385 - INFO - Epoch [4/5], Batch [163/300], Loss: 1.0236 (Overall: 0.5420, Change: 1.8017), TF Ratio: 0.787
2026-06-14 20:16:10,549 - INFO - Epoch [4/5], Batch [164/300], Loss: 1.0241 (Overall: 0.7189, Change: 1.5071), TF Ratio: 0.787
2026-06-14 20:16:10,701 - INFO - Epoch [4/5], Batch [165/300], Loss: 1.0241 (Overall: 0.6950, Change: 1.3330), TF Ratio: 0.787
2026-06-14 20:16:10,853 - INFO - Epoch [4/5], Batch [166/300], Loss: 1.0247 (Overall: 0.8357, Change: 1.4136), TF Ratio: 0.787
2026-06-14 20:16:11,005 - INFO - Epoch [4/5], Batch [167/300], Loss: 1.0249 (Overall: 0.6744, Change: 1.4431), TF Ratio: 0.787
2026-06-14 20:16:26,017 - INFO - Epoch [4/5], Batch [168/300], Loss: 1.0256 (Overall: 0.5693, Change: 1.7238), TF Ratio: 0.786
2026-06-14 20:16:26,170 - INFO - Epoch [4/5], Batch [169/300], Loss: 1.0249 (Overall: 0.6481, Change: 1.1651), TF Ratio: 0.786
2026-06-14 20:16:26,322 - INFO - Epoch [4/5], Batch [170/300], Loss: 1.0239 (Overall: 0.5036, Change: 1.2064), TF Ratio: 0.786
2026-06-14 20:16:26,477 - INFO - Epoch [4/5], Batch [171/300], Loss: 1.0238 (Overall: 0.6689, Change: 1.3502), TF Ratio: 0.786
2026-06-14 20:16:26,643 - INFO - Epoch [4/5], Batch [172/300], Loss: 1.0237 (Overall: 0.6781, Change: 1.3395), TF Ratio: 0.786
2026-06-14 20:16:26,796 - INFO - Epoch [4/5], Batch [173/300], Loss: 1.0233 (Overall: 0.6045, Change: 1.3099), TF Ratio: 0.785
2026-06-14 20:16:26,950 - INFO - Epoch [4/5], Batch [174/300], Loss: 1.0222 (Overall: 0.6231, Change: 1.0141), TF Ratio: 0.785
2026-06-14 20:16:27,103 - INFO - Epoch [4/5], Batch [175/300], Loss: 1.0219 (Overall: 0.6659, Change: 1.2796), TF Ratio: 0.785
2026-06-14 20:16:39,544 - INFO - Epoch [4/5], Batch [176/300], Loss: 1.0207 (Overall: 0.6608, Change: 0.9530), TF Ratio: 0.785
2026-06-14 20:16:39,697 - INFO - Epoch [4/5], Batch [177/300], Loss: 1.0216 (Overall: 0.6413, Change: 1.7241), TF Ratio: 0.785
2026-06-14 20:16:39,851 - INFO - Epoch [4/5], Batch [178/300], Loss: 1.0203 (Overall: 0.4168, Change: 1.1713), TF Ratio: 0.784
2026-06-14 20:16:40,004 - INFO - Epoch [4/5], Batch [179/300], Loss: 1.0208 (Overall: 0.8952, Change: 1.3218), TF Ratio: 0.784
2026-06-14 20:16:40,170 - INFO - Epoch [4/5], Batch [180/300], Loss: 1.0198 (Overall: 0.7733, Change: 0.9024), TF Ratio: 0.784
2026-06-14 20:16:40,324 - INFO - Epoch [4/5], Batch [181/300], Loss: 1.0186 (Overall: 0.5526, Change: 1.0608), TF Ratio: 0.784
2026-06-14 20:16:40,476 - INFO - Epoch [4/5], Batch [182/300], Loss: 1.0192 (Overall: 0.6589, Change: 1.5967), TF Ratio: 0.784
2026-06-14 20:16:40,629 - INFO - Epoch [4/5], Batch [183/300], Loss: 1.0191 (Overall: 0.6228, Change: 1.3726), TF Ratio: 0.783
2026-06-14 20:16:59,475 - INFO - Epoch [4/5], Batch [184/300], Loss: 1.0195 (Overall: 0.5615, Change: 1.6209), TF Ratio: 0.783
2026-06-14 20:16:59,628 - INFO - Epoch [4/5], Batch [185/300], Loss: 1.0198 (Overall: 0.7686, Change: 1.3859), TF Ratio: 0.783
2026-06-14 20:16:59,781 - INFO - Epoch [4/5], Batch [186/300], Loss: 1.0198 (Overall: 0.9398, Change: 1.1229), TF Ratio: 0.783
2026-06-14 20:16:59,933 - INFO - Epoch [4/5], Batch [187/300], Loss: 1.0202 (Overall: 0.6993, Change: 1.4666), TF Ratio: 0.783
2026-06-14 20:17:00,098 - INFO - Epoch [4/5], Batch [188/300], Loss: 1.0207 (Overall: 0.7891, Change: 1.4297), TF Ratio: 0.782
2026-06-14 20:17:00,251 - INFO - Epoch [4/5], Batch [189/300], Loss: 1.0194 (Overall: 0.5813, Change: 0.9983), TF Ratio: 0.782
2026-06-14 20:17:00,404 - INFO - Epoch [4/5], Batch [190/300], Loss: 1.0196 (Overall: 0.6012, Change: 1.4994), TF Ratio: 0.782
2026-06-14 20:17:00,556 - INFO - Epoch [4/5], Batch [191/300], Loss: 1.0188 (Overall: 0.4729, Change: 1.2462), TF Ratio: 0.782
2026-06-14 20:17:12,662 - INFO - Epoch [4/5], Batch [192/300], Loss: 1.0192 (Overall: 0.8602, Change: 1.3625), TF Ratio: 0.782
2026-06-14 20:17:12,816 - INFO - Epoch [4/5], Batch [193/300], Loss: 1.0198 (Overall: 1.0120, Change: 1.2397), TF Ratio: 0.781
2026-06-14 20:17:12,969 - INFO - Epoch [4/5], Batch [194/300], Loss: 1.0210 (Overall: 0.9835, Change: 1.5161), TF Ratio: 0.781
2026-06-14 20:17:13,122 - INFO - Epoch [4/5], Batch [195/300], Loss: 1.0200 (Overall: 0.6393, Change: 1.0282), TF Ratio: 0.781
2026-06-14 20:17:13,286 - INFO - Epoch [4/5], Batch [196/300], Loss: 1.0194 (Overall: 0.6106, Change: 1.2013), TF Ratio: 0.781
2026-06-14 20:17:13,441 - INFO - Epoch [4/5], Batch [197/300], Loss: 1.0183 (Overall: 0.6659, Change: 0.9430), TF Ratio: 0.781
2026-06-14 20:17:13,594 - INFO - Epoch [4/5], Batch [198/300], Loss: 1.0172 (Overall: 0.6632, Change: 0.9357), TF Ratio: 0.780
2026-06-14 20:17:13,747 - INFO - Epoch [4/5], Batch [199/300], Loss: 1.0176 (Overall: 0.4792, Change: 1.7163), TF Ratio: 0.780
2026-06-14 20:17:26,125 - INFO - Epoch [4/5], Batch [200/300], Loss: 1.0176 (Overall: 0.4875, Change: 1.5300), TF Ratio: 0.780
2026-06-14 20:17:26,279 - INFO - Epoch [4/5], Batch [201/300], Loss: 1.0169 (Overall: 0.6766, Change: 1.0854), TF Ratio: 0.780
2026-06-14 20:17:26,432 - INFO - Epoch [4/5], Batch [202/300], Loss: 1.0185 (Overall: 0.8496, Change: 1.8276), TF Ratio: 0.780
2026-06-14 20:17:26,585 - INFO - Epoch [4/5], Batch [203/300], Loss: 1.0191 (Overall: 0.6077, Change: 1.6724), TF Ratio: 0.779
2026-06-14 20:17:26,749 - INFO - Epoch [4/5], Batch [204/300], Loss: 1.0189 (Overall: 0.6221, Change: 1.3154), TF Ratio: 0.779
2026-06-14 20:17:26,902 - INFO - Epoch [4/5], Batch [205/300], Loss: 1.0176 (Overall: 0.5582, Change: 0.9447), TF Ratio: 0.779
2026-06-14 20:17:27,056 - INFO - Epoch [4/5], Batch [206/300], Loss: 1.0176 (Overall: 0.7412, Change: 1.3113), TF Ratio: 0.779
2026-06-14 20:17:27,209 - INFO - Epoch [4/5], Batch [207/300], Loss: 1.0171 (Overall: 0.4939, Change: 1.3231), TF Ratio: 0.779
2026-06-14 20:17:41,398 - INFO - Epoch [4/5], Batch [208/300], Loss: 1.0177 (Overall: 0.6170, Change: 1.6786), TF Ratio: 0.778
2026-06-14 20:17:41,556 - INFO - Epoch [4/5], Batch [209/300], Loss: 1.0185 (Overall: 0.9435, Change: 1.4394), TF Ratio: 0.778
2026-06-14 20:17:41,709 - INFO - Epoch [4/5], Batch [210/300], Loss: 1.0180 (Overall: 0.6150, Change: 1.2082), TF Ratio: 0.778
2026-06-14 20:17:41,862 - INFO - Epoch [4/5], Batch [211/300], Loss: 1.0183 (Overall: 0.7618, Change: 1.3805), TF Ratio: 0.778
2026-06-14 20:17:42,025 - INFO - Epoch [4/5], Batch [212/300], Loss: 1.0215 (Overall: 1.7967, Change: 1.6122), TF Ratio: 0.778
2026-06-14 20:17:42,178 - INFO - Epoch [4/5], Batch [213/300], Loss: 1.0217 (Overall: 0.7071, Change: 1.4181), TF Ratio: 0.777
2026-06-14 20:17:42,330 - INFO - Epoch [4/5], Batch [214/300], Loss: 1.0217 (Overall: 0.7252, Change: 1.3211), TF Ratio: 0.777
2026-06-14 20:17:42,482 - INFO - Epoch [4/5], Batch [215/300], Loss: 1.0212 (Overall: 0.5566, Change: 1.2575), TF Ratio: 0.777
2026-06-14 20:18:06,029 - INFO - Epoch [4/5], Batch [216/300], Loss: 1.0213 (Overall: 0.6757, Change: 1.4148), TF Ratio: 0.777
2026-06-14 20:18:06,183 - INFO - Epoch [4/5], Batch [217/300], Loss: 1.0205 (Overall: 0.6164, Change: 1.0995), TF Ratio: 0.777
2026-06-14 20:18:06,337 - INFO - Epoch [4/5], Batch [218/300], Loss: 1.0196 (Overall: 0.3823, Change: 1.2394), TF Ratio: 0.776
2026-06-14 20:18:06,489 - INFO - Epoch [4/5], Batch [219/300], Loss: 1.0199 (Overall: 0.6584, Change: 1.5162), TF Ratio: 0.776
2026-06-14 20:18:06,653 - INFO - Epoch [4/5], Batch [220/300], Loss: 1.0199 (Overall: 0.6093, Change: 1.4479), TF Ratio: 0.776
2026-06-14 20:18:06,820 - INFO - Epoch [4/5], Batch [221/300], Loss: 1.0191 (Overall: 0.5483, Change: 1.1388), TF Ratio: 0.776
2026-06-14 20:18:06,973 - INFO - Epoch [4/5], Batch [222/300], Loss: 1.0200 (Overall: 0.8028, Change: 1.6051), TF Ratio: 0.776
2026-06-14 20:18:07,127 - INFO - Epoch [4/5], Batch [223/300], Loss: 1.0198 (Overall: 0.9589, Change: 0.9939), TF Ratio: 0.775
2026-06-14 20:18:22,891 - INFO - Epoch [4/5], Batch [224/300], Loss: 1.0200 (Overall: 0.9740, Change: 1.1633), TF Ratio: 0.775
2026-06-14 20:18:23,045 - INFO - Epoch [4/5], Batch [225/300], Loss: 1.0208 (Overall: 0.9769, Change: 1.4253), TF Ratio: 0.775
2026-06-14 20:18:23,198 - INFO - Epoch [4/5], Batch [226/300], Loss: 1.0211 (Overall: 0.4628, Change: 1.7420), TF Ratio: 0.775
2026-06-14 20:18:23,351 - INFO - Epoch [4/5], Batch [227/300], Loss: 1.0204 (Overall: 0.6730, Change: 1.0354), TF Ratio: 0.775
2026-06-14 20:18:23,515 - INFO - Epoch [4/5], Batch [228/300], Loss: 1.0217 (Overall: 1.0871, Change: 1.5400), TF Ratio: 0.774
2026-06-14 20:18:23,668 - INFO - Epoch [4/5], Batch [229/300], Loss: 1.0218 (Overall: 1.1863, Change: 0.9133), TF Ratio: 0.774
2026-06-14 20:18:23,821 - INFO - Epoch [4/5], Batch [230/300], Loss: 1.0231 (Overall: 1.1940, Change: 1.4498), TF Ratio: 0.774
2026-06-14 20:18:23,975 - INFO - Epoch [4/5], Batch [231/300], Loss: 1.0242 (Overall: 0.4736, Change: 2.0533), TF Ratio: 0.774
2026-06-14 20:18:37,192 - INFO - Epoch [4/5], Batch [232/300], Loss: 1.0240 (Overall: 0.8140, Change: 1.1444), TF Ratio: 0.774
2026-06-14 20:18:37,345 - INFO - Epoch [4/5], Batch [233/300], Loss: 1.0228 (Overall: 0.6052, Change: 0.8868), TF Ratio: 0.773
2026-06-14 20:18:37,498 - INFO - Epoch [4/5], Batch [234/300], Loss: 1.0225 (Overall: 0.4511, Change: 1.4659), TF Ratio: 0.773
2026-06-14 20:18:37,652 - INFO - Epoch [4/5], Batch [235/300], Loss: 1.0228 (Overall: 0.7501, Change: 1.4444), TF Ratio: 0.773
2026-06-14 20:18:37,824 - INFO - Epoch [4/5], Batch [236/300], Loss: 1.0224 (Overall: 0.5693, Change: 1.2823), TF Ratio: 0.773
2026-06-14 20:18:37,981 - INFO - Epoch [4/5], Batch [237/300], Loss: 1.0236 (Overall: 1.0137, Change: 1.5924), TF Ratio: 0.773
2026-06-14 20:18:38,134 - INFO - Epoch [4/5], Batch [238/300], Loss: 1.0238 (Overall: 1.0160, Change: 1.1341), TF Ratio: 0.772
2026-06-14 20:18:38,287 - INFO - Epoch [4/5], Batch [239/300], Loss: 1.0242 (Overall: 0.8257, Change: 1.4070), TF Ratio: 0.772
2026-06-14 20:18:49,500 - INFO - Epoch [4/5], Batch [240/300], Loss: 1.0231 (Overall: 0.4000, Change: 1.1197), TF Ratio: 0.772
2026-06-14 20:18:49,654 - INFO - Epoch [4/5], Batch [241/300], Loss: 1.0222 (Overall: 0.5155, Change: 1.0853), TF Ratio: 0.772
2026-06-14 20:18:49,808 - INFO - Epoch [4/5], Batch [242/300], Loss: 1.0230 (Overall: 1.0119, Change: 1.4527), TF Ratio: 0.772
2026-06-14 20:18:49,961 - INFO - Epoch [4/5], Batch [243/300], Loss: 1.0235 (Overall: 0.9161, Change: 1.3622), TF Ratio: 0.771
2026-06-14 20:18:50,134 - INFO - Epoch [4/5], Batch [244/300], Loss: 1.0229 (Overall: 0.7809, Change: 0.9573), TF Ratio: 0.771
2026-06-14 20:18:50,289 - INFO - Epoch [4/5], Batch [245/300], Loss: 1.0231 (Overall: 0.4410, Change: 1.6872), TF Ratio: 0.771
2026-06-14 20:18:50,442 - INFO - Epoch [4/5], Batch [246/300], Loss: 1.0223 (Overall: 0.5116, Change: 1.1723), TF Ratio: 0.771
2026-06-14 20:18:50,596 - INFO - Epoch [4/5], Batch [247/300], Loss: 1.0217 (Overall: 0.6235, Change: 1.1112), TF Ratio: 0.771
2026-06-14 20:19:01,336 - INFO - Epoch [4/5], Batch [248/300], Loss: 1.0222 (Overall: 0.9690, Change: 1.3462), TF Ratio: 0.770
2026-06-14 20:19:01,490 - INFO - Epoch [4/5], Batch [249/300], Loss: 1.0219 (Overall: 0.6176, Change: 1.2392), TF Ratio: 0.770
2026-06-14 20:19:01,642 - INFO - Epoch [4/5], Batch [250/300], Loss: 1.0216 (Overall: 0.6180, Change: 1.2737), TF Ratio: 0.770
2026-06-14 20:19:01,796 - INFO - Epoch [4/5], Batch [251/300], Loss: 1.0205 (Overall: 0.4832, Change: 1.0102), TF Ratio: 0.770
2026-06-14 20:19:01,963 - INFO - Epoch [4/5], Batch [252/300], Loss: 1.0206 (Overall: 0.6538, Change: 1.4608), TF Ratio: 0.770
2026-06-14 20:19:02,117 - INFO - Epoch [4/5], Batch [253/300], Loss: 1.0208 (Overall: 0.6655, Change: 1.4794), TF Ratio: 0.769
2026-06-14 20:19:02,270 - INFO - Epoch [4/5], Batch [254/300], Loss: 1.0199 (Overall: 0.5303, Change: 1.0646), TF Ratio: 0.769
2026-06-14 20:19:02,422 - INFO - Epoch [4/5], Batch [255/300], Loss: 1.0200 (Overall: 0.5314, Change: 1.5552), TF Ratio: 0.769
2026-06-14 20:19:24,444 - INFO - Epoch [4/5], Batch [256/300], Loss: 1.0196 (Overall: 0.7366, Change: 1.0735), TF Ratio: 0.769
2026-06-14 20:19:24,598 - INFO - Epoch [4/5], Batch [257/300], Loss: 1.0201 (Overall: 0.7155, Change: 1.5883), TF Ratio: 0.769
2026-06-14 20:19:24,751 - INFO - Epoch [4/5], Batch [258/300], Loss: 1.0196 (Overall: 0.4273, Change: 1.3693), TF Ratio: 0.768
2026-06-14 20:19:24,903 - INFO - Epoch [4/5], Batch [259/300], Loss: 1.0193 (Overall: 0.6070, Change: 1.2445), TF Ratio: 0.768
2026-06-14 20:19:25,075 - INFO - Epoch [4/5], Batch [260/300], Loss: 1.0191 (Overall: 0.6792, Change: 1.2741), TF Ratio: 0.768
2026-06-14 20:19:25,228 - INFO - Epoch [4/5], Batch [261/300], Loss: 1.0201 (Overall: 0.7858, Change: 1.7882), TF Ratio: 0.768
2026-06-14 20:19:25,383 - INFO - Epoch [4/5], Batch [262/300], Loss: 1.0211 (Overall: 0.8629, Change: 1.7106), TF Ratio: 0.768
2026-06-14 20:19:25,536 - INFO - Epoch [4/5], Batch [263/300], Loss: 1.0205 (Overall: 0.6685, Change: 1.0326), TF Ratio: 0.767
2026-06-14 20:19:41,356 - INFO - Epoch [4/5], Batch [264/300], Loss: 1.0198 (Overall: 0.5644, Change: 1.1204), TF Ratio: 0.767
2026-06-14 20:19:41,510 - INFO - Epoch [4/5], Batch [265/300], Loss: 1.0199 (Overall: 0.6880, Change: 1.4077), TF Ratio: 0.767
2026-06-14 20:19:41,663 - INFO - Epoch [4/5], Batch [266/300], Loss: 1.0214 (Overall: 1.2225, Change: 1.5956), TF Ratio: 0.767
2026-06-14 20:19:41,817 - INFO - Epoch [4/5], Batch [267/300], Loss: 1.0212 (Overall: 0.6454, Change: 1.3086), TF Ratio: 0.767
2026-06-14 20:19:41,994 - INFO - Epoch [4/5], Batch [268/300], Loss: 1.0206 (Overall: 0.6887, Change: 1.0186), TF Ratio: 0.766
2026-06-14 20:19:42,150 - INFO - Epoch [4/5], Batch [269/300], Loss: 1.0213 (Overall: 0.8898, Change: 1.5571), TF Ratio: 0.766
2026-06-14 20:19:42,304 - INFO - Epoch [4/5], Batch [270/300], Loss: 1.0210 (Overall: 0.3613, Change: 1.4937), TF Ratio: 0.766
2026-06-14 20:19:42,457 - INFO - Epoch [4/5], Batch [271/300], Loss: 1.0206 (Overall: 0.8342, Change: 0.9641), TF Ratio: 0.766
2026-06-14 20:19:56,049 - INFO - Epoch [4/5], Batch [272/300], Loss: 1.0201 (Overall: 0.5708, Change: 1.2142), TF Ratio: 0.766
2026-06-14 20:19:56,203 - INFO - Epoch [4/5], Batch [273/300], Loss: 1.0203 (Overall: 0.7556, Change: 1.4040), TF Ratio: 0.765
2026-06-14 20:19:56,357 - INFO - Epoch [4/5], Batch [274/300], Loss: 1.0199 (Overall: 0.7368, Change: 1.0700), TF Ratio: 0.765
2026-06-14 20:19:56,509 - INFO - Epoch [4/5], Batch [275/300], Loss: 1.0202 (Overall: 0.9251, Change: 1.3155), TF Ratio: 0.765
2026-06-14 20:19:56,679 - INFO - Epoch [4/5], Batch [276/300], Loss: 1.0214 (Overall: 0.6869, Change: 1.9939), TF Ratio: 0.765
2026-06-14 20:19:56,832 - INFO - Epoch [4/5], Batch [277/300], Loss: 1.0222 (Overall: 0.9614, Change: 1.5414), TF Ratio: 0.765
2026-06-14 20:19:56,984 - INFO - Epoch [4/5], Batch [278/300], Loss: 1.0224 (Overall: 0.8029, Change: 1.3479), TF Ratio: 0.764
2026-06-14 20:19:57,138 - INFO - Epoch [4/5], Batch [279/300], Loss: 1.0222 (Overall: 0.4999, Change: 1.4181), TF Ratio: 0.764
2026-06-14 20:20:11,201 - INFO - Epoch [4/5], Batch [280/300], Loss: 1.0216 (Overall: 0.5762, Change: 1.1394), TF Ratio: 0.764
2026-06-14 20:20:11,354 - INFO - Epoch [4/5], Batch [281/300], Loss: 1.0223 (Overall: 0.5745, Change: 1.8413), TF Ratio: 0.764
2026-06-14 20:20:11,508 - INFO - Epoch [4/5], Batch [282/300], Loss: 1.0220 (Overall: 0.6040, Change: 1.2734), TF Ratio: 0.764
2026-06-14 20:20:11,660 - INFO - Epoch [4/5], Batch [283/300], Loss: 1.0239 (Overall: 1.3879, Change: 1.7479), TF Ratio: 0.763
2026-06-14 20:20:11,830 - INFO - Epoch [4/5], Batch [284/300], Loss: 1.0243 (Overall: 0.7797, Change: 1.4851), TF Ratio: 0.763
2026-06-14 20:20:11,983 - INFO - Epoch [4/5], Batch [285/300], Loss: 1.0239 (Overall: 0.8078, Change: 1.0509), TF Ratio: 0.763
2026-06-14 20:20:12,150 - INFO - Epoch [4/5], Batch [286/300], Loss: 1.0239 (Overall: 0.5784, Change: 1.4181), TF Ratio: 0.763
2026-06-14 20:20:12,302 - INFO - Epoch [4/5], Batch [287/300], Loss: 1.0247 (Overall: 0.8646, Change: 1.6909), TF Ratio: 0.763
2026-06-14 20:20:30,283 - INFO - Epoch [4/5], Batch [288/300], Loss: 1.0250 (Overall: 0.7812, Change: 1.4435), TF Ratio: 0.762
2026-06-14 20:20:30,437 - INFO - Epoch [4/5], Batch [289/300], Loss: 1.0250 (Overall: 0.5772, Change: 1.4404), TF Ratio: 0.762
2026-06-14 20:20:30,591 - INFO - Epoch [4/5], Batch [290/300], Loss: 1.0254 (Overall: 0.6912, Change: 1.5823), TF Ratio: 0.762
2026-06-14 20:20:30,745 - INFO - Epoch [4/5], Batch [291/300], Loss: 1.0255 (Overall: 0.6333, Change: 1.4623), TF Ratio: 0.762
2026-06-14 20:20:30,908 - INFO - Epoch [4/5], Batch [292/300], Loss: 1.0262 (Overall: 0.9880, Change: 1.5192), TF Ratio: 0.762
2026-06-14 20:20:31,061 - INFO - Epoch [4/5], Batch [293/300], Loss: 1.0256 (Overall: 0.7009, Change: 0.9553), TF Ratio: 0.761
2026-06-14 20:20:31,214 - INFO - Epoch [4/5], Batch [294/300], Loss: 1.0255 (Overall: 0.4856, Change: 1.5508), TF Ratio: 0.761
2026-06-14 20:20:31,368 - INFO - Epoch [4/5], Batch [295/300], Loss: 1.0251 (Overall: 0.6298, Change: 1.1847), TF Ratio: 0.761
2026-06-14 20:20:46,617 - INFO - Epoch [4/5], Batch [296/300], Loss: 1.0241 (Overall: 0.5729, Change: 0.8802), TF Ratio: 0.761
2026-06-14 20:20:46,772 - INFO - Epoch [4/5], Batch [297/300], Loss: 1.0234 (Overall: 0.4060, Change: 1.2246), TF Ratio: 0.761
2026-06-14 20:20:46,927 - INFO - Epoch [4/5], Batch [298/300], Loss: 1.0235 (Overall: 0.5801, Change: 1.5347), TF Ratio: 0.760
2026-06-14 20:20:47,080 - INFO - Epoch [4/5], Batch [299/300], Loss: 1.0236 (Overall: 0.7399, Change: 1.3202), TF Ratio: 0.760
2026-06-14 20:20:47,251 - INFO - Epoch [4/5], Batch [300/300], Loss: 1.0250 (Overall: 1.8133, Change: 1.1065), TF Ratio: 0.760
2026-06-14 20:21:02,943 - INFO - Epoch 4 done. Validating...
2026-06-14 20:21:57,329 - INFO - Epoch [4/5] | Train: 1.0178 | Val: 0.6768
2026-06-14 20:21:57,519 - INFO - Checkpoint saved: /gpfs/scratch/bsc32/bsc096444/ai4land-tfm/trained_models/unet_impl/41788801/best_model.pth
2026-06-14 20:21:57,671 - INFO - Checkpoint saved: /gpfs/scratch/bsc32/bsc096444/ai4land-tfm/trained_models/unet_impl/41788801/model_epoch_4.pth
2026-06-14 20:22:21,686 - INFO - Epoch [5/5], Batch [1/300], Loss: 0.8286 (Overall: 0.5577, Change: 1.0995), TF Ratio: 0.760
2026-06-14 20:22:21,840 - INFO - Epoch [5/5], Batch [2/300], Loss: 0.9447 (Overall: 0.8259, Change: 1.2958), TF Ratio: 0.760
2026-06-14 20:22:21,992 - INFO - Epoch [5/5], Batch [3/300], Loss: 0.9382 (Overall: 0.5148, Change: 1.3357), TF Ratio: 0.759
2026-06-14 20:22:24,079 - INFO - Epoch [5/5], Batch [4/300], Loss: 0.9287 (Overall: 0.5482, Change: 1.2517), TF Ratio: 0.759
2026-06-14 20:22:24,234 - INFO - Epoch [5/5], Batch [5/300], Loss: 0.9553 (Overall: 0.7048, Change: 1.4184), TF Ratio: 0.759
2026-06-14 20:22:24,387 - INFO - Epoch [5/5], Batch [6/300], Loss: 0.9335 (Overall: 0.4285, Change: 1.2210), TF Ratio: 0.759
2026-06-14 20:22:24,539 - INFO - Epoch [5/5], Batch [7/300], Loss: 0.9232 (Overall: 0.4715, Change: 1.2515), TF Ratio: 0.759
2026-06-14 20:22:34,529 - INFO - Epoch [5/5], Batch [8/300], Loss: 0.9464 (Overall: 0.7269, Change: 1.4901), TF Ratio: 0.758
2026-06-14 20:22:40,861 - INFO - Epoch [5/5], Batch [9/300], Loss: 0.9668 (Overall: 0.8847, Change: 1.3752), TF Ratio: 0.758
2026-06-14 20:22:42,882 - INFO - Epoch [5/5], Batch [10/300], Loss: 0.9843 (Overall: 0.6229, Change: 1.6619), TF Ratio: 0.758
2026-06-14 20:22:43,036 - INFO - Epoch [5/5], Batch [11/300], Loss: 0.9777 (Overall: 0.5556, Change: 1.2677), TF Ratio: 0.758
2026-06-14 20:22:46,379 - INFO - Epoch [5/5], Batch [12/300], Loss: 0.9971 (Overall: 0.9472, Change: 1.4737), TF Ratio: 0.758
2026-06-14 20:22:46,534 - INFO - Epoch [5/5], Batch [13/300], Loss: 1.0028 (Overall: 0.8356, Change: 1.3051), TF Ratio: 0.757
2026-06-14 20:22:46,687 - INFO - Epoch [5/5], Batch [14/300], Loss: 0.9972 (Overall: 0.5125, Change: 1.3376), TF Ratio: 0.757
2026-06-14 20:22:46,854 - INFO - Epoch [5/5], Batch [15/300], Loss: 1.0191 (Overall: 0.5853, Change: 2.0660), TF Ratio: 0.757
2026-06-14 20:22:50,099 - INFO - Epoch [5/5], Batch [16/300], Loss: 1.0093 (Overall: 0.6496, Change: 1.0759), TF Ratio: 0.757
2026-06-14 20:22:52,407 - INFO - Epoch [5/5], Batch [17/300], Loss: 1.0123 (Overall: 0.6330, Change: 1.4850), TF Ratio: 0.757
2026-06-14 20:22:54,547 - INFO - Epoch [5/5], Batch [18/300], Loss: 1.0237 (Overall: 0.8014, Change: 1.6335), TF Ratio: 0.756
2026-06-14 20:22:54,700 - INFO - Epoch [5/5], Batch [19/300], Loss: 1.0310 (Overall: 0.5905, Change: 1.7377), TF Ratio: 0.756
2026-06-14 20:23:00,356 - INFO - Epoch [5/5], Batch [20/300], Loss: 1.0309 (Overall: 0.7156, Change: 1.3421), TF Ratio: 0.756
2026-06-14 20:23:00,510 - INFO - Epoch [5/5], Batch [21/300], Loss: 1.0226 (Overall: 0.4656, Change: 1.2465), TF Ratio: 0.756
2026-06-14 20:23:00,663 - INFO - Epoch [5/5], Batch [22/300], Loss: 1.0204 (Overall: 0.6537, Change: 1.2961), TF Ratio: 0.756
2026-06-14 20:23:00,816 - INFO - Epoch [5/5], Batch [23/300], Loss: 1.0205 (Overall: 0.7923, Change: 1.2513), TF Ratio: 0.755
2026-06-14 20:23:02,661 - INFO - Epoch [5/5], Batch [24/300], Loss: 1.0286 (Overall: 1.0378, Change: 1.3925), TF Ratio: 0.755
2026-06-14 20:23:06,182 - INFO - Epoch [5/5], Batch [25/300], Loss: 1.0269 (Overall: 0.7002, Change: 1.2741), TF Ratio: 0.755
2026-06-14 20:23:11,028 - INFO - Epoch [5/5], Batch [26/300], Loss: 1.0162 (Overall: 0.3592, Change: 1.1344), TF Ratio: 0.755
2026-06-14 20:23:11,180 - INFO - Epoch [5/5], Batch [27/300], Loss: 1.0119 (Overall: 0.5094, Change: 1.2945), TF Ratio: 0.755
2026-06-14 20:23:15,228 - INFO - Epoch [5/5], Batch [28/300], Loss: 1.0064 (Overall: 0.5765, Change: 1.1343), TF Ratio: 0.754
2026-06-14 20:23:15,387 - INFO - Epoch [5/5], Batch [29/300], Loss: 1.0043 (Overall: 0.8344, Change: 1.0590), TF Ratio: 0.754
2026-06-14 20:23:15,540 - INFO - Epoch [5/5], Batch [30/300], Loss: 1.0111 (Overall: 0.5215, Change: 1.8929), TF Ratio: 0.754
2026-06-14 20:23:15,693 - INFO - Epoch [5/5], Batch [31/300], Loss: 1.0017 (Overall: 0.5158, Change: 0.9262), TF Ratio: 0.754
2026-06-14 20:23:18,441 - INFO - Epoch [5/5], Batch [32/300], Loss: 1.0011 (Overall: 0.6104, Change: 1.3536), TF Ratio: 0.754
2026-06-14 20:23:24,815 - INFO - Epoch [5/5], Batch [33/300], Loss: 1.0041 (Overall: 0.8302, Change: 1.3693), TF Ratio: 0.753
2026-06-14 20:23:24,968 - INFO - Epoch [5/5], Batch [34/300], Loss: 1.0035 (Overall: 0.5655, Change: 1.4056), TF Ratio: 0.753
2026-06-14 20:23:25,120 - INFO - Epoch [5/5], Batch [35/300], Loss: 1.0052 (Overall: 0.6178, Change: 1.5057), TF Ratio: 0.753
2026-06-14 20:23:31,218 - INFO - Epoch [5/5], Batch [36/300], Loss: 0.9995 (Overall: 0.6408, Change: 0.9593), TF Ratio: 0.753
2026-06-14 20:23:31,372 - INFO - Epoch [5/5], Batch [37/300], Loss: 1.0023 (Overall: 0.7794, Change: 1.4279), TF Ratio: 0.753
2026-06-14 20:23:31,526 - INFO - Epoch [5/5], Batch [38/300], Loss: 0.9980 (Overall: 0.4998, Change: 1.1756), TF Ratio: 0.752
2026-06-14 20:23:31,679 - INFO - Epoch [5/5], Batch [39/300], Loss: 1.0028 (Overall: 0.9029, Change: 1.4715), TF Ratio: 0.752
2026-06-14 20:23:34,355 - INFO - Epoch [5/5], Batch [40/300], Loss: 1.0026 (Overall: 0.7385, Change: 1.2495), TF Ratio: 0.752
2026-06-14 20:23:39,030 - INFO - Epoch [5/5], Batch [41/300], Loss: 1.0018 (Overall: 0.2430, Change: 1.6963), TF Ratio: 0.752
2026-06-14 20:23:39,183 - INFO - Epoch [5/5], Batch [42/300], Loss: 1.0091 (Overall: 0.6722, Change: 1.9475), TF Ratio: 0.752
2026-06-14 20:23:39,335 - INFO - Epoch [5/5], Batch [43/300], Loss: 1.0095 (Overall: 0.8965, Change: 1.1493), TF Ratio: 0.751
2026-06-14 20:23:51,551 - INFO - Epoch [5/5], Batch [44/300], Loss: 1.0107 (Overall: 0.7810, Change: 1.3469), TF Ratio: 0.751
2026-06-14 20:23:51,707 - INFO - Epoch [5/5], Batch [45/300], Loss: 1.0126 (Overall: 0.6372, Change: 1.5587), TF Ratio: 0.751
2026-06-14 20:23:51,859 - INFO - Epoch [5/5], Batch [46/300], Loss: 1.0191 (Overall: 1.1025, Change: 1.5132), TF Ratio: 0.751
2026-06-14 20:23:52,022 - INFO - Epoch [5/5], Batch [47/300], Loss: 1.0212 (Overall: 0.8554, Change: 1.3799), TF Ratio: 0.751
2026-06-14 20:23:52,185 - INFO - Epoch [5/5], Batch [48/300], Loss: 1.0225 (Overall: 0.8342, Change: 1.3385), TF Ratio: 0.750
2026-06-14 20:23:55,070 - INFO - Epoch [5/5], Batch [49/300], Loss: 1.0286 (Overall: 0.8052, Change: 1.8410), TF Ratio: 0.750
2026-06-14 20:23:55,733 - INFO - Epoch [5/5], Batch [50/300], Loss: 1.0276 (Overall: 0.5649, Change: 1.3855), TF Ratio: 0.750
2026-06-14 20:23:55,888 - INFO - Epoch [5/5], Batch [51/300], Loss: 1.0270 (Overall: 0.7187, Change: 1.2800), TF Ratio: 0.750
2026-06-14 20:24:06,395 - INFO - Epoch [5/5], Batch [52/300], Loss: 1.0261 (Overall: 0.6557, Change: 1.3036), TF Ratio: 0.750
2026-06-14 20:24:06,553 - INFO - Epoch [5/5], Batch [53/300], Loss: 1.0229 (Overall: 0.5228, Change: 1.1909), TF Ratio: 0.749
2026-06-14 20:24:06,707 - INFO - Epoch [5/5], Batch [54/300], Loss: 1.0192 (Overall: 0.4636, Change: 1.1840), TF Ratio: 0.749
2026-06-14 20:24:06,860 - INFO - Epoch [5/5], Batch [55/300], Loss: 1.0182 (Overall: 0.4376, Change: 1.4888), TF Ratio: 0.749
2026-06-14 20:24:07,026 - INFO - Epoch [5/5], Batch [56/300], Loss: 1.0205 (Overall: 0.7735, Change: 1.5218), TF Ratio: 0.749
2026-06-14 20:24:07,987 - INFO - Epoch [5/5], Batch [57/300], Loss: 1.0177 (Overall: 0.7602, Change: 0.9540), TF Ratio: 0.749
2026-06-14 20:24:13,939 - INFO - Epoch [5/5], Batch [58/300], Loss: 1.0207 (Overall: 0.7560, Change: 1.6288), TF Ratio: 0.748
2026-06-14 20:24:14,093 - INFO - Epoch [5/5], Batch [59/300], Loss: 1.0219 (Overall: 0.7555, Change: 1.4320), TF Ratio: 0.748
2026-06-14 20:24:24,206 - INFO - Epoch [5/5], Batch [60/300], Loss: 1.0199 (Overall: 0.5862, Change: 1.2156), TF Ratio: 0.748
2026-06-14 20:24:24,362 - INFO - Epoch [5/5], Batch [61/300], Loss: 1.0331 (Overall: 2.1340, Change: 1.5200), TF Ratio: 0.748
2026-06-14 20:24:24,514 - INFO - Epoch [5/5], Batch [62/300], Loss: 1.0336 (Overall: 0.7743, Change: 1.3515), TF Ratio: 0.748
2026-06-14 20:24:24,668 - INFO - Epoch [5/5], Batch [63/300], Loss: 1.0330 (Overall: 0.6265, Change: 1.3639), TF Ratio: 0.747
2026-06-14 20:24:26,516 - INFO - Epoch [5/5], Batch [64/300], Loss: 1.0311 (Overall: 0.6879, Change: 1.1415), TF Ratio: 0.747
2026-06-14 20:24:26,670 - INFO - Epoch [5/5], Batch [65/300], Loss: 1.0295 (Overall: 0.5734, Change: 1.2700), TF Ratio: 0.747
2026-06-14 20:24:33,496 - INFO - Epoch [5/5], Batch [66/300], Loss: 1.0191 (Overall: 0.3187, Change: 0.3735), TF Ratio: 0.747
2026-06-14 20:24:33,649 - INFO - Epoch [5/5], Batch [67/300], Loss: 1.0158 (Overall: 0.7891, Change: 0.8046), TF Ratio: 0.747
2026-06-14 20:24:46,440 - INFO - Epoch [5/5], Batch [68/300], Loss: 1.0152 (Overall: 0.5994, Change: 1.3555), TF Ratio: 0.746
2026-06-14 20:24:46,596 - INFO - Epoch [5/5], Batch [69/300], Loss: 1.0175 (Overall: 0.8071, Change: 1.5384), TF Ratio: 0.746
2026-06-14 20:24:46,750 - INFO - Epoch [5/5], Batch [70/300], Loss: 1.0206 (Overall: 1.0168, Change: 1.4478), TF Ratio: 0.746
2026-06-14 20:24:46,905 - INFO - Epoch [5/5], Batch [71/300], Loss: 1.0223 (Overall: 0.7434, Change: 1.5383), TF Ratio: 0.746
2026-06-14 20:24:49,229 - INFO - Epoch [5/5], Batch [72/300], Loss: 1.0225 (Overall: 0.8855, Change: 1.1939), TF Ratio: 0.746
2026-06-14 20:24:49,394 - INFO - Epoch [5/5], Batch [73/300], Loss: 1.0219 (Overall: 0.6006, Change: 1.3601), TF Ratio: 0.745
2026-06-14 20:24:50,051 - INFO - Epoch [5/5], Batch [74/300], Loss: 1.0226 (Overall: 0.7786, Change: 1.3643), TF Ratio: 0.745
2026-06-14 20:24:50,205 - INFO - Epoch [5/5], Batch [75/300], Loss: 1.0206 (Overall: 0.6789, Change: 1.0698), TF Ratio: 0.745
2026-06-14 20:24:58,895 - INFO - Epoch [5/5], Batch [76/300], Loss: 1.0168 (Overall: 0.5286, Change: 0.9352), TF Ratio: 0.745
2026-06-14 20:24:59,051 - INFO - Epoch [5/5], Batch [77/300], Loss: 1.0171 (Overall: 0.6862, Change: 1.3953), TF Ratio: 0.745
2026-06-14 20:24:59,204 - INFO - Epoch [5/5], Batch [78/300], Loss: 1.0158 (Overall: 0.8330, Change: 0.9980), TF Ratio: 0.744
2026-06-14 20:24:59,358 - INFO - Epoch [5/5], Batch [79/300], Loss: 1.0168 (Overall: 0.6746, Change: 1.5153), TF Ratio: 0.744
2026-06-14 20:25:12,023 - INFO - Epoch [5/5], Batch [80/300], Loss: 1.0170 (Overall: 0.3513, Change: 1.7111), TF Ratio: 0.744
2026-06-14 20:25:12,181 - INFO - Epoch [5/5], Batch [81/300], Loss: 1.0140 (Overall: 0.4361, Change: 1.1013), TF Ratio: 0.744
2026-06-14 20:25:12,334 - INFO - Epoch [5/5], Batch [82/300], Loss: 1.0136 (Overall: 0.5510, Change: 1.4121), TF Ratio: 0.744
2026-06-14 20:25:12,487 - INFO - Epoch [5/5], Batch [83/300], Loss: 1.0154 (Overall: 0.6612, Change: 1.6700), TF Ratio: 0.743
2026-06-14 20:25:20,253 - INFO - Epoch [5/5], Batch [84/300], Loss: 1.0129 (Overall: 0.5679, Change: 1.0399), TF Ratio: 0.743
2026-06-14 20:25:20,408 - INFO - Epoch [5/5], Batch [85/300], Loss: 1.0138 (Overall: 0.6710, Change: 1.5072), TF Ratio: 0.743
2026-06-14 20:25:20,561 - INFO - Epoch [5/5], Batch [86/300], Loss: 1.0160 (Overall: 0.8954, Change: 1.5212), TF Ratio: 0.743
2026-06-14 20:25:20,713 - INFO - Epoch [5/5], Batch [87/300], Loss: 1.0161 (Overall: 0.9529, Change: 1.0837), TF Ratio: 0.743
2026-06-14 20:25:27,674 - INFO - Epoch [5/5], Batch [88/300], Loss: 1.0184 (Overall: 0.8977, Change: 1.5406), TF Ratio: 0.742
2026-06-14 20:25:27,830 - INFO - Epoch [5/5], Batch [89/300], Loss: 1.0153 (Overall: 0.4433, Change: 1.0548), TF Ratio: 0.742
2026-06-14 20:25:32,281 - INFO - Epoch [5/5], Batch [90/300], Loss: 1.0169 (Overall: 0.9244, Change: 1.3958), TF Ratio: 0.742
2026-06-14 20:25:32,435 - INFO - Epoch [5/5], Batch [91/300], Loss: 1.0167 (Overall: 0.5982, Change: 1.3906), TF Ratio: 0.742
2026-06-14 20:25:41,193 - INFO - Epoch [5/5], Batch [92/300], Loss: 1.0173 (Overall: 0.7186, Change: 1.4168), TF Ratio: 0.742
2026-06-14 20:25:41,352 - INFO - Epoch [5/5], Batch [93/300], Loss: 1.0152 (Overall: 0.5219, Change: 1.1257), TF Ratio: 0.741
2026-06-14 20:25:41,505 - INFO - Epoch [5/5], Batch [94/300], Loss: 1.0154 (Overall: 0.5883, Change: 1.4847), TF Ratio: 0.741
2026-06-14 20:25:41,657 - INFO - Epoch [5/5], Batch [95/300], Loss: 1.0163 (Overall: 1.0631, Change: 1.1303), TF Ratio: 0.741
2026-06-14 20:25:41,926 - INFO - Epoch [5/5], Batch [96/300], Loss: 1.0156 (Overall: 0.7985, Change: 1.1049), TF Ratio: 0.741
2026-06-14 20:25:42,079 - INFO - Epoch [5/5], Batch [97/300], Loss: 1.0138 (Overall: 0.5600, Change: 1.1229), TF Ratio: 0.741
2026-06-14 20:25:45,954 - INFO - Epoch [5/5], Batch [98/300], Loss: 1.0102 (Overall: 0.6370, Change: 0.6968), TF Ratio: 0.740
2026-06-14 20:25:46,106 - INFO - Epoch [5/5], Batch [99/300], Loss: 1.0098 (Overall: 0.6815, Change: 1.2464), TF Ratio: 0.740
2026-06-14 20:25:55,251 - INFO - Epoch [5/5], Batch [100/300], Loss: 1.0089 (Overall: 0.8084, Change: 1.0339), TF Ratio: 0.740
2026-06-14 20:25:55,408 - INFO - Epoch [5/5], Batch [101/300], Loss: 1.0112 (Overall: 1.0775, Change: 1.3981), TF Ratio: 0.740
2026-06-14 20:25:55,561 - INFO - Epoch [5/5], Batch [102/300], Loss: 1.0093 (Overall: 0.6902, Change: 0.9584), TF Ratio: 0.740
2026-06-14 20:25:55,713 - INFO - Epoch [5/5], Batch [103/300], Loss: 1.0100 (Overall: 1.0177, Change: 1.1400), TF Ratio: 0.739
2026-06-14 20:25:58,134 - INFO - Epoch [5/5], Batch [104/300], Loss: 1.0096 (Overall: 0.6763, Change: 1.2604), TF Ratio: 0.739
2026-06-14 20:25:58,293 - INFO - Epoch [5/5], Batch [105/300], Loss: 1.0090 (Overall: 0.6032, Change: 1.2886), TF Ratio: 0.739
2026-06-14 20:26:00,190 - INFO - Epoch [5/5], Batch [106/300], Loss: 1.0053 (Overall: 0.4959, Change: 0.7439), TF Ratio: 0.739
2026-06-14 20:26:00,344 - INFO - Epoch [5/5], Batch [107/300], Loss: 1.0039 (Overall: 0.3759, Change: 1.3248), TF Ratio: 0.739
2026-06-14 20:26:06,872 - INFO - Epoch [5/5], Batch [108/300], Loss: 1.0042 (Overall: 0.6649, Change: 1.4196), TF Ratio: 0.738
2026-06-14 20:26:07,031 - INFO - Epoch [5/5], Batch [109/300], Loss: 1.0023 (Overall: 0.4779, Change: 1.1147), TF Ratio: 0.738
2026-06-14 20:26:07,184 - INFO - Epoch [5/5], Batch [110/300], Loss: 1.0021 (Overall: 0.5786, Change: 1.3751), TF Ratio: 0.738
2026-06-14 20:26:07,336 - INFO - Epoch [5/5], Batch [111/300], Loss: 1.0012 (Overall: 0.8421, Change: 0.9706), TF Ratio: 0.738
2026-06-14 20:26:09,406 - INFO - Epoch [5/5], Batch [112/300], Loss: 1.0029 (Overall: 0.8550, Change: 1.5236), TF Ratio: 0.738
2026-06-14 20:26:09,561 - INFO - Epoch [5/5], Batch [113/300], Loss: 1.0010 (Overall: 0.6314, Change: 0.9400), TF Ratio: 0.737
2026-06-14 20:26:21,548 - INFO - Epoch [5/5], Batch [114/300], Loss: 0.9998 (Overall: 0.5247, Change: 1.2168), TF Ratio: 0.737
2026-06-14 20:26:21,701 - INFO - Epoch [5/5], Batch [115/300], Loss: 0.9998 (Overall: 0.8375, Change: 1.1543), TF Ratio: 0.737
2026-06-14 20:26:23,481 - INFO - Epoch [5/5], Batch [116/300], Loss: 0.9975 (Overall: 0.6475, Change: 0.8063), TF Ratio: 0.737
2026-06-14 20:26:23,635 - INFO - Epoch [5/5], Batch [117/300], Loss: 0.9962 (Overall: 0.4601, Change: 1.2448), TF Ratio: 0.737
2026-06-14 20:26:23,788 - INFO - Epoch [5/5], Batch [118/300], Loss: 0.9941 (Overall: 0.4482, Change: 1.0425), TF Ratio: 0.736
2026-06-14 20:26:23,940 - INFO - Epoch [5/5], Batch [119/300], Loss: 0.9918 (Overall: 0.7134, Change: 0.7405), TF Ratio: 0.736
2026-06-14 20:26:24,105 - INFO - Epoch [5/5], Batch [120/300], Loss: 0.9920 (Overall: 0.4909, Change: 1.5372), TF Ratio: 0.736
2026-06-14 20:26:24,258 - INFO - Epoch [5/5], Batch [121/300], Loss: 0.9927 (Overall: 0.6670, Change: 1.4870), TF Ratio: 0.736
2026-06-14 20:26:36,503 - INFO - Epoch [5/5], Batch [122/300], Loss: 0.9955 (Overall: 1.0343, Change: 1.6367), TF Ratio: 0.736
2026-06-14 20:26:36,658 - INFO - Epoch [5/5], Batch [123/300], Loss: 0.9943 (Overall: 0.5456, Change: 1.1448), TF Ratio: 0.735
2026-06-14 20:26:38,650 - INFO - Epoch [5/5], Batch [124/300], Loss: 0.9943 (Overall: 0.6790, Change: 1.2997), TF Ratio: 0.735
2026-06-14 20:26:38,807 - INFO - Epoch [5/5], Batch [125/300], Loss: 0.9952 (Overall: 0.8033, Change: 1.4073), TF Ratio: 0.735
2026-06-14 20:26:38,959 - INFO - Epoch [5/5], Batch [126/300], Loss: 0.9954 (Overall: 0.7559, Change: 1.2851), TF Ratio: 0.735
2026-06-14 20:26:39,112 - INFO - Epoch [5/5], Batch [127/300], Loss: 0.9943 (Overall: 0.6434, Change: 1.0857), TF Ratio: 0.735
2026-06-14 20:26:39,273 - INFO - Epoch [5/5], Batch [128/300], Loss: 0.9934 (Overall: 0.5097, Change: 1.2330), TF Ratio: 0.734
2026-06-14 20:26:39,428 - INFO - Epoch [5/5], Batch [129/300], Loss: 0.9949 (Overall: 0.9393, Change: 1.4328), TF Ratio: 0.734
2026-06-14 20:26:53,369 - INFO - Epoch [5/5], Batch [130/300], Loss: 0.9954 (Overall: 0.7481, Change: 1.3787), TF Ratio: 0.734
2026-06-14 20:26:53,522 - INFO - Epoch [5/5], Batch [131/300], Loss: 0.9967 (Overall: 0.8263, Change: 1.5144), TF Ratio: 0.734
2026-06-14 20:26:53,685 - INFO - Epoch [5/5], Batch [132/300], Loss: 0.9977 (Overall: 0.7538, Change: 1.4812), TF Ratio: 0.734
2026-06-14 20:26:53,839 - INFO - Epoch [5/5], Batch [133/300], Loss: 0.9984 (Overall: 0.7796, Change: 1.4026), TF Ratio: 0.733
2026-06-14 20:26:53,992 - INFO - Epoch [5/5], Batch [134/300], Loss: 0.9985 (Overall: 0.6846, Change: 1.3430), TF Ratio: 0.733
2026-06-14 20:26:54,144 - INFO - Epoch [5/5], Batch [135/300], Loss: 0.9987 (Overall: 1.0039, Change: 1.0666), TF Ratio: 0.733
2026-06-14 20:26:54,307 - INFO - Epoch [5/5], Batch [136/300], Loss: 0.9962 (Overall: 0.4361, Change: 0.8802), TF Ratio: 0.733
2026-06-14 20:26:54,460 - INFO - Epoch [5/5], Batch [137/300], Loss: 0.9965 (Overall: 0.8338, Change: 1.2276), TF Ratio: 0.733
2026-06-14 20:27:06,073 - INFO - Epoch [5/5], Batch [138/300], Loss: 0.9962 (Overall: 0.6318, Change: 1.2695), TF Ratio: 0.732
2026-06-14 20:27:06,226 - INFO - Epoch [5/5], Batch [139/300], Loss: 0.9974 (Overall: 0.7568, Change: 1.5869), TF Ratio: 0.732
2026-06-14 20:27:06,390 - INFO - Epoch [5/5], Batch [140/300], Loss: 0.9984 (Overall: 0.7106, Change: 1.5684), TF Ratio: 0.732
2026-06-14 20:27:06,543 - INFO - Epoch [5/5], Batch [141/300], Loss: 0.9996 (Overall: 0.9301, Change: 1.4022), TF Ratio: 0.732
2026-06-14 20:27:06,700 - INFO - Epoch [5/5], Batch [142/300], Loss: 1.0015 (Overall: 0.9332, Change: 1.5984), TF Ratio: 0.732
2026-06-14 20:27:06,852 - INFO - Epoch [5/5], Batch [143/300], Loss: 1.0008 (Overall: 0.7321, Change: 1.0842), TF Ratio: 0.731
2026-06-14 20:27:08,170 - INFO - Epoch [5/5], Batch [144/300], Loss: 1.0012 (Overall: 0.9568, Change: 1.1502), TF Ratio: 0.731
2026-06-14 20:27:08,324 - INFO - Epoch [5/5], Batch [145/300], Loss: 1.0019 (Overall: 0.7514, Change: 1.4455), TF Ratio: 0.731
2026-06-14 20:27:27,176 - INFO - Epoch [5/5], Batch [146/300], Loss: 1.0029 (Overall: 1.0019, Change: 1.3017), TF Ratio: 0.731
2026-06-14 20:27:27,329 - INFO - Epoch [5/5], Batch [147/300], Loss: 1.0041 (Overall: 0.9173, Change: 1.4481), TF Ratio: 0.731
2026-06-14 20:27:27,492 - INFO - Epoch [5/5], Batch [148/300], Loss: 1.0035 (Overall: 0.7182, Change: 1.1080), TF Ratio: 0.730
2026-06-14 20:27:27,646 - INFO - Epoch [5/5], Batch [149/300], Loss: 1.0044 (Overall: 0.8084, Change: 1.4670), TF Ratio: 0.730
2026-06-14 20:27:27,800 - INFO - Epoch [5/5], Batch [150/300], Loss: 1.0044 (Overall: 0.7677, Change: 1.2314), TF Ratio: 0.730
2026-06-14 20:27:27,952 - INFO - Epoch [5/5], Batch [151/300], Loss: 1.0049 (Overall: 0.6493, Change: 1.5041), TF Ratio: 0.730
2026-06-14 20:27:28,116 - INFO - Epoch [5/5], Batch [152/300], Loss: 1.0046 (Overall: 0.5697, Change: 1.3482), TF Ratio: 0.730
2026-06-14 20:27:28,270 - INFO - Epoch [5/5], Batch [153/300], Loss: 1.0042 (Overall: 0.7105, Change: 1.1850), TF Ratio: 0.729
2026-06-14 20:27:42,686 - INFO - Epoch [5/5], Batch [154/300], Loss: 1.0038 (Overall: 0.6714, Change: 1.2292), TF Ratio: 0.729
2026-06-14 20:27:42,839 - INFO - Epoch [5/5], Batch [155/300], Loss: 1.0018 (Overall: 0.5248, Change: 0.8645), TF Ratio: 0.729
2026-06-14 20:27:43,004 - INFO - Epoch [5/5], Batch [156/300], Loss: 1.0018 (Overall: 0.5886, Change: 1.4055), TF Ratio: 0.729
2026-06-14 20:27:43,158 - INFO - Epoch [5/5], Batch [157/300], Loss: 1.0031 (Overall: 0.9009, Change: 1.5138), TF Ratio: 0.729
2026-06-14 20:27:43,311 - INFO - Epoch [5/5], Batch [158/300], Loss: 1.0034 (Overall: 0.7405, Change: 1.3537), TF Ratio: 0.728
2026-06-14 20:27:43,463 - INFO - Epoch [5/5], Batch [159/300], Loss: 1.0033 (Overall: 0.9203, Change: 1.0693), TF Ratio: 0.728
2026-06-14 20:27:43,639 - INFO - Epoch [5/5], Batch [160/300], Loss: 1.0042 (Overall: 0.9691, Change: 1.3094), TF Ratio: 0.728
2026-06-14 20:27:43,792 - INFO - Epoch [5/5], Batch [161/300], Loss: 1.0047 (Overall: 0.5092, Change: 1.6449), TF Ratio: 0.728
2026-06-14 20:27:58,360 - INFO - Epoch [5/5], Batch [162/300], Loss: 1.0054 (Overall: 0.8249, Change: 1.4318), TF Ratio: 0.728
2026-06-14 20:27:58,514 - INFO - Epoch [5/5], Batch [163/300], Loss: 1.0046 (Overall: 0.5486, Change: 1.2001), TF Ratio: 0.727
2026-06-14 20:27:58,677 - INFO - Epoch [5/5], Batch [164/300], Loss: 1.0048 (Overall: 0.8373, Change: 1.2268), TF Ratio: 0.727
2026-06-14 20:27:58,831 - INFO - Epoch [5/5], Batch [165/300], Loss: 1.0043 (Overall: 0.6890, Change: 1.1720), TF Ratio: 0.727
2026-06-14 20:27:58,984 - INFO - Epoch [5/5], Batch [166/300], Loss: 1.0048 (Overall: 0.4077, Change: 1.7513), TF Ratio: 0.727
2026-06-14 20:27:59,136 - INFO - Epoch [5/5], Batch [167/300], Loss: 1.0046 (Overall: 0.7941, Change: 1.1704), TF Ratio: 0.727
2026-06-14 20:27:59,302 - INFO - Epoch [5/5], Batch [168/300], Loss: 1.0041 (Overall: 0.6245, Change: 1.2060), TF Ratio: 0.726
2026-06-14 20:27:59,456 - INFO - Epoch [5/5], Batch [169/300], Loss: 1.0045 (Overall: 0.6567, Change: 1.4849), TF Ratio: 0.726
2026-06-14 20:28:11,562 - INFO - Epoch [5/5], Batch [170/300], Loss: 1.0040 (Overall: 0.7295, Change: 1.1026), TF Ratio: 0.726
2026-06-14 20:28:11,716 - INFO - Epoch [5/5], Batch [171/300], Loss: 1.0052 (Overall: 0.9309, Change: 1.4893), TF Ratio: 0.726
2026-06-14 20:28:11,878 - INFO - Epoch [5/5], Batch [172/300], Loss: 1.0056 (Overall: 0.8711, Change: 1.2922), TF Ratio: 0.726
2026-06-14 20:28:12,031 - INFO - Epoch [5/5], Batch [173/300], Loss: 1.0045 (Overall: 0.7286, Change: 0.8764), TF Ratio: 0.725
2026-06-14 20:28:12,184 - INFO - Epoch [5/5], Batch [174/300], Loss: 1.0041 (Overall: 0.7735, Change: 1.1164), TF Ratio: 0.725
2026-06-14 20:28:12,338 - INFO - Epoch [5/5], Batch [175/300], Loss: 1.0030 (Overall: 0.4788, Change: 1.1456), TF Ratio: 0.725
2026-06-14 20:28:12,508 - INFO - Epoch [5/5], Batch [176/300], Loss: 1.0017 (Overall: 0.3898, Change: 1.1659), TF Ratio: 0.725
2026-06-14 20:28:12,663 - INFO - Epoch [5/5], Batch [177/300], Loss: 1.0002 (Overall: 0.4602, Change: 0.9910), TF Ratio: 0.725
2026-06-14 20:28:29,562 - INFO - Epoch [5/5], Batch [178/300], Loss: 0.9997 (Overall: 0.7921, Change: 1.0332), TF Ratio: 0.724
2026-06-14 20:28:29,715 - INFO - Epoch [5/5], Batch [179/300], Loss: 1.0000 (Overall: 0.5565, Change: 1.5628), TF Ratio: 0.724
2026-06-14 20:28:29,877 - INFO - Epoch [5/5], Batch [180/300], Loss: 1.0004 (Overall: 0.7396, Change: 1.4020), TF Ratio: 0.724
2026-06-14 20:28:30,031 - INFO - Epoch [5/5], Batch [181/300], Loss: 1.0011 (Overall: 0.7880, Change: 1.4453), TF Ratio: 0.724
2026-06-14 20:28:30,184 - INFO - Epoch [5/5], Batch [182/300], Loss: 1.0011 (Overall: 1.0114, Change: 1.0132), TF Ratio: 0.724
2026-06-14 20:28:30,337 - INFO - Epoch [5/5], Batch [183/300], Loss: 1.0014 (Overall: 0.7839, Change: 1.3170), TF Ratio: 0.723
2026-06-14 20:28:30,517 - INFO - Epoch [5/5], Batch [184/300], Loss: 1.0016 (Overall: 0.7990, Change: 1.2954), TF Ratio: 0.723
2026-06-14 20:28:30,671 - INFO - Epoch [5/5], Batch [185/300], Loss: 1.0020 (Overall: 0.6167, Change: 1.5228), TF Ratio: 0.723
2026-06-14 20:28:41,183 - INFO - Epoch [5/5], Batch [186/300], Loss: 1.0017 (Overall: 0.5667, Change: 1.3351), TF Ratio: 0.723
2026-06-14 20:28:41,336 - INFO - Epoch [5/5], Batch [187/300], Loss: 1.0016 (Overall: 0.5945, Change: 1.3417), TF Ratio: 0.723
2026-06-14 20:28:41,498 - INFO - Epoch [5/5], Batch [188/300], Loss: 1.0016 (Overall: 0.6221, Change: 1.3837), TF Ratio: 0.722
2026-06-14 20:28:41,652 - INFO - Epoch [5/5], Batch [189/300], Loss: 1.0020 (Overall: 0.6311, Change: 1.5207), TF Ratio: 0.722
2026-06-14 20:28:41,805 - INFO - Epoch [5/5], Batch [190/300], Loss: 1.0017 (Overall: 0.5653, Change: 1.3248), TF Ratio: 0.722
2026-06-14 20:28:41,958 - INFO - Epoch [5/5], Batch [191/300], Loss: 1.0008 (Overall: 0.5996, Change: 1.0793), TF Ratio: 0.722
2026-06-14 20:28:42,129 - INFO - Epoch [5/5], Batch [192/300], Loss: 0.9996 (Overall: 0.5487, Change: 1.0002), TF Ratio: 0.722
2026-06-14 20:28:42,283 - INFO - Epoch [5/5], Batch [193/300], Loss: 1.0009 (Overall: 0.7083, Change: 1.7888), TF Ratio: 0.721
2026-06-14 20:28:58,118 - INFO - Epoch [5/5], Batch [194/300], Loss: 0.9999 (Overall: 0.4474, Change: 1.1616), TF Ratio: 0.721
2026-06-14 20:28:58,272 - INFO - Epoch [5/5], Batch [195/300], Loss: 1.0002 (Overall: 0.5454, Change: 1.5518), TF Ratio: 0.721
2026-06-14 20:28:58,435 - INFO - Epoch [5/5], Batch [196/300], Loss: 1.0001 (Overall: 0.6249, Change: 1.3388), TF Ratio: 0.721
2026-06-14 20:28:58,589 - INFO - Epoch [5/5], Batch [197/300], Loss: 0.9996 (Overall: 0.5094, Change: 1.2908), TF Ratio: 0.721
2026-06-14 20:28:58,743 - INFO - Epoch [5/5], Batch [198/300], Loss: 1.0011 (Overall: 0.9951, Change: 1.6047), TF Ratio: 0.720
2026-06-14 20:28:58,897 - INFO - Epoch [5/5], Batch [199/300], Loss: 1.0012 (Overall: 1.0074, Change: 1.0265), TF Ratio: 0.720
2026-06-14 20:28:59,065 - INFO - Epoch [5/5], Batch [200/300], Loss: 1.0006 (Overall: 0.4683, Change: 1.3008), TF Ratio: 0.720
2026-06-14 20:29:02,105 - INFO - Epoch [5/5], Batch [201/300], Loss: 1.0002 (Overall: 0.4445, Change: 1.3954), TF Ratio: 0.720
2026-06-14 20:29:12,032 - INFO - Epoch [5/5], Batch [202/300], Loss: 1.0004 (Overall: 0.6187, Change: 1.4876), TF Ratio: 0.720
2026-06-14 20:29:12,184 - INFO - Epoch [5/5], Batch [203/300], Loss: 1.0019 (Overall: 0.9503, Change: 1.6516), TF Ratio: 0.719
2026-06-14 20:29:12,348 - INFO - Epoch [5/5], Batch [204/300], Loss: 1.0022 (Overall: 0.7524, Change: 1.3684), TF Ratio: 0.719
2026-06-14 20:29:12,502 - INFO - Epoch [5/5], Batch [205/300], Loss: 1.0023 (Overall: 0.8353, Change: 1.2081), TF Ratio: 0.719
2026-06-14 20:29:12,655 - INFO - Epoch [5/5], Batch [206/300], Loss: 1.0011 (Overall: 0.5743, Change: 0.9210), TF Ratio: 0.719
2026-06-14 20:29:12,807 - INFO - Epoch [5/5], Batch [207/300], Loss: 1.0003 (Overall: 0.6495, Change: 1.0339), TF Ratio: 0.719
2026-06-14 20:29:12,986 - INFO - Epoch [5/5], Batch [208/300], Loss: 1.0008 (Overall: 0.7981, Change: 1.4161), TF Ratio: 0.718
2026-06-14 20:29:14,337 - INFO - Epoch [5/5], Batch [209/300], Loss: 1.0014 (Overall: 0.5510, Change: 1.6858), TF Ratio: 0.718
2026-06-14 20:29:32,499 - INFO - Epoch [5/5], Batch [210/300], Loss: 1.0023 (Overall: 0.7435, Change: 1.6461), TF Ratio: 0.718
2026-06-14 20:29:32,651 - INFO - Epoch [5/5], Batch [211/300], Loss: 1.0032 (Overall: 1.0241, Change: 1.3840), TF Ratio: 0.718
2026-06-14 20:29:32,810 - INFO - Epoch [5/5], Batch [212/300], Loss: 1.0031 (Overall: 0.4822, Change: 1.4752), TF Ratio: 0.718
2026-06-14 20:29:32,963 - INFO - Epoch [5/5], Batch [213/300], Loss: 1.0011 (Overall: 0.4701, Change: 0.6888), TF Ratio: 0.717
2026-06-14 20:29:33,115 - INFO - Epoch [5/5], Batch [214/300], Loss: 1.0016 (Overall: 0.8570, Change: 1.3389), TF Ratio: 0.717
2026-06-14 20:29:33,267 - INFO - Epoch [5/5], Batch [215/300], Loss: 1.0016 (Overall: 0.8438, Change: 1.1709), TF Ratio: 0.717
2026-06-14 20:29:33,435 - INFO - Epoch [5/5], Batch [216/300], Loss: 1.0016 (Overall: 0.4606, Change: 1.5384), TF Ratio: 0.717
2026-06-14 20:29:33,589 - INFO - Epoch [5/5], Batch [217/300], Loss: 1.0025 (Overall: 0.4873, Change: 1.9135), TF Ratio: 0.717
2026-06-14 20:29:46,017 - INFO - Epoch [5/5], Batch [218/300], Loss: 1.0008 (Overall: 0.5418, Change: 0.6932), TF Ratio: 0.716
2026-06-14 20:29:46,170 - INFO - Epoch [5/5], Batch [219/300], Loss: 1.0006 (Overall: 0.6972, Change: 1.2553), TF Ratio: 0.716
2026-06-14 20:29:46,339 - INFO - Epoch [5/5], Batch [220/300], Loss: 1.0000 (Overall: 0.5815, Change: 1.1256), TF Ratio: 0.716
2026-06-14 20:29:46,493 - INFO - Epoch [5/5], Batch [221/300], Loss: 1.0009 (Overall: 0.8531, Change: 1.5540), TF Ratio: 0.716
2026-06-14 20:29:46,646 - INFO - Epoch [5/5], Batch [222/300], Loss: 1.0010 (Overall: 0.9253, Change: 1.1280), TF Ratio: 0.716
2026-06-14 20:29:46,798 - INFO - Epoch [5/5], Batch [223/300], Loss: 1.0012 (Overall: 0.7787, Change: 1.3021), TF Ratio: 0.715
2026-06-14 20:29:46,965 - INFO - Epoch [5/5], Batch [224/300], Loss: 1.0007 (Overall: 0.7116, Change: 1.0858), TF Ratio: 0.715
2026-06-14 20:29:47,119 - INFO - Epoch [5/5], Batch [225/300], Loss: 1.0011 (Overall: 0.6519, Change: 1.5275), TF Ratio: 0.715
2026-06-14 20:30:06,484 - INFO - Epoch [5/5], Batch [226/300], Loss: 1.0013 (Overall: 0.4727, Change: 1.5974), TF Ratio: 0.715
2026-06-14 20:30:06,638 - INFO - Epoch [5/5], Batch [227/300], Loss: 1.0008 (Overall: 0.6446, Change: 1.1620), TF Ratio: 0.715
2026-06-14 20:30:06,801 - INFO - Epoch [5/5], Batch [228/300], Loss: 1.0015 (Overall: 0.7357, Change: 1.5590), TF Ratio: 0.714
2026-06-14 20:30:06,954 - INFO - Epoch [5/5], Batch [229/300], Loss: 1.0024 (Overall: 0.9157, Change: 1.4861), TF Ratio: 0.714
2026-06-14 20:30:07,107 - INFO - Epoch [5/5], Batch [230/300], Loss: 1.0020 (Overall: 0.4702, Change: 1.3545), TF Ratio: 0.714
2026-06-14 20:30:07,260 - INFO - Epoch [5/5], Batch [231/300], Loss: 1.0027 (Overall: 0.8858, Change: 1.4386), TF Ratio: 0.714
2026-06-14 20:30:07,429 - INFO - Epoch [5/5], Batch [232/300], Loss: 1.0015 (Overall: 0.4424, Change: 1.0429), TF Ratio: 0.714
2026-06-14 20:30:07,583 - INFO - Epoch [5/5], Batch [233/300], Loss: 1.0014 (Overall: 0.7849, Change: 1.1677), TF Ratio: 0.713
2026-06-14 20:30:32,970 - INFO - Epoch [5/5], Batch [234/300], Loss: 1.0008 (Overall: 0.5194, Change: 1.2048), TF Ratio: 0.713
2026-06-14 20:30:33,125 - INFO - Epoch [5/5], Batch [235/300], Loss: 1.0002 (Overall: 0.6932, Change: 1.0296), TF Ratio: 0.713
2026-06-14 20:30:33,289 - INFO - Epoch [5/5], Batch [236/300], Loss: 0.9998 (Overall: 0.5144, Change: 1.2673), TF Ratio: 0.713
2026-06-14 20:30:33,443 - INFO - Epoch [5/5], Batch [237/300], Loss: 1.0002 (Overall: 0.7889, Change: 1.3980), TF Ratio: 0.713
2026-06-14 20:30:33,596 - INFO - Epoch [5/5], Batch [238/300], Loss: 1.0000 (Overall: 0.6173, Change: 1.3035), TF Ratio: 0.712
2026-06-14 20:30:33,748 - INFO - Epoch [5/5], Batch [239/300], Loss: 0.9993 (Overall: 0.6461, Change: 1.0107), TF Ratio: 0.712
2026-06-14 20:30:33,913 - INFO - Epoch [5/5], Batch [240/300], Loss: 0.9994 (Overall: 0.5267, Change: 1.5357), TF Ratio: 0.712
2026-06-14 20:30:34,066 - INFO - Epoch [5/5], Batch [241/300], Loss: 0.9993 (Overall: 0.5457, Change: 1.4091), TF Ratio: 0.712
2026-06-14 20:30:45,018 - INFO - Epoch [5/5], Batch [242/300], Loss: 0.9994 (Overall: 0.8037, Change: 1.2112), TF Ratio: 0.712
2026-06-14 20:30:45,170 - INFO - Epoch [5/5], Batch [243/300], Loss: 1.0000 (Overall: 0.4577, Change: 1.8564), TF Ratio: 0.711
2026-06-14 20:30:45,336 - INFO - Epoch [5/5], Batch [244/300], Loss: 0.9996 (Overall: 0.5797, Change: 1.2320), TF Ratio: 0.711
2026-06-14 20:30:45,488 - INFO - Epoch [5/5], Batch [245/300], Loss: 1.0005 (Overall: 0.8431, Change: 1.5918), TF Ratio: 0.711
2026-06-14 20:30:45,641 - INFO - Epoch [5/5], Batch [246/300], Loss: 1.0002 (Overall: 0.6615, Change: 1.1682), TF Ratio: 0.711
2026-06-14 20:30:45,793 - INFO - Epoch [5/5], Batch [247/300], Loss: 1.0000 (Overall: 0.6005, Change: 1.3077), TF Ratio: 0.711
2026-06-14 20:30:45,959 - INFO - Epoch [5/5], Batch [248/300], Loss: 0.9996 (Overall: 0.8156, Change: 1.0189), TF Ratio: 0.710
2026-06-14 20:30:47,384 - INFO - Epoch [5/5], Batch [249/300], Loss: 1.0004 (Overall: 0.7596, Change: 1.6016), TF Ratio: 0.710
2026-06-14 20:31:09,724 - INFO - Epoch [5/5], Batch [250/300], Loss: 0.9997 (Overall: 0.3321, Change: 1.3189), TF Ratio: 0.710
2026-06-14 20:31:09,877 - INFO - Epoch [5/5], Batch [251/300], Loss: 0.9991 (Overall: 0.6840, Change: 1.0200), TF Ratio: 0.710
2026-06-14 20:31:10,114 - INFO - Epoch [5/5], Batch [252/300], Loss: 0.9992 (Overall: 0.7274, Change: 1.3091), TF Ratio: 0.710
2026-06-14 20:31:10,268 - INFO - Epoch [5/5], Batch [253/300], Loss: 0.9983 (Overall: 0.4866, Change: 1.0913), TF Ratio: 0.709
2026-06-14 20:31:10,421 - INFO - Epoch [5/5], Batch [254/300], Loss: 0.9986 (Overall: 0.5918, Change: 1.5315), TF Ratio: 0.709
2026-06-14 20:31:10,582 - INFO - Epoch [5/5], Batch [255/300], Loss: 0.9989 (Overall: 0.6439, Change: 1.5226), TF Ratio: 0.709
2026-06-14 20:31:11,441 - INFO - Epoch [5/5], Batch [256/300], Loss: 0.9979 (Overall: 0.6118, Change: 0.8523), TF Ratio: 0.709
2026-06-14 20:31:11,596 - INFO - Epoch [5/5], Batch [257/300], Loss: 0.9986 (Overall: 1.0100, Change: 1.3420), TF Ratio: 0.709
2026-06-14 20:31:32,510 - INFO - Epoch [5/5], Batch [258/300], Loss: 0.9981 (Overall: 0.4769, Change: 1.2807), TF Ratio: 0.708
2026-06-14 20:31:32,663 - INFO - Epoch [5/5], Batch [259/300], Loss: 0.9979 (Overall: 0.7475, Change: 1.1471), TF Ratio: 0.708
2026-06-14 20:31:32,825 - INFO - Epoch [5/5], Batch [260/300], Loss: 0.9978 (Overall: 0.6634, Change: 1.2578), TF Ratio: 0.708
2026-06-14 20:31:32,978 - INFO - Epoch [5/5], Batch [261/300], Loss: 0.9968 (Overall: 0.7955, Change: 0.6766), TF Ratio: 0.708
2026-06-14 20:31:33,130 - INFO - Epoch [5/5], Batch [262/300], Loss: 0.9962 (Overall: 0.7483, Change: 0.9562), TF Ratio: 0.708
2026-06-14 20:31:33,282 - INFO - Epoch [5/5], Batch [263/300], Loss: 0.9955 (Overall: 0.6101, Change: 1.0335), TF Ratio: 0.707
2026-06-14 20:31:33,449 - INFO - Epoch [5/5], Batch [264/300], Loss: 0.9955 (Overall: 0.6104, Change: 1.3788), TF Ratio: 0.707
2026-06-14 20:31:33,602 - INFO - Epoch [5/5], Batch [265/300], Loss: 0.9962 (Overall: 0.6455, Change: 1.7184), TF Ratio: 0.707
2026-06-14 20:31:56,321 - INFO - Epoch [5/5], Batch [266/300], Loss: 0.9961 (Overall: 0.6368, Change: 1.2642), TF Ratio: 0.707
2026-06-14 20:31:56,473 - INFO - Epoch [5/5], Batch [267/300], Loss: 0.9961 (Overall: 0.6904, Change: 1.2914), TF Ratio: 0.707
2026-06-14 20:31:56,634 - INFO - Epoch [5/5], Batch [268/300], Loss: 0.9964 (Overall: 0.6931, Change: 1.4857), TF Ratio: 0.706
2026-06-14 20:31:56,788 - INFO - Epoch [5/5], Batch [269/300], Loss: 0.9957 (Overall: 0.5736, Change: 1.0186), TF Ratio: 0.706
2026-06-14 20:31:56,940 - INFO - Epoch [5/5], Batch [270/300], Loss: 0.9964 (Overall: 0.9134, Change: 1.4778), TF Ratio: 0.706
2026-06-14 20:31:57,092 - INFO - Epoch [5/5], Batch [271/300], Loss: 0.9964 (Overall: 0.4384, Change: 1.5716), TF Ratio: 0.706
2026-06-14 20:31:57,274 - INFO - Epoch [5/5], Batch [272/300], Loss: 0.9960 (Overall: 0.6633, Change: 1.1011), TF Ratio: 0.706
2026-06-14 20:31:57,427 - INFO - Epoch [5/5], Batch [273/300], Loss: 0.9957 (Overall: 0.6260, Change: 1.1866), TF Ratio: 0.705
2026-06-14 20:32:10,368 - INFO - Epoch [5/5], Batch [274/300], Loss: 0.9961 (Overall: 0.7465, Change: 1.4904), TF Ratio: 0.705
2026-06-14 20:32:10,522 - INFO - Epoch [5/5], Batch [275/300], Loss: 0.9967 (Overall: 0.7900, Change: 1.5156), TF Ratio: 0.705
2026-06-14 20:32:10,685 - INFO - Epoch [5/5], Batch [276/300], Loss: 0.9956 (Overall: 0.4655, Change: 0.9413), TF Ratio: 0.705
2026-06-14 20:32:10,838 - INFO - Epoch [5/5], Batch [277/300], Loss: 0.9956 (Overall: 0.6099, Change: 1.3758), TF Ratio: 0.705
2026-06-14 20:32:10,991 - INFO - Epoch [5/5], Batch [278/300], Loss: 0.9964 (Overall: 0.9286, Change: 1.4787), TF Ratio: 0.704
2026-06-14 20:32:11,144 - INFO - Epoch [5/5], Batch [279/300], Loss: 0.9973 (Overall: 0.6999, Change: 1.8348), TF Ratio: 0.704
2026-06-14 20:32:11,312 - INFO - Epoch [5/5], Batch [280/300], Loss: 0.9967 (Overall: 0.7390, Change: 0.9078), TF Ratio: 0.704
2026-06-14 20:32:11,465 - INFO - Epoch [5/5], Batch [281/300], Loss: 0.9959 (Overall: 0.4478, Change: 1.0789), TF Ratio: 0.704
2026-06-14 20:32:24,197 - INFO - Epoch [5/5], Batch [282/300], Loss: 0.9958 (Overall: 0.6471, Change: 1.2721), TF Ratio: 0.704
2026-06-14 20:32:24,350 - INFO - Epoch [5/5], Batch [283/300], Loss: 0.9961 (Overall: 0.8239, Change: 1.3372), TF Ratio: 0.703
2026-06-14 20:32:24,511 - INFO - Epoch [5/5], Batch [284/300], Loss: 0.9962 (Overall: 0.6748, Change: 1.3726), TF Ratio: 0.703
2026-06-14 20:32:24,664 - INFO - Epoch [5/5], Batch [285/300], Loss: 0.9949 (Overall: 0.6633, Change: 0.5991), TF Ratio: 0.703
2026-06-14 20:32:24,817 - INFO - Epoch [5/5], Batch [286/300], Loss: 0.9944 (Overall: 0.5488, Change: 1.1374), TF Ratio: 0.703
2026-06-14 20:32:24,969 - INFO - Epoch [5/5], Batch [287/300], Loss: 0.9950 (Overall: 0.6895, Change: 1.6484), TF Ratio: 0.703
2026-06-14 20:32:25,145 - INFO - Epoch [5/5], Batch [288/300], Loss: 0.9954 (Overall: 0.8212, Change: 1.3953), TF Ratio: 0.702
2026-06-14 20:32:25,298 - INFO - Epoch [5/5], Batch [289/300], Loss: 0.9955 (Overall: 0.7920, Change: 1.2753), TF Ratio: 0.702
2026-06-14 20:32:36,725 - INFO - Epoch [5/5], Batch [290/300], Loss: 0.9955 (Overall: 0.5264, Change: 1.4644), TF Ratio: 0.702
2026-06-14 20:32:36,879 - INFO - Epoch [5/5], Batch [291/300], Loss: 0.9965 (Overall: 0.6112, Change: 1.9507), TF Ratio: 0.702
2026-06-14 20:32:37,043 - INFO - Epoch [5/5], Batch [292/300], Loss: 0.9956 (Overall: 0.4138, Change: 1.0470), TF Ratio: 0.702
2026-06-14 20:32:37,196 - INFO - Epoch [5/5], Batch [293/300], Loss: 0.9950 (Overall: 0.8144, Change: 0.8266), TF Ratio: 0.701
2026-06-14 20:32:37,348 - INFO - Epoch [5/5], Batch [294/300], Loss: 0.9955 (Overall: 0.7941, Change: 1.4889), TF Ratio: 0.701
2026-06-14 20:32:37,503 - INFO - Epoch [5/5], Batch [295/300], Loss: 0.9954 (Overall: 0.5801, Change: 1.3491), TF Ratio: 0.701
2026-06-14 20:32:37,675 - INFO - Epoch [5/5], Batch [296/300], Loss: 0.9965 (Overall: 1.1615, Change: 1.5167), TF Ratio: 0.701
2026-06-14 20:32:37,828 - INFO - Epoch [5/5], Batch [297/300], Loss: 0.9967 (Overall: 0.6808, Change: 1.4172), TF Ratio: 0.701
2026-06-14 20:32:51,374 - INFO - Epoch [5/5], Batch [298/300], Loss: 0.9971 (Overall: 0.6633, Change: 1.5791), TF Ratio: 0.700
2026-06-14 20:32:51,528 - INFO - Epoch [5/5], Batch [299/300], Loss: 0.9969 (Overall: 0.7767, Change: 1.0662), TF Ratio: 0.700
2026-06-14 20:32:51,692 - INFO - Epoch [5/5], Batch [300/300], Loss: 0.9970 (Overall: 0.8086, Change: 1.3004), TF Ratio: 0.700
2026-06-14 20:33:04,978 - INFO - Epoch 5 done. Validating...
2026-06-14 20:33:49,391 - INFO - Epoch [5/5] | Train: 0.9951 | Val: 0.6842
2026-06-14 20:33:49,613 - INFO - Checkpoint saved: /gpfs/scratch/bsc32/bsc096444/ai4land-tfm/trained_models/unet_impl/41788801/model_epoch_5.pth
2026-06-14 20:33:50,623 - INFO - Training complete.
