[2026-06-15 15:09:21,910][root][INFO] - Recurrent UNet Model Successfully Configured and Initialized.
[2026-06-15 15:09:21,930][root][INFO] - Starting from scratch (no valid checkpoint provided).
[2026-06-15 15:09:22,384][root][INFO] - Train: 4480000 samples, Val: 640000 samples
[2026-06-15 15:09:23,882][root][INFO] - Starting training from epoch 1
[2026-06-15 15:09:38,800][root][INFO] - Epoch [1/5], Batch [1/300], Loss: 2.0964 (Overall: 2.0789, Change: 2.1140), TF Ratio: 1.000
[2026-06-15 15:09:38,974][root][INFO] - Epoch [1/5], Batch [2/300], Loss: 2.0135 (Overall: 1.8861, Change: 1.9750), TF Ratio: 1.000
[2026-06-15 15:09:39,156][root][INFO] - Epoch [1/5], Batch [3/300], Loss: 2.0370 (Overall: 2.1029, Change: 2.0649), TF Ratio: 0.999
[2026-06-15 15:09:39,514][root][INFO] - Epoch [1/5], Batch [4/300], Loss: 2.0381 (Overall: 1.9793, Change: 2.1041), TF Ratio: 0.999
[2026-06-15 15:09:39,677][root][INFO] - Epoch [1/5], Batch [5/300], Loss: 2.0210 (Overall: 1.8172, Change: 2.0881), TF Ratio: 0.999
[2026-06-15 15:09:39,828][root][INFO] - Epoch [1/5], Batch [6/300], Loss: 1.9840 (Overall: 1.6689, Change: 1.9284), TF Ratio: 0.999
[2026-06-15 15:09:39,980][root][INFO] - Epoch [1/5], Batch [7/300], Loss: 1.9527 (Overall: 1.7517, Change: 1.7780), TF Ratio: 0.999
[2026-06-15 15:09:40,340][root][INFO] - Epoch [1/5], Batch [8/300], Loss: 1.9521 (Overall: 1.7233, Change: 2.1733), TF Ratio: 0.998
[2026-06-15 15:09:40,493][root][INFO] - Epoch [1/5], Batch [9/300], Loss: 1.9352 (Overall: 1.6580, Change: 1.9424), TF Ratio: 0.998
[2026-06-15 15:09:40,646][root][INFO] - Epoch [1/5], Batch [10/300], Loss: 1.9027 (Overall: 1.4830, Change: 1.7358), TF Ratio: 0.998
[2026-06-15 15:09:40,799][root][INFO] - Epoch [1/5], Batch [11/300], Loss: 1.8948 (Overall: 1.6708, Change: 1.9612), TF Ratio: 0.998
[2026-06-15 15:09:40,989][root][INFO] - Epoch [1/5], Batch [12/300], Loss: 1.8816 (Overall: 1.4602, Change: 2.0141), TF Ratio: 0.998
[2026-06-15 15:09:41,154][root][INFO] - Epoch [1/5], Batch [13/300], Loss: 1.8612 (Overall: 1.4437, Change: 1.7878), TF Ratio: 0.997
[2026-06-15 15:09:41,308][root][INFO] - Epoch [1/5], Batch [14/300], Loss: 1.8434 (Overall: 1.4151, Change: 1.8081), TF Ratio: 0.997
[2026-06-15 15:09:41,462][root][INFO] - Epoch [1/5], Batch [15/300], Loss: 1.8206 (Overall: 1.2948, Change: 1.7081), TF Ratio: 0.997
[2026-06-15 15:09:41,646][root][INFO] - Epoch [1/5], Batch [16/300], Loss: 1.8154 (Overall: 1.6130, Change: 1.8640), TF Ratio: 0.997
[2026-06-15 15:09:41,798][root][INFO] - Epoch [1/5], Batch [17/300], Loss: 1.7989 (Overall: 1.4117, Change: 1.6576), TF Ratio: 0.997
[2026-06-15 15:09:41,950][root][INFO] - Epoch [1/5], Batch [18/300], Loss: 1.7798 (Overall: 1.1884, Change: 1.7207), TF Ratio: 0.996
[2026-06-15 15:09:42,102][root][INFO] - Epoch [1/5], Batch [19/300], Loss: 1.7691 (Overall: 1.3220, Change: 1.8312), TF Ratio: 0.996
[2026-06-15 15:09:42,268][root][INFO] - Epoch [1/5], Batch [20/300], Loss: 1.7576 (Overall: 1.3156, Change: 1.7632), TF Ratio: 0.996
[2026-06-15 15:09:42,420][root][INFO] - Epoch [1/5], Batch [21/300], Loss: 1.7457 (Overall: 1.2156, Change: 1.7982), TF Ratio: 0.996
[2026-06-15 15:09:42,571][root][INFO] - Epoch [1/5], Batch [22/300], Loss: 1.7365 (Overall: 1.2999, Change: 1.7865), TF Ratio: 0.996
[2026-06-15 15:09:42,723][root][INFO] - Epoch [1/5], Batch [23/300], Loss: 1.7270 (Overall: 1.3199, Change: 1.7188), TF Ratio: 0.995
[2026-06-15 15:09:42,890][root][INFO] - Epoch [1/5], Batch [24/300], Loss: 1.7210 (Overall: 1.3631, Change: 1.8021), TF Ratio: 0.995
[2026-06-15 15:09:43,052][root][INFO] - Epoch [1/5], Batch [25/300], Loss: 1.7092 (Overall: 1.1328, Change: 1.7201), TF Ratio: 0.995
[2026-06-15 15:09:43,206][root][INFO] - Epoch [1/5], Batch [26/300], Loss: 1.6954 (Overall: 1.1208, Change: 1.5769), TF Ratio: 0.995
[2026-06-15 15:09:43,360][root][INFO] - Epoch [1/5], Batch [27/300], Loss: 1.6858 (Overall: 1.2439, Change: 1.6290), TF Ratio: 0.995
[2026-06-15 15:09:43,547][root][INFO] - Epoch [1/5], Batch [28/300], Loss: 1.6835 (Overall: 1.4543, Change: 1.7919), TF Ratio: 0.994
[2026-06-15 15:09:43,701][root][INFO] - Epoch [1/5], Batch [29/300], Loss: 1.6744 (Overall: 1.1570, Change: 1.6826), TF Ratio: 0.994
[2026-06-15 15:09:43,855][root][INFO] - Epoch [1/5], Batch [30/300], Loss: 1.6687 (Overall: 1.2577, Change: 1.7478), TF Ratio: 0.994
[2026-06-15 15:09:44,012][root][INFO] - Epoch [1/5], Batch [31/300], Loss: 1.6628 (Overall: 1.1715, Change: 1.7973), TF Ratio: 0.994
[2026-06-15 15:09:44,191][root][INFO] - Epoch [1/5], Batch [32/300], Loss: 1.6530 (Overall: 1.1295, Change: 1.5711), TF Ratio: 0.994
[2026-06-15 15:09:44,351][root][INFO] - Epoch [1/5], Batch [33/300], Loss: 1.6455 (Overall: 1.2857, Change: 1.5236), TF Ratio: 0.993
[2026-06-15 15:09:44,503][root][INFO] - Epoch [1/5], Batch [34/300], Loss: 1.6407 (Overall: 1.2135, Change: 1.7493), TF Ratio: 0.993
[2026-06-15 15:09:44,654][root][INFO] - Epoch [1/5], Batch [35/300], Loss: 1.6367 (Overall: 1.3591, Change: 1.6450), TF Ratio: 0.993
[2026-06-15 15:09:44,825][root][INFO] - Epoch [1/5], Batch [36/300], Loss: 1.6250 (Overall: 0.9754, Change: 1.4555), TF Ratio: 0.993
[2026-06-15 15:09:44,977][root][INFO] - Epoch [1/5], Batch [37/300], Loss: 1.6198 (Overall: 1.1729, Change: 1.6929), TF Ratio: 0.993
[2026-06-15 15:09:45,130][root][INFO] - Epoch [1/5], Batch [38/300], Loss: 1.6127 (Overall: 1.2179, Change: 1.4802), TF Ratio: 0.992
[2026-06-15 15:09:45,288][root][INFO] - Epoch [1/5], Batch [39/300], Loss: 1.6071 (Overall: 1.1429, Change: 1.6476), TF Ratio: 0.992
[2026-06-15 15:09:45,468][root][INFO] - Epoch [1/5], Batch [40/300], Loss: 1.6006 (Overall: 1.1026, Change: 1.5917), TF Ratio: 0.992
[2026-06-15 15:09:45,624][root][INFO] - Epoch [1/5], Batch [41/300], Loss: 1.5990 (Overall: 1.4200, Change: 1.6508), TF Ratio: 0.992
[2026-06-15 15:09:45,778][root][INFO] - Epoch [1/5], Batch [42/300], Loss: 1.5927 (Overall: 1.1183, Change: 1.5491), TF Ratio: 0.992
[2026-06-15 15:09:45,930][root][INFO] - Epoch [1/5], Batch [43/300], Loss: 1.5871 (Overall: 1.0317, Change: 1.6686), TF Ratio: 0.991
[2026-06-15 15:09:48,480][root][INFO] - Epoch [1/5], Batch [44/300], Loss: 1.5834 (Overall: 1.2434, Change: 1.6047), TF Ratio: 0.991
[2026-06-15 15:09:48,639][root][INFO] - Epoch [1/5], Batch [45/300], Loss: 1.5803 (Overall: 1.2669, Change: 1.6210), TF Ratio: 0.991
[2026-06-15 15:09:48,791][root][INFO] - Epoch [1/5], Batch [46/300], Loss: 1.5781 (Overall: 1.3057, Change: 1.6537), TF Ratio: 0.991
[2026-06-15 15:09:49,922][root][INFO] - Epoch [1/5], Batch [47/300], Loss: 1.5759 (Overall: 1.1781, Change: 1.7696), TF Ratio: 0.991
[2026-06-15 15:09:50,382][root][INFO] - Epoch [1/5], Batch [48/300], Loss: 1.5688 (Overall: 1.0367, Change: 1.4350), TF Ratio: 0.990
[2026-06-15 15:09:50,535][root][INFO] - Epoch [1/5], Batch [49/300], Loss: 1.5615 (Overall: 1.0710, Change: 1.3559), TF Ratio: 0.990
[2026-06-15 15:09:50,686][root][INFO] - Epoch [1/5], Batch [50/300], Loss: 1.5556 (Overall: 1.0841, Change: 1.4449), TF Ratio: 0.990
[2026-06-15 15:09:50,838][root][INFO] - Epoch [1/5], Batch [51/300], Loss: 1.5536 (Overall: 1.1246, Change: 1.7897), TF Ratio: 0.990
[2026-06-15 15:09:52,879][root][INFO] - Epoch [1/5], Batch [52/300], Loss: 1.5504 (Overall: 1.1710, Change: 1.6010), TF Ratio: 0.990
[2026-06-15 15:09:53,035][root][INFO] - Epoch [1/5], Batch [53/300], Loss: 1.5490 (Overall: 1.2340, Change: 1.7106), TF Ratio: 0.989
[2026-06-15 15:09:53,187][root][INFO] - Epoch [1/5], Batch [54/300], Loss: 1.5450 (Overall: 1.1538, Change: 1.5163), TF Ratio: 0.989
[2026-06-15 15:09:53,338][root][INFO] - Epoch [1/5], Batch [55/300], Loss: 1.5433 (Overall: 1.2128, Change: 1.6865), TF Ratio: 0.989
[2026-06-15 15:09:53,514][root][INFO] - Epoch [1/5], Batch [56/300], Loss: 1.5398 (Overall: 0.9470, Change: 1.7538), TF Ratio: 0.989
[2026-06-15 15:09:53,667][root][INFO] - Epoch [1/5], Batch [57/300], Loss: 1.5334 (Overall: 1.0468, Change: 1.3037), TF Ratio: 0.989
[2026-06-15 15:09:53,818][root][INFO] - Epoch [1/5], Batch [58/300], Loss: 1.5305 (Overall: 1.1952, Change: 1.5290), TF Ratio: 0.988
[2026-06-15 15:09:53,970][root][INFO] - Epoch [1/5], Batch [59/300], Loss: 1.5282 (Overall: 1.1036, Change: 1.6892), TF Ratio: 0.988
[2026-06-15 15:09:54,157][root][INFO] - Epoch [1/5], Batch [60/300], Loss: 1.5235 (Overall: 0.9571, Change: 1.5390), TF Ratio: 0.988
[2026-06-15 15:09:54,310][root][INFO] - Epoch [1/5], Batch [61/300], Loss: 1.5214 (Overall: 1.0699, Change: 1.7245), TF Ratio: 0.988
[2026-06-15 15:09:54,476][root][INFO] - Epoch [1/5], Batch [62/300], Loss: 1.5208 (Overall: 1.2432, Change: 1.7253), TF Ratio: 0.988
[2026-06-15 15:09:54,630][root][INFO] - Epoch [1/5], Batch [63/300], Loss: 1.5177 (Overall: 1.1326, Change: 1.5173), TF Ratio: 0.987
[2026-06-15 15:09:54,799][root][INFO] - Epoch [1/5], Batch [64/300], Loss: 1.5170 (Overall: 1.0942, Change: 1.8468), TF Ratio: 0.987
[2026-06-15 15:09:54,952][root][INFO] - Epoch [1/5], Batch [65/300], Loss: 1.5137 (Overall: 0.9960, Change: 1.6043), TF Ratio: 0.987
[2026-06-15 15:09:55,104][root][INFO] - Epoch [1/5], Batch [66/300], Loss: 1.5097 (Overall: 1.0310, Change: 1.4790), TF Ratio: 0.987
[2026-06-15 15:09:55,255][root][INFO] - Epoch [1/5], Batch [67/300], Loss: 1.5100 (Overall: 1.3834, Change: 1.6751), TF Ratio: 0.987
[2026-06-15 15:10:03,365][root][INFO] - Epoch [1/5], Batch [68/300], Loss: 1.5068 (Overall: 1.0575, Change: 1.5185), TF Ratio: 0.986
[2026-06-15 15:10:03,520][root][INFO] - Epoch [1/5], Batch [69/300], Loss: 1.5030 (Overall: 1.0015, Change: 1.4890), TF Ratio: 0.986
[2026-06-15 15:10:03,672][root][INFO] - Epoch [1/5], Batch [70/300], Loss: 1.4993 (Overall: 1.0894, Change: 1.3953), TF Ratio: 0.986
[2026-06-15 15:10:03,824][root][INFO] - Epoch [1/5], Batch [71/300], Loss: 1.4977 (Overall: 1.3306, Change: 1.4423), TF Ratio: 0.986
[2026-06-15 15:10:04,038][root][INFO] - Epoch [1/5], Batch [72/300], Loss: 1.4944 (Overall: 1.0520, Change: 1.4691), TF Ratio: 0.986
[2026-06-15 15:10:04,191][root][INFO] - Epoch [1/5], Batch [73/300], Loss: 1.4946 (Overall: 1.4129, Change: 1.6051), TF Ratio: 0.985
[2026-06-15 15:10:04,344][root][INFO] - Epoch [1/5], Batch [74/300], Loss: 1.4941 (Overall: 1.1044, Change: 1.8083), TF Ratio: 0.985
[2026-06-15 15:10:04,498][root][INFO] - Epoch [1/5], Batch [75/300], Loss: 1.4933 (Overall: 1.3340, Change: 1.5464), TF Ratio: 0.985
[2026-06-15 15:10:04,676][root][INFO] - Epoch [1/5], Batch [76/300], Loss: 1.4940 (Overall: 1.2680, Change: 1.8224), TF Ratio: 0.985
[2026-06-15 15:10:04,836][root][INFO] - Epoch [1/5], Batch [77/300], Loss: 1.4930 (Overall: 1.1255, Change: 1.7119), TF Ratio: 0.985
[2026-06-15 15:10:04,989][root][INFO] - Epoch [1/5], Batch [78/300], Loss: 1.4929 (Overall: 1.1568, Change: 1.8010), TF Ratio: 0.984
[2026-06-15 15:10:05,141][root][INFO] - Epoch [1/5], Batch [79/300], Loss: 1.4878 (Overall: 0.9533, Change: 1.2256), TF Ratio: 0.984
[2026-06-15 15:10:05,324][root][INFO] - Epoch [1/5], Batch [80/300], Loss: 1.4864 (Overall: 1.0593, Change: 1.6941), TF Ratio: 0.984
[2026-06-15 15:10:05,478][root][INFO] - Epoch [1/5], Batch [81/300], Loss: 1.4879 (Overall: 1.0200, Change: 2.2065), TF Ratio: 0.984
[2026-06-15 15:10:05,630][root][INFO] - Epoch [1/5], Batch [82/300], Loss: 1.4862 (Overall: 1.0883, Change: 1.6094), TF Ratio: 0.984
[2026-06-15 15:10:05,782][root][INFO] - Epoch [1/5], Batch [83/300], Loss: 1.4851 (Overall: 1.0846, Change: 1.7020), TF Ratio: 0.983
[2026-06-15 15:10:05,966][root][INFO] - Epoch [1/5], Batch [84/300], Loss: 1.4828 (Overall: 1.1588, Change: 1.4165), TF Ratio: 0.983
[2026-06-15 15:10:06,118][root][INFO] - Epoch [1/5], Batch [85/300], Loss: 1.4817 (Overall: 1.1419, Change: 1.6362), TF Ratio: 0.983
[2026-06-15 15:10:06,271][root][INFO] - Epoch [1/5], Batch [86/300], Loss: 1.4780 (Overall: 0.9109, Change: 1.4234), TF Ratio: 0.983
[2026-06-15 15:10:06,423][root][INFO] - Epoch [1/5], Batch [87/300], Loss: 1.4786 (Overall: 1.0877, Change: 1.9648), TF Ratio: 0.983
[2026-06-15 15:10:06,600][root][INFO] - Epoch [1/5], Batch [88/300], Loss: 1.4765 (Overall: 1.1552, Change: 1.4445), TF Ratio: 0.982
[2026-06-15 15:10:06,753][root][INFO] - Epoch [1/5], Batch [89/300], Loss: 1.4714 (Overall: 0.8715, Change: 1.1662), TF Ratio: 0.982
[2026-06-15 15:10:06,904][root][INFO] - Epoch [1/5], Batch [90/300], Loss: 1.4693 (Overall: 1.1890, Change: 1.3716), TF Ratio: 0.982
[2026-06-15 15:10:07,384][root][INFO] - Epoch [1/5], Batch [91/300], Loss: 1.4675 (Overall: 1.0203, Change: 1.5986), TF Ratio: 0.982
[2026-06-15 15:10:07,565][root][INFO] - Epoch [1/5], Batch [92/300], Loss: 1.4662 (Overall: 1.2296, Change: 1.4617), TF Ratio: 0.982
[2026-06-15 15:10:07,719][root][INFO] - Epoch [1/5], Batch [93/300], Loss: 1.4644 (Overall: 1.0397, Change: 1.5556), TF Ratio: 0.981
[2026-06-15 15:10:07,871][root][INFO] - Epoch [1/5], Batch [94/300], Loss: 1.4626 (Overall: 1.0601, Change: 1.5278), TF Ratio: 0.981
[2026-06-15 15:10:08,024][root][INFO] - Epoch [1/5], Batch [95/300], Loss: 1.4576 (Overall: 0.8818, Change: 1.1091), TF Ratio: 0.981
[2026-06-15 15:10:08,221][root][INFO] - Epoch [1/5], Batch [96/300], Loss: 1.4588 (Overall: 1.1600, Change: 1.9733), TF Ratio: 0.981
[2026-06-15 15:10:08,375][root][INFO] - Epoch [1/5], Batch [97/300], Loss: 1.4572 (Overall: 1.0626, Change: 1.5426), TF Ratio: 0.981
[2026-06-15 15:10:08,528][root][INFO] - Epoch [1/5], Batch [98/300], Loss: 1.4563 (Overall: 1.0275, Change: 1.7106), TF Ratio: 0.980
[2026-06-15 15:10:08,681][root][INFO] - Epoch [1/5], Batch [99/300], Loss: 1.4529 (Overall: 1.0259, Change: 1.2180), TF Ratio: 0.980
[2026-06-15 15:10:08,862][root][INFO] - Epoch [1/5], Batch [100/300], Loss: 1.4498 (Overall: 0.8550, Change: 1.4368), TF Ratio: 0.980
[2026-06-15 15:10:09,014][root][INFO] - Epoch [1/5], Batch [101/300], Loss: 1.4480 (Overall: 0.9200, Change: 1.6020), TF Ratio: 0.980
[2026-06-15 15:10:09,166][root][INFO] - Epoch [1/5], Batch [102/300], Loss: 1.4462 (Overall: 1.0747, Change: 1.4536), TF Ratio: 0.980
[2026-06-15 15:10:09,317][root][INFO] - Epoch [1/5], Batch [103/300], Loss: 1.4433 (Overall: 0.9076, Change: 1.4015), TF Ratio: 0.979
[2026-06-15 15:10:09,500][root][INFO] - Epoch [1/5], Batch [104/300], Loss: 1.4421 (Overall: 0.9643, Change: 1.6768), TF Ratio: 0.979
[2026-06-15 15:10:09,654][root][INFO] - Epoch [1/5], Batch [105/300], Loss: 1.4399 (Overall: 0.8349, Change: 1.5751), TF Ratio: 0.979
[2026-06-15 15:10:09,806][root][INFO] - Epoch [1/5], Batch [106/300], Loss: 1.4399 (Overall: 1.2173, Change: 1.6558), TF Ratio: 0.979
[2026-06-15 15:10:09,958][root][INFO] - Epoch [1/5], Batch [107/300], Loss: 1.4363 (Overall: 0.8350, Change: 1.2949), TF Ratio: 0.979
[2026-06-15 15:10:10,133][root][INFO] - Epoch [1/5], Batch [108/300], Loss: 1.4335 (Overall: 1.0232, Change: 1.2418), TF Ratio: 0.978
[2026-06-15 15:10:10,286][root][INFO] - Epoch [1/5], Batch [109/300], Loss: 1.4319 (Overall: 0.8500, Change: 1.6712), TF Ratio: 0.978
[2026-06-15 15:10:10,439][root][INFO] - Epoch [1/5], Batch [110/300], Loss: 1.4312 (Overall: 1.0330, Change: 1.6574), TF Ratio: 0.978
[2026-06-15 15:10:10,592][root][INFO] - Epoch [1/5], Batch [111/300], Loss: 1.4295 (Overall: 0.9536, Change: 1.5362), TF Ratio: 0.978
[2026-06-15 15:10:10,765][root][INFO] - Epoch [1/5], Batch [112/300], Loss: 1.4293 (Overall: 0.7927, Change: 2.0231), TF Ratio: 0.978
[2026-06-15 15:10:10,917][root][INFO] - Epoch [1/5], Batch [113/300], Loss: 1.4289 (Overall: 1.0364, Change: 1.7358), TF Ratio: 0.977
[2026-06-15 15:10:11,069][root][INFO] - Epoch [1/5], Batch [114/300], Loss: 1.4241 (Overall: 0.7915, Change: 0.9804), TF Ratio: 0.977
[2026-06-15 15:10:11,243][root][INFO] - Epoch [1/5], Batch [115/300], Loss: 1.4213 (Overall: 0.9120, Change: 1.2870), TF Ratio: 0.977
[2026-06-15 15:10:11,410][root][INFO] - Epoch [1/5], Batch [116/300], Loss: 1.4199 (Overall: 0.9487, Change: 1.5591), TF Ratio: 0.977
[2026-06-15 15:10:11,563][root][INFO] - Epoch [1/5], Batch [117/300], Loss: 1.4190 (Overall: 1.1188, Change: 1.5075), TF Ratio: 0.977
[2026-06-15 15:10:11,723][root][INFO] - Epoch [1/5], Batch [118/300], Loss: 1.4185 (Overall: 0.9479, Change: 1.7868), TF Ratio: 0.976
[2026-06-15 15:10:11,881][root][INFO] - Epoch [1/5], Batch [119/300], Loss: 1.4168 (Overall: 0.9141, Change: 1.5239), TF Ratio: 0.976
[2026-06-15 15:10:12,053][root][INFO] - Epoch [1/5], Batch [120/300], Loss: 1.4158 (Overall: 0.9423, Change: 1.6421), TF Ratio: 0.976
[2026-06-15 15:10:12,207][root][INFO] - Epoch [1/5], Batch [121/300], Loss: 1.4173 (Overall: 1.4262, Change: 1.7745), TF Ratio: 0.976
[2026-06-15 15:10:12,361][root][INFO] - Epoch [1/5], Batch [122/300], Loss: 1.4167 (Overall: 1.0978, Change: 1.5873), TF Ratio: 0.976
[2026-06-15 15:10:12,514][root][INFO] - Epoch [1/5], Batch [123/300], Loss: 1.4156 (Overall: 0.9898, Change: 1.5623), TF Ratio: 0.975
[2026-06-15 15:10:16,937][root][INFO] - Epoch [1/5], Batch [124/300], Loss: 1.4142 (Overall: 0.9031, Change: 1.5834), TF Ratio: 0.975
[2026-06-15 15:10:17,099][root][INFO] - Epoch [1/5], Batch [125/300], Loss: 1.4126 (Overall: 0.9143, Change: 1.5098), TF Ratio: 0.975
[2026-06-15 15:10:17,251][root][INFO] - Epoch [1/5], Batch [126/300], Loss: 1.4096 (Overall: 0.9311, Change: 1.1456), TF Ratio: 0.975
[2026-06-15 15:10:17,404][root][INFO] - Epoch [1/5], Batch [127/300], Loss: 1.4092 (Overall: 1.0727, Change: 1.6508), TF Ratio: 0.975
[2026-06-15 15:10:17,588][root][INFO] - Epoch [1/5], Batch [128/300], Loss: 1.4080 (Overall: 0.9940, Change: 1.4991), TF Ratio: 0.974
[2026-06-15 15:10:17,743][root][INFO] - Epoch [1/5], Batch [129/300], Loss: 1.4065 (Overall: 1.0743, Change: 1.3624), TF Ratio: 0.974
[2026-06-15 15:10:17,896][root][INFO] - Epoch [1/5], Batch [130/300], Loss: 1.4046 (Overall: 0.8870, Change: 1.4354), TF Ratio: 0.974
[2026-06-15 15:10:18,049][root][INFO] - Epoch [1/5], Batch [131/300], Loss: 1.4018 (Overall: 0.8639, Change: 1.2079), TF Ratio: 0.974
[2026-06-15 15:10:18,241][root][INFO] - Epoch [1/5], Batch [132/300], Loss: 1.4000 (Overall: 0.7670, Change: 1.5634), TF Ratio: 0.974
[2026-06-15 15:10:18,395][root][INFO] - Epoch [1/5], Batch [133/300], Loss: 1.3987 (Overall: 0.9754, Change: 1.4790), TF Ratio: 0.973
[2026-06-15 15:10:18,548][root][INFO] - Epoch [1/5], Batch [134/300], Loss: 1.3965 (Overall: 0.9290, Change: 1.2831), TF Ratio: 0.973
[2026-06-15 15:10:18,701][root][INFO] - Epoch [1/5], Batch [135/300], Loss: 1.3948 (Overall: 0.9199, Change: 1.4144), TF Ratio: 0.973
[2026-06-15 15:10:18,892][root][INFO] - Epoch [1/5], Batch [136/300], Loss: 1.3936 (Overall: 0.9181, Change: 1.5417), TF Ratio: 0.973
[2026-06-15 15:10:19,049][root][INFO] - Epoch [1/5], Batch [137/300], Loss: 1.3920 (Overall: 0.8499, Change: 1.4963), TF Ratio: 0.973
[2026-06-15 15:10:19,203][root][INFO] - Epoch [1/5], Batch [138/300], Loss: 1.3910 (Overall: 1.0132, Change: 1.4922), TF Ratio: 0.972
[2026-06-15 15:10:19,355][root][INFO] - Epoch [1/5], Batch [139/300], Loss: 1.3903 (Overall: 0.8310, Change: 1.7728), TF Ratio: 0.972
[2026-06-15 15:10:19,541][root][INFO] - Epoch [1/5], Batch [140/300], Loss: 1.3895 (Overall: 0.9216, Change: 1.6221), TF Ratio: 0.972
[2026-06-15 15:10:19,693][root][INFO] - Epoch [1/5], Batch [141/300], Loss: 1.3890 (Overall: 0.9837, Change: 1.6554), TF Ratio: 0.972
[2026-06-15 15:10:19,846][root][INFO] - Epoch [1/5], Batch [142/300], Loss: 1.3868 (Overall: 0.7596, Change: 1.4070), TF Ratio: 0.972
[2026-06-15 15:10:19,998][root][INFO] - Epoch [1/5], Batch [143/300], Loss: 1.3855 (Overall: 1.1027, Change: 1.2952), TF Ratio: 0.971
[2026-06-15 15:10:20,167][root][INFO] - Epoch [1/5], Batch [144/300], Loss: 1.3864 (Overall: 1.3117, Change: 1.6983), TF Ratio: 0.971
[2026-06-15 15:10:20,319][root][INFO] - Epoch [1/5], Batch [145/300], Loss: 1.3837 (Overall: 0.8124, Change: 1.2033), TF Ratio: 0.971
[2026-06-15 15:10:20,471][root][INFO] - Epoch [1/5], Batch [146/300], Loss: 1.3836 (Overall: 1.0619, Change: 1.6609), TF Ratio: 0.971
[2026-06-15 15:10:20,623][root][INFO] - Epoch [1/5], Batch [147/300], Loss: 1.3828 (Overall: 0.8295, Change: 1.7142), TF Ratio: 0.971
[2026-06-15 15:10:23,840][root][INFO] - Epoch [1/5], Batch [148/300], Loss: 1.3831 (Overall: 0.8411, Change: 2.0015), TF Ratio: 0.970
[2026-06-15 15:10:23,994][root][INFO] - Epoch [1/5], Batch [149/300], Loss: 1.3821 (Overall: 0.8844, Change: 1.5708), TF Ratio: 0.970
[2026-06-15 15:10:24,150][root][INFO] - Epoch [1/5], Batch [150/300], Loss: 1.3821 (Overall: 1.2044, Change: 1.5818), TF Ratio: 0.970
[2026-06-15 15:10:24,301][root][INFO] - Epoch [1/5], Batch [151/300], Loss: 1.3817 (Overall: 1.0919, Change: 1.5510), TF Ratio: 0.970
[2026-06-15 15:10:24,484][root][INFO] - Epoch [1/5], Batch [152/300], Loss: 1.3807 (Overall: 0.8762, Change: 1.5679), TF Ratio: 0.970
[2026-06-15 15:10:24,638][root][INFO] - Epoch [1/5], Batch [153/300], Loss: 1.3791 (Overall: 0.6670, Change: 1.6090), TF Ratio: 0.969
[2026-06-15 15:10:24,790][root][INFO] - Epoch [1/5], Batch [154/300], Loss: 1.3776 (Overall: 0.8656, Change: 1.4284), TF Ratio: 0.969
[2026-06-15 15:10:24,947][root][INFO] - Epoch [1/5], Batch [155/300], Loss: 1.3760 (Overall: 0.8435, Change: 1.4201), TF Ratio: 0.969
[2026-06-15 15:10:25,127][root][INFO] - Epoch [1/5], Batch [156/300], Loss: 1.3740 (Overall: 0.9164, Change: 1.2059), TF Ratio: 0.969
[2026-06-15 15:10:25,281][root][INFO] - Epoch [1/5], Batch [157/300], Loss: 1.3724 (Overall: 0.7650, Change: 1.4971), TF Ratio: 0.969
[2026-06-15 15:10:25,450][root][INFO] - Epoch [1/5], Batch [158/300], Loss: 1.3715 (Overall: 0.8082, Change: 1.6381), TF Ratio: 0.968
[2026-06-15 15:10:25,607][root][INFO] - Epoch [1/5], Batch [159/300], Loss: 1.3705 (Overall: 0.9589, Change: 1.4842), TF Ratio: 0.968
[2026-06-15 15:10:25,773][root][INFO] - Epoch [1/5], Batch [160/300], Loss: 1.3686 (Overall: 0.8246, Change: 1.3055), TF Ratio: 0.968
[2026-06-15 15:10:25,927][root][INFO] - Epoch [1/5], Batch [161/300], Loss: 1.3693 (Overall: 1.0537, Change: 1.8942), TF Ratio: 0.968
[2026-06-15 15:10:26,080][root][INFO] - Epoch [1/5], Batch [162/300], Loss: 1.3679 (Overall: 0.8471, Change: 1.4506), TF Ratio: 0.968
[2026-06-15 15:10:26,233][root][INFO] - Epoch [1/5], Batch [163/300], Loss: 1.3674 (Overall: 0.8531, Change: 1.7215), TF Ratio: 0.967
[2026-06-15 15:10:27,479][root][INFO] - Epoch [1/5], Batch [164/300], Loss: 1.3672 (Overall: 1.1476, Change: 1.5269), TF Ratio: 0.967
[2026-06-15 15:10:27,632][root][INFO] - Epoch [1/5], Batch [165/300], Loss: 1.3673 (Overall: 0.9597, Change: 1.8077), TF Ratio: 0.967
[2026-06-15 15:10:27,784][root][INFO] - Epoch [1/5], Batch [166/300], Loss: 1.3663 (Overall: 0.7921, Change: 1.6082), TF Ratio: 0.967
[2026-06-15 15:10:27,936][root][INFO] - Epoch [1/5], Batch [167/300], Loss: 1.3642 (Overall: 0.8266, Change: 1.1992), TF Ratio: 0.967
[2026-06-15 15:10:28,126][root][INFO] - Epoch [1/5], Batch [168/300], Loss: 1.3635 (Overall: 0.8829, Change: 1.6200), TF Ratio: 0.966
[2026-06-15 15:10:28,280][root][INFO] - Epoch [1/5], Batch [169/300], Loss: 1.3610 (Overall: 0.9101, Change: 0.9628), TF Ratio: 0.966
[2026-06-15 15:10:28,432][root][INFO] - Epoch [1/5], Batch [170/300], Loss: 1.3611 (Overall: 1.0496, Change: 1.7098), TF Ratio: 0.966
[2026-06-15 15:10:28,589][root][INFO] - Epoch [1/5], Batch [171/300], Loss: 1.3601 (Overall: 0.8741, Change: 1.4789), TF Ratio: 0.966
[2026-06-15 15:10:30,253][root][INFO] - Epoch [1/5], Batch [172/300], Loss: 1.3608 (Overall: 1.3524, Change: 1.6269), TF Ratio: 0.966
[2026-06-15 15:10:30,405][root][INFO] - Epoch [1/5], Batch [173/300], Loss: 1.3586 (Overall: 0.7863, Change: 1.1667), TF Ratio: 0.965
[2026-06-15 15:10:30,556][root][INFO] - Epoch [1/5], Batch [174/300], Loss: 1.3584 (Overall: 0.9260, Change: 1.7189), TF Ratio: 0.965
[2026-06-15 15:10:30,707][root][INFO] - Epoch [1/5], Batch [175/300], Loss: 1.3575 (Overall: 0.7883, Change: 1.6179), TF Ratio: 0.965
[2026-06-15 15:10:30,893][root][INFO] - Epoch [1/5], Batch [176/300], Loss: 1.3560 (Overall: 0.7308, Change: 1.4705), TF Ratio: 0.965
[2026-06-15 15:10:31,047][root][INFO] - Epoch [1/5], Batch [177/300], Loss: 1.3543 (Overall: 0.7949, Change: 1.3206), TF Ratio: 0.965
[2026-06-15 15:10:31,199][root][INFO] - Epoch [1/5], Batch [178/300], Loss: 1.3550 (Overall: 0.9452, Change: 1.9923), TF Ratio: 0.964
[2026-06-15 15:10:31,353][root][INFO] - Epoch [1/5], Batch [179/300], Loss: 1.3537 (Overall: 0.8517, Change: 1.4133), TF Ratio: 0.964
[2026-06-15 15:10:31,532][root][INFO] - Epoch [1/5], Batch [180/300], Loss: 1.3547 (Overall: 1.2157, Change: 1.8465), TF Ratio: 0.964
[2026-06-15 15:10:31,688][root][INFO] - Epoch [1/5], Batch [181/300], Loss: 1.3543 (Overall: 0.9842, Change: 1.5601), TF Ratio: 0.964
[2026-06-15 15:10:31,841][root][INFO] - Epoch [1/5], Batch [182/300], Loss: 1.3534 (Overall: 0.8630, Change: 1.5377), TF Ratio: 0.964
[2026-06-15 15:10:31,995][root][INFO] - Epoch [1/5], Batch [183/300], Loss: 1.3523 (Overall: 0.7875, Change: 1.5152), TF Ratio: 0.963
[2026-06-15 15:10:32,173][root][INFO] - Epoch [1/5], Batch [184/300], Loss: 1.3513 (Overall: 0.8229, Change: 1.5030), TF Ratio: 0.963
[2026-06-15 15:10:32,329][root][INFO] - Epoch [1/5], Batch [185/300], Loss: 1.3505 (Overall: 1.0984, Change: 1.3253), TF Ratio: 0.963
[2026-06-15 15:10:32,482][root][INFO] - Epoch [1/5], Batch [186/300], Loss: 1.3491 (Overall: 0.6880, Change: 1.4884), TF Ratio: 0.963
[2026-06-15 15:10:32,635][root][INFO] - Epoch [1/5], Batch [187/300], Loss: 1.3500 (Overall: 1.2684, Change: 1.7581), TF Ratio: 0.963
[2026-06-15 15:10:32,982][root][INFO] - Epoch [1/5], Batch [188/300], Loss: 1.3498 (Overall: 1.1306, Change: 1.4935), TF Ratio: 0.962
[2026-06-15 15:10:33,135][root][INFO] - Epoch [1/5], Batch [189/300], Loss: 1.3477 (Overall: 0.7498, Change: 1.1371), TF Ratio: 0.962
[2026-06-15 15:10:33,286][root][INFO] - Epoch [1/5], Batch [190/300], Loss: 1.3468 (Overall: 0.8653, Change: 1.5057), TF Ratio: 0.962
[2026-06-15 15:10:33,438][root][INFO] - Epoch [1/5], Batch [191/300], Loss: 1.3463 (Overall: 0.9449, Change: 1.5431), TF Ratio: 0.962
[2026-06-15 15:10:33,606][root][INFO] - Epoch [1/5], Batch [192/300], Loss: 1.3455 (Overall: 0.7801, Change: 1.6017), TF Ratio: 0.962
[2026-06-15 15:10:33,758][root][INFO] - Epoch [1/5], Batch [193/300], Loss: 1.3449 (Overall: 0.9888, Change: 1.4778), TF Ratio: 0.961
[2026-06-15 15:10:33,910][root][INFO] - Epoch [1/5], Batch [194/300], Loss: 1.3449 (Overall: 1.0109, Change: 1.6782), TF Ratio: 0.961
[2026-06-15 15:10:34,063][root][INFO] - Epoch [1/5], Batch [195/300], Loss: 1.3454 (Overall: 1.3024, Change: 1.5988), TF Ratio: 0.961
[2026-06-15 15:10:34,247][root][INFO] - Epoch [1/5], Batch [196/300], Loss: 1.3436 (Overall: 0.8071, Change: 1.1882), TF Ratio: 0.961
[2026-06-15 15:10:34,400][root][INFO] - Epoch [1/5], Batch [197/300], Loss: 1.3425 (Overall: 0.7917, Change: 1.4452), TF Ratio: 0.961
[2026-06-15 15:10:34,554][root][INFO] - Epoch [1/5], Batch [198/300], Loss: 1.3419 (Overall: 0.9627, Change: 1.4760), TF Ratio: 0.960
[2026-06-15 15:10:34,707][root][INFO] - Epoch [1/5], Batch [199/300], Loss: 1.3405 (Overall: 0.8305, Change: 1.3074), TF Ratio: 0.960
[2026-06-15 15:10:35,495][root][INFO] - Epoch [1/5], Batch [200/300], Loss: 1.3405 (Overall: 0.9953, Change: 1.6956), TF Ratio: 0.960
[2026-06-15 15:10:35,648][root][INFO] - Epoch [1/5], Batch [201/300], Loss: 1.3396 (Overall: 1.0687, Change: 1.2393), TF Ratio: 0.960
[2026-06-15 15:10:35,799][root][INFO] - Epoch [1/5], Batch [202/300], Loss: 1.3397 (Overall: 0.9571, Change: 1.7472), TF Ratio: 0.960
[2026-06-15 15:10:35,952][root][INFO] - Epoch [1/5], Batch [203/300], Loss: 1.3381 (Overall: 0.8941, Change: 1.1449), TF Ratio: 0.959
[2026-06-15 15:10:36,120][root][INFO] - Epoch [1/5], Batch [204/300], Loss: 1.3371 (Overall: 0.7695, Change: 1.4869), TF Ratio: 0.959
[2026-06-15 15:10:36,275][root][INFO] - Epoch [1/5], Batch [205/300], Loss: 1.3368 (Overall: 0.8971, Change: 1.6546), TF Ratio: 0.959
[2026-06-15 15:10:36,428][root][INFO] - Epoch [1/5], Batch [206/300], Loss: 1.3353 (Overall: 0.8069, Change: 1.2472), TF Ratio: 0.959
[2026-06-15 15:10:36,583][root][INFO] - Epoch [1/5], Batch [207/300], Loss: 1.3344 (Overall: 0.7477, Change: 1.5746), TF Ratio: 0.959
[2026-06-15 15:10:36,754][root][INFO] - Epoch [1/5], Batch [208/300], Loss: 1.3337 (Overall: 1.0191, Change: 1.3417), TF Ratio: 0.958
[2026-06-15 15:10:36,908][root][INFO] - Epoch [1/5], Batch [209/300], Loss: 1.3318 (Overall: 0.6612, Change: 1.2127), TF Ratio: 0.958
[2026-06-15 15:10:37,062][root][INFO] - Epoch [1/5], Batch [210/300], Loss: 1.3299 (Overall: 0.6274, Change: 1.2638), TF Ratio: 0.958
[2026-06-15 15:10:37,214][root][INFO] - Epoch [1/5], Batch [211/300], Loss: 1.3311 (Overall: 1.4832, Change: 1.6689), TF Ratio: 0.958
[2026-06-15 15:10:39,777][root][INFO] - Epoch [1/5], Batch [212/300], Loss: 1.3296 (Overall: 0.7475, Change: 1.2890), TF Ratio: 0.958
[2026-06-15 15:10:39,930][root][INFO] - Epoch [1/5], Batch [213/300], Loss: 1.3294 (Overall: 0.8501, Change: 1.7126), TF Ratio: 0.957
[2026-06-15 15:10:40,082][root][INFO] - Epoch [1/5], Batch [214/300], Loss: 1.3309 (Overall: 1.4516, Change: 1.8434), TF Ratio: 0.957
[2026-06-15 15:10:40,235][root][INFO] - Epoch [1/5], Batch [215/300], Loss: 1.3305 (Overall: 0.7655, Change: 1.7156), TF Ratio: 0.957
[2026-06-15 15:10:40,408][root][INFO] - Epoch [1/5], Batch [216/300], Loss: 1.3307 (Overall: 1.1296, Change: 1.6140), TF Ratio: 0.957
[2026-06-15 15:10:40,571][root][INFO] - Epoch [1/5], Batch [217/300], Loss: 1.3312 (Overall: 1.2580, Change: 1.6271), TF Ratio: 0.957
[2026-06-15 15:10:40,724][root][INFO] - Epoch [1/5], Batch [218/300], Loss: 1.3302 (Overall: 1.2124, Change: 1.0390), TF Ratio: 0.956
[2026-06-15 15:10:40,877][root][INFO] - Epoch [1/5], Batch [219/300], Loss: 1.3292 (Overall: 0.7024, Change: 1.4947), TF Ratio: 0.956
[2026-06-15 15:10:41,056][root][INFO] - Epoch [1/5], Batch [220/300], Loss: 1.3281 (Overall: 0.8219, Change: 1.3703), TF Ratio: 0.956
[2026-06-15 15:10:41,210][root][INFO] - Epoch [1/5], Batch [221/300], Loss: 1.3268 (Overall: 0.8318, Change: 1.2597), TF Ratio: 0.956
[2026-06-15 15:10:41,363][root][INFO] - Epoch [1/5], Batch [222/300], Loss: 1.3271 (Overall: 0.9453, Change: 1.8416), TF Ratio: 0.956
[2026-06-15 15:10:41,516][root][INFO] - Epoch [1/5], Batch [223/300], Loss: 1.3274 (Overall: 1.1161, Change: 1.6405), TF Ratio: 0.955
[2026-06-15 15:10:44,202][root][INFO] - Epoch [1/5], Batch [224/300], Loss: 1.3277 (Overall: 0.7392, Change: 2.0640), TF Ratio: 0.955
[2026-06-15 15:10:44,355][root][INFO] - Epoch [1/5], Batch [225/300], Loss: 1.3262 (Overall: 0.9309, Change: 1.0718), TF Ratio: 0.955
[2026-06-15 15:10:44,506][root][INFO] - Epoch [1/5], Batch [226/300], Loss: 1.3245 (Overall: 0.7549, Change: 1.0972), TF Ratio: 0.955
[2026-06-15 15:10:44,658][root][INFO] - Epoch [1/5], Batch [227/300], Loss: 1.3242 (Overall: 0.8599, Change: 1.6559), TF Ratio: 0.955
[2026-06-15 15:10:44,842][root][INFO] - Epoch [1/5], Batch [228/300], Loss: 1.3236 (Overall: 1.1468, Change: 1.2321), TF Ratio: 0.954
[2026-06-15 15:10:45,005][root][INFO] - Epoch [1/5], Batch [229/300], Loss: 1.3232 (Overall: 0.8859, Change: 1.5800), TF Ratio: 0.954
[2026-06-15 15:10:45,158][root][INFO] - Epoch [1/5], Batch [230/300], Loss: 1.3223 (Overall: 0.7611, Change: 1.4701), TF Ratio: 0.954
[2026-06-15 15:10:45,321][root][INFO] - Epoch [1/5], Batch [231/300], Loss: 1.3214 (Overall: 0.8590, Change: 1.3802), TF Ratio: 0.954
[2026-06-15 15:10:45,851][root][INFO] - Epoch [1/5], Batch [232/300], Loss: 1.3266 (Overall: 1.3969, Change: 3.6537), TF Ratio: 0.954
[2026-06-15 15:10:46,005][root][INFO] - Epoch [1/5], Batch [233/300], Loss: 1.3271 (Overall: 1.1641, Change: 1.7094), TF Ratio: 0.953
[2026-06-15 15:10:46,157][root][INFO] - Epoch [1/5], Batch [234/300], Loss: 1.3258 (Overall: 0.7695, Change: 1.2803), TF Ratio: 0.953
[2026-06-15 15:10:46,310][root][INFO] - Epoch [1/5], Batch [235/300], Loss: 1.3255 (Overall: 0.7157, Change: 1.7974), TF Ratio: 0.953
[2026-06-15 15:10:46,482][root][INFO] - Epoch [1/5], Batch [236/300], Loss: 1.3265 (Overall: 0.8693, Change: 2.2471), TF Ratio: 0.953
[2026-06-15 15:10:46,634][root][INFO] - Epoch [1/5], Batch [237/300], Loss: 1.3255 (Overall: 0.6960, Change: 1.5037), TF Ratio: 0.953
[2026-06-15 15:10:46,785][root][INFO] - Epoch [1/5], Batch [238/300], Loss: 1.3255 (Overall: 0.9193, Change: 1.7044), TF Ratio: 0.952
[2026-06-15 15:10:46,936][root][INFO] - Epoch [1/5], Batch [239/300], Loss: 1.3253 (Overall: 1.0175, Change: 1.5367), TF Ratio: 0.952
[2026-06-15 15:10:47,105][root][INFO] - Epoch [1/5], Batch [240/300], Loss: 1.3253 (Overall: 1.0703, Change: 1.5890), TF Ratio: 0.952
[2026-06-15 15:10:47,258][root][INFO] - Epoch [1/5], Batch [241/300], Loss: 1.3237 (Overall: 0.6447, Change: 1.2207), TF Ratio: 0.952
[2026-06-15 15:10:47,411][root][INFO] - Epoch [1/5], Batch [242/300], Loss: 1.3237 (Overall: 1.2314, Change: 1.4634), TF Ratio: 0.952
[2026-06-15 15:10:47,569][root][INFO] - Epoch [1/5], Batch [243/300], Loss: 1.3234 (Overall: 0.9628, Change: 1.5126), TF Ratio: 0.951
[2026-06-15 15:10:47,737][root][INFO] - Epoch [1/5], Batch [244/300], Loss: 1.3221 (Overall: 0.6133, Change: 1.3856), TF Ratio: 0.951
[2026-06-15 15:10:47,896][root][INFO] - Epoch [1/5], Batch [245/300], Loss: 1.3216 (Overall: 0.7501, Change: 1.6679), TF Ratio: 0.951
[2026-06-15 15:10:48,052][root][INFO] - Epoch [1/5], Batch [246/300], Loss: 1.3213 (Overall: 0.8916, Change: 1.5897), TF Ratio: 0.951
[2026-06-15 15:10:48,205][root][INFO] - Epoch [1/5], Batch [247/300], Loss: 1.3209 (Overall: 0.8481, Change: 1.6291), TF Ratio: 0.951
[2026-06-15 15:10:50,654][root][INFO] - Epoch [1/5], Batch [248/300], Loss: 1.3203 (Overall: 1.0364, Change: 1.2983), TF Ratio: 0.950
[2026-06-15 15:10:50,810][root][INFO] - Epoch [1/5], Batch [249/300], Loss: 1.3185 (Overall: 0.6494, Change: 1.0640), TF Ratio: 0.950
[2026-06-15 15:10:50,962][root][INFO] - Epoch [1/5], Batch [250/300], Loss: 1.3166 (Overall: 0.8624, Change: 0.8526), TF Ratio: 0.950
[2026-06-15 15:10:51,115][root][INFO] - Epoch [1/5], Batch [251/300], Loss: 1.3166 (Overall: 0.6998, Change: 1.9464), TF Ratio: 0.950
[2026-06-15 15:10:51,890][root][INFO] - Epoch [1/5], Batch [252/300], Loss: 1.3158 (Overall: 0.7971, Change: 1.4066), TF Ratio: 0.950
[2026-06-15 15:10:52,044][root][INFO] - Epoch [1/5], Batch [253/300], Loss: 1.3155 (Overall: 0.8495, Change: 1.6494), TF Ratio: 0.949
[2026-06-15 15:10:52,198][root][INFO] - Epoch [1/5], Batch [254/300], Loss: 1.3149 (Overall: 0.7620, Change: 1.5348), TF Ratio: 0.949
[2026-06-15 15:10:52,360][root][INFO] - Epoch [1/5], Batch [255/300], Loss: 1.3141 (Overall: 0.6596, Change: 1.5898), TF Ratio: 0.949
[2026-06-15 15:10:52,535][root][INFO] - Epoch [1/5], Batch [256/300], Loss: 1.3136 (Overall: 0.7481, Change: 1.5961), TF Ratio: 0.949
[2026-06-15 15:10:52,690][root][INFO] - Epoch [1/5], Batch [257/300], Loss: 1.3129 (Overall: 0.8816, Change: 1.3817), TF Ratio: 0.949
[2026-06-15 15:10:52,843][root][INFO] - Epoch [1/5], Batch [258/300], Loss: 1.3121 (Overall: 0.6837, Change: 1.5684), TF Ratio: 0.948
[2026-06-15 15:10:54,368][root][INFO] - Epoch [1/5], Batch [259/300], Loss: 1.3119 (Overall: 1.0610, Change: 1.4154), TF Ratio: 0.948
[2026-06-15 15:10:55,026][root][INFO] - Epoch [1/5], Batch [260/300], Loss: 1.3118 (Overall: 0.9371, Change: 1.6339), TF Ratio: 0.948
[2026-06-15 15:10:55,180][root][INFO] - Epoch [1/5], Batch [261/300], Loss: 1.3111 (Overall: 0.8098, Change: 1.4926), TF Ratio: 0.948
[2026-06-15 15:10:55,333][root][INFO] - Epoch [1/5], Batch [262/300], Loss: 1.3103 (Overall: 0.7258, Change: 1.4845), TF Ratio: 0.948
[2026-06-15 15:10:55,486][root][INFO] - Epoch [1/5], Batch [263/300], Loss: 1.3097 (Overall: 0.9887, Change: 1.2818), TF Ratio: 0.947
[2026-06-15 15:10:55,664][root][INFO] - Epoch [1/5], Batch [264/300], Loss: 1.3096 (Overall: 0.9955, Change: 1.5934), TF Ratio: 0.947
[2026-06-15 15:10:55,817][root][INFO] - Epoch [1/5], Batch [265/300], Loss: 1.3091 (Overall: 0.7079, Change: 1.6147), TF Ratio: 0.947
[2026-06-15 15:10:55,969][root][INFO] - Epoch [1/5], Batch [266/300], Loss: 1.3082 (Overall: 0.7801, Change: 1.3891), TF Ratio: 0.947
[2026-06-15 15:10:56,123][root][INFO] - Epoch [1/5], Batch [267/300], Loss: 1.3083 (Overall: 0.9114, Change: 1.7490), TF Ratio: 0.947
[2026-06-15 15:10:56,311][root][INFO] - Epoch [1/5], Batch [268/300], Loss: 1.3072 (Overall: 0.8493, Change: 1.1705), TF Ratio: 0.946
[2026-06-15 15:10:56,464][root][INFO] - Epoch [1/5], Batch [269/300], Loss: 1.3068 (Overall: 0.8155, Change: 1.5714), TF Ratio: 0.946
[2026-06-15 15:10:56,617][root][INFO] - Epoch [1/5], Batch [270/300], Loss: 1.3059 (Overall: 0.8176, Change: 1.3299), TF Ratio: 0.946
[2026-06-15 15:10:59,658][root][INFO] - Epoch [1/5], Batch [271/300], Loss: 1.3059 (Overall: 1.1909, Change: 1.4349), TF Ratio: 0.946
[2026-06-15 15:10:59,822][root][INFO] - Epoch [1/5], Batch [272/300], Loss: 1.3058 (Overall: 1.0353, Change: 1.5081), TF Ratio: 0.946
[2026-06-15 15:10:59,979][root][INFO] - Epoch [1/5], Batch [273/300], Loss: 1.3056 (Overall: 0.8137, Change: 1.6680), TF Ratio: 0.945
[2026-06-15 15:11:00,131][root][INFO] - Epoch [1/5], Batch [274/300], Loss: 1.3041 (Overall: 0.7507, Change: 1.0426), TF Ratio: 0.945
[2026-06-15 15:11:00,284][root][INFO] - Epoch [1/5], Batch [275/300], Loss: 1.3028 (Overall: 1.0217, Change: 0.9077), TF Ratio: 0.945
[2026-06-15 15:11:00,457][root][INFO] - Epoch [1/5], Batch [276/300], Loss: 1.3028 (Overall: 1.0897, Change: 1.5165), TF Ratio: 0.945
[2026-06-15 15:11:00,612][root][INFO] - Epoch [1/5], Batch [277/300], Loss: 1.3029 (Overall: 0.7193, Change: 1.9313), TF Ratio: 0.945
[2026-06-15 15:11:00,765][root][INFO] - Epoch [1/5], Batch [278/300], Loss: 1.3030 (Overall: 1.0613, Change: 1.5791), TF Ratio: 0.944
[2026-06-15 15:11:00,923][root][INFO] - Epoch [1/5], Batch [279/300], Loss: 1.3038 (Overall: 0.7528, Change: 2.3088), TF Ratio: 0.944
[2026-06-15 15:11:01,099][root][INFO] - Epoch [1/5], Batch [280/300], Loss: 1.3032 (Overall: 0.8758, Change: 1.3804), TF Ratio: 0.944
[2026-06-15 15:11:01,263][root][INFO] - Epoch [1/5], Batch [281/300], Loss: 1.3019 (Overall: 0.7073, Change: 1.2079), TF Ratio: 0.944
[2026-06-15 15:11:01,418][root][INFO] - Epoch [1/5], Batch [282/300], Loss: 1.3016 (Overall: 0.8374, Change: 1.5591), TF Ratio: 0.944
[2026-06-15 15:11:01,571][root][INFO] - Epoch [1/5], Batch [283/300], Loss: 1.3008 (Overall: 0.8281, Change: 1.3184), TF Ratio: 0.943
[2026-06-15 15:11:01,736][root][INFO] - Epoch [1/5], Batch [284/300], Loss: 1.3008 (Overall: 0.8856, Change: 1.7111), TF Ratio: 0.943
[2026-06-15 15:11:01,889][root][INFO] - Epoch [1/5], Batch [285/300], Loss: 1.3003 (Overall: 0.9910, Change: 1.3677), TF Ratio: 0.943
[2026-06-15 15:11:02,041][root][INFO] - Epoch [1/5], Batch [286/300], Loss: 1.3004 (Overall: 1.0255, Change: 1.5871), TF Ratio: 0.943
[2026-06-15 15:11:02,193][root][INFO] - Epoch [1/5], Batch [287/300], Loss: 1.3002 (Overall: 0.8679, Change: 1.6698), TF Ratio: 0.943
[2026-06-15 15:11:02,364][root][INFO] - Epoch [1/5], Batch [288/300], Loss: 1.3002 (Overall: 0.9822, Change: 1.5882), TF Ratio: 0.942
[2026-06-15 15:11:02,524][root][INFO] - Epoch [1/5], Batch [289/300], Loss: 1.3002 (Overall: 1.0798, Change: 1.5337), TF Ratio: 0.942
[2026-06-15 15:11:02,677][root][INFO] - Epoch [1/5], Batch [290/300], Loss: 1.2993 (Overall: 0.7394, Change: 1.3216), TF Ratio: 0.942
[2026-06-15 15:11:02,829][root][INFO] - Epoch [1/5], Batch [291/300], Loss: 1.2980 (Overall: 0.6629, Change: 1.2023), TF Ratio: 0.942
[2026-06-15 15:11:03,003][root][INFO] - Epoch [1/5], Batch [292/300], Loss: 1.2977 (Overall: 0.7300, Change: 1.6948), TF Ratio: 0.942
[2026-06-15 15:11:03,155][root][INFO] - Epoch [1/5], Batch [293/300], Loss: 1.2969 (Overall: 0.8867, Change: 1.1957), TF Ratio: 0.941
[2026-06-15 15:11:03,308][root][INFO] - Epoch [1/5], Batch [294/300], Loss: 1.2962 (Overall: 0.8286, Change: 1.3658), TF Ratio: 0.941
[2026-06-15 15:11:03,461][root][INFO] - Epoch [1/5], Batch [295/300], Loss: 1.2961 (Overall: 0.8969, Change: 1.6366), TF Ratio: 0.941
[2026-06-15 15:11:03,628][root][INFO] - Epoch [1/5], Batch [296/300], Loss: 1.2949 (Overall: 0.7174, Change: 1.1621), TF Ratio: 0.941
[2026-06-15 15:11:03,781][root][INFO] - Epoch [1/5], Batch [297/300], Loss: 1.2950 (Overall: 0.9849, Change: 1.7057), TF Ratio: 0.941
[2026-06-15 15:11:03,933][root][INFO] - Epoch [1/5], Batch [298/300], Loss: 1.2945 (Overall: 1.0207, Change: 1.2452), TF Ratio: 0.940
[2026-06-15 15:11:04,085][root][INFO] - Epoch [1/5], Batch [299/300], Loss: 1.2942 (Overall: 0.8551, Change: 1.5366), TF Ratio: 0.940
[2026-06-15 15:11:04,257][root][INFO] - Epoch [1/5], Batch [300/300], Loss: 1.2932 (Overall: 0.7813, Change: 1.2519), TF Ratio: 0.940
[2026-06-15 15:11:11,741][root][INFO] - Epoch 1 done. Validating...
[2026-06-15 15:11:21,549][root][INFO] - Epoch [1/5] | Train: 1.3041 | Val: 0.8314
[2026-06-15 15:11:21,873][root][INFO] - Checkpoint saved: /gpfs/scratch/bsc32/bsc096444/ai4land-tfm/trained_models/unet_impl/41825121/best_model.pth
[2026-06-15 15:11:22,015][root][INFO] - Checkpoint saved: /gpfs/scratch/bsc32/bsc096444/ai4land-tfm/trained_models/unet_impl/41825121/model_epoch_1.pth
[2026-06-15 15:11:25,001][root][INFO] - Epoch [2/5], Batch [1/300], Loss: 1.3098 (Overall: 0.9401, Change: 1.6794), TF Ratio: 0.940
[2026-06-15 15:11:25,157][root][INFO] - Epoch [2/5], Batch [2/300], Loss: 1.2105 (Overall: 0.8606, Change: 1.3619), TF Ratio: 0.940
[2026-06-15 15:11:25,313][root][INFO] - Epoch [2/5], Batch [3/300], Loss: 1.2248 (Overall: 0.7735, Change: 1.7335), TF Ratio: 0.939
[2026-06-15 15:11:34,285][root][INFO] - Epoch [2/5], Batch [4/300], Loss: 1.2469 (Overall: 0.7219, Change: 1.9041), TF Ratio: 0.939
[2026-06-15 15:11:34,447][root][INFO] - Epoch [2/5], Batch [5/300], Loss: 1.2475 (Overall: 0.9525, Change: 1.5479), TF Ratio: 0.939
[2026-06-15 15:11:34,612][root][INFO] - Epoch [2/5], Batch [6/300], Loss: 1.2191 (Overall: 0.6818, Change: 1.4716), TF Ratio: 0.939
[2026-06-15 15:11:34,765][root][INFO] - Epoch [2/5], Batch [7/300], Loss: 1.2258 (Overall: 1.2175, Change: 1.3148), TF Ratio: 0.939
[2026-06-15 15:11:34,942][root][INFO] - Epoch [2/5], Batch [8/300], Loss: 1.2766 (Overall: 1.1687, Change: 2.0964), TF Ratio: 0.938
[2026-06-15 15:11:35,096][root][INFO] - Epoch [2/5], Batch [9/300], Loss: 1.2629 (Overall: 0.8889, Change: 1.4180), TF Ratio: 0.938
[2026-06-15 15:11:35,261][root][INFO] - Epoch [2/5], Batch [10/300], Loss: 1.2484 (Overall: 0.9155, Change: 1.3195), TF Ratio: 0.938
[2026-06-15 15:11:35,414][root][INFO] - Epoch [2/5], Batch [11/300], Loss: 1.2349 (Overall: 0.7212, Change: 1.4790), TF Ratio: 0.938
[2026-06-15 15:11:35,583][root][INFO] - Epoch [2/5], Batch [12/300], Loss: 1.2123 (Overall: 0.7047, Change: 1.2234), TF Ratio: 0.938
[2026-06-15 15:11:35,736][root][INFO] - Epoch [2/5], Batch [13/300], Loss: 1.2055 (Overall: 0.8967, Change: 1.3504), TF Ratio: 0.937
[2026-06-15 15:11:35,891][root][INFO] - Epoch [2/5], Batch [14/300], Loss: 1.2203 (Overall: 1.3906, Change: 1.4336), TF Ratio: 0.937
[2026-06-15 15:11:36,045][root][INFO] - Epoch [2/5], Batch [15/300], Loss: 1.2106 (Overall: 0.6006, Change: 1.5499), TF Ratio: 0.937
[2026-06-15 15:11:36,225][root][INFO] - Epoch [2/5], Batch [16/300], Loss: 1.2143 (Overall: 0.7890, Change: 1.7520), TF Ratio: 0.937
[2026-06-15 15:11:36,379][root][INFO] - Epoch [2/5], Batch [17/300], Loss: 1.2279 (Overall: 1.0213, Change: 1.8682), TF Ratio: 0.937
[2026-06-15 15:11:36,532][root][INFO] - Epoch [2/5], Batch [18/300], Loss: 1.2246 (Overall: 0.8428, Change: 1.4938), TF Ratio: 0.936
[2026-06-15 15:11:36,687][root][INFO] - Epoch [2/5], Batch [19/300], Loss: 1.2090 (Overall: 0.6514, Change: 1.2042), TF Ratio: 0.936
[2026-06-15 15:11:36,883][root][INFO] - Epoch [2/5], Batch [20/300], Loss: 1.2256 (Overall: 1.3504, Change: 1.7321), TF Ratio: 0.936
[2026-06-15 15:11:37,036][root][INFO] - Epoch [2/5], Batch [21/300], Loss: 1.2468 (Overall: 1.6882, Change: 1.6556), TF Ratio: 0.936
[2026-06-15 15:11:37,188][root][INFO] - Epoch [2/5], Batch [22/300], Loss: 1.2412 (Overall: 0.8371, Change: 1.4103), TF Ratio: 0.936
[2026-06-15 15:11:37,341][root][INFO] - Epoch [2/5], Batch [23/300], Loss: 1.2334 (Overall: 0.7714, Change: 1.3498), TF Ratio: 0.935
[2026-06-15 15:11:37,517][root][INFO] - Epoch [2/5], Batch [24/300], Loss: 1.2294 (Overall: 0.8528, Change: 1.4251), TF Ratio: 0.935
[2026-06-15 15:11:37,673][root][INFO] - Epoch [2/5], Batch [25/300], Loss: 1.2134 (Overall: 0.6900, Change: 0.9661), TF Ratio: 0.935
[2026-06-15 15:11:37,827][root][INFO] - Epoch [2/5], Batch [26/300], Loss: 1.2320 (Overall: 0.8436, Change: 2.5504), TF Ratio: 0.935
[2026-06-15 15:11:37,980][root][INFO] - Epoch [2/5], Batch [27/300], Loss: 1.2322 (Overall: 0.7708, Change: 1.7063), TF Ratio: 0.935
[2026-06-15 15:11:38,145][root][INFO] - Epoch [2/5], Batch [28/300], Loss: 1.2299 (Overall: 0.8621, Change: 1.4701), TF Ratio: 0.934
[2026-06-15 15:11:38,299][root][INFO] - Epoch [2/5], Batch [29/300], Loss: 1.2281 (Overall: 0.7309, Change: 1.6250), TF Ratio: 0.934
[2026-06-15 15:11:38,452][root][INFO] - Epoch [2/5], Batch [30/300], Loss: 1.2256 (Overall: 1.0217, Change: 1.2871), TF Ratio: 0.934
[2026-06-15 15:11:38,605][root][INFO] - Epoch [2/5], Batch [31/300], Loss: 1.2265 (Overall: 0.8781, Change: 1.6289), TF Ratio: 0.934
[2026-06-15 15:11:38,792][root][INFO] - Epoch [2/5], Batch [32/300], Loss: 1.2189 (Overall: 1.0683, Change: 0.8990), TF Ratio: 0.934
[2026-06-15 15:11:38,947][root][INFO] - Epoch [2/5], Batch [33/300], Loss: 1.2155 (Overall: 0.8770, Change: 1.3373), TF Ratio: 0.933
[2026-06-15 15:11:39,106][root][INFO] - Epoch [2/5], Batch [34/300], Loss: 1.2131 (Overall: 1.0106, Change: 1.2574), TF Ratio: 0.933
[2026-06-15 15:11:39,259][root][INFO] - Epoch [2/5], Batch [35/300], Loss: 1.2088 (Overall: 0.8288, Change: 1.2915), TF Ratio: 0.933
[2026-06-15 15:11:39,424][root][INFO] - Epoch [2/5], Batch [36/300], Loss: 1.2108 (Overall: 0.7455, Change: 1.8164), TF Ratio: 0.933
[2026-06-15 15:11:39,578][root][INFO] - Epoch [2/5], Batch [37/300], Loss: 1.2074 (Overall: 0.6963, Change: 1.4737), TF Ratio: 0.933
[2026-06-15 15:11:39,731][root][INFO] - Epoch [2/5], Batch [38/300], Loss: 1.2011 (Overall: 0.6812, Change: 1.2529), TF Ratio: 0.932
[2026-06-15 15:11:39,882][root][INFO] - Epoch [2/5], Batch [39/300], Loss: 1.2019 (Overall: 0.9259, Change: 1.5452), TF Ratio: 0.932
[2026-06-15 15:11:40,792][root][INFO] - Epoch [2/5], Batch [40/300], Loss: 1.1992 (Overall: 0.8002, Change: 1.3814), TF Ratio: 0.932
[2026-06-15 15:11:40,946][root][INFO] - Epoch [2/5], Batch [41/300], Loss: 1.1947 (Overall: 0.7333, Change: 1.2965), TF Ratio: 0.932
[2026-06-15 15:11:41,100][root][INFO] - Epoch [2/5], Batch [42/300], Loss: 1.1887 (Overall: 0.7505, Change: 1.1414), TF Ratio: 0.932
[2026-06-15 15:11:41,253][root][INFO] - Epoch [2/5], Batch [43/300], Loss: 1.1850 (Overall: 0.6514, Change: 1.4034), TF Ratio: 0.931
[2026-06-15 15:11:41,439][root][INFO] - Epoch [2/5], Batch [44/300], Loss: 1.1810 (Overall: 0.7514, Change: 1.2693), TF Ratio: 0.931
[2026-06-15 15:11:41,592][root][INFO] - Epoch [2/5], Batch [45/300], Loss: 1.1787 (Overall: 0.7735, Change: 1.3746), TF Ratio: 0.931
[2026-06-15 15:11:41,746][root][INFO] - Epoch [2/5], Batch [46/300], Loss: 1.1734 (Overall: 0.6705, Change: 1.2062), TF Ratio: 0.931
[2026-06-15 15:11:41,901][root][INFO] - Epoch [2/5], Batch [47/300], Loss: 1.1746 (Overall: 1.0258, Change: 1.4295), TF Ratio: 0.931
[2026-06-15 15:11:42,083][root][INFO] - Epoch [2/5], Batch [48/300], Loss: 1.1747 (Overall: 0.9014, Change: 1.4610), TF Ratio: 0.930
[2026-06-15 15:11:42,236][root][INFO] - Epoch [2/5], Batch [49/300], Loss: 1.1742 (Overall: 0.9082, Change: 1.3934), TF Ratio: 0.930
[2026-06-15 15:11:42,389][root][INFO] - Epoch [2/5], Batch [50/300], Loss: 1.1712 (Overall: 0.6304, Change: 1.4192), TF Ratio: 0.930
[2026-06-15 15:11:42,541][root][INFO] - Epoch [2/5], Batch [51/300], Loss: 1.1713 (Overall: 0.6991, Change: 1.6499), TF Ratio: 0.930
[2026-06-15 15:11:42,714][root][INFO] - Epoch [2/5], Batch [52/300], Loss: 1.1710 (Overall: 0.9887, Change: 1.3194), TF Ratio: 0.930
[2026-06-15 15:11:42,867][root][INFO] - Epoch [2/5], Batch [53/300], Loss: 1.1693 (Overall: 0.6368, Change: 1.5229), TF Ratio: 0.929
[2026-06-15 15:11:43,019][root][INFO] - Epoch [2/5], Batch [54/300], Loss: 1.1691 (Overall: 0.7684, Change: 1.5542), TF Ratio: 0.929
[2026-06-15 15:11:43,172][root][INFO] - Epoch [2/5], Batch [55/300], Loss: 1.1713 (Overall: 0.9307, Change: 1.6466), TF Ratio: 0.929
[2026-06-15 15:11:43,372][root][INFO] - Epoch [2/5], Batch [56/300], Loss: 1.1702 (Overall: 0.8581, Change: 1.3628), TF Ratio: 0.929
[2026-06-15 15:11:43,531][root][INFO] - Epoch [2/5], Batch [57/300], Loss: 1.1662 (Overall: 0.8530, Change: 1.0374), TF Ratio: 0.929
[2026-06-15 15:11:43,685][root][INFO] - Epoch [2/5], Batch [58/300], Loss: 1.1710 (Overall: 0.8470, Change: 2.0404), TF Ratio: 0.928
[2026-06-15 15:11:43,837][root][INFO] - Epoch [2/5], Batch [59/300], Loss: 1.1667 (Overall: 0.6525, Change: 1.1749), TF Ratio: 0.928
[2026-06-15 15:11:44,019][root][INFO] - Epoch [2/5], Batch [60/300], Loss: 1.1646 (Overall: 0.7403, Change: 1.3484), TF Ratio: 0.928
[2026-06-15 15:11:44,173][root][INFO] - Epoch [2/5], Batch [61/300], Loss: 1.1631 (Overall: 0.7131, Change: 1.4335), TF Ratio: 0.928
[2026-06-15 15:11:44,330][root][INFO] - Epoch [2/5], Batch [62/300], Loss: 1.1607 (Overall: 0.8621, Change: 1.1653), TF Ratio: 0.928
[2026-06-15 15:11:44,484][root][INFO] - Epoch [2/5], Batch [63/300], Loss: 1.1577 (Overall: 0.8653, Change: 1.0712), TF Ratio: 0.927
[2026-06-15 15:11:48,010][root][INFO] - Epoch [2/5], Batch [64/300], Loss: 1.1590 (Overall: 0.9327, Change: 1.5547), TF Ratio: 0.927
[2026-06-15 15:11:48,165][root][INFO] - Epoch [2/5], Batch [65/300], Loss: 1.1612 (Overall: 0.9902, Change: 1.6078), TF Ratio: 0.927
[2026-06-15 15:11:48,317][root][INFO] - Epoch [2/5], Batch [66/300], Loss: 1.1601 (Overall: 0.6921, Change: 1.4931), TF Ratio: 0.927
[2026-06-15 15:11:48,469][root][INFO] - Epoch [2/5], Batch [67/300], Loss: 1.1629 (Overall: 0.9934, Change: 1.6993), TF Ratio: 0.927
[2026-06-15 15:11:48,643][root][INFO] - Epoch [2/5], Batch [68/300], Loss: 1.1631 (Overall: 0.6817, Change: 1.6725), TF Ratio: 0.926
[2026-06-15 15:11:48,796][root][INFO] - Epoch [2/5], Batch [69/300], Loss: 1.1662 (Overall: 1.3544, Change: 1.4037), TF Ratio: 0.926
[2026-06-15 15:11:48,954][root][INFO] - Epoch [2/5], Batch [70/300], Loss: 1.1647 (Overall: 0.8017, Change: 1.3169), TF Ratio: 0.926
[2026-06-15 15:11:49,106][root][INFO] - Epoch [2/5], Batch [71/300], Loss: 1.1638 (Overall: 0.7399, Change: 1.4528), TF Ratio: 0.926
[2026-06-15 15:11:49,273][root][INFO] - Epoch [2/5], Batch [72/300], Loss: 1.1628 (Overall: 0.7752, Change: 1.4216), TF Ratio: 0.926
[2026-06-15 15:11:49,426][root][INFO] - Epoch [2/5], Batch [73/300], Loss: 1.1628 (Overall: 0.8450, Change: 1.4751), TF Ratio: 0.925
[2026-06-15 15:11:49,579][root][INFO] - Epoch [2/5], Batch [74/300], Loss: 1.1626 (Overall: 0.9944, Change: 1.2993), TF Ratio: 0.925
[2026-06-15 15:11:49,732][root][INFO] - Epoch [2/5], Batch [75/300], Loss: 1.1611 (Overall: 0.7249, Change: 1.3700), TF Ratio: 0.925
[2026-06-15 15:11:50,164][root][INFO] - Epoch [2/5], Batch [76/300], Loss: 1.1637 (Overall: 0.9647, Change: 1.7532), TF Ratio: 0.925
[2026-06-15 15:11:50,316][root][INFO] - Epoch [2/5], Batch [77/300], Loss: 1.1606 (Overall: 0.7282, Change: 1.1226), TF Ratio: 0.925
[2026-06-15 15:11:50,469][root][INFO] - Epoch [2/5], Batch [78/300], Loss: 1.1658 (Overall: 1.4495, Change: 1.6908), TF Ratio: 0.924
[2026-06-15 15:11:50,621][root][INFO] - Epoch [2/5], Batch [79/300], Loss: 1.1643 (Overall: 0.8645, Change: 1.2344), TF Ratio: 0.924
[2026-06-15 15:11:50,817][root][INFO] - Epoch [2/5], Batch [80/300], Loss: 1.1636 (Overall: 0.8186, Change: 1.3935), TF Ratio: 0.924
[2026-06-15 15:11:50,969][root][INFO] - Epoch [2/5], Batch [81/300], Loss: 1.1602 (Overall: 0.6870, Change: 1.0923), TF Ratio: 0.924
[2026-06-15 15:11:51,122][root][INFO] - Epoch [2/5], Batch [82/300], Loss: 1.1589 (Overall: 0.7647, Change: 1.3330), TF Ratio: 0.924
[2026-06-15 15:11:51,275][root][INFO] - Epoch [2/5], Batch [83/300], Loss: 1.1606 (Overall: 1.1650, Change: 1.4310), TF Ratio: 0.923
[2026-06-15 15:11:51,451][root][INFO] - Epoch [2/5], Batch [84/300], Loss: 1.1581 (Overall: 0.7215, Change: 1.1957), TF Ratio: 0.923
[2026-06-15 15:11:51,608][root][INFO] - Epoch [2/5], Batch [85/300], Loss: 1.1573 (Overall: 0.6925, Change: 1.4865), TF Ratio: 0.923
[2026-06-15 15:11:51,762][root][INFO] - Epoch [2/5], Batch [86/300], Loss: 1.1604 (Overall: 1.1664, Change: 1.6714), TF Ratio: 0.923
[2026-06-15 15:11:51,916][root][INFO] - Epoch [2/5], Batch [87/300], Loss: 1.1577 (Overall: 0.7045, Change: 1.1497), TF Ratio: 0.923
[2026-06-15 15:11:55,043][root][INFO] - Epoch [2/5], Batch [88/300], Loss: 1.1593 (Overall: 1.1465, Change: 1.4494), TF Ratio: 0.922
[2026-06-15 15:11:55,196][root][INFO] - Epoch [2/5], Batch [89/300], Loss: 1.1574 (Overall: 0.8160, Change: 1.1567), TF Ratio: 0.922
[2026-06-15 15:11:55,348][root][INFO] - Epoch [2/5], Batch [90/300], Loss: 1.1569 (Overall: 0.6184, Change: 1.6129), TF Ratio: 0.922
[2026-06-15 15:11:55,500][root][INFO] - Epoch [2/5], Batch [91/300], Loss: 1.1571 (Overall: 0.7674, Change: 1.5888), TF Ratio: 0.922
[2026-06-15 15:11:55,690][root][INFO] - Epoch [2/5], Batch [92/300], Loss: 1.1568 (Overall: 0.7038, Change: 1.5486), TF Ratio: 0.922
[2026-06-15 15:11:55,843][root][INFO] - Epoch [2/5], Batch [93/300], Loss: 1.1550 (Overall: 0.6852, Change: 1.2924), TF Ratio: 0.921
[2026-06-15 15:11:55,996][root][INFO] - Epoch [2/5], Batch [94/300], Loss: 1.1559 (Overall: 0.8303, Change: 1.6498), TF Ratio: 0.921
[2026-06-15 15:11:56,150][root][INFO] - Epoch [2/5], Batch [95/300], Loss: 1.1539 (Overall: 0.6718, Change: 1.2631), TF Ratio: 0.921
[2026-06-15 15:11:56,340][root][INFO] - Epoch [2/5], Batch [96/300], Loss: 1.1538 (Overall: 0.8105, Change: 1.4688), TF Ratio: 0.921
[2026-06-15 15:11:56,495][root][INFO] - Epoch [2/5], Batch [97/300], Loss: 1.1516 (Overall: 0.6961, Change: 1.1905), TF Ratio: 0.921
[2026-06-15 15:11:56,649][root][INFO] - Epoch [2/5], Batch [98/300], Loss: 1.1501 (Overall: 0.7682, Change: 1.2503), TF Ratio: 0.920
[2026-06-15 15:11:56,801][root][INFO] - Epoch [2/5], Batch [99/300], Loss: 1.1504 (Overall: 1.0404, Change: 1.3206), TF Ratio: 0.920
[2026-06-15 15:11:56,979][root][INFO] - Epoch [2/5], Batch [100/300], Loss: 1.1511 (Overall: 0.8954, Change: 1.5348), TF Ratio: 0.920
[2026-06-15 15:11:57,132][root][INFO] - Epoch [2/5], Batch [101/300], Loss: 1.1500 (Overall: 0.6549, Change: 1.4242), TF Ratio: 0.920
[2026-06-15 15:11:57,284][root][INFO] - Epoch [2/5], Batch [102/300], Loss: 1.1513 (Overall: 1.0218, Change: 1.5375), TF Ratio: 0.920
[2026-06-15 15:11:57,436][root][INFO] - Epoch [2/5], Batch [103/300], Loss: 1.1498 (Overall: 0.7252, Change: 1.2773), TF Ratio: 0.919
[2026-06-15 15:11:57,618][root][INFO] - Epoch [2/5], Batch [104/300], Loss: 1.1513 (Overall: 1.0360, Change: 1.5861), TF Ratio: 0.919
[2026-06-15 15:11:57,771][root][INFO] - Epoch [2/5], Batch [105/300], Loss: 1.1518 (Overall: 1.1076, Change: 1.2933), TF Ratio: 0.919
[2026-06-15 15:11:57,922][root][INFO] - Epoch [2/5], Batch [106/300], Loss: 1.1529 (Overall: 1.0150, Change: 1.5129), TF Ratio: 0.919
[2026-06-15 15:11:58,074][root][INFO] - Epoch [2/5], Batch [107/300], Loss: 1.1501 (Overall: 0.5961, Change: 1.1080), TF Ratio: 0.919
[2026-06-15 15:11:58,247][root][INFO] - Epoch [2/5], Batch [108/300], Loss: 1.1496 (Overall: 0.9679, Change: 1.2330), TF Ratio: 0.918
[2026-06-15 15:11:58,400][root][INFO] - Epoch [2/5], Batch [109/300], Loss: 1.1516 (Overall: 0.9094, Change: 1.8231), TF Ratio: 0.918
[2026-06-15 15:11:58,562][root][INFO] - Epoch [2/5], Batch [110/300], Loss: 1.1511 (Overall: 0.7821, Change: 1.4104), TF Ratio: 0.918
[2026-06-15 15:11:58,716][root][INFO] - Epoch [2/5], Batch [111/300], Loss: 1.1551 (Overall: 0.7436, Change: 2.4595), TF Ratio: 0.918
[2026-06-15 15:11:59,717][root][INFO] - Epoch [2/5], Batch [112/300], Loss: 1.1544 (Overall: 0.7899, Change: 1.3489), TF Ratio: 0.918
[2026-06-15 15:11:59,870][root][INFO] - Epoch [2/5], Batch [113/300], Loss: 1.1568 (Overall: 1.1477, Change: 1.7121), TF Ratio: 0.917
[2026-06-15 15:12:01,247][root][INFO] - Epoch [2/5], Batch [114/300], Loss: 1.1580 (Overall: 1.0519, Change: 1.5254), TF Ratio: 0.917
[2026-06-15 15:12:01,400][root][INFO] - Epoch [2/5], Batch [115/300], Loss: 1.1586 (Overall: 0.9678, Change: 1.4974), TF Ratio: 0.917
[2026-06-15 15:12:01,567][root][INFO] - Epoch [2/5], Batch [116/300], Loss: 1.1579 (Overall: 0.8563, Change: 1.2950), TF Ratio: 0.917
[2026-06-15 15:12:01,720][root][INFO] - Epoch [2/5], Batch [117/300], Loss: 1.1603 (Overall: 1.1176, Change: 1.7478), TF Ratio: 0.917
[2026-06-15 15:12:01,872][root][INFO] - Epoch [2/5], Batch [118/300], Loss: 1.1590 (Overall: 0.9074, Change: 1.1257), TF Ratio: 0.916
[2026-06-15 15:12:02,025][root][INFO] - Epoch [2/5], Batch [119/300], Loss: 1.1576 (Overall: 0.8715, Change: 1.1137), TF Ratio: 0.916
[2026-06-15 15:12:02,204][root][INFO] - Epoch [2/5], Batch [120/300], Loss: 1.1566 (Overall: 0.9034, Change: 1.1695), TF Ratio: 0.916
[2026-06-15 15:12:02,356][root][INFO] - Epoch [2/5], Batch [121/300], Loss: 1.1566 (Overall: 0.8219, Change: 1.4769), TF Ratio: 0.916
[2026-06-15 15:12:02,508][root][INFO] - Epoch [2/5], Batch [122/300], Loss: 1.1561 (Overall: 0.7740, Change: 1.4209), TF Ratio: 0.916
[2026-06-15 15:12:02,660][root][INFO] - Epoch [2/5], Batch [123/300], Loss: 1.1559 (Overall: 0.7462, Change: 1.5271), TF Ratio: 0.915
[2026-06-15 15:12:05,800][root][INFO] - Epoch [2/5], Batch [124/300], Loss: 1.1529 (Overall: 0.7825, Change: 0.7800), TF Ratio: 0.915
[2026-06-15 15:12:05,979][root][INFO] - Epoch [2/5], Batch [125/300], Loss: 1.1531 (Overall: 0.9936, Change: 1.3738), TF Ratio: 0.915
[2026-06-15 15:12:06,133][root][INFO] - Epoch [2/5], Batch [126/300], Loss: 1.1534 (Overall: 0.8580, Change: 1.4988), TF Ratio: 0.915
[2026-06-15 15:12:06,287][root][INFO] - Epoch [2/5], Batch [127/300], Loss: 1.1518 (Overall: 0.6077, Change: 1.3167), TF Ratio: 0.915
[2026-06-15 15:12:06,453][root][INFO] - Epoch [2/5], Batch [128/300], Loss: 1.1525 (Overall: 1.0863, Change: 1.3747), TF Ratio: 0.914
[2026-06-15 15:12:06,606][root][INFO] - Epoch [2/5], Batch [129/300], Loss: 1.1528 (Overall: 0.8684, Change: 1.5308), TF Ratio: 0.914
[2026-06-15 15:12:06,760][root][INFO] - Epoch [2/5], Batch [130/300], Loss: 1.1518 (Overall: 0.8138, Change: 1.2364), TF Ratio: 0.914
[2026-06-15 15:12:06,914][root][INFO] - Epoch [2/5], Batch [131/300], Loss: 1.1502 (Overall: 0.5264, Change: 1.3499), TF Ratio: 0.914
[2026-06-15 15:12:07,101][root][INFO] - Epoch [2/5], Batch [132/300], Loss: 1.1481 (Overall: 0.6854, Change: 1.0494), TF Ratio: 0.914
[2026-06-15 15:12:07,263][root][INFO] - Epoch [2/5], Batch [133/300], Loss: 1.1493 (Overall: 0.9412, Change: 1.6857), TF Ratio: 0.913
[2026-06-15 15:12:07,418][root][INFO] - Epoch [2/5], Batch [134/300], Loss: 1.1502 (Overall: 0.8515, Change: 1.6898), TF Ratio: 0.913
[2026-06-15 15:12:07,570][root][INFO] - Epoch [2/5], Batch [135/300], Loss: 1.1504 (Overall: 0.6325, Change: 1.7180), TF Ratio: 0.913
[2026-06-15 15:12:10,551][root][INFO] - Epoch [2/5], Batch [136/300], Loss: 1.1509 (Overall: 0.6321, Change: 1.7906), TF Ratio: 0.913
[2026-06-15 15:12:10,704][root][INFO] - Epoch [2/5], Batch [137/300], Loss: 1.1520 (Overall: 0.8973, Change: 1.7088), TF Ratio: 0.913
[2026-06-15 15:12:10,856][root][INFO] - Epoch [2/5], Batch [138/300], Loss: 1.1517 (Overall: 0.7613, Change: 1.4812), TF Ratio: 0.912
[2026-06-15 15:12:11,008][root][INFO] - Epoch [2/5], Batch [139/300], Loss: 1.1518 (Overall: 0.6307, Change: 1.6881), TF Ratio: 0.912
[2026-06-15 15:12:11,188][root][INFO] - Epoch [2/5], Batch [140/300], Loss: 1.1506 (Overall: 0.7249, Change: 1.2491), TF Ratio: 0.912
[2026-06-15 15:12:11,342][root][INFO] - Epoch [2/5], Batch [141/300], Loss: 1.1489 (Overall: 0.7316, Change: 1.0867), TF Ratio: 0.912
[2026-06-15 15:12:11,494][root][INFO] - Epoch [2/5], Batch [142/300], Loss: 1.1497 (Overall: 0.8654, Change: 1.6675), TF Ratio: 0.912
[2026-06-15 15:12:11,649][root][INFO] - Epoch [2/5], Batch [143/300], Loss: 1.1482 (Overall: 0.5345, Change: 1.3232), TF Ratio: 0.911
[2026-06-15 15:12:11,845][root][INFO] - Epoch [2/5], Batch [144/300], Loss: 1.1484 (Overall: 0.8680, Change: 1.4911), TF Ratio: 0.911
[2026-06-15 15:12:11,999][root][INFO] - Epoch [2/5], Batch [145/300], Loss: 1.1479 (Overall: 0.7387, Change: 1.4190), TF Ratio: 0.911
[2026-06-15 15:12:12,152][root][INFO] - Epoch [2/5], Batch [146/300], Loss: 1.1464 (Overall: 0.6561, Change: 1.1798), TF Ratio: 0.911
[2026-06-15 15:12:12,316][root][INFO] - Epoch [2/5], Batch [147/300], Loss: 1.1449 (Overall: 0.6535, Change: 1.2138), TF Ratio: 0.911
[2026-06-15 15:12:12,535][root][INFO] - Epoch [2/5], Batch [148/300], Loss: 1.1443 (Overall: 0.5796, Change: 1.5307), TF Ratio: 0.910
[2026-06-15 15:12:12,689][root][INFO] - Epoch [2/5], Batch [149/300], Loss: 1.1416 (Overall: 0.7065, Change: 0.7915), TF Ratio: 0.910
[2026-06-15 15:12:12,845][root][INFO] - Epoch [2/5], Batch [150/300], Loss: 1.1417 (Overall: 0.7917, Change: 1.5192), TF Ratio: 0.910
[2026-06-15 15:12:13,001][root][INFO] - Epoch [2/5], Batch [151/300], Loss: 1.1403 (Overall: 0.7955, Change: 1.0467), TF Ratio: 0.910
[2026-06-15 15:12:13,179][root][INFO] - Epoch [2/5], Batch [152/300], Loss: 1.1405 (Overall: 0.6657, Change: 1.6814), TF Ratio: 0.910
[2026-06-15 15:12:13,332][root][INFO] - Epoch [2/5], Batch [153/300], Loss: 1.1399 (Overall: 0.5497, Change: 1.5494), TF Ratio: 0.909
[2026-06-15 15:12:13,485][root][INFO] - Epoch [2/5], Batch [154/300], Loss: 1.1407 (Overall: 1.2305, Change: 1.3084), TF Ratio: 0.909
[2026-06-15 15:12:13,642][root][INFO] - Epoch [2/5], Batch [155/300], Loss: 1.1393 (Overall: 0.6652, Change: 1.1837), TF Ratio: 0.909
[2026-06-15 15:12:13,813][root][INFO] - Epoch [2/5], Batch [156/300], Loss: 1.1388 (Overall: 0.7124, Change: 1.3968), TF Ratio: 0.909
[2026-06-15 15:12:13,967][root][INFO] - Epoch [2/5], Batch [157/300], Loss: 1.1383 (Overall: 1.0203, Change: 1.1018), TF Ratio: 0.909
[2026-06-15 15:12:14,140][root][INFO] - Epoch [2/5], Batch [158/300], Loss: 1.1383 (Overall: 0.7452, Change: 1.5192), TF Ratio: 0.908
[2026-06-15 15:12:14,295][root][INFO] - Epoch [2/5], Batch [159/300], Loss: 1.1387 (Overall: 0.9569, Change: 1.4628), TF Ratio: 0.908
[2026-06-15 15:12:14,471][root][INFO] - Epoch [2/5], Batch [160/300], Loss: 1.1378 (Overall: 0.6953, Change: 1.2976), TF Ratio: 0.908
[2026-06-15 15:12:14,625][root][INFO] - Epoch [2/5], Batch [161/300], Loss: 1.1394 (Overall: 1.1929, Change: 1.5763), TF Ratio: 0.908
[2026-06-15 15:12:14,778][root][INFO] - Epoch [2/5], Batch [162/300], Loss: 1.1372 (Overall: 0.5523, Change: 1.0151), TF Ratio: 0.908
[2026-06-15 15:12:14,931][root][INFO] - Epoch [2/5], Batch [163/300], Loss: 1.1363 (Overall: 0.7828, Change: 1.2097), TF Ratio: 0.907
[2026-06-15 15:12:15,113][root][INFO] - Epoch [2/5], Batch [164/300], Loss: 1.1375 (Overall: 0.6666, Change: 1.9834), TF Ratio: 0.907
[2026-06-15 15:12:15,267][root][INFO] - Epoch [2/5], Batch [165/300], Loss: 1.1388 (Overall: 0.9827, Change: 1.7358), TF Ratio: 0.907
[2026-06-15 15:12:15,419][root][INFO] - Epoch [2/5], Batch [166/300], Loss: 1.1396 (Overall: 0.9367, Change: 1.6168), TF Ratio: 0.907
[2026-06-15 15:12:15,571][root][INFO] - Epoch [2/5], Batch [167/300], Loss: 1.1383 (Overall: 0.8202, Change: 1.0106), TF Ratio: 0.907
[2026-06-15 15:12:15,742][root][INFO] - Epoch [2/5], Batch [168/300], Loss: 1.1394 (Overall: 1.0637, Change: 1.5765), TF Ratio: 0.906
[2026-06-15 15:12:15,895][root][INFO] - Epoch [2/5], Batch [169/300], Loss: 1.1405 (Overall: 0.7236, Change: 1.9525), TF Ratio: 0.906
[2026-06-15 15:12:16,048][root][INFO] - Epoch [2/5], Batch [170/300], Loss: 1.1378 (Overall: 0.5491, Change: 0.8155), TF Ratio: 0.906
[2026-06-15 15:12:16,201][root][INFO] - Epoch [2/5], Batch [171/300], Loss: 1.1371 (Overall: 0.7962, Change: 1.2335), TF Ratio: 0.906
[2026-06-15 15:12:16,382][root][INFO] - Epoch [2/5], Batch [172/300], Loss: 1.1384 (Overall: 1.0868, Change: 1.6122), TF Ratio: 0.906
[2026-06-15 15:12:16,536][root][INFO] - Epoch [2/5], Batch [173/300], Loss: 1.1384 (Overall: 0.8186, Change: 1.4598), TF Ratio: 0.905
[2026-06-15 15:12:16,697][root][INFO] - Epoch [2/5], Batch [174/300], Loss: 1.1366 (Overall: 0.6871, Change: 0.9659), TF Ratio: 0.905
[2026-06-15 15:12:16,850][root][INFO] - Epoch [2/5], Batch [175/300], Loss: 1.1375 (Overall: 0.9414, Change: 1.6616), TF Ratio: 0.905
[2026-06-15 15:12:17,214][root][INFO] - Epoch [2/5], Batch [176/300], Loss: 1.1373 (Overall: 1.0240, Change: 1.1803), TF Ratio: 0.905
[2026-06-15 15:12:17,367][root][INFO] - Epoch [2/5], Batch [177/300], Loss: 1.1379 (Overall: 1.0143, Change: 1.4535), TF Ratio: 0.905
[2026-06-15 15:12:17,527][root][INFO] - Epoch [2/5], Batch [178/300], Loss: 1.1381 (Overall: 1.0477, Change: 1.3015), TF Ratio: 0.904
[2026-06-15 15:12:17,680][root][INFO] - Epoch [2/5], Batch [179/300], Loss: 1.1372 (Overall: 0.7068, Change: 1.2707), TF Ratio: 0.904
[2026-06-15 15:12:17,870][root][INFO] - Epoch [2/5], Batch [180/300], Loss: 1.1368 (Overall: 0.6005, Change: 1.5218), TF Ratio: 0.904
[2026-06-15 15:12:18,056][root][INFO] - Epoch [2/5], Batch [181/300], Loss: 1.1377 (Overall: 1.0428, Change: 1.5357), TF Ratio: 0.904
[2026-06-15 15:12:18,208][root][INFO] - Epoch [2/5], Batch [182/300], Loss: 1.1372 (Overall: 0.7964, Change: 1.3114), TF Ratio: 0.904
[2026-06-15 15:12:18,360][root][INFO] - Epoch [2/5], Batch [183/300], Loss: 1.1369 (Overall: 0.8189, Change: 1.3347), TF Ratio: 0.903
[2026-06-15 15:12:18,549][root][INFO] - Epoch [2/5], Batch [184/300], Loss: 1.1364 (Overall: 0.8168, Change: 1.2777), TF Ratio: 0.903
[2026-06-15 15:12:18,709][root][INFO] - Epoch [2/5], Batch [185/300], Loss: 1.1366 (Overall: 0.8357, Change: 1.5350), TF Ratio: 0.903
[2026-06-15 15:12:18,863][root][INFO] - Epoch [2/5], Batch [186/300], Loss: 1.1356 (Overall: 0.9418, Change: 0.9532), TF Ratio: 0.903
[2026-06-15 15:12:19,018][root][INFO] - Epoch [2/5], Batch [187/300], Loss: 1.1347 (Overall: 0.5455, Change: 1.3825), TF Ratio: 0.903
[2026-06-15 15:12:19,207][root][INFO] - Epoch [2/5], Batch [188/300], Loss: 1.1364 (Overall: 0.7550, Change: 2.1357), TF Ratio: 0.902
[2026-06-15 15:12:19,369][root][INFO] - Epoch [2/5], Batch [189/300], Loss: 1.1360 (Overall: 0.7465, Change: 1.3873), TF Ratio: 0.902
[2026-06-15 15:12:19,522][root][INFO] - Epoch [2/5], Batch [190/300], Loss: 1.1339 (Overall: 0.6481, Change: 0.8334), TF Ratio: 0.902
[2026-06-15 15:12:19,675][root][INFO] - Epoch [2/5], Batch [191/300], Loss: 1.1320 (Overall: 0.5936, Change: 0.9369), TF Ratio: 0.902
[2026-06-15 15:12:19,844][root][INFO] - Epoch [2/5], Batch [192/300], Loss: 1.1321 (Overall: 0.7294, Change: 1.5777), TF Ratio: 0.902
[2026-06-15 15:12:20,004][root][INFO] - Epoch [2/5], Batch [193/300], Loss: 1.1323 (Overall: 0.7702, Change: 1.5845), TF Ratio: 0.901
[2026-06-15 15:12:20,156][root][INFO] - Epoch [2/5], Batch [194/300], Loss: 1.1328 (Overall: 0.9094, Change: 1.5185), TF Ratio: 0.901
[2026-06-15 15:12:20,308][root][INFO] - Epoch [2/5], Batch [195/300], Loss: 1.1335 (Overall: 0.8198, Change: 1.7338), TF Ratio: 0.901
[2026-06-15 15:12:20,481][root][INFO] - Epoch [2/5], Batch [196/300], Loss: 1.1327 (Overall: 0.8974, Change: 1.0484), TF Ratio: 0.901
[2026-06-15 15:12:20,635][root][INFO] - Epoch [2/5], Batch [197/300], Loss: 1.1314 (Overall: 0.7217, Change: 1.0256), TF Ratio: 0.901
[2026-06-15 15:12:20,788][root][INFO] - Epoch [2/5], Batch [198/300], Loss: 1.1309 (Overall: 0.6902, Change: 1.3808), TF Ratio: 0.900
[2026-06-15 15:12:20,951][root][INFO] - Epoch [2/5], Batch [199/300], Loss: 1.1313 (Overall: 1.0712, Change: 1.3635), TF Ratio: 0.900
[2026-06-15 15:12:23,002][root][INFO] - Epoch [2/5], Batch [200/300], Loss: 1.1307 (Overall: 0.6220, Change: 1.4048), TF Ratio: 0.900
[2026-06-15 15:12:23,155][root][INFO] - Epoch [2/5], Batch [201/300], Loss: 1.1300 (Overall: 0.6318, Change: 1.3615), TF Ratio: 0.900
[2026-06-15 15:12:23,308][root][INFO] - Epoch [2/5], Batch [202/300], Loss: 1.1300 (Overall: 0.6326, Change: 1.6077), TF Ratio: 0.900
[2026-06-15 15:12:23,460][root][INFO] - Epoch [2/5], Batch [203/300], Loss: 1.1299 (Overall: 0.7926, Change: 1.4134), TF Ratio: 0.899
[2026-06-15 15:12:25,663][root][INFO] - Epoch [2/5], Batch [204/300], Loss: 1.1288 (Overall: 0.5979, Change: 1.2433), TF Ratio: 0.899
[2026-06-15 15:12:25,817][root][INFO] - Epoch [2/5], Batch [205/300], Loss: 1.1288 (Overall: 0.8787, Change: 1.3739), TF Ratio: 0.899
[2026-06-15 15:12:25,971][root][INFO] - Epoch [2/5], Batch [206/300], Loss: 1.1285 (Overall: 0.8684, Change: 1.2452), TF Ratio: 0.899
[2026-06-15 15:12:26,137][root][INFO] - Epoch [2/5], Batch [207/300], Loss: 1.1295 (Overall: 0.7877, Change: 1.8950), TF Ratio: 0.899
[2026-06-15 15:12:26,384][root][INFO] - Epoch [2/5], Batch [208/300], Loss: 1.1300 (Overall: 1.0388, Change: 1.4452), TF Ratio: 0.898
[2026-06-15 15:12:26,537][root][INFO] - Epoch [2/5], Batch [209/300], Loss: 1.1295 (Overall: 0.8910, Change: 1.1256), TF Ratio: 0.898
[2026-06-15 15:12:26,690][root][INFO] - Epoch [2/5], Batch [210/300], Loss: 1.1281 (Overall: 0.5735, Change: 1.1135), TF Ratio: 0.898
[2026-06-15 15:12:26,847][root][INFO] - Epoch [2/5], Batch [211/300], Loss: 1.1278 (Overall: 0.6227, Change: 1.4938), TF Ratio: 0.898
[2026-06-15 15:12:27,032][root][INFO] - Epoch [2/5], Batch [212/300], Loss: 1.1273 (Overall: 0.7045, Change: 1.3548), TF Ratio: 0.898
[2026-06-15 15:12:27,186][root][INFO] - Epoch [2/5], Batch [213/300], Loss: 1.1276 (Overall: 0.6643, Change: 1.7344), TF Ratio: 0.897
[2026-06-15 15:12:27,340][root][INFO] - Epoch [2/5], Batch [214/300], Loss: 1.1283 (Overall: 1.0032, Change: 1.5245), TF Ratio: 0.897
[2026-06-15 15:12:27,494][root][INFO] - Epoch [2/5], Batch [215/300], Loss: 1.1262 (Overall: 0.8393, Change: 0.5143), TF Ratio: 0.897
[2026-06-15 15:12:31,944][root][INFO] - Epoch [2/5], Batch [216/300], Loss: 1.1255 (Overall: 0.7382, Change: 1.2172), TF Ratio: 0.897
[2026-06-15 15:12:32,098][root][INFO] - Epoch [2/5], Batch [217/300], Loss: 1.1258 (Overall: 0.7852, Change: 1.5870), TF Ratio: 0.897
[2026-06-15 15:12:32,250][root][INFO] - Epoch [2/5], Batch [218/300], Loss: 1.1238 (Overall: 0.6896, Change: 0.6866), TF Ratio: 0.896
[2026-06-15 15:12:32,410][root][INFO] - Epoch [2/5], Batch [219/300], Loss: 1.1238 (Overall: 0.8037, Change: 1.4665), TF Ratio: 0.896
[2026-06-15 15:12:32,575][root][INFO] - Epoch [2/5], Batch [220/300], Loss: 1.1251 (Overall: 0.9694, Change: 1.8254), TF Ratio: 0.896
[2026-06-15 15:12:32,728][root][INFO] - Epoch [2/5], Batch [221/300], Loss: 1.1245 (Overall: 0.7510, Change: 1.2569), TF Ratio: 0.896
[2026-06-15 15:12:32,881][root][INFO] - Epoch [2/5], Batch [222/300], Loss: 1.1241 (Overall: 0.6910, Change: 1.3698), TF Ratio: 0.896
[2026-06-15 15:12:33,034][root][INFO] - Epoch [2/5], Batch [223/300], Loss: 1.1231 (Overall: 0.6284, Change: 1.1584), TF Ratio: 0.895
[2026-06-15 15:12:33,221][root][INFO] - Epoch [2/5], Batch [224/300], Loss: 1.1245 (Overall: 1.1567, Change: 1.7220), TF Ratio: 0.895
[2026-06-15 15:12:33,375][root][INFO] - Epoch [2/5], Batch [225/300], Loss: 1.1243 (Overall: 0.6765, Change: 1.5081), TF Ratio: 0.895
[2026-06-15 15:12:33,528][root][INFO] - Epoch [2/5], Batch [226/300], Loss: 1.1236 (Overall: 0.7110, Change: 1.2186), TF Ratio: 0.895
[2026-06-15 15:12:33,687][root][INFO] - Epoch [2/5], Batch [227/300], Loss: 1.1235 (Overall: 0.6885, Change: 1.4816), TF Ratio: 0.895
[2026-06-15 15:12:34,537][root][INFO] - Epoch [2/5], Batch [228/300], Loss: 1.1234 (Overall: 0.5925, Change: 1.6258), TF Ratio: 0.894
[2026-06-15 15:12:34,691][root][INFO] - Epoch [2/5], Batch [229/300], Loss: 1.1227 (Overall: 0.8530, Change: 1.0613), TF Ratio: 0.894
[2026-06-15 15:12:34,845][root][INFO] - Epoch [2/5], Batch [230/300], Loss: 1.1227 (Overall: 0.7780, Change: 1.4693), TF Ratio: 0.894
[2026-06-15 15:12:34,997][root][INFO] - Epoch [2/5], Batch [231/300], Loss: 1.1225 (Overall: 0.6681, Change: 1.4852), TF Ratio: 0.894
[2026-06-15 15:12:35,188][root][INFO] - Epoch [2/5], Batch [232/300], Loss: 1.1215 (Overall: 0.7448, Change: 1.0650), TF Ratio: 0.894
[2026-06-15 15:12:35,342][root][INFO] - Epoch [2/5], Batch [233/300], Loss: 1.1218 (Overall: 0.8268, Change: 1.5347), TF Ratio: 0.893
[2026-06-15 15:12:35,495][root][INFO] - Epoch [2/5], Batch [234/300], Loss: 1.1216 (Overall: 0.7609, Change: 1.3990), TF Ratio: 0.893
[2026-06-15 15:12:35,657][root][INFO] - Epoch [2/5], Batch [235/300], Loss: 1.1231 (Overall: 1.4504, Change: 1.4925), TF Ratio: 0.893
[2026-06-15 15:12:35,834][root][INFO] - Epoch [2/5], Batch [236/300], Loss: 1.1236 (Overall: 1.0518, Change: 1.4309), TF Ratio: 0.893
[2026-06-15 15:12:35,992][root][INFO] - Epoch [2/5], Batch [237/300], Loss: 1.1235 (Overall: 0.6846, Change: 1.5390), TF Ratio: 0.893
[2026-06-15 15:12:36,146][root][INFO] - Epoch [2/5], Batch [238/300], Loss: 1.1231 (Overall: 0.7013, Change: 1.3456), TF Ratio: 0.892
[2026-06-15 15:12:36,301][root][INFO] - Epoch [2/5], Batch [239/300], Loss: 1.1226 (Overall: 0.6754, Change: 1.2988), TF Ratio: 0.892
[2026-06-15 15:12:37,687][root][INFO] - Epoch [2/5], Batch [240/300], Loss: 1.1235 (Overall: 0.9927, Change: 1.6901), TF Ratio: 0.892
[2026-06-15 15:12:37,840][root][INFO] - Epoch [2/5], Batch [241/300], Loss: 1.1232 (Overall: 0.7393, Change: 1.3985), TF Ratio: 0.892
[2026-06-15 15:12:37,992][root][INFO] - Epoch [2/5], Batch [242/300], Loss: 1.1216 (Overall: 0.5364, Change: 0.9160), TF Ratio: 0.892
[2026-06-15 15:12:38,144][root][INFO] - Epoch [2/5], Batch [243/300], Loss: 1.1208 (Overall: 0.7192, Change: 1.1464), TF Ratio: 0.891
[2026-06-15 15:12:38,327][root][INFO] - Epoch [2/5], Batch [244/300], Loss: 1.1205 (Overall: 0.7565, Change: 1.3295), TF Ratio: 0.891
[2026-06-15 15:12:38,479][root][INFO] - Epoch [2/5], Batch [245/300], Loss: 1.1210 (Overall: 1.1602, Change: 1.3081), TF Ratio: 0.891
[2026-06-15 15:12:38,632][root][INFO] - Epoch [2/5], Batch [246/300], Loss: 1.1215 (Overall: 0.9950, Change: 1.5044), TF Ratio: 0.891
[2026-06-15 15:12:38,791][root][INFO] - Epoch [2/5], Batch [247/300], Loss: 1.1213 (Overall: 0.8173, Change: 1.3265), TF Ratio: 0.891
[2026-06-15 15:12:38,957][root][INFO] - Epoch [2/5], Batch [248/300], Loss: 1.1206 (Overall: 0.4803, Change: 1.4169), TF Ratio: 0.890
[2026-06-15 15:12:39,113][root][INFO] - Epoch [2/5], Batch [249/300], Loss: 1.1198 (Overall: 0.6956, Change: 1.1701), TF Ratio: 0.890
[2026-06-15 15:12:39,265][root][INFO] - Epoch [2/5], Batch [250/300], Loss: 1.1198 (Overall: 0.8085, Change: 1.3992), TF Ratio: 0.890
[2026-06-15 15:12:39,417][root][INFO] - Epoch [2/5], Batch [251/300], Loss: 1.1191 (Overall: 0.6819, Change: 1.1963), TF Ratio: 0.890
[2026-06-15 15:12:39,598][root][INFO] - Epoch [2/5], Batch [252/300], Loss: 1.1197 (Overall: 1.0194, Change: 1.5182), TF Ratio: 0.890
[2026-06-15 15:12:39,751][root][INFO] - Epoch [2/5], Batch [253/300], Loss: 1.1182 (Overall: 0.6642, Change: 0.8403), TF Ratio: 0.889
[2026-06-15 15:12:39,903][root][INFO] - Epoch [2/5], Batch [254/300], Loss: 1.1179 (Overall: 0.6150, Change: 1.4774), TF Ratio: 0.889
[2026-06-15 15:12:40,056][root][INFO] - Epoch [2/5], Batch [255/300], Loss: 1.1191 (Overall: 1.2623, Change: 1.5873), TF Ratio: 0.889
[2026-06-15 15:12:40,226][root][INFO] - Epoch [2/5], Batch [256/300], Loss: 1.1194 (Overall: 0.8750, Change: 1.5046), TF Ratio: 0.889
[2026-06-15 15:12:40,379][root][INFO] - Epoch [2/5], Batch [257/300], Loss: 1.1186 (Overall: 0.6587, Change: 1.1969), TF Ratio: 0.889
[2026-06-15 15:12:40,531][root][INFO] - Epoch [2/5], Batch [258/300], Loss: 1.1182 (Overall: 0.7345, Change: 1.2773), TF Ratio: 0.888
[2026-06-15 15:12:40,683][root][INFO] - Epoch [2/5], Batch [259/300], Loss: 1.1172 (Overall: 0.5494, Change: 1.1666), TF Ratio: 0.888
[2026-06-15 15:12:40,877][root][INFO] - Epoch [2/5], Batch [260/300], Loss: 1.1175 (Overall: 0.8606, Change: 1.5269), TF Ratio: 0.888
[2026-06-15 15:12:41,031][root][INFO] - Epoch [2/5], Batch [261/300], Loss: 1.1179 (Overall: 1.0364, Change: 1.4258), TF Ratio: 0.888
[2026-06-15 15:12:41,184][root][INFO] - Epoch [2/5], Batch [262/300], Loss: 1.1172 (Overall: 0.6750, Change: 1.1527), TF Ratio: 0.888
[2026-06-15 15:12:41,344][root][INFO] - Epoch [2/5], Batch [263/300], Loss: 1.1174 (Overall: 0.9178, Change: 1.4373), TF Ratio: 0.887
[2026-06-15 15:12:45,697][root][INFO] - Epoch [2/5], Batch [264/300], Loss: 1.1165 (Overall: 0.6730, Change: 1.0734), TF Ratio: 0.887
[2026-06-15 15:12:45,850][root][INFO] - Epoch [2/5], Batch [265/300], Loss: 1.1176 (Overall: 1.1545, Change: 1.6572), TF Ratio: 0.887
[2026-06-15 15:12:46,002][root][INFO] - Epoch [2/5], Batch [266/300], Loss: 1.1178 (Overall: 0.6818, Change: 1.6852), TF Ratio: 0.887
[2026-06-15 15:12:46,156][root][INFO] - Epoch [2/5], Batch [267/300], Loss: 1.1173 (Overall: 0.6693, Change: 1.2928), TF Ratio: 0.887
[2026-06-15 15:12:46,330][root][INFO] - Epoch [2/5], Batch [268/300], Loss: 1.1184 (Overall: 1.2358, Change: 1.5837), TF Ratio: 0.886
[2026-06-15 15:12:46,484][root][INFO] - Epoch [2/5], Batch [269/300], Loss: 1.1175 (Overall: 0.6258, Change: 1.1622), TF Ratio: 0.886
[2026-06-15 15:12:46,636][root][INFO] - Epoch [2/5], Batch [270/300], Loss: 1.1176 (Overall: 0.8080, Change: 1.4662), TF Ratio: 0.886
[2026-06-15 15:12:46,789][root][INFO] - Epoch [2/5], Batch [271/300], Loss: 1.1177 (Overall: 0.8656, Change: 1.3977), TF Ratio: 0.886
[2026-06-15 15:12:46,973][root][INFO] - Epoch [2/5], Batch [272/300], Loss: 1.1174 (Overall: 0.8311, Change: 1.2785), TF Ratio: 0.886
[2026-06-15 15:12:47,127][root][INFO] - Epoch [2/5], Batch [273/300], Loss: 1.1170 (Overall: 0.7541, Change: 1.2189), TF Ratio: 0.885
[2026-06-15 15:12:47,280][root][INFO] - Epoch [2/5], Batch [274/300], Loss: 1.1166 (Overall: 0.6358, Change: 1.3975), TF Ratio: 0.885
[2026-06-15 15:12:47,439][root][INFO] - Epoch [2/5], Batch [275/300], Loss: 1.1162 (Overall: 0.6285, Change: 1.3767), TF Ratio: 0.885
[2026-06-15 15:12:47,608][root][INFO] - Epoch [2/5], Batch [276/300], Loss: 1.1160 (Overall: 0.6891, Change: 1.4453), TF Ratio: 0.885
[2026-06-15 15:12:47,765][root][INFO] - Epoch [2/5], Batch [277/300], Loss: 1.1155 (Overall: 0.7774, Change: 1.1691), TF Ratio: 0.885
[2026-06-15 15:12:47,927][root][INFO] - Epoch [2/5], Batch [278/300], Loss: 1.1155 (Overall: 0.7769, Change: 1.4644), TF Ratio: 0.884
[2026-06-15 15:12:48,080][root][INFO] - Epoch [2/5], Batch [279/300], Loss: 1.1158 (Overall: 0.8444, Change: 1.5574), TF Ratio: 0.884
[2026-06-15 15:12:48,251][root][INFO] - Epoch [2/5], Batch [280/300], Loss: 1.1158 (Overall: 0.6086, Change: 1.6290), TF Ratio: 0.884
[2026-06-15 15:12:48,404][root][INFO] - Epoch [2/5], Batch [281/300], Loss: 1.1150 (Overall: 0.7640, Change: 0.9985), TF Ratio: 0.884
[2026-06-15 15:12:48,558][root][INFO] - Epoch [2/5], Batch [282/300], Loss: 1.1154 (Overall: 0.9238, Change: 1.5433), TF Ratio: 0.884
[2026-06-15 15:12:48,710][root][INFO] - Epoch [2/5], Batch [283/300], Loss: 1.1153 (Overall: 0.6148, Change: 1.5536), TF Ratio: 0.883
[2026-06-15 15:12:48,897][root][INFO] - Epoch [2/5], Batch [284/300], Loss: 1.1144 (Overall: 0.5609, Change: 1.1573), TF Ratio: 0.883
[2026-06-15 15:12:49,052][root][INFO] - Epoch [2/5], Batch [285/300], Loss: 1.1148 (Overall: 0.8985, Change: 1.5606), TF Ratio: 0.883
[2026-06-15 15:12:49,205][root][INFO] - Epoch [2/5], Batch [286/300], Loss: 1.1151 (Overall: 0.8068, Change: 1.5886), TF Ratio: 0.883
[2026-06-15 15:12:49,359][root][INFO] - Epoch [2/5], Batch [287/300], Loss: 1.1144 (Overall: 1.0351, Change: 0.7968), TF Ratio: 0.883
[2026-06-15 15:12:49,530][root][INFO] - Epoch [2/5], Batch [288/300], Loss: 1.1140 (Overall: 0.5210, Change: 1.4920), TF Ratio: 0.882
[2026-06-15 15:12:49,683][root][INFO] - Epoch [2/5], Batch [289/300], Loss: 1.1138 (Overall: 0.6945, Change: 1.4219), TF Ratio: 0.882
[2026-06-15 15:12:49,836][root][INFO] - Epoch [2/5], Batch [290/300], Loss: 1.1136 (Overall: 0.6830, Change: 1.4278), TF Ratio: 0.882
[2026-06-15 15:12:50,003][root][INFO] - Epoch [2/5], Batch [291/300], Loss: 1.1132 (Overall: 0.7399, Change: 1.2441), TF Ratio: 0.882
[2026-06-15 15:12:50,186][root][INFO] - Epoch [2/5], Batch [292/300], Loss: 1.1130 (Overall: 0.6711, Change: 1.4089), TF Ratio: 0.882
[2026-06-15 15:12:50,339][root][INFO] - Epoch [2/5], Batch [293/300], Loss: 1.1134 (Overall: 0.9786, Change: 1.5100), TF Ratio: 0.881
[2026-06-15 15:12:50,492][root][INFO] - Epoch [2/5], Batch [294/300], Loss: 1.1141 (Overall: 0.9537, Change: 1.6803), TF Ratio: 0.881
[2026-06-15 15:12:50,644][root][INFO] - Epoch [2/5], Batch [295/300], Loss: 1.1145 (Overall: 0.9307, Change: 1.5611), TF Ratio: 0.881
[2026-06-15 15:12:50,819][root][INFO] - Epoch [2/5], Batch [296/300], Loss: 1.1143 (Overall: 0.8060, Change: 1.2799), TF Ratio: 0.881
[2026-06-15 15:12:50,973][root][INFO] - Epoch [2/5], Batch [297/300], Loss: 1.1139 (Overall: 0.6177, Change: 1.3805), TF Ratio: 0.881
[2026-06-15 15:12:51,125][root][INFO] - Epoch [2/5], Batch [298/300], Loss: 1.1147 (Overall: 1.0878, Change: 1.6132), TF Ratio: 0.880
[2026-06-15 15:12:51,279][root][INFO] - Epoch [2/5], Batch [299/300], Loss: 1.1154 (Overall: 1.0006, Change: 1.6219), TF Ratio: 0.880
[2026-06-15 15:12:51,453][root][INFO] - Epoch [2/5], Batch [300/300], Loss: 1.1157 (Overall: 0.8963, Change: 1.5240), TF Ratio: 0.880
[2026-06-15 15:12:56,679][root][INFO] - Epoch 2 done. Validating...
[2026-06-15 15:13:05,982][root][INFO] - Epoch [2/5] | Train: 1.1131 | Val: 0.7659
[2026-06-15 15:13:06,193][root][INFO] - Checkpoint saved: /gpfs/scratch/bsc32/bsc096444/ai4land-tfm/trained_models/unet_impl/41825121/best_model.pth
[2026-06-15 15:13:06,375][root][INFO] - Checkpoint saved: /gpfs/scratch/bsc32/bsc096444/ai4land-tfm/trained_models/unet_impl/41825121/model_epoch_2.pth
[2026-06-15 15:13:09,898][root][INFO] - Epoch [3/5], Batch [1/300], Loss: 1.0977 (Overall: 0.5717, Change: 1.6238), TF Ratio: 0.880
[2026-06-15 15:13:10,698][root][INFO] - Epoch [3/5], Batch [2/300], Loss: 0.9830 (Overall: 0.7261, Change: 1.0102), TF Ratio: 0.880
[2026-06-15 15:13:10,852][root][INFO] - Epoch [3/5], Batch [3/300], Loss: 1.0234 (Overall: 0.8647, Change: 1.3438), TF Ratio: 0.879
[2026-06-15 15:13:15,532][root][INFO] - Epoch [3/5], Batch [4/300], Loss: 0.9661 (Overall: 0.5642, Change: 1.0243), TF Ratio: 0.879
[2026-06-15 15:13:16,580][root][INFO] - Epoch [3/5], Batch [5/300], Loss: 0.9323 (Overall: 0.6236, Change: 0.9702), TF Ratio: 0.879
[2026-06-15 15:13:16,733][root][INFO] - Epoch [3/5], Batch [6/300], Loss: 0.9635 (Overall: 0.6700, Change: 1.5690), TF Ratio: 0.879
[2026-06-15 15:13:16,896][root][INFO] - Epoch [3/5], Batch [7/300], Loss: 0.9666 (Overall: 0.6042, Change: 1.3662), TF Ratio: 0.879
[2026-06-15 15:13:17,080][root][INFO] - Epoch [3/5], Batch [8/300], Loss: 0.9487 (Overall: 0.7124, Change: 0.9356), TF Ratio: 0.878
[2026-06-15 15:13:17,233][root][INFO] - Epoch [3/5], Batch [9/300], Loss: 0.9470 (Overall: 0.7946, Change: 1.0709), TF Ratio: 0.878
[2026-06-15 15:13:17,384][root][INFO] - Epoch [3/5], Batch [10/300], Loss: 0.9668 (Overall: 0.8148, Change: 1.4755), TF Ratio: 0.878
[2026-06-15 15:13:17,535][root][INFO] - Epoch [3/5], Batch [11/300], Loss: 0.9630 (Overall: 0.5671, Change: 1.2836), TF Ratio: 0.878
[2026-06-15 15:13:17,720][root][INFO] - Epoch [3/5], Batch [12/300], Loss: 0.9608 (Overall: 0.6111, Change: 1.2617), TF Ratio: 0.878
[2026-06-15 15:13:17,872][root][INFO] - Epoch [3/5], Batch [13/300], Loss: 0.9902 (Overall: 0.9025, Change: 1.7847), TF Ratio: 0.877
[2026-06-15 15:13:18,024][root][INFO] - Epoch [3/5], Batch [14/300], Loss: 0.9869 (Overall: 0.8886, Change: 0.9990), TF Ratio: 0.877
[2026-06-15 15:13:18,176][root][INFO] - Epoch [3/5], Batch [15/300], Loss: 0.9686 (Overall: 0.4838, Change: 0.9406), TF Ratio: 0.877
[2026-06-15 15:13:19,049][root][INFO] - Epoch [3/5], Batch [16/300], Loss: 0.9728 (Overall: 0.5406, Change: 1.5304), TF Ratio: 0.877
[2026-06-15 15:13:19,204][root][INFO] - Epoch [3/5], Batch [17/300], Loss: 0.9538 (Overall: 0.5181, Change: 0.7832), TF Ratio: 0.877
[2026-06-15 15:13:19,357][root][INFO] - Epoch [3/5], Batch [18/300], Loss: 0.9651 (Overall: 0.8069, Change: 1.5065), TF Ratio: 0.876
[2026-06-15 15:13:19,508][root][INFO] - Epoch [3/5], Batch [19/300], Loss: 0.9691 (Overall: 0.7698, Change: 1.3130), TF Ratio: 0.876
[2026-06-15 15:13:23,490][root][INFO] - Epoch [3/5], Batch [20/300], Loss: 0.9725 (Overall: 0.5350, Change: 1.5397), TF Ratio: 0.876
[2026-06-15 15:13:23,645][root][INFO] - Epoch [3/5], Batch [21/300], Loss: 0.9799 (Overall: 0.7685, Change: 1.4842), TF Ratio: 0.876
[2026-06-15 15:13:23,809][root][INFO] - Epoch [3/5], Batch [22/300], Loss: 0.9715 (Overall: 0.7132, Change: 0.8770), TF Ratio: 0.876
[2026-06-15 15:13:23,963][root][INFO] - Epoch [3/5], Batch [23/300], Loss: 0.9782 (Overall: 0.5516, Change: 1.6995), TF Ratio: 0.875
[2026-06-15 15:13:24,223][root][INFO] - Epoch [3/5], Batch [24/300], Loss: 0.9902 (Overall: 0.7813, Change: 1.7549), TF Ratio: 0.875
[2026-06-15 15:13:24,376][root][INFO] - Epoch [3/5], Batch [25/300], Loss: 0.9937 (Overall: 0.8800, Change: 1.2758), TF Ratio: 0.875
[2026-06-15 15:13:24,528][root][INFO] - Epoch [3/5], Batch [26/300], Loss: 0.9920 (Overall: 0.5870, Change: 1.3080), TF Ratio: 0.875
[2026-06-15 15:13:24,680][root][INFO] - Epoch [3/5], Batch [27/300], Loss: 0.9983 (Overall: 0.9649, Change: 1.3634), TF Ratio: 0.875
[2026-06-15 15:13:24,857][root][INFO] - Epoch [3/5], Batch [28/300], Loss: 0.9950 (Overall: 0.7248, Change: 1.0833), TF Ratio: 0.874
[2026-06-15 15:13:25,010][root][INFO] - Epoch [3/5], Batch [29/300], Loss: 1.0016 (Overall: 0.9121, Change: 1.4633), TF Ratio: 0.874
[2026-06-15 15:13:25,162][root][INFO] - Epoch [3/5], Batch [30/300], Loss: 1.0015 (Overall: 0.7037, Change: 1.2897), TF Ratio: 0.874
[2026-06-15 15:13:25,316][root][INFO] - Epoch [3/5], Batch [31/300], Loss: 1.0063 (Overall: 0.7309, Change: 1.5693), TF Ratio: 0.874
[2026-06-15 15:13:26,397][root][INFO] - Epoch [3/5], Batch [32/300], Loss: 1.0032 (Overall: 0.5195, Change: 1.2968), TF Ratio: 0.874
[2026-06-15 15:13:26,549][root][INFO] - Epoch [3/5], Batch [33/300], Loss: 1.0043 (Overall: 0.4729, Change: 1.6055), TF Ratio: 0.873
[2026-06-15 15:13:26,702][root][INFO] - Epoch [3/5], Batch [34/300], Loss: 1.0074 (Overall: 0.8441, Change: 1.3739), TF Ratio: 0.873
[2026-06-15 15:13:26,854][root][INFO] - Epoch [3/5], Batch [35/300], Loss: 1.0154 (Overall: 1.0777, Change: 1.4996), TF Ratio: 0.873
[2026-06-15 15:13:28,697][root][INFO] - Epoch [3/5], Batch [36/300], Loss: 1.0167 (Overall: 0.9999, Change: 1.1272), TF Ratio: 0.873
[2026-06-15 15:13:28,850][root][INFO] - Epoch [3/5], Batch [37/300], Loss: 1.0193 (Overall: 0.6266, Change: 1.5935), TF Ratio: 0.873
[2026-06-15 15:13:29,002][root][INFO] - Epoch [3/5], Batch [38/300], Loss: 1.0223 (Overall: 1.0095, Change: 1.2590), TF Ratio: 0.872
[2026-06-15 15:13:29,163][root][INFO] - Epoch [3/5], Batch [39/300], Loss: 1.0228 (Overall: 0.5667, Change: 1.5218), TF Ratio: 0.872
[2026-06-15 15:13:29,328][root][INFO] - Epoch [3/5], Batch [40/300], Loss: 1.0268 (Overall: 0.7625, Change: 1.5987), TF Ratio: 0.872
[2026-06-15 15:13:29,482][root][INFO] - Epoch [3/5], Batch [41/300], Loss: 1.0300 (Overall: 0.6972, Change: 1.6166), TF Ratio: 0.872
[2026-06-15 15:13:29,634][root][INFO] - Epoch [3/5], Batch [42/300], Loss: 1.0234 (Overall: 0.7275, Change: 0.7789), TF Ratio: 0.872
[2026-06-15 15:13:29,786][root][INFO] - Epoch [3/5], Batch [43/300], Loss: 1.0241 (Overall: 0.6687, Change: 1.4436), TF Ratio: 0.871
[2026-06-15 15:13:30,573][root][INFO] - Epoch [3/5], Batch [44/300], Loss: 1.0219 (Overall: 0.5642, Change: 1.2886), TF Ratio: 0.871
[2026-06-15 15:13:30,725][root][INFO] - Epoch [3/5], Batch [45/300], Loss: 1.0208 (Overall: 0.5628, Change: 1.3788), TF Ratio: 0.871
[2026-06-15 15:13:30,877][root][INFO] - Epoch [3/5], Batch [46/300], Loss: 1.0185 (Overall: 0.5103, Change: 1.3209), TF Ratio: 0.871
[2026-06-15 15:13:31,030][root][INFO] - Epoch [3/5], Batch [47/300], Loss: 1.0168 (Overall: 0.6456, Change: 1.2354), TF Ratio: 0.871
[2026-06-15 15:13:32,580][root][INFO] - Epoch [3/5], Batch [48/300], Loss: 1.0187 (Overall: 1.0778, Change: 1.1350), TF Ratio: 0.870
[2026-06-15 15:13:32,734][root][INFO] - Epoch [3/5], Batch [49/300], Loss: 1.0185 (Overall: 0.8898, Change: 1.1315), TF Ratio: 0.870
[2026-06-15 15:13:32,895][root][INFO] - Epoch [3/5], Batch [50/300], Loss: 1.0201 (Overall: 0.8001, Change: 1.3932), TF Ratio: 0.870
[2026-06-15 15:13:33,048][root][INFO] - Epoch [3/5], Batch [51/300], Loss: 1.0328 (Overall: 1.2028, Change: 2.1332), TF Ratio: 0.870
[2026-06-15 15:13:33,224][root][INFO] - Epoch [3/5], Batch [52/300], Loss: 1.0299 (Overall: 0.6972, Change: 1.0653), TF Ratio: 0.870
[2026-06-15 15:13:33,377][root][INFO] - Epoch [3/5], Batch [53/300], Loss: 1.0290 (Overall: 0.7585, Change: 1.2044), TF Ratio: 0.869
[2026-06-15 15:13:33,530][root][INFO] - Epoch [3/5], Batch [54/300], Loss: 1.0295 (Overall: 0.5539, Change: 1.5602), TF Ratio: 0.869
[2026-06-15 15:13:33,682][root][INFO] - Epoch [3/5], Batch [55/300], Loss: 1.0288 (Overall: 0.7958, Change: 1.1871), TF Ratio: 0.869
[2026-06-15 15:13:33,869][root][INFO] - Epoch [3/5], Batch [56/300], Loss: 1.0299 (Overall: 0.8973, Change: 1.2882), TF Ratio: 0.869
[2026-06-15 15:13:34,023][root][INFO] - Epoch [3/5], Batch [57/300], Loss: 1.0237 (Overall: 0.5582, Change: 0.7917), TF Ratio: 0.869
[2026-06-15 15:13:34,178][root][INFO] - Epoch [3/5], Batch [58/300], Loss: 1.0212 (Overall: 0.9128, Change: 0.8477), TF Ratio: 0.868
[2026-06-15 15:13:34,339][root][INFO] - Epoch [3/5], Batch [59/300], Loss: 1.0245 (Overall: 0.8940, Change: 1.5312), TF Ratio: 0.868
[2026-06-15 15:13:35,518][root][INFO] - Epoch [3/5], Batch [60/300], Loss: 1.0250 (Overall: 0.5529, Change: 1.5540), TF Ratio: 0.868
[2026-06-15 15:13:35,670][root][INFO] - Epoch [3/5], Batch [61/300], Loss: 1.0309 (Overall: 1.1682, Change: 1.6061), TF Ratio: 0.868
[2026-06-15 15:13:35,822][root][INFO] - Epoch [3/5], Batch [62/300], Loss: 1.0331 (Overall: 0.6642, Change: 1.6650), TF Ratio: 0.868
[2026-06-15 15:13:35,974][root][INFO] - Epoch [3/5], Batch [63/300], Loss: 1.0337 (Overall: 0.5786, Change: 1.5684), TF Ratio: 0.867
[2026-06-15 15:13:36,148][root][INFO] - Epoch [3/5], Batch [64/300], Loss: 1.0352 (Overall: 0.7360, Change: 1.5288), TF Ratio: 0.867
[2026-06-15 15:13:36,301][root][INFO] - Epoch [3/5], Batch [65/300], Loss: 1.0280 (Overall: 0.5580, Change: 0.5753), TF Ratio: 0.867
[2026-06-15 15:13:36,455][root][INFO] - Epoch [3/5], Batch [66/300], Loss: 1.0281 (Overall: 0.5732, Change: 1.4871), TF Ratio: 0.867
[2026-06-15 15:13:36,617][root][INFO] - Epoch [3/5], Batch [67/300], Loss: 1.0282 (Overall: 0.6915, Change: 1.3885), TF Ratio: 0.867
[2026-06-15 15:13:36,784][root][INFO] - Epoch [3/5], Batch [68/300], Loss: 1.0261 (Overall: 0.5116, Change: 1.2514), TF Ratio: 0.866
[2026-06-15 15:13:36,942][root][INFO] - Epoch [3/5], Batch [69/300], Loss: 1.0285 (Overall: 0.7742, Change: 1.6108), TF Ratio: 0.866
[2026-06-15 15:13:37,095][root][INFO] - Epoch [3/5], Batch [70/300], Loss: 1.0245 (Overall: 0.6519, Change: 0.8478), TF Ratio: 0.866
[2026-06-15 15:13:37,250][root][INFO] - Epoch [3/5], Batch [71/300], Loss: 1.0294 (Overall: 1.0080, Change: 1.7396), TF Ratio: 0.866
[2026-06-15 15:13:37,422][root][INFO] - Epoch [3/5], Batch [72/300], Loss: 1.0290 (Overall: 0.7619, Change: 1.2325), TF Ratio: 0.866
[2026-06-15 15:13:37,575][root][INFO] - Epoch [3/5], Batch [73/300], Loss: 1.0312 (Overall: 0.7576, Change: 1.6163), TF Ratio: 0.865
[2026-06-15 15:13:37,728][root][INFO] - Epoch [3/5], Batch [74/300], Loss: 1.0284 (Overall: 0.6427, Change: 1.0084), TF Ratio: 0.865
[2026-06-15 15:13:37,880][root][INFO] - Epoch [3/5], Batch [75/300], Loss: 1.0320 (Overall: 1.0012, Change: 1.5943), TF Ratio: 0.865
[2026-06-15 15:13:38,058][root][INFO] - Epoch [3/5], Batch [76/300], Loss: 1.0305 (Overall: 0.6809, Change: 1.1560), TF Ratio: 0.865
[2026-06-15 15:13:38,211][root][INFO] - Epoch [3/5], Batch [77/300], Loss: 1.0359 (Overall: 1.3038, Change: 1.5964), TF Ratio: 0.865
[2026-06-15 15:13:41,050][root][INFO] - Epoch [3/5], Batch [78/300], Loss: 1.0365 (Overall: 0.6758, Change: 1.4879), TF Ratio: 0.864
[2026-06-15 15:13:41,203][root][INFO] - Epoch [3/5], Batch [79/300], Loss: 1.0387 (Overall: 0.5653, Change: 1.8493), TF Ratio: 0.864
[2026-06-15 15:13:41,371][root][INFO] - Epoch [3/5], Batch [80/300], Loss: 1.0375 (Overall: 0.8862, Change: 1.0050), TF Ratio: 0.864
[2026-06-15 15:13:43,247][root][INFO] - Epoch [3/5], Batch [81/300], Loss: 1.0397 (Overall: 0.9742, Change: 1.4587), TF Ratio: 0.864
[2026-06-15 15:13:43,403][root][INFO] - Epoch [3/5], Batch [82/300], Loss: 1.0429 (Overall: 0.9923, Change: 1.6096), TF Ratio: 0.864
[2026-06-15 15:13:43,556][root][INFO] - Epoch [3/5], Batch [83/300], Loss: 1.0457 (Overall: 1.0595, Change: 1.4947), TF Ratio: 0.863
[2026-06-15 15:13:43,723][root][INFO] - Epoch [3/5], Batch [84/300], Loss: 1.0433 (Overall: 0.6592, Change: 1.0323), TF Ratio: 0.863
[2026-06-15 15:13:43,876][root][INFO] - Epoch [3/5], Batch [85/300], Loss: 1.0423 (Overall: 0.8916, Change: 1.0188), TF Ratio: 0.863
[2026-06-15 15:13:44,032][root][INFO] - Epoch [3/5], Batch [86/300], Loss: 1.0442 (Overall: 0.8340, Change: 1.5769), TF Ratio: 0.863
[2026-06-15 15:13:44,189][root][INFO] - Epoch [3/5], Batch [87/300], Loss: 1.0440 (Overall: 0.7462, Change: 1.3133), TF Ratio: 0.863
[2026-06-15 15:13:44,362][root][INFO] - Epoch [3/5], Batch [88/300], Loss: 1.0417 (Overall: 0.7518, Change: 0.9209), TF Ratio: 0.862
[2026-06-15 15:13:44,517][root][INFO] - Epoch [3/5], Batch [89/300], Loss: 1.0451 (Overall: 1.2020, Change: 1.4853), TF Ratio: 0.862
[2026-06-15 15:13:44,670][root][INFO] - Epoch [3/5], Batch [90/300], Loss: 1.0454 (Overall: 1.0323, Change: 1.1144), TF Ratio: 0.862
[2026-06-15 15:13:44,826][root][INFO] - Epoch [3/5], Batch [91/300], Loss: 1.0495 (Overall: 0.8230, Change: 2.0221), TF Ratio: 0.862
[2026-06-15 15:13:45,004][root][INFO] - Epoch [3/5], Batch [92/300], Loss: 1.0509 (Overall: 0.8865, Change: 1.4704), TF Ratio: 0.862
[2026-06-15 15:13:45,158][root][INFO] - Epoch [3/5], Batch [93/300], Loss: 1.0506 (Overall: 0.6423, Change: 1.4067), TF Ratio: 0.861
[2026-06-15 15:13:45,331][root][INFO] - Epoch [3/5], Batch [94/300], Loss: 1.0517 (Overall: 0.7734, Change: 1.5280), TF Ratio: 0.861
[2026-06-15 15:13:45,483][root][INFO] - Epoch [3/5], Batch [95/300], Loss: 1.0496 (Overall: 0.6412, Change: 1.0546), TF Ratio: 0.861
[2026-06-15 15:13:45,653][root][INFO] - Epoch [3/5], Batch [96/300], Loss: 1.0540 (Overall: 1.7035, Change: 1.2430), TF Ratio: 0.861
[2026-06-15 15:13:45,807][root][INFO] - Epoch [3/5], Batch [97/300], Loss: 1.0551 (Overall: 0.8621, Change: 1.4581), TF Ratio: 0.861
[2026-06-15 15:13:45,961][root][INFO] - Epoch [3/5], Batch [98/300], Loss: 1.0578 (Overall: 0.7211, Change: 1.9254), TF Ratio: 0.860
[2026-06-15 15:13:46,113][root][INFO] - Epoch [3/5], Batch [99/300], Loss: 1.0632 (Overall: 1.1166, Change: 2.0666), TF Ratio: 0.860
[2026-06-15 15:13:50,285][root][INFO] - Epoch [3/5], Batch [100/300], Loss: 1.0632 (Overall: 0.6303, Change: 1.4887), TF Ratio: 0.860
[2026-06-15 15:13:50,438][root][INFO] - Epoch [3/5], Batch [101/300], Loss: 1.0640 (Overall: 0.6914, Change: 1.6000), TF Ratio: 0.860
[2026-06-15 15:13:50,590][root][INFO] - Epoch [3/5], Batch [102/300], Loss: 1.0638 (Overall: 0.8782, Change: 1.2083), TF Ratio: 0.860
[2026-06-15 15:13:50,742][root][INFO] - Epoch [3/5], Batch [103/300], Loss: 1.0645 (Overall: 0.7203, Change: 1.5537), TF Ratio: 0.859
[2026-06-15 15:13:50,921][root][INFO] - Epoch [3/5], Batch [104/300], Loss: 1.0605 (Overall: 0.6058, Change: 0.6905), TF Ratio: 0.859
[2026-06-15 15:13:51,075][root][INFO] - Epoch [3/5], Batch [105/300], Loss: 1.0599 (Overall: 0.6357, Change: 1.3610), TF Ratio: 0.859
[2026-06-15 15:13:51,227][root][INFO] - Epoch [3/5], Batch [106/300], Loss: 1.0583 (Overall: 0.5550, Change: 1.2278), TF Ratio: 0.859
[2026-06-15 15:13:51,380][root][INFO] - Epoch [3/5], Batch [107/300], Loss: 1.0585 (Overall: 0.7835, Change: 1.3665), TF Ratio: 0.859
[2026-06-15 15:13:51,552][root][INFO] - Epoch [3/5], Batch [108/300], Loss: 1.0595 (Overall: 0.8846, Change: 1.4603), TF Ratio: 0.858
[2026-06-15 15:13:51,706][root][INFO] - Epoch [3/5], Batch [109/300], Loss: 1.0588 (Overall: 0.5957, Change: 1.3714), TF Ratio: 0.858
[2026-06-15 15:13:51,858][root][INFO] - Epoch [3/5], Batch [110/300], Loss: 1.0554 (Overall: 0.5314, Change: 0.8428), TF Ratio: 0.858
[2026-06-15 15:13:52,012][root][INFO] - Epoch [3/5], Batch [111/300], Loss: 1.0540 (Overall: 0.5497, Change: 1.2514), TF Ratio: 0.858
[2026-06-15 15:13:52,207][root][INFO] - Epoch [3/5], Batch [112/300], Loss: 1.0511 (Overall: 0.6923, Change: 0.7589), TF Ratio: 0.858
[2026-06-15 15:13:52,361][root][INFO] - Epoch [3/5], Batch [113/300], Loss: 1.0499 (Overall: 0.6291, Change: 1.1949), TF Ratio: 0.857
[2026-06-15 15:13:52,514][root][INFO] - Epoch [3/5], Batch [114/300], Loss: 1.0496 (Overall: 0.5498, Change: 1.4792), TF Ratio: 0.857
[2026-06-15 15:13:52,667][root][INFO] - Epoch [3/5], Batch [115/300], Loss: 1.0481 (Overall: 0.4919, Change: 1.2653), TF Ratio: 0.857
[2026-06-15 15:13:52,850][root][INFO] - Epoch [3/5], Batch [116/300], Loss: 1.0464 (Overall: 0.4987, Change: 1.2075), TF Ratio: 0.857
[2026-06-15 15:13:53,002][root][INFO] - Epoch [3/5], Batch [117/300], Loss: 1.0458 (Overall: 0.6804, Change: 1.2774), TF Ratio: 0.857
[2026-06-15 15:13:53,161][root][INFO] - Epoch [3/5], Batch [118/300], Loss: 1.0453 (Overall: 0.7204, Change: 1.2580), TF Ratio: 0.856
[2026-06-15 15:13:53,322][root][INFO] - Epoch [3/5], Batch [119/300], Loss: 1.0466 (Overall: 0.7093, Change: 1.6906), TF Ratio: 0.856
[2026-06-15 15:13:53,507][root][INFO] - Epoch [3/5], Batch [120/300], Loss: 1.0464 (Overall: 0.5189, Change: 1.5203), TF Ratio: 0.856
[2026-06-15 15:13:53,661][root][INFO] - Epoch [3/5], Batch [121/300], Loss: 1.0471 (Overall: 0.4632, Change: 1.7962), TF Ratio: 0.856
[2026-06-15 15:13:53,814][root][INFO] - Epoch [3/5], Batch [122/300], Loss: 1.0482 (Overall: 0.6725, Change: 1.6813), TF Ratio: 0.856
[2026-06-15 15:13:53,967][root][INFO] - Epoch [3/5], Batch [123/300], Loss: 1.0475 (Overall: 0.5283, Change: 1.4109), TF Ratio: 0.855
[2026-06-15 15:13:54,150][root][INFO] - Epoch [3/5], Batch [124/300], Loss: 1.0474 (Overall: 0.5981, Change: 1.4585), TF Ratio: 0.855
[2026-06-15 15:13:54,304][root][INFO] - Epoch [3/5], Batch [125/300], Loss: 1.0469 (Overall: 0.7161, Change: 1.2591), TF Ratio: 0.855
[2026-06-15 15:13:54,457][root][INFO] - Epoch [3/5], Batch [126/300], Loss: 1.0486 (Overall: 0.9015, Change: 1.6296), TF Ratio: 0.855
[2026-06-15 15:13:54,611][root][INFO] - Epoch [3/5], Batch [127/300], Loss: 1.0483 (Overall: 0.7947, Change: 1.2190), TF Ratio: 0.855
[2026-06-15 15:13:54,803][root][INFO] - Epoch [3/5], Batch [128/300], Loss: 1.0481 (Overall: 0.5484, Change: 1.4892), TF Ratio: 0.854
[2026-06-15 15:13:54,957][root][INFO] - Epoch [3/5], Batch [129/300], Loss: 1.0487 (Overall: 0.4669, Change: 1.7906), TF Ratio: 0.854
[2026-06-15 15:13:55,110][root][INFO] - Epoch [3/5], Batch [130/300], Loss: 1.0485 (Overall: 0.5721, Change: 1.4703), TF Ratio: 0.854
[2026-06-15 15:13:55,262][root][INFO] - Epoch [3/5], Batch [131/300], Loss: 1.0483 (Overall: 0.7285, Change: 1.3109), TF Ratio: 0.854
[2026-06-15 15:13:59,561][root][INFO] - Epoch [3/5], Batch [132/300], Loss: 1.0487 (Overall: 0.7505, Change: 1.4566), TF Ratio: 0.854
[2026-06-15 15:13:59,713][root][INFO] - Epoch [3/5], Batch [133/300], Loss: 1.0493 (Overall: 0.7664, Change: 1.4953), TF Ratio: 0.853
[2026-06-15 15:13:59,865][root][INFO] - Epoch [3/5], Batch [134/300], Loss: 1.0489 (Overall: 0.8439, Change: 1.1378), TF Ratio: 0.853
[2026-06-15 15:14:00,018][root][INFO] - Epoch [3/5], Batch [135/300], Loss: 1.0485 (Overall: 0.7018, Change: 1.2884), TF Ratio: 0.853
[2026-06-15 15:14:00,199][root][INFO] - Epoch [3/5], Batch [136/300], Loss: 1.0494 (Overall: 0.7010, Change: 1.6381), TF Ratio: 0.853
[2026-06-15 15:14:00,366][root][INFO] - Epoch [3/5], Batch [137/300], Loss: 1.0501 (Overall: 0.8844, Change: 1.4129), TF Ratio: 0.853
[2026-06-15 15:14:00,519][root][INFO] - Epoch [3/5], Batch [138/300], Loss: 1.0486 (Overall: 0.7119, Change: 0.9888), TF Ratio: 0.852
[2026-06-15 15:14:00,676][root][INFO] - Epoch [3/5], Batch [139/300], Loss: 1.0483 (Overall: 0.7010, Change: 1.3073), TF Ratio: 0.852
[2026-06-15 15:14:00,872][root][INFO] - Epoch [3/5], Batch [140/300], Loss: 1.0481 (Overall: 0.7106, Change: 1.3296), TF Ratio: 0.852
[2026-06-15 15:14:01,026][root][INFO] - Epoch [3/5], Batch [141/300], Loss: 1.0469 (Overall: 0.6761, Change: 1.0625), TF Ratio: 0.852
[2026-06-15 15:14:01,179][root][INFO] - Epoch [3/5], Batch [142/300], Loss: 1.0479 (Overall: 0.9093, Change: 1.4683), TF Ratio: 0.852
[2026-06-15 15:14:01,332][root][INFO] - Epoch [3/5], Batch [143/300], Loss: 1.0487 (Overall: 0.9576, Change: 1.3855), TF Ratio: 0.851
[2026-06-15 15:14:01,520][root][INFO] - Epoch [3/5], Batch [144/300], Loss: 1.0497 (Overall: 0.8343, Change: 1.5344), TF Ratio: 0.851
[2026-06-15 15:14:01,676][root][INFO] - Epoch [3/5], Batch [145/300], Loss: 1.0508 (Overall: 0.7568, Change: 1.6634), TF Ratio: 0.851
[2026-06-15 15:14:01,830][root][INFO] - Epoch [3/5], Batch [146/300], Loss: 1.0513 (Overall: 0.8000, Change: 1.4439), TF Ratio: 0.851
[2026-06-15 15:14:01,989][root][INFO] - Epoch [3/5], Batch [147/300], Loss: 1.0516 (Overall: 1.1515, Change: 1.0645), TF Ratio: 0.851
[2026-06-15 15:14:03,532][root][INFO] - Epoch [3/5], Batch [148/300], Loss: 1.0501 (Overall: 0.6454, Change: 1.0023), TF Ratio: 0.850
[2026-06-15 15:14:03,685][root][INFO] - Epoch [3/5], Batch [149/300], Loss: 1.0493 (Overall: 0.7005, Change: 1.1518), TF Ratio: 0.850
[2026-06-15 15:14:03,838][root][INFO] - Epoch [3/5], Batch [150/300], Loss: 1.0485 (Overall: 0.4662, Change: 1.3908), TF Ratio: 0.850
[2026-06-15 15:14:03,992][root][INFO] - Epoch [3/5], Batch [151/300], Loss: 1.0482 (Overall: 0.5259, Change: 1.4896), TF Ratio: 0.850
[2026-06-15 15:14:05,683][root][INFO] - Epoch [3/5], Batch [152/300], Loss: 1.0478 (Overall: 0.7443, Change: 1.2465), TF Ratio: 0.850
[2026-06-15 15:14:05,836][root][INFO] - Epoch [3/5], Batch [153/300], Loss: 1.0483 (Overall: 0.7160, Change: 1.5152), TF Ratio: 0.849
[2026-06-15 15:14:05,988][root][INFO] - Epoch [3/5], Batch [154/300], Loss: 1.0484 (Overall: 0.5762, Change: 1.5561), TF Ratio: 0.849
[2026-06-15 15:14:06,141][root][INFO] - Epoch [3/5], Batch [155/300], Loss: 1.0472 (Overall: 0.7499, Change: 0.9833), TF Ratio: 0.849
[2026-06-15 15:14:06,327][root][INFO] - Epoch [3/5], Batch [156/300], Loss: 1.0478 (Overall: 0.8206, Change: 1.4536), TF Ratio: 0.849
[2026-06-15 15:14:06,481][root][INFO] - Epoch [3/5], Batch [157/300], Loss: 1.0489 (Overall: 0.8750, Change: 1.5546), TF Ratio: 0.849
[2026-06-15 15:14:06,644][root][INFO] - Epoch [3/5], Batch [158/300], Loss: 1.0488 (Overall: 0.6365, Change: 1.4488), TF Ratio: 0.848
[2026-06-15 15:14:06,804][root][INFO] - Epoch [3/5], Batch [159/300], Loss: 1.0485 (Overall: 0.8539, Change: 1.1441), TF Ratio: 0.848
[2026-06-15 15:14:06,982][root][INFO] - Epoch [3/5], Batch [160/300], Loss: 1.0485 (Overall: 0.7277, Change: 1.3584), TF Ratio: 0.848
[2026-06-15 15:14:07,135][root][INFO] - Epoch [3/5], Batch [161/300], Loss: 1.0481 (Overall: 0.8366, Change: 1.1262), TF Ratio: 0.848
[2026-06-15 15:14:07,288][root][INFO] - Epoch [3/5], Batch [162/300], Loss: 1.0491 (Overall: 0.8815, Change: 1.5351), TF Ratio: 0.848
[2026-06-15 15:14:07,440][root][INFO] - Epoch [3/5], Batch [163/300], Loss: 1.0499 (Overall: 0.8324, Change: 1.5376), TF Ratio: 0.847
[2026-06-15 15:14:07,843][root][INFO] - Epoch [3/5], Batch [164/300], Loss: 1.0503 (Overall: 0.9680, Change: 1.2705), TF Ratio: 0.847
[2026-06-15 15:14:07,996][root][INFO] - Epoch [3/5], Batch [165/300], Loss: 1.0482 (Overall: 0.4849, Change: 0.9147), TF Ratio: 0.847
[2026-06-15 15:14:08,149][root][INFO] - Epoch [3/5], Batch [166/300], Loss: 1.0470 (Overall: 0.6544, Change: 1.0551), TF Ratio: 0.847
[2026-06-15 15:14:08,302][root][INFO] - Epoch [3/5], Batch [167/300], Loss: 1.0459 (Overall: 0.4752, Change: 1.2564), TF Ratio: 0.847
[2026-06-15 15:14:08,494][root][INFO] - Epoch [3/5], Batch [168/300], Loss: 1.0458 (Overall: 0.7559, Change: 1.2922), TF Ratio: 0.846
[2026-06-15 15:14:08,648][root][INFO] - Epoch [3/5], Batch [169/300], Loss: 1.0444 (Overall: 0.4102, Change: 1.2182), TF Ratio: 0.846
[2026-06-15 15:14:08,805][root][INFO] - Epoch [3/5], Batch [170/300], Loss: 1.0450 (Overall: 0.8785, Change: 1.3926), TF Ratio: 0.846
[2026-06-15 15:14:08,957][root][INFO] - Epoch [3/5], Batch [171/300], Loss: 1.0450 (Overall: 0.8351, Change: 1.2786), TF Ratio: 0.846
[2026-06-15 15:14:09,141][root][INFO] - Epoch [3/5], Batch [172/300], Loss: 1.0448 (Overall: 0.6361, Change: 1.3692), TF Ratio: 0.846
[2026-06-15 15:14:09,294][root][INFO] - Epoch [3/5], Batch [173/300], Loss: 1.0456 (Overall: 0.7944, Change: 1.5620), TF Ratio: 0.845
[2026-06-15 15:14:09,446][root][INFO] - Epoch [3/5], Batch [174/300], Loss: 1.0459 (Overall: 0.7151, Change: 1.4796), TF Ratio: 0.845
[2026-06-15 15:14:09,599][root][INFO] - Epoch [3/5], Batch [175/300], Loss: 1.0458 (Overall: 0.5726, Change: 1.4860), TF Ratio: 0.845
[2026-06-15 15:14:10,428][root][INFO] - Epoch [3/5], Batch [176/300], Loss: 1.0443 (Overall: 0.5270, Change: 1.0363), TF Ratio: 0.845
[2026-06-15 15:14:10,581][root][INFO] - Epoch [3/5], Batch [177/300], Loss: 1.0441 (Overall: 0.5266, Change: 1.5002), TF Ratio: 0.845
[2026-06-15 15:14:10,740][root][INFO] - Epoch [3/5], Batch [178/300], Loss: 1.0437 (Overall: 0.5153, Change: 1.4410), TF Ratio: 0.844
[2026-06-15 15:14:10,893][root][INFO] - Epoch [3/5], Batch [179/300], Loss: 1.0434 (Overall: 0.7254, Change: 1.2286), TF Ratio: 0.844
[2026-06-15 15:14:11,069][root][INFO] - Epoch [3/5], Batch [180/300], Loss: 1.0444 (Overall: 0.8421, Change: 1.6083), TF Ratio: 0.844
[2026-06-15 15:14:11,222][root][INFO] - Epoch [3/5], Batch [181/300], Loss: 1.0447 (Overall: 0.6526, Change: 1.5462), TF Ratio: 0.844
[2026-06-15 15:14:11,375][root][INFO] - Epoch [3/5], Batch [182/300], Loss: 1.0447 (Overall: 1.0512, Change: 1.0532), TF Ratio: 0.844
[2026-06-15 15:14:11,527][root][INFO] - Epoch [3/5], Batch [183/300], Loss: 1.0455 (Overall: 1.0744, Change: 1.3229), TF Ratio: 0.843
[2026-06-15 15:14:11,699][root][INFO] - Epoch [3/5], Batch [184/300], Loss: 1.0459 (Overall: 0.7526, Change: 1.4548), TF Ratio: 0.843
[2026-06-15 15:14:11,852][root][INFO] - Epoch [3/5], Batch [185/300], Loss: 1.0453 (Overall: 0.6194, Change: 1.2814), TF Ratio: 0.843
[2026-06-15 15:14:12,005][root][INFO] - Epoch [3/5], Batch [186/300], Loss: 1.0449 (Overall: 0.5356, Change: 1.3708), TF Ratio: 0.843
[2026-06-15 15:14:12,157][root][INFO] - Epoch [3/5], Batch [187/300], Loss: 1.0448 (Overall: 0.9847, Change: 1.1017), TF Ratio: 0.843
[2026-06-15 15:14:14,668][root][INFO] - Epoch [3/5], Batch [188/300], Loss: 1.0433 (Overall: 0.5728, Change: 0.9428), TF Ratio: 0.842
[2026-06-15 15:14:14,821][root][INFO] - Epoch [3/5], Batch [189/300], Loss: 1.0442 (Overall: 0.7722, Change: 1.6304), TF Ratio: 0.842
[2026-06-15 15:14:14,977][root][INFO] - Epoch [3/5], Batch [190/300], Loss: 1.0438 (Overall: 0.5827, Change: 1.3620), TF Ratio: 0.842
[2026-06-15 15:14:15,130][root][INFO] - Epoch [3/5], Batch [191/300], Loss: 1.0452 (Overall: 1.0664, Change: 1.5521), TF Ratio: 0.842
[2026-06-15 15:14:15,314][root][INFO] - Epoch [3/5], Batch [192/300], Loss: 1.0449 (Overall: 0.8028, Change: 1.1834), TF Ratio: 0.842
[2026-06-15 15:14:15,468][root][INFO] - Epoch [3/5], Batch [193/300], Loss: 1.0451 (Overall: 0.7909, Change: 1.3795), TF Ratio: 0.841
[2026-06-15 15:14:15,621][root][INFO] - Epoch [3/5], Batch [194/300], Loss: 1.0457 (Overall: 0.6528, Change: 1.6572), TF Ratio: 0.841
[2026-06-15 15:14:15,774][root][INFO] - Epoch [3/5], Batch [195/300], Loss: 1.0449 (Overall: 0.5437, Change: 1.2607), TF Ratio: 0.841
[2026-06-15 15:14:15,965][root][INFO] - Epoch [3/5], Batch [196/300], Loss: 1.0445 (Overall: 0.7701, Change: 1.1371), TF Ratio: 0.841
[2026-06-15 15:14:16,121][root][INFO] - Epoch [3/5], Batch [197/300], Loss: 1.0447 (Overall: 0.7118, Change: 1.4812), TF Ratio: 0.841
[2026-06-15 15:14:16,273][root][INFO] - Epoch [3/5], Batch [198/300], Loss: 1.0438 (Overall: 0.6334, Change: 1.0924), TF Ratio: 0.840
[2026-06-15 15:14:16,429][root][INFO] - Epoch [3/5], Batch [199/300], Loss: 1.0440 (Overall: 0.7252, Change: 1.4544), TF Ratio: 0.840
[2026-06-15 15:14:16,619][root][INFO] - Epoch [3/5], Batch [200/300], Loss: 1.0445 (Overall: 0.8213, Change: 1.4317), TF Ratio: 0.840
[2026-06-15 15:14:16,772][root][INFO] - Epoch [3/5], Batch [201/300], Loss: 1.0447 (Overall: 0.6229, Change: 1.5488), TF Ratio: 0.840
[2026-06-15 15:14:16,925][root][INFO] - Epoch [3/5], Batch [202/300], Loss: 1.0436 (Overall: 0.7859, Change: 0.8869), TF Ratio: 0.840
[2026-06-15 15:14:17,078][root][INFO] - Epoch [3/5], Batch [203/300], Loss: 1.0443 (Overall: 0.7825, Change: 1.5593), TF Ratio: 0.839
[2026-06-15 15:14:17,276][root][INFO] - Epoch [3/5], Batch [204/300], Loss: 1.0442 (Overall: 0.5110, Change: 1.5715), TF Ratio: 0.839
[2026-06-15 15:14:17,431][root][INFO] - Epoch [3/5], Batch [205/300], Loss: 1.0455 (Overall: 0.9858, Change: 1.6070), TF Ratio: 0.839
[2026-06-15 15:14:17,584][root][INFO] - Epoch [3/5], Batch [206/300], Loss: 1.0452 (Overall: 0.5152, Change: 1.4595), TF Ratio: 0.839
[2026-06-15 15:14:17,736][root][INFO] - Epoch [3/5], Batch [207/300], Loss: 1.0457 (Overall: 0.9536, Change: 1.3587), TF Ratio: 0.839
[2026-06-15 15:14:17,908][root][INFO] - Epoch [3/5], Batch [208/300], Loss: 1.0451 (Overall: 0.7200, Change: 1.0974), TF Ratio: 0.838
[2026-06-15 15:14:18,061][root][INFO] - Epoch [3/5], Batch [209/300], Loss: 1.0456 (Overall: 0.7092, Change: 1.5872), TF Ratio: 0.838
[2026-06-15 15:14:18,214][root][INFO] - Epoch [3/5], Batch [210/300], Loss: 1.0455 (Overall: 0.8663, Change: 1.1923), TF Ratio: 0.838
[2026-06-15 15:14:18,367][root][INFO] - Epoch [3/5], Batch [211/300], Loss: 1.0467 (Overall: 1.1375, Change: 1.4708), TF Ratio: 0.838
[2026-06-15 15:14:18,544][root][INFO] - Epoch [3/5], Batch [212/300], Loss: 1.0481 (Overall: 1.0167, Change: 1.6556), TF Ratio: 0.838
[2026-06-15 15:14:18,697][root][INFO] - Epoch [3/5], Batch [213/300], Loss: 1.0475 (Overall: 0.4497, Change: 1.4154), TF Ratio: 0.837
[2026-06-15 15:14:18,849][root][INFO] - Epoch [3/5], Batch [214/300], Loss: 1.0477 (Overall: 0.7617, Change: 1.4204), TF Ratio: 0.837
[2026-06-15 15:14:19,002][root][INFO] - Epoch [3/5], Batch [215/300], Loss: 1.0476 (Overall: 0.7549, Change: 1.2953), TF Ratio: 0.837
[2026-06-15 15:14:19,179][root][INFO] - Epoch [3/5], Batch [216/300], Loss: 1.0491 (Overall: 1.0343, Change: 1.6828), TF Ratio: 0.837
[2026-06-15 15:14:19,331][root][INFO] - Epoch [3/5], Batch [217/300], Loss: 1.0485 (Overall: 0.5919, Change: 1.2460), TF Ratio: 0.837
[2026-06-15 15:14:19,484][root][INFO] - Epoch [3/5], Batch [218/300], Loss: 1.0483 (Overall: 0.5699, Change: 1.4525), TF Ratio: 0.836
[2026-06-15 15:14:20,774][root][INFO] - Epoch [3/5], Batch [219/300], Loss: 1.0465 (Overall: 0.5294, Change: 0.7772), TF Ratio: 0.836
[2026-06-15 15:14:20,943][root][INFO] - Epoch [3/5], Batch [220/300], Loss: 1.0465 (Overall: 0.7858, Change: 1.3098), TF Ratio: 0.836
[2026-06-15 15:14:21,103][root][INFO] - Epoch [3/5], Batch [221/300], Loss: 1.0447 (Overall: 0.4856, Change: 0.8041), TF Ratio: 0.836
[2026-06-15 15:14:21,259][root][INFO] - Epoch [3/5], Batch [222/300], Loss: 1.0447 (Overall: 0.8236, Change: 1.2931), TF Ratio: 0.836
[2026-06-15 15:14:21,412][root][INFO] - Epoch [3/5], Batch [223/300], Loss: 1.0449 (Overall: 0.5957, Change: 1.5704), TF Ratio: 0.835
[2026-06-15 15:14:21,625][root][INFO] - Epoch [3/5], Batch [224/300], Loss: 1.0440 (Overall: 0.5256, Change: 1.1347), TF Ratio: 0.835
[2026-06-15 15:14:21,777][root][INFO] - Epoch [3/5], Batch [225/300], Loss: 1.0446 (Overall: 0.9115, Change: 1.4863), TF Ratio: 0.835
[2026-06-15 15:14:21,929][root][INFO] - Epoch [3/5], Batch [226/300], Loss: 1.0445 (Overall: 0.7447, Change: 1.2831), TF Ratio: 0.835
[2026-06-15 15:14:22,080][root][INFO] - Epoch [3/5], Batch [227/300], Loss: 1.0443 (Overall: 0.7750, Change: 1.1962), TF Ratio: 0.835
[2026-06-15 15:14:22,268][root][INFO] - Epoch [3/5], Batch [228/300], Loss: 1.0428 (Overall: 0.5634, Change: 0.8780), TF Ratio: 0.834
[2026-06-15 15:14:22,419][root][INFO] - Epoch [3/5], Batch [229/300], Loss: 1.0450 (Overall: 0.6516, Change: 2.4158), TF Ratio: 0.834
[2026-06-15 15:14:22,571][root][INFO] - Epoch [3/5], Batch [230/300], Loss: 1.0448 (Overall: 0.7621, Change: 1.2542), TF Ratio: 0.834
[2026-06-15 15:14:22,722][root][INFO] - Epoch [3/5], Batch [231/300], Loss: 1.0453 (Overall: 0.8140, Change: 1.4817), TF Ratio: 0.834
[2026-06-15 15:14:22,901][root][INFO] - Epoch [3/5], Batch [232/300], Loss: 1.0454 (Overall: 0.5306, Change: 1.6222), TF Ratio: 0.834
[2026-06-15 15:14:23,054][root][INFO] - Epoch [3/5], Batch [233/300], Loss: 1.0465 (Overall: 0.7381, Change: 1.8534), TF Ratio: 0.833
[2026-06-15 15:14:23,207][root][INFO] - Epoch [3/5], Batch [234/300], Loss: 1.0456 (Overall: 0.6771, Change: 1.0147), TF Ratio: 0.833
[2026-06-15 15:14:23,363][root][INFO] - Epoch [3/5], Batch [235/300], Loss: 1.0455 (Overall: 0.7073, Change: 1.3262), TF Ratio: 0.833
[2026-06-15 15:14:26,253][root][INFO] - Epoch [3/5], Batch [236/300], Loss: 1.0448 (Overall: 0.7223, Change: 1.0333), TF Ratio: 0.833
[2026-06-15 15:14:26,406][root][INFO] - Epoch [3/5], Batch [237/300], Loss: 1.0457 (Overall: 1.0143, Change: 1.5256), TF Ratio: 0.833
[2026-06-15 15:14:26,557][root][INFO] - Epoch [3/5], Batch [238/300], Loss: 1.0456 (Overall: 0.8120, Change: 1.2108), TF Ratio: 0.832
[2026-06-15 15:14:26,709][root][INFO] - Epoch [3/5], Batch [239/300], Loss: 1.0457 (Overall: 0.7145, Change: 1.4434), TF Ratio: 0.832
[2026-06-15 15:14:26,877][root][INFO] - Epoch [3/5], Batch [240/300], Loss: 1.0460 (Overall: 0.6923, Change: 1.5399), TF Ratio: 0.832
[2026-06-15 15:14:27,030][root][INFO] - Epoch [3/5], Batch [241/300], Loss: 1.0456 (Overall: 0.7848, Change: 1.1231), TF Ratio: 0.832
[2026-06-15 15:14:27,183][root][INFO] - Epoch [3/5], Batch [242/300], Loss: 1.0460 (Overall: 1.0498, Change: 1.2034), TF Ratio: 0.832
[2026-06-15 15:14:27,339][root][INFO] - Epoch [3/5], Batch [243/300], Loss: 1.0464 (Overall: 0.5457, Change: 1.7423), TF Ratio: 0.831
[2026-06-15 15:14:27,512][root][INFO] - Epoch [3/5], Batch [244/300], Loss: 1.0471 (Overall: 0.6938, Change: 1.7715), TF Ratio: 0.831
[2026-06-15 15:14:27,667][root][INFO] - Epoch [3/5], Batch [245/300], Loss: 1.0461 (Overall: 0.6650, Change: 0.9204), TF Ratio: 0.831
[2026-06-15 15:14:27,820][root][INFO] - Epoch [3/5], Batch [246/300], Loss: 1.0464 (Overall: 0.8330, Change: 1.4249), TF Ratio: 0.831
[2026-06-15 15:14:27,973][root][INFO] - Epoch [3/5], Batch [247/300], Loss: 1.0461 (Overall: 0.4655, Change: 1.4436), TF Ratio: 0.831
[2026-06-15 15:14:28,848][root][INFO] - Epoch [3/5], Batch [248/300], Loss: 1.0458 (Overall: 0.8842, Change: 1.0643), TF Ratio: 0.830
[2026-06-15 15:14:29,000][root][INFO] - Epoch [3/5], Batch [249/300], Loss: 1.0457 (Overall: 0.7635, Change: 1.3133), TF Ratio: 0.830
[2026-06-15 15:14:29,151][root][INFO] - Epoch [3/5], Batch [250/300], Loss: 1.0460 (Overall: 0.8725, Change: 1.3354), TF Ratio: 0.830
[2026-06-15 15:14:29,303][root][INFO] - Epoch [3/5], Batch [251/300], Loss: 1.0461 (Overall: 0.8851, Change: 1.2424), TF Ratio: 0.830
[2026-06-15 15:14:29,497][root][INFO] - Epoch [3/5], Batch [252/300], Loss: 1.0465 (Overall: 0.9743, Change: 1.3347), TF Ratio: 0.830
[2026-06-15 15:14:29,653][root][INFO] - Epoch [3/5], Batch [253/300], Loss: 1.0456 (Overall: 0.5684, Change: 1.0862), TF Ratio: 0.829
[2026-06-15 15:14:29,805][root][INFO] - Epoch [3/5], Batch [254/300], Loss: 1.0456 (Overall: 0.4636, Change: 1.6069), TF Ratio: 0.829
[2026-06-15 15:14:29,958][root][INFO] - Epoch [3/5], Batch [255/300], Loss: 1.0456 (Overall: 0.6664, Change: 1.4274), TF Ratio: 0.829
[2026-06-15 15:14:30,159][root][INFO] - Epoch [3/5], Batch [256/300], Loss: 1.0450 (Overall: 0.5082, Change: 1.2803), TF Ratio: 0.829
[2026-06-15 15:14:30,436][root][INFO] - Epoch [3/5], Batch [257/300], Loss: 1.0450 (Overall: 0.8848, Change: 1.1991), TF Ratio: 0.829
[2026-06-15 15:14:30,590][root][INFO] - Epoch [3/5], Batch [258/300], Loss: 1.0439 (Overall: 0.5945, Change: 0.9336), TF Ratio: 0.828
[2026-06-15 15:14:30,743][root][INFO] - Epoch [3/5], Batch [259/300], Loss: 1.0438 (Overall: 0.5949, Change: 1.4429), TF Ratio: 0.828
[2026-06-15 15:14:34,626][root][INFO] - Epoch [3/5], Batch [260/300], Loss: 1.0426 (Overall: 0.5169, Change: 0.9399), TF Ratio: 0.828
[2026-06-15 15:14:34,788][root][INFO] - Epoch [3/5], Batch [261/300], Loss: 1.0427 (Overall: 0.6395, Change: 1.4854), TF Ratio: 0.828
[2026-06-15 15:14:34,941][root][INFO] - Epoch [3/5], Batch [262/300], Loss: 1.0428 (Overall: 0.6687, Change: 1.5121), TF Ratio: 0.828
[2026-06-15 15:14:35,094][root][INFO] - Epoch [3/5], Batch [263/300], Loss: 1.0431 (Overall: 0.9706, Change: 1.2280), TF Ratio: 0.827
[2026-06-15 15:14:35,262][root][INFO] - Epoch [3/5], Batch [264/300], Loss: 1.0437 (Overall: 1.0961, Change: 1.3252), TF Ratio: 0.827
[2026-06-15 15:14:35,416][root][INFO] - Epoch [3/5], Batch [265/300], Loss: 1.0441 (Overall: 0.8497, Change: 1.4568), TF Ratio: 0.827
[2026-06-15 15:14:35,569][root][INFO] - Epoch [3/5], Batch [266/300], Loss: 1.0445 (Overall: 0.9121, Change: 1.3805), TF Ratio: 0.827
[2026-06-15 15:14:35,722][root][INFO] - Epoch [3/5], Batch [267/300], Loss: 1.0438 (Overall: 0.6074, Change: 1.1109), TF Ratio: 0.827
[2026-06-15 15:14:35,898][root][INFO] - Epoch [3/5], Batch [268/300], Loss: 1.0438 (Overall: 0.6860, Change: 1.3935), TF Ratio: 0.826
[2026-06-15 15:14:36,051][root][INFO] - Epoch [3/5], Batch [269/300], Loss: 1.0432 (Overall: 0.5486, Change: 1.2080), TF Ratio: 0.826
[2026-06-15 15:14:36,204][root][INFO] - Epoch [3/5], Batch [270/300], Loss: 1.0436 (Overall: 0.9333, Change: 1.4165), TF Ratio: 0.826
[2026-06-15 15:14:36,360][root][INFO] - Epoch [3/5], Batch [271/300], Loss: 1.0434 (Overall: 0.6677, Change: 1.3079), TF Ratio: 0.826
[2026-06-15 15:14:36,535][root][INFO] - Epoch [3/5], Batch [272/300], Loss: 1.0430 (Overall: 0.7240, Change: 1.1359), TF Ratio: 0.826
[2026-06-15 15:14:36,701][root][INFO] - Epoch [3/5], Batch [273/300], Loss: 1.0423 (Overall: 0.5263, Change: 1.1421), TF Ratio: 0.825
[2026-06-15 15:14:36,854][root][INFO] - Epoch [3/5], Batch [274/300], Loss: 1.0428 (Overall: 0.8436, Change: 1.5535), TF Ratio: 0.825
[2026-06-15 15:14:37,008][root][INFO] - Epoch [3/5], Batch [275/300], Loss: 1.0425 (Overall: 0.5913, Change: 1.3324), TF Ratio: 0.825
[2026-06-15 15:14:39,081][root][INFO] - Epoch [3/5], Batch [276/300], Loss: 1.0420 (Overall: 0.6735, Change: 1.0987), TF Ratio: 0.825
[2026-06-15 15:14:39,234][root][INFO] - Epoch [3/5], Batch [277/300], Loss: 1.0417 (Overall: 0.5982, Change: 1.3394), TF Ratio: 0.825
[2026-06-15 15:14:39,392][root][INFO] - Epoch [3/5], Batch [278/300], Loss: 1.0414 (Overall: 0.6178, Change: 1.2780), TF Ratio: 0.824
[2026-06-15 15:14:39,551][root][INFO] - Epoch [3/5], Batch [279/300], Loss: 1.0413 (Overall: 0.6074, Change: 1.4131), TF Ratio: 0.824
[2026-06-15 15:14:39,732][root][INFO] - Epoch [3/5], Batch [280/300], Loss: 1.0413 (Overall: 1.0275, Change: 1.0564), TF Ratio: 0.824
[2026-06-15 15:14:39,887][root][INFO] - Epoch [3/5], Batch [281/300], Loss: 1.0415 (Overall: 0.8128, Change: 1.4312), TF Ratio: 0.824
[2026-06-15 15:14:40,045][root][INFO] - Epoch [3/5], Batch [282/300], Loss: 1.0420 (Overall: 1.0179, Change: 1.3206), TF Ratio: 0.824
[2026-06-15 15:14:40,198][root][INFO] - Epoch [3/5], Batch [283/300], Loss: 1.0418 (Overall: 0.7382, Change: 1.2480), TF Ratio: 0.823
[2026-06-15 15:14:40,381][root][INFO] - Epoch [3/5], Batch [284/300], Loss: 1.0413 (Overall: 0.7096, Change: 1.0736), TF Ratio: 0.823
[2026-06-15 15:14:40,542][root][INFO] - Epoch [3/5], Batch [285/300], Loss: 1.0407 (Overall: 0.5277, Change: 1.2171), TF Ratio: 0.823
[2026-06-15 15:14:40,708][root][INFO] - Epoch [3/5], Batch [286/300], Loss: 1.0414 (Overall: 1.1670, Change: 1.3397), TF Ratio: 0.823
[2026-06-15 15:14:40,861][root][INFO] - Epoch [3/5], Batch [287/300], Loss: 1.0415 (Overall: 0.8132, Change: 1.2988), TF Ratio: 0.823
[2026-06-15 15:14:41,026][root][INFO] - Epoch [3/5], Batch [288/300], Loss: 1.0416 (Overall: 0.6642, Change: 1.4515), TF Ratio: 0.822
[2026-06-15 15:14:41,181][root][INFO] - Epoch [3/5], Batch [289/300], Loss: 1.0413 (Overall: 0.6949, Change: 1.2162), TF Ratio: 0.822
[2026-06-15 15:14:41,335][root][INFO] - Epoch [3/5], Batch [290/300], Loss: 1.0414 (Overall: 0.6685, Change: 1.4817), TF Ratio: 0.822
[2026-06-15 15:14:41,490][root][INFO] - Epoch [3/5], Batch [291/300], Loss: 1.0414 (Overall: 0.6573, Change: 1.4609), TF Ratio: 0.822
[2026-06-15 15:14:41,676][root][INFO] - Epoch [3/5], Batch [292/300], Loss: 1.0403 (Overall: 0.6160, Change: 0.8087), TF Ratio: 0.822
[2026-06-15 15:14:41,831][root][INFO] - Epoch [3/5], Batch [293/300], Loss: 1.0407 (Overall: 1.2700, Change: 1.0619), TF Ratio: 0.821
[2026-06-15 15:14:41,985][root][INFO] - Epoch [3/5], Batch [294/300], Loss: 1.0415 (Overall: 0.9339, Change: 1.5898), TF Ratio: 0.821
[2026-06-15 15:14:42,139][root][INFO] - Epoch [3/5], Batch [295/300], Loss: 1.0411 (Overall: 0.9332, Change: 0.8962), TF Ratio: 0.821
[2026-06-15 15:14:42,314][root][INFO] - Epoch [3/5], Batch [296/300], Loss: 1.0395 (Overall: 0.4021, Change: 0.7581), TF Ratio: 0.821
[2026-06-15 15:14:42,467][root][INFO] - Epoch [3/5], Batch [297/300], Loss: 1.0392 (Overall: 0.4719, Change: 1.4375), TF Ratio: 0.821
[2026-06-15 15:14:42,620][root][INFO] - Epoch [3/5], Batch [298/300], Loss: 1.0395 (Overall: 0.8371, Change: 1.4180), TF Ratio: 0.820
[2026-06-15 15:14:42,773][root][INFO] - Epoch [3/5], Batch [299/300], Loss: 1.0397 (Overall: 0.8020, Change: 1.4003), TF Ratio: 0.820
[2026-06-15 15:14:42,951][root][INFO] - Epoch [3/5], Batch [300/300], Loss: 1.0396 (Overall: 0.9100, Change: 1.1055), TF Ratio: 0.820
[2026-06-15 15:14:45,948][root][INFO] - Epoch 3 done. Validating...
[2026-06-15 15:15:03,277][root][INFO] - Epoch [3/5] | Train: 1.0523 | Val: 0.7511
[2026-06-15 15:15:03,448][root][INFO] - Checkpoint saved: /gpfs/scratch/bsc32/bsc096444/ai4land-tfm/trained_models/unet_impl/41825121/best_model.pth
[2026-06-15 15:15:03,633][root][INFO] - Checkpoint saved: /gpfs/scratch/bsc32/bsc096444/ai4land-tfm/trained_models/unet_impl/41825121/model_epoch_3.pth
[2026-06-15 15:15:08,115][root][INFO] - Epoch [4/5], Batch [1/300], Loss: 1.3770 (Overall: 0.8442, Change: 1.9097), TF Ratio: 0.820
[2026-06-15 15:15:08,271][root][INFO] - Epoch [4/5], Batch [2/300], Loss: 1.1443 (Overall: 0.9332, Change: 0.8900), TF Ratio: 0.820
[2026-06-15 15:15:08,427][root][INFO] - Epoch [4/5], Batch [3/300], Loss: 1.0132 (Overall: 0.5950, Change: 0.9072), TF Ratio: 0.819
[2026-06-15 15:15:13,306][root][INFO] - Epoch [4/5], Batch [4/300], Loss: 0.9381 (Overall: 0.3734, Change: 1.0516), TF Ratio: 0.819
[2026-06-15 15:15:13,458][root][INFO] - Epoch [4/5], Batch [5/300], Loss: 0.9286 (Overall: 0.6773, Change: 1.1047), TF Ratio: 0.819
[2026-06-15 15:15:13,610][root][INFO] - Epoch [4/5], Batch [6/300], Loss: 0.9382 (Overall: 0.6999, Change: 1.2717), TF Ratio: 0.819
[2026-06-15 15:15:13,761][root][INFO] - Epoch [4/5], Batch [7/300], Loss: 0.9550 (Overall: 0.6472, Change: 1.4651), TF Ratio: 0.819
[2026-06-15 15:15:13,948][root][INFO] - Epoch [4/5], Batch [8/300], Loss: 0.9848 (Overall: 0.8908, Change: 1.4962), TF Ratio: 0.818
[2026-06-15 15:15:14,100][root][INFO] - Epoch [4/5], Batch [9/300], Loss: 0.9923 (Overall: 0.6627, Change: 1.4418), TF Ratio: 0.818
[2026-06-15 15:15:14,252][root][INFO] - Epoch [4/5], Batch [10/300], Loss: 1.0132 (Overall: 0.8139, Change: 1.5882), TF Ratio: 0.818
[2026-06-15 15:15:14,405][root][INFO] - Epoch [4/5], Batch [11/300], Loss: 1.0156 (Overall: 0.6029, Change: 1.4763), TF Ratio: 0.818
[2026-06-15 15:15:19,049][root][INFO] - Epoch [4/5], Batch [12/300], Loss: 1.0316 (Overall: 0.8956, Change: 1.5204), TF Ratio: 0.818
[2026-06-15 15:15:19,206][root][INFO] - Epoch [4/5], Batch [13/300], Loss: 1.0193 (Overall: 0.7046, Change: 1.0373), TF Ratio: 0.817
[2026-06-15 15:15:19,359][root][INFO] - Epoch [4/5], Batch [14/300], Loss: 1.0002 (Overall: 0.5907, Change: 0.9133), TF Ratio: 0.817
[2026-06-15 15:15:19,512][root][INFO] - Epoch [4/5], Batch [15/300], Loss: 0.9906 (Overall: 0.5656, Change: 1.1464), TF Ratio: 0.817
[2026-06-15 15:15:21,272][root][INFO] - Epoch [4/5], Batch [16/300], Loss: 0.9880 (Overall: 0.5856, Change: 1.3147), TF Ratio: 0.817
[2026-06-15 15:15:21,425][root][INFO] - Epoch [4/5], Batch [17/300], Loss: 0.9913 (Overall: 0.7346, Change: 1.3519), TF Ratio: 0.817
[2026-06-15 15:15:21,581][root][INFO] - Epoch [4/5], Batch [18/300], Loss: 0.9893 (Overall: 0.7267, Change: 1.1848), TF Ratio: 0.816
[2026-06-15 15:15:21,733][root][INFO] - Epoch [4/5], Batch [19/300], Loss: 0.9730 (Overall: 0.6638, Change: 0.6966), TF Ratio: 0.816
[2026-06-15 15:15:21,908][root][INFO] - Epoch [4/5], Batch [20/300], Loss: 0.9802 (Overall: 0.6939, Change: 1.5394), TF Ratio: 0.816
[2026-06-15 15:15:22,062][root][INFO] - Epoch [4/5], Batch [21/300], Loss: 0.9692 (Overall: 0.5391, Change: 0.9593), TF Ratio: 0.816
[2026-06-15 15:15:22,215][root][INFO] - Epoch [4/5], Batch [22/300], Loss: 0.9727 (Overall: 0.7610, Change: 1.3292), TF Ratio: 0.816
[2026-06-15 15:15:22,368][root][INFO] - Epoch [4/5], Batch [23/300], Loss: 0.9736 (Overall: 0.7792, Change: 1.2076), TF Ratio: 0.815
[2026-06-15 15:15:22,555][root][INFO] - Epoch [4/5], Batch [24/300], Loss: 0.9913 (Overall: 0.9412, Change: 1.8572), TF Ratio: 0.815
[2026-06-15 15:15:22,709][root][INFO] - Epoch [4/5], Batch [25/300], Loss: 0.9868 (Overall: 0.5025, Change: 1.2550), TF Ratio: 0.815
[2026-06-15 15:15:22,861][root][INFO] - Epoch [4/5], Batch [26/300], Loss: 0.9959 (Overall: 0.9428, Change: 1.5057), TF Ratio: 0.815
[2026-06-15 15:15:23,013][root][INFO] - Epoch [4/5], Batch [27/300], Loss: 0.9968 (Overall: 0.6612, Change: 1.3754), TF Ratio: 0.815
[2026-06-15 15:15:25,938][root][INFO] - Epoch [4/5], Batch [28/300], Loss: 1.0027 (Overall: 0.6811, Change: 1.6471), TF Ratio: 0.814
[2026-06-15 15:15:26,090][root][INFO] - Epoch [4/5], Batch [29/300], Loss: 0.9958 (Overall: 0.5192, Change: 1.0826), TF Ratio: 0.814
[2026-06-15 15:15:26,242][root][INFO] - Epoch [4/5], Batch [30/300], Loss: 1.0039 (Overall: 0.9731, Change: 1.5035), TF Ratio: 0.814
[2026-06-15 15:15:26,394][root][INFO] - Epoch [4/5], Batch [31/300], Loss: 0.9934 (Overall: 0.5872, Change: 0.7691), TF Ratio: 0.814
[2026-06-15 15:15:26,562][root][INFO] - Epoch [4/5], Batch [32/300], Loss: 0.9935 (Overall: 0.8194, Change: 1.1793), TF Ratio: 0.814
[2026-06-15 15:15:26,716][root][INFO] - Epoch [4/5], Batch [33/300], Loss: 0.9910 (Overall: 0.6966, Change: 1.1255), TF Ratio: 0.813
[2026-06-15 15:15:26,868][root][INFO] - Epoch [4/5], Batch [34/300], Loss: 0.9883 (Overall: 0.6889, Change: 1.1085), TF Ratio: 0.813
[2026-06-15 15:15:27,021][root][INFO] - Epoch [4/5], Batch [35/300], Loss: 0.9881 (Overall: 0.8791, Change: 1.0784), TF Ratio: 0.813
[2026-06-15 15:15:27,218][root][INFO] - Epoch [4/5], Batch [36/300], Loss: 0.9906 (Overall: 0.9290, Change: 1.2289), TF Ratio: 0.813
[2026-06-15 15:15:27,371][root][INFO] - Epoch [4/5], Batch [37/300], Loss: 0.9927 (Overall: 0.6130, Change: 1.5249), TF Ratio: 0.813
[2026-06-15 15:15:27,523][root][INFO] - Epoch [4/5], Batch [38/300], Loss: 1.0028 (Overall: 0.9862, Change: 1.7693), TF Ratio: 0.812
[2026-06-15 15:15:27,676][root][INFO] - Epoch [4/5], Batch [39/300], Loss: 1.0029 (Overall: 0.8522, Change: 1.1587), TF Ratio: 0.812
[2026-06-15 15:15:28,259][root][INFO] - Epoch [4/5], Batch [40/300], Loss: 0.9955 (Overall: 0.5306, Change: 0.8825), TF Ratio: 0.812
[2026-06-15 15:15:28,413][root][INFO] - Epoch [4/5], Batch [41/300], Loss: 1.0181 (Overall: 0.4924, Change: 3.3491), TF Ratio: 0.812
[2026-06-15 15:15:28,570][root][INFO] - Epoch [4/5], Batch [42/300], Loss: 1.0131 (Overall: 0.4046, Change: 1.2180), TF Ratio: 0.812
[2026-06-15 15:15:28,722][root][INFO] - Epoch [4/5], Batch [43/300], Loss: 1.0143 (Overall: 0.8660, Change: 1.2603), TF Ratio: 0.811
[2026-06-15 15:15:28,899][root][INFO] - Epoch [4/5], Batch [44/300], Loss: 1.0112 (Overall: 0.5462, Change: 1.2062), TF Ratio: 0.811
[2026-06-15 15:15:29,052][root][INFO] - Epoch [4/5], Batch [45/300], Loss: 1.0128 (Overall: 0.8045, Change: 1.3662), TF Ratio: 0.811
[2026-06-15 15:15:29,205][root][INFO] - Epoch [4/5], Batch [46/300], Loss: 1.0082 (Overall: 0.6247, Change: 0.9752), TF Ratio: 0.811
[2026-06-15 15:15:29,357][root][INFO] - Epoch [4/5], Batch [47/300], Loss: 1.0094 (Overall: 0.6724, Change: 1.4582), TF Ratio: 0.811
[2026-06-15 15:15:29,536][root][INFO] - Epoch [4/5], Batch [48/300], Loss: 1.0072 (Overall: 0.7973, Change: 1.0091), TF Ratio: 0.810
[2026-06-15 15:15:29,690][root][INFO] - Epoch [4/5], Batch [49/300], Loss: 1.0109 (Overall: 0.7505, Change: 1.6240), TF Ratio: 0.810
[2026-06-15 15:15:29,844][root][INFO] - Epoch [4/5], Batch [50/300], Loss: 1.0095 (Overall: 0.4461, Change: 1.4405), TF Ratio: 0.810
[2026-06-15 15:15:30,000][root][INFO] - Epoch [4/5], Batch [51/300], Loss: 1.0104 (Overall: 0.7271, Change: 1.3840), TF Ratio: 0.810
[2026-06-15 15:15:30,212][root][INFO] - Epoch [4/5], Batch [52/300], Loss: 1.0094 (Overall: 0.4578, Change: 1.4600), TF Ratio: 0.810
[2026-06-15 15:15:30,366][root][INFO] - Epoch [4/5], Batch [53/300], Loss: 1.0056 (Overall: 0.5014, Change: 1.1135), TF Ratio: 0.809
[2026-06-15 15:15:30,518][root][INFO] - Epoch [4/5], Batch [54/300], Loss: 1.0033 (Overall: 0.6754, Change: 1.0816), TF Ratio: 0.809
[2026-06-15 15:15:30,671][root][INFO] - Epoch [4/5], Batch [55/300], Loss: 1.0069 (Overall: 0.9162, Change: 1.4881), TF Ratio: 0.809
[2026-06-15 15:15:30,860][root][INFO] - Epoch [4/5], Batch [56/300], Loss: 1.0034 (Overall: 0.5023, Change: 1.1228), TF Ratio: 0.809
[2026-06-15 15:15:31,013][root][INFO] - Epoch [4/5], Batch [57/300], Loss: 1.0019 (Overall: 0.7593, Change: 1.0727), TF Ratio: 0.809
[2026-06-15 15:15:31,166][root][INFO] - Epoch [4/5], Batch [58/300], Loss: 0.9994 (Overall: 0.6429, Change: 1.0800), TF Ratio: 0.808
[2026-06-15 15:15:31,319][root][INFO] - Epoch [4/5], Batch [59/300], Loss: 0.9976 (Overall: 0.5942, Change: 1.1812), TF Ratio: 0.808
[2026-06-15 15:15:31,503][root][INFO] - Epoch [4/5], Batch [60/300], Loss: 0.9932 (Overall: 0.5557, Change: 0.9135), TF Ratio: 0.808
[2026-06-15 15:15:31,657][root][INFO] - Epoch [4/5], Batch [61/300], Loss: 0.9965 (Overall: 0.8326, Change: 1.5564), TF Ratio: 0.808
[2026-06-15 15:15:31,821][root][INFO] - Epoch [4/5], Batch [62/300], Loss: 0.9973 (Overall: 0.6155, Change: 1.4840), TF Ratio: 0.808
[2026-06-15 15:15:31,975][root][INFO] - Epoch [4/5], Batch [63/300], Loss: 0.9962 (Overall: 0.7004, Change: 1.1514), TF Ratio: 0.807
[2026-06-15 15:15:34,225][root][INFO] - Epoch [4/5], Batch [64/300], Loss: 0.9966 (Overall: 0.7360, Change: 1.3033), TF Ratio: 0.807
[2026-06-15 15:15:34,378][root][INFO] - Epoch [4/5], Batch [65/300], Loss: 0.9917 (Overall: 0.6391, Change: 0.7163), TF Ratio: 0.807
[2026-06-15 15:15:34,530][root][INFO] - Epoch [4/5], Batch [66/300], Loss: 0.9929 (Overall: 0.6410, Change: 1.5036), TF Ratio: 0.807
[2026-06-15 15:15:34,682][root][INFO] - Epoch [4/5], Batch [67/300], Loss: 0.9932 (Overall: 0.6484, Change: 1.3770), TF Ratio: 0.807
[2026-06-15 15:15:34,864][root][INFO] - Epoch [4/5], Batch [68/300], Loss: 0.9919 (Overall: 0.4502, Change: 1.3588), TF Ratio: 0.806
[2026-06-15 15:15:35,022][root][INFO] - Epoch [4/5], Batch [69/300], Loss: 0.9999 (Overall: 0.8798, Change: 2.2178), TF Ratio: 0.806
[2026-06-15 15:15:35,181][root][INFO] - Epoch [4/5], Batch [70/300], Loss: 1.0002 (Overall: 0.6111, Change: 1.4189), TF Ratio: 0.806
[2026-06-15 15:15:35,334][root][INFO] - Epoch [4/5], Batch [71/300], Loss: 1.0022 (Overall: 0.5809, Change: 1.7064), TF Ratio: 0.806
[2026-06-15 15:15:35,498][root][INFO] - Epoch [4/5], Batch [72/300], Loss: 1.0030 (Overall: 0.7517, Change: 1.3679), TF Ratio: 0.806
[2026-06-15 15:15:35,654][root][INFO] - Epoch [4/5], Batch [73/300], Loss: 1.0003 (Overall: 0.4432, Change: 1.1723), TF Ratio: 0.805
[2026-06-15 15:15:35,807][root][INFO] - Epoch [4/5], Batch [74/300], Loss: 0.9993 (Overall: 0.5403, Change: 1.3157), TF Ratio: 0.805
[2026-06-15 15:15:35,966][root][INFO] - Epoch [4/5], Batch [75/300], Loss: 1.0014 (Overall: 0.5246, Change: 1.7825), TF Ratio: 0.805
[2026-06-15 15:15:37,261][root][INFO] - Epoch [4/5], Batch [76/300], Loss: 1.0024 (Overall: 0.9054, Change: 1.2508), TF Ratio: 0.805
[2026-06-15 15:15:37,414][root][INFO] - Epoch [4/5], Batch [77/300], Loss: 1.0051 (Overall: 0.8083, Change: 1.6117), TF Ratio: 0.805
[2026-06-15 15:15:37,566][root][INFO] - Epoch [4/5], Batch [78/300], Loss: 1.0051 (Overall: 0.5736, Change: 1.4392), TF Ratio: 0.804
[2026-06-15 15:15:37,717][root][INFO] - Epoch [4/5], Batch [79/300], Loss: 1.0042 (Overall: 0.7748, Change: 1.0859), TF Ratio: 0.804
[2026-06-15 15:15:37,880][root][INFO] - Epoch [4/5], Batch [80/300], Loss: 1.0048 (Overall: 0.5899, Change: 1.5244), TF Ratio: 0.804
[2026-06-15 15:15:38,040][root][INFO] - Epoch [4/5], Batch [81/300], Loss: 1.0046 (Overall: 0.6106, Change: 1.3649), TF Ratio: 0.804
[2026-06-15 15:15:38,192][root][INFO] - Epoch [4/5], Batch [82/300], Loss: 1.0086 (Overall: 0.8223, Change: 1.8456), TF Ratio: 0.804
[2026-06-15 15:15:38,345][root][INFO] - Epoch [4/5], Batch [83/300], Loss: 1.0081 (Overall: 0.5914, Change: 1.3457), TF Ratio: 0.803
[2026-06-15 15:15:38,522][root][INFO] - Epoch [4/5], Batch [84/300], Loss: 1.0111 (Overall: 1.0890, Change: 1.4180), TF Ratio: 0.803
[2026-06-15 15:15:38,676][root][INFO] - Epoch [4/5], Batch [85/300], Loss: 1.0112 (Overall: 0.5869, Change: 1.4592), TF Ratio: 0.803
[2026-06-15 15:15:38,829][root][INFO] - Epoch [4/5], Batch [86/300], Loss: 1.0116 (Overall: 0.5366, Change: 1.5600), TF Ratio: 0.803
[2026-06-15 15:15:38,982][root][INFO] - Epoch [4/5], Batch [87/300], Loss: 1.0117 (Overall: 0.7678, Change: 1.2596), TF Ratio: 0.803
[2026-06-15 15:15:39,183][root][INFO] - Epoch [4/5], Batch [88/300], Loss: 1.0118 (Overall: 0.6941, Change: 1.3590), TF Ratio: 0.802
[2026-06-15 15:15:39,339][root][INFO] - Epoch [4/5], Batch [89/300], Loss: 1.0125 (Overall: 0.7377, Change: 1.3985), TF Ratio: 0.802
[2026-06-15 15:15:39,503][root][INFO] - Epoch [4/5], Batch [90/300], Loss: 1.0114 (Overall: 0.6751, Change: 1.1588), TF Ratio: 0.802
[2026-06-15 15:15:39,655][root][INFO] - Epoch [4/5], Batch [91/300], Loss: 1.0106 (Overall: 0.5997, Change: 1.2836), TF Ratio: 0.802
[2026-06-15 15:15:39,826][root][INFO] - Epoch [4/5], Batch [92/300], Loss: 1.0164 (Overall: 1.6410, Change: 1.4421), TF Ratio: 0.802
[2026-06-15 15:15:39,980][root][INFO] - Epoch [4/5], Batch [93/300], Loss: 1.0173 (Overall: 0.8743, Change: 1.3274), TF Ratio: 0.801
[2026-06-15 15:15:40,132][root][INFO] - Epoch [4/5], Batch [94/300], Loss: 1.0193 (Overall: 0.9100, Change: 1.4929), TF Ratio: 0.801
[2026-06-15 15:15:40,284][root][INFO] - Epoch [4/5], Batch [95/300], Loss: 1.0220 (Overall: 0.7539, Change: 1.7962), TF Ratio: 0.801
[2026-06-15 15:15:40,775][root][INFO] - Epoch [4/5], Batch [96/300], Loss: 1.0226 (Overall: 0.8169, Change: 1.3431), TF Ratio: 0.801
[2026-06-15 15:15:40,927][root][INFO] - Epoch [4/5], Batch [97/300], Loss: 1.0210 (Overall: 0.7532, Change: 0.9940), TF Ratio: 0.801
[2026-06-15 15:15:41,083][root][INFO] - Epoch [4/5], Batch [98/300], Loss: 1.0198 (Overall: 0.7912, Change: 1.0137), TF Ratio: 0.800
[2026-06-15 15:15:41,235][root][INFO] - Epoch [4/5], Batch [99/300], Loss: 1.0193 (Overall: 0.9353, Change: 0.9988), TF Ratio: 0.800
[2026-06-15 15:15:41,420][root][INFO] - Epoch [4/5], Batch [100/300], Loss: 1.0211 (Overall: 0.7904, Change: 1.6183), TF Ratio: 0.800
[2026-06-15 15:15:41,574][root][INFO] - Epoch [4/5], Batch [101/300], Loss: 1.0197 (Overall: 0.6306, Change: 1.1108), TF Ratio: 0.800
[2026-06-15 15:15:41,727][root][INFO] - Epoch [4/5], Batch [102/300], Loss: 1.0220 (Overall: 1.0817, Change: 1.4356), TF Ratio: 0.800
[2026-06-15 15:15:41,879][root][INFO] - Epoch [4/5], Batch [103/300], Loss: 1.0227 (Overall: 0.5814, Change: 1.5986), TF Ratio: 0.799
[2026-06-15 15:15:42,062][root][INFO] - Epoch [4/5], Batch [104/300], Loss: 1.0222 (Overall: 0.8021, Change: 1.1567), TF Ratio: 0.799
[2026-06-15 15:15:42,215][root][INFO] - Epoch [4/5], Batch [105/300], Loss: 1.0202 (Overall: 0.5141, Change: 1.1054), TF Ratio: 0.799
[2026-06-15 15:15:42,368][root][INFO] - Epoch [4/5], Batch [106/300], Loss: 1.0193 (Overall: 0.6031, Change: 1.2531), TF Ratio: 0.799
[2026-06-15 15:15:42,520][root][INFO] - Epoch [4/5], Batch [107/300], Loss: 1.0207 (Overall: 0.5760, Change: 1.7577), TF Ratio: 0.799
[2026-06-15 15:15:43,188][root][INFO] - Epoch [4/5], Batch [108/300], Loss: 1.0189 (Overall: 0.7910, Change: 0.8616), TF Ratio: 0.798
[2026-06-15 15:15:43,507][root][INFO] - Epoch [4/5], Batch [109/300], Loss: 1.0194 (Overall: 0.7885, Change: 1.3559), TF Ratio: 0.798
[2026-06-15 15:15:43,660][root][INFO] - Epoch [4/5], Batch [110/300], Loss: 1.0223 (Overall: 1.2347, Change: 1.4330), TF Ratio: 0.798
[2026-06-15 15:15:43,814][root][INFO] - Epoch [4/5], Batch [111/300], Loss: 1.0203 (Overall: 0.7313, Change: 0.8777), TF Ratio: 0.798
[2026-06-15 15:15:44,003][root][INFO] - Epoch [4/5], Batch [112/300], Loss: 1.0203 (Overall: 0.6472, Change: 1.4007), TF Ratio: 0.798
[2026-06-15 15:15:44,156][root][INFO] - Epoch [4/5], Batch [113/300], Loss: 1.0182 (Overall: 0.7044, Change: 0.8495), TF Ratio: 0.797
[2026-06-15 15:15:44,309][root][INFO] - Epoch [4/5], Batch [114/300], Loss: 1.0173 (Overall: 0.6150, Change: 1.2084), TF Ratio: 0.797
[2026-06-15 15:15:44,462][root][INFO] - Epoch [4/5], Batch [115/300], Loss: 1.0150 (Overall: 0.5300, Change: 0.9821), TF Ratio: 0.797
[2026-06-15 15:15:44,635][root][INFO] - Epoch [4/5], Batch [116/300], Loss: 1.0157 (Overall: 0.7179, Change: 1.4842), TF Ratio: 0.797
[2026-06-15 15:15:44,787][root][INFO] - Epoch [4/5], Batch [117/300], Loss: 1.0166 (Overall: 0.7670, Change: 1.4704), TF Ratio: 0.797
[2026-06-15 15:15:46,058][root][INFO] - Epoch [4/5], Batch [118/300], Loss: 1.0177 (Overall: 1.1088, Change: 1.1814), TF Ratio: 0.796
[2026-06-15 15:15:46,209][root][INFO] - Epoch [4/5], Batch [119/300], Loss: 1.0177 (Overall: 0.6687, Change: 1.3784), TF Ratio: 0.796
[2026-06-15 15:15:46,372][root][INFO] - Epoch [4/5], Batch [120/300], Loss: 1.0169 (Overall: 0.8056, Change: 1.0211), TF Ratio: 0.796
[2026-06-15 15:15:46,526][root][INFO] - Epoch [4/5], Batch [121/300], Loss: 1.0143 (Overall: 0.4995, Change: 0.9143), TF Ratio: 0.796
[2026-06-15 15:15:46,685][root][INFO] - Epoch [4/5], Batch [122/300], Loss: 1.0146 (Overall: 0.8093, Change: 1.2775), TF Ratio: 0.796
[2026-06-15 15:15:46,836][root][INFO] - Epoch [4/5], Batch [123/300], Loss: 1.0163 (Overall: 0.9969, Change: 1.4546), TF Ratio: 0.795
[2026-06-15 15:15:47,000][root][INFO] - Epoch [4/5], Batch [124/300], Loss: 1.0159 (Overall: 0.7536, Change: 1.1796), TF Ratio: 0.795
[2026-06-15 15:15:47,152][root][INFO] - Epoch [4/5], Batch [125/300], Loss: 1.0153 (Overall: 0.6174, Change: 1.2734), TF Ratio: 0.795
[2026-06-15 15:15:47,303][root][INFO] - Epoch [4/5], Batch [126/300], Loss: 1.0161 (Overall: 0.8231, Change: 1.4017), TF Ratio: 0.795
[2026-06-15 15:15:47,455][root][INFO] - Epoch [4/5], Batch [127/300], Loss: 1.0161 (Overall: 0.7884, Change: 1.2420), TF Ratio: 0.795
[2026-06-15 15:15:49,919][root][INFO] - Epoch [4/5], Batch [128/300], Loss: 1.0151 (Overall: 0.7638, Change: 1.0244), TF Ratio: 0.794
[2026-06-15 15:15:50,075][root][INFO] - Epoch [4/5], Batch [129/300], Loss: 1.0161 (Overall: 0.7771, Change: 1.4948), TF Ratio: 0.794
[2026-06-15 15:15:50,228][root][INFO] - Epoch [4/5], Batch [130/300], Loss: 1.0161 (Overall: 0.7805, Change: 1.2655), TF Ratio: 0.794
[2026-06-15 15:15:50,382][root][INFO] - Epoch [4/5], Batch [131/300], Loss: 1.0196 (Overall: 1.0171, Change: 1.9393), TF Ratio: 0.794
[2026-06-15 15:15:50,561][root][INFO] - Epoch [4/5], Batch [132/300], Loss: 1.0194 (Overall: 0.7522, Change: 1.2293), TF Ratio: 0.794
[2026-06-15 15:15:50,715][root][INFO] - Epoch [4/5], Batch [133/300], Loss: 1.0179 (Overall: 0.5678, Change: 1.0716), TF Ratio: 0.793
[2026-06-15 15:15:50,867][root][INFO] - Epoch [4/5], Batch [134/300], Loss: 1.0177 (Overall: 0.5741, Change: 1.3933), TF Ratio: 0.793
[2026-06-15 15:15:51,022][root][INFO] - Epoch [4/5], Batch [135/300], Loss: 1.0193 (Overall: 0.9451, Change: 1.5332), TF Ratio: 0.793
[2026-06-15 15:15:51,189][root][INFO] - Epoch [4/5], Batch [136/300], Loss: 1.0195 (Overall: 0.5268, Change: 1.5728), TF Ratio: 0.793
[2026-06-15 15:15:51,342][root][INFO] - Epoch [4/5], Batch [137/300], Loss: 1.0201 (Overall: 0.7837, Change: 1.4179), TF Ratio: 0.793
[2026-06-15 15:15:51,495][root][INFO] - Epoch [4/5], Batch [138/300], Loss: 1.0190 (Overall: 0.7497, Change: 0.9827), TF Ratio: 0.792
[2026-06-15 15:15:51,647][root][INFO] - Epoch [4/5], Batch [139/300], Loss: 1.0190 (Overall: 0.6160, Change: 1.4290), TF Ratio: 0.792
[2026-06-15 15:15:52,974][root][INFO] - Epoch [4/5], Batch [140/300], Loss: 1.0189 (Overall: 0.8065, Change: 1.2002), TF Ratio: 0.792
[2026-06-15 15:15:53,126][root][INFO] - Epoch [4/5], Batch [141/300], Loss: 1.0174 (Overall: 0.6468, Change: 0.9615), TF Ratio: 0.792
[2026-06-15 15:15:53,285][root][INFO] - Epoch [4/5], Batch [142/300], Loss: 1.0171 (Overall: 0.5154, Change: 1.4495), TF Ratio: 0.792
[2026-06-15 15:15:53,436][root][INFO] - Epoch [4/5], Batch [143/300], Loss: 1.0164 (Overall: 0.4747, Change: 1.3543), TF Ratio: 0.791
[2026-06-15 15:15:53,600][root][INFO] - Epoch [4/5], Batch [144/300], Loss: 1.0181 (Overall: 1.0587, Change: 1.4451), TF Ratio: 0.791
[2026-06-15 15:15:53,753][root][INFO] - Epoch [4/5], Batch [145/300], Loss: 1.0174 (Overall: 0.7908, Change: 1.0436), TF Ratio: 0.791
[2026-06-15 15:15:53,904][root][INFO] - Epoch [4/5], Batch [146/300], Loss: 1.0161 (Overall: 0.5279, Change: 1.1323), TF Ratio: 0.791
[2026-06-15 15:15:54,056][root][INFO] - Epoch [4/5], Batch [147/300], Loss: 1.0162 (Overall: 0.5938, Change: 1.4670), TF Ratio: 0.791
[2026-06-15 15:15:54,243][root][INFO] - Epoch [4/5], Batch [148/300], Loss: 1.0155 (Overall: 0.6077, Change: 1.2098), TF Ratio: 0.790
[2026-06-15 15:15:54,397][root][INFO] - Epoch [4/5], Batch [149/300], Loss: 1.0153 (Overall: 0.5468, Change: 1.4364), TF Ratio: 0.790
[2026-06-15 15:15:54,558][root][INFO] - Epoch [4/5], Batch [150/300], Loss: 1.0133 (Overall: 0.7077, Change: 0.7288), TF Ratio: 0.790
[2026-06-15 15:15:54,711][root][INFO] - Epoch [4/5], Batch [151/300], Loss: 1.0143 (Overall: 1.0154, Change: 1.2974), TF Ratio: 0.790
[2026-06-15 15:15:57,335][root][INFO] - Epoch [4/5], Batch [152/300], Loss: 1.0131 (Overall: 0.6307, Change: 1.0548), TF Ratio: 0.790
[2026-06-15 15:15:57,499][root][INFO] - Epoch [4/5], Batch [153/300], Loss: 1.0133 (Overall: 0.7818, Change: 1.2865), TF Ratio: 0.789
[2026-06-15 15:15:57,651][root][INFO] - Epoch [4/5], Batch [154/300], Loss: 1.0127 (Overall: 0.5077, Change: 1.3380), TF Ratio: 0.789
[2026-06-15 15:15:57,803][root][INFO] - Epoch [4/5], Batch [155/300], Loss: 1.0123 (Overall: 0.4188, Change: 1.4948), TF Ratio: 0.789
[2026-06-15 15:15:57,964][root][INFO] - Epoch [4/5], Batch [156/300], Loss: 1.0128 (Overall: 0.6753, Change: 1.5021), TF Ratio: 0.789
[2026-06-15 15:15:58,121][root][INFO] - Epoch [4/5], Batch [157/300], Loss: 1.0113 (Overall: 0.5391, Change: 1.0088), TF Ratio: 0.789
[2026-06-15 15:15:58,273][root][INFO] - Epoch [4/5], Batch [158/300], Loss: 1.0114 (Overall: 0.4211, Change: 1.6393), TF Ratio: 0.788
[2026-06-15 15:15:58,432][root][INFO] - Epoch [4/5], Batch [159/300], Loss: 1.0127 (Overall: 0.6862, Change: 1.7351), TF Ratio: 0.788
[2026-06-15 15:15:58,627][root][INFO] - Epoch [4/5], Batch [160/300], Loss: 1.0132 (Overall: 0.8450, Change: 1.3494), TF Ratio: 0.788
[2026-06-15 15:15:58,781][root][INFO] - Epoch [4/5], Batch [161/300], Loss: 1.0133 (Overall: 0.7594, Change: 1.2908), TF Ratio: 0.788
[2026-06-15 15:15:58,934][root][INFO] - Epoch [4/5], Batch [162/300], Loss: 1.0139 (Overall: 0.7061, Change: 1.5184), TF Ratio: 0.788
[2026-06-15 15:15:59,097][root][INFO] - Epoch [4/5], Batch [163/300], Loss: 1.0137 (Overall: 0.4760, Change: 1.4919), TF Ratio: 0.787
[2026-06-15 15:16:03,865][root][INFO] - Epoch [4/5], Batch [164/300], Loss: 1.0141 (Overall: 0.7400, Change: 1.4113), TF Ratio: 0.787
[2026-06-15 15:16:04,018][root][INFO] - Epoch [4/5], Batch [165/300], Loss: 1.0145 (Overall: 0.6000, Change: 1.5827), TF Ratio: 0.787
[2026-06-15 15:16:04,171][root][INFO] - Epoch [4/5], Batch [166/300], Loss: 1.0144 (Overall: 0.6489, Change: 1.3226), TF Ratio: 0.787
[2026-06-15 15:16:04,324][root][INFO] - Epoch [4/5], Batch [167/300], Loss: 1.0122 (Overall: 0.3109, Change: 1.0062), TF Ratio: 0.787
[2026-06-15 15:16:04,499][root][INFO] - Epoch [4/5], Batch [168/300], Loss: 1.0126 (Overall: 0.6821, Change: 1.4513), TF Ratio: 0.786
[2026-06-15 15:16:04,652][root][INFO] - Epoch [4/5], Batch [169/300], Loss: 1.0121 (Overall: 0.6916, Change: 1.1854), TF Ratio: 0.786
[2026-06-15 15:16:04,806][root][INFO] - Epoch [4/5], Batch [170/300], Loss: 1.0123 (Overall: 0.5795, Change: 1.5008), TF Ratio: 0.786
[2026-06-15 15:16:04,960][root][INFO] - Epoch [4/5], Batch [171/300], Loss: 1.0127 (Overall: 0.6744, Change: 1.4955), TF Ratio: 0.786
[2026-06-15 15:16:05,144][root][INFO] - Epoch [4/5], Batch [172/300], Loss: 1.0126 (Overall: 0.5264, Change: 1.4694), TF Ratio: 0.786
[2026-06-15 15:16:05,308][root][INFO] - Epoch [4/5], Batch [173/300], Loss: 1.0106 (Overall: 0.4574, Change: 0.8621), TF Ratio: 0.785
[2026-06-15 15:16:05,461][root][INFO] - Epoch [4/5], Batch [174/300], Loss: 1.0114 (Overall: 0.7474, Change: 1.5512), TF Ratio: 0.785
[2026-06-15 15:16:05,615][root][INFO] - Epoch [4/5], Batch [175/300], Loss: 1.0114 (Overall: 0.8578, Change: 1.1845), TF Ratio: 0.785
[2026-06-15 15:16:05,811][root][INFO] - Epoch [4/5], Batch [176/300], Loss: 1.0120 (Overall: 0.6328, Change: 1.5763), TF Ratio: 0.785
[2026-06-15 15:16:05,964][root][INFO] - Epoch [4/5], Batch [177/300], Loss: 1.0124 (Overall: 0.8435, Change: 1.3186), TF Ratio: 0.785
[2026-06-15 15:16:06,125][root][INFO] - Epoch [4/5], Batch [178/300], Loss: 1.0131 (Overall: 0.5930, Change: 1.6916), TF Ratio: 0.784
[2026-06-15 15:16:06,279][root][INFO] - Epoch [4/5], Batch [179/300], Loss: 1.0117 (Overall: 0.6169, Change: 0.9080), TF Ratio: 0.784
[2026-06-15 15:16:06,458][root][INFO] - Epoch [4/5], Batch [180/300], Loss: 1.0112 (Overall: 0.4562, Change: 1.3871), TF Ratio: 0.784
[2026-06-15 15:16:06,611][root][INFO] - Epoch [4/5], Batch [181/300], Loss: 1.0106 (Overall: 0.6042, Change: 1.1936), TF Ratio: 0.784
[2026-06-15 15:16:06,764][root][INFO] - Epoch [4/5], Batch [182/300], Loss: 1.0098 (Overall: 0.5662, Change: 1.1706), TF Ratio: 0.784
[2026-06-15 15:16:06,916][root][INFO] - Epoch [4/5], Batch [183/300], Loss: 1.0093 (Overall: 0.6651, Change: 1.1909), TF Ratio: 0.783
[2026-06-15 15:16:07,098][root][INFO] - Epoch [4/5], Batch [184/300], Loss: 1.0097 (Overall: 0.8491, Change: 1.3079), TF Ratio: 0.783
[2026-06-15 15:16:07,251][root][INFO] - Epoch [4/5], Batch [185/300], Loss: 1.0096 (Overall: 0.5047, Change: 1.4668), TF Ratio: 0.783
[2026-06-15 15:16:07,407][root][INFO] - Epoch [4/5], Batch [186/300], Loss: 1.0110 (Overall: 1.0739, Change: 1.4573), TF Ratio: 0.783
[2026-06-15 15:16:07,560][root][INFO] - Epoch [4/5], Batch [187/300], Loss: 1.0099 (Overall: 0.4128, Change: 1.2140), TF Ratio: 0.783
[2026-06-15 15:16:07,745][root][INFO] - Epoch [4/5], Batch [188/300], Loss: 1.0090 (Overall: 0.6881, Change: 0.9957), TF Ratio: 0.782
[2026-06-15 15:16:07,899][root][INFO] - Epoch [4/5], Batch [189/300], Loss: 1.0086 (Overall: 0.8955, Change: 0.9858), TF Ratio: 0.782
[2026-06-15 15:16:08,061][root][INFO] - Epoch [4/5], Batch [190/300], Loss: 1.0100 (Overall: 0.7608, Change: 1.7826), TF Ratio: 0.782
[2026-06-15 15:16:08,240][root][INFO] - Epoch [4/5], Batch [191/300], Loss: 1.0099 (Overall: 0.4556, Change: 1.5223), TF Ratio: 0.782
[2026-06-15 15:16:08,417][root][INFO] - Epoch [4/5], Batch [192/300], Loss: 1.0088 (Overall: 0.5846, Change: 0.9995), TF Ratio: 0.782
[2026-06-15 15:16:08,572][root][INFO] - Epoch [4/5], Batch [193/300], Loss: 1.0098 (Overall: 0.9673, Change: 1.4251), TF Ratio: 0.781
[2026-06-15 15:16:08,724][root][INFO] - Epoch [4/5], Batch [194/300], Loss: 1.0105 (Overall: 0.9415, Change: 1.3774), TF Ratio: 0.781
[2026-06-15 15:16:08,878][root][INFO] - Epoch [4/5], Batch [195/300], Loss: 1.0117 (Overall: 0.9627, Change: 1.5010), TF Ratio: 0.781
[2026-06-15 15:16:09,060][root][INFO] - Epoch [4/5], Batch [196/300], Loss: 1.0114 (Overall: 0.5017, Change: 1.3991), TF Ratio: 0.781
[2026-06-15 15:16:09,223][root][INFO] - Epoch [4/5], Batch [197/300], Loss: 1.0103 (Overall: 0.5206, Change: 1.0945), TF Ratio: 0.781
[2026-06-15 15:16:09,375][root][INFO] - Epoch [4/5], Batch [198/300], Loss: 1.0107 (Overall: 0.8511, Change: 1.3311), TF Ratio: 0.780
[2026-06-15 15:16:09,528][root][INFO] - Epoch [4/5], Batch [199/300], Loss: 1.0119 (Overall: 0.9345, Change: 1.5512), TF Ratio: 0.780
[2026-06-15 15:16:09,699][root][INFO] - Epoch [4/5], Batch [200/300], Loss: 1.0107 (Overall: 0.5172, Change: 1.0391), TF Ratio: 0.780
[2026-06-15 15:16:09,853][root][INFO] - Epoch [4/5], Batch [201/300], Loss: 1.0121 (Overall: 0.6969, Change: 1.8668), TF Ratio: 0.780
[2026-06-15 15:16:10,006][root][INFO] - Epoch [4/5], Batch [202/300], Loss: 1.0113 (Overall: 0.6447, Change: 1.0795), TF Ratio: 0.780
[2026-06-15 15:16:10,160][root][INFO] - Epoch [4/5], Batch [203/300], Loss: 1.0104 (Overall: 0.5176, Change: 1.1227), TF Ratio: 0.779
[2026-06-15 15:16:10,352][root][INFO] - Epoch [4/5], Batch [204/300], Loss: 1.0090 (Overall: 0.4613, Change: 0.9836), TF Ratio: 0.779
[2026-06-15 15:16:10,506][root][INFO] - Epoch [4/5], Batch [205/300], Loss: 1.0073 (Overall: 0.4909, Change: 0.8258), TF Ratio: 0.779
[2026-06-15 15:16:10,658][root][INFO] - Epoch [4/5], Batch [206/300], Loss: 1.0073 (Overall: 0.6330, Change: 1.4091), TF Ratio: 0.779
[2026-06-15 15:16:10,810][root][INFO] - Epoch [4/5], Batch [207/300], Loss: 1.0084 (Overall: 0.5065, Change: 1.9558), TF Ratio: 0.779
[2026-06-15 15:16:11,000][root][INFO] - Epoch [4/5], Batch [208/300], Loss: 1.0102 (Overall: 1.2966, Change: 1.4679), TF Ratio: 0.778
[2026-06-15 15:16:11,152][root][INFO] - Epoch [4/5], Batch [209/300], Loss: 1.0101 (Overall: 0.6860, Change: 1.2870), TF Ratio: 0.778
[2026-06-15 15:16:11,304][root][INFO] - Epoch [4/5], Batch [210/300], Loss: 1.0104 (Overall: 0.7212, Change: 1.4262), TF Ratio: 0.778
[2026-06-15 15:16:11,455][root][INFO] - Epoch [4/5], Batch [211/300], Loss: 1.0108 (Overall: 0.7682, Change: 1.3995), TF Ratio: 0.778
[2026-06-15 15:16:12,977][root][INFO] - Epoch [4/5], Batch [212/300], Loss: 1.0110 (Overall: 0.5277, Change: 1.5925), TF Ratio: 0.778
[2026-06-15 15:16:13,130][root][INFO] - Epoch [4/5], Batch [213/300], Loss: 1.0118 (Overall: 0.7667, Change: 1.5882), TF Ratio: 0.777
[2026-06-15 15:16:13,284][root][INFO] - Epoch [4/5], Batch [214/300], Loss: 1.0117 (Overall: 0.8477, Change: 1.1621), TF Ratio: 0.777
[2026-06-15 15:16:13,436][root][INFO] - Epoch [4/5], Batch [215/300], Loss: 1.0118 (Overall: 0.7180, Change: 1.3499), TF Ratio: 0.777
[2026-06-15 15:16:13,608][root][INFO] - Epoch [4/5], Batch [216/300], Loss: 1.0120 (Overall: 0.6109, Change: 1.4704), TF Ratio: 0.777
[2026-06-15 15:16:13,761][root][INFO] - Epoch [4/5], Batch [217/300], Loss: 1.0121 (Overall: 0.8553, Change: 1.2200), TF Ratio: 0.777
[2026-06-15 15:16:13,915][root][INFO] - Epoch [4/5], Batch [218/300], Loss: 1.0125 (Overall: 0.6229, Change: 1.5734), TF Ratio: 0.776
[2026-06-15 15:16:14,073][root][INFO] - Epoch [4/5], Batch [219/300], Loss: 1.0139 (Overall: 1.0846, Change: 1.5684), TF Ratio: 0.776
[2026-06-15 15:16:14,247][root][INFO] - Epoch [4/5], Batch [220/300], Loss: 1.0145 (Overall: 0.7094, Change: 1.5594), TF Ratio: 0.776
[2026-06-15 15:16:14,406][root][INFO] - Epoch [4/5], Batch [221/300], Loss: 1.0152 (Overall: 0.9551, Change: 1.3976), TF Ratio: 0.776
[2026-06-15 15:16:14,558][root][INFO] - Epoch [4/5], Batch [222/300], Loss: 1.0147 (Overall: 0.6248, Change: 1.2045), TF Ratio: 0.776
[2026-06-15 15:16:14,712][root][INFO] - Epoch [4/5], Batch [223/300], Loss: 1.0157 (Overall: 1.0107, Change: 1.4537), TF Ratio: 0.775
[2026-06-15 15:16:15,238][root][INFO] - Epoch [4/5], Batch [224/300], Loss: 1.0152 (Overall: 0.8044, Change: 0.9951), TF Ratio: 0.775
[2026-06-15 15:16:15,393][root][INFO] - Epoch [4/5], Batch [225/300], Loss: 1.0140 (Overall: 0.5207, Change: 0.9530), TF Ratio: 0.775
[2026-06-15 15:16:15,546][root][INFO] - Epoch [4/5], Batch [226/300], Loss: 1.0143 (Overall: 0.6932, Change: 1.4705), TF Ratio: 0.775
[2026-06-15 15:16:15,698][root][INFO] - Epoch [4/5], Batch [227/300], Loss: 1.0146 (Overall: 0.6482, Change: 1.5148), TF Ratio: 0.775
[2026-06-15 15:16:15,887][root][INFO] - Epoch [4/5], Batch [228/300], Loss: 1.0136 (Overall: 0.5567, Change: 1.0192), TF Ratio: 0.774
[2026-06-15 15:16:16,042][root][INFO] - Epoch [4/5], Batch [229/300], Loss: 1.0133 (Overall: 0.5567, Change: 1.3655), TF Ratio: 0.774
[2026-06-15 15:16:16,196][root][INFO] - Epoch [4/5], Batch [230/300], Loss: 1.0124 (Overall: 0.4732, Change: 1.1378), TF Ratio: 0.774
[2026-06-15 15:16:16,350][root][INFO] - Epoch [4/5], Batch [231/300], Loss: 1.0142 (Overall: 1.2782, Change: 1.5689), TF Ratio: 0.774
[2026-06-15 15:16:16,538][root][INFO] - Epoch [4/5], Batch [232/300], Loss: 1.0130 (Overall: 0.5014, Change: 0.9778), TF Ratio: 0.774
[2026-06-15 15:16:16,706][root][INFO] - Epoch [4/5], Batch [233/300], Loss: 1.0132 (Overall: 0.9368, Change: 1.1663), TF Ratio: 0.773
[2026-06-15 15:16:16,859][root][INFO] - Epoch [4/5], Batch [234/300], Loss: 1.0119 (Overall: 0.4957, Change: 0.9212), TF Ratio: 0.773
[2026-06-15 15:16:17,012][root][INFO] - Epoch [4/5], Batch [235/300], Loss: 1.0119 (Overall: 0.5583, Change: 1.4540), TF Ratio: 0.773
[2026-06-15 15:16:19,599][root][INFO] - Epoch [4/5], Batch [236/300], Loss: 1.0116 (Overall: 0.6753, Change: 1.2448), TF Ratio: 0.773
[2026-06-15 15:16:23,075][root][INFO] - Epoch [4/5], Batch [237/300], Loss: 1.0118 (Overall: 0.6163, Change: 1.5011), TF Ratio: 0.773
[2026-06-15 15:16:23,226][root][INFO] - Epoch [4/5], Batch [238/300], Loss: 1.0119 (Overall: 0.6744, Change: 1.3916), TF Ratio: 0.772
[2026-06-15 15:16:23,378][root][INFO] - Epoch [4/5], Batch [239/300], Loss: 1.0114 (Overall: 0.4902, Change: 1.2604), TF Ratio: 0.772
[2026-06-15 15:16:23,553][root][INFO] - Epoch [4/5], Batch [240/300], Loss: 1.0125 (Overall: 0.8789, Change: 1.6764), TF Ratio: 0.772
[2026-06-15 15:16:23,706][root][INFO] - Epoch [4/5], Batch [241/300], Loss: 1.0108 (Overall: 0.3963, Change: 0.8389), TF Ratio: 0.772
[2026-06-15 15:16:23,859][root][INFO] - Epoch [4/5], Batch [242/300], Loss: 1.0116 (Overall: 0.7837, Change: 1.5864), TF Ratio: 0.772
[2026-06-15 15:16:24,011][root][INFO] - Epoch [4/5], Batch [243/300], Loss: 1.0113 (Overall: 0.5618, Change: 1.3432), TF Ratio: 0.771
[2026-06-15 15:16:24,491][root][INFO] - Epoch [4/5], Batch [244/300], Loss: 1.0111 (Overall: 0.7856, Change: 1.1388), TF Ratio: 0.771
[2026-06-15 15:16:24,643][root][INFO] - Epoch [4/5], Batch [245/300], Loss: 1.0108 (Overall: 0.5742, Change: 1.2724), TF Ratio: 0.771
[2026-06-15 15:16:24,795][root][INFO] - Epoch [4/5], Batch [246/300], Loss: 1.0115 (Overall: 0.9967, Change: 1.3897), TF Ratio: 0.771
[2026-06-15 15:16:24,947][root][INFO] - Epoch [4/5], Batch [247/300], Loss: 1.0117 (Overall: 0.6001, Change: 1.5151), TF Ratio: 0.771
[2026-06-15 15:16:25,136][root][INFO] - Epoch [4/5], Batch [248/300], Loss: 1.0118 (Overall: 0.5750, Change: 1.5166), TF Ratio: 0.770
[2026-06-15 15:16:25,289][root][INFO] - Epoch [4/5], Batch [249/300], Loss: 1.0116 (Overall: 0.8333, Change: 1.0728), TF Ratio: 0.770
[2026-06-15 15:16:25,442][root][INFO] - Epoch [4/5], Batch [250/300], Loss: 1.0118 (Overall: 1.1843, Change: 0.9228), TF Ratio: 0.770
[2026-06-15 15:16:25,596][root][INFO] - Epoch [4/5], Batch [251/300], Loss: 1.0119 (Overall: 0.7600, Change: 1.3579), TF Ratio: 0.770
[2026-06-15 15:16:25,792][root][INFO] - Epoch [4/5], Batch [252/300], Loss: 1.0116 (Overall: 0.7565, Change: 1.1010), TF Ratio: 0.770
[2026-06-15 15:16:25,974][root][INFO] - Epoch [4/5], Batch [253/300], Loss: 1.0116 (Overall: 0.5023, Change: 1.5164), TF Ratio: 0.769
[2026-06-15 15:16:26,127][root][INFO] - Epoch [4/5], Batch [254/300], Loss: 1.0120 (Overall: 0.8765, Change: 1.3365), TF Ratio: 0.769
[2026-06-15 15:16:26,279][root][INFO] - Epoch [4/5], Batch [255/300], Loss: 1.0121 (Overall: 0.7694, Change: 1.3107), TF Ratio: 0.769
[2026-06-15 15:16:26,575][root][INFO] - Epoch [4/5], Batch [256/300], Loss: 1.0124 (Overall: 0.7413, Change: 1.4627), TF Ratio: 0.769
[2026-06-15 15:16:26,728][root][INFO] - Epoch [4/5], Batch [257/300], Loss: 1.0124 (Overall: 0.4504, Change: 1.5472), TF Ratio: 0.769
[2026-06-15 15:16:26,880][root][INFO] - Epoch [4/5], Batch [258/300], Loss: 1.0127 (Overall: 0.4927, Change: 1.7134), TF Ratio: 0.768
[2026-06-15 15:16:27,032][root][INFO] - Epoch [4/5], Batch [259/300], Loss: 1.0123 (Overall: 0.7842, Change: 1.0281), TF Ratio: 0.768
[2026-06-15 15:16:28,485][root][INFO] - Epoch [4/5], Batch [260/300], Loss: 1.0124 (Overall: 0.7708, Change: 1.3196), TF Ratio: 0.768
[2026-06-15 15:16:28,638][root][INFO] - Epoch [4/5], Batch [261/300], Loss: 1.0109 (Overall: 0.5051, Change: 0.6911), TF Ratio: 0.768
[2026-06-15 15:16:28,798][root][INFO] - Epoch [4/5], Batch [262/300], Loss: 1.0116 (Overall: 0.8838, Change: 1.5314), TF Ratio: 0.768
[2026-06-15 15:16:28,957][root][INFO] - Epoch [4/5], Batch [263/300], Loss: 1.0118 (Overall: 0.7931, Change: 1.3050), TF Ratio: 0.767
[2026-06-15 15:16:29,123][root][INFO] - Epoch [4/5], Batch [264/300], Loss: 1.0107 (Overall: 0.5974, Change: 0.8856), TF Ratio: 0.767
[2026-06-15 15:16:29,278][root][INFO] - Epoch [4/5], Batch [265/300], Loss: 1.0110 (Overall: 0.5148, Change: 1.6558), TF Ratio: 0.767
[2026-06-15 15:16:29,430][root][INFO] - Epoch [4/5], Batch [266/300], Loss: 1.0100 (Overall: 0.6638, Change: 0.8031), TF Ratio: 0.767
[2026-06-15 15:16:29,582][root][INFO] - Epoch [4/5], Batch [267/300], Loss: 1.0101 (Overall: 0.9280, Change: 1.1735), TF Ratio: 0.767
[2026-06-15 15:16:37,216][root][INFO] - Epoch [4/5], Batch [268/300], Loss: 1.0093 (Overall: 0.5471, Change: 1.0177), TF Ratio: 0.766
[2026-06-15 15:16:37,369][root][INFO] - Epoch [4/5], Batch [269/300], Loss: 1.0082 (Overall: 0.6052, Change: 0.8605), TF Ratio: 0.766
[2026-06-15 15:16:37,521][root][INFO] - Epoch [4/5], Batch [270/300], Loss: 1.0078 (Overall: 0.5502, Change: 1.2088), TF Ratio: 0.766
[2026-06-15 15:16:37,672][root][INFO] - Epoch [4/5], Batch [271/300], Loss: 1.0095 (Overall: 1.1250, Change: 1.8532), TF Ratio: 0.766
[2026-06-15 15:16:37,845][root][INFO] - Epoch [4/5], Batch [272/300], Loss: 1.0095 (Overall: 0.6076, Change: 1.3879), TF Ratio: 0.766
[2026-06-15 15:16:37,999][root][INFO] - Epoch [4/5], Batch [273/300], Loss: 1.0099 (Overall: 0.6577, Change: 1.5556), TF Ratio: 0.765
[2026-06-15 15:16:38,152][root][INFO] - Epoch [4/5], Batch [274/300], Loss: 1.0101 (Overall: 0.5636, Change: 1.5729), TF Ratio: 0.765
[2026-06-15 15:16:38,306][root][INFO] - Epoch [4/5], Batch [275/300], Loss: 1.0094 (Overall: 0.6187, Change: 1.0324), TF Ratio: 0.765
[2026-06-15 15:16:38,479][root][INFO] - Epoch [4/5], Batch [276/300], Loss: 1.0125 (Overall: 1.5714, Change: 2.1335), TF Ratio: 0.765
[2026-06-15 15:16:38,633][root][INFO] - Epoch [4/5], Batch [277/300], Loss: 1.0128 (Overall: 0.7953, Change: 1.4214), TF Ratio: 0.765
[2026-06-15 15:16:38,795][root][INFO] - Epoch [4/5], Batch [278/300], Loss: 1.0128 (Overall: 0.8332, Change: 1.1760), TF Ratio: 0.764
[2026-06-15 15:16:38,948][root][INFO] - Epoch [4/5], Batch [279/300], Loss: 1.0135 (Overall: 1.1134, Change: 1.3144), TF Ratio: 0.764
[2026-06-15 15:16:43,755][root][INFO] - Epoch [4/5], Batch [280/300], Loss: 1.0128 (Overall: 0.4556, Change: 1.1977), TF Ratio: 0.764
[2026-06-15 15:16:43,908][root][INFO] - Epoch [4/5], Batch [281/300], Loss: 1.0135 (Overall: 0.7553, Change: 1.6297), TF Ratio: 0.764
[2026-06-15 15:16:44,060][root][INFO] - Epoch [4/5], Batch [282/300], Loss: 1.0135 (Overall: 0.6602, Change: 1.3808), TF Ratio: 0.764
[2026-06-15 15:16:44,212][root][INFO] - Epoch [4/5], Batch [283/300], Loss: 1.0139 (Overall: 0.7752, Change: 1.4756), TF Ratio: 0.763
[2026-06-15 15:16:44,383][root][INFO] - Epoch [4/5], Batch [284/300], Loss: 1.0132 (Overall: 0.5869, Change: 1.0346), TF Ratio: 0.763
[2026-06-15 15:16:44,537][root][INFO] - Epoch [4/5], Batch [285/300], Loss: 1.0135 (Overall: 0.6450, Change: 1.5875), TF Ratio: 0.763
[2026-06-15 15:16:44,691][root][INFO] - Epoch [4/5], Batch [286/300], Loss: 1.0132 (Overall: 0.7007, Change: 1.1407), TF Ratio: 0.763
[2026-06-15 15:16:44,845][root][INFO] - Epoch [4/5], Batch [287/300], Loss: 1.0130 (Overall: 0.7773, Change: 1.1433), TF Ratio: 0.763
[2026-06-15 15:16:45,033][root][INFO] - Epoch [4/5], Batch [288/300], Loss: 1.0125 (Overall: 0.6712, Change: 1.0342), TF Ratio: 0.762
[2026-06-15 15:16:45,187][root][INFO] - Epoch [4/5], Batch [289/300], Loss: 1.0119 (Overall: 0.5928, Change: 1.1111), TF Ratio: 0.762
[2026-06-15 15:16:45,346][root][INFO] - Epoch [4/5], Batch [290/300], Loss: 1.0116 (Overall: 0.6373, Change: 1.2033), TF Ratio: 0.762
[2026-06-15 15:16:45,500][root][INFO] - Epoch [4/5], Batch [291/300], Loss: 1.0116 (Overall: 0.7895, Change: 1.2366), TF Ratio: 0.762
[2026-06-15 15:16:45,688][root][INFO] - Epoch [4/5], Batch [292/300], Loss: 1.0112 (Overall: 0.5765, Change: 1.1882), TF Ratio: 0.762
[2026-06-15 15:16:45,843][root][INFO] - Epoch [4/5], Batch [293/300], Loss: 1.0105 (Overall: 0.5969, Change: 1.0309), TF Ratio: 0.761
[2026-06-15 15:16:45,996][root][INFO] - Epoch [4/5], Batch [294/300], Loss: 1.0110 (Overall: 0.8975, Change: 1.4389), TF Ratio: 0.761
[2026-06-15 15:16:46,150][root][INFO] - Epoch [4/5], Batch [295/300], Loss: 1.0105 (Overall: 0.5388, Change: 1.1502), TF Ratio: 0.761
[2026-06-15 15:16:46,330][root][INFO] - Epoch [4/5], Batch [296/300], Loss: 1.0107 (Overall: 0.6636, Change: 1.4839), TF Ratio: 0.761
[2026-06-15 15:16:46,483][root][INFO] - Epoch [4/5], Batch [297/300], Loss: 1.0105 (Overall: 0.6249, Change: 1.2702), TF Ratio: 0.761
[2026-06-15 15:16:46,635][root][INFO] - Epoch [4/5], Batch [298/300], Loss: 1.0135 (Overall: 1.4574, Change: 2.3703), TF Ratio: 0.760
[2026-06-15 15:16:46,787][root][INFO] - Epoch [4/5], Batch [299/300], Loss: 1.0144 (Overall: 0.9292, Change: 1.6538), TF Ratio: 0.760
[2026-06-15 15:16:46,967][root][INFO] - Epoch [4/5], Batch [300/300], Loss: 1.0148 (Overall: 0.8670, Change: 1.4085), TF Ratio: 0.760
[2026-06-15 15:16:51,960][root][INFO] - Epoch 4 done. Validating...
[2026-06-15 15:16:59,744][root][INFO] - Epoch [4/5] | Train: 1.0171 | Val: 0.7153
[2026-06-15 15:16:59,952][root][INFO] - Checkpoint saved: /gpfs/scratch/bsc32/bsc096444/ai4land-tfm/trained_models/unet_impl/41825121/best_model.pth
[2026-06-15 15:17:00,140][root][INFO] - Checkpoint saved: /gpfs/scratch/bsc32/bsc096444/ai4land-tfm/trained_models/unet_impl/41825121/model_epoch_4.pth
[2026-06-15 15:17:05,498][root][INFO] - Epoch [5/5], Batch [1/300], Loss: 1.0576 (Overall: 0.7068, Change: 1.4085), TF Ratio: 0.760
[2026-06-15 15:17:05,652][root][INFO] - Epoch [5/5], Batch [2/300], Loss: 0.9421 (Overall: 0.6925, Change: 0.9606), TF Ratio: 0.760
[2026-06-15 15:17:05,804][root][INFO] - Epoch [5/5], Batch [3/300], Loss: 0.9737 (Overall: 0.3327, Change: 1.7414), TF Ratio: 0.759
[2026-06-15 15:17:12,660][root][INFO] - Epoch [5/5], Batch [4/300], Loss: 0.9634 (Overall: 0.5417, Change: 1.3229), TF Ratio: 0.759
[2026-06-15 15:17:12,813][root][INFO] - Epoch [5/5], Batch [5/300], Loss: 0.9383 (Overall: 0.4649, Change: 1.2116), TF Ratio: 0.759
[2026-06-15 15:17:12,966][root][INFO] - Epoch [5/5], Batch [6/300], Loss: 0.9351 (Overall: 0.5480, Change: 1.2902), TF Ratio: 0.759
[2026-06-15 15:17:13,118][root][INFO] - Epoch [5/5], Batch [7/300], Loss: 0.9005 (Overall: 0.4335, Change: 0.9521), TF Ratio: 0.759
[2026-06-15 15:17:13,503][root][INFO] - Epoch [5/5], Batch [8/300], Loss: 0.9316 (Overall: 0.6951, Change: 1.6037), TF Ratio: 0.758
[2026-06-15 15:17:13,656][root][INFO] - Epoch [5/5], Batch [9/300], Loss: 0.9247 (Overall: 0.6018, Change: 1.1360), TF Ratio: 0.758
[2026-06-15 15:17:13,807][root][INFO] - Epoch [5/5], Batch [10/300], Loss: 0.9210 (Overall: 0.8847, Change: 0.8911), TF Ratio: 0.758
[2026-06-15 15:17:13,960][root][INFO] - Epoch [5/5], Batch [11/300], Loss: 0.9351 (Overall: 0.7865, Change: 1.3666), TF Ratio: 0.758
[2026-06-15 15:17:14,144][root][INFO] - Epoch [5/5], Batch [12/300], Loss: 0.9372 (Overall: 0.5138, Change: 1.4061), TF Ratio: 0.758
[2026-06-15 15:17:14,297][root][INFO] - Epoch [5/5], Batch [13/300], Loss: 0.9512 (Overall: 0.6118, Change: 1.6253), TF Ratio: 0.757
[2026-06-15 15:17:14,449][root][INFO] - Epoch [5/5], Batch [14/300], Loss: 0.9760 (Overall: 0.8471, Change: 1.7514), TF Ratio: 0.757
[2026-06-15 15:17:14,607][root][INFO] - Epoch [5/5], Batch [15/300], Loss: 0.9668 (Overall: 0.3776, Change: 1.2980), TF Ratio: 0.757
[2026-06-15 15:17:17,408][root][INFO] - Epoch [5/5], Batch [16/300], Loss: 0.9678 (Overall: 0.6275, Change: 1.3386), TF Ratio: 0.757
[2026-06-15 15:17:17,560][root][INFO] - Epoch [5/5], Batch [17/300], Loss: 0.9659 (Overall: 0.5600, Change: 1.3088), TF Ratio: 0.757
[2026-06-15 15:17:17,711][root][INFO] - Epoch [5/5], Batch [18/300], Loss: 0.9803 (Overall: 0.9672, Change: 1.4855), TF Ratio: 0.756
[2026-06-15 15:17:17,863][root][INFO] - Epoch [5/5], Batch [19/300], Loss: 0.9798 (Overall: 0.5187, Change: 1.4232), TF Ratio: 0.756
[2026-06-15 15:17:18,041][root][INFO] - Epoch [5/5], Batch [20/300], Loss: 0.9786 (Overall: 0.6559, Change: 1.2553), TF Ratio: 0.756
[2026-06-15 15:17:18,194][root][INFO] - Epoch [5/5], Batch [21/300], Loss: 0.9915 (Overall: 1.0407, Change: 1.4596), TF Ratio: 0.756
[2026-06-15 15:17:18,345][root][INFO] - Epoch [5/5], Batch [22/300], Loss: 1.0055 (Overall: 1.2077, Change: 1.3903), TF Ratio: 0.756
[2026-06-15 15:17:18,497][root][INFO] - Epoch [5/5], Batch [23/300], Loss: 1.0065 (Overall: 0.5137, Change: 1.5408), TF Ratio: 0.755
[2026-06-15 15:17:18,680][root][INFO] - Epoch [5/5], Batch [24/300], Loss: 1.0167 (Overall: 1.0789, Change: 1.4268), TF Ratio: 0.755
[2026-06-15 15:17:18,833][root][INFO] - Epoch [5/5], Batch [25/300], Loss: 1.0146 (Overall: 0.5712, Change: 1.3580), TF Ratio: 0.755
[2026-06-15 15:17:18,985][root][INFO] - Epoch [5/5], Batch [26/300], Loss: 1.0165 (Overall: 0.6405, Change: 1.4868), TF Ratio: 0.755
[2026-06-15 15:17:19,137][root][INFO] - Epoch [5/5], Batch [27/300], Loss: 1.0144 (Overall: 0.8873, Change: 1.0319), TF Ratio: 0.755
[2026-06-15 15:17:19,315][root][INFO] - Epoch [5/5], Batch [28/300], Loss: 1.0022 (Overall: 0.4760, Change: 0.8682), TF Ratio: 0.754
[2026-06-15 15:17:19,468][root][INFO] - Epoch [5/5], Batch [29/300], Loss: 0.9993 (Overall: 0.5683, Change: 1.2654), TF Ratio: 0.754
[2026-06-15 15:17:19,620][root][INFO] - Epoch [5/5], Batch [30/300], Loss: 0.9976 (Overall: 0.4647, Change: 1.4334), TF Ratio: 0.754
[2026-06-15 15:17:19,771][root][INFO] - Epoch [5/5], Batch [31/300], Loss: 0.9987 (Overall: 0.7398, Change: 1.3216), TF Ratio: 0.754
[2026-06-15 15:17:19,952][root][INFO] - Epoch [5/5], Batch [32/300], Loss: 0.9998 (Overall: 0.4967, Change: 1.5752), TF Ratio: 0.754
[2026-06-15 15:17:20,106][root][INFO] - Epoch [5/5], Batch [33/300], Loss: 1.0044 (Overall: 0.9685, Change: 1.3337), TF Ratio: 0.753
[2026-06-15 15:17:20,259][root][INFO] - Epoch [5/5], Batch [34/300], Loss: 1.0047 (Overall: 0.7562, Change: 1.2759), TF Ratio: 0.753
[2026-06-15 15:17:20,411][root][INFO] - Epoch [5/5], Batch [35/300], Loss: 1.0033 (Overall: 0.4608, Change: 1.4447), TF Ratio: 0.753
[2026-06-15 15:17:23,564][root][INFO] - Epoch [5/5], Batch [36/300], Loss: 1.0018 (Overall: 0.5495, Change: 1.3540), TF Ratio: 0.753
[2026-06-15 15:17:23,717][root][INFO] - Epoch [5/5], Batch [37/300], Loss: 0.9976 (Overall: 0.8228, Change: 0.8713), TF Ratio: 0.753
[2026-06-15 15:17:23,879][root][INFO] - Epoch [5/5], Batch [38/300], Loss: 0.9904 (Overall: 0.4356, Change: 1.0059), TF Ratio: 0.752
[2026-06-15 15:17:24,031][root][INFO] - Epoch [5/5], Batch [39/300], Loss: 0.9940 (Overall: 0.8011, Change: 1.4655), TF Ratio: 0.752
[2026-06-15 15:17:24,197][root][INFO] - Epoch [5/5], Batch [40/300], Loss: 0.9937 (Overall: 0.4815, Change: 1.4810), TF Ratio: 0.752
[2026-06-15 15:17:24,352][root][INFO] - Epoch [5/5], Batch [41/300], Loss: 0.9933 (Overall: 0.8950, Change: 1.0623), TF Ratio: 0.752
[2026-06-15 15:17:24,506][root][INFO] - Epoch [5/5], Batch [42/300], Loss: 0.9921 (Overall: 0.6096, Change: 1.2777), TF Ratio: 0.752
[2026-06-15 15:17:24,660][root][INFO] - Epoch [5/5], Batch [43/300], Loss: 0.9954 (Overall: 0.7231, Change: 1.5376), TF Ratio: 0.751
[2026-06-15 15:17:24,858][root][INFO] - Epoch [5/5], Batch [44/300], Loss: 1.0009 (Overall: 0.8062, Change: 1.6756), TF Ratio: 0.751
[2026-06-15 15:17:25,011][root][INFO] - Epoch [5/5], Batch [45/300], Loss: 0.9993 (Overall: 0.5032, Change: 1.3482), TF Ratio: 0.751
[2026-06-15 15:17:25,164][root][INFO] - Epoch [5/5], Batch [46/300], Loss: 1.0001 (Overall: 0.5908, Change: 1.4805), TF Ratio: 0.751
[2026-06-15 15:17:25,334][root][INFO] - Epoch [5/5], Batch [47/300], Loss: 0.9995 (Overall: 0.6738, Change: 1.2715), TF Ratio: 0.751
[2026-06-15 15:17:28,089][root][INFO] - Epoch [5/5], Batch [48/300], Loss: 1.0043 (Overall: 0.9202, Change: 1.5409), TF Ratio: 0.750
[2026-06-15 15:17:28,250][root][INFO] - Epoch [5/5], Batch [49/300], Loss: 1.0026 (Overall: 0.4256, Change: 1.4214), TF Ratio: 0.750
[2026-06-15 15:17:28,402][root][INFO] - Epoch [5/5], Batch [50/300], Loss: 1.0028 (Overall: 0.8396, Change: 1.1830), TF Ratio: 0.750
[2026-06-15 15:17:28,554][root][INFO] - Epoch [5/5], Batch [51/300], Loss: 0.9999 (Overall: 0.5358, Change: 1.1719), TF Ratio: 0.750
[2026-06-15 15:17:28,845][root][INFO] - Epoch [5/5], Batch [52/300], Loss: 1.0010 (Overall: 0.5459, Change: 1.5716), TF Ratio: 0.750
[2026-06-15 15:17:28,998][root][INFO] - Epoch [5/5], Batch [53/300], Loss: 0.9999 (Overall: 0.5136, Change: 1.3728), TF Ratio: 0.749
[2026-06-15 15:17:29,162][root][INFO] - Epoch [5/5], Batch [54/300], Loss: 0.9988 (Overall: 0.6504, Change: 1.2306), TF Ratio: 0.749
[2026-06-15 15:17:29,316][root][INFO] - Epoch [5/5], Batch [55/300], Loss: 1.0040 (Overall: 1.1318, Change: 1.4328), TF Ratio: 0.749
[2026-06-15 15:17:29,497][root][INFO] - Epoch [5/5], Batch [56/300], Loss: 1.0068 (Overall: 0.8725, Change: 1.4462), TF Ratio: 0.749
[2026-06-15 15:17:29,652][root][INFO] - Epoch [5/5], Batch [57/300], Loss: 1.0087 (Overall: 0.6981, Change: 1.5329), TF Ratio: 0.749
[2026-06-15 15:17:29,804][root][INFO] - Epoch [5/5], Batch [58/300], Loss: 1.0095 (Overall: 0.8154, Change: 1.3012), TF Ratio: 0.748
[2026-06-15 15:17:29,971][root][INFO] - Epoch [5/5], Batch [59/300], Loss: 1.0081 (Overall: 0.9379, Change: 0.9163), TF Ratio: 0.748
[2026-06-15 15:17:30,488][root][INFO] - Epoch [5/5], Batch [60/300], Loss: 1.0107 (Overall: 0.7861, Change: 1.5433), TF Ratio: 0.748
[2026-06-15 15:17:30,642][root][INFO] - Epoch [5/5], Batch [61/300], Loss: 1.0128 (Overall: 0.8195, Change: 1.4515), TF Ratio: 0.748
[2026-06-15 15:17:30,799][root][INFO] - Epoch [5/5], Batch [62/300], Loss: 1.0100 (Overall: 0.5612, Change: 1.1186), TF Ratio: 0.748
[2026-06-15 15:17:30,950][root][INFO] - Epoch [5/5], Batch [63/300], Loss: 1.0112 (Overall: 0.7270, Change: 1.4413), TF Ratio: 0.747
[2026-06-15 15:17:31,126][root][INFO] - Epoch [5/5], Batch [64/300], Loss: 1.0142 (Overall: 0.7996, Change: 1.6112), TF Ratio: 0.747
[2026-06-15 15:17:31,279][root][INFO] - Epoch [5/5], Batch [65/300], Loss: 1.0090 (Overall: 0.4885, Change: 0.8606), TF Ratio: 0.747
[2026-06-15 15:17:31,433][root][INFO] - Epoch [5/5], Batch [66/300], Loss: 1.0054 (Overall: 0.5444, Change: 1.0014), TF Ratio: 0.747
[2026-06-15 15:17:31,586][root][INFO] - Epoch [5/5], Batch [67/300], Loss: 1.0079 (Overall: 0.9005, Change: 1.4381), TF Ratio: 0.747
[2026-06-15 15:17:31,752][root][INFO] - Epoch [5/5], Batch [68/300], Loss: 1.0050 (Overall: 0.4476, Change: 1.1866), TF Ratio: 0.746
[2026-06-15 15:17:31,905][root][INFO] - Epoch [5/5], Batch [69/300], Loss: 1.0047 (Overall: 0.6257, Change: 1.3337), TF Ratio: 0.746
[2026-06-15 15:17:32,057][root][INFO] - Epoch [5/5], Batch [70/300], Loss: 1.0034 (Overall: 0.7485, Change: 1.0826), TF Ratio: 0.746
[2026-06-15 15:17:32,210][root][INFO] - Epoch [5/5], Batch [71/300], Loss: 1.0032 (Overall: 0.6238, Change: 1.3513), TF Ratio: 0.746
[2026-06-15 15:17:32,408][root][INFO] - Epoch [5/5], Batch [72/300], Loss: 1.0013 (Overall: 0.4532, Change: 1.2780), TF Ratio: 0.746
[2026-06-15 15:17:32,561][root][INFO] - Epoch [5/5], Batch [73/300], Loss: 0.9999 (Overall: 0.5156, Change: 1.2870), TF Ratio: 0.745
[2026-06-15 15:17:32,716][root][INFO] - Epoch [5/5], Batch [74/300], Loss: 0.9983 (Overall: 0.6964, Change: 1.0652), TF Ratio: 0.745
[2026-06-15 15:17:32,869][root][INFO] - Epoch [5/5], Batch [75/300], Loss: 0.9990 (Overall: 0.6615, Change: 1.4348), TF Ratio: 0.745
[2026-06-15 15:17:33,047][root][INFO] - Epoch [5/5], Batch [76/300], Loss: 0.9989 (Overall: 0.6697, Change: 1.3248), TF Ratio: 0.745
[2026-06-15 15:17:33,201][root][INFO] - Epoch [5/5], Batch [77/300], Loss: 0.9974 (Overall: 0.6053, Change: 1.1617), TF Ratio: 0.745
[2026-06-15 15:17:33,353][root][INFO] - Epoch [5/5], Batch [78/300], Loss: 0.9972 (Overall: 0.5648, Change: 1.3904), TF Ratio: 0.744
[2026-06-15 15:17:33,506][root][INFO] - Epoch [5/5], Batch [79/300], Loss: 0.9960 (Overall: 0.6566, Change: 1.1503), TF Ratio: 0.744
[2026-06-15 15:17:33,681][root][INFO] - Epoch [5/5], Batch [80/300], Loss: 0.9925 (Overall: 0.5582, Change: 0.8759), TF Ratio: 0.744
[2026-06-15 15:17:33,836][root][INFO] - Epoch [5/5], Batch [81/300], Loss: 0.9939 (Overall: 0.5515, Change: 1.6648), TF Ratio: 0.744
[2026-06-15 15:17:33,988][root][INFO] - Epoch [5/5], Batch [82/300], Loss: 0.9902 (Overall: 0.5351, Change: 0.8331), TF Ratio: 0.744
[2026-06-15 15:17:34,141][root][INFO] - Epoch [5/5], Batch [83/300], Loss: 0.9898 (Overall: 0.6667, Change: 1.2526), TF Ratio: 0.743
[2026-06-15 15:17:35,268][root][INFO] - Epoch [5/5], Batch [84/300], Loss: 0.9883 (Overall: 0.5341, Change: 1.1885), TF Ratio: 0.743
[2026-06-15 15:17:35,427][root][INFO] - Epoch [5/5], Batch [85/300], Loss: 0.9853 (Overall: 0.6234, Change: 0.8464), TF Ratio: 0.743
[2026-06-15 15:17:35,580][root][INFO] - Epoch [5/5], Batch [86/300], Loss: 0.9832 (Overall: 0.5136, Change: 1.0963), TF Ratio: 0.743
[2026-06-15 15:17:35,732][root][INFO] - Epoch [5/5], Batch [87/300], Loss: 0.9790 (Overall: 0.5150, Change: 0.7255), TF Ratio: 0.743
[2026-06-15 15:17:39,235][root][INFO] - Epoch [5/5], Batch [88/300], Loss: 0.9796 (Overall: 0.7426, Change: 1.3140), TF Ratio: 0.742
[2026-06-15 15:17:39,388][root][INFO] - Epoch [5/5], Batch [89/300], Loss: 0.9769 (Overall: 0.4041, Change: 1.0830), TF Ratio: 0.742
[2026-06-15 15:17:39,540][root][INFO] - Epoch [5/5], Batch [90/300], Loss: 0.9767 (Overall: 0.4445, Change: 1.4778), TF Ratio: 0.742
[2026-06-15 15:17:39,692][root][INFO] - Epoch [5/5], Batch [91/300], Loss: 0.9782 (Overall: 0.7795, Change: 1.4380), TF Ratio: 0.742
[2026-06-15 15:17:39,863][root][INFO] - Epoch [5/5], Batch [92/300], Loss: 0.9766 (Overall: 0.5228, Change: 1.1466), TF Ratio: 0.742
[2026-06-15 15:17:40,016][root][INFO] - Epoch [5/5], Batch [93/300], Loss: 0.9792 (Overall: 0.6697, Change: 1.7551), TF Ratio: 0.741
[2026-06-15 15:17:40,176][root][INFO] - Epoch [5/5], Batch [94/300], Loss: 0.9777 (Overall: 0.8166, Change: 0.8627), TF Ratio: 0.741
[2026-06-15 15:17:40,328][root][INFO] - Epoch [5/5], Batch [95/300], Loss: 0.9789 (Overall: 0.9914, Change: 1.2004), TF Ratio: 0.741
[2026-06-15 15:17:40,506][root][INFO] - Epoch [5/5], Batch [96/300], Loss: 0.9788 (Overall: 0.6382, Change: 1.2861), TF Ratio: 0.741
[2026-06-15 15:17:40,660][root][INFO] - Epoch [5/5], Batch [97/300], Loss: 0.9781 (Overall: 0.6017, Change: 1.2266), TF Ratio: 0.741
[2026-06-15 15:17:40,812][root][INFO] - Epoch [5/5], Batch [98/300], Loss: 0.9761 (Overall: 0.5249, Change: 1.0482), TF Ratio: 0.740
[2026-06-15 15:17:40,965][root][INFO] - Epoch [5/5], Batch [99/300], Loss: 0.9742 (Overall: 0.7353, Change: 0.8294), TF Ratio: 0.740
[2026-06-15 15:17:44,497][root][INFO] - Epoch [5/5], Batch [100/300], Loss: 0.9743 (Overall: 0.4689, Change: 1.5053), TF Ratio: 0.740
[2026-06-15 15:17:44,649][root][INFO] - Epoch [5/5], Batch [101/300], Loss: 0.9752 (Overall: 0.8049, Change: 1.3283), TF Ratio: 0.740
[2026-06-15 15:17:44,801][root][INFO] - Epoch [5/5], Batch [102/300], Loss: 0.9764 (Overall: 0.7122, Change: 1.4702), TF Ratio: 0.740
[2026-06-15 15:17:44,954][root][INFO] - Epoch [5/5], Batch [103/300], Loss: 0.9774 (Overall: 0.7734, Change: 1.3894), TF Ratio: 0.739
[2026-06-15 15:17:45,127][root][INFO] - Epoch [5/5], Batch [104/300], Loss: 0.9791 (Overall: 0.7803, Change: 1.5337), TF Ratio: 0.739
[2026-06-15 15:17:45,281][root][INFO] - Epoch [5/5], Batch [105/300], Loss: 0.9805 (Overall: 0.8594, Change: 1.3977), TF Ratio: 0.739
[2026-06-15 15:17:45,443][root][INFO] - Epoch [5/5], Batch [106/300], Loss: 0.9794 (Overall: 0.5468, Change: 1.1835), TF Ratio: 0.739
[2026-06-15 15:17:45,596][root][INFO] - Epoch [5/5], Batch [107/300], Loss: 0.9809 (Overall: 0.7048, Change: 1.5670), TF Ratio: 0.739
[2026-06-15 15:17:45,767][root][INFO] - Epoch [5/5], Batch [108/300], Loss: 0.9824 (Overall: 0.8028, Change: 1.4869), TF Ratio: 0.738
[2026-06-15 15:17:45,921][root][INFO] - Epoch [5/5], Batch [109/300], Loss: 0.9861 (Overall: 0.6025, Change: 2.1750), TF Ratio: 0.738
[2026-06-15 15:17:46,074][root][INFO] - Epoch [5/5], Batch [110/300], Loss: 0.9870 (Overall: 0.7329, Change: 1.4249), TF Ratio: 0.738
[2026-06-15 15:17:46,229][root][INFO] - Epoch [5/5], Batch [111/300], Loss: 0.9879 (Overall: 0.6493, Change: 1.5280), TF Ratio: 0.738
[2026-06-15 15:17:48,888][root][INFO] - Epoch [5/5], Batch [112/300], Loss: 0.9862 (Overall: 0.3792, Change: 1.2141), TF Ratio: 0.738
[2026-06-15 15:17:49,041][root][INFO] - Epoch [5/5], Batch [113/300], Loss: 0.9881 (Overall: 1.3049, Change: 1.0942), TF Ratio: 0.737
[2026-06-15 15:17:49,192][root][INFO] - Epoch [5/5], Batch [114/300], Loss: 0.9899 (Overall: 1.2580, Change: 1.1285), TF Ratio: 0.737
[2026-06-15 15:17:49,344][root][INFO] - Epoch [5/5], Batch [115/300], Loss: 0.9905 (Overall: 0.6497, Change: 1.4769), TF Ratio: 0.737
[2026-06-15 15:17:49,525][root][INFO] - Epoch [5/5], Batch [116/300], Loss: 0.9902 (Overall: 0.7882, Change: 1.1232), TF Ratio: 0.737
[2026-06-15 15:17:49,678][root][INFO] - Epoch [5/5], Batch [117/300], Loss: 0.9915 (Overall: 0.5840, Change: 1.6915), TF Ratio: 0.737
[2026-06-15 15:17:49,831][root][INFO] - Epoch [5/5], Batch [118/300], Loss: 0.9914 (Overall: 0.6750, Change: 1.2798), TF Ratio: 0.736
[2026-06-15 15:17:49,984][root][INFO] - Epoch [5/5], Batch [119/300], Loss: 0.9923 (Overall: 0.9495, Change: 1.2641), TF Ratio: 0.736
[2026-06-15 15:17:50,156][root][INFO] - Epoch [5/5], Batch [120/300], Loss: 0.9917 (Overall: 0.8703, Change: 0.9611), TF Ratio: 0.736
[2026-06-15 15:17:50,318][root][INFO] - Epoch [5/5], Batch [121/300], Loss: 0.9920 (Overall: 0.6228, Change: 1.4284), TF Ratio: 0.736
[2026-06-15 15:17:50,479][root][INFO] - Epoch [5/5], Batch [122/300], Loss: 0.9929 (Overall: 0.4227, Change: 1.7765), TF Ratio: 0.736
[2026-06-15 15:17:50,632][root][INFO] - Epoch [5/5], Batch [123/300], Loss: 0.9956 (Overall: 1.1579, Change: 1.5019), TF Ratio: 0.735
[2026-06-15 15:17:54,799][root][INFO] - Epoch [5/5], Batch [124/300], Loss: 0.9960 (Overall: 0.9186, Change: 1.1652), TF Ratio: 0.735
[2026-06-15 15:17:54,952][root][INFO] - Epoch [5/5], Batch [125/300], Loss: 0.9965 (Overall: 0.7247, Change: 1.4107), TF Ratio: 0.735
[2026-06-15 15:17:55,105][root][INFO] - Epoch [5/5], Batch [126/300], Loss: 0.9958 (Overall: 0.4913, Change: 1.3111), TF Ratio: 0.735
[2026-06-15 15:17:55,258][root][INFO] - Epoch [5/5], Batch [127/300], Loss: 0.9961 (Overall: 0.7614, Change: 1.2996), TF Ratio: 0.735
[2026-06-15 15:17:55,428][root][INFO] - Epoch [5/5], Batch [128/300], Loss: 0.9971 (Overall: 0.8532, Change: 1.3929), TF Ratio: 0.734
[2026-06-15 15:17:55,582][root][INFO] - Epoch [5/5], Batch [129/300], Loss: 0.9975 (Overall: 0.7533, Change: 1.3594), TF Ratio: 0.734
[2026-06-15 15:17:55,734][root][INFO] - Epoch [5/5], Batch [130/300], Loss: 0.9982 (Overall: 0.5073, Change: 1.6644), TF Ratio: 0.734
[2026-06-15 15:17:55,887][root][INFO] - Epoch [5/5], Batch [131/300], Loss: 0.9987 (Overall: 0.8164, Change: 1.3161), TF Ratio: 0.734
[2026-06-15 15:17:56,753][root][INFO] - Epoch [5/5], Batch [132/300], Loss: 0.9994 (Overall: 0.8027, Change: 1.3661), TF Ratio: 0.734
[2026-06-15 15:17:56,907][root][INFO] - Epoch [5/5], Batch [133/300], Loss: 0.9987 (Overall: 0.4613, Change: 1.3719), TF Ratio: 0.733
[2026-06-15 15:17:57,060][root][INFO] - Epoch [5/5], Batch [134/300], Loss: 0.9995 (Overall: 0.7739, Change: 1.4237), TF Ratio: 0.733
[2026-06-15 15:17:57,212][root][INFO] - Epoch [5/5], Batch [135/300], Loss: 0.9999 (Overall: 0.7409, Change: 1.3682), TF Ratio: 0.733
[2026-06-15 15:18:01,657][root][INFO] - Epoch [5/5], Batch [136/300], Loss: 0.9995 (Overall: 0.5697, Change: 1.3166), TF Ratio: 0.733
[2026-06-15 15:18:01,810][root][INFO] - Epoch [5/5], Batch [137/300], Loss: 1.0007 (Overall: 0.9443, Change: 1.3853), TF Ratio: 0.733
[2026-06-15 15:18:01,961][root][INFO] - Epoch [5/5], Batch [138/300], Loss: 1.0001 (Overall: 0.6513, Change: 1.1926), TF Ratio: 0.732
[2026-06-15 15:18:02,114][root][INFO] - Epoch [5/5], Batch [139/300], Loss: 0.9993 (Overall: 0.4489, Change: 1.3257), TF Ratio: 0.732
[2026-06-15 15:18:02,305][root][INFO] - Epoch [5/5], Batch [140/300], Loss: 0.9978 (Overall: 0.5344, Change: 1.0426), TF Ratio: 0.732
[2026-06-15 15:18:02,459][root][INFO] - Epoch [5/5], Batch [141/300], Loss: 0.9968 (Overall: 0.5807, Change: 1.1300), TF Ratio: 0.732
[2026-06-15 15:18:02,611][root][INFO] - Epoch [5/5], Batch [142/300], Loss: 0.9981 (Overall: 0.6046, Change: 1.7634), TF Ratio: 0.732
[2026-06-15 15:18:02,764][root][INFO] - Epoch [5/5], Batch [143/300], Loss: 0.9982 (Overall: 0.5467, Change: 1.4893), TF Ratio: 0.731
[2026-06-15 15:18:02,949][root][INFO] - Epoch [5/5], Batch [144/300], Loss: 0.9979 (Overall: 0.7775, Change: 1.1219), TF Ratio: 0.731
[2026-06-15 15:18:03,103][root][INFO] - Epoch [5/5], Batch [145/300], Loss: 0.9982 (Overall: 0.8995, Change: 1.1949), TF Ratio: 0.731
[2026-06-15 15:18:03,257][root][INFO] - Epoch [5/5], Batch [146/300], Loss: 0.9972 (Overall: 0.5713, Change: 1.1231), TF Ratio: 0.731
[2026-06-15 15:18:03,410][root][INFO] - Epoch [5/5], Batch [147/300], Loss: 0.9986 (Overall: 0.8454, Change: 1.5422), TF Ratio: 0.731
[2026-06-15 15:18:06,128][root][INFO] - Epoch [5/5], Batch [148/300], Loss: 1.0010 (Overall: 0.9846, Change: 1.7283), TF Ratio: 0.730
[2026-06-15 15:18:06,280][root][INFO] - Epoch [5/5], Batch [149/300], Loss: 1.0014 (Overall: 0.6388, Change: 1.4776), TF Ratio: 0.730
[2026-06-15 15:18:06,432][root][INFO] - Epoch [5/5], Batch [150/300], Loss: 1.0017 (Overall: 0.8153, Change: 1.3056), TF Ratio: 0.730
[2026-06-15 15:18:06,584][root][INFO] - Epoch [5/5], Batch [151/300], Loss: 1.0000 (Overall: 0.4894, Change: 0.9809), TF Ratio: 0.730
[2026-06-15 15:18:06,758][root][INFO] - Epoch [5/5], Batch [152/300], Loss: 0.9999 (Overall: 0.4274, Change: 1.5494), TF Ratio: 0.730
[2026-06-15 15:18:06,912][root][INFO] - Epoch [5/5], Batch [153/300], Loss: 0.9989 (Overall: 0.5058, Change: 1.1903), TF Ratio: 0.729
[2026-06-15 15:18:07,064][root][INFO] - Epoch [5/5], Batch [154/300], Loss: 0.9991 (Overall: 0.9058, Change: 1.1543), TF Ratio: 0.729
[2026-06-15 15:18:07,217][root][INFO] - Epoch [5/5], Batch [155/300], Loss: 0.9992 (Overall: 0.8934, Change: 1.1337), TF Ratio: 0.729
[2026-06-15 15:18:07,399][root][INFO] - Epoch [5/5], Batch [156/300], Loss: 0.9992 (Overall: 0.7229, Change: 1.2817), TF Ratio: 0.729
[2026-06-15 15:18:07,553][root][INFO] - Epoch [5/5], Batch [157/300], Loss: 1.0008 (Overall: 0.9164, Change: 1.5706), TF Ratio: 0.729
[2026-06-15 15:18:07,705][root][INFO] - Epoch [5/5], Batch [158/300], Loss: 1.0017 (Overall: 1.0359, Change: 1.2684), TF Ratio: 0.728
[2026-06-15 15:18:07,864][root][INFO] - Epoch [5/5], Batch [159/300], Loss: 1.0017 (Overall: 0.8217, Change: 1.1630), TF Ratio: 0.728
[2026-06-15 15:18:08,049][root][INFO] - Epoch [5/5], Batch [160/300], Loss: 1.0020 (Overall: 0.5513, Change: 1.5509), TF Ratio: 0.728
[2026-06-15 15:18:08,203][root][INFO] - Epoch [5/5], Batch [161/300], Loss: 1.0013 (Overall: 0.8530, Change: 0.9364), TF Ratio: 0.728
[2026-06-15 15:18:08,356][root][INFO] - Epoch [5/5], Batch [162/300], Loss: 1.0019 (Overall: 0.4954, Change: 1.7048), TF Ratio: 0.728
[2026-06-15 15:18:08,510][root][INFO] - Epoch [5/5], Batch [163/300], Loss: 1.0037 (Overall: 1.0219, Change: 1.5426), TF Ratio: 0.727
[2026-06-15 15:18:08,685][root][INFO] - Epoch [5/5], Batch [164/300], Loss: 1.0040 (Overall: 0.6040, Change: 1.5171), TF Ratio: 0.727
[2026-06-15 15:18:08,842][root][INFO] - Epoch [5/5], Batch [165/300], Loss: 1.0021 (Overall: 0.6474, Change: 0.7283), TF Ratio: 0.727
[2026-06-15 15:18:08,995][root][INFO] - Epoch [5/5], Batch [166/300], Loss: 1.0028 (Overall: 0.8304, Change: 1.4189), TF Ratio: 0.727
[2026-06-15 15:18:09,154][root][INFO] - Epoch [5/5], Batch [167/300], Loss: 1.0021 (Overall: 0.6377, Change: 1.1374), TF Ratio: 0.727
[2026-06-15 15:18:09,323][root][INFO] - Epoch [5/5], Batch [168/300], Loss: 0.9997 (Overall: 0.3956, Change: 0.7970), TF Ratio: 0.726
[2026-06-15 15:18:09,476][root][INFO] - Epoch [5/5], Batch [169/300], Loss: 0.9997 (Overall: 0.8989, Change: 1.0800), TF Ratio: 0.726
[2026-06-15 15:18:09,628][root][INFO] - Epoch [5/5], Batch [170/300], Loss: 0.9996 (Overall: 0.5033, Change: 1.4691), TF Ratio: 0.726
[2026-06-15 15:18:09,782][root][INFO] - Epoch [5/5], Batch [171/300], Loss: 0.9973 (Overall: 0.4300, Change: 0.7871), TF Ratio: 0.726
[2026-06-15 15:18:09,955][root][INFO] - Epoch [5/5], Batch [172/300], Loss: 0.9974 (Overall: 0.5684, Change: 1.4767), TF Ratio: 0.726
[2026-06-15 15:18:10,108][root][INFO] - Epoch [5/5], Batch [173/300], Loss: 0.9984 (Overall: 0.7308, Change: 1.5879), TF Ratio: 0.725
[2026-06-15 15:18:10,260][root][INFO] - Epoch [5/5], Batch [174/300], Loss: 0.9990 (Overall: 0.6080, Change: 1.6182), TF Ratio: 0.725
[2026-06-15 15:18:10,412][root][INFO] - Epoch [5/5], Batch [175/300], Loss: 0.9999 (Overall: 0.8806, Change: 1.4111), TF Ratio: 0.725
[2026-06-15 15:18:10,598][root][INFO] - Epoch [5/5], Batch [176/300], Loss: 0.9999 (Overall: 0.5994, Change: 1.4094), TF Ratio: 0.725
[2026-06-15 15:18:10,751][root][INFO] - Epoch [5/5], Batch [177/300], Loss: 1.0007 (Overall: 0.7397, Change: 1.5426), TF Ratio: 0.725
[2026-06-15 15:18:10,904][root][INFO] - Epoch [5/5], Batch [178/300], Loss: 1.0013 (Overall: 0.9236, Change: 1.2955), TF Ratio: 0.724
[2026-06-15 15:18:11,056][root][INFO] - Epoch [5/5], Batch [179/300], Loss: 1.0011 (Overall: 0.4729, Change: 1.4429), TF Ratio: 0.724
[2026-06-15 15:18:11,242][root][INFO] - Epoch [5/5], Batch [180/300], Loss: 1.0012 (Overall: 0.5488, Change: 1.4999), TF Ratio: 0.724
[2026-06-15 15:18:11,395][root][INFO] - Epoch [5/5], Batch [181/300], Loss: 1.0019 (Overall: 0.7949, Change: 1.4694), TF Ratio: 0.724
[2026-06-15 15:18:11,547][root][INFO] - Epoch [5/5], Batch [182/300], Loss: 1.0006 (Overall: 0.5566, Change: 0.9663), TF Ratio: 0.724
[2026-06-15 15:18:11,700][root][INFO] - Epoch [5/5], Batch [183/300], Loss: 1.0002 (Overall: 0.6782, Change: 1.1955), TF Ratio: 0.723
[2026-06-15 15:18:11,872][root][INFO] - Epoch [5/5], Batch [184/300], Loss: 1.0008 (Overall: 0.6874, Change: 1.5071), TF Ratio: 0.723
[2026-06-15 15:18:12,025][root][INFO] - Epoch [5/5], Batch [185/300], Loss: 1.0016 (Overall: 0.8838, Change: 1.4222), TF Ratio: 0.723
[2026-06-15 15:18:12,178][root][INFO] - Epoch [5/5], Batch [186/300], Loss: 1.0000 (Overall: 0.4954, Change: 0.9081), TF Ratio: 0.723
[2026-06-15 15:18:12,331][root][INFO] - Epoch [5/5], Batch [187/300], Loss: 1.0002 (Overall: 0.7475, Change: 1.3324), TF Ratio: 0.723
[2026-06-15 15:18:12,520][root][INFO] - Epoch [5/5], Batch [188/300], Loss: 1.0006 (Overall: 0.8748, Change: 1.2772), TF Ratio: 0.722
[2026-06-15 15:18:12,673][root][INFO] - Epoch [5/5], Batch [189/300], Loss: 0.9993 (Overall: 0.4415, Change: 1.0568), TF Ratio: 0.722
[2026-06-15 15:18:12,828][root][INFO] - Epoch [5/5], Batch [190/300], Loss: 1.0004 (Overall: 0.6932, Change: 1.7183), TF Ratio: 0.722
[2026-06-15 15:18:12,981][root][INFO] - Epoch [5/5], Batch [191/300], Loss: 1.0000 (Overall: 0.5433, Change: 1.3357), TF Ratio: 0.722
[2026-06-15 15:18:13,166][root][INFO] - Epoch [5/5], Batch [192/300], Loss: 0.9989 (Overall: 0.5233, Change: 1.0342), TF Ratio: 0.722
[2026-06-15 15:18:13,328][root][INFO] - Epoch [5/5], Batch [193/300], Loss: 0.9990 (Overall: 0.8532, Change: 1.1963), TF Ratio: 0.721
[2026-06-15 15:18:13,481][root][INFO] - Epoch [5/5], Batch [194/300], Loss: 1.0005 (Overall: 1.1628, Change: 1.3955), TF Ratio: 0.721
[2026-06-15 15:18:13,653][root][INFO] - Epoch [5/5], Batch [195/300], Loss: 0.9993 (Overall: 0.7234, Change: 0.8327), TF Ratio: 0.721
[2026-06-15 15:18:13,834][root][INFO] - Epoch [5/5], Batch [196/300], Loss: 0.9991 (Overall: 0.7225, Change: 1.1943), TF Ratio: 0.721
[2026-06-15 15:18:13,991][root][INFO] - Epoch [5/5], Batch [197/300], Loss: 0.9993 (Overall: 0.6532, Change: 1.4150), TF Ratio: 0.721
[2026-06-15 15:18:14,146][root][INFO] - Epoch [5/5], Batch [198/300], Loss: 0.9992 (Overall: 0.7189, Change: 1.2325), TF Ratio: 0.720
[2026-06-15 15:18:14,298][root][INFO] - Epoch [5/5], Batch [199/300], Loss: 0.9990 (Overall: 0.6706, Change: 1.2661), TF Ratio: 0.720
[2026-06-15 15:18:14,484][root][INFO] - Epoch [5/5], Batch [200/300], Loss: 0.9975 (Overall: 0.4515, Change: 0.9491), TF Ratio: 0.720
[2026-06-15 15:18:14,637][root][INFO] - Epoch [5/5], Batch [201/300], Loss: 0.9989 (Overall: 0.9476, Change: 1.6023), TF Ratio: 0.720
[2026-06-15 15:18:14,790][root][INFO] - Epoch [5/5], Batch [202/300], Loss: 0.9990 (Overall: 0.6961, Change: 1.3319), TF Ratio: 0.720
[2026-06-15 15:18:14,942][root][INFO] - Epoch [5/5], Batch [203/300], Loss: 0.9999 (Overall: 0.9121, Change: 1.4552), TF Ratio: 0.719
[2026-06-15 15:18:15,125][root][INFO] - Epoch [5/5], Batch [204/300], Loss: 1.0005 (Overall: 0.6576, Change: 1.5764), TF Ratio: 0.719
[2026-06-15 15:18:15,278][root][INFO] - Epoch [5/5], Batch [205/300], Loss: 1.0011 (Overall: 0.6869, Change: 1.5632), TF Ratio: 0.719
[2026-06-15 15:18:15,430][root][INFO] - Epoch [5/5], Batch [206/300], Loss: 1.0002 (Overall: 0.5616, Change: 1.0700), TF Ratio: 0.719
[2026-06-15 15:18:15,583][root][INFO] - Epoch [5/5], Batch [207/300], Loss: 1.0005 (Overall: 0.7914, Change: 1.3473), TF Ratio: 0.719
[2026-06-15 15:18:15,756][root][INFO] - Epoch [5/5], Batch [208/300], Loss: 1.0015 (Overall: 0.9340, Change: 1.4766), TF Ratio: 0.718
[2026-06-15 15:18:15,911][root][INFO] - Epoch [5/5], Batch [209/300], Loss: 1.0023 (Overall: 0.7866, Change: 1.5732), TF Ratio: 0.718
[2026-06-15 15:18:16,068][root][INFO] - Epoch [5/5], Batch [210/300], Loss: 1.0028 (Overall: 0.6694, Change: 1.5307), TF Ratio: 0.718
[2026-06-15 15:18:16,220][root][INFO] - Epoch [5/5], Batch [211/300], Loss: 1.0018 (Overall: 0.4044, Change: 1.1696), TF Ratio: 0.718
[2026-06-15 15:18:18,210][root][INFO] - Epoch [5/5], Batch [212/300], Loss: 1.0005 (Overall: 0.5752, Change: 0.8690), TF Ratio: 0.718
[2026-06-15 15:18:18,364][root][INFO] - Epoch [5/5], Batch [213/300], Loss: 1.0008 (Overall: 0.5753, Change: 1.5725), TF Ratio: 0.717
[2026-06-15 15:18:18,517][root][INFO] - Epoch [5/5], Batch [214/300], Loss: 1.0015 (Overall: 0.8565, Change: 1.4494), TF Ratio: 0.717
[2026-06-15 15:18:18,671][root][INFO] - Epoch [5/5], Batch [215/300], Loss: 1.0019 (Overall: 0.7964, Change: 1.3720), TF Ratio: 0.717
[2026-06-15 15:18:19,640][root][INFO] - Epoch [5/5], Batch [216/300], Loss: 1.0016 (Overall: 0.7742, Change: 1.1162), TF Ratio: 0.717
[2026-06-15 15:18:19,793][root][INFO] - Epoch [5/5], Batch [217/300], Loss: 1.0014 (Overall: 0.6078, Change: 1.2891), TF Ratio: 0.717
[2026-06-15 15:18:19,946][root][INFO] - Epoch [5/5], Batch [218/300], Loss: 1.0010 (Overall: 0.7523, Change: 1.0605), TF Ratio: 0.716
[2026-06-15 15:18:22,969][root][INFO] - Epoch [5/5], Batch [219/300], Loss: 1.0002 (Overall: 0.4962, Change: 1.1885), TF Ratio: 0.716
[2026-06-15 15:18:26,278][root][INFO] - Epoch [5/5], Batch [220/300], Loss: 0.9999 (Overall: 0.7347, Change: 1.1027), TF Ratio: 0.716
[2026-06-15 15:18:26,433][root][INFO] - Epoch [5/5], Batch [221/300], Loss: 1.0000 (Overall: 0.5280, Change: 1.5229), TF Ratio: 0.716
[2026-06-15 15:18:26,586][root][INFO] - Epoch [5/5], Batch [222/300], Loss: 1.0004 (Overall: 0.8504, Change: 1.3458), TF Ratio: 0.716
[2026-06-15 15:18:26,738][root][INFO] - Epoch [5/5], Batch [223/300], Loss: 0.9999 (Overall: 0.8890, Change: 0.8598), TF Ratio: 0.715
[2026-06-15 15:18:26,908][root][INFO] - Epoch [5/5], Batch [224/300], Loss: 0.9999 (Overall: 0.7409, Change: 1.2744), TF Ratio: 0.715
[2026-06-15 15:18:27,061][root][INFO] - Epoch [5/5], Batch [225/300], Loss: 0.9994 (Overall: 0.9695, Change: 0.8261), TF Ratio: 0.715
[2026-06-15 15:18:27,214][root][INFO] - Epoch [5/5], Batch [226/300], Loss: 0.9996 (Overall: 0.6767, Change: 1.4125), TF Ratio: 0.715
[2026-06-15 15:18:27,366][root][INFO] - Epoch [5/5], Batch [227/300], Loss: 0.9996 (Overall: 0.5885, Change: 1.3851), TF Ratio: 0.715
[2026-06-15 15:18:27,543][root][INFO] - Epoch [5/5], Batch [228/300], Loss: 0.9993 (Overall: 0.6606, Change: 1.1872), TF Ratio: 0.714
[2026-06-15 15:18:27,697][root][INFO] - Epoch [5/5], Batch [229/300], Loss: 0.9976 (Overall: 0.5299, Change: 0.7320), TF Ratio: 0.714
[2026-06-15 15:18:27,850][root][INFO] - Epoch [5/5], Batch [230/300], Loss: 0.9990 (Overall: 1.1147, Change: 1.5142), TF Ratio: 0.714
[2026-06-15 15:18:28,004][root][INFO] - Epoch [5/5], Batch [231/300], Loss: 0.9982 (Overall: 0.3960, Change: 1.2078), TF Ratio: 0.714
[2026-06-15 15:18:28,187][root][INFO] - Epoch [5/5], Batch [232/300], Loss: 0.9986 (Overall: 0.8602, Change: 1.3535), TF Ratio: 0.714
[2026-06-15 15:18:28,340][root][INFO] - Epoch [5/5], Batch [233/300], Loss: 0.9986 (Overall: 0.8674, Change: 1.0960), TF Ratio: 0.713
[2026-06-15 15:18:28,493][root][INFO] - Epoch [5/5], Batch [234/300], Loss: 0.9972 (Overall: 0.5106, Change: 0.8489), TF Ratio: 0.713
[2026-06-15 15:18:28,649][root][INFO] - Epoch [5/5], Batch [235/300], Loss: 0.9965 (Overall: 0.9967, Change: 0.6820), TF Ratio: 0.713
[2026-06-15 15:18:34,221][root][INFO] - Epoch [5/5], Batch [236/300], Loss: 0.9973 (Overall: 0.8598, Change: 1.5171), TF Ratio: 0.713
[2026-06-15 15:18:34,373][root][INFO] - Epoch [5/5], Batch [237/300], Loss: 0.9974 (Overall: 0.8192, Change: 1.1780), TF Ratio: 0.713
[2026-06-15 15:18:34,524][root][INFO] - Epoch [5/5], Batch [238/300], Loss: 0.9965 (Overall: 0.4603, Change: 1.1166), TF Ratio: 0.712
[2026-06-15 15:18:34,676][root][INFO] - Epoch [5/5], Batch [239/300], Loss: 0.9973 (Overall: 0.7640, Change: 1.6342), TF Ratio: 0.712
[2026-06-15 15:18:34,848][root][INFO] - Epoch [5/5], Batch [240/300], Loss: 0.9976 (Overall: 0.7477, Change: 1.3964), TF Ratio: 0.712
[2026-06-15 15:18:35,001][root][INFO] - Epoch [5/5], Batch [241/300], Loss: 0.9966 (Overall: 0.5389, Change: 0.9547), TF Ratio: 0.712
[2026-06-15 15:18:35,154][root][INFO] - Epoch [5/5], Batch [242/300], Loss: 0.9990 (Overall: 0.8301, Change: 2.3211), TF Ratio: 0.712
[2026-06-15 15:18:35,306][root][INFO] - Epoch [5/5], Batch [243/300], Loss: 0.9994 (Overall: 0.8555, Change: 1.3367), TF Ratio: 0.711
[2026-06-15 15:18:35,709][root][INFO] - Epoch [5/5], Batch [244/300], Loss: 0.9993 (Overall: 0.6282, Change: 1.3432), TF Ratio: 0.711
[2026-06-15 15:18:35,862][root][INFO] - Epoch [5/5], Batch [245/300], Loss: 0.9990 (Overall: 0.4847, Change: 1.3377), TF Ratio: 0.711
[2026-06-15 15:18:36,014][root][INFO] - Epoch [5/5], Batch [246/300], Loss: 0.9997 (Overall: 0.4625, Change: 1.8984), TF Ratio: 0.711
[2026-06-15 15:18:36,167][root][INFO] - Epoch [5/5], Batch [247/300], Loss: 0.9999 (Overall: 0.7176, Change: 1.3608), TF Ratio: 0.711
[2026-06-15 15:18:36,357][root][INFO] - Epoch [5/5], Batch [248/300], Loss: 0.9992 (Overall: 0.7002, Change: 0.9728), TF Ratio: 0.710
[2026-06-15 15:18:36,510][root][INFO] - Epoch [5/5], Batch [249/300], Loss: 0.9991 (Overall: 0.6060, Change: 1.3619), TF Ratio: 0.710
[2026-06-15 15:18:36,663][root][INFO] - Epoch [5/5], Batch [250/300], Loss: 0.9993 (Overall: 0.9623, Change: 1.1084), TF Ratio: 0.710
[2026-06-15 15:18:36,826][root][INFO] - Epoch [5/5], Batch [251/300], Loss: 0.9994 (Overall: 0.8158, Change: 1.2282), TF Ratio: 0.710
[2026-06-15 15:18:36,996][root][INFO] - Epoch [5/5], Batch [252/300], Loss: 0.9992 (Overall: 0.5025, Change: 1.4115), TF Ratio: 0.710
[2026-06-15 15:18:37,149][root][INFO] - Epoch [5/5], Batch [253/300], Loss: 0.9989 (Overall: 0.3698, Change: 1.4855), TF Ratio: 0.709
[2026-06-15 15:18:37,302][root][INFO] - Epoch [5/5], Batch [254/300], Loss: 0.9998 (Overall: 0.6286, Change: 1.8288), TF Ratio: 0.709
[2026-06-15 15:18:37,465][root][INFO] - Epoch [5/5], Batch [255/300], Loss: 1.0003 (Overall: 0.8774, Change: 1.3808), TF Ratio: 0.709
[2026-06-15 15:18:37,635][root][INFO] - Epoch [5/5], Batch [256/300], Loss: 0.9999 (Overall: 0.5342, Change: 1.2275), TF Ratio: 0.709
[2026-06-15 15:18:37,788][root][INFO] - Epoch [5/5], Batch [257/300], Loss: 0.9993 (Overall: 0.7660, Change: 0.9125), TF Ratio: 0.709
[2026-06-15 15:18:37,940][root][INFO] - Epoch [5/5], Batch [258/300], Loss: 1.0001 (Overall: 0.9385, Change: 1.4863), TF Ratio: 0.708
[2026-06-15 15:18:38,093][root][INFO] - Epoch [5/5], Batch [259/300], Loss: 1.0009 (Overall: 0.9233, Change: 1.4866), TF Ratio: 0.708
[2026-06-15 15:18:38,274][root][INFO] - Epoch [5/5], Batch [260/300], Loss: 1.0008 (Overall: 0.7885, Change: 1.1897), TF Ratio: 0.708
[2026-06-15 15:18:38,430][root][INFO] - Epoch [5/5], Batch [261/300], Loss: 1.0001 (Overall: 0.5326, Change: 1.0729), TF Ratio: 0.708
[2026-06-15 15:18:38,582][root][INFO] - Epoch [5/5], Batch [262/300], Loss: 1.0006 (Overall: 0.6294, Change: 1.6442), TF Ratio: 0.708
[2026-06-15 15:18:38,734][root][INFO] - Epoch [5/5], Batch [263/300], Loss: 1.0011 (Overall: 0.6967, Change: 1.5955), TF Ratio: 0.707
[2026-06-15 15:18:38,922][root][INFO] - Epoch [5/5], Batch [264/300], Loss: 1.0015 (Overall: 0.9108, Change: 1.3022), TF Ratio: 0.707
[2026-06-15 15:18:39,074][root][INFO] - Epoch [5/5], Batch [265/300], Loss: 1.0026 (Overall: 0.9058, Change: 1.6551), TF Ratio: 0.707
[2026-06-15 15:18:39,226][root][INFO] - Epoch [5/5], Batch [266/300], Loss: 1.0020 (Overall: 0.6480, Change: 1.0264), TF Ratio: 0.707
[2026-06-15 15:18:39,378][root][INFO] - Epoch [5/5], Batch [267/300], Loss: 1.0012 (Overall: 0.6121, Change: 0.9923), TF Ratio: 0.707
[2026-06-15 15:18:39,597][root][INFO] - Epoch [5/5], Batch [268/300], Loss: 1.0006 (Overall: 0.3881, Change: 1.2984), TF Ratio: 0.706
[2026-06-15 15:18:39,750][root][INFO] - Epoch [5/5], Batch [269/300], Loss: 1.0007 (Overall: 0.7061, Change: 1.3509), TF Ratio: 0.706
[2026-06-15 15:18:39,902][root][INFO] - Epoch [5/5], Batch [270/300], Loss: 1.0005 (Overall: 0.7849, Change: 1.0768), TF Ratio: 0.706
[2026-06-15 15:18:40,055][root][INFO] - Epoch [5/5], Batch [271/300], Loss: 1.0006 (Overall: 0.5129, Change: 1.5404), TF Ratio: 0.706
[2026-06-15 15:18:40,227][root][INFO] - Epoch [5/5], Batch [272/300], Loss: 1.0016 (Overall: 0.6608, Change: 1.9113), TF Ratio: 0.706
[2026-06-15 15:18:40,381][root][INFO] - Epoch [5/5], Batch [273/300], Loss: 1.0011 (Overall: 0.4529, Change: 1.2559), TF Ratio: 0.705
[2026-06-15 15:18:40,534][root][INFO] - Epoch [5/5], Batch [274/300], Loss: 1.0009 (Overall: 0.5608, Change: 1.3469), TF Ratio: 0.705
[2026-06-15 15:18:40,686][root][INFO] - Epoch [5/5], Batch [275/300], Loss: 1.0010 (Overall: 0.6331, Change: 1.3908), TF Ratio: 0.705
[2026-06-15 15:18:40,854][root][INFO] - Epoch [5/5], Batch [276/300], Loss: 1.0000 (Overall: 0.7673, Change: 0.7344), TF Ratio: 0.705
[2026-06-15 15:18:41,007][root][INFO] - Epoch [5/5], Batch [277/300], Loss: 0.9990 (Overall: 0.4470, Change: 0.9990), TF Ratio: 0.705
[2026-06-15 15:18:41,160][root][INFO] - Epoch [5/5], Batch [278/300], Loss: 0.9987 (Overall: 0.3883, Change: 1.3960), TF Ratio: 0.704
[2026-06-15 15:18:41,314][root][INFO] - Epoch [5/5], Batch [279/300], Loss: 0.9984 (Overall: 0.7497, Change: 1.1162), TF Ratio: 0.704
[2026-06-15 15:18:41,510][root][INFO] - Epoch [5/5], Batch [280/300], Loss: 0.9984 (Overall: 0.6209, Change: 1.3613), TF Ratio: 0.704
[2026-06-15 15:18:41,663][root][INFO] - Epoch [5/5], Batch [281/300], Loss: 0.9983 (Overall: 0.4212, Change: 1.5370), TF Ratio: 0.704
[2026-06-15 15:18:41,815][root][INFO] - Epoch [5/5], Batch [282/300], Loss: 0.9983 (Overall: 0.5896, Change: 1.3787), TF Ratio: 0.704
[2026-06-15 15:18:41,967][root][INFO] - Epoch [5/5], Batch [283/300], Loss: 0.9980 (Overall: 0.6828, Change: 1.1742), TF Ratio: 0.703
[2026-06-15 15:18:42,149][root][INFO] - Epoch [5/5], Batch [284/300], Loss: 0.9984 (Overall: 0.8016, Change: 1.4133), TF Ratio: 0.703
[2026-06-15 15:18:42,302][root][INFO] - Epoch [5/5], Batch [285/300], Loss: 0.9986 (Overall: 0.6798, Change: 1.4453), TF Ratio: 0.703
[2026-06-15 15:18:42,456][root][INFO] - Epoch [5/5], Batch [286/300], Loss: 0.9980 (Overall: 0.7193, Change: 0.8919), TF Ratio: 0.703
[2026-06-15 15:18:42,608][root][INFO] - Epoch [5/5], Batch [287/300], Loss: 0.9977 (Overall: 0.4139, Change: 1.4233), TF Ratio: 0.703
[2026-06-15 15:18:42,777][root][INFO] - Epoch [5/5], Batch [288/300], Loss: 0.9981 (Overall: 0.8067, Change: 1.4243), TF Ratio: 0.702
[2026-06-15 15:18:42,930][root][INFO] - Epoch [5/5], Batch [289/300], Loss: 0.9978 (Overall: 0.7611, Change: 1.0829), TF Ratio: 0.702
[2026-06-15 15:18:43,083][root][INFO] - Epoch [5/5], Batch [290/300], Loss: 0.9974 (Overall: 0.5629, Change: 1.1578), TF Ratio: 0.702
[2026-06-15 15:18:43,236][root][INFO] - Epoch [5/5], Batch [291/300], Loss: 0.9995 (Overall: 1.7111, Change: 1.5335), TF Ratio: 0.702
[2026-06-15 15:18:45,613][root][INFO] - Epoch [5/5], Batch [292/300], Loss: 0.9991 (Overall: 0.4496, Change: 1.3295), TF Ratio: 0.702
[2026-06-15 15:18:45,766][root][INFO] - Epoch [5/5], Batch [293/300], Loss: 0.9985 (Overall: 0.4865, Change: 1.1339), TF Ratio: 0.701
[2026-06-15 15:18:45,919][root][INFO] - Epoch [5/5], Batch [294/300], Loss: 0.9991 (Overall: 0.8500, Change: 1.4954), TF Ratio: 0.701
[2026-06-15 15:18:46,072][root][INFO] - Epoch [5/5], Batch [295/300], Loss: 0.9980 (Overall: 0.7237, Change: 0.6509), TF Ratio: 0.701
[2026-06-15 15:18:46,250][root][INFO] - Epoch [5/5], Batch [296/300], Loss: 0.9983 (Overall: 0.9739, Change: 1.1863), TF Ratio: 0.701
[2026-06-15 15:18:46,404][root][INFO] - Epoch [5/5], Batch [297/300], Loss: 0.9987 (Overall: 0.7005, Change: 1.5553), TF Ratio: 0.701
[2026-06-15 15:18:46,557][root][INFO] - Epoch [5/5], Batch [298/300], Loss: 1.0030 (Overall: 1.5760, Change: 2.9853), TF Ratio: 0.700
[2026-06-15 15:18:46,709][root][INFO] - Epoch [5/5], Batch [299/300], Loss: 1.0027 (Overall: 0.5046, Change: 1.2802), TF Ratio: 0.700
[2026-06-15 15:18:46,893][root][INFO] - Epoch [5/5], Batch [300/300], Loss: 1.0026 (Overall: 0.3257, Change: 1.6301), TF Ratio: 0.700
[2026-06-15 15:18:56,918][root][INFO] - Epoch 5 done. Validating...
[2026-06-15 15:19:01,955][root][INFO] - Epoch [5/5] | Train: 0.9951 | Val: 0.7353
[2026-06-15 15:19:02,118][root][INFO] - Checkpoint saved: /gpfs/scratch/bsc32/bsc096444/ai4land-tfm/trained_models/unet_impl/41825121/model_epoch_5.pth
[2026-06-15 15:19:02,419][root][INFO] - Training complete.
