epoch,batch,delta_s
1,2,0.166
1,3,0.154
1,4,0.254
1,5,0.155
1,6,0.176
1,7,0.153
1,8,0.171
1,9,0.176
1,10,0.153
1,11,0.157
1,12,0.158
1,13,0.184
1,14,0.154
1,15,0.168
1,16,0.157
1,17,0.154
1,18,0.156
1,19,0.156
1,20,1.205
1,21,0.173
1,22,0.159
1,23,0.155
1,24,0.164
1,25,0.154
1,26,0.155
1,27,0.156
1,28,0.183
1,29,0.155
1,30,0.157
1,31,0.167
1,32,0.157
1,33,0.162
1,34,0.155
1,35,0.155
1,36,0.175
1,37,0.158
1,38,0.158
1,39,0.153
1,40,0.341
1,41,0.158
1,42,0.155
1,43,0.173
1,44,0.185
1,45,0.160
1,46,0.154
1,47,0.154
1,48,0.196
1,49,0.171
1,50,0.155
1,51,0.177
1,52,0.160
1,53,0.165
1,54,0.154
1,55,0.169
1,56,0.158
1,57,0.182
1,58,0.154
1,59,0.155
1,60,1.304
1,61,0.156
1,62,0.173
1,63,0.157
1,64,0.168
1,65,0.169
1,66,0.156
1,67,0.155
1,68,0.170
1,69,0.156
1,70,0.165
1,71,0.167
1,72,0.158
1,73,0.155
1,74,0.153
1,75,0.166
1,76,0.164
1,77,0.156
1,78,0.154
1,79,0.156
1,80,0.804
1,81,0.160
1,82,0.156
1,83,0.156
1,84,0.189
1,85,0.159
1,86,0.160
1,87,0.153
1,88,0.203
1,89,0.155
1,90,0.155
1,91,0.174
1,92,0.156
1,93,0.157
1,94,0.154
1,95,0.153
1,96,0.172
1,97,0.157
1,98,0.155
1,99,0.155
1,100,1.497
1,101,0.158
1,102,0.155
1,103,0.159
1,104,0.181
1,105,0.169
1,106,0.154
1,107,0.153
1,108,0.161
1,109,0.167
1,110,0.154
1,111,0.153
1,112,0.156
1,113,0.156
1,114,0.168
1,115,0.155
1,116,0.180
1,117,0.183
1,118,0.153
1,119,0.167
1,120,0.645
1,121,0.407
1,122,0.159
1,123,0.161
1,124,0.157
1,125,0.154
1,126,0.154
1,127,0.164
1,128,0.160
1,129,0.155
1,130,0.178
1,131,0.153
1,132,0.175
1,133,0.154
1,134,0.155
1,135,0.153
1,136,0.215
1,137,0.158
1,138,0.178
1,139,0.163
1,140,0.155
1,141,0.798
1,142,0.155
1,143,0.154
1,144,0.210
1,145,0.166
1,146,0.154
1,147,0.155
1,148,0.156
1,149,0.156
1,150,0.153
1,151,0.155
1,152,0.169
1,153,0.155
1,154,0.157
1,155,0.165
1,156,0.169
1,157,0.159
1,158,0.153
1,159,0.157
1,160,0.172
1,161,2.019
1,162,0.175
1,163,0.155
1,164,0.171
1,165,0.160
1,166,0.155
1,167,0.157
1,168,0.174
1,169,0.155
1,170,0.156
1,171,0.161
1,172,0.166
1,173,0.157
1,174,0.154
1,175,0.154
1,176,0.185
1,177,0.156
1,178,0.172
1,179,0.154
1,180,0.208
1,181,1.393
1,182,0.155
1,183,0.155
1,184,0.192
1,185,0.157
1,186,0.167
1,187,0.153
1,188,0.469
1,189,0.158
1,190,0.165
1,191,0.155
1,192,0.160
1,193,0.156
1,194,0.155
1,195,0.153
1,196,0.461
1,197,0.157
1,198,0.166
1,199,0.154
1,200,0.505
1,201,1.507
1,202,0.155
1,203,0.164
1,204,0.230
1,205,0.156
1,206,0.153
1,207,0.153
1,208,0.467
1,209,0.172
1,210,0.152
1,211,0.153
1,212,0.195
1,213,0.154
1,214,0.153
1,215,0.154
1,216,0.208
1,217,0.157
1,218,0.154
1,219,0.160
1,220,0.235
1,221,0.155
1,222,0.155
1,223,0.156
1,224,0.198
1,225,0.161
1,226,0.154
1,227,0.154
1,228,0.160
1,229,0.155
1,230,0.153
1,231,0.174
1,232,0.167
1,233,0.164
1,234,0.153
1,235,0.155
1,236,0.177
1,237,0.156
1,238,0.156
1,239,0.158
1,240,0.171
1,241,1.209
1,242,0.154
1,243,0.162
1,244,0.186
1,245,0.155
1,246,0.170
1,247,0.154
1,248,0.183
1,249,0.196
1,250,0.181
1,251,0.161
1,252,0.158
1,253,0.163
1,254,0.164
1,255,0.154
1,256,0.155
1,257,0.156
1,258,0.157
1,259,0.154
1,260,0.172
1,261,0.511
1,262,0.158
1,263,0.154
1,264,0.196
1,265,0.157
1,266,0.154
1,267,0.153
1,268,0.167
1,269,0.385
1,270,0.155
1,271,0.154
1,272,0.178
1,273,0.166
1,274,0.155
1,275,0.171
1,276,0.154
1,277,0.154
1,278,0.189
1,279,0.161
1,280,0.157
1,281,0.169
1,282,0.154
1,283,0.157
1,284,0.165
1,285,0.155
1,286,0.156
1,287,0.156
1,288,0.169
1,289,0.192
1,290,0.155
1,291,0.153
1,292,0.180
1,293,0.157
1,294,0.155
1,295,0.154
1,296,0.184
1,297,0.156
1,298,0.155
1,299,0.154
1,300,0.212
1,301,1.469
1,302,0.167
1,303,0.153
1,304,0.156
1,305,0.162
1,306,0.164
1,307,0.154
1,308,0.156
1,309,0.156
1,310,0.154
1,311,0.153
1,312,0.167
1,313,0.162
1,314,0.154
1,315,0.159
1,316,0.159
1,317,0.166
1,318,0.154
1,319,0.166
1,320,0.155
1,321,0.212
1,322,0.156
1,323,0.157
1,324,0.169
1,325,0.155
1,326,0.155
1,327,0.154
1,328,0.189
1,329,1.112
1,330,0.156
1,331,0.157
1,332,0.178
1,333,0.163
1,334,0.152
1,335,0.163
1,336,0.168
1,337,0.155
1,338,0.154
1,339,0.164
1,340,0.171
1,341,0.167
1,342,0.168
1,343,0.161
1,344,0.169
1,345,0.168
1,346,0.155
1,347,0.154
1,348,0.165
1,349,0.156
1,350,0.157
1,351,0.160
1,352,0.175
1,353,0.156
1,354,0.156
1,355,0.154
1,356,0.178
1,357,0.158
1,358,0.154
1,359,0.164
1,360,0.160
1,361,0.461
1,362,0.158
1,363,0.155
1,364,0.165
1,365,0.157
1,366,0.155
1,367,0.155
1,368,0.164
1,369,0.868
1,370,0.156
1,371,0.172
1,372,0.164
1,373,0.156
1,374,0.153
1,375,0.153
1,376,0.178
1,377,0.155
1,378,0.154
1,379,0.154
1,380,0.203
1,381,0.560
1,382,0.156
1,383,0.155
1,384,0.179
1,385,0.154
1,386,0.154
1,387,0.155
1,388,0.164
1,389,0.155
1,390,0.154
1,391,0.155
1,392,0.186
1,393,0.154
1,394,0.155
1,395,0.154
1,396,0.168
1,397,0.174
1,398,0.161
1,399,0.157
1,400,0.157
1,401,0.165
1,402,0.165
1,403,0.155
1,404,0.155
1,405,0.170
1,406,0.155
1,407,0.153
1,408,0.169
1,409,0.155
1,410,0.156
1,411,0.158
1,412,0.179
1,413,0.157
1,414,0.155
1,415,0.154
1,416,0.164
1,417,0.157
1,418,0.154
1,419,0.165
1,420,0.164
1,421,1.635
1,422,0.154
1,423,0.155
1,424,0.169
1,425,0.155
1,426,0.163
1,427,0.152
1,428,0.180
1,429,0.156
1,430,0.156
1,431,0.154
1,432,0.174
1,433,0.163
1,434,0.171
1,435,0.161
1,436,0.169
1,437,0.155
1,438,0.154
1,439,0.154
1,440,0.180
1,441,2.084
1,442,0.153
1,443,0.153
1,444,0.176
1,445,0.154
1,446,0.174
1,447,0.167
1,448,0.184
1,449,0.153
1,450,0.153
1,451,0.154
1,452,0.190
1,453,0.154
1,454,0.154
1,455,0.152
1,456,0.165
1,457,0.155
1,458,0.166
1,459,0.203
1,460,0.156
1,461,0.155
1,462,0.166
1,463,0.155
1,464,0.182
1,465,0.167
1,466,0.156
1,467,0.168
1,468,0.169
1,469,0.157
1,470,0.155
1,471,0.155
1,472,0.194
1,473,0.160
1,474,0.153
1,475,0.160
1,476,0.182
1,477,0.156
1,478,0.156
1,479,0.154
1,480,0.180
1,481,0.156
1,482,0.155
1,483,0.155
1,484,0.185
1,485,0.155
1,486,0.153
1,487,0.166
1,488,0.176
1,489,0.184
1,490,0.154
1,491,0.155
1,492,0.193
1,493,0.154
1,494,0.154
1,495,0.153
1,496,0.204
1,497,0.156
1,498,0.155
1,499,0.157
1,500,0.165
1,501,0.237
1,502,0.155
1,503,0.161
1,504,0.165
1,505,0.163
1,506,0.154
1,507,0.157
1,508,0.157
1,509,0.156
1,510,0.168
1,511,0.155
1,512,0.157
1,513,0.156
1,514,0.154
1,515,0.171
1,516,0.161
1,517,0.158
1,518,0.153
1,519,0.153
1,520,0.172
1,521,1.270
1,522,0.170
1,523,0.168
1,524,0.162
1,525,0.170
1,526,0.154
1,527,0.153
1,528,0.165
1,529,0.163
1,530,0.154
1,531,0.153
1,532,0.182
1,533,0.169
1,534,0.154
1,535,0.164
1,536,0.156
1,537,0.174
1,538,0.157
1,539,0.154
1,540,0.154
1,541,0.659
1,542,0.152
1,543,0.155
1,544,0.181
1,545,0.166
1,546,0.153
1,547,0.155
1,548,0.165
1,549,0.156
1,550,0.153
1,551,0.155
1,552,0.198
1,553,0.158
1,554,0.155
1,555,0.155
1,556,0.175
1,557,0.159
1,558,0.154
1,559,0.174
1,560,0.599
1,561,0.156
1,562,0.154
1,563,0.171
1,564,0.155
1,565,0.157
1,566,0.156
1,567,0.154
1,568,0.182
1,569,0.807
1,570,0.156
1,571,0.155
1,572,0.171
1,573,0.167
1,574,0.154
1,575,0.175
1,576,0.159
1,577,0.155
1,578,0.161
1,579,0.153
1,580,0.344
1,581,0.585
1,582,0.169
1,583,0.168
1,584,0.177
1,585,0.153
1,586,0.152
1,587,0.163
1,588,0.189
1,589,0.154
1,590,0.194
1,591,0.153
1,592,0.186
1,593,0.166
1,594,0.153
1,595,0.152
1,596,0.185
1,597,0.154
1,598,0.152
1,599,0.162
1,600,0.159
1,601,0.153
1,602,0.152
1,603,0.153
1,604,0.179
1,605,0.193
1,606,0.153
1,607,0.241
1,608,0.169
1,609,0.159
1,610,0.172
1,611,0.154
1,612,0.155
1,613,0.155
1,614,0.154
1,615,0.165
1,616,0.183
1,617,0.154
1,618,0.171
1,619,0.153
1,620,0.175
1,621,0.161
1,622,0.153
1,623,0.153
1,624,0.160
1,625,0.168
1,626,0.153
1,627,0.153
1,628,0.172
1,629,0.155
1,630,0.154
1,631,0.154
1,632,0.177
1,633,0.171
1,634,0.155
1,635,0.155
1,636,0.169
1,637,0.156
1,638,0.155
1,639,0.153
1,640,1.479
1,641,0.158
1,642,0.168
1,643,0.156
1,644,0.177
1,645,0.163
1,646,0.154
1,647,0.153
1,648,0.185
1,649,0.155
1,650,0.156
1,651,0.156
1,652,0.162
1,653,0.156
1,654,0.153
1,655,0.155
1,656,0.158
1,657,0.156
1,658,0.155
1,659,0.158
1,660,1.937
1,661,0.155
1,662,0.154
1,663,0.171
1,664,0.182
1,665,0.156
1,666,0.154
1,667,0.168
1,668,0.155
1,669,0.167
1,670,0.156
1,671,0.166
1,672,0.155
1,673,0.154
1,674,0.155
1,675,0.154
1,676,0.189
1,677,0.156
1,678,0.153
1,679,0.158
1,680,0.962
1,681,0.156
1,682,0.155
1,683,0.154
1,684,0.163
1,685,0.156
1,686,0.155
1,687,0.154
1,688,0.160
1,689,0.168
1,690,0.154
1,691,0.154
1,692,0.155
1,693,0.156
1,694,0.155
1,695,0.160
1,696,0.178
1,697,0.156
1,698,0.157
1,699,0.163
1,700,2.026
1,701,0.154
1,702,0.155
1,703,0.154
1,704,0.173
1,705,0.172
1,706,0.153
1,707,0.154
1,708,0.181
1,709,0.168
1,710,0.155
1,711,0.160
1,712,0.155
1,713,0.155
1,714,0.157
1,715,0.153
1,716,0.187
1,717,0.156
1,718,0.155
1,719,0.154
1,720,0.230
1,721,0.155
1,722,0.158
1,723,0.159
1,724,0.165
1,725,0.159
1,726,0.154
1,727,0.154
1,728,0.157
1,729,0.156
1,730,0.153
1,731,0.156
1,732,0.181
1,733,0.156
1,734,0.160
1,735,0.155
1,736,0.177
1,737,0.154
1,738,0.153
1,739,0.155
1,740,0.192
1,741,0.155
1,742,0.162
1,743,0.154
1,744,0.159
1,745,0.165
1,746,0.154
1,747,0.153
1,748,0.167
1,749,0.162
1,750,0.156
1,751,0.158
1,752,0.168
1,753,0.154
1,754,0.165
1,755,0.156
1,756,0.168
1,757,0.154
1,758,0.167
1,759,0.155
1,760,0.826
1,761,0.154
1,762,0.156
1,763,0.154
1,764,0.176
1,765,0.157
1,766,0.154
1,767,0.183
1,768,0.155
1,769,0.155
1,770,0.154
1,771,0.156
1,772,0.179
1,773,0.155
1,774,0.157
1,775,0.154
1,776,0.173
1,777,0.168
1,778,0.155
1,779,0.162
1,780,1.280
1,781,0.156
1,782,0.153
1,783,0.155
1,784,0.187
1,785,0.154
1,786,0.154
1,787,0.165
1,788,0.159
1,789,0.171
1,790,0.155
1,791,0.155
1,792,0.175
1,793,0.156
1,794,0.158
1,795,0.154
1,796,0.165
1,797,0.162
1,798,0.156
1,799,0.155
1,800,2.243
1,801,0.156
1,802,0.168
1,803,0.153
1,804,0.258
1,805,0.153
1,806,0.154
1,807,0.152
1,808,0.223
1,809,0.165
1,810,0.154
1,811,0.158
1,812,0.175
1,813,0.155
1,814,0.155
1,815,0.153
1,816,0.161
1,817,0.167
1,818,0.155
1,819,0.162
1,820,0.156
1,821,0.157
1,822,0.155
1,823,0.162
1,824,0.172
1,825,0.157
1,826,0.167
1,827,0.154
1,828,0.173
1,829,0.157
1,830,0.154
1,831,0.153
1,832,0.181
1,833,0.156
1,834,0.160
1,835,0.154
1,836,0.172
1,837,0.157
1,838,0.168
1,839,0.155
1,840,1.179
1,841,0.156
1,842,0.154
1,843,0.165
1,844,0.157
1,845,0.156
1,846,0.154
1,847,0.175
1,848,0.196
1,849,0.154
1,850,0.153
1,851,0.154
1,852,0.191
1,853,0.155
1,854,0.160
1,855,0.156
1,856,0.199
1,857,0.156
1,858,0.155
1,859,0.154
1,860,0.596
1,861,0.154
1,862,0.160
1,863,0.154
1,864,0.187
1,865,0.155
1,866,0.164
1,867,0.155
1,868,0.156
1,869,0.179
1,870,0.154
1,871,0.153
1,872,0.179
1,873,0.155
1,874,0.170
1,875,0.154
1,876,0.199
1,877,0.156
1,878,0.164
1,879,0.152
1,880,1.809
1,881,0.155
1,882,0.153
1,883,0.161
1,884,0.183
1,885,0.154
1,886,0.155
1,887,0.153
1,888,0.173
1,889,0.153
1,890,0.155
1,891,0.155
1,892,0.199
1,893,0.155
1,894,0.152
1,895,0.153
1,896,0.191
1,897,0.156
1,898,0.156
1,899,0.154
1,900,0.222
1,901,0.155
1,902,0.159
1,903,0.153
1,904,0.186
1,905,0.157
1,906,0.153
1,907,0.158
1,908,0.172
1,909,0.155
1,910,0.155
1,911,0.175
1,912,0.156
1,913,0.165
1,914,0.154
1,915,0.154
1,916,0.158
1,917,0.154
1,918,0.154
1,919,0.156
1,920,1.851
1,921,0.155
1,922,0.153
1,923,0.153
1,924,0.181
1,925,0.154
1,926,0.152
1,927,0.154
1,928,0.220
1,929,0.155
1,930,0.166
1,931,0.152
1,932,0.155
1,933,0.154
1,934,0.160
1,935,0.154
1,936,0.157
1,937,0.164
1,938,0.161
1,939,0.155
1,940,0.173
1,941,0.155
1,942,0.154
1,943,0.168
1,944,0.167
1,945,0.161
1,946,0.152
1,947,0.157
1,948,0.158
1,949,0.161
1,950,0.154
1,951,0.163
1,952,0.173
1,953,0.156
1,954,0.155
1,955,0.158
1,956,0.167
1,957,0.156
1,958,0.169
1,959,0.153
1,960,0.173
1,961,0.156
1,962,0.156
1,963,0.154
1,964,0.170
1,965,0.171
1,966,0.165
1,967,0.153
1,968,0.155
1,969,0.156
1,970,0.174
1,971,0.164
1,972,0.165
1,973,0.155
1,974,0.153
1,975,0.153
1,976,0.178
1,977,0.165
1,978,0.154
1,979,0.153
1,980,0.716
1,981,0.155
1,982,0.166
1,983,0.155
1,984,0.172
1,985,0.157
1,986,0.155
1,987,0.154
1,988,0.176
1,989,0.158
1,990,0.156
1,991,0.170
1,992,0.159
1,993,0.172
1,994,0.169
1,995,0.162
1,996,0.155
1,997,0.156
1,998,0.155
1,999,0.166
1,1000,0.738
1,1001,0.155
1,1002,0.155
1,1003,0.154
1,1004,0.177
1,1005,0.165
1,1006,0.164
1,1007,0.154
1,1008,0.154
1,1009,0.158
1,1010,0.154
1,1011,0.155
1,1012,0.179
1,1013,0.156
1,1014,0.155
1,1015,0.154
1,1016,0.180
1,1017,0.157
1,1018,0.153
1,1019,0.175
1,1020,0.249
1,1021,0.174
1,1022,0.153
1,1023,0.155
1,1024,0.183
1,1025,0.162
1,1026,0.156
1,1027,0.153
1,1028,0.157
1,1029,0.153
1,1030,0.169
1,1031,0.155
1,1032,0.167
1,1033,0.154
1,1034,0.155
1,1035,0.153
1,1036,0.189
1,1037,0.159
1,1038,0.155
1,1039,0.156
1,1040,0.242
1,1041,0.156
1,1042,0.164
1,1043,0.154
1,1044,0.184
1,1045,0.156
1,1046,0.163
1,1047,0.156
1,1048,0.180
1,1049,0.166
1,1050,0.154
1,1051,0.154
1,1052,0.188
1,1053,0.166
1,1054,0.153
1,1055,0.154
1,1056,0.159
1,1057,0.158
1,1058,0.161
1,1059,0.165
1,1060,2.656
1,1061,0.155
1,1062,0.153
1,1063,0.163
1,1064,0.191
1,1065,0.156
1,1066,0.155
1,1067,0.154
1,1068,0.191
1,1069,0.154
1,1070,0.154
1,1071,0.162
1,1072,0.175
1,1073,0.180
1,1074,0.155
1,1075,0.179
1,1076,0.172
1,1077,0.156
1,1078,0.154
1,1079,0.160
1,1080,0.569
1,1081,0.156
1,1082,0.153
1,1083,0.153
1,1084,0.179
1,1085,0.155
1,1086,0.166
1,1087,0.154
1,1088,0.173
1,1089,0.154
1,1090,0.157
1,1091,0.155
1,1092,0.185
1,1093,0.156
1,1094,0.181
1,1095,0.169
1,1096,0.154
1,1097,0.156
1,1098,0.155
1,1099,0.175
1,1100,0.166
1,1101,0.156
1,1102,0.155
1,1103,0.155
1,1104,0.182
1,1105,0.155
1,1106,0.155
1,1107,0.155
1,1108,0.190
1,1109,0.158
1,1110,0.171
1,1111,0.154
1,1112,0.165
1,1113,0.154
1,1114,0.156
1,1115,0.154
1,1116,0.205
1,1117,0.160
1,1118,0.154
1,1119,0.156
1,1120,1.773
1,1121,0.169
1,1122,0.154
1,1123,0.154
1,1124,0.178
1,1125,0.156
1,1126,0.154
1,1127,0.162
1,1128,0.156
1,1129,0.165
1,1130,0.171
1,1131,0.154
1,1132,0.163
1,1133,0.156
1,1134,0.156
1,1135,0.167
1,1136,0.179
1,1137,0.160
1,1138,0.153
1,1139,0.155
1,1140,0.797
1,1141,0.165
1,1142,0.163
1,1143,0.155
1,1144,0.165
1,1145,0.154
1,1146,0.154
1,1147,0.153
1,1148,0.177
1,1149,0.153
1,1150,0.154
1,1151,0.161
1,1152,0.194
1,1153,0.173
1,1154,0.155
1,1155,0.158
1,1156,0.157
1,1157,0.159
1,1158,0.154
1,1159,0.156
1,1160,0.587
1,1161,0.168
1,1162,0.157
1,1163,0.155
1,1164,0.164
1,1165,0.156
1,1166,0.155
1,1167,0.153
1,1168,0.187
1,1169,0.156
1,1170,0.156
1,1171,0.166
1,1172,0.160
1,1173,0.160
1,1174,0.154
1,1175,0.154
1,1176,0.183
1,1177,0.155
1,1178,0.164
1,1179,0.154
1,1180,0.182
1,1181,0.155
1,1182,0.158
1,1183,0.154
1,1184,0.179
1,1185,0.169
1,1186,0.153
1,1187,0.154
1,1188,0.171
1,1189,0.156
1,1190,0.155
1,1191,0.161
1,1192,0.181
1,1193,0.165
1,1194,0.155
1,1195,0.171
1,1196,0.169
1,1197,0.157
1,1198,0.156
1,1199,0.154
1,1200,1.010
1,1201,0.157
1,1202,0.165
1,1203,0.166
1,1204,0.156
1,1205,0.157
1,1206,0.174
1,1207,0.162
1,1208,0.158
1,1209,0.173
1,1210,0.154
1,1211,0.168
1,1212,0.156
1,1213,0.156
1,1214,0.156
1,1215,0.155
1,1216,0.192
1,1217,0.156
1,1218,0.154
1,1219,0.162
1,1220,2.013
1,1221,0.154
1,1222,0.154
1,1223,0.153
1,1224,0.207
1,1225,0.153
1,1226,0.153
1,1227,0.153
1,1228,0.177
1,1229,0.176
1,1230,0.153
1,1231,0.153
1,1232,0.154
1,1233,0.164
1,1234,0.154
1,1235,0.153
1,1236,0.167
1,1237,0.155
1,1238,0.155
1,1239,0.154
1,1240,0.191
1,1241,0.156
1,1242,0.157
1,1243,0.156
1,1244,0.158
1,1245,0.164
1,1246,0.154
1,1247,0.154
1,1248,0.166
1,1249,0.172
1,1250,0.155
1,1251,0.155
1,1252,0.177
1,1253,0.159
1,1254,0.156
1,1255,0.155
1,1256,0.173
1,1257,0.155
1,1258,0.155
1,1259,0.171
1,1260,0.157
1,1261,0.155
1,1262,0.154
1,1263,0.154
1,1264,0.205
1,1265,0.155
1,1266,0.154
1,1267,0.155
1,1268,0.177
1,1269,0.174
1,1270,0.155
1,1271,0.175
1,1272,0.162
1,1273,0.170
1,1274,0.154
1,1275,0.154
1,1276,0.196
1,1277,0.158
1,1278,0.153
1,1279,0.155
1,1280,0.181
1,1281,0.154
1,1282,0.156
1,1283,0.156
1,1284,0.187
1,1285,0.158
1,1286,0.153
1,1287,0.155
1,1288,0.183
1,1289,0.164
1,1290,0.167
1,1291,0.164
1,1292,0.155
1,1293,0.157
1,1294,0.155
1,1295,0.154
1,1296,0.209
1,1297,0.174
1,1298,0.158
1,1299,0.155
1,1300,0.159
1,1301,0.157
1,1302,0.154
1,1303,0.156
1,1304,0.195
1,1305,0.158
1,1306,0.176
1,1307,0.155
1,1308,0.155
1,1309,0.154
1,1310,0.157
1,1311,0.158
1,1312,0.183
1,1313,0.157
1,1314,0.155
1,1315,0.164
1,1316,0.157
1,1317,0.166
1,1318,0.155
1,1319,0.155
1,1320,0.619
1,1321,0.157
1,1322,0.163
1,1323,0.153
1,1324,0.199
1,1325,0.155
1,1326,0.176
1,1327,0.179
1,1328,0.154
1,1329,0.163
1,1330,0.153
1,1331,0.158
1,1332,0.197
1,1333,0.165
1,1334,0.155
1,1335,0.165
1,1336,0.157
1,1337,0.156
1,1338,0.170
1,1339,0.164
1,1340,0.155
1,1341,0.156
1,1342,0.154
1,1343,0.172
1,1344,0.164
1,1345,0.157
1,1346,0.155
1,1347,0.154
1,1348,0.185
1,1349,0.603
1,1350,0.194
1,1351,0.160
1,1352,0.167
1,1353,0.158
1,1354,0.161
1,1355,0.154
1,1356,0.172
1,1357,0.155
1,1358,0.155
1,1359,0.165
1,1360,0.169
1,1361,0.165
1,1362,0.155
1,1363,0.165
1,1364,0.162
1,1365,0.168
1,1366,0.154
1,1367,0.154
1,1368,0.164
1,1369,1.096
1,1370,0.156
1,1371,0.154
1,1372,0.183
1,1373,0.168
1,1374,0.154
1,1375,0.155
1,1376,0.172
1,1377,0.155
1,1378,0.186
1,1379,0.154
1,1380,0.155
1,1381,0.156
1,1382,0.154
1,1383,0.153
1,1384,0.174
1,1385,0.159
1,1386,0.154
1,1387,0.165
1,1388,0.179
1,1389,1.354
1,1390,0.155
1,1391,0.155
1,1392,0.170
1,1393,0.169
1,1394,0.154
1,1395,0.154
1,1396,0.160
1,1397,0.170
1,1398,0.153
1,1399,0.154
1,1400,0.157
1,1401,0.157
1,1402,0.154
1,1403,0.155
1,1404,0.187
1,1405,0.160
1,1406,0.155
1,1407,0.155
1,1408,0.167
1,1409,1.360
1,1410,0.169
1,1411,0.155
1,1412,0.156
1,1413,0.155
1,1414,0.154
1,1415,0.153
1,1416,0.223
1,1417,0.155
1,1418,0.156
1,1419,0.155
1,1420,0.206
1,1421,0.153
1,1422,0.173
1,1423,0.166
1,1424,0.156
1,1425,0.168
1,1426,0.152
1,1427,0.168
1,1428,0.193
1,1429,0.929
1,1430,0.153
1,1431,0.169
1,1432,0.163
1,1433,0.156
1,1434,0.162
1,1435,0.168
1,1436,0.158
1,1437,0.172
1,1438,0.153
1,1439,0.155
1,1440,0.155
1,1441,0.185
1,1442,0.154
1,1443,0.153
1,1444,0.169
1,1445,0.155
1,1446,0.156
1,1447,0.169
1,1448,0.167
1,1449,0.273
1,1450,0.154
1,1451,0.175
1,1452,0.173
1,1453,0.178
1,1454,0.154
1,1455,0.156
1,1456,0.161
1,1457,0.157
1,1458,0.154
1,1459,0.162
1,1460,0.163
1,1461,0.155
1,1462,0.164
1,1463,0.156
1,1464,0.188
1,1465,0.154
1,1466,0.155
1,1467,0.153
1,1468,0.185
1,1469,0.169
1,1470,0.172
1,1471,0.163
1,1472,0.154
1,1473,0.158
1,1474,0.153
1,1475,0.160
1,1476,0.181
1,1477,0.168
1,1478,0.153
1,1479,0.157
1,1480,0.169
1,1481,0.157
1,1482,0.155
1,1483,0.155
1,1484,0.184
1,1485,0.157
1,1486,0.155
1,1487,0.178
1,1488,0.158
1,1489,0.163
1,1490,0.164
1,1491,0.155
1,1492,0.181
1,1493,0.155
1,1494,0.155
1,1495,0.155
1,1496,0.172
1,1497,0.156
1,1498,0.156
1,1499,0.156
1,1500,0.169
1,1501,0.156
1,1502,0.170
1,1503,0.154
1,1504,0.177
1,1505,0.157
1,1506,0.154
1,1507,0.155
1,1508,0.171
1,1509,2.316
1,1510,0.154
1,1511,0.154
1,1512,0.166
1,1513,0.155
1,1514,0.169
1,1515,0.155
1,1516,0.172
1,1517,0.158
1,1518,0.157
1,1519,0.157
1,1520,0.197
1,1521,0.154
1,1522,0.159
1,1523,0.153
1,1524,0.201
1,1525,0.154
1,1526,0.154
1,1527,0.153
1,1528,0.208
1,1529,1.486
1,1530,0.155
1,1531,0.155
1,1532,0.161
1,1533,0.157
1,1534,0.154
1,1535,0.154
1,1536,0.177
1,1537,0.181
1,1538,0.154
1,1539,0.154
1,1540,0.168
1,1541,0.155
1,1542,0.166
1,1543,0.153
1,1544,0.157
1,1545,0.160
1,1546,0.155
1,1547,0.167
1,1548,0.167
1,1549,0.517
1,1550,0.171
1,1551,0.163
1,1552,0.158
1,1553,0.158
1,1554,0.155
1,1555,0.155
1,1556,0.159
1,1557,0.156
1,1558,0.153
1,1559,0.155
1,1560,0.180
1,1561,0.170
1,1562,0.153
1,1563,0.165
1,1564,0.161
1,1565,0.156
1,1566,0.155
1,1567,0.164
1,1568,0.190
1,1569,0.374
1,1570,0.155
1,1571,0.156
1,1572,0.192
1,1573,0.157
1,1574,0.163
1,1575,0.153
1,1576,0.176
1,1577,0.172
1,1578,0.154
1,1579,0.174
1,1580,0.156
1,1581,0.157
1,1582,0.155
1,1583,0.155
1,1584,0.168
1,1585,0.180
1,1586,0.167
1,1587,0.158
1,1588,0.180
1,1589,1.286
1,1590,0.154
1,1591,0.156
1,1592,0.185
1,1593,0.155
1,1594,0.156
1,1595,0.165
1,1596,0.177
1,1597,0.158
1,1598,0.156
1,1599,0.156
1,1600,0.169
1,1601,0.157
1,1602,0.175
1,1603,0.154
1,1604,0.155
1,1605,0.156
1,1606,0.155
1,1607,0.153
1,1608,0.180
1,1609,0.860
1,1610,0.155
1,1611,0.154
1,1612,0.195
1,1613,0.155
1,1614,0.154
1,1615,0.154
1,1616,0.173
1,1617,0.165
1,1618,0.162
1,1619,0.159
1,1620,0.157
1,1621,0.157
1,1622,0.155
1,1623,0.154
1,1624,0.191
1,1625,0.167
1,1626,0.154
1,1627,0.173
1,1628,0.158
1,1629,0.175
1,1630,0.164
1,1631,0.153
1,1632,0.185
1,1633,0.156
1,1634,0.157
1,1635,0.155
1,1636,0.173
1,1637,0.157
1,1638,0.158
1,1639,0.155
1,1640,0.195
1,1641,0.155
1,1642,0.160
1,1643,0.163
1,1644,0.167
1,1645,0.160
1,1646,0.159
1,1647,0.158
1,1648,0.195
1,1649,0.918
1,1650,0.154
1,1651,0.154
1,1652,0.171
1,1653,0.158
1,1654,0.154
1,1655,0.154
1,1656,0.159
1,1657,0.155
1,1658,0.154
1,1659,0.167
1,1660,0.156
1,1661,0.160
1,1662,0.166
1,1663,0.154
1,1664,0.177
1,1665,0.154
1,1666,0.155
1,1667,0.155
1,1668,0.199
1,1669,0.727
1,1670,0.156
1,1671,0.165
1,1672,0.163
1,1673,0.155
1,1674,0.156
1,1675,0.158
1,1676,0.196
1,1677,0.166
1,1678,0.155
1,1679,0.156
1,1680,0.155
1,1681,0.159
1,1682,0.152
1,1683,0.155
1,1684,0.177
1,1685,0.155
1,1686,0.164
1,1687,0.153
1,1688,0.182
1,1689,1.180
1,1690,0.154
1,1691,0.155
1,1692,0.188
1,1693,0.154
1,1694,0.155
1,1695,0.154
1,1696,0.184
1,1697,0.177
1,1698,0.154
1,1699,0.162
1,1700,0.170
1,1701,0.155
1,1702,0.180
1,1703,0.154
1,1704,0.156
1,1705,0.161
1,1706,0.153
1,1707,0.166
1,1708,0.174
1,1709,0.322
1,1710,0.155
1,1711,0.170
1,1712,0.189
1,1713,0.173
1,1714,0.165
1,1715,0.160
1,1716,0.155
1,1717,0.156
1,1718,0.169
1,1719,0.155
1,1720,0.178
1,1721,0.156
1,1722,0.155
1,1723,0.155
1,1724,0.172
1,1725,0.166
1,1726,0.154
1,1727,0.171
1,1728,0.155
1,1729,1.514
1,1730,0.155
1,1731,0.154
1,1732,0.170
1,1733,0.156
1,1734,0.159
1,1735,0.169
1,1736,0.161
1,1737,0.156
1,1738,0.166
1,1739,0.153
1,1740,0.156
1,1741,0.166
1,1742,0.166
1,1743,0.153
1,1744,0.154
1,1745,0.157
1,1746,0.154
1,1747,0.156
1,1748,0.175
1,1749,0.884
1,1750,0.155
1,1751,0.155
1,1752,0.170
1,1753,0.158
1,1754,0.156
1,1755,0.154
1,1756,0.172
1,1757,0.156
1,1758,0.157
1,1759,0.153
1,1760,0.169
1,1761,0.165
1,1762,0.154
1,1763,0.165
1,1764,0.155
1,1765,0.157
1,1766,0.153
1,1767,0.153
1,1768,0.195
1,1769,0.730
1,1770,0.156
1,1771,0.166
1,1772,0.165
1,1773,0.159
1,1774,0.166
1,1775,0.163
1,1776,0.157
1,1777,0.156
1,1778,0.156
1,1779,0.156
1,1780,0.174
1,1781,0.156
1,1782,0.164
1,1783,0.166
1,1784,0.156
1,1785,0.154
1,1786,0.154
1,1787,0.168
1,1788,0.180
1,1789,0.693
1,1790,0.154
1,1791,0.153
1,1792,0.184
1,1793,0.154
1,1794,0.155
1,1795,0.155
1,1796,0.178
1,1797,0.178
1,1798,0.156
1,1799,0.167
1,1800,0.158
1,1801,0.157
1,1802,0.154
1,1803,0.165
1,1804,0.161
1,1805,0.170
1,1806,0.153
1,1807,0.172
1,1808,0.155
1,1809,0.159
1,1810,0.165
1,1811,0.174
1,1812,0.167
1,1813,0.157
1,1814,0.170
1,1815,0.154
1,1816,0.172
1,1817,0.156
1,1818,0.160
1,1819,0.159
1,1820,0.177
1,1821,0.171
1,1822,0.155
1,1823,0.154
1,1824,0.158
1,1825,0.155
1,1826,0.160
1,1827,0.156
1,1828,0.200
1,1829,0.596
1,1830,0.156
1,1831,0.155
1,1832,0.188
1,1833,0.157
1,1834,0.155
1,1835,0.156
1,1836,0.216
1,1837,0.155
1,1838,0.158
1,1839,0.168
1,1840,0.168
1,1841,0.157
1,1842,0.155
1,1843,0.154
1,1844,0.199
1,1845,0.158
1,1846,0.155
1,1847,0.154
1,1848,0.173
1,1849,1.504
1,1850,0.154
1,1851,0.168
1,1852,0.167
1,1853,0.157
1,1854,0.153
1,1855,0.162
1,1856,0.175
1,1857,0.158
1,1858,0.161
1,1859,0.154
1,1860,0.177
1,1861,0.155
1,1862,0.169
1,1863,0.154
1,1864,0.182
1,1865,0.155
1,1866,0.154
1,1867,0.169
1,1868,0.168
1,1869,0.155
1,1870,0.154
1,1871,0.158
1,1872,0.181
1,1873,0.156
1,1874,0.156
1,1875,0.165
1,1876,0.155
1,1877,0.170
1,1878,0.170
1,1879,0.155
1,1880,0.157
1,1881,0.165
1,1882,0.157
1,1883,0.155
1,1884,0.180
1,1885,0.159
1,1886,0.155
1,1887,0.163
1,1888,0.188
1,1889,0.203
1,1890,0.174
1,1891,0.156
1,1892,0.167
1,1893,0.164
1,1894,0.157
1,1895,0.154
1,1896,0.179
1,1897,0.158
1,1898,0.157
1,1899,0.155
1,1900,0.169
1,1901,0.155
1,1902,0.153
1,1903,0.153
1,1904,0.199
1,1905,0.155
1,1906,0.154
1,1907,0.171
1,1908,0.171
1,1909,0.755
1,1910,0.156
1,1911,0.154
1,1912,0.169
1,1913,0.156
1,1914,0.155
1,1915,0.155
1,1916,0.168
1,1917,0.155
1,1918,0.163
1,1919,0.154
1,1920,0.165
1,1921,0.156
1,1922,0.161
1,1923,0.155
1,1924,0.184
1,1925,0.167
1,1926,0.156
1,1927,0.154
1,1928,0.155
1,1929,1.290
1,1930,0.157
1,1931,0.157
1,1932,0.170
1,1933,0.166
1,1934,0.157
1,1935,0.154
1,1936,0.178
1,1937,0.155
1,1938,0.154
1,1939,0.155
1,1940,0.221
1,1941,0.173
1,1942,0.156
1,1943,0.155
1,1944,0.160
1,1945,0.154
1,1946,0.171
1,1947,0.157
1,1948,0.165
1,1949,0.614
1,1950,0.158
1,1951,0.154
1,1952,0.189
1,1953,0.157
1,1954,0.169
1,1955,0.160
1,1956,0.187
1,1957,0.156
1,1958,0.154
1,1959,0.169
1,1960,0.156
1,1961,0.156
1,1962,0.157
1,1963,0.170
1,1964,0.168
1,1965,0.166
1,1966,0.155
1,1967,0.166
1,1968,0.158
1,1969,0.316
1,1970,0.163
1,1971,0.155
1,1972,0.157
1,1973,0.157
1,1974,0.156
1,1975,0.154
1,1976,0.198
1,1977,0.156
1,1978,0.156
1,1979,0.155
1,1980,0.176
1,1981,0.158
1,1982,0.155
1,1983,0.156
1,1984,0.171
1,1985,0.157
1,1986,0.156
1,1987,0.156
1,1988,0.174
1,1989,1.667
1,1990,0.153
1,1991,0.153
1,1992,0.173
1,1993,0.162
1,1994,0.165
1,1995,0.155
1,1996,0.169
1,1997,0.160
1,1998,0.155
1,1999,0.155
1,2000,0.165
1,2001,0.155
1,2002,0.154
1,2003,0.154
1,2004,0.182
1,2005,0.155
1,2006,0.155
1,2007,0.156
1,2008,0.178
1,2009,1.924
1,2010,0.154
1,2011,0.160
1,2012,0.183
1,2013,0.155
1,2014,0.159
1,2015,0.154
1,2016,0.183
1,2017,0.163
1,2018,0.154
1,2019,0.154
1,2020,0.180
1,2021,0.155
1,2022,0.167
1,2023,0.163
1,2024,0.157
1,2025,0.157
1,2026,0.162
1,2027,0.154
1,2028,0.224
1,2029,0.168
1,2030,0.153
1,2031,0.154
1,2032,0.182
1,2033,0.172
1,2034,0.154
1,2035,0.156
1,2036,0.172
1,2037,0.163
1,2038,0.154
1,2039,0.178
1,2040,0.156
1,2041,0.167
1,2042,0.184
1,2043,0.154
1,2044,0.156
1,2045,0.155
1,2046,0.168
1,2047,0.166
1,2048,0.170
1,2049,0.164
1,2050,0.156
1,2051,0.153
1,2052,0.185
1,2053,0.155
1,2054,0.156
1,2055,0.160
1,2056,0.177
1,2057,0.157
1,2058,0.163
1,2059,0.156
1,2060,0.184
1,2061,0.176
1,2062,0.155
1,2063,0.156
1,2064,0.167
1,2065,0.163
1,2066,0.175
1,2067,0.162
1,2068,0.155
1,2069,0.178
1,2070,0.155
1,2071,0.170
1,2072,0.160
1,2073,0.171
1,2074,0.153
1,2075,0.156
1,2076,0.161
1,2077,0.163
1,2078,0.173
1,2079,0.154
1,2080,0.155
1,2081,0.156
1,2082,0.163
1,2083,0.172
1,2084,0.164
1,2085,0.156
1,2086,0.170
1,2087,0.153
1,2088,0.171
1,2089,0.158
1,2090,0.155
1,2091,0.155
1,2092,0.176
1,2093,0.172
1,2094,0.155
1,2095,0.154
1,2096,0.187
1,2097,0.156
1,2098,0.154
1,2099,0.155
1,2100,0.191
1,2101,0.157
1,2102,0.166
1,2103,0.155
1,2104,0.193
1,2105,0.175
1,2106,0.198
1,2107,0.153
1,2108,0.161
1,2109,0.164
1,2110,0.154
1,2111,0.155
1,2112,0.179
1,2113,0.156
1,2114,0.167
1,2115,0.159
1,2116,0.166
1,2117,0.156
1,2118,0.159
1,2119,0.156
1,2120,0.182
1,2121,0.155
1,2122,0.153
1,2123,0.156
1,2124,0.178
1,2125,0.155
1,2126,0.155
1,2127,0.163
1,2128,0.174
1,2129,0.180
1,2130,0.156
1,2131,0.156
1,2132,0.165
1,2133,0.154
1,2134,0.154
1,2135,0.156
1,2136,0.177
1,2137,0.155
1,2138,0.157
1,2139,0.156
1,2140,0.172
1,2141,0.156
1,2142,0.155
1,2143,0.176
1,2144,0.165
1,2145,0.155
1,2146,0.155
1,2147,0.156
1,2148,0.187
1,2149,1.438
1,2150,0.155
1,2151,0.156
1,2152,0.164
1,2153,0.169
1,2154,0.176
1,2155,0.153
1,2156,0.158
1,2157,0.156
1,2158,0.154
1,2159,0.155
1,2160,0.205
1,2161,0.156
1,2162,0.174
1,2163,0.169
1,2164,0.166
1,2165,0.157
1,2166,0.153
1,2167,0.171
1,2168,0.161
1,2169,0.638
1,2170,0.154
1,2171,0.163
1,2172,0.176
1,2173,0.155
1,2174,0.164
1,2175,0.158
1,2176,0.171
1,2177,0.156
1,2178,0.179
1,2179,0.155
1,2180,0.160
1,2181,0.172
1,2182,0.155
1,2183,0.168
1,2184,0.195
1,2185,0.156
1,2186,0.156
1,2187,0.156
1,2188,0.185
1,2189,2.233
1,2190,0.157
1,2191,0.154
1,2192,0.176
1,2193,0.155
1,2194,0.167
1,2195,0.161
1,2196,0.178
1,2197,0.155
1,2198,0.159
1,2199,0.156
1,2200,0.188
1,2201,0.165
1,2202,0.155
1,2203,0.154
1,2204,0.163
1,2205,0.178
1,2206,0.153
1,2207,0.155
1,2208,0.165
1,2209,0.155
1,2210,0.165
1,2211,0.172
1,2212,0.161
1,2213,0.154
1,2214,0.156
1,2215,0.155
1,2216,0.204
1,2217,0.156
1,2218,0.156
1,2219,0.156
1,2220,0.168
1,2221,0.155
1,2222,0.177
1,2223,0.156
1,2224,0.165
1,2225,0.156
1,2226,0.155
1,2227,0.156
1,2228,0.174
1,2229,0.486
1,2230,0.155
1,2231,0.156
1,2232,0.174
1,2233,0.155
1,2234,0.155
1,2235,0.155
1,2236,0.193
1,2237,0.155
1,2238,0.157
1,2239,0.156
1,2240,0.196
1,2241,0.155
1,2242,0.154
1,2243,0.155
1,2244,0.182
1,2245,0.156
1,2246,0.153
1,2247,0.154
1,2248,0.190
1,2249,3.025
1,2250,0.152
1,2251,0.153
1,2252,0.183
1,2253,0.184
1,2254,0.167
1,2255,0.161
1,2256,0.200
1,2257,0.187
1,2258,0.152
1,2259,0.153
1,2260,0.175
1,2261,0.155
1,2262,0.153
1,2263,0.154
1,2264,0.199
1,2265,0.156
1,2266,0.153
1,2267,0.156
1,2268,0.175
1,2269,0.155
1,2270,0.155
1,2271,0.152
1,2272,0.178
1,2273,0.155
1,2274,0.154
1,2275,0.154
1,2276,0.172
1,2277,0.159
1,2278,0.162
1,2279,0.172
1,2280,0.170
1,2281,0.163
1,2282,0.167
1,2283,0.157
1,2284,0.165
1,2285,0.172
1,2286,0.157
1,2287,0.155
1,2288,0.157
1,2289,0.156
1,2290,0.155
1,2291,0.156
1,2292,0.201
1,2293,0.175
1,2294,0.153
1,2295,0.154
1,2296,0.185
1,2297,0.154
1,2298,0.163
1,2299,0.153
1,2300,0.196
1,2301,0.177
1,2302,0.161
1,2303,0.155
1,2304,0.173
1,2305,0.156
1,2306,0.154
1,2307,0.156
1,2308,0.162
1,2309,0.343
1,2310,0.155
1,2311,0.157
1,2312,0.188
1,2313,0.169
1,2314,0.155
1,2315,0.155
1,2316,0.176
1,2317,0.155
1,2318,0.157
1,2319,0.154
1,2320,0.181
1,2321,0.156
1,2322,0.161
1,2323,0.153
1,2324,0.174
1,2325,0.156
1,2326,0.154
1,2327,0.153
1,2328,0.175
1,2329,3.436
1,2330,0.153
1,2331,0.153
1,2332,0.218
1,2333,0.155
1,2334,0.154
1,2335,0.152
1,2336,0.167
1,2337,0.159
1,2338,0.153
1,2339,0.152
1,2340,0.160
1,2341,0.162
1,2342,0.152
1,2343,0.153
1,2344,0.170
1,2345,0.156
1,2346,0.166
1,2347,0.156
1,2348,0.155
1,2349,0.154
1,2350,0.154
1,2351,0.158
1,2352,0.188
1,2353,0.156
1,2354,0.157
1,2355,0.154
1,2356,0.178
1,2357,0.156
1,2358,0.155
1,2359,0.154
1,2360,0.186
1,2361,0.156
1,2362,0.156
1,2363,0.154
1,2364,0.173
1,2365,0.157
1,2366,0.153
1,2367,0.154
1,2368,0.174
1,2369,0.159
1,2370,0.155
1,2371,0.156
1,2372,0.191
1,2373,0.165
1,2374,0.155
1,2375,0.154
1,2376,0.162
1,2377,0.167
1,2378,0.155
1,2379,0.153
1,2380,0.163
1,2381,0.155
1,2382,0.154
1,2383,0.162
1,2384,0.159
1,2385,0.166
1,2386,0.154
1,2387,0.161
1,2388,0.170
1,2389,0.156
1,2390,0.172
1,2391,0.157
1,2392,0.157
1,2393,0.156
1,2394,0.155
1,2395,0.166
1,2396,0.195
1,2397,0.168
1,2398,0.165
1,2399,0.157
1,2400,0.155
1,2401,0.158
1,2402,0.157
1,2403,0.156
1,2404,0.165
1,2405,0.158
1,2406,0.154
1,2407,0.157
1,2408,0.205
1,2409,0.401
1,2410,0.155
1,2411,0.182
1,2412,0.155
1,2413,0.157
1,2414,0.155
1,2415,0.163
1,2416,0.175
1,2417,0.156
1,2418,0.154
1,2419,0.168
1,2420,0.179
1,2421,0.169
1,2422,0.175
1,2423,0.154
1,2424,0.159
1,2425,0.167
1,2426,0.170
1,2427,0.153
1,2428,0.155
1,2429,0.791
1,2430,0.154
1,2431,0.156
1,2432,0.185
1,2433,0.156
1,2434,0.155
1,2435,0.157
1,2436,0.165
1,2437,0.166
1,2438,0.154
1,2439,0.155
1,2440,0.172
1,2441,0.166
1,2442,0.155
1,2443,0.154
1,2444,0.169
1,2445,0.159
1,2446,0.154
1,2447,0.155
1,2448,0.166
1,2449,1.656
1,2450,0.155
1,2451,0.155
1,2452,0.239
1,2453,0.155
1,2454,0.158
1,2455,0.154
1,2456,0.179
1,2457,0.156
1,2458,0.165
1,2459,0.154
1,2460,0.163
1,2461,0.155
1,2462,0.156
1,2463,0.156
1,2464,0.171
1,2465,0.156
1,2466,0.155
1,2467,0.155
1,2468,0.168
1,2469,1.222
1,2470,0.154
1,2471,0.155
1,2472,0.182
1,2473,0.155
1,2474,0.154
1,2475,0.154
1,2476,0.187
1,2477,0.159
1,2478,0.168
1,2479,0.179
1,2480,0.156
1,2481,0.157
1,2482,0.154
1,2483,0.155
1,2484,0.163
1,2485,0.155
1,2486,0.154
1,2487,0.154
1,2488,0.195
1,2489,1.684
1,2490,0.159
1,2491,0.155
1,2492,0.171
1,2493,0.167
1,2494,0.153
1,2495,0.153
1,2496,0.168
1,2497,0.156
1,2498,0.162
1,2499,0.154
1,2500,0.168
2,2,1.577
2,3,0.156
2,4,1.039
2,5,0.159
2,6,0.155
2,7,0.156
2,8,0.609
2,9,0.158
2,10,0.164
2,11,0.165
2,12,0.177
2,13,0.170
2,14,0.154
2,15,0.168
2,16,0.172
2,17,0.157
2,18,0.154
2,19,0.156
2,20,0.177
2,21,0.158
2,22,0.808
2,23,0.156
2,24,0.914
2,25,0.157
2,26,0.164
2,27,0.154
2,28,0.165
2,29,0.167
2,30,0.154
2,31,0.178
2,32,0.156
2,33,0.156
2,34,0.169
2,35,0.154
2,36,0.157
2,37,0.159
2,38,0.155
2,39,0.155
2,40,0.449
2,41,0.158
2,42,0.155
2,43,0.157
2,44,0.168
2,45,0.165
2,46,0.159
2,47,0.154
2,48,0.170
2,49,0.162
2,50,0.160
2,51,0.155
2,52,0.167
2,53,0.172
2,54,0.156
2,55,0.154
2,56,0.161
2,57,0.157
2,58,0.162
2,59,0.154
2,60,0.841
2,61,0.156
2,62,0.167
2,63,0.156
2,64,0.437
2,65,0.158
2,66,0.153
2,67,0.172
2,68,0.176
2,69,0.155
2,70,0.165
2,71,0.157
2,72,0.172
2,73,0.166
2,74,0.156
2,75,0.159
2,76,0.158
2,77,0.155
2,78,0.154
2,79,0.171
2,80,0.737
2,81,0.156
2,82,0.154
2,83,0.154
2,84,0.194
2,85,0.155
2,86,0.153
2,87,0.154
2,88,0.225
2,89,0.160
2,90,0.155
2,91,0.156
2,92,0.185
2,93,0.156
2,94,0.155
2,95,0.165
2,96,0.171
2,97,0.164
2,98,0.157
2,99,0.154
2,100,0.260
2,101,0.156
2,102,0.291
2,103,0.154
2,104,0.156
2,105,0.158
2,106,0.153
2,107,0.156
2,108,0.210
2,109,0.162
2,110,0.156
2,111,0.159
2,112,0.209
2,113,0.156
2,114,0.190
2,115,0.155
2,116,0.154
2,117,0.165
2,118,0.154
2,119,0.153
2,120,1.541
2,121,0.156
2,122,0.173
2,123,0.155
2,124,0.186
2,125,0.158
2,126,0.165
2,127,0.155
2,128,0.192
2,129,0.156
2,130,0.170
2,131,0.155
2,132,0.178
2,133,0.156
2,134,0.153
2,135,0.157
2,136,0.188
2,137,0.156
2,138,0.157
2,139,0.158
2,140,0.178
2,141,0.158
2,142,0.270
2,143,0.167
2,144,0.158
2,145,0.758
2,146,0.157
2,147,0.155
2,148,0.219
2,149,0.158
2,150,0.169
2,151,0.156
2,152,0.194
2,153,0.182
2,154,0.668
2,155,0.175
2,156,0.169
2,157,0.154
2,158,0.154
2,159,0.174
2,160,0.175
2,161,0.156
2,162,0.167
2,163,0.155
2,164,0.294
2,165,0.179
2,166,0.163
2,167,0.154
2,168,0.157
2,169,0.174
2,170,0.155
2,171,0.164
2,172,0.157
2,173,0.164
2,174,0.153
2,175,0.154
2,176,0.159
2,177,0.157
2,178,0.164
2,179,0.154
2,180,0.171
2,181,0.157
2,182,0.155
2,183,0.154
2,184,0.630
2,185,0.158
2,186,0.166
2,187,0.155
2,188,0.177
2,189,0.158
2,190,0.156
2,191,0.157
2,192,1.162
2,193,0.157
2,194,0.155
2,195,0.155
2,196,0.178
2,197,0.158
2,198,0.171
2,199,0.168
2,200,0.157
2,201,0.156
2,202,0.153
2,203,0.156
2,204,0.184
2,205,0.184
2,206,0.156
2,207,0.155
2,208,0.329
2,209,0.173
2,210,0.159
2,211,0.155
2,212,1.927
2,213,0.157
2,214,0.164
2,215,0.157
2,216,0.168
2,217,0.156
2,218,0.156
2,219,0.166
2,220,0.177
2,221,0.162
2,222,0.155
2,223,0.155
2,224,0.173
2,225,0.158
2,226,0.162
2,227,0.155
2,228,0.182
2,229,0.156
2,230,0.155
2,231,0.156
2,232,1.938
2,233,0.157
2,234,0.155
2,235,0.159
2,236,0.173
2,237,0.176
2,238,0.156
2,239,0.155
2,240,0.179
2,241,0.157
2,242,0.156
2,243,0.154
2,244,0.177
2,245,0.163
2,246,0.157
2,247,0.153
2,248,0.165
2,249,0.157
2,250,0.156
2,251,0.155
2,252,1.215
2,253,0.156
2,254,0.155
2,255,0.153
2,256,0.183
2,257,0.163
2,258,0.166
2,259,0.155
2,260,0.160
2,261,0.174
2,262,0.164
2,263,0.156
2,264,0.172
2,265,0.155
2,266,0.165
2,267,0.172
2,268,0.156
2,269,0.157
2,270,0.156
2,271,0.157
2,272,0.745
2,273,0.156
2,274,0.155
2,275,0.156
2,276,0.176
2,277,0.157
2,278,0.155
2,279,0.170
2,280,0.156
2,281,0.157
2,282,0.155
2,283,0.158
2,284,0.178
2,285,0.158
2,286,0.154
2,287,0.155
2,288,0.172
2,289,0.156
2,290,0.156
2,291,0.162
2,292,1.388
2,293,0.156
2,294,0.154
2,295,0.156
2,296,0.204
2,297,0.155
2,298,0.166
2,299,0.155
2,300,0.170
2,301,0.156
2,302,0.155
2,303,0.167
2,304,0.173
2,305,0.156
2,306,0.170
2,307,0.156
2,308,0.169
2,309,0.157
2,310,0.155
2,311,0.156
2,312,1.354
2,313,0.168
2,314,0.154
2,315,0.155
2,316,0.178
2,317,0.191
2,318,0.166
2,319,0.154
2,320,0.155
2,321,0.155
2,322,0.155
2,323,0.156
2,324,0.173
2,325,0.160
2,326,0.155
2,327,0.155
2,328,0.163
2,329,0.163
2,330,0.166
2,331,0.165
2,332,1.723
2,333,0.175
2,334,0.155
2,335,0.182
2,336,0.168
2,337,0.165
2,338,0.161
2,339,0.154
2,340,0.180
2,341,0.164
2,342,0.155
2,343,0.156
2,344,0.161
2,345,0.155
2,346,0.163
2,347,0.169
2,348,0.160
2,349,0.159
2,350,0.154
2,351,0.155
2,352,0.925
2,353,0.158
2,354,0.167
2,355,0.154
2,356,0.161
2,357,0.157
2,358,0.154
2,359,0.153
2,360,0.172
2,361,0.155
2,362,0.155
2,363,0.177
2,364,0.167
2,365,0.156
2,366,0.155
2,367,0.154
2,368,0.181
2,369,0.154
2,370,0.155
2,371,0.154
2,372,1.021
2,373,0.157
2,374,0.155
2,375,0.156
2,376,0.206
2,377,0.154
2,378,0.154
2,379,0.156
2,380,0.183
2,381,0.157
2,382,0.165
2,383,0.154
2,384,0.173
2,385,0.154
2,386,0.156
2,387,0.154
2,388,0.185
2,389,0.158
2,390,0.154
2,391,0.173
2,392,1.572
2,393,0.155
2,394,0.155
2,395,0.163
2,396,0.182
2,397,0.156
2,398,0.154
2,399,0.153
2,400,0.191
2,401,0.156
2,402,0.154
2,403,0.157
2,404,0.173
2,405,0.182
2,406,0.153
2,407,0.156
2,408,0.156
2,409,0.154
2,410,0.153
2,411,0.155
2,412,0.189
2,413,0.177
2,414,0.166
2,415,0.154
2,416,0.170
2,417,0.154
2,418,0.156
2,419,0.176
2,420,0.156
2,421,0.156
2,422,0.154
2,423,0.155
2,424,0.536
2,425,0.159
2,426,0.155
2,427,0.168
2,428,0.179
2,429,0.157
2,430,0.154
2,431,0.154
2,432,0.182
2,433,0.156
2,434,0.175
2,435,0.155
2,436,0.157
2,437,0.157
2,438,0.161
2,439,0.155
2,440,0.171
2,441,0.156
2,442,0.156
2,443,0.155
2,444,0.171
2,445,0.156
2,446,0.166
2,447,0.166
2,448,0.155
2,449,0.159
2,450,0.155
2,451,0.160
2,452,1.581
2,453,0.155
2,454,0.156
2,455,0.155
2,456,0.182
2,457,0.176
2,458,0.155
2,459,0.155
2,460,0.171
2,461,0.164
2,462,0.161
2,463,0.159
2,464,0.161
2,465,0.155
2,466,0.158
2,467,0.155
2,468,0.167
2,469,0.155
2,470,0.168
2,471,0.154
2,472,0.825
2,473,0.398
2,474,0.155
2,475,0.154
2,476,0.156
2,477,0.159
2,478,0.153
2,479,0.155
2,480,0.391
2,481,0.156
2,482,0.179
2,483,0.156
2,484,0.185
2,485,0.154
2,486,0.161
2,487,0.155
2,488,0.168
2,489,0.155
2,490,0.155
2,491,0.154
2,492,0.170
2,493,0.156
2,494,0.154
2,495,0.161
2,496,0.168
2,497,0.187
2,498,0.161
2,499,0.161
2,500,0.157
2,501,0.155
2,502,0.175
2,503,0.161
2,504,0.158
2,505,0.155
2,506,0.155
2,507,0.154
2,508,0.175
2,509,0.156
2,510,0.155
2,511,0.155
2,512,1.030
2,513,0.154
2,514,0.155
2,515,0.153
2,516,0.165
2,517,0.157
2,518,0.153
2,519,0.154
2,520,0.180
2,521,0.159
2,522,0.155
2,523,0.158
2,524,0.169
2,525,0.158
2,526,0.155
2,527,0.155
2,528,0.183
2,529,0.157
2,530,0.169
2,531,0.155
2,532,1.819
2,533,0.154
2,534,0.157
2,535,0.153
2,536,0.534
2,537,0.154
2,538,0.153
2,539,0.152
2,540,0.193
2,541,0.154
2,542,0.173
2,543,0.173
2,544,0.155
2,545,0.156
2,546,0.152
2,547,0.156
2,548,0.158
2,549,0.158
2,550,0.155
2,551,0.152
2,552,0.176
2,553,0.156
2,554,0.155
2,555,0.154
2,556,0.181
2,557,0.154
2,558,0.157
2,559,0.153
2,560,0.183
2,561,0.154
2,562,0.154
2,563,0.168
2,564,0.170
2,565,0.157
2,566,0.155
2,567,0.166
2,568,0.156
2,569,0.191
2,570,0.155
2,571,0.155
2,572,0.154
2,573,0.155
2,574,0.155
2,575,0.153
2,576,0.171
2,577,0.157
2,578,0.172
2,579,0.184
2,580,0.166
2,581,0.156
2,582,0.153
2,583,0.158
2,584,0.181
2,585,0.157
2,586,0.174
2,587,0.155
2,588,0.161
2,589,0.157
2,590,0.155
2,591,0.154
2,592,0.628
2,593,0.163
2,594,0.156
2,595,0.154
2,596,0.175
2,597,0.156
2,598,0.155
2,599,0.155
2,600,0.171
2,601,0.156
2,602,0.155
2,603,0.156
2,604,0.174
2,605,0.173
2,606,0.155
2,607,0.154
2,608,0.155
2,609,0.156
2,610,0.170
2,611,0.156
2,612,0.988
2,613,0.159
2,614,0.155
2,615,0.156
2,616,0.184
2,617,0.161
2,618,0.161
2,619,0.157
2,620,0.173
2,621,0.154
2,622,0.153
2,623,0.155
2,624,0.200
2,625,0.157
2,626,0.162
2,627,0.157
2,628,0.180
2,629,0.171
2,630,0.158
2,631,0.164
2,632,1.567
2,633,0.160
2,634,0.154
2,635,0.169
2,636,0.175
2,637,0.171
2,638,0.153
2,639,0.153
2,640,0.178
2,641,0.157
2,642,0.153
2,643,0.155
2,644,0.167
2,645,0.155
2,646,0.160
2,647,0.155
2,648,0.196
2,649,0.155
2,650,0.153
2,651,0.155
2,652,1.259
2,653,0.169
2,654,0.154
2,655,0.154
2,656,0.171
2,657,0.158
2,658,0.161
2,659,0.165
2,660,0.163
2,661,0.164
2,662,0.153
2,663,0.154
2,664,0.179
2,665,0.156
2,666,0.155
2,667,0.154
2,668,0.167
2,669,0.157
2,670,0.153
2,671,0.158
2,672,1.097
2,673,0.165
2,674,0.161
2,675,0.153
2,676,0.175
2,677,0.158
2,678,0.153
2,679,0.161
2,680,0.175
2,681,0.155
2,682,0.154
2,683,0.156
2,684,0.190
2,685,0.156
2,686,0.169
2,687,0.155
2,688,0.156
2,689,0.154
2,690,0.154
2,691,0.155
2,692,1.109
2,693,0.156
2,694,0.155
2,695,0.170
2,696,0.194
2,697,0.161
2,698,0.153
2,699,0.153
2,700,0.174
2,701,0.155
2,702,0.154
2,703,0.159
2,704,0.165
2,705,0.155
2,706,0.154
2,707,0.155
2,708,0.162
2,709,0.156
2,710,0.160
2,711,0.155
2,712,0.934
2,713,0.154
2,714,0.155
2,715,0.154
2,716,0.182
2,717,0.164
2,718,0.156
2,719,0.154
2,720,0.160
2,721,0.155
2,722,0.158
2,723,0.154
2,724,0.176
2,725,0.157
2,726,0.155
2,727,0.164
2,728,0.178
2,729,0.155
2,730,0.165
2,731,0.155
2,732,1.378
2,733,0.155
2,734,0.155
2,735,0.154
2,736,0.175
2,737,0.156
2,738,0.153
2,739,0.162
2,740,0.175
2,741,0.156
2,742,0.156
2,743,0.154
2,744,0.183
2,745,0.157
2,746,0.159
2,747,0.153
2,748,0.154
2,749,0.154
2,750,0.161
2,751,0.154
2,752,0.189
2,753,0.154
2,754,0.155
2,755,0.153
2,756,0.187
2,757,0.157
2,758,0.154
2,759,0.156
2,760,0.170
2,761,0.155
2,762,0.156
2,763,0.156
2,764,0.172
2,765,0.167
2,766,0.154
2,767,0.155
2,768,0.168
2,769,0.156
2,770,0.161
2,771,0.169
2,772,0.835
2,773,0.158
2,774,0.173
2,775,0.154
2,776,0.156
2,777,0.160
2,778,0.154
2,779,0.158
2,780,0.170
2,781,0.155
2,782,0.154
2,783,0.154
2,784,0.185
2,785,0.157
2,786,0.154
2,787,0.173
2,788,0.186
2,789,0.156
2,790,0.156
2,791,0.168
2,792,1.427
2,793,0.155
2,794,0.164
2,795,0.162
2,796,0.186
2,797,0.156
2,798,0.155
2,799,0.155
2,800,0.191
2,801,0.156
2,802,0.161
2,803,0.154
2,804,0.171
2,805,0.168
2,806,0.166
2,807,0.160
2,808,0.156
2,809,0.157
2,810,0.155
2,811,0.156
2,812,0.168
2,813,0.156
2,814,0.155
2,815,0.154
2,816,0.172
2,817,0.156
2,818,0.156
2,819,0.167
2,820,0.156
2,821,0.159
2,822,0.159
2,823,0.155
2,824,0.184
2,825,0.156
2,826,0.154
2,827,0.155
2,828,0.194
2,829,0.155
2,830,0.155
2,831,0.170
2,832,0.170
2,833,0.157
2,834,0.171
2,835,0.158
2,836,0.156
2,837,0.171
2,838,0.155
2,839,0.155
2,840,0.168
2,841,0.157
2,842,0.173
2,843,0.154
2,844,0.165
2,845,0.157
2,846,0.155
2,847,0.156
2,848,0.181
2,849,0.156
2,850,0.168
2,851,0.155
2,852,0.992
2,853,0.164
2,854,0.158
2,855,0.167
2,856,0.175
2,857,0.156
2,858,0.154
2,859,0.167
2,860,0.168
2,861,0.176
2,862,0.156
2,863,0.157
2,864,0.158
2,865,0.175
2,866,0.156
2,867,0.156
2,868,0.162
2,869,0.167
2,870,0.159
2,871,0.153
2,872,1.616
2,873,0.162
2,874,0.154
2,875,0.154
2,876,0.160
2,877,0.163
2,878,0.171
2,879,0.155
2,880,0.162
2,881,0.156
2,882,0.153
2,883,0.154
2,884,0.173
2,885,0.158
2,886,0.158
2,887,0.153
2,888,0.158
2,889,0.166
2,890,0.154
2,891,0.155
2,892,0.164
2,893,0.156
2,894,0.154
2,895,0.156
2,896,0.171
2,897,0.158
2,898,0.155
2,899,0.157
2,900,0.164
2,901,0.157
2,902,0.154
2,903,0.155
2,904,0.185
2,905,0.155
2,906,0.156
2,907,0.154
2,908,0.162
2,909,0.170
2,910,0.156
2,911,0.182
2,912,1.501
2,913,0.171
2,914,0.155
2,915,0.155
2,916,0.165
2,917,0.156
2,918,0.163
2,919,0.153
2,920,0.171
2,921,0.154
2,922,0.154
2,923,0.155
2,924,0.185
2,925,0.163
2,926,0.154
2,927,0.153
2,928,0.163
2,929,0.159
2,930,0.153
2,931,0.157
2,932,0.891
2,933,0.155
2,934,0.153
2,935,0.154
2,936,0.170
2,937,0.156
2,938,0.155
2,939,0.160
2,940,0.175
2,941,0.165
2,942,0.153
2,943,0.165
2,944,0.175
2,945,0.154
2,946,0.173
2,947,0.170
2,948,0.155
2,949,0.155
2,950,0.154
2,951,0.153
2,952,0.198
2,953,0.155
2,954,0.154
2,955,0.157
2,956,0.174
2,957,0.156
2,958,0.155
2,959,0.155
2,960,0.171
2,961,0.175
2,962,0.155
2,963,0.160
2,964,0.156
2,965,0.156
2,966,0.154
2,967,0.154
2,968,0.169
2,969,0.158
2,970,0.154
2,971,0.155
2,972,1.350
2,973,0.161
2,974,0.153
2,975,0.169
2,976,0.163
2,977,0.155
2,978,0.165
2,979,0.153
2,980,0.176
2,981,0.162
2,982,0.154
2,983,0.160
2,984,0.167
2,985,0.155
2,986,0.153
2,987,0.152
2,988,0.184
2,989,0.156
2,990,0.168
2,991,0.155
2,992,0.165
2,993,0.164
2,994,0.155
2,995,0.163
2,996,0.164
2,997,0.156
2,998,0.154
2,999,0.155
2,1000,0.182
2,1001,0.161
2,1002,0.153
2,1003,0.165
2,1004,0.190
2,1005,0.154
2,1006,0.154
2,1007,0.153
2,1008,0.188
2,1009,0.157
2,1010,0.180
2,1011,0.153
2,1012,2.243
2,1013,0.154
2,1014,0.154
2,1015,0.163
2,1016,0.173
2,1017,0.154
2,1018,0.153
2,1019,0.162
2,1020,0.197
2,1021,0.163
2,1022,0.153
2,1023,0.175
2,1024,0.154
2,1025,0.154
2,1026,0.153
2,1027,0.153
2,1028,0.162
2,1029,0.155
2,1030,0.155
2,1031,0.155
2,1032,0.173
2,1033,0.170
2,1034,0.156
2,1035,0.155
2,1036,0.156
2,1037,0.163
2,1038,0.154
2,1039,0.156
2,1040,0.199
2,1041,0.156
2,1042,0.155
2,1043,0.156
2,1044,0.181
2,1045,0.156
2,1046,0.155
2,1047,0.155
2,1048,0.166
2,1049,0.155
2,1050,0.155
2,1051,0.156
2,1052,0.570
2,1053,0.157
2,1054,0.154
2,1055,0.155
2,1056,0.175
2,1057,0.172
2,1058,0.155
2,1059,0.155
2,1060,0.197
2,1061,0.172
2,1062,0.163
2,1063,0.166
2,1064,0.157
2,1065,0.167
2,1066,0.157
2,1067,0.168
2,1068,0.155
2,1069,0.158
2,1070,0.155
2,1071,0.154
2,1072,0.182
2,1073,0.156
2,1074,0.155
2,1075,0.155
2,1076,0.190
2,1077,0.156
2,1078,0.173
2,1079,0.154
2,1080,0.180
2,1081,0.154
2,1082,0.155
2,1083,0.155
2,1084,0.170
2,1085,0.155
2,1086,0.162
2,1087,0.154
2,1088,0.168
2,1089,0.157
2,1090,0.154
2,1091,0.155
2,1092,0.176
2,1093,0.162
2,1094,0.154
2,1095,0.154
2,1096,0.156
2,1097,0.188
2,1098,0.155
2,1099,0.166
2,1100,0.179
2,1101,0.156
2,1102,0.166
2,1103,0.164
2,1104,0.171
2,1105,0.156
2,1106,0.156
2,1107,0.158
2,1108,0.171
2,1109,0.160
2,1110,0.155
2,1111,0.157
2,1112,0.173
2,1113,0.156
2,1114,0.155
2,1115,0.154
2,1116,0.194
2,1117,0.158
2,1118,0.181
2,1119,0.156
2,1120,0.155
2,1121,0.166
2,1122,0.155
2,1123,0.158
2,1124,0.182
2,1125,0.157
2,1126,0.155
2,1127,0.154
2,1128,0.172
2,1129,0.926
2,1130,0.155
2,1131,0.154
2,1132,0.167
2,1133,0.156
2,1134,0.155
2,1135,0.168
2,1136,0.172
2,1137,0.158
2,1138,0.164
2,1139,0.155
2,1140,0.179
2,1141,0.155
2,1142,0.154
2,1143,0.154
2,1144,0.173
2,1145,0.156
2,1146,0.155
2,1147,0.156
2,1148,0.188
2,1149,1.430
2,1150,0.156
2,1151,0.177
2,1152,0.713
2,1153,0.156
2,1154,0.155
2,1155,0.168
2,1156,0.173
2,1157,0.155
2,1158,0.171
2,1159,0.155
2,1160,0.171
2,1161,0.157
2,1162,0.155
2,1163,0.157
2,1164,0.163
2,1165,0.157
2,1166,0.156
2,1167,0.166
2,1168,0.188
2,1169,0.864
2,1170,0.155
2,1171,0.156
2,1172,0.216
2,1173,0.155
2,1174,0.154
2,1175,0.155
2,1176,0.189
2,1177,0.156
2,1178,0.169
2,1179,0.154
2,1180,0.156
2,1181,0.156
2,1182,0.155
2,1183,0.156
2,1184,0.172
2,1185,0.157
2,1186,0.165
2,1187,0.155
2,1188,0.196
2,1189,1.499
2,1190,0.153
2,1191,0.162
2,1192,0.173
2,1193,0.173
2,1194,0.168
2,1195,0.176
2,1196,0.154
2,1197,0.156
2,1198,0.156
2,1199,0.165
2,1200,0.166
2,1201,0.154
2,1202,0.156
2,1203,0.153
2,1204,0.169
2,1205,0.154
2,1206,0.154
2,1207,0.155
2,1208,0.175
2,1209,0.156
2,1210,0.181
2,1211,0.155
2,1212,0.156
2,1213,0.156
2,1214,0.154
2,1215,0.153
2,1216,0.230
2,1217,0.155
2,1218,0.175
2,1219,0.154
2,1220,0.168
2,1221,0.157
2,1222,0.158
2,1223,0.153
2,1224,0.166
2,1225,0.157
2,1226,0.156
2,1227,0.156
2,1228,0.170
2,1229,0.156
2,1230,0.154
2,1231,0.155
2,1232,1.458
2,1233,0.159
2,1234,0.155
2,1235,0.172
2,1236,0.155
2,1237,0.154
2,1238,0.155
2,1239,0.165
2,1240,0.165
2,1241,0.156
2,1242,0.154
2,1243,0.156
2,1244,0.176
2,1245,0.155
2,1246,0.161
2,1247,0.161
2,1248,0.162
2,1249,0.172
2,1250,0.154
2,1251,0.170
2,1252,0.173
2,1253,0.169
2,1254,0.163
2,1255,0.153
2,1256,0.175
2,1257,0.159
2,1258,0.155
2,1259,0.154
2,1260,0.187
2,1261,0.156
2,1262,0.177
2,1263,0.154
2,1264,0.180
2,1265,0.155
2,1266,0.154
2,1267,0.154
2,1268,0.178
2,1269,0.155
2,1270,0.154
2,1271,0.155
2,1272,0.779
2,1273,0.158
2,1274,0.155
2,1275,0.156
2,1276,0.176
2,1277,0.165
2,1278,0.155
2,1279,0.154
2,1280,0.166
2,1281,0.155
2,1282,0.155
2,1283,0.155
2,1284,0.189
2,1285,0.180
2,1286,0.156
2,1287,0.167
2,1288,0.173
2,1289,0.166
2,1290,0.154
2,1291,0.155
2,1292,0.172
2,1293,0.157
2,1294,0.155
2,1295,0.156
2,1296,0.160
2,1297,0.166
2,1298,0.154
2,1299,0.154
2,1300,0.164
2,1301,0.157
2,1302,0.177
2,1303,0.154
2,1304,0.183
2,1305,0.165
2,1306,0.155
2,1307,0.154
2,1308,0.165
2,1309,0.164
2,1310,0.172
2,1311,0.156
2,1312,1.373
2,1313,0.164
2,1314,0.153
2,1315,0.166
2,1316,0.170
2,1317,0.158
2,1318,0.155
2,1319,0.165
2,1320,0.175
2,1321,0.160
2,1322,0.167
2,1323,0.169
2,1324,0.157
2,1325,0.155
2,1326,0.167
2,1327,0.154
2,1328,0.177
2,1329,0.154
2,1330,0.155
2,1331,0.155
2,1332,1.694
2,1333,0.153
2,1334,0.154
2,1335,0.153
2,1336,0.168
2,1337,0.155
2,1338,0.153
2,1339,0.157
2,1340,0.157
2,1341,0.155
2,1342,0.153
2,1343,0.155
2,1344,0.168
2,1345,0.155
2,1346,0.154
2,1347,0.153
2,1348,0.186
2,1349,0.157
2,1350,0.159
2,1351,0.162
2,1352,0.311
2,1353,0.157
2,1354,0.188
2,1355,0.154
2,1356,0.161
2,1357,0.156
2,1358,0.186
2,1359,0.154
2,1360,0.174
2,1361,0.155
2,1362,0.154
2,1363,0.182
2,1364,0.167
2,1365,0.159
2,1366,0.158
2,1367,0.166
2,1368,0.179
2,1369,0.156
2,1370,0.155
2,1371,0.154
2,1372,1.557
2,1373,0.156
2,1374,0.153
2,1375,0.153
2,1376,0.167
2,1377,0.155
2,1378,0.166
2,1379,0.153
2,1380,0.156
2,1381,0.154
2,1382,0.154
2,1383,0.153
2,1384,0.164
2,1385,0.155
2,1386,0.163
2,1387,0.154
2,1388,0.169
2,1389,0.172
2,1390,0.153
2,1391,0.166
2,1392,1.150
2,1393,0.154
2,1394,0.174
2,1395,0.154
2,1396,0.162
2,1397,0.173
2,1398,0.163
2,1399,0.154
2,1400,0.172
2,1401,0.155
2,1402,0.154
2,1403,0.153
2,1404,0.201
2,1405,0.158
2,1406,0.154
2,1407,0.154
2,1408,0.168
2,1409,0.156
2,1410,0.156
2,1411,0.155
2,1412,1.271
2,1413,0.181
2,1414,0.159
2,1415,0.162
2,1416,0.154
2,1417,0.153
2,1418,0.183
2,1419,0.153
2,1420,0.163
2,1421,0.154
2,1422,0.153
2,1423,0.153
2,1424,0.174
2,1425,0.155
2,1426,0.153
2,1427,0.153
2,1428,0.189
2,1429,0.159
2,1430,0.155
2,1431,0.155
2,1432,0.172
2,1433,0.158
2,1434,0.155
2,1435,0.154
2,1436,0.164
2,1437,0.164
2,1438,0.155
2,1439,0.154
2,1440,0.167
2,1441,0.155
2,1442,0.166
2,1443,0.155
2,1444,0.175
2,1445,0.157
2,1446,0.156
2,1447,0.159
2,1448,0.155
2,1449,0.156
2,1450,0.155
2,1451,0.154
2,1452,0.208
2,1453,0.160
2,1454,0.153
2,1455,0.153
2,1456,0.172
2,1457,0.156
2,1458,0.155
2,1459,0.154
2,1460,0.196
2,1461,0.156
2,1462,0.156
2,1463,0.163
2,1464,0.198
2,1465,0.162
2,1466,0.154
2,1467,0.155
2,1468,0.170
2,1469,0.157
2,1470,0.154
2,1471,0.153
2,1472,0.343
2,1473,0.156
2,1474,0.156
2,1475,0.156
2,1476,0.165
2,1477,0.155
2,1478,0.173
2,1479,0.155
2,1480,0.163
2,1481,0.154
2,1482,0.157
2,1483,0.168
2,1484,0.178
2,1485,0.157
2,1486,0.155
2,1487,0.155
2,1488,0.201
2,1489,0.154
2,1490,0.157
2,1491,0.155
2,1492,2.563
2,1493,0.156
2,1494,0.158
2,1495,0.155
2,1496,0.183
2,1497,0.166
2,1498,0.166
2,1499,0.153
2,1500,0.161
2,1501,0.165
2,1502,0.154
2,1503,0.161
2,1504,0.173
2,1505,0.156
2,1506,0.164
2,1507,0.159
2,1508,0.164
2,1509,0.156
2,1510,0.162
2,1511,0.157
2,1512,0.315
2,1513,0.155
2,1514,0.175
2,1515,0.163
2,1516,0.157
2,1517,0.170
2,1518,0.154
2,1519,0.167
2,1520,0.161
2,1521,0.157
2,1522,0.155
2,1523,0.154
2,1524,0.185
2,1525,0.157
2,1526,0.154
2,1527,0.157
2,1528,0.157
2,1529,0.156
2,1530,0.163
2,1531,0.154
2,1532,2.263
2,1533,0.155
2,1534,0.153
2,1535,0.162
2,1536,0.154
2,1537,0.170
2,1538,0.161
2,1539,0.153
2,1540,0.164
2,1541,0.161
2,1542,0.153
2,1543,0.164
2,1544,0.157
2,1545,0.154
2,1546,0.153
2,1547,0.155
2,1548,0.195
2,1549,0.154
2,1550,0.154
2,1551,0.154
2,1552,0.196
2,1553,0.166
2,1554,0.155
2,1555,0.154
2,1556,0.169
2,1557,0.157
2,1558,0.177
2,1559,0.156
2,1560,0.172
2,1561,0.166
2,1562,0.153
2,1563,0.166
2,1564,0.170
2,1565,0.175
2,1566,0.153
2,1567,0.156
2,1568,0.155
2,1569,0.156
2,1570,0.167
2,1571,0.156
2,1572,0.168
2,1573,0.156
2,1574,0.154
2,1575,0.166
2,1576,0.156
2,1577,0.155
2,1578,0.154
2,1579,0.154
2,1580,0.173
2,1581,0.156
2,1582,0.155
2,1583,0.154
2,1584,0.173
2,1585,0.166
2,1586,0.153
2,1587,0.157
2,1588,0.168
2,1589,0.157
2,1590,0.155
2,1591,0.154
2,1592,0.181
2,1593,0.157
2,1594,0.154
2,1595,0.167
2,1596,0.198
2,1597,0.169
2,1598,0.155
2,1599,0.155
2,1600,0.173
2,1601,0.156
2,1602,0.156
2,1603,0.155
2,1604,0.208
2,1605,0.158
2,1606,0.156
2,1607,0.167
2,1608,0.192
2,1609,0.157
2,1610,0.154
2,1611,0.156
2,1612,0.174
2,1613,0.164
2,1614,0.155
2,1615,0.166
2,1616,0.180
2,1617,0.154
2,1618,0.173
2,1619,0.153
2,1620,0.180
2,1621,0.163
2,1622,0.155
2,1623,0.154
2,1624,0.178
2,1625,0.154
2,1626,0.155
2,1627,0.156
2,1628,0.174
2,1629,0.176
2,1630,0.153
2,1631,0.158
2,1632,0.174
2,1633,0.155
2,1634,0.154
2,1635,0.157
2,1636,0.172
2,1637,0.167
2,1638,0.155
2,1639,0.154
2,1640,0.167
2,1641,0.159
2,1642,0.155
2,1643,0.155
2,1644,0.182
2,1645,0.156
2,1646,0.155
2,1647,0.159
2,1648,0.175
2,1649,0.168
2,1650,0.159
2,1651,0.153
2,1652,0.158
2,1653,0.174
2,1654,0.154
2,1655,0.155
2,1656,0.202
2,1657,0.157
2,1658,0.155
2,1659,0.155
2,1660,0.162
2,1661,0.159
2,1662,0.173
2,1663,0.156
2,1664,0.166
2,1665,0.165
2,1666,0.157
2,1667,0.154
2,1668,0.172
2,1669,0.154
2,1670,0.153
2,1671,0.153
2,1672,0.253
2,1673,0.153
2,1674,0.177
2,1675,0.160
2,1676,0.155
2,1677,0.153
2,1678,0.152
2,1679,0.153
2,1680,0.184
2,1681,0.156
2,1682,0.167
2,1683,0.154
2,1684,0.159
2,1685,0.154
2,1686,0.158
2,1687,0.157
2,1688,0.202
2,1689,0.159
2,1690,0.154
2,1691,0.164
2,1692,1.222
2,1693,0.175
2,1694,0.155
2,1695,0.168
2,1696,0.156
2,1697,0.172
2,1698,0.165
2,1699,0.173
2,1700,0.169
2,1701,0.157
2,1702,0.155
2,1703,0.156
2,1704,0.165
2,1705,0.174
2,1706,0.153
2,1707,0.155
2,1708,0.176
2,1709,0.155
2,1710,0.157
2,1711,0.158
2,1712,1.003
2,1713,0.159
2,1714,0.156
2,1715,0.155
2,1716,0.186
2,1717,0.156
2,1718,0.158
2,1719,0.154
2,1720,0.198
2,1721,0.157
2,1722,0.171
2,1723,0.154
2,1724,0.169
2,1725,0.155
2,1726,0.154
2,1727,0.173
2,1728,0.205
2,1729,0.158
2,1730,0.156
2,1731,0.169
2,1732,1.458
2,1733,0.157
2,1734,0.155
2,1735,0.156
2,1736,0.168
2,1737,0.154
2,1738,0.157
2,1739,0.157
2,1740,0.170
2,1741,0.166
2,1742,0.155
2,1743,0.157
2,1744,0.184
2,1745,0.166
2,1746,0.154
2,1747,0.157
2,1748,0.186
2,1749,0.165
2,1750,0.154
2,1751,0.169
2,1752,0.369
2,1753,0.156
2,1754,0.160
2,1755,0.156
2,1756,0.177
2,1757,0.170
2,1758,0.154
2,1759,0.165
2,1760,0.155
2,1761,0.156
2,1762,0.165
2,1763,0.156
2,1764,0.167
2,1765,0.176
2,1766,0.170
2,1767,0.155
2,1768,0.163
2,1769,0.157
2,1770,0.165
2,1771,0.154
2,1772,1.420
2,1773,0.162
2,1774,0.154
2,1775,0.154
2,1776,0.255
2,1777,0.154
2,1778,0.162
2,1779,0.154
2,1780,0.169
2,1781,0.157
2,1782,0.154
2,1783,0.156
2,1784,0.178
2,1785,0.168
2,1786,0.156
2,1787,0.157
2,1788,0.156
2,1789,0.156
2,1790,0.154
2,1791,0.155
2,1792,1.260
2,1793,0.155
2,1794,0.155
2,1795,0.157
2,1796,0.166
2,1797,0.155
2,1798,0.161
2,1799,0.155
2,1800,0.179
2,1801,0.157
2,1802,0.155
2,1803,0.153
2,1804,0.203
2,1805,0.161
2,1806,0.167
2,1807,0.159
2,1808,0.167
2,1809,0.157
2,1810,0.156
2,1811,0.166
2,1812,1.209
2,1813,0.159
2,1814,0.157
2,1815,0.156
2,1816,0.192
2,1817,0.155
2,1818,0.155
2,1819,0.156
2,1820,0.198
2,1821,0.169
2,1822,0.155
2,1823,0.154
2,1824,0.165
2,1825,0.156
2,1826,0.160
2,1827,0.154
2,1828,0.190
2,1829,0.173
2,1830,0.155
2,1831,0.156
2,1832,2.135
2,1833,0.165
2,1834,0.152
2,1835,0.153
2,1836,0.195
2,1837,0.158
2,1838,0.152
2,1839,0.154
2,1840,0.183
2,1841,0.162
2,1842,0.155
2,1843,0.153
2,1844,0.215
2,1845,0.154
2,1846,0.153
2,1847,0.159
2,1848,0.173
2,1849,0.157
2,1850,0.155
2,1851,0.157
2,1852,1.480
2,1853,0.160
2,1854,0.172
2,1855,0.163
2,1856,0.157
2,1857,0.178
2,1858,0.164
2,1859,0.153
2,1860,0.179
2,1861,0.155
2,1862,0.157
2,1863,0.153
2,1864,0.170
2,1865,0.154
2,1866,0.163
2,1867,0.154
2,1868,0.172
2,1869,0.170
2,1870,0.154
2,1871,0.155
2,1872,0.166
2,1873,0.156
2,1874,0.156
2,1875,0.170
2,1876,0.169
2,1877,0.187
2,1878,0.156
2,1879,0.156
2,1880,0.167
2,1881,0.168
2,1882,0.155
2,1883,0.165
2,1884,0.154
2,1885,0.155
2,1886,0.163
2,1887,0.153
2,1888,0.169
2,1889,0.158
2,1890,0.154
2,1891,0.166
2,1892,0.158
2,1893,0.179
2,1894,0.156
2,1895,0.165
2,1896,0.173
2,1897,0.168
2,1898,0.165
2,1899,0.157
2,1900,0.163
2,1901,0.155
2,1902,0.156
2,1903,0.155
2,1904,0.178
2,1905,0.155
2,1906,0.165
2,1907,0.156
2,1908,0.177
2,1909,0.169
2,1910,0.155
2,1911,0.155
2,1912,0.186
2,1913,0.170
2,1914,0.155
2,1915,0.174
2,1916,0.156
2,1917,0.176
2,1918,0.170
2,1919,0.172
2,1920,0.176
2,1921,0.157
2,1922,0.155
2,1923,0.168
2,1924,0.181
2,1925,0.158
2,1926,0.154
2,1927,0.156
2,1928,0.166
2,1929,0.169
2,1930,0.153
2,1931,0.154
2,1932,0.727
2,1933,0.178
2,1934,0.162
2,1935,0.155
2,1936,0.262
2,1937,0.155
2,1938,0.170
2,1939,0.155
2,1940,0.165
2,1941,0.158
2,1942,0.167
2,1943,0.156
2,1944,0.156
2,1945,0.162
2,1946,0.153
2,1947,0.153
2,1948,0.184
2,1949,0.157
2,1950,0.155
2,1951,0.175
2,1952,0.857
2,1953,0.171
2,1954,0.167
2,1955,0.156
2,1956,0.587
2,1957,0.159
2,1958,0.156
2,1959,0.155
2,1960,0.201
2,1961,0.156
2,1962,0.154
2,1963,0.155
2,1964,0.178
2,1965,0.157
2,1966,0.153
2,1967,0.157
2,1968,0.174
2,1969,0.159
2,1970,0.154
2,1971,0.155
2,1972,0.197
2,1973,0.156
2,1974,0.156
2,1975,0.154
2,1976,1.490
2,1977,0.156
2,1978,0.155
2,1979,0.176
2,1980,0.169
2,1981,0.156
2,1982,0.164
2,1983,0.153
2,1984,0.177
2,1985,0.157
2,1986,0.168
2,1987,0.157
2,1988,0.155
2,1989,0.155
2,1990,0.158
2,1991,0.154
2,1992,0.162
2,1993,0.155
2,1994,0.182
2,1995,0.156
2,1996,1.613
2,1997,0.176
2,1998,0.168
2,1999,0.196
2,2000,0.154
2,2001,0.155
2,2002,0.155
2,2003,0.153
2,2004,0.171
2,2005,0.180
2,2006,0.165
2,2007,0.153
2,2008,0.200
2,2009,0.154
2,2010,0.154
2,2011,0.153
2,2012,0.182
2,2013,0.154
2,2014,0.154
2,2015,0.154
2,2016,1.231
2,2017,0.168
2,2018,0.165
2,2019,0.155
2,2020,0.162
2,2021,0.154
2,2022,0.153
2,2023,0.155
2,2024,0.190
2,2025,0.155
2,2026,0.154
2,2027,0.153
2,2028,0.191
2,2029,0.153
2,2030,0.154
2,2031,0.153
2,2032,0.173
2,2033,0.155
2,2034,0.156
2,2035,0.155
2,2036,0.583
2,2037,0.155
2,2038,0.172
2,2039,0.162
2,2040,0.169
2,2041,0.155
2,2042,0.155
2,2043,0.161
2,2044,0.165
2,2045,0.155
2,2046,0.154
2,2047,0.155
2,2048,0.177
2,2049,0.156
2,2050,0.157
2,2051,0.154
2,2052,0.185
2,2053,0.154
2,2054,0.154
2,2055,0.170
2,2056,0.186
2,2057,0.158
2,2058,0.155
2,2059,0.167
2,2060,0.157
2,2061,0.156
2,2062,0.155
2,2063,0.155
2,2064,0.161
2,2065,0.158
2,2066,0.155
2,2067,0.155
2,2068,0.192
2,2069,0.169
2,2070,0.155
2,2071,0.156
2,2072,0.203
2,2073,0.156
2,2074,0.155
2,2075,0.168
2,2076,0.431
2,2077,0.155
2,2078,0.160
2,2079,0.163
2,2080,0.167
2,2081,0.173
2,2082,0.156
2,2083,0.153
2,2084,0.168
2,2085,0.156
2,2086,0.170
2,2087,0.155
2,2088,0.170
2,2089,0.157
2,2090,0.154
2,2091,0.161
2,2092,0.176
2,2093,0.156
2,2094,0.156
2,2095,0.154
2,2096,0.184
2,2097,0.155
2,2098,0.172
2,2099,0.155
2,2100,0.163
2,2101,0.157
2,2102,0.165
2,2103,0.154
2,2104,0.156
2,2105,0.174
2,2106,0.154
2,2107,0.155
2,2108,0.195
2,2109,0.164
2,2110,0.156
2,2111,0.155
2,2112,0.189
2,2113,0.157
2,2114,0.156
2,2115,0.157
2,2116,2.215
2,2117,0.171
2,2118,0.154
2,2119,0.169
2,2120,0.169
2,2121,0.161
2,2122,0.162
2,2123,0.157
2,2124,0.175
2,2125,0.163
2,2126,0.174
2,2127,0.155
2,2128,0.157
2,2129,0.173
2,2130,0.156
2,2131,0.155
2,2132,0.157
2,2133,0.161
2,2134,0.154
2,2135,0.155
2,2136,0.655
2,2137,0.175
2,2138,0.154
2,2139,0.163
2,2140,0.186
2,2141,0.154
2,2142,0.155
2,2143,0.154
2,2144,0.172
2,2145,0.154
2,2146,0.154
2,2147,0.156
2,2148,0.175
2,2149,0.156
2,2150,0.156
2,2151,0.154
2,2152,0.206
2,2153,0.156
2,2154,0.153
2,2155,0.156
2,2156,0.196
2,2157,0.158
2,2158,0.155
2,2159,0.177
2,2160,0.157
2,2161,0.155
2,2162,0.161
2,2163,0.153
2,2164,0.198
2,2165,0.173
2,2166,0.155
2,2167,0.156
2,2168,0.172
2,2169,0.157
2,2170,0.153
2,2171,0.167
2,2172,0.172
2,2173,0.156
2,2174,0.156
2,2175,0.154
2,2176,0.176
2,2177,0.156
2,2178,0.169
2,2179,0.154
2,2180,0.158
2,2181,0.156
2,2182,0.155
2,2183,0.155
2,2184,0.196
2,2185,0.158
2,2186,0.155
2,2187,0.155
2,2188,0.176
2,2189,0.169
2,2190,0.154
2,2191,0.156
2,2192,0.170
2,2193,0.177
2,2194,0.156
2,2195,0.156
2,2196,0.794
2,2197,0.158
2,2198,0.154
2,2199,0.163
2,2200,0.168
2,2201,0.156
2,2202,0.154
2,2203,0.182
2,2204,0.155
2,2205,0.169
2,2206,0.153
2,2207,0.155
2,2208,0.183
2,2209,0.171
2,2210,0.157
2,2211,0.158
2,2212,0.156
2,2213,0.164
2,2214,0.154
2,2215,0.153
2,2216,1.208
2,2217,0.155
2,2218,0.155
2,2219,0.166
2,2220,0.181
2,2221,0.156
2,2222,0.153
2,2223,0.183
2,2224,0.155
2,2225,0.155
2,2226,0.153
2,2227,0.154
2,2228,0.172
2,2229,0.155
2,2230,0.155
2,2231,0.172
2,2232,0.158
2,2233,0.155
2,2234,0.162
2,2235,0.155
2,2236,0.415
2,2237,0.158
2,2238,0.161
2,2239,0.157
2,2240,0.164
2,2241,0.174
2,2242,0.154
2,2243,0.159
2,2244,0.183
2,2245,0.162
2,2246,0.154
2,2247,0.155
2,2248,0.183
2,2249,0.165
2,2250,0.158
2,2251,0.154
2,2252,0.155
2,2253,0.156
2,2254,0.166
2,2255,0.155
2,2256,0.812
2,2257,0.154
2,2258,0.156
2,2259,0.154
2,2260,0.167
2,2261,0.157
2,2262,0.155
2,2263,0.155
2,2264,0.200
2,2265,0.156
2,2266,0.154
2,2267,0.155
2,2268,0.186
2,2269,0.170
2,2270,0.171
2,2271,0.155
2,2272,0.480
2,2273,0.158
2,2274,0.154
2,2275,0.154
2,2276,0.495
2,2277,0.157
2,2278,0.154
2,2279,0.155
2,2280,0.184
2,2281,0.155
2,2282,0.162
2,2283,0.154
2,2284,0.169
2,2285,0.169
2,2286,0.153
2,2287,0.159
2,2288,1.203
2,2289,0.165
2,2290,0.153
2,2291,0.156
2,2292,0.174
2,2293,0.168
2,2294,0.170
2,2295,0.154
2,2296,0.156
2,2297,0.155
2,2298,0.154
2,2299,0.153
2,2300,0.197
2,2301,0.155
2,2302,0.154
2,2303,0.165
2,2304,0.175
2,2305,0.155
2,2306,0.166
2,2307,0.156
2,2308,0.429
2,2309,0.175
2,2310,0.155
2,2311,0.154
2,2312,1.114
2,2313,0.157
2,2314,0.170
2,2315,0.182
2,2316,0.306
2,2317,0.155
2,2318,0.155
2,2319,0.153
2,2320,0.186
2,2321,0.156
2,2322,0.156
2,2323,0.154
2,2324,0.163
2,2325,0.169
2,2326,0.153
2,2327,0.155
2,2328,0.758
2,2329,0.156
2,2330,0.154
2,2331,0.154
2,2332,0.182
2,2333,0.155
2,2334,0.156
2,2335,0.159
2,2336,0.188
2,2337,0.158
2,2338,0.162
2,2339,0.165
2,2340,0.164
2,2341,0.174
2,2342,0.153
2,2343,0.153
2,2344,0.176
2,2345,0.163
2,2346,0.153
2,2347,0.153
2,2348,0.169
2,2349,0.155
2,2350,0.159
2,2351,0.156
2,2352,0.200
2,2353,0.172
2,2354,0.165
2,2355,0.156
2,2356,0.662
2,2357,0.155
2,2358,0.156
2,2359,0.155
2,2360,0.163
2,2361,0.157
2,2362,0.155
2,2363,0.154
2,2364,0.188
2,2365,0.157
2,2366,0.156
2,2367,0.156
2,2368,0.188
2,2369,0.154
2,2370,0.190
2,2371,0.155
2,2372,0.157
2,2373,0.154
2,2374,0.157
2,2375,0.163
2,2376,0.590
2,2377,0.171
2,2378,0.154
2,2379,0.156
2,2380,0.173
2,2381,0.155
2,2382,0.156
2,2383,0.156
2,2384,0.171
2,2385,0.156
2,2386,0.156
2,2387,0.165
2,2388,1.995
2,2389,0.158
2,2390,0.153
2,2391,0.168
2,2392,0.169
2,2393,0.153
2,2394,0.155
2,2395,0.153
2,2396,0.177
2,2397,0.156
2,2398,0.167
2,2399,0.153
2,2400,0.180
2,2401,0.157
2,2402,0.154
2,2403,0.154
2,2404,0.186
2,2405,0.156
2,2406,0.163
2,2407,0.179
2,2408,0.176
2,2409,0.156
2,2410,0.169
2,2411,0.155
2,2412,0.156
2,2413,0.165
2,2414,0.155
2,2415,0.156
2,2416,0.166
2,2417,0.165
2,2418,0.172
2,2419,0.154
2,2420,0.166
2,2421,0.157
2,2422,0.157
2,2423,0.170
2,2424,0.185
2,2425,0.155
2,2426,0.178
2,2427,0.155
2,2428,0.157
2,2429,0.157
2,2430,0.155
2,2431,0.154
2,2432,0.156
2,2433,0.155
2,2434,0.155
2,2435,0.155
2,2436,0.184
2,2437,0.156
2,2438,0.154
2,2439,0.160
2,2440,0.187
2,2441,0.167
2,2442,0.154
2,2443,0.169
2,2444,0.156
2,2445,0.157
2,2446,0.155
2,2447,0.155
2,2448,0.341
2,2449,0.155
2,2450,0.156
2,2451,0.171
2,2452,0.175
2,2453,0.154
2,2454,0.157
2,2455,0.156
2,2456,0.178
2,2457,0.167
2,2458,0.155
2,2459,0.156
2,2460,0.168
2,2461,0.172
2,2462,0.162
2,2463,0.155
2,2464,0.169
2,2465,0.158
2,2466,0.161
2,2467,0.153
2,2468,0.194
2,2469,0.157
2,2470,0.156
2,2471,0.154
2,2472,0.168
2,2473,0.158
2,2474,0.154
2,2475,0.154
2,2476,0.189
2,2477,0.157
2,2478,0.157
2,2479,0.157
2,2480,0.171
2,2481,0.162
2,2482,0.155
2,2483,0.163
2,2484,0.168
2,2485,0.155
2,2486,0.154
2,2487,0.155
2,2488,0.897
2,2489,0.157
2,2490,0.154
2,2491,0.154
2,2492,0.175
2,2493,0.174
2,2494,0.155
2,2495,0.155
2,2496,0.160
2,2497,0.154
2,2498,0.155
2,2499,0.163
2,2500,0.188
3,2,0.155
3,3,2.464
3,4,0.157
3,5,0.168
3,6,0.154
3,7,0.195
3,8,0.157
3,9,0.155
3,10,0.156
3,11,0.155
3,12,0.188
3,13,0.157
3,14,0.156
3,15,0.154
3,16,0.171
3,17,0.158
3,18,0.154
3,19,0.153
3,20,0.176
3,21,0.158
3,22,0.153
3,23,1.025
3,24,0.155
3,25,0.155
3,26,0.168
3,27,0.156
3,28,0.183
3,29,0.156
3,30,0.160
3,31,0.158
3,32,0.179
3,33,0.173
3,34,0.159
3,35,0.165
3,36,0.158
3,37,0.155
3,38,0.156
3,39,0.156
3,40,0.192
3,41,0.155
3,42,0.168
3,43,0.154
3,44,0.167
3,45,0.160
3,46,0.154
3,47,0.155
3,48,0.197
3,49,0.158
3,50,0.170
3,51,0.169
3,52,0.156
3,53,0.156
3,54,0.156
3,55,0.157
3,56,0.172
3,57,0.157
3,58,0.154
3,59,0.154
3,60,1.055
3,61,0.155
3,62,0.155
3,63,1.523
3,64,0.156
3,65,0.159
3,66,0.156
3,67,0.155
3,68,0.192
3,69,0.157
3,70,0.162
3,71,0.155
3,72,0.166
3,73,0.156
3,74,0.177
3,75,0.155
3,76,0.162
3,77,0.158
3,78,0.154
3,79,0.154
3,80,0.169
3,81,0.162
3,82,0.167
3,83,1.926
3,84,0.156
3,85,0.173
3,86,0.157
3,87,0.167
3,88,0.168
3,89,0.159
3,90,0.155
3,91,0.155
3,92,0.177
3,93,0.157
3,94,0.164
3,95,0.154
3,96,0.173
3,97,0.176
3,98,0.155
3,99,0.154
3,100,0.176
3,101,0.158
3,102,0.154
3,103,1.558
3,104,0.156
3,105,0.158
3,106,0.161
3,107,0.154
3,108,0.180
3,109,0.159
3,110,0.153
3,111,0.156
3,112,0.174
3,113,0.157
3,114,0.155
3,115,0.156
3,116,0.181
3,117,0.156
3,118,0.155
3,119,0.181
3,120,0.179
3,121,0.155
3,122,0.155
3,123,2.093
3,124,0.157
3,125,0.156
3,126,0.155
3,127,0.156
3,128,0.185
3,129,0.156
3,130,0.156
3,131,0.161
3,132,0.185
3,133,0.163
3,134,0.163
3,135,0.166
3,136,0.161
3,137,0.168
3,138,0.155
3,139,0.154
3,140,0.157
3,141,0.156
3,142,0.156
3,143,0.303
3,144,0.156
3,145,0.155
3,146,0.155
3,147,0.155
3,148,0.176
3,149,0.156
3,150,0.165
3,151,0.162
3,152,0.167
3,153,0.162
3,154,0.158
3,155,0.155
3,156,0.646
3,157,0.158
3,158,0.157
3,159,0.154
3,160,0.176
3,161,0.158
3,162,0.160
3,163,0.156
3,164,0.175
3,165,0.155
3,166,0.155
3,167,0.155
3,168,0.208
3,169,0.156
3,170,0.160
3,171,0.164
3,172,0.168
3,173,0.162
3,174,0.159
3,175,0.155
3,176,0.163
3,177,0.156
3,178,0.154
3,179,0.154
3,180,0.189
3,181,0.156
3,182,0.160
3,183,0.539
3,184,0.155
3,185,0.157
3,186,0.155
3,187,0.156
3,188,0.179
3,189,0.169
3,190,0.156
3,191,0.156
3,192,0.474
3,193,0.157
3,194,0.403
3,195,0.154
3,196,0.167
3,197,0.155
3,198,0.155
3,199,0.168
3,200,0.179
3,201,0.164
3,202,0.155
3,203,0.317
3,204,0.157
3,205,0.154
3,206,0.157
3,207,0.157
3,208,0.183
3,209,0.182
3,210,0.170
3,211,0.154
3,212,1.038
3,213,0.170
3,214,0.157
3,215,0.155
3,216,0.424
3,217,0.171
3,218,0.161
3,219,0.153
3,220,0.174
3,221,0.155
3,222,0.154
3,223,0.171
3,224,0.156
3,225,0.157
3,226,0.177
3,227,0.171
3,228,0.155
3,229,0.158
3,230,0.155
3,231,0.154
3,232,0.626
3,233,0.158
3,234,0.155
3,235,0.174
3,236,0.577
3,237,0.167
3,238,0.156
3,239,0.171
3,240,0.155
3,241,0.156
3,242,0.167
3,243,0.153
3,244,0.174
3,245,0.156
3,246,0.162
3,247,0.155
3,248,0.168
3,249,0.155
3,250,0.154
3,251,0.154
3,252,0.887
3,253,0.156
3,254,0.155
3,255,0.155
3,256,0.828
3,257,0.156
3,258,0.153
3,259,0.154
3,260,0.169
3,261,0.157
3,262,0.175
3,263,0.155
3,264,0.156
3,265,0.167
3,266,0.155
3,267,0.155
3,268,0.166
3,269,0.160
3,270,0.153
3,271,0.154
3,272,1.104
3,273,0.157
3,274,0.187
3,275,0.156
3,276,0.155
3,277,0.154
3,278,0.162
3,279,0.172
3,280,0.165
3,281,0.172
3,282,0.153
3,283,0.155
3,284,0.155
3,285,0.158
3,286,0.155
3,287,0.154
3,288,0.189
3,289,0.170
3,290,0.171
3,291,0.172
3,292,0.473
3,293,0.156
3,294,0.160
3,295,0.155
3,296,0.393
3,297,0.155
3,298,0.155
3,299,0.154
3,300,0.170
3,301,0.164
3,302,0.159
3,303,0.153
3,304,0.172
3,305,0.156
3,306,0.157
3,307,0.163
3,308,0.198
3,309,0.157
3,310,0.153
3,311,0.156
3,312,1.617
3,313,0.158
3,314,0.154
3,315,0.153
3,316,0.180
3,317,0.154
3,318,0.153
3,319,0.162
3,320,0.174
3,321,0.175
3,322,0.156
3,323,0.154
3,324,0.173
3,325,0.157
3,326,0.153
3,327,0.155
3,328,0.171
3,329,0.162
3,330,0.155
3,331,0.169
3,332,0.166
3,333,0.447
3,334,0.156
3,335,0.155
3,336,0.207
3,337,0.156
3,338,0.155
3,339,0.153
3,340,0.187
3,341,0.159
3,342,0.154
3,343,0.154
3,344,0.163
3,345,0.156
3,346,0.154
3,347,0.179
3,348,0.164
3,349,0.157
3,350,0.154
3,351,0.156
3,352,1.213
3,353,0.167
3,354,0.154
3,355,0.155
3,356,0.208
3,357,0.156
3,358,0.170
3,359,0.155
3,360,0.179
3,361,0.156
3,362,0.155
3,363,0.166
3,364,0.179
3,365,0.162
3,366,0.153
3,367,0.167
3,368,0.159
3,369,0.170
3,370,0.154
3,371,0.170
3,372,1.839
3,373,0.169
3,374,0.153
3,375,0.154
3,376,0.165
3,377,0.154
3,378,0.153
3,379,0.162
3,380,0.208
3,381,0.155
3,382,0.182
3,383,0.157
3,384,0.168
3,385,0.161
3,386,0.154
3,387,0.169
3,388,0.156
3,389,0.156
3,390,0.156
3,391,0.164
3,392,1.839
3,393,0.179
3,394,0.153
3,395,0.158
3,396,0.160
3,397,0.162
3,398,0.152
3,399,0.153
3,400,0.161
3,401,0.187
3,402,0.165
3,403,0.157
3,404,0.155
3,405,0.156
3,406,0.154
3,407,0.154
3,408,0.186
3,409,0.155
3,410,0.154
3,411,0.163
3,412,0.155
3,413,0.161
3,414,0.154
3,415,0.155
3,416,0.162
3,417,0.155
3,418,0.154
3,419,0.156
3,420,0.194
3,421,0.155
3,422,0.153
3,423,0.154
3,424,0.179
3,425,0.156
3,426,0.156
3,427,0.157
3,428,0.184
3,429,0.156
3,430,0.155
3,431,0.153
3,432,0.175
3,433,0.157
3,434,0.154
3,435,0.162
3,436,0.162
3,437,0.164
3,438,0.155
3,439,0.154
3,440,0.170
3,441,0.156
3,442,0.157
3,443,0.155
3,444,0.176
3,445,0.157
3,446,0.155
3,447,0.158
3,448,0.201
3,449,0.158
3,450,0.155
3,451,0.155
3,452,0.202
3,453,0.156
3,454,0.156
3,455,0.166
3,456,0.487
3,457,0.155
3,458,0.154
3,459,0.154
3,460,0.176
3,461,0.155
3,462,0.154
3,463,0.173
3,464,0.169
3,465,0.155
3,466,0.157
3,467,0.155
3,468,0.171
3,469,0.156
3,470,0.167
3,471,0.155
3,472,0.481
3,473,0.157
3,474,0.155
3,475,0.156
3,476,0.335
3,477,0.155
3,478,0.156
3,479,0.154
3,480,0.175
3,481,0.156
3,482,0.155
3,483,0.155
3,484,0.166
3,485,0.157
3,486,0.154
3,487,0.153
3,488,0.201
3,489,0.170
3,490,0.156
3,491,0.153
3,492,1.250
3,493,0.157
3,494,0.157
3,495,0.168
3,496,0.518
3,497,0.154
3,498,0.156
3,499,0.168
3,500,0.155
3,501,0.155
3,502,0.181
3,503,0.154
3,504,0.169
3,505,0.157
3,506,0.154
3,507,0.154
3,508,0.186
3,509,0.168
3,510,0.166
3,511,0.154
3,512,0.166
3,513,0.158
3,514,0.155
3,515,0.154
3,516,1.090
3,517,0.155
3,518,0.170
3,519,0.159
3,520,0.167
3,521,0.154
3,522,0.155
3,523,0.172
3,524,0.174
3,525,0.154
3,526,0.159
3,527,0.154
3,528,0.172
3,529,0.158
3,530,0.164
3,531,0.168
3,532,0.157
3,533,0.166
3,534,0.165
3,535,0.156
3,536,0.964
3,537,0.155
3,538,0.164
3,539,0.155
3,540,0.177
3,541,0.155
3,542,0.154
3,543,0.169
3,544,0.186
3,545,0.162
3,546,0.154
3,547,0.154
3,548,0.187
3,549,0.156
3,550,0.169
3,551,0.410
3,552,0.168
3,553,0.157
3,554,0.156
3,555,0.156
3,556,0.678
3,557,0.155
3,558,0.154
3,559,0.159
3,560,0.154
3,561,0.156
3,562,0.167
3,563,0.154
3,564,0.176
3,565,0.165
3,566,0.154
3,567,0.185
3,568,0.165
3,569,0.159
3,570,0.154
3,571,0.154
3,572,0.183
3,573,0.157
3,574,0.156
3,575,0.170
3,576,0.603
3,577,0.159
3,578,0.168
3,579,0.155
3,580,0.175
3,581,0.170
3,582,0.154
3,583,0.157
3,584,0.207
3,585,0.162
3,586,0.154
3,587,0.157
3,588,0.166
3,589,0.154
3,590,0.176
3,591,0.156
3,592,0.158
3,593,0.168
3,594,0.154
3,595,0.155
3,596,0.165
3,597,0.155
3,598,0.154
3,599,0.156
3,600,0.179
3,601,0.156
3,602,0.155
3,603,0.156
3,604,0.178
3,605,0.155
3,606,0.155
3,607,0.156
3,608,0.167
3,609,0.183
3,610,0.159
3,611,0.155
3,612,0.157
3,613,0.156
3,614,0.156
3,615,0.155
3,616,0.168
3,617,0.157
3,618,0.157
3,619,0.154
3,620,0.179
3,621,0.179
3,622,0.153
3,623,0.154
3,624,0.177
3,625,0.157
3,626,0.156
3,627,0.169
3,628,0.170
3,629,0.156
3,630,0.184
3,631,0.155
3,632,0.744
3,633,0.158
3,634,0.154
3,635,0.158
3,636,0.330
3,637,0.156
3,638,0.155
3,639,0.169
3,640,0.157
3,641,0.170
3,642,0.153
3,643,0.155
3,644,0.167
3,645,0.155
3,646,0.154
3,647,0.164
3,648,0.159
3,649,0.156
3,650,0.153
3,651,0.154
3,652,0.186
3,653,0.156
3,654,0.158
3,655,0.155
3,656,0.183
3,657,0.172
3,658,0.155
3,659,0.155
3,660,0.180
3,661,0.157
3,662,0.154
3,663,0.155
3,664,0.191
3,665,0.180
3,666,0.159
3,667,0.153
3,668,0.156
3,669,0.173
3,670,0.153
3,671,0.166
3,672,0.431
3,673,0.175
3,674,0.156
3,675,0.170
3,676,0.928
3,677,0.159
3,678,0.172
3,679,0.160
3,680,0.156
3,681,0.156
3,682,0.156
3,683,0.153
3,684,0.168
3,685,0.158
3,686,0.172
3,687,0.156
3,688,0.155
3,689,0.157
3,690,0.156
3,691,0.168
3,692,1.670
3,693,0.155
3,694,0.155
3,695,0.154
3,696,0.161
3,697,0.194
3,698,0.155
3,699,0.154
3,700,0.154
3,701,0.157
3,702,0.155
3,703,0.156
3,704,0.202
3,705,0.156
3,706,0.165
3,707,0.154
3,708,0.176
3,709,0.157
3,710,0.155
3,711,0.155
3,712,0.599
3,713,0.156
3,714,0.156
3,715,0.155
3,716,0.187
3,717,0.157
3,718,0.154
3,719,0.156
3,720,0.178
3,721,0.156
3,722,0.154
3,723,0.155
3,724,0.173
3,725,0.156
3,726,0.154
3,727,0.165
3,728,0.157
3,729,0.157
3,730,0.168
3,731,0.155
3,732,0.170
3,733,0.157
3,734,0.155
3,735,0.156
3,736,0.581
3,737,0.155
3,738,0.153
3,739,0.155
3,740,0.181
3,741,0.163
3,742,0.162
3,743,0.156
3,744,0.157
3,745,0.160
3,746,0.164
3,747,0.156
3,748,0.168
3,749,0.160
3,750,0.155
3,751,0.156
3,752,0.482
3,753,0.171
3,754,0.162
3,755,0.166
3,756,0.157
3,757,0.162
3,758,0.154
3,759,0.162
3,760,0.162
3,761,0.156
3,762,0.174
3,763,0.155
3,764,0.158
3,765,0.155
3,766,0.166
3,767,0.155
3,768,1.312
3,769,0.159
3,770,0.154
3,771,0.154
3,772,1.363
3,773,0.168
3,774,0.172
3,775,0.162
3,776,0.163
3,777,0.156
3,778,0.154
3,779,0.156
3,780,0.190
3,781,0.157
3,782,0.165
3,783,0.155
3,784,0.362
3,785,0.163
3,786,0.163
3,787,0.154
3,788,0.168
3,789,0.157
3,790,0.154
3,791,0.161
3,792,0.564
3,793,0.157
3,794,0.158
3,795,0.157
3,796,0.162
3,797,0.156
3,798,0.159
3,799,0.155
3,800,0.176
3,801,0.156
3,802,0.156
3,803,0.167
3,804,1.880
3,805,0.156
3,806,0.153
3,807,0.165
3,808,0.166
3,809,0.156
3,810,0.154
3,811,0.153
3,812,0.183
3,813,0.155
3,814,0.153
3,815,0.153
3,816,0.169
3,817,0.158
3,818,0.161
3,819,0.153
3,820,0.171
3,821,0.157
3,822,0.166
3,823,0.157
3,824,0.166
3,825,0.155
3,826,0.163
3,827,0.152
3,828,0.160
3,829,0.174
3,830,0.177
3,831,0.155
3,832,0.158
3,833,0.172
3,834,0.154
3,835,0.157
3,836,0.160
3,837,0.163
3,838,0.154
3,839,0.156
3,840,0.163
3,841,0.155
3,842,0.155
3,843,0.163
3,844,0.369
3,845,0.155
3,846,0.156
3,847,0.157
3,848,0.167
3,849,0.161
3,850,0.154
3,851,0.156
3,852,0.176
3,853,0.154
3,854,0.158
3,855,0.163
3,856,0.163
3,857,0.156
3,858,0.163
3,859,0.153
3,860,0.167
3,861,0.156
3,862,0.154
3,863,0.153
3,864,0.196
3,865,0.156
3,866,0.155
3,867,0.156
3,868,0.187
3,869,0.159
3,870,0.155
3,871,0.154
3,872,0.197
3,873,0.155
3,874,0.156
3,875,0.155
3,876,0.177
3,877,0.155
3,878,0.156
3,879,0.171
3,880,0.156
3,881,0.156
3,882,0.154
3,883,0.163
3,884,0.177
3,885,0.168
3,886,0.167
3,887,0.154
3,888,0.164
3,889,0.164
3,890,0.154
3,891,0.154
3,892,0.171
3,893,0.156
3,894,0.159
3,895,0.155
3,896,0.180
3,897,0.169
3,898,0.154
3,899,0.154
3,900,0.165
3,901,0.157
3,902,0.168
3,903,0.155
3,904,2.322
3,905,0.156
3,906,0.155
3,907,0.156
3,908,0.184
3,909,0.157
3,910,0.154
3,911,0.159
3,912,0.209
3,913,0.165
3,914,0.165
3,915,0.155
3,916,0.172
3,917,0.168
3,918,0.154
3,919,0.153
3,920,0.156
3,921,0.156
3,922,0.167
3,923,0.153
3,924,1.168
3,925,0.158
3,926,0.167
3,927,0.156
3,928,0.175
3,929,0.176
3,930,0.156
3,931,0.162
3,932,0.157
3,933,0.170
3,934,0.156
3,935,0.169
3,936,0.178
3,937,0.178
3,938,0.155
3,939,0.154
3,940,0.165
3,941,0.161
3,942,0.154
3,943,0.154
3,944,1.102
3,945,0.154
3,946,0.155
3,947,0.161
3,948,0.168
3,949,0.154
3,950,0.155
3,951,0.159
3,952,0.175
3,953,0.170
3,954,0.164
3,955,0.155
3,956,0.157
3,957,0.155
3,958,0.165
3,959,0.161
3,960,0.156
3,961,0.153
3,962,0.164
3,963,0.158
3,964,0.175
3,965,0.157
3,966,0.155
3,967,0.164
3,968,0.156
3,969,0.166
3,970,0.155
3,971,0.158
3,972,0.168
3,973,0.155
3,974,0.167
3,975,0.156
3,976,0.181
3,977,0.154
3,978,0.155
3,979,0.161
3,980,0.175
3,981,0.172
3,982,0.155
3,983,0.163
3,984,1.114
3,985,0.170
3,986,0.155
3,987,0.153
3,988,0.173
3,989,0.155
3,990,0.154
3,991,0.155
3,992,0.175
3,993,0.168
3,994,0.166
3,995,0.154
3,996,0.162
3,997,0.155
3,998,0.156
3,999,0.157
3,1000,0.186
3,1001,0.157
3,1002,0.154
3,1003,0.156
3,1004,0.543
3,1005,0.155
3,1006,0.154
3,1007,0.154
3,1008,0.184
3,1009,0.178
3,1010,0.169
3,1011,0.155
3,1012,0.159
3,1013,0.155
3,1014,0.154
3,1015,0.168
3,1016,0.155
3,1017,0.154
3,1018,0.160
3,1019,0.162
3,1020,0.156
3,1021,0.159
3,1022,0.165
3,1023,0.154
3,1024,0.302
3,1025,0.156
3,1026,0.153
3,1027,0.154
3,1028,0.177
3,1029,0.155
3,1030,0.156
3,1031,0.153
3,1032,0.179
3,1033,0.157
3,1034,0.154
3,1035,0.155
3,1036,0.189
3,1037,0.155
3,1038,0.164
3,1039,0.155
3,1040,0.168
3,1041,0.155
3,1042,0.154
3,1043,0.155
3,1044,1.111
3,1045,0.156
3,1046,1.333
3,1047,0.156
3,1048,0.156
3,1049,0.154
3,1050,0.155
3,1051,0.155
3,1052,0.172
3,1053,0.157
3,1054,0.156
3,1055,0.160
3,1056,0.174
3,1057,0.158
3,1058,0.154
3,1059,0.168
3,1060,0.160
3,1061,0.155
3,1062,0.154
3,1063,0.154
3,1064,0.165
3,1065,0.154
3,1066,0.155
3,1067,0.153
3,1068,0.180
3,1069,0.156
3,1070,0.153
3,1071,0.155
3,1072,0.180
3,1073,0.173
3,1074,0.154
3,1075,0.172
3,1076,0.155
3,1077,0.155
3,1078,0.182
3,1079,0.156
3,1080,0.155
3,1081,0.158
3,1082,0.153
3,1083,0.172
3,1084,0.162
3,1085,0.155
3,1086,0.168
3,1087,0.156
3,1088,0.157
3,1089,0.157
3,1090,0.153
3,1091,0.155
3,1092,0.168
3,1093,0.155
3,1094,0.158
3,1095,0.172
3,1096,0.175
3,1097,0.164
3,1098,0.153
3,1099,0.155
3,1100,0.182
3,1101,0.171
3,1102,0.154
3,1103,0.154
3,1104,0.166
3,1105,0.157
3,1106,0.157
3,1107,0.155
3,1108,0.194
3,1109,0.155
3,1110,0.165
3,1111,0.153
3,1112,0.175
3,1113,0.170
3,1114,0.156
3,1115,0.170
3,1116,0.178
3,1117,0.156
3,1118,0.156
3,1119,0.153
3,1120,0.196
3,1121,0.156
3,1122,0.154
3,1123,0.155
3,1124,1.437
3,1125,0.156
3,1126,0.156
3,1127,0.153
3,1128,0.167
3,1129,0.173
3,1130,0.154
3,1131,0.175
3,1132,0.155
3,1133,0.156
3,1134,0.155
3,1135,0.170
3,1136,0.156
3,1137,0.164
3,1138,0.153
3,1139,0.155
3,1140,0.179
3,1141,0.156
3,1142,0.169
3,1143,0.164
3,1144,2.338
3,1145,0.184
3,1146,0.154
3,1147,0.175
3,1148,0.155
3,1149,0.163
3,1150,0.155
3,1151,0.153
3,1152,0.155
3,1153,0.155
3,1154,0.153
3,1155,0.154
3,1156,0.168
3,1157,0.175
3,1158,0.153
3,1159,0.155
3,1160,0.156
3,1161,0.156
3,1162,0.155
3,1163,0.155
3,1164,0.169
3,1165,0.155
3,1166,0.169
3,1167,0.154
3,1168,0.159
3,1169,0.157
3,1170,0.171
3,1171,0.156
3,1172,0.158
3,1173,0.160
3,1174,0.166
3,1175,0.155
3,1176,0.167
3,1177,0.162
3,1178,0.154
3,1179,0.156
3,1180,0.158
3,1181,0.176
3,1182,0.154
3,1183,0.156
3,1184,0.177
3,1185,0.171
3,1186,0.155
3,1187,0.160
3,1188,0.179
3,1189,0.168
3,1190,0.157
3,1191,0.156
3,1192,0.167
3,1193,0.156
3,1194,0.155
3,1195,0.155
3,1196,0.185
3,1197,0.158
3,1198,0.156
3,1199,0.162
3,1200,0.159
3,1201,0.167
3,1202,0.155
3,1203,0.156
3,1204,1.415
3,1205,0.167
3,1206,0.155
3,1207,0.166
3,1208,0.162
3,1209,0.156
3,1210,0.166
3,1211,0.164
3,1212,0.157
3,1213,0.155
3,1214,0.155
3,1215,0.155
3,1216,0.179
3,1217,0.156
3,1218,0.156
3,1219,0.154
3,1220,0.180
3,1221,0.165
3,1222,0.154
3,1223,0.165
3,1224,0.864
3,1225,0.160
3,1226,0.154
3,1227,0.153
3,1228,0.183
3,1229,0.171
3,1230,0.164
3,1231,0.153
3,1232,0.172
3,1233,0.165
3,1234,0.162
3,1235,0.159
3,1236,0.156
3,1237,0.158
3,1238,0.154
3,1239,0.169
3,1240,0.166
3,1241,0.158
3,1242,0.155
3,1243,0.176
3,1244,0.585
3,1245,0.155
3,1246,0.155
3,1247,0.156
3,1248,0.170
3,1249,0.158
3,1250,0.157
3,1251,0.154
3,1252,0.177
3,1253,0.155
3,1254,0.163
3,1255,0.154
3,1256,0.168
3,1257,0.157
3,1258,0.159
3,1259,0.155
3,1260,0.180
3,1261,0.155
3,1262,0.154
3,1263,0.153
3,1264,1.747
3,1265,0.155
3,1266,0.153
3,1267,0.154
3,1268,0.183
3,1269,0.153
3,1270,0.155
3,1271,0.153
3,1272,0.177
3,1273,0.160
3,1274,0.152
3,1275,0.153
3,1276,0.169
3,1277,0.153
3,1278,0.156
3,1279,0.158
3,1280,0.189
3,1281,0.156
3,1282,0.168
3,1283,0.155
3,1284,0.169
3,1285,0.160
3,1286,0.154
3,1287,0.155
3,1288,0.182
3,1289,0.162
3,1290,0.155
3,1291,0.160
3,1292,0.177
3,1293,0.162
3,1294,0.153
3,1295,0.155
3,1296,0.171
3,1297,0.158
3,1298,0.156
3,1299,0.154
3,1300,0.174
3,1301,0.156
3,1302,0.155
3,1303,0.165
3,1304,1.063
3,1305,0.156
3,1306,0.166
3,1307,0.157
3,1308,0.721
3,1309,0.154
3,1310,0.156
3,1311,0.154
3,1312,0.197
3,1313,0.167
3,1314,0.155
3,1315,0.162
3,1316,0.168
3,1317,0.153
3,1318,0.167
3,1319,0.153
3,1320,0.174
3,1321,0.155
3,1322,0.156
3,1323,0.154
3,1324,0.174
3,1325,0.158
3,1326,0.157
3,1327,0.153
3,1328,0.174
3,1329,0.157
3,1330,0.158
3,1331,0.157
3,1332,0.162
3,1333,0.155
3,1334,0.161
3,1335,0.153
3,1336,0.155
3,1337,0.179
3,1338,0.166
3,1339,0.154
3,1340,0.168
3,1341,0.169
3,1342,0.166
3,1343,0.154
3,1344,0.158
3,1345,0.155
3,1346,0.155
3,1347,0.178
3,1348,0.562
3,1349,0.157
3,1350,0.166
3,1351,0.156
3,1352,0.156
3,1353,0.174
3,1354,0.154
3,1355,0.153
3,1356,0.157
3,1357,0.168
3,1358,0.154
3,1359,0.153
3,1360,0.156
3,1361,0.156
3,1362,0.169
3,1363,0.155
3,1364,0.167
3,1365,0.167
3,1366,0.155
3,1367,0.155
3,1368,1.620
3,1369,0.155
3,1370,0.166
3,1371,0.156
3,1372,0.165
3,1373,0.158
3,1374,0.154
3,1375,0.154
3,1376,0.202
3,1377,0.154
3,1378,0.154
3,1379,0.155
3,1380,0.194
3,1381,0.156
3,1382,0.154
3,1383,0.156
3,1384,0.170
3,1385,0.156
3,1386,0.154
3,1387,0.156
3,1388,1.062
3,1389,0.171
3,1390,0.154
3,1391,0.154
3,1392,0.176
3,1393,0.155
3,1394,0.156
3,1395,0.154
3,1396,0.175
3,1397,0.154
3,1398,0.156
3,1399,0.154
3,1400,0.163
3,1401,0.155
3,1402,0.154
3,1403,0.164
3,1404,0.169
3,1405,0.156
3,1406,0.155
3,1407,0.155
3,1408,1.660
3,1409,0.166
3,1410,0.160
3,1411,0.163
3,1412,0.154
3,1413,0.170
3,1414,0.162
3,1415,0.156
3,1416,0.155
3,1417,0.157
3,1418,0.153
3,1419,0.153
3,1420,0.163
3,1421,0.165
3,1422,0.154
3,1423,0.164
3,1424,0.173
3,1425,0.154
3,1426,0.172
3,1427,0.153
3,1428,1.111
3,1429,0.154
3,1430,0.165
3,1431,0.152
3,1432,0.174
3,1433,0.156
3,1434,0.154
3,1435,0.154
3,1436,0.178
3,1437,0.155
3,1438,0.161
3,1439,0.153
3,1440,0.182
3,1441,0.153
3,1442,0.153
3,1443,0.153
3,1444,0.190
3,1445,0.163
3,1446,0.155
3,1447,0.168
3,1448,0.970
3,1449,0.154
3,1450,0.163
3,1451,0.154
3,1452,0.208
3,1453,0.172
3,1454,0.155
3,1455,0.153
3,1456,0.161
3,1457,0.155
3,1458,0.153
3,1459,0.164
3,1460,0.171
3,1461,0.156
3,1462,0.171
3,1463,0.182
3,1464,0.155
3,1465,0.157
3,1466,0.155
3,1467,0.155
3,1468,0.169
3,1469,0.155
3,1470,0.155
3,1471,0.156
3,1472,0.166
3,1473,0.159
3,1474,0.154
3,1475,0.154
3,1476,0.201
3,1477,0.157
3,1478,0.155
3,1479,0.155
3,1480,0.173
3,1481,0.157
3,1482,0.154
3,1483,0.155
3,1484,0.189
3,1485,0.161
3,1486,0.154
3,1487,0.154
3,1488,0.194
3,1489,0.156
3,1490,0.155
3,1491,0.154
3,1492,0.183
3,1493,0.189
3,1494,0.154
3,1495,0.155
3,1496,0.173
3,1497,0.155
3,1498,0.155
3,1499,0.153
3,1500,0.196
3,1501,0.155
3,1502,0.161
3,1503,0.155
3,1504,0.221
3,1505,0.157
3,1506,0.159
3,1507,0.164
3,1508,0.159
3,1509,0.176
3,1510,0.167
3,1511,0.153
3,1512,0.172
3,1513,0.157
3,1514,0.154
3,1515,0.154
3,1516,0.188
3,1517,0.188
3,1518,0.155
3,1519,0.153
3,1520,0.155
3,1521,0.156
3,1522,0.161
3,1523,0.155
3,1524,0.168
3,1525,0.156
3,1526,0.153
3,1527,0.154
3,1528,0.201
3,1529,0.157
3,1530,0.154
3,1531,0.154
3,1532,0.196
3,1533,0.154
3,1534,0.169
3,1535,0.156
3,1536,0.165
3,1537,0.157
3,1538,0.157
3,1539,0.156
3,1540,0.814
3,1541,0.164
3,1542,0.155
3,1543,0.156
3,1544,0.655
3,1545,0.161
3,1546,0.152
3,1547,0.157
3,1548,1.144
3,1549,0.156
3,1550,0.156
3,1551,0.157
3,1552,0.198
3,1553,0.156
3,1554,0.160
3,1555,0.160
3,1556,0.176
3,1557,0.170
3,1558,0.161
3,1559,0.153
3,1560,0.855
3,1561,0.154
3,1562,0.155
3,1563,0.153
3,1564,0.174
3,1565,0.169
3,1566,0.156
3,1567,0.154
3,1568,0.702
3,1569,0.155
3,1570,0.153
3,1571,0.154
3,1572,0.183
3,1573,0.156
3,1574,0.153
3,1575,0.154
3,1576,0.191
3,1577,0.176
3,1578,0.168
3,1579,0.154
3,1580,0.273
3,1581,0.173
3,1582,0.154
3,1583,0.173
3,1584,0.167
3,1585,0.156
3,1586,0.157
3,1587,0.155
3,1588,0.301
3,1589,0.154
3,1590,0.154
3,1591,0.153
3,1592,0.179
3,1593,0.159
3,1594,0.168
3,1595,0.164
3,1596,0.184
3,1597,0.173
3,1598,0.154
3,1599,0.153
3,1600,0.177
3,1601,0.156
3,1602,0.155
3,1603,0.166
3,1604,0.172
3,1605,0.171
3,1606,0.178
3,1607,0.154
3,1608,0.675
3,1609,0.158
3,1610,0.153
3,1611,0.168
3,1612,0.162
3,1613,0.170
3,1614,0.161
3,1615,0.165
3,1616,0.155
3,1617,0.156
3,1618,0.154
3,1619,0.153
3,1620,0.180
3,1621,0.172
3,1622,0.154
3,1623,0.154
3,1624,0.165
3,1625,0.169
3,1626,0.167
3,1627,0.174
3,1628,1.797
3,1629,0.175
3,1630,0.168
3,1631,0.153
3,1632,0.156
3,1633,0.166
3,1634,0.154
3,1635,0.154
3,1636,0.168
3,1637,0.154
3,1638,0.153
3,1639,0.153
3,1640,0.161
3,1641,0.154
3,1642,0.156
3,1643,0.154
3,1644,0.182
3,1645,0.154
3,1646,0.153
3,1647,0.155
3,1648,0.204
3,1649,0.160
3,1650,0.165
3,1651,0.154
3,1652,0.172
3,1653,0.157
3,1654,0.154
3,1655,0.155
3,1656,0.163
3,1657,0.155
3,1658,0.185
3,1659,0.154
3,1660,0.156
3,1661,0.155
3,1662,0.154
3,1663,0.156
3,1664,0.176
3,1665,0.157
3,1666,0.155
3,1667,0.156
3,1668,0.412
3,1669,0.154
3,1670,0.159
3,1671,0.155
3,1672,0.181
3,1673,0.168
3,1674,0.154
3,1675,0.154
3,1676,0.165
3,1677,0.158
3,1678,0.155
3,1679,0.163
3,1680,0.253
3,1681,0.156
3,1682,0.154
3,1683,0.153
3,1684,0.164
3,1685,0.162
3,1686,0.154
3,1687,0.196
3,1688,0.847
3,1689,0.156
3,1690,0.171
3,1691,0.154
3,1692,0.171
3,1693,0.157
3,1694,0.169
3,1695,0.154
3,1696,0.160
3,1697,0.155
3,1698,0.155
3,1699,0.156
3,1700,0.198
3,1701,0.161
3,1702,0.154
3,1703,0.154
3,1704,0.175
3,1705,0.175
3,1706,0.157
3,1707,0.155
3,1708,0.158
3,1709,0.172
3,1710,0.166
3,1711,0.153
3,1712,0.174
3,1713,0.155
3,1714,0.155
3,1715,0.171
3,1716,0.176
3,1717,0.161
3,1718,0.155
3,1719,0.154
3,1720,0.178
3,1721,0.156
3,1722,0.155
3,1723,0.178
3,1724,0.175
3,1725,0.160
3,1726,0.154
3,1727,0.169
3,1728,1.646
3,1729,0.185
3,1730,0.154
3,1731,0.155
3,1732,0.187
3,1733,0.156
3,1734,0.173
3,1735,0.153
3,1736,0.175
3,1737,0.154
3,1738,0.157
3,1739,0.164
3,1740,1.861
3,1741,0.155
3,1742,0.165
3,1743,0.166
3,1744,0.161
3,1745,0.154
3,1746,0.154
3,1747,0.153
3,1748,2.025
3,1749,0.161
3,1750,0.153
3,1751,0.154
3,1752,0.189
3,1753,0.159
3,1754,0.153
3,1755,0.152
3,1756,0.162
3,1757,0.153
3,1758,0.152
3,1759,0.154
3,1760,0.158
3,1761,0.155
3,1762,0.153
3,1763,0.153
3,1764,0.172
3,1765,0.153
3,1766,0.154
3,1767,0.154
3,1768,0.163
3,1769,0.155
3,1770,0.153
3,1771,0.154
3,1772,0.177
3,1773,0.163
3,1774,0.153
3,1775,0.155
3,1776,0.168
3,1777,0.156
3,1778,0.154
3,1779,0.157
3,1780,0.190
3,1781,0.156
3,1782,0.164
3,1783,0.156
3,1784,0.189
3,1785,0.159
3,1786,0.154
3,1787,0.153
3,1788,0.195
3,1789,0.156
3,1790,0.156
3,1791,0.167
3,1792,0.180
3,1793,0.163
3,1794,0.159
3,1795,0.163
3,1796,0.164
3,1797,0.158
3,1798,0.166
3,1799,0.156
3,1800,0.165
3,1801,0.156
3,1802,0.153
3,1803,0.154
3,1804,0.188
3,1805,0.157
3,1806,0.155
3,1807,0.154
3,1808,0.192
3,1809,0.156
3,1810,0.173
3,1811,0.155
3,1812,0.177
3,1813,0.176
3,1814,0.154
3,1815,0.155
3,1816,0.180
3,1817,0.156
3,1818,0.168
3,1819,0.156
3,1820,0.165
3,1821,0.156
3,1822,0.153
3,1823,0.154
3,1824,0.206
3,1825,0.156
3,1826,0.153
3,1827,0.154
3,1828,0.225
3,1829,0.156
3,1830,0.156
3,1831,0.169
3,1832,0.156
3,1833,0.158
3,1834,0.162
3,1835,0.169
3,1836,0.170
3,1837,0.157
3,1838,0.157
3,1839,0.157
3,1840,0.158
3,1841,0.180
3,1842,0.153
3,1843,0.156
3,1844,0.174
3,1845,0.155
3,1846,0.169
3,1847,0.170
3,1848,0.160
3,1849,0.178
3,1850,0.155
3,1851,0.155
3,1852,0.161
3,1853,0.156
3,1854,0.156
3,1855,0.155
3,1856,0.180
3,1857,0.156
3,1858,0.155
3,1859,0.166
3,1860,0.165
3,1861,0.157
3,1862,0.153
3,1863,0.156
3,1864,0.190
3,1865,0.158
3,1866,0.154
3,1867,0.155
3,1868,0.167
3,1869,0.173
3,1870,0.161
3,1871,0.154
3,1872,0.178
3,1873,0.156
3,1874,0.155
3,1875,0.154
3,1876,0.213
3,1877,0.157
3,1878,0.153
3,1879,0.154
3,1880,0.782
3,1881,0.153
3,1882,0.156
3,1883,0.154
3,1884,0.173
3,1885,0.156
3,1886,0.154
3,1887,0.155
3,1888,0.181
3,1889,0.156
3,1890,0.155
3,1891,0.154
3,1892,0.168
3,1893,0.157
3,1894,0.155
3,1895,0.156
3,1896,0.211
3,1897,0.155
3,1898,0.161
3,1899,0.172
3,1900,1.374
3,1901,0.156
3,1902,0.156
3,1903,0.155
3,1904,0.195
3,1905,0.154
3,1906,0.154
3,1907,0.169
3,1908,0.169
3,1909,0.155
3,1910,0.171
3,1911,0.155
3,1912,0.164
3,1913,0.156
3,1914,0.155
3,1915,0.165
3,1916,0.164
3,1917,0.156
3,1918,0.156
3,1919,0.154
3,1920,0.788
3,1921,0.163
3,1922,0.156
3,1923,0.163
3,1924,0.173
3,1925,0.165
3,1926,0.155
3,1927,0.155
3,1928,0.175
3,1929,0.155
3,1930,0.155
3,1931,0.156
3,1932,0.177
3,1933,0.168
3,1934,0.155
3,1935,0.153
3,1936,0.177
3,1937,0.154
3,1938,0.154
3,1939,0.169
3,1940,1.837
3,1941,0.156
3,1942,0.169
3,1943,0.155
3,1944,0.163
3,1945,0.171
3,1946,0.154
3,1947,0.161
3,1948,0.156
3,1949,0.168
3,1950,0.154
3,1951,0.156
3,1952,0.165
3,1953,0.155
3,1954,0.156
3,1955,0.154
3,1956,0.187
3,1957,0.155
3,1958,0.173
3,1959,0.155
3,1960,1.311
3,1961,0.155
3,1962,0.155
3,1963,0.155
3,1964,0.160
3,1965,0.155
3,1966,0.175
3,1967,0.154
3,1968,0.168
3,1969,0.158
3,1970,0.159
3,1971,0.155
3,1972,0.180
3,1973,0.155
3,1974,0.155
3,1975,0.154
3,1976,0.157
3,1977,0.161
3,1978,0.155
3,1979,0.174
3,1980,0.548
3,1981,0.157
3,1982,0.154
3,1983,0.176
3,1984,0.156
3,1985,0.161
3,1986,0.166
3,1987,0.157
3,1988,0.167
3,1989,0.156
3,1990,0.155
3,1991,0.154
3,1992,0.183
3,1993,0.156
3,1994,0.154
3,1995,0.184
3,1996,0.168
3,1997,0.154
3,1998,0.155
3,1999,0.155
3,2000,0.942
3,2001,0.163
3,2002,0.154
3,2003,0.157
3,2004,0.167
3,2005,0.167
3,2006,0.160
3,2007,0.154
3,2008,0.155
3,2009,0.166
3,2010,0.153
3,2011,0.159
3,2012,0.180
3,2013,0.160
3,2014,0.155
3,2015,0.154
3,2016,0.188
3,2017,0.156
3,2018,0.158
3,2019,0.163
3,2020,0.470
3,2021,0.156
3,2022,0.155
3,2023,0.155
3,2024,0.188
3,2025,0.156
3,2026,0.179
3,2027,0.155
3,2028,0.155
3,2029,0.168
3,2030,0.161
3,2031,0.154
3,2032,0.178
3,2033,0.155
3,2034,0.154
3,2035,0.155
3,2036,0.173
3,2037,0.157
3,2038,0.166
3,2039,0.154
3,2040,0.720
3,2041,0.165
3,2042,0.154
3,2043,0.159
3,2044,0.185
3,2045,0.157
3,2046,0.154
3,2047,0.154
3,2048,0.209
3,2049,0.153
3,2050,0.154
3,2051,0.154
3,2052,0.178
3,2053,0.174
3,2054,0.156
3,2055,0.156
3,2056,0.188
3,2057,0.156
3,2058,0.157
3,2059,0.163
3,2060,2.269
3,2061,0.167
3,2062,0.153
3,2063,0.153
3,2064,0.176
3,2065,0.154
3,2066,0.153
3,2067,0.154
3,2068,0.188
3,2069,0.166
3,2070,0.152
3,2071,0.153
3,2072,0.181
3,2073,0.165
3,2074,0.154
3,2075,0.167
3,2076,0.174
3,2077,0.154
3,2078,0.154
3,2079,0.154
3,2080,0.224
3,2081,0.156
3,2082,0.156
3,2083,0.153
3,2084,0.182
3,2085,0.156
3,2086,0.168
3,2087,0.155
3,2088,0.164
3,2089,0.157
3,2090,0.153
3,2091,0.155
3,2092,0.197
3,2093,0.158
3,2094,0.154
3,2095,0.155
3,2096,0.175
3,2097,0.156
3,2098,0.155
3,2099,0.166
3,2100,1.431
3,2101,0.154
3,2102,0.178
3,2103,0.155
3,2104,0.162
3,2105,0.154
3,2106,0.154
3,2107,0.164
3,2108,0.180
3,2109,0.154
3,2110,0.154
3,2111,0.153
3,2112,0.190
3,2113,0.167
3,2114,0.155
3,2115,0.155
3,2116,0.186
3,2117,0.154
3,2118,0.157
3,2119,0.154
3,2120,0.197
3,2121,0.201
3,2122,0.153
3,2123,0.156
3,2124,0.182
3,2125,0.155
3,2126,0.153
3,2127,0.157
3,2128,0.192
3,2129,0.156
3,2130,0.168
3,2131,0.155
3,2132,0.164
3,2133,0.167
3,2134,0.154
3,2135,0.155
3,2136,0.172
3,2137,0.183
3,2138,0.154
3,2139,0.155
3,2140,0.479
3,2141,0.155
3,2142,0.154
3,2143,0.155
3,2144,0.186
3,2145,0.173
3,2146,0.158
3,2147,0.175
3,2148,0.157
3,2149,0.154
3,2150,0.162
3,2151,0.155
3,2152,0.191
3,2153,0.157
3,2154,0.153
3,2155,0.165
3,2156,0.177
3,2157,0.158
3,2158,0.154
3,2159,0.156
3,2160,0.803
3,2161,0.163
3,2162,0.154
3,2163,0.154
3,2164,0.186
3,2165,0.156
3,2166,0.154
3,2167,0.156
3,2168,0.166
3,2169,0.162
3,2170,0.157
3,2171,0.162
3,2172,0.156
3,2173,0.165
3,2174,0.161
3,2175,0.155
3,2176,0.160
3,2177,0.157
3,2178,0.169
3,2179,0.165
3,2180,1.733
3,2181,0.162
3,2182,0.153
3,2183,0.154
3,2184,0.172
3,2185,0.165
3,2186,0.162
3,2187,0.154
3,2188,0.172
3,2189,0.167
3,2190,0.170
3,2191,0.153
3,2192,0.157
3,2193,0.153
3,2194,0.170
3,2195,0.152
3,2196,0.170
3,2197,0.168
3,2198,0.154
3,2199,0.159
3,2200,0.805
3,2201,0.155
3,2202,0.166
3,2203,0.169
3,2204,0.178
3,2205,0.154
3,2206,0.155
3,2207,0.153
3,2208,0.170
3,2209,0.164
3,2210,0.154
3,2211,0.173
3,2212,0.161
3,2213,0.155
3,2214,0.153
3,2215,0.154
3,2216,0.182
3,2217,0.154
3,2218,0.155
3,2219,0.155
3,2220,0.585
3,2221,0.156
3,2222,0.155
3,2223,0.156
3,2224,0.180
3,2225,0.157
3,2226,0.156
3,2227,0.172
3,2228,0.177
3,2229,0.163
3,2230,0.155
3,2231,0.155
3,2232,0.173
3,2233,0.156
3,2234,0.155
3,2235,0.156
3,2236,0.166
3,2237,0.163
3,2238,0.168
3,2239,0.153
3,2240,0.761
3,2241,0.154
3,2242,0.156
3,2243,0.155
3,2244,0.192
3,2245,0.155
3,2246,0.154
3,2247,0.154
3,2248,0.194
3,2249,0.155
3,2250,0.154
3,2251,0.187
3,2252,0.154
3,2253,0.154
3,2254,0.154
3,2255,0.170
3,2256,0.181
3,2257,0.165
3,2258,0.154
3,2259,0.154
3,2260,0.281
3,2261,0.157
3,2262,0.155
3,2263,0.155
3,2264,0.186
3,2265,0.156
3,2266,0.154
3,2267,0.154
3,2268,0.201
3,2269,0.156
3,2270,0.168
3,2271,0.155
3,2272,0.181
3,2273,0.157
3,2274,0.154
3,2275,0.155
3,2276,0.199
3,2277,0.155
3,2278,0.155
3,2279,0.154
3,2280,1.773
3,2281,0.155
3,2282,0.154
3,2283,0.154
3,2284,0.190
3,2285,0.170
3,2286,0.154
3,2287,0.157
3,2288,0.159
3,2289,0.158
3,2290,0.162
3,2291,0.152
3,2292,0.173
3,2293,0.154
3,2294,0.153
3,2295,0.156
3,2296,0.192
3,2297,0.154
3,2298,0.167
3,2299,0.154
3,2300,0.166
3,2301,0.156
3,2302,0.155
3,2303,0.155
3,2304,0.164
3,2305,0.156
3,2306,0.155
3,2307,0.155
3,2308,0.179
3,2309,0.156
3,2310,0.156
3,2311,0.154
3,2312,0.206
3,2313,0.156
3,2314,0.156
3,2315,0.168
3,2316,0.165
3,2317,0.156
3,2318,0.163
3,2319,0.154
3,2320,0.171
3,2321,0.156
3,2322,0.154
3,2323,0.157
3,2324,0.201
3,2325,0.156
3,2326,0.161
3,2327,0.154
3,2328,0.182
3,2329,0.167
3,2330,0.156
3,2331,0.153
3,2332,0.174
3,2333,0.178
3,2334,0.158
3,2335,0.153
3,2336,0.174
3,2337,0.155
3,2338,0.154
3,2339,0.155
3,2340,0.191
3,2341,0.156
3,2342,0.155
3,2343,0.156
3,2344,0.173
3,2345,0.156
3,2346,0.154
3,2347,0.153
3,2348,0.187
3,2349,0.156
3,2350,0.165
3,2351,0.155
3,2352,0.192
3,2353,0.157
3,2354,0.155
3,2355,0.154
3,2356,0.172
3,2357,0.156
3,2358,0.163
3,2359,0.156
3,2360,0.202
3,2361,0.154
3,2362,0.155
3,2363,0.153
3,2364,0.181
3,2365,0.158
3,2366,0.166
3,2367,0.155
3,2368,0.176
3,2369,0.157
3,2370,0.156
3,2371,0.157
3,2372,0.208
3,2373,0.158
3,2374,0.168
3,2375,0.155
3,2376,0.160
3,2377,0.157
3,2378,0.154
3,2379,0.154
3,2380,1.496
3,2381,0.160
3,2382,0.156
3,2383,0.157
3,2384,0.178
3,2385,0.158
3,2386,0.155
3,2387,0.155
3,2388,0.168
3,2389,0.172
3,2390,0.177
3,2391,0.154
3,2392,0.154
3,2393,0.162
3,2394,0.183
3,2395,0.153
3,2396,0.155
3,2397,0.160
3,2398,0.154
3,2399,0.158
3,2400,0.977
3,2401,0.159
3,2402,0.153
3,2403,0.154
3,2404,0.177
3,2405,0.181
3,2406,0.158
3,2407,0.156
3,2408,0.168
3,2409,0.156
3,2410,0.167
3,2411,0.155
3,2412,0.169
3,2413,0.155
3,2414,0.155
3,2415,0.161
3,2416,0.201
3,2417,0.156
3,2418,0.155
3,2419,0.155
3,2420,0.189
3,2421,0.179
3,2422,0.156
3,2423,0.167
3,2424,0.155
3,2425,0.155
3,2426,0.154
3,2427,0.155
3,2428,0.166
3,2429,0.155
3,2430,0.155
3,2431,0.155
3,2432,0.198
3,2433,0.172
3,2434,0.157
3,2435,0.157
3,2436,0.173
3,2437,0.156
3,2438,0.173
3,2439,0.155
3,2440,1.175
3,2441,0.180
3,2442,0.155
3,2443,0.156
3,2444,0.169
3,2445,0.158
3,2446,0.154
3,2447,0.156
3,2448,0.186
3,2449,0.166
3,2450,0.167
3,2451,0.155
3,2452,0.156
3,2453,0.156
3,2454,0.155
3,2455,0.165
3,2456,0.177
3,2457,0.154
3,2458,0.163
3,2459,0.154
3,2460,2.251
3,2461,0.158
3,2462,0.154
3,2463,0.154
3,2464,0.182
3,2465,0.154
3,2466,0.160
3,2467,0.153
3,2468,0.164
3,2469,0.159
3,2470,0.153
3,2471,0.168
3,2472,0.174
3,2473,0.155
3,2474,0.161
3,2475,0.159
3,2476,0.156
3,2477,0.157
3,2478,0.157
3,2479,0.154
3,2480,1.881
3,2481,0.178
3,2482,0.153
3,2483,0.155
3,2484,0.165
3,2485,0.169
3,2486,0.155
3,2487,0.159
3,2488,0.177
3,2489,0.154
3,2490,0.156
3,2491,0.153
3,2492,0.227
3,2493,0.153
3,2494,0.153
3,2495,0.153
3,2496,0.172
3,2497,0.155
3,2498,0.154
3,2499,0.153
3,2500,1.554
4,2,0.165
4,3,0.156
4,4,0.777
4,5,0.159
4,6,0.155
4,7,0.157
4,8,0.187
4,9,0.170
4,10,0.161
4,11,0.165
4,12,0.156
4,13,0.155
4,14,0.160
4,15,0.159
4,16,0.181
4,17,0.157
4,18,0.156
4,19,0.158
4,20,0.737
4,21,0.156
4,22,0.167
4,23,0.154
4,24,0.751
4,25,0.155
4,26,0.155
4,27,0.160
4,28,0.181
4,29,0.155
4,30,0.155
4,31,0.155
4,32,0.173
4,33,0.181
4,34,0.154
4,35,0.159
4,36,0.161
4,37,0.157
4,38,0.155
4,39,0.170
4,40,0.791
4,41,0.174
4,42,0.153
4,43,0.166
4,44,1.349
4,45,0.160
4,46,0.154
4,47,0.188
4,48,0.157
4,49,0.164
4,50,0.156
4,51,0.155
4,52,0.163
4,53,0.162
4,54,0.155
4,55,0.154
4,56,0.175
4,57,0.168
4,58,0.156
4,59,0.156
4,60,0.165
4,61,0.154
4,62,0.156
4,63,0.155
4,64,0.956
4,65,0.155
4,66,0.154
4,67,0.200
4,68,0.183
4,69,0.157
4,70,0.156
4,71,0.156
4,72,0.164
4,73,0.155
4,74,0.161
4,75,0.163
4,76,0.168
4,77,0.167
4,78,0.156
4,79,0.154
4,80,0.469
4,81,0.159
4,82,0.153
4,83,0.155
4,84,1.051
4,85,0.154
4,86,0.155
4,87,0.167
4,88,0.176
4,89,0.163
4,90,0.155
4,91,0.155
4,92,0.188
4,93,0.155
4,94,0.156
4,95,0.154
4,96,0.170
4,97,0.155
4,98,0.158
4,99,0.163
4,100,1.941
4,101,0.165
4,102,0.164
4,103,0.155
4,104,0.157
4,105,0.157
4,106,0.174
4,107,0.154
4,108,0.156
4,109,0.168
4,110,0.154
4,111,0.155
4,112,0.168
4,113,0.164
4,114,0.155
4,115,0.155
4,116,0.162
4,117,0.165
4,118,0.173
4,119,0.155
4,120,0.156
4,121,0.171
4,122,0.154
4,123,0.498
4,124,0.559
4,125,0.154
4,126,0.155
4,127,0.155
4,128,0.431
4,129,0.170
4,130,0.155
4,131,0.170
4,132,0.169
4,133,0.156
4,134,0.156
4,135,0.154
4,136,0.171
4,137,0.170
4,138,0.168
4,139,0.153
4,140,0.165
4,141,0.160
4,142,0.153
4,143,0.159
4,144,1.265
4,145,0.159
4,146,0.164
4,147,0.156
4,148,0.187
4,149,0.176
4,150,0.155
4,151,0.154
4,152,0.168
4,153,0.157
4,154,0.158
4,155,0.167
4,156,0.162
4,157,0.156
4,158,0.168
4,159,0.157
4,160,0.174
4,161,0.171
4,162,0.153
4,163,0.155
4,164,0.239
4,165,0.158
4,166,0.154
4,167,0.154
4,168,0.411
4,169,0.173
4,170,0.169
4,171,0.154
4,172,0.154
4,173,0.157
4,174,0.155
4,175,0.154
4,176,0.167
4,177,0.155
4,178,0.158
4,179,0.155
4,180,0.170
4,181,0.157
4,182,0.157
4,183,0.195
4,184,1.390
4,185,0.156
4,186,0.154
4,187,0.154
4,188,0.972
4,189,0.169
4,190,0.155
4,191,0.154
4,192,0.180
4,193,0.175
4,194,0.154
4,195,0.166
4,196,0.157
4,197,0.156
4,198,0.170
4,199,0.157
4,200,0.170
4,201,0.156
4,202,0.169
4,203,0.154
4,204,1.141
4,205,0.168
4,206,0.153
4,207,0.154
4,208,0.897
4,209,0.155
4,210,0.153
4,211,0.153
4,212,0.180
4,213,0.156
4,214,0.154
4,215,0.155
4,216,0.178
4,217,0.155
4,218,0.153
4,219,0.153
4,220,0.202
4,221,0.167
4,222,0.156
4,223,0.155
4,224,0.190
4,225,0.155
4,226,0.163
4,227,0.155
4,228,0.179
4,229,0.156
4,230,0.155
4,231,0.155
4,232,0.177
4,233,0.156
4,234,0.155
4,235,0.154
4,236,0.185
4,237,0.154
4,238,0.155
4,239,0.157
4,240,0.174
4,241,0.162
4,242,0.155
4,243,0.154
4,244,0.908
4,245,0.156
4,246,0.154
4,247,0.154
4,248,0.585
4,249,0.156
4,250,0.154
4,251,0.163
4,252,0.195
4,253,0.165
4,254,0.169
4,255,0.155
4,256,0.156
4,257,0.155
4,258,0.164
4,259,0.155
4,260,0.186
4,261,0.157
4,262,0.155
4,263,0.187
4,264,0.167
4,265,0.155
4,266,0.171
4,267,0.155
4,268,0.170
4,269,0.157
4,270,0.154
4,271,0.153
4,272,0.178
4,273,0.155
4,274,0.155
4,275,0.154
4,276,0.161
4,277,0.155
4,278,0.163
4,279,0.154
4,280,0.174
4,281,0.156
4,282,0.166
4,283,0.156
4,284,0.155
4,285,0.157
4,286,0.159
4,287,0.155
4,288,0.429
4,289,0.160
4,290,0.165
4,291,0.155
4,292,0.177
4,293,0.156
4,294,0.158
4,295,0.155
4,296,0.167
4,297,0.157
4,298,0.155
4,299,0.184
4,300,0.158
4,301,0.167
4,302,0.154
4,303,0.154
4,304,0.720
4,305,0.155
4,306,0.153
4,307,0.155
4,308,0.208
4,309,0.166
4,310,0.162
4,311,0.154
4,312,0.480
4,313,0.155
4,314,0.153
4,315,0.154
4,316,0.181
4,317,0.156
4,318,0.155
4,319,0.600
4,320,0.156
4,321,0.167
4,322,0.159
4,323,0.154
4,324,0.161
4,325,0.158
4,326,0.154
4,327,0.159
4,328,0.168
4,329,0.157
4,330,0.168
4,331,0.156
4,332,1.086
4,333,0.157
4,334,0.155
4,335,0.155
4,336,0.180
4,337,0.155
4,338,0.160
4,339,0.794
4,340,0.158
4,341,0.171
4,342,0.155
4,343,0.155
4,344,0.170
4,345,0.167
4,346,0.154
4,347,0.164
4,348,0.164
4,349,0.163
4,350,0.155
4,351,0.153
4,352,1.350
4,353,0.154
4,354,0.159
4,355,0.166
4,356,0.169
4,357,0.166
4,358,0.163
4,359,0.153
4,360,0.164
4,361,0.167
4,362,0.153
4,363,0.162
4,364,0.172
4,365,0.157
4,366,0.155
4,367,0.154
4,368,0.179
4,369,0.155
4,370,0.156
4,371,0.157
4,372,1.317
4,373,0.165
4,374,0.153
4,375,0.155
4,376,0.183
4,377,0.155
4,378,0.164
4,379,0.153
4,380,0.165
4,381,0.157
4,382,0.154
4,383,0.167
4,384,0.163
4,385,0.155
4,386,0.161
4,387,0.154
4,388,0.189
4,389,0.168
4,390,0.154
4,391,0.154
4,392,1.716
4,393,0.155
4,394,0.157
4,395,0.153
4,396,0.184
4,397,0.155
4,398,0.165
4,399,0.153
4,400,0.402
4,401,0.157
4,402,0.153
4,403,0.154
4,404,0.171
4,405,0.154
4,406,0.154
4,407,0.153
4,408,0.197
4,409,0.155
4,410,0.163
4,411,0.154
4,412,0.171
4,413,0.154
4,414,0.156
4,415,0.155
4,416,0.200
4,417,0.155
4,418,0.154
4,419,0.159
4,420,0.180
4,421,0.155
4,422,0.155
4,423,0.155
4,424,0.392
4,425,0.155
4,426,0.154
4,427,0.155
4,428,0.186
4,429,0.155
4,430,0.182
4,431,0.155
4,432,0.156
4,433,0.156
4,434,0.156
4,435,0.156
4,436,0.173
4,437,0.155
4,438,0.155
4,439,0.155
4,440,0.177
4,441,0.162
4,442,0.156
4,443,0.162
4,444,0.173
4,445,0.165
4,446,0.154
4,447,0.156
4,448,0.175
4,449,0.156
4,450,0.154
4,451,0.156
4,452,0.190
4,453,0.156
4,454,0.156
4,455,0.154
4,456,0.187
4,457,0.155
4,458,0.154
4,459,0.155
4,460,0.195
4,461,0.166
4,462,0.156
4,463,0.155
4,464,0.175
4,465,0.156
4,466,0.155
4,467,0.155
4,468,0.178
4,469,0.156
4,470,0.154
4,471,0.161
4,472,0.584
4,473,0.157
4,474,0.156
4,475,0.156
4,476,0.181
4,477,0.187
4,478,0.154
4,479,0.153
4,480,0.173
4,481,0.157
4,482,0.154
4,483,0.156
4,484,0.177
4,485,0.174
4,486,0.156
4,487,0.154
4,488,0.178
4,489,0.182
4,490,0.154
4,491,0.155
4,492,0.823
4,493,0.157
4,494,0.159
4,495,0.154
4,496,0.171
4,497,0.166
4,498,0.155
4,499,0.153
4,500,0.181
4,501,0.155
4,502,0.161
4,503,0.176
4,504,0.155
4,505,0.156
4,506,0.154
4,507,0.155
4,508,0.186
4,509,0.155
4,510,0.159
4,511,0.154
4,512,1.209
4,513,0.156
4,514,0.155
4,515,0.193
4,516,0.154
4,517,0.156
4,518,0.155
4,519,0.157
4,520,0.174
4,521,0.157
4,522,0.154
4,523,0.155
4,524,0.179
4,525,0.164
4,526,0.154
4,527,0.155
4,528,0.166
4,529,0.156
4,530,0.153
4,531,0.169
4,532,2.235
4,533,0.164
4,534,0.153
4,535,0.153
4,536,0.161
4,537,0.155
4,538,0.156
4,539,0.153
4,540,0.183
4,541,0.157
4,542,0.153
4,543,0.155
4,544,0.168
4,545,0.155
4,546,0.155
4,547,0.155
4,548,0.189
4,549,0.156
4,550,0.154
4,551,0.155
4,552,0.174
4,553,0.165
4,554,0.154
4,555,0.171
4,556,0.156
4,557,0.157
4,558,0.155
4,559,0.565
4,560,0.156
4,561,0.176
4,562,0.155
4,563,0.157
4,564,0.168
4,565,0.157
4,566,0.156
4,567,0.169
4,568,0.159
4,569,0.159
4,570,0.156
4,571,0.155
4,572,0.181
4,573,0.156
4,574,0.155
4,575,0.155
4,576,0.177
4,577,0.160
4,578,0.154
4,579,1.922
4,580,0.184
4,581,0.156
4,582,0.162
4,583,0.154
4,584,0.179
4,585,0.154
4,586,0.154
4,587,0.154
4,588,0.188
4,589,0.165
4,590,0.156
4,591,0.171
4,592,0.156
4,593,0.160
4,594,0.157
4,595,0.153
4,596,0.170
4,597,0.155
4,598,0.155
4,599,0.168
4,600,0.169
4,601,0.155
4,602,0.155
4,603,0.153
4,604,0.165
4,605,0.156
4,606,0.154
4,607,0.166
4,608,0.157
4,609,0.155
4,610,0.161
4,611,0.155
4,612,0.165
4,613,0.159
4,614,0.152
4,615,0.153
4,616,0.200
4,617,0.153
4,618,0.154
4,619,0.156
4,620,0.184
4,621,0.157
4,622,0.155
4,623,0.154
4,624,0.179
4,625,0.156
4,626,0.155
4,627,0.164
4,628,0.169
4,629,0.170
4,630,0.155
4,631,0.155
4,632,0.177
4,633,0.163
4,634,0.155
4,635,0.167
4,636,0.186
4,637,0.154
4,638,0.155
4,639,1.573
4,640,0.156
4,641,0.156
4,642,0.156
4,643,0.156
4,644,0.165
4,645,0.162
4,646,0.164
4,647,0.155
4,648,0.157
4,649,0.156
4,650,0.158
4,651,0.156
4,652,0.188
4,653,0.167
4,654,0.155
4,655,0.168
4,656,0.154
4,657,0.165
4,658,0.155
4,659,0.153
4,660,0.172
4,661,0.157
4,662,0.154
4,663,0.155
4,664,0.221
4,665,0.156
4,666,0.165
4,667,0.155
4,668,0.165
4,669,0.176
4,670,0.164
4,671,0.170
4,672,0.610
4,673,0.166
4,674,0.153
4,675,0.153
4,676,0.171
4,677,0.154
4,678,0.154
4,679,1.036
4,680,0.168
4,681,0.155
4,682,0.154
4,683,0.154
4,684,0.188
4,685,0.156
4,686,0.154
4,687,0.154
4,688,0.174
4,689,0.158
4,690,1.233
4,691,0.154
4,692,0.154
4,693,0.166
4,694,0.152
4,695,0.153
4,696,0.162
4,697,0.156
4,698,0.154
4,699,1.586
4,700,0.154
4,701,0.168
4,702,0.158
4,703,0.153
4,704,0.155
4,705,0.161
4,706,0.156
4,707,0.155
4,708,0.158
4,709,0.156
4,710,0.157
4,711,0.170
4,712,0.154
4,713,0.159
4,714,0.166
4,715,0.156
4,716,0.155
4,717,0.156
4,718,0.154
4,719,0.154
4,720,0.194
4,721,0.161
4,722,0.155
4,723,0.159
4,724,0.155
4,725,0.156
4,726,0.164
4,727,0.153
4,728,0.184
4,729,0.154
4,730,0.168
4,731,0.155
4,732,0.165
4,733,0.156
4,734,0.154
4,735,0.167
4,736,0.185
4,737,0.157
4,738,0.157
4,739,0.166
4,740,0.166
4,741,0.156
4,742,1.032
4,743,0.171
4,744,0.157
4,745,0.157
4,746,0.164
4,747,0.155
4,748,0.179
4,749,0.156
4,750,0.154
4,751,0.167
4,752,0.169
4,753,0.156
4,754,0.164
4,755,0.155
4,756,0.155
4,757,0.175
4,758,0.179
4,759,0.156
4,760,0.156
4,761,0.156
4,762,0.156
4,763,0.155
4,764,0.170
4,765,0.156
4,766,0.155
4,767,0.155
4,768,0.614
4,769,0.158
4,770,0.166
4,771,0.154
4,772,0.275
4,773,0.173
4,774,0.154
4,775,0.154
4,776,0.178
4,777,0.155
4,778,0.154
4,779,0.155
4,780,0.171
4,781,0.198
4,782,0.155
4,783,0.155
4,784,0.174
4,785,0.822
4,786,0.154
4,787,0.154
4,788,0.253
4,789,0.157
4,790,0.153
4,791,0.165
4,792,0.171
4,793,0.155
4,794,0.165
4,795,0.155
4,796,0.606
4,797,0.160
4,798,0.155
4,799,0.163
4,800,0.201
4,801,0.154
4,802,0.156
4,803,0.155
4,804,0.178
4,805,0.170
4,806,0.153
4,807,0.161
4,808,0.165
4,809,0.179
4,810,0.173
4,811,0.154
4,812,0.154
4,813,0.155
4,814,0.165
4,815,0.154
4,816,0.986
4,817,0.154
4,818,0.153
4,819,0.153
4,820,0.176
4,821,0.156
4,822,0.154
4,823,0.154
4,824,0.180
4,825,0.165
4,826,0.155
4,827,0.168
4,828,0.156
4,829,0.157
4,830,0.155
4,831,0.154
4,832,0.290
4,833,0.156
4,834,0.159
4,835,0.154
4,836,0.170
4,837,0.157
4,838,0.154
4,839,0.154
4,840,0.175
4,841,0.157
4,842,0.156
4,843,0.154
4,844,0.616
4,845,0.160
4,846,0.154
4,847,0.163
4,848,0.184
4,849,0.156
4,850,0.155
4,851,0.154
4,852,0.194
4,853,0.174
4,854,0.164
4,855,0.154
4,856,0.171
4,857,0.157
4,858,0.155
4,859,0.154
4,860,0.204
4,861,0.156
4,862,0.154
4,863,0.155
4,864,1.128
4,865,0.167
4,866,0.156
4,867,0.154
4,868,0.179
4,869,0.155
4,870,0.154
4,871,0.170
4,872,0.187
4,873,0.157
4,874,0.153
4,875,0.162
4,876,0.179
4,877,0.154
4,878,0.160
4,879,0.157
4,880,0.169
4,881,0.154
4,882,0.169
4,883,0.503
4,884,0.994
4,885,0.161
4,886,0.157
4,887,0.168
4,888,0.167
4,889,0.155
4,890,0.154
4,891,0.154
4,892,0.193
4,893,0.154
4,894,0.153
4,895,0.154
4,896,0.168
4,897,0.154
4,898,0.154
4,899,0.163
4,900,0.161
4,901,0.155
4,902,0.162
4,903,0.155
4,904,0.504
4,905,0.167
4,906,0.155
4,907,0.155
4,908,0.172
4,909,0.156
4,910,0.155
4,911,0.174
4,912,0.171
4,913,0.167
4,914,0.157
4,915,0.160
4,916,0.167
4,917,0.156
4,918,0.155
4,919,0.153
4,920,0.189
4,921,0.212
4,922,0.155
4,923,0.158
4,924,0.567
4,925,0.157
4,926,0.158
4,927,0.153
4,928,0.187
4,929,0.159
4,930,0.159
4,931,0.154
4,932,0.275
4,933,0.156
4,934,0.155
4,935,0.168
4,936,0.167
4,937,0.154
4,938,0.173
4,939,0.165
4,940,0.161
4,941,0.155
4,942,0.155
4,943,0.154
4,944,0.450
4,945,0.156
4,946,0.155
4,947,0.154
4,948,0.176
4,949,0.154
4,950,0.159
4,951,0.162
4,952,0.237
4,953,0.156
4,954,0.170
4,955,0.171
4,956,0.157
4,957,0.154
4,958,0.155
4,959,0.158
4,960,0.174
4,961,0.179
4,962,0.161
4,963,0.155
4,964,0.159
4,965,0.157
4,966,0.161
4,967,0.162
4,968,0.165
4,969,0.157
4,970,0.172
4,971,0.161
4,972,0.157
4,973,0.156
4,974,0.159
4,975,0.154
4,976,0.169
4,977,0.167
4,978,0.154
4,979,0.155
4,980,0.199
4,981,0.155
4,982,0.153
4,983,0.167
4,984,0.196
4,985,0.154
4,986,0.157
4,987,0.246
4,988,0.210
4,989,0.420
4,990,0.168
4,991,0.168
4,992,0.158
4,993,0.154
4,994,0.156
4,995,0.153
4,996,0.177
4,997,0.157
4,998,0.152
4,999,0.165
4,1000,0.186
4,1001,0.490
4,1002,0.155
4,1003,0.179
4,1004,0.169
4,1005,0.154
4,1006,0.154
4,1007,0.156
4,1008,0.174
4,1009,0.156
4,1010,0.153
4,1011,0.155
4,1012,0.182
4,1013,0.514
4,1014,0.240
4,1015,0.155
4,1016,0.169
4,1017,0.154
4,1018,0.168
4,1019,0.155
4,1020,0.519
4,1021,0.839
4,1022,0.154
4,1023,0.157
4,1024,0.162
4,1025,0.155
4,1026,0.163
4,1027,0.153
4,1028,0.185
4,1029,0.174
4,1030,0.155
4,1031,0.160
4,1032,0.159
4,1033,0.156
4,1034,0.529
4,1035,0.154
4,1036,0.157
4,1037,0.155
4,1038,0.154
4,1039,0.154
4,1040,0.191
4,1041,0.935
4,1042,0.155
4,1043,0.153
4,1044,0.179
4,1045,0.155
4,1046,0.162
4,1047,0.170
4,1048,0.170
4,1049,0.155
4,1050,0.153
4,1051,0.154
4,1052,0.179
4,1053,0.155
4,1054,0.820
4,1055,0.166
4,1056,0.155
4,1057,0.172
4,1058,0.156
4,1059,0.158
4,1060,0.157
4,1061,0.156
4,1062,0.154
4,1063,0.182
4,1064,0.156
4,1065,0.156
4,1066,0.158
4,1067,0.154
4,1068,0.185
4,1069,0.156
4,1070,0.154
4,1071,0.156
4,1072,0.186
4,1073,0.161
4,1074,0.156
4,1075,0.154
4,1076,0.174
4,1077,0.160
4,1078,0.157
4,1079,0.153
4,1080,0.165
4,1081,0.158
4,1082,0.171
4,1083,0.156
4,1084,0.154
4,1085,0.157
4,1086,0.154
4,1087,0.155
4,1088,0.174
4,1089,0.157
4,1090,0.154
4,1091,0.153
4,1092,0.184
4,1093,0.166
4,1094,0.154
4,1095,0.153
4,1096,0.172
4,1097,0.156
4,1098,0.176
4,1099,0.166
4,1100,0.155
4,1101,0.157
4,1102,0.173
4,1103,0.162
4,1104,0.157
4,1105,0.158
4,1106,0.153
4,1107,0.163
4,1108,0.182
4,1109,0.154
4,1110,0.158
4,1111,0.165
4,1112,0.186
4,1113,0.170
4,1114,0.195
4,1115,0.171
4,1116,0.168
4,1117,0.164
4,1118,0.155
4,1119,0.173
4,1120,0.157
4,1121,0.157
4,1122,0.177
4,1123,0.153
4,1124,0.164
4,1125,0.155
4,1126,0.154
4,1127,0.166
4,1128,0.174
4,1129,0.155
4,1130,0.181
4,1131,0.155
4,1132,0.156
4,1133,0.162
4,1134,0.246
4,1135,0.154
4,1136,0.166
4,1137,0.189
4,1138,0.154
4,1139,0.155
4,1140,0.197
4,1141,0.157
4,1142,0.154
4,1143,0.259
4,1144,0.407
4,1145,0.158
4,1146,0.153
4,1147,0.175
4,1148,0.451
4,1149,0.154
4,1150,0.167
4,1151,0.156
4,1152,0.747
4,1153,0.158
4,1154,0.720
4,1155,0.154
4,1156,0.155
4,1157,0.157
4,1158,0.155
4,1159,0.156
4,1160,0.191
4,1161,0.163
4,1162,0.153
4,1163,0.155
4,1164,0.170
4,1165,0.162
4,1166,0.156
4,1167,0.155
4,1168,0.172
4,1169,0.156
4,1170,0.155
4,1171,0.154
4,1172,0.170
4,1173,0.181
4,1174,0.160
4,1175,0.155
4,1176,0.187
4,1177,0.157
4,1178,0.157
4,1179,0.155
4,1180,0.173
4,1181,0.171
4,1182,0.154
4,1183,0.155
4,1184,0.168
4,1185,0.165
4,1186,0.155
4,1187,0.155
4,1188,0.174
4,1189,0.157
4,1190,0.174
4,1191,0.154
4,1192,0.843
4,1193,0.158
4,1194,0.155
4,1195,0.157
4,1196,0.180
4,1197,0.160
4,1198,0.154
4,1199,0.154
4,1200,2.085
4,1201,0.155
4,1202,0.168
4,1203,0.153
4,1204,0.162
4,1205,0.161
4,1206,0.164
4,1207,0.171
4,1208,0.156
4,1209,0.157
4,1210,0.157
4,1211,0.169
4,1212,0.169
4,1213,0.155
4,1214,0.154
4,1215,0.154
4,1216,0.179
4,1217,0.155
4,1218,0.154
4,1219,0.154
4,1220,0.825
4,1221,0.170
4,1222,0.158
4,1223,0.155
4,1224,0.169
4,1225,0.157
4,1226,0.154
4,1227,0.154
4,1228,0.189
4,1229,0.156
4,1230,0.164
4,1231,0.155
4,1232,0.171
4,1233,0.155
4,1234,0.156
4,1235,0.156
4,1236,0.172
4,1237,0.163
4,1238,0.155
4,1239,0.155
4,1240,1.230
4,1241,0.154
4,1242,0.166
4,1243,0.154
4,1244,0.185
4,1245,0.156
4,1246,0.152
4,1247,0.160
4,1248,0.166
4,1249,0.157
4,1250,0.156
4,1251,0.152
4,1252,0.180
4,1253,0.154
4,1254,0.153
4,1255,0.165
4,1256,0.185
4,1257,0.161
4,1258,0.155
4,1259,0.153
4,1260,0.394
4,1261,0.158
4,1262,0.162
4,1263,0.160
4,1264,0.164
4,1265,0.156
4,1266,0.155
4,1267,0.169
4,1268,0.172
4,1269,0.159
4,1270,0.171
4,1271,0.154
4,1272,0.189
4,1273,0.156
4,1274,0.155
4,1275,0.155
4,1276,0.178
4,1277,0.158
4,1278,0.156
4,1279,0.154
4,1280,2.165
4,1281,0.154
4,1282,0.154
4,1283,0.153
4,1284,0.188
4,1285,0.155
4,1286,0.153
4,1287,0.153
4,1288,0.181
4,1289,0.166
4,1290,0.153
4,1291,0.161
4,1292,0.157
4,1293,0.156
4,1294,0.152
4,1295,0.162
4,1296,0.171
4,1297,0.160
4,1298,0.154
4,1299,0.155
4,1300,0.164
4,1301,0.159
4,1302,0.154
4,1303,0.184
4,1304,0.169
4,1305,0.159
4,1306,0.154
4,1307,0.154
4,1308,0.183
4,1309,0.156
4,1310,0.155
4,1311,0.155
4,1312,0.174
4,1313,0.176
4,1314,0.155
4,1315,0.169
4,1316,0.169
4,1317,0.155
4,1318,0.154
4,1319,0.155
4,1320,1.471
4,1321,0.158
4,1322,0.153
4,1323,0.154
4,1324,0.175
4,1325,0.154
4,1326,0.154
4,1327,0.155
4,1328,0.209
4,1329,0.160
4,1330,0.155
4,1331,0.155
4,1332,0.200
4,1333,0.166
4,1334,0.168
4,1335,0.165
4,1336,0.156
4,1337,0.180
4,1338,0.155
4,1339,0.154
4,1340,0.160
4,1341,0.156
4,1342,0.158
4,1343,0.154
4,1344,0.166
4,1345,0.155
4,1346,0.166
4,1347,0.172
4,1348,0.158
4,1349,0.158
4,1350,0.168
4,1351,0.166
4,1352,0.158
4,1353,0.157
4,1354,0.171
4,1355,0.154
4,1356,0.185
4,1357,0.157
4,1358,0.154
4,1359,0.160
4,1360,1.103
4,1361,0.169
4,1362,0.167
4,1363,0.153
4,1364,0.160
4,1365,0.157
4,1366,0.156
4,1367,0.170
4,1368,0.155
4,1369,0.157
4,1370,0.169
4,1371,0.155
4,1372,0.167
4,1373,0.169
4,1374,0.169
4,1375,0.170
4,1376,0.172
4,1377,0.156
4,1378,0.154
4,1379,0.155
4,1380,0.933
4,1381,0.154
4,1382,0.164
4,1383,0.155
4,1384,0.173
4,1385,0.162
4,1386,0.165
4,1387,0.153
4,1388,0.156
4,1389,0.169
4,1390,0.153
4,1391,0.168
4,1392,0.159
4,1393,0.154
4,1394,0.156
4,1395,0.153
4,1396,0.175
4,1397,0.157
4,1398,0.167
4,1399,0.154
4,1400,1.632
4,1401,0.160
4,1402,0.152
4,1403,0.154
4,1404,0.200
4,1405,0.154
4,1406,0.153
4,1407,0.153
4,1408,0.186
4,1409,0.166
4,1410,0.154
4,1411,0.166
4,1412,0.155
4,1413,0.156
4,1414,0.164
4,1415,0.162
4,1416,0.156
4,1417,0.163
4,1418,0.154
4,1419,0.153
4,1420,0.165
4,1421,0.154
4,1422,0.171
4,1423,0.156
4,1424,0.155
4,1425,0.154
4,1426,0.156
4,1427,0.168
4,1428,0.177
4,1429,0.155
4,1430,0.159
4,1431,0.153
4,1432,0.175
4,1433,0.156
4,1434,0.156
4,1435,0.153
4,1436,0.183
4,1437,0.155
4,1438,0.160
4,1439,0.154
4,1440,0.192
4,1441,0.158
4,1442,0.153
4,1443,0.155
4,1444,0.186
4,1445,0.156
4,1446,0.171
4,1447,0.153
4,1448,0.181
4,1449,0.155
4,1450,0.155
4,1451,0.185
4,1452,0.166
4,1453,0.164
4,1454,0.154
4,1455,0.155
4,1456,0.173
4,1457,0.156
4,1458,0.155
4,1459,0.154
4,1460,0.341
4,1461,0.157
4,1462,0.154
4,1463,0.165
4,1464,0.179
4,1465,0.157
4,1466,0.155
4,1467,0.155
4,1468,0.163
4,1469,0.168
4,1470,0.156
4,1471,0.155
4,1472,0.177
4,1473,0.156
4,1474,0.162
4,1475,0.156
4,1476,0.167
4,1477,0.157
4,1478,0.166
4,1479,0.156
4,1480,1.539
4,1481,0.168
4,1482,0.154
4,1483,0.164
4,1484,0.156
4,1485,0.171
4,1486,0.159
4,1487,0.155
4,1488,0.165
4,1489,0.163
4,1490,0.154
4,1491,0.154
4,1492,0.179
4,1493,0.159
4,1494,0.154
4,1495,0.153
4,1496,0.187
4,1497,0.155
4,1498,0.155
4,1499,0.157
4,1500,2.548
4,1501,0.156
4,1502,0.163
4,1503,0.154
4,1504,0.196
4,1505,0.153
4,1506,0.152
4,1507,0.153
4,1508,0.226
4,1509,0.157
4,1510,0.153
4,1511,0.157
4,1512,0.157
4,1513,0.154
4,1514,0.153
4,1515,0.155
4,1516,0.163
4,1517,0.159
4,1518,0.155
4,1519,0.154
4,1520,0.768
4,1521,0.169
4,1522,0.155
4,1523,0.153
4,1524,0.175
4,1525,0.155
4,1526,0.156
4,1527,0.155
4,1528,0.185
4,1529,0.161
4,1530,0.154
4,1531,0.153
4,1532,0.164
4,1533,0.159
4,1534,0.154
4,1535,0.154
4,1536,0.184
4,1537,0.156
4,1538,0.154
4,1539,0.155
4,1540,1.276
4,1541,0.168
4,1542,0.159
4,1543,0.160
4,1544,0.158
4,1545,0.155
4,1546,0.153
4,1547,0.153
4,1548,0.168
4,1549,0.161
4,1550,0.153
4,1551,0.154
4,1552,0.183
4,1553,0.155
4,1554,0.153
4,1555,0.154
4,1556,0.181
4,1557,0.155
4,1558,0.165
4,1559,0.155
4,1560,0.155
4,1561,0.182
4,1562,0.154
4,1563,0.173
4,1564,0.156
4,1565,0.171
4,1566,0.154
4,1567,0.174
4,1568,0.163
4,1569,0.159
4,1570,0.156
4,1571,0.170
4,1572,0.167
4,1573,0.155
4,1574,0.161
4,1575,0.167
4,1576,0.164
4,1577,0.171
4,1578,0.155
4,1579,0.180
4,1580,1.422
4,1581,0.157
4,1582,0.158
4,1583,0.154
4,1584,0.161
4,1585,0.154
4,1586,0.154
4,1587,0.156
4,1588,0.167
4,1589,0.154
4,1590,0.157
4,1591,0.156
4,1592,0.184
4,1593,0.155
4,1594,0.164
4,1595,0.157
4,1596,0.171
4,1597,0.154
4,1598,0.158
4,1599,0.158
4,1600,0.161
4,1601,0.169
4,1602,0.163
4,1603,0.156
4,1604,0.163
4,1605,0.155
4,1606,0.155
4,1607,0.155
4,1608,0.175
4,1609,0.154
4,1610,0.153
4,1611,0.154
4,1612,0.199
4,1613,0.165
4,1614,0.163
4,1615,0.154
4,1616,0.171
4,1617,0.156
4,1618,0.155
4,1619,0.166
4,1620,1.154
4,1621,0.155
4,1622,0.157
4,1623,0.155
4,1624,0.173
4,1625,0.167
4,1626,0.169
4,1627,0.168
4,1628,0.157
4,1629,0.156
4,1630,0.182
4,1631,0.166
4,1632,0.157
4,1633,0.167
4,1634,0.159
4,1635,0.154
4,1636,0.183
4,1637,0.157
4,1638,0.154
4,1639,0.172
4,1640,0.576
4,1641,0.174
4,1642,0.156
4,1643,0.164
4,1644,0.163
4,1645,0.156
4,1646,0.155
4,1647,0.163
4,1648,0.158
4,1649,0.157
4,1650,0.167
4,1651,0.155
4,1652,0.161
4,1653,0.155
4,1654,0.154
4,1655,0.156
4,1656,0.172
4,1657,0.156
4,1658,0.155
4,1659,0.153
4,1660,0.617
4,1661,0.155
4,1662,0.155
4,1663,0.153
4,1664,0.209
4,1665,0.155
4,1666,0.169
4,1667,0.156
4,1668,0.188
4,1669,0.156
4,1670,0.157
4,1671,0.155
4,1672,0.170
4,1673,0.174
4,1674,0.156
4,1675,0.155
4,1676,0.181
4,1677,0.164
4,1678,0.154
4,1679,0.169
4,1680,1.581
4,1681,0.184
4,1682,0.153
4,1683,0.173
4,1684,0.155
4,1685,0.154
4,1686,0.168
4,1687,0.153
4,1688,0.159
4,1689,0.166
4,1690,0.179
4,1691,0.154
4,1692,0.162
4,1693,0.154
4,1694,0.153
4,1695,0.154
4,1696,0.180
4,1697,0.154
4,1698,0.154
4,1699,0.154
4,1700,0.814
4,1701,0.169
4,1702,0.155
4,1703,0.154
4,1704,0.189
4,1705,0.171
4,1706,0.155
4,1707,0.170
4,1708,0.157
4,1709,0.157
4,1710,0.171
4,1711,0.155
4,1712,0.176
4,1713,0.173
4,1714,0.154
4,1715,0.158
4,1716,0.162
4,1717,0.161
4,1718,0.153
4,1719,0.154
4,1720,1.704
4,1721,0.163
4,1722,0.153
4,1723,0.153
4,1724,0.155
4,1725,0.154
4,1726,0.154
4,1727,0.152
4,1728,0.177
4,1729,0.154
4,1730,0.153
4,1731,0.153
4,1732,0.201
4,1733,0.159
4,1734,0.155
4,1735,0.156
4,1736,0.177
4,1737,0.158
4,1738,0.154
4,1739,0.154
4,1740,0.174
4,1741,0.170
4,1742,0.155
4,1743,0.155
4,1744,0.164
4,1745,0.168
4,1746,0.154
4,1747,0.153
4,1748,0.155
4,1749,0.169
4,1750,0.153
4,1751,0.154
4,1752,0.178
4,1753,0.156
4,1754,0.174
4,1755,0.154
4,1756,0.174
4,1757,0.169
4,1758,0.153
4,1759,0.153
4,1760,0.196
4,1761,0.156
4,1762,0.168
4,1763,0.157
4,1764,0.168
4,1765,0.157
4,1766,0.153
4,1767,0.155
4,1768,0.177
4,1769,0.156
4,1770,0.159
4,1771,0.155
4,1772,0.178
4,1773,0.166
4,1774,0.156
4,1775,0.155
4,1776,0.189
4,1777,0.156
4,1778,0.167
4,1779,0.159
4,1780,0.192
4,1781,0.156
4,1782,0.169
4,1783,0.154
4,1784,0.156
4,1785,0.157
4,1786,0.156
4,1787,0.154
4,1788,0.175
4,1789,0.154
4,1790,0.157
4,1791,0.165
4,1792,0.164
4,1793,0.171
4,1794,0.154
4,1795,0.154
4,1796,0.180
4,1797,0.170
4,1798,0.154
4,1799,0.156
4,1800,0.185
4,1801,0.170
4,1802,0.156
4,1803,0.154
4,1804,0.180
4,1805,0.156
4,1806,0.168
4,1807,0.156
4,1808,0.204
4,1809,0.155
4,1810,0.154
4,1811,0.154
4,1812,0.200
4,1813,0.157
4,1814,0.160
4,1815,0.175
4,1816,0.173
4,1817,0.155
4,1818,0.158
4,1819,0.174
4,1820,0.725
4,1821,0.168
4,1822,0.157
4,1823,0.155
4,1824,0.158
4,1825,0.159
4,1826,0.163
4,1827,0.154
4,1828,0.190
4,1829,0.158
4,1830,0.155
4,1831,0.154
4,1832,0.169
4,1833,0.156
4,1834,0.156
4,1835,0.154
4,1836,0.566
4,1837,0.157
4,1838,0.154
4,1839,0.156
4,1840,2.405
4,1841,0.181
4,1842,0.166
4,1843,0.154
4,1844,0.156
4,1845,0.155
4,1846,0.164
4,1847,0.165
4,1848,0.165
4,1849,0.155
4,1850,0.153
4,1851,0.155
4,1852,0.177
4,1853,0.154
4,1854,0.155
4,1855,0.153
4,1856,0.184
4,1857,0.154
4,1858,0.165
4,1859,0.153
4,1860,0.884
4,1861,0.158
4,1862,0.170
4,1863,0.154
4,1864,0.177
4,1865,0.156
4,1866,0.155
4,1867,0.155
4,1868,0.185
4,1869,0.175
4,1870,0.161
4,1871,0.166
4,1872,0.169
4,1873,0.179
4,1874,0.166
4,1875,0.155
4,1876,0.165
4,1877,0.156
4,1878,0.168
4,1879,0.154
4,1880,0.192
4,1881,0.154
4,1882,0.155
4,1883,0.157
4,1884,0.184
4,1885,0.154
4,1886,0.156
4,1887,0.153
4,1888,0.175
4,1889,0.158
4,1890,0.169
4,1891,0.154
4,1892,0.189
4,1893,0.156
4,1894,0.156
4,1895,0.168
4,1896,0.163
4,1897,0.157
4,1898,0.154
4,1899,0.155
4,1900,0.705
4,1901,0.177
4,1902,0.167
4,1903,0.154
4,1904,0.337
4,1905,0.155
4,1906,0.155
4,1907,0.171
4,1908,0.176
4,1909,0.155
4,1910,0.163
4,1911,0.155
4,1912,0.194
4,1913,0.168
4,1914,0.154
4,1915,0.165
4,1916,0.170
4,1917,0.157
4,1918,0.155
4,1919,0.154
4,1920,0.177
4,1921,0.175
4,1922,0.153
4,1923,0.155
4,1924,0.175
4,1925,0.169
4,1926,0.155
4,1927,0.187
4,1928,0.155
4,1929,0.156
4,1930,0.157
4,1931,0.155
4,1932,0.222
4,1933,0.157
4,1934,0.157
4,1935,0.155
4,1936,0.183
4,1937,0.170
4,1938,0.164
4,1939,0.154
4,1940,0.163
4,1941,0.164
4,1942,0.155
4,1943,0.155
4,1944,1.106
4,1945,0.158
4,1946,0.154
4,1947,0.167
4,1948,0.178
4,1949,0.156
4,1950,0.166
4,1951,0.154
4,1952,0.194
4,1953,0.169
4,1954,0.154
4,1955,0.156
4,1956,0.332
4,1957,0.155
4,1958,0.172
4,1959,0.154
4,1960,0.156
4,1961,0.155
4,1962,0.164
4,1963,0.168
4,1964,0.234
4,1965,0.164
4,1966,0.159
4,1967,0.157
4,1968,0.155
4,1969,0.159
4,1970,0.154
4,1971,0.166
4,1972,0.167
4,1973,0.158
4,1974,0.153
4,1975,0.172
4,1976,0.289
4,1977,0.156
4,1978,0.154
4,1979,0.168
4,1980,0.158
4,1981,0.171
4,1982,0.160
4,1983,0.170
4,1984,0.591
4,1985,0.158
4,1986,0.170
4,1987,0.156
4,1988,0.158
4,1989,0.156
4,1990,0.155
4,1991,0.161
4,1992,0.164
4,1993,0.157
4,1994,0.154
4,1995,0.164
4,1996,1.325
4,1997,0.155
4,1998,0.176
4,1999,0.159
4,2000,0.163
4,2001,0.159
4,2002,0.165
4,2003,0.154
4,2004,0.523
4,2005,0.160
4,2006,0.153
4,2007,0.163
4,2008,0.171
4,2009,0.157
4,2010,0.166
4,2011,0.162
4,2012,0.190
4,2013,0.156
4,2014,0.153
4,2015,0.154
4,2016,0.179
4,2017,0.167
4,2018,0.155
4,2019,0.191
4,2020,0.155
4,2021,0.156
4,2022,0.155
4,2023,0.154
4,2024,0.872
4,2025,0.175
4,2026,0.155
4,2027,0.169
4,2028,0.155
4,2029,0.155
4,2030,0.154
4,2031,0.171
4,2032,0.155
4,2033,0.166
4,2034,0.154
4,2035,0.166
4,2036,0.156
4,2037,0.156
4,2038,0.154
4,2039,0.155
4,2040,0.221
4,2041,0.157
4,2042,0.154
4,2043,0.154
4,2044,0.182
4,2045,0.154
4,2046,0.155
4,2047,0.155
4,2048,0.187
4,2049,0.154
4,2050,0.156
4,2051,0.155
4,2052,0.375
4,2053,0.163
4,2054,0.165
4,2055,0.158
4,2056,0.342
4,2057,0.154
4,2058,0.156
4,2059,0.154
4,2060,0.206
4,2061,0.169
4,2062,0.154
4,2063,0.177
4,2064,0.156
4,2065,0.157
4,2066,0.155
4,2067,0.155
4,2068,1.096
4,2069,0.157
4,2070,0.154
4,2071,0.186
4,2072,0.675
4,2073,0.156
4,2074,0.154
4,2075,0.153
4,2076,0.203
4,2077,0.160
4,2078,0.154
4,2079,0.156
4,2080,0.154
4,2081,0.157
4,2082,0.154
4,2083,0.154
4,2084,0.174
4,2085,0.154
4,2086,0.154
4,2087,0.160
4,2088,0.165
4,2089,0.156
4,2090,0.158
4,2091,0.157
4,2092,1.184
4,2093,0.155
4,2094,0.154
4,2095,0.152
4,2096,0.191
4,2097,0.173
4,2098,0.153
4,2099,0.153
4,2100,0.187
4,2101,0.157
4,2102,0.153
4,2103,0.154
4,2104,0.171
4,2105,0.156
4,2106,0.154
4,2107,0.154
4,2108,0.190
4,2109,0.172
4,2110,0.156
4,2111,0.178
4,2112,0.453
4,2113,0.162
4,2114,0.153
4,2115,0.172
4,2116,0.271
4,2117,0.170
4,2118,0.154
4,2119,0.163
4,2120,0.157
4,2121,0.166
4,2122,0.154
4,2123,0.165
4,2124,0.155
4,2125,0.158
4,2126,0.158
4,2127,0.160
4,2128,0.176
4,2129,0.165
4,2130,0.155
4,2131,0.165
4,2132,1.633
4,2133,0.165
4,2134,0.153
4,2135,0.153
4,2136,0.160
4,2137,0.154
4,2138,0.157
4,2139,0.163
4,2140,0.174
4,2141,0.155
4,2142,0.153
4,2143,0.153
4,2144,0.188
4,2145,0.154
4,2146,0.153
4,2147,0.154
4,2148,0.177
4,2149,0.161
4,2150,0.153
4,2151,0.165
4,2152,0.155
4,2153,0.173
4,2154,0.175
4,2155,0.155
4,2156,0.154
4,2157,0.156
4,2158,0.156
4,2159,0.156
4,2160,0.164
4,2161,0.156
4,2162,0.166
4,2163,0.155
4,2164,0.155
4,2165,0.183
4,2166,0.178
4,2167,0.153
4,2168,0.159
4,2169,0.177
4,2170,0.154
4,2171,0.154
4,2172,0.172
4,2173,0.165
4,2174,0.157
4,2175,0.156
4,2176,1.123
4,2177,0.155
4,2178,0.171
4,2179,0.154
4,2180,0.162
4,2181,0.169
4,2182,0.156
4,2183,0.155
4,2184,0.168
4,2185,0.158
4,2186,0.163
4,2187,0.154
4,2188,0.177
4,2189,0.169
4,2190,0.165
4,2191,0.155
4,2192,0.176
4,2193,0.156
4,2194,0.153
4,2195,0.169
4,2196,0.157
4,2197,0.157
4,2198,0.153
4,2199,0.162
4,2200,0.164
4,2201,0.166
4,2202,0.155
4,2203,0.153
4,2204,0.199
4,2205,0.155
4,2206,0.174
4,2207,0.155
4,2208,0.199
4,2209,0.157
4,2210,0.158
4,2211,0.165
4,2212,0.170
4,2213,0.156
4,2214,0.160
4,2215,0.181
4,2216,2.424
4,2217,0.155
4,2218,0.153
4,2219,0.154
4,2220,0.196
4,2221,0.177
4,2222,0.154
4,2223,0.153
4,2224,0.155
4,2225,0.154
4,2226,0.155
4,2227,0.152
4,2228,0.183
4,2229,0.155
4,2230,0.155
4,2231,0.157
4,2232,0.173
4,2233,0.169
4,2234,0.155
4,2235,0.154
4,2236,0.160
4,2237,0.155
4,2238,0.154
4,2239,0.154
4,2240,0.166
4,2241,0.157
4,2242,0.155
4,2243,0.153
4,2244,0.178
4,2245,0.156
4,2246,0.164
4,2247,0.155
4,2248,0.159
4,2249,0.156
4,2250,0.161
4,2251,0.171
4,2252,0.158
4,2253,0.155
4,2254,0.155
4,2255,0.154
4,2256,1.379
4,2257,0.157
4,2258,0.154
4,2259,0.153
4,2260,0.173
4,2261,0.155
4,2262,0.175
4,2263,0.153
4,2264,0.157
4,2265,0.170
4,2266,0.153
4,2267,0.156
4,2268,0.156
4,2269,0.157
4,2270,0.168
4,2271,0.154
4,2272,0.173
4,2273,0.156
4,2274,0.155
4,2275,0.154
4,2276,0.739
4,2277,0.172
4,2278,0.156
4,2279,0.154
4,2280,0.188
4,2281,0.158
4,2282,0.169
4,2283,0.155
4,2284,0.156
4,2285,0.161
4,2286,0.170
4,2287,0.153
4,2288,0.174
4,2289,0.174
4,2290,0.156
4,2291,0.155
4,2292,0.193
4,2293,0.157
4,2294,0.155
4,2295,0.154
4,2296,1.134
4,2297,0.154
4,2298,0.154
4,2299,0.154
4,2300,0.182
4,2301,0.156
4,2302,0.153
4,2303,0.154
4,2304,0.193
4,2305,0.164
4,2306,0.157
4,2307,0.154
4,2308,0.187
4,2309,0.159
4,2310,0.155
4,2311,0.155
4,2312,0.173
4,2313,0.155
4,2314,0.155
4,2315,0.154
4,2316,2.276
4,2317,0.153
4,2318,0.166
4,2319,0.159
4,2320,0.214
4,2321,0.153
4,2322,0.152
4,2323,0.177
4,2324,0.154
4,2325,0.153
4,2326,0.154
4,2327,0.152
4,2328,0.196
4,2329,0.156
4,2330,0.154
4,2331,0.153
4,2332,0.214
4,2333,0.154
4,2334,0.153
4,2335,0.154
4,2336,0.184
4,2337,0.155
4,2338,0.165
4,2339,0.161
4,2340,0.185
4,2341,0.155
4,2342,0.155
4,2343,0.164
4,2344,0.170
4,2345,0.158
4,2346,0.168
4,2347,0.158
4,2348,0.173
4,2349,0.154
4,2350,0.155
4,2351,0.164
4,2352,0.159
4,2353,0.172
4,2354,0.157
4,2355,0.156
4,2356,0.167
4,2357,0.168
4,2358,0.153
4,2359,0.153
4,2360,0.183
4,2361,0.156
4,2362,0.169
4,2363,0.186
4,2364,0.156
4,2365,0.163
4,2366,0.155
4,2367,0.155
4,2368,0.192
4,2369,0.155
4,2370,0.154
4,2371,0.154
4,2372,0.171
4,2373,0.156
4,2374,0.156
4,2375,0.155
4,2376,0.213
4,2377,0.161
4,2378,0.154
4,2379,0.154
4,2380,0.168
4,2381,0.154
4,2382,0.175
4,2383,0.154
4,2384,0.156
4,2385,0.183
4,2386,0.165
4,2387,0.169
4,2388,0.155
4,2389,0.155
4,2390,0.166
4,2391,0.154
4,2392,0.171
4,2393,0.160
4,2394,0.153
4,2395,0.154
4,2396,0.212
4,2397,0.155
4,2398,0.169
4,2399,0.154
4,2400,0.173
4,2401,0.157
4,2402,0.162
4,2403,0.154
4,2404,0.176
4,2405,0.156
4,2406,0.172
4,2407,0.154
4,2408,0.157
4,2409,0.175
4,2410,0.156
4,2411,0.154
4,2412,0.170
4,2413,0.157
4,2414,0.169
4,2415,0.155
4,2416,0.180
4,2417,0.156
4,2418,0.154
4,2419,0.154
4,2420,0.208
4,2421,0.165
4,2422,0.154
4,2423,0.154
4,2424,0.176
4,2425,0.155
4,2426,0.155
4,2427,0.166
4,2428,0.163
4,2429,0.166
4,2430,0.153
4,2431,0.153
4,2432,0.174
4,2433,0.168
4,2434,0.157
4,2435,0.154
4,2436,1.610
4,2437,0.159
4,2438,0.155
4,2439,0.153
4,2440,0.202
4,2441,0.156
4,2442,0.154
4,2443,0.155
4,2444,0.194
4,2445,0.155
4,2446,0.156
4,2447,0.153
4,2448,0.206
4,2449,0.156
4,2450,0.156
4,2451,0.153
4,2452,0.194
4,2453,0.155
4,2454,0.170
4,2455,0.154
4,2456,2.123
4,2457,0.156
4,2458,0.153
4,2459,0.154
4,2460,0.179
4,2461,0.156
4,2462,0.169
4,2463,0.154
4,2464,0.205
4,2465,0.177
4,2466,0.165
4,2467,0.167
4,2468,0.156
4,2469,0.156
4,2470,0.153
4,2471,0.162
4,2472,0.180
4,2473,0.156
4,2474,0.155
4,2475,0.160
4,2476,1.518
4,2477,0.156
4,2478,0.156
4,2479,0.154
4,2480,0.181
4,2481,0.179
4,2482,0.154
4,2483,0.160
4,2484,0.165
4,2485,0.155
4,2486,0.154
4,2487,0.153
4,2488,0.170
4,2489,0.155
4,2490,0.153
4,2491,0.169
4,2492,0.168
4,2493,0.155
4,2494,0.166
4,2495,0.154
4,2496,0.986
4,2497,0.171
4,2498,0.155
4,2499,0.163
4,2500,0.158
5,2,0.154
5,3,0.922
5,4,0.374
5,5,0.157
5,6,0.155
5,7,0.174
5,8,0.485
5,9,0.157
5,10,0.166
5,11,0.155
5,12,0.207
5,13,0.157
5,14,0.168
5,15,0.155
5,16,0.177
5,17,0.157
5,18,0.156
5,19,0.162
5,20,1.664
5,21,0.168
5,22,0.154
5,23,0.156
5,24,0.171
5,25,0.159
5,26,0.155
5,27,0.154
5,28,0.189
5,29,0.157
5,30,0.155
5,31,0.156
5,32,0.168
5,33,0.155
5,34,0.169
5,35,0.163
5,36,0.154
5,37,0.156
5,38,0.155
5,39,0.154
5,40,0.525
5,41,0.155
5,42,0.166
5,43,0.172
5,44,0.156
5,45,0.164
5,46,0.166
5,47,0.169
5,48,0.486
5,49,0.158
5,50,0.175
5,51,0.175
5,52,0.156
5,53,0.155
5,54,0.167
5,55,0.154
5,56,0.168
5,57,0.157
5,58,0.178
5,59,0.170
5,60,0.369
5,61,0.155
5,62,0.154
5,63,0.155
5,64,0.189
5,65,0.157
5,66,0.169
5,67,0.153
5,68,0.513
5,69,0.167
5,70,0.154
5,71,0.153
5,72,0.176
5,73,0.171
5,74,0.173
5,75,0.155
5,76,0.155
5,77,0.157
5,78,0.161
5,79,0.153
5,80,0.464
5,81,0.156
5,82,0.154
5,83,0.164
5,84,0.198
5,85,0.167
5,86,0.187
5,87,0.153
5,88,1.586
5,89,0.168
5,90,0.155
5,91,0.154
5,92,0.175
5,93,0.155
5,94,0.154
5,95,0.154
5,96,0.194
5,97,0.156
5,98,0.169
5,99,0.162
5,100,1.952
5,101,0.156
5,102,0.155
5,103,0.157
5,104,0.178
5,105,0.154
5,106,0.173
5,107,0.153
5,108,0.382
5,109,0.156
5,110,0.155
5,111,0.155
5,112,0.164
5,113,0.157
5,114,0.165
5,115,0.154
5,116,0.156
5,117,0.165
5,118,0.165
5,119,0.154
5,120,1.439
5,121,0.154
5,122,0.154
5,123,0.165
5,124,0.177
5,125,0.154
5,126,0.159
5,127,0.154
5,128,0.195
5,129,0.155
5,130,0.155
5,131,0.155
5,132,0.180
5,133,0.157
5,134,0.155
5,135,0.162
5,136,0.176
5,137,0.172
5,138,0.156
5,139,0.155
5,140,0.167
5,141,0.156
5,142,0.164
5,143,0.154
5,144,0.156
5,145,0.156
5,146,0.158
5,147,0.153
5,148,0.195
5,149,0.156
5,150,0.182
5,151,0.165
5,152,0.158
5,153,0.156
5,154,0.154
5,155,0.161
5,156,0.175
5,157,0.156
5,158,0.155
5,159,0.161
5,160,0.557
5,161,0.162
5,162,0.156
5,163,0.154
5,164,0.177
5,165,0.156
5,166,0.154
5,167,0.154
5,168,0.910
5,169,0.156
5,170,0.155
5,171,0.168
5,172,0.376
5,173,0.156
5,174,0.155
5,175,0.153
5,176,0.185
5,177,0.154
5,178,0.155
5,179,0.155
5,180,0.178
5,181,0.157
5,182,0.153
5,183,0.155
5,184,1.347
5,185,0.157
5,186,0.160
5,187,0.157
5,188,0.179
5,189,0.157
5,190,0.170
5,191,0.154
5,192,0.842
5,193,0.155
5,194,0.168
5,195,0.153
5,196,0.154
5,197,0.154
5,198,0.153
5,199,0.171
5,200,0.159
5,201,0.169
5,202,0.154
5,203,0.173
5,204,1.315
5,205,0.156
5,206,0.183
5,207,0.156
5,208,0.155
5,209,0.173
5,210,0.154
5,211,0.154
5,212,0.925
5,213,0.157
5,214,0.154
5,215,0.152
5,216,0.156
5,217,0.162
5,218,0.152
5,219,0.153
5,220,0.170
5,221,0.153
5,222,0.153
5,223,0.153
5,224,0.179
5,225,0.155
5,226,0.156
5,227,0.156
5,228,0.175
5,229,0.172
5,230,0.157
5,231,0.155
5,232,0.156
5,233,0.155
5,234,0.154
5,235,0.155
5,236,0.196
5,237,0.173
5,238,0.162
5,239,0.174
5,240,0.157
5,241,0.154
5,242,0.167
5,243,0.156
5,244,0.161
5,245,0.157
5,246,0.156
5,247,0.162
5,248,0.178
5,249,0.163
5,250,0.156
5,251,0.162
5,252,0.170
5,253,0.156
5,254,0.154
5,255,0.158
5,256,0.157
5,257,0.156
5,258,0.154
5,259,0.153
5,260,0.201
5,261,0.156
5,262,0.164
5,263,0.154
5,264,1.435
5,265,0.168
5,266,0.166
5,267,0.155
5,268,0.165
5,269,0.158
5,270,0.154
5,271,0.155
5,272,0.935
5,273,0.156
5,274,0.154
5,275,0.156
5,276,0.172
5,277,0.156
5,278,0.153
5,279,0.154
5,280,0.169
5,281,0.155
5,282,0.157
5,283,0.154
5,284,1.254
5,285,0.167
5,286,0.153
5,287,0.155
5,288,0.166
5,289,0.156
5,290,0.155
5,291,0.154
5,292,1.143
5,293,0.173
5,294,0.153
5,295,0.153
5,296,0.168
5,297,0.154
5,298,0.154
5,299,0.161
5,300,0.166
5,301,0.166
5,302,0.156
5,303,0.154
5,304,0.192
5,305,0.154
5,306,0.172
5,307,0.154
5,308,0.164
5,309,0.155
5,310,0.154
5,311,0.157
5,312,0.167
5,313,0.157
5,314,0.155
5,315,0.156
5,316,0.219
5,317,0.157
5,318,0.175
5,319,0.155
5,320,0.156
5,321,0.156
5,322,0.153
5,323,0.155
5,324,0.172
5,325,0.163
5,326,0.154
5,327,0.179
5,328,0.156
5,329,0.174
5,330,0.155
5,331,0.155
5,332,0.753
5,333,0.176
5,334,0.155
5,335,0.173
5,336,0.173
5,337,0.157
5,338,0.165
5,339,0.181
5,340,0.158
5,341,0.161
5,342,0.159
5,343,0.169
5,344,0.171
5,345,0.157
5,346,0.159
5,347,0.154
5,348,0.158
5,349,0.163
5,350,0.166
5,351,0.156
5,352,1.481
5,353,0.165
5,354,0.155
5,355,0.154
5,356,0.174
5,357,0.154
5,358,0.155
5,359,0.165
5,360,0.161
5,361,0.157
5,362,0.154
5,363,0.172
5,364,0.155
5,365,0.157
5,366,0.155
5,367,0.163
5,368,0.163
5,369,0.155
5,370,0.153
5,371,0.155
5,372,0.797
5,373,0.155
5,374,0.159
5,375,0.154
5,376,0.203
5,377,0.157
5,378,0.155
5,379,0.154
5,380,0.168
5,381,0.154
5,382,0.155
5,383,0.160
5,384,0.162
5,385,0.168
5,386,0.154
5,387,0.154
5,388,0.160
5,389,0.155
5,390,0.161
5,391,0.162
5,392,0.178
5,393,0.165
5,394,0.152
5,395,0.177
5,396,0.170
5,397,0.158
5,398,0.156
5,399,0.153
5,400,0.181
5,401,0.156
5,402,0.154
5,403,0.159
5,404,0.170
5,405,0.156
5,406,0.154
5,407,0.154
5,408,0.183
5,409,0.158
5,410,0.154
5,411,0.155
5,412,1.253
5,413,0.154
5,414,0.155
5,415,0.158
5,416,0.169
5,417,0.156
5,418,0.163
5,419,0.155
5,420,0.167
5,421,0.158
5,422,0.154
5,423,0.153
5,424,0.679
5,425,0.155
5,426,0.154
5,427,0.164
5,428,0.181
5,429,0.188
5,430,0.156
5,431,0.158
5,432,1.631
5,433,0.153
5,434,0.154
5,435,0.165
5,436,0.159
5,437,0.155
5,438,0.165
5,439,0.154
5,440,0.155
5,441,0.164
5,442,0.153
5,443,0.154
5,444,0.155
5,445,0.165
5,446,0.169
5,447,0.154
5,448,0.155
5,449,0.156
5,450,0.154
5,451,0.154
5,452,0.801
5,453,0.155
5,454,0.154
5,455,0.153
5,456,0.188
5,457,0.156
5,458,0.154
5,459,0.155
5,460,0.188
5,461,0.176
5,462,0.179
5,463,0.153
5,464,1.055
5,465,0.156
5,466,0.156
5,467,0.169
5,468,0.175
5,469,0.412
5,470,0.160
5,471,0.163
5,472,0.245
5,473,0.154
5,474,0.154
5,475,0.158
5,476,0.189
5,477,0.154
5,478,0.154
5,479,0.153
5,480,0.165
5,481,0.155
5,482,0.153
5,483,0.154
5,484,0.196
5,485,0.159
5,486,0.153
5,487,0.154
5,488,0.173
5,489,0.154
5,490,0.155
5,491,0.155
5,492,0.182
5,493,0.155
5,494,0.156
5,495,0.156
5,496,0.189
5,497,0.157
5,498,0.154
5,499,0.155
5,500,0.448
5,501,0.158
5,502,0.158
5,503,0.163
5,504,0.406
5,505,0.153
5,506,0.154
5,507,0.155
5,508,0.202
5,509,0.157
5,510,0.154
5,511,0.155
5,512,0.169
5,513,0.179
5,514,0.160
5,515,0.154
5,516,0.183
5,517,0.179
5,518,0.154
5,519,0.156
5,520,0.156
5,521,0.168
5,522,0.158
5,523,0.165
5,524,0.619
5,525,0.157
5,526,0.153
5,527,0.155
5,528,0.171
5,529,0.168
5,530,0.154
5,531,0.154
5,532,1.338
5,533,0.157
5,534,0.158
5,535,0.158
5,536,0.170
5,537,0.154
5,538,0.155
5,539,0.155
5,540,0.184
5,541,0.154
5,542,0.154
5,543,0.154
5,544,0.182
5,545,0.153
5,546,0.153
5,547,0.154
5,548,0.802
5,549,0.155
5,550,0.155
5,551,0.175
5,552,0.736
5,553,0.160
5,554,0.153
5,555,0.168
5,556,0.165
5,557,0.154
5,558,0.154
5,559,0.160
5,560,0.175
5,561,0.154
5,562,0.155
5,563,0.153
5,564,0.195
5,565,0.156
5,566,0.153
5,567,0.165
5,568,0.189
5,569,0.158
5,570,0.155
5,571,0.167
5,572,0.181
5,573,0.156
5,574,0.154
5,575,0.168
5,576,0.172
5,577,0.168
5,578,0.154
5,579,0.157
5,580,0.156
5,581,0.155
5,582,0.154
5,583,0.169
5,584,0.187
5,585,0.168
5,586,0.153
5,587,0.154
5,588,0.170
5,589,0.162
5,590,0.166
5,591,0.156
5,592,0.169
5,593,0.176
5,594,0.155
5,595,0.154
5,596,0.156
5,597,0.156
5,598,0.172
5,599,0.168
5,600,0.168
5,601,0.156
5,602,0.177
5,603,0.154
5,604,0.156
5,605,0.156
5,606,0.156
5,607,0.192
5,608,0.156
5,609,0.156
5,610,0.154
5,611,0.178
5,612,2.005
5,613,0.158
5,614,0.165
5,615,0.167
5,616,0.178
5,617,0.157
5,618,0.156
5,619,0.155
5,620,0.193
5,621,0.155
5,622,0.153
5,623,0.171
5,624,0.154
5,625,0.156
5,626,0.153
5,627,0.161
5,628,0.178
5,629,0.170
5,630,0.154
5,631,0.154
5,632,0.180
5,633,0.155
5,634,0.154
5,635,0.170
5,636,0.168
5,637,0.156
5,638,0.155
5,639,0.155
5,640,0.166
5,641,0.157
5,642,0.163
5,643,0.160
5,644,0.164
5,645,0.156
5,646,0.156
5,647,0.157
5,648,0.180
5,649,0.181
5,650,0.153
5,651,0.172
5,652,0.157
5,653,0.156
5,654,0.154
5,655,0.154
5,656,0.188
5,657,0.157
5,658,0.161
5,659,0.180
5,660,0.164
5,661,0.189
5,662,0.154
5,663,0.155
5,664,0.157
5,665,0.183
5,666,0.159
5,667,0.153
5,668,0.171
5,669,0.166
5,670,0.153
5,671,0.155
5,672,0.184
5,673,0.156
5,674,0.154
5,675,0.153
5,676,0.190
5,677,0.156
5,678,0.154
5,679,0.172
5,680,0.172
5,681,0.156
5,682,0.180
5,683,0.154
5,684,0.161
5,685,0.156
5,686,0.154
5,687,0.156
5,688,0.174
5,689,0.155
5,690,0.173
5,691,0.153
5,692,0.161
5,693,0.155
5,694,0.154
5,695,0.155
5,696,0.211
5,697,0.157
5,698,0.182
5,699,0.155
5,700,0.189
5,701,0.156
5,702,0.155
5,703,0.154
5,704,0.632
5,705,0.168
5,706,0.157
5,707,0.158
5,708,0.157
5,709,0.158
5,710,0.163
5,711,0.154
5,712,0.858
5,713,0.169
5,714,0.154
5,715,0.155
5,716,0.160
5,717,0.156
5,718,0.155
5,719,0.157
5,720,0.181
5,721,0.158
5,722,0.155
5,723,0.155
5,724,2.433
5,725,0.159
5,726,0.156
5,727,0.166
5,728,0.582
5,729,0.156
5,730,0.175
5,731,0.157
5,732,1.130
5,733,0.170
5,734,0.154
5,735,0.153
5,736,0.166
5,737,0.154
5,738,0.153
5,739,0.153
5,740,0.178
5,741,0.155
5,742,0.163
5,743,0.152
5,744,0.173
5,745,0.155
5,746,0.155
5,747,0.153
5,748,0.170
5,749,0.155
5,750,0.156
5,751,0.155
5,752,0.429
5,753,0.173
5,754,0.154
5,755,0.153
5,756,0.170
5,757,0.155
5,758,0.153
5,759,0.156
5,760,0.162
5,761,0.157
5,762,0.154
5,763,0.163
5,764,0.836
5,765,0.161
5,766,0.154
5,767,0.155
5,768,0.167
5,769,0.156
5,770,0.155
5,771,0.153
5,772,0.885
5,773,0.157
5,774,0.152
5,775,0.152
5,776,0.185
5,777,0.154
5,778,0.153
5,779,0.155
5,780,0.171
5,781,0.157
5,782,0.152
5,783,0.153
5,784,0.179
5,785,0.155
5,786,0.154
5,787,0.153
5,788,0.174
5,789,0.155
5,790,0.156
5,791,0.153
5,792,0.176
5,793,0.156
5,794,0.154
5,795,0.154
5,796,0.192
5,797,0.156
5,798,0.161
5,799,0.164
5,800,0.178
5,801,0.169
5,802,0.154
5,803,0.156
5,804,0.159
5,805,0.158
5,806,0.154
5,807,0.154
5,808,0.173
5,809,0.174
5,810,0.169
5,811,0.155
5,812,0.159
5,813,0.157
5,814,0.160
5,815,0.154
5,816,0.194
5,817,0.155
5,818,0.154
5,819,0.166
5,820,0.156
5,821,0.156
5,822,0.155
5,823,0.154
5,824,0.172
5,825,0.155
5,826,0.166
5,827,0.159
5,828,0.164
5,829,0.164
5,830,0.155
5,831,0.154
5,832,1.974
5,833,0.156
5,834,0.154
5,835,0.154
5,836,0.186
5,837,0.185
5,838,0.167
5,839,0.161
5,840,0.158
5,841,0.153
5,842,0.154
5,843,0.154
5,844,0.183
5,845,0.156
5,846,0.154
5,847,0.153
5,848,0.212
5,849,0.157
5,850,0.153
5,851,0.156
5,852,0.185
5,853,0.156
5,854,0.154
5,855,0.157
5,856,0.165
5,857,0.156
5,858,0.160
5,859,0.158
5,860,0.162
5,861,0.156
5,862,0.155
5,863,0.158
5,864,0.192
5,865,0.156
5,866,0.156
5,867,0.159
5,868,0.171
5,869,0.154
5,870,0.156
5,871,0.153
5,872,0.167
5,873,0.157
5,874,0.154
5,875,0.156
5,876,0.180
5,877,0.165
5,878,0.153
5,879,0.155
5,880,0.168
5,881,0.156
5,882,0.163
5,883,0.159
5,884,0.167
5,885,0.156
5,886,0.156
5,887,0.154
5,888,0.173
5,889,0.168
5,890,0.154
5,891,0.155
5,892,1.133
5,893,0.158
5,894,0.155
5,895,0.155
5,896,0.188
5,897,0.158
5,898,0.162
5,899,0.166
5,900,0.166
5,901,0.156
5,902,0.154
5,903,0.155
5,904,0.180
5,905,0.155
5,906,0.156
5,907,0.155
5,908,0.183
5,909,0.166
5,910,0.153
5,911,0.154
5,912,0.181
5,913,0.157
5,914,0.154
5,915,0.156
5,916,0.175
5,917,0.156
5,918,0.172
5,919,0.154
5,920,0.176
5,921,0.155
5,922,0.155
5,923,0.155
5,924,0.531
5,925,0.156
5,926,0.155
5,927,0.153
5,928,0.181
5,929,0.155
5,930,0.153
5,931,0.168
5,932,1.002
5,933,0.182
5,934,0.154
5,935,0.155
5,936,0.166
5,937,0.155
5,938,0.160
5,939,0.163
5,940,0.156
5,941,0.156
5,942,0.154
5,943,0.154
5,944,0.982
5,945,0.156
5,946,0.154
5,947,0.155
5,948,0.190
5,949,0.155
5,950,0.155
5,951,0.156
5,952,0.813
5,953,0.158
5,954,0.154
5,955,0.154
5,956,0.160
5,957,0.156
5,958,0.154
5,959,0.153
5,960,0.172
5,961,0.155
5,962,0.153
5,963,0.154
5,964,0.439
5,965,0.168
5,966,0.173
5,967,0.153
5,968,0.166
5,969,0.158
5,970,0.154
5,971,0.155
5,972,1.353
5,973,0.168
5,974,0.153
5,975,0.154
5,976,0.160
5,977,0.153
5,978,0.153
5,979,0.153
5,980,0.199
5,981,0.153
5,982,0.155
5,983,0.152
5,984,0.180
5,985,0.154
5,986,0.154
5,987,0.154
5,988,0.180
5,989,0.155
5,990,0.154
5,991,0.154
5,992,0.180
5,993,0.157
5,994,0.156
5,995,0.154
5,996,0.163
5,997,0.156
5,998,0.174
5,999,0.161
5,1000,0.156
5,1001,0.155
5,1002,0.165
5,1003,0.167
5,1004,0.169
5,1005,0.163
5,1006,0.154
5,1007,0.174
5,1008,0.173
5,1009,0.173
5,1010,0.156
5,1011,0.154
5,1012,0.165
5,1013,0.156
5,1014,0.153
5,1015,0.171
5,1016,0.180
5,1017,0.168
5,1018,0.154
5,1019,0.155
5,1020,0.161
5,1021,0.154
5,1022,0.155
5,1023,0.155
5,1024,0.203
5,1025,0.156
5,1026,0.155
5,1027,0.154
5,1028,0.186
5,1029,0.155
5,1030,0.155
5,1031,0.180
5,1032,0.155
5,1033,0.155
5,1034,0.155
5,1035,0.166
5,1036,0.177
5,1037,0.157
5,1038,0.159
5,1039,0.154
5,1040,0.176
5,1041,0.158
5,1042,0.154
5,1043,0.155
5,1044,0.501
5,1045,0.157
5,1046,0.155
5,1047,0.155
5,1048,0.250
5,1049,0.172
5,1050,0.168
5,1051,0.154
5,1052,0.160
5,1053,0.159
5,1054,0.155
5,1055,0.154
5,1056,0.855
5,1057,0.156
5,1058,0.155
5,1059,0.154
5,1060,0.188
5,1061,0.166
5,1062,0.154
5,1063,0.163
5,1064,0.360
5,1065,0.154
5,1066,0.154
5,1067,0.155
5,1068,0.188
5,1069,0.157
5,1070,0.172
5,1071,0.169
5,1072,0.788
5,1073,0.154
5,1074,0.155
5,1075,0.153
5,1076,0.177
5,1077,0.154
5,1078,0.153
5,1079,0.168
5,1080,0.168
5,1081,0.156
5,1082,0.154
5,1083,0.153
5,1084,0.189
5,1085,0.154
5,1086,0.155
5,1087,0.154
5,1088,0.623
5,1089,0.157
5,1090,0.191
5,1091,0.153
5,1092,0.207
5,1093,0.170
5,1094,0.155
5,1095,0.153
5,1096,0.366
5,1097,0.156
5,1098,0.155
5,1099,0.155
5,1100,0.190
5,1101,0.155
5,1102,0.155
5,1103,0.154
5,1104,0.590
5,1105,0.155
5,1106,0.156
5,1107,0.155
5,1108,0.710
5,1109,0.156
5,1110,0.169
5,1111,0.153
5,1112,0.561
5,1113,0.187
5,1114,0.171
5,1115,0.168
5,1116,0.171
5,1117,0.156
5,1118,0.156
5,1119,0.153
5,1120,0.193
5,1121,0.154
5,1122,0.167
5,1123,0.155
5,1124,0.400
5,1125,0.169
5,1126,0.154
5,1127,0.153
5,1128,0.738
5,1129,0.176
5,1130,0.155
5,1131,0.173
5,1132,0.156
5,1133,0.170
5,1134,0.153
5,1135,0.166
5,1136,0.184
5,1137,0.154
5,1138,0.155
5,1139,0.155
5,1140,0.178
5,1141,0.159
5,1142,0.154
5,1143,0.154
5,1144,0.186
5,1145,0.171
5,1146,0.154
5,1147,0.155
5,1148,0.242
5,1149,0.156
5,1150,0.154
5,1151,0.156
5,1152,0.186
5,1153,0.165
5,1154,0.157
5,1155,0.155
5,1156,0.174
5,1157,0.157
5,1158,0.155
5,1159,0.156
5,1160,0.169
5,1161,0.171
5,1162,0.169
5,1163,0.166
5,1164,0.157
5,1165,0.160
5,1166,0.154
5,1167,0.156
5,1168,0.547
5,1169,0.160
5,1170,0.154
5,1171,0.154
5,1172,0.431
5,1173,0.164
5,1174,0.170
5,1175,0.156
5,1176,0.156
5,1177,0.171
5,1178,0.155
5,1179,0.156
5,1180,0.253
5,1181,0.157
5,1182,0.153
5,1183,0.158
5,1184,0.548
5,1185,0.156
5,1186,0.172
5,1187,0.155
5,1188,1.412
5,1189,0.161
5,1190,0.164
5,1191,0.152
5,1192,0.166
5,1193,0.153
5,1194,0.154
5,1195,0.152
5,1196,0.186
5,1197,0.163
5,1198,0.153
5,1199,0.164
5,1200,0.191
5,1201,0.156
5,1202,0.162
5,1203,0.154
5,1204,0.174
5,1205,0.161
5,1206,0.156
5,1207,0.157
5,1208,0.191
5,1209,0.155
5,1210,0.155
5,1211,0.155
5,1212,0.177
5,1213,0.156
5,1214,0.165
5,1215,0.165
5,1216,0.154
5,1217,0.156
5,1218,0.154
5,1219,0.160
5,1220,0.187
5,1221,0.154
5,1222,0.156
5,1223,0.154
5,1224,0.182
5,1225,0.155
5,1226,0.153
5,1227,0.163
5,1228,1.361
5,1229,0.162
5,1230,0.154
5,1231,0.152
5,1232,0.189
5,1233,0.162
5,1234,0.153
5,1235,0.152
5,1236,0.181
5,1237,0.155
5,1238,0.159
5,1239,0.170
5,1240,0.155
5,1241,0.156
5,1242,0.162
5,1243,0.155
5,1244,0.173
5,1245,0.155
5,1246,0.161
5,1247,0.155
5,1248,0.184
5,1249,0.168
5,1250,0.168
5,1251,0.172
5,1252,0.159
5,1253,0.157
5,1254,0.157
5,1255,0.161
5,1256,0.176
5,1257,0.175
5,1258,0.166
5,1259,0.154
5,1260,0.156
5,1261,0.165
5,1262,0.155
5,1263,0.155
5,1264,0.206
5,1265,0.156
5,1266,0.154
5,1267,0.155
5,1268,0.246
5,1269,0.155
5,1270,0.157
5,1271,0.155
5,1272,0.179
5,1273,0.157
5,1274,0.155
5,1275,0.165
5,1276,0.158
5,1277,0.165
5,1278,0.155
5,1279,0.155
5,1280,0.181
5,1281,0.157
5,1282,0.158
5,1283,0.155
5,1284,0.333
5,1285,0.172
5,1286,0.156
5,1287,0.155
5,1288,0.186
5,1289,0.181
5,1290,0.155
5,1291,0.169
5,1292,0.859
5,1293,0.164
5,1294,0.156
5,1295,0.155
5,1296,0.184
5,1297,0.158
5,1298,0.155
5,1299,0.155
5,1300,0.174
5,1301,0.163
5,1302,0.166
5,1303,0.155
5,1304,1.553
5,1305,0.156
5,1306,0.156
5,1307,0.153
5,1308,0.182
5,1309,0.157
5,1310,0.163
5,1311,0.153
5,1312,0.159
5,1313,0.154
5,1314,0.155
5,1315,0.155
5,1316,0.174
5,1317,0.156
5,1318,0.156
5,1319,0.156
5,1320,0.202
5,1321,0.156
5,1322,0.154
5,1323,0.154
5,1324,0.191
5,1325,0.155
5,1326,0.157
5,1327,0.154
5,1328,0.172
5,1329,0.169
5,1330,0.153
5,1331,0.170
5,1332,0.178
5,1333,0.156
5,1334,0.155
5,1335,0.154
5,1336,0.178
5,1337,0.155
5,1338,0.164
5,1339,0.155
5,1340,0.167
5,1341,0.155
5,1342,0.171
5,1343,0.156
5,1344,2.384
5,1345,0.154
5,1346,0.153
5,1347,0.159
5,1348,0.220
5,1349,0.157
5,1350,0.157
5,1351,0.152
5,1352,0.170
5,1353,0.154
5,1354,0.152
5,1355,0.154
5,1356,0.179
5,1357,0.154
5,1358,0.154
5,1359,0.154
5,1360,0.156
5,1361,0.155
5,1362,0.171
5,1363,0.156
5,1364,0.155
5,1365,0.158
5,1366,0.155
5,1367,0.161
5,1368,0.206
5,1369,0.156
5,1370,0.155
5,1371,0.154
5,1372,0.182
5,1373,0.157
5,1374,0.154
5,1375,0.154
5,1376,0.172
5,1377,0.156
5,1378,0.154
5,1379,0.173
5,1380,0.195
5,1381,0.159
5,1382,0.153
5,1383,0.154
5,1384,0.646
5,1385,0.174
5,1386,0.166
5,1387,0.154
5,1388,0.157
5,1389,0.166
5,1390,0.154
5,1391,0.155
5,1392,0.155
5,1393,0.155
5,1394,0.156
5,1395,0.172
5,1396,0.169
5,1397,0.164
5,1398,0.155
5,1399,0.154
5,1400,0.186
5,1401,0.157
5,1402,0.175
5,1403,0.154
5,1404,0.169
5,1405,0.157
5,1406,0.168
5,1407,0.160
5,1408,0.169
5,1409,0.155
5,1410,0.177
5,1411,0.155
5,1412,0.164
5,1413,0.158
5,1414,0.168
5,1415,0.154
5,1416,0.169
5,1417,0.169
5,1418,0.156
5,1419,0.156
5,1420,0.185
5,1421,0.157
5,1422,0.154
5,1423,0.157
5,1424,0.339
5,1425,0.167
5,1426,0.163
5,1427,0.176
5,1428,0.156
5,1429,0.156
5,1430,0.156
5,1431,0.163
5,1432,0.187
5,1433,0.157
5,1434,0.173
5,1435,0.153
5,1436,0.202
5,1437,0.157
5,1438,0.163
5,1439,0.156
5,1440,0.158
5,1441,0.155
5,1442,0.156
5,1443,0.166
5,1444,1.688
5,1445,0.157
5,1446,0.156
5,1447,0.153
5,1448,0.173
5,1449,0.166
5,1450,0.154
5,1451,0.155
5,1452,0.168
5,1453,0.162
5,1454,0.154
5,1455,0.155
5,1456,0.192
5,1457,0.156
5,1458,0.155
5,1459,0.168
5,1460,0.170
5,1461,0.157
5,1462,0.168
5,1463,0.154
5,1464,1.399
5,1465,0.160
5,1466,0.153
5,1467,0.154
5,1468,0.196
5,1469,0.169
5,1470,0.155
5,1471,0.165
5,1472,0.156
5,1473,0.155
5,1474,0.154
5,1475,0.155
5,1476,0.167
5,1477,0.154
5,1478,0.155
5,1479,0.154
5,1480,0.169
5,1481,0.157
5,1482,0.154
5,1483,0.153
5,1484,0.995
5,1485,0.165
5,1486,0.176
5,1487,0.154
5,1488,0.156
5,1489,0.154
5,1490,0.154
5,1491,0.155
5,1492,0.169
5,1493,0.154
5,1494,0.154
5,1495,0.154
5,1496,0.173
5,1497,0.162
5,1498,0.156
5,1499,0.154
5,1500,0.182
5,1501,0.155
5,1502,0.154
5,1503,0.161
5,1504,1.692
5,1505,0.156
5,1506,0.153
5,1507,0.154
5,1508,0.190
5,1509,0.154
5,1510,0.153
5,1511,0.154
5,1512,0.187
5,1513,0.156
5,1514,0.160
5,1515,0.163
5,1516,0.172
5,1517,0.161
5,1518,0.153
5,1519,0.152
5,1520,0.173
5,1521,0.155
5,1522,0.175
5,1523,0.156
5,1524,0.162
5,1525,0.171
5,1526,0.155
5,1527,0.156
5,1528,0.209
5,1529,0.173
5,1530,0.158
5,1531,0.153
5,1532,0.156
5,1533,0.164
5,1534,0.154
5,1535,0.166
5,1536,0.171
5,1537,0.159
5,1538,0.168
5,1539,0.153
5,1540,0.159
5,1541,0.154
5,1542,0.156
5,1543,0.156
5,1544,0.171
5,1545,0.156
5,1546,0.167
5,1547,0.153
5,1548,0.295
5,1549,0.159
5,1550,0.157
5,1551,0.154
5,1552,0.173
5,1553,0.155
5,1554,0.158
5,1555,0.156
5,1556,0.187
5,1557,0.156
5,1558,0.156
5,1559,0.155
5,1560,0.205
5,1561,0.159
5,1562,0.154
5,1563,0.156
5,1564,0.180
5,1565,0.154
5,1566,0.154
5,1567,0.171
5,1568,0.190
5,1569,0.154
5,1570,0.155
5,1571,0.154
5,1572,0.201
5,1573,0.155
5,1574,0.166
5,1575,0.155
5,1576,0.154
5,1577,0.162
5,1578,0.156
5,1579,0.154
5,1580,0.166
5,1581,0.156
5,1582,0.154
5,1583,0.154
5,1584,0.177
5,1585,0.155
5,1586,0.156
5,1587,0.177
5,1588,0.166
5,1589,0.158
5,1590,0.164
5,1591,0.155
5,1592,0.264
5,1593,0.159
5,1594,0.169
5,1595,0.153
5,1596,0.162
5,1597,0.156
5,1598,0.154
5,1599,0.155
5,1600,0.235
5,1601,0.158
5,1602,0.155
5,1603,0.172
5,1604,0.954
5,1605,0.159
5,1606,0.155
5,1607,0.154
5,1608,0.907
5,1609,0.155
5,1610,0.157
5,1611,0.154
5,1612,0.179
5,1613,0.156
5,1614,0.154
5,1615,0.155
5,1616,0.180
5,1617,0.165
5,1618,0.155
5,1619,0.154
5,1620,0.178
5,1621,0.173
5,1622,0.153
5,1623,0.162
5,1624,0.454
5,1625,0.157
5,1626,0.154
5,1627,0.158
5,1628,1.462
5,1629,0.157
5,1630,0.155
5,1631,0.154
5,1632,0.181
5,1633,0.155
5,1634,0.157
5,1635,0.153
5,1636,0.176
5,1637,0.177
5,1638,0.155
5,1639,0.162
5,1640,0.160
5,1641,0.156
5,1642,0.154
5,1643,0.154
5,1644,0.171
5,1645,0.156
5,1646,0.159
5,1647,0.157
5,1648,2.056
5,1649,0.154
5,1650,0.153
5,1651,0.155
5,1652,0.166
5,1653,0.162
5,1654,0.152
5,1655,0.166
5,1656,0.154
5,1657,0.155
5,1658,0.173
5,1659,0.157
5,1660,0.175
5,1661,0.160
5,1662,0.161
5,1663,0.161
5,1664,0.170
5,1665,0.155
5,1666,0.164
5,1667,0.171
5,1668,1.047
5,1669,0.169
5,1670,0.153
5,1671,0.167
5,1672,0.156
5,1673,0.172
5,1674,0.155
5,1675,0.156
5,1676,0.182
5,1677,0.161
5,1678,0.162
5,1679,0.153
5,1680,0.173
5,1681,0.154
5,1682,0.167
5,1683,0.154
5,1684,0.186
5,1685,0.156
5,1686,0.154
5,1687,0.154
5,1688,0.178
5,1689,0.156
5,1690,0.171
5,1691,0.155
5,1692,0.156
5,1693,0.156
5,1694,0.165
5,1695,0.167
5,1696,0.155
5,1697,0.166
5,1698,0.155
5,1699,0.155
5,1700,0.178
5,1701,0.160
5,1702,0.154
5,1703,0.154
5,1704,0.209
5,1705,0.155
5,1706,0.155
5,1707,0.157
5,1708,0.164
5,1709,0.156
5,1710,0.158
5,1711,0.165
5,1712,0.186
5,1713,0.157
5,1714,0.167
5,1715,0.156
5,1716,0.162
5,1717,0.160
5,1718,0.156
5,1719,0.154
5,1720,0.193
5,1721,0.157
5,1722,0.154
5,1723,0.157
5,1724,0.183
5,1725,0.156
5,1726,0.154
5,1727,0.174
5,1728,0.165
5,1729,0.164
5,1730,0.156
5,1731,0.159
5,1732,0.171
5,1733,0.156
5,1734,0.155
5,1735,0.155
5,1736,0.189
5,1737,0.163
5,1738,0.154
5,1739,0.156
5,1740,0.182
5,1741,0.156
5,1742,0.171
5,1743,0.173
5,1744,0.157
5,1745,0.155
5,1746,0.156
5,1747,0.173
5,1748,0.155
5,1749,0.156
5,1750,0.153
5,1751,0.164
5,1752,0.173
5,1753,0.169
5,1754,0.155
5,1755,0.156
5,1756,0.468
5,1757,0.155
5,1758,0.153
5,1759,0.156
5,1760,0.634
5,1761,0.158
5,1762,0.154
5,1763,0.155
5,1764,0.590
5,1765,0.160
5,1766,0.160
5,1767,0.168
5,1768,0.173
5,1769,0.156
5,1770,0.163
5,1771,0.155
5,1772,0.305
5,1773,0.166
5,1774,0.156
5,1775,0.154
5,1776,0.784
5,1777,0.158
5,1778,0.155
5,1779,0.155
5,1780,0.390
5,1781,0.161
5,1782,0.160
5,1783,0.156
5,1784,0.169
5,1785,0.172
5,1786,0.155
5,1787,0.155
5,1788,0.202
5,1789,0.157
5,1790,0.154
5,1791,0.155
5,1792,0.168
5,1793,0.155
5,1794,0.155
5,1795,0.154
5,1796,0.175
5,1797,0.156
5,1798,0.154
5,1799,0.156
5,1800,0.195
5,1801,0.168
5,1802,0.155
5,1803,0.154
5,1804,0.977
5,1805,0.164
5,1806,0.153
5,1807,0.154
5,1808,0.277
5,1809,0.155
5,1810,0.169
5,1811,0.154
5,1812,0.176
5,1813,0.166
5,1814,0.157
5,1815,0.154
5,1816,0.182
5,1817,0.156
5,1818,0.163
5,1819,0.161
5,1820,0.166
5,1821,0.155
5,1822,0.156
5,1823,0.170
5,1824,0.320
5,1825,0.196
5,1826,0.157
5,1827,0.154
5,1828,0.162
5,1829,0.162
5,1830,0.156
5,1831,0.155
5,1832,0.192
5,1833,0.155
5,1834,0.154
5,1835,0.155
5,1836,0.364
5,1837,0.157
5,1838,0.157
5,1839,0.159
5,1840,0.179
5,1841,0.157
5,1842,0.153
5,1843,0.155
5,1844,0.981
5,1845,0.155
5,1846,0.166
5,1847,0.154
5,1848,0.187
5,1849,0.156
5,1850,0.155
5,1851,0.155
5,1852,0.193
5,1853,0.163
5,1854,0.154
5,1855,0.156
5,1856,0.174
5,1857,0.158
5,1858,0.172
5,1859,0.156
5,1860,0.176
5,1861,0.169
5,1862,0.155
5,1863,0.173
5,1864,2.149
5,1865,0.158
5,1866,0.156
5,1867,0.152
5,1868,0.169
5,1869,0.157
5,1870,0.151
5,1871,0.164
5,1872,0.158
5,1873,0.154
5,1874,0.155
5,1875,0.153
5,1876,0.190
5,1877,0.173
5,1878,0.155
5,1879,0.154
5,1880,0.161
5,1881,0.154
5,1882,0.172
5,1883,0.153
5,1884,1.348
5,1885,0.175
5,1886,0.160
5,1887,0.155
5,1888,0.161
5,1889,0.154
5,1890,0.153
5,1891,0.154
5,1892,0.168
5,1893,0.155
5,1894,0.154
5,1895,0.154
5,1896,0.167
5,1897,0.165
5,1898,0.154
5,1899,0.153
5,1900,0.156
5,1901,0.161
5,1902,0.165
5,1903,0.153
5,1904,0.172
5,1905,0.156
5,1906,0.154
5,1907,0.154
5,1908,0.162
5,1909,0.158
5,1910,0.154
5,1911,0.165
5,1912,0.177
5,1913,0.164
5,1914,0.154
5,1915,0.156
5,1916,0.171
5,1917,0.158
5,1918,0.155
5,1919,0.166
5,1920,0.162
5,1921,0.155
5,1922,0.161
5,1923,0.154
5,1924,0.186
5,1925,0.167
5,1926,0.153
5,1927,0.158
5,1928,0.163
5,1929,0.156
5,1930,0.155
5,1931,0.183
5,1932,0.155
5,1933,0.168
5,1934,0.154
5,1935,0.154
5,1936,0.187
5,1937,0.156
5,1938,0.154
5,1939,0.156
5,1940,0.172
5,1941,0.157
5,1942,0.155
5,1943,0.155
5,1944,0.171
5,1945,0.156
5,1946,0.154
5,1947,0.167
5,1948,0.192
5,1949,0.177
5,1950,0.194
5,1951,0.154
5,1952,0.154
5,1953,0.177
5,1954,0.156
5,1955,0.154
5,1956,0.160
5,1957,0.174
5,1958,0.155
5,1959,0.167
5,1960,0.157
5,1961,0.170
5,1962,0.154
5,1963,0.155
5,1964,0.156
5,1965,0.156
5,1966,0.161
5,1967,0.163
5,1968,0.156
5,1969,0.156
5,1970,0.175
5,1971,0.172
5,1972,0.156
5,1973,0.169
5,1974,0.155
5,1975,0.153
5,1976,0.169
5,1977,0.157
5,1978,0.156
5,1979,0.166
5,1980,0.163
5,1981,0.157
5,1982,0.155
5,1983,0.155
5,1984,1.598
5,1985,0.163
5,1986,0.154
5,1987,0.155
5,1988,0.174
5,1989,0.154
5,1990,0.157
5,1991,0.161
5,1992,0.177
5,1993,0.155
5,1994,0.173
5,1995,0.156
5,1996,0.155
5,1997,0.156
5,1998,0.159
5,1999,0.156
5,2000,0.191
5,2001,0.178
5,2002,0.154
5,2003,0.163
5,2004,1.400
5,2005,0.164
5,2006,0.163
5,2007,0.166
5,2008,0.160
5,2009,0.156
5,2010,0.172
5,2011,0.155
5,2012,0.154
5,2013,0.168
5,2014,0.168
5,2015,0.154
5,2016,0.166
5,2017,0.157
5,2018,0.157
5,2019,0.155
5,2020,0.200
5,2021,0.156
5,2022,0.154
5,2023,0.154
5,2024,0.672
5,2025,0.158
5,2026,0.170
5,2027,0.171
5,2028,0.157
5,2029,0.156
5,2030,0.155
5,2031,0.166
5,2032,0.184
5,2033,0.156
5,2034,0.178
5,2035,0.155
5,2036,0.168
5,2037,0.156
5,2038,0.155
5,2039,0.170
5,2040,0.169
5,2041,0.156
5,2042,0.157
5,2043,0.161
5,2044,0.158
5,2045,0.155
5,2046,0.155
5,2047,0.155
5,2048,0.200
5,2049,0.164
5,2050,0.155
5,2051,0.168
5,2052,0.164
5,2053,0.154
5,2054,0.156
5,2055,0.154
5,2056,0.161
5,2057,0.175
5,2058,0.155
5,2059,0.156
5,2060,0.160
5,2061,0.169
5,2062,0.173
5,2063,0.167
5,2064,0.338
5,2065,0.155
5,2066,0.155
5,2067,0.155
5,2068,0.193
5,2069,0.174
5,2070,0.153
5,2071,0.156
5,2072,0.172
5,2073,0.163
5,2074,0.153
5,2075,0.153
5,2076,0.158
5,2077,0.157
5,2078,0.165
5,2079,0.153
5,2080,0.164
5,2081,0.159
5,2082,0.153
5,2083,0.157
5,2084,2.266
5,2085,0.157
5,2086,0.153
5,2087,0.164
5,2088,0.169
5,2089,0.169
5,2090,0.153
5,2091,0.154
5,2092,0.166
5,2093,0.155
5,2094,0.154
5,2095,0.163
5,2096,0.181
5,2097,0.155
5,2098,0.175
5,2099,0.164
5,2100,0.155
5,2101,0.162
5,2102,0.155
5,2103,0.172
5,2104,1.028
5,2105,0.154
5,2106,0.154
5,2107,0.154
5,2108,0.183
5,2109,0.158
5,2110,0.154
5,2111,0.153
5,2112,0.184
5,2113,0.155
5,2114,0.161
5,2115,0.156
5,2116,0.165
5,2117,0.155
5,2118,0.154
5,2119,0.171
5,2120,0.180
5,2121,0.154
5,2122,0.167
5,2123,0.159
5,2124,0.156
5,2125,0.182
5,2126,0.156
5,2127,0.154
5,2128,0.167
5,2129,0.168
5,2130,0.155
5,2131,0.155
5,2132,0.181
5,2133,0.169
5,2134,0.153
5,2135,0.161
5,2136,0.182
5,2137,0.156
5,2138,0.167
5,2139,0.156
5,2140,1.197
5,2141,0.162
5,2142,0.153
5,2143,0.155
5,2144,0.156
5,2145,0.153
5,2146,0.170
5,2147,0.154
5,2148,0.169
5,2149,0.162
5,2150,0.153
5,2151,0.176
5,2152,0.156
5,2153,0.155
5,2154,0.175
5,2155,0.155
5,2156,0.195
5,2157,0.159
5,2158,0.156
5,2159,0.160
5,2160,0.357
5,2161,0.155
5,2162,0.153
5,2163,0.170
5,2164,0.156
5,2165,0.163
5,2166,0.168
5,2167,0.154
5,2168,0.166
5,2169,0.155
5,2170,0.155
5,2171,0.162
5,2172,0.173
5,2173,0.160
5,2174,0.155
5,2175,0.165
5,2176,0.161
5,2177,0.155
5,2178,0.158
5,2179,0.174
5,2180,0.166
5,2181,0.162
5,2182,0.163
5,2183,0.156
5,2184,0.224
5,2185,0.157
5,2186,0.156
5,2187,0.154
5,2188,0.188
5,2189,0.156
5,2190,0.154
5,2191,0.161
5,2192,0.192
5,2193,0.154
5,2194,0.167
5,2195,0.154
5,2196,0.166
5,2197,0.155
5,2198,0.172
5,2199,0.155
5,2200,0.396
5,2201,0.156
5,2202,0.155
5,2203,0.154
5,2204,0.404
5,2205,0.158
5,2206,0.155
5,2207,0.165
5,2208,0.162
5,2209,0.171
5,2210,0.154
5,2211,0.154
5,2212,0.169
5,2213,0.156
5,2214,0.155
5,2215,0.158
5,2216,0.173
5,2217,0.154
5,2218,0.154
5,2219,0.154
5,2220,0.841
5,2221,0.155
5,2222,0.157
5,2223,0.164
5,2224,0.299
5,2225,0.157
5,2226,0.157
5,2227,0.158
5,2228,0.193
5,2229,0.156
5,2230,0.155
5,2231,0.153
5,2232,0.190
5,2233,0.157
5,2234,0.155
5,2235,0.153
5,2236,0.213
5,2237,0.165
5,2238,0.154
5,2239,0.155
5,2240,0.798
5,2241,0.156
5,2242,0.176
5,2243,0.154
5,2244,0.156
5,2245,0.179
5,2246,0.165
5,2247,0.163
5,2248,0.192
5,2249,0.165
5,2250,0.154
5,2251,0.154
5,2252,0.156
5,2253,0.155
5,2254,0.153
5,2255,0.154
5,2256,0.199
5,2257,0.173
5,2258,0.156
5,2259,0.161
5,2260,2.000
5,2261,0.155
5,2262,0.154
5,2263,0.160
5,2264,0.175
5,2265,0.155
5,2266,0.153
5,2267,0.153
5,2268,0.182
5,2269,0.165
5,2270,0.153
5,2271,0.167
5,2272,0.166
5,2273,0.167
5,2274,0.164
5,2275,0.164
5,2276,0.154
5,2277,0.160
5,2278,0.154
5,2279,0.174
5,2280,0.175
5,2281,0.159
5,2282,0.179
5,2283,0.154
5,2284,0.156
5,2285,0.159
5,2286,0.155
5,2287,0.157
5,2288,0.172
5,2289,0.162
5,2290,0.154
5,2291,0.154
5,2292,0.182
5,2293,0.158
5,2294,0.155
5,2295,0.165
5,2296,0.158
5,2297,0.156
5,2298,0.164
5,2299,0.155
5,2300,1.162
5,2301,0.156
5,2302,0.171
5,2303,0.155
5,2304,0.170
5,2305,0.156
5,2306,0.155
5,2307,0.153
5,2308,0.174
5,2309,0.156
5,2310,0.157
5,2311,0.154
5,2312,0.190
5,2313,0.157
5,2314,0.154
5,2315,0.158
5,2316,0.180
5,2317,0.155
5,2318,0.154
5,2319,0.154
5,2320,0.473
5,2321,0.167
5,2322,0.160
5,2323,0.154
5,2324,0.155
5,2325,0.156
5,2326,0.154
5,2327,0.156
5,2328,0.171
5,2329,0.157
5,2330,0.156
5,2331,0.162
5,2332,0.175
5,2333,0.154
5,2334,0.154
5,2335,0.156
5,2336,0.176
5,2337,0.157
5,2338,0.155
5,2339,0.166
5,2340,0.446
5,2341,0.170
5,2342,0.155
5,2343,0.154
5,2344,0.179
5,2345,0.157
5,2346,0.154
5,2347,0.176
5,2348,0.155
5,2349,0.155
5,2350,0.166
5,2351,0.155
5,2352,0.169
5,2353,0.155
5,2354,0.159
5,2355,0.155
5,2356,0.179
5,2357,0.154
5,2358,0.158
5,2359,0.153
5,2360,1.219
5,2361,0.170
5,2362,0.156
5,2363,0.166
5,2364,0.156
5,2365,0.158
5,2366,0.155
5,2367,0.154
5,2368,0.156
5,2369,0.154
5,2370,0.167
5,2371,0.154
5,2372,0.370
5,2373,0.158
5,2374,0.154
5,2375,0.156
5,2376,0.174
5,2377,0.156
5,2378,0.154
5,2379,0.155
5,2380,1.380
5,2381,0.154
5,2382,0.154
5,2383,0.154
5,2384,0.190
5,2385,0.154
5,2386,0.154
5,2387,0.154
5,2388,0.172
5,2389,0.155
5,2390,0.156
5,2391,0.155
5,2392,0.171
5,2393,0.171
5,2394,0.154
5,2395,0.162
5,2396,0.164
5,2397,0.156
5,2398,0.155
5,2399,0.157
5,2400,1.489
5,2401,0.169
5,2402,0.154
5,2403,0.153
5,2404,0.163
5,2405,0.155
5,2406,0.153
5,2407,0.153
5,2408,0.204
5,2409,0.154
5,2410,0.153
5,2411,0.156
5,2412,0.163
5,2413,0.155
5,2414,0.152
5,2415,0.170
5,2416,0.177
5,2417,0.173
5,2418,0.155
5,2419,0.153
5,2420,0.175
5,2421,0.155
5,2422,0.162
5,2423,0.155
5,2424,0.171
5,2425,0.155
5,2426,0.166
5,2427,0.163
5,2428,0.167
5,2429,0.156
5,2430,0.156
5,2431,0.155
5,2432,0.179
5,2433,0.155
5,2434,0.154
5,2435,0.154
5,2436,0.183
5,2437,0.155
5,2438,0.175
5,2439,0.155
5,2440,0.239
5,2441,0.165
5,2442,0.155
5,2443,0.162
5,2444,0.157
5,2445,0.157
5,2446,0.164
5,2447,0.153
5,2448,0.156
5,2449,0.156
5,2450,0.158
5,2451,0.170
5,2452,0.161
5,2453,0.156
5,2454,0.156
5,2455,0.156
5,2456,0.189
5,2457,0.157
5,2458,0.157
5,2459,0.155
5,2460,0.770
5,2461,0.156
5,2462,0.156
5,2463,0.153
5,2464,0.177
5,2465,0.157
5,2466,0.154
5,2467,0.154
5,2468,0.184
5,2469,0.158
5,2470,0.158
5,2471,0.156
5,2472,0.421
5,2473,0.164
5,2474,0.155
5,2475,0.177
5,2476,0.157
5,2477,0.156
5,2478,0.155
5,2479,0.156
5,2480,0.773
5,2481,0.156
5,2482,0.153
5,2483,0.156
5,2484,0.306
5,2485,0.197
5,2486,0.179
5,2487,0.153
5,2488,0.908
5,2489,0.155
5,2490,0.153
5,2491,0.161
5,2492,0.166
5,2493,0.166
5,2494,0.170
5,2495,0.154
5,2496,0.160
5,2497,0.156
5,2498,0.154
5,2499,0.153
5,2500,0.361
6,2,0.173
6,3,0.166
6,4,1.451
6,5,0.159
6,6,0.156
6,7,0.168
6,8,0.158
6,9,0.155
6,10,0.155
6,11,0.154
6,12,0.167
6,13,0.169
6,14,0.155
6,15,0.153
6,16,0.167
6,17,0.156
6,18,0.155
6,19,0.155
6,20,0.170
6,21,1.541
6,22,0.155
6,23,0.172
6,24,0.447
6,25,0.156
6,26,0.180
6,27,0.154
6,28,0.156
6,29,0.155
6,30,0.156
6,31,0.154
6,32,0.173
6,33,0.155
6,34,0.155
6,35,0.153
6,36,0.184
6,37,0.157
6,38,0.156
6,39,0.160
6,40,0.161
6,41,0.304
6,42,0.155
6,43,0.161
6,44,0.185
6,45,0.157
6,46,0.183
6,47,0.155
6,48,0.510
6,49,0.155
6,50,0.159
6,51,0.153
6,52,0.177
6,53,0.157
6,54,0.172
6,55,0.155
6,56,0.167
6,57,0.154
6,58,0.171
6,59,0.156
6,60,0.157
6,61,1.616
6,62,0.164
6,63,0.165
6,64,0.157
6,65,0.156
6,66,0.169
6,67,0.155
6,68,0.184
6,69,0.165
6,70,0.165
6,71,0.153
6,72,0.161
6,73,0.156
6,74,0.154
6,75,0.154
6,76,0.167
6,77,0.156
6,78,0.174
6,79,0.156
6,80,0.178
6,81,0.159
6,82,0.163
6,83,0.153
6,84,0.175
6,85,0.167
6,86,0.156
6,87,0.153
6,88,0.316
6,89,0.163
6,90,0.165
6,91,0.156
6,92,0.156
6,93,0.156
6,94,0.155
6,95,0.164
6,96,0.156
6,97,0.156
6,98,0.154
6,99,0.154
6,100,0.512
6,101,0.169
6,102,0.169
6,103,0.155
6,104,0.616
6,105,0.157
6,106,0.158
6,107,0.155
6,108,1.083
6,109,0.163
6,110,0.155
6,111,0.153
6,112,0.164
6,113,0.165
6,114,0.157
6,115,0.155
6,116,0.194
6,117,0.155
6,118,0.163
6,119,0.153
6,120,0.176
6,121,0.185
6,122,0.171
6,123,0.178
6,124,0.649
6,125,0.167
6,126,0.155
6,127,0.155
6,128,0.666
6,129,0.169
6,130,0.155
6,131,0.153
6,132,0.161
6,133,0.158
6,134,0.154
6,135,0.156
6,136,0.181
6,137,0.167
6,138,0.168
6,139,0.167
6,140,0.157
6,141,0.156
6,142,0.155
6,143,0.161
6,144,1.246
6,145,0.155
6,146,0.154
6,147,0.154
6,148,1.420
6,149,0.156
6,150,0.168
6,151,0.162
6,152,0.163
6,153,0.165
6,154,0.155
6,155,0.154
6,156,0.178
6,157,0.157
6,158,0.154
6,159,0.160
6,160,0.979
6,161,0.157
6,162,0.155
6,163,0.155
6,164,0.169
6,165,0.156
6,166,0.162
6,167,0.160
6,168,0.228
6,169,0.157
6,170,0.155
6,171,0.159
6,172,0.155
6,173,0.169
6,174,0.153
6,175,0.158
6,176,0.157
6,177,0.180
6,178,0.170
6,179,0.154
6,180,1.489
6,181,0.156
6,182,0.171
6,183,0.159
6,184,0.156
6,185,0.157
6,186,0.154
6,187,0.155
6,188,0.573
6,189,0.154
6,190,0.155
6,191,0.156
6,192,0.188
6,193,0.156
6,194,0.155
6,195,0.155
6,196,0.168
6,197,0.154
6,198,0.156
6,199,0.156
6,200,0.792
6,201,0.155
6,202,0.155
6,203,0.167
6,204,0.181
6,205,0.165
6,206,0.155
6,207,0.154
6,208,0.192
6,209,0.154
6,210,0.154
6,211,0.155
6,212,0.200
6,213,0.163
6,214,0.155
6,215,0.157
6,216,0.173
6,217,0.156
6,218,0.155
6,219,0.155
6,220,1.078
6,221,0.155
6,222,0.153
6,223,0.171
6,224,0.157
6,225,0.155
6,226,0.154
6,227,0.170
6,228,0.166
6,229,0.169
6,230,0.167
6,231,0.154
6,232,0.158
6,233,0.155
6,234,0.155
6,235,0.153
6,236,0.182
6,237,0.155
6,238,0.154
6,239,0.155
6,240,0.707
6,241,0.158
6,242,0.157
6,243,0.183
6,244,0.379
6,245,0.155
6,246,0.169
6,247,0.162
6,248,0.181
6,249,0.158
6,250,0.155
6,251,0.155
6,252,0.198
6,253,0.156
6,254,0.156
6,255,0.156
6,256,0.163
6,257,0.156
6,258,0.170
6,259,0.166
6,260,1.851
6,261,0.155
6,262,0.154
6,263,0.154
6,264,0.260
6,265,0.156
6,266,0.157
6,267,0.152
6,268,0.173
6,269,0.156
6,270,0.166
6,271,0.153
6,272,0.203
6,273,0.166
6,274,0.158
6,275,0.154
6,276,0.190
6,277,0.163
6,278,0.160
6,279,0.169
6,280,0.890
6,281,0.157
6,282,0.154
6,283,0.154
6,284,0.173
6,285,0.156
6,286,0.156
6,287,0.156
6,288,0.168
6,289,0.164
6,290,0.154
6,291,0.163
6,292,0.154
6,293,0.157
6,294,0.155
6,295,0.154
6,296,0.182
6,297,0.156
6,298,0.166
6,299,0.155
6,300,1.454
6,301,0.171
6,302,0.154
6,303,0.154
6,304,0.156
6,305,0.155
6,306,0.154
6,307,0.160
6,308,0.189
6,309,0.156
6,310,0.160
6,311,0.154
6,312,0.165
6,313,0.154
6,314,0.153
6,315,0.167
6,316,0.157
6,317,0.157
6,318,0.153
6,319,0.154
6,320,0.323
6,321,0.156
6,322,0.156
6,323,0.154
6,324,0.166
6,325,0.170
6,326,0.154
6,327,0.155
6,328,0.183
6,329,0.156
6,330,0.155
6,331,0.154
6,332,0.177
6,333,0.158
6,334,0.153
6,335,0.156
6,336,0.178
6,337,0.156
6,338,0.167
6,339,0.166
6,340,0.932
6,341,0.156
6,342,0.154
6,343,0.156
6,344,0.216
6,345,0.155
6,346,0.165
6,347,0.154
6,348,0.174
6,349,0.163
6,350,0.153
6,351,0.165
6,352,0.155
6,353,0.155
6,354,0.165
6,355,0.177
6,356,0.155
6,357,0.163
6,358,0.154
6,359,0.164
6,360,2.119
6,361,0.154
6,362,0.173
6,363,0.165
6,364,0.155
6,365,0.173
6,366,0.153
6,367,0.153
6,368,0.172
6,369,0.153
6,370,0.154
6,371,0.153
6,372,0.167
6,373,0.154
6,374,0.153
6,375,0.155
6,376,0.170
6,377,0.155
6,378,0.154
6,379,0.155
6,380,0.168
6,381,0.156
6,382,0.155
6,383,0.154
6,384,0.175
6,385,0.168
6,386,0.172
6,387,0.159
6,388,0.156
6,389,0.155
6,390,0.154
6,391,0.155
6,392,0.179
6,393,0.156
6,394,0.155
6,395,0.155
6,396,0.168
6,397,0.170
6,398,0.174
6,399,0.154
6,400,0.163
6,401,0.156
6,402,0.154
6,403,0.165
6,404,0.166
6,405,0.155
6,406,0.154
6,407,0.156
6,408,0.171
6,409,0.157
6,410,0.156
6,411,0.156
6,412,0.197
6,413,0.168
6,414,0.162
6,415,0.154
6,416,0.158
6,417,0.154
6,418,0.169
6,419,0.155
6,420,0.178
6,421,0.157
6,422,0.155
6,423,0.154
6,424,0.732
6,425,0.156
6,426,0.156
6,427,0.168
6,428,0.167
6,429,0.154
6,430,0.156
6,431,0.154
6,432,0.182
6,433,0.155
6,434,0.155
6,435,0.165
6,436,0.157
6,437,0.161
6,438,0.154
6,439,0.153
6,440,0.199
6,441,0.156
6,442,0.153
6,443,0.154
6,444,1.347
6,445,0.163
6,446,0.154
6,447,0.155
6,448,0.188
6,449,0.157
6,450,0.155
6,451,0.156
6,452,0.179
6,453,0.155
6,454,0.153
6,455,0.154
6,456,0.173
6,457,0.155
6,458,0.153
6,459,0.154
6,460,0.182
6,461,0.156
6,462,0.154
6,463,0.153
6,464,0.204
6,465,0.155
6,466,0.154
6,467,0.165
6,468,0.169
6,469,0.156
6,470,0.155
6,471,0.157
6,472,0.165
6,473,0.157
6,474,0.156
6,475,0.154
6,476,0.177
6,477,0.158
6,478,0.169
6,479,0.154
6,480,0.426
6,481,0.157
6,482,0.156
6,483,0.154
6,484,0.911
6,485,0.155
6,486,0.156
6,487,0.153
6,488,0.185
6,489,0.167
6,490,0.154
6,491,0.155
6,492,0.160
6,493,0.156
6,494,0.154
6,495,0.155
6,496,0.196
6,497,0.155
6,498,0.154
6,499,0.155
6,500,0.424
6,501,0.156
6,502,0.155
6,503,0.175
6,504,1.595
6,505,0.155
6,506,0.155
6,507,0.153
6,508,0.196
6,509,0.156
6,510,0.157
6,511,0.152
6,512,0.166
6,513,0.157
6,514,0.153
6,515,0.154
6,516,0.189
6,517,0.154
6,518,0.154
6,519,0.413
6,520,0.175
6,521,0.155
6,522,0.168
6,523,0.155
6,524,0.520
6,525,0.160
6,526,0.154
6,527,0.155
6,528,0.172
6,529,0.164
6,530,0.153
6,531,0.159
6,532,0.154
6,533,0.157
6,534,0.153
6,535,0.155
6,536,0.167
6,537,0.157
6,538,0.153
6,539,0.155
6,540,0.189
6,541,0.189
6,542,0.154
6,543,0.166
6,544,1.395
6,545,0.154
6,546,0.153
6,547,0.173
6,548,0.203
6,549,0.155
6,550,0.156
6,551,0.155
6,552,0.174
6,553,0.154
6,554,0.153
6,555,0.153
6,556,0.191
6,557,0.154
6,558,0.158
6,559,0.154
6,560,0.157
6,561,0.156
6,562,0.158
6,563,0.155
6,564,0.809
6,565,0.155
6,566,0.152
6,567,0.154
6,568,0.166
6,569,0.157
6,570,0.155
6,571,0.158
6,572,0.176
6,573,0.155
6,574,0.153
6,575,0.172
6,576,0.165
6,577,0.160
6,578,0.155
6,579,0.154
6,580,0.194
6,581,0.157
6,582,0.153
6,583,0.155
6,584,1.146
6,585,0.155
6,586,0.163
6,587,0.153
6,588,0.179
6,589,0.154
6,590,0.155
6,591,0.164
6,592,0.166
6,593,0.156
6,594,0.154
6,595,0.153
6,596,0.194
6,597,0.153
6,598,0.163
6,599,0.155
6,600,0.203
6,601,0.154
6,602,0.171
6,603,0.154
6,604,1.864
6,605,0.153
6,606,0.163
6,607,0.153
6,608,0.160
6,609,0.171
6,610,0.153
6,611,0.153
6,612,0.196
6,613,0.165
6,614,0.166
6,615,0.173
6,616,0.172
6,617,0.154
6,618,0.154
6,619,0.154
6,620,0.169
6,621,0.153
6,622,0.154
6,623,0.154
6,624,0.497
6,625,0.169
6,626,0.154
6,627,0.157
6,628,0.169
6,629,0.154
6,630,0.155
6,631,0.156
6,632,0.177
6,633,0.155
6,634,0.155
6,635,0.161
6,636,0.172
6,637,0.154
6,638,0.156
6,639,0.157
6,640,0.169
6,641,0.156
6,642,0.154
6,643,0.155
6,644,1.481
6,645,0.156
6,646,0.154
6,647,0.168
6,648,0.186
6,649,0.185
6,650,0.161
6,651,0.152
6,652,0.156
6,653,0.154
6,654,0.153
6,655,0.168
6,656,0.168
6,657,0.154
6,658,0.154
6,659,0.153
6,660,0.168
6,661,0.156
6,662,0.154
6,663,0.154
6,664,0.184
6,665,0.167
6,666,0.155
6,667,0.155
6,668,0.170
6,669,0.155
6,670,0.160
6,671,0.155
6,672,0.165
6,673,0.170
6,674,0.153
6,675,0.154
6,676,0.160
6,677,0.160
6,678,0.154
6,679,0.154
6,680,0.204
6,681,0.156
6,682,0.155
6,683,0.156
6,684,0.572
6,685,0.156
6,686,0.154
6,687,0.156
6,688,0.166
6,689,0.166
6,690,0.173
6,691,0.155
6,692,0.161
6,693,0.156
6,694,0.155
6,695,0.153
6,696,0.158
6,697,0.155
6,698,0.155
6,699,0.154
6,700,0.158
6,701,0.178
6,702,0.154
6,703,0.154
6,704,2.572
6,705,0.168
6,706,0.160
6,707,0.154
6,708,0.154
6,709,0.154
6,710,0.154
6,711,0.152
6,712,0.169
6,713,0.162
6,714,0.152
6,715,0.164
6,716,0.155
6,717,0.164
6,718,0.154
6,719,0.153
6,720,0.170
6,721,0.154
6,722,0.153
6,723,0.155
6,724,2.534
6,725,0.161
6,726,0.161
6,727,0.152
6,728,0.155
6,729,0.153
6,730,0.152
6,731,0.153
6,732,0.194
6,733,0.159
6,734,0.152
6,735,0.153
6,736,0.174
6,737,0.153
6,738,0.153
6,739,0.160
6,740,0.166
6,741,0.155
6,742,0.153
6,743,0.157
6,744,0.189
6,745,0.154
6,746,0.153
6,747,0.155
6,748,0.179
6,749,0.173
6,750,0.168
6,751,0.166
6,752,0.155
6,753,0.158
6,754,0.153
6,755,0.156
6,756,0.179
6,757,0.157
6,758,0.161
6,759,0.154
6,760,0.167
6,761,0.178
6,762,0.154
6,763,0.163
6,764,0.172
6,765,0.157
6,766,0.155
6,767,0.175
6,768,0.157
6,769,0.155
6,770,0.162
6,771,0.156
6,772,0.175
6,773,0.156
6,774,0.155
6,775,0.169
6,776,0.169
6,777,0.157
6,778,0.165
6,779,0.159
6,780,0.177
6,781,0.155
6,782,0.158
6,783,0.153
6,784,0.183
6,785,0.159
6,786,0.153
6,787,0.159
6,788,0.160
6,789,0.156
6,790,0.154
6,791,0.155
6,792,0.199
6,793,0.156
6,794,0.153
6,795,0.154
6,796,0.170
6,797,0.155
6,798,0.155
6,799,0.153
6,800,0.172
6,801,0.171
6,802,0.154
6,803,0.153
6,804,0.781
6,805,0.156
6,806,0.156
6,807,0.154
6,808,0.164
6,809,0.159
6,810,0.169
6,811,0.155
6,812,0.164
6,813,0.155
6,814,0.154
6,815,0.170
6,816,0.157
6,817,0.156
6,818,0.155
6,819,0.155
6,820,0.174
6,821,0.157
6,822,0.170
6,823,0.153
6,824,0.167
6,825,0.157
6,826,0.154
6,827,0.156
6,828,0.176
6,829,0.157
6,830,0.155
6,831,0.155
6,832,0.168
6,833,0.165
6,834,0.158
6,835,0.155
6,836,0.163
6,837,0.155
6,838,0.154
6,839,0.165
6,840,0.187
6,841,0.156
6,842,0.168
6,843,0.154
6,844,0.213
6,845,0.165
6,846,0.162
6,847,0.153
6,848,0.164
6,849,0.156
6,850,0.155
6,851,0.154
6,852,0.167
6,853,0.157
6,854,0.156
6,855,0.161
6,856,0.155
6,857,0.171
6,858,0.156
6,859,0.155
6,860,0.156
6,861,0.156
6,862,0.155
6,863,0.183
6,864,0.222
6,865,0.158
6,866,0.154
6,867,0.165
6,868,0.163
6,869,0.154
6,870,0.154
6,871,0.172
6,872,0.156
6,873,0.157
6,874,0.154
6,875,0.155
6,876,0.171
6,877,0.155
6,878,0.171
6,879,0.156
6,880,0.162
6,881,0.156
6,882,0.160
6,883,0.155
6,884,1.128
6,885,0.156
6,886,0.167
6,887,0.154
6,888,0.169
6,889,0.168
6,890,0.154
6,891,0.154
6,892,0.174
6,893,0.155
6,894,0.155
6,895,0.155
6,896,0.169
6,897,0.155
6,898,0.155
6,899,0.154
6,900,0.188
6,901,0.165
6,902,0.154
6,903,0.163
6,904,0.821
6,905,0.161
6,906,0.153
6,907,0.165
6,908,0.168
6,909,0.155
6,910,0.184
6,911,0.177
6,912,0.156
6,913,0.162
6,914,0.156
6,915,0.155
6,916,0.206
6,917,0.157
6,918,0.161
6,919,0.155
6,920,0.158
6,921,0.174
6,922,0.153
6,923,0.155
6,924,0.403
6,925,0.155
6,926,0.155
6,927,0.156
6,928,0.166
6,929,0.546
6,930,0.154
6,931,0.155
6,932,0.170
6,933,0.159
6,934,0.155
6,935,0.154
6,936,0.176
6,937,0.157
6,938,0.156
6,939,0.154
6,940,0.157
6,941,0.170
6,942,0.154
6,943,0.155
6,944,0.363
6,945,0.181
6,946,0.170
6,947,0.169
6,948,0.157
6,949,1.217
6,950,0.172
6,951,0.155
6,952,0.157
6,953,0.167
6,954,0.155
6,955,0.156
6,956,0.173
6,957,0.156
6,958,0.169
6,959,0.154
6,960,0.161
6,961,0.160
6,962,0.154
6,963,0.153
6,964,0.189
6,965,0.156
6,966,0.158
6,967,0.155
6,968,0.168
6,969,0.168
6,970,0.154
6,971,0.162
6,972,0.187
6,973,0.158
6,974,0.155
6,975,0.169
6,976,0.176
6,977,0.155
6,978,0.158
6,979,0.154
6,980,0.183
6,981,0.158
6,982,0.155
6,983,0.154
6,984,0.819
6,985,0.157
6,986,0.156
6,987,0.153
6,988,0.169
6,989,0.155
6,990,0.157
6,991,0.154
6,992,0.158
6,993,0.155
6,994,0.155
6,995,0.154
6,996,0.190
6,997,0.170
6,998,0.156
6,999,0.160
6,1000,0.156
6,1001,0.156
6,1002,0.159
6,1003,0.153
6,1004,2.563
6,1005,0.156
6,1006,0.154
6,1007,0.155
6,1008,0.182
6,1009,0.155
6,1010,0.154
6,1011,0.158
6,1012,0.166
6,1013,0.157
6,1014,0.153
6,1015,0.177
6,1016,0.156
6,1017,0.155
6,1018,0.165
6,1019,0.153
6,1020,0.159
6,1021,0.172
6,1022,0.155
6,1023,0.155
6,1024,0.796
6,1025,0.160
6,1026,0.154
6,1027,0.154
6,1028,0.178
6,1029,0.161
6,1030,0.168
6,1031,0.154
6,1032,0.165
6,1033,0.157
6,1034,0.162
6,1035,0.153
6,1036,0.173
6,1037,0.158
6,1038,0.155
6,1039,0.170
6,1040,0.165
6,1041,0.174
6,1042,0.155
6,1043,0.154
6,1044,0.321
6,1045,0.157
6,1046,0.156
6,1047,0.168
6,1048,0.162
6,1049,0.154
6,1050,0.166
6,1051,0.154
6,1052,0.161
6,1053,0.157
6,1054,0.156
6,1055,0.156
6,1056,0.195
6,1057,0.156
6,1058,0.153
6,1059,0.157
6,1060,0.186
6,1061,0.157
6,1062,0.180
6,1063,0.177
6,1064,1.259
6,1065,0.155
6,1066,0.167
6,1067,0.155
6,1068,0.181
6,1069,0.174
6,1070,0.154
6,1071,0.161
6,1072,0.163
6,1073,0.169
6,1074,0.154
6,1075,0.167
6,1076,0.163
6,1077,0.156
6,1078,0.164
6,1079,0.157
6,1080,0.165
6,1081,0.155
6,1082,0.156
6,1083,0.153
6,1084,0.182
6,1085,0.155
6,1086,0.155
6,1087,0.169
6,1088,0.166
6,1089,0.154
6,1090,0.156
6,1091,0.169
6,1092,0.171
6,1093,0.172
6,1094,0.155
6,1095,0.154
6,1096,0.162
6,1097,0.156
6,1098,0.154
6,1099,0.155
6,1100,0.191
6,1101,0.155
6,1102,0.156
6,1103,0.154
6,1104,0.185
6,1105,0.154
6,1106,0.154
6,1107,0.156
6,1108,0.172
6,1109,0.168
6,1110,0.155
6,1111,0.155
6,1112,0.171
6,1113,0.167
6,1114,0.170
6,1115,0.154
6,1116,0.192
6,1117,0.163
6,1118,0.181
6,1119,0.155
6,1120,0.154
6,1121,0.167
6,1122,0.155
6,1123,0.154
6,1124,0.163
6,1125,0.156
6,1126,0.156
6,1127,0.155
6,1128,0.849
6,1129,0.156
6,1130,0.160
6,1131,0.158
6,1132,0.171
6,1133,0.163
6,1134,0.155
6,1135,0.154
6,1136,0.211
6,1137,0.158
6,1138,0.164
6,1139,0.155
6,1140,0.163
6,1141,0.154
6,1142,0.167
6,1143,0.153
6,1144,0.165
6,1145,0.156
6,1146,0.154
6,1147,0.156
6,1148,0.627
6,1149,0.170
6,1150,0.154
6,1151,0.219
6,1152,0.162
6,1153,0.168
6,1154,0.154
6,1155,0.180
6,1156,0.182
6,1157,0.172
6,1158,0.157
6,1159,0.155
6,1160,0.163
6,1161,0.156
6,1162,0.155
6,1163,0.161
6,1164,1.397
6,1165,0.163
6,1166,0.153
6,1167,0.154
6,1168,0.641
6,1169,0.155
6,1170,0.173
6,1171,0.154
6,1172,0.197
6,1173,0.156
6,1174,0.154
6,1175,0.155
6,1176,0.180
6,1177,0.160
6,1178,0.171
6,1179,0.154
6,1180,0.170
6,1181,0.156
6,1182,0.155
6,1183,0.155
6,1184,0.166
6,1185,0.175
6,1186,0.166
6,1187,0.156
6,1188,0.162
6,1189,0.156
6,1190,0.166
6,1191,0.157
6,1192,0.180
6,1193,0.157
6,1194,0.155
6,1195,0.154
6,1196,0.188
6,1197,0.157
6,1198,0.167
6,1199,0.155
6,1200,0.183
6,1201,0.158
6,1202,0.155
6,1203,0.154
6,1204,0.182
6,1205,0.156
6,1206,0.154
6,1207,0.156
6,1208,0.987
6,1209,0.157
6,1210,0.160
6,1211,0.170
6,1212,0.169
6,1213,0.155
6,1214,0.156
6,1215,0.155
6,1216,0.172
6,1217,0.156
6,1218,0.163
6,1219,0.155
6,1220,0.680
6,1221,0.168
6,1222,0.154
6,1223,0.154
6,1224,0.156
6,1225,0.170
6,1226,0.154
6,1227,0.173
6,1228,1.194
6,1229,0.155
6,1230,0.155
6,1231,0.153
6,1232,0.179
6,1233,0.153
6,1234,0.155
6,1235,0.170
6,1236,0.169
6,1237,0.156
6,1238,0.154
6,1239,0.153
6,1240,0.187
6,1241,0.166
6,1242,0.157
6,1243,0.162
6,1244,0.162
6,1245,0.156
6,1246,0.155
6,1247,0.153
6,1248,0.885
6,1249,0.157
6,1250,0.155
6,1251,0.154
6,1252,0.174
6,1253,0.155
6,1254,0.155
6,1255,0.154
6,1256,0.188
6,1257,0.154
6,1258,0.156
6,1259,0.155
6,1260,0.174
6,1261,0.156
6,1262,0.154
6,1263,0.154
6,1264,0.167
6,1265,0.154
6,1266,0.154
6,1267,0.159
6,1268,0.175
6,1269,0.155
6,1270,0.155
6,1271,0.171
6,1272,0.156
6,1273,0.157
6,1274,0.154
6,1275,0.156
6,1276,0.197
6,1277,0.155
6,1278,0.155
6,1279,0.155
6,1280,0.270
6,1281,0.170
6,1282,0.161
6,1283,0.155
6,1284,0.179
6,1285,0.157
6,1286,0.153
6,1287,0.178
6,1288,0.703
6,1289,0.155
6,1290,0.170
6,1291,0.155
6,1292,0.163
6,1293,0.155
6,1294,0.154
6,1295,0.155
6,1296,0.188
6,1297,0.154
6,1298,0.171
6,1299,0.154
6,1300,0.176
6,1301,0.155
6,1302,0.155
6,1303,0.164
6,1304,0.163
6,1305,0.157
6,1306,0.158
6,1307,0.154
6,1308,0.173
6,1309,0.175
6,1310,0.156
6,1311,0.154
6,1312,0.180
6,1313,0.156
6,1314,0.154
6,1315,0.154
6,1316,0.158
6,1317,0.159
6,1318,0.167
6,1319,0.156
6,1320,0.666
6,1321,0.154
6,1322,0.165
6,1323,0.156
6,1324,0.160
6,1325,0.161
6,1326,0.155
6,1327,0.155
6,1328,0.182
6,1329,0.175
6,1330,0.154
6,1331,0.157
6,1332,0.354
6,1333,0.157
6,1334,0.162
6,1335,0.156
6,1336,0.221
6,1337,0.176
6,1338,0.154
6,1339,0.172
6,1340,1.356
6,1341,0.165
6,1342,0.153
6,1343,0.157
6,1344,0.171
6,1345,0.157
6,1346,0.154
6,1347,0.155
6,1348,0.282
6,1349,0.154
6,1350,0.160
6,1351,0.164
6,1352,0.181
6,1353,0.157
6,1354,0.155
6,1355,0.157
6,1356,0.189
6,1357,0.166
6,1358,0.155
6,1359,0.154
6,1360,0.767
6,1361,0.157
6,1362,0.153
6,1363,0.154
6,1364,0.427
6,1365,0.156
6,1366,0.154
6,1367,0.163
6,1368,0.170
6,1369,0.164
6,1370,0.154
6,1371,0.156
6,1372,0.173
6,1373,0.155
6,1374,0.155
6,1375,0.156
6,1376,0.177
6,1377,0.155
6,1378,0.154
6,1379,0.165
6,1380,0.763
6,1381,0.155
6,1382,0.167
6,1383,0.161
6,1384,0.155
6,1385,0.155
6,1386,0.154
6,1387,0.167
6,1388,0.177
6,1389,0.158
6,1390,0.161
6,1391,0.153
6,1392,0.161
6,1393,0.155
6,1394,0.164
6,1395,0.156
6,1396,0.169
6,1397,0.156
6,1398,0.163
6,1399,0.165
6,1400,1.383
6,1401,0.156
6,1402,0.154
6,1403,0.162
6,1404,0.155
6,1405,0.156
6,1406,0.171
6,1407,0.154
6,1408,0.171
6,1409,0.156
6,1410,0.155
6,1411,0.158
6,1412,0.167
6,1413,0.155
6,1414,0.154
6,1415,0.166
6,1416,0.188
6,1417,0.170
6,1418,0.165
6,1419,0.155
6,1420,0.158
6,1421,0.163
6,1422,0.153
6,1423,0.158
6,1424,0.189
6,1425,0.156
6,1426,0.158
6,1427,0.154
6,1428,0.170
6,1429,0.171
6,1430,0.154
6,1431,0.158
6,1432,0.157
6,1433,0.155
6,1434,0.169
6,1435,0.155
6,1436,0.155
6,1437,0.156
6,1438,0.155
6,1439,0.154
6,1440,0.184
6,1441,0.157
6,1442,0.156
6,1443,0.177
6,1444,0.168
6,1445,0.171
6,1446,0.154
6,1447,0.155
6,1448,0.157
6,1449,0.157
6,1450,0.164
6,1451,0.158
6,1452,0.185
6,1453,0.157
6,1454,0.156
6,1455,0.170
6,1456,0.155
6,1457,0.156
6,1458,0.153
6,1459,0.155
6,1460,0.203
6,1461,0.155
6,1462,0.157
6,1463,0.155
6,1464,0.211
6,1465,0.168
6,1466,0.155
6,1467,0.155
6,1468,0.173
6,1469,0.158
6,1470,0.154
6,1471,0.153
6,1472,0.197
6,1473,0.180
6,1474,0.156
6,1475,0.154
6,1476,0.155
6,1477,0.155
6,1478,0.155
6,1479,0.153
6,1480,0.583
6,1481,0.155
6,1482,0.155
6,1483,0.165
6,1484,0.886
6,1485,0.157
6,1486,0.155
6,1487,0.154
6,1488,0.281
6,1489,0.156
6,1490,0.157
6,1491,0.175
6,1492,0.594
6,1493,0.163
6,1494,0.156
6,1495,0.154
6,1496,0.685
6,1497,0.154
6,1498,0.164
6,1499,0.162
6,1500,0.163
6,1501,0.155
6,1502,0.154
6,1503,0.154
6,1504,0.561
6,1505,0.155
6,1506,0.169
6,1507,0.154
6,1508,0.160
6,1509,0.157
6,1510,0.159
6,1511,0.153
6,1512,0.194
6,1513,0.156
6,1514,0.162
6,1515,0.154
6,1516,0.157
6,1517,0.156
6,1518,0.184
6,1519,0.154
6,1520,0.154
6,1521,0.156
6,1522,0.153
6,1523,0.154
6,1524,1.292
6,1525,0.163
6,1526,0.173
6,1527,0.153
6,1528,0.156
6,1529,0.156
6,1530,0.154
6,1531,0.154
6,1532,0.166
6,1533,0.161
6,1534,0.156
6,1535,0.154
6,1536,0.183
6,1537,0.154
6,1538,0.154
6,1539,0.168
6,1540,0.172
6,1541,0.155
6,1542,0.156
6,1543,0.153
6,1544,0.162
6,1545,0.156
6,1546,0.154
6,1547,0.154
6,1548,0.176
6,1549,0.155
6,1550,0.164
6,1551,0.156
6,1552,0.185
6,1553,0.157
6,1554,0.155
6,1555,0.156
6,1556,0.175
6,1557,0.157
6,1558,0.165
6,1559,0.158
6,1560,0.163
6,1561,0.172
6,1562,0.153
6,1563,0.155
6,1564,1.199
6,1565,0.177
6,1566,0.154
6,1567,0.168
6,1568,0.158
6,1569,0.159
6,1570,0.172
6,1571,0.154
6,1572,0.160
6,1573,0.156
6,1574,0.175
6,1575,0.156
6,1576,0.157
6,1577,0.155
6,1578,0.154
6,1579,0.154
6,1580,0.182
6,1581,0.154
6,1582,0.155
6,1583,0.172
6,1584,0.155
6,1585,0.155
6,1586,0.155
6,1587,0.155
6,1588,0.174
6,1589,0.155
6,1590,0.164
6,1591,0.154
6,1592,0.169
6,1593,0.164
6,1594,0.153
6,1595,0.156
6,1596,0.176
6,1597,0.155
6,1598,0.169
6,1599,0.155
6,1600,0.168
6,1601,0.158
6,1602,0.154
6,1603,0.162
6,1604,0.168
6,1605,0.156
6,1606,0.156
6,1607,0.155
6,1608,0.191
6,1609,0.156
6,1610,0.157
6,1611,0.156
6,1612,0.186
6,1613,0.155
6,1614,0.154
6,1615,0.153
6,1616,0.230
6,1617,0.154
6,1618,0.155
6,1619,0.153
6,1620,0.195
6,1621,0.156
6,1622,0.154
6,1623,0.153
6,1624,0.257
6,1625,0.155
6,1626,0.167
6,1627,0.155
6,1628,0.187
6,1629,0.156
6,1630,0.153
6,1631,0.154
6,1632,0.189
6,1633,0.155
6,1634,0.163
6,1635,0.154
6,1636,0.527
6,1637,0.157
6,1638,0.167
6,1639,0.155
6,1640,0.171
6,1641,0.154
6,1642,0.164
6,1643,0.161
6,1644,0.572
6,1645,0.157
6,1646,0.155
6,1647,0.165
6,1648,0.713
6,1649,0.155
6,1650,0.173
6,1651,0.155
6,1652,0.167
6,1653,0.156
6,1654,0.167
6,1655,0.153
6,1656,1.654
6,1657,0.157
6,1658,0.186
6,1659,0.154
6,1660,0.176
6,1661,0.155
6,1662,0.160
6,1663,0.153
6,1664,0.176
6,1665,0.154
6,1666,0.156
6,1667,0.154
6,1668,0.193
6,1669,0.156
6,1670,0.186
6,1671,0.157
6,1672,0.171
6,1673,0.156
6,1674,0.167
6,1675,0.155
6,1676,0.156
6,1677,0.157
6,1678,0.172
6,1679,0.157
6,1680,0.176
6,1681,0.189
6,1682,0.154
6,1683,0.154
6,1684,0.156
6,1685,0.158
6,1686,0.154
6,1687,0.157
6,1688,0.174
6,1689,0.159
6,1690,0.155
6,1691,0.163
6,1692,0.165
6,1693,0.155
6,1694,0.156
6,1695,0.175
6,1696,0.171
6,1697,0.161
6,1698,0.154
6,1699,0.165
6,1700,0.176
6,1701,0.155
6,1702,0.170
6,1703,0.154
6,1704,0.472
6,1705,0.158
6,1706,0.156
6,1707,0.154
6,1708,0.179
6,1709,0.173
6,1710,0.163
6,1711,0.155
6,1712,0.164
6,1713,0.157
6,1714,0.156
6,1715,0.166
6,1716,1.247
6,1717,0.170
6,1718,0.154
6,1719,0.155
6,1720,0.179
6,1721,0.180
6,1722,0.156
6,1723,0.156
6,1724,0.178
6,1725,0.156
6,1726,0.170
6,1727,0.161
6,1728,0.154
6,1729,0.160
6,1730,0.154
6,1731,0.155
6,1732,0.174
6,1733,0.157
6,1734,0.154
6,1735,0.175
6,1736,0.278
6,1737,0.162
6,1738,0.154
6,1739,0.166
6,1740,0.222
6,1741,0.155
6,1742,0.154
6,1743,0.155
6,1744,1.383
6,1745,0.154
6,1746,0.153
6,1747,0.155
6,1748,0.221
6,1749,0.155
6,1750,0.154
6,1751,0.153
6,1752,0.171
6,1753,0.156
6,1754,0.155
6,1755,0.153
6,1756,0.175
6,1757,0.154
6,1758,0.154
6,1759,0.154
6,1760,0.160
6,1761,0.155
6,1762,0.157
6,1763,0.155
6,1764,0.988
6,1765,0.154
6,1766,0.154
6,1767,0.154
6,1768,0.181
6,1769,0.162
6,1770,0.155
6,1771,0.172
6,1772,0.170
6,1773,0.155
6,1774,0.163
6,1775,0.155
6,1776,0.178
6,1777,0.156
6,1778,0.161
6,1779,0.155
6,1780,0.179
6,1781,0.155
6,1782,0.155
6,1783,0.168
6,1784,1.217
6,1785,0.155
6,1786,0.165
6,1787,0.170
6,1788,0.156
6,1789,0.157
6,1790,0.156
6,1791,0.154
6,1792,0.176
6,1793,0.154
6,1794,0.153
6,1795,0.162
6,1796,0.168
6,1797,0.182
6,1798,0.156
6,1799,0.153
6,1800,0.172
6,1801,0.155
6,1802,0.153
6,1803,0.156
6,1804,0.170
6,1805,0.162
6,1806,0.155
6,1807,0.154
6,1808,0.172
6,1809,0.163
6,1810,0.169
6,1811,0.155
6,1812,0.156
6,1813,0.179
6,1814,0.155
6,1815,0.185
6,1816,0.163
6,1817,0.157
6,1818,0.154
6,1819,0.156
6,1820,0.206
6,1821,0.155
6,1822,0.154
6,1823,0.156
6,1824,0.374
6,1825,0.155
6,1826,0.154
6,1827,0.167
6,1828,0.179
6,1829,0.156
6,1830,0.155
6,1831,0.161
6,1832,0.200
6,1833,0.163
6,1834,0.154
6,1835,0.156
6,1836,0.168
6,1837,0.155
6,1838,0.155
6,1839,0.154
6,1840,0.185
6,1841,0.159
6,1842,0.155
6,1843,0.157
6,1844,1.392
6,1845,0.155
6,1846,0.157
6,1847,0.154
6,1848,0.168
6,1849,0.160
6,1850,0.164
6,1851,0.154
6,1852,0.181
6,1853,0.169
6,1854,0.155
6,1855,0.154
6,1856,0.170
6,1857,0.155
6,1858,0.155
6,1859,0.153
6,1860,0.205
6,1861,0.156
6,1862,0.155
6,1863,0.180
6,1864,0.392
6,1865,0.156
6,1866,0.155
6,1867,0.155
6,1868,0.172
6,1869,0.165
6,1870,0.153
6,1871,0.165
6,1872,0.174
6,1873,0.157
6,1874,0.155
6,1875,0.154
6,1876,0.483
6,1877,0.171
6,1878,0.164
6,1879,0.154
6,1880,0.155
6,1881,0.155
6,1882,0.171
6,1883,0.157
6,1884,0.155
6,1885,0.154
6,1886,0.161
6,1887,0.155
6,1888,0.172
6,1889,0.156
6,1890,0.155
6,1891,0.153
6,1892,0.170
6,1893,0.168
6,1894,0.153
6,1895,0.155
6,1896,1.699
6,1897,0.155
6,1898,0.153
6,1899,0.164
6,1900,0.156
6,1901,0.154
6,1902,0.160
6,1903,0.172
6,1904,0.155
6,1905,0.166
6,1906,0.153
6,1907,0.153
6,1908,0.172
6,1909,0.163
6,1910,0.155
6,1911,0.153
6,1912,0.184
6,1913,0.156
6,1914,0.159
6,1915,0.153
6,1916,0.172
6,1917,0.155
6,1918,0.160
6,1919,0.153
6,1920,0.164
6,1921,0.156
6,1922,0.164
6,1923,0.158
6,1924,0.155
6,1925,0.156
6,1926,0.176
6,1927,0.170
6,1928,0.171
6,1929,0.154
6,1930,0.154
6,1931,0.153
6,1932,0.200
6,1933,0.186
6,1934,0.154
6,1935,0.157
6,1936,0.178
6,1937,0.154
6,1938,0.155
6,1939,0.171
6,1940,0.156
6,1941,0.155
6,1942,0.156
6,1943,0.175
6,1944,0.437
6,1945,0.172
6,1946,0.155
6,1947,0.162
6,1948,0.156
6,1949,0.154
6,1950,0.155
6,1951,0.157
6,1952,0.190
6,1953,0.156
6,1954,0.154
6,1955,0.154
6,1956,0.179
6,1957,0.156
6,1958,0.166
6,1959,0.154
6,1960,0.159
6,1961,0.157
6,1962,0.171
6,1963,0.156
6,1964,0.576
6,1965,0.155
6,1966,0.154
6,1967,0.155
6,1968,0.166
6,1969,0.158
6,1970,0.155
6,1971,0.166
6,1972,0.182
6,1973,0.155
6,1974,0.154
6,1975,0.155
6,1976,0.550
6,1977,0.154
6,1978,0.154
6,1979,0.154
6,1980,0.171
6,1981,0.155
6,1982,0.156
6,1983,0.155
6,1984,1.125
6,1985,0.161
6,1986,0.167
6,1987,0.156
6,1988,0.160
6,1989,0.156
6,1990,0.156
6,1991,0.154
6,1992,0.173
6,1993,0.156
6,1994,0.161
6,1995,0.154
6,1996,0.631
6,1997,0.156
6,1998,0.156
6,1999,0.155
6,2000,0.168
6,2001,0.158
6,2002,0.154
6,2003,0.155
6,2004,0.819
6,2005,0.154
6,2006,0.160
6,2007,0.153
6,2008,0.161
6,2009,0.162
6,2010,0.153
6,2011,0.154
6,2012,0.203
6,2013,0.155
6,2014,0.155
6,2015,0.165
6,2016,0.189
6,2017,0.173
6,2018,0.155
6,2019,0.154
6,2020,0.169
6,2021,0.156
6,2022,0.169
6,2023,0.154
6,2024,0.170
6,2025,0.156
6,2026,0.155
6,2027,0.168
6,2028,0.173
6,2029,0.155
6,2030,0.153
6,2031,0.156
6,2032,0.185
6,2033,0.172
6,2034,0.152
6,2035,0.170
6,2036,0.156
6,2037,0.171
6,2038,0.156
6,2039,0.164
6,2040,0.165
6,2041,0.157
6,2042,0.155
6,2043,0.178
6,2044,0.432
6,2045,0.154
6,2046,0.156
6,2047,0.155
6,2048,0.183
6,2049,0.154
6,2050,0.171
6,2051,0.154
6,2052,0.172
6,2053,0.172
6,2054,0.158
6,2055,0.158
6,2056,0.542
6,2057,0.155
6,2058,0.156
6,2059,0.155
6,2060,0.176
6,2061,0.157
6,2062,0.160
6,2063,0.155
6,2064,0.383
6,2065,0.157
6,2066,0.155
6,2067,0.153
6,2068,0.198
6,2069,0.159
6,2070,0.155
6,2071,0.165
6,2072,0.200
6,2073,0.156
6,2074,0.166
6,2075,0.155
6,2076,1.809
6,2077,0.167
6,2078,0.162
6,2079,0.155
6,2080,0.166
6,2081,0.154
6,2082,0.154
6,2083,0.155
6,2084,0.174
6,2085,0.170
6,2086,0.154
6,2087,0.154
6,2088,0.163
6,2089,0.169
6,2090,0.156
6,2091,0.158
6,2092,0.169
6,2093,0.156
6,2094,0.155
6,2095,0.153
6,2096,0.584
6,2097,0.155
6,2098,0.155
6,2099,0.171
6,2100,0.168
6,2101,0.168
6,2102,0.153
6,2103,0.154
6,2104,0.178
6,2105,0.154
6,2106,0.175
6,2107,0.168
6,2108,0.169
6,2109,0.155
6,2110,0.155
6,2111,0.161
6,2112,0.178
6,2113,0.161
6,2114,0.153
6,2115,0.161
6,2116,0.164
6,2117,0.155
6,2118,0.154
6,2119,0.154
6,2120,0.191
6,2121,0.172
6,2122,0.165
6,2123,0.174
6,2124,0.172
6,2125,0.155
6,2126,0.157
6,2127,0.155
6,2128,0.193
6,2129,0.156
6,2130,0.156
6,2131,0.155
6,2132,0.187
6,2133,0.155
6,2134,0.170
6,2135,0.168
6,2136,0.380
6,2137,0.155
6,2138,0.155
6,2139,0.154
6,2140,0.175
6,2141,0.172
6,2142,0.174
6,2143,0.154
6,2144,0.156
6,2145,0.155
6,2146,0.155
6,2147,0.167
6,2148,0.163
6,2149,0.154
6,2150,0.154
6,2151,0.154
6,2152,0.177
6,2153,0.180
6,2154,0.154
6,2155,0.155
6,2156,0.156
6,2157,0.154
6,2158,0.154
6,2159,0.154
6,2160,0.175
6,2161,0.153
6,2162,0.154
6,2163,0.154
6,2164,0.168
6,2165,0.164
6,2166,0.155
6,2167,0.155
6,2168,0.185
6,2169,0.156
6,2170,0.168
6,2171,0.154
6,2172,0.181
6,2173,0.170
6,2174,0.155
6,2175,0.155
6,2176,1.447
6,2177,0.157
6,2178,0.154
6,2179,0.160
6,2180,0.175
6,2181,0.169
6,2182,0.168
6,2183,0.155
6,2184,0.168
6,2185,0.155
6,2186,0.175
6,2187,0.157
6,2188,0.161
6,2189,0.156
6,2190,0.161
6,2191,0.154
6,2192,0.161
6,2193,0.166
6,2194,0.154
6,2195,0.179
6,2196,0.706
6,2197,0.169
6,2198,0.153
6,2199,0.168
6,2200,0.166
6,2201,0.169
6,2202,0.171
6,2203,0.154
6,2204,0.157
6,2205,0.156
6,2206,0.154
6,2207,0.154
6,2208,0.199
6,2209,0.156
6,2210,0.153
6,2211,0.154
6,2212,0.178
6,2213,0.156
6,2214,0.175
6,2215,0.170
6,2216,1.320
6,2217,0.173
6,2218,0.164
6,2219,0.154
6,2220,0.155
6,2221,0.157
6,2222,0.161
6,2223,0.155
6,2224,0.167
6,2225,0.155
6,2226,0.153
6,2227,0.156
6,2228,0.233
6,2229,0.158
6,2230,0.173
6,2231,0.155
6,2232,0.190
6,2233,0.174
6,2234,0.153
6,2235,0.153
6,2236,0.181
6,2237,0.155
6,2238,0.154
6,2239,0.154
6,2240,0.165
6,2241,0.171
6,2242,0.174
6,2243,0.153
6,2244,0.155
6,2245,0.156
6,2246,0.155
6,2247,0.156
6,2248,0.175
6,2249,0.159
6,2250,0.155
6,2251,0.172
6,2252,0.168
6,2253,0.155
6,2254,0.180
6,2255,0.154
6,2256,0.180
6,2257,0.158
6,2258,0.153
6,2259,0.166
6,2260,0.166
6,2261,0.157
6,2262,0.155
6,2263,0.154
6,2264,0.187
6,2265,0.155
6,2266,0.170
6,2267,0.154
6,2268,0.178
6,2269,0.157
6,2270,0.154
6,2271,0.155
6,2272,0.174
6,2273,0.168
6,2274,0.167
6,2275,0.171
6,2276,0.155
6,2277,0.154
6,2278,0.164
6,2279,0.153
6,2280,0.167
6,2281,0.155
6,2282,0.158
6,2283,0.154
6,2284,0.248
6,2285,0.171
6,2286,0.155
6,2287,0.170
6,2288,0.156
6,2289,0.156
6,2290,0.166
6,2291,0.165
6,2292,0.155
6,2293,0.164
6,2294,0.165
6,2295,0.173
6,2296,0.343
6,2297,0.159
6,2298,0.153
6,2299,0.159
6,2300,0.171
6,2301,0.165
6,2302,0.155
6,2303,0.154
6,2304,0.982
6,2305,0.159
6,2306,0.155
6,2307,0.155
6,2308,0.168
6,2309,0.177
6,2310,0.169
6,2311,0.155
6,2312,0.354
6,2313,0.156
6,2314,0.154
6,2315,0.155
6,2316,0.178
6,2317,0.172
6,2318,0.155
6,2319,0.154
6,2320,0.162
6,2321,0.159
6,2322,0.155
6,2323,0.154
6,2324,2.469
6,2325,0.156
6,2326,0.166
6,2327,0.163
6,2328,0.166
6,2329,0.155
6,2330,0.153
6,2331,0.153
6,2332,0.180
6,2333,0.156
6,2334,0.154
6,2335,0.166
6,2336,0.163
6,2337,0.160
6,2338,0.155
6,2339,0.154
6,2340,0.176
6,2341,0.156
6,2342,0.153
6,2343,0.154
6,2344,1.842
6,2345,0.164
6,2346,0.153
6,2347,0.154
6,2348,0.171
6,2349,0.158
6,2350,0.152
6,2351,0.160
6,2352,0.196
6,2353,0.164
6,2354,0.153
6,2355,0.154
6,2356,0.184
6,2357,0.155
6,2358,0.154
6,2359,0.153
6,2360,0.198
6,2361,0.157
6,2362,0.154
6,2363,0.155
6,2364,0.178
6,2365,0.156
6,2366,0.155
6,2367,0.170
6,2368,0.161
6,2369,0.157
6,2370,0.153
6,2371,0.167
6,2372,0.158
6,2373,0.157
6,2374,0.156
6,2375,0.158
6,2376,0.186
6,2377,0.157
6,2378,0.155
6,2379,0.156
6,2380,0.181
6,2381,0.190
6,2382,0.161
6,2383,0.154
6,2384,1.096
6,2385,0.154
6,2386,0.153
6,2387,0.154
6,2388,0.205
6,2389,0.168
6,2390,0.155
6,2391,0.153
6,2392,0.173
6,2393,0.156
6,2394,0.154
6,2395,0.154
6,2396,0.196
6,2397,0.166
6,2398,0.156
6,2399,0.155
6,2400,0.157
6,2401,0.154
6,2402,0.155
6,2403,0.153
6,2404,0.174
6,2405,0.155
6,2406,0.162
6,2407,0.154
6,2408,0.163
6,2409,0.174
6,2410,0.155
6,2411,0.154
6,2412,0.165
6,2413,0.155
6,2414,0.168
6,2415,0.156
6,2416,0.158
6,2417,0.162
6,2418,0.157
6,2419,0.155
6,2420,0.187
6,2421,0.167
6,2422,0.154
6,2423,0.171
6,2424,1.145
6,2425,0.158
6,2426,0.155
6,2427,0.154
6,2428,0.175
6,2429,0.156
6,2430,0.155
6,2431,0.155
6,2432,0.165
6,2433,0.157
6,2434,0.155
6,2435,0.174
6,2436,0.156
6,2437,0.156
6,2438,0.154
6,2439,0.155
6,2440,0.179
6,2441,0.168
6,2442,0.157
6,2443,0.166
6,2444,2.889
6,2445,0.181
6,2446,0.157
6,2447,0.153
6,2448,0.166
6,2449,0.152
6,2450,0.154
6,2451,0.157
6,2452,0.159
6,2453,0.153
6,2454,0.153
6,2455,0.152
6,2456,0.179
6,2457,0.155
6,2458,0.153
6,2459,0.154
6,2460,0.178
6,2461,0.155
6,2462,0.154
6,2463,0.153
6,2464,0.177
6,2465,0.162
6,2466,0.154
6,2467,0.153
6,2468,0.187
6,2469,0.155
6,2470,0.161
6,2471,0.155
6,2472,0.174
6,2473,0.156
6,2474,0.154
6,2475,0.155
6,2476,0.158
6,2477,0.173
6,2478,0.153
6,2479,0.154
6,2480,0.174
6,2481,0.155
6,2482,0.155
6,2483,0.167
6,2484,0.164
6,2485,0.155
6,2486,0.178
6,2487,0.157
6,2488,0.175
6,2489,0.159
6,2490,0.153
6,2491,0.155
6,2492,0.195
6,2493,0.157
6,2494,0.154
6,2495,0.155
6,2496,0.205
6,2497,0.155
6,2498,0.163
6,2499,0.155
6,2500,0.181
7,2,0.548
7,3,0.206
7,4,3.988
7,5,0.168
7,6,0.154
7,7,0.155
7,8,0.165
7,9,0.155
7,10,0.157
7,11,0.163
7,12,0.184
7,13,0.165
7,14,0.155
7,15,0.155
7,16,0.183
7,17,0.157
7,18,0.165
7,19,0.162
7,20,0.156
7,21,0.166
7,22,0.156
7,23,0.154
7,24,2.034
7,25,0.156
7,26,0.155
7,27,0.155
7,28,0.181
7,29,0.156
7,30,0.154
7,31,0.154
7,32,0.176
7,33,0.156
7,34,0.154
7,35,0.161
7,36,0.197
7,37,0.162
7,38,0.157
7,39,0.172
7,40,0.154
7,41,0.155
7,42,0.153
7,43,0.154
7,44,1.084
7,45,0.155
7,46,0.164
7,47,0.155
7,48,0.169
7,49,0.167
7,50,0.154
7,51,0.155
7,52,0.170
7,53,0.157
7,54,0.155
7,55,0.155
7,56,0.180
7,57,0.155
7,58,0.162
7,59,0.155
7,60,0.182
7,61,0.156
7,62,0.153
7,63,0.156
7,64,0.590
7,65,0.155
7,66,0.170
7,67,0.156
7,68,0.185
7,69,0.157
7,70,0.162
7,71,0.162
7,72,0.158
7,73,0.156
7,74,0.155
7,75,0.159
7,76,0.159
7,77,0.156
7,78,0.167
7,79,0.168
7,80,0.156
7,81,0.167
7,82,0.164
7,83,0.170
7,84,1.195
7,85,0.156
7,86,0.165
7,87,0.156
7,88,0.158
7,89,0.164
7,90,0.154
7,91,0.157
7,92,0.169
7,93,0.171
7,94,0.172
7,95,0.156
7,96,0.167
7,97,0.156
7,98,0.155
7,99,0.162
7,100,0.172
7,101,0.157
7,102,0.154
7,103,0.157
7,104,0.294
7,105,0.157
7,106,0.168
7,107,0.158
7,108,0.158
7,109,0.163
7,110,0.154
7,111,0.156
7,112,0.174
7,113,0.157
7,114,0.165
7,115,0.173
7,116,0.156
7,117,0.155
7,118,0.155
7,119,0.186
7,120,0.168
7,121,0.163
7,122,0.155
7,123,0.156
7,124,0.157
7,125,0.177
7,126,0.155
7,127,0.172
7,128,0.158
7,129,0.157
7,130,0.156
7,131,0.155
7,132,0.418
7,133,0.157
7,134,0.154
7,135,0.167
7,136,0.176
7,137,0.158
7,138,0.166
7,139,0.154
7,140,0.158
7,141,0.159
7,142,0.222
7,143,0.154
7,144,1.925
7,145,0.159
7,146,0.166
7,147,0.184
7,148,0.157
7,149,0.157
7,150,0.156
7,151,0.155
7,152,0.183
7,153,0.160
7,154,0.174
7,155,0.161
7,156,0.155
7,157,0.157
7,158,0.154
7,159,0.155
7,160,0.171
7,161,0.157
7,162,0.162
7,163,0.154
7,164,1.582
7,165,0.156
7,166,0.154
7,167,0.172
7,168,0.176
7,169,0.166
7,170,0.154
7,171,0.172
7,172,0.169
7,173,0.166
7,174,0.155
7,175,0.155
7,176,0.156
7,177,0.156
7,178,0.155
7,179,0.164
7,180,0.159
7,181,0.156
7,182,0.155
7,183,0.155
7,184,0.408
7,185,0.155
7,186,0.153
7,187,0.155
7,188,0.158
7,189,0.156
7,190,0.171
7,191,0.154
7,192,0.496
7,193,0.166
7,194,0.154
7,195,0.156
7,196,0.173
7,197,0.158
7,198,0.155
7,199,0.155
7,200,0.175
7,201,0.157
7,202,0.155
7,203,0.154
7,204,0.732
7,205,0.157
7,206,0.155
7,207,0.155
7,208,0.185
7,209,0.159
7,210,0.168
7,211,0.155
7,212,0.307
7,213,0.163
7,214,0.168
7,215,0.161
7,216,0.155
7,217,0.157
7,218,0.155
7,219,0.156
7,220,0.173
7,221,0.167
7,222,0.166
7,223,0.154
7,224,0.423
7,225,0.156
7,226,0.156
7,227,0.156
7,228,0.170
7,229,0.156
7,230,0.153
7,231,0.164
7,232,1.835
7,233,0.165
7,234,0.175
7,235,0.153
7,236,0.155
7,237,0.162
7,238,0.154
7,239,0.155
7,240,0.177
7,241,0.157
7,242,0.161
7,243,0.169
7,244,0.158
7,245,0.156
7,246,0.155
7,247,0.155
7,248,0.176
7,249,0.162
7,250,0.168
7,251,0.159
7,252,2.174
7,253,0.154
7,254,0.155
7,255,0.160
7,256,0.190
7,257,0.170
7,258,0.154
7,259,0.169
7,260,0.156
7,261,0.155
7,262,0.154
7,263,0.155
7,264,0.190
7,265,0.155
7,266,0.156
7,267,0.154
7,268,0.185
7,269,0.156
7,270,0.155
7,271,0.154
7,272,0.176
7,273,0.157
7,274,0.155
7,275,0.161
7,276,0.187
7,277,0.157
7,278,0.155
7,279,0.162
7,280,0.164
7,281,0.157
7,282,0.156
7,283,0.179
7,284,0.157
7,285,0.156
7,286,0.155
7,287,0.165
7,288,0.159
7,289,0.163
7,290,0.154
7,291,0.153
7,292,0.964
7,293,0.176
7,294,0.154
7,295,0.160
7,296,0.155
7,297,0.158
7,298,0.156
7,299,0.172
7,300,0.166
7,301,0.170
7,302,0.167
7,303,0.155
7,304,0.178
7,305,0.157
7,306,0.155
7,307,0.153
7,308,0.174
7,309,0.176
7,310,0.156
7,311,0.155
7,312,0.570
7,313,0.157
7,314,0.155
7,315,0.155
7,316,0.179
7,317,0.161
7,318,0.155
7,319,0.155
7,320,0.168
7,321,0.156
7,322,0.156
7,323,0.154
7,324,0.175
7,325,0.158
7,326,0.156
7,327,0.152
7,328,0.182
7,329,0.157
7,330,0.156
7,331,0.156
7,332,0.960
7,333,0.158
7,334,0.155
7,335,0.154
7,336,0.179
7,337,0.156
7,338,0.164
7,339,0.164
7,340,0.167
7,341,0.157
7,342,0.171
7,343,0.155
7,344,0.285
7,345,0.158
7,346,0.169
7,347,0.169
7,348,0.285
7,349,0.155
7,350,0.164
7,351,0.170
7,352,1.508
7,353,0.166
7,354,0.154
7,355,0.154
7,356,0.163
7,357,0.178
7,358,0.154
7,359,0.154
7,360,0.168
7,361,0.179
7,362,0.159
7,363,0.154
7,364,0.160
7,365,0.156
7,366,0.168
7,367,0.153
7,368,0.159
7,369,0.169
7,370,0.158
7,371,0.172
7,372,0.229
7,373,0.157
7,374,0.157
7,375,0.156
7,376,0.180
7,377,0.160
7,378,0.155
7,379,0.167
7,380,0.166
7,381,0.171
7,382,0.156
7,383,0.154
7,384,0.923
7,385,0.161
7,386,0.166
7,387,0.154
7,388,0.718
7,389,0.168
7,390,0.157
7,391,0.155
7,392,0.346
7,393,0.164
7,394,0.153
7,395,0.161
7,396,0.166
7,397,0.155
7,398,0.153
7,399,0.155
7,400,0.167
7,401,0.156
7,402,0.171
7,403,0.155
7,404,0.156
7,405,0.156
7,406,0.154
7,407,0.153
7,408,0.197
7,409,0.158
7,410,0.154
7,411,0.157
7,412,0.156
7,413,0.155
7,414,0.155
7,415,0.156
7,416,0.177
7,417,0.158
7,418,0.168
7,419,0.154
7,420,0.156
7,421,0.168
7,422,0.153
7,423,0.161
7,424,0.161
7,425,0.155
7,426,0.155
7,427,0.156
7,428,0.625
7,429,0.157
7,430,0.155
7,431,0.155
7,432,0.429
7,433,0.156
7,434,0.155
7,435,0.162
7,436,0.171
7,437,0.170
7,438,0.168
7,439,0.154
7,440,0.156
7,441,0.157
7,442,0.155
7,443,0.167
7,444,0.402
7,445,0.158
7,446,0.157
7,447,0.159
7,448,0.704
7,449,0.156
7,450,0.154
7,451,0.167
7,452,0.171
7,453,0.156
7,454,0.156
7,455,0.156
7,456,0.180
7,457,0.169
7,458,0.172
7,459,0.155
7,460,0.158
7,461,0.155
7,462,0.155
7,463,0.162
7,464,1.218
7,465,0.154
7,466,0.170
7,467,0.171
7,468,0.494
7,469,0.155
7,470,0.160
7,471,0.157
7,472,0.170
7,473,0.164
7,474,0.154
7,475,0.160
7,476,0.175
7,477,0.155
7,478,0.154
7,479,0.168
7,480,0.357
7,481,0.156
7,482,0.155
7,483,0.156
7,484,0.481
7,485,0.154
7,486,0.155
7,487,0.155
7,488,1.088
7,489,0.156
7,490,0.153
7,491,0.152
7,492,0.175
7,493,0.155
7,494,0.153
7,495,0.154
7,496,0.168
7,497,0.156
7,498,0.154
7,499,0.163
7,500,0.168
7,501,0.154
7,502,0.154
7,503,0.154
7,504,0.207
7,505,0.155
7,506,0.154
7,507,0.155
7,508,0.432
7,509,0.157
7,510,0.165
7,511,0.154
7,512,0.182
7,513,0.156
7,514,0.155
7,515,0.154
7,516,0.180
7,517,0.163
7,518,0.413
7,519,0.168
7,520,0.158
7,521,0.158
7,522,0.153
7,523,0.154
7,524,0.195
7,525,0.167
7,526,0.155
7,527,0.154
7,528,0.192
7,529,0.155
7,530,0.155
7,531,0.154
7,532,0.184
7,533,0.171
7,534,0.154
7,535,0.157
7,536,0.171
7,537,0.176
7,538,0.158
7,539,0.155
7,540,0.158
7,541,0.162
7,542,0.155
7,543,0.155
7,544,0.176
7,545,0.156
7,546,0.153
7,547,0.155
7,548,0.203
7,549,0.167
7,550,0.153
7,551,0.162
7,552,0.178
7,553,0.155
7,554,0.167
7,555,0.158
7,556,0.161
7,557,0.156
7,558,0.157
7,559,0.170
7,560,0.171
7,561,0.176
7,562,0.155
7,563,0.156
7,564,0.162
7,565,0.156
7,566,0.156
7,567,0.154
7,568,0.734
7,569,0.156
7,570,0.158
7,571,0.172
7,572,0.178
7,573,0.155
7,574,0.158
7,575,0.157
7,576,0.176
7,577,0.171
7,578,0.155
7,579,0.157
7,580,0.157
7,581,0.157
7,582,0.155
7,583,0.155
7,584,0.174
7,585,0.158
7,586,0.155
7,587,0.163
7,588,3.119
7,589,0.154
7,590,0.158
7,591,0.152
7,592,0.165
7,593,0.154
7,594,0.152
7,595,0.162
7,596,0.167
7,597,0.153
7,598,0.153
7,599,0.152
7,600,0.168
7,601,0.170
7,602,0.154
7,603,0.155
7,604,0.192
7,605,0.158
7,606,0.161
7,607,0.169
7,608,0.173
7,609,0.156
7,610,0.155
7,611,0.155
7,612,0.210
7,613,0.155
7,614,0.160
7,615,0.168
7,616,0.162
7,617,0.158
7,618,0.156
7,619,0.155
7,620,0.173
7,621,0.156
7,622,0.154
7,623,0.167
7,624,0.171
7,625,0.156
7,626,0.157
7,627,0.155
7,628,0.161
7,629,0.175
7,630,0.154
7,631,0.157
7,632,0.169
7,633,0.155
7,634,0.157
7,635,0.172
7,636,0.158
7,637,0.157
7,638,0.155
7,639,0.156
7,640,0.185
7,641,0.162
7,642,0.169
7,643,0.173
7,644,0.155
7,645,0.157
7,646,0.156
7,647,0.155
7,648,0.179
7,649,0.156
7,650,0.169
7,651,0.155
7,652,0.170
7,653,0.162
7,654,0.153
7,655,0.157
7,656,0.163
7,657,0.157
7,658,0.158
7,659,0.158
7,660,0.160
7,661,0.176
7,662,0.157
7,663,0.167
7,664,0.169
7,665,0.168
7,666,0.161
7,667,0.156
7,668,0.167
7,669,0.161
7,670,0.171
7,671,0.156
7,672,0.160
7,673,0.159
7,674,0.156
7,675,0.172
7,676,0.158
7,677,0.155
7,678,0.155
7,679,0.168
7,680,0.157
7,681,0.158
7,682,0.154
7,683,0.155
7,684,0.204
7,685,0.165
7,686,0.155
7,687,0.166
7,688,1.984
7,689,0.156
7,690,0.163
7,691,0.158
7,692,0.178
7,693,0.156
7,694,0.156
7,695,0.153
7,696,0.185
7,697,0.157
7,698,0.155
7,699,0.164
7,700,0.163
7,701,0.186
7,702,0.154
7,703,0.154
7,704,0.156
7,705,0.156
7,706,0.157
7,707,0.155
7,708,3.468
7,709,0.155
7,710,0.161
7,711,0.160
7,712,0.169
7,713,0.154
7,714,0.153
7,715,0.153
7,716,0.185
7,717,0.153
7,718,0.153
7,719,0.160
7,720,0.215
7,721,0.154
7,722,0.154
7,723,0.154
7,724,0.166
7,725,0.154
7,726,0.154
7,727,0.155
7,728,0.162
7,729,0.157
7,730,0.170
7,731,0.155
7,732,0.157
7,733,0.156
7,734,0.155
7,735,0.153
7,736,0.170
7,737,0.156
7,738,0.155
7,739,0.154
7,740,0.184
7,741,0.156
7,742,0.156
7,743,0.155
7,744,0.179
7,745,0.156
7,746,0.171
7,747,0.155
7,748,0.168
7,749,0.159
7,750,0.168
7,751,0.154
7,752,0.169
7,753,0.156
7,754,0.156
7,755,0.154
7,756,0.162
7,757,0.157
7,758,0.156
7,759,0.154
7,760,0.181
7,761,0.156
7,762,0.154
7,763,0.156
7,764,0.173
7,765,0.164
7,766,0.153
7,767,0.157
7,768,0.451
7,769,0.163
7,770,0.156
7,771,0.155
7,772,0.165
7,773,0.162
7,774,0.156
7,775,0.155
7,776,0.180
7,777,0.155
7,778,0.154
7,779,0.154
7,780,0.188
7,781,0.156
7,782,0.154
7,783,0.154
7,784,0.185
7,785,0.157
7,786,0.155
7,787,0.156
7,788,2.015
7,789,0.177
7,790,0.165
7,791,0.154
7,792,0.155
7,793,0.155
7,794,0.156
7,795,0.155
7,796,0.172
7,797,0.157
7,798,0.155
7,799,0.155
7,800,0.178
7,801,0.156
7,802,0.154
7,803,0.171
7,804,0.173
7,805,0.159
7,806,0.155
7,807,0.155
7,808,0.918
7,809,0.155
7,810,0.154
7,811,0.154
7,812,0.186
7,813,0.155
7,814,0.156
7,815,0.153
7,816,0.172
7,817,0.159
7,818,0.162
7,819,0.154
7,820,0.185
7,821,0.157
7,822,0.157
7,823,0.153
7,824,0.170
7,825,0.156
7,826,0.156
7,827,0.158
7,828,0.684
7,829,0.157
7,830,0.154
7,831,0.170
7,832,0.174
7,833,0.156
7,834,0.156
7,835,0.164
7,836,0.161
7,837,0.155
7,838,0.154
7,839,0.154
7,840,0.167
7,841,0.155
7,842,0.161
7,843,0.155
7,844,0.188
7,845,0.154
7,846,0.155
7,847,0.153
7,848,0.882
7,849,0.156
7,850,0.157
7,851,0.156
7,852,0.179
7,853,0.162
7,854,0.155
7,855,0.154
7,856,0.168
7,857,0.165
7,858,0.155
7,859,0.159
7,860,0.156
7,861,0.171
7,862,0.155
7,863,0.154
7,864,0.157
7,865,0.156
7,866,0.156
7,867,0.164
7,868,1.762
7,869,0.167
7,870,0.153
7,871,0.152
7,872,0.176
7,873,0.157
7,874,0.164
7,875,0.156
7,876,0.155
7,877,0.154
7,878,0.161
7,879,0.153
7,880,0.185
7,881,0.178
7,882,0.153
7,883,0.153
7,884,0.175
7,885,0.155
7,886,0.154
7,887,0.156
7,888,0.888
7,889,0.175
7,890,0.154
7,891,0.172
7,892,0.170
7,893,0.156
7,894,0.154
7,895,0.163
7,896,0.168
7,897,0.158
7,898,0.154
7,899,0.154
7,900,0.156
7,901,0.157
7,902,0.165
7,903,0.154
7,904,0.171
7,905,0.155
7,906,0.156
7,907,0.153
7,908,0.158
7,909,0.156
7,910,0.154
7,911,0.157
7,912,0.195
7,913,0.168
7,914,0.155
7,915,0.154
7,916,0.176
7,917,0.155
7,918,0.155
7,919,0.161
7,920,0.192
7,921,0.155
7,922,0.169
7,923,0.154
7,924,0.178
7,925,0.160
7,926,0.156
7,927,0.164
7,928,0.160
7,929,0.156
7,930,0.154
7,931,0.162
7,932,0.159
7,933,0.158
7,934,0.157
7,935,0.156
7,936,0.183
7,937,0.158
7,938,0.154
7,939,0.169
7,940,0.162
7,941,0.157
7,942,0.162
7,943,0.154
7,944,0.167
7,945,0.158
7,946,0.154
7,947,0.155
7,948,0.323
7,949,0.157
7,950,0.158
7,951,0.158
7,952,0.170
7,953,0.157
7,954,0.154
7,955,0.154
7,956,0.157
7,957,0.173
7,958,0.156
7,959,0.155
7,960,0.182
7,961,0.157
7,962,0.164
7,963,0.155
7,964,0.172
7,965,0.156
7,966,0.155
7,967,0.155
7,968,2.255
7,969,0.157
7,970,0.153
7,971,0.162
7,972,0.176
7,973,0.155
7,974,0.155
7,975,0.155
7,976,0.156
7,977,0.163
7,978,0.167
7,979,0.159
7,980,0.155
7,981,0.156
7,982,0.152
7,983,0.167
7,984,0.166
7,985,0.154
7,986,0.153
7,987,0.155
7,988,0.180
7,989,0.168
7,990,0.154
7,991,0.154
7,992,0.174
7,993,0.156
7,994,0.168
7,995,0.155
7,996,0.168
7,997,0.158
7,998,0.156
7,999,0.154
7,1000,0.164
7,1001,0.160
7,1002,0.154
7,1003,0.155
7,1004,0.174
7,1005,0.161
7,1006,0.171
7,1007,0.154
7,1008,0.477
7,1009,0.176
7,1010,0.156
7,1011,0.157
7,1012,0.171
7,1013,0.157
7,1014,0.167
7,1015,0.155
7,1016,0.186
7,1017,0.160
7,1018,0.157
7,1019,0.157
7,1020,0.182
7,1021,0.156
7,1022,0.154
7,1023,0.155
7,1024,0.206
7,1025,0.157
7,1026,0.157
7,1027,0.156
7,1028,1.243
7,1029,0.160
7,1030,0.163
7,1031,0.154
7,1032,0.242
7,1033,0.170
7,1034,0.166
7,1035,0.155
7,1036,0.156
7,1037,0.156
7,1038,0.154
7,1039,0.160
7,1040,0.155
7,1041,0.157
7,1042,0.171
7,1043,0.155
7,1044,0.168
7,1045,0.156
7,1046,0.165
7,1047,0.156
7,1048,0.958
7,1049,0.156
7,1050,0.166
7,1051,0.154
7,1052,0.174
7,1053,0.154
7,1054,0.154
7,1055,0.154
7,1056,0.201
7,1057,0.157
7,1058,0.156
7,1059,0.154
7,1060,0.186
7,1061,0.154
7,1062,0.154
7,1063,0.157
7,1064,0.185
7,1065,0.166
7,1066,0.163
7,1067,0.168
7,1068,0.156
7,1069,0.156
7,1070,0.156
7,1071,0.156
7,1072,0.167
7,1073,0.166
7,1074,0.163
7,1075,0.155
7,1076,0.161
7,1077,0.157
7,1078,0.168
7,1079,0.155
7,1080,0.158
7,1081,0.155
7,1082,0.180
7,1083,0.155
7,1084,0.160
7,1085,0.173
7,1086,0.155
7,1087,0.155
7,1088,0.916
7,1089,0.155
7,1090,0.157
7,1091,0.156
7,1092,0.183
7,1093,0.157
7,1094,0.156
7,1095,0.179
7,1096,0.182
7,1097,0.156
7,1098,0.156
7,1099,0.163
7,1100,0.178
7,1101,0.156
7,1102,0.156
7,1103,0.156
7,1104,0.175
7,1105,0.155
7,1106,0.155
7,1107,0.156
7,1108,1.523
7,1109,0.158
7,1110,0.155
7,1111,0.160
7,1112,0.179
7,1113,0.169
7,1114,0.154
7,1115,0.154
7,1116,0.174
7,1117,0.159
7,1118,0.153
7,1119,0.163
7,1120,0.158
7,1121,0.155
7,1122,0.152
7,1123,0.153
7,1124,0.186
7,1125,0.156
7,1126,0.154
7,1127,0.153
7,1128,0.708
7,1129,0.155
7,1130,0.154
7,1131,0.165
7,1132,0.191
7,1133,0.175
7,1134,0.155
7,1135,0.154
7,1136,0.183
7,1137,0.155
7,1138,0.155
7,1139,0.164
7,1140,0.160
7,1141,0.172
7,1142,0.184
7,1143,0.156
7,1144,0.158
7,1145,0.155
7,1146,0.155
7,1147,0.154
7,1148,0.186
7,1149,0.157
7,1150,0.154
7,1151,0.155
7,1152,0.200
7,1153,0.158
7,1154,0.170
7,1155,0.157
7,1156,0.167
7,1157,0.159
7,1158,0.153
7,1159,0.174
7,1160,0.164
7,1161,0.167
7,1162,0.153
7,1163,0.156
7,1164,0.167
7,1165,0.163
7,1166,0.154
7,1167,0.155
7,1168,0.423
7,1169,0.157
7,1170,0.156
7,1171,0.172
7,1172,0.161
7,1173,0.169
7,1174,0.154
7,1175,0.154
7,1176,0.183
7,1177,0.156
7,1178,0.157
7,1179,0.156
7,1180,0.167
7,1181,0.155
7,1182,0.160
7,1183,0.153
7,1184,0.192
7,1185,0.165
7,1186,0.154
7,1187,0.156
7,1188,1.283
7,1189,0.179
7,1190,0.153
7,1191,0.174
7,1192,0.157
7,1193,0.159
7,1194,0.156
7,1195,0.168
7,1196,0.155
7,1197,0.159
7,1198,0.154
7,1199,0.168
7,1200,0.176
7,1201,0.155
7,1202,0.165
7,1203,0.154
7,1204,0.176
7,1205,0.157
7,1206,0.161
7,1207,0.153
7,1208,2.101
7,1209,0.154
7,1210,0.154
7,1211,0.159
7,1212,0.170
7,1213,0.154
7,1214,0.155
7,1215,0.157
7,1216,0.164
7,1217,0.152
7,1218,0.153
7,1219,0.152
7,1220,0.165
7,1221,0.156
7,1222,0.154
7,1223,0.154
7,1224,0.170
7,1225,0.158
7,1226,0.154
7,1227,0.154
7,1228,0.170
7,1229,0.156
7,1230,0.155
7,1231,0.155
7,1232,0.218
7,1233,0.177
7,1234,0.156
7,1235,0.155
7,1236,0.164
7,1237,0.158
7,1238,0.155
7,1239,0.153
7,1240,0.189
7,1241,0.168
7,1242,0.156
7,1243,0.155
7,1244,0.157
7,1245,0.176
7,1246,0.169
7,1247,0.154
7,1248,0.179
7,1249,0.156
7,1250,0.153
7,1251,0.155
7,1252,0.566
7,1253,0.156
7,1254,0.159
7,1255,0.154
7,1256,0.175
7,1257,0.155
7,1258,0.156
7,1259,0.175
7,1260,0.158
7,1261,0.158
7,1262,0.155
7,1263,0.154
7,1264,0.189
7,1265,0.155
7,1266,0.163
7,1267,0.177
7,1268,0.182
7,1269,0.155
7,1270,0.156
7,1271,0.156
7,1272,0.184
7,1273,0.173
7,1274,0.153
7,1275,0.156
7,1276,0.172
7,1277,0.170
7,1278,0.155
7,1279,0.155
7,1280,0.169
7,1281,0.158
7,1282,0.154
7,1283,0.155
7,1284,0.181
7,1285,0.156
7,1286,0.167
7,1287,0.167
7,1288,0.411
7,1289,0.155
7,1290,0.156
7,1291,0.163
7,1292,0.838
7,1293,0.154
