[2026-06-16 15:50:15,126][root][INFO] - Recurrent UNet Model Successfully Configured and Initialized.
[2026-06-16 15:50:15,142][root][INFO] - Starting from scratch (no valid checkpoint provided).
[2026-06-16 15:50:15,861][root][INFO] - Train: 4480000 samples, Val: 640000 samples
[2026-06-16 15:50:15,863][root][INFO] - Starting training from epoch 1
[2026-06-16 15:50:20,510][root][INFO] - Epoch [1/5], Batch [1/300], Loss: 2.1318 (Overall: 2.1311, Change: 2.1325), TF Ratio: 1.000
[2026-06-16 15:50:20,668][root][INFO] - Epoch [1/5], Batch [2/300], Loss: 2.1094 (Overall: 2.1804, Change: 1.9934), TF Ratio: 1.000
[2026-06-16 15:50:20,833][root][INFO] - Epoch [1/5], Batch [3/300], Loss: 2.1435 (Overall: 2.1497, Change: 2.2737), TF Ratio: 0.999
[2026-06-16 15:50:21,019][root][INFO] - Epoch [1/5], Batch [4/300], Loss: 2.2444 (Overall: 2.3406, Change: 2.7540), TF Ratio: 0.999
[2026-06-16 15:50:21,169][root][INFO] - Epoch [1/5], Batch [5/300], Loss: 2.1735 (Overall: 1.8086, Change: 1.9705), TF Ratio: 0.999
[2026-06-16 15:50:21,319][root][INFO] - Epoch [1/5], Batch [6/300], Loss: 2.1444 (Overall: 1.8711, Change: 2.1270), TF Ratio: 0.999
[2026-06-16 15:50:21,469][root][INFO] - Epoch [1/5], Batch [7/300], Loss: 2.1196 (Overall: 1.8281, Change: 2.1139), TF Ratio: 0.999
[2026-06-16 15:50:21,621][root][INFO] - Epoch [1/5], Batch [8/300], Loss: 2.0839 (Overall: 1.7851, Change: 1.8826), TF Ratio: 0.998
[2026-06-16 15:50:21,771][root][INFO] - Epoch [1/5], Batch [9/300], Loss: 2.0548 (Overall: 1.7789, Change: 1.8651), TF Ratio: 0.998
[2026-06-16 15:50:22,453][root][INFO] - Epoch [1/5], Batch [10/300], Loss: 2.0391 (Overall: 1.8546, Change: 1.9419), TF Ratio: 0.998
[2026-06-16 15:50:22,604][root][INFO] - Epoch [1/5], Batch [11/300], Loss: 2.0288 (Overall: 1.7738, Change: 2.0773), TF Ratio: 0.998
[2026-06-16 15:50:22,755][root][INFO] - Epoch [1/5], Batch [12/300], Loss: 2.0072 (Overall: 1.6318, Change: 1.9069), TF Ratio: 0.998
[2026-06-16 15:50:22,904][root][INFO] - Epoch [1/5], Batch [13/300], Loss: 1.9995 (Overall: 1.8490, Change: 1.9665), TF Ratio: 0.997
[2026-06-16 15:50:23,059][root][INFO] - Epoch [1/5], Batch [14/300], Loss: 1.9962 (Overall: 1.9413, Change: 1.9633), TF Ratio: 0.997
[2026-06-16 15:50:23,209][root][INFO] - Epoch [1/5], Batch [15/300], Loss: 1.9840 (Overall: 1.6502, Change: 1.9780), TF Ratio: 0.997
[2026-06-16 15:50:23,371][root][INFO] - Epoch [1/5], Batch [16/300], Loss: 1.9828 (Overall: 1.6854, Change: 2.2432), TF Ratio: 0.997
[2026-06-16 15:50:23,528][root][INFO] - Epoch [1/5], Batch [17/300], Loss: 1.9740 (Overall: 1.6165, Change: 2.0509), TF Ratio: 0.997
[2026-06-16 15:50:23,814][root][INFO] - Epoch [1/5], Batch [18/300], Loss: 1.9666 (Overall: 1.7493, Change: 1.9303), TF Ratio: 0.996
[2026-06-16 15:50:23,966][root][INFO] - Epoch [1/5], Batch [19/300], Loss: 1.9508 (Overall: 1.6058, Change: 1.7279), TF Ratio: 0.996
[2026-06-16 15:50:24,118][root][INFO] - Epoch [1/5], Batch [20/300], Loss: 1.9392 (Overall: 1.4023, Change: 2.0349), TF Ratio: 0.996
[2026-06-16 15:50:24,268][root][INFO] - Epoch [1/5], Batch [21/300], Loss: 1.9198 (Overall: 1.4839, Change: 1.5789), TF Ratio: 0.996
[2026-06-16 15:50:24,419][root][INFO] - Epoch [1/5], Batch [22/300], Loss: 1.9114 (Overall: 1.4328, Change: 2.0390), TF Ratio: 0.996
[2026-06-16 15:50:24,569][root][INFO] - Epoch [1/5], Batch [23/300], Loss: 1.8957 (Overall: 1.5419, Change: 1.5583), TF Ratio: 0.995
[2026-06-16 15:50:24,723][root][INFO] - Epoch [1/5], Batch [24/300], Loss: 1.8937 (Overall: 1.7680, Change: 1.9252), TF Ratio: 0.995
[2026-06-16 15:50:24,872][root][INFO] - Epoch [1/5], Batch [25/300], Loss: 1.8909 (Overall: 1.4554, Change: 2.1959), TF Ratio: 0.995
[2026-06-16 15:50:25,291][root][INFO] - Epoch [1/5], Batch [26/300], Loss: 1.8826 (Overall: 1.5127, Change: 1.8337), TF Ratio: 0.995
[2026-06-16 15:50:25,441][root][INFO] - Epoch [1/5], Batch [27/300], Loss: 1.8759 (Overall: 1.5000, Change: 1.9065), TF Ratio: 0.995
[2026-06-16 15:50:25,592][root][INFO] - Epoch [1/5], Batch [28/300], Loss: 1.8700 (Overall: 1.4365, Change: 1.9849), TF Ratio: 0.994
[2026-06-16 15:50:25,744][root][INFO] - Epoch [1/5], Batch [29/300], Loss: 1.8619 (Overall: 1.4601, Change: 1.8104), TF Ratio: 0.994
[2026-06-16 15:50:25,894][root][INFO] - Epoch [1/5], Batch [30/300], Loss: 1.8649 (Overall: 1.9204, Change: 1.9823), TF Ratio: 0.994
[2026-06-16 15:50:26,047][root][INFO] - Epoch [1/5], Batch [31/300], Loss: 1.8576 (Overall: 1.4800, Change: 1.7942), TF Ratio: 0.994
[2026-06-16 15:50:26,197][root][INFO] - Epoch [1/5], Batch [32/300], Loss: 1.8533 (Overall: 1.7220, Change: 1.7176), TF Ratio: 0.994
[2026-06-16 15:50:26,348][root][INFO] - Epoch [1/5], Batch [33/300], Loss: 1.8467 (Overall: 1.4492, Change: 1.8247), TF Ratio: 0.993
[2026-06-16 15:50:26,774][root][INFO] - Epoch [1/5], Batch [34/300], Loss: 1.8404 (Overall: 1.4113, Change: 1.8523), TF Ratio: 0.993
[2026-06-16 15:50:26,924][root][INFO] - Epoch [1/5], Batch [35/300], Loss: 1.8335 (Overall: 1.3863, Change: 1.8095), TF Ratio: 0.993
[2026-06-16 15:50:27,076][root][INFO] - Epoch [1/5], Batch [36/300], Loss: 1.8283 (Overall: 1.3509, Change: 1.9422), TF Ratio: 0.993
[2026-06-16 15:50:27,226][root][INFO] - Epoch [1/5], Batch [37/300], Loss: 1.8235 (Overall: 1.3811, Change: 1.9213), TF Ratio: 0.993
[2026-06-16 15:50:27,376][root][INFO] - Epoch [1/5], Batch [38/300], Loss: 1.8159 (Overall: 1.4257, Change: 1.6456), TF Ratio: 0.992
[2026-06-16 15:50:27,526][root][INFO] - Epoch [1/5], Batch [39/300], Loss: 1.8160 (Overall: 1.8021, Change: 1.8401), TF Ratio: 0.992
[2026-06-16 15:50:27,677][root][INFO] - Epoch [1/5], Batch [40/300], Loss: 1.8121 (Overall: 1.4843, Change: 1.8303), TF Ratio: 0.992
[2026-06-16 15:50:27,831][root][INFO] - Epoch [1/5], Batch [41/300], Loss: 1.8073 (Overall: 1.4802, Change: 1.7501), TF Ratio: 0.992
[2026-06-16 15:50:28,134][root][INFO] - Epoch [1/5], Batch [42/300], Loss: 1.7990 (Overall: 1.2412, Change: 1.6752), TF Ratio: 0.992
[2026-06-16 15:50:28,293][root][INFO] - Epoch [1/5], Batch [43/300], Loss: 1.7978 (Overall: 1.3036, Change: 2.1946), TF Ratio: 0.991
[2026-06-16 15:50:28,444][root][INFO] - Epoch [1/5], Batch [44/300], Loss: 1.7870 (Overall: 1.2103, Change: 1.4348), TF Ratio: 0.991
[2026-06-16 15:50:28,594][root][INFO] - Epoch [1/5], Batch [45/300], Loss: 1.7814 (Overall: 1.4389, Change: 1.6291), TF Ratio: 0.991
[2026-06-16 15:50:28,745][root][INFO] - Epoch [1/5], Batch [46/300], Loss: 1.7763 (Overall: 1.2094, Change: 1.8843), TF Ratio: 0.991
[2026-06-16 15:50:28,896][root][INFO] - Epoch [1/5], Batch [47/300], Loss: 1.7708 (Overall: 1.2941, Change: 1.7456), TF Ratio: 0.991
[2026-06-16 15:50:29,046][root][INFO] - Epoch [1/5], Batch [48/300], Loss: 1.7662 (Overall: 1.4727, Change: 1.6252), TF Ratio: 0.990
[2026-06-16 15:50:29,196][root][INFO] - Epoch [1/5], Batch [49/300], Loss: 1.7641 (Overall: 1.4280, Change: 1.8995), TF Ratio: 0.990
[2026-06-16 15:50:29,449][root][INFO] - Epoch [1/5], Batch [50/300], Loss: 1.7605 (Overall: 1.3293, Change: 1.8358), TF Ratio: 0.990
[2026-06-16 15:50:29,622][root][INFO] - Epoch [1/5], Batch [51/300], Loss: 1.7578 (Overall: 1.3715, Change: 1.8767), TF Ratio: 0.990
[2026-06-16 15:50:29,774][root][INFO] - Epoch [1/5], Batch [52/300], Loss: 1.7536 (Overall: 1.3672, Change: 1.7161), TF Ratio: 0.990
[2026-06-16 15:50:29,923][root][INFO] - Epoch [1/5], Batch [53/300], Loss: 1.7521 (Overall: 1.3502, Change: 1.9891), TF Ratio: 0.989
[2026-06-16 15:50:30,073][root][INFO] - Epoch [1/5], Batch [54/300], Loss: 1.7477 (Overall: 1.3035, Change: 1.7299), TF Ratio: 0.989
[2026-06-16 15:50:30,224][root][INFO] - Epoch [1/5], Batch [55/300], Loss: 1.7453 (Overall: 1.3487, Change: 1.8882), TF Ratio: 0.989
[2026-06-16 15:50:30,391][root][INFO] - Epoch [1/5], Batch [56/300], Loss: 1.7427 (Overall: 1.3650, Change: 1.8305), TF Ratio: 0.989
[2026-06-16 15:50:30,549][root][INFO] - Epoch [1/5], Batch [57/300], Loss: 1.7380 (Overall: 1.3838, Change: 1.5686), TF Ratio: 0.989
[2026-06-16 15:50:30,699][root][INFO] - Epoch [1/5], Batch [58/300], Loss: 1.7330 (Overall: 1.2308, Change: 1.6662), TF Ratio: 0.988
[2026-06-16 15:50:30,849][root][INFO] - Epoch [1/5], Batch [59/300], Loss: 1.7314 (Overall: 1.4539, Change: 1.8126), TF Ratio: 0.988
[2026-06-16 15:50:31,008][root][INFO] - Epoch [1/5], Batch [60/300], Loss: 1.7276 (Overall: 1.1578, Change: 1.8543), TF Ratio: 0.988
[2026-06-16 15:50:31,158][root][INFO] - Epoch [1/5], Batch [61/300], Loss: 1.7243 (Overall: 1.2389, Change: 1.8143), TF Ratio: 0.988
[2026-06-16 15:50:31,309][root][INFO] - Epoch [1/5], Batch [62/300], Loss: 1.7215 (Overall: 1.3800, Change: 1.7167), TF Ratio: 0.988
[2026-06-16 15:50:31,460][root][INFO] - Epoch [1/5], Batch [63/300], Loss: 1.7203 (Overall: 1.3014, Change: 1.9892), TF Ratio: 0.987
[2026-06-16 15:50:31,614][root][INFO] - Epoch [1/5], Batch [64/300], Loss: 1.7152 (Overall: 1.2582, Change: 1.5322), TF Ratio: 0.987
[2026-06-16 15:50:31,763][root][INFO] - Epoch [1/5], Batch [65/300], Loss: 1.7121 (Overall: 1.2454, Change: 1.7796), TF Ratio: 0.987
[2026-06-16 15:50:32,033][root][INFO] - Epoch [1/5], Batch [66/300], Loss: 1.7097 (Overall: 1.3330, Change: 1.7841), TF Ratio: 0.987
[2026-06-16 15:50:32,183][root][INFO] - Epoch [1/5], Batch [67/300], Loss: 1.7059 (Overall: 1.2041, Change: 1.6973), TF Ratio: 0.987
[2026-06-16 15:50:32,337][root][INFO] - Epoch [1/5], Batch [68/300], Loss: 1.7007 (Overall: 1.1680, Change: 1.5416), TF Ratio: 0.986
[2026-06-16 15:50:32,487][root][INFO] - Epoch [1/5], Batch [69/300], Loss: 1.6945 (Overall: 1.1165, Change: 1.4345), TF Ratio: 0.986
[2026-06-16 15:50:32,637][root][INFO] - Epoch [1/5], Batch [70/300], Loss: 1.6923 (Overall: 1.1375, Change: 1.9312), TF Ratio: 0.986
[2026-06-16 15:50:32,789][root][INFO] - Epoch [1/5], Batch [71/300], Loss: 1.6885 (Overall: 1.1276, Change: 1.7271), TF Ratio: 0.986
[2026-06-16 15:50:32,940][root][INFO] - Epoch [1/5], Batch [72/300], Loss: 1.6839 (Overall: 1.1703, Change: 1.5341), TF Ratio: 0.986
[2026-06-16 15:50:33,092][root][INFO] - Epoch [1/5], Batch [73/300], Loss: 1.6817 (Overall: 1.1597, Change: 1.8963), TF Ratio: 0.985
[2026-06-16 15:50:33,246][root][INFO] - Epoch [1/5], Batch [74/300], Loss: 1.6788 (Overall: 1.0786, Change: 1.8597), TF Ratio: 0.985
[2026-06-16 15:50:33,396][root][INFO] - Epoch [1/5], Batch [75/300], Loss: 1.6753 (Overall: 1.2837, Change: 1.5381), TF Ratio: 0.985
[2026-06-16 15:50:33,547][root][INFO] - Epoch [1/5], Batch [76/300], Loss: 1.6728 (Overall: 1.1307, Change: 1.8447), TF Ratio: 0.985
[2026-06-16 15:50:33,846][root][INFO] - Epoch [1/5], Batch [77/300], Loss: 1.6720 (Overall: 1.5594, Change: 1.6566), TF Ratio: 0.985
[2026-06-16 15:50:33,996][root][INFO] - Epoch [1/5], Batch [78/300], Loss: 1.6729 (Overall: 1.5134, Change: 1.9722), TF Ratio: 0.984
[2026-06-16 15:50:34,147][root][INFO] - Epoch [1/5], Batch [79/300], Loss: 1.6702 (Overall: 1.1197, Change: 1.8080), TF Ratio: 0.984
[2026-06-16 15:50:34,298][root][INFO] - Epoch [1/5], Batch [80/300], Loss: 1.6699 (Overall: 1.4974, Change: 1.7907), TF Ratio: 0.984
[2026-06-16 15:50:34,456][root][INFO] - Epoch [1/5], Batch [81/300], Loss: 1.6696 (Overall: 1.5457, Change: 1.7507), TF Ratio: 0.984
[2026-06-16 15:50:34,607][root][INFO] - Epoch [1/5], Batch [82/300], Loss: 1.6675 (Overall: 1.2420, Change: 1.7513), TF Ratio: 0.984
[2026-06-16 15:50:34,757][root][INFO] - Epoch [1/5], Batch [83/300], Loss: 1.6670 (Overall: 1.4650, Change: 1.7895), TF Ratio: 0.983
[2026-06-16 15:50:34,909][root][INFO] - Epoch [1/5], Batch [84/300], Loss: 1.6649 (Overall: 1.1582, Change: 1.8141), TF Ratio: 0.983
[2026-06-16 15:50:35,058][root][INFO] - Epoch [1/5], Batch [85/300], Loss: 1.6627 (Overall: 1.1995, Change: 1.7680), TF Ratio: 0.983
[2026-06-16 15:50:35,212][root][INFO] - Epoch [1/5], Batch [86/300], Loss: 1.6615 (Overall: 1.2225, Change: 1.8865), TF Ratio: 0.983
[2026-06-16 15:50:35,363][root][INFO] - Epoch [1/5], Batch [87/300], Loss: 1.6567 (Overall: 1.0212, Change: 1.4678), TF Ratio: 0.983
[2026-06-16 15:50:35,514][root][INFO] - Epoch [1/5], Batch [88/300], Loss: 1.6522 (Overall: 1.0670, Change: 1.4514), TF Ratio: 0.982
[2026-06-16 15:50:35,666][root][INFO] - Epoch [1/5], Batch [89/300], Loss: 1.6505 (Overall: 1.3791, Change: 1.6307), TF Ratio: 0.982
[2026-06-16 15:50:36,044][root][INFO] - Epoch [1/5], Batch [90/300], Loss: 1.6504 (Overall: 1.4820, Change: 1.7987), TF Ratio: 0.982
[2026-06-16 15:50:36,194][root][INFO] - Epoch [1/5], Batch [91/300], Loss: 1.6506 (Overall: 1.4800, Change: 1.8565), TF Ratio: 0.982
[2026-06-16 15:50:36,346][root][INFO] - Epoch [1/5], Batch [92/300], Loss: 1.6458 (Overall: 1.1980, Change: 1.2270), TF Ratio: 0.982
[2026-06-16 15:50:36,503][root][INFO] - Epoch [1/5], Batch [93/300], Loss: 1.6453 (Overall: 1.4036, Change: 1.7784), TF Ratio: 0.981
[2026-06-16 15:50:36,658][root][INFO] - Epoch [1/5], Batch [94/300], Loss: 1.6411 (Overall: 1.2203, Change: 1.2921), TF Ratio: 0.981
[2026-06-16 15:50:36,808][root][INFO] - Epoch [1/5], Batch [95/300], Loss: 1.6392 (Overall: 1.1865, Change: 1.7403), TF Ratio: 0.981
[2026-06-16 15:50:36,958][root][INFO] - Epoch [1/5], Batch [96/300], Loss: 1.6374 (Overall: 1.2768, Change: 1.6549), TF Ratio: 0.981
[2026-06-16 15:50:37,118][root][INFO] - Epoch [1/5], Batch [97/300], Loss: 1.6370 (Overall: 1.2814, Change: 1.9163), TF Ratio: 0.981
[2026-06-16 15:50:37,516][root][INFO] - Epoch [1/5], Batch [98/300], Loss: 1.6349 (Overall: 1.2652, Change: 1.5908), TF Ratio: 0.980
[2026-06-16 15:50:37,671][root][INFO] - Epoch [1/5], Batch [99/300], Loss: 1.6319 (Overall: 1.2222, Change: 1.4456), TF Ratio: 0.980
[2026-06-16 15:50:37,834][root][INFO] - Epoch [1/5], Batch [100/300], Loss: 1.6309 (Overall: 1.1162, Change: 1.9596), TF Ratio: 0.980
[2026-06-16 15:50:37,985][root][INFO] - Epoch [1/5], Batch [101/300], Loss: 1.6291 (Overall: 1.1232, Change: 1.7673), TF Ratio: 0.980
[2026-06-16 15:50:38,135][root][INFO] - Epoch [1/5], Batch [102/300], Loss: 1.6281 (Overall: 1.2743, Change: 1.7805), TF Ratio: 0.980
[2026-06-16 15:50:38,286][root][INFO] - Epoch [1/5], Batch [103/300], Loss: 1.6280 (Overall: 1.2336, Change: 1.9993), TF Ratio: 0.979
[2026-06-16 15:50:38,436][root][INFO] - Epoch [1/5], Batch [104/300], Loss: 1.6244 (Overall: 1.2165, Change: 1.3025), TF Ratio: 0.979
[2026-06-16 15:50:38,586][root][INFO] - Epoch [1/5], Batch [105/300], Loss: 1.6210 (Overall: 1.0947, Change: 1.4424), TF Ratio: 0.979
[2026-06-16 15:50:39,044][root][INFO] - Epoch [1/5], Batch [106/300], Loss: 1.6198 (Overall: 1.1566, Change: 1.8146), TF Ratio: 0.979
[2026-06-16 15:50:39,194][root][INFO] - Epoch [1/5], Batch [107/300], Loss: 1.6209 (Overall: 1.7010, Change: 1.7719), TF Ratio: 0.979
[2026-06-16 15:50:39,345][root][INFO] - Epoch [1/5], Batch [108/300], Loss: 1.6191 (Overall: 1.0622, Change: 1.7907), TF Ratio: 0.978
[2026-06-16 15:50:39,495][root][INFO] - Epoch [1/5], Batch [109/300], Loss: 1.6159 (Overall: 1.0544, Change: 1.4850), TF Ratio: 0.978
[2026-06-16 15:50:39,648][root][INFO] - Epoch [1/5], Batch [110/300], Loss: 1.6129 (Overall: 1.0881, Change: 1.4873), TF Ratio: 0.978
[2026-06-16 15:50:39,798][root][INFO] - Epoch [1/5], Batch [111/300], Loss: 1.6113 (Overall: 1.1772, Change: 1.6937), TF Ratio: 0.978
[2026-06-16 15:50:39,950][root][INFO] - Epoch [1/5], Batch [112/300], Loss: 1.6076 (Overall: 1.1035, Change: 1.2913), TF Ratio: 0.978
[2026-06-16 15:50:40,100][root][INFO] - Epoch [1/5], Batch [113/300], Loss: 1.6070 (Overall: 1.2759, Change: 1.8017), TF Ratio: 0.977
[2026-06-16 15:50:40,422][root][INFO] - Epoch [1/5], Batch [114/300], Loss: 1.6077 (Overall: 1.4910, Change: 1.8871), TF Ratio: 0.977
[2026-06-16 15:50:40,573][root][INFO] - Epoch [1/5], Batch [115/300], Loss: 1.6061 (Overall: 1.0596, Change: 1.7925), TF Ratio: 0.977
[2026-06-16 15:50:40,724][root][INFO] - Epoch [1/5], Batch [116/300], Loss: 1.6032 (Overall: 1.0998, Change: 1.4339), TF Ratio: 0.977
[2026-06-16 15:50:40,873][root][INFO] - Epoch [1/5], Batch [117/300], Loss: 1.6010 (Overall: 0.9904, Change: 1.7137), TF Ratio: 0.977
[2026-06-16 15:50:41,024][root][INFO] - Epoch [1/5], Batch [118/300], Loss: 1.5971 (Overall: 1.0722, Change: 1.1979), TF Ratio: 0.976
[2026-06-16 15:50:41,174][root][INFO] - Epoch [1/5], Batch [119/300], Loss: 1.5968 (Overall: 1.3970, Change: 1.7280), TF Ratio: 0.976
[2026-06-16 15:50:41,325][root][INFO] - Epoch [1/5], Batch [120/300], Loss: 1.5967 (Overall: 1.2719, Change: 1.8939), TF Ratio: 0.976
[2026-06-16 15:50:41,474][root][INFO] - Epoch [1/5], Batch [121/300], Loss: 1.5944 (Overall: 1.0651, Change: 1.5808), TF Ratio: 0.976
[2026-06-16 15:50:41,638][root][INFO] - Epoch [1/5], Batch [122/300], Loss: 1.5943 (Overall: 1.5543, Change: 1.6067), TF Ratio: 0.976
[2026-06-16 15:50:41,788][root][INFO] - Epoch [1/5], Batch [123/300], Loss: 1.5925 (Overall: 1.1400, Change: 1.6020), TF Ratio: 0.975
[2026-06-16 15:50:41,943][root][INFO] - Epoch [1/5], Batch [124/300], Loss: 1.5923 (Overall: 1.2745, Change: 1.8708), TF Ratio: 0.975
[2026-06-16 15:50:42,092][root][INFO] - Epoch [1/5], Batch [125/300], Loss: 1.5901 (Overall: 1.0043, Change: 1.6209), TF Ratio: 0.975
[2026-06-16 15:50:42,243][root][INFO] - Epoch [1/5], Batch [126/300], Loss: 1.5881 (Overall: 1.1069, Change: 1.5617), TF Ratio: 0.975
[2026-06-16 15:50:42,394][root][INFO] - Epoch [1/5], Batch [127/300], Loss: 1.5901 (Overall: 1.2059, Change: 2.4898), TF Ratio: 0.975
[2026-06-16 15:50:42,546][root][INFO] - Epoch [1/5], Batch [128/300], Loss: 1.5878 (Overall: 1.0492, Change: 1.5354), TF Ratio: 0.974
[2026-06-16 15:50:42,696][root][INFO] - Epoch [1/5], Batch [129/300], Loss: 1.5878 (Overall: 1.4430, Change: 1.7240), TF Ratio: 0.974
[2026-06-16 15:50:42,939][root][INFO] - Epoch [1/5], Batch [130/300], Loss: 1.5859 (Overall: 1.1256, Change: 1.5804), TF Ratio: 0.974
[2026-06-16 15:50:43,090][root][INFO] - Epoch [1/5], Batch [131/300], Loss: 1.5849 (Overall: 1.0219, Change: 1.8889), TF Ratio: 0.974
[2026-06-16 15:50:43,242][root][INFO] - Epoch [1/5], Batch [132/300], Loss: 1.5833 (Overall: 0.9972, Change: 1.7414), TF Ratio: 0.974
[2026-06-16 15:50:43,392][root][INFO] - Epoch [1/5], Batch [133/300], Loss: 1.5846 (Overall: 1.6763, Change: 1.8389), TF Ratio: 0.973
[2026-06-16 15:50:43,542][root][INFO] - Epoch [1/5], Batch [134/300], Loss: 1.5836 (Overall: 1.3674, Change: 1.5344), TF Ratio: 0.973
[2026-06-16 15:50:43,692][root][INFO] - Epoch [1/5], Batch [135/300], Loss: 1.5860 (Overall: 1.8475, Change: 1.9562), TF Ratio: 0.973
[2026-06-16 15:50:43,843][root][INFO] - Epoch [1/5], Batch [136/300], Loss: 1.5846 (Overall: 1.0894, Change: 1.7091), TF Ratio: 0.973
[2026-06-16 15:50:43,995][root][INFO] - Epoch [1/5], Batch [137/300], Loss: 1.5822 (Overall: 0.9405, Change: 1.5698), TF Ratio: 0.973
[2026-06-16 15:50:44,540][root][INFO] - Epoch [1/5], Batch [138/300], Loss: 1.5810 (Overall: 1.1321, Change: 1.7095), TF Ratio: 0.972
[2026-06-16 15:50:44,693][root][INFO] - Epoch [1/5], Batch [139/300], Loss: 1.5808 (Overall: 1.4158, Change: 1.6798), TF Ratio: 0.972
[2026-06-16 15:50:44,848][root][INFO] - Epoch [1/5], Batch [140/300], Loss: 1.5803 (Overall: 1.3843, Change: 1.6272), TF Ratio: 0.972
[2026-06-16 15:50:44,999][root][INFO] - Epoch [1/5], Batch [141/300], Loss: 1.5782 (Overall: 0.9685, Change: 1.6120), TF Ratio: 0.972
[2026-06-16 15:50:45,149][root][INFO] - Epoch [1/5], Batch [142/300], Loss: 1.5770 (Overall: 1.1690, Change: 1.6354), TF Ratio: 0.972
[2026-06-16 15:50:45,299][root][INFO] - Epoch [1/5], Batch [143/300], Loss: 1.5761 (Overall: 1.0784, Change: 1.8184), TF Ratio: 0.971
[2026-06-16 15:50:45,452][root][INFO] - Epoch [1/5], Batch [144/300], Loss: 1.5740 (Overall: 1.0122, Change: 1.5356), TF Ratio: 0.971
[2026-06-16 15:50:45,602][root][INFO] - Epoch [1/5], Batch [145/300], Loss: 1.5720 (Overall: 0.9931, Change: 1.5945), TF Ratio: 0.971
[2026-06-16 15:50:45,753][root][INFO] - Epoch [1/5], Batch [146/300], Loss: 1.5700 (Overall: 1.0489, Change: 1.4996), TF Ratio: 0.971
[2026-06-16 15:50:45,904][root][INFO] - Epoch [1/5], Batch [147/300], Loss: 1.5692 (Overall: 1.2424, Change: 1.6594), TF Ratio: 0.971
[2026-06-16 15:50:46,055][root][INFO] - Epoch [1/5], Batch [148/300], Loss: 1.5698 (Overall: 1.4772, Change: 1.8286), TF Ratio: 0.970
[2026-06-16 15:50:46,205][root][INFO] - Epoch [1/5], Batch [149/300], Loss: 1.5673 (Overall: 0.9116, Change: 1.4898), TF Ratio: 0.970
[2026-06-16 15:50:46,359][root][INFO] - Epoch [1/5], Batch [150/300], Loss: 1.5662 (Overall: 1.1207, Change: 1.6856), TF Ratio: 0.970
[2026-06-16 15:50:46,509][root][INFO] - Epoch [1/5], Batch [151/300], Loss: 1.5659 (Overall: 1.3414, Change: 1.7174), TF Ratio: 0.970
[2026-06-16 15:50:46,661][root][INFO] - Epoch [1/5], Batch [152/300], Loss: 1.5627 (Overall: 0.9120, Change: 1.2239), TF Ratio: 0.970
[2026-06-16 15:50:46,816][root][INFO] - Epoch [1/5], Batch [153/300], Loss: 1.5620 (Overall: 1.2652, Change: 1.6627), TF Ratio: 0.969
[2026-06-16 15:50:46,981][root][INFO] - Epoch [1/5], Batch [154/300], Loss: 1.5600 (Overall: 1.0476, Change: 1.4706), TF Ratio: 0.969
[2026-06-16 15:50:47,131][root][INFO] - Epoch [1/5], Batch [155/300], Loss: 1.5585 (Overall: 1.0963, Change: 1.5401), TF Ratio: 0.969
[2026-06-16 15:50:47,283][root][INFO] - Epoch [1/5], Batch [156/300], Loss: 1.5573 (Overall: 1.2218, Change: 1.5390), TF Ratio: 0.969
[2026-06-16 15:50:47,433][root][INFO] - Epoch [1/5], Batch [157/300], Loss: 1.5573 (Overall: 1.1753, Change: 1.9302), TF Ratio: 0.969
[2026-06-16 15:50:47,584][root][INFO] - Epoch [1/5], Batch [158/300], Loss: 1.5569 (Overall: 1.2048, Change: 1.7835), TF Ratio: 0.968
[2026-06-16 15:50:47,735][root][INFO] - Epoch [1/5], Batch [159/300], Loss: 1.5558 (Overall: 1.1421, Change: 1.6098), TF Ratio: 0.968
[2026-06-16 15:50:47,887][root][INFO] - Epoch [1/5], Batch [160/300], Loss: 1.5541 (Overall: 1.2075, Change: 1.3737), TF Ratio: 0.968
[2026-06-16 15:50:48,037][root][INFO] - Epoch [1/5], Batch [161/300], Loss: 1.5527 (Overall: 1.0681, Change: 1.5674), TF Ratio: 0.968
[2026-06-16 15:50:48,195][root][INFO] - Epoch [1/5], Batch [162/300], Loss: 1.5505 (Overall: 1.2164, Change: 1.2063), TF Ratio: 0.968
[2026-06-16 15:50:48,352][root][INFO] - Epoch [1/5], Batch [163/300], Loss: 1.5487 (Overall: 1.1457, Change: 1.3438), TF Ratio: 0.967
[2026-06-16 15:50:48,504][root][INFO] - Epoch [1/5], Batch [164/300], Loss: 1.5473 (Overall: 1.0240, Change: 1.6129), TF Ratio: 0.967
[2026-06-16 15:50:48,653][root][INFO] - Epoch [1/5], Batch [165/300], Loss: 1.5462 (Overall: 1.0382, Change: 1.7000), TF Ratio: 0.967
[2026-06-16 15:50:48,803][root][INFO] - Epoch [1/5], Batch [166/300], Loss: 1.5457 (Overall: 1.3865, Change: 1.5414), TF Ratio: 0.967
[2026-06-16 15:50:48,954][root][INFO] - Epoch [1/5], Batch [167/300], Loss: 1.5454 (Overall: 1.1566, Change: 1.8209), TF Ratio: 0.967
[2026-06-16 15:50:49,110][root][INFO] - Epoch [1/5], Batch [168/300], Loss: 1.5447 (Overall: 1.3175, Change: 1.5445), TF Ratio: 0.966
[2026-06-16 15:50:49,267][root][INFO] - Epoch [1/5], Batch [169/300], Loss: 1.5430 (Overall: 1.0119, Change: 1.5217), TF Ratio: 0.966
[2026-06-16 15:50:49,418][root][INFO] - Epoch [1/5], Batch [170/300], Loss: 1.5413 (Overall: 1.0084, Change: 1.4810), TF Ratio: 0.966
[2026-06-16 15:50:49,569][root][INFO] - Epoch [1/5], Batch [171/300], Loss: 1.5400 (Overall: 1.0929, Change: 1.5382), TF Ratio: 0.966
[2026-06-16 15:50:49,720][root][INFO] - Epoch [1/5], Batch [172/300], Loss: 1.5399 (Overall: 1.3581, Change: 1.7159), TF Ratio: 0.966
[2026-06-16 15:50:49,870][root][INFO] - Epoch [1/5], Batch [173/300], Loss: 1.5383 (Overall: 1.0132, Change: 1.5101), TF Ratio: 0.965
[2026-06-16 15:50:50,020][root][INFO] - Epoch [1/5], Batch [174/300], Loss: 1.5362 (Overall: 0.9386, Change: 1.3966), TF Ratio: 0.965
[2026-06-16 15:50:50,171][root][INFO] - Epoch [1/5], Batch [175/300], Loss: 1.5348 (Overall: 1.0875, Change: 1.5065), TF Ratio: 0.965
[2026-06-16 15:50:50,334][root][INFO] - Epoch [1/5], Batch [176/300], Loss: 1.5344 (Overall: 1.3223, Change: 1.5965), TF Ratio: 0.965
[2026-06-16 15:50:50,485][root][INFO] - Epoch [1/5], Batch [177/300], Loss: 1.5332 (Overall: 1.0464, Change: 1.5931), TF Ratio: 0.965
[2026-06-16 15:50:50,635][root][INFO] - Epoch [1/5], Batch [178/300], Loss: 1.5328 (Overall: 1.1678, Change: 1.7656), TF Ratio: 0.964
[2026-06-16 15:50:50,786][root][INFO] - Epoch [1/5], Batch [179/300], Loss: 1.5306 (Overall: 0.9394, Change: 1.3207), TF Ratio: 0.964
[2026-06-16 15:50:50,937][root][INFO] - Epoch [1/5], Batch [180/300], Loss: 1.5285 (Overall: 1.0826, Change: 1.2483), TF Ratio: 0.964
[2026-06-16 15:50:51,088][root][INFO] - Epoch [1/5], Batch [181/300], Loss: 1.5271 (Overall: 1.2463, Change: 1.2755), TF Ratio: 0.964
[2026-06-16 15:50:51,239][root][INFO] - Epoch [1/5], Batch [182/300], Loss: 1.5255 (Overall: 0.9299, Change: 1.5680), TF Ratio: 0.964
[2026-06-16 15:50:51,391][root][INFO] - Epoch [1/5], Batch [183/300], Loss: 1.5228 (Overall: 0.9368, Change: 1.1258), TF Ratio: 0.963
[2026-06-16 15:50:51,553][root][INFO] - Epoch [1/5], Batch [184/300], Loss: 1.5219 (Overall: 1.0352, Change: 1.6562), TF Ratio: 0.963
[2026-06-16 15:50:51,704][root][INFO] - Epoch [1/5], Batch [185/300], Loss: 1.5210 (Overall: 1.0119, Change: 1.7007), TF Ratio: 0.963
[2026-06-16 15:50:51,855][root][INFO] - Epoch [1/5], Batch [186/300], Loss: 1.5188 (Overall: 0.8981, Change: 1.3342), TF Ratio: 0.963
[2026-06-16 15:50:52,005][root][INFO] - Epoch [1/5], Batch [187/300], Loss: 1.5183 (Overall: 1.0733, Change: 1.7864), TF Ratio: 0.963
[2026-06-16 15:50:52,157][root][INFO] - Epoch [1/5], Batch [188/300], Loss: 1.5212 (Overall: 1.2225, Change: 2.9130), TF Ratio: 0.962
[2026-06-16 15:50:52,307][root][INFO] - Epoch [1/5], Batch [189/300], Loss: 1.5213 (Overall: 0.9617, Change: 2.0909), TF Ratio: 0.962
[2026-06-16 15:50:52,458][root][INFO] - Epoch [1/5], Batch [190/300], Loss: 1.5204 (Overall: 0.9785, Change: 1.7324), TF Ratio: 0.962
[2026-06-16 15:50:52,609][root][INFO] - Epoch [1/5], Batch [191/300], Loss: 1.5193 (Overall: 0.8953, Change: 1.7186), TF Ratio: 0.962
[2026-06-16 15:50:52,766][root][INFO] - Epoch [1/5], Batch [192/300], Loss: 1.5169 (Overall: 0.8799, Change: 1.2563), TF Ratio: 0.962
[2026-06-16 15:50:52,916][root][INFO] - Epoch [1/5], Batch [193/300], Loss: 1.5170 (Overall: 1.1375, Change: 1.9303), TF Ratio: 0.961
[2026-06-16 15:50:53,067][root][INFO] - Epoch [1/5], Batch [194/300], Loss: 1.5147 (Overall: 0.8454, Change: 1.2866), TF Ratio: 0.961
[2026-06-16 15:50:53,219][root][INFO] - Epoch [1/5], Batch [195/300], Loss: 1.5138 (Overall: 1.1149, Change: 1.5625), TF Ratio: 0.961
[2026-06-16 15:50:53,376][root][INFO] - Epoch [1/5], Batch [196/300], Loss: 1.5144 (Overall: 1.4839, Change: 1.7755), TF Ratio: 0.961
[2026-06-16 15:50:53,535][root][INFO] - Epoch [1/5], Batch [197/300], Loss: 1.5129 (Overall: 0.9847, Change: 1.4511), TF Ratio: 0.961
[2026-06-16 15:50:53,686][root][INFO] - Epoch [1/5], Batch [198/300], Loss: 1.5121 (Overall: 1.0150, Change: 1.6943), TF Ratio: 0.960
[2026-06-16 15:50:53,837][root][INFO] - Epoch [1/5], Batch [199/300], Loss: 1.5106 (Overall: 0.8952, Change: 1.5324), TF Ratio: 0.960
[2026-06-16 15:50:53,988][root][INFO] - Epoch [1/5], Batch [200/300], Loss: 1.5103 (Overall: 1.1991, Change: 1.7175), TF Ratio: 0.960
[2026-06-16 15:50:54,139][root][INFO] - Epoch [1/5], Batch [201/300], Loss: 1.5098 (Overall: 1.0880, Change: 1.7116), TF Ratio: 0.960
[2026-06-16 15:50:54,289][root][INFO] - Epoch [1/5], Batch [202/300], Loss: 1.5077 (Overall: 0.9266, Change: 1.2521), TF Ratio: 0.960
[2026-06-16 15:50:54,440][root][INFO] - Epoch [1/5], Batch [203/300], Loss: 1.5069 (Overall: 1.0767, Change: 1.6064), TF Ratio: 0.959
[2026-06-16 15:50:54,592][root][INFO] - Epoch [1/5], Batch [204/300], Loss: 1.5064 (Overall: 1.0866, Change: 1.7360), TF Ratio: 0.959
[2026-06-16 15:50:54,742][root][INFO] - Epoch [1/5], Batch [205/300], Loss: 1.5065 (Overall: 1.0643, Change: 1.9738), TF Ratio: 0.959
[2026-06-16 15:50:54,893][root][INFO] - Epoch [1/5], Batch [206/300], Loss: 1.5057 (Overall: 1.0381, Change: 1.6603), TF Ratio: 0.959
[2026-06-16 15:50:55,043][root][INFO] - Epoch [1/5], Batch [207/300], Loss: 1.5049 (Overall: 1.0889, Change: 1.5826), TF Ratio: 0.959
[2026-06-16 15:50:55,195][root][INFO] - Epoch [1/5], Batch [208/300], Loss: 1.5038 (Overall: 1.0352, Change: 1.5094), TF Ratio: 0.958
[2026-06-16 15:50:55,345][root][INFO] - Epoch [1/5], Batch [209/300], Loss: 1.5035 (Overall: 1.1884, Change: 1.7139), TF Ratio: 0.958
[2026-06-16 15:50:55,497][root][INFO] - Epoch [1/5], Batch [210/300], Loss: 1.5034 (Overall: 1.2170, Change: 1.7464), TF Ratio: 0.958
[2026-06-16 15:50:55,647][root][INFO] - Epoch [1/5], Batch [211/300], Loss: 1.5020 (Overall: 0.9231, Change: 1.4790), TF Ratio: 0.958
[2026-06-16 15:50:55,799][root][INFO] - Epoch [1/5], Batch [212/300], Loss: 1.5001 (Overall: 0.8626, Change: 1.3663), TF Ratio: 0.958
[2026-06-16 15:50:55,950][root][INFO] - Epoch [1/5], Batch [213/300], Loss: 1.4979 (Overall: 1.0306, Change: 1.0140), TF Ratio: 0.957
[2026-06-16 15:50:56,100][root][INFO] - Epoch [1/5], Batch [214/300], Loss: 1.4978 (Overall: 1.1786, Change: 1.7937), TF Ratio: 0.957
[2026-06-16 15:50:56,259][root][INFO] - Epoch [1/5], Batch [215/300], Loss: 1.4978 (Overall: 1.2731, Change: 1.7010), TF Ratio: 0.957
[2026-06-16 15:50:56,411][root][INFO] - Epoch [1/5], Batch [216/300], Loss: 1.4972 (Overall: 1.1325, Change: 1.6211), TF Ratio: 0.957
[2026-06-16 15:50:56,566][root][INFO] - Epoch [1/5], Batch [217/300], Loss: 1.4956 (Overall: 0.8519, Change: 1.4286), TF Ratio: 0.957
[2026-06-16 15:50:56,717][root][INFO] - Epoch [1/5], Batch [218/300], Loss: 1.4941 (Overall: 0.9372, Change: 1.3849), TF Ratio: 0.956
[2026-06-16 15:50:56,867][root][INFO] - Epoch [1/5], Batch [219/300], Loss: 1.4939 (Overall: 1.2990, Change: 1.6148), TF Ratio: 0.956
[2026-06-16 15:50:57,019][root][INFO] - Epoch [1/5], Batch [220/300], Loss: 1.4934 (Overall: 0.9224, Change: 1.8670), TF Ratio: 0.956
[2026-06-16 15:50:57,177][root][INFO] - Epoch [1/5], Batch [221/300], Loss: 1.4931 (Overall: 1.0549, Change: 1.7982), TF Ratio: 0.956
[2026-06-16 15:50:57,328][root][INFO] - Epoch [1/5], Batch [222/300], Loss: 1.4933 (Overall: 1.4132, Change: 1.6443), TF Ratio: 0.956
[2026-06-16 15:50:57,479][root][INFO] - Epoch [1/5], Batch [223/300], Loss: 1.4936 (Overall: 1.3152, Change: 1.8071), TF Ratio: 0.955
[2026-06-16 15:50:57,631][root][INFO] - Epoch [1/5], Batch [224/300], Loss: 1.4924 (Overall: 0.8873, Change: 1.5672), TF Ratio: 0.955
[2026-06-16 15:50:57,781][root][INFO] - Epoch [1/5], Batch [225/300], Loss: 1.4899 (Overall: 0.9344, Change: 0.9384), TF Ratio: 0.955
[2026-06-16 15:50:58,005][root][INFO] - Epoch [1/5], Batch [226/300], Loss: 1.4910 (Overall: 1.4764, Change: 1.9981), TF Ratio: 0.955
[2026-06-16 15:50:58,156][root][INFO] - Epoch [1/5], Batch [227/300], Loss: 1.4908 (Overall: 0.9875, Change: 1.8768), TF Ratio: 0.955
[2026-06-16 15:50:58,308][root][INFO] - Epoch [1/5], Batch [228/300], Loss: 1.4902 (Overall: 0.8689, Change: 1.8377), TF Ratio: 0.954
[2026-06-16 15:50:58,463][root][INFO] - Epoch [1/5], Batch [229/300], Loss: 1.4898 (Overall: 1.0992, Change: 1.7006), TF Ratio: 0.954
[2026-06-16 15:50:58,614][root][INFO] - Epoch [1/5], Batch [230/300], Loss: 1.4885 (Overall: 0.8270, Change: 1.5556), TF Ratio: 0.954
[2026-06-16 15:50:58,764][root][INFO] - Epoch [1/5], Batch [231/300], Loss: 1.4878 (Overall: 1.0831, Change: 1.5669), TF Ratio: 0.954
[2026-06-16 15:50:58,919][root][INFO] - Epoch [1/5], Batch [232/300], Loss: 1.4864 (Overall: 0.7724, Change: 1.5754), TF Ratio: 0.954
[2026-06-16 15:50:59,069][root][INFO] - Epoch [1/5], Batch [233/300], Loss: 1.4857 (Overall: 0.9591, Change: 1.6693), TF Ratio: 0.953
[2026-06-16 15:50:59,227][root][INFO] - Epoch [1/5], Batch [234/300], Loss: 1.4848 (Overall: 0.9817, Change: 1.5755), TF Ratio: 0.953
[2026-06-16 15:50:59,377][root][INFO] - Epoch [1/5], Batch [235/300], Loss: 1.4842 (Overall: 1.1442, Change: 1.5299), TF Ratio: 0.953
[2026-06-16 15:50:59,530][root][INFO] - Epoch [1/5], Batch [236/300], Loss: 1.4858 (Overall: 1.8099, Change: 1.9308), TF Ratio: 0.953
[2026-06-16 15:50:59,701][root][INFO] - Epoch [1/5], Batch [237/300], Loss: 1.4854 (Overall: 1.2744, Change: 1.5002), TF Ratio: 0.953
[2026-06-16 15:50:59,852][root][INFO] - Epoch [1/5], Batch [238/300], Loss: 1.4839 (Overall: 0.7989, Change: 1.4820), TF Ratio: 0.952
[2026-06-16 15:51:00,005][root][INFO] - Epoch [1/5], Batch [239/300], Loss: 1.4832 (Overall: 0.9201, Change: 1.6778), TF Ratio: 0.952
[2026-06-16 15:51:00,156][root][INFO] - Epoch [1/5], Batch [240/300], Loss: 1.4820 (Overall: 0.9706, Change: 1.4377), TF Ratio: 0.952
[2026-06-16 15:51:00,307][root][INFO] - Epoch [1/5], Batch [241/300], Loss: 1.4802 (Overall: 0.9741, Change: 1.1017), TF Ratio: 0.952
[2026-06-16 15:51:00,458][root][INFO] - Epoch [1/5], Batch [242/300], Loss: 1.4800 (Overall: 1.3227, Change: 1.5776), TF Ratio: 0.952
[2026-06-16 15:51:00,626][root][INFO] - Epoch [1/5], Batch [243/300], Loss: 1.4793 (Overall: 0.9617, Change: 1.6280), TF Ratio: 0.951
[2026-06-16 15:51:00,783][root][INFO] - Epoch [1/5], Batch [244/300], Loss: 1.4781 (Overall: 0.8924, Change: 1.4978), TF Ratio: 0.951
[2026-06-16 15:51:00,933][root][INFO] - Epoch [1/5], Batch [245/300], Loss: 1.4778 (Overall: 1.3286, Change: 1.4573), TF Ratio: 0.951
[2026-06-16 15:51:01,084][root][INFO] - Epoch [1/5], Batch [246/300], Loss: 1.4774 (Overall: 1.0722, Change: 1.7143), TF Ratio: 0.951
[2026-06-16 15:51:01,235][root][INFO] - Epoch [1/5], Batch [247/300], Loss: 1.4760 (Overall: 0.8966, Change: 1.3603), TF Ratio: 0.951
[2026-06-16 15:51:01,387][root][INFO] - Epoch [1/5], Batch [248/300], Loss: 1.4758 (Overall: 1.2792, Change: 1.5834), TF Ratio: 0.950
[2026-06-16 15:51:01,544][root][INFO] - Epoch [1/5], Batch [249/300], Loss: 1.4750 (Overall: 0.9735, Change: 1.5499), TF Ratio: 0.950
[2026-06-16 15:51:01,695][root][INFO] - Epoch [1/5], Batch [250/300], Loss: 1.4741 (Overall: 1.1021, Change: 1.3957), TF Ratio: 0.950
[2026-06-16 15:51:01,863][root][INFO] - Epoch [1/5], Batch [251/300], Loss: 1.4729 (Overall: 1.1558, Change: 1.2162), TF Ratio: 0.950
[2026-06-16 15:51:02,015][root][INFO] - Epoch [1/5], Batch [252/300], Loss: 1.4721 (Overall: 0.8956, Change: 1.6635), TF Ratio: 0.950
[2026-06-16 15:51:02,166][root][INFO] - Epoch [1/5], Batch [253/300], Loss: 1.4711 (Overall: 1.0495, Change: 1.3677), TF Ratio: 0.949
[2026-06-16 15:51:02,316][root][INFO] - Epoch [1/5], Batch [254/300], Loss: 1.4704 (Overall: 0.9551, Change: 1.6091), TF Ratio: 0.949
[2026-06-16 15:51:02,467][root][INFO] - Epoch [1/5], Batch [255/300], Loss: 1.4703 (Overall: 1.2565, Change: 1.6725), TF Ratio: 0.949
[2026-06-16 15:51:02,623][root][INFO] - Epoch [1/5], Batch [256/300], Loss: 1.4700 (Overall: 1.2534, Change: 1.5139), TF Ratio: 0.949
[2026-06-16 15:51:02,775][root][INFO] - Epoch [1/5], Batch [257/300], Loss: 1.4694 (Overall: 1.0178, Change: 1.5980), TF Ratio: 0.949
[2026-06-16 15:51:02,926][root][INFO] - Epoch [1/5], Batch [258/300], Loss: 1.4688 (Overall: 1.1975, Change: 1.4428), TF Ratio: 0.948
[2026-06-16 15:51:03,077][root][INFO] - Epoch [1/5], Batch [259/300], Loss: 1.4683 (Overall: 0.9710, Change: 1.7216), TF Ratio: 0.948
[2026-06-16 15:51:03,228][root][INFO] - Epoch [1/5], Batch [260/300], Loss: 1.4680 (Overall: 1.5418, Change: 1.2168), TF Ratio: 0.948
[2026-06-16 15:51:03,378][root][INFO] - Epoch [1/5], Batch [261/300], Loss: 1.4665 (Overall: 0.8871, Change: 1.2775), TF Ratio: 0.948
[2026-06-16 15:51:03,529][root][INFO] - Epoch [1/5], Batch [262/300], Loss: 1.4656 (Overall: 0.9045, Change: 1.5526), TF Ratio: 0.948
[2026-06-16 15:51:03,679][root][INFO] - Epoch [1/5], Batch [263/300], Loss: 1.4645 (Overall: 0.8069, Change: 1.5418), TF Ratio: 0.947
[2026-06-16 15:51:03,831][root][INFO] - Epoch [1/5], Batch [264/300], Loss: 1.4634 (Overall: 0.8739, Change: 1.4662), TF Ratio: 0.947
[2026-06-16 15:51:03,982][root][INFO] - Epoch [1/5], Batch [265/300], Loss: 1.4622 (Overall: 0.8974, Change: 1.4325), TF Ratio: 0.947
[2026-06-16 15:51:04,132][root][INFO] - Epoch [1/5], Batch [266/300], Loss: 1.4608 (Overall: 0.7604, Change: 1.3871), TF Ratio: 0.947
[2026-06-16 15:51:04,283][root][INFO] - Epoch [1/5], Batch [267/300], Loss: 1.4608 (Overall: 1.5115, Change: 1.4451), TF Ratio: 0.947
[2026-06-16 15:51:04,435][root][INFO] - Epoch [1/5], Batch [268/300], Loss: 1.4603 (Overall: 0.8647, Change: 1.7555), TF Ratio: 0.946
[2026-06-16 15:51:04,585][root][INFO] - Epoch [1/5], Batch [269/300], Loss: 1.4593 (Overall: 0.8784, Change: 1.5224), TF Ratio: 0.946
[2026-06-16 15:51:04,737][root][INFO] - Epoch [1/5], Batch [270/300], Loss: 1.4584 (Overall: 0.7881, Change: 1.6645), TF Ratio: 0.946
[2026-06-16 15:51:04,894][root][INFO] - Epoch [1/5], Batch [271/300], Loss: 1.4571 (Overall: 0.9798, Change: 1.2335), TF Ratio: 0.946
[2026-06-16 15:51:05,054][root][INFO] - Epoch [1/5], Batch [272/300], Loss: 1.4566 (Overall: 1.1992, Change: 1.3960), TF Ratio: 0.946
[2026-06-16 15:51:05,204][root][INFO] - Epoch [1/5], Batch [273/300], Loss: 1.4558 (Overall: 0.9801, Change: 1.5263), TF Ratio: 0.945
[2026-06-16 15:51:05,363][root][INFO] - Epoch [1/5], Batch [274/300], Loss: 1.4551 (Overall: 1.2433, Change: 1.2822), TF Ratio: 0.945
[2026-06-16 15:51:05,514][root][INFO] - Epoch [1/5], Batch [275/300], Loss: 1.4541 (Overall: 0.8215, Change: 1.5416), TF Ratio: 0.945
[2026-06-16 15:51:05,666][root][INFO] - Epoch [1/5], Batch [276/300], Loss: 1.4548 (Overall: 1.0241, Change: 2.2826), TF Ratio: 0.945
[2026-06-16 15:51:05,816][root][INFO] - Epoch [1/5], Batch [277/300], Loss: 1.4543 (Overall: 1.0131, Change: 1.5732), TF Ratio: 0.945
[2026-06-16 15:51:05,967][root][INFO] - Epoch [1/5], Batch [278/300], Loss: 1.4531 (Overall: 0.9230, Change: 1.3556), TF Ratio: 0.944
[2026-06-16 15:51:06,118][root][INFO] - Epoch [1/5], Batch [279/300], Loss: 1.4528 (Overall: 1.1159, Change: 1.5838), TF Ratio: 0.944
[2026-06-16 15:51:06,275][root][INFO] - Epoch [1/5], Batch [280/300], Loss: 1.4525 (Overall: 1.0528, Change: 1.7015), TF Ratio: 0.944
[2026-06-16 15:51:06,444][root][INFO] - Epoch [1/5], Batch [281/300], Loss: 1.4522 (Overall: 1.0225, Change: 1.7512), TF Ratio: 0.944
[2026-06-16 15:51:06,595][root][INFO] - Epoch [1/5], Batch [282/300], Loss: 1.4521 (Overall: 1.1489, Change: 1.6709), TF Ratio: 0.944
[2026-06-16 15:51:06,745][root][INFO] - Epoch [1/5], Batch [283/300], Loss: 1.4513 (Overall: 0.9271, Change: 1.5049), TF Ratio: 0.943
[2026-06-16 15:51:06,897][root][INFO] - Epoch [1/5], Batch [284/300], Loss: 1.4512 (Overall: 1.0920, Change: 1.7767), TF Ratio: 0.943
[2026-06-16 15:51:07,047][root][INFO] - Epoch [1/5], Batch [285/300], Loss: 1.4514 (Overall: 1.1780, Change: 1.8556), TF Ratio: 0.943
[2026-06-16 15:51:07,202][root][INFO] - Epoch [1/5], Batch [286/300], Loss: 1.4510 (Overall: 0.8401, Change: 1.8277), TF Ratio: 0.943
[2026-06-16 15:51:07,353][root][INFO] - Epoch [1/5], Batch [287/300], Loss: 1.4505 (Overall: 1.1549, Change: 1.4725), TF Ratio: 0.943
[2026-06-16 15:51:07,505][root][INFO] - Epoch [1/5], Batch [288/300], Loss: 1.4492 (Overall: 0.8318, Change: 1.3172), TF Ratio: 0.942
[2026-06-16 15:51:07,660][root][INFO] - Epoch [1/5], Batch [289/300], Loss: 1.4490 (Overall: 0.9806, Change: 1.7688), TF Ratio: 0.942
[2026-06-16 15:51:07,810][root][INFO] - Epoch [1/5], Batch [290/300], Loss: 1.4485 (Overall: 1.3555, Change: 1.2463), TF Ratio: 0.942
[2026-06-16 15:51:07,961][root][INFO] - Epoch [1/5], Batch [291/300], Loss: 1.4475 (Overall: 0.9388, Change: 1.4079), TF Ratio: 0.942
[2026-06-16 15:51:08,113][root][INFO] - Epoch [1/5], Batch [292/300], Loss: 1.4472 (Overall: 0.9224, Change: 1.8099), TF Ratio: 0.942
[2026-06-16 15:51:08,263][root][INFO] - Epoch [1/5], Batch [293/300], Loss: 1.4467 (Overall: 1.0116, Change: 1.5539), TF Ratio: 0.941
[2026-06-16 15:51:08,413][root][INFO] - Epoch [1/5], Batch [294/300], Loss: 1.4464 (Overall: 1.0900, Change: 1.6460), TF Ratio: 0.941
[2026-06-16 15:51:08,574][root][INFO] - Epoch [1/5], Batch [295/300], Loss: 1.4455 (Overall: 1.0565, Change: 1.3119), TF Ratio: 0.941
[2026-06-16 15:51:08,726][root][INFO] - Epoch [1/5], Batch [296/300], Loss: 1.4446 (Overall: 0.8689, Change: 1.4954), TF Ratio: 0.941
[2026-06-16 15:51:08,877][root][INFO] - Epoch [1/5], Batch [297/300], Loss: 1.4440 (Overall: 0.9849, Change: 1.5345), TF Ratio: 0.941
[2026-06-16 15:51:09,027][root][INFO] - Epoch [1/5], Batch [298/300], Loss: 1.4431 (Overall: 0.9931, Change: 1.3555), TF Ratio: 0.940
[2026-06-16 15:51:09,177][root][INFO] - Epoch [1/5], Batch [299/300], Loss: 1.4435 (Overall: 1.4451, Change: 1.6793), TF Ratio: 0.940
[2026-06-16 15:51:09,328][root][INFO] - Epoch [1/5], Batch [300/300], Loss: 1.4438 (Overall: 1.3626, Change: 1.7052), TF Ratio: 0.940
[2026-06-16 15:51:11,524][root][INFO] - Epoch 1 done. Validating...
[2026-06-16 15:51:15,439][root][INFO] - Epoch [1/5] | Train: 1.4438 | Val: 0.7574
[2026-06-16 15:51:15,757][root][INFO] - Checkpoint saved: /gpfs/scratch/bsc32/bsc096444/ai4land-tfm/trained_models/unet_impl/41825186/best_model.pth
[2026-06-16 15:51:15,910][root][INFO] - Checkpoint saved: /gpfs/scratch/bsc32/bsc096444/ai4land-tfm/trained_models/unet_impl/41825186/model_epoch_1.pth
[2026-06-16 15:51:18,199][root][INFO] - Epoch [2/5], Batch [1/300], Loss: 1.3662 (Overall: 0.9079, Change: 1.8245), TF Ratio: 0.940
[2026-06-16 15:51:18,351][root][INFO] - Epoch [2/5], Batch [2/300], Loss: 1.3515 (Overall: 1.3417, Change: 1.3319), TF Ratio: 0.940
[2026-06-16 15:51:18,504][root][INFO] - Epoch [2/5], Batch [3/300], Loss: 1.3845 (Overall: 0.9966, Change: 1.9046), TF Ratio: 0.939
[2026-06-16 15:51:18,656][root][INFO] - Epoch [2/5], Batch [4/300], Loss: 1.3265 (Overall: 1.0262, Change: 1.2787), TF Ratio: 0.939
[2026-06-16 15:51:18,806][root][INFO] - Epoch [2/5], Batch [5/300], Loss: 1.2664 (Overall: 0.8604, Change: 1.1913), TF Ratio: 0.939
[2026-06-16 15:51:18,958][root][INFO] - Epoch [2/5], Batch [6/300], Loss: 1.2457 (Overall: 1.1508, Change: 1.1342), TF Ratio: 0.939
[2026-06-16 15:51:19,117][root][INFO] - Epoch [2/5], Batch [7/300], Loss: 1.2470 (Overall: 0.8363, Change: 1.6734), TF Ratio: 0.939
[2026-06-16 15:51:19,566][root][INFO] - Epoch [2/5], Batch [8/300], Loss: 1.2688 (Overall: 1.2376, Change: 1.6049), TF Ratio: 0.938
[2026-06-16 15:51:19,716][root][INFO] - Epoch [2/5], Batch [9/300], Loss: 1.2794 (Overall: 1.0457, Change: 1.6823), TF Ratio: 0.938
[2026-06-16 15:51:19,867][root][INFO] - Epoch [2/5], Batch [10/300], Loss: 1.2881 (Overall: 1.2067, Change: 1.5266), TF Ratio: 0.938
[2026-06-16 15:51:20,018][root][INFO] - Epoch [2/5], Batch [11/300], Loss: 1.2713 (Overall: 0.7314, Change: 1.4738), TF Ratio: 0.938
[2026-06-16 15:51:20,170][root][INFO] - Epoch [2/5], Batch [12/300], Loss: 1.2782 (Overall: 1.0837, Change: 1.6254), TF Ratio: 0.938
[2026-06-16 15:51:20,320][root][INFO] - Epoch [2/5], Batch [13/300], Loss: 1.2672 (Overall: 0.8697, Change: 1.4002), TF Ratio: 0.937
[2026-06-16 15:51:20,471][root][INFO] - Epoch [2/5], Batch [14/300], Loss: 1.2741 (Overall: 1.2684, Change: 1.4596), TF Ratio: 0.937
[2026-06-16 15:51:20,622][root][INFO] - Epoch [2/5], Batch [15/300], Loss: 1.2853 (Overall: 0.8343, Change: 2.0507), TF Ratio: 0.937
[2026-06-16 15:51:20,934][root][INFO] - Epoch [2/5], Batch [16/300], Loss: 1.2825 (Overall: 0.8776, Change: 1.6026), TF Ratio: 0.937
[2026-06-16 15:51:21,084][root][INFO] - Epoch [2/5], Batch [17/300], Loss: 1.2734 (Overall: 0.8977, Change: 1.3564), TF Ratio: 0.937
[2026-06-16 15:51:21,235][root][INFO] - Epoch [2/5], Batch [18/300], Loss: 1.2804 (Overall: 0.8596, Change: 1.9405), TF Ratio: 0.936
[2026-06-16 15:51:21,390][root][INFO] - Epoch [2/5], Batch [19/300], Loss: 1.2692 (Overall: 0.8373, Change: 1.2962), TF Ratio: 0.936
[2026-06-16 15:51:21,544][root][INFO] - Epoch [2/5], Batch [20/300], Loss: 1.2774 (Overall: 1.0544, Change: 1.8130), TF Ratio: 0.936
[2026-06-16 15:51:21,694][root][INFO] - Epoch [2/5], Batch [21/300], Loss: 1.2889 (Overall: 1.4204, Change: 1.6167), TF Ratio: 0.936
[2026-06-16 15:51:21,845][root][INFO] - Epoch [2/5], Batch [22/300], Loss: 1.2844 (Overall: 0.8213, Change: 1.5595), TF Ratio: 0.936
[2026-06-16 15:51:22,000][root][INFO] - Epoch [2/5], Batch [23/300], Loss: 1.2651 (Overall: 0.7542, Change: 0.9262), TF Ratio: 0.935
[2026-06-16 15:51:22,152][root][INFO] - Epoch [2/5], Batch [24/300], Loss: 1.2679 (Overall: 1.0554, Change: 1.6086), TF Ratio: 0.935
[2026-06-16 15:51:22,303][root][INFO] - Epoch [2/5], Batch [25/300], Loss: 1.2636 (Overall: 0.9719, Change: 1.3531), TF Ratio: 0.935
[2026-06-16 15:51:22,474][root][INFO] - Epoch [2/5], Batch [26/300], Loss: 1.2634 (Overall: 0.9629, Change: 1.5497), TF Ratio: 0.935
[2026-06-16 15:51:22,633][root][INFO] - Epoch [2/5], Batch [27/300], Loss: 1.2614 (Overall: 1.0109, Change: 1.4099), TF Ratio: 0.935
[2026-06-16 15:51:22,788][root][INFO] - Epoch [2/5], Batch [28/300], Loss: 1.2691 (Overall: 1.0295, Change: 1.9252), TF Ratio: 0.934
[2026-06-16 15:51:22,938][root][INFO] - Epoch [2/5], Batch [29/300], Loss: 1.2715 (Overall: 0.9218, Change: 1.7541), TF Ratio: 0.934
[2026-06-16 15:51:23,089][root][INFO] - Epoch [2/5], Batch [30/300], Loss: 1.2709 (Overall: 0.9776, Change: 1.5315), TF Ratio: 0.934
[2026-06-16 15:51:23,240][root][INFO] - Epoch [2/5], Batch [31/300], Loss: 1.2687 (Overall: 0.8509, Change: 1.5530), TF Ratio: 0.934
[2026-06-16 15:51:23,464][root][INFO] - Epoch [2/5], Batch [32/300], Loss: 1.2744 (Overall: 1.0155, Change: 1.8838), TF Ratio: 0.934
[2026-06-16 15:51:23,614][root][INFO] - Epoch [2/5], Batch [33/300], Loss: 1.2719 (Overall: 1.0176, Change: 1.3687), TF Ratio: 0.933
[2026-06-16 15:51:23,765][root][INFO] - Epoch [2/5], Batch [34/300], Loss: 1.2724 (Overall: 1.0984, Change: 1.4783), TF Ratio: 0.933
[2026-06-16 15:51:23,917][root][INFO] - Epoch [2/5], Batch [35/300], Loss: 1.2664 (Overall: 0.8029, Change: 1.3202), TF Ratio: 0.933
[2026-06-16 15:51:24,069][root][INFO] - Epoch [2/5], Batch [36/300], Loss: 1.2629 (Overall: 0.9077, Change: 1.3748), TF Ratio: 0.933
[2026-06-16 15:51:24,219][root][INFO] - Epoch [2/5], Batch [37/300], Loss: 1.2598 (Overall: 0.6874, Change: 1.6122), TF Ratio: 0.933
[2026-06-16 15:51:24,370][root][INFO] - Epoch [2/5], Batch [38/300], Loss: 1.2634 (Overall: 1.0825, Change: 1.7118), TF Ratio: 0.932
[2026-06-16 15:51:24,521][root][INFO] - Epoch [2/5], Batch [39/300], Loss: 1.2547 (Overall: 0.9322, Change: 0.9162), TF Ratio: 0.932
[2026-06-16 15:51:24,672][root][INFO] - Epoch [2/5], Batch [40/300], Loss: 1.2570 (Overall: 1.0869, Change: 1.6059), TF Ratio: 0.932
[2026-06-16 15:51:24,828][root][INFO] - Epoch [2/5], Batch [41/300], Loss: 1.2530 (Overall: 0.8163, Change: 1.3672), TF Ratio: 0.932
[2026-06-16 15:51:24,981][root][INFO] - Epoch [2/5], Batch [42/300], Loss: 1.2477 (Overall: 0.7678, Change: 1.2965), TF Ratio: 0.932
[2026-06-16 15:51:25,132][root][INFO] - Epoch [2/5], Batch [43/300], Loss: 1.2485 (Overall: 1.1777, Change: 1.3850), TF Ratio: 0.931
[2026-06-16 15:51:25,283][root][INFO] - Epoch [2/5], Batch [44/300], Loss: 1.2478 (Overall: 0.9144, Change: 1.5170), TF Ratio: 0.931
[2026-06-16 15:51:25,433][root][INFO] - Epoch [2/5], Batch [45/300], Loss: 1.2503 (Overall: 0.8412, Change: 1.8834), TF Ratio: 0.931
[2026-06-16 15:51:25,584][root][INFO] - Epoch [2/5], Batch [46/300], Loss: 1.2534 (Overall: 1.1409, Change: 1.6429), TF Ratio: 0.931
[2026-06-16 15:51:25,736][root][INFO] - Epoch [2/5], Batch [47/300], Loss: 1.2529 (Overall: 0.8664, Change: 1.5961), TF Ratio: 0.931
[2026-06-16 15:51:25,888][root][INFO] - Epoch [2/5], Batch [48/300], Loss: 1.2564 (Overall: 0.7861, Change: 2.0499), TF Ratio: 0.930
[2026-06-16 15:51:26,038][root][INFO] - Epoch [2/5], Batch [49/300], Loss: 1.2526 (Overall: 0.8200, Change: 1.3218), TF Ratio: 0.930
[2026-06-16 15:51:26,189][root][INFO] - Epoch [2/5], Batch [50/300], Loss: 1.2559 (Overall: 0.9118, Change: 1.9294), TF Ratio: 0.930
[2026-06-16 15:51:26,343][root][INFO] - Epoch [2/5], Batch [51/300], Loss: 1.2570 (Overall: 1.1757, Change: 1.4433), TF Ratio: 0.930
[2026-06-16 15:51:26,494][root][INFO] - Epoch [2/5], Batch [52/300], Loss: 1.2554 (Overall: 1.0090, Change: 1.3386), TF Ratio: 0.930
[2026-06-16 15:51:26,645][root][INFO] - Epoch [2/5], Batch [53/300], Loss: 1.2548 (Overall: 0.8614, Change: 1.5824), TF Ratio: 0.929
[2026-06-16 15:51:26,796][root][INFO] - Epoch [2/5], Batch [54/300], Loss: 1.2543 (Overall: 1.0857, Change: 1.3780), TF Ratio: 0.929
[2026-06-16 15:51:26,947][root][INFO] - Epoch [2/5], Batch [55/300], Loss: 1.2504 (Overall: 0.7554, Change: 1.3167), TF Ratio: 0.929
[2026-06-16 15:51:27,100][root][INFO] - Epoch [2/5], Batch [56/300], Loss: 1.2505 (Overall: 1.0574, Change: 1.4539), TF Ratio: 0.929
[2026-06-16 15:51:27,251][root][INFO] - Epoch [2/5], Batch [57/300], Loss: 1.2484 (Overall: 0.7634, Change: 1.5037), TF Ratio: 0.929
[2026-06-16 15:51:27,405][root][INFO] - Epoch [2/5], Batch [58/300], Loss: 1.2531 (Overall: 0.9477, Change: 2.0921), TF Ratio: 0.928
[2026-06-16 15:51:27,559][root][INFO] - Epoch [2/5], Batch [59/300], Loss: 1.2487 (Overall: 0.6927, Change: 1.2960), TF Ratio: 0.928
[2026-06-16 15:51:27,712][root][INFO] - Epoch [2/5], Batch [60/300], Loss: 1.2442 (Overall: 0.8001, Change: 1.1556), TF Ratio: 0.928
[2026-06-16 15:51:27,864][root][INFO] - Epoch [2/5], Batch [61/300], Loss: 1.2500 (Overall: 0.9430, Change: 2.2542), TF Ratio: 0.928
[2026-06-16 15:51:28,015][root][INFO] - Epoch [2/5], Batch [62/300], Loss: 1.2477 (Overall: 0.8017, Change: 1.4114), TF Ratio: 0.928
[2026-06-16 15:51:28,168][root][INFO] - Epoch [2/5], Batch [63/300], Loss: 1.2457 (Overall: 0.7508, Change: 1.4957), TF Ratio: 0.927
[2026-06-16 15:51:28,319][root][INFO] - Epoch [2/5], Batch [64/300], Loss: 1.2448 (Overall: 0.8365, Change: 1.5357), TF Ratio: 0.927
[2026-06-16 15:51:28,470][root][INFO] - Epoch [2/5], Batch [65/300], Loss: 1.2419 (Overall: 0.7487, Change: 1.3660), TF Ratio: 0.927
[2026-06-16 15:51:28,621][root][INFO] - Epoch [2/5], Batch [66/300], Loss: 1.2429 (Overall: 0.8285, Change: 1.7879), TF Ratio: 0.927
[2026-06-16 15:51:28,771][root][INFO] - Epoch [2/5], Batch [67/300], Loss: 1.2424 (Overall: 0.9125, Change: 1.5048), TF Ratio: 0.927
[2026-06-16 15:51:28,930][root][INFO] - Epoch [2/5], Batch [68/300], Loss: 1.2414 (Overall: 0.8310, Change: 1.5172), TF Ratio: 0.926
[2026-06-16 15:51:29,082][root][INFO] - Epoch [2/5], Batch [69/300], Loss: 1.2398 (Overall: 0.8198, Change: 1.4462), TF Ratio: 0.926
[2026-06-16 15:51:29,233][root][INFO] - Epoch [2/5], Batch [70/300], Loss: 1.2405 (Overall: 1.0844, Change: 1.4879), TF Ratio: 0.926
[2026-06-16 15:51:29,384][root][INFO] - Epoch [2/5], Batch [71/300], Loss: 1.2406 (Overall: 0.9326, Change: 1.5666), TF Ratio: 0.926
[2026-06-16 15:51:29,536][root][INFO] - Epoch [2/5], Batch [72/300], Loss: 1.2453 (Overall: 1.0970, Change: 2.0526), TF Ratio: 0.926
[2026-06-16 15:51:29,687][root][INFO] - Epoch [2/5], Batch [73/300], Loss: 1.2413 (Overall: 0.8043, Change: 1.1034), TF Ratio: 0.925
[2026-06-16 15:51:29,837][root][INFO] - Epoch [2/5], Batch [74/300], Loss: 1.2395 (Overall: 1.0076, Change: 1.2141), TF Ratio: 0.925
[2026-06-16 15:51:29,988][root][INFO] - Epoch [2/5], Batch [75/300], Loss: 1.2359 (Overall: 0.9189, Change: 1.0200), TF Ratio: 0.925
[2026-06-16 15:51:30,140][root][INFO] - Epoch [2/5], Batch [76/300], Loss: 1.2337 (Overall: 0.7243, Change: 1.4165), TF Ratio: 0.925
[2026-06-16 15:51:30,297][root][INFO] - Epoch [2/5], Batch [77/300], Loss: 1.2349 (Overall: 1.0194, Change: 1.6223), TF Ratio: 0.925
[2026-06-16 15:51:30,447][root][INFO] - Epoch [2/5], Batch [78/300], Loss: 1.2348 (Overall: 1.1094, Change: 1.3570), TF Ratio: 0.924
[2026-06-16 15:51:30,598][root][INFO] - Epoch [2/5], Batch [79/300], Loss: 1.2329 (Overall: 0.7521, Change: 1.4149), TF Ratio: 0.924
[2026-06-16 15:51:30,751][root][INFO] - Epoch [2/5], Batch [80/300], Loss: 1.2294 (Overall: 0.7287, Change: 1.1729), TF Ratio: 0.924
[2026-06-16 15:51:30,902][root][INFO] - Epoch [2/5], Batch [81/300], Loss: 1.2302 (Overall: 1.0931, Change: 1.4949), TF Ratio: 0.924
[2026-06-16 15:51:31,061][root][INFO] - Epoch [2/5], Batch [82/300], Loss: 1.2314 (Overall: 1.0418, Change: 1.6182), TF Ratio: 0.924
[2026-06-16 15:51:31,212][root][INFO] - Epoch [2/5], Batch [83/300], Loss: 1.2312 (Overall: 0.9393, Change: 1.4972), TF Ratio: 0.923
[2026-06-16 15:51:31,364][root][INFO] - Epoch [2/5], Batch [84/300], Loss: 1.2318 (Overall: 0.7719, Change: 1.7777), TF Ratio: 0.923
[2026-06-16 15:51:31,514][root][INFO] - Epoch [2/5], Batch [85/300], Loss: 1.2276 (Overall: 0.6927, Change: 1.0685), TF Ratio: 0.923
[2026-06-16 15:51:31,669][root][INFO] - Epoch [2/5], Batch [86/300], Loss: 1.2287 (Overall: 0.9546, Change: 1.6798), TF Ratio: 0.923
[2026-06-16 15:51:31,827][root][INFO] - Epoch [2/5], Batch [87/300], Loss: 1.2314 (Overall: 1.0480, Change: 1.8775), TF Ratio: 0.923
[2026-06-16 15:51:31,979][root][INFO] - Epoch [2/5], Batch [88/300], Loss: 1.2311 (Overall: 1.0372, Change: 1.3857), TF Ratio: 0.922
[2026-06-16 15:51:32,130][root][INFO] - Epoch [2/5], Batch [89/300], Loss: 1.2307 (Overall: 1.0278, Change: 1.3571), TF Ratio: 0.922
[2026-06-16 15:51:32,281][root][INFO] - Epoch [2/5], Batch [90/300], Loss: 1.2310 (Overall: 1.0093, Change: 1.5052), TF Ratio: 0.922
[2026-06-16 15:51:32,432][root][INFO] - Epoch [2/5], Batch [91/300], Loss: 1.2300 (Overall: 0.8840, Change: 1.4044), TF Ratio: 0.922
[2026-06-16 15:51:32,583][root][INFO] - Epoch [2/5], Batch [92/300], Loss: 1.2303 (Overall: 1.0014, Change: 1.4997), TF Ratio: 0.922
[2026-06-16 15:51:32,735][root][INFO] - Epoch [2/5], Batch [93/300], Loss: 1.2334 (Overall: 1.2296, Change: 1.8153), TF Ratio: 0.921
[2026-06-16 15:51:32,886][root][INFO] - Epoch [2/5], Batch [94/300], Loss: 1.2361 (Overall: 1.1257, Change: 1.8455), TF Ratio: 0.921
[2026-06-16 15:51:33,036][root][INFO] - Epoch [2/5], Batch [95/300], Loss: 1.2349 (Overall: 0.9239, Change: 1.3309), TF Ratio: 0.921
[2026-06-16 15:51:33,188][root][INFO] - Epoch [2/5], Batch [96/300], Loss: 1.2333 (Overall: 0.9899, Change: 1.1642), TF Ratio: 0.921
[2026-06-16 15:51:33,349][root][INFO] - Epoch [2/5], Batch [97/300], Loss: 1.2314 (Overall: 0.8611, Change: 1.2305), TF Ratio: 0.921
[2026-06-16 15:51:33,500][root][INFO] - Epoch [2/5], Batch [98/300], Loss: 1.2337 (Overall: 1.3088, Change: 1.6142), TF Ratio: 0.920
[2026-06-16 15:51:33,658][root][INFO] - Epoch [2/5], Batch [99/300], Loss: 1.2337 (Overall: 0.9292, Change: 1.5256), TF Ratio: 0.920
[2026-06-16 15:51:33,810][root][INFO] - Epoch [2/5], Batch [100/300], Loss: 1.2325 (Overall: 0.8076, Change: 1.4217), TF Ratio: 0.920
[2026-06-16 15:51:33,960][root][INFO] - Epoch [2/5], Batch [101/300], Loss: 1.2345 (Overall: 1.2281, Change: 1.6455), TF Ratio: 0.920
[2026-06-16 15:51:34,113][root][INFO] - Epoch [2/5], Batch [102/300], Loss: 1.2357 (Overall: 1.0258, Change: 1.6895), TF Ratio: 0.920
[2026-06-16 15:51:34,264][root][INFO] - Epoch [2/5], Batch [103/300], Loss: 1.2358 (Overall: 0.9831, Change: 1.5088), TF Ratio: 0.919
[2026-06-16 15:51:34,417][root][INFO] - Epoch [2/5], Batch [104/300], Loss: 1.2344 (Overall: 1.0927, Change: 1.0876), TF Ratio: 0.919
[2026-06-16 15:51:34,580][root][INFO] - Epoch [2/5], Batch [105/300], Loss: 1.2415 (Overall: 1.7864, Change: 2.1698), TF Ratio: 0.919
[2026-06-16 15:51:34,730][root][INFO] - Epoch [2/5], Batch [106/300], Loss: 1.2451 (Overall: 1.5608, Change: 1.6969), TF Ratio: 0.919
[2026-06-16 15:51:34,886][root][INFO] - Epoch [2/5], Batch [107/300], Loss: 1.2489 (Overall: 1.8908, Change: 1.4032), TF Ratio: 0.919
[2026-06-16 15:51:35,038][root][INFO] - Epoch [2/5], Batch [108/300], Loss: 1.2497 (Overall: 0.8782, Change: 1.7958), TF Ratio: 0.918
[2026-06-16 15:51:35,188][root][INFO] - Epoch [2/5], Batch [109/300], Loss: 1.2503 (Overall: 1.0460, Change: 1.5750), TF Ratio: 0.918
[2026-06-16 15:51:35,339][root][INFO] - Epoch [2/5], Batch [110/300], Loss: 1.2515 (Overall: 0.9700, Change: 1.8079), TF Ratio: 0.918
[2026-06-16 15:51:35,489][root][INFO] - Epoch [2/5], Batch [111/300], Loss: 1.2519 (Overall: 0.9689, Change: 1.6175), TF Ratio: 0.918
[2026-06-16 15:51:35,641][root][INFO] - Epoch [2/5], Batch [112/300], Loss: 1.2500 (Overall: 0.9155, Change: 1.1748), TF Ratio: 0.918
[2026-06-16 15:51:35,791][root][INFO] - Epoch [2/5], Batch [113/300], Loss: 1.2496 (Overall: 0.8884, Change: 1.5009), TF Ratio: 0.917
[2026-06-16 15:51:35,942][root][INFO] - Epoch [2/5], Batch [114/300], Loss: 1.2496 (Overall: 0.9760, Change: 1.5401), TF Ratio: 0.917
[2026-06-16 15:51:36,092][root][INFO] - Epoch [2/5], Batch [115/300], Loss: 1.2474 (Overall: 0.7884, Change: 1.1906), TF Ratio: 0.917
[2026-06-16 15:51:36,244][root][INFO] - Epoch [2/5], Batch [116/300], Loss: 1.2474 (Overall: 0.9882, Change: 1.5201), TF Ratio: 0.917
[2026-06-16 15:51:36,410][root][INFO] - Epoch [2/5], Batch [117/300], Loss: 1.2457 (Overall: 0.7943, Change: 1.3068), TF Ratio: 0.917
[2026-06-16 15:51:36,560][root][INFO] - Epoch [2/5], Batch [118/300], Loss: 1.2444 (Overall: 0.7515, Change: 1.4115), TF Ratio: 0.916
[2026-06-16 15:51:36,711][root][INFO] - Epoch [2/5], Batch [119/300], Loss: 1.2438 (Overall: 1.0310, Change: 1.3170), TF Ratio: 0.916
[2026-06-16 15:51:36,873][root][INFO] - Epoch [2/5], Batch [120/300], Loss: 1.2429 (Overall: 0.9066, Change: 1.3640), TF Ratio: 0.916
[2026-06-16 15:51:37,032][root][INFO] - Epoch [2/5], Batch [121/300], Loss: 1.2430 (Overall: 0.9881, Change: 1.5310), TF Ratio: 0.916
[2026-06-16 15:51:37,183][root][INFO] - Epoch [2/5], Batch [122/300], Loss: 1.2385 (Overall: 0.7331, Change: 0.6581), TF Ratio: 0.916
[2026-06-16 15:51:37,334][root][INFO] - Epoch [2/5], Batch [123/300], Loss: 1.2388 (Overall: 0.7726, Change: 1.7748), TF Ratio: 0.915
[2026-06-16 15:51:37,485][root][INFO] - Epoch [2/5], Batch [124/300], Loss: 1.2393 (Overall: 1.2562, Change: 1.3394), TF Ratio: 0.915
[2026-06-16 15:51:37,636][root][INFO] - Epoch [2/5], Batch [125/300], Loss: 1.2392 (Overall: 0.8855, Change: 1.5631), TF Ratio: 0.915
[2026-06-16 15:51:37,795][root][INFO] - Epoch [2/5], Batch [126/300], Loss: 1.2381 (Overall: 0.9042, Change: 1.3000), TF Ratio: 0.915
[2026-06-16 15:51:37,946][root][INFO] - Epoch [2/5], Batch [127/300], Loss: 1.2379 (Overall: 1.0125, Change: 1.4160), TF Ratio: 0.915
[2026-06-16 15:51:38,097][root][INFO] - Epoch [2/5], Batch [128/300], Loss: 1.2382 (Overall: 0.7210, Change: 1.8305), TF Ratio: 0.914
[2026-06-16 15:51:38,255][root][INFO] - Epoch [2/5], Batch [129/300], Loss: 1.2371 (Overall: 0.8497, Change: 1.3408), TF Ratio: 0.914
[2026-06-16 15:51:38,414][root][INFO] - Epoch [2/5], Batch [130/300], Loss: 1.2363 (Overall: 0.8167, Change: 1.4587), TF Ratio: 0.914
[2026-06-16 15:51:38,568][root][INFO] - Epoch [2/5], Batch [131/300], Loss: 1.2353 (Overall: 0.8510, Change: 1.3571), TF Ratio: 0.914
[2026-06-16 15:51:38,720][root][INFO] - Epoch [2/5], Batch [132/300], Loss: 1.2354 (Overall: 1.0640, Change: 1.4329), TF Ratio: 0.914
[2026-06-16 15:51:38,874][root][INFO] - Epoch [2/5], Batch [133/300], Loss: 1.2348 (Overall: 1.0553, Change: 1.2586), TF Ratio: 0.913
[2026-06-16 15:51:39,025][root][INFO] - Epoch [2/5], Batch [134/300], Loss: 1.2361 (Overall: 1.0760, Change: 1.7467), TF Ratio: 0.913
[2026-06-16 15:51:39,175][root][INFO] - Epoch [2/5], Batch [135/300], Loss: 1.2356 (Overall: 0.8666, Change: 1.4600), TF Ratio: 0.913
[2026-06-16 15:51:39,327][root][INFO] - Epoch [2/5], Batch [136/300], Loss: 1.2353 (Overall: 0.8782, Change: 1.5070), TF Ratio: 0.913
[2026-06-16 15:51:39,478][root][INFO] - Epoch [2/5], Batch [137/300], Loss: 1.2343 (Overall: 0.7846, Change: 1.4341), TF Ratio: 0.913
[2026-06-16 15:51:39,628][root][INFO] - Epoch [2/5], Batch [138/300], Loss: 1.2358 (Overall: 0.8362, Change: 2.0314), TF Ratio: 0.912
[2026-06-16 15:51:39,780][root][INFO] - Epoch [2/5], Batch [139/300], Loss: 1.2341 (Overall: 0.7437, Change: 1.2530), TF Ratio: 0.912
[2026-06-16 15:51:39,940][root][INFO] - Epoch [2/5], Batch [140/300], Loss: 1.2338 (Overall: 0.8738, Change: 1.5077), TF Ratio: 0.912
[2026-06-16 15:51:40,090][root][INFO] - Epoch [2/5], Batch [141/300], Loss: 1.2350 (Overall: 1.1958, Change: 1.6254), TF Ratio: 0.912
[2026-06-16 15:51:40,241][root][INFO] - Epoch [2/5], Batch [142/300], Loss: 1.2353 (Overall: 1.0037, Change: 1.5430), TF Ratio: 0.912
[2026-06-16 15:51:40,400][root][INFO] - Epoch [2/5], Batch [143/300], Loss: 1.2394 (Overall: 1.2953, Change: 2.3446), TF Ratio: 0.911
[2026-06-16 15:51:40,560][root][INFO] - Epoch [2/5], Batch [144/300], Loss: 1.2390 (Overall: 0.9458, Change: 1.4302), TF Ratio: 0.911
[2026-06-16 15:51:40,711][root][INFO] - Epoch [2/5], Batch [145/300], Loss: 1.2383 (Overall: 1.0769, Change: 1.1911), TF Ratio: 0.911
[2026-06-16 15:51:40,862][root][INFO] - Epoch [2/5], Batch [146/300], Loss: 1.2380 (Overall: 1.0876, Change: 1.3107), TF Ratio: 0.911
[2026-06-16 15:51:41,023][root][INFO] - Epoch [2/5], Batch [147/300], Loss: 1.2388 (Overall: 0.9357, Change: 1.7522), TF Ratio: 0.911
[2026-06-16 15:51:41,176][root][INFO] - Epoch [2/5], Batch [148/300], Loss: 1.2380 (Overall: 0.7412, Change: 1.5032), TF Ratio: 0.910
[2026-06-16 15:51:41,334][root][INFO] - Epoch [2/5], Batch [149/300], Loss: 1.2379 (Overall: 0.7699, Change: 1.6866), TF Ratio: 0.910
[2026-06-16 15:51:41,495][root][INFO] - Epoch [2/5], Batch [150/300], Loss: 1.2391 (Overall: 0.8824, Change: 1.9555), TF Ratio: 0.910
[2026-06-16 15:51:41,648][root][INFO] - Epoch [2/5], Batch [151/300], Loss: 1.2381 (Overall: 0.7436, Change: 1.4164), TF Ratio: 0.910
[2026-06-16 15:51:41,806][root][INFO] - Epoch [2/5], Batch [152/300], Loss: 1.2366 (Overall: 0.6680, Change: 1.3681), TF Ratio: 0.910
[2026-06-16 15:51:41,956][root][INFO] - Epoch [2/5], Batch [153/300], Loss: 1.2375 (Overall: 1.0705, Change: 1.6611), TF Ratio: 0.909
[2026-06-16 15:51:42,110][root][INFO] - Epoch [2/5], Batch [154/300], Loss: 1.2371 (Overall: 0.8490, Change: 1.5255), TF Ratio: 0.909
[2026-06-16 15:51:42,261][root][INFO] - Epoch [2/5], Batch [155/300], Loss: 1.2356 (Overall: 0.7217, Change: 1.2788), TF Ratio: 0.909
[2026-06-16 15:51:42,413][root][INFO] - Epoch [2/5], Batch [156/300], Loss: 1.2369 (Overall: 1.2048, Change: 1.6711), TF Ratio: 0.909
[2026-06-16 15:51:42,563][root][INFO] - Epoch [2/5], Batch [157/300], Loss: 1.2363 (Overall: 0.8885, Change: 1.4022), TF Ratio: 0.909
[2026-06-16 15:51:42,714][root][INFO] - Epoch [2/5], Batch [158/300], Loss: 1.2367 (Overall: 0.8714, Change: 1.7391), TF Ratio: 0.908
[2026-06-16 15:51:42,884][root][INFO] - Epoch [2/5], Batch [159/300], Loss: 1.2387 (Overall: 0.6632, Change: 2.4261), TF Ratio: 0.908
[2026-06-16 15:51:43,036][root][INFO] - Epoch [2/5], Batch [160/300], Loss: 1.2392 (Overall: 0.9710, Change: 1.6634), TF Ratio: 0.908
[2026-06-16 15:51:43,186][root][INFO] - Epoch [2/5], Batch [161/300], Loss: 1.2394 (Overall: 1.0038, Change: 1.5489), TF Ratio: 0.908
[2026-06-16 15:51:43,343][root][INFO] - Epoch [2/5], Batch [162/300], Loss: 1.2392 (Overall: 0.9004, Change: 1.5241), TF Ratio: 0.908
[2026-06-16 15:51:43,493][root][INFO] - Epoch [2/5], Batch [163/300], Loss: 1.2399 (Overall: 1.3314, Change: 1.3707), TF Ratio: 0.907
[2026-06-16 15:51:43,645][root][INFO] - Epoch [2/5], Batch [164/300], Loss: 1.2404 (Overall: 1.0399, Change: 1.5963), TF Ratio: 0.907
[2026-06-16 15:51:43,795][root][INFO] - Epoch [2/5], Batch [165/300], Loss: 1.2396 (Overall: 0.9295, Change: 1.3029), TF Ratio: 0.907
[2026-06-16 15:51:43,948][root][INFO] - Epoch [2/5], Batch [166/300], Loss: 1.2390 (Overall: 0.8838, Change: 1.3782), TF Ratio: 0.907
[2026-06-16 15:51:44,110][root][INFO] - Epoch [2/5], Batch [167/300], Loss: 1.2377 (Overall: 0.7424, Change: 1.2900), TF Ratio: 0.907
[2026-06-16 15:51:44,262][root][INFO] - Epoch [2/5], Batch [168/300], Loss: 1.2370 (Overall: 0.7483, Change: 1.4911), TF Ratio: 0.906
[2026-06-16 15:51:44,412][root][INFO] - Epoch [2/5], Batch [169/300], Loss: 1.2361 (Overall: 0.8757, Change: 1.3067), TF Ratio: 0.906
[2026-06-16 15:51:44,570][root][INFO] - Epoch [2/5], Batch [170/300], Loss: 1.2355 (Overall: 0.9987, Change: 1.2749), TF Ratio: 0.906
[2026-06-16 15:51:44,728][root][INFO] - Epoch [2/5], Batch [171/300], Loss: 1.2345 (Overall: 0.8738, Change: 1.2639), TF Ratio: 0.906
[2026-06-16 15:51:44,879][root][INFO] - Epoch [2/5], Batch [172/300], Loss: 1.2350 (Overall: 1.0257, Change: 1.6052), TF Ratio: 0.906
[2026-06-16 15:51:45,029][root][INFO] - Epoch [2/5], Batch [173/300], Loss: 1.2339 (Overall: 0.7018, Change: 1.3730), TF Ratio: 0.905
[2026-06-16 15:51:45,180][root][INFO] - Epoch [2/5], Batch [174/300], Loss: 1.2330 (Overall: 0.6772, Change: 1.4803), TF Ratio: 0.905
[2026-06-16 15:51:45,330][root][INFO] - Epoch [2/5], Batch [175/300], Loss: 1.2327 (Overall: 0.7737, Change: 1.5963), TF Ratio: 0.905
[2026-06-16 15:51:45,482][root][INFO] - Epoch [2/5], Batch [176/300], Loss: 1.2315 (Overall: 0.7481, Change: 1.3048), TF Ratio: 0.905
[2026-06-16 15:51:45,632][root][INFO] - Epoch [2/5], Batch [177/300], Loss: 1.2322 (Overall: 1.1711, Change: 1.5387), TF Ratio: 0.905
[2026-06-16 15:51:45,787][root][INFO] - Epoch [2/5], Batch [178/300], Loss: 1.2321 (Overall: 1.0327, Change: 1.3724), TF Ratio: 0.904
[2026-06-16 15:51:45,938][root][INFO] - Epoch [2/5], Batch [179/300], Loss: 1.2334 (Overall: 1.3694, Change: 1.5785), TF Ratio: 0.904
[2026-06-16 15:51:46,092][root][INFO] - Epoch [2/5], Batch [180/300], Loss: 1.2336 (Overall: 1.0902, Change: 1.4285), TF Ratio: 0.904
[2026-06-16 15:51:46,242][root][INFO] - Epoch [2/5], Batch [181/300], Loss: 1.2335 (Overall: 0.9880, Change: 1.4514), TF Ratio: 0.904
[2026-06-16 15:51:46,393][root][INFO] - Epoch [2/5], Batch [182/300], Loss: 1.2322 (Overall: 0.7682, Change: 1.2327), TF Ratio: 0.904
[2026-06-16 15:51:46,545][root][INFO] - Epoch [2/5], Batch [183/300], Loss: 1.2319 (Overall: 0.6658, Change: 1.6789), TF Ratio: 0.903
[2026-06-16 15:51:46,697][root][INFO] - Epoch [2/5], Batch [184/300], Loss: 1.2317 (Overall: 0.8845, Change: 1.5343), TF Ratio: 0.903
[2026-06-16 15:51:46,847][root][INFO] - Epoch [2/5], Batch [185/300], Loss: 1.2320 (Overall: 0.9441, Change: 1.6144), TF Ratio: 0.903
[2026-06-16 15:51:46,998][root][INFO] - Epoch [2/5], Batch [186/300], Loss: 1.2322 (Overall: 0.7292, Change: 1.8054), TF Ratio: 0.903
[2026-06-16 15:51:47,153][root][INFO] - Epoch [2/5], Batch [187/300], Loss: 1.2321 (Overall: 0.7657, Change: 1.6471), TF Ratio: 0.903
[2026-06-16 15:51:47,304][root][INFO] - Epoch [2/5], Batch [188/300], Loss: 1.2320 (Overall: 0.9668, Change: 1.4666), TF Ratio: 0.902
[2026-06-16 15:51:47,454][root][INFO] - Epoch [2/5], Batch [189/300], Loss: 1.2323 (Overall: 0.9555, Change: 1.6338), TF Ratio: 0.902
[2026-06-16 15:51:47,605][root][INFO] - Epoch [2/5], Batch [190/300], Loss: 1.2327 (Overall: 0.8583, Change: 1.7509), TF Ratio: 0.902
[2026-06-16 15:51:47,759][root][INFO] - Epoch [2/5], Batch [191/300], Loss: 1.2334 (Overall: 1.1500, Change: 1.5906), TF Ratio: 0.902
[2026-06-16 15:51:47,919][root][INFO] - Epoch [2/5], Batch [192/300], Loss: 1.2342 (Overall: 0.9428, Change: 1.8272), TF Ratio: 0.902
[2026-06-16 15:51:48,069][root][INFO] - Epoch [2/5], Batch [193/300], Loss: 1.2338 (Overall: 0.8239, Change: 1.4829), TF Ratio: 0.901
[2026-06-16 15:51:48,220][root][INFO] - Epoch [2/5], Batch [194/300], Loss: 1.2336 (Overall: 0.8184, Change: 1.5875), TF Ratio: 0.901
[2026-06-16 15:51:48,389][root][INFO] - Epoch [2/5], Batch [195/300], Loss: 1.2340 (Overall: 1.1100, Change: 1.4958), TF Ratio: 0.901
[2026-06-16 15:51:48,544][root][INFO] - Epoch [2/5], Batch [196/300], Loss: 1.2341 (Overall: 0.9214, Change: 1.5939), TF Ratio: 0.901
[2026-06-16 15:51:48,694][root][INFO] - Epoch [2/5], Batch [197/300], Loss: 1.2352 (Overall: 1.5369, Change: 1.3807), TF Ratio: 0.901
[2026-06-16 15:51:48,846][root][INFO] - Epoch [2/5], Batch [198/300], Loss: 1.2346 (Overall: 0.8860, Change: 1.3311), TF Ratio: 0.900
[2026-06-16 15:51:48,997][root][INFO] - Epoch [2/5], Batch [199/300], Loss: 1.2343 (Overall: 0.9950, Change: 1.3383), TF Ratio: 0.900
[2026-06-16 15:51:49,152][root][INFO] - Epoch [2/5], Batch [200/300], Loss: 1.2343 (Overall: 0.7828, Change: 1.7069), TF Ratio: 0.900
[2026-06-16 15:51:49,303][root][INFO] - Epoch [2/5], Batch [201/300], Loss: 1.2338 (Overall: 0.7611, Change: 1.5123), TF Ratio: 0.900
[2026-06-16 15:51:49,454][root][INFO] - Epoch [2/5], Batch [202/300], Loss: 1.2337 (Overall: 0.9430, Change: 1.4603), TF Ratio: 0.900
[2026-06-16 15:51:49,604][root][INFO] - Epoch [2/5], Batch [203/300], Loss: 1.2341 (Overall: 0.7781, Change: 1.8514), TF Ratio: 0.899
[2026-06-16 15:51:49,759][root][INFO] - Epoch [2/5], Batch [204/300], Loss: 1.2348 (Overall: 0.8250, Change: 1.9549), TF Ratio: 0.899
[2026-06-16 15:51:49,910][root][INFO] - Epoch [2/5], Batch [205/300], Loss: 1.2348 (Overall: 0.9210, Change: 1.5376), TF Ratio: 0.899
[2026-06-16 15:51:50,061][root][INFO] - Epoch [2/5], Batch [206/300], Loss: 1.2339 (Overall: 0.6520, Change: 1.4260), TF Ratio: 0.899
[2026-06-16 15:51:50,220][root][INFO] - Epoch [2/5], Batch [207/300], Loss: 1.2335 (Overall: 1.0609, Change: 1.2572), TF Ratio: 0.899
[2026-06-16 15:51:50,381][root][INFO] - Epoch [2/5], Batch [208/300], Loss: 1.2341 (Overall: 0.9951, Change: 1.7320), TF Ratio: 0.898
[2026-06-16 15:51:50,531][root][INFO] - Epoch [2/5], Batch [209/300], Loss: 1.2338 (Overall: 0.9183, Change: 1.4128), TF Ratio: 0.898
[2026-06-16 15:51:50,681][root][INFO] - Epoch [2/5], Batch [210/300], Loss: 1.2339 (Overall: 0.9010, Change: 1.6136), TF Ratio: 0.898
[2026-06-16 15:51:50,832][root][INFO] - Epoch [2/5], Batch [211/300], Loss: 1.2337 (Overall: 0.7322, Change: 1.6727), TF Ratio: 0.898
[2026-06-16 15:51:50,984][root][INFO] - Epoch [2/5], Batch [212/300], Loss: 1.2336 (Overall: 0.8466, Change: 1.5569), TF Ratio: 0.898
[2026-06-16 15:51:51,134][root][INFO] - Epoch [2/5], Batch [213/300], Loss: 1.2340 (Overall: 0.9413, Change: 1.6786), TF Ratio: 0.897
[2026-06-16 15:51:51,289][root][INFO] - Epoch [2/5], Batch [214/300], Loss: 1.2340 (Overall: 1.0206, Change: 1.4824), TF Ratio: 0.897
[2026-06-16 15:51:51,441][root][INFO] - Epoch [2/5], Batch [215/300], Loss: 1.2336 (Overall: 0.7953, Change: 1.4903), TF Ratio: 0.897
[2026-06-16 15:51:51,593][root][INFO] - Epoch [2/5], Batch [216/300], Loss: 1.2339 (Overall: 1.0067, Change: 1.5800), TF Ratio: 0.897
[2026-06-16 15:51:51,744][root][INFO] - Epoch [2/5], Batch [217/300], Loss: 1.2337 (Overall: 0.9244, Change: 1.4439), TF Ratio: 0.897
[2026-06-16 15:51:51,895][root][INFO] - Epoch [2/5], Batch [218/300], Loss: 1.2342 (Overall: 0.9262, Change: 1.7692), TF Ratio: 0.896
[2026-06-16 15:51:52,045][root][INFO] - Epoch [2/5], Batch [219/300], Loss: 1.2332 (Overall: 0.7030, Change: 1.3378), TF Ratio: 0.896
[2026-06-16 15:51:52,196][root][INFO] - Epoch [2/5], Batch [220/300], Loss: 1.2330 (Overall: 0.9175, Change: 1.4514), TF Ratio: 0.896
[2026-06-16 15:51:52,361][root][INFO] - Epoch [2/5], Batch [221/300], Loss: 1.2324 (Overall: 0.7764, Change: 1.4395), TF Ratio: 0.896
[2026-06-16 15:51:52,512][root][INFO] - Epoch [2/5], Batch [222/300], Loss: 1.2322 (Overall: 1.0366, Change: 1.3087), TF Ratio: 0.896
[2026-06-16 15:51:52,662][root][INFO] - Epoch [2/5], Batch [223/300], Loss: 1.2332 (Overall: 0.9683, Change: 1.9475), TF Ratio: 0.895
[2026-06-16 15:51:52,813][root][INFO] - Epoch [2/5], Batch [224/300], Loss: 1.2334 (Overall: 0.9644, Change: 1.6047), TF Ratio: 0.895
[2026-06-16 15:51:52,964][root][INFO] - Epoch [2/5], Batch [225/300], Loss: 1.2336 (Overall: 0.9329, Change: 1.6330), TF Ratio: 0.895
[2026-06-16 15:51:53,114][root][INFO] - Epoch [2/5], Batch [226/300], Loss: 1.2340 (Overall: 0.9466, Change: 1.6814), TF Ratio: 0.895
[2026-06-16 15:51:53,268][root][INFO] - Epoch [2/5], Batch [227/300], Loss: 1.2336 (Overall: 0.9715, Change: 1.3232), TF Ratio: 0.895
[2026-06-16 15:51:53,420][root][INFO] - Epoch [2/5], Batch [228/300], Loss: 1.2347 (Overall: 0.9544, Change: 2.0360), TF Ratio: 0.894
[2026-06-16 15:51:53,571][root][INFO] - Epoch [2/5], Batch [229/300], Loss: 1.2336 (Overall: 0.6056, Change: 1.3300), TF Ratio: 0.894
[2026-06-16 15:51:53,721][root][INFO] - Epoch [2/5], Batch [230/300], Loss: 1.2334 (Overall: 0.8323, Change: 1.5342), TF Ratio: 0.894
[2026-06-16 15:51:53,872][root][INFO] - Epoch [2/5], Batch [231/300], Loss: 1.2332 (Overall: 0.8126, Change: 1.5886), TF Ratio: 0.894
[2026-06-16 15:51:54,024][root][INFO] - Epoch [2/5], Batch [232/300], Loss: 1.2334 (Overall: 1.1181, Change: 1.4322), TF Ratio: 0.894
[2026-06-16 15:51:54,177][root][INFO] - Epoch [2/5], Batch [233/300], Loss: 1.2331 (Overall: 0.8974, Change: 1.4428), TF Ratio: 0.893
[2026-06-16 15:51:54,328][root][INFO] - Epoch [2/5], Batch [234/300], Loss: 1.2337 (Overall: 0.8044, Change: 1.9224), TF Ratio: 0.893
[2026-06-16 15:51:54,478][root][INFO] - Epoch [2/5], Batch [235/300], Loss: 1.2334 (Overall: 0.6873, Change: 1.6385), TF Ratio: 0.893
[2026-06-16 15:51:54,630][root][INFO] - Epoch [2/5], Batch [236/300], Loss: 1.2323 (Overall: 0.9890, Change: 0.9505), TF Ratio: 0.893
[2026-06-16 15:51:54,781][root][INFO] - Epoch [2/5], Batch [237/300], Loss: 1.2321 (Overall: 0.6992, Change: 1.6687), TF Ratio: 0.893
[2026-06-16 15:51:54,932][root][INFO] - Epoch [2/5], Batch [238/300], Loss: 1.2323 (Overall: 1.1679, Change: 1.4095), TF Ratio: 0.892
[2026-06-16 15:51:55,083][root][INFO] - Epoch [2/5], Batch [239/300], Loss: 1.2342 (Overall: 1.6656, Change: 1.7102), TF Ratio: 0.892
[2026-06-16 15:51:55,235][root][INFO] - Epoch [2/5], Batch [240/300], Loss: 1.2336 (Overall: 0.6963, Change: 1.5085), TF Ratio: 0.892
[2026-06-16 15:51:55,405][root][INFO] - Epoch [2/5], Batch [241/300], Loss: 1.2323 (Overall: 0.6921, Change: 1.1145), TF Ratio: 0.892
[2026-06-16 15:51:55,556][root][INFO] - Epoch [2/5], Batch [242/300], Loss: 1.2312 (Overall: 0.8594, Change: 1.0683), TF Ratio: 0.892
[2026-06-16 15:51:55,706][root][INFO] - Epoch [2/5], Batch [243/300], Loss: 1.2310 (Overall: 0.9013, Change: 1.4744), TF Ratio: 0.891
[2026-06-16 15:51:55,858][root][INFO] - Epoch [2/5], Batch [244/300], Loss: 1.2326 (Overall: 1.2831, Change: 1.9453), TF Ratio: 0.891
[2026-06-16 15:51:56,008][root][INFO] - Epoch [2/5], Batch [245/300], Loss: 1.2329 (Overall: 1.1291, Change: 1.5261), TF Ratio: 0.891
[2026-06-16 15:51:56,159][root][INFO] - Epoch [2/5], Batch [246/300], Loss: 1.2335 (Overall: 0.8656, Change: 1.8487), TF Ratio: 0.891
[2026-06-16 15:51:56,310][root][INFO] - Epoch [2/5], Batch [247/300], Loss: 1.2328 (Overall: 0.8118, Change: 1.3343), TF Ratio: 0.891
[2026-06-16 15:51:56,468][root][INFO] - Epoch [2/5], Batch [248/300], Loss: 1.2326 (Overall: 0.7698, Change: 1.6014), TF Ratio: 0.890
[2026-06-16 15:51:56,632][root][INFO] - Epoch [2/5], Batch [249/300], Loss: 1.2323 (Overall: 0.8965, Change: 1.4335), TF Ratio: 0.890
[2026-06-16 15:51:56,788][root][INFO] - Epoch [2/5], Batch [250/300], Loss: 1.2323 (Overall: 0.7331, Change: 1.7178), TF Ratio: 0.890
[2026-06-16 15:51:56,938][root][INFO] - Epoch [2/5], Batch [251/300], Loss: 1.2315 (Overall: 0.8462, Change: 1.2315), TF Ratio: 0.890
[2026-06-16 15:51:57,090][root][INFO] - Epoch [2/5], Batch [252/300], Loss: 1.2309 (Overall: 0.8695, Change: 1.2754), TF Ratio: 0.890
[2026-06-16 15:51:57,241][root][INFO] - Epoch [2/5], Batch [253/300], Loss: 1.2304 (Overall: 0.7508, Change: 1.4523), TF Ratio: 0.889
[2026-06-16 15:51:57,392][root][INFO] - Epoch [2/5], Batch [254/300], Loss: 1.2309 (Overall: 0.9760, Change: 1.7586), TF Ratio: 0.889
[2026-06-16 15:51:57,542][root][INFO] - Epoch [2/5], Batch [255/300], Loss: 1.2314 (Overall: 0.9489, Change: 1.7283), TF Ratio: 0.889
[2026-06-16 15:51:57,695][root][INFO] - Epoch [2/5], Batch [256/300], Loss: 1.2306 (Overall: 0.8997, Change: 1.1608), TF Ratio: 0.889
[2026-06-16 15:51:57,845][root][INFO] - Epoch [2/5], Batch [257/300], Loss: 1.2305 (Overall: 0.8624, Change: 1.5646), TF Ratio: 0.889
[2026-06-16 15:51:58,002][root][INFO] - Epoch [2/5], Batch [258/300], Loss: 1.2308 (Overall: 1.0879, Change: 1.5065), TF Ratio: 0.888
[2026-06-16 15:51:58,152][root][INFO] - Epoch [2/5], Batch [259/300], Loss: 1.2316 (Overall: 1.1795, Change: 1.7291), TF Ratio: 0.888
[2026-06-16 15:51:58,304][root][INFO] - Epoch [2/5], Batch [260/300], Loss: 1.2311 (Overall: 0.8213, Change: 1.3512), TF Ratio: 0.888
[2026-06-16 15:51:58,455][root][INFO] - Epoch [2/5], Batch [261/300], Loss: 1.2305 (Overall: 0.6801, Change: 1.4829), TF Ratio: 0.888
[2026-06-16 15:51:58,605][root][INFO] - Epoch [2/5], Batch [262/300], Loss: 1.2300 (Overall: 0.7691, Change: 1.4212), TF Ratio: 0.888
[2026-06-16 15:51:58,756][root][INFO] - Epoch [2/5], Batch [263/300], Loss: 1.2291 (Overall: 0.6284, Change: 1.3471), TF Ratio: 0.887
[2026-06-16 15:51:58,907][root][INFO] - Epoch [2/5], Batch [264/300], Loss: 1.2294 (Overall: 0.9107, Change: 1.7045), TF Ratio: 0.887
[2026-06-16 15:51:59,058][root][INFO] - Epoch [2/5], Batch [265/300], Loss: 1.2291 (Overall: 0.8233, Change: 1.5004), TF Ratio: 0.887
[2026-06-16 15:51:59,210][root][INFO] - Epoch [2/5], Batch [266/300], Loss: 1.2286 (Overall: 0.7948, Change: 1.4176), TF Ratio: 0.887
[2026-06-16 15:51:59,360][root][INFO] - Epoch [2/5], Batch [267/300], Loss: 1.2292 (Overall: 1.4070, Change: 1.3571), TF Ratio: 0.887
[2026-06-16 15:51:59,513][root][INFO] - Epoch [2/5], Batch [268/300], Loss: 1.2282 (Overall: 0.7337, Change: 1.1534), TF Ratio: 0.886
[2026-06-16 15:51:59,663][root][INFO] - Epoch [2/5], Batch [269/300], Loss: 1.2279 (Overall: 0.9922, Change: 1.3318), TF Ratio: 0.886
[2026-06-16 15:51:59,814][root][INFO] - Epoch [2/5], Batch [270/300], Loss: 1.2271 (Overall: 0.7934, Change: 1.2343), TF Ratio: 0.886
[2026-06-16 15:51:59,965][root][INFO] - Epoch [2/5], Batch [271/300], Loss: 1.2272 (Overall: 0.9313, Change: 1.5614), TF Ratio: 0.886
[2026-06-16 15:52:00,116][root][INFO] - Epoch [2/5], Batch [272/300], Loss: 1.2273 (Overall: 0.9739, Change: 1.5481), TF Ratio: 0.886
[2026-06-16 15:52:00,266][root][INFO] - Epoch [2/5], Batch [273/300], Loss: 1.2270 (Overall: 0.9341, Change: 1.3769), TF Ratio: 0.885
[2026-06-16 15:52:00,417][root][INFO] - Epoch [2/5], Batch [274/300], Loss: 1.2262 (Overall: 0.6680, Change: 1.3186), TF Ratio: 0.885
[2026-06-16 15:52:00,568][root][INFO] - Epoch [2/5], Batch [275/300], Loss: 1.2250 (Overall: 0.7529, Change: 1.0243), TF Ratio: 0.885
[2026-06-16 15:52:00,720][root][INFO] - Epoch [2/5], Batch [276/300], Loss: 1.2244 (Overall: 0.7996, Change: 1.3660), TF Ratio: 0.885
[2026-06-16 15:52:00,871][root][INFO] - Epoch [2/5], Batch [277/300], Loss: 1.2239 (Overall: 0.7004, Change: 1.4363), TF Ratio: 0.885
[2026-06-16 15:52:01,032][root][INFO] - Epoch [2/5], Batch [278/300], Loss: 1.2249 (Overall: 1.4712, Change: 1.5357), TF Ratio: 0.884
[2026-06-16 15:52:01,183][root][INFO] - Epoch [2/5], Batch [279/300], Loss: 1.2250 (Overall: 0.9741, Change: 1.5526), TF Ratio: 0.884
[2026-06-16 15:52:01,335][root][INFO] - Epoch [2/5], Batch [280/300], Loss: 1.2251 (Overall: 1.0604, Change: 1.4410), TF Ratio: 0.884
[2026-06-16 15:52:01,486][root][INFO] - Epoch [2/5], Batch [281/300], Loss: 1.2254 (Overall: 0.8778, Change: 1.7166), TF Ratio: 0.884
[2026-06-16 15:52:01,636][root][INFO] - Epoch [2/5], Batch [282/300], Loss: 1.2255 (Overall: 1.2404, Change: 1.3004), TF Ratio: 0.884
[2026-06-16 15:52:01,787][root][INFO] - Epoch [2/5], Batch [283/300], Loss: 1.2249 (Overall: 0.7294, Change: 1.3745), TF Ratio: 0.883
[2026-06-16 15:52:01,943][root][INFO] - Epoch [2/5], Batch [284/300], Loss: 1.2242 (Overall: 0.8127, Change: 1.1983), TF Ratio: 0.883
[2026-06-16 15:52:02,104][root][INFO] - Epoch [2/5], Batch [285/300], Loss: 1.2234 (Overall: 0.6090, Change: 1.4385), TF Ratio: 0.883
[2026-06-16 15:52:02,255][root][INFO] - Epoch [2/5], Batch [286/300], Loss: 1.2236 (Overall: 0.7726, Change: 1.7692), TF Ratio: 0.883
[2026-06-16 15:52:02,406][root][INFO] - Epoch [2/5], Batch [287/300], Loss: 1.2233 (Overall: 0.7479, Change: 1.5292), TF Ratio: 0.883
[2026-06-16 15:52:02,563][root][INFO] - Epoch [2/5], Batch [288/300], Loss: 1.2237 (Overall: 1.0393, Change: 1.6445), TF Ratio: 0.882
[2026-06-16 15:52:02,713][root][INFO] - Epoch [2/5], Batch [289/300], Loss: 1.2238 (Overall: 0.9891, Change: 1.5202), TF Ratio: 0.882
[2026-06-16 15:52:02,866][root][INFO] - Epoch [2/5], Batch [290/300], Loss: 1.2231 (Overall: 0.7599, Change: 1.2900), TF Ratio: 0.882
[2026-06-16 15:52:03,017][root][INFO] - Epoch [2/5], Batch [291/300], Loss: 1.2229 (Overall: 0.9666, Change: 1.3151), TF Ratio: 0.882
[2026-06-16 15:52:03,169][root][INFO] - Epoch [2/5], Batch [292/300], Loss: 1.2219 (Overall: 0.6133, Change: 1.2726), TF Ratio: 0.882
[2026-06-16 15:52:03,319][root][INFO] - Epoch [2/5], Batch [293/300], Loss: 1.2218 (Overall: 0.8648, Change: 1.5049), TF Ratio: 0.881
[2026-06-16 15:52:03,470][root][INFO] - Epoch [2/5], Batch [294/300], Loss: 1.2214 (Overall: 0.7435, Change: 1.4765), TF Ratio: 0.881
[2026-06-16 15:52:03,620][root][INFO] - Epoch [2/5], Batch [295/300], Loss: 1.2210 (Overall: 0.8869, Change: 1.3302), TF Ratio: 0.881
[2026-06-16 15:52:03,773][root][INFO] - Epoch [2/5], Batch [296/300], Loss: 1.2203 (Overall: 0.8095, Change: 1.2194), TF Ratio: 0.881
[2026-06-16 15:52:03,924][root][INFO] - Epoch [2/5], Batch [297/300], Loss: 1.2197 (Overall: 0.9986, Change: 1.0672), TF Ratio: 0.881
[2026-06-16 15:52:04,075][root][INFO] - Epoch [2/5], Batch [298/300], Loss: 1.2189 (Overall: 0.6012, Change: 1.3703), TF Ratio: 0.880
[2026-06-16 15:52:04,231][root][INFO] - Epoch [2/5], Batch [299/300], Loss: 1.2197 (Overall: 1.2238, Change: 1.7186), TF Ratio: 0.880
[2026-06-16 15:52:04,382][root][INFO] - Epoch [2/5], Batch [300/300], Loss: 1.2203 (Overall: 0.8557, Change: 1.9101), TF Ratio: 0.880
[2026-06-16 15:52:05,398][root][INFO] - Epoch 2 done. Validating...
[2026-06-16 15:52:08,982][root][INFO] - Epoch [2/5] | Train: 1.2203 | Val: 0.7114
[2026-06-16 15:52:09,156][root][INFO] - Checkpoint saved: /gpfs/scratch/bsc32/bsc096444/ai4land-tfm/trained_models/unet_impl/41825186/best_model.pth
[2026-06-16 15:52:09,312][root][INFO] - Checkpoint saved: /gpfs/scratch/bsc32/bsc096444/ai4land-tfm/trained_models/unet_impl/41825186/model_epoch_2.pth
[2026-06-16 15:52:11,332][root][INFO] - Epoch [3/5], Batch [1/300], Loss: 1.2857 (Overall: 0.9286, Change: 1.6427), TF Ratio: 0.880
[2026-06-16 15:52:11,484][root][INFO] - Epoch [3/5], Batch [2/300], Loss: 1.3330 (Overall: 0.7379, Change: 2.0228), TF Ratio: 0.880
[2026-06-16 15:52:11,636][root][INFO] - Epoch [3/5], Batch [3/300], Loss: 1.2599 (Overall: 0.6887, Change: 1.5387), TF Ratio: 0.879
[2026-06-16 15:52:11,789][root][INFO] - Epoch [3/5], Batch [4/300], Loss: 1.2155 (Overall: 0.6942, Change: 1.4702), TF Ratio: 0.879
[2026-06-16 15:52:11,940][root][INFO] - Epoch [3/5], Batch [5/300], Loss: 1.3319 (Overall: 0.7791, Change: 2.8163), TF Ratio: 0.879
[2026-06-16 15:52:12,096][root][INFO] - Epoch [3/5], Batch [6/300], Loss: 1.2509 (Overall: 0.7182, Change: 0.9737), TF Ratio: 0.879
[2026-06-16 15:52:12,248][root][INFO] - Epoch [3/5], Batch [7/300], Loss: 1.2257 (Overall: 0.5833, Change: 1.5653), TF Ratio: 0.879
[2026-06-16 15:52:12,400][root][INFO] - Epoch [3/5], Batch [8/300], Loss: 1.2415 (Overall: 1.0458, Change: 1.6586), TF Ratio: 0.878
[2026-06-16 15:52:12,563][root][INFO] - Epoch [3/5], Batch [9/300], Loss: 1.2480 (Overall: 0.8464, Change: 1.7534), TF Ratio: 0.878
[2026-06-16 15:52:12,714][root][INFO] - Epoch [3/5], Batch [10/300], Loss: 1.2407 (Overall: 0.8217, Change: 1.5276), TF Ratio: 0.878
[2026-06-16 15:52:12,866][root][INFO] - Epoch [3/5], Batch [11/300], Loss: 1.2610 (Overall: 1.3382, Change: 1.5905), TF Ratio: 0.878
[2026-06-16 15:52:13,018][root][INFO] - Epoch [3/5], Batch [12/300], Loss: 1.2726 (Overall: 1.1246, Change: 1.6749), TF Ratio: 0.878
[2026-06-16 15:52:13,169][root][INFO] - Epoch [3/5], Batch [13/300], Loss: 1.2618 (Overall: 0.6917, Change: 1.5743), TF Ratio: 0.877
[2026-06-16 15:52:13,320][root][INFO] - Epoch [3/5], Batch [14/300], Loss: 1.2442 (Overall: 0.7433, Change: 1.2857), TF Ratio: 0.877
[2026-06-16 15:52:13,471][root][INFO] - Epoch [3/5], Batch [15/300], Loss: 1.2325 (Overall: 0.7158, Change: 1.4225), TF Ratio: 0.877
[2026-06-16 15:52:13,623][root][INFO] - Epoch [3/5], Batch [16/300], Loss: 1.2391 (Overall: 0.9942, Change: 1.6821), TF Ratio: 0.877
[2026-06-16 15:52:13,774][root][INFO] - Epoch [3/5], Batch [17/300], Loss: 1.2372 (Overall: 0.7680, Change: 1.6463), TF Ratio: 0.877
[2026-06-16 15:52:13,925][root][INFO] - Epoch [3/5], Batch [18/300], Loss: 1.2356 (Overall: 0.8665, Change: 1.5482), TF Ratio: 0.876
[2026-06-16 15:52:14,077][root][INFO] - Epoch [3/5], Batch [19/300], Loss: 1.2279 (Overall: 0.7184, Change: 1.4622), TF Ratio: 0.876
[2026-06-16 15:52:14,235][root][INFO] - Epoch [3/5], Batch [20/300], Loss: 1.2282 (Overall: 0.8788, Change: 1.5900), TF Ratio: 0.876
[2026-06-16 15:52:14,387][root][INFO] - Epoch [3/5], Batch [21/300], Loss: 1.2315 (Overall: 0.8022, Change: 1.7930), TF Ratio: 0.876
[2026-06-16 15:52:14,538][root][INFO] - Epoch [3/5], Batch [22/300], Loss: 1.2290 (Overall: 0.9812, Change: 1.3707), TF Ratio: 0.876
[2026-06-16 15:52:14,689][root][INFO] - Epoch [3/5], Batch [23/300], Loss: 1.2270 (Overall: 1.1010, Change: 1.2663), TF Ratio: 0.875
[2026-06-16 15:52:14,843][root][INFO] - Epoch [3/5], Batch [24/300], Loss: 1.2255 (Overall: 0.9795, Change: 1.4006), TF Ratio: 0.875
[2026-06-16 15:52:14,994][root][INFO] - Epoch [3/5], Batch [25/300], Loss: 1.2155 (Overall: 0.7168, Change: 1.2338), TF Ratio: 0.875
[2026-06-16 15:52:15,145][root][INFO] - Epoch [3/5], Batch [26/300], Loss: 1.2217 (Overall: 0.9168, Change: 1.8367), TF Ratio: 0.875
[2026-06-16 15:52:15,297][root][INFO] - Epoch [3/5], Batch [27/300], Loss: 1.2204 (Overall: 0.8337, Change: 1.5415), TF Ratio: 0.875
[2026-06-16 15:52:15,449][root][INFO] - Epoch [3/5], Batch [28/300], Loss: 1.2060 (Overall: 0.6566, Change: 0.9752), TF Ratio: 0.874
[2026-06-16 15:52:15,600][root][INFO] - Epoch [3/5], Batch [29/300], Loss: 1.2191 (Overall: 1.5688, Change: 1.6019), TF Ratio: 0.874
[2026-06-16 15:52:15,760][root][INFO] - Epoch [3/5], Batch [30/300], Loss: 1.2249 (Overall: 1.1553, Change: 1.6357), TF Ratio: 0.874
[2026-06-16 15:52:15,911][root][INFO] - Epoch [3/5], Batch [31/300], Loss: 1.2305 (Overall: 1.0683, Change: 1.7262), TF Ratio: 0.874
[2026-06-16 15:52:16,063][root][INFO] - Epoch [3/5], Batch [32/300], Loss: 1.2308 (Overall: 0.9440, Change: 1.5327), TF Ratio: 0.874
[2026-06-16 15:52:16,214][root][INFO] - Epoch [3/5], Batch [33/300], Loss: 1.2286 (Overall: 0.8450, Change: 1.4738), TF Ratio: 0.873
[2026-06-16 15:52:16,364][root][INFO] - Epoch [3/5], Batch [34/300], Loss: 1.2264 (Overall: 1.2501, Change: 1.0578), TF Ratio: 0.873
[2026-06-16 15:52:16,518][root][INFO] - Epoch [3/5], Batch [35/300], Loss: 1.2213 (Overall: 0.7483, Change: 1.3497), TF Ratio: 0.873
[2026-06-16 15:52:16,680][root][INFO] - Epoch [3/5], Batch [36/300], Loss: 1.2158 (Overall: 0.7177, Change: 1.3259), TF Ratio: 0.873
[2026-06-16 15:52:16,831][root][INFO] - Epoch [3/5], Batch [37/300], Loss: 1.2104 (Overall: 0.7288, Change: 1.3051), TF Ratio: 0.873
[2026-06-16 15:52:16,983][root][INFO] - Epoch [3/5], Batch [38/300], Loss: 1.2035 (Overall: 0.6874, Change: 1.2049), TF Ratio: 0.872
[2026-06-16 15:52:17,139][root][INFO] - Epoch [3/5], Batch [39/300], Loss: 1.2015 (Overall: 0.7837, Change: 1.4693), TF Ratio: 0.872
[2026-06-16 15:52:17,292][root][INFO] - Epoch [3/5], Batch [40/300], Loss: 1.2009 (Overall: 0.9717, Change: 1.3855), TF Ratio: 0.872
[2026-06-16 15:52:17,442][root][INFO] - Epoch [3/5], Batch [41/300], Loss: 1.2028 (Overall: 0.9978, Change: 1.5617), TF Ratio: 0.872
[2026-06-16 15:52:17,594][root][INFO] - Epoch [3/5], Batch [42/300], Loss: 1.2022 (Overall: 0.7776, Change: 1.5781), TF Ratio: 0.872
[2026-06-16 15:52:17,744][root][INFO] - Epoch [3/5], Batch [43/300], Loss: 1.2252 (Overall: 1.7709, Change: 2.6099), TF Ratio: 0.871
[2026-06-16 15:52:17,896][root][INFO] - Epoch [3/5], Batch [44/300], Loss: 1.2216 (Overall: 0.8782, Change: 1.2574), TF Ratio: 0.871
[2026-06-16 15:52:18,047][root][INFO] - Epoch [3/5], Batch [45/300], Loss: 1.2210 (Overall: 0.8328, Change: 1.5487), TF Ratio: 0.871
[2026-06-16 15:52:18,197][root][INFO] - Epoch [3/5], Batch [46/300], Loss: 1.2207 (Overall: 0.9008, Change: 1.5199), TF Ratio: 0.871
[2026-06-16 15:52:18,349][root][INFO] - Epoch [3/5], Batch [47/300], Loss: 1.2157 (Overall: 0.6743, Change: 1.2933), TF Ratio: 0.871
[2026-06-16 15:52:18,510][root][INFO] - Epoch [3/5], Batch [48/300], Loss: 1.2108 (Overall: 0.7528, Change: 1.2116), TF Ratio: 0.870
[2026-06-16 15:52:18,660][root][INFO] - Epoch [3/5], Batch [49/300], Loss: 1.2052 (Overall: 0.6941, Change: 1.1761), TF Ratio: 0.870
[2026-06-16 15:52:18,811][root][INFO] - Epoch [3/5], Batch [50/300], Loss: 1.2047 (Overall: 0.8821, Change: 1.4831), TF Ratio: 0.870
[2026-06-16 15:52:18,962][root][INFO] - Epoch [3/5], Batch [51/300], Loss: 1.2024 (Overall: 0.9678, Change: 1.2075), TF Ratio: 0.870
[2026-06-16 15:52:19,114][root][INFO] - Epoch [3/5], Batch [52/300], Loss: 1.2002 (Overall: 0.6753, Change: 1.4942), TF Ratio: 0.870
[2026-06-16 15:52:19,265][root][INFO] - Epoch [3/5], Batch [53/300], Loss: 1.1995 (Overall: 0.7092, Change: 1.6221), TF Ratio: 0.869
[2026-06-16 15:52:19,421][root][INFO] - Epoch [3/5], Batch [54/300], Loss: 1.1935 (Overall: 0.6005, Change: 1.1460), TF Ratio: 0.869
[2026-06-16 15:52:19,572][root][INFO] - Epoch [3/5], Batch [55/300], Loss: 1.1926 (Overall: 0.9418, Change: 1.3516), TF Ratio: 0.869
[2026-06-16 15:52:19,730][root][INFO] - Epoch [3/5], Batch [56/300], Loss: 1.1938 (Overall: 0.8863, Change: 1.6265), TF Ratio: 0.869
[2026-06-16 15:52:19,886][root][INFO] - Epoch [3/5], Batch [57/300], Loss: 1.1917 (Overall: 0.8953, Change: 1.2574), TF Ratio: 0.869
[2026-06-16 15:52:20,049][root][INFO] - Epoch [3/5], Batch [58/300], Loss: 1.1944 (Overall: 0.9730, Change: 1.7228), TF Ratio: 0.868
[2026-06-16 15:52:20,199][root][INFO] - Epoch [3/5], Batch [59/300], Loss: 1.1943 (Overall: 0.8523, Change: 1.5188), TF Ratio: 0.868
[2026-06-16 15:52:20,351][root][INFO] - Epoch [3/5], Batch [60/300], Loss: 1.1950 (Overall: 1.0453, Change: 1.4329), TF Ratio: 0.868
[2026-06-16 15:52:20,501][root][INFO] - Epoch [3/5], Batch [61/300], Loss: 1.1951 (Overall: 0.9488, Change: 1.4571), TF Ratio: 0.868
[2026-06-16 15:52:20,652][root][INFO] - Epoch [3/5], Batch [62/300], Loss: 1.1976 (Overall: 1.1646, Change: 1.5350), TF Ratio: 0.868
[2026-06-16 15:52:20,803][root][INFO] - Epoch [3/5], Batch [63/300], Loss: 1.1952 (Overall: 0.8320, Change: 1.2528), TF Ratio: 0.867
[2026-06-16 15:52:20,954][root][INFO] - Epoch [3/5], Batch [64/300], Loss: 1.1955 (Overall: 0.9311, Change: 1.5028), TF Ratio: 0.867
[2026-06-16 15:52:21,125][root][INFO] - Epoch [3/5], Batch [65/300], Loss: 1.1910 (Overall: 0.7953, Change: 1.0084), TF Ratio: 0.867
[2026-06-16 15:52:21,277][root][INFO] - Epoch [3/5], Batch [66/300], Loss: 1.1950 (Overall: 0.9877, Change: 1.9289), TF Ratio: 0.867
[2026-06-16 15:52:21,429][root][INFO] - Epoch [3/5], Batch [67/300], Loss: 1.1927 (Overall: 0.6691, Change: 1.4066), TF Ratio: 0.867
[2026-06-16 15:52:21,589][root][INFO] - Epoch [3/5], Batch [68/300], Loss: 1.1933 (Overall: 0.9598, Change: 1.5046), TF Ratio: 0.866
[2026-06-16 15:52:21,740][root][INFO] - Epoch [3/5], Batch [69/300], Loss: 1.1927 (Overall: 0.8965, Change: 1.4046), TF Ratio: 0.866
[2026-06-16 15:52:21,891][root][INFO] - Epoch [3/5], Batch [70/300], Loss: 1.1960 (Overall: 0.6581, Change: 2.2011), TF Ratio: 0.866
[2026-06-16 15:52:22,042][root][INFO] - Epoch [3/5], Batch [71/300], Loss: 1.1943 (Overall: 0.6057, Change: 1.5359), TF Ratio: 0.866
[2026-06-16 15:52:22,194][root][INFO] - Epoch [3/5], Batch [72/300], Loss: 1.1969 (Overall: 1.2545, Change: 1.5123), TF Ratio: 0.866
[2026-06-16 15:52:22,352][root][INFO] - Epoch [3/5], Batch [73/300], Loss: 1.1957 (Overall: 0.8299, Change: 1.3860), TF Ratio: 0.865
[2026-06-16 15:52:22,503][root][INFO] - Epoch [3/5], Batch [74/300], Loss: 1.1955 (Overall: 1.0747, Change: 1.2887), TF Ratio: 0.865
[2026-06-16 15:52:22,654][root][INFO] - Epoch [3/5], Batch [75/300], Loss: 1.1959 (Overall: 1.0046, Change: 1.4431), TF Ratio: 0.865
[2026-06-16 15:52:22,808][root][INFO] - Epoch [3/5], Batch [76/300], Loss: 1.1945 (Overall: 0.6619, Change: 1.5259), TF Ratio: 0.865
[2026-06-16 15:52:22,959][root][INFO] - Epoch [3/5], Batch [77/300], Loss: 1.1934 (Overall: 0.9687, Change: 1.2501), TF Ratio: 0.865
[2026-06-16 15:52:23,110][root][INFO] - Epoch [3/5], Batch [78/300], Loss: 1.1926 (Overall: 0.7545, Change: 1.5037), TF Ratio: 0.864
[2026-06-16 15:52:23,260][root][INFO] - Epoch [3/5], Batch [79/300], Loss: 1.1922 (Overall: 0.8957, Change: 1.4297), TF Ratio: 0.864
[2026-06-16 15:52:23,412][root][INFO] - Epoch [3/5], Batch [80/300], Loss: 1.1934 (Overall: 1.0128, Change: 1.5628), TF Ratio: 0.864
[2026-06-16 15:52:23,563][root][INFO] - Epoch [3/5], Batch [81/300], Loss: 1.1948 (Overall: 0.9038, Change: 1.7112), TF Ratio: 0.864
[2026-06-16 15:52:23,715][root][INFO] - Epoch [3/5], Batch [82/300], Loss: 1.1946 (Overall: 0.9519, Change: 1.3976), TF Ratio: 0.864
[2026-06-16 15:52:23,866][root][INFO] - Epoch [3/5], Batch [83/300], Loss: 1.1941 (Overall: 0.8294, Change: 1.4789), TF Ratio: 0.863
[2026-06-16 15:52:24,018][root][INFO] - Epoch [3/5], Batch [84/300], Loss: 1.1943 (Overall: 0.8856, Change: 1.5287), TF Ratio: 0.863
[2026-06-16 15:52:24,170][root][INFO] - Epoch [3/5], Batch [85/300], Loss: 1.1924 (Overall: 0.7892, Change: 1.2794), TF Ratio: 0.863
[2026-06-16 15:52:24,322][root][INFO] - Epoch [3/5], Batch [86/300], Loss: 1.1936 (Overall: 0.7854, Change: 1.8177), TF Ratio: 0.863
[2026-06-16 15:52:24,474][root][INFO] - Epoch [3/5], Batch [87/300], Loss: 1.1927 (Overall: 0.9056, Change: 1.3128), TF Ratio: 0.863
[2026-06-16 15:52:24,627][root][INFO] - Epoch [3/5], Batch [88/300], Loss: 1.1942 (Overall: 0.9560, Change: 1.7023), TF Ratio: 0.862
[2026-06-16 15:52:24,778][root][INFO] - Epoch [3/5], Batch [89/300], Loss: 1.1919 (Overall: 0.8084, Change: 1.1625), TF Ratio: 0.862
[2026-06-16 15:52:24,929][root][INFO] - Epoch [3/5], Batch [90/300], Loss: 1.1913 (Overall: 0.8878, Change: 1.3899), TF Ratio: 0.862
[2026-06-16 15:52:25,081][root][INFO] - Epoch [3/5], Batch [91/300], Loss: 1.1897 (Overall: 0.6384, Change: 1.4493), TF Ratio: 0.862
[2026-06-16 15:52:25,240][root][INFO] - Epoch [3/5], Batch [92/300], Loss: 1.1943 (Overall: 0.8861, Change: 2.3507), TF Ratio: 0.862
[2026-06-16 15:52:25,390][root][INFO] - Epoch [3/5], Batch [93/300], Loss: 1.1951 (Overall: 0.9682, Change: 1.5726), TF Ratio: 0.861
[2026-06-16 15:52:25,542][root][INFO] - Epoch [3/5], Batch [94/300], Loss: 1.1930 (Overall: 0.6954, Change: 1.2901), TF Ratio: 0.861
[2026-06-16 15:52:25,696][root][INFO] - Epoch [3/5], Batch [95/300], Loss: 1.1928 (Overall: 1.0620, Change: 1.2805), TF Ratio: 0.861
[2026-06-16 15:52:25,848][root][INFO] - Epoch [3/5], Batch [96/300], Loss: 1.1925 (Overall: 1.0017, Change: 1.3273), TF Ratio: 0.861
[2026-06-16 15:52:25,998][root][INFO] - Epoch [3/5], Batch [97/300], Loss: 1.1919 (Overall: 0.9314, Change: 1.3442), TF Ratio: 0.861
[2026-06-16 15:52:26,160][root][INFO] - Epoch [3/5], Batch [98/300], Loss: 1.1913 (Overall: 0.9296, Change: 1.3327), TF Ratio: 0.860
[2026-06-16 15:52:26,314][root][INFO] - Epoch [3/5], Batch [99/300], Loss: 1.1932 (Overall: 0.9871, Change: 1.7690), TF Ratio: 0.860
[2026-06-16 15:52:26,466][root][INFO] - Epoch [3/5], Batch [100/300], Loss: 1.1913 (Overall: 0.7451, Change: 1.2662), TF Ratio: 0.860
[2026-06-16 15:52:26,617][root][INFO] - Epoch [3/5], Batch [101/300], Loss: 1.1899 (Overall: 0.6963, Change: 1.4117), TF Ratio: 0.860
[2026-06-16 15:52:26,769][root][INFO] - Epoch [3/5], Batch [102/300], Loss: 1.1885 (Overall: 0.7896, Change: 1.3037), TF Ratio: 0.860
[2026-06-16 15:52:26,921][root][INFO] - Epoch [3/5], Batch [103/300], Loss: 1.1874 (Overall: 0.6438, Change: 1.4944), TF Ratio: 0.859
[2026-06-16 15:52:27,073][root][INFO] - Epoch [3/5], Batch [104/300], Loss: 1.1893 (Overall: 1.1355, Change: 1.6360), TF Ratio: 0.859
[2026-06-16 15:52:27,223][root][INFO] - Epoch [3/5], Batch [105/300], Loss: 1.1899 (Overall: 1.1520, Change: 1.3566), TF Ratio: 0.859
[2026-06-16 15:52:27,396][root][INFO] - Epoch [3/5], Batch [106/300], Loss: 1.1884 (Overall: 0.8850, Change: 1.1827), TF Ratio: 0.859
[2026-06-16 15:52:27,555][root][INFO] - Epoch [3/5], Batch [107/300], Loss: 1.1876 (Overall: 0.6753, Change: 1.5186), TF Ratio: 0.859
[2026-06-16 15:52:27,709][root][INFO] - Epoch [3/5], Batch [108/300], Loss: 1.1853 (Overall: 0.7923, Change: 1.1016), TF Ratio: 0.858
[2026-06-16 15:52:27,859][root][INFO] - Epoch [3/5], Batch [109/300], Loss: 1.1837 (Overall: 0.6751, Change: 1.3397), TF Ratio: 0.858
[2026-06-16 15:52:28,010][root][INFO] - Epoch [3/5], Batch [110/300], Loss: 1.1797 (Overall: 0.5925, Change: 0.9019), TF Ratio: 0.858
[2026-06-16 15:52:28,161][root][INFO] - Epoch [3/5], Batch [111/300], Loss: 1.1781 (Overall: 0.7121, Change: 1.2819), TF Ratio: 0.858
[2026-06-16 15:52:28,313][root][INFO] - Epoch [3/5], Batch [112/300], Loss: 1.1774 (Overall: 0.8581, Change: 1.3470), TF Ratio: 0.858
[2026-06-16 15:52:28,463][root][INFO] - Epoch [3/5], Batch [113/300], Loss: 1.1777 (Overall: 0.9212, Change: 1.5046), TF Ratio: 0.857
[2026-06-16 15:52:28,614][root][INFO] - Epoch [3/5], Batch [114/300], Loss: 1.1784 (Overall: 1.1203, Change: 1.3786), TF Ratio: 0.857
[2026-06-16 15:52:28,765][root][INFO] - Epoch [3/5], Batch [115/300], Loss: 1.1786 (Overall: 0.7214, Change: 1.6995), TF Ratio: 0.857
[2026-06-16 15:52:28,917][root][INFO] - Epoch [3/5], Batch [116/300], Loss: 1.1783 (Overall: 0.8869, Change: 1.3972), TF Ratio: 0.857
[2026-06-16 15:52:29,067][root][INFO] - Epoch [3/5], Batch [117/300], Loss: 1.1789 (Overall: 0.8339, Change: 1.6639), TF Ratio: 0.857
[2026-06-16 15:52:29,226][root][INFO] - Epoch [3/5], Batch [118/300], Loss: 1.1793 (Overall: 0.8139, Change: 1.6380), TF Ratio: 0.856
[2026-06-16 15:52:29,380][root][INFO] - Epoch [3/5], Batch [119/300], Loss: 1.1848 (Overall: 1.1199, Change: 2.5376), TF Ratio: 0.856
[2026-06-16 15:52:29,542][root][INFO] - Epoch [3/5], Batch [120/300], Loss: 1.1825 (Overall: 0.8489, Change: 0.9739), TF Ratio: 0.856
[2026-06-16 15:52:29,693][root][INFO] - Epoch [3/5], Batch [121/300], Loss: 1.1815 (Overall: 0.7249, Change: 1.3976), TF Ratio: 0.856
[2026-06-16 15:52:29,844][root][INFO] - Epoch [3/5], Batch [122/300], Loss: 1.1814 (Overall: 0.6737, Change: 1.6615), TF Ratio: 0.856
[2026-06-16 15:52:29,997][root][INFO] - Epoch [3/5], Batch [123/300], Loss: 1.1818 (Overall: 1.0665, Change: 1.3854), TF Ratio: 0.855
[2026-06-16 15:52:30,149][root][INFO] - Epoch [3/5], Batch [124/300], Loss: 1.1810 (Overall: 0.8440, Change: 1.3248), TF Ratio: 0.855
[2026-06-16 15:52:30,303][root][INFO] - Epoch [3/5], Batch [125/300], Loss: 1.1810 (Overall: 0.6982, Change: 1.6665), TF Ratio: 0.855
[2026-06-16 15:52:30,463][root][INFO] - Epoch [3/5], Batch [126/300], Loss: 1.1821 (Overall: 1.0228, Change: 1.6301), TF Ratio: 0.855
[2026-06-16 15:52:30,614][root][INFO] - Epoch [3/5], Batch [127/300], Loss: 1.1818 (Overall: 1.0997, Change: 1.1897), TF Ratio: 0.855
[2026-06-16 15:52:30,766][root][INFO] - Epoch [3/5], Batch [128/300], Loss: 1.1807 (Overall: 0.6312, Change: 1.4289), TF Ratio: 0.854
[2026-06-16 15:52:30,916][root][INFO] - Epoch [3/5], Batch [129/300], Loss: 1.1822 (Overall: 1.0315, Change: 1.7196), TF Ratio: 0.854
[2026-06-16 15:52:31,069][root][INFO] - Epoch [3/5], Batch [130/300], Loss: 1.1813 (Overall: 0.7949, Change: 1.3503), TF Ratio: 0.854
[2026-06-16 15:52:31,220][root][INFO] - Epoch [3/5], Batch [131/300], Loss: 1.1804 (Overall: 0.6443, Change: 1.4776), TF Ratio: 0.854
[2026-06-16 15:52:31,375][root][INFO] - Epoch [3/5], Batch [132/300], Loss: 1.1800 (Overall: 0.9131, Change: 1.3487), TF Ratio: 0.854
[2026-06-16 15:52:31,538][root][INFO] - Epoch [3/5], Batch [133/300], Loss: 1.1815 (Overall: 0.7429, Change: 2.0139), TF Ratio: 0.853
[2026-06-16 15:52:31,689][root][INFO] - Epoch [3/5], Batch [134/300], Loss: 1.1828 (Overall: 1.4771, Change: 1.2393), TF Ratio: 0.853
[2026-06-16 15:52:31,840][root][INFO] - Epoch [3/5], Batch [135/300], Loss: 1.1809 (Overall: 0.6315, Change: 1.2097), TF Ratio: 0.853
[2026-06-16 15:52:31,995][root][INFO] - Epoch [3/5], Batch [136/300], Loss: 1.1805 (Overall: 0.6614, Change: 1.6045), TF Ratio: 0.853
[2026-06-16 15:52:32,146][root][INFO] - Epoch [3/5], Batch [137/300], Loss: 1.1825 (Overall: 1.2376, Change: 1.6483), TF Ratio: 0.853
[2026-06-16 15:52:32,298][root][INFO] - Epoch [3/5], Batch [138/300], Loss: 1.1817 (Overall: 0.6215, Change: 1.5341), TF Ratio: 0.852
[2026-06-16 15:52:32,456][root][INFO] - Epoch [3/5], Batch [139/300], Loss: 1.1836 (Overall: 0.9806, Change: 1.8977), TF Ratio: 0.852
[2026-06-16 15:52:32,609][root][INFO] - Epoch [3/5], Batch [140/300], Loss: 1.1836 (Overall: 0.8044, Change: 1.5699), TF Ratio: 0.852
[2026-06-16 15:52:32,759][root][INFO] - Epoch [3/5], Batch [141/300], Loss: 1.1828 (Overall: 0.9632, Change: 1.1863), TF Ratio: 0.852
[2026-06-16 15:52:32,909][root][INFO] - Epoch [3/5], Batch [142/300], Loss: 1.1850 (Overall: 1.2234, Change: 1.7756), TF Ratio: 0.852
[2026-06-16 15:52:33,060][root][INFO] - Epoch [3/5], Batch [143/300], Loss: 1.1869 (Overall: 1.3175, Change: 1.5862), TF Ratio: 0.851
[2026-06-16 15:52:33,211][root][INFO] - Epoch [3/5], Batch [144/300], Loss: 1.1865 (Overall: 0.7156, Change: 1.5296), TF Ratio: 0.851
[2026-06-16 15:52:33,362][root][INFO] - Epoch [3/5], Batch [145/300], Loss: 1.1858 (Overall: 0.7967, Change: 1.3921), TF Ratio: 0.851
[2026-06-16 15:52:33,525][root][INFO] - Epoch [3/5], Batch [146/300], Loss: 1.1846 (Overall: 0.6087, Change: 1.3984), TF Ratio: 0.851
[2026-06-16 15:52:33,691][root][INFO] - Epoch [3/5], Batch [147/300], Loss: 1.1852 (Overall: 1.0055, Change: 1.5538), TF Ratio: 0.851
[2026-06-16 15:52:33,857][root][INFO] - Epoch [3/5], Batch [148/300], Loss: 1.1869 (Overall: 0.9150, Change: 1.9526), TF Ratio: 0.850
[2026-06-16 15:52:34,007][root][INFO] - Epoch [3/5], Batch [149/300], Loss: 1.1879 (Overall: 1.3285, Change: 1.3352), TF Ratio: 0.850
[2026-06-16 15:52:34,157][root][INFO] - Epoch [3/5], Batch [150/300], Loss: 1.1880 (Overall: 0.7615, Change: 1.6640), TF Ratio: 0.850
[2026-06-16 15:52:34,308][root][INFO] - Epoch [3/5], Batch [151/300], Loss: 1.1880 (Overall: 0.8311, Change: 1.5407), TF Ratio: 0.850
[2026-06-16 15:52:34,460][root][INFO] - Epoch [3/5], Batch [152/300], Loss: 1.1890 (Overall: 1.2026, Change: 1.4794), TF Ratio: 0.850
[2026-06-16 15:52:34,616][root][INFO] - Epoch [3/5], Batch [153/300], Loss: 1.1889 (Overall: 1.1192, Change: 1.2323), TF Ratio: 0.849
[2026-06-16 15:52:34,766][root][INFO] - Epoch [3/5], Batch [154/300], Loss: 1.1880 (Overall: 0.7781, Change: 1.3135), TF Ratio: 0.849
[2026-06-16 15:52:34,917][root][INFO] - Epoch [3/5], Batch [155/300], Loss: 1.1873 (Overall: 0.6483, Change: 1.4946), TF Ratio: 0.849
[2026-06-16 15:52:35,077][root][INFO] - Epoch [3/5], Batch [156/300], Loss: 1.1874 (Overall: 0.8512, Change: 1.5626), TF Ratio: 0.849
[2026-06-16 15:52:35,228][root][INFO] - Epoch [3/5], Batch [157/300], Loss: 1.1877 (Overall: 1.0723, Change: 1.3857), TF Ratio: 0.849
[2026-06-16 15:52:35,379][root][INFO] - Epoch [3/5], Batch [158/300], Loss: 1.1859 (Overall: 0.7538, Change: 1.0786), TF Ratio: 0.848
[2026-06-16 15:52:35,529][root][INFO] - Epoch [3/5], Batch [159/300], Loss: 1.1855 (Overall: 0.8223, Change: 1.4093), TF Ratio: 0.848
[2026-06-16 15:52:35,681][root][INFO] - Epoch [3/5], Batch [160/300], Loss: 1.1851 (Overall: 0.7883, Change: 1.4718), TF Ratio: 0.848
[2026-06-16 15:52:35,843][root][INFO] - Epoch [3/5], Batch [161/300], Loss: 1.1854 (Overall: 0.9322, Change: 1.5170), TF Ratio: 0.848
[2026-06-16 15:52:36,010][root][INFO] - Epoch [3/5], Batch [162/300], Loss: 1.1861 (Overall: 0.8871, Change: 1.7215), TF Ratio: 0.848
[2026-06-16 15:52:36,166][root][INFO] - Epoch [3/5], Batch [163/300], Loss: 1.1866 (Overall: 0.8261, Change: 1.7156), TF Ratio: 0.847
[2026-06-16 15:52:36,318][root][INFO] - Epoch [3/5], Batch [164/300], Loss: 1.1867 (Overall: 1.0111, Change: 1.3893), TF Ratio: 0.847
[2026-06-16 15:52:36,468][root][INFO] - Epoch [3/5], Batch [165/300], Loss: 1.1868 (Overall: 0.6916, Change: 1.7214), TF Ratio: 0.847
[2026-06-16 15:52:36,619][root][INFO] - Epoch [3/5], Batch [166/300], Loss: 1.1866 (Overall: 1.1481, Change: 1.1492), TF Ratio: 0.847
[2026-06-16 15:52:36,770][root][INFO] - Epoch [3/5], Batch [167/300], Loss: 1.1848 (Overall: 0.6423, Change: 1.1231), TF Ratio: 0.847
[2026-06-16 15:52:36,921][root][INFO] - Epoch [3/5], Batch [168/300], Loss: 1.1844 (Overall: 0.7093, Change: 1.5223), TF Ratio: 0.846
[2026-06-16 15:52:37,072][root][INFO] - Epoch [3/5], Batch [169/300], Loss: 1.1859 (Overall: 1.2119, Change: 1.6644), TF Ratio: 0.846
[2026-06-16 15:52:37,223][root][INFO] - Epoch [3/5], Batch [170/300], Loss: 1.1846 (Overall: 0.8336, Change: 1.0879), TF Ratio: 0.846
[2026-06-16 15:52:37,381][root][INFO] - Epoch [3/5], Batch [171/300], Loss: 1.1849 (Overall: 0.8879, Change: 1.5844), TF Ratio: 0.846
[2026-06-16 15:52:37,533][root][INFO] - Epoch [3/5], Batch [172/300], Loss: 1.1850 (Overall: 0.9584, Change: 1.4668), TF Ratio: 0.846
[2026-06-16 15:52:37,683][root][INFO] - Epoch [3/5], Batch [173/300], Loss: 1.1862 (Overall: 1.3047, Change: 1.4571), TF Ratio: 0.845
[2026-06-16 15:52:37,834][root][INFO] - Epoch [3/5], Batch [174/300], Loss: 1.1861 (Overall: 0.9461, Change: 1.4166), TF Ratio: 0.845
[2026-06-16 15:52:37,985][root][INFO] - Epoch [3/5], Batch [175/300], Loss: 1.1866 (Overall: 0.7290, Change: 1.7995), TF Ratio: 0.845
[2026-06-16 15:52:38,136][root][INFO] - Epoch [3/5], Batch [176/300], Loss: 1.1856 (Overall: 0.7635, Change: 1.2567), TF Ratio: 0.845
[2026-06-16 15:52:38,288][root][INFO] - Epoch [3/5], Batch [177/300], Loss: 1.1849 (Overall: 0.7607, Change: 1.3797), TF Ratio: 0.845
[2026-06-16 15:52:38,439][root][INFO] - Epoch [3/5], Batch [178/300], Loss: 1.1841 (Overall: 0.5964, Change: 1.4844), TF Ratio: 0.844
[2026-06-16 15:52:38,590][root][INFO] - Epoch [3/5], Batch [179/300], Loss: 1.1838 (Overall: 0.7731, Change: 1.4866), TF Ratio: 0.844
[2026-06-16 15:52:38,741][root][INFO] - Epoch [3/5], Batch [180/300], Loss: 1.1843 (Overall: 0.9884, Change: 1.5539), TF Ratio: 0.844
[2026-06-16 15:52:38,891][root][INFO] - Epoch [3/5], Batch [181/300], Loss: 1.1847 (Overall: 0.6692, Change: 1.8333), TF Ratio: 0.844
[2026-06-16 15:52:39,042][root][INFO] - Epoch [3/5], Batch [182/300], Loss: 1.1869 (Overall: 1.2317, Change: 1.9541), TF Ratio: 0.844
[2026-06-16 15:52:39,192][root][INFO] - Epoch [3/5], Batch [183/300], Loss: 1.1879 (Overall: 1.2252, Change: 1.5215), TF Ratio: 0.843
[2026-06-16 15:52:39,346][root][INFO] - Epoch [3/5], Batch [184/300], Loss: 1.1885 (Overall: 1.0639, Change: 1.5168), TF Ratio: 0.843
[2026-06-16 15:52:39,496][root][INFO] - Epoch [3/5], Batch [185/300], Loss: 1.1874 (Overall: 0.7833, Change: 1.1857), TF Ratio: 0.843
[2026-06-16 15:52:39,647][root][INFO] - Epoch [3/5], Batch [186/300], Loss: 1.1891 (Overall: 1.3643, Change: 1.6354), TF Ratio: 0.843
[2026-06-16 15:52:39,797][root][INFO] - Epoch [3/5], Batch [187/300], Loss: 1.1894 (Overall: 0.9955, Change: 1.5021), TF Ratio: 0.843
[2026-06-16 15:52:39,950][root][INFO] - Epoch [3/5], Batch [188/300], Loss: 1.1910 (Overall: 1.1214, Change: 1.8609), TF Ratio: 0.842
[2026-06-16 15:52:40,100][root][INFO] - Epoch [3/5], Batch [189/300], Loss: 1.1915 (Overall: 1.0316, Change: 1.5352), TF Ratio: 0.842
[2026-06-16 15:52:40,251][root][INFO] - Epoch [3/5], Batch [190/300], Loss: 1.1937 (Overall: 1.7394, Change: 1.4752), TF Ratio: 0.842
[2026-06-16 15:52:40,401][root][INFO] - Epoch [3/5], Batch [191/300], Loss: 1.1923 (Overall: 0.7393, Change: 1.1248), TF Ratio: 0.842
[2026-06-16 15:52:40,552][root][INFO] - Epoch [3/5], Batch [192/300], Loss: 1.1911 (Overall: 0.6557, Change: 1.2566), TF Ratio: 0.842
[2026-06-16 15:52:40,702][root][INFO] - Epoch [3/5], Batch [193/300], Loss: 1.1912 (Overall: 1.0264, Change: 1.4012), TF Ratio: 0.841
[2026-06-16 15:52:40,853][root][INFO] - Epoch [3/5], Batch [194/300], Loss: 1.1921 (Overall: 1.1643, Change: 1.5881), TF Ratio: 0.841
[2026-06-16 15:52:41,003][root][INFO] - Epoch [3/5], Batch [195/300], Loss: 1.1917 (Overall: 0.7962, Change: 1.4275), TF Ratio: 0.841
[2026-06-16 15:52:41,158][root][INFO] - Epoch [3/5], Batch [196/300], Loss: 1.1927 (Overall: 1.1911, Change: 1.5702), TF Ratio: 0.841
[2026-06-16 15:52:41,308][root][INFO] - Epoch [3/5], Batch [197/300], Loss: 1.1916 (Overall: 0.6453, Change: 1.3140), TF Ratio: 0.841
[2026-06-16 15:52:41,467][root][INFO] - Epoch [3/5], Batch [198/300], Loss: 1.1922 (Overall: 0.7516, Change: 1.8715), TF Ratio: 0.840
[2026-06-16 15:52:41,618][root][INFO] - Epoch [3/5], Batch [199/300], Loss: 1.1917 (Overall: 0.8287, Change: 1.3431), TF Ratio: 0.840
[2026-06-16 15:52:41,770][root][INFO] - Epoch [3/5], Batch [200/300], Loss: 1.1917 (Overall: 0.7804, Change: 1.6104), TF Ratio: 0.840
[2026-06-16 15:52:41,921][root][INFO] - Epoch [3/5], Batch [201/300], Loss: 1.1909 (Overall: 0.6871, Change: 1.3700), TF Ratio: 0.840
[2026-06-16 15:52:42,071][root][INFO] - Epoch [3/5], Batch [202/300], Loss: 1.1909 (Overall: 0.9529, Change: 1.4173), TF Ratio: 0.840
[2026-06-16 15:52:42,222][root][INFO] - Epoch [3/5], Batch [203/300], Loss: 1.1899 (Overall: 0.9380, Change: 1.0421), TF Ratio: 0.839
[2026-06-16 15:52:42,374][root][INFO] - Epoch [3/5], Batch [204/300], Loss: 1.1901 (Overall: 1.0229, Change: 1.4438), TF Ratio: 0.839
[2026-06-16 15:52:42,524][root][INFO] - Epoch [3/5], Batch [205/300], Loss: 1.1897 (Overall: 0.5429, Change: 1.6762), TF Ratio: 0.839
[2026-06-16 15:52:42,675][root][INFO] - Epoch [3/5], Batch [206/300], Loss: 1.1895 (Overall: 0.6852, Change: 1.5975), TF Ratio: 0.839
[2026-06-16 15:52:42,828][root][INFO] - Epoch [3/5], Batch [207/300], Loss: 1.1905 (Overall: 0.8424, Change: 1.9789), TF Ratio: 0.839
[2026-06-16 15:52:42,979][root][INFO] - Epoch [3/5], Batch [208/300], Loss: 1.1900 (Overall: 0.7966, Change: 1.3530), TF Ratio: 0.838
[2026-06-16 15:52:43,130][root][INFO] - Epoch [3/5], Batch [209/300], Loss: 1.1899 (Overall: 1.0101, Change: 1.3254), TF Ratio: 0.838
[2026-06-16 15:52:43,281][root][INFO] - Epoch [3/5], Batch [210/300], Loss: 1.1895 (Overall: 0.7284, Change: 1.5005), TF Ratio: 0.838
[2026-06-16 15:52:43,432][root][INFO] - Epoch [3/5], Batch [211/300], Loss: 1.1893 (Overall: 0.6795, Change: 1.6121), TF Ratio: 0.838
[2026-06-16 15:52:43,586][root][INFO] - Epoch [3/5], Batch [212/300], Loss: 1.1887 (Overall: 0.8024, Change: 1.3392), TF Ratio: 0.838
[2026-06-16 15:52:43,736][root][INFO] - Epoch [3/5], Batch [213/300], Loss: 1.1885 (Overall: 0.8659, Change: 1.4205), TF Ratio: 0.837
[2026-06-16 15:52:43,887][root][INFO] - Epoch [3/5], Batch [214/300], Loss: 1.1874 (Overall: 0.5829, Change: 1.3244), TF Ratio: 0.837
[2026-06-16 15:52:44,038][root][INFO] - Epoch [3/5], Batch [215/300], Loss: 1.1874 (Overall: 0.6118, Change: 1.7704), TF Ratio: 0.837
[2026-06-16 15:52:44,189][root][INFO] - Epoch [3/5], Batch [216/300], Loss: 1.1863 (Overall: 0.7854, Change: 1.0945), TF Ratio: 0.837
[2026-06-16 15:52:44,339][root][INFO] - Epoch [3/5], Batch [217/300], Loss: 1.1868 (Overall: 0.7460, Change: 1.8537), TF Ratio: 0.837
[2026-06-16 15:52:44,500][root][INFO] - Epoch [3/5], Batch [218/300], Loss: 1.1861 (Overall: 0.6587, Change: 1.4135), TF Ratio: 0.836
[2026-06-16 15:52:44,651][root][INFO] - Epoch [3/5], Batch [219/300], Loss: 1.1857 (Overall: 0.7844, Change: 1.4158), TF Ratio: 0.836
[2026-06-16 15:52:44,802][root][INFO] - Epoch [3/5], Batch [220/300], Loss: 1.1854 (Overall: 0.7984, Change: 1.4209), TF Ratio: 0.836
[2026-06-16 15:52:44,952][root][INFO] - Epoch [3/5], Batch [221/300], Loss: 1.1851 (Overall: 0.8293, Change: 1.4032), TF Ratio: 0.836
[2026-06-16 15:52:45,103][root][INFO] - Epoch [3/5], Batch [222/300], Loss: 1.1845 (Overall: 0.6088, Change: 1.4889), TF Ratio: 0.836
[2026-06-16 15:52:45,254][root][INFO] - Epoch [3/5], Batch [223/300], Loss: 1.1839 (Overall: 0.9321, Change: 1.2092), TF Ratio: 0.835
[2026-06-16 15:52:45,405][root][INFO] - Epoch [3/5], Batch [224/300], Loss: 1.1841 (Overall: 0.6772, Change: 1.7777), TF Ratio: 0.835
[2026-06-16 15:52:45,555][root][INFO] - Epoch [3/5], Batch [225/300], Loss: 1.1841 (Overall: 0.8599, Change: 1.4907), TF Ratio: 0.835
[2026-06-16 15:52:45,706][root][INFO] - Epoch [3/5], Batch [226/300], Loss: 1.1846 (Overall: 0.9604, Change: 1.6216), TF Ratio: 0.835
[2026-06-16 15:52:45,858][root][INFO] - Epoch [3/5], Batch [227/300], Loss: 1.1847 (Overall: 0.9254, Change: 1.5157), TF Ratio: 0.835
[2026-06-16 15:52:46,009][root][INFO] - Epoch [3/5], Batch [228/300], Loss: 1.1835 (Overall: 0.7463, Change: 1.0475), TF Ratio: 0.834
[2026-06-16 15:52:46,159][root][INFO] - Epoch [3/5], Batch [229/300], Loss: 1.1831 (Overall: 0.7491, Change: 1.4389), TF Ratio: 0.834
[2026-06-16 15:52:46,310][root][INFO] - Epoch [3/5], Batch [230/300], Loss: 1.1831 (Overall: 0.9308, Change: 1.4665), TF Ratio: 0.834
[2026-06-16 15:52:46,461][root][INFO] - Epoch [3/5], Batch [231/300], Loss: 1.1826 (Overall: 0.7822, Change: 1.3379), TF Ratio: 0.834
[2026-06-16 15:52:46,613][root][INFO] - Epoch [3/5], Batch [232/300], Loss: 1.1830 (Overall: 1.0806, Change: 1.4585), TF Ratio: 0.834
[2026-06-16 15:52:46,763][root][INFO] - Epoch [3/5], Batch [233/300], Loss: 1.1817 (Overall: 0.5577, Change: 1.2233), TF Ratio: 0.833
[2026-06-16 15:52:46,914][root][INFO] - Epoch [3/5], Batch [234/300], Loss: 1.1807 (Overall: 0.5655, Change: 1.2908), TF Ratio: 0.833
[2026-06-16 15:52:47,065][root][INFO] - Epoch [3/5], Batch [235/300], Loss: 1.1804 (Overall: 0.8855, Change: 1.3621), TF Ratio: 0.833
[2026-06-16 15:52:47,216][root][INFO] - Epoch [3/5], Batch [236/300], Loss: 1.1800 (Overall: 0.7494, Change: 1.4216), TF Ratio: 0.833
[2026-06-16 15:52:47,366][root][INFO] - Epoch [3/5], Batch [237/300], Loss: 1.1801 (Overall: 0.8768, Change: 1.5417), TF Ratio: 0.833
[2026-06-16 15:52:47,516][root][INFO] - Epoch [3/5], Batch [238/300], Loss: 1.1802 (Overall: 0.8045, Change: 1.5652), TF Ratio: 0.832
[2026-06-16 15:52:47,667][root][INFO] - Epoch [3/5], Batch [239/300], Loss: 1.1788 (Overall: 0.5579, Change: 1.1518), TF Ratio: 0.832
[2026-06-16 15:52:47,818][root][INFO] - Epoch [3/5], Batch [240/300], Loss: 1.1796 (Overall: 1.0453, Change: 1.7065), TF Ratio: 0.832
[2026-06-16 15:52:47,969][root][INFO] - Epoch [3/5], Batch [241/300], Loss: 1.1796 (Overall: 0.8048, Change: 1.5725), TF Ratio: 0.832
[2026-06-16 15:52:48,127][root][INFO] - Epoch [3/5], Batch [242/300], Loss: 1.1813 (Overall: 1.8033, Change: 1.3362), TF Ratio: 0.832
[2026-06-16 15:52:48,278][root][INFO] - Epoch [3/5], Batch [243/300], Loss: 1.1814 (Overall: 0.5935, Change: 1.8179), TF Ratio: 0.831
[2026-06-16 15:52:48,430][root][INFO] - Epoch [3/5], Batch [244/300], Loss: 1.1810 (Overall: 0.6297, Change: 1.5798), TF Ratio: 0.831
[2026-06-16 15:52:48,580][root][INFO] - Epoch [3/5], Batch [245/300], Loss: 1.1797 (Overall: 0.5614, Change: 1.1616), TF Ratio: 0.831
[2026-06-16 15:52:48,738][root][INFO] - Epoch [3/5], Batch [246/300], Loss: 1.1794 (Overall: 0.8068, Change: 1.4057), TF Ratio: 0.831
[2026-06-16 15:52:48,889][root][INFO] - Epoch [3/5], Batch [247/300], Loss: 1.1790 (Overall: 0.8647, Change: 1.2670), TF Ratio: 0.831
[2026-06-16 15:52:49,040][root][INFO] - Epoch [3/5], Batch [248/300], Loss: 1.1794 (Overall: 1.1028, Change: 1.4854), TF Ratio: 0.830
[2026-06-16 15:52:49,196][root][INFO] - Epoch [3/5], Batch [249/300], Loss: 1.1796 (Overall: 0.8231, Change: 1.6316), TF Ratio: 0.830
[2026-06-16 15:52:49,354][root][INFO] - Epoch [3/5], Batch [250/300], Loss: 1.1785 (Overall: 0.6596, Change: 1.1496), TF Ratio: 0.830
[2026-06-16 15:52:49,505][root][INFO] - Epoch [3/5], Batch [251/300], Loss: 1.1783 (Overall: 0.6478, Change: 1.5883), TF Ratio: 0.830
[2026-06-16 15:52:49,664][root][INFO] - Epoch [3/5], Batch [252/300], Loss: 1.1775 (Overall: 0.7926, Change: 1.1694), TF Ratio: 0.830
[2026-06-16 15:52:49,813][root][INFO] - Epoch [3/5], Batch [253/300], Loss: 1.1782 (Overall: 0.9763, Change: 1.7403), TF Ratio: 0.829
[2026-06-16 15:52:49,964][root][INFO] - Epoch [3/5], Batch [254/300], Loss: 1.1775 (Overall: 0.5921, Change: 1.4113), TF Ratio: 0.829
[2026-06-16 15:52:50,123][root][INFO] - Epoch [3/5], Batch [255/300], Loss: 1.1780 (Overall: 0.9493, Change: 1.6396), TF Ratio: 0.829
[2026-06-16 15:52:50,275][root][INFO] - Epoch [3/5], Batch [256/300], Loss: 1.1780 (Overall: 0.8095, Change: 1.5345), TF Ratio: 0.829
[2026-06-16 15:52:50,429][root][INFO] - Epoch [3/5], Batch [257/300], Loss: 1.1779 (Overall: 0.8123, Change: 1.5138), TF Ratio: 0.829
[2026-06-16 15:52:50,580][root][INFO] - Epoch [3/5], Batch [258/300], Loss: 1.1775 (Overall: 0.5831, Change: 1.5535), TF Ratio: 0.828
[2026-06-16 15:52:50,731][root][INFO] - Epoch [3/5], Batch [259/300], Loss: 1.1766 (Overall: 0.7463, Change: 1.1356), TF Ratio: 0.828
[2026-06-16 15:52:50,898][root][INFO] - Epoch [3/5], Batch [260/300], Loss: 1.1763 (Overall: 0.6954, Change: 1.5273), TF Ratio: 0.828
[2026-06-16 15:52:51,049][root][INFO] - Epoch [3/5], Batch [261/300], Loss: 1.1767 (Overall: 0.9912, Change: 1.5762), TF Ratio: 0.828
[2026-06-16 15:52:51,200][root][INFO] - Epoch [3/5], Batch [262/300], Loss: 1.1776 (Overall: 1.3490, Change: 1.4650), TF Ratio: 0.828
[2026-06-16 15:52:51,351][root][INFO] - Epoch [3/5], Batch [263/300], Loss: 1.1772 (Overall: 0.5487, Change: 1.5665), TF Ratio: 0.827
[2026-06-16 15:52:51,503][root][INFO] - Epoch [3/5], Batch [264/300], Loss: 1.1770 (Overall: 0.7199, Change: 1.5578), TF Ratio: 0.827
[2026-06-16 15:52:51,653][root][INFO] - Epoch [3/5], Batch [265/300], Loss: 1.1773 (Overall: 0.9217, Change: 1.5611), TF Ratio: 0.827
[2026-06-16 15:52:51,814][root][INFO] - Epoch [3/5], Batch [266/300], Loss: 1.1778 (Overall: 0.9920, Change: 1.6678), TF Ratio: 0.827
[2026-06-16 15:52:51,965][root][INFO] - Epoch [3/5], Batch [267/300], Loss: 1.1777 (Overall: 0.7955, Change: 1.4673), TF Ratio: 0.827
[2026-06-16 15:52:52,117][root][INFO] - Epoch [3/5], Batch [268/300], Loss: 1.1779 (Overall: 0.9536, Change: 1.5300), TF Ratio: 0.826
[2026-06-16 15:52:52,267][root][INFO] - Epoch [3/5], Batch [269/300], Loss: 1.1779 (Overall: 0.8177, Change: 1.5303), TF Ratio: 0.826
[2026-06-16 15:52:52,417][root][INFO] - Epoch [3/5], Batch [270/300], Loss: 1.1788 (Overall: 1.4400, Change: 1.4307), TF Ratio: 0.826
[2026-06-16 15:52:52,568][root][INFO] - Epoch [3/5], Batch [271/300], Loss: 1.1789 (Overall: 0.9461, Change: 1.4681), TF Ratio: 0.826
[2026-06-16 15:52:52,720][root][INFO] - Epoch [3/5], Batch [272/300], Loss: 1.1785 (Overall: 0.6029, Change: 1.5406), TF Ratio: 0.826
[2026-06-16 15:52:52,880][root][INFO] - Epoch [3/5], Batch [273/300], Loss: 1.1787 (Overall: 0.7243, Change: 1.7269), TF Ratio: 0.825
[2026-06-16 15:52:53,036][root][INFO] - Epoch [3/5], Batch [274/300], Loss: 1.1779 (Overall: 0.5215, Change: 1.3807), TF Ratio: 0.825
[2026-06-16 15:52:53,187][root][INFO] - Epoch [3/5], Batch [275/300], Loss: 1.1784 (Overall: 1.1253, Change: 1.5035), TF Ratio: 0.825
[2026-06-16 15:52:53,340][root][INFO] - Epoch [3/5], Batch [276/300], Loss: 1.1807 (Overall: 1.9580, Change: 1.7006), TF Ratio: 0.825
[2026-06-16 15:52:53,490][root][INFO] - Epoch [3/5], Batch [277/300], Loss: 1.1805 (Overall: 0.6802, Change: 1.5671), TF Ratio: 0.825
[2026-06-16 15:52:53,641][root][INFO] - Epoch [3/5], Batch [278/300], Loss: 1.1808 (Overall: 1.0901, Change: 1.3976), TF Ratio: 0.824
[2026-06-16 15:52:53,792][root][INFO] - Epoch [3/5], Batch [279/300], Loss: 1.1808 (Overall: 0.9617, Change: 1.3934), TF Ratio: 0.824
[2026-06-16 15:52:53,944][root][INFO] - Epoch [3/5], Batch [280/300], Loss: 1.1801 (Overall: 0.5757, Change: 1.4395), TF Ratio: 0.824
[2026-06-16 15:52:54,098][root][INFO] - Epoch [3/5], Batch [281/300], Loss: 1.1801 (Overall: 1.0321, Change: 1.3040), TF Ratio: 0.824
[2026-06-16 15:52:54,249][root][INFO] - Epoch [3/5], Batch [282/300], Loss: 1.1797 (Overall: 0.8226, Change: 1.3436), TF Ratio: 0.824
[2026-06-16 15:52:54,401][root][INFO] - Epoch [3/5], Batch [283/300], Loss: 1.1790 (Overall: 0.7016, Change: 1.2475), TF Ratio: 0.823
[2026-06-16 15:52:54,553][root][INFO] - Epoch [3/5], Batch [284/300], Loss: 1.1799 (Overall: 1.2413, Change: 1.6006), TF Ratio: 0.823
[2026-06-16 15:52:54,702][root][INFO] - Epoch [3/5], Batch [285/300], Loss: 1.1794 (Overall: 0.5058, Change: 1.5573), TF Ratio: 0.823
[2026-06-16 15:52:54,854][root][INFO] - Epoch [3/5], Batch [286/300], Loss: 1.1795 (Overall: 0.8488, Change: 1.6213), TF Ratio: 0.823
[2026-06-16 15:52:55,005][root][INFO] - Epoch [3/5], Batch [287/300], Loss: 1.1791 (Overall: 0.6450, Change: 1.4492), TF Ratio: 0.823
[2026-06-16 15:52:55,156][root][INFO] - Epoch [3/5], Batch [288/300], Loss: 1.1784 (Overall: 0.6326, Change: 1.3356), TF Ratio: 0.822
[2026-06-16 15:52:55,306][root][INFO] - Epoch [3/5], Batch [289/300], Loss: 1.1783 (Overall: 0.9511, Change: 1.3507), TF Ratio: 0.822
[2026-06-16 15:52:55,465][root][INFO] - Epoch [3/5], Batch [290/300], Loss: 1.1777 (Overall: 1.0445, Change: 0.9821), TF Ratio: 0.822
[2026-06-16 15:52:55,616][root][INFO] - Epoch [3/5], Batch [291/300], Loss: 1.1774 (Overall: 0.7527, Change: 1.4041), TF Ratio: 0.822
[2026-06-16 15:52:55,774][root][INFO] - Epoch [3/5], Batch [292/300], Loss: 1.1775 (Overall: 0.8189, Change: 1.5930), TF Ratio: 0.822
[2026-06-16 15:52:55,924][root][INFO] - Epoch [3/5], Batch [293/300], Loss: 1.1777 (Overall: 0.7583, Change: 1.7305), TF Ratio: 0.821
[2026-06-16 15:52:56,079][root][INFO] - Epoch [3/5], Batch [294/300], Loss: 1.1772 (Overall: 0.8096, Change: 1.2376), TF Ratio: 0.821
[2026-06-16 15:52:56,230][root][INFO] - Epoch [3/5], Batch [295/300], Loss: 1.1774 (Overall: 0.9738, Change: 1.4934), TF Ratio: 0.821
[2026-06-16 15:52:56,382][root][INFO] - Epoch [3/5], Batch [296/300], Loss: 1.1774 (Overall: 0.5594, Change: 1.7937), TF Ratio: 0.821
[2026-06-16 15:52:56,532][root][INFO] - Epoch [3/5], Batch [297/300], Loss: 1.1768 (Overall: 0.6300, Change: 1.3641), TF Ratio: 0.821
[2026-06-16 15:52:56,682][root][INFO] - Epoch [3/5], Batch [298/300], Loss: 1.1765 (Overall: 0.7345, Change: 1.4438), TF Ratio: 0.820
[2026-06-16 15:52:56,833][root][INFO] - Epoch [3/5], Batch [299/300], Loss: 1.1760 (Overall: 0.7368, Change: 1.3354), TF Ratio: 0.820
[2026-06-16 15:52:56,985][root][INFO] - Epoch [3/5], Batch [300/300], Loss: 1.1763 (Overall: 0.8984, Change: 1.6491), TF Ratio: 0.820
[2026-06-16 15:52:58,129][root][INFO] - Epoch 3 done. Validating...
[2026-06-16 15:53:01,807][root][INFO] - Epoch [3/5] | Train: 1.1763 | Val: 0.6687
[2026-06-16 15:53:01,970][root][INFO] - Checkpoint saved: /gpfs/scratch/bsc32/bsc096444/ai4land-tfm/trained_models/unet_impl/41825186/best_model.pth
[2026-06-16 15:53:02,136][root][INFO] - Checkpoint saved: /gpfs/scratch/bsc32/bsc096444/ai4land-tfm/trained_models/unet_impl/41825186/model_epoch_3.pth
[2026-06-16 15:53:04,197][root][INFO] - Epoch [4/5], Batch [1/300], Loss: 1.1854 (Overall: 0.9380, Change: 1.4328), TF Ratio: 0.820
[2026-06-16 15:53:04,349][root][INFO] - Epoch [4/5], Batch [2/300], Loss: 1.1059 (Overall: 0.5891, Change: 1.4637), TF Ratio: 0.820
[2026-06-16 15:53:04,500][root][INFO] - Epoch [4/5], Batch [3/300], Loss: 1.1223 (Overall: 0.9890, Change: 1.3212), TF Ratio: 0.819
[2026-06-16 15:53:04,652][root][INFO] - Epoch [4/5], Batch [4/300], Loss: 1.1379 (Overall: 0.8100, Change: 1.5594), TF Ratio: 0.819
[2026-06-16 15:53:04,803][root][INFO] - Epoch [4/5], Batch [5/300], Loss: 1.1460 (Overall: 1.0943, Change: 1.2630), TF Ratio: 0.819
[2026-06-16 15:53:04,961][root][INFO] - Epoch [4/5], Batch [6/300], Loss: 1.1996 (Overall: 1.2888, Change: 1.6455), TF Ratio: 0.819
[2026-06-16 15:53:05,113][root][INFO] - Epoch [4/5], Batch [7/300], Loss: 1.1774 (Overall: 0.6357, Change: 1.4537), TF Ratio: 0.819
[2026-06-16 15:53:05,347][root][INFO] - Epoch [4/5], Batch [8/300], Loss: 1.1740 (Overall: 0.8929, Change: 1.4073), TF Ratio: 0.818
[2026-06-16 15:53:05,497][root][INFO] - Epoch [4/5], Batch [9/300], Loss: 1.1880 (Overall: 1.1765, Change: 1.4230), TF Ratio: 0.818
[2026-06-16 15:53:05,655][root][INFO] - Epoch [4/5], Batch [10/300], Loss: 1.1627 (Overall: 0.7414, Change: 1.1291), TF Ratio: 0.818
[2026-06-16 15:53:05,806][root][INFO] - Epoch [4/5], Batch [11/300], Loss: 1.1630 (Overall: 0.8421, Change: 1.4890), TF Ratio: 0.818
[2026-06-16 15:53:05,961][root][INFO] - Epoch [4/5], Batch [12/300], Loss: 1.1756 (Overall: 1.3894, Change: 1.2388), TF Ratio: 0.818
[2026-06-16 15:53:06,111][root][INFO] - Epoch [4/5], Batch [13/300], Loss: 1.1686 (Overall: 0.7274, Change: 1.4423), TF Ratio: 0.817
[2026-06-16 15:53:06,263][root][INFO] - Epoch [4/5], Batch [14/300], Loss: 1.1832 (Overall: 1.1498, Change: 1.5976), TF Ratio: 0.817
[2026-06-16 15:53:06,423][root][INFO] - Epoch [4/5], Batch [15/300], Loss: 1.1788 (Overall: 0.7430, Change: 1.4894), TF Ratio: 0.817
[2026-06-16 15:53:06,583][root][INFO] - Epoch [4/5], Batch [16/300], Loss: 1.1742 (Overall: 0.8496, Change: 1.3620), TF Ratio: 0.817
[2026-06-16 15:53:06,733][root][INFO] - Epoch [4/5], Batch [17/300], Loss: 1.1710 (Overall: 0.7662, Change: 1.4739), TF Ratio: 0.817
[2026-06-16 15:53:06,887][root][INFO] - Epoch [4/5], Batch [18/300], Loss: 1.1654 (Overall: 0.7729, Change: 1.3657), TF Ratio: 0.816
[2026-06-16 15:53:07,039][root][INFO] - Epoch [4/5], Batch [19/300], Loss: 1.1612 (Overall: 0.5453, Change: 1.6270), TF Ratio: 0.816
[2026-06-16 15:53:07,191][root][INFO] - Epoch [4/5], Batch [20/300], Loss: 1.1667 (Overall: 0.9372, Change: 1.6066), TF Ratio: 0.816
[2026-06-16 15:53:07,342][root][INFO] - Epoch [4/5], Batch [21/300], Loss: 1.1467 (Overall: 0.5087, Change: 0.9817), TF Ratio: 0.816
[2026-06-16 15:53:07,493][root][INFO] - Epoch [4/5], Batch [22/300], Loss: 1.1643 (Overall: 1.4499, Change: 1.6190), TF Ratio: 0.816
[2026-06-16 15:53:07,646][root][INFO] - Epoch [4/5], Batch [23/300], Loss: 1.1684 (Overall: 0.9204, Change: 1.5992), TF Ratio: 0.815
[2026-06-16 15:53:07,798][root][INFO] - Epoch [4/5], Batch [24/300], Loss: 1.1762 (Overall: 1.1094, Change: 1.5993), TF Ratio: 0.815
[2026-06-16 15:53:07,949][root][INFO] - Epoch [4/5], Batch [25/300], Loss: 1.1755 (Overall: 1.1331, Change: 1.1832), TF Ratio: 0.815
[2026-06-16 15:53:08,100][root][INFO] - Epoch [4/5], Batch [26/300], Loss: 1.1711 (Overall: 0.6850, Change: 1.4401), TF Ratio: 0.815
[2026-06-16 15:53:08,252][root][INFO] - Epoch [4/5], Batch [27/300], Loss: 1.1680 (Overall: 0.9798, Change: 1.1957), TF Ratio: 0.815
[2026-06-16 15:53:08,404][root][INFO] - Epoch [4/5], Batch [28/300], Loss: 1.1671 (Overall: 0.8454, Change: 1.4411), TF Ratio: 0.814
[2026-06-16 15:53:08,556][root][INFO] - Epoch [4/5], Batch [29/300], Loss: 1.1586 (Overall: 0.7541, Change: 1.0852), TF Ratio: 0.814
[2026-06-16 15:53:08,717][root][INFO] - Epoch [4/5], Batch [30/300], Loss: 1.1573 (Overall: 0.8560, Change: 1.3851), TF Ratio: 0.814
[2026-06-16 15:53:08,869][root][INFO] - Epoch [4/5], Batch [31/300], Loss: 1.1469 (Overall: 0.6988, Change: 0.9708), TF Ratio: 0.814
[2026-06-16 15:53:09,021][root][INFO] - Epoch [4/5], Batch [32/300], Loss: 1.1326 (Overall: 0.4943, Change: 0.8841), TF Ratio: 0.814
[2026-06-16 15:53:09,181][root][INFO] - Epoch [4/5], Batch [33/300], Loss: 1.1358 (Overall: 0.9658, Change: 1.5096), TF Ratio: 0.813
[2026-06-16 15:53:09,332][root][INFO] - Epoch [4/5], Batch [34/300], Loss: 1.1362 (Overall: 0.7275, Change: 1.5676), TF Ratio: 0.813
[2026-06-16 15:53:09,484][root][INFO] - Epoch [4/5], Batch [35/300], Loss: 1.1363 (Overall: 1.0251, Change: 1.2605), TF Ratio: 0.813
[2026-06-16 15:53:09,635][root][INFO] - Epoch [4/5], Batch [36/300], Loss: 1.1405 (Overall: 0.8960, Change: 1.6765), TF Ratio: 0.813
[2026-06-16 15:53:09,794][root][INFO] - Epoch [4/5], Batch [37/300], Loss: 1.1439 (Overall: 0.9308, Change: 1.6004), TF Ratio: 0.813
[2026-06-16 15:53:09,945][root][INFO] - Epoch [4/5], Batch [38/300], Loss: 1.1457 (Overall: 0.8424, Change: 1.5838), TF Ratio: 0.812
[2026-06-16 15:53:10,096][root][INFO] - Epoch [4/5], Batch [39/300], Loss: 1.1473 (Overall: 0.7522, Change: 1.6652), TF Ratio: 0.812
[2026-06-16 15:53:10,248][root][INFO] - Epoch [4/5], Batch [40/300], Loss: 1.1452 (Overall: 1.0823, Change: 1.0382), TF Ratio: 0.812
[2026-06-16 15:53:10,399][root][INFO] - Epoch [4/5], Batch [41/300], Loss: 1.1466 (Overall: 0.8961, Change: 1.5086), TF Ratio: 0.812
[2026-06-16 15:53:10,550][root][INFO] - Epoch [4/5], Batch [42/300], Loss: 1.1423 (Overall: 0.7153, Change: 1.2201), TF Ratio: 0.812
[2026-06-16 15:53:10,701][root][INFO] - Epoch [4/5], Batch [43/300], Loss: 1.1510 (Overall: 1.1220, Change: 1.9097), TF Ratio: 0.811
[2026-06-16 15:53:10,859][root][INFO] - Epoch [4/5], Batch [44/300], Loss: 1.1508 (Overall: 0.6391, Change: 1.6491), TF Ratio: 0.811
[2026-06-16 15:53:11,010][root][INFO] - Epoch [4/5], Batch [45/300], Loss: 1.1446 (Overall: 0.6684, Change: 1.0745), TF Ratio: 0.811
[2026-06-16 15:53:11,161][root][INFO] - Epoch [4/5], Batch [46/300], Loss: 1.1454 (Overall: 0.7906, Change: 1.5749), TF Ratio: 0.811
[2026-06-16 15:53:11,312][root][INFO] - Epoch [4/5], Batch [47/300], Loss: 1.1482 (Overall: 1.1638, Change: 1.3885), TF Ratio: 0.811
[2026-06-16 15:53:11,473][root][INFO] - Epoch [4/5], Batch [48/300], Loss: 1.1508 (Overall: 1.1758, Change: 1.3679), TF Ratio: 0.810
[2026-06-16 15:53:11,625][root][INFO] - Epoch [4/5], Batch [49/300], Loss: 1.1461 (Overall: 0.8546, Change: 0.9885), TF Ratio: 0.810
[2026-06-16 15:53:11,786][root][INFO] - Epoch [4/5], Batch [50/300], Loss: 1.1434 (Overall: 0.7097, Change: 1.3140), TF Ratio: 0.810
[2026-06-16 15:53:11,938][root][INFO] - Epoch [4/5], Batch [51/300], Loss: 1.1465 (Overall: 0.9810, Change: 1.6167), TF Ratio: 0.810
[2026-06-16 15:53:12,091][root][INFO] - Epoch [4/5], Batch [52/300], Loss: 1.1495 (Overall: 1.0366, Change: 1.5739), TF Ratio: 0.810
[2026-06-16 15:53:12,243][root][INFO] - Epoch [4/5], Batch [53/300], Loss: 1.1506 (Overall: 1.2038, Change: 1.2055), TF Ratio: 0.809
[2026-06-16 15:53:12,394][root][INFO] - Epoch [4/5], Batch [54/300], Loss: 1.1491 (Overall: 0.9841, Change: 1.1539), TF Ratio: 0.809
[2026-06-16 15:53:12,550][root][INFO] - Epoch [4/5], Batch [55/300], Loss: 1.1480 (Overall: 0.9108, Change: 1.2647), TF Ratio: 0.809
[2026-06-16 15:53:12,708][root][INFO] - Epoch [4/5], Batch [56/300], Loss: 1.1487 (Overall: 0.9039, Change: 1.4737), TF Ratio: 0.809
[2026-06-16 15:53:12,859][root][INFO] - Epoch [4/5], Batch [57/300], Loss: 1.1491 (Overall: 1.0540, Change: 1.2890), TF Ratio: 0.809
[2026-06-16 15:53:13,011][root][INFO] - Epoch [4/5], Batch [58/300], Loss: 1.1481 (Overall: 0.5754, Change: 1.6096), TF Ratio: 0.808
[2026-06-16 15:53:13,163][root][INFO] - Epoch [4/5], Batch [59/300], Loss: 1.1497 (Overall: 0.9321, Change: 1.5563), TF Ratio: 0.808
[2026-06-16 15:53:13,316][root][INFO] - Epoch [4/5], Batch [60/300], Loss: 1.1480 (Overall: 0.8448, Change: 1.2461), TF Ratio: 0.808
[2026-06-16 15:53:13,467][root][INFO] - Epoch [4/5], Batch [61/300], Loss: 1.1437 (Overall: 0.6969, Change: 1.0782), TF Ratio: 0.808
[2026-06-16 15:53:13,620][root][INFO] - Epoch [4/5], Batch [62/300], Loss: 1.1433 (Overall: 1.0873, Change: 1.1442), TF Ratio: 0.808
[2026-06-16 15:53:13,772][root][INFO] - Epoch [4/5], Batch [63/300], Loss: 1.1414 (Overall: 0.9059, Change: 1.1444), TF Ratio: 0.807
[2026-06-16 15:53:13,925][root][INFO] - Epoch [4/5], Batch [64/300], Loss: 1.1411 (Overall: 0.5865, Change: 1.6558), TF Ratio: 0.807
[2026-06-16 15:53:14,082][root][INFO] - Epoch [4/5], Batch [65/300], Loss: 1.1394 (Overall: 0.8413, Change: 1.2211), TF Ratio: 0.807
[2026-06-16 15:53:14,234][root][INFO] - Epoch [4/5], Batch [66/300], Loss: 1.1415 (Overall: 1.1373, Change: 1.4251), TF Ratio: 0.807
[2026-06-16 15:53:14,387][root][INFO] - Epoch [4/5], Batch [67/300], Loss: 1.1404 (Overall: 0.6876, Change: 1.4360), TF Ratio: 0.807
[2026-06-16 15:53:14,550][root][INFO] - Epoch [4/5], Batch [68/300], Loss: 1.1390 (Overall: 0.4985, Change: 1.5978), TF Ratio: 0.806
[2026-06-16 15:53:14,702][root][INFO] - Epoch [4/5], Batch [69/300], Loss: 1.1512 (Overall: 0.5039, Change: 3.4540), TF Ratio: 0.806
[2026-06-16 15:53:14,859][root][INFO] - Epoch [4/5], Batch [70/300], Loss: 1.1550 (Overall: 1.3807, Change: 1.4521), TF Ratio: 0.806
[2026-06-16 15:53:15,019][root][INFO] - Epoch [4/5], Batch [71/300], Loss: 1.1546 (Overall: 0.7603, Change: 1.5021), TF Ratio: 0.806
[2026-06-16 15:53:15,171][root][INFO] - Epoch [4/5], Batch [72/300], Loss: 1.1527 (Overall: 0.8191, Change: 1.2079), TF Ratio: 0.806
[2026-06-16 15:53:15,323][root][INFO] - Epoch [4/5], Batch [73/300], Loss: 1.1521 (Overall: 0.7416, Change: 1.4802), TF Ratio: 0.805
[2026-06-16 15:53:15,475][root][INFO] - Epoch [4/5], Batch [74/300], Loss: 1.1486 (Overall: 0.5273, Change: 1.2647), TF Ratio: 0.805
[2026-06-16 15:53:15,627][root][INFO] - Epoch [4/5], Batch [75/300], Loss: 1.1487 (Overall: 0.9125, Change: 1.3912), TF Ratio: 0.805
[2026-06-16 15:53:15,781][root][INFO] - Epoch [4/5], Batch [76/300], Loss: 1.1483 (Overall: 0.5198, Change: 1.7189), TF Ratio: 0.805
[2026-06-16 15:53:15,932][root][INFO] - Epoch [4/5], Batch [77/300], Loss: 1.1498 (Overall: 0.8081, Change: 1.7230), TF Ratio: 0.805
[2026-06-16 15:53:16,091][root][INFO] - Epoch [4/5], Batch [78/300], Loss: 1.1488 (Overall: 0.6945, Change: 1.4543), TF Ratio: 0.804
[2026-06-16 15:53:16,243][root][INFO] - Epoch [4/5], Batch [79/300], Loss: 1.1486 (Overall: 0.9754, Change: 1.2836), TF Ratio: 0.804
[2026-06-16 15:53:16,396][root][INFO] - Epoch [4/5], Batch [80/300], Loss: 1.1476 (Overall: 0.8505, Change: 1.2945), TF Ratio: 0.804
[2026-06-16 15:53:16,556][root][INFO] - Epoch [4/5], Batch [81/300], Loss: 1.1467 (Overall: 0.7509, Change: 1.3886), TF Ratio: 0.804
[2026-06-16 15:53:16,708][root][INFO] - Epoch [4/5], Batch [82/300], Loss: 1.1459 (Overall: 0.7961, Change: 1.3748), TF Ratio: 0.804
[2026-06-16 15:53:16,860][root][INFO] - Epoch [4/5], Batch [83/300], Loss: 1.1454 (Overall: 0.9389, Change: 1.2608), TF Ratio: 0.803
[2026-06-16 15:53:17,013][root][INFO] - Epoch [4/5], Batch [84/300], Loss: 1.1451 (Overall: 0.9401, Change: 1.3065), TF Ratio: 0.803
[2026-06-16 15:53:17,165][root][INFO] - Epoch [4/5], Batch [85/300], Loss: 1.1489 (Overall: 1.1528, Change: 1.7820), TF Ratio: 0.803
[2026-06-16 15:53:17,317][root][INFO] - Epoch [4/5], Batch [86/300], Loss: 1.1505 (Overall: 0.6032, Change: 1.9632), TF Ratio: 0.803
[2026-06-16 15:53:17,469][root][INFO] - Epoch [4/5], Batch [87/300], Loss: 1.1514 (Overall: 0.7974, Change: 1.6680), TF Ratio: 0.803
[2026-06-16 15:53:17,622][root][INFO] - Epoch [4/5], Batch [88/300], Loss: 1.1504 (Overall: 0.7702, Change: 1.3523), TF Ratio: 0.802
[2026-06-16 15:53:17,773][root][INFO] - Epoch [4/5], Batch [89/300], Loss: 1.1487 (Overall: 0.9618, Change: 1.0423), TF Ratio: 0.802
[2026-06-16 15:53:17,926][root][INFO] - Epoch [4/5], Batch [90/300], Loss: 1.1490 (Overall: 0.8276, Change: 1.5276), TF Ratio: 0.802
[2026-06-16 15:53:18,078][root][INFO] - Epoch [4/5], Batch [91/300], Loss: 1.1484 (Overall: 0.7859, Change: 1.4021), TF Ratio: 0.802
[2026-06-16 15:53:18,234][root][INFO] - Epoch [4/5], Batch [92/300], Loss: 1.1464 (Overall: 0.7577, Change: 1.1636), TF Ratio: 0.802
[2026-06-16 15:53:18,390][root][INFO] - Epoch [4/5], Batch [93/300], Loss: 1.1449 (Overall: 0.7005, Change: 1.3049), TF Ratio: 0.801
[2026-06-16 15:53:18,558][root][INFO] - Epoch [4/5], Batch [94/300], Loss: 1.1429 (Overall: 0.7899, Change: 1.1242), TF Ratio: 0.801
[2026-06-16 15:53:18,709][root][INFO] - Epoch [4/5], Batch [95/300], Loss: 1.1412 (Overall: 0.6501, Change: 1.3188), TF Ratio: 0.801
[2026-06-16 15:53:18,861][root][INFO] - Epoch [4/5], Batch [96/300], Loss: 1.1412 (Overall: 0.9457, Change: 1.3372), TF Ratio: 0.801
[2026-06-16 15:53:19,012][root][INFO] - Epoch [4/5], Batch [97/300], Loss: 1.1409 (Overall: 0.7913, Change: 1.4241), TF Ratio: 0.801
[2026-06-16 15:53:19,164][root][INFO] - Epoch [4/5], Batch [98/300], Loss: 1.1396 (Overall: 0.7543, Change: 1.2838), TF Ratio: 0.800
[2026-06-16 15:53:19,315][root][INFO] - Epoch [4/5], Batch [99/300], Loss: 1.1404 (Overall: 1.0370, Change: 1.3943), TF Ratio: 0.800
[2026-06-16 15:53:19,467][root][INFO] - Epoch [4/5], Batch [100/300], Loss: 1.1395 (Overall: 0.8940, Change: 1.2029), TF Ratio: 0.800
[2026-06-16 15:53:19,618][root][INFO] - Epoch [4/5], Batch [101/300], Loss: 1.1403 (Overall: 0.8353, Change: 1.6238), TF Ratio: 0.800
[2026-06-16 15:53:19,769][root][INFO] - Epoch [4/5], Batch [102/300], Loss: 1.1405 (Overall: 0.7506, Change: 1.5569), TF Ratio: 0.800
[2026-06-16 15:53:19,920][root][INFO] - Epoch [4/5], Batch [103/300], Loss: 1.1400 (Overall: 0.8470, Change: 1.3324), TF Ratio: 0.799
[2026-06-16 15:53:20,072][root][INFO] - Epoch [4/5], Batch [104/300], Loss: 1.1378 (Overall: 0.7975, Change: 1.0368), TF Ratio: 0.799
[2026-06-16 15:53:20,222][root][INFO] - Epoch [4/5], Batch [105/300], Loss: 1.1390 (Overall: 0.9847, Change: 1.5373), TF Ratio: 0.799
[2026-06-16 15:53:20,373][root][INFO] - Epoch [4/5], Batch [106/300], Loss: 1.1389 (Overall: 0.7685, Change: 1.4938), TF Ratio: 0.799
[2026-06-16 15:53:20,525][root][INFO] - Epoch [4/5], Batch [107/300], Loss: 1.1422 (Overall: 0.8031, Change: 2.1737), TF Ratio: 0.799
[2026-06-16 15:53:20,681][root][INFO] - Epoch [4/5], Batch [108/300], Loss: 1.1389 (Overall: 0.7354, Change: 0.8406), TF Ratio: 0.798
[2026-06-16 15:53:20,840][root][INFO] - Epoch [4/5], Batch [109/300], Loss: 1.1386 (Overall: 0.6743, Change: 1.5222), TF Ratio: 0.798
[2026-06-16 15:53:20,991][root][INFO] - Epoch [4/5], Batch [110/300], Loss: 1.1378 (Overall: 0.7460, Change: 1.3660), TF Ratio: 0.798
[2026-06-16 15:53:21,142][root][INFO] - Epoch [4/5], Batch [111/300], Loss: 1.1377 (Overall: 1.0331, Change: 1.2231), TF Ratio: 0.798
[2026-06-16 15:53:21,299][root][INFO] - Epoch [4/5], Batch [112/300], Loss: 1.1370 (Overall: 0.7154, Change: 1.3894), TF Ratio: 0.798
[2026-06-16 15:53:21,456][root][INFO] - Epoch [4/5], Batch [113/300], Loss: 1.1368 (Overall: 0.9144, Change: 1.3250), TF Ratio: 0.797
[2026-06-16 15:53:21,608][root][INFO] - Epoch [4/5], Batch [114/300], Loss: 1.1366 (Overall: 0.8733, Change: 1.3571), TF Ratio: 0.797
[2026-06-16 15:53:21,760][root][INFO] - Epoch [4/5], Batch [115/300], Loss: 1.1386 (Overall: 1.1013, Change: 1.6366), TF Ratio: 0.797
[2026-06-16 15:53:21,912][root][INFO] - Epoch [4/5], Batch [116/300], Loss: 1.1370 (Overall: 0.5748, Change: 1.3258), TF Ratio: 0.797
[2026-06-16 15:53:22,063][root][INFO] - Epoch [4/5], Batch [117/300], Loss: 1.1370 (Overall: 0.5230, Change: 1.7572), TF Ratio: 0.797
[2026-06-16 15:53:22,214][root][INFO] - Epoch [4/5], Batch [118/300], Loss: 1.1361 (Overall: 0.6190, Change: 1.4373), TF Ratio: 0.796
[2026-06-16 15:53:22,365][root][INFO] - Epoch [4/5], Batch [119/300], Loss: 1.1353 (Overall: 0.6163, Change: 1.4524), TF Ratio: 0.796
[2026-06-16 15:53:22,525][root][INFO] - Epoch [4/5], Batch [120/300], Loss: 1.1340 (Overall: 0.6357, Change: 1.3437), TF Ratio: 0.796
[2026-06-16 15:53:22,676][root][INFO] - Epoch [4/5], Batch [121/300], Loss: 1.1328 (Overall: 0.4880, Change: 1.4877), TF Ratio: 0.796
[2026-06-16 15:53:22,827][root][INFO] - Epoch [4/5], Batch [122/300], Loss: 1.1331 (Overall: 1.0578, Change: 1.2657), TF Ratio: 0.796
[2026-06-16 15:53:22,978][root][INFO] - Epoch [4/5], Batch [123/300], Loss: 1.1319 (Overall: 0.6046, Change: 1.3786), TF Ratio: 0.795
[2026-06-16 15:53:23,143][root][INFO] - Epoch [4/5], Batch [124/300], Loss: 1.1302 (Overall: 0.7447, Change: 1.0978), TF Ratio: 0.795
[2026-06-16 15:53:23,295][root][INFO] - Epoch [4/5], Batch [125/300], Loss: 1.1301 (Overall: 0.7884, Change: 1.4484), TF Ratio: 0.795
[2026-06-16 15:53:23,449][root][INFO] - Epoch [4/5], Batch [126/300], Loss: 1.1268 (Overall: 0.5774, Change: 0.8463), TF Ratio: 0.795
[2026-06-16 15:53:23,600][root][INFO] - Epoch [4/5], Batch [127/300], Loss: 1.1261 (Overall: 0.8257, Change: 1.2457), TF Ratio: 0.795
[2026-06-16 15:53:23,752][root][INFO] - Epoch [4/5], Batch [128/300], Loss: 1.1260 (Overall: 0.9450, Change: 1.2912), TF Ratio: 0.794
[2026-06-16 15:53:23,908][root][INFO] - Epoch [4/5], Batch [129/300], Loss: 1.1262 (Overall: 0.6858, Change: 1.6004), TF Ratio: 0.794
[2026-06-16 15:53:24,059][root][INFO] - Epoch [4/5], Batch [130/300], Loss: 1.1264 (Overall: 0.7321, Change: 1.5695), TF Ratio: 0.794
[2026-06-16 15:53:24,210][root][INFO] - Epoch [4/5], Batch [131/300], Loss: 1.1239 (Overall: 0.5070, Change: 1.0946), TF Ratio: 0.794
[2026-06-16 15:53:24,373][root][INFO] - Epoch [4/5], Batch [132/300], Loss: 1.1214 (Overall: 0.4653, Change: 1.1336), TF Ratio: 0.794
[2026-06-16 15:53:24,524][root][INFO] - Epoch [4/5], Batch [133/300], Loss: 1.1231 (Overall: 1.2218, Change: 1.4613), TF Ratio: 0.793
[2026-06-16 15:53:24,676][root][INFO] - Epoch [4/5], Batch [134/300], Loss: 1.1237 (Overall: 0.9215, Change: 1.5020), TF Ratio: 0.793
[2026-06-16 15:53:24,827][root][INFO] - Epoch [4/5], Batch [135/300], Loss: 1.1228 (Overall: 0.7546, Change: 1.2327), TF Ratio: 0.793
[2026-06-16 15:53:24,980][root][INFO] - Epoch [4/5], Batch [136/300], Loss: 1.1242 (Overall: 0.6363, Change: 1.9954), TF Ratio: 0.793
[2026-06-16 15:53:25,138][root][INFO] - Epoch [4/5], Batch [137/300], Loss: 1.1236 (Overall: 0.8870, Change: 1.2070), TF Ratio: 0.793
[2026-06-16 15:53:25,299][root][INFO] - Epoch [4/5], Batch [138/300], Loss: 1.1242 (Overall: 1.0549, Change: 1.3602), TF Ratio: 0.792
[2026-06-16 15:53:25,450][root][INFO] - Epoch [4/5], Batch [139/300], Loss: 1.1243 (Overall: 0.9434, Change: 1.3214), TF Ratio: 0.792
[2026-06-16 15:53:25,608][root][INFO] - Epoch [4/5], Batch [140/300], Loss: 1.1237 (Overall: 1.0310, Change: 1.0596), TF Ratio: 0.792
[2026-06-16 15:53:25,760][root][INFO] - Epoch [4/5], Batch [141/300], Loss: 1.1263 (Overall: 0.6046, Change: 2.3758), TF Ratio: 0.792
[2026-06-16 15:53:25,917][root][INFO] - Epoch [4/5], Batch [142/300], Loss: 1.1254 (Overall: 0.5809, Change: 1.4006), TF Ratio: 0.792
[2026-06-16 15:53:26,068][root][INFO] - Epoch [4/5], Batch [143/300], Loss: 1.1256 (Overall: 0.7860, Change: 1.5403), TF Ratio: 0.791
[2026-06-16 15:53:26,229][root][INFO] - Epoch [4/5], Batch [144/300], Loss: 1.1246 (Overall: 0.5668, Change: 1.3803), TF Ratio: 0.791
[2026-06-16 15:53:26,380][root][INFO] - Epoch [4/5], Batch [145/300], Loss: 1.1247 (Overall: 0.7541, Change: 1.5394), TF Ratio: 0.791
[2026-06-16 15:53:26,531][root][INFO] - Epoch [4/5], Batch [146/300], Loss: 1.1257 (Overall: 0.8494, Change: 1.6771), TF Ratio: 0.791
[2026-06-16 15:53:26,682][root][INFO] - Epoch [4/5], Batch [147/300], Loss: 1.1251 (Overall: 0.8201, Change: 1.2534), TF Ratio: 0.791
[2026-06-16 15:53:26,833][root][INFO] - Epoch [4/5], Batch [148/300], Loss: 1.1252 (Overall: 0.7911, Change: 1.5097), TF Ratio: 0.790
[2026-06-16 15:53:26,991][root][INFO] - Epoch [4/5], Batch [149/300], Loss: 1.1265 (Overall: 1.3256, Change: 1.2862), TF Ratio: 0.790
[2026-06-16 15:53:27,142][root][INFO] - Epoch [4/5], Batch [150/300], Loss: 1.1265 (Overall: 0.8434, Change: 1.4246), TF Ratio: 0.790
[2026-06-16 15:53:27,293][root][INFO] - Epoch [4/5], Batch [151/300], Loss: 1.1264 (Overall: 0.6768, Change: 1.5450), TF Ratio: 0.790
[2026-06-16 15:53:27,446][root][INFO] - Epoch [4/5], Batch [152/300], Loss: 1.1253 (Overall: 0.6576, Change: 1.2723), TF Ratio: 0.790
[2026-06-16 15:53:27,597][root][INFO] - Epoch [4/5], Batch [153/300], Loss: 1.1253 (Overall: 0.6815, Change: 1.5502), TF Ratio: 0.789
[2026-06-16 15:53:27,748][root][INFO] - Epoch [4/5], Batch [154/300], Loss: 1.1267 (Overall: 1.1886, Change: 1.5027), TF Ratio: 0.789
[2026-06-16 15:53:27,899][root][INFO] - Epoch [4/5], Batch [155/300], Loss: 1.1254 (Overall: 0.5537, Change: 1.2812), TF Ratio: 0.789
[2026-06-16 15:53:28,058][root][INFO] - Epoch [4/5], Batch [156/300], Loss: 1.1277 (Overall: 0.9710, Change: 2.0163), TF Ratio: 0.789
[2026-06-16 15:53:28,209][root][INFO] - Epoch [4/5], Batch [157/300], Loss: 1.1279 (Overall: 0.6921, Change: 1.6251), TF Ratio: 0.789
[2026-06-16 15:53:28,362][root][INFO] - Epoch [4/5], Batch [158/300], Loss: 1.1276 (Overall: 0.7701, Change: 1.4008), TF Ratio: 0.788
[2026-06-16 15:53:28,513][root][INFO] - Epoch [4/5], Batch [159/300], Loss: 1.1288 (Overall: 0.8712, Change: 1.7636), TF Ratio: 0.788
[2026-06-16 15:53:28,665][root][INFO] - Epoch [4/5], Batch [160/300], Loss: 1.1292 (Overall: 0.7800, Change: 1.5968), TF Ratio: 0.788
[2026-06-16 15:53:28,815][root][INFO] - Epoch [4/5], Batch [161/300], Loss: 1.1286 (Overall: 0.6246, Change: 1.4392), TF Ratio: 0.788
[2026-06-16 15:53:28,965][root][INFO] - Epoch [4/5], Batch [162/300], Loss: 1.1286 (Overall: 0.7546, Change: 1.4866), TF Ratio: 0.788
[2026-06-16 15:53:29,116][root][INFO] - Epoch [4/5], Batch [163/300], Loss: 1.1287 (Overall: 0.9263, Change: 1.3762), TF Ratio: 0.787
[2026-06-16 15:53:29,267][root][INFO] - Epoch [4/5], Batch [164/300], Loss: 1.1289 (Overall: 0.7228, Change: 1.5851), TF Ratio: 0.787
[2026-06-16 15:53:29,417][root][INFO] - Epoch [4/5], Batch [165/300], Loss: 1.1280 (Overall: 0.6738, Change: 1.3044), TF Ratio: 0.787
[2026-06-16 15:53:29,569][root][INFO] - Epoch [4/5], Batch [166/300], Loss: 1.1273 (Overall: 0.5244, Change: 1.5023), TF Ratio: 0.787
[2026-06-16 15:53:29,719][root][INFO] - Epoch [4/5], Batch [167/300], Loss: 1.1284 (Overall: 0.7342, Change: 1.8876), TF Ratio: 0.787
[2026-06-16 15:53:29,871][root][INFO] - Epoch [4/5], Batch [168/300], Loss: 1.1291 (Overall: 1.0692, Change: 1.4182), TF Ratio: 0.786
[2026-06-16 15:53:30,022][root][INFO] - Epoch [4/5], Batch [169/300], Loss: 1.1284 (Overall: 0.6881, Change: 1.3230), TF Ratio: 0.786
[2026-06-16 15:53:30,180][root][INFO] - Epoch [4/5], Batch [170/300], Loss: 1.1292 (Overall: 1.0219, Change: 1.5307), TF Ratio: 0.786
[2026-06-16 15:53:30,331][root][INFO] - Epoch [4/5], Batch [171/300], Loss: 1.1306 (Overall: 0.9893, Change: 1.7199), TF Ratio: 0.786
[2026-06-16 15:53:30,483][root][INFO] - Epoch [4/5], Batch [172/300], Loss: 1.1296 (Overall: 0.6475, Change: 1.2941), TF Ratio: 0.786
[2026-06-16 15:53:30,634][root][INFO] - Epoch [4/5], Batch [173/300], Loss: 1.1287 (Overall: 0.5693, Change: 1.3663), TF Ratio: 0.785
[2026-06-16 15:53:30,784][root][INFO] - Epoch [4/5], Batch [174/300], Loss: 1.1295 (Overall: 1.2571, Change: 1.2885), TF Ratio: 0.785
[2026-06-16 15:53:30,935][root][INFO] - Epoch [4/5], Batch [175/300], Loss: 1.1282 (Overall: 0.5069, Change: 1.2969), TF Ratio: 0.785
[2026-06-16 15:53:31,096][root][INFO] - Epoch [4/5], Batch [176/300], Loss: 1.1267 (Overall: 0.6068, Change: 1.1151), TF Ratio: 0.785
[2026-06-16 15:53:31,246][root][INFO] - Epoch [4/5], Batch [177/300], Loss: 1.1259 (Overall: 0.6364, Change: 1.3314), TF Ratio: 0.785
[2026-06-16 15:53:31,405][root][INFO] - Epoch [4/5], Batch [178/300], Loss: 1.1243 (Overall: 0.7067, Change: 0.9797), TF Ratio: 0.784
[2026-06-16 15:53:31,557][root][INFO] - Epoch [4/5], Batch [179/300], Loss: 1.1246 (Overall: 0.7117, Change: 1.6376), TF Ratio: 0.784
[2026-06-16 15:53:31,709][root][INFO] - Epoch [4/5], Batch [180/300], Loss: 1.1251 (Overall: 0.9613, Change: 1.4588), TF Ratio: 0.784
[2026-06-16 15:53:31,868][root][INFO] - Epoch [4/5], Batch [181/300], Loss: 1.1263 (Overall: 1.1124, Change: 1.5939), TF Ratio: 0.784
[2026-06-16 15:53:32,018][root][INFO] - Epoch [4/5], Batch [182/300], Loss: 1.1258 (Overall: 0.8277, Change: 1.2173), TF Ratio: 0.784
[2026-06-16 15:53:32,175][root][INFO] - Epoch [4/5], Batch [183/300], Loss: 1.1256 (Overall: 0.9352, Change: 1.2677), TF Ratio: 0.783
[2026-06-16 15:53:32,328][root][INFO] - Epoch [4/5], Batch [184/300], Loss: 1.1246 (Overall: 0.7152, Change: 1.1782), TF Ratio: 0.783
[2026-06-16 15:53:32,479][root][INFO] - Epoch [4/5], Batch [185/300], Loss: 1.1243 (Overall: 0.6936, Change: 1.4333), TF Ratio: 0.783
[2026-06-16 15:53:32,630][root][INFO] - Epoch [4/5], Batch [186/300], Loss: 1.1247 (Overall: 1.0201, Change: 1.3798), TF Ratio: 0.783
[2026-06-16 15:53:32,784][root][INFO] - Epoch [4/5], Batch [187/300], Loss: 1.1252 (Overall: 1.1481, Change: 1.2944), TF Ratio: 0.783
[2026-06-16 15:53:32,936][root][INFO] - Epoch [4/5], Batch [188/300], Loss: 1.1247 (Overall: 0.8554, Change: 1.1857), TF Ratio: 0.782
[2026-06-16 15:53:33,086][root][INFO] - Epoch [4/5], Batch [189/300], Loss: 1.1240 (Overall: 0.8136, Change: 1.1727), TF Ratio: 0.782
[2026-06-16 15:53:33,237][root][INFO] - Epoch [4/5], Batch [190/300], Loss: 1.1230 (Overall: 0.8141, Change: 1.0442), TF Ratio: 0.782
[2026-06-16 15:53:33,388][root][INFO] - Epoch [4/5], Batch [191/300], Loss: 1.1236 (Overall: 0.9341, Change: 1.5526), TF Ratio: 0.782
[2026-06-16 15:53:33,539][root][INFO] - Epoch [4/5], Batch [192/300], Loss: 1.1224 (Overall: 0.8081, Change: 0.9673), TF Ratio: 0.782
[2026-06-16 15:53:33,690][root][INFO] - Epoch [4/5], Batch [193/300], Loss: 1.1226 (Overall: 0.9309, Change: 1.3938), TF Ratio: 0.781
[2026-06-16 15:53:33,841][root][INFO] - Epoch [4/5], Batch [194/300], Loss: 1.1228 (Overall: 0.9285, Change: 1.3864), TF Ratio: 0.781
[2026-06-16 15:53:33,998][root][INFO] - Epoch [4/5], Batch [195/300], Loss: 1.1226 (Overall: 0.7000, Change: 1.4783), TF Ratio: 0.781
[2026-06-16 15:53:34,169][root][INFO] - Epoch [4/5], Batch [196/300], Loss: 1.1227 (Overall: 0.8400, Change: 1.4614), TF Ratio: 0.781
[2026-06-16 15:53:34,319][root][INFO] - Epoch [4/5], Batch [197/300], Loss: 1.1225 (Overall: 0.6530, Change: 1.5244), TF Ratio: 0.781
[2026-06-16 15:53:34,470][root][INFO] - Epoch [4/5], Batch [198/300], Loss: 1.1225 (Overall: 0.6919, Change: 1.5280), TF Ratio: 0.780
[2026-06-16 15:53:34,621][root][INFO] - Epoch [4/5], Batch [199/300], Loss: 1.1219 (Overall: 0.7363, Change: 1.2826), TF Ratio: 0.780
[2026-06-16 15:53:34,776][root][INFO] - Epoch [4/5], Batch [200/300], Loss: 1.1222 (Overall: 0.8551, Change: 1.5124), TF Ratio: 0.780
[2026-06-16 15:53:34,930][root][INFO] - Epoch [4/5], Batch [201/300], Loss: 1.1221 (Overall: 0.5264, Change: 1.6821), TF Ratio: 0.780
[2026-06-16 15:53:35,081][root][INFO] - Epoch [4/5], Batch [202/300], Loss: 1.1213 (Overall: 0.7806, Change: 1.1429), TF Ratio: 0.780
[2026-06-16 15:53:35,232][root][INFO] - Epoch [4/5], Batch [203/300], Loss: 1.1217 (Overall: 0.9745, Change: 1.4279), TF Ratio: 0.779
[2026-06-16 15:53:35,384][root][INFO] - Epoch [4/5], Batch [204/300], Loss: 1.1201 (Overall: 0.5552, Change: 1.0379), TF Ratio: 0.779
[2026-06-16 15:53:35,534][root][INFO] - Epoch [4/5], Batch [205/300], Loss: 1.1259 (Overall: 2.2258, Change: 2.3667), TF Ratio: 0.779
[2026-06-16 15:53:35,685][root][INFO] - Epoch [4/5], Batch [206/300], Loss: 1.1252 (Overall: 0.7799, Change: 1.1851), TF Ratio: 0.779
[2026-06-16 15:53:35,837][root][INFO] - Epoch [4/5], Batch [207/300], Loss: 1.1251 (Overall: 0.7663, Change: 1.4428), TF Ratio: 0.779
[2026-06-16 15:53:35,989][root][INFO] - Epoch [4/5], Batch [208/300], Loss: 1.1252 (Overall: 0.8612, Change: 1.4470), TF Ratio: 0.778
[2026-06-16 15:53:36,154][root][INFO] - Epoch [4/5], Batch [209/300], Loss: 1.1252 (Overall: 1.0019, Change: 1.2504), TF Ratio: 0.778
[2026-06-16 15:53:36,304][root][INFO] - Epoch [4/5], Batch [210/300], Loss: 1.1253 (Overall: 0.9233, Change: 1.3700), TF Ratio: 0.778
[2026-06-16 15:53:36,455][root][INFO] - Epoch [4/5], Batch [211/300], Loss: 1.1268 (Overall: 1.2567, Change: 1.6075), TF Ratio: 0.778
[2026-06-16 15:53:36,607][root][INFO] - Epoch [4/5], Batch [212/300], Loss: 1.1280 (Overall: 1.3892, Change: 1.3590), TF Ratio: 0.778
[2026-06-16 15:53:36,758][root][INFO] - Epoch [4/5], Batch [213/300], Loss: 1.1279 (Overall: 0.7869, Change: 1.4647), TF Ratio: 0.777
[2026-06-16 15:53:36,909][root][INFO] - Epoch [4/5], Batch [214/300], Loss: 1.1272 (Overall: 0.5293, Change: 1.3979), TF Ratio: 0.777
[2026-06-16 15:53:37,060][root][INFO] - Epoch [4/5], Batch [215/300], Loss: 1.1262 (Overall: 0.6661, Change: 1.1768), TF Ratio: 0.777
[2026-06-16 15:53:37,211][root][INFO] - Epoch [4/5], Batch [216/300], Loss: 1.1251 (Overall: 0.5544, Change: 1.2227), TF Ratio: 0.777
[2026-06-16 15:53:37,361][root][INFO] - Epoch [4/5], Batch [217/300], Loss: 1.1248 (Overall: 0.6909, Change: 1.4307), TF Ratio: 0.777
[2026-06-16 15:53:37,512][root][INFO] - Epoch [4/5], Batch [218/300], Loss: 1.1265 (Overall: 1.2295, Change: 1.7532), TF Ratio: 0.776
[2026-06-16 15:53:37,662][root][INFO] - Epoch [4/5], Batch [219/300], Loss: 1.1266 (Overall: 0.6648, Change: 1.6325), TF Ratio: 0.776
[2026-06-16 15:53:37,822][root][INFO] - Epoch [4/5], Batch [220/300], Loss: 1.1272 (Overall: 0.8990, Change: 1.6328), TF Ratio: 0.776
[2026-06-16 15:53:37,973][root][INFO] - Epoch [4/5], Batch [221/300], Loss: 1.1265 (Overall: 0.7154, Change: 1.2008), TF Ratio: 0.776
[2026-06-16 15:53:38,123][root][INFO] - Epoch [4/5], Batch [222/300], Loss: 1.1266 (Overall: 0.7091, Change: 1.5881), TF Ratio: 0.776
[2026-06-16 15:53:38,274][root][INFO] - Epoch [4/5], Batch [223/300], Loss: 1.1282 (Overall: 0.6355, Change: 2.3333), TF Ratio: 0.775
[2026-06-16 15:53:38,426][root][INFO] - Epoch [4/5], Batch [224/300], Loss: 1.1285 (Overall: 1.0414, Change: 1.3619), TF Ratio: 0.775
[2026-06-16 15:53:38,577][root][INFO] - Epoch [4/5], Batch [225/300], Loss: 1.1301 (Overall: 0.6009, Change: 2.3687), TF Ratio: 0.775
[2026-06-16 15:53:38,735][root][INFO] - Epoch [4/5], Batch [226/300], Loss: 1.1310 (Overall: 0.8273, Change: 1.8646), TF Ratio: 0.775
[2026-06-16 15:53:38,885][root][INFO] - Epoch [4/5], Batch [227/300], Loss: 1.1306 (Overall: 0.6639, Change: 1.3933), TF Ratio: 0.775
[2026-06-16 15:53:39,047][root][INFO] - Epoch [4/5], Batch [228/300], Loss: 1.1309 (Overall: 0.9722, Change: 1.4507), TF Ratio: 0.774
[2026-06-16 15:53:39,197][root][INFO] - Epoch [4/5], Batch [229/300], Loss: 1.1305 (Overall: 0.7511, Change: 1.2963), TF Ratio: 0.774
[2026-06-16 15:53:39,348][root][INFO] - Epoch [4/5], Batch [230/300], Loss: 1.1305 (Overall: 0.9232, Change: 1.3459), TF Ratio: 0.774
[2026-06-16 15:53:39,499][root][INFO] - Epoch [4/5], Batch [231/300], Loss: 1.1304 (Overall: 0.8168, Change: 1.3932), TF Ratio: 0.774
[2026-06-16 15:53:39,650][root][INFO] - Epoch [4/5], Batch [232/300], Loss: 1.1296 (Overall: 0.5557, Change: 1.3205), TF Ratio: 0.774
[2026-06-16 15:53:39,800][root][INFO] - Epoch [4/5], Batch [233/300], Loss: 1.1295 (Overall: 0.8278, Change: 1.4013), TF Ratio: 0.773
[2026-06-16 15:53:39,951][root][INFO] - Epoch [4/5], Batch [234/300], Loss: 1.1300 (Overall: 1.0476, Change: 1.4279), TF Ratio: 0.773
[2026-06-16 15:53:40,106][root][INFO] - Epoch [4/5], Batch [235/300], Loss: 1.1297 (Overall: 0.7221, Change: 1.4281), TF Ratio: 0.773
[2026-06-16 15:53:40,262][root][INFO] - Epoch [4/5], Batch [236/300], Loss: 1.1297 (Overall: 0.6491, Change: 1.6225), TF Ratio: 0.773
[2026-06-16 15:53:40,413][root][INFO] - Epoch [4/5], Batch [237/300], Loss: 1.1289 (Overall: 0.7775, Change: 1.0911), TF Ratio: 0.773
[2026-06-16 15:53:40,564][root][INFO] - Epoch [4/5], Batch [238/300], Loss: 1.1310 (Overall: 0.7356, Change: 2.5027), TF Ratio: 0.772
[2026-06-16 15:53:40,715][root][INFO] - Epoch [4/5], Batch [239/300], Loss: 1.1296 (Overall: 0.6460, Change: 0.9770), TF Ratio: 0.772
[2026-06-16 15:53:40,866][root][INFO] - Epoch [4/5], Batch [240/300], Loss: 1.1302 (Overall: 1.0745, Change: 1.4423), TF Ratio: 0.772
[2026-06-16 15:53:41,016][root][INFO] - Epoch [4/5], Batch [241/300], Loss: 1.1298 (Overall: 0.6598, Change: 1.4376), TF Ratio: 0.772
[2026-06-16 15:53:41,167][root][INFO] - Epoch [4/5], Batch [242/300], Loss: 1.1312 (Overall: 1.0452, Change: 1.8594), TF Ratio: 0.772
[2026-06-16 15:53:41,318][root][INFO] - Epoch [4/5], Batch [243/300], Loss: 1.1307 (Overall: 0.6208, Change: 1.4323), TF Ratio: 0.771
[2026-06-16 15:53:41,469][root][INFO] - Epoch [4/5], Batch [244/300], Loss: 1.1311 (Overall: 0.8130, Change: 1.6015), TF Ratio: 0.771
[2026-06-16 15:53:41,622][root][INFO] - Epoch [4/5], Batch [245/300], Loss: 1.1317 (Overall: 1.0317, Change: 1.5558), TF Ratio: 0.771
[2026-06-16 15:53:41,773][root][INFO] - Epoch [4/5], Batch [246/300], Loss: 1.1327 (Overall: 1.0417, Change: 1.6815), TF Ratio: 0.771
[2026-06-16 15:53:41,924][root][INFO] - Epoch [4/5], Batch [247/300], Loss: 1.1322 (Overall: 0.6616, Change: 1.3931), TF Ratio: 0.771
[2026-06-16 15:53:42,076][root][INFO] - Epoch [4/5], Batch [248/300], Loss: 1.1327 (Overall: 0.8033, Change: 1.7075), TF Ratio: 0.770
[2026-06-16 15:53:42,226][root][INFO] - Epoch [4/5], Batch [249/300], Loss: 1.1332 (Overall: 1.0230, Change: 1.4776), TF Ratio: 0.770
[2026-06-16 15:53:42,388][root][INFO] - Epoch [4/5], Batch [250/300], Loss: 1.1336 (Overall: 0.7107, Change: 1.7508), TF Ratio: 0.770
[2026-06-16 15:53:42,538][root][INFO] - Epoch [4/5], Batch [251/300], Loss: 1.1339 (Overall: 0.8340, Change: 1.5776), TF Ratio: 0.770
[2026-06-16 15:53:42,697][root][INFO] - Epoch [4/5], Batch [252/300], Loss: 1.1342 (Overall: 0.8736, Change: 1.5648), TF Ratio: 0.770
[2026-06-16 15:53:42,847][root][INFO] - Epoch [4/5], Batch [253/300], Loss: 1.1359 (Overall: 0.8963, Change: 2.2427), TF Ratio: 0.769
[2026-06-16 15:53:42,998][root][INFO] - Epoch [4/5], Batch [254/300], Loss: 1.1350 (Overall: 0.5358, Change: 1.2481), TF Ratio: 0.769
[2026-06-16 15:53:43,155][root][INFO] - Epoch [4/5], Batch [255/300], Loss: 1.1346 (Overall: 0.8198, Change: 1.2689), TF Ratio: 0.769
[2026-06-16 15:53:43,307][root][INFO] - Epoch [4/5], Batch [256/300], Loss: 1.1340 (Overall: 0.8250, Change: 1.1059), TF Ratio: 0.769
[2026-06-16 15:53:43,458][root][INFO] - Epoch [4/5], Batch [257/300], Loss: 1.1331 (Overall: 0.5764, Change: 1.2473), TF Ratio: 0.769
[2026-06-16 15:53:43,609][root][INFO] - Epoch [4/5], Batch [258/300], Loss: 1.1348 (Overall: 1.2907, Change: 1.8407), TF Ratio: 0.768
[2026-06-16 15:53:43,770][root][INFO] - Epoch [4/5], Batch [259/300], Loss: 1.1349 (Overall: 0.8030, Change: 1.5578), TF Ratio: 0.768
[2026-06-16 15:53:43,922][root][INFO] - Epoch [4/5], Batch [260/300], Loss: 1.1370 (Overall: 1.5516, Change: 1.7877), TF Ratio: 0.768
[2026-06-16 15:53:44,072][root][INFO] - Epoch [4/5], Batch [261/300], Loss: 1.1368 (Overall: 0.9580, Change: 1.2147), TF Ratio: 0.768
[2026-06-16 15:53:44,222][root][INFO] - Epoch [4/5], Batch [262/300], Loss: 1.1368 (Overall: 0.7153, Change: 1.5616), TF Ratio: 0.768
[2026-06-16 15:53:44,373][root][INFO] - Epoch [4/5], Batch [263/300], Loss: 1.1366 (Overall: 0.7044, Change: 1.4805), TF Ratio: 0.767
[2026-06-16 15:53:44,525][root][INFO] - Epoch [4/5], Batch [264/300], Loss: 1.1369 (Overall: 0.7279, Change: 1.7026), TF Ratio: 0.767
[2026-06-16 15:53:44,676][root][INFO] - Epoch [4/5], Batch [265/300], Loss: 1.1355 (Overall: 0.5642, Change: 0.9399), TF Ratio: 0.767
[2026-06-16 15:53:44,827][root][INFO] - Epoch [4/5], Batch [266/300], Loss: 1.1355 (Overall: 0.8826, Change: 1.4149), TF Ratio: 0.767
[2026-06-16 15:53:44,977][root][INFO] - Epoch [4/5], Batch [267/300], Loss: 1.1358 (Overall: 0.7911, Change: 1.6395), TF Ratio: 0.767
[2026-06-16 15:53:45,129][root][INFO] - Epoch [4/5], Batch [268/300], Loss: 1.1361 (Overall: 0.9988, Change: 1.4295), TF Ratio: 0.766
[2026-06-16 15:53:45,279][root][INFO] - Epoch [4/5], Batch [269/300], Loss: 1.1357 (Overall: 0.8112, Change: 1.2038), TF Ratio: 0.766
[2026-06-16 15:53:45,429][root][INFO] - Epoch [4/5], Batch [270/300], Loss: 1.1348 (Overall: 0.7998, Change: 1.0048), TF Ratio: 0.766
[2026-06-16 15:53:45,580][root][INFO] - Epoch [4/5], Batch [271/300], Loss: 1.1353 (Overall: 1.0434, Change: 1.5020), TF Ratio: 0.766
[2026-06-16 15:53:45,731][root][INFO] - Epoch [4/5], Batch [272/300], Loss: 1.1348 (Overall: 0.9913, Change: 1.0302), TF Ratio: 0.766
[2026-06-16 15:53:45,882][root][INFO] - Epoch [4/5], Batch [273/300], Loss: 1.1352 (Overall: 0.5980, Change: 1.8826), TF Ratio: 0.765
[2026-06-16 15:53:46,032][root][INFO] - Epoch [4/5], Batch [274/300], Loss: 1.1361 (Overall: 1.2174, Change: 1.5498), TF Ratio: 0.765
[2026-06-16 15:53:46,187][root][INFO] - Epoch [4/5], Batch [275/300], Loss: 1.1365 (Overall: 0.8528, Change: 1.6320), TF Ratio: 0.765
[2026-06-16 15:53:46,341][root][INFO] - Epoch [4/5], Batch [276/300], Loss: 1.1365 (Overall: 0.8354, Change: 1.4515), TF Ratio: 0.765
[2026-06-16 15:53:46,491][root][INFO] - Epoch [4/5], Batch [277/300], Loss: 1.1363 (Overall: 0.4615, Change: 1.6808), TF Ratio: 0.765
[2026-06-16 15:53:46,642][root][INFO] - Epoch [4/5], Batch [278/300], Loss: 1.1368 (Overall: 1.3169, Change: 1.2166), TF Ratio: 0.764
[2026-06-16 15:53:46,798][root][INFO] - Epoch [4/5], Batch [279/300], Loss: 1.1371 (Overall: 0.7282, Change: 1.7208), TF Ratio: 0.764
[2026-06-16 15:53:46,950][root][INFO] - Epoch [4/5], Batch [280/300], Loss: 1.1374 (Overall: 0.7840, Change: 1.6801), TF Ratio: 0.764
[2026-06-16 15:53:47,101][root][INFO] - Epoch [4/5], Batch [281/300], Loss: 1.1376 (Overall: 0.8688, Change: 1.5263), TF Ratio: 0.764
[2026-06-16 15:53:47,252][root][INFO] - Epoch [4/5], Batch [282/300], Loss: 1.1379 (Overall: 1.0608, Change: 1.3729), TF Ratio: 0.764
[2026-06-16 15:53:47,403][root][INFO] - Epoch [4/5], Batch [283/300], Loss: 1.1379 (Overall: 0.8948, Change: 1.3579), TF Ratio: 0.763
[2026-06-16 15:53:47,554][root][INFO] - Epoch [4/5], Batch [284/300], Loss: 1.1387 (Overall: 1.0616, Change: 1.6920), TF Ratio: 0.763
[2026-06-16 15:53:47,707][root][INFO] - Epoch [4/5], Batch [285/300], Loss: 1.1379 (Overall: 0.8434, Change: 0.9481), TF Ratio: 0.763
[2026-06-16 15:53:47,858][root][INFO] - Epoch [4/5], Batch [286/300], Loss: 1.1374 (Overall: 0.6508, Change: 1.3288), TF Ratio: 0.763
[2026-06-16 15:53:48,009][root][INFO] - Epoch [4/5], Batch [287/300], Loss: 1.1370 (Overall: 0.7834, Change: 1.3008), TF Ratio: 0.763
[2026-06-16 15:53:48,160][root][INFO] - Epoch [4/5], Batch [288/300], Loss: 1.1369 (Overall: 0.7081, Change: 1.4851), TF Ratio: 0.762
[2026-06-16 15:53:48,314][root][INFO] - Epoch [4/5], Batch [289/300], Loss: 1.1370 (Overall: 0.6895, Change: 1.6703), TF Ratio: 0.762
[2026-06-16 15:53:48,471][root][INFO] - Epoch [4/5], Batch [290/300], Loss: 1.1381 (Overall: 1.2670, Change: 1.6013), TF Ratio: 0.762
[2026-06-16 15:53:48,622][root][INFO] - Epoch [4/5], Batch [291/300], Loss: 1.1383 (Overall: 0.8680, Change: 1.5528), TF Ratio: 0.762
[2026-06-16 15:53:48,774][root][INFO] - Epoch [4/5], Batch [292/300], Loss: 1.1383 (Overall: 0.7036, Change: 1.5409), TF Ratio: 0.762
[2026-06-16 15:53:48,925][root][INFO] - Epoch [4/5], Batch [293/300], Loss: 1.1379 (Overall: 0.7627, Change: 1.3276), TF Ratio: 0.761
[2026-06-16 15:53:49,076][root][INFO] - Epoch [4/5], Batch [294/300], Loss: 1.1379 (Overall: 1.0595, Change: 1.2225), TF Ratio: 0.761
[2026-06-16 15:53:49,226][root][INFO] - Epoch [4/5], Batch [295/300], Loss: 1.1377 (Overall: 0.8048, Change: 1.3303), TF Ratio: 0.761
[2026-06-16 15:53:49,378][root][INFO] - Epoch [4/5], Batch [296/300], Loss: 1.1374 (Overall: 0.6357, Change: 1.4805), TF Ratio: 0.761
[2026-06-16 15:53:49,528][root][INFO] - Epoch [4/5], Batch [297/300], Loss: 1.1369 (Overall: 0.7154, Change: 1.2240), TF Ratio: 0.761
[2026-06-16 15:53:49,679][root][INFO] - Epoch [4/5], Batch [298/300], Loss: 1.1367 (Overall: 0.6742, Change: 1.4814), TF Ratio: 0.760
[2026-06-16 15:53:49,837][root][INFO] - Epoch [4/5], Batch [299/300], Loss: 1.1372 (Overall: 0.9658, Change: 1.6323), TF Ratio: 0.760
[2026-06-16 15:53:49,989][root][INFO] - Epoch [4/5], Batch [300/300], Loss: 1.1372 (Overall: 0.8422, Change: 1.4067), TF Ratio: 0.760
[2026-06-16 15:53:51,055][root][INFO] - Epoch 4 done. Validating...
[2026-06-16 15:53:54,762][root][INFO] - Epoch [4/5] | Train: 1.1372 | Val: 0.6155
[2026-06-16 15:53:55,013][root][INFO] - Checkpoint saved: /gpfs/scratch/bsc32/bsc096444/ai4land-tfm/trained_models/unet_impl/41825186/best_model.pth
[2026-06-16 15:53:55,181][root][INFO] - Checkpoint saved: /gpfs/scratch/bsc32/bsc096444/ai4land-tfm/trained_models/unet_impl/41825186/model_epoch_4.pth
[2026-06-16 15:53:57,587][root][INFO] - Epoch [5/5], Batch [1/300], Loss: 1.2604 (Overall: 1.2291, Change: 1.2916), TF Ratio: 0.760
[2026-06-16 15:53:57,739][root][INFO] - Epoch [5/5], Batch [2/300], Loss: 1.4960 (Overall: 1.7162, Change: 1.7471), TF Ratio: 0.760
[2026-06-16 15:53:57,890][root][INFO] - Epoch [5/5], Batch [3/300], Loss: 1.3892 (Overall: 0.8578, Change: 1.4937), TF Ratio: 0.759
[2026-06-16 15:53:58,042][root][INFO] - Epoch [5/5], Batch [4/300], Loss: 1.3690 (Overall: 1.0295, Change: 1.5868), TF Ratio: 0.759
[2026-06-16 15:53:58,200][root][INFO] - Epoch [5/5], Batch [5/300], Loss: 1.3429 (Overall: 0.8760, Change: 1.6015), TF Ratio: 0.759
[2026-06-16 15:53:58,352][root][INFO] - Epoch [5/5], Batch [6/300], Loss: 1.3195 (Overall: 0.8428, Change: 1.5622), TF Ratio: 0.759
[2026-06-16 15:53:58,504][root][INFO] - Epoch [5/5], Batch [7/300], Loss: 1.2932 (Overall: 0.8173, Change: 1.4528), TF Ratio: 0.759
[2026-06-16 15:53:58,664][root][INFO] - Epoch [5/5], Batch [8/300], Loss: 1.2581 (Overall: 0.9943, Change: 1.0314), TF Ratio: 0.758
[2026-06-16 15:53:58,814][root][INFO] - Epoch [5/5], Batch [9/300], Loss: 1.2424 (Overall: 0.8323, Change: 1.4009), TF Ratio: 0.758
[2026-06-16 15:53:58,974][root][INFO] - Epoch [5/5], Batch [10/300], Loss: 1.2138 (Overall: 0.8350, Change: 1.0779), TF Ratio: 0.758
[2026-06-16 15:53:59,128][root][INFO] - Epoch [5/5], Batch [11/300], Loss: 1.1955 (Overall: 0.7016, Change: 1.3238), TF Ratio: 0.758
[2026-06-16 15:53:59,295][root][INFO] - Epoch [5/5], Batch [12/300], Loss: 1.1861 (Overall: 0.7593, Change: 1.4061), TF Ratio: 0.758
[2026-06-16 15:53:59,446][root][INFO] - Epoch [5/5], Batch [13/300], Loss: 1.1900 (Overall: 0.7911, Change: 1.6814), TF Ratio: 0.757
[2026-06-16 15:53:59,597][root][INFO] - Epoch [5/5], Batch [14/300], Loss: 1.2187 (Overall: 1.2816, Change: 1.9038), TF Ratio: 0.757
[2026-06-16 15:53:59,748][root][INFO] - Epoch [5/5], Batch [15/300], Loss: 1.2141 (Overall: 0.7803, Change: 1.5178), TF Ratio: 0.757
[2026-06-16 15:53:59,903][root][INFO] - Epoch [5/5], Batch [16/300], Loss: 1.2002 (Overall: 0.7717, Change: 1.2117), TF Ratio: 0.757
[2026-06-16 15:54:00,063][root][INFO] - Epoch [5/5], Batch [17/300], Loss: 1.1958 (Overall: 0.7373, Change: 1.5132), TF Ratio: 0.757
[2026-06-16 15:54:00,215][root][INFO] - Epoch [5/5], Batch [18/300], Loss: 1.1952 (Overall: 0.6857, Change: 1.6834), TF Ratio: 0.756
[2026-06-16 15:54:00,379][root][INFO] - Epoch [5/5], Batch [19/300], Loss: 1.1932 (Overall: 0.8235, Change: 1.4914), TF Ratio: 0.756
[2026-06-16 15:54:00,531][root][INFO] - Epoch [5/5], Batch [20/300], Loss: 1.1837 (Overall: 0.6994, Change: 1.3094), TF Ratio: 0.756
[2026-06-16 15:54:00,682][root][INFO] - Epoch [5/5], Batch [21/300], Loss: 1.1896 (Overall: 1.1720, Change: 1.4395), TF Ratio: 0.756
[2026-06-16 15:54:00,837][root][INFO] - Epoch [5/5], Batch [22/300], Loss: 1.1931 (Overall: 1.0435, Change: 1.4898), TF Ratio: 0.756
[2026-06-16 15:54:00,989][root][INFO] - Epoch [5/5], Batch [23/300], Loss: 1.1752 (Overall: 0.7536, Change: 0.8126), TF Ratio: 0.755
[2026-06-16 15:54:01,142][root][INFO] - Epoch [5/5], Batch [24/300], Loss: 1.1687 (Overall: 0.7566, Change: 1.2791), TF Ratio: 0.755
[2026-06-16 15:54:01,294][root][INFO] - Epoch [5/5], Batch [25/300], Loss: 1.1709 (Overall: 0.7825, Change: 1.6651), TF Ratio: 0.755
[2026-06-16 15:54:01,445][root][INFO] - Epoch [5/5], Batch [26/300], Loss: 1.1664 (Overall: 0.6734, Change: 1.4341), TF Ratio: 0.755
[2026-06-16 15:54:01,596][root][INFO] - Epoch [5/5], Batch [27/300], Loss: 1.1703 (Overall: 1.1621, Change: 1.3834), TF Ratio: 0.755
[2026-06-16 15:54:01,749][root][INFO] - Epoch [5/5], Batch [28/300], Loss: 1.1671 (Overall: 0.6890, Change: 1.4709), TF Ratio: 0.754
[2026-06-16 15:54:01,900][root][INFO] - Epoch [5/5], Batch [29/300], Loss: 1.1705 (Overall: 0.9692, Change: 1.5652), TF Ratio: 0.754
[2026-06-16 15:54:02,051][root][INFO] - Epoch [5/5], Batch [30/300], Loss: 1.1582 (Overall: 0.7780, Change: 0.8208), TF Ratio: 0.754
[2026-06-16 15:54:02,203][root][INFO] - Epoch [5/5], Batch [31/300], Loss: 1.1673 (Overall: 1.1696, Change: 1.7114), TF Ratio: 0.754
[2026-06-16 15:54:02,355][root][INFO] - Epoch [5/5], Batch [32/300], Loss: 1.1614 (Overall: 0.6792, Change: 1.2783), TF Ratio: 0.754
[2026-06-16 15:54:02,506][root][INFO] - Epoch [5/5], Batch [33/300], Loss: 1.1634 (Overall: 1.0594, Change: 1.3981), TF Ratio: 0.753
[2026-06-16 15:54:02,657][root][INFO] - Epoch [5/5], Batch [34/300], Loss: 1.1616 (Overall: 0.9366, Change: 1.2656), TF Ratio: 0.753
[2026-06-16 15:54:02,808][root][INFO] - Epoch [5/5], Batch [35/300], Loss: 1.1556 (Overall: 0.6981, Change: 1.2062), TF Ratio: 0.753
[2026-06-16 15:54:02,960][root][INFO] - Epoch [5/5], Batch [36/300], Loss: 1.1549 (Overall: 0.6710, Change: 1.5855), TF Ratio: 0.753
[2026-06-16 15:54:03,111][root][INFO] - Epoch [5/5], Batch [37/300], Loss: 1.1558 (Overall: 0.9264, Change: 1.4568), TF Ratio: 0.753
[2026-06-16 15:54:03,262][root][INFO] - Epoch [5/5], Batch [38/300], Loss: 1.1550 (Overall: 0.8872, Change: 1.3567), TF Ratio: 0.752
[2026-06-16 15:54:03,416][root][INFO] - Epoch [5/5], Batch [39/300], Loss: 1.1561 (Overall: 1.1612, Change: 1.2364), TF Ratio: 0.752
[2026-06-16 15:54:03,578][root][INFO] - Epoch [5/5], Batch [40/300], Loss: 1.1540 (Overall: 0.6586, Change: 1.4877), TF Ratio: 0.752
[2026-06-16 15:54:03,729][root][INFO] - Epoch [5/5], Batch [41/300], Loss: 1.1531 (Overall: 0.9606, Change: 1.2733), TF Ratio: 0.752
[2026-06-16 15:54:03,880][root][INFO] - Epoch [5/5], Batch [42/300], Loss: 1.1487 (Overall: 0.7986, Change: 1.1336), TF Ratio: 0.752
[2026-06-16 15:54:04,031][root][INFO] - Epoch [5/5], Batch [43/300], Loss: 1.1521 (Overall: 0.9957, Change: 1.5954), TF Ratio: 0.751
[2026-06-16 15:54:04,183][root][INFO] - Epoch [5/5], Batch [44/300], Loss: 1.1503 (Overall: 0.8280, Change: 1.3228), TF Ratio: 0.751
[2026-06-16 15:54:04,333][root][INFO] - Epoch [5/5], Batch [45/300], Loss: 1.1523 (Overall: 0.9911, Change: 1.4898), TF Ratio: 0.751
[2026-06-16 15:54:04,495][root][INFO] - Epoch [5/5], Batch [46/300], Loss: 1.1491 (Overall: 0.7846, Change: 1.2213), TF Ratio: 0.751
[2026-06-16 15:54:04,648][root][INFO] - Epoch [5/5], Batch [47/300], Loss: 1.1459 (Overall: 0.6580, Change: 1.3443), TF Ratio: 0.751
[2026-06-16 15:54:04,800][root][INFO] - Epoch [5/5], Batch [48/300], Loss: 1.1525 (Overall: 1.4959, Change: 1.4290), TF Ratio: 0.750
[2026-06-16 15:54:04,951][root][INFO] - Epoch [5/5], Batch [49/300], Loss: 1.1477 (Overall: 0.5652, Change: 1.2668), TF Ratio: 0.750
[2026-06-16 15:54:05,102][root][INFO] - Epoch [5/5], Batch [50/300], Loss: 1.1462 (Overall: 0.9248, Change: 1.2247), TF Ratio: 0.750
[2026-06-16 15:54:05,253][root][INFO] - Epoch [5/5], Batch [51/300], Loss: 1.1471 (Overall: 0.7727, Change: 1.6082), TF Ratio: 0.750
[2026-06-16 15:54:05,409][root][INFO] - Epoch [5/5], Batch [52/300], Loss: 1.1412 (Overall: 0.6492, Change: 1.0280), TF Ratio: 0.750
[2026-06-16 15:54:05,560][root][INFO] - Epoch [5/5], Batch [53/300], Loss: 1.1449 (Overall: 1.1247, Change: 1.5561), TF Ratio: 0.749
[2026-06-16 15:54:05,711][root][INFO] - Epoch [5/5], Batch [54/300], Loss: 1.1396 (Overall: 0.6975, Change: 1.0160), TF Ratio: 0.749
[2026-06-16 15:54:05,866][root][INFO] - Epoch [5/5], Batch [55/300], Loss: 1.1386 (Overall: 1.2108, Change: 0.9563), TF Ratio: 0.749
[2026-06-16 15:54:06,018][root][INFO] - Epoch [5/5], Batch [56/300], Loss: 1.1353 (Overall: 0.7842, Change: 1.1293), TF Ratio: 0.749
[2026-06-16 15:54:06,174][root][INFO] - Epoch [5/5], Batch [57/300], Loss: 1.1352 (Overall: 1.0069, Change: 1.2507), TF Ratio: 0.749
[2026-06-16 15:54:06,332][root][INFO] - Epoch [5/5], Batch [58/300], Loss: 1.1324 (Overall: 0.9199, Change: 1.0289), TF Ratio: 0.748
[2026-06-16 15:54:06,484][root][INFO] - Epoch [5/5], Batch [59/300], Loss: 1.1280 (Overall: 0.5823, Change: 1.1591), TF Ratio: 0.748
[2026-06-16 15:54:06,641][root][INFO] - Epoch [5/5], Batch [60/300], Loss: 1.1312 (Overall: 1.0844, Change: 1.5581), TF Ratio: 0.748
[2026-06-16 15:54:06,791][root][INFO] - Epoch [5/5], Batch [61/300], Loss: 1.1336 (Overall: 1.2274, Change: 1.3233), TF Ratio: 0.748
[2026-06-16 15:54:06,943][root][INFO] - Epoch [5/5], Batch [62/300], Loss: 1.1335 (Overall: 0.5939, Change: 1.6614), TF Ratio: 0.748
[2026-06-16 15:54:07,096][root][INFO] - Epoch [5/5], Batch [63/300], Loss: 1.1332 (Overall: 0.7242, Change: 1.5047), TF Ratio: 0.747
[2026-06-16 15:54:07,249][root][INFO] - Epoch [5/5], Batch [64/300], Loss: 1.1344 (Overall: 1.0224, Change: 1.3926), TF Ratio: 0.747
[2026-06-16 15:54:07,406][root][INFO] - Epoch [5/5], Batch [65/300], Loss: 1.1330 (Overall: 0.9204, Change: 1.1687), TF Ratio: 0.747
[2026-06-16 15:54:07,564][root][INFO] - Epoch [5/5], Batch [66/300], Loss: 1.1381 (Overall: 0.8744, Change: 2.0738), TF Ratio: 0.747
[2026-06-16 15:54:07,716][root][INFO] - Epoch [5/5], Batch [67/300], Loss: 1.1405 (Overall: 0.6724, Change: 1.9200), TF Ratio: 0.747
[2026-06-16 15:54:07,870][root][INFO] - Epoch [5/5], Batch [68/300], Loss: 1.1385 (Overall: 0.6731, Change: 1.3384), TF Ratio: 0.746
[2026-06-16 15:54:08,028][root][INFO] - Epoch [5/5], Batch [69/300], Loss: 1.1335 (Overall: 0.6204, Change: 0.9700), TF Ratio: 0.746
[2026-06-16 15:54:08,179][root][INFO] - Epoch [5/5], Batch [70/300], Loss: 1.1331 (Overall: 0.7658, Change: 1.4452), TF Ratio: 0.746
[2026-06-16 15:54:08,338][root][INFO] - Epoch [5/5], Batch [71/300], Loss: 1.1293 (Overall: 0.7004, Change: 1.0233), TF Ratio: 0.746
[2026-06-16 15:54:08,490][root][INFO] - Epoch [5/5], Batch [72/300], Loss: 1.1313 (Overall: 0.8691, Change: 1.6816), TF Ratio: 0.746
[2026-06-16 15:54:08,641][root][INFO] - Epoch [5/5], Batch [73/300], Loss: 1.1302 (Overall: 0.7648, Change: 1.3347), TF Ratio: 0.745
[2026-06-16 15:54:08,792][root][INFO] - Epoch [5/5], Batch [74/300], Loss: 1.1339 (Overall: 1.1359, Change: 1.6699), TF Ratio: 0.745
[2026-06-16 15:54:08,943][root][INFO] - Epoch [5/5], Batch [75/300], Loss: 1.1355 (Overall: 0.7270, Change: 1.7749), TF Ratio: 0.745
[2026-06-16 15:54:09,094][root][INFO] - Epoch [5/5], Batch [76/300], Loss: 1.1356 (Overall: 0.9056, Change: 1.3798), TF Ratio: 0.745
[2026-06-16 15:54:09,252][root][INFO] - Epoch [5/5], Batch [77/300], Loss: 1.1356 (Overall: 1.0170, Change: 1.2568), TF Ratio: 0.745
[2026-06-16 15:54:09,404][root][INFO] - Epoch [5/5], Batch [78/300], Loss: 1.1356 (Overall: 0.7686, Change: 1.5104), TF Ratio: 0.744
[2026-06-16 15:54:09,555][root][INFO] - Epoch [5/5], Batch [79/300], Loss: 1.1313 (Overall: 0.5180, Change: 1.0629), TF Ratio: 0.744
[2026-06-16 15:54:09,707][root][INFO] - Epoch [5/5], Batch [80/300], Loss: 1.1312 (Overall: 0.7496, Change: 1.4967), TF Ratio: 0.744
[2026-06-16 15:54:09,861][root][INFO] - Epoch [5/5], Batch [81/300], Loss: 1.1327 (Overall: 1.1062, Change: 1.4106), TF Ratio: 0.744
[2026-06-16 15:54:10,018][root][INFO] - Epoch [5/5], Batch [82/300], Loss: 1.1318 (Overall: 0.6008, Change: 1.5180), TF Ratio: 0.744
[2026-06-16 15:54:10,169][root][INFO] - Epoch [5/5], Batch [83/300], Loss: 1.1308 (Overall: 0.5729, Change: 1.5171), TF Ratio: 0.743
[2026-06-16 15:54:10,321][root][INFO] - Epoch [5/5], Batch [84/300], Loss: 1.1317 (Overall: 0.8926, Change: 1.5211), TF Ratio: 0.743
[2026-06-16 15:54:10,480][root][INFO] - Epoch [5/5], Batch [85/300], Loss: 1.1394 (Overall: 2.1622, Change: 1.4117), TF Ratio: 0.743
[2026-06-16 15:54:10,630][root][INFO] - Epoch [5/5], Batch [86/300], Loss: 1.1364 (Overall: 0.7088, Change: 1.0530), TF Ratio: 0.743
[2026-06-16 15:54:10,781][root][INFO] - Epoch [5/5], Batch [87/300], Loss: 1.1353 (Overall: 0.8412, Change: 1.2412), TF Ratio: 0.743
[2026-06-16 15:54:10,934][root][INFO] - Epoch [5/5], Batch [88/300], Loss: 1.1352 (Overall: 0.7435, Change: 1.5040), TF Ratio: 0.742
[2026-06-16 15:54:11,085][root][INFO] - Epoch [5/5], Batch [89/300], Loss: 1.1339 (Overall: 0.9015, Change: 1.1423), TF Ratio: 0.742
[2026-06-16 15:54:11,236][root][INFO] - Epoch [5/5], Batch [90/300], Loss: 1.1327 (Overall: 0.6409, Change: 1.4106), TF Ratio: 0.742
[2026-06-16 15:54:11,404][root][INFO] - Epoch [5/5], Batch [91/300], Loss: 1.1347 (Overall: 1.1520, Change: 1.4831), TF Ratio: 0.742
[2026-06-16 15:54:11,557][root][INFO] - Epoch [5/5], Batch [92/300], Loss: 1.1332 (Overall: 0.6610, Change: 1.3168), TF Ratio: 0.742
[2026-06-16 15:54:11,707][root][INFO] - Epoch [5/5], Batch [93/300], Loss: 1.1320 (Overall: 0.6868, Change: 1.3663), TF Ratio: 0.741
[2026-06-16 15:54:11,859][root][INFO] - Epoch [5/5], Batch [94/300], Loss: 1.1312 (Overall: 0.7557, Change: 1.3529), TF Ratio: 0.741
[2026-06-16 15:54:12,013][root][INFO] - Epoch [5/5], Batch [95/300], Loss: 1.1301 (Overall: 0.8126, Change: 1.2383), TF Ratio: 0.741
[2026-06-16 15:54:12,166][root][INFO] - Epoch [5/5], Batch [96/300], Loss: 1.1294 (Overall: 0.7746, Change: 1.3518), TF Ratio: 0.741
[2026-06-16 15:54:12,319][root][INFO] - Epoch [5/5], Batch [97/300], Loss: 1.1264 (Overall: 0.5619, Change: 1.1235), TF Ratio: 0.741
[2026-06-16 15:54:12,481][root][INFO] - Epoch [5/5], Batch [98/300], Loss: 1.1261 (Overall: 0.7914, Change: 1.3947), TF Ratio: 0.740
[2026-06-16 15:54:12,632][root][INFO] - Epoch [5/5], Batch [99/300], Loss: 1.1251 (Overall: 0.8737, Change: 1.1791), TF Ratio: 0.740
[2026-06-16 15:54:12,784][root][INFO] - Epoch [5/5], Batch [100/300], Loss: 1.1273 (Overall: 1.0099, Change: 1.6944), TF Ratio: 0.740
[2026-06-16 15:54:12,935][root][INFO] - Epoch [5/5], Batch [101/300], Loss: 1.1253 (Overall: 0.9299, Change: 0.9212), TF Ratio: 0.740
[2026-06-16 15:54:13,091][root][INFO] - Epoch [5/5], Batch [102/300], Loss: 1.1255 (Overall: 0.6303, Change: 1.6522), TF Ratio: 0.740
[2026-06-16 15:54:13,249][root][INFO] - Epoch [5/5], Batch [103/300], Loss: 1.1248 (Overall: 0.5558, Change: 1.5462), TF Ratio: 0.739
[2026-06-16 15:54:13,402][root][INFO] - Epoch [5/5], Batch [104/300], Loss: 1.1253 (Overall: 0.8360, Change: 1.5177), TF Ratio: 0.739
[2026-06-16 15:54:13,552][root][INFO] - Epoch [5/5], Batch [105/300], Loss: 1.1251 (Overall: 0.6000, Change: 1.6136), TF Ratio: 0.739
[2026-06-16 15:54:13,709][root][INFO] - Epoch [5/5], Batch [106/300], Loss: 1.1248 (Overall: 0.6644, Change: 1.5211), TF Ratio: 0.739
[2026-06-16 15:54:13,860][root][INFO] - Epoch [5/5], Batch [107/300], Loss: 1.1236 (Overall: 0.6594, Change: 1.3403), TF Ratio: 0.739
[2026-06-16 15:54:14,013][root][INFO] - Epoch [5/5], Batch [108/300], Loss: 1.1238 (Overall: 0.8362, Change: 1.4431), TF Ratio: 0.738
[2026-06-16 15:54:14,175][root][INFO] - Epoch [5/5], Batch [109/300], Loss: 1.1232 (Overall: 0.6039, Change: 1.5191), TF Ratio: 0.738
[2026-06-16 15:54:14,327][root][INFO] - Epoch [5/5], Batch [110/300], Loss: 1.1227 (Overall: 0.6473, Change: 1.4824), TF Ratio: 0.738
[2026-06-16 15:54:14,479][root][INFO] - Epoch [5/5], Batch [111/300], Loss: 1.1220 (Overall: 0.7305, Change: 1.3587), TF Ratio: 0.738
[2026-06-16 15:54:14,632][root][INFO] - Epoch [5/5], Batch [112/300], Loss: 1.1233 (Overall: 0.9807, Change: 1.5536), TF Ratio: 0.738
[2026-06-16 15:54:14,783][root][INFO] - Epoch [5/5], Batch [113/300], Loss: 1.1270 (Overall: 1.6476, Change: 1.4332), TF Ratio: 0.737
[2026-06-16 15:54:14,934][root][INFO] - Epoch [5/5], Batch [114/300], Loss: 1.1279 (Overall: 1.0637, Change: 1.4108), TF Ratio: 0.737
[2026-06-16 15:54:15,089][root][INFO] - Epoch [5/5], Batch [115/300], Loss: 1.1276 (Overall: 0.6016, Change: 1.5817), TF Ratio: 0.737
[2026-06-16 15:54:15,242][root][INFO] - Epoch [5/5], Batch [116/300], Loss: 1.1273 (Overall: 0.7925, Change: 1.3967), TF Ratio: 0.737
[2026-06-16 15:54:15,393][root][INFO] - Epoch [5/5], Batch [117/300], Loss: 1.1262 (Overall: 0.6370, Change: 1.3649), TF Ratio: 0.737
[2026-06-16 15:54:15,543][root][INFO] - Epoch [5/5], Batch [118/300], Loss: 1.1286 (Overall: 1.2310, Change: 1.5855), TF Ratio: 0.736
[2026-06-16 15:54:15,694][root][INFO] - Epoch [5/5], Batch [119/300], Loss: 1.1278 (Overall: 0.5007, Change: 1.5556), TF Ratio: 0.736
[2026-06-16 15:54:15,854][root][INFO] - Epoch [5/5], Batch [120/300], Loss: 1.1289 (Overall: 0.9333, Change: 1.5816), TF Ratio: 0.736
[2026-06-16 15:54:16,004][root][INFO] - Epoch [5/5], Batch [121/300], Loss: 1.1304 (Overall: 1.0559, Change: 1.5715), TF Ratio: 0.736
[2026-06-16 15:54:16,155][root][INFO] - Epoch [5/5], Batch [122/300], Loss: 1.1333 (Overall: 0.8979, Change: 2.0769), TF Ratio: 0.736
[2026-06-16 15:54:16,306][root][INFO] - Epoch [5/5], Batch [123/300], Loss: 1.1341 (Overall: 0.6138, Change: 1.8428), TF Ratio: 0.735
[2026-06-16 15:54:16,458][root][INFO] - Epoch [5/5], Batch [124/300], Loss: 1.1352 (Overall: 0.7682, Change: 1.7710), TF Ratio: 0.735
[2026-06-16 15:54:16,610][root][INFO] - Epoch [5/5], Batch [125/300], Loss: 1.1349 (Overall: 0.9179, Change: 1.2699), TF Ratio: 0.735
[2026-06-16 15:54:16,773][root][INFO] - Epoch [5/5], Batch [126/300], Loss: 1.1328 (Overall: 0.6274, Change: 1.1121), TF Ratio: 0.735
[2026-06-16 15:54:16,924][root][INFO] - Epoch [5/5], Batch [127/300], Loss: 1.1322 (Overall: 0.5277, Change: 1.5850), TF Ratio: 0.735
[2026-06-16 15:54:17,084][root][INFO] - Epoch [5/5], Batch [128/300], Loss: 1.1300 (Overall: 0.6549, Change: 1.0651), TF Ratio: 0.734
[2026-06-16 15:54:17,235][root][INFO] - Epoch [5/5], Batch [129/300], Loss: 1.1319 (Overall: 1.0443, Change: 1.6995), TF Ratio: 0.734
[2026-06-16 15:54:17,386][root][INFO] - Epoch [5/5], Batch [130/300], Loss: 1.1330 (Overall: 1.0268, Change: 1.5159), TF Ratio: 0.734
[2026-06-16 15:54:17,537][root][INFO] - Epoch [5/5], Batch [131/300], Loss: 1.1328 (Overall: 1.2987, Change: 0.9182), TF Ratio: 0.734
[2026-06-16 15:54:17,688][root][INFO] - Epoch [5/5], Batch [132/300], Loss: 1.1330 (Overall: 0.9050, Change: 1.4111), TF Ratio: 0.734
[2026-06-16 15:54:17,839][root][INFO] - Epoch [5/5], Batch [133/300], Loss: 1.1332 (Overall: 0.7303, Change: 1.5924), TF Ratio: 0.733
[2026-06-16 15:54:17,990][root][INFO] - Epoch [5/5], Batch [134/300], Loss: 1.1327 (Overall: 0.8166, Change: 1.3091), TF Ratio: 0.733
[2026-06-16 15:54:18,142][root][INFO] - Epoch [5/5], Batch [135/300], Loss: 1.1324 (Overall: 0.6261, Change: 1.5808), TF Ratio: 0.733
[2026-06-16 15:54:18,308][root][INFO] - Epoch [5/5], Batch [136/300], Loss: 1.1329 (Overall: 0.8411, Change: 1.5596), TF Ratio: 0.733
[2026-06-16 15:54:18,464][root][INFO] - Epoch [5/5], Batch [137/300], Loss: 1.1340 (Overall: 0.9568, Change: 1.5877), TF Ratio: 0.733
[2026-06-16 15:54:18,617][root][INFO] - Epoch [5/5], Batch [138/300], Loss: 1.1332 (Overall: 0.7949, Change: 1.2716), TF Ratio: 0.732
[2026-06-16 15:54:18,769][root][INFO] - Epoch [5/5], Batch [139/300], Loss: 1.1328 (Overall: 0.6229, Change: 1.5286), TF Ratio: 0.732
[2026-06-16 15:54:18,931][root][INFO] - Epoch [5/5], Batch [140/300], Loss: 1.1315 (Overall: 0.4496, Change: 1.4415), TF Ratio: 0.732
[2026-06-16 15:54:19,081][root][INFO] - Epoch [5/5], Batch [141/300], Loss: 1.1321 (Overall: 1.1312, Change: 1.3040), TF Ratio: 0.732
[2026-06-16 15:54:19,242][root][INFO] - Epoch [5/5], Batch [142/300], Loss: 1.1309 (Overall: 0.7556, Change: 1.1593), TF Ratio: 0.732
[2026-06-16 15:54:19,394][root][INFO] - Epoch [5/5], Batch [143/300], Loss: 1.1300 (Overall: 0.5347, Change: 1.4717), TF Ratio: 0.731
[2026-06-16 15:54:19,546][root][INFO] - Epoch [5/5], Batch [144/300], Loss: 1.1299 (Overall: 0.8513, Change: 1.3808), TF Ratio: 0.731
[2026-06-16 15:54:19,696][root][INFO] - Epoch [5/5], Batch [145/300], Loss: 1.1296 (Overall: 0.8101, Change: 1.3688), TF Ratio: 0.731
[2026-06-16 15:54:19,847][root][INFO] - Epoch [5/5], Batch [146/300], Loss: 1.1284 (Overall: 0.6451, Change: 1.2568), TF Ratio: 0.731
[2026-06-16 15:54:19,999][root][INFO] - Epoch [5/5], Batch [147/300], Loss: 1.1287 (Overall: 0.9203, Change: 1.4293), TF Ratio: 0.731
[2026-06-16 15:54:20,151][root][INFO] - Epoch [5/5], Batch [148/300], Loss: 1.1283 (Overall: 0.7459, Change: 1.4091), TF Ratio: 0.730
[2026-06-16 15:54:20,312][root][INFO] - Epoch [5/5], Batch [149/300], Loss: 1.1258 (Overall: 0.6654, Change: 0.8276), TF Ratio: 0.730
[2026-06-16 15:54:20,464][root][INFO] - Epoch [5/5], Batch [150/300], Loss: 1.1262 (Overall: 0.9647, Change: 1.4211), TF Ratio: 0.730
[2026-06-16 15:54:20,616][root][INFO] - Epoch [5/5], Batch [151/300], Loss: 1.1272 (Overall: 1.0722, Change: 1.4674), TF Ratio: 0.730
[2026-06-16 15:54:20,771][root][INFO] - Epoch [5/5], Batch [152/300], Loss: 1.1276 (Overall: 0.9194, Change: 1.4604), TF Ratio: 0.730
[2026-06-16 15:54:20,923][root][INFO] - Epoch [5/5], Batch [153/300], Loss: 1.1270 (Overall: 1.0183, Change: 1.0503), TF Ratio: 0.729
[2026-06-16 15:54:21,075][root][INFO] - Epoch [5/5], Batch [154/300], Loss: 1.1262 (Overall: 0.5332, Change: 1.4656), TF Ratio: 0.729
[2026-06-16 15:54:21,227][root][INFO] - Epoch [5/5], Batch [155/300], Loss: 1.1264 (Overall: 0.8127, Change: 1.5047), TF Ratio: 0.729
[2026-06-16 15:54:21,380][root][INFO] - Epoch [5/5], Batch [156/300], Loss: 1.1262 (Overall: 1.0250, Change: 1.1853), TF Ratio: 0.729
[2026-06-16 15:54:21,542][root][INFO] - Epoch [5/5], Batch [157/300], Loss: 1.1276 (Overall: 1.2217, Change: 1.4513), TF Ratio: 0.729
[2026-06-16 15:54:21,695][root][INFO] - Epoch [5/5], Batch [158/300], Loss: 1.1270 (Overall: 0.6742, Change: 1.3894), TF Ratio: 0.728
[2026-06-16 15:54:21,846][root][INFO] - Epoch [5/5], Batch [159/300], Loss: 1.1293 (Overall: 0.9449, Change: 2.0388), TF Ratio: 0.728
[2026-06-16 15:54:21,999][root][INFO] - Epoch [5/5], Batch [160/300], Loss: 1.1291 (Overall: 0.6381, Change: 1.5685), TF Ratio: 0.728
[2026-06-16 15:54:22,150][root][INFO] - Epoch [5/5], Batch [161/300], Loss: 1.1281 (Overall: 0.6462, Change: 1.3003), TF Ratio: 0.728
[2026-06-16 15:54:22,304][root][INFO] - Epoch [5/5], Batch [162/300], Loss: 1.1280 (Overall: 0.8232, Change: 1.3999), TF Ratio: 0.728
[2026-06-16 15:54:22,455][root][INFO] - Epoch [5/5], Batch [163/300], Loss: 1.1281 (Overall: 0.7834, Change: 1.4991), TF Ratio: 0.727
[2026-06-16 15:54:22,612][root][INFO] - Epoch [5/5], Batch [164/300], Loss: 1.1283 (Overall: 0.9303, Change: 1.3938), TF Ratio: 0.727
[2026-06-16 15:54:22,763][root][INFO] - Epoch [5/5], Batch [165/300], Loss: 1.1283 (Overall: 0.8397, Change: 1.4104), TF Ratio: 0.727
[2026-06-16 15:54:22,915][root][INFO] - Epoch [5/5], Batch [166/300], Loss: 1.1271 (Overall: 0.6759, Change: 1.1736), TF Ratio: 0.727
[2026-06-16 15:54:23,066][root][INFO] - Epoch [5/5], Batch [167/300], Loss: 1.1273 (Overall: 1.2603, Change: 1.0794), TF Ratio: 0.727
[2026-06-16 15:54:23,219][root][INFO] - Epoch [5/5], Batch [168/300], Loss: 1.1273 (Overall: 0.8172, Change: 1.4429), TF Ratio: 0.726
[2026-06-16 15:54:23,372][root][INFO] - Epoch [5/5], Batch [169/300], Loss: 1.1274 (Overall: 0.6804, Change: 1.6081), TF Ratio: 0.726
[2026-06-16 15:54:23,523][root][INFO] - Epoch [5/5], Batch [170/300], Loss: 1.1282 (Overall: 0.9785, Change: 1.5512), TF Ratio: 0.726
[2026-06-16 15:54:23,676][root][INFO] - Epoch [5/5], Batch [171/300], Loss: 1.1292 (Overall: 0.8613, Change: 1.7186), TF Ratio: 0.726
[2026-06-16 15:54:23,829][root][INFO] - Epoch [5/5], Batch [172/300], Loss: 1.1315 (Overall: 0.8854, Change: 2.1591), TF Ratio: 0.726
[2026-06-16 15:54:23,983][root][INFO] - Epoch [5/5], Batch [173/300], Loss: 1.1307 (Overall: 0.5327, Change: 1.4487), TF Ratio: 0.725
[2026-06-16 15:54:24,136][root][INFO] - Epoch [5/5], Batch [174/300], Loss: 1.1306 (Overall: 0.7042, Change: 1.5504), TF Ratio: 0.725
[2026-06-16 15:54:24,290][root][INFO] - Epoch [5/5], Batch [175/300], Loss: 1.1318 (Overall: 1.1937, Change: 1.4793), TF Ratio: 0.725
[2026-06-16 15:54:24,447][root][INFO] - Epoch [5/5], Batch [176/300], Loss: 1.1307 (Overall: 0.5322, Change: 1.3485), TF Ratio: 0.725
[2026-06-16 15:54:24,598][root][INFO] - Epoch [5/5], Batch [177/300], Loss: 1.1306 (Overall: 0.8192, Change: 1.4057), TF Ratio: 0.725
[2026-06-16 15:54:24,751][root][INFO] - Epoch [5/5], Batch [178/300], Loss: 1.1307 (Overall: 0.9269, Change: 1.3635), TF Ratio: 0.724
[2026-06-16 15:54:24,903][root][INFO] - Epoch [5/5], Batch [179/300], Loss: 1.1307 (Overall: 0.6563, Change: 1.6147), TF Ratio: 0.724
[2026-06-16 15:54:25,055][root][INFO] - Epoch [5/5], Batch [180/300], Loss: 1.1328 (Overall: 1.2414, Change: 1.7617), TF Ratio: 0.724
[2026-06-16 15:54:25,212][root][INFO] - Epoch [5/5], Batch [181/300], Loss: 1.1319 (Overall: 0.6371, Change: 1.3194), TF Ratio: 0.724
[2026-06-16 15:54:25,363][root][INFO] - Epoch [5/5], Batch [182/300], Loss: 1.1328 (Overall: 0.9274, Change: 1.6326), TF Ratio: 0.724
[2026-06-16 15:54:25,515][root][INFO] - Epoch [5/5], Batch [183/300], Loss: 1.1328 (Overall: 0.7589, Change: 1.5100), TF Ratio: 0.723
[2026-06-16 15:54:25,675][root][INFO] - Epoch [5/5], Batch [184/300], Loss: 1.1313 (Overall: 0.6320, Change: 1.1122), TF Ratio: 0.723
[2026-06-16 15:54:25,826][root][INFO] - Epoch [5/5], Batch [185/300], Loss: 1.1315 (Overall: 0.8995, Change: 1.4047), TF Ratio: 0.723
[2026-06-16 15:54:25,977][root][INFO] - Epoch [5/5], Batch [186/300], Loss: 1.1323 (Overall: 0.8972, Change: 1.6694), TF Ratio: 0.723
[2026-06-16 15:54:26,128][root][INFO] - Epoch [5/5], Batch [187/300], Loss: 1.1327 (Overall: 1.1320, Change: 1.2725), TF Ratio: 0.723
[2026-06-16 15:54:26,280][root][INFO] - Epoch [5/5], Batch [188/300], Loss: 1.1320 (Overall: 0.7012, Change: 1.3319), TF Ratio: 0.722
[2026-06-16 15:54:26,431][root][INFO] - Epoch [5/5], Batch [189/300], Loss: 1.1329 (Overall: 1.1014, Change: 1.4840), TF Ratio: 0.722
[2026-06-16 15:54:26,582][root][INFO] - Epoch [5/5], Batch [190/300], Loss: 1.1337 (Overall: 0.9571, Change: 1.6191), TF Ratio: 0.722
[2026-06-16 15:54:26,737][root][INFO] - Epoch [5/5], Batch [191/300], Loss: 1.1341 (Overall: 0.7987, Change: 1.6377), TF Ratio: 0.722
[2026-06-16 15:54:26,889][root][INFO] - Epoch [5/5], Batch [192/300], Loss: 1.1346 (Overall: 0.9640, Change: 1.4897), TF Ratio: 0.722
[2026-06-16 15:54:27,040][root][INFO] - Epoch [5/5], Batch [193/300], Loss: 1.1328 (Overall: 0.6316, Change: 0.9397), TF Ratio: 0.721
[2026-06-16 15:54:27,194][root][INFO] - Epoch [5/5], Batch [194/300], Loss: 1.1330 (Overall: 0.8813, Change: 1.4549), TF Ratio: 0.721
[2026-06-16 15:54:27,345][root][INFO] - Epoch [5/5], Batch [195/300], Loss: 1.1320 (Overall: 0.6622, Change: 1.2131), TF Ratio: 0.721
[2026-06-16 15:54:27,498][root][INFO] - Epoch [5/5], Batch [196/300], Loss: 1.1313 (Overall: 0.6997, Change: 1.2800), TF Ratio: 0.721
[2026-06-16 15:54:27,650][root][INFO] - Epoch [5/5], Batch [197/300], Loss: 1.1294 (Overall: 0.4307, Change: 1.1093), TF Ratio: 0.721
[2026-06-16 15:54:27,807][root][INFO] - Epoch [5/5], Batch [198/300], Loss: 1.1290 (Overall: 0.7936, Change: 1.3113), TF Ratio: 0.720
[2026-06-16 15:54:27,966][root][INFO] - Epoch [5/5], Batch [199/300], Loss: 1.1288 (Overall: 0.5554, Change: 1.5870), TF Ratio: 0.720
[2026-06-16 15:54:28,118][root][INFO] - Epoch [5/5], Batch [200/300], Loss: 1.1281 (Overall: 0.7146, Change: 1.2661), TF Ratio: 0.720
[2026-06-16 15:54:28,268][root][INFO] - Epoch [5/5], Batch [201/300], Loss: 1.1286 (Overall: 0.7564, Change: 1.6951), TF Ratio: 0.720
[2026-06-16 15:54:28,420][root][INFO] - Epoch [5/5], Batch [202/300], Loss: 1.1280 (Overall: 0.8912, Change: 1.1314), TF Ratio: 0.720
[2026-06-16 15:54:28,572][root][INFO] - Epoch [5/5], Batch [203/300], Loss: 1.1281 (Overall: 1.0067, Change: 1.2832), TF Ratio: 0.719
[2026-06-16 15:54:28,728][root][INFO] - Epoch [5/5], Batch [204/300], Loss: 1.1294 (Overall: 1.1149, Change: 1.6798), TF Ratio: 0.719
[2026-06-16 15:54:28,878][root][INFO] - Epoch [5/5], Batch [205/300], Loss: 1.1304 (Overall: 1.1298, Change: 1.5561), TF Ratio: 0.719
[2026-06-16 15:54:29,030][root][INFO] - Epoch [5/5], Batch [206/300], Loss: 1.1309 (Overall: 0.6586, Change: 1.8061), TF Ratio: 0.719
[2026-06-16 15:54:29,182][root][INFO] - Epoch [5/5], Batch [207/300], Loss: 1.1313 (Overall: 0.6586, Change: 1.7835), TF Ratio: 0.719
[2026-06-16 15:54:29,334][root][INFO] - Epoch [5/5], Batch [208/300], Loss: 1.1306 (Overall: 0.6523, Change: 1.2783), TF Ratio: 0.718
[2026-06-16 15:54:29,485][root][INFO] - Epoch [5/5], Batch [209/300], Loss: 1.1297 (Overall: 0.6490, Change: 1.2392), TF Ratio: 0.718
[2026-06-16 15:54:29,639][root][INFO] - Epoch [5/5], Batch [210/300], Loss: 1.1295 (Overall: 0.7562, Change: 1.4575), TF Ratio: 0.718
[2026-06-16 15:54:29,790][root][INFO] - Epoch [5/5], Batch [211/300], Loss: 1.1294 (Overall: 0.7245, Change: 1.4832), TF Ratio: 0.718
[2026-06-16 15:54:29,952][root][INFO] - Epoch [5/5], Batch [212/300], Loss: 1.1283 (Overall: 0.6577, Change: 1.1308), TF Ratio: 0.718
[2026-06-16 15:54:30,103][root][INFO] - Epoch [5/5], Batch [213/300], Loss: 1.1285 (Overall: 1.0613, Change: 1.2668), TF Ratio: 0.717
[2026-06-16 15:54:30,254][root][INFO] - Epoch [5/5], Batch [214/300], Loss: 1.1281 (Overall: 0.7683, Change: 1.3433), TF Ratio: 0.717
[2026-06-16 15:54:30,429][root][INFO] - Epoch [5/5], Batch [215/300], Loss: 1.1272 (Overall: 0.5578, Change: 1.2744), TF Ratio: 0.717
[2026-06-16 15:54:30,581][root][INFO] - Epoch [5/5], Batch [216/300], Loss: 1.1271 (Overall: 0.7695, Change: 1.4380), TF Ratio: 0.717
[2026-06-16 15:54:30,731][root][INFO] - Epoch [5/5], Batch [217/300], Loss: 1.1268 (Overall: 0.5978, Change: 1.5530), TF Ratio: 0.717
[2026-06-16 15:54:30,882][root][INFO] - Epoch [5/5], Batch [218/300], Loss: 1.1257 (Overall: 0.5417, Change: 1.2385), TF Ratio: 0.716
[2026-06-16 15:54:31,033][root][INFO] - Epoch [5/5], Batch [219/300], Loss: 1.1256 (Overall: 0.7375, Change: 1.4727), TF Ratio: 0.716
[2026-06-16 15:54:31,185][root][INFO] - Epoch [5/5], Batch [220/300], Loss: 1.1251 (Overall: 0.6200, Change: 1.3902), TF Ratio: 0.716
[2026-06-16 15:54:31,346][root][INFO] - Epoch [5/5], Batch [221/300], Loss: 1.1248 (Overall: 0.5831, Change: 1.5215), TF Ratio: 0.716
[2026-06-16 15:54:31,507][root][INFO] - Epoch [5/5], Batch [222/300], Loss: 1.1252 (Overall: 0.8889, Change: 1.5503), TF Ratio: 0.716
[2026-06-16 15:54:31,658][root][INFO] - Epoch [5/5], Batch [223/300], Loss: 1.1251 (Overall: 0.9247, Change: 1.2721), TF Ratio: 0.715
[2026-06-16 15:54:31,811][root][INFO] - Epoch [5/5], Batch [224/300], Loss: 1.1256 (Overall: 0.8070, Change: 1.6621), TF Ratio: 0.715
[2026-06-16 15:54:31,962][root][INFO] - Epoch [5/5], Batch [225/300], Loss: 1.1276 (Overall: 1.9114, Change: 1.2776), TF Ratio: 0.715
[2026-06-16 15:54:32,123][root][INFO] - Epoch [5/5], Batch [226/300], Loss: 1.1307 (Overall: 0.5304, Change: 3.1033), TF Ratio: 0.715
[2026-06-16 15:54:32,276][root][INFO] - Epoch [5/5], Batch [227/300], Loss: 1.1302 (Overall: 0.4195, Change: 1.6010), TF Ratio: 0.715
[2026-06-16 15:54:32,428][root][INFO] - Epoch [5/5], Batch [228/300], Loss: 1.1306 (Overall: 0.8212, Change: 1.6608), TF Ratio: 0.714
[2026-06-16 15:54:32,578][root][INFO] - Epoch [5/5], Batch [229/300], Loss: 1.1305 (Overall: 0.7335, Change: 1.4684), TF Ratio: 0.714
[2026-06-16 15:54:32,729][root][INFO] - Epoch [5/5], Batch [230/300], Loss: 1.1306 (Overall: 0.8508, Change: 1.4619), TF Ratio: 0.714
[2026-06-16 15:54:32,880][root][INFO] - Epoch [5/5], Batch [231/300], Loss: 1.1307 (Overall: 0.8615, Change: 1.4279), TF Ratio: 0.714
[2026-06-16 15:54:33,032][root][INFO] - Epoch [5/5], Batch [232/300], Loss: 1.1299 (Overall: 0.5544, Change: 1.3467), TF Ratio: 0.714
[2026-06-16 15:54:33,183][root][INFO] - Epoch [5/5], Batch [233/300], Loss: 1.1312 (Overall: 1.3209, Change: 1.5265), TF Ratio: 0.713
[2026-06-16 15:54:33,333][root][INFO] - Epoch [5/5], Batch [234/300], Loss: 1.1305 (Overall: 0.8643, Change: 1.1022), TF Ratio: 0.713
[2026-06-16 15:54:33,484][root][INFO] - Epoch [5/5], Batch [235/300], Loss: 1.1308 (Overall: 0.8154, Change: 1.5573), TF Ratio: 0.713
[2026-06-16 15:54:33,637][root][INFO] - Epoch [5/5], Batch [236/300], Loss: 1.1300 (Overall: 0.6484, Change: 1.2304), TF Ratio: 0.713
[2026-06-16 15:54:33,787][root][INFO] - Epoch [5/5], Batch [237/300], Loss: 1.1307 (Overall: 1.0694, Change: 1.5172), TF Ratio: 0.713
[2026-06-16 15:54:33,939][root][INFO] - Epoch [5/5], Batch [238/300], Loss: 1.1332 (Overall: 0.9236, Change: 2.5645), TF Ratio: 0.712
[2026-06-16 15:54:34,090][root][INFO] - Epoch [5/5], Batch [239/300], Loss: 1.1331 (Overall: 0.6798, Change: 1.5069), TF Ratio: 0.712
[2026-06-16 15:54:34,242][root][INFO] - Epoch [5/5], Batch [240/300], Loss: 1.1329 (Overall: 0.8717, Change: 1.3189), TF Ratio: 0.712
[2026-06-16 15:54:34,411][root][INFO] - Epoch [5/5], Batch [241/300], Loss: 1.1331 (Overall: 1.0312, Change: 1.3219), TF Ratio: 0.712
[2026-06-16 15:54:34,564][root][INFO] - Epoch [5/5], Batch [242/300], Loss: 1.1325 (Overall: 0.6711, Change: 1.3221), TF Ratio: 0.712
[2026-06-16 15:54:34,715][root][INFO] - Epoch [5/5], Batch [243/300], Loss: 1.1325 (Overall: 0.5825, Change: 1.6512), TF Ratio: 0.711
[2026-06-16 15:54:34,868][root][INFO] - Epoch [5/5], Batch [244/300], Loss: 1.1325 (Overall: 0.6904, Change: 1.6064), TF Ratio: 0.711
[2026-06-16 15:54:35,033][root][INFO] - Epoch [5/5], Batch [245/300], Loss: 1.1325 (Overall: 0.8295, Change: 1.4235), TF Ratio: 0.711
[2026-06-16 15:54:35,184][root][INFO] - Epoch [5/5], Batch [246/300], Loss: 1.1324 (Overall: 0.6344, Change: 1.5774), TF Ratio: 0.711
[2026-06-16 15:54:35,356][root][INFO] - Epoch [5/5], Batch [247/300], Loss: 1.1324 (Overall: 0.8731, Change: 1.4102), TF Ratio: 0.711
[2026-06-16 15:54:35,508][root][INFO] - Epoch [5/5], Batch [248/300], Loss: 1.1316 (Overall: 0.5892, Change: 1.2399), TF Ratio: 0.710
[2026-06-16 15:54:35,669][root][INFO] - Epoch [5/5], Batch [249/300], Loss: 1.1311 (Overall: 0.6193, Change: 1.4216), TF Ratio: 0.710
[2026-06-16 15:54:35,820][root][INFO] - Epoch [5/5], Batch [250/300], Loss: 1.1305 (Overall: 0.5095, Change: 1.4574), TF Ratio: 0.710
[2026-06-16 15:54:35,976][root][INFO] - Epoch [5/5], Batch [251/300], Loss: 1.1308 (Overall: 0.7631, Change: 1.6417), TF Ratio: 0.710
[2026-06-16 15:54:36,133][root][INFO] - Epoch [5/5], Batch [252/300], Loss: 1.1307 (Overall: 0.8619, Change: 1.3378), TF Ratio: 0.710
[2026-06-16 15:54:36,284][root][INFO] - Epoch [5/5], Batch [253/300], Loss: 1.1310 (Overall: 0.7467, Change: 1.6703), TF Ratio: 0.709
[2026-06-16 15:54:36,443][root][INFO] - Epoch [5/5], Batch [254/300], Loss: 1.1306 (Overall: 0.6835, Change: 1.3750), TF Ratio: 0.709
[2026-06-16 15:54:36,595][root][INFO] - Epoch [5/5], Batch [255/300], Loss: 1.1300 (Overall: 0.8047, Change: 1.1757), TF Ratio: 0.709
[2026-06-16 15:54:36,747][root][INFO] - Epoch [5/5], Batch [256/300], Loss: 1.1298 (Overall: 0.6204, Change: 1.4955), TF Ratio: 0.709
[2026-06-16 15:54:36,906][root][INFO] - Epoch [5/5], Batch [257/300], Loss: 1.1293 (Overall: 0.8385, Change: 1.1971), TF Ratio: 0.709
[2026-06-16 15:54:37,059][root][INFO] - Epoch [5/5], Batch [258/300], Loss: 1.1294 (Overall: 0.8480, Change: 1.4314), TF Ratio: 0.708
[2026-06-16 15:54:37,211][root][INFO] - Epoch [5/5], Batch [259/300], Loss: 1.1300 (Overall: 1.0603, Change: 1.5133), TF Ratio: 0.708
[2026-06-16 15:54:37,364][root][INFO] - Epoch [5/5], Batch [260/300], Loss: 1.1298 (Overall: 0.6638, Change: 1.5194), TF Ratio: 0.708
[2026-06-16 15:54:37,515][root][INFO] - Epoch [5/5], Batch [261/300], Loss: 1.1293 (Overall: 0.5417, Change: 1.4534), TF Ratio: 0.708
[2026-06-16 15:54:37,667][root][INFO] - Epoch [5/5], Batch [262/300], Loss: 1.1289 (Overall: 0.7559, Change: 1.2912), TF Ratio: 0.708
[2026-06-16 15:54:37,827][root][INFO] - Epoch [5/5], Batch [263/300], Loss: 1.1279 (Overall: 0.6898, Change: 1.0583), TF Ratio: 0.707
[2026-06-16 15:54:37,984][root][INFO] - Epoch [5/5], Batch [264/300], Loss: 1.1275 (Overall: 0.6309, Change: 1.4062), TF Ratio: 0.707
[2026-06-16 15:54:38,134][root][INFO] - Epoch [5/5], Batch [265/300], Loss: 1.1264 (Overall: 0.6943, Change: 0.9594), TF Ratio: 0.707
[2026-06-16 15:54:38,285][root][INFO] - Epoch [5/5], Batch [266/300], Loss: 1.1261 (Overall: 0.6537, Change: 1.4247), TF Ratio: 0.707
[2026-06-16 15:54:38,436][root][INFO] - Epoch [5/5], Batch [267/300], Loss: 1.1265 (Overall: 0.7876, Change: 1.6791), TF Ratio: 0.707
[2026-06-16 15:54:38,588][root][INFO] - Epoch [5/5], Batch [268/300], Loss: 1.1261 (Overall: 0.6539, Change: 1.4000), TF Ratio: 0.706
[2026-06-16 15:54:38,738][root][INFO] - Epoch [5/5], Batch [269/300], Loss: 1.1261 (Overall: 0.8365, Change: 1.4437), TF Ratio: 0.706
[2026-06-16 15:54:38,889][root][INFO] - Epoch [5/5], Batch [270/300], Loss: 1.1262 (Overall: 0.8059, Change: 1.4589), TF Ratio: 0.706
[2026-06-16 15:54:39,041][root][INFO] - Epoch [5/5], Batch [271/300], Loss: 1.1270 (Overall: 0.9883, Change: 1.7163), TF Ratio: 0.706
[2026-06-16 15:54:39,193][root][INFO] - Epoch [5/5], Batch [272/300], Loss: 1.1268 (Overall: 0.6919, Change: 1.4567), TF Ratio: 0.706
[2026-06-16 15:54:39,344][root][INFO] - Epoch [5/5], Batch [273/300], Loss: 1.1268 (Overall: 0.7328, Change: 1.5308), TF Ratio: 0.705
[2026-06-16 15:54:39,494][root][INFO] - Epoch [5/5], Batch [274/300], Loss: 1.1266 (Overall: 0.7085, Change: 1.3959), TF Ratio: 0.705
[2026-06-16 15:54:39,646][root][INFO] - Epoch [5/5], Batch [275/300], Loss: 1.1264 (Overall: 0.6333, Change: 1.5246), TF Ratio: 0.705
[2026-06-16 15:54:39,798][root][INFO] - Epoch [5/5], Batch [276/300], Loss: 1.1268 (Overall: 0.9257, Change: 1.5745), TF Ratio: 0.705
[2026-06-16 15:54:39,948][root][INFO] - Epoch [5/5], Batch [277/300], Loss: 1.1270 (Overall: 0.9327, Change: 1.4043), TF Ratio: 0.705
[2026-06-16 15:54:40,099][root][INFO] - Epoch [5/5], Batch [278/300], Loss: 1.1267 (Overall: 0.9117, Change: 1.1967), TF Ratio: 0.704
[2026-06-16 15:54:40,250][root][INFO] - Epoch [5/5], Batch [279/300], Loss: 1.1260 (Overall: 0.6039, Change: 1.2382), TF Ratio: 0.704
[2026-06-16 15:54:40,408][root][INFO] - Epoch [5/5], Batch [280/300], Loss: 1.1263 (Overall: 0.9541, Change: 1.4688), TF Ratio: 0.704
[2026-06-16 15:54:40,558][root][INFO] - Epoch [5/5], Batch [281/300], Loss: 1.1261 (Overall: 0.7577, Change: 1.4018), TF Ratio: 0.704
[2026-06-16 15:54:40,709][root][INFO] - Epoch [5/5], Batch [282/300], Loss: 1.1264 (Overall: 0.5992, Change: 1.8062), TF Ratio: 0.704
[2026-06-16 15:54:40,860][root][INFO] - Epoch [5/5], Batch [283/300], Loss: 1.1262 (Overall: 0.5171, Change: 1.6342), TF Ratio: 0.703
[2026-06-16 15:54:41,012][root][INFO] - Epoch [5/5], Batch [284/300], Loss: 1.1262 (Overall: 0.7636, Change: 1.4806), TF Ratio: 0.703
[2026-06-16 15:54:41,162][root][INFO] - Epoch [5/5], Batch [285/300], Loss: 1.1282 (Overall: 1.6218, Change: 1.7855), TF Ratio: 0.703
[2026-06-16 15:54:41,312][root][INFO] - Epoch [5/5], Batch [286/300], Loss: 1.1286 (Overall: 1.0245, Change: 1.4542), TF Ratio: 0.703
[2026-06-16 15:54:41,469][root][INFO] - Epoch [5/5], Batch [287/300], Loss: 1.1283 (Overall: 0.5713, Change: 1.5234), TF Ratio: 0.703
[2026-06-16 15:54:41,622][root][INFO] - Epoch [5/5], Batch [288/300], Loss: 1.1283 (Overall: 0.6804, Change: 1.5339), TF Ratio: 0.702
[2026-06-16 15:54:41,773][root][INFO] - Epoch [5/5], Batch [289/300], Loss: 1.1279 (Overall: 0.7038, Change: 1.3614), TF Ratio: 0.702
[2026-06-16 15:54:41,925][root][INFO] - Epoch [5/5], Batch [290/300], Loss: 1.1284 (Overall: 0.8623, Change: 1.6697), TF Ratio: 0.702
[2026-06-16 15:54:42,084][root][INFO] - Epoch [5/5], Batch [291/300], Loss: 1.1295 (Overall: 1.5304, Change: 1.3745), TF Ratio: 0.702
[2026-06-16 15:54:42,237][root][INFO] - Epoch [5/5], Batch [292/300], Loss: 1.1292 (Overall: 0.6848, Change: 1.3704), TF Ratio: 0.702
[2026-06-16 15:54:42,388][root][INFO] - Epoch [5/5], Batch [293/300], Loss: 1.1307 (Overall: 0.7608, Change: 2.3997), TF Ratio: 0.701
[2026-06-16 15:54:42,540][root][INFO] - Epoch [5/5], Batch [294/300], Loss: 1.1304 (Overall: 0.9578, Change: 1.1379), TF Ratio: 0.701
[2026-06-16 15:54:42,692][root][INFO] - Epoch [5/5], Batch [295/300], Loss: 1.1304 (Overall: 0.7720, Change: 1.4918), TF Ratio: 0.701
[2026-06-16 15:54:42,847][root][INFO] - Epoch [5/5], Batch [296/300], Loss: 1.1313 (Overall: 0.8571, Change: 1.9353), TF Ratio: 0.701
[2026-06-16 15:54:42,998][root][INFO] - Epoch [5/5], Batch [297/300], Loss: 1.1308 (Overall: 0.7378, Change: 1.2337), TF Ratio: 0.701
[2026-06-16 15:54:43,161][root][INFO] - Epoch [5/5], Batch [298/300], Loss: 1.1309 (Overall: 0.8771, Change: 1.4104), TF Ratio: 0.700
[2026-06-16 15:54:43,312][root][INFO] - Epoch [5/5], Batch [299/300], Loss: 1.1308 (Overall: 0.8721, Change: 1.3193), TF Ratio: 0.700
[2026-06-16 15:54:43,465][root][INFO] - Epoch [5/5], Batch [300/300], Loss: 1.1314 (Overall: 0.7921, Change: 1.8262), TF Ratio: 0.700
[2026-06-16 15:54:44,385][root][INFO] - Epoch 5 done. Validating...
[2026-06-16 15:54:48,229][root][INFO] - Epoch [5/5] | Train: 1.1314 | Val: 0.5976
[2026-06-16 15:54:48,417][root][INFO] - Checkpoint saved: /gpfs/scratch/bsc32/bsc096444/ai4land-tfm/trained_models/unet_impl/41825186/best_model.pth
[2026-06-16 15:54:48,593][root][INFO] - Checkpoint saved: /gpfs/scratch/bsc32/bsc096444/ai4land-tfm/trained_models/unet_impl/41825186/model_epoch_5.pth
[2026-06-16 15:54:48,927][root][INFO] - Training complete.
