[2026-06-15 06:54:02,710][root][INFO] - Recurrent UNet Model Successfully Configured and Initialized.
[2026-06-15 06:54:02,733][root][INFO] - Starting from scratch (no valid checkpoint provided).
[2026-06-15 06:54:03,214][root][INFO] - Train: 4480000 samples, Val: 640000 samples
[2026-06-15 06:54:29,507][root][INFO] - Starting training from epoch 1
[2026-06-15 06:54:42,281][root][INFO] - Epoch [1/5], Batch [1/300], Loss: 2.1932 (Overall: 2.2894, Change: 2.0969), TF Ratio: 1.000
[2026-06-15 06:54:42,456][root][INFO] - Epoch [1/5], Batch [2/300], Loss: 2.3546 (Overall: 2.3493, Change: 2.6829), TF Ratio: 1.000
[2026-06-15 06:54:42,662][root][INFO] - Epoch [1/5], Batch [3/300], Loss: 2.3039 (Overall: 2.2386, Change: 2.1663), TF Ratio: 0.999
[2026-06-15 06:54:43,161][root][INFO] - Epoch [1/5], Batch [4/300], Loss: 2.2950 (Overall: 2.2915, Change: 2.2452), TF Ratio: 0.999
[2026-06-15 06:54:43,344][root][INFO] - Epoch [1/5], Batch [5/300], Loss: 2.2846 (Overall: 2.0654, Change: 2.4206), TF Ratio: 0.999
[2026-06-15 06:54:43,517][root][INFO] - Epoch [1/5], Batch [6/300], Loss: 2.2527 (Overall: 1.9946, Change: 2.1911), TF Ratio: 0.999
[2026-06-15 06:54:43,696][root][INFO] - Epoch [1/5], Batch [7/300], Loss: 2.2263 (Overall: 1.9883, Change: 2.1483), TF Ratio: 0.999
[2026-06-15 06:54:43,963][root][INFO] - Epoch [1/5], Batch [8/300], Loss: 2.1996 (Overall: 1.9633, Change: 2.0626), TF Ratio: 0.998
[2026-06-15 06:54:44,187][root][INFO] - Epoch [1/5], Batch [9/300], Loss: 2.1724 (Overall: 1.8359, Change: 2.0733), TF Ratio: 0.998
[2026-06-15 06:54:44,346][root][INFO] - Epoch [1/5], Batch [10/300], Loss: 2.1389 (Overall: 1.7587, Change: 1.9154), TF Ratio: 0.998
[2026-06-15 06:54:44,504][root][INFO] - Epoch [1/5], Batch [11/300], Loss: 2.1202 (Overall: 1.7655, Change: 2.1013), TF Ratio: 0.998
[2026-06-15 06:54:44,759][root][INFO] - Epoch [1/5], Batch [12/300], Loss: 2.1156 (Overall: 2.0434, Change: 2.0860), TF Ratio: 0.998
[2026-06-15 06:54:44,942][root][INFO] - Epoch [1/5], Batch [13/300], Loss: 2.1004 (Overall: 1.7841, Change: 2.0530), TF Ratio: 0.997
[2026-06-15 06:54:45,098][root][INFO] - Epoch [1/5], Batch [14/300], Loss: 2.0772 (Overall: 1.7202, Change: 1.8311), TF Ratio: 0.997
[2026-06-15 06:54:45,290][root][INFO] - Epoch [1/5], Batch [15/300], Loss: 2.0556 (Overall: 1.6237, Change: 1.8817), TF Ratio: 0.997
[2026-06-15 06:54:45,471][root][INFO] - Epoch [1/5], Batch [16/300], Loss: 2.0072 (Overall: 1.4032, Change: 1.1603), TF Ratio: 0.997
[2026-06-15 06:54:45,626][root][INFO] - Epoch [1/5], Batch [17/300], Loss: 1.9911 (Overall: 1.5620, Change: 1.9052), TF Ratio: 0.997
[2026-06-15 06:54:45,781][root][INFO] - Epoch [1/5], Batch [18/300], Loss: 1.9864 (Overall: 1.7991, Change: 2.0120), TF Ratio: 0.996
[2026-06-15 06:54:45,935][root][INFO] - Epoch [1/5], Batch [19/300], Loss: 1.9740 (Overall: 1.4771, Change: 2.0270), TF Ratio: 0.996
[2026-06-15 06:54:46,140][root][INFO] - Epoch [1/5], Batch [20/300], Loss: 1.9624 (Overall: 1.5072, Change: 1.9770), TF Ratio: 0.996
[2026-06-15 06:54:46,714][root][INFO] - Epoch [1/5], Batch [21/300], Loss: 1.9556 (Overall: 1.5260, Change: 2.1114), TF Ratio: 0.996
[2026-06-15 06:54:46,865][root][INFO] - Epoch [1/5], Batch [22/300], Loss: 1.9434 (Overall: 1.4163, Change: 1.9599), TF Ratio: 0.996
[2026-06-15 06:54:47,017][root][INFO] - Epoch [1/5], Batch [23/300], Loss: 1.9311 (Overall: 1.5729, Change: 1.7479), TF Ratio: 0.995
[2026-06-15 06:54:47,186][root][INFO] - Epoch [1/5], Batch [24/300], Loss: 1.9241 (Overall: 1.4729, Change: 2.0503), TF Ratio: 0.995
[2026-06-15 06:54:47,338][root][INFO] - Epoch [1/5], Batch [25/300], Loss: 1.9157 (Overall: 1.3481, Change: 2.0797), TF Ratio: 0.995
[2026-06-15 06:54:47,490][root][INFO] - Epoch [1/5], Batch [26/300], Loss: 1.9065 (Overall: 1.3582, Change: 1.9948), TF Ratio: 0.995
[2026-06-15 06:54:47,642][root][INFO] - Epoch [1/5], Batch [27/300], Loss: 1.8879 (Overall: 1.3249, Change: 1.4830), TF Ratio: 0.995
[2026-06-15 06:54:47,860][root][INFO] - Epoch [1/5], Batch [28/300], Loss: 1.8764 (Overall: 1.3191, Change: 1.8125), TF Ratio: 0.994
[2026-06-15 06:54:48,015][root][INFO] - Epoch [1/5], Batch [29/300], Loss: 1.8682 (Overall: 1.3108, Change: 1.9696), TF Ratio: 0.994
[2026-06-15 06:54:48,167][root][INFO] - Epoch [1/5], Batch [30/300], Loss: 1.8718 (Overall: 1.6336, Change: 2.3158), TF Ratio: 0.994
[2026-06-15 06:54:48,324][root][INFO] - Epoch [1/5], Batch [31/300], Loss: 1.8613 (Overall: 1.3021, Change: 1.7940), TF Ratio: 0.994
[2026-06-15 06:54:48,533][root][INFO] - Epoch [1/5], Batch [32/300], Loss: 1.8604 (Overall: 1.5679, Change: 2.0955), TF Ratio: 0.994
[2026-06-15 06:54:48,689][root][INFO] - Epoch [1/5], Batch [33/300], Loss: 1.8531 (Overall: 1.3307, Change: 1.9069), TF Ratio: 0.993
[2026-06-15 06:54:48,843][root][INFO] - Epoch [1/5], Batch [34/300], Loss: 1.8450 (Overall: 1.3706, Change: 1.7838), TF Ratio: 0.993
[2026-06-15 06:54:48,998][root][INFO] - Epoch [1/5], Batch [35/300], Loss: 1.8368 (Overall: 1.4444, Change: 1.6767), TF Ratio: 0.993
[2026-06-15 06:54:49,213][root][INFO] - Epoch [1/5], Batch [36/300], Loss: 1.8274 (Overall: 1.2698, Change: 1.7251), TF Ratio: 0.993
[2026-06-15 06:54:49,369][root][INFO] - Epoch [1/5], Batch [37/300], Loss: 1.8254 (Overall: 1.6086, Change: 1.8948), TF Ratio: 0.993
[2026-06-15 06:54:49,522][root][INFO] - Epoch [1/5], Batch [38/300], Loss: 1.8162 (Overall: 1.2018, Change: 1.7546), TF Ratio: 0.992
[2026-06-15 06:54:49,676][root][INFO] - Epoch [1/5], Batch [39/300], Loss: 1.8128 (Overall: 1.8884, Change: 1.4789), TF Ratio: 0.992
[2026-06-15 06:54:49,895][root][INFO] - Epoch [1/5], Batch [40/300], Loss: 1.8091 (Overall: 1.4716, Change: 1.8582), TF Ratio: 0.992
[2026-06-15 06:54:50,049][root][INFO] - Epoch [1/5], Batch [41/300], Loss: 1.8087 (Overall: 1.5808, Change: 2.0001), TF Ratio: 0.992
[2026-06-15 06:54:50,206][root][INFO] - Epoch [1/5], Batch [42/300], Loss: 1.8058 (Overall: 1.2130, Change: 2.1662), TF Ratio: 0.992
[2026-06-15 06:54:50,365][root][INFO] - Epoch [1/5], Batch [43/300], Loss: 1.8066 (Overall: 1.5653, Change: 2.1118), TF Ratio: 0.991
[2026-06-15 06:54:50,553][root][INFO] - Epoch [1/5], Batch [44/300], Loss: 1.8042 (Overall: 1.4870, Change: 1.9152), TF Ratio: 0.991
[2026-06-15 06:54:50,706][root][INFO] - Epoch [1/5], Batch [45/300], Loss: 1.8014 (Overall: 1.4512, Change: 1.9026), TF Ratio: 0.991
[2026-06-15 06:54:50,857][root][INFO] - Epoch [1/5], Batch [46/300], Loss: 1.7985 (Overall: 1.6078, Change: 1.7311), TF Ratio: 0.991
[2026-06-15 06:54:51,009][root][INFO] - Epoch [1/5], Batch [47/300], Loss: 1.7950 (Overall: 1.2531, Change: 2.0153), TF Ratio: 0.991
[2026-06-15 06:54:51,196][root][INFO] - Epoch [1/5], Batch [48/300], Loss: 1.7978 (Overall: 1.4684, Change: 2.3863), TF Ratio: 0.990
[2026-06-15 06:54:51,348][root][INFO] - Epoch [1/5], Batch [49/300], Loss: 1.7941 (Overall: 1.3916, Change: 1.8480), TF Ratio: 0.990
[2026-06-15 06:54:51,499][root][INFO] - Epoch [1/5], Batch [50/300], Loss: 1.7895 (Overall: 1.2626, Change: 1.8628), TF Ratio: 0.990
[2026-06-15 06:54:51,654][root][INFO] - Epoch [1/5], Batch [51/300], Loss: 1.7857 (Overall: 1.4086, Change: 1.7774), TF Ratio: 0.990
[2026-06-15 06:54:51,841][root][INFO] - Epoch [1/5], Batch [52/300], Loss: 1.7846 (Overall: 1.3266, Change: 2.1367), TF Ratio: 0.990
[2026-06-15 06:54:51,998][root][INFO] - Epoch [1/5], Batch [53/300], Loss: 1.7723 (Overall: 1.0822, Change: 1.1815), TF Ratio: 0.989
[2026-06-15 06:54:52,152][root][INFO] - Epoch [1/5], Batch [54/300], Loss: 1.7718 (Overall: 1.2777, Change: 2.2146), TF Ratio: 0.989
[2026-06-15 06:54:52,309][root][INFO] - Epoch [1/5], Batch [55/300], Loss: 1.7647 (Overall: 1.1022, Change: 1.6585), TF Ratio: 0.989
[2026-06-15 06:54:52,513][root][INFO] - Epoch [1/5], Batch [56/300], Loss: 1.7638 (Overall: 1.3038, Change: 2.1258), TF Ratio: 0.989
[2026-06-15 06:54:52,675][root][INFO] - Epoch [1/5], Batch [57/300], Loss: 1.7561 (Overall: 1.0749, Change: 1.5758), TF Ratio: 0.989
[2026-06-15 06:54:52,836][root][INFO] - Epoch [1/5], Batch [58/300], Loss: 1.7525 (Overall: 1.6034, Change: 1.4929), TF Ratio: 0.988
[2026-06-15 06:54:52,990][root][INFO] - Epoch [1/5], Batch [59/300], Loss: 1.7504 (Overall: 1.3214, Change: 1.9338), TF Ratio: 0.988
[2026-06-15 06:54:53,156][root][INFO] - Epoch [1/5], Batch [60/300], Loss: 1.7478 (Overall: 1.1968, Change: 1.9853), TF Ratio: 0.988
[2026-06-15 06:54:53,317][root][INFO] - Epoch [1/5], Batch [61/300], Loss: 1.7449 (Overall: 1.2842, Change: 1.8617), TF Ratio: 0.988
[2026-06-15 06:54:53,469][root][INFO] - Epoch [1/5], Batch [62/300], Loss: 1.7423 (Overall: 1.2501, Change: 1.9129), TF Ratio: 0.988
[2026-06-15 06:54:53,622][root][INFO] - Epoch [1/5], Batch [63/300], Loss: 1.7368 (Overall: 1.1619, Change: 1.6316), TF Ratio: 0.987
[2026-06-15 06:54:53,912][root][INFO] - Epoch [1/5], Batch [64/300], Loss: 1.7345 (Overall: 1.2282, Change: 1.9498), TF Ratio: 0.987
[2026-06-15 06:54:54,068][root][INFO] - Epoch [1/5], Batch [65/300], Loss: 1.7287 (Overall: 1.0177, Change: 1.7076), TF Ratio: 0.987
[2026-06-15 06:54:54,236][root][INFO] - Epoch [1/5], Batch [66/300], Loss: 1.7271 (Overall: 1.3854, Change: 1.8568), TF Ratio: 0.987
[2026-06-15 06:54:54,397][root][INFO] - Epoch [1/5], Batch [67/300], Loss: 1.7263 (Overall: 1.3457, Change: 2.0000), TF Ratio: 0.987
[2026-06-15 06:54:54,587][root][INFO] - Epoch [1/5], Batch [68/300], Loss: 1.7212 (Overall: 1.1510, Change: 1.6098), TF Ratio: 0.986
[2026-06-15 06:54:54,741][root][INFO] - Epoch [1/5], Batch [69/300], Loss: 1.7199 (Overall: 1.2343, Change: 2.0255), TF Ratio: 0.986
[2026-06-15 06:54:54,895][root][INFO] - Epoch [1/5], Batch [70/300], Loss: 1.7178 (Overall: 1.2434, Change: 1.9054), TF Ratio: 0.986
[2026-06-15 06:54:55,053][root][INFO] - Epoch [1/5], Batch [71/300], Loss: 1.7181 (Overall: 1.4045, Change: 2.0741), TF Ratio: 0.986
[2026-06-15 06:54:55,218][root][INFO] - Epoch [1/5], Batch [72/300], Loss: 1.7186 (Overall: 1.6038, Change: 1.9003), TF Ratio: 0.986
[2026-06-15 06:54:55,370][root][INFO] - Epoch [1/5], Batch [73/300], Loss: 1.7139 (Overall: 1.1920, Change: 1.5615), TF Ratio: 0.985
[2026-06-15 06:54:55,522][root][INFO] - Epoch [1/5], Batch [74/300], Loss: 1.7093 (Overall: 1.1189, Change: 1.6337), TF Ratio: 0.985
[2026-06-15 06:54:55,676][root][INFO] - Epoch [1/5], Batch [75/300], Loss: 1.7063 (Overall: 1.2154, Change: 1.7486), TF Ratio: 0.985
[2026-06-15 06:54:55,849][root][INFO] - Epoch [1/5], Batch [76/300], Loss: 1.7041 (Overall: 1.0189, Change: 2.0603), TF Ratio: 0.985
[2026-06-15 06:54:56,003][root][INFO] - Epoch [1/5], Batch [77/300], Loss: 1.7014 (Overall: 1.3474, Change: 1.6390), TF Ratio: 0.985
[2026-06-15 06:54:56,160][root][INFO] - Epoch [1/5], Batch [78/300], Loss: 1.6982 (Overall: 1.1454, Change: 1.7675), TF Ratio: 0.984
[2026-06-15 06:54:56,316][root][INFO] - Epoch [1/5], Batch [79/300], Loss: 1.6899 (Overall: 1.0917, Change: 0.9928), TF Ratio: 0.984
[2026-06-15 06:54:56,518][root][INFO] - Epoch [1/5], Batch [80/300], Loss: 1.6852 (Overall: 1.6739, Change: 0.9445), TF Ratio: 0.984
[2026-06-15 06:54:56,674][root][INFO] - Epoch [1/5], Batch [81/300], Loss: 1.6820 (Overall: 1.0473, Change: 1.8018), TF Ratio: 0.984
[2026-06-15 06:54:56,828][root][INFO] - Epoch [1/5], Batch [82/300], Loss: 1.6761 (Overall: 1.0961, Change: 1.3044), TF Ratio: 0.984
[2026-06-15 06:54:56,988][root][INFO] - Epoch [1/5], Batch [83/300], Loss: 1.6742 (Overall: 1.3055, Change: 1.7371), TF Ratio: 0.983
[2026-06-15 06:54:58,354][root][INFO] - Epoch [1/5], Batch [84/300], Loss: 1.6710 (Overall: 1.2729, Change: 1.5390), TF Ratio: 0.983
[2026-06-15 06:54:58,512][root][INFO] - Epoch [1/5], Batch [85/300], Loss: 1.6682 (Overall: 1.1760, Change: 1.6872), TF Ratio: 0.983
[2026-06-15 06:54:58,667][root][INFO] - Epoch [1/5], Batch [86/300], Loss: 1.6656 (Overall: 1.1256, Change: 1.7689), TF Ratio: 0.983
[2026-06-15 06:54:58,820][root][INFO] - Epoch [1/5], Batch [87/300], Loss: 1.6606 (Overall: 1.0691, Change: 1.3813), TF Ratio: 0.983
[2026-06-15 06:54:59,080][root][INFO] - Epoch [1/5], Batch [88/300], Loss: 1.6578 (Overall: 1.1336, Change: 1.7021), TF Ratio: 0.982
[2026-06-15 06:54:59,233][root][INFO] - Epoch [1/5], Batch [89/300], Loss: 1.6552 (Overall: 1.1239, Change: 1.7274), TF Ratio: 0.982
[2026-06-15 06:54:59,385][root][INFO] - Epoch [1/5], Batch [90/300], Loss: 1.6512 (Overall: 1.1838, Change: 1.4146), TF Ratio: 0.982
[2026-06-15 06:54:59,538][root][INFO] - Epoch [1/5], Batch [91/300], Loss: 1.6500 (Overall: 1.5125, Change: 1.5608), TF Ratio: 0.982
[2026-06-15 06:54:59,798][root][INFO] - Epoch [1/5], Batch [92/300], Loss: 1.6486 (Overall: 1.1740, Change: 1.8691), TF Ratio: 0.982
[2026-06-15 06:54:59,950][root][INFO] - Epoch [1/5], Batch [93/300], Loss: 1.6448 (Overall: 1.1413, Change: 1.4594), TF Ratio: 0.981
[2026-06-15 06:55:00,102][root][INFO] - Epoch [1/5], Batch [94/300], Loss: 1.6445 (Overall: 1.4119, Change: 1.8036), TF Ratio: 0.981
[2026-06-15 06:55:00,254][root][INFO] - Epoch [1/5], Batch [95/300], Loss: 1.6435 (Overall: 1.1395, Change: 1.9750), TF Ratio: 0.981
[2026-06-15 06:55:00,454][root][INFO] - Epoch [1/5], Batch [96/300], Loss: 1.6449 (Overall: 1.4136, Change: 2.1404), TF Ratio: 0.981
[2026-06-15 06:55:00,613][root][INFO] - Epoch [1/5], Batch [97/300], Loss: 1.6415 (Overall: 1.1540, Change: 1.4695), TF Ratio: 0.981
[2026-06-15 06:55:00,771][root][INFO] - Epoch [1/5], Batch [98/300], Loss: 1.6398 (Overall: 1.5293, Change: 1.4120), TF Ratio: 0.980
[2026-06-15 06:55:00,930][root][INFO] - Epoch [1/5], Batch [99/300], Loss: 1.6407 (Overall: 1.3585, Change: 2.1130), TF Ratio: 0.980
[2026-06-15 06:55:01,118][root][INFO] - Epoch [1/5], Batch [100/300], Loss: 1.6374 (Overall: 1.0206, Change: 1.5971), TF Ratio: 0.980
[2026-06-15 06:55:01,292][root][INFO] - Epoch [1/5], Batch [101/300], Loss: 1.6352 (Overall: 1.2003, Change: 1.6394), TF Ratio: 0.980
[2026-06-15 06:55:01,448][root][INFO] - Epoch [1/5], Batch [102/300], Loss: 1.6350 (Overall: 1.3603, Change: 1.8651), TF Ratio: 0.980
[2026-06-15 06:55:01,602][root][INFO] - Epoch [1/5], Batch [103/300], Loss: 1.6312 (Overall: 1.0805, Change: 1.4051), TF Ratio: 0.979
[2026-06-15 06:55:06,339][root][INFO] - Epoch [1/5], Batch [104/300], Loss: 1.6291 (Overall: 1.2075, Change: 1.6081), TF Ratio: 0.979
[2026-06-15 06:55:06,494][root][INFO] - Epoch [1/5], Batch [105/300], Loss: 1.6265 (Overall: 1.1009, Change: 1.6269), TF Ratio: 0.979
[2026-06-15 06:55:06,646][root][INFO] - Epoch [1/5], Batch [106/300], Loss: 1.6250 (Overall: 1.1503, Change: 1.7859), TF Ratio: 0.979
[2026-06-15 06:55:06,798][root][INFO] - Epoch [1/5], Batch [107/300], Loss: 1.6271 (Overall: 1.7164, Change: 1.9718), TF Ratio: 0.979
[2026-06-15 06:55:06,970][root][INFO] - Epoch [1/5], Batch [108/300], Loss: 1.6243 (Overall: 1.0835, Change: 1.5698), TF Ratio: 0.978
[2026-06-15 06:55:07,123][root][INFO] - Epoch [1/5], Batch [109/300], Loss: 1.6211 (Overall: 1.0999, Change: 1.4531), TF Ratio: 0.978
[2026-06-15 06:55:07,276][root][INFO] - Epoch [1/5], Batch [110/300], Loss: 1.6172 (Overall: 1.1324, Change: 1.2508), TF Ratio: 0.978
[2026-06-15 06:55:07,429][root][INFO] - Epoch [1/5], Batch [111/300], Loss: 1.6135 (Overall: 1.0515, Change: 1.3636), TF Ratio: 0.978
[2026-06-15 06:55:07,606][root][INFO] - Epoch [1/5], Batch [112/300], Loss: 1.6096 (Overall: 1.2335, Change: 1.1219), TF Ratio: 0.978
[2026-06-15 06:55:07,760][root][INFO] - Epoch [1/5], Batch [113/300], Loss: 1.6084 (Overall: 1.1449, Change: 1.7955), TF Ratio: 0.977
[2026-06-15 06:55:07,915][root][INFO] - Epoch [1/5], Batch [114/300], Loss: 1.6057 (Overall: 1.1139, Change: 1.4975), TF Ratio: 0.977
[2026-06-15 06:55:08,069][root][INFO] - Epoch [1/5], Batch [115/300], Loss: 1.6042 (Overall: 1.1915, Change: 1.6628), TF Ratio: 0.977
[2026-06-15 06:55:08,253][root][INFO] - Epoch [1/5], Batch [116/300], Loss: 1.6007 (Overall: 1.0167, Change: 1.3718), TF Ratio: 0.977
[2026-06-15 06:55:08,416][root][INFO] - Epoch [1/5], Batch [117/300], Loss: 1.5964 (Overall: 1.0062, Change: 1.1923), TF Ratio: 0.977
[2026-06-15 06:55:08,571][root][INFO] - Epoch [1/5], Batch [118/300], Loss: 1.5938 (Overall: 0.9200, Change: 1.6684), TF Ratio: 0.976
[2026-06-15 06:55:08,724][root][INFO] - Epoch [1/5], Batch [119/300], Loss: 1.5916 (Overall: 1.0859, Change: 1.5727), TF Ratio: 0.976
[2026-06-15 06:55:08,893][root][INFO] - Epoch [1/5], Batch [120/300], Loss: 1.5906 (Overall: 1.1865, Change: 1.7677), TF Ratio: 0.976
[2026-06-15 06:55:09,193][root][INFO] - Epoch [1/5], Batch [121/300], Loss: 1.5906 (Overall: 1.2696, Change: 1.9031), TF Ratio: 0.976
[2026-06-15 06:55:09,346][root][INFO] - Epoch [1/5], Batch [122/300], Loss: 1.5890 (Overall: 1.1819, Change: 1.6205), TF Ratio: 0.976
[2026-06-15 06:55:09,500][root][INFO] - Epoch [1/5], Batch [123/300], Loss: 1.5869 (Overall: 1.1016, Change: 1.5463), TF Ratio: 0.975
[2026-06-15 06:55:09,675][root][INFO] - Epoch [1/5], Batch [124/300], Loss: 1.5858 (Overall: 1.0622, Change: 1.8483), TF Ratio: 0.975
[2026-06-15 06:55:09,829][root][INFO] - Epoch [1/5], Batch [125/300], Loss: 1.5842 (Overall: 1.0572, Change: 1.6956), TF Ratio: 0.975
[2026-06-15 06:55:09,984][root][INFO] - Epoch [1/5], Batch [126/300], Loss: 1.5826 (Overall: 1.3778, Change: 1.3973), TF Ratio: 0.975
[2026-06-15 06:55:10,137][root][INFO] - Epoch [1/5], Batch [127/300], Loss: 1.5794 (Overall: 1.0058, Change: 1.3596), TF Ratio: 0.975
[2026-06-15 06:55:10,324][root][INFO] - Epoch [1/5], Batch [128/300], Loss: 1.5783 (Overall: 1.0931, Change: 1.7694), TF Ratio: 0.974
[2026-06-15 06:55:10,478][root][INFO] - Epoch [1/5], Batch [129/300], Loss: 1.5781 (Overall: 1.0690, Change: 2.0420), TF Ratio: 0.974
[2026-06-15 06:55:10,631][root][INFO] - Epoch [1/5], Batch [130/300], Loss: 1.5781 (Overall: 1.3070, Change: 1.8448), TF Ratio: 0.974
[2026-06-15 06:55:10,785][root][INFO] - Epoch [1/5], Batch [131/300], Loss: 1.5743 (Overall: 1.1106, Change: 1.0642), TF Ratio: 0.974
[2026-06-15 06:55:10,971][root][INFO] - Epoch [1/5], Batch [132/300], Loss: 1.5732 (Overall: 1.2153, Change: 1.6213), TF Ratio: 0.974
[2026-06-15 06:55:11,124][root][INFO] - Epoch [1/5], Batch [133/300], Loss: 1.5711 (Overall: 1.0494, Change: 1.5439), TF Ratio: 0.973
[2026-06-15 06:55:11,276][root][INFO] - Epoch [1/5], Batch [134/300], Loss: 1.5699 (Overall: 1.0654, Change: 1.7646), TF Ratio: 0.973
[2026-06-15 06:55:11,428][root][INFO] - Epoch [1/5], Batch [135/300], Loss: 1.5679 (Overall: 1.0612, Change: 1.5395), TF Ratio: 0.973
[2026-06-15 06:55:11,605][root][INFO] - Epoch [1/5], Batch [136/300], Loss: 1.5656 (Overall: 0.9304, Change: 1.5678), TF Ratio: 0.973
[2026-06-15 06:55:11,766][root][INFO] - Epoch [1/5], Batch [137/300], Loss: 1.5634 (Overall: 0.9728, Change: 1.5688), TF Ratio: 0.973
[2026-06-15 06:55:11,919][root][INFO] - Epoch [1/5], Batch [138/300], Loss: 1.5648 (Overall: 1.0486, Change: 2.4648), TF Ratio: 0.972
[2026-06-15 06:55:12,073][root][INFO] - Epoch [1/5], Batch [139/300], Loss: 1.5641 (Overall: 0.9362, Change: 1.9764), TF Ratio: 0.972
[2026-06-15 06:55:12,244][root][INFO] - Epoch [1/5], Batch [140/300], Loss: 1.5623 (Overall: 1.0375, Change: 1.5922), TF Ratio: 0.972
[2026-06-15 06:55:12,398][root][INFO] - Epoch [1/5], Batch [141/300], Loss: 1.5625 (Overall: 1.3596, Change: 1.8360), TF Ratio: 0.972
[2026-06-15 06:55:12,551][root][INFO] - Epoch [1/5], Batch [142/300], Loss: 1.5643 (Overall: 1.1491, Change: 2.4723), TF Ratio: 0.972
[2026-06-15 06:55:12,706][root][INFO] - Epoch [1/5], Batch [143/300], Loss: 1.5619 (Overall: 1.0713, Change: 1.3806), TF Ratio: 0.971
[2026-06-15 06:55:12,887][root][INFO] - Epoch [1/5], Batch [144/300], Loss: 1.5608 (Overall: 1.0262, Change: 1.7871), TF Ratio: 0.971
[2026-06-15 06:55:13,048][root][INFO] - Epoch [1/5], Batch [145/300], Loss: 1.5591 (Overall: 0.9130, Change: 1.7197), TF Ratio: 0.971
[2026-06-15 06:55:13,202][root][INFO] - Epoch [1/5], Batch [146/300], Loss: 1.5572 (Overall: 1.2040, Change: 1.3340), TF Ratio: 0.971
[2026-06-15 06:55:13,357][root][INFO] - Epoch [1/5], Batch [147/300], Loss: 1.5550 (Overall: 1.0727, Change: 1.4059), TF Ratio: 0.971
[2026-06-15 06:55:13,569][root][INFO] - Epoch [1/5], Batch [148/300], Loss: 1.5531 (Overall: 1.0078, Change: 1.5455), TF Ratio: 0.970
[2026-06-15 06:55:13,723][root][INFO] - Epoch [1/5], Batch [149/300], Loss: 1.5532 (Overall: 1.1595, Change: 1.9724), TF Ratio: 0.970
[2026-06-15 06:55:13,880][root][INFO] - Epoch [1/5], Batch [150/300], Loss: 1.5513 (Overall: 1.1133, Change: 1.4122), TF Ratio: 0.970
[2026-06-15 06:55:14,048][root][INFO] - Epoch [1/5], Batch [151/300], Loss: 1.5493 (Overall: 1.1067, Change: 1.3918), TF Ratio: 0.970
[2026-06-15 06:55:14,247][root][INFO] - Epoch [1/5], Batch [152/300], Loss: 1.5484 (Overall: 1.1000, Change: 1.7325), TF Ratio: 0.970
[2026-06-15 06:55:14,409][root][INFO] - Epoch [1/5], Batch [153/300], Loss: 1.5463 (Overall: 1.1012, Change: 1.3562), TF Ratio: 0.969
[2026-06-15 06:55:14,570][root][INFO] - Epoch [1/5], Batch [154/300], Loss: 1.5447 (Overall: 1.0100, Change: 1.5784), TF Ratio: 0.969
[2026-06-15 06:55:14,723][root][INFO] - Epoch [1/5], Batch [155/300], Loss: 1.5430 (Overall: 0.9164, Change: 1.6460), TF Ratio: 0.969
[2026-06-15 06:55:14,887][root][INFO] - Epoch [1/5], Batch [156/300], Loss: 1.5411 (Overall: 1.0583, Change: 1.4549), TF Ratio: 0.969
[2026-06-15 06:55:15,040][root][INFO] - Epoch [1/5], Batch [157/300], Loss: 1.5408 (Overall: 1.2821, Change: 1.6921), TF Ratio: 0.969
[2026-06-15 06:55:15,193][root][INFO] - Epoch [1/5], Batch [158/300], Loss: 1.5392 (Overall: 0.9794, Change: 1.6042), TF Ratio: 0.968
[2026-06-15 06:55:15,346][root][INFO] - Epoch [1/5], Batch [159/300], Loss: 1.5380 (Overall: 1.0157, Change: 1.6792), TF Ratio: 0.968
[2026-06-15 06:55:15,528][root][INFO] - Epoch [1/5], Batch [160/300], Loss: 1.5379 (Overall: 1.3249, Change: 1.7065), TF Ratio: 0.968
[2026-06-15 06:55:15,684][root][INFO] - Epoch [1/5], Batch [161/300], Loss: 1.5381 (Overall: 1.3245, Change: 1.8354), TF Ratio: 0.968
[2026-06-15 06:55:15,837][root][INFO] - Epoch [1/5], Batch [162/300], Loss: 1.5369 (Overall: 0.9064, Change: 1.7812), TF Ratio: 0.968
[2026-06-15 06:55:15,997][root][INFO] - Epoch [1/5], Batch [163/300], Loss: 1.5361 (Overall: 1.0369, Change: 1.7667), TF Ratio: 0.967
[2026-06-15 06:55:16,172][root][INFO] - Epoch [1/5], Batch [164/300], Loss: 1.5352 (Overall: 1.1207, Change: 1.6532), TF Ratio: 0.967
[2026-06-15 06:55:16,326][root][INFO] - Epoch [1/5], Batch [165/300], Loss: 1.5331 (Overall: 0.8778, Change: 1.5103), TF Ratio: 0.967
[2026-06-15 06:55:16,481][root][INFO] - Epoch [1/5], Batch [166/300], Loss: 1.5316 (Overall: 0.8791, Change: 1.6774), TF Ratio: 0.967
[2026-06-15 06:55:16,646][root][INFO] - Epoch [1/5], Batch [167/300], Loss: 1.5303 (Overall: 0.9935, Change: 1.6262), TF Ratio: 0.967
[2026-06-15 06:55:16,827][root][INFO] - Epoch [1/5], Batch [168/300], Loss: 1.5275 (Overall: 0.9218, Change: 1.2097), TF Ratio: 0.966
[2026-06-15 06:55:16,981][root][INFO] - Epoch [1/5], Batch [169/300], Loss: 1.5256 (Overall: 0.9649, Change: 1.4535), TF Ratio: 0.966
[2026-06-15 06:55:17,145][root][INFO] - Epoch [1/5], Batch [170/300], Loss: 1.5262 (Overall: 1.1628, Change: 2.1013), TF Ratio: 0.966
[2026-06-15 06:55:17,298][root][INFO] - Epoch [1/5], Batch [171/300], Loss: 1.5252 (Overall: 1.0874, Change: 1.6244), TF Ratio: 0.966
[2026-06-15 06:55:17,499][root][INFO] - Epoch [1/5], Batch [172/300], Loss: 1.5231 (Overall: 0.9602, Change: 1.3580), TF Ratio: 0.966
[2026-06-15 06:55:17,664][root][INFO] - Epoch [1/5], Batch [173/300], Loss: 1.5216 (Overall: 1.0122, Change: 1.5103), TF Ratio: 0.965
[2026-06-15 06:55:17,826][root][INFO] - Epoch [1/5], Batch [174/300], Loss: 1.5217 (Overall: 0.9215, Change: 2.1756), TF Ratio: 0.965
[2026-06-15 06:55:17,993][root][INFO] - Epoch [1/5], Batch [175/300], Loss: 1.5205 (Overall: 0.8945, Change: 1.7233), TF Ratio: 0.965
[2026-06-15 06:55:18,165][root][INFO] - Epoch [1/5], Batch [176/300], Loss: 1.5198 (Overall: 1.0271, Change: 1.7552), TF Ratio: 0.965
[2026-06-15 06:55:18,319][root][INFO] - Epoch [1/5], Batch [177/300], Loss: 1.5187 (Overall: 1.0134, Change: 1.6289), TF Ratio: 0.965
[2026-06-15 06:55:18,471][root][INFO] - Epoch [1/5], Batch [178/300], Loss: 1.5175 (Overall: 1.1484, Change: 1.4552), TF Ratio: 0.964
[2026-06-15 06:55:18,624][root][INFO] - Epoch [1/5], Batch [179/300], Loss: 1.5155 (Overall: 0.9193, Change: 1.4006), TF Ratio: 0.964
[2026-06-15 06:55:18,807][root][INFO] - Epoch [1/5], Batch [180/300], Loss: 1.5139 (Overall: 0.9318, Change: 1.5442), TF Ratio: 0.964
[2026-06-15 06:55:20,251][root][INFO] - Epoch [1/5], Batch [181/300], Loss: 1.5116 (Overall: 0.7203, Change: 1.4764), TF Ratio: 0.964
[2026-06-15 06:55:20,410][root][INFO] - Epoch [1/5], Batch [182/300], Loss: 1.5101 (Overall: 0.8907, Change: 1.5857), TF Ratio: 0.964
[2026-06-15 06:55:20,573][root][INFO] - Epoch [1/5], Batch [183/300], Loss: 1.5086 (Overall: 0.9311, Change: 1.5360), TF Ratio: 0.963
[2026-06-15 06:55:20,740][root][INFO] - Epoch [1/5], Batch [184/300], Loss: 1.5067 (Overall: 0.9278, Change: 1.4038), TF Ratio: 0.963
[2026-06-15 06:55:20,898][root][INFO] - Epoch [1/5], Batch [185/300], Loss: 1.5066 (Overall: 1.2350, Change: 1.7386), TF Ratio: 0.963
[2026-06-15 06:55:21,051][root][INFO] - Epoch [1/5], Batch [186/300], Loss: 1.5067 (Overall: 1.2721, Change: 1.7577), TF Ratio: 0.963
[2026-06-15 06:55:21,204][root][INFO] - Epoch [1/5], Batch [187/300], Loss: 1.5081 (Overall: 1.6359, Change: 1.9049), TF Ratio: 0.963
[2026-06-15 06:55:21,389][root][INFO] - Epoch [1/5], Batch [188/300], Loss: 1.5076 (Overall: 1.1372, Change: 1.7073), TF Ratio: 0.962
[2026-06-15 06:55:21,543][root][INFO] - Epoch [1/5], Batch [189/300], Loss: 1.5061 (Overall: 0.8504, Change: 1.5680), TF Ratio: 0.962
[2026-06-15 06:55:21,698][root][INFO] - Epoch [1/5], Batch [190/300], Loss: 1.5046 (Overall: 0.9072, Change: 1.5705), TF Ratio: 0.962
[2026-06-15 06:55:21,866][root][INFO] - Epoch [1/5], Batch [191/300], Loss: 1.5039 (Overall: 1.0184, Change: 1.6951), TF Ratio: 0.962
[2026-06-15 06:55:22,043][root][INFO] - Epoch [1/5], Batch [192/300], Loss: 1.5030 (Overall: 0.9811, Change: 1.6912), TF Ratio: 0.962
[2026-06-15 06:55:22,202][root][INFO] - Epoch [1/5], Batch [193/300], Loss: 1.5022 (Overall: 0.9541, Change: 1.7514), TF Ratio: 0.961
[2026-06-15 06:55:22,356][root][INFO] - Epoch [1/5], Batch [194/300], Loss: 1.5012 (Overall: 0.9314, Change: 1.6614), TF Ratio: 0.961
[2026-06-15 06:55:22,509][root][INFO] - Epoch [1/5], Batch [195/300], Loss: 1.5020 (Overall: 1.3330, Change: 1.9867), TF Ratio: 0.961
[2026-06-15 06:55:22,704][root][INFO] - Epoch [1/5], Batch [196/300], Loss: 1.5014 (Overall: 1.0279, Change: 1.7575), TF Ratio: 0.961
[2026-06-15 06:55:22,860][root][INFO] - Epoch [1/5], Batch [197/300], Loss: 1.5003 (Overall: 1.0665, Change: 1.5150), TF Ratio: 0.961
[2026-06-15 06:55:23,016][root][INFO] - Epoch [1/5], Batch [198/300], Loss: 1.4991 (Overall: 0.9998, Change: 1.5038), TF Ratio: 0.960
[2026-06-15 06:55:23,169][root][INFO] - Epoch [1/5], Batch [199/300], Loss: 1.4984 (Overall: 1.0780, Change: 1.6298), TF Ratio: 0.960
[2026-06-15 06:55:23,355][root][INFO] - Epoch [1/5], Batch [200/300], Loss: 1.4976 (Overall: 1.0235, Change: 1.6542), TF Ratio: 0.960
[2026-06-15 06:55:23,510][root][INFO] - Epoch [1/5], Batch [201/300], Loss: 1.4957 (Overall: 0.7587, Change: 1.4948), TF Ratio: 0.960
[2026-06-15 06:55:23,663][root][INFO] - Epoch [1/5], Batch [202/300], Loss: 1.4954 (Overall: 0.9011, Change: 1.9515), TF Ratio: 0.960
[2026-06-15 06:55:23,826][root][INFO] - Epoch [1/5], Batch [203/300], Loss: 1.4943 (Overall: 0.9665, Change: 1.5680), TF Ratio: 0.959
[2026-06-15 06:55:26,314][root][INFO] - Epoch [1/5], Batch [204/300], Loss: 1.4927 (Overall: 1.0658, Change: 1.2860), TF Ratio: 0.959
[2026-06-15 06:55:26,467][root][INFO] - Epoch [1/5], Batch [205/300], Loss: 1.4911 (Overall: 0.7882, Change: 1.5602), TF Ratio: 0.959
[2026-06-15 06:55:26,618][root][INFO] - Epoch [1/5], Batch [206/300], Loss: 1.4915 (Overall: 1.3034, Change: 1.8326), TF Ratio: 0.959
[2026-06-15 06:55:26,771][root][INFO] - Epoch [1/5], Batch [207/300], Loss: 1.4895 (Overall: 0.9412, Change: 1.1940), TF Ratio: 0.959
[2026-06-15 06:55:26,960][root][INFO] - Epoch [1/5], Batch [208/300], Loss: 1.4884 (Overall: 1.0653, Change: 1.4839), TF Ratio: 0.958
[2026-06-15 06:55:27,116][root][INFO] - Epoch [1/5], Batch [209/300], Loss: 1.4877 (Overall: 0.9062, Change: 1.7538), TF Ratio: 0.958
[2026-06-15 06:55:27,272][root][INFO] - Epoch [1/5], Batch [210/300], Loss: 1.4857 (Overall: 0.9623, Change: 1.1971), TF Ratio: 0.958
[2026-06-15 06:55:27,425][root][INFO] - Epoch [1/5], Batch [211/300], Loss: 1.4845 (Overall: 1.1497, Change: 1.3102), TF Ratio: 0.958
[2026-06-15 06:55:27,609][root][INFO] - Epoch [1/5], Batch [212/300], Loss: 1.4841 (Overall: 1.1961, Change: 1.6005), TF Ratio: 0.958
[2026-06-15 06:55:27,764][root][INFO] - Epoch [1/5], Batch [213/300], Loss: 1.4836 (Overall: 0.9799, Change: 1.7741), TF Ratio: 0.957
[2026-06-15 06:55:27,924][root][INFO] - Epoch [1/5], Batch [214/300], Loss: 1.4820 (Overall: 0.9792, Change: 1.3005), TF Ratio: 0.957
[2026-06-15 06:55:28,080][root][INFO] - Epoch [1/5], Batch [215/300], Loss: 1.4796 (Overall: 0.9539, Change: 0.9844), TF Ratio: 0.957
[2026-06-15 06:55:28,250][root][INFO] - Epoch [1/5], Batch [216/300], Loss: 1.4785 (Overall: 0.7647, Change: 1.7077), TF Ratio: 0.957
[2026-06-15 06:55:28,403][root][INFO] - Epoch [1/5], Batch [217/300], Loss: 1.4773 (Overall: 0.7526, Change: 1.6920), TF Ratio: 0.957
[2026-06-15 06:55:28,555][root][INFO] - Epoch [1/5], Batch [218/300], Loss: 1.4770 (Overall: 1.1955, Change: 1.6368), TF Ratio: 0.956
[2026-06-15 06:55:28,708][root][INFO] - Epoch [1/5], Batch [219/300], Loss: 1.4760 (Overall: 0.9310, Change: 1.5627), TF Ratio: 0.956
[2026-06-15 06:55:28,882][root][INFO] - Epoch [1/5], Batch [220/300], Loss: 1.4749 (Overall: 1.0788, Change: 1.4177), TF Ratio: 0.956
[2026-06-15 06:55:29,034][root][INFO] - Epoch [1/5], Batch [221/300], Loss: 1.4738 (Overall: 1.0043, Change: 1.4504), TF Ratio: 0.956
[2026-06-15 06:55:29,186][root][INFO] - Epoch [1/5], Batch [222/300], Loss: 1.4726 (Overall: 1.0343, Change: 1.3837), TF Ratio: 0.956
[2026-06-15 06:55:29,341][root][INFO] - Epoch [1/5], Batch [223/300], Loss: 1.4712 (Overall: 0.8367, Change: 1.4853), TF Ratio: 0.955
[2026-06-15 06:55:29,520][root][INFO] - Epoch [1/5], Batch [224/300], Loss: 1.4704 (Overall: 0.8388, Change: 1.7193), TF Ratio: 0.955
[2026-06-15 06:55:29,674][root][INFO] - Epoch [1/5], Batch [225/300], Loss: 1.4707 (Overall: 1.1920, Change: 1.9044), TF Ratio: 0.955
[2026-06-15 06:55:29,827][root][INFO] - Epoch [1/5], Batch [226/300], Loss: 1.4707 (Overall: 1.1500, Change: 1.7723), TF Ratio: 0.955
[2026-06-15 06:55:29,981][root][INFO] - Epoch [1/5], Batch [227/300], Loss: 1.4689 (Overall: 0.7873, Change: 1.3667), TF Ratio: 0.955
[2026-06-15 06:55:30,161][root][INFO] - Epoch [1/5], Batch [228/300], Loss: 1.4683 (Overall: 1.0046, Change: 1.6565), TF Ratio: 0.954
[2026-06-15 06:55:30,327][root][INFO] - Epoch [1/5], Batch [229/300], Loss: 1.4686 (Overall: 0.9816, Change: 2.0969), TF Ratio: 0.954
[2026-06-15 06:55:30,480][root][INFO] - Epoch [1/5], Batch [230/300], Loss: 1.4677 (Overall: 0.9536, Change: 1.5324), TF Ratio: 0.954
[2026-06-15 06:55:30,635][root][INFO] - Epoch [1/5], Batch [231/300], Loss: 1.4658 (Overall: 0.8362, Change: 1.2191), TF Ratio: 0.954
[2026-06-15 06:55:30,837][root][INFO] - Epoch [1/5], Batch [232/300], Loss: 1.4645 (Overall: 0.9345, Change: 1.3996), TF Ratio: 0.954
[2026-06-15 06:55:30,993][root][INFO] - Epoch [1/5], Batch [233/300], Loss: 1.4648 (Overall: 1.3052, Change: 1.7797), TF Ratio: 0.953
[2026-06-15 06:55:31,146][root][INFO] - Epoch [1/5], Batch [234/300], Loss: 1.4649 (Overall: 1.2298, Change: 1.7634), TF Ratio: 0.953
[2026-06-15 06:55:31,299][root][INFO] - Epoch [1/5], Batch [235/300], Loss: 1.4655 (Overall: 1.0013, Change: 2.1773), TF Ratio: 0.953
[2026-06-15 06:55:31,472][root][INFO] - Epoch [1/5], Batch [236/300], Loss: 1.4657 (Overall: 1.2724, Change: 1.7530), TF Ratio: 0.953
[2026-06-15 06:55:31,636][root][INFO] - Epoch [1/5], Batch [237/300], Loss: 1.4659 (Overall: 1.2092, Change: 1.8519), TF Ratio: 0.953
[2026-06-15 06:55:31,789][root][INFO] - Epoch [1/5], Batch [238/300], Loss: 1.4660 (Overall: 1.0959, Change: 1.8475), TF Ratio: 0.952
[2026-06-15 06:55:31,941][root][INFO] - Epoch [1/5], Batch [239/300], Loss: 1.4650 (Overall: 0.9568, Change: 1.5286), TF Ratio: 0.952
[2026-06-15 06:55:32,106][root][INFO] - Epoch [1/5], Batch [240/300], Loss: 1.4648 (Overall: 1.6371, Change: 1.1564), TF Ratio: 0.952
[2026-06-15 06:55:32,260][root][INFO] - Epoch [1/5], Batch [241/300], Loss: 1.4644 (Overall: 0.9462, Change: 1.8120), TF Ratio: 0.952
[2026-06-15 06:55:32,415][root][INFO] - Epoch [1/5], Batch [242/300], Loss: 1.4640 (Overall: 1.1475, Change: 1.5863), TF Ratio: 0.952
[2026-06-15 06:55:32,569][root][INFO] - Epoch [1/5], Batch [243/300], Loss: 1.4631 (Overall: 0.8260, Change: 1.6800), TF Ratio: 0.951
[2026-06-15 06:55:34,535][root][INFO] - Epoch [1/5], Batch [244/300], Loss: 1.4613 (Overall: 0.7468, Change: 1.3117), TF Ratio: 0.951
[2026-06-15 06:55:34,691][root][INFO] - Epoch [1/5], Batch [245/300], Loss: 1.4604 (Overall: 1.0831, Change: 1.3972), TF Ratio: 0.951
[2026-06-15 06:55:34,844][root][INFO] - Epoch [1/5], Batch [246/300], Loss: 1.4584 (Overall: 0.9224, Change: 0.9893), TF Ratio: 0.951
[2026-06-15 06:55:34,996][root][INFO] - Epoch [1/5], Batch [247/300], Loss: 1.4573 (Overall: 0.6756, Change: 1.6859), TF Ratio: 0.951
[2026-06-15 06:55:35,176][root][INFO] - Epoch [1/5], Batch [248/300], Loss: 1.4563 (Overall: 0.8294, Change: 1.6226), TF Ratio: 0.950
[2026-06-15 06:55:35,328][root][INFO] - Epoch [1/5], Batch [249/300], Loss: 1.4550 (Overall: 0.9285, Change: 1.3428), TF Ratio: 0.950
[2026-06-15 06:55:35,482][root][INFO] - Epoch [1/5], Batch [250/300], Loss: 1.4540 (Overall: 1.0618, Change: 1.3463), TF Ratio: 0.950
[2026-06-15 06:55:35,635][root][INFO] - Epoch [1/5], Batch [251/300], Loss: 1.4538 (Overall: 0.9565, Change: 1.8417), TF Ratio: 0.950
[2026-06-15 06:55:35,823][root][INFO] - Epoch [1/5], Batch [252/300], Loss: 1.4535 (Overall: 1.1971, Change: 1.5519), TF Ratio: 0.950
[2026-06-15 06:55:35,977][root][INFO] - Epoch [1/5], Batch [253/300], Loss: 1.4533 (Overall: 1.2635, Change: 1.5593), TF Ratio: 0.949
[2026-06-15 06:55:36,131][root][INFO] - Epoch [1/5], Batch [254/300], Loss: 1.4525 (Overall: 0.9562, Change: 1.5227), TF Ratio: 0.949
[2026-06-15 06:55:36,288][root][INFO] - Epoch [1/5], Batch [255/300], Loss: 1.4524 (Overall: 1.2831, Change: 1.5870), TF Ratio: 0.949
[2026-06-15 06:55:36,461][root][INFO] - Epoch [1/5], Batch [256/300], Loss: 1.4521 (Overall: 1.0758, Change: 1.6565), TF Ratio: 0.949
[2026-06-15 06:55:36,615][root][INFO] - Epoch [1/5], Batch [257/300], Loss: 1.4509 (Overall: 0.9136, Change: 1.3641), TF Ratio: 0.949
[2026-06-15 06:55:36,769][root][INFO] - Epoch [1/5], Batch [258/300], Loss: 1.4492 (Overall: 0.6985, Change: 1.3334), TF Ratio: 0.948
[2026-06-15 06:55:36,922][root][INFO] - Epoch [1/5], Batch [259/300], Loss: 1.4481 (Overall: 0.8280, Change: 1.5271), TF Ratio: 0.948
[2026-06-15 06:55:37,109][root][INFO] - Epoch [1/5], Batch [260/300], Loss: 1.4467 (Overall: 0.6668, Change: 1.4959), TF Ratio: 0.948
[2026-06-15 06:55:37,262][root][INFO] - Epoch [1/5], Batch [261/300], Loss: 1.4453 (Overall: 0.7805, Change: 1.3727), TF Ratio: 0.948
[2026-06-15 06:55:37,415][root][INFO] - Epoch [1/5], Batch [262/300], Loss: 1.4442 (Overall: 1.0094, Change: 1.3062), TF Ratio: 0.948
[2026-06-15 06:55:37,568][root][INFO] - Epoch [1/5], Batch [263/300], Loss: 1.4424 (Overall: 0.9425, Change: 0.9820), TF Ratio: 0.947
[2026-06-15 06:55:37,744][root][INFO] - Epoch [1/5], Batch [264/300], Loss: 1.4420 (Overall: 0.9791, Change: 1.6841), TF Ratio: 0.947
[2026-06-15 06:55:37,897][root][INFO] - Epoch [1/5], Batch [265/300], Loss: 1.4410 (Overall: 0.8541, Change: 1.4986), TF Ratio: 0.947
[2026-06-15 06:55:38,050][root][INFO] - Epoch [1/5], Batch [266/300], Loss: 1.4399 (Overall: 1.0456, Change: 1.2480), TF Ratio: 0.947
[2026-06-15 06:55:38,202][root][INFO] - Epoch [1/5], Batch [267/300], Loss: 1.4403 (Overall: 1.1575, Change: 1.9544), TF Ratio: 0.947
[2026-06-15 06:55:38,404][root][INFO] - Epoch [1/5], Batch [268/300], Loss: 1.4396 (Overall: 0.9298, Change: 1.6011), TF Ratio: 0.946
[2026-06-15 06:55:38,560][root][INFO] - Epoch [1/5], Batch [269/300], Loss: 1.4385 (Overall: 0.8951, Change: 1.3828), TF Ratio: 0.946
[2026-06-15 06:55:38,713][root][INFO] - Epoch [1/5], Batch [270/300], Loss: 1.4379 (Overall: 0.9364, Change: 1.6293), TF Ratio: 0.946
[2026-06-15 06:55:38,868][root][INFO] - Epoch [1/5], Batch [271/300], Loss: 1.4398 (Overall: 1.5663, Change: 2.3102), TF Ratio: 0.946
[2026-06-15 06:55:39,054][root][INFO] - Epoch [1/5], Batch [272/300], Loss: 1.4394 (Overall: 1.2487, Change: 1.4094), TF Ratio: 0.946
[2026-06-15 06:55:39,209][root][INFO] - Epoch [1/5], Batch [273/300], Loss: 1.4381 (Overall: 0.7678, Change: 1.3969), TF Ratio: 0.945
[2026-06-15 06:55:39,364][root][INFO] - Epoch [1/5], Batch [274/300], Loss: 1.4385 (Overall: 1.4909, Change: 1.6149), TF Ratio: 0.945
[2026-06-15 06:55:39,519][root][INFO] - Epoch [1/5], Batch [275/300], Loss: 1.4367 (Overall: 0.6991, Change: 1.1745), TF Ratio: 0.945
[2026-06-15 06:55:39,702][root][INFO] - Epoch [1/5], Batch [276/300], Loss: 1.4356 (Overall: 0.9632, Change: 1.3451), TF Ratio: 0.945
[2026-06-15 06:55:39,858][root][INFO] - Epoch [1/5], Batch [277/300], Loss: 1.4345 (Overall: 0.8233, Change: 1.4123), TF Ratio: 0.945
[2026-06-15 06:55:40,011][root][INFO] - Epoch [1/5], Batch [278/300], Loss: 1.4353 (Overall: 0.9322, Change: 2.3733), TF Ratio: 0.944
[2026-06-15 06:55:40,179][root][INFO] - Epoch [1/5], Batch [279/300], Loss: 1.4342 (Overall: 0.7749, Change: 1.4959), TF Ratio: 0.944
[2026-06-15 06:55:40,354][root][INFO] - Epoch [1/5], Batch [280/300], Loss: 1.4334 (Overall: 0.9373, Change: 1.4944), TF Ratio: 0.944
[2026-06-15 06:55:40,509][root][INFO] - Epoch [1/5], Batch [281/300], Loss: 1.4325 (Overall: 0.7679, Change: 1.5951), TF Ratio: 0.944
[2026-06-15 06:55:40,670][root][INFO] - Epoch [1/5], Batch [282/300], Loss: 1.4337 (Overall: 1.8559, Change: 1.6945), TF Ratio: 0.944
[2026-06-15 06:55:40,824][root][INFO] - Epoch [1/5], Batch [283/300], Loss: 1.4325 (Overall: 0.7719, Change: 1.4062), TF Ratio: 0.943
[2026-06-15 06:55:41,023][root][INFO] - Epoch [1/5], Batch [284/300], Loss: 1.4315 (Overall: 0.8406, Change: 1.4219), TF Ratio: 0.943
[2026-06-15 06:55:41,176][root][INFO] - Epoch [1/5], Batch [285/300], Loss: 1.4304 (Overall: 0.9924, Change: 1.2408), TF Ratio: 0.943
[2026-06-15 06:55:41,329][root][INFO] - Epoch [1/5], Batch [286/300], Loss: 1.4298 (Overall: 0.9899, Change: 1.5303), TF Ratio: 0.943
[2026-06-15 06:55:41,483][root][INFO] - Epoch [1/5], Batch [287/300], Loss: 1.4289 (Overall: 0.7970, Change: 1.5814), TF Ratio: 0.943
[2026-06-15 06:55:41,674][root][INFO] - Epoch [1/5], Batch [288/300], Loss: 1.4286 (Overall: 0.9482, Change: 1.7281), TF Ratio: 0.942
[2026-06-15 06:55:41,828][root][INFO] - Epoch [1/5], Batch [289/300], Loss: 1.4279 (Overall: 1.0101, Change: 1.4462), TF Ratio: 0.942
[2026-06-15 06:55:41,987][root][INFO] - Epoch [1/5], Batch [290/300], Loss: 1.4270 (Overall: 0.7555, Change: 1.5730), TF Ratio: 0.942
[2026-06-15 06:55:42,143][root][INFO] - Epoch [1/5], Batch [291/300], Loss: 1.4270 (Overall: 1.1376, Change: 1.6854), TF Ratio: 0.942
[2026-06-15 06:55:42,328][root][INFO] - Epoch [1/5], Batch [292/300], Loss: 1.4266 (Overall: 1.1204, Change: 1.5105), TF Ratio: 0.942
[2026-06-15 06:55:42,482][root][INFO] - Epoch [1/5], Batch [293/300], Loss: 1.4248 (Overall: 0.6788, Change: 1.1390), TF Ratio: 0.941
[2026-06-15 06:55:42,636][root][INFO] - Epoch [1/5], Batch [294/300], Loss: 1.4235 (Overall: 0.7387, Change: 1.3575), TF Ratio: 0.941
[2026-06-15 06:55:42,790][root][INFO] - Epoch [1/5], Batch [295/300], Loss: 1.4230 (Overall: 0.8033, Change: 1.7250), TF Ratio: 0.941
[2026-06-15 06:55:42,979][root][INFO] - Epoch [1/5], Batch [296/300], Loss: 1.4217 (Overall: 0.7299, Change: 1.3481), TF Ratio: 0.941
[2026-06-15 06:55:43,139][root][INFO] - Epoch [1/5], Batch [297/300], Loss: 1.4213 (Overall: 0.9320, Change: 1.6497), TF Ratio: 0.941
[2026-06-15 06:55:43,294][root][INFO] - Epoch [1/5], Batch [298/300], Loss: 1.4209 (Overall: 1.0182, Change: 1.6140), TF Ratio: 0.940
[2026-06-15 06:55:43,449][root][INFO] - Epoch [1/5], Batch [299/300], Loss: 1.4200 (Overall: 0.7626, Change: 1.5490), TF Ratio: 0.940
[2026-06-15 06:55:43,641][root][INFO] - Epoch [1/5], Batch [300/300], Loss: 1.4190 (Overall: 0.6975, Change: 1.5380), TF Ratio: 0.940
[2026-06-15 06:55:48,300][root][INFO] - Epoch 1 done. Validating...
[2026-06-15 06:55:57,144][root][INFO] - Epoch [1/5] | Train: 1.4110 | Val: 0.8014
[2026-06-15 06:55:57,642][root][INFO] - Checkpoint saved: /gpfs/scratch/bsc32/bsc096444/ai4land-tfm/trained_models/unet_impl/41799702/best_model.pth
[2026-06-15 06:55:57,860][root][INFO] - Checkpoint saved: /gpfs/scratch/bsc32/bsc096444/ai4land-tfm/trained_models/unet_impl/41799702/model_epoch_1.pth
[2026-06-15 06:56:04,934][root][INFO] - Epoch [2/5], Batch [1/300], Loss: 1.3770 (Overall: 1.1790, Change: 1.5750), TF Ratio: 0.940
[2026-06-15 06:56:05,089][root][INFO] - Epoch [2/5], Batch [2/300], Loss: 1.3166 (Overall: 0.8078, Change: 1.7045), TF Ratio: 0.940
[2026-06-15 06:56:05,243][root][INFO] - Epoch [2/5], Batch [3/300], Loss: 1.3009 (Overall: 0.7126, Change: 1.8265), TF Ratio: 0.939
[2026-06-15 06:56:05,413][root][INFO] - Epoch [2/5], Batch [4/300], Loss: 1.3506 (Overall: 1.1161, Change: 1.8831), TF Ratio: 0.939
[2026-06-15 06:56:05,568][root][INFO] - Epoch [2/5], Batch [5/300], Loss: 1.2967 (Overall: 0.6729, Change: 1.4895), TF Ratio: 0.939
[2026-06-15 06:56:05,725][root][INFO] - Epoch [2/5], Batch [6/300], Loss: 1.3053 (Overall: 1.5605, Change: 1.1359), TF Ratio: 0.939
[2026-06-15 06:56:05,880][root][INFO] - Epoch [2/5], Batch [7/300], Loss: 1.2684 (Overall: 0.8791, Change: 1.2155), TF Ratio: 0.939
[2026-06-15 06:56:06,086][root][INFO] - Epoch [2/5], Batch [8/300], Loss: 1.2421 (Overall: 0.7502, Change: 1.3658), TF Ratio: 0.938
[2026-06-15 06:56:06,243][root][INFO] - Epoch [2/5], Batch [9/300], Loss: 1.2409 (Overall: 0.8578, Change: 1.6051), TF Ratio: 0.938
[2026-06-15 06:56:06,408][root][INFO] - Epoch [2/5], Batch [10/300], Loss: 1.2234 (Overall: 0.7860, Change: 1.3456), TF Ratio: 0.938
[2026-06-15 06:56:06,565][root][INFO] - Epoch [2/5], Batch [11/300], Loss: 1.2312 (Overall: 0.8794, Change: 1.7377), TF Ratio: 0.938
[2026-06-15 06:56:06,780][root][INFO] - Epoch [2/5], Batch [12/300], Loss: 1.2402 (Overall: 0.7750, Change: 1.9041), TF Ratio: 0.938
[2026-06-15 06:56:06,937][root][INFO] - Epoch [2/5], Batch [13/300], Loss: 1.2247 (Overall: 0.9408, Change: 1.1372), TF Ratio: 0.937
[2026-06-15 06:56:07,091][root][INFO] - Epoch [2/5], Batch [14/300], Loss: 1.2113 (Overall: 0.9742, Change: 1.0984), TF Ratio: 0.937
[2026-06-15 06:56:07,244][root][INFO] - Epoch [2/5], Batch [15/300], Loss: 1.2037 (Overall: 0.9765, Change: 1.2204), TF Ratio: 0.937
[2026-06-15 06:56:07,529][root][INFO] - Epoch [2/5], Batch [16/300], Loss: 1.2122 (Overall: 1.0752, Change: 1.6015), TF Ratio: 0.937
[2026-06-15 06:56:07,688][root][INFO] - Epoch [2/5], Batch [17/300], Loss: 1.2296 (Overall: 1.2726, Change: 1.7438), TF Ratio: 0.937
[2026-06-15 06:56:07,847][root][INFO] - Epoch [2/5], Batch [18/300], Loss: 1.2400 (Overall: 1.1835, Change: 1.6517), TF Ratio: 0.936
[2026-06-15 06:56:08,001][root][INFO] - Epoch [2/5], Batch [19/300], Loss: 1.2321 (Overall: 1.0873, Change: 1.0921), TF Ratio: 0.936
[2026-06-15 06:56:08,187][root][INFO] - Epoch [2/5], Batch [20/300], Loss: 1.2288 (Overall: 0.8695, Change: 1.4628), TF Ratio: 0.936
[2026-06-15 06:56:08,350][root][INFO] - Epoch [2/5], Batch [21/300], Loss: 1.2308 (Overall: 0.9085, Change: 1.6332), TF Ratio: 0.936
[2026-06-15 06:56:08,514][root][INFO] - Epoch [2/5], Batch [22/300], Loss: 1.2246 (Overall: 0.8433, Change: 1.3473), TF Ratio: 0.936
[2026-06-15 06:56:08,666][root][INFO] - Epoch [2/5], Batch [23/300], Loss: 1.2290 (Overall: 1.0703, Change: 1.5784), TF Ratio: 0.935
[2026-06-15 06:56:09,662][root][INFO] - Epoch [2/5], Batch [24/300], Loss: 1.2361 (Overall: 1.0359, Change: 1.7632), TF Ratio: 0.935
[2026-06-15 06:56:09,817][root][INFO] - Epoch [2/5], Batch [25/300], Loss: 1.2387 (Overall: 0.8561, Change: 1.7472), TF Ratio: 0.935
[2026-06-15 06:56:09,971][root][INFO] - Epoch [2/5], Batch [26/300], Loss: 1.2311 (Overall: 0.7424, Change: 1.3391), TF Ratio: 0.935
[2026-06-15 06:56:10,125][root][INFO] - Epoch [2/5], Batch [27/300], Loss: 1.2258 (Overall: 0.7606, Change: 1.4155), TF Ratio: 0.935
[2026-06-15 06:56:14,022][root][INFO] - Epoch [2/5], Batch [28/300], Loss: 1.2284 (Overall: 1.0024, Change: 1.5967), TF Ratio: 0.934
[2026-06-15 06:56:14,182][root][INFO] - Epoch [2/5], Batch [29/300], Loss: 1.2400 (Overall: 1.2597, Change: 1.8652), TF Ratio: 0.934
[2026-06-15 06:56:14,336][root][INFO] - Epoch [2/5], Batch [30/300], Loss: 1.2359 (Overall: 0.7974, Change: 1.4368), TF Ratio: 0.934
[2026-06-15 06:56:14,490][root][INFO] - Epoch [2/5], Batch [31/300], Loss: 1.2266 (Overall: 0.7392, Change: 1.1569), TF Ratio: 0.934
[2026-06-15 06:56:14,671][root][INFO] - Epoch [2/5], Batch [32/300], Loss: 1.2239 (Overall: 0.8237, Change: 1.4609), TF Ratio: 0.934
[2026-06-15 06:56:14,827][root][INFO] - Epoch [2/5], Batch [33/300], Loss: 1.2269 (Overall: 0.9980, Change: 1.6432), TF Ratio: 0.933
[2026-06-15 06:56:14,980][root][INFO] - Epoch [2/5], Batch [34/300], Loss: 1.2243 (Overall: 0.9809, Change: 1.3008), TF Ratio: 0.933
[2026-06-15 06:56:15,132][root][INFO] - Epoch [2/5], Batch [35/300], Loss: 1.2208 (Overall: 0.7266, Change: 1.4754), TF Ratio: 0.933
[2026-06-15 06:56:15,306][root][INFO] - Epoch [2/5], Batch [36/300], Loss: 1.2252 (Overall: 1.2051, Change: 1.5514), TF Ratio: 0.933
[2026-06-15 06:56:15,462][root][INFO] - Epoch [2/5], Batch [37/300], Loss: 1.2200 (Overall: 0.8071, Change: 1.2609), TF Ratio: 0.933
[2026-06-15 06:56:15,616][root][INFO] - Epoch [2/5], Batch [38/300], Loss: 1.2202 (Overall: 1.1081, Change: 1.3435), TF Ratio: 0.932
[2026-06-15 06:56:15,770][root][INFO] - Epoch [2/5], Batch [39/300], Loss: 1.2251 (Overall: 1.1817, Change: 1.6403), TF Ratio: 0.932
[2026-06-15 06:56:15,962][root][INFO] - Epoch [2/5], Batch [40/300], Loss: 1.2232 (Overall: 0.6750, Change: 1.6235), TF Ratio: 0.932
[2026-06-15 06:56:16,119][root][INFO] - Epoch [2/5], Batch [41/300], Loss: 1.2232 (Overall: 0.9237, Change: 1.5215), TF Ratio: 0.932
[2026-06-15 06:56:16,280][root][INFO] - Epoch [2/5], Batch [42/300], Loss: 1.2212 (Overall: 0.6447, Change: 1.6364), TF Ratio: 0.932
[2026-06-15 06:56:16,437][root][INFO] - Epoch [2/5], Batch [43/300], Loss: 1.2216 (Overall: 1.0442, Change: 1.4364), TF Ratio: 0.931
[2026-06-15 06:56:16,625][root][INFO] - Epoch [2/5], Batch [44/300], Loss: 1.2241 (Overall: 0.9803, Change: 1.6812), TF Ratio: 0.931
[2026-06-15 06:56:16,779][root][INFO] - Epoch [2/5], Batch [45/300], Loss: 1.2196 (Overall: 0.9313, Change: 1.1120), TF Ratio: 0.931
[2026-06-15 06:56:16,932][root][INFO] - Epoch [2/5], Batch [46/300], Loss: 1.2154 (Overall: 0.8630, Change: 1.1883), TF Ratio: 0.931
[2026-06-15 06:56:17,087][root][INFO] - Epoch [2/5], Batch [47/300], Loss: 1.2193 (Overall: 1.3745, Change: 1.4262), TF Ratio: 0.931
[2026-06-15 06:56:17,322][root][INFO] - Epoch [2/5], Batch [48/300], Loss: 1.2179 (Overall: 0.8678, Change: 1.4373), TF Ratio: 0.930
[2026-06-15 06:56:17,490][root][INFO] - Epoch [2/5], Batch [49/300], Loss: 1.2188 (Overall: 0.9850, Change: 1.5353), TF Ratio: 0.930
[2026-06-15 06:56:17,649][root][INFO] - Epoch [2/5], Batch [50/300], Loss: 1.2188 (Overall: 0.7903, Change: 1.6468), TF Ratio: 0.930
[2026-06-15 06:56:17,813][root][INFO] - Epoch [2/5], Batch [51/300], Loss: 1.2192 (Overall: 1.0864, Change: 1.3907), TF Ratio: 0.930
[2026-06-15 06:56:17,984][root][INFO] - Epoch [2/5], Batch [52/300], Loss: 1.2202 (Overall: 1.1443, Change: 1.3990), TF Ratio: 0.930
[2026-06-15 06:56:18,139][root][INFO] - Epoch [2/5], Batch [53/300], Loss: 1.2190 (Overall: 1.1783, Change: 1.1317), TF Ratio: 0.929
[2026-06-15 06:56:18,292][root][INFO] - Epoch [2/5], Batch [54/300], Loss: 1.2151 (Overall: 0.8005, Change: 1.2222), TF Ratio: 0.929
[2026-06-15 06:56:18,447][root][INFO] - Epoch [2/5], Batch [55/300], Loss: 1.2171 (Overall: 0.9921, Change: 1.6509), TF Ratio: 0.929
[2026-06-15 06:56:18,635][root][INFO] - Epoch [2/5], Batch [56/300], Loss: 1.2145 (Overall: 0.6821, Change: 1.4678), TF Ratio: 0.929
[2026-06-15 06:56:18,790][root][INFO] - Epoch [2/5], Batch [57/300], Loss: 1.2203 (Overall: 1.2564, Change: 1.8361), TF Ratio: 0.929
[2026-06-15 06:56:18,945][root][INFO] - Epoch [2/5], Batch [58/300], Loss: 1.2198 (Overall: 0.7202, Change: 1.6629), TF Ratio: 0.928
[2026-06-15 06:56:19,099][root][INFO] - Epoch [2/5], Batch [59/300], Loss: 1.2225 (Overall: 0.6102, Change: 2.1428), TF Ratio: 0.928
[2026-06-15 06:56:19,310][root][INFO] - Epoch [2/5], Batch [60/300], Loss: 1.2234 (Overall: 0.9156, Change: 1.6330), TF Ratio: 0.928
[2026-06-15 06:56:19,464][root][INFO] - Epoch [2/5], Batch [61/300], Loss: 1.2298 (Overall: 1.7012, Change: 1.5285), TF Ratio: 0.928
[2026-06-15 06:56:19,619][root][INFO] - Epoch [2/5], Batch [62/300], Loss: 1.2292 (Overall: 0.7922, Change: 1.5944), TF Ratio: 0.928
[2026-06-15 06:56:19,781][root][INFO] - Epoch [2/5], Batch [63/300], Loss: 1.2265 (Overall: 0.7665, Change: 1.3536), TF Ratio: 0.927
[2026-06-15 06:56:19,983][root][INFO] - Epoch [2/5], Batch [64/300], Loss: 1.2257 (Overall: 0.8997, Change: 1.4448), TF Ratio: 0.927
[2026-06-15 06:56:20,138][root][INFO] - Epoch [2/5], Batch [65/300], Loss: 1.2208 (Overall: 0.5789, Change: 1.2404), TF Ratio: 0.927
[2026-06-15 06:56:20,297][root][INFO] - Epoch [2/5], Batch [66/300], Loss: 1.2201 (Overall: 1.0515, Change: 1.2939), TF Ratio: 0.927
[2026-06-15 06:56:20,453][root][INFO] - Epoch [2/5], Batch [67/300], Loss: 1.2222 (Overall: 1.1636, Change: 1.5579), TF Ratio: 0.927
[2026-06-15 06:56:20,651][root][INFO] - Epoch [2/5], Batch [68/300], Loss: 1.2193 (Overall: 0.7583, Change: 1.2919), TF Ratio: 0.926
[2026-06-15 06:56:20,806][root][INFO] - Epoch [2/5], Batch [69/300], Loss: 1.2166 (Overall: 1.1474, Change: 0.9252), TF Ratio: 0.926
[2026-06-15 06:56:20,960][root][INFO] - Epoch [2/5], Batch [70/300], Loss: 1.2135 (Overall: 0.6862, Change: 1.3107), TF Ratio: 0.926
[2026-06-15 06:56:21,113][root][INFO] - Epoch [2/5], Batch [71/300], Loss: 1.2137 (Overall: 1.0133, Change: 1.4496), TF Ratio: 0.926
[2026-06-15 06:56:21,306][root][INFO] - Epoch [2/5], Batch [72/300], Loss: 1.2147 (Overall: 1.1067, Change: 1.4504), TF Ratio: 0.926
[2026-06-15 06:56:21,469][root][INFO] - Epoch [2/5], Batch [73/300], Loss: 1.2129 (Overall: 0.6452, Change: 1.5355), TF Ratio: 0.925
[2026-06-15 06:56:21,630][root][INFO] - Epoch [2/5], Batch [74/300], Loss: 1.2145 (Overall: 0.8973, Change: 1.7525), TF Ratio: 0.925
[2026-06-15 06:56:21,791][root][INFO] - Epoch [2/5], Batch [75/300], Loss: 1.2176 (Overall: 1.0541, Change: 1.8502), TF Ratio: 0.925
[2026-06-15 06:56:21,962][root][INFO] - Epoch [2/5], Batch [76/300], Loss: 1.2181 (Overall: 0.9421, Change: 1.5624), TF Ratio: 0.925
[2026-06-15 06:56:22,114][root][INFO] - Epoch [2/5], Batch [77/300], Loss: 1.2182 (Overall: 0.9551, Change: 1.4968), TF Ratio: 0.925
[2026-06-15 06:56:22,270][root][INFO] - Epoch [2/5], Batch [78/300], Loss: 1.2187 (Overall: 1.0083, Change: 1.5066), TF Ratio: 0.924
[2026-06-15 06:56:22,425][root][INFO] - Epoch [2/5], Batch [79/300], Loss: 1.2154 (Overall: 0.8815, Change: 1.0396), TF Ratio: 0.924
[2026-06-15 06:56:22,611][root][INFO] - Epoch [2/5], Batch [80/300], Loss: 1.2338 (Overall: 0.9062, Change: 4.4671), TF Ratio: 0.924
[2026-06-15 06:56:22,770][root][INFO] - Epoch [2/5], Batch [81/300], Loss: 1.2358 (Overall: 0.9195, Change: 1.8681), TF Ratio: 0.924
[2026-06-15 06:56:22,925][root][INFO] - Epoch [2/5], Batch [82/300], Loss: 1.2344 (Overall: 0.7642, Change: 1.4825), TF Ratio: 0.924
[2026-06-15 06:56:23,080][root][INFO] - Epoch [2/5], Batch [83/300], Loss: 1.2377 (Overall: 1.3338, Change: 1.6746), TF Ratio: 0.923
[2026-06-15 06:56:23,278][root][INFO] - Epoch [2/5], Batch [84/300], Loss: 1.2383 (Overall: 0.8751, Change: 1.7063), TF Ratio: 0.923
[2026-06-15 06:56:23,440][root][INFO] - Epoch [2/5], Batch [85/300], Loss: 1.2370 (Overall: 0.8269, Change: 1.4221), TF Ratio: 0.923
[2026-06-15 06:56:23,595][root][INFO] - Epoch [2/5], Batch [86/300], Loss: 1.2336 (Overall: 0.7642, Change: 1.1263), TF Ratio: 0.923
[2026-06-15 06:56:23,750][root][INFO] - Epoch [2/5], Batch [87/300], Loss: 1.2308 (Overall: 0.6714, Change: 1.3064), TF Ratio: 0.923
[2026-06-15 06:56:23,926][root][INFO] - Epoch [2/5], Batch [88/300], Loss: 1.2292 (Overall: 0.7510, Change: 1.4451), TF Ratio: 0.922
[2026-06-15 06:56:24,081][root][INFO] - Epoch [2/5], Batch [89/300], Loss: 1.2283 (Overall: 0.7232, Change: 1.5620), TF Ratio: 0.922
[2026-06-15 06:56:24,235][root][INFO] - Epoch [2/5], Batch [90/300], Loss: 1.2253 (Overall: 0.7133, Change: 1.2103), TF Ratio: 0.922
[2026-06-15 06:56:24,389][root][INFO] - Epoch [2/5], Batch [91/300], Loss: 1.2240 (Overall: 0.6887, Change: 1.5191), TF Ratio: 0.922
[2026-06-15 06:56:24,585][root][INFO] - Epoch [2/5], Batch [92/300], Loss: 1.2252 (Overall: 0.9039, Change: 1.7701), TF Ratio: 0.922
[2026-06-15 06:56:24,751][root][INFO] - Epoch [2/5], Batch [93/300], Loss: 1.2251 (Overall: 0.7727, Change: 1.6652), TF Ratio: 0.921
[2026-06-15 06:56:24,912][root][INFO] - Epoch [2/5], Batch [94/300], Loss: 1.2265 (Overall: 1.0357, Change: 1.6660), TF Ratio: 0.921
[2026-06-15 06:56:25,076][root][INFO] - Epoch [2/5], Batch [95/300], Loss: 1.2238 (Overall: 0.7378, Change: 1.1984), TF Ratio: 0.921
[2026-06-15 06:56:25,284][root][INFO] - Epoch [2/5], Batch [96/300], Loss: 1.2240 (Overall: 0.6989, Change: 1.8027), TF Ratio: 0.921
[2026-06-15 06:56:25,438][root][INFO] - Epoch [2/5], Batch [97/300], Loss: 1.2283 (Overall: 1.7442, Change: 1.5401), TF Ratio: 0.921
[2026-06-15 06:56:25,599][root][INFO] - Epoch [2/5], Batch [98/300], Loss: 1.2301 (Overall: 1.2010, Change: 1.6008), TF Ratio: 0.920
[2026-06-15 06:56:25,752][root][INFO] - Epoch [2/5], Batch [99/300], Loss: 1.2291 (Overall: 0.8487, Change: 1.4136), TF Ratio: 0.920
[2026-06-15 06:56:25,945][root][INFO] - Epoch [2/5], Batch [100/300], Loss: 1.2276 (Overall: 0.6543, Change: 1.4982), TF Ratio: 0.920
[2026-06-15 06:56:26,119][root][INFO] - Epoch [2/5], Batch [101/300], Loss: 1.2256 (Overall: 0.7950, Change: 1.2693), TF Ratio: 0.920
[2026-06-15 06:56:26,272][root][INFO] - Epoch [2/5], Batch [102/300], Loss: 1.2253 (Overall: 0.9682, Change: 1.4170), TF Ratio: 0.920
[2026-06-15 06:56:26,436][root][INFO] - Epoch [2/5], Batch [103/300], Loss: 1.2259 (Overall: 0.9076, Change: 1.6531), TF Ratio: 0.919
[2026-06-15 06:56:26,632][root][INFO] - Epoch [2/5], Batch [104/300], Loss: 1.2275 (Overall: 1.2954, Change: 1.5023), TF Ratio: 0.919
[2026-06-15 06:56:26,795][root][INFO] - Epoch [2/5], Batch [105/300], Loss: 1.2260 (Overall: 0.7386, Change: 1.4073), TF Ratio: 0.919
[2026-06-15 06:56:26,949][root][INFO] - Epoch [2/5], Batch [106/300], Loss: 1.2249 (Overall: 0.6262, Change: 1.5858), TF Ratio: 0.919
[2026-06-15 06:56:27,133][root][INFO] - Epoch [2/5], Batch [107/300], Loss: 1.2228 (Overall: 0.7692, Change: 1.2248), TF Ratio: 0.919
[2026-06-15 06:56:27,313][root][INFO] - Epoch [2/5], Batch [108/300], Loss: 1.2227 (Overall: 0.7818, Change: 1.6388), TF Ratio: 0.918
[2026-06-15 06:56:27,470][root][INFO] - Epoch [2/5], Batch [109/300], Loss: 1.2213 (Overall: 0.6914, Change: 1.4572), TF Ratio: 0.918
[2026-06-15 06:56:27,629][root][INFO] - Epoch [2/5], Batch [110/300], Loss: 1.2200 (Overall: 0.6582, Change: 1.5060), TF Ratio: 0.918
[2026-06-15 06:56:27,783][root][INFO] - Epoch [2/5], Batch [111/300], Loss: 1.2193 (Overall: 1.1016, Change: 1.1763), TF Ratio: 0.918
[2026-06-15 06:56:27,966][root][INFO] - Epoch [2/5], Batch [112/300], Loss: 1.2185 (Overall: 0.6793, Change: 1.5875), TF Ratio: 0.918
[2026-06-15 06:56:28,127][root][INFO] - Epoch [2/5], Batch [113/300], Loss: 1.2175 (Overall: 0.6892, Change: 1.5095), TF Ratio: 0.917
[2026-06-15 06:56:28,286][root][INFO] - Epoch [2/5], Batch [114/300], Loss: 1.2186 (Overall: 0.9967, Change: 1.6981), TF Ratio: 0.917
[2026-06-15 06:56:28,449][root][INFO] - Epoch [2/5], Batch [115/300], Loss: 1.2177 (Overall: 0.7198, Change: 1.5116), TF Ratio: 0.917
[2026-06-15 06:56:28,631][root][INFO] - Epoch [2/5], Batch [116/300], Loss: 1.2181 (Overall: 0.9493, Change: 1.5774), TF Ratio: 0.917
[2026-06-15 06:56:28,786][root][INFO] - Epoch [2/5], Batch [117/300], Loss: 1.2181 (Overall: 0.9447, Change: 1.4907), TF Ratio: 0.917
[2026-06-15 06:56:28,938][root][INFO] - Epoch [2/5], Batch [118/300], Loss: 1.2165 (Overall: 0.9123, Change: 1.1483), TF Ratio: 0.916
[2026-06-15 06:56:29,093][root][INFO] - Epoch [2/5], Batch [119/300], Loss: 1.2174 (Overall: 0.7320, Change: 1.9177), TF Ratio: 0.916
[2026-06-15 06:56:29,289][root][INFO] - Epoch [2/5], Batch [120/300], Loss: 1.2180 (Overall: 0.8005, Change: 1.7719), TF Ratio: 0.916
[2026-06-15 06:56:29,444][root][INFO] - Epoch [2/5], Batch [121/300], Loss: 1.2182 (Overall: 0.9112, Change: 1.5584), TF Ratio: 0.916
[2026-06-15 06:56:29,604][root][INFO] - Epoch [2/5], Batch [122/300], Loss: 1.2161 (Overall: 0.8404, Change: 1.1067), TF Ratio: 0.916
[2026-06-15 06:56:29,757][root][INFO] - Epoch [2/5], Batch [123/300], Loss: 1.2150 (Overall: 1.0346, Change: 1.1140), TF Ratio: 0.915
[2026-06-15 06:56:29,933][root][INFO] - Epoch [2/5], Batch [124/300], Loss: 1.2144 (Overall: 0.6827, Change: 1.5939), TF Ratio: 0.915
[2026-06-15 06:56:30,087][root][INFO] - Epoch [2/5], Batch [125/300], Loss: 1.2140 (Overall: 1.0629, Change: 1.2779), TF Ratio: 0.915
[2026-06-15 06:56:30,240][root][INFO] - Epoch [2/5], Batch [126/300], Loss: 1.2125 (Overall: 0.8174, Change: 1.2254), TF Ratio: 0.915
[2026-06-15 06:56:30,395][root][INFO] - Epoch [2/5], Batch [127/300], Loss: 1.2093 (Overall: 0.6163, Change: 0.9898), TF Ratio: 0.915
[2026-06-15 06:56:30,591][root][INFO] - Epoch [2/5], Batch [128/300], Loss: 1.2093 (Overall: 0.9168, Change: 1.4961), TF Ratio: 0.914
[2026-06-15 06:56:30,746][root][INFO] - Epoch [2/5], Batch [129/300], Loss: 1.2089 (Overall: 0.7038, Change: 1.6132), TF Ratio: 0.914
[2026-06-15 06:56:30,899][root][INFO] - Epoch [2/5], Batch [130/300], Loss: 1.2080 (Overall: 0.8437, Change: 1.3489), TF Ratio: 0.914
[2026-06-15 06:56:31,053][root][INFO] - Epoch [2/5], Batch [131/300], Loss: 1.2083 (Overall: 0.8894, Change: 1.6134), TF Ratio: 0.914
[2026-06-15 06:56:31,252][root][INFO] - Epoch [2/5], Batch [132/300], Loss: 1.2083 (Overall: 0.7809, Change: 1.6178), TF Ratio: 0.914
[2026-06-15 06:56:31,407][root][INFO] - Epoch [2/5], Batch [133/300], Loss: 1.2064 (Overall: 0.6838, Change: 1.2306), TF Ratio: 0.913
[2026-06-15 06:56:31,560][root][INFO] - Epoch [2/5], Batch [134/300], Loss: 1.2051 (Overall: 0.7602, Change: 1.3176), TF Ratio: 0.913
[2026-06-15 06:56:31,716][root][INFO] - Epoch [2/5], Batch [135/300], Loss: 1.2061 (Overall: 1.0494, Change: 1.6371), TF Ratio: 0.913
[2026-06-15 06:56:31,943][root][INFO] - Epoch [2/5], Batch [136/300], Loss: 1.2043 (Overall: 0.6996, Change: 1.2130), TF Ratio: 0.913
[2026-06-15 06:56:32,099][root][INFO] - Epoch [2/5], Batch [137/300], Loss: 1.2016 (Overall: 0.6350, Change: 1.0382), TF Ratio: 0.913
[2026-06-15 06:56:32,252][root][INFO] - Epoch [2/5], Batch [138/300], Loss: 1.2023 (Overall: 0.9368, Change: 1.6565), TF Ratio: 0.912
[2026-06-15 06:56:32,405][root][INFO] - Epoch [2/5], Batch [139/300], Loss: 1.2014 (Overall: 0.8823, Change: 1.2802), TF Ratio: 0.912
[2026-06-15 06:56:32,609][root][INFO] - Epoch [2/5], Batch [140/300], Loss: 1.2011 (Overall: 0.7656, Change: 1.5387), TF Ratio: 0.912
[2026-06-15 06:56:32,770][root][INFO] - Epoch [2/5], Batch [141/300], Loss: 1.1994 (Overall: 0.7009, Change: 1.2182), TF Ratio: 0.912
[2026-06-15 06:56:33,007][root][INFO] - Epoch [2/5], Batch [142/300], Loss: 1.1995 (Overall: 0.9106, Change: 1.5184), TF Ratio: 0.912
[2026-06-15 06:56:33,166][root][INFO] - Epoch [2/5], Batch [143/300], Loss: 1.2012 (Overall: 1.3268, Change: 1.5555), TF Ratio: 0.911
[2026-06-15 06:56:33,331][root][INFO] - Epoch [2/5], Batch [144/300], Loss: 1.2009 (Overall: 0.7551, Change: 1.5648), TF Ratio: 0.911
[2026-06-15 06:56:33,493][root][INFO] - Epoch [2/5], Batch [145/300], Loss: 1.2003 (Overall: 0.6534, Change: 1.5685), TF Ratio: 0.911
[2026-06-15 06:56:33,649][root][INFO] - Epoch [2/5], Batch [146/300], Loss: 1.2002 (Overall: 0.6089, Change: 1.7668), TF Ratio: 0.911
[2026-06-15 06:56:33,802][root][INFO] - Epoch [2/5], Batch [147/300], Loss: 1.1997 (Overall: 0.5463, Change: 1.7036), TF Ratio: 0.911
[2026-06-15 06:56:33,988][root][INFO] - Epoch [2/5], Batch [148/300], Loss: 1.2011 (Overall: 1.2569, Change: 1.5704), TF Ratio: 0.910
[2026-06-15 06:56:34,156][root][INFO] - Epoch [2/5], Batch [149/300], Loss: 1.2023 (Overall: 1.0137, Change: 1.7532), TF Ratio: 0.910
[2026-06-15 06:56:34,310][root][INFO] - Epoch [2/5], Batch [150/300], Loss: 1.2015 (Overall: 0.7795, Change: 1.3852), TF Ratio: 0.910
[2026-06-15 06:56:34,463][root][INFO] - Epoch [2/5], Batch [151/300], Loss: 1.2009 (Overall: 0.7554, Change: 1.4604), TF Ratio: 0.910
[2026-06-15 06:56:34,637][root][INFO] - Epoch [2/5], Batch [152/300], Loss: 1.2009 (Overall: 0.9421, Change: 1.4595), TF Ratio: 0.910
[2026-06-15 06:56:34,802][root][INFO] - Epoch [2/5], Batch [153/300], Loss: 1.1994 (Overall: 0.9742, Change: 0.9494), TF Ratio: 0.909
[2026-06-15 06:56:34,957][root][INFO] - Epoch [2/5], Batch [154/300], Loss: 1.1976 (Overall: 0.9415, Change: 0.9087), TF Ratio: 0.909
[2026-06-15 06:56:35,111][root][INFO] - Epoch [2/5], Batch [155/300], Loss: 1.1964 (Overall: 0.7719, Change: 1.2739), TF Ratio: 0.909
[2026-06-15 06:56:35,289][root][INFO] - Epoch [2/5], Batch [156/300], Loss: 1.1954 (Overall: 0.9689, Change: 1.0959), TF Ratio: 0.909
[2026-06-15 06:56:35,442][root][INFO] - Epoch [2/5], Batch [157/300], Loss: 1.1942 (Overall: 0.7525, Change: 1.2499), TF Ratio: 0.909
[2026-06-15 06:56:35,595][root][INFO] - Epoch [2/5], Batch [158/300], Loss: 1.1956 (Overall: 1.0418, Change: 1.7982), TF Ratio: 0.908
[2026-06-15 06:56:35,748][root][INFO] - Epoch [2/5], Batch [159/300], Loss: 1.1936 (Overall: 0.8693, Change: 0.9039), TF Ratio: 0.908
[2026-06-15 06:56:35,962][root][INFO] - Epoch [2/5], Batch [160/300], Loss: 1.1937 (Overall: 0.5683, Change: 1.8216), TF Ratio: 0.908
[2026-06-15 06:56:36,115][root][INFO] - Epoch [2/5], Batch [161/300], Loss: 1.1928 (Overall: 0.8113, Change: 1.3113), TF Ratio: 0.908
[2026-06-15 06:56:36,269][root][INFO] - Epoch [2/5], Batch [162/300], Loss: 1.1914 (Overall: 0.7308, Change: 1.1997), TF Ratio: 0.908
[2026-06-15 06:56:36,423][root][INFO] - Epoch [2/5], Batch [163/300], Loss: 1.1909 (Overall: 0.6848, Change: 1.5321), TF Ratio: 0.907
[2026-06-15 06:56:36,621][root][INFO] - Epoch [2/5], Batch [164/300], Loss: 1.1907 (Overall: 0.7408, Change: 1.5707), TF Ratio: 0.907
[2026-06-15 06:56:36,776][root][INFO] - Epoch [2/5], Batch [165/300], Loss: 1.1913 (Overall: 1.0652, Change: 1.5067), TF Ratio: 0.907
[2026-06-15 06:56:36,930][root][INFO] - Epoch [2/5], Batch [166/300], Loss: 1.1914 (Overall: 0.6248, Change: 1.7999), TF Ratio: 0.907
[2026-06-15 06:56:37,084][root][INFO] - Epoch [2/5], Batch [167/300], Loss: 1.1915 (Overall: 0.8620, Change: 1.5373), TF Ratio: 0.907
[2026-06-15 06:56:37,284][root][INFO] - Epoch [2/5], Batch [168/300], Loss: 1.1903 (Overall: 0.7142, Change: 1.2955), TF Ratio: 0.906
[2026-06-15 06:56:37,438][root][INFO] - Epoch [2/5], Batch [169/300], Loss: 1.1914 (Overall: 1.0336, Change: 1.6892), TF Ratio: 0.906
[2026-06-15 06:56:37,593][root][INFO] - Epoch [2/5], Batch [170/300], Loss: 1.1898 (Overall: 0.7162, Change: 1.1322), TF Ratio: 0.906
[2026-06-15 06:56:37,749][root][INFO] - Epoch [2/5], Batch [171/300], Loss: 1.1918 (Overall: 1.4963, Change: 1.5684), TF Ratio: 0.906
[2026-06-15 06:56:37,951][root][INFO] - Epoch [2/5], Batch [172/300], Loss: 1.1924 (Overall: 0.9299, Change: 1.6525), TF Ratio: 0.906
[2026-06-15 06:56:38,117][root][INFO] - Epoch [2/5], Batch [173/300], Loss: 1.1914 (Overall: 0.7605, Change: 1.2957), TF Ratio: 0.905
[2026-06-15 06:56:38,277][root][INFO] - Epoch [2/5], Batch [174/300], Loss: 1.1917 (Overall: 0.6639, Change: 1.8036), TF Ratio: 0.905
[2026-06-15 06:56:38,430][root][INFO] - Epoch [2/5], Batch [175/300], Loss: 1.1906 (Overall: 0.8209, Change: 1.2016), TF Ratio: 0.905
[2026-06-15 06:56:38,619][root][INFO] - Epoch [2/5], Batch [176/300], Loss: 1.1905 (Overall: 0.8976, Change: 1.4532), TF Ratio: 0.905
[2026-06-15 06:56:38,792][root][INFO] - Epoch [2/5], Batch [177/300], Loss: 1.1902 (Overall: 0.6709, Change: 1.5869), TF Ratio: 0.905
[2026-06-15 06:56:38,953][root][INFO] - Epoch [2/5], Batch [178/300], Loss: 1.1897 (Overall: 0.7510, Change: 1.4542), TF Ratio: 0.904
[2026-06-15 06:56:39,106][root][INFO] - Epoch [2/5], Batch [179/300], Loss: 1.1905 (Overall: 0.9670, Change: 1.7073), TF Ratio: 0.904
[2026-06-15 06:56:39,295][root][INFO] - Epoch [2/5], Batch [180/300], Loss: 1.1914 (Overall: 0.8808, Change: 1.7990), TF Ratio: 0.904
[2026-06-15 06:56:39,450][root][INFO] - Epoch [2/5], Batch [181/300], Loss: 1.1915 (Overall: 0.6094, Change: 1.8134), TF Ratio: 0.904
[2026-06-15 06:56:39,604][root][INFO] - Epoch [2/5], Batch [182/300], Loss: 1.1908 (Overall: 0.6836, Change: 1.4556), TF Ratio: 0.904
[2026-06-15 06:56:39,768][root][INFO] - Epoch [2/5], Batch [183/300], Loss: 1.1901 (Overall: 0.6426, Change: 1.4723), TF Ratio: 0.903
[2026-06-15 06:56:39,982][root][INFO] - Epoch [2/5], Batch [184/300], Loss: 1.1910 (Overall: 1.2690, Change: 1.4656), TF Ratio: 0.903
[2026-06-15 06:56:40,136][root][INFO] - Epoch [2/5], Batch [185/300], Loss: 1.1910 (Overall: 0.8745, Change: 1.5042), TF Ratio: 0.903
[2026-06-15 06:56:40,289][root][INFO] - Epoch [2/5], Batch [186/300], Loss: 1.1908 (Overall: 1.1810, Change: 1.1021), TF Ratio: 0.903
[2026-06-15 06:56:40,444][root][INFO] - Epoch [2/5], Batch [187/300], Loss: 1.1902 (Overall: 0.9770, Change: 1.1871), TF Ratio: 0.903
[2026-06-15 06:56:40,626][root][INFO] - Epoch [2/5], Batch [188/300], Loss: 1.1891 (Overall: 0.7877, Change: 1.1999), TF Ratio: 0.902
[2026-06-15 06:56:40,780][root][INFO] - Epoch [2/5], Batch [189/300], Loss: 1.1896 (Overall: 1.1053, Change: 1.4528), TF Ratio: 0.902
[2026-06-15 06:56:40,934][root][INFO] - Epoch [2/5], Batch [190/300], Loss: 1.1893 (Overall: 0.9598, Change: 1.2923), TF Ratio: 0.902
[2026-06-15 06:56:41,088][root][INFO] - Epoch [2/5], Batch [191/300], Loss: 1.1894 (Overall: 0.6439, Change: 1.7673), TF Ratio: 0.902
[2026-06-15 06:56:41,288][root][INFO] - Epoch [2/5], Batch [192/300], Loss: 1.1881 (Overall: 0.6849, Change: 1.1995), TF Ratio: 0.902
[2026-06-15 06:56:41,444][root][INFO] - Epoch [2/5], Batch [193/300], Loss: 1.1870 (Overall: 0.7335, Change: 1.2263), TF Ratio: 0.901
[2026-06-15 06:56:41,608][root][INFO] - Epoch [2/5], Batch [194/300], Loss: 1.1875 (Overall: 1.0090, Change: 1.5601), TF Ratio: 0.901
[2026-06-15 06:56:41,761][root][INFO] - Epoch [2/5], Batch [195/300], Loss: 1.1863 (Overall: 0.6782, Change: 1.2164), TF Ratio: 0.901
[2026-06-15 06:56:41,953][root][INFO] - Epoch [2/5], Batch [196/300], Loss: 1.1854 (Overall: 0.7639, Change: 1.2816), TF Ratio: 0.901
[2026-06-15 06:56:42,126][root][INFO] - Epoch [2/5], Batch [197/300], Loss: 1.1847 (Overall: 0.8697, Change: 1.2182), TF Ratio: 0.901
[2026-06-15 06:56:42,282][root][INFO] - Epoch [2/5], Batch [198/300], Loss: 1.1847 (Overall: 0.9246, Change: 1.4410), TF Ratio: 0.900
[2026-06-15 06:56:42,435][root][INFO] - Epoch [2/5], Batch [199/300], Loss: 1.1845 (Overall: 0.7241, Change: 1.5535), TF Ratio: 0.900
[2026-06-15 06:56:42,638][root][INFO] - Epoch [2/5], Batch [200/300], Loss: 1.1851 (Overall: 0.8551, Change: 1.7676), TF Ratio: 0.900
[2026-06-15 06:56:42,792][root][INFO] - Epoch [2/5], Batch [201/300], Loss: 1.1853 (Overall: 1.0968, Change: 1.3435), TF Ratio: 0.900
[2026-06-15 06:56:42,970][root][INFO] - Epoch [2/5], Batch [202/300], Loss: 1.1856 (Overall: 0.9413, Change: 1.5514), TF Ratio: 0.900
[2026-06-15 06:56:43,124][root][INFO] - Epoch [2/5], Batch [203/300], Loss: 1.1870 (Overall: 1.2208, Change: 1.7281), TF Ratio: 0.899
[2026-06-15 06:56:43,310][root][INFO] - Epoch [2/5], Batch [204/300], Loss: 1.1867 (Overall: 0.6811, Change: 1.5659), TF Ratio: 0.899
[2026-06-15 06:56:43,464][root][INFO] - Epoch [2/5], Batch [205/300], Loss: 1.1854 (Overall: 0.7480, Change: 1.1007), TF Ratio: 0.899
[2026-06-15 06:56:43,618][root][INFO] - Epoch [2/5], Batch [206/300], Loss: 1.1842 (Overall: 0.7812, Change: 1.0761), TF Ratio: 0.899
[2026-06-15 06:56:43,772][root][INFO] - Epoch [2/5], Batch [207/300], Loss: 1.1821 (Overall: 0.7734, Change: 0.7583), TF Ratio: 0.899
[2026-06-15 06:56:43,966][root][INFO] - Epoch [2/5], Batch [208/300], Loss: 1.1823 (Overall: 0.9981, Change: 1.4338), TF Ratio: 0.898
[2026-06-15 06:56:44,122][root][INFO] - Epoch [2/5], Batch [209/300], Loss: 1.1825 (Overall: 0.8399, Change: 1.6167), TF Ratio: 0.898
[2026-06-15 06:56:44,274][root][INFO] - Epoch [2/5], Batch [210/300], Loss: 1.1820 (Overall: 0.8519, Change: 1.2937), TF Ratio: 0.898
[2026-06-15 06:56:44,427][root][INFO] - Epoch [2/5], Batch [211/300], Loss: 1.1819 (Overall: 1.1034, Change: 1.2261), TF Ratio: 0.898
[2026-06-15 06:56:44,610][root][INFO] - Epoch [2/5], Batch [212/300], Loss: 1.1819 (Overall: 0.9303, Change: 1.4290), TF Ratio: 0.898
[2026-06-15 06:56:44,763][root][INFO] - Epoch [2/5], Batch [213/300], Loss: 1.1802 (Overall: 0.6136, Change: 1.0128), TF Ratio: 0.897
[2026-06-15 06:56:44,915][root][INFO] - Epoch [2/5], Batch [214/300], Loss: 1.1801 (Overall: 0.8222, Change: 1.4961), TF Ratio: 0.897
[2026-06-15 06:56:45,068][root][INFO] - Epoch [2/5], Batch [215/300], Loss: 1.1794 (Overall: 0.8209, Change: 1.2483), TF Ratio: 0.897
[2026-06-15 06:56:45,254][root][INFO] - Epoch [2/5], Batch [216/300], Loss: 1.1777 (Overall: 0.8396, Change: 0.7993), TF Ratio: 0.897
[2026-06-15 06:56:45,407][root][INFO] - Epoch [2/5], Batch [217/300], Loss: 1.1777 (Overall: 0.8363, Change: 1.4927), TF Ratio: 0.897
[2026-06-15 06:56:45,561][root][INFO] - Epoch [2/5], Batch [218/300], Loss: 1.1772 (Overall: 0.6511, Change: 1.4985), TF Ratio: 0.896
[2026-06-15 06:56:45,715][root][INFO] - Epoch [2/5], Batch [219/300], Loss: 1.1776 (Overall: 0.9374, Change: 1.5681), TF Ratio: 0.896
[2026-06-15 06:56:45,916][root][INFO] - Epoch [2/5], Batch [220/300], Loss: 1.1789 (Overall: 1.4737, Change: 1.4899), TF Ratio: 0.896
[2026-06-15 06:56:46,070][root][INFO] - Epoch [2/5], Batch [221/300], Loss: 1.1781 (Overall: 0.7125, Change: 1.2701), TF Ratio: 0.896
[2026-06-15 06:56:46,227][root][INFO] - Epoch [2/5], Batch [222/300], Loss: 1.1781 (Overall: 0.8036, Change: 1.5550), TF Ratio: 0.896
[2026-06-15 06:56:46,383][root][INFO] - Epoch [2/5], Batch [223/300], Loss: 1.1777 (Overall: 0.6620, Change: 1.5158), TF Ratio: 0.895
[2026-06-15 06:56:46,580][root][INFO] - Epoch [2/5], Batch [224/300], Loss: 1.1775 (Overall: 0.7991, Change: 1.4590), TF Ratio: 0.895
[2026-06-15 06:56:46,762][root][INFO] - Epoch [2/5], Batch [225/300], Loss: 1.1760 (Overall: 0.5475, Change: 1.1294), TF Ratio: 0.895
[2026-06-15 06:56:46,916][root][INFO] - Epoch [2/5], Batch [226/300], Loss: 1.1738 (Overall: 0.7119, Change: 0.6756), TF Ratio: 0.895
[2026-06-15 06:56:47,072][root][INFO] - Epoch [2/5], Batch [227/300], Loss: 1.1734 (Overall: 0.7396, Change: 1.4295), TF Ratio: 0.895
[2026-06-15 06:56:47,241][root][INFO] - Epoch [2/5], Batch [228/300], Loss: 1.1730 (Overall: 0.7601, Change: 1.3686), TF Ratio: 0.894
[2026-06-15 06:56:47,396][root][INFO] - Epoch [2/5], Batch [229/300], Loss: 1.1717 (Overall: 0.5657, Change: 1.2038), TF Ratio: 0.894
[2026-06-15 06:56:47,548][root][INFO] - Epoch [2/5], Batch [230/300], Loss: 1.1717 (Overall: 0.8600, Change: 1.4648), TF Ratio: 0.894
[2026-06-15 06:56:47,701][root][INFO] - Epoch [2/5], Batch [231/300], Loss: 1.1704 (Overall: 0.7944, Change: 0.9488), TF Ratio: 0.894
[2026-06-15 06:56:47,893][root][INFO] - Epoch [2/5], Batch [232/300], Loss: 1.1700 (Overall: 0.6024, Change: 1.5794), TF Ratio: 0.894
[2026-06-15 06:56:48,049][root][INFO] - Epoch [2/5], Batch [233/300], Loss: 1.1694 (Overall: 0.7086, Change: 1.3190), TF Ratio: 0.893
[2026-06-15 06:56:48,213][root][INFO] - Epoch [2/5], Batch [234/300], Loss: 1.1679 (Overall: 0.8578, Change: 0.8025), TF Ratio: 0.893
[2026-06-15 06:56:48,368][root][INFO] - Epoch [2/5], Batch [235/300], Loss: 1.1687 (Overall: 1.2470, Change: 1.4734), TF Ratio: 0.893
[2026-06-15 06:56:48,536][root][INFO] - Epoch [2/5], Batch [236/300], Loss: 1.1691 (Overall: 0.9885, Change: 1.5492), TF Ratio: 0.893
[2026-06-15 06:56:48,691][root][INFO] - Epoch [2/5], Batch [237/300], Loss: 1.1686 (Overall: 0.5871, Change: 1.4827), TF Ratio: 0.893
[2026-06-15 06:56:48,847][root][INFO] - Epoch [2/5], Batch [238/300], Loss: 1.1670 (Overall: 0.7476, Change: 0.8390), TF Ratio: 0.892
[2026-06-15 06:56:49,001][root][INFO] - Epoch [2/5], Batch [239/300], Loss: 1.1682 (Overall: 1.1521, Change: 1.7585), TF Ratio: 0.892
[2026-06-15 06:56:49,188][root][INFO] - Epoch [2/5], Batch [240/300], Loss: 1.1670 (Overall: 0.5945, Change: 1.1682), TF Ratio: 0.892
[2026-06-15 06:56:49,343][root][INFO] - Epoch [2/5], Batch [241/300], Loss: 1.1664 (Overall: 0.7243, Change: 1.3255), TF Ratio: 0.892
[2026-06-15 06:56:49,495][root][INFO] - Epoch [2/5], Batch [242/300], Loss: 1.1655 (Overall: 0.9575, Change: 0.9381), TF Ratio: 0.892
[2026-06-15 06:56:49,648][root][INFO] - Epoch [2/5], Batch [243/300], Loss: 1.1656 (Overall: 0.7929, Change: 1.5873), TF Ratio: 0.891
[2026-06-15 06:56:49,845][root][INFO] - Epoch [2/5], Batch [244/300], Loss: 1.1644 (Overall: 0.8008, Change: 0.9315), TF Ratio: 0.891
[2026-06-15 06:56:49,999][root][INFO] - Epoch [2/5], Batch [245/300], Loss: 1.1641 (Overall: 0.6030, Change: 1.5924), TF Ratio: 0.891
[2026-06-15 06:56:50,165][root][INFO] - Epoch [2/5], Batch [246/300], Loss: 1.1634 (Overall: 0.6025, Change: 1.3496), TF Ratio: 0.891
[2026-06-15 06:56:50,319][root][INFO] - Epoch [2/5], Batch [247/300], Loss: 1.1633 (Overall: 0.8659, Change: 1.4270), TF Ratio: 0.891
[2026-06-15 06:56:50,509][root][INFO] - Epoch [2/5], Batch [248/300], Loss: 1.1626 (Overall: 0.6362, Change: 1.3712), TF Ratio: 0.890
[2026-06-15 06:56:50,671][root][INFO] - Epoch [2/5], Batch [249/300], Loss: 1.1613 (Overall: 0.7488, Change: 0.9182), TF Ratio: 0.890
[2026-06-15 06:56:50,823][root][INFO] - Epoch [2/5], Batch [250/300], Loss: 1.1614 (Overall: 0.7687, Change: 1.5784), TF Ratio: 0.890
[2026-06-15 06:56:50,979][root][INFO] - Epoch [2/5], Batch [251/300], Loss: 1.1611 (Overall: 0.6596, Change: 1.5347), TF Ratio: 0.890
[2026-06-15 06:56:51,164][root][INFO] - Epoch [2/5], Batch [252/300], Loss: 1.1620 (Overall: 0.8672, Change: 1.9017), TF Ratio: 0.890
[2026-06-15 06:56:51,332][root][INFO] - Epoch [2/5], Batch [253/300], Loss: 1.1615 (Overall: 0.9284, Change: 1.1474), TF Ratio: 0.889
[2026-06-15 06:56:51,492][root][INFO] - Epoch [2/5], Batch [254/300], Loss: 1.1607 (Overall: 0.6891, Change: 1.1968), TF Ratio: 0.889
[2026-06-15 06:56:51,645][root][INFO] - Epoch [2/5], Batch [255/300], Loss: 1.1605 (Overall: 0.8461, Change: 1.4108), TF Ratio: 0.889
[2026-06-15 06:56:51,834][root][INFO] - Epoch [2/5], Batch [256/300], Loss: 1.1605 (Overall: 0.8441, Change: 1.4757), TF Ratio: 0.889
[2026-06-15 06:56:51,989][root][INFO] - Epoch [2/5], Batch [257/300], Loss: 1.1608 (Overall: 0.6394, Change: 1.7989), TF Ratio: 0.889
[2026-06-15 06:56:52,142][root][INFO] - Epoch [2/5], Batch [258/300], Loss: 1.1606 (Overall: 0.7501, Change: 1.5105), TF Ratio: 0.888
[2026-06-15 06:56:52,295][root][INFO] - Epoch [2/5], Batch [259/300], Loss: 1.1630 (Overall: 1.5905, Change: 1.9624), TF Ratio: 0.888
[2026-06-15 06:56:52,494][root][INFO] - Epoch [2/5], Batch [260/300], Loss: 1.1634 (Overall: 1.1306, Change: 1.3972), TF Ratio: 0.888
[2026-06-15 06:56:52,648][root][INFO] - Epoch [2/5], Batch [261/300], Loss: 1.1623 (Overall: 0.6562, Change: 1.1168), TF Ratio: 0.888
[2026-06-15 06:56:52,802][root][INFO] - Epoch [2/5], Batch [262/300], Loss: 1.1621 (Overall: 0.9717, Change: 1.2079), TF Ratio: 0.888
[2026-06-15 06:56:52,957][root][INFO] - Epoch [2/5], Batch [263/300], Loss: 1.1606 (Overall: 0.5287, Change: 1.0326), TF Ratio: 0.887
[2026-06-15 06:56:53,160][root][INFO] - Epoch [2/5], Batch [264/300], Loss: 1.1605 (Overall: 0.7995, Change: 1.4721), TF Ratio: 0.887
[2026-06-15 06:56:53,324][root][INFO] - Epoch [2/5], Batch [265/300], Loss: 1.1609 (Overall: 1.1609, Change: 1.3683), TF Ratio: 0.887
[2026-06-15 06:56:53,480][root][INFO] - Epoch [2/5], Batch [266/300], Loss: 1.1608 (Overall: 0.5807, Change: 1.7001), TF Ratio: 0.887
[2026-06-15 06:56:53,634][root][INFO] - Epoch [2/5], Batch [267/300], Loss: 1.1605 (Overall: 0.9049, Change: 1.2217), TF Ratio: 0.887
[2026-06-15 06:56:53,821][root][INFO] - Epoch [2/5], Batch [268/300], Loss: 1.1606 (Overall: 0.9596, Change: 1.4382), TF Ratio: 0.886
[2026-06-15 06:56:53,977][root][INFO] - Epoch [2/5], Batch [269/300], Loss: 1.1609 (Overall: 1.0187, Change: 1.4535), TF Ratio: 0.886
[2026-06-15 06:56:54,140][root][INFO] - Epoch [2/5], Batch [270/300], Loss: 1.1594 (Overall: 0.5795, Change: 0.9571), TF Ratio: 0.886
[2026-06-15 06:56:54,293][root][INFO] - Epoch [2/5], Batch [271/300], Loss: 1.1592 (Overall: 0.5618, Change: 1.6336), TF Ratio: 0.886
[2026-06-15 06:56:54,473][root][INFO] - Epoch [2/5], Batch [272/300], Loss: 1.1586 (Overall: 0.9095, Change: 1.0830), TF Ratio: 0.886
[2026-06-15 06:56:54,629][root][INFO] - Epoch [2/5], Batch [273/300], Loss: 1.1591 (Overall: 1.1309, Change: 1.4714), TF Ratio: 0.885
[2026-06-15 06:56:54,798][root][INFO] - Epoch [2/5], Batch [274/300], Loss: 1.1583 (Overall: 0.6231, Change: 1.2654), TF Ratio: 0.885
[2026-06-15 06:56:54,964][root][INFO] - Epoch [2/5], Batch [275/300], Loss: 1.1600 (Overall: 0.8635, Change: 2.3796), TF Ratio: 0.885
[2026-06-15 06:56:55,138][root][INFO] - Epoch [2/5], Batch [276/300], Loss: 1.1605 (Overall: 0.7380, Change: 1.8630), TF Ratio: 0.885
[2026-06-15 06:56:55,293][root][INFO] - Epoch [2/5], Batch [277/300], Loss: 1.1609 (Overall: 0.8127, Change: 1.7328), TF Ratio: 0.885
[2026-06-15 06:56:55,458][root][INFO] - Epoch [2/5], Batch [278/300], Loss: 1.1598 (Overall: 0.8044, Change: 0.8610), TF Ratio: 0.884
[2026-06-15 06:56:55,611][root][INFO] - Epoch [2/5], Batch [279/300], Loss: 1.1599 (Overall: 0.9655, Change: 1.4100), TF Ratio: 0.884
[2026-06-15 06:56:55,779][root][INFO] - Epoch [2/5], Batch [280/300], Loss: 1.1592 (Overall: 0.6965, Change: 1.2240), TF Ratio: 0.884
[2026-06-15 06:56:55,941][root][INFO] - Epoch [2/5], Batch [281/300], Loss: 1.1588 (Overall: 0.7264, Change: 1.3821), TF Ratio: 0.884
[2026-06-15 06:56:56,096][root][INFO] - Epoch [2/5], Batch [282/300], Loss: 1.1598 (Overall: 1.2730, Change: 1.6039), TF Ratio: 0.884
[2026-06-15 06:56:56,255][root][INFO] - Epoch [2/5], Batch [283/300], Loss: 1.1607 (Overall: 1.0548, Change: 1.7838), TF Ratio: 0.883
[2026-06-15 06:56:56,440][root][INFO] - Epoch [2/5], Batch [284/300], Loss: 1.1601 (Overall: 0.7225, Change: 1.2575), TF Ratio: 0.883
[2026-06-15 06:56:56,599][root][INFO] - Epoch [2/5], Batch [285/300], Loss: 1.1588 (Overall: 0.5595, Change: 1.0125), TF Ratio: 0.883
[2026-06-15 06:56:56,764][root][INFO] - Epoch [2/5], Batch [286/300], Loss: 1.1594 (Overall: 0.9033, Change: 1.7553), TF Ratio: 0.883
[2026-06-15 06:56:56,919][root][INFO] - Epoch [2/5], Batch [287/300], Loss: 1.1590 (Overall: 0.5805, Change: 1.5400), TF Ratio: 0.883
[2026-06-15 06:56:57,105][root][INFO] - Epoch [2/5], Batch [288/300], Loss: 1.1591 (Overall: 1.0884, Change: 1.2544), TF Ratio: 0.882
[2026-06-15 06:56:57,262][root][INFO] - Epoch [2/5], Batch [289/300], Loss: 1.1586 (Overall: 0.7422, Change: 1.2777), TF Ratio: 0.882
[2026-06-15 06:56:57,416][root][INFO] - Epoch [2/5], Batch [290/300], Loss: 1.1585 (Overall: 0.8914, Change: 1.3928), TF Ratio: 0.882
[2026-06-15 06:56:57,569][root][INFO] - Epoch [2/5], Batch [291/300], Loss: 1.1579 (Overall: 0.6369, Change: 1.3510), TF Ratio: 0.882
[2026-06-15 06:56:57,766][root][INFO] - Epoch [2/5], Batch [292/300], Loss: 1.1580 (Overall: 0.8431, Change: 1.5291), TF Ratio: 0.882
[2026-06-15 06:56:57,920][root][INFO] - Epoch [2/5], Batch [293/300], Loss: 1.1574 (Overall: 0.5920, Change: 1.3481), TF Ratio: 0.881
[2026-06-15 06:56:58,073][root][INFO] - Epoch [2/5], Batch [294/300], Loss: 1.1560 (Overall: 0.7602, Change: 0.7412), TF Ratio: 0.881
[2026-06-15 06:56:58,226][root][INFO] - Epoch [2/5], Batch [295/300], Loss: 1.1564 (Overall: 0.8777, Change: 1.6915), TF Ratio: 0.881
[2026-06-15 06:56:58,426][root][INFO] - Epoch [2/5], Batch [296/300], Loss: 1.1573 (Overall: 1.3720, Change: 1.4625), TF Ratio: 0.881
[2026-06-15 06:56:58,579][root][INFO] - Epoch [2/5], Batch [297/300], Loss: 1.1574 (Overall: 0.8857, Change: 1.5057), TF Ratio: 0.881
[2026-06-15 06:56:58,733][root][INFO] - Epoch [2/5], Batch [298/300], Loss: 1.1568 (Overall: 0.5584, Change: 1.3400), TF Ratio: 0.880
[2026-06-15 06:56:58,885][root][INFO] - Epoch [2/5], Batch [299/300], Loss: 1.1563 (Overall: 0.5924, Change: 1.4288), TF Ratio: 0.880
[2026-06-15 06:56:59,092][root][INFO] - Epoch [2/5], Batch [300/300], Loss: 1.1546 (Overall: 0.4964, Change: 0.8069), TF Ratio: 0.880
[2026-06-15 06:57:03,188][root][INFO] - Epoch 2 done. Validating...
[2026-06-15 06:57:13,925][root][INFO] - Epoch [2/5] | Train: 1.1420 | Val: 0.7861
[2026-06-15 06:57:14,127][root][INFO] - Checkpoint saved: /gpfs/scratch/bsc32/bsc096444/ai4land-tfm/trained_models/unet_impl/41799702/best_model.pth
[2026-06-15 06:57:14,312][root][INFO] - Checkpoint saved: /gpfs/scratch/bsc32/bsc096444/ai4land-tfm/trained_models/unet_impl/41799702/model_epoch_2.pth
[2026-06-15 06:57:19,380][root][INFO] - Epoch [3/5], Batch [1/300], Loss: 1.0295 (Overall: 0.6416, Change: 1.4175), TF Ratio: 0.880
[2026-06-15 06:57:19,535][root][INFO] - Epoch [3/5], Batch [2/300], Loss: 0.9585 (Overall: 0.7955, Change: 0.9792), TF Ratio: 0.880
[2026-06-15 06:57:21,671][root][INFO] - Epoch [3/5], Batch [3/300], Loss: 0.9914 (Overall: 0.7385, Change: 1.3764), TF Ratio: 0.879
[2026-06-15 06:57:25,552][root][INFO] - Epoch [3/5], Batch [4/300], Loss: 1.0217 (Overall: 0.6715, Change: 1.5533), TF Ratio: 0.879
[2026-06-15 06:57:25,715][root][INFO] - Epoch [3/5], Batch [5/300], Loss: 1.0315 (Overall: 0.8080, Change: 1.3339), TF Ratio: 0.879
[2026-06-15 06:57:25,869][root][INFO] - Epoch [3/5], Batch [6/300], Loss: 1.0230 (Overall: 0.9942, Change: 0.9667), TF Ratio: 0.879
[2026-06-15 06:57:26,033][root][INFO] - Epoch [3/5], Batch [7/300], Loss: 1.0282 (Overall: 0.9859, Change: 1.1321), TF Ratio: 0.879
[2026-06-15 06:57:26,208][root][INFO] - Epoch [3/5], Batch [8/300], Loss: 1.0777 (Overall: 0.9302, Change: 1.9185), TF Ratio: 0.878
[2026-06-15 06:57:26,377][root][INFO] - Epoch [3/5], Batch [9/300], Loss: 1.0805 (Overall: 0.5424, Change: 1.6631), TF Ratio: 0.878
[2026-06-15 06:57:26,546][root][INFO] - Epoch [3/5], Batch [10/300], Loss: 1.1142 (Overall: 1.0134, Change: 1.8214), TF Ratio: 0.878
[2026-06-15 06:57:26,700][root][INFO] - Epoch [3/5], Batch [11/300], Loss: 1.1116 (Overall: 0.9165, Change: 1.2556), TF Ratio: 0.878
[2026-06-15 06:57:26,875][root][INFO] - Epoch [3/5], Batch [12/300], Loss: 1.1124 (Overall: 0.7525, Change: 1.4905), TF Ratio: 0.878
[2026-06-15 06:57:27,030][root][INFO] - Epoch [3/5], Batch [13/300], Loss: 1.1085 (Overall: 0.6826, Change: 1.4400), TF Ratio: 0.877
[2026-06-15 06:57:27,192][root][INFO] - Epoch [3/5], Batch [14/300], Loss: 1.1305 (Overall: 1.2415, Change: 1.5924), TF Ratio: 0.877
[2026-06-15 06:57:27,345][root][INFO] - Epoch [3/5], Batch [15/300], Loss: 1.1237 (Overall: 0.6106, Change: 1.4452), TF Ratio: 0.877
[2026-06-15 06:57:27,546][root][INFO] - Epoch [3/5], Batch [16/300], Loss: 1.1225 (Overall: 1.1769, Change: 1.0323), TF Ratio: 0.877
[2026-06-15 06:57:27,699][root][INFO] - Epoch [3/5], Batch [17/300], Loss: 1.1138 (Overall: 0.7624, Change: 1.1880), TF Ratio: 0.877
[2026-06-15 06:57:27,852][root][INFO] - Epoch [3/5], Batch [18/300], Loss: 1.1121 (Overall: 0.6754, Change: 1.4904), TF Ratio: 0.876
[2026-06-15 06:57:28,006][root][INFO] - Epoch [3/5], Batch [19/300], Loss: 1.1034 (Overall: 0.6085, Change: 1.2836), TF Ratio: 0.876
[2026-06-15 06:57:28,229][root][INFO] - Epoch [3/5], Batch [20/300], Loss: 1.1143 (Overall: 1.0916, Change: 1.5520), TF Ratio: 0.876
[2026-06-15 06:57:28,384][root][INFO] - Epoch [3/5], Batch [21/300], Loss: 1.1126 (Overall: 0.9327, Change: 1.2233), TF Ratio: 0.876
[2026-06-15 06:57:28,541][root][INFO] - Epoch [3/5], Batch [22/300], Loss: 1.0847 (Overall: 0.4582, Change: 0.5388), TF Ratio: 0.876
[2026-06-15 06:57:28,697][root][INFO] - Epoch [3/5], Batch [23/300], Loss: 1.0863 (Overall: 0.8774, Change: 1.3659), TF Ratio: 0.875
[2026-06-15 06:57:28,911][root][INFO] - Epoch [3/5], Batch [24/300], Loss: 1.0917 (Overall: 1.0250, Change: 1.4083), TF Ratio: 0.875
[2026-06-15 06:57:29,068][root][INFO] - Epoch [3/5], Batch [25/300], Loss: 1.0974 (Overall: 1.1154, Change: 1.3508), TF Ratio: 0.875
[2026-06-15 06:57:29,223][root][INFO] - Epoch [3/5], Batch [26/300], Loss: 1.0929 (Overall: 0.7758, Change: 1.1876), TF Ratio: 0.875
[2026-06-15 06:57:29,383][root][INFO] - Epoch [3/5], Batch [27/300], Loss: 1.0947 (Overall: 0.6714, Change: 1.6119), TF Ratio: 0.875
[2026-06-15 06:57:29,577][root][INFO] - Epoch [3/5], Batch [28/300], Loss: 1.0920 (Overall: 0.9040, Change: 1.1359), TF Ratio: 0.874
[2026-06-15 06:57:29,744][root][INFO] - Epoch [3/5], Batch [29/300], Loss: 1.0853 (Overall: 0.6809, Change: 1.1115), TF Ratio: 0.874
[2026-06-15 06:57:29,896][root][INFO] - Epoch [3/5], Batch [30/300], Loss: 1.0890 (Overall: 1.0572, Change: 1.3353), TF Ratio: 0.874
[2026-06-15 06:57:30,051][root][INFO] - Epoch [3/5], Batch [31/300], Loss: 1.0881 (Overall: 0.6124, Change: 1.5123), TF Ratio: 0.874
[2026-06-15 06:57:30,218][root][INFO] - Epoch [3/5], Batch [32/300], Loss: 1.1006 (Overall: 1.3057, Change: 1.6669), TF Ratio: 0.874
[2026-06-15 06:57:30,371][root][INFO] - Epoch [3/5], Batch [33/300], Loss: 1.1074 (Overall: 0.9138, Change: 1.7374), TF Ratio: 0.873
[2026-06-15 06:57:30,523][root][INFO] - Epoch [3/5], Batch [34/300], Loss: 1.1131 (Overall: 1.1649, Change: 1.4405), TF Ratio: 0.873
[2026-06-15 06:57:30,677][root][INFO] - Epoch [3/5], Batch [35/300], Loss: 1.1093 (Overall: 0.4948, Change: 1.4636), TF Ratio: 0.873
[2026-06-15 06:57:30,879][root][INFO] - Epoch [3/5], Batch [36/300], Loss: 1.1020 (Overall: 0.4908, Change: 1.2020), TF Ratio: 0.873
[2026-06-15 06:57:31,046][root][INFO] - Epoch [3/5], Batch [37/300], Loss: 1.0989 (Overall: 0.5936, Change: 1.3828), TF Ratio: 0.873
[2026-06-15 06:57:31,210][root][INFO] - Epoch [3/5], Batch [38/300], Loss: 1.0987 (Overall: 0.5522, Change: 1.6288), TF Ratio: 0.872
[2026-06-15 06:57:31,365][root][INFO] - Epoch [3/5], Batch [39/300], Loss: 1.0982 (Overall: 0.6483, Change: 1.5095), TF Ratio: 0.872
[2026-06-15 06:57:31,558][root][INFO] - Epoch [3/5], Batch [40/300], Loss: 1.1033 (Overall: 0.6216, Change: 1.9791), TF Ratio: 0.872
[2026-06-15 06:57:31,728][root][INFO] - Epoch [3/5], Batch [41/300], Loss: 1.1082 (Overall: 0.7407, Change: 1.8737), TF Ratio: 0.872
[2026-06-15 06:57:31,882][root][INFO] - Epoch [3/5], Batch [42/300], Loss: 1.1104 (Overall: 0.7478, Change: 1.6507), TF Ratio: 0.872
[2026-06-15 06:57:32,035][root][INFO] - Epoch [3/5], Batch [43/300], Loss: 1.1075 (Overall: 0.5791, Change: 1.3910), TF Ratio: 0.871
[2026-06-15 06:57:32,239][root][INFO] - Epoch [3/5], Batch [44/300], Loss: 1.1132 (Overall: 1.1987, Change: 1.5181), TF Ratio: 0.871
[2026-06-15 06:57:32,402][root][INFO] - Epoch [3/5], Batch [45/300], Loss: 1.1137 (Overall: 0.6938, Change: 1.5797), TF Ratio: 0.871
[2026-06-15 06:57:32,560][root][INFO] - Epoch [3/5], Batch [46/300], Loss: 1.1101 (Overall: 0.6968, Change: 1.1944), TF Ratio: 0.871
[2026-06-15 06:57:32,715][root][INFO] - Epoch [3/5], Batch [47/300], Loss: 1.1107 (Overall: 0.9529, Change: 1.3325), TF Ratio: 0.871
[2026-06-15 06:57:32,892][root][INFO] - Epoch [3/5], Batch [48/300], Loss: 1.1089 (Overall: 0.7159, Change: 1.3237), TF Ratio: 0.870
[2026-06-15 06:57:33,047][root][INFO] - Epoch [3/5], Batch [49/300], Loss: 1.1047 (Overall: 0.6109, Change: 1.2012), TF Ratio: 0.870
[2026-06-15 06:57:33,201][root][INFO] - Epoch [3/5], Batch [50/300], Loss: 1.0998 (Overall: 0.4813, Change: 1.2413), TF Ratio: 0.870
[2026-06-15 06:57:33,363][root][INFO] - Epoch [3/5], Batch [51/300], Loss: 1.0969 (Overall: 0.7559, Change: 1.1409), TF Ratio: 0.870
[2026-06-15 06:57:33,552][root][INFO] - Epoch [3/5], Batch [52/300], Loss: 1.1001 (Overall: 0.8709, Change: 1.6555), TF Ratio: 0.870
[2026-06-15 06:57:33,710][root][INFO] - Epoch [3/5], Batch [53/300], Loss: 1.0963 (Overall: 0.4575, Change: 1.3427), TF Ratio: 0.869
[2026-06-15 06:57:33,872][root][INFO] - Epoch [3/5], Batch [54/300], Loss: 1.0961 (Overall: 0.7088, Change: 1.4610), TF Ratio: 0.869
[2026-06-15 06:57:34,025][root][INFO] - Epoch [3/5], Batch [55/300], Loss: 1.0966 (Overall: 0.6949, Change: 1.5528), TF Ratio: 0.869
[2026-06-15 06:57:34,213][root][INFO] - Epoch [3/5], Batch [56/300], Loss: 1.0934 (Overall: 0.6690, Change: 1.1663), TF Ratio: 0.869
[2026-06-15 06:57:34,367][root][INFO] - Epoch [3/5], Batch [57/300], Loss: 1.0948 (Overall: 0.9460, Change: 1.4016), TF Ratio: 0.869
[2026-06-15 06:57:34,521][root][INFO] - Epoch [3/5], Batch [58/300], Loss: 1.0963 (Overall: 0.5169, Change: 1.8455), TF Ratio: 0.868
[2026-06-15 06:57:34,675][root][INFO] - Epoch [3/5], Batch [59/300], Loss: 1.0939 (Overall: 0.7885, Change: 1.1153), TF Ratio: 0.868
[2026-06-15 06:57:34,882][root][INFO] - Epoch [3/5], Batch [60/300], Loss: 1.0939 (Overall: 0.9465, Change: 1.2410), TF Ratio: 0.868
[2026-06-15 06:57:35,038][root][INFO] - Epoch [3/5], Batch [61/300], Loss: 1.0954 (Overall: 0.8654, Change: 1.5071), TF Ratio: 0.868
[2026-06-15 06:57:35,192][root][INFO] - Epoch [3/5], Batch [62/300], Loss: 1.0994 (Overall: 1.0597, Change: 1.6316), TF Ratio: 0.868
[2026-06-15 06:57:35,346][root][INFO] - Epoch [3/5], Batch [63/300], Loss: 1.1009 (Overall: 0.6745, Change: 1.7163), TF Ratio: 0.867
[2026-06-15 06:57:35,553][root][INFO] - Epoch [3/5], Batch [64/300], Loss: 1.1034 (Overall: 1.1334, Change: 1.3843), TF Ratio: 0.867
[2026-06-15 06:57:35,709][root][INFO] - Epoch [3/5], Batch [65/300], Loss: 1.1021 (Overall: 1.0210, Change: 1.0238), TF Ratio: 0.867
[2026-06-15 06:57:35,864][root][INFO] - Epoch [3/5], Batch [66/300], Loss: 1.1038 (Overall: 1.0401, Change: 1.3858), TF Ratio: 0.867
[2026-06-15 06:57:36,034][root][INFO] - Epoch [3/5], Batch [67/300], Loss: 1.1042 (Overall: 0.6733, Change: 1.5891), TF Ratio: 0.867
[2026-06-15 06:57:36,218][root][INFO] - Epoch [3/5], Batch [68/300], Loss: 1.1067 (Overall: 1.0692, Change: 1.4807), TF Ratio: 0.866
[2026-06-15 06:57:36,392][root][INFO] - Epoch [3/5], Batch [69/300], Loss: 1.1084 (Overall: 0.7506, Change: 1.6977), TF Ratio: 0.866
[2026-06-15 06:57:36,568][root][INFO] - Epoch [3/5], Batch [70/300], Loss: 1.1097 (Overall: 0.8548, Change: 1.5312), TF Ratio: 0.866
[2026-06-15 06:57:36,731][root][INFO] - Epoch [3/5], Batch [71/300], Loss: 1.1117 (Overall: 0.8239, Change: 1.6896), TF Ratio: 0.866
[2026-06-15 06:57:36,906][root][INFO] - Epoch [3/5], Batch [72/300], Loss: 1.1114 (Overall: 0.7552, Change: 1.4207), TF Ratio: 0.866
[2026-06-15 06:57:37,061][root][INFO] - Epoch [3/5], Batch [73/300], Loss: 1.1111 (Overall: 0.7999, Change: 1.3835), TF Ratio: 0.865
[2026-06-15 06:57:37,216][root][INFO] - Epoch [3/5], Batch [74/300], Loss: 1.1120 (Overall: 0.6815, Change: 1.6692), TF Ratio: 0.865
[2026-06-15 06:57:37,369][root][INFO] - Epoch [3/5], Batch [75/300], Loss: 1.1113 (Overall: 0.8110, Change: 1.3043), TF Ratio: 0.865
[2026-06-15 06:57:37,585][root][INFO] - Epoch [3/5], Batch [76/300], Loss: 1.1093 (Overall: 0.7721, Change: 1.1456), TF Ratio: 0.865
[2026-06-15 06:57:37,740][root][INFO] - Epoch [3/5], Batch [77/300], Loss: 1.1116 (Overall: 0.8944, Change: 1.6822), TF Ratio: 0.865
[2026-06-15 06:57:37,894][root][INFO] - Epoch [3/5], Batch [78/300], Loss: 1.1096 (Overall: 0.5611, Change: 1.3558), TF Ratio: 0.864
[2026-06-15 06:57:38,054][root][INFO] - Epoch [3/5], Batch [79/300], Loss: 1.1067 (Overall: 0.4480, Change: 1.3103), TF Ratio: 0.864
[2026-06-15 06:57:38,230][root][INFO] - Epoch [3/5], Batch [80/300], Loss: 1.1068 (Overall: 0.7488, Change: 1.4868), TF Ratio: 0.864
[2026-06-15 06:57:38,390][root][INFO] - Epoch [3/5], Batch [81/300], Loss: 1.1033 (Overall: 0.9091, Change: 0.7310), TF Ratio: 0.864
[2026-06-15 06:57:38,545][root][INFO] - Epoch [3/5], Batch [82/300], Loss: 1.1012 (Overall: 0.7016, Change: 1.1593), TF Ratio: 0.864
[2026-06-15 06:57:38,698][root][INFO] - Epoch [3/5], Batch [83/300], Loss: 1.1007 (Overall: 0.6509, Change: 1.4752), TF Ratio: 0.863
[2026-06-15 06:57:39,450][root][INFO] - Epoch [3/5], Batch [84/300], Loss: 1.0951 (Overall: 0.4880, Change: 0.7730), TF Ratio: 0.863
[2026-06-15 06:57:39,619][root][INFO] - Epoch [3/5], Batch [85/300], Loss: 1.1016 (Overall: 1.1881, Change: 2.1079), TF Ratio: 0.863
[2026-06-15 06:57:39,773][root][INFO] - Epoch [3/5], Batch [86/300], Loss: 1.1002 (Overall: 0.8064, Change: 1.1448), TF Ratio: 0.863
[2026-06-15 06:57:39,927][root][INFO] - Epoch [3/5], Batch [87/300], Loss: 1.0973 (Overall: 0.5402, Change: 1.1522), TF Ratio: 0.863
[2026-06-15 06:57:40,137][root][INFO] - Epoch [3/5], Batch [88/300], Loss: 1.1026 (Overall: 1.3568, Change: 1.7739), TF Ratio: 0.862
[2026-06-15 06:57:40,292][root][INFO] - Epoch [3/5], Batch [89/300], Loss: 1.1033 (Overall: 0.9323, Change: 1.3951), TF Ratio: 0.862
[2026-06-15 06:57:40,445][root][INFO] - Epoch [3/5], Batch [90/300], Loss: 1.1029 (Overall: 0.7004, Change: 1.4485), TF Ratio: 0.862
[2026-06-15 06:57:40,601][root][INFO] - Epoch [3/5], Batch [91/300], Loss: 1.1017 (Overall: 0.6284, Change: 1.3497), TF Ratio: 0.862
[2026-06-15 06:57:40,777][root][INFO] - Epoch [3/5], Batch [92/300], Loss: 1.0998 (Overall: 0.7991, Change: 1.0631), TF Ratio: 0.862
[2026-06-15 06:57:40,993][root][INFO] - Epoch [3/5], Batch [93/300], Loss: 1.0965 (Overall: 0.9554, Change: 0.6162), TF Ratio: 0.861
[2026-06-15 06:57:41,150][root][INFO] - Epoch [3/5], Batch [94/300], Loss: 1.0972 (Overall: 0.8120, Change: 1.5147), TF Ratio: 0.861
[2026-06-15 06:57:41,304][root][INFO] - Epoch [3/5], Batch [95/300], Loss: 1.0965 (Overall: 0.8243, Change: 1.2354), TF Ratio: 0.861
[2026-06-15 06:57:41,506][root][INFO] - Epoch [3/5], Batch [96/300], Loss: 1.0966 (Overall: 0.6672, Change: 1.5468), TF Ratio: 0.861
[2026-06-15 06:57:41,676][root][INFO] - Epoch [3/5], Batch [97/300], Loss: 1.0987 (Overall: 1.1624, Change: 1.4470), TF Ratio: 0.861
[2026-06-15 06:57:41,830][root][INFO] - Epoch [3/5], Batch [98/300], Loss: 1.0966 (Overall: 0.4796, Change: 1.3056), TF Ratio: 0.860
[2026-06-15 06:57:41,992][root][INFO] - Epoch [3/5], Batch [99/300], Loss: 1.0955 (Overall: 0.7749, Change: 1.2013), TF Ratio: 0.860
[2026-06-15 06:57:42,164][root][INFO] - Epoch [3/5], Batch [100/300], Loss: 1.0934 (Overall: 0.6070, Change: 1.1694), TF Ratio: 0.860
[2026-06-15 06:57:42,318][root][INFO] - Epoch [3/5], Batch [101/300], Loss: 1.0915 (Overall: 0.5197, Change: 1.2790), TF Ratio: 0.860
[2026-06-15 06:57:42,472][root][INFO] - Epoch [3/5], Batch [102/300], Loss: 1.0895 (Overall: 0.5602, Change: 1.2105), TF Ratio: 0.860
[2026-06-15 06:57:42,633][root][INFO] - Epoch [3/5], Batch [103/300], Loss: 1.0894 (Overall: 0.8598, Change: 1.3030), TF Ratio: 0.859
[2026-06-15 06:57:42,812][root][INFO] - Epoch [3/5], Batch [104/300], Loss: 1.0882 (Overall: 0.7765, Change: 1.1494), TF Ratio: 0.859
[2026-06-15 06:57:42,966][root][INFO] - Epoch [3/5], Batch [105/300], Loss: 1.0861 (Overall: 0.5339, Change: 1.2058), TF Ratio: 0.859
[2026-06-15 06:57:43,119][root][INFO] - Epoch [3/5], Batch [106/300], Loss: 1.0851 (Overall: 0.6852, Change: 1.2612), TF Ratio: 0.859
[2026-06-15 06:57:43,271][root][INFO] - Epoch [3/5], Batch [107/300], Loss: 1.0841 (Overall: 0.9591, Change: 1.0032), TF Ratio: 0.859
[2026-06-15 06:57:43,459][root][INFO] - Epoch [3/5], Batch [108/300], Loss: 1.0836 (Overall: 0.5927, Change: 1.4676), TF Ratio: 0.858
[2026-06-15 06:57:43,615][root][INFO] - Epoch [3/5], Batch [109/300], Loss: 1.0837 (Overall: 0.7856, Change: 1.4046), TF Ratio: 0.858
[2026-06-15 06:57:43,768][root][INFO] - Epoch [3/5], Batch [110/300], Loss: 1.0833 (Overall: 0.8115, Change: 1.2668), TF Ratio: 0.858
[2026-06-15 06:57:43,924][root][INFO] - Epoch [3/5], Batch [111/300], Loss: 1.0853 (Overall: 0.9061, Change: 1.7088), TF Ratio: 0.858
[2026-06-15 06:57:44,109][root][INFO] - Epoch [3/5], Batch [112/300], Loss: 1.0854 (Overall: 0.8989, Change: 1.2970), TF Ratio: 0.858
[2026-06-15 06:57:44,263][root][INFO] - Epoch [3/5], Batch [113/300], Loss: 1.0826 (Overall: 0.6108, Change: 0.9170), TF Ratio: 0.857
[2026-06-15 06:57:44,415][root][INFO] - Epoch [3/5], Batch [114/300], Loss: 1.0821 (Overall: 0.7888, Change: 1.2614), TF Ratio: 0.857
[2026-06-15 06:57:44,567][root][INFO] - Epoch [3/5], Batch [115/300], Loss: 1.0827 (Overall: 0.7150, Change: 1.5953), TF Ratio: 0.857
[2026-06-15 06:57:45,808][root][INFO] - Epoch [3/5], Batch [116/300], Loss: 1.0827 (Overall: 0.6293, Change: 1.5396), TF Ratio: 0.857
[2026-06-15 06:57:45,976][root][INFO] - Epoch [3/5], Batch [117/300], Loss: 1.0794 (Overall: 0.4381, Change: 0.9541), TF Ratio: 0.857
[2026-06-15 06:57:46,130][root][INFO] - Epoch [3/5], Batch [118/300], Loss: 1.0811 (Overall: 0.9164, Change: 1.6487), TF Ratio: 0.856
[2026-06-15 06:57:46,287][root][INFO] - Epoch [3/5], Batch [119/300], Loss: 1.0806 (Overall: 0.6284, Change: 1.3956), TF Ratio: 0.856
[2026-06-15 06:57:46,484][root][INFO] - Epoch [3/5], Batch [120/300], Loss: 1.0793 (Overall: 0.6098, Change: 1.2510), TF Ratio: 0.856
[2026-06-15 06:57:46,638][root][INFO] - Epoch [3/5], Batch [121/300], Loss: 1.0798 (Overall: 0.7815, Change: 1.4904), TF Ratio: 0.856
[2026-06-15 06:57:46,792][root][INFO] - Epoch [3/5], Batch [122/300], Loss: 1.0807 (Overall: 0.9138, Change: 1.4644), TF Ratio: 0.856
[2026-06-15 06:57:46,947][root][INFO] - Epoch [3/5], Batch [123/300], Loss: 1.0793 (Overall: 0.6964, Change: 1.1334), TF Ratio: 0.855
[2026-06-15 06:57:47,144][root][INFO] - Epoch [3/5], Batch [124/300], Loss: 1.0802 (Overall: 0.9347, Change: 1.4504), TF Ratio: 0.855
[2026-06-15 06:57:47,296][root][INFO] - Epoch [3/5], Batch [125/300], Loss: 1.0799 (Overall: 0.7623, Change: 1.3151), TF Ratio: 0.855
[2026-06-15 06:57:47,448][root][INFO] - Epoch [3/5], Batch [126/300], Loss: 1.0807 (Overall: 0.8564, Change: 1.5058), TF Ratio: 0.855
[2026-06-15 06:57:47,602][root][INFO] - Epoch [3/5], Batch [127/300], Loss: 1.0809 (Overall: 0.7532, Change: 1.4608), TF Ratio: 0.855
[2026-06-15 06:57:47,793][root][INFO] - Epoch [3/5], Batch [128/300], Loss: 1.0823 (Overall: 1.0347, Change: 1.4879), TF Ratio: 0.854
[2026-06-15 06:57:47,951][root][INFO] - Epoch [3/5], Batch [129/300], Loss: 1.0791 (Overall: 0.4629, Change: 0.8777), TF Ratio: 0.854
[2026-06-15 06:57:48,104][root][INFO] - Epoch [3/5], Batch [130/300], Loss: 1.0783 (Overall: 0.5652, Change: 1.3702), TF Ratio: 0.854
[2026-06-15 06:57:48,258][root][INFO] - Epoch [3/5], Batch [131/300], Loss: 1.0776 (Overall: 0.4537, Change: 1.5225), TF Ratio: 0.854
[2026-06-15 06:57:48,456][root][INFO] - Epoch [3/5], Batch [132/300], Loss: 1.0775 (Overall: 0.6123, Change: 1.5309), TF Ratio: 0.854
[2026-06-15 06:57:48,610][root][INFO] - Epoch [3/5], Batch [133/300], Loss: 1.0752 (Overall: 0.4770, Change: 1.0468), TF Ratio: 0.853
[2026-06-15 06:57:48,764][root][INFO] - Epoch [3/5], Batch [134/300], Loss: 1.0737 (Overall: 0.5400, Change: 1.2276), TF Ratio: 0.853
[2026-06-15 06:57:48,917][root][INFO] - Epoch [3/5], Batch [135/300], Loss: 1.0724 (Overall: 0.6935, Change: 1.1028), TF Ratio: 0.853
[2026-06-15 06:57:49,105][root][INFO] - Epoch [3/5], Batch [136/300], Loss: 1.0704 (Overall: 0.6706, Change: 0.9063), TF Ratio: 0.853
[2026-06-15 06:57:49,260][root][INFO] - Epoch [3/5], Batch [137/300], Loss: 1.0701 (Overall: 0.5959, Change: 1.4653), TF Ratio: 0.853
[2026-06-15 06:57:49,414][root][INFO] - Epoch [3/5], Batch [138/300], Loss: 1.0691 (Overall: 0.7522, Change: 1.1121), TF Ratio: 0.852
[2026-06-15 06:57:49,578][root][INFO] - Epoch [3/5], Batch [139/300], Loss: 1.0683 (Overall: 0.4307, Change: 1.4834), TF Ratio: 0.852
[2026-06-15 06:57:49,784][root][INFO] - Epoch [3/5], Batch [140/300], Loss: 1.0686 (Overall: 0.8360, Change: 1.3863), TF Ratio: 0.852
[2026-06-15 06:57:49,939][root][INFO] - Epoch [3/5], Batch [141/300], Loss: 1.0691 (Overall: 0.5539, Change: 1.7282), TF Ratio: 0.852
[2026-06-15 06:57:50,094][root][INFO] - Epoch [3/5], Batch [142/300], Loss: 1.0689 (Overall: 0.8002, Change: 1.2762), TF Ratio: 0.852
[2026-06-15 06:57:50,246][root][INFO] - Epoch [3/5], Batch [143/300], Loss: 1.0699 (Overall: 0.8793, Change: 1.5473), TF Ratio: 0.851
[2026-06-15 06:57:50,435][root][INFO] - Epoch [3/5], Batch [144/300], Loss: 1.0698 (Overall: 0.8895, Change: 1.2341), TF Ratio: 0.851
[2026-06-15 06:57:50,590][root][INFO] - Epoch [3/5], Batch [145/300], Loss: 1.0695 (Overall: 0.5802, Change: 1.4777), TF Ratio: 0.851
[2026-06-15 06:57:50,742][root][INFO] - Epoch [3/5], Batch [146/300], Loss: 1.0693 (Overall: 0.6154, Change: 1.4634), TF Ratio: 0.851
[2026-06-15 06:57:50,899][root][INFO] - Epoch [3/5], Batch [147/300], Loss: 1.0690 (Overall: 0.9974, Change: 1.0384), TF Ratio: 0.851
[2026-06-15 06:57:51,096][root][INFO] - Epoch [3/5], Batch [148/300], Loss: 1.0689 (Overall: 0.7227, Change: 1.4011), TF Ratio: 0.850
[2026-06-15 06:57:51,257][root][INFO] - Epoch [3/5], Batch [149/300], Loss: 1.0687 (Overall: 0.7168, Change: 1.3487), TF Ratio: 0.850
[2026-06-15 06:57:51,411][root][INFO] - Epoch [3/5], Batch [150/300], Loss: 1.0672 (Overall: 0.7521, Change: 0.9494), TF Ratio: 0.850
[2026-06-15 06:57:51,564][root][INFO] - Epoch [3/5], Batch [151/300], Loss: 1.0680 (Overall: 0.8806, Change: 1.4729), TF Ratio: 0.850
[2026-06-15 06:57:51,737][root][INFO] - Epoch [3/5], Batch [152/300], Loss: 1.0688 (Overall: 0.9295, Change: 1.4605), TF Ratio: 0.850
[2026-06-15 06:57:51,911][root][INFO] - Epoch [3/5], Batch [153/300], Loss: 1.0694 (Overall: 0.7331, Change: 1.5798), TF Ratio: 0.849
[2026-06-15 06:57:52,079][root][INFO] - Epoch [3/5], Batch [154/300], Loss: 1.0691 (Overall: 0.7961, Change: 1.2559), TF Ratio: 0.849
[2026-06-15 06:57:52,234][root][INFO] - Epoch [3/5], Batch [155/300], Loss: 1.0681 (Overall: 0.6157, Change: 1.2071), TF Ratio: 0.849
[2026-06-15 06:57:52,405][root][INFO] - Epoch [3/5], Batch [156/300], Loss: 1.0699 (Overall: 0.9854, Change: 1.7303), TF Ratio: 0.849
[2026-06-15 06:57:52,562][root][INFO] - Epoch [3/5], Batch [157/300], Loss: 1.0717 (Overall: 1.1749, Change: 1.5191), TF Ratio: 0.849
[2026-06-15 06:57:52,716][root][INFO] - Epoch [3/5], Batch [158/300], Loss: 1.0714 (Overall: 0.7575, Change: 1.2816), TF Ratio: 0.848
[2026-06-15 06:57:52,887][root][INFO] - Epoch [3/5], Batch [159/300], Loss: 1.0706 (Overall: 0.8791, Change: 1.0373), TF Ratio: 0.848
[2026-06-15 06:57:53,074][root][INFO] - Epoch [3/5], Batch [160/300], Loss: 1.0700 (Overall: 0.5271, Change: 1.3948), TF Ratio: 0.848
[2026-06-15 06:57:53,230][root][INFO] - Epoch [3/5], Batch [161/300], Loss: 1.0693 (Overall: 0.7616, Change: 1.1487), TF Ratio: 0.848
[2026-06-15 06:57:53,386][root][INFO] - Epoch [3/5], Batch [162/300], Loss: 1.0675 (Overall: 0.5446, Change: 1.0383), TF Ratio: 0.848
[2026-06-15 06:57:53,539][root][INFO] - Epoch [3/5], Batch [163/300], Loss: 1.0679 (Overall: 0.9134, Change: 1.3551), TF Ratio: 0.847
[2026-06-15 06:57:53,718][root][INFO] - Epoch [3/5], Batch [164/300], Loss: 1.0683 (Overall: 0.7175, Change: 1.5363), TF Ratio: 0.847
[2026-06-15 06:57:53,872][root][INFO] - Epoch [3/5], Batch [165/300], Loss: 1.0692 (Overall: 1.3260, Change: 1.1023), TF Ratio: 0.847
[2026-06-15 06:57:54,025][root][INFO] - Epoch [3/5], Batch [166/300], Loss: 1.0698 (Overall: 0.7261, Change: 1.6104), TF Ratio: 0.847
[2026-06-15 06:57:54,179][root][INFO] - Epoch [3/5], Batch [167/300], Loss: 1.0695 (Overall: 0.7567, Change: 1.3029), TF Ratio: 0.847
[2026-06-15 06:57:54,382][root][INFO] - Epoch [3/5], Batch [168/300], Loss: 1.0700 (Overall: 0.8421, Change: 1.4626), TF Ratio: 0.846
[2026-06-15 06:57:54,546][root][INFO] - Epoch [3/5], Batch [169/300], Loss: 1.0705 (Overall: 0.7935, Change: 1.4887), TF Ratio: 0.846
[2026-06-15 06:57:54,712][root][INFO] - Epoch [3/5], Batch [170/300], Loss: 1.0711 (Overall: 0.8925, Change: 1.4552), TF Ratio: 0.846
[2026-06-15 06:57:54,864][root][INFO] - Epoch [3/5], Batch [171/300], Loss: 1.0714 (Overall: 0.7341, Change: 1.5366), TF Ratio: 0.846
[2026-06-15 06:57:55,054][root][INFO] - Epoch [3/5], Batch [172/300], Loss: 1.0711 (Overall: 0.7517, Change: 1.2750), TF Ratio: 0.846
[2026-06-15 06:57:55,207][root][INFO] - Epoch [3/5], Batch [173/300], Loss: 1.0720 (Overall: 0.9347, Change: 1.5140), TF Ratio: 0.845
[2026-06-15 06:57:55,360][root][INFO] - Epoch [3/5], Batch [174/300], Loss: 1.0709 (Overall: 0.6710, Change: 1.0783), TF Ratio: 0.845
[2026-06-15 06:57:55,521][root][INFO] - Epoch [3/5], Batch [175/300], Loss: 1.0725 (Overall: 1.2655, Change: 1.4673), TF Ratio: 0.845
[2026-06-15 06:57:55,720][root][INFO] - Epoch [3/5], Batch [176/300], Loss: 1.0749 (Overall: 1.3900, Change: 1.5956), TF Ratio: 0.845
[2026-06-15 06:57:55,875][root][INFO] - Epoch [3/5], Batch [177/300], Loss: 1.0761 (Overall: 0.6345, Change: 1.9254), TF Ratio: 0.845
[2026-06-15 06:57:56,029][root][INFO] - Epoch [3/5], Batch [178/300], Loss: 1.0763 (Overall: 1.0075, Change: 1.2144), TF Ratio: 0.844
[2026-06-15 06:57:56,182][root][INFO] - Epoch [3/5], Batch [179/300], Loss: 1.0772 (Overall: 0.6280, Change: 1.8383), TF Ratio: 0.844
[2026-06-15 06:57:56,380][root][INFO] - Epoch [3/5], Batch [180/300], Loss: 1.0776 (Overall: 0.9748, Change: 1.3298), TF Ratio: 0.844
[2026-06-15 06:57:56,535][root][INFO] - Epoch [3/5], Batch [181/300], Loss: 1.0778 (Overall: 0.8191, Change: 1.4009), TF Ratio: 0.844
[2026-06-15 06:57:56,688][root][INFO] - Epoch [3/5], Batch [182/300], Loss: 1.0768 (Overall: 0.6525, Change: 1.1471), TF Ratio: 0.844
[2026-06-15 06:57:56,852][root][INFO] - Epoch [3/5], Batch [183/300], Loss: 1.0772 (Overall: 0.5937, Change: 1.7091), TF Ratio: 0.843
[2026-06-15 06:57:57,046][root][INFO] - Epoch [3/5], Batch [184/300], Loss: 1.0770 (Overall: 0.6504, Change: 1.4260), TF Ratio: 0.843
[2026-06-15 06:57:57,202][root][INFO] - Epoch [3/5], Batch [185/300], Loss: 1.0766 (Overall: 0.6028, Change: 1.4209), TF Ratio: 0.843
[2026-06-15 06:57:57,356][root][INFO] - Epoch [3/5], Batch [186/300], Loss: 1.0772 (Overall: 0.8727, Change: 1.4856), TF Ratio: 0.843
[2026-06-15 06:57:57,511][root][INFO] - Epoch [3/5], Batch [187/300], Loss: 1.0761 (Overall: 0.6653, Change: 1.0697), TF Ratio: 0.843
[2026-06-15 06:57:57,686][root][INFO] - Epoch [3/5], Batch [188/300], Loss: 1.0768 (Overall: 0.8224, Change: 1.6061), TF Ratio: 0.842
[2026-06-15 06:57:57,855][root][INFO] - Epoch [3/5], Batch [189/300], Loss: 1.0771 (Overall: 1.0495, Change: 1.2354), TF Ratio: 0.842
[2026-06-15 06:57:58,009][root][INFO] - Epoch [3/5], Batch [190/300], Loss: 1.0777 (Overall: 0.7815, Change: 1.5683), TF Ratio: 0.842
[2026-06-15 06:57:58,165][root][INFO] - Epoch [3/5], Batch [191/300], Loss: 1.0788 (Overall: 0.9617, Change: 1.6253), TF Ratio: 0.842
[2026-06-15 06:57:58,332][root][INFO] - Epoch [3/5], Batch [192/300], Loss: 1.0798 (Overall: 1.0147, Change: 1.5474), TF Ratio: 0.842
[2026-06-15 06:57:58,486][root][INFO] - Epoch [3/5], Batch [193/300], Loss: 1.0796 (Overall: 0.8172, Change: 1.2559), TF Ratio: 0.841
[2026-06-15 06:57:58,640][root][INFO] - Epoch [3/5], Batch [194/300], Loss: 1.0803 (Overall: 0.8912, Change: 1.5211), TF Ratio: 0.841
[2026-06-15 06:57:58,795][root][INFO] - Epoch [3/5], Batch [195/300], Loss: 1.0795 (Overall: 0.8271, Change: 1.0464), TF Ratio: 0.841
[2026-06-15 06:58:00,472][root][INFO] - Epoch [3/5], Batch [196/300], Loss: 1.0802 (Overall: 0.7905, Change: 1.6173), TF Ratio: 0.841
[2026-06-15 06:58:00,629][root][INFO] - Epoch [3/5], Batch [197/300], Loss: 1.0794 (Overall: 0.6507, Change: 1.1912), TF Ratio: 0.841
[2026-06-15 06:58:00,781][root][INFO] - Epoch [3/5], Batch [198/300], Loss: 1.0777 (Overall: 0.5469, Change: 0.9384), TF Ratio: 0.840
[2026-06-15 06:58:00,935][root][INFO] - Epoch [3/5], Batch [199/300], Loss: 1.0770 (Overall: 0.5558, Change: 1.3404), TF Ratio: 0.840
[2026-06-15 06:58:01,118][root][INFO] - Epoch [3/5], Batch [200/300], Loss: 1.0773 (Overall: 0.8790, Change: 1.3896), TF Ratio: 0.840
[2026-06-15 06:58:01,283][root][INFO] - Epoch [3/5], Batch [201/300], Loss: 1.0776 (Overall: 0.8742, Change: 1.4243), TF Ratio: 0.840
[2026-06-15 06:58:01,435][root][INFO] - Epoch [3/5], Batch [202/300], Loss: 1.0770 (Overall: 0.7074, Change: 1.1972), TF Ratio: 0.840
[2026-06-15 06:58:01,587][root][INFO] - Epoch [3/5], Batch [203/300], Loss: 1.0763 (Overall: 0.4752, Change: 1.3794), TF Ratio: 0.839
[2026-06-15 06:58:01,786][root][INFO] - Epoch [3/5], Batch [204/300], Loss: 1.0770 (Overall: 0.9420, Change: 1.4952), TF Ratio: 0.839
[2026-06-15 06:58:01,939][root][INFO] - Epoch [3/5], Batch [205/300], Loss: 1.0764 (Overall: 0.6569, Change: 1.2457), TF Ratio: 0.839
[2026-06-15 06:58:02,100][root][INFO] - Epoch [3/5], Batch [206/300], Loss: 1.0758 (Overall: 0.4448, Change: 1.4570), TF Ratio: 0.839
[2026-06-15 06:58:02,252][root][INFO] - Epoch [3/5], Batch [207/300], Loss: 1.0753 (Overall: 0.8282, Change: 1.1243), TF Ratio: 0.839
[2026-06-15 06:58:02,445][root][INFO] - Epoch [3/5], Batch [208/300], Loss: 1.0747 (Overall: 0.6754, Change: 1.2308), TF Ratio: 0.838
[2026-06-15 06:58:02,599][root][INFO] - Epoch [3/5], Batch [209/300], Loss: 1.0741 (Overall: 0.6698, Change: 1.2435), TF Ratio: 0.838
[2026-06-15 06:58:02,753][root][INFO] - Epoch [3/5], Batch [210/300], Loss: 1.0735 (Overall: 0.6595, Change: 1.2249), TF Ratio: 0.838
[2026-06-15 06:58:02,908][root][INFO] - Epoch [3/5], Batch [211/300], Loss: 1.0717 (Overall: 0.5170, Change: 0.8744), TF Ratio: 0.838
[2026-06-15 06:58:03,093][root][INFO] - Epoch [3/5], Batch [212/300], Loss: 1.0712 (Overall: 0.6748, Change: 1.2517), TF Ratio: 0.838
[2026-06-15 06:58:03,246][root][INFO] - Epoch [3/5], Batch [213/300], Loss: 1.0734 (Overall: 0.8657, Change: 2.2258), TF Ratio: 0.837
[2026-06-15 06:58:03,400][root][INFO] - Epoch [3/5], Batch [214/300], Loss: 1.0749 (Overall: 1.0024, Change: 1.7658), TF Ratio: 0.837
[2026-06-15 06:58:03,554][root][INFO] - Epoch [3/5], Batch [215/300], Loss: 1.0739 (Overall: 0.8467, Change: 0.8866), TF Ratio: 0.837
[2026-06-15 06:58:03,746][root][INFO] - Epoch [3/5], Batch [216/300], Loss: 1.0742 (Overall: 0.6940, Change: 1.5848), TF Ratio: 0.837
[2026-06-15 06:58:03,903][root][INFO] - Epoch [3/5], Batch [217/300], Loss: 1.0744 (Overall: 0.7960, Change: 1.4313), TF Ratio: 0.837
[2026-06-15 06:58:04,056][root][INFO] - Epoch [3/5], Batch [218/300], Loss: 1.0738 (Overall: 0.6372, Change: 1.2355), TF Ratio: 0.836
[2026-06-15 06:58:04,210][root][INFO] - Epoch [3/5], Batch [219/300], Loss: 1.0727 (Overall: 0.5973, Change: 1.0841), TF Ratio: 0.836
[2026-06-15 06:58:04,388][root][INFO] - Epoch [3/5], Batch [220/300], Loss: 1.0716 (Overall: 0.6231, Change: 1.0499), TF Ratio: 0.836
[2026-06-15 06:58:04,543][root][INFO] - Epoch [3/5], Batch [221/300], Loss: 1.0720 (Overall: 0.9165, Change: 1.4006), TF Ratio: 0.836
[2026-06-15 06:58:04,695][root][INFO] - Epoch [3/5], Batch [222/300], Loss: 1.0724 (Overall: 0.8914, Change: 1.4419), TF Ratio: 0.836
[2026-06-15 06:58:04,848][root][INFO] - Epoch [3/5], Batch [223/300], Loss: 1.0719 (Overall: 0.6771, Change: 1.2237), TF Ratio: 0.835
[2026-06-15 06:58:05,399][root][INFO] - Epoch [3/5], Batch [224/300], Loss: 1.0712 (Overall: 0.6671, Change: 1.1545), TF Ratio: 0.835
[2026-06-15 06:58:05,553][root][INFO] - Epoch [3/5], Batch [225/300], Loss: 1.0713 (Overall: 0.8134, Change: 1.3775), TF Ratio: 0.835
[2026-06-15 06:58:05,708][root][INFO] - Epoch [3/5], Batch [226/300], Loss: 1.0714 (Overall: 0.7219, Change: 1.4691), TF Ratio: 0.835
[2026-06-15 06:58:05,873][root][INFO] - Epoch [3/5], Batch [227/300], Loss: 1.0696 (Overall: 0.6743, Change: 0.6580), TF Ratio: 0.835
[2026-06-15 06:58:06,070][root][INFO] - Epoch [3/5], Batch [228/300], Loss: 1.0698 (Overall: 1.0503, Change: 1.1588), TF Ratio: 0.834
[2026-06-15 06:58:06,235][root][INFO] - Epoch [3/5], Batch [229/300], Loss: 1.0694 (Overall: 0.6407, Change: 1.3525), TF Ratio: 0.834
[2026-06-15 06:58:06,389][root][INFO] - Epoch [3/5], Batch [230/300], Loss: 1.0691 (Overall: 0.7343, Change: 1.2529), TF Ratio: 0.834
[2026-06-15 06:58:06,546][root][INFO] - Epoch [3/5], Batch [231/300], Loss: 1.0683 (Overall: 0.6418, Change: 1.1407), TF Ratio: 0.834
[2026-06-15 06:58:06,737][root][INFO] - Epoch [3/5], Batch [232/300], Loss: 1.0677 (Overall: 0.5971, Change: 1.2227), TF Ratio: 0.834
[2026-06-15 06:58:06,892][root][INFO] - Epoch [3/5], Batch [233/300], Loss: 1.0670 (Overall: 0.5750, Change: 1.2606), TF Ratio: 0.833
[2026-06-15 06:58:07,045][root][INFO] - Epoch [3/5], Batch [234/300], Loss: 1.0673 (Overall: 0.8684, Change: 1.4196), TF Ratio: 0.833
[2026-06-15 06:58:07,209][root][INFO] - Epoch [3/5], Batch [235/300], Loss: 1.0667 (Overall: 0.8158, Change: 1.0264), TF Ratio: 0.833
[2026-06-15 06:58:07,383][root][INFO] - Epoch [3/5], Batch [236/300], Loss: 1.0666 (Overall: 0.7356, Change: 1.3209), TF Ratio: 0.833
[2026-06-15 06:58:07,539][root][INFO] - Epoch [3/5], Batch [237/300], Loss: 1.0665 (Overall: 0.7544, Change: 1.3424), TF Ratio: 0.833
[2026-06-15 06:58:07,692][root][INFO] - Epoch [3/5], Batch [238/300], Loss: 1.0660 (Overall: 0.6904, Change: 1.2268), TF Ratio: 0.832
[2026-06-15 06:58:07,848][root][INFO] - Epoch [3/5], Batch [239/300], Loss: 1.0649 (Overall: 0.6405, Change: 0.9424), TF Ratio: 0.832
[2026-06-15 06:58:08,040][root][INFO] - Epoch [3/5], Batch [240/300], Loss: 1.0655 (Overall: 1.1108, Change: 1.3113), TF Ratio: 0.832
[2026-06-15 06:58:08,199][root][INFO] - Epoch [3/5], Batch [241/300], Loss: 1.0641 (Overall: 0.6610, Change: 0.7987), TF Ratio: 0.832
[2026-06-15 06:58:08,364][root][INFO] - Epoch [3/5], Batch [242/300], Loss: 1.0645 (Overall: 0.7981, Change: 1.5099), TF Ratio: 0.832
[2026-06-15 06:58:08,519][root][INFO] - Epoch [3/5], Batch [243/300], Loss: 1.0636 (Overall: 0.6359, Change: 1.0562), TF Ratio: 0.831
[2026-06-15 06:58:08,695][root][INFO] - Epoch [3/5], Batch [244/300], Loss: 1.0640 (Overall: 0.7811, Change: 1.5637), TF Ratio: 0.831
[2026-06-15 06:58:08,848][root][INFO] - Epoch [3/5], Batch [245/300], Loss: 1.0638 (Overall: 0.8399, Change: 1.1825), TF Ratio: 0.831
[2026-06-15 06:58:08,999][root][INFO] - Epoch [3/5], Batch [246/300], Loss: 1.0638 (Overall: 0.6923, Change: 1.4174), TF Ratio: 0.831
[2026-06-15 06:58:09,152][root][INFO] - Epoch [3/5], Batch [247/300], Loss: 1.0644 (Overall: 0.9369, Change: 1.4864), TF Ratio: 0.831
[2026-06-15 06:58:09,335][root][INFO] - Epoch [3/5], Batch [248/300], Loss: 1.0656 (Overall: 0.8016, Change: 1.9177), TF Ratio: 0.830
[2026-06-15 06:58:09,500][root][INFO] - Epoch [3/5], Batch [249/300], Loss: 1.0652 (Overall: 0.6227, Change: 1.3064), TF Ratio: 0.830
[2026-06-15 06:58:09,664][root][INFO] - Epoch [3/5], Batch [250/300], Loss: 1.0662 (Overall: 0.9312, Change: 1.7290), TF Ratio: 0.830
[2026-06-15 06:58:09,825][root][INFO] - Epoch [3/5], Batch [251/300], Loss: 1.0667 (Overall: 0.5652, Change: 1.8053), TF Ratio: 0.830
[2026-06-15 06:58:10,009][root][INFO] - Epoch [3/5], Batch [252/300], Loss: 1.0678 (Overall: 1.1139, Change: 1.5608), TF Ratio: 0.830
[2026-06-15 06:58:10,165][root][INFO] - Epoch [3/5], Batch [253/300], Loss: 1.0679 (Overall: 0.5184, Change: 1.6935), TF Ratio: 0.829
[2026-06-15 06:58:10,320][root][INFO] - Epoch [3/5], Batch [254/300], Loss: 1.0683 (Overall: 0.8734, Change: 1.4463), TF Ratio: 0.829
[2026-06-15 06:58:10,477][root][INFO] - Epoch [3/5], Batch [255/300], Loss: 1.0682 (Overall: 0.8657, Change: 1.2365), TF Ratio: 0.829
[2026-06-15 06:58:10,667][root][INFO] - Epoch [3/5], Batch [256/300], Loss: 1.0684 (Overall: 0.9963, Change: 1.2586), TF Ratio: 0.829
[2026-06-15 06:58:10,827][root][INFO] - Epoch [3/5], Batch [257/300], Loss: 1.0694 (Overall: 1.1647, Change: 1.4831), TF Ratio: 0.829
[2026-06-15 06:58:10,980][root][INFO] - Epoch [3/5], Batch [258/300], Loss: 1.0692 (Overall: 0.7225, Change: 1.2900), TF Ratio: 0.828
[2026-06-15 06:58:11,133][root][INFO] - Epoch [3/5], Batch [259/300], Loss: 1.0693 (Overall: 0.8451, Change: 1.3436), TF Ratio: 0.828
[2026-06-15 06:58:11,312][root][INFO] - Epoch [3/5], Batch [260/300], Loss: 1.0681 (Overall: 0.5764, Change: 0.9610), TF Ratio: 0.828
[2026-06-15 06:58:11,467][root][INFO] - Epoch [3/5], Batch [261/300], Loss: 1.0681 (Overall: 0.8390, Change: 1.2881), TF Ratio: 0.828
[2026-06-15 06:58:11,621][root][INFO] - Epoch [3/5], Batch [262/300], Loss: 1.0685 (Overall: 0.6369, Change: 1.7022), TF Ratio: 0.828
[2026-06-15 06:58:11,774][root][INFO] - Epoch [3/5], Batch [263/300], Loss: 1.0677 (Overall: 0.5493, Change: 1.1500), TF Ratio: 0.827
[2026-06-15 06:58:13,111][root][INFO] - Epoch [3/5], Batch [264/300], Loss: 1.0685 (Overall: 1.1401, Change: 1.4498), TF Ratio: 0.827
[2026-06-15 06:58:13,264][root][INFO] - Epoch [3/5], Batch [265/300], Loss: 1.0691 (Overall: 0.8244, Change: 1.6316), TF Ratio: 0.827
[2026-06-15 06:58:13,417][root][INFO] - Epoch [3/5], Batch [266/300], Loss: 1.0686 (Overall: 0.6866, Change: 1.1698), TF Ratio: 0.827
[2026-06-15 06:58:13,573][root][INFO] - Epoch [3/5], Batch [267/300], Loss: 1.0676 (Overall: 0.6894, Change: 0.9269), TF Ratio: 0.827
[2026-06-15 06:58:13,764][root][INFO] - Epoch [3/5], Batch [268/300], Loss: 1.0678 (Overall: 0.9739, Change: 1.2713), TF Ratio: 0.826
[2026-06-15 06:58:13,919][root][INFO] - Epoch [3/5], Batch [269/300], Loss: 1.0675 (Overall: 0.7456, Change: 1.1901), TF Ratio: 0.826
[2026-06-15 06:58:14,073][root][INFO] - Epoch [3/5], Batch [270/300], Loss: 1.0668 (Overall: 0.6790, Change: 1.1177), TF Ratio: 0.826
[2026-06-15 06:58:14,227][root][INFO] - Epoch [3/5], Batch [271/300], Loss: 1.0669 (Overall: 0.7971, Change: 1.3648), TF Ratio: 0.826
[2026-06-15 06:58:14,414][root][INFO] - Epoch [3/5], Batch [272/300], Loss: 1.0677 (Overall: 1.1217, Change: 1.4377), TF Ratio: 0.826
[2026-06-15 06:58:14,568][root][INFO] - Epoch [3/5], Batch [273/300], Loss: 1.0668 (Overall: 0.5400, Change: 1.1034), TF Ratio: 0.825
[2026-06-15 06:58:14,719][root][INFO] - Epoch [3/5], Batch [274/300], Loss: 1.0669 (Overall: 1.0012, Change: 1.2044), TF Ratio: 0.825
[2026-06-15 06:58:14,872][root][INFO] - Epoch [3/5], Batch [275/300], Loss: 1.0659 (Overall: 0.5656, Change: 1.0248), TF Ratio: 0.825
[2026-06-15 06:58:15,057][root][INFO] - Epoch [3/5], Batch [276/300], Loss: 1.0654 (Overall: 0.6172, Change: 1.2561), TF Ratio: 0.825
[2026-06-15 06:58:15,210][root][INFO] - Epoch [3/5], Batch [277/300], Loss: 1.0660 (Overall: 0.6492, Change: 1.8179), TF Ratio: 0.825
[2026-06-15 06:58:15,368][root][INFO] - Epoch [3/5], Batch [278/300], Loss: 1.0644 (Overall: 0.5691, Change: 0.6223), TF Ratio: 0.824
[2026-06-15 06:58:15,522][root][INFO] - Epoch [3/5], Batch [279/300], Loss: 1.0640 (Overall: 0.7890, Change: 1.1602), TF Ratio: 0.824
[2026-06-15 06:58:15,704][root][INFO] - Epoch [3/5], Batch [280/300], Loss: 1.0626 (Overall: 0.4946, Change: 0.8098), TF Ratio: 0.824
[2026-06-15 06:58:15,858][root][INFO] - Epoch [3/5], Batch [281/300], Loss: 1.0620 (Overall: 0.6991, Change: 1.1015), TF Ratio: 0.824
[2026-06-15 06:58:16,014][root][INFO] - Epoch [3/5], Batch [282/300], Loss: 1.0614 (Overall: 0.9610, Change: 0.8108), TF Ratio: 0.824
[2026-06-15 06:58:16,169][root][INFO] - Epoch [3/5], Batch [283/300], Loss: 1.0615 (Overall: 0.6602, Change: 1.5240), TF Ratio: 0.823
[2026-06-15 06:58:16,485][root][INFO] - Epoch [3/5], Batch [284/300], Loss: 1.0616 (Overall: 0.6840, Change: 1.4965), TF Ratio: 0.823
[2026-06-15 06:58:16,639][root][INFO] - Epoch [3/5], Batch [285/300], Loss: 1.0612 (Overall: 0.8125, Change: 1.1126), TF Ratio: 0.823
[2026-06-15 06:58:16,793][root][INFO] - Epoch [3/5], Batch [286/300], Loss: 1.0626 (Overall: 1.3842, Change: 1.5282), TF Ratio: 0.823
[2026-06-15 06:58:16,956][root][INFO] - Epoch [3/5], Batch [287/300], Loss: 1.0614 (Overall: 0.4780, Change: 0.9621), TF Ratio: 0.823
[2026-06-15 06:58:17,132][root][INFO] - Epoch [3/5], Batch [288/300], Loss: 1.0614 (Overall: 0.7698, Change: 1.3253), TF Ratio: 0.822
[2026-06-15 06:58:17,286][root][INFO] - Epoch [3/5], Batch [289/300], Loss: 1.0617 (Overall: 0.8776, Change: 1.4235), TF Ratio: 0.822
[2026-06-15 06:58:17,439][root][INFO] - Epoch [3/5], Batch [290/300], Loss: 1.0615 (Overall: 0.6729, Change: 1.3315), TF Ratio: 0.822
[2026-06-15 06:58:17,598][root][INFO] - Epoch [3/5], Batch [291/300], Loss: 1.0617 (Overall: 0.8863, Change: 1.3663), TF Ratio: 0.822
[2026-06-15 06:58:17,773][root][INFO] - Epoch [3/5], Batch [292/300], Loss: 1.0609 (Overall: 0.6879, Change: 0.9870), TF Ratio: 0.822
[2026-06-15 06:58:17,925][root][INFO] - Epoch [3/5], Batch [293/300], Loss: 1.0611 (Overall: 1.0072, Change: 1.2481), TF Ratio: 0.821
[2026-06-15 06:58:18,077][root][INFO] - Epoch [3/5], Batch [294/300], Loss: 1.0606 (Overall: 0.6302, Change: 1.1790), TF Ratio: 0.821
[2026-06-15 06:58:18,229][root][INFO] - Epoch [3/5], Batch [295/300], Loss: 1.0610 (Overall: 0.8085, Change: 1.5278), TF Ratio: 0.821
[2026-06-15 06:58:23,108][root][INFO] - Epoch [3/5], Batch [296/300], Loss: 1.0608 (Overall: 0.7681, Change: 1.2582), TF Ratio: 0.821
[2026-06-15 06:58:23,265][root][INFO] - Epoch [3/5], Batch [297/300], Loss: 1.0610 (Overall: 0.6426, Change: 1.6048), TF Ratio: 0.821
[2026-06-15 06:58:23,417][root][INFO] - Epoch [3/5], Batch [298/300], Loss: 1.0605 (Overall: 0.5414, Change: 1.2685), TF Ratio: 0.820
[2026-06-15 06:58:23,571][root][INFO] - Epoch [3/5], Batch [299/300], Loss: 1.0600 (Overall: 0.4274, Change: 1.3907), TF Ratio: 0.820
[2026-06-15 06:58:23,733][root][INFO] - Epoch [3/5], Batch [300/300], Loss: 1.0606 (Overall: 0.8214, Change: 1.6549), TF Ratio: 0.820
[2026-06-15 06:58:24,782][root][INFO] - Epoch 3 done. Validating...
[2026-06-15 06:58:37,360][root][INFO] - Epoch [3/5] | Train: 1.0728 | Val: 0.7287
[2026-06-15 06:58:37,633][root][INFO] - Checkpoint saved: /gpfs/scratch/bsc32/bsc096444/ai4land-tfm/trained_models/unet_impl/41799702/best_model.pth
[2026-06-15 06:58:37,817][root][INFO] - Checkpoint saved: /gpfs/scratch/bsc32/bsc096444/ai4land-tfm/trained_models/unet_impl/41799702/model_epoch_3.pth
[2026-06-15 06:58:42,814][root][INFO] - Epoch [4/5], Batch [1/300], Loss: 1.2250 (Overall: 0.7309, Change: 1.7191), TF Ratio: 0.820
[2026-06-15 06:58:42,974][root][INFO] - Epoch [4/5], Batch [2/300], Loss: 1.1884 (Overall: 0.7583, Change: 1.5454), TF Ratio: 0.820
[2026-06-15 06:58:43,755][root][INFO] - Epoch [4/5], Batch [3/300], Loss: 1.1815 (Overall: 0.8397, Change: 1.4953), TF Ratio: 0.819
[2026-06-15 06:58:47,071][root][INFO] - Epoch [4/5], Batch [4/300], Loss: 1.1657 (Overall: 0.8676, Change: 1.3696), TF Ratio: 0.819
[2026-06-15 06:58:47,228][root][INFO] - Epoch [4/5], Batch [5/300], Loss: 1.1202 (Overall: 0.6014, Change: 1.2744), TF Ratio: 0.819
[2026-06-15 06:58:47,382][root][INFO] - Epoch [4/5], Batch [6/300], Loss: 1.0920 (Overall: 0.7282, Change: 1.1748), TF Ratio: 0.819
[2026-06-15 06:58:47,551][root][INFO] - Epoch [4/5], Batch [7/300], Loss: 1.0888 (Overall: 0.7472, Change: 1.3918), TF Ratio: 0.819
[2026-06-15 06:58:47,728][root][INFO] - Epoch [4/5], Batch [8/300], Loss: 1.1124 (Overall: 0.6175, Change: 1.9376), TF Ratio: 0.818
[2026-06-15 06:58:47,880][root][INFO] - Epoch [4/5], Batch [9/300], Loss: 1.1432 (Overall: 0.7385, Change: 2.0412), TF Ratio: 0.818
[2026-06-15 06:58:48,032][root][INFO] - Epoch [4/5], Batch [10/300], Loss: 1.1326 (Overall: 0.7439, Change: 1.3302), TF Ratio: 0.818
[2026-06-15 06:58:48,185][root][INFO] - Epoch [4/5], Batch [11/300], Loss: 1.1122 (Overall: 0.4919, Change: 1.3251), TF Ratio: 0.818
[2026-06-15 06:58:48,387][root][INFO] - Epoch [4/5], Batch [12/300], Loss: 1.0917 (Overall: 0.7346, Change: 0.9958), TF Ratio: 0.818
[2026-06-15 06:58:48,824][root][INFO] - Epoch [4/5], Batch [13/300], Loss: 1.0800 (Overall: 0.6120, Change: 1.2693), TF Ratio: 0.817
[2026-06-15 06:58:48,987][root][INFO] - Epoch [4/5], Batch [14/300], Loss: 1.1189 (Overall: 1.4038, Change: 1.8438), TF Ratio: 0.817
[2026-06-15 06:58:49,142][root][INFO] - Epoch [4/5], Batch [15/300], Loss: 1.1087 (Overall: 0.8015, Change: 1.1304), TF Ratio: 0.817
[2026-06-15 06:58:49,334][root][INFO] - Epoch [4/5], Batch [16/300], Loss: 1.1159 (Overall: 1.0017, Change: 1.4455), TF Ratio: 0.817
[2026-06-15 06:58:49,493][root][INFO] - Epoch [4/5], Batch [17/300], Loss: 1.1053 (Overall: 0.6706, Change: 1.2005), TF Ratio: 0.817
[2026-06-15 06:58:49,648][root][INFO] - Epoch [4/5], Batch [18/300], Loss: 1.1100 (Overall: 0.9946, Change: 1.3847), TF Ratio: 0.816
[2026-06-15 06:58:49,814][root][INFO] - Epoch [4/5], Batch [19/300], Loss: 1.0981 (Overall: 0.7163, Change: 1.0538), TF Ratio: 0.816
[2026-06-15 06:58:50,036][root][INFO] - Epoch [4/5], Batch [20/300], Loss: 1.0911 (Overall: 0.5975, Change: 1.3195), TF Ratio: 0.816
[2026-06-15 06:58:50,194][root][INFO] - Epoch [4/5], Batch [21/300], Loss: 1.1006 (Overall: 0.7782, Change: 1.8023), TF Ratio: 0.816
[2026-06-15 06:58:50,357][root][INFO] - Epoch [4/5], Batch [22/300], Loss: 1.1040 (Overall: 1.0282, Change: 1.3205), TF Ratio: 0.816
[2026-06-15 06:58:50,512][root][INFO] - Epoch [4/5], Batch [23/300], Loss: 1.0978 (Overall: 0.7039, Change: 1.2204), TF Ratio: 0.815
[2026-06-15 06:58:50,723][root][INFO] - Epoch [4/5], Batch [24/300], Loss: 1.0931 (Overall: 0.7827, Change: 1.1892), TF Ratio: 0.815
[2026-06-15 06:58:50,891][root][INFO] - Epoch [4/5], Batch [25/300], Loss: 1.0988 (Overall: 1.0286, Change: 1.4427), TF Ratio: 0.815
[2026-06-15 06:58:51,051][root][INFO] - Epoch [4/5], Batch [26/300], Loss: 1.0967 (Overall: 0.6462, Change: 1.4395), TF Ratio: 0.815
[2026-06-15 06:58:51,205][root][INFO] - Epoch [4/5], Batch [27/300], Loss: 1.0941 (Overall: 0.6166, Change: 1.4348), TF Ratio: 0.815
[2026-06-15 06:58:51,389][root][INFO] - Epoch [4/5], Batch [28/300], Loss: 1.0937 (Overall: 0.8518, Change: 1.3144), TF Ratio: 0.814
[2026-06-15 06:58:51,543][root][INFO] - Epoch [4/5], Batch [29/300], Loss: 1.0923 (Overall: 1.2794, Change: 0.8305), TF Ratio: 0.814
[2026-06-15 06:58:51,719][root][INFO] - Epoch [4/5], Batch [30/300], Loss: 1.0819 (Overall: 0.6811, Change: 0.8798), TF Ratio: 0.814
[2026-06-15 06:58:51,871][root][INFO] - Epoch [4/5], Batch [31/300], Loss: 1.0818 (Overall: 0.7189, Change: 1.4352), TF Ratio: 0.814
[2026-06-15 06:58:52,038][root][INFO] - Epoch [4/5], Batch [32/300], Loss: 1.0852 (Overall: 1.0973, Change: 1.2820), TF Ratio: 0.814
[2026-06-15 06:58:52,191][root][INFO] - Epoch [4/5], Batch [33/300], Loss: 1.0817 (Overall: 0.6408, Change: 1.3049), TF Ratio: 0.813
[2026-06-15 06:58:52,345][root][INFO] - Epoch [4/5], Batch [34/300], Loss: 1.0806 (Overall: 0.9913, Change: 1.0909), TF Ratio: 0.813
[2026-06-15 06:58:52,499][root][INFO] - Epoch [4/5], Batch [35/300], Loss: 1.0836 (Overall: 0.7437, Change: 1.6326), TF Ratio: 0.813
[2026-06-15 06:58:52,706][root][INFO] - Epoch [4/5], Batch [36/300], Loss: 1.0893 (Overall: 1.0659, Change: 1.5129), TF Ratio: 0.813
[2026-06-15 06:58:52,859][root][INFO] - Epoch [4/5], Batch [37/300], Loss: 1.0843 (Overall: 0.6392, Change: 1.1633), TF Ratio: 0.813
[2026-06-15 06:58:53,013][root][INFO] - Epoch [4/5], Batch [38/300], Loss: 1.0799 (Overall: 0.5553, Change: 1.2855), TF Ratio: 0.812
[2026-06-15 06:58:53,166][root][INFO] - Epoch [4/5], Batch [39/300], Loss: 1.0823 (Overall: 0.9727, Change: 1.3671), TF Ratio: 0.812
[2026-06-15 06:58:53,364][root][INFO] - Epoch [4/5], Batch [40/300], Loss: 1.0739 (Overall: 0.4487, Change: 1.0499), TF Ratio: 0.812
[2026-06-15 06:58:53,526][root][INFO] - Epoch [4/5], Batch [41/300], Loss: 1.0694 (Overall: 0.5620, Change: 1.2158), TF Ratio: 0.812
[2026-06-15 06:58:53,688][root][INFO] - Epoch [4/5], Batch [42/300], Loss: 1.0744 (Overall: 1.1598, Change: 1.3967), TF Ratio: 0.812
[2026-06-15 06:58:53,842][root][INFO] - Epoch [4/5], Batch [43/300], Loss: 1.0772 (Overall: 0.8616, Change: 1.5260), TF Ratio: 0.811
[2026-06-15 06:58:54,023][root][INFO] - Epoch [4/5], Batch [44/300], Loss: 1.0852 (Overall: 1.0925, Change: 1.7705), TF Ratio: 0.811
[2026-06-15 06:58:54,187][root][INFO] - Epoch [4/5], Batch [45/300], Loss: 1.0846 (Overall: 0.8875, Change: 1.2318), TF Ratio: 0.811
[2026-06-15 06:58:54,341][root][INFO] - Epoch [4/5], Batch [46/300], Loss: 1.0832 (Overall: 0.6470, Change: 1.3876), TF Ratio: 0.811
[2026-06-15 06:58:54,494][root][INFO] - Epoch [4/5], Batch [47/300], Loss: 1.0821 (Overall: 0.8751, Change: 1.1887), TF Ratio: 0.811
[2026-06-15 06:58:56,641][root][INFO] - Epoch [4/5], Batch [48/300], Loss: 1.0796 (Overall: 0.6173, Change: 1.3095), TF Ratio: 0.810
[2026-06-15 06:58:56,795][root][INFO] - Epoch [4/5], Batch [49/300], Loss: 1.0807 (Overall: 0.7363, Change: 1.5295), TF Ratio: 0.810
[2026-06-15 06:58:56,948][root][INFO] - Epoch [4/5], Batch [50/300], Loss: 1.0822 (Overall: 0.7841, Change: 1.5252), TF Ratio: 0.810
[2026-06-15 06:58:57,099][root][INFO] - Epoch [4/5], Batch [51/300], Loss: 1.0804 (Overall: 0.8921, Change: 1.0922), TF Ratio: 0.810
[2026-06-15 06:58:57,293][root][INFO] - Epoch [4/5], Batch [52/300], Loss: 1.0784 (Overall: 0.7968, Change: 1.1552), TF Ratio: 0.810
[2026-06-15 06:58:57,448][root][INFO] - Epoch [4/5], Batch [53/300], Loss: 1.0792 (Overall: 0.7490, Change: 1.4882), TF Ratio: 0.809
[2026-06-15 06:58:57,602][root][INFO] - Epoch [4/5], Batch [54/300], Loss: 1.0767 (Overall: 0.5505, Change: 1.3418), TF Ratio: 0.809
[2026-06-15 06:58:57,758][root][INFO] - Epoch [4/5], Batch [55/300], Loss: 1.0722 (Overall: 0.5083, Change: 1.1454), TF Ratio: 0.809
[2026-06-15 06:58:57,971][root][INFO] - Epoch [4/5], Batch [56/300], Loss: 1.0726 (Overall: 0.6798, Change: 1.5107), TF Ratio: 0.809
[2026-06-15 06:58:58,125][root][INFO] - Epoch [4/5], Batch [57/300], Loss: 1.0745 (Overall: 0.7619, Change: 1.6020), TF Ratio: 0.809
[2026-06-15 06:58:58,278][root][INFO] - Epoch [4/5], Batch [58/300], Loss: 1.0750 (Overall: 1.0201, Change: 1.1891), TF Ratio: 0.808
[2026-06-15 06:58:58,443][root][INFO] - Epoch [4/5], Batch [59/300], Loss: 1.0704 (Overall: 0.7156, Change: 0.8933), TF Ratio: 0.808
[2026-06-15 06:58:58,653][root][INFO] - Epoch [4/5], Batch [60/300], Loss: 1.0755 (Overall: 0.9708, Change: 1.7744), TF Ratio: 0.808
[2026-06-15 06:58:58,807][root][INFO] - Epoch [4/5], Batch [61/300], Loss: 1.0764 (Overall: 0.8384, Change: 1.4205), TF Ratio: 0.808
[2026-06-15 06:58:58,963][root][INFO] - Epoch [4/5], Batch [62/300], Loss: 1.0768 (Overall: 0.6719, Change: 1.5341), TF Ratio: 0.808
[2026-06-15 06:58:59,126][root][INFO] - Epoch [4/5], Batch [63/300], Loss: 1.0812 (Overall: 1.0722, Change: 1.6344), TF Ratio: 0.807
[2026-06-15 06:58:59,321][root][INFO] - Epoch [4/5], Batch [64/300], Loss: 1.0826 (Overall: 0.6055, Change: 1.7425), TF Ratio: 0.807
[2026-06-15 06:58:59,476][root][INFO] - Epoch [4/5], Batch [65/300], Loss: 1.0787 (Overall: 0.6552, Change: 0.9947), TF Ratio: 0.807
[2026-06-15 06:58:59,632][root][INFO] - Epoch [4/5], Batch [66/300], Loss: 1.0798 (Overall: 0.7712, Change: 1.5428), TF Ratio: 0.807
[2026-06-15 06:58:59,790][root][INFO] - Epoch [4/5], Batch [67/300], Loss: 1.0807 (Overall: 0.6620, Change: 1.6058), TF Ratio: 0.807
[2026-06-15 06:59:00,010][root][INFO] - Epoch [4/5], Batch [68/300], Loss: 1.0814 (Overall: 0.7779, Change: 1.4885), TF Ratio: 0.806
[2026-06-15 06:59:00,164][root][INFO] - Epoch [4/5], Batch [69/300], Loss: 1.0832 (Overall: 0.9868, Change: 1.4168), TF Ratio: 0.806
[2026-06-15 06:59:00,315][root][INFO] - Epoch [4/5], Batch [70/300], Loss: 1.0824 (Overall: 0.7814, Change: 1.2833), TF Ratio: 0.806
[2026-06-15 06:59:00,486][root][INFO] - Epoch [4/5], Batch [71/300], Loss: 1.0834 (Overall: 0.9182, Change: 1.3885), TF Ratio: 0.806
[2026-06-15 06:59:00,681][root][INFO] - Epoch [4/5], Batch [72/300], Loss: 1.0784 (Overall: 0.5470, Change: 0.9011), TF Ratio: 0.806
[2026-06-15 06:59:00,836][root][INFO] - Epoch [4/5], Batch [73/300], Loss: 1.0795 (Overall: 0.8461, Change: 1.4645), TF Ratio: 0.805
[2026-06-15 06:59:00,989][root][INFO] - Epoch [4/5], Batch [74/300], Loss: 1.0791 (Overall: 0.6454, Change: 1.4569), TF Ratio: 0.805
[2026-06-15 06:59:01,144][root][INFO] - Epoch [4/5], Batch [75/300], Loss: 1.0797 (Overall: 0.8764, Change: 1.3636), TF Ratio: 0.805
[2026-06-15 06:59:01,341][root][INFO] - Epoch [4/5], Batch [76/300], Loss: 1.0805 (Overall: 0.7365, Change: 1.5475), TF Ratio: 0.805
[2026-06-15 06:59:01,496][root][INFO] - Epoch [4/5], Batch [77/300], Loss: 1.0808 (Overall: 0.7326, Change: 1.4791), TF Ratio: 0.805
[2026-06-15 06:59:01,659][root][INFO] - Epoch [4/5], Batch [78/300], Loss: 1.0818 (Overall: 0.8846, Change: 1.4258), TF Ratio: 0.804
[2026-06-15 06:59:01,813][root][INFO] - Epoch [4/5], Batch [79/300], Loss: 1.0812 (Overall: 0.6068, Change: 1.4602), TF Ratio: 0.804
[2026-06-15 06:59:01,993][root][INFO] - Epoch [4/5], Batch [80/300], Loss: 1.0805 (Overall: 0.6683, Change: 1.3936), TF Ratio: 0.804
[2026-06-15 06:59:02,149][root][INFO] - Epoch [4/5], Batch [81/300], Loss: 1.0790 (Overall: 0.5478, Change: 1.3735), TF Ratio: 0.804
[2026-06-15 06:59:02,302][root][INFO] - Epoch [4/5], Batch [82/300], Loss: 1.0794 (Overall: 0.9411, Change: 1.2807), TF Ratio: 0.804
[2026-06-15 06:59:02,455][root][INFO] - Epoch [4/5], Batch [83/300], Loss: 1.0764 (Overall: 0.4648, Change: 1.1915), TF Ratio: 0.803
[2026-06-15 06:59:02,640][root][INFO] - Epoch [4/5], Batch [84/300], Loss: 1.0786 (Overall: 0.9281, Change: 1.5937), TF Ratio: 0.803
[2026-06-15 06:59:02,797][root][INFO] - Epoch [4/5], Batch [85/300], Loss: 1.0794 (Overall: 0.7071, Change: 1.5935), TF Ratio: 0.803
[2026-06-15 06:59:02,951][root][INFO] - Epoch [4/5], Batch [86/300], Loss: 1.0772 (Overall: 0.5813, Change: 1.1895), TF Ratio: 0.803
[2026-06-15 06:59:03,107][root][INFO] - Epoch [4/5], Batch [87/300], Loss: 1.0706 (Overall: 0.3170, Change: 0.6905), TF Ratio: 0.803
[2026-06-15 06:59:03,318][root][INFO] - Epoch [4/5], Batch [88/300], Loss: 1.0668 (Overall: 0.4919, Change: 0.9735), TF Ratio: 0.802
[2026-06-15 06:59:03,484][root][INFO] - Epoch [4/5], Batch [89/300], Loss: 1.0656 (Overall: 0.4860, Change: 1.4319), TF Ratio: 0.802
[2026-06-15 06:59:03,647][root][INFO] - Epoch [4/5], Batch [90/300], Loss: 1.0636 (Overall: 0.5181, Change: 1.2644), TF Ratio: 0.802
[2026-06-15 06:59:03,803][root][INFO] - Epoch [4/5], Batch [91/300], Loss: 1.0650 (Overall: 0.8261, Change: 1.5471), TF Ratio: 0.802
[2026-06-15 06:59:04,012][root][INFO] - Epoch [4/5], Batch [92/300], Loss: 1.0639 (Overall: 0.7217, Change: 1.2110), TF Ratio: 0.802
[2026-06-15 06:59:04,167][root][INFO] - Epoch [4/5], Batch [93/300], Loss: 1.0619 (Overall: 0.7473, Change: 1.0189), TF Ratio: 0.801
[2026-06-15 06:59:04,319][root][INFO] - Epoch [4/5], Batch [94/300], Loss: 1.0595 (Overall: 0.5591, Change: 1.1062), TF Ratio: 0.801
[2026-06-15 06:59:04,472][root][INFO] - Epoch [4/5], Batch [95/300], Loss: 1.0591 (Overall: 0.7558, Change: 1.2948), TF Ratio: 0.801
[2026-06-15 06:59:04,674][root][INFO] - Epoch [4/5], Batch [96/300], Loss: 1.0605 (Overall: 0.7465, Change: 1.6236), TF Ratio: 0.801
[2026-06-15 06:59:04,832][root][INFO] - Epoch [4/5], Batch [97/300], Loss: 1.0607 (Overall: 0.5255, Change: 1.6403), TF Ratio: 0.801
[2026-06-15 06:59:04,984][root][INFO] - Epoch [4/5], Batch [98/300], Loss: 1.0596 (Overall: 0.7224, Change: 1.1913), TF Ratio: 0.800
[2026-06-15 06:59:05,137][root][INFO] - Epoch [4/5], Batch [99/300], Loss: 1.0594 (Overall: 0.8339, Change: 1.2298), TF Ratio: 0.800
[2026-06-15 06:59:05,339][root][INFO] - Epoch [4/5], Batch [100/300], Loss: 1.0584 (Overall: 0.4620, Change: 1.4612), TF Ratio: 0.800
[2026-06-15 06:59:05,493][root][INFO] - Epoch [4/5], Batch [101/300], Loss: 1.0584 (Overall: 0.6915, Change: 1.4339), TF Ratio: 0.800
[2026-06-15 06:59:05,647][root][INFO] - Epoch [4/5], Batch [102/300], Loss: 1.0567 (Overall: 0.7071, Change: 1.0493), TF Ratio: 0.800
[2026-06-15 06:59:05,800][root][INFO] - Epoch [4/5], Batch [103/300], Loss: 1.0558 (Overall: 0.6743, Change: 1.2623), TF Ratio: 0.799
[2026-06-15 06:59:05,983][root][INFO] - Epoch [4/5], Batch [104/300], Loss: 1.0573 (Overall: 1.1373, Change: 1.2822), TF Ratio: 0.799
[2026-06-15 06:59:06,137][root][INFO] - Epoch [4/5], Batch [105/300], Loss: 1.0581 (Overall: 0.6862, Change: 1.6032), TF Ratio: 0.799
[2026-06-15 06:59:06,289][root][INFO] - Epoch [4/5], Batch [106/300], Loss: 1.0573 (Overall: 0.8617, Change: 1.0773), TF Ratio: 0.799
[2026-06-15 06:59:06,457][root][INFO] - Epoch [4/5], Batch [107/300], Loss: 1.0583 (Overall: 0.8177, Change: 1.5166), TF Ratio: 0.799
[2026-06-15 06:59:06,637][root][INFO] - Epoch [4/5], Batch [108/300], Loss: 1.0601 (Overall: 1.1809, Change: 1.3205), TF Ratio: 0.798
[2026-06-15 06:59:06,791][root][INFO] - Epoch [4/5], Batch [109/300], Loss: 1.0587 (Overall: 0.7354, Change: 1.0848), TF Ratio: 0.798
[2026-06-15 06:59:06,944][root][INFO] - Epoch [4/5], Batch [110/300], Loss: 1.0589 (Overall: 0.5819, Change: 1.5859), TF Ratio: 0.798
[2026-06-15 06:59:07,097][root][INFO] - Epoch [4/5], Batch [111/300], Loss: 1.0584 (Overall: 0.5022, Change: 1.4901), TF Ratio: 0.798
[2026-06-15 06:59:07,277][root][INFO] - Epoch [4/5], Batch [112/300], Loss: 1.0585 (Overall: 0.8402, Change: 1.3144), TF Ratio: 0.798
[2026-06-15 06:59:07,436][root][INFO] - Epoch [4/5], Batch [113/300], Loss: 1.0579 (Overall: 0.5989, Change: 1.3689), TF Ratio: 0.797
[2026-06-15 06:59:07,589][root][INFO] - Epoch [4/5], Batch [114/300], Loss: 1.0568 (Overall: 0.6791, Change: 1.1943), TF Ratio: 0.797
[2026-06-15 06:59:07,743][root][INFO] - Epoch [4/5], Batch [115/300], Loss: 1.0550 (Overall: 0.4149, Change: 1.2860), TF Ratio: 0.797
[2026-06-15 06:59:07,934][root][INFO] - Epoch [4/5], Batch [116/300], Loss: 1.0558 (Overall: 0.9269, Change: 1.3748), TF Ratio: 0.797
[2026-06-15 06:59:08,089][root][INFO] - Epoch [4/5], Batch [117/300], Loss: 1.0557 (Overall: 0.5492, Change: 1.5273), TF Ratio: 0.797
[2026-06-15 06:59:08,255][root][INFO] - Epoch [4/5], Batch [118/300], Loss: 1.0541 (Overall: 0.4679, Change: 1.2652), TF Ratio: 0.796
[2026-06-15 06:59:08,411][root][INFO] - Epoch [4/5], Batch [119/300], Loss: 1.0521 (Overall: 0.5218, Change: 1.1058), TF Ratio: 0.796
[2026-06-15 06:59:08,604][root][INFO] - Epoch [4/5], Batch [120/300], Loss: 1.0514 (Overall: 0.7679, Change: 1.1850), TF Ratio: 0.796
[2026-06-15 06:59:08,761][root][INFO] - Epoch [4/5], Batch [121/300], Loss: 1.0511 (Overall: 0.5459, Change: 1.4789), TF Ratio: 0.796
[2026-06-15 06:59:08,917][root][INFO] - Epoch [4/5], Batch [122/300], Loss: 1.0504 (Overall: 0.6048, Change: 1.3251), TF Ratio: 0.796
[2026-06-15 06:59:09,072][root][INFO] - Epoch [4/5], Batch [123/300], Loss: 1.0504 (Overall: 0.9317, Change: 1.1773), TF Ratio: 0.795
[2026-06-15 06:59:09,248][root][INFO] - Epoch [4/5], Batch [124/300], Loss: 1.0504 (Overall: 0.8601, Change: 1.2412), TF Ratio: 0.795
[2026-06-15 06:59:09,404][root][INFO] - Epoch [4/5], Batch [125/300], Loss: 1.0475 (Overall: 0.6167, Change: 0.7432), TF Ratio: 0.795
[2026-06-15 06:59:09,558][root][INFO] - Epoch [4/5], Batch [126/300], Loss: 1.0463 (Overall: 0.7579, Change: 1.0285), TF Ratio: 0.795
[2026-06-15 06:59:09,711][root][INFO] - Epoch [4/5], Batch [127/300], Loss: 1.0468 (Overall: 0.8832, Change: 1.3415), TF Ratio: 0.795
[2026-06-15 06:59:09,890][root][INFO] - Epoch [4/5], Batch [128/300], Loss: 1.0461 (Overall: 0.8102, Change: 1.1212), TF Ratio: 0.794
[2026-06-15 06:59:10,057][root][INFO] - Epoch [4/5], Batch [129/300], Loss: 1.0450 (Overall: 0.4370, Change: 1.3476), TF Ratio: 0.794
[2026-06-15 06:59:10,210][root][INFO] - Epoch [4/5], Batch [130/300], Loss: 1.0454 (Overall: 1.0188, Change: 1.1976), TF Ratio: 0.794
[2026-06-15 06:59:10,371][root][INFO] - Epoch [4/5], Batch [131/300], Loss: 1.0425 (Overall: 0.5188, Change: 0.7949), TF Ratio: 0.794
[2026-06-15 06:59:10,577][root][INFO] - Epoch [4/5], Batch [132/300], Loss: 1.0412 (Overall: 0.4795, Change: 1.2635), TF Ratio: 0.794
[2026-06-15 06:59:10,731][root][INFO] - Epoch [4/5], Batch [133/300], Loss: 1.0401 (Overall: 0.5309, Change: 1.2574), TF Ratio: 0.793
[2026-06-15 06:59:10,884][root][INFO] - Epoch [4/5], Batch [134/300], Loss: 1.0397 (Overall: 0.6150, Change: 1.3710), TF Ratio: 0.793
[2026-06-15 06:59:11,040][root][INFO] - Epoch [4/5], Batch [135/300], Loss: 1.0403 (Overall: 0.6641, Change: 1.5801), TF Ratio: 0.793
[2026-06-15 06:59:11,247][root][INFO] - Epoch [4/5], Batch [136/300], Loss: 1.0379 (Overall: 0.6431, Change: 0.7870), TF Ratio: 0.793
[2026-06-15 06:59:11,411][root][INFO] - Epoch [4/5], Batch [137/300], Loss: 1.0382 (Overall: 0.5934, Change: 1.5586), TF Ratio: 0.793
[2026-06-15 06:59:11,564][root][INFO] - Epoch [4/5], Batch [138/300], Loss: 1.0371 (Overall: 0.5157, Change: 1.2525), TF Ratio: 0.792
[2026-06-15 06:59:11,730][root][INFO] - Epoch [4/5], Batch [139/300], Loss: 1.0374 (Overall: 0.6171, Change: 1.5275), TF Ratio: 0.792
[2026-06-15 06:59:11,920][root][INFO] - Epoch [4/5], Batch [140/300], Loss: 1.0369 (Overall: 0.6093, Change: 1.3250), TF Ratio: 0.792
[2026-06-15 06:59:12,075][root][INFO] - Epoch [4/5], Batch [141/300], Loss: 1.0347 (Overall: 0.5400, Change: 0.9294), TF Ratio: 0.792
[2026-06-15 06:59:12,235][root][INFO] - Epoch [4/5], Batch [142/300], Loss: 1.0366 (Overall: 0.9957, Change: 1.5969), TF Ratio: 0.792
[2026-06-15 06:59:12,402][root][INFO] - Epoch [4/5], Batch [143/300], Loss: 1.0359 (Overall: 0.5344, Change: 1.3394), TF Ratio: 0.791
[2026-06-15 06:59:12,593][root][INFO] - Epoch [4/5], Batch [144/300], Loss: 1.0350 (Overall: 0.5908, Change: 1.2375), TF Ratio: 0.791
[2026-06-15 06:59:12,761][root][INFO] - Epoch [4/5], Batch [145/300], Loss: 1.0351 (Overall: 0.5448, Change: 1.5625), TF Ratio: 0.791
[2026-06-15 06:59:12,915][root][INFO] - Epoch [4/5], Batch [146/300], Loss: 1.0339 (Overall: 0.6834, Change: 1.0251), TF Ratio: 0.791
[2026-06-15 06:59:13,081][root][INFO] - Epoch [4/5], Batch [147/300], Loss: 1.0349 (Overall: 0.8783, Change: 1.4767), TF Ratio: 0.791
[2026-06-15 06:59:13,283][root][INFO] - Epoch [4/5], Batch [148/300], Loss: 1.0349 (Overall: 0.6212, Change: 1.4538), TF Ratio: 0.790
[2026-06-15 06:59:13,444][root][INFO] - Epoch [4/5], Batch [149/300], Loss: 1.0345 (Overall: 0.7567, Change: 1.1904), TF Ratio: 0.790
[2026-06-15 06:59:13,607][root][INFO] - Epoch [4/5], Batch [150/300], Loss: 1.0342 (Overall: 0.4228, Change: 1.5527), TF Ratio: 0.790
[2026-06-15 06:59:13,761][root][INFO] - Epoch [4/5], Batch [151/300], Loss: 1.0351 (Overall: 0.8899, Change: 1.4468), TF Ratio: 0.790
[2026-06-15 06:59:13,948][root][INFO] - Epoch [4/5], Batch [152/300], Loss: 1.0340 (Overall: 0.5746, Change: 1.1613), TF Ratio: 0.790
[2026-06-15 06:59:14,116][root][INFO] - Epoch [4/5], Batch [153/300], Loss: 1.0325 (Overall: 0.5188, Change: 1.1146), TF Ratio: 0.789
[2026-06-15 06:59:14,271][root][INFO] - Epoch [4/5], Batch [154/300], Loss: 1.0321 (Overall: 0.5837, Change: 1.3532), TF Ratio: 0.789
[2026-06-15 06:59:14,426][root][INFO] - Epoch [4/5], Batch [155/300], Loss: 1.0317 (Overall: 0.6002, Change: 1.3328), TF Ratio: 0.789
[2026-06-15 06:59:14,611][root][INFO] - Epoch [4/5], Batch [156/300], Loss: 1.0324 (Overall: 0.6853, Change: 1.5981), TF Ratio: 0.789
[2026-06-15 06:59:14,766][root][INFO] - Epoch [4/5], Batch [157/300], Loss: 1.0297 (Overall: 0.4573, Change: 0.7675), TF Ratio: 0.789
[2026-06-15 06:59:14,919][root][INFO] - Epoch [4/5], Batch [158/300], Loss: 1.0289 (Overall: 0.7828, Change: 1.0250), TF Ratio: 0.788
[2026-06-15 06:59:15,080][root][INFO] - Epoch [4/5], Batch [159/300], Loss: 1.0294 (Overall: 0.9105, Change: 1.3015), TF Ratio: 0.788
[2026-06-15 06:59:15,253][root][INFO] - Epoch [4/5], Batch [160/300], Loss: 1.0298 (Overall: 0.9266, Change: 1.2559), TF Ratio: 0.788
[2026-06-15 06:59:15,408][root][INFO] - Epoch [4/5], Batch [161/300], Loss: 1.0280 (Overall: 0.4253, Change: 1.0491), TF Ratio: 0.788
[2026-06-15 06:59:15,564][root][INFO] - Epoch [4/5], Batch [162/300], Loss: 1.0282 (Overall: 0.8684, Change: 1.2482), TF Ratio: 0.788
[2026-06-15 06:59:15,717][root][INFO] - Epoch [4/5], Batch [163/300], Loss: 1.0280 (Overall: 0.6579, Change: 1.3432), TF Ratio: 0.787
[2026-06-15 06:59:15,922][root][INFO] - Epoch [4/5], Batch [164/300], Loss: 1.0295 (Overall: 1.1649, Change: 1.3933), TF Ratio: 0.787
[2026-06-15 06:59:16,088][root][INFO] - Epoch [4/5], Batch [165/300], Loss: 1.0304 (Overall: 0.9536, Change: 1.4042), TF Ratio: 0.787
[2026-06-15 06:59:16,243][root][INFO] - Epoch [4/5], Batch [166/300], Loss: 1.0300 (Overall: 0.5060, Change: 1.3976), TF Ratio: 0.787
[2026-06-15 06:59:16,402][root][INFO] - Epoch [4/5], Batch [167/300], Loss: 1.0301 (Overall: 0.6786, Change: 1.4131), TF Ratio: 0.787
[2026-06-15 06:59:16,584][root][INFO] - Epoch [4/5], Batch [168/300], Loss: 1.0292 (Overall: 0.5793, Change: 1.1864), TF Ratio: 0.786
[2026-06-15 06:59:16,740][root][INFO] - Epoch [4/5], Batch [169/300], Loss: 1.0300 (Overall: 0.9105, Change: 1.4069), TF Ratio: 0.786
[2026-06-15 06:59:16,901][root][INFO] - Epoch [4/5], Batch [170/300], Loss: 1.0305 (Overall: 0.9527, Change: 1.2984), TF Ratio: 0.786
[2026-06-15 06:59:17,054][root][INFO] - Epoch [4/5], Batch [171/300], Loss: 1.0311 (Overall: 0.9884, Change: 1.2836), TF Ratio: 0.786
[2026-06-15 06:59:17,287][root][INFO] - Epoch [4/5], Batch [172/300], Loss: 1.0315 (Overall: 0.5458, Change: 1.6445), TF Ratio: 0.786
[2026-06-15 06:59:17,456][root][INFO] - Epoch [4/5], Batch [173/300], Loss: 1.0315 (Overall: 0.5559, Change: 1.5033), TF Ratio: 0.785
[2026-06-15 06:59:17,608][root][INFO] - Epoch [4/5], Batch [174/300], Loss: 1.0330 (Overall: 1.0226, Change: 1.5694), TF Ratio: 0.785
[2026-06-15 06:59:17,760][root][INFO] - Epoch [4/5], Batch [175/300], Loss: 1.0340 (Overall: 0.8428, Change: 1.5612), TF Ratio: 0.785
[2026-06-15 06:59:17,938][root][INFO] - Epoch [4/5], Batch [176/300], Loss: 1.0341 (Overall: 0.9506, Change: 1.1724), TF Ratio: 0.785
[2026-06-15 06:59:18,091][root][INFO] - Epoch [4/5], Batch [177/300], Loss: 1.0352 (Overall: 1.0374, Change: 1.4205), TF Ratio: 0.785
[2026-06-15 06:59:18,244][root][INFO] - Epoch [4/5], Batch [178/300], Loss: 1.0350 (Overall: 0.6869, Change: 1.3036), TF Ratio: 0.784
[2026-06-15 06:59:18,398][root][INFO] - Epoch [4/5], Batch [179/300], Loss: 1.0349 (Overall: 0.5577, Change: 1.4877), TF Ratio: 0.784
[2026-06-15 06:59:18,618][root][INFO] - Epoch [4/5], Batch [180/300], Loss: 1.0359 (Overall: 1.1202, Change: 1.2985), TF Ratio: 0.784
[2026-06-15 06:59:18,774][root][INFO] - Epoch [4/5], Batch [181/300], Loss: 1.0365 (Overall: 0.7918, Change: 1.5057), TF Ratio: 0.784
[2026-06-15 06:59:18,927][root][INFO] - Epoch [4/5], Batch [182/300], Loss: 1.0371 (Overall: 0.6293, Change: 1.6483), TF Ratio: 0.784
[2026-06-15 06:59:19,080][root][INFO] - Epoch [4/5], Batch [183/300], Loss: 1.0387 (Overall: 1.0186, Change: 1.6469), TF Ratio: 0.783
[2026-06-15 06:59:19,280][root][INFO] - Epoch [4/5], Batch [184/300], Loss: 1.0385 (Overall: 0.8081, Change: 1.1780), TF Ratio: 0.783
[2026-06-15 06:59:19,433][root][INFO] - Epoch [4/5], Batch [185/300], Loss: 1.0382 (Overall: 0.5516, Change: 1.4197), TF Ratio: 0.783
[2026-06-15 06:59:19,593][root][INFO] - Epoch [4/5], Batch [186/300], Loss: 1.0388 (Overall: 0.5853, Change: 1.7056), TF Ratio: 0.783
[2026-06-15 06:59:19,746][root][INFO] - Epoch [4/5], Batch [187/300], Loss: 1.0395 (Overall: 0.8850, Change: 1.4678), TF Ratio: 0.783
[2026-06-15 06:59:19,939][root][INFO] - Epoch [4/5], Batch [188/300], Loss: 1.0390 (Overall: 0.6220, Change: 1.2612), TF Ratio: 0.782
[2026-06-15 06:59:20,092][root][INFO] - Epoch [4/5], Batch [189/300], Loss: 1.0382 (Overall: 0.6700, Change: 1.1016), TF Ratio: 0.782
[2026-06-15 06:59:20,244][root][INFO] - Epoch [4/5], Batch [190/300], Loss: 1.0388 (Overall: 0.7825, Change: 1.5273), TF Ratio: 0.782
[2026-06-15 06:59:20,396][root][INFO] - Epoch [4/5], Batch [191/300], Loss: 1.0382 (Overall: 0.6525, Change: 1.1883), TF Ratio: 0.782
[2026-06-15 06:59:20,579][root][INFO] - Epoch [4/5], Batch [192/300], Loss: 1.0376 (Overall: 0.6779, Change: 1.1847), TF Ratio: 0.782
[2026-06-15 06:59:20,732][root][INFO] - Epoch [4/5], Batch [193/300], Loss: 1.0371 (Overall: 0.4973, Change: 1.3961), TF Ratio: 0.781
[2026-06-15 06:59:20,884][root][INFO] - Epoch [4/5], Batch [194/300], Loss: 1.0381 (Overall: 0.9543, Change: 1.5050), TF Ratio: 0.781
[2026-06-15 06:59:21,035][root][INFO] - Epoch [4/5], Batch [195/300], Loss: 1.0388 (Overall: 0.7703, Change: 1.5822), TF Ratio: 0.781
[2026-06-15 06:59:21,222][root][INFO] - Epoch [4/5], Batch [196/300], Loss: 1.0372 (Overall: 0.4420, Change: 1.0025), TF Ratio: 0.781
[2026-06-15 06:59:21,376][root][INFO] - Epoch [4/5], Batch [197/300], Loss: 1.0372 (Overall: 0.6063, Change: 1.4549), TF Ratio: 0.781
[2026-06-15 06:59:21,528][root][INFO] - Epoch [4/5], Batch [198/300], Loss: 1.0381 (Overall: 1.1146, Change: 1.3430), TF Ratio: 0.780
[2026-06-15 06:59:21,682][root][INFO] - Epoch [4/5], Batch [199/300], Loss: 1.0380 (Overall: 0.5552, Change: 1.4675), TF Ratio: 0.780
[2026-06-15 06:59:21,898][root][INFO] - Epoch [4/5], Batch [200/300], Loss: 1.0371 (Overall: 0.6794, Change: 1.0465), TF Ratio: 0.780
[2026-06-15 06:59:22,060][root][INFO] - Epoch [4/5], Batch [201/300], Loss: 1.0373 (Overall: 0.8316, Change: 1.3285), TF Ratio: 0.780
[2026-06-15 06:59:22,214][root][INFO] - Epoch [4/5], Batch [202/300], Loss: 1.0368 (Overall: 0.6138, Change: 1.2449), TF Ratio: 0.780
[2026-06-15 06:59:22,368][root][INFO] - Epoch [4/5], Batch [203/300], Loss: 1.0365 (Overall: 0.5997, Change: 1.3409), TF Ratio: 0.779
[2026-06-15 06:59:22,558][root][INFO] - Epoch [4/5], Batch [204/300], Loss: 1.0354 (Overall: 0.6063, Change: 1.0119), TF Ratio: 0.779
[2026-06-15 06:59:22,712][root][INFO] - Epoch [4/5], Batch [205/300], Loss: 1.0363 (Overall: 1.0499, Change: 1.4034), TF Ratio: 0.779
[2026-06-15 06:59:22,864][root][INFO] - Epoch [4/5], Batch [206/300], Loss: 1.0360 (Overall: 0.6787, Change: 1.2617), TF Ratio: 0.779
[2026-06-15 06:59:23,018][root][INFO] - Epoch [4/5], Batch [207/300], Loss: 1.0356 (Overall: 0.6207, Change: 1.2988), TF Ratio: 0.779
[2026-06-15 06:59:23,220][root][INFO] - Epoch [4/5], Batch [208/300], Loss: 1.0349 (Overall: 0.8959, Change: 0.8945), TF Ratio: 0.778
[2026-06-15 06:59:23,377][root][INFO] - Epoch [4/5], Batch [209/300], Loss: 1.0352 (Overall: 0.4850, Change: 1.6878), TF Ratio: 0.778
[2026-06-15 06:59:23,530][root][INFO] - Epoch [4/5], Batch [210/300], Loss: 1.0353 (Overall: 0.6285, Change: 1.5082), TF Ratio: 0.778
[2026-06-15 06:59:23,683][root][INFO] - Epoch [4/5], Batch [211/300], Loss: 1.0350 (Overall: 0.7427, Change: 1.1902), TF Ratio: 0.778
[2026-06-15 06:59:24,812][root][INFO] - Epoch [4/5], Batch [212/300], Loss: 1.0348 (Overall: 0.7380, Change: 1.2185), TF Ratio: 0.778
[2026-06-15 06:59:24,978][root][INFO] - Epoch [4/5], Batch [213/300], Loss: 1.0359 (Overall: 0.9392, Change: 1.6085), TF Ratio: 0.777
[2026-06-15 06:59:25,130][root][INFO] - Epoch [4/5], Batch [214/300], Loss: 1.0356 (Overall: 0.7225, Change: 1.2213), TF Ratio: 0.777
[2026-06-15 06:59:25,281][root][INFO] - Epoch [4/5], Batch [215/300], Loss: 1.0363 (Overall: 0.8327, Change: 1.5551), TF Ratio: 0.777
[2026-06-15 06:59:25,459][root][INFO] - Epoch [4/5], Batch [216/300], Loss: 1.0366 (Overall: 0.5893, Change: 1.6290), TF Ratio: 0.777
[2026-06-15 06:59:25,612][root][INFO] - Epoch [4/5], Batch [217/300], Loss: 1.0357 (Overall: 0.5325, Change: 1.1344), TF Ratio: 0.777
[2026-06-15 06:59:25,764][root][INFO] - Epoch [4/5], Batch [218/300], Loss: 1.0359 (Overall: 0.7016, Change: 1.4460), TF Ratio: 0.776
[2026-06-15 06:59:25,929][root][INFO] - Epoch [4/5], Batch [219/300], Loss: 1.0363 (Overall: 0.7020, Change: 1.5455), TF Ratio: 0.776
[2026-06-15 06:59:26,104][root][INFO] - Epoch [4/5], Batch [220/300], Loss: 1.0371 (Overall: 0.9945, Change: 1.4344), TF Ratio: 0.776
[2026-06-15 06:59:26,263][root][INFO] - Epoch [4/5], Batch [221/300], Loss: 1.0368 (Overall: 0.6097, Change: 1.3386), TF Ratio: 0.776
[2026-06-15 06:59:26,417][root][INFO] - Epoch [4/5], Batch [222/300], Loss: 1.0361 (Overall: 0.5453, Change: 1.2117), TF Ratio: 0.776
[2026-06-15 06:59:26,570][root][INFO] - Epoch [4/5], Batch [223/300], Loss: 1.0364 (Overall: 0.8984, Change: 1.2995), TF Ratio: 0.775
[2026-06-15 06:59:26,779][root][INFO] - Epoch [4/5], Batch [224/300], Loss: 1.0371 (Overall: 0.6830, Change: 1.6900), TF Ratio: 0.775
[2026-06-15 06:59:26,933][root][INFO] - Epoch [4/5], Batch [225/300], Loss: 1.0373 (Overall: 0.5742, Change: 1.6024), TF Ratio: 0.775
[2026-06-15 06:59:27,088][root][INFO] - Epoch [4/5], Batch [226/300], Loss: 1.0376 (Overall: 0.7623, Change: 1.4620), TF Ratio: 0.775
[2026-06-15 06:59:27,245][root][INFO] - Epoch [4/5], Batch [227/300], Loss: 1.0377 (Overall: 0.8965, Change: 1.2414), TF Ratio: 0.775
[2026-06-15 06:59:27,435][root][INFO] - Epoch [4/5], Batch [228/300], Loss: 1.0370 (Overall: 0.3915, Change: 1.3569), TF Ratio: 0.774
[2026-06-15 06:59:27,599][root][INFO] - Epoch [4/5], Batch [229/300], Loss: 1.0378 (Overall: 0.9062, Change: 1.5217), TF Ratio: 0.774
[2026-06-15 06:59:27,756][root][INFO] - Epoch [4/5], Batch [230/300], Loss: 1.0371 (Overall: 0.8626, Change: 0.8986), TF Ratio: 0.774
[2026-06-15 06:59:27,908][root][INFO] - Epoch [4/5], Batch [231/300], Loss: 1.0367 (Overall: 0.5143, Change: 1.3673), TF Ratio: 0.774
[2026-06-15 06:59:28,088][root][INFO] - Epoch [4/5], Batch [232/300], Loss: 1.0366 (Overall: 0.7451, Change: 1.2709), TF Ratio: 0.774
[2026-06-15 06:59:28,250][root][INFO] - Epoch [4/5], Batch [233/300], Loss: 1.0358 (Overall: 0.7336, Change: 0.9646), TF Ratio: 0.773
[2026-06-15 06:59:28,401][root][INFO] - Epoch [4/5], Batch [234/300], Loss: 1.0355 (Overall: 0.6375, Change: 1.2877), TF Ratio: 0.773
[2026-06-15 06:59:28,552][root][INFO] - Epoch [4/5], Batch [235/300], Loss: 1.0354 (Overall: 0.7911, Change: 1.2633), TF Ratio: 0.773
[2026-06-15 06:59:28,736][root][INFO] - Epoch [4/5], Batch [236/300], Loss: 1.0329 (Overall: 0.8931, Change: 0.0000), TF Ratio: 0.773
[2026-06-15 06:59:28,899][root][INFO] - Epoch [4/5], Batch [237/300], Loss: 1.0331 (Overall: 0.7709, Change: 1.3748), TF Ratio: 0.773
[2026-06-15 06:59:29,052][root][INFO] - Epoch [4/5], Batch [238/300], Loss: 1.0324 (Overall: 0.6917, Change: 1.0406), TF Ratio: 0.772
[2026-06-15 06:59:29,205][root][INFO] - Epoch [4/5], Batch [239/300], Loss: 1.0313 (Overall: 0.6042, Change: 0.9253), TF Ratio: 0.772
[2026-06-15 06:59:29,409][root][INFO] - Epoch [4/5], Batch [240/300], Loss: 1.0311 (Overall: 0.8091, Change: 1.1628), TF Ratio: 0.772
[2026-06-15 06:59:29,572][root][INFO] - Epoch [4/5], Batch [241/300], Loss: 1.0308 (Overall: 0.7090, Change: 1.2223), TF Ratio: 0.772
[2026-06-15 06:59:29,735][root][INFO] - Epoch [4/5], Batch [242/300], Loss: 1.0320 (Overall: 0.9549, Change: 1.6674), TF Ratio: 0.772
[2026-06-15 06:59:29,888][root][INFO] - Epoch [4/5], Batch [243/300], Loss: 1.0311 (Overall: 0.5259, Change: 1.1291), TF Ratio: 0.771
[2026-06-15 06:59:30,068][root][INFO] - Epoch [4/5], Batch [244/300], Loss: 1.0307 (Overall: 0.6642, Change: 1.1914), TF Ratio: 0.771
[2026-06-15 06:59:30,228][root][INFO] - Epoch [4/5], Batch [245/300], Loss: 1.0302 (Overall: 0.5105, Change: 1.2831), TF Ratio: 0.771
[2026-06-15 06:59:30,381][root][INFO] - Epoch [4/5], Batch [246/300], Loss: 1.0305 (Overall: 0.7211, Change: 1.4964), TF Ratio: 0.771
[2026-06-15 06:59:30,533][root][INFO] - Epoch [4/5], Batch [247/300], Loss: 1.0309 (Overall: 0.6651, Change: 1.5973), TF Ratio: 0.771
[2026-06-15 06:59:32,417][root][INFO] - Epoch [4/5], Batch [248/300], Loss: 1.0309 (Overall: 0.5470, Change: 1.5386), TF Ratio: 0.770
[2026-06-15 06:59:32,574][root][INFO] - Epoch [4/5], Batch [249/300], Loss: 1.0315 (Overall: 0.9912, Change: 1.3513), TF Ratio: 0.770
[2026-06-15 06:59:32,726][root][INFO] - Epoch [4/5], Batch [250/300], Loss: 1.0313 (Overall: 0.5876, Change: 1.3579), TF Ratio: 0.770
[2026-06-15 06:59:32,878][root][INFO] - Epoch [4/5], Batch [251/300], Loss: 1.0319 (Overall: 0.9303, Change: 1.4504), TF Ratio: 0.770
[2026-06-15 06:59:33,060][root][INFO] - Epoch [4/5], Batch [252/300], Loss: 1.0318 (Overall: 0.5667, Change: 1.4606), TF Ratio: 0.770
[2026-06-15 06:59:33,214][root][INFO] - Epoch [4/5], Batch [253/300], Loss: 1.0325 (Overall: 1.1341, Change: 1.2738), TF Ratio: 0.769
[2026-06-15 06:59:33,374][root][INFO] - Epoch [4/5], Batch [254/300], Loss: 1.0318 (Overall: 0.5990, Change: 1.0885), TF Ratio: 0.769
[2026-06-15 06:59:33,537][root][INFO] - Epoch [4/5], Batch [255/300], Loss: 1.0313 (Overall: 0.5893, Change: 1.2547), TF Ratio: 0.769
[2026-06-15 06:59:33,718][root][INFO] - Epoch [4/5], Batch [256/300], Loss: 1.0312 (Overall: 0.7275, Change: 1.2680), TF Ratio: 0.769
[2026-06-15 06:59:33,871][root][INFO] - Epoch [4/5], Batch [257/300], Loss: 1.0316 (Overall: 0.9036, Change: 1.3756), TF Ratio: 0.769
[2026-06-15 06:59:34,023][root][INFO] - Epoch [4/5], Batch [258/300], Loss: 1.0320 (Overall: 1.1161, Change: 1.1450), TF Ratio: 0.768
[2026-06-15 06:59:34,176][root][INFO] - Epoch [4/5], Batch [259/300], Loss: 1.0316 (Overall: 0.4100, Change: 1.4547), TF Ratio: 0.768
[2026-06-15 06:59:34,359][root][INFO] - Epoch [4/5], Batch [260/300], Loss: 1.0306 (Overall: 0.3873, Change: 1.1596), TF Ratio: 0.768
[2026-06-15 06:59:34,512][root][INFO] - Epoch [4/5], Batch [261/300], Loss: 1.0298 (Overall: 0.3475, Change: 1.2545), TF Ratio: 0.768
[2026-06-15 06:59:34,665][root][INFO] - Epoch [4/5], Batch [262/300], Loss: 1.0298 (Overall: 0.4688, Change: 1.6325), TF Ratio: 0.768
[2026-06-15 06:59:34,843][root][INFO] - Epoch [4/5], Batch [263/300], Loss: 1.0298 (Overall: 0.7050, Change: 1.3542), TF Ratio: 0.767
[2026-06-15 06:59:35,007][root][INFO] - Epoch [4/5], Batch [264/300], Loss: 1.0301 (Overall: 0.5871, Change: 1.6044), TF Ratio: 0.767
[2026-06-15 06:59:35,160][root][INFO] - Epoch [4/5], Batch [265/300], Loss: 1.0295 (Overall: 0.5783, Change: 1.1968), TF Ratio: 0.767
[2026-06-15 06:59:35,312][root][INFO] - Epoch [4/5], Batch [266/300], Loss: 1.0298 (Overall: 0.8504, Change: 1.3444), TF Ratio: 0.767
[2026-06-15 06:59:35,464][root][INFO] - Epoch [4/5], Batch [267/300], Loss: 1.0304 (Overall: 0.6217, Change: 1.7497), TF Ratio: 0.767
[2026-06-15 06:59:35,642][root][INFO] - Epoch [4/5], Batch [268/300], Loss: 1.0302 (Overall: 0.8312, Change: 1.1172), TF Ratio: 0.766
[2026-06-15 06:59:35,795][root][INFO] - Epoch [4/5], Batch [269/300], Loss: 1.0295 (Overall: 0.7039, Change: 1.0185), TF Ratio: 0.766
[2026-06-15 06:59:35,951][root][INFO] - Epoch [4/5], Batch [270/300], Loss: 1.0301 (Overall: 0.7528, Change: 1.6130), TF Ratio: 0.766
[2026-06-15 06:59:36,104][root][INFO] - Epoch [4/5], Batch [271/300], Loss: 1.0298 (Overall: 0.6834, Change: 1.2183), TF Ratio: 0.766
[2026-06-15 06:59:37,961][root][INFO] - Epoch [4/5], Batch [272/300], Loss: 1.0293 (Overall: 0.4609, Change: 1.3251), TF Ratio: 0.766
[2026-06-15 06:59:38,113][root][INFO] - Epoch [4/5], Batch [273/300], Loss: 1.0304 (Overall: 0.9089, Change: 1.7217), TF Ratio: 0.765
[2026-06-15 06:59:38,274][root][INFO] - Epoch [4/5], Batch [274/300], Loss: 1.0293 (Overall: 0.4425, Change: 1.0099), TF Ratio: 0.765
[2026-06-15 06:59:38,427][root][INFO] - Epoch [4/5], Batch [275/300], Loss: 1.0291 (Overall: 0.4496, Change: 1.4994), TF Ratio: 0.765
[2026-06-15 06:59:38,599][root][INFO] - Epoch [4/5], Batch [276/300], Loss: 1.0278 (Overall: 0.4356, Change: 0.9568), TF Ratio: 0.765
[2026-06-15 06:59:38,756][root][INFO] - Epoch [4/5], Batch [277/300], Loss: 1.0275 (Overall: 0.7991, Change: 1.0429), TF Ratio: 0.765
[2026-06-15 06:59:38,908][root][INFO] - Epoch [4/5], Batch [278/300], Loss: 1.0274 (Overall: 0.6741, Change: 1.3632), TF Ratio: 0.764
[2026-06-15 06:59:39,061][root][INFO] - Epoch [4/5], Batch [279/300], Loss: 1.0271 (Overall: 0.7363, Change: 1.1393), TF Ratio: 0.764
[2026-06-15 06:59:39,239][root][INFO] - Epoch [4/5], Batch [280/300], Loss: 1.0266 (Overall: 0.6161, Change: 1.1588), TF Ratio: 0.764
[2026-06-15 06:59:39,393][root][INFO] - Epoch [4/5], Batch [281/300], Loss: 1.0258 (Overall: 0.6359, Change: 0.9809), TF Ratio: 0.764
[2026-06-15 06:59:39,547][root][INFO] - Epoch [4/5], Batch [282/300], Loss: 1.0255 (Overall: 0.5648, Change: 1.2714), TF Ratio: 0.764
[2026-06-15 06:59:39,700][root][INFO] - Epoch [4/5], Batch [283/300], Loss: 1.0255 (Overall: 0.6606, Change: 1.4130), TF Ratio: 0.763
[2026-06-15 06:59:39,896][root][INFO] - Epoch [4/5], Batch [284/300], Loss: 1.0257 (Overall: 0.7073, Change: 1.4323), TF Ratio: 0.763
[2026-06-15 06:59:40,049][root][INFO] - Epoch [4/5], Batch [285/300], Loss: 1.0259 (Overall: 0.7588, Change: 1.4493), TF Ratio: 0.763
[2026-06-15 06:59:40,208][root][INFO] - Epoch [4/5], Batch [286/300], Loss: 1.0256 (Overall: 0.5285, Change: 1.3592), TF Ratio: 0.763
[2026-06-15 06:59:40,360][root][INFO] - Epoch [4/5], Batch [287/300], Loss: 1.0262 (Overall: 0.9755, Change: 1.4065), TF Ratio: 0.763
[2026-06-15 06:59:40,528][root][INFO] - Epoch [4/5], Batch [288/300], Loss: 1.0263 (Overall: 0.7881, Change: 1.3406), TF Ratio: 0.762
[2026-06-15 06:59:40,687][root][INFO] - Epoch [4/5], Batch [289/300], Loss: 1.0259 (Overall: 0.6253, Change: 1.1421), TF Ratio: 0.762
[2026-06-15 06:59:40,839][root][INFO] - Epoch [4/5], Batch [290/300], Loss: 1.0258 (Overall: 0.7628, Change: 1.2859), TF Ratio: 0.762
[2026-06-15 06:59:40,991][root][INFO] - Epoch [4/5], Batch [291/300], Loss: 1.0261 (Overall: 0.8287, Change: 1.3487), TF Ratio: 0.762
[2026-06-15 06:59:41,168][root][INFO] - Epoch [4/5], Batch [292/300], Loss: 1.0268 (Overall: 1.0526, Change: 1.4218), TF Ratio: 0.762
[2026-06-15 06:59:41,322][root][INFO] - Epoch [4/5], Batch [293/300], Loss: 1.0269 (Overall: 0.7873, Change: 1.3350), TF Ratio: 0.761
[2026-06-15 06:59:41,476][root][INFO] - Epoch [4/5], Batch [294/300], Loss: 1.0269 (Overall: 0.6288, Change: 1.4091), TF Ratio: 0.761
[2026-06-15 06:59:41,631][root][INFO] - Epoch [4/5], Batch [295/300], Loss: 1.0264 (Overall: 0.7609, Change: 1.0385), TF Ratio: 0.761
[2026-06-15 06:59:41,821][root][INFO] - Epoch [4/5], Batch [296/300], Loss: 1.0258 (Overall: 0.5476, Change: 1.1226), TF Ratio: 0.761
[2026-06-15 06:59:41,974][root][INFO] - Epoch [4/5], Batch [297/300], Loss: 1.0250 (Overall: 0.5974, Change: 0.9677), TF Ratio: 0.761
[2026-06-15 06:59:42,126][root][INFO] - Epoch [4/5], Batch [298/300], Loss: 1.0267 (Overall: 1.0947, Change: 1.9766), TF Ratio: 0.760
[2026-06-15 06:59:42,278][root][INFO] - Epoch [4/5], Batch [299/300], Loss: 1.0258 (Overall: 0.4422, Change: 1.1058), TF Ratio: 0.760
[2026-06-15 06:59:42,463][root][INFO] - Epoch [4/5], Batch [300/300], Loss: 1.0267 (Overall: 0.7831, Change: 1.7637), TF Ratio: 0.760
[2026-06-15 06:59:46,603][root][INFO] - Epoch 4 done. Validating...
[2026-06-15 06:59:56,237][root][INFO] - Epoch [4/5] | Train: 1.0296 | Val: 0.7245
[2026-06-15 06:59:56,522][root][INFO] - Checkpoint saved: /gpfs/scratch/bsc32/bsc096444/ai4land-tfm/trained_models/unet_impl/41799702/best_model.pth
[2026-06-15 06:59:56,734][root][INFO] - Checkpoint saved: /gpfs/scratch/bsc32/bsc096444/ai4land-tfm/trained_models/unet_impl/41799702/model_epoch_4.pth
[2026-06-15 07:00:00,242][root][INFO] - Epoch [5/5], Batch [1/300], Loss: 1.3174 (Overall: 0.9838, Change: 1.6509), TF Ratio: 0.760
[2026-06-15 07:00:00,396][root][INFO] - Epoch [5/5], Batch [2/300], Loss: 1.2304 (Overall: 0.4922, Change: 1.7946), TF Ratio: 0.760
[2026-06-15 07:00:01,839][root][INFO] - Epoch [5/5], Batch [3/300], Loss: 1.1087 (Overall: 0.4267, Change: 1.3041), TF Ratio: 0.759
[2026-06-15 07:00:03,798][root][INFO] - Epoch [5/5], Batch [4/300], Loss: 1.1759 (Overall: 1.1880, Change: 1.5665), TF Ratio: 0.759
[2026-06-15 07:00:03,957][root][INFO] - Epoch [5/5], Batch [5/300], Loss: 1.1321 (Overall: 0.5084, Change: 1.4060), TF Ratio: 0.759
[2026-06-15 07:00:04,110][root][INFO] - Epoch [5/5], Batch [6/300], Loss: 1.1209 (Overall: 0.7725, Change: 1.3565), TF Ratio: 0.759
[2026-06-15 07:00:04,264][root][INFO] - Epoch [5/5], Batch [7/300], Loss: 1.1242 (Overall: 0.8027, Change: 1.4865), TF Ratio: 0.759
[2026-06-15 07:00:05,303][root][INFO] - Epoch [5/5], Batch [8/300], Loss: 1.1017 (Overall: 0.5246, Change: 1.3624), TF Ratio: 0.758
[2026-06-15 07:00:05,459][root][INFO] - Epoch [5/5], Batch [9/300], Loss: 1.0991 (Overall: 0.6820, Change: 1.4762), TF Ratio: 0.758
[2026-06-15 07:00:05,620][root][INFO] - Epoch [5/5], Batch [10/300], Loss: 1.1040 (Overall: 0.9472, Change: 1.3484), TF Ratio: 0.758
[2026-06-15 07:00:05,775][root][INFO] - Epoch [5/5], Batch [11/300], Loss: 1.1221 (Overall: 1.0784, Change: 1.5278), TF Ratio: 0.758
[2026-06-15 07:00:05,959][root][INFO] - Epoch [5/5], Batch [12/300], Loss: 1.1149 (Overall: 0.9124, Change: 1.1575), TF Ratio: 0.758
[2026-06-15 07:00:06,129][root][INFO] - Epoch [5/5], Batch [13/300], Loss: 1.0890 (Overall: 0.3867, Change: 1.1716), TF Ratio: 0.757
[2026-06-15 07:00:06,282][root][INFO] - Epoch [5/5], Batch [14/300], Loss: 1.0742 (Overall: 0.7229, Change: 1.0387), TF Ratio: 0.757
[2026-06-15 07:00:06,437][root][INFO] - Epoch [5/5], Batch [15/300], Loss: 1.0841 (Overall: 0.7802, Change: 1.6667), TF Ratio: 0.757
[2026-06-15 07:00:06,624][root][INFO] - Epoch [5/5], Batch [16/300], Loss: 1.0754 (Overall: 0.6498, Change: 1.2394), TF Ratio: 0.757
[2026-06-15 07:00:06,778][root][INFO] - Epoch [5/5], Batch [17/300], Loss: 1.0784 (Overall: 0.8476, Change: 1.4040), TF Ratio: 0.757
[2026-06-15 07:00:06,933][root][INFO] - Epoch [5/5], Batch [18/300], Loss: 1.0861 (Overall: 1.0096, Change: 1.4249), TF Ratio: 0.756
[2026-06-15 07:00:07,105][root][INFO] - Epoch [5/5], Batch [19/300], Loss: 1.0528 (Overall: 0.9095, Change: 0.0000), TF Ratio: 0.756
[2026-06-15 07:00:08,587][root][INFO] - Epoch [5/5], Batch [20/300], Loss: 1.0439 (Overall: 0.6262, Change: 1.1220), TF Ratio: 0.756
[2026-06-15 07:00:10,173][root][INFO] - Epoch [5/5], Batch [21/300], Loss: 1.0546 (Overall: 0.9292, Change: 1.6090), TF Ratio: 0.756
[2026-06-15 07:00:10,326][root][INFO] - Epoch [5/5], Batch [22/300], Loss: 1.0804 (Overall: 1.5025, Change: 1.7399), TF Ratio: 0.756
[2026-06-15 07:00:10,479][root][INFO] - Epoch [5/5], Batch [23/300], Loss: 1.0835 (Overall: 0.8607, Change: 1.4438), TF Ratio: 0.755
[2026-06-15 07:00:10,685][root][INFO] - Epoch [5/5], Batch [24/300], Loss: 1.0877 (Overall: 0.7587, Change: 1.6103), TF Ratio: 0.755
[2026-06-15 07:00:10,841][root][INFO] - Epoch [5/5], Batch [25/300], Loss: 1.0870 (Overall: 0.7219, Change: 1.4202), TF Ratio: 0.755
[2026-06-15 07:00:11,003][root][INFO] - Epoch [5/5], Batch [26/300], Loss: 1.0922 (Overall: 0.8683, Change: 1.5733), TF Ratio: 0.755
[2026-06-15 07:00:11,157][root][INFO] - Epoch [5/5], Batch [27/300], Loss: 1.0708 (Overall: 0.3704, Change: 0.6584), TF Ratio: 0.755
[2026-06-15 07:00:11,334][root][INFO] - Epoch [5/5], Batch [28/300], Loss: 1.0664 (Overall: 0.7627, Change: 1.1318), TF Ratio: 0.754
[2026-06-15 07:00:11,487][root][INFO] - Epoch [5/5], Batch [29/300], Loss: 1.0678 (Overall: 0.9014, Change: 1.3155), TF Ratio: 0.754
[2026-06-15 07:00:11,640][root][INFO] - Epoch [5/5], Batch [30/300], Loss: 1.0761 (Overall: 1.1403, Change: 1.4931), TF Ratio: 0.754
[2026-06-15 07:00:11,793][root][INFO] - Epoch [5/5], Batch [31/300], Loss: 1.0722 (Overall: 0.5294, Change: 1.3818), TF Ratio: 0.754
[2026-06-15 07:00:12,000][root][INFO] - Epoch [5/5], Batch [32/300], Loss: 1.0704 (Overall: 0.6033, Change: 1.4259), TF Ratio: 0.754
[2026-06-15 07:00:12,153][root][INFO] - Epoch [5/5], Batch [33/300], Loss: 1.0712 (Overall: 0.8224, Change: 1.3716), TF Ratio: 0.753
[2026-06-15 07:00:12,312][root][INFO] - Epoch [5/5], Batch [34/300], Loss: 1.0709 (Overall: 0.6816, Change: 1.4372), TF Ratio: 0.753
[2026-06-15 07:00:12,464][root][INFO] - Epoch [5/5], Batch [35/300], Loss: 1.0692 (Overall: 0.9182, Change: 1.1035), TF Ratio: 0.753
[2026-06-15 07:00:12,656][root][INFO] - Epoch [5/5], Batch [36/300], Loss: 1.0624 (Overall: 0.4493, Change: 1.1979), TF Ratio: 0.753
[2026-06-15 07:00:12,808][root][INFO] - Epoch [5/5], Batch [37/300], Loss: 1.0602 (Overall: 0.5890, Change: 1.3772), TF Ratio: 0.753
[2026-06-15 07:00:12,965][root][INFO] - Epoch [5/5], Batch [38/300], Loss: 1.0694 (Overall: 2.8186, Change: 0.0000), TF Ratio: 0.752
[2026-06-15 07:00:13,117][root][INFO] - Epoch [5/5], Batch [39/300], Loss: 1.0604 (Overall: 0.5018, Change: 0.9352), TF Ratio: 0.752
[2026-06-15 07:00:13,312][root][INFO] - Epoch [5/5], Batch [40/300], Loss: 1.0586 (Overall: 0.5150, Change: 1.4581), TF Ratio: 0.752
[2026-06-15 07:00:13,471][root][INFO] - Epoch [5/5], Batch [41/300], Loss: 1.0586 (Overall: 0.8428, Change: 1.2757), TF Ratio: 0.752
[2026-06-15 07:00:13,624][root][INFO] - Epoch [5/5], Batch [42/300], Loss: 1.0573 (Overall: 0.5242, Change: 1.4893), TF Ratio: 0.752
[2026-06-15 07:00:13,777][root][INFO] - Epoch [5/5], Batch [43/300], Loss: 1.0521 (Overall: 0.8425, Change: 0.8221), TF Ratio: 0.751
[2026-06-15 07:00:15,905][root][INFO] - Epoch [5/5], Batch [44/300], Loss: 1.0426 (Overall: 0.5668, Change: 0.6978), TF Ratio: 0.751
[2026-06-15 07:00:16,060][root][INFO] - Epoch [5/5], Batch [45/300], Loss: 1.0346 (Overall: 0.5778, Change: 0.7868), TF Ratio: 0.751
[2026-06-15 07:00:16,212][root][INFO] - Epoch [5/5], Batch [46/300], Loss: 1.0336 (Overall: 0.7092, Change: 1.2704), TF Ratio: 0.751
[2026-06-15 07:00:16,364][root][INFO] - Epoch [5/5], Batch [47/300], Loss: 1.0365 (Overall: 0.8068, Change: 1.5316), TF Ratio: 0.751
[2026-06-15 07:00:16,563][root][INFO] - Epoch [5/5], Batch [48/300], Loss: 1.0362 (Overall: 0.7605, Change: 1.2904), TF Ratio: 0.750
[2026-06-15 07:00:16,720][root][INFO] - Epoch [5/5], Batch [49/300], Loss: 1.0352 (Overall: 0.5631, Change: 1.4079), TF Ratio: 0.750
[2026-06-15 07:00:16,872][root][INFO] - Epoch [5/5], Batch [50/300], Loss: 1.0351 (Overall: 0.7165, Change: 1.3426), TF Ratio: 0.750
[2026-06-15 07:00:17,033][root][INFO] - Epoch [5/5], Batch [51/300], Loss: 1.0345 (Overall: 0.7176, Change: 1.2922), TF Ratio: 0.750
[2026-06-15 07:00:17,203][root][INFO] - Epoch [5/5], Batch [52/300], Loss: 1.0313 (Overall: 0.5605, Change: 1.1799), TF Ratio: 0.750
[2026-06-15 07:00:17,356][root][INFO] - Epoch [5/5], Batch [53/300], Loss: 1.0326 (Overall: 0.7573, Change: 1.4363), TF Ratio: 0.749
[2026-06-15 07:00:17,511][root][INFO] - Epoch [5/5], Batch [54/300], Loss: 1.0298 (Overall: 0.6059, Change: 1.1625), TF Ratio: 0.749
[2026-06-15 07:00:17,664][root][INFO] - Epoch [5/5], Batch [55/300], Loss: 1.0297 (Overall: 0.8916, Change: 1.1593), TF Ratio: 0.749
[2026-06-15 07:00:17,842][root][INFO] - Epoch [5/5], Batch [56/300], Loss: 1.0265 (Overall: 0.5660, Change: 1.1296), TF Ratio: 0.749
[2026-06-15 07:00:18,002][root][INFO] - Epoch [5/5], Batch [57/300], Loss: 1.0281 (Overall: 0.4444, Change: 1.7965), TF Ratio: 0.749
[2026-06-15 07:00:18,154][root][INFO] - Epoch [5/5], Batch [58/300], Loss: 1.0225 (Overall: 0.4352, Change: 0.9649), TF Ratio: 0.748
[2026-06-15 07:00:18,306][root][INFO] - Epoch [5/5], Batch [59/300], Loss: 1.0217 (Overall: 0.8307, Change: 1.1254), TF Ratio: 0.748
[2026-06-15 07:00:18,490][root][INFO] - Epoch [5/5], Batch [60/300], Loss: 1.0240 (Overall: 0.6765, Change: 1.6356), TF Ratio: 0.748
[2026-06-15 07:00:18,644][root][INFO] - Epoch [5/5], Batch [61/300], Loss: 1.0208 (Overall: 0.6454, Change: 1.0179), TF Ratio: 0.748
[2026-06-15 07:00:18,797][root][INFO] - Epoch [5/5], Batch [62/300], Loss: 1.0184 (Overall: 0.5762, Change: 1.1643), TF Ratio: 0.748
[2026-06-15 07:00:18,954][root][INFO] - Epoch [5/5], Batch [63/300], Loss: 1.0256 (Overall: 0.5871, Change: 2.3567), TF Ratio: 0.747
[2026-06-15 07:00:19,144][root][INFO] - Epoch [5/5], Batch [64/300], Loss: 1.0259 (Overall: 0.7893, Change: 1.3054), TF Ratio: 0.747
[2026-06-15 07:00:19,300][root][INFO] - Epoch [5/5], Batch [65/300], Loss: 1.0258 (Overall: 0.5694, Change: 1.4673), TF Ratio: 0.747
[2026-06-15 07:00:19,467][root][INFO] - Epoch [5/5], Batch [66/300], Loss: 1.0254 (Overall: 0.7709, Change: 1.2219), TF Ratio: 0.747
[2026-06-15 07:00:19,628][root][INFO] - Epoch [5/5], Batch [67/300], Loss: 1.0241 (Overall: 0.6072, Change: 1.2792), TF Ratio: 0.747
[2026-06-15 07:00:19,797][root][INFO] - Epoch [5/5], Batch [68/300], Loss: 1.0231 (Overall: 0.5438, Change: 1.3674), TF Ratio: 0.746
[2026-06-15 07:00:19,950][root][INFO] - Epoch [5/5], Batch [69/300], Loss: 1.0222 (Overall: 0.7564, Change: 1.1673), TF Ratio: 0.746
[2026-06-15 07:00:20,104][root][INFO] - Epoch [5/5], Batch [70/300], Loss: 1.0245 (Overall: 0.7180, Change: 1.6491), TF Ratio: 0.746
[2026-06-15 07:00:20,257][root][INFO] - Epoch [5/5], Batch [71/300], Loss: 1.0233 (Overall: 0.6194, Change: 1.2493), TF Ratio: 0.746
[2026-06-15 07:00:20,433][root][INFO] - Epoch [5/5], Batch [72/300], Loss: 1.0195 (Overall: 0.5178, Change: 0.9839), TF Ratio: 0.746
[2026-06-15 07:00:20,586][root][INFO] - Epoch [5/5], Batch [73/300], Loss: 1.0195 (Overall: 0.7694, Change: 1.2761), TF Ratio: 0.745
[2026-06-15 07:00:20,738][root][INFO] - Epoch [5/5], Batch [74/300], Loss: 1.0226 (Overall: 0.9826, Change: 1.5071), TF Ratio: 0.745
[2026-06-15 07:00:20,897][root][INFO] - Epoch [5/5], Batch [75/300], Loss: 1.0225 (Overall: 0.6551, Change: 1.3808), TF Ratio: 0.745
[2026-06-15 07:00:21,089][root][INFO] - Epoch [5/5], Batch [76/300], Loss: 1.0229 (Overall: 0.6948, Change: 1.4104), TF Ratio: 0.745
[2026-06-15 07:00:21,242][root][INFO] - Epoch [5/5], Batch [77/300], Loss: 1.0228 (Overall: 0.7814, Change: 1.2493), TF Ratio: 0.745
[2026-06-15 07:00:21,394][root][INFO] - Epoch [5/5], Batch [78/300], Loss: 1.0191 (Overall: 0.5294, Change: 0.9298), TF Ratio: 0.744
[2026-06-15 07:00:21,546][root][INFO] - Epoch [5/5], Batch [79/300], Loss: 1.0159 (Overall: 0.5610, Change: 0.9715), TF Ratio: 0.744
[2026-06-15 07:00:21,748][root][INFO] - Epoch [5/5], Batch [80/300], Loss: 1.0173 (Overall: 0.6717, Change: 1.5823), TF Ratio: 0.744
[2026-06-15 07:00:21,911][root][INFO] - Epoch [5/5], Batch [81/300], Loss: 1.0185 (Overall: 0.9837, Change: 1.2593), TF Ratio: 0.744
[2026-06-15 07:00:22,063][root][INFO] - Epoch [5/5], Batch [82/300], Loss: 1.0186 (Overall: 0.8016, Change: 1.2397), TF Ratio: 0.744
[2026-06-15 07:00:22,217][root][INFO] - Epoch [5/5], Batch [83/300], Loss: 1.0196 (Overall: 0.8210, Change: 1.3830), TF Ratio: 0.743
[2026-06-15 07:00:22,781][root][INFO] - Epoch [5/5], Batch [84/300], Loss: 1.0172 (Overall: 0.6550, Change: 0.9883), TF Ratio: 0.743
[2026-06-15 07:00:22,939][root][INFO] - Epoch [5/5], Batch [85/300], Loss: 1.0170 (Overall: 0.7988, Change: 1.1924), TF Ratio: 0.743
[2026-06-15 07:00:23,093][root][INFO] - Epoch [5/5], Batch [86/300], Loss: 1.0176 (Overall: 0.5212, Change: 1.6267), TF Ratio: 0.743
[2026-06-15 07:00:23,254][root][INFO] - Epoch [5/5], Batch [87/300], Loss: 1.0179 (Overall: 0.8333, Change: 1.2529), TF Ratio: 0.743
[2026-06-15 07:00:23,449][root][INFO] - Epoch [5/5], Batch [88/300], Loss: 1.0172 (Overall: 0.6142, Change: 1.3003), TF Ratio: 0.742
[2026-06-15 07:00:23,608][root][INFO] - Epoch [5/5], Batch [89/300], Loss: 1.0153 (Overall: 0.7232, Change: 0.9759), TF Ratio: 0.742
[2026-06-15 07:00:23,765][root][INFO] - Epoch [5/5], Batch [90/300], Loss: 1.0155 (Overall: 0.6142, Change: 1.4424), TF Ratio: 0.742
[2026-06-15 07:00:23,918][root][INFO] - Epoch [5/5], Batch [91/300], Loss: 1.0124 (Overall: 0.4486, Change: 1.0191), TF Ratio: 0.742
[2026-06-15 07:00:24,101][root][INFO] - Epoch [5/5], Batch [92/300], Loss: 1.0134 (Overall: 0.7587, Change: 1.4571), TF Ratio: 0.742
[2026-06-15 07:00:24,255][root][INFO] - Epoch [5/5], Batch [93/300], Loss: 1.0139 (Overall: 0.7667, Change: 1.3501), TF Ratio: 0.741
[2026-06-15 07:00:24,411][root][INFO] - Epoch [5/5], Batch [94/300], Loss: 1.0140 (Overall: 0.7527, Change: 1.2898), TF Ratio: 0.741
[2026-06-15 07:00:24,565][root][INFO] - Epoch [5/5], Batch [95/300], Loss: 1.0131 (Overall: 0.5642, Change: 1.2971), TF Ratio: 0.741
[2026-06-15 07:00:24,754][root][INFO] - Epoch [5/5], Batch [96/300], Loss: 1.0070 (Overall: 0.2751, Change: 0.5692), TF Ratio: 0.741
[2026-06-15 07:00:24,909][root][INFO] - Epoch [5/5], Batch [97/300], Loss: 1.0054 (Overall: 0.6123, Change: 1.0918), TF Ratio: 0.741
[2026-06-15 07:00:25,061][root][INFO] - Epoch [5/5], Batch [98/300], Loss: 1.0037 (Overall: 0.8219, Change: 0.8579), TF Ratio: 0.740
[2026-06-15 07:00:25,213][root][INFO] - Epoch [5/5], Batch [99/300], Loss: 1.0054 (Overall: 0.6757, Change: 1.6702), TF Ratio: 0.740
[2026-06-15 07:00:25,397][root][INFO] - Epoch [5/5], Batch [100/300], Loss: 1.0010 (Overall: 0.5373, Change: 0.5924), TF Ratio: 0.740
[2026-06-15 07:00:25,549][root][INFO] - Epoch [5/5], Batch [101/300], Loss: 1.0014 (Overall: 0.8434, Change: 1.2393), TF Ratio: 0.740
[2026-06-15 07:00:25,703][root][INFO] - Epoch [5/5], Batch [102/300], Loss: 1.0020 (Overall: 0.9786, Change: 1.1615), TF Ratio: 0.740
[2026-06-15 07:00:25,869][root][INFO] - Epoch [5/5], Batch [103/300], Loss: 1.0023 (Overall: 0.7713, Change: 1.2864), TF Ratio: 0.739
[2026-06-15 07:00:26,057][root][INFO] - Epoch [5/5], Batch [104/300], Loss: 1.0034 (Overall: 0.5660, Change: 1.6718), TF Ratio: 0.739
[2026-06-15 07:00:26,211][root][INFO] - Epoch [5/5], Batch [105/300], Loss: 1.0042 (Overall: 0.7854, Change: 1.3821), TF Ratio: 0.739
[2026-06-15 07:00:26,363][root][INFO] - Epoch [5/5], Batch [106/300], Loss: 1.0063 (Overall: 0.8896, Change: 1.5580), TF Ratio: 0.739
[2026-06-15 07:00:26,517][root][INFO] - Epoch [5/5], Batch [107/300], Loss: 1.0063 (Overall: 0.5757, Change: 1.4430), TF Ratio: 0.739
[2026-06-15 07:00:26,704][root][INFO] - Epoch [5/5], Batch [108/300], Loss: 1.0070 (Overall: 0.7125, Change: 1.4511), TF Ratio: 0.738
[2026-06-15 07:00:26,858][root][INFO] - Epoch [5/5], Batch [109/300], Loss: 1.0071 (Overall: 0.6824, Change: 1.3536), TF Ratio: 0.738
[2026-06-15 07:00:27,010][root][INFO] - Epoch [5/5], Batch [110/300], Loss: 1.0084 (Overall: 0.9421, Change: 1.3633), TF Ratio: 0.738
[2026-06-15 07:00:27,163][root][INFO] - Epoch [5/5], Batch [111/300], Loss: 1.0097 (Overall: 0.7462, Change: 1.5553), TF Ratio: 0.738
[2026-06-15 07:00:27,374][root][INFO] - Epoch [5/5], Batch [112/300], Loss: 1.0084 (Overall: 0.5037, Change: 1.2332), TF Ratio: 0.738
[2026-06-15 07:00:27,526][root][INFO] - Epoch [5/5], Batch [113/300], Loss: 1.0090 (Overall: 0.6731, Change: 1.4610), TF Ratio: 0.737
[2026-06-15 07:00:27,690][root][INFO] - Epoch [5/5], Batch [114/300], Loss: 1.0068 (Overall: 0.5764, Change: 0.9417), TF Ratio: 0.737
[2026-06-15 07:00:27,848][root][INFO] - Epoch [5/5], Batch [115/300], Loss: 1.0108 (Overall: 1.2749, Change: 1.6550), TF Ratio: 0.737
[2026-06-15 07:00:28,034][root][INFO] - Epoch [5/5], Batch [116/300], Loss: 1.0106 (Overall: 0.7636, Change: 1.2288), TF Ratio: 0.737
[2026-06-15 07:00:28,189][root][INFO] - Epoch [5/5], Batch [117/300], Loss: 1.0099 (Overall: 0.5419, Change: 1.3116), TF Ratio: 0.737
[2026-06-15 07:00:28,343][root][INFO] - Epoch [5/5], Batch [118/300], Loss: 1.0104 (Overall: 0.7108, Change: 1.4353), TF Ratio: 0.736
[2026-06-15 07:00:28,511][root][INFO] - Epoch [5/5], Batch [119/300], Loss: 1.0115 (Overall: 0.7866, Change: 1.4803), TF Ratio: 0.736
[2026-06-15 07:00:28,687][root][INFO] - Epoch [5/5], Batch [120/300], Loss: 1.0138 (Overall: 1.0036, Change: 1.5777), TF Ratio: 0.736
[2026-06-15 07:00:28,841][root][INFO] - Epoch [5/5], Batch [121/300], Loss: 1.0146 (Overall: 0.7273, Change: 1.4877), TF Ratio: 0.736
[2026-06-15 07:00:28,993][root][INFO] - Epoch [5/5], Batch [122/300], Loss: 1.0146 (Overall: 0.5584, Change: 1.4706), TF Ratio: 0.736
[2026-06-15 07:00:29,145][root][INFO] - Epoch [5/5], Batch [123/300], Loss: 1.0151 (Overall: 0.6519, Change: 1.4955), TF Ratio: 0.735
[2026-06-15 07:00:31,152][root][INFO] - Epoch [5/5], Batch [124/300], Loss: 1.0154 (Overall: 0.7948, Change: 1.3302), TF Ratio: 0.735
[2026-06-15 07:00:31,307][root][INFO] - Epoch [5/5], Batch [125/300], Loss: 1.0149 (Overall: 0.5200, Change: 1.3734), TF Ratio: 0.735
[2026-06-15 07:00:31,471][root][INFO] - Epoch [5/5], Batch [126/300], Loss: 1.0140 (Overall: 0.7664, Change: 1.0277), TF Ratio: 0.735
[2026-06-15 07:00:31,630][root][INFO] - Epoch [5/5], Batch [127/300], Loss: 1.0143 (Overall: 0.7680, Change: 1.3529), TF Ratio: 0.735
[2026-06-15 07:00:31,800][root][INFO] - Epoch [5/5], Batch [128/300], Loss: 1.0120 (Overall: 0.5381, Change: 0.9078), TF Ratio: 0.734
[2026-06-15 07:00:31,962][root][INFO] - Epoch [5/5], Batch [129/300], Loss: 1.0133 (Overall: 0.6926, Change: 1.6436), TF Ratio: 0.734
[2026-06-15 07:00:32,116][root][INFO] - Epoch [5/5], Batch [130/300], Loss: 1.0121 (Overall: 0.4182, Change: 1.3194), TF Ratio: 0.734
[2026-06-15 07:00:32,268][root][INFO] - Epoch [5/5], Batch [131/300], Loss: 1.0123 (Overall: 0.6683, Change: 1.3848), TF Ratio: 0.734
[2026-06-15 07:00:32,449][root][INFO] - Epoch [5/5], Batch [132/300], Loss: 1.0147 (Overall: 0.8057, Change: 1.8606), TF Ratio: 0.734
[2026-06-15 07:00:32,611][root][INFO] - Epoch [5/5], Batch [133/300], Loss: 1.0136 (Overall: 0.4630, Change: 1.2861), TF Ratio: 0.733
[2026-06-15 07:00:32,762][root][INFO] - Epoch [5/5], Batch [134/300], Loss: 1.0136 (Overall: 0.9023, Change: 1.1147), TF Ratio: 0.733
[2026-06-15 07:00:32,914][root][INFO] - Epoch [5/5], Batch [135/300], Loss: 1.0108 (Overall: 0.6759, Change: 0.6039), TF Ratio: 0.733
[2026-06-15 07:00:33,096][root][INFO] - Epoch [5/5], Batch [136/300], Loss: 1.0102 (Overall: 0.5573, Change: 1.2896), TF Ratio: 0.733
[2026-06-15 07:00:33,249][root][INFO] - Epoch [5/5], Batch [137/300], Loss: 1.0111 (Overall: 0.4527, Change: 1.8324), TF Ratio: 0.733
[2026-06-15 07:00:33,401][root][INFO] - Epoch [5/5], Batch [138/300], Loss: 1.0107 (Overall: 0.5968, Change: 1.3069), TF Ratio: 0.732
[2026-06-15 07:00:33,554][root][INFO] - Epoch [5/5], Batch [139/300], Loss: 1.0106 (Overall: 0.8010, Change: 1.1933), TF Ratio: 0.732
[2026-06-15 07:00:33,734][root][INFO] - Epoch [5/5], Batch [140/300], Loss: 1.0114 (Overall: 0.7940, Change: 1.4349), TF Ratio: 0.732
[2026-06-15 07:00:33,888][root][INFO] - Epoch [5/5], Batch [141/300], Loss: 1.0107 (Overall: 0.6762, Change: 1.1562), TF Ratio: 0.732
[2026-06-15 07:00:34,042][root][INFO] - Epoch [5/5], Batch [142/300], Loss: 1.0081 (Overall: 0.5097, Change: 0.7892), TF Ratio: 0.732
[2026-06-15 07:00:34,207][root][INFO] - Epoch [5/5], Batch [143/300], Loss: 1.0085 (Overall: 0.6332, Change: 1.4850), TF Ratio: 0.731
[2026-06-15 07:00:34,400][root][INFO] - Epoch [5/5], Batch [144/300], Loss: 1.0095 (Overall: 0.5279, Change: 1.7673), TF Ratio: 0.731
[2026-06-15 07:00:34,556][root][INFO] - Epoch [5/5], Batch [145/300], Loss: 1.0141 (Overall: 2.3156, Change: 1.0592), TF Ratio: 0.731
[2026-06-15 07:00:34,717][root][INFO] - Epoch [5/5], Batch [146/300], Loss: 1.0144 (Overall: 0.8051, Change: 1.3009), TF Ratio: 0.731
[2026-06-15 07:00:34,869][root][INFO] - Epoch [5/5], Batch [147/300], Loss: 1.0127 (Overall: 0.4771, Change: 1.0430), TF Ratio: 0.731
[2026-06-15 07:00:35,075][root][INFO] - Epoch [5/5], Batch [148/300], Loss: 1.0133 (Overall: 0.9738, Change: 1.2232), TF Ratio: 0.730
[2026-06-15 07:00:35,227][root][INFO] - Epoch [5/5], Batch [149/300], Loss: 1.0143 (Overall: 0.9941, Change: 1.3404), TF Ratio: 0.730
[2026-06-15 07:00:35,379][root][INFO] - Epoch [5/5], Batch [150/300], Loss: 1.0136 (Overall: 0.6131, Change: 1.2014), TF Ratio: 0.730
[2026-06-15 07:00:35,547][root][INFO] - Epoch [5/5], Batch [151/300], Loss: 1.0155 (Overall: 0.9233, Change: 1.6978), TF Ratio: 0.730
[2026-06-15 07:00:35,724][root][INFO] - Epoch [5/5], Batch [152/300], Loss: 1.0142 (Overall: 0.6821, Change: 0.9552), TF Ratio: 0.730
[2026-06-15 07:00:35,876][root][INFO] - Epoch [5/5], Batch [153/300], Loss: 1.0160 (Overall: 0.9686, Change: 1.5849), TF Ratio: 0.729
[2026-06-15 07:00:36,028][root][INFO] - Epoch [5/5], Batch [154/300], Loss: 1.0147 (Overall: 0.4883, Change: 1.1625), TF Ratio: 0.729
[2026-06-15 07:00:36,180][root][INFO] - Epoch [5/5], Batch [155/300], Loss: 1.0144 (Overall: 0.7040, Change: 1.2349), TF Ratio: 0.729
[2026-06-15 07:00:36,353][root][INFO] - Epoch [5/5], Batch [156/300], Loss: 1.0135 (Overall: 0.6916, Change: 1.0463), TF Ratio: 0.729
[2026-06-15 07:00:36,505][root][INFO] - Epoch [5/5], Batch [157/300], Loss: 1.0132 (Overall: 0.6325, Change: 1.3117), TF Ratio: 0.729
[2026-06-15 07:00:36,658][root][INFO] - Epoch [5/5], Batch [158/300], Loss: 1.0126 (Overall: 0.4808, Change: 1.3537), TF Ratio: 0.728
[2026-06-15 07:00:36,811][root][INFO] - Epoch [5/5], Batch [159/300], Loss: 1.0132 (Overall: 0.6748, Change: 1.5441), TF Ratio: 0.728
[2026-06-15 07:00:36,996][root][INFO] - Epoch [5/5], Batch [160/300], Loss: 1.0138 (Overall: 0.7896, Change: 1.4240), TF Ratio: 0.728
[2026-06-15 07:00:37,149][root][INFO] - Epoch [5/5], Batch [161/300], Loss: 1.0150 (Overall: 0.8041, Change: 1.6011), TF Ratio: 0.728
[2026-06-15 07:00:37,301][root][INFO] - Epoch [5/5], Batch [162/300], Loss: 1.0144 (Overall: 0.5518, Change: 1.2837), TF Ratio: 0.728
[2026-06-15 07:00:37,453][root][INFO] - Epoch [5/5], Batch [163/300], Loss: 1.0147 (Overall: 0.6956, Change: 1.4222), TF Ratio: 0.727
[2026-06-15 07:00:37,648][root][INFO] - Epoch [5/5], Batch [164/300], Loss: 1.0133 (Overall: 0.7910, Change: 0.7814), TF Ratio: 0.727
[2026-06-15 07:00:37,801][root][INFO] - Epoch [5/5], Batch [165/300], Loss: 1.0126 (Overall: 0.3913, Change: 1.4035), TF Ratio: 0.727
[2026-06-15 07:00:37,953][root][INFO] - Epoch [5/5], Batch [166/300], Loss: 1.0173 (Overall: 1.6477, Change: 1.9493), TF Ratio: 0.727
[2026-06-15 07:00:38,105][root][INFO] - Epoch [5/5], Batch [167/300], Loss: 1.0175 (Overall: 0.6910, Change: 1.3984), TF Ratio: 0.727
[2026-06-15 07:00:38,300][root][INFO] - Epoch [5/5], Batch [168/300], Loss: 1.0192 (Overall: 1.0213, Change: 1.5857), TF Ratio: 0.726
[2026-06-15 07:00:38,456][root][INFO] - Epoch [5/5], Batch [169/300], Loss: 1.0202 (Overall: 0.8725, Change: 1.5168), TF Ratio: 0.726
[2026-06-15 07:00:38,609][root][INFO] - Epoch [5/5], Batch [170/300], Loss: 1.0215 (Overall: 0.8394, Change: 1.6286), TF Ratio: 0.726
[2026-06-15 07:00:38,762][root][INFO] - Epoch [5/5], Batch [171/300], Loss: 1.0210 (Overall: 0.8228, Change: 1.0588), TF Ratio: 0.726
[2026-06-15 07:00:38,982][root][INFO] - Epoch [5/5], Batch [172/300], Loss: 1.0216 (Overall: 0.6770, Change: 1.5680), TF Ratio: 0.726
[2026-06-15 07:00:39,135][root][INFO] - Epoch [5/5], Batch [173/300], Loss: 1.0223 (Overall: 0.9813, Change: 1.3149), TF Ratio: 0.725
[2026-06-15 07:00:39,288][root][INFO] - Epoch [5/5], Batch [174/300], Loss: 1.0224 (Overall: 0.8384, Change: 1.2373), TF Ratio: 0.725
[2026-06-15 07:00:39,440][root][INFO] - Epoch [5/5], Batch [175/300], Loss: 1.0217 (Overall: 0.4191, Change: 1.3637), TF Ratio: 0.725
[2026-06-15 07:00:39,625][root][INFO] - Epoch [5/5], Batch [176/300], Loss: 1.0206 (Overall: 0.6410, Change: 1.0133), TF Ratio: 0.725
[2026-06-15 07:00:39,779][root][INFO] - Epoch [5/5], Batch [177/300], Loss: 1.0205 (Overall: 0.5958, Change: 1.4268), TF Ratio: 0.725
[2026-06-15 07:00:39,931][root][INFO] - Epoch [5/5], Batch [178/300], Loss: 1.0189 (Overall: 0.4839, Change: 0.9927), TF Ratio: 0.724
[2026-06-15 07:00:40,094][root][INFO] - Epoch [5/5], Batch [179/300], Loss: 1.0171 (Overall: 0.3770, Change: 1.0219), TF Ratio: 0.724
[2026-06-15 07:00:40,279][root][INFO] - Epoch [5/5], Batch [180/300], Loss: 1.0178 (Overall: 0.6445, Change: 1.6211), TF Ratio: 0.724
[2026-06-15 07:00:40,431][root][INFO] - Epoch [5/5], Batch [181/300], Loss: 1.0176 (Overall: 0.6799, Change: 1.3016), TF Ratio: 0.724
[2026-06-15 07:00:40,583][root][INFO] - Epoch [5/5], Batch [182/300], Loss: 1.0179 (Overall: 0.9210, Change: 1.2288), TF Ratio: 0.724
[2026-06-15 07:00:40,737][root][INFO] - Epoch [5/5], Batch [183/300], Loss: 1.0175 (Overall: 0.5989, Change: 1.2709), TF Ratio: 0.723
[2026-06-15 07:00:40,929][root][INFO] - Epoch [5/5], Batch [184/300], Loss: 1.0178 (Overall: 0.6029, Change: 1.5544), TF Ratio: 0.723
[2026-06-15 07:00:41,083][root][INFO] - Epoch [5/5], Batch [185/300], Loss: 1.0174 (Overall: 1.0061, Change: 0.8783), TF Ratio: 0.723
[2026-06-15 07:00:41,235][root][INFO] - Epoch [5/5], Batch [186/300], Loss: 1.0168 (Overall: 0.8004, Change: 1.0075), TF Ratio: 0.723
[2026-06-15 07:00:41,387][root][INFO] - Epoch [5/5], Batch [187/300], Loss: 1.0156 (Overall: 0.5622, Change: 1.0275), TF Ratio: 0.723
[2026-06-15 07:00:42,544][root][INFO] - Epoch [5/5], Batch [188/300], Loss: 1.0154 (Overall: 0.6645, Change: 1.2819), TF Ratio: 0.722
[2026-06-15 07:00:42,697][root][INFO] - Epoch [5/5], Batch [189/300], Loss: 1.0158 (Overall: 0.7341, Change: 1.4526), TF Ratio: 0.722
[2026-06-15 07:00:42,849][root][INFO] - Epoch [5/5], Batch [190/300], Loss: 1.0173 (Overall: 1.0059, Change: 1.6012), TF Ratio: 0.722
[2026-06-15 07:00:43,013][root][INFO] - Epoch [5/5], Batch [191/300], Loss: 1.0176 (Overall: 0.8162, Change: 1.3148), TF Ratio: 0.722
[2026-06-15 07:00:43,212][root][INFO] - Epoch [5/5], Batch [192/300], Loss: 1.0168 (Overall: 0.3991, Change: 1.3294), TF Ratio: 0.722
[2026-06-15 07:00:43,366][root][INFO] - Epoch [5/5], Batch [193/300], Loss: 1.0171 (Overall: 0.6609, Change: 1.5053), TF Ratio: 0.721
[2026-06-15 07:00:43,518][root][INFO] - Epoch [5/5], Batch [194/300], Loss: 1.0170 (Overall: 0.6923, Change: 1.2827), TF Ratio: 0.721
[2026-06-15 07:00:43,671][root][INFO] - Epoch [5/5], Batch [195/300], Loss: 1.0159 (Overall: 0.3484, Change: 1.2860), TF Ratio: 0.721
[2026-06-15 07:00:43,865][root][INFO] - Epoch [5/5], Batch [196/300], Loss: 1.0148 (Overall: 0.6450, Change: 0.9289), TF Ratio: 0.721
[2026-06-15 07:00:44,019][root][INFO] - Epoch [5/5], Batch [197/300], Loss: 1.0145 (Overall: 0.7052, Change: 1.2080), TF Ratio: 0.721
[2026-06-15 07:00:44,186][root][INFO] - Epoch [5/5], Batch [198/300], Loss: 1.0141 (Overall: 0.9774, Change: 0.9011), TF Ratio: 0.720
[2026-06-15 07:00:44,339][root][INFO] - Epoch [5/5], Batch [199/300], Loss: 1.0141 (Overall: 0.6364, Change: 1.4001), TF Ratio: 0.720
[2026-06-15 07:00:44,541][root][INFO] - Epoch [5/5], Batch [200/300], Loss: 1.0141 (Overall: 0.6498, Change: 1.3698), TF Ratio: 0.720
[2026-06-15 07:00:44,693][root][INFO] - Epoch [5/5], Batch [201/300], Loss: 1.0130 (Overall: 0.5281, Change: 1.0459), TF Ratio: 0.720
[2026-06-15 07:00:44,845][root][INFO] - Epoch [5/5], Batch [202/300], Loss: 1.0134 (Overall: 0.7322, Change: 1.4735), TF Ratio: 0.720
[2026-06-15 07:00:45,003][root][INFO] - Epoch [5/5], Batch [203/300], Loss: 1.0134 (Overall: 0.8651, Change: 1.1610), TF Ratio: 0.719
[2026-06-15 07:00:45,434][root][INFO] - Epoch [5/5], Batch [204/300], Loss: 1.0129 (Overall: 0.7647, Change: 1.0706), TF Ratio: 0.719
[2026-06-15 07:00:45,601][root][INFO] - Epoch [5/5], Batch [205/300], Loss: 1.0113 (Overall: 0.4607, Change: 0.8851), TF Ratio: 0.719
[2026-06-15 07:00:45,756][root][INFO] - Epoch [5/5], Batch [206/300], Loss: 1.0116 (Overall: 0.6342, Change: 1.5159), TF Ratio: 0.719
[2026-06-15 07:00:45,909][root][INFO] - Epoch [5/5], Batch [207/300], Loss: 1.0102 (Overall: 0.7191, Change: 0.7311), TF Ratio: 0.719
[2026-06-15 07:00:46,081][root][INFO] - Epoch [5/5], Batch [208/300], Loss: 1.0098 (Overall: 0.6080, Change: 1.2359), TF Ratio: 0.718
[2026-06-15 07:00:46,235][root][INFO] - Epoch [5/5], Batch [209/300], Loss: 1.0101 (Overall: 0.7414, Change: 1.4056), TF Ratio: 0.718
[2026-06-15 07:00:46,394][root][INFO] - Epoch [5/5], Batch [210/300], Loss: 1.0098 (Overall: 0.7781, Change: 1.1141), TF Ratio: 0.718
[2026-06-15 07:00:46,557][root][INFO] - Epoch [5/5], Batch [211/300], Loss: 1.0097 (Overall: 0.4931, Change: 1.5030), TF Ratio: 0.718
[2026-06-15 07:00:46,727][root][INFO] - Epoch [5/5], Batch [212/300], Loss: 1.0109 (Overall: 0.7656, Change: 1.7390), TF Ratio: 0.718
[2026-06-15 07:00:46,880][root][INFO] - Epoch [5/5], Batch [213/300], Loss: 1.0103 (Overall: 0.7488, Change: 1.0501), TF Ratio: 0.717
[2026-06-15 07:00:47,034][root][INFO] - Epoch [5/5], Batch [214/300], Loss: 1.0103 (Overall: 0.6201, Change: 1.3799), TF Ratio: 0.717
[2026-06-15 07:00:47,200][root][INFO] - Epoch [5/5], Batch [215/300], Loss: 1.0102 (Overall: 0.5740, Change: 1.4011), TF Ratio: 0.717
[2026-06-15 07:00:47,402][root][INFO] - Epoch [5/5], Batch [216/300], Loss: 1.0092 (Overall: 0.5268, Change: 1.0803), TF Ratio: 0.717
[2026-06-15 07:00:47,556][root][INFO] - Epoch [5/5], Batch [217/300], Loss: 1.0092 (Overall: 0.6644, Change: 1.3524), TF Ratio: 0.717
[2026-06-15 07:00:47,721][root][INFO] - Epoch [5/5], Batch [218/300], Loss: 1.0088 (Overall: 0.8578, Change: 0.9851), TF Ratio: 0.716
[2026-06-15 07:00:47,905][root][INFO] - Epoch [5/5], Batch [219/300], Loss: 1.0093 (Overall: 0.7324, Change: 1.5126), TF Ratio: 0.716
[2026-06-15 07:00:48,097][root][INFO] - Epoch [5/5], Batch [220/300], Loss: 1.0086 (Overall: 0.5818, Change: 1.0984), TF Ratio: 0.716
[2026-06-15 07:00:48,266][root][INFO] - Epoch [5/5], Batch [221/300], Loss: 1.0096 (Overall: 0.9664, Change: 1.5184), TF Ratio: 0.716
[2026-06-15 07:00:48,419][root][INFO] - Epoch [5/5], Batch [222/300], Loss: 1.0108 (Overall: 1.1518, Change: 1.3755), TF Ratio: 0.716
[2026-06-15 07:00:48,573][root][INFO] - Epoch [5/5], Batch [223/300], Loss: 1.0111 (Overall: 0.7281, Change: 1.4331), TF Ratio: 0.715
[2026-06-15 07:00:48,776][root][INFO] - Epoch [5/5], Batch [224/300], Loss: 1.0114 (Overall: 0.8808, Change: 1.2888), TF Ratio: 0.715
[2026-06-15 07:00:48,943][root][INFO] - Epoch [5/5], Batch [225/300], Loss: 1.0107 (Overall: 0.6237, Change: 1.0951), TF Ratio: 0.715
[2026-06-15 07:00:49,095][root][INFO] - Epoch [5/5], Batch [226/300], Loss: 1.0108 (Overall: 0.6491, Change: 1.3924), TF Ratio: 0.715
[2026-06-15 07:00:49,247][root][INFO] - Epoch [5/5], Batch [227/300], Loss: 1.0106 (Overall: 0.8120, Change: 1.1347), TF Ratio: 0.715
[2026-06-15 07:00:49,438][root][INFO] - Epoch [5/5], Batch [228/300], Loss: 1.0111 (Overall: 0.8693, Change: 1.3626), TF Ratio: 0.714
[2026-06-15 07:00:49,596][root][INFO] - Epoch [5/5], Batch [229/300], Loss: 1.0099 (Overall: 0.7318, Change: 0.7604), TF Ratio: 0.714
[2026-06-15 07:00:49,747][root][INFO] - Epoch [5/5], Batch [230/300], Loss: 1.0099 (Overall: 0.5602, Change: 1.4342), TF Ratio: 0.714
[2026-06-15 07:00:49,907][root][INFO] - Epoch [5/5], Batch [231/300], Loss: 1.0100 (Overall: 0.7246, Change: 1.3424), TF Ratio: 0.714
[2026-06-15 07:00:50,083][root][INFO] - Epoch [5/5], Batch [232/300], Loss: 1.0090 (Overall: 0.3678, Change: 1.1829), TF Ratio: 0.714
[2026-06-15 07:00:50,236][root][INFO] - Epoch [5/5], Batch [233/300], Loss: 1.0092 (Overall: 0.7557, Change: 1.3804), TF Ratio: 0.713
[2026-06-15 07:00:50,389][root][INFO] - Epoch [5/5], Batch [234/300], Loss: 1.0087 (Overall: 0.5354, Change: 1.2509), TF Ratio: 0.713
[2026-06-15 07:00:50,541][root][INFO] - Epoch [5/5], Batch [235/300], Loss: 1.0091 (Overall: 0.9172, Change: 1.2607), TF Ratio: 0.713
[2026-06-15 07:00:50,726][root][INFO] - Epoch [5/5], Batch [236/300], Loss: 1.0097 (Overall: 0.8194, Change: 1.4854), TF Ratio: 0.713
[2026-06-15 07:00:50,878][root][INFO] - Epoch [5/5], Batch [237/300], Loss: 1.0090 (Overall: 0.6036, Change: 1.1074), TF Ratio: 0.713
[2026-06-15 07:00:51,030][root][INFO] - Epoch [5/5], Batch [238/300], Loss: 1.0085 (Overall: 0.8487, Change: 0.9433), TF Ratio: 0.712
[2026-06-15 07:00:51,183][root][INFO] - Epoch [5/5], Batch [239/300], Loss: 1.0090 (Overall: 0.5722, Change: 1.6578), TF Ratio: 0.712
[2026-06-15 07:00:51,356][root][INFO] - Epoch [5/5], Batch [240/300], Loss: 1.0089 (Overall: 0.5599, Change: 1.4116), TF Ratio: 0.712
[2026-06-15 07:00:51,509][root][INFO] - Epoch [5/5], Batch [241/300], Loss: 1.0088 (Overall: 0.8717, Change: 1.1221), TF Ratio: 0.712
[2026-06-15 07:00:51,664][root][INFO] - Epoch [5/5], Batch [242/300], Loss: 1.0093 (Overall: 0.9005, Change: 1.3543), TF Ratio: 0.712
[2026-06-15 07:00:51,818][root][INFO] - Epoch [5/5], Batch [243/300], Loss: 1.0096 (Overall: 0.6994, Change: 1.4600), TF Ratio: 0.711
[2026-06-15 07:00:52,011][root][INFO] - Epoch [5/5], Batch [244/300], Loss: 1.0108 (Overall: 1.0111, Change: 1.5633), TF Ratio: 0.711
[2026-06-15 07:00:52,164][root][INFO] - Epoch [5/5], Batch [245/300], Loss: 1.0107 (Overall: 0.6307, Change: 1.3571), TF Ratio: 0.711
[2026-06-15 07:00:52,318][root][INFO] - Epoch [5/5], Batch [246/300], Loss: 1.0102 (Overall: 0.6074, Change: 1.1846), TF Ratio: 0.711
[2026-06-15 07:00:52,470][root][INFO] - Epoch [5/5], Batch [247/300], Loss: 1.0104 (Overall: 0.8636, Change: 1.2320), TF Ratio: 0.711
[2026-06-15 07:00:52,669][root][INFO] - Epoch [5/5], Batch [248/300], Loss: 1.0106 (Overall: 0.6563, Change: 1.4547), TF Ratio: 0.710
[2026-06-15 07:00:52,830][root][INFO] - Epoch [5/5], Batch [249/300], Loss: 1.0104 (Overall: 0.7249, Change: 1.2031), TF Ratio: 0.710
[2026-06-15 07:00:52,982][root][INFO] - Epoch [5/5], Batch [250/300], Loss: 1.0094 (Overall: 0.5930, Change: 0.9507), TF Ratio: 0.710
[2026-06-15 07:00:53,134][root][INFO] - Epoch [5/5], Batch [251/300], Loss: 1.0092 (Overall: 0.8755, Change: 1.0244), TF Ratio: 0.710
[2026-06-15 07:00:53,319][root][INFO] - Epoch [5/5], Batch [252/300], Loss: 1.0092 (Overall: 0.5449, Change: 1.5061), TF Ratio: 0.710
[2026-06-15 07:00:53,478][root][INFO] - Epoch [5/5], Batch [253/300], Loss: 1.0097 (Overall: 0.9677, Change: 1.3027), TF Ratio: 0.709
[2026-06-15 07:00:53,629][root][INFO] - Epoch [5/5], Batch [254/300], Loss: 1.0098 (Overall: 0.6224, Change: 1.4497), TF Ratio: 0.709
[2026-06-15 07:00:53,783][root][INFO] - Epoch [5/5], Batch [255/300], Loss: 1.0094 (Overall: 0.5330, Change: 1.2732), TF Ratio: 0.709
[2026-06-15 07:00:53,970][root][INFO] - Epoch [5/5], Batch [256/300], Loss: 1.0096 (Overall: 0.6656, Change: 1.4363), TF Ratio: 0.709
[2026-06-15 07:00:54,125][root][INFO] - Epoch [5/5], Batch [257/300], Loss: 1.0085 (Overall: 0.4231, Change: 1.0378), TF Ratio: 0.709
[2026-06-15 07:00:54,278][root][INFO] - Epoch [5/5], Batch [258/300], Loss: 1.0084 (Overall: 0.6100, Change: 1.3595), TF Ratio: 0.708
[2026-06-15 07:00:54,438][root][INFO] - Epoch [5/5], Batch [259/300], Loss: 1.0081 (Overall: 0.8091, Change: 1.0283), TF Ratio: 0.708
[2026-06-15 07:00:54,625][root][INFO] - Epoch [5/5], Batch [260/300], Loss: 1.0078 (Overall: 0.5108, Change: 1.3517), TF Ratio: 0.708
[2026-06-15 07:00:54,779][root][INFO] - Epoch [5/5], Batch [261/300], Loss: 1.0070 (Overall: 0.7104, Change: 0.8896), TF Ratio: 0.708
[2026-06-15 07:00:54,945][root][INFO] - Epoch [5/5], Batch [262/300], Loss: 1.0065 (Overall: 0.5751, Change: 1.1685), TF Ratio: 0.708
[2026-06-15 07:00:55,119][root][INFO] - Epoch [5/5], Batch [263/300], Loss: 1.0064 (Overall: 0.6587, Change: 1.3020), TF Ratio: 0.707
[2026-06-15 07:00:55,310][root][INFO] - Epoch [5/5], Batch [264/300], Loss: 1.0064 (Overall: 0.4760, Change: 1.5431), TF Ratio: 0.707
[2026-06-15 07:00:55,463][root][INFO] - Epoch [5/5], Batch [265/300], Loss: 1.0061 (Overall: 0.5979, Change: 1.2752), TF Ratio: 0.707
[2026-06-15 07:00:55,621][root][INFO] - Epoch [5/5], Batch [266/300], Loss: 1.0071 (Overall: 0.9027, Change: 1.6403), TF Ratio: 0.707
[2026-06-15 07:00:55,773][root][INFO] - Epoch [5/5], Batch [267/300], Loss: 1.0070 (Overall: 0.6551, Change: 1.3103), TF Ratio: 0.707
[2026-06-15 07:00:55,966][root][INFO] - Epoch [5/5], Batch [268/300], Loss: 1.0080 (Overall: 0.9567, Change: 1.5950), TF Ratio: 0.706
[2026-06-15 07:00:56,120][root][INFO] - Epoch [5/5], Batch [269/300], Loss: 1.0078 (Overall: 0.8337, Change: 1.0540), TF Ratio: 0.706
[2026-06-15 07:00:56,272][root][INFO] - Epoch [5/5], Batch [270/300], Loss: 1.0068 (Overall: 0.5584, Change: 0.9505), TF Ratio: 0.706
[2026-06-15 07:00:56,425][root][INFO] - Epoch [5/5], Batch [271/300], Loss: 1.0069 (Overall: 0.7989, Change: 1.2373), TF Ratio: 0.706
[2026-06-15 07:00:56,622][root][INFO] - Epoch [5/5], Batch [272/300], Loss: 1.0074 (Overall: 0.5342, Change: 1.7558), TF Ratio: 0.706
[2026-06-15 07:00:56,781][root][INFO] - Epoch [5/5], Batch [273/300], Loss: 1.0073 (Overall: 0.7003, Change: 1.2553), TF Ratio: 0.705
[2026-06-15 07:00:56,933][root][INFO] - Epoch [5/5], Batch [274/300], Loss: 1.0069 (Overall: 0.5791, Change: 1.2318), TF Ratio: 0.705
[2026-06-15 07:00:57,086][root][INFO] - Epoch [5/5], Batch [275/300], Loss: 1.0064 (Overall: 0.6629, Change: 1.0499), TF Ratio: 0.705
[2026-06-15 07:00:57,284][root][INFO] - Epoch [5/5], Batch [276/300], Loss: 1.0064 (Overall: 0.8156, Change: 1.2337), TF Ratio: 0.705
[2026-06-15 07:00:57,437][root][INFO] - Epoch [5/5], Batch [277/300], Loss: 1.0070 (Overall: 0.9111, Change: 1.4320), TF Ratio: 0.705
[2026-06-15 07:00:57,590][root][INFO] - Epoch [5/5], Batch [278/300], Loss: 1.0073 (Overall: 1.0904, Change: 1.0918), TF Ratio: 0.704
[2026-06-15 07:00:57,744][root][INFO] - Epoch [5/5], Batch [279/300], Loss: 1.0074 (Overall: 0.6724, Change: 1.3717), TF Ratio: 0.704
[2026-06-15 07:00:57,942][root][INFO] - Epoch [5/5], Batch [280/300], Loss: 1.0065 (Overall: 0.7334, Change: 0.7761), TF Ratio: 0.704
[2026-06-15 07:00:58,095][root][INFO] - Epoch [5/5], Batch [281/300], Loss: 1.0069 (Overall: 0.7687, Change: 1.4908), TF Ratio: 0.704
[2026-06-15 07:00:58,248][root][INFO] - Epoch [5/5], Batch [282/300], Loss: 1.0070 (Overall: 0.8896, Change: 1.1504), TF Ratio: 0.704
[2026-06-15 07:00:58,415][root][INFO] - Epoch [5/5], Batch [283/300], Loss: 1.0072 (Overall: 0.7388, Change: 1.4343), TF Ratio: 0.703
[2026-06-15 07:00:58,616][root][INFO] - Epoch [5/5], Batch [284/300], Loss: 1.0072 (Overall: 0.7345, Change: 1.2480), TF Ratio: 0.703
[2026-06-15 07:00:58,796][root][INFO] - Epoch [5/5], Batch [285/300], Loss: 1.0069 (Overall: 0.7987, Change: 1.0593), TF Ratio: 0.703
[2026-06-15 07:00:58,951][root][INFO] - Epoch [5/5], Batch [286/300], Loss: 1.0078 (Overall: 0.9484, Change: 1.5837), TF Ratio: 0.703
[2026-06-15 07:00:59,105][root][INFO] - Epoch [5/5], Batch [287/300], Loss: 1.0067 (Overall: 0.5635, Change: 0.8255), TF Ratio: 0.703
[2026-06-15 07:00:59,306][root][INFO] - Epoch [5/5], Batch [288/300], Loss: 1.0074 (Overall: 0.7367, Change: 1.6480), TF Ratio: 0.702
[2026-06-15 07:00:59,463][root][INFO] - Epoch [5/5], Batch [289/300], Loss: 1.0074 (Overall: 0.7530, Change: 1.3000), TF Ratio: 0.702
[2026-06-15 07:00:59,620][root][INFO] - Epoch [5/5], Batch [290/300], Loss: 1.0080 (Overall: 0.9051, Change: 1.4510), TF Ratio: 0.702
[2026-06-15 07:00:59,773][root][INFO] - Epoch [5/5], Batch [291/300], Loss: 1.0073 (Overall: 0.6401, Change: 0.9231), TF Ratio: 0.702
[2026-06-15 07:00:59,988][root][INFO] - Epoch [5/5], Batch [292/300], Loss: 1.0069 (Overall: 0.6329, Change: 1.1770), TF Ratio: 0.702
[2026-06-15 07:01:00,143][root][INFO] - Epoch [5/5], Batch [293/300], Loss: 1.0073 (Overall: 0.7423, Change: 1.5283), TF Ratio: 0.701
[2026-06-15 07:01:00,295][root][INFO] - Epoch [5/5], Batch [294/300], Loss: 1.0076 (Overall: 0.3939, Change: 1.8012), TF Ratio: 0.701
[2026-06-15 07:01:00,448][root][INFO] - Epoch [5/5], Batch [295/300], Loss: 1.0075 (Overall: 0.3852, Change: 1.5668), TF Ratio: 0.701
[2026-06-15 07:01:00,649][root][INFO] - Epoch [5/5], Batch [296/300], Loss: 1.0069 (Overall: 0.6166, Change: 1.0089), TF Ratio: 0.701
[2026-06-15 07:01:00,811][root][INFO] - Epoch [5/5], Batch [297/300], Loss: 1.0078 (Overall: 0.8768, Change: 1.6754), TF Ratio: 0.701
[2026-06-15 07:01:00,965][root][INFO] - Epoch [5/5], Batch [298/300], Loss: 1.0077 (Overall: 0.5780, Change: 1.3580), TF Ratio: 0.700
[2026-06-15 07:01:01,119][root][INFO] - Epoch [5/5], Batch [299/300], Loss: 1.0071 (Overall: 0.4916, Change: 1.2007), TF Ratio: 0.700
[2026-06-15 07:01:01,295][root][INFO] - Epoch [5/5], Batch [300/300], Loss: 1.0067 (Overall: 0.7723, Change: 0.9838), TF Ratio: 0.700
[2026-06-15 07:01:06,001][root][INFO] - Epoch 5 done. Validating...
[2026-06-15 07:01:15,775][root][INFO] - Epoch [5/5] | Train: 1.0091 | Val: 0.7263
[2026-06-15 07:01:16,016][root][INFO] - Checkpoint saved: /gpfs/scratch/bsc32/bsc096444/ai4land-tfm/trained_models/unet_impl/41799702/model_epoch_5.pth
[2026-06-15 07:01:16,367][root][INFO] - Training complete.
