[2026-06-15 18:58:33,636][root][INFO] - Recurrent UNet Model Successfully Configured and Initialized.
[2026-06-15 18:58:33,658][root][INFO] - Starting from scratch (no valid checkpoint provided).
[2026-06-15 18:58:39,706][root][INFO] - Train: 4480000 samples, Val: 640000 samples
[2026-06-15 18:58:41,217][root][INFO] - Starting training from epoch 1
[2026-06-15 18:59:04,594][root][INFO] - Epoch [1/5], Batch [1/300], Loss: 2.2203 (Overall: 2.1689, Change: 2.2717), TF Ratio: 1.000
[2026-06-15 18:59:04,844][root][INFO] - Epoch [1/5], Batch [2/300], Loss: 2.1151 (Overall: 2.0209, Change: 1.9991), TF Ratio: 1.000
[2026-06-15 18:59:04,998][root][INFO] - Epoch [1/5], Batch [3/300], Loss: 2.1229 (Overall: 2.1732, Change: 2.1036), TF Ratio: 0.999
[2026-06-15 18:59:05,195][root][INFO] - Epoch [1/5], Batch [4/300], Loss: 2.1299 (Overall: 2.1789, Change: 2.1233), TF Ratio: 0.999
[2026-06-15 18:59:05,349][root][INFO] - Epoch [1/5], Batch [5/300], Loss: 2.0097 (Overall: 1.8193, Change: 1.2380), TF Ratio: 0.999
[2026-06-15 18:59:05,502][root][INFO] - Epoch [1/5], Batch [6/300], Loss: 2.0191 (Overall: 1.9166, Change: 2.2156), TF Ratio: 0.999
[2026-06-15 18:59:05,654][root][INFO] - Epoch [1/5], Batch [7/300], Loss: 2.0114 (Overall: 1.8172, Change: 2.1129), TF Ratio: 0.999
[2026-06-15 18:59:16,991][root][INFO] - Epoch [1/5], Batch [8/300], Loss: 2.0238 (Overall: 2.0126, Change: 2.2085), TF Ratio: 0.998
[2026-06-15 18:59:17,145][root][INFO] - Epoch [1/5], Batch [9/300], Loss: 2.0062 (Overall: 1.7816, Change: 1.9500), TF Ratio: 0.998
[2026-06-15 18:59:17,297][root][INFO] - Epoch [1/5], Batch [10/300], Loss: 1.9961 (Overall: 1.5359, Change: 2.2742), TF Ratio: 0.998
[2026-06-15 18:59:17,449][root][INFO] - Epoch [1/5], Batch [11/300], Loss: 1.9675 (Overall: 1.6366, Change: 1.7268), TF Ratio: 0.998
[2026-06-15 18:59:17,612][root][INFO] - Epoch [1/5], Batch [12/300], Loss: 1.9517 (Overall: 1.6139, Change: 1.9412), TF Ratio: 0.998
[2026-06-15 18:59:17,764][root][INFO] - Epoch [1/5], Batch [13/300], Loss: 1.9381 (Overall: 1.4998, Change: 2.0496), TF Ratio: 0.997
[2026-06-15 18:59:17,916][root][INFO] - Epoch [1/5], Batch [14/300], Loss: 1.9177 (Overall: 1.4821, Change: 1.8227), TF Ratio: 0.997
[2026-06-15 18:59:18,067][root][INFO] - Epoch [1/5], Batch [15/300], Loss: 1.9091 (Overall: 1.6568, Change: 1.9204), TF Ratio: 0.997
[2026-06-15 18:59:31,071][root][INFO] - Epoch [1/5], Batch [16/300], Loss: 1.8967 (Overall: 1.4618, Change: 1.9611), TF Ratio: 0.997
[2026-06-15 18:59:31,224][root][INFO] - Epoch [1/5], Batch [17/300], Loss: 1.8805 (Overall: 1.3765, Change: 1.8667), TF Ratio: 0.997
[2026-06-15 18:59:31,378][root][INFO] - Epoch [1/5], Batch [18/300], Loss: 1.8675 (Overall: 1.5843, Change: 1.7084), TF Ratio: 0.996
[2026-06-15 18:59:31,530][root][INFO] - Epoch [1/5], Batch [19/300], Loss: 1.8541 (Overall: 1.5590, Change: 1.6679), TF Ratio: 0.996
[2026-06-15 18:59:31,684][root][INFO] - Epoch [1/5], Batch [20/300], Loss: 1.8485 (Overall: 1.4810, Change: 2.0025), TF Ratio: 0.996
[2026-06-15 18:59:31,838][root][INFO] - Epoch [1/5], Batch [21/300], Loss: 1.8410 (Overall: 1.5217, Change: 1.8592), TF Ratio: 0.996
[2026-06-15 18:59:31,990][root][INFO] - Epoch [1/5], Batch [22/300], Loss: 1.8306 (Overall: 1.4791, Change: 1.7448), TF Ratio: 0.996
[2026-06-15 18:59:32,142][root][INFO] - Epoch [1/5], Batch [23/300], Loss: 1.8177 (Overall: 1.4968, Change: 1.5735), TF Ratio: 0.995
[2026-06-15 18:59:44,322][root][INFO] - Epoch [1/5], Batch [24/300], Loss: 1.8071 (Overall: 1.4549, Change: 1.6719), TF Ratio: 0.995
[2026-06-15 18:59:45,150][root][INFO] - Epoch [1/5], Batch [25/300], Loss: 1.7961 (Overall: 1.3043, Change: 1.7593), TF Ratio: 0.995
[2026-06-15 18:59:45,303][root][INFO] - Epoch [1/5], Batch [26/300], Loss: 1.7986 (Overall: 1.5730, Change: 2.1486), TF Ratio: 0.995
[2026-06-15 18:59:45,455][root][INFO] - Epoch [1/5], Batch [27/300], Loss: 1.7913 (Overall: 1.2070, Change: 1.9973), TF Ratio: 0.995
[2026-06-15 18:59:45,609][root][INFO] - Epoch [1/5], Batch [28/300], Loss: 1.7836 (Overall: 1.3128, Change: 1.8374), TF Ratio: 0.994
[2026-06-15 18:59:45,763][root][INFO] - Epoch [1/5], Batch [29/300], Loss: 1.7767 (Overall: 1.4241, Change: 1.7437), TF Ratio: 0.994
[2026-06-15 18:59:45,915][root][INFO] - Epoch [1/5], Batch [30/300], Loss: 1.7721 (Overall: 1.3538, Change: 1.9245), TF Ratio: 0.994
[2026-06-15 18:59:46,069][root][INFO] - Epoch [1/5], Batch [31/300], Loss: 1.7666 (Overall: 1.4414, Change: 1.7596), TF Ratio: 0.994
[2026-06-15 18:59:57,992][root][INFO] - Epoch [1/5], Batch [32/300], Loss: 1.7692 (Overall: 1.5678, Change: 2.1300), TF Ratio: 0.994
[2026-06-15 18:59:58,291][root][INFO] - Epoch [1/5], Batch [33/300], Loss: 1.7623 (Overall: 1.3796, Change: 1.7024), TF Ratio: 0.993
[2026-06-15 18:59:58,444][root][INFO] - Epoch [1/5], Batch [34/300], Loss: 1.7528 (Overall: 1.2093, Change: 1.6709), TF Ratio: 0.993
[2026-06-15 18:59:58,596][root][INFO] - Epoch [1/5], Batch [35/300], Loss: 1.7402 (Overall: 1.2204, Change: 1.4015), TF Ratio: 0.993
[2026-06-15 18:59:58,750][root][INFO] - Epoch [1/5], Batch [36/300], Loss: 1.7323 (Overall: 1.3270, Change: 1.5874), TF Ratio: 0.993
[2026-06-15 18:59:58,904][root][INFO] - Epoch [1/5], Batch [37/300], Loss: 1.7314 (Overall: 1.3937, Change: 2.0014), TF Ratio: 0.993
[2026-06-15 18:59:59,056][root][INFO] - Epoch [1/5], Batch [38/300], Loss: 1.7280 (Overall: 1.3219, Change: 1.8887), TF Ratio: 0.992
[2026-06-15 18:59:59,208][root][INFO] - Epoch [1/5], Batch [39/300], Loss: 1.7199 (Overall: 1.2339, Change: 1.5888), TF Ratio: 0.992
[2026-06-15 19:00:11,546][root][INFO] - Epoch [1/5], Batch [40/300], Loss: 1.7159 (Overall: 1.5145, Change: 1.6056), TF Ratio: 0.992
[2026-06-15 19:00:11,701][root][INFO] - Epoch [1/5], Batch [41/300], Loss: 1.7137 (Overall: 1.2919, Change: 1.9534), TF Ratio: 0.992
[2026-06-15 19:00:11,855][root][INFO] - Epoch [1/5], Batch [42/300], Loss: 1.7071 (Overall: 1.2437, Change: 1.6296), TF Ratio: 0.992
[2026-06-15 19:00:12,009][root][INFO] - Epoch [1/5], Batch [43/300], Loss: 1.7020 (Overall: 1.3602, Change: 1.6216), TF Ratio: 0.991
[2026-06-15 19:00:12,163][root][INFO] - Epoch [1/5], Batch [44/300], Loss: 1.6953 (Overall: 1.3211, Change: 1.4872), TF Ratio: 0.991
[2026-06-15 19:00:12,316][root][INFO] - Epoch [1/5], Batch [45/300], Loss: 1.6900 (Overall: 1.2956, Change: 1.6214), TF Ratio: 0.991
[2026-06-15 19:00:12,469][root][INFO] - Epoch [1/5], Batch [46/300], Loss: 1.6816 (Overall: 1.1057, Change: 1.4971), TF Ratio: 0.991
[2026-06-15 19:00:12,623][root][INFO] - Epoch [1/5], Batch [47/300], Loss: 1.6798 (Overall: 1.3566, Change: 1.8419), TF Ratio: 0.991
[2026-06-15 19:00:31,621][root][INFO] - Epoch [1/5], Batch [48/300], Loss: 1.6765 (Overall: 1.2365, Change: 1.8052), TF Ratio: 0.990
[2026-06-15 19:00:31,776][root][INFO] - Epoch [1/5], Batch [49/300], Loss: 1.6729 (Overall: 1.2913, Change: 1.7069), TF Ratio: 0.990
[2026-06-15 19:00:31,928][root][INFO] - Epoch [1/5], Batch [50/300], Loss: 1.6662 (Overall: 1.1381, Change: 1.5404), TF Ratio: 0.990
[2026-06-15 19:00:32,081][root][INFO] - Epoch [1/5], Batch [51/300], Loss: 1.6576 (Overall: 1.3911, Change: 1.0639), TF Ratio: 0.990
[2026-06-15 19:00:32,235][root][INFO] - Epoch [1/5], Batch [52/300], Loss: 1.6551 (Overall: 1.2323, Change: 1.8180), TF Ratio: 0.990
[2026-06-15 19:00:32,389][root][INFO] - Epoch [1/5], Batch [53/300], Loss: 1.6507 (Overall: 1.1747, Change: 1.6773), TF Ratio: 0.989
[2026-06-15 19:00:32,544][root][INFO] - Epoch [1/5], Batch [54/300], Loss: 1.6478 (Overall: 1.5054, Change: 1.4764), TF Ratio: 0.989
[2026-06-15 19:00:32,696][root][INFO] - Epoch [1/5], Batch [55/300], Loss: 1.6460 (Overall: 1.3046, Change: 1.7922), TF Ratio: 0.989
[2026-06-15 19:00:48,674][root][INFO] - Epoch [1/5], Batch [56/300], Loss: 1.6402 (Overall: 1.1962, Change: 1.4535), TF Ratio: 0.989
[2026-06-15 19:00:48,831][root][INFO] - Epoch [1/5], Batch [57/300], Loss: 1.6353 (Overall: 1.2256, Change: 1.4887), TF Ratio: 0.989
[2026-06-15 19:00:48,983][root][INFO] - Epoch [1/5], Batch [58/300], Loss: 1.6308 (Overall: 1.2556, Change: 1.4983), TF Ratio: 0.988
[2026-06-15 19:00:49,136][root][INFO] - Epoch [1/5], Batch [59/300], Loss: 1.6278 (Overall: 1.3445, Change: 1.5587), TF Ratio: 0.988
[2026-06-15 19:00:49,292][root][INFO] - Epoch [1/5], Batch [60/300], Loss: 1.6262 (Overall: 1.2961, Change: 1.7680), TF Ratio: 0.988
[2026-06-15 19:00:49,445][root][INFO] - Epoch [1/5], Batch [61/300], Loss: 1.6228 (Overall: 1.1693, Change: 1.6723), TF Ratio: 0.988
[2026-06-15 19:00:49,598][root][INFO] - Epoch [1/5], Batch [62/300], Loss: 1.6218 (Overall: 1.2664, Change: 1.8578), TF Ratio: 0.988
[2026-06-15 19:00:49,750][root][INFO] - Epoch [1/5], Batch [63/300], Loss: 1.6222 (Overall: 1.6030, Change: 1.6917), TF Ratio: 0.987
[2026-06-15 19:01:00,620][root][INFO] - Epoch [1/5], Batch [64/300], Loss: 1.6212 (Overall: 1.3450, Change: 1.7632), TF Ratio: 0.987
[2026-06-15 19:01:00,779][root][INFO] - Epoch [1/5], Batch [65/300], Loss: 1.6213 (Overall: 1.4189, Change: 1.8361), TF Ratio: 0.987
[2026-06-15 19:01:00,931][root][INFO] - Epoch [1/5], Batch [66/300], Loss: 1.6169 (Overall: 1.2227, Change: 1.4453), TF Ratio: 0.987
[2026-06-15 19:01:01,083][root][INFO] - Epoch [1/5], Batch [67/300], Loss: 1.6115 (Overall: 1.2758, Change: 1.2340), TF Ratio: 0.987
[2026-06-15 19:01:01,237][root][INFO] - Epoch [1/5], Batch [68/300], Loss: 1.6124 (Overall: 1.4952, Change: 1.8424), TF Ratio: 0.986
[2026-06-15 19:01:01,391][root][INFO] - Epoch [1/5], Batch [69/300], Loss: 1.6107 (Overall: 1.2975, Change: 1.6940), TF Ratio: 0.986
[2026-06-15 19:01:01,544][root][INFO] - Epoch [1/5], Batch [70/300], Loss: 1.6075 (Overall: 1.1325, Change: 1.6426), TF Ratio: 0.986
[2026-06-15 19:01:01,696][root][INFO] - Epoch [1/5], Batch [71/300], Loss: 1.6054 (Overall: 1.1313, Change: 1.7877), TF Ratio: 0.986
[2026-06-15 19:01:13,034][root][INFO] - Epoch [1/5], Batch [72/300], Loss: 1.6034 (Overall: 1.1879, Change: 1.7353), TF Ratio: 0.986
[2026-06-15 19:01:13,190][root][INFO] - Epoch [1/5], Batch [73/300], Loss: 1.5987 (Overall: 0.9916, Change: 1.5348), TF Ratio: 0.985
[2026-06-15 19:01:13,343][root][INFO] - Epoch [1/5], Batch [74/300], Loss: 1.5959 (Overall: 1.2496, Change: 1.5215), TF Ratio: 0.985
[2026-06-15 19:01:13,495][root][INFO] - Epoch [1/5], Batch [75/300], Loss: 1.5913 (Overall: 0.9341, Change: 1.5688), TF Ratio: 0.985
[2026-06-15 19:01:13,650][root][INFO] - Epoch [1/5], Batch [76/300], Loss: 1.5879 (Overall: 1.0372, Change: 1.6408), TF Ratio: 0.985
[2026-06-15 19:01:13,803][root][INFO] - Epoch [1/5], Batch [77/300], Loss: 1.5878 (Overall: 1.3898, Change: 1.7632), TF Ratio: 0.985
[2026-06-15 19:01:13,955][root][INFO] - Epoch [1/5], Batch [78/300], Loss: 1.5839 (Overall: 1.0753, Change: 1.4937), TF Ratio: 0.984
[2026-06-15 19:01:14,108][root][INFO] - Epoch [1/5], Batch [79/300], Loss: 1.5827 (Overall: 1.2405, Change: 1.7404), TF Ratio: 0.984
[2026-06-15 19:01:26,882][root][INFO] - Epoch [1/5], Batch [80/300], Loss: 1.5807 (Overall: 1.1667, Change: 1.6699), TF Ratio: 0.984
[2026-06-15 19:01:27,038][root][INFO] - Epoch [1/5], Batch [81/300], Loss: 1.5790 (Overall: 1.2591, Change: 1.6256), TF Ratio: 0.984
[2026-06-15 19:01:27,190][root][INFO] - Epoch [1/5], Batch [82/300], Loss: 1.5758 (Overall: 1.1259, Change: 1.5079), TF Ratio: 0.984
[2026-06-15 19:01:27,343][root][INFO] - Epoch [1/5], Batch [83/300], Loss: 1.5723 (Overall: 0.9410, Change: 1.6352), TF Ratio: 0.983
[2026-06-15 19:01:27,502][root][INFO] - Epoch [1/5], Batch [84/300], Loss: 1.5692 (Overall: 1.1138, Change: 1.5146), TF Ratio: 0.983
[2026-06-15 19:01:27,656][root][INFO] - Epoch [1/5], Batch [85/300], Loss: 1.5655 (Overall: 1.2055, Change: 1.3067), TF Ratio: 0.983
[2026-06-15 19:01:27,808][root][INFO] - Epoch [1/5], Batch [86/300], Loss: 1.5643 (Overall: 1.1541, Change: 1.7604), TF Ratio: 0.983
[2026-06-15 19:01:27,961][root][INFO] - Epoch [1/5], Batch [87/300], Loss: 1.5618 (Overall: 1.0670, Change: 1.6213), TF Ratio: 0.983
[2026-06-15 19:01:40,041][root][INFO] - Epoch [1/5], Batch [88/300], Loss: 1.5593 (Overall: 0.9928, Change: 1.6915), TF Ratio: 0.982
[2026-06-15 19:01:40,197][root][INFO] - Epoch [1/5], Batch [89/300], Loss: 1.5629 (Overall: 1.5891, Change: 2.1693), TF Ratio: 0.982
[2026-06-15 19:01:40,350][root][INFO] - Epoch [1/5], Batch [90/300], Loss: 1.5582 (Overall: 0.9958, Change: 1.3005), TF Ratio: 0.982
[2026-06-15 19:01:40,503][root][INFO] - Epoch [1/5], Batch [91/300], Loss: 1.5582 (Overall: 1.3727, Change: 1.7271), TF Ratio: 0.982
[2026-06-15 19:01:40,658][root][INFO] - Epoch [1/5], Batch [92/300], Loss: 1.5528 (Overall: 0.9992, Change: 1.1348), TF Ratio: 0.982
[2026-06-15 19:01:40,812][root][INFO] - Epoch [1/5], Batch [93/300], Loss: 1.5504 (Overall: 1.2800, Change: 1.3738), TF Ratio: 0.981
[2026-06-15 19:01:40,968][root][INFO] - Epoch [1/5], Batch [94/300], Loss: 1.5481 (Overall: 0.9511, Change: 1.7273), TF Ratio: 0.981
[2026-06-15 19:01:41,121][root][INFO] - Epoch [1/5], Batch [95/300], Loss: 1.5459 (Overall: 1.0125, Change: 1.6539), TF Ratio: 0.981
[2026-06-15 19:01:53,118][root][INFO] - Epoch [1/5], Batch [96/300], Loss: 1.5426 (Overall: 1.1898, Change: 1.2761), TF Ratio: 0.981
[2026-06-15 19:01:53,276][root][INFO] - Epoch [1/5], Batch [97/300], Loss: 1.5412 (Overall: 1.1579, Change: 1.6583), TF Ratio: 0.981
[2026-06-15 19:01:53,428][root][INFO] - Epoch [1/5], Batch [98/300], Loss: 1.5440 (Overall: 1.7954, Change: 1.8219), TF Ratio: 0.980
[2026-06-15 19:01:53,580][root][INFO] - Epoch [1/5], Batch [99/300], Loss: 1.5414 (Overall: 1.1033, Change: 1.4877), TF Ratio: 0.980
[2026-06-15 19:01:53,739][root][INFO] - Epoch [1/5], Batch [100/300], Loss: 1.5398 (Overall: 1.2154, Change: 1.5428), TF Ratio: 0.980
[2026-06-15 19:01:53,892][root][INFO] - Epoch [1/5], Batch [101/300], Loss: 1.5384 (Overall: 1.0757, Change: 1.7234), TF Ratio: 0.980
[2026-06-15 19:01:54,045][root][INFO] - Epoch [1/5], Batch [102/300], Loss: 1.5343 (Overall: 1.1163, Change: 1.1156), TF Ratio: 0.980
[2026-06-15 19:01:54,197][root][INFO] - Epoch [1/5], Batch [103/300], Loss: 1.5324 (Overall: 1.1033, Change: 1.5666), TF Ratio: 0.979
[2026-06-15 19:02:05,689][root][INFO] - Epoch [1/5], Batch [104/300], Loss: 1.5317 (Overall: 1.1426, Change: 1.7757), TF Ratio: 0.979
[2026-06-15 19:02:05,913][root][INFO] - Epoch [1/5], Batch [105/300], Loss: 1.5312 (Overall: 1.4360, Change: 1.5370), TF Ratio: 0.979
[2026-06-15 19:02:06,066][root][INFO] - Epoch [1/5], Batch [106/300], Loss: 1.5319 (Overall: 1.3373, Change: 1.8621), TF Ratio: 0.979
[2026-06-15 19:02:06,220][root][INFO] - Epoch [1/5], Batch [107/300], Loss: 1.5301 (Overall: 1.0122, Change: 1.6675), TF Ratio: 0.979
[2026-06-15 19:02:06,374][root][INFO] - Epoch [1/5], Batch [108/300], Loss: 1.5278 (Overall: 1.0408, Change: 1.5240), TF Ratio: 0.978
[2026-06-15 19:02:06,527][root][INFO] - Epoch [1/5], Batch [109/300], Loss: 1.5248 (Overall: 0.9662, Change: 1.4283), TF Ratio: 0.978
[2026-06-15 19:02:06,679][root][INFO] - Epoch [1/5], Batch [110/300], Loss: 1.5225 (Overall: 1.1808, Change: 1.3800), TF Ratio: 0.978
[2026-06-15 19:02:06,831][root][INFO] - Epoch [1/5], Batch [111/300], Loss: 1.5219 (Overall: 1.1378, Change: 1.7675), TF Ratio: 0.978
[2026-06-15 19:02:21,166][root][INFO] - Epoch [1/5], Batch [112/300], Loss: 1.5203 (Overall: 1.0297, Change: 1.6542), TF Ratio: 0.978
[2026-06-15 19:02:21,324][root][INFO] - Epoch [1/5], Batch [113/300], Loss: 1.5190 (Overall: 1.1654, Change: 1.5822), TF Ratio: 0.977
[2026-06-15 19:02:21,476][root][INFO] - Epoch [1/5], Batch [114/300], Loss: 1.5161 (Overall: 0.9748, Change: 1.3934), TF Ratio: 0.977
[2026-06-15 19:02:21,629][root][INFO] - Epoch [1/5], Batch [115/300], Loss: 1.5141 (Overall: 1.1536, Change: 1.4184), TF Ratio: 0.977
[2026-06-15 19:02:21,782][root][INFO] - Epoch [1/5], Batch [116/300], Loss: 1.5132 (Overall: 0.8703, Change: 1.9614), TF Ratio: 0.977
[2026-06-15 19:02:21,934][root][INFO] - Epoch [1/5], Batch [117/300], Loss: 1.5111 (Overall: 0.9999, Change: 1.5227), TF Ratio: 0.977
[2026-06-15 19:02:22,086][root][INFO] - Epoch [1/5], Batch [118/300], Loss: 1.5094 (Overall: 0.9336, Change: 1.6917), TF Ratio: 0.976
[2026-06-15 19:02:22,239][root][INFO] - Epoch [1/5], Batch [119/300], Loss: 1.5083 (Overall: 1.1356, Change: 1.6288), TF Ratio: 0.976
[2026-06-15 19:02:35,880][root][INFO] - Epoch [1/5], Batch [120/300], Loss: 1.5055 (Overall: 0.9480, Change: 1.4029), TF Ratio: 0.976
[2026-06-15 19:02:36,038][root][INFO] - Epoch [1/5], Batch [121/300], Loss: 1.5030 (Overall: 0.9817, Change: 1.4182), TF Ratio: 0.976
[2026-06-15 19:02:36,191][root][INFO] - Epoch [1/5], Batch [122/300], Loss: 1.5010 (Overall: 1.0014, Change: 1.5059), TF Ratio: 0.976
[2026-06-15 19:02:36,347][root][INFO] - Epoch [1/5], Batch [123/300], Loss: 1.5000 (Overall: 1.1241, Change: 1.6365), TF Ratio: 0.975
[2026-06-15 19:02:36,501][root][INFO] - Epoch [1/5], Batch [124/300], Loss: 1.5009 (Overall: 1.1466, Change: 2.0878), TF Ratio: 0.975
[2026-06-15 19:02:36,654][root][INFO] - Epoch [1/5], Batch [125/300], Loss: 1.5008 (Overall: 1.3569, Change: 1.6076), TF Ratio: 0.975
[2026-06-15 19:02:36,806][root][INFO] - Epoch [1/5], Batch [126/300], Loss: 1.5013 (Overall: 1.4423, Change: 1.6912), TF Ratio: 0.975
[2026-06-15 19:02:36,959][root][INFO] - Epoch [1/5], Batch [127/300], Loss: 1.4991 (Overall: 0.9609, Change: 1.4701), TF Ratio: 0.975
[2026-06-15 19:02:54,809][root][INFO] - Epoch [1/5], Batch [128/300], Loss: 1.4977 (Overall: 1.1460, Change: 1.4952), TF Ratio: 0.974
[2026-06-15 19:02:54,965][root][INFO] - Epoch [1/5], Batch [129/300], Loss: 1.4968 (Overall: 1.0974, Change: 1.6863), TF Ratio: 0.974
[2026-06-15 19:02:55,116][root][INFO] - Epoch [1/5], Batch [130/300], Loss: 1.4956 (Overall: 1.1228, Change: 1.5382), TF Ratio: 0.974
[2026-06-15 19:02:55,268][root][INFO] - Epoch [1/5], Batch [131/300], Loss: 1.4945 (Overall: 1.0624, Change: 1.6592), TF Ratio: 0.974
[2026-06-15 19:02:55,421][root][INFO] - Epoch [1/5], Batch [132/300], Loss: 1.4947 (Overall: 1.0674, Change: 1.9568), TF Ratio: 0.974
[2026-06-15 19:02:55,573][root][INFO] - Epoch [1/5], Batch [133/300], Loss: 1.4938 (Overall: 0.9882, Change: 1.7817), TF Ratio: 0.973
[2026-06-15 19:02:55,725][root][INFO] - Epoch [1/5], Batch [134/300], Loss: 1.4929 (Overall: 1.1965, Change: 1.5379), TF Ratio: 0.973
[2026-06-15 19:02:55,876][root][INFO] - Epoch [1/5], Batch [135/300], Loss: 1.4914 (Overall: 1.0356, Change: 1.5437), TF Ratio: 0.973
[2026-06-15 19:03:06,510][root][INFO] - Epoch [1/5], Batch [136/300], Loss: 1.4908 (Overall: 1.2041, Change: 1.6283), TF Ratio: 0.973
[2026-06-15 19:03:06,665][root][INFO] - Epoch [1/5], Batch [137/300], Loss: 1.4903 (Overall: 1.0830, Change: 1.7588), TF Ratio: 0.973
[2026-06-15 19:03:06,817][root][INFO] - Epoch [1/5], Batch [138/300], Loss: 1.4892 (Overall: 1.2542, Change: 1.4027), TF Ratio: 0.972
[2026-06-15 19:03:06,969][root][INFO] - Epoch [1/5], Batch [139/300], Loss: 1.4885 (Overall: 1.2116, Change: 1.5921), TF Ratio: 0.972
[2026-06-15 19:03:07,126][root][INFO] - Epoch [1/5], Batch [140/300], Loss: 1.4866 (Overall: 1.0010, Change: 1.4335), TF Ratio: 0.972
[2026-06-15 19:03:07,279][root][INFO] - Epoch [1/5], Batch [141/300], Loss: 1.4851 (Overall: 0.9423, Change: 1.6157), TF Ratio: 0.972
[2026-06-15 19:03:07,431][root][INFO] - Epoch [1/5], Batch [142/300], Loss: 1.4848 (Overall: 1.1678, Change: 1.7251), TF Ratio: 0.972
[2026-06-15 19:03:07,582][root][INFO] - Epoch [1/5], Batch [143/300], Loss: 1.4850 (Overall: 0.9414, Change: 2.0603), TF Ratio: 0.971
[2026-06-15 19:03:22,334][root][INFO] - Epoch [1/5], Batch [144/300], Loss: 1.4838 (Overall: 1.0134, Change: 1.6262), TF Ratio: 0.971
[2026-06-15 19:03:22,490][root][INFO] - Epoch [1/5], Batch [145/300], Loss: 1.4822 (Overall: 1.0023, Change: 1.5039), TF Ratio: 0.971
[2026-06-15 19:03:22,641][root][INFO] - Epoch [1/5], Batch [146/300], Loss: 1.4818 (Overall: 1.1338, Change: 1.6970), TF Ratio: 0.971
[2026-06-15 19:03:22,793][root][INFO] - Epoch [1/5], Batch [147/300], Loss: 1.4812 (Overall: 1.1684, Change: 1.6186), TF Ratio: 0.971
[2026-06-15 19:03:22,948][root][INFO] - Epoch [1/5], Batch [148/300], Loss: 1.4789 (Overall: 0.9139, Change: 1.3743), TF Ratio: 0.970
[2026-06-15 19:03:23,101][root][INFO] - Epoch [1/5], Batch [149/300], Loss: 1.4775 (Overall: 0.9643, Change: 1.5769), TF Ratio: 0.970
[2026-06-15 19:03:23,253][root][INFO] - Epoch [1/5], Batch [150/300], Loss: 1.4749 (Overall: 0.9478, Change: 1.2313), TF Ratio: 0.970
[2026-06-15 19:03:23,405][root][INFO] - Epoch [1/5], Batch [151/300], Loss: 1.4738 (Overall: 1.0815, Change: 1.5330), TF Ratio: 0.970
[2026-06-15 19:03:35,851][root][INFO] - Epoch [1/5], Batch [152/300], Loss: 1.4734 (Overall: 1.1442, Change: 1.6751), TF Ratio: 0.970
[2026-06-15 19:03:36,007][root][INFO] - Epoch [1/5], Batch [153/300], Loss: 1.4722 (Overall: 0.9548, Change: 1.6214), TF Ratio: 0.969
[2026-06-15 19:03:36,159][root][INFO] - Epoch [1/5], Batch [154/300], Loss: 1.4708 (Overall: 1.1135, Change: 1.4083), TF Ratio: 0.969
[2026-06-15 19:03:36,311][root][INFO] - Epoch [1/5], Batch [155/300], Loss: 1.4692 (Overall: 0.9589, Change: 1.4774), TF Ratio: 0.969
[2026-06-15 19:03:36,470][root][INFO] - Epoch [1/5], Batch [156/300], Loss: 1.4686 (Overall: 1.0754, Change: 1.6951), TF Ratio: 0.969
[2026-06-15 19:03:36,623][root][INFO] - Epoch [1/5], Batch [157/300], Loss: 1.4682 (Overall: 1.2332, Change: 1.5707), TF Ratio: 0.969
[2026-06-15 19:03:36,775][root][INFO] - Epoch [1/5], Batch [158/300], Loss: 1.4674 (Overall: 1.2181, Change: 1.4813), TF Ratio: 0.968
[2026-06-15 19:03:36,928][root][INFO] - Epoch [1/5], Batch [159/300], Loss: 1.4661 (Overall: 1.0093, Change: 1.5026), TF Ratio: 0.968
[2026-06-15 19:03:48,038][root][INFO] - Epoch [1/5], Batch [160/300], Loss: 1.4653 (Overall: 1.0219, Change: 1.6457), TF Ratio: 0.968
[2026-06-15 19:03:48,199][root][INFO] - Epoch [1/5], Batch [161/300], Loss: 1.4647 (Overall: 1.1762, Change: 1.5570), TF Ratio: 0.968
[2026-06-15 19:03:48,354][root][INFO] - Epoch [1/5], Batch [162/300], Loss: 1.4635 (Overall: 1.0348, Change: 1.5059), TF Ratio: 0.968
[2026-06-15 19:03:48,507][root][INFO] - Epoch [1/5], Batch [163/300], Loss: 1.4627 (Overall: 1.1341, Change: 1.5469), TF Ratio: 0.967
[2026-06-15 19:03:48,661][root][INFO] - Epoch [1/5], Batch [164/300], Loss: 1.4611 (Overall: 1.0465, Change: 1.3608), TF Ratio: 0.967
[2026-06-15 19:03:48,814][root][INFO] - Epoch [1/5], Batch [165/300], Loss: 1.4588 (Overall: 1.0307, Change: 1.1085), TF Ratio: 0.967
[2026-06-15 19:03:48,967][root][INFO] - Epoch [1/5], Batch [166/300], Loss: 1.4576 (Overall: 1.0040, Change: 1.5170), TF Ratio: 0.967
[2026-06-15 19:03:49,119][root][INFO] - Epoch [1/5], Batch [167/300], Loss: 1.4546 (Overall: 0.9211, Change: 0.9942), TF Ratio: 0.967
[2026-06-15 19:03:59,787][root][INFO] - Epoch [1/5], Batch [168/300], Loss: 1.4536 (Overall: 0.9574, Change: 1.6135), TF Ratio: 0.966
[2026-06-15 19:03:59,943][root][INFO] - Epoch [1/5], Batch [169/300], Loss: 1.4520 (Overall: 0.9402, Change: 1.4399), TF Ratio: 0.966
[2026-06-15 19:04:00,094][root][INFO] - Epoch [1/5], Batch [170/300], Loss: 1.4509 (Overall: 0.9794, Change: 1.5494), TF Ratio: 0.966
[2026-06-15 19:04:00,247][root][INFO] - Epoch [1/5], Batch [171/300], Loss: 1.4497 (Overall: 0.9932, Change: 1.4908), TF Ratio: 0.966
[2026-06-15 19:04:00,401][root][INFO] - Epoch [1/5], Batch [172/300], Loss: 1.4482 (Overall: 0.9358, Change: 1.4370), TF Ratio: 0.966
[2026-06-15 19:04:00,554][root][INFO] - Epoch [1/5], Batch [173/300], Loss: 1.4464 (Overall: 1.0053, Change: 1.2985), TF Ratio: 0.965
[2026-06-15 19:04:00,707][root][INFO] - Epoch [1/5], Batch [174/300], Loss: 1.4449 (Overall: 1.0284, Change: 1.3409), TF Ratio: 0.965
[2026-06-15 19:04:00,860][root][INFO] - Epoch [1/5], Batch [175/300], Loss: 1.4440 (Overall: 1.0023, Change: 1.5751), TF Ratio: 0.965
[2026-06-15 19:04:11,885][root][INFO] - Epoch [1/5], Batch [176/300], Loss: 1.4436 (Overall: 1.0177, Change: 1.7032), TF Ratio: 0.965
[2026-06-15 19:04:12,044][root][INFO] - Epoch [1/5], Batch [177/300], Loss: 1.4420 (Overall: 1.0082, Change: 1.3256), TF Ratio: 0.965
[2026-06-15 19:04:12,197][root][INFO] - Epoch [1/5], Batch [178/300], Loss: 1.4400 (Overall: 1.0712, Change: 1.0962), TF Ratio: 0.964
[2026-06-15 19:04:12,350][root][INFO] - Epoch [1/5], Batch [179/300], Loss: 1.4387 (Overall: 1.0355, Change: 1.3712), TF Ratio: 0.964
[2026-06-15 19:04:12,505][root][INFO] - Epoch [1/5], Batch [180/300], Loss: 1.4382 (Overall: 1.0825, Change: 1.6412), TF Ratio: 0.964
[2026-06-15 19:04:12,658][root][INFO] - Epoch [1/5], Batch [181/300], Loss: 1.4369 (Overall: 0.9525, Change: 1.4348), TF Ratio: 0.964
[2026-06-15 19:04:12,811][root][INFO] - Epoch [1/5], Batch [182/300], Loss: 1.4344 (Overall: 0.8413, Change: 1.1419), TF Ratio: 0.964
[2026-06-15 19:04:12,963][root][INFO] - Epoch [1/5], Batch [183/300], Loss: 1.4330 (Overall: 0.8978, Change: 1.4476), TF Ratio: 0.963
[2026-06-15 19:04:23,679][root][INFO] - Epoch [1/5], Batch [184/300], Loss: 1.4333 (Overall: 1.0385, Change: 1.9436), TF Ratio: 0.963
[2026-06-15 19:04:23,835][root][INFO] - Epoch [1/5], Batch [185/300], Loss: 1.4326 (Overall: 0.8884, Change: 1.7041), TF Ratio: 0.963
[2026-06-15 19:04:23,987][root][INFO] - Epoch [1/5], Batch [186/300], Loss: 1.4315 (Overall: 0.9622, Change: 1.4810), TF Ratio: 0.963
[2026-06-15 19:04:24,139][root][INFO] - Epoch [1/5], Batch [187/300], Loss: 1.4315 (Overall: 1.1565, Change: 1.7047), TF Ratio: 0.963
[2026-06-15 19:04:24,298][root][INFO] - Epoch [1/5], Batch [188/300], Loss: 1.4310 (Overall: 1.1799, Change: 1.5144), TF Ratio: 0.962
[2026-06-15 19:04:24,452][root][INFO] - Epoch [1/5], Batch [189/300], Loss: 1.4303 (Overall: 0.9947, Change: 1.6096), TF Ratio: 0.962
[2026-06-15 19:04:24,604][root][INFO] - Epoch [1/5], Batch [190/300], Loss: 1.4297 (Overall: 0.9666, Change: 1.6664), TF Ratio: 0.962
[2026-06-15 19:04:24,757][root][INFO] - Epoch [1/5], Batch [191/300], Loss: 1.4291 (Overall: 0.9424, Change: 1.6907), TF Ratio: 0.962
[2026-06-15 19:04:36,158][root][INFO] - Epoch [1/5], Batch [192/300], Loss: 1.4282 (Overall: 1.1019, Change: 1.4068), TF Ratio: 0.962
[2026-06-15 19:04:36,315][root][INFO] - Epoch [1/5], Batch [193/300], Loss: 1.4283 (Overall: 1.2986, Change: 1.5814), TF Ratio: 0.961
[2026-06-15 19:04:36,468][root][INFO] - Epoch [1/5], Batch [194/300], Loss: 1.4272 (Overall: 0.9226, Change: 1.4996), TF Ratio: 0.961
[2026-06-15 19:04:36,621][root][INFO] - Epoch [1/5], Batch [195/300], Loss: 1.4267 (Overall: 0.9361, Change: 1.7338), TF Ratio: 0.961
[2026-06-15 19:04:36,774][root][INFO] - Epoch [1/5], Batch [196/300], Loss: 1.4254 (Overall: 0.8943, Change: 1.4614), TF Ratio: 0.961
[2026-06-15 19:04:36,927][root][INFO] - Epoch [1/5], Batch [197/300], Loss: 1.4239 (Overall: 0.8718, Change: 1.3806), TF Ratio: 0.961
[2026-06-15 19:04:37,080][root][INFO] - Epoch [1/5], Batch [198/300], Loss: 1.4227 (Overall: 0.9755, Change: 1.3897), TF Ratio: 0.960
[2026-06-15 19:04:37,232][root][INFO] - Epoch [1/5], Batch [199/300], Loss: 1.4229 (Overall: 1.0445, Change: 1.8800), TF Ratio: 0.960
[2026-06-15 19:04:48,357][root][INFO] - Epoch [1/5], Batch [200/300], Loss: 1.4226 (Overall: 0.8231, Change: 1.8964), TF Ratio: 0.960
[2026-06-15 19:04:48,511][root][INFO] - Epoch [1/5], Batch [201/300], Loss: 1.4223 (Overall: 0.9994, Change: 1.7546), TF Ratio: 0.960
[2026-06-15 19:04:48,664][root][INFO] - Epoch [1/5], Batch [202/300], Loss: 1.4219 (Overall: 1.1727, Change: 1.4856), TF Ratio: 0.960
[2026-06-15 19:04:48,816][root][INFO] - Epoch [1/5], Batch [203/300], Loss: 1.4209 (Overall: 0.7596, Change: 1.6922), TF Ratio: 0.959
[2026-06-15 19:04:48,971][root][INFO] - Epoch [1/5], Batch [204/300], Loss: 1.4192 (Overall: 0.9132, Change: 1.2418), TF Ratio: 0.959
[2026-06-15 19:04:49,124][root][INFO] - Epoch [1/5], Batch [205/300], Loss: 1.4180 (Overall: 0.8625, Change: 1.4698), TF Ratio: 0.959
[2026-06-15 19:04:49,277][root][INFO] - Epoch [1/5], Batch [206/300], Loss: 1.4168 (Overall: 0.9570, Change: 1.4040), TF Ratio: 0.959
[2026-06-15 19:04:49,430][root][INFO] - Epoch [1/5], Batch [207/300], Loss: 1.4160 (Overall: 0.8747, Change: 1.5994), TF Ratio: 0.959
[2026-06-15 19:04:59,874][root][INFO] - Epoch [1/5], Batch [208/300], Loss: 1.4143 (Overall: 0.7572, Change: 1.3852), TF Ratio: 0.958
[2026-06-15 19:05:00,029][root][INFO] - Epoch [1/5], Batch [209/300], Loss: 1.4130 (Overall: 0.8621, Change: 1.4213), TF Ratio: 0.958
[2026-06-15 19:05:00,182][root][INFO] - Epoch [1/5], Batch [210/300], Loss: 1.4116 (Overall: 0.7677, Change: 1.4589), TF Ratio: 0.958
[2026-06-15 19:05:00,335][root][INFO] - Epoch [1/5], Batch [211/300], Loss: 1.4123 (Overall: 1.1579, Change: 1.9665), TF Ratio: 0.958
[2026-06-15 19:05:00,488][root][INFO] - Epoch [1/5], Batch [212/300], Loss: 1.4119 (Overall: 0.9595, Change: 1.6992), TF Ratio: 0.958
[2026-06-15 19:05:00,641][root][INFO] - Epoch [1/5], Batch [213/300], Loss: 1.4101 (Overall: 0.7923, Change: 1.2653), TF Ratio: 0.957
[2026-06-15 19:05:00,793][root][INFO] - Epoch [1/5], Batch [214/300], Loss: 1.4093 (Overall: 0.8342, Change: 1.6244), TF Ratio: 0.957
[2026-06-15 19:05:00,947][root][INFO] - Epoch [1/5], Batch [215/300], Loss: 1.4089 (Overall: 0.9978, Change: 1.6689), TF Ratio: 0.957
[2026-06-15 19:05:14,522][root][INFO] - Epoch [1/5], Batch [216/300], Loss: 1.4077 (Overall: 0.7719, Change: 1.5335), TF Ratio: 0.957
[2026-06-15 19:05:14,678][root][INFO] - Epoch [1/5], Batch [217/300], Loss: 1.4068 (Overall: 0.9686, Change: 1.4553), TF Ratio: 0.957
[2026-06-15 19:05:14,830][root][INFO] - Epoch [1/5], Batch [218/300], Loss: 1.4066 (Overall: 1.0543, Change: 1.6687), TF Ratio: 0.956
[2026-06-15 19:05:14,985][root][INFO] - Epoch [1/5], Batch [219/300], Loss: 1.4060 (Overall: 0.9884, Change: 1.5763), TF Ratio: 0.956
[2026-06-15 19:05:15,140][root][INFO] - Epoch [1/5], Batch [220/300], Loss: 1.4051 (Overall: 0.9126, Change: 1.5048), TF Ratio: 0.956
[2026-06-15 19:05:15,293][root][INFO] - Epoch [1/5], Batch [221/300], Loss: 1.4060 (Overall: 1.3044, Change: 1.8631), TF Ratio: 0.956
[2026-06-15 19:05:15,445][root][INFO] - Epoch [1/5], Batch [222/300], Loss: 1.4055 (Overall: 0.9154, Change: 1.6890), TF Ratio: 0.956
[2026-06-15 19:05:15,597][root][INFO] - Epoch [1/5], Batch [223/300], Loss: 1.4042 (Overall: 0.7899, Change: 1.4405), TF Ratio: 0.955
[2026-06-15 19:05:26,725][root][INFO] - Epoch [1/5], Batch [224/300], Loss: 1.4042 (Overall: 0.9221, Change: 1.8865), TF Ratio: 0.955
[2026-06-15 19:05:26,882][root][INFO] - Epoch [1/5], Batch [225/300], Loss: 1.4038 (Overall: 1.0667, Change: 1.5467), TF Ratio: 0.955
[2026-06-15 19:05:27,034][root][INFO] - Epoch [1/5], Batch [226/300], Loss: 1.4039 (Overall: 1.2272, Change: 1.6446), TF Ratio: 0.955
[2026-06-15 19:05:27,186][root][INFO] - Epoch [1/5], Batch [227/300], Loss: 1.4023 (Overall: 0.8048, Change: 1.2952), TF Ratio: 0.955
[2026-06-15 19:05:27,344][root][INFO] - Epoch [1/5], Batch [228/300], Loss: 1.4006 (Overall: 0.8935, Change: 1.1208), TF Ratio: 0.954
[2026-06-15 19:05:27,497][root][INFO] - Epoch [1/5], Batch [229/300], Loss: 1.3997 (Overall: 0.9758, Change: 1.4069), TF Ratio: 0.954
[2026-06-15 19:05:27,649][root][INFO] - Epoch [1/5], Batch [230/300], Loss: 1.3985 (Overall: 0.9468, Change: 1.2945), TF Ratio: 0.954
[2026-06-15 19:05:27,802][root][INFO] - Epoch [1/5], Batch [231/300], Loss: 1.3972 (Overall: 0.8926, Change: 1.3327), TF Ratio: 0.954
[2026-06-15 19:05:39,611][root][INFO] - Epoch [1/5], Batch [232/300], Loss: 1.3964 (Overall: 1.0606, Change: 1.3242), TF Ratio: 0.954
[2026-06-15 19:05:39,767][root][INFO] - Epoch [1/5], Batch [233/300], Loss: 1.3954 (Overall: 0.8971, Change: 1.4451), TF Ratio: 0.953
[2026-06-15 19:05:39,920][root][INFO] - Epoch [1/5], Batch [234/300], Loss: 1.3945 (Overall: 0.7170, Change: 1.6581), TF Ratio: 0.953
[2026-06-15 19:05:40,072][root][INFO] - Epoch [1/5], Batch [235/300], Loss: 1.3947 (Overall: 1.0672, Change: 1.8117), TF Ratio: 0.953
[2026-06-15 19:05:40,226][root][INFO] - Epoch [1/5], Batch [236/300], Loss: 1.3930 (Overall: 0.9050, Change: 1.0728), TF Ratio: 0.953
[2026-06-15 19:05:40,379][root][INFO] - Epoch [1/5], Batch [237/300], Loss: 1.3916 (Overall: 0.9515, Change: 1.1867), TF Ratio: 0.953
[2026-06-15 19:05:40,532][root][INFO] - Epoch [1/5], Batch [238/300], Loss: 1.3910 (Overall: 1.0820, Change: 1.3922), TF Ratio: 0.952
[2026-06-15 19:05:40,685][root][INFO] - Epoch [1/5], Batch [239/300], Loss: 1.3899 (Overall: 0.9122, Change: 1.3665), TF Ratio: 0.952
[2026-06-15 19:05:54,572][root][INFO] - Epoch [1/5], Batch [240/300], Loss: 1.3890 (Overall: 0.9884, Change: 1.3595), TF Ratio: 0.952
[2026-06-15 19:05:54,728][root][INFO] - Epoch [1/5], Batch [241/300], Loss: 1.3885 (Overall: 0.9244, Change: 1.6154), TF Ratio: 0.952
[2026-06-15 19:05:54,880][root][INFO] - Epoch [1/5], Batch [242/300], Loss: 1.3884 (Overall: 1.2604, Change: 1.4811), TF Ratio: 0.952
[2026-06-15 19:05:55,032][root][INFO] - Epoch [1/5], Batch [243/300], Loss: 1.3876 (Overall: 0.9232, Change: 1.4485), TF Ratio: 0.951
[2026-06-15 19:05:55,186][root][INFO] - Epoch [1/5], Batch [244/300], Loss: 1.3863 (Overall: 0.9370, Change: 1.1804), TF Ratio: 0.951
[2026-06-15 19:05:55,338][root][INFO] - Epoch [1/5], Batch [245/300], Loss: 1.3853 (Overall: 1.0539, Change: 1.2584), TF Ratio: 0.951
[2026-06-15 19:05:55,491][root][INFO] - Epoch [1/5], Batch [246/300], Loss: 1.3849 (Overall: 1.0162, Change: 1.5255), TF Ratio: 0.951
[2026-06-15 19:05:55,643][root][INFO] - Epoch [1/5], Batch [247/300], Loss: 1.3849 (Overall: 1.3272, Change: 1.4664), TF Ratio: 0.951
[2026-06-15 19:06:06,545][root][INFO] - Epoch [1/5], Batch [248/300], Loss: 1.3840 (Overall: 0.8188, Change: 1.5078), TF Ratio: 0.950
[2026-06-15 19:06:06,701][root][INFO] - Epoch [1/5], Batch [249/300], Loss: 1.3836 (Overall: 0.9566, Change: 1.6017), TF Ratio: 0.950
[2026-06-15 19:06:06,854][root][INFO] - Epoch [1/5], Batch [250/300], Loss: 1.3831 (Overall: 0.9382, Change: 1.5680), TF Ratio: 0.950
[2026-06-15 19:06:07,006][root][INFO] - Epoch [1/5], Batch [251/300], Loss: 1.3821 (Overall: 0.8957, Change: 1.3835), TF Ratio: 0.950
[2026-06-15 19:06:07,165][root][INFO] - Epoch [1/5], Batch [252/300], Loss: 1.3816 (Overall: 1.0193, Change: 1.4979), TF Ratio: 0.950
[2026-06-15 19:06:07,318][root][INFO] - Epoch [1/5], Batch [253/300], Loss: 1.3806 (Overall: 0.8606, Change: 1.3866), TF Ratio: 0.949
[2026-06-15 19:06:07,471][root][INFO] - Epoch [1/5], Batch [254/300], Loss: 1.3807 (Overall: 1.1755, Change: 1.6488), TF Ratio: 0.949
[2026-06-15 19:06:07,623][root][INFO] - Epoch [1/5], Batch [255/300], Loss: 1.3793 (Overall: 0.8912, Change: 1.1570), TF Ratio: 0.949
[2026-06-15 19:06:19,061][root][INFO] - Epoch [1/5], Batch [256/300], Loss: 1.3786 (Overall: 0.9004, Change: 1.4894), TF Ratio: 0.949
[2026-06-15 19:06:19,216][root][INFO] - Epoch [1/5], Batch [257/300], Loss: 1.3789 (Overall: 0.9938, Change: 1.9021), TF Ratio: 0.949
[2026-06-15 19:06:19,368][root][INFO] - Epoch [1/5], Batch [258/300], Loss: 1.3783 (Overall: 1.1135, Change: 1.3613), TF Ratio: 0.948
[2026-06-15 19:06:19,520][root][INFO] - Epoch [1/5], Batch [259/300], Loss: 1.3782 (Overall: 1.0303, Change: 1.6585), TF Ratio: 0.948
[2026-06-15 19:06:19,674][root][INFO] - Epoch [1/5], Batch [260/300], Loss: 1.3784 (Overall: 1.4127, Change: 1.4610), TF Ratio: 0.948
[2026-06-15 19:06:19,831][root][INFO] - Epoch [1/5], Batch [261/300], Loss: 1.3779 (Overall: 0.9583, Change: 1.5237), TF Ratio: 0.948
[2026-06-15 19:06:19,983][root][INFO] - Epoch [1/5], Batch [262/300], Loss: 1.3772 (Overall: 0.7992, Change: 1.6219), TF Ratio: 0.948
[2026-06-15 19:06:20,135][root][INFO] - Epoch [1/5], Batch [263/300], Loss: 1.3767 (Overall: 0.9516, Change: 1.5419), TF Ratio: 0.947
[2026-06-15 19:06:31,382][root][INFO] - Epoch [1/5], Batch [264/300], Loss: 1.3749 (Overall: 0.8809, Change: 0.8923), TF Ratio: 0.947
[2026-06-15 19:06:31,537][root][INFO] - Epoch [1/5], Batch [265/300], Loss: 1.3742 (Overall: 0.7512, Change: 1.6328), TF Ratio: 0.947
[2026-06-15 19:06:31,689][root][INFO] - Epoch [1/5], Batch [266/300], Loss: 1.3746 (Overall: 1.2370, Change: 1.7486), TF Ratio: 0.947
[2026-06-15 19:06:31,841][root][INFO] - Epoch [1/5], Batch [267/300], Loss: 1.3742 (Overall: 0.9920, Change: 1.5295), TF Ratio: 0.947
[2026-06-15 19:06:31,995][root][INFO] - Epoch [1/5], Batch [268/300], Loss: 1.3740 (Overall: 1.0776, Change: 1.5536), TF Ratio: 0.946
[2026-06-15 19:06:32,148][root][INFO] - Epoch [1/5], Batch [269/300], Loss: 1.3731 (Overall: 0.7954, Change: 1.4712), TF Ratio: 0.946
[2026-06-15 19:06:32,313][root][INFO] - Epoch [1/5], Batch [270/300], Loss: 1.3730 (Overall: 0.8625, Change: 1.8227), TF Ratio: 0.946
[2026-06-15 19:06:32,465][root][INFO] - Epoch [1/5], Batch [271/300], Loss: 1.3726 (Overall: 0.9754, Change: 1.5414), TF Ratio: 0.946
[2026-06-15 19:06:43,079][root][INFO] - Epoch [1/5], Batch [272/300], Loss: 1.3724 (Overall: 0.8589, Change: 1.7997), TF Ratio: 0.946
[2026-06-15 19:06:43,234][root][INFO] - Epoch [1/5], Batch [273/300], Loss: 1.3717 (Overall: 0.8138, Change: 1.5429), TF Ratio: 0.945
[2026-06-15 19:06:43,386][root][INFO] - Epoch [1/5], Batch [274/300], Loss: 1.3707 (Overall: 0.9280, Change: 1.2636), TF Ratio: 0.945
[2026-06-15 19:06:43,538][root][INFO] - Epoch [1/5], Batch [275/300], Loss: 1.3705 (Overall: 1.0398, Change: 1.6074), TF Ratio: 0.945
[2026-06-15 19:06:43,693][root][INFO] - Epoch [1/5], Batch [276/300], Loss: 1.3699 (Overall: 1.0045, Change: 1.3810), TF Ratio: 0.945
[2026-06-15 19:06:43,846][root][INFO] - Epoch [1/5], Batch [277/300], Loss: 1.3701 (Overall: 1.2365, Change: 1.6053), TF Ratio: 0.945
[2026-06-15 19:06:43,998][root][INFO] - Epoch [1/5], Batch [278/300], Loss: 1.3699 (Overall: 0.9806, Change: 1.6775), TF Ratio: 0.944
[2026-06-15 19:06:44,151][root][INFO] - Epoch [1/5], Batch [279/300], Loss: 1.3697 (Overall: 0.9687, Change: 1.6403), TF Ratio: 0.944
[2026-06-15 19:06:55,390][root][INFO] - Epoch [1/5], Batch [280/300], Loss: 1.3693 (Overall: 0.8214, Change: 1.7316), TF Ratio: 0.944
[2026-06-15 19:06:55,545][root][INFO] - Epoch [1/5], Batch [281/300], Loss: 1.3693 (Overall: 1.1370, Change: 1.5872), TF Ratio: 0.944
[2026-06-15 19:06:55,697][root][INFO] - Epoch [1/5], Batch [282/300], Loss: 1.3692 (Overall: 0.9928, Change: 1.6876), TF Ratio: 0.944
[2026-06-15 19:06:55,849][root][INFO] - Epoch [1/5], Batch [283/300], Loss: 1.3688 (Overall: 0.8521, Change: 1.6799), TF Ratio: 0.943
[2026-06-15 19:06:56,010][root][INFO] - Epoch [1/5], Batch [284/300], Loss: 1.3679 (Overall: 0.8358, Change: 1.3564), TF Ratio: 0.943
[2026-06-15 19:06:56,163][root][INFO] - Epoch [1/5], Batch [285/300], Loss: 1.3674 (Overall: 0.9831, Change: 1.4558), TF Ratio: 0.943
[2026-06-15 19:06:56,315][root][INFO] - Epoch [1/5], Batch [286/300], Loss: 1.3673 (Overall: 1.1998, Change: 1.4727), TF Ratio: 0.943
[2026-06-15 19:06:56,467][root][INFO] - Epoch [1/5], Batch [287/300], Loss: 1.3659 (Overall: 0.9500, Change: 0.9858), TF Ratio: 0.943
[2026-06-15 19:07:07,248][root][INFO] - Epoch [1/5], Batch [288/300], Loss: 1.3651 (Overall: 0.9852, Change: 1.2883), TF Ratio: 0.942
[2026-06-15 19:07:07,403][root][INFO] - Epoch [1/5], Batch [289/300], Loss: 1.3639 (Overall: 0.6735, Change: 1.3686), TF Ratio: 0.942
[2026-06-15 19:07:07,556][root][INFO] - Epoch [1/5], Batch [290/300], Loss: 1.3626 (Overall: 1.0883, Change: 0.9192), TF Ratio: 0.942
[2026-06-15 19:07:07,708][root][INFO] - Epoch [1/5], Batch [291/300], Loss: 1.3618 (Overall: 0.8151, Change: 1.4332), TF Ratio: 0.942
[2026-06-15 19:07:07,862][root][INFO] - Epoch [1/5], Batch [292/300], Loss: 1.3608 (Overall: 0.8669, Change: 1.2565), TF Ratio: 0.942
[2026-06-15 19:07:08,016][root][INFO] - Epoch [1/5], Batch [293/300], Loss: 1.3600 (Overall: 0.7913, Change: 1.4782), TF Ratio: 0.941
[2026-06-15 19:07:08,168][root][INFO] - Epoch [1/5], Batch [294/300], Loss: 1.3598 (Overall: 0.9809, Change: 1.6287), TF Ratio: 0.941
[2026-06-15 19:07:08,320][root][INFO] - Epoch [1/5], Batch [295/300], Loss: 1.3591 (Overall: 0.9391, Change: 1.3443), TF Ratio: 0.941
[2026-06-15 19:07:19,528][root][INFO] - Epoch [1/5], Batch [296/300], Loss: 1.3594 (Overall: 1.1324, Change: 1.7732), TF Ratio: 0.941
[2026-06-15 19:07:19,682][root][INFO] - Epoch [1/5], Batch [297/300], Loss: 1.3581 (Overall: 0.7119, Change: 1.2342), TF Ratio: 0.941
[2026-06-15 19:07:19,835][root][INFO] - Epoch [1/5], Batch [298/300], Loss: 1.3577 (Overall: 0.9345, Change: 1.5554), TF Ratio: 0.940
[2026-06-15 19:07:19,988][root][INFO] - Epoch [1/5], Batch [299/300], Loss: 1.3570 (Overall: 0.8137, Change: 1.4666), TF Ratio: 0.940
[2026-06-15 19:07:20,154][root][INFO] - Epoch [1/5], Batch [300/300], Loss: 1.3580 (Overall: 1.6034, Change: 1.7045), TF Ratio: 0.940
[2026-06-15 19:07:32,785][root][INFO] - Epoch 1 done. Validating...
[2026-06-15 19:08:15,350][root][INFO] - Epoch [1/5] | Train: 1.3623 | Val: 0.8307
[2026-06-15 19:08:15,627][root][INFO] - Checkpoint saved: /gpfs/scratch/bsc32/bsc096444/ai4land-tfm/trained_models/unet_impl/41825128/best_model.pth
[2026-06-15 19:08:15,795][root][INFO] - Checkpoint saved: /gpfs/scratch/bsc32/bsc096444/ai4land-tfm/trained_models/unet_impl/41825128/model_epoch_1.pth
[2026-06-15 19:08:31,298][root][INFO] - Epoch [2/5], Batch [1/300], Loss: 1.1539 (Overall: 0.7783, Change: 1.5295), TF Ratio: 0.940
[2026-06-15 19:08:31,451][root][INFO] - Epoch [2/5], Batch [2/300], Loss: 1.1441 (Overall: 0.9480, Change: 1.3204), TF Ratio: 0.940
[2026-06-15 19:08:31,604][root][INFO] - Epoch [2/5], Batch [3/300], Loss: 1.1620 (Overall: 0.8119, Change: 1.5838), TF Ratio: 0.939
[2026-06-15 19:08:31,757][root][INFO] - Epoch [2/5], Batch [4/300], Loss: 1.1484 (Overall: 0.8434, Change: 1.3716), TF Ratio: 0.939
[2026-06-15 19:08:31,911][root][INFO] - Epoch [2/5], Batch [5/300], Loss: 1.1562 (Overall: 0.8312, Change: 1.5437), TF Ratio: 0.939
[2026-06-15 19:08:32,063][root][INFO] - Epoch [2/5], Batch [6/300], Loss: 1.1822 (Overall: 1.0043, Change: 1.6197), TF Ratio: 0.939
[2026-06-15 19:08:32,216][root][INFO] - Epoch [2/5], Batch [7/300], Loss: 1.1552 (Overall: 0.7211, Change: 1.2665), TF Ratio: 0.939
[2026-06-15 19:08:44,872][root][INFO] - Epoch [2/5], Batch [8/300], Loss: 1.1438 (Overall: 0.8376, Change: 1.2897), TF Ratio: 0.938
[2026-06-15 19:08:45,026][root][INFO] - Epoch [2/5], Batch [9/300], Loss: 1.1350 (Overall: 0.8040, Change: 1.3249), TF Ratio: 0.938
[2026-06-15 19:08:45,179][root][INFO] - Epoch [2/5], Batch [10/300], Loss: 1.1510 (Overall: 0.9256, Change: 1.6642), TF Ratio: 0.938
[2026-06-15 19:08:45,331][root][INFO] - Epoch [2/5], Batch [11/300], Loss: 1.1412 (Overall: 0.6693, Change: 1.4182), TF Ratio: 0.938
[2026-06-15 19:08:45,487][root][INFO] - Epoch [2/5], Batch [12/300], Loss: 1.1541 (Overall: 1.3375, Change: 1.2531), TF Ratio: 0.938
[2026-06-15 19:08:45,640][root][INFO] - Epoch [2/5], Batch [13/300], Loss: 1.1754 (Overall: 1.2517, Change: 1.6118), TF Ratio: 0.937
[2026-06-15 19:08:45,793][root][INFO] - Epoch [2/5], Batch [14/300], Loss: 1.1743 (Overall: 0.7033, Change: 1.6167), TF Ratio: 0.937
[2026-06-15 19:08:45,946][root][INFO] - Epoch [2/5], Batch [15/300], Loss: 1.1742 (Overall: 0.8318, Change: 1.5140), TF Ratio: 0.937
[2026-06-15 19:08:59,421][root][INFO] - Epoch [2/5], Batch [16/300], Loss: 1.1547 (Overall: 0.7282, Change: 0.9942), TF Ratio: 0.937
[2026-06-15 19:08:59,576][root][INFO] - Epoch [2/5], Batch [17/300], Loss: 1.1544 (Overall: 0.6993, Change: 1.6023), TF Ratio: 0.937
[2026-06-15 19:08:59,729][root][INFO] - Epoch [2/5], Batch [18/300], Loss: 1.1637 (Overall: 0.9264, Change: 1.7163), TF Ratio: 0.936
[2026-06-15 19:08:59,881][root][INFO] - Epoch [2/5], Batch [19/300], Loss: 1.1495 (Overall: 0.6907, Change: 1.0969), TF Ratio: 0.936
[2026-06-15 19:09:00,035][root][INFO] - Epoch [2/5], Batch [20/300], Loss: 1.1475 (Overall: 0.7741, Change: 1.4467), TF Ratio: 0.936
[2026-06-15 19:09:00,189][root][INFO] - Epoch [2/5], Batch [21/300], Loss: 1.1473 (Overall: 1.0973, Change: 1.1861), TF Ratio: 0.936
[2026-06-15 19:09:00,341][root][INFO] - Epoch [2/5], Batch [22/300], Loss: 1.1536 (Overall: 0.9385, Change: 1.6335), TF Ratio: 0.936
[2026-06-15 19:09:00,493][root][INFO] - Epoch [2/5], Batch [23/300], Loss: 1.1531 (Overall: 0.9699, Change: 1.3173), TF Ratio: 0.935
[2026-06-15 19:09:12,921][root][INFO] - Epoch [2/5], Batch [24/300], Loss: 1.1515 (Overall: 0.8518, Change: 1.3769), TF Ratio: 0.935
[2026-06-15 19:09:13,074][root][INFO] - Epoch [2/5], Batch [25/300], Loss: 1.1548 (Overall: 0.8957, Change: 1.5695), TF Ratio: 0.935
[2026-06-15 19:09:13,227][root][INFO] - Epoch [2/5], Batch [26/300], Loss: 1.1564 (Overall: 0.7189, Change: 1.6736), TF Ratio: 0.935
[2026-06-15 19:09:13,380][root][INFO] - Epoch [2/5], Batch [27/300], Loss: 1.1619 (Overall: 1.1214, Change: 1.4893), TF Ratio: 0.935
[2026-06-15 19:09:13,535][root][INFO] - Epoch [2/5], Batch [28/300], Loss: 1.1605 (Overall: 0.7882, Change: 1.4570), TF Ratio: 0.934
[2026-06-15 19:09:13,688][root][INFO] - Epoch [2/5], Batch [29/300], Loss: 1.1606 (Overall: 0.9089, Change: 1.4189), TF Ratio: 0.934
[2026-06-15 19:09:13,841][root][INFO] - Epoch [2/5], Batch [30/300], Loss: 1.1690 (Overall: 1.0187, Change: 1.8093), TF Ratio: 0.934
[2026-06-15 19:09:13,993][root][INFO] - Epoch [2/5], Batch [31/300], Loss: 1.1663 (Overall: 0.9470, Change: 1.2182), TF Ratio: 0.934
[2026-06-15 19:09:28,937][root][INFO] - Epoch [2/5], Batch [32/300], Loss: 1.1628 (Overall: 0.8461, Change: 1.2649), TF Ratio: 0.934
[2026-06-15 19:09:29,092][root][INFO] - Epoch [2/5], Batch [33/300], Loss: 1.1594 (Overall: 0.6746, Change: 1.4275), TF Ratio: 0.933
[2026-06-15 19:09:29,247][root][INFO] - Epoch [2/5], Batch [34/300], Loss: 1.1581 (Overall: 0.8947, Change: 1.3327), TF Ratio: 0.933
[2026-06-15 19:09:29,400][root][INFO] - Epoch [2/5], Batch [35/300], Loss: 1.1572 (Overall: 0.7380, Change: 1.5209), TF Ratio: 0.933
[2026-06-15 19:09:29,554][root][INFO] - Epoch [2/5], Batch [36/300], Loss: 1.1581 (Overall: 0.9817, Change: 1.3934), TF Ratio: 0.933
[2026-06-15 19:09:29,707][root][INFO] - Epoch [2/5], Batch [37/300], Loss: 1.1595 (Overall: 0.9075, Change: 1.5099), TF Ratio: 0.933
[2026-06-15 19:09:29,862][root][INFO] - Epoch [2/5], Batch [38/300], Loss: 1.1589 (Overall: 0.8037, Change: 1.4750), TF Ratio: 0.932
[2026-06-15 19:09:30,016][root][INFO] - Epoch [2/5], Batch [39/300], Loss: 1.1557 (Overall: 0.8509, Change: 1.2132), TF Ratio: 0.932
[2026-06-15 19:09:42,610][root][INFO] - Epoch [2/5], Batch [40/300], Loss: 1.1619 (Overall: 0.8366, Change: 1.9725), TF Ratio: 0.932
[2026-06-15 19:09:42,763][root][INFO] - Epoch [2/5], Batch [41/300], Loss: 1.1601 (Overall: 0.7679, Change: 1.4090), TF Ratio: 0.932
[2026-06-15 19:09:42,915][root][INFO] - Epoch [2/5], Batch [42/300], Loss: 1.1636 (Overall: 1.1929, Change: 1.4190), TF Ratio: 0.932
[2026-06-15 19:09:43,077][root][INFO] - Epoch [2/5], Batch [43/300], Loss: 1.1618 (Overall: 0.7453, Change: 1.4269), TF Ratio: 0.931
[2026-06-15 19:09:43,230][root][INFO] - Epoch [2/5], Batch [44/300], Loss: 1.1672 (Overall: 0.9766, Change: 1.8235), TF Ratio: 0.931
[2026-06-15 19:09:43,384][root][INFO] - Epoch [2/5], Batch [45/300], Loss: 1.1691 (Overall: 1.0795, Change: 1.4245), TF Ratio: 0.931
[2026-06-15 19:09:43,536][root][INFO] - Epoch [2/5], Batch [46/300], Loss: 1.1677 (Overall: 0.9115, Change: 1.2970), TF Ratio: 0.931
[2026-06-15 19:09:43,688][root][INFO] - Epoch [2/5], Batch [47/300], Loss: 1.1697 (Overall: 1.0399, Change: 1.4866), TF Ratio: 0.931
[2026-06-15 19:09:57,176][root][INFO] - Epoch [2/5], Batch [48/300], Loss: 1.1673 (Overall: 0.8008, Change: 1.3123), TF Ratio: 0.930
[2026-06-15 19:09:57,329][root][INFO] - Epoch [2/5], Batch [49/300], Loss: 1.1637 (Overall: 0.6681, Change: 1.3063), TF Ratio: 0.930
[2026-06-15 19:09:57,481][root][INFO] - Epoch [2/5], Batch [50/300], Loss: 1.1675 (Overall: 1.0033, Change: 1.7038), TF Ratio: 0.930
[2026-06-15 19:09:57,634][root][INFO] - Epoch [2/5], Batch [51/300], Loss: 1.1672 (Overall: 0.9210, Change: 1.3916), TF Ratio: 0.930
[2026-06-15 19:10:02,398][root][INFO] - Epoch [2/5], Batch [52/300], Loss: 1.1692 (Overall: 1.2699, Change: 1.2706), TF Ratio: 0.930
[2026-06-15 19:10:02,552][root][INFO] - Epoch [2/5], Batch [53/300], Loss: 1.1623 (Overall: 0.6120, Change: 0.9905), TF Ratio: 0.929
[2026-06-15 19:10:02,707][root][INFO] - Epoch [2/5], Batch [54/300], Loss: 1.1614 (Overall: 0.9314, Change: 1.2963), TF Ratio: 0.929
[2026-06-15 19:10:02,859][root][INFO] - Epoch [2/5], Batch [55/300], Loss: 1.1611 (Overall: 0.8653, Change: 1.4251), TF Ratio: 0.929
[2026-06-15 19:10:13,897][root][INFO] - Epoch [2/5], Batch [56/300], Loss: 1.1604 (Overall: 0.7630, Change: 1.4857), TF Ratio: 0.929
[2026-06-15 19:10:14,050][root][INFO] - Epoch [2/5], Batch [57/300], Loss: 1.1596 (Overall: 0.7976, Change: 1.4318), TF Ratio: 0.929
[2026-06-15 19:10:14,203][root][INFO] - Epoch [2/5], Batch [58/300], Loss: 1.1588 (Overall: 0.8340, Change: 1.3896), TF Ratio: 0.928
[2026-06-15 19:10:14,355][root][INFO] - Epoch [2/5], Batch [59/300], Loss: 1.1564 (Overall: 0.8598, Change: 1.1711), TF Ratio: 0.928
[2026-06-15 19:10:15,273][root][INFO] - Epoch [2/5], Batch [60/300], Loss: 1.1554 (Overall: 0.8870, Change: 1.3069), TF Ratio: 0.928
[2026-06-15 19:10:15,434][root][INFO] - Epoch [2/5], Batch [61/300], Loss: 1.1543 (Overall: 0.8323, Change: 1.3449), TF Ratio: 0.928
[2026-06-15 19:10:15,587][root][INFO] - Epoch [2/5], Batch [62/300], Loss: 1.1579 (Overall: 1.2577, Change: 1.5006), TF Ratio: 0.928
[2026-06-15 19:10:15,741][root][INFO] - Epoch [2/5], Batch [63/300], Loss: 1.1603 (Overall: 0.9970, Change: 1.6152), TF Ratio: 0.927
[2026-06-15 19:10:30,400][root][INFO] - Epoch [2/5], Batch [64/300], Loss: 1.1639 (Overall: 1.2304, Change: 1.5534), TF Ratio: 0.927
[2026-06-15 19:10:30,554][root][INFO] - Epoch [2/5], Batch [65/300], Loss: 1.1725 (Overall: 1.9414, Change: 1.5108), TF Ratio: 0.927
[2026-06-15 19:10:30,706][root][INFO] - Epoch [2/5], Batch [66/300], Loss: 1.1733 (Overall: 0.8937, Change: 1.5517), TF Ratio: 0.927
[2026-06-15 19:10:30,860][root][INFO] - Epoch [2/5], Batch [67/300], Loss: 1.1744 (Overall: 0.7671, Change: 1.7333), TF Ratio: 0.927
[2026-06-15 19:10:31,020][root][INFO] - Epoch [2/5], Batch [68/300], Loss: 1.1730 (Overall: 0.6804, Change: 1.4729), TF Ratio: 0.926
[2026-06-15 19:10:31,173][root][INFO] - Epoch [2/5], Batch [69/300], Loss: 1.1730 (Overall: 0.5946, Change: 1.7448), TF Ratio: 0.926
[2026-06-15 19:10:31,326][root][INFO] - Epoch [2/5], Batch [70/300], Loss: 1.1753 (Overall: 1.1886, Change: 1.4824), TF Ratio: 0.926
[2026-06-15 19:10:31,479][root][INFO] - Epoch [2/5], Batch [71/300], Loss: 1.1746 (Overall: 0.8104, Change: 1.4385), TF Ratio: 0.926
[2026-06-15 19:10:43,277][root][INFO] - Epoch [2/5], Batch [72/300], Loss: 1.1743 (Overall: 0.7715, Change: 1.5429), TF Ratio: 0.926
[2026-06-15 19:10:43,430][root][INFO] - Epoch [2/5], Batch [73/300], Loss: 1.1739 (Overall: 0.6881, Change: 1.5989), TF Ratio: 0.925
[2026-06-15 19:10:43,583][root][INFO] - Epoch [2/5], Batch [74/300], Loss: 1.1777 (Overall: 0.7917, Change: 2.1207), TF Ratio: 0.925
[2026-06-15 19:10:43,736][root][INFO] - Epoch [2/5], Batch [75/300], Loss: 1.1772 (Overall: 0.8661, Change: 1.4110), TF Ratio: 0.925
[2026-06-15 19:10:43,890][root][INFO] - Epoch [2/5], Batch [76/300], Loss: 1.1778 (Overall: 0.9412, Change: 1.4991), TF Ratio: 0.925
[2026-06-15 19:10:44,043][root][INFO] - Epoch [2/5], Batch [77/300], Loss: 1.1777 (Overall: 0.8263, Change: 1.5198), TF Ratio: 0.925
[2026-06-15 19:10:44,195][root][INFO] - Epoch [2/5], Batch [78/300], Loss: 1.1776 (Overall: 0.8903, Change: 1.4499), TF Ratio: 0.924
[2026-06-15 19:10:44,349][root][INFO] - Epoch [2/5], Batch [79/300], Loss: 1.1772 (Overall: 0.6387, Change: 1.6604), TF Ratio: 0.924
[2026-06-15 19:10:56,539][root][INFO] - Epoch [2/5], Batch [80/300], Loss: 1.1719 (Overall: 0.7785, Change: 0.7149), TF Ratio: 0.924
[2026-06-15 19:10:56,693][root][INFO] - Epoch [2/5], Batch [81/300], Loss: 1.1695 (Overall: 0.6990, Change: 1.2625), TF Ratio: 0.924
[2026-06-15 19:10:56,846][root][INFO] - Epoch [2/5], Batch [82/300], Loss: 1.1701 (Overall: 0.9492, Change: 1.4918), TF Ratio: 0.924
[2026-06-15 19:10:56,999][root][INFO] - Epoch [2/5], Batch [83/300], Loss: 1.1713 (Overall: 1.0665, Change: 1.4613), TF Ratio: 0.923
[2026-06-15 19:10:57,169][root][INFO] - Epoch [2/5], Batch [84/300], Loss: 1.1708 (Overall: 0.8288, Change: 1.4434), TF Ratio: 0.923
[2026-06-15 19:10:57,323][root][INFO] - Epoch [2/5], Batch [85/300], Loss: 1.1699 (Overall: 0.8238, Change: 1.3613), TF Ratio: 0.923
[2026-06-15 19:10:57,476][root][INFO] - Epoch [2/5], Batch [86/300], Loss: 1.1707 (Overall: 0.8259, Change: 1.6525), TF Ratio: 0.923
[2026-06-15 19:10:57,628][root][INFO] - Epoch [2/5], Batch [87/300], Loss: 1.1723 (Overall: 1.0670, Change: 1.5503), TF Ratio: 0.923
[2026-06-15 19:11:09,178][root][INFO] - Epoch [2/5], Batch [88/300], Loss: 1.1741 (Overall: 0.9310, Change: 1.7271), TF Ratio: 0.922
[2026-06-15 19:11:09,331][root][INFO] - Epoch [2/5], Batch [89/300], Loss: 1.1723 (Overall: 0.8770, Change: 1.1460), TF Ratio: 0.922
[2026-06-15 19:11:09,484][root][INFO] - Epoch [2/5], Batch [90/300], Loss: 1.1744 (Overall: 1.1815, Change: 1.5513), TF Ratio: 0.922
[2026-06-15 19:11:09,636][root][INFO] - Epoch [2/5], Batch [91/300], Loss: 1.1737 (Overall: 0.7565, Change: 1.4566), TF Ratio: 0.922
[2026-06-15 19:11:09,791][root][INFO] - Epoch [2/5], Batch [92/300], Loss: 1.1756 (Overall: 1.1264, Change: 1.5660), TF Ratio: 0.922
[2026-06-15 19:11:09,944][root][INFO] - Epoch [2/5], Batch [93/300], Loss: 1.1754 (Overall: 0.8025, Change: 1.5246), TF Ratio: 0.921
[2026-06-15 19:11:10,097][root][INFO] - Epoch [2/5], Batch [94/300], Loss: 1.1748 (Overall: 0.7622, Change: 1.4628), TF Ratio: 0.921
[2026-06-15 19:11:10,249][root][INFO] - Epoch [2/5], Batch [95/300], Loss: 1.1744 (Overall: 0.7642, Change: 1.5272), TF Ratio: 0.921
[2026-06-15 19:11:24,349][root][INFO] - Epoch [2/5], Batch [96/300], Loss: 1.1730 (Overall: 0.6918, Change: 1.3706), TF Ratio: 0.921
[2026-06-15 19:11:24,503][root][INFO] - Epoch [2/5], Batch [97/300], Loss: 1.1704 (Overall: 0.6444, Change: 1.1985), TF Ratio: 0.921
[2026-06-15 19:11:24,656][root][INFO] - Epoch [2/5], Batch [98/300], Loss: 1.1684 (Overall: 0.7889, Change: 1.1673), TF Ratio: 0.920
[2026-06-15 19:11:24,808][root][INFO] - Epoch [2/5], Batch [99/300], Loss: 1.1681 (Overall: 0.8107, Change: 1.4702), TF Ratio: 0.920
[2026-06-15 19:11:24,963][root][INFO] - Epoch [2/5], Batch [100/300], Loss: 1.1672 (Overall: 0.7829, Change: 1.3612), TF Ratio: 0.920
[2026-06-15 19:11:25,116][root][INFO] - Epoch [2/5], Batch [101/300], Loss: 1.1674 (Overall: 0.8049, Change: 1.5881), TF Ratio: 0.920
[2026-06-15 19:11:25,268][root][INFO] - Epoch [2/5], Batch [102/300], Loss: 1.1675 (Overall: 0.8841, Change: 1.4654), TF Ratio: 0.920
[2026-06-15 19:11:25,420][root][INFO] - Epoch [2/5], Batch [103/300], Loss: 1.1670 (Overall: 0.8276, Change: 1.4049), TF Ratio: 0.919
[2026-06-15 19:11:36,834][root][INFO] - Epoch [2/5], Batch [104/300], Loss: 1.1664 (Overall: 0.7520, Change: 1.4496), TF Ratio: 0.919
[2026-06-15 19:11:36,988][root][INFO] - Epoch [2/5], Batch [105/300], Loss: 1.1724 (Overall: 1.7378, Change: 1.8631), TF Ratio: 0.919
[2026-06-15 19:11:37,140][root][INFO] - Epoch [2/5], Batch [106/300], Loss: 1.1717 (Overall: 1.0023, Change: 1.1893), TF Ratio: 0.919
[2026-06-15 19:11:37,293][root][INFO] - Epoch [2/5], Batch [107/300], Loss: 1.1713 (Overall: 0.7219, Change: 1.5316), TF Ratio: 0.919
[2026-06-15 19:11:37,449][root][INFO] - Epoch [2/5], Batch [108/300], Loss: 1.1735 (Overall: 1.3329, Change: 1.4827), TF Ratio: 0.918
[2026-06-15 19:11:37,603][root][INFO] - Epoch [2/5], Batch [109/300], Loss: 1.1727 (Overall: 0.6673, Change: 1.5034), TF Ratio: 0.918
[2026-06-15 19:11:37,755][root][INFO] - Epoch [2/5], Batch [110/300], Loss: 1.1717 (Overall: 0.7835, Change: 1.3583), TF Ratio: 0.918
[2026-06-15 19:11:37,908][root][INFO] - Epoch [2/5], Batch [111/300], Loss: 1.1714 (Overall: 0.7156, Change: 1.5590), TF Ratio: 0.918
[2026-06-15 19:11:48,718][root][INFO] - Epoch [2/5], Batch [112/300], Loss: 1.1699 (Overall: 0.6635, Change: 1.3457), TF Ratio: 0.918
[2026-06-15 19:11:48,871][root][INFO] - Epoch [2/5], Batch [113/300], Loss: 1.1709 (Overall: 0.9712, Change: 1.5950), TF Ratio: 0.917
[2026-06-15 19:11:49,023][root][INFO] - Epoch [2/5], Batch [114/300], Loss: 1.1730 (Overall: 0.9160, Change: 1.8947), TF Ratio: 0.917
[2026-06-15 19:11:49,176][root][INFO] - Epoch [2/5], Batch [115/300], Loss: 1.1736 (Overall: 0.6328, Change: 1.8590), TF Ratio: 0.917
[2026-06-15 19:11:49,334][root][INFO] - Epoch [2/5], Batch [116/300], Loss: 1.1755 (Overall: 1.0196, Change: 1.7663), TF Ratio: 0.917
[2026-06-15 19:11:49,487][root][INFO] - Epoch [2/5], Batch [117/300], Loss: 1.1765 (Overall: 0.9183, Change: 1.6681), TF Ratio: 0.917
[2026-06-15 19:11:49,673][root][INFO] - Epoch [2/5], Batch [118/300], Loss: 1.1768 (Overall: 0.9033, Change: 1.5125), TF Ratio: 0.916
[2026-06-15 19:11:49,827][root][INFO] - Epoch [2/5], Batch [119/300], Loss: 1.1771 (Overall: 0.7375, Change: 1.7011), TF Ratio: 0.916
[2026-06-15 19:12:03,195][root][INFO] - Epoch [2/5], Batch [120/300], Loss: 1.1778 (Overall: 0.9270, Change: 1.5936), TF Ratio: 0.916
[2026-06-15 19:12:03,348][root][INFO] - Epoch [2/5], Batch [121/300], Loss: 1.1779 (Overall: 1.1739, Change: 1.2039), TF Ratio: 0.916
[2026-06-15 19:12:03,500][root][INFO] - Epoch [2/5], Batch [122/300], Loss: 1.1781 (Overall: 0.9565, Change: 1.4430), TF Ratio: 0.916
[2026-06-15 19:12:03,653][root][INFO] - Epoch [2/5], Batch [123/300], Loss: 1.1765 (Overall: 0.8077, Change: 1.1449), TF Ratio: 0.915
[2026-06-15 19:12:03,817][root][INFO] - Epoch [2/5], Batch [124/300], Loss: 1.1743 (Overall: 0.7227, Change: 1.0953), TF Ratio: 0.915
[2026-06-15 19:12:03,971][root][INFO] - Epoch [2/5], Batch [125/300], Loss: 1.1733 (Overall: 0.7264, Change: 1.3574), TF Ratio: 0.915
[2026-06-15 19:12:04,125][root][INFO] - Epoch [2/5], Batch [126/300], Loss: 1.1721 (Overall: 0.7521, Change: 1.3002), TF Ratio: 0.915
[2026-06-15 19:12:04,279][root][INFO] - Epoch [2/5], Batch [127/300], Loss: 1.1719 (Overall: 0.8376, Change: 1.4670), TF Ratio: 0.915
[2026-06-15 19:12:16,343][root][INFO] - Epoch [2/5], Batch [128/300], Loss: 1.1719 (Overall: 0.8984, Change: 1.4327), TF Ratio: 0.914
[2026-06-15 19:12:16,496][root][INFO] - Epoch [2/5], Batch [129/300], Loss: 1.1720 (Overall: 0.8557, Change: 1.5182), TF Ratio: 0.914
[2026-06-15 19:12:16,648][root][INFO] - Epoch [2/5], Batch [130/300], Loss: 1.1714 (Overall: 0.8671, Change: 1.3240), TF Ratio: 0.914
[2026-06-15 19:12:16,801][root][INFO] - Epoch [2/5], Batch [131/300], Loss: 1.1718 (Overall: 0.8376, Change: 1.5976), TF Ratio: 0.914
[2026-06-15 19:12:16,974][root][INFO] - Epoch [2/5], Batch [132/300], Loss: 1.1720 (Overall: 1.0011, Change: 1.3991), TF Ratio: 0.914
[2026-06-15 19:12:17,132][root][INFO] - Epoch [2/5], Batch [133/300], Loss: 1.1718 (Overall: 0.5691, Change: 1.7151), TF Ratio: 0.913
[2026-06-15 19:12:17,285][root][INFO] - Epoch [2/5], Batch [134/300], Loss: 1.1716 (Overall: 0.6840, Change: 1.6136), TF Ratio: 0.913
[2026-06-15 19:12:17,437][root][INFO] - Epoch [2/5], Batch [135/300], Loss: 1.1711 (Overall: 0.8658, Change: 1.3575), TF Ratio: 0.913
[2026-06-15 19:12:29,515][root][INFO] - Epoch [2/5], Batch [136/300], Loss: 1.1710 (Overall: 0.7672, Change: 1.5410), TF Ratio: 0.913
[2026-06-15 19:12:29,669][root][INFO] - Epoch [2/5], Batch [137/300], Loss: 1.1694 (Overall: 0.6572, Change: 1.2486), TF Ratio: 0.913
[2026-06-15 19:12:29,821][root][INFO] - Epoch [2/5], Batch [138/300], Loss: 1.1684 (Overall: 0.6296, Change: 1.4191), TF Ratio: 0.912
[2026-06-15 19:12:29,974][root][INFO] - Epoch [2/5], Batch [139/300], Loss: 1.1681 (Overall: 0.6885, Change: 1.5833), TF Ratio: 0.912
[2026-06-15 19:12:30,129][root][INFO] - Epoch [2/5], Batch [140/300], Loss: 1.1673 (Overall: 0.6055, Change: 1.4989), TF Ratio: 0.912
[2026-06-15 19:12:30,282][root][INFO] - Epoch [2/5], Batch [141/300], Loss: 1.1672 (Overall: 0.8076, Change: 1.5002), TF Ratio: 0.912
[2026-06-15 19:12:30,434][root][INFO] - Epoch [2/5], Batch [142/300], Loss: 1.1670 (Overall: 0.7823, Change: 1.4897), TF Ratio: 0.912
[2026-06-15 19:12:30,586][root][INFO] - Epoch [2/5], Batch [143/300], Loss: 1.1665 (Overall: 0.7354, Change: 1.4572), TF Ratio: 0.911
[2026-06-15 19:12:42,294][root][INFO] - Epoch [2/5], Batch [144/300], Loss: 1.1656 (Overall: 0.8253, Change: 1.2492), TF Ratio: 0.911
[2026-06-15 19:12:42,449][root][INFO] - Epoch [2/5], Batch [145/300], Loss: 1.1656 (Overall: 0.9881, Change: 1.3518), TF Ratio: 0.911
[2026-06-15 19:12:42,603][root][INFO] - Epoch [2/5], Batch [146/300], Loss: 1.1654 (Overall: 0.8079, Change: 1.4624), TF Ratio: 0.911
[2026-06-15 19:12:42,756][root][INFO] - Epoch [2/5], Batch [147/300], Loss: 1.1669 (Overall: 1.2223, Change: 1.5336), TF Ratio: 0.911
[2026-06-15 19:12:42,910][root][INFO] - Epoch [2/5], Batch [148/300], Loss: 1.1665 (Overall: 0.6606, Change: 1.5680), TF Ratio: 0.910
[2026-06-15 19:12:43,063][root][INFO] - Epoch [2/5], Batch [149/300], Loss: 1.1661 (Overall: 0.9883, Change: 1.2334), TF Ratio: 0.910
[2026-06-15 19:12:43,216][root][INFO] - Epoch [2/5], Batch [150/300], Loss: 1.1661 (Overall: 0.8648, Change: 1.4662), TF Ratio: 0.910
[2026-06-15 19:12:43,368][root][INFO] - Epoch [2/5], Batch [151/300], Loss: 1.1666 (Overall: 1.0796, Change: 1.4078), TF Ratio: 0.910
[2026-06-15 19:12:57,108][root][INFO] - Epoch [2/5], Batch [152/300], Loss: 1.1667 (Overall: 0.7743, Change: 1.5625), TF Ratio: 0.910
[2026-06-15 19:12:57,271][root][INFO] - Epoch [2/5], Batch [153/300], Loss: 1.1661 (Overall: 1.1262, Change: 1.0348), TF Ratio: 0.909
[2026-06-15 19:12:57,423][root][INFO] - Epoch [2/5], Batch [154/300], Loss: 1.1675 (Overall: 1.1213, Change: 1.6340), TF Ratio: 0.909
[2026-06-15 19:12:57,577][root][INFO] - Epoch [2/5], Batch [155/300], Loss: 1.1676 (Overall: 0.7202, Change: 1.6666), TF Ratio: 0.909
[2026-06-15 19:12:58,771][root][INFO] - Epoch [2/5], Batch [156/300], Loss: 1.1676 (Overall: 0.8064, Change: 1.5112), TF Ratio: 0.909
[2026-06-15 19:12:58,925][root][INFO] - Epoch [2/5], Batch [157/300], Loss: 1.1677 (Overall: 1.0442, Change: 1.3382), TF Ratio: 0.909
[2026-06-15 19:12:59,079][root][INFO] - Epoch [2/5], Batch [158/300], Loss: 1.1677 (Overall: 0.8056, Change: 1.5103), TF Ratio: 0.908
[2026-06-15 19:12:59,232][root][INFO] - Epoch [2/5], Batch [159/300], Loss: 1.1677 (Overall: 0.9305, Change: 1.4245), TF Ratio: 0.908
[2026-06-15 19:13:09,982][root][INFO] - Epoch [2/5], Batch [160/300], Loss: 1.1670 (Overall: 0.9206, Change: 1.1842), TF Ratio: 0.908
[2026-06-15 19:13:10,134][root][INFO] - Epoch [2/5], Batch [161/300], Loss: 1.1677 (Overall: 0.9574, Change: 1.5925), TF Ratio: 0.908
[2026-06-15 19:13:10,291][root][INFO] - Epoch [2/5], Batch [162/300], Loss: 1.1686 (Overall: 1.1121, Change: 1.5278), TF Ratio: 0.908
[2026-06-15 19:13:10,443][root][INFO] - Epoch [2/5], Batch [163/300], Loss: 1.1666 (Overall: 0.6357, Change: 1.0317), TF Ratio: 0.907
[2026-06-15 19:13:12,123][root][INFO] - Epoch [2/5], Batch [164/300], Loss: 1.1671 (Overall: 0.8602, Change: 1.6353), TF Ratio: 0.907
[2026-06-15 19:13:12,279][root][INFO] - Epoch [2/5], Batch [165/300], Loss: 1.1669 (Overall: 0.8656, Change: 1.4200), TF Ratio: 0.907
[2026-06-15 19:13:12,432][root][INFO] - Epoch [2/5], Batch [166/300], Loss: 1.1662 (Overall: 0.6609, Change: 1.4410), TF Ratio: 0.907
[2026-06-15 19:13:12,586][root][INFO] - Epoch [2/5], Batch [167/300], Loss: 1.1663 (Overall: 0.6699, Change: 1.7062), TF Ratio: 0.907
[2026-06-15 19:13:23,260][root][INFO] - Epoch [2/5], Batch [168/300], Loss: 1.1666 (Overall: 0.9203, Change: 1.4927), TF Ratio: 0.906
[2026-06-15 19:13:23,413][root][INFO] - Epoch [2/5], Batch [169/300], Loss: 1.1674 (Overall: 0.9652, Change: 1.6501), TF Ratio: 0.906
[2026-06-15 19:13:23,565][root][INFO] - Epoch [2/5], Batch [170/300], Loss: 1.1672 (Overall: 0.9155, Change: 1.3319), TF Ratio: 0.906
[2026-06-15 19:13:23,719][root][INFO] - Epoch [2/5], Batch [171/300], Loss: 1.1669 (Overall: 0.6910, Change: 1.5477), TF Ratio: 0.906
[2026-06-15 19:13:24,973][root][INFO] - Epoch [2/5], Batch [172/300], Loss: 1.1664 (Overall: 0.8508, Change: 1.3097), TF Ratio: 0.906
[2026-06-15 19:13:25,125][root][INFO] - Epoch [2/5], Batch [173/300], Loss: 1.1653 (Overall: 0.7710, Change: 1.1963), TF Ratio: 0.905
[2026-06-15 19:13:25,278][root][INFO] - Epoch [2/5], Batch [174/300], Loss: 1.1663 (Overall: 1.0690, Change: 1.6035), TF Ratio: 0.905
[2026-06-15 19:13:25,431][root][INFO] - Epoch [2/5], Batch [175/300], Loss: 1.1634 (Overall: 0.5934, Change: 0.7108), TF Ratio: 0.905
[2026-06-15 19:13:38,249][root][INFO] - Epoch [2/5], Batch [176/300], Loss: 1.1628 (Overall: 0.8175, Change: 1.3152), TF Ratio: 0.905
[2026-06-15 19:13:38,403][root][INFO] - Epoch [2/5], Batch [177/300], Loss: 1.1634 (Overall: 0.9012, Change: 1.6393), TF Ratio: 0.905
[2026-06-15 19:13:38,556][root][INFO] - Epoch [2/5], Batch [178/300], Loss: 1.1634 (Overall: 0.8592, Change: 1.4482), TF Ratio: 0.904
[2026-06-15 19:13:38,708][root][INFO] - Epoch [2/5], Batch [179/300], Loss: 1.1621 (Overall: 0.6891, Change: 1.1803), TF Ratio: 0.904
[2026-06-15 19:13:39,383][root][INFO] - Epoch [2/5], Batch [180/300], Loss: 1.1607 (Overall: 0.6422, Change: 1.1836), TF Ratio: 0.904
[2026-06-15 19:13:39,536][root][INFO] - Epoch [2/5], Batch [181/300], Loss: 1.1604 (Overall: 0.8769, Change: 1.3232), TF Ratio: 0.904
[2026-06-15 19:13:39,689][root][INFO] - Epoch [2/5], Batch [182/300], Loss: 1.1602 (Overall: 1.0094, Change: 1.2429), TF Ratio: 0.904
[2026-06-15 19:13:39,842][root][INFO] - Epoch [2/5], Batch [183/300], Loss: 1.1599 (Overall: 0.9212, Change: 1.3003), TF Ratio: 0.903
[2026-06-15 19:13:55,839][root][INFO] - Epoch [2/5], Batch [184/300], Loss: 1.1583 (Overall: 0.7012, Change: 1.0274), TF Ratio: 0.903
[2026-06-15 19:13:55,992][root][INFO] - Epoch [2/5], Batch [185/300], Loss: 1.1571 (Overall: 0.5956, Change: 1.2853), TF Ratio: 0.903
[2026-06-15 19:13:56,145][root][INFO] - Epoch [2/5], Batch [186/300], Loss: 1.1575 (Overall: 0.8842, Change: 1.5865), TF Ratio: 0.903
[2026-06-15 19:13:56,297][root][INFO] - Epoch [2/5], Batch [187/300], Loss: 1.1565 (Overall: 0.9036, Change: 1.0225), TF Ratio: 0.903
[2026-06-15 19:13:57,675][root][INFO] - Epoch [2/5], Batch [188/300], Loss: 1.1555 (Overall: 0.6376, Change: 1.3074), TF Ratio: 0.902
[2026-06-15 19:13:57,829][root][INFO] - Epoch [2/5], Batch [189/300], Loss: 1.1554 (Overall: 0.9805, Change: 1.2907), TF Ratio: 0.902
[2026-06-15 19:13:57,981][root][INFO] - Epoch [2/5], Batch [190/300], Loss: 1.1547 (Overall: 0.8147, Change: 1.2336), TF Ratio: 0.902
[2026-06-15 19:13:58,134][root][INFO] - Epoch [2/5], Batch [191/300], Loss: 1.1530 (Overall: 0.5575, Change: 1.0771), TF Ratio: 0.902
[2026-06-15 19:14:08,471][root][INFO] - Epoch [2/5], Batch [192/300], Loss: 1.1518 (Overall: 0.5733, Change: 1.2913), TF Ratio: 0.902
[2026-06-15 19:14:08,624][root][INFO] - Epoch [2/5], Batch [193/300], Loss: 1.1510 (Overall: 0.7642, Change: 1.2239), TF Ratio: 0.901
[2026-06-15 19:14:08,776][root][INFO] - Epoch [2/5], Batch [194/300], Loss: 1.1507 (Overall: 0.8317, Change: 1.3632), TF Ratio: 0.901
[2026-06-15 19:14:08,928][root][INFO] - Epoch [2/5], Batch [195/300], Loss: 1.1506 (Overall: 1.0473, Change: 1.2211), TF Ratio: 0.901
[2026-06-15 19:14:10,029][root][INFO] - Epoch [2/5], Batch [196/300], Loss: 1.1511 (Overall: 0.9548, Change: 1.5447), TF Ratio: 0.901
[2026-06-15 19:14:10,183][root][INFO] - Epoch [2/5], Batch [197/300], Loss: 1.1503 (Overall: 0.7466, Change: 1.2154), TF Ratio: 0.901
[2026-06-15 19:14:10,336][root][INFO] - Epoch [2/5], Batch [198/300], Loss: 1.1519 (Overall: 1.3559, Change: 1.5796), TF Ratio: 0.900
[2026-06-15 19:14:10,488][root][INFO] - Epoch [2/5], Batch [199/300], Loss: 1.1512 (Overall: 0.8043, Change: 1.2399), TF Ratio: 0.900
[2026-06-15 19:14:24,572][root][INFO] - Epoch [2/5], Batch [200/300], Loss: 1.1507 (Overall: 0.8784, Change: 1.2180), TF Ratio: 0.900
[2026-06-15 19:14:24,725][root][INFO] - Epoch [2/5], Batch [201/300], Loss: 1.1508 (Overall: 0.7906, Change: 1.5436), TF Ratio: 0.900
[2026-06-15 19:14:24,878][root][INFO] - Epoch [2/5], Batch [202/300], Loss: 1.1506 (Overall: 0.8553, Change: 1.3547), TF Ratio: 0.900
[2026-06-15 19:14:25,030][root][INFO] - Epoch [2/5], Batch [203/300], Loss: 1.1516 (Overall: 1.2285, Change: 1.4789), TF Ratio: 0.899
[2026-06-15 19:14:25,186][root][INFO] - Epoch [2/5], Batch [204/300], Loss: 1.1516 (Overall: 0.8421, Change: 1.4891), TF Ratio: 0.899
[2026-06-15 19:14:25,339][root][INFO] - Epoch [2/5], Batch [205/300], Loss: 1.1524 (Overall: 1.1469, Change: 1.4542), TF Ratio: 0.899
[2026-06-15 19:14:25,491][root][INFO] - Epoch [2/5], Batch [206/300], Loss: 1.1538 (Overall: 0.9233, Change: 1.9696), TF Ratio: 0.899
[2026-06-15 19:14:25,644][root][INFO] - Epoch [2/5], Batch [207/300], Loss: 1.1544 (Overall: 0.8920, Change: 1.6537), TF Ratio: 0.899
[2026-06-15 19:14:36,281][root][INFO] - Epoch [2/5], Batch [208/300], Loss: 1.1552 (Overall: 0.9647, Change: 1.6725), TF Ratio: 0.898
[2026-06-15 19:14:36,434][root][INFO] - Epoch [2/5], Batch [209/300], Loss: 1.1554 (Overall: 1.1370, Change: 1.2733), TF Ratio: 0.898
[2026-06-15 19:14:36,587][root][INFO] - Epoch [2/5], Batch [210/300], Loss: 1.1555 (Overall: 0.9010, Change: 1.4486), TF Ratio: 0.898
[2026-06-15 19:14:36,740][root][INFO] - Epoch [2/5], Batch [211/300], Loss: 1.1563 (Overall: 1.1910, Change: 1.4691), TF Ratio: 0.898
[2026-06-15 19:14:36,896][root][INFO] - Epoch [2/5], Batch [212/300], Loss: 1.1587 (Overall: 0.7785, Change: 2.5491), TF Ratio: 0.898
[2026-06-15 19:14:37,050][root][INFO] - Epoch [2/5], Batch [213/300], Loss: 1.1579 (Overall: 0.7611, Change: 1.2293), TF Ratio: 0.897
[2026-06-15 19:14:37,203][root][INFO] - Epoch [2/5], Batch [214/300], Loss: 1.1575 (Overall: 0.7681, Change: 1.3654), TF Ratio: 0.897
[2026-06-15 19:14:37,356][root][INFO] - Epoch [2/5], Batch [215/300], Loss: 1.1572 (Overall: 0.7270, Change: 1.4576), TF Ratio: 0.897
[2026-06-15 19:14:53,670][root][INFO] - Epoch [2/5], Batch [216/300], Loss: 1.1573 (Overall: 0.7591, Change: 1.6116), TF Ratio: 0.897
[2026-06-15 19:14:53,822][root][INFO] - Epoch [2/5], Batch [217/300], Loss: 1.1584 (Overall: 1.1475, Change: 1.6352), TF Ratio: 0.897
[2026-06-15 19:14:53,974][root][INFO] - Epoch [2/5], Batch [218/300], Loss: 1.1583 (Overall: 0.7985, Change: 1.4858), TF Ratio: 0.896
[2026-06-15 19:14:54,126][root][INFO] - Epoch [2/5], Batch [219/300], Loss: 1.1584 (Overall: 0.9121, Change: 1.4339), TF Ratio: 0.896
[2026-06-15 19:14:54,281][root][INFO] - Epoch [2/5], Batch [220/300], Loss: 1.1600 (Overall: 1.3878, Change: 1.6065), TF Ratio: 0.896
[2026-06-15 19:14:54,434][root][INFO] - Epoch [2/5], Batch [221/300], Loss: 1.1591 (Overall: 0.9395, Change: 1.0226), TF Ratio: 0.896
[2026-06-15 19:14:54,586][root][INFO] - Epoch [2/5], Batch [222/300], Loss: 1.1592 (Overall: 0.8133, Change: 1.5242), TF Ratio: 0.896
[2026-06-15 19:14:54,738][root][INFO] - Epoch [2/5], Batch [223/300], Loss: 1.1588 (Overall: 0.8322, Change: 1.3326), TF Ratio: 0.895
[2026-06-15 19:15:05,337][root][INFO] - Epoch [2/5], Batch [224/300], Loss: 1.1586 (Overall: 0.8031, Change: 1.4083), TF Ratio: 0.895
[2026-06-15 19:15:05,491][root][INFO] - Epoch [2/5], Batch [225/300], Loss: 1.1595 (Overall: 0.9463, Change: 1.7630), TF Ratio: 0.895
[2026-06-15 19:15:05,643][root][INFO] - Epoch [2/5], Batch [226/300], Loss: 1.1587 (Overall: 0.7385, Change: 1.2450), TF Ratio: 0.895
[2026-06-15 19:15:05,797][root][INFO] - Epoch [2/5], Batch [227/300], Loss: 1.1585 (Overall: 0.7326, Change: 1.4659), TF Ratio: 0.895
[2026-06-15 19:15:05,958][root][INFO] - Epoch [2/5], Batch [228/300], Loss: 1.1585 (Overall: 0.8100, Change: 1.5345), TF Ratio: 0.894
[2026-06-15 19:15:06,112][root][INFO] - Epoch [2/5], Batch [229/300], Loss: 1.1587 (Overall: 0.8817, Change: 1.5278), TF Ratio: 0.894
[2026-06-15 19:15:06,273][root][INFO] - Epoch [2/5], Batch [230/300], Loss: 1.1590 (Overall: 0.8065, Change: 1.6310), TF Ratio: 0.894
[2026-06-15 19:15:06,427][root][INFO] - Epoch [2/5], Batch [231/300], Loss: 1.1603 (Overall: 1.4829, Change: 1.4594), TF Ratio: 0.894
[2026-06-15 19:15:17,504][root][INFO] - Epoch [2/5], Batch [232/300], Loss: 1.1603 (Overall: 0.8853, Change: 1.4357), TF Ratio: 0.894
[2026-06-15 19:15:17,658][root][INFO] - Epoch [2/5], Batch [233/300], Loss: 1.1603 (Overall: 0.6525, Change: 1.6559), TF Ratio: 0.893
[2026-06-15 19:15:17,811][root][INFO] - Epoch [2/5], Batch [234/300], Loss: 1.1609 (Overall: 1.0910, Change: 1.4997), TF Ratio: 0.893
[2026-06-15 19:15:17,965][root][INFO] - Epoch [2/5], Batch [235/300], Loss: 1.1597 (Overall: 0.6764, Change: 1.0879), TF Ratio: 0.893
[2026-06-15 19:15:18,125][root][INFO] - Epoch [2/5], Batch [236/300], Loss: 1.1617 (Overall: 0.8800, Change: 2.3742), TF Ratio: 0.893
[2026-06-15 19:15:18,278][root][INFO] - Epoch [2/5], Batch [237/300], Loss: 1.1618 (Overall: 0.7818, Change: 1.5950), TF Ratio: 0.893
[2026-06-15 19:15:18,432][root][INFO] - Epoch [2/5], Batch [238/300], Loss: 1.1623 (Overall: 0.6724, Change: 1.8701), TF Ratio: 0.892
[2026-06-15 19:15:18,585][root][INFO] - Epoch [2/5], Batch [239/300], Loss: 1.1604 (Overall: 0.5601, Change: 0.8873), TF Ratio: 0.892
[2026-06-15 19:15:30,267][root][INFO] - Epoch [2/5], Batch [240/300], Loss: 1.1602 (Overall: 0.7384, Change: 1.4654), TF Ratio: 0.892
[2026-06-15 19:15:30,421][root][INFO] - Epoch [2/5], Batch [241/300], Loss: 1.1598 (Overall: 0.6541, Change: 1.4579), TF Ratio: 0.892
[2026-06-15 19:15:30,574][root][INFO] - Epoch [2/5], Batch [242/300], Loss: 1.1610 (Overall: 0.6780, Change: 2.2496), TF Ratio: 0.892
[2026-06-15 19:15:30,728][root][INFO] - Epoch [2/5], Batch [243/300], Loss: 1.1605 (Overall: 0.6004, Change: 1.4779), TF Ratio: 0.891
[2026-06-15 19:15:30,882][root][INFO] - Epoch [2/5], Batch [244/300], Loss: 1.1594 (Overall: 0.6476, Change: 1.1181), TF Ratio: 0.891
[2026-06-15 19:15:31,036][root][INFO] - Epoch [2/5], Batch [245/300], Loss: 1.1589 (Overall: 0.7254, Change: 1.3493), TF Ratio: 0.891
[2026-06-15 19:15:31,188][root][INFO] - Epoch [2/5], Batch [246/300], Loss: 1.1586 (Overall: 0.9939, Change: 1.1951), TF Ratio: 0.891
[2026-06-15 19:15:31,341][root][INFO] - Epoch [2/5], Batch [247/300], Loss: 1.1585 (Overall: 0.9002, Change: 1.3791), TF Ratio: 0.891
[2026-06-15 19:15:42,408][root][INFO] - Epoch [2/5], Batch [248/300], Loss: 1.1584 (Overall: 0.8545, Change: 1.3826), TF Ratio: 0.890
[2026-06-15 19:15:42,562][root][INFO] - Epoch [2/5], Batch [249/300], Loss: 1.1584 (Overall: 0.8252, Change: 1.5245), TF Ratio: 0.890
[2026-06-15 19:15:42,714][root][INFO] - Epoch [2/5], Batch [250/300], Loss: 1.1587 (Overall: 1.0260, Change: 1.4307), TF Ratio: 0.890
[2026-06-15 19:15:42,867][root][INFO] - Epoch [2/5], Batch [251/300], Loss: 1.1580 (Overall: 0.6840, Change: 1.2483), TF Ratio: 0.890
[2026-06-15 19:15:43,021][root][INFO] - Epoch [2/5], Batch [252/300], Loss: 1.1569 (Overall: 0.7105, Change: 1.0783), TF Ratio: 0.890
[2026-06-15 19:15:43,177][root][INFO] - Epoch [2/5], Batch [253/300], Loss: 1.1570 (Overall: 0.7028, Change: 1.6357), TF Ratio: 0.889
[2026-06-15 19:15:43,331][root][INFO] - Epoch [2/5], Batch [254/300], Loss: 1.1553 (Overall: 0.6137, Change: 0.8620), TF Ratio: 0.889
[2026-06-15 19:15:43,484][root][INFO] - Epoch [2/5], Batch [255/300], Loss: 1.1551 (Overall: 0.9015, Change: 1.3097), TF Ratio: 0.889
[2026-06-15 19:15:56,227][root][INFO] - Epoch [2/5], Batch [256/300], Loss: 1.1547 (Overall: 0.7920, Change: 1.3286), TF Ratio: 0.889
[2026-06-15 19:15:56,381][root][INFO] - Epoch [2/5], Batch [257/300], Loss: 1.1550 (Overall: 0.8523, Change: 1.5809), TF Ratio: 0.889
[2026-06-15 19:15:56,533][root][INFO] - Epoch [2/5], Batch [258/300], Loss: 1.1548 (Overall: 0.6009, Change: 1.6040), TF Ratio: 0.888
[2026-06-15 19:15:56,685][root][INFO] - Epoch [2/5], Batch [259/300], Loss: 1.1548 (Overall: 0.8596, Change: 1.4710), TF Ratio: 0.888
[2026-06-15 19:15:56,839][root][INFO] - Epoch [2/5], Batch [260/300], Loss: 1.1551 (Overall: 1.0379, Change: 1.4133), TF Ratio: 0.888
[2026-06-15 19:15:56,992][root][INFO] - Epoch [2/5], Batch [261/300], Loss: 1.1559 (Overall: 1.3481, Change: 1.3817), TF Ratio: 0.888
[2026-06-15 19:15:57,145][root][INFO] - Epoch [2/5], Batch [262/300], Loss: 1.1549 (Overall: 0.6201, Change: 1.1745), TF Ratio: 0.888
[2026-06-15 19:15:57,298][root][INFO] - Epoch [2/5], Batch [263/300], Loss: 1.1547 (Overall: 0.6889, Change: 1.5222), TF Ratio: 0.887
[2026-06-15 19:16:10,236][root][INFO] - Epoch [2/5], Batch [264/300], Loss: 1.1544 (Overall: 0.9023, Change: 1.2323), TF Ratio: 0.887
[2026-06-15 19:16:10,389][root][INFO] - Epoch [2/5], Batch [265/300], Loss: 1.1525 (Overall: 0.5088, Change: 0.7958), TF Ratio: 0.887
[2026-06-15 19:16:10,541][root][INFO] - Epoch [2/5], Batch [266/300], Loss: 1.1515 (Overall: 0.7429, Change: 1.0110), TF Ratio: 0.887
[2026-06-15 19:16:10,693][root][INFO] - Epoch [2/5], Batch [267/300], Loss: 1.1517 (Overall: 0.7963, Change: 1.6434), TF Ratio: 0.887
[2026-06-15 19:16:10,853][root][INFO] - Epoch [2/5], Batch [268/300], Loss: 1.1519 (Overall: 0.9320, Change: 1.4470), TF Ratio: 0.886
[2026-06-15 19:16:11,007][root][INFO] - Epoch [2/5], Batch [269/300], Loss: 1.1516 (Overall: 0.6522, Change: 1.4898), TF Ratio: 0.886
[2026-06-15 19:16:11,160][root][INFO] - Epoch [2/5], Batch [270/300], Loss: 1.1509 (Overall: 0.5988, Change: 1.3522), TF Ratio: 0.886
[2026-06-15 19:16:11,312][root][INFO] - Epoch [2/5], Batch [271/300], Loss: 1.1516 (Overall: 0.8771, Change: 1.8220), TF Ratio: 0.886
[2026-06-15 19:16:26,591][root][INFO] - Epoch [2/5], Batch [272/300], Loss: 1.1515 (Overall: 0.7961, Change: 1.4473), TF Ratio: 0.886
[2026-06-15 19:16:26,743][root][INFO] - Epoch [2/5], Batch [273/300], Loss: 1.1516 (Overall: 0.6632, Change: 1.7037), TF Ratio: 0.885
[2026-06-15 19:16:26,896][root][INFO] - Epoch [2/5], Batch [274/300], Loss: 1.1512 (Overall: 0.8426, Change: 1.2117), TF Ratio: 0.885
[2026-06-15 19:16:27,047][root][INFO] - Epoch [2/5], Batch [275/300], Loss: 1.1507 (Overall: 0.6634, Change: 1.3470), TF Ratio: 0.885
[2026-06-15 19:16:27,202][root][INFO] - Epoch [2/5], Batch [276/300], Loss: 1.1503 (Overall: 0.6413, Change: 1.4635), TF Ratio: 0.885
[2026-06-15 19:16:27,356][root][INFO] - Epoch [2/5], Batch [277/300], Loss: 1.1493 (Overall: 0.7043, Change: 1.0519), TF Ratio: 0.885
[2026-06-15 19:16:27,510][root][INFO] - Epoch [2/5], Batch [278/300], Loss: 1.1483 (Overall: 0.6353, Change: 1.1150), TF Ratio: 0.884
[2026-06-15 19:16:27,662][root][INFO] - Epoch [2/5], Batch [279/300], Loss: 1.1475 (Overall: 0.6901, Change: 1.1469), TF Ratio: 0.884
[2026-06-15 19:16:41,489][root][INFO] - Epoch [2/5], Batch [280/300], Loss: 1.1477 (Overall: 0.8414, Change: 1.5568), TF Ratio: 0.884
[2026-06-15 19:16:41,643][root][INFO] - Epoch [2/5], Batch [281/300], Loss: 1.1479 (Overall: 0.7892, Change: 1.6021), TF Ratio: 0.884
[2026-06-15 19:16:41,795][root][INFO] - Epoch [2/5], Batch [282/300], Loss: 1.1479 (Overall: 0.7412, Change: 1.5564), TF Ratio: 0.884
[2026-06-15 19:16:41,947][root][INFO] - Epoch [2/5], Batch [283/300], Loss: 1.1486 (Overall: 1.0463, Change: 1.6780), TF Ratio: 0.883
[2026-06-15 19:16:42,102][root][INFO] - Epoch [2/5], Batch [284/300], Loss: 1.1483 (Overall: 0.9055, Change: 1.2183), TF Ratio: 0.883
[2026-06-15 19:16:42,254][root][INFO] - Epoch [2/5], Batch [285/300], Loss: 1.1489 (Overall: 1.0766, Change: 1.5434), TF Ratio: 0.883
[2026-06-15 19:16:42,407][root][INFO] - Epoch [2/5], Batch [286/300], Loss: 1.1488 (Overall: 0.7399, Change: 1.5330), TF Ratio: 0.883
[2026-06-15 19:16:42,559][root][INFO] - Epoch [2/5], Batch [287/300], Loss: 1.1486 (Overall: 1.0265, Change: 1.1349), TF Ratio: 0.883
[2026-06-15 19:16:53,835][root][INFO] - Epoch [2/5], Batch [288/300], Loss: 1.1483 (Overall: 0.6316, Change: 1.5032), TF Ratio: 0.882
[2026-06-15 19:16:53,987][root][INFO] - Epoch [2/5], Batch [289/300], Loss: 1.1478 (Overall: 0.5498, Change: 1.4412), TF Ratio: 0.882
[2026-06-15 19:16:54,140][root][INFO] - Epoch [2/5], Batch [290/300], Loss: 1.1470 (Overall: 0.7565, Change: 1.0942), TF Ratio: 0.882
[2026-06-15 19:16:54,293][root][INFO] - Epoch [2/5], Batch [291/300], Loss: 1.1466 (Overall: 0.8128, Change: 1.2074), TF Ratio: 0.882
[2026-06-15 19:16:54,451][root][INFO] - Epoch [2/5], Batch [292/300], Loss: 1.1465 (Overall: 0.8667, Change: 1.3733), TF Ratio: 0.882
[2026-06-15 19:16:54,605][root][INFO] - Epoch [2/5], Batch [293/300], Loss: 1.1464 (Overall: 0.7469, Change: 1.5280), TF Ratio: 0.881
[2026-06-15 19:16:54,757][root][INFO] - Epoch [2/5], Batch [294/300], Loss: 1.1454 (Overall: 0.5729, Change: 1.0850), TF Ratio: 0.881
[2026-06-15 19:16:54,911][root][INFO] - Epoch [2/5], Batch [295/300], Loss: 1.1459 (Overall: 0.9860, Change: 1.6326), TF Ratio: 0.881
[2026-06-15 19:17:10,794][root][INFO] - Epoch [2/5], Batch [296/300], Loss: 1.1452 (Overall: 0.7358, Change: 1.1524), TF Ratio: 0.881
[2026-06-15 19:17:10,946][root][INFO] - Epoch [2/5], Batch [297/300], Loss: 1.1447 (Overall: 0.6919, Change: 1.2749), TF Ratio: 0.881
[2026-06-15 19:17:11,098][root][INFO] - Epoch [2/5], Batch [298/300], Loss: 1.1442 (Overall: 0.7566, Change: 1.2437), TF Ratio: 0.880
[2026-06-15 19:17:11,250][root][INFO] - Epoch [2/5], Batch [299/300], Loss: 1.1444 (Overall: 0.7401, Change: 1.6451), TF Ratio: 0.880
[2026-06-15 19:17:11,409][root][INFO] - Epoch [2/5], Batch [300/300], Loss: 1.1433 (Overall: 0.6810, Change: 0.9689), TF Ratio: 0.880
[2026-06-15 19:17:24,081][root][INFO] - Epoch 2 done. Validating...
[2026-06-15 19:18:10,286][root][INFO] - Epoch [2/5] | Train: 1.1522 | Val: 0.7352
[2026-06-15 19:18:10,502][root][INFO] - Checkpoint saved: /gpfs/scratch/bsc32/bsc096444/ai4land-tfm/trained_models/unet_impl/41825128/best_model.pth
[2026-06-15 19:18:10,717][root][INFO] - Checkpoint saved: /gpfs/scratch/bsc32/bsc096444/ai4land-tfm/trained_models/unet_impl/41825128/model_epoch_2.pth
[2026-06-15 19:18:25,536][root][INFO] - Epoch [3/5], Batch [1/300], Loss: 1.3427 (Overall: 1.1450, Change: 1.5404), TF Ratio: 0.880
[2026-06-15 19:18:25,690][root][INFO] - Epoch [3/5], Batch [2/300], Loss: 1.2643 (Overall: 0.8669, Change: 1.5051), TF Ratio: 0.880
[2026-06-15 19:18:25,856][root][INFO] - Epoch [3/5], Batch [3/300], Loss: 1.1822 (Overall: 0.7900, Change: 1.2457), TF Ratio: 0.879
[2026-06-15 19:18:29,698][root][INFO] - Epoch [3/5], Batch [4/300], Loss: 1.0965 (Overall: 0.6747, Change: 1.0047), TF Ratio: 0.879
[2026-06-15 19:18:29,852][root][INFO] - Epoch [3/5], Batch [5/300], Loss: 1.0807 (Overall: 0.5371, Change: 1.4974), TF Ratio: 0.879
[2026-06-15 19:18:30,005][root][INFO] - Epoch [3/5], Batch [6/300], Loss: 1.1564 (Overall: 1.1347, Change: 1.9349), TF Ratio: 0.879
[2026-06-15 19:18:30,157][root][INFO] - Epoch [3/5], Batch [7/300], Loss: 1.1154 (Overall: 0.6958, Change: 1.0438), TF Ratio: 0.879
[2026-06-15 19:18:42,460][root][INFO] - Epoch [3/5], Batch [8/300], Loss: 1.1182 (Overall: 0.9329, Change: 1.3420), TF Ratio: 0.878
[2026-06-15 19:18:42,614][root][INFO] - Epoch [3/5], Batch [9/300], Loss: 1.1439 (Overall: 0.9635, Change: 1.7363), TF Ratio: 0.878
[2026-06-15 19:18:42,766][root][INFO] - Epoch [3/5], Batch [10/300], Loss: 1.1198 (Overall: 0.6309, Change: 1.1739), TF Ratio: 0.878
[2026-06-15 19:18:42,919][root][INFO] - Epoch [3/5], Batch [11/300], Loss: 1.1462 (Overall: 1.1087, Change: 1.7115), TF Ratio: 0.878
[2026-06-15 19:18:54,486][root][INFO] - Epoch [3/5], Batch [12/300], Loss: 1.1378 (Overall: 0.7751, Change: 1.3168), TF Ratio: 0.878
[2026-06-15 19:18:54,642][root][INFO] - Epoch [3/5], Batch [13/300], Loss: 1.1480 (Overall: 0.7928, Change: 1.7489), TF Ratio: 0.877
[2026-06-15 19:18:54,795][root][INFO] - Epoch [3/5], Batch [14/300], Loss: 1.1526 (Overall: 0.8942, Change: 1.5298), TF Ratio: 0.877
[2026-06-15 19:18:54,946][root][INFO] - Epoch [3/5], Batch [15/300], Loss: 1.1846 (Overall: 1.7728, Change: 1.4917), TF Ratio: 0.877
[2026-06-15 19:18:58,682][root][INFO] - Epoch [3/5], Batch [16/300], Loss: 1.1761 (Overall: 0.6480, Change: 1.4491), TF Ratio: 0.877
[2026-06-15 19:19:00,861][root][INFO] - Epoch [3/5], Batch [17/300], Loss: 1.1753 (Overall: 0.9147, Change: 1.4116), TF Ratio: 0.877
[2026-06-15 19:19:01,014][root][INFO] - Epoch [3/5], Batch [18/300], Loss: 1.1680 (Overall: 0.8388, Change: 1.2499), TF Ratio: 0.876
[2026-06-15 19:19:01,166][root][INFO] - Epoch [3/5], Batch [19/300], Loss: 1.1673 (Overall: 0.9159, Change: 1.3916), TF Ratio: 0.876
[2026-06-15 19:19:05,318][root][INFO] - Epoch [3/5], Batch [20/300], Loss: 1.1659 (Overall: 0.8592, Change: 1.4204), TF Ratio: 0.876
[2026-06-15 19:19:05,474][root][INFO] - Epoch [3/5], Batch [21/300], Loss: 1.1631 (Overall: 0.8002, Change: 1.4138), TF Ratio: 0.876
[2026-06-15 19:19:05,626][root][INFO] - Epoch [3/5], Batch [22/300], Loss: 1.1688 (Overall: 1.0909, Change: 1.4868), TF Ratio: 0.876
[2026-06-15 19:19:05,779][root][INFO] - Epoch [3/5], Batch [23/300], Loss: 1.1711 (Overall: 1.0715, Change: 1.3695), TF Ratio: 0.875
[2026-06-15 19:19:22,287][root][INFO] - Epoch [3/5], Batch [24/300], Loss: 1.1607 (Overall: 0.6631, Change: 1.1787), TF Ratio: 0.875
[2026-06-15 19:19:22,442][root][INFO] - Epoch [3/5], Batch [25/300], Loss: 1.1581 (Overall: 0.6927, Change: 1.5033), TF Ratio: 0.875
[2026-06-15 19:19:22,597][root][INFO] - Epoch [3/5], Batch [26/300], Loss: 1.1600 (Overall: 0.9679, Change: 1.4474), TF Ratio: 0.875
[2026-06-15 19:19:22,749][root][INFO] - Epoch [3/5], Batch [27/300], Loss: 1.1645 (Overall: 1.1647, Change: 1.3936), TF Ratio: 0.875
[2026-06-15 19:19:22,902][root][INFO] - Epoch [3/5], Batch [28/300], Loss: 1.1618 (Overall: 0.7650, Change: 1.4142), TF Ratio: 0.874
[2026-06-15 19:19:23,056][root][INFO] - Epoch [3/5], Batch [29/300], Loss: 1.1567 (Overall: 0.5735, Change: 1.4531), TF Ratio: 0.874
[2026-06-15 19:19:23,209][root][INFO] - Epoch [3/5], Batch [30/300], Loss: 1.1540 (Overall: 0.9945, Change: 1.1598), TF Ratio: 0.874
[2026-06-15 19:19:23,363][root][INFO] - Epoch [3/5], Batch [31/300], Loss: 1.1502 (Overall: 0.6570, Change: 1.4135), TF Ratio: 0.874
[2026-06-15 19:19:35,112][root][INFO] - Epoch [3/5], Batch [32/300], Loss: 1.1583 (Overall: 0.8381, Change: 1.9833), TF Ratio: 0.874
[2026-06-15 19:19:35,267][root][INFO] - Epoch [3/5], Batch [33/300], Loss: 1.1598 (Overall: 1.0410, Change: 1.3716), TF Ratio: 0.873
[2026-06-15 19:19:35,420][root][INFO] - Epoch [3/5], Batch [34/300], Loss: 1.1599 (Overall: 0.8514, Change: 1.4793), TF Ratio: 0.873
[2026-06-15 19:19:35,574][root][INFO] - Epoch [3/5], Batch [35/300], Loss: 1.1629 (Overall: 0.9159, Change: 1.6089), TF Ratio: 0.873
[2026-06-15 19:19:38,341][root][INFO] - Epoch [3/5], Batch [36/300], Loss: 1.1610 (Overall: 0.8486, Change: 1.3450), TF Ratio: 0.873
[2026-06-15 19:19:38,495][root][INFO] - Epoch [3/5], Batch [37/300], Loss: 1.1612 (Overall: 0.9318, Change: 1.4006), TF Ratio: 0.873
[2026-06-15 19:19:38,647][root][INFO] - Epoch [3/5], Batch [38/300], Loss: 1.1637 (Overall: 0.8238, Change: 1.6915), TF Ratio: 0.872
[2026-06-15 19:19:38,800][root][INFO] - Epoch [3/5], Batch [39/300], Loss: 1.1680 (Overall: 0.9937, Change: 1.6699), TF Ratio: 0.872
[2026-06-15 19:19:53,306][root][INFO] - Epoch [3/5], Batch [40/300], Loss: 1.1616 (Overall: 0.7550, Change: 1.0700), TF Ratio: 0.872
[2026-06-15 19:19:53,460][root][INFO] - Epoch [3/5], Batch [41/300], Loss: 1.1628 (Overall: 0.7673, Change: 1.6539), TF Ratio: 0.872
[2026-06-15 19:19:53,613][root][INFO] - Epoch [3/5], Batch [42/300], Loss: 1.1577 (Overall: 0.6760, Change: 1.2195), TF Ratio: 0.872
[2026-06-15 19:19:53,765][root][INFO] - Epoch [3/5], Batch [43/300], Loss: 1.1497 (Overall: 0.5054, Change: 1.1169), TF Ratio: 0.871
[2026-06-15 19:19:58,773][root][INFO] - Epoch [3/5], Batch [44/300], Loss: 1.1505 (Overall: 0.9920, Change: 1.3793), TF Ratio: 0.871
[2026-06-15 19:19:58,928][root][INFO] - Epoch [3/5], Batch [45/300], Loss: 1.1494 (Overall: 0.8426, Change: 1.3645), TF Ratio: 0.871
[2026-06-15 19:19:59,086][root][INFO] - Epoch [3/5], Batch [46/300], Loss: 1.1514 (Overall: 0.8574, Change: 1.6231), TF Ratio: 0.871
[2026-06-15 19:19:59,238][root][INFO] - Epoch [3/5], Batch [47/300], Loss: 1.1500 (Overall: 0.9096, Change: 1.2605), TF Ratio: 0.871
[2026-06-15 19:20:06,285][root][INFO] - Epoch [3/5], Batch [48/300], Loss: 1.1466 (Overall: 0.7680, Change: 1.2084), TF Ratio: 0.870
[2026-06-15 19:20:07,155][root][INFO] - Epoch [3/5], Batch [49/300], Loss: 1.1446 (Overall: 0.5715, Change: 1.5238), TF Ratio: 0.870
[2026-06-15 19:20:07,308][root][INFO] - Epoch [3/5], Batch [50/300], Loss: 1.1485 (Overall: 0.9302, Change: 1.7465), TF Ratio: 0.870
[2026-06-15 19:20:07,470][root][INFO] - Epoch [3/5], Batch [51/300], Loss: 1.1463 (Overall: 0.8113, Change: 1.2634), TF Ratio: 0.870
[2026-06-15 19:20:22,535][root][INFO] - Epoch [3/5], Batch [52/300], Loss: 1.1456 (Overall: 0.7969, Change: 1.4278), TF Ratio: 0.870
[2026-06-15 19:20:22,688][root][INFO] - Epoch [3/5], Batch [53/300], Loss: 1.1465 (Overall: 0.9748, Change: 1.4097), TF Ratio: 0.869
[2026-06-15 19:20:22,840][root][INFO] - Epoch [3/5], Batch [54/300], Loss: 1.1445 (Overall: 0.9232, Change: 1.1491), TF Ratio: 0.869
[2026-06-15 19:20:22,993][root][INFO] - Epoch [3/5], Batch [55/300], Loss: 1.1423 (Overall: 0.9877, Change: 1.0605), TF Ratio: 0.869
[2026-06-15 19:20:23,147][root][INFO] - Epoch [3/5], Batch [56/300], Loss: 1.1406 (Overall: 1.0156, Change: 1.0828), TF Ratio: 0.869
[2026-06-15 19:20:23,301][root][INFO] - Epoch [3/5], Batch [57/300], Loss: 1.1367 (Overall: 0.6221, Change: 1.2103), TF Ratio: 0.869
[2026-06-15 19:20:23,454][root][INFO] - Epoch [3/5], Batch [58/300], Loss: 1.1351 (Overall: 0.5315, Change: 1.5589), TF Ratio: 0.868
[2026-06-15 19:20:23,607][root][INFO] - Epoch [3/5], Batch [59/300], Loss: 1.1340 (Overall: 0.7088, Change: 1.4357), TF Ratio: 0.868
[2026-06-15 19:20:34,699][root][INFO] - Epoch [3/5], Batch [60/300], Loss: 1.1335 (Overall: 0.5586, Change: 1.6435), TF Ratio: 0.868
[2026-06-15 19:20:34,857][root][INFO] - Epoch [3/5], Batch [61/300], Loss: 1.1305 (Overall: 0.6144, Change: 1.2896), TF Ratio: 0.868
[2026-06-15 19:20:35,010][root][INFO] - Epoch [3/5], Batch [62/300], Loss: 1.1297 (Overall: 0.4579, Change: 1.7037), TF Ratio: 0.868
[2026-06-15 19:20:35,163][root][INFO] - Epoch [3/5], Batch [63/300], Loss: 1.1253 (Overall: 0.7098, Change: 0.9885), TF Ratio: 0.867
[2026-06-15 19:20:35,317][root][INFO] - Epoch [3/5], Batch [64/300], Loss: 1.1243 (Overall: 0.6192, Change: 1.5109), TF Ratio: 0.867
[2026-06-15 19:20:39,404][root][INFO] - Epoch [3/5], Batch [65/300], Loss: 1.1253 (Overall: 0.9978, Change: 1.3736), TF Ratio: 0.867
[2026-06-15 19:20:39,557][root][INFO] - Epoch [3/5], Batch [66/300], Loss: 1.1306 (Overall: 1.3996, Change: 1.5517), TF Ratio: 0.867
[2026-06-15 19:20:39,710][root][INFO] - Epoch [3/5], Batch [67/300], Loss: 1.1277 (Overall: 0.6880, Change: 1.1931), TF Ratio: 0.867
[2026-06-15 19:20:47,596][root][INFO] - Epoch [3/5], Batch [68/300], Loss: 1.1284 (Overall: 1.2127, Change: 1.1290), TF Ratio: 0.866
[2026-06-15 19:20:47,749][root][INFO] - Epoch [3/5], Batch [69/300], Loss: 1.1287 (Overall: 0.8122, Change: 1.4893), TF Ratio: 0.866
[2026-06-15 19:20:47,902][root][INFO] - Epoch [3/5], Batch [70/300], Loss: 1.1307 (Overall: 1.1183, Change: 1.4151), TF Ratio: 0.866
[2026-06-15 19:20:48,055][root][INFO] - Epoch [3/5], Batch [71/300], Loss: 1.1308 (Overall: 0.9876, Change: 1.2881), TF Ratio: 0.866
[2026-06-15 19:20:48,209][root][INFO] - Epoch [3/5], Batch [72/300], Loss: 1.1299 (Overall: 0.7979, Change: 1.3327), TF Ratio: 0.866
[2026-06-15 19:20:51,805][root][INFO] - Epoch [3/5], Batch [73/300], Loss: 1.1275 (Overall: 0.5999, Change: 1.3196), TF Ratio: 0.865
[2026-06-15 19:20:51,958][root][INFO] - Epoch [3/5], Batch [74/300], Loss: 1.1274 (Overall: 0.8090, Change: 1.4272), TF Ratio: 0.865
[2026-06-15 19:20:52,111][root][INFO] - Epoch [3/5], Batch [75/300], Loss: 1.1234 (Overall: 0.6110, Change: 1.0404), TF Ratio: 0.865
[2026-06-15 19:21:00,169][root][INFO] - Epoch [3/5], Batch [76/300], Loss: 1.1260 (Overall: 1.1374, Change: 1.5084), TF Ratio: 0.865
[2026-06-15 19:21:00,323][root][INFO] - Epoch [3/5], Batch [77/300], Loss: 1.1247 (Overall: 0.8672, Change: 1.1856), TF Ratio: 0.865
[2026-06-15 19:21:00,476][root][INFO] - Epoch [3/5], Batch [78/300], Loss: 1.1225 (Overall: 0.7884, Change: 1.1155), TF Ratio: 0.864
[2026-06-15 19:21:00,628][root][INFO] - Epoch [3/5], Batch [79/300], Loss: 1.1233 (Overall: 0.9100, Change: 1.4577), TF Ratio: 0.864
[2026-06-15 19:21:00,782][root][INFO] - Epoch [3/5], Batch [80/300], Loss: 1.1208 (Overall: 0.7238, Change: 1.1262), TF Ratio: 0.864
[2026-06-15 19:21:03,716][root][INFO] - Epoch [3/5], Batch [81/300], Loss: 1.1211 (Overall: 0.9670, Change: 1.3219), TF Ratio: 0.864
[2026-06-15 19:21:03,868][root][INFO] - Epoch [3/5], Batch [82/300], Loss: 1.1220 (Overall: 1.0274, Change: 1.3561), TF Ratio: 0.864
[2026-06-15 19:21:04,028][root][INFO] - Epoch [3/5], Batch [83/300], Loss: 1.1184 (Overall: 0.8363, Change: 0.8100), TF Ratio: 0.863
[2026-06-15 19:21:12,378][root][INFO] - Epoch [3/5], Batch [84/300], Loss: 1.1190 (Overall: 0.8794, Change: 1.4672), TF Ratio: 0.863
[2026-06-15 19:21:12,531][root][INFO] - Epoch [3/5], Batch [85/300], Loss: 1.1231 (Overall: 0.9986, Change: 1.9330), TF Ratio: 0.863
[2026-06-15 19:21:12,684][root][INFO] - Epoch [3/5], Batch [86/300], Loss: 1.1263 (Overall: 1.1994, Change: 1.6077), TF Ratio: 0.863
[2026-06-15 19:21:12,836][root][INFO] - Epoch [3/5], Batch [87/300], Loss: 1.1251 (Overall: 1.0271, Change: 1.0093), TF Ratio: 0.863
[2026-06-15 19:21:12,996][root][INFO] - Epoch [3/5], Batch [88/300], Loss: 1.1253 (Overall: 0.8361, Change: 1.4569), TF Ratio: 0.862
[2026-06-15 19:21:17,358][root][INFO] - Epoch [3/5], Batch [89/300], Loss: 1.1256 (Overall: 0.9182, Change: 1.3689), TF Ratio: 0.862
[2026-06-15 19:21:17,511][root][INFO] - Epoch [3/5], Batch [90/300], Loss: 1.1243 (Overall: 0.5092, Change: 1.5227), TF Ratio: 0.862
[2026-06-15 19:21:17,663][root][INFO] - Epoch [3/5], Batch [91/300], Loss: 1.1226 (Overall: 0.8320, Change: 1.1032), TF Ratio: 0.862
[2026-06-15 19:21:24,424][root][INFO] - Epoch [3/5], Batch [92/300], Loss: 1.1228 (Overall: 0.7978, Change: 1.4811), TF Ratio: 0.862
[2026-06-15 19:21:24,577][root][INFO] - Epoch [3/5], Batch [93/300], Loss: 1.1243 (Overall: 0.7896, Change: 1.7345), TF Ratio: 0.861
[2026-06-15 19:21:24,731][root][INFO] - Epoch [3/5], Batch [94/300], Loss: 1.1226 (Overall: 0.7667, Change: 1.1557), TF Ratio: 0.861
[2026-06-15 19:21:24,885][root][INFO] - Epoch [3/5], Batch [95/300], Loss: 1.1219 (Overall: 0.8942, Change: 1.2340), TF Ratio: 0.861
[2026-06-15 19:21:25,044][root][INFO] - Epoch [3/5], Batch [96/300], Loss: 1.1261 (Overall: 1.2672, Change: 1.7676), TF Ratio: 0.861
[2026-06-15 19:21:29,399][root][INFO] - Epoch [3/5], Batch [97/300], Loss: 1.1253 (Overall: 0.7978, Change: 1.3015), TF Ratio: 0.861
[2026-06-15 19:21:29,552][root][INFO] - Epoch [3/5], Batch [98/300], Loss: 1.1230 (Overall: 0.6548, Change: 1.1417), TF Ratio: 0.860
[2026-06-15 19:21:29,705][root][INFO] - Epoch [3/5], Batch [99/300], Loss: 1.1215 (Overall: 0.6338, Change: 1.3258), TF Ratio: 0.860
[2026-06-15 19:21:40,986][root][INFO] - Epoch [3/5], Batch [100/300], Loss: 1.1201 (Overall: 0.7225, Change: 1.2472), TF Ratio: 0.860
[2026-06-15 19:21:41,140][root][INFO] - Epoch [3/5], Batch [101/300], Loss: 1.1171 (Overall: 0.5885, Change: 1.0440), TF Ratio: 0.860
[2026-06-15 19:21:41,293][root][INFO] - Epoch [3/5], Batch [102/300], Loss: 1.1165 (Overall: 0.7082, Change: 1.3954), TF Ratio: 0.860
[2026-06-15 19:21:41,445][root][INFO] - Epoch [3/5], Batch [103/300], Loss: 1.1174 (Overall: 0.9712, Change: 1.4532), TF Ratio: 0.859
[2026-06-15 19:21:41,598][root][INFO] - Epoch [3/5], Batch [104/300], Loss: 1.1182 (Overall: 0.8050, Change: 1.5928), TF Ratio: 0.859
[2026-06-15 19:21:47,581][root][INFO] - Epoch [3/5], Batch [105/300], Loss: 1.1182 (Overall: 0.7815, Change: 1.4544), TF Ratio: 0.859
[2026-06-15 19:21:47,735][root][INFO] - Epoch [3/5], Batch [106/300], Loss: 1.1173 (Overall: 0.6119, Change: 1.4284), TF Ratio: 0.859
[2026-06-15 19:21:47,889][root][INFO] - Epoch [3/5], Batch [107/300], Loss: 1.1169 (Overall: 0.7568, Change: 1.4046), TF Ratio: 0.859
[2026-06-15 19:21:54,808][root][INFO] - Epoch [3/5], Batch [108/300], Loss: 1.1178 (Overall: 0.6951, Change: 1.7328), TF Ratio: 0.858
[2026-06-15 19:21:54,963][root][INFO] - Epoch [3/5], Batch [109/300], Loss: 1.1180 (Overall: 0.9361, Change: 1.3274), TF Ratio: 0.858
[2026-06-15 19:21:55,115][root][INFO] - Epoch [3/5], Batch [110/300], Loss: 1.1192 (Overall: 0.9964, Change: 1.5207), TF Ratio: 0.858
[2026-06-15 19:21:55,272][root][INFO] - Epoch [3/5], Batch [111/300], Loss: 1.1200 (Overall: 0.8209, Change: 1.5756), TF Ratio: 0.858
[2026-06-15 19:21:55,426][root][INFO] - Epoch [3/5], Batch [112/300], Loss: 1.1206 (Overall: 1.0405, Change: 1.3400), TF Ratio: 0.858
[2026-06-15 19:21:58,851][root][INFO] - Epoch [3/5], Batch [113/300], Loss: 1.1202 (Overall: 0.6719, Change: 1.4761), TF Ratio: 0.857
[2026-06-15 19:21:59,004][root][INFO] - Epoch [3/5], Batch [114/300], Loss: 1.1157 (Overall: 0.5546, Change: 0.6628), TF Ratio: 0.857
[2026-06-15 19:21:59,156][root][INFO] - Epoch [3/5], Batch [115/300], Loss: 1.1137 (Overall: 0.7818, Change: 0.9973), TF Ratio: 0.857
[2026-06-15 19:22:06,779][root][INFO] - Epoch [3/5], Batch [116/300], Loss: 1.1151 (Overall: 0.9590, Change: 1.6005), TF Ratio: 0.857
[2026-06-15 19:22:06,936][root][INFO] - Epoch [3/5], Batch [117/300], Loss: 1.1147 (Overall: 0.7235, Change: 1.4047), TF Ratio: 0.857
[2026-06-15 19:22:07,089][root][INFO] - Epoch [3/5], Batch [118/300], Loss: 1.1132 (Overall: 0.7010, Change: 1.1781), TF Ratio: 0.856
[2026-06-15 19:22:07,241][root][INFO] - Epoch [3/5], Batch [119/300], Loss: 1.1137 (Overall: 0.9354, Change: 1.4096), TF Ratio: 0.856
[2026-06-15 19:22:07,395][root][INFO] - Epoch [3/5], Batch [120/300], Loss: 1.1144 (Overall: 0.8956, Change: 1.5048), TF Ratio: 0.856
[2026-06-15 19:22:15,343][root][INFO] - Epoch [3/5], Batch [121/300], Loss: 1.1151 (Overall: 0.7145, Change: 1.6652), TF Ratio: 0.856
[2026-06-15 19:22:15,495][root][INFO] - Epoch [3/5], Batch [122/300], Loss: 1.1162 (Overall: 1.0595, Change: 1.4487), TF Ratio: 0.856
[2026-06-15 19:22:15,650][root][INFO] - Epoch [3/5], Batch [123/300], Loss: 1.1168 (Overall: 1.0532, Change: 1.3350), TF Ratio: 0.855
[2026-06-15 19:22:19,834][root][INFO] - Epoch [3/5], Batch [124/300], Loss: 1.1155 (Overall: 0.7867, Change: 1.1155), TF Ratio: 0.855
[2026-06-15 19:22:19,987][root][INFO] - Epoch [3/5], Batch [125/300], Loss: 1.1150 (Overall: 0.7118, Change: 1.3955), TF Ratio: 0.855
[2026-06-15 19:22:20,140][root][INFO] - Epoch [3/5], Batch [126/300], Loss: 1.1145 (Overall: 0.7736, Change: 1.3174), TF Ratio: 0.855
[2026-06-15 19:22:20,293][root][INFO] - Epoch [3/5], Batch [127/300], Loss: 1.1138 (Overall: 0.6892, Change: 1.3726), TF Ratio: 0.855
[2026-06-15 19:22:20,459][root][INFO] - Epoch [3/5], Batch [128/300], Loss: 1.1147 (Overall: 0.9661, Change: 1.4909), TF Ratio: 0.854
[2026-06-15 19:22:26,777][root][INFO] - Epoch [3/5], Batch [129/300], Loss: 1.1141 (Overall: 0.7164, Change: 1.3627), TF Ratio: 0.854
[2026-06-15 19:22:26,930][root][INFO] - Epoch [3/5], Batch [130/300], Loss: 1.1135 (Overall: 0.8285, Change: 1.2483), TF Ratio: 0.854
[2026-06-15 19:22:27,083][root][INFO] - Epoch [3/5], Batch [131/300], Loss: 1.1138 (Overall: 0.8189, Change: 1.4674), TF Ratio: 0.854
[2026-06-15 19:22:32,224][root][INFO] - Epoch [3/5], Batch [132/300], Loss: 1.1136 (Overall: 0.8373, Change: 1.3426), TF Ratio: 0.854
[2026-06-15 19:22:32,383][root][INFO] - Epoch [3/5], Batch [133/300], Loss: 1.1123 (Overall: 0.6497, Change: 1.2441), TF Ratio: 0.853
[2026-06-15 19:22:32,536][root][INFO] - Epoch [3/5], Batch [134/300], Loss: 1.1114 (Overall: 0.6379, Change: 1.3364), TF Ratio: 0.853
[2026-06-15 19:22:32,689][root][INFO] - Epoch [3/5], Batch [135/300], Loss: 1.1109 (Overall: 0.7033, Change: 1.3906), TF Ratio: 0.853
[2026-06-15 19:22:32,843][root][INFO] - Epoch [3/5], Batch [136/300], Loss: 1.1101 (Overall: 0.7205, Change: 1.2866), TF Ratio: 0.853
[2026-06-15 19:22:38,190][root][INFO] - Epoch [3/5], Batch [137/300], Loss: 1.1104 (Overall: 0.7707, Change: 1.5365), TF Ratio: 0.853
[2026-06-15 19:22:38,344][root][INFO] - Epoch [3/5], Batch [138/300], Loss: 1.1120 (Overall: 0.6356, Change: 2.0278), TF Ratio: 0.852
[2026-06-15 19:22:38,499][root][INFO] - Epoch [3/5], Batch [139/300], Loss: 1.1158 (Overall: 1.3679, Change: 1.8896), TF Ratio: 0.852
[2026-06-15 19:22:44,154][root][INFO] - Epoch [3/5], Batch [140/300], Loss: 1.1168 (Overall: 1.1782, Change: 1.3559), TF Ratio: 0.852
[2026-06-15 19:22:44,310][root][INFO] - Epoch [3/5], Batch [141/300], Loss: 1.1170 (Overall: 1.0977, Change: 1.1868), TF Ratio: 0.852
[2026-06-15 19:22:44,463][root][INFO] - Epoch [3/5], Batch [142/300], Loss: 1.1162 (Overall: 0.6368, Change: 1.3669), TF Ratio: 0.852
[2026-06-15 19:22:44,615][root][INFO] - Epoch [3/5], Batch [143/300], Loss: 1.1181 (Overall: 1.1344, Change: 1.6354), TF Ratio: 0.851
[2026-06-15 19:22:44,771][root][INFO] - Epoch [3/5], Batch [144/300], Loss: 1.1180 (Overall: 0.9260, Change: 1.2775), TF Ratio: 0.851
[2026-06-15 19:22:49,518][root][INFO] - Epoch [3/5], Batch [145/300], Loss: 1.1166 (Overall: 0.7024, Change: 1.1409), TF Ratio: 0.851
[2026-06-15 19:22:49,671][root][INFO] - Epoch [3/5], Batch [146/300], Loss: 1.1158 (Overall: 0.6876, Change: 1.3020), TF Ratio: 0.851
[2026-06-15 19:22:49,825][root][INFO] - Epoch [3/5], Batch [147/300], Loss: 1.1150 (Overall: 0.6546, Change: 1.3575), TF Ratio: 0.851
[2026-06-15 19:22:57,693][root][INFO] - Epoch [3/5], Batch [148/300], Loss: 1.1166 (Overall: 0.7846, Change: 1.9098), TF Ratio: 0.850
[2026-06-15 19:22:57,848][root][INFO] - Epoch [3/5], Batch [149/300], Loss: 1.1151 (Overall: 0.5776, Change: 1.2142), TF Ratio: 0.850
[2026-06-15 19:22:58,001][root][INFO] - Epoch [3/5], Batch [150/300], Loss: 1.1151 (Overall: 0.8433, Change: 1.3864), TF Ratio: 0.850
[2026-06-15 19:22:58,153][root][INFO] - Epoch [3/5], Batch [151/300], Loss: 1.1142 (Overall: 0.7298, Change: 1.2060), TF Ratio: 0.850
[2026-06-15 19:22:58,306][root][INFO] - Epoch [3/5], Batch [152/300], Loss: 1.1144 (Overall: 0.8913, Change: 1.4149), TF Ratio: 0.850
[2026-06-15 19:23:02,121][root][INFO] - Epoch [3/5], Batch [153/300], Loss: 1.1145 (Overall: 0.7774, Change: 1.4749), TF Ratio: 0.849
[2026-06-15 19:23:02,274][root][INFO] - Epoch [3/5], Batch [154/300], Loss: 1.1147 (Overall: 0.9832, Change: 1.2999), TF Ratio: 0.849
[2026-06-15 19:23:02,427][root][INFO] - Epoch [3/5], Batch [155/300], Loss: 1.1149 (Overall: 0.5768, Change: 1.7275), TF Ratio: 0.849
[2026-06-15 19:23:09,467][root][INFO] - Epoch [3/5], Batch [156/300], Loss: 1.1167 (Overall: 1.1531, Change: 1.6320), TF Ratio: 0.849
[2026-06-15 19:23:09,622][root][INFO] - Epoch [3/5], Batch [157/300], Loss: 1.1161 (Overall: 0.6304, Change: 1.4345), TF Ratio: 0.849
[2026-06-15 19:23:09,775][root][INFO] - Epoch [3/5], Batch [158/300], Loss: 1.1146 (Overall: 0.5381, Change: 1.2172), TF Ratio: 0.848
[2026-06-15 19:23:09,928][root][INFO] - Epoch [3/5], Batch [159/300], Loss: 1.1150 (Overall: 0.6851, Change: 1.6665), TF Ratio: 0.848
[2026-06-15 19:23:10,082][root][INFO] - Epoch [3/5], Batch [160/300], Loss: 1.1154 (Overall: 0.8555, Change: 1.4899), TF Ratio: 0.848
[2026-06-15 19:23:13,809][root][INFO] - Epoch [3/5], Batch [161/300], Loss: 1.1157 (Overall: 0.8162, Change: 1.5307), TF Ratio: 0.848
[2026-06-15 19:23:13,962][root][INFO] - Epoch [3/5], Batch [162/300], Loss: 1.1162 (Overall: 0.8191, Change: 1.5722), TF Ratio: 0.848
[2026-06-15 19:23:14,115][root][INFO] - Epoch [3/5], Batch [163/300], Loss: 1.1146 (Overall: 0.5537, Change: 1.1336), TF Ratio: 0.847
[2026-06-15 19:23:20,899][root][INFO] - Epoch [3/5], Batch [164/300], Loss: 1.1138 (Overall: 0.8221, Change: 1.1560), TF Ratio: 0.847
[2026-06-15 19:23:21,053][root][INFO] - Epoch [3/5], Batch [165/300], Loss: 1.1138 (Overall: 0.6457, Change: 1.5888), TF Ratio: 0.847
[2026-06-15 19:23:21,207][root][INFO] - Epoch [3/5], Batch [166/300], Loss: 1.1123 (Overall: 0.6667, Change: 1.0482), TF Ratio: 0.847
[2026-06-15 19:23:21,360][root][INFO] - Epoch [3/5], Batch [167/300], Loss: 1.1126 (Overall: 0.8710, Change: 1.4773), TF Ratio: 0.847
[2026-06-15 19:23:21,514][root][INFO] - Epoch [3/5], Batch [168/300], Loss: 1.1125 (Overall: 0.6791, Change: 1.5056), TF Ratio: 0.846
[2026-06-15 19:23:25,001][root][INFO] - Epoch [3/5], Batch [169/300], Loss: 1.1121 (Overall: 0.7386, Change: 1.3442), TF Ratio: 0.846
[2026-06-15 19:23:25,155][root][INFO] - Epoch [3/5], Batch [170/300], Loss: 1.1110 (Overall: 0.8224, Change: 1.0118), TF Ratio: 0.846
[2026-06-15 19:23:25,308][root][INFO] - Epoch [3/5], Batch [171/300], Loss: 1.1152 (Overall: 2.0882, Change: 1.5819), TF Ratio: 0.846
[2026-06-15 19:23:35,014][root][INFO] - Epoch [3/5], Batch [172/300], Loss: 1.1148 (Overall: 0.6073, Change: 1.4760), TF Ratio: 0.846
[2026-06-15 19:23:35,167][root][INFO] - Epoch [3/5], Batch [173/300], Loss: 1.1147 (Overall: 0.6846, Change: 1.5274), TF Ratio: 0.845
[2026-06-15 19:23:35,319][root][INFO] - Epoch [3/5], Batch [174/300], Loss: 1.1142 (Overall: 0.6557, Change: 1.3798), TF Ratio: 0.845
[2026-06-15 19:23:35,472][root][INFO] - Epoch [3/5], Batch [175/300], Loss: 1.1145 (Overall: 0.7014, Change: 1.6410), TF Ratio: 0.845
[2026-06-15 19:23:35,631][root][INFO] - Epoch [3/5], Batch [176/300], Loss: 1.1155 (Overall: 0.7933, Change: 1.7771), TF Ratio: 0.845
[2026-06-15 19:23:36,448][root][INFO] - Epoch [3/5], Batch [177/300], Loss: 1.1164 (Overall: 1.1175, Change: 1.4397), TF Ratio: 0.845
[2026-06-15 19:23:36,600][root][INFO] - Epoch [3/5], Batch [178/300], Loss: 1.1176 (Overall: 0.8330, Change: 1.8269), TF Ratio: 0.844
[2026-06-15 19:23:36,753][root][INFO] - Epoch [3/5], Batch [179/300], Loss: 1.1173 (Overall: 0.8300, Change: 1.3205), TF Ratio: 0.844
[2026-06-15 19:23:47,410][root][INFO] - Epoch [3/5], Batch [180/300], Loss: 1.1184 (Overall: 1.0524, Change: 1.5706), TF Ratio: 0.844
[2026-06-15 19:23:47,563][root][INFO] - Epoch [3/5], Batch [181/300], Loss: 1.1179 (Overall: 0.6320, Change: 1.4047), TF Ratio: 0.844
[2026-06-15 19:23:47,716][root][INFO] - Epoch [3/5], Batch [182/300], Loss: 1.1179 (Overall: 0.8431, Change: 1.4098), TF Ratio: 0.844
[2026-06-15 19:23:47,872][root][INFO] - Epoch [3/5], Batch [183/300], Loss: 1.1182 (Overall: 1.0923, Change: 1.2490), TF Ratio: 0.843
[2026-06-15 19:23:48,026][root][INFO] - Epoch [3/5], Batch [184/300], Loss: 1.1171 (Overall: 0.4914, Change: 1.3462), TF Ratio: 0.843
[2026-06-15 19:23:48,179][root][INFO] - Epoch [3/5], Batch [185/300], Loss: 1.1181 (Overall: 1.0111, Change: 1.6023), TF Ratio: 0.843
[2026-06-15 19:23:48,331][root][INFO] - Epoch [3/5], Batch [186/300], Loss: 1.1184 (Overall: 0.8218, Change: 1.5221), TF Ratio: 0.843
[2026-06-15 19:23:48,484][root][INFO] - Epoch [3/5], Batch [187/300], Loss: 1.1165 (Overall: 0.6838, Change: 0.8255), TF Ratio: 0.843
[2026-06-15 19:24:00,885][root][INFO] - Epoch [3/5], Batch [188/300], Loss: 1.1165 (Overall: 0.6491, Change: 1.5940), TF Ratio: 0.842
[2026-06-15 19:24:01,038][root][INFO] - Epoch [3/5], Batch [189/300], Loss: 1.1161 (Overall: 0.7451, Change: 1.3326), TF Ratio: 0.842
[2026-06-15 19:24:01,191][root][INFO] - Epoch [3/5], Batch [190/300], Loss: 1.1163 (Overall: 1.0830, Change: 1.2079), TF Ratio: 0.842
[2026-06-15 19:24:01,343][root][INFO] - Epoch [3/5], Batch [191/300], Loss: 1.1162 (Overall: 0.9136, Change: 1.2940), TF Ratio: 0.842
[2026-06-15 19:24:01,503][root][INFO] - Epoch [3/5], Batch [192/300], Loss: 1.1164 (Overall: 0.6324, Change: 1.6806), TF Ratio: 0.842
[2026-06-15 19:24:02,397][root][INFO] - Epoch [3/5], Batch [193/300], Loss: 1.1168 (Overall: 0.9370, Change: 1.4441), TF Ratio: 0.841
[2026-06-15 19:24:02,550][root][INFO] - Epoch [3/5], Batch [194/300], Loss: 1.1171 (Overall: 1.1402, Change: 1.2346), TF Ratio: 0.841
[2026-06-15 19:24:02,703][root][INFO] - Epoch [3/5], Batch [195/300], Loss: 1.1167 (Overall: 0.7778, Change: 1.2862), TF Ratio: 0.841
[2026-06-15 19:24:17,647][root][INFO] - Epoch [3/5], Batch [196/300], Loss: 1.1167 (Overall: 0.6991, Change: 1.5117), TF Ratio: 0.841
[2026-06-15 19:24:17,803][root][INFO] - Epoch [3/5], Batch [197/300], Loss: 1.1142 (Overall: 0.5963, Change: 0.6660), TF Ratio: 0.841
[2026-06-15 19:24:17,955][root][INFO] - Epoch [3/5], Batch [198/300], Loss: 1.1148 (Overall: 0.8930, Change: 1.5689), TF Ratio: 0.840
[2026-06-15 19:24:18,108][root][INFO] - Epoch [3/5], Batch [199/300], Loss: 1.1140 (Overall: 0.7414, Change: 1.1625), TF Ratio: 0.840
[2026-06-15 19:24:18,263][root][INFO] - Epoch [3/5], Batch [200/300], Loss: 1.1137 (Overall: 0.5428, Change: 1.5697), TF Ratio: 0.840
[2026-06-15 19:24:20,108][root][INFO] - Epoch [3/5], Batch [201/300], Loss: 1.1147 (Overall: 0.8457, Change: 1.7980), TF Ratio: 0.840
[2026-06-15 19:24:20,262][root][INFO] - Epoch [3/5], Batch [202/300], Loss: 1.1137 (Overall: 0.7047, Change: 1.1094), TF Ratio: 0.840
[2026-06-15 19:24:20,415][root][INFO] - Epoch [3/5], Batch [203/300], Loss: 1.1133 (Overall: 0.5424, Change: 1.5451), TF Ratio: 0.839
[2026-06-15 19:24:30,148][root][INFO] - Epoch [3/5], Batch [204/300], Loss: 1.1134 (Overall: 0.8674, Change: 1.3824), TF Ratio: 0.839
[2026-06-15 19:24:30,303][root][INFO] - Epoch [3/5], Batch [205/300], Loss: 1.1139 (Overall: 0.7684, Change: 1.6533), TF Ratio: 0.839
[2026-06-15 19:24:30,455][root][INFO] - Epoch [3/5], Batch [206/300], Loss: 1.1141 (Overall: 0.6027, Change: 1.7113), TF Ratio: 0.839
[2026-06-15 19:24:30,607][root][INFO] - Epoch [3/5], Batch [207/300], Loss: 1.1132 (Overall: 0.7007, Change: 1.1722), TF Ratio: 0.839
[2026-06-15 19:24:30,761][root][INFO] - Epoch [3/5], Batch [208/300], Loss: 1.1130 (Overall: 0.9403, Change: 1.2120), TF Ratio: 0.838
[2026-06-15 19:24:31,675][root][INFO] - Epoch [3/5], Batch [209/300], Loss: 1.1125 (Overall: 0.6183, Change: 1.3935), TF Ratio: 0.838
[2026-06-15 19:24:31,827][root][INFO] - Epoch [3/5], Batch [210/300], Loss: 1.1131 (Overall: 1.1168, Change: 1.3309), TF Ratio: 0.838
[2026-06-15 19:24:31,980][root][INFO] - Epoch [3/5], Batch [211/300], Loss: 1.1123 (Overall: 0.5655, Change: 1.3417), TF Ratio: 0.838
[2026-06-15 19:24:48,154][root][INFO] - Epoch [3/5], Batch [212/300], Loss: 1.1119 (Overall: 0.8303, Change: 1.2357), TF Ratio: 0.838
[2026-06-15 19:24:48,314][root][INFO] - Epoch [3/5], Batch [213/300], Loss: 1.1114 (Overall: 0.7918, Change: 1.2196), TF Ratio: 0.837
[2026-06-15 19:24:48,466][root][INFO] - Epoch [3/5], Batch [214/300], Loss: 1.1116 (Overall: 0.7495, Change: 1.5656), TF Ratio: 0.837
[2026-06-15 19:24:48,619][root][INFO] - Epoch [3/5], Batch [215/300], Loss: 1.1118 (Overall: 0.5929, Change: 1.6989), TF Ratio: 0.837
[2026-06-15 19:24:48,772][root][INFO] - Epoch [3/5], Batch [216/300], Loss: 1.1126 (Overall: 1.1108, Change: 1.4597), TF Ratio: 0.837
[2026-06-15 19:24:51,358][root][INFO] - Epoch [3/5], Batch [217/300], Loss: 1.1128 (Overall: 0.9841, Change: 1.3084), TF Ratio: 0.837
[2026-06-15 19:24:51,511][root][INFO] - Epoch [3/5], Batch [218/300], Loss: 1.1128 (Overall: 0.6895, Change: 1.5379), TF Ratio: 0.836
[2026-06-15 19:24:51,664][root][INFO] - Epoch [3/5], Batch [219/300], Loss: 1.1125 (Overall: 0.7897, Change: 1.3150), TF Ratio: 0.836
[2026-06-15 19:25:01,295][root][INFO] - Epoch [3/5], Batch [220/300], Loss: 1.1129 (Overall: 0.8516, Change: 1.5590), TF Ratio: 0.836
[2026-06-15 19:25:01,450][root][INFO] - Epoch [3/5], Batch [221/300], Loss: 1.1125 (Overall: 0.5108, Change: 1.5317), TF Ratio: 0.836
[2026-06-15 19:25:01,603][root][INFO] - Epoch [3/5], Batch [222/300], Loss: 1.1156 (Overall: 0.6069, Change: 3.0063), TF Ratio: 0.836
[2026-06-15 19:25:01,754][root][INFO] - Epoch [3/5], Batch [223/300], Loss: 1.1159 (Overall: 0.9951, Change: 1.3471), TF Ratio: 0.835
[2026-06-15 19:25:01,908][root][INFO] - Epoch [3/5], Batch [224/300], Loss: 1.1160 (Overall: 0.7890, Change: 1.4850), TF Ratio: 0.835
[2026-06-15 19:25:03,089][root][INFO] - Epoch [3/5], Batch [225/300], Loss: 1.1153 (Overall: 0.7648, Change: 1.1662), TF Ratio: 0.835
[2026-06-15 19:25:03,241][root][INFO] - Epoch [3/5], Batch [226/300], Loss: 1.1141 (Overall: 0.5812, Change: 1.1006), TF Ratio: 0.835
[2026-06-15 19:25:03,393][root][INFO] - Epoch [3/5], Batch [227/300], Loss: 1.1145 (Overall: 0.8353, Change: 1.5726), TF Ratio: 0.835
[2026-06-15 19:25:16,823][root][INFO] - Epoch [3/5], Batch [228/300], Loss: 1.1141 (Overall: 0.6045, Change: 1.4329), TF Ratio: 0.834
[2026-06-15 19:25:16,978][root][INFO] - Epoch [3/5], Batch [229/300], Loss: 1.1134 (Overall: 0.6985, Change: 1.2354), TF Ratio: 0.834
[2026-06-15 19:25:17,132][root][INFO] - Epoch [3/5], Batch [230/300], Loss: 1.1127 (Overall: 0.6101, Change: 1.3038), TF Ratio: 0.834
[2026-06-15 19:25:17,289][root][INFO] - Epoch [3/5], Batch [231/300], Loss: 1.1120 (Overall: 0.6034, Change: 1.3006), TF Ratio: 0.834
[2026-06-15 19:25:17,444][root][INFO] - Epoch [3/5], Batch [232/300], Loss: 1.1119 (Overall: 0.8015, Change: 1.3542), TF Ratio: 0.834
[2026-06-15 19:25:17,598][root][INFO] - Epoch [3/5], Batch [233/300], Loss: 1.1111 (Overall: 0.6369, Change: 1.2410), TF Ratio: 0.833
[2026-06-15 19:25:17,751][root][INFO] - Epoch [3/5], Batch [234/300], Loss: 1.1110 (Overall: 0.8109, Change: 1.3450), TF Ratio: 0.833
[2026-06-15 19:25:17,903][root][INFO] - Epoch [3/5], Batch [235/300], Loss: 1.1121 (Overall: 1.3116, Change: 1.4206), TF Ratio: 0.833
[2026-06-15 19:25:29,466][root][INFO] - Epoch [3/5], Batch [236/300], Loss: 1.1122 (Overall: 0.7020, Change: 1.5937), TF Ratio: 0.833
[2026-06-15 19:25:29,632][root][INFO] - Epoch [3/5], Batch [237/300], Loss: 1.1125 (Overall: 0.8393, Change: 1.5097), TF Ratio: 0.833
[2026-06-15 19:25:29,785][root][INFO] - Epoch [3/5], Batch [238/300], Loss: 1.1115 (Overall: 0.6901, Change: 1.0694), TF Ratio: 0.832
[2026-06-15 19:25:29,937][root][INFO] - Epoch [3/5], Batch [239/300], Loss: 1.1115 (Overall: 0.7117, Change: 1.5200), TF Ratio: 0.832
[2026-06-15 19:25:30,091][root][INFO] - Epoch [3/5], Batch [240/300], Loss: 1.1124 (Overall: 1.0547, Change: 1.5931), TF Ratio: 0.832
[2026-06-15 19:25:30,244][root][INFO] - Epoch [3/5], Batch [241/300], Loss: 1.1127 (Overall: 0.7462, Change: 1.6295), TF Ratio: 0.832
[2026-06-15 19:25:30,397][root][INFO] - Epoch [3/5], Batch [242/300], Loss: 1.1128 (Overall: 0.7206, Change: 1.5260), TF Ratio: 0.832
[2026-06-15 19:25:30,551][root][INFO] - Epoch [3/5], Batch [243/300], Loss: 1.1132 (Overall: 0.8517, Change: 1.5791), TF Ratio: 0.831
[2026-06-15 19:25:41,182][root][INFO] - Epoch [3/5], Batch [244/300], Loss: 1.1124 (Overall: 0.6613, Change: 1.1680), TF Ratio: 0.831
[2026-06-15 19:25:41,338][root][INFO] - Epoch [3/5], Batch [245/300], Loss: 1.1123 (Overall: 0.9820, Change: 1.1825), TF Ratio: 0.831
[2026-06-15 19:25:41,490][root][INFO] - Epoch [3/5], Batch [246/300], Loss: 1.1119 (Overall: 0.7419, Change: 1.3189), TF Ratio: 0.831
[2026-06-15 19:25:41,645][root][INFO] - Epoch [3/5], Batch [247/300], Loss: 1.1113 (Overall: 0.7511, Change: 1.1658), TF Ratio: 0.831
[2026-06-15 19:25:41,800][root][INFO] - Epoch [3/5], Batch [248/300], Loss: 1.1109 (Overall: 0.5980, Change: 1.3951), TF Ratio: 0.830
[2026-06-15 19:25:41,954][root][INFO] - Epoch [3/5], Batch [249/300], Loss: 1.1102 (Overall: 0.6418, Change: 1.2314), TF Ratio: 0.830
[2026-06-15 19:25:42,106][root][INFO] - Epoch [3/5], Batch [250/300], Loss: 1.1097 (Overall: 0.4765, Change: 1.5049), TF Ratio: 0.830
[2026-06-15 19:25:42,259][root][INFO] - Epoch [3/5], Batch [251/300], Loss: 1.1098 (Overall: 1.0089, Change: 1.2736), TF Ratio: 0.830
[2026-06-15 19:25:52,962][root][INFO] - Epoch [3/5], Batch [252/300], Loss: 1.1102 (Overall: 1.0203, Change: 1.4197), TF Ratio: 0.830
[2026-06-15 19:25:53,116][root][INFO] - Epoch [3/5], Batch [253/300], Loss: 1.1096 (Overall: 0.8038, Change: 1.1104), TF Ratio: 0.829
[2026-06-15 19:25:53,269][root][INFO] - Epoch [3/5], Batch [254/300], Loss: 1.1102 (Overall: 0.8764, Change: 1.6401), TF Ratio: 0.829
[2026-06-15 19:25:53,422][root][INFO] - Epoch [3/5], Batch [255/300], Loss: 1.1100 (Overall: 0.4899, Change: 1.6372), TF Ratio: 0.829
[2026-06-15 19:25:53,577][root][INFO] - Epoch [3/5], Batch [256/300], Loss: 1.1097 (Overall: 0.5641, Change: 1.4793), TF Ratio: 0.829
[2026-06-15 19:25:53,731][root][INFO] - Epoch [3/5], Batch [257/300], Loss: 1.1099 (Overall: 0.6439, Change: 1.6921), TF Ratio: 0.829
[2026-06-15 19:25:53,884][root][INFO] - Epoch [3/5], Batch [258/300], Loss: 1.1091 (Overall: 0.6355, Change: 1.1651), TF Ratio: 0.828
[2026-06-15 19:25:54,037][root][INFO] - Epoch [3/5], Batch [259/300], Loss: 1.1086 (Overall: 0.8278, Change: 1.1094), TF Ratio: 0.828
[2026-06-15 19:26:04,793][root][INFO] - Epoch [3/5], Batch [260/300], Loss: 1.1083 (Overall: 0.7977, Change: 1.2867), TF Ratio: 0.828
[2026-06-15 19:26:04,950][root][INFO] - Epoch [3/5], Batch [261/300], Loss: 1.1083 (Overall: 0.6962, Change: 1.4944), TF Ratio: 0.828
[2026-06-15 19:26:05,102][root][INFO] - Epoch [3/5], Batch [262/300], Loss: 1.1076 (Overall: 0.8994, Change: 0.9663), TF Ratio: 0.828
[2026-06-15 19:26:05,256][root][INFO] - Epoch [3/5], Batch [263/300], Loss: 1.1076 (Overall: 0.7737, Change: 1.4453), TF Ratio: 0.827
[2026-06-15 19:26:05,413][root][INFO] - Epoch [3/5], Batch [264/300], Loss: 1.1073 (Overall: 0.6697, Change: 1.3636), TF Ratio: 0.827
[2026-06-15 19:26:05,568][root][INFO] - Epoch [3/5], Batch [265/300], Loss: 1.1061 (Overall: 0.5128, Change: 1.1004), TF Ratio: 0.827
[2026-06-15 19:26:05,721][root][INFO] - Epoch [3/5], Batch [266/300], Loss: 1.1060 (Overall: 0.6267, Change: 1.5426), TF Ratio: 0.827
[2026-06-15 19:26:05,874][root][INFO] - Epoch [3/5], Batch [267/300], Loss: 1.1057 (Overall: 0.9747, Change: 1.0319), TF Ratio: 0.827
[2026-06-15 19:26:17,156][root][INFO] - Epoch [3/5], Batch [268/300], Loss: 1.1052 (Overall: 0.8313, Change: 1.1433), TF Ratio: 0.826
[2026-06-15 19:26:17,311][root][INFO] - Epoch [3/5], Batch [269/300], Loss: 1.1047 (Overall: 0.4866, Change: 1.4445), TF Ratio: 0.826
[2026-06-15 19:26:17,464][root][INFO] - Epoch [3/5], Batch [270/300], Loss: 1.1045 (Overall: 0.9859, Change: 1.1002), TF Ratio: 0.826
[2026-06-15 19:26:17,616][root][INFO] - Epoch [3/5], Batch [271/300], Loss: 1.1046 (Overall: 0.8388, Change: 1.4353), TF Ratio: 0.826
[2026-06-15 19:26:17,777][root][INFO] - Epoch [3/5], Batch [272/300], Loss: 1.1042 (Overall: 0.6855, Change: 1.3398), TF Ratio: 0.826
[2026-06-15 19:26:17,932][root][INFO] - Epoch [3/5], Batch [273/300], Loss: 1.1047 (Overall: 0.8385, Change: 1.6288), TF Ratio: 0.825
[2026-06-15 19:26:18,085][root][INFO] - Epoch [3/5], Batch [274/300], Loss: 1.1042 (Overall: 0.7209, Change: 1.1893), TF Ratio: 0.825
[2026-06-15 19:26:18,237][root][INFO] - Epoch [3/5], Batch [275/300], Loss: 1.1041 (Overall: 0.7642, Change: 1.4187), TF Ratio: 0.825
[2026-06-15 19:26:28,569][root][INFO] - Epoch [3/5], Batch [276/300], Loss: 1.1040 (Overall: 0.6175, Change: 1.5046), TF Ratio: 0.825
[2026-06-15 19:26:28,730][root][INFO] - Epoch [3/5], Batch [277/300], Loss: 1.1038 (Overall: 0.8888, Change: 1.2494), TF Ratio: 0.825
[2026-06-15 19:26:28,883][root][INFO] - Epoch [3/5], Batch [278/300], Loss: 1.1033 (Overall: 0.5570, Change: 1.3529), TF Ratio: 0.824
[2026-06-15 19:26:29,034][root][INFO] - Epoch [3/5], Batch [279/300], Loss: 1.1032 (Overall: 0.8295, Change: 1.2871), TF Ratio: 0.824
[2026-06-15 19:26:29,188][root][INFO] - Epoch [3/5], Batch [280/300], Loss: 1.1030 (Overall: 0.6630, Change: 1.4538), TF Ratio: 0.824
[2026-06-15 19:26:29,341][root][INFO] - Epoch [3/5], Batch [281/300], Loss: 1.1025 (Overall: 0.7869, Change: 1.1509), TF Ratio: 0.824
[2026-06-15 19:26:29,493][root][INFO] - Epoch [3/5], Batch [282/300], Loss: 1.1030 (Overall: 0.9080, Change: 1.5809), TF Ratio: 0.824
[2026-06-15 19:26:29,646][root][INFO] - Epoch [3/5], Batch [283/300], Loss: 1.1035 (Overall: 1.1355, Change: 1.3246), TF Ratio: 0.823
[2026-06-15 19:26:40,215][root][INFO] - Epoch [3/5], Batch [284/300], Loss: 1.1030 (Overall: 0.6394, Change: 1.3264), TF Ratio: 0.823
[2026-06-15 19:26:40,369][root][INFO] - Epoch [3/5], Batch [285/300], Loss: 1.1037 (Overall: 0.7740, Change: 1.7881), TF Ratio: 0.823
[2026-06-15 19:26:40,522][root][INFO] - Epoch [3/5], Batch [286/300], Loss: 1.1033 (Overall: 0.6612, Change: 1.3392), TF Ratio: 0.823
[2026-06-15 19:26:40,675][root][INFO] - Epoch [3/5], Batch [287/300], Loss: 1.1027 (Overall: 0.7388, Change: 1.0986), TF Ratio: 0.823
[2026-06-15 19:26:40,829][root][INFO] - Epoch [3/5], Batch [288/300], Loss: 1.1022 (Overall: 0.5314, Change: 1.4268), TF Ratio: 0.822
[2026-06-15 19:26:40,983][root][INFO] - Epoch [3/5], Batch [289/300], Loss: 1.1016 (Overall: 0.8453, Change: 0.9876), TF Ratio: 0.822
[2026-06-15 19:26:41,137][root][INFO] - Epoch [3/5], Batch [290/300], Loss: 1.1019 (Overall: 0.9010, Change: 1.5058), TF Ratio: 0.822
[2026-06-15 19:26:41,290][root][INFO] - Epoch [3/5], Batch [291/300], Loss: 1.1019 (Overall: 0.7108, Change: 1.4454), TF Ratio: 0.822
[2026-06-15 19:26:51,779][root][INFO] - Epoch [3/5], Batch [292/300], Loss: 1.1023 (Overall: 0.8023, Change: 1.6662), TF Ratio: 0.822
[2026-06-15 19:26:51,932][root][INFO] - Epoch [3/5], Batch [293/300], Loss: 1.1014 (Overall: 0.5990, Change: 1.1001), TF Ratio: 0.821
[2026-06-15 19:26:52,084][root][INFO] - Epoch [3/5], Batch [294/300], Loss: 1.1018 (Overall: 1.0505, Change: 1.3790), TF Ratio: 0.821
[2026-06-15 19:26:52,242][root][INFO] - Epoch [3/5], Batch [295/300], Loss: 1.1017 (Overall: 0.7671, Change: 1.3639), TF Ratio: 0.821
[2026-06-15 19:26:52,395][root][INFO] - Epoch [3/5], Batch [296/300], Loss: 1.1014 (Overall: 0.7269, Change: 1.3012), TF Ratio: 0.821
[2026-06-15 19:26:54,031][root][INFO] - Epoch [3/5], Batch [297/300], Loss: 1.1009 (Overall: 0.5543, Change: 1.3577), TF Ratio: 0.821
[2026-06-15 19:26:54,185][root][INFO] - Epoch [3/5], Batch [298/300], Loss: 1.1010 (Overall: 0.8640, Change: 1.3640), TF Ratio: 0.820
[2026-06-15 19:26:54,339][root][INFO] - Epoch [3/5], Batch [299/300], Loss: 1.1010 (Overall: 0.7420, Change: 1.4746), TF Ratio: 0.820
[2026-06-15 19:27:08,664][root][INFO] - Epoch [3/5], Batch [300/300], Loss: 1.1007 (Overall: 0.5764, Change: 1.4738), TF Ratio: 0.820
[2026-06-15 19:27:21,003][root][INFO] - Epoch 3 done. Validating...
[2026-06-15 19:28:02,873][root][INFO] - Epoch [3/5] | Train: 1.0882 | Val: 0.7438
[2026-06-15 19:28:03,057][root][INFO] - Checkpoint saved: /gpfs/scratch/bsc32/bsc096444/ai4land-tfm/trained_models/unet_impl/41825128/model_epoch_3.pth
[2026-06-15 19:28:17,592][root][INFO] - Epoch [4/5], Batch [1/300], Loss: 1.3309 (Overall: 1.1198, Change: 1.5421), TF Ratio: 0.820
[2026-06-15 19:28:17,745][root][INFO] - Epoch [4/5], Batch [2/300], Loss: 0.9889 (Overall: 0.5993, Change: 0.6945), TF Ratio: 0.820
[2026-06-15 19:28:17,908][root][INFO] - Epoch [4/5], Batch [3/300], Loss: 1.1356 (Overall: 0.7824, Change: 2.0752), TF Ratio: 0.819
[2026-06-15 19:28:18,178][root][INFO] - Epoch [4/5], Batch [4/300], Loss: 1.0802 (Overall: 0.8699, Change: 0.9584), TF Ratio: 0.819
[2026-06-15 19:28:18,333][root][INFO] - Epoch [4/5], Batch [5/300], Loss: 1.0445 (Overall: 0.8226, Change: 0.9804), TF Ratio: 0.819
[2026-06-15 19:28:18,485][root][INFO] - Epoch [4/5], Batch [6/300], Loss: 1.0556 (Overall: 0.9492, Change: 1.2737), TF Ratio: 0.819
[2026-06-15 19:28:18,638][root][INFO] - Epoch [4/5], Batch [7/300], Loss: 1.0749 (Overall: 0.9167, Change: 1.4639), TF Ratio: 0.819
[2026-06-15 19:28:31,257][root][INFO] - Epoch [4/5], Batch [8/300], Loss: 1.0899 (Overall: 0.9694, Change: 1.4204), TF Ratio: 0.818
[2026-06-15 19:28:31,411][root][INFO] - Epoch [4/5], Batch [9/300], Loss: 1.0667 (Overall: 0.5481, Change: 1.2148), TF Ratio: 0.818
[2026-06-15 19:28:31,564][root][INFO] - Epoch [4/5], Batch [10/300], Loss: 1.0799 (Overall: 0.8940, Change: 1.5031), TF Ratio: 0.818
[2026-06-15 19:28:31,716][root][INFO] - Epoch [4/5], Batch [11/300], Loss: 1.1018 (Overall: 0.8705, Change: 1.7718), TF Ratio: 0.818
[2026-06-15 19:28:32,657][root][INFO] - Epoch [4/5], Batch [12/300], Loss: 1.0863 (Overall: 0.6808, Change: 1.1497), TF Ratio: 0.818
[2026-06-15 19:28:32,810][root][INFO] - Epoch [4/5], Batch [13/300], Loss: 1.0664 (Overall: 0.5903, Change: 1.0655), TF Ratio: 0.817
[2026-06-15 19:28:32,963][root][INFO] - Epoch [4/5], Batch [14/300], Loss: 1.0457 (Overall: 0.7116, Change: 0.8403), TF Ratio: 0.817
[2026-06-15 19:28:33,115][root][INFO] - Epoch [4/5], Batch [15/300], Loss: 1.0417 (Overall: 0.7163, Change: 1.2570), TF Ratio: 0.817
[2026-06-15 19:28:43,721][root][INFO] - Epoch [4/5], Batch [16/300], Loss: 1.0414 (Overall: 0.7447, Change: 1.3273), TF Ratio: 0.817
[2026-06-15 19:28:43,874][root][INFO] - Epoch [4/5], Batch [17/300], Loss: 1.0496 (Overall: 0.7552, Change: 1.6074), TF Ratio: 0.817
[2026-06-15 19:28:44,028][root][INFO] - Epoch [4/5], Batch [18/300], Loss: 1.0509 (Overall: 0.6626, Change: 1.4822), TF Ratio: 0.816
[2026-06-15 19:28:44,181][root][INFO] - Epoch [4/5], Batch [19/300], Loss: 1.0388 (Overall: 0.4564, Change: 1.1873), TF Ratio: 0.816
[2026-06-15 19:28:45,532][root][INFO] - Epoch [4/5], Batch [20/300], Loss: 1.0394 (Overall: 1.0979, Change: 1.0015), TF Ratio: 0.816
[2026-06-15 19:28:45,687][root][INFO] - Epoch [4/5], Batch [21/300], Loss: 1.0359 (Overall: 0.6155, Change: 1.3178), TF Ratio: 0.816
[2026-06-15 19:28:45,839][root][INFO] - Epoch [4/5], Batch [22/300], Loss: 1.0299 (Overall: 0.6429, Change: 1.1654), TF Ratio: 0.816
[2026-06-15 19:28:45,992][root][INFO] - Epoch [4/5], Batch [23/300], Loss: 1.0371 (Overall: 0.7771, Change: 1.6113), TF Ratio: 0.815
[2026-06-15 19:28:55,697][root][INFO] - Epoch [4/5], Batch [24/300], Loss: 1.0437 (Overall: 0.7856, Change: 1.6078), TF Ratio: 0.815
[2026-06-15 19:28:55,854][root][INFO] - Epoch [4/5], Batch [25/300], Loss: 1.0335 (Overall: 0.5904, Change: 0.9876), TF Ratio: 0.815
[2026-06-15 19:28:56,007][root][INFO] - Epoch [4/5], Batch [26/300], Loss: 1.0347 (Overall: 0.6396, Change: 1.4900), TF Ratio: 0.815
[2026-06-15 19:28:56,159][root][INFO] - Epoch [4/5], Batch [27/300], Loss: 1.0420 (Overall: 1.0511, Change: 1.4112), TF Ratio: 0.815
[2026-06-15 19:28:58,069][root][INFO] - Epoch [4/5], Batch [28/300], Loss: 1.0436 (Overall: 0.9774, Change: 1.1970), TF Ratio: 0.814
[2026-06-15 19:28:58,223][root][INFO] - Epoch [4/5], Batch [29/300], Loss: 1.0400 (Overall: 0.8286, Change: 1.0492), TF Ratio: 0.814
[2026-06-15 19:28:58,375][root][INFO] - Epoch [4/5], Batch [30/300], Loss: 1.0463 (Overall: 1.0305, Change: 1.4257), TF Ratio: 0.814
[2026-06-15 19:28:58,528][root][INFO] - Epoch [4/5], Batch [31/300], Loss: 1.0500 (Overall: 1.0548, Change: 1.2704), TF Ratio: 0.814
[2026-06-15 19:29:14,478][root][INFO] - Epoch [4/5], Batch [32/300], Loss: 1.0439 (Overall: 0.7278, Change: 0.9813), TF Ratio: 0.814
[2026-06-15 19:29:14,632][root][INFO] - Epoch [4/5], Batch [33/300], Loss: 1.0462 (Overall: 0.6030, Change: 1.6374), TF Ratio: 0.813
[2026-06-15 19:29:14,785][root][INFO] - Epoch [4/5], Batch [34/300], Loss: 1.0429 (Overall: 0.5075, Change: 1.3588), TF Ratio: 0.813
[2026-06-15 19:29:14,937][root][INFO] - Epoch [4/5], Batch [35/300], Loss: 1.0489 (Overall: 0.9983, Change: 1.5086), TF Ratio: 0.813
[2026-06-15 19:29:15,090][root][INFO] - Epoch [4/5], Batch [36/300], Loss: 1.0517 (Overall: 0.7909, Change: 1.5039), TF Ratio: 0.813
[2026-06-15 19:29:15,245][root][INFO] - Epoch [4/5], Batch [37/300], Loss: 1.0533 (Overall: 1.1142, Change: 1.1139), TF Ratio: 0.813
[2026-06-15 19:29:15,398][root][INFO] - Epoch [4/5], Batch [38/300], Loss: 1.0567 (Overall: 0.7974, Change: 1.5612), TF Ratio: 0.812
[2026-06-15 19:29:15,551][root][INFO] - Epoch [4/5], Batch [39/300], Loss: 1.0580 (Overall: 1.1655, Change: 1.0517), TF Ratio: 0.812
[2026-06-15 19:29:25,714][root][INFO] - Epoch [4/5], Batch [40/300], Loss: 1.0570 (Overall: 0.6904, Change: 1.3505), TF Ratio: 0.812
[2026-06-15 19:29:25,868][root][INFO] - Epoch [4/5], Batch [41/300], Loss: 1.0506 (Overall: 0.5359, Change: 1.0482), TF Ratio: 0.812
[2026-06-15 19:29:26,020][root][INFO] - Epoch [4/5], Batch [42/300], Loss: 1.0521 (Overall: 0.6923, Change: 1.5404), TF Ratio: 0.812
[2026-06-15 19:29:26,175][root][INFO] - Epoch [4/5], Batch [43/300], Loss: 1.0558 (Overall: 0.8238, Change: 1.5927), TF Ratio: 0.811
[2026-06-15 19:29:26,626][root][INFO] - Epoch [4/5], Batch [44/300], Loss: 1.0546 (Overall: 0.7174, Change: 1.2879), TF Ratio: 0.811
[2026-06-15 19:29:26,963][root][INFO] - Epoch [4/5], Batch [45/300], Loss: 1.0527 (Overall: 0.7435, Change: 1.1985), TF Ratio: 0.811
[2026-06-15 19:29:27,115][root][INFO] - Epoch [4/5], Batch [46/300], Loss: 1.0550 (Overall: 0.8717, Change: 1.4458), TF Ratio: 0.811
[2026-06-15 19:29:27,268][root][INFO] - Epoch [4/5], Batch [47/300], Loss: 1.0522 (Overall: 0.6555, Change: 1.1944), TF Ratio: 0.811
[2026-06-15 19:29:37,221][root][INFO] - Epoch [4/5], Batch [48/300], Loss: 1.0552 (Overall: 0.7833, Change: 1.6084), TF Ratio: 0.810
[2026-06-15 19:29:37,374][root][INFO] - Epoch [4/5], Batch [49/300], Loss: 1.0589 (Overall: 1.0097, Change: 1.4588), TF Ratio: 0.810
[2026-06-15 19:29:37,528][root][INFO] - Epoch [4/5], Batch [50/300], Loss: 1.0579 (Overall: 0.7885, Change: 1.2273), TF Ratio: 0.810
[2026-06-15 19:29:37,682][root][INFO] - Epoch [4/5], Batch [51/300], Loss: 1.0619 (Overall: 0.6792, Change: 1.8503), TF Ratio: 0.810
[2026-06-15 19:29:38,326][root][INFO] - Epoch [4/5], Batch [52/300], Loss: 1.0596 (Overall: 0.5556, Change: 1.3282), TF Ratio: 0.810
[2026-06-15 19:29:39,759][root][INFO] - Epoch [4/5], Batch [53/300], Loss: 1.0546 (Overall: 0.7893, Change: 0.7968), TF Ratio: 0.809
[2026-06-15 19:29:39,911][root][INFO] - Epoch [4/5], Batch [54/300], Loss: 1.0613 (Overall: 1.6408, Change: 1.1886), TF Ratio: 0.809
[2026-06-15 19:29:40,064][root][INFO] - Epoch [4/5], Batch [55/300], Loss: 1.0638 (Overall: 0.7994, Change: 1.6034), TF Ratio: 0.809
[2026-06-15 19:29:49,671][root][INFO] - Epoch [4/5], Batch [56/300], Loss: 1.0615 (Overall: 0.5722, Change: 1.2964), TF Ratio: 0.809
[2026-06-15 19:29:49,825][root][INFO] - Epoch [4/5], Batch [57/300], Loss: 1.0655 (Overall: 0.9988, Change: 1.5765), TF Ratio: 0.809
[2026-06-15 19:29:49,978][root][INFO] - Epoch [4/5], Batch [58/300], Loss: 1.0768 (Overall: 1.7893, Change: 1.6613), TF Ratio: 0.808
[2026-06-15 19:29:50,131][root][INFO] - Epoch [4/5], Batch [59/300], Loss: 1.0753 (Overall: 0.7559, Change: 1.2180), TF Ratio: 0.808
[2026-06-15 19:29:52,394][root][INFO] - Epoch [4/5], Batch [60/300], Loss: 1.0777 (Overall: 0.9846, Change: 1.4484), TF Ratio: 0.808
[2026-06-15 19:29:57,494][root][INFO] - Epoch [4/5], Batch [61/300], Loss: 1.0769 (Overall: 0.5543, Change: 1.5096), TF Ratio: 0.808
[2026-06-15 19:29:57,648][root][INFO] - Epoch [4/5], Batch [62/300], Loss: 1.0754 (Overall: 0.5957, Change: 1.3740), TF Ratio: 0.808
[2026-06-15 19:29:57,801][root][INFO] - Epoch [4/5], Batch [63/300], Loss: 1.0735 (Overall: 0.5688, Change: 1.3325), TF Ratio: 0.807
[2026-06-15 19:30:02,305][root][INFO] - Epoch [4/5], Batch [64/300], Loss: 1.0732 (Overall: 0.7931, Change: 1.3222), TF Ratio: 0.807
[2026-06-15 19:30:02,461][root][INFO] - Epoch [4/5], Batch [65/300], Loss: 1.0687 (Overall: 0.6940, Change: 0.8637), TF Ratio: 0.807
[2026-06-15 19:30:02,614][root][INFO] - Epoch [4/5], Batch [66/300], Loss: 1.0656 (Overall: 0.5069, Change: 1.2239), TF Ratio: 0.807
[2026-06-15 19:30:02,767][root][INFO] - Epoch [4/5], Batch [67/300], Loss: 1.0675 (Overall: 0.8712, Change: 1.5100), TF Ratio: 0.807
[2026-06-15 19:30:05,573][root][INFO] - Epoch [4/5], Batch [68/300], Loss: 1.0646 (Overall: 0.7284, Change: 1.0215), TF Ratio: 0.806
[2026-06-15 19:30:10,705][root][INFO] - Epoch [4/5], Batch [69/300], Loss: 1.0654 (Overall: 0.6220, Change: 1.6117), TF Ratio: 0.806
[2026-06-15 19:30:10,858][root][INFO] - Epoch [4/5], Batch [70/300], Loss: 1.0658 (Overall: 0.8386, Change: 1.3424), TF Ratio: 0.806
[2026-06-15 19:30:11,010][root][INFO] - Epoch [4/5], Batch [71/300], Loss: 1.0660 (Overall: 0.7765, Change: 1.3888), TF Ratio: 0.806
[2026-06-15 19:30:14,285][root][INFO] - Epoch [4/5], Batch [72/300], Loss: 1.0648 (Overall: 0.9840, Change: 0.9804), TF Ratio: 0.806
[2026-06-15 19:30:14,439][root][INFO] - Epoch [4/5], Batch [73/300], Loss: 1.0612 (Overall: 0.5888, Change: 1.0150), TF Ratio: 0.805
[2026-06-15 19:30:14,591][root][INFO] - Epoch [4/5], Batch [74/300], Loss: 1.0629 (Overall: 0.7608, Change: 1.6119), TF Ratio: 0.805
[2026-06-15 19:30:14,744][root][INFO] - Epoch [4/5], Batch [75/300], Loss: 1.0631 (Overall: 0.6570, Change: 1.4971), TF Ratio: 0.805
[2026-06-15 19:30:19,865][root][INFO] - Epoch [4/5], Batch [76/300], Loss: 1.0597 (Overall: 0.5403, Change: 1.0650), TF Ratio: 0.805
[2026-06-15 19:30:22,689][root][INFO] - Epoch [4/5], Batch [77/300], Loss: 1.0625 (Overall: 0.5690, Change: 1.9911), TF Ratio: 0.805
[2026-06-15 19:30:22,842][root][INFO] - Epoch [4/5], Batch [78/300], Loss: 1.0631 (Overall: 0.7329, Change: 1.4814), TF Ratio: 0.804
[2026-06-15 19:30:22,994][root][INFO] - Epoch [4/5], Batch [79/300], Loss: 1.0624 (Overall: 0.7304, Change: 1.2787), TF Ratio: 0.804
[2026-06-15 19:30:26,327][root][INFO] - Epoch [4/5], Batch [80/300], Loss: 1.0579 (Overall: 0.5757, Change: 0.8376), TF Ratio: 0.804
[2026-06-15 19:30:26,482][root][INFO] - Epoch [4/5], Batch [81/300], Loss: 1.0570 (Overall: 0.5904, Change: 1.3728), TF Ratio: 0.804
[2026-06-15 19:30:26,635][root][INFO] - Epoch [4/5], Batch [82/300], Loss: 1.0573 (Overall: 0.7166, Change: 1.4515), TF Ratio: 0.804
[2026-06-15 19:30:26,788][root][INFO] - Epoch [4/5], Batch [83/300], Loss: 1.0571 (Overall: 0.5040, Change: 1.5808), TF Ratio: 0.803
[2026-06-15 19:30:31,460][root][INFO] - Epoch [4/5], Batch [84/300], Loss: 1.0546 (Overall: 0.4889, Change: 1.1955), TF Ratio: 0.803
[2026-06-15 19:30:36,840][root][INFO] - Epoch [4/5], Batch [85/300], Loss: 1.0538 (Overall: 0.5985, Change: 1.3848), TF Ratio: 0.803
[2026-06-15 19:30:36,992][root][INFO] - Epoch [4/5], Batch [86/300], Loss: 1.0530 (Overall: 0.7368, Change: 1.2273), TF Ratio: 0.803
[2026-06-15 19:30:37,152][root][INFO] - Epoch [4/5], Batch [87/300], Loss: 1.0534 (Overall: 0.7743, Change: 1.3976), TF Ratio: 0.803
[2026-06-15 19:30:38,162][root][INFO] - Epoch [4/5], Batch [88/300], Loss: 1.0536 (Overall: 0.6529, Change: 1.4857), TF Ratio: 0.802
[2026-06-15 19:30:38,316][root][INFO] - Epoch [4/5], Batch [89/300], Loss: 1.0555 (Overall: 1.1631, Change: 1.2948), TF Ratio: 0.802
[2026-06-15 19:30:38,469][root][INFO] - Epoch [4/5], Batch [90/300], Loss: 1.0590 (Overall: 1.0991, Change: 1.6290), TF Ratio: 0.802
[2026-06-15 19:30:38,621][root][INFO] - Epoch [4/5], Batch [91/300], Loss: 1.0570 (Overall: 0.7845, Change: 0.9861), TF Ratio: 0.802
[2026-06-15 19:30:45,810][root][INFO] - Epoch [4/5], Batch [92/300], Loss: 1.0600 (Overall: 1.0807, Change: 1.5724), TF Ratio: 0.802
[2026-06-15 19:30:50,397][root][INFO] - Epoch [4/5], Batch [93/300], Loss: 1.0605 (Overall: 0.8670, Change: 1.3493), TF Ratio: 0.801
[2026-06-15 19:30:50,550][root][INFO] - Epoch [4/5], Batch [94/300], Loss: 1.0590 (Overall: 0.6823, Change: 1.1666), TF Ratio: 0.801
[2026-06-15 19:30:50,703][root][INFO] - Epoch [4/5], Batch [95/300], Loss: 1.0562 (Overall: 0.5958, Change: 0.9865), TF Ratio: 0.801
[2026-06-15 19:30:50,861][root][INFO] - Epoch [4/5], Batch [96/300], Loss: 1.0546 (Overall: 0.9778, Change: 0.8273), TF Ratio: 0.801
[2026-06-15 19:30:51,014][root][INFO] - Epoch [4/5], Batch [97/300], Loss: 1.0566 (Overall: 0.9010, Change: 1.5876), TF Ratio: 0.801
[2026-06-15 19:30:51,166][root][INFO] - Epoch [4/5], Batch [98/300], Loss: 1.0572 (Overall: 0.7540, Change: 1.4841), TF Ratio: 0.800
[2026-06-15 19:30:52,661][root][INFO] - Epoch [4/5], Batch [99/300], Loss: 1.0579 (Overall: 0.6318, Change: 1.6160), TF Ratio: 0.800
[2026-06-15 19:30:59,417][root][INFO] - Epoch [4/5], Batch [100/300], Loss: 1.0560 (Overall: 0.4839, Change: 1.2573), TF Ratio: 0.800
[2026-06-15 19:31:03,015][root][INFO] - Epoch [4/5], Batch [101/300], Loss: 1.0589 (Overall: 1.1776, Change: 1.5086), TF Ratio: 0.800
[2026-06-15 19:31:03,168][root][INFO] - Epoch [4/5], Batch [102/300], Loss: 1.0567 (Overall: 0.5424, Change: 1.1387), TF Ratio: 0.800
[2026-06-15 19:31:03,321][root][INFO] - Epoch [4/5], Batch [103/300], Loss: 1.0550 (Overall: 0.7460, Change: 1.0048), TF Ratio: 0.799
[2026-06-15 19:31:03,478][root][INFO] - Epoch [4/5], Batch [104/300], Loss: 1.0549 (Overall: 0.5740, Change: 1.5292), TF Ratio: 0.799
[2026-06-15 19:31:03,631][root][INFO] - Epoch [4/5], Batch [105/300], Loss: 1.0556 (Overall: 0.5662, Change: 1.6778), TF Ratio: 0.799
[2026-06-15 19:31:03,784][root][INFO] - Epoch [4/5], Batch [106/300], Loss: 1.0559 (Overall: 0.5680, Change: 1.6170), TF Ratio: 0.799
[2026-06-15 19:31:04,009][root][INFO] - Epoch [4/5], Batch [107/300], Loss: 1.0522 (Overall: 0.5496, Change: 0.7641), TF Ratio: 0.799
[2026-06-15 19:31:13,096][root][INFO] - Epoch [4/5], Batch [108/300], Loss: 1.0517 (Overall: 0.6873, Change: 1.3068), TF Ratio: 0.798
[2026-06-15 19:31:17,054][root][INFO] - Epoch [4/5], Batch [109/300], Loss: 1.0512 (Overall: 0.4739, Change: 1.5181), TF Ratio: 0.798
[2026-06-15 19:31:17,208][root][INFO] - Epoch [4/5], Batch [110/300], Loss: 1.0538 (Overall: 1.0749, Change: 1.6162), TF Ratio: 0.798
[2026-06-15 19:31:17,361][root][INFO] - Epoch [4/5], Batch [111/300], Loss: 1.0536 (Overall: 0.8082, Change: 1.2397), TF Ratio: 0.798
[2026-06-15 19:31:17,515][root][INFO] - Epoch [4/5], Batch [112/300], Loss: 1.0546 (Overall: 0.8751, Change: 1.4686), TF Ratio: 0.798
[2026-06-15 19:31:17,668][root][INFO] - Epoch [4/5], Batch [113/300], Loss: 1.0546 (Overall: 0.5950, Change: 1.5175), TF Ratio: 0.797
[2026-06-15 19:31:17,820][root][INFO] - Epoch [4/5], Batch [114/300], Loss: 1.0551 (Overall: 0.8508, Change: 1.3523), TF Ratio: 0.797
[2026-06-15 19:31:17,975][root][INFO] - Epoch [4/5], Batch [115/300], Loss: 1.0559 (Overall: 0.8631, Change: 1.4399), TF Ratio: 0.797
[2026-06-15 19:31:28,543][root][INFO] - Epoch [4/5], Batch [116/300], Loss: 1.0561 (Overall: 0.7686, Change: 1.4000), TF Ratio: 0.797
[2026-06-15 19:31:29,466][root][INFO] - Epoch [4/5], Batch [117/300], Loss: 1.0553 (Overall: 0.6363, Change: 1.2695), TF Ratio: 0.797
[2026-06-15 19:31:29,625][root][INFO] - Epoch [4/5], Batch [118/300], Loss: 1.0547 (Overall: 0.5369, Change: 1.4399), TF Ratio: 0.796
[2026-06-15 19:31:29,778][root][INFO] - Epoch [4/5], Batch [119/300], Loss: 1.0543 (Overall: 0.7333, Change: 1.2737), TF Ratio: 0.796
[2026-06-15 19:31:29,933][root][INFO] - Epoch [4/5], Batch [120/300], Loss: 1.0550 (Overall: 0.5162, Change: 1.7801), TF Ratio: 0.796
[2026-06-15 19:31:30,086][root][INFO] - Epoch [4/5], Batch [121/300], Loss: 1.0552 (Overall: 0.6078, Change: 1.5346), TF Ratio: 0.796
[2026-06-15 19:31:30,239][root][INFO] - Epoch [4/5], Batch [122/300], Loss: 1.0560 (Overall: 0.8245, Change: 1.4973), TF Ratio: 0.796
[2026-06-15 19:31:30,391][root][INFO] - Epoch [4/5], Batch [123/300], Loss: 1.0548 (Overall: 0.6315, Change: 1.1638), TF Ratio: 0.795
[2026-06-15 19:31:40,120][root][INFO] - Epoch [4/5], Batch [124/300], Loss: 1.0571 (Overall: 1.0851, Change: 1.6140), TF Ratio: 0.795
[2026-06-15 19:31:42,330][root][INFO] - Epoch [4/5], Batch [125/300], Loss: 1.0551 (Overall: 0.7158, Change: 0.8844), TF Ratio: 0.795
[2026-06-15 19:31:42,483][root][INFO] - Epoch [4/5], Batch [126/300], Loss: 1.0533 (Overall: 0.5769, Change: 1.0936), TF Ratio: 0.795
[2026-06-15 19:31:42,636][root][INFO] - Epoch [4/5], Batch [127/300], Loss: 1.0552 (Overall: 1.0973, Change: 1.4808), TF Ratio: 0.795
[2026-06-15 19:31:42,792][root][INFO] - Epoch [4/5], Batch [128/300], Loss: 1.0540 (Overall: 0.7723, Change: 1.0241), TF Ratio: 0.794
[2026-06-15 19:31:42,946][root][INFO] - Epoch [4/5], Batch [129/300], Loss: 1.0545 (Overall: 0.6506, Change: 1.6003), TF Ratio: 0.794
[2026-06-15 19:31:43,100][root][INFO] - Epoch [4/5], Batch [130/300], Loss: 1.0569 (Overall: 1.1380, Change: 1.5977), TF Ratio: 0.794
[2026-06-15 19:31:43,253][root][INFO] - Epoch [4/5], Batch [131/300], Loss: 1.0573 (Overall: 0.7728, Change: 1.4436), TF Ratio: 0.794
[2026-06-15 19:31:53,077][root][INFO] - Epoch [4/5], Batch [132/300], Loss: 1.0572 (Overall: 0.5351, Change: 1.5487), TF Ratio: 0.794
[2026-06-15 19:31:55,181][root][INFO] - Epoch [4/5], Batch [133/300], Loss: 1.0586 (Overall: 0.7414, Change: 1.7500), TF Ratio: 0.793
[2026-06-15 19:31:55,333][root][INFO] - Epoch [4/5], Batch [134/300], Loss: 1.0583 (Overall: 0.5816, Change: 1.4467), TF Ratio: 0.793
[2026-06-15 19:31:55,486][root][INFO] - Epoch [4/5], Batch [135/300], Loss: 1.0585 (Overall: 0.6585, Change: 1.5232), TF Ratio: 0.793
[2026-06-15 19:31:55,640][root][INFO] - Epoch [4/5], Batch [136/300], Loss: 1.0578 (Overall: 0.5358, Change: 1.3833), TF Ratio: 0.793
[2026-06-15 19:31:55,794][root][INFO] - Epoch [4/5], Batch [137/300], Loss: 1.0577 (Overall: 0.7424, Change: 1.3540), TF Ratio: 0.793
[2026-06-15 19:31:55,947][root][INFO] - Epoch [4/5], Batch [138/300], Loss: 1.0570 (Overall: 0.4778, Change: 1.4359), TF Ratio: 0.792
[2026-06-15 19:31:56,099][root][INFO] - Epoch [4/5], Batch [139/300], Loss: 1.0567 (Overall: 0.8280, Change: 1.2085), TF Ratio: 0.792
[2026-06-15 19:32:04,472][root][INFO] - Epoch [4/5], Batch [140/300], Loss: 1.0571 (Overall: 1.0705, Change: 1.1545), TF Ratio: 0.792
[2026-06-15 19:32:08,064][root][INFO] - Epoch [4/5], Batch [141/300], Loss: 1.0587 (Overall: 0.9354, Change: 1.6265), TF Ratio: 0.792
[2026-06-15 19:32:08,217][root][INFO] - Epoch [4/5], Batch [142/300], Loss: 1.0576 (Overall: 0.6476, Change: 1.1433), TF Ratio: 0.792
[2026-06-15 19:32:08,370][root][INFO] - Epoch [4/5], Batch [143/300], Loss: 1.0559 (Overall: 0.8840, Change: 0.7615), TF Ratio: 0.791
[2026-06-15 19:32:08,525][root][INFO] - Epoch [4/5], Batch [144/300], Loss: 1.0539 (Overall: 0.4419, Change: 1.0792), TF Ratio: 0.791
[2026-06-15 19:32:08,679][root][INFO] - Epoch [4/5], Batch [145/300], Loss: 1.0566 (Overall: 1.1535, Change: 1.7527), TF Ratio: 0.791
[2026-06-15 19:32:08,832][root][INFO] - Epoch [4/5], Batch [146/300], Loss: 1.0578 (Overall: 0.8987, Change: 1.5696), TF Ratio: 0.791
[2026-06-15 19:32:08,984][root][INFO] - Epoch [4/5], Batch [147/300], Loss: 1.0587 (Overall: 0.8414, Change: 1.5167), TF Ratio: 0.791
[2026-06-15 19:32:18,188][root][INFO] - Epoch [4/5], Batch [148/300], Loss: 1.0574 (Overall: 0.6329, Change: 1.1157), TF Ratio: 0.790
[2026-06-15 19:32:19,848][root][INFO] - Epoch [4/5], Batch [149/300], Loss: 1.0579 (Overall: 0.8118, Change: 1.4471), TF Ratio: 0.790
[2026-06-15 19:32:20,000][root][INFO] - Epoch [4/5], Batch [150/300], Loss: 1.0579 (Overall: 0.9872, Change: 1.1256), TF Ratio: 0.790
[2026-06-15 19:32:20,153][root][INFO] - Epoch [4/5], Batch [151/300], Loss: 1.0597 (Overall: 0.7395, Change: 1.9145), TF Ratio: 0.790
[2026-06-15 19:32:20,307][root][INFO] - Epoch [4/5], Batch [152/300], Loss: 1.0597 (Overall: 0.6105, Change: 1.5315), TF Ratio: 0.790
[2026-06-15 19:32:20,462][root][INFO] - Epoch [4/5], Batch [153/300], Loss: 1.0598 (Overall: 0.8485, Change: 1.2743), TF Ratio: 0.789
[2026-06-15 19:32:20,615][root][INFO] - Epoch [4/5], Batch [154/300], Loss: 1.0587 (Overall: 0.8001, Change: 0.9915), TF Ratio: 0.789
[2026-06-15 19:32:20,768][root][INFO] - Epoch [4/5], Batch [155/300], Loss: 1.0587 (Overall: 0.8504, Change: 1.2676), TF Ratio: 0.789
[2026-06-15 19:32:32,184][root][INFO] - Epoch [4/5], Batch [156/300], Loss: 1.0579 (Overall: 0.5238, Change: 1.3342), TF Ratio: 0.789
[2026-06-15 19:32:32,897][root][INFO] - Epoch [4/5], Batch [157/300], Loss: 1.0569 (Overall: 0.4633, Change: 1.3609), TF Ratio: 0.789
[2026-06-15 19:32:33,050][root][INFO] - Epoch [4/5], Batch [158/300], Loss: 1.0567 (Overall: 0.8592, Change: 1.1933), TF Ratio: 0.788
[2026-06-15 19:32:33,204][root][INFO] - Epoch [4/5], Batch [159/300], Loss: 1.0561 (Overall: 0.5250, Change: 1.3745), TF Ratio: 0.788
[2026-06-15 19:32:33,358][root][INFO] - Epoch [4/5], Batch [160/300], Loss: 1.0564 (Overall: 0.7124, Change: 1.5110), TF Ratio: 0.788
[2026-06-15 19:32:33,512][root][INFO] - Epoch [4/5], Batch [161/300], Loss: 1.0585 (Overall: 0.8070, Change: 1.9774), TF Ratio: 0.788
[2026-06-15 19:32:33,666][root][INFO] - Epoch [4/5], Batch [162/300], Loss: 1.0597 (Overall: 0.9340, Change: 1.5649), TF Ratio: 0.788
[2026-06-15 19:32:33,819][root][INFO] - Epoch [4/5], Batch [163/300], Loss: 1.0579 (Overall: 0.5664, Change: 0.9856), TF Ratio: 0.787
[2026-06-15 19:32:44,750][root][INFO] - Epoch [4/5], Batch [164/300], Loss: 1.0568 (Overall: 0.5974, Change: 1.1431), TF Ratio: 0.787
[2026-06-15 19:32:48,062][root][INFO] - Epoch [4/5], Batch [165/300], Loss: 1.0572 (Overall: 0.8578, Change: 1.3815), TF Ratio: 0.787
[2026-06-15 19:32:48,214][root][INFO] - Epoch [4/5], Batch [166/300], Loss: 1.0565 (Overall: 0.7284, Change: 1.1499), TF Ratio: 0.787
[2026-06-15 19:32:48,367][root][INFO] - Epoch [4/5], Batch [167/300], Loss: 1.0555 (Overall: 0.6403, Change: 1.1502), TF Ratio: 0.787
[2026-06-15 19:32:48,521][root][INFO] - Epoch [4/5], Batch [168/300], Loss: 1.0549 (Overall: 0.5153, Change: 1.3963), TF Ratio: 0.786
[2026-06-15 19:32:48,675][root][INFO] - Epoch [4/5], Batch [169/300], Loss: 1.0552 (Overall: 0.8156, Change: 1.3958), TF Ratio: 0.786
[2026-06-15 19:32:48,828][root][INFO] - Epoch [4/5], Batch [170/300], Loss: 1.0547 (Overall: 0.5673, Change: 1.3634), TF Ratio: 0.786
[2026-06-15 19:32:48,982][root][INFO] - Epoch [4/5], Batch [171/300], Loss: 1.0591 (Overall: 1.0470, Change: 2.5861), TF Ratio: 0.786
[2026-06-15 19:32:56,407][root][INFO] - Epoch [4/5], Batch [172/300], Loss: 1.0614 (Overall: 0.9220, Change: 1.9779), TF Ratio: 0.786
[2026-06-15 19:33:01,667][root][INFO] - Epoch [4/5], Batch [173/300], Loss: 1.0604 (Overall: 0.6421, Change: 1.1488), TF Ratio: 0.785
[2026-06-15 19:33:01,820][root][INFO] - Epoch [4/5], Batch [174/300], Loss: 1.0628 (Overall: 1.3646, Change: 1.5841), TF Ratio: 0.785
[2026-06-15 19:33:01,973][root][INFO] - Epoch [4/5], Batch [175/300], Loss: 1.0622 (Overall: 0.5027, Change: 1.4140), TF Ratio: 0.785
[2026-06-15 19:33:02,131][root][INFO] - Epoch [4/5], Batch [176/300], Loss: 1.0605 (Overall: 0.7470, Change: 0.7883), TF Ratio: 0.785
[2026-06-15 19:33:02,284][root][INFO] - Epoch [4/5], Batch [177/300], Loss: 1.0608 (Overall: 0.7341, Change: 1.4851), TF Ratio: 0.785
[2026-06-15 19:33:02,436][root][INFO] - Epoch [4/5], Batch [178/300], Loss: 1.0618 (Overall: 0.7297, Change: 1.7383), TF Ratio: 0.784
[2026-06-15 19:33:02,589][root][INFO] - Epoch [4/5], Batch [179/300], Loss: 1.0616 (Overall: 0.8692, Change: 1.1697), TF Ratio: 0.784
[2026-06-15 19:33:08,214][root][INFO] - Epoch [4/5], Batch [180/300], Loss: 1.0613 (Overall: 0.6075, Change: 1.4190), TF Ratio: 0.784
[2026-06-15 19:33:15,277][root][INFO] - Epoch [4/5], Batch [181/300], Loss: 1.0614 (Overall: 0.7890, Change: 1.3674), TF Ratio: 0.784
[2026-06-15 19:33:15,429][root][INFO] - Epoch [4/5], Batch [182/300], Loss: 1.0639 (Overall: 0.9069, Change: 2.1167), TF Ratio: 0.784
[2026-06-15 19:33:15,582][root][INFO] - Epoch [4/5], Batch [183/300], Loss: 1.0638 (Overall: 0.5769, Change: 1.5260), TF Ratio: 0.783
[2026-06-15 19:33:15,738][root][INFO] - Epoch [4/5], Batch [184/300], Loss: 1.0624 (Overall: 0.8782, Change: 0.7283), TF Ratio: 0.783
[2026-06-15 19:33:15,892][root][INFO] - Epoch [4/5], Batch [185/300], Loss: 1.0624 (Overall: 0.6201, Change: 1.5192), TF Ratio: 0.783
[2026-06-15 19:33:16,045][root][INFO] - Epoch [4/5], Batch [186/300], Loss: 1.0623 (Overall: 0.6521, Change: 1.4408), TF Ratio: 0.783
[2026-06-15 19:33:16,198][root][INFO] - Epoch [4/5], Batch [187/300], Loss: 1.0620 (Overall: 0.7826, Change: 1.2046), TF Ratio: 0.783
[2026-06-15 19:33:25,995][root][INFO] - Epoch [4/5], Batch [188/300], Loss: 1.0632 (Overall: 1.0005, Change: 1.5809), TF Ratio: 0.782
[2026-06-15 19:33:32,446][root][INFO] - Epoch [4/5], Batch [189/300], Loss: 1.0628 (Overall: 0.4480, Change: 1.5174), TF Ratio: 0.782
[2026-06-15 19:33:32,598][root][INFO] - Epoch [4/5], Batch [190/300], Loss: 1.0623 (Overall: 0.5154, Change: 1.4447), TF Ratio: 0.782
[2026-06-15 19:33:32,751][root][INFO] - Epoch [4/5], Batch [191/300], Loss: 1.0622 (Overall: 0.7206, Change: 1.3509), TF Ratio: 0.782
[2026-06-15 19:33:32,904][root][INFO] - Epoch [4/5], Batch [192/300], Loss: 1.0637 (Overall: 1.1621, Change: 1.5345), TF Ratio: 0.782
[2026-06-15 19:33:33,058][root][INFO] - Epoch [4/5], Batch [193/300], Loss: 1.0627 (Overall: 0.6206, Change: 1.1382), TF Ratio: 0.781
[2026-06-15 19:33:33,210][root][INFO] - Epoch [4/5], Batch [194/300], Loss: 1.0613 (Overall: 0.5135, Change: 1.0739), TF Ratio: 0.781
[2026-06-15 19:33:33,362][root][INFO] - Epoch [4/5], Batch [195/300], Loss: 1.0614 (Overall: 0.9542, Change: 1.1812), TF Ratio: 0.781
[2026-06-15 19:33:43,843][root][INFO] - Epoch [4/5], Batch [196/300], Loss: 1.0615 (Overall: 1.0055, Change: 1.1770), TF Ratio: 0.781
[2026-06-15 19:33:44,743][root][INFO] - Epoch [4/5], Batch [197/300], Loss: 1.0618 (Overall: 1.0102, Change: 1.2378), TF Ratio: 0.781
[2026-06-15 19:33:44,895][root][INFO] - Epoch [4/5], Batch [198/300], Loss: 1.0616 (Overall: 0.6916, Change: 1.3350), TF Ratio: 0.780
[2026-06-15 19:33:45,047][root][INFO] - Epoch [4/5], Batch [199/300], Loss: 1.0604 (Overall: 0.6140, Change: 1.0174), TF Ratio: 0.780
[2026-06-15 19:33:45,201][root][INFO] - Epoch [4/5], Batch [200/300], Loss: 1.0605 (Overall: 0.7390, Change: 1.4287), TF Ratio: 0.780
[2026-06-15 19:33:45,354][root][INFO] - Epoch [4/5], Batch [201/300], Loss: 1.0594 (Overall: 0.4839, Change: 1.1955), TF Ratio: 0.780
[2026-06-15 19:33:45,506][root][INFO] - Epoch [4/5], Batch [202/300], Loss: 1.0595 (Overall: 0.6208, Change: 1.5454), TF Ratio: 0.780
[2026-06-15 19:33:45,660][root][INFO] - Epoch [4/5], Batch [203/300], Loss: 1.0586 (Overall: 0.8212, Change: 0.9238), TF Ratio: 0.779
[2026-06-15 19:33:56,348][root][INFO] - Epoch [4/5], Batch [204/300], Loss: 1.0582 (Overall: 0.7208, Change: 1.2493), TF Ratio: 0.779
[2026-06-15 19:33:56,657][root][INFO] - Epoch [4/5], Batch [205/300], Loss: 1.0578 (Overall: 0.6603, Change: 1.2906), TF Ratio: 0.779
[2026-06-15 19:33:56,810][root][INFO] - Epoch [4/5], Batch [206/300], Loss: 1.0579 (Overall: 0.8120, Change: 1.3404), TF Ratio: 0.779
[2026-06-15 19:33:56,963][root][INFO] - Epoch [4/5], Batch [207/300], Loss: 1.0575 (Overall: 0.7045, Change: 1.2457), TF Ratio: 0.779
[2026-06-15 19:33:57,117][root][INFO] - Epoch [4/5], Batch [208/300], Loss: 1.0571 (Overall: 0.7528, Change: 1.2106), TF Ratio: 0.778
[2026-06-15 19:33:57,272][root][INFO] - Epoch [4/5], Batch [209/300], Loss: 1.0565 (Overall: 0.4941, Change: 1.3681), TF Ratio: 0.778
[2026-06-15 19:33:57,424][root][INFO] - Epoch [4/5], Batch [210/300], Loss: 1.0567 (Overall: 0.8531, Change: 1.3159), TF Ratio: 0.778
[2026-06-15 19:33:57,576][root][INFO] - Epoch [4/5], Batch [211/300], Loss: 1.0576 (Overall: 1.0197, Change: 1.4920), TF Ratio: 0.778
[2026-06-15 19:34:08,090][root][INFO] - Epoch [4/5], Batch [212/300], Loss: 1.0572 (Overall: 0.6704, Change: 1.2912), TF Ratio: 0.778
[2026-06-15 19:34:08,961][root][INFO] - Epoch [4/5], Batch [213/300], Loss: 1.0545 (Overall: 0.4572, Change: 0.4695), TF Ratio: 0.777
[2026-06-15 19:34:09,114][root][INFO] - Epoch [4/5], Batch [214/300], Loss: 1.0558 (Overall: 1.1817, Change: 1.4871), TF Ratio: 0.777
[2026-06-15 19:34:09,266][root][INFO] - Epoch [4/5], Batch [215/300], Loss: 1.0553 (Overall: 0.5075, Change: 1.3932), TF Ratio: 0.777
[2026-06-15 19:34:09,424][root][INFO] - Epoch [4/5], Batch [216/300], Loss: 1.0556 (Overall: 0.6654, Change: 1.6027), TF Ratio: 0.777
[2026-06-15 19:34:09,577][root][INFO] - Epoch [4/5], Batch [217/300], Loss: 1.0551 (Overall: 0.7511, Change: 1.1415), TF Ratio: 0.777
[2026-06-15 19:34:09,730][root][INFO] - Epoch [4/5], Batch [218/300], Loss: 1.0539 (Overall: 0.6021, Change: 0.9894), TF Ratio: 0.776
[2026-06-15 19:34:09,884][root][INFO] - Epoch [4/5], Batch [219/300], Loss: 1.0543 (Overall: 0.6642, Change: 1.6040), TF Ratio: 0.776
[2026-06-15 19:34:20,916][root][INFO] - Epoch [4/5], Batch [220/300], Loss: 1.0546 (Overall: 0.7211, Change: 1.5109), TF Ratio: 0.776
[2026-06-15 19:34:21,210][root][INFO] - Epoch [4/5], Batch [221/300], Loss: 1.0549 (Overall: 0.6766, Change: 1.5571), TF Ratio: 0.776
[2026-06-15 19:34:21,362][root][INFO] - Epoch [4/5], Batch [222/300], Loss: 1.0541 (Overall: 0.5544, Change: 1.2075), TF Ratio: 0.776
[2026-06-15 19:34:21,515][root][INFO] - Epoch [4/5], Batch [223/300], Loss: 1.0538 (Overall: 0.7920, Change: 1.1747), TF Ratio: 0.775
[2026-06-15 19:34:21,668][root][INFO] - Epoch [4/5], Batch [224/300], Loss: 1.0549 (Overall: 0.9794, Change: 1.6209), TF Ratio: 0.775
[2026-06-15 19:34:21,823][root][INFO] - Epoch [4/5], Batch [225/300], Loss: 1.0546 (Overall: 0.6938, Change: 1.3136), TF Ratio: 0.775
[2026-06-15 19:34:21,975][root][INFO] - Epoch [4/5], Batch [226/300], Loss: 1.0547 (Overall: 0.6181, Change: 1.5320), TF Ratio: 0.775
[2026-06-15 19:34:22,129][root][INFO] - Epoch [4/5], Batch [227/300], Loss: 1.0535 (Overall: 0.7165, Change: 0.8426), TF Ratio: 0.775
[2026-06-15 19:34:32,763][root][INFO] - Epoch [4/5], Batch [228/300], Loss: 1.0543 (Overall: 0.6089, Change: 1.8593), TF Ratio: 0.774
[2026-06-15 19:34:38,354][root][INFO] - Epoch [4/5], Batch [229/300], Loss: 1.0548 (Overall: 0.8884, Change: 1.4486), TF Ratio: 0.774
[2026-06-15 19:34:38,506][root][INFO] - Epoch [4/5], Batch [230/300], Loss: 1.0554 (Overall: 0.9620, Change: 1.4411), TF Ratio: 0.774
[2026-06-15 19:34:38,659][root][INFO] - Epoch [4/5], Batch [231/300], Loss: 1.0553 (Overall: 0.7492, Change: 1.2962), TF Ratio: 0.774
[2026-06-15 19:34:38,813][root][INFO] - Epoch [4/5], Batch [232/300], Loss: 1.0582 (Overall: 0.6404, Change: 2.7992), TF Ratio: 0.774
[2026-06-15 19:34:38,968][root][INFO] - Epoch [4/5], Batch [233/300], Loss: 1.0581 (Overall: 0.6545, Change: 1.4114), TF Ratio: 0.773
[2026-06-15 19:34:39,121][root][INFO] - Epoch [4/5], Batch [234/300], Loss: 1.0583 (Overall: 0.5893, Change: 1.6556), TF Ratio: 0.773
[2026-06-15 19:34:39,274][root][INFO] - Epoch [4/5], Batch [235/300], Loss: 1.0591 (Overall: 0.6883, Change: 1.7654), TF Ratio: 0.773
[2026-06-15 19:34:46,468][root][INFO] - Epoch [4/5], Batch [236/300], Loss: 1.0590 (Overall: 0.5598, Change: 1.5358), TF Ratio: 0.773
[2026-06-15 19:34:50,438][root][INFO] - Epoch [4/5], Batch [237/300], Loss: 1.0583 (Overall: 0.6754, Change: 1.1015), TF Ratio: 0.773
[2026-06-15 19:34:50,591][root][INFO] - Epoch [4/5], Batch [238/300], Loss: 1.0572 (Overall: 0.5289, Change: 1.0584), TF Ratio: 0.772
[2026-06-15 19:34:50,743][root][INFO] - Epoch [4/5], Batch [239/300], Loss: 1.0574 (Overall: 0.6727, Change: 1.5527), TF Ratio: 0.772
[2026-06-15 19:34:50,899][root][INFO] - Epoch [4/5], Batch [240/300], Loss: 1.0549 (Overall: 0.4349, Change: 0.4739), TF Ratio: 0.772
[2026-06-15 19:34:51,052][root][INFO] - Epoch [4/5], Batch [241/300], Loss: 1.0550 (Overall: 0.6138, Change: 1.5461), TF Ratio: 0.772
[2026-06-15 19:34:51,205][root][INFO] - Epoch [4/5], Batch [242/300], Loss: 1.0541 (Overall: 0.4827, Change: 1.1769), TF Ratio: 0.772
[2026-06-15 19:34:51,357][root][INFO] - Epoch [4/5], Batch [243/300], Loss: 1.0541 (Overall: 0.8731, Change: 1.2357), TF Ratio: 0.771
[2026-06-15 19:35:05,499][root][INFO] - Epoch [4/5], Batch [244/300], Loss: 1.0537 (Overall: 0.4835, Change: 1.4472), TF Ratio: 0.771
[2026-06-15 19:35:05,655][root][INFO] - Epoch [4/5], Batch [245/300], Loss: 1.0541 (Overall: 0.8480, Change: 1.4601), TF Ratio: 0.771
[2026-06-15 19:35:05,808][root][INFO] - Epoch [4/5], Batch [246/300], Loss: 1.0540 (Overall: 0.7143, Change: 1.3182), TF Ratio: 0.771
[2026-06-15 19:35:05,960][root][INFO] - Epoch [4/5], Batch [247/300], Loss: 1.0532 (Overall: 0.5155, Change: 1.2317), TF Ratio: 0.771
[2026-06-15 19:35:06,125][root][INFO] - Epoch [4/5], Batch [248/300], Loss: 1.0526 (Overall: 0.7310, Change: 1.0535), TF Ratio: 0.770
[2026-06-15 19:35:06,278][root][INFO] - Epoch [4/5], Batch [249/300], Loss: 1.0519 (Overall: 0.5541, Change: 1.1990), TF Ratio: 0.770
[2026-06-15 19:35:06,430][root][INFO] - Epoch [4/5], Batch [250/300], Loss: 1.0508 (Overall: 0.8123, Change: 0.7491), TF Ratio: 0.770
[2026-06-15 19:35:06,583][root][INFO] - Epoch [4/5], Batch [251/300], Loss: 1.0508 (Overall: 0.7342, Change: 1.3502), TF Ratio: 0.770
[2026-06-15 19:35:17,309][root][INFO] - Epoch [4/5], Batch [252/300], Loss: 1.0509 (Overall: 0.7260, Change: 1.4739), TF Ratio: 0.770
[2026-06-15 19:35:17,464][root][INFO] - Epoch [4/5], Batch [253/300], Loss: 1.0505 (Overall: 0.5420, Change: 1.3132), TF Ratio: 0.769
[2026-06-15 19:35:17,617][root][INFO] - Epoch [4/5], Batch [254/300], Loss: 1.0497 (Overall: 0.5624, Change: 1.1497), TF Ratio: 0.769
[2026-06-15 19:35:17,770][root][INFO] - Epoch [4/5], Batch [255/300], Loss: 1.0506 (Overall: 1.0462, Change: 1.5222), TF Ratio: 0.769
[2026-06-15 19:35:17,926][root][INFO] - Epoch [4/5], Batch [256/300], Loss: 1.0509 (Overall: 0.7925, Change: 1.4583), TF Ratio: 0.769
[2026-06-15 19:35:18,080][root][INFO] - Epoch [4/5], Batch [257/300], Loss: 1.0518 (Overall: 0.9482, Change: 1.5957), TF Ratio: 0.769
[2026-06-15 19:35:18,232][root][INFO] - Epoch [4/5], Batch [258/300], Loss: 1.0512 (Overall: 0.8105, Change: 1.0011), TF Ratio: 0.768
[2026-06-15 19:35:18,385][root][INFO] - Epoch [4/5], Batch [259/300], Loss: 1.0514 (Overall: 0.7041, Change: 1.4893), TF Ratio: 0.768
[2026-06-15 19:35:28,645][root][INFO] - Epoch [4/5], Batch [260/300], Loss: 1.0512 (Overall: 0.5471, Change: 1.4667), TF Ratio: 0.768
[2026-06-15 19:35:28,802][root][INFO] - Epoch [4/5], Batch [261/300], Loss: 1.0515 (Overall: 1.0114, Change: 1.2429), TF Ratio: 0.768
[2026-06-15 19:35:28,955][root][INFO] - Epoch [4/5], Batch [262/300], Loss: 1.0518 (Overall: 0.8309, Change: 1.4331), TF Ratio: 0.768
[2026-06-15 19:35:29,109][root][INFO] - Epoch [4/5], Batch [263/300], Loss: 1.0514 (Overall: 0.5622, Change: 1.3436), TF Ratio: 0.767
[2026-06-15 19:35:29,263][root][INFO] - Epoch [4/5], Batch [264/300], Loss: 1.0519 (Overall: 0.7681, Change: 1.5728), TF Ratio: 0.767
[2026-06-15 19:35:29,416][root][INFO] - Epoch [4/5], Batch [265/300], Loss: 1.0523 (Overall: 0.7296, Change: 1.5849), TF Ratio: 0.767
[2026-06-15 19:35:29,570][root][INFO] - Epoch [4/5], Batch [266/300], Loss: 1.0520 (Overall: 0.6998, Change: 1.2804), TF Ratio: 0.767
[2026-06-15 19:35:29,725][root][INFO] - Epoch [4/5], Batch [267/300], Loss: 1.0525 (Overall: 0.8880, Change: 1.4606), TF Ratio: 0.767
[2026-06-15 19:35:41,246][root][INFO] - Epoch [4/5], Batch [268/300], Loss: 1.0529 (Overall: 0.9170, Change: 1.3930), TF Ratio: 0.766
[2026-06-15 19:35:41,403][root][INFO] - Epoch [4/5], Batch [269/300], Loss: 1.0525 (Overall: 0.5508, Change: 1.3509), TF Ratio: 0.766
[2026-06-15 19:35:41,564][root][INFO] - Epoch [4/5], Batch [270/300], Loss: 1.0522 (Overall: 0.6584, Change: 1.2755), TF Ratio: 0.766
[2026-06-15 19:35:41,717][root][INFO] - Epoch [4/5], Batch [271/300], Loss: 1.0523 (Overall: 0.7311, Change: 1.4393), TF Ratio: 0.766
[2026-06-15 19:35:41,870][root][INFO] - Epoch [4/5], Batch [272/300], Loss: 1.0527 (Overall: 1.0019, Change: 1.3226), TF Ratio: 0.766
[2026-06-15 19:35:42,024][root][INFO] - Epoch [4/5], Batch [273/300], Loss: 1.0530 (Overall: 0.6133, Change: 1.6406), TF Ratio: 0.765
[2026-06-15 19:35:42,178][root][INFO] - Epoch [4/5], Batch [274/300], Loss: 1.0540 (Overall: 1.0114, Change: 1.6302), TF Ratio: 0.765
[2026-06-15 19:35:42,331][root][INFO] - Epoch [4/5], Batch [275/300], Loss: 1.0536 (Overall: 0.6796, Change: 1.2209), TF Ratio: 0.765
[2026-06-15 19:35:52,996][root][INFO] - Epoch [4/5], Batch [276/300], Loss: 1.0531 (Overall: 0.3748, Change: 1.4385), TF Ratio: 0.765
[2026-06-15 19:35:53,156][root][INFO] - Epoch [4/5], Batch [277/300], Loss: 1.0527 (Overall: 0.6850, Change: 1.2076), TF Ratio: 0.765
[2026-06-15 19:35:53,309][root][INFO] - Epoch [4/5], Batch [278/300], Loss: 1.0517 (Overall: 0.3800, Change: 1.1947), TF Ratio: 0.764
[2026-06-15 19:35:53,463][root][INFO] - Epoch [4/5], Batch [279/300], Loss: 1.0506 (Overall: 0.6578, Change: 0.8478), TF Ratio: 0.764
[2026-06-15 19:35:53,619][root][INFO] - Epoch [4/5], Batch [280/300], Loss: 1.0508 (Overall: 0.6221, Change: 1.5940), TF Ratio: 0.764
[2026-06-15 19:35:53,773][root][INFO] - Epoch [4/5], Batch [281/300], Loss: 1.0513 (Overall: 1.0315, Change: 1.3337), TF Ratio: 0.764
[2026-06-15 19:35:53,926][root][INFO] - Epoch [4/5], Batch [282/300], Loss: 1.0517 (Overall: 0.6995, Change: 1.6026), TF Ratio: 0.764
[2026-06-15 19:35:54,079][root][INFO] - Epoch [4/5], Batch [283/300], Loss: 1.0519 (Overall: 0.8623, Change: 1.3987), TF Ratio: 0.763
[2026-06-15 19:36:04,720][root][INFO] - Epoch [4/5], Batch [284/300], Loss: 1.0521 (Overall: 0.7732, Change: 1.4192), TF Ratio: 0.763
[2026-06-15 19:36:05,180][root][INFO] - Epoch [4/5], Batch [285/300], Loss: 1.0525 (Overall: 0.7107, Change: 1.5928), TF Ratio: 0.763
[2026-06-15 19:36:05,333][root][INFO] - Epoch [4/5], Batch [286/300], Loss: 1.0529 (Overall: 0.8447, Change: 1.4951), TF Ratio: 0.763
[2026-06-15 19:36:05,485][root][INFO] - Epoch [4/5], Batch [287/300], Loss: 1.0535 (Overall: 0.7436, Change: 1.7440), TF Ratio: 0.763
[2026-06-15 19:36:05,639][root][INFO] - Epoch [4/5], Batch [288/300], Loss: 1.0544 (Overall: 0.9353, Change: 1.6563), TF Ratio: 0.762
[2026-06-15 19:36:05,830][root][INFO] - Epoch [4/5], Batch [289/300], Loss: 1.0533 (Overall: 0.5307, Change: 0.9527), TF Ratio: 0.762
[2026-06-15 19:36:05,983][root][INFO] - Epoch [4/5], Batch [290/300], Loss: 1.0529 (Overall: 0.4445, Change: 1.4597), TF Ratio: 0.762
[2026-06-15 19:36:06,135][root][INFO] - Epoch [4/5], Batch [291/300], Loss: 1.0535 (Overall: 0.5460, Change: 1.8866), TF Ratio: 0.762
[2026-06-15 19:36:16,118][root][INFO] - Epoch [4/5], Batch [292/300], Loss: 1.0535 (Overall: 0.6263, Change: 1.4761), TF Ratio: 0.762
[2026-06-15 19:36:19,332][root][INFO] - Epoch [4/5], Batch [293/300], Loss: 1.0540 (Overall: 0.7050, Change: 1.6822), TF Ratio: 0.761
[2026-06-15 19:36:19,485][root][INFO] - Epoch [4/5], Batch [294/300], Loss: 1.0541 (Overall: 0.9817, Change: 1.1873), TF Ratio: 0.761
[2026-06-15 19:36:19,638][root][INFO] - Epoch [4/5], Batch [295/300], Loss: 1.0548 (Overall: 1.1596, Change: 1.3756), TF Ratio: 0.761
[2026-06-15 19:36:19,792][root][INFO] - Epoch [4/5], Batch [296/300], Loss: 1.0544 (Overall: 0.6788, Change: 1.1993), TF Ratio: 0.761
[2026-06-15 19:36:19,946][root][INFO] - Epoch [4/5], Batch [297/300], Loss: 1.0544 (Overall: 0.7378, Change: 1.3913), TF Ratio: 0.761
[2026-06-15 19:36:20,099][root][INFO] - Epoch [4/5], Batch [298/300], Loss: 1.0545 (Overall: 0.8160, Change: 1.3491), TF Ratio: 0.760
[2026-06-15 19:36:20,261][root][INFO] - Epoch [4/5], Batch [299/300], Loss: 1.0545 (Overall: 0.7735, Change: 1.3271), TF Ratio: 0.760
[2026-06-15 19:36:27,183][root][INFO] - Epoch [4/5], Batch [300/300], Loss: 1.0536 (Overall: 0.4034, Change: 1.1314), TF Ratio: 0.760
[2026-06-15 19:36:38,206][root][INFO] - Epoch 4 done. Validating...
[2026-06-15 19:37:24,344][root][INFO] - Epoch [4/5] | Train: 1.0514 | Val: 0.7096
[2026-06-15 19:37:24,550][root][INFO] - Checkpoint saved: /gpfs/scratch/bsc32/bsc096444/ai4land-tfm/trained_models/unet_impl/41825128/best_model.pth
[2026-06-15 19:37:24,721][root][INFO] - Checkpoint saved: /gpfs/scratch/bsc32/bsc096444/ai4land-tfm/trained_models/unet_impl/41825128/model_epoch_4.pth
[2026-06-15 19:37:40,666][root][INFO] - Epoch [5/5], Batch [1/300], Loss: 0.8310 (Overall: 0.5490, Change: 1.1131), TF Ratio: 0.760
[2026-06-15 19:37:40,820][root][INFO] - Epoch [5/5], Batch [2/300], Loss: 0.8902 (Overall: 0.5365, Change: 1.3621), TF Ratio: 0.760
[2026-06-15 19:37:40,974][root][INFO] - Epoch [5/5], Batch [3/300], Loss: 0.9342 (Overall: 0.5486, Change: 1.4959), TF Ratio: 0.759
[2026-06-15 19:37:42,022][root][INFO] - Epoch [5/5], Batch [4/300], Loss: 1.0017 (Overall: 0.9700, Change: 1.4384), TF Ratio: 0.759
[2026-06-15 19:37:42,176][root][INFO] - Epoch [5/5], Batch [5/300], Loss: 0.9711 (Overall: 0.5681, Change: 1.1294), TF Ratio: 0.759
[2026-06-15 19:37:42,329][root][INFO] - Epoch [5/5], Batch [6/300], Loss: 0.9936 (Overall: 0.5937, Change: 1.6187), TF Ratio: 0.759
[2026-06-15 19:37:42,482][root][INFO] - Epoch [5/5], Batch [7/300], Loss: 1.0094 (Overall: 0.7158, Change: 1.4926), TF Ratio: 0.759
[2026-06-15 19:37:53,149][root][INFO] - Epoch [5/5], Batch [8/300], Loss: 1.0025 (Overall: 0.5766, Change: 1.3319), TF Ratio: 0.758
[2026-06-15 19:37:53,304][root][INFO] - Epoch [5/5], Batch [9/300], Loss: 1.0139 (Overall: 0.7511, Change: 1.4595), TF Ratio: 0.758
[2026-06-15 19:37:53,456][root][INFO] - Epoch [5/5], Batch [10/300], Loss: 1.0139 (Overall: 0.7169, Change: 1.3106), TF Ratio: 0.758
[2026-06-15 19:37:53,609][root][INFO] - Epoch [5/5], Batch [11/300], Loss: 1.0400 (Overall: 1.7229, Change: 0.8785), TF Ratio: 0.758
[2026-06-15 19:37:53,942][root][INFO] - Epoch [5/5], Batch [12/300], Loss: 1.0389 (Overall: 0.6009, Change: 1.4536), TF Ratio: 0.758
[2026-06-15 19:37:54,095][root][INFO] - Epoch [5/5], Batch [13/300], Loss: 1.0344 (Overall: 0.9113, Change: 1.0484), TF Ratio: 0.757
[2026-06-15 19:37:54,373][root][INFO] - Epoch [5/5], Batch [14/300], Loss: 1.0293 (Overall: 0.6447, Change: 1.2827), TF Ratio: 0.757
[2026-06-15 19:37:54,525][root][INFO] - Epoch [5/5], Batch [15/300], Loss: 1.0309 (Overall: 0.5142, Change: 1.5922), TF Ratio: 0.757
[2026-06-15 19:38:05,716][root][INFO] - Epoch [5/5], Batch [16/300], Loss: 1.0166 (Overall: 0.7534, Change: 0.8501), TF Ratio: 0.757
[2026-06-15 19:38:05,869][root][INFO] - Epoch [5/5], Batch [17/300], Loss: 1.0251 (Overall: 0.8666, Change: 1.4553), TF Ratio: 0.757
[2026-06-15 19:38:08,252][root][INFO] - Epoch [5/5], Batch [18/300], Loss: 1.0211 (Overall: 0.5778, Change: 1.3288), TF Ratio: 0.756
[2026-06-15 19:38:08,406][root][INFO] - Epoch [5/5], Batch [19/300], Loss: 1.0301 (Overall: 0.7283, Change: 1.6550), TF Ratio: 0.756
[2026-06-15 19:38:08,560][root][INFO] - Epoch [5/5], Batch [20/300], Loss: 1.0366 (Overall: 0.9301, Change: 1.3918), TF Ratio: 0.756
[2026-06-15 19:38:08,713][root][INFO] - Epoch [5/5], Batch [21/300], Loss: 1.0390 (Overall: 0.8853, Change: 1.2899), TF Ratio: 0.756
[2026-06-15 19:38:08,867][root][INFO] - Epoch [5/5], Batch [22/300], Loss: 1.0295 (Overall: 0.6508, Change: 1.0080), TF Ratio: 0.756
[2026-06-15 19:38:09,340][root][INFO] - Epoch [5/5], Batch [23/300], Loss: 1.0188 (Overall: 0.6589, Change: 0.9093), TF Ratio: 0.755
[2026-06-15 19:38:17,957][root][INFO] - Epoch [5/5], Batch [24/300], Loss: 1.0189 (Overall: 0.8876, Change: 1.1536), TF Ratio: 0.755
[2026-06-15 19:38:18,111][root][INFO] - Epoch [5/5], Batch [25/300], Loss: 1.0167 (Overall: 0.7950, Change: 1.1339), TF Ratio: 0.755
[2026-06-15 19:38:20,848][root][INFO] - Epoch [5/5], Batch [26/300], Loss: 1.0258 (Overall: 0.9212, Change: 1.5842), TF Ratio: 0.755
[2026-06-15 19:38:21,002][root][INFO] - Epoch [5/5], Batch [27/300], Loss: 1.0302 (Overall: 0.8765, Change: 1.4143), TF Ratio: 0.755
[2026-06-15 19:38:21,157][root][INFO] - Epoch [5/5], Batch [28/300], Loss: 1.0288 (Overall: 0.6049, Change: 1.3724), TF Ratio: 0.754
[2026-06-15 19:38:21,310][root][INFO] - Epoch [5/5], Batch [29/300], Loss: 1.0309 (Overall: 0.9336, Change: 1.2452), TF Ratio: 0.754
[2026-06-15 19:38:21,464][root][INFO] - Epoch [5/5], Batch [30/300], Loss: 1.0326 (Overall: 0.7963, Change: 1.3728), TF Ratio: 0.754
[2026-06-15 19:38:21,979][root][INFO] - Epoch [5/5], Batch [31/300], Loss: 1.0377 (Overall: 0.6864, Change: 1.6924), TF Ratio: 0.754
[2026-06-15 19:38:30,049][root][INFO] - Epoch [5/5], Batch [32/300], Loss: 1.0510 (Overall: 1.4091, Change: 1.5143), TF Ratio: 0.754
[2026-06-15 19:38:30,203][root][INFO] - Epoch [5/5], Batch [33/300], Loss: 1.0503 (Overall: 0.7465, Change: 1.3105), TF Ratio: 0.753
[2026-06-15 19:38:32,024][root][INFO] - Epoch [5/5], Batch [34/300], Loss: 1.0502 (Overall: 0.7098, Change: 1.3874), TF Ratio: 0.753
[2026-06-15 19:38:32,177][root][INFO] - Epoch [5/5], Batch [35/300], Loss: 1.0490 (Overall: 0.7328, Change: 1.2841), TF Ratio: 0.753
[2026-06-15 19:38:37,670][root][INFO] - Epoch [5/5], Batch [36/300], Loss: 1.0571 (Overall: 0.7309, Change: 1.9481), TF Ratio: 0.753
[2026-06-15 19:38:37,827][root][INFO] - Epoch [5/5], Batch [37/300], Loss: 1.0588 (Overall: 0.5506, Change: 1.6901), TF Ratio: 0.753
[2026-06-15 19:38:37,980][root][INFO] - Epoch [5/5], Batch [38/300], Loss: 1.0629 (Overall: 0.7622, Change: 1.6697), TF Ratio: 0.752
[2026-06-15 19:38:38,132][root][INFO] - Epoch [5/5], Batch [39/300], Loss: 1.0598 (Overall: 0.6488, Change: 1.2293), TF Ratio: 0.752
[2026-06-15 19:38:43,929][root][INFO] - Epoch [5/5], Batch [40/300], Loss: 1.0558 (Overall: 0.9295, Change: 0.8756), TF Ratio: 0.752
[2026-06-15 19:38:44,083][root][INFO] - Epoch [5/5], Batch [41/300], Loss: 1.0464 (Overall: 0.4002, Change: 0.9417), TF Ratio: 0.752
[2026-06-15 19:38:44,235][root][INFO] - Epoch [5/5], Batch [42/300], Loss: 1.0401 (Overall: 0.5299, Change: 1.0256), TF Ratio: 0.752
[2026-06-15 19:38:44,389][root][INFO] - Epoch [5/5], Batch [43/300], Loss: 1.0382 (Overall: 0.5261, Change: 1.3937), TF Ratio: 0.751
[2026-06-15 19:38:52,696][root][INFO] - Epoch [5/5], Batch [44/300], Loss: 1.0325 (Overall: 0.6078, Change: 0.9657), TF Ratio: 0.751
[2026-06-15 19:38:52,852][root][INFO] - Epoch [5/5], Batch [45/300], Loss: 1.0334 (Overall: 0.5469, Change: 1.5995), TF Ratio: 0.751
[2026-06-15 19:38:53,004][root][INFO] - Epoch [5/5], Batch [46/300], Loss: 1.0270 (Overall: 0.5195, Change: 0.9588), TF Ratio: 0.751
[2026-06-15 19:38:53,156][root][INFO] - Epoch [5/5], Batch [47/300], Loss: 1.0260 (Overall: 0.7954, Change: 1.1656), TF Ratio: 0.751
[2026-06-15 19:38:55,740][root][INFO] - Epoch [5/5], Batch [48/300], Loss: 1.0302 (Overall: 0.9732, Change: 1.4802), TF Ratio: 0.750
[2026-06-15 19:38:55,895][root][INFO] - Epoch [5/5], Batch [49/300], Loss: 1.0335 (Overall: 0.7594, Change: 1.6229), TF Ratio: 0.750
[2026-06-15 19:38:56,049][root][INFO] - Epoch [5/5], Batch [50/300], Loss: 1.0407 (Overall: 0.9177, Change: 1.8738), TF Ratio: 0.750
[2026-06-15 19:38:56,201][root][INFO] - Epoch [5/5], Batch [51/300], Loss: 1.0428 (Overall: 0.9106, Change: 1.3836), TF Ratio: 0.750
[2026-06-15 19:39:05,945][root][INFO] - Epoch [5/5], Batch [52/300], Loss: 1.0406 (Overall: 0.5923, Change: 1.2644), TF Ratio: 0.750
[2026-06-15 19:39:06,100][root][INFO] - Epoch [5/5], Batch [53/300], Loss: 1.0366 (Overall: 0.5252, Change: 1.1375), TF Ratio: 0.749
[2026-06-15 19:39:06,253][root][INFO] - Epoch [5/5], Batch [54/300], Loss: 1.0415 (Overall: 1.0749, Change: 1.5196), TF Ratio: 0.749
[2026-06-15 19:39:06,405][root][INFO] - Epoch [5/5], Batch [55/300], Loss: 1.0399 (Overall: 0.5394, Change: 1.3709), TF Ratio: 0.749
[2026-06-15 19:39:18,960][root][INFO] - Epoch [5/5], Batch [56/300], Loss: 1.0419 (Overall: 0.8370, Change: 1.4630), TF Ratio: 0.749
[2026-06-15 19:39:19,113][root][INFO] - Epoch [5/5], Batch [57/300], Loss: 1.0458 (Overall: 1.0568, Change: 1.4722), TF Ratio: 0.749
[2026-06-15 19:39:19,266][root][INFO] - Epoch [5/5], Batch [58/300], Loss: 1.0446 (Overall: 0.6308, Change: 1.3262), TF Ratio: 0.748
[2026-06-15 19:39:19,418][root][INFO] - Epoch [5/5], Batch [59/300], Loss: 1.0526 (Overall: 1.8566, Change: 1.1757), TF Ratio: 0.748
[2026-06-15 19:39:24,511][root][INFO] - Epoch [5/5], Batch [60/300], Loss: 1.0482 (Overall: 0.5891, Change: 0.9865), TF Ratio: 0.748
[2026-06-15 19:39:24,669][root][INFO] - Epoch [5/5], Batch [61/300], Loss: 1.0483 (Overall: 0.6068, Change: 1.5007), TF Ratio: 0.748
[2026-06-15 19:39:24,822][root][INFO] - Epoch [5/5], Batch [62/300], Loss: 1.0477 (Overall: 0.7104, Change: 1.3172), TF Ratio: 0.748
[2026-06-15 19:39:24,974][root][INFO] - Epoch [5/5], Batch [63/300], Loss: 1.0490 (Overall: 0.7787, Change: 1.4724), TF Ratio: 0.747
[2026-06-15 19:39:30,380][root][INFO] - Epoch [5/5], Batch [64/300], Loss: 1.0507 (Overall: 0.7622, Change: 1.5549), TF Ratio: 0.747
[2026-06-15 19:39:30,534][root][INFO] - Epoch [5/5], Batch [65/300], Loss: 1.0535 (Overall: 1.0874, Change: 1.3777), TF Ratio: 0.747
[2026-06-15 19:39:39,824][root][INFO] - Epoch [5/5], Batch [66/300], Loss: 1.0541 (Overall: 0.8886, Change: 1.3052), TF Ratio: 0.747
[2026-06-15 19:39:39,978][root][INFO] - Epoch [5/5], Batch [67/300], Loss: 1.0554 (Overall: 0.7919, Change: 1.4864), TF Ratio: 0.747
[2026-06-15 19:39:40,133][root][INFO] - Epoch [5/5], Batch [68/300], Loss: 1.0554 (Overall: 0.7295, Change: 1.3789), TF Ratio: 0.746
[2026-06-15 19:39:40,288][root][INFO] - Epoch [5/5], Batch [69/300], Loss: 1.0704 (Overall: 0.5111, Change: 3.6749), TF Ratio: 0.746
[2026-06-15 19:39:40,441][root][INFO] - Epoch [5/5], Batch [70/300], Loss: 1.0698 (Overall: 0.5391, Change: 1.5187), TF Ratio: 0.746
[2026-06-15 19:39:40,594][root][INFO] - Epoch [5/5], Batch [71/300], Loss: 1.0733 (Overall: 0.5806, Change: 2.0557), TF Ratio: 0.746
[2026-06-15 19:39:42,574][root][INFO] - Epoch [5/5], Batch [72/300], Loss: 1.0736 (Overall: 0.5215, Change: 1.6634), TF Ratio: 0.746
[2026-06-15 19:39:42,728][root][INFO] - Epoch [5/5], Batch [73/300], Loss: 1.0710 (Overall: 0.6749, Change: 1.0902), TF Ratio: 0.745
[2026-06-15 19:39:51,560][root][INFO] - Epoch [5/5], Batch [74/300], Loss: 1.0740 (Overall: 1.2482, Change: 1.3460), TF Ratio: 0.745
[2026-06-15 19:39:51,713][root][INFO] - Epoch [5/5], Batch [75/300], Loss: 1.0711 (Overall: 0.5869, Change: 1.1198), TF Ratio: 0.745
[2026-06-15 19:39:51,867][root][INFO] - Epoch [5/5], Batch [76/300], Loss: 1.0704 (Overall: 0.5105, Change: 1.5213), TF Ratio: 0.745
[2026-06-15 19:39:52,020][root][INFO] - Epoch [5/5], Batch [77/300], Loss: 1.0696 (Overall: 0.6840, Change: 1.3393), TF Ratio: 0.745
[2026-06-15 19:39:52,172][root][INFO] - Epoch [5/5], Batch [78/300], Loss: 1.0667 (Overall: 0.6170, Change: 1.0656), TF Ratio: 0.744
[2026-06-15 19:39:52,325][root][INFO] - Epoch [5/5], Batch [79/300], Loss: 1.0658 (Overall: 0.4044, Change: 1.5978), TF Ratio: 0.744
[2026-06-15 19:39:53,731][root][INFO] - Epoch [5/5], Batch [80/300], Loss: 1.0644 (Overall: 0.7082, Change: 1.1996), TF Ratio: 0.744
[2026-06-15 19:39:53,884][root][INFO] - Epoch [5/5], Batch [81/300], Loss: 1.0621 (Overall: 0.6972, Change: 1.0458), TF Ratio: 0.744
[2026-06-15 19:40:05,485][root][INFO] - Epoch [5/5], Batch [82/300], Loss: 1.0623 (Overall: 0.5406, Change: 1.6275), TF Ratio: 0.744
[2026-06-15 19:40:05,640][root][INFO] - Epoch [5/5], Batch [83/300], Loss: 1.0640 (Overall: 0.9379, Change: 1.4677), TF Ratio: 0.743
[2026-06-15 19:40:05,793][root][INFO] - Epoch [5/5], Batch [84/300], Loss: 1.0626 (Overall: 0.7499, Change: 1.1351), TF Ratio: 0.743
[2026-06-15 19:40:05,946][root][INFO] - Epoch [5/5], Batch [85/300], Loss: 1.0634 (Overall: 0.7873, Change: 1.4773), TF Ratio: 0.743
[2026-06-15 19:40:06,099][root][INFO] - Epoch [5/5], Batch [86/300], Loss: 1.0637 (Overall: 0.7411, Change: 1.4324), TF Ratio: 0.743
[2026-06-15 19:40:06,252][root][INFO] - Epoch [5/5], Batch [87/300], Loss: 1.0641 (Overall: 0.7392, Change: 1.4692), TF Ratio: 0.743
[2026-06-15 19:40:06,409][root][INFO] - Epoch [5/5], Batch [88/300], Loss: 1.0659 (Overall: 0.7781, Change: 1.6584), TF Ratio: 0.742
[2026-06-15 19:40:06,563][root][INFO] - Epoch [5/5], Batch [89/300], Loss: 1.0648 (Overall: 0.6136, Change: 1.3214), TF Ratio: 0.742
[2026-06-15 19:40:16,489][root][INFO] - Epoch [5/5], Batch [90/300], Loss: 1.0613 (Overall: 0.5496, Change: 0.9548), TF Ratio: 0.742
[2026-06-15 19:40:16,643][root][INFO] - Epoch [5/5], Batch [91/300], Loss: 1.0612 (Overall: 0.5904, Change: 1.5083), TF Ratio: 0.742
[2026-06-15 19:40:16,797][root][INFO] - Epoch [5/5], Batch [92/300], Loss: 1.0604 (Overall: 0.8722, Change: 1.1116), TF Ratio: 0.742
[2026-06-15 19:40:16,950][root][INFO] - Epoch [5/5], Batch [93/300], Loss: 1.0572 (Overall: 0.4319, Change: 1.0997), TF Ratio: 0.741
[2026-06-15 19:40:17,103][root][INFO] - Epoch [5/5], Batch [94/300], Loss: 1.0566 (Overall: 0.9314, Change: 1.0542), TF Ratio: 0.741
[2026-06-15 19:40:17,256][root][INFO] - Epoch [5/5], Batch [95/300], Loss: 1.0585 (Overall: 0.8661, Change: 1.6179), TF Ratio: 0.741
[2026-06-15 19:40:19,489][root][INFO] - Epoch [5/5], Batch [96/300], Loss: 1.0585 (Overall: 0.7013, Change: 1.4199), TF Ratio: 0.741
[2026-06-15 19:40:19,642][root][INFO] - Epoch [5/5], Batch [97/300], Loss: 1.0584 (Overall: 0.5774, Change: 1.5213), TF Ratio: 0.741
[2026-06-15 19:40:28,788][root][INFO] - Epoch [5/5], Batch [98/300], Loss: 1.0584 (Overall: 0.6290, Change: 1.4860), TF Ratio: 0.740
[2026-06-15 19:40:28,941][root][INFO] - Epoch [5/5], Batch [99/300], Loss: 1.0593 (Overall: 0.8485, Change: 1.4333), TF Ratio: 0.740
[2026-06-15 19:40:29,095][root][INFO] - Epoch [5/5], Batch [100/300], Loss: 1.0596 (Overall: 0.6977, Change: 1.4905), TF Ratio: 0.740
[2026-06-15 19:40:29,248][root][INFO] - Epoch [5/5], Batch [101/300], Loss: 1.0601 (Overall: 0.7751, Change: 1.4426), TF Ratio: 0.740
[2026-06-15 19:40:29,401][root][INFO] - Epoch [5/5], Batch [102/300], Loss: 1.0609 (Overall: 1.0170, Change: 1.2716), TF Ratio: 0.740
[2026-06-15 19:40:30,065][root][INFO] - Epoch [5/5], Batch [103/300], Loss: 1.0624 (Overall: 0.8839, Change: 1.5411), TF Ratio: 0.739
[2026-06-15 19:40:32,213][root][INFO] - Epoch [5/5], Batch [104/300], Loss: 1.0628 (Overall: 0.9864, Change: 1.2136), TF Ratio: 0.739
[2026-06-15 19:40:32,366][root][INFO] - Epoch [5/5], Batch [105/300], Loss: 1.0603 (Overall: 0.7262, Change: 0.8809), TF Ratio: 0.739
[2026-06-15 19:40:40,195][root][INFO] - Epoch [5/5], Batch [106/300], Loss: 1.0619 (Overall: 1.0498, Change: 1.4072), TF Ratio: 0.739
[2026-06-15 19:40:40,347][root][INFO] - Epoch [5/5], Batch [107/300], Loss: 1.0644 (Overall: 0.9375, Change: 1.7316), TF Ratio: 0.739
[2026-06-15 19:40:40,503][root][INFO] - Epoch [5/5], Batch [108/300], Loss: 1.0637 (Overall: 0.6274, Change: 1.3493), TF Ratio: 0.738
[2026-06-15 19:40:40,656][root][INFO] - Epoch [5/5], Batch [109/300], Loss: 1.0688 (Overall: 1.4952, Change: 1.7474), TF Ratio: 0.738
[2026-06-15 19:40:40,809][root][INFO] - Epoch [5/5], Batch [110/300], Loss: 1.0693 (Overall: 0.7998, Change: 1.4319), TF Ratio: 0.738
[2026-06-15 19:40:42,811][root][INFO] - Epoch [5/5], Batch [111/300], Loss: 1.0685 (Overall: 0.4458, Change: 1.5152), TF Ratio: 0.738
[2026-06-15 19:40:43,463][root][INFO] - Epoch [5/5], Batch [112/300], Loss: 1.0662 (Overall: 0.7443, Change: 0.8873), TF Ratio: 0.738
[2026-06-15 19:40:43,617][root][INFO] - Epoch [5/5], Batch [113/300], Loss: 1.0637 (Overall: 0.8914, Change: 0.6655), TF Ratio: 0.737
[2026-06-15 19:40:53,540][root][INFO] - Epoch [5/5], Batch [114/300], Loss: 1.0649 (Overall: 0.9782, Change: 1.4283), TF Ratio: 0.737
[2026-06-15 19:40:53,692][root][INFO] - Epoch [5/5], Batch [115/300], Loss: 1.0651 (Overall: 0.7521, Change: 1.4313), TF Ratio: 0.737
[2026-06-15 19:40:53,845][root][INFO] - Epoch [5/5], Batch [116/300], Loss: 1.0645 (Overall: 0.6571, Change: 1.3351), TF Ratio: 0.737
[2026-06-15 19:40:54,000][root][INFO] - Epoch [5/5], Batch [117/300], Loss: 1.0639 (Overall: 0.5492, Change: 1.4300), TF Ratio: 0.737
[2026-06-15 19:40:54,154][root][INFO] - Epoch [5/5], Batch [118/300], Loss: 1.0623 (Overall: 0.6806, Change: 1.0696), TF Ratio: 0.736
[2026-06-15 19:40:59,524][root][INFO] - Epoch [5/5], Batch [119/300], Loss: 1.0617 (Overall: 0.6384, Change: 1.3421), TF Ratio: 0.736
[2026-06-15 19:40:59,679][root][INFO] - Epoch [5/5], Batch [120/300], Loss: 1.0607 (Overall: 0.7435, Change: 1.1510), TF Ratio: 0.736
[2026-06-15 19:40:59,833][root][INFO] - Epoch [5/5], Batch [121/300], Loss: 1.0604 (Overall: 0.7396, Change: 1.2921), TF Ratio: 0.736
[2026-06-15 19:41:05,363][root][INFO] - Epoch [5/5], Batch [122/300], Loss: 1.0604 (Overall: 0.7401, Change: 1.3877), TF Ratio: 0.736
[2026-06-15 19:41:05,516][root][INFO] - Epoch [5/5], Batch [123/300], Loss: 1.0604 (Overall: 0.9188, Change: 1.2041), TF Ratio: 0.735
[2026-06-15 19:41:05,672][root][INFO] - Epoch [5/5], Batch [124/300], Loss: 1.0616 (Overall: 0.9865, Change: 1.4363), TF Ratio: 0.735
[2026-06-15 19:41:05,827][root][INFO] - Epoch [5/5], Batch [125/300], Loss: 1.0629 (Overall: 1.0028, Change: 1.4460), TF Ratio: 0.735
[2026-06-15 19:41:05,981][root][INFO] - Epoch [5/5], Batch [126/300], Loss: 1.0619 (Overall: 0.7078, Change: 1.1733), TF Ratio: 0.735
[2026-06-15 19:41:11,250][root][INFO] - Epoch [5/5], Batch [127/300], Loss: 1.0611 (Overall: 0.7418, Change: 1.1747), TF Ratio: 0.735
[2026-06-15 19:41:11,404][root][INFO] - Epoch [5/5], Batch [128/300], Loss: 1.0615 (Overall: 0.7000, Change: 1.5301), TF Ratio: 0.734
[2026-06-15 19:41:11,558][root][INFO] - Epoch [5/5], Batch [129/300], Loss: 1.0609 (Overall: 0.6714, Change: 1.2845), TF Ratio: 0.734
[2026-06-15 19:41:19,269][root][INFO] - Epoch [5/5], Batch [130/300], Loss: 1.0581 (Overall: 0.6769, Change: 0.7070), TF Ratio: 0.734
[2026-06-15 19:41:19,422][root][INFO] - Epoch [5/5], Batch [131/300], Loss: 1.0587 (Overall: 0.7047, Change: 1.5725), TF Ratio: 0.734
[2026-06-15 19:41:19,576][root][INFO] - Epoch [5/5], Batch [132/300], Loss: 1.0592 (Overall: 0.8335, Change: 1.4298), TF Ratio: 0.734
[2026-06-15 19:41:19,730][root][INFO] - Epoch [5/5], Batch [133/300], Loss: 1.0585 (Overall: 0.6283, Change: 1.2855), TF Ratio: 0.733
[2026-06-15 19:41:19,882][root][INFO] - Epoch [5/5], Batch [134/300], Loss: 1.0581 (Overall: 0.6851, Change: 1.3415), TF Ratio: 0.733
[2026-06-15 19:41:24,075][root][INFO] - Epoch [5/5], Batch [135/300], Loss: 1.0569 (Overall: 0.6624, Change: 1.1240), TF Ratio: 0.733
[2026-06-15 19:41:24,230][root][INFO] - Epoch [5/5], Batch [136/300], Loss: 1.0547 (Overall: 0.4555, Change: 1.0665), TF Ratio: 0.733
[2026-06-15 19:41:24,384][root][INFO] - Epoch [5/5], Batch [137/300], Loss: 1.0533 (Overall: 0.5388, Change: 1.1765), TF Ratio: 0.733
[2026-06-15 19:41:30,654][root][INFO] - Epoch [5/5], Batch [138/300], Loss: 1.0537 (Overall: 0.8562, Change: 1.3515), TF Ratio: 0.732
[2026-06-15 19:41:30,808][root][INFO] - Epoch [5/5], Batch [139/300], Loss: 1.0545 (Overall: 0.9791, Change: 1.3644), TF Ratio: 0.732
[2026-06-15 19:41:30,962][root][INFO] - Epoch [5/5], Batch [140/300], Loss: 1.0531 (Overall: 0.7961, Change: 0.9338), TF Ratio: 0.732
[2026-06-15 19:41:31,117][root][INFO] - Epoch [5/5], Batch [141/300], Loss: 1.0524 (Overall: 0.7818, Change: 1.1061), TF Ratio: 0.732
[2026-06-15 19:41:31,269][root][INFO] - Epoch [5/5], Batch [142/300], Loss: 1.0532 (Overall: 0.7509, Change: 1.5752), TF Ratio: 0.732
[2026-06-15 19:41:35,670][root][INFO] - Epoch [5/5], Batch [143/300], Loss: 1.0514 (Overall: 0.4863, Change: 1.1135), TF Ratio: 0.731
[2026-06-15 19:41:35,824][root][INFO] - Epoch [5/5], Batch [144/300], Loss: 1.0515 (Overall: 0.5734, Change: 1.5494), TF Ratio: 0.731
[2026-06-15 19:41:35,979][root][INFO] - Epoch [5/5], Batch [145/300], Loss: 1.0511 (Overall: 0.7313, Change: 1.2733), TF Ratio: 0.731
[2026-06-15 19:41:42,142][root][INFO] - Epoch [5/5], Batch [146/300], Loss: 1.0502 (Overall: 0.5534, Change: 1.2723), TF Ratio: 0.731
[2026-06-15 19:41:42,294][root][INFO] - Epoch [5/5], Batch [147/300], Loss: 1.0495 (Overall: 0.5813, Change: 1.3085), TF Ratio: 0.731
[2026-06-15 19:41:42,448][root][INFO] - Epoch [5/5], Batch [148/300], Loss: 1.0506 (Overall: 0.8723, Change: 1.5644), TF Ratio: 0.730
[2026-06-15 19:41:42,602][root][INFO] - Epoch [5/5], Batch [149/300], Loss: 1.0498 (Overall: 0.4876, Change: 1.3655), TF Ratio: 0.730
[2026-06-15 19:41:42,755][root][INFO] - Epoch [5/5], Batch [150/300], Loss: 1.0510 (Overall: 0.9992, Change: 1.4821), TF Ratio: 0.730
[2026-06-15 19:41:47,493][root][INFO] - Epoch [5/5], Batch [151/300], Loss: 1.0489 (Overall: 0.5152, Change: 0.9370), TF Ratio: 0.730
[2026-06-15 19:41:47,649][root][INFO] - Epoch [5/5], Batch [152/300], Loss: 1.0479 (Overall: 0.4093, Change: 1.3772), TF Ratio: 0.730
[2026-06-15 19:41:47,804][root][INFO] - Epoch [5/5], Batch [153/300], Loss: 1.0462 (Overall: 0.4558, Change: 1.1324), TF Ratio: 0.729
[2026-06-15 19:41:53,661][root][INFO] - Epoch [5/5], Batch [154/300], Loss: 1.0456 (Overall: 0.8107, Change: 1.1048), TF Ratio: 0.729
[2026-06-15 19:41:53,814][root][INFO] - Epoch [5/5], Batch [155/300], Loss: 1.0443 (Overall: 0.5853, Change: 1.0866), TF Ratio: 0.729
[2026-06-15 19:41:53,968][root][INFO] - Epoch [5/5], Batch [156/300], Loss: 1.0446 (Overall: 0.5766, Change: 1.5992), TF Ratio: 0.729
[2026-06-15 19:41:54,121][root][INFO] - Epoch [5/5], Batch [157/300], Loss: 1.0452 (Overall: 0.7467, Change: 1.5307), TF Ratio: 0.729
[2026-06-15 19:41:54,274][root][INFO] - Epoch [5/5], Batch [158/300], Loss: 1.0444 (Overall: 0.5274, Change: 1.3373), TF Ratio: 0.728
[2026-06-15 19:41:58,703][root][INFO] - Epoch [5/5], Batch [159/300], Loss: 1.0446 (Overall: 0.7385, Change: 1.3965), TF Ratio: 0.728
[2026-06-15 19:41:58,858][root][INFO] - Epoch [5/5], Batch [160/300], Loss: 1.0451 (Overall: 0.6541, Change: 1.5931), TF Ratio: 0.728
[2026-06-15 19:41:59,011][root][INFO] - Epoch [5/5], Batch [161/300], Loss: 1.0451 (Overall: 0.4901, Change: 1.6112), TF Ratio: 0.728
[2026-06-15 19:42:04,777][root][INFO] - Epoch [5/5], Batch [162/300], Loss: 1.0461 (Overall: 0.8975, Change: 1.5058), TF Ratio: 0.728
[2026-06-15 19:42:04,931][root][INFO] - Epoch [5/5], Batch [163/300], Loss: 1.0447 (Overall: 0.5740, Change: 1.0707), TF Ratio: 0.727
[2026-06-15 19:42:05,387][root][INFO] - Epoch [5/5], Batch [164/300], Loss: 1.0427 (Overall: 0.6096, Change: 0.8065), TF Ratio: 0.727
[2026-06-15 19:42:05,540][root][INFO] - Epoch [5/5], Batch [165/300], Loss: 1.0442 (Overall: 1.0519, Change: 1.5405), TF Ratio: 0.727
[2026-06-15 19:42:05,693][root][INFO] - Epoch [5/5], Batch [166/300], Loss: 1.0425 (Overall: 0.4443, Change: 1.0712), TF Ratio: 0.727
[2026-06-15 19:42:11,288][root][INFO] - Epoch [5/5], Batch [167/300], Loss: 1.0426 (Overall: 0.5930, Change: 1.5484), TF Ratio: 0.727
[2026-06-15 19:42:13,645][root][INFO] - Epoch [5/5], Batch [168/300], Loss: 1.0416 (Overall: 0.5692, Change: 1.1705), TF Ratio: 0.726
[2026-06-15 19:42:13,799][root][INFO] - Epoch [5/5], Batch [169/300], Loss: 1.0420 (Overall: 0.7456, Change: 1.4765), TF Ratio: 0.726
[2026-06-15 19:42:17,209][root][INFO] - Epoch [5/5], Batch [170/300], Loss: 1.0408 (Overall: 0.5563, Change: 1.1129), TF Ratio: 0.726
[2026-06-15 19:42:17,363][root][INFO] - Epoch [5/5], Batch [171/300], Loss: 1.0406 (Overall: 0.5750, Change: 1.4440), TF Ratio: 0.726
[2026-06-15 19:42:17,516][root][INFO] - Epoch [5/5], Batch [172/300], Loss: 1.0418 (Overall: 0.7221, Change: 1.7661), TF Ratio: 0.726
[2026-06-15 19:42:17,670][root][INFO] - Epoch [5/5], Batch [173/300], Loss: 1.0419 (Overall: 0.7162, Change: 1.3883), TF Ratio: 0.725
[2026-06-15 19:42:17,830][root][INFO] - Epoch [5/5], Batch [174/300], Loss: 1.0413 (Overall: 0.7885, Change: 1.0941), TF Ratio: 0.725
[2026-06-15 19:42:22,882][root][INFO] - Epoch [5/5], Batch [175/300], Loss: 1.0411 (Overall: 0.9303, Change: 1.0806), TF Ratio: 0.725
[2026-06-15 19:42:25,051][root][INFO] - Epoch [5/5], Batch [176/300], Loss: 1.0388 (Overall: 0.4784, Change: 0.8119), TF Ratio: 0.725
[2026-06-15 19:42:25,204][root][INFO] - Epoch [5/5], Batch [177/300], Loss: 1.0390 (Overall: 0.7996, Change: 1.3546), TF Ratio: 0.725
[2026-06-15 19:42:29,666][root][INFO] - Epoch [5/5], Batch [178/300], Loss: 1.0398 (Overall: 0.8826, Change: 1.4595), TF Ratio: 0.724
[2026-06-15 19:42:29,819][root][INFO] - Epoch [5/5], Batch [179/300], Loss: 1.0403 (Overall: 1.0616, Change: 1.1970), TF Ratio: 0.724
[2026-06-15 19:42:29,974][root][INFO] - Epoch [5/5], Batch [180/300], Loss: 1.0394 (Overall: 0.5211, Change: 1.2560), TF Ratio: 0.724
[2026-06-15 19:42:30,127][root][INFO] - Epoch [5/5], Batch [181/300], Loss: 1.0403 (Overall: 0.9629, Change: 1.4188), TF Ratio: 0.724
[2026-06-15 19:42:30,280][root][INFO] - Epoch [5/5], Batch [182/300], Loss: 1.0391 (Overall: 0.5236, Change: 1.1402), TF Ratio: 0.724
[2026-06-15 19:42:34,961][root][INFO] - Epoch [5/5], Batch [183/300], Loss: 1.0390 (Overall: 0.7846, Change: 1.2567), TF Ratio: 0.723
[2026-06-15 19:42:38,073][root][INFO] - Epoch [5/5], Batch [184/300], Loss: 1.0406 (Overall: 0.9005, Change: 1.7717), TF Ratio: 0.723
[2026-06-15 19:42:38,226][root][INFO] - Epoch [5/5], Batch [185/300], Loss: 1.0411 (Overall: 0.8525, Change: 1.4099), TF Ratio: 0.723
[2026-06-15 19:42:41,020][root][INFO] - Epoch [5/5], Batch [186/300], Loss: 1.0410 (Overall: 0.6372, Change: 1.3971), TF Ratio: 0.723
[2026-06-15 19:42:41,172][root][INFO] - Epoch [5/5], Batch [187/300], Loss: 1.0422 (Overall: 1.0307, Change: 1.5071), TF Ratio: 0.723
[2026-06-15 19:42:41,327][root][INFO] - Epoch [5/5], Batch [188/300], Loss: 1.0420 (Overall: 0.5403, Change: 1.4490), TF Ratio: 0.722
[2026-06-15 19:42:41,480][root][INFO] - Epoch [5/5], Batch [189/300], Loss: 1.0426 (Overall: 0.5517, Change: 1.7745), TF Ratio: 0.722
[2026-06-15 19:42:41,633][root][INFO] - Epoch [5/5], Batch [190/300], Loss: 1.0423 (Overall: 0.9740, Change: 0.9748), TF Ratio: 0.722
[2026-06-15 19:42:46,572][root][INFO] - Epoch [5/5], Batch [191/300], Loss: 1.0424 (Overall: 0.5909, Change: 1.5391), TF Ratio: 0.722
[2026-06-15 19:42:53,298][root][INFO] - Epoch [5/5], Batch [192/300], Loss: 1.0433 (Overall: 0.6142, Change: 1.8121), TF Ratio: 0.722
[2026-06-15 19:42:53,453][root][INFO] - Epoch [5/5], Batch [193/300], Loss: 1.0430 (Overall: 0.4575, Change: 1.5230), TF Ratio: 0.721
[2026-06-15 19:42:53,605][root][INFO] - Epoch [5/5], Batch [194/300], Loss: 1.0432 (Overall: 0.7899, Change: 1.3664), TF Ratio: 0.721
[2026-06-15 19:42:53,758][root][INFO] - Epoch [5/5], Batch [195/300], Loss: 1.0422 (Overall: 0.6788, Change: 1.0389), TF Ratio: 0.721
[2026-06-15 19:42:54,739][root][INFO] - Epoch [5/5], Batch [196/300], Loss: 1.0420 (Overall: 0.4639, Change: 1.5235), TF Ratio: 0.721
[2026-06-15 19:42:54,894][root][INFO] - Epoch [5/5], Batch [197/300], Loss: 1.0418 (Overall: 0.6695, Change: 1.3374), TF Ratio: 0.721
[2026-06-15 19:42:55,046][root][INFO] - Epoch [5/5], Batch [198/300], Loss: 1.0414 (Overall: 0.6253, Change: 1.3134), TF Ratio: 0.720
[2026-06-15 19:42:59,134][root][INFO] - Epoch [5/5], Batch [199/300], Loss: 1.0425 (Overall: 1.3300, Change: 1.1811), TF Ratio: 0.720
[2026-06-15 19:43:06,301][root][INFO] - Epoch [5/5], Batch [200/300], Loss: 1.0436 (Overall: 0.6279, Change: 1.9085), TF Ratio: 0.720
[2026-06-15 19:43:06,454][root][INFO] - Epoch [5/5], Batch [201/300], Loss: 1.0438 (Overall: 0.5852, Change: 1.5921), TF Ratio: 0.720
[2026-06-15 19:43:06,606][root][INFO] - Epoch [5/5], Batch [202/300], Loss: 1.0422 (Overall: 0.7175, Change: 0.7130), TF Ratio: 0.720
[2026-06-15 19:43:06,758][root][INFO] - Epoch [5/5], Batch [203/300], Loss: 1.0419 (Overall: 0.4619, Change: 1.5120), TF Ratio: 0.719
[2026-06-15 19:43:06,913][root][INFO] - Epoch [5/5], Batch [204/300], Loss: 1.0421 (Overall: 0.8311, Change: 1.3246), TF Ratio: 0.719
[2026-06-15 19:43:07,066][root][INFO] - Epoch [5/5], Batch [205/300], Loss: 1.0422 (Overall: 0.6350, Change: 1.4835), TF Ratio: 0.719
[2026-06-15 19:43:07,219][root][INFO] - Epoch [5/5], Batch [206/300], Loss: 1.0420 (Overall: 0.3728, Change: 1.6353), TF Ratio: 0.719
[2026-06-15 19:43:10,123][root][INFO] - Epoch [5/5], Batch [207/300], Loss: 1.0417 (Overall: 0.6521, Change: 1.2835), TF Ratio: 0.719
[2026-06-15 19:43:17,768][root][INFO] - Epoch [5/5], Batch [208/300], Loss: 1.0413 (Overall: 0.5391, Change: 1.3934), TF Ratio: 0.718
[2026-06-15 19:43:17,922][root][INFO] - Epoch [5/5], Batch [209/300], Loss: 1.0419 (Overall: 1.1995, Change: 1.1437), TF Ratio: 0.718
[2026-06-15 19:43:18,074][root][INFO] - Epoch [5/5], Batch [210/300], Loss: 1.0454 (Overall: 1.7138, Change: 1.8146), TF Ratio: 0.718
[2026-06-15 19:43:18,227][root][INFO] - Epoch [5/5], Batch [211/300], Loss: 1.0443 (Overall: 0.5255, Change: 1.1068), TF Ratio: 0.718
[2026-06-15 19:43:18,386][root][INFO] - Epoch [5/5], Batch [212/300], Loss: 1.0441 (Overall: 0.9273, Change: 1.1045), TF Ratio: 0.718
[2026-06-15 19:43:18,540][root][INFO] - Epoch [5/5], Batch [213/300], Loss: 1.0442 (Overall: 0.6337, Change: 1.4967), TF Ratio: 0.717
[2026-06-15 19:43:18,692][root][INFO] - Epoch [5/5], Batch [214/300], Loss: 1.0441 (Overall: 0.8381, Change: 1.1881), TF Ratio: 0.717
[2026-06-15 19:43:25,301][root][INFO] - Epoch [5/5], Batch [215/300], Loss: 1.0443 (Overall: 0.8196, Change: 1.3680), TF Ratio: 0.717
[2026-06-15 19:43:29,446][root][INFO] - Epoch [5/5], Batch [216/300], Loss: 1.0435 (Overall: 0.5889, Change: 1.1358), TF Ratio: 0.717
[2026-06-15 19:43:29,599][root][INFO] - Epoch [5/5], Batch [217/300], Loss: 1.0431 (Overall: 0.7658, Change: 1.1432), TF Ratio: 0.717
[2026-06-15 19:43:29,752][root][INFO] - Epoch [5/5], Batch [218/300], Loss: 1.0431 (Overall: 0.7387, Change: 1.3602), TF Ratio: 0.716
[2026-06-15 19:43:29,904][root][INFO] - Epoch [5/5], Batch [219/300], Loss: 1.0427 (Overall: 0.5627, Change: 1.3568), TF Ratio: 0.716
[2026-06-15 19:43:32,929][root][INFO] - Epoch [5/5], Batch [220/300], Loss: 1.0422 (Overall: 0.7699, Change: 1.0713), TF Ratio: 0.716
[2026-06-15 19:43:33,084][root][INFO] - Epoch [5/5], Batch [221/300], Loss: 1.0408 (Overall: 0.6541, Change: 0.8347), TF Ratio: 0.716
[2026-06-15 19:43:33,237][root][INFO] - Epoch [5/5], Batch [222/300], Loss: 1.0416 (Overall: 0.8834, Change: 1.5596), TF Ratio: 0.716
[2026-06-15 19:43:36,933][root][INFO] - Epoch [5/5], Batch [223/300], Loss: 1.0412 (Overall: 0.6936, Change: 1.1838), TF Ratio: 0.715
[2026-06-15 19:43:41,245][root][INFO] - Epoch [5/5], Batch [224/300], Loss: 1.0398 (Overall: 0.7531, Change: 0.7174), TF Ratio: 0.715
[2026-06-15 19:43:41,399][root][INFO] - Epoch [5/5], Batch [225/300], Loss: 1.0427 (Overall: 1.8795, Change: 1.4843), TF Ratio: 0.715
[2026-06-15 19:43:41,552][root][INFO] - Epoch [5/5], Batch [226/300], Loss: 1.0431 (Overall: 0.7818, Change: 1.4995), TF Ratio: 0.715
[2026-06-15 19:43:41,704][root][INFO] - Epoch [5/5], Batch [227/300], Loss: 1.0429 (Overall: 0.6006, Change: 1.3867), TF Ratio: 0.715
[2026-06-15 19:43:44,955][root][INFO] - Epoch [5/5], Batch [228/300], Loss: 1.0421 (Overall: 0.5351, Change: 1.1980), TF Ratio: 0.714
[2026-06-15 19:43:45,108][root][INFO] - Epoch [5/5], Batch [229/300], Loss: 1.0431 (Overall: 1.1407, Change: 1.4070), TF Ratio: 0.714
[2026-06-15 19:43:45,261][root][INFO] - Epoch [5/5], Batch [230/300], Loss: 1.0437 (Overall: 0.8024, Change: 1.5662), TF Ratio: 0.714
[2026-06-15 19:43:48,390][root][INFO] - Epoch [5/5], Batch [231/300], Loss: 1.0432 (Overall: 0.7529, Change: 1.1023), TF Ratio: 0.714
[2026-06-15 19:43:53,830][root][INFO] - Epoch [5/5], Batch [232/300], Loss: 1.0423 (Overall: 0.5791, Change: 1.0843), TF Ratio: 0.714
[2026-06-15 19:43:53,984][root][INFO] - Epoch [5/5], Batch [233/300], Loss: 1.0411 (Overall: 0.5197, Change: 0.9846), TF Ratio: 0.713
[2026-06-15 19:43:54,136][root][INFO] - Epoch [5/5], Batch [234/300], Loss: 1.0406 (Overall: 0.4860, Change: 1.4005), TF Ratio: 0.713
[2026-06-15 19:43:54,289][root][INFO] - Epoch [5/5], Batch [235/300], Loss: 1.0400 (Overall: 0.5249, Change: 1.2705), TF Ratio: 0.713
[2026-06-15 19:43:58,403][root][INFO] - Epoch [5/5], Batch [236/300], Loss: 1.0399 (Overall: 0.5121, Change: 1.5029), TF Ratio: 0.713
[2026-06-15 19:43:58,559][root][INFO] - Epoch [5/5], Batch [237/300], Loss: 1.0395 (Overall: 0.6899, Change: 1.1973), TF Ratio: 0.713
[2026-06-15 19:43:58,712][root][INFO] - Epoch [5/5], Batch [238/300], Loss: 1.0399 (Overall: 0.7041, Change: 1.5513), TF Ratio: 0.712
[2026-06-15 19:44:03,275][root][INFO] - Epoch [5/5], Batch [239/300], Loss: 1.0412 (Overall: 0.8558, Change: 1.8749), TF Ratio: 0.712
[2026-06-15 19:44:09,116][root][INFO] - Epoch [5/5], Batch [240/300], Loss: 1.0406 (Overall: 0.4158, Change: 1.3629), TF Ratio: 0.712
[2026-06-15 19:44:09,270][root][INFO] - Epoch [5/5], Batch [241/300], Loss: 1.0408 (Overall: 1.0815, Change: 1.1075), TF Ratio: 0.712
[2026-06-15 19:44:09,422][root][INFO] - Epoch [5/5], Batch [242/300], Loss: 1.0392 (Overall: 0.3788, Change: 0.9292), TF Ratio: 0.712
[2026-06-15 19:44:09,576][root][INFO] - Epoch [5/5], Batch [243/300], Loss: 1.0386 (Overall: 0.5138, Change: 1.2728), TF Ratio: 0.711
[2026-06-15 19:44:18,086][root][INFO] - Epoch [5/5], Batch [244/300], Loss: 1.0389 (Overall: 0.6500, Change: 1.5785), TF Ratio: 0.711
[2026-06-15 19:44:18,245][root][INFO] - Epoch [5/5], Batch [245/300], Loss: 1.0380 (Overall: 0.5677, Change: 1.0780), TF Ratio: 0.711
[2026-06-15 19:44:18,398][root][INFO] - Epoch [5/5], Batch [246/300], Loss: 1.0389 (Overall: 0.7200, Change: 1.7863), TF Ratio: 0.711
[2026-06-15 19:44:18,551][root][INFO] - Epoch [5/5], Batch [247/300], Loss: 1.0390 (Overall: 0.4965, Change: 1.6112), TF Ratio: 0.711
[2026-06-15 19:44:32,709][root][INFO] - Epoch [5/5], Batch [248/300], Loss: 1.0382 (Overall: 0.7176, Change: 0.9964), TF Ratio: 0.710
[2026-06-15 19:44:32,862][root][INFO] - Epoch [5/5], Batch [249/300], Loss: 1.0380 (Overall: 0.7301, Change: 1.2373), TF Ratio: 0.710
[2026-06-15 19:44:33,014][root][INFO] - Epoch [5/5], Batch [250/300], Loss: 1.0378 (Overall: 0.6709, Change: 1.2791), TF Ratio: 0.710
[2026-06-15 19:44:33,167][root][INFO] - Epoch [5/5], Batch [251/300], Loss: 1.0369 (Overall: 0.5301, Change: 1.1096), TF Ratio: 0.710
[2026-06-15 19:44:33,322][root][INFO] - Epoch [5/5], Batch [252/300], Loss: 1.0365 (Overall: 0.7274, Change: 1.1403), TF Ratio: 0.710
[2026-06-15 19:44:33,475][root][INFO] - Epoch [5/5], Batch [253/300], Loss: 1.0366 (Overall: 0.7419, Change: 1.3986), TF Ratio: 0.709
[2026-06-15 19:44:33,627][root][INFO] - Epoch [5/5], Batch [254/300], Loss: 1.0358 (Overall: 0.6125, Change: 1.0553), TF Ratio: 0.709
[2026-06-15 19:44:33,780][root][INFO] - Epoch [5/5], Batch [255/300], Loss: 1.0348 (Overall: 0.6708, Change: 0.8911), TF Ratio: 0.709
[2026-06-15 19:44:47,149][root][INFO] - Epoch [5/5], Batch [256/300], Loss: 1.0349 (Overall: 0.8167, Change: 1.2776), TF Ratio: 0.709
[2026-06-15 19:44:47,302][root][INFO] - Epoch [5/5], Batch [257/300], Loss: 1.0342 (Overall: 0.6090, Change: 1.0991), TF Ratio: 0.709
[2026-06-15 19:44:47,455][root][INFO] - Epoch [5/5], Batch [258/300], Loss: 1.0340 (Overall: 0.9877, Change: 1.0031), TF Ratio: 0.708
[2026-06-15 19:44:47,607][root][INFO] - Epoch [5/5], Batch [259/300], Loss: 1.0343 (Overall: 0.9354, Change: 1.2862), TF Ratio: 0.708
[2026-06-15 19:44:47,761][root][INFO] - Epoch [5/5], Batch [260/300], Loss: 1.0339 (Overall: 0.5370, Change: 1.3264), TF Ratio: 0.708
[2026-06-15 19:44:47,915][root][INFO] - Epoch [5/5], Batch [261/300], Loss: 1.0331 (Overall: 0.3936, Change: 1.2603), TF Ratio: 0.708
[2026-06-15 19:44:48,067][root][INFO] - Epoch [5/5], Batch [262/300], Loss: 1.0330 (Overall: 0.5141, Change: 1.5050), TF Ratio: 0.708
[2026-06-15 19:44:48,220][root][INFO] - Epoch [5/5], Batch [263/300], Loss: 1.0326 (Overall: 0.5824, Change: 1.2224), TF Ratio: 0.707
[2026-06-15 19:44:59,662][root][INFO] - Epoch [5/5], Batch [264/300], Loss: 1.0318 (Overall: 0.3317, Change: 1.3336), TF Ratio: 0.707
[2026-06-15 19:44:59,816][root][INFO] - Epoch [5/5], Batch [265/300], Loss: 1.0327 (Overall: 1.0589, Change: 1.4651), TF Ratio: 0.707
[2026-06-15 19:44:59,968][root][INFO] - Epoch [5/5], Batch [266/300], Loss: 1.0327 (Overall: 0.7742, Change: 1.3308), TF Ratio: 0.707
[2026-06-15 19:45:00,121][root][INFO] - Epoch [5/5], Batch [267/300], Loss: 1.0317 (Overall: 0.5720, Change: 0.9435), TF Ratio: 0.707
[2026-06-15 19:45:00,275][root][INFO] - Epoch [5/5], Batch [268/300], Loss: 1.0314 (Overall: 0.5823, Change: 1.3145), TF Ratio: 0.706
[2026-06-15 19:45:00,429][root][INFO] - Epoch [5/5], Batch [269/300], Loss: 1.0315 (Overall: 0.6710, Change: 1.4641), TF Ratio: 0.706
[2026-06-15 19:45:00,581][root][INFO] - Epoch [5/5], Batch [270/300], Loss: 1.0311 (Overall: 0.4433, Change: 1.3664), TF Ratio: 0.706
[2026-06-15 19:45:00,733][root][INFO] - Epoch [5/5], Batch [271/300], Loss: 1.0312 (Overall: 0.5121, Change: 1.6340), TF Ratio: 0.706
[2026-06-15 19:45:12,806][root][INFO] - Epoch [5/5], Batch [272/300], Loss: 1.0303 (Overall: 0.6026, Change: 0.9409), TF Ratio: 0.706
[2026-06-15 19:45:12,960][root][INFO] - Epoch [5/5], Batch [273/300], Loss: 1.0296 (Overall: 0.6680, Change: 1.0137), TF Ratio: 0.705
[2026-06-15 19:45:13,113][root][INFO] - Epoch [5/5], Batch [274/300], Loss: 1.0298 (Overall: 0.8931, Change: 1.2866), TF Ratio: 0.705
[2026-06-15 19:45:13,266][root][INFO] - Epoch [5/5], Batch [275/300], Loss: 1.0306 (Overall: 0.7825, Change: 1.7272), TF Ratio: 0.705
[2026-06-15 19:45:13,422][root][INFO] - Epoch [5/5], Batch [276/300], Loss: 1.0311 (Overall: 0.4828, Change: 1.8693), TF Ratio: 0.705
[2026-06-15 19:45:13,575][root][INFO] - Epoch [5/5], Batch [277/300], Loss: 1.0317 (Overall: 0.9598, Change: 1.4123), TF Ratio: 0.705
[2026-06-15 19:45:13,728][root][INFO] - Epoch [5/5], Batch [278/300], Loss: 1.0304 (Overall: 0.5366, Change: 0.8295), TF Ratio: 0.704
[2026-06-15 19:45:13,880][root][INFO] - Epoch [5/5], Batch [279/300], Loss: 1.0305 (Overall: 0.7983, Change: 1.3073), TF Ratio: 0.704
[2026-06-15 19:45:24,430][root][INFO] - Epoch [5/5], Batch [280/300], Loss: 1.0305 (Overall: 0.7415, Change: 1.2927), TF Ratio: 0.704
[2026-06-15 19:45:24,583][root][INFO] - Epoch [5/5], Batch [281/300], Loss: 1.0310 (Overall: 0.9975, Change: 1.3825), TF Ratio: 0.704
[2026-06-15 19:45:24,737][root][INFO] - Epoch [5/5], Batch [282/300], Loss: 1.0310 (Overall: 0.6063, Change: 1.4503), TF Ratio: 0.704
[2026-06-15 19:45:24,889][root][INFO] - Epoch [5/5], Batch [283/300], Loss: 1.0305 (Overall: 0.6765, Change: 1.0602), TF Ratio: 0.703
[2026-06-15 19:45:25,051][root][INFO] - Epoch [5/5], Batch [284/300], Loss: 1.0295 (Overall: 0.4967, Change: 1.0032), TF Ratio: 0.703
[2026-06-15 19:45:25,205][root][INFO] - Epoch [5/5], Batch [285/300], Loss: 1.0297 (Overall: 0.9334, Change: 1.2639), TF Ratio: 0.703
[2026-06-15 19:45:25,358][root][INFO] - Epoch [5/5], Batch [286/300], Loss: 1.0293 (Overall: 0.4802, Change: 1.3174), TF Ratio: 0.703
[2026-06-15 19:45:25,510][root][INFO] - Epoch [5/5], Batch [287/300], Loss: 1.0293 (Overall: 0.4766, Change: 1.6165), TF Ratio: 0.703
[2026-06-15 19:45:36,373][root][INFO] - Epoch [5/5], Batch [288/300], Loss: 1.0292 (Overall: 0.5591, Change: 1.4186), TF Ratio: 0.702
[2026-06-15 19:45:36,528][root][INFO] - Epoch [5/5], Batch [289/300], Loss: 1.0280 (Overall: 0.3635, Change: 1.0173), TF Ratio: 0.702
[2026-06-15 19:45:36,681][root][INFO] - Epoch [5/5], Batch [290/300], Loss: 1.0272 (Overall: 0.7069, Change: 0.8622), TF Ratio: 0.702
[2026-06-15 19:45:36,835][root][INFO] - Epoch [5/5], Batch [291/300], Loss: 1.0269 (Overall: 0.4209, Change: 1.4861), TF Ratio: 0.702
[2026-06-15 19:45:36,992][root][INFO] - Epoch [5/5], Batch [292/300], Loss: 1.0270 (Overall: 0.9445, Change: 1.1748), TF Ratio: 0.702
[2026-06-15 19:45:37,146][root][INFO] - Epoch [5/5], Batch [293/300], Loss: 1.0277 (Overall: 0.7843, Change: 1.6566), TF Ratio: 0.701
[2026-06-15 19:45:37,299][root][INFO] - Epoch [5/5], Batch [294/300], Loss: 1.0280 (Overall: 0.7448, Change: 1.5123), TF Ratio: 0.701
[2026-06-15 19:45:37,452][root][INFO] - Epoch [5/5], Batch [295/300], Loss: 1.0279 (Overall: 1.0421, Change: 0.9131), TF Ratio: 0.701
[2026-06-15 19:45:48,269][root][INFO] - Epoch [5/5], Batch [296/300], Loss: 1.0281 (Overall: 0.5226, Change: 1.6956), TF Ratio: 0.701
[2026-06-15 19:45:48,423][root][INFO] - Epoch [5/5], Batch [297/300], Loss: 1.0280 (Overall: 0.5193, Change: 1.4466), TF Ratio: 0.701
[2026-06-15 19:45:48,576][root][INFO] - Epoch [5/5], Batch [298/300], Loss: 1.0276 (Overall: 0.3213, Change: 1.5280), TF Ratio: 0.700
[2026-06-15 19:45:48,728][root][INFO] - Epoch [5/5], Batch [299/300], Loss: 1.0288 (Overall: 0.7559, Change: 2.0297), TF Ratio: 0.700
[2026-06-15 19:45:48,885][root][INFO] - Epoch [5/5], Batch [300/300], Loss: 1.0289 (Overall: 0.8425, Change: 1.2455), TF Ratio: 0.700
[2026-06-15 19:45:59,754][root][INFO] - Epoch 5 done. Validating...
[2026-06-15 19:46:42,106][root][INFO] - Epoch [5/5] | Train: 1.0252 | Val: 0.6937
[2026-06-15 19:46:42,324][root][INFO] - Checkpoint saved: /gpfs/scratch/bsc32/bsc096444/ai4land-tfm/trained_models/unet_impl/41825128/best_model.pth
[2026-06-15 19:46:42,503][root][INFO] - Checkpoint saved: /gpfs/scratch/bsc32/bsc096444/ai4land-tfm/trained_models/unet_impl/41825128/model_epoch_5.pth
[2026-06-15 19:46:43,172][root][INFO] - Training complete.
