pool_size,file_size,file_index,wall_us
100000,10240,49146,1074.23
1000000,10240,325830,12604.01
100000,10240,82890,15094.30
100000,10240,63300,14976.52
100000,10240,22833,16333.70
100000,10240,37345,721.68
1000000,10240,465676,731.50
1000000,10240,602342,16235.46
100000,10240,52022,18485.59
100000,10240,31816,14115.43
100000,10240,1013,742.59
1000000,10240,983253,228.52
1000000,10240,604941,418.36
100000,10240,72465,462.80
100000,10240,68945,19579.96
1000000,10240,312941,1414.87
1000000,10240,239876,10811.32
100000,10240,88895,710.03
1000000,10240,752244,548.97
1000000,10240,757656,425.41
100000,10240,46176,23915.77
1000000,10240,246525,1134.96
100000,10240,9508,16346.75
100000,10240,22957,18875.21
100000,10240,78166,8927.11
1000000,10240,150776,1001.00
1000000,10240,287061,16876.52
100000,10240,30828,13794.04
1000000,10240,780788,1158.22
1000000,10240,651493,20457.22
1000000,10240,943914,228.90
1000000,10240,691710,987.42
100000,10240,53282,12767.21
1000000,10240,554064,1107.10
1000000,10240,556464,714.55
100000,10240,50860,14371.83
1000000,10240,213442,1209.13
1000000,10240,161141,826.31
1000000,10240,415229,14076.80
1000000,10240,41801,20663.31
100000,10240,62108,20437.92
1000000,10240,153878,977.27
100000,10240,16769,804.05
100000,10240,98453,15921.93
100000,10240,17556,24243.42
1000000,10240,943462,243.84
1000000,10240,804308,862.94
100000,10240,39365,15958.23
1000000,10240,60289,1122.22
1000000,10240,559699,1286.05
100000,10240,99154,608.18
1000000,10240,691281,457.10
100000,10240,35043,19904.21
100000,10240,43583,15071.17
100000,10240,14996,18131.39
1000000,10240,777265,1195.74
100000,10240,68012,515.12
1000000,10240,120034,440.33
1000000,10240,508817,741.02
100000,10240,11915,11380.53
1000000,10240,155539,1015.49
100000,10240,80482,13968.57
1000000,10240,707287,758.58
1000000,10240,322763,18380.28
1000000,10240,394000,646.56
100000,10240,20807,32522.55
100000,10240,38219,867.84
100000,10240,74560,737.29
100000,10240,29548,18059.87
1000000,10240,392722,10977.98
100000,10240,11491,13039.23
100000,10240,29260,779.52
100000,10240,35992,462.25
100000,10240,64213,15994.23
100000,10240,44396,704.19
100000,10240,84015,10260.75
1000000,10240,89691,1165.74
100000,10240,53242,608.84
100000,10240,77356,655.53
1000000,10240,746568,692.08
1000000,10240,500531,17615.86
100000,10240,659,793.98
1000000,10240,461834,694.38
1000000,10240,157936,19446.54
1000000,10240,909051,318.50
100000,10240,9287,935.68
1000000,10240,205349,19804.26
100000,10240,59566,1956.78
1000000,10240,541585,539.27
1000000,10240,454484,612.07
1000000,10240,743647,508.81
1000000,10240,184630,13464.82
1000000,10240,105317,14696.82
100000,10240,67889,16632.76
100000,10240,32325,21725.15
1000000,10240,222796,475.91
1000000,10240,471288,428.51
100000,10240,33612,18224.05
1000000,10240,930000,261.32
100000,10240,3777,16250.00
1000000,10240,561936,11212.66
1000000,10240,834197,366.84
1000000,10240,188301,13835.77
1000000,10240,81961,350.26
1000000,10240,592910,310.88
100000,10240,45073,19388.65
1000000,10240,766150,367.40
100000,10240,79194,400.44
100000,10240,26094,18195.11
1000000,10240,392917,19252.58
100000,10240,89957,533.12
100000,10240,20036,21061.38
100000,10240,96110,438.68
100000,10240,3584,12030.84
100000,10240,91089,14377.60
1000000,10240,347115,15015.64
100000,10240,28271,13502.91
100000,10240,1504,596.06
100000,10240,29083,17880.74
1000000,10240,982663,325.81
100000,10240,42081,472.08
1000000,10240,218716,321.40
1000000,10240,507711,525.13
1000000,10240,545341,12968.86
1000000,10240,758472,725.97
100000,10240,43923,18474.08
1000000,10240,285320,1070.35
100000,10240,8957,637.41
1000000,10240,198553,396.86
1000000,10240,711160,16760.94
100000,10240,45451,15869.27
100000,10240,94337,751.18
100000,10240,63782,20470.88
100000,10240,87670,16563.62
1000000,10240,846648,815.97
1000000,10240,228026,25704.50
100000,10240,54638,18833.51
1000000,10240,712052,598.49
100000,10240,76406,343.79
100000,10240,60420,632.84
100000,10240,71267,326.00
100000,10240,96458,8898.91
1000000,10240,454928,440.23
100000,10240,43704,881.90
1000000,10240,421860,715.45
1000000,10240,46050,423.18
1000000,10240,105656,306.59
100000,10240,59432,16887.99
100000,10240,51435,13670.15
1000000,10240,603943,11409.72
100000,10240,8851,492.08
100000,10240,95320,24556.34
100000,10240,12999,718.21
100000,10240,86991,22237.15
1000000,10240,745695,485.93
1000000,10240,672844,437.29
1000000,10240,27254,13571.10
100000,10240,10350,916.31
1000000,10240,123724,15355.96
1000000,10240,627971,692.20
100000,10240,84136,24262.65
1000000,10240,144697,16478.48
100000,10240,97978,617.60
1000000,10240,344136,624.17
1000000,10240,938061,231.43
1000000,10240,975856,117.96
100000,10240,8302,514.24
1000000,10240,949721,102.31
100000,10240,24775,290.90
1000000,10240,485171,403.36
1000000,10240,85927,19059.28
1000000,10240,147247,15521.08
1000000,10240,47652,566.73
1000000,10240,205507,16093.09
100000,10240,69806,18582.41
100000,10240,51987,1121.90
1000000,10240,22323,17331.36
100000,10240,56729,19709.30
100000,10240,8609,972.17
1000000,10240,740842,329.65
100000,10240,5796,16906.03
100000,10240,29657,17758.02
1000000,10240,486017,953.15
100000,10240,49613,491.34
100000,10240,2052,19935.72
1000000,10240,639280,16575.45
1000000,10240,483767,20283.72
100000,10240,70111,949.75
100000,10240,92216,15267.30
100000,10240,92895,7618.75
100000,10240,57008,9601.80
1000000,10240,290354,412.05
100000,10240,26517,651.96
100000,10240,90971,15351.05
100000,10240,34099,19704.27
1000000,10240,209140,712.51
100000,10240,73140,10189.02
1000000,10240,502790,11819.58
100000,10240,20843,694.81
1000000,10240,203663,22913.12
1000000,10240,246184,665.52
100000,10240,64574,14780.72
1000000,10240,779020,451.00
1000000,10240,208651,12803.09
100000,10240,41662,774.31
1000000,10240,856036,121.06
100000,10240,45829,1020.34
1000000,10240,295744,13793.85
1000000,10240,767260,621.26
1000000,10240,571194,338.53
1000000,10240,326720,318.77
1000000,10240,292701,15654.53
100000,10240,23580,16111.40
100000,10240,11818,13649.36
100000,10240,37364,17220.08
100000,10240,71820,12760.46
100000,10240,13336,16479.67
1000000,10240,564422,1236.98
100000,10240,11665,11649.11
1000000,10240,791634,478.65
100000,10240,37477,17912.35
100000,10240,90892,387.67
1000000,10240,106260,10903.37
100000,10240,91779,15956.69
1000000,10240,533618,14803.92
1000000,10240,858952,341.20
100000,10240,53562,335.97
1000000,10240,953030,111.00
1000000,10240,858045,303.34
1000000,10240,824508,14993.05
1000000,10240,382986,18330.39
1000000,10240,31127,16905.89
100000,10240,28039,11475.94
100000,10240,70208,26554.58
100000,10240,89073,20408.83
100000,10240,64054,427.35
1000000,10240,620529,323.16
100000,10240,69397,10547.99
1000000,10240,965313,107.96
1000000,10240,460333,24154.29
100000,10240,92324,16545.74
1000000,10240,934896,319.51
100000,10240,41053,12956.91
1000000,10240,681927,1049.25
1000000,10240,864098,500.51
100000,10240,68919,540.35
100000,10240,75090,440.73
1000000,10240,601755,400.39
100000,10240,74928,14420.92
1000000,10240,294394,614.93
100000,10240,4044,622.15
1000000,10240,774831,296.49
100000,10240,78618,13440.51
100000,10240,7944,644.65
1000000,10240,82256,17363.53
100000,10240,60142,643.83
100000,10240,84066,15657.52
100000,10240,21802,12553.98
100000,10240,39936,21757.53
100000,10240,42287,16510.86
1000000,10240,11510,1208.76
100000,10240,68566,733.10
1000000,10240,575564,505.50
1000000,10240,173681,15562.97
1000000,10240,397607,579.87
100000,10240,84540,17657.82
100000,10240,8675,775.75
1000000,10240,905979,218.39
100000,10240,87012,10688.26
1000000,10240,127630,8411.75
1000000,10240,54398,22302.61
100000,10240,64138,812.82
100000,10240,84972,381.70
100000,10240,97837,425.16
1000000,10240,425167,25507.26
1000000,10240,101424,465.59
100000,10240,82149,15779.29
100000,10240,99241,11533.24
1000000,10240,492684,564.05
1000000,10240,720756,400.78
100000,10240,84607,612.52
1000000,10240,783714,301.09
1000000,10240,287210,12376.32
1000000,10240,378387,503.82
1000000,10240,304928,25065.11
1000000,10240,970657,293.48
100000,10240,92708,17883.85
1000000,10240,639664,12614.49
1000000,10240,40140,10205.75
1000000,10240,221766,14791.33
1000000,10240,538512,777.50
1000000,10240,483124,17366.57
1000000,10240,632622,13924.33
1000000,10240,991592,366.18
1000000,10240,25225,20693.51
100000,10240,48689,836.81
1000000,10240,907193,305.59
100000,10240,94,19591.12
100000,10240,92109,1091.64
1000000,10240,43096,24081.37
1000000,10240,806824,644.47
1000000,10240,676456,1083.77
100000,10240,39498,16527.87
1000000,10240,800059,622.79
100000,10240,83021,1629.97
1000000,10240,768477,503.98
1000000,10240,706682,630.25
1000000,10240,271638,15254.18
1000000,10240,523694,1352.29
1000000,10240,892325,594.55
100000,10240,63576,689.19
100000,10240,73147,20457.58
100000,10240,20012,16251.46
1000000,10240,98406,21849.76
1000000,10240,340404,1322.99
1000000,10240,940583,234.16
1000000,10240,338199,16402.84
1000000,10240,147852,860.10
1000000,10240,597179,522.18
1000000,10240,578381,25131.00
100000,10240,88984,18525.78
1000000,10240,59399,16059.62
100000,10240,61086,18146.48
100000,10240,66244,1038.99
100000,10240,76056,13168.42
1000000,10240,147269,773.00
100000,10240,5811,23759.98
100000,10240,87946,10929.59
100000,10240,74905,1145.51
1000000,10240,367428,1464.53
1000000,10240,298239,15824.74
1000000,10240,292089,20208.96
100000,10240,82660,1451.44
100000,10240,50797,1781.31
1000000,10240,819405,415.22
100000,10240,66768,1073.10
1000000,10240,955237,117.81
100000,10240,54522,24478.81
100000,10240,79223,18765.94
100000,10240,64332,607.48
100000,10240,59770,16324.55
100000,10240,47453,547.65
1000000,10240,256842,1155.54
1000000,10240,10431,373.01
1000000,10240,90181,22243.68
1000000,10240,71253,17608.33
1000000,10240,550071,677.26
100000,10240,94547,19493.47
1000000,10240,525436,13591.33
1000000,10240,881529,123.16
100000,10240,44150,14512.05
1000000,10240,462063,18526.91
100000,10240,53773,21097.83
1000000,10240,538637,360.52
100000,10240,90406,16256.26
1000000,10240,459561,364.80
100000,10240,47086,467.80
100000,10240,81785,14529.59
100000,10240,19758,15291.10
1000000,10240,537549,654.63
1000000,10240,669658,297.31
100000,10240,90027,279.25
100000,10240,9830,16779.04
1000000,10240,666683,363.76
100000,10240,57619,409.75
100000,10240,2192,516.04
1000000,10240,149898,18293.74
1000000,10240,936683,119.55
100000,10240,34184,24542.68
1000000,10240,699984,299.25
100000,10240,22740,14473.96
100000,10240,54986,17665.41
1000000,10240,306616,16856.40
100000,10240,15129,22776.88
1000000,10240,804661,334.16
100000,10240,95802,20438.35
1000000,10240,846118,378.60
100000,10240,693,292.01
100000,10240,99179,695.59
1000000,10240,713999,399.84
1000000,10240,361456,325.45
100000,10240,37056,320.33
1000000,10240,154037,347.46
1000000,10240,918356,90.57
100000,10240,47338,13700.32
100000,10240,77421,17464.49
1000000,10240,175431,27126.50
100000,10240,49681,45234.59
1000000,10240,146668,758.11
1000000,10240,210083,568.12
100000,10240,11743,14117.93
1000000,10240,218950,32241.24
1000000,10240,253288,880.78
1000000,10240,894498,452.09
1000000,10240,881621,407.58
100000,10240,73566,14803.23
100000,10240,88759,606.70
1000000,10240,946351,335.85
1000000,10240,213340,6981.35
100000,10240,38427,15999.33
1000000,10240,761042,684.08
1000000,10240,132871,816.07
100000,10240,17950,19069.42
100000,10240,49183,13352.17
100000,10240,93000,455.67
100000,10240,92123,11467.16
100000,10240,18884,617.05
1000000,10240,501142,586.74
100000,10240,43540,415.05
1000000,10240,461664,367.34
1000000,10240,997652,97.21
100000,10240,84659,325.84
100000,10240,62373,386.12
100000,10240,44979,14971.93
100000,10240,15915,25748.19
1000000,10240,325896,17704.53
100000,10240,13224,724.77
1000000,10240,804686,24128.06
1000000,10240,116478,12566.86
100000,10240,3268,24157.73
100000,10240,48213,789.15
100000,10240,52640,12926.70
1000000,10240,483581,18360.76
1000000,10240,403519,526.01
100000,10240,41026,500.75
100000,10240,6019,539.60
100000,10240,30007,19482.59
100000,10240,46088,839.59
100000,10240,55545,19243.06
100000,10240,39526,576.44
100000,10240,62094,22012.65
1000000,10240,986033,328.80
1000000,10240,542824,454.70
1000000,10240,147031,594.03
100000,10240,55372,733.19
1000000,10240,132053,327.06
100000,10240,19358,15456.81
1000000,10240,951529,287.43
100000,10240,56441,470.86
100000,10240,70574,504.39
100000,10240,65621,23191.45
100000,10240,6047,559.19
100000,10240,86419,527.51
1000000,10240,513911,14403.78
100000,10240,51061,6854.03
100000,10240,21495,453.64
1000000,10240,35644,18852.13
100000,10240,45249,632.19
1000000,10240,720999,558.84
1000000,10240,912800,225.35
1000000,10240,351767,17990.33
100000,10240,16704,12927.36
1000000,10240,952977,146.60
100000,10240,10077,519.76
1000000,10240,153350,443.72
1000000,10240,994853,296.92
100000,10240,34737,16086.26
100000,10240,69393,11238.98
100000,10240,98652,13855.17
1000000,10240,879668,551.13
1000000,10240,235428,26087.90
100000,10240,76724,19694.85
100000,10240,4312,1082.57
1000000,10240,761830,381.06
100000,10240,77468,17355.48
1000000,10240,844750,511.41
100000,10240,67715,12195.47
100000,10240,89192,600.60
1000000,10240,619887,14185.29
100000,10240,97594,14771.53
1000000,10240,333046,2230.96
1000000,10240,365093,17679.63
1000000,10240,432352,14734.42
100000,10240,93280,12914.68
100000,10240,18758,18453.33
1000000,10240,966156,323.71
1000000,10240,988691,88.93
1000000,10240,499387,10551.96
100000,10240,46729,638.85
100000,10240,75010,16650.93
100000,10240,90107,542.27
100000,10240,8130,17265.84
100000,10240,38074,19455.45
100000,10240,43506,15600.09
1000000,10240,991671,350.82
1000000,10240,955295,235.51
100000,10240,56911,16069.91
1000000,10240,460952,618.62
100000,10240,90067,837.88
1000000,10240,949886,151.10
100000,10240,45082,11679.04
100000,10240,81034,560.14
1000000,10240,820854,555.78
1000000,10240,667527,311.98
100000,10240,42233,315.47
1000000,10240,448702,366.53
100000,10240,88760,19304.03
100000,10240,20837,16615.90
1000000,10240,683648,563.42
1000000,10240,161625,14638.96
1000000,10240,661770,525.05
100000,10240,94223,448.69
100000,10240,8239,10513.02
100000,10240,74323,1251.18
1000000,10240,304212,487.46
100000,10240,90673,11024.88
1000000,10240,446399,506.56
100000,10240,52535,11005.39
1000000,10240,657063,17811.53
1000000,10240,922616,328.28
1000000,10240,960293,83.27
1000000,10240,762057,527.06
100000,10240,2506,460.01
1000000,10240,123295,418.20
1000000,10240,704524,485.83
100000,10240,55176,9870.18
100000,10240,46598,17086.00
100000,10240,19808,23482.47
1000000,10240,942543,271.54
1000000,10240,904049,96.05
100000,10240,65762,19133.18
100000,10240,5848,644.80
100000,10240,80341,20348.94
1000000,10240,260781,18911.21
1000000,10240,427288,530.74
1000000,10240,93982,17429.53
1000000,10240,300687,526.95
100000,10240,78326,522.59
1000000,10240,884015,301.81
100000,10240,63596,21235.09
1000000,10240,481633,25174.52
1000000,10240,83561,11813.62
1000000,10240,439363,14318.28
1000000,10240,135808,13362.91
100000,10240,24641,20701.01
100000,10240,85256,20709.09
100000,10240,89674,761.13
100000,10240,32728,627.04
100000,10240,25863,10361.10
1000000,10240,160017,8103.49
100000,10240,54862,421.25
100000,10240,7768,10910.07
1000000,10240,943722,200.47
100000,10240,54555,22564.67
100000,10240,32435,918.93
1000000,10240,916403,122.13
100000,10240,36010,1011.48
1000000,10240,898541,108.60
100000,10240,64517,740.54
1000000,10240,599538,305.18
1000000,10240,869659,495.12
1000000,10240,209160,849.53
100000,10240,5235,17979.90
1000000,10240,408881,929.89
100000,10240,29855,21049.14
100000,10240,67551,20345.65
100000,10240,59429,688.73
100000,10240,74364,12342.07
100000,10240,17117,17524.15
1000000,10240,308287,806.16
1000000,10240,201225,11992.17
1000000,10240,118238,23137.00
1000000,10240,480870,973.53
100000,10240,74762,15000.16
100000,10240,73912,42091.67
1000000,10240,128244,10123.02
1000000,10240,642900,12245.35
1000000,10240,793315,797.89
1000000,10240,365584,12237.55
1000000,10240,41844,16977.41
100000,10240,77743,17294.53
1000000,10240,558041,1538.68
100000,10240,72151,640.72
1000000,10240,146770,26162.52
100000,10240,95991,20552.46
100000,10240,89838,1366.99
1000000,10240,441365,13546.45
100000,10240,13154,869.87
1000000,10240,235208,773.83
1000000,10240,760448,670.00
1000000,10240,627516,1480.85
1000000,10240,547098,514.52
1000000,10240,751622,791.10
100000,10240,7871,15237.38
1000000,10240,758510,752.21
1000000,10240,733543,945.40
1000000,10240,499159,879.50
1000000,10240,5948,607.93
1000000,10240,24057,15047.26
1000000,10240,172830,1133.81
100000,10240,93519,14341.85
1000000,10240,455148,13409.61
100000,10240,7936,1196.74
100000,10240,65639,618.11
1000000,10240,215621,17309.62
100000,10240,23582,17235.63
100000,10240,3265,1007.79
1000000,10240,188238,798.65
100000,10240,13538,15889.55
1000000,10240,983449,311.71
1000000,10240,495273,875.53
100000,10240,60889,21808.19
1000000,10240,302346,1426.57
1000000,10240,943584,104.40
100000,10240,19168,618.63
1000000,10240,379052,906.07
100000,10240,59839,601.58
100000,10240,21840,932.93
1000000,10240,332963,11178.63
1000000,10240,666566,740.35
100000,10240,64634,16228.23
1000000,10240,350971,13003.98
100000,10240,83476,13054.76
1000000,10240,990959,311.92
1000000,10240,294976,18250.55
100000,10240,81187,1322.98
1000000,10240,727044,703.73
1000000,10240,917437,87.90
100000,10240,57146,19465.22
1000000,10240,466801,739.28
1000000,10240,552049,15441.77
100000,10240,75525,854.89
1000000,10240,954698,191.85
100000,10240,56917,21963.56
1000000,10240,663416,1385.40
100000,10240,65278,17212.57
1000000,10240,60200,13630.32
1000000,10240,691274,1082.08
1000000,10240,700423,550.15
100000,10240,58988,15802.31
100000,10240,33902,804.55
100000,10240,10286,665.64
100000,10240,2727,663.55
100000,10240,90496,585.61
1000000,10240,738889,1381.92
100000,10240,59459,1607.28
1000000,10240,928472,88.81
100000,10240,70432,758.02
100000,10240,88065,12935.21
100000,10240,86283,15789.01
1000000,10240,666564,1517.53
100000,10240,5383,18848.81
1000000,10240,996564,350.43
1000000,10240,45785,15102.93
100000,10240,3278,1535.36
100000,10240,48449,13666.15
1000000,10240,904361,282.49
1000000,10240,798756,1196.84
1000000,10240,548450,559.43
1000000,10240,193084,521.00
1000000,10240,899143,106.48
1000000,10240,606806,25271.18
1000000,10240,509021,19850.83
1000000,10240,316181,591.08
1000000,10240,553429,948.16
1000000,10240,852624,600.90
100000,10240,92190,324.77
100000,10240,7094,9797.41
100000,10240,76153,13786.99
1000000,10240,356329,597.03
100000,10240,95417,368.02
100000,10240,72603,11133.83
1000000,10240,704633,1147.40
100000,10240,44252,20686.36
100000,10240,75750,15934.12
100000,10240,11042,17184.09
1000000,10240,154775,30161.83
100000,10240,38469,800.37
100000,10240,30537,339.03
1000000,10240,267657,15699.91
1000000,10240,440416,1076.67
1000000,10240,657446,504.93
100000,10240,53759,15184.20
1000000,10240,869512,574.54
100000,10240,20079,32934.01
1000000,10240,526570,578.42
1000000,10240,436525,17394.04
100000,10240,40295,15457.05
1000000,10240,927362,215.18
100000,10240,54949,486.51
100000,10240,57366,18100.34
100000,10240,31504,13912.51
100000,10240,49832,570.21
1000000,10240,409783,18596.15
1000000,10240,409617,16075.83
100000,10240,88181,512.79
1000000,10240,721726,481.17
1000000,10240,144462,333.02
1000000,10240,609918,14178.60
1000000,10240,999102,299.02
100000,10240,77068,19784.27
1000000,10240,827050,517.20
1000000,10240,32670,18203.86
1000000,10240,362798,521.16
100000,10240,72667,23347.65
100000,10240,90824,16784.36
1000000,10240,541380,646.37
1000000,10240,612859,525.85
1000000,10240,680748,50233.38
1000000,10240,104727,15173.21
1000000,10240,185973,13534.74
1000000,10240,101690,526.87
100000,10240,74264,1199.22
1000000,10240,559484,403.84
1000000,10240,10206,13160.53
100000,10240,82544,465.19
100000,10240,51662,15019.63
100000,10240,24486,572.97
1000000,10240,344406,508.40
1000000,10240,997724,105.60
1000000,10240,707890,499.67
100000,10240,4562,315.37
100000,10240,20585,689.64
100000,10240,6006,17083.93
1000000,10240,373818,18306.39
1000000,10240,239266,19258.42
1000000,10240,893353,339.56
1000000,10240,991183,310.10
100000,10240,81663,30723.76
100000,10240,64665,924.80
1000000,10240,874579,325.13
1000000,10240,692102,12337.44
100000,10240,22372,13732.32
100000,10240,97853,12753.89
1000000,10240,79995,284.43
1000000,10240,340327,340.25
100000,10240,76810,862.92
1000000,10240,282234,18044.58
1000000,10240,444280,274.66
100000,10240,25919,15412.07
1000000,10240,602656,606.52
100000,10240,24697,503.62
100000,10240,95302,13510.10
1000000,10240,750595,318.35
1000000,10240,354375,312.60
1000000,10240,411054,14838.89
1000000,10240,148724,17676.55
100000,10240,11287,408.89
1000000,10240,465588,21981.77
100000,10240,55534,15021.35
100000,10240,50324,746.74
1000000,10240,49278,15545.98
100000,10240,72264,17712.54
1000000,10240,665748,782.55
1000000,10240,103365,346.64
100000,10240,66655,14493.45
1000000,10240,904241,122.33
1000000,10240,682039,295.80
100000,10240,50432,309.54
100000,10240,49969,16264.96
1000000,10240,637433,17334.82
100000,10240,85191,926.00
1000000,10240,236001,21985.50
100000,10240,60731,12920.64
100000,10240,56757,489.05
100000,10240,91441,620.56
1000000,10240,24240,18416.86
1000000,10240,69163,11941.92
1000000,10240,638953,526.64
100000,10240,13886,12036.16
1000000,10240,442957,499.13
1000000,10240,589569,10719.28
100000,10240,81142,942.45
1000000,10240,590648,564.17
1000000,10240,262847,17171.18
100000,10240,9710,16796.80
100000,10240,15493,14676.47
100000,10240,40380,22100.17
1000000,10240,515455,801.03
1000000,10240,185107,16415.26
1000000,10240,547125,476.45
1000000,10240,918806,223.07
100000,10240,61066,17308.66
100000,10240,57954,14630.41
1000000,10240,894894,452.87
100000,10240,38036,26281.94
1000000,10240,94940,19983.73
100000,10240,58743,10406.05
100000,10240,86858,966.73
100000,10240,17840,16896.27
1000000,10240,189365,32881.74
100000,10240,86956,24698.85
1000000,10240,286290,24895.10
100000,10240,11101,24260.74
100000,10240,92901,816.31
1000000,10240,487222,407.02
1000000,10240,905205,473.31
1000000,10240,997714,110.39
1000000,10240,279108,345.86
100000,10240,10490,14829.19
100000,10240,15444,743.37
1000000,10240,945055,90.72
1000000,10240,483555,425.39
1000000,10240,858976,296.00
100000,10240,72089,263.61
1000000,10240,175566,407.61
100000,10240,77624,19660.25
100000,10240,81033,23537.17
1000000,10240,936555,252.41
1000000,10240,290313,622.77
100000,10240,24744,33896.02
1000000,10240,647224,903.38
1000000,10240,780080,486.36
100000,10240,85105,583.03
1000000,10240,408040,17549.28
100000,10240,80274,601.91
1000000,10240,676472,525.23
100000,10240,75886,20448.94
100000,10240,74044,11643.07
100000,10240,68679,16594.97
100000,10240,30737,728.48
1000000,10240,783349,569.98
100000,10240,41232,917.25
100000,10240,52296,35439.45
1000000,10240,622107,754.91
1000000,10240,564080,949.35
1000000,10240,81354,60417.32
1000000,10240,968790,283.78
1000000,10240,837836,1244.13
100000,10240,12735,16632.80
1000000,10240,534363,12435.26
100000,10240,75353,15845.41
100000,10240,33972,21199.01
100000,10240,11750,16732.05
100000,10240,45293,21404.15
1000000,10240,222899,916.79
100000,10240,86079,20963.74
100000,10240,70748,674.43
1000000,10240,283246,13397.46
100000,10240,41071,1163.37
1000000,10240,537085,1165.25
100000,10240,55444,20361.28
100000,10240,70345,20772.43
1000000,10240,139260,25312.12
1000000,10240,87128,17825.01
1000000,10240,42078,1214.03
1000000,10240,169748,557.06
100000,10240,90730,558.68
100000,10240,12622,17074.19
1000000,10240,402724,20893.66
100000,10240,42584,1347.47
1000000,10240,409593,22875.24
100000,10240,71200,825.44
100000,10240,7113,1177.83
100000,10240,43420,615.52
100000,10240,2651,1014.26
100000,10240,7869,419.52
100000,10240,43559,17366.82
100000,10240,17973,20222.85
1000000,10240,531935,1085.59
100000,10240,23292,17641.53
1000000,10240,32390,708.78
100000,10240,960,17284.13
100000,10240,57870,526.33
1000000,10240,293586,14630.21
100000,10240,3527,14586.63
100000,10240,51910,20233.64
1000000,10240,744653,405.50
100000,10240,9965,15649.70
100000,10240,49930,919.85
1000000,10240,952100,221.74
1000000,10240,539420,19664.51
100000,10240,45351,13931.79
1000000,10240,357999,808.08
100000,10240,28885,626.37
1000000,10240,842362,391.90
1000000,10240,403752,629.12
100000,10240,5655,21652.36
100000,10240,39500,23790.41
100000,10240,78059,771.73
100000,10240,50506,33743.47
1000000,10240,216157,12216.20
100000,10240,93001,759.32
1000000,10240,872786,271.69
1000000,10240,178271,345.86
100000,10240,76304,25980.49
1000000,10240,243949,7804.44
1000000,10240,535859,13496.25
100000,10240,2187,684.71
1000000,10240,240500,11191.75
1000000,10240,300780,1008.23
100000,10240,62061,8963.96
100000,10240,85181,15909.52
100000,10240,89514,8172.79
100000,10240,86034,413.44
100000,10240,84907,19933.27
100000,10240,66770,17454.08
100000,10240,49674,904.37
100000,10240,20866,15229.30
100000,10240,5273,21505.55
1000000,10240,430732,765.49
1000000,10240,867949,526.39
100000,10240,97693,320.64
1000000,10240,400016,15031.10
1000000,10240,568714,603.13
100000,10240,7989,18423.11
100000,10240,58918,513.80
100000,10240,110,368.17
100000,10240,18388,13889.01
100000,10240,71770,15464.92
1000000,10240,215860,423.92
1000000,10240,752908,495.71
1000000,10240,260017,18665.67
1000000,10240,475207,500.47
1000000,10240,257269,19804.17
1000000,10240,516777,636.40
1000000,10240,221092,10893.22
100000,10240,58402,540.72
100000,10240,34387,18076.80
100000,10240,77018,20633.28
100000,10240,95251,16326.08
1000000,10240,871460,233.58
100000,10240,2492,451.34
100000,10240,38652,15152.14
1000000,10240,369495,448.20
100000,10240,13619,25701.90
1000000,10240,648758,588.55
100000,10240,39121,13360.78
1000000,10240,897670,558.17
100000,10240,47537,21972.79
100000,10240,71741,15394.47
1000000,10240,833862,525.16
1000000,10240,392446,424.85
1000000,10240,573028,276.31
1000000,10240,638093,13173.13
100000,10240,80781,20676.95
100000,10240,19054,982.22
1000000,10240,673618,926.03
100000,10240,99557,14592.64
100000,10240,13884,14697.39
1000000,10240,911015,350.25
100000,10240,79310,10207.89
1000000,10240,51203,17056.49
100000,10240,62700,730.89
100000,10240,33804,734.66
100000,10240,34993,289.63
1000000,10240,374475,19270.81
1000000,10240,486993,448.42
100000,10240,97609,312.79
100000,10240,92390,10483.42
1000000,10240,362623,774.53
1000000,10240,208205,307.97
100000,10240,18569,16803.76
1000000,10240,50121,309.48
1000000,10240,703176,305.59
100000,10240,34429,17972.26
100000,10240,5504,8120.77
1000000,10240,493348,22261.08
100000,10240,76402,18468.71
100000,10240,24505,304.70
1000000,10240,167188,308.48
1000000,10240,606472,290.83
1000000,10240,430670,333.50
1000000,10240,947442,107.73
100000,10240,33540,9633.07
1000000,10240,159903,17257.75
100000,10240,39965,361.12
100000,10240,11952,17477.97
100000,10240,24687,312.68
1000000,10240,217822,14079.80
1000000,10240,630565,274.40
100000,10240,13566,16663.17
1000000,10240,89870,439.74
100000,10240,42567,713.41
100000,10240,27100,303.28
1000000,10240,528236,34104.32
1000000,10240,593071,675.36
100000,10240,84689,17371.48
100000,10240,14896,593.05
1000000,10240,404305,22251.85
100000,10240,82346,624.86
1000000,10240,126913,617.70
100000,10240,3133,16276.81
1000000,10240,371643,14255.00
1000000,10240,654589,522.31
1000000,10240,318395,417.18
1000000,10240,38390,14175.77
100000,10240,15670,822.50
100000,10240,72053,15106.89
100000,10240,48085,526.39
1000000,10240,242959,29121.40
100000,10240,8782,13654.39
100000,10240,58073,17953.27
1000000,10240,47844,467.56
100000,10240,50801,13248.71
1000000,10240,223491,14501.10
100000,10240,23283,948.00
1000000,10240,296080,15142.36
100000,10240,90247,13781.53
1000000,10240,984532,242.87
1000000,10240,395900,11936.94
100000,10240,22184,15657.10
1000000,10240,216217,16519.56
100000,10240,78012,17621.74
100000,10240,13624,19867.99
100000,10240,22161,454.96
1000000,10240,814165,513.07
100000,10240,62041,19181.24
1000000,10240,66183,721.38
100000,10240,25035,802.68
1000000,10240,162107,12195.50
100000,10240,5693,628.26
100000,10240,93768,12273.43
1000000,10240,224505,11925.28
100000,10240,15202,18575.31
1000000,10240,323466,22653.41
1000000,10240,74694,16049.37
100000,10240,46118,1018.51
1000000,10240,166846,16528.55
100000,10240,6507,16393.76
1000000,10240,22536,19308.90
1000000,10240,975499,261.42
100000,10240,42003,554.99
1000000,10240,857939,241.31
100000,10240,83283,25784.65
100000,10240,91566,17214.25
1000000,10240,80157,15521.54
100000,10240,37989,535.81
1000000,10240,352898,14419.79
100000,10240,95997,9452.19
1000000,10240,124249,823.08
100000,10240,32768,12951.14
1000000,10240,758183,17827.71
1000000,10240,98471,656.36
100000,10240,5992,455.64
100000,10240,31298,317.56
100000,10240,12196,13873.67
1000000,10240,822911,313.13
1000000,10240,125052,18341.17
100000,10240,52538,19927.92
100000,10240,42368,18550.17
1000000,10240,151154,774.08
1000000,10240,809606,812.02
100000,10240,2376,14568.67
1000000,10240,26008,584.87
1000000,10240,62276,15083.44
100000,10240,49197,886.80
1000000,10240,501111,524.64
100000,10240,8906,791.98
1000000,10240,431204,751.81
1000000,10240,404051,370.77
100000,10240,94801,8723.12
100000,10240,42523,20253.40
1000000,10240,828446,1008.34
100000,10240,22324,826.24
1000000,10240,84508,10882.68
1000000,10240,288820,1151.29
1000000,10240,309203,20930.53
100000,10240,38452,26866.74
1000000,10240,685234,1100.20
100000,10240,31363,13796.94
100000,10240,42647,14190.79
1000000,10240,381405,19104.28
1000000,10240,675127,942.55
100000,10240,96549,1346.13
100000,10240,88395,17948.92
100000,10240,21093,16758.82
100000,10240,83284,13056.62
1000000,10240,107809,18853.88
1000000,10240,86651,15368.70
100000,10240,2459,1551.78
100000,10240,63792,16212.02
100000,10240,6145,805.53
100000,10240,87410,768.61
100000,10240,15213,17243.99
1000000,10240,645952,13640.99
1000000,10240,6242,11683.63
1000000,10240,318844,19849.90
100000,10240,75757,739.02
100000,10240,44725,14697.07
1000000,10240,525814,19559.14
100000,10240,70136,12334.04
100000,10240,33850,1061.65
1000000,10240,403764,623.74
100000,10240,63156,804.38
1000000,10240,935825,124.43
100000,10240,84678,499.85
100000,10240,7686,13610.75
100000,10240,81233,30279.53
100000,10240,31365,6788.09
100000,10240,90981,1544.71
1000000,10240,813602,1006.41
1000000,10240,935929,217.94
100000,10240,57080,513.48
1000000,10240,663874,594.43
1000000,10240,853370,355.89
100000,10240,35358,447.37
100000,10240,89088,12710.85
100000,10240,97773,642.32
1000000,10240,413188,14900.95
1000000,10240,305110,962.39
100000,10240,77814,1094.53
100000,10240,69621,11919.20
1000000,10240,458648,763.82
1000000,10240,124573,660.81
100000,10240,67681,15749.45
1000000,10240,897135,1058.36
100000,10240,76692,10375.83
1000000,10240,54262,780.11
1000000,10240,145893,1081.07
1000000,10240,519640,404.70
100000,10240,48840,10062.67
100000,10240,77430,14013.88
1000000,10240,786897,9755.80
1000000,10240,159437,14767.67
1000000,10240,508512,749.05
1000000,10240,984827,342.78
1000000,10240,229489,19276.66
100000,10240,50387,18063.35
100000,10240,47916,1084.93
1000000,10240,958529,308.07
1000000,10240,673518,11642.84
100000,10240,20289,34235.18
1000000,10240,325698,3425.13
1000000,10240,116260,14892.34
100000,10240,77849,9636.54
100000,10240,89353,19415.72
100000,10240,82863,17246.12
100000,10240,56532,22888.88
100000,10240,15886,637.00
1000000,10240,246617,12175.91
100000,10240,6461,18566.21
100000,10240,89538,19791.75
100000,10240,60562,1110.48
100000,10240,42516,13584.09
100000,10240,28143,52458.74
1000000,10240,15457,19588.12
1000000,10240,57159,26888.42
100000,10240,22838,10684.66
100000,10240,99991,786.47
100000,10240,68879,13528.88
1000000,10240,17224,16474.44
1000000,10240,861304,757.74
100000,10240,72350,15276.83
1000000,10240,662002,975.41
1000000,10240,920534,221.63
100000,10240,77867,20141.80
1000000,10240,773105,533.22
1000000,10240,359949,420.10
1000000,10240,214140,19722.54
100000,10240,60115,538.00
100000,10240,54559,18166.28
1000000,10240,272914,16578.84
1000000,10240,56704,16271.48
1000000,10240,720738,565.86
100000,10240,62539,18921.32
1000000,10240,636176,883.90
100000,10240,38754,603.62
100000,10240,76568,12452.86
100000,10240,25751,905.33
1000000,10240,319398,403.73
1000000,10240,646195,401.60
1000000,10240,685684,470.61
1000000,10240,966329,90.79
100000,10240,57037,17043.70
100000,10240,73281,750.56
100000,10240,97491,14760.87
100000,10240,50578,758.07
1000000,10240,486758,14071.39
100000,10240,68247,18210.90
1000000,10240,644979,588.08
1000000,10240,482559,538.57
1000000,10240,621285,309.94
1000000,10240,854672,484.71
100000,10240,66935,8405.30
100000,10240,42906,18226.04
100000,10240,71071,14069.80
1000000,10240,675149,783.37
1000000,10240,144408,14202.80
100000,10240,74141,14032.09
1000000,10240,831710,295.32
1000000,10240,417143,21771.43
100000,10240,11980,19764.86
100000,10240,61474,24085.53
100000,10240,14131,26746.19
1000000,10240,967519,273.66
100000,10240,868,616.68
1000000,10240,257874,545.76
1000000,10240,330664,21989.95
1000000,10240,104271,19183.10
1000000,10240,710912,10840.73
100000,10240,74443,13651.49
100000,10240,69672,7292.26
1000000,10240,7217,15782.52
1000000,10240,256757,667.80
100000,10240,83568,22111.56
100000,10240,38230,27751.12
100000,10240,61377,21480.03
100000,10240,41116,15146.62
1000000,10240,498593,1034.12
100000,10240,59048,13160.00
1000000,10240,874098,521.10
100000,10240,32411,23525.49
1000000,10240,80782,20664.02
1000000,10240,87651,19402.02
1000000,10240,278293,17499.59
100000,10240,21249,500.33
1000000,10240,596879,399.06
1000000,10240,459034,16437.77
1000000,10240,56710,442.36
100000,10240,78265,652.48
100000,10240,10074,18900.28
1000000,10240,883101,224.12
1000000,10240,216509,18562.66
100000,10240,93298,16457.85
100000,10240,79346,630.20
100000,10240,92485,27103.78
100000,10240,24966,943.01
100000,10240,59322,893.60
100000,10240,91983,352.73
1000000,10240,510102,508.81
100000,10240,11708,519.98
1000000,10240,542372,15206.15
1000000,10240,967152,364.52
1000000,10240,246097,14820.99
100000,10240,99022,1002.26
1000000,10240,305998,17196.99
100000,10240,90507,657.88
1000000,10240,798273,539.79
100000,10240,97746,16488.08
100000,10240,93159,496.45
1000000,10240,392040,486.71
100000,10240,50911,11975.23
1000000,10240,254240,11867.16
100000,10240,69501,830.53
100000,10240,32477,791.83
1000000,10240,750755,436.40
1000000,10240,656830,313.45
1000000,10240,387491,17207.01
100000,10240,19410,12449.96
1000000,10240,890941,203.25
1000000,10240,697848,16321.56
1000000,10240,967894,275.74
1000000,10240,613583,391.56
1000000,10240,823507,753.51
1000000,10240,172846,10478.20
100000,10240,92244,15533.98
100000,10240,46019,390.09
100000,10240,81087,974.01
100000,10240,77028,23444.93
1000000,10240,309767,20680.52
1000000,10240,605912,17677.91
1000000,10240,875474,572.06
100000,10240,72443,19277.43
100000,10240,53120,642.55
1000000,10240,736873,426.72
1000000,10240,728866,431.69
1000000,10240,943626,125.69
100000,10240,70852,514.77
1000000,10240,850965,266.33
1000000,10240,679878,362.84
1000000,10240,636356,10704.91
1000000,10240,992177,296.41
100000,10240,80856,375.62
1000000,10240,529241,1120.10
1000000,10240,326304,16531.01
100000,10240,36349,17959.08
100000,10240,85701,707.54
1000000,10240,967301,231.41
1000000,10240,42615,19599.19
100000,10240,14710,14280.31
100000,10240,34180,9092.53
1000000,10240,244359,418.38
1000000,10240,12938,315.19
1000000,10240,931878,229.12
1000000,10240,270539,787.08
1000000,10240,595681,309.67
100000,10240,31414,13592.75
100000,10240,80114,35780.77
100000,10240,27297,784.42
100000,10240,35986,16405.89
100000,10240,76955,580.30
1000000,10240,800808,665.14
1000000,10240,722460,439.57
100000,10240,66628,461.16
100000,10240,75534,16659.73
100000,10240,72105,16979.67
100000,10240,65230,548.01
100000,10240,10735,584.51
1000000,10240,608302,609.84
100000,10240,26173,519.19
1000000,10240,46073,263.66
1000000,10240,785376,304.13
1000000,10240,734242,595.44
1000000,10240,381308,9379.58
1000000,10240,272871,1038.80
100000,10240,54135,637.27
100000,10240,5611,29217.35
1000000,10240,681180,3262.28
100000,10240,77176,722.60
100000,10240,37313,16116.92
100000,10240,10101,577.05
1000000,10240,150115,389.23
100000,10240,78671,15578.89
100000,10240,64330,19078.41
100000,10240,15389,1223.60
100000,10240,88188,1407.76
1000000,10240,710769,451.41
1000000,10240,119051,17230.66
1000000,10240,936026,370.28
100000,10240,17647,432.71
100000,10240,25652,408.68
1000000,10240,813537,448.14
1000000,10240,676936,534.41
1000000,10240,700969,1160.43
100000,10240,44077,21991.18
100000,10240,91133,22406.68
1000000,10240,229565,10314.86
100000,10240,53054,1016.40
100000,10240,81151,844.91
100000,10240,23260,20392.12
1000000,10240,572089,1220.69
1000000,10240,490891,1015.48
100000,10240,31946,489.06
100000,10240,72365,428.66
1000000,10240,447898,530.69
100000,10240,39893,1149.47
100000,10240,49081,1304.17
100000,10240,12219,26191.57
1000000,10240,725657,25733.76
100000,10240,23226,512.27
1000000,10240,818107,455.43
1000000,10240,716137,19085.87
100000,10240,29145,649.50
1000000,10240,37367,453.25
1000000,10240,707777,575.63
1000000,10240,34261,449.78
100000,10240,94381,17104.01
100000,10240,16143,13384.10
1000000,10240,673003,705.91
1000000,10240,675738,334.85
1000000,10240,152275,14483.72
100000,10240,17245,1322.79
1000000,10240,930559,127.74
1000000,10240,775788,800.03
1000000,10240,550750,691.16
100000,10240,90526,938.15
100000,10240,43065,8057.34
100000,10240,89749,951.39
100000,10240,99059,772.32
1000000,10240,847954,1139.62
100000,10240,9358,20751.37
1000000,10240,630520,456.55
100000,10240,43231,16392.94
100000,10240,14936,12177.26
1000000,10240,988805,105.05
1000000,10240,145608,11061.88
1000000,10240,22484,13833.76
1000000,10240,439507,599.77
100000,10240,40193,504.83
100000,10240,336,22403.56
100000,10240,62781,13055.76
100000,10240,7328,1126.33
1000000,10240,105797,12279.71
100000,10240,24561,11620.47
100000,10240,60302,515.15
100000,10240,76389,17136.89
100000,10240,79478,9791.31
100000,10240,52994,25507.13
1000000,10240,961244,274.38
100000,10240,86208,1202.26
100000,10240,93969,916.59
1000000,10240,942901,97.55
1000000,10240,581757,481.94
100000,10240,33244,457.14
100000,10240,19405,712.02
100000,10240,64392,759.89
100000,10240,12943,13727.49
1000000,10240,438388,23914.08
100000,10240,67844,684.17
1000000,10240,328387,15928.39
100000,10240,96959,36392.81
100000,10240,87574,610.81
1000000,10240,735405,525.92
100000,10240,96497,768.26
100000,10240,26137,21702.83
1000000,10240,634347,1157.27
1000000,10240,262651,1371.26
100000,10240,15212,326.24
1000000,10240,948252,303.13
100000,10240,27973,640.28
1000000,10240,359065,965.28
100000,10240,69617,11079.58
100000,10240,90517,1339.15
100000,10240,68327,24967.66
1000000,10240,838672,1374.34
1000000,10240,738158,738.08
100000,10240,58117,12246.93
1000000,10240,810175,647.32
1000000,10240,299986,31422.39
100000,10240,5754,20591.64
100000,10240,60845,19078.60
100000,10240,9567,697.70
1000000,10240,795720,635.84
1000000,10240,112248,17920.33
1000000,10240,950710,309.71
100000,10240,18141,17730.85
1000000,10240,943851,236.38
1000000,10240,547341,16669.10
100000,10240,41471,9213.89
100000,10240,3689,484.76
100000,10240,4722,16324.00
1000000,10240,350281,1141.00
100000,10240,2762,7544.93
1000000,10240,508622,20808.41
100000,10240,19655,1088.00
1000000,10240,241616,401.23
1000000,10240,96729,12876.05
100000,10240,86798,928.57
100000,10240,60199,491.68
1000000,10240,203182,522.99
1000000,10240,876950,99.21
100000,10240,60341,18547.76
100000,10240,20146,870.05
1000000,10240,728846,18486.34
1000000,10240,341293,671.46
100000,10240,62371,502.91
1000000,10240,792528,380.40
1000000,10240,646564,19088.35
1000000,10240,880817,292.76
100000,10240,78654,16349.15
1000000,10240,320932,593.23
100000,10240,22818,10946.07
100000,10240,3455,416.57
100000,10240,48738,17231.53
1000000,10240,958120,197.02
1000000,10240,410373,18286.45
1000000,10240,446380,558.95
1000000,10240,796573,626.37
100000,10240,48760,301.98
100000,10240,85649,305.44
100000,10240,12193,11308.20
100000,10240,15194,17310.07
100000,10240,75304,486.68
100000,10240,34787,10235.53
100000,10240,92633,21567.34
1000000,10240,693013,342.64
100000,10240,56534,432.67
100000,10240,99641,347.00
100000,10240,90769,13801.80
1000000,10240,403553,15635.74
100000,10240,47307,8582.49
100000,10240,88184,323.46
1000000,10240,573136,304.28
100000,10240,51605,19109.91
1000000,10240,259433,363.92
1000000,10240,497526,9392.45
1000000,10240,591040,20263.33
1000000,10240,474602,11497.69
100000,10240,11883,6808.70
1000000,10240,520052,23682.40
100000,10240,79026,15145.70
100000,10240,80131,440.06
1000000,10240,530519,841.19
1000000,10240,672101,17605.32
1000000,10240,805842,542.80
100000,10240,23148,19212.22
1000000,10240,517927,856.90
100000,10240,38455,10143.24
1000000,10240,275632,17072.31
1000000,10240,339452,26485.34
100000,10240,15203,462.06
100000,10240,58414,25337.72
100000,10240,47214,1265.20
1000000,10240,842726,317.05
100000,10240,64472,316.25
1000000,10240,721347,286.24
100000,10240,41193,10789.76
1000000,10240,222367,315.71
100000,10240,20461,14811.73
1000000,10240,72827,10497.33
1000000,10240,875937,370.33
100000,10240,5230,339.24
100000,10240,28627,307.70
100000,10240,70101,11541.77
1000000,10240,110531,15660.04
100000,10240,7592,312.60
1000000,10240,395896,289.51
1000000,10240,116319,14430.00
1000000,10240,312434,282.37
1000000,10240,485168,323.19
100000,10240,43573,14545.59
100000,10240,29444,5081.49
1000000,10240,814419,429.43
100000,10240,96070,525.12
100000,10240,7456,320.15
100000,10240,15818,19233.13
100000,10240,64876,20417.28
1000000,10240,461801,17449.09
1000000,10240,135249,839.73
1000000,10240,400327,334.40
100000,10240,3534,22241.54
100000,10240,86098,724.27
1000000,10240,414507,840.11
1000000,10240,422511,34806.64
100000,10240,5155,17353.79
1000000,10240,897940,239.75
100000,10240,38070,15674.53
100000,10240,2674,15060.58
1000000,10240,401382,19202.57
100000,10240,96182,13434.33
100000,10240,21627,2458.06
1000000,10240,632294,422.50
1000000,10240,827912,280.48
1000000,10240,496744,405.31
1000000,10240,973672,230.76
1000000,10240,849785,734.51
1000000,10240,167775,19065.53
100000,10240,36528,21259.97
100000,10240,98648,15886.82
100000,10240,52941,21107.40
1000000,10240,918066,173.64
1000000,10240,848450,431.79
1000000,10240,414673,13662.95
100000,10240,23510,1060.88
1000000,10240,133644,13171.73
1000000,10240,432164,561.26
100000,10240,1219,323.28
1000000,10240,690318,279.88
1000000,10240,308137,428.14
1000000,10240,807304,369.86
1000000,10240,123694,697.07
1000000,10240,71472,682.98
100000,10240,24116,474.45
100000,10240,53511,13861.17
100000,10240,44357,17460.34
100000,10240,51748,732.21
1000000,10240,236450,320.11
100000,10240,95185,8135.75
1000000,10240,754145,380.25
100000,10240,11138,830.85
1000000,10240,947472,95.52
1000000,10240,852319,296.44
1000000,10240,446944,11494.25
1000000,10240,468802,15215.62
100000,10240,3492,11144.24
1000000,10240,826874,524.30
100000,10240,18837,32684.33
1000000,10240,926227,288.69
1000000,10240,263895,12225.07
1000000,10240,289874,15330.66
100000,10240,96398,718.31
100000,10240,37767,12515.52
1000000,10240,31904,566.75
1000000,10240,102130,18821.20
1000000,10240,453355,635.53
1000000,10240,301225,15539.42
100000,10240,70687,705.23
100000,10240,51747,428.44
1000000,10240,603027,13895.48
1000000,10240,724139,456.35
100000,10240,60323,6520.07
1000000,10240,424209,12445.48
100000,10240,99078,392.00
100000,10240,14943,789.92
1000000,10240,837803,560.32
1000000,10240,187700,971.26
1000000,10240,742929,408.02
1000000,10240,728843,377.69
1000000,10240,799743,366.48
1000000,10240,433370,21035.05
1000000,10240,365226,454.85
100000,10240,91056,11103.36
1000000,10240,702169,595.88
100000,10240,26287,715.19
100000,10240,62021,924.61
100000,10240,28913,672.64
100000,10240,28569,394.37
100000,10240,43874,699.80
100000,10240,3847,22779.12
100000,10240,10828,329.13
1000000,10240,678058,20596.29
100000,10240,58975,13480.27
1000000,10240,378816,444.93
100000,10240,15525,417.05
1000000,10240,584745,340.51
1000000,10240,146841,299.15
100000,10240,12524,597.65
100000,10240,23770,340.80
100000,10240,44504,286.66
100000,10240,82629,724.30
1000000,10240,44413,14671.32
100000,10240,86827,21524.12
1000000,10240,99166,878.10
1000000,10240,432876,16117.14
1000000,10240,417749,22832.58
1000000,10240,867962,943.55
1000000,10240,130120,19081.25
100000,10240,81764,970.25
1000000,10240,106197,7779.15
100000,10240,66543,834.42
1000000,10240,870840,693.66
1000000,10240,330096,467.12
100000,10240,40407,920.02
1000000,10240,344867,355.02
1000000,10240,254276,397.92
1000000,10240,953028,100.05
1000000,10240,5490,15369.20
100000,10240,55797,18725.62
100000,10240,43288,15404.06
100000,10240,37550,16202.06
100000,10240,3143,695.92
1000000,10240,836258,100.02
1000000,10240,669399,569.39
100000,10240,33202,18352.69
100000,10240,51877,11742.32
1000000,10240,256902,880.64
100000,10240,17771,477.43
100000,10240,29392,1517.06
100000,10240,85029,14445.25
1000000,10240,805947,521.68
1000000,10240,333799,1151.65
1000000,10240,582735,603.64
100000,10240,5183,17610.92
1000000,10240,893654,622.47
100000,10240,41889,911.28
100000,10240,38769,18363.28
100000,10240,5772,12475.67
100000,10240,80931,1401.97
100000,10240,33729,621.20
100000,10240,11552,21017.28
100000,10240,66918,610.52
1000000,10240,262682,1017.96
100000,10240,36877,627.53
1000000,10240,455416,8800.65
1000000,10240,716044,1088.29
1000000,10240,96901,18049.76
1000000,10240,355446,18068.47
1000000,10240,192355,1292.97
1000000,10240,391270,13561.74
100000,10240,86649,1223.67
1000000,10240,271213,12773.57
1000000,10240,15920,19142.00
1000000,10240,560730,19764.65
100000,10240,15974,19085.41
1000000,10240,77667,22251.93
1000000,10240,833868,842.30
100000,10240,3597,14675.41
100000,10240,4946,15178.61
1000000,10240,298806,21810.20
1000000,10240,693320,16866.12
1000000,10240,273132,25558.03
1000000,10240,390366,1629.01
1000000,10240,771037,1400.04
1000000,10240,720328,347.86
1000000,10240,453515,744.29
100000,10240,4679,19656.33
100000,10240,37346,17213.50
100000,10240,30907,13566.09
100000,10240,2572,14331.66
100000,10240,30982,17724.42
100000,10240,29041,16168.60
100000,10240,68242,25159.47
1000000,10240,262165,904.93
100000,10240,19400,541.60
100000,10240,59596,26093.35
1000000,10240,122400,1112.43
1000000,10240,518554,961.62
100000,10240,37226,731.49
100000,10240,61186,16681.68
100000,10240,21473,15194.38
1000000,10240,589194,15164.92
1000000,10240,986700,244.72
1000000,10240,271256,17415.44
1000000,10240,244296,1023.66
100000,10240,86163,1321.21
100000,10240,65598,1106.58
100000,10240,64010,1591.48
100000,10240,4888,1269.31
100000,10240,48745,14255.51
100000,10240,63577,15777.06
1000000,10240,604020,898.08
1000000,10240,397753,23225.19
100000,10240,24581,922.10
1000000,10240,516926,1386.46
100000,10240,15923,793.29
1000000,10240,425019,580.15
100000,10240,79058,1233.26
1000000,10240,673492,1377.00
100000,10240,77337,17939.58
1000000,10240,116941,17013.51
1000000,10240,980080,275.07
1000000,10240,480462,1087.53
100000,10240,77728,1541.27
100000,10240,66494,549.49
100000,10240,82831,657.41
1000000,10240,537966,1258.60
100000,10240,84835,19284.45
1000000,10240,344412,20307.39
1000000,10240,667254,883.36
1000000,10240,791512,669.87
100000,10240,29035,17051.24
100000,10240,93466,27195.27
1000000,10240,220958,1091.25
100000,10240,15435,1608.13
100000,10240,2587,16300.75
1000000,10240,415131,515.40
100000,10240,178,14627.09
1000000,10240,869993,376.23
1000000,10240,491202,745.56
100000,10240,19887,15219.11
1000000,10240,203352,1337.68
1000000,10240,869520,307.00
100000,10240,8288,16788.32
1000000,10240,685890,834.39
1000000,10240,923960,223.94
1000000,10240,539737,984.62
1000000,10240,475895,737.80
1000000,10240,907915,94.24
100000,10240,73060,15517.25
1000000,10240,251165,21448.65
100000,10240,42245,10375.13
1000000,10240,220544,17824.08
100000,10240,85182,18034.78
1000000,10240,276169,714.52
1000000,10240,567551,16679.90
1000000,10240,363191,518.19
1000000,10240,991417,302.54
1000000,10240,321107,16159.30
1000000,10240,586120,988.49
1000000,10240,928255,284.73
1000000,10240,766296,499.73
1000000,10240,376507,21085.31
1000000,10240,235490,10778.72
1000000,10240,858294,829.47
100000,10240,37831,9551.69
1000000,10240,748420,567.83
1000000,10240,675143,861.48
1000000,10240,208902,22047.24
1000000,10240,413711,10344.44
1000000,10240,947533,350.70
1000000,10240,917410,220.50
100000,10240,8870,12309.94
1000000,10240,372200,15595.68
1000000,10240,430819,591.59
1000000,10240,418675,19151.39
100000,10240,36046,964.39
100000,10240,50133,17214.67
100000,10240,31370,17721.16
1000000,10240,720540,1132.14
1000000,10240,963055,137.43
1000000,10240,322939,16480.09
1000000,10240,592004,659.88
1000000,10240,197083,16731.64
1000000,10240,926524,342.75
1000000,10240,731519,504.38
1000000,10240,297380,19647.42
100000,10240,64918,981.20
100000,10240,88652,436.08
1000000,10240,356349,330.21
100000,10240,46254,18518.47
100000,10240,22361,941.32
100000,10240,12871,12190.57
100000,10240,42058,13983.53
1000000,10240,926926,239.93
100000,10240,85841,532.84
100000,10240,37475,304.32
1000000,10240,985023,92.60
1000000,10240,197995,11354.15
100000,10240,63538,821.40
100000,10240,21292,19337.28
100000,10240,15906,917.81
100000,10240,39223,522.09
100000,10240,87833,18449.19
1000000,10240,928517,325.39
1000000,10240,442332,615.20
1000000,10240,867146,290.58
1000000,10240,728986,15001.88
1000000,10240,623303,13199.99
1000000,10240,216173,16728.65
100000,10240,32077,19887.50
100000,10240,42179,12483.74
100000,10240,22439,1017.19
1000000,10240,151141,10662.18
100000,10240,84068,768.82
1000000,10240,166911,13164.92
100000,10240,62978,14818.89
1000000,10240,991823,352.39
1000000,10240,25918,13799.99
100000,10240,77832,499.93
1000000,10240,111613,17803.42
1000000,10240,659457,931.90
1000000,10240,183120,13837.76
100000,10240,35554,9674.54
1000000,10240,910145,316.58
1000000,10240,20887,17040.08
100000,10240,47638,21371.70
100000,10240,52564,24237.31
100000,10240,61879,1114.75
100000,10240,14335,328.88
1000000,10240,699946,412.42
100000,10240,36670,19493.24
100000,10240,38644,553.56
1000000,10240,782506,362.87
100000,10240,5726,394.44
100000,10240,67194,17824.59
1000000,10240,122989,591.16
1000000,10240,858271,776.14
1000000,10240,718102,896.69
100000,10240,2061,16381.98
1000000,10240,976061,330.12
100000,10240,75775,768.18
100000,10240,94340,29580.51
100000,10240,83746,20460.26
1000000,10240,435168,725.16
100000,10240,99130,497.54
100000,10240,61746,903.61
1000000,10240,104926,20662.00
100000,10240,60637,13870.52
1000000,10240,587173,20019.54
100000,10240,43160,611.43
100000,10240,74205,12443.07
1000000,10240,851943,616.89
100000,10240,18102,598.45
1000000,10240,544675,283.33
100000,10240,86706,301.98
100000,10240,46805,17793.70
1000000,10240,495248,17464.74
100000,10240,1075,19054.62
100000,10240,55353,1047.05
100000,10240,39472,12086.37
1000000,10240,959129,237.29
1000000,10240,790303,549.78
100000,10240,17038,20073.79
100000,10240,60819,511.51
100000,10240,11062,632.53
100000,10240,45071,997.72
100000,10240,57290,14760.30
1000000,10240,155486,13779.56
1000000,10240,67808,14820.89
100000,10240,59388,1091.18
100000,10240,67717,19956.01
100000,10240,82210,18197.42
100000,10240,26497,16032.52
1000000,10240,808184,623.76
1000000,10240,965368,85.41
100000,10240,18537,458.92
100000,10240,21697,824.38
100000,10240,25470,17261.38
100000,10240,14933,20710.79
1000000,10240,482961,40171.93
100000,10240,6025,21339.74
1000000,10240,4359,22561.84
1000000,10240,829053,610.67
1000000,10240,204899,453.26
100000,10240,94690,447.96
1000000,10240,82907,21511.29
1000000,10240,510172,657.94
100000,10240,58450,16395.66
100000,10240,13529,16341.64
1000000,10240,190824,721.84
100000,10240,21356,18606.31
1000000,10240,974744,344.55
1000000,10240,943502,209.52
1000000,10240,147705,19513.65
1000000,10240,309258,14975.76
1000000,10240,491246,576.05
1000000,10240,977658,300.18
1000000,10240,919809,85.51
100000,10240,28419,807.72
100000,10240,82543,629.96
1000000,10240,393335,15664.66
100000,10240,59634,11927.60
100000,10240,3525,752.22
1000000,10240,582753,516.09
100000,10240,34362,29416.07
100000,10240,34649,10804.42
1000000,10240,841496,701.28
1000000,10240,482607,439.08
100000,10240,96084,28034.76
100000,10240,54262,11092.87
1000000,10240,668692,673.17
100000,10240,96434,882.42
100000,10240,29712,19964.98
100000,10240,66164,866.50
1000000,10240,616813,915.81
1000000,10240,282014,11967.11
100000,10240,61733,1279.14
1000000,10240,498312,993.16
100000,10240,20732,697.99
100000,10240,96821,15755.89
100000,10240,72165,1196.68
1000000,10240,234410,15603.34
100000,10240,96440,787.43
100000,10240,5771,644.29
1000000,10240,67154,11718.14
1000000,10240,203019,18792.80
100000,10240,18198,10827.35
100000,10240,27102,834.23
100000,10240,54162,554.96
100000,10240,4392,975.26
1000000,10240,845044,20785.85
1000000,10240,195760,629.38
100000,10240,62003,18215.76
1000000,10240,936610,261.78
100000,10240,47918,16037.68
1000000,10240,738024,934.65
100000,10240,12809,671.25
100000,10240,11253,1330.88
1000000,10240,220172,425.53
100000,10240,8992,15416.06
1000000,10240,11121,1324.47
100000,10240,80440,728.02
1000000,10240,200261,548.63
1000000,10240,290819,486.58
100000,10240,64340,17354.37
1000000,10240,359793,19955.49
100000,10240,13526,21247.85
1000000,10240,598020,997.74
100000,10240,91660,788.20
1000000,10240,159038,1422.57
1000000,10240,210105,18485.71
100000,10240,53138,1048.10
100000,10240,28647,1091.17
100000,10240,31194,12171.46
1000000,10240,350741,21380.12
100000,10240,31133,22746.26
100000,10240,85678,1203.82
100000,10240,46018,723.54
1000000,10240,622234,599.80
100000,10240,39596,758.53
100000,10240,55519,19054.83
100000,10240,48974,762.67
1000000,10240,521711,481.89
1000000,10240,24545,644.12
100000,10240,1071,475.18
1000000,10240,562264,385.27
100000,10240,44729,1281.02
1000000,10240,791533,472.84
1000000,10240,450005,17900.64
100000,10240,18035,495.63
100000,10240,56010,21533.20
1000000,10240,152956,18483.56
100000,10240,11233,21504.51
100000,10240,76541,11168.08
100000,10240,37601,1107.12
1000000,10240,215098,19420.57
100000,10240,26486,20479.34
100000,10240,63372,18811.30
100000,10240,97878,18055.27
100000,10240,15315,16943.80
100000,10240,73156,1056.67
100000,10240,50940,967.49
1000000,10240,733232,763.68
100000,10240,58471,16029.13
100000,10240,57749,959.00
100000,10240,75527,656.54
100000,10240,15833,687.92
100000,10240,90855,652.29
1000000,10240,812000,314.84
100000,10240,10358,336.33
100000,10240,2844,4447.01
100000,10240,43397,1054.37
100000,10240,70232,18617.34
100000,10240,56093,10321.29
1000000,10240,668796,1014.17
100000,10240,99181,760.62
100000,10240,19316,14924.45
1000000,10240,927735,257.57
100000,10240,78370,653.93
1000000,10240,76751,23666.30
1000000,10240,768738,1220.32
100000,10240,30154,1178.85
1000000,10240,618820,344.04
100000,10240,51792,21675.58
100000,10240,85196,1028.90
1000000,10240,567875,679.28
1000000,10240,139494,12820.56
1000000,10240,512743,8617.83
100000,10240,65382,25859.19
100000,10240,3219,22807.94
1000000,10240,410087,14426.89
100000,10240,40026,19757.98
100000,10240,30771,11476.14
1000000,10240,220511,23548.69
1000000,10240,197389,19172.44
100000,10240,14328,567.40
100000,10240,37586,13125.81
100000,10240,93032,24075.49
100000,10240,25154,1068.74
1000000,10240,419487,766.50
100000,10240,56272,14027.23
100000,10240,80808,1138.49
1000000,10240,187469,5180.93
100000,10240,52028,14554.58
1000000,10240,776000,630.48
100000,10240,57340,797.85
1000000,10240,106773,34667.19
1000000,10240,347231,769.64
100000,10240,34987,535.16
100000,10240,83472,19579.12
1000000,10240,471552,453.59
1000000,10240,287918,13469.34
1000000,10240,152438,19392.48
100000,10240,54921,13285.84
1000000,10240,679003,690.43
1000000,10240,687728,417.27
1000000,10240,545073,583.03
1000000,10240,940801,98.83
100000,10240,84529,16321.12
100000,10240,22398,546.83
1000000,10240,714852,391.18
100000,10240,79103,721.19
1000000,10240,190407,13937.86
1000000,10240,765847,654.97
100000,10240,38663,16228.38
100000,10240,88777,27237.61
1000000,10240,429131,17108.29
100000,10240,99775,346.39
100000,10240,45318,21312.42
100000,10240,68107,697.84
100000,10240,26624,847.40
100000,10240,14022,509.12
1000000,10240,80079,13634.66
1000000,10240,838708,529.75
100000,10240,97549,876.47
100000,10240,18373,641.26
100000,10240,37627,11482.15
100000,10240,94472,1265.95
100000,10240,19651,644.99
100000,10240,54558,351.04
1000000,10240,430016,17565.72
1000000,10240,33616,21171.78
1000000,10240,268735,13592.10
100000,10240,34732,22737.99
100000,10240,48200,15464.24
1000000,10240,122994,15078.17
1000000,10240,254880,34631.54
100000,10240,84670,932.74
100000,10240,65619,689.62
1000000,10240,735679,408.10
100000,10240,34179,10920.59
100000,10240,41383,902.87
100000,10240,85813,381.24
100000,10240,99871,723.98
1000000,10240,666023,337.36
100000,10240,26330,768.71
1000000,10240,486819,348.17
1000000,10240,935615,136.03
100000,10240,65849,671.57
1000000,10240,576790,314.09
1000000,10240,867438,276.32
1000000,10240,341092,405.53
100000,10240,15890,311.14
100000,10240,33246,13016.28
100000,10240,10237,558.37
1000000,10240,504783,13722.89
1000000,10240,380343,17322.37
100000,10240,3826,20273.82
100000,10240,52034,15473.15
1000000,10240,441878,14896.32
100000,10240,64080,17467.96
1000000,10240,705796,617.30
100000,10240,52055,661.33
100000,10240,68847,13653.85
100000,10240,70956,9563.58
100000,10240,96384,966.14
100000,10240,30266,580.42
100000,10240,48374,16281.10
1000000,10240,12818,1087.69
1000000,10240,746621,442.13
1000000,10240,629006,376.61
1000000,10240,496894,581.62
1000000,10240,149600,296.43
100000,10240,88662,7874.80
1000000,10240,476713,29871.88
1000000,10240,732582,507.98
1000000,10240,255376,420.51
1000000,10240,271608,424.42
100000,10240,89505,395.90
100000,10240,85215,264.43
1000000,10240,792026,399.46
1000000,10240,243974,19802.67
1000000,10240,879535,508.28
1000000,10240,763660,685.40
1000000,10240,102905,417.33
1000000,10240,226122,292.58
100000,10240,70402,13728.08
1000000,10240,147390,16817.47
1000000,10240,222155,15691.85
100000,10240,80134,1054.49
100000,10240,87766,500.64
100000,10240,17132,415.61
100000,10240,40334,461.95
100000,10240,35527,12767.15
100000,10240,94908,670.82
1000000,10240,33287,17235.29
100000,10240,51157,16885.88
1000000,10240,523058,425.00
100000,10240,1487,13131.12
100000,10240,80017,712.70
100000,10240,37836,283.32
1000000,10240,773078,284.47
100000,10240,3010,334.21
1000000,10240,742563,726.02
1000000,10240,434166,14908.50
1000000,10240,48439,12381.46
1000000,10240,757190,281.53
100000,10240,22431,17544.32
100000,10240,20707,17069.40
1000000,10240,816470,19642.33
1000000,10240,16645,627.61
1000000,10240,982434,131.02
100000,10240,87111,417.52
100000,10240,80263,1133.79
100000,10240,99035,499.14
100000,10240,93623,1202.98
100000,10240,51851,413.87
1000000,10240,230954,16568.30
1000000,10240,683673,668.66
100000,10240,12805,846.64
1000000,10240,847285,353.81
1000000,10240,559193,335.53
100000,10240,79887,888.87
1000000,10240,149522,299.63
100000,10240,53131,472.04
100000,10240,49712,11496.81
100000,10240,92090,908.70
100000,10240,11442,17217.65
100000,10240,88511,17104.77
1000000,10240,131660,9197.07
100000,10240,2441,16685.00
100000,10240,14937,13574.81
100000,10240,23388,14916.10
100000,10240,52534,21359.38
100000,10240,72710,603.73
1000000,10240,897845,274.73
1000000,10240,344941,332.36
100000,10240,28522,311.61
100000,10240,97214,16677.78
1000000,10240,457754,583.14
100000,10240,95889,505.62
100000,10240,72088,17777.74
1000000,10240,58589,535.04
1000000,10240,262168,19835.22
1000000,10240,387235,403.00
100000,10240,55965,646.56
100000,10240,8834,16795.54
1000000,10240,688065,493.59
100000,10240,53150,642.99
1000000,10240,512467,375.06
100000,10240,47887,665.18
1000000,10240,369249,17212.32
100000,10240,45957,581.91
100000,10240,70571,22598.86
100000,10240,59827,649.98
1000000,10240,524288,467.08
100000,10240,63556,18832.84
100000,10240,30953,17900.15
100000,10240,20635,893.46
1000000,10240,489215,556.00
1000000,10240,632958,430.15
1000000,10240,354180,439.82
100000,10240,75513,19625.63
1000000,10240,337057,18463.38
1000000,10240,644371,757.71
100000,10240,80654,423.13
1000000,10240,161790,12084.89
1000000,10240,877904,627.22
1000000,10240,153672,13720.40
1000000,10240,460698,730.19
100000,10240,89051,18467.58
100000,10240,20488,14610.81
100000,10240,40679,1331.96
1000000,10240,121023,1140.43
1000000,10240,614239,339.72
100000,10240,92047,710.19
1000000,10240,815807,339.02
100000,10240,2583,516.56
1000000,10240,696781,352.34
1000000,10240,198287,324.66
100000,10240,97180,7617.75
100000,10240,52947,20025.91
1000000,10240,847831,2721.06
1000000,10240,192279,553.91
1000000,10240,909389,205.31
1000000,10240,603186,618.50
1000000,10240,936816,90.99
1000000,10240,49246,833.15
100000,10240,36211,646.57
100000,10240,54046,13912.79
100000,10240,44284,1238.21
1000000,10240,563706,471.51
1000000,10240,776555,600.74
100000,10240,17224,12907.88
1000000,10240,379878,630.11
1000000,10240,473685,711.13
100000,10240,83507,17959.17
100000,10240,94089,632.88
1000000,10240,862458,739.26
1000000,10240,302418,14101.68
1000000,10240,849330,12024.76
1000000,10240,915075,319.25
1000000,10240,171487,19083.80
1000000,10240,684219,15257.58
1000000,10240,545752,1111.53
100000,10240,57422,766.55
100000,10240,39008,14491.65
100000,10240,40703,17535.64
100000,10240,46281,740.67
1000000,10240,772182,1314.56
1000000,10240,458001,20239.84
100000,10240,33175,1372.48
100000,10240,60856,14269.44
1000000,10240,506458,931.38
100000,10240,38684,16386.78
100000,10240,27277,18139.65
100000,10240,38356,20327.83
1000000,10240,70601,20224.70
100000,10240,16697,18514.52
1000000,10240,300548,14345.44
100000,10240,29647,1306.81
1000000,10240,736405,761.61
100000,10240,75582,945.38
1000000,10240,435872,12482.46
100000,10240,24881,15921.20
1000000,10240,295398,19587.63
100000,10240,23652,15742.81
1000000,10240,987766,121.50
1000000,10240,265356,14449.64
1000000,10240,172824,14356.19
1000000,10240,805812,887.63
100000,10240,94065,1026.35
1000000,10240,344688,15013.67
1000000,10240,979973,244.66
1000000,10240,68110,915.47
100000,10240,43449,1331.38
100000,10240,58222,17401.03
1000000,10240,500025,783.43
100000,10240,34048,493.21
1000000,10240,596746,834.48
1000000,10240,540571,11783.21
1000000,10240,117871,837.81
1000000,10240,208947,16041.58
100000,10240,16870,799.95
100000,10240,90209,10540.50
100000,10240,72684,12624.37
1000000,10240,950157,331.23
100000,10240,97472,13605.33
100000,10240,84545,1169.26
100000,10240,71943,1170.31
100000,10240,52976,19421.98
1000000,10240,227496,14346.38
100000,10240,99997,437.13
100000,10240,91248,26736.45
100000,10240,39856,1176.99
1000000,10240,423387,13794.37
100000,10240,62573,14341.65
100000,10240,43610,11591.35
1000000,10240,557540,763.54
100000,10240,67166,15774.88
100000,10240,22050,16557.89
1000000,10240,391246,16929.86
1000000,10240,565148,1098.73
100000,10240,27772,466.38
100000,10240,93107,1076.88
100000,10240,68569,16487.73
100000,10240,57091,12471.55
100000,10240,36760,14248.95
1000000,10240,418630,391.87
1000000,10240,759309,393.95
1000000,10240,784735,783.95
1000000,10240,37079,16944.93
1000000,10240,587354,673.81
1000000,10240,271818,585.82
1000000,10240,22527,18332.69
1000000,10240,898397,90.99
1000000,10240,328957,23084.33
1000000,10240,979692,273.76
100000,10240,53354,23192.86
100000,10240,31519,19991.29
100000,10240,55461,559.40
1000000,10240,916193,209.40
1000000,10240,988884,81.68
1000000,10240,713447,618.76
100000,10240,43369,1057.68
100000,10240,12026,17194.89
100000,10240,28389,10755.88
100000,10240,90053,16100.85
1000000,10240,128950,562.68
100000,10240,35197,17638.74
1000000,10240,298357,654.04
1000000,10240,779598,390.44
100000,10240,78944,15933.90
100000,10240,75008,35418.21
100000,10240,14528,1166.12
100000,10240,26988,12258.81
100000,10240,56438,626.57
100000,10240,77397,963.47
100000,10240,81810,21881.96
100000,10240,70236,891.08
1000000,10240,239464,709.01
100000,10240,73815,541.46
100000,10240,25875,16751.72
1000000,10240,75434,692.61
100000,10240,88208,625.03
1000000,10240,566618,401.40
100000,10240,71211,882.65
1000000,10240,737463,396.32
100000,10240,68425,21450.73
1000000,10240,188655,19661.43
100000,10240,35432,513.43
1000000,10240,46777,13629.73
100000,10240,7184,388.82
1000000,10240,874357,655.17
100000,10240,34922,797.03
100000,10240,91964,860.62
100000,10240,47381,265.87
1000000,10240,73332,934.68
100000,10240,69842,745.70
1000000,10240,386547,331.62
1000000,10240,635465,14758.43
100000,10240,69767,10839.56
1000000,10240,64022,543.74
100000,10240,79295,472.39
1000000,10240,346215,19734.74
1000000,10240,171220,384.14
1000000,10240,417426,411.48
1000000,10240,369366,13158.12
100000,10240,83563,22529.36
100000,10240,4206,15145.11
1000000,10240,735928,532.07
1000000,10240,667377,601.74
1000000,10240,966296,201.99
1000000,10240,195370,17699.83
1000000,10240,160633,19906.88
100000,10240,62245,1012.12
100000,10240,80534,960.07
1000000,10240,460996,807.32
100000,10240,10029,18356.04
1000000,10240,369755,522.03
100000,10240,78632,630.62
1000000,10240,921152,98.91
1000000,10240,280589,16272.66
1000000,10240,166926,533.33
1000000,10240,181965,26634.07
100000,10240,52235,10544.69
1000000,10240,402740,509.33
100000,10240,21798,19785.68
1000000,10240,98181,11512.69
100000,10240,27504,1232.84
100000,10240,50997,960.59
100000,10240,34523,621.19
1000000,10240,977210,88.65
1000000,10240,730587,385.06
100000,10240,11728,18454.11
1000000,10240,796509,312.83
100000,10240,97262,691.12
1000000,10240,198775,307.60
1000000,10240,38382,330.12
1000000,10240,796925,292.16
1000000,10240,158284,43268.14
100000,10240,74498,588.62
1000000,10240,572091,14850.14
100000,10240,86918,549.00
100000,10240,42260,421.46
1000000,10240,255421,16762.86
100000,10240,69443,9678.20
1000000,10240,264178,26187.53
1000000,10240,127341,663.61
1000000,10240,445217,394.39
1000000,10240,747417,15341.23
100000,10240,63335,16406.01
100000,10240,48589,19502.60
1000000,10240,585573,12064.24
100000,10240,17451,481.36
100000,10240,18643,18279.39
1000000,10240,793591,291.20
1000000,10240,915491,273.21
1000000,10240,76168,20024.22
1000000,10240,320863,11979.81
1000000,10240,690428,312.88
100000,10240,50738,16153.47
100000,10240,97095,744.86
1000000,10240,797435,23008.82
1000000,10240,614663,349.20
100000,10240,52550,12246.89
100000,10240,94018,15179.47
100000,10240,8444,16460.25
1000000,10240,189276,385.77
1000000,10240,953397,99.05
100000,10240,93306,14381.43
100000,10240,54931,719.46
100000,10240,83692,13278.90
100000,10240,62694,509.64
100000,10240,8968,23683.29
100000,10240,35291,15426.54
1000000,10240,492718,617.22
100000,10240,54387,677.59
1000000,10240,424154,609.80
100000,10240,20658,741.42
1000000,10240,660512,279.55
100000,10240,20625,738.91
1000000,10240,83410,12358.78
1000000,10240,556334,1160.63
1000000,10240,730889,598.07
100000,10240,18595,302.85
1000000,10240,690601,20960.33
1000000,10240,497654,17640.57
100000,10240,46284,636.43
100000,10240,24004,16474.93
1000000,10240,328282,394.09
100000,10240,30102,434.07
100000,10240,50779,928.82
100000,10240,19871,401.50
1000000,10240,667671,421.94
100000,10240,11835,969.54
1000000,10240,687120,327.32
1000000,10240,775165,255.05
100000,10240,28940,437.57
100000,10240,680,16110.25
1000000,10240,413820,20463.58
100000,10240,19382,12273.27
1000000,10240,214217,1052.90
1000000,10240,849383,395.97
100000,10240,16199,15486.00
100000,10240,13205,1072.62
1000000,10240,335812,15470.82
1000000,10240,718402,15747.56
1000000,10240,706056,688.85
1000000,10240,31107,15434.80
100000,10240,7146,18402.38
100000,10240,35003,19819.58
1000000,10240,870161,957.09
1000000,10240,768265,555.77
100000,10240,53852,336.61
100000,10240,98602,303.24
1000000,10240,437564,17129.17
100000,10240,28074,9935.81
100000,10240,7518,928.96
100000,10240,49015,858.37
100000,10240,99873,11876.07
1000000,10240,747143,499.32
100000,10240,27770,543.56
1000000,10240,269338,21860.22
100000,10240,42151,14590.33
100000,10240,70736,807.79
1000000,10240,97784,17830.33
100000,10240,81123,1073.93
100000,10240,48176,338.04
100000,10240,15264,305.80
1000000,10240,155190,339.33
100000,10240,82756,452.89
100000,10240,74760,17745.18
100000,10240,25307,1189.80
1000000,10240,494908,417.81
1000000,10240,696510,469.88
1000000,10240,729427,298.62
100000,10240,74536,18396.39
100000,10240,92690,696.65
1000000,10240,507243,16427.96
100000,10240,69514,18240.49
1000000,10240,114515,667.38
1000000,10240,596985,606.29
1000000,10240,541422,17365.63
1000000,10240,785851,549.20
100000,10240,89873,587.00
100000,10240,39289,17340.76
1000000,10240,255882,8563.65
1000000,10240,128864,28729.70
1000000,10240,903572,216.45
100000,10240,41342,20122.29
1000000,10240,860384,626.73
1000000,10240,71726,17287.50
1000000,10240,158442,15889.41
1000000,10240,205703,830.52
100000,10240,41614,12476.93
1000000,10240,438136,711.09
1000000,10240,785100,496.95
100000,10240,75821,452.74
1000000,10240,421024,472.39
100000,10240,93405,22630.27
1000000,10240,251366,19594.39
1000000,10240,57450,881.62
100000,10240,17793,742.23
1000000,10240,734497,797.58
100000,10240,74838,27193.47
100000,10240,36505,19462.41
100000,10240,42610,13042.53
1000000,10240,496405,18280.26
1000000,10240,530205,650.18
100000,10240,60443,1518.44
100000,10240,29038,560.77
100000,10240,74691,766.76
1000000,10240,556657,777.07
1000000,10240,730650,588.64
100000,10240,74000,12177.01
1000000,10240,243390,19892.03
1000000,10240,987697,139.48
100000,10240,42363,795.62
1000000,10240,101866,22173.42
100000,10240,75220,9968.12
100000,10240,90476,823.53
1000000,10240,918861,298.26
100000,10240,47843,817.16
1000000,10240,420217,10253.97
1000000,10240,73234,20095.22
1000000,10240,749361,962.04
1000000,10240,109471,427.18
1000000,10240,337479,479.96
1000000,10240,222971,673.98
1000000,10240,458188,8696.16
100000,10240,20021,24160.69
100000,10240,90349,21497.63
100000,10240,12577,1097.60
1000000,10240,56620,26495.77
100000,10240,37152,1067.82
100000,10240,72596,17447.99
100000,10240,36434,24558.20
100000,10240,1330,27055.29
100000,10240,18449,5134.13
100000,10240,81067,947.62
100000,10240,84746,19171.72
1000000,10240,970966,362.05
100000,10240,64154,25811.40
100000,10240,12934,14198.52
100000,10240,64763,14816.86
100000,10240,68719,1018.93
100000,10240,96321,953.00
1000000,10240,430790,14117.87
100000,10240,39357,19593.18
100000,10240,26090,1251.60
100000,10240,29581,15528.08
100000,10240,18430,14774.19
1000000,10240,30890,1218.00
100000,10240,92476,27555.78
1000000,10240,665181,988.40
100000,10240,16015,769.00
1000000,10240,121197,596.67
100000,10240,82656,19144.17
100000,10240,1549,22124.62
1000000,10240,392975,864.88
1000000,10240,433232,467.67
100000,10240,57261,869.18
100000,10240,91241,13310.31
100000,10240,9681,707.89
1000000,10240,511560,661.94
100000,10240,86445,57685.22
1000000,10240,102179,12311.03
1000000,10240,322122,17933.38
1000000,10240,983461,336.93
100000,10240,80769,422.49
1000000,10240,412349,36149.71
100000,10240,92973,1314.25
100000,10240,59988,1368.15
1000000,10240,579826,469.88
100000,10240,37797,1133.54
100000,10240,73831,13885.87
100000,10240,65484,18311.79
1000000,10240,3257,28282.16
100000,10240,79477,557.22
1000000,10240,295694,824.43
100000,10240,37089,1242.57
100000,10240,58776,19748.70
100000,10240,84717,16424.81
1000000,10240,394077,662.37
100000,10240,58190,15351.29
1000000,10240,504130,642.86
100000,10240,94638,678.57
100000,10240,45258,19166.65
1000000,10240,162541,19746.42
100000,10240,57047,702.75
100000,10240,28551,469.33
100000,10240,11050,9301.11
1000000,10240,749588,19936.29
100000,10240,26894,666.67
1000000,10240,953293,88.59
1000000,10240,12936,390.89
100000,10240,82292,982.07
100000,10240,75718,17479.13
1000000,10240,556249,9672.45
1000000,10240,396077,1290.41
100000,10240,5397,25942.86
100000,10240,91382,3029.69
1000000,10240,830081,1597.69
1000000,10240,281850,15824.25
100000,10240,82023,11105.14
100000,10240,75061,307.66
1000000,10240,801733,808.32
1000000,10240,914327,306.90
1000000,10240,136070,712.53
100000,10240,21319,31213.07
1000000,10240,187082,22146.05
1000000,10240,624478,613.41
1000000,10240,722171,555.85
100000,10240,70855,11566.48
1000000,10240,860365,588.65
1000000,10240,426127,18174.07
1000000,10240,862392,310.98
1000000,10240,594164,12571.95
100000,10240,89921,16302.82
100000,10240,29067,13793.39
1000000,10240,454515,521.73
100000,10240,97131,597.84
100000,10240,35976,420.60
100000,10240,42498,12440.67
100000,10240,67215,492.96
100000,10240,81927,13892.44
100000,10240,56072,646.71
100000,10240,9149,19436.98
1000000,10240,928222,248.70
1000000,10240,46397,743.15
100000,10240,15725,385.68
100000,10240,70848,843.66
1000000,10240,825727,291.99
1000000,10240,421673,19672.39
100000,10240,82114,19616.28
100000,10240,95932,788.99
1000000,10240,861545,86.10
1000000,10240,160825,504.01
100000,10240,91341,457.01
1000000,10240,130824,941.89
100000,10240,60674,311.80
1000000,10240,197487,16448.38
100000,10240,92349,829.47
1000000,10240,865568,291.70
100000,10240,44937,381.21
100000,10240,52187,13084.10
1000000,10240,571098,1103.16
1000000,10240,74310,20221.19
100000,10240,51111,14538.91
1000000,10240,373024,11614.59
100000,10240,35804,18707.81
1000000,10240,156219,13070.66
1000000,10240,6732,24249.22
100000,10240,82511,1066.90
100000,10240,65521,13032.51
100000,10240,39441,570.07
1000000,10240,997161,215.21
100000,10240,30689,636.13
100000,10240,46659,13853.42
100000,10240,99503,962.56
1000000,10240,281558,11864.26
1000000,10240,235745,763.66
1000000,10240,319439,487.74
100000,10240,1032,27612.59
1000000,10240,919242,687.12
1000000,10240,598301,548.10
100000,10240,34761,17755.85
100000,10240,44359,461.04
1000000,10240,596998,398.60
1000000,10240,43892,435.93
1000000,10240,395796,13778.60
1000000,10240,148845,727.97
1000000,10240,124980,11508.67
100000,10240,14777,634.64
1000000,10240,164845,20172.91
1000000,10240,462241,12275.48
1000000,10240,878576,21944.03
100000,10240,20669,18224.54
100000,10240,34743,19343.76
100000,10240,42255,15796.51
1000000,10240,112783,17457.54
1000000,10240,252009,673.16
100000,10240,47472,19196.74
1000000,10240,750565,663.65
1000000,10240,452945,16593.97
1000000,10240,580175,786.71
1000000,10240,9294,910.53
1000000,10240,579989,824.20
1000000,10240,998016,218.41
1000000,10240,26518,16526.80
1000000,10240,735354,711.83
100000,10240,51505,881.81
1000000,10240,563621,19540.31
100000,10240,99105,438.10
1000000,10240,633882,234.28
100000,10240,37274,629.55
100000,10240,88250,15093.47
100000,10240,12972,4865.18
1000000,10240,787574,456.04
1000000,10240,962587,93.96
1000000,10240,627016,12630.42
100000,10240,99265,415.50
1000000,10240,643829,809.82
1000000,10240,390032,313.53
1000000,10240,81998,42979.57
100000,10240,13356,23038.14
1000000,10240,721338,19644.58
1000000,10240,260400,557.19
1000000,10240,663049,670.23
100000,10240,40492,732.40
1000000,10240,549850,12469.67
100000,10240,9835,23908.51
1000000,10240,459849,527.34
1000000,10240,422962,40522.95
100000,10240,72135,1173.82
1000000,10240,665643,13627.93
1000000,10240,933567,130.64
100000,10240,81057,620.96
1000000,10240,925814,95.05
100000,10240,21871,8453.16
100000,10240,21352,13121.67
100000,10240,39789,21897.91
1000000,10240,594188,17204.74
1000000,10240,529818,6190.90
1000000,10240,39748,13673.79
100000,10240,80945,414.74
1000000,10240,461278,516.90
100000,10240,63766,21828.85
1000000,10240,900475,702.03
100000,10240,21400,19883.68
1000000,10240,5181,14709.92
100000,10240,6725,931.59
100000,10240,22659,26840.47
100000,10240,84388,19284.65
1000000,10240,18369,658.11
100000,10240,82441,914.63
100000,10240,64840,388.60
100000,10240,41901,336.53
100000,10240,66904,807.81
100000,10240,68389,891.94
100000,10240,77296,1036.28
100000,10240,75470,668.64
1000000,10240,985675,92.69
100000,10240,97316,838.67
1000000,10240,974230,90.95
1000000,10240,667083,373.33
100000,10240,32011,11793.97
1000000,10240,638914,581.94
100000,10240,40846,632.46
100000,10240,63472,15641.48
100000,10240,34754,944.29
100000,10240,35838,820.12
1000000,10240,86847,721.31
100000,10240,29724,554.65
1000000,10240,275831,579.49
100000,10240,29470,32343.81
100000,10240,11297,860.14
1000000,10240,905380,101.82
1000000,10240,799840,885.35
100000,10240,25513,1471.11
100000,10240,70504,604.63
1000000,10240,861224,756.67
1000000,10240,509982,665.49
100000,10240,6265,15130.73
1000000,10240,815158,980.33
1000000,10240,603263,958.70
1000000,10240,392491,1381.07
100000,10240,86447,16701.73
100000,10240,98228,1014.13
1000000,10240,704900,886.81
1000000,10240,815404,354.98
1000000,10240,752204,510.54
1000000,10240,130083,33906.57
100000,10240,37957,1275.95
100000,10240,99283,9400.80
100000,10240,22630,1265.47
1000000,10240,504293,3238.27
1000000,10240,527812,17362.80
100000,10240,79320,17758.32
100000,10240,6927,1463.04
1000000,10240,834739,376.29
100000,10240,89143,883.22
1000000,10240,519,1325.01
1000000,10240,452492,417.27
1000000,10240,101314,19485.30
100000,10240,753,14002.69
100000,10240,12203,21056.51
1000000,10240,623789,1128.72
1000000,10240,882544,94.83
100000,10240,7166,15669.85
1000000,10240,574606,1109.57
100000,10240,48161,495.76
1000000,10240,3353,511.46
100000,10240,93384,18313.25
1000000,10240,176718,1167.19
1000000,10240,548830,565.14
100000,10240,56165,1411.24
100000,10240,96940,933.75
100000,10240,9812,6593.91
100000,10240,92767,1374.65
1000000,10240,779233,576.35
1000000,10240,508072,721.50
100000,10240,84696,1015.04
1000000,10240,152698,18567.89
100000,10240,6630,35486.09
1000000,10240,431256,21932.17
1000000,10240,304779,1103.14
100000,10240,8601,821.61
1000000,10240,172306,737.84
1000000,10240,30641,16673.86
100000,10240,51498,14291.33
100000,10240,64314,927.48
100000,10240,55823,1094.46
1000000,10240,81939,29884.14
1000000,10240,909181,359.97
1000000,10240,565680,1707.24
100000,10240,70570,1605.13
100000,10240,92260,2079.04
1000000,10240,123542,20145.33
1000000,10240,400982,767.87
1000000,10240,923798,112.59
1000000,10240,315242,17335.65
1000000,10240,716881,1132.80
1000000,10240,262241,12026.39
100000,10240,73638,15110.39
1000000,10240,595578,530.86
100000,10240,88647,344.84
1000000,10240,757830,621.75
100000,10240,43515,10688.72
1000000,10240,765960,13652.03
100000,10240,33247,16924.44
100000,10240,85792,945.52
100000,10240,65373,14780.71
100000,10240,84922,16873.65
100000,10240,69081,21350.69
1000000,10240,936355,318.34
1000000,10240,178612,1476.13
1000000,10240,137424,459.13
1000000,10240,532073,643.45
100000,10240,50891,9953.87
1000000,10240,341337,1407.11
100000,10240,61918,566.89
100000,10240,98775,1034.27
1000000,10240,437147,493.70
1000000,10240,314678,15539.23
100000,10240,66507,1799.18
1000000,10240,58770,21279.34
100000,10240,35557,14200.36
1000000,10240,510274,7753.46
1000000,10240,393370,19333.50
1000000,10240,132359,762.14
100000,10240,91699,12825.71
1000000,10240,542910,19084.82
100000,10240,98900,639.45
100000,10240,18301,1555.12
1000000,10240,657428,661.40
100000,10240,18705,23509.67
100000,10240,9545,13909.93
100000,10240,71237,1095.49
100000,10240,77292,1008.69
100000,10240,78561,1301.68
100000,10240,44852,1360.50
100000,10240,10543,15973.76
1000000,10240,85090,11158.34
100000,10240,38228,19140.56
100000,10240,52727,19230.87
1000000,10240,972113,344.32
100000,10240,9587,13346.85
100000,10240,46030,1495.39
1000000,10240,836116,664.25
100000,10240,35107,18798.12
1000000,10240,781413,960.57
1000000,10240,449350,623.73
100000,10240,69945,17366.46
1000000,10240,559475,588.58
100000,10240,82502,12389.06
100000,10240,70143,823.54
100000,10240,21596,12856.68
100000,10240,41586,10510.59
100000,10240,46112,14652.46
1000000,10240,296841,251.88
100000,10240,93441,397.96
100000,10240,87590,406.26
100000,10240,20636,18886.64
1000000,10240,338144,11466.66
1000000,10240,359462,15276.16
1000000,10240,21838,10658.76
1000000,10240,395323,681.67
100000,10240,17241,501.25
100000,10240,27925,12852.82
100000,10240,1628,18325.01
1000000,10240,886304,244.60
1000000,10240,984580,84.95
100000,10240,92459,632.58
1000000,10240,588297,519.51
1000000,10240,394483,300.26
100000,10240,22216,722.71
100000,10240,3248,502.35
1000000,10240,628765,543.36
1000000,10240,852188,94.85
1000000,10240,533447,271.02
1000000,10240,317991,273.18
100000,10240,72516,317.01
100000,10240,30765,16655.95
100000,10240,2540,807.15
100000,10240,59050,1017.11
1000000,10240,146606,435.84
100000,10240,2872,13581.07
1000000,10240,808667,490.11
1000000,10240,233886,388.73
100000,10240,44245,534.09
1000000,10240,192461,23994.78
100000,10240,41973,517.03
100000,10240,60689,17291.03
100000,10240,67294,19275.36
1000000,10240,580160,596.38
1000000,10240,489251,582.32
100000,10240,55452,682.00
100000,10240,16899,905.18
100000,10240,40577,11540.78
100000,10240,19735,8257.19
1000000,10240,855556,336.70
100000,10240,10730,351.61
1000000,10240,703956,268.69
100000,10240,62182,3724.24
100000,10240,40988,357.23
100000,10240,8966,21216.85
1000000,10240,899186,24004.41
100000,10240,21344,14292.83
1000000,10240,813063,385.37
1000000,10240,198837,12060.63
1000000,10240,316178,15363.17
1000000,10240,304124,345.23
100000,10240,18274,14623.69
1000000,10240,64454,18904.90
1000000,10240,646460,321.01
100000,10240,25969,23632.84
100000,10240,35744,22514.85
1000000,10240,476126,367.05
1000000,10240,377735,16034.36
100000,10240,7346,311.35
100000,10240,71638,20712.09
100000,10240,37827,22513.55
1000000,10240,149573,332.57
1000000,10240,218797,23936.88
100000,10240,89318,327.52
1000000,10240,121309,406.10
1000000,10240,808251,291.18
100000,10240,8109,11637.35
1000000,10240,892253,104.44
100000,10240,44572,17222.46
100000,10240,70041,19242.58
1000000,10240,846719,134.57
1000000,10240,757630,246.75
100000,10240,78067,354.11
1000000,10240,667349,339.41
100000,10240,23566,984.32
100000,10240,82665,17049.26
100000,10240,31696,11448.02
100000,10240,86585,774.24
100000,10240,87973,17310.89
1000000,10240,204497,589.31
1000000,10240,108659,843.37
1000000,10240,981586,332.82
1000000,10240,799419,272.69
1000000,10240,401652,315.90
100000,10240,80065,14582.05
1000000,10240,216247,17827.19
1000000,10240,456854,16672.07
1000000,10240,48045,17389.58
100000,10240,89536,19336.80
100000,10240,83717,17934.17
1000000,10240,741143,31699.87
1000000,10240,448278,630.15
100000,10240,30508,888.82
1000000,10240,317420,18293.56
100000,10240,62303,1680.64
1000000,10240,803266,471.39
100000,10240,1882,336.44
100000,10240,94058,322.29
1000000,10240,236033,416.22
100000,10240,54950,428.24
1000000,10240,222162,19532.85
1000000,10240,8890,561.56
100000,10240,68069,1134.47
100000,10240,97047,697.84
100000,10240,70028,753.99
1000000,10240,732723,400.15
100000,10240,78386,16683.27
100000,10240,70453,1184.66
100000,10240,84694,18336.99
1000000,10240,247993,725.61
1000000,10240,915098,225.19
1000000,10240,589795,494.60
100000,10240,83924,20348.28
100000,10240,41533,967.42
100000,10240,53422,523.79
1000000,10240,967559,96.94
100000,10240,58177,15439.75
100000,10240,39221,19535.13
100000,10240,53347,9662.28
1000000,10240,19895,14838.69
1000000,10240,170444,12121.43
1000000,10240,729019,477.23
100000,10240,40687,603.08
100000,10240,81631,1043.83
100000,10240,71496,348.63
1000000,10240,271407,17753.79
1000000,10240,316693,10408.66
100000,10240,88698,18847.15
100000,10240,96491,13911.08
1000000,10240,887734,338.26
100000,10240,94952,14090.25
1000000,10240,201485,9874.82
100000,10240,41078,10318.76
1000000,10240,178758,461.86
100000,10240,91823,502.93
100000,10240,33544,408.38
100000,10240,30305,394.73
1000000,10240,139388,20055.01
100000,10240,30647,11424.33
1000000,10240,52294,605.21
1000000,10240,223415,458.85
1000000,10240,180795,15236.92
100000,10240,96138,12512.58
100000,10240,62746,644.32
100000,10240,66444,399.19
100000,10240,54476,462.08
1000000,10240,614915,391.96
1000000,10240,145993,14435.84
100000,10240,39117,24238.92
100000,10240,23149,11052.88
100000,10240,86613,20278.41
100000,10240,34946,19491.45
100000,10240,20550,608.88
1000000,10240,225217,542.78
1000000,10240,401035,432.35
100000,10240,90222,794.57
1000000,10240,13625,818.58
100000,10240,37268,20168.02
100000,10240,23206,1312.08
1000000,10240,225437,19086.05
1000000,10240,315201,21357.12
100000,10240,32716,10667.31
1000000,10240,130748,14958.25
100000,10240,60036,971.98
1000000,10240,624719,1283.67
1000000,10240,614549,753.19
100000,10240,96348,641.90
1000000,10240,307301,478.32
100000,10240,86643,504.36
1000000,10240,807814,674.45
1000000,10240,940919,90.91
1000000,10240,603172,586.24
1000000,10240,778111,17720.31
100000,10240,56906,917.31
100000,10240,5695,18882.46
1000000,10240,499374,22966.76
100000,10240,37576,1639.31
100000,10240,91101,26282.48
100000,10240,73886,879.62
100000,10240,60423,18885.22
100000,10240,74588,18777.85
100000,10240,8855,19752.38
1000000,10240,601804,14163.08
100000,10240,66353,1080.56
1000000,10240,641959,1000.02
100000,10240,21624,15565.95
1000000,10240,823704,596.19
100000,10240,40048,14498.92
1000000,10240,241734,17373.60
100000,10240,23010,16116.17
1000000,10240,569,1265.77
100000,10240,35187,26392.88
1000000,10240,710828,718.66
100000,10240,8907,18348.96
1000000,10240,360934,13879.67
1000000,10240,152085,1146.06
1000000,10240,967308,355.79
1000000,10240,314267,1309.21
100000,10240,52354,1647.58
100000,10240,46090,1157.09
1000000,10240,550784,15763.39
1000000,10240,812149,794.96
100000,10240,157,14646.64
1000000,10240,771555,1213.76
100000,10240,86951,20583.45
100000,10240,50418,898.83
1000000,10240,374664,1478.44
100000,10240,772,19388.75
1000000,10240,262127,665.30
100000,10240,63897,25409.26
1000000,10240,59067,15138.77
1000000,10240,575402,27059.14
1000000,10240,365603,1185.95
100000,10240,60616,1072.07
100000,10240,43236,19370.49
1000000,10240,607056,2294.41
1000000,10240,426085,17279.74
1000000,10240,29246,824.24
1000000,10240,721673,1222.25
1000000,10240,787009,551.79
1000000,10240,607667,568.79
100000,10240,96910,914.32
1000000,10240,238818,443.69
1000000,10240,466097,520.64
1000000,10240,858311,13373.03
1000000,10240,813066,792.27
1000000,10240,565163,712.72
1000000,10240,875356,99.63
100000,10240,91506,1003.08
100000,10240,85717,1010.29
100000,10240,32044,13446.36
1000000,10240,641084,725.65
100000,10240,47964,18504.04
1000000,10240,362914,1104.26
100000,10240,51876,15803.88
1000000,10240,726559,419.87
1000000,10240,426850,33748.08
1000000,10240,868034,382.53
1000000,10240,152029,730.21
1000000,10240,956167,86.80
100000,10240,17779,23154.89
1000000,10240,194945,1450.99
1000000,10240,194069,19612.85
100000,10240,59714,1575.05
100000,10240,2125,11793.29
1000000,10240,563852,525.39
1000000,10240,129090,918.55
1000000,10240,778920,640.81
100000,10240,35899,1217.23
100000,10240,55836,10714.36
100000,10240,40857,14188.93
100000,10240,12137,848.22
100000,10240,51495,1441.61
100000,10240,40668,769.07
1000000,10240,635113,752.90
100000,10240,16426,11623.64
100000,10240,81609,834.93
100000,10240,53645,19926.96
1000000,10240,505876,986.42
1000000,10240,309967,18845.24
1000000,10240,281370,11642.74
100000,10240,84769,18821.24
100000,10240,55769,1504.11
100000,10240,92855,1266.06
100000,10240,80304,692.47
100000,10240,78231,28353.28
100000,10240,68676,873.46
100000,10240,93004,897.20
100000,10240,74963,10160.08
100000,10240,43694,496.92
100000,10240,62296,510.32
1000000,10240,881516,441.33
100000,10240,49664,20273.77
1000000,10240,604958,309.29
1000000,10240,710477,539.16
1000000,10240,929580,308.26
1000000,10240,149282,16466.00
100000,10240,10348,844.01
100000,10240,95706,1547.05
100000,10240,46566,13576.75
100000,10240,16284,779.78
1000000,10240,411262,271.15
100000,10240,85016,12328.75
1000000,10240,863829,234.02
100000,10240,51445,425.43
100000,10240,59972,18727.85
100000,10240,91235,941.28
1000000,10240,571386,592.25
1000000,10240,103428,10566.55
100000,10240,56981,22157.44
100000,10240,57272,15329.32
1000000,10240,214124,18285.84
1000000,10240,263976,15602.41
100000,10240,33776,1385.71
100000,10240,89922,701.47
100000,10240,87910,19760.61
100000,10240,36935,17921.82
1000000,10240,283816,20106.99
1000000,10240,51028,20554.87
100000,10240,55004,11383.60
1000000,10240,532151,17197.07
100000,10240,56640,915.21
1000000,10240,358997,14182.77
100000,10240,99374,930.56
100000,10240,27627,1010.12
100000,10240,63115,300.21
1000000,10240,517215,13647.03
1000000,10240,245196,13532.26
100000,10240,89212,19067.46
100000,10240,83165,294.62
1000000,10240,936455,307.48
1000000,10240,368893,633.16
1000000,10240,140789,16875.54
1000000,10240,278062,11210.94
100000,10240,89167,657.56
100000,10240,10480,17801.17
1000000,10240,771146,505.30
100000,10240,3744,18956.92
100000,10240,88254,15895.22
1000000,10240,979823,315.29
1000000,10240,603304,19234.32
1000000,10240,773964,585.60
1000000,10240,17062,1143.95
100000,10240,98717,14185.53
1000000,10240,605950,19169.47
100000,10240,28707,718.91
100000,10240,71371,21316.61
1000000,10240,398895,19929.41
100000,10240,90326,967.79
1000000,10240,961687,305.46
100000,10240,12178,21449.21
1000000,10240,341505,17490.86
1000000,10240,800040,520.38
1000000,10240,984191,300.37
100000,10240,74341,477.55
100000,10240,62818,850.54
100000,10240,15814,759.36
1000000,10240,319970,435.77
1000000,10240,850701,96.51
100000,10240,98274,438.05
100000,10240,79997,13749.37
1000000,10240,33642,15718.94
100000,10240,92908,860.66
1000000,10240,614825,502.58
1000000,10240,502275,14907.39
1000000,10240,676434,785.23
1000000,10240,908983,83.25
1000000,10240,747734,495.64
1000000,10240,713080,14069.75
100000,10240,41497,1107.41
1000000,10240,316611,581.53
1000000,10240,65014,18730.92
1000000,10240,132442,14545.50
1000000,10240,138808,299.70
100000,10240,15043,21337.92
100000,10240,67987,25215.21
1000000,10240,454153,19589.74
1000000,10240,33141,16006.25
1000000,10240,311345,17728.91
1000000,10240,756169,437.65
100000,10240,13726,12097.86
100000,10240,36325,884.11
1000000,10240,429526,18452.16
1000000,10240,977076,326.59
1000000,10240,159222,530.17
1000000,10240,962628,118.95
1000000,10240,14311,306.32
1000000,10240,756334,263.62
100000,10240,69329,569.34
100000,10240,24633,392.30
100000,10240,65432,707.37
100000,10240,54377,278.89
1000000,10240,811781,19138.87
100000,10240,76278,506.98
1000000,10240,332272,258.75
1000000,10240,280658,388.11
100000,10240,12712,14304.06
100000,10240,98886,410.42
1000000,10240,293750,567.39
100000,10240,49113,563.55
100000,10240,13983,508.07
1000000,10240,659835,352.32
100000,10240,6286,23107.65
100000,10240,70471,638.58
100000,10240,95030,14338.41
1000000,10240,676096,32685.75
100000,10240,3515,22559.41
1000000,10240,646223,753.49
100000,10240,27110,567.76
100000,10240,17275,312.86
100000,10240,14150,433.32
100000,10240,46457,390.50
1000000,10240,17531,14458.80
1000000,10240,644889,691.88
1000000,10240,70304,21171.13
100000,10240,33438,21189.48
100000,10240,6880,907.96
100000,10240,55278,12818.99
100000,10240,97173,1013.50
100000,10240,33211,659.67
100000,10240,20618,474.77
100000,10240,12502,15454.73
100000,10240,3761,526.82
1000000,10240,835558,399.04
1000000,10240,185225,25881.98
100000,10240,4379,20124.07
1000000,10240,402810,1132.84
100000,10240,8180,15569.92
1000000,10240,234402,497.21
100000,10240,12387,644.94
1000000,10240,861476,508.12
100000,10240,91851,462.16
100000,10240,81439,14787.12
100000,10240,17842,561.29
100000,10240,98295,13932.49
1000000,10240,347688,15213.27
100000,10240,31258,1079.13
100000,10240,56899,13331.98
100000,10240,49732,714.39
1000000,10240,922984,307.69
100000,10240,75196,803.29
1000000,10240,221943,13941.36
1000000,10240,187299,650.47
100000,10240,836,16391.08
100000,10240,65288,385.37
1000000,10240,602737,339.62
1000000,10240,393605,297.38
1000000,10240,100485,280.72
100000,10240,75574,630.45
1000000,10240,55595,18036.11
1000000,10240,185846,18437.30
100000,10240,19840,16579.96
100000,10240,19154,580.88
100000,10240,27509,1098.27
100000,10240,16027,14375.24
100000,10240,42753,18676.10
1000000,10240,4892,691.56
100000,10240,49634,719.59
100000,10240,42027,346.83
100000,10240,90433,572.07
100000,10240,47242,763.00
100000,10240,58540,43623.14
1000000,10240,305002,18904.32
1000000,10240,76633,19287.80
100000,10240,73193,18994.95
1000000,10240,683200,759.81
100000,10240,47428,13189.16
100000,10240,65570,12987.53
1000000,10240,722325,19094.49
1000000,10240,933945,287.71
1000000,10240,676406,497.11
1000000,10240,852092,1051.05
1000000,10240,723066,18554.43
1000000,10240,212511,11977.46
100000,10240,51345,17090.77
100000,10240,36725,1155.97
1000000,10240,732229,1176.90
100000,10240,54079,955.17
1000000,10240,494258,18872.13
100000,10240,49925,1388.09
100000,10240,91861,17586.09
1000000,10240,339818,950.15
100000,10240,5130,911.52
1000000,10240,720126,864.91
100000,10240,42034,11641.36
1000000,10240,580290,1447.09
100000,10240,45054,556.54
100000,10240,43193,773.65
100000,10240,7603,12209.98
1000000,10240,457311,852.02
1000000,10240,989887,86.44
1000000,10240,177985,16337.56
1000000,10240,358038,31242.05
100000,10240,34760,833.72
100000,10240,68490,16215.07
100000,10240,72260,706.92
100000,10240,36779,643.85
1000000,10240,314531,10934.83
1000000,10240,219242,911.78
1000000,10240,383172,718.34
100000,10240,20643,15349.07
100000,10240,48929,1387.91
100000,10240,93850,1257.58
1000000,10240,395007,16692.17
1000000,10240,188811,1152.29
1000000,10240,918470,112.65
100000,10240,34664,15167.68
100000,10240,98608,22140.54
1000000,10240,832527,554.77
100000,10240,91339,1214.83
100000,10240,26143,1507.77
1000000,10240,995290,88.38
1000000,10240,47371,9223.79
100000,10240,59905,1654.69
1000000,10240,909674,831.97
100000,10240,91289,2017.43
100000,10240,66265,16470.91
100000,10240,25698,1539.84
100000,10240,60940,849.99
1000000,10240,815361,1044.65
100000,10240,76544,790.50
100000,10240,64764,771.21
100000,10240,49253,31582.69
100000,10240,12202,17767.37
1000000,10240,225272,872.94
1000000,10240,851307,558.79
1000000,10240,817911,687.59
1000000,10240,688852,23043.49
100000,10240,79395,35745.80
100000,10240,38712,1454.31
100000,10240,59638,1396.66
100000,10240,80222,17521.21
100000,10240,36188,16435.23
1000000,10240,610384,1604.46
1000000,10240,756729,1537.27
1000000,10240,130775,20579.96
100000,10240,76368,1881.04
100000,10240,35007,923.07
1000000,10240,953938,301.84
100000,10240,59999,564.97
1000000,10240,124074,19407.18
100000,10240,37022,9890.32
100000,10240,68202,23663.42
1000000,10240,744971,1890.99
1000000,10240,409203,11418.80
1000000,10240,384047,22983.68
1000000,10240,54738,750.40
100000,10240,79736,647.01
100000,10240,97282,17316.48
100000,10240,88316,16105.05
1000000,10240,447858,648.88
100000,10240,75631,15139.14
100000,10240,21409,364.60
100000,10240,99858,1123.32
100000,10240,47219,14999.49
100000,10240,57243,1185.31
1000000,10240,127378,732.52
1000000,10240,126080,393.29
100000,10240,97323,11299.32
100000,10240,22298,921.20
100000,10240,58387,703.61
1000000,10240,383791,879.10
1000000,10240,927554,93.37
100000,10240,43077,23248.60
1000000,10240,944199,177.52
100000,10240,75748,16640.90
100000,10240,90183,762.04
100000,10240,88829,11623.79
1000000,10240,900664,610.29
1000000,10240,178688,866.91
100000,10240,36745,1360.48
1000000,10240,852353,438.47
100000,10240,73377,491.04
100000,10240,94426,18537.01
1000000,10240,599678,792.40
1000000,10240,600665,407.87
1000000,10240,894781,14084.48
100000,10240,87747,798.93
100000,10240,53554,800.18
100000,10240,29269,1204.14
100000,10240,62236,11587.92
1000000,10240,539482,15398.68
1000000,10240,685395,642.99
1000000,10240,220914,1078.72
100000,10240,5577,362.84
1000000,10240,409376,515.22
1000000,10240,825549,298.71
1000000,10240,830241,257.61
100000,10240,55590,389.95
1000000,10240,272050,337.79
1000000,10240,501672,342.59
1000000,10240,709649,299.01
1000000,10240,684963,301.05
100000,10240,88555,413.94
1000000,10240,415035,929.15
100000,10240,2011,15992.13
100000,10240,34840,20511.60
1000000,10240,648513,18816.77
1000000,10240,174853,841.58
1000000,10240,375122,261.14
100000,10240,11542,291.83
100000,10240,91915,13516.94
1000000,10240,603165,669.44
100000,10240,8058,506.68
1000000,10240,316110,8482.76
100000,10240,48637,22003.25
100000,10240,85404,15300.27
100000,10240,22713,1056.30
1000000,10240,678569,14104.75
100000,10240,11551,17192.01
1000000,10240,387484,482.93
100000,10240,61789,21474.22
1000000,10240,375125,12876.33
100000,10240,10082,13223.68
1000000,10240,227788,679.78
100000,10240,41800,443.37
100000,10240,66542,411.78
100000,10240,562,398.93
1000000,10240,618887,20111.49
1000000,10240,85465,12363.13
100000,10240,82938,1396.83
100000,10240,49412,17618.93
100000,10240,91411,553.73
1000000,10240,31208,16280.72
1000000,10240,403953,15858.76
1000000,10240,287721,410.87
100000,10240,58459,19868.19
1000000,10240,87984,16370.74
100000,10240,44444,18302.93
1000000,10240,816466,11114.73
1000000,10240,50293,23919.31
1000000,10240,957505,283.68
100000,10240,81857,920.86
100000,10240,43499,19581.91
1000000,10240,700133,16081.90
100000,10240,26972,560.81
100000,10240,99125,941.08
1000000,10240,9968,19681.31
1000000,10240,539907,529.98
1000000,10240,672534,521.98
1000000,10240,653986,417.30
100000,10240,65907,16412.31
1000000,10240,612614,854.68
1000000,10240,948092,90.98
100000,10240,31142,17102.85
1000000,10240,467672,14068.82
1000000,10240,757260,569.35
1000000,10240,311777,12565.78
1000000,10240,119125,14229.94
100000,10240,8481,17659.34
1000000,10240,145936,996.98
1000000,10240,116946,16645.46
100000,10240,87993,15170.53
100000,10240,23562,1054.41
1000000,10240,479114,21007.49
1000000,10240,961825,293.63
1000000,10240,969885,137.95
100000,10240,70686,1012.76
1000000,10240,439976,8841.33
1000000,10240,743527,619.37
100000,10240,84793,17976.37
1000000,10240,681676,731.04
100000,10240,73071,281.05
100000,10240,13573,298.37
1000000,10240,430224,430.13
1000000,10240,714562,15711.91
100000,10240,90812,941.88
1000000,10240,463100,537.72
1000000,10240,7974,18225.18
100000,10240,65513,665.49
1000000,10240,887730,315.14
100000,10240,68742,15478.83
100000,10240,90510,14961.00
100000,10240,86732,1303.20
1000000,10240,753180,483.94
1000000,10240,704055,19365.67
1000000,10240,886142,366.13
100000,10240,49857,1461.61
1000000,10240,68209,18251.81
1000000,10240,257232,23363.66
1000000,10240,4872,348.64
100000,10240,32534,657.05
100000,10240,18228,293.60
1000000,10240,656649,595.00
1000000,10240,496349,518.65
1000000,10240,791666,307.78
1000000,10240,103540,11855.61
100000,10240,96615,10248.18
1000000,10240,873128,516.73
100000,10240,29605,16443.13
1000000,10240,912288,292.07
100000,10240,72856,992.61
100000,10240,3718,16459.56
100000,10240,71256,32054.16
100000,10240,54460,23595.81
100000,10240,15396,494.00
1000000,10240,574134,605.34
100000,10240,7780,533.07
1000000,10240,966588,119.50
1000000,10240,804083,388.25
100000,10240,94210,13737.99
1000000,10240,999986,237.62
1000000,10240,761566,391.55
100000,10240,96426,531.61
100000,10240,94297,986.10
100000,10240,77025,10441.64
100000,10240,80024,19634.12
100000,10240,13751,16482.73
100000,10240,19536,13809.10
1000000,10240,440304,618.78
100000,10240,4660,393.94
100000,10240,28426,12742.34
1000000,10240,545883,611.08
1000000,10240,191970,289.95
100000,10240,42600,17407.67
1000000,10240,226533,495.79
100000,10240,91230,12496.90
1000000,10240,585606,8501.75
1000000,10240,824499,673.62
100000,10240,24726,394.29
100000,10240,56387,303.87
100000,10240,70435,718.28
1000000,10240,83641,13070.73
1000000,10240,360875,479.95
1000000,10240,194305,386.53
1000000,10240,26524,1334.15
1000000,10240,665607,380.76
100000,10240,45688,19078.03
100000,10240,73005,18288.98
100000,10240,95150,877.52
1000000,10240,41531,19780.51
1000000,10240,277356,15783.72
1000000,10240,854678,792.02
1000000,10240,579334,354.16
100000,10240,62670,16193.40
100000,10240,68922,13364.85
100000,10240,61726,697.33
1000000,10240,872128,120.34
100000,10240,81396,16899.41
100000,10240,7669,18084.23
1000000,10240,954379,101.47
100000,10240,97154,545.60
1000000,10240,377819,17470.26
1000000,10240,708441,496.30
100000,10240,5747,12290.59
1000000,10240,448264,1068.85
1000000,10240,928001,117.68
1000000,10240,465371,18781.89
100000,10240,15807,558.62
1000000,10240,182522,488.33
100000,10240,31005,18887.38
1000000,10240,405002,12506.81
1000000,10240,517459,499.64
100000,10240,52260,682.01
100000,10240,96851,940.22
100000,10240,43750,263.32
100000,10240,48393,584.56
100000,10240,27767,393.02
100000,10240,82742,23213.51
100000,10240,76019,636.67
1000000,10240,431066,20510.61
100000,10240,47400,30983.43
1000000,10240,634617,545.28
1000000,10240,811813,410.68
100000,10240,4138,946.98
100000,10240,78908,925.78
1000000,10240,415326,22681.12
1000000,10240,701442,646.75
1000000,10240,259533,16919.63
100000,10240,29012,18016.54
100000,10240,80698,905.25
100000,10240,94155,10984.98
100000,10240,73273,13760.62
1000000,10240,8948,1180.81
1000000,10240,924771,297.42
1000000,10240,919530,208.73
100000,10240,3172,517.68
100000,10240,84070,19537.76
1000000,10240,798598,961.71
1000000,10240,11292,1332.80
1000000,10240,35399,16930.48
1000000,10240,821524,1154.50
100000,10240,42457,14734.18
1000000,10240,564982,16910.74
1000000,10240,656493,644.23
1000000,10240,81566,11264.99
1000000,10240,481035,10564.08
100000,10240,68233,869.76
100000,10240,89664,649.80
100000,10240,49277,616.30
100000,10240,85426,478.23
1000000,10240,95201,26495.84
1000000,10240,591021,1284.01
100000,10240,14170,796.54
1000000,10240,983714,210.99
100000,10240,27395,13922.25
1000000,10240,563539,615.93
1000000,10240,548159,12793.51
1000000,10240,100174,20724.62
100000,10240,62684,630.64
1000000,10240,870860,802.49
1000000,10240,987693,221.56
1000000,10240,946843,223.47
1000000,10240,931995,80.25
1000000,10240,542479,1216.98
1000000,10240,116793,701.81
100000,10240,78116,560.58
100000,10240,86317,832.77
1000000,10240,845989,1271.33
100000,10240,28752,10290.59
100000,10240,70165,13653.32
100000,10240,93626,892.76
100000,10240,39992,9042.73
100000,10240,86182,12243.65
1000000,10240,317468,1413.68
100000,10240,35580,350.02
1000000,10240,471093,569.40
100000,10240,47876,20722.17
1000000,10240,669448,870.15
100000,10240,42395,23392.85
100000,10240,52402,811.14
100000,10240,62126,12079.18
100000,10240,64738,9903.59
1000000,10240,717606,774.28
1000000,10240,201512,10559.35
1000000,10240,639270,1658.76
1000000,10240,462965,1529.06
1000000,10240,669760,1720.89
1000000,10240,29628,14029.62
1000000,10240,747775,784.05
100000,10240,58929,17756.31
1000000,10240,331853,22075.74
100000,10240,39446,1996.96
100000,10240,2599,25380.89
1000000,10240,660434,1318.13
100000,10240,94004,1350.19
100000,10240,65161,25046.01
1000000,10240,750870,19291.85
1000000,10240,241292,1122.64
1000000,10240,845143,1305.82
1000000,10240,44241,837.92
100000,10240,16225,703.08
100000,10240,12799,839.28
100000,10240,98616,16066.66
1000000,10240,692482,515.65
1000000,10240,186767,635.09
100000,10240,96068,717.65
100000,10240,25265,22071.40
100000,10240,18512,15086.04
100000,10240,44000,1580.15
100000,10240,24979,12509.58
1000000,10240,201831,658.46
1000000,10240,217553,14415.92
100000,10240,69946,608.86
100000,10240,20028,1209.40
100000,10240,34898,1447.68
100000,10240,72006,774.42
100000,10240,82323,11256.57
1000000,10240,694723,390.64
100000,10240,73241,853.58
1000000,10240,24368,25722.03
1000000,10240,661785,1465.42
1000000,10240,202764,529.65
1000000,10240,252207,8925.36
1000000,10240,225306,18617.35
1000000,10240,264315,14065.17
1000000,10240,331777,22279.97
100000,10240,94651,524.84
100000,10240,11481,9965.03
1000000,10240,456013,683.25
1000000,10240,70015,31784.60
1000000,10240,314637,12993.01
1000000,10240,648213,746.93
100000,10240,51897,979.11
1000000,10240,713745,312.68
100000,10240,91655,12438.63
100000,10240,84004,685.03
100000,10240,56120,19190.10
100000,10240,23703,465.70
100000,10240,90552,18674.72
1000000,10240,455040,515.61
1000000,10240,94546,9944.74
1000000,10240,109612,475.15
1000000,10240,357506,410.45
100000,10240,89779,20748.87
100000,10240,86062,1006.84
100000,10240,57469,15633.99
1000000,10240,573862,8794.08
1000000,10240,714097,357.93
100000,10240,77373,16600.44
1000000,10240,639434,21323.94
1000000,10240,28015,1018.26
1000000,10240,339966,18329.41
1000000,10240,788938,735.95
1000000,10240,889433,139.80
100000,10240,37750,875.80
1000000,10240,135073,936.75
1000000,10240,319544,19360.50
1000000,10240,510699,622.01
1000000,10240,596053,528.03
100000,10240,31941,886.01
100000,10240,52509,11078.29
100000,10240,10589,684.16
100000,10240,41033,411.56
100000,10240,86136,522.82
1000000,10240,471829,20560.02
1000000,10240,190065,13504.63
100000,10240,78918,16988.09
1000000,10240,731666,695.92
100000,10240,87274,12106.58
100000,10240,18191,16936.09
100000,10240,43479,14295.68
1000000,10240,758862,552.21
1000000,10240,296983,628.12
1000000,10240,731844,19012.37
1000000,10240,797477,541.97
1000000,10240,108442,12021.31
1000000,10240,741935,473.01
100000,10240,40957,1147.43
100000,10240,85397,353.93
1000000,10240,753212,271.37
100000,10240,10780,19901.17
100000,10240,61039,14656.39
1000000,10240,552133,605.53
1000000,10240,982439,98.90
100000,10240,49236,451.15
1000000,10240,428873,416.66
1000000,10240,254016,14934.96
1000000,10240,908429,303.34
1000000,10240,853309,16200.95
1000000,10240,553071,14713.13
1000000,10240,569128,573.66
1000000,10240,592487,486.13
100000,10240,13928,592.02
1000000,10240,770932,381.27
1000000,10240,620209,18045.22
100000,10240,39321,734.35
1000000,10240,476749,395.77
1000000,10240,539926,19407.07
1000000,10240,664323,666.17
1000000,10240,763094,389.79
100000,10240,45544,818.32
1000000,10240,591123,19966.39
100000,10240,80422,656.45
1000000,10240,688258,310.63
100000,10240,2955,15941.79
1000000,10240,47964,20708.25
100000,10240,49628,14873.61
100000,10240,92858,31190.29
100000,10240,77459,18104.12
100000,10240,1930,19363.36
1000000,10240,964562,234.30
1000000,10240,615326,560.72
100000,10240,36231,1471.58
100000,10240,98007,16998.66
100000,10240,86765,814.55
100000,10240,14019,10719.46
100000,10240,78139,1297.99
1000000,10240,536409,588.80
1000000,10240,151857,16152.60
1000000,10240,798678,704.42
1000000,10240,634787,16801.30
1000000,10240,404415,725.58
1000000,10240,741758,29906.17
1000000,10240,628146,553.26
100000,10240,867,506.47
1000000,10240,880184,377.19
1000000,10240,783281,343.38
100000,10240,21075,380.71
1000000,10240,430250,23039.55
100000,10240,50956,537.63
1000000,10240,883825,229.56
100000,10240,23329,501.15
100000,10240,77042,11563.30
100000,10240,6830,13866.27
100000,10240,47920,596.82
100000,10240,6310,14732.52
1000000,10240,992947,319.25
1000000,10240,625279,984.27
1000000,10240,143960,413.78
100000,10240,86652,402.77
1000000,10240,377048,317.35
1000000,10240,27029,359.30
100000,10240,88063,14333.11
1000000,10240,440932,20250.09
1000000,10240,136381,16767.42
1000000,10240,803650,459.66
1000000,10240,757607,480.40
1000000,10240,648502,17319.39
1000000,10240,787941,475.04
1000000,10240,481197,19239.90
1000000,10240,35494,513.34
1000000,10240,238804,674.28
100000,10240,25549,13920.93
100000,10240,8567,508.35
1000000,10240,997020,295.26
1000000,10240,651050,17993.11
1000000,10240,754452,298.72
100000,10240,205,9910.60
1000000,10240,728082,745.39
1000000,10240,59404,33677.03
100000,10240,33847,950.65
100000,10240,65811,748.30
1000000,10240,857626,308.21
100000,10240,45332,1211.69
100000,10240,27234,811.23
100000,10240,27575,21739.13
1000000,10240,230246,20420.45
1000000,10240,11214,967.20
1000000,10240,417476,656.37
100000,10240,75851,315.40
1000000,10240,12166,16105.92
1000000,10240,161156,27768.90
1000000,10240,895857,617.34
100000,10240,11995,660.81
100000,10240,31278,442.92
100000,10240,92535,24376.90
100000,10240,81560,1076.86
1000000,10240,401171,12757.44
100000,10240,1581,539.50
1000000,10240,615656,789.58
1000000,10240,700157,740.15
1000000,10240,126672,274.17
1000000,10240,794464,431.68
100000,10240,9836,15574.24
100000,10240,47942,17312.05
100000,10240,15989,18371.38
100000,10240,35954,882.85
1000000,10240,34853,431.12
1000000,10240,408615,17060.42
100000,10240,20676,19300.51
1000000,10240,777725,18931.09
100000,10240,55591,1127.16
100000,10240,70419,354.24
100000,10240,74636,460.06
100000,10240,87424,765.42
100000,10240,41088,305.04
1000000,10240,797671,301.08
1000000,10240,193020,22454.51
100000,10240,25630,772.05
1000000,10240,573276,534.90
1000000,10240,352713,257.90
100000,10240,57407,287.98
1000000,10240,122930,18067.29
1000000,10240,658629,939.94
1000000,10240,184055,843.60
1000000,10240,777306,445.41
100000,10240,99258,556.56
100000,10240,37409,13283.91
1000000,10240,612505,20392.40
1000000,10240,378004,14472.63
1000000,10240,685815,406.65
1000000,10240,44748,14514.30
100000,10240,85820,15839.71
100000,10240,49049,14700.33
1000000,10240,140807,18182.37
100000,10240,6505,25112.70
100000,10240,63624,1014.88
100000,10240,22387,15143.08
100000,10240,87026,1091.66
100000,10240,7956,631.08
1000000,10240,388283,30604.69
100000,10240,89916,1174.81
1000000,10240,518970,16833.63
1000000,10240,288548,808.86
100000,10240,70008,13555.01
1000000,10240,488715,13249.24
100000,10240,10188,1267.84
1000000,10240,863240,652.29
100000,10240,83354,19794.73
100000,10240,74757,19520.17
100000,10240,23704,16672.55
1000000,10240,228424,1611.20
1000000,10240,495043,15024.48
100000,10240,58877,12719.84
100000,10240,48878,1421.16
1000000,10240,640405,534.00
1000000,10240,691792,1225.08
100000,10240,45134,661.22
100000,10240,29571,1364.81
1000000,10240,721933,19038.44
1000000,10240,264266,635.50
100000,10240,25825,1260.18
1000000,10240,829696,846.11
100000,10240,43309,1042.27
100000,10240,41245,515.79
1000000,10240,682540,729.34
1000000,10240,633347,731.01
100000,10240,3514,23624.15
100000,10240,90638,22315.03
100000,10240,53148,1205.91
1000000,10240,521724,731.23
100000,10240,30518,1241.45
1000000,10240,138043,549.55
100000,10240,77393,1256.52
100000,10240,48896,1180.84
100000,10240,2180,15359.91
100000,10240,42247,22595.40
100000,10240,74887,1557.47
100000,10240,16406,719.82
100000,10240,90811,1106.68
1000000,10240,530471,752.26
100000,10240,18772,18742.51
100000,10240,95311,1714.88
100000,10240,72954,707.20
1000000,10240,576846,19441.80
100000,10240,35060,17722.86
1000000,10240,804378,797.39
1000000,10240,686141,1473.12
1000000,10240,261093,476.97
100000,10240,28679,568.83
100000,10240,81915,18149.12
100000,10240,31266,24175.33
1000000,10240,487853,11980.53
1000000,10240,533891,643.24
100000,10240,91177,835.44
1000000,10240,535722,541.94
100000,10240,19769,811.08
100000,10240,95942,1007.98
1000000,10240,868033,104.62
1000000,10240,842167,1136.01
1000000,10240,361122,12313.06
100000,10240,11820,14075.23
1000000,10240,281802,1305.38
1000000,10240,124099,1262.17
100000,10240,96693,18737.76
1000000,10240,51605,1451.92
1000000,10240,537533,18540.43
1000000,10240,762008,1262.44
1000000,10240,662054,683.37
1000000,10240,893395,86.88
1000000,10240,328221,29828.84
1000000,10240,940049,374.99
1000000,10240,606395,1115.48
100000,10240,62463,870.26
1000000,10240,792572,17790.70
1000000,10240,897729,102.99
1000000,10240,859868,15260.40
1000000,10240,705282,722.54
100000,10240,45591,11009.10
100000,10240,60686,18956.13
1000000,10240,440467,20237.34
100000,10240,21417,1346.67
1000000,10240,506592,657.97
1000000,10240,380441,605.45
1000000,10240,193385,18055.88
1000000,10240,500607,11062.18
1000000,10240,304969,1023.52
100000,10240,57129,1103.01
100000,10240,13650,31358.14
100000,10240,40038,13950.23
1000000,10240,578588,783.24
1000000,10240,915979,221.76
1000000,10240,854064,1022.07
100000,10240,64178,21590.38
1000000,10240,168494,721.36
100000,10240,56118,21819.94
100000,10240,63680,19082.66
1000000,10240,702750,947.83
1000000,10240,363773,1353.93
100000,10240,58972,1395.91
1000000,10240,217541,620.47
1000000,10240,882608,89.39
1000000,10240,499555,483.95
100000,10240,46346,17592.35
1000000,10240,444893,1729.83
100000,10240,58313,16172.55
1000000,10240,367476,19197.20
1000000,10240,188474,16457.88
1000000,10240,734831,12530.91
1000000,10240,15622,877.84
100000,10240,32483,587.77
1000000,10240,827527,10632.72
1000000,10240,953434,310.96
1000000,10240,628180,36008.57
1000000,10240,256949,18490.34
1000000,10240,978197,383.93
100000,10240,21368,769.51
1000000,10240,139093,853.45
100000,10240,47522,1338.10
100000,10240,15381,9332.26
1000000,10240,32826,12489.06
1000000,10240,201908,16363.38
100000,10240,17796,17627.40
100000,10240,65435,20170.80
1000000,10240,19764,22905.45
1000000,10240,669795,514.59
100000,10240,90794,547.35
100000,10240,55476,933.09
1000000,10240,325992,18513.26
1000000,10240,508306,23891.30
100000,10240,36094,714.79
1000000,10240,29861,25474.37
1000000,10240,184665,23783.19
100000,10240,5326,634.67
100000,10240,81885,432.47
100000,10240,80828,972.91
1000000,10240,237009,294.31
100000,10240,78250,301.89
1000000,10240,87679,18977.34
100000,10240,75713,14007.12
1000000,10240,876856,622.94
1000000,10240,170795,51729.53
1000000,10240,70403,722.03
1000000,10240,555378,422.35
1000000,10240,923073,219.65
100000,10240,18873,15532.88
1000000,10240,512936,20561.35
1000000,10240,883031,429.46
100000,10240,49595,611.19
100000,10240,44280,517.14
1000000,10240,275957,11940.34
1000000,10240,860341,438.53
1000000,10240,13177,645.93
1000000,10240,500281,17066.49
1000000,10240,631035,613.55
100000,10240,67286,489.82
1000000,10240,605640,318.98
1000000,10240,351965,321.79
1000000,10240,323301,16576.37
100000,10240,74403,16816.00
1000000,10240,533376,756.41
100000,10240,99462,511.01
1000000,10240,715147,409.27
100000,10240,80863,373.13
1000000,10240,962026,189.90
100000,10240,40499,274.68
1000000,10240,574863,23658.93
1000000,10240,689115,616.66
1000000,10240,359609,19955.11
100000,10240,80746,777.51
1000000,10240,66547,14367.95
100000,10240,89744,20056.42
100000,10240,63656,12175.53
100000,10240,27168,705.04
1000000,10240,410893,570.00
100000,10240,36042,434.22
100000,10240,95022,28185.20
100000,10240,94253,857.98
100000,10240,20706,468.01
1000000,10240,732497,427.74
1000000,10240,518631,21258.14
1000000,10240,596960,12977.15
1000000,10240,159145,13412.48
100000,10240,26309,737.25
100000,10240,24727,18250.62
1000000,10240,2146,374.29
100000,10240,64491,691.17
1000000,10240,645448,493.66
100000,10240,60161,302.56
1000000,10240,463518,332.60
100000,10240,71186,266.21
100000,10240,67720,921.54
100000,10240,14408,705.72
1000000,10240,699686,347.82
100000,10240,39373,8876.47
1000000,10240,451002,407.83
100000,10240,47749,16482.05
1000000,10240,621856,8268.83
100000,10240,52879,805.22
1000000,10240,220290,7690.17
100000,10240,64512,13729.28
1000000,10240,767712,22700.50
1000000,10240,655017,539.24
1000000,10240,879387,488.44
100000,10240,83816,21435.27
1000000,10240,835448,300.90
1000000,10240,392125,320.12
100000,10240,25200,296.07
1000000,10240,105909,12383.88
1000000,10240,163448,697.18
100000,10240,59950,945.15
100000,10240,20487,854.95
1000000,10240,491461,385.48
1000000,10240,381649,17140.88
100000,10240,22571,10290.35
1000000,10240,316212,846.93
100000,10240,20203,730.34
1000000,10240,609970,380.93
100000,10240,38680,960.78
1000000,10240,87697,16540.53
100000,10240,88117,994.92
100000,10240,41649,812.39
100000,10240,60248,696.61
100000,10240,47707,305.07
1000000,10240,238157,344.81
100000,10240,28534,13238.43
1000000,10240,88553,24783.83
1000000,10240,326592,10025.88
100000,10240,2609,621.77
100000,10240,90996,43793.86
100000,10240,82991,891.84
1000000,10240,543725,8608.70
100000,10240,43064,446.86
100000,10240,25856,20481.03
1000000,10240,454489,795.29
100000,10240,64569,15461.02
1000000,10240,503534,521.40
1000000,10240,254063,16785.46
1000000,10240,688428,644.68
100000,10240,64852,16332.87
100000,10240,89241,1058.26
100000,10240,81574,452.57
1000000,10240,849618,310.67
1000000,10240,254125,24599.12
1000000,10240,728723,523.30
1000000,10240,368959,15193.34
1000000,10240,17987,661.92
1000000,10240,789762,338.73
1000000,10240,81140,309.30
100000,10240,77607,948.67
1000000,10240,41515,14347.46
1000000,10240,460237,13490.71
1000000,10240,309380,381.89
1000000,10240,633698,437.06
100000,10240,52350,14206.73
1000000,10240,729605,515.83
100000,10240,9016,10861.59
100000,10240,324,20400.12
1000000,10240,643416,366.88
100000,10240,10956,18532.96
100000,10240,17895,848.43
100000,10240,66209,14805.49
100000,10240,21432,11462.43
1000000,10240,349976,770.02
100000,10240,12978,316.71
1000000,10240,723566,414.19
1000000,10240,807327,13028.66
100000,10240,69316,655.15
100000,10240,18293,1280.65
1000000,10240,563670,681.26
1000000,10240,868376,278.01
1000000,10240,262709,244.48
100000,10240,45056,20671.17
1000000,10240,540882,572.49
100000,10240,82111,920.32
1000000,10240,492384,561.31
100000,10240,98090,18423.46
1000000,10240,820738,1088.54
1000000,10240,780431,470.71
100000,10240,43228,819.34
1000000,10240,205183,457.38
1000000,10240,536073,752.00
100000,10240,31599,871.14
1000000,10240,219821,842.34
100000,10240,19809,394.10
1000000,10240,308515,21762.61
100000,10240,49051,15626.45
100000,10240,51097,14126.95
1000000,10240,493679,764.23
100000,10240,74593,561.46
1000000,10240,444420,21610.57
100000,10240,8581,286.29
1000000,10240,466222,11760.83
1000000,10240,213426,16954.49
1000000,10240,262111,759.86
1000000,10240,529342,1439.81
100000,10240,53188,734.66
1000000,10240,134733,563.73
1000000,10240,527743,1362.60
100000,10240,63293,1140.54
1000000,10240,14815,13538.52
1000000,10240,213953,16004.38
100000,10240,64843,23158.00
1000000,10240,480280,17322.74
1000000,10240,583715,13792.16
1000000,10240,426640,1017.12
1000000,10240,43822,19590.73
100000,10240,41744,21924.11
1000000,10240,502171,11988.11
100000,10240,14366,13401.64
1000000,10240,320415,16640.72
1000000,10240,165890,19441.36
100000,10240,87050,1190.16
1000000,10240,665104,941.40
1000000,10240,243720,14737.64
100000,10240,79482,1728.39
1000000,10240,143464,17764.71
100000,10240,32329,21001.59
100000,10240,41904,10821.47
100000,10240,10837,12205.33
1000000,10240,82598,28677.93
100000,10240,42344,685.41
1000000,10240,154958,19119.76
1000000,10240,290206,925.93
100000,10240,90529,1665.15
100000,10240,79098,1361.55
100000,10240,21542,43064.48
1000000,10240,33892,955.38
100000,10240,54827,864.75
100000,10240,7081,16703.28
100000,10240,88931,1406.38
1000000,10240,146433,2318.68
100000,10240,77748,13819.49
1000000,10240,734122,18083.40
100000,10240,45457,1509.15
1000000,10240,760939,843.67
100000,10240,8161,13241.77
1000000,10240,752677,1723.86
1000000,10240,321802,591.93
1000000,10240,367645,499.04
1000000,10240,485289,18973.69
100000,10240,65210,1028.86
100000,10240,12046,15335.11
100000,10240,38974,1304.21
100000,10240,22972,663.40
1000000,10240,16619,18785.75
100000,10240,82251,647.51
100000,10240,83824,21327.23
1000000,10240,897555,144.87
1000000,10240,691231,14331.18
100000,10240,57438,974.46
1000000,10240,483232,447.27
100000,10240,42406,14325.61
100000,10240,66317,1288.86
1000000,10240,296183,42746.10
100000,10240,81352,10609.38
1000000,10240,486823,13531.65
1000000,10240,252603,15483.43
1000000,10240,173373,16409.55
1000000,10240,236004,15090.39
100000,10240,98491,7706.80
100000,10240,85755,21789.22
1000000,10240,400033,7655.97
1000000,10240,34435,13337.07
100000,10240,14671,708.67
1000000,10240,161177,1326.96
100000,10240,30865,15044.51
100000,10240,58997,17076.57
1000000,10240,154569,15917.30
100000,10240,59616,12621.95
100000,10240,15643,14798.42
1000000,10240,161137,9433.24
100000,10240,11237,17197.28
100000,10240,54580,1188.81
100000,10240,55923,18070.13
1000000,10240,81023,17220.31
1000000,10240,665458,670.95
100000,10240,71584,16764.71
100000,10240,12793,674.05
100000,10240,65866,12953.80
100000,10240,87340,18370.75
100000,10240,44520,714.37
1000000,10240,507216,613.36
1000000,10240,151030,19638.26
100000,10240,73616,11928.33
100000,10240,49638,20202.03
1000000,10240,655643,630.02
100000,10240,94841,379.92
100000,10240,58990,694.40
100000,10240,57963,14250.19
1000000,10240,749649,454.39
1000000,10240,691218,8027.21
1000000,10240,322465,20515.04
100000,10240,53967,646.47
1000000,10240,191021,543.22
100000,10240,53857,978.13
1000000,10240,444320,18233.03
100000,10240,95325,1136.76
1000000,10240,12652,19684.87
100000,10240,33779,930.24
100000,10240,26956,601.93
1000000,10240,206954,686.47
1000000,10240,972269,305.09
100000,10240,24551,10311.72
1000000,10240,381237,10551.70
100000,10240,48953,584.34
1000000,10240,261982,780.74
100000,10240,1861,10570.05
1000000,10240,315917,24274.20
100000,10240,52386,2539.42
1000000,10240,280448,1762.62
100000,10240,37649,18455.47
100000,10240,90204,1046.62
100000,10240,17322,624.34
1000000,10240,387743,309.30
100000,10240,52855,14659.73
100000,10240,71426,657.39
100000,10240,72544,404.87
1000000,10240,734312,714.50
1000000,10240,798717,248.55
100000,10240,78193,883.06
100000,10240,62341,738.18
1000000,10240,648696,296.18
1000000,10240,954889,91.92
1000000,10240,751485,286.23
1000000,10240,318366,434.83
1000000,10240,468516,286.17
1000000,10240,379347,290.09
1000000,10240,730100,250.49
100000,10240,67032,712.89
1000000,10240,492634,12493.98
100000,10240,51807,524.61
1000000,10240,30955,21204.58
1000000,10240,317423,10573.31
1000000,10240,776685,16055.00
100000,10240,59469,17494.33
100000,10240,71511,19145.15
100000,10240,48843,19928.99
1000000,10240,833966,630.43
100000,10240,36087,440.39
100000,10240,37992,764.38
1000000,10240,245076,11785.10
100000,10240,14076,21062.81
1000000,10240,337263,22626.36
100000,10240,90426,30259.45
1000000,10240,858675,763.93
100000,10240,18136,378.60
1000000,10240,903231,109.32
100000,10240,39760,16113.10
100000,10240,94936,1011.72
100000,10240,69000,805.45
100000,10240,96790,12281.67
1000000,10240,695466,10590.59
100000,10240,41149,887.80
1000000,10240,53979,11769.80
100000,10240,70275,11705.20
1000000,10240,717176,656.59
1000000,10240,85222,506.00
1000000,10240,507672,425.29
1000000,10240,721027,289.29
1000000,10240,919949,295.91
100000,10240,23534,303.36
1000000,10240,265828,298.54
1000000,10240,768661,289.41
1000000,10240,502028,15164.84
100000,10240,95051,16035.33
1000000,10240,184234,20097.20
100000,10240,71449,13526.50
100000,10240,8083,12891.42
100000,10240,20181,16111.51
1000000,10240,975193,118.69
100000,10240,86099,7976.34
100000,10240,98328,290.18
1000000,10240,636592,10848.06
1000000,10240,739730,290.57
1000000,10240,7608,16768.60
100000,10240,57670,20975.61
1000000,10240,326741,497.76
100000,10240,65459,454.77
1000000,10240,616366,7304.20
1000000,10240,312828,353.87
1000000,10240,697137,299.78
1000000,10240,638359,293.63
1000000,10240,787623,292.75
1000000,10240,272629,325.11
100000,10240,45453,288.76
100000,10240,31079,12990.87
1000000,10240,338438,301.13
100000,10240,17393,272.37
1000000,10240,958429,95.47
1000000,10240,579751,278.98
100000,10240,98366,565.45
100000,10240,33584,33047.66
100000,10240,39139,18269.63
1000000,10240,667841,436.96
100000,10240,53591,917.27
100000,10240,99956,501.48
1000000,10240,187356,18884.14
1000000,10240,473210,19470.41
100000,10240,72305,444.79
100000,10240,36977,13796.96
100000,10240,83665,13658.62
100000,10240,9600,550.89
100000,10240,67081,493.02
1000000,10240,715267,527.40
1000000,10240,147572,24205.83
1000000,10240,881282,229.85
100000,10240,62352,19950.74
1000000,10240,640939,13922.98
1000000,10240,676171,36126.51
1000000,10240,808746,606.54
100000,10240,70678,27867.68
100000,10240,72918,626.53
100000,10240,942,12818.30
1000000,10240,660035,534.16
1000000,10240,897689,596.18
100000,10240,71228,16834.31
100000,10240,53101,888.92
1000000,10240,23023,19386.38
1000000,10240,532599,20598.97
1000000,10240,837383,779.25
100000,10240,16539,13727.64
1000000,10240,174195,706.30
1000000,10240,386798,13293.85
1000000,10240,249739,18203.99
100000,10240,68551,27594.49
100000,10240,96394,713.47
1000000,10240,947480,316.60
100000,10240,37353,11722.84
100000,10240,23583,814.28
100000,10240,45943,1065.70
100000,10240,92321,13402.21
100000,10240,99771,23409.02
1000000,10240,391311,20195.32
100000,10240,59470,16327.90
1000000,10240,637058,730.16
1000000,10240,961193,234.05
1000000,10240,40989,9973.57
1000000,10240,354928,12865.47
100000,10240,43933,573.52
100000,10240,31551,19956.24
1000000,10240,102704,14320.47
100000,10240,65149,1124.43
1000000,10240,396230,13423.84
1000000,10240,35885,17742.05
100000,10240,8399,11681.04
100000,10240,92544,613.76
1000000,10240,547941,13250.10
100000,10240,5475,15610.55
100000,10240,50012,716.43
100000,10240,49131,24941.44
100000,10240,82710,615.23
100000,10240,50425,716.74
100000,10240,75399,1183.16
100000,10240,14984,15788.79
1000000,10240,876920,874.05
100000,10240,66683,18719.58
1000000,10240,362163,18645.60
1000000,10240,878090,361.56
1000000,10240,498949,422.56
1000000,10240,349663,14152.08
100000,10240,91303,1174.38
100000,10240,22103,18171.97
1000000,10240,329638,9990.53
100000,10240,79988,11387.53
1000000,10240,692299,724.44
1000000,10240,861240,20800.91
100000,10240,69048,19119.72
1000000,10240,131320,22229.88
1000000,10240,435557,15110.88
1000000,10240,695405,13489.21
1000000,10240,73985,1324.82
1000000,10240,983081,94.88
100000,10240,86577,14399.81
100000,10240,5806,20421.08
100000,10240,35585,963.67
100000,10240,85054,663.44
1000000,10240,43971,30345.87
100000,10240,69243,792.50
100000,10240,52642,593.77
100000,10240,77376,15919.00
1000000,10240,615846,604.68
100000,10240,41831,1023.79
100000,10240,68903,24451.85
1000000,10240,956710,333.59
1000000,10240,409008,1125.46
100000,10240,68564,795.11
100000,10240,3336,20361.60
100000,10240,71118,1310.23
1000000,10240,110553,7531.71
100000,10240,7086,1318.62
1000000,10240,446070,521.80
100000,10240,51576,471.85
100000,10240,96801,1003.34
1000000,10240,691176,903.75
100000,10240,50206,409.97
1000000,10240,87275,17629.83
100000,10240,56233,19304.80
1000000,10240,940770,515.34
1000000,10240,48003,19393.97
1000000,10240,146118,16582.10
100000,10240,10085,14383.24
100000,10240,22729,1040.66
1000000,10240,149044,10837.03
1000000,10240,972912,119.85
100000,10240,23507,1852.30
1000000,10240,997057,302.87
100000,10240,25242,19314.83
1000000,10240,642064,15017.80
100000,10240,32819,822.38
100000,10240,41591,775.04
100000,10240,41480,733.68
100000,10240,13979,31172.43
100000,10240,4901,1503.32
1000000,10240,675788,782.56
1000000,10240,733287,707.89
100000,10240,8557,19010.15
1000000,10240,709283,10679.55
100000,10240,42413,11347.36
1000000,10240,941992,102.42
1000000,10240,95797,11899.39
1000000,10240,42187,13613.22
100000,10240,78753,1539.61
100000,10240,99458,1542.15
1000000,10240,39225,874.01
100000,10240,65700,947.63
1000000,10240,93964,952.63
1000000,10240,293976,514.33
100000,10240,45143,1110.64
1000000,10240,768473,15962.03
1000000,10240,130117,17461.54
1000000,10240,359742,601.72
1000000,10240,102747,18844.82
1000000,10240,919024,400.18
100000,10240,25646,16609.21
1000000,10240,126200,23521.82
100000,10240,60412,1272.04
1000000,10240,274194,25270.87
100000,10240,33330,12508.70
1000000,10240,858837,378.93
1000000,10240,392437,13958.83
1000000,10240,823650,517.98
100000,10240,61797,29404.36
100000,10240,67582,694.56
1000000,10240,517386,15296.64
100000,10240,69963,473.17
1000000,10240,865745,647.79
100000,10240,19441,1071.92
100000,10240,59682,12158.27
100000,10240,83435,404.62
100000,10240,56606,589.33
1000000,10240,985482,94.53
1000000,10240,35887,19501.44
1000000,10240,957319,367.62
1000000,10240,955077,262.57
1000000,10240,267685,16163.84
1000000,10240,518008,441.10
1000000,10240,589351,306.31
100000,10240,22983,306.36
1000000,10240,364519,14129.66
100000,10240,64286,315.08
100000,10240,58733,12924.49
1000000,10240,593186,13353.42
100000,10240,31310,21698.06
1000000,10240,979211,279.73
100000,10240,91004,557.51
1000000,10240,201636,381.91
1000000,10240,477963,22993.06
100000,10240,82941,18735.37
100000,10240,72569,813.56
100000,10240,61122,1078.56
1000000,10240,558540,28871.08
100000,10240,23445,766.04
1000000,10240,422700,531.18
100000,10240,37243,743.59
1000000,10240,202408,21965.29
1000000,10240,531741,637.21
100000,10240,30122,617.88
1000000,10240,658237,11985.04
1000000,10240,610738,518.44
100000,10240,47945,17339.77
1000000,10240,62833,10842.02
100000,10240,76471,430.27
100000,10240,84817,509.03
1000000,10240,974130,95.29
100000,10240,76085,404.17
1000000,10240,581636,327.78
1000000,10240,26648,960.56
1000000,10240,763534,309.36
1000000,10240,769194,322.40
100000,10240,34400,762.30
100000,10240,32841,13287.01
100000,10240,25192,598.72
100000,10240,26365,1125.18
100000,10240,19369,16105.64
1000000,10240,394078,405.66
1000000,10240,416226,299.52
1000000,10240,144935,14963.64
1000000,10240,469380,558.87
1000000,10240,897412,93.22
1000000,10240,924065,313.77
100000,10240,8799,823.49
1000000,10240,854100,265.83
1000000,10240,829637,433.02
100000,10240,92371,19438.83
1000000,10240,29974,13055.08
1000000,10240,223573,16951.86
1000000,10240,662917,622.97
100000,10240,39163,15051.91
100000,10240,9064,13243.24
1000000,10240,389714,17324.17
100000,10240,78372,1172.83
1000000,10240,668934,11682.80
100000,10240,46627,572.51
1000000,10240,691095,321.61
1000000,10240,182012,298.97
100000,10240,84246,827.91
1000000,10240,70997,13768.59
100000,10240,74177,838.27
100000,10240,47329,712.61
1000000,10240,797191,362.90
1000000,10240,605103,887.25
100000,10240,56744,293.30
1000000,10240,338065,14772.44
1000000,10240,2049,838.04
100000,10240,59597,513.92
1000000,10240,381466,403.13
100000,10240,82157,18716.30
1000000,10240,911998,544.45
1000000,10240,82830,644.84
100000,10240,60666,14308.78
100000,10240,49212,17176.64
100000,10240,64625,1225.59
100000,10240,34469,22016.26
100000,10240,45519,685.26
100000,10240,89707,14188.18
100000,10240,85824,22957.74
1000000,10240,166082,14506.38
100000,10240,21134,792.34
1000000,10240,61430,14389.63
1000000,10240,846906,15685.45
100000,10240,46810,16331.50
100000,10240,83379,831.23
100000,10240,75914,417.51
1000000,10240,526584,522.05
100000,10240,48434,727.75
100000,10240,49989,445.17
1000000,10240,29329,14751.10
1000000,10240,78771,22479.44
100000,10240,89037,814.46
100000,10240,6705,408.81
1000000,10240,286735,417.56
100000,10240,81675,15153.58
100000,10240,79076,635.52
1000000,10240,366709,18004.31
1000000,10240,78794,528.48
1000000,10240,721184,707.47
100000,10240,72034,557.08
1000000,10240,826420,601.56
1000000,10240,117825,10326.27
100000,10240,81167,748.34
1000000,10240,914478,298.21
1000000,10240,108711,17283.87
1000000,10240,292426,18803.98
100000,10240,24345,17528.98
1000000,10240,712299,823.09
1000000,10240,976482,226.48
100000,10240,84343,782.54
1000000,10240,220848,20159.48
100000,10240,17368,706.15
100000,10240,70761,14678.38
1000000,10240,328580,12205.63
100000,10240,46590,19535.58
100000,10240,8127,12658.02
1000000,10240,855697,625.15
100000,10240,52772,17349.48
100000,10240,18997,11537.17
100000,10240,11593,18121.71
1000000,10240,658756,615.81
1000000,10240,70060,16475.54
1000000,10240,497484,615.38
1000000,10240,442166,306.72
1000000,10240,852095,91.80
1000000,10240,902084,482.71
1000000,10240,498560,16031.18
100000,10240,44608,909.42
100000,10240,94659,462.31
1000000,10240,633136,326.06
100000,10240,62347,898.32
1000000,10240,543791,10726.21
100000,10240,7342,776.04
100000,10240,18289,17248.88
1000000,10240,437174,18120.98
100000,10240,58149,19753.38
1000000,10240,157652,20199.36
100000,10240,21910,22262.11
100000,10240,84853,925.73
1000000,10240,434694,891.12
100000,10240,38177,9412.55
1000000,10240,261897,544.74
100000,10240,31925,415.35
100000,10240,84363,22935.79
1000000,10240,662177,480.41
1000000,10240,47573,25348.69
100000,10240,41275,505.44
100000,10240,7128,17073.56
100000,10240,64962,1073.29
100000,10240,93625,18813.06
100000,10240,1845,18604.29
1000000,10240,185006,12008.43
1000000,10240,505020,553.28
100000,10240,23176,636.07
100000,10240,12051,15231.81
100000,10240,73575,5469.82
100000,10240,29871,12837.48
100000,10240,61080,577.90
100000,10240,15058,20271.27
1000000,10240,241459,17945.58
1000000,10240,650882,713.74
1000000,10240,450314,558.95
100000,10240,95529,840.87
100000,10240,39599,20049.93
1000000,10240,308472,18644.04
100000,10240,9403,988.32
1000000,10240,376317,414.89
1000000,10240,185501,18651.52
100000,10240,3895,14429.44
1000000,10240,849296,713.01
100000,10240,98161,17699.15
100000,10240,2816,7331.28
1000000,10240,998710,98.23
1000000,10240,415487,616.18
1000000,10240,930630,94.23
100000,10240,4433,500.95
1000000,10240,9634,22501.43
100000,10240,93853,38309.36
100000,10240,73899,1256.91
1000000,10240,680154,801.83
1000000,10240,166461,656.07
100000,10240,9602,13165.49
1000000,10240,536270,797.23
100000,10240,45107,14293.34
100000,10240,53523,1304.92
1000000,10240,116185,1216.93
1000000,10240,622859,554.57
100000,10240,26305,13991.06
100000,10240,54524,692.62
1000000,10240,777462,704.52
1000000,10240,509089,584.85
1000000,10240,764750,637.30
1000000,10240,286050,19683.83
100000,10240,10752,10878.36
1000000,10240,333396,1129.96
1000000,10240,544172,17981.67
100000,10240,98682,1098.60
100000,10240,83296,1073.38
100000,10240,18899,803.45
100000,10240,91843,875.64
1000000,10240,776482,423.25
1000000,10240,530354,737.95
1000000,10240,463143,462.15
100000,10240,52196,14870.98
1000000,10240,657756,864.65
1000000,10240,120005,16703.85
1000000,10240,791852,781.01
100000,10240,13994,741.79
1000000,10240,925743,647.35
100000,10240,12249,18456.92
1000000,10240,180426,13544.70
100000,10240,51497,13272.75
1000000,10240,63634,1693.21
1000000,10240,848809,19917.12
100000,10240,9356,1414.86
1000000,10240,66240,1119.73
100000,10240,69951,1398.95
1000000,10240,842453,531.36
100000,10240,81003,23534.69
1000000,10240,891215,191.62
1000000,10240,796806,15482.01
1000000,10240,998057,229.87
1000000,10240,845089,379.08
100000,10240,76823,14415.76
100000,10240,97370,14150.45
100000,10240,92685,17867.97
100000,10240,68021,808.00
100000,10240,83209,971.30
1000000,10240,866621,554.83
100000,10240,35118,719.95
1000000,10240,278479,18469.51
1000000,10240,925999,8840.00
1000000,10240,438527,764.18
1000000,10240,124811,18813.80
1000000,10240,167800,716.95
100000,10240,48741,14053.88
1000000,10240,740632,904.36
1000000,10240,524966,642.16
1000000,10240,254533,501.69
1000000,10240,527217,12335.16
1000000,10240,236936,804.26
100000,10240,65333,788.11
1000000,10240,451883,925.57
1000000,10240,40698,1379.95
1000000,10240,657724,1138.88
100000,10240,60655,969.43
1000000,10240,46803,584.34
1000000,10240,195481,10620.03
1000000,10240,937529,323.01
1000000,10240,513321,17761.25
100000,10240,44216,21239.82
1000000,10240,579604,11155.47
1000000,10240,151642,968.06
100000,10240,75172,464.17
100000,10240,34522,1220.68
1000000,10240,924866,563.37
1000000,10240,476076,13939.35
1000000,10240,761538,653.93
1000000,10240,570873,17053.13
1000000,10240,613160,1380.51
1000000,10240,594822,842.09
1000000,10240,779230,459.41
100000,10240,60505,479.46
1000000,10240,721997,972.96
100000,10240,99613,1221.30
1000000,10240,681605,21958.68
1000000,10240,525860,16997.21
1000000,10240,990213,204.33
1000000,10240,68553,14109.07
1000000,10240,202999,837.09
100000,10240,62784,554.73
100000,10240,28369,1263.51
100000,10240,86619,10217.80
1000000,10240,558271,646.04
100000,10240,49903,862.33
1000000,10240,421598,19333.35
1000000,10240,266640,17795.95
100000,10240,30451,31663.94
100000,10240,90901,15546.99
1000000,10240,526883,13836.27
1000000,10240,385183,13746.10
100000,10240,36591,530.75
1000000,10240,240526,363.78
100000,10240,18202,14432.08
100000,10240,34513,18551.98
100000,10240,88878,15628.15
100000,10240,91752,611.81
1000000,10240,632552,17570.98
100000,10240,11537,965.51
1000000,10240,80959,35653.16
100000,10240,5932,809.90
100000,10240,42762,485.47
100000,10240,80125,17233.15
100000,10240,58762,954.98
100000,10240,14530,398.52
100000,10240,3442,12071.27
1000000,10240,690507,638.93
100000,10240,64303,14052.67
1000000,10240,530647,566.81
1000000,10240,346057,620.24
1000000,10240,204344,14240.90
100000,10240,76865,21113.35
1000000,10240,420775,9103.06
100000,10240,57915,460.62
1000000,10240,889265,315.65
100000,10240,86005,338.44
100000,10240,47467,507.76
1000000,10240,161479,17093.31
1000000,10240,326558,654.41
1000000,10240,153709,35665.85
1000000,10240,529016,623.87
100000,10240,68321,705.95
1000000,10240,633729,554.87
1000000,10240,26885,292.81
1000000,10240,997209,93.47
1000000,10240,137570,15630.78
100000,10240,65911,1200.71
1000000,10240,412900,17421.93
1000000,10240,514958,18459.17
1000000,10240,447220,577.32
100000,10240,21566,16675.71
1000000,10240,204355,531.50
100000,10240,30161,17581.60
100000,10240,90538,1002.94
1000000,10240,813735,270.12
1000000,10240,46211,23573.90
1000000,10240,771464,17319.39
1000000,10240,352550,16090.70
1000000,10240,89755,518.93
100000,10240,86159,859.55
1000000,10240,578002,433.38
1000000,10240,393935,13914.46
100000,10240,12648,19803.62
100000,10240,23002,1139.37
1000000,10240,154535,9320.29
1000000,10240,205225,13462.11
1000000,10240,157525,919.35
1000000,10240,567855,391.77
100000,10240,25232,294.75
1000000,10240,656581,403.49
100000,10240,89899,11099.46
1000000,10240,199080,12129.64
1000000,10240,679367,23680.18
1000000,10240,154021,10376.76
100000,10240,90894,18580.12
100000,10240,24,11533.10
100000,10240,49894,1009.26
1000000,10240,833047,1002.88
1000000,10240,448158,14019.74
100000,10240,89701,597.86
100000,10240,55027,850.35
1000000,10240,155607,15769.08
1000000,10240,1655,1224.46
1000000,10240,110103,381.72
1000000,10240,384546,408.50
100000,10240,97818,419.95
100000,10240,10271,17191.14
100000,10240,63858,984.66
100000,10240,27292,415.15
1000000,10240,800432,494.77
100000,10240,9698,462.23
1000000,10240,258717,974.91
1000000,10240,727759,21409.68
1000000,10240,781393,598.19
100000,10240,51173,300.95
1000000,10240,57259,20122.34
1000000,10240,916431,247.50
100000,10240,26832,631.14
1000000,10240,833762,272.45
100000,10240,8511,401.83
1000000,10240,765411,298.71
1000000,10240,769089,266.21
1000000,10240,334232,15346.71
100000,10240,19162,14694.24
1000000,10240,562227,16019.64
100000,10240,28467,1102.50
1000000,10240,369320,14144.92
100000,10240,16074,19788.14
100000,10240,78687,842.74
1000000,10240,492951,493.88
100000,10240,11959,10985.16
100000,10240,55108,664.54
1000000,10240,307484,20931.13
100000,10240,42477,700.21
100000,10240,40392,326.91
100000,10240,63060,988.53
1000000,10240,178875,17807.02
1000000,10240,10901,21474.91
1000000,10240,217198,15020.74
100000,10240,99379,914.40
1000000,10240,275623,17426.78
1000000,10240,938756,106.63
1000000,10240,103818,15444.00
1000000,10240,617210,28664.41
1000000,10240,340669,12080.14
1000000,10240,288016,641.22
1000000,10240,123794,23327.72
1000000,10240,333443,740.42
100000,10240,45603,927.20
1000000,10240,50382,23129.00
100000,10240,34931,602.29
1000000,10240,709388,497.13
1000000,10240,381024,489.75
1000000,10240,34191,600.00
100000,10240,90441,575.33
1000000,10240,298739,16673.54
1000000,10240,487506,13808.95
100000,10240,76756,516.19
1000000,10240,682017,360.23
100000,10240,93468,918.95
1000000,10240,186987,18316.92
100000,10240,29567,588.80
100000,10240,57684,18730.26
100000,10240,71776,1154.26
100000,10240,12878,1352.63
100000,10240,38088,778.67
1000000,10240,741821,378.65
1000000,10240,3876,714.80
1000000,10240,924201,93.60
100000,10240,59049,11681.76
1000000,10240,788086,336.67
1000000,10240,587681,17651.44
100000,10240,52037,902.23
100000,10240,84685,879.55
1000000,10240,700409,269.16
100000,10240,17048,15496.68
1000000,10240,856675,747.35
1000000,10240,798940,262.86
100000,10240,24182,23409.84
1000000,10240,932755,317.57
1000000,10240,647743,488.99
1000000,10240,846331,455.42
1000000,10240,801144,299.83
1000000,10240,359057,14356.36
100000,10240,58138,1105.87
100000,10240,86362,16720.76
100000,10240,88643,1021.27
100000,10240,90504,587.29
100000,10240,89733,305.43
1000000,10240,232548,19278.66
100000,10240,27745,17776.84
100000,10240,86305,573.26
100000,10240,78246,666.32
100000,10240,24498,1058.62
100000,10240,89959,12585.57
100000,10240,69533,17257.20
1000000,10240,344721,16558.82
100000,10240,16009,582.94
100000,10240,80495,15191.66
1000000,10240,646345,626.25
100000,10240,37988,868.92
100000,10240,89764,301.35
1000000,10240,129858,10927.64
100000,10240,85437,17150.51
1000000,10240,108854,785.98
100000,10240,78554,632.30
1000000,10240,512537,319.75
100000,10240,90546,16518.82
1000000,10240,913662,132.76
100000,10240,11825,9867.73
100000,10240,47281,330.56
100000,10240,4005,14472.09
100000,10240,38284,983.07
100000,10240,30042,876.46
1000000,10240,792244,308.25
1000000,10240,28202,465.35
100000,10240,45157,590.13
100000,10240,1653,311.80
1000000,10240,932600,101.10
1000000,10240,940712,132.66
1000000,10240,61669,497.36
100000,10240,58188,855.50
100000,10240,9539,17941.91
100000,10240,95493,920.72
1000000,10240,51288,711.32
100000,10240,84896,610.68
100000,10240,67013,780.54
100000,10240,21992,12355.68
1000000,10240,70846,812.29
1000000,10240,468482,584.92
100000,10240,28091,18007.08
1000000,10240,10372,1040.76
100000,10240,5175,472.43
100000,10240,40404,627.59
100000,10240,2151,443.19
100000,10240,29372,329.04
100000,10240,99417,829.81
100000,10240,27400,752.32
1000000,10240,603950,265.25
100000,10240,38005,21700.92
1000000,10240,618196,479.69
1000000,10240,74589,749.15
1000000,10240,989178,302.09
1000000,10240,524235,18248.76
100000,10240,66648,1065.33
100000,10240,50667,319.28
100000,10240,66426,30805.00
1000000,10240,260784,18332.58
100000,10240,73792,18721.57
1000000,10240,79623,15736.84
1000000,10240,494761,577.28
1000000,10240,789256,606.87
1000000,10240,802762,287.16
1000000,10240,508312,405.97
1000000,10240,947701,95.22
100000,10240,59355,418.58
1000000,10240,38895,14065.11
100000,10240,3697,531.26
100000,10240,60853,484.69
100000,10240,25966,15189.65
100000,10240,11495,283.83
1000000,10240,974116,209.91
1000000,10240,723201,424.39
100000,10240,57961,1211.61
1000000,10240,414739,13177.08
100000,10240,60458,986.26
1000000,10240,947692,297.90
1000000,10240,480938,25401.93
100000,10240,79905,746.95
1000000,10240,720431,504.05
1000000,10240,433491,529.74
1000000,10240,465553,300.96
1000000,10240,956486,102.30
100000,10240,39131,15931.41
1000000,10240,338354,9683.42
1000000,10240,426282,385.69
1000000,10240,371126,642.67
100000,10240,75973,1208.10
100000,10240,35300,15504.29
100000,10240,45851,14634.80
100000,10240,50132,24764.12
1000000,10240,816628,1008.70
1000000,10240,757311,796.97
1000000,10240,611593,620.41
100000,10240,85905,15556.58
100000,10240,20214,17265.04
100000,10240,8418,892.23
1000000,10240,524741,12250.35
1000000,10240,70852,18182.79
1000000,10240,970684,255.09
1000000,10240,74814,17300.23
100000,10240,14212,24905.28
100000,10240,93253,21996.19
100000,10240,69924,1371.70
100000,10240,70699,945.13
100000,10240,33586,828.96
100000,10240,63214,1281.11
1000000,10240,595642,1133.15
1000000,10240,941771,218.02
100000,10240,80785,725.75
1000000,10240,80716,15007.53
1000000,10240,320899,743.86
100000,10240,91469,1094.19
100000,10240,34500,1121.18
100000,10240,81051,1237.59
1000000,10240,207131,22308.85
100000,10240,70381,701.08
100000,10240,48015,1026.27
1000000,10240,442207,523.52
1000000,10240,707901,558.23
100000,10240,71636,754.50
100000,10240,75680,953.07
1000000,10240,967057,100.60
100000,10240,80375,14741.91
1000000,10240,176730,18984.37
100000,10240,66162,1272.94
100000,10240,53088,663.14
100000,10240,31690,632.04
100000,10240,84656,19693.61
100000,10240,84192,16302.17
1000000,10240,191285,13425.08
100000,10240,12488,11057.20
1000000,10240,159151,915.50
1000000,10240,329748,21704.14
100000,10240,92995,23440.92
100000,10240,11135,1117.86
100000,10240,88916,21301.13
1000000,10240,680433,957.29
100000,10240,99615,658.34
1000000,10240,174624,610.03
1000000,10240,188358,19205.28
1000000,10240,313337,10090.30
1000000,10240,420216,25149.02
100000,10240,84259,1326.23
1000000,10240,40481,640.18
100000,10240,88805,1046.49
100000,10240,4635,16311.12
1000000,10240,290956,17715.23
100000,10240,41628,21351.88
1000000,10240,766461,941.67
100000,10240,55549,18375.37
1000000,10240,681478,957.80
100000,10240,53948,14705.43
1000000,10240,720604,499.16
100000,10240,62786,732.22
1000000,10240,965637,98.10
100000,10240,92392,992.50
1000000,10240,818243,597.61
1000000,10240,158898,62606.10
1000000,10240,159598,866.42
1000000,10240,702173,362.31
1000000,10240,87546,15284.49
100000,10240,47416,21268.36
1000000,10240,498372,770.34
100000,10240,20117,16300.36
1000000,10240,221569,21386.22
100000,10240,31056,11630.08
100000,10240,28683,544.87
1000000,10240,330108,17683.69
100000,10240,98198,862.86
100000,10240,55392,13415.44
1000000,10240,628692,604.64
100000,10240,26741,37864.71
1000000,10240,499439,666.52
1000000,10240,855081,619.18
1000000,10240,697385,12947.76
1000000,10240,485998,727.15
100000,10240,76380,508.45
100000,10240,55846,718.33
100000,10240,74120,18090.84
1000000,10240,825663,20428.44
100000,10240,83729,1271.01
1000000,10240,353401,15692.93
1000000,10240,969220,306.80
100000,10240,23456,946.51
100000,10240,19605,393.88
1000000,10240,998920,219.45
1000000,10240,745964,257.50
1000000,10240,73957,19695.68
100000,10240,12499,11364.24
100000,10240,49840,973.51
100000,10240,3794,568.20
1000000,10240,607497,389.78
1000000,10240,730203,411.01
100000,10240,74289,667.07
100000,10240,41542,433.06
1000000,10240,530374,438.45
100000,10240,80096,601.73
100000,10240,65972,681.98
1000000,10240,885356,529.70
100000,10240,46421,331.26
1000000,10240,533296,737.69
1000000,10240,862253,335.75
1000000,10240,630134,19763.95
1000000,10240,264760,10936.58
100000,10240,67757,795.04
1000000,10240,797953,483.56
100000,10240,71620,676.44
100000,10240,70968,702.35
1000000,10240,632599,323.64
1000000,10240,573206,394.22
100000,10240,3552,440.26
100000,10240,13644,309.40
1000000,10240,155785,266.31
100000,10240,57424,405.71
1000000,10240,461047,14663.60
100000,10240,9027,20050.70
1000000,10240,959064,341.12
1000000,10240,764472,374.40
1000000,10240,697576,299.12
1000000,10240,474779,310.76
100000,10240,50409,15408.13
1000000,10240,471233,715.27
100000,10240,40587,12276.63
1000000,10240,913081,632.09
100000,10240,74427,18589.34
1000000,10240,598469,12370.22
1000000,10240,792091,542.96
1000000,10240,697640,17395.43
1000000,10240,400464,14074.17
100000,10240,85957,919.21
1000000,10240,593692,426.81
100000,10240,47151,943.41
1000000,10240,911270,282.38
1000000,10240,398663,512.05
100000,10240,78167,16766.19
1000000,10240,127500,19510.63
1000000,10240,466624,16476.46
1000000,10240,697802,599.95
1000000,10240,535608,592.47
100000,10240,13104,348.76
100000,10240,4696,496.41
100000,10240,72358,22573.17
100000,10240,92261,1089.70
1000000,10240,737114,317.12
100000,10240,41830,16572.08
1000000,10240,951878,338.31
1000000,10240,277033,21772.15
100000,10240,59600,1171.67
1000000,10240,585410,437.57
100000,10240,97501,620.50
1000000,10240,370141,488.56
100000,10240,67466,16334.38
100000,10240,35203,601.48
100000,10240,67441,417.60
1000000,10240,319141,22693.04
1000000,10240,990075,297.91
100000,10240,52876,1020.14
100000,10240,54516,14774.33
100000,10240,36899,1067.85
100000,10240,17992,531.26
100000,10240,17208,22593.81
1000000,10240,447883,504.76
1000000,10240,9852,806.80
100000,10240,43426,15514.66
100000,10240,94917,610.43
1000000,10240,420205,21721.37
100000,10240,36932,737.54
1000000,10240,696320,394.58
100000,10240,13276,979.09
1000000,10240,965980,110.54
1000000,10240,114419,14579.89
1000000,10240,630888,629.51
1000000,10240,443089,432.76
1000000,10240,632636,15091.67
1000000,10240,221493,579.10
100000,10240,56314,15977.82
1000000,10240,986308,246.61
100000,10240,48906,22072.97
1000000,10240,132858,1091.71
100000,10240,21771,7865.76
1000000,10240,500792,432.08
100000,10240,9441,496.74
1000000,10240,789470,313.83
100000,10240,94838,693.60
1000000,10240,281351,38042.17
1000000,10240,340808,29038.23
100000,10240,99799,708.66
100000,10240,8050,11464.52
100000,10240,82207,13886.11
1000000,10240,452266,15460.51
100000,10240,69717,13585.07
100000,10240,74839,10275.89
100000,10240,24931,868.09
1000000,10240,639135,435.86
100000,10240,1403,546.51
100000,10240,63979,860.95
100000,10240,88236,9842.75
1000000,10240,987959,97.78
1000000,10240,123133,27625.89
1000000,10240,66803,13184.73
1000000,10240,393914,442.68
100000,10240,26342,923.65
1000000,10240,612454,15622.16
100000,10240,68126,15259.37
1000000,10240,272374,15606.31
1000000,10240,310078,21033.33
100000,10240,40283,715.30
1000000,10240,287527,363.96
100000,10240,5610,15359.90
1000000,10240,991758,387.63
1000000,10240,248490,13655.78
100000,10240,73100,8074.11
100000,10240,80223,15764.06
100000,10240,61402,911.62
100000,10240,15293,14850.48
100000,10240,97722,506.35
1000000,10240,8840,20667.05
1000000,10240,671315,26652.74
1000000,10240,171993,18849.85
1000000,10240,133508,810.82
100000,10240,22782,450.10
1000000,10240,240134,20309.96
100000,10240,10682,591.15
1000000,10240,609113,535.65
1000000,10240,532064,422.84
100000,10240,54146,826.58
1000000,10240,742946,530.43
100000,10240,64106,17093.08
100000,10240,86214,863.82
100000,10240,49479,20913.97
100000,10240,42936,17304.90
100000,10240,92183,1001.37
100000,10240,30116,848.23
100000,10240,82058,15224.81
100000,10240,96833,20469.91
100000,10240,84886,637.57
100000,10240,4804,527.16
1000000,10240,525179,568.48
100000,10240,21516,464.22
1000000,10240,374297,443.13
1000000,10240,16977,18453.37
1000000,10240,329500,19180.44
1000000,10240,923637,673.32
1000000,10240,751583,347.93
1000000,10240,976572,136.59
100000,10240,64419,442.28
100000,10240,58085,459.93
100000,10240,94312,464.87
100000,10240,32951,17726.51
100000,10240,90520,16634.72
100000,10240,68770,19117.37
1000000,10240,861010,633.24
100000,10240,94540,345.50
100000,10240,82141,11698.69
100000,10240,44970,895.84
100000,10240,23641,455.22
100000,10240,11485,420.18
1000000,10240,390437,306.28
100000,10240,73812,716.32
100000,10240,48148,294.66
1000000,10240,615855,12340.49
1000000,10240,855932,522.14
100000,10240,73874,469.16
1000000,10240,664563,18176.24
100000,10240,10717,15782.58
1000000,10240,274505,29583.21
100000,10240,4159,591.26
1000000,10240,803562,727.09
100000,10240,50134,983.69
100000,10240,83627,326.75
1000000,10240,153607,455.49
100000,10240,85915,704.08
100000,10240,95238,290.77
1000000,10240,509134,14106.61
1000000,10240,64470,1097.40
1000000,10240,32450,19568.83
1000000,10240,618722,557.49
100000,10240,15139,594.44
1000000,10240,446599,12712.48
1000000,10240,895304,311.83
100000,10240,24983,15445.61
1000000,10240,598076,17006.60
100000,10240,20958,15479.38
1000000,10240,985960,226.68
100000,10240,96105,18373.19
1000000,10240,364462,733.72
1000000,10240,841356,336.11
1000000,10240,546660,402.09
1000000,10240,62198,21325.01
100000,10240,67603,1041.68
1000000,10240,278937,549.00
100000,10240,1061,17662.88
1000000,10240,838621,779.17
1000000,10240,163044,21088.73
1000000,10240,245147,806.71
1000000,10240,905427,227.49
1000000,10240,633870,19966.32
100000,10240,88381,1098.08
1000000,10240,173659,15676.77
100000,10240,15002,615.70
1000000,10240,600815,862.01
100000,10240,87416,1050.13
100000,10240,46843,13010.82
1000000,10240,679525,670.91
1000000,10240,604413,674.23
1000000,10240,378756,11149.67
100000,10240,86170,1232.31
1000000,10240,196114,1063.88
100000,10240,20379,489.20
100000,10240,11866,734.00
1000000,10240,656075,524.76
100000,10240,9789,531.66
100000,10240,37388,14227.06
100000,10240,76916,30354.11
1000000,10240,817380,991.87
1000000,10240,287230,695.91
100000,10240,95747,707.93
100000,10240,76122,18256.67
1000000,10240,550472,21573.61
100000,10240,60670,18545.43
100000,10240,19391,1268.32
1000000,10240,261103,452.23
100000,10240,44605,1063.22
1000000,10240,452476,475.85
1000000,10240,640419,1304.18
100000,10240,89300,753.19
100000,10240,7492,528.65
100000,10240,81959,831.30
100000,10240,10793,426.10
1000000,10240,432949,23546.91
1000000,10240,408251,866.26
1000000,10240,952328,95.03
100000,10240,9071,12095.41
100000,10240,18367,21425.88
1000000,10240,985039,294.01
1000000,10240,454691,941.93
1000000,10240,328497,408.13
1000000,10240,334844,14093.06
100000,10240,25115,968.54
1000000,10240,193871,20357.20
100000,10240,61537,16079.96
100000,10240,21755,1760.70
100000,10240,9232,18148.85
100000,10240,11913,12819.52
1000000,10240,938975,348.51
100000,10240,27831,1150.95
1000000,10240,424778,784.06
1000000,10240,496162,18350.94
100000,10240,99677,816.90
100000,10240,74814,14151.60
1000000,10240,285693,737.35
1000000,10240,89092,505.15
100000,10240,50311,19037.59
1000000,10240,831219,747.56
1000000,10240,459990,1158.99
1000000,10240,732356,988.31
100000,10240,63298,19307.47
1000000,10240,975370,457.22
1000000,10240,726061,1065.74
100000,10240,38745,945.31
1000000,10240,338891,17427.72
1000000,10240,531597,1325.55
100000,10240,28864,34409.11
1000000,10240,148725,14682.65
1000000,10240,759181,845.80
1000000,10240,81288,16773.66
100000,10240,36099,17817.37
1000000,10240,530019,845.37
1000000,10240,561645,755.75
1000000,10240,837274,885.54
100000,10240,20204,1596.53
1000000,10240,50901,21667.76
1000000,10240,215893,15860.47
100000,10240,82674,10744.37
100000,10240,56614,2769.33
100000,10240,55466,21832.05
1000000,10240,48758,16253.90
1000000,10240,283114,11320.17
100000,10240,52730,2413.91
1000000,10240,293033,22011.95
100000,10240,6345,11539.62
1000000,10240,846514,1640.95
100000,10240,82388,799.08
100000,10240,84834,1233.92
100000,10240,66269,13590.50
100000,10240,73183,1607.20
1000000,10240,394659,23736.51
1000000,10240,328477,18120.97
100000,10240,16455,14921.21
1000000,10240,983539,355.33
100000,10240,13487,900.03
100000,10240,69979,1542.35
1000000,10240,350520,686.61
1000000,10240,794133,756.77
1000000,10240,57994,8673.87
100000,10240,94780,1589.22
1000000,10240,147414,727.12
100000,10240,58893,643.55
1000000,10240,349718,13834.11
1000000,10240,932932,247.36
1000000,10240,715711,489.51
100000,10240,82667,1137.82
1000000,10240,893978,96.80
100000,10240,59409,9664.45
1000000,10240,693390,750.69
1000000,10240,786372,802.91
100000,10240,60786,789.35
100000,10240,46388,42949.27
1000000,10240,83306,14710.35
100000,10240,90341,1484.30
100000,10240,27686,663.25
1000000,10240,594850,17618.36
1000000,10240,135670,814.00
1000000,10240,378162,701.57
100000,10240,92933,812.41
100000,10240,59929,1208.89
1000000,10240,489762,846.47
100000,10240,72450,869.89
1000000,10240,50157,18435.00
100000,10240,42176,16323.14
100000,10240,40536,681.00
100000,10240,31348,72231.74
100000,10240,37512,16229.18
1000000,10240,211037,18812.44
1000000,10240,381128,480.11
1000000,10240,747096,408.31
1000000,10240,782758,357.36
1000000,10240,588592,289.44
100000,10240,53271,820.61
1000000,10240,134744,17350.78
1000000,10240,397509,12854.31
1000000,10240,726739,954.66
1000000,10240,438471,364.76
100000,10240,68766,25223.40
1000000,10240,202299,15000.75
1000000,10240,420345,531.73
100000,10240,43213,949.13
1000000,10240,349330,310.40
100000,10240,65070,16019.71
1000000,10240,155335,21879.89
1000000,10240,725283,730.38
1000000,10240,439673,520.12
100000,10240,47088,653.01
100000,10240,79800,740.23
1000000,10240,31475,290.35
100000,10240,74425,33273.64
1000000,10240,50350,917.64
100000,10240,90327,612.89
100000,10240,6895,14025.29
1000000,10240,602597,428.36
1000000,10240,457049,577.82
1000000,10240,993478,97.00
1000000,10240,619914,332.32
1000000,10240,636667,386.31
1000000,10240,217062,12667.96
100000,10240,48029,24015.70
1000000,10240,819240,16465.69
100000,10240,85162,825.34
100000,10240,74607,11891.69
1000000,10240,810978,499.75
1000000,10240,80251,18376.33
1000000,10240,971616,177.25
100000,10240,76556,35278.79
100000,10240,74794,681.27
100000,10240,83648,851.15
100000,10240,12055,447.24
1000000,10240,106034,10036.52
100000,10240,56511,617.96
1000000,10240,339075,11205.80
1000000,10240,927989,328.19
1000000,10240,749923,647.24
1000000,10240,578589,379.59
100000,10240,65374,21846.59
1000000,10240,486561,432.26
100000,10240,2628,17661.96
1000000,10240,749484,554.61
100000,10240,95581,887.90
1000000,10240,327928,11474.36
100000,10240,41359,676.81
100000,10240,91757,17523.22
100000,10240,50205,22410.57
100000,10240,86960,1062.84
1000000,10240,756597,441.30
1000000,10240,698698,440.43
1000000,10240,435214,21673.60
100000,10240,91424,533.02
1000000,10240,898258,395.77
100000,10240,83768,715.45
1000000,10240,302491,16565.21
1000000,10240,38583,12018.25
1000000,10240,784490,605.86
1000000,10240,610658,1071.76
100000,10240,27723,14396.80
100000,10240,38479,27620.80
1000000,10240,123179,8311.35
100000,10240,65063,21053.90
100000,10240,32527,14295.44
100000,10240,47124,646.70
1000000,10240,728246,686.68
100000,10240,93343,16094.79
1000000,10240,585498,19668.83
1000000,10240,55926,14845.01
100000,10240,20257,1057.49
100000,10240,9807,475.00
1000000,10240,313823,12132.35
100000,10240,31692,319.62
1000000,10240,723044,319.67
100000,10240,75166,354.32
100000,10240,9034,29958.93
100000,10240,2490,17859.05
100000,10240,95631,22594.87
1000000,10240,515326,607.98
100000,10240,3783,19659.10
1000000,10240,427456,19981.23
1000000,10240,531562,11796.83
100000,10240,17188,16996.58
1000000,10240,737435,743.63
100000,10240,11334,548.42
1000000,10240,600896,320.76
100000,10240,74847,623.70
100000,10240,75483,21925.88
1000000,10240,115485,574.69
1000000,10240,923094,379.88
1000000,10240,929201,237.53
100000,10240,95299,355.17
1000000,10240,840089,14154.81
1000000,10240,862656,337.95
100000,10240,6230,574.83
1000000,10240,850775,369.70
100000,10240,89842,10859.55
100000,10240,56595,1168.46
100000,10240,36663,10231.60
1000000,10240,413345,23041.59
1000000,10240,226088,733.79
100000,10240,20861,18256.99
1000000,10240,426541,15061.79
100000,10240,83071,1077.48
1000000,10240,287492,24543.60
100000,10240,60903,1321.17
1000000,10240,69452,9686.75
1000000,10240,476102,22067.59
1000000,10240,66761,697.33
1000000,10240,877981,227.44
100000,10240,11683,18171.53
100000,10240,64336,1077.85
100000,10240,32707,900.51
100000,10240,54874,711.12
1000000,10240,697309,374.31
100000,10240,58082,805.23
100000,10240,11181,16773.66
1000000,10240,226813,6395.16
100000,10240,17271,12588.62
1000000,10240,219551,550.17
100000,10240,38752,34570.47
100000,10240,5075,714.95
100000,10240,2560,667.48
100000,10240,59405,299.38
100000,10240,50585,17626.00
100000,10240,19326,422.07
100000,10240,59468,507.84
100000,10240,79205,431.63
100000,10240,75849,10225.15
1000000,10240,3855,935.07
1000000,10240,499967,491.62
100000,10240,17875,15489.25
100000,10240,19231,737.79
100000,10240,49921,388.32
100000,10240,57613,819.68
1000000,10240,834202,365.42
1000000,10240,450536,11874.98
1000000,10240,598071,21147.65
100000,10240,14918,547.36
1000000,10240,583346,566.50
100000,10240,63857,17299.63
100000,10240,9724,864.84
100000,10240,84599,320.01
100000,10240,84323,516.62
100000,10240,60901,387.97
1000000,10240,599596,15018.34
100000,10240,58963,15077.70
1000000,10240,922925,253.77
100000,10240,35851,994.27
100000,10240,14748,834.85
1000000,10240,184354,15406.06
100000,10240,4630,708.67
100000,10240,88428,558.45
1000000,10240,899146,111.96
100000,10240,5083,11954.47
1000000,10240,621880,18448.22
1000000,10240,110146,1133.35
100000,10240,36559,747.66
100000,10240,48916,709.56
1000000,10240,144850,560.32
100000,10240,94811,1330.17
1000000,10240,210449,20881.31
100000,10240,41469,1394.41
1000000,10240,842678,655.47
1000000,10240,531201,7930.81
1000000,10240,552542,14771.32
1000000,10240,365469,15033.36
1000000,10240,415559,21069.86
100000,10240,51052,634.42
1000000,10240,835741,1005.99
100000,10240,36418,8532.76
1000000,10240,158070,1063.22
100000,10240,13102,14108.30
100000,10240,75846,687.44
100000,10240,94840,1129.84
100000,10240,74162,22416.04
1000000,10240,291469,801.58
100000,10240,60455,1070.14
1000000,10240,305247,1041.62
1000000,10240,523376,1175.24
1000000,10240,409611,32255.06
1000000,10240,441073,11497.12
100000,10240,12807,11323.26
100000,10240,3769,20394.76
1000000,10240,333765,18442.22
100000,10240,40683,812.01
100000,10240,42838,1294.42
1000000,10240,141913,496.24
100000,10240,53849,1109.15
100000,10240,50079,17151.94
100000,10240,42769,1494.21
100000,10240,67154,17828.48
1000000,10240,871437,777.04
100000,10240,90257,19615.63
1000000,10240,429838,907.66
100000,10240,36408,22534.31
1000000,10240,76452,19896.45
100000,10240,87835,1046.63
1000000,10240,338031,705.55
1000000,10240,234896,12289.91
1000000,10240,494932,23194.11
1000000,10240,808422,1034.95
1000000,10240,41779,17018.76
100000,10240,49207,21609.52
1000000,10240,872993,922.77
1000000,10240,189401,10837.26
100000,10240,30334,17901.78
100000,10240,11006,1657.71
100000,10240,19484,931.48
1000000,10240,14303,17234.09
100000,10240,63532,19175.05
1000000,10240,545337,12550.89
1000000,10240,362021,706.25
100000,10240,96447,14262.24
100000,10240,80694,8585.76
1000000,10240,526735,15656.09
1000000,10240,779243,688.79
100000,10240,30145,15263.17
1000000,10240,110335,1115.21
100000,10240,53194,407.56
100000,10240,27710,18870.12
100000,10240,38568,17613.27
1000000,10240,252755,891.07
1000000,10240,846652,832.24
1000000,10240,496947,633.18
1000000,10240,338680,11382.93
100000,10240,97481,1098.24
1000000,10240,174544,12164.03
1000000,10240,414563,621.31
1000000,10240,187890,16487.87
1000000,10240,871598,339.43
1000000,10240,566795,1501.97
1000000,10240,447011,584.66
100000,10240,38737,396.51
100000,10240,93747,15264.07
100000,10240,26934,807.02
1000000,10240,471516,12934.06
1000000,10240,81290,614.41
1000000,10240,578972,411.19
1000000,10240,88597,455.91
100000,10240,90480,575.14
1000000,10240,674844,9446.17
100000,10240,30279,15769.80
100000,10240,32706,1227.08
100000,10240,7097,11943.24
100000,10240,61636,524.82
1000000,10240,338560,690.23
1000000,10240,432016,17412.39
1000000,10240,204611,21535.49
100000,10240,26071,1053.32
100000,10240,18030,38703.32
100000,10240,59177,14258.83
1000000,10240,388212,24898.48
1000000,10240,981679,305.45
100000,10240,74519,671.57
1000000,10240,82578,654.22
100000,10240,98024,856.04
100000,10240,90196,928.09
1000000,10240,781668,280.35
100000,10240,5210,20695.48
100000,10240,62216,852.06
1000000,10240,314565,13803.33
100000,10240,42065,12253.55
100000,10240,49326,13659.60
100000,10240,7292,11333.92
1000000,10240,730286,584.64
1000000,10240,464727,605.12
1000000,10240,207434,427.60
1000000,10240,685584,301.75
100000,10240,46036,883.57
100000,10240,44922,12067.34
1000000,10240,488900,15622.71
100000,10240,76037,828.96
1000000,10240,981657,227.45
100000,10240,41888,21903.38
100000,10240,91920,14180.70
100000,10240,61194,9685.40
1000000,10240,628204,16592.30
1000000,10240,159804,18767.53
100000,10240,92691,965.85
100000,10240,76027,728.20
1000000,10240,130929,19030.00
100000,10240,68302,1052.03
100000,10240,69822,17280.03
100000,10240,4334,19289.67
100000,10240,92757,12260.17
100000,10240,17176,21047.80
1000000,10240,846969,19907.14
100000,10240,41934,17868.98
100000,10240,73464,803.40
1000000,10240,397349,18131.94
100000,10240,81863,849.23
100000,10240,39315,13290.09
100000,10240,80754,1036.43
100000,10240,72984,15153.21
1000000,10240,757329,528.17
100000,10240,17051,662.08
100000,10240,97754,24257.50
1000000,10240,586625,683.69
1000000,10240,192616,546.55
100000,10240,19442,728.77
1000000,10240,627263,406.16
100000,10240,9557,313.70
1000000,10240,229612,289.90
1000000,10240,842377,259.28
100000,10240,47617,825.11
1000000,10240,875271,289.38
100000,10240,78047,9335.94
1000000,10240,120671,901.82
100000,10240,79007,1002.38
1000000,10240,952631,304.61
1000000,10240,512361,388.85
1000000,10240,138722,9263.27
100000,10240,27665,493.36
1000000,10240,290302,11943.89
1000000,10240,629088,772.07
100000,10240,92389,788.92
1000000,10240,635271,431.12
1000000,10240,286525,830.83
1000000,10240,794086,528.88
1000000,10240,62915,18821.97
1000000,10240,330655,11397.39
100000,10240,26941,588.93
100000,10240,30958,11462.47
100000,10240,64990,657.49
100000,10240,10641,561.03
1000000,10240,922334,80.13
100000,10240,4543,13706.79
1000000,10240,551105,12552.83
100000,10240,79511,952.40
100000,10240,45121,540.73
1000000,10240,701655,320.25
100000,10240,83342,29205.00
100000,10240,98173,1044.41
1000000,10240,601828,9049.24
100000,10240,93020,31853.75
100000,10240,39953,14791.37
1000000,10240,638271,583.39
100000,10240,35038,617.32
100000,10240,87836,304.39
100000,10240,76939,610.19
100000,10240,702,310.74
1000000,10240,866843,307.65
100000,10240,61352,19870.08
100000,10240,97303,940.89
1000000,10240,21133,12107.62
1000000,10240,199829,1022.18
100000,10240,30671,21389.22
100000,10240,49834,857.30
1000000,10240,125961,14363.62
1000000,10240,503518,18941.95
1000000,10240,690229,12178.38
1000000,10240,841017,316.83
100000,10240,4607,321.09
1000000,10240,747467,284.11
1000000,10240,439196,286.40
1000000,10240,814617,289.58
1000000,10240,650338,286.84
1000000,10240,916220,742.67
1000000,10240,734781,275.60
100000,10240,70879,11291.71
1000000,10240,498833,292.42
1000000,10240,840422,254.07
1000000,10240,809478,257.05
1000000,10240,681880,290.69
100000,10240,60899,25054.89
1000000,10240,612350,675.71
100000,10240,74870,447.83
1000000,10240,752227,264.95
100000,10240,45029,292.07
1000000,10240,573662,276.50
1000000,10240,835456,20497.53
100000,10240,98174,17322.66
1000000,10240,93186,15051.24
100000,10240,679,21945.83
1000000,10240,903510,404.73
1000000,10240,198754,11474.64
100000,10240,33352,300.62
100000,10240,59233,9555.20
1000000,10240,768654,315.27
1000000,10240,195200,382.58
1000000,10240,502577,10419.77
100000,10240,91520,561.64
100000,10240,51463,901.34
1000000,10240,917137,94.41
1000000,10240,771619,267.99
100000,10240,40756,653.13
1000000,10240,868454,300.58
1000000,10240,391438,348.62
1000000,10240,682902,300.63
1000000,10240,229931,14912.24
1000000,10240,100879,14381.48
100000,10240,71182,12978.19
1000000,10240,529554,15312.06
100000,10240,34447,674.25
100000,10240,70861,16543.80
100000,10240,40549,29235.86
100000,10240,75800,13346.95
100000,10240,62140,753.29
100000,10240,83136,12980.19
100000,10240,96802,12366.09
1000000,10240,186583,16203.74
1000000,10240,822139,578.24
1000000,10240,952879,222.15
100000,10240,51266,396.38
1000000,10240,462779,333.84
1000000,10240,747960,845.65
100000,10240,2087,9814.18
1000000,10240,239376,20356.52
1000000,10240,788808,642.55
1000000,10240,9563,578.25
1000000,10240,431512,14216.86
100000,10240,19112,13304.97
100000,10240,75598,23093.37
1000000,10240,641627,21170.44
1000000,10240,778659,797.69
100000,10240,74912,21606.26
1000000,10240,509530,629.10
100000,10240,35705,371.91
100000,10240,87442,767.90
100000,10240,97004,412.70
1000000,10240,230189,11963.21
1000000,10240,862181,461.71
1000000,10240,349682,12800.85
1000000,10240,535392,572.46
1000000,10240,827543,14122.11
100000,10240,54381,15951.77
100000,10240,81350,769.77
100000,10240,2316,17162.50
100000,10240,10890,520.67
100000,10240,79570,19088.42
1000000,10240,231757,13397.41
100000,10240,62773,1035.74
1000000,10240,449312,17321.35
100000,10240,30775,515.29
1000000,10240,241249,18105.47
100000,10240,17295,515.70
1000000,10240,266086,602.04
100000,10240,91367,892.53
1000000,10240,797527,853.98
1000000,10240,874364,785.08
100000,10240,31856,693.10
1000000,10240,478472,698.28
100000,10240,89369,506.73
100000,10240,16090,19056.33
1000000,10240,770984,779.30
100000,10240,33263,548.87
1000000,10240,157817,17339.01
100000,10240,80967,15189.01
100000,10240,67561,996.05
1000000,10240,421161,12411.78
1000000,10240,400944,920.34
100000,10240,98973,1244.67
1000000,10240,263647,1025.01
100000,10240,27760,14907.50
100000,10240,62963,19712.27
100000,10240,52488,929.54
100000,10240,43642,16683.41
1000000,10240,595791,13624.57
100000,10240,66027,1604.78
1000000,10240,749181,21064.63
1000000,10240,333219,817.28
100000,10240,36666,839.91
100000,10240,77304,16258.38
1000000,10240,443489,24719.19
1000000,10240,35418,24218.13
1000000,10240,407937,1287.08
100000,10240,4117,641.92
1000000,10240,500931,16036.39
100000,10240,19601,1369.72
1000000,10240,955325,324.21
1000000,10240,787017,503.69
100000,10240,74964,24306.92
1000000,10240,888217,281.72
1000000,10240,818506,643.19
1000000,10240,243092,40141.12
1000000,10240,835502,1704.12
1000000,10240,362072,15100.41
1000000,10240,913172,2054.86
100000,10240,87466,2027.07
100000,10240,61348,1267.06
100000,10240,60552,863.60
100000,10240,52082,17522.19
1000000,10240,589356,957.89
1000000,10240,845435,570.28
1000000,10240,857171,506.38
100000,10240,207,12170.70
100000,10240,23444,18009.78
100000,10240,45508,13360.91
1000000,10240,846794,647.21
1000000,10240,29942,18901.88
1000000,10240,83902,20063.19
100000,10240,44642,699.40
1000000,10240,392592,760.03
1000000,10240,970074,206.32
1000000,10240,840208,720.00
100000,10240,61625,15899.81
100000,10240,66144,700.57
1000000,10240,524681,20402.78
100000,10240,79257,22248.36
1000000,10240,932557,282.08
1000000,10240,990171,302.69
1000000,10240,323896,819.29
1000000,10240,566693,17290.40
1000000,10240,646030,1195.91
1000000,10240,417267,15279.60
1000000,10240,45452,802.98
1000000,10240,561013,14437.16
100000,10240,77165,841.89
100000,10240,95702,712.55
1000000,10240,394228,693.75
1000000,10240,616972,858.08
100000,10240,6658,15360.51
100000,10240,55872,17582.57
1000000,10240,751058,519.56
100000,10240,36930,17577.31
1000000,10240,425468,1015.98
100000,10240,51996,686.03
1000000,10240,476370,14696.05
1000000,10240,218074,799.95
100000,10240,30375,9183.50
100000,10240,54289,1837.99
1000000,10240,51988,492.32
1000000,10240,920269,85.69
1000000,10240,730139,303.27
100000,10240,78188,16401.99
1000000,10240,676445,15796.38
100000,10240,62208,12158.12
100000,10240,13955,17826.20
1000000,10240,499917,21200.99
1000000,10240,443281,790.70
1000000,10240,562484,22644.45
100000,10240,92589,700.20
1000000,10240,394172,337.94
1000000,10240,564380,585.39
100000,10240,97593,463.59
1000000,10240,994609,98.49
100000,10240,39682,13076.45
1000000,10240,829714,619.84
1000000,10240,83134,44920.38
1000000,10240,635463,1038.09
100000,10240,6765,714.52
100000,10240,15408,9139.94
1000000,10240,660140,13754.80
100000,10240,72179,467.35
100000,10240,68039,18408.09
100000,10240,72487,680.31
100000,10240,28632,13887.35
100000,10240,29607,12374.88
1000000,10240,21734,14244.10
100000,10240,4067,16559.49
100000,10240,27124,1207.88
1000000,10240,429715,24064.85
1000000,10240,372605,19094.07
1000000,10240,132729,1025.24
100000,10240,58543,12514.78
100000,10240,77405,14318.80
100000,10240,84874,712.61
1000000,10240,885730,370.75
100000,10240,97689,1001.49
100000,10240,22509,735.37
100000,10240,44663,609.67
1000000,10240,199903,21613.95
1000000,10240,826450,617.66
100000,10240,88251,14576.93
1000000,10240,211824,19230.47
1000000,10240,330536,14299.46
1000000,10240,451832,24269.38
1000000,10240,497840,561.90
100000,10240,63517,848.54
100000,10240,1383,10888.39
100000,10240,63201,650.15
100000,10240,15572,589.00
1000000,10240,396566,21741.76
1000000,10240,727424,706.37
1000000,10240,908018,224.39
1000000,10240,893990,214.41
100000,10240,39056,17987.89
1000000,10240,820192,601.86
100000,10240,58873,915.21
1000000,10240,832776,837.18
100000,10240,39240,327.76
100000,10240,78480,828.88
1000000,10240,285925,19800.51
100000,10240,61824,15595.87
100000,10240,14264,675.01
1000000,10240,643095,13491.06
100000,10240,68347,12975.90
1000000,10240,989341,342.15
1000000,10240,715507,15076.93
1000000,10240,799656,554.19
1000000,10240,815509,10540.65
100000,10240,17481,17819.01
100000,10240,65031,16519.33
100000,10240,83769,18104.69
1000000,10240,292866,20705.09
1000000,10240,580990,1052.36
1000000,10240,187931,14371.43
100000,10240,68576,16745.51
1000000,10240,399601,687.46
1000000,10240,746525,558.48
100000,10240,25203,19135.04
100000,10240,51653,34651.59
1000000,10240,339458,15958.09
1000000,10240,912504,285.73
1000000,10240,872944,599.69
1000000,10240,505608,554.77
1000000,10240,756254,493.40
1000000,10240,110339,11767.74
1000000,10240,419791,550.37
100000,10240,2559,369.85
1000000,10240,545195,604.27
100000,10240,83964,309.72
100000,10240,57163,282.68
1000000,10240,653959,490.21
1000000,10240,531316,631.04
1000000,10240,54673,17120.03
100000,10240,7897,10995.37
1000000,10240,168137,656.78
1000000,10240,906336,487.12
1000000,10240,526154,272.28
100000,10240,23850,17464.65
1000000,10240,867661,622.29
100000,10240,88773,406.11
100000,10240,73044,530.99
1000000,10240,572344,382.34
100000,10240,56139,880.58
100000,10240,94960,384.26
1000000,10240,809930,335.60
100000,10240,2009,8570.36
1000000,10240,870055,519.51
1000000,10240,992315,101.11
100000,10240,37363,322.23
1000000,10240,473870,313.86
100000,10240,60648,538.33
100000,10240,86787,19024.58
1000000,10240,117869,19548.23
1000000,10240,706642,605.49
1000000,10240,441699,534.36
100000,10240,84465,434.78
100000,10240,73889,11763.71
1000000,10240,858038,593.54
100000,10240,11097,11565.78
1000000,10240,764118,620.86
100000,10240,49668,10886.42
1000000,10240,278196,604.56
100000,10240,12881,634.50
100000,10240,71702,486.42
1000000,10240,900159,203.88
1000000,10240,5296,1118.42
100000,10240,72616,1097.47
100000,10240,85140,14258.41
100000,10240,99391,18762.87
1000000,10240,182971,547.04
1000000,10240,394388,18163.82
1000000,10240,501989,15819.80
100000,10240,93528,637.83
1000000,10240,533392,412.51
100000,10240,54346,17794.51
1000000,10240,345217,21104.06
1000000,10240,974241,356.80
1000000,10240,406400,7029.37
1000000,10240,894889,482.13
100000,10240,68997,1046.13
1000000,10240,80333,21347.17
1000000,10240,189170,9860.70
100000,10240,68697,794.50
1000000,10240,2187,672.38
100000,10240,3106,15958.25
1000000,10240,920202,234.08
100000,10240,6755,510.85
1000000,10240,407888,530.69
100000,10240,19078,13997.56
1000000,10240,123655,18275.46
1000000,10240,385600,1114.57
1000000,10240,600241,577.39
1000000,10240,940983,111.61
1000000,10240,867359,383.49
1000000,10240,727186,299.66
1000000,10240,261584,18743.38
100000,10240,61510,535.86
1000000,10240,204261,954.23
100000,10240,94688,921.33
1000000,10240,152846,8252.43
100000,10240,98017,512.26
1000000,10240,858121,283.55
100000,10240,50157,13929.47
100000,10240,73553,951.53
100000,10240,54997,528.11
1000000,10240,740551,667.18
1000000,10240,890668,107.47
1000000,10240,444579,392.36
1000000,10240,309012,13953.97
100000,10240,18163,17602.66
100000,10240,40654,895.76
1000000,10240,776390,364.09
100000,10240,96921,11565.56
100000,10240,44295,420.76
100000,10240,91905,833.31
100000,10240,20374,848.21
1000000,10240,840848,405.23
1000000,10240,371921,11878.28
1000000,10240,591155,14628.53
100000,10240,15084,1080.17
1000000,10240,673843,507.02
100000,10240,85686,927.12
1000000,10240,512295,18480.92
100000,10240,67425,592.16
100000,10240,45830,599.90
1000000,10240,717688,629.38
1000000,10240,762067,290.78
100000,10240,97794,491.21
1000000,10240,725024,295.22
100000,10240,79823,288.02
1000000,10240,442514,13363.64
100000,10240,61689,19370.79
1000000,10240,344582,681.34
1000000,10240,40372,523.91
1000000,10240,968724,202.62
1000000,10240,697085,613.38
1000000,10240,963532,83.09
1000000,10240,486483,787.31
1000000,10240,719096,349.73
1000000,10240,970463,83.19
1000000,10240,931164,93.91
100000,10240,57878,720.10
100000,10240,94238,437.91
1000000,10240,891913,244.44
1000000,10240,879214,285.84
1000000,10240,256068,14361.59
1000000,10240,449622,15862.48
100000,10240,26433,19212.88
1000000,10240,39086,10772.84
100000,10240,67017,603.41
100000,10240,26188,487.06
100000,10240,60260,306.86
100000,10240,90456,560.52
100000,10240,86332,1582.95
1000000,10240,884199,336.54
100000,10240,70685,326.92
1000000,10240,787803,318.73
1000000,10240,7644,12443.46
1000000,10240,434861,488.01
1000000,10240,809076,392.58
1000000,10240,332420,452.55
1000000,10240,437350,16762.72
1000000,10240,245094,10703.68
100000,10240,52044,15510.22
100000,10240,10744,13909.85
100000,10240,87186,38440.81
100000,10240,35683,604.97
100000,10240,20517,9297.32
100000,10240,4899,18265.94
100000,10240,5535,516.86
100000,10240,69579,571.28
100000,10240,67251,376.55
1000000,10240,397803,15072.77
1000000,10240,371754,14987.93
1000000,10240,976696,341.38
100000,10240,78966,752.36
100000,10240,64788,834.02
100000,10240,62886,15077.06
100000,10240,54321,14617.46
100000,10240,3809,595.92
100000,10240,35180,999.05
1000000,10240,20742,10728.91
100000,10240,62835,21435.49
1000000,10240,62471,14518.53
1000000,10240,770651,758.50
100000,10240,25448,14297.99
1000000,10240,918481,14461.22
100000,10240,14031,1086.29
1000000,10240,36705,475.86
100000,10240,94489,702.05
100000,10240,76858,487.50
100000,10240,42283,22844.21
100000,10240,99901,9553.46
1000000,10240,39235,24433.30
100000,10240,48422,1092.49
100000,10240,8668,27891.73
100000,10240,45706,1535.06
100000,10240,83000,1002.67
100000,10240,92875,7033.55
100000,10240,53368,1074.41
100000,10240,34132,921.59
100000,10240,3517,16244.51
1000000,10240,900362,666.45
1000000,10240,514117,825.20
100000,10240,57156,25962.67
1000000,10240,843453,1820.78
1000000,10240,336873,760.29
1000000,10240,910055,113.46
1000000,10240,29365,469.62
1000000,10240,512029,15744.07
1000000,10240,291772,809.97
100000,10240,23255,1012.47
100000,10240,69246,7762.68
1000000,10240,837764,679.62
1000000,10240,107786,16384.92
100000,10240,77139,1791.19
1000000,10240,821110,808.43
1000000,10240,478219,965.18
1000000,10240,303978,619.39
100000,10240,91587,16372.18
100000,10240,63699,1202.20
1000000,10240,283648,16578.27
100000,10240,23671,19646.59
100000,10240,40908,1328.26
100000,10240,75246,511.63
1000000,10240,866713,306.73
1000000,10240,343450,42928.39
1000000,10240,880130,1396.49
100000,10240,79225,1031.04
1000000,10240,391416,19797.34
1000000,10240,716801,1573.09
1000000,10240,120607,18781.19
1000000,10240,548600,869.21
100000,10240,18327,15171.09
100000,10240,6665,1736.46
100000,10240,55640,1128.64
100000,10240,13622,20556.37
100000,10240,80358,1969.20
100000,10240,69685,1403.85
1000000,10240,556673,842.77
100000,10240,17191,17033.51
100000,10240,54325,22538.02
1000000,10240,463419,16798.98
1000000,10240,104545,738.04
100000,10240,69489,2061.71
100000,10240,3883,1925.42
1000000,10240,46688,559.72
100000,10240,58827,1507.64
100000,10240,24259,15162.13
1000000,10240,24262,14438.52
100000,10240,77014,1154.70
100000,10240,5144,533.65
100000,10240,45838,9694.66
100000,10240,80739,17044.01
1000000,10240,11554,9073.47
100000,10240,46135,19692.15
100000,10240,43025,1153.11
100000,10240,70040,21906.51
1000000,10240,757526,822.92
1000000,10240,335690,16258.49
1000000,10240,676624,612.65
1000000,10240,147290,963.66
1000000,10240,133606,13780.08
100000,10240,50789,21959.36
100000,10240,90869,580.09
100000,10240,38557,19108.48
100000,10240,16718,733.55
1000000,10240,969971,315.17
1000000,10240,962270,212.92
1000000,10240,232142,545.18
1000000,10240,608738,24389.18
1000000,10240,96459,1828.53
100000,10240,76344,17109.00
100000,10240,73726,13411.54
1000000,10240,514034,675.76
1000000,10240,644794,584.21
1000000,10240,229242,17900.68
1000000,10240,73822,432.28
100000,10240,83042,871.66
1000000,10240,849524,426.54
100000,10240,3578,18150.04
100000,10240,67811,620.64
100000,10240,32096,488.08
100000,10240,75385,753.76
1000000,10240,943581,109.70
1000000,10240,665282,470.48
1000000,10240,418740,16801.28
100000,10240,45652,634.84
100000,10240,89417,481.73
1000000,10240,689525,12638.14
100000,10240,95990,25662.74
1000000,10240,257201,16734.94
100000,10240,19525,14666.58
100000,10240,13593,14175.07
1000000,10240,685864,625.23
100000,10240,94503,14198.14
100000,10240,47739,619.98
1000000,10240,576537,347.93
100000,10240,80481,542.40
100000,10240,90898,410.86
1000000,10240,558358,607.89
1000000,10240,460438,9377.65
100000,10240,69607,425.29
100000,10240,30968,523.17
1000000,10240,471600,488.55
1000000,10240,170162,14741.48
1000000,10240,77687,922.09
100000,10240,74890,1082.92
100000,10240,17865,19379.81
1000000,10240,58500,14886.74
100000,10240,31051,887.50
1000000,10240,788193,381.15
1000000,10240,442978,233.10
1000000,10240,897034,132.26
100000,10240,57067,17156.80
100000,10240,59232,863.23
1000000,10240,672188,698.72
1000000,10240,585253,544.53
100000,10240,79822,13248.44
100000,10240,37,1034.76
100000,10240,37555,19550.92
1000000,10240,671670,9855.07
1000000,10240,685999,407.12
1000000,10240,250940,10784.67
1000000,10240,440030,590.91
100000,10240,12597,14391.96
1000000,10240,912761,294.84
1000000,10240,23823,650.47
100000,10240,63242,383.97
100000,10240,68236,605.22
100000,10240,28816,16218.00
1000000,10240,908989,217.79
100000,10240,5393,18325.26
100000,10240,5297,17184.02
100000,10240,96467,560.74
100000,10240,86849,1352.69
1000000,10240,540472,16225.83
100000,10240,27096,515.03
100000,10240,59873,22281.66
1000000,10240,159143,21554.95
100000,10240,3441,1241.58
100000,10240,7051,651.09
100000,10240,95703,18559.02
1000000,10240,743760,1043.75
1000000,10240,865125,248.84
100000,10240,65193,11901.94
1000000,10240,321440,9520.43
1000000,10240,313735,16293.30
100000,10240,33126,671.85
100000,10240,77687,21259.65
1000000,10240,347350,730.70
100000,10240,61204,952.10
1000000,10240,257138,15967.00
1000000,10240,113915,21624.92
100000,10240,85344,26681.72
1000000,10240,102564,11908.13
100000,10240,56557,19781.47
1000000,10240,626909,584.79
100000,10240,85179,969.80
1000000,10240,799652,497.93
1000000,10240,987684,91.99
100000,10240,23338,445.48
100000,10240,82118,16319.32
100000,10240,98073,624.57
1000000,10240,343598,13680.58
1000000,10240,133769,522.92
1000000,10240,967157,203.72
100000,10240,16821,422.16
100000,10240,14283,13863.29
1000000,10240,926488,301.85
100000,10240,45158,424.48
100000,10240,44374,836.36
1000000,10240,481705,593.32
1000000,10240,762091,283.96
1000000,10240,454786,25090.97
1000000,10240,510898,615.90
100000,10240,16622,13473.94
100000,10240,67952,47388.17
1000000,10240,97328,866.35
1000000,10240,97822,14121.33
100000,10240,34654,831.87
100000,10240,7345,404.77
1000000,10240,853403,231.54
100000,10240,2438,15052.34
1000000,10240,800058,574.24
1000000,10240,454429,603.18
1000000,10240,212368,299.13
100000,10240,4959,20683.02
100000,10240,59464,20426.00
1000000,10240,491130,16469.19
1000000,10240,441203,662.33
1000000,10240,24570,19925.66
100000,10240,69003,768.40
1000000,10240,168929,292.48
100000,10240,79405,23599.87
1000000,10240,438459,17705.28
100000,10240,62031,498.71
1000000,10240,599876,751.50
1000000,10240,543842,602.50
1000000,10240,339128,412.95
1000000,10240,955094,154.21
100000,10240,27938,20605.62
1000000,10240,888268,628.88
100000,10240,35235,608.24
100000,10240,22760,25122.01
1000000,10240,549706,18413.52
1000000,10240,186550,884.09
100000,10240,88302,343.90
100000,10240,39529,18893.95
100000,10240,34159,15735.06
100000,10240,39179,936.36
100000,10240,72692,33207.42
1000000,10240,16349,12777.68
1000000,10240,86205,669.70
1000000,10240,288909,525.69
100000,10240,59028,20028.33
100000,10240,30784,695.24
100000,10240,56822,426.32
1000000,10240,625935,9912.15
100000,10240,17884,28577.83
1000000,10240,654216,735.54
100000,10240,75511,694.03
1000000,10240,357356,31431.67
1000000,10240,623210,16036.79
100000,10240,15401,8216.00
100000,10240,20111,414.60
100000,10240,32975,12867.70
1000000,10240,960741,260.46
1000000,10240,608576,580.70
1000000,10240,793310,602.75
100000,10240,52513,712.55
100000,10240,63806,638.25
1000000,10240,650760,506.07
1000000,10240,150755,12577.34
100000,10240,18351,21724.88
1000000,10240,499988,23425.62
1000000,10240,208050,10122.71
100000,10240,72833,1326.20
1000000,10240,752110,842.70
1000000,10240,715339,679.71
1000000,10240,233249,440.60
1000000,10240,237336,24355.17
1000000,10240,140857,21030.60
100000,10240,49899,1198.93
100000,10240,54817,1562.14
100000,10240,72120,1525.74
1000000,10240,37827,14209.31
100000,10240,63167,2049.30
100000,10240,13785,20774.00
1000000,10240,277347,1124.95
1000000,10240,536603,14779.12
100000,10240,21465,16226.77
100000,10240,33491,9869.03
100000,10240,43904,17919.15
1000000,10240,728833,614.89
1000000,10240,419308,12409.02
1000000,10240,467723,797.72
1000000,10240,627580,498.50
1000000,10240,531607,524.66
100000,10240,22613,18755.32
100000,10240,54451,16600.38
100000,10240,33468,1081.99
100000,10240,30021,21482.83
1000000,10240,399670,498.75
1000000,10240,192984,1483.34
1000000,10240,910015,115.79
100000,10240,92464,1349.04
1000000,10240,511984,18508.98
1000000,10240,386643,23350.89
1000000,10240,939103,969.51
1000000,10240,369124,1217.42
100000,10240,29135,706.10
1000000,10240,5466,553.02
100000,10240,39467,1130.67
1000000,10240,952220,110.79
1000000,10240,547707,15625.23
1000000,10240,428631,549.77
100000,10240,80254,13730.15
1000000,10240,636956,735.59
100000,10240,6463,1209.31
100000,10240,77820,1198.15
100000,10240,10252,20058.55
1000000,10240,904682,20280.72
100000,10240,74085,994.34
1000000,10240,156532,507.41
1000000,10240,278527,884.05
100000,10240,35058,1436.14
100000,10240,50014,40656.20
100000,10240,89740,22156.92
1000000,10240,385364,12981.42
1000000,10240,88693,1444.69
100000,10240,6525,460.91
1000000,10240,129988,14879.75
1000000,10240,537700,1126.66
100000,10240,36002,846.73
100000,10240,40123,1182.10
100000,10240,74943,904.30
1000000,10240,359006,14339.59
1000000,10240,85390,18513.70
1000000,10240,579677,15406.81
1000000,10240,177336,800.59
1000000,10240,799995,770.26
100000,10240,13501,1244.59
100000,10240,86298,963.96
1000000,10240,30237,1136.19
100000,10240,44456,489.32
1000000,10240,191366,12508.55
100000,10240,96680,1473.36
100000,10240,60438,735.65
100000,10240,38829,14658.52
100000,10240,58800,19885.91
100000,10240,40250,16613.68
100000,10240,59925,20630.08
100000,10240,62759,19409.21
100000,10240,30950,20000.20
1000000,10240,349477,1346.47
100000,10240,89589,793.13
100000,10240,20365,1640.81
1000000,10240,583646,521.52
100000,10240,86474,725.13
100000,10240,67662,423.27
100000,10240,70776,8302.05
100000,10240,61995,797.61
100000,10240,34208,21310.19
1000000,10240,629138,771.29
100000,10240,80318,1284.66
100000,10240,23204,1556.20
100000,10240,88374,455.79
1000000,10240,742916,747.74
100000,10240,97322,910.25
100000,10240,24530,12773.29
100000,10240,38602,1024.55
1000000,10240,36012,12247.46
100000,10240,87650,1090.71
1000000,10240,459891,13103.12
100000,10240,1480,17388.04
100000,10240,98991,1388.54
100000,10240,62847,1101.73
1000000,10240,684610,522.58
1000000,10240,588922,19307.05
1000000,10240,787195,1247.10
1000000,10240,416029,31258.33
1000000,10240,940430,371.51
1000000,10240,445503,686.47
1000000,10240,335996,20194.57
100000,10240,16961,1086.41
100000,10240,80689,570.00
100000,10240,11738,500.76
1000000,10240,705097,558.11
100000,10240,72140,739.82
100000,10240,85097,774.96
100000,10240,81389,1013.67
1000000,10240,475557,850.55
100000,10240,89709,405.98
100000,10240,92084,660.60
100000,10240,44350,5372.12
100000,10240,45236,268.41
100000,10240,85990,769.35
1000000,10240,885974,83.60
100000,10240,95683,18893.48
100000,10240,20489,12748.97
1000000,10240,88759,751.40
100000,10240,57386,14110.87
1000000,10240,898909,326.78
100000,10240,50202,693.78
1000000,10240,134993,328.08
1000000,10240,465280,12372.37
100000,10240,41049,25846.74
100000,10240,30619,655.12
1000000,10240,30710,16746.40
100000,10240,36344,1706.50
1000000,10240,338689,1078.44
1000000,10240,980920,319.10
100000,10240,63273,445.97
100000,10240,64304,317.65
100000,10240,72447,332.03
1000000,10240,414254,29688.92
1000000,10240,236508,821.02
1000000,10240,950025,102.37
100000,10240,76379,18419.99
100000,10240,64248,1702.71
100000,10240,9808,1423.70
1000000,10240,906906,85.32
100000,10240,11413,1382.16
1000000,10240,963003,106.11
100000,10240,48418,18205.34
1000000,10240,172471,468.20
1000000,10240,573713,16503.04
1000000,10240,441550,16099.07
1000000,10240,977987,321.45
100000,10240,8333,17730.71
1000000,10240,793359,545.95
1000000,10240,806584,531.32
100000,10240,32949,503.28
1000000,10240,837480,273.21
100000,10240,42898,335.09
1000000,10240,6662,21468.82
100000,10240,63390,15627.22
1000000,10240,95385,17595.08
100000,10240,21579,19177.78
1000000,10240,613652,13645.00
100000,10240,12183,19679.52
100000,10240,1413,1136.45
1000000,10240,133370,529.26
1000000,10240,16929,17449.52
1000000,10240,142282,13313.17
1000000,10240,480067,637.15
1000000,10240,575069,24141.91
1000000,10240,47694,11088.02
1000000,10240,376687,20264.26
100000,10240,5938,585.40
100000,10240,21873,850.65
100000,10240,14927,11919.41
1000000,10240,892810,886.74
100000,10240,43150,520.25
1000000,10240,294736,13187.13
1000000,10240,80088,12308.61
1000000,10240,596711,689.84
100000,10240,66900,17115.36
100000,10240,65774,566.36
100000,10240,90289,355.89
100000,10240,59113,929.09
1000000,10240,273363,16028.33
100000,10240,86105,511.43
1000000,10240,419603,518.98
1000000,10240,470700,781.80
1000000,10240,212149,16610.45
1000000,10240,375481,339.60
1000000,10240,970457,295.32
1000000,10240,944625,191.05
100000,10240,80127,11983.59
100000,10240,65054,15813.99
100000,10240,30191,12480.16
100000,10240,23803,691.87
100000,10240,73342,507.82
100000,10240,44089,15513.62
100000,10240,10417,438.19
1000000,10240,4383,17943.47
1000000,10240,26775,13417.36
100000,10240,78154,893.56
1000000,10240,219955,495.08
100000,10240,99912,15748.72
100000,10240,2688,538.62
1000000,10240,994776,94.75
1000000,10240,415943,561.25
1000000,10240,81239,476.90
100000,10240,76735,404.69
100000,10240,82345,518.46
100000,10240,76966,430.63
1000000,10240,92830,24408.26
1000000,10240,798963,13340.87
100000,10240,55666,22155.83
1000000,10240,832673,724.28
100000,10240,80151,1392.14
1000000,10240,945991,101.41
1000000,10240,544287,533.25
1000000,10240,358163,13137.36
1000000,10240,88771,19413.38
100000,10240,82578,746.67
1000000,10240,199244,13462.09
1000000,10240,560134,487.14
100000,10240,78878,16222.76
1000000,10240,856223,754.04
1000000,10240,730824,517.94
100000,10240,36739,1070.99
100000,10240,49009,15371.90
100000,10240,96002,21002.34
1000000,10240,41675,14789.51
1000000,10240,116884,15741.19
100000,10240,21916,23151.08
100000,10240,54677,752.30
1000000,10240,694776,24505.25
100000,10240,17589,769.99
1000000,10240,712195,493.15
100000,10240,2979,19305.08
1000000,10240,113992,665.29
1000000,10240,259214,311.10
100000,10240,38254,985.88
1000000,10240,133402,19289.26
1000000,10240,646288,505.13
100000,10240,94348,13548.49
100000,10240,48864,10079.99
1000000,10240,109940,648.91
1000000,10240,749051,594.31
1000000,10240,212035,13270.58
100000,10240,98591,1101.04
100000,10240,91348,817.79
100000,10240,52694,21326.88
1000000,10240,560509,1133.31
100000,10240,16728,433.43
100000,10240,54568,726.66
1000000,10240,729762,463.24
100000,10240,82603,738.21
1000000,10240,546174,244.11
1000000,10240,370985,15056.95
1000000,10240,395400,11312.55
100000,10240,89228,4099.97
1000000,10240,130809,10762.44
100000,10240,97708,9363.01
1000000,10240,956687,296.36
1000000,10240,76453,11455.39
1000000,10240,598910,681.43
100000,10240,97735,16776.50
100000,10240,15448,1047.28
100000,10240,46674,899.60
1000000,10240,578406,352.14
1000000,10240,378083,38439.31
100000,10240,16912,875.55
1000000,10240,781853,449.60
100000,10240,75199,517.58
100000,10240,17392,586.16
100000,10240,39210,593.09
100000,10240,4244,10353.52
100000,10240,1743,21407.58
100000,10240,15191,13730.01
100000,10240,16762,457.29
1000000,10240,13765,8743.86
1000000,10240,423559,319.26
1000000,10240,985870,212.51
1000000,10240,594691,305.10
100000,10240,13935,676.76
100000,10240,6822,12257.69
1000000,10240,311327,355.16
1000000,10240,446370,20750.47
1000000,10240,451643,16536.05
1000000,10240,3234,907.21
100000,10240,49923,884.13
100000,10240,64124,347.10
100000,10240,29693,21968.71
100000,10240,29817,19181.30
100000,10240,84626,17458.38
1000000,10240,972608,391.25
100000,10240,35400,460.78
1000000,10240,694037,19304.99
1000000,10240,919752,341.00
100000,10240,11851,32803.37
100000,10240,93349,790.24
100000,10240,90394,13185.90
1000000,10240,986804,251.98
1000000,10240,471345,18357.86
1000000,10240,480995,22907.94
1000000,10240,569171,750.40
1000000,10240,693291,510.80
100000,10240,30340,19296.25
100000,10240,5116,13936.84
100000,10240,96614,20116.28
1000000,10240,765436,3491.73
100000,10240,65803,3077.36
1000000,10240,226458,45710.15
1000000,10240,145295,18595.07
1000000,10240,505468,19737.35
1000000,10240,425790,17323.08
1000000,10240,926503,850.20
1000000,10240,586181,13695.25
1000000,10240,850299,729.27
1000000,10240,767305,13885.09
1000000,10240,34963,694.00
1000000,10240,947004,318.20
100000,10240,79457,14943.87
100000,10240,37453,18725.45
1000000,10240,978912,368.53
100000,10240,48368,670.37
1000000,10240,669396,1287.69
1000000,10240,567719,1103.06
100000,10240,5882,447.44
100000,10240,61675,409.58
100000,10240,57925,889.34
1000000,10240,999340,92.97
1000000,10240,681805,1187.50
100000,10240,11953,456.94
100000,10240,73207,1079.38
100000,10240,22779,19591.99
100000,10240,9296,2097.59
1000000,10240,396811,16863.45
1000000,10240,891125,236.52
100000,10240,6826,14673.76
1000000,10240,692792,15726.61
100000,10240,87394,1846.94
100000,10240,85461,615.31
100000,10240,59241,579.40
100000,10240,42437,15753.34
1000000,10240,700901,18371.29
1000000,10240,617363,983.03
100000,10240,78005,1175.13
1000000,10240,305202,14880.79
100000,10240,89006,11369.73
100000,10240,58121,1710.85
100000,10240,14316,14005.14
1000000,10240,225422,16821.30
100000,10240,34452,19478.18
1000000,10240,143294,20283.85
1000000,10240,118887,11847.11
100000,10240,7818,9974.59
1000000,10240,893605,545.00
100000,10240,66462,1256.83
1000000,10240,31394,15119.94
1000000,10240,953412,319.83
100000,10240,16492,20101.84
1000000,10240,392901,945.26
1000000,10240,246580,945.27
1000000,10240,770627,574.52
1000000,10240,987210,82.57
1000000,10240,144360,1115.78
100000,10240,67193,23052.28
1000000,10240,848330,862.20
1000000,10240,712989,730.30
100000,10240,44966,656.35
1000000,10240,440586,1084.93
100000,10240,59614,927.13
100000,10240,32271,432.77
1000000,10240,888704,93.30
1000000,10240,131824,505.01
1000000,10240,830248,375.00
100000,10240,44238,597.99
1000000,10240,27498,17645.50
100000,10240,30437,22010.98
100000,10240,23332,12213.56
100000,10240,69888,11401.13
100000,10240,95146,796.40
100000,10240,75499,17061.83
100000,10240,81018,1495.36
100000,10240,5322,346.97
100000,10240,73420,511.30
1000000,10240,177160,693.57
1000000,10240,894762,206.50
100000,10240,64437,17180.30
100000,10240,73202,30853.99
1000000,10240,347401,20691.48
100000,10240,82203,13032.66
100000,10240,17984,1062.70
100000,10240,98440,14585.46
100000,10240,91857,1189.53
100000,10240,6932,1844.13
1000000,10240,176578,13748.86
100000,10240,39955,1710.26
1000000,10240,80534,17840.01
100000,10240,66524,22889.20
100000,10240,95885,669.22
1000000,10240,644259,870.16
1000000,10240,805142,559.01
1000000,10240,991635,132.09
100000,10240,10070,24331.39
100000,10240,45093,1400.74
100000,10240,98735,506.41
1000000,10240,338400,14415.90
100000,10240,96437,738.07
100000,10240,69721,10886.09
1000000,10240,905352,229.80
100000,10240,33862,12056.13
100000,10240,82208,10989.23
100000,10240,3373,759.85
100000,10240,41704,570.51
1000000,10240,711259,12967.83
1000000,10240,614633,540.67
1000000,10240,221921,509.89
100000,10240,79129,8221.96
100000,10240,91987,840.10
1000000,10240,37609,1112.23
1000000,10240,89,10602.63
1000000,10240,567059,15915.26
100000,10240,22645,645.38
1000000,10240,763589,22437.20
100000,10240,88753,1412.00
100000,10240,59759,974.32
1000000,10240,899987,322.49
100000,10240,60994,27715.66
1000000,10240,987228,285.28
100000,10240,94633,559.36
1000000,10240,166140,9238.85
100000,10240,63470,422.02
1000000,10240,954547,83.25
1000000,10240,195617,7520.27
100000,10240,91495,21738.17
1000000,10240,548991,17378.09
1000000,10240,371129,13678.58
1000000,10240,823356,430.06
100000,10240,53363,529.96
1000000,10240,272148,12675.14
100000,10240,51833,12232.56
100000,10240,47087,14091.37
100000,10240,14253,15602.07
100000,10240,70966,514.86
100000,10240,17103,22009.91
1000000,10240,917750,293.43
1000000,10240,854602,11618.23
100000,10240,75082,994.46
100000,10240,60068,20840.12
1000000,10240,785663,625.57
100000,10240,6653,519.26
1000000,10240,793820,404.97
1000000,10240,157482,9594.46
1000000,10240,243697,15992.85
100000,10240,26318,650.37
100000,10240,96542,26446.43
1000000,10240,486501,59444.94
100000,10240,41012,760.40
100000,10240,13848,24660.95
1000000,10240,757703,725.12
100000,10240,30959,16709.97
1000000,10240,690282,589.46
100000,10240,96100,531.57
1000000,10240,858961,515.38
1000000,10240,624144,271.53
100000,10240,81183,12882.38
100000,10240,95321,637.69
1000000,10240,12361,424.65
100000,10240,38770,14540.97
100000,10240,65178,1325.08
100000,10240,71611,1041.22
100000,10240,98665,17544.01
100000,10240,68118,873.57
1000000,10240,438738,16918.17
1000000,10240,72866,14659.36
100000,10240,80939,1283.66
1000000,10240,277611,527.59
100000,10240,22662,17869.81
1000000,10240,220235,14683.38
1000000,10240,511088,562.39
1000000,10240,183602,14708.17
1000000,10240,521986,409.02
100000,10240,77833,421.12
100000,10240,43481,939.12
1000000,10240,504667,20200.96
100000,10240,32487,23281.28
1000000,10240,891115,459.80
100000,10240,43684,15723.68
100000,10240,24083,1092.55
100000,10240,77840,803.59
1000000,10240,928390,93.94
100000,10240,37752,349.94
100000,10240,44597,13107.52
1000000,10240,965162,281.77
100000,10240,66366,780.62
100000,10240,77846,19570.97
1000000,10240,298752,533.53
100000,10240,76638,1571.81
1000000,10240,202312,16086.58
100000,10240,96605,640.34
100000,10240,11284,556.34
1000000,10240,808010,286.81
1000000,10240,738246,12236.93
1000000,10240,573338,529.43
100000,10240,64923,11738.21
1000000,10240,401798,11832.38
1000000,10240,872957,587.84
100000,10240,29430,744.91
1000000,10240,652126,390.46
1000000,10240,126737,8956.41
100000,10240,55194,28063.99
100000,10240,16683,789.65
1000000,10240,718008,615.01
1000000,10240,24829,11003.47
100000,10240,91866,15937.80
100000,10240,63795,625.93
100000,10240,57560,1038.91
1000000,10240,62857,21525.18
100000,10240,70673,1000.64
100000,10240,20174,13436.07
100000,10240,63469,852.10
1000000,10240,670538,16538.33
1000000,10240,956352,213.46
100000,10240,5596,16589.02
1000000,10240,218964,23363.46
100000,10240,24523,1309.57
1000000,10240,247879,23449.77
100000,10240,46160,26749.47
1000000,10240,957331,309.80
100000,10240,17200,702.95
1000000,10240,336002,410.11
100000,10240,10494,18862.05
1000000,10240,193194,24137.57
100000,10240,40043,612.25
1000000,10240,824154,407.77
100000,10240,75965,1189.27
1000000,10240,679778,20268.59
1000000,10240,832978,580.84
1000000,10240,554552,13710.00
1000000,10240,180638,20831.90
100000,10240,82595,1063.99
1000000,10240,110338,684.19
100000,10240,90471,913.17
1000000,10240,225247,15436.98
1000000,10240,928203,324.15
1000000,10240,549543,584.08
100000,10240,49440,17551.56
100000,10240,93588,15143.54
1000000,10240,70369,8781.37
100000,10240,463,578.24
1000000,10240,815565,22821.36
1000000,10240,674933,13850.18
1000000,10240,1760,607.15
1000000,10240,168870,840.80
1000000,10240,260810,12230.69
100000,10240,90052,9532.04
1000000,10240,220686,16750.22
100000,10240,26724,650.76
100000,10240,26326,817.04
100000,10240,73801,15710.50
100000,10240,72357,433.30
1000000,10240,271952,12165.22
100000,10240,30128,734.16
100000,10240,50434,454.53
1000000,10240,255517,15772.70
100000,10240,81289,32394.78
100000,10240,28329,962.40
1000000,10240,256089,14525.37
1000000,10240,384936,12113.28
1000000,10240,919865,340.02
1000000,10240,228387,9664.55
100000,10240,39651,14716.66
1000000,10240,921860,257.70
100000,10240,6827,959.41
100000,10240,29603,984.84
100000,10240,33408,525.26
100000,10240,52279,40303.12
100000,10240,85572,1072.00
100000,10240,88027,645.21
1000000,10240,387063,19121.78
1000000,10240,399985,664.93
1000000,10240,797429,574.87
1000000,10240,948679,228.12
100000,10240,83839,293.83
1000000,10240,750534,9535.31
1000000,10240,520021,771.39
1000000,10240,730322,697.80
100000,10240,61228,8808.43
100000,10240,95272,694.76
1000000,10240,253578,12685.00
1000000,10240,953217,327.95
1000000,10240,769038,695.08
1000000,10240,183906,616.76
100000,10240,70854,549.96
100000,10240,1382,17140.25
100000,10240,42964,1161.10
1000000,10240,988261,227.41
100000,10240,15963,10369.57
1000000,10240,985868,144.37
100000,10240,2552,10977.58
100000,10240,69391,622.18
1000000,10240,821866,598.27
1000000,10240,720724,11527.64
1000000,10240,824952,834.83
100000,10240,77874,1875.48
100000,10240,33405,13021.68
1000000,10240,310759,12236.11
1000000,10240,347302,25432.21
1000000,10240,162240,24485.85
100000,10240,39226,15928.60
100000,10240,88965,1509.30
1000000,10240,417654,1406.28
1000000,10240,874627,1459.65
1000000,10240,557695,1802.55
100000,10240,11662,18842.22
1000000,10240,217180,14630.27
1000000,10240,742479,705.57
1000000,10240,62621,15598.58
100000,10240,3201,20344.40
100000,10240,62908,1278.01
1000000,10240,402722,414.13
1000000,10240,766493,21025.88
1000000,10240,151448,840.19
1000000,10240,957464,232.58
100000,10240,33386,1011.73
100000,10240,62739,12662.63
1000000,10240,801045,824.17
1000000,10240,109380,730.33
100000,10240,52286,1029.15
100000,10240,45237,592.83
1000000,10240,479653,679.30
100000,10240,83634,1171.73
100000,10240,79450,1696.51
100000,10240,64629,959.18
1000000,10240,460272,464.31
100000,10240,71258,608.70
100000,10240,22047,16736.19
100000,10240,78696,26000.97
100000,10240,61592,736.50
1000000,10240,477564,602.39
100000,10240,62873,448.25
100000,10240,6903,534.36
100000,10240,18985,10818.69
100000,10240,15825,1383.24
1000000,10240,948185,309.69
100000,10240,84080,21271.63
1000000,10240,964853,319.26
100000,10240,29588,1322.72
1000000,10240,914447,107.14
100000,10240,67403,627.37
1000000,10240,87129,24974.85
100000,10240,88503,1148.31
1000000,10240,519871,15736.52
1000000,10240,548273,1152.80
1000000,10240,775615,20843.91
1000000,10240,711249,945.74
100000,10240,83705,1593.06
100000,10240,11813,15327.03
1000000,10240,503805,13166.60
1000000,10240,636461,16966.94
100000,10240,18465,16197.90
100000,10240,65683,13366.36
100000,10240,41681,942.48
1000000,10240,621686,498.13
1000000,10240,470046,15804.45
1000000,10240,744144,1364.41
1000000,10240,379687,1291.79
100000,10240,76435,632.43
1000000,10240,1055,774.33
100000,10240,64679,14076.99
100000,10240,25525,21495.37
100000,10240,83948,13035.06
100000,10240,2914,23649.91
1000000,10240,928355,296.64
100000,10240,97404,903.79
100000,10240,37606,20265.68
100000,10240,82132,35357.99
100000,10240,77236,1273.48
1000000,10240,867776,16119.37
1000000,10240,561988,668.14
1000000,10240,807562,630.91
100000,10240,37239,447.35
1000000,10240,587789,718.61
1000000,10240,459876,710.14
1000000,10240,101546,19197.12
1000000,10240,376007,1248.67
100000,10240,55057,1473.29
1000000,10240,478364,759.07
100000,10240,66967,16501.77
1000000,10240,897859,334.40
1000000,10240,858602,400.28
100000,10240,41120,1118.66
100000,10240,78861,16705.01
100000,10240,60469,20511.50
1000000,10240,849355,821.54
1000000,10240,397993,552.50
100000,10240,73404,575.32
100000,10240,78694,728.62
100000,10240,92531,602.09
100000,10240,88781,15374.48
1000000,10240,846112,611.63
1000000,10240,825455,1258.02
1000000,10240,220869,22541.98
100000,10240,61487,1091.72
1000000,10240,698806,11444.71
1000000,10240,967021,354.37
100000,10240,63898,861.50
1000000,10240,424211,24900.76
100000,10240,31439,15066.85
100000,10240,69066,17644.93
1000000,10240,136113,925.37
1000000,10240,14286,998.62
1000000,10240,203846,317.11
100000,10240,80256,443.30
100000,10240,51864,10709.62
1000000,10240,64934,614.86
100000,10240,60838,557.55
100000,10240,73526,398.62
1000000,10240,578235,381.09
100000,10240,29144,13771.89
100000,10240,19420,658.33
100000,10240,7035,17063.37
1000000,10240,106043,17393.04
100000,10240,17727,11356.08
1000000,10240,715234,579.44
100000,10240,51181,12501.39
1000000,10240,519238,792.36
100000,10240,78802,596.74
100000,10240,67070,808.88
100000,10240,37664,838.62
1000000,10240,526251,11856.75
100000,10240,44739,990.50
1000000,10240,730115,354.60
100000,10240,1257,15873.92
100000,10240,63373,18336.16
1000000,10240,945233,290.13
100000,10240,45033,13685.77
100000,10240,32092,459.35
1000000,10240,834515,500.34
1000000,10240,105901,12249.23
100000,10240,37982,1044.85
1000000,10240,818941,14612.20
1000000,10240,936389,324.07
1000000,10240,67755,14562.23
100000,10240,85561,923.36
100000,10240,54627,385.88
100000,10240,58034,1049.81
1000000,10240,454721,320.97
1000000,10240,896086,377.27
100000,10240,79777,678.90
100000,10240,47325,14972.80
100000,10240,36780,14540.38
100000,10240,77826,1057.73
100000,10240,26794,17201.25
100000,10240,46392,18235.22
1000000,10240,326806,623.86
100000,10240,23647,19707.01
1000000,10240,738857,1044.67
100000,10240,90814,580.15
100000,10240,1807,520.43
100000,10240,97922,10726.13
100000,10240,79463,15068.85
1000000,10240,14923,15005.56
100000,10240,85599,834.94
1000000,10240,654753,510.96
100000,10240,67861,11612.00
100000,10240,71372,911.54
100000,10240,88877,493.67
100000,10240,50493,694.45
1000000,10240,382201,21607.59
100000,10240,19942,20391.44
100000,10240,51520,701.87
100000,10240,30427,17643.14
1000000,10240,523212,21503.18
100000,10240,17907,757.63
1000000,10240,828249,820.72
1000000,10240,388865,16126.70
100000,10240,5936,16765.01
1000000,10240,917544,379.25
100000,10240,68125,1270.15
100000,10240,12853,461.81
100000,10240,46955,20541.88
100000,10240,77894,946.15
100000,10240,63916,1078.52
100000,10240,6975,813.00
1000000,10240,430187,19766.56
100000,10240,60374,11831.45
100000,10240,72653,690.26
1000000,10240,231081,23354.42
100000,10240,49160,836.52
100000,10240,58429,20721.84
100000,10240,29109,14442.51
1000000,10240,775112,652.53
100000,10240,53856,500.01
1000000,10240,170753,12112.11
100000,10240,83202,830.95
1000000,10240,628441,687.94
100000,10240,12360,561.38
1000000,10240,677388,19629.36
1000000,10240,51521,18244.14
1000000,10240,97795,13653.01
100000,10240,7398,16820.97
100000,10240,29110,744.72
100000,10240,87235,553.92
100000,10240,38112,39395.26
100000,10240,2960,18996.92
100000,10240,68464,18964.78
1000000,10240,619665,564.94
1000000,10240,89170,597.24
100000,10240,78172,476.28
100000,10240,4799,17491.49
1000000,10240,705486,503.55
100000,10240,87691,470.39
1000000,10240,464620,308.79
100000,10240,83130,1086.78
1000000,10240,125766,15569.17
1000000,10240,186650,12889.52
1000000,10240,454894,647.10
1000000,10240,594191,17214.87
1000000,10240,135753,17575.40
100000,10240,10625,1082.67
1000000,10240,244131,609.48
1000000,10240,173699,17846.11
100000,10240,56372,24003.71
100000,10240,57654,26818.17
1000000,10240,796041,21156.12
1000000,10240,655119,596.30
1000000,10240,655879,511.61
1000000,10240,807437,12844.31
1000000,10240,938206,241.73
100000,10240,39834,14347.77
1000000,10240,739354,16352.66
100000,10240,30162,462.92
1000000,10240,148592,25564.37
100000,10240,55164,12712.51
1000000,10240,635984,343.69
1000000,10240,200992,17346.63
100000,10240,44815,285.43
100000,10240,15376,14136.02
100000,10240,78366,321.39
1000000,10240,184970,9991.18
100000,10240,455,20038.54
100000,10240,34524,359.86
1000000,10240,124122,343.84
100000,10240,91924,13519.17
1000000,10240,406968,15137.85
100000,10240,95451,285.09
1000000,10240,682872,306.77
100000,10240,28474,306.77
1000000,10240,837818,286.35
1000000,10240,258,8547.11
1000000,10240,332924,14320.47
1000000,10240,794617,278.67
1000000,10240,410059,279.07
1000000,10240,12468,582.37
100000,10240,191,295.92
1000000,10240,587711,292.05
1000000,10240,592867,300.72
100000,10240,19127,27499.43
100000,10240,37196,342.55
100000,10240,43207,13703.61
1000000,10240,123792,538.85
100000,10240,82074,17043.13
100000,10240,24352,20828.48
1000000,10240,931219,375.54
1000000,10240,875744,693.09
1000000,10240,968424,299.54
100000,10240,43899,14694.51
100000,10240,21877,588.29
100000,10240,63208,19656.35
100000,10240,50556,1080.31
1000000,10240,186138,927.90
1000000,10240,250725,887.09
1000000,10240,87859,13683.70
100000,10240,4288,607.37
1000000,10240,157726,15344.24
1000000,10240,595833,819.72
100000,10240,98885,1419.41
100000,10240,4947,796.30
100000,10240,26237,1470.27
1000000,10240,25420,12861.21
100000,10240,43452,761.29
100000,10240,39562,1323.56
1000000,10240,423589,24750.55
100000,10240,54987,13464.17
100000,10240,45640,1670.17
100000,10240,92041,1804.98
1000000,10240,658840,569.19
1000000,10240,199372,7392.12
100000,10240,90023,19848.46
100000,10240,87062,20283.50
1000000,10240,707784,2298.32
100000,10240,38739,543.34
100000,10240,67181,1605.65
1000000,10240,494797,508.43
100000,10240,53090,13284.24
100000,10240,8163,733.14
1000000,10240,258779,513.62
100000,10240,72420,1565.93
1000000,10240,502983,16737.44
100000,10240,73685,9949.80
100000,10240,27659,19247.23
100000,10240,74420,1828.70
1000000,10240,959552,225.89
100000,10240,46163,839.82
100000,10240,10819,1193.28
100000,10240,62888,1008.72
1000000,10240,144787,530.75
100000,10240,72737,14755.21
100000,10240,31745,819.46
1000000,10240,191605,864.81
100000,10240,26485,1512.51
1000000,10240,78628,631.66
100000,10240,87679,17756.48
100000,10240,10209,15915.96
100000,10240,30512,1019.23
1000000,10240,304777,1294.98
1000000,10240,477131,674.56
100000,10240,58610,748.08
1000000,10240,367271,671.04
1000000,10240,489097,1017.18
100000,10240,69603,435.80
100000,10240,53528,1471.66
1000000,10240,772714,649.18
1000000,10240,491507,15534.32
1000000,10240,840215,691.35
1000000,10240,819056,953.32
1000000,10240,846302,692.72
1000000,10240,263443,16849.48
100000,10240,4561,829.09
100000,10240,6416,21637.78
1000000,10240,544918,944.64
100000,10240,43286,649.48
1000000,10240,22301,35569.94
100000,10240,9876,16897.43
1000000,10240,197833,17347.31
100000,10240,26181,759.08
1000000,10240,495523,684.92
100000,10240,34237,638.55
1000000,10240,16265,576.23
100000,10240,27532,1285.24
100000,10240,79254,456.23
1000000,10240,468957,746.39
100000,10240,97117,461.82
100000,10240,94329,15527.84
100000,10240,87881,21227.83
100000,10240,71529,783.48
1000000,10240,662951,557.76
1000000,10240,800530,742.83
1000000,10240,953875,92.73
100000,10240,33082,870.35
1000000,10240,307804,17626.32
1000000,10240,561519,12351.10
1000000,10240,189989,730.75
100000,10240,93970,16305.35
100000,10240,9096,22706.55
1000000,10240,312501,17758.77
100000,10240,56881,882.17
1000000,10240,506154,27186.62
100000,10240,57325,9994.03
100000,10240,79993,1401.77
1000000,10240,626116,584.89
100000,10240,15587,1114.61
1000000,10240,198033,13610.07
1000000,10240,984630,226.62
100000,10240,52990,10501.93
100000,10240,93635,1328.32
1000000,10240,107916,17227.74
100000,10240,39967,13654.20
100000,10240,46913,1016.28
1000000,10240,877885,781.82
100000,10240,88635,1080.78
1000000,10240,337287,14656.48
1000000,10240,203721,18214.54
100000,10240,91388,1437.48
1000000,10240,415645,26931.17
1000000,10240,253162,24684.91
1000000,10240,254948,15903.82
100000,10240,6758,1681.07
1000000,10240,496219,661.46
1000000,10240,849566,15538.49
1000000,10240,190330,924.14
100000,10240,41771,15378.77
100000,10240,52184,30121.80
1000000,10240,185793,901.18
100000,10240,31147,1423.42
100000,10240,17009,643.82
100000,10240,59054,659.85
1000000,10240,948083,94.38
1000000,10240,885752,394.00
100000,10240,52531,479.56
100000,10240,39857,639.28
100000,10240,84072,946.72
1000000,10240,526449,737.60
100000,10240,74395,14566.90
1000000,10240,634330,804.88
1000000,10240,707835,954.54
100000,10240,4944,12821.00
1000000,10240,274056,18294.16
100000,10240,28939,19279.90
100000,10240,17172,21277.42
1000000,10240,177961,20210.08
1000000,10240,809043,773.86
100000,10240,18964,14716.40
100000,10240,28903,499.76
1000000,10240,590503,699.49
1000000,10240,769584,457.76
1000000,10240,387272,473.23
1000000,10240,804126,17249.37
100000,10240,22738,10087.59
100000,10240,11226,525.65
1000000,10240,209436,678.42
100000,10240,71364,1093.21
100000,10240,58856,936.35
100000,10240,68151,1103.53
1000000,10240,635615,403.57
100000,10240,1170,19018.83
1000000,10240,654974,626.30
1000000,10240,436175,10618.21
1000000,10240,493670,21377.01
100000,10240,62737,1077.31
100000,10240,18434,12146.07
100000,10240,75456,13891.05
100000,10240,20287,9851.00
1000000,10240,665506,709.97
100000,10240,50209,1081.37
100000,10240,32189,424.38
100000,10240,11362,313.29
1000000,10240,213824,19731.40
100000,10240,59606,801.85
1000000,10240,694447,11991.61
1000000,10240,527900,14792.08
1000000,10240,424745,536.97
1000000,10240,683357,18423.92
100000,10240,35916,535.54
1000000,10240,266893,457.12
1000000,10240,485365,10107.40
1000000,10240,120213,21060.40
100000,10240,75766,15646.20
1000000,10240,293276,491.10
1000000,10240,295536,11476.69
100000,10240,87486,1295.56
100000,10240,28992,783.61
100000,10240,74572,941.41
1000000,10240,251696,647.69
1000000,10240,482711,302.17
1000000,10240,788371,315.15
100000,10240,19692,431.33
100000,10240,19848,12755.10
1000000,10240,514807,437.39
1000000,10240,291554,20945.99
1000000,10240,186814,15496.81
100000,10240,7144,10918.09
100000,10240,93089,19485.07
1000000,10240,102046,479.35
1000000,10240,823408,14609.22
1000000,10240,358143,20089.67
1000000,10240,104766,19494.83
1000000,10240,801215,11415.08
1000000,10240,793531,528.20
1000000,10240,9958,18041.02
100000,10240,83574,1115.33
1000000,10240,273951,585.65
100000,10240,59446,476.72
1000000,10240,229988,299.41
100000,10240,14334,15745.16
1000000,10240,832106,473.82
1000000,10240,114466,20934.47
1000000,10240,151352,20541.89
100000,10240,13453,17046.15
1000000,10240,957954,301.95
100000,10240,6000,47597.79
100000,10240,52150,814.97
100000,10240,31188,17345.25
100000,10240,58536,32807.41
100000,10240,39722,1236.03
100000,10240,7026,402.22
100000,10240,51472,440.61
1000000,10240,755582,20554.05
1000000,10240,817823,288.08
100000,10240,12097,13051.79
100000,10240,22701,824.26
1000000,10240,638996,15357.82
1000000,10240,163984,20243.01
100000,10240,43036,21977.27
1000000,10240,876129,393.50
1000000,10240,452376,674.98
1000000,10240,704827,24783.28
1000000,10240,486449,747.66
100000,10240,88338,835.17
100000,10240,78352,1133.04
1000000,10240,428902,293.80
1000000,10240,136889,19283.43
1000000,10240,980693,339.30
100000,10240,70206,11977.01
1000000,10240,886056,322.78
1000000,10240,761260,325.16
1000000,10240,402099,19403.31
100000,10240,91804,993.11
100000,10240,88288,12438.92
100000,10240,76460,1167.80
100000,10240,24426,13403.04
1000000,10240,928606,134.12
1000000,10240,436535,14798.82
1000000,10240,536196,599.16
100000,10240,22241,1008.34
100000,10240,96233,563.50
1000000,10240,945439,94.75
1000000,10240,686433,406.48
100000,10240,4278,22444.02
1000000,10240,29169,593.57
1000000,10240,638328,500.99
1000000,10240,504201,665.59
1000000,10240,652542,14521.32
1000000,10240,417589,16479.88
100000,10240,61000,682.92
100000,10240,64032,1211.00
1000000,10240,499377,524.56
100000,10240,67550,721.48
1000000,10240,80418,11761.27
1000000,10240,894877,99.41
1000000,10240,783945,15003.87
100000,10240,31722,937.91
100000,10240,71582,986.70
100000,10240,6599,12937.63
100000,10240,55139,1097.03
1000000,10240,303527,15602.87
100000,10240,8950,746.06
1000000,10240,293042,18121.21
1000000,10240,994578,262.76
100000,10240,92974,12033.46
100000,10240,33901,737.39
100000,10240,85814,417.62
100000,10240,33422,738.56
1000000,10240,351109,14361.46
1000000,10240,700822,615.77
100000,10240,4400,19469.60
1000000,10240,697557,550.97
100000,10240,10302,437.91
1000000,10240,446390,18158.02
100000,10240,32778,16114.21
100000,10240,64511,1010.29
100000,10240,86594,373.12
100000,10240,71376,775.74
1000000,10240,536561,18465.34
1000000,10240,728234,618.13
1000000,10240,230569,395.37
100000,10240,82352,6337.74
100000,10240,95317,12305.08
1000000,10240,57076,24415.42
100000,10240,65836,888.90
100000,10240,81232,916.56
100000,10240,89983,398.54
1000000,10240,262573,429.72
100000,10240,62420,301.07
100000,10240,87841,450.34
1000000,10240,899343,88.20
1000000,10240,511265,16494.22
1000000,10240,197296,737.38
100000,10240,75493,23235.63
100000,10240,47943,967.22
100000,10240,37777,15543.45
100000,10240,31182,17775.17
1000000,10240,537395,16757.43
1000000,10240,322979,22130.88
1000000,10240,688976,19355.95
1000000,10240,554844,679.61
100000,10240,38628,815.54
100000,10240,79299,11011.62
100000,10240,50917,28305.10
1000000,10240,829420,628.16
1000000,10240,967890,319.87
1000000,10240,712930,370.10
1000000,10240,595213,17495.72
100000,10240,14029,25124.01
1000000,10240,396211,15382.12
1000000,10240,353637,14627.89
100000,10240,21884,957.27
100000,10240,19555,12493.77
100000,10240,35018,1507.39
1000000,10240,273383,19405.92
1000000,10240,995796,239.63
1000000,10240,100713,556.31
1000000,10240,277395,1412.66
1000000,10240,105002,1585.74
1000000,10240,875564,150.07
1000000,10240,288115,14426.49
1000000,10240,520719,1262.11
100000,10240,30115,7792.03
1000000,10240,593194,696.45
1000000,10240,468472,687.26
1000000,10240,806389,611.64
100000,10240,25703,17185.48
1000000,10240,673067,1257.92
1000000,10240,854886,628.30
100000,10240,34116,984.85
1000000,10240,442320,566.39
1000000,10240,296012,9948.86
1000000,10240,588130,16610.83
1000000,10240,169244,653.51
100000,10240,90477,557.62
1000000,10240,614841,14530.84
1000000,10240,842942,900.88
1000000,10240,372235,21513.29
1000000,10240,33842,980.15
100000,10240,1607,1371.03
100000,10240,68495,18929.31
1000000,10240,565987,20903.62
100000,10240,76622,1191.01
1000000,10240,243157,1072.22
100000,10240,79471,811.75
1000000,10240,791714,688.59
1000000,10240,25190,20337.66
100000,10240,10011,466.77
1000000,10240,111600,955.43
100000,10240,44399,22104.46
100000,10240,75000,490.72
100000,10240,13113,17355.31
1000000,10240,134425,1135.81
1000000,10240,217633,1364.98
100000,10240,59302,17197.47
1000000,10240,235206,19871.34
100000,10240,45537,875.92
100000,10240,62205,1270.04
1000000,10240,904318,206.38
100000,10240,85394,17743.55
1000000,10240,412423,886.56
1000000,10240,860623,13998.88
1000000,10240,545611,19085.65
1000000,10240,310194,810.23
1000000,10240,853527,1259.23
100000,10240,95360,1382.91
1000000,10240,549577,14903.19
100000,10240,69637,968.73
1000000,10240,93992,13356.67
1000000,10240,435571,1128.42
100000,10240,81948,1020.24
1000000,10240,148140,657.27
100000,10240,20195,13410.66
1000000,10240,343874,18363.40
1000000,10240,616472,611.87
100000,10240,50096,7673.73
1000000,10240,175161,16991.33
100000,10240,76569,957.41
100000,10240,77147,822.50
1000000,10240,889092,339.39
100000,10240,75168,33328.93
1000000,10240,389759,13816.52
1000000,10240,828519,915.45
1000000,10240,235372,549.50
100000,10240,4855,766.46
100000,10240,12015,42442.74
1000000,10240,444336,832.42
1000000,10240,305364,21019.01
1000000,10240,864776,1017.61
1000000,10240,226053,688.85
1000000,10240,282243,9298.45
1000000,10240,813166,606.10
1000000,10240,470888,756.26
1000000,10240,661875,672.72
100000,10240,39309,21830.76
1000000,10240,994261,346.44
1000000,10240,446800,26008.83
1000000,10240,145251,12221.97
100000,10240,36335,1284.80
1000000,10240,588041,37241.83
100000,10240,59372,18456.31
1000000,10240,420415,9499.58
1000000,10240,30990,970.90
100000,10240,89487,1054.15
1000000,10240,874756,31864.76
100000,10240,69125,656.13
1000000,10240,771137,513.77
100000,10240,17536,14025.98
1000000,10240,200445,566.86
1000000,10240,296951,13227.16
1000000,10240,332369,21808.77
100000,10240,6764,2880.55
100000,10240,48944,730.84
100000,10240,85799,15292.84
1000000,10240,496754,711.70
1000000,10240,200814,13678.82
100000,10240,15682,14010.38
100000,10240,38477,16025.14
100000,10240,88815,641.24
100000,10240,13176,28011.58
1000000,10240,883571,668.34
1000000,10240,193818,636.32
1000000,10240,313267,352.65
1000000,10240,962865,231.94
100000,10240,43721,660.43
1000000,10240,768678,304.16
1000000,10240,664555,9416.06
1000000,10240,832773,720.54
100000,10240,14160,31205.70
100000,10240,57372,757.56
100000,10240,75674,600.75
1000000,10240,941526,108.23
1000000,10240,282956,322.41
1000000,10240,764305,745.41
1000000,10240,371910,37859.38
100000,10240,568,757.55
1000000,10240,400536,16273.43
1000000,10240,126120,22208.91
100000,10240,82150,10603.64
100000,10240,77662,1030.66
100000,10240,47483,414.41
100000,10240,37762,350.29
100000,10240,24356,22300.02
100000,10240,87994,13975.80
100000,10240,29390,14542.92
100000,10240,89158,1326.30
1000000,10240,56986,624.80
100000,10240,42358,588.03
100000,10240,4152,21659.67
1000000,10240,278663,2890.09
1000000,10240,101295,19389.31
1000000,10240,420422,645.39
1000000,10240,7804,18481.37
1000000,10240,512867,19753.65
1000000,10240,212832,951.93
100000,10240,58436,1852.93
100000,10240,57983,12526.71
1000000,10240,941243,347.00
100000,10240,74277,632.85
1000000,10240,715520,13556.10
1000000,10240,846188,520.74
100000,10240,36913,12903.42
100000,10240,88930,18990.46
100000,10240,12676,833.05
100000,10240,93079,14999.15
1000000,10240,995151,145.57
1000000,10240,104117,12002.51
100000,10240,84466,706.93
100000,10240,91311,17040.69
1000000,10240,600554,15588.22
100000,10240,59510,902.66
100000,10240,56155,429.30
100000,10240,63471,12856.62
100000,10240,34018,442.56
1000000,10240,640907,420.79
100000,10240,79516,769.61
1000000,10240,31436,13595.68
100000,10240,31886,19258.74
100000,10240,64451,14243.17
100000,10240,52581,25955.71
1000000,10240,487402,24856.08
100000,10240,97799,4126.44
100000,10240,3324,21978.99
100000,10240,16429,14554.13
100000,10240,49436,12401.56
1000000,10240,479989,454.12
1000000,10240,938384,251.47
100000,10240,60909,1026.06
100000,10240,18754,28469.61
1000000,10240,207488,36417.30
1000000,10240,911182,482.81
1000000,10240,509917,19798.40
100000,10240,93325,637.49
100000,10240,77993,16228.89
1000000,10240,844311,631.26
1000000,10240,642182,624.13
100000,10240,47241,13318.83
1000000,10240,91468,13566.27
1000000,10240,255592,707.92
1000000,10240,666876,283.40
1000000,10240,182112,365.30
1000000,10240,685720,383.68
100000,10240,52872,502.29
100000,10240,47526,903.68
100000,10240,716,17028.48
100000,10240,14064,11401.85
1000000,10240,343367,16932.59
100000,10240,53707,17541.48
100000,10240,97449,24543.73
100000,10240,2498,21209.03
1000000,10240,7246,17839.33
1000000,10240,448901,626.94
1000000,10240,926270,344.56
1000000,10240,319987,14659.92
100000,10240,88724,1471.56
100000,10240,23992,717.93
100000,10240,55724,13033.05
100000,10240,38729,17611.37
100000,10240,54651,26177.68
100000,10240,62014,16849.33
100000,10240,17395,582.40
100000,10240,57132,954.24
1000000,10240,74200,13097.57
1000000,10240,466740,16890.24
100000,10240,86438,1002.39
100000,10240,9452,546.94
1000000,10240,711572,286.20
1000000,10240,520855,30000.67
100000,10240,9862,25675.75
1000000,10240,527587,853.64
100000,10240,89662,752.71
1000000,10240,739893,435.52
1000000,10240,254432,18031.47
1000000,10240,836212,789.81
100000,10240,20210,1021.57
1000000,10240,964557,251.55
1000000,10240,338542,24594.47
1000000,10240,692502,15045.37
1000000,10240,830116,1276.44
1000000,10240,258965,1264.18
100000,10240,98077,965.27
1000000,10240,135492,15869.34
1000000,10240,521690,683.33
100000,10240,26945,938.00
1000000,10240,114488,489.13
100000,10240,15456,401.11
100000,10240,43598,22237.58
100000,10240,71888,16833.78
100000,10240,66731,18095.67
100000,10240,20969,593.41
100000,10240,66698,906.10
100000,10240,89705,20171.35
100000,10240,98583,514.89
1000000,10240,340275,482.16
1000000,10240,986971,189.36
1000000,10240,710656,458.90
1000000,10240,359338,350.65
1000000,10240,209490,15634.01
1000000,10240,984774,114.17
1000000,10240,799502,288.20
100000,10240,61706,456.50
100000,10240,72768,802.50
1000000,10240,553764,435.15
100000,10240,75472,456.54
100000,10240,16011,723.35
1000000,10240,614127,315.35
100000,10240,51292,19597.74
1000000,10240,337456,18282.13
100000,10240,89539,23846.66
1000000,10240,534510,16838.42
1000000,10240,965923,382.50
100000,10240,7993,650.57
100000,10240,39110,551.75
100000,10240,64349,13947.45
100000,10240,21842,19150.38
1000000,10240,13851,13880.99
100000,10240,62350,10830.79
1000000,10240,935128,253.44
1000000,10240,135708,459.50
100000,10240,97894,14508.38
1000000,10240,808735,705.00
100000,10240,17659,761.94
1000000,10240,97898,19867.36
100000,10240,97332,1023.50
1000000,10240,841396,584.93
1000000,10240,706850,931.18
100000,10240,56370,15475.09
1000000,10240,800149,23675.31
100000,10240,52383,8939.48
1000000,10240,276626,916.67
100000,10240,88265,16217.52
100000,10240,14869,1358.95
1000000,10240,343032,15190.76
100000,10240,57761,10783.59
100000,10240,43365,946.92
1000000,10240,448217,21970.28
100000,10240,66107,798.28
1000000,10240,707526,615.97
1000000,10240,465517,18487.47
1000000,10240,943681,346.19
1000000,10240,139182,14617.83
1000000,10240,872950,962.63
1000000,10240,632275,19909.68
100000,10240,94972,16159.25
1000000,10240,318801,17562.45
100000,10240,60191,1630.68
1000000,10240,890691,102.09
1000000,10240,287465,644.56
1000000,10240,167069,33079.32
100000,10240,76751,14836.28
1000000,10240,967073,250.98
1000000,10240,79574,11328.01
100000,10240,65481,594.27
1000000,10240,456018,11919.72
100000,10240,540,23109.56
1000000,10240,989179,179.88
1000000,10240,116041,17814.99
100000,10240,33989,13273.93
1000000,10240,107734,14811.45
1000000,10240,163190,831.58
1000000,10240,358760,12834.31
1000000,10240,906584,705.38
100000,10240,73680,749.24
100000,10240,42655,845.38
100000,10240,26685,624.73
100000,10240,91203,662.02
1000000,10240,86181,601.89
1000000,10240,78507,26141.37
1000000,10240,646435,834.57
1000000,10240,568011,8370.18
1000000,10240,296835,27049.51
1000000,10240,660374,1045.34
100000,10240,89783,11338.85
1000000,10240,803023,1131.26
100000,10240,60031,582.43
100000,10240,70807,14425.16
100000,10240,59412,29663.14
1000000,10240,662113,17627.34
100000,10240,6385,15472.44
100000,10240,40319,33888.39
100000,10240,57700,8400.41
100000,10240,86461,16579.51
100000,10240,80079,1114.44
100000,10240,19480,17101.18
100000,10240,14230,14443.29
1000000,10240,628672,807.21
100000,10240,86013,17499.71
100000,10240,65898,16810.47
100000,10240,23639,758.74
1000000,10240,912844,313.99
1000000,10240,253013,20344.31
100000,10240,8829,14860.51
1000000,10240,365308,915.07
1000000,10240,933034,115.29
100000,10240,94905,30560.77
1000000,10240,243904,767.52
100000,10240,63993,24513.01
1000000,10240,833958,15969.08
1000000,10240,302262,583.05
1000000,10240,575956,12625.73
1000000,10240,422210,14340.18
1000000,10240,307592,846.57
1000000,10240,599982,557.16
100000,10240,49441,541.18
100000,10240,83886,14016.31
100000,10240,46237,1029.35
1000000,10240,459008,16524.39
100000,10240,75340,1346.34
100000,10240,84819,33591.98
100000,10240,56985,620.05
100000,10240,87773,767.16
1000000,10240,18235,456.70
1000000,10240,141144,332.24
100000,10240,89714,12673.89
100000,10240,57432,636.05
1000000,10240,366242,16133.67
100000,10240,57367,971.85
100000,10240,73860,522.86
1000000,10240,158975,24651.14
1000000,10240,70793,20683.21
1000000,10240,819528,15425.79
100000,10240,97650,594.79
100000,10240,19558,14654.91
1000000,10240,746209,689.48
100000,10240,43863,970.74
1000000,10240,422377,16123.75
100000,10240,76725,33889.69
100000,10240,48606,16167.40
1000000,10240,820150,835.46
100000,10240,1276,16362.13
1000000,10240,205222,19979.62
1000000,10240,816639,468.50
1000000,10240,104045,19598.42
100000,10240,97157,703.12
100000,10240,36291,525.22
1000000,10240,174740,14790.22
1000000,10240,318148,15842.77
1000000,10240,144464,15967.88
1000000,10240,771754,676.46
100000,10240,7138,712.21
100000,10240,42744,17940.52
100000,10240,83695,959.86
100000,10240,37072,18844.90
1000000,10240,236856,520.81
100000,10240,97371,793.56
1000000,10240,179041,16964.22
100000,10240,35866,669.13
1000000,10240,285830,19876.57
1000000,10240,148513,25488.95
1000000,10240,793751,637.28
1000000,10240,599569,456.01
1000000,10240,721541,12150.42
100000,10240,5551,12820.34
100000,10240,40215,17680.97
1000000,10240,133457,517.93
100000,10240,81689,1021.50
100000,10240,32075,20005.64
1000000,10240,764521,578.43
100000,10240,72070,487.75
100000,10240,21119,413.66
1000000,10240,413959,474.66
1000000,10240,852905,447.96
1000000,10240,220449,17229.94
1000000,10240,27521,15572.43
1000000,10240,710360,509.51
1000000,10240,514496,494.20
1000000,10240,333578,11895.73
1000000,10240,151357,547.53
1000000,10240,893884,414.68
100000,10240,78907,15158.94
1000000,10240,51014,524.10
1000000,10240,841811,369.44
100000,10240,1660,1127.26
1000000,10240,225667,264.48
100000,10240,93872,16812.92
1000000,10240,912732,330.54
1000000,10240,280357,24399.18
1000000,10240,165603,16711.77
100000,10240,23593,21138.63
100000,10240,59636,29274.89
1000000,10240,595848,22383.85
1000000,10240,134797,20408.05
100000,10240,28830,16339.48
100000,10240,88346,15677.58
1000000,10240,422253,557.27
100000,10240,96681,16024.94
1000000,10240,458245,15992.12
100000,10240,12121,1064.02
1000000,10240,545909,18358.45
100000,10240,71046,734.35
1000000,10240,737246,16764.17
1000000,10240,97360,30792.97
1000000,10240,138104,745.34
1000000,10240,590225,424.69
100000,10240,81937,932.22
100000,10240,66131,18190.18
100000,10240,599,15031.22
1000000,10240,527054,533.38
100000,10240,11829,1145.27
1000000,10240,499250,591.42
100000,10240,30972,290.76
1000000,10240,695634,311.47
100000,10240,97080,16050.60
100000,10240,60091,525.98
1000000,10240,966938,225.21
100000,10240,91812,805.54
100000,10240,34510,316.07
100000,10240,56346,697.15
100000,10240,58901,695.01
1000000,10240,604516,618.87
1000000,10240,177545,396.68
1000000,10240,233705,8677.47
100000,10240,51127,505.62
100000,10240,8330,20096.16
1000000,10240,919039,230.57
100000,10240,69228,671.28
100000,10240,18566,1141.38
100000,10240,10527,17624.51
100000,10240,59067,17075.25
1000000,10240,320155,13411.88
100000,10240,89989,19812.34
100000,10240,63559,646.30
1000000,10240,97283,14802.06
100000,10240,54344,20866.63
100000,10240,70575,635.31
100000,10240,99231,14747.63
1000000,10240,176636,10559.31
100000,10240,50196,790.57
100000,10240,59394,420.81
1000000,10240,977407,307.19
1000000,10240,120364,297.65
100000,10240,27460,18606.95
1000000,10240,583071,668.19
1000000,10240,310899,391.72
1000000,10240,310592,12543.81
100000,10240,58799,449.57
1000000,10240,259178,600.08
1000000,10240,759282,13145.79
1000000,10240,172172,16353.20
1000000,10240,151695,10226.31
1000000,10240,260406,23996.49
1000000,10240,191031,20065.20
100000,10240,14592,562.04
1000000,10240,863506,103.49
1000000,10240,678522,433.35
1000000,10240,764162,619.51
1000000,10240,331910,25310.22
100000,10240,63142,979.52
1000000,10240,866264,507.45
1000000,10240,259662,16884.48
1000000,10240,293814,27628.08
1000000,10240,543157,18716.58
1000000,10240,651721,1008.46
100000,10240,31775,671.22
1000000,10240,11583,636.03
100000,10240,95158,17022.91
1000000,10240,303726,20394.00
100000,10240,7104,22986.64
100000,10240,40895,696.84
100000,10240,72235,32428.76
1000000,10240,752689,966.35
100000,10240,95589,14630.00
1000000,10240,609184,944.03
100000,10240,56925,881.87
100000,10240,35112,786.28
1000000,10240,593095,425.12
100000,10240,70597,14375.11
100000,10240,39173,1673.85
1000000,10240,629858,1269.57
1000000,10240,844572,481.68
100000,10240,12624,14858.67
100000,10240,26623,677.05
100000,10240,91180,1129.32
100000,10240,75400,564.88
100000,10240,9038,22002.64
100000,10240,36943,14040.48
100000,10240,5683,1201.44
1000000,10240,450631,13747.00
100000,10240,12483,625.17
100000,10240,96631,19097.53
1000000,10240,868941,636.34
100000,10240,40730,18463.92
1000000,10240,387233,745.72
100000,10240,58220,1163.88
1000000,10240,624094,433.47
1000000,10240,891253,1133.75
1000000,10240,418045,15581.28
1000000,10240,22937,756.92
100000,10240,86832,1922.23
100000,10240,66949,1399.69
1000000,10240,835998,900.46
1000000,10240,913560,86.93
1000000,10240,507755,1005.77
1000000,10240,92292,567.69
100000,10240,99819,445.68
100000,10240,33425,32058.19
1000000,10240,168210,12918.54
1000000,10240,937692,150.29
100000,10240,12616,20761.75
1000000,10240,685362,799.92
100000,10240,81688,629.23
100000,10240,83288,12541.02
100000,10240,92785,973.38
100000,10240,33791,577.78
100000,10240,41697,651.06
1000000,10240,179581,16832.24
1000000,10240,878409,611.36
1000000,10240,329089,15335.81
100000,10240,82956,16704.72
1000000,10240,938586,337.51
1000000,10240,496516,21538.76
1000000,10240,195454,10217.77
100000,10240,12315,15186.03
1000000,10240,801883,797.99
100000,10240,55435,1182.99
1000000,10240,407000,600.09
1000000,10240,441531,11018.90
1000000,10240,387786,16691.60
100000,10240,50140,874.18
100000,10240,71646,1011.45
1000000,10240,893796,128.75
1000000,10240,788576,17798.05
100000,10240,76501,22683.57
100000,10240,64038,2154.90
1000000,10240,375290,15615.39
100000,10240,57947,1071.52
1000000,10240,714416,31920.48
100000,10240,23741,10348.56
100000,10240,46789,20368.67
100000,10240,15324,14983.07
100000,10240,97113,18179.49
1000000,10240,191542,12557.03
1000000,10240,36183,27426.52
1000000,10240,463385,546.96
1000000,10240,38258,14846.96
100000,10240,5357,550.75
1000000,10240,344844,296.10
100000,10240,50351,15618.46
100000,10240,92025,16828.71
1000000,10240,148548,20799.56
1000000,10240,896531,670.14
100000,10240,31850,13560.94
100000,10240,32472,1265.77
1000000,10240,139687,359.48
1000000,10240,619946,697.48
1000000,10240,628738,250.02
100000,10240,13845,15522.19
1000000,10240,940382,224.52
1000000,10240,684507,15581.55
100000,10240,96216,1070.11
1000000,10240,312143,813.69
1000000,10240,333614,21399.98
100000,10240,40838,839.78
100000,10240,3966,528.51
100000,10240,48351,462.05
1000000,10240,379030,335.91
100000,10240,16236,14395.12
100000,10240,61433,517.82
100000,10240,34571,1051.97
100000,10240,82517,1064.07
1000000,10240,288134,12739.69
100000,10240,28063,15890.54
1000000,10240,46037,596.09
100000,10240,17065,12159.85
1000000,10240,665695,517.00
100000,10240,79220,435.96
1000000,10240,24673,815.85
1000000,10240,17438,283.87
1000000,10240,72961,14881.92
1000000,10240,978523,230.95
100000,10240,48354,729.35
100000,10240,2671,401.29
1000000,10240,884,951.95
1000000,10240,746169,466.25
100000,10240,15473,8742.05
1000000,10240,148195,17219.13
1000000,10240,757120,518.83
100000,10240,47576,460.54
100000,10240,73051,651.19
100000,10240,96590,519.10
100000,10240,26651,9784.69
100000,10240,55974,412.97
1000000,10240,456550,418.17
100000,10240,91667,402.24
1000000,10240,315619,20391.52
100000,10240,71587,622.72
1000000,10240,853536,15711.46
1000000,10240,232463,22096.91
1000000,10240,717663,781.18
100000,10240,61680,712.85
1000000,10240,598626,10790.04
1000000,10240,610110,443.48
1000000,10240,889816,327.59
100000,10240,76434,19174.81
1000000,10240,489518,1004.23
1000000,10240,190272,16383.13
1000000,10240,996050,94.00
1000000,10240,301982,10993.28
100000,10240,12358,21896.12
100000,10240,17625,35987.96
100000,10240,48867,986.95
1000000,10240,733613,346.12
1000000,10240,925473,350.74
100000,10240,73664,459.01
1000000,10240,953135,120.92
1000000,10240,778761,17264.19
100000,10240,49343,20334.38
100000,10240,41160,880.67
100000,10240,49192,786.95
1000000,10240,132307,15103.34
100000,10240,48174,973.87
100000,10240,96254,896.30
1000000,10240,100198,15299.67
1000000,10240,353723,13798.48
1000000,10240,518870,390.04
1000000,10240,636714,10096.33
100000,10240,68493,516.45
100000,10240,47720,16703.64
100000,10240,23882,20597.58
1000000,10240,888990,313.33
1000000,10240,485550,530.03
1000000,10240,545172,19616.73
100000,10240,6957,1160.55
1000000,10240,983852,199.68
1000000,10240,517420,568.65
100000,10240,73512,14781.05
1000000,10240,933277,325.54
1000000,10240,768136,555.48
1000000,10240,690472,529.45
100000,10240,12571,457.78
100000,10240,4948,11221.45
100000,10240,29937,23490.41
100000,10240,15491,575.52
1000000,10240,901044,297.90
1000000,10240,338974,694.91
100000,10240,53578,337.20
1000000,10240,779521,394.13
100000,10240,59996,14690.26
100000,10240,1493,17152.68
1000000,10240,716514,12995.88
100000,10240,7925,15090.65
1000000,10240,462816,582.91
1000000,10240,78458,4350.84
100000,10240,92470,15038.89
1000000,10240,817419,18768.64
1000000,10240,351367,12450.78
1000000,10240,357713,15869.82
1000000,10240,368075,16608.29
1000000,10240,99740,27640.12
1000000,10240,371872,16159.55
1000000,10240,100022,621.64
1000000,10240,428818,522.88
1000000,10240,130182,10976.33
100000,10240,26037,336.54
100000,10240,13587,14602.15
100000,10240,58598,24016.82
1000000,10240,804950,540.17
100000,10240,94764,1147.61
1000000,10240,811264,19014.49
1000000,10240,9301,19512.35
100000,10240,71482,540.94
100000,10240,48309,12347.99
100000,10240,31506,14234.26
100000,10240,32540,576.22
1000000,10240,688938,708.24
100000,10240,2798,394.14
100000,10240,17001,13263.51
1000000,10240,581074,680.29
1000000,10240,396011,29337.98
100000,10240,20033,20029.69
1000000,10240,129410,16702.49
1000000,10240,665189,593.43
1000000,10240,361714,620.22
1000000,10240,233858,32901.88
1000000,10240,317929,626.88
1000000,10240,504163,490.02
100000,10240,36509,835.28
100000,10240,81290,862.55
1000000,10240,116556,386.98
1000000,10240,662574,377.81
1000000,10240,557593,292.56
100000,10240,34152,906.53
1000000,10240,209215,23481.10
1000000,10240,803625,720.31
100000,10240,65612,13116.73
1000000,10240,945411,346.74
100000,10240,22280,12145.12
100000,10240,32087,15571.32
100000,10240,75727,18286.88
1000000,10240,162018,298.01
100000,10240,43911,782.89
100000,10240,62717,427.74
1000000,10240,920942,398.90
100000,10240,82913,17308.24
1000000,10240,560625,502.02
100000,10240,90906,605.39
1000000,10240,13457,15612.20
1000000,10240,895681,619.92
100000,10240,28668,500.97
1000000,10240,706007,325.82
100000,10240,87044,803.36
100000,10240,76225,15635.28
1000000,10240,992487,310.05
100000,10240,21135,20253.35
1000000,10240,91401,22946.14
1000000,10240,886552,341.05
1000000,10240,642515,367.18
100000,10240,45309,6839.99
100000,10240,82719,10712.31
1000000,10240,909910,346.16
100000,10240,17709,495.36
100000,10240,24461,622.97
100000,10240,94082,401.15
1000000,10240,909081,227.55
100000,10240,5544,15924.73
100000,10240,62460,794.82
1000000,10240,756,1029.00
100000,10240,31760,810.14
100000,10240,851,14338.78
100000,10240,30396,890.09
1000000,10240,613394,19189.69
100000,10240,88125,16687.70
100000,10240,13272,17971.65
100000,10240,45693,630.56
100000,10240,41799,7701.79
100000,10240,83958,20443.56
100000,10240,6875,14276.22
100000,10240,4287,1106.97
100000,10240,32847,17652.04
100000,10240,39666,19224.64
1000000,10240,116895,830.51
100000,10240,34079,22934.78
1000000,10240,278749,962.78
100000,10240,89220,772.11
1000000,10240,920054,319.59
100000,10240,40760,14133.27
100000,10240,42553,30244.96
1000000,10240,604877,24903.55
1000000,10240,397735,33027.36
1000000,10240,788669,1544.54
1000000,10240,347412,24258.17
100000,10240,23020,14427.92
1000000,10240,778999,511.65
100000,10240,50194,536.00
1000000,10240,232060,9268.54
1000000,10240,115552,1554.38
100000,10240,61694,14105.97
1000000,10240,913955,143.93
100000,10240,61644,14217.49
100000,10240,78656,15265.76
1000000,10240,866397,649.05
1000000,10240,661601,334.04
100000,10240,13267,704.06
100000,10240,16864,20195.07
100000,10240,64789,849.88
100000,10240,59772,649.96
100000,10240,87432,1232.90
100000,10240,51645,958.09
100000,10240,39229,34196.52
100000,10240,86259,16150.16
1000000,10240,756601,18691.94
100000,10240,77664,16844.43
100000,10240,28557,680.13
1000000,10240,207775,610.61
1000000,10240,29752,16412.57
100000,10240,835,18334.71
100000,10240,68909,1181.73
100000,10240,20280,25257.69
1000000,10240,986879,580.59
1000000,10240,564752,14790.01
1000000,10240,527685,11430.12
1000000,10240,968170,327.94
100000,10240,43406,21436.98
1000000,10240,460197,1200.33
1000000,10240,870399,588.35
1000000,10240,227062,388.34
100000,10240,43975,23433.69
100000,10240,69632,1429.47
1000000,10240,3499,2058.98
100000,10240,57240,18628.90
100000,10240,51390,647.08
1000000,10240,532261,16235.12
100000,10240,39862,522.84
1000000,10240,144570,17989.98
1000000,10240,742133,810.71
1000000,10240,315005,14889.64
100000,10240,56113,1099.41
100000,10240,46952,540.76
1000000,10240,143982,14285.98
100000,10240,49391,1655.70
1000000,10240,462139,1185.46
100000,10240,28109,16371.64
1000000,10240,580502,678.63
1000000,10240,799897,672.72
100000,10240,59193,18812.63
100000,10240,11471,13123.10
100000,10240,34687,688.31
100000,10240,58790,517.98
100000,10240,67922,19123.16
1000000,10240,512982,15791.47
100000,10240,35968,25307.60
100000,10240,84181,18558.38
1000000,10240,835593,707.17
100000,10240,55492,14851.43
1000000,10240,819800,466.14
100000,10240,12224,16037.70
100000,10240,2348,16248.92
1000000,10240,282089,7600.83
100000,10240,48177,947.63
1000000,10240,689504,841.55
1000000,10240,418832,8217.44
100000,10240,55203,806.13
1000000,10240,804092,772.53
1000000,10240,498597,939.69
100000,10240,29329,1220.37
1000000,10240,427070,15337.37
100000,10240,42982,654.68
1000000,10240,384757,598.97
100000,10240,80962,931.89
100000,10240,68714,26940.94
100000,10240,49735,607.77
1000000,10240,719602,467.46
1000000,10240,547689,17052.96
100000,10240,5572,574.37
100000,10240,13051,480.15
1000000,10240,686680,541.57
100000,10240,6094,29075.64
1000000,10240,288307,16334.47
100000,10240,6377,17141.20
100000,10240,19709,21238.86
100000,10240,86570,23174.28
100000,10240,56442,1012.89
100000,10240,58153,538.38
100000,10240,96698,927.92
1000000,10240,560453,19121.77
100000,10240,75909,963.67
1000000,10240,129077,455.04
100000,10240,29451,704.12
100000,10240,88587,13429.00
1000000,10240,188538,406.19
1000000,10240,987567,212.58
1000000,10240,730565,513.66
1000000,10240,781147,405.69
1000000,10240,800345,9223.29
1000000,10240,423426,19489.93
1000000,10240,416650,23821.90
100000,10240,53264,15601.76
100000,10240,92566,1446.52
1000000,10240,171646,9696.78
100000,10240,13114,492.08
100000,10240,74885,21451.76
100000,10240,7992,897.25
100000,10240,36241,21115.03
1000000,10240,462976,21156.61
100000,10240,66132,11617.98
100000,10240,98290,18420.72
100000,10240,46077,371.90
1000000,10240,444828,344.52
100000,10240,66562,370.69
100000,10240,14125,353.46
100000,10240,41187,15060.30
1000000,10240,885517,303.67
100000,10240,25191,29395.42
100000,10240,4141,26287.10
1000000,10240,256496,14792.14
1000000,10240,507308,21307.73
100000,10240,4910,21771.10
100000,10240,29939,13450.71
1000000,10240,776497,17062.15
100000,10240,48722,17110.28
1000000,10240,917646,686.01
100000,10240,86529,14183.66
100000,10240,21964,533.80
1000000,10240,463849,665.57
1000000,10240,187410,11293.66
1000000,10240,804932,647.28
100000,10240,55885,801.81
100000,10240,19192,19661.30
1000000,10240,10342,17162.38
100000,10240,47735,410.45
1000000,10240,368488,458.70
100000,10240,25369,15068.74
1000000,10240,655725,490.46
100000,10240,87684,875.88
100000,10240,22946,420.90
100000,10240,4551,919.01
100000,10240,45209,11883.22
100000,10240,77371,11133.72
1000000,10240,261036,18047.04
100000,10240,48033,21539.94
1000000,10240,604118,904.09
1000000,10240,10043,266.42
1000000,10240,859584,1034.21
100000,10240,18208,18462.65
100000,10240,41515,22194.67
1000000,10240,68492,807.24
100000,10240,27479,39069.34
100000,10240,38165,9404.22
100000,10240,22989,40434.88
1000000,10240,209341,19807.79
1000000,10240,744515,596.59
1000000,10240,735473,303.17
1000000,10240,392383,20284.67
100000,10240,28922,10886.76
1000000,10240,474709,645.51
1000000,10240,106816,518.55
100000,10240,93329,11538.91
1000000,10240,565307,10601.69
1000000,10240,26604,14892.80
1000000,10240,625843,1390.41
100000,10240,67746,14024.20
100000,10240,57199,18635.33
100000,10240,62395,1037.26
100000,10240,96246,902.76
100000,10240,30079,963.71
100000,10240,68084,655.31
100000,10240,62204,404.94
100000,10240,95748,841.38
1000000,10240,470665,528.80
100000,10240,4190,308.80
1000000,10240,526704,24968.48
1000000,10240,722466,563.56
1000000,10240,144562,13945.18
100000,10240,57520,16351.61
1000000,10240,753362,663.49
100000,10240,9447,20561.18
100000,10240,43292,16528.47
100000,10240,2058,22649.44
1000000,10240,576558,571.08
100000,10240,27631,1073.32
1000000,10240,369082,659.23
100000,10240,50488,22602.88
100000,10240,14544,1141.13
100000,10240,36242,501.50
100000,10240,66003,16673.59
1000000,10240,55021,14929.65
100000,10240,38506,13311.03
100000,10240,21206,538.68
1000000,10240,870145,477.51
100000,10240,88037,19812.07
1000000,10240,470445,20674.26
1000000,10240,465909,523.54
100000,10240,87584,1103.48
1000000,10240,374545,13879.58
1000000,10240,411733,441.11
1000000,10240,941344,314.21
100000,10240,52047,16196.09
1000000,10240,380002,493.55
1000000,10240,527874,392.13
100000,10240,37700,414.37
100000,10240,8854,285.15
100000,10240,90954,18875.74
100000,10240,89687,1092.88
1000000,10240,803541,23177.62
100000,10240,76315,1035.57
1000000,10240,651297,524.34
1000000,10240,293678,12863.55
1000000,10240,247190,743.54
1000000,10240,978852,195.78
100000,10240,88892,407.43
1000000,10240,8474,17936.96
1000000,10240,480614,510.61
100000,10240,43713,774.73
100000,10240,28930,9751.35
100000,10240,46073,788.27
1000000,10240,314192,22486.05
1000000,10240,475491,14644.79
100000,10240,5699,19089.69
1000000,10240,10413,21278.04
100000,10240,94692,665.16
100000,10240,26117,351.41
100000,10240,75751,697.71
100000,10240,64597,687.35
100000,10240,61249,277.91
1000000,10240,993403,99.52
1000000,10240,151624,21321.46
1000000,10240,487433,367.38
1000000,10240,153075,14114.31
1000000,10240,895528,124.39
1000000,10240,700302,318.24
100000,10240,17507,661.50
100000,10240,92365,14266.95
100000,10240,37593,617.58
1000000,10240,351983,21683.84
100000,10240,70809,12897.54
100000,10240,28910,545.49
1000000,10240,473469,16893.69
100000,10240,89837,14983.06
100000,10240,34671,17084.82
100000,10240,42487,21446.12
1000000,10240,224156,435.41
1000000,10240,332335,512.79
1000000,10240,16901,788.71
100000,10240,24241,11081.12
100000,10240,99560,809.83
100000,10240,34282,13639.81
100000,10240,85124,863.87
1000000,10240,211811,13244.62
1000000,10240,713213,1254.85
1000000,10240,877116,116.50
1000000,10240,603587,459.54
100000,10240,70972,731.44
1000000,10240,551400,915.32
100000,10240,86006,823.68
1000000,10240,513405,13805.64
100000,10240,23597,1141.72
100000,10240,97955,1241.09
1000000,10240,738747,536.34
1000000,10240,858914,706.98
1000000,10240,572223,19286.50
1000000,10240,639668,21740.99
100000,10240,26560,1392.61
100000,10240,14026,787.34
1000000,10240,982327,210.43
100000,10240,86520,635.57
1000000,10240,606590,18183.85
1000000,10240,519577,1594.97
1000000,10240,449148,13793.06
1000000,10240,820411,26285.41
1000000,10240,97738,15830.18
100000,10240,53736,984.10
100000,10240,26406,21560.62
100000,10240,4975,10184.55
100000,10240,17978,13083.92
1000000,10240,25093,16430.52
100000,10240,583,19408.70
100000,10240,35313,677.67
100000,10240,54773,775.31
1000000,10240,207212,779.83
1000000,10240,111504,469.53
1000000,10240,991890,86.45
1000000,10240,727851,618.56
100000,10240,27379,1116.70
100000,10240,9188,12531.10
1000000,10240,516910,874.65
100000,10240,52565,512.16
1000000,10240,689137,817.99
100000,10240,80154,12977.32
1000000,10240,409010,1026.63
100000,10240,33018,599.43
1000000,10240,427963,1156.58
100000,10240,36989,587.03
1000000,10240,164569,743.77
100000,10240,38337,550.86
1000000,10240,208328,15939.81
1000000,10240,630841,28470.98
100000,10240,17431,695.88
100000,10240,84245,16307.38
100000,10240,60960,1703.36
1000000,10240,164340,21986.89
1000000,10240,753754,877.92
100000,10240,86511,1249.41
100000,10240,91457,15333.26
100000,10240,46570,1133.56
1000000,10240,436726,9684.02
1000000,10240,704237,700.50
1000000,10240,778088,581.77
1000000,10240,918409,100.65
100000,10240,82505,21801.63
100000,10240,8357,16336.49
100000,10240,15182,22514.07
100000,10240,25156,1647.27
100000,10240,10057,18004.82
100000,10240,63499,899.24
1000000,10240,264516,16515.49
100000,10240,47020,14238.98
1000000,10240,92724,22114.20
1000000,10240,874825,722.68
100000,10240,91831,974.07
100000,10240,13447,715.52
100000,10240,26253,22251.83
1000000,10240,546302,629.97
100000,10240,24878,333.32
100000,10240,72923,1189.97
1000000,10240,743449,598.34
100000,10240,40306,21516.75
100000,10240,73989,10494.95
100000,10240,33546,19288.18
100000,10240,62390,1088.11
100000,10240,12198,405.96
100000,10240,22527,439.30
100000,10240,72733,457.46
100000,10240,20056,1172.61
1000000,10240,174185,16099.55
100000,10240,82110,631.20
1000000,10240,492584,12353.35
100000,10240,55514,998.92
1000000,10240,106105,15752.48
100000,10240,23508,12081.60
1000000,10240,908428,236.76
1000000,10240,155570,11980.88
100000,10240,48182,708.41
1000000,10240,235746,496.92
100000,10240,23678,786.02
1000000,10240,885874,799.21
100000,10240,61561,576.21
1000000,10240,410123,28440.87
1000000,10240,155067,13834.98
1000000,10240,864637,231.80
1000000,10240,564045,1019.56
1000000,10240,800216,768.46
100000,10240,47089,925.55
1000000,10240,990261,219.83
100000,10240,19826,15223.39
100000,10240,10118,21464.95
1000000,10240,136243,11159.68
1000000,10240,551001,481.69
100000,10240,39171,804.35
100000,10240,15985,969.86
100000,10240,93933,388.14
1000000,10240,722672,389.40
100000,10240,34422,662.25
1000000,10240,80244,17468.69
100000,10240,83584,769.38
1000000,10240,65356,424.50
1000000,10240,985598,196.30
100000,10240,70769,1040.73
100000,10240,56179,17020.22
100000,10240,70010,38620.41
1000000,10240,781984,631.81
1000000,10240,758154,533.65
1000000,10240,189893,16821.26
100000,10240,78269,11733.40
1000000,10240,780195,1091.51
1000000,10240,988977,2299.14
1000000,10240,941762,109.10
100000,10240,5741,440.02
1000000,10240,596236,14468.02
1000000,10240,696773,7695.90
100000,10240,88740,831.36
100000,10240,78579,27207.83
100000,10240,97215,596.90
1000000,10240,463555,408.07
1000000,10240,872073,291.75
100000,10240,98032,788.50
100000,10240,95164,20887.58
100000,10240,96039,14046.46
100000,10240,9880,17273.52
100000,10240,21048,26765.37
1000000,10240,409599,606.30
1000000,10240,638088,548.86
100000,10240,52757,966.09
1000000,10240,616121,336.76
1000000,10240,11395,602.46
100000,10240,46580,18323.96
1000000,10240,988061,389.21
1000000,10240,655669,18162.37
1000000,10240,382221,1118.69
100000,10240,62787,18630.57
100000,10240,36048,12171.77
100000,10240,19750,20485.56
1000000,10240,175512,19937.40
100000,10240,38462,20136.38
100000,10240,726,719.79
100000,10240,80225,649.82
100000,10240,14764,723.43
100000,10240,10778,15883.46
100000,10240,32749,536.01
100000,10240,21643,551.04
100000,10240,66540,1394.06
1000000,10240,777293,369.25
1000000,10240,657286,8515.17
100000,10240,88726,19333.21
100000,10240,85323,19972.51
100000,10240,86252,19487.63
1000000,10240,886516,538.24
100000,10240,43914,17210.76
100000,10240,15220,18142.01
1000000,10240,372405,1138.42
100000,10240,55426,21398.76
100000,10240,31795,18003.76
100000,10240,28444,25376.55
1000000,10240,313372,13743.22
100000,10240,24535,407.56
1000000,10240,477090,12585.20
1000000,10240,291248,312.33
1000000,10240,810176,15416.84
100000,10240,73272,984.40
100000,10240,74233,464.98
1000000,10240,140934,17623.62
100000,10240,72851,1312.68
1000000,10240,428346,21121.08
100000,10240,64686,17340.70
1000000,10240,996725,188.80
1000000,10240,98242,14506.45
1000000,10240,229177,20297.45
100000,10240,54596,20676.50
1000000,10240,205059,13582.00
1000000,10240,871406,506.90
1000000,10240,81955,16646.35
100000,10240,34223,737.64
1000000,10240,599853,21858.75
1000000,10240,967902,295.34
1000000,10240,219401,12939.34
100000,10240,86427,475.74
100000,10240,75252,18713.46
1000000,10240,416802,15938.43
1000000,10240,295932,18397.88
100000,10240,24371,13509.83
100000,10240,17882,16179.58
1000000,10240,471955,11778.97
100000,10240,44473,834.21
100000,10240,24219,1106.37
1000000,10240,717974,842.46
1000000,10240,26658,836.85
100000,10240,63342,729.13
1000000,10240,305062,305.14
1000000,10240,622838,310.90
100000,10240,44035,722.36
1000000,10240,761299,314.65
100000,10240,30149,17936.62
1000000,10240,808829,586.31
100000,10240,43421,19108.73
1000000,10240,328933,13530.08
1000000,10240,845016,19384.85
1000000,10240,893719,521.90
1000000,10240,77582,548.38
1000000,10240,713011,444.01
100000,10240,80431,21150.31
100000,10240,68656,970.77
1000000,10240,769521,439.90
1000000,10240,422857,19372.54
1000000,10240,787589,16705.32
1000000,10240,832149,453.06
1000000,10240,178458,539.83
1000000,10240,907471,133.24
1000000,10240,476779,329.36
1000000,10240,573129,313.01
100000,10240,42476,916.83
1000000,10240,353491,12346.99
100000,10240,35761,1015.01
100000,10240,85798,485.52
100000,10240,85332,22157.08
100000,10240,83090,1036.32
1000000,10240,91320,636.54
100000,10240,3771,16609.36
1000000,10240,152582,603.89
100000,10240,58446,8087.72
100000,10240,33947,663.61
100000,10240,34242,12824.57
1000000,10240,599951,20198.11
100000,10240,88702,3325.72
1000000,10240,163267,818.69
100000,10240,23392,925.35
1000000,10240,732667,244.23
100000,10240,48891,642.63
100000,10240,49006,765.12
1000000,10240,787046,12274.38
100000,10240,89126,1061.76
1000000,10240,587905,404.66
100000,10240,27948,964.16
100000,10240,86870,10649.02
100000,10240,3037,17219.54
100000,10240,87080,516.89
100000,10240,48963,22884.99
100000,10240,49424,574.77
1000000,10240,690311,554.54
1000000,10240,435239,20319.31
100000,10240,51773,657.31
100000,10240,84562,23763.09
1000000,10240,684405,654.93
100000,10240,3402,768.43
1000000,10240,614136,14718.18
100000,10240,47708,12945.33
1000000,10240,407081,810.34
100000,10240,84092,619.97
1000000,10240,110793,11475.68
100000,10240,74228,1269.32
1000000,10240,711902,529.12
1000000,10240,518827,18457.60
1000000,10240,261063,20287.00
100000,10240,13645,13907.09
100000,10240,26896,1185.03
100000,10240,30801,575.36
1000000,10240,829029,1089.50
1000000,10240,254149,26771.99
1000000,10240,269335,899.86
100000,10240,18634,556.02
1000000,10240,268422,17127.16
1000000,10240,333821,769.58
1000000,10240,158789,17306.08
100000,10240,75784,10817.87
100000,10240,54254,14935.70
1000000,10240,208218,511.57
100000,10240,23865,1055.38
1000000,10240,990764,196.85
1000000,10240,523147,9399.65
1000000,10240,29017,22926.14
100000,10240,53668,684.15
1000000,10240,105939,616.09
1000000,10240,352993,23381.84
1000000,10240,904093,1074.61
100000,10240,22069,803.08
1000000,10240,443116,1075.32
1000000,10240,902373,88.47
100000,10240,14585,16041.16
1000000,10240,231890,864.54
1000000,10240,108639,11076.25
100000,10240,27884,9984.66
1000000,10240,452025,862.44
100000,10240,81620,941.27
1000000,10240,825948,368.93
1000000,10240,524112,20491.41
100000,10240,45268,44327.55
1000000,10240,398930,951.63
100000,10240,30833,16894.32
100000,10240,41774,1714.22
1000000,10240,297992,502.23
100000,10240,19142,18033.90
100000,10240,87294,14760.02
100000,10240,70048,1110.34
1000000,10240,559104,811.84
100000,10240,96649,1037.87
1000000,10240,781996,680.75
1000000,10240,526781,46281.46
1000000,10240,785043,2111.63
100000,10240,861,1025.33
1000000,10240,83686,11532.76
1000000,10240,375271,620.26
1000000,10240,962255,192.31
1000000,10240,800109,1005.64
1000000,10240,353169,16150.92
100000,10240,91730,908.20
1000000,10240,820960,830.91
1000000,10240,900730,92.76
1000000,10240,366718,2056.90
100000,10240,31544,32758.50
100000,10240,67765,637.41
1000000,10240,178755,852.49
100000,10240,29466,11528.56
100000,10240,26224,1084.44
100000,10240,38248,19280.08
100000,10240,36167,729.72
100000,10240,5164,16005.40
1000000,10240,989583,211.19
1000000,10240,542013,13467.32
100000,10240,19476,1224.87
1000000,10240,287021,840.34
1000000,10240,774992,734.14
1000000,10240,915862,96.92
100000,10240,76986,685.54
1000000,10240,283894,17667.02
100000,10240,70772,11796.02
100000,10240,29045,17309.35
1000000,10240,957037,294.17
1000000,10240,809231,13348.43
100000,10240,69964,1499.97
1000000,10240,983128,210.70
1000000,10240,171069,398.85
100000,10240,99177,760.51
100000,10240,95342,17625.43
1000000,10240,250205,16708.85
100000,10240,92013,1360.58
1000000,10240,809932,862.67
1000000,10240,156989,14578.84
100000,10240,20308,13617.66
1000000,10240,837055,14797.30
100000,10240,25403,946.85
1000000,10240,664920,474.23
1000000,10240,209197,14206.96
100000,10240,17759,17226.00
100000,10240,27869,17843.10
100000,10240,50709,15569.56
1000000,10240,108656,644.50
1000000,10240,18702,16260.79
100000,10240,1090,12927.01
1000000,10240,332697,433.93
100000,10240,96269,752.54
1000000,10240,413769,16015.61
1000000,10240,836274,475.49
100000,10240,87304,415.65
1000000,10240,876720,389.95
1000000,10240,319105,20497.63
100000,10240,63646,21513.82
100000,10240,45038,1051.45
1000000,10240,205967,356.14
100000,10240,45523,21012.08
100000,10240,5453,15163.00
100000,10240,67033,22538.69
1000000,10240,984360,205.20
1000000,10240,774915,701.70
100000,10240,66680,722.44
100000,10240,57850,867.19
100000,10240,33550,939.38
100000,10240,47301,326.53
100000,10240,78204,14624.93
1000000,10240,747385,22035.00
100000,10240,81618,15658.17
1000000,10240,353800,544.01
100000,10240,87500,438.07
100000,10240,5224,383.93
100000,10240,63113,14869.39
1000000,10240,621742,13783.52
1000000,10240,597828,560.08
1000000,10240,563443,360.37
1000000,10240,427847,453.26
100000,10240,18910,701.45
100000,10240,35649,945.95
1000000,10240,593246,373.41
100000,10240,47118,565.37
100000,10240,65546,13554.32
100000,10240,15495,541.02
1000000,10240,391617,17488.71
100000,10240,56531,661.12
100000,10240,90995,10169.07
100000,10240,18322,816.36
1000000,10240,937195,220.00
100000,10240,15118,302.59
100000,10240,79995,351.07
100000,10240,69446,283.06
1000000,10240,969066,96.17
1000000,10240,746151,273.01
100000,10240,70507,19970.18
1000000,10240,828391,808.67
100000,10240,73975,439.59
100000,10240,87720,639.74
1000000,10240,732453,402.81
1000000,10240,265206,7424.96
100000,10240,69315,506.66
100000,10240,46105,396.80
1000000,10240,955788,101.15
100000,10240,69615,20868.98
1000000,10240,220018,19445.60
100000,10240,63192,8316.22
1000000,10240,326279,473.38
100000,10240,54523,443.52
1000000,10240,628258,450.47
1000000,10240,314492,18226.69
100000,10240,19917,397.99
100000,10240,567,13707.08
1000000,10240,393754,627.06
100000,10240,13434,18258.10
100000,10240,80649,25866.73
1000000,10240,846446,584.32
1000000,10240,784346,846.72
1000000,10240,150202,16165.08
1000000,10240,612018,18980.26
100000,10240,11746,689.75
100000,10240,63191,628.23
100000,10240,95398,9370.89
100000,10240,3506,10989.64
1000000,10240,317645,26778.73
1000000,10240,669952,622.32
1000000,10240,477555,10897.09
100000,10240,32943,23425.56
100000,10240,73472,21339.15
100000,10240,96661,13099.31
100000,10240,66932,18969.69
100000,10240,39626,966.74
100000,10240,69135,17925.68
1000000,10240,290848,647.91
1000000,10240,520518,361.00
100000,10240,68454,1339.04
100000,10240,15437,377.97
1000000,10240,11190,570.45
1000000,10240,879962,250.27
100000,10240,54819,18385.05
100000,10240,74925,640.85
1000000,10240,585645,15581.78
100000,10240,62973,1019.27
1000000,10240,111636,16235.09
100000,10240,60357,15128.45
100000,10240,72182,15190.34
1000000,10240,961691,197.61
100000,10240,96904,491.53
100000,10240,27076,430.56
1000000,10240,236802,11917.67
1000000,10240,747868,1151.97
100000,10240,58926,486.33
1000000,10240,812901,250.87
100000,10240,52149,23660.57
1000000,10240,115674,18514.80
100000,10240,96147,1396.64
100000,10240,48915,19468.65
1000000,10240,90196,17093.34
1000000,10240,150152,25314.31
1000000,10240,548171,570.34
1000000,10240,33773,14300.02
1000000,10240,550549,506.37
1000000,10240,774958,389.69
100000,10240,18070,504.61
1000000,10240,788363,447.92
100000,10240,91988,18201.71
100000,10240,4716,10381.03
100000,10240,9307,18266.53
1000000,10240,546619,12884.21
1000000,10240,605540,413.24
1000000,10240,188678,18219.99
100000,10240,85398,309.80
1000000,10240,482977,618.01
1000000,10240,337558,315.11
100000,10240,95339,685.44
100000,10240,66248,488.90
100000,10240,46338,792.85
1000000,10240,684752,316.43
1000000,10240,595807,746.24
1000000,10240,665824,293.60
1000000,10240,743670,263.65
1000000,10240,235545,21261.05
1000000,10240,859142,703.19
1000000,10240,479285,569.91
100000,10240,83459,408.26
100000,10240,35269,19087.88
100000,10240,14208,633.62
100000,10240,94646,273.16
100000,10240,86602,15980.71
100000,10240,50328,19287.91
1000000,10240,196772,472.44
1000000,10240,690130,509.40
100000,10240,93674,296.81
1000000,10240,877944,299.33
100000,10240,40880,17823.70
1000000,10240,670513,658.62
100000,10240,87932,429.56
1000000,10240,128643,429.79
1000000,10240,144455,13963.11
1000000,10240,339566,710.15
100000,10240,66085,766.17
100000,10240,73308,274.54
100000,10240,61524,936.33
1000000,10240,929662,114.25
100000,10240,70074,11063.91
1000000,10240,355488,404.99
1000000,10240,807927,23944.99
100000,10240,86535,17645.80
1000000,10240,148723,17792.03
100000,10240,2068,607.67
100000,10240,98994,18853.62
100000,10240,88363,734.42
100000,10240,97793,9985.47
100000,10240,45582,925.83
100000,10240,13473,1025.72
100000,10240,31831,1134.22
1000000,10240,475976,360.27
100000,10240,36170,916.38
100000,10240,97647,896.69
1000000,10240,329861,20475.37
1000000,10240,179787,581.18
100000,10240,28796,781.65
100000,10240,60387,25055.42
1000000,10240,381276,1084.95
100000,10240,7700,14825.40
100000,10240,81522,514.32
1000000,10240,767173,499.33
1000000,10240,208252,413.02
100000,10240,9506,363.20
100000,10240,6608,13164.97
1000000,10240,625297,22922.77
1000000,10240,718445,653.83
100000,10240,25736,15963.83
100000,10240,18321,15289.15
1000000,10240,749019,16872.45
100000,10240,97771,17499.86
100000,10240,35842,1118.24
1000000,10240,819506,410.23
100000,10240,20392,12792.98
100000,10240,64972,22687.65
100000,10240,16901,938.46
1000000,10240,303858,19276.22
100000,10240,24217,968.08
1000000,10240,60507,812.24
100000,10240,74421,10470.83
100000,10240,76931,14647.09
1000000,10240,640785,18660.71
100000,10240,72910,1429.85
100000,10240,33036,748.56
1000000,10240,901697,505.88
100000,10240,89173,14594.19
100000,10240,14707,14138.61
1000000,10240,328124,12755.34
1000000,10240,343772,1024.42
1000000,10240,425362,771.26
1000000,10240,821316,783.87
100000,10240,78215,901.47
100000,10240,42534,13401.26
1000000,10240,635996,609.42
100000,10240,79242,8414.53
1000000,10240,542827,585.30
100000,10240,37230,30682.49
1000000,10240,860116,666.27
100000,10240,19055,1582.32
100000,10240,64865,11058.48
100000,10240,17146,18316.33
100000,10240,4852,770.60
100000,10240,61441,10273.96
100000,10240,48281,1146.86
1000000,10240,990686,348.47
1000000,10240,273553,16330.70
100000,10240,13621,18702.60
100000,10240,85037,19692.90
1000000,10240,343767,9708.64
1000000,10240,447607,13075.40
1000000,10240,418059,821.88
100000,10240,30217,790.09
1000000,10240,568154,750.96
1000000,10240,806104,1555.80
100000,10240,18408,14533.99
100000,10240,38691,1277.88
100000,10240,17125,8522.83
100000,10240,6175,1207.03
1000000,10240,392843,13421.54
100000,10240,86714,1258.58
100000,10240,61710,1093.28
100000,10240,79396,21219.81
100000,10240,38780,788.73
1000000,10240,107292,12209.05
100000,10240,76943,1068.93
100000,10240,27684,1089.16
1000000,10240,301897,1159.53
1000000,10240,410191,445.28
1000000,10240,886747,327.00
1000000,10240,751435,652.64
100000,10240,60589,8711.94
1000000,10240,447567,593.17
1000000,10240,356987,875.26
1000000,10240,476660,18403.63
100000,10240,24100,1697.57
100000,10240,59473,18527.72
100000,10240,75065,14471.98
100000,10240,57840,18626.69
1000000,10240,257912,14894.93
1000000,10240,492696,1277.80
1000000,10240,692784,940.01
1000000,10240,30310,19120.73
100000,10240,54040,1122.65
100000,10240,61393,17706.55
1000000,10240,924467,98.02
1000000,10240,452816,23039.44
100000,10240,90748,16371.17
1000000,10240,643217,762.74
1000000,10240,112024,984.95
100000,10240,20989,13487.52
100000,10240,65916,1362.47
1000000,10240,80253,26601.43
1000000,10240,497842,1034.53
100000,10240,39361,15194.53
1000000,10240,74861,20414.51
1000000,10240,377702,810.67
1000000,10240,819176,672.19
1000000,10240,544909,538.99
100000,10240,21940,12069.80
100000,10240,22227,8527.72
100000,10240,3390,20030.03
100000,10240,18623,1804.77
100000,10240,29391,17702.76
100000,10240,39469,22908.44
100000,10240,65404,20995.72
100000,10240,65358,16428.75
100000,10240,84012,16764.94
1000000,10240,617518,978.95
100000,10240,29253,822.06
100000,10240,85119,18344.83
100000,10240,90402,1266.88
100000,10240,12206,611.31
1000000,10240,204553,22453.53
1000000,10240,147068,18749.94
100000,10240,9266,7801.66
100000,10240,49327,534.71
1000000,10240,590433,13230.31
1000000,10240,315508,12577.28
1000000,10240,289221,22518.39
1000000,10240,270589,11986.19
1000000,10240,942874,349.91
100000,10240,39270,769.25
1000000,10240,148407,15463.19
1000000,10240,496912,605.87
1000000,10240,157379,693.73
100000,10240,77576,763.52
1000000,10240,319891,16579.21
100000,10240,79593,21939.31
1000000,10240,569711,668.34
1000000,10240,926869,227.77
1000000,10240,238742,17196.61
1000000,10240,850100,19277.01
100000,10240,63827,21336.69
100000,10240,50242,1918.84
1000000,10240,660460,24219.88
100000,10240,62355,18649.69
100000,10240,85010,675.87
100000,10240,91266,962.67
100000,10240,67391,880.55
100000,10240,51697,1134.43
100000,10240,45982,21335.12
1000000,10240,120280,14535.00
100000,10240,75108,1958.28
1000000,10240,882600,23544.71
1000000,10240,357687,15499.81
100000,10240,12795,31928.31
1000000,10240,37150,2322.16
1000000,10240,441727,19380.55
1000000,10240,798134,14214.81
1000000,10240,597800,902.22
100000,10240,78333,16215.72
100000,10240,50905,20169.44
100000,10240,32895,31203.19
1000000,10240,965171,204.07
1000000,10240,660150,690.83
1000000,10240,814316,791.00
100000,10240,82924,12293.66
1000000,10240,521249,39979.35
100000,10240,35123,850.79
1000000,10240,423455,11145.50
100000,10240,55518,14329.07
1000000,10240,993172,338.90
100000,10240,42396,794.64
100000,10240,92662,11777.07
1000000,10240,256108,23395.17
1000000,10240,387395,792.66
100000,10240,65410,357.83
1000000,10240,925023,312.99
1000000,10240,24844,26031.78
100000,10240,96425,14379.89
100000,10240,99150,16889.98
1000000,10240,189448,13676.64
1000000,10240,345234,21108.06
1000000,10240,950672,388.73
1000000,10240,954884,236.90
100000,10240,66249,9147.42
100000,10240,72132,285.80
1000000,10240,104521,20283.51
1000000,10240,87496,643.40
100000,10240,14404,469.45
1000000,10240,997713,206.58
1000000,10240,877809,90.82
1000000,10240,198020,13846.87
1000000,10240,459859,20592.92
1000000,10240,905115,281.08
100000,10240,12214,19169.64
100000,10240,81048,694.38
100000,10240,53546,740.74
100000,10240,23111,20496.14
1000000,10240,465808,717.85
100000,10240,35830,22593.17
1000000,10240,370533,30832.97
100000,10240,39566,1115.53
1000000,10240,313081,525.75
100000,10240,81830,628.74
100000,10240,47013,19597.43
1000000,10240,336581,18057.14
1000000,10240,579459,18241.74
1000000,10240,241539,18581.94
100000,10240,98830,20136.52
100000,10240,10345,18874.95
1000000,10240,447861,16504.12
100000,10240,44742,22681.14
100000,10240,49987,19589.56
100000,10240,62367,13777.94
100000,10240,16637,20975.55
100000,10240,1064,16957.46
100000,10240,43512,13308.96
100000,10240,25166,953.81
100000,10240,81681,20660.77
100000,10240,69494,28066.81
1000000,10240,698281,629.12
1000000,10240,124562,12172.02
100000,10240,55694,14438.68
100000,10240,58407,30808.44
100000,10240,60079,799.34
1000000,10240,679237,17393.34
1000000,10240,998751,364.39
1000000,10240,409693,13656.30
1000000,10240,715067,620.72
100000,10240,79131,764.30
100000,10240,27801,8991.41
100000,10240,12739,365.55
100000,10240,88672,12058.24
100000,10240,87690,18465.73
100000,10240,44270,21316.02
100000,10240,97309,733.82
100000,10240,36467,20545.77
100000,10240,7589,710.72
1000000,10240,843816,12958.87
1000000,10240,586462,8478.24
1000000,10240,121445,377.08
100000,10240,15626,634.52
100000,10240,97471,14815.85
1000000,10240,302467,15330.75
1000000,10240,968001,306.43
100000,10240,99148,673.92
1000000,10240,434092,456.63
100000,10240,62163,405.08
100000,10240,25729,19463.24
1000000,10240,71973,718.95
100000,10240,42421,686.82
1000000,10240,788432,505.88
100000,10240,92778,15703.09
1000000,10240,81212,18083.78
100000,10240,11247,18354.02
1000000,10240,87656,7931.52
100000,10240,83032,33027.42
1000000,10240,6092,18689.53
100000,10240,31285,1174.37
100000,10240,69168,733.36
1000000,10240,945265,105.35
1000000,10240,929517,208.06
100000,10240,88761,15208.13
1000000,10240,88150,1363.76
1000000,10240,654227,683.99
1000000,10240,500466,17270.92
1000000,10240,254875,1051.55
100000,10240,50916,1099.60
100000,10240,83747,1005.19
1000000,10240,544022,664.71
100000,10240,55460,18058.96
1000000,10240,474065,20076.31
100000,10240,98954,1679.35
1000000,10240,454837,17075.27
1000000,10240,357207,1497.52
1000000,10240,420940,16944.80
100000,10240,33360,11182.15
100000,10240,89658,1141.51
1000000,10240,880930,884.63
1000000,10240,872655,17641.45
100000,10240,46257,15552.45
100000,10240,37930,10857.94
1000000,10240,979291,459.90
1000000,10240,719636,1672.54
1000000,10240,149564,12077.96
1000000,10240,908211,268.76
1000000,10240,237212,24308.72
100000,10240,39691,19987.67
1000000,10240,237465,956.32
100000,10240,94576,15940.61
1000000,10240,434052,14985.19
1000000,10240,46908,1073.18
100000,10240,31467,20557.76
1000000,10240,888767,395.59
1000000,10240,5842,782.32
100000,10240,68690,1181.11
1000000,10240,714544,985.48
1000000,10240,129794,11526.28
100000,10240,84341,16463.01
100000,10240,94158,841.36
100000,10240,24102,959.61
1000000,10240,907751,1407.54
100000,10240,39917,1607.21
1000000,10240,545015,1058.39
100000,10240,89952,2295.14
100000,10240,89848,16227.10
1000000,10240,255177,15508.79
100000,10240,77810,8359.02
1000000,10240,34183,1692.16
100000,10240,6253,765.48
100000,10240,12240,932.56
100000,10240,37083,18008.45
100000,10240,30062,2168.97
1000000,10240,924882,113.14
1000000,10240,157692,18764.00
100000,10240,62065,1629.48
1000000,10240,952612,208.51
100000,10240,87122,354.32
100000,10240,62049,872.52
100000,10240,18021,1333.11
100000,10240,963,745.19
100000,10240,27215,12112.63
1000000,10240,940210,200.49
100000,10240,32493,1248.78
1000000,10240,529558,433.72
1000000,10240,207639,17847.88
100000,10240,30368,1928.27
1000000,10240,787887,24050.77
100000,10240,98955,19752.38
100000,10240,53383,1275.66
1000000,10240,673292,626.54
100000,10240,49756,21569.83
100000,10240,17614,19458.74
1000000,10240,5874,817.42
100000,10240,27653,13829.30
1000000,10240,61795,14861.08
1000000,10240,197045,16038.65
1000000,10240,874994,778.63
100000,10240,79073,1196.51
100000,10240,6582,752.00
100000,10240,760,28578.15
1000000,10240,882298,931.54
100000,10240,52264,11903.69
1000000,10240,911591,426.83
1000000,10240,510125,682.09
100000,10240,51374,310.52
1000000,10240,258281,439.98
100000,10240,82483,911.46
100000,10240,72494,13942.21
100000,10240,39326,429.76
1000000,10240,517594,816.40
100000,10240,56603,433.83
1000000,10240,660957,586.57
100000,10240,56482,19767.69
1000000,10240,729937,1172.90
100000,10240,15096,378.22
1000000,10240,300752,15499.04
1000000,10240,740880,523.00
1000000,10240,65352,22197.27
100000,10240,95672,747.10
1000000,10240,243545,529.79
1000000,10240,38801,1117.87
1000000,10240,609845,8621.70
100000,10240,77402,507.54
1000000,10240,66582,693.09
100000,10240,2260,22184.08
1000000,10240,484341,14776.46
100000,10240,58447,19549.42
1000000,10240,739513,740.87
1000000,10240,417303,16634.98
100000,10240,38209,543.86
100000,10240,49886,1069.21
100000,10240,15319,510.66
1000000,10240,302441,17373.92
1000000,10240,359279,828.05
100000,10240,66902,11700.89
1000000,10240,444787,14356.07
1000000,10240,54662,602.97
100000,10240,28047,528.31
100000,10240,25486,23237.93
100000,10240,58400,18520.27
100000,10240,1256,677.62
100000,10240,53011,495.60
1000000,10240,740204,17880.22
100000,10240,54238,32055.18
100000,10240,16547,1230.22
100000,10240,40662,750.23
100000,10240,50019,14872.58
1000000,10240,132506,553.60
1000000,10240,341501,403.03
100000,10240,74350,544.64
100000,10240,40645,475.68
100000,10240,74976,554.36
100000,10240,93498,668.18
1000000,10240,596799,22821.38
100000,10240,22789,15074.00
100000,10240,99406,18551.16
1000000,10240,619864,479.17
100000,10240,75842,22845.36
100000,10240,66093,14274.46
100000,10240,29912,747.14
1000000,10240,391616,14343.25
1000000,10240,169963,635.16
100000,10240,79745,1082.89
1000000,10240,147083,487.65
100000,10240,46064,270.76
100000,10240,3784,324.79
1000000,10240,616735,12241.61
1000000,10240,632262,649.25
1000000,10240,360351,21219.94
100000,10240,67862,18150.81
1000000,10240,220069,14176.24
1000000,10240,259413,13272.75
100000,10240,46567,1308.67
100000,10240,64357,992.85
100000,10240,16828,12253.45
1000000,10240,506755,682.66
100000,10240,25023,957.87
1000000,10240,577295,410.65
100000,10240,21805,13949.60
1000000,10240,808878,606.76
100000,10240,52742,636.44
1000000,10240,417522,605.96
100000,10240,59917,1167.23
100000,10240,18776,487.33
1000000,10240,38766,359.16
1000000,10240,179750,20212.36
1000000,10240,367355,9099.57
1000000,10240,996523,344.14
1000000,10240,269789,409.46
100000,10240,68386,6278.85
100000,10240,97595,462.80
100000,10240,54891,674.51
100000,10240,55936,859.23
1000000,10240,759490,17520.98
1000000,10240,93469,14183.80
100000,10240,41222,15492.69
1000000,10240,334522,674.91
1000000,10240,101568,10642.22
100000,10240,74086,14737.13
100000,10240,5170,698.96
1000000,10240,76573,20344.48
1000000,10240,757501,681.15
1000000,10240,160483,15024.55
100000,10240,27535,1114.60
1000000,10240,856437,11779.72
1000000,10240,426068,434.29
100000,10240,1231,11332.95
1000000,10240,78641,18695.65
100000,10240,65826,22740.01
1000000,10240,422056,616.40
100000,10240,80634,991.39
100000,10240,57807,15162.70
100000,10240,48629,1046.44
1000000,10240,740529,504.79
1000000,10240,900786,87.78
100000,10240,49060,310.64
1000000,10240,401975,13082.70
100000,10240,86431,17952.15
100000,10240,70292,633.20
100000,10240,84500,912.05
1000000,10240,499288,13811.99
100000,10240,49514,827.83
100000,10240,41467,1190.63
1000000,10240,392850,21536.52
1000000,10240,155084,575.27
100000,10240,57203,17834.44
1000000,10240,326203,11738.44
100000,10240,75396,1214.46
100000,10240,5253,21258.60
1000000,10240,946105,143.73
1000000,10240,548668,707.54
100000,10240,31934,24151.19
100000,10240,77469,36345.83
1000000,10240,491431,1089.14
1000000,10240,256992,28010.43
1000000,10240,400098,1139.50
1000000,10240,92280,18034.15
1000000,10240,593677,17997.34
100000,10240,60238,1130.86
1000000,10240,759712,627.23
100000,10240,36421,604.64
1000000,10240,84638,422.89
1000000,10240,67388,455.00
100000,10240,21581,288.99
100000,10240,46052,302.72
100000,10240,39251,15323.04
100000,10240,13332,486.97
1000000,10240,624682,300.90
100000,10240,1553,16047.86
1000000,10240,442223,612.85
100000,10240,11188,16813.55
100000,10240,94526,928.76
100000,10240,94924,431.55
1000000,10240,993153,103.32
100000,10240,31135,306.55
100000,10240,61623,672.35
1000000,10240,640037,16372.90
100000,10240,32512,24910.97
100000,10240,71791,15365.68
1000000,10240,303343,712.53
1000000,10240,616767,19011.99
1000000,10240,775798,537.58
1000000,10240,902969,723.17
100000,10240,70981,552.37
1000000,10240,491075,292.07
100000,10240,15036,899.57
100000,10240,47953,400.89
1000000,10240,725399,369.19
1000000,10240,764989,23163.46
1000000,10240,371890,776.39
100000,10240,68121,563.28
100000,10240,80455,528.76
100000,10240,97999,13418.61
100000,10240,86725,26799.62
100000,10240,32177,1319.89
100000,10240,79381,14040.14
100000,10240,52198,17333.52
100000,10240,44007,16661.80
1000000,10240,16817,20709.61
1000000,10240,186049,754.23
1000000,10240,136200,21297.41
1000000,10240,332951,789.09
1000000,10240,149645,20198.54
100000,10240,23699,1497.83
1000000,10240,444677,26927.62
1000000,10240,498293,734.19
1000000,10240,88129,20155.14
1000000,10240,918156,250.70
100000,10240,39507,516.96
1000000,10240,114582,17610.64
100000,10240,39829,19448.92
1000000,10240,169054,12632.13
1000000,10240,730532,16654.24
100000,10240,32990,1508.42
100000,10240,16551,26847.26
1000000,10240,972632,370.98
100000,10240,85929,20425.50
1000000,10240,990374,125.47
1000000,10240,615517,575.09
1000000,10240,212882,14460.53
100000,10240,73591,915.15
1000000,10240,349950,13237.74
100000,10240,90729,707.49
100000,10240,26467,818.56
100000,10240,25106,18804.64
100000,10240,53713,16734.65
1000000,10240,926429,322.15
1000000,10240,673437,19056.78
100000,10240,95679,24276.75
1000000,10240,447191,761.85
100000,10240,42917,1397.64
100000,10240,50436,999.39
100000,10240,47948,17580.30
1000000,10240,833511,658.69
100000,10240,63999,721.55
1000000,10240,272922,16701.56
100000,10240,63492,23403.54
100000,10240,82397,1649.01
1000000,10240,946738,158.27
1000000,10240,12281,13179.32
100000,10240,30715,909.93
100000,10240,68632,805.54
100000,10240,93244,22896.01
1000000,10240,468143,1164.67
1000000,10240,373986,630.24
100000,10240,79963,764.63
100000,10240,37941,802.16
1000000,10240,733907,540.24
1000000,10240,501482,15263.80
1000000,10240,456097,21643.46
100000,10240,32780,21268.72
1000000,10240,63098,15419.88
1000000,10240,630707,791.57
100000,10240,25746,9985.71
100000,10240,21695,10489.81
1000000,10240,443646,1061.46
1000000,10240,410020,1285.70
1000000,10240,661732,614.25
100000,10240,65058,538.03
100000,10240,58830,1203.56
100000,10240,18558,37354.42
100000,10240,55517,881.36
1000000,10240,760636,16946.94
100000,10240,15806,1060.69
100000,10240,36583,457.83
1000000,10240,523502,12955.73
1000000,10240,757962,1633.55
1000000,10240,564400,24783.83
100000,10240,29958,1138.99
1000000,10240,131366,17478.83
100000,10240,96650,1127.62
1000000,10240,907507,389.74
100000,10240,50777,1055.58
1000000,10240,817230,1043.00
100000,10240,73242,14002.53
1000000,10240,324745,22589.00
1000000,10240,131945,893.03
100000,10240,24105,24590.61
100000,10240,35167,909.25
100000,10240,59270,705.45
100000,10240,21922,8151.01
1000000,10240,463363,11672.65
100000,10240,99935,1123.05
100000,10240,60029,1094.74
100000,10240,69984,849.92
1000000,10240,344650,1128.01
1000000,10240,99178,10118.14
100000,10240,18827,627.28
1000000,10240,212398,24328.46
1000000,10240,347618,2964.84
100000,10240,74766,8749.27
1000000,10240,492796,16305.43
100000,10240,71233,15148.14
1000000,10240,654319,27299.60
100000,10240,86969,1557.83
100000,10240,33868,451.85
1000000,10240,592767,12247.97
100000,10240,73919,14234.38
1000000,10240,496446,10336.89
100000,10240,29015,8485.30
100000,10240,46357,826.09
1000000,10240,338746,16415.76
100000,10240,58166,1209.78
1000000,10240,733064,1036.67
1000000,10240,746610,424.90
100000,10240,71612,16231.72
100000,10240,65136,1345.55
1000000,10240,200160,18967.94
100000,10240,88835,600.90
1000000,10240,551818,565.25
1000000,10240,523706,428.68
100000,10240,65214,355.64
100000,10240,68585,15444.89
1000000,10240,19570,13398.87
100000,10240,11221,13670.69
100000,10240,56302,434.64
1000000,10240,319751,529.39
100000,10240,70593,1052.09
1000000,10240,478417,8077.68
1000000,10240,206283,25218.96
100000,10240,25313,839.45
100000,10240,99598,17036.41
100000,10240,24613,557.44
1000000,10240,229537,18398.84
100000,10240,95448,632.89
1000000,10240,395552,1039.17
100000,10240,38096,25356.40
100000,10240,46168,16630.67
100000,10240,15235,957.50
100000,10240,13710,813.57
100000,10240,4898,15565.33
1000000,10240,91488,578.07
1000000,10240,220032,21397.69
1000000,10240,377788,29057.45
100000,10240,95015,893.24
100000,10240,52459,870.93
100000,10240,16545,7953.13
100000,10240,61564,1160.68
100000,10240,371,357.74
1000000,10240,270756,455.71
100000,10240,33681,7410.44
100000,10240,24688,22271.55
100000,10240,47447,20344.09
1000000,10240,475904,13621.03
1000000,10240,727418,634.28
1000000,10240,979555,313.90
1000000,10240,922682,362.38
100000,10240,75711,949.78
100000,10240,6014,18734.96
100000,10240,7641,21428.20
100000,10240,33728,533.15
1000000,10240,29411,17936.49
1000000,10240,182973,871.22
100000,10240,72895,17068.68
1000000,10240,752293,473.46
1000000,10240,689624,530.78
100000,10240,84840,8917.29
1000000,10240,952900,206.71
100000,10240,72102,596.03
100000,10240,80691,696.17
1000000,10240,333412,9471.73
1000000,10240,306068,8430.15
1000000,10240,295528,16853.51
100000,10240,48096,21412.58
100000,10240,16569,18846.28
1000000,10240,900217,383.62
1000000,10240,557075,602.02
1000000,10240,844906,362.57
1000000,10240,951756,196.57
100000,10240,6411,12175.08
100000,10240,5250,44182.31
100000,10240,55448,933.70
1000000,10240,869812,495.52
1000000,10240,971910,105.94
100000,10240,84523,20538.58
1000000,10240,991418,322.37
1000000,10240,912084,453.22
100000,10240,79635,22547.80
100000,10240,31195,580.84
1000000,10240,98679,17484.39
1000000,10240,229540,814.71
1000000,10240,346198,15855.57
1000000,10240,537559,16827.42
100000,10240,31186,14930.83
1000000,10240,400980,360.46
100000,10240,86341,709.62
100000,10240,59098,306.23
100000,10240,29809,296.51
1000000,10240,824231,328.71
100000,10240,13294,22323.14
1000000,10240,152656,723.19
1000000,10240,970187,97.77
100000,10240,15650,18189.92
1000000,10240,68477,668.79
100000,10240,98206,826.51
1000000,10240,956702,100.81
1000000,10240,88047,21225.28
100000,10240,64542,573.23
1000000,10240,973938,217.44
1000000,10240,303657,12717.25
100000,10240,61349,22288.52
100000,10240,74714,13753.85
100000,10240,22391,1016.96
100000,10240,13168,15491.15
1000000,10240,867960,760.69
100000,10240,9634,16095.99
1000000,10240,668357,623.55
1000000,10240,276502,314.18
100000,10240,78504,674.91
100000,10240,76326,756.64
100000,10240,24906,318.12
1000000,10240,928810,101.08
100000,10240,53227,251.88
100000,10240,71845,15383.21
100000,10240,30862,11345.35
1000000,10240,800122,572.81
100000,10240,52692,884.64
100000,10240,88542,964.23
100000,10240,15919,695.73
1000000,10240,778642,614.98
1000000,10240,942221,219.81
100000,10240,88954,851.15
100000,10240,58287,27039.83
1000000,10240,627959,683.19
100000,10240,32850,855.96
1000000,10240,609732,421.51
1000000,10240,779058,320.39
100000,10240,71643,849.90
100000,10240,31179,760.19
1000000,10240,404639,370.19
100000,10240,66039,894.72
1000000,10240,453038,5070.22
100000,10240,58065,267.94
100000,10240,32053,20489.30
100000,10240,50965,10803.21
100000,10240,81931,26640.32
100000,10240,21207,18711.77
100000,10240,13902,1021.21
100000,10240,12384,677.14
1000000,10240,386326,26392.74
1000000,10240,282572,799.34
1000000,10240,965325,115.17
100000,10240,95677,323.02
100000,10240,35553,604.88
100000,10240,51936,428.94
100000,10240,61503,383.70
100000,10240,7148,50662.38
100000,10240,14459,673.15
1000000,10240,1049,1035.00
1000000,10240,943227,241.23
100000,10240,10592,18339.48
1000000,10240,874692,555.96
1000000,10240,687300,22462.91
100000,10240,14371,16321.16
100000,10240,38188,1090.51
100000,10240,98759,13666.87
100000,10240,538,678.35
1000000,10240,412982,17226.59
1000000,10240,603726,13213.39
1000000,10240,407440,1142.03
1000000,10240,113034,14557.22
100000,10240,7038,20410.87
100000,10240,29602,15334.84
100000,10240,47619,15080.80
100000,10240,81999,19295.07
100000,10240,38038,735.39
100000,10240,3819,402.09
1000000,10240,435047,15718.74
1000000,10240,242189,13859.92
100000,10240,37743,552.96
1000000,10240,647553,13379.47
100000,10240,28221,25144.20
100000,10240,71253,689.53
1000000,10240,624086,558.81
100000,10240,77554,808.38
1000000,10240,307364,20403.12
1000000,10240,626040,533.19
100000,10240,94696,1009.57
100000,10240,62288,868.98
100000,10240,10508,289.90
1000000,10240,569113,21202.83
1000000,10240,581667,22808.70
100000,10240,83320,617.30
1000000,10240,912777,555.45
100000,10240,42568,1192.49
100000,10240,35190,21862.05
1000000,10240,935999,233.52
100000,10240,33347,1790.34
1000000,10240,450405,14222.12
100000,10240,84852,1021.94
1000000,10240,957440,303.31
1000000,10240,977735,100.16
1000000,10240,88876,2094.90
100000,10240,59892,1559.80
1000000,10240,244703,11682.17
1000000,10240,138987,14856.33
1000000,10240,444664,9607.11
1000000,10240,913021,15087.16
1000000,10240,163324,34187.83
1000000,10240,18048,20630.64
1000000,10240,568016,914.75
1000000,10240,835527,1350.54
100000,10240,2440,32857.32
1000000,10240,155783,1649.86
1000000,10240,494299,11770.59
1000000,10240,741309,560.14
100000,10240,62324,1583.54
100000,10240,87796,19191.87
1000000,10240,821934,1189.42
1000000,10240,939345,228.16
1000000,10240,484904,22221.10
100000,10240,77569,17715.09
100000,10240,10363,866.15
100000,10240,88866,1340.19
100000,10240,44801,898.83
1000000,10240,174270,489.75
1000000,10240,30451,984.23
1000000,10240,790183,1314.37
1000000,10240,86422,396.48
1000000,10240,347605,13320.12
100000,10240,42143,22665.94
100000,10240,80356,9200.61
1000000,10240,94840,8281.74
1000000,10240,966702,102.72
1000000,10240,147262,13436.27
1000000,10240,779055,21079.82
100000,10240,1967,13541.26
1000000,10240,696500,10906.83
1000000,10240,159825,506.66
1000000,10240,331603,16821.91
1000000,10240,22143,437.33
100000,10240,35221,602.32
100000,10240,72559,16543.38
100000,10240,31877,1024.85
1000000,10240,413064,1106.39
1000000,10240,415912,18101.23
1000000,10240,970599,144.21
100000,10240,12803,16250.26
1000000,10240,442875,17813.43
1000000,10240,149809,884.79
100000,10240,89908,16640.98
1000000,10240,86627,790.55
1000000,10240,728221,691.93
1000000,10240,84416,1723.28
100000,10240,54138,18438.25
1000000,10240,323496,27581.21
1000000,10240,942155,309.14
1000000,10240,877135,351.57
1000000,10240,463621,14710.00
1000000,10240,21783,812.89
100000,10240,59433,697.16
100000,10240,3617,11207.85
1000000,10240,758188,14542.23
1000000,10240,224593,18252.18
1000000,10240,100318,16031.35
100000,10240,59609,22581.18
1000000,10240,893077,354.68
100000,10240,96381,1415.01
100000,10240,9898,17498.38
100000,10240,99659,889.05
100000,10240,34814,17600.23
100000,10240,32748,21507.49
1000000,10240,196193,15414.16
100000,10240,81501,756.97
1000000,10240,441457,750.13
1000000,10240,523019,12196.90
100000,10240,12752,41386.74
100000,10240,32953,662.49
1000000,10240,284682,22292.69
100000,10240,98326,12711.97
1000000,10240,172216,1110.43
1000000,10240,668444,501.04
100000,10240,59130,1140.79
1000000,10240,475436,12606.47
1000000,10240,879226,327.10
100000,10240,60943,15413.44
1000000,10240,647614,17910.96
1000000,10240,538430,804.78
100000,10240,31034,997.74
1000000,10240,347362,530.95
100000,10240,78497,17928.25
1000000,10240,178687,16615.86
1000000,10240,815866,664.52
100000,10240,73184,511.87
100000,10240,69742,328.07
100000,10240,64216,15713.15
1000000,10240,259322,24940.63
100000,10240,17781,2998.42
100000,10240,1352,1501.94
1000000,10240,617545,299.97
1000000,10240,990796,96.44
100000,10240,10205,14182.24
100000,10240,42830,871.18
100000,10240,42517,386.96
1000000,10240,919680,89.38
100000,10240,68614,613.91
100000,10240,57905,842.55
1000000,10240,745902,286.86
1000000,10240,680129,16138.35
100000,10240,72298,560.64
1000000,10240,291334,466.08
100000,10240,69523,870.67
100000,10240,78558,268.30
1000000,10240,246268,15202.20
100000,10240,51327,1572.58
1000000,10240,403350,41627.95
100000,10240,98548,16629.67
100000,10240,42006,19897.55
1000000,10240,12151,716.77
100000,10240,31801,17888.67
1000000,10240,895336,620.96
1000000,10240,220855,498.29
100000,10240,14478,432.85
1000000,10240,200258,381.04
100000,10240,75372,311.20
100000,10240,99753,301.27
1000000,10240,341849,280.01
1000000,10240,760579,311.15
100000,10240,47028,15163.42
1000000,10240,403433,23734.82
100000,10240,58515,577.94
100000,10240,14021,33856.11
100000,10240,75880,1209.04
1000000,10240,672625,663.43
100000,10240,1274,441.42
1000000,10240,363627,19355.56
1000000,10240,656361,19075.98
1000000,10240,98820,15093.14
1000000,10240,568096,313.13
1000000,10240,519071,324.18
100000,10240,39650,501.34
1000000,10240,509754,23083.18
100000,10240,80199,22415.59
100000,10240,60981,458.34
1000000,10240,360607,419.12
1000000,10240,146327,427.08
100000,10240,90133,297.06
1000000,10240,12098,673.82
100000,10240,49992,796.02
1000000,10240,46573,330.74
1000000,10240,373122,574.02
100000,10240,35669,18071.48
100000,10240,84518,846.50
1000000,10240,296120,11801.38
100000,10240,94920,11030.88
100000,10240,30692,512.84
1000000,10240,165132,339.79
100000,10240,13410,347.47
100000,10240,52873,18604.88
1000000,10240,400661,17427.17
1000000,10240,238356,8313.19
1000000,10240,143028,399.82
100000,10240,70989,799.71
100000,10240,57342,531.67
1000000,10240,131211,20334.46
100000,10240,46961,1196.43
1000000,10240,528704,576.29
1000000,10240,56752,723.93
1000000,10240,878012,281.22
100000,10240,61669,18482.34
1000000,10240,356765,18427.22
1000000,10240,92875,810.32
1000000,10240,419369,12252.98
1000000,10240,322328,1056.01
1000000,10240,483326,403.57
100000,10240,57104,1390.89
1000000,10240,958138,233.28
100000,10240,29654,23826.27
1000000,10240,950326,333.54
1000000,10240,536174,454.75
1000000,10240,780523,313.93
1000000,10240,392547,16249.99
100000,10240,41777,17629.79
100000,10240,93502,1518.97
100000,10240,60245,18184.98
1000000,10240,720413,500.88
1000000,10240,802694,424.17
1000000,10240,762998,529.43
100000,10240,76689,14525.76
100000,10240,94276,13883.42
1000000,10240,496250,626.67
100000,10240,1103,596.01
1000000,10240,35739,545.62
100000,10240,13965,23816.27
100000,10240,43007,677.92
1000000,10240,554797,23017.74
1000000,10240,741947,607.09
1000000,10240,580170,609.93
1000000,10240,898794,418.52
100000,10240,9171,14093.37
1000000,10240,616886,453.62
1000000,10240,9818,19405.47
1000000,10240,961421,176.18
1000000,10240,541228,10117.74
1000000,10240,276864,866.98
100000,10240,35737,20353.17
100000,10240,17601,495.34
100000,10240,14662,393.08
100000,10240,27490,26858.32
100000,10240,20290,16506.90
1000000,10240,121297,544.03
1000000,10240,342360,19246.62
100000,10240,47044,1367.65
100000,10240,34782,509.22
1000000,10240,8357,633.38
1000000,10240,631394,286.81
100000,10240,21860,28692.88
100000,10240,84974,1177.65
1000000,10240,980161,223.97
100000,10240,17274,841.87
100000,10240,55601,293.61
1000000,10240,504544,511.83
1000000,10240,378222,414.09
100000,10240,51733,295.10
100000,10240,33162,20977.86
1000000,10240,768227,952.91
1000000,10240,461229,10224.99
100000,10240,81685,520.77
100000,10240,14806,10621.69
100000,10240,4809,14624.03
1000000,10240,877504,404.88
1000000,10240,723880,511.76
100000,10240,37247,20102.15
1000000,10240,833379,746.50
1000000,10240,249382,28434.79
1000000,10240,86816,8241.13
100000,10240,52227,17734.21
1000000,10240,299212,17756.17
1000000,10240,583499,10881.05
1000000,10240,96216,782.25
100000,10240,68723,14750.56
1000000,10240,711267,535.03
1000000,10240,558155,22686.28
100000,10240,95072,19412.65
100000,10240,81016,746.76
100000,10240,74,24488.47
1000000,10240,617499,7784.88
100000,10240,3365,409.86
1000000,10240,599780,21271.64
1000000,10240,248243,14731.88
100000,10240,79354,1615.69
1000000,10240,561425,444.85
1000000,10240,210701,13970.26
1000000,10240,22238,17532.60
1000000,10240,387125,16567.24
100000,10240,72173,1483.33
1000000,10240,398988,686.77
100000,10240,69827,19362.57
1000000,10240,940060,300.09
100000,10240,17947,17944.28
100000,10240,14534,17682.52
1000000,10240,834832,684.71
100000,10240,29716,580.33
1000000,10240,360836,16377.31
100000,10240,98655,16957.87
1000000,10240,993921,382.34
1000000,10240,139794,1153.71
100000,10240,89282,1230.82
100000,10240,49958,1278.29
100000,10240,3445,19794.70
1000000,10240,508763,1031.05
100000,10240,72676,1330.56
100000,10240,44375,13853.90
1000000,10240,127131,51585.46
100000,10240,54450,1651.05
1000000,10240,701199,532.89
1000000,10240,239834,13371.74
100000,10240,20319,19130.49
100000,10240,94029,993.77
100000,10240,59343,2040.64
100000,10240,8361,877.91
1000000,10240,899428,736.65
100000,10240,72800,20275.70
1000000,10240,204350,31423.83
100000,10240,14744,1186.41
1000000,10240,662233,621.31
1000000,10240,673429,1006.87
1000000,10240,543719,16080.95
1000000,10240,278172,24123.32
100000,10240,47303,17747.41
1000000,10240,288660,19350.47
1000000,10240,471785,727.51
100000,10240,42622,982.06
1000000,10240,669068,876.27
1000000,10240,608512,799.12
1000000,10240,590913,32936.92
1000000,10240,536526,1799.04
100000,10240,39618,1718.96
1000000,10240,335560,25476.22
1000000,10240,517255,948.98
100000,10240,78644,581.82
100000,10240,4726,894.38
1000000,10240,445625,1309.54
100000,10240,34803,740.50
100000,10240,89070,1217.79
1000000,10240,562259,595.77
1000000,10240,535849,15319.69
100000,10240,27483,7802.00
1000000,10240,344603,16028.20
100000,10240,63185,17063.90
100000,10240,31890,652.60
1000000,10240,481498,1082.51
100000,10240,37828,1319.08
1000000,10240,465367,13838.18
1000000,10240,159223,23594.30
100000,10240,85909,1520.77
100000,10240,82802,788.02
1000000,10240,176358,11983.71
100000,10240,14326,1336.62
100000,10240,65776,566.05
100000,10240,81678,16061.05
1000000,10240,31434,13942.11
1000000,10240,18943,13617.64
1000000,10240,342753,749.51
100000,10240,21298,14157.10
1000000,10240,376879,1543.28
1000000,10240,29226,9647.18
100000,10240,31979,16093.42
100000,10240,13133,14471.62
100000,10240,20922,13959.25
1000000,10240,35395,925.45
100000,10240,17486,19977.50
100000,10240,55343,760.50
1000000,10240,725447,743.66
100000,10240,21044,18133.85
1000000,10240,100181,822.68
100000,10240,68522,642.84
100000,10240,15799,15000.72
1000000,10240,599672,23087.10
100000,10240,96492,1248.54
100000,10240,60401,19178.04
1000000,10240,60045,18736.63
1000000,10240,189030,721.04
1000000,10240,115806,14937.25
100000,10240,31385,606.20
1000000,10240,686398,568.18
1000000,10240,186255,717.40
1000000,10240,119879,674.92
100000,10240,27152,15534.52
100000,10240,37002,1065.98
1000000,10240,402704,22996.59
100000,10240,15993,12961.25
100000,10240,20220,859.61
100000,10240,19424,833.64
100000,10240,84495,463.92
1000000,10240,559380,17014.52
100000,10240,90255,1141.55
100000,10240,50293,1471.55
100000,10240,53961,17029.21
1000000,10240,249799,17143.75
100000,10240,50343,1423.44
100000,10240,72756,563.44
100000,10240,15167,16261.19
100000,10240,72642,15441.80
100000,10240,113,21565.84
1000000,10240,803972,906.82
100000,10240,30595,774.37
100000,10240,8250,528.02
1000000,10240,721354,666.07
100000,10240,42587,625.96
100000,10240,17758,17912.22
100000,10240,66143,890.03
1000000,10240,756300,522.32
100000,10240,66469,1377.00
1000000,10240,875964,183.04
1000000,10240,823073,635.42
1000000,10240,733491,425.36
100000,10240,94861,576.56
1000000,10240,150026,16280.83
1000000,10240,926906,237.73
1000000,10240,86558,20185.72
1000000,10240,298624,980.27
1000000,10240,227882,603.28
1000000,10240,68535,16823.05
1000000,10240,578333,16392.81
1000000,10240,382801,772.63
100000,10240,42389,14521.72
1000000,10240,681756,17385.45
1000000,10240,25854,19759.73
100000,10240,35739,23367.04
100000,10240,7419,854.71
100000,10240,95782,428.88
1000000,10240,6833,658.90
100000,10240,27886,334.63
100000,10240,29218,16957.81
1000000,10240,730140,547.46
100000,10240,43321,506.06
1000000,10240,863955,90.06
1000000,10240,181361,9254.22
100000,10240,61727,16254.60
1000000,10240,579707,626.86
1000000,10240,412433,522.10
100000,10240,90802,32709.48
1000000,10240,122060,20342.39
100000,10240,33004,734.13
100000,10240,49615,776.40
1000000,10240,432068,360.06
100000,10240,61908,14204.88
1000000,10240,429718,17515.58
100000,10240,28545,20534.42
100000,10240,84813,802.11
1000000,10240,463531,20318.51
100000,10240,70545,16059.06
1000000,10240,325903,573.34
100000,10240,69339,606.18
1000000,10240,166494,381.39
100000,10240,65909,2789.93
1000000,10240,944764,84.85
100000,10240,21679,15682.83
100000,10240,11690,17177.03
100000,10240,42217,22179.74
100000,10240,94186,1329.39
1000000,10240,693875,13203.25
100000,10240,4929,18609.21
1000000,10240,750663,616.54
100000,10240,41709,18224.62
1000000,10240,143110,668.05
1000000,10240,874180,589.53
100000,10240,63527,641.58
100000,10240,6743,15878.40
100000,10240,49221,551.73
1000000,10240,657790,487.56
1000000,10240,209422,8359.44
100000,10240,43544,8771.00
1000000,10240,457244,669.49
100000,10240,83548,969.49
1000000,10240,824047,385.67
100000,10240,36822,417.16
100000,10240,76484,843.29
100000,10240,43463,497.44
100000,10240,38609,318.60
100000,10240,37501,894.43
1000000,10240,441875,349.57
100000,10240,88280,336.98
1000000,10240,574559,13283.24
1000000,10240,961226,385.54
1000000,10240,301825,412.73
100000,10240,98617,496.38
1000000,10240,565509,519.94
1000000,10240,560737,14895.97
100000,10240,96744,12567.44
1000000,10240,777039,738.61
1000000,10240,164417,17604.51
1000000,10240,90047,17247.92
100000,10240,84513,608.62
1000000,10240,532491,70387.32
1000000,10240,782193,610.03
1000000,10240,763220,454.76
100000,10240,66086,18039.83
100000,10240,73351,13948.75
1000000,10240,682583,741.79
1000000,10240,691890,324.62
1000000,10240,667044,16317.55
100000,10240,92435,15605.61
100000,10240,12729,24750.67
1000000,10240,349935,736.85
1000000,10240,363473,564.86
1000000,10240,519885,11007.83
100000,10240,26577,17662.44
100000,10240,87404,15327.05
100000,10240,23437,576.81
1000000,10240,153437,549.92
100000,10240,52965,19118.90
100000,10240,19671,21965.15
100000,10240,83105,1074.38
100000,10240,49823,14055.49
100000,10240,84115,886.98
100000,10240,88580,1024.93
100000,10240,11151,419.48
100000,10240,5300,13406.80
1000000,10240,178711,1195.81
1000000,10240,481430,23531.95
100000,10240,73519,16815.48
1000000,10240,344511,11290.65
1000000,10240,440073,17480.03
100000,10240,50070,10863.13
100000,10240,38207,17101.70
1000000,10240,448088,626.40
1000000,10240,823982,29604.56
1000000,10240,433843,23307.69
1000000,10240,412668,576.81
1000000,10240,987806,231.97
100000,10240,45504,816.44
1000000,10240,684925,266.28
100000,10240,45843,12232.45
100000,10240,4268,18707.44
100000,10240,12656,12000.98
100000,10240,46129,4258.94
1000000,10240,868937,739.25
1000000,10240,690573,15878.50
1000000,10240,707304,659.84
100000,10240,84448,10663.60
1000000,10240,500143,470.44
100000,10240,36831,7062.70
1000000,10240,10298,419.09
1000000,10240,573236,337.16
1000000,10240,691982,22535.39
100000,10240,9552,724.88
1000000,10240,538444,15078.89
100000,10240,65065,14378.35
1000000,10240,439459,650.48
1000000,10240,192864,889.78
1000000,10240,912708,608.25
1000000,10240,341203,17565.92
100000,10240,18320,724.31
1000000,10240,100707,6932.89
1000000,10240,549868,470.02
100000,10240,11898,17947.81
100000,10240,81968,20032.83
1000000,10240,941510,301.74
1000000,10240,393235,24543.46
1000000,10240,535634,14761.54
1000000,10240,293371,322.79
1000000,10240,749575,23848.01
1000000,10240,931130,302.33
100000,10240,77908,533.42
100000,10240,59424,8917.97
1000000,10240,149623,472.73
100000,10240,51003,2457.30
100000,10240,60314,13160.65
100000,10240,79879,16153.91
1000000,10240,279005,1405.98
1000000,10240,807346,17566.32
1000000,10240,477595,1438.15
100000,10240,67649,816.51
100000,10240,50181,778.82
1000000,10240,595034,782.44
100000,10240,66995,514.59
100000,10240,78240,301.48
1000000,10240,154278,345.73
1000000,10240,18506,8979.66
1000000,10240,433877,14240.04
100000,10240,90921,19802.90
100000,10240,26106,863.41
100000,10240,89825,1074.37
100000,10240,36261,644.74
100000,10240,62814,650.62
100000,10240,39106,9169.34
1000000,10240,296323,11496.75
100000,10240,62616,1348.05
100000,10240,93077,1100.65
100000,10240,68116,988.54
1000000,10240,603618,558.60
100000,10240,86760,657.35
100000,10240,54415,936.79
100000,10240,11957,621.59
1000000,10240,305385,19942.11
1000000,10240,439357,19643.68
100000,10240,37309,20656.47
100000,10240,37093,1770.04
100000,10240,35918,21423.82
1000000,10240,269840,729.88
1000000,10240,876002,304.69
100000,10240,65673,993.82
100000,10240,92121,513.41
100000,10240,18350,408.94
1000000,10240,22069,25511.80
1000000,10240,262779,2350.80
1000000,10240,493578,1088.44
1000000,10240,396339,20715.07
1000000,10240,419645,30786.28
100000,10240,21001,29566.32
1000000,10240,789013,1489.69
100000,10240,68852,1364.39
1000000,10240,522873,17604.72
100000,10240,14621,25571.91
1000000,10240,802875,17233.00
1000000,10240,228330,6677.44
1000000,10240,238158,15377.05
100000,10240,17837,9234.41
100000,10240,2389,1350.34
100000,10240,84675,12762.46
100000,10240,282,11961.89
100000,10240,56418,1277.83
1000000,10240,370498,1251.66
100000,10240,63334,15398.43
1000000,10240,317670,1059.20
100000,10240,70697,12172.54
100000,10240,99056,38318.37
100000,10240,63788,1387.33
1000000,10240,462440,2172.48
100000,10240,90659,10778.84
1000000,10240,364211,22839.58
1000000,10240,631399,1721.56
1000000,10240,364175,20194.91
100000,10240,65951,673.38
100000,10240,80918,779.49
1000000,10240,783106,522.06
1000000,10240,365790,21783.67
100000,10240,32275,870.88
100000,10240,96938,1060.14
100000,10240,49510,12657.94
100000,10240,12245,915.87
100000,10240,91826,15389.00
100000,10240,26438,26177.19
1000000,10240,10632,1761.28
100000,10240,26039,1116.59
100000,10240,54190,1502.39
100000,10240,65225,15313.76
100000,10240,97120,1463.92
100000,10240,54172,1170.26
1000000,10240,600426,1171.29
1000000,10240,126312,16561.74
1000000,10240,602466,18529.64
100000,10240,77924,882.25
1000000,10240,468328,669.19
1000000,10240,104878,572.64
100000,10240,84182,592.63
1000000,10240,77353,16285.56
100000,10240,12903,1742.81
1000000,10240,690852,663.10
100000,10240,57747,17515.25
100000,10240,19815,8590.95
100000,10240,97079,28470.67
1000000,10240,76523,1150.47
1000000,10240,783785,1627.48
100000,10240,82306,925.94
100000,10240,82312,504.76
100000,10240,53903,12646.99
1000000,10240,557286,915.00
1000000,10240,556822,564.73
100000,10240,95897,24114.55
1000000,10240,457351,787.57
1000000,10240,718826,823.48
1000000,10240,824974,785.79
1000000,10240,262081,16194.45
1000000,10240,823218,773.36
1000000,10240,969577,90.63
1000000,10240,775378,23080.78
100000,10240,63720,8814.08
100000,10240,69041,1548.35
100000,10240,44930,1488.86
1000000,10240,158733,15054.47
1000000,10240,645092,682.72
1000000,10240,120784,721.63
100000,10240,50829,905.82
1000000,10240,517300,19143.15
100000,10240,78301,780.85
100000,10240,26201,15594.51
1000000,10240,574630,16589.36
1000000,10240,888843,9388.63
1000000,10240,323595,12749.82
1000000,10240,653756,6342.42
100000,10240,1673,763.91
1000000,10240,184753,16914.99
100000,10240,45916,792.23
100000,10240,83611,1524.24
100000,10240,79876,395.75
100000,10240,46798,739.89
1000000,10240,903845,1011.63
100000,10240,58954,11062.34
1000000,10240,40141,1184.51
100000,10240,58454,17495.15
100000,10240,50026,448.22
100000,10240,78986,16601.17
1000000,10240,412742,321.06
1000000,10240,385166,17663.82
100000,10240,73660,23295.45
100000,10240,41446,1116.00
1000000,10240,834184,3814.14
100000,10240,22264,14211.16
1000000,10240,386785,355.01
100000,10240,57939,8694.48
100000,10240,93003,15434.93
1000000,10240,906484,185.18
100000,10240,15866,20275.26
100000,10240,37347,734.67
100000,10240,2733,9564.92
100000,10240,73499,13135.54
1000000,10240,146918,12932.97
100000,10240,59298,13773.24
100000,10240,17603,21009.28
1000000,10240,856046,681.24
1000000,10240,107596,300.23
1000000,10240,620935,24413.74
100000,10240,24151,20800.53
1000000,10240,856526,725.36
1000000,10240,775854,11687.67
100000,10240,94188,9131.93
1000000,10240,50364,14792.08
1000000,10240,763706,597.18
1000000,10240,890901,300.29
1000000,10240,776677,413.46
1000000,10240,941689,88.04
1000000,10240,675156,306.23
100000,10240,89091,856.77
1000000,10240,618005,666.17
100000,10240,31334,369.85
100000,10240,47294,764.57
1000000,10240,749631,41044.64
100000,10240,31496,808.30
1000000,10240,725452,1156.26
100000,10240,25272,2993.21
100000,10240,27707,2173.22
100000,10240,11847,9763.75
100000,10240,89443,19197.90
100000,10240,63618,1111.09
100000,10240,12182,18938.88
100000,10240,80403,653.90
100000,10240,83442,14437.72
100000,10240,86646,912.23
100000,10240,37880,16296.04
100000,10240,29837,13767.83
100000,10240,26518,17762.45
1000000,10240,745959,20103.33
1000000,10240,328594,17779.51
100000,10240,49456,22588.45
1000000,10240,864996,712.28
100000,10240,70127,547.08
1000000,10240,611999,510.20
1000000,10240,951352,241.20
1000000,10240,777252,432.56
1000000,10240,926252,94.20
1000000,10240,638206,16908.06
1000000,10240,70825,13698.53
100000,10240,42237,659.75
1000000,10240,96931,517.69
100000,10240,86169,15192.53
1000000,10240,263537,671.48
100000,10240,16207,11869.93
100000,10240,6117,14663.82
1000000,10240,213660,18844.48
1000000,10240,88720,17152.02
100000,10240,32215,1209.98
1000000,10240,914295,143.38
1000000,10240,807540,489.54
100000,10240,37655,35241.83
1000000,10240,719517,768.56
1000000,10240,58045,17339.72
1000000,10240,227197,18225.27
1000000,10240,134163,13757.40
100000,10240,34959,701.66
1000000,10240,386559,449.55
100000,10240,75481,9012.12
1000000,10240,484617,846.98
100000,10240,84454,12317.10
100000,10240,86662,18093.42
1000000,10240,140173,16480.45
100000,10240,64486,1616.50
1000000,10240,800681,13170.82
100000,10240,60249,499.02
100000,10240,64532,896.20
1000000,10240,445901,21833.12
100000,10240,10234,1025.42
100000,10240,9869,19602.85
1000000,10240,971027,172.14
1000000,10240,316900,25604.90
100000,10240,60956,716.75
100000,10240,49345,12880.23
1000000,10240,819370,769.53
1000000,10240,760206,520.84
100000,10240,89831,16784.10
1000000,10240,994394,369.35
1000000,10240,978253,90.41
1000000,10240,939952,296.70
1000000,10240,548583,13660.57
1000000,10240,893802,319.20
1000000,10240,183847,32105.35
100000,10240,30107,1031.99
100000,10240,22886,483.92
1000000,10240,380272,13924.17
100000,10240,73699,712.63
1000000,10240,821126,414.53
1000000,10240,5409,1165.73
1000000,10240,965932,90.73
1000000,10240,748244,11577.60
100000,10240,6368,14945.12
1000000,10240,104849,439.53
100000,10240,63736,988.51
100000,10240,60375,738.29
1000000,10240,559054,12813.30
100000,10240,58028,995.61
100000,10240,95243,10217.48
100000,10240,75690,692.49
100000,10240,35887,13982.93
100000,10240,50283,889.39
100000,10240,18855,19807.19
100000,10240,69352,1177.64
1000000,10240,199422,19995.76
1000000,10240,875825,445.58
100000,10240,4298,508.42
1000000,10240,698384,20555.32
100000,10240,38671,735.07
100000,10240,23480,711.66
100000,10240,22962,14969.02
100000,10240,51299,25331.74
100000,10240,99267,1170.90
100000,10240,61936,1478.25
100000,10240,28740,17966.03
1000000,10240,286960,13837.06
1000000,10240,622905,17966.58
100000,10240,96463,18284.70
1000000,10240,318157,10678.02
1000000,10240,855216,1347.23
100000,10240,14668,21533.25
100000,10240,51207,722.07
1000000,10240,614646,931.83
100000,10240,56280,785.35
1000000,10240,10537,27854.57
100000,10240,36458,822.90
1000000,10240,764915,730.47
100000,10240,44062,2735.06
100000,10240,22865,901.54
100000,10240,88022,775.48
100000,10240,40562,1137.35
1000000,10240,155214,13416.14
1000000,10240,305221,509.02
100000,10240,23509,10035.72
100000,10240,96974,1438.84
100000,10240,16673,17396.09
100000,10240,88185,918.39
1000000,10240,586317,595.67
1000000,10240,247062,24645.47
100000,10240,27549,758.31
100000,10240,11232,715.88
100000,10240,43758,599.10
1000000,10240,378526,23836.48
1000000,10240,918977,286.44
1000000,10240,958578,97.90
100000,10240,4791,15196.70
1000000,10240,918758,380.18
1000000,10240,320677,13267.78
1000000,10240,489187,19307.89
100000,10240,10104,11595.34
100000,10240,6863,10101.74
100000,10240,87965,1504.66
100000,10240,51873,788.61
100000,10240,4629,729.59
100000,10240,46844,12930.66
1000000,10240,481111,700.31
100000,10240,43992,18779.74
100000,10240,3396,720.67
1000000,10240,389287,503.97
100000,10240,28971,16723.11
1000000,10240,607705,14293.09
1000000,10240,966009,187.98
1000000,10240,40959,10204.30
1000000,10240,913758,331.89
100000,10240,73659,1744.09
1000000,10240,688484,807.21
1000000,10240,525927,3663.80
1000000,10240,166951,25809.57
1000000,10240,54638,15414.73
1000000,10240,57287,826.60
100000,10240,51764,567.28
1000000,10240,128317,11206.03
100000,10240,56224,19251.44
1000000,10240,734480,837.31
1000000,10240,675192,15577.12
1000000,10240,675908,20710.19
100000,10240,64251,10735.43
100000,10240,62240,28714.34
100000,10240,46507,725.21
100000,10240,90266,866.06
1000000,10240,678657,708.15
1000000,10240,326972,11841.44
1000000,10240,962613,226.45
100000,10240,91364,13798.14
100000,10240,81185,684.24
1000000,10240,971592,107.18
1000000,10240,843811,459.11
100000,10240,7362,14408.99
1000000,10240,857210,1010.21
1000000,10240,426261,918.79
100000,10240,35629,24911.71
1000000,10240,650511,789.56
100000,10240,95104,986.17
100000,10240,43343,774.85
1000000,10240,845220,657.76
1000000,10240,747948,15338.75
100000,10240,18585,19946.89
1000000,10240,321331,2413.44
1000000,10240,748476,24029.41
100000,10240,54875,990.41
1000000,10240,974700,141.31
100000,10240,68417,14633.84
1000000,10240,453485,10791.44
1000000,10240,582324,1588.44
100000,10240,16805,756.20
1000000,10240,837886,520.03
1000000,10240,96598,11715.10
100000,10240,1832,11873.83
1000000,10240,356082,1487.46
100000,10240,76161,17230.39
100000,10240,28953,789.18
100000,10240,44993,1462.53
100000,10240,17961,885.25
100000,10240,90342,14756.94
1000000,10240,275250,703.32
1000000,10240,944019,213.63
100000,10240,71063,767.47
1000000,10240,431865,748.70
100000,10240,62613,516.38
100000,10240,45123,699.79
1000000,10240,507882,13628.44
100000,10240,54935,19505.49
1000000,10240,913218,762.55
1000000,10240,558829,14244.48
100000,10240,3694,1108.07
100000,10240,62530,946.82
1000000,10240,13937,17060.00
100000,10240,95647,14588.81
100000,10240,38566,15325.68
1000000,10240,295503,18933.95
1000000,10240,925143,288.24
1000000,10240,806234,21080.83
1000000,10240,304154,725.47
100000,10240,74299,726.26
100000,10240,34634,897.12
100000,10240,57896,509.81
1000000,10240,105075,9757.68
100000,10240,30433,1054.56
1000000,10240,994047,90.08
1000000,10240,534299,795.80
100000,10240,52461,575.35
1000000,10240,544352,858.52
100000,10240,60745,2113.22
100000,10240,60089,444.21
100000,10240,58756,465.85
100000,10240,24405,14639.02
100000,10240,27487,1498.31
100000,10240,35370,17227.42
1000000,10240,480024,20340.64
1000000,10240,943468,405.47
100000,10240,2132,14731.71
1000000,10240,143910,16210.47
100000,10240,67147,33785.08
100000,10240,22772,899.75
100000,10240,2277,19386.88
100000,10240,39085,721.15
100000,10240,59020,1526.41
100000,10240,38616,18615.66
100000,10240,13235,1047.19
100000,10240,75936,1042.55
1000000,10240,370157,20625.57
100000,10240,89399,1064.07
100000,10240,96360,841.72
100000,10240,7441,9335.37
1000000,10240,930417,89.45
1000000,10240,883360,1134.38
1000000,10240,943974,149.00
1000000,10240,408889,470.51
1000000,10240,544534,14846.55
100000,10240,71645,23883.89
1000000,10240,671274,19220.73
100000,10240,14938,934.61
100000,10240,25430,545.88
100000,10240,99113,855.81
100000,10240,39552,21359.64
100000,10240,28560,881.57
1000000,10240,833853,623.74
100000,10240,44341,316.10
100000,10240,78964,10234.24
100000,10240,4963,982.49
100000,10240,65840,18286.87
100000,10240,97060,1227.56
1000000,10240,660525,16205.39
100000,10240,71765,654.65
100000,10240,69515,602.68
1000000,10240,761244,542.42
1000000,10240,319071,26511.21
1000000,10240,749115,561.90
1000000,10240,926266,297.10
1000000,10240,379821,17944.48
100000,10240,27444,27372.07
100000,10240,51712,992.76
100000,10240,90989,843.18
100000,10240,27321,919.52
100000,10240,84945,19988.50
1000000,10240,381220,19720.84
1000000,10240,65814,30260.44
1000000,10240,133730,520.72
1000000,10240,65431,13677.32
100000,10240,54125,1048.70
100000,10240,34053,440.11
100000,10240,90957,13457.91
1000000,10240,188288,14987.87
100000,10240,57119,756.77
1000000,10240,827175,486.53
100000,10240,48270,593.13
100000,10240,40906,20412.99
1000000,10240,148391,21123.46
100000,10240,41879,689.21
1000000,10240,702629,514.35
100000,10240,49692,855.51
100000,10240,69013,576.21
100000,10240,72036,22813.46
100000,10240,91295,39090.21
1000000,10240,868386,684.08
1000000,10240,116535,16463.70
1000000,10240,186367,38215.50
100000,10240,26158,18975.77
1000000,10240,343376,18637.11
1000000,10240,614496,9938.06
100000,10240,58066,607.00
100000,10240,27176,12462.53
100000,10240,89071,16430.27
100000,10240,56051,1600.03
1000000,10240,380977,16511.01
1000000,10240,493050,11471.83
100000,10240,53269,945.62
100000,10240,61455,1134.87
100000,10240,57496,15665.67
100000,10240,48571,957.22
1000000,10240,966372,305.50
100000,10240,42312,703.43
1000000,10240,403720,354.92
1000000,10240,24835,20393.02
1000000,10240,94636,921.18
1000000,10240,820433,313.80
1000000,10240,438493,372.58
100000,10240,72523,788.49
100000,10240,7848,32721.81
1000000,10240,370920,806.74
1000000,10240,446381,18816.96
1000000,10240,896332,421.63
1000000,10240,800011,467.73
100000,10240,55288,25762.83
1000000,10240,490083,744.52
100000,10240,53883,21995.20
1000000,10240,87289,2712.61
1000000,10240,568817,2748.14
1000000,10240,645430,34490.23
100000,10240,14107,22179.54
1000000,10240,963798,383.63
1000000,10240,758970,14339.97
1000000,10240,969620,328.86
1000000,10240,354820,15978.37
100000,10240,81015,1228.29
100000,10240,18671,17633.44
1000000,10240,653476,28226.15
1000000,10240,758417,727.72
1000000,10240,191029,9045.31
1000000,10240,597329,21443.56
100000,10240,27742,783.15
1000000,10240,226957,10483.62
100000,10240,37487,583.76
100000,10240,45746,988.49
100000,10240,83753,16327.27
100000,10240,67839,990.56
100000,10240,45032,19384.90
100000,10240,2136,18621.68
100000,10240,74128,17996.09
1000000,10240,389523,590.61
100000,10240,44681,480.57
100000,10240,80868,13897.24
100000,10240,51677,1108.23
100000,10240,93537,18878.11
1000000,10240,640051,19358.48
100000,10240,30008,3254.31
100000,10240,30522,23739.99
1000000,10240,98685,13523.61
1000000,10240,906580,891.23
100000,10240,22149,1448.18
1000000,10240,646944,685.30
1000000,10240,418807,410.71
100000,10240,80301,825.48
1000000,10240,656602,13014.98
100000,10240,37101,922.22
1000000,10240,791127,305.03
100000,10240,33493,15925.94
1000000,10240,160455,12676.48
1000000,10240,206698,762.56
1000000,10240,907152,283.08
100000,10240,11108,6660.00
100000,10240,35054,10007.00
100000,10240,69033,721.02
100000,10240,82515,14797.15
1000000,10240,499352,19176.43
1000000,10240,476663,9852.60
100000,10240,78956,1416.16
1000000,10240,692511,1256.60
100000,10240,26217,12455.89
1000000,10240,379459,746.93
1000000,10240,81066,24314.66
100000,10240,60742,855.00
100000,10240,88880,15548.12
1000000,10240,657233,12333.98
1000000,10240,349188,14137.94
100000,10240,54120,1526.11
100000,10240,75454,13134.67
100000,10240,63369,11580.95
1000000,10240,519225,919.75
100000,10240,11822,1743.58
1000000,10240,93296,17587.95
1000000,10240,121828,19542.21
100000,10240,92749,20440.03
1000000,10240,186264,27692.11
1000000,10240,563858,853.99
1000000,10240,487310,734.10
1000000,10240,663432,635.20
100000,10240,11892,600.59
1000000,10240,851952,1278.51
1000000,10240,980482,138.71
100000,10240,83616,18877.46
100000,10240,54675,1327.19
100000,10240,89166,1237.40
1000000,10240,883981,302.72
1000000,10240,221321,39261.30
1000000,10240,275710,1003.42
1000000,10240,119787,12978.99
100000,10240,24380,14773.62
1000000,10240,458858,11643.78
100000,10240,81737,718.98
1000000,10240,916680,205.64
100000,10240,6522,12841.88
1000000,10240,997708,317.19
1000000,10240,506033,18950.39
1000000,10240,828379,989.95
1000000,10240,591299,535.59
1000000,10240,352139,69419.74
100000,10240,95594,816.48
1000000,10240,164458,462.23
100000,10240,98719,12074.44
100000,10240,66321,6220.36
1000000,10240,63746,16864.41
1000000,10240,956886,316.03
100000,10240,71110,1355.70
100000,10240,64409,22315.48
1000000,10240,236800,19973.26
1000000,10240,502955,632.28
100000,10240,27021,28612.47
1000000,10240,769832,1445.54
100000,10240,64004,881.93
1000000,10240,132250,753.12
100000,10240,58529,20873.65
1000000,10240,428649,15998.32
1000000,10240,966462,119.66
1000000,10240,617766,1497.01
100000,10240,77264,655.11
1000000,10240,421530,14116.91
1000000,10240,445668,422.64
1000000,10240,105335,15859.25
1000000,10240,784532,992.81
1000000,10240,730276,719.66
1000000,10240,664909,707.60
1000000,10240,924491,584.79
1000000,10240,231039,20449.11
100000,10240,82616,723.83
1000000,10240,907107,611.64
100000,10240,84833,595.60
100000,10240,42854,795.76
1000000,10240,918649,107.55
100000,10240,12053,15148.86
100000,10240,62493,603.80
100000,10240,21926,14155.43
1000000,10240,865321,835.56
1000000,10240,943937,291.58
100000,10240,64447,1042.48
1000000,10240,914573,91.66
1000000,10240,621427,2136.01
1000000,10240,838429,735.71
100000,10240,77883,9938.88
1000000,10240,402586,18619.65
100000,10240,39833,1266.80
1000000,10240,662288,871.53
100000,10240,89381,685.11
100000,10240,1520,17338.91
1000000,10240,969649,253.87
100000,10240,68982,15371.45
100000,10240,81600,16269.69
100000,10240,74668,20312.86
100000,10240,13225,1553.09
100000,10240,64769,780.95
100000,10240,68062,19013.80
1000000,10240,704728,609.28
1000000,10240,549923,21081.56
100000,10240,82240,1679.55
1000000,10240,741761,900.99
1000000,10240,461457,16934.63
100000,10240,3433,18346.77
1000000,10240,359557,315.08
100000,10240,96021,1079.90
100000,10240,58361,24025.36
100000,10240,63518,746.31
100000,10240,28487,1099.29
100000,10240,84926,800.23
1000000,10240,611795,570.05
1000000,10240,896398,143.03
100000,10240,87231,10303.88
100000,10240,43816,22245.68
1000000,10240,412369,14444.84
1000000,10240,737244,1022.64
100000,10240,47277,8432.33
1000000,10240,250127,880.87
1000000,10240,195203,1110.94
100000,10240,80589,956.65
1000000,10240,605947,18942.71
100000,10240,78920,484.89
100000,10240,47349,10620.94
1000000,10240,164660,659.35
100000,10240,1846,519.82
1000000,10240,417559,14394.12
100000,10240,37940,17097.17
1000000,10240,484598,14849.18
100000,10240,83345,1015.32
1000000,10240,182055,17706.94
1000000,10240,789056,456.06
100000,10240,60875,17108.96
100000,10240,61953,908.78
1000000,10240,215289,17363.23
1000000,10240,106759,17269.56
1000000,10240,762974,9442.85
1000000,10240,729222,17357.53
1000000,10240,193785,13008.67
100000,10240,9334,571.62
1000000,10240,201577,15816.38
100000,10240,96067,1530.39
1000000,10240,38283,462.39
100000,10240,22923,835.58
1000000,10240,346994,391.35
100000,10240,43829,12305.93
1000000,10240,52326,18666.10
100000,10240,99248,682.59
100000,10240,75156,16587.83
1000000,10240,700695,560.00
1000000,10240,642693,15563.36
100000,10240,76064,1475.36
1000000,10240,990661,225.78
100000,10240,37851,13856.56
1000000,10240,226636,33465.80
100000,10240,75324,13303.38
100000,10240,30903,22237.13
1000000,10240,297719,11677.42
100000,10240,76011,36577.49
100000,10240,68662,917.61
1000000,10240,163459,482.75
1000000,10240,309636,549.98
1000000,10240,155363,608.53
100000,10240,24780,547.62
1000000,10240,392662,10784.22
1000000,10240,838663,671.36
1000000,10240,115507,403.12
1000000,10240,248617,16895.06
100000,10240,55481,1884.49
1000000,10240,711459,15292.81
1000000,10240,820039,9615.55
100000,10240,85491,9790.40
100000,10240,28043,20310.72
1000000,10240,728252,806.08
1000000,10240,569810,477.52
1000000,10240,433194,395.64
1000000,10240,479757,344.51
100000,10240,80713,728.58
1000000,10240,915728,277.96
100000,10240,7685,16734.06
100000,10240,18111,810.96
100000,10240,973,454.29
100000,10240,88867,19638.09
1000000,10240,940726,210.47
1000000,10240,14210,1175.86
100000,10240,69766,18310.00
100000,10240,54592,16644.19
1000000,10240,15267,2537.85
1000000,10240,862514,715.90
100000,10240,58303,22585.35
1000000,10240,779207,1809.72
1000000,10240,96402,3294.95
100000,10240,66263,1509.92
100000,10240,80658,977.03
100000,10240,8344,3585.99
100000,10240,75066,2412.36
100000,10240,18343,1702.32
100000,10240,52610,2185.56
1000000,10240,194734,20691.27
1000000,10240,989381,164.01
100000,10240,52505,757.72
100000,10240,72362,600.05
100000,10240,9150,2238.82
100000,10240,11395,20248.41
1000000,10240,114939,18254.26
1000000,10240,874857,309.93
1000000,10240,780765,3248.74
100000,10240,24134,12738.38
1000000,10240,47899,23583.76
100000,10240,44541,639.29
100000,10240,20366,312.56
100000,10240,2542,297.54
1000000,10240,476364,325.52
100000,10240,1974,274.78
100000,10240,29697,19514.21
1000000,10240,319736,23094.94
100000,10240,23218,10932.74
1000000,10240,105043,17548.85
100000,10240,1153,1144.49
1000000,10240,106900,26278.05
1000000,10240,661149,286.90
100000,10240,96161,506.93
1000000,10240,261118,19630.83
1000000,10240,2800,806.97
100000,10240,83086,348.89
1000000,10240,628896,286.35
1000000,10240,57327,11912.97
1000000,10240,325387,567.67
1000000,10240,934403,257.17
100000,10240,35247,12480.68
100000,10240,93811,1682.97
1000000,10240,63766,488.55
100000,10240,15386,523.43
100000,10240,40620,777.06
1000000,10240,677693,384.05
100000,10240,11376,380.06
1000000,10240,3381,9292.31
100000,10240,55897,20302.02
1000000,10240,405205,15479.81
100000,10240,64302,963.01
100000,10240,35283,873.23
100000,10240,41482,15710.61
100000,10240,16591,931.79
100000,10240,49856,36972.64
1000000,10240,215363,12687.68
1000000,10240,568716,34844.24
1000000,10240,697670,753.80
1000000,10240,832046,21493.85
1000000,10240,625114,22515.65
1000000,10240,88860,20111.36
1000000,10240,514889,704.45
1000000,10240,946383,299.47
1000000,10240,43768,19637.85
100000,10240,85634,1163.49
100000,10240,28893,697.89
100000,10240,68506,452.62
100000,10240,6787,15132.29
100000,10240,36428,25340.92
1000000,10240,854643,17064.26
100000,10240,235,888.94
100000,10240,55097,836.61
1000000,10240,633120,695.84
1000000,10240,293768,19420.63
1000000,10240,442244,13596.99
100000,10240,93959,23377.20
1000000,10240,349933,893.43
100000,10240,62422,12953.41
1000000,10240,731782,687.84
100000,10240,31399,16560.15
100000,10240,1346,31228.43
100000,10240,94412,1379.31
100000,10240,80439,1012.64
1000000,10240,23470,15877.81
100000,10240,90505,859.31
100000,10240,81235,1231.14
1000000,10240,101191,17852.58
100000,10240,89593,1156.65
1000000,10240,721211,517.28
1000000,10240,733736,23196.98
1000000,10240,777931,784.68
1000000,10240,376536,658.75
100000,10240,7665,20929.25
1000000,10240,364218,13626.64
100000,10240,63035,1438.47
100000,10240,54700,509.72
1000000,10240,775354,17468.17
100000,10240,69588,889.85
100000,10240,49672,15168.98
1000000,10240,467830,16690.86
100000,10240,83904,19311.19
1000000,10240,911218,222.20
1000000,10240,579764,16150.17
100000,10240,12844,11771.56
100000,10240,25006,1568.74
1000000,10240,411871,16704.33
100000,10240,67271,19600.81
100000,10240,53026,21269.69
1000000,10240,912107,286.90
1000000,10240,422757,11198.51
100000,10240,27125,1079.02
1000000,10240,435945,1113.27
1000000,10240,14152,7329.63
100000,10240,33793,1612.61
100000,10240,73825,21622.39
1000000,10240,480005,15337.55
100000,10240,11802,791.79
1000000,10240,445957,1045.91
1000000,10240,370,19468.34
100000,10240,98957,856.46
100000,10240,91891,16888.28
100000,10240,77184,1184.52
1000000,10240,954007,110.65
100000,10240,7251,747.95
100000,10240,60106,750.20
1000000,10240,32405,8836.79
1000000,10240,57349,533.01
100000,10240,14945,658.55
1000000,10240,718660,1693.26
100000,10240,21468,708.83
100000,10240,90893,2095.09
1000000,10240,7577,916.60
1000000,10240,276163,1063.70
100000,10240,73752,723.52
100000,10240,63654,19001.96
100000,10240,9838,23588.05
1000000,10240,817632,782.01
100000,10240,70088,1540.40
1000000,10240,122080,20090.47
1000000,10240,55119,17790.34
100000,10240,18344,1006.58
1000000,10240,870581,610.31
100000,10240,37629,16586.99
1000000,10240,472445,23546.47
100000,10240,62469,12457.60
1000000,10240,994303,165.01
1000000,10240,819621,829.96
100000,10240,31891,19596.44
100000,10240,15549,493.35
1000000,10240,644304,17628.84
100000,10240,95230,1448.75
1000000,10240,369833,607.28
1000000,10240,921779,216.70
100000,10240,80864,910.95
100000,10240,19478,15042.97
1000000,10240,524513,1114.75
100000,10240,13082,771.56
1000000,10240,311242,427.51
1000000,10240,59893,13594.62
100000,10240,63075,1020.04
1000000,10240,126126,17141.42
1000000,10240,348583,1111.93
1000000,10240,831681,785.49
100000,10240,90862,683.00
100000,10240,88918,36999.20
1000000,10240,775201,15493.72
100000,10240,37907,1063.54
1000000,10240,287164,14609.64
1000000,10240,215802,17928.32
1000000,10240,485201,914.13
1000000,10240,283049,20968.85
100000,10240,48487,1114.16
100000,10240,76588,1377.90
1000000,10240,801523,561.59
1000000,10240,667181,408.05
1000000,10240,275852,1503.00
1000000,10240,603075,401.99
1000000,10240,439033,17113.49
1000000,10240,216890,670.80
1000000,10240,830489,753.76
100000,10240,63001,647.09
1000000,10240,996439,103.26
1000000,10240,215815,16752.44
1000000,10240,396473,755.98
100000,10240,72585,477.96
1000000,10240,844178,535.85
100000,10240,17389,18422.33
1000000,10240,619019,13968.49
1000000,10240,42211,901.86
1000000,10240,652338,19277.36
100000,10240,88470,29799.05
1000000,10240,561,699.96
1000000,10240,208286,12340.66
100000,10240,97612,496.12
1000000,10240,596337,417.66
100000,10240,8745,15329.82
100000,10240,46616,1052.27
1000000,10240,648938,10260.58
100000,10240,79377,761.50
1000000,10240,44339,14062.46
1000000,10240,786155,637.97
1000000,10240,379895,484.34
100000,10240,66910,514.98
1000000,10240,835946,17997.76
1000000,10240,339381,15675.87
100000,10240,24892,505.56
1000000,10240,104978,501.64
100000,10240,30613,20170.53
1000000,10240,332892,703.90
1000000,10240,335671,15001.83
100000,10240,16059,13306.95
1000000,10240,809289,28614.15
1000000,10240,553485,17069.34
1000000,10240,126842,617.62
100000,10240,90357,14629.49
100000,10240,5100,19564.46
1000000,10240,863428,719.79
100000,10240,10835,16988.51
100000,10240,29428,649.03
1000000,10240,127310,584.61
100000,10240,167,24946.61
1000000,10240,474409,1189.26
1000000,10240,778204,398.29
100000,10240,67353,17913.40
1000000,10240,907796,16206.45
100000,10240,37858,1274.77
100000,10240,10693,574.66
100000,10240,17367,575.75
100000,10240,1198,867.28
100000,10240,86363,914.14
100000,10240,20152,19001.95
1000000,10240,176394,14560.45
1000000,10240,827763,590.32
1000000,10240,852118,531.19
1000000,10240,6764,525.82
100000,10240,28574,316.56
1000000,10240,987069,97.87
100000,10240,1567,464.48
1000000,10240,496580,9362.85
100000,10240,45796,638.50
100000,10240,91422,1032.57
1000000,10240,528345,12447.83
1000000,10240,818343,457.66
100000,10240,44020,387.90
1000000,10240,522952,12834.45
1000000,10240,649662,501.73
100000,10240,39347,525.15
1000000,10240,871080,93.01
100000,10240,30870,16085.00
1000000,10240,162568,17726.70
1000000,10240,257070,13670.21
1000000,10240,235861,629.12
1000000,10240,113253,21496.62
1000000,10240,769070,558.42
1000000,10240,89041,884.10
1000000,10240,572461,26385.70
1000000,10240,672,633.90
100000,10240,30928,546.99
100000,10240,17459,7919.82
1000000,10240,324803,11201.99
1000000,10240,395727,15367.13
100000,10240,56734,16493.85
100000,10240,52858,811.32
1000000,10240,252373,398.82
100000,10240,41827,923.47
100000,10240,36347,21922.55
100000,10240,24176,1006.62
100000,10240,48018,564.38
100000,10240,44293,436.37
100000,10240,65338,523.68
100000,10240,58947,17775.06
1000000,10240,594438,24812.04
100000,10240,85729,2614.73
1000000,10240,731663,22559.82
1000000,10240,101576,1779.59
100000,10240,15997,946.05
100000,10240,78675,1929.23
1000000,10240,305575,18624.68
100000,10240,21178,34637.23
1000000,10240,217523,1168.45
1000000,10240,563849,13934.04
100000,10240,92279,616.61
1000000,10240,714248,1228.05
1000000,10240,972289,93.88
100000,10240,23038,13160.81
100000,10240,19148,1188.63
100000,10240,7355,1599.32
100000,10240,90386,26387.38
100000,10240,88259,1079.43
100000,10240,59930,939.43
1000000,10240,215830,20563.16
1000000,10240,518513,20583.14
100000,10240,76483,562.68
100000,10240,60150,22360.82
1000000,10240,243062,660.07
1000000,10240,300947,21192.42
1000000,10240,493563,15819.48
100000,10240,60933,844.44
100000,10240,82050,34668.52
1000000,10240,679020,1871.82
1000000,10240,762899,625.64
100000,10240,52632,518.74
1000000,10240,897805,98.56
100000,10240,10917,13767.25
1000000,10240,437319,16547.68
1000000,10240,84279,17535.44
1000000,10240,361822,32128.76
1000000,10240,341013,23501.55
1000000,10240,766367,724.23
1000000,10240,852487,308.47
1000000,10240,545316,18583.36
1000000,10240,276537,12373.81
1000000,10240,475159,18166.59
100000,10240,39874,749.21
100000,10240,24833,580.90
100000,10240,77983,16421.07
1000000,10240,55846,14832.42
100000,10240,31797,17113.27
100000,10240,95212,1592.44
1000000,10240,979615,104.72
1000000,10240,697209,20405.34
1000000,10240,75460,11047.25
1000000,10240,543810,19868.90
100000,10240,5677,22158.51
100000,10240,31726,1124.42
1000000,10240,533320,18430.04
1000000,10240,749941,534.01
100000,10240,32786,20735.24
100000,10240,44587,892.12
100000,10240,76917,17420.78
100000,10240,24890,13304.90
100000,10240,10295,417.04
1000000,10240,821779,425.36
100000,10240,99943,414.39
1000000,10240,648388,670.25
100000,10240,28254,600.59
1000000,10240,672765,365.76
100000,10240,42688,745.79
100000,10240,4833,17378.23
1000000,10240,853779,691.65
100000,10240,99293,822.53
100000,10240,29402,388.48
100000,10240,24050,638.35
1000000,10240,125400,14309.51
100000,10240,95768,993.98
100000,10240,85998,2052.66
100000,10240,77862,984.71
100000,10240,35825,321.98
100000,10240,53914,494.57
100000,10240,67917,933.19
1000000,10240,237949,430.31
100000,10240,73563,356.45
100000,10240,63944,812.98
100000,10240,65444,1967.73
100000,10240,59077,554.67
1000000,10240,532915,431.12
1000000,10240,556228,22230.97
100000,10240,6637,14762.47
1000000,10240,321876,20726.96
1000000,10240,866945,749.93
1000000,10240,251815,9981.87
1000000,10240,716189,766.95
100000,10240,71781,21793.44
100000,10240,67699,1533.22
1000000,10240,458444,15100.69
100000,10240,75009,16947.38
1000000,10240,591616,18593.78
100000,10240,48280,17928.78
100000,10240,59437,1764.53
100000,10240,6572,19139.53
100000,10240,39124,1398.37
1000000,10240,397817,15511.77
100000,10240,44294,20062.75
100000,10240,45727,17983.67
100000,10240,64157,21169.12
100000,10240,29427,14331.25
100000,10240,11128,14754.18
100000,10240,10369,16839.11
1000000,10240,418568,13052.92
100000,10240,64382,919.92
100000,10240,98925,15658.23
100000,10240,39576,14479.32
100000,10240,16021,850.27
100000,10240,75319,11198.02
100000,10240,56446,1553.33
1000000,10240,903762,98.36
1000000,10240,7294,19313.45
1000000,10240,58693,15948.20
100000,10240,22786,1259.41
1000000,10240,605561,1285.44
100000,10240,96937,911.61
1000000,10240,60617,10801.62
1000000,10240,776442,660.11
100000,10240,26703,1363.12
100000,10240,36512,15523.70
100000,10240,58487,1147.31
100000,10240,41853,491.07
1000000,10240,674206,925.47
100000,10240,14838,16258.29
1000000,10240,489943,12952.25
100000,10240,98059,1891.46
1000000,10240,663360,10293.69
100000,10240,53674,15769.33
100000,10240,7120,15023.65
100000,10240,60952,20903.28
100000,10240,88142,14244.91
100000,10240,18958,1251.51
1000000,10240,651009,606.55
1000000,10240,344656,19789.15
1000000,10240,299113,25916.79
100000,10240,78087,1280.64
100000,10240,65291,16075.98
1000000,10240,308824,51732.95
100000,10240,85914,744.88
1000000,10240,637363,16745.47
100000,10240,12475,13128.47
1000000,10240,485602,1466.71
100000,10240,4406,1567.74
1000000,10240,290870,447.32
1000000,10240,468394,851.01
100000,10240,84843,20888.44
1000000,10240,654128,1507.28
100000,10240,57779,31670.77
1000000,10240,357140,7021.02
1000000,10240,681448,13845.88
1000000,10240,38515,17671.92
1000000,10240,20705,741.35
100000,10240,53841,1298.80
100000,10240,38983,368.77
100000,10240,80516,623.65
100000,10240,12119,875.08
1000000,10240,467836,15382.66
1000000,10240,214300,16426.59
1000000,10240,799749,1023.41
100000,10240,8371,38435.39
100000,10240,83238,1305.34
100000,10240,27471,652.85
1000000,10240,736720,389.68
1000000,10240,297025,21708.11
100000,10240,99246,489.39
1000000,10240,320012,41869.65
100000,10240,90147,22098.82
1000000,10240,233517,801.73
1000000,10240,286526,307.45
1000000,10240,676703,676.24
100000,10240,47263,14759.98
100000,10240,91214,508.43
100000,10240,97914,594.12
1000000,10240,265852,15014.38
100000,10240,50639,520.78
1000000,10240,474548,22050.69
1000000,10240,954260,225.31
1000000,10240,784447,804.53
1000000,10240,691252,8922.92
1000000,10240,703317,18712.73
1000000,10240,659367,672.42
100000,10240,22686,1044.65
1000000,10240,581440,723.90
1000000,10240,613350,520.58
1000000,10240,998082,97.46
1000000,10240,605923,22050.58
1000000,10240,564917,18065.29
100000,10240,78335,540.60
1000000,10240,901406,620.22
100000,10240,79498,596.19
1000000,10240,320691,491.04
1000000,10240,510150,35681.60
100000,10240,23568,754.48
1000000,10240,605193,769.87
100000,10240,1818,291.32
1000000,10240,253063,18811.77
1000000,10240,177054,9656.54
100000,10240,21864,10420.41
100000,10240,43456,17059.67
100000,10240,38270,17229.87
100000,10240,82873,744.61
1000000,10240,314021,639.98
1000000,10240,741561,285.76
1000000,10240,987315,96.34
100000,10240,59558,525.55
100000,10240,72924,33976.00
100000,10240,32089,1012.30
100000,10240,62221,867.95
1000000,10240,291433,740.40
100000,10240,60560,18493.39
100000,10240,60125,1383.09
1000000,10240,144237,417.97
100000,10240,32207,13976.88
100000,10240,28361,16168.05
1000000,10240,680950,662.72
100000,10240,1658,22089.76
1000000,10240,402838,423.92
1000000,10240,453263,336.04
1000000,10240,206440,14172.92
100000,10240,36569,736.26
100000,10240,90873,679.41
1000000,10240,291983,284.28
100000,10240,3816,648.69
1000000,10240,534630,320.20
100000,10240,17342,19957.56
100000,10240,61457,574.12
100000,10240,35325,665.60
1000000,10240,829303,507.72
100000,10240,74978,400.20
1000000,10240,569928,14308.87
100000,10240,3495,938.75
1000000,10240,903876,200.71
100000,10240,66535,13702.76
1000000,10240,215723,16146.13
1000000,10240,881610,834.55
100000,10240,59303,14440.21
100000,10240,5482,866.40
1000000,10240,238466,20633.88
100000,10240,33720,961.11
100000,10240,96247,13584.51
100000,10240,34100,783.91
100000,10240,88476,838.12
100000,10240,90835,945.97
1000000,10240,371083,13133.56
100000,10240,47127,836.08
100000,10240,81691,12712.47
100000,10240,93302,25132.81
1000000,10240,358802,409.94
100000,10240,64797,615.49
1000000,10240,335587,392.43
100000,10240,62071,706.03
100000,10240,20934,667.13
1000000,10240,712321,507.66
1000000,10240,578874,35375.60
100000,10240,74057,8917.61
100000,10240,40065,10748.74
100000,10240,87750,580.03
100000,10240,73010,575.77
1000000,10240,277537,427.61
1000000,10240,461746,19214.02
1000000,10240,190175,6908.29
1000000,10240,406463,567.18
100000,10240,425,13162.24
100000,10240,26924,20174.09
100000,10240,44453,556.93
1000000,10240,521178,11531.45
1000000,10240,538051,15686.46
1000000,10240,476557,583.25
1000000,10240,416814,17824.72
100000,10240,30005,427.40
1000000,10240,782150,18842.71
100000,10240,44658,17180.33
100000,10240,24886,19632.13
1000000,10240,847718,30442.87
1000000,10240,780465,714.07
100000,10240,36483,53548.98
1000000,10240,442237,1133.91
100000,10240,32725,383.02
100000,10240,15014,433.67
1000000,10240,82255,30740.35
1000000,10240,652004,19315.88
100000,10240,56349,13497.46
1000000,10240,460461,15119.17
1000000,10240,154586,635.97
100000,10240,50972,11547.77
100000,10240,26422,13162.13
1000000,10240,256709,674.51
100000,10240,90710,533.22
1000000,10240,587119,286.83
1000000,10240,325226,5658.52
1000000,10240,470534,17949.23
100000,10240,65191,702.51
100000,10240,93038,37509.56
100000,10240,71567,914.99
1000000,10240,815297,570.16
1000000,10240,363853,15398.50
1000000,10240,130804,19915.42
1000000,10240,878559,36225.23
100000,10240,98216,15525.38
100000,10240,71361,10217.69
100000,10240,70513,413.68
100000,10240,96677,11451.64
1000000,10240,925845,278.87
1000000,10240,551553,428.54
100000,10240,46562,492.64
100000,10240,44249,891.20
1000000,10240,883241,429.83
100000,10240,32311,14912.76
1000000,10240,403733,17438.46
100000,10240,73080,2372.51
100000,10240,15674,622.13
100000,10240,36842,11519.33
1000000,10240,637679,972.22
1000000,10240,235496,710.36
100000,10240,85638,803.51
1000000,10240,739916,325.70
1000000,10240,810237,783.93
100000,10240,86356,1017.99
1000000,10240,443464,10902.82
100000,10240,42153,774.87
100000,10240,33823,16568.30
1000000,10240,283571,687.69
100000,10240,62287,1076.97
1000000,10240,334713,1059.13
1000000,10240,698566,996.84
1000000,10240,621313,26000.62
1000000,10240,684781,16559.04
100000,10240,79964,704.19
1000000,10240,394570,491.67
1000000,10240,638785,822.89
1000000,10240,935739,89.30
1000000,10240,405929,507.08
100000,10240,31082,817.45
100000,10240,54870,891.93
100000,10240,30938,1067.82
1000000,10240,756383,683.18
1000000,10240,763535,715.39
1000000,10240,636473,404.72
1000000,10240,282468,19838.30
1000000,10240,705383,18979.64
1000000,10240,946174,289.03
1000000,10240,59646,16726.81
1000000,10240,10913,15552.67
1000000,10240,987555,225.46
100000,10240,89737,890.78
1000000,10240,201170,20458.25
1000000,10240,760375,910.05
1000000,10240,853957,987.21
100000,10240,54005,16179.48
100000,10240,25,1146.55
100000,10240,26626,17289.47
1000000,10240,388241,17171.43
1000000,10240,449192,22342.89
1000000,10240,249937,1317.21
100000,10240,91395,17629.11
100000,10240,11539,901.01
100000,10240,32742,15056.87
100000,10240,45242,1295.63
1000000,10240,748851,18080.17
100000,10240,64985,640.48
100000,10240,78470,1154.09
100000,10240,75457,728.79
100000,10240,52725,13444.49
100000,10240,39602,15221.94
1000000,10240,284660,597.75
1000000,10240,76603,14172.34
100000,10240,80980,1855.05
1000000,10240,527649,23286.22
100000,10240,15157,670.14
100000,10240,16315,647.48
1000000,10240,567430,1034.52
100000,10240,67568,993.71
1000000,10240,401455,1208.87
100000,10240,65179,1608.89
100000,10240,66046,594.78
100000,10240,46988,1029.72
1000000,10240,159652,740.85
1000000,10240,392842,11092.00
1000000,10240,592232,558.16
1000000,10240,647137,787.86
100000,10240,15544,32993.77
1000000,10240,380160,952.50
1000000,10240,890586,474.57
1000000,10240,460282,17607.78
100000,10240,38986,1141.70
1000000,10240,528291,11257.79
100000,10240,69722,1264.61
1000000,10240,118661,12046.79
1000000,10240,563718,17767.76
1000000,10240,982024,238.33
1000000,10240,137566,23938.08
100000,10240,38541,23377.16
100000,10240,17643,20879.17
1000000,10240,617429,1299.17
1000000,10240,928557,648.65
1000000,10240,846705,563.42
100000,10240,76720,493.35
1000000,10240,128710,762.39
100000,10240,44606,679.45
1000000,10240,341027,7030.21
1000000,10240,35730,16187.46
100000,10240,46125,19571.33
100000,10240,72963,19870.35
100000,10240,20926,18306.90
1000000,10240,480687,17838.81
1000000,10240,140101,19419.92
1000000,10240,612686,584.90
1000000,10240,788198,850.52
100000,10240,73007,12523.47
100000,10240,89803,25149.48
1000000,10240,989056,306.03
100000,10240,62410,15774.23
1000000,10240,112369,19721.58
1000000,10240,798868,814.14
1000000,10240,280608,59587.57
100000,10240,57658,18760.54
1000000,10240,788318,638.68
100000,10240,43327,463.29
100000,10240,19571,18043.57
1000000,10240,457491,20591.87
100000,10240,51068,16092.44
100000,10240,83269,722.28
100000,10240,65211,873.65
100000,10240,20632,24768.14
100000,10240,46255,886.32
1000000,10240,233717,347.44
1000000,10240,190580,448.34
100000,10240,36265,1063.08
100000,10240,63904,20257.13
1000000,10240,515856,691.77
100000,10240,47059,515.03
1000000,10240,863617,212.25
1000000,10240,101222,12285.74
100000,10240,94454,527.84
100000,10240,53545,21504.67
1000000,10240,294169,15354.03
100000,10240,98319,10607.93
1000000,10240,897531,18720.07
100000,10240,53197,1443.75
100000,10240,52096,16992.70
100000,10240,611,20355.72
1000000,10240,86997,21047.54
100000,10240,98419,787.50
100000,10240,51213,17070.56
100000,10240,28010,970.76
100000,10240,26174,21923.68
100000,10240,2665,21336.90
100000,10240,96582,14188.07
100000,10240,52978,544.05
100000,10240,81412,679.87
100000,10240,67915,389.19
100000,10240,32605,14030.99
1000000,10240,71551,12625.41
1000000,10240,386991,520.50
100000,10240,95525,62273.00
100000,10240,64044,10804.88
100000,10240,47774,16389.89
100000,10240,70730,1116.35
1000000,10240,232634,488.08
1000000,10240,767457,463.70
1000000,10240,180415,10375.88
1000000,10240,325039,20410.50
1000000,10240,455426,14811.04
1000000,10240,960663,333.22
100000,10240,87528,951.27
1000000,10240,821169,523.01
1000000,10240,885174,241.17
1000000,10240,893631,432.63
1000000,10240,800244,20044.72
1000000,10240,13353,12703.27
1000000,10240,968335,385.96
1000000,10240,408346,566.83
1000000,10240,228092,508.34
100000,10240,61835,17515.06
1000000,10240,228732,546.90
1000000,10240,848485,683.28
100000,10240,30781,19680.31
100000,10240,55067,630.18
1000000,10240,251262,509.39
100000,10240,54331,17561.34
1000000,10240,601056,717.88
1000000,10240,125829,24035.57
100000,10240,86154,16886.74
1000000,10240,674865,21095.13
100000,10240,65294,455.41
1000000,10240,833298,599.43
1000000,10240,619482,680.09
1000000,10240,114240,418.70
100000,10240,65850,16673.26
100000,10240,8383,16389.51
100000,10240,68515,601.10
100000,10240,48163,13816.37
1000000,10240,434451,11761.28
100000,10240,74107,559.76
100000,10240,83859,18994.27
100000,10240,83719,691.34
100000,10240,47622,21015.61
1000000,10240,242979,1052.88
1000000,10240,77335,10769.89
1000000,10240,77312,592.29
1000000,10240,390479,13408.46
100000,10240,46438,965.08
100000,10240,41795,299.15
1000000,10240,811513,568.76
100000,10240,77194,17473.63
100000,10240,96703,509.70
1000000,10240,60736,15049.34
1000000,10240,980292,365.93
100000,10240,37642,16574.66
100000,10240,22119,632.81
1000000,10240,501515,430.40
100000,10240,4073,17744.78
1000000,10240,991625,322.98
100000,10240,99972,21404.74
1000000,10240,693245,618.64
100000,10240,89267,744.61
100000,10240,37261,427.99
100000,10240,96610,18464.27
1000000,10240,317467,450.58
1000000,10240,308086,695.96
100000,10240,96832,14353.56
1000000,10240,798977,1269.16
100000,10240,93206,691.14
1000000,10240,600315,16952.46
100000,10240,92367,1052.72
1000000,10240,11258,13848.82
100000,10240,68197,14630.72
1000000,10240,670685,16470.55
100000,10240,40037,617.57
100000,10240,19481,14517.57
1000000,10240,719391,13125.47
1000000,10240,125725,9699.36
1000000,10240,493357,526.81
1000000,10240,897728,544.12
1000000,10240,272235,535.53
100000,10240,23644,513.06
1000000,10240,168100,11145.24
100000,10240,96072,10701.91
1000000,10240,590192,653.60
1000000,10240,763729,320.30
100000,10240,86944,924.80
100000,10240,78619,472.07
1000000,10240,993923,225.24
1000000,10240,608339,22756.49
1000000,10240,869414,11816.02
100000,10240,23276,15962.54
1000000,10240,483072,630.22
100000,10240,47002,17646.61
100000,10240,52098,786.40
100000,10240,87098,17469.16
100000,10240,44914,1392.15
100000,10240,98350,399.36
1000000,10240,326905,16137.94
1000000,10240,964641,328.34
1000000,10240,937704,289.31
1000000,10240,348290,448.91
100000,10240,54890,20299.55
1000000,10240,530734,15165.88
100000,10240,80147,1028.04
100000,10240,97260,19899.63
100000,10240,34502,568.67
100000,10240,52502,15525.13
100000,10240,17750,1106.22
100000,10240,70644,926.39
1000000,10240,558375,877.23
100000,10240,24032,976.36
100000,10240,58385,14471.68
1000000,10240,170832,18540.42
1000000,10240,303986,11800.51
1000000,10240,16398,15461.74
1000000,10240,398763,12466.27
100000,10240,83055,14194.43
1000000,10240,912673,937.73
1000000,10240,283031,17607.80
1000000,10240,615467,1808.57
100000,10240,65568,13375.83
100000,10240,42981,533.42
100000,10240,31938,15232.56
1000000,10240,337262,15319.20
100000,10240,26299,780.40
1000000,10240,653880,25787.10
100000,10240,87562,476.00
1000000,10240,911060,294.72
100000,10240,71618,457.02
1000000,10240,23942,418.61
1000000,10240,122292,13066.75
1000000,10240,238641,21166.79
1000000,10240,498282,693.72
100000,10240,80533,315.81
1000000,10240,544609,13052.06
1000000,10240,564441,16180.44
1000000,10240,672239,10753.52
1000000,10240,868797,404.96
1000000,10240,648522,32160.62
100000,10240,90739,14061.37
1000000,10240,628275,1168.71
1000000,10240,903855,677.22
1000000,10240,955614,231.33
1000000,10240,957055,105.78
100000,10240,95945,730.59
1000000,10240,452432,18798.60
1000000,10240,129022,635.57
1000000,10240,754914,1195.76
100000,10240,56959,1182.42
100000,10240,6157,14061.27
100000,10240,40410,772.14
1000000,10240,275285,16744.15
1000000,10240,775758,687.72
100000,10240,63311,18796.67
100000,10240,19974,23194.96
100000,10240,53970,1847.25
1000000,10240,421216,27457.42
1000000,10240,370453,16648.51
1000000,10240,773768,1168.50
100000,10240,1671,17203.76
100000,10240,7626,1155.06
1000000,10240,398757,902.16
1000000,10240,307643,1574.24
1000000,10240,122900,16486.45
100000,10240,29131,22622.35
100000,10240,61974,1194.59
1000000,10240,246117,10589.75
100000,10240,80213,655.84
1000000,10240,69045,739.40
100000,10240,75989,20247.96
1000000,10240,122119,1206.26
1000000,10240,14575,1835.90
100000,10240,49592,19513.96
1000000,10240,643825,1292.88
1000000,10240,280216,14689.13
1000000,10240,176638,18155.76
100000,10240,48623,10174.71
1000000,10240,655106,15686.30
100000,10240,94156,13373.71
1000000,10240,202019,31135.67
1000000,10240,614391,10893.89
100000,10240,67195,22453.74
1000000,10240,553217,26705.88
100000,10240,19569,15685.86
1000000,10240,821355,952.56
1000000,10240,862347,440.24
1000000,10240,919204,527.08
100000,10240,8885,1132.67
1000000,10240,129054,25540.66
100000,10240,41377,19780.14
100000,10240,63828,21017.74
100000,10240,41180,16780.94
100000,10240,1388,1068.98
1000000,10240,834951,44196.50
1000000,10240,548759,961.89
100000,10240,43054,22100.49
1000000,10240,116006,21020.63
1000000,10240,423709,1230.28
100000,10240,8617,885.41
1000000,10240,205159,855.78
100000,10240,99910,478.19
1000000,10240,962664,88.77
100000,10240,20889,585.51
1000000,10240,201774,593.17
100000,10240,34312,28165.77
1000000,10240,322733,19518.44
1000000,10240,900414,1179.82
1000000,10240,473349,16160.62
100000,10240,91917,1240.46
100000,10240,99837,1045.69
1000000,10240,76421,47070.04
1000000,10240,836979,597.61
1000000,10240,496846,450.94
1000000,10240,989928,107.16
100000,10240,54379,12768.30
100000,10240,76706,631.90
100000,10240,61462,14589.61
1000000,10240,53379,12010.73
100000,10240,92200,40500.22
1000000,10240,794423,1017.45
1000000,10240,707668,18451.17
100000,10240,47578,22068.12
1000000,10240,217264,19131.95
1000000,10240,160751,582.03
100000,10240,77831,772.98
1000000,10240,701138,18080.24
100000,10240,13425,17889.73
100000,10240,67388,17337.28
1000000,10240,386192,20121.15
100000,10240,36356,31098.60
1000000,10240,599065,729.50
1000000,10240,722291,443.35
1000000,10240,357259,796.46
100000,10240,39343,922.70
100000,10240,67050,676.52
100000,10240,34167,25156.79
1000000,10240,28622,19628.25
100000,10240,70484,816.01
1000000,10240,690982,1008.86
100000,10240,14663,444.57
1000000,10240,667173,532.64
100000,10240,91841,15225.54
1000000,10240,585283,17628.90
1000000,10240,387042,590.77
1000000,10240,116671,15622.63
1000000,10240,130674,19122.06
1000000,10240,435241,11716.11
1000000,10240,288671,16500.16
100000,10240,63968,888.32
1000000,10240,555837,10427.92
1000000,10240,264583,20432.33
100000,10240,26712,689.40
100000,10240,19198,16435.47
100000,10240,66616,16706.06
1000000,10240,527499,12350.46
1000000,10240,54086,535.24
1000000,10240,177477,17016.10
100000,10240,37623,34844.65
1000000,10240,354466,15944.25
100000,10240,64237,597.48
100000,10240,803,1013.92
1000000,10240,5404,18401.15
1000000,10240,77971,17115.95
100000,10240,95420,18022.63
100000,10240,40812,600.84
100000,10240,65525,376.41
1000000,10240,923768,229.26
100000,10240,20578,15535.79
1000000,10240,448665,21896.33
1000000,10240,242669,17842.69
1000000,10240,742658,669.06
1000000,10240,289329,25900.39
100000,10240,9963,610.19
100000,10240,93926,464.19
1000000,10240,201998,889.04
1000000,10240,283428,14805.15
100000,10240,84889,28694.07
1000000,10240,444407,614.66
1000000,10240,175915,16580.97
100000,10240,97426,21262.48
100000,10240,68955,1013.05
100000,10240,50353,12449.80
1000000,10240,994992,218.77
1000000,10240,448544,541.47
100000,10240,47419,9700.24
1000000,10240,598823,412.53
1000000,10240,431077,11577.38
1000000,10240,755111,523.56
100000,10240,97728,943.85
1000000,10240,941019,96.16
100000,10240,55026,15654.74
100000,10240,25112,10325.06
100000,10240,38504,1066.87
1000000,10240,953037,184.56
1000000,10240,81806,506.60
100000,10240,98669,465.84
100000,10240,96365,11851.12
1000000,10240,955927,104.95
100000,10240,11123,695.49
1000000,10240,107548,12065.11
100000,10240,92642,1019.19
100000,10240,46548,16011.16
100000,10240,16950,729.15
100000,10240,39692,286.66
100000,10240,98639,392.60
100000,10240,34517,19097.82
1000000,10240,777848,1069.28
100000,10240,20686,14976.53
100000,10240,70804,22292.21
1000000,10240,375121,669.07
1000000,10240,311792,13858.19
100000,10240,12363,451.66
100000,10240,92925,1041.64
1000000,10240,381851,346.64
100000,10240,29400,314.16
1000000,10240,878116,95.80
1000000,10240,726048,15988.33
100000,10240,54059,959.33
100000,10240,68937,819.86
1000000,10240,436604,277.67
100000,10240,7806,591.84
1000000,10240,585176,17229.55
1000000,10240,399812,1000.22
100000,10240,42823,1015.80
100000,10240,89727,2308.01
1000000,10240,364994,11051.38
1000000,10240,287347,13578.50
1000000,10240,816368,503.27
1000000,10240,252555,18301.67
1000000,10240,846616,600.29
100000,10240,47636,22776.12
100000,10240,1044,555.44
1000000,10240,583994,530.84
100000,10240,55023,18537.29
1000000,10240,353854,18548.19
100000,10240,81690,506.85
100000,10240,20131,846.91
1000000,10240,160221,14185.19
100000,10240,23758,699.16
100000,10240,99973,324.65
100000,10240,85082,619.04
100000,10240,53588,30863.69
1000000,10240,715531,770.82
100000,10240,56585,930.14
1000000,10240,892919,204.05
1000000,10240,741119,349.22
1000000,10240,921406,94.09
1000000,10240,165856,17271.95
1000000,10240,88923,18047.52
100000,10240,39384,1195.12
100000,10240,14435,12161.01
100000,10240,43357,803.36
1000000,10240,350964,19682.97
1000000,10240,995610,391.16
100000,10240,20078,1194.83
1000000,10240,916825,360.87
1000000,10240,442157,709.57
100000,10240,71987,823.61
1000000,10240,519647,12145.26
1000000,10240,13021,10181.85
1000000,10240,276648,14753.85
1000000,10240,41044,19512.92
1000000,10240,893415,127.31
1000000,10240,237298,561.83
1000000,10240,608059,533.31
100000,10240,27681,20721.15
100000,10240,90176,14761.33
100000,10240,12481,17950.58
100000,10240,29358,18357.01
1000000,10240,22913,16517.96
1000000,10240,40048,30791.94
1000000,10240,494837,616.79
1000000,10240,458767,444.89
1000000,10240,956664,90.02
100000,10240,24901,15763.45
100000,10240,64450,14116.03
1000000,10240,544098,18652.09
100000,10240,8973,15543.78
100000,10240,11629,16466.65
1000000,10240,253124,12249.23
100000,10240,58224,541.55
100000,10240,84278,1147.55
1000000,10240,881521,226.44
100000,10240,91715,21364.84
100000,10240,84299,932.74
100000,10240,68597,677.18
1000000,10240,83246,19045.00
1000000,10240,215892,18221.54
100000,10240,47895,19283.44
100000,10240,52041,1508.78
1000000,10240,887132,633.86
1000000,10240,912173,444.98
100000,10240,11382,16711.68
100000,10240,38185,1165.88
100000,10240,67411,24408.83
1000000,10240,713944,16746.24
1000000,10240,786363,688.09
1000000,10240,324135,24468.83
100000,10240,55771,17690.95
100000,10240,25292,2385.53
1000000,10240,335377,2930.75
1000000,10240,365511,16277.99
100000,10240,91800,21167.03
1000000,10240,28678,29382.22
1000000,10240,308261,711.05
1000000,10240,245770,792.66
1000000,10240,154655,47592.01
1000000,10240,624840,20191.83
100000,10240,88148,1053.98
100000,10240,41766,11824.03
1000000,10240,328817,817.15
1000000,10240,655660,886.12
1000000,10240,961491,117.61
1000000,10240,555317,19429.04
100000,10240,6624,21291.94
1000000,10240,705676,856.40
100000,10240,33081,1096.27
100000,10240,16920,798.43
1000000,10240,803533,398.14
100000,10240,48503,15040.95
1000000,10240,93653,1027.74
1000000,10240,861866,577.37
100000,10240,54927,21923.79
1000000,10240,36118,13032.62
100000,10240,53788,14924.06
100000,10240,34311,518.28
100000,10240,94519,20539.48
1000000,10240,273820,13614.65
1000000,10240,218677,665.22
1000000,10240,406967,359.07
1000000,10240,337516,735.40
100000,10240,46244,14771.59
1000000,10240,670879,527.45
1000000,10240,110592,14953.77
100000,10240,16193,18439.70
1000000,10240,609467,645.17
100000,10240,52205,1080.32
1000000,10240,560060,570.12
1000000,10240,128934,25399.21
100000,10240,39169,1057.51
1000000,10240,140727,11756.39
1000000,10240,334053,15709.55
1000000,10240,458669,669.30
1000000,10240,528896,496.84
100000,10240,96775,14329.38
1000000,10240,124535,632.86
1000000,10240,309242,32867.03
1000000,10240,853565,717.76
1000000,10240,978438,136.74
1000000,10240,782233,17338.66
100000,10240,6380,352.90
1000000,10240,31652,12317.82
100000,10240,41486,14504.78
1000000,10240,187214,24259.74
100000,10240,53992,17747.67
100000,10240,78174,1158.79
100000,10240,99637,12003.71
1000000,10240,131671,14678.46
1000000,10240,785088,475.51
100000,10240,28183,594.79
100000,10240,84994,817.38
1000000,10240,427417,12990.46
1000000,10240,391235,19412.57
100000,10240,43601,721.14
100000,10240,93447,1016.78
100000,10240,71874,908.30
100000,10240,6057,17223.58
1000000,10240,757135,567.60
1000000,10240,532139,524.24
100000,10240,64205,845.93
1000000,10240,987856,318.76
1000000,10240,22613,9233.96
1000000,10240,848735,19949.85
100000,10240,58891,672.98
100000,10240,90531,1074.96
1000000,10240,288840,551.11
100000,10240,84765,800.54
100000,10240,79119,15737.36
100000,10240,3804,14779.64
1000000,10240,736789,15737.88
1000000,10240,636249,8620.71
1000000,10240,678805,1230.15
100000,10240,20253,502.14
1000000,10240,62690,18400.04
100000,10240,75260,11354.46
1000000,10240,271645,13770.90
100000,10240,95345,704.63
100000,10240,80847,777.72
1000000,10240,269950,648.92
1000000,10240,420639,26998.17
100000,10240,42390,7883.51
100000,10240,98480,888.46
100000,10240,71932,430.55
1000000,10240,894026,112.93
1000000,10240,789614,281.10
1000000,10240,519419,7260.25
1000000,10240,886887,336.60
1000000,10240,363470,15592.49
100000,10240,77353,621.63
100000,10240,97175,17482.08
1000000,10240,466432,411.50
100000,10240,3478,11179.16
1000000,10240,47828,13471.73
100000,10240,64713,539.34
100000,10240,54484,29433.91
1000000,10240,534117,1273.83
100000,10240,61112,12753.62
1000000,10240,752485,613.04
1000000,10240,305246,15611.49
100000,10240,4224,14255.16
100000,10240,14963,754.62
1000000,10240,793270,423.61
1000000,10240,75137,10918.01
100000,10240,44589,1084.88
100000,10240,24420,1090.47
1000000,10240,783039,930.70
100000,10240,10803,17827.28
1000000,10240,191528,671.60
1000000,10240,695732,900.70
1000000,10240,250365,399.48
100000,10240,21737,9204.24
1000000,10240,740140,250.83
1000000,10240,744238,685.64
1000000,10240,340110,14657.95
1000000,10240,450908,14925.19
100000,10240,75067,15734.74
1000000,10240,463367,15683.80
100000,10240,45229,582.85
1000000,10240,392649,13323.47
1000000,10240,703069,630.80
1000000,10240,243459,466.43
100000,10240,92743,21219.77
1000000,10240,319409,934.68
100000,10240,2082,14091.36
100000,10240,90111,499.58
1000000,10240,671709,643.11
100000,10240,73946,24442.38
1000000,10240,174833,647.08
100000,10240,84957,812.14
1000000,10240,297007,320.84
1000000,10240,743544,295.81
1000000,10240,280938,303.64
100000,10240,84498,774.64
1000000,10240,854141,378.65
100000,10240,15712,287.63
1000000,10240,272022,20936.87
100000,10240,87878,738.34
100000,10240,22463,17137.62
100000,10240,39363,483.86
100000,10240,37721,1080.35
1000000,10240,337548,447.34
100000,10240,70701,15830.34
1000000,10240,894376,529.89
1000000,10240,422317,18980.64
100000,10240,7213,591.10
100000,10240,13405,743.77
1000000,10240,786083,14728.15
100000,10240,31970,726.56
1000000,10240,123047,15648.17
100000,10240,21266,13335.42
1000000,10240,238633,972.80
100000,10240,82752,374.47
1000000,10240,944792,91.22
1000000,10240,390904,445.18
100000,10240,63950,347.61
100000,10240,79276,18995.40
100000,10240,19356,545.95
100000,10240,86057,33085.59
100000,10240,7923,15866.72
1000000,10240,847311,496.86
100000,10240,17049,19042.61
100000,10240,47624,21743.36
100000,10240,31584,539.74
100000,10240,27222,21972.54
100000,10240,19528,1231.62
100000,10240,43947,504.74
1000000,10240,848340,224.63
1000000,10240,257848,459.64
1000000,10240,762010,529.50
1000000,10240,334826,316.46
100000,10240,32495,746.00
1000000,10240,381219,287.56
100000,10240,53225,277.55
1000000,10240,58356,555.78
1000000,10240,726648,17717.04
100000,10240,99730,23598.76
1000000,10240,640098,454.72
1000000,10240,899177,213.24
100000,10240,15608,17653.65
100000,10240,70468,22876.53
1000000,10240,509825,21484.37
1000000,10240,911693,298.68
100000,10240,5559,616.29
1000000,10240,686745,662.85
100000,10240,15509,495.90
1000000,10240,116123,400.40
1000000,10240,538113,318.12
1000000,10240,768247,13201.97
100000,10240,11003,574.34
1000000,10240,798679,700.40
100000,10240,32530,21278.68
100000,10240,50793,851.23
100000,10240,90388,489.22
100000,10240,60217,33591.30
100000,10240,81379,1671.69
1000000,10240,169316,425.27
1000000,10240,42753,11697.03
100000,10240,21016,26033.51
1000000,10240,846699,806.92
1000000,10240,793365,13086.16
1000000,10240,618458,561.78
100000,10240,97568,21418.74
1000000,10240,998239,351.59
1000000,10240,341614,414.62
1000000,10240,181370,13107.89
100000,10240,80381,14790.18
100000,10240,23684,557.77
100000,10240,24347,23270.05
100000,10240,81922,17187.88
1000000,10240,853929,400.75
100000,10240,99085,480.63
1000000,10240,349964,555.54
1000000,10240,578469,354.44
1000000,10240,861784,15342.89
100000,10240,92214,554.58
1000000,10240,998291,209.77
1000000,10240,560033,417.68
100000,10240,29473,328.41
1000000,10240,751043,404.62
100000,10240,6358,14724.50
100000,10240,77718,1092.62
100000,10240,43655,813.04
100000,10240,98858,694.02
1000000,10240,986233,86.34
1000000,10240,116359,14324.71
1000000,10240,308347,16840.78
1000000,10240,960854,207.07
1000000,10240,361940,517.02
1000000,10240,478617,513.19
100000,10240,40913,515.12
100000,10240,25153,392.45
100000,10240,89659,22418.26
100000,10240,66255,643.06
1000000,10240,157928,386.19
100000,10240,35200,10413.86
1000000,10240,820251,910.33
100000,10240,85096,757.38
1000000,10240,563731,12832.99
100000,10240,73116,1029.66
100000,10240,41426,591.95
100000,10240,30886,10181.75
100000,10240,49518,24040.72
100000,10240,58115,15347.00
100000,10240,82396,852.26
100000,10240,72602,22582.75
1000000,10240,399947,564.42
100000,10240,92640,9910.25
100000,10240,82727,16581.13
1000000,10240,279714,727.52
100000,10240,90961,17110.46
100000,10240,94025,950.71
100000,10240,21706,327.36
100000,10240,48448,705.99
100000,10240,99674,12934.59
100000,10240,40483,10396.36
1000000,10240,486173,19399.06
1000000,10240,198049,609.77
1000000,10240,453401,20080.24
100000,10240,76704,562.98
100000,10240,31029,13446.76
100000,10240,32591,11825.69
1000000,10240,392435,15726.38
1000000,10240,297677,12121.80
100000,10240,99193,1423.54
100000,10240,22939,5170.81
1000000,10240,721403,731.85
1000000,10240,548489,20942.10
100000,10240,25830,680.07
100000,10240,25312,14348.38
1000000,10240,242781,2314.92
100000,10240,5962,1610.36
1000000,10240,547093,1409.58
1000000,10240,523843,905.03
1000000,10240,579811,407.83
100000,10240,21020,15757.25
100000,10240,20568,9770.45
1000000,10240,315734,924.86
100000,10240,22099,19685.26
1000000,10240,316655,10456.66
100000,10240,47187,707.69
1000000,10240,612763,974.25
1000000,10240,860050,683.38
100000,10240,866,16901.56
100000,10240,48614,25732.45
100000,10240,3835,719.46
1000000,10240,677844,649.80
1000000,10240,910179,108.15
1000000,10240,14219,13656.07
100000,10240,20052,1119.68
100000,10240,6460,47450.55
1000000,10240,226955,8704.64
100000,10240,28241,1152.61
100000,10240,45371,1053.05
100000,10240,47026,644.88
1000000,10240,138278,12143.81
1000000,10240,259369,17123.74
1000000,10240,481061,801.43
1000000,10240,397024,1234.78
1000000,10240,957174,114.74
100000,10240,46076,14407.25
100000,10240,95300,446.61
1000000,10240,181720,1535.27
100000,10240,83967,10480.83
100000,10240,34741,777.20
1000000,10240,513682,17759.61
100000,10240,69547,2105.63
1000000,10240,283023,768.53
1000000,10240,817326,657.07
1000000,10240,901683,862.15
1000000,10240,375799,19179.43
1000000,10240,291897,709.81
100000,10240,403,20488.86
100000,10240,88345,1206.62
100000,10240,16150,15014.57
100000,10240,58341,12035.88
1000000,10240,165531,8850.42
100000,10240,60776,793.21
1000000,10240,151729,834.80
100000,10240,84320,19335.02
1000000,10240,326988,19227.58
100000,10240,61385,908.82
1000000,10240,30369,21217.87
100000,10240,58237,946.17
1000000,10240,778774,21709.70
100000,10240,25362,1590.32
1000000,10240,840713,626.17
100000,10240,73579,16342.54
1000000,10240,344815,8636.25
100000,10240,32079,24364.59
1000000,10240,783041,20436.78
100000,10240,78311,1033.74
100000,10240,52654,1468.48
1000000,10240,859943,1337.09
100000,10240,66895,16045.41
1000000,10240,528751,13843.27
1000000,10240,222203,16761.67
100000,10240,72561,13772.14
1000000,10240,478804,840.25
100000,10240,50747,689.08
100000,10240,86563,15640.63
100000,10240,47851,1135.52
100000,10240,76282,1306.52
1000000,10240,589820,879.70
100000,10240,44793,21935.35
1000000,10240,299214,12975.03
1000000,10240,906496,100.57
1000000,10240,216456,23603.18
1000000,10240,307729,1022.61
1000000,10240,951042,96.49
100000,10240,92187,17280.67
100000,10240,4405,758.84
100000,10240,64414,1580.86
100000,10240,36302,1616.34
100000,10240,21983,20745.77
100000,10240,35532,16106.21
1000000,10240,207140,1489.66
1000000,10240,771660,18476.67
1000000,10240,672566,22902.80
1000000,10240,773758,1180.43
100000,10240,48967,18442.39
1000000,10240,956409,157.35
1000000,10240,936050,235.15
100000,10240,64868,578.62
100000,10240,5529,11747.80
1000000,10240,974338,199.94
1000000,10240,255652,598.15
100000,10240,85699,17590.72
100000,10240,44113,17809.96
1000000,10240,805671,502.26
100000,10240,54304,336.94
1000000,10240,781410,383.66
100000,10240,20352,787.52
1000000,10240,256822,20987.83
1000000,10240,374927,15835.51
1000000,10240,51604,13529.38
100000,10240,68289,799.78
1000000,10240,106225,17429.51
1000000,10240,409391,403.41
100000,10240,15336,16702.54
100000,10240,72309,683.28
100000,10240,57344,302.64
100000,10240,61763,11892.35
100000,10240,42777,424.04
1000000,10240,12885,312.00
100000,10240,34249,22283.98
1000000,10240,960806,335.49
100000,10240,49808,911.06
1000000,10240,211524,19493.74
100000,10240,98021,18033.09
1000000,10240,213990,729.91
100000,10240,43279,435.50
1000000,10240,906285,95.60
100000,10240,22018,12802.19
100000,10240,7212,20239.76
100000,10240,36025,22911.07
100000,10240,62496,430.01
100000,10240,97193,510.91
100000,10240,92949,946.85
1000000,10240,711774,20950.87
1000000,10240,78409,23005.53
100000,10240,85403,609.07
100000,10240,7552,14568.25
100000,10240,25237,18892.91
1000000,10240,550705,16226.56
1000000,10240,698740,539.21
100000,10240,23891,973.40
1000000,10240,561720,307.35
100000,10240,27941,889.79
100000,10240,67470,427.62
100000,10240,99039,289.25
100000,10240,50939,16729.78
1000000,10240,892104,580.90
1000000,10240,229412,20689.14
1000000,10240,257859,16137.11
100000,10240,33332,924.90
100000,10240,25008,699.68
1000000,10240,287653,16577.69
1000000,10240,97582,926.79
1000000,10240,409835,11422.76
1000000,10240,679352,697.79
1000000,10240,888075,17926.76
100000,10240,72534,14342.15
1000000,10240,356470,19203.08
100000,10240,35972,15548.11
1000000,10240,973736,322.66
1000000,10240,767543,417.31
1000000,10240,784639,418.60
100000,10240,42219,16406.53
1000000,10240,310089,22352.84
1000000,10240,490262,13424.46
1000000,10240,276359,705.92
100000,10240,32846,741.90
1000000,10240,444638,428.25
100000,10240,50039,443.35
100000,10240,91272,1280.05
1000000,10240,660717,340.78
100000,10240,54758,858.43
1000000,10240,917925,101.72
1000000,10240,387596,323.54
100000,10240,96835,16268.48
100000,10240,17139,283.56
1000000,10240,593595,19577.60
100000,10240,64282,15201.20
100000,10240,59314,464.31
1000000,10240,719074,393.76
1000000,10240,270450,22870.29
1000000,10240,94336,732.83
100000,10240,1461,10520.50
1000000,10240,918972,231.12
100000,10240,86628,860.17
1000000,10240,363716,11416.18
1000000,10240,716546,13956.02
1000000,10240,918040,335.58
100000,10240,62411,15293.32
100000,10240,41688,717.67
1000000,10240,79222,14674.53
1000000,10240,649785,33428.83
100000,10240,70329,21684.39
100000,10240,65715,632.86
100000,10240,69856,1385.22
100000,10240,41365,12170.70
100000,10240,73446,19846.20
100000,10240,64930,1051.48
1000000,10240,900374,598.62
100000,10240,31369,834.84
100000,10240,39358,12260.65
1000000,10240,311166,15299.31
100000,10240,35268,537.57
100000,10240,55312,1536.54
1000000,10240,880266,312.48
100000,10240,99201,869.14
100000,10240,18131,14094.09
100000,10240,16152,11256.60
100000,10240,74922,922.93
100000,10240,20887,23699.63
100000,10240,28905,17314.56
1000000,10240,408091,705.90
100000,10240,88008,12750.02
1000000,10240,317393,664.22
100000,10240,41399,16769.43
1000000,10240,754981,20680.24
1000000,10240,673223,636.62
1000000,10240,111380,11799.73
100000,10240,46771,19168.87
100000,10240,95668,969.33
100000,10240,11854,504.47
100000,10240,80676,723.92
1000000,10240,363629,434.45
100000,10240,41079,8967.87
100000,10240,66247,624.24
1000000,10240,307194,9314.52
1000000,10240,220843,13498.18
1000000,10240,514266,11298.51
1000000,10240,464919,15104.92
1000000,10240,972438,321.71
1000000,10240,37329,17580.27
1000000,10240,256620,15058.69
100000,10240,79365,21056.32
1000000,10240,448317,712.12
100000,10240,68592,16560.54
100000,10240,64122,14447.25
100000,10240,30924,543.92
100000,10240,51879,423.55
100000,10240,65308,306.09
100000,10240,61498,1195.18
1000000,10240,113006,17987.39
1000000,10240,68744,18161.83
100000,10240,56651,655.96
100000,10240,59829,17226.09
1000000,10240,814320,654.61
100000,10240,2946,15546.37
100000,10240,40352,11943.37
1000000,10240,454980,653.78
1000000,10240,589729,591.78
100000,10240,37281,19311.07
100000,10240,71137,10000.03
100000,10240,63407,17424.72
100000,10240,90519,30525.02
100000,10240,55864,992.77
100000,10240,90422,14422.21
100000,10240,85467,10869.81
100000,10240,68731,16647.97
1000000,10240,634555,18877.71
1000000,10240,163473,19265.90
1000000,10240,289520,872.36
1000000,10240,536362,1051.55
1000000,10240,383341,820.12
100000,10240,86799,388.73
1000000,10240,561109,483.59
100000,10240,82799,19284.21
1000000,10240,680271,37160.77
100000,10240,65597,1089.03
100000,10240,72628,22026.64
100000,10240,62851,19648.65
1000000,10240,472552,817.85
100000,10240,47202,992.81
100000,10240,35446,13555.91
100000,10240,47795,768.07
1000000,10240,630255,650.17
1000000,10240,161943,16946.77
100000,10240,30389,1264.45
100000,10240,50608,1319.50
1000000,10240,242106,1189.67
100000,10240,96482,19869.07
100000,10240,40327,18695.00
100000,10240,73259,13332.27
100000,10240,27450,30628.87
100000,10240,10287,20335.40
1000000,10240,464937,23378.80
1000000,10240,630133,11351.89
100000,10240,50277,2136.50
1000000,10240,368814,588.62
1000000,10240,599125,637.81
1000000,10240,85362,18946.18
100000,10240,95199,20416.39
100000,10240,42992,2513.67
1000000,10240,91876,16779.60
1000000,10240,809142,642.78
1000000,10240,564271,738.82
100000,10240,54948,735.18
1000000,10240,187693,1138.59
100000,10240,24586,621.34
1000000,10240,761221,709.41
1000000,10240,936633,321.94
100000,10240,58176,1083.46
1000000,10240,553275,19262.75
1000000,10240,531948,1175.29
1000000,10240,157805,1452.84
100000,10240,15314,13885.28
100000,10240,2900,12946.64
100000,10240,63813,1155.82
1000000,10240,126656,714.51
1000000,10240,265329,982.28
100000,10240,24884,809.70
1000000,10240,735652,14785.22
100000,10240,84883,736.30
1000000,10240,284261,16456.42
1000000,10240,696368,18546.26
100000,10240,98080,1163.38
100000,10240,92124,20568.79
1000000,10240,170558,854.05
1000000,10240,663877,18313.30
100000,10240,10357,876.47
1000000,10240,783369,544.31
100000,10240,26895,672.02
100000,10240,48118,20889.26
1000000,10240,539178,651.44
100000,10240,43500,13302.74
100000,10240,96241,17640.18
100000,10240,84109,24135.60
1000000,10240,824764,15801.72
1000000,10240,105814,11593.25
1000000,10240,382755,729.60
1000000,10240,71307,19750.62
1000000,10240,573132,794.78
1000000,10240,791434,18376.92
1000000,10240,386903,17151.67
100000,10240,25496,867.72
1000000,10240,127615,21119.40
100000,10240,45890,1052.85
1000000,10240,173558,11713.95
100000,10240,6980,1095.46
1000000,10240,546196,18732.50
1000000,10240,849011,1073.90
100000,10240,92289,996.52
1000000,10240,15722,17956.30
1000000,10240,417641,596.79
100000,10240,54600,15267.13
1000000,10240,493024,542.63
1000000,10240,312713,15719.23
1000000,10240,341919,13721.18
1000000,10240,29301,14848.06
1000000,10240,308189,14190.16
100000,10240,25995,21853.88
100000,10240,81924,651.36
1000000,10240,529283,499.11
1000000,10240,504322,16844.61
100000,10240,49140,882.73
1000000,10240,620875,17744.79
1000000,10240,682524,608.28
1000000,10240,452772,15042.01
1000000,10240,698011,15727.13
1000000,10240,267124,576.59
1000000,10240,490106,619.37
100000,10240,34973,688.41
1000000,10240,895739,108.48
100000,10240,56436,17893.22
1000000,10240,169205,771.20
100000,10240,61799,13957.12
1000000,10240,380320,16509.93
100000,10240,63133,16289.29
100000,10240,74899,732.60
1000000,10240,838641,440.44
100000,10240,92231,412.95
1000000,10240,631147,334.93
1000000,10240,435029,312.50
1000000,10240,182450,296.41
100000,10240,71313,776.09
1000000,10240,589448,550.69
100000,10240,18242,11389.60
1000000,10240,317905,651.99
100000,10240,48630,510.24
100000,10240,85766,13789.10
100000,10240,24232,935.94
1000000,10240,862752,374.03
100000,10240,48311,22006.73
100000,10240,60807,644.12
100000,10240,25443,831.10
100000,10240,9637,1064.45
1000000,10240,452931,16629.12
100000,10240,25048,22576.80
100000,10240,92281,22110.63
1000000,10240,749579,12393.11
100000,10240,50615,846.52
1000000,10240,335706,655.10
100000,10240,85389,14405.42
1000000,10240,234944,813.75
1000000,10240,367719,22895.03
1000000,10240,556267,528.29
1000000,10240,27626,23839.40
1000000,10240,75548,14839.73
1000000,10240,656326,460.93
100000,10240,22699,1143.17
100000,10240,55675,927.82
1000000,10240,168018,335.76
1000000,10240,202432,321.04
100000,10240,7754,20788.79
100000,10240,58606,473.50
100000,10240,31524,9905.97
1000000,10240,770137,523.81
1000000,10240,133620,612.17
100000,10240,77656,502.09
100000,10240,38085,585.04
100000,10240,77120,13482.52
100000,10240,70795,15582.94
100000,10240,26208,11623.50
1000000,10240,831023,701.68
1000000,10240,98045,18333.44
1000000,10240,145342,17463.67
100000,10240,50265,357.97
100000,10240,88716,333.95
100000,10240,14089,364.98
1000000,10240,647469,317.04
100000,10240,30137,16773.15
1000000,10240,216976,23218.59
100000,10240,78385,683.67
100000,10240,45656,30093.53
100000,10240,4851,19528.78
1000000,10240,691609,967.02
1000000,10240,204568,535.49
1000000,10240,659675,19515.99
1000000,10240,985259,314.64
100000,10240,1217,17841.23
100000,10240,3113,658.07
1000000,10240,324578,18993.97
1000000,10240,932057,314.55
100000,10240,40888,16399.83
1000000,10240,783068,15429.93
1000000,10240,96437,18043.68
100000,10240,71098,11122.14
100000,10240,14336,18243.73
100000,10240,47962,1126.32
100000,10240,72641,13036.30
1000000,10240,524094,23220.42
1000000,10240,734335,25959.63
1000000,10240,403348,17474.82
1000000,10240,132537,18186.27
1000000,10240,410243,20345.89
100000,10240,78134,1213.42
1000000,10240,237248,20724.26
1000000,10240,56413,9184.34
100000,10240,85045,14035.05
1000000,10240,256238,991.92
1000000,10240,314815,17894.65
1000000,10240,737022,647.79
1000000,10240,758466,573.56
100000,10240,52510,892.60
1000000,10240,449449,24716.92
1000000,10240,26886,17304.64
100000,10240,3728,485.48
100000,10240,83012,44212.31
100000,10240,50785,21832.24
100000,10240,20677,748.13
100000,10240,10308,975.12
1000000,10240,781565,338.30
1000000,10240,240474,514.73
100000,10240,8888,492.50
100000,10240,30539,14940.31
100000,10240,47746,12466.46
100000,10240,47925,616.36
1000000,10240,463664,634.21
100000,10240,86673,511.13
1000000,10240,249628,19029.20
100000,10240,95060,16291.67
100000,10240,30983,21444.23
100000,10240,62115,809.62
100000,10240,98112,15453.33
1000000,10240,665124,505.47
100000,10240,6202,411.25
100000,10240,20869,329.72
100000,10240,32816,28843.65
100000,10240,44185,1111.79
1000000,10240,45576,9875.54
1000000,10240,546802,547.38
1000000,10240,334397,20362.60
1000000,10240,636877,860.66
1000000,10240,286578,19879.89
100000,10240,69541,668.38
100000,10240,85498,27082.79
1000000,10240,189136,18206.55
1000000,10240,490636,18960.66
1000000,10240,50633,10643.25
100000,10240,39107,16180.10
1000000,10240,135130,1161.35
1000000,10240,563492,17347.05
1000000,10240,898422,237.67
1000000,10240,804377,1192.20
100000,10240,14969,16786.36
1000000,10240,894640,19929.76
1000000,10240,655331,977.18
1000000,10240,998639,199.93
100000,10240,70457,19408.62
100000,10240,58838,14804.14
100000,10240,26588,999.00
100000,10240,3905,11850.93
1000000,10240,1467,902.98
100000,10240,16749,32043.29
1000000,10240,849767,905.90
100000,10240,66307,812.30
1000000,10240,226634,19150.00
1000000,10240,900737,388.23
1000000,10240,392041,17931.12
100000,10240,18894,1861.80
1000000,10240,729283,23568.48
1000000,10240,857011,719.48
100000,10240,87632,529.44
100000,10240,7531,1122.86
100000,10240,48704,619.49
100000,10240,50723,762.54
1000000,10240,31566,19313.31
100000,10240,28746,14597.41
1000000,10240,814791,1355.41
100000,10240,23590,819.98
1000000,10240,512824,15845.30
1000000,10240,830829,619.03
100000,10240,54594,19577.10
100000,10240,79638,9966.87
100000,10240,52802,1296.82
1000000,10240,926984,440.05
100000,10240,51740,1014.77
100000,10240,53334,18233.88
100000,10240,86947,1254.83
1000000,10240,96258,12034.88
1000000,10240,486197,21276.89
100000,10240,50867,16440.88
1000000,10240,250210,15486.09
1000000,10240,652123,855.37
100000,10240,38669,18471.18
1000000,10240,702586,15780.48
100000,10240,24101,15504.54
100000,10240,60619,1573.47
100000,10240,77242,14544.39
100000,10240,34034,17562.75
100000,10240,56524,2049.68
1000000,10240,493361,19767.74
100000,10240,61580,11414.20
100000,10240,12416,1969.14
1000000,10240,109015,8095.60
1000000,10240,95775,1162.59
1000000,10240,440110,495.33
100000,10240,68864,1836.71
1000000,10240,871834,1282.81
100000,10240,81300,1326.24
100000,10240,42504,1118.81
1000000,10240,88896,366.89
100000,10240,50678,993.64
1000000,10240,292163,9387.92
100000,10240,42727,22688.01
1000000,10240,856379,848.70
1000000,10240,175044,23168.31
100000,10240,69990,13871.06
1000000,10240,310624,21025.11
100000,10240,50394,1331.32
100000,10240,67499,845.86
1000000,10240,170261,10767.22
100000,10240,28277,13005.09
100000,10240,49319,668.48
100000,10240,26504,16331.53
100000,10240,72085,19719.11
100000,10240,40954,17455.05
100000,10240,10013,1099.91
1000000,10240,795466,441.54
1000000,10240,794417,19975.94
1000000,10240,899563,249.09
100000,10240,70305,1180.88
100000,10240,18214,16475.13
100000,10240,77580,916.90
1000000,10240,377392,922.82
100000,10240,34413,1355.52
1000000,10240,616814,20543.29
100000,10240,98430,984.34
100000,10240,71531,415.88
100000,10240,9099,19698.69
1000000,10240,845241,455.14
1000000,10240,403017,20708.60
1000000,10240,791802,1103.75
100000,10240,64942,17293.33
100000,10240,3379,552.09
1000000,10240,275568,17554.67
100000,10240,54896,1137.05
100000,10240,80541,19727.06
1000000,10240,747717,664.04
1000000,10240,695558,466.84
100000,10240,3969,15587.94
1000000,10240,369221,10114.80
1000000,10240,117432,22840.17
1000000,10240,601651,729.85
1000000,10240,416209,14845.63
1000000,10240,113666,25133.08
1000000,10240,366652,588.83
100000,10240,8564,18755.29
100000,10240,78275,825.37
1000000,10240,887409,303.49
100000,10240,17499,19037.64
1000000,10240,691646,734.21
1000000,10240,694940,712.04
100000,10240,28197,367.48
100000,10240,31139,485.78
100000,10240,37914,20191.06
100000,10240,17206,15712.61
100000,10240,8232,17263.40
100000,10240,57014,937.82
1000000,10240,343001,326.29
1000000,10240,526474,547.87
100000,10240,90663,16711.71
1000000,10240,282258,22569.79
100000,10240,14871,30375.86
100000,10240,23416,1056.43
1000000,10240,639760,590.17
1000000,10240,46852,18645.75
100000,10240,75047,18547.21
100000,10240,73380,1143.27
1000000,10240,90277,419.88
1000000,10240,729578,34976.87
100000,10240,72110,797.37
1000000,10240,645374,479.05
1000000,10240,353737,14377.41
1000000,10240,199008,17924.97
1000000,10240,621885,21016.24
1000000,10240,392415,675.73
100000,10240,68610,433.93
100000,10240,13396,17414.22
100000,10240,86752,703.93
100000,10240,70465,737.59
100000,10240,63172,732.58
1000000,10240,855524,406.33
1000000,10240,132423,15218.81
100000,10240,20070,11541.94
100000,10240,6626,614.44
1000000,10240,200368,21867.25
100000,10240,68674,16030.41
1000000,10240,656403,678.87
100000,10240,72339,12659.22
1000000,10240,420815,18222.07
100000,10240,50052,24003.49
1000000,10240,969047,297.39
1000000,10240,145699,960.32
100000,10240,62650,16556.70
100000,10240,8271,526.13
100000,10240,82662,595.93
100000,10240,77847,509.38
1000000,10240,789185,285.92
1000000,10240,948562,100.60
1000000,10240,972154,94.21
100000,10240,32656,753.85
1000000,10240,444198,13068.32
100000,10240,59886,556.32
1000000,10240,331601,15560.35
100000,10240,49947,1002.24
1000000,10240,450244,19096.88
100000,10240,61894,654.14
1000000,10240,667687,432.59
100000,10240,16202,856.14
100000,10240,2500,17393.97
1000000,10240,112278,14868.52
1000000,10240,425558,38159.46
100000,10240,1934,1112.10
1000000,10240,438409,13457.59
1000000,10240,469217,547.19
1000000,10240,210251,605.34
1000000,10240,578490,323.12
100000,10240,35728,578.93
100000,10240,24318,302.50
100000,10240,29816,549.88
100000,10240,41114,344.15
100000,10240,150,15353.64
1000000,10240,183450,27957.76
100000,10240,68512,16109.24
100000,10240,44057,1054.67
100000,10240,16274,45908.10
1000000,10240,326584,556.35
1000000,10240,924258,309.75
1000000,10240,520277,13757.85
1000000,10240,107022,684.21
100000,10240,83956,518.06
1000000,10240,679309,17390.40
1000000,10240,946392,241.49
100000,10240,32858,841.23
100000,10240,73872,21902.97
100000,10240,12989,731.39
100000,10240,28947,1092.80
1000000,10240,455157,397.39
1000000,10240,833206,307.84
100000,10240,5226,301.00
1000000,10240,232281,14752.51
100000,10240,77354,703.01
1000000,10240,111392,12531.33
1000000,10240,357900,694.19
1000000,10240,203258,18927.04
1000000,10240,148332,552.97
100000,10240,14643,321.92
1000000,10240,379798,18370.73
100000,10240,38175,18348.77
100000,10240,99402,21680.78
1000000,10240,840669,709.11
1000000,10240,512348,17216.68
1000000,10240,379205,14161.99
100000,10240,89816,1015.00
100000,10240,50968,605.99
100000,10240,14141,19800.22
1000000,10240,740807,17587.26
100000,10240,40001,19160.83
100000,10240,48655,13898.64
1000000,10240,923538,333.89
1000000,10240,667791,470.75
1000000,10240,783149,522.63
1000000,10240,319811,14471.83
100000,10240,1850,411.60
1000000,10240,716742,604.81
100000,10240,38715,517.43
100000,10240,64042,19437.21
1000000,10240,22243,800.94
1000000,10240,99146,15765.09
1000000,10240,819938,19815.88
100000,10240,27114,19683.24
1000000,10240,835294,20217.68
1000000,10240,356324,19671.96
100000,10240,7367,15984.94
1000000,10240,255958,20791.13
1000000,10240,830892,761.71
100000,10240,70702,564.57
1000000,10240,221018,14465.21
1000000,10240,733478,471.15
1000000,10240,421195,286.55
100000,10240,49174,18914.25
1000000,10240,756646,570.63
1000000,10240,664316,16374.14
1000000,10240,862260,10588.35
1000000,10240,918663,221.83
100000,10240,92760,538.53
1000000,10240,461421,614.07
1000000,10240,669900,426.33
1000000,10240,997933,97.86
100000,10240,91680,1450.12
100000,10240,44385,1082.64
1000000,10240,647554,811.01
100000,10240,92363,1096.35
100000,10240,19597,536.72
100000,10240,29002,499.50
1000000,10240,311897,905.27
100000,10240,47571,885.63
1000000,10240,794520,19311.52
100000,10240,59186,717.63
1000000,10240,544176,19002.40
1000000,10240,841105,511.65
100000,10240,26465,1374.53
100000,10240,32346,612.72
100000,10240,36585,478.17
1000000,10240,797530,513.03
1000000,10240,545027,366.34
1000000,10240,755009,9491.33
1000000,10240,977072,93.12
100000,10240,82614,825.57
100000,10240,76765,12150.96
1000000,10240,153643,703.49
1000000,10240,88109,595.74
1000000,10240,670699,18687.57
1000000,10240,596474,983.79
1000000,10240,778399,16968.47
100000,10240,5798,17813.55
1000000,10240,969464,347.91
100000,10240,73137,705.06
100000,10240,94892,10768.84
100000,10240,37947,1100.88
100000,10240,27112,1617.82
1000000,10240,347283,541.71
100000,10240,9961,14950.66
1000000,10240,60244,1717.26
1000000,10240,665318,17614.08
1000000,10240,835259,706.92
1000000,10240,483187,10436.99
100000,10240,80805,1596.45
1000000,10240,46670,14556.64
100000,10240,1854,14774.05
100000,10240,43283,1215.58
100000,10240,89824,1699.62
1000000,10240,576023,545.17
1000000,10240,236732,21609.92
100000,10240,57430,1163.22
1000000,10240,451451,11854.76
100000,10240,2050,10959.41
100000,10240,84790,1249.53
1000000,10240,926192,205.75
1000000,10240,936501,194.91
100000,10240,88696,15284.32
1000000,10240,989146,241.50
1000000,10240,301021,33752.77
1000000,10240,789912,913.86
1000000,10240,632672,745.71
100000,10240,14538,48990.32
1000000,10240,587565,895.09
100000,10240,94866,1361.98
100000,10240,59836,1439.84
1000000,10240,777391,19872.33
1000000,10240,132126,19101.71
1000000,10240,487982,9582.18
100000,10240,74278,626.67
100000,10240,17154,22963.75
1000000,10240,635132,710.45
100000,10240,11725,21787.40
100000,10240,58390,17388.08
1000000,10240,634229,558.19
1000000,10240,612328,18355.07
100000,10240,60910,1090.52
100000,10240,16389,22691.21
1000000,10240,470777,843.47
1000000,10240,951805,97.70
1000000,10240,622776,866.13
100000,10240,78647,618.38
1000000,10240,113119,412.15
1000000,10240,104298,15059.45
100000,10240,17790,739.00
100000,10240,85477,13595.93
1000000,10240,980961,325.34
100000,10240,24670,1534.63
100000,10240,36342,1163.73
100000,10240,45039,6811.74
100000,10240,13686,16231.19
1000000,10240,328137,1069.32
1000000,10240,738963,413.54
1000000,10240,493993,12402.43
1000000,10240,589128,17696.64
100000,10240,94481,14660.38
1000000,10240,370903,14928.90
100000,10240,76869,20079.23
100000,10240,39688,533.12
1000000,10240,586424,415.45
1000000,10240,738474,677.87
1000000,10240,761945,33600.36
100000,10240,358,939.12
1000000,10240,180172,17607.46
1000000,10240,311210,602.55
100000,10240,83930,1023.87
1000000,10240,858285,392.06
1000000,10240,172525,737.48
1000000,10240,542145,19574.45
1000000,10240,735165,584.55
1000000,10240,603992,16397.88
100000,10240,54702,16972.09
100000,10240,68146,592.07
100000,10240,55382,538.08
100000,10240,72512,367.37
1000000,10240,428178,521.05
1000000,10240,420601,469.19
1000000,10240,578290,286.37
100000,10240,65431,714.71
100000,10240,38253,411.04
100000,10240,78238,24235.19
100000,10240,14464,18567.14
100000,10240,37128,23898.32
100000,10240,13173,1077.08
100000,10240,18398,16169.84
100000,10240,43393,547.67
1000000,10240,930794,115.56
1000000,10240,639366,26409.98
100000,10240,53840,16875.33
100000,10240,20410,25119.09
100000,10240,40768,17153.88
1000000,10240,261236,600.24
100000,10240,72045,16425.19
100000,10240,54995,409.59
1000000,10240,316120,612.22
100000,10240,79689,430.64
1000000,10240,243304,271.54
1000000,10240,475745,689.02
100000,10240,40980,407.43
100000,10240,44236,698.06
1000000,10240,362645,24473.99
100000,10240,90408,856.12
100000,10240,91362,17400.70
100000,10240,97545,786.41
1000000,10240,387538,17775.13
1000000,10240,773876,646.96
1000000,10240,291860,13409.72
100000,10240,80760,742.20
1000000,10240,515947,10667.18
1000000,10240,107919,25821.62
1000000,10240,70461,19426.52
100000,10240,38119,598.08
100000,10240,28085,19188.44
1000000,10240,375394,439.67
1000000,10240,962033,309.00
100000,10240,97577,934.34
100000,10240,18004,296.64
100000,10240,59866,336.68
1000000,10240,681516,286.45
100000,10240,77621,8675.32
100000,10240,92370,15986.80
100000,10240,27839,307.90
100000,10240,7698,422.93
1000000,10240,371858,532.27
1000000,10240,979485,191.93
1000000,10240,798347,23352.49
1000000,10240,627459,757.93
100000,10240,34978,18862.46
1000000,10240,442521,13516.29
1000000,10240,468894,22038.58
100000,10240,92618,729.71
100000,10240,75243,18414.96
100000,10240,11452,411.46
100000,10240,98676,29209.21
100000,10240,48567,977.33
1000000,10240,885066,93.70
100000,10240,17299,11227.31
1000000,10240,364340,615.69
1000000,10240,511185,570.53
100000,10240,40172,343.99
100000,10240,26569,13624.33
100000,10240,64217,984.56
100000,10240,22356,16482.03
1000000,10240,211184,12787.04
1000000,10240,968687,111.56
1000000,10240,259520,16308.29
1000000,10240,390843,10845.31
1000000,10240,649114,805.30
100000,10240,63225,449.51
1000000,10240,931768,126.57
1000000,10240,461809,339.90
1000000,10240,438587,442.16
100000,10240,31270,15818.76
100000,10240,20315,19136.10
1000000,10240,900084,440.18
1000000,10240,813432,585.47
1000000,10240,193205,9554.16
1000000,10240,851649,485.07
100000,10240,52007,297.24
100000,10240,28199,19253.11
1000000,10240,314056,591.99
1000000,10240,272735,18819.84
100000,10240,93212,696.07
100000,10240,91384,496.48
100000,10240,86200,22375.04
1000000,10240,599180,16455.26
1000000,10240,637600,743.38
1000000,10240,781399,17185.87
100000,10240,86193,1168.74
1000000,10240,893419,633.39
1000000,10240,636795,8245.02
1000000,10240,447818,355.89
100000,10240,22898,483.34
1000000,10240,653169,294.95
100000,10240,42778,344.44
1000000,10240,770028,638.66
100000,10240,24385,12701.87
1000000,10240,916622,609.53
1000000,10240,673662,399.27
1000000,10240,143055,14953.83
1000000,10240,937782,104.19
100000,10240,73048,479.36
1000000,10240,778246,469.89
1000000,10240,293374,16342.54
100000,10240,75571,15448.46
1000000,10240,550957,642.84
1000000,10240,137259,14845.12
100000,10240,56980,887.59
1000000,10240,799908,636.87
100000,10240,15717,583.09
1000000,10240,113565,13579.47
100000,10240,47265,17863.46
100000,10240,45069,738.27
100000,10240,68089,800.82
1000000,10240,168037,22300.57
100000,10240,51508,1038.12
1000000,10240,645804,779.57
100000,10240,47060,36624.55
100000,10240,54419,22261.87
100000,10240,50307,16742.66
100000,10240,82218,15490.12
1000000,10240,954911,392.17
1000000,10240,313710,39182.16
1000000,10240,812709,9137.56
1000000,10240,563646,7371.21
1000000,10240,446772,5502.10
1000000,10240,229964,26693.53
1000000,10240,790888,7063.19
1000000,10240,297604,10509.56
100000,10240,15126,4205.08
1000000,10240,704005,3980.52
100000,10240,28059,29456.09
100000,10240,44921,2327.45
1000000,10240,395476,3531.81
100000,10240,10498,16001.32
1000000,10240,763878,659.12
100000,10240,23021,13093.31
1000000,10240,388477,721.43
1000000,10240,447107,855.31
1000000,10240,780768,516.61
100000,10240,58925,14915.72
1000000,10240,45843,21458.23
100000,10240,13238,499.93
1000000,10240,191558,634.06
1000000,10240,558424,19145.10
1000000,10240,676153,454.89
100000,10240,62447,19436.15
100000,10240,89694,6626.46
1000000,10240,153311,20117.40
100000,10240,54165,14548.72
100000,10240,18554,672.63
1000000,10240,315300,473.15
100000,10240,54496,646.57
100000,10240,36749,21194.24
1000000,10240,15664,691.97
100000,10240,87060,638.61
1000000,10240,3775,18272.91
100000,10240,60931,12788.25
100000,10240,7149,669.48
1000000,10240,955133,300.44
1000000,10240,673693,413.41
100000,10240,77060,12005.96
100000,10240,88940,619.66
1000000,10240,614094,318.06
100000,10240,53424,31297.19
1000000,10240,317078,21843.14
1000000,10240,768260,821.31
1000000,10240,208079,924.40
1000000,10240,94960,20768.17
100000,10240,88857,619.79
100000,10240,47823,19076.04
1000000,10240,592592,15745.00
1000000,10240,359554,1331.52
100000,10240,15726,877.82
1000000,10240,527953,1244.05
100000,10240,77693,13281.92
100000,10240,2853,18737.74
1000000,10240,111035,1434.52
100000,10240,4165,1358.47
100000,10240,46285,867.70
1000000,10240,169966,12989.89
100000,10240,48331,575.31
100000,10240,76983,1826.33
1000000,10240,667331,15785.18
1000000,10240,694830,688.82
1000000,10240,319443,789.78
1000000,10240,840534,16367.27
1000000,10240,478482,17925.62
100000,10240,38141,1422.13
1000000,10240,554654,16210.81
1000000,10240,351626,18499.93
100000,10240,9359,12951.98
100000,10240,86025,1485.73
1000000,10240,600417,15844.88
1000000,10240,100479,1325.69
1000000,10240,656359,20406.53
1000000,10240,863359,1087.24
100000,10240,18659,17293.80
100000,10240,27600,886.91
100000,10240,20758,17329.68
1000000,10240,696188,1504.73
100000,10240,65038,692.43
1000000,10240,445469,13431.90
1000000,10240,330102,1485.54
100000,10240,27175,705.42
1000000,10240,685761,1261.70
100000,10240,4541,511.31
1000000,10240,721353,394.68
100000,10240,2482,1030.65
100000,10240,88083,16951.63
100000,10240,80281,2261.40
1000000,10240,45939,18907.44
1000000,10240,919307,246.08
100000,10240,16083,1102.17
1000000,10240,5258,26886.16
100000,10240,76619,22023.41
100000,10240,25105,1003.65
100000,10240,48520,21610.16
100000,10240,45061,1509.35
1000000,10240,710737,607.93
1000000,10240,616005,626.05
100000,10240,55363,13359.41
1000000,10240,44008,1124.89
1000000,10240,898004,305.61
100000,10240,89226,1761.00
100000,10240,49300,8887.38
100000,10240,7567,19257.15
1000000,10240,892847,1174.92
100000,10240,11945,999.03
1000000,10240,997102,108.83
1000000,10240,818855,1454.53
100000,10240,53627,813.44
100000,10240,11368,775.50
100000,10240,94970,564.20
100000,10240,96180,1100.35
100000,10240,4062,18746.50
100000,10240,86235,2017.10
100000,10240,11338,1228.34
1000000,10240,830835,1342.96
100000,10240,92243,18782.55
100000,10240,98378,16721.99
1000000,10240,932244,257.64
1000000,10240,353778,10976.43
100000,10240,79415,1284.39
1000000,10240,743575,969.62
100000,10240,14322,16833.07
100000,10240,34205,1231.66
1000000,10240,772048,708.74
1000000,10240,48234,12206.15
1000000,10240,552367,14020.87
1000000,10240,963614,328.73
100000,10240,45135,1333.22
1000000,10240,366317,980.68
1000000,10240,652079,22377.60
100000,10240,73619,14096.90
1000000,10240,733222,674.43
1000000,10240,858794,860.23
1000000,10240,787775,517.66
100000,10240,10993,17923.92
100000,10240,47435,13230.73
1000000,10240,694804,12728.61
1000000,10240,309043,717.27
1000000,10240,116320,19503.76
100000,10240,35774,643.12
1000000,10240,461481,20562.33
1000000,10240,322316,21603.27
100000,10240,37852,19531.30
100000,10240,29661,394.43
100000,10240,37051,14787.72
1000000,10240,630275,504.59
100000,10240,87988,15235.30
100000,10240,12626,14391.38
1000000,10240,54022,25530.19
100000,10240,9120,976.10
100000,10240,72633,606.54
100000,10240,71057,16930.99
100000,10240,26698,15668.14
1000000,10240,918491,378.35
1000000,10240,243715,516.64
100000,10240,46849,33628.75
1000000,10240,966142,391.94
1000000,10240,115400,1102.71
100000,10240,95817,354.81
100000,10240,8509,307.84
100000,10240,36208,15699.82
100000,10240,45823,24183.99
100000,10240,77539,758.70
100000,10240,46934,21976.18
100000,10240,75543,1045.03
100000,10240,13456,433.65
100000,10240,85139,330.36
100000,10240,44869,677.19
1000000,10240,605956,16452.78
100000,10240,73807,23246.66
100000,10240,30432,10641.51
1000000,10240,659253,711.45
100000,10240,31862,953.74
1000000,10240,558224,597.41
1000000,10240,672149,412.54
100000,10240,20788,382.01
100000,10240,64139,314.79
100000,10240,29820,261.28
100000,10240,11300,282.90
100000,10240,76273,732.45
1000000,10240,9708,21613.69
1000000,10240,435457,654.77
1000000,10240,685066,677.67
1000000,10240,728531,284.69
100000,10240,39935,15812.06
100000,10240,77812,41117.27
100000,10240,66550,724.69
1000000,10240,575006,14720.44
100000,10240,22955,1072.36
100000,10240,19978,25602.14
1000000,10240,896922,366.40
100000,10240,73170,13060.31
100000,10240,1386,15422.83
100000,10240,58183,1054.66
1000000,10240,556405,416.93
1000000,10240,492331,281.55
1000000,10240,915675,205.36
1000000,10240,692874,499.31
1000000,10240,238989,283.04
100000,10240,98505,6523.23
100000,10240,46376,636.65
100000,10240,75701,296.31
100000,10240,45015,1147.62
1000000,10240,623330,263.62
1000000,10240,306305,301.78
100000,10240,47290,698.19
100000,10240,2170,18177.89
1000000,10240,307213,578.84
1000000,10240,115333,687.72
1000000,10240,232074,20090.50
100000,10240,18714,22005.86
1000000,10240,27705,6496.99
100000,10240,18993,436.12
1000000,10240,297158,416.84
100000,10240,95568,14102.10
100000,10240,20019,526.26
100000,10240,69942,15600.85
100000,10240,96154,1048.64
1000000,10240,768028,17435.85
100000,10240,22911,16377.02
1000000,10240,327406,21676.26
1000000,10240,878862,256.24
100000,10240,15003,706.93
100000,10240,23840,722.42
1000000,10240,698249,303.70
1000000,10240,542985,300.04
1000000,10240,300699,8231.40
100000,10240,62193,21325.72
100000,10240,17658,1037.09
1000000,10240,762729,461.93
1000000,10240,633035,24855.29
100000,10240,68251,20886.62
100000,10240,31604,16697.88
100000,10240,65771,1274.79
100000,10240,88501,23726.91
1000000,10240,870207,330.32
100000,10240,90968,947.34
100000,10240,60755,433.49
1000000,10240,490033,257.66
100000,10240,26772,504.85
100000,10240,97800,11790.74
100000,10240,62797,1150.14
100000,10240,15812,13789.66
1000000,10240,401286,815.74
1000000,10240,213154,715.91
1000000,10240,627356,885.28
100000,10240,48546,25239.79
100000,10240,95401,744.57
100000,10240,30299,8513.08
100000,10240,9269,319.40
1000000,10240,558710,19403.44
1000000,10240,398325,17467.44
100000,10240,96345,577.16
100000,10240,30475,1152.33
100000,10240,1792,430.67
1000000,10240,789794,1017.40
1000000,10240,810822,394.51
100000,10240,62425,679.73
1000000,10240,440279,285.75
1000000,10240,938536,164.93
1000000,10240,915251,23572.63
1000000,10240,740530,17385.00
1000000,10240,368706,646.89
1000000,10240,208267,16415.92
100000,10240,19722,20404.00
1000000,10240,414603,13949.91
100000,10240,65726,18513.24
100000,10240,39720,936.86
100000,10240,12759,761.03
100000,10240,19025,471.85
100000,10240,13424,14712.29
100000,10240,17290,16211.64
100000,10240,44392,15717.83
100000,10240,9305,8933.13
1000000,10240,836865,416.36
100000,10240,67652,17784.74
1000000,10240,992695,249.48
100000,10240,84494,1014.64
1000000,10240,21084,784.86
1000000,10240,234496,12125.65
1000000,10240,24559,15394.13
100000,10240,27912,914.97
100000,10240,26475,450.03
1000000,10240,337260,17150.59
100000,10240,73306,1202.97
100000,10240,46665,1026.10
1000000,10240,708502,323.39
100000,10240,61082,9929.18
100000,10240,42616,18291.51
1000000,10240,351258,23035.23
100000,10240,43006,951.92
100000,10240,39948,16534.59
100000,10240,51563,20744.95
100000,10240,66287,1073.11
1000000,10240,893766,121.18
1000000,10240,472253,20807.76
1000000,10240,621678,561.71
100000,10240,52183,16889.92
100000,10240,77110,472.80
1000000,10240,555286,18378.91
100000,10240,2888,16349.22
100000,10240,83579,1127.18
100000,10240,93311,942.90
1000000,10240,108933,17301.12
1000000,10240,615357,845.85
100000,10240,83789,11957.31
100000,10240,78943,17882.07
1000000,10240,752170,778.03
1000000,10240,517806,422.82
1000000,10240,727391,6480.21
100000,10240,40963,22771.60
100000,10240,90677,559.06
100000,10240,44832,12057.34
100000,10240,85626,418.39
1000000,10240,483020,287.85
100000,10240,26062,520.85
100000,10240,5593,608.33
100000,10240,4285,279.53
1000000,10240,446867,17593.15
1000000,10240,296765,13880.47
1000000,10240,332749,13694.69
1000000,10240,39609,16501.75
100000,10240,97973,675.37
100000,10240,15704,14681.00
100000,10240,91547,610.98
100000,10240,63131,386.59
1000000,10240,713029,311.90
1000000,10240,762693,393.55
100000,10240,59871,722.10
100000,10240,53492,15611.85
100000,10240,42284,598.24
100000,10240,17088,17418.37
100000,10240,7055,609.31
1000000,10240,107677,572.69
1000000,10240,968471,201.20
1000000,10240,583480,426.44
1000000,10240,145303,11307.89
1000000,10240,103189,15458.72
1000000,10240,214154,18065.35
100000,10240,29563,1455.02
100000,10240,44548,593.63
1000000,10240,570019,15287.13
100000,10240,26812,22939.66
100000,10240,36735,1340.13
1000000,10240,107892,858.62
1000000,10240,61847,1132.32
1000000,10240,130704,18259.87
100000,10240,24455,1315.76
1000000,10240,185488,17862.83
1000000,10240,796241,1571.97
100000,10240,22973,28365.87
100000,10240,16361,16159.60
100000,10240,8819,1129.28
1000000,10240,669054,1611.67
1000000,10240,912112,102.27
1000000,10240,404103,20188.06
100000,10240,92440,823.16
1000000,10240,537087,17451.89
1000000,10240,539009,9102.76
1000000,10240,691397,13356.38
100000,10240,65517,1198.70
100000,10240,10328,16040.55
1000000,10240,957566,332.07
1000000,10240,66817,467.35
1000000,10240,803421,742.42
1000000,10240,165909,843.45
1000000,10240,657860,477.71
100000,10240,50446,1623.81
1000000,10240,676184,897.80
100000,10240,37110,580.28
1000000,10240,379021,19584.51
100000,10240,85848,1017.39
100000,10240,83588,781.82
1000000,10240,23637,972.22
1000000,10240,868415,832.92
100000,10240,91099,16009.87
1000000,10240,373973,1503.90
1000000,10240,891090,199.95
1000000,10240,735538,20214.97
1000000,10240,172011,18235.06
1000000,10240,863227,1282.44
100000,10240,38980,1484.50
100000,10240,79144,1220.91
1000000,10240,559333,1004.63
100000,10240,42840,8704.59
1000000,10240,216329,21020.56
100000,10240,35349,18408.76
1000000,10240,771947,1876.38
1000000,10240,595772,640.09
1000000,10240,61775,23882.90
100000,10240,10957,22380.40
1000000,10240,286275,24162.95
100000,10240,39924,745.33
100000,10240,60846,739.77
1000000,10240,177561,17872.32
100000,10240,91677,713.10
1000000,10240,359376,463.54
1000000,10240,499694,481.38
1000000,10240,886888,9958.74
1000000,10240,870198,17584.98
1000000,10240,958445,234.57
1000000,10240,117213,15776.77
100000,10240,45625,16538.53
100000,10240,98871,1093.44
100000,10240,34003,1195.66
1000000,10240,470267,8669.69
1000000,10240,254535,14121.98
100000,10240,17814,17252.78
100000,10240,13947,13458.43
100000,10240,55496,724.11
100000,10240,22877,14972.28
1000000,10240,884680,369.60
100000,10240,95285,13415.51
1000000,10240,802719,918.21
1000000,10240,688159,16945.95
100000,10240,45238,11216.38
1000000,10240,614926,1587.17
1000000,10240,694595,18177.21
1000000,10240,509529,15350.14
1000000,10240,518213,700.09
100000,10240,67489,497.77
100000,10240,81351,13690.49
100000,10240,28760,1042.36
100000,10240,89277,552.71
100000,10240,75584,384.65
1000000,10240,735276,10415.11
100000,10240,15420,15568.35
1000000,10240,759434,22508.60
1000000,10240,697724,15573.52
1000000,10240,687140,23315.04
1000000,10240,948949,264.79
100000,10240,28080,542.68
100000,10240,36463,444.84
100000,10240,58556,309.30
100000,10240,99807,13553.36
100000,10240,55994,514.07
100000,10240,44313,29891.16
100000,10240,5376,577.67
1000000,10240,649079,16883.07
1000000,10240,527374,517.60
1000000,10240,946741,106.32
1000000,10240,829783,292.27
1000000,10240,94825,16884.48
100000,10240,58860,983.33
1000000,10240,636613,580.37
100000,10240,60610,12246.67
1000000,10240,160952,1190.38
1000000,10240,443054,13181.74
1000000,10240,14875,986.46
1000000,10240,110412,747.34
1000000,10240,763481,19368.61
1000000,10240,822892,51295.22
100000,10240,49290,1020.93
100000,10240,78804,18748.69
100000,10240,93531,553.68
1000000,10240,201019,15728.33
100000,10240,58306,1329.55
100000,10240,21299,23391.19
1000000,10240,17484,1106.05
1000000,10240,135019,19320.83
1000000,10240,453559,11077.91
1000000,10240,582119,11217.42
1000000,10240,823091,13862.65
100000,10240,94157,18724.92
100000,10240,14184,792.75
1000000,10240,581078,11064.37
100000,10240,23066,14276.18
100000,10240,85199,532.52
1000000,10240,93020,13317.78
1000000,10240,553392,441.50
100000,10240,71601,744.95
100000,10240,91045,21046.53
100000,10240,84825,24837.54
1000000,10240,328315,775.57
1000000,10240,9724,21947.91
1000000,10240,393482,12975.46
1000000,10240,138599,18979.81
100000,10240,49807,18715.94
1000000,10240,738260,602.55
100000,10240,19360,20267.44
1000000,10240,106330,549.35
100000,10240,53744,734.39
1000000,10240,882442,612.89
100000,10240,71901,868.10
1000000,10240,26927,6626.74
100000,10240,68898,302.28
100000,10240,87852,891.67
1000000,10240,18950,13407.77
1000000,10240,149550,623.34
100000,10240,73584,308.01
1000000,10240,915765,171.45
100000,10240,71819,400.82
1000000,10240,373801,16473.69
100000,10240,75197,17139.02
100000,10240,18661,440.28
100000,10240,40173,792.46
1000000,10240,256428,323.16
1000000,10240,750609,370.04
1000000,10240,175373,300.99
100000,10240,9725,16502.99
100000,10240,99930,777.18
1000000,10240,96619,15214.91
1000000,10240,186717,21171.01
100000,10240,86127,801.30
1000000,10240,921949,320.73
100000,10240,48224,814.02
1000000,10240,537756,276.12
100000,10240,14802,497.61
1000000,10240,330868,333.51
100000,10240,33092,310.63
100000,10240,79174,27435.72
1000000,10240,750974,15359.68
1000000,10240,956695,463.65
100000,10240,5930,11978.66
1000000,10240,329563,515.86
100000,10240,46976,437.52
100000,10240,98849,582.62
1000000,10240,998740,87.51
1000000,10240,113174,313.44
1000000,10240,202212,303.61
100000,10240,86333,14905.46
1000000,10240,566160,20500.89
1000000,10240,587712,15697.22
100000,10240,75609,553.96
1000000,10240,966229,110.94
1000000,10240,592772,10267.51
100000,10240,41288,624.60
1000000,10240,434661,371.33
100000,10240,1901,16615.78
1000000,10240,728864,677.55
100000,10240,21753,15056.91
1000000,10240,379547,18954.52
100000,10240,45353,8214.21
100000,10240,49377,619.08
100000,10240,62601,18095.04
1000000,10240,874677,10369.12
100000,10240,51347,16082.40
100000,10240,93836,496.88
1000000,10240,759822,993.18
1000000,10240,515524,367.34
1000000,10240,539302,18174.78
1000000,10240,348967,20008.40
1000000,10240,499676,743.90
1000000,10240,140855,19928.18
1000000,10240,149380,818.50
100000,10240,7716,36264.44
100000,10240,86761,1064.06
100000,10240,82361,1144.75
1000000,10240,345356,457.49
1000000,10240,183633,23927.42
100000,10240,95646,19148.43
1000000,10240,287150,619.25
1000000,10240,363108,20434.88
100000,10240,26389,1016.00
1000000,10240,179453,20142.21
100000,10240,7816,14491.61
1000000,10240,849681,603.20
100000,10240,19603,557.88
100000,10240,85696,999.37
1000000,10240,199429,404.89
100000,10240,51502,307.63
1000000,10240,510472,18594.52
1000000,10240,820628,479.62
1000000,10240,690677,14987.47
100000,10240,7878,15946.16
100000,10240,81156,1098.93
100000,10240,36681,22180.04
100000,10240,86736,19711.42
1000000,10240,241773,11282.44
100000,10240,48823,864.06
100000,10240,30339,18896.74
1000000,10240,765071,601.07
100000,10240,50275,702.20
100000,10240,15023,406.41
100000,10240,99317,14944.74
1000000,10240,516530,12548.68
1000000,10240,301967,15063.23
1000000,10240,581208,529.25
100000,10240,91250,1031.70
100000,10240,45593,7909.14
100000,10240,57041,429.32
100000,10240,80364,20387.29
100000,10240,35633,1091.96
1000000,10240,667117,499.21
1000000,10240,870790,335.43
100000,10240,45607,392.81
1000000,10240,635553,585.22
100000,10240,81490,14101.10
1000000,10240,11430,22779.54
1000000,10240,699631,705.72
1000000,10240,623501,19160.99
1000000,10240,901468,154.76
1000000,10240,93563,658.99
1000000,10240,615698,479.26
100000,10240,25144,1160.39
1000000,10240,704975,576.00
100000,10240,33526,1001.09
1000000,10240,764649,401.52
1000000,10240,13083,436.69
100000,10240,1699,807.28
100000,10240,85969,326.16
1000000,10240,731442,536.29
1000000,10240,639633,333.80
100000,10240,40539,21156.58
1000000,10240,196972,17141.81
100000,10240,80273,1297.15
100000,10240,74741,18665.52
1000000,10240,661519,928.12
100000,10240,35860,638.76
100000,10240,16631,898.09
1000000,10240,709920,13810.57
1000000,10240,770509,14776.72
100000,10240,63896,9995.93
100000,10240,95491,1005.00
100000,10240,8908,5173.44
1000000,10240,355465,17588.06
1000000,10240,247906,15605.67
100000,10240,89573,15835.93
100000,10240,51688,1110.47
100000,10240,58991,703.33
1000000,10240,707265,584.48
100000,10240,35227,13662.05
100000,10240,60784,17175.69
1000000,10240,717204,733.08
1000000,10240,864352,2079.66
100000,10240,56626,790.91
1000000,10240,111159,14168.36
1000000,10240,237078,13206.08
1000000,10240,829339,762.25
100000,10240,2464,731.98
1000000,10240,245637,18133.07
1000000,10240,395351,21127.81
1000000,10240,95825,981.05
100000,10240,30673,742.54
100000,10240,47223,998.74
1000000,10240,220895,16188.59
1000000,10240,519072,21402.19
1000000,10240,478148,645.39
1000000,10240,938354,102.78
100000,10240,16809,1372.17
1000000,10240,18105,16431.50
100000,10240,58006,12803.81
1000000,10240,858002,1414.39
1000000,10240,887936,291.33
100000,10240,76550,1586.87
100000,10240,34970,935.99
1000000,10240,37480,1365.23
100000,10240,12050,575.73
1000000,10240,707173,16678.51
1000000,10240,786343,1554.12
1000000,10240,397329,11525.81
1000000,10240,61343,20406.55
1000000,10240,467646,16478.99
100000,10240,84848,12710.89
1000000,10240,130889,17900.25
1000000,10240,660049,20948.66
100000,10240,73339,17285.35
1000000,10240,313630,907.57
1000000,10240,732603,16294.44
1000000,10240,409992,15468.69
1000000,10240,357261,738.74
100000,10240,79269,16798.82
100000,10240,46179,664.10
1000000,10240,309268,17854.58
1000000,10240,130524,22271.44
1000000,10240,753800,649.43
1000000,10240,132601,17831.35
1000000,10240,683680,860.46
1000000,10240,475637,885.95
1000000,10240,626882,20479.80
1000000,10240,296788,1277.52
1000000,10240,840715,721.27
100000,10240,60429,18447.12
1000000,10240,711341,1560.19
1000000,10240,510975,15618.94
1000000,10240,343005,20385.33
1000000,10240,751210,13097.43
100000,10240,78317,14445.41
100000,10240,24123,8329.65
100000,10240,74349,491.94
100000,10240,60305,1803.10
100000,10240,50604,15465.76
1000000,10240,446535,716.82
1000000,10240,957301,327.78
100000,10240,33084,9869.34
1000000,10240,571559,723.18
100000,10240,58979,16746.65
1000000,10240,219703,19965.98
100000,10240,82173,19085.81
100000,10240,66577,1136.90
1000000,10240,564814,686.81
1000000,10240,134278,14742.27
100000,10240,18096,608.63
1000000,10240,852262,1679.80
100000,10240,83928,20264.96
1000000,10240,841718,687.68
100000,10240,24434,1260.93
1000000,10240,7052,22376.15
100000,10240,29831,15978.02
100000,10240,49689,1261.15
100000,10240,92345,560.28
1000000,10240,315986,13566.77
1000000,10240,182155,17516.85
100000,10240,69655,1224.13
100000,10240,99474,774.68
1000000,10240,604856,551.38
100000,10240,50778,17683.95
1000000,10240,955240,256.12
100000,10240,42318,13704.64
1000000,10240,769946,501.00
1000000,10240,773644,640.86
100000,10240,16803,21755.26
1000000,10240,60101,23431.14
100000,10240,20218,23221.39
100000,10240,93677,542.37
100000,10240,75255,8629.74
100000,10240,54505,17548.31
100000,10240,98707,502.59
1000000,10240,506748,489.59
100000,10240,21068,418.97
100000,10240,4763,300.93
1000000,10240,925246,92.29
1000000,10240,135197,15936.05
100000,10240,76269,653.75
100000,10240,86781,528.41
100000,10240,57817,962.65
100000,10240,98176,618.14
100000,10240,11282,537.73
1000000,10240,705756,19502.26
1000000,10240,593047,462.71
1000000,10240,410389,15232.93
1000000,10240,163450,21645.38
100000,10240,32264,647.12
1000000,10240,687106,346.84
100000,10240,71939,15756.00
100000,10240,2408,16980.74
100000,10240,27082,737.48
100000,10240,79503,15931.22
100000,10240,10254,809.22
1000000,10240,832308,547.19
1000000,10240,914822,87.93
1000000,10240,378970,446.79
1000000,10240,13554,292.61
1000000,10240,552150,19228.04
100000,10240,28883,18844.54
100000,10240,20221,25947.44
1000000,10240,880096,508.50
1000000,10240,685577,525.14
100000,10240,54747,1307.12
1000000,10240,15017,13406.66
100000,10240,10336,21240.49
100000,10240,74946,1041.42
100000,10240,95484,300.29
1000000,10240,123432,17612.41
1000000,10240,930774,409.65
100000,10240,41555,691.80
1000000,10240,328403,469.10
100000,10240,47069,17754.59
1000000,10240,606252,566.87
100000,10240,20202,15857.17
1000000,10240,457729,18823.38
100000,10240,71176,15603.88
100000,10240,10407,570.58
100000,10240,71568,896.37
1000000,10240,113974,17199.78
100000,10240,79507,881.99
1000000,10240,936763,315.17
100000,10240,18953,10520.23
100000,10240,77640,516.91
1000000,10240,928644,21637.06
100000,10240,61370,12273.48
100000,10240,80216,11095.86
1000000,10240,632938,508.75
100000,10240,4705,10323.51
1000000,10240,862994,762.71
100000,10240,70220,11056.08
100000,10240,12987,600.95
100000,10240,11133,35784.01
100000,10240,433,14400.66
1000000,10240,308433,18815.41
100000,10240,62018,631.43
1000000,10240,290070,26051.42
1000000,10240,936413,207.84
1000000,10240,691515,1017.55
100000,10240,24671,714.86
100000,10240,40425,900.88
100000,10240,2757,18961.21
1000000,10240,483819,943.87
1000000,10240,855793,105.81
1000000,10240,230906,12326.67
100000,10240,38290,20532.46
100000,10240,93117,562.30
1000000,10240,24393,516.11
100000,10240,81324,391.35
1000000,10240,712049,417.54
100000,10240,93093,399.97
100000,10240,42899,14225.65
1000000,10240,474239,27425.98
100000,10240,832,696.43
1000000,10240,419852,34443.49
1000000,10240,710902,730.93
100000,10240,28477,15619.16
100000,10240,29949,568.47
1000000,10240,120253,15743.24
100000,10240,62424,1297.24
1000000,10240,978157,97.24
100000,10240,70912,599.00
100000,10240,29643,17855.43
100000,10240,34335,17999.09
100000,10240,10911,14352.58
100000,10240,96276,1098.36
1000000,10240,818805,11865.05
100000,10240,32581,18936.13
1000000,10240,187716,703.50
1000000,10240,242928,527.55
1000000,10240,356687,363.68
100000,10240,34619,494.74
100000,10240,50173,406.12
1000000,10240,774703,698.52
1000000,10240,219765,14637.36
100000,10240,95852,563.96
1000000,10240,367624,15249.26
100000,10240,86556,995.24
100000,10240,30503,543.80
1000000,10240,319626,440.46
1000000,10240,888845,95.39
100000,10240,88276,14859.87
100000,10240,36239,15847.95
100000,10240,12689,16927.81
100000,10240,92004,801.62
100000,10240,68517,29973.35
100000,10240,73713,1433.59
1000000,10240,47054,418.06
100000,10240,82447,15442.63
100000,10240,37707,12166.72
1000000,10240,854225,511.33
1000000,10240,365484,19817.10
100000,10240,55333,485.28
100000,10240,11359,327.31
100000,10240,35041,316.36
100000,10240,41652,601.83
100000,10240,6166,31831.31
100000,10240,95823,767.25
1000000,10240,268113,12373.89
1000000,10240,128270,20594.70
100000,10240,97376,1145.37
100000,10240,5952,14534.92
100000,10240,87580,20829.82
100000,10240,35910,624.94
1000000,10240,779241,540.70
100000,10240,31502,784.74
100000,10240,95786,17858.24
1000000,10240,180865,600.71
100000,10240,18777,17299.91
1000000,10240,395633,21565.76
1000000,10240,170666,9606.31
1000000,10240,86993,304.20
1000000,10240,331727,668.29
100000,10240,34039,975.13
1000000,10240,320218,18128.20
100000,10240,63942,21082.10
1000000,10240,889561,1052.99
100000,10240,67300,16911.34
1000000,10240,878780,307.15
1000000,10240,282486,28536.79
1000000,10240,464143,18504.26
1000000,10240,999831,299.02
1000000,10240,405907,808.48
1000000,10240,761757,524.87
100000,10240,56333,1165.10
100000,10240,22900,15749.91
1000000,10240,407737,19063.63
1000000,10240,868543,949.37
1000000,10240,171252,580.80
100000,10240,32208,18042.08
100000,10240,51451,942.19
100000,10240,71971,17498.49
1000000,10240,603646,1149.77
100000,10240,34471,10936.95
1000000,10240,201984,24504.17
100000,10240,63394,1243.44
1000000,10240,59406,12216.56
100000,10240,5229,26284.04
1000000,10240,761593,14916.83
1000000,10240,55739,11161.40
1000000,10240,789911,17394.21
1000000,10240,63821,1127.37
1000000,10240,359898,17025.35
100000,10240,74195,959.35
100000,10240,10986,1829.19
1000000,10240,472780,17525.48
100000,10240,54209,17441.66
100000,10240,8301,15769.39
100000,10240,6564,29028.33
1000000,10240,745937,1010.31
1000000,10240,534017,716.80
100000,10240,85180,869.55
100000,10240,92507,638.36
100000,10240,65390,1407.82
100000,10240,90095,1111.37
1000000,10240,760657,361.93
1000000,10240,234903,13455.87
1000000,10240,897437,16616.36
100000,10240,6433,13697.18
1000000,10240,164592,22463.62
100000,10240,17991,18563.92
100000,10240,24632,18955.67
1000000,10240,496672,1472.72
100000,10240,7305,856.22
1000000,10240,658285,15016.92
1000000,10240,811329,6845.13
1000000,10240,820755,551.76
100000,10240,38654,409.52
1000000,10240,537373,12599.91
1000000,10240,928864,135.27
100000,10240,15239,13306.56
1000000,10240,45168,15615.15
1000000,10240,511028,895.31
100000,10240,23819,12543.74
1000000,10240,720208,880.41
100000,10240,10208,19502.66
100000,10240,24820,9027.91
100000,10240,79308,538.54
100000,10240,76490,13177.61
1000000,10240,710587,14643.92
1000000,10240,797861,1024.62
100000,10240,20766,26197.47
100000,10240,33158,19179.32
1000000,10240,582788,1299.16
1000000,10240,116335,16305.58
100000,10240,48265,821.44
1000000,10240,298042,9018.47
100000,10240,62070,33090.63
1000000,10240,562799,1013.21
100000,10240,69798,17036.46
1000000,10240,697962,557.62
100000,10240,31499,19516.15
100000,10240,62537,1002.41
100000,10240,37289,14185.83
100000,10240,87445,1106.08
100000,10240,33924,383.16
1000000,10240,783968,663.95
100000,10240,84887,663.46
1000000,10240,498796,446.32
100000,10240,18140,291.58
1000000,10240,223088,314.73
1000000,10240,588247,18136.29
100000,10240,1715,14285.50
100000,10240,88358,18879.04
100000,10240,63318,19903.55
1000000,10240,774562,854.28
1000000,10240,832878,537.89
100000,10240,71855,419.56
1000000,10240,294795,41693.45
100000,10240,4306,27623.26
1000000,10240,681900,786.49
1000000,10240,489478,1114.52
100000,10240,83394,335.88
100000,10240,56063,16898.55
1000000,10240,771889,702.26
100000,10240,57549,21466.01
100000,10240,11164,616.50
1000000,10240,604422,556.02
1000000,10240,459822,14421.39
1000000,10240,519364,14334.52
100000,10240,88389,1092.48
100000,10240,62242,11531.19
1000000,10240,289635,22897.46
100000,10240,13474,13649.15
100000,10240,77280,479.57
1000000,10240,369209,17599.88
1000000,10240,10151,530.62
1000000,10240,104415,10957.74
100000,10240,35311,1171.03
1000000,10240,404321,617.34
1000000,10240,803222,390.26
100000,10240,26522,15035.95
100000,10240,74468,22054.08
1000000,10240,273336,17715.88
1000000,10240,459226,765.89
1000000,10240,908876,612.57
100000,10240,96810,784.65
100000,10240,16691,455.06
1000000,10240,605239,263.43
1000000,10240,206508,297.25
1000000,10240,311023,17981.81
1000000,10240,108055,545.95
1000000,10240,262073,13757.48
100000,10240,94317,14496.42
100000,10240,56267,14961.23
100000,10240,14993,12408.67
1000000,10240,543471,578.87
1000000,10240,165615,17513.15
100000,10240,63265,979.77
100000,10240,89550,15606.39
1000000,10240,379264,19546.49
100000,10240,75361,726.00
100000,10240,99716,20302.82
100000,10240,15292,20969.23
1000000,10240,972462,308.62
1000000,10240,817919,550.08
1000000,10240,674920,459.41
100000,10240,23969,310.41
1000000,10240,337181,835.47
100000,10240,47395,619.36
100000,10240,20940,14074.62
100000,10240,18139,638.19
1000000,10240,483345,19475.27
100000,10240,1675,14097.45
1000000,10240,8286,386.12
1000000,10240,346292,636.78
100000,10240,10382,17636.76
100000,10240,27815,529.17
1000000,10240,208665,572.63
100000,10240,1610,548.90
1000000,10240,924599,132.80
1000000,10240,748022,318.61
100000,10240,82317,754.29
1000000,10240,113079,16346.70
1000000,10240,809891,722.40
100000,10240,17677,24845.68
100000,10240,22514,976.00
100000,10240,28758,21545.94
100000,10240,23394,16940.69
1000000,10240,321944,20614.81
100000,10240,1197,700.50
100000,10240,72970,18770.13
1000000,10240,761800,808.80
100000,10240,38086,779.33
1000000,10240,982118,101.01
100000,10240,13423,20351.69
1000000,10240,507348,544.40
100000,10240,92104,862.84
1000000,10240,596831,309.33
100000,10240,10611,788.16
100000,10240,87194,768.11
100000,10240,74127,432.47
1000000,10240,448443,415.92
1000000,10240,682420,299.31
1000000,10240,365805,272.56
100000,10240,80623,13640.93
1000000,10240,76561,507.11
100000,10240,95053,13135.92
1000000,10240,855076,409.35
1000000,10240,348824,16659.07
100000,10240,68306,457.64
1000000,10240,174872,11086.39
100000,10240,12156,21321.07
1000000,10240,797257,678.17
100000,10240,15278,16215.14
1000000,10240,647995,12922.11
1000000,10240,333120,641.34
1000000,10240,428468,299.60
1000000,10240,971954,120.23
1000000,10240,505590,17860.93
100000,10240,39438,18425.32
1000000,10240,157352,656.45
100000,10240,67284,10489.55
100000,10240,98052,572.75
1000000,10240,410103,14181.41
100000,10240,12021,11287.52
100000,10240,48551,11576.21
1000000,10240,24145,14067.19
100000,10240,25928,16565.28
1000000,10240,931104,365.93
1000000,10240,636123,640.25
1000000,10240,692702,297.20
1000000,10240,515609,368.31
1000000,10240,725388,294.52
100000,10240,23091,16615.29
100000,10240,13006,11641.49
1000000,10240,482752,15680.42
100000,10240,87385,1019.62
100000,10240,28157,1129.91
100000,10240,57164,478.21
1000000,10240,557509,282.58
100000,10240,1267,14393.45
100000,10240,99384,15556.52
100000,10240,26097,562.46
1000000,10240,909057,125.89
100000,10240,22185,543.49
1000000,10240,56352,22278.62
100000,10240,3101,16148.46
1000000,10240,628635,9321.54
100000,10240,60174,16370.41
100000,10240,13055,538.40
1000000,10240,389398,315.32
1000000,10240,359077,12933.23
100000,10240,58841,19146.26
100000,10240,54000,698.30
100000,10240,80209,1076.10
100000,10240,10545,14445.69
1000000,10240,631160,543.99
1000000,10240,365254,7108.73
1000000,10240,103641,286.75
1000000,10240,588207,318.45
100000,10240,23839,12185.30
100000,10240,62793,17111.89
100000,10240,10500,1068.21
1000000,10240,135410,12039.47
1000000,10240,304293,14169.68
1000000,10240,506828,16777.67
100000,10240,24507,771.27
1000000,10240,300189,14473.84
1000000,10240,844334,17476.43
100000,10240,61018,16107.26
100000,10240,89833,19503.22
100000,10240,71786,605.30
100000,10240,98028,18447.76
100000,10240,61069,14476.61
1000000,10240,395637,20068.40
100000,10240,18920,799.86
100000,10240,9514,17235.37
1000000,10240,715485,559.86
1000000,10240,518253,23979.35
100000,10240,2453,14639.15
1000000,10240,348176,765.11
100000,10240,17600,24997.25
100000,10240,46531,1310.20
1000000,10240,99524,891.63
100000,10240,37125,15414.71
100000,10240,66316,906.84
1000000,10240,701444,1958.18
1000000,10240,972274,117.70
1000000,10240,938429,255.01
1000000,10240,907548,88.67
100000,10240,63462,1379.70
1000000,10240,930290,98.98
1000000,10240,95446,13658.83
1000000,10240,218895,16426.19
1000000,10240,281170,18029.99
1000000,10240,85782,11412.15
100000,10240,27617,2017.81
1000000,10240,825621,13557.56
1000000,10240,844797,1294.91
1000000,10240,400189,461.23
1000000,10240,188540,11050.99
100000,10240,21437,14193.66
100000,10240,25415,22957.07
1000000,10240,637347,943.70
1000000,10240,289455,13089.39
100000,10240,72255,1046.56
1000000,10240,219387,17527.38
100000,10240,14201,1382.98
100000,10240,81987,20514.19
1000000,10240,503762,16054.79
1000000,10240,129827,738.15
100000,10240,8981,795.23
100000,10240,48997,702.21
100000,10240,75529,863.60
100000,10240,52515,1596.40
100000,10240,2859,18731.90
100000,10240,1600,16987.33
100000,10240,96796,1742.10
1000000,10240,467965,14974.34
100000,10240,99701,722.79
100000,10240,40959,46020.02
100000,10240,57292,19753.49
100000,10240,53004,753.18
1000000,10240,975461,118.33
1000000,10240,302417,22178.88
1000000,10240,971347,340.75
100000,10240,58008,1093.85
1000000,10240,660016,16560.55
100000,10240,18249,730.54
100000,10240,5975,27124.64
1000000,10240,867641,17345.45
100000,10240,43963,21471.17
1000000,10240,810540,21702.15
1000000,10240,36518,12464.98
1000000,10240,203614,23012.26
100000,10240,18528,713.39
1000000,10240,107500,16331.03
1000000,10240,627203,2922.21
100000,10240,4440,15956.24
100000,10240,72536,43148.04
100000,10240,32098,901.06
100000,10240,88907,566.40
100000,10240,24264,17961.80
100000,10240,55680,16234.64
100000,10240,85673,19171.64
100000,10240,72682,967.17
1000000,10240,872132,1222.11
1000000,10240,185320,18839.93
100000,10240,52163,18830.61
1000000,10240,344589,876.76
100000,10240,27080,10917.69
100000,10240,29215,17404.53
100000,10240,29824,619.49
100000,10240,9706,1334.53
100000,10240,26077,45953.62
100000,10240,87207,1239.87
1000000,10240,848530,556.47
1000000,10240,54724,14233.66
100000,10240,20885,8059.28
100000,10240,20032,638.16
100000,10240,19672,12962.53
100000,10240,92141,1065.07
100000,10240,31685,564.48
100000,10240,14920,419.76
100000,10240,22273,708.16
100000,10240,83558,15391.79
1000000,10240,329384,17654.62
100000,10240,1025,618.41
100000,10240,26066,15155.70
1000000,10240,965392,231.13
100000,10240,34934,20287.95
1000000,10240,351383,701.27
100000,10240,94736,1432.65
100000,10240,57627,399.34
100000,10240,65483,20987.67
100000,10240,98145,448.41
100000,10240,90457,72653.53
1000000,10240,25166,15853.28
100000,10240,50868,922.18
1000000,10240,435092,25779.00
1000000,10240,751589,15800.10
100000,10240,71847,1057.35
100000,10240,8324,21276.49
1000000,10240,553810,15028.73
100000,10240,28906,18253.90
1000000,10240,400567,16238.38
100000,10240,68241,13856.91
1000000,10240,838635,904.36
100000,10240,93742,867.37
1000000,10240,644324,15986.49
1000000,10240,830072,560.91
1000000,10240,587324,24566.78
1000000,10240,419300,711.04
1000000,10240,496576,10934.63
1000000,10240,661836,725.52
100000,10240,32547,19307.92
1000000,10240,112890,14265.80
1000000,10240,955025,226.50
1000000,10240,543171,16410.19
100000,10240,59591,689.54
100000,10240,30783,860.05
1000000,10240,321153,398.32
1000000,10240,393514,19038.02
100000,10240,54477,1214.98
100000,10240,46840,428.63
100000,10240,89024,20116.33
1000000,10240,807483,566.23
1000000,10240,360762,412.90
1000000,10240,972238,93.83
1000000,10240,480501,8041.27
100000,10240,77061,19567.15
100000,10240,98184,519.40
100000,10240,11919,17183.47
100000,10240,74302,14143.80
1000000,10240,775584,546.56
100000,10240,87382,13422.01
1000000,10240,578286,445.69
100000,10240,95389,747.37
100000,10240,55069,728.36
100000,10240,76415,15206.60
100000,10240,35847,789.94
1000000,10240,263592,18364.56
1000000,10240,511333,618.08
100000,10240,59110,583.73
1000000,10240,526625,652.93
100000,10240,34663,737.68
1000000,10240,987419,99.45
1000000,10240,634152,407.63
100000,10240,72869,22832.58
100000,10240,11053,19753.76
1000000,10240,364510,21187.19
100000,10240,7770,585.59
100000,10240,97243,578.99
1000000,10240,514526,21141.69
100000,10240,30311,1100.73
100000,10240,89,19082.20
100000,10240,15012,14554.98
1000000,10240,567273,668.84
1000000,10240,89689,15865.58
100000,10240,31031,13354.31
1000000,10240,731400,799.57
1000000,10240,457019,36425.00
100000,10240,56217,14950.92
100000,10240,77441,9747.00
1000000,10240,134072,15998.84
1000000,10240,201814,18117.52
100000,10240,6613,15655.58
100000,10240,20719,1211.10
1000000,10240,786249,562.07
1000000,10240,369364,19617.05
100000,10240,74455,577.83
100000,10240,14749,10619.90
1000000,10240,791018,455.47
100000,10240,78890,21539.92
100000,10240,85979,791.11
1000000,10240,94519,19343.58
1000000,10240,496889,646.31
100000,10240,43178,21118.94
1000000,10240,264792,27616.44
1000000,10240,247656,821.62
100000,10240,31808,15858.58
1000000,10240,648124,1243.59
100000,10240,17891,390.96
100000,10240,41750,715.40
100000,10240,2875,441.59
1000000,10240,27233,731.28
1000000,10240,169257,17926.30
1000000,10240,411341,17552.89
100000,10240,97290,16424.47
100000,10240,78146,908.76
100000,10240,10378,18436.31
1000000,10240,179015,1007.00
1000000,10240,700574,18479.03
100000,10240,56742,14299.37
1000000,10240,146070,853.12
100000,10240,39739,1259.08
1000000,10240,257853,12063.92
100000,10240,10518,684.24
1000000,10240,558339,14549.20
1000000,10240,514345,579.50
100000,10240,2799,602.30
1000000,10240,788490,277.93
100000,10240,14378,23455.46
1000000,10240,846712,15959.44
100000,10240,86833,617.72
100000,10240,50010,438.17
100000,10240,17786,288.71
100000,10240,65979,657.57
1000000,10240,120783,880.55
1000000,10240,670740,692.96
1000000,10240,187526,34548.84
100000,10240,73772,13904.56
100000,10240,43204,778.10
100000,10240,91483,356.79
100000,10240,79818,16859.70
1000000,10240,365779,441.83
100000,10240,44560,909.12
1000000,10240,426947,12566.82
100000,10240,21821,312.65
100000,10240,64272,522.87
100000,10240,89463,972.09
1000000,10240,944762,358.11
100000,10240,665,12766.72
100000,10240,2974,1712.15
100000,10240,864,17648.76
1000000,10240,182212,9399.79
1000000,10240,802245,482.73
1000000,10240,107978,13444.91
1000000,10240,512027,13715.40
1000000,10240,982736,141.83
100000,10240,91818,17732.95
1000000,10240,552501,17109.44
100000,10240,87282,1560.67
100000,10240,90017,1451.95
1000000,10240,933908,220.48
1000000,10240,125228,560.25
1000000,10240,848743,397.85
1000000,10240,607081,19168.79
1000000,10240,416869,14896.19
1000000,10240,546833,663.81
1000000,10240,880436,545.44
1000000,10240,901717,339.69
100000,10240,87806,593.52
100000,10240,75990,1321.80
1000000,10240,176264,753.48
100000,10240,48819,20736.20
1000000,10240,277107,23407.37
1000000,10240,541538,833.60
100000,10240,77821,1690.58
100000,10240,21405,13979.76
1000000,10240,515711,12232.65
1000000,10240,320704,15149.03
1000000,10240,691450,688.51
100000,10240,40569,1034.07
100000,10240,31091,19415.38
1000000,10240,465992,32133.99
1000000,10240,266863,21162.98
100000,10240,67908,1341.85
1000000,10240,411907,18743.51
100000,10240,47210,1289.72
1000000,10240,416036,17671.45
1000000,10240,873073,898.10
1000000,10240,822749,1085.54
100000,10240,22878,1028.31
100000,10240,38103,1591.76
1000000,10240,671366,893.44
100000,10240,36403,16629.52
1000000,10240,998077,311.17
1000000,10240,898734,308.90
1000000,10240,616029,1252.04
1000000,10240,496771,436.17
100000,10240,79826,1387.23
100000,10240,95156,1886.74
100000,10240,47049,1539.49
1000000,10240,6177,14748.47
100000,10240,93822,1034.02
1000000,10240,284870,587.05
1000000,10240,33679,6359.76
100000,10240,22871,17577.60
100000,10240,48790,498.53
1000000,10240,816656,485.94
1000000,10240,235455,13682.18
1000000,10240,441508,20169.59
1000000,10240,42238,1021.85
100000,10240,5778,15763.65
1000000,10240,54382,1336.42
1000000,10240,963762,192.06
1000000,10240,402890,737.24
100000,10240,69774,594.67
1000000,10240,804819,19556.31
100000,10240,36655,10952.53
100000,10240,9289,20626.18
1000000,10240,417848,784.64
1000000,10240,869697,1590.07
100000,10240,67538,1224.81
1000000,10240,591198,979.06
1000000,10240,765492,22439.46
1000000,10240,188643,15750.79
1000000,10240,558335,26350.96
100000,10240,83735,2086.36
100000,10240,92161,708.45
1000000,10240,275834,10182.06
100000,10240,13491,1010.77
100000,10240,29098,599.78
100000,10240,35697,882.48
100000,10240,8812,896.63
1000000,10240,965448,90.96
1000000,10240,802598,1343.59
100000,10240,33774,840.41
1000000,10240,700144,367.59
100000,10240,93603,455.61
100000,10240,7679,1017.26
1000000,10240,812241,17642.87
1000000,10240,249788,10935.50
1000000,10240,11755,1067.63
100000,10240,64722,15957.65
1000000,10240,329212,474.03
1000000,10240,449788,16002.09
1000000,10240,584829,20329.21
1000000,10240,367820,18744.30
100000,10240,85918,1146.04
1000000,10240,392068,648.31
100000,10240,78852,732.72
1000000,10240,504000,20634.40
100000,10240,92357,781.91
100000,10240,64922,329.65
100000,10240,27704,817.82
1000000,10240,91083,6887.88
1000000,10240,77479,362.65
1000000,10240,289852,12072.93
1000000,10240,96789,20742.45
100000,10240,92847,680.61
100000,10240,97064,1056.04
1000000,10240,342978,307.32
100000,10240,15826,391.09
1000000,10240,601853,18881.34
100000,10240,80560,11800.61
1000000,10240,104574,605.10
100000,10240,6021,21558.78
1000000,10240,923685,306.25
100000,10240,73873,19800.06
1000000,10240,524337,632.27
100000,10240,59511,32804.19
1000000,10240,83895,20085.78
100000,10240,16544,679.60
100000,10240,12873,826.63
100000,10240,6884,750.76
100000,10240,68303,519.20
100000,10240,79316,690.22
100000,10240,85316,11848.71
1000000,10240,260647,533.35
1000000,10240,287745,481.69
100000,10240,27359,412.80
100000,10240,53845,11429.44
100000,10240,28601,669.24
1000000,10240,465888,21740.74
100000,10240,62378,1096.67
100000,10240,6674,1074.18
100000,10240,48799,1122.27
100000,10240,72100,19845.08
1000000,10240,136637,565.90
100000,10240,86980,486.46
1000000,10240,212861,18995.69
100000,10240,5047,510.32
1000000,10240,26101,480.39
100000,10240,61700,429.06
100000,10240,56873,501.58
100000,10240,34675,12771.25
1000000,10240,488337,565.67
100000,10240,25575,780.83
1000000,10240,559461,17370.11
100000,10240,9229,745.03
1000000,10240,43993,1052.90
100000,10240,86108,19072.96
1000000,10240,273516,23851.36
100000,10240,24716,27067.25
1000000,10240,110242,22019.03
1000000,10240,448709,7919.79
100000,10240,18342,16406.11
1000000,10240,550579,769.63
100000,10240,39013,761.54
1000000,10240,972952,115.78
1000000,10240,531533,20293.63
100000,10240,85778,797.08
100000,10240,20155,17033.24
1000000,10240,735005,584.28
100000,10240,82960,12875.85
100000,10240,77736,507.38
100000,10240,44267,290.10
1000000,10240,640231,485.71
100000,10240,91845,325.61
100000,10240,31358,310.02
100000,10240,895,17509.60
1000000,10240,377898,609.93
1000000,10240,338044,414.30
100000,10240,34816,11865.88
1000000,10240,472840,14503.06
1000000,10240,304283,16443.96
1000000,10240,490406,865.79
100000,10240,68788,22834.17
100000,10240,47052,1135.34
100000,10240,96592,15293.53
100000,10240,87232,636.03
1000000,10240,110770,293.70
1000000,10240,389511,16785.82
1000000,10240,803774,608.71
1000000,10240,400673,18788.31
1000000,10240,342645,16003.71
1000000,10240,271679,20990.96
1000000,10240,114705,10751.60
1000000,10240,231282,702.39
1000000,10240,420320,16036.88
100000,10240,2719,612.72
100000,10240,36554,405.15
1000000,10240,981784,224.21
1000000,10240,513900,327.54
100000,10240,10215,610.49
100000,10240,41358,18567.06
100000,10240,84233,420.12
1000000,10240,517795,17327.58
1000000,10240,197064,528.36
100000,10240,63092,916.37
100000,10240,67000,313.47
100000,10240,96005,11939.92
1000000,10240,272302,522.93
1000000,10240,770109,20294.10
100000,10240,93621,1142.14
1000000,10240,962604,266.75
100000,10240,49781,690.53
100000,10240,23667,698.00
100000,10240,7217,693.68
1000000,10240,342485,10348.25
1000000,10240,961954,439.46
1000000,10240,146727,21578.75
1000000,10240,438960,772.26
1000000,10240,142350,347.19
100000,10240,32018,520.23
100000,10240,51664,407.65
1000000,10240,65214,29660.27
100000,10240,91242,2792.77
100000,10240,38800,1673.66
100000,10240,52262,1306.15
1000000,10240,949069,223.88
100000,10240,95140,292.91
100000,10240,76162,19926.42
100000,10240,46095,7887.18
100000,10240,35509,16413.99
1000000,10240,787331,23019.76
100000,10240,12833,491.41
100000,10240,87826,790.99
1000000,10240,81588,11628.98
1000000,10240,73378,545.61
1000000,10240,314754,478.71
1000000,10240,847241,17927.95
1000000,10240,143628,450.93
100000,10240,81085,12074.16
1000000,10240,316604,516.87
1000000,10240,360765,393.02
1000000,10240,836677,521.44
100000,10240,99536,13274.11
100000,10240,84076,1042.51
1000000,10240,661959,595.53
100000,10240,21467,19093.44
100000,10240,12,17364.71
1000000,10240,822378,690.51
100000,10240,99323,442.52
1000000,10240,857276,16393.53
1000000,10240,994064,397.48
1000000,10240,17393,23365.84
100000,10240,70499,22344.91
1000000,10240,990255,373.17
1000000,10240,555021,15346.49
1000000,10240,713633,692.88
100000,10240,18909,767.33
100000,10240,21936,347.75
1000000,10240,466272,16381.66
100000,10240,10084,799.33
1000000,10240,269232,29696.89
1000000,10240,85678,20807.73
1000000,10240,208658,18791.13
1000000,10240,323668,424.69
1000000,10240,622408,633.25
1000000,10240,340377,527.96
1000000,10240,193560,13264.68
100000,10240,80586,20441.45
100000,10240,91551,17355.19
100000,10240,99791,889.41
1000000,10240,371581,13553.61
100000,10240,86603,571.04
1000000,10240,581517,27581.77
100000,10240,6255,781.59
100000,10240,73490,14595.99
1000000,10240,40983,19895.03
100000,10240,61759,1096.41
1000000,10240,611081,420.38
100000,10240,10202,577.50
1000000,10240,304691,17647.38
100000,10240,14721,554.07
1000000,10240,806172,584.90
100000,10240,54474,311.63
100000,10240,58373,14648.34
100000,10240,36129,1133.32
100000,10240,24215,11365.79
100000,10240,74202,596.44
100000,10240,95561,690.29
100000,10240,45745,15762.40
100000,10240,19516,917.54
1000000,10240,746216,14745.81
100000,10240,60811,24585.32
100000,10240,71989,14211.97
100000,10240,96380,645.90
1000000,10240,688530,21271.85
100000,10240,9744,18545.54
100000,10240,63908,12649.31
1000000,10240,444612,20413.58
100000,10240,7019,30528.61
100000,10240,52108,12518.45
100000,10240,17329,15216.28
100000,10240,99548,777.02
1000000,10240,479150,761.34
1000000,10240,515151,14493.62
100000,10240,33065,898.99
100000,10240,11846,960.62
100000,10240,38558,38861.30
1000000,10240,615354,760.97
1000000,10240,665625,1098.22
100000,10240,13418,15580.58
100000,10240,31963,13887.75
1000000,10240,507236,26358.17
100000,10240,7861,18012.20
100000,10240,73454,16431.47
100000,10240,80352,557.29
100000,10240,10155,556.14
100000,10240,26050,19079.03
100000,10240,69758,1604.50
100000,10240,6428,19651.51
100000,10240,50279,1400.88
100000,10240,24164,18361.53
1000000,10240,642805,946.62
1000000,10240,385115,23030.67
100000,10240,63783,1052.02
1000000,10240,666216,926.40
1000000,10240,767324,449.01
100000,10240,53964,1175.93
100000,10240,56670,967.94
100000,10240,76106,351.00
100000,10240,54287,384.54
100000,10240,23363,8466.00
100000,10240,89208,347.49
1000000,10240,612916,23316.24
1000000,10240,621418,698.24
1000000,10240,820392,402.21
1000000,10240,638727,447.13
100000,10240,27151,784.68
100000,10240,16483,14398.90
1000000,10240,52505,612.41
100000,10240,30735,397.90
100000,10240,43634,1135.33
100000,10240,45653,28893.09
100000,10240,18098,1705.25
1000000,10240,633992,777.22
100000,10240,60852,23853.36
1000000,10240,734430,721.40
100000,10240,34768,595.71
100000,10240,64694,1150.34
100000,10240,38382,20882.18
1000000,10240,364699,749.49
100000,10240,93243,21032.82
100000,10240,68150,847.82
100000,10240,24832,17053.09
1000000,10240,195095,17145.30
1000000,10240,882393,882.81
1000000,10240,730288,21306.36
1000000,10240,54567,23527.69
100000,10240,44942,16781.84
1000000,10240,203052,17716.71
100000,10240,62277,1128.82
100000,10240,13256,890.05
1000000,10240,22806,19541.32
1000000,10240,632928,15123.97
1000000,10240,899474,362.72
100000,10240,79928,956.03
1000000,10240,5887,10620.17
100000,10240,23519,398.73
100000,10240,41229,17634.36
100000,10240,51049,12849.39
100000,10240,75465,618.14
1000000,10240,418612,403.08
100000,10240,19073,16490.93
1000000,10240,969461,337.41
100000,10240,40723,426.98
1000000,10240,53430,795.51
1000000,10240,99161,17925.56
1000000,10240,999600,331.02
1000000,10240,374419,15300.33
1000000,10240,808807,579.33
100000,10240,6917,28224.02
100000,10240,11322,13233.42
100000,10240,91946,19669.01
100000,10240,98796,954.13
1000000,10240,784632,408.80
100000,10240,14728,444.01
100000,10240,22570,17733.44
100000,10240,76818,542.30
100000,10240,32266,20072.22
1000000,10240,820827,10673.21
1000000,10240,297901,20147.84
100000,10240,82359,591.35
100000,10240,58903,541.94
100000,10240,67608,10380.01
100000,10240,9329,18200.06
1000000,10240,882464,18138.16
100000,10240,65239,1026.52
1000000,10240,103878,19867.13
1000000,10240,288321,25826.09
100000,10240,56369,1053.41
100000,10240,51000,17363.01
1000000,10240,25422,3321.01
1000000,10240,553545,336.01
1000000,10240,394847,21816.10
1000000,10240,50335,339.87
100000,10240,24450,19050.80
100000,10240,91210,907.88
100000,10240,63609,23351.97
1000000,10240,10100,702.44
1000000,10240,49064,19723.63
1000000,10240,687036,598.99
1000000,10240,989481,94.23
100000,10240,24957,379.95
100000,10240,69993,11743.17
100000,10240,63464,551.42
100000,10240,54967,14890.14
100000,10240,70282,1064.96
100000,10240,89235,499.91
1000000,10240,828994,523.28
1000000,10240,860279,230.85
1000000,10240,453195,478.69
100000,10240,15328,12170.73
100000,10240,18726,727.98
1000000,10240,270463,18023.20
1000000,10240,618265,16767.64
1000000,10240,609418,16596.38
1000000,10240,712641,12546.66
1000000,10240,765263,546.35
100000,10240,39294,656.90
1000000,10240,885339,225.38
100000,10240,3864,33592.21
100000,10240,73706,8552.23
100000,10240,51788,16430.10
100000,10240,35665,8393.55
1000000,10240,302062,19870.51
1000000,10240,747213,622.98
1000000,10240,358224,17427.52
1000000,10240,117108,14315.31
1000000,10240,599975,19637.75
1000000,10240,113094,494.40
100000,10240,21012,15977.44
100000,10240,59914,21535.25
100000,10240,74720,16681.68
100000,10240,95049,1201.39
1000000,10240,907446,18825.92
100000,10240,96248,762.25
1000000,10240,912740,270.43
100000,10240,96994,15953.85
100000,10240,51491,747.04
100000,10240,94493,389.46
1000000,10240,940341,94.92
1000000,10240,596854,13359.09
100000,10240,68657,16014.63
100000,10240,89974,983.64
1000000,10240,570871,492.72
100000,10240,56858,16374.78
100000,10240,31779,20139.19
100000,10240,13446,27939.39
100000,10240,10739,534.96
100000,10240,70163,627.25
100000,10240,48026,911.15
100000,10240,83050,9468.15
100000,10240,83058,14607.53
100000,10240,67984,749.06
1000000,10240,594469,18394.97
1000000,10240,459406,13052.17
100000,10240,81006,423.25
100000,10240,51815,434.29
1000000,10240,894854,332.83
1000000,10240,565347,21018.02
100000,10240,10814,533.52
100000,10240,41207,20796.56
100000,10240,87538,697.64
100000,10240,12672,763.49
1000000,10240,95166,11299.55
1000000,10240,946102,149.68
1000000,10240,840257,12283.99
1000000,10240,190498,13341.07
1000000,10240,33697,17092.60
100000,10240,17133,13586.32
100000,10240,32914,15791.44
1000000,10240,78042,10683.44
1000000,10240,501197,640.97
1000000,10240,630127,564.43
1000000,10240,42961,13534.55
1000000,10240,305654,23062.46
100000,10240,89881,19683.61
100000,10240,44222,519.57
100000,10240,63238,17382.65
100000,10240,36885,1483.75
1000000,10240,303509,565.89
100000,10240,51952,15922.44
100000,10240,53143,801.67
1000000,10240,428645,19061.57
100000,10240,24967,664.70
100000,10240,99828,15447.13
100000,10240,20591,1067.08
100000,10240,28124,10197.30
100000,10240,47696,706.45
100000,10240,66412,14614.35
100000,10240,75069,19829.43
100000,10240,39535,682.92
1000000,10240,749259,960.18
100000,10240,86374,522.30
1000000,10240,863408,440.22
100000,10240,90287,431.51
100000,10240,87983,23092.69
1000000,10240,134580,815.66
1000000,10240,440460,13075.73
100000,10240,5020,688.86
100000,10240,33127,482.12
100000,10240,72219,6630.88
1000000,10240,405605,17382.66
1000000,10240,691770,1035.32
1000000,10240,112914,872.41
100000,10240,76089,284.24
1000000,10240,858706,277.26
1000000,10240,221007,346.62
100000,10240,30495,861.30
1000000,10240,380632,14922.60
1000000,10240,634845,16807.15
1000000,10240,194655,589.38
1000000,10240,664073,345.84
100000,10240,21747,8774.43
1000000,10240,763559,641.11
1000000,10240,155863,468.73
100000,10240,41373,535.09
1000000,10240,130082,26513.50
100000,10240,10022,14094.79
1000000,10240,699377,708.22
1000000,10240,609859,472.20
1000000,10240,72103,10759.29
100000,10240,71058,35879.09
100000,10240,71716,20192.45
1000000,10240,915808,1919.53
1000000,10240,409573,593.96
100000,10240,56498,456.22
100000,10240,688,15022.81
100000,10240,54057,2849.10
1000000,10240,659077,2262.23
1000000,10240,210062,2710.57
1000000,10240,291979,12711.84
100000,10240,5492,16556.96
100000,10240,88129,1006.83
1000000,10240,933320,217.93
100000,10240,77858,1002.56
100000,10240,99061,30461.68
1000000,10240,683037,982.46
100000,10240,33631,7376.73
1000000,10240,252248,24080.79
100000,10240,18047,1272.80
1000000,10240,54798,11887.43
1000000,10240,600588,16095.16
100000,10240,946,577.71
1000000,10240,68024,743.91
1000000,10240,99315,646.77
1000000,10240,110299,11935.67
100000,10240,5209,16549.96
100000,10240,37498,580.16
100000,10240,39608,10064.24
100000,10240,40966,12132.47
100000,10240,8094,770.72
100000,10240,25260,1105.57
1000000,10240,286939,14962.61
1000000,10240,889735,1205.05
100000,10240,71509,14588.15
100000,10240,75248,1015.11
100000,10240,60014,1043.78
1000000,10240,603016,9561.52
100000,10240,56283,16269.09
1000000,10240,282324,18337.64
1000000,10240,262352,16268.19
1000000,10240,757371,24208.26
1000000,10240,140221,1051.38
100000,10240,68298,759.17
100000,10240,9046,19697.97
1000000,10240,86654,19047.00
100000,10240,72063,707.93
100000,10240,74130,15644.59
100000,10240,887,15890.00
1000000,10240,47435,674.35
1000000,10240,733640,550.29
100000,10240,11507,389.46
100000,10240,85800,399.06
100000,10240,84593,9271.22
100000,10240,79829,18592.73
100000,10240,60946,610.21
1000000,10240,27633,414.44
1000000,10240,505414,9980.46
1000000,10240,35771,884.02
1000000,10240,803966,377.06
1000000,10240,294335,25694.62
100000,10240,12255,561.71
100000,10240,15117,848.08
1000000,10240,381985,16334.43
100000,10240,23209,776.38
1000000,10240,111763,31746.44
100000,10240,79711,660.54
1000000,10240,37421,359.33
1000000,10240,271950,425.30
1000000,10240,78056,590.70
100000,10240,51248,11008.49
1000000,10240,825673,775.15
1000000,10240,667693,365.54
100000,10240,36452,13321.99
1000000,10240,875958,15708.08
1000000,10240,323851,10504.46
1000000,10240,692439,600.93
1000000,10240,797376,425.04
100000,10240,98536,451.90
1000000,10240,128320,567.42
1000000,10240,768394,430.39
100000,10240,14573,12803.62
100000,10240,35818,1156.37
100000,10240,76637,927.58
100000,10240,74895,380.17
100000,10240,82998,680.26
100000,10240,60521,20988.15
100000,10240,88452,16398.21
1000000,10240,606507,21963.22
1000000,10240,714982,13144.14
1000000,10240,288584,445.21
1000000,10240,852660,344.96
1000000,10240,850945,12405.56
100000,10240,35179,19681.89
100000,10240,30932,16992.44
1000000,10240,795891,10825.17
1000000,10240,917279,139.96
100000,10240,14796,19170.77
100000,10240,68920,660.29
100000,10240,97721,517.48
1000000,10240,562511,36067.66
1000000,10240,767559,577.14
1000000,10240,47111,500.98
1000000,10240,8328,294.94
1000000,10240,365449,29841.38
100000,10240,59898,657.84
100000,10240,56973,10399.95
100000,10240,77518,694.54
100000,10240,61141,431.78
1000000,10240,960633,320.58
100000,10240,40970,14907.26
1000000,10240,474348,14181.34
1000000,10240,456633,11037.19
100000,10240,70119,15714.20
1000000,10240,900881,225.80
100000,10240,57640,699.73
100000,10240,65991,378.98
100000,10240,47012,23415.15
100000,10240,17109,19383.75
1000000,10240,338480,13586.64
1000000,10240,43141,569.97
100000,10240,73905,912.52
100000,10240,57898,397.38
100000,10240,40374,20764.91
100000,10240,58654,1216.77
100000,10240,53780,20035.22
100000,10240,47819,14796.07
1000000,10240,889897,325.67
100000,10240,23496,502.61
1000000,10240,566052,12784.06
1000000,10240,522600,16290.42
100000,10240,40135,15099.64
100000,10240,84108,18652.04
100000,10240,38687,22665.94
1000000,10240,971525,198.89
1000000,10240,488508,376.80
1000000,10240,202365,371.60
100000,10240,38607,314.81
1000000,10240,647966,17359.73
100000,10240,74167,18466.39
100000,10240,32613,1251.06
100000,10240,30947,770.24
1000000,10240,981772,90.61
1000000,10240,629108,19919.58
100000,10240,96969,536.24
1000000,10240,337833,13908.73
1000000,10240,185715,8049.28
1000000,10240,851138,269.12
1000000,10240,20773,440.88
1000000,10240,281298,21553.23
1000000,10240,564353,356.17
100000,10240,20701,344.17
100000,10240,54328,331.88
1000000,10240,533328,422.31
100000,10240,74991,283.60
1000000,10240,548055,17638.54
100000,10240,10745,24414.01
100000,10240,83819,17700.62
1000000,10240,601195,15452.80
1000000,10240,330419,13504.61
1000000,10240,914387,665.23
100000,10240,14000,21912.98
1000000,10240,635281,16946.96
1000000,10240,72623,586.82
100000,10240,42714,15609.90
1000000,10240,179071,463.74
100000,10240,84319,536.95
1000000,10240,994908,112.52
1000000,10240,560972,34971.55
100000,10240,81201,994.92
100000,10240,16299,665.67
100000,10240,13513,439.64
100000,10240,23028,11412.12
1000000,10240,32975,383.98
100000,10240,53253,21816.42
1000000,10240,445622,9484.82
1000000,10240,33939,20289.46
100000,10240,47560,506.40
1000000,10240,695632,488.92
100000,10240,33289,13618.89
1000000,10240,385570,25848.76
100000,10240,21233,18853.89
1000000,10240,474628,11726.00
1000000,10240,109116,20014.82
1000000,10240,682028,704.59
100000,10240,40416,1145.22
1000000,10240,985188,100.67
100000,10240,80460,467.05
100000,10240,32662,335.06
1000000,10240,839133,478.99
1000000,10240,807889,371.37
1000000,10240,998890,102.74
1000000,10240,984701,95.56
1000000,10240,356359,11764.65
1000000,10240,874972,394.48
1000000,10240,980853,88.05
100000,10240,6734,523.75
1000000,10240,198652,13006.10
100000,10240,99021,20439.61
100000,10240,16276,621.14
1000000,10240,198595,15892.70
100000,10240,17324,694.54
100000,10240,36064,18117.72
100000,10240,94405,6528.01
100000,10240,53296,18745.31
1000000,10240,833790,569.08
100000,10240,92225,23439.17
1000000,10240,200444,532.18
1000000,10240,768862,419.90
1000000,10240,649871,23566.55
1000000,10240,911763,275.89
1000000,10240,830382,609.56
100000,10240,71516,19499.91
1000000,10240,522807,659.01
100000,10240,84613,14715.30
100000,10240,94398,778.44
100000,10240,94926,600.67
1000000,10240,567297,308.56
1000000,10240,743764,18447.30
100000,10240,23516,374.39
100000,10240,14884,17032.26
100000,10240,29333,1016.19
1000000,10240,860270,21722.71
1000000,10240,392279,22586.92
1000000,10240,451226,17212.40
1000000,10240,64329,357.24
1000000,10240,739772,46231.88
100000,10240,37132,12278.18
100000,10240,64258,10178.33
1000000,10240,630682,19408.49
100000,10240,22768,19206.82
1000000,10240,719729,15277.40
1000000,10240,34220,24454.04
100000,10240,11114,548.92
100000,10240,8142,19722.32
100000,10240,77015,478.67
100000,10240,37784,560.75
100000,10240,44092,739.24
1000000,10240,293724,430.13
1000000,10240,73384,655.08
1000000,10240,753367,17860.43
1000000,10240,529837,617.24
100000,10240,83478,13867.80
100000,10240,78419,18190.10
1000000,10240,540028,17958.72
1000000,10240,655216,13145.78
100000,10240,82978,680.25
1000000,10240,176216,18681.29
1000000,10240,605659,23898.13
1000000,10240,222274,21156.59
100000,10240,56057,1202.30
100000,10240,54602,541.71
100000,10240,94181,722.50
100000,10240,5220,550.69
100000,10240,27498,351.85
1000000,10240,969784,99.21
1000000,10240,586058,11381.46
100000,10240,46041,478.94
1000000,10240,37,846.25
100000,10240,34891,438.43
100000,10240,46210,19910.19
100000,10240,23306,14985.61
1000000,10240,887187,276.93
1000000,10240,80019,23206.10
1000000,10240,217445,319.74
100000,10240,33205,418.19
1000000,10240,586986,280.03
100000,10240,22037,23428.22
1000000,10240,891777,347.01
100000,10240,65494,21384.22
1000000,10240,332597,24558.36
100000,10240,41971,14484.35
1000000,10240,695984,32380.15
100000,10240,27294,759.75
100000,10240,39375,15462.53
1000000,10240,803679,18466.83
1000000,10240,244435,11024.69
1000000,10240,439953,10789.01
100000,10240,97474,24873.45
100000,10240,31635,16406.42
100000,10240,73516,17938.41
100000,10240,86846,501.54
100000,10240,39918,20395.17
100000,10240,28721,860.14
1000000,10240,146054,13000.84
100000,10240,54090,24631.67
100000,10240,44118,1160.73
100000,10240,68843,689.92
100000,10240,9575,1172.03
1000000,10240,985809,129.94
1000000,10240,853238,161.40
1000000,10240,985648,258.43
100000,10240,78097,663.82
100000,10240,24227,794.59
1000000,10240,657916,10342.04
100000,10240,51518,16730.12
100000,10240,80610,640.17
1000000,10240,260401,12149.22
1000000,10240,46150,17872.87
1000000,10240,175160,15409.48
100000,10240,44265,1169.11
1000000,10240,209709,9600.25
1000000,10240,642525,18836.41
1000000,10240,502472,650.01
1000000,10240,19628,17176.02
100000,10240,93277,1167.56
1000000,10240,328881,828.64
1000000,10240,997675,205.97
100000,10240,67350,993.73
100000,10240,7330,668.44
100000,10240,63653,1072.80
1000000,10240,667989,11698.00
100000,10240,43910,1251.26
100000,10240,64066,619.65
100000,10240,29770,779.30
1000000,10240,740777,622.00
100000,10240,61814,20024.22
100000,10240,80492,16585.00
100000,10240,58442,958.20
1000000,10240,588528,745.05
1000000,10240,67384,941.45
1000000,10240,746176,13223.01
1000000,10240,10945,19576.99
1000000,10240,581652,22177.95
1000000,10240,292872,589.24
100000,10240,4461,11572.77
1000000,10240,774633,820.92
1000000,10240,737661,15850.17
100000,10240,30490,969.12
1000000,10240,117096,15432.60
1000000,10240,287361,1040.02
100000,10240,63891,927.99
100000,10240,78636,1171.26
1000000,10240,616647,410.68
100000,10240,24696,703.00
1000000,10240,885652,104.61
1000000,10240,828611,410.16
1000000,10240,778938,717.42
1000000,10240,336669,16884.38
100000,10240,83138,774.00
1000000,10240,968413,292.53
1000000,10240,67077,21137.88
1000000,10240,275570,19223.21
1000000,10240,805270,395.60
100000,10240,44939,514.27
1000000,10240,396267,714.04
1000000,10240,832196,350.53
1000000,10240,496550,16241.22
100000,10240,15907,1304.87
100000,10240,47672,22393.61
100000,10240,79244,526.37
100000,10240,58335,1003.55
100000,10240,50272,472.00
1000000,10240,176324,14564.77
100000,10240,70592,634.94
100000,10240,80338,1280.36
1000000,10240,183745,14637.09
1000000,10240,782209,580.62
100000,10240,71105,996.09
1000000,10240,590509,10958.62
1000000,10240,541922,19730.79
1000000,10240,402692,18961.59
100000,10240,20006,13898.77
1000000,10240,269804,14601.30
100000,10240,25318,14431.98
1000000,10240,736197,608.67
100000,10240,9225,16778.08
1000000,10240,768650,19321.97
1000000,10240,598988,22216.28
1000000,10240,449653,607.01
1000000,10240,38805,407.71
1000000,10240,60006,14610.25
1000000,10240,404562,418.30
100000,10240,41864,8071.69
100000,10240,74747,14421.34
100000,10240,34995,621.41
100000,10240,24704,13340.17
100000,10240,41144,586.18
100000,10240,46898,289.40
1000000,10240,650348,535.25
1000000,10240,712437,383.95
1000000,10240,44702,713.01
1000000,10240,988447,97.20
1000000,10240,812002,314.77
100000,10240,43628,309.99
1000000,10240,948444,94.01
100000,10240,75608,19262.00
1000000,10240,557980,20573.04
100000,10240,44967,923.14
1000000,10240,666478,18483.64
1000000,10240,12563,666.75
1000000,10240,788395,422.38
100000,10240,83109,17184.79
100000,10240,1238,16675.98
1000000,10240,273698,501.62
1000000,10240,843584,536.70
1000000,10240,815293,393.65
100000,10240,27235,21488.13
100000,10240,78094,1323.01
100000,10240,57062,651.20
1000000,10240,820910,295.52
100000,10240,49372,16891.79
1000000,10240,614585,601.91
100000,10240,51853,474.04
1000000,10240,804829,478.21
100000,10240,20332,905.10
1000000,10240,67603,18910.48
100000,10240,89015,23450.78
100000,10240,80728,22806.39
100000,10240,73922,673.52
100000,10240,98341,1243.65
1000000,10240,859416,16113.36
100000,10240,7152,20144.74
100000,10240,98514,1500.29
1000000,10240,239038,521.51
1000000,10240,165992,18660.10
100000,10240,36651,868.44
1000000,10240,705666,18148.90
1000000,10240,594639,19841.85
1000000,10240,453000,830.50
1000000,10240,196863,17123.27
1000000,10240,789565,505.56
1000000,10240,755781,26192.75
100000,10240,14563,789.63
100000,10240,53516,12695.78
1000000,10240,640225,16002.27
100000,10240,59250,18116.58
100000,10240,54099,1045.88
1000000,10240,169218,486.80
1000000,10240,418500,291.09
100000,10240,91700,833.63
1000000,10240,979428,194.25
100000,10240,95355,280.93
100000,10240,75303,628.08
100000,10240,35811,20779.10
1000000,10240,558094,637.09
100000,10240,91439,19789.42
1000000,10240,544153,9883.51
100000,10240,38970,816.80
100000,10240,69444,798.32
1000000,10240,956636,291.70
1000000,10240,915488,367.14
100000,10240,16880,8454.72
100000,10240,29064,18825.34
100000,10240,40952,1225.47
1000000,10240,5184,756.22
1000000,10240,799248,11087.73
1000000,10240,711152,1137.75
100000,10240,29188,302.99
1000000,10240,940122,98.36
100000,10240,64071,21485.02
100000,10240,8678,656.30
1000000,10240,68187,25685.08
100000,10240,35720,14421.20
1000000,10240,658592,480.00
100000,10240,85070,13545.65
100000,10240,7834,21852.81
100000,10240,80684,1154.56
1000000,10240,144243,20878.65
100000,10240,5513,652.04
100000,10240,39745,7760.83
1000000,10240,663664,302.38
100000,10240,21096,349.50
100000,10240,3800,16836.53
100000,10240,8942,17651.26
1000000,10240,689922,713.06
100000,10240,96948,612.52
100000,10240,22349,21774.92
100000,10240,78562,19078.80
100000,10240,11497,10203.65
100000,10240,33303,16819.36
100000,10240,8665,16493.88
100000,10240,55434,15115.72
100000,10240,8285,12818.05
1000000,10240,532216,18620.30
1000000,10240,903903,739.06
1000000,10240,559102,493.93
100000,10240,24925,555.76
1000000,10240,287087,15638.28
100000,10240,13022,307.76
1000000,10240,247565,10073.02
100000,10240,17197,19051.01
1000000,10240,809862,610.62
100000,10240,94098,478.57
1000000,10240,887386,128.08
1000000,10240,369737,16121.77
1000000,10240,15069,19512.22
100000,10240,38058,843.63
100000,10240,88225,1099.49
1000000,10240,219473,634.96
100000,10240,16341,392.37
100000,10240,74531,713.92
1000000,10240,177795,16294.84
100000,10240,47139,13773.72
100000,10240,89742,933.33
1000000,10240,675699,566.70
100000,10240,55028,15745.21
1000000,10240,760585,17985.30
1000000,10240,906144,123.85
100000,10240,86479,13996.77
1000000,10240,817376,774.74
1000000,10240,598745,8218.69
1000000,10240,578570,286.70
1000000,10240,115063,466.87
100000,10240,24430,12530.19
100000,10240,26890,1147.78
100000,10240,53955,20364.00
1000000,10240,321559,510.52
1000000,10240,215025,12003.00
100000,10240,39378,18381.78
1000000,10240,865674,342.63
100000,10240,61822,474.16
1000000,10240,374221,10721.08
100000,10240,62580,987.53
1000000,10240,923789,114.99
1000000,10240,431603,18129.71
1000000,10240,229583,12568.16
1000000,10240,487339,588.14
1000000,10240,861431,14497.46
100000,10240,52095,417.79
100000,10240,6258,19673.10
100000,10240,28785,18455.45
1000000,10240,346297,658.57
1000000,10240,629752,589.84
100000,10240,13829,721.09
1000000,10240,995473,96.71
1000000,10240,24872,12472.02
1000000,10240,775278,522.72
1000000,10240,710830,432.45
100000,10240,65622,892.61
1000000,10240,595130,22608.32
1000000,10240,597944,19416.05
1000000,10240,725196,14583.34
100000,10240,8869,14770.55
100000,10240,9390,678.70
100000,10240,66954,22340.65
1000000,10240,324348,689.27
1000000,10240,411223,24595.43
1000000,10240,918527,288.66
1000000,10240,967181,312.60
100000,10240,6003,10159.74
1000000,10240,560118,15268.44
100000,10240,83726,20820.10
1000000,10240,373897,16237.60
1000000,10240,851266,684.86
100000,10240,34108,780.83
1000000,10240,779286,885.12
100000,10240,72789,1338.85
1000000,10240,692244,971.68
100000,10240,37387,14919.07
100000,10240,48865,1103.50
1000000,10240,444250,14713.46
1000000,10240,963405,107.88
100000,10240,65973,774.97
100000,10240,19613,565.97
100000,10240,12463,448.16
1000000,10240,834259,15231.96
100000,10240,80599,18521.01
1000000,10240,725443,18015.19
100000,10240,21514,1592.07
1000000,10240,225555,1287.37
1000000,10240,504550,442.50
1000000,10240,354233,18223.84
100000,10240,41507,1065.50
100000,10240,19726,686.75
100000,10240,5817,18995.42
100000,10240,21955,19152.71
100000,10240,4965,16671.39
1000000,10240,291835,17561.65
1000000,10240,337471,13703.64
100000,10240,39932,45366.69
100000,10240,43687,1261.09
1000000,10240,353928,906.67
1000000,10240,233247,600.80
100000,10240,96576,27229.09
1000000,10240,482716,13939.08
100000,10240,66497,1097.17
1000000,10240,340014,17858.85
1000000,10240,664299,15980.01
1000000,10240,815987,747.24
1000000,10240,471155,16951.66
1000000,10240,626004,24361.42
100000,10240,74798,1441.95
100000,10240,1056,13284.44
1000000,10240,687796,758.53
100000,10240,72384,43221.50
100000,10240,8300,1213.21
1000000,10240,219952,19157.20
1000000,10240,398619,1204.86
1000000,10240,129492,26632.51
100000,10240,91937,873.18
1000000,10240,47168,8683.45
100000,10240,73284,818.09
100000,10240,91120,459.84
1000000,10240,935532,547.54
100000,10240,89181,18260.24
100000,10240,70798,1064.22
100000,10240,64799,19687.06
1000000,10240,977793,369.58
100000,10240,90198,1127.12
1000000,10240,743810,14242.69
1000000,10240,867958,1199.75
100000,10240,44438,1151.65
100000,10240,80173,737.48
100000,10240,89477,315.23
1000000,10240,475804,485.76
1000000,10240,607723,18198.98
1000000,10240,483814,15101.56
1000000,10240,299176,18205.67
100000,10240,55615,20283.31
1000000,10240,872837,11453.74
100000,10240,48870,17934.36
1000000,10240,268361,13372.50
1000000,10240,790109,12700.56
1000000,10240,550560,779.78
1000000,10240,378776,16266.75
100000,10240,10384,19205.15
100000,10240,8286,942.12
100000,10240,60604,959.01
100000,10240,8600,537.51
1000000,10240,89374,19509.56
1000000,10240,630973,23505.16
1000000,10240,850931,19273.11
1000000,10240,33833,11453.62
100000,10240,43371,566.99
1000000,10240,342452,16126.16
1000000,10240,178765,10529.94
100000,10240,91318,15466.58
1000000,10240,395972,516.62
100000,10240,56949,20031.84
1000000,10240,768959,14384.17
1000000,10240,513331,593.09
100000,10240,97896,603.29
1000000,10240,297252,267.87
100000,10240,90577,416.74
100000,10240,98596,428.57
1000000,10240,372654,19302.73
1000000,10240,980393,354.02
1000000,10240,437090,477.64
1000000,10240,8161,17581.04
100000,10240,37070,17736.55
100000,10240,82840,20950.71
100000,10240,38854,19078.64
1000000,10240,925426,318.90
100000,10240,4569,16002.25
1000000,10240,871044,709.54
100000,10240,85575,5467.09
1000000,10240,476900,257.21
1000000,10240,776396,417.81
100000,10240,8079,16243.98
100000,10240,90664,23418.25
100000,10240,39462,842.22
100000,10240,54232,442.63
1000000,10240,402118,9215.61
1000000,10240,299736,16985.60
100000,10240,59297,861.38
100000,10240,14769,13284.85
1000000,10240,954734,154.21
1000000,10240,832929,372.95
1000000,10240,969052,305.10
100000,10240,78714,843.44
1000000,10240,853009,382.65
100000,10240,24267,620.41
100000,10240,17705,306.25
100000,10240,8729,12859.03
1000000,10240,189440,523.81
1000000,10240,127455,18590.60
1000000,10240,952192,214.58
1000000,10240,155950,12287.52
100000,10240,5913,8565.81
100000,10240,72368,13582.86
1000000,10240,396129,14202.74
100000,10240,56440,513.04
1000000,10240,310529,17133.48
100000,10240,46437,15874.13
100000,10240,14801,17885.78
100000,10240,83995,652.61
1000000,10240,463348,13405.10
1000000,10240,524514,16250.19
1000000,10240,880779,35746.31
100000,10240,3266,6728.74
100000,10240,95916,628.09
1000000,10240,700906,21693.27
100000,10240,51949,8353.85
100000,10240,31252,14504.41
100000,10240,49572,16278.49
100000,10240,87821,12204.81
1000000,10240,383450,20252.76
100000,10240,14832,813.48
1000000,10240,620967,15718.72
100000,10240,68951,12431.48
1000000,10240,1269,17937.87
1000000,10240,436019,510.57
1000000,10240,765850,294.86
100000,10240,83606,8528.54
100000,10240,26444,6832.54
100000,10240,48394,12461.68
100000,10240,58360,863.45
100000,10240,33444,1656.00
1000000,10240,595148,311.98
100000,10240,23627,10156.69
1000000,10240,482576,21972.78
1000000,10240,799541,448.68
1000000,10240,464077,17937.38
100000,10240,13090,675.81
100000,10240,79388,333.72
100000,10240,17294,308.74
1000000,10240,746235,7678.89
1000000,10240,578788,812.62
100000,10240,40538,378.57
100000,10240,21567,19022.59
1000000,10240,516791,14960.53
1000000,10240,757649,693.98
1000000,10240,162293,17556.11
1000000,10240,356316,16422.22
100000,10240,37938,999.15
1000000,10240,783381,16750.08
1000000,10240,288851,15469.22
1000000,10240,596360,635.23
1000000,10240,399841,22994.51
100000,10240,37967,658.66
1000000,10240,389739,507.75
1000000,10240,784972,399.72
1000000,10240,871730,17610.38
1000000,10240,760321,1077.93
1000000,10240,494668,373.39
100000,10240,36500,835.72
1000000,10240,661475,416.28
100000,10240,31574,13138.50
1000000,10240,997272,191.98
100000,10240,75771,571.78
100000,10240,70517,11115.68
1000000,10240,935847,213.38
100000,10240,1110,15762.85
100000,10240,4082,19861.05
100000,10240,19443,12747.07
1000000,10240,754075,639.35
1000000,10240,58579,872.27
1000000,10240,444613,15623.10
100000,10240,84180,21205.31
100000,10240,83084,641.95
1000000,10240,950864,230.10
100000,10240,97891,13210.67
1000000,10240,953509,226.24
1000000,10240,930694,86.79
100000,10240,80200,605.84
100000,10240,40213,592.27
1000000,10240,396065,21042.07
1000000,10240,185306,959.94
100000,10240,55576,860.77
100000,10240,83115,18834.10
1000000,10240,496789,10770.54
1000000,10240,163201,21280.52
1000000,10240,922310,171.16
100000,10240,28255,12478.71
1000000,10240,456346,446.82
1000000,10240,959012,253.24
1000000,10240,958417,107.33
100000,10240,70341,312.51
1000000,10240,747315,27106.81
1000000,10240,55432,22115.40
1000000,10240,102210,741.66
1000000,10240,941643,260.78
100000,10240,42415,523.02
100000,10240,63483,429.23
1000000,10240,380816,15762.01
100000,10240,39286,11708.91
1000000,10240,402569,15648.13
100000,10240,95303,1073.71
100000,10240,6629,16016.06
100000,10240,13432,18940.05
1000000,10240,70416,559.77
1000000,10240,834252,543.83
100000,10240,55725,13224.66
100000,10240,34688,10440.09
1000000,10240,943368,334.34
1000000,10240,980024,200.53
1000000,10240,228856,12280.23
1000000,10240,654836,19088.72
100000,10240,23254,22017.88
100000,10240,77772,925.25
100000,10240,8698,603.47
1000000,10240,256616,504.27
1000000,10240,998417,100.14
100000,10240,60332,564.14
1000000,10240,583510,441.03
1000000,10240,63756,21936.92
100000,10240,48453,18906.15
1000000,10240,931487,396.34
100000,10240,78697,12089.08
1000000,10240,492053,725.38
1000000,10240,929720,85.72
1000000,10240,676930,769.24
100000,10240,66402,618.16
100000,10240,4813,534.64
100000,10240,58292,834.89
1000000,10240,323066,17000.19
1000000,10240,769603,832.07
100000,10240,58491,264.65
100000,10240,67065,1060.31
1000000,10240,194677,14379.88
100000,10240,18530,18340.33
100000,10240,27964,974.14
1000000,10240,991737,91.03
1000000,10240,241358,7703.85
100000,10240,45224,1230.42
1000000,10240,377027,551.47
1000000,10240,866212,687.34
1000000,10240,450399,19515.02
1000000,10240,7482,587.43
100000,10240,95069,23196.96
100000,10240,36168,927.22
100000,10240,21094,443.86
1000000,10240,18519,20078.12
1000000,10240,538205,1246.58
100000,10240,95006,543.24
100000,10240,95390,563.61
100000,10240,40378,15738.64
1000000,10240,689247,794.83
100000,10240,24018,635.09
1000000,10240,291945,1010.17
100000,10240,19510,412.89
100000,10240,31359,40448.75
100000,10240,76486,1229.02
1000000,10240,287075,14476.92
100000,10240,90055,20127.80
100000,10240,59840,23989.99
1000000,10240,621082,1518.88
1000000,10240,605282,17692.74
1000000,10240,365848,23412.98
100000,10240,49155,30463.21
100000,10240,91264,18014.59
100000,10240,67177,19025.30
1000000,10240,320602,1094.62
1000000,10240,905097,10909.75
100000,10240,47692,18618.09
100000,10240,22253,33270.58
1000000,10240,592332,12060.84
100000,10240,85944,1195.09
100000,10240,64454,14121.07
100000,10240,49968,1068.14
1000000,10240,851739,662.29
1000000,10240,832685,558.11
1000000,10240,935882,108.45
1000000,10240,578888,20526.45
1000000,10240,400945,19212.00
1000000,10240,832192,21729.62
100000,10240,21906,1211.62
100000,10240,56244,983.07
1000000,10240,740367,25170.08
100000,10240,37810,661.70
100000,10240,95176,22668.16
1000000,10240,803643,18546.14
100000,10240,66237,784.13
1000000,10240,323850,12751.43
100000,10240,5720,14821.56
1000000,10240,701149,11466.52
100000,10240,82712,21410.92
1000000,10240,104158,16354.68
100000,10240,13357,681.10
1000000,10240,588368,16661.86
1000000,10240,984439,337.82
1000000,10240,870893,461.44
100000,10240,74632,871.34
1000000,10240,783572,518.34
1000000,10240,148857,12988.68
1000000,10240,406963,21259.67
1000000,10240,577035,36020.44
100000,10240,45820,562.28
100000,10240,80090,8401.27
1000000,10240,477924,20212.45
100000,10240,57417,388.30
1000000,10240,120219,16870.99
100000,10240,83307,589.98
100000,10240,13954,544.40
100000,10240,91438,27000.34
1000000,10240,731541,469.57
1000000,10240,267352,528.02
1000000,10240,77149,18401.14
1000000,10240,780060,833.37
100000,10240,42914,844.01
100000,10240,2942,18490.44
1000000,10240,261829,14168.38
100000,10240,70747,707.21
1000000,10240,788242,15119.96
100000,10240,26680,15789.98
1000000,10240,58840,16350.63
1000000,10240,996543,408.40
1000000,10240,164765,574.34
100000,10240,63620,355.76
100000,10240,42096,25612.71
1000000,10240,577204,15915.44
1000000,10240,776031,804.08
100000,10240,10031,23154.55
100000,10240,9828,10988.26
100000,10240,5390,16274.52
100000,10240,71550,1049.01
1000000,10240,59830,11520.12
1000000,10240,340310,614.02
100000,10240,75392,894.27
1000000,10240,492292,21679.83
100000,10240,72340,960.10
100000,10240,7850,21432.34
100000,10240,84331,772.67
100000,10240,89065,590.65
100000,10240,2717,13237.14
1000000,10240,548706,841.55
100000,10240,89850,613.59
100000,10240,76238,14606.22
100000,10240,94203,11078.22
1000000,10240,855792,16729.97
1000000,10240,183305,20060.29
1000000,10240,186659,719.75
100000,10240,26171,19800.26
100000,10240,41553,1043.09
100000,10240,36264,374.68
100000,10240,61057,815.76
100000,10240,617,29823.12
1000000,10240,646412,698.28
100000,10240,88744,528.64
100000,10240,82955,16218.39
1000000,10240,378952,17303.85
1000000,10240,133882,11428.81
100000,10240,73385,8544.78
1000000,10240,525021,16925.25
1000000,10240,284220,16191.30
100000,10240,58554,1306.84
100000,10240,97679,305.95
1000000,10240,205611,320.98
1000000,10240,722494,398.77
100000,10240,21146,14031.02
100000,10240,9023,566.25
100000,10240,13911,855.58
100000,10240,23040,737.92
100000,10240,84614,691.57
1000000,10240,522112,15255.16
1000000,10240,441435,568.49
1000000,10240,950489,93.38
100000,10240,14168,10281.20
100000,10240,76609,17088.90
1000000,10240,398828,1003.95
100000,10240,89327,19090.32
1000000,10240,130344,16245.11
1000000,10240,137801,10557.63
100000,10240,44791,799.07
1000000,10240,466070,419.03
1000000,10240,677663,410.30
100000,10240,69534,15976.26
1000000,10240,22179,316.10
1000000,10240,528040,17389.58
1000000,10240,523142,20253.96
100000,10240,89016,1351.17
1000000,10240,208915,9428.56
100000,10240,68825,15450.99
1000000,10240,208795,16226.02
100000,10240,90461,664.09
1000000,10240,134041,19848.08
1000000,10240,89288,12063.56
1000000,10240,264843,9229.40
100000,10240,32447,12204.36
100000,10240,1554,558.71
100000,10240,88538,14254.28
1000000,10240,411346,15593.62
100000,10240,69828,551.52
1000000,10240,331890,22933.64
1000000,10240,578190,19072.27
1000000,10240,137148,644.61
100000,10240,39066,835.03
1000000,10240,687712,338.56
100000,10240,17305,347.12
100000,10240,58580,17451.52
100000,10240,13399,628.61
100000,10240,932,14459.94
1000000,10240,334347,18093.09
1000000,10240,733218,48333.57
100000,10240,88098,662.16
100000,10240,92493,19001.08
100000,10240,7852,564.68
100000,10240,22942,515.96
100000,10240,59129,629.52
1000000,10240,150029,14000.18
1000000,10240,411970,25837.15
100000,10240,1620,719.76
100000,10240,57431,812.69
1000000,10240,747841,19239.47
1000000,10240,118733,19812.16
100000,10240,81083,998.60
100000,10240,59793,507.24
1000000,10240,465204,13070.07
1000000,10240,239431,15694.59
100000,10240,6963,1066.42
100000,10240,49308,922.31
1000000,10240,420967,515.75
100000,10240,26248,19294.84
1000000,10240,938616,376.91
100000,10240,27762,10164.75
100000,10240,4373,700.86
100000,10240,66681,31383.64
1000000,10240,320509,20973.25
100000,10240,15765,629.94
1000000,10240,531586,621.44
1000000,10240,241177,19818.53
100000,10240,3238,18051.34
100000,10240,16540,1302.78
100000,10240,25578,433.97
1000000,10240,697298,387.65
100000,10240,64175,694.68
100000,10240,5399,582.51
1000000,10240,834080,361.44
1000000,10240,655687,27449.24
1000000,10240,744479,17312.42
100000,10240,61736,715.64
1000000,10240,751478,708.15
1000000,10240,855181,28964.37
1000000,10240,715756,16999.18
1000000,10240,657343,12359.19
100000,10240,31608,592.29
1000000,10240,703011,395.58
100000,10240,54507,10754.58
1000000,10240,379279,12777.57
100000,10240,57577,12201.40
1000000,10240,711517,11738.06
1000000,10240,878634,749.90
100000,10240,55302,23994.22
1000000,10240,91991,1105.79
100000,10240,43652,1460.70
100000,10240,32302,26998.06
100000,10240,6955,772.93
100000,10240,74843,22070.49
100000,10240,98038,12980.61
1000000,10240,178501,17536.83
100000,10240,66809,17090.54
1000000,10240,522014,24463.20
100000,10240,88754,14942.57
1000000,10240,681570,669.21
1000000,10240,349970,31220.53
100000,10240,46945,1179.27
100000,10240,4039,14496.16
1000000,10240,855244,24491.06
1000000,10240,976261,294.54
100000,10240,23081,24245.79
1000000,10240,189517,1367.70
100000,10240,46612,1335.43
1000000,10240,52072,1926.71
100000,10240,94948,775.29
100000,10240,23908,13781.49
100000,10240,85830,546.01
100000,10240,4847,1058.29
100000,10240,57788,560.75
1000000,10240,774879,13453.06
1000000,10240,792547,789.91
100000,10240,20454,688.54
1000000,10240,514595,17775.04
100000,10240,53636,17026.36
100000,10240,1947,21003.51
1000000,10240,650033,1355.01
1000000,10240,283298,14449.06
1000000,10240,143792,13686.47
1000000,10240,664698,18635.35
100000,10240,59692,1343.11
1000000,10240,124348,16306.31
100000,10240,22296,998.24
100000,10240,2857,520.49
1000000,10240,829026,21766.49
1000000,10240,626090,846.18
1000000,10240,214393,21816.40
1000000,10240,797925,696.20
100000,10240,84497,17242.64
100000,10240,66074,18091.81
1000000,10240,87298,704.75
100000,10240,55981,707.44
1000000,10240,234814,771.87
1000000,10240,713327,18562.83
1000000,10240,754157,15543.32
1000000,10240,278673,16633.84
100000,10240,73224,419.64
1000000,10240,537243,18005.57
1000000,10240,718299,13784.40
1000000,10240,871861,756.45
100000,10240,87177,17421.33
100000,10240,11703,17011.54
1000000,10240,179420,19074.00
1000000,10240,16284,34193.21
100000,10240,71898,22239.62
100000,10240,92240,902.00
1000000,10240,857115,510.64
1000000,10240,552874,15639.07
100000,10240,7180,63764.64
1000000,10240,27084,25381.42
100000,10240,56704,734.02
100000,10240,24762,622.30
100000,10240,68712,400.23
100000,10240,32455,707.14
100000,10240,52487,17060.22
1000000,10240,85321,19900.60
100000,10240,97952,29381.59
100000,10240,6868,27393.32
100000,10240,31830,33175.15
1000000,10240,194954,14655.10
100000,10240,96537,1200.38
100000,10240,41124,548.74
1000000,10240,27200,17298.09
100000,10240,84485,1234.59
1000000,10240,441474,28793.52
1000000,10240,412925,609.39
100000,10240,2134,429.78
100000,10240,2456,488.15
100000,10240,60513,310.31
1000000,10240,466532,19373.32
1000000,10240,419492,17281.57
1000000,10240,346480,464.94
100000,10240,99693,16663.86
100000,10240,58878,15582.11
100000,10240,43399,715.46
1000000,10240,951119,216.09
100000,10240,19048,690.04
100000,10240,68765,482.82
100000,10240,23600,787.42
100000,10240,5672,14792.06
1000000,10240,100638,821.57
1000000,10240,327420,17708.98
100000,10240,75778,657.89
100000,10240,29272,18712.94
1000000,10240,123590,26311.06
100000,10240,39582,15037.84
1000000,10240,207509,30525.88
100000,10240,62391,19435.22
100000,10240,90502,20810.97
1000000,10240,314186,606.32
1000000,10240,709699,896.53
1000000,10240,40884,20214.35
1000000,10240,541554,555.75
1000000,10240,146659,474.78
1000000,10240,58716,21345.39
1000000,10240,392505,19406.88
100000,10240,98235,689.40
100000,10240,92423,50341.69
100000,10240,9720,15875.04
1000000,10240,777301,599.02
1000000,10240,210036,17573.10
1000000,10240,760247,7683.72
1000000,10240,496418,17091.58
1000000,10240,339044,799.93
100000,10240,95499,906.99
1000000,10240,143523,297.43
100000,10240,67045,823.38
1000000,10240,230787,19281.96
1000000,10240,494988,23115.28
100000,10240,93204,541.69
1000000,10240,709553,18226.81
1000000,10240,464915,21984.96
1000000,10240,89991,19922.42
100000,10240,79817,14499.43
100000,10240,92235,12878.13
1000000,10240,136823,653.42
1000000,10240,572549,499.62
1000000,10240,164618,333.45
1000000,10240,759223,445.45
100000,10240,94339,296.14
100000,10240,56047,16387.67
100000,10240,44224,18597.98
1000000,10240,825198,636.65
1000000,10240,512729,615.58
100000,10240,60762,373.83
1000000,10240,799316,26840.45
1000000,10240,196200,685.74
100000,10240,81988,11731.75
1000000,10240,723137,31019.29
1000000,10240,399591,15467.59
100000,10240,14953,27454.08
1000000,10240,370472,604.44
1000000,10240,78687,588.02
1000000,10240,638081,19319.97
1000000,10240,384880,6778.06
100000,10240,11807,17664.17
1000000,10240,804016,693.64
1000000,10240,495104,422.19
1000000,10240,339492,337.20
100000,10240,16932,11257.24
1000000,10240,108071,15750.08
1000000,10240,638309,750.31
100000,10240,82211,580.80
1000000,10240,643173,406.98
100000,10240,57917,779.76
100000,10240,93271,737.10
100000,10240,91326,24120.39
100000,10240,88356,538.94
100000,10240,82788,20596.96
100000,10240,21930,16331.66
1000000,10240,400984,14488.94
1000000,10240,638622,557.16
100000,10240,37450,29677.00
100000,10240,88723,1138.91
100000,10240,1617,16958.18
1000000,10240,558272,18336.73
100000,10240,14169,15488.79
1000000,10240,862588,781.42
1000000,10240,823655,398.11
1000000,10240,354280,541.98
100000,10240,33903,19331.71
1000000,10240,196790,2360.76
100000,10240,84085,2372.35
1000000,10240,865553,1067.02
100000,10240,96454,1459.20
1000000,10240,918797,1452.56
1000000,10240,727104,1345.44
1000000,10240,163097,15613.64
1000000,10240,340401,46374.39
100000,10240,44025,1302.29
1000000,10240,414973,947.73
100000,10240,29219,12425.82
1000000,10240,16701,890.38
100000,10240,32289,19750.27
100000,10240,11673,751.87
100000,10240,15970,1480.16
1000000,10240,606435,667.45
1000000,10240,940888,97.66
100000,10240,32853,1502.32
100000,10240,22810,16358.96
1000000,10240,932655,327.55
1000000,10240,178922,2165.70
100000,10240,56489,1409.87
100000,10240,80981,2492.88
1000000,10240,473431,13060.50
1000000,10240,824076,2288.51
100000,10240,42712,20024.52
100000,10240,42039,1447.13
100000,10240,48566,1792.22
1000000,10240,111532,20765.01
100000,10240,54266,23727.19
1000000,10240,968764,301.99
100000,10240,54687,18432.73
1000000,10240,828645,620.24
1000000,10240,474040,16913.46
100000,10240,85591,19233.61
1000000,10240,105561,18688.11
1000000,10240,217770,1016.92
100000,10240,39800,453.97
100000,10240,57695,412.55
100000,10240,12208,43050.74
100000,10240,46984,1268.94
100000,10240,34314,954.73
100000,10240,62116,358.43
100000,10240,52322,849.85
100000,10240,52818,619.13
1000000,10240,465540,13932.97
1000000,10240,913806,445.01
1000000,10240,560383,751.83
100000,10240,97057,992.07
1000000,10240,913612,299.97
100000,10240,48524,1277.65
1000000,10240,578985,11928.46
1000000,10240,937894,87.41
1000000,10240,289266,408.36
1000000,10240,710287,560.86
1000000,10240,965752,213.85
100000,10240,30841,34080.13
100000,10240,29170,1515.32
1000000,10240,878683,650.57
1000000,10240,845392,426.59
100000,10240,90937,774.27
1000000,10240,161719,13666.96
100000,10240,9666,1067.73
1000000,10240,49359,19925.65
1000000,10240,101080,11925.14
1000000,10240,600446,13012.70
100000,10240,23834,968.33
100000,10240,26922,12617.37
1000000,10240,548946,20525.35
1000000,10240,681332,768.84
1000000,10240,214313,15800.41
100000,10240,42425,705.26
100000,10240,53008,426.06
100000,10240,79374,42715.26
100000,10240,89889,1462.56
100000,10240,49695,810.77
1000000,10240,423262,11270.98
100000,10240,5286,21549.46
1000000,10240,809889,1374.32
100000,10240,25715,9724.99
100000,10240,48147,889.83
1000000,10240,847808,496.08
1000000,10240,777468,14934.45
1000000,10240,899595,13389.28
1000000,10240,760124,789.75
1000000,10240,419028,742.39
1000000,10240,250629,10334.72
100000,10240,93525,44525.45
1000000,10240,170249,22087.38
100000,10240,82242,1249.88
1000000,10240,681834,907.64
100000,10240,8450,10339.47
1000000,10240,99393,1320.76
100000,10240,60482,15192.49
1000000,10240,415461,9593.75
100000,10240,28972,15488.00
100000,10240,51543,12703.22
1000000,10240,106678,18853.52
1000000,10240,284276,548.91
1000000,10240,683362,945.46
100000,10240,11141,21442.23
1000000,10240,911557,305.34
100000,10240,55183,542.84
100000,10240,29552,616.97
1000000,10240,741076,17494.38
1000000,10240,270361,19559.47
1000000,10240,164052,14877.60
100000,10240,87797,632.58
100000,10240,773,431.01
100000,10240,98269,16865.08
1000000,10240,289351,17818.54
100000,10240,71319,35769.16
100000,10240,23086,1164.89
1000000,10240,980941,240.85
1000000,10240,699961,21170.59
1000000,10240,446582,1141.04
100000,10240,9337,18083.64
100000,10240,82818,1102.16
100000,10240,34131,817.86
100000,10240,67632,14343.85
1000000,10240,430309,9507.37
100000,10240,45443,478.44
1000000,10240,611561,14830.29
1000000,10240,318706,409.18
100000,10240,32541,10750.74
100000,10240,40685,901.19
100000,10240,76888,16017.67
1000000,10240,608125,21242.47
1000000,10240,676681,724.90
1000000,10240,27168,833.05
100000,10240,33483,15947.60
1000000,10240,786364,10241.54
1000000,10240,402643,1154.31
100000,10240,77276,11278.29
100000,10240,55314,469.75
1000000,10240,794758,17671.83
1000000,10240,639975,20081.11
1000000,10240,888991,277.83
1000000,10240,356113,17450.52
1000000,10240,270143,13739.95
100000,10240,28759,20573.06
100000,10240,97310,18650.22
100000,10240,35645,9427.43
100000,10240,53626,18265.50
1000000,10240,257167,13083.69
1000000,10240,668324,20171.04
1000000,10240,601975,710.24
100000,10240,77278,16872.77
100000,10240,70539,762.17
100000,10240,48114,558.31
1000000,10240,459550,30243.17
1000000,10240,605203,654.92
100000,10240,61993,11816.18
1000000,10240,249825,13908.53
1000000,10240,532867,32194.13
1000000,10240,349951,12895.41
100000,10240,12924,15299.03
1000000,10240,146648,537.52
1000000,10240,847684,318.66
1000000,10240,277366,15307.10
1000000,10240,539908,704.67
100000,10240,85267,1202.36
1000000,10240,268511,299.60
100000,10240,21079,1107.74
1000000,10240,101593,542.13
100000,10240,85175,417.29
100000,10240,73745,285.12
1000000,10240,955769,94.19
1000000,10240,95352,1005.87
100000,10240,46769,290.97
100000,10240,74035,18461.97
1000000,10240,732264,607.91
100000,10240,81962,1049.62
100000,10240,92181,319.66
100000,10240,17372,304.08
100000,10240,59345,435.84
100000,10240,14293,23587.10
100000,10240,93365,1021.26
1000000,10240,934671,306.90
1000000,10240,798304,408.19
100000,10240,97186,36682.03
100000,10240,85660,20794.98
100000,10240,40405,13920.24
100000,10240,41910,17587.21
100000,10240,43934,640.57
1000000,10240,686927,12025.44
100000,10240,42827,15548.23
1000000,10240,966469,340.13
100000,10240,3199,446.06
100000,10240,47600,18402.61
1000000,10240,996166,232.40
100000,10240,28499,16299.81
100000,10240,40944,851.73
100000,10240,5737,16930.90
1000000,10240,892074,268.71
100000,10240,46439,392.88
100000,10240,41436,1391.76
100000,10240,15533,15381.46
100000,10240,86499,614.41
1000000,10240,604190,350.59
100000,10240,44140,11843.80
1000000,10240,153703,16219.64
100000,10240,13242,10637.96
1000000,10240,259159,15307.10
100000,10240,77982,770.00
100000,10240,47477,985.67
1000000,10240,435293,23030.93
1000000,10240,610990,614.74
100000,10240,86396,798.66
1000000,10240,169268,541.06
100000,10240,43383,21417.93
100000,10240,64553,622.92
100000,10240,96289,427.48
1000000,10240,730782,454.82
1000000,10240,70528,457.78
1000000,10240,233049,349.04
100000,10240,55374,9593.22
1000000,10240,234807,10962.29
1000000,10240,715337,14089.57
1000000,10240,754109,15369.23
1000000,10240,5337,1003.38
100000,10240,1214,843.37
100000,10240,86900,23913.27
100000,10240,19116,17217.84
100000,10240,12265,14807.69
100000,10240,67277,499.18
1000000,10240,921056,262.16
1000000,10240,265154,15799.41
1000000,10240,138094,297.86
1000000,10240,8418,909.62
100000,10240,609,16125.74
100000,10240,65107,670.21
100000,10240,89688,563.37
1000000,10240,664686,17068.07
1000000,10240,343000,19086.02
100000,10240,20892,1024.95
1000000,10240,38518,14366.06
100000,10240,81219,687.59
1000000,10240,226534,14597.39
100000,10240,31566,437.26
1000000,10240,401103,15142.38
100000,10240,94589,19730.82
100000,10240,37189,1307.83
1000000,10240,467863,324.63
100000,10240,60012,15400.44
100000,10240,80997,945.19
1000000,10240,15667,26359.29
1000000,10240,998011,382.33
100000,10240,65028,19419.32
1000000,10240,978420,118.68
100000,10240,98622,518.92
1000000,10240,82427,18124.13
100000,10240,64441,12757.42
100000,10240,69111,13304.72
1000000,10240,43032,542.91
1000000,10240,429191,374.80
100000,10240,46884,19250.45
100000,10240,86246,19076.71
1000000,10240,451730,1380.33
100000,10240,11406,680.75
100000,10240,31531,721.52
100000,10240,14474,693.59
100000,10240,27637,18852.94
1000000,10240,87963,16945.36
1000000,10240,312843,24662.24
100000,10240,61925,1173.52
100000,10240,91904,22348.87
1000000,10240,991900,135.32
100000,10240,9351,14399.46
1000000,10240,274312,18702.06
100000,10240,44470,848.96
1000000,10240,239025,15328.69
1000000,10240,886828,594.57
100000,10240,74732,643.72
100000,10240,67467,864.12
100000,10240,84679,320.79
100000,10240,94466,13641.95
100000,10240,75223,565.46
100000,10240,12541,381.48
1000000,10240,826051,560.55
100000,10240,91576,18311.97
100000,10240,16505,792.27
100000,10240,15644,641.28
100000,10240,68995,25885.93
100000,10240,28266,762.25
100000,10240,26302,1039.03
1000000,10240,945269,100.35
100000,10240,221,659.70
1000000,10240,458986,14907.03
1000000,10240,136378,17710.24
1000000,10240,589822,15890.03
1000000,10240,673896,23851.31
100000,10240,37287,1345.08
1000000,10240,14325,7080.84
100000,10240,20631,23231.70
1000000,10240,512089,10858.14
1000000,10240,451880,923.30
1000000,10240,700462,13669.10
1000000,10240,976731,146.15
100000,10240,53429,16799.36
1000000,10240,206879,18444.24
1000000,10240,424206,15955.54
100000,10240,9632,18434.27
1000000,10240,97362,14206.92
1000000,10240,284245,540.55
100000,10240,70239,17084.46
1000000,10240,199647,16368.57
100000,10240,89780,855.27
100000,10240,61674,879.48
1000000,10240,818427,397.18
100000,10240,51115,579.20
100000,10240,15655,644.60
1000000,10240,94835,19603.54
1000000,10240,301813,14069.63
100000,10240,59974,786.60
1000000,10240,771957,748.61
1000000,10240,445853,611.67
1000000,10240,439604,13990.41
1000000,10240,496403,765.04
1000000,10240,346723,12689.39
1000000,10240,569508,1192.11
1000000,10240,234677,836.35
1000000,10240,851089,556.17
100000,10240,2815,15616.92
100000,10240,79840,560.30
100000,10240,89928,751.28
100000,10240,51717,549.80
100000,10240,60258,900.56
1000000,10240,777007,18837.87
1000000,10240,222964,12036.28
1000000,10240,101605,1095.74
100000,10240,56450,912.62
1000000,10240,115543,15776.71
1000000,10240,866268,949.12
1000000,10240,19788,1305.95
100000,10240,28705,22118.90
1000000,10240,660943,755.55
100000,10240,29977,12849.71
100000,10240,17548,11744.84
1000000,10240,132434,23042.37
100000,10240,40441,1340.11
1000000,10240,422780,551.20
1000000,10240,465087,20595.62
1000000,10240,103603,10645.63
1000000,10240,667101,46140.54
100000,10240,76418,681.83
100000,10240,61344,786.91
100000,10240,2329,12331.73
100000,10240,19392,14970.38
100000,10240,93094,616.74
100000,10240,64771,667.75
1000000,10240,518206,15286.17
100000,10240,75684,16028.90
1000000,10240,121746,18148.83
1000000,10240,773337,21600.53
1000000,10240,946061,374.86
100000,10240,19762,1187.49
100000,10240,56148,764.12
100000,10240,75952,7456.86
1000000,10240,114499,21665.65
1000000,10240,572612,9618.37
100000,10240,68732,14384.57
1000000,10240,101229,18037.75
100000,10240,27623,620.28
100000,10240,45398,891.83
100000,10240,42604,788.76
100000,10240,73647,693.06
1000000,10240,426504,293.84
100000,10240,18018,13035.31
1000000,10240,211968,16575.99
1000000,10240,16988,18452.87
1000000,10240,206984,8685.12
100000,10240,76503,743.00
100000,10240,98167,5198.81
100000,10240,72529,20996.31
1000000,10240,565661,754.69
100000,10240,96704,16785.81
100000,10240,26738,473.94
1000000,10240,781216,467.36
1000000,10240,507690,25985.70
100000,10240,81230,11550.77
1000000,10240,140082,585.14
100000,10240,87535,17818.11
1000000,10240,432993,18095.01
1000000,10240,210141,9810.94
1000000,10240,861169,17136.58
100000,10240,70931,9989.97
100000,10240,94718,16539.83
1000000,10240,167003,17256.32
100000,10240,79423,709.10
1000000,10240,776619,14425.86
1000000,10240,709752,682.18
1000000,10240,452041,20830.79
1000000,10240,461630,953.39
100000,10240,45938,807.68
1000000,10240,459831,432.78
100000,10240,45442,924.34
100000,10240,46230,20094.62
100000,10240,50910,816.03
1000000,10240,338046,16834.17
1000000,10240,22013,13199.59
100000,10240,13178,17057.66
100000,10240,48466,23435.32
100000,10240,81851,1110.09
1000000,10240,124309,786.75
100000,10240,17054,455.14
100000,10240,34136,839.53
100000,10240,45406,877.28
100000,10240,51369,20693.13
100000,10240,11239,16267.51
1000000,10240,433476,683.43
100000,10240,69531,12013.97
100000,10240,74381,535.79
1000000,10240,670242,542.09
1000000,10240,355772,526.23
100000,10240,28644,319.77
100000,10240,60210,347.04
100000,10240,98951,455.37
100000,10240,31217,14556.25
100000,10240,59243,15192.49
100000,10240,86533,20276.15
1000000,10240,179018,19532.03
1000000,10240,949173,151.24
100000,10240,37087,18640.40
1000000,10240,142732,16878.08
1000000,10240,291228,12258.91
100000,10240,23053,21447.35
100000,10240,86898,16563.58
100000,10240,38307,633.37
1000000,10240,29336,694.66
100000,10240,86670,15393.83
1000000,10240,166779,22411.79
100000,10240,11157,1009.90
1000000,10240,787619,15614.90
1000000,10240,159746,28009.05
100000,10240,44798,1131.80
1000000,10240,188613,16904.10
1000000,10240,297391,13462.85
1000000,10240,542383,15340.09
1000000,10240,316831,757.66
100000,10240,76962,19390.54
100000,10240,9760,26008.38
100000,10240,65543,669.11
1000000,10240,633727,10258.96
100000,10240,8804,643.65
1000000,10240,477127,17259.10
100000,10240,35386,730.13
100000,10240,7263,895.28
100000,10240,88047,502.42
100000,10240,97468,402.97
100000,10240,59552,913.27
100000,10240,93163,688.10
1000000,10240,292003,16663.60
100000,10240,66476,615.39
100000,10240,41224,793.96
1000000,10240,3281,16350.90
100000,10240,28818,1181.85
100000,10240,77128,669.60
1000000,10240,675268,8658.26
1000000,10240,566310,478.29
1000000,10240,342957,14871.83
1000000,10240,20425,18212.39
100000,10240,67054,568.23
1000000,10240,270473,12006.91
100000,10240,766,20289.86
1000000,10240,40712,1087.88
100000,10240,89551,455.41
100000,10240,142,689.77
100000,10240,81399,719.94
100000,10240,85089,324.01
100000,10240,46380,272.58
1000000,10240,241281,20660.31
1000000,10240,550716,18164.55
1000000,10240,112379,1192.32
100000,10240,62895,18383.48
100000,10240,46504,16476.31
100000,10240,32754,38139.79
100000,10240,42558,1545.00
100000,10240,61235,534.66
100000,10240,19249,519.73
100000,10240,5943,13490.55
100000,10240,8658,16128.90
1000000,10240,236170,520.49
100000,10240,70405,992.40
100000,10240,43864,9853.97
100000,10240,22114,11884.21
100000,10240,35614,790.46
100000,10240,87392,17516.24
100000,10240,59087,19034.50
1000000,10240,556164,568.23
1000000,10240,688866,499.31
1000000,10240,224289,511.69
1000000,10240,670043,280.05
1000000,10240,295915,16725.11
100000,10240,97196,1188.35
1000000,10240,419753,578.40
100000,10240,44579,14335.47
1000000,10240,300820,19533.41
100000,10240,67272,668.52
100000,10240,98599,508.11
1000000,10240,773266,809.54
1000000,10240,560563,13448.41
100000,10240,85520,20387.97
1000000,10240,715153,13393.16
100000,10240,10322,749.19
100000,10240,64297,15120.40
1000000,10240,404032,22073.40
1000000,10240,873176,19922.35
100000,10240,1824,19205.81
100000,10240,36073,17059.72
100000,10240,14965,21860.33
100000,10240,17575,15419.36
100000,10240,50164,791.45
100000,10240,4087,15277.64
1000000,10240,827942,1624.34
100000,10240,69467,947.57
100000,10240,63246,40283.19
1000000,10240,308617,23492.76
100000,10240,88488,881.35
1000000,10240,195236,964.37
1000000,10240,506274,16648.77
100000,10240,87782,510.79
100000,10240,75951,856.07
100000,10240,65323,854.29
100000,10240,84123,13693.48
1000000,10240,994556,229.37
100000,10240,29658,15631.04
100000,10240,78263,14201.36
100000,10240,17734,13916.14
100000,10240,22005,1394.16
1000000,10240,431257,17611.54
100000,10240,53483,717.01
100000,10240,53665,1355.89
1000000,10240,941973,90.98
1000000,10240,691396,835.48
100000,10240,50934,15677.74
1000000,10240,567092,679.76
1000000,10240,537705,919.49
100000,10240,22449,857.72
100000,10240,2631,17465.91
100000,10240,74967,16834.20
100000,10240,20932,20310.16
100000,10240,5014,1602.95
1000000,10240,543761,547.81
100000,10240,54257,17557.29
1000000,10240,292649,18852.95
1000000,10240,628700,16239.97
100000,10240,36827,1194.27
1000000,10240,456986,22818.65
1000000,10240,859860,16139.57
1000000,10240,360517,26964.31
100000,10240,95236,906.50
1000000,10240,991332,214.87
100000,10240,17027,457.06
100000,10240,57013,956.42
1000000,10240,315686,17756.28
1000000,10240,619473,629.26
100000,10240,49786,751.83
1000000,10240,211537,13036.00
1000000,10240,44146,857.47
100000,10240,65325,19744.66
100000,10240,8683,808.89
100000,10240,22026,1489.60
1000000,10240,633521,776.01
1000000,10240,757065,13334.49
100000,10240,39356,16041.82
100000,10240,89337,772.13
100000,10240,10277,17737.94
1000000,10240,796822,20137.43
1000000,10240,757213,894.67
1000000,10240,762627,552.61
1000000,10240,2284,606.37
1000000,10240,344802,17382.94
100000,10240,25485,33069.56
100000,10240,48717,1376.00
100000,10240,41347,584.24
1000000,10240,401548,1017.62
1000000,10240,668722,20434.96
100000,10240,70268,960.70
1000000,10240,212018,18181.40
100000,10240,89849,646.50
100000,10240,83863,643.05
100000,10240,19365,519.62
100000,10240,33679,19691.65
100000,10240,33913,14957.23
100000,10240,84040,831.59
100000,10240,17477,17589.36
1000000,10240,195937,559.02
1000000,10240,88374,589.68
1000000,10240,562050,685.93
100000,10240,61483,820.82
100000,10240,10566,20646.07
1000000,10240,272660,18328.06
1000000,10240,906837,504.86
1000000,10240,678521,7213.96
100000,10240,90156,19715.52
100000,10240,8200,14733.08
100000,10240,66207,513.65
1000000,10240,208334,16397.15
100000,10240,80879,1057.25
1000000,10240,990970,232.35
1000000,10240,493856,17012.39
100000,10240,74345,715.45
1000000,10240,613650,17971.63
100000,10240,69002,42483.09
1000000,10240,154650,15934.11
100000,10240,14833,12835.15
1000000,10240,617456,598.41
100000,10240,287,18896.34
100000,10240,70047,15146.28
1000000,10240,947556,372.52
1000000,10240,22709,29257.82
100000,10240,65419,729.64
100000,10240,39166,1173.82
1000000,10240,230436,15816.93
100000,10240,4697,577.67
100000,10240,93242,515.29
1000000,10240,724061,22482.23
1000000,10240,298882,17378.13
100000,10240,31711,2201.71
1000000,10240,494601,15696.47
1000000,10240,859613,716.10
100000,10240,43719,590.02
1000000,10240,634475,17879.54
1000000,10240,878922,22788.07
100000,10240,40907,719.14
100000,10240,3631,420.81
100000,10240,67740,754.28
1000000,10240,498705,24022.14
100000,10240,14972,10816.81
1000000,10240,577637,20036.93
100000,10240,81229,1192.66
100000,10240,25987,419.14
1000000,10240,119185,393.38
1000000,10240,915272,427.84
100000,10240,82691,834.15
100000,10240,96815,386.85
1000000,10240,126204,18865.10
1000000,10240,213464,19399.03
1000000,10240,861127,530.04
1000000,10240,41369,17440.02
100000,10240,35513,693.18
100000,10240,93375,19496.66
1000000,10240,626134,18469.51
100000,10240,64987,955.58
1000000,10240,576239,17154.69
1000000,10240,754793,607.28
100000,10240,30626,24544.01
100000,10240,32539,1596.00
1000000,10240,699040,11525.53
1000000,10240,307648,18767.23
100000,10240,88407,18539.47
100000,10240,78792,756.63
100000,10240,62294,15450.20
1000000,10240,828909,14953.47
100000,10240,18791,15852.65
1000000,10240,129648,14170.30
1000000,10240,91939,924.53
1000000,10240,124888,447.08
1000000,10240,482134,33207.95
1000000,10240,84251,24731.87
100000,10240,67793,1027.27
100000,10240,8367,18278.34
1000000,10240,147118,539.36
1000000,10240,808435,20060.88
1000000,10240,564024,723.52
1000000,10240,267861,444.95
100000,10240,52378,27417.52
1000000,10240,665117,817.36
100000,10240,464,18599.82
100000,10240,88094,14955.88
100000,10240,6621,18284.50
100000,10240,83227,1075.72
100000,10240,74140,800.89
100000,10240,50152,19273.19
100000,10240,79260,18964.40
1000000,10240,151670,573.84
1000000,10240,261212,15936.74
100000,10240,48353,759.75
100000,10240,36160,539.26
100000,10240,22577,20793.44
100000,10240,1999,20358.50
100000,10240,6028,16046.97
100000,10240,96607,617.29
1000000,10240,873723,321.39
100000,10240,84491,14355.92
100000,10240,11939,17781.34
100000,10240,21544,36085.14
100000,10240,70742,783.99
100000,10240,52506,804.55
1000000,10240,54164,17233.00
100000,10240,98316,932.54
100000,10240,49797,16519.72
1000000,10240,106218,14342.32
100000,10240,17878,1224.27
1000000,10240,70583,22628.73
100000,10240,50197,816.16
1000000,10240,857479,458.53
100000,10240,71265,883.66
100000,10240,84094,16462.55
1000000,10240,607976,22706.91
1000000,10240,665297,18573.73
100000,10240,33640,800.29
1000000,10240,526138,821.82
100000,10240,57117,11711.13
1000000,10240,212429,13749.17
100000,10240,82557,874.26
1000000,10240,944721,90.62
100000,10240,91471,984.05
1000000,10240,753459,19338.54
100000,10240,37079,1047.24
100000,10240,17985,15513.20
1000000,10240,402642,10399.95
100000,10240,33792,601.03
100000,10240,91505,18439.02
1000000,10240,627814,654.41
100000,10240,20730,780.24
1000000,10240,467423,19822.95
100000,10240,93340,21507.49
1000000,10240,213008,43407.08
100000,10240,87862,727.53
100000,10240,96741,813.64
100000,10240,25330,831.99
1000000,10240,587988,306.41
100000,10240,24914,1178.19
100000,10240,32321,15914.23
100000,10240,57536,16088.10
1000000,10240,870177,534.28
1000000,10240,542337,525.04
100000,10240,64094,414.82
100000,10240,7234,17755.33
100000,10240,72154,546.37
100000,10240,3250,572.10
100000,10240,88797,427.24
1000000,10240,42875,18089.42
1000000,10240,392716,25175.08
1000000,10240,165855,18866.49
100000,10240,24920,649.89
1000000,10240,689402,24817.32
100000,10240,73822,1080.45
100000,10240,34438,1364.72
100000,10240,73249,429.31
100000,10240,38750,1121.16
100000,10240,59151,8055.59
100000,10240,72972,18964.22
1000000,10240,31000,1423.75
1000000,10240,647288,19064.80
100000,10240,39306,1084.33
1000000,10240,854222,779.19
1000000,10240,772652,21933.96
100000,10240,81226,1197.91
1000000,10240,764672,17338.70
100000,10240,43480,12832.05
100000,10240,20325,673.31
100000,10240,55838,669.12
1000000,10240,418731,22707.98
1000000,10240,391096,16959.28
100000,10240,23474,1242.43
100000,10240,79730,1134.28
1000000,10240,897830,94.48
100000,10240,42987,18594.12
100000,10240,57732,1588.24
100000,10240,90146,604.59
100000,10240,34465,837.68
1000000,10240,676498,11783.02
1000000,10240,296376,11750.14
100000,10240,72215,1762.92
100000,10240,34283,399.84
100000,10240,39021,8020.66
1000000,10240,840383,224.65
100000,10240,93416,664.58
1000000,10240,966755,100.95
100000,10240,77860,822.51
100000,10240,98882,429.66
100000,10240,50374,13000.51
1000000,10240,738247,474.44
100000,10240,97512,17597.66
100000,10240,13833,1091.54
100000,10240,57125,19113.61
1000000,10240,347300,906.12
100000,10240,90676,590.06
1000000,10240,796070,598.29
1000000,10240,461697,19512.45
100000,10240,9564,1130.13
1000000,10240,72631,17376.37
1000000,10240,683768,16067.82
100000,10240,10646,35263.35
1000000,10240,387040,1562.69
1000000,10240,745476,786.23
100000,10240,39258,1133.65
100000,10240,85664,1320.61
1000000,10240,335169,687.18
100000,10240,35361,17953.27
100000,10240,9661,14762.76
1000000,10240,665775,11790.64
100000,10240,73233,17136.34
100000,10240,32536,13116.50
100000,10240,85823,17160.33
100000,10240,5346,16732.23
1000000,10240,285031,14889.28
1000000,10240,713965,16316.82
1000000,10240,844510,893.36
100000,10240,64494,698.59
1000000,10240,667376,14351.43
100000,10240,90096,862.32
100000,10240,50335,930.23
1000000,10240,895940,252.09
1000000,10240,794036,16293.78
1000000,10240,569659,16695.32
100000,10240,83386,14183.09
100000,10240,63614,955.54
1000000,10240,246120,6217.55
100000,10240,19976,22137.66
100000,10240,47826,1102.97
100000,10240,95829,13236.21
1000000,10240,215697,23373.43
1000000,10240,208102,20100.67
1000000,10240,222813,15472.32
1000000,10240,21722,804.92
1000000,10240,182750,20521.47
1000000,10240,7614,673.28
100000,10240,97248,828.50
1000000,10240,105397,510.20
100000,10240,51856,18463.72
100000,10240,52288,976.49
1000000,10240,942401,305.77
100000,10240,53476,389.80
1000000,10240,668868,15643.11
1000000,10240,256578,378.28
1000000,10240,918559,27480.09
1000000,10240,106440,30833.02
1000000,10240,562473,15858.61
1000000,10240,930924,313.16
1000000,10240,28673,19364.15
100000,10240,8891,9265.94
1000000,10240,377338,11124.23
1000000,10240,573131,11940.25
100000,10240,15776,1035.61
100000,10240,70390,828.28
100000,10240,30603,808.52
1000000,10240,526236,17914.48
1000000,10240,508042,12396.77
100000,10240,8292,626.52
1000000,10240,898630,227.23
1000000,10240,560046,404.11
1000000,10240,198853,749.70
100000,10240,92801,689.47
1000000,10240,258830,330.26
1000000,10240,63214,12598.91
100000,10240,79349,1043.77
1000000,10240,14859,11293.88
1000000,10240,513604,567.74
100000,10240,99525,19766.79
1000000,10240,506773,741.96
100000,10240,1166,1102.86
100000,10240,42184,339.29
100000,10240,29102,654.76
100000,10240,75088,806.86
100000,10240,53,311.10
100000,10240,13937,11329.18
100000,10240,5539,615.02
1000000,10240,103099,13559.27
100000,10240,86430,490.64
1000000,10240,69986,24184.64
100000,10240,88150,442.51
1000000,10240,50075,17113.30
100000,10240,69604,16346.15
100000,10240,73695,21794.59
1000000,10240,248111,781.83
100000,10240,26633,536.79
1000000,10240,831856,511.50
1000000,10240,141025,18257.14
1000000,10240,177433,24105.36
1000000,10240,221752,595.99
1000000,10240,353026,20572.40
1000000,10240,770269,595.96
1000000,10240,370058,615.33
1000000,10240,809508,521.00
100000,10240,84837,326.81
1000000,10240,218742,7769.47
100000,10240,51177,15048.92
100000,10240,86997,14024.86
100000,10240,4207,521.30
100000,10240,34365,378.98
100000,10240,88705,23140.86
100000,10240,54805,17866.67
100000,10240,42101,14267.47
1000000,10240,153995,17075.04
100000,10240,29423,581.35
100000,10240,86413,365.69
1000000,10240,968264,224.06
1000000,10240,437160,329.58
100000,10240,70642,299.53
1000000,10240,673071,290.90
100000,10240,6366,542.63
1000000,10240,115380,303.11
100000,10240,90853,19069.76
100000,10240,5788,16815.49
100000,10240,41984,1058.10
1000000,10240,636095,627.81
100000,10240,11015,17993.26
100000,10240,69226,1147.58
100000,10240,55933,822.99
1000000,10240,394812,16232.49
100000,10240,8177,600.11
1000000,10240,597586,18801.43
100000,10240,82478,980.78
1000000,10240,242818,20167.14
1000000,10240,939293,507.39
100000,10240,60402,461.54
1000000,10240,196868,9255.86
1000000,10240,134476,14556.95
1000000,10240,48408,16568.69
100000,10240,78128,16173.90
1000000,10240,507509,459.59
100000,10240,91122,12197.21
1000000,10240,570512,14475.60
100000,10240,91104,18971.99
1000000,10240,876609,490.08
100000,10240,94510,899.93
1000000,10240,678526,456.22
1000000,10240,53929,468.80
100000,10240,23405,366.43
1000000,10240,347871,15861.56
1000000,10240,764366,21019.64
100000,10240,29825,36432.15
1000000,10240,287271,654.03
100000,10240,77182,19297.80
1000000,10240,805973,402.12
100000,10240,10458,21996.70
1000000,10240,871783,17984.15
100000,10240,48310,19653.34
1000000,10240,988646,126.08
100000,10240,72134,400.89
100000,10240,89364,12567.57
100000,10240,63263,868.04
1000000,10240,827289,24656.35
100000,10240,66784,513.48
100000,10240,93842,294.74
1000000,10240,438560,463.87
100000,10240,42725,17525.68
100000,10240,42904,696.48
100000,10240,13069,333.80
100000,10240,39669,410.93
100000,10240,29116,430.49
1000000,10240,30930,13768.09
100000,10240,77183,15750.86
1000000,10240,630823,20865.69
100000,10240,67378,845.88
1000000,10240,823895,949.81
1000000,10240,311152,22249.18
1000000,10240,906299,509.54
1000000,10240,190436,637.95
1000000,10240,612711,408.67
100000,10240,87153,15115.96
1000000,10240,820664,428.18
100000,10240,18423,14938.52
100000,10240,49941,1333.55
1000000,10240,456846,12541.45
1000000,10240,736296,17788.68
100000,10240,54831,21432.95
1000000,10240,484387,14300.57
100000,10240,82155,601.42
1000000,10240,163306,616.53
100000,10240,54028,12931.16
1000000,10240,953396,237.79
1000000,10240,971067,105.82
1000000,10240,585005,16134.19
100000,10240,14067,20297.08
1000000,10240,963246,368.58
1000000,10240,888869,407.87
100000,10240,53031,21560.72
100000,10240,99881,619.17
100000,10240,32600,591.73
1000000,10240,157364,19086.33
1000000,10240,554203,626.14
100000,10240,79064,15145.19
100000,10240,84939,21723.90
1000000,10240,230063,812.61
1000000,10240,933392,110.24
1000000,10240,883353,412.02
1000000,10240,795807,422.18
100000,10240,55296,722.55
1000000,10240,149326,11253.54
1000000,10240,921687,99.75
100000,10240,50523,18979.28
100000,10240,30497,13258.43
100000,10240,17627,1014.96
1000000,10240,544119,22074.60
1000000,10240,541386,652.11
100000,10240,75230,16917.21
100000,10240,70190,16313.40
100000,10240,86275,21447.42
100000,10240,70075,773.14
1000000,10240,132101,8892.40
1000000,10240,591246,12332.50
100000,10240,39418,988.36
1000000,10240,495890,514.64
100000,10240,96721,12301.14
1000000,10240,467497,26586.57
100000,10240,8392,20131.49
1000000,10240,476438,21079.03
1000000,10240,728205,28312.26
1000000,10240,889980,957.61
1000000,10240,466173,10965.49
100000,10240,77537,1372.60
1000000,10240,504967,16327.78
1000000,10240,263076,20348.01
1000000,10240,990842,361.98
1000000,10240,408705,1191.84
1000000,10240,306474,19707.96
100000,10240,75354,16372.77
1000000,10240,973566,277.89
100000,10240,59037,20058.60
1000000,10240,279682,12434.66
100000,10240,64260,852.05
100000,10240,5706,1234.17
1000000,10240,287796,14373.20
100000,10240,94478,17767.26
1000000,10240,266526,17124.19
100000,10240,14818,1144.52
1000000,10240,285066,644.23
100000,10240,11970,10636.24
1000000,10240,824843,950.31
100000,10240,82862,10572.73
100000,10240,15327,1515.70
100000,10240,56948,12019.78
1000000,10240,717953,24575.71
1000000,10240,388802,18597.22
1000000,10240,67496,21297.73
100000,10240,98380,23308.35
1000000,10240,332799,13272.14
1000000,10240,841363,1378.23
100000,10240,69824,568.73
100000,10240,42291,1086.68
100000,10240,83151,872.94
100000,10240,25614,991.14
1000000,10240,607511,17433.36
100000,10240,45215,767.55
100000,10240,85904,811.15
100000,10240,56260,385.73
100000,10240,19773,1180.00
100000,10240,88317,734.54
100000,10240,54459,1186.12
100000,10240,30298,723.21
100000,10240,23995,13598.21
1000000,10240,369053,647.98
1000000,10240,67961,14023.65
100000,10240,51684,8510.32
1000000,10240,923313,113.93
1000000,10240,867176,683.51
1000000,10240,121591,559.69
1000000,10240,927175,305.05
1000000,10240,169695,854.63
100000,10240,64616,736.41
1000000,10240,211697,14949.78
1000000,10240,969425,333.85
1000000,10240,69223,15342.68
1000000,10240,329727,12796.43
1000000,10240,371399,14655.89
100000,10240,98097,15045.46
1000000,10240,274725,12664.49
1000000,10240,636975,9755.79
100000,10240,350,29943.58
100000,10240,4850,18340.72
100000,10240,6426,831.55
1000000,10240,637533,15745.06
100000,10240,74683,12035.21
1000000,10240,739056,20956.91
100000,10240,34290,934.56
100000,10240,63730,1188.44
1000000,10240,636955,798.60
1000000,10240,500998,15956.96
100000,10240,86772,17075.21
100000,10240,52021,1363.60
100000,10240,20644,11258.52
1000000,10240,749817,17975.43
1000000,10240,424121,586.98
100000,10240,20188,974.82
100000,10240,60694,9918.38
1000000,10240,933677,106.77
1000000,10240,446004,12305.63
100000,10240,43478,18886.51
100000,10240,52219,1799.41
100000,10240,29256,18098.32
100000,10240,63956,1027.15
100000,10240,71197,1005.52
100000,10240,20232,19110.40
100000,10240,41220,298.87
1000000,10240,977552,102.55
1000000,10240,826636,11472.52
100000,10240,37701,21079.25
100000,10240,19080,1573.21
100000,10240,61712,1768.48
1000000,10240,353492,18157.05
1000000,10240,977408,278.51
1000000,10240,521344,16578.81
100000,10240,2612,14367.79
100000,10240,55723,413.46
100000,10240,47880,565.00
1000000,10240,964893,137.85
100000,10240,9116,430.42
1000000,10240,601186,484.58
100000,10240,68195,446.92
100000,10240,39387,718.34
1000000,10240,801313,270.06
1000000,10240,102110,18728.03
1000000,10240,8281,18988.98
100000,10240,93804,14620.80
100000,10240,12704,16137.04
100000,10240,88686,488.17
100000,10240,45718,14469.63
100000,10240,10279,10039.85
100000,10240,35537,377.69
1000000,10240,93776,16885.74
1000000,10240,713612,892.89
100000,10240,15559,463.88
1000000,10240,442563,12425.86
100000,10240,96926,836.90
1000000,10240,827614,12294.84
1000000,10240,768021,12249.89
100000,10240,9123,4203.78
1000000,10240,778008,30108.07
1000000,10240,352508,454.50
100000,10240,1092,441.05
1000000,10240,418036,13627.62
1000000,10240,996738,257.55
1000000,10240,398489,22699.60
100000,10240,86623,1013.25
1000000,10240,986391,144.08
100000,10240,91173,17639.25
1000000,10240,704892,24098.73
1000000,10240,649310,14297.46
100000,10240,52521,653.30
1000000,10240,950899,91.44
1000000,10240,194015,623.09
100000,10240,37054,16036.75
1000000,10240,511976,20758.46
1000000,10240,49866,709.32
1000000,10240,910185,219.33
100000,10240,99642,15315.29
1000000,10240,914373,128.58
1000000,10240,146822,12199.47
1000000,10240,768236,12691.29
100000,10240,32537,1353.28
100000,10240,21967,327.77
100000,10240,62701,14386.47
100000,10240,59637,14467.23
1000000,10240,503281,430.67
1000000,10240,108970,14592.60
1000000,10240,933438,298.49
1000000,10240,117791,22555.55
1000000,10240,912121,369.55
1000000,10240,996062,225.83
1000000,10240,174467,24753.56
100000,10240,53218,800.50
100000,10240,71733,18581.63
1000000,10240,72828,10883.37
100000,10240,8256,11769.50
100000,10240,90159,18265.52
100000,10240,4250,17637.72
100000,10240,92808,989.10
100000,10240,83647,452.62
100000,10240,97948,931.43
1000000,10240,679872,489.86
100000,10240,40953,14347.49
1000000,10240,40230,15769.78
1000000,10240,46906,12850.47
100000,10240,27424,562.10
1000000,10240,111274,30374.38
1000000,10240,524629,11768.74
100000,10240,87896,398.48
1000000,10240,595900,505.40
1000000,10240,365887,11272.43
100000,10240,62518,17433.11
100000,10240,81980,18214.87
100000,10240,9924,541.84
100000,10240,49882,17167.25
1000000,10240,327354,15612.06
100000,10240,40987,18859.12
1000000,10240,64076,15356.40
1000000,10240,726229,626.11
1000000,10240,922850,305.96
1000000,10240,802097,14952.46
100000,10240,82222,623.91
1000000,10240,8739,823.12
1000000,10240,893761,113.41
1000000,10240,229212,373.83
1000000,10240,538891,16361.72
100000,10240,6731,656.24
100000,10240,70617,405.01
1000000,10240,235351,17464.21
100000,10240,26619,1162.84
1000000,10240,289666,10907.61
100000,10240,53066,512.69
100000,10240,83318,834.29
1000000,10240,210965,7667.97
100000,10240,1597,16761.26
100000,10240,39132,13988.68
100000,10240,85208,505.03
100000,10240,2128,14866.89
1000000,10240,975042,315.73
100000,10240,17326,18140.83
1000000,10240,228909,12563.67
1000000,10240,842583,14483.52
1000000,10240,632490,19057.36
100000,10240,77158,715.13
1000000,10240,237686,525.33
100000,10240,83962,16291.71
1000000,10240,645604,24105.90
100000,10240,3027,640.10
100000,10240,92202,498.79
100000,10240,1220,451.60
100000,10240,30422,379.97
1000000,10240,437385,16369.51
1000000,10240,754955,510.69
100000,10240,38590,12545.41
1000000,10240,397201,772.52
100000,10240,35779,526.98
1000000,10240,9576,14821.96
100000,10240,29536,612.37
100000,10240,83858,1217.36
100000,10240,13237,355.49
100000,10240,67537,317.79
100000,10240,64762,745.06
1000000,10240,430321,301.61
1000000,10240,926734,16930.15
1000000,10240,977042,197.47
100000,10240,91995,329.24
100000,10240,26144,443.27
1000000,10240,428736,17679.88
1000000,10240,844266,14496.55
100000,10240,79806,486.89
1000000,10240,660631,561.72
1000000,10240,645483,367.11
1000000,10240,992582,315.91
1000000,10240,545984,14733.37
100000,10240,33980,11139.64
1000000,10240,101843,740.43
100000,10240,73620,383.19
1000000,10240,274025,300.86
100000,10240,31205,15638.49
1000000,10240,405537,973.02
1000000,10240,437977,657.26
1000000,10240,538406,13032.09
1000000,10240,476133,16897.59
1000000,10240,509533,646.50
1000000,10240,32978,16542.29
100000,10240,29389,638.86
1000000,10240,624143,913.58
1000000,10240,412766,617.84
100000,10240,26585,809.43
1000000,10240,6988,20550.55
100000,10240,73920,1115.25
1000000,10240,256950,8640.99
100000,10240,12561,3580.27
100000,10240,1109,29044.99
100000,10240,46636,787.75
100000,10240,77992,840.12
100000,10240,79087,1712.33
1000000,10240,387840,20405.47
1000000,10240,408937,16751.91
100000,10240,80434,19654.48
1000000,10240,350541,1026.28
1000000,10240,453065,1108.95
100000,10240,85948,15221.24
1000000,10240,824911,816.26
100000,10240,54008,857.70
1000000,10240,553348,16604.49
1000000,10240,82590,22419.89
1000000,10240,296327,572.88
1000000,10240,486796,766.70
100000,10240,22058,1016.72
100000,10240,51629,1379.21
1000000,10240,162070,19342.86
1000000,10240,402611,9348.98
1000000,10240,611486,17294.92
1000000,10240,215667,439.82
100000,10240,94581,597.75
1000000,10240,997260,235.75
100000,10240,74600,418.21
100000,10240,29902,378.55
100000,10240,29505,1098.94
1000000,10240,53564,19958.17
100000,10240,13579,21402.41
1000000,10240,45864,13685.79
100000,10240,56774,1761.19
1000000,10240,769575,584.67
100000,10240,4099,1270.30
1000000,10240,910543,208.13
1000000,10240,915636,102.39
1000000,10240,315761,779.42
1000000,10240,865837,87.18
1000000,10240,517530,19858.48
100000,10240,99762,577.89
1000000,10240,174169,9409.79
100000,10240,74569,18699.09
100000,10240,76099,18975.97
100000,10240,34620,1423.33
100000,10240,33016,938.44
1000000,10240,816622,1185.35
100000,10240,63714,844.58
100000,10240,91287,742.80
1000000,10240,848310,8946.21
100000,10240,34229,1340.96
1000000,10240,223787,1146.22
100000,10240,19884,18357.35
100000,10240,46025,594.94
100000,10240,81625,997.43
1000000,10240,436459,12718.60
1000000,10240,479946,12727.76
100000,10240,55255,884.36
1000000,10240,912828,1122.49
100000,10240,13936,597.51
1000000,10240,822987,993.91
1000000,10240,75312,8093.08
1000000,10240,641185,1170.44
100000,10240,98278,1527.11
100000,10240,74511,11397.15
1000000,10240,771399,688.30
100000,10240,21229,1110.85
100000,10240,55977,30613.09
100000,10240,12217,10170.10
100000,10240,32129,1411.78
1000000,10240,636450,15197.84
1000000,10240,240924,805.94
1000000,10240,784267,986.91
1000000,10240,615054,432.14
1000000,10240,483783,355.68
100000,10240,5334,1171.75
1000000,10240,734169,382.11
1000000,10240,265045,352.49
1000000,10240,634254,546.29
1000000,10240,945990,97.91
1000000,10240,547860,17103.63
1000000,10240,276331,753.71
1000000,10240,354291,16575.42
1000000,10240,260704,15645.55
1000000,10240,837255,15588.19
1000000,10240,262062,17498.77
1000000,10240,821417,1071.43
1000000,10240,943245,148.08
100000,10240,13159,10170.61
100000,10240,12280,1147.35
100000,10240,95588,939.58
1000000,10240,844492,1176.32
100000,10240,8270,412.10
100000,10240,97671,12791.93
100000,10240,16827,799.72
1000000,10240,970306,121.97
100000,10240,70371,818.13
100000,10240,4088,15607.86
1000000,10240,553138,566.98
100000,10240,23321,21419.56
1000000,10240,454626,16865.22
100000,10240,30752,1033.93
1000000,10240,512357,15184.65
100000,10240,65004,587.32
100000,10240,13124,827.49
100000,10240,43078,1498.77
1000000,10240,488969,14505.43
100000,10240,59245,858.35
100000,10240,86755,8325.51
100000,10240,90242,965.50
1000000,10240,827061,14485.87
100000,10240,78957,20823.11
1000000,10240,323804,947.03
1000000,10240,397242,12447.88
1000000,10240,684829,13503.84
1000000,10240,721401,893.82
100000,10240,97805,501.52
100000,10240,72551,20639.63
1000000,10240,187480,633.07
100000,10240,7100,19744.50
100000,10240,50933,16520.62
100000,10240,9487,1018.94
1000000,10240,892278,136.29
1000000,10240,118318,14888.86
100000,10240,77436,967.49
1000000,10240,173878,16641.75
1000000,10240,426962,18551.03
1000000,10240,677741,691.52
100000,10240,48193,722.48
1000000,10240,745108,458.24
100000,10240,14855,21202.72
100000,10240,69417,44450.68
100000,10240,86595,715.17
100000,10240,40642,458.63
100000,10240,64866,950.83
100000,10240,32426,742.60
100000,10240,87900,17264.41
100000,10240,80149,17021.31
100000,10240,81039,692.45
1000000,10240,253633,25620.09
1000000,10240,697644,695.00
1000000,10240,472142,20568.11
100000,10240,89883,975.23
100000,10240,65820,796.12
100000,10240,86223,14619.38
100000,10240,54206,558.25
100000,10240,23459,19493.09
100000,10240,84252,527.55
1000000,10240,394873,16714.17
100000,10240,739,519.72
1000000,10240,371692,10735.20
1000000,10240,730549,1047.47
100000,10240,26489,1140.99
100000,10240,26255,9539.75
1000000,10240,168393,11610.05
1000000,10240,184660,12831.98
100000,10240,42746,539.58
100000,10240,4700,509.22
100000,10240,55112,944.35
1000000,10240,222481,15857.47
100000,10240,47001,469.76
1000000,10240,174006,16531.62
100000,10240,73783,547.48
100000,10240,77984,516.59
100000,10240,59441,22732.51
1000000,10240,225663,22862.72
100000,10240,77550,906.41
100000,10240,29190,641.69
100000,10240,86742,15346.12
100000,10240,4145,18343.37
100000,10240,97218,615.65
1000000,10240,443230,23607.19
1000000,10240,997519,311.93
100000,10240,72199,21827.76
100000,10240,86972,761.82
1000000,10240,456564,473.96
1000000,10240,956540,329.11
100000,10240,79682,322.66
100000,10240,50577,509.27
100000,10240,86993,514.44
1000000,10240,925288,106.33
100000,10240,8305,11629.71
1000000,10240,428644,943.71
1000000,10240,726871,570.84
100000,10240,93040,15609.07
1000000,10240,998912,256.73
100000,10240,50768,18951.19
1000000,10240,588155,19376.06
1000000,10240,515909,547.82
1000000,10240,779677,560.09
1000000,10240,659443,549.19
1000000,10240,12793,32790.01
1000000,10240,317644,599.83
100000,10240,41588,1046.39
1000000,10240,129461,15059.59
1000000,10240,99346,8621.42
1000000,10240,633375,408.40
1000000,10240,991143,233.93
100000,10240,71121,17146.90
1000000,10240,257234,557.37
100000,10240,69176,808.12
100000,10240,41060,13915.07
100000,10240,5276,584.73
1000000,10240,129431,309.74
1000000,10240,561620,14619.70
100000,10240,81650,869.05
100000,10240,60052,489.92
100000,10240,70851,791.71
100000,10240,64711,912.70
1000000,10240,427082,324.21
1000000,10240,731952,287.26
1000000,10240,993861,236.89
100000,10240,3418,298.51
100000,10240,86184,341.47
1000000,10240,860471,258.51
100000,10240,31958,326.57
1000000,10240,760652,14736.07
100000,10240,17555,1055.19
100000,10240,47235,13543.53
1000000,10240,388796,15881.42
100000,10240,85950,508.40
1000000,10240,130485,15528.50
1000000,10240,123025,530.22
1000000,10240,973124,203.51
1000000,10240,81242,16675.06
100000,10240,71810,709.75
1000000,10240,19527,9429.92
1000000,10240,669102,510.32
1000000,10240,133465,19371.93
1000000,10240,358633,501.08
1000000,10240,280531,17598.28
100000,10240,91922,10657.52
100000,10240,67302,492.76
1000000,10240,874613,16361.62
100000,10240,61261,639.13
1000000,10240,331272,13854.79
1000000,10240,372856,537.54
100000,10240,59251,17027.92
1000000,10240,757619,420.73
1000000,10240,8952,484.47
1000000,10240,577236,14261.07
100000,10240,92404,555.78
100000,10240,51007,1121.61
100000,10240,25971,10994.77
100000,10240,18526,653.12
1000000,10240,203244,16755.21
1000000,10240,312856,28928.43
1000000,10240,32844,805.82
1000000,10240,967331,314.93
100000,10240,48099,775.25
100000,10240,73000,13608.54
100000,10240,75397,964.96
100000,10240,8585,18387.12
100000,10240,67760,20128.72
100000,10240,63682,18138.85
100000,10240,81338,1066.32
1000000,10240,619208,405.39
100000,10240,50222,760.87
100000,10240,93406,68585.48
1000000,10240,779860,14035.85
100000,10240,28624,21328.58
100000,10240,19126,1098.27
100000,10240,6026,565.19
1000000,10240,548351,492.99
100000,10240,1690,564.36
100000,10240,27011,272.15
100000,10240,86364,293.83
100000,10240,41145,335.62
1000000,10240,245684,11185.48
100000,10240,45569,1009.66
1000000,10240,744056,18342.18
100000,10240,72754,16244.33
100000,10240,73098,15001.08
1000000,10240,288060,15984.33
1000000,10240,280025,13992.23
100000,10240,94919,605.08
100000,10240,21891,15279.96
100000,10240,38559,584.41
1000000,10240,127119,20606.52
1000000,10240,255790,24809.06
100000,10240,74437,816.71
100000,10240,59204,13164.68
100000,10240,37560,1019.10
100000,10240,75085,429.07
1000000,10240,525986,31393.64
100000,10240,11000,1050.42
100000,10240,34296,745.40
1000000,10240,998861,127.85
100000,10240,22706,13172.95
100000,10240,28016,1231.51
100000,10240,33029,538.96
100000,10240,99663,763.57
1000000,10240,636108,300.00
1000000,10240,445339,468.13
100000,10240,54732,18405.60
100000,10240,83521,1115.14
100000,10240,2299,17325.52
1000000,10240,154679,20560.04
1000000,10240,707494,785.22
100000,10240,49036,19246.66
100000,10240,56414,14979.22
100000,10240,75225,1212.99
100000,10240,60236,1320.24
100000,10240,17987,26320.43
1000000,10240,673226,20015.60
100000,10240,23022,16140.15
100000,10240,15403,949.82
100000,10240,73956,19294.64
100000,10240,80750,12215.89
1000000,10240,476378,2081.89
1000000,10240,69547,13856.74
1000000,10240,956928,269.37
1000000,10240,246339,22717.66
100000,10240,59681,1806.17
1000000,10240,433130,16613.13
1000000,10240,597817,952.50
100000,10240,87819,17738.75
100000,10240,73535,577.26
100000,10240,30514,1357.21
1000000,10240,190706,395.91
1000000,10240,771250,465.38
100000,10240,65260,22994.05
1000000,10240,936081,1724.72
1000000,10240,882526,1275.70
1000000,10240,301380,12179.33
100000,10240,28333,1389.23
100000,10240,81080,15942.57
100000,10240,96362,1505.17
100000,10240,7331,911.43
1000000,10240,513402,1075.24
1000000,10240,288039,672.27
1000000,10240,566931,439.43
100000,10240,66692,10986.55
100000,10240,39478,579.62
100000,10240,64752,1198.23
1000000,10240,970242,152.40
100000,10240,61171,446.83
1000000,10240,493530,17881.00
1000000,10240,325569,15896.21
1000000,10240,63194,15831.11
100000,10240,18220,900.32
1000000,10240,655853,486.80
1000000,10240,160947,15533.75
100000,10240,50174,1359.69
1000000,10240,244903,1737.95
1000000,10240,376149,634.73
100000,10240,36118,325.43
1000000,10240,103043,448.12
100000,10240,54519,17898.93
100000,10240,485,1329.46
100000,10240,78411,11213.25
100000,10240,12234,775.77
100000,10240,37373,1840.47
1000000,10240,445804,657.34
1000000,10240,211499,423.64
100000,10240,42208,1980.61
1000000,10240,943195,134.13
1000000,10240,458170,13266.35
1000000,10240,94789,756.43
1000000,10240,627127,13336.44
1000000,10240,842438,703.12
100000,10240,59513,585.44
100000,10240,84130,1685.02
1000000,10240,751111,437.69
1000000,10240,80808,540.76
100000,10240,19278,1344.52
100000,10240,88668,421.97
1000000,10240,139430,12853.98
1000000,10240,901484,246.07
1000000,10240,63429,17919.23
100000,10240,55249,1597.87
1000000,10240,128957,1494.99
1000000,10240,409873,1263.53
100000,10240,23578,13265.53
100000,10240,11592,14864.36
1000000,10240,94073,12711.34
1000000,10240,862813,1013.67
1000000,10240,736556,640.73
1000000,10240,365642,20550.08
100000,10240,82133,640.46
100000,10240,17067,589.97
100000,10240,89903,792.19
100000,10240,2048,14700.09
100000,10240,6839,11350.75
1000000,10240,841390,24096.62
1000000,10240,863319,21731.44
1000000,10240,681298,1117.02
1000000,10240,846971,734.31
100000,10240,4222,13182.78
1000000,10240,954773,215.79
1000000,10240,170505,15597.66
100000,10240,21090,20982.61
1000000,10240,183722,579.85
1000000,10240,952608,89.23
1000000,10240,236186,22526.80
1000000,10240,40220,17175.48
1000000,10240,692325,17366.96
1000000,10240,354737,22026.89
1000000,10240,294790,20480.74
1000000,10240,279588,23646.11
100000,10240,81506,922.61
1000000,10240,644755,452.28
1000000,10240,477328,12652.26
1000000,10240,412658,10946.72
1000000,10240,907435,324.17
100000,10240,15615,542.38
1000000,10240,911650,476.76
100000,10240,83066,13959.07
100000,10240,88826,1077.54
100000,10240,84058,1116.81
1000000,10240,821079,390.09
100000,10240,45193,13410.10
1000000,10240,536391,8999.47
100000,10240,39824,12089.69
1000000,10240,391835,17240.93
100000,10240,38985,870.07
1000000,10240,246106,477.40
100000,10240,6828,463.86
1000000,10240,749290,453.34
100000,10240,77564,412.15
100000,10240,53907,355.13
1000000,10240,381242,26460.06
1000000,10240,512088,15414.35
1000000,10240,481801,18514.96
100000,10240,12527,618.26
100000,10240,17635,1048.14
1000000,10240,683592,403.98
1000000,10240,106367,557.17
1000000,10240,421326,330.25
100000,10240,47312,7540.74
1000000,10240,673508,352.75
1000000,10240,388131,21140.75
1000000,10240,427060,788.33
100000,10240,5167,519.65
1000000,10240,268463,439.87
100000,10240,8639,398.79
1000000,10240,451839,19558.54
100000,10240,92813,15127.72
100000,10240,90263,966.22
1000000,10240,291636,511.02
1000000,10240,231356,22072.07
100000,10240,92747,13694.15
100000,10240,4234,1023.55
100000,10240,53843,8727.43
1000000,10240,661679,518.04
1000000,10240,112549,16407.65
100000,10240,57637,20894.48
100000,10240,75007,24023.07
1000000,10240,767651,20847.74
100000,10240,36677,579.70
100000,10240,93420,8732.02
100000,10240,58493,298.90
1000000,10240,391344,13713.14
1000000,10240,816116,422.70
1000000,10240,941204,219.99
100000,10240,84663,18324.80
100000,10240,49710,17251.71
100000,10240,35561,17005.53
1000000,10240,524957,19001.25
1000000,10240,649987,607.13
1000000,10240,751778,655.51
100000,10240,26170,748.93
100000,10240,49362,776.95
1000000,10240,608934,14813.07
100000,10240,51269,17678.64
1000000,10240,421315,515.98
100000,10240,34226,15738.76
100000,10240,85524,21264.21
100000,10240,12899,15442.87
1000000,10240,149824,19194.24
100000,10240,57999,976.63
1000000,10240,510859,16382.03
100000,10240,66952,851.69
100000,10240,81416,901.55
1000000,10240,963833,234.91
100000,10240,78997,401.81
1000000,10240,358772,21311.05
100000,10240,52923,552.72
1000000,10240,478221,478.29
100000,10240,40508,631.33
100000,10240,16395,430.48
100000,10240,67802,14802.16
100000,10240,57503,21921.76
100000,10240,99405,1109.62
100000,10240,37667,14088.60
1000000,10240,630553,20154.27
100000,10240,95804,14950.13
1000000,10240,269845,603.01
100000,10240,30365,13973.80
100000,10240,22949,7472.48
1000000,10240,297189,589.51
100000,10240,4546,508.51
1000000,10240,334918,8981.28
1000000,10240,396818,276.81
1000000,10240,64153,24255.69
1000000,10240,232527,18127.64
100000,10240,70735,14659.88
100000,10240,73220,23038.42
100000,10240,94749,720.71
100000,10240,75832,440.66
100000,10240,45870,847.07
100000,10240,50703,699.16
100000,10240,92340,18723.40
100000,10240,12761,14955.36
1000000,10240,810555,752.62
1000000,10240,926496,212.21
1000000,10240,613015,33990.51
1000000,10240,176037,615.43
100000,10240,16577,460.04
100000,10240,62676,840.38
1000000,10240,479083,317.61
1000000,10240,690138,409.42
1000000,10240,955632,101.56
1000000,10240,628357,478.63
1000000,10240,550269,18052.56
100000,10240,81940,32515.87
100000,10240,57377,19241.25
1000000,10240,886159,532.54
1000000,10240,939090,320.29
100000,10240,4818,446.33
1000000,10240,213198,11785.43
1000000,10240,694791,531.65
1000000,10240,389684,536.09
100000,10240,98992,18395.06
1000000,10240,975413,332.74
1000000,10240,966371,86.84
1000000,10240,287592,19622.76
1000000,10240,795302,22054.48
100000,10240,59598,1158.70
1000000,10240,449407,438.01
100000,10240,3840,310.80
100000,10240,34734,619.46
100000,10240,37567,18655.96
100000,10240,49816,15348.75
100000,10240,52129,15909.60
1000000,10240,132466,19113.94
100000,10240,31148,15572.34
1000000,10240,401172,14868.52
1000000,10240,925602,237.76
100000,10240,19432,655.67
100000,10240,41405,612.92
100000,10240,75550,369.86
100000,10240,98848,310.10
1000000,10240,789842,341.22
100000,10240,28681,22731.00
1000000,10240,821532,556.76
100000,10240,83748,22468.83
100000,10240,7347,15504.69
1000000,10240,350791,16135.32
1000000,10240,336759,24563.92
100000,10240,57464,718.60
100000,10240,31552,462.08
100000,10240,88032,595.83
100000,10240,28153,345.60
1000000,10240,204189,733.24
1000000,10240,656720,17973.09
100000,10240,19129,649.72
100000,10240,97880,23728.62
100000,10240,78974,17966.15
100000,10240,15207,18295.65
1000000,10240,424292,21916.03
100000,10240,41462,923.07
1000000,10240,230987,385.78
1000000,10240,345698,766.55
100000,10240,98989,498.78
1000000,10240,220507,18210.83
100000,10240,7972,17811.93
1000000,10240,666160,13783.94
1000000,10240,839398,619.14
1000000,10240,705983,28375.85
100000,10240,23500,22785.14
1000000,10240,410945,17283.13
1000000,10240,27639,17150.92
1000000,10240,876618,729.57
100000,10240,95265,671.20
1000000,10240,542404,26192.67
1000000,10240,192362,11813.05
100000,10240,53005,16192.98
100000,10240,70244,796.37
100000,10240,94163,18197.33
100000,10240,42154,17552.31
1000000,10240,9291,33597.65
100000,10240,40501,24780.39
1000000,10240,450167,1843.75
1000000,10240,727981,1044.78
1000000,10240,648216,15305.47
1000000,10240,820011,13653.24
100000,10240,23788,21944.57
1000000,10240,696590,19098.73
100000,10240,96857,1187.69
1000000,10240,238625,25782.82
1000000,10240,544998,18599.50
1000000,10240,298179,842.92
100000,10240,88299,8973.58
100000,10240,36226,962.53
100000,10240,35601,15398.68
100000,10240,42030,18822.22
1000000,10240,813284,15355.47
100000,10240,68562,1807.20
1000000,10240,541342,686.52
100000,10240,89925,19607.55
1000000,10240,578211,13404.99
100000,10240,57711,583.21
1000000,10240,232932,652.40
100000,10240,27802,577.56
1000000,10240,631678,16731.17
1000000,10240,481250,1101.29
1000000,10240,976582,292.50
100000,10240,2246,1032.77
1000000,10240,302712,15855.95
1000000,10240,843430,961.09
1000000,10240,56136,14779.57
100000,10240,83623,8675.70
100000,10240,54548,487.11
1000000,10240,954521,95.37
1000000,10240,515346,14775.04
1000000,10240,493549,1859.52
100000,10240,7894,19208.69
1000000,10240,306900,15327.21
100000,10240,75341,13957.88
1000000,10240,371958,31554.35
1000000,10240,707459,958.46
100000,10240,26146,1112.29
100000,10240,20278,604.70
1000000,10240,710860,571.83
1000000,10240,790110,329.78
1000000,10240,788133,15125.90
100000,10240,90478,19807.55
100000,10240,71066,21206.69
1000000,10240,717684,18758.24
1000000,10240,835635,702.63
1000000,10240,3005,1306.32
100000,10240,18724,964.80
1000000,10240,334064,13373.59
1000000,10240,619796,16004.99
100000,10240,17675,809.03
100000,10240,11506,16606.52
1000000,10240,412871,18535.73
100000,10240,66151,2031.71
100000,10240,55163,1177.98
100000,10240,12130,20833.24
100000,10240,78135,559.13
100000,10240,43404,16349.81
1000000,10240,267762,14149.68
100000,10240,27594,1203.99
100000,10240,96045,15541.08
1000000,10240,811673,704.25
100000,10240,78018,670.72
100000,10240,61504,1385.27
1000000,10240,780931,848.03
100000,10240,19014,907.67
1000000,10240,6907,16852.62
100000,10240,61263,1385.74
100000,10240,7553,476.36
1000000,10240,444423,646.17
100000,10240,38722,17564.26
1000000,10240,975306,380.15
100000,10240,28657,1346.88
1000000,10240,818904,656.48
100000,10240,12451,816.96
1000000,10240,792934,721.21
100000,10240,95575,586.98
100000,10240,70373,607.42
1000000,10240,78516,18016.02
1000000,10240,211500,13406.84
100000,10240,56040,781.98
1000000,10240,129502,19130.28
1000000,10240,723934,22189.89
1000000,10240,371197,18558.93
1000000,10240,912590,625.96
1000000,10240,640479,25405.09
1000000,10240,4487,764.71
100000,10240,88,15071.31
1000000,10240,368877,14653.33
1000000,10240,254963,560.64
100000,10240,40340,18883.61
100000,10240,70932,707.63
1000000,10240,132177,14455.11
100000,10240,7122,16102.57
100000,10240,97912,17477.01
1000000,10240,215829,677.57
1000000,10240,778727,985.21
100000,10240,38696,22476.24
1000000,10240,720147,591.24
1000000,10240,602343,576.92
100000,10240,73607,1093.89
1000000,10240,157517,20447.57
100000,10240,73149,777.87
1000000,10240,994466,216.77
100000,10240,80862,14538.95
100000,10240,58428,37958.95
100000,10240,73024,785.07
1000000,10240,109694,609.20
1000000,10240,925286,33996.83
100000,10240,76923,22413.99
1000000,10240,803162,16953.95
1000000,10240,537145,14696.09
100000,10240,17927,17256.21
100000,10240,87851,563.99
1000000,10240,870168,903.79
1000000,10240,511528,13382.30
1000000,10240,898583,5374.19
1000000,10240,223103,16836.67
1000000,10240,316115,19471.00
100000,10240,21626,23403.66
100000,10240,25391,1135.47
100000,10240,1498,871.85
1000000,10240,745175,15295.86
1000000,10240,470717,666.36
1000000,10240,199684,12887.62
1000000,10240,315183,20396.06
1000000,10240,455161,984.49
1000000,10240,271426,18386.41
100000,10240,98018,951.25
1000000,10240,524078,774.64
1000000,10240,93610,13752.55
1000000,10240,105706,16077.70
1000000,10240,168099,536.63
100000,10240,633,8360.50
1000000,10240,378939,789.16
1000000,10240,196971,13781.93
1000000,10240,747949,22268.97
100000,10240,67276,560.74
1000000,10240,170651,20337.00
1000000,10240,768278,486.60
1000000,10240,201205,375.81
1000000,10240,417827,24591.46
100000,10240,54719,31220.38
1000000,10240,140012,17953.79
1000000,10240,528288,16140.41
1000000,10240,145473,11739.64
1000000,10240,386065,10929.51
100000,10240,93967,1631.56
1000000,10240,317824,615.75
100000,10240,1031,20501.63
100000,10240,19340,19152.54
100000,10240,6648,27591.11
1000000,10240,263453,16736.84
1000000,10240,235082,436.39
1000000,10240,981949,309.34
1000000,10240,738552,8431.10
100000,10240,11836,560.41
100000,10240,81070,321.50
1000000,10240,847825,102.37
1000000,10240,309116,17430.04
1000000,10240,25317,571.50
100000,10240,87501,873.23
100000,10240,26130,417.39
100000,10240,320,11392.58
100000,10240,32859,979.80
1000000,10240,158757,618.03
100000,10240,10048,482.76
100000,10240,9872,275.37
100000,10240,62991,729.75
100000,10240,52089,379.97
100000,10240,27607,11365.74
100000,10240,9882,30454.27
1000000,10240,309220,17161.82
1000000,10240,812915,997.11
1000000,10240,713644,317.95
1000000,10240,329280,521.87
100000,10240,17892,811.01
100000,10240,5965,19391.86
1000000,10240,941108,316.83
1000000,10240,717307,26814.14
100000,10240,2154,20631.42
100000,10240,3862,19295.46
100000,10240,62180,469.53
100000,10240,35755,872.45
1000000,10240,71523,19205.84
1000000,10240,384265,780.14
100000,10240,79069,415.93
100000,10240,28981,448.77
100000,10240,28051,14804.95
1000000,10240,660891,727.99
1000000,10240,758386,671.74
100000,10240,77616,19545.39
100000,10240,34181,15513.02
100000,10240,59942,14848.30
100000,10240,76350,581.04
100000,10240,72308,445.73
1000000,10240,861600,28463.75
100000,10240,44657,23558.62
100000,10240,26928,841.16
100000,10240,23414,20000.78
1000000,10240,55040,647.86
100000,10240,41500,732.68
100000,10240,81665,791.10
100000,10240,94976,646.85
100000,10240,78774,16572.55
100000,10240,99680,548.24
100000,10240,89946,956.24
100000,10240,51116,20518.93
1000000,10240,956476,140.47
100000,10240,91220,1182.15
100000,10240,6632,22234.76
1000000,10240,793679,16533.49
1000000,10240,768691,1023.75
100000,10240,61780,766.76
100000,10240,36159,952.06
1000000,10240,990133,90.16
100000,10240,58079,11516.57
100000,10240,19795,22196.30
100000,10240,22,9926.36
1000000,10240,345521,5315.10
1000000,10240,349327,1187.67
1000000,10240,579763,881.08
100000,10240,21237,345.35
100000,10240,83810,21397.21
100000,10240,37173,578.71
100000,10240,15713,448.67
100000,10240,44424,18349.72
100000,10240,68494,875.38
100000,10240,96530,757.36
100000,10240,67999,499.55
100000,10240,47516,15657.20
100000,10240,25309,13111.81
100000,10240,35985,976.57
1000000,10240,185469,17967.27
1000000,10240,690912,17162.99
1000000,10240,109448,17441.40
100000,10240,87096,812.28
1000000,10240,990632,325.66
1000000,10240,891450,88.14
1000000,10240,643241,480.92
1000000,10240,789649,18039.53
1000000,10240,918398,237.97
100000,10240,68969,22679.27
1000000,10240,708602,1289.72
100000,10240,80576,1672.76
1000000,10240,786099,22052.55
100000,10240,17361,21052.49
1000000,10240,731351,1145.70
1000000,10240,258888,22228.92
1000000,10240,661257,13293.04
100000,10240,20715,7712.51
100000,10240,4931,9880.04
1000000,10240,67898,585.73
100000,10240,93543,14555.28
100000,10240,1007,18545.56
1000000,10240,769531,1069.81
1000000,10240,794029,23054.24
100000,10240,96283,18236.98
100000,10240,50662,781.01
100000,10240,65987,21710.88
1000000,10240,87436,17237.32
100000,10240,32396,672.41
100000,10240,83744,1642.42
100000,10240,84803,1474.89
1000000,10240,544107,8874.27
100000,10240,50422,814.51
100000,10240,64921,13097.31
100000,10240,80473,24660.96
100000,10240,8739,1723.76
1000000,10240,294184,1162.30
1000000,10240,878323,1142.32
1000000,10240,570081,1797.56
1000000,10240,805074,461.84
1000000,10240,615377,475.66
100000,10240,57602,798.01
100000,10240,21511,1187.54
1000000,10240,233020,10096.53
100000,10240,48253,16989.87
1000000,10240,795262,709.97
100000,10240,42624,1055.48
1000000,10240,948300,106.11
100000,10240,95684,1399.13
100000,10240,90230,13871.33
100000,10240,44676,13297.19
1000000,10240,169041,1391.34
1000000,10240,77961,15421.06
1000000,10240,690881,436.79
1000000,10240,583469,13748.36
100000,10240,40381,1316.82
100000,10240,8817,1585.40
100000,10240,15860,567.01
1000000,10240,485496,549.47
100000,10240,21611,695.68
100000,10240,1800,18454.80
1000000,10240,560280,36894.97
100000,10240,3312,13569.95
1000000,10240,533408,728.90
1000000,10240,154525,792.61
100000,10240,54127,759.07
1000000,10240,28142,10377.18
100000,10240,88039,24787.13
1000000,10240,552436,20844.66
100000,10240,18781,17335.20
100000,10240,74774,860.26
1000000,10240,691398,25371.94
100000,10240,58059,29636.12
100000,10240,90964,1081.48
100000,10240,52431,318.54
1000000,10240,37345,339.30
1000000,10240,150494,11367.04
100000,10240,6590,10959.06
1000000,10240,777947,458.49
100000,10240,88291,796.96
1000000,10240,885778,726.26
100000,10240,19313,24696.55
1000000,10240,83335,24135.21
1000000,10240,129469,21236.09
1000000,10240,998886,130.23
1000000,10240,636333,570.28
1000000,10240,750537,438.27
100000,10240,79602,739.21
100000,10240,48049,416.50
100000,10240,89715,20324.38
100000,10240,59971,13113.55
100000,10240,97605,689.48
100000,10240,79569,805.89
1000000,10240,166004,16880.71
100000,10240,79802,25252.34
100000,10240,23777,617.82
100000,10240,8993,9500.26
1000000,10240,333211,442.22
100000,10240,45793,1056.73
100000,10240,36624,597.07
100000,10240,63110,952.66
100000,10240,14683,6311.97
100000,10240,82288,444.32
100000,10240,11536,730.35
1000000,10240,643830,21809.07
100000,10240,41307,883.33
100000,10240,61875,14891.30
1000000,10240,351339,42721.02
100000,10240,19548,24099.29
1000000,10240,173133,927.26
1000000,10240,894141,500.40
1000000,10240,573660,26306.07
100000,10240,80031,557.95
1000000,10240,702416,15170.86
1000000,10240,262285,19524.89
1000000,10240,826215,550.39
100000,10240,4081,831.43
1000000,10240,473066,443.48
1000000,10240,372751,401.45
1000000,10240,632575,281.91
1000000,10240,149319,408.29
1000000,10240,209700,423.86
1000000,10240,613455,326.85
100000,10240,95881,334.69
100000,10240,58355,319.02
100000,10240,93113,612.76
1000000,10240,874851,25662.67
100000,10240,47175,14944.27
100000,10240,13462,577.15
100000,10240,12675,864.36
100000,10240,48237,21239.32
100000,10240,41770,13920.68
1000000,10240,888765,242.85
100000,10240,3416,671.09
100000,10240,13875,889.49
1000000,10240,882304,279.88
1000000,10240,357546,401.48
1000000,10240,594230,334.85
1000000,10240,317672,288.96
1000000,10240,775089,253.51
100000,10240,97836,18655.67
100000,10240,61605,1181.13
1000000,10240,879908,350.72
100000,10240,79195,506.05
1000000,10240,91165,309.99
1000000,10240,535118,21152.28
1000000,10240,113611,15668.74
100000,10240,82213,1199.87
1000000,10240,374597,11185.00
1000000,10240,636237,758.90
1000000,10240,115695,22989.96
100000,10240,60051,12385.50
1000000,10240,954150,331.78
1000000,10240,777691,446.13
1000000,10240,832279,24834.76
1000000,10240,375354,546.87
100000,10240,46009,944.81
100000,10240,59663,13482.99
100000,10240,57154,1090.01
1000000,10240,566692,14436.07
1000000,10240,205821,29427.32
100000,10240,71802,19185.16
100000,10240,76076,25003.96
1000000,10240,992237,198.22
1000000,10240,877170,249.33
100000,10240,63508,764.59
1000000,10240,884028,576.41
100000,10240,55586,308.16
100000,10240,63277,835.47
1000000,10240,443990,325.33
1000000,10240,449946,301.89
100000,10240,49774,277.11
1000000,10240,893692,304.07
1000000,10240,410840,12422.07
1000000,10240,24264,530.23
100000,10240,18340,15668.64
1000000,10240,543814,15856.92
1000000,10240,416983,406.00
100000,10240,19521,396.23
1000000,10240,403310,7354.33
100000,10240,40189,454.74
100000,10240,51990,24906.97
100000,10240,50921,14713.87
100000,10240,40779,1168.31
100000,10240,72281,315.29
100000,10240,38426,325.51
100000,10240,5910,509.67
100000,10240,7455,425.32
1000000,10240,144495,19407.62
1000000,10240,529149,657.22
100000,10240,51131,1007.15
1000000,10240,620145,15673.01
1000000,10240,207727,16403.67
1000000,10240,743302,16172.55
100000,10240,71884,541.46
100000,10240,16750,16811.00
100000,10240,7279,19182.12
100000,10240,79551,1121.09
1000000,10240,29881,20114.05
100000,10240,32631,745.43
1000000,10240,121909,641.52
1000000,10240,722487,370.56
1000000,10240,522937,17460.77
1000000,10240,269670,795.27
100000,10240,75777,780.31
100000,10240,92978,14918.34
1000000,10240,447232,15263.89
1000000,10240,711824,18993.41
1000000,10240,226667,14670.70
1000000,10240,375202,620.72
100000,10240,35382,440.60
100000,10240,73079,786.99
100000,10240,65234,17228.62
1000000,10240,422515,512.27
100000,10240,22617,880.36
1000000,10240,172132,15501.86
100000,10240,48816,24023.37
100000,10240,30254,1011.77
100000,10240,46544,1104.24
1000000,10240,635617,434.30
1000000,10240,985502,89.04
100000,10240,62722,20277.03
100000,10240,55552,23090.87
1000000,10240,55718,26429.28
1000000,10240,852937,724.91
1000000,10240,917099,15989.46
100000,10240,69878,16468.56
1000000,10240,282368,15422.07
100000,10240,86194,797.68
1000000,10240,900129,315.39
100000,10240,73731,534.13
1000000,10240,531691,404.91
1000000,10240,625165,18618.07
100000,10240,80120,13912.38
1000000,10240,55777,17656.47
1000000,10240,356342,7543.26
1000000,10240,505595,28642.55
100000,10240,94504,847.01
100000,10240,53219,20799.07
100000,10240,39625,695.76
1000000,10240,171055,397.45
1000000,10240,68637,15384.20
1000000,10240,877353,15185.57
100000,10240,68280,568.18
1000000,10240,65896,14316.18
1000000,10240,116424,13964.85
1000000,10240,561479,906.14
1000000,10240,731618,24079.08
100000,10240,87475,1130.06
1000000,10240,127728,16753.80
1000000,10240,699318,16814.26
100000,10240,36996,23152.61
1000000,10240,872503,797.85
100000,10240,7329,14199.27
100000,10240,18857,1024.76
1000000,10240,657966,724.28
1000000,10240,732964,531.92
1000000,10240,274721,1040.34
100000,10240,52743,1354.50
100000,10240,67621,569.29
1000000,10240,920445,894.99
1000000,10240,306533,902.51
1000000,10240,93190,19843.85
100000,10240,20369,1003.61
1000000,10240,60022,17600.49
1000000,10240,892865,906.18
100000,10240,32933,4372.43
1000000,10240,317255,733.20
100000,10240,12415,25098.10
100000,10240,70328,1748.27
1000000,10240,500121,15629.08
1000000,10240,224116,18346.36
1000000,10240,182605,19472.29
100000,10240,42026,19295.41
1000000,10240,845411,718.90
100000,10240,13577,10286.94
1000000,10240,635566,1412.13
1000000,10240,354827,16796.64
100000,10240,76156,11122.55
1000000,10240,849602,19188.07
1000000,10240,721493,669.52
100000,10240,78415,15131.83
100000,10240,8783,18283.58
100000,10240,19562,12995.95
1000000,10240,129180,1325.32
1000000,10240,303300,913.68
100000,10240,91146,14843.10
100000,10240,9694,1391.54
1000000,10240,227808,16686.19
100000,10240,73133,686.30
1000000,10240,974508,307.99
100000,10240,59796,11721.04
1000000,10240,223839,839.93
1000000,10240,433265,33498.85
1000000,10240,118680,13044.53
1000000,10240,345620,1311.30
100000,10240,65860,14155.64
100000,10240,74048,1048.41
100000,10240,23182,736.42
1000000,10240,932358,228.43
100000,10240,27159,15834.05
100000,10240,1526,687.25
1000000,10240,380443,973.40
1000000,10240,940619,99.43
100000,10240,92591,624.06
100000,10240,84671,890.17
1000000,10240,726894,335.58
100000,10240,93047,11236.19
100000,10240,53633,893.13
1000000,10240,458115,18315.32
1000000,10240,749149,636.40
100000,10240,34795,17352.44
100000,10240,26805,808.92
100000,10240,15517,1053.42
100000,10240,13143,789.49
100000,10240,48903,531.95
100000,10240,74356,900.54
1000000,10240,805533,13999.74
100000,10240,57912,1132.09
1000000,10240,524116,22174.24
1000000,10240,647756,17459.74
100000,10240,76062,17054.24
1000000,10240,160119,24336.27
1000000,10240,819304,1021.15
100000,10240,49996,409.56
100000,10240,19973,20005.54
1000000,10240,745859,573.83
1000000,10240,906908,114.98
100000,10240,76372,23075.64
100000,10240,4897,653.41
1000000,10240,829314,876.42
1000000,10240,196444,385.30
1000000,10240,667837,15733.77
1000000,10240,773253,727.30
1000000,10240,760294,17331.42
1000000,10240,451777,21236.43
1000000,10240,894529,221.31
1000000,10240,776696,555.40
1000000,10240,251338,19049.77
100000,10240,86400,637.93
100000,10240,15506,800.64
100000,10240,4085,311.54
100000,10240,90336,368.23
1000000,10240,197101,16277.66
1000000,10240,445526,20987.64
1000000,10240,645559,861.37
100000,10240,88487,19420.36
1000000,10240,342402,600.72
1000000,10240,686315,12724.97
1000000,10240,612885,14950.73
1000000,10240,979713,340.46
1000000,10240,454527,23566.49
1000000,10240,288319,20499.76
100000,10240,22984,1164.51
1000000,10240,290955,14287.28
100000,10240,66496,514.40
1000000,10240,760541,637.62
1000000,10240,586523,425.71
100000,10240,19641,19112.91
100000,10240,41441,501.55
1000000,10240,375517,440.26
100000,10240,94555,288.98
1000000,10240,823501,9434.03
100000,10240,11104,943.11
1000000,10240,883533,462.09
1000000,10240,982750,289.86
100000,10240,21241,278.27
100000,10240,78282,748.95
1000000,10240,943773,91.22
100000,10240,93950,20632.08
100000,10240,74242,454.24
100000,10240,10580,579.55
100000,10240,95673,22099.86
1000000,10240,880673,713.54
100000,10240,38240,690.31
1000000,10240,206198,16883.95
100000,10240,22734,20212.58
1000000,10240,398951,323.79
100000,10240,24114,10919.81
100000,10240,53526,14455.16
1000000,10240,622385,22884.95
1000000,10240,757155,19913.92
100000,10240,26197,384.07
1000000,10240,741870,20123.68
100000,10240,99925,558.91
100000,10240,39235,484.53
1000000,10240,247978,22184.56
100000,10240,75352,615.97
100000,10240,44825,929.16
100000,10240,13917,7914.13
100000,10240,7266,20773.76
100000,10240,48653,772.60
1000000,10240,694214,17630.37
1000000,10240,282445,557.05
100000,10240,67698,24709.29
100000,10240,21311,15379.35
100000,10240,93708,961.60
100000,10240,11869,957.52
100000,10240,76507,386.23
100000,10240,31571,730.53
1000000,10240,447416,15336.19
100000,10240,37548,854.06
1000000,10240,777155,15899.11
100000,10240,10114,17102.69
100000,10240,14526,673.24
1000000,10240,654096,298.40
100000,10240,2014,20659.81
1000000,10240,806367,677.74
100000,10240,38393,15121.28
1000000,10240,465374,14388.24
100000,10240,47226,1040.76
1000000,10240,939475,310.94
1000000,10240,321697,18924.32
1000000,10240,748440,21527.84
100000,10240,43416,20217.98
100000,10240,54239,10325.75
100000,10240,88294,641.36
100000,10240,43296,15835.32
1000000,10240,920029,299.16
100000,10240,34718,1284.63
100000,10240,57535,424.33
100000,10240,98878,15374.89
100000,10240,22214,756.89
100000,10240,68875,792.74
100000,10240,48679,12458.34
100000,10240,62957,711.01
100000,10240,44500,15005.03
100000,10240,36368,13188.57
100000,10240,33119,7608.10
1000000,10240,961539,116.26
1000000,10240,154444,11583.34
1000000,10240,909370,222.41
100000,10240,52530,19740.60
100000,10240,52171,1487.45
1000000,10240,532959,677.00
100000,10240,34600,729.33
100000,10240,98771,19238.42
100000,10240,18830,554.21
100000,10240,48971,532.75
100000,10240,93293,772.67
1000000,10240,572396,19113.78
100000,10240,15431,13455.21
100000,10240,81633,16818.69
1000000,10240,373323,464.88
100000,10240,85003,289.69
100000,10240,5958,702.56
100000,10240,69526,291.36
100000,10240,56420,16557.08
100000,10240,34735,432.41
100000,10240,21632,400.37
100000,10240,11401,729.96
1000000,10240,790069,17235.15
1000000,10240,55442,508.39
100000,10240,37298,549.47
1000000,10240,489730,16914.89
100000,10240,29579,605.26
100000,10240,60570,354.82
100000,10240,39563,22512.32
1000000,10240,450592,16977.92
100000,10240,89074,427.30
1000000,10240,273652,15380.40
100000,10240,85951,686.31
1000000,10240,785527,392.45
100000,10240,86096,12932.32
1000000,10240,750413,894.74
1000000,10240,389642,490.55
1000000,10240,819354,15605.33
1000000,10240,138193,14488.72
1000000,10240,593083,12620.76
1000000,10240,386746,21029.03
1000000,10240,642349,15915.22
100000,10240,93394,16928.65
100000,10240,91521,21546.12
1000000,10240,684343,668.60
1000000,10240,357959,625.03
1000000,10240,367230,555.66
100000,10240,10515,30204.33
1000000,10240,890374,547.04
100000,10240,57177,823.92
100000,10240,26100,592.66
1000000,10240,180121,569.20
100000,10240,41104,596.61
100000,10240,22650,298.68
100000,10240,56207,700.49
1000000,10240,40147,295.42
1000000,10240,68986,12332.67
100000,10240,89224,844.28
1000000,10240,547108,873.83
100000,10240,28442,915.65
100000,10240,32007,314.32
1000000,10240,504098,15012.66
1000000,10240,275594,9111.43
1000000,10240,24157,423.71
100000,10240,45068,298.82
1000000,10240,875365,400.07
100000,10240,4385,310.04
100000,10240,84239,503.66
100000,10240,78234,773.33
1000000,10240,604876,22256.27
1000000,10240,789125,14486.25
100000,10240,60515,13782.09
1000000,10240,687919,16501.69
100000,10240,75043,448.74
1000000,10240,612262,14677.09
100000,10240,94445,18406.73
100000,10240,30885,752.91
1000000,10240,563292,616.58
100000,10240,67357,433.58
1000000,10240,490737,24533.72
1000000,10240,516740,18394.09
100000,10240,36517,14570.82
1000000,10240,788949,5952.04
1000000,10240,702855,606.74
100000,10240,97110,17009.58
100000,10240,16760,717.46
1000000,10240,28491,8309.34
100000,10240,64478,346.25
100000,10240,90890,16689.87
100000,10240,25499,450.57
1000000,10240,408486,574.18
100000,10240,80837,47065.26
100000,10240,96206,1272.04
100000,10240,68337,26641.10
100000,10240,55851,1181.90
1000000,10240,417302,860.15
100000,10240,66088,11462.37
1000000,10240,552522,1637.21
1000000,10240,286281,24463.50
1000000,10240,701229,18523.60
1000000,10240,944164,1042.59
100000,10240,90128,6591.13
1000000,10240,879037,541.64
100000,10240,99816,963.57
1000000,10240,461419,17457.28
1000000,10240,957646,306.48
1000000,10240,898626,14142.98
1000000,10240,56700,16069.28
1000000,10240,455238,3570.39
100000,10240,13970,2566.77
100000,10240,2213,12527.56
1000000,10240,148568,12646.55
1000000,10240,64891,16753.35
1000000,10240,483691,18078.17
1000000,10240,722049,750.50
100000,10240,10198,587.70
100000,10240,41505,964.42
1000000,10240,191482,17461.65
1000000,10240,799195,744.13
100000,10240,86816,1242.98
100000,10240,32444,12907.06
100000,10240,19523,18968.61
100000,10240,94071,1181.71
1000000,10240,42942,17427.31
1000000,10240,200952,14739.75
1000000,10240,73783,14678.80
100000,10240,80335,14700.91
1000000,10240,727505,12251.38
1000000,10240,35156,15105.30
100000,10240,9283,17126.44
1000000,10240,105102,590.11
100000,10240,89995,705.16
100000,10240,56841,19989.48
100000,10240,88011,1215.67
1000000,10240,126858,9727.76
100000,10240,76791,17409.62
100000,10240,51166,17942.12
100000,10240,24975,21270.88
100000,10240,75877,20510.00
1000000,10240,229580,13464.09
1000000,10240,938530,349.09
1000000,10240,150753,14428.34
1000000,10240,330654,17185.10
1000000,10240,123461,16871.26
1000000,10240,6336,14846.08
100000,10240,61621,50490.95
1000000,10240,481037,27853.83
100000,10240,2981,17598.11
100000,10240,64169,1143.59
100000,10240,24874,1539.24
1000000,10240,54961,43387.24
1000000,10240,868679,17474.80
100000,10240,89486,721.09
1000000,10240,881336,227.28
100000,10240,4018,14867.45
100000,10240,61213,1344.50
100000,10240,10561,15397.59
100000,10240,56059,763.71
100000,10240,18818,14445.54
100000,10240,54053,574.82
100000,10240,67449,13607.10
1000000,10240,458482,13204.91
1000000,10240,775590,569.19
1000000,10240,920933,287.53
100000,10240,50165,581.26
100000,10240,7872,534.60
1000000,10240,642113,294.26
1000000,10240,437859,15725.83
1000000,10240,306019,20118.20
100000,10240,56847,704.67
100000,10240,51081,22342.28
1000000,10240,370789,671.87
1000000,10240,994444,296.75
100000,10240,84829,13138.44
1000000,10240,530704,630.21
100000,10240,77251,14256.81
100000,10240,27752,443.35
1000000,10240,597067,15833.33
1000000,10240,127980,23337.90
100000,10240,23448,23641.04
100000,10240,98567,1018.81
1000000,10240,946521,312.84
100000,10240,89861,12614.68
1000000,10240,483122,489.05
1000000,10240,561483,417.69
1000000,10240,712449,919.54
100000,10240,54529,21893.12
1000000,10240,972491,164.73
1000000,10240,846485,12871.75
100000,10240,54269,529.71
100000,10240,55082,443.12
100000,10240,73608,1029.46
1000000,10240,992401,95.56
100000,10240,11486,329.84
1000000,10240,937159,331.13
1000000,10240,831377,20393.17
100000,10240,84930,931.48
1000000,10240,526378,15204.37
100000,10240,77994,15794.44
1000000,10240,184267,635.13
100000,10240,2410,14744.78
1000000,10240,390527,17501.62
1000000,10240,47976,13700.85
1000000,10240,497233,18161.28
1000000,10240,382585,18146.11
1000000,10240,922251,697.15
1000000,10240,575507,26988.70
100000,10240,30753,1539.68
1000000,10240,915003,240.25
100000,10240,55567,16505.79
100000,10240,94298,17651.05
100000,10240,84604,11706.89
100000,10240,5328,9479.30
1000000,10240,404257,16370.79
100000,10240,18625,13492.42
1000000,10240,2342,516.58
1000000,10240,680627,466.46
1000000,10240,419758,505.78
1000000,10240,247789,23321.54
1000000,10240,179337,21114.88
1000000,10240,62099,13875.65
1000000,10240,646203,10553.79
1000000,10240,225636,645.38
1000000,10240,322066,32793.17
1000000,10240,687199,12117.53
1000000,10240,438996,18303.78
1000000,10240,438382,605.96
100000,10240,860,12360.24
1000000,10240,912826,414.68
100000,10240,94409,1048.23
1000000,10240,133624,17332.22
100000,10240,89893,800.31
1000000,10240,505998,17201.10
1000000,10240,193007,665.70
1000000,10240,529018,21418.19
100000,10240,81381,884.70
100000,10240,20836,16762.96
100000,10240,53096,19649.47
1000000,10240,809438,776.33
100000,10240,32406,17286.54
1000000,10240,714149,582.87
100000,10240,12771,478.21
100000,10240,17394,313.09
1000000,10240,92086,604.17
100000,10240,43458,12716.89
100000,10240,41573,17206.08
100000,10240,32701,16659.64
100000,10240,14272,18920.65
1000000,10240,505550,360.87
1000000,10240,90615,38165.11
1000000,10240,630645,18492.40
100000,10240,15176,15768.27
1000000,10240,687781,14833.08
1000000,10240,41020,14806.08
1000000,10240,739919,486.04
100000,10240,6548,9965.45
1000000,10240,501954,8322.00
100000,10240,84985,13908.11
1000000,10240,999533,199.73
1000000,10240,131319,427.82
100000,10240,83614,491.51
1000000,10240,701279,340.13
1000000,10240,297539,379.67
1000000,10240,888907,92.39
100000,10240,19342,16810.34
100000,10240,65873,599.32
1000000,10240,1668,424.87
1000000,10240,727414,13864.00
100000,10240,42372,758.67
100000,10240,99410,477.50
100000,10240,98624,327.40
1000000,10240,324333,20726.92
1000000,10240,613124,586.18
100000,10240,72655,675.96
1000000,10240,681186,16766.42
100000,10240,35093,685.25
1000000,10240,226183,20397.36
100000,10240,21174,1051.28
100000,10240,53174,15972.63
100000,10240,47333,650.93
100000,10240,42056,11372.55
100000,10240,19936,19335.99
1000000,10240,550462,14169.00
1000000,10240,63577,21494.13
100000,10240,93961,590.47
100000,10240,16334,28158.89
1000000,10240,780545,1133.83
1000000,10240,768956,20002.40
1000000,10240,912529,373.95
100000,10240,70261,5233.81
100000,10240,90889,317.44
100000,10240,19194,555.48
1000000,10240,406045,441.03
1000000,10240,168698,14207.41
100000,10240,29878,11895.20
100000,10240,25679,1012.98
1000000,10240,303404,9253.55
100000,10240,84030,341.89
1000000,10240,290704,25133.31
100000,10240,34690,18208.08
1000000,10240,325611,16024.50
1000000,10240,298873,17111.23
100000,10240,93718,11020.15
1000000,10240,781931,643.07
1000000,10240,248918,18569.27
100000,10240,76928,948.17
100000,10240,66629,14429.46
100000,10240,69330,20948.74
100000,10240,65799,1553.57
1000000,10240,646582,22219.76
100000,10240,17332,12782.45
100000,10240,6322,16013.93
1000000,10240,414515,15021.48
1000000,10240,390219,17574.85
100000,10240,66840,1218.57
100000,10240,82465,593.85
1000000,10240,973099,102.90
1000000,10240,164663,15953.75
100000,10240,85709,1455.82
100000,10240,18000,461.99
1000000,10240,822781,475.00
100000,10240,49177,21060.77
100000,10240,90573,32270.61
1000000,10240,981816,328.03
100000,10240,15095,1196.32
1000000,10240,677292,771.01
100000,10240,66155,948.20
100000,10240,20446,17875.58
1000000,10240,634960,10286.53
100000,10240,33466,692.59
1000000,10240,742749,591.32
1000000,10240,120063,19359.36
100000,10240,90919,922.83
1000000,10240,979180,194.37
1000000,10240,115593,24239.27
1000000,10240,148622,829.96
100000,10240,4337,829.58
100000,10240,67552,17162.97
100000,10240,89285,808.00
100000,10240,57065,23455.83
1000000,10240,5582,1050.03
100000,10240,31300,1079.04
100000,10240,54246,871.59
100000,10240,84575,797.76
100000,10240,51849,20523.36
1000000,10240,902847,356.46
1000000,10240,523162,20700.79
100000,10240,81973,18893.72
1000000,10240,21001,1106.82
100000,10240,54140,20505.33
100000,10240,68278,745.83
1000000,10240,687842,7293.34
1000000,10240,465969,645.73
100000,10240,85679,18623.62
100000,10240,70300,958.62
1000000,10240,191999,17115.49
100000,10240,53963,16826.60
100000,10240,5856,699.80
100000,10240,44024,396.57
1000000,10240,501532,26866.01
100000,10240,68414,1341.43
100000,10240,57986,17770.49
1000000,10240,92444,15219.88
100000,10240,68846,1104.92
1000000,10240,443256,11661.85
100000,10240,29151,17339.51
1000000,10240,757009,18709.67
1000000,10240,655608,825.19
1000000,10240,759459,1345.01
100000,10240,23425,901.75
100000,10240,76271,11035.34
1000000,10240,18973,16970.66
100000,10240,10332,869.05
100000,10240,54293,12960.75
100000,10240,37923,460.28
100000,10240,32717,489.91
100000,10240,59472,17004.89
100000,10240,11955,14126.31
1000000,10240,382615,23234.92
100000,10240,49986,688.94
1000000,10240,666511,756.75
100000,10240,38890,686.43
1000000,10240,548236,370.13
100000,10240,5651,309.56
1000000,10240,811192,18735.15
100000,10240,36009,558.03
100000,10240,86517,21815.15
1000000,10240,946495,143.20
1000000,10240,660393,16079.32
1000000,10240,807526,20278.07
100000,10240,72845,495.70
1000000,10240,549205,449.20
100000,10240,66179,436.92
100000,10240,4170,724.72
1000000,10240,654688,17433.01
1000000,10240,10068,36367.99
1000000,10240,220974,21777.41
100000,10240,38874,1449.08
100000,10240,56525,623.81
1000000,10240,326275,395.89
100000,10240,36202,18443.47
100000,10240,46861,807.13
100000,10240,81205,548.15
1000000,10240,278711,14035.24
1000000,10240,130738,544.08
100000,10240,24560,732.91
1000000,10240,197209,9842.83
100000,10240,6086,14499.70
1000000,10240,236588,38560.38
100000,10240,39855,979.04
100000,10240,78104,428.03
100000,10240,80960,584.51
100000,10240,37171,681.46
100000,10240,28298,13536.80
1000000,10240,868100,562.90
100000,10240,4877,16577.42
100000,10240,29154,18886.04
1000000,10240,791213,672.92
100000,10240,46918,478.12
1000000,10240,595908,14751.09
100000,10240,59517,359.04
100000,10240,45156,1015.59
1000000,10240,267968,544.61
100000,10240,92704,20402.86
100000,10240,85854,21930.65
1000000,10240,345326,7780.57
100000,10240,74055,610.07
100000,10240,63525,15511.64
100000,10240,3280,628.47
1000000,10240,527028,33083.53
1000000,10240,272031,17944.19
100000,10240,36806,17698.28
1000000,10240,793653,9130.97
1000000,10240,173636,14364.03
1000000,10240,484734,637.02
100000,10240,800,389.15
1000000,10240,875849,290.99
1000000,10240,95528,16444.35
100000,10240,72686,18511.59
1000000,10240,423618,509.91
100000,10240,66536,567.54
100000,10240,28305,1034.51
100000,10240,62402,433.80
1000000,10240,773276,29530.88
100000,10240,16614,983.37
1000000,10240,81865,476.73
100000,10240,30740,354.90
1000000,10240,324296,18677.36
1000000,10240,516533,17544.80
1000000,10240,307321,15821.08
1000000,10240,257374,16881.10
100000,10240,9572,567.78
100000,10240,12190,16919.70
100000,10240,26111,775.61
1000000,10240,804246,22345.47
100000,10240,57176,957.89
100000,10240,55360,21393.98
1000000,10240,803184,12843.05
1000000,10240,306313,21502.93
1000000,10240,179938,15597.20
1000000,10240,585836,722.44
1000000,10240,484664,18673.02
1000000,10240,528924,18614.93
100000,10240,49792,482.59
1000000,10240,987157,201.94
100000,10240,36471,514.36
1000000,10240,136017,781.61
100000,10240,49767,18326.89
1000000,10240,974092,119.89
1000000,10240,335740,17292.72
1000000,10240,735203,456.00
1000000,10240,491190,21646.23
100000,10240,83447,688.60
100000,10240,67713,434.53
1000000,10240,664327,412.91
100000,10240,65035,31600.29
1000000,10240,805625,24258.99
100000,10240,56849,968.30
100000,10240,26047,646.99
1000000,10240,708074,361.47
1000000,10240,720013,296.18
1000000,10240,674044,21660.49
1000000,10240,325468,668.37
1000000,10240,677162,418.98
1000000,10240,865314,366.04
1000000,10240,910261,18547.58
1000000,10240,177409,21043.74
100000,10240,14790,834.81
1000000,10240,831122,623.58
100000,10240,39318,304.60
1000000,10240,193595,10106.95
1000000,10240,365004,22969.25
100000,10240,24672,525.83
1000000,10240,224164,25212.64
100000,10240,59878,564.56
1000000,10240,765939,497.36
100000,10240,41139,567.18
1000000,10240,983952,221.02
100000,10240,32142,14291.45
100000,10240,33801,584.97
1000000,10240,349421,10876.80
100000,10240,13926,16094.76
1000000,10240,957044,317.61
100000,10240,80584,914.84
1000000,10240,567759,17481.77
100000,10240,71737,10858.51
1000000,10240,952424,252.26
1000000,10240,443601,12641.77
1000000,10240,390935,14276.84
1000000,10240,484202,22535.63
1000000,10240,489199,15194.69
100000,10240,59867,336.39
1000000,10240,701569,419.70
100000,10240,37304,17542.51
1000000,10240,289558,14475.73
100000,10240,6102,702.43
100000,10240,8936,426.61
1000000,10240,508454,14910.12
1000000,10240,566216,14767.85
100000,10240,77410,23021.10
1000000,10240,97770,15820.40
100000,10240,13703,796.54
100000,10240,87921,14480.66
1000000,10240,50051,10981.28
100000,10240,39537,975.96
1000000,10240,292514,15525.48
100000,10240,59890,751.96
100000,10240,57733,1265.41
1000000,10240,994784,218.30
100000,10240,11704,12132.21
1000000,10240,591534,627.81
100000,10240,49369,646.71
1000000,10240,458745,9578.63
100000,10240,67880,1183.05
1000000,10240,464032,430.01
1000000,10240,260610,16485.14
1000000,10240,657350,16381.56
100000,10240,43332,16027.26
100000,10240,9742,13904.67
1000000,10240,788931,16583.21
100000,10240,18024,439.96
1000000,10240,525887,26129.93
100000,10240,77207,17542.39
1000000,10240,531333,28200.88
100000,10240,23957,21084.55
100000,10240,54087,25335.56
100000,10240,83560,19940.70
1000000,10240,846785,811.05
1000000,10240,957323,229.48
1000000,10240,998273,215.29
100000,10240,25042,790.95
1000000,10240,350861,15316.43
1000000,10240,622217,18790.83
1000000,10240,981727,379.22
100000,10240,8326,734.83
100000,10240,57433,1099.38
1000000,10240,150295,1246.97
100000,10240,70284,15076.98
100000,10240,14860,907.97
100000,10240,41015,782.50
1000000,10240,251235,334.95
100000,10240,57595,909.12
1000000,10240,428360,11417.37
100000,10240,47425,16639.64
1000000,10240,353371,16416.25
100000,10240,69616,962.52
100000,10240,18169,1125.47
1000000,10240,81269,1563.77
100000,10240,79294,18094.99
1000000,10240,633216,1014.40
1000000,10240,179683,701.19
100000,10240,34650,817.36
1000000,10240,467383,15939.31
100000,10240,26370,672.85
100000,10240,20789,14537.19
1000000,10240,208105,1234.78
100000,10240,11443,16111.36
100000,10240,34483,24362.24
100000,10240,32441,941.56
1000000,10240,25894,495.38
1000000,10240,603410,11713.17
1000000,10240,41956,13623.30
100000,10240,71349,18762.44
1000000,10240,493656,19097.76
1000000,10240,811763,12547.09
100000,10240,94373,2537.68
100000,10240,74012,12895.35
1000000,10240,368653,11722.67
100000,10240,500,17725.46
1000000,10240,504855,13995.35
1000000,10240,738344,870.49
1000000,10240,631069,20668.37
1000000,10240,67037,836.84
1000000,10240,827062,9697.47
1000000,10240,259781,1300.58
100000,10240,24662,15667.27
100000,10240,395,19080.98
1000000,10240,349792,1074.62
100000,10240,57984,14456.86
1000000,10240,977768,274.00
100000,10240,78222,727.62
100000,10240,17082,13395.44
100000,10240,5136,10716.55
1000000,10240,519020,11677.55
100000,10240,84332,1095.48
100000,10240,32983,22324.82
100000,10240,28257,1430.78
1000000,10240,899910,213.74
1000000,10240,252468,394.07
100000,10240,51964,643.56
100000,10240,37431,379.90
100000,10240,16142,14795.82
1000000,10240,693058,1085.11
1000000,10240,111028,22103.69
100000,10240,59460,1236.39
100000,10240,69163,14970.25
1000000,10240,133299,23856.19
1000000,10240,888578,485.31
1000000,10240,120898,15344.11
100000,10240,74537,827.40
1000000,10240,634088,578.40
1000000,10240,770310,660.93
1000000,10240,563015,380.74
100000,10240,12748,702.86
1000000,10240,204061,13551.69
100000,10240,63748,29084.45
1000000,10240,869793,525.07
1000000,10240,683710,497.55
1000000,10240,338355,10628.52
100000,10240,81950,1252.82
1000000,10240,847613,10462.62
100000,10240,11830,1132.73
1000000,10240,102137,20731.74
1000000,10240,570054,16724.52
1000000,10240,677468,567.08
100000,10240,72848,428.06
100000,10240,16632,15445.26
1000000,10240,609506,16481.49
100000,10240,59589,927.41
100000,10240,56261,517.17
1000000,10240,897343,89.57
100000,10240,10696,18941.94
100000,10240,96564,11619.87
1000000,10240,901055,23910.12
1000000,10240,236444,10423.66
100000,10240,19786,16620.10
1000000,10240,639323,28329.69
1000000,10240,507417,810.80
1000000,10240,891613,138.24
100000,10240,91163,514.44
100000,10240,69922,11995.90
100000,10240,79807,558.48
1000000,10240,746802,15870.14
1000000,10240,261912,18120.62
1000000,10240,428459,27286.98
1000000,10240,772506,20311.16
1000000,10240,650618,718.95
100000,10240,78148,13752.98
1000000,10240,979715,105.35
100000,10240,10069,440.00
1000000,10240,114699,948.99
100000,10240,88092,749.85
1000000,10240,231795,15136.91
1000000,10240,837965,19812.65
100000,10240,41353,976.67
1000000,10240,934223,111.34
100000,10240,38200,1382.15
1000000,10240,931669,89.59
1000000,10240,180968,19980.61
1000000,10240,922641,340.68
1000000,10240,607993,22740.27
