[2026-06-16 11:32:37,314][root][INFO] - Recurrent UNet Model Successfully Configured and Initialized.
[2026-06-16 11:32:37,317][root][INFO] - Starting from scratch (no valid checkpoint provided).
[2026-06-16 11:32:38,153][root][INFO] - Train: 4480000 samples, Val: 640000 samples
[2026-06-16 11:32:38,156][root][INFO] - Starting training from epoch 1
[2026-06-16 11:32:43,586][root][INFO] - Epoch [1/5], Batch [1/300], Loss: 2.0909 (Overall: 2.0632, Change: 2.1187), TF Ratio: 1.000
[2026-06-16 11:32:43,774][root][INFO] - Epoch [1/5], Batch [2/300], Loss: 2.0752 (Overall: 2.0253, Change: 2.0938), TF Ratio: 1.000
[2026-06-16 11:32:43,924][root][INFO] - Epoch [1/5], Batch [3/300], Loss: 2.0504 (Overall: 2.0668, Change: 1.9348), TF Ratio: 0.999
[2026-06-16 11:32:44,116][root][INFO] - Epoch [1/5], Batch [4/300], Loss: 2.0577 (Overall: 2.1040, Change: 2.0547), TF Ratio: 0.999
[2026-06-16 11:32:44,267][root][INFO] - Epoch [1/5], Batch [5/300], Loss: 2.0469 (Overall: 1.7947, Change: 2.2130), TF Ratio: 0.999
[2026-06-16 11:32:44,418][root][INFO] - Epoch [1/5], Batch [6/300], Loss: 2.0201 (Overall: 1.7322, Change: 2.0405), TF Ratio: 0.999
[2026-06-16 11:32:44,569][root][INFO] - Epoch [1/5], Batch [7/300], Loss: 1.9914 (Overall: 1.6378, Change: 2.0007), TF Ratio: 0.999
[2026-06-16 11:32:44,731][root][INFO] - Epoch [1/5], Batch [8/300], Loss: 1.9782 (Overall: 1.7171, Change: 2.0543), TF Ratio: 0.998
[2026-06-16 11:32:44,895][root][INFO] - Epoch [1/5], Batch [9/300], Loss: 1.9678 (Overall: 1.6846, Change: 2.0845), TF Ratio: 0.998
[2026-06-16 11:32:45,053][root][INFO] - Epoch [1/5], Batch [10/300], Loss: 1.9362 (Overall: 1.6410, Change: 1.6622), TF Ratio: 0.998
[2026-06-16 11:32:45,204][root][INFO] - Epoch [1/5], Batch [11/300], Loss: 1.9379 (Overall: 1.8107, Change: 2.0989), TF Ratio: 0.998
[2026-06-16 11:32:45,356][root][INFO] - Epoch [1/5], Batch [12/300], Loss: 1.9340 (Overall: 1.7355, Change: 2.0462), TF Ratio: 0.998
[2026-06-16 11:32:45,508][root][INFO] - Epoch [1/5], Batch [13/300], Loss: 1.9135 (Overall: 1.3615, Change: 1.9747), TF Ratio: 0.997
[2026-06-16 11:32:45,660][root][INFO] - Epoch [1/5], Batch [14/300], Loss: 1.9040 (Overall: 1.4934, Change: 2.0665), TF Ratio: 0.997
[2026-06-16 11:32:45,811][root][INFO] - Epoch [1/5], Batch [15/300], Loss: 1.8991 (Overall: 1.5392, Change: 2.1235), TF Ratio: 0.997
[2026-06-16 11:32:45,963][root][INFO] - Epoch [1/5], Batch [16/300], Loss: 1.8859 (Overall: 1.4039, Change: 1.9717), TF Ratio: 0.997
[2026-06-16 11:32:46,113][root][INFO] - Epoch [1/5], Batch [17/300], Loss: 1.8816 (Overall: 1.6795, Change: 1.9465), TF Ratio: 0.997
[2026-06-16 11:32:46,293][root][INFO] - Epoch [1/5], Batch [18/300], Loss: 1.8749 (Overall: 1.5971, Change: 1.9222), TF Ratio: 0.996
[2026-06-16 11:32:46,451][root][INFO] - Epoch [1/5], Batch [19/300], Loss: 1.8613 (Overall: 1.4012, Change: 1.8314), TF Ratio: 0.996
[2026-06-16 11:32:46,603][root][INFO] - Epoch [1/5], Batch [20/300], Loss: 1.8570 (Overall: 1.5120, Change: 2.0417), TF Ratio: 0.996
[2026-06-16 11:32:46,753][root][INFO] - Epoch [1/5], Batch [21/300], Loss: 1.8448 (Overall: 1.4865, Change: 1.7119), TF Ratio: 0.996
[2026-06-16 11:32:46,904][root][INFO] - Epoch [1/5], Batch [22/300], Loss: 1.8247 (Overall: 1.3320, Change: 1.4765), TF Ratio: 0.996
[2026-06-16 11:32:47,055][root][INFO] - Epoch [1/5], Batch [23/300], Loss: 1.8241 (Overall: 1.4568, Change: 2.1655), TF Ratio: 0.995
[2026-06-16 11:32:47,206][root][INFO] - Epoch [1/5], Batch [24/300], Loss: 1.8149 (Overall: 1.3004, Change: 1.9024), TF Ratio: 0.995
[2026-06-16 11:32:47,357][root][INFO] - Epoch [1/5], Batch [25/300], Loss: 1.8014 (Overall: 1.1898, Change: 1.7664), TF Ratio: 0.995
[2026-06-16 11:32:47,508][root][INFO] - Epoch [1/5], Batch [26/300], Loss: 1.7840 (Overall: 1.1945, Change: 1.5029), TF Ratio: 0.995
[2026-06-16 11:32:47,666][root][INFO] - Epoch [1/5], Batch [27/300], Loss: 1.7770 (Overall: 1.4202, Change: 1.7686), TF Ratio: 0.995
[2026-06-16 11:32:47,825][root][INFO] - Epoch [1/5], Batch [28/300], Loss: 1.7739 (Overall: 1.4971, Change: 1.8872), TF Ratio: 0.994
[2026-06-16 11:32:47,977][root][INFO] - Epoch [1/5], Batch [29/300], Loss: 1.7670 (Overall: 1.5084, Change: 1.6367), TF Ratio: 0.994
[2026-06-16 11:32:48,128][root][INFO] - Epoch [1/5], Batch [30/300], Loss: 1.7573 (Overall: 1.2017, Change: 1.7511), TF Ratio: 0.994
[2026-06-16 11:32:48,280][root][INFO] - Epoch [1/5], Batch [31/300], Loss: 1.7525 (Overall: 1.3958, Change: 1.8233), TF Ratio: 0.994
[2026-06-16 11:32:48,432][root][INFO] - Epoch [1/5], Batch [32/300], Loss: 1.7488 (Overall: 1.3814, Change: 1.8837), TF Ratio: 0.994
[2026-06-16 11:32:48,597][root][INFO] - Epoch [1/5], Batch [33/300], Loss: 1.7382 (Overall: 1.0627, Change: 1.7352), TF Ratio: 0.993
[2026-06-16 11:32:48,751][root][INFO] - Epoch [1/5], Batch [34/300], Loss: 1.7299 (Overall: 1.2011, Change: 1.7149), TF Ratio: 0.993
[2026-06-16 11:32:48,904][root][INFO] - Epoch [1/5], Batch [35/300], Loss: 1.7229 (Overall: 1.2998, Change: 1.6702), TF Ratio: 0.993
[2026-06-16 11:32:49,066][root][INFO] - Epoch [1/5], Batch [36/300], Loss: 1.7161 (Overall: 1.3653, Change: 1.5907), TF Ratio: 0.993
[2026-06-16 11:32:49,218][root][INFO] - Epoch [1/5], Batch [37/300], Loss: 1.7110 (Overall: 1.2302, Change: 1.8254), TF Ratio: 0.993
[2026-06-16 11:32:49,369][root][INFO] - Epoch [1/5], Batch [38/300], Loss: 1.7011 (Overall: 1.0174, Change: 1.6497), TF Ratio: 0.992
[2026-06-16 11:32:49,520][root][INFO] - Epoch [1/5], Batch [39/300], Loss: 1.6948 (Overall: 1.2906, Change: 1.6204), TF Ratio: 0.992
[2026-06-16 11:32:49,673][root][INFO] - Epoch [1/5], Batch [40/300], Loss: 1.7002 (Overall: 1.2618, Change: 2.5547), TF Ratio: 0.992
[2026-06-16 11:32:49,829][root][INFO] - Epoch [1/5], Batch [41/300], Loss: 1.6918 (Overall: 1.1931, Change: 1.5232), TF Ratio: 0.992
[2026-06-16 11:32:49,981][root][INFO] - Epoch [1/5], Batch [42/300], Loss: 1.6908 (Overall: 1.3520, Change: 1.9441), TF Ratio: 0.992
[2026-06-16 11:32:50,146][root][INFO] - Epoch [1/5], Batch [43/300], Loss: 1.6861 (Overall: 1.1957, Change: 1.7834), TF Ratio: 0.991
[2026-06-16 11:32:50,299][root][INFO] - Epoch [1/5], Batch [44/300], Loss: 1.6769 (Overall: 1.1557, Change: 1.4051), TF Ratio: 0.991
[2026-06-16 11:32:50,476][root][INFO] - Epoch [1/5], Batch [45/300], Loss: 1.6692 (Overall: 1.3010, Change: 1.3635), TF Ratio: 0.991
[2026-06-16 11:32:50,628][root][INFO] - Epoch [1/5], Batch [46/300], Loss: 1.6641 (Overall: 1.0930, Change: 1.7732), TF Ratio: 0.991
[2026-06-16 11:32:50,779][root][INFO] - Epoch [1/5], Batch [47/300], Loss: 1.6624 (Overall: 1.2621, Change: 1.9038), TF Ratio: 0.991
[2026-06-16 11:32:50,937][root][INFO] - Epoch [1/5], Batch [48/300], Loss: 1.6687 (Overall: 1.4672, Change: 2.4668), TF Ratio: 0.990
[2026-06-16 11:32:51,096][root][INFO] - Epoch [1/5], Batch [49/300], Loss: 1.6622 (Overall: 1.3118, Change: 1.3852), TF Ratio: 0.990
[2026-06-16 11:32:51,248][root][INFO] - Epoch [1/5], Batch [50/300], Loss: 1.6620 (Overall: 1.3373, Change: 1.9685), TF Ratio: 0.990
[2026-06-16 11:32:51,400][root][INFO] - Epoch [1/5], Batch [51/300], Loss: 1.6592 (Overall: 1.0332, Change: 2.0068), TF Ratio: 0.990
[2026-06-16 11:32:51,572][root][INFO] - Epoch [1/5], Batch [52/300], Loss: 1.6583 (Overall: 1.3656, Change: 1.8646), TF Ratio: 0.990
[2026-06-16 11:32:51,723][root][INFO] - Epoch [1/5], Batch [53/300], Loss: 1.6537 (Overall: 1.2618, Change: 1.5635), TF Ratio: 0.989
[2026-06-16 11:32:51,875][root][INFO] - Epoch [1/5], Batch [54/300], Loss: 1.6481 (Overall: 1.1255, Change: 1.5796), TF Ratio: 0.989
[2026-06-16 11:32:52,033][root][INFO] - Epoch [1/5], Batch [55/300], Loss: 1.6473 (Overall: 1.2050, Change: 2.0048), TF Ratio: 0.989
[2026-06-16 11:32:52,218][root][INFO] - Epoch [1/5], Batch [56/300], Loss: 1.6421 (Overall: 0.9975, Change: 1.7102), TF Ratio: 0.989
[2026-06-16 11:32:52,369][root][INFO] - Epoch [1/5], Batch [57/300], Loss: 1.6389 (Overall: 1.2090, Change: 1.7092), TF Ratio: 0.989
[2026-06-16 11:32:52,520][root][INFO] - Epoch [1/5], Batch [58/300], Loss: 1.6366 (Overall: 1.1736, Change: 1.8376), TF Ratio: 0.988
[2026-06-16 11:32:52,671][root][INFO] - Epoch [1/5], Batch [59/300], Loss: 1.6269 (Overall: 1.0276, Change: 1.0969), TF Ratio: 0.988
[2026-06-16 11:32:52,823][root][INFO] - Epoch [1/5], Batch [60/300], Loss: 1.6254 (Overall: 1.4093, Change: 1.6720), TF Ratio: 0.988
[2026-06-16 11:32:52,982][root][INFO] - Epoch [1/5], Batch [61/300], Loss: 1.6228 (Overall: 1.3663, Change: 1.5658), TF Ratio: 0.988
[2026-06-16 11:32:53,133][root][INFO] - Epoch [1/5], Batch [62/300], Loss: 1.6192 (Overall: 1.1277, Change: 1.6759), TF Ratio: 0.988
[2026-06-16 11:32:53,293][root][INFO] - Epoch [1/5], Batch [63/300], Loss: 1.6154 (Overall: 1.1077, Change: 1.6496), TF Ratio: 0.987
[2026-06-16 11:32:53,455][root][INFO] - Epoch [1/5], Batch [64/300], Loss: 1.6094 (Overall: 1.2125, Change: 1.2407), TF Ratio: 0.987
[2026-06-16 11:32:53,609][root][INFO] - Epoch [1/5], Batch [65/300], Loss: 1.6087 (Overall: 1.0656, Change: 2.0654), TF Ratio: 0.987
[2026-06-16 11:32:53,760][root][INFO] - Epoch [1/5], Batch [66/300], Loss: 1.6070 (Overall: 1.1655, Change: 1.8300), TF Ratio: 0.987
[2026-06-16 11:32:53,912][root][INFO] - Epoch [1/5], Batch [67/300], Loss: 1.6058 (Overall: 1.0145, Change: 2.0389), TF Ratio: 0.987
[2026-06-16 11:32:54,063][root][INFO] - Epoch [1/5], Batch [68/300], Loss: 1.5997 (Overall: 0.9381, Change: 1.4462), TF Ratio: 0.986
[2026-06-16 11:32:54,213][root][INFO] - Epoch [1/5], Batch [69/300], Loss: 1.5914 (Overall: 0.9860, Change: 1.0695), TF Ratio: 0.986
[2026-06-16 11:32:54,369][root][INFO] - Epoch [1/5], Batch [70/300], Loss: 1.5874 (Overall: 0.9849, Change: 1.6351), TF Ratio: 0.986
[2026-06-16 11:32:54,520][root][INFO] - Epoch [1/5], Batch [71/300], Loss: 1.5811 (Overall: 1.0963, Change: 1.1758), TF Ratio: 0.986
[2026-06-16 11:32:54,671][root][INFO] - Epoch [1/5], Batch [72/300], Loss: 1.5869 (Overall: 1.8226, Change: 2.1811), TF Ratio: 0.986
[2026-06-16 11:32:54,822][root][INFO] - Epoch [1/5], Batch [73/300], Loss: 1.5823 (Overall: 0.9804, Change: 1.5167), TF Ratio: 0.985
[2026-06-16 11:32:54,973][root][INFO] - Epoch [1/5], Batch [74/300], Loss: 1.5754 (Overall: 0.9961, Change: 1.1458), TF Ratio: 0.985
[2026-06-16 11:32:55,123][root][INFO] - Epoch [1/5], Batch [75/300], Loss: 1.5702 (Overall: 0.9838, Change: 1.3972), TF Ratio: 0.985
[2026-06-16 11:32:55,275][root][INFO] - Epoch [1/5], Batch [76/300], Loss: 1.5695 (Overall: 1.2645, Change: 1.7671), TF Ratio: 0.985
[2026-06-16 11:32:55,426][root][INFO] - Epoch [1/5], Batch [77/300], Loss: 1.5665 (Overall: 1.0760, Change: 1.6025), TF Ratio: 0.985
[2026-06-16 11:32:55,578][root][INFO] - Epoch [1/5], Batch [78/300], Loss: 1.5609 (Overall: 1.0030, Change: 1.2470), TF Ratio: 0.984
[2026-06-16 11:32:55,730][root][INFO] - Epoch [1/5], Batch [79/300], Loss: 1.5628 (Overall: 1.5118, Change: 1.9242), TF Ratio: 0.984
[2026-06-16 11:32:55,883][root][INFO] - Epoch [1/5], Batch [80/300], Loss: 1.5587 (Overall: 1.1548, Change: 1.3015), TF Ratio: 0.984
[2026-06-16 11:32:56,033][root][INFO] - Epoch [1/5], Batch [81/300], Loss: 1.5583 (Overall: 1.4263, Change: 1.6311), TF Ratio: 0.984
[2026-06-16 11:32:56,192][root][INFO] - Epoch [1/5], Batch [82/300], Loss: 1.5572 (Overall: 1.2669, Change: 1.6754), TF Ratio: 0.984
[2026-06-16 11:32:56,342][root][INFO] - Epoch [1/5], Batch [83/300], Loss: 1.5559 (Overall: 1.0760, Change: 1.8218), TF Ratio: 0.983
[2026-06-16 11:32:56,493][root][INFO] - Epoch [1/5], Batch [84/300], Loss: 1.5523 (Overall: 1.2079, Change: 1.3010), TF Ratio: 0.983
[2026-06-16 11:32:56,649][root][INFO] - Epoch [1/5], Batch [85/300], Loss: 1.5498 (Overall: 1.0260, Change: 1.6428), TF Ratio: 0.983
[2026-06-16 11:32:56,800][root][INFO] - Epoch [1/5], Batch [86/300], Loss: 1.5443 (Overall: 0.9916, Change: 1.1650), TF Ratio: 0.983
[2026-06-16 11:32:56,950][root][INFO] - Epoch [1/5], Batch [87/300], Loss: 1.5432 (Overall: 1.1089, Change: 1.7827), TF Ratio: 0.983
[2026-06-16 11:32:57,102][root][INFO] - Epoch [1/5], Batch [88/300], Loss: 1.5407 (Overall: 1.1173, Change: 1.5333), TF Ratio: 0.982
[2026-06-16 11:32:57,253][root][INFO] - Epoch [1/5], Batch [89/300], Loss: 1.5398 (Overall: 1.2311, Change: 1.6937), TF Ratio: 0.982
[2026-06-16 11:32:57,415][root][INFO] - Epoch [1/5], Batch [90/300], Loss: 1.5383 (Overall: 1.1943, Change: 1.6228), TF Ratio: 0.982
[2026-06-16 11:32:57,567][root][INFO] - Epoch [1/5], Batch [91/300], Loss: 1.5374 (Overall: 1.1768, Change: 1.7262), TF Ratio: 0.982
[2026-06-16 11:32:57,718][root][INFO] - Epoch [1/5], Batch [92/300], Loss: 1.5375 (Overall: 1.2028, Change: 1.8928), TF Ratio: 0.982
[2026-06-16 11:32:57,872][root][INFO] - Epoch [1/5], Batch [93/300], Loss: 1.5325 (Overall: 1.1116, Change: 1.0307), TF Ratio: 0.981
[2026-06-16 11:32:58,023][root][INFO] - Epoch [1/5], Batch [94/300], Loss: 1.5309 (Overall: 1.0044, Change: 1.7561), TF Ratio: 0.981
[2026-06-16 11:32:58,174][root][INFO] - Epoch [1/5], Batch [95/300], Loss: 1.5298 (Overall: 1.1711, Change: 1.6788), TF Ratio: 0.981
[2026-06-16 11:32:58,326][root][INFO] - Epoch [1/5], Batch [96/300], Loss: 1.5272 (Overall: 0.9809, Change: 1.5969), TF Ratio: 0.981
[2026-06-16 11:32:58,478][root][INFO] - Epoch [1/5], Batch [97/300], Loss: 1.5259 (Overall: 0.9555, Change: 1.8321), TF Ratio: 0.981
[2026-06-16 11:32:58,629][root][INFO] - Epoch [1/5], Batch [98/300], Loss: 1.5266 (Overall: 1.2659, Change: 1.9270), TF Ratio: 0.980
[2026-06-16 11:32:58,780][root][INFO] - Epoch [1/5], Batch [99/300], Loss: 1.5253 (Overall: 0.9673, Change: 1.8228), TF Ratio: 0.980
[2026-06-16 11:32:58,932][root][INFO] - Epoch [1/5], Batch [100/300], Loss: 1.5238 (Overall: 1.0704, Change: 1.6805), TF Ratio: 0.980
[2026-06-16 11:32:59,087][root][INFO] - Epoch [1/5], Batch [101/300], Loss: 1.5213 (Overall: 0.9113, Change: 1.6419), TF Ratio: 0.980
[2026-06-16 11:32:59,247][root][INFO] - Epoch [1/5], Batch [102/300], Loss: 1.5197 (Overall: 0.9756, Change: 1.7467), TF Ratio: 0.980
[2026-06-16 11:32:59,398][root][INFO] - Epoch [1/5], Batch [103/300], Loss: 1.5173 (Overall: 1.1871, Change: 1.3443), TF Ratio: 0.979
[2026-06-16 11:32:59,550][root][INFO] - Epoch [1/5], Batch [104/300], Loss: 1.5173 (Overall: 1.1489, Change: 1.8917), TF Ratio: 0.979
[2026-06-16 11:32:59,700][root][INFO] - Epoch [1/5], Batch [105/300], Loss: 1.5140 (Overall: 0.9738, Change: 1.3766), TF Ratio: 0.979
[2026-06-16 11:32:59,859][root][INFO] - Epoch [1/5], Batch [106/300], Loss: 1.5121 (Overall: 1.0702, Change: 1.5406), TF Ratio: 0.979
[2026-06-16 11:33:00,009][root][INFO] - Epoch [1/5], Batch [107/300], Loss: 1.5108 (Overall: 1.1318, Change: 1.6156), TF Ratio: 0.979
[2026-06-16 11:33:00,167][root][INFO] - Epoch [1/5], Batch [108/300], Loss: 1.5077 (Overall: 0.9376, Change: 1.4228), TF Ratio: 0.978
[2026-06-16 11:33:00,317][root][INFO] - Epoch [1/5], Batch [109/300], Loss: 1.5069 (Overall: 1.1402, Change: 1.6978), TF Ratio: 0.978
[2026-06-16 11:33:00,527][root][INFO] - Epoch [1/5], Batch [110/300], Loss: 1.5055 (Overall: 1.0358, Change: 1.6769), TF Ratio: 0.978
[2026-06-16 11:33:00,679][root][INFO] - Epoch [1/5], Batch [111/300], Loss: 1.5048 (Overall: 1.2002, Change: 1.6522), TF Ratio: 0.978
[2026-06-16 11:33:00,834][root][INFO] - Epoch [1/5], Batch [112/300], Loss: 1.5003 (Overall: 0.9166, Change: 1.0767), TF Ratio: 0.978
[2026-06-16 11:33:00,985][root][INFO] - Epoch [1/5], Batch [113/300], Loss: 1.4994 (Overall: 1.0697, Change: 1.7205), TF Ratio: 0.977
[2026-06-16 11:33:01,147][root][INFO] - Epoch [1/5], Batch [114/300], Loss: 1.4984 (Overall: 1.2130, Change: 1.5677), TF Ratio: 0.977
[2026-06-16 11:33:01,297][root][INFO] - Epoch [1/5], Batch [115/300], Loss: 1.4982 (Overall: 1.4371, Change: 1.5109), TF Ratio: 0.977
[2026-06-16 11:33:01,449][root][INFO] - Epoch [1/5], Batch [116/300], Loss: 1.4965 (Overall: 1.0367, Change: 1.5664), TF Ratio: 0.977
[2026-06-16 11:33:01,600][root][INFO] - Epoch [1/5], Batch [117/300], Loss: 1.4941 (Overall: 1.0084, Change: 1.4310), TF Ratio: 0.977
[2026-06-16 11:33:01,751][root][INFO] - Epoch [1/5], Batch [118/300], Loss: 1.4929 (Overall: 0.9391, Change: 1.7554), TF Ratio: 0.976
[2026-06-16 11:33:01,902][root][INFO] - Epoch [1/5], Batch [119/300], Loss: 1.4912 (Overall: 0.8855, Change: 1.6901), TF Ratio: 0.976
[2026-06-16 11:33:02,053][root][INFO] - Epoch [1/5], Batch [120/300], Loss: 1.4888 (Overall: 1.0521, Change: 1.3612), TF Ratio: 0.976
[2026-06-16 11:33:02,204][root][INFO] - Epoch [1/5], Batch [121/300], Loss: 1.4863 (Overall: 0.8867, Change: 1.4984), TF Ratio: 0.976
[2026-06-16 11:33:02,362][root][INFO] - Epoch [1/5], Batch [122/300], Loss: 1.4855 (Overall: 1.0435, Change: 1.7332), TF Ratio: 0.976
[2026-06-16 11:33:02,513][root][INFO] - Epoch [1/5], Batch [123/300], Loss: 1.4847 (Overall: 0.9572, Change: 1.8127), TF Ratio: 0.975
[2026-06-16 11:33:02,665][root][INFO] - Epoch [1/5], Batch [124/300], Loss: 1.4844 (Overall: 1.2074, Change: 1.6786), TF Ratio: 0.975
[2026-06-16 11:33:02,816][root][INFO] - Epoch [1/5], Batch [125/300], Loss: 1.4832 (Overall: 1.0897, Change: 1.5898), TF Ratio: 0.975
[2026-06-16 11:33:02,967][root][INFO] - Epoch [1/5], Batch [126/300], Loss: 1.4821 (Overall: 1.1376, Change: 1.5475), TF Ratio: 0.975
[2026-06-16 11:33:03,123][root][INFO] - Epoch [1/5], Batch [127/300], Loss: 1.4821 (Overall: 1.1841, Change: 1.7670), TF Ratio: 0.975
[2026-06-16 11:33:03,281][root][INFO] - Epoch [1/5], Batch [128/300], Loss: 1.4798 (Overall: 0.9055, Change: 1.4869), TF Ratio: 0.974
[2026-06-16 11:33:03,431][root][INFO] - Epoch [1/5], Batch [129/300], Loss: 1.4800 (Overall: 1.1705, Change: 1.8395), TF Ratio: 0.974
[2026-06-16 11:33:03,583][root][INFO] - Epoch [1/5], Batch [130/300], Loss: 1.4801 (Overall: 1.2898, Change: 1.6890), TF Ratio: 0.974
[2026-06-16 11:33:03,734][root][INFO] - Epoch [1/5], Batch [131/300], Loss: 1.4778 (Overall: 0.8920, Change: 1.4667), TF Ratio: 0.974
[2026-06-16 11:33:03,886][root][INFO] - Epoch [1/5], Batch [132/300], Loss: 1.4752 (Overall: 0.8871, Change: 1.3905), TF Ratio: 0.974
[2026-06-16 11:33:04,038][root][INFO] - Epoch [1/5], Batch [133/300], Loss: 1.4744 (Overall: 1.0701, Change: 1.6526), TF Ratio: 0.973
[2026-06-16 11:33:04,190][root][INFO] - Epoch [1/5], Batch [134/300], Loss: 1.4732 (Overall: 1.0531, Change: 1.5724), TF Ratio: 0.973
[2026-06-16 11:33:04,342][root][INFO] - Epoch [1/5], Batch [135/300], Loss: 1.4716 (Overall: 1.1010, Change: 1.4309), TF Ratio: 0.973
[2026-06-16 11:33:04,495][root][INFO] - Epoch [1/5], Batch [136/300], Loss: 1.4694 (Overall: 1.0190, Change: 1.3259), TF Ratio: 0.973
[2026-06-16 11:33:04,646][root][INFO] - Epoch [1/5], Batch [137/300], Loss: 1.4691 (Overall: 1.0582, Change: 1.7876), TF Ratio: 0.973
[2026-06-16 11:33:04,798][root][INFO] - Epoch [1/5], Batch [138/300], Loss: 1.4677 (Overall: 1.0085, Change: 1.5554), TF Ratio: 0.972
[2026-06-16 11:33:04,950][root][INFO] - Epoch [1/5], Batch [139/300], Loss: 1.4671 (Overall: 1.0360, Change: 1.7282), TF Ratio: 0.972
[2026-06-16 11:33:05,101][root][INFO] - Epoch [1/5], Batch [140/300], Loss: 1.4665 (Overall: 0.9972, Change: 1.7672), TF Ratio: 0.972
[2026-06-16 11:33:05,251][root][INFO] - Epoch [1/5], Batch [141/300], Loss: 1.4646 (Overall: 1.0698, Change: 1.3188), TF Ratio: 0.972
[2026-06-16 11:33:05,413][root][INFO] - Epoch [1/5], Batch [142/300], Loss: 1.4632 (Overall: 1.2546, Change: 1.2795), TF Ratio: 0.972
[2026-06-16 11:33:05,564][root][INFO] - Epoch [1/5], Batch [143/300], Loss: 1.4619 (Overall: 0.9643, Change: 1.5793), TF Ratio: 0.971
[2026-06-16 11:33:05,723][root][INFO] - Epoch [1/5], Batch [144/300], Loss: 1.4600 (Overall: 1.1899, Change: 1.1889), TF Ratio: 0.971
[2026-06-16 11:33:05,874][root][INFO] - Epoch [1/5], Batch [145/300], Loss: 1.4602 (Overall: 1.0867, Change: 1.9038), TF Ratio: 0.971
[2026-06-16 11:33:06,025][root][INFO] - Epoch [1/5], Batch [146/300], Loss: 1.4598 (Overall: 1.0725, Change: 1.7286), TF Ratio: 0.971
[2026-06-16 11:33:06,176][root][INFO] - Epoch [1/5], Batch [147/300], Loss: 1.4580 (Overall: 0.7917, Change: 1.5918), TF Ratio: 0.971
[2026-06-16 11:33:06,332][root][INFO] - Epoch [1/5], Batch [148/300], Loss: 1.4566 (Overall: 0.9669, Change: 1.5366), TF Ratio: 0.970
[2026-06-16 11:33:06,483][root][INFO] - Epoch [1/5], Batch [149/300], Loss: 1.4574 (Overall: 1.0532, Change: 2.0965), TF Ratio: 0.970
[2026-06-16 11:33:06,634][root][INFO] - Epoch [1/5], Batch [150/300], Loss: 1.4558 (Overall: 1.0885, Change: 1.3645), TF Ratio: 0.970
[2026-06-16 11:33:06,792][root][INFO] - Epoch [1/5], Batch [151/300], Loss: 1.4545 (Overall: 0.8498, Change: 1.6608), TF Ratio: 0.970
[2026-06-16 11:33:06,949][root][INFO] - Epoch [1/5], Batch [152/300], Loss: 1.4535 (Overall: 0.9396, Change: 1.6776), TF Ratio: 0.970
[2026-06-16 11:33:07,099][root][INFO] - Epoch [1/5], Batch [153/300], Loss: 1.4528 (Overall: 0.9244, Change: 1.7561), TF Ratio: 0.969
[2026-06-16 11:33:07,251][root][INFO] - Epoch [1/5], Batch [154/300], Loss: 1.4520 (Overall: 1.1134, Change: 1.5528), TF Ratio: 0.969
[2026-06-16 11:33:07,403][root][INFO] - Epoch [1/5], Batch [155/300], Loss: 1.4502 (Overall: 0.8463, Change: 1.5028), TF Ratio: 0.969
[2026-06-16 11:33:07,560][root][INFO] - Epoch [1/5], Batch [156/300], Loss: 1.4488 (Overall: 0.9157, Change: 1.5383), TF Ratio: 0.969
[2026-06-16 11:33:07,711][root][INFO] - Epoch [1/5], Batch [157/300], Loss: 1.4487 (Overall: 1.0056, Change: 1.8519), TF Ratio: 0.969
[2026-06-16 11:33:07,862][root][INFO] - Epoch [1/5], Batch [158/300], Loss: 1.4486 (Overall: 1.2444, Change: 1.6275), TF Ratio: 0.968
[2026-06-16 11:33:08,019][root][INFO] - Epoch [1/5], Batch [159/300], Loss: 1.4469 (Overall: 0.9330, Change: 1.4236), TF Ratio: 0.968
[2026-06-16 11:33:08,171][root][INFO] - Epoch [1/5], Batch [160/300], Loss: 1.4467 (Overall: 1.1470, Change: 1.6852), TF Ratio: 0.968
[2026-06-16 11:33:08,322][root][INFO] - Epoch [1/5], Batch [161/300], Loss: 1.4458 (Overall: 0.9971, Change: 1.6138), TF Ratio: 0.968
[2026-06-16 11:33:08,473][root][INFO] - Epoch [1/5], Batch [162/300], Loss: 1.4456 (Overall: 1.0734, Change: 1.7447), TF Ratio: 0.968
[2026-06-16 11:33:08,632][root][INFO] - Epoch [1/5], Batch [163/300], Loss: 1.4445 (Overall: 0.8183, Change: 1.7084), TF Ratio: 0.967
[2026-06-16 11:33:08,783][root][INFO] - Epoch [1/5], Batch [164/300], Loss: 1.4435 (Overall: 1.0052, Change: 1.5738), TF Ratio: 0.967
[2026-06-16 11:33:08,934][root][INFO] - Epoch [1/5], Batch [165/300], Loss: 1.4426 (Overall: 0.9639, Change: 1.6070), TF Ratio: 0.967
[2026-06-16 11:33:09,086][root][INFO] - Epoch [1/5], Batch [166/300], Loss: 1.4407 (Overall: 0.8437, Change: 1.4220), TF Ratio: 0.967
[2026-06-16 11:33:09,237][root][INFO] - Epoch [1/5], Batch [167/300], Loss: 1.4433 (Overall: 1.8913, Change: 1.8538), TF Ratio: 0.967
[2026-06-16 11:33:09,390][root][INFO] - Epoch [1/5], Batch [168/300], Loss: 1.4416 (Overall: 0.8789, Change: 1.4444), TF Ratio: 0.966
[2026-06-16 11:33:09,540][root][INFO] - Epoch [1/5], Batch [169/300], Loss: 1.4413 (Overall: 0.9501, Change: 1.8263), TF Ratio: 0.966
[2026-06-16 11:33:09,692][root][INFO] - Epoch [1/5], Batch [170/300], Loss: 1.4408 (Overall: 1.3436, Change: 1.3515), TF Ratio: 0.966
[2026-06-16 11:33:09,844][root][INFO] - Epoch [1/5], Batch [171/300], Loss: 1.4400 (Overall: 1.0858, Change: 1.5385), TF Ratio: 0.966
[2026-06-16 11:33:10,006][root][INFO] - Epoch [1/5], Batch [172/300], Loss: 1.4376 (Overall: 1.0244, Change: 1.0287), TF Ratio: 0.966
[2026-06-16 11:33:10,163][root][INFO] - Epoch [1/5], Batch [173/300], Loss: 1.4349 (Overall: 0.8607, Change: 1.0740), TF Ratio: 0.965
[2026-06-16 11:33:10,314][root][INFO] - Epoch [1/5], Batch [174/300], Loss: 1.4354 (Overall: 1.0018, Change: 2.0418), TF Ratio: 0.965
[2026-06-16 11:33:10,469][root][INFO] - Epoch [1/5], Batch [175/300], Loss: 1.4344 (Overall: 0.8723, Change: 1.6480), TF Ratio: 0.965
[2026-06-16 11:33:10,620][root][INFO] - Epoch [1/5], Batch [176/300], Loss: 1.4324 (Overall: 0.9100, Change: 1.2701), TF Ratio: 0.965
[2026-06-16 11:33:10,771][root][INFO] - Epoch [1/5], Batch [177/300], Loss: 1.4313 (Overall: 0.7960, Change: 1.6635), TF Ratio: 0.965
[2026-06-16 11:33:10,922][root][INFO] - Epoch [1/5], Batch [178/300], Loss: 1.4306 (Overall: 0.9902, Change: 1.6125), TF Ratio: 0.964
[2026-06-16 11:33:11,073][root][INFO] - Epoch [1/5], Batch [179/300], Loss: 1.4294 (Overall: 0.9147, Change: 1.5393), TF Ratio: 0.964
[2026-06-16 11:33:11,231][root][INFO] - Epoch [1/5], Batch [180/300], Loss: 1.4294 (Overall: 1.0588, Change: 1.8057), TF Ratio: 0.964
[2026-06-16 11:33:11,382][root][INFO] - Epoch [1/5], Batch [181/300], Loss: 1.4282 (Overall: 1.0842, Change: 1.3343), TF Ratio: 0.964
[2026-06-16 11:33:11,533][root][INFO] - Epoch [1/5], Batch [182/300], Loss: 1.4282 (Overall: 1.0962, Change: 1.7458), TF Ratio: 0.964
[2026-06-16 11:33:11,684][root][INFO] - Epoch [1/5], Batch [183/300], Loss: 1.4285 (Overall: 1.2824, Change: 1.7040), TF Ratio: 0.963
[2026-06-16 11:33:11,836][root][INFO] - Epoch [1/5], Batch [184/300], Loss: 1.4272 (Overall: 0.9864, Change: 1.3720), TF Ratio: 0.963
[2026-06-16 11:33:11,987][root][INFO] - Epoch [1/5], Batch [185/300], Loss: 1.4274 (Overall: 1.0961, Change: 1.8472), TF Ratio: 0.963
[2026-06-16 11:33:12,138][root][INFO] - Epoch [1/5], Batch [186/300], Loss: 1.4265 (Overall: 0.9082, Change: 1.5935), TF Ratio: 0.963
[2026-06-16 11:33:12,289][root][INFO] - Epoch [1/5], Batch [187/300], Loss: 1.4241 (Overall: 0.8689, Change: 1.0920), TF Ratio: 0.963
[2026-06-16 11:33:12,445][root][INFO] - Epoch [1/5], Batch [188/300], Loss: 1.4225 (Overall: 0.9134, Change: 1.3281), TF Ratio: 0.962
[2026-06-16 11:33:12,601][root][INFO] - Epoch [1/5], Batch [189/300], Loss: 1.4223 (Overall: 1.0667, Change: 1.7117), TF Ratio: 0.962
[2026-06-16 11:33:12,758][root][INFO] - Epoch [1/5], Batch [190/300], Loss: 1.4209 (Overall: 0.9173, Change: 1.4148), TF Ratio: 0.962
[2026-06-16 11:33:12,909][root][INFO] - Epoch [1/5], Batch [191/300], Loss: 1.4204 (Overall: 0.9728, Change: 1.6520), TF Ratio: 0.962
[2026-06-16 11:33:13,061][root][INFO] - Epoch [1/5], Batch [192/300], Loss: 1.4195 (Overall: 0.9952, Change: 1.5265), TF Ratio: 0.962
[2026-06-16 11:33:13,212][root][INFO] - Epoch [1/5], Batch [193/300], Loss: 1.4198 (Overall: 0.9499, Change: 1.9980), TF Ratio: 0.961
[2026-06-16 11:33:13,363][root][INFO] - Epoch [1/5], Batch [194/300], Loss: 1.4198 (Overall: 0.8382, Change: 1.9750), TF Ratio: 0.961
[2026-06-16 11:33:13,514][root][INFO] - Epoch [1/5], Batch [195/300], Loss: 1.4198 (Overall: 1.2112, Change: 1.6383), TF Ratio: 0.961
[2026-06-16 11:33:13,666][root][INFO] - Epoch [1/5], Batch [196/300], Loss: 1.4175 (Overall: 0.8770, Change: 1.0805), TF Ratio: 0.961
[2026-06-16 11:33:13,817][root][INFO] - Epoch [1/5], Batch [197/300], Loss: 1.4161 (Overall: 0.8344, Change: 1.4446), TF Ratio: 0.961
[2026-06-16 11:33:13,968][root][INFO] - Epoch [1/5], Batch [198/300], Loss: 1.4146 (Overall: 0.9219, Change: 1.3107), TF Ratio: 0.960
[2026-06-16 11:33:14,137][root][INFO] - Epoch [1/5], Batch [199/300], Loss: 1.4134 (Overall: 1.0601, Change: 1.2950), TF Ratio: 0.960
[2026-06-16 11:33:14,289][root][INFO] - Epoch [1/5], Batch [200/300], Loss: 1.4128 (Overall: 0.9558, Change: 1.6067), TF Ratio: 0.960
[2026-06-16 11:33:14,439][root][INFO] - Epoch [1/5], Batch [201/300], Loss: 1.4126 (Overall: 1.0462, Change: 1.7035), TF Ratio: 0.960
[2026-06-16 11:33:14,591][root][INFO] - Epoch [1/5], Batch [202/300], Loss: 1.4122 (Overall: 1.1617, Change: 1.4971), TF Ratio: 0.960
[2026-06-16 11:33:14,755][root][INFO] - Epoch [1/5], Batch [203/300], Loss: 1.4107 (Overall: 0.8784, Change: 1.3454), TF Ratio: 0.959
[2026-06-16 11:33:14,907][root][INFO] - Epoch [1/5], Batch [204/300], Loss: 1.4098 (Overall: 0.9386, Change: 1.5276), TF Ratio: 0.959
[2026-06-16 11:33:15,060][root][INFO] - Epoch [1/5], Batch [205/300], Loss: 1.4086 (Overall: 0.9291, Change: 1.3806), TF Ratio: 0.959
[2026-06-16 11:33:15,212][root][INFO] - Epoch [1/5], Batch [206/300], Loss: 1.4082 (Overall: 1.2375, Change: 1.4406), TF Ratio: 0.959
[2026-06-16 11:33:15,364][root][INFO] - Epoch [1/5], Batch [207/300], Loss: 1.4081 (Overall: 1.2900, Change: 1.4664), TF Ratio: 0.959
[2026-06-16 11:33:15,516][root][INFO] - Epoch [1/5], Batch [208/300], Loss: 1.4063 (Overall: 0.8106, Change: 1.2770), TF Ratio: 0.958
[2026-06-16 11:33:15,668][root][INFO] - Epoch [1/5], Batch [209/300], Loss: 1.4058 (Overall: 0.8843, Change: 1.7061), TF Ratio: 0.958
[2026-06-16 11:33:15,819][root][INFO] - Epoch [1/5], Batch [210/300], Loss: 1.4047 (Overall: 0.8950, Change: 1.4433), TF Ratio: 0.958
[2026-06-16 11:33:15,970][root][INFO] - Epoch [1/5], Batch [211/300], Loss: 1.4042 (Overall: 1.2529, Change: 1.3573), TF Ratio: 0.958
[2026-06-16 11:33:16,129][root][INFO] - Epoch [1/5], Batch [212/300], Loss: 1.4031 (Overall: 0.9466, Change: 1.4071), TF Ratio: 0.958
[2026-06-16 11:33:16,284][root][INFO] - Epoch [1/5], Batch [213/300], Loss: 1.4036 (Overall: 1.2195, Change: 1.7907), TF Ratio: 0.957
[2026-06-16 11:33:16,435][root][INFO] - Epoch [1/5], Batch [214/300], Loss: 1.4048 (Overall: 1.5341, Change: 1.7904), TF Ratio: 0.957
[2026-06-16 11:33:16,587][root][INFO] - Epoch [1/5], Batch [215/300], Loss: 1.4040 (Overall: 0.7910, Change: 1.6802), TF Ratio: 0.957
[2026-06-16 11:33:16,738][root][INFO] - Epoch [1/5], Batch [216/300], Loss: 1.4045 (Overall: 1.3387, Change: 1.6854), TF Ratio: 0.957
[2026-06-16 11:33:16,889][root][INFO] - Epoch [1/5], Batch [217/300], Loss: 1.4026 (Overall: 1.0018, Change: 0.9637), TF Ratio: 0.957
[2026-06-16 11:33:17,040][root][INFO] - Epoch [1/5], Batch [218/300], Loss: 1.4025 (Overall: 0.9585, Change: 1.8036), TF Ratio: 0.956
[2026-06-16 11:33:17,191][root][INFO] - Epoch [1/5], Batch [219/300], Loss: 1.4027 (Overall: 0.8954, Change: 2.0243), TF Ratio: 0.956
[2026-06-16 11:33:17,343][root][INFO] - Epoch [1/5], Batch [220/300], Loss: 1.4022 (Overall: 0.7436, Change: 1.8437), TF Ratio: 0.956
[2026-06-16 11:33:17,493][root][INFO] - Epoch [1/5], Batch [221/300], Loss: 1.4019 (Overall: 0.7796, Change: 1.8738), TF Ratio: 0.956
[2026-06-16 11:33:17,644][root][INFO] - Epoch [1/5], Batch [222/300], Loss: 1.4015 (Overall: 1.1702, Change: 1.4358), TF Ratio: 0.956
[2026-06-16 11:33:17,798][root][INFO] - Epoch [1/5], Batch [223/300], Loss: 1.4008 (Overall: 0.9869, Change: 1.5065), TF Ratio: 0.955
[2026-06-16 11:33:17,954][root][INFO] - Epoch [1/5], Batch [224/300], Loss: 1.3994 (Overall: 0.8813, Change: 1.3140), TF Ratio: 0.955
[2026-06-16 11:33:18,105][root][INFO] - Epoch [1/5], Batch [225/300], Loss: 1.3999 (Overall: 0.8050, Change: 2.2219), TF Ratio: 0.955
[2026-06-16 11:33:18,256][root][INFO] - Epoch [1/5], Batch [226/300], Loss: 1.4001 (Overall: 0.8646, Change: 2.0319), TF Ratio: 0.955
[2026-06-16 11:33:18,406][root][INFO] - Epoch [1/5], Batch [227/300], Loss: 1.3987 (Overall: 0.8106, Change: 1.3280), TF Ratio: 0.955
[2026-06-16 11:33:18,558][root][INFO] - Epoch [1/5], Batch [228/300], Loss: 1.3985 (Overall: 1.1576, Change: 1.5551), TF Ratio: 0.954
[2026-06-16 11:33:18,712][root][INFO] - Epoch [1/5], Batch [229/300], Loss: 1.3981 (Overall: 0.8753, Change: 1.7212), TF Ratio: 0.954
[2026-06-16 11:33:18,863][root][INFO] - Epoch [1/5], Batch [230/300], Loss: 1.3970 (Overall: 0.7743, Change: 1.5342), TF Ratio: 0.954
[2026-06-16 11:33:19,014][root][INFO] - Epoch [1/5], Batch [231/300], Loss: 1.3965 (Overall: 1.0886, Change: 1.4739), TF Ratio: 0.954
[2026-06-16 11:33:19,166][root][INFO] - Epoch [1/5], Batch [232/300], Loss: 1.3965 (Overall: 0.9465, Change: 1.8632), TF Ratio: 0.954
[2026-06-16 11:33:19,317][root][INFO] - Epoch [1/5], Batch [233/300], Loss: 1.3965 (Overall: 1.2156, Change: 1.5850), TF Ratio: 0.953
[2026-06-16 11:33:19,468][root][INFO] - Epoch [1/5], Batch [234/300], Loss: 1.3969 (Overall: 1.1197, Change: 1.8396), TF Ratio: 0.953
[2026-06-16 11:33:19,619][root][INFO] - Epoch [1/5], Batch [235/300], Loss: 1.3960 (Overall: 0.8689, Change: 1.5040), TF Ratio: 0.953
[2026-06-16 11:33:19,776][root][INFO] - Epoch [1/5], Batch [236/300], Loss: 1.3949 (Overall: 0.8872, Change: 1.3839), TF Ratio: 0.953
[2026-06-16 11:33:19,927][root][INFO] - Epoch [1/5], Batch [237/300], Loss: 1.3946 (Overall: 1.0392, Change: 1.5959), TF Ratio: 0.953
[2026-06-16 11:33:20,078][root][INFO] - Epoch [1/5], Batch [238/300], Loss: 1.3962 (Overall: 1.8555, Change: 1.6886), TF Ratio: 0.952
[2026-06-16 11:33:20,234][root][INFO] - Epoch [1/5], Batch [239/300], Loss: 1.3956 (Overall: 0.8281, Change: 1.7087), TF Ratio: 0.952
[2026-06-16 11:33:20,392][root][INFO] - Epoch [1/5], Batch [240/300], Loss: 1.3951 (Overall: 0.9031, Change: 1.6270), TF Ratio: 0.952
[2026-06-16 11:33:20,542][root][INFO] - Epoch [1/5], Batch [241/300], Loss: 1.3939 (Overall: 0.9217, Change: 1.3106), TF Ratio: 0.952
[2026-06-16 11:33:20,693][root][INFO] - Epoch [1/5], Batch [242/300], Loss: 1.3932 (Overall: 1.0384, Change: 1.3958), TF Ratio: 0.952
[2026-06-16 11:33:20,849][root][INFO] - Epoch [1/5], Batch [243/300], Loss: 1.3924 (Overall: 0.8644, Change: 1.5269), TF Ratio: 0.951
[2026-06-16 11:33:21,002][root][INFO] - Epoch [1/5], Batch [244/300], Loss: 1.3924 (Overall: 1.2625, Change: 1.5491), TF Ratio: 0.951
[2026-06-16 11:33:21,153][root][INFO] - Epoch [1/5], Batch [245/300], Loss: 1.3924 (Overall: 1.2159, Change: 1.5359), TF Ratio: 0.951
[2026-06-16 11:33:21,304][root][INFO] - Epoch [1/5], Batch [246/300], Loss: 1.3931 (Overall: 1.1779, Change: 1.9918), TF Ratio: 0.951
[2026-06-16 11:33:21,455][root][INFO] - Epoch [1/5], Batch [247/300], Loss: 1.3927 (Overall: 0.9082, Change: 1.6466), TF Ratio: 0.951
[2026-06-16 11:33:21,607][root][INFO] - Epoch [1/5], Batch [248/300], Loss: 1.3921 (Overall: 0.8350, Change: 1.6766), TF Ratio: 0.950
[2026-06-16 11:33:21,758][root][INFO] - Epoch [1/5], Batch [249/300], Loss: 1.3919 (Overall: 1.4143, Change: 1.2472), TF Ratio: 0.950
[2026-06-16 11:33:21,909][root][INFO] - Epoch [1/5], Batch [250/300], Loss: 1.3912 (Overall: 0.9605, Change: 1.4880), TF Ratio: 0.950
[2026-06-16 11:33:22,060][root][INFO] - Epoch [1/5], Batch [251/300], Loss: 1.3911 (Overall: 1.0383, Change: 1.6668), TF Ratio: 0.950
[2026-06-16 11:33:22,212][root][INFO] - Epoch [1/5], Batch [252/300], Loss: 1.3912 (Overall: 1.1283, Change: 1.7433), TF Ratio: 0.950
[2026-06-16 11:33:22,364][root][INFO] - Epoch [1/5], Batch [253/300], Loss: 1.3913 (Overall: 1.1330, Change: 1.6591), TF Ratio: 0.949
[2026-06-16 11:33:22,515][root][INFO] - Epoch [1/5], Batch [254/300], Loss: 1.3905 (Overall: 1.0088, Change: 1.4042), TF Ratio: 0.949
[2026-06-16 11:33:22,666][root][INFO] - Epoch [1/5], Batch [255/300], Loss: 1.3903 (Overall: 0.9839, Change: 1.6657), TF Ratio: 0.949
[2026-06-16 11:33:22,817][root][INFO] - Epoch [1/5], Batch [256/300], Loss: 1.3902 (Overall: 0.9249, Change: 1.8395), TF Ratio: 0.949
[2026-06-16 11:33:22,969][root][INFO] - Epoch [1/5], Batch [257/300], Loss: 1.3893 (Overall: 0.9708, Change: 1.3445), TF Ratio: 0.949
[2026-06-16 11:33:23,120][root][INFO] - Epoch [1/5], Batch [258/300], Loss: 1.3885 (Overall: 1.1779, Change: 1.1885), TF Ratio: 0.948
[2026-06-16 11:33:23,271][root][INFO] - Epoch [1/5], Batch [259/300], Loss: 1.3875 (Overall: 0.7758, Change: 1.4897), TF Ratio: 0.948
[2026-06-16 11:33:23,422][root][INFO] - Epoch [1/5], Batch [260/300], Loss: 1.3873 (Overall: 1.0018, Change: 1.6395), TF Ratio: 0.948
[2026-06-16 11:33:23,573][root][INFO] - Epoch [1/5], Batch [261/300], Loss: 1.3873 (Overall: 1.3490, Change: 1.4368), TF Ratio: 0.948
[2026-06-16 11:33:23,727][root][INFO] - Epoch [1/5], Batch [262/300], Loss: 1.3871 (Overall: 1.1991, Change: 1.4784), TF Ratio: 0.948
[2026-06-16 11:33:23,883][root][INFO] - Epoch [1/5], Batch [263/300], Loss: 1.3875 (Overall: 1.3921, Change: 1.6044), TF Ratio: 0.947
[2026-06-16 11:33:24,035][root][INFO] - Epoch [1/5], Batch [264/300], Loss: 1.3865 (Overall: 0.8273, Change: 1.4144), TF Ratio: 0.947
[2026-06-16 11:33:24,185][root][INFO] - Epoch [1/5], Batch [265/300], Loss: 1.3872 (Overall: 1.4340, Change: 1.6886), TF Ratio: 0.947
[2026-06-16 11:33:24,336][root][INFO] - Epoch [1/5], Batch [266/300], Loss: 1.3866 (Overall: 0.9831, Change: 1.4663), TF Ratio: 0.947
[2026-06-16 11:33:24,487][root][INFO] - Epoch [1/5], Batch [267/300], Loss: 1.3872 (Overall: 1.0722, Change: 2.0120), TF Ratio: 0.947
[2026-06-16 11:33:24,640][root][INFO] - Epoch [1/5], Batch [268/300], Loss: 1.3865 (Overall: 0.8828, Change: 1.5267), TF Ratio: 0.946
[2026-06-16 11:33:24,801][root][INFO] - Epoch [1/5], Batch [269/300], Loss: 1.3863 (Overall: 1.1649, Change: 1.5311), TF Ratio: 0.946
[2026-06-16 11:33:24,959][root][INFO] - Epoch [1/5], Batch [270/300], Loss: 1.3865 (Overall: 1.1986, Change: 1.6435), TF Ratio: 0.946
[2026-06-16 11:33:25,118][root][INFO] - Epoch [1/5], Batch [271/300], Loss: 1.3860 (Overall: 0.9975, Change: 1.4967), TF Ratio: 0.946
[2026-06-16 11:33:25,270][root][INFO] - Epoch [1/5], Batch [272/300], Loss: 1.3857 (Overall: 0.9017, Change: 1.7232), TF Ratio: 0.946
[2026-06-16 11:33:25,421][root][INFO] - Epoch [1/5], Batch [273/300], Loss: 1.3843 (Overall: 0.8929, Change: 1.1472), TF Ratio: 0.945
[2026-06-16 11:33:25,572][root][INFO] - Epoch [1/5], Batch [274/300], Loss: 1.3838 (Overall: 0.9183, Change: 1.5477), TF Ratio: 0.945
[2026-06-16 11:33:25,723][root][INFO] - Epoch [1/5], Batch [275/300], Loss: 1.3825 (Overall: 0.7040, Change: 1.3522), TF Ratio: 0.945
[2026-06-16 11:33:25,876][root][INFO] - Epoch [1/5], Batch [276/300], Loss: 1.3812 (Overall: 0.7421, Change: 1.3224), TF Ratio: 0.945
[2026-06-16 11:33:26,026][root][INFO] - Epoch [1/5], Batch [277/300], Loss: 1.3802 (Overall: 0.9847, Change: 1.1835), TF Ratio: 0.945
[2026-06-16 11:33:26,177][root][INFO] - Epoch [1/5], Batch [278/300], Loss: 1.3802 (Overall: 1.1054, Change: 1.6789), TF Ratio: 0.944
[2026-06-16 11:33:26,328][root][INFO] - Epoch [1/5], Batch [279/300], Loss: 1.3799 (Overall: 0.8491, Change: 1.7475), TF Ratio: 0.944
[2026-06-16 11:33:26,480][root][INFO] - Epoch [1/5], Batch [280/300], Loss: 1.3793 (Overall: 0.8832, Change: 1.5618), TF Ratio: 0.944
[2026-06-16 11:33:26,631][root][INFO] - Epoch [1/5], Batch [281/300], Loss: 1.3789 (Overall: 0.9691, Change: 1.5147), TF Ratio: 0.944
[2026-06-16 11:33:26,782][root][INFO] - Epoch [1/5], Batch [282/300], Loss: 1.3784 (Overall: 1.0445, Change: 1.4328), TF Ratio: 0.944
[2026-06-16 11:33:26,942][root][INFO] - Epoch [1/5], Batch [283/300], Loss: 1.3775 (Overall: 0.7659, Change: 1.5233), TF Ratio: 0.943
[2026-06-16 11:33:27,094][root][INFO] - Epoch [1/5], Batch [284/300], Loss: 1.3775 (Overall: 1.0892, Change: 1.6583), TF Ratio: 0.943
[2026-06-16 11:33:27,244][root][INFO] - Epoch [1/5], Batch [285/300], Loss: 1.3761 (Overall: 0.7541, Change: 1.1705), TF Ratio: 0.943
[2026-06-16 11:33:27,395][root][INFO] - Epoch [1/5], Batch [286/300], Loss: 1.3749 (Overall: 1.0203, Change: 1.0922), TF Ratio: 0.943
[2026-06-16 11:33:27,545][root][INFO] - Epoch [1/5], Batch [287/300], Loss: 1.3746 (Overall: 1.2517, Change: 1.2758), TF Ratio: 0.943
[2026-06-16 11:33:27,698][root][INFO] - Epoch [1/5], Batch [288/300], Loss: 1.3739 (Overall: 0.9146, Change: 1.4276), TF Ratio: 0.942
[2026-06-16 11:33:27,850][root][INFO] - Epoch [1/5], Batch [289/300], Loss: 1.3729 (Overall: 0.7297, Change: 1.4844), TF Ratio: 0.942
[2026-06-16 11:33:28,009][root][INFO] - Epoch [1/5], Batch [290/300], Loss: 1.3716 (Overall: 0.9487, Change: 1.0061), TF Ratio: 0.942
[2026-06-16 11:33:28,160][root][INFO] - Epoch [1/5], Batch [291/300], Loss: 1.3714 (Overall: 1.1783, Change: 1.4969), TF Ratio: 0.942
[2026-06-16 11:33:28,312][root][INFO] - Epoch [1/5], Batch [292/300], Loss: 1.3705 (Overall: 0.9067, Change: 1.2650), TF Ratio: 0.942
[2026-06-16 11:33:28,463][root][INFO] - Epoch [1/5], Batch [293/300], Loss: 1.3701 (Overall: 1.0288, Change: 1.5049), TF Ratio: 0.941
[2026-06-16 11:33:28,615][root][INFO] - Epoch [1/5], Batch [294/300], Loss: 1.3695 (Overall: 0.8351, Change: 1.5340), TF Ratio: 0.941
[2026-06-16 11:33:28,765][root][INFO] - Epoch [1/5], Batch [295/300], Loss: 1.3689 (Overall: 0.8594, Change: 1.5557), TF Ratio: 0.941
[2026-06-16 11:33:28,918][root][INFO] - Epoch [1/5], Batch [296/300], Loss: 1.3688 (Overall: 0.9547, Change: 1.7210), TF Ratio: 0.941
[2026-06-16 11:33:29,068][root][INFO] - Epoch [1/5], Batch [297/300], Loss: 1.3676 (Overall: 0.9576, Change: 1.0547), TF Ratio: 0.941
[2026-06-16 11:33:29,219][root][INFO] - Epoch [1/5], Batch [298/300], Loss: 1.3670 (Overall: 1.1177, Change: 1.2487), TF Ratio: 0.940
[2026-06-16 11:33:29,372][root][INFO] - Epoch [1/5], Batch [299/300], Loss: 1.3670 (Overall: 0.7707, Change: 1.9426), TF Ratio: 0.940
[2026-06-16 11:33:29,524][root][INFO] - Epoch [1/5], Batch [300/300], Loss: 1.3661 (Overall: 0.7472, Change: 1.4674), TF Ratio: 0.940
[2026-06-16 11:33:30,850][root][INFO] - Epoch 1 done. Validating...
[2026-06-16 11:33:34,889][root][INFO] - Epoch [1/5] | Train: 1.3661 | Val: 0.6127
[2026-06-16 11:33:35,345][root][INFO] - Checkpoint saved: /gpfs/scratch/bsc32/bsc096444/ai4land-tfm/trained_models/unet_impl/41825173/best_model.pth
[2026-06-16 11:33:35,555][root][INFO] - Checkpoint saved: /gpfs/scratch/bsc32/bsc096444/ai4land-tfm/trained_models/unet_impl/41825173/model_epoch_1.pth
[2026-06-16 11:33:38,050][root][INFO] - Epoch [2/5], Batch [1/300], Loss: 1.4847 (Overall: 1.2502, Change: 1.7192), TF Ratio: 0.940
[2026-06-16 11:33:38,202][root][INFO] - Epoch [2/5], Batch [2/300], Loss: 1.4572 (Overall: 1.0430, Change: 1.8165), TF Ratio: 0.940
[2026-06-16 11:33:38,353][root][INFO] - Epoch [2/5], Batch [3/300], Loss: 1.3683 (Overall: 0.6341, Change: 1.7465), TF Ratio: 0.939
[2026-06-16 11:33:38,505][root][INFO] - Epoch [2/5], Batch [4/300], Loss: 1.3853 (Overall: 0.9157, Change: 1.9574), TF Ratio: 0.939
[2026-06-16 11:33:38,656][root][INFO] - Epoch [2/5], Batch [5/300], Loss: 1.3852 (Overall: 1.0042, Change: 1.7653), TF Ratio: 0.939
[2026-06-16 11:33:38,807][root][INFO] - Epoch [2/5], Batch [6/300], Loss: 1.3211 (Overall: 0.9147, Change: 1.0861), TF Ratio: 0.939
[2026-06-16 11:33:38,959][root][INFO] - Epoch [2/5], Batch [7/300], Loss: 1.3237 (Overall: 0.9553, Change: 1.7233), TF Ratio: 0.939
[2026-06-16 11:33:39,116][root][INFO] - Epoch [2/5], Batch [8/300], Loss: 1.3318 (Overall: 1.0979, Change: 1.6798), TF Ratio: 0.938
[2026-06-16 11:33:39,274][root][INFO] - Epoch [2/5], Batch [9/300], Loss: 1.3263 (Overall: 1.1713, Change: 1.3931), TF Ratio: 0.938
[2026-06-16 11:33:39,425][root][INFO] - Epoch [2/5], Batch [10/300], Loss: 1.3181 (Overall: 0.9530, Change: 1.5363), TF Ratio: 0.938
[2026-06-16 11:33:39,577][root][INFO] - Epoch [2/5], Batch [11/300], Loss: 1.3076 (Overall: 1.1415, Change: 1.2630), TF Ratio: 0.938
[2026-06-16 11:33:39,729][root][INFO] - Epoch [2/5], Batch [12/300], Loss: 1.2805 (Overall: 0.9892, Change: 0.9762), TF Ratio: 0.938
[2026-06-16 11:33:39,880][root][INFO] - Epoch [2/5], Batch [13/300], Loss: 1.2843 (Overall: 1.0624, Change: 1.5978), TF Ratio: 0.937
[2026-06-16 11:33:40,032][root][INFO] - Epoch [2/5], Batch [14/300], Loss: 1.2693 (Overall: 0.8020, Change: 1.3455), TF Ratio: 0.937
[2026-06-16 11:33:40,186][root][INFO] - Epoch [2/5], Batch [15/300], Loss: 1.2785 (Overall: 1.1622, Change: 1.6512), TF Ratio: 0.937
[2026-06-16 11:33:40,341][root][INFO] - Epoch [2/5], Batch [16/300], Loss: 1.2729 (Overall: 0.9855, Change: 1.3930), TF Ratio: 0.937
[2026-06-16 11:33:40,494][root][INFO] - Epoch [2/5], Batch [17/300], Loss: 1.2681 (Overall: 0.9745, Change: 1.4086), TF Ratio: 0.937
[2026-06-16 11:33:40,645][root][INFO] - Epoch [2/5], Batch [18/300], Loss: 1.2698 (Overall: 0.7721, Change: 1.8253), TF Ratio: 0.936
[2026-06-16 11:33:40,796][root][INFO] - Epoch [2/5], Batch [19/300], Loss: 1.2758 (Overall: 1.0643, Change: 1.7040), TF Ratio: 0.936
[2026-06-16 11:33:40,948][root][INFO] - Epoch [2/5], Batch [20/300], Loss: 1.2781 (Overall: 1.0042, Change: 1.6373), TF Ratio: 0.936
[2026-06-16 11:33:41,100][root][INFO] - Epoch [2/5], Batch [21/300], Loss: 1.2859 (Overall: 1.2341, Change: 1.6511), TF Ratio: 0.936
[2026-06-16 11:33:41,251][root][INFO] - Epoch [2/5], Batch [22/300], Loss: 1.2834 (Overall: 1.2085, Change: 1.2552), TF Ratio: 0.936
[2026-06-16 11:33:41,406][root][INFO] - Epoch [2/5], Batch [23/300], Loss: 1.2751 (Overall: 0.7320, Change: 1.4520), TF Ratio: 0.935
[2026-06-16 11:33:41,570][root][INFO] - Epoch [2/5], Batch [24/300], Loss: 1.2874 (Overall: 1.5363, Change: 1.6043), TF Ratio: 0.935
[2026-06-16 11:33:41,723][root][INFO] - Epoch [2/5], Batch [25/300], Loss: 1.2850 (Overall: 0.9804, Change: 1.4742), TF Ratio: 0.935
[2026-06-16 11:33:41,882][root][INFO] - Epoch [2/5], Batch [26/300], Loss: 1.2822 (Overall: 0.9844, Change: 1.4401), TF Ratio: 0.935
[2026-06-16 11:33:42,039][root][INFO] - Epoch [2/5], Batch [27/300], Loss: 1.2841 (Overall: 1.1023, Change: 1.5621), TF Ratio: 0.935
[2026-06-16 11:33:42,190][root][INFO] - Epoch [2/5], Batch [28/300], Loss: 1.2879 (Overall: 1.1912, Change: 1.5938), TF Ratio: 0.934
[2026-06-16 11:33:42,342][root][INFO] - Epoch [2/5], Batch [29/300], Loss: 1.2827 (Overall: 0.7180, Change: 1.5521), TF Ratio: 0.934
[2026-06-16 11:33:42,494][root][INFO] - Epoch [2/5], Batch [30/300], Loss: 1.2885 (Overall: 1.1148, Change: 1.7983), TF Ratio: 0.934
[2026-06-16 11:33:42,653][root][INFO] - Epoch [2/5], Batch [31/300], Loss: 1.2871 (Overall: 0.8899, Change: 1.6029), TF Ratio: 0.934
[2026-06-16 11:33:42,806][root][INFO] - Epoch [2/5], Batch [32/300], Loss: 1.2853 (Overall: 0.8877, Change: 1.5694), TF Ratio: 0.934
[2026-06-16 11:33:42,957][root][INFO] - Epoch [2/5], Batch [33/300], Loss: 1.2765 (Overall: 0.8523, Change: 1.1373), TF Ratio: 0.933
[2026-06-16 11:33:43,108][root][INFO] - Epoch [2/5], Batch [34/300], Loss: 1.2790 (Overall: 1.2338, Change: 1.4926), TF Ratio: 0.933
[2026-06-16 11:33:43,259][root][INFO] - Epoch [2/5], Batch [35/300], Loss: 1.2826 (Overall: 1.2386, Change: 1.5722), TF Ratio: 0.933
[2026-06-16 11:33:43,411][root][INFO] - Epoch [2/5], Batch [36/300], Loss: 1.2789 (Overall: 0.8736, Change: 1.4206), TF Ratio: 0.933
[2026-06-16 11:33:43,574][root][INFO] - Epoch [2/5], Batch [37/300], Loss: 1.2673 (Overall: 0.7045, Change: 0.9950), TF Ratio: 0.933
[2026-06-16 11:33:43,726][root][INFO] - Epoch [2/5], Batch [38/300], Loss: 1.2634 (Overall: 0.8416, Change: 1.3969), TF Ratio: 0.932
[2026-06-16 11:33:43,885][root][INFO] - Epoch [2/5], Batch [39/300], Loss: 1.2610 (Overall: 0.9111, Change: 1.4320), TF Ratio: 0.932
[2026-06-16 11:33:44,038][root][INFO] - Epoch [2/5], Batch [40/300], Loss: 1.2556 (Overall: 0.7499, Change: 1.3370), TF Ratio: 0.932
[2026-06-16 11:33:44,189][root][INFO] - Epoch [2/5], Batch [41/300], Loss: 1.2477 (Overall: 0.8110, Change: 1.0527), TF Ratio: 0.932
[2026-06-16 11:33:44,341][root][INFO] - Epoch [2/5], Batch [42/300], Loss: 1.2444 (Overall: 0.8369, Change: 1.3823), TF Ratio: 0.932
[2026-06-16 11:33:44,498][root][INFO] - Epoch [2/5], Batch [43/300], Loss: 1.2378 (Overall: 0.7183, Change: 1.2004), TF Ratio: 0.931
[2026-06-16 11:33:44,651][root][INFO] - Epoch [2/5], Batch [44/300], Loss: 1.2409 (Overall: 1.0187, Change: 1.7318), TF Ratio: 0.931
[2026-06-16 11:33:44,812][root][INFO] - Epoch [2/5], Batch [45/300], Loss: 1.2430 (Overall: 0.8222, Change: 1.8502), TF Ratio: 0.931
[2026-06-16 11:33:44,971][root][INFO] - Epoch [2/5], Batch [46/300], Loss: 1.2500 (Overall: 0.8324, Change: 2.2964), TF Ratio: 0.931
[2026-06-16 11:33:45,127][root][INFO] - Epoch [2/5], Batch [47/300], Loss: 1.2532 (Overall: 0.8540, Change: 1.9495), TF Ratio: 0.931
[2026-06-16 11:33:45,279][root][INFO] - Epoch [2/5], Batch [48/300], Loss: 1.2509 (Overall: 0.9303, Change: 1.3565), TF Ratio: 0.930
[2026-06-16 11:33:45,430][root][INFO] - Epoch [2/5], Batch [49/300], Loss: 1.2499 (Overall: 0.8193, Change: 1.5766), TF Ratio: 0.930
[2026-06-16 11:33:45,581][root][INFO] - Epoch [2/5], Batch [50/300], Loss: 1.2496 (Overall: 1.0346, Change: 1.4368), TF Ratio: 0.930
[2026-06-16 11:33:45,732][root][INFO] - Epoch [2/5], Batch [51/300], Loss: 1.2501 (Overall: 1.1372, Change: 1.4132), TF Ratio: 0.930
[2026-06-16 11:33:45,894][root][INFO] - Epoch [2/5], Batch [52/300], Loss: 1.2524 (Overall: 1.0509, Change: 1.6944), TF Ratio: 0.930
[2026-06-16 11:33:46,045][root][INFO] - Epoch [2/5], Batch [53/300], Loss: 1.2532 (Overall: 1.1836, Change: 1.4012), TF Ratio: 0.929
[2026-06-16 11:33:46,196][root][INFO] - Epoch [2/5], Batch [54/300], Loss: 1.2526 (Overall: 0.8509, Change: 1.5967), TF Ratio: 0.929
[2026-06-16 11:33:46,348][root][INFO] - Epoch [2/5], Batch [55/300], Loss: 1.2544 (Overall: 1.0267, Change: 1.6756), TF Ratio: 0.929
[2026-06-16 11:33:46,500][root][INFO] - Epoch [2/5], Batch [56/300], Loss: 1.2526 (Overall: 0.7338, Change: 1.5642), TF Ratio: 0.929
[2026-06-16 11:33:46,661][root][INFO] - Epoch [2/5], Batch [57/300], Loss: 1.2494 (Overall: 0.7558, Change: 1.3857), TF Ratio: 0.929
[2026-06-16 11:33:46,813][root][INFO] - Epoch [2/5], Batch [58/300], Loss: 1.2451 (Overall: 0.8542, Change: 1.1535), TF Ratio: 0.928
[2026-06-16 11:33:46,965][root][INFO] - Epoch [2/5], Batch [59/300], Loss: 1.2429 (Overall: 0.8507, Change: 1.3710), TF Ratio: 0.928
[2026-06-16 11:33:47,120][root][INFO] - Epoch [2/5], Batch [60/300], Loss: 1.2415 (Overall: 0.9940, Change: 1.3234), TF Ratio: 0.928
[2026-06-16 11:33:47,271][root][INFO] - Epoch [2/5], Batch [61/300], Loss: 1.2347 (Overall: 0.6381, Change: 1.0218), TF Ratio: 0.928
[2026-06-16 11:33:47,423][root][INFO] - Epoch [2/5], Batch [62/300], Loss: 1.2310 (Overall: 0.8167, Change: 1.1962), TF Ratio: 0.928
[2026-06-16 11:33:47,574][root][INFO] - Epoch [2/5], Batch [63/300], Loss: 1.2288 (Overall: 0.9325, Change: 1.2450), TF Ratio: 0.927
[2026-06-16 11:33:47,730][root][INFO] - Epoch [2/5], Batch [64/300], Loss: 1.2309 (Overall: 1.0338, Change: 1.6941), TF Ratio: 0.927
[2026-06-16 11:33:47,881][root][INFO] - Epoch [2/5], Batch [65/300], Loss: 1.2306 (Overall: 0.9293, Change: 1.4896), TF Ratio: 0.927
[2026-06-16 11:33:48,032][root][INFO] - Epoch [2/5], Batch [66/300], Loss: 1.2296 (Overall: 0.7644, Change: 1.5679), TF Ratio: 0.927
[2026-06-16 11:33:48,192][root][INFO] - Epoch [2/5], Batch [67/300], Loss: 1.2263 (Overall: 0.7976, Change: 1.2191), TF Ratio: 0.927
[2026-06-16 11:33:48,344][root][INFO] - Epoch [2/5], Batch [68/300], Loss: 1.2260 (Overall: 1.1386, Change: 1.2799), TF Ratio: 0.926
[2026-06-16 11:33:48,495][root][INFO] - Epoch [2/5], Batch [69/300], Loss: 1.2187 (Overall: 0.7767, Change: 0.6618), TF Ratio: 0.926
[2026-06-16 11:33:48,654][root][INFO] - Epoch [2/5], Batch [70/300], Loss: 1.2242 (Overall: 1.3520, Change: 1.8653), TF Ratio: 0.926
[2026-06-16 11:33:48,805][root][INFO] - Epoch [2/5], Batch [71/300], Loss: 1.2274 (Overall: 1.4246, Change: 1.4667), TF Ratio: 0.926
[2026-06-16 11:33:48,958][root][INFO] - Epoch [2/5], Batch [72/300], Loss: 1.2230 (Overall: 0.6633, Change: 1.1589), TF Ratio: 0.926
[2026-06-16 11:33:49,126][root][INFO] - Epoch [2/5], Batch [73/300], Loss: 1.2193 (Overall: 0.8603, Change: 1.0517), TF Ratio: 0.925
[2026-06-16 11:33:49,288][root][INFO] - Epoch [2/5], Batch [74/300], Loss: 1.2199 (Overall: 1.1805, Change: 1.3457), TF Ratio: 0.925
[2026-06-16 11:33:49,439][root][INFO] - Epoch [2/5], Batch [75/300], Loss: 1.2151 (Overall: 0.9372, Change: 0.7867), TF Ratio: 0.925
[2026-06-16 11:33:49,591][root][INFO] - Epoch [2/5], Batch [76/300], Loss: 1.2154 (Overall: 0.8548, Change: 1.6163), TF Ratio: 0.925
[2026-06-16 11:33:49,741][root][INFO] - Epoch [2/5], Batch [77/300], Loss: 1.2176 (Overall: 0.9253, Change: 1.8371), TF Ratio: 0.925
[2026-06-16 11:33:49,901][root][INFO] - Epoch [2/5], Batch [78/300], Loss: 1.2148 (Overall: 0.7964, Change: 1.2034), TF Ratio: 0.924
[2026-06-16 11:33:50,052][root][INFO] - Epoch [2/5], Batch [79/300], Loss: 1.2156 (Overall: 0.7837, Change: 1.7755), TF Ratio: 0.924
[2026-06-16 11:33:50,204][root][INFO] - Epoch [2/5], Batch [80/300], Loss: 1.2125 (Overall: 0.8833, Change: 1.0497), TF Ratio: 0.924
[2026-06-16 11:33:50,356][root][INFO] - Epoch [2/5], Batch [81/300], Loss: 1.2119 (Overall: 0.7685, Change: 1.5563), TF Ratio: 0.924
[2026-06-16 11:33:50,507][root][INFO] - Epoch [2/5], Batch [82/300], Loss: 1.2106 (Overall: 1.1275, Change: 1.0861), TF Ratio: 0.924
[2026-06-16 11:33:50,659][root][INFO] - Epoch [2/5], Batch [83/300], Loss: 1.2069 (Overall: 0.7610, Change: 1.0424), TF Ratio: 0.923
[2026-06-16 11:33:50,810][root][INFO] - Epoch [2/5], Batch [84/300], Loss: 1.2060 (Overall: 0.8608, Change: 1.4088), TF Ratio: 0.923
[2026-06-16 11:33:50,961][root][INFO] - Epoch [2/5], Batch [85/300], Loss: 1.2032 (Overall: 0.8263, Change: 1.1077), TF Ratio: 0.923
[2026-06-16 11:33:51,114][root][INFO] - Epoch [2/5], Batch [86/300], Loss: 1.2052 (Overall: 0.7834, Change: 1.9740), TF Ratio: 0.923
[2026-06-16 11:33:51,266][root][INFO] - Epoch [2/5], Batch [87/300], Loss: 1.2067 (Overall: 0.9903, Change: 1.6793), TF Ratio: 0.923
[2026-06-16 11:33:51,421][root][INFO] - Epoch [2/5], Batch [88/300], Loss: 1.2093 (Overall: 1.1562, Change: 1.7064), TF Ratio: 0.922
[2026-06-16 11:33:51,572][root][INFO] - Epoch [2/5], Batch [89/300], Loss: 1.2098 (Overall: 0.8545, Change: 1.6673), TF Ratio: 0.922
[2026-06-16 11:33:51,723][root][INFO] - Epoch [2/5], Batch [90/300], Loss: 1.2108 (Overall: 0.6881, Change: 1.9100), TF Ratio: 0.922
[2026-06-16 11:33:51,874][root][INFO] - Epoch [2/5], Batch [91/300], Loss: 1.2114 (Overall: 0.9484, Change: 1.5672), TF Ratio: 0.922
[2026-06-16 11:33:52,026][root][INFO] - Epoch [2/5], Batch [92/300], Loss: 1.2108 (Overall: 0.9768, Change: 1.3490), TF Ratio: 0.922
[2026-06-16 11:33:52,176][root][INFO] - Epoch [2/5], Batch [93/300], Loss: 1.2057 (Overall: 0.7251, Change: 0.7455), TF Ratio: 0.921
[2026-06-16 11:33:52,327][root][INFO] - Epoch [2/5], Batch [94/300], Loss: 1.2060 (Overall: 0.7786, Change: 1.6782), TF Ratio: 0.921
[2026-06-16 11:33:52,479][root][INFO] - Epoch [2/5], Batch [95/300], Loss: 1.2052 (Overall: 0.9844, Change: 1.2824), TF Ratio: 0.921
[2026-06-16 11:33:52,631][root][INFO] - Epoch [2/5], Batch [96/300], Loss: 1.2053 (Overall: 0.9469, Change: 1.4770), TF Ratio: 0.921
[2026-06-16 11:33:52,781][root][INFO] - Epoch [2/5], Batch [97/300], Loss: 1.2048 (Overall: 0.8270, Change: 1.4915), TF Ratio: 0.921
[2026-06-16 11:33:52,933][root][INFO] - Epoch [2/5], Batch [98/300], Loss: 1.2050 (Overall: 0.8272, Change: 1.6176), TF Ratio: 0.920
[2026-06-16 11:33:53,091][root][INFO] - Epoch [2/5], Batch [99/300], Loss: 1.2077 (Overall: 1.3013, Change: 1.6480), TF Ratio: 0.920
[2026-06-16 11:33:53,248][root][INFO] - Epoch [2/5], Batch [100/300], Loss: 1.2138 (Overall: 1.6043, Change: 2.0245), TF Ratio: 0.920
[2026-06-16 11:33:53,406][root][INFO] - Epoch [2/5], Batch [101/300], Loss: 1.2144 (Overall: 0.9571, Change: 1.5944), TF Ratio: 0.920
[2026-06-16 11:33:53,557][root][INFO] - Epoch [2/5], Batch [102/300], Loss: 1.2135 (Overall: 0.8330, Change: 1.4172), TF Ratio: 0.920
[2026-06-16 11:33:53,708][root][INFO] - Epoch [2/5], Batch [103/300], Loss: 1.2143 (Overall: 0.7168, Change: 1.8703), TF Ratio: 0.919
[2026-06-16 11:33:53,865][root][INFO] - Epoch [2/5], Batch [104/300], Loss: 1.2130 (Overall: 0.7555, Change: 1.4116), TF Ratio: 0.919
[2026-06-16 11:33:54,016][root][INFO] - Epoch [2/5], Batch [105/300], Loss: 1.2118 (Overall: 0.7724, Change: 1.3951), TF Ratio: 0.919
[2026-06-16 11:33:54,167][root][INFO] - Epoch [2/5], Batch [106/300], Loss: 1.2107 (Overall: 0.8343, Change: 1.3691), TF Ratio: 0.919
[2026-06-16 11:33:54,325][root][INFO] - Epoch [2/5], Batch [107/300], Loss: 1.2072 (Overall: 0.7136, Change: 0.9592), TF Ratio: 0.919
[2026-06-16 11:33:54,478][root][INFO] - Epoch [2/5], Batch [108/300], Loss: 1.2074 (Overall: 1.0054, Change: 1.4359), TF Ratio: 0.918
[2026-06-16 11:33:54,629][root][INFO] - Epoch [2/5], Batch [109/300], Loss: 1.2075 (Overall: 0.8484, Change: 1.6035), TF Ratio: 0.918
[2026-06-16 11:33:54,780][root][INFO] - Epoch [2/5], Batch [110/300], Loss: 1.2041 (Overall: 0.7421, Change: 0.9209), TF Ratio: 0.918
[2026-06-16 11:33:54,945][root][INFO] - Epoch [2/5], Batch [111/300], Loss: 1.2046 (Overall: 0.6747, Change: 1.8395), TF Ratio: 0.918
[2026-06-16 11:33:55,097][root][INFO] - Epoch [2/5], Batch [112/300], Loss: 1.2057 (Overall: 0.9108, Change: 1.7346), TF Ratio: 0.918
[2026-06-16 11:33:55,247][root][INFO] - Epoch [2/5], Batch [113/300], Loss: 1.2074 (Overall: 1.1358, Change: 1.6679), TF Ratio: 0.917
[2026-06-16 11:33:55,398][root][INFO] - Epoch [2/5], Batch [114/300], Loss: 1.2106 (Overall: 1.9342, Change: 1.2099), TF Ratio: 0.917
[2026-06-16 11:33:55,549][root][INFO] - Epoch [2/5], Batch [115/300], Loss: 1.2087 (Overall: 0.7102, Change: 1.2782), TF Ratio: 0.917
[2026-06-16 11:33:55,704][root][INFO] - Epoch [2/5], Batch [116/300], Loss: 1.2088 (Overall: 1.0423, Change: 1.3895), TF Ratio: 0.917
[2026-06-16 11:33:55,855][root][INFO] - Epoch [2/5], Batch [117/300], Loss: 1.2073 (Overall: 0.8308, Change: 1.2397), TF Ratio: 0.917
[2026-06-16 11:33:56,006][root][INFO] - Epoch [2/5], Batch [118/300], Loss: 1.2058 (Overall: 0.6644, Change: 1.3922), TF Ratio: 0.916
[2026-06-16 11:33:56,158][root][INFO] - Epoch [2/5], Batch [119/300], Loss: 1.2065 (Overall: 0.7794, Change: 1.8025), TF Ratio: 0.916
[2026-06-16 11:33:56,310][root][INFO] - Epoch [2/5], Batch [120/300], Loss: 1.2048 (Overall: 0.7140, Change: 1.3013), TF Ratio: 0.916
[2026-06-16 11:33:56,461][root][INFO] - Epoch [2/5], Batch [121/300], Loss: 1.2040 (Overall: 0.6434, Change: 1.5542), TF Ratio: 0.916
[2026-06-16 11:33:56,612][root][INFO] - Epoch [2/5], Batch [122/300], Loss: 1.2043 (Overall: 0.8085, Change: 1.6854), TF Ratio: 0.916
[2026-06-16 11:33:56,763][root][INFO] - Epoch [2/5], Batch [123/300], Loss: 1.2030 (Overall: 0.7408, Change: 1.3526), TF Ratio: 0.915
[2026-06-16 11:33:56,915][root][INFO] - Epoch [2/5], Batch [124/300], Loss: 1.2032 (Overall: 1.0351, Change: 1.4088), TF Ratio: 0.915
[2026-06-16 11:33:57,066][root][INFO] - Epoch [2/5], Batch [125/300], Loss: 1.2032 (Overall: 0.9730, Change: 1.4388), TF Ratio: 0.915
[2026-06-16 11:33:57,217][root][INFO] - Epoch [2/5], Batch [126/300], Loss: 1.2043 (Overall: 0.9030, Change: 1.7728), TF Ratio: 0.915
[2026-06-16 11:33:57,371][root][INFO] - Epoch [2/5], Batch [127/300], Loss: 1.2043 (Overall: 0.8320, Change: 1.5866), TF Ratio: 0.915
[2026-06-16 11:33:57,523][root][INFO] - Epoch [2/5], Batch [128/300], Loss: 1.2053 (Overall: 1.2925, Change: 1.3759), TF Ratio: 0.914
[2026-06-16 11:33:57,674][root][INFO] - Epoch [2/5], Batch [129/300], Loss: 1.2056 (Overall: 0.8215, Change: 1.6494), TF Ratio: 0.914
[2026-06-16 11:33:57,825][root][INFO] - Epoch [2/5], Batch [130/300], Loss: 1.2038 (Overall: 0.8996, Change: 1.0444), TF Ratio: 0.914
[2026-06-16 11:33:57,976][root][INFO] - Epoch [2/5], Batch [131/300], Loss: 1.2029 (Overall: 0.6662, Change: 1.5242), TF Ratio: 0.914
[2026-06-16 11:33:58,129][root][INFO] - Epoch [2/5], Batch [132/300], Loss: 1.2034 (Overall: 0.9188, Change: 1.6228), TF Ratio: 0.914
[2026-06-16 11:33:58,283][root][INFO] - Epoch [2/5], Batch [133/300], Loss: 1.2031 (Overall: 1.0614, Change: 1.2555), TF Ratio: 0.913
[2026-06-16 11:33:58,438][root][INFO] - Epoch [2/5], Batch [134/300], Loss: 1.2034 (Overall: 0.8092, Change: 1.6678), TF Ratio: 0.913
[2026-06-16 11:33:58,588][root][INFO] - Epoch [2/5], Batch [135/300], Loss: 1.2029 (Overall: 0.9858, Change: 1.2922), TF Ratio: 0.913
[2026-06-16 11:33:58,740][root][INFO] - Epoch [2/5], Batch [136/300], Loss: 1.2032 (Overall: 0.9364, Change: 1.5481), TF Ratio: 0.913
[2026-06-16 11:33:58,897][root][INFO] - Epoch [2/5], Batch [137/300], Loss: 1.2034 (Overall: 0.8732, Change: 1.5875), TF Ratio: 0.913
[2026-06-16 11:33:59,048][root][INFO] - Epoch [2/5], Batch [138/300], Loss: 1.2032 (Overall: 0.7409, Change: 1.6061), TF Ratio: 0.912
[2026-06-16 11:33:59,207][root][INFO] - Epoch [2/5], Batch [139/300], Loss: 1.2038 (Overall: 0.8244, Change: 1.7482), TF Ratio: 0.912
[2026-06-16 11:33:59,358][root][INFO] - Epoch [2/5], Batch [140/300], Loss: 1.2037 (Overall: 0.9089, Change: 1.4702), TF Ratio: 0.912
[2026-06-16 11:33:59,509][root][INFO] - Epoch [2/5], Batch [141/300], Loss: 1.2014 (Overall: 0.6986, Change: 1.0833), TF Ratio: 0.912
[2026-06-16 11:33:59,661][root][INFO] - Epoch [2/5], Batch [142/300], Loss: 1.2009 (Overall: 0.7857, Change: 1.4550), TF Ratio: 0.912
[2026-06-16 11:33:59,812][root][INFO] - Epoch [2/5], Batch [143/300], Loss: 1.1999 (Overall: 0.7688, Change: 1.3483), TF Ratio: 0.911
[2026-06-16 11:33:59,964][root][INFO] - Epoch [2/5], Batch [144/300], Loss: 1.1993 (Overall: 0.7512, Change: 1.4792), TF Ratio: 0.911
[2026-06-16 11:34:00,119][root][INFO] - Epoch [2/5], Batch [145/300], Loss: 1.1996 (Overall: 0.8046, Change: 1.6920), TF Ratio: 0.911
[2026-06-16 11:34:00,269][root][INFO] - Epoch [2/5], Batch [146/300], Loss: 1.2010 (Overall: 1.1765, Change: 1.6189), TF Ratio: 0.911
[2026-06-16 11:34:00,420][root][INFO] - Epoch [2/5], Batch [147/300], Loss: 1.2008 (Overall: 1.1481, Change: 1.1952), TF Ratio: 0.911
[2026-06-16 11:34:00,573][root][INFO] - Epoch [2/5], Batch [148/300], Loss: 1.2016 (Overall: 0.7807, Change: 1.8673), TF Ratio: 0.910
[2026-06-16 11:34:00,723][root][INFO] - Epoch [2/5], Batch [149/300], Loss: 1.2013 (Overall: 0.9346, Change: 1.3853), TF Ratio: 0.910
[2026-06-16 11:34:00,874][root][INFO] - Epoch [2/5], Batch [150/300], Loss: 1.1998 (Overall: 0.6683, Change: 1.2593), TF Ratio: 0.910
[2026-06-16 11:34:01,025][root][INFO] - Epoch [2/5], Batch [151/300], Loss: 1.1991 (Overall: 0.6658, Change: 1.5429), TF Ratio: 0.910
[2026-06-16 11:34:01,181][root][INFO] - Epoch [2/5], Batch [152/300], Loss: 1.1994 (Overall: 0.8120, Change: 1.6759), TF Ratio: 0.910
[2026-06-16 11:34:01,332][root][INFO] - Epoch [2/5], Batch [153/300], Loss: 1.1996 (Overall: 0.9997, Change: 1.4578), TF Ratio: 0.909
[2026-06-16 11:34:01,483][root][INFO] - Epoch [2/5], Batch [154/300], Loss: 1.1999 (Overall: 0.7470, Change: 1.7314), TF Ratio: 0.909
[2026-06-16 11:34:01,640][root][INFO] - Epoch [2/5], Batch [155/300], Loss: 1.2027 (Overall: 1.1365, Change: 2.1505), TF Ratio: 0.909
[2026-06-16 11:34:01,792][root][INFO] - Epoch [2/5], Batch [156/300], Loss: 1.2027 (Overall: 0.7827, Change: 1.6230), TF Ratio: 0.909
[2026-06-16 11:34:01,942][root][INFO] - Epoch [2/5], Batch [157/300], Loss: 1.2023 (Overall: 0.8884, Change: 1.3683), TF Ratio: 0.909
[2026-06-16 11:34:02,094][root][INFO] - Epoch [2/5], Batch [158/300], Loss: 1.2027 (Overall: 0.8943, Change: 1.6413), TF Ratio: 0.908
[2026-06-16 11:34:02,244][root][INFO] - Epoch [2/5], Batch [159/300], Loss: 1.2021 (Overall: 0.7956, Change: 1.4195), TF Ratio: 0.908
[2026-06-16 11:34:02,396][root][INFO] - Epoch [2/5], Batch [160/300], Loss: 1.2018 (Overall: 0.7353, Change: 1.5803), TF Ratio: 0.908
[2026-06-16 11:34:02,547][root][INFO] - Epoch [2/5], Batch [161/300], Loss: 1.2037 (Overall: 1.0820, Change: 1.9191), TF Ratio: 0.908
[2026-06-16 11:34:02,697][root][INFO] - Epoch [2/5], Batch [162/300], Loss: 1.2061 (Overall: 1.2282, Change: 1.9780), TF Ratio: 0.908
[2026-06-16 11:34:02,848][root][INFO] - Epoch [2/5], Batch [163/300], Loss: 1.2058 (Overall: 0.7440, Change: 1.5760), TF Ratio: 0.907
[2026-06-16 11:34:03,000][root][INFO] - Epoch [2/5], Batch [164/300], Loss: 1.2058 (Overall: 0.9159, Change: 1.4796), TF Ratio: 0.907
[2026-06-16 11:34:03,150][root][INFO] - Epoch [2/5], Batch [165/300], Loss: 1.2062 (Overall: 1.2544, Change: 1.2972), TF Ratio: 0.907
[2026-06-16 11:34:03,301][root][INFO] - Epoch [2/5], Batch [166/300], Loss: 1.2058 (Overall: 0.8043, Change: 1.4708), TF Ratio: 0.907
[2026-06-16 11:34:03,452][root][INFO] - Epoch [2/5], Batch [167/300], Loss: 1.2050 (Overall: 0.7177, Change: 1.4416), TF Ratio: 0.907
[2026-06-16 11:34:03,605][root][INFO] - Epoch [2/5], Batch [168/300], Loss: 1.2045 (Overall: 0.8562, Change: 1.3723), TF Ratio: 0.906
[2026-06-16 11:34:03,764][root][INFO] - Epoch [2/5], Batch [169/300], Loss: 1.2052 (Overall: 1.0029, Change: 1.6400), TF Ratio: 0.906
[2026-06-16 11:34:03,915][root][INFO] - Epoch [2/5], Batch [170/300], Loss: 1.2052 (Overall: 0.8963, Change: 1.5221), TF Ratio: 0.906
[2026-06-16 11:34:04,066][root][INFO] - Epoch [2/5], Batch [171/300], Loss: 1.2053 (Overall: 0.8810, Change: 1.5499), TF Ratio: 0.906
[2026-06-16 11:34:04,229][root][INFO] - Epoch [2/5], Batch [172/300], Loss: 1.2038 (Overall: 0.7343, Change: 1.1617), TF Ratio: 0.906
[2026-06-16 11:34:04,380][root][INFO] - Epoch [2/5], Batch [173/300], Loss: 1.2028 (Overall: 0.9769, Change: 1.0910), TF Ratio: 0.905
[2026-06-16 11:34:04,531][root][INFO] - Epoch [2/5], Batch [174/300], Loss: 1.2034 (Overall: 0.8484, Change: 1.7581), TF Ratio: 0.905
[2026-06-16 11:34:04,683][root][INFO] - Epoch [2/5], Batch [175/300], Loss: 1.2034 (Overall: 0.9387, Change: 1.4873), TF Ratio: 0.905
[2026-06-16 11:34:04,838][root][INFO] - Epoch [2/5], Batch [176/300], Loss: 1.2038 (Overall: 0.9736, Change: 1.5568), TF Ratio: 0.905
[2026-06-16 11:34:04,990][root][INFO] - Epoch [2/5], Batch [177/300], Loss: 1.2042 (Overall: 0.9870, Change: 1.5859), TF Ratio: 0.905
[2026-06-16 11:34:05,141][root][INFO] - Epoch [2/5], Batch [178/300], Loss: 1.2031 (Overall: 0.7618, Change: 1.2386), TF Ratio: 0.904
[2026-06-16 11:34:05,292][root][INFO] - Epoch [2/5], Batch [179/300], Loss: 1.2034 (Overall: 0.7871, Change: 1.7336), TF Ratio: 0.904
[2026-06-16 11:34:05,444][root][INFO] - Epoch [2/5], Batch [180/300], Loss: 1.2043 (Overall: 1.0189, Change: 1.7218), TF Ratio: 0.904
[2026-06-16 11:34:05,595][root][INFO] - Epoch [2/5], Batch [181/300], Loss: 1.2035 (Overall: 0.7498, Change: 1.3550), TF Ratio: 0.904
[2026-06-16 11:34:05,746][root][INFO] - Epoch [2/5], Batch [182/300], Loss: 1.2034 (Overall: 0.7925, Change: 1.5569), TF Ratio: 0.904
[2026-06-16 11:34:05,906][root][INFO] - Epoch [2/5], Batch [183/300], Loss: 1.2036 (Overall: 0.9871, Change: 1.5271), TF Ratio: 0.903
[2026-06-16 11:34:06,058][root][INFO] - Epoch [2/5], Batch [184/300], Loss: 1.2028 (Overall: 0.6587, Change: 1.4339), TF Ratio: 0.903
[2026-06-16 11:34:06,208][root][INFO] - Epoch [2/5], Batch [185/300], Loss: 1.2044 (Overall: 1.2900, Change: 1.6987), TF Ratio: 0.903
[2026-06-16 11:34:06,360][root][INFO] - Epoch [2/5], Batch [186/300], Loss: 1.2042 (Overall: 0.8799, Change: 1.4544), TF Ratio: 0.903
[2026-06-16 11:34:06,511][root][INFO] - Epoch [2/5], Batch [187/300], Loss: 1.2038 (Overall: 0.6335, Change: 1.6373), TF Ratio: 0.903
[2026-06-16 11:34:06,669][root][INFO] - Epoch [2/5], Batch [188/300], Loss: 1.2040 (Overall: 0.8062, Change: 1.6637), TF Ratio: 0.902
[2026-06-16 11:34:06,820][root][INFO] - Epoch [2/5], Batch [189/300], Loss: 1.2039 (Overall: 0.9384, Change: 1.4493), TF Ratio: 0.902
[2026-06-16 11:34:06,978][root][INFO] - Epoch [2/5], Batch [190/300], Loss: 1.2037 (Overall: 1.0695, Change: 1.2714), TF Ratio: 0.902
[2026-06-16 11:34:07,130][root][INFO] - Epoch [2/5], Batch [191/300], Loss: 1.2044 (Overall: 0.8806, Change: 1.7636), TF Ratio: 0.902
[2026-06-16 11:34:07,282][root][INFO] - Epoch [2/5], Batch [192/300], Loss: 1.2041 (Overall: 0.8011, Change: 1.4973), TF Ratio: 0.902
[2026-06-16 11:34:07,433][root][INFO] - Epoch [2/5], Batch [193/300], Loss: 1.2074 (Overall: 2.2516, Change: 1.4560), TF Ratio: 0.901
[2026-06-16 11:34:07,587][root][INFO] - Epoch [2/5], Batch [194/300], Loss: 1.2076 (Overall: 0.9998, Change: 1.4632), TF Ratio: 0.901
[2026-06-16 11:34:07,742][root][INFO] - Epoch [2/5], Batch [195/300], Loss: 1.2074 (Overall: 0.8683, Change: 1.4923), TF Ratio: 0.901
[2026-06-16 11:34:07,894][root][INFO] - Epoch [2/5], Batch [196/300], Loss: 1.2078 (Overall: 1.0240, Change: 1.5347), TF Ratio: 0.901
[2026-06-16 11:34:08,045][root][INFO] - Epoch [2/5], Batch [197/300], Loss: 1.2067 (Overall: 0.7959, Change: 1.2017), TF Ratio: 0.901
[2026-06-16 11:34:08,205][root][INFO] - Epoch [2/5], Batch [198/300], Loss: 1.2053 (Overall: 0.7441, Change: 1.1126), TF Ratio: 0.900
[2026-06-16 11:34:08,362][root][INFO] - Epoch [2/5], Batch [199/300], Loss: 1.2058 (Overall: 0.9847, Change: 1.6310), TF Ratio: 0.900
[2026-06-16 11:34:08,513][root][INFO] - Epoch [2/5], Batch [200/300], Loss: 1.2047 (Overall: 0.8808, Change: 1.0606), TF Ratio: 0.900
[2026-06-16 11:34:08,664][root][INFO] - Epoch [2/5], Batch [201/300], Loss: 1.2034 (Overall: 0.5808, Change: 1.3258), TF Ratio: 0.900
[2026-06-16 11:34:08,817][root][INFO] - Epoch [2/5], Batch [202/300], Loss: 1.2031 (Overall: 0.8079, Change: 1.4823), TF Ratio: 0.900
[2026-06-16 11:34:08,977][root][INFO] - Epoch [2/5], Batch [203/300], Loss: 1.2049 (Overall: 1.2546, Change: 1.8727), TF Ratio: 0.899
[2026-06-16 11:34:09,137][root][INFO] - Epoch [2/5], Batch [204/300], Loss: 1.2040 (Overall: 0.9110, Change: 1.1289), TF Ratio: 0.899
[2026-06-16 11:34:09,287][root][INFO] - Epoch [2/5], Batch [205/300], Loss: 1.2042 (Overall: 0.8881, Change: 1.5877), TF Ratio: 0.899
[2026-06-16 11:34:09,438][root][INFO] - Epoch [2/5], Batch [206/300], Loss: 1.2045 (Overall: 1.1009, Change: 1.4505), TF Ratio: 0.899
[2026-06-16 11:34:09,592][root][INFO] - Epoch [2/5], Batch [207/300], Loss: 1.2041 (Overall: 0.9603, Change: 1.2951), TF Ratio: 0.899
[2026-06-16 11:34:09,744][root][INFO] - Epoch [2/5], Batch [208/300], Loss: 1.2048 (Overall: 0.8515, Change: 1.8298), TF Ratio: 0.898
[2026-06-16 11:34:09,897][root][INFO] - Epoch [2/5], Batch [209/300], Loss: 1.2045 (Overall: 0.9818, Change: 1.3175), TF Ratio: 0.898
[2026-06-16 11:34:10,048][root][INFO] - Epoch [2/5], Batch [210/300], Loss: 1.2049 (Overall: 1.0038, Change: 1.5656), TF Ratio: 0.898
[2026-06-16 11:34:10,207][root][INFO] - Epoch [2/5], Batch [211/300], Loss: 1.2061 (Overall: 0.9229, Change: 2.0062), TF Ratio: 0.898
[2026-06-16 11:34:10,359][root][INFO] - Epoch [2/5], Batch [212/300], Loss: 1.2070 (Overall: 1.3190, Change: 1.4748), TF Ratio: 0.898
[2026-06-16 11:34:10,509][root][INFO] - Epoch [2/5], Batch [213/300], Loss: 1.2058 (Overall: 0.8528, Change: 1.0414), TF Ratio: 0.897
[2026-06-16 11:34:10,663][root][INFO] - Epoch [2/5], Batch [214/300], Loss: 1.2057 (Overall: 0.9076, Change: 1.4524), TF Ratio: 0.897
[2026-06-16 11:34:10,822][root][INFO] - Epoch [2/5], Batch [215/300], Loss: 1.2048 (Overall: 1.0857, Change: 0.9221), TF Ratio: 0.897
[2026-06-16 11:34:10,979][root][INFO] - Epoch [2/5], Batch [216/300], Loss: 1.2043 (Overall: 0.9191, Change: 1.2773), TF Ratio: 0.897
[2026-06-16 11:34:11,130][root][INFO] - Epoch [2/5], Batch [217/300], Loss: 1.2050 (Overall: 1.3338, Change: 1.3923), TF Ratio: 0.897
[2026-06-16 11:34:11,281][root][INFO] - Epoch [2/5], Batch [218/300], Loss: 1.2048 (Overall: 0.8683, Change: 1.4738), TF Ratio: 0.896
[2026-06-16 11:34:11,432][root][INFO] - Epoch [2/5], Batch [219/300], Loss: 1.2048 (Overall: 0.7308, Change: 1.6487), TF Ratio: 0.896
[2026-06-16 11:34:11,585][root][INFO] - Epoch [2/5], Batch [220/300], Loss: 1.2045 (Overall: 0.9277, Change: 1.3784), TF Ratio: 0.896
[2026-06-16 11:34:11,735][root][INFO] - Epoch [2/5], Batch [221/300], Loss: 1.2040 (Overall: 0.6629, Change: 1.4941), TF Ratio: 0.896
[2026-06-16 11:34:11,886][root][INFO] - Epoch [2/5], Batch [222/300], Loss: 1.2051 (Overall: 1.2095, Change: 1.7214), TF Ratio: 0.896
[2026-06-16 11:34:12,037][root][INFO] - Epoch [2/5], Batch [223/300], Loss: 1.2053 (Overall: 0.9777, Change: 1.4989), TF Ratio: 0.895
[2026-06-16 11:34:12,190][root][INFO] - Epoch [2/5], Batch [224/300], Loss: 1.2052 (Overall: 0.7891, Change: 1.5963), TF Ratio: 0.895
[2026-06-16 11:34:12,341][root][INFO] - Epoch [2/5], Batch [225/300], Loss: 1.2055 (Overall: 1.3230, Change: 1.2262), TF Ratio: 0.895
[2026-06-16 11:34:12,491][root][INFO] - Epoch [2/5], Batch [226/300], Loss: 1.2058 (Overall: 1.0487, Change: 1.4933), TF Ratio: 0.895
[2026-06-16 11:34:12,658][root][INFO] - Epoch [2/5], Batch [227/300], Loss: 1.2067 (Overall: 0.9630, Change: 1.8475), TF Ratio: 0.895
[2026-06-16 11:34:12,810][root][INFO] - Epoch [2/5], Batch [228/300], Loss: 1.2073 (Overall: 0.8932, Change: 1.7769), TF Ratio: 0.894
[2026-06-16 11:34:12,961][root][INFO] - Epoch [2/5], Batch [229/300], Loss: 1.2074 (Overall: 0.8896, Change: 1.5977), TF Ratio: 0.894
[2026-06-16 11:34:13,112][root][INFO] - Epoch [2/5], Batch [230/300], Loss: 1.2079 (Overall: 1.1450, Change: 1.4790), TF Ratio: 0.894
[2026-06-16 11:34:13,263][root][INFO] - Epoch [2/5], Batch [231/300], Loss: 1.2090 (Overall: 1.2138, Change: 1.6985), TF Ratio: 0.894
[2026-06-16 11:34:13,415][root][INFO] - Epoch [2/5], Batch [232/300], Loss: 1.2082 (Overall: 0.5893, Change: 1.4772), TF Ratio: 0.894
[2026-06-16 11:34:13,566][root][INFO] - Epoch [2/5], Batch [233/300], Loss: 1.2084 (Overall: 0.8466, Change: 1.6469), TF Ratio: 0.893
[2026-06-16 11:34:13,717][root][INFO] - Epoch [2/5], Batch [234/300], Loss: 1.2092 (Overall: 1.1327, Change: 1.6685), TF Ratio: 0.893
[2026-06-16 11:34:13,875][root][INFO] - Epoch [2/5], Batch [235/300], Loss: 1.2089 (Overall: 0.8462, Change: 1.4449), TF Ratio: 0.893
[2026-06-16 11:34:14,027][root][INFO] - Epoch [2/5], Batch [236/300], Loss: 1.2087 (Overall: 0.7430, Change: 1.5882), TF Ratio: 0.893
[2026-06-16 11:34:14,178][root][INFO] - Epoch [2/5], Batch [237/300], Loss: 1.2087 (Overall: 0.9575, Change: 1.4210), TF Ratio: 0.893
[2026-06-16 11:34:14,330][root][INFO] - Epoch [2/5], Batch [238/300], Loss: 1.2085 (Overall: 1.0037, Change: 1.3382), TF Ratio: 0.892
[2026-06-16 11:34:14,481][root][INFO] - Epoch [2/5], Batch [239/300], Loss: 1.2096 (Overall: 1.1659, Change: 1.7967), TF Ratio: 0.892
[2026-06-16 11:34:14,633][root][INFO] - Epoch [2/5], Batch [240/300], Loss: 1.2086 (Overall: 0.5865, Change: 1.3443), TF Ratio: 0.892
[2026-06-16 11:34:14,789][root][INFO] - Epoch [2/5], Batch [241/300], Loss: 1.2085 (Overall: 0.9584, Change: 1.3855), TF Ratio: 0.892
[2026-06-16 11:34:14,940][root][INFO] - Epoch [2/5], Batch [242/300], Loss: 1.2084 (Overall: 0.6582, Change: 1.7335), TF Ratio: 0.892
[2026-06-16 11:34:15,091][root][INFO] - Epoch [2/5], Batch [243/300], Loss: 1.2086 (Overall: 0.9405, Change: 1.5898), TF Ratio: 0.891
[2026-06-16 11:34:15,243][root][INFO] - Epoch [2/5], Batch [244/300], Loss: 1.2091 (Overall: 1.3312, Change: 1.3143), TF Ratio: 0.891
[2026-06-16 11:34:15,396][root][INFO] - Epoch [2/5], Batch [245/300], Loss: 1.2091 (Overall: 0.9472, Change: 1.4697), TF Ratio: 0.891
[2026-06-16 11:34:15,547][root][INFO] - Epoch [2/5], Batch [246/300], Loss: 1.2095 (Overall: 1.0684, Change: 1.5511), TF Ratio: 0.891
[2026-06-16 11:34:15,698][root][INFO] - Epoch [2/5], Batch [247/300], Loss: 1.2120 (Overall: 1.5559, Change: 2.0973), TF Ratio: 0.891
[2026-06-16 11:34:15,850][root][INFO] - Epoch [2/5], Batch [248/300], Loss: 1.2120 (Overall: 0.9424, Change: 1.4876), TF Ratio: 0.890
[2026-06-16 11:34:16,000][root][INFO] - Epoch [2/5], Batch [249/300], Loss: 1.2124 (Overall: 1.0531, Change: 1.5449), TF Ratio: 0.890
[2026-06-16 11:34:16,154][root][INFO] - Epoch [2/5], Batch [250/300], Loss: 1.2127 (Overall: 0.9341, Change: 1.6250), TF Ratio: 0.890
[2026-06-16 11:34:16,305][root][INFO] - Epoch [2/5], Batch [251/300], Loss: 1.2120 (Overall: 0.7365, Change: 1.3559), TF Ratio: 0.890
[2026-06-16 11:34:16,457][root][INFO] - Epoch [2/5], Batch [252/300], Loss: 1.2123 (Overall: 1.1874, Change: 1.3729), TF Ratio: 0.890
[2026-06-16 11:34:16,607][root][INFO] - Epoch [2/5], Batch [253/300], Loss: 1.2123 (Overall: 0.8711, Change: 1.5725), TF Ratio: 0.889
[2026-06-16 11:34:16,758][root][INFO] - Epoch [2/5], Batch [254/300], Loss: 1.2123 (Overall: 0.7953, Change: 1.6404), TF Ratio: 0.889
[2026-06-16 11:34:16,909][root][INFO] - Epoch [2/5], Batch [255/300], Loss: 1.2117 (Overall: 0.7667, Change: 1.3390), TF Ratio: 0.889
[2026-06-16 11:34:17,061][root][INFO] - Epoch [2/5], Batch [256/300], Loss: 1.2115 (Overall: 0.7272, Change: 1.6059), TF Ratio: 0.889
[2026-06-16 11:34:17,213][root][INFO] - Epoch [2/5], Batch [257/300], Loss: 1.2110 (Overall: 0.9346, Change: 1.2352), TF Ratio: 0.889
[2026-06-16 11:34:17,364][root][INFO] - Epoch [2/5], Batch [258/300], Loss: 1.2119 (Overall: 1.4642, Change: 1.4188), TF Ratio: 0.888
[2026-06-16 11:34:17,515][root][INFO] - Epoch [2/5], Batch [259/300], Loss: 1.2112 (Overall: 0.7014, Change: 1.3550), TF Ratio: 0.888
[2026-06-16 11:34:17,667][root][INFO] - Epoch [2/5], Batch [260/300], Loss: 1.2122 (Overall: 1.2658, Change: 1.6835), TF Ratio: 0.888
[2026-06-16 11:34:17,817][root][INFO] - Epoch [2/5], Batch [261/300], Loss: 1.2124 (Overall: 1.0936, Change: 1.4400), TF Ratio: 0.888
[2026-06-16 11:34:17,979][root][INFO] - Epoch [2/5], Batch [262/300], Loss: 1.2148 (Overall: 1.9484, Change: 1.7053), TF Ratio: 0.888
[2026-06-16 11:34:18,130][root][INFO] - Epoch [2/5], Batch [263/300], Loss: 1.2148 (Overall: 0.7878, Change: 1.6594), TF Ratio: 0.887
[2026-06-16 11:34:18,292][root][INFO] - Epoch [2/5], Batch [264/300], Loss: 1.2147 (Overall: 0.8709, Change: 1.4893), TF Ratio: 0.887
[2026-06-16 11:34:18,443][root][INFO] - Epoch [2/5], Batch [265/300], Loss: 1.2146 (Overall: 0.8211, Change: 1.5625), TF Ratio: 0.887
[2026-06-16 11:34:18,594][root][INFO] - Epoch [2/5], Batch [266/300], Loss: 1.2148 (Overall: 0.8836, Change: 1.6497), TF Ratio: 0.887
[2026-06-16 11:34:18,746][root][INFO] - Epoch [2/5], Batch [267/300], Loss: 1.2147 (Overall: 0.7230, Change: 1.6566), TF Ratio: 0.887
[2026-06-16 11:34:18,897][root][INFO] - Epoch [2/5], Batch [268/300], Loss: 1.2151 (Overall: 1.0835, Change: 1.5903), TF Ratio: 0.886
[2026-06-16 11:34:19,053][root][INFO] - Epoch [2/5], Batch [269/300], Loss: 1.2151 (Overall: 0.8137, Change: 1.5705), TF Ratio: 0.886
[2026-06-16 11:34:19,203][root][INFO] - Epoch [2/5], Batch [270/300], Loss: 1.2155 (Overall: 1.1317, Change: 1.5279), TF Ratio: 0.886
[2026-06-16 11:34:19,355][root][INFO] - Epoch [2/5], Batch [271/300], Loss: 1.2151 (Overall: 0.8899, Change: 1.3331), TF Ratio: 0.886
[2026-06-16 11:34:19,507][root][INFO] - Epoch [2/5], Batch [272/300], Loss: 1.2147 (Overall: 0.7420, Change: 1.4435), TF Ratio: 0.886
[2026-06-16 11:34:19,657][root][INFO] - Epoch [2/5], Batch [273/300], Loss: 1.2151 (Overall: 0.5983, Change: 2.0652), TF Ratio: 0.885
[2026-06-16 11:34:19,809][root][INFO] - Epoch [2/5], Batch [274/300], Loss: 1.2145 (Overall: 0.6414, Change: 1.4901), TF Ratio: 0.885
[2026-06-16 11:34:19,964][root][INFO] - Epoch [2/5], Batch [275/300], Loss: 1.2149 (Overall: 1.0148, Change: 1.5929), TF Ratio: 0.885
[2026-06-16 11:34:20,117][root][INFO] - Epoch [2/5], Batch [276/300], Loss: 1.2143 (Overall: 0.7145, Change: 1.4263), TF Ratio: 0.885
[2026-06-16 11:34:20,271][root][INFO] - Epoch [2/5], Batch [277/300], Loss: 1.2143 (Overall: 0.8304, Change: 1.5642), TF Ratio: 0.885
[2026-06-16 11:34:20,431][root][INFO] - Epoch [2/5], Batch [278/300], Loss: 1.2134 (Overall: 0.5875, Change: 1.3356), TF Ratio: 0.884
[2026-06-16 11:34:20,590][root][INFO] - Epoch [2/5], Batch [279/300], Loss: 1.2133 (Overall: 0.5818, Change: 1.8319), TF Ratio: 0.884
[2026-06-16 11:34:20,743][root][INFO] - Epoch [2/5], Batch [280/300], Loss: 1.2126 (Overall: 0.6344, Change: 1.3668), TF Ratio: 0.884
[2026-06-16 11:34:20,894][root][INFO] - Epoch [2/5], Batch [281/300], Loss: 1.2123 (Overall: 0.6777, Change: 1.5966), TF Ratio: 0.884
[2026-06-16 11:34:21,044][root][INFO] - Epoch [2/5], Batch [282/300], Loss: 1.2115 (Overall: 0.7457, Change: 1.2151), TF Ratio: 0.884
[2026-06-16 11:34:21,195][root][INFO] - Epoch [2/5], Batch [283/300], Loss: 1.2110 (Overall: 0.7927, Change: 1.3238), TF Ratio: 0.883
[2026-06-16 11:34:21,353][root][INFO] - Epoch [2/5], Batch [284/300], Loss: 1.2108 (Overall: 0.8114, Change: 1.5088), TF Ratio: 0.883
[2026-06-16 11:34:21,503][root][INFO] - Epoch [2/5], Batch [285/300], Loss: 1.2110 (Overall: 1.0557, Change: 1.4954), TF Ratio: 0.883
[2026-06-16 11:34:21,661][root][INFO] - Epoch [2/5], Batch [286/300], Loss: 1.2125 (Overall: 1.4767, Change: 1.8280), TF Ratio: 0.883
[2026-06-16 11:34:21,822][root][INFO] - Epoch [2/5], Batch [287/300], Loss: 1.2120 (Overall: 0.9459, Change: 1.1923), TF Ratio: 0.883
[2026-06-16 11:34:21,974][root][INFO] - Epoch [2/5], Batch [288/300], Loss: 1.2122 (Overall: 1.1660, Change: 1.3489), TF Ratio: 0.882
[2026-06-16 11:34:22,126][root][INFO] - Epoch [2/5], Batch [289/300], Loss: 1.2116 (Overall: 0.6611, Change: 1.4168), TF Ratio: 0.882
[2026-06-16 11:34:22,279][root][INFO] - Epoch [2/5], Batch [290/300], Loss: 1.2121 (Overall: 0.9283, Change: 1.7954), TF Ratio: 0.882
[2026-06-16 11:34:22,443][root][INFO] - Epoch [2/5], Batch [291/300], Loss: 1.2125 (Overall: 1.1307, Change: 1.4911), TF Ratio: 0.882
[2026-06-16 11:34:22,603][root][INFO] - Epoch [2/5], Batch [292/300], Loss: 1.2128 (Overall: 1.1598, Change: 1.4670), TF Ratio: 0.882
[2026-06-16 11:34:22,758][root][INFO] - Epoch [2/5], Batch [293/300], Loss: 1.2116 (Overall: 0.6810, Change: 1.0278), TF Ratio: 0.881
[2026-06-16 11:34:22,909][root][INFO] - Epoch [2/5], Batch [294/300], Loss: 1.2105 (Overall: 0.6415, Change: 1.1311), TF Ratio: 0.881
[2026-06-16 11:34:23,061][root][INFO] - Epoch [2/5], Batch [295/300], Loss: 1.2115 (Overall: 1.3079, Change: 1.7020), TF Ratio: 0.881
[2026-06-16 11:34:23,212][root][INFO] - Epoch [2/5], Batch [296/300], Loss: 1.2111 (Overall: 0.7764, Change: 1.4439), TF Ratio: 0.881
[2026-06-16 11:34:23,363][root][INFO] - Epoch [2/5], Batch [297/300], Loss: 1.2111 (Overall: 0.8817, Change: 1.5125), TF Ratio: 0.881
[2026-06-16 11:34:23,514][root][INFO] - Epoch [2/5], Batch [298/300], Loss: 1.2103 (Overall: 0.7957, Change: 1.1420), TF Ratio: 0.880
[2026-06-16 11:34:23,666][root][INFO] - Epoch [2/5], Batch [299/300], Loss: 1.2084 (Overall: 0.5023, Change: 0.7982), TF Ratio: 0.880
[2026-06-16 11:34:23,819][root][INFO] - Epoch [2/5], Batch [300/300], Loss: 1.2081 (Overall: 0.8075, Change: 1.4361), TF Ratio: 0.880
[2026-06-16 11:34:24,868][root][INFO] - Epoch 2 done. Validating...
[2026-06-16 11:34:28,377][root][INFO] - Epoch [2/5] | Train: 1.2081 | Val: 0.6676
[2026-06-16 11:34:28,579][root][INFO] - Checkpoint saved: /gpfs/scratch/bsc32/bsc096444/ai4land-tfm/trained_models/unet_impl/41825173/model_epoch_2.pth
[2026-06-16 11:34:30,863][root][INFO] - Epoch [3/5], Batch [1/300], Loss: 1.2598 (Overall: 0.8774, Change: 1.6423), TF Ratio: 0.880
[2026-06-16 11:34:31,021][root][INFO] - Epoch [3/5], Batch [2/300], Loss: 1.1530 (Overall: 0.8767, Change: 1.2155), TF Ratio: 0.880
[2026-06-16 11:34:31,172][root][INFO] - Epoch [3/5], Batch [3/300], Loss: 1.1488 (Overall: 0.8289, Change: 1.4520), TF Ratio: 0.879
[2026-06-16 11:34:31,325][root][INFO] - Epoch [3/5], Batch [4/300], Loss: 1.2015 (Overall: 1.0704, Change: 1.6490), TF Ratio: 0.879
[2026-06-16 11:34:31,475][root][INFO] - Epoch [3/5], Batch [5/300], Loss: 1.1923 (Overall: 0.6995, Change: 1.6115), TF Ratio: 0.879
[2026-06-16 11:34:31,627][root][INFO] - Epoch [3/5], Batch [6/300], Loss: 1.2129 (Overall: 0.9374, Change: 1.6946), TF Ratio: 0.879
[2026-06-16 11:34:31,781][root][INFO] - Epoch [3/5], Batch [7/300], Loss: 1.1925 (Overall: 0.6992, Change: 1.4403), TF Ratio: 0.879
[2026-06-16 11:34:31,942][root][INFO] - Epoch [3/5], Batch [8/300], Loss: 1.2097 (Overall: 0.6615, Change: 1.9982), TF Ratio: 0.878
[2026-06-16 11:34:32,101][root][INFO] - Epoch [3/5], Batch [9/300], Loss: 1.2033 (Overall: 0.9983, Change: 1.3069), TF Ratio: 0.878
[2026-06-16 11:34:32,263][root][INFO] - Epoch [3/5], Batch [10/300], Loss: 1.2200 (Overall: 1.0473, Change: 1.6927), TF Ratio: 0.878
[2026-06-16 11:34:32,415][root][INFO] - Epoch [3/5], Batch [11/300], Loss: 1.2187 (Overall: 0.7666, Change: 1.6443), TF Ratio: 0.878
[2026-06-16 11:34:32,568][root][INFO] - Epoch [3/5], Batch [12/300], Loss: 1.2197 (Overall: 1.0807, Change: 1.3826), TF Ratio: 0.878
[2026-06-16 11:34:32,720][root][INFO] - Epoch [3/5], Batch [13/300], Loss: 1.2110 (Overall: 0.8941, Change: 1.3186), TF Ratio: 0.877
[2026-06-16 11:34:32,871][root][INFO] - Epoch [3/5], Batch [14/300], Loss: 1.2097 (Overall: 1.2694, Change: 1.1171), TF Ratio: 0.877
[2026-06-16 11:34:33,048][root][INFO] - Epoch [3/5], Batch [15/300], Loss: 1.2153 (Overall: 1.0015, Change: 1.5853), TF Ratio: 0.877
[2026-06-16 11:34:33,201][root][INFO] - Epoch [3/5], Batch [16/300], Loss: 1.2011 (Overall: 0.8708, Change: 1.1059), TF Ratio: 0.877
[2026-06-16 11:34:33,352][root][INFO] - Epoch [3/5], Batch [17/300], Loss: 1.1971 (Overall: 0.7631, Change: 1.5009), TF Ratio: 0.877
[2026-06-16 11:34:33,504][root][INFO] - Epoch [3/5], Batch [18/300], Loss: 1.1897 (Overall: 0.8143, Change: 1.3153), TF Ratio: 0.876
[2026-06-16 11:34:33,655][root][INFO] - Epoch [3/5], Batch [19/300], Loss: 1.1917 (Overall: 0.9489, Change: 1.5041), TF Ratio: 0.876
[2026-06-16 11:34:33,807][root][INFO] - Epoch [3/5], Batch [20/300], Loss: 1.1707 (Overall: 0.6409, Change: 0.9023), TF Ratio: 0.876
[2026-06-16 11:34:33,957][root][INFO] - Epoch [3/5], Batch [21/300], Loss: 1.1556 (Overall: 0.6856, Change: 1.0245), TF Ratio: 0.876
[2026-06-16 11:34:34,115][root][INFO] - Epoch [3/5], Batch [22/300], Loss: 1.1805 (Overall: 0.7226, Change: 2.6812), TF Ratio: 0.876
[2026-06-16 11:34:34,272][root][INFO] - Epoch [3/5], Batch [23/300], Loss: 1.1741 (Overall: 0.7171, Change: 1.3525), TF Ratio: 0.875
[2026-06-16 11:34:34,427][root][INFO] - Epoch [3/5], Batch [24/300], Loss: 1.1727 (Overall: 1.0272, Change: 1.2550), TF Ratio: 0.875
[2026-06-16 11:34:34,581][root][INFO] - Epoch [3/5], Batch [25/300], Loss: 1.1679 (Overall: 0.9735, Change: 1.1288), TF Ratio: 0.875
[2026-06-16 11:34:34,733][root][INFO] - Epoch [3/5], Batch [26/300], Loss: 1.1736 (Overall: 0.9114, Change: 1.7235), TF Ratio: 0.875
[2026-06-16 11:34:34,884][root][INFO] - Epoch [3/5], Batch [27/300], Loss: 1.1722 (Overall: 1.0578, Change: 1.2135), TF Ratio: 0.875
[2026-06-16 11:34:35,036][root][INFO] - Epoch [3/5], Batch [28/300], Loss: 1.1762 (Overall: 1.0718, Change: 1.4977), TF Ratio: 0.874
[2026-06-16 11:34:35,191][root][INFO] - Epoch [3/5], Batch [29/300], Loss: 1.1739 (Overall: 0.7545, Change: 1.4590), TF Ratio: 0.874
[2026-06-16 11:34:35,344][root][INFO] - Epoch [3/5], Batch [30/300], Loss: 1.1699 (Overall: 0.8781, Change: 1.2340), TF Ratio: 0.874
[2026-06-16 11:34:35,503][root][INFO] - Epoch [3/5], Batch [31/300], Loss: 1.1713 (Overall: 1.0611, Change: 1.3629), TF Ratio: 0.874
[2026-06-16 11:34:35,671][root][INFO] - Epoch [3/5], Batch [32/300], Loss: 1.1754 (Overall: 0.9210, Change: 1.6847), TF Ratio: 0.874
[2026-06-16 11:34:35,822][root][INFO] - Epoch [3/5], Batch [33/300], Loss: 1.1631 (Overall: 0.5916, Change: 0.9499), TF Ratio: 0.873
[2026-06-16 11:34:35,973][root][INFO] - Epoch [3/5], Batch [34/300], Loss: 1.1600 (Overall: 0.8402, Change: 1.2704), TF Ratio: 0.873
[2026-06-16 11:34:36,124][root][INFO] - Epoch [3/5], Batch [35/300], Loss: 1.1608 (Overall: 0.9736, Change: 1.4037), TF Ratio: 0.873
[2026-06-16 11:34:36,281][root][INFO] - Epoch [3/5], Batch [36/300], Loss: 1.1573 (Overall: 0.7427, Change: 1.3265), TF Ratio: 0.873
[2026-06-16 11:34:36,431][root][INFO] - Epoch [3/5], Batch [37/300], Loss: 1.1600 (Overall: 0.9539, Change: 1.5598), TF Ratio: 0.873
[2026-06-16 11:34:36,583][root][INFO] - Epoch [3/5], Batch [38/300], Loss: 1.1616 (Overall: 0.7369, Change: 1.7045), TF Ratio: 0.872
[2026-06-16 11:34:36,734][root][INFO] - Epoch [3/5], Batch [39/300], Loss: 1.1640 (Overall: 0.9776, Change: 1.5352), TF Ratio: 0.872
[2026-06-16 11:34:36,886][root][INFO] - Epoch [3/5], Batch [40/300], Loss: 1.1671 (Overall: 0.9283, Change: 1.6451), TF Ratio: 0.872
[2026-06-16 11:34:37,038][root][INFO] - Epoch [3/5], Batch [41/300], Loss: 1.1698 (Overall: 1.0877, Change: 1.4735), TF Ratio: 0.872
[2026-06-16 11:34:37,195][root][INFO] - Epoch [3/5], Batch [42/300], Loss: 1.1738 (Overall: 1.0050, Change: 1.6658), TF Ratio: 0.872
[2026-06-16 11:34:37,346][root][INFO] - Epoch [3/5], Batch [43/300], Loss: 1.1821 (Overall: 1.3659, Change: 1.6951), TF Ratio: 0.871
[2026-06-16 11:34:37,498][root][INFO] - Epoch [3/5], Batch [44/300], Loss: 1.1860 (Overall: 1.1713, Change: 1.5343), TF Ratio: 0.871
[2026-06-16 11:34:37,649][root][INFO] - Epoch [3/5], Batch [45/300], Loss: 1.1869 (Overall: 0.9988, Change: 1.4587), TF Ratio: 0.871
[2026-06-16 11:34:37,800][root][INFO] - Epoch [3/5], Batch [46/300], Loss: 1.1844 (Overall: 0.8269, Change: 1.3150), TF Ratio: 0.871
[2026-06-16 11:34:37,951][root][INFO] - Epoch [3/5], Batch [47/300], Loss: 1.1834 (Overall: 0.7432, Change: 1.5367), TF Ratio: 0.871
[2026-06-16 11:34:38,103][root][INFO] - Epoch [3/5], Batch [48/300], Loss: 1.1819 (Overall: 0.7260, Change: 1.4967), TF Ratio: 0.870
[2026-06-16 11:34:38,254][root][INFO] - Epoch [3/5], Batch [49/300], Loss: 1.1806 (Overall: 0.7545, Change: 1.4816), TF Ratio: 0.870
[2026-06-16 11:34:38,406][root][INFO] - Epoch [3/5], Batch [50/300], Loss: 1.1816 (Overall: 0.9601, Change: 1.4968), TF Ratio: 0.870
[2026-06-16 11:34:38,565][root][INFO] - Epoch [3/5], Batch [51/300], Loss: 1.1777 (Overall: 0.6397, Change: 1.3280), TF Ratio: 0.870
[2026-06-16 11:34:38,717][root][INFO] - Epoch [3/5], Batch [52/300], Loss: 1.1795 (Overall: 1.2241, Change: 1.3150), TF Ratio: 0.870
[2026-06-16 11:34:38,879][root][INFO] - Epoch [3/5], Batch [53/300], Loss: 1.1803 (Overall: 0.7782, Change: 1.6708), TF Ratio: 0.869
[2026-06-16 11:34:39,030][root][INFO] - Epoch [3/5], Batch [54/300], Loss: 1.1857 (Overall: 1.5919, Change: 1.3532), TF Ratio: 0.869
[2026-06-16 11:34:39,185][root][INFO] - Epoch [3/5], Batch [55/300], Loss: 1.1871 (Overall: 0.8727, Change: 1.6520), TF Ratio: 0.869
[2026-06-16 11:34:39,338][root][INFO] - Epoch [3/5], Batch [56/300], Loss: 1.1831 (Overall: 0.7342, Change: 1.1870), TF Ratio: 0.869
[2026-06-16 11:34:39,491][root][INFO] - Epoch [3/5], Batch [57/300], Loss: 1.1901 (Overall: 1.0136, Change: 2.1523), TF Ratio: 0.869
[2026-06-16 11:34:39,642][root][INFO] - Epoch [3/5], Batch [58/300], Loss: 1.1915 (Overall: 1.0802, Change: 1.4623), TF Ratio: 0.868
[2026-06-16 11:34:39,794][root][INFO] - Epoch [3/5], Batch [59/300], Loss: 1.1887 (Overall: 0.9405, Change: 1.1169), TF Ratio: 0.868
[2026-06-16 11:34:39,946][root][INFO] - Epoch [3/5], Batch [60/300], Loss: 1.1881 (Overall: 0.8198, Change: 1.4755), TF Ratio: 0.868
[2026-06-16 11:34:40,106][root][INFO] - Epoch [3/5], Batch [61/300], Loss: 1.1864 (Overall: 0.7489, Change: 1.4205), TF Ratio: 0.868
[2026-06-16 11:34:40,257][root][INFO] - Epoch [3/5], Batch [62/300], Loss: 1.1871 (Overall: 0.9464, Change: 1.5132), TF Ratio: 0.868
[2026-06-16 11:34:40,408][root][INFO] - Epoch [3/5], Batch [63/300], Loss: 1.1852 (Overall: 0.8037, Change: 1.3317), TF Ratio: 0.867
[2026-06-16 11:34:40,560][root][INFO] - Epoch [3/5], Batch [64/300], Loss: 1.1842 (Overall: 0.8532, Change: 1.3907), TF Ratio: 0.867
[2026-06-16 11:34:40,711][root][INFO] - Epoch [3/5], Batch [65/300], Loss: 1.1822 (Overall: 0.8879, Change: 1.2248), TF Ratio: 0.867
[2026-06-16 11:34:40,868][root][INFO] - Epoch [3/5], Batch [66/300], Loss: 1.1801 (Overall: 0.6185, Change: 1.4624), TF Ratio: 0.867
[2026-06-16 11:34:41,020][root][INFO] - Epoch [3/5], Batch [67/300], Loss: 1.1796 (Overall: 0.9598, Change: 1.3433), TF Ratio: 0.867
[2026-06-16 11:34:41,171][root][INFO] - Epoch [3/5], Batch [68/300], Loss: 1.1808 (Overall: 0.8968, Change: 1.6221), TF Ratio: 0.866
[2026-06-16 11:34:41,325][root][INFO] - Epoch [3/5], Batch [69/300], Loss: 1.1771 (Overall: 0.5984, Change: 1.2535), TF Ratio: 0.866
[2026-06-16 11:34:41,476][root][INFO] - Epoch [3/5], Batch [70/300], Loss: 1.1755 (Overall: 0.6397, Change: 1.4871), TF Ratio: 0.866
[2026-06-16 11:34:41,627][root][INFO] - Epoch [3/5], Batch [71/300], Loss: 1.1739 (Overall: 0.8113, Change: 1.3072), TF Ratio: 0.866
[2026-06-16 11:34:41,779][root][INFO] - Epoch [3/5], Batch [72/300], Loss: 1.1737 (Overall: 0.8861, Change: 1.4334), TF Ratio: 0.866
[2026-06-16 11:34:41,929][root][INFO] - Epoch [3/5], Batch [73/300], Loss: 1.1708 (Overall: 0.7448, Change: 1.1918), TF Ratio: 0.865
[2026-06-16 11:34:42,080][root][INFO] - Epoch [3/5], Batch [74/300], Loss: 1.1747 (Overall: 1.4017, Change: 1.5027), TF Ratio: 0.865
[2026-06-16 11:34:42,231][root][INFO] - Epoch [3/5], Batch [75/300], Loss: 1.1743 (Overall: 0.8188, Change: 1.4843), TF Ratio: 0.865
[2026-06-16 11:34:42,383][root][INFO] - Epoch [3/5], Batch [76/300], Loss: 1.1737 (Overall: 0.9760, Change: 1.2740), TF Ratio: 0.865
[2026-06-16 11:34:42,534][root][INFO] - Epoch [3/5], Batch [77/300], Loss: 1.1694 (Overall: 0.5114, Change: 1.1765), TF Ratio: 0.865
[2026-06-16 11:34:42,684][root][INFO] - Epoch [3/5], Batch [78/300], Loss: 1.1707 (Overall: 0.8822, Change: 1.6555), TF Ratio: 0.864
[2026-06-16 11:34:42,836][root][INFO] - Epoch [3/5], Batch [79/300], Loss: 1.1668 (Overall: 1.0834, Change: 0.6426), TF Ratio: 0.864
[2026-06-16 11:34:42,988][root][INFO] - Epoch [3/5], Batch [80/300], Loss: 1.1670 (Overall: 0.6874, Change: 1.6747), TF Ratio: 0.864
[2026-06-16 11:34:43,138][root][INFO] - Epoch [3/5], Batch [81/300], Loss: 1.1653 (Overall: 0.8755, Change: 1.1876), TF Ratio: 0.864
[2026-06-16 11:34:43,293][root][INFO] - Epoch [3/5], Batch [82/300], Loss: 1.1644 (Overall: 0.8740, Change: 1.3023), TF Ratio: 0.864
[2026-06-16 11:34:43,444][root][INFO] - Epoch [3/5], Batch [83/300], Loss: 1.1606 (Overall: 0.7138, Change: 0.9984), TF Ratio: 0.863
[2026-06-16 11:34:43,596][root][INFO] - Epoch [3/5], Batch [84/300], Loss: 1.1595 (Overall: 0.8283, Change: 1.3068), TF Ratio: 0.863
[2026-06-16 11:34:43,748][root][INFO] - Epoch [3/5], Batch [85/300], Loss: 1.1627 (Overall: 1.0975, Change: 1.7636), TF Ratio: 0.863
[2026-06-16 11:34:43,899][root][INFO] - Epoch [3/5], Batch [86/300], Loss: 1.1670 (Overall: 1.2954, Change: 1.7740), TF Ratio: 0.863
[2026-06-16 11:34:44,050][root][INFO] - Epoch [3/5], Batch [87/300], Loss: 1.1672 (Overall: 0.8734, Change: 1.4885), TF Ratio: 0.863
[2026-06-16 11:34:44,203][root][INFO] - Epoch [3/5], Batch [88/300], Loss: 1.1672 (Overall: 0.8325, Change: 1.4953), TF Ratio: 0.862
[2026-06-16 11:34:44,354][root][INFO] - Epoch [3/5], Batch [89/300], Loss: 1.1665 (Overall: 0.7164, Change: 1.4986), TF Ratio: 0.862
[2026-06-16 11:34:44,507][root][INFO] - Epoch [3/5], Batch [90/300], Loss: 1.1643 (Overall: 0.4956, Change: 1.4403), TF Ratio: 0.862
[2026-06-16 11:34:44,658][root][INFO] - Epoch [3/5], Batch [91/300], Loss: 1.1644 (Overall: 0.7972, Change: 1.5480), TF Ratio: 0.862
[2026-06-16 11:34:44,810][root][INFO] - Epoch [3/5], Batch [92/300], Loss: 1.1607 (Overall: 0.5407, Change: 1.1023), TF Ratio: 0.862
[2026-06-16 11:34:44,961][root][INFO] - Epoch [3/5], Batch [93/300], Loss: 1.1586 (Overall: 0.8139, Change: 1.1165), TF Ratio: 0.861
[2026-06-16 11:34:45,113][root][INFO] - Epoch [3/5], Batch [94/300], Loss: 1.1581 (Overall: 0.6203, Change: 1.6126), TF Ratio: 0.861
[2026-06-16 11:34:45,267][root][INFO] - Epoch [3/5], Batch [95/300], Loss: 1.1580 (Overall: 0.9122, Change: 1.3744), TF Ratio: 0.861
[2026-06-16 11:34:45,418][root][INFO] - Epoch [3/5], Batch [96/300], Loss: 1.1561 (Overall: 0.7851, Change: 1.1742), TF Ratio: 0.861
[2026-06-16 11:34:45,570][root][INFO] - Epoch [3/5], Batch [97/300], Loss: 1.1544 (Overall: 0.7093, Change: 1.2744), TF Ratio: 0.861
[2026-06-16 11:34:45,726][root][INFO] - Epoch [3/5], Batch [98/300], Loss: 1.1548 (Overall: 0.7546, Change: 1.6409), TF Ratio: 0.860
[2026-06-16 11:34:45,876][root][INFO] - Epoch [3/5], Batch [99/300], Loss: 1.1538 (Overall: 0.9180, Change: 1.1887), TF Ratio: 0.860
[2026-06-16 11:34:46,028][root][INFO] - Epoch [3/5], Batch [100/300], Loss: 1.1550 (Overall: 1.0125, Change: 1.5331), TF Ratio: 0.860
[2026-06-16 11:34:46,179][root][INFO] - Epoch [3/5], Batch [101/300], Loss: 1.1543 (Overall: 0.8344, Change: 1.3286), TF Ratio: 0.860
[2026-06-16 11:34:46,335][root][INFO] - Epoch [3/5], Batch [102/300], Loss: 1.1574 (Overall: 0.9651, Change: 1.9792), TF Ratio: 0.860
[2026-06-16 11:34:46,486][root][INFO] - Epoch [3/5], Batch [103/300], Loss: 1.1574 (Overall: 0.8853, Change: 1.4264), TF Ratio: 0.859
[2026-06-16 11:34:46,639][root][INFO] - Epoch [3/5], Batch [104/300], Loss: 1.1581 (Overall: 0.7791, Change: 1.6905), TF Ratio: 0.859
[2026-06-16 11:34:46,790][root][INFO] - Epoch [3/5], Batch [105/300], Loss: 1.1573 (Overall: 0.7316, Change: 1.4187), TF Ratio: 0.859
[2026-06-16 11:34:46,941][root][INFO] - Epoch [3/5], Batch [106/300], Loss: 1.1567 (Overall: 0.6516, Change: 1.5250), TF Ratio: 0.859
[2026-06-16 11:34:47,092][root][INFO] - Epoch [3/5], Batch [107/300], Loss: 1.1560 (Overall: 0.8264, Change: 1.3422), TF Ratio: 0.859
[2026-06-16 11:34:47,245][root][INFO] - Epoch [3/5], Batch [108/300], Loss: 1.1548 (Overall: 0.6965, Change: 1.3608), TF Ratio: 0.858
[2026-06-16 11:34:47,395][root][INFO] - Epoch [3/5], Batch [109/300], Loss: 1.1542 (Overall: 0.6863, Change: 1.4866), TF Ratio: 0.858
[2026-06-16 11:34:47,546][root][INFO] - Epoch [3/5], Batch [110/300], Loss: 1.1536 (Overall: 0.6960, Change: 1.4801), TF Ratio: 0.858
[2026-06-16 11:34:47,697][root][INFO] - Epoch [3/5], Batch [111/300], Loss: 1.1555 (Overall: 1.1453, Change: 1.5851), TF Ratio: 0.858
[2026-06-16 11:34:47,856][root][INFO] - Epoch [3/5], Batch [112/300], Loss: 1.1557 (Overall: 0.7554, Change: 1.5995), TF Ratio: 0.858
[2026-06-16 11:34:48,007][root][INFO] - Epoch [3/5], Batch [113/300], Loss: 1.1552 (Overall: 0.7306, Change: 1.4591), TF Ratio: 0.857
[2026-06-16 11:34:48,159][root][INFO] - Epoch [3/5], Batch [114/300], Loss: 1.1556 (Overall: 0.6230, Change: 1.7784), TF Ratio: 0.857
[2026-06-16 11:34:48,310][root][INFO] - Epoch [3/5], Batch [115/300], Loss: 1.1560 (Overall: 1.0303, Change: 1.3843), TF Ratio: 0.857
[2026-06-16 11:34:48,462][root][INFO] - Epoch [3/5], Batch [116/300], Loss: 1.1551 (Overall: 0.9884, Change: 1.1064), TF Ratio: 0.857
[2026-06-16 11:34:48,616][root][INFO] - Epoch [3/5], Batch [117/300], Loss: 1.1567 (Overall: 0.9801, Change: 1.6996), TF Ratio: 0.857
[2026-06-16 11:34:48,767][root][INFO] - Epoch [3/5], Batch [118/300], Loss: 1.1577 (Overall: 0.7766, Change: 1.7895), TF Ratio: 0.856
[2026-06-16 11:34:48,919][root][INFO] - Epoch [3/5], Batch [119/300], Loss: 1.1568 (Overall: 0.7802, Change: 1.3050), TF Ratio: 0.856
[2026-06-16 11:34:49,071][root][INFO] - Epoch [3/5], Batch [120/300], Loss: 1.1580 (Overall: 1.1745, Change: 1.4321), TF Ratio: 0.856
[2026-06-16 11:34:49,222][root][INFO] - Epoch [3/5], Batch [121/300], Loss: 1.1598 (Overall: 1.2132, Change: 1.5415), TF Ratio: 0.856
[2026-06-16 11:34:49,373][root][INFO] - Epoch [3/5], Batch [122/300], Loss: 1.1574 (Overall: 0.6854, Change: 1.0602), TF Ratio: 0.856
[2026-06-16 11:34:49,524][root][INFO] - Epoch [3/5], Batch [123/300], Loss: 1.1572 (Overall: 0.7554, Change: 1.5068), TF Ratio: 0.855
[2026-06-16 11:34:49,677][root][INFO] - Epoch [3/5], Batch [124/300], Loss: 1.1555 (Overall: 0.8984, Change: 0.9854), TF Ratio: 0.855
[2026-06-16 11:34:49,828][root][INFO] - Epoch [3/5], Batch [125/300], Loss: 1.1551 (Overall: 0.6435, Change: 1.5728), TF Ratio: 0.855
[2026-06-16 11:34:49,985][root][INFO] - Epoch [3/5], Batch [126/300], Loss: 1.1545 (Overall: 0.5527, Change: 1.5914), TF Ratio: 0.855
[2026-06-16 11:34:50,136][root][INFO] - Epoch [3/5], Batch [127/300], Loss: 1.1561 (Overall: 1.2553, Change: 1.4751), TF Ratio: 0.855
[2026-06-16 11:34:50,288][root][INFO] - Epoch [3/5], Batch [128/300], Loss: 1.1553 (Overall: 0.8836, Change: 1.2102), TF Ratio: 0.854
[2026-06-16 11:34:50,439][root][INFO] - Epoch [3/5], Batch [129/300], Loss: 1.1564 (Overall: 0.9844, Change: 1.6199), TF Ratio: 0.854
[2026-06-16 11:34:50,589][root][INFO] - Epoch [3/5], Batch [130/300], Loss: 1.1562 (Overall: 0.8442, Change: 1.4227), TF Ratio: 0.854
[2026-06-16 11:34:50,740][root][INFO] - Epoch [3/5], Batch [131/300], Loss: 1.1536 (Overall: 0.6758, Change: 0.9566), TF Ratio: 0.854
[2026-06-16 11:34:50,902][root][INFO] - Epoch [3/5], Batch [132/300], Loss: 1.1527 (Overall: 0.6568, Change: 1.3987), TF Ratio: 0.854
[2026-06-16 11:34:51,052][root][INFO] - Epoch [3/5], Batch [133/300], Loss: 1.1516 (Overall: 0.7546, Change: 1.2641), TF Ratio: 0.853
[2026-06-16 11:34:51,203][root][INFO] - Epoch [3/5], Batch [134/300], Loss: 1.1509 (Overall: 0.8192, Change: 1.2857), TF Ratio: 0.853
[2026-06-16 11:34:51,355][root][INFO] - Epoch [3/5], Batch [135/300], Loss: 1.1545 (Overall: 1.4728, Change: 1.8242), TF Ratio: 0.853
[2026-06-16 11:34:51,506][root][INFO] - Epoch [3/5], Batch [136/300], Loss: 1.1527 (Overall: 0.6137, Change: 1.1894), TF Ratio: 0.853
[2026-06-16 11:34:51,657][root][INFO] - Epoch [3/5], Batch [137/300], Loss: 1.1553 (Overall: 1.5547, Change: 1.4570), TF Ratio: 0.853
[2026-06-16 11:34:51,808][root][INFO] - Epoch [3/5], Batch [138/300], Loss: 1.1549 (Overall: 0.7311, Change: 1.4876), TF Ratio: 0.852
[2026-06-16 11:34:51,959][root][INFO] - Epoch [3/5], Batch [139/300], Loss: 1.1542 (Overall: 0.6063, Change: 1.5088), TF Ratio: 0.852
[2026-06-16 11:34:52,110][root][INFO] - Epoch [3/5], Batch [140/300], Loss: 1.1543 (Overall: 0.8406, Change: 1.4792), TF Ratio: 0.852
[2026-06-16 11:34:52,263][root][INFO] - Epoch [3/5], Batch [141/300], Loss: 1.1542 (Overall: 0.5635, Change: 1.7208), TF Ratio: 0.852
[2026-06-16 11:34:52,413][root][INFO] - Epoch [3/5], Batch [142/300], Loss: 1.1612 (Overall: 1.8206, Change: 2.4950), TF Ratio: 0.852
[2026-06-16 11:34:52,564][root][INFO] - Epoch [3/5], Batch [143/300], Loss: 1.1608 (Overall: 0.9071, Change: 1.3001), TF Ratio: 0.851
[2026-06-16 11:34:52,716][root][INFO] - Epoch [3/5], Batch [144/300], Loss: 1.1610 (Overall: 0.8813, Change: 1.4931), TF Ratio: 0.851
[2026-06-16 11:34:52,867][root][INFO] - Epoch [3/5], Batch [145/300], Loss: 1.1621 (Overall: 1.1029, Change: 1.5214), TF Ratio: 0.851
[2026-06-16 11:34:53,025][root][INFO] - Epoch [3/5], Batch [146/300], Loss: 1.1635 (Overall: 1.0626, Change: 1.6758), TF Ratio: 0.851
[2026-06-16 11:34:53,176][root][INFO] - Epoch [3/5], Batch [147/300], Loss: 1.1611 (Overall: 0.4917, Change: 1.1424), TF Ratio: 0.851
[2026-06-16 11:34:53,329][root][INFO] - Epoch [3/5], Batch [148/300], Loss: 1.1616 (Overall: 0.9181, Change: 1.5500), TF Ratio: 0.850
[2026-06-16 11:34:53,480][root][INFO] - Epoch [3/5], Batch [149/300], Loss: 1.1605 (Overall: 0.6373, Change: 1.3377), TF Ratio: 0.850
[2026-06-16 11:34:53,631][root][INFO] - Epoch [3/5], Batch [150/300], Loss: 1.1597 (Overall: 0.7194, Change: 1.3724), TF Ratio: 0.850
[2026-06-16 11:34:53,782][root][INFO] - Epoch [3/5], Batch [151/300], Loss: 1.1595 (Overall: 0.8032, Change: 1.4470), TF Ratio: 0.850
[2026-06-16 11:34:53,945][root][INFO] - Epoch [3/5], Batch [152/300], Loss: 1.1594 (Overall: 0.9336, Change: 1.3701), TF Ratio: 0.850
[2026-06-16 11:34:54,102][root][INFO] - Epoch [3/5], Batch [153/300], Loss: 1.1590 (Overall: 0.6325, Change: 1.5719), TF Ratio: 0.849
[2026-06-16 11:34:54,254][root][INFO] - Epoch [3/5], Batch [154/300], Loss: 1.1607 (Overall: 1.1249, Change: 1.7167), TF Ratio: 0.849
[2026-06-16 11:34:54,405][root][INFO] - Epoch [3/5], Batch [155/300], Loss: 1.1598 (Overall: 0.7963, Change: 1.2240), TF Ratio: 0.849
[2026-06-16 11:34:54,565][root][INFO] - Epoch [3/5], Batch [156/300], Loss: 1.1617 (Overall: 1.2321, Change: 1.6847), TF Ratio: 0.849
[2026-06-16 11:34:54,719][root][INFO] - Epoch [3/5], Batch [157/300], Loss: 1.1624 (Overall: 1.1648, Change: 1.3880), TF Ratio: 0.849
[2026-06-16 11:34:54,870][root][INFO] - Epoch [3/5], Batch [158/300], Loss: 1.1610 (Overall: 0.6504, Change: 1.2384), TF Ratio: 0.848
[2026-06-16 11:34:55,022][root][INFO] - Epoch [3/5], Batch [159/300], Loss: 1.1605 (Overall: 0.6523, Change: 1.5115), TF Ratio: 0.848
[2026-06-16 11:34:55,174][root][INFO] - Epoch [3/5], Batch [160/300], Loss: 1.1604 (Overall: 1.2688, Change: 1.0047), TF Ratio: 0.848
[2026-06-16 11:34:55,325][root][INFO] - Epoch [3/5], Batch [161/300], Loss: 1.1600 (Overall: 0.8716, Change: 1.3212), TF Ratio: 0.848
[2026-06-16 11:34:55,476][root][INFO] - Epoch [3/5], Batch [162/300], Loss: 1.1608 (Overall: 0.8399, Change: 1.7329), TF Ratio: 0.848
[2026-06-16 11:34:55,628][root][INFO] - Epoch [3/5], Batch [163/300], Loss: 1.1651 (Overall: 0.6727, Change: 3.0594), TF Ratio: 0.847
[2026-06-16 11:34:55,786][root][INFO] - Epoch [3/5], Batch [164/300], Loss: 1.1658 (Overall: 0.7674, Change: 1.8039), TF Ratio: 0.847
[2026-06-16 11:34:55,937][root][INFO] - Epoch [3/5], Batch [165/300], Loss: 1.1666 (Overall: 1.0686, Change: 1.5316), TF Ratio: 0.847
[2026-06-16 11:34:56,088][root][INFO] - Epoch [3/5], Batch [166/300], Loss: 1.1666 (Overall: 0.8592, Change: 1.4646), TF Ratio: 0.847
[2026-06-16 11:34:56,240][root][INFO] - Epoch [3/5], Batch [167/300], Loss: 1.1664 (Overall: 0.7518, Change: 1.5074), TF Ratio: 0.847
[2026-06-16 11:34:56,400][root][INFO] - Epoch [3/5], Batch [168/300], Loss: 1.1672 (Overall: 0.8699, Change: 1.7369), TF Ratio: 0.846
[2026-06-16 11:34:56,551][root][INFO] - Epoch [3/5], Batch [169/300], Loss: 1.1675 (Overall: 0.7780, Change: 1.6678), TF Ratio: 0.846
[2026-06-16 11:34:56,703][root][INFO] - Epoch [3/5], Batch [170/300], Loss: 1.1677 (Overall: 0.8431, Change: 1.5291), TF Ratio: 0.846
[2026-06-16 11:34:56,854][root][INFO] - Epoch [3/5], Batch [171/300], Loss: 1.1682 (Overall: 0.8263, Change: 1.6963), TF Ratio: 0.846
[2026-06-16 11:34:57,005][root][INFO] - Epoch [3/5], Batch [172/300], Loss: 1.1690 (Overall: 1.0528, Change: 1.5641), TF Ratio: 0.846
[2026-06-16 11:34:57,160][root][INFO] - Epoch [3/5], Batch [173/300], Loss: 1.1680 (Overall: 0.6711, Change: 1.3274), TF Ratio: 0.845
[2026-06-16 11:34:57,311][root][INFO] - Epoch [3/5], Batch [174/300], Loss: 1.1686 (Overall: 1.1389, Change: 1.3829), TF Ratio: 0.845
[2026-06-16 11:34:57,462][root][INFO] - Epoch [3/5], Batch [175/300], Loss: 1.1684 (Overall: 0.6734, Change: 1.5898), TF Ratio: 0.845
[2026-06-16 11:34:57,618][root][INFO] - Epoch [3/5], Batch [176/300], Loss: 1.1689 (Overall: 0.8895, Change: 1.6336), TF Ratio: 0.845
[2026-06-16 11:34:57,769][root][INFO] - Epoch [3/5], Batch [177/300], Loss: 1.1691 (Overall: 0.8781, Change: 1.5403), TF Ratio: 0.845
[2026-06-16 11:34:57,920][root][INFO] - Epoch [3/5], Batch [178/300], Loss: 1.1688 (Overall: 0.6874, Change: 1.5395), TF Ratio: 0.844
[2026-06-16 11:34:58,071][root][INFO] - Epoch [3/5], Batch [179/300], Loss: 1.1691 (Overall: 0.7080, Change: 1.7378), TF Ratio: 0.844
[2026-06-16 11:34:58,224][root][INFO] - Epoch [3/5], Batch [180/300], Loss: 1.1688 (Overall: 0.6405, Change: 1.6028), TF Ratio: 0.844
[2026-06-16 11:34:58,375][root][INFO] - Epoch [3/5], Batch [181/300], Loss: 1.1687 (Overall: 0.7359, Change: 1.5545), TF Ratio: 0.844
[2026-06-16 11:34:58,526][root][INFO] - Epoch [3/5], Batch [182/300], Loss: 1.1689 (Overall: 0.8829, Change: 1.5134), TF Ratio: 0.844
[2026-06-16 11:34:58,677][root][INFO] - Epoch [3/5], Batch [183/300], Loss: 1.1682 (Overall: 0.7129, Change: 1.3667), TF Ratio: 0.843
[2026-06-16 11:34:58,830][root][INFO] - Epoch [3/5], Batch [184/300], Loss: 1.1715 (Overall: 1.4302, Change: 2.1468), TF Ratio: 0.843
[2026-06-16 11:34:58,981][root][INFO] - Epoch [3/5], Batch [185/300], Loss: 1.1713 (Overall: 0.8018, Change: 1.4359), TF Ratio: 0.843
[2026-06-16 11:34:59,132][root][INFO] - Epoch [3/5], Batch [186/300], Loss: 1.1699 (Overall: 0.7068, Change: 1.1173), TF Ratio: 0.843
[2026-06-16 11:34:59,284][root][INFO] - Epoch [3/5], Batch [187/300], Loss: 1.1693 (Overall: 0.8545, Change: 1.2798), TF Ratio: 0.843
[2026-06-16 11:34:59,450][root][INFO] - Epoch [3/5], Batch [188/300], Loss: 1.1696 (Overall: 0.9892, Change: 1.4441), TF Ratio: 0.842
[2026-06-16 11:34:59,601][root][INFO] - Epoch [3/5], Batch [189/300], Loss: 1.1683 (Overall: 0.7192, Change: 1.1344), TF Ratio: 0.842
[2026-06-16 11:34:59,752][root][INFO] - Epoch [3/5], Batch [190/300], Loss: 1.1674 (Overall: 0.7630, Change: 1.2451), TF Ratio: 0.842
[2026-06-16 11:34:59,903][root][INFO] - Epoch [3/5], Batch [191/300], Loss: 1.1675 (Overall: 0.8931, Change: 1.4901), TF Ratio: 0.842
[2026-06-16 11:35:00,054][root][INFO] - Epoch [3/5], Batch [192/300], Loss: 1.1680 (Overall: 0.9431, Change: 1.5833), TF Ratio: 0.842
[2026-06-16 11:35:00,205][root][INFO] - Epoch [3/5], Batch [193/300], Loss: 1.1670 (Overall: 0.8951, Change: 1.0324), TF Ratio: 0.841
[2026-06-16 11:35:00,355][root][INFO] - Epoch [3/5], Batch [194/300], Loss: 1.1677 (Overall: 1.1748, Change: 1.4423), TF Ratio: 0.841
[2026-06-16 11:35:00,507][root][INFO] - Epoch [3/5], Batch [195/300], Loss: 1.1677 (Overall: 0.6703, Change: 1.6688), TF Ratio: 0.841
[2026-06-16 11:35:00,659][root][INFO] - Epoch [3/5], Batch [196/300], Loss: 1.1664 (Overall: 0.7289, Change: 1.0758), TF Ratio: 0.841
[2026-06-16 11:35:00,809][root][INFO] - Epoch [3/5], Batch [197/300], Loss: 1.1656 (Overall: 0.8054, Change: 1.2222), TF Ratio: 0.841
[2026-06-16 11:35:00,965][root][INFO] - Epoch [3/5], Batch [198/300], Loss: 1.1647 (Overall: 0.5697, Change: 1.4097), TF Ratio: 0.840
[2026-06-16 11:35:01,115][root][INFO] - Epoch [3/5], Batch [199/300], Loss: 1.1654 (Overall: 1.2418, Change: 1.3738), TF Ratio: 0.840
[2026-06-16 11:35:01,267][root][INFO] - Epoch [3/5], Batch [200/300], Loss: 1.1646 (Overall: 0.7608, Change: 1.2570), TF Ratio: 0.840
[2026-06-16 11:35:01,441][root][INFO] - Epoch [3/5], Batch [201/300], Loss: 1.1646 (Overall: 0.8555, Change: 1.4628), TF Ratio: 0.840
[2026-06-16 11:35:01,592][root][INFO] - Epoch [3/5], Batch [202/300], Loss: 1.1660 (Overall: 1.1661, Change: 1.7313), TF Ratio: 0.840
[2026-06-16 11:35:01,743][root][INFO] - Epoch [3/5], Batch [203/300], Loss: 1.1648 (Overall: 0.6475, Change: 1.1841), TF Ratio: 0.839
[2026-06-16 11:35:01,895][root][INFO] - Epoch [3/5], Batch [204/300], Loss: 1.1645 (Overall: 0.8712, Change: 1.3329), TF Ratio: 0.839
[2026-06-16 11:35:02,045][root][INFO] - Epoch [3/5], Batch [205/300], Loss: 1.1648 (Overall: 0.9680, Change: 1.4907), TF Ratio: 0.839
[2026-06-16 11:35:02,196][root][INFO] - Epoch [3/5], Batch [206/300], Loss: 1.1652 (Overall: 0.9217, Change: 1.5778), TF Ratio: 0.839
[2026-06-16 11:35:02,347][root][INFO] - Epoch [3/5], Batch [207/300], Loss: 1.1649 (Overall: 0.9416, Change: 1.2810), TF Ratio: 0.839
[2026-06-16 11:35:02,499][root][INFO] - Epoch [3/5], Batch [208/300], Loss: 1.1640 (Overall: 0.7397, Change: 1.2118), TF Ratio: 0.838
[2026-06-16 11:35:02,650][root][INFO] - Epoch [3/5], Batch [209/300], Loss: 1.1654 (Overall: 1.1358, Change: 1.7677), TF Ratio: 0.838
[2026-06-16 11:35:02,802][root][INFO] - Epoch [3/5], Batch [210/300], Loss: 1.1640 (Overall: 0.6503, Change: 1.0680), TF Ratio: 0.838
[2026-06-16 11:35:02,952][root][INFO] - Epoch [3/5], Batch [211/300], Loss: 1.1630 (Overall: 0.8969, Change: 1.0421), TF Ratio: 0.838
[2026-06-16 11:35:03,104][root][INFO] - Epoch [3/5], Batch [212/300], Loss: 1.1634 (Overall: 1.1523, Change: 1.3404), TF Ratio: 0.838
[2026-06-16 11:35:03,256][root][INFO] - Epoch [3/5], Batch [213/300], Loss: 1.1626 (Overall: 0.6277, Change: 1.3301), TF Ratio: 0.837
[2026-06-16 11:35:03,407][root][INFO] - Epoch [3/5], Batch [214/300], Loss: 1.1630 (Overall: 0.8154, Change: 1.7173), TF Ratio: 0.837
[2026-06-16 11:35:03,558][root][INFO] - Epoch [3/5], Batch [215/300], Loss: 1.1630 (Overall: 1.1951, Change: 1.1128), TF Ratio: 0.837
[2026-06-16 11:35:03,711][root][INFO] - Epoch [3/5], Batch [216/300], Loss: 1.1634 (Overall: 0.9087, Change: 1.5740), TF Ratio: 0.837
[2026-06-16 11:35:03,862][root][INFO] - Epoch [3/5], Batch [217/300], Loss: 1.1629 (Overall: 0.7270, Change: 1.3811), TF Ratio: 0.837
[2026-06-16 11:35:04,013][root][INFO] - Epoch [3/5], Batch [218/300], Loss: 1.1635 (Overall: 0.9782, Change: 1.6405), TF Ratio: 0.836
[2026-06-16 11:35:04,164][root][INFO] - Epoch [3/5], Batch [219/300], Loss: 1.1630 (Overall: 0.7520, Change: 1.3230), TF Ratio: 0.836
[2026-06-16 11:35:04,316][root][INFO] - Epoch [3/5], Batch [220/300], Loss: 1.1620 (Overall: 0.5908, Change: 1.3053), TF Ratio: 0.836
[2026-06-16 11:35:04,467][root][INFO] - Epoch [3/5], Batch [221/300], Loss: 1.1604 (Overall: 0.5746, Change: 1.0615), TF Ratio: 0.836
[2026-06-16 11:35:04,618][root][INFO] - Epoch [3/5], Batch [222/300], Loss: 1.1613 (Overall: 1.4342, Change: 1.2807), TF Ratio: 0.836
[2026-06-16 11:35:04,777][root][INFO] - Epoch [3/5], Batch [223/300], Loss: 1.1620 (Overall: 1.0422, Change: 1.5713), TF Ratio: 0.835
[2026-06-16 11:35:04,929][root][INFO] - Epoch [3/5], Batch [224/300], Loss: 1.1619 (Overall: 0.9433, Change: 1.3615), TF Ratio: 0.835
[2026-06-16 11:35:05,079][root][INFO] - Epoch [3/5], Batch [225/300], Loss: 1.1618 (Overall: 0.9912, Change: 1.2689), TF Ratio: 0.835
[2026-06-16 11:35:05,230][root][INFO] - Epoch [3/5], Batch [226/300], Loss: 1.1627 (Overall: 0.7679, Change: 1.9929), TF Ratio: 0.835
[2026-06-16 11:35:05,383][root][INFO] - Epoch [3/5], Batch [227/300], Loss: 1.1630 (Overall: 1.0044, Change: 1.4212), TF Ratio: 0.835
[2026-06-16 11:35:05,535][root][INFO] - Epoch [3/5], Batch [228/300], Loss: 1.1632 (Overall: 0.9642, Change: 1.4552), TF Ratio: 0.834
[2026-06-16 11:35:05,693][root][INFO] - Epoch [3/5], Batch [229/300], Loss: 1.1631 (Overall: 0.7596, Change: 1.5416), TF Ratio: 0.834
[2026-06-16 11:35:05,844][root][INFO] - Epoch [3/5], Batch [230/300], Loss: 1.1639 (Overall: 1.1092, Change: 1.5567), TF Ratio: 0.834
[2026-06-16 11:35:05,995][root][INFO] - Epoch [3/5], Batch [231/300], Loss: 1.1637 (Overall: 0.7818, Change: 1.4760), TF Ratio: 0.834
[2026-06-16 11:35:06,152][root][INFO] - Epoch [3/5], Batch [232/300], Loss: 1.1650 (Overall: 1.1204, Change: 1.7869), TF Ratio: 0.834
[2026-06-16 11:35:06,302][root][INFO] - Epoch [3/5], Batch [233/300], Loss: 1.1641 (Overall: 0.5004, Change: 1.4174), TF Ratio: 0.833
[2026-06-16 11:35:06,453][root][INFO] - Epoch [3/5], Batch [234/300], Loss: 1.1636 (Overall: 0.9866, Change: 1.1102), TF Ratio: 0.833
[2026-06-16 11:35:06,604][root][INFO] - Epoch [3/5], Batch [235/300], Loss: 1.1637 (Overall: 0.9537, Change: 1.4102), TF Ratio: 0.833
[2026-06-16 11:35:06,755][root][INFO] - Epoch [3/5], Batch [236/300], Loss: 1.1638 (Overall: 0.8765, Change: 1.5412), TF Ratio: 0.833
[2026-06-16 11:35:06,907][root][INFO] - Epoch [3/5], Batch [237/300], Loss: 1.1616 (Overall: 1.2541, Change: 0.0000), TF Ratio: 0.833
[2026-06-16 11:35:07,057][root][INFO] - Epoch [3/5], Batch [238/300], Loss: 1.1645 (Overall: 1.5800, Change: 2.1269), TF Ratio: 0.832
[2026-06-16 11:35:07,208][root][INFO] - Epoch [3/5], Batch [239/300], Loss: 1.1629 (Overall: 0.6602, Change: 0.9013), TF Ratio: 0.832
[2026-06-16 11:35:07,364][root][INFO] - Epoch [3/5], Batch [240/300], Loss: 1.1633 (Overall: 0.7743, Change: 1.7508), TF Ratio: 0.832
[2026-06-16 11:35:07,515][root][INFO] - Epoch [3/5], Batch [241/300], Loss: 1.1639 (Overall: 0.9984, Change: 1.5986), TF Ratio: 0.832
[2026-06-16 11:35:07,667][root][INFO] - Epoch [3/5], Batch [242/300], Loss: 1.1643 (Overall: 0.8599, Change: 1.6615), TF Ratio: 0.832
[2026-06-16 11:35:07,819][root][INFO] - Epoch [3/5], Batch [243/300], Loss: 1.1656 (Overall: 0.8272, Change: 2.1594), TF Ratio: 0.831
[2026-06-16 11:35:07,971][root][INFO] - Epoch [3/5], Batch [244/300], Loss: 1.1657 (Overall: 0.9002, Change: 1.4518), TF Ratio: 0.831
[2026-06-16 11:35:08,122][root][INFO] - Epoch [3/5], Batch [245/300], Loss: 1.1666 (Overall: 0.7247, Change: 2.0530), TF Ratio: 0.831
[2026-06-16 11:35:08,273][root][INFO] - Epoch [3/5], Batch [246/300], Loss: 1.1707 (Overall: 2.2127, Change: 2.1363), TF Ratio: 0.831
[2026-06-16 11:35:08,429][root][INFO] - Epoch [3/5], Batch [247/300], Loss: 1.1702 (Overall: 0.7446, Change: 1.3626), TF Ratio: 0.831
[2026-06-16 11:35:08,581][root][INFO] - Epoch [3/5], Batch [248/300], Loss: 1.1702 (Overall: 0.8911, Change: 1.4451), TF Ratio: 0.830
[2026-06-16 11:35:08,731][root][INFO] - Epoch [3/5], Batch [249/300], Loss: 1.1702 (Overall: 1.1132, Change: 1.2351), TF Ratio: 0.830
[2026-06-16 11:35:08,883][root][INFO] - Epoch [3/5], Batch [250/300], Loss: 1.1709 (Overall: 0.9128, Change: 1.7570), TF Ratio: 0.830
[2026-06-16 11:35:09,034][root][INFO] - Epoch [3/5], Batch [251/300], Loss: 1.1707 (Overall: 0.8445, Change: 1.4135), TF Ratio: 0.830
[2026-06-16 11:35:09,186][root][INFO] - Epoch [3/5], Batch [252/300], Loss: 1.1704 (Overall: 0.6127, Change: 1.5756), TF Ratio: 0.830
[2026-06-16 11:35:09,337][root][INFO] - Epoch [3/5], Batch [253/300], Loss: 1.1697 (Overall: 0.7933, Change: 1.2039), TF Ratio: 0.829
[2026-06-16 11:35:09,492][root][INFO] - Epoch [3/5], Batch [254/300], Loss: 1.1693 (Overall: 0.6509, Change: 1.4624), TF Ratio: 0.829
[2026-06-16 11:35:09,643][root][INFO] - Epoch [3/5], Batch [255/300], Loss: 1.1687 (Overall: 0.8639, Change: 1.2070), TF Ratio: 0.829
[2026-06-16 11:35:09,796][root][INFO] - Epoch [3/5], Batch [256/300], Loss: 1.1689 (Overall: 0.8454, Change: 1.5921), TF Ratio: 0.829
[2026-06-16 11:35:09,946][root][INFO] - Epoch [3/5], Batch [257/300], Loss: 1.1720 (Overall: 1.7407, Change: 2.1921), TF Ratio: 0.829
[2026-06-16 11:35:10,102][root][INFO] - Epoch [3/5], Batch [258/300], Loss: 1.1723 (Overall: 1.0649, Change: 1.4354), TF Ratio: 0.828
[2026-06-16 11:35:10,253][root][INFO] - Epoch [3/5], Batch [259/300], Loss: 1.1714 (Overall: 0.9787, Change: 0.8647), TF Ratio: 0.828
[2026-06-16 11:35:10,406][root][INFO] - Epoch [3/5], Batch [260/300], Loss: 1.1709 (Overall: 0.7043, Change: 1.3795), TF Ratio: 0.828
[2026-06-16 11:35:10,557][root][INFO] - Epoch [3/5], Batch [261/300], Loss: 1.1710 (Overall: 0.9931, Change: 1.3991), TF Ratio: 0.828
[2026-06-16 11:35:10,715][root][INFO] - Epoch [3/5], Batch [262/300], Loss: 1.1704 (Overall: 0.6406, Change: 1.4224), TF Ratio: 0.828
[2026-06-16 11:35:10,867][root][INFO] - Epoch [3/5], Batch [263/300], Loss: 1.1703 (Overall: 0.6881, Change: 1.5564), TF Ratio: 0.827
[2026-06-16 11:35:11,024][root][INFO] - Epoch [3/5], Batch [264/300], Loss: 1.1707 (Overall: 1.1882, Change: 1.3857), TF Ratio: 0.827
[2026-06-16 11:35:11,175][root][INFO] - Epoch [3/5], Batch [265/300], Loss: 1.1695 (Overall: 0.7430, Change: 0.9829), TF Ratio: 0.827
[2026-06-16 11:35:11,326][root][INFO] - Epoch [3/5], Batch [266/300], Loss: 1.1699 (Overall: 0.8817, Change: 1.6566), TF Ratio: 0.827
[2026-06-16 11:35:11,477][root][INFO] - Epoch [3/5], Batch [267/300], Loss: 1.1705 (Overall: 0.9872, Change: 1.6842), TF Ratio: 0.827
[2026-06-16 11:35:11,629][root][INFO] - Epoch [3/5], Batch [268/300], Loss: 1.1696 (Overall: 0.6358, Change: 1.1879), TF Ratio: 0.826
[2026-06-16 11:35:11,780][root][INFO] - Epoch [3/5], Batch [269/300], Loss: 1.1695 (Overall: 1.0417, Change: 1.2780), TF Ratio: 0.826
[2026-06-16 11:35:11,932][root][INFO] - Epoch [3/5], Batch [270/300], Loss: 1.1688 (Overall: 0.7209, Change: 1.2026), TF Ratio: 0.826
[2026-06-16 11:35:12,085][root][INFO] - Epoch [3/5], Batch [271/300], Loss: 1.1688 (Overall: 1.0519, Change: 1.2947), TF Ratio: 0.826
[2026-06-16 11:35:12,236][root][INFO] - Epoch [3/5], Batch [272/300], Loss: 1.1676 (Overall: 0.5612, Change: 1.1395), TF Ratio: 0.826
[2026-06-16 11:35:12,387][root][INFO] - Epoch [3/5], Batch [273/300], Loss: 1.1686 (Overall: 0.9545, Change: 1.9222), TF Ratio: 0.825
[2026-06-16 11:35:12,538][root][INFO] - Epoch [3/5], Batch [274/300], Loss: 1.1688 (Overall: 0.9975, Change: 1.4463), TF Ratio: 0.825
[2026-06-16 11:35:12,688][root][INFO] - Epoch [3/5], Batch [275/300], Loss: 1.1688 (Overall: 0.8627, Change: 1.4533), TF Ratio: 0.825
[2026-06-16 11:35:12,840][root][INFO] - Epoch [3/5], Batch [276/300], Loss: 1.1675 (Overall: 0.5927, Change: 1.0657), TF Ratio: 0.825
[2026-06-16 11:35:12,991][root][INFO] - Epoch [3/5], Batch [277/300], Loss: 1.1664 (Overall: 0.6053, Change: 1.1344), TF Ratio: 0.825
[2026-06-16 11:35:13,142][root][INFO] - Epoch [3/5], Batch [278/300], Loss: 1.1666 (Overall: 0.9106, Change: 1.5010), TF Ratio: 0.824
[2026-06-16 11:35:13,293][root][INFO] - Epoch [3/5], Batch [279/300], Loss: 1.1673 (Overall: 0.9997, Change: 1.7105), TF Ratio: 0.824
[2026-06-16 11:35:13,446][root][INFO] - Epoch [3/5], Batch [280/300], Loss: 1.1673 (Overall: 0.7425, Change: 1.6165), TF Ratio: 0.824
[2026-06-16 11:35:13,596][root][INFO] - Epoch [3/5], Batch [281/300], Loss: 1.1678 (Overall: 1.1025, Change: 1.4915), TF Ratio: 0.824
[2026-06-16 11:35:13,746][root][INFO] - Epoch [3/5], Batch [282/300], Loss: 1.1675 (Overall: 0.9620, Change: 1.2113), TF Ratio: 0.824
[2026-06-16 11:35:13,897][root][INFO] - Epoch [3/5], Batch [283/300], Loss: 1.1672 (Overall: 0.6513, Change: 1.5197), TF Ratio: 0.823
[2026-06-16 11:35:14,049][root][INFO] - Epoch [3/5], Batch [284/300], Loss: 1.1677 (Overall: 0.8716, Change: 1.7393), TF Ratio: 0.823
[2026-06-16 11:35:14,199][root][INFO] - Epoch [3/5], Batch [285/300], Loss: 1.1672 (Overall: 0.6832, Change: 1.3826), TF Ratio: 0.823
[2026-06-16 11:35:14,351][root][INFO] - Epoch [3/5], Batch [286/300], Loss: 1.1661 (Overall: 0.7466, Change: 0.9813), TF Ratio: 0.823
[2026-06-16 11:35:14,501][root][INFO] - Epoch [3/5], Batch [287/300], Loss: 1.1657 (Overall: 0.6249, Change: 1.4399), TF Ratio: 0.823
[2026-06-16 11:35:14,653][root][INFO] - Epoch [3/5], Batch [288/300], Loss: 1.1650 (Overall: 0.7347, Change: 1.2195), TF Ratio: 0.822
[2026-06-16 11:35:14,803][root][INFO] - Epoch [3/5], Batch [289/300], Loss: 1.1640 (Overall: 0.6027, Change: 1.1506), TF Ratio: 0.822
[2026-06-16 11:35:14,954][root][INFO] - Epoch [3/5], Batch [290/300], Loss: 1.1632 (Overall: 0.5512, Change: 1.2733), TF Ratio: 0.822
[2026-06-16 11:35:15,105][root][INFO] - Epoch [3/5], Batch [291/300], Loss: 1.1624 (Overall: 0.7779, Change: 1.1011), TF Ratio: 0.822
[2026-06-16 11:35:15,257][root][INFO] - Epoch [3/5], Batch [292/300], Loss: 1.1625 (Overall: 0.9075, Change: 1.4544), TF Ratio: 0.822
[2026-06-16 11:35:15,414][root][INFO] - Epoch [3/5], Batch [293/300], Loss: 1.1627 (Overall: 1.0336, Change: 1.4505), TF Ratio: 0.821
[2026-06-16 11:35:15,565][root][INFO] - Epoch [3/5], Batch [294/300], Loss: 1.1621 (Overall: 0.6760, Change: 1.2662), TF Ratio: 0.821
[2026-06-16 11:35:15,720][root][INFO] - Epoch [3/5], Batch [295/300], Loss: 1.1617 (Overall: 0.6584, Change: 1.4492), TF Ratio: 0.821
[2026-06-16 11:35:15,879][root][INFO] - Epoch [3/5], Batch [296/300], Loss: 1.1616 (Overall: 0.6816, Change: 1.5527), TF Ratio: 0.821
[2026-06-16 11:35:16,030][root][INFO] - Epoch [3/5], Batch [297/300], Loss: 1.1607 (Overall: 0.6874, Change: 1.1362), TF Ratio: 0.821
[2026-06-16 11:35:16,181][root][INFO] - Epoch [3/5], Batch [298/300], Loss: 1.1602 (Overall: 0.6182, Change: 1.4230), TF Ratio: 0.820
[2026-06-16 11:35:16,350][root][INFO] - Epoch [3/5], Batch [299/300], Loss: 1.1598 (Overall: 0.6542, Change: 1.4235), TF Ratio: 0.820
[2026-06-16 11:35:16,511][root][INFO] - Epoch [3/5], Batch [300/300], Loss: 1.1597 (Overall: 0.8660, Change: 1.3854), TF Ratio: 0.820
[2026-06-16 11:35:17,526][root][INFO] - Epoch 3 done. Validating...
[2026-06-16 11:35:20,950][root][INFO] - Epoch [3/5] | Train: 1.1597 | Val: 0.5852
[2026-06-16 11:35:21,175][root][INFO] - Checkpoint saved: /gpfs/scratch/bsc32/bsc096444/ai4land-tfm/trained_models/unet_impl/41825173/best_model.pth
[2026-06-16 11:35:21,343][root][INFO] - Checkpoint saved: /gpfs/scratch/bsc32/bsc096444/ai4land-tfm/trained_models/unet_impl/41825173/model_epoch_3.pth
[2026-06-16 11:35:23,363][root][INFO] - Epoch [4/5], Batch [1/300], Loss: 0.9058 (Overall: 0.5412, Change: 1.2703), TF Ratio: 0.820
[2026-06-16 11:35:23,541][root][INFO] - Epoch [4/5], Batch [2/300], Loss: 0.8827 (Overall: 0.6775, Change: 1.0417), TF Ratio: 0.820
[2026-06-16 11:35:23,693][root][INFO] - Epoch [4/5], Batch [3/300], Loss: 0.9807 (Overall: 0.7437, Change: 1.6097), TF Ratio: 0.819
[2026-06-16 11:35:23,845][root][INFO] - Epoch [4/5], Batch [4/300], Loss: 0.9156 (Overall: 0.7013, Change: 0.7391), TF Ratio: 0.819
[2026-06-16 11:35:23,995][root][INFO] - Epoch [4/5], Batch [5/300], Loss: 1.0670 (Overall: 1.8569, Change: 1.4884), TF Ratio: 0.819
[2026-06-16 11:35:24,146][root][INFO] - Epoch [4/5], Batch [6/300], Loss: 1.1069 (Overall: 1.0600, Change: 1.5525), TF Ratio: 0.819
[2026-06-16 11:35:24,298][root][INFO] - Epoch [4/5], Batch [7/300], Loss: 1.1502 (Overall: 1.2658, Change: 1.5549), TF Ratio: 0.819
[2026-06-16 11:35:24,469][root][INFO] - Epoch [4/5], Batch [8/300], Loss: 1.1254 (Overall: 0.7904, Change: 1.1124), TF Ratio: 0.818
[2026-06-16 11:35:24,620][root][INFO] - Epoch [4/5], Batch [9/300], Loss: 1.1102 (Overall: 0.6155, Change: 1.3618), TF Ratio: 0.818
[2026-06-16 11:35:24,772][root][INFO] - Epoch [4/5], Batch [10/300], Loss: 1.1221 (Overall: 0.9242, Change: 1.5342), TF Ratio: 0.818
[2026-06-16 11:35:24,930][root][INFO] - Epoch [4/5], Batch [11/300], Loss: 1.1298 (Overall: 0.8934, Change: 1.5218), TF Ratio: 0.818
[2026-06-16 11:35:25,082][root][INFO] - Epoch [4/5], Batch [12/300], Loss: 1.1393 (Overall: 0.7910, Change: 1.6961), TF Ratio: 0.818
[2026-06-16 11:35:25,233][root][INFO] - Epoch [4/5], Batch [13/300], Loss: 1.1355 (Overall: 0.6169, Change: 1.5627), TF Ratio: 0.817
[2026-06-16 11:35:25,385][root][INFO] - Epoch [4/5], Batch [14/300], Loss: 1.1276 (Overall: 0.7265, Change: 1.3241), TF Ratio: 0.817
[2026-06-16 11:35:25,536][root][INFO] - Epoch [4/5], Batch [15/300], Loss: 1.1209 (Overall: 0.7847, Change: 1.2687), TF Ratio: 0.817
[2026-06-16 11:35:25,699][root][INFO] - Epoch [4/5], Batch [16/300], Loss: 1.1269 (Overall: 1.0655, Change: 1.3666), TF Ratio: 0.817
[2026-06-16 11:35:25,857][root][INFO] - Epoch [4/5], Batch [17/300], Loss: 1.1340 (Overall: 0.6908, Change: 1.8064), TF Ratio: 0.817
[2026-06-16 11:35:26,009][root][INFO] - Epoch [4/5], Batch [18/300], Loss: 1.1403 (Overall: 0.7779, Change: 1.7169), TF Ratio: 0.816
[2026-06-16 11:35:26,161][root][INFO] - Epoch [4/5], Batch [19/300], Loss: 1.1455 (Overall: 0.7201, Change: 1.7576), TF Ratio: 0.816
[2026-06-16 11:35:26,318][root][INFO] - Epoch [4/5], Batch [20/300], Loss: 1.1502 (Overall: 0.8104, Change: 1.6668), TF Ratio: 0.816
[2026-06-16 11:35:26,470][root][INFO] - Epoch [4/5], Batch [21/300], Loss: 1.1494 (Overall: 0.8720, Change: 1.3958), TF Ratio: 0.816
[2026-06-16 11:35:26,622][root][INFO] - Epoch [4/5], Batch [22/300], Loss: 1.1443 (Overall: 0.9155, Change: 1.1584), TF Ratio: 0.816
[2026-06-16 11:35:26,783][root][INFO] - Epoch [4/5], Batch [23/300], Loss: 1.1467 (Overall: 0.7402, Change: 1.6598), TF Ratio: 0.815
[2026-06-16 11:35:26,937][root][INFO] - Epoch [4/5], Batch [24/300], Loss: 1.1494 (Overall: 0.7471, Change: 1.6747), TF Ratio: 0.815
[2026-06-16 11:35:27,088][root][INFO] - Epoch [4/5], Batch [25/300], Loss: 1.1522 (Overall: 0.8306, Change: 1.6075), TF Ratio: 0.815
[2026-06-16 11:35:27,239][root][INFO] - Epoch [4/5], Batch [26/300], Loss: 1.1570 (Overall: 0.9534, Change: 1.6022), TF Ratio: 0.815
[2026-06-16 11:35:27,398][root][INFO] - Epoch [4/5], Batch [27/300], Loss: 1.1586 (Overall: 0.8665, Change: 1.5340), TF Ratio: 0.815
[2026-06-16 11:35:27,551][root][INFO] - Epoch [4/5], Batch [28/300], Loss: 1.1609 (Overall: 0.7791, Change: 1.6682), TF Ratio: 0.814
[2026-06-16 11:35:27,705][root][INFO] - Epoch [4/5], Batch [29/300], Loss: 1.1566 (Overall: 0.8372, Change: 1.2322), TF Ratio: 0.814
[2026-06-16 11:35:27,856][root][INFO] - Epoch [4/5], Batch [30/300], Loss: 1.1556 (Overall: 0.7555, Change: 1.5003), TF Ratio: 0.814
[2026-06-16 11:35:28,007][root][INFO] - Epoch [4/5], Batch [31/300], Loss: 1.1542 (Overall: 0.7944, Change: 1.4314), TF Ratio: 0.814
[2026-06-16 11:35:28,160][root][INFO] - Epoch [4/5], Batch [32/300], Loss: 1.1448 (Overall: 0.6962, Change: 1.0090), TF Ratio: 0.814
[2026-06-16 11:35:28,314][root][INFO] - Epoch [4/5], Batch [33/300], Loss: 1.1408 (Overall: 0.8425, Change: 1.1807), TF Ratio: 0.813
[2026-06-16 11:35:28,466][root][INFO] - Epoch [4/5], Batch [34/300], Loss: 1.1298 (Overall: 0.5726, Change: 0.9601), TF Ratio: 0.813
[2026-06-16 11:35:28,618][root][INFO] - Epoch [4/5], Batch [35/300], Loss: 1.1340 (Overall: 1.0801, Change: 1.4753), TF Ratio: 0.813
[2026-06-16 11:35:28,770][root][INFO] - Epoch [4/5], Batch [36/300], Loss: 1.1360 (Overall: 0.7620, Change: 1.6511), TF Ratio: 0.813
[2026-06-16 11:35:28,923][root][INFO] - Epoch [4/5], Batch [37/300], Loss: 1.1364 (Overall: 0.7822, Change: 1.5193), TF Ratio: 0.813
[2026-06-16 11:35:29,074][root][INFO] - Epoch [4/5], Batch [38/300], Loss: 1.1373 (Overall: 0.8345, Change: 1.5057), TF Ratio: 0.812
[2026-06-16 11:35:29,232][root][INFO] - Epoch [4/5], Batch [39/300], Loss: 1.1400 (Overall: 0.9742, Change: 1.5161), TF Ratio: 0.812
[2026-06-16 11:35:29,385][root][INFO] - Epoch [4/5], Batch [40/300], Loss: 1.1414 (Overall: 0.8731, Change: 1.5181), TF Ratio: 0.812
[2026-06-16 11:35:29,535][root][INFO] - Epoch [4/5], Batch [41/300], Loss: 1.1336 (Overall: 0.6241, Change: 1.0144), TF Ratio: 0.812
[2026-06-16 11:35:29,692][root][INFO] - Epoch [4/5], Batch [42/300], Loss: 1.1368 (Overall: 0.9286, Change: 1.6056), TF Ratio: 0.812
[2026-06-16 11:35:29,844][root][INFO] - Epoch [4/5], Batch [43/300], Loss: 1.1342 (Overall: 0.9520, Change: 1.0994), TF Ratio: 0.811
[2026-06-16 11:35:29,996][root][INFO] - Epoch [4/5], Batch [44/300], Loss: 1.1326 (Overall: 0.5929, Change: 1.5371), TF Ratio: 0.811
[2026-06-16 11:35:30,156][root][INFO] - Epoch [4/5], Batch [45/300], Loss: 1.1359 (Overall: 1.0431, Change: 1.5222), TF Ratio: 0.811
[2026-06-16 11:35:30,308][root][INFO] - Epoch [4/5], Batch [46/300], Loss: 1.1410 (Overall: 1.2913, Change: 1.4493), TF Ratio: 0.811
[2026-06-16 11:35:30,467][root][INFO] - Epoch [4/5], Batch [47/300], Loss: 1.1460 (Overall: 1.2576, Change: 1.4940), TF Ratio: 0.811
[2026-06-16 11:35:30,625][root][INFO] - Epoch [4/5], Batch [48/300], Loss: 1.1374 (Overall: 0.5675, Change: 0.8986), TF Ratio: 0.810
[2026-06-16 11:35:30,785][root][INFO] - Epoch [4/5], Batch [49/300], Loss: 1.1360 (Overall: 0.6092, Change: 1.5223), TF Ratio: 0.810
[2026-06-16 11:35:30,937][root][INFO] - Epoch [4/5], Batch [50/300], Loss: 1.1383 (Overall: 0.9361, Change: 1.5693), TF Ratio: 0.810
[2026-06-16 11:35:31,090][root][INFO] - Epoch [4/5], Batch [51/300], Loss: 1.1382 (Overall: 0.6984, Change: 1.5696), TF Ratio: 0.810
[2026-06-16 11:35:31,243][root][INFO] - Epoch [4/5], Batch [52/300], Loss: 1.1385 (Overall: 0.9581, Change: 1.3525), TF Ratio: 0.810
[2026-06-16 11:35:31,394][root][INFO] - Epoch [4/5], Batch [53/300], Loss: 1.1394 (Overall: 0.6209, Change: 1.7427), TF Ratio: 0.809
[2026-06-16 11:35:31,547][root][INFO] - Epoch [4/5], Batch [54/300], Loss: 1.1364 (Overall: 0.5474, Change: 1.4077), TF Ratio: 0.809
[2026-06-16 11:35:31,698][root][INFO] - Epoch [4/5], Batch [55/300], Loss: 1.1365 (Overall: 1.0436, Change: 1.2454), TF Ratio: 0.809
[2026-06-16 11:35:31,851][root][INFO] - Epoch [4/5], Batch [56/300], Loss: 1.1345 (Overall: 0.5984, Change: 1.4457), TF Ratio: 0.809
[2026-06-16 11:35:32,001][root][INFO] - Epoch [4/5], Batch [57/300], Loss: 1.1341 (Overall: 0.7877, Change: 1.4412), TF Ratio: 0.809
[2026-06-16 11:35:32,152][root][INFO] - Epoch [4/5], Batch [58/300], Loss: 1.1356 (Overall: 0.9915, Change: 1.4474), TF Ratio: 0.808
[2026-06-16 11:35:32,304][root][INFO] - Epoch [4/5], Batch [59/300], Loss: 1.1374 (Overall: 1.1486, Change: 1.3421), TF Ratio: 0.808
[2026-06-16 11:35:32,457][root][INFO] - Epoch [4/5], Batch [60/300], Loss: 1.1397 (Overall: 0.8840, Change: 1.6594), TF Ratio: 0.808
[2026-06-16 11:35:32,617][root][INFO] - Epoch [4/5], Batch [61/300], Loss: 1.1451 (Overall: 0.8154, Change: 2.1223), TF Ratio: 0.808
[2026-06-16 11:35:32,779][root][INFO] - Epoch [4/5], Batch [62/300], Loss: 1.1419 (Overall: 0.5573, Change: 1.3400), TF Ratio: 0.808
[2026-06-16 11:35:32,931][root][INFO] - Epoch [4/5], Batch [63/300], Loss: 1.1391 (Overall: 0.6745, Change: 1.2563), TF Ratio: 0.807
[2026-06-16 11:35:33,083][root][INFO] - Epoch [4/5], Batch [64/300], Loss: 1.1401 (Overall: 0.9934, Change: 1.4115), TF Ratio: 0.807
[2026-06-16 11:35:33,233][root][INFO] - Epoch [4/5], Batch [65/300], Loss: 1.1409 (Overall: 0.8862, Change: 1.4980), TF Ratio: 0.807
[2026-06-16 11:35:33,396][root][INFO] - Epoch [4/5], Batch [66/300], Loss: 1.1412 (Overall: 0.6820, Change: 1.6425), TF Ratio: 0.807
[2026-06-16 11:35:33,548][root][INFO] - Epoch [4/5], Batch [67/300], Loss: 1.1440 (Overall: 0.8936, Change: 1.7575), TF Ratio: 0.807
[2026-06-16 11:35:33,701][root][INFO] - Epoch [4/5], Batch [68/300], Loss: 1.1438 (Overall: 0.9118, Change: 1.3552), TF Ratio: 0.806
[2026-06-16 11:35:33,851][root][INFO] - Epoch [4/5], Batch [69/300], Loss: 1.1438 (Overall: 0.7411, Change: 1.5507), TF Ratio: 0.806
[2026-06-16 11:35:34,003][root][INFO] - Epoch [4/5], Batch [70/300], Loss: 1.1486 (Overall: 1.5160, Change: 1.4382), TF Ratio: 0.806
[2026-06-16 11:35:34,155][root][INFO] - Epoch [4/5], Batch [71/300], Loss: 1.1517 (Overall: 1.1345, Change: 1.6006), TF Ratio: 0.806
[2026-06-16 11:35:34,307][root][INFO] - Epoch [4/5], Batch [72/300], Loss: 1.1506 (Overall: 0.6573, Change: 1.4846), TF Ratio: 0.806
[2026-06-16 11:35:34,459][root][INFO] - Epoch [4/5], Batch [73/300], Loss: 1.1470 (Overall: 0.5418, Change: 1.2352), TF Ratio: 0.805
[2026-06-16 11:35:34,609][root][INFO] - Epoch [4/5], Batch [74/300], Loss: 1.1471 (Overall: 1.0731, Change: 1.2344), TF Ratio: 0.805
[2026-06-16 11:35:34,760][root][INFO] - Epoch [4/5], Batch [75/300], Loss: 1.1456 (Overall: 0.7729, Change: 1.2952), TF Ratio: 0.805
[2026-06-16 11:35:34,912][root][INFO] - Epoch [4/5], Batch [76/300], Loss: 1.1586 (Overall: 1.8244, Change: 2.4520), TF Ratio: 0.805
[2026-06-16 11:35:35,065][root][INFO] - Epoch [4/5], Batch [77/300], Loss: 1.1667 (Overall: 2.0329, Change: 1.5248), TF Ratio: 0.805
[2026-06-16 11:35:35,221][root][INFO] - Epoch [4/5], Batch [78/300], Loss: 1.1663 (Overall: 0.6947, Change: 1.5827), TF Ratio: 0.804
[2026-06-16 11:35:35,372][root][INFO] - Epoch [4/5], Batch [79/300], Loss: 1.1641 (Overall: 0.7502, Change: 1.2277), TF Ratio: 0.804
[2026-06-16 11:35:35,524][root][INFO] - Epoch [4/5], Batch [80/300], Loss: 1.1633 (Overall: 0.7704, Change: 1.4333), TF Ratio: 0.804
[2026-06-16 11:35:35,675][root][INFO] - Epoch [4/5], Batch [81/300], Loss: 1.1604 (Overall: 0.7849, Change: 1.0690), TF Ratio: 0.804
[2026-06-16 11:35:35,825][root][INFO] - Epoch [4/5], Batch [82/300], Loss: 1.1612 (Overall: 0.9798, Change: 1.4717), TF Ratio: 0.804
[2026-06-16 11:35:35,976][root][INFO] - Epoch [4/5], Batch [83/300], Loss: 1.1623 (Overall: 0.9311, Change: 1.5840), TF Ratio: 0.803
[2026-06-16 11:35:36,146][root][INFO] - Epoch [4/5], Batch [84/300], Loss: 1.1609 (Overall: 0.6138, Change: 1.4683), TF Ratio: 0.803
[2026-06-16 11:35:36,296][root][INFO] - Epoch [4/5], Batch [85/300], Loss: 1.1598 (Overall: 0.8681, Change: 1.2684), TF Ratio: 0.803
[2026-06-16 11:35:36,447][root][INFO] - Epoch [4/5], Batch [86/300], Loss: 1.1586 (Overall: 0.8039, Change: 1.3105), TF Ratio: 0.803
[2026-06-16 11:35:36,598][root][INFO] - Epoch [4/5], Batch [87/300], Loss: 1.1602 (Overall: 1.1476, Change: 1.4417), TF Ratio: 0.803
[2026-06-16 11:35:36,753][root][INFO] - Epoch [4/5], Batch [88/300], Loss: 1.1590 (Overall: 0.9705, Change: 1.1502), TF Ratio: 0.802
[2026-06-16 11:35:36,904][root][INFO] - Epoch [4/5], Batch [89/300], Loss: 1.1638 (Overall: 0.8670, Change: 2.2938), TF Ratio: 0.802
[2026-06-16 11:35:37,059][root][INFO] - Epoch [4/5], Batch [90/300], Loss: 1.1666 (Overall: 1.1777, Change: 1.6639), TF Ratio: 0.802
[2026-06-16 11:35:37,210][root][INFO] - Epoch [4/5], Batch [91/300], Loss: 1.1653 (Overall: 0.8848, Change: 1.2118), TF Ratio: 0.802
[2026-06-16 11:35:37,362][root][INFO] - Epoch [4/5], Batch [92/300], Loss: 1.1655 (Overall: 0.4598, Change: 1.9087), TF Ratio: 0.802
[2026-06-16 11:35:37,513][root][INFO] - Epoch [4/5], Batch [93/300], Loss: 1.1664 (Overall: 0.7653, Change: 1.7282), TF Ratio: 0.801
[2026-06-16 11:35:37,664][root][INFO] - Epoch [4/5], Batch [94/300], Loss: 1.1650 (Overall: 1.0228, Change: 1.0417), TF Ratio: 0.801
[2026-06-16 11:35:37,815][root][INFO] - Epoch [4/5], Batch [95/300], Loss: 1.1634 (Overall: 0.6030, Change: 1.4192), TF Ratio: 0.801
[2026-06-16 11:35:37,967][root][INFO] - Epoch [4/5], Batch [96/300], Loss: 1.1626 (Overall: 0.7362, Change: 1.4464), TF Ratio: 0.801
[2026-06-16 11:35:38,118][root][INFO] - Epoch [4/5], Batch [97/300], Loss: 1.1625 (Overall: 0.7779, Change: 1.5168), TF Ratio: 0.801
[2026-06-16 11:35:38,271][root][INFO] - Epoch [4/5], Batch [98/300], Loss: 1.1611 (Overall: 0.6549, Change: 1.4121), TF Ratio: 0.800
[2026-06-16 11:35:38,423][root][INFO] - Epoch [4/5], Batch [99/300], Loss: 1.1607 (Overall: 0.8841, Change: 1.3437), TF Ratio: 0.800
[2026-06-16 11:35:38,580][root][INFO] - Epoch [4/5], Batch [100/300], Loss: 1.1588 (Overall: 0.7823, Change: 1.1592), TF Ratio: 0.800
[2026-06-16 11:35:38,730][root][INFO] - Epoch [4/5], Batch [101/300], Loss: 1.1584 (Overall: 0.7960, Change: 1.4451), TF Ratio: 0.800
[2026-06-16 11:35:38,882][root][INFO] - Epoch [4/5], Batch [102/300], Loss: 1.1600 (Overall: 1.1663, Change: 1.4797), TF Ratio: 0.800
[2026-06-16 11:35:39,033][root][INFO] - Epoch [4/5], Batch [103/300], Loss: 1.1584 (Overall: 1.0835, Change: 0.9059), TF Ratio: 0.799
[2026-06-16 11:35:39,193][root][INFO] - Epoch [4/5], Batch [104/300], Loss: 1.1600 (Overall: 0.9879, Change: 1.6525), TF Ratio: 0.799
[2026-06-16 11:35:39,345][root][INFO] - Epoch [4/5], Batch [105/300], Loss: 1.1601 (Overall: 0.9049, Change: 1.4566), TF Ratio: 0.799
[2026-06-16 11:35:39,496][root][INFO] - Epoch [4/5], Batch [106/300], Loss: 1.1604 (Overall: 0.7268, Change: 1.6382), TF Ratio: 0.799
[2026-06-16 11:35:39,648][root][INFO] - Epoch [4/5], Batch [107/300], Loss: 1.1608 (Overall: 0.9109, Change: 1.5026), TF Ratio: 0.799
[2026-06-16 11:35:39,802][root][INFO] - Epoch [4/5], Batch [108/300], Loss: 1.1597 (Overall: 0.6648, Change: 1.4175), TF Ratio: 0.798
[2026-06-16 11:35:39,953][root][INFO] - Epoch [4/5], Batch [109/300], Loss: 1.1605 (Overall: 1.1318, Change: 1.3579), TF Ratio: 0.798
[2026-06-16 11:35:40,106][root][INFO] - Epoch [4/5], Batch [110/300], Loss: 1.1606 (Overall: 0.6690, Change: 1.6869), TF Ratio: 0.798
[2026-06-16 11:35:40,261][root][INFO] - Epoch [4/5], Batch [111/300], Loss: 1.1601 (Overall: 0.7081, Change: 1.4987), TF Ratio: 0.798
[2026-06-16 11:35:40,414][root][INFO] - Epoch [4/5], Batch [112/300], Loss: 1.1578 (Overall: 0.6896, Change: 1.1153), TF Ratio: 0.798
[2026-06-16 11:35:40,573][root][INFO] - Epoch [4/5], Batch [113/300], Loss: 1.1570 (Overall: 0.6574, Change: 1.4781), TF Ratio: 0.797
[2026-06-16 11:35:40,724][root][INFO] - Epoch [4/5], Batch [114/300], Loss: 1.1560 (Overall: 0.7524, Change: 1.3233), TF Ratio: 0.797
[2026-06-16 11:35:40,875][root][INFO] - Epoch [4/5], Batch [115/300], Loss: 1.1550 (Overall: 0.7851, Change: 1.3143), TF Ratio: 0.797
[2026-06-16 11:35:41,027][root][INFO] - Epoch [4/5], Batch [116/300], Loss: 1.1553 (Overall: 0.8736, Change: 1.4973), TF Ratio: 0.797
[2026-06-16 11:35:41,177][root][INFO] - Epoch [4/5], Batch [117/300], Loss: 1.1559 (Overall: 1.0423, Change: 1.3972), TF Ratio: 0.797
[2026-06-16 11:35:41,342][root][INFO] - Epoch [4/5], Batch [118/300], Loss: 1.1562 (Overall: 0.7282, Change: 1.6547), TF Ratio: 0.796
[2026-06-16 11:35:41,494][root][INFO] - Epoch [4/5], Batch [119/300], Loss: 1.1554 (Overall: 0.7328, Change: 1.3915), TF Ratio: 0.796
[2026-06-16 11:35:41,646][root][INFO] - Epoch [4/5], Batch [120/300], Loss: 1.1564 (Overall: 0.8156, Change: 1.7388), TF Ratio: 0.796
[2026-06-16 11:35:41,798][root][INFO] - Epoch [4/5], Batch [121/300], Loss: 1.1543 (Overall: 0.6450, Change: 1.1579), TF Ratio: 0.796
[2026-06-16 11:35:41,950][root][INFO] - Epoch [4/5], Batch [122/300], Loss: 1.1533 (Overall: 0.8301, Change: 1.2316), TF Ratio: 0.796
[2026-06-16 11:35:42,111][root][INFO] - Epoch [4/5], Batch [123/300], Loss: 1.1519 (Overall: 0.5686, Change: 1.3934), TF Ratio: 0.795
[2026-06-16 11:35:42,268][root][INFO] - Epoch [4/5], Batch [124/300], Loss: 1.1522 (Overall: 0.8225, Change: 1.5744), TF Ratio: 0.795
[2026-06-16 11:35:42,426][root][INFO] - Epoch [4/5], Batch [125/300], Loss: 1.1510 (Overall: 0.6913, Change: 1.3119), TF Ratio: 0.795
[2026-06-16 11:35:42,577][root][INFO] - Epoch [4/5], Batch [126/300], Loss: 1.1503 (Overall: 0.5773, Change: 1.5307), TF Ratio: 0.795
[2026-06-16 11:35:42,728][root][INFO] - Epoch [4/5], Batch [127/300], Loss: 1.1490 (Overall: 0.6278, Change: 1.3459), TF Ratio: 0.795
[2026-06-16 11:35:42,881][root][INFO] - Epoch [4/5], Batch [128/300], Loss: 1.1469 (Overall: 0.5485, Change: 1.2091), TF Ratio: 0.794
[2026-06-16 11:35:43,031][root][INFO] - Epoch [4/5], Batch [129/300], Loss: 1.1468 (Overall: 0.9046, Change: 1.3834), TF Ratio: 0.794
[2026-06-16 11:35:43,182][root][INFO] - Epoch [4/5], Batch [130/300], Loss: 1.1472 (Overall: 0.9222, Change: 1.4633), TF Ratio: 0.794
[2026-06-16 11:35:43,333][root][INFO] - Epoch [4/5], Batch [131/300], Loss: 1.1472 (Overall: 0.8204, Change: 1.4754), TF Ratio: 0.794
[2026-06-16 11:35:43,486][root][INFO] - Epoch [4/5], Batch [132/300], Loss: 1.1494 (Overall: 0.9738, Change: 1.9077), TF Ratio: 0.794
[2026-06-16 11:35:43,638][root][INFO] - Epoch [4/5], Batch [133/300], Loss: 1.1502 (Overall: 1.1220, Change: 1.3712), TF Ratio: 0.793
[2026-06-16 11:35:43,795][root][INFO] - Epoch [4/5], Batch [134/300], Loss: 1.1492 (Overall: 0.7201, Change: 1.3116), TF Ratio: 0.793
[2026-06-16 11:35:43,948][root][INFO] - Epoch [4/5], Batch [135/300], Loss: 1.1475 (Overall: 0.8206, Change: 1.0204), TF Ratio: 0.793
[2026-06-16 11:35:44,101][root][INFO] - Epoch [4/5], Batch [136/300], Loss: 1.1480 (Overall: 0.9925, Change: 1.4398), TF Ratio: 0.793
[2026-06-16 11:35:44,252][root][INFO] - Epoch [4/5], Batch [137/300], Loss: 1.1479 (Overall: 0.5925, Change: 1.6937), TF Ratio: 0.793
[2026-06-16 11:35:44,404][root][INFO] - Epoch [4/5], Batch [138/300], Loss: 1.1454 (Overall: 0.6504, Change: 0.9508), TF Ratio: 0.792
[2026-06-16 11:35:44,556][root][INFO] - Epoch [4/5], Batch [139/300], Loss: 1.1458 (Overall: 0.7402, Change: 1.6694), TF Ratio: 0.792
[2026-06-16 11:35:44,708][root][INFO] - Epoch [4/5], Batch [140/300], Loss: 1.1453 (Overall: 0.6612, Change: 1.4763), TF Ratio: 0.792
[2026-06-16 11:35:44,858][root][INFO] - Epoch [4/5], Batch [141/300], Loss: 1.1434 (Overall: 0.5609, Change: 1.2059), TF Ratio: 0.792
[2026-06-16 11:35:45,009][root][INFO] - Epoch [4/5], Batch [142/300], Loss: 1.1435 (Overall: 0.7656, Change: 1.5351), TF Ratio: 0.792
[2026-06-16 11:35:45,160][root][INFO] - Epoch [4/5], Batch [143/300], Loss: 1.1439 (Overall: 0.9169, Change: 1.4888), TF Ratio: 0.791
[2026-06-16 11:35:45,312][root][INFO] - Epoch [4/5], Batch [144/300], Loss: 1.1430 (Overall: 0.8438, Change: 1.1880), TF Ratio: 0.791
[2026-06-16 11:35:45,462][root][INFO] - Epoch [4/5], Batch [145/300], Loss: 1.1438 (Overall: 0.7223, Change: 1.8056), TF Ratio: 0.791
[2026-06-16 11:35:45,613][root][INFO] - Epoch [4/5], Batch [146/300], Loss: 1.1443 (Overall: 1.0389, Change: 1.3679), TF Ratio: 0.791
[2026-06-16 11:35:45,763][root][INFO] - Epoch [4/5], Batch [147/300], Loss: 1.1437 (Overall: 0.8915, Change: 1.2398), TF Ratio: 0.791
[2026-06-16 11:35:45,922][root][INFO] - Epoch [4/5], Batch [148/300], Loss: 1.1446 (Overall: 1.3045, Change: 1.2359), TF Ratio: 0.790
[2026-06-16 11:35:46,073][root][INFO] - Epoch [4/5], Batch [149/300], Loss: 1.1448 (Overall: 0.8795, Change: 1.4865), TF Ratio: 0.790
[2026-06-16 11:35:46,223][root][INFO] - Epoch [4/5], Batch [150/300], Loss: 1.1444 (Overall: 0.6941, Change: 1.4657), TF Ratio: 0.790
[2026-06-16 11:35:46,375][root][INFO] - Epoch [4/5], Batch [151/300], Loss: 1.1432 (Overall: 0.6229, Change: 1.3070), TF Ratio: 0.790
[2026-06-16 11:35:46,529][root][INFO] - Epoch [4/5], Batch [152/300], Loss: 1.1436 (Overall: 0.9309, Change: 1.4694), TF Ratio: 0.790
[2026-06-16 11:35:46,679][root][INFO] - Epoch [4/5], Batch [153/300], Loss: 1.1438 (Overall: 0.9307, Change: 1.4226), TF Ratio: 0.789
[2026-06-16 11:35:46,839][root][INFO] - Epoch [4/5], Batch [154/300], Loss: 1.1436 (Overall: 0.7761, Change: 1.4422), TF Ratio: 0.789
[2026-06-16 11:35:46,989][root][INFO] - Epoch [4/5], Batch [155/300], Loss: 1.1433 (Overall: 0.8586, Change: 1.3558), TF Ratio: 0.789
[2026-06-16 11:35:47,141][root][INFO] - Epoch [4/5], Batch [156/300], Loss: 1.1432 (Overall: 0.9653, Change: 1.2713), TF Ratio: 0.789
[2026-06-16 11:35:47,291][root][INFO] - Epoch [4/5], Batch [157/300], Loss: 1.1437 (Overall: 0.8074, Change: 1.6511), TF Ratio: 0.789
[2026-06-16 11:35:47,442][root][INFO] - Epoch [4/5], Batch [158/300], Loss: 1.1440 (Overall: 1.0130, Change: 1.3720), TF Ratio: 0.788
[2026-06-16 11:35:47,593][root][INFO] - Epoch [4/5], Batch [159/300], Loss: 1.1445 (Overall: 0.8311, Change: 1.6090), TF Ratio: 0.788
[2026-06-16 11:35:47,745][root][INFO] - Epoch [4/5], Batch [160/300], Loss: 1.1428 (Overall: 0.7767, Change: 0.9528), TF Ratio: 0.788
[2026-06-16 11:35:47,899][root][INFO] - Epoch [4/5], Batch [161/300], Loss: 1.1416 (Overall: 0.7682, Change: 1.1366), TF Ratio: 0.788
[2026-06-16 11:35:48,050][root][INFO] - Epoch [4/5], Batch [162/300], Loss: 1.1427 (Overall: 0.7970, Change: 1.8341), TF Ratio: 0.788
[2026-06-16 11:35:48,201][root][INFO] - Epoch [4/5], Batch [163/300], Loss: 1.1418 (Overall: 0.5756, Change: 1.4204), TF Ratio: 0.787
[2026-06-16 11:35:48,359][root][INFO] - Epoch [4/5], Batch [164/300], Loss: 1.1423 (Overall: 0.8884, Change: 1.5732), TF Ratio: 0.787
[2026-06-16 11:35:48,509][root][INFO] - Epoch [4/5], Batch [165/300], Loss: 1.1427 (Overall: 0.8755, Change: 1.5240), TF Ratio: 0.787
[2026-06-16 11:35:48,660][root][INFO] - Epoch [4/5], Batch [166/300], Loss: 1.1425 (Overall: 0.7605, Change: 1.4844), TF Ratio: 0.787
[2026-06-16 11:35:48,811][root][INFO] - Epoch [4/5], Batch [167/300], Loss: 1.1415 (Overall: 0.6143, Change: 1.3248), TF Ratio: 0.787
[2026-06-16 11:35:48,963][root][INFO] - Epoch [4/5], Batch [168/300], Loss: 1.1406 (Overall: 0.6172, Change: 1.3613), TF Ratio: 0.786
[2026-06-16 11:35:49,113][root][INFO] - Epoch [4/5], Batch [169/300], Loss: 1.1397 (Overall: 0.7227, Change: 1.2455), TF Ratio: 0.786
[2026-06-16 11:35:49,264][root][INFO] - Epoch [4/5], Batch [170/300], Loss: 1.1398 (Overall: 0.9106, Change: 1.4215), TF Ratio: 0.786
[2026-06-16 11:35:49,415][root][INFO] - Epoch [4/5], Batch [171/300], Loss: 1.1390 (Overall: 0.7207, Change: 1.2933), TF Ratio: 0.786
[2026-06-16 11:35:49,580][root][INFO] - Epoch [4/5], Batch [172/300], Loss: 1.1368 (Overall: 0.6413, Change: 0.8507), TF Ratio: 0.786
[2026-06-16 11:35:49,731][root][INFO] - Epoch [4/5], Batch [173/300], Loss: 1.1381 (Overall: 1.1698, Change: 1.5810), TF Ratio: 0.785
[2026-06-16 11:35:49,882][root][INFO] - Epoch [4/5], Batch [174/300], Loss: 1.1375 (Overall: 0.8694, Change: 1.1891), TF Ratio: 0.785
[2026-06-16 11:35:50,038][root][INFO] - Epoch [4/5], Batch [175/300], Loss: 1.1377 (Overall: 0.9247, Change: 1.4008), TF Ratio: 0.785
[2026-06-16 11:35:50,190][root][INFO] - Epoch [4/5], Batch [176/300], Loss: 1.1374 (Overall: 0.6989, Change: 1.4686), TF Ratio: 0.785
[2026-06-16 11:35:50,340][root][INFO] - Epoch [4/5], Batch [177/300], Loss: 1.1370 (Overall: 0.8220, Change: 1.3299), TF Ratio: 0.785
[2026-06-16 11:35:50,491][root][INFO] - Epoch [4/5], Batch [178/300], Loss: 1.1377 (Overall: 0.7164, Change: 1.7904), TF Ratio: 0.784
[2026-06-16 11:35:50,642][root][INFO] - Epoch [4/5], Batch [179/300], Loss: 1.1378 (Overall: 0.8348, Change: 1.4882), TF Ratio: 0.784
[2026-06-16 11:35:50,793][root][INFO] - Epoch [4/5], Batch [180/300], Loss: 1.1373 (Overall: 0.6701, Change: 1.4417), TF Ratio: 0.784
[2026-06-16 11:35:50,944][root][INFO] - Epoch [4/5], Batch [181/300], Loss: 1.1359 (Overall: 0.8060, Change: 0.9301), TF Ratio: 0.784
[2026-06-16 11:35:51,098][root][INFO] - Epoch [4/5], Batch [182/300], Loss: 1.1354 (Overall: 0.7331, Change: 1.3664), TF Ratio: 0.784
[2026-06-16 11:35:51,249][root][INFO] - Epoch [4/5], Batch [183/300], Loss: 1.1363 (Overall: 0.6281, Change: 1.9868), TF Ratio: 0.783
[2026-06-16 11:35:51,401][root][INFO] - Epoch [4/5], Batch [184/300], Loss: 1.1363 (Overall: 0.6429, Change: 1.6188), TF Ratio: 0.783
[2026-06-16 11:35:51,551][root][INFO] - Epoch [4/5], Batch [185/300], Loss: 1.1378 (Overall: 1.1084, Change: 1.7191), TF Ratio: 0.783
[2026-06-16 11:35:51,702][root][INFO] - Epoch [4/5], Batch [186/300], Loss: 1.1377 (Overall: 0.8325, Change: 1.4192), TF Ratio: 0.783
[2026-06-16 11:35:51,853][root][INFO] - Epoch [4/5], Batch [187/300], Loss: 1.1376 (Overall: 0.7618, Change: 1.4684), TF Ratio: 0.783
[2026-06-16 11:35:52,004][root][INFO] - Epoch [4/5], Batch [188/300], Loss: 1.1381 (Overall: 0.8673, Change: 1.5978), TF Ratio: 0.782
[2026-06-16 11:35:52,155][root][INFO] - Epoch [4/5], Batch [189/300], Loss: 1.1367 (Overall: 0.5753, Change: 1.1587), TF Ratio: 0.782
[2026-06-16 11:35:52,306][root][INFO] - Epoch [4/5], Batch [190/300], Loss: 1.1358 (Overall: 0.7200, Change: 1.2370), TF Ratio: 0.782
[2026-06-16 11:35:52,457][root][INFO] - Epoch [4/5], Batch [191/300], Loss: 1.1339 (Overall: 0.6214, Change: 0.9056), TF Ratio: 0.782
[2026-06-16 11:35:52,614][root][INFO] - Epoch [4/5], Batch [192/300], Loss: 1.1335 (Overall: 0.6145, Change: 1.5082), TF Ratio: 0.782
[2026-06-16 11:35:52,765][root][INFO] - Epoch [4/5], Batch [193/300], Loss: 1.1324 (Overall: 0.4336, Change: 1.3999), TF Ratio: 0.781
[2026-06-16 11:35:52,916][root][INFO] - Epoch [4/5], Batch [194/300], Loss: 1.1316 (Overall: 0.7043, Change: 1.2542), TF Ratio: 0.781
[2026-06-16 11:35:53,067][root][INFO] - Epoch [4/5], Batch [195/300], Loss: 1.1317 (Overall: 1.1902, Change: 1.1234), TF Ratio: 0.781
[2026-06-16 11:35:53,236][root][INFO] - Epoch [4/5], Batch [196/300], Loss: 1.1321 (Overall: 0.8478, Change: 1.5558), TF Ratio: 0.781
[2026-06-16 11:35:53,386][root][INFO] - Epoch [4/5], Batch [197/300], Loss: 1.1321 (Overall: 1.0141, Change: 1.2606), TF Ratio: 0.781
[2026-06-16 11:35:53,540][root][INFO] - Epoch [4/5], Batch [198/300], Loss: 1.1332 (Overall: 0.7289, Change: 1.9684), TF Ratio: 0.780
[2026-06-16 11:35:53,691][root][INFO] - Epoch [4/5], Batch [199/300], Loss: 1.1326 (Overall: 0.6140, Change: 1.4256), TF Ratio: 0.780
[2026-06-16 11:35:53,842][root][INFO] - Epoch [4/5], Batch [200/300], Loss: 1.1324 (Overall: 0.6393, Change: 1.5369), TF Ratio: 0.780
[2026-06-16 11:35:53,993][root][INFO] - Epoch [4/5], Batch [201/300], Loss: 1.1325 (Overall: 0.5535, Change: 1.7477), TF Ratio: 0.780
[2026-06-16 11:35:54,144][root][INFO] - Epoch [4/5], Batch [202/300], Loss: 1.1310 (Overall: 0.6757, Change: 0.9735), TF Ratio: 0.780
[2026-06-16 11:35:54,295][root][INFO] - Epoch [4/5], Batch [203/300], Loss: 1.1307 (Overall: 0.7496, Change: 1.3940), TF Ratio: 0.779
[2026-06-16 11:35:54,447][root][INFO] - Epoch [4/5], Batch [204/300], Loss: 1.1311 (Overall: 1.1949, Change: 1.2195), TF Ratio: 0.779
[2026-06-16 11:35:54,597][root][INFO] - Epoch [4/5], Batch [205/300], Loss: 1.1310 (Overall: 0.9037, Change: 1.3180), TF Ratio: 0.779
[2026-06-16 11:35:54,748][root][INFO] - Epoch [4/5], Batch [206/300], Loss: 1.1313 (Overall: 0.7690, Change: 1.6125), TF Ratio: 0.779
[2026-06-16 11:35:54,899][root][INFO] - Epoch [4/5], Batch [207/300], Loss: 1.1330 (Overall: 0.9938, Change: 1.9920), TF Ratio: 0.779
[2026-06-16 11:35:55,051][root][INFO] - Epoch [4/5], Batch [208/300], Loss: 1.1329 (Overall: 0.9095, Change: 1.3163), TF Ratio: 0.778
[2026-06-16 11:35:55,203][root][INFO] - Epoch [4/5], Batch [209/300], Loss: 1.1325 (Overall: 0.8208, Change: 1.2756), TF Ratio: 0.778
[2026-06-16 11:35:55,355][root][INFO] - Epoch [4/5], Batch [210/300], Loss: 1.1323 (Overall: 0.6846, Change: 1.4974), TF Ratio: 0.778
[2026-06-16 11:35:55,507][root][INFO] - Epoch [4/5], Batch [211/300], Loss: 1.1318 (Overall: 0.6731, Change: 1.3940), TF Ratio: 0.778
[2026-06-16 11:35:55,659][root][INFO] - Epoch [4/5], Batch [212/300], Loss: 1.1319 (Overall: 1.0148, Change: 1.2952), TF Ratio: 0.778
[2026-06-16 11:35:55,809][root][INFO] - Epoch [4/5], Batch [213/300], Loss: 1.1317 (Overall: 1.0018, Change: 1.1479), TF Ratio: 0.777
[2026-06-16 11:35:55,959][root][INFO] - Epoch [4/5], Batch [214/300], Loss: 1.1315 (Overall: 0.9816, Change: 1.1866), TF Ratio: 0.777
[2026-06-16 11:35:56,110][root][INFO] - Epoch [4/5], Batch [215/300], Loss: 1.1302 (Overall: 0.7018, Change: 1.0053), TF Ratio: 0.777
[2026-06-16 11:35:56,262][root][INFO] - Epoch [4/5], Batch [216/300], Loss: 1.1307 (Overall: 1.0612, Change: 1.4204), TF Ratio: 0.777
[2026-06-16 11:35:56,415][root][INFO] - Epoch [4/5], Batch [217/300], Loss: 1.1302 (Overall: 0.7814, Change: 1.2932), TF Ratio: 0.777
[2026-06-16 11:35:56,566][root][INFO] - Epoch [4/5], Batch [218/300], Loss: 1.1300 (Overall: 0.4669, Change: 1.6952), TF Ratio: 0.776
[2026-06-16 11:35:56,717][root][INFO] - Epoch [4/5], Batch [219/300], Loss: 1.1303 (Overall: 0.5842, Change: 1.7884), TF Ratio: 0.776
[2026-06-16 11:35:56,869][root][INFO] - Epoch [4/5], Batch [220/300], Loss: 1.1305 (Overall: 0.9248, Change: 1.4198), TF Ratio: 0.776
[2026-06-16 11:35:57,019][root][INFO] - Epoch [4/5], Batch [221/300], Loss: 1.1312 (Overall: 1.0562, Change: 1.5254), TF Ratio: 0.776
[2026-06-16 11:35:57,170][root][INFO] - Epoch [4/5], Batch [222/300], Loss: 1.1307 (Overall: 0.8340, Change: 1.2141), TF Ratio: 0.776
[2026-06-16 11:35:57,321][root][INFO] - Epoch [4/5], Batch [223/300], Loss: 1.1310 (Overall: 0.9937, Change: 1.4167), TF Ratio: 0.775
[2026-06-16 11:35:57,473][root][INFO] - Epoch [4/5], Batch [224/300], Loss: 1.1310 (Overall: 0.5908, Change: 1.6324), TF Ratio: 0.775
[2026-06-16 11:35:57,623][root][INFO] - Epoch [4/5], Batch [225/300], Loss: 1.1312 (Overall: 0.8491, Change: 1.5107), TF Ratio: 0.775
[2026-06-16 11:35:57,775][root][INFO] - Epoch [4/5], Batch [226/300], Loss: 1.1312 (Overall: 0.6569, Change: 1.6086), TF Ratio: 0.775
[2026-06-16 11:35:57,926][root][INFO] - Epoch [4/5], Batch [227/300], Loss: 1.1335 (Overall: 1.7377, Change: 1.5818), TF Ratio: 0.775
[2026-06-16 11:35:58,078][root][INFO] - Epoch [4/5], Batch [228/300], Loss: 1.1327 (Overall: 0.8244, Change: 1.0546), TF Ratio: 0.774
[2026-06-16 11:35:58,228][root][INFO] - Epoch [4/5], Batch [229/300], Loss: 1.1324 (Overall: 0.7499, Change: 1.3910), TF Ratio: 0.774
[2026-06-16 11:35:58,379][root][INFO] - Epoch [4/5], Batch [230/300], Loss: 1.1323 (Overall: 0.5157, Change: 1.7234), TF Ratio: 0.774
[2026-06-16 11:35:58,535][root][INFO] - Epoch [4/5], Batch [231/300], Loss: 1.1332 (Overall: 0.7913, Change: 1.8735), TF Ratio: 0.774
[2026-06-16 11:35:58,687][root][INFO] - Epoch [4/5], Batch [232/300], Loss: 1.1329 (Overall: 0.7848, Change: 1.3480), TF Ratio: 0.774
[2026-06-16 11:35:58,837][root][INFO] - Epoch [4/5], Batch [233/300], Loss: 1.1328 (Overall: 0.7939, Change: 1.4270), TF Ratio: 0.773
[2026-06-16 11:35:58,988][root][INFO] - Epoch [4/5], Batch [234/300], Loss: 1.1319 (Overall: 0.7380, Change: 1.1051), TF Ratio: 0.773
[2026-06-16 11:35:59,140][root][INFO] - Epoch [4/5], Batch [235/300], Loss: 1.1323 (Overall: 0.9679, Change: 1.4835), TF Ratio: 0.773
[2026-06-16 11:35:59,292][root][INFO] - Epoch [4/5], Batch [236/300], Loss: 1.1320 (Overall: 0.7440, Change: 1.3699), TF Ratio: 0.773
[2026-06-16 11:35:59,442][root][INFO] - Epoch [4/5], Batch [237/300], Loss: 1.1325 (Overall: 0.9250, Change: 1.5899), TF Ratio: 0.773
[2026-06-16 11:35:59,611][root][INFO] - Epoch [4/5], Batch [238/300], Loss: 1.1320 (Overall: 0.7777, Change: 1.2236), TF Ratio: 0.772
[2026-06-16 11:35:59,762][root][INFO] - Epoch [4/5], Batch [239/300], Loss: 1.1309 (Overall: 0.6926, Change: 1.0445), TF Ratio: 0.772
[2026-06-16 11:35:59,914][root][INFO] - Epoch [4/5], Batch [240/300], Loss: 1.1302 (Overall: 0.7976, Change: 1.1625), TF Ratio: 0.772
[2026-06-16 11:36:00,065][root][INFO] - Epoch [4/5], Batch [241/300], Loss: 1.1297 (Overall: 0.9212, Change: 1.0642), TF Ratio: 0.772
[2026-06-16 11:36:00,216][root][INFO] - Epoch [4/5], Batch [242/300], Loss: 1.1298 (Overall: 0.9822, Change: 1.3270), TF Ratio: 0.772
[2026-06-16 11:36:00,367][root][INFO] - Epoch [4/5], Batch [243/300], Loss: 1.1289 (Overall: 0.6009, Change: 1.2277), TF Ratio: 0.771
[2026-06-16 11:36:00,520][root][INFO] - Epoch [4/5], Batch [244/300], Loss: 1.1291 (Overall: 1.1143, Change: 1.2510), TF Ratio: 0.771
[2026-06-16 11:36:00,671][root][INFO] - Epoch [4/5], Batch [245/300], Loss: 1.1284 (Overall: 0.5377, Change: 1.3881), TF Ratio: 0.771
[2026-06-16 11:36:00,822][root][INFO] - Epoch [4/5], Batch [246/300], Loss: 1.1284 (Overall: 0.7703, Change: 1.4786), TF Ratio: 0.771
[2026-06-16 11:36:00,973][root][INFO] - Epoch [4/5], Batch [247/300], Loss: 1.1280 (Overall: 0.6182, Change: 1.4384), TF Ratio: 0.771
[2026-06-16 11:36:01,125][root][INFO] - Epoch [4/5], Batch [248/300], Loss: 1.1274 (Overall: 0.6771, Change: 1.2930), TF Ratio: 0.770
[2026-06-16 11:36:01,276][root][INFO] - Epoch [4/5], Batch [249/300], Loss: 1.1275 (Overall: 0.7197, Change: 1.5569), TF Ratio: 0.770
[2026-06-16 11:36:01,434][root][INFO] - Epoch [4/5], Batch [250/300], Loss: 1.1280 (Overall: 0.9232, Change: 1.6117), TF Ratio: 0.770
[2026-06-16 11:36:01,585][root][INFO] - Epoch [4/5], Batch [251/300], Loss: 1.1275 (Overall: 0.6488, Change: 1.3306), TF Ratio: 0.770
[2026-06-16 11:36:01,737][root][INFO] - Epoch [4/5], Batch [252/300], Loss: 1.1266 (Overall: 0.5443, Change: 1.2488), TF Ratio: 0.770
[2026-06-16 11:36:01,887][root][INFO] - Epoch [4/5], Batch [253/300], Loss: 1.1258 (Overall: 0.6100, Change: 1.2500), TF Ratio: 0.769
[2026-06-16 11:36:02,038][root][INFO] - Epoch [4/5], Batch [254/300], Loss: 1.1260 (Overall: 0.7277, Change: 1.6093), TF Ratio: 0.769
[2026-06-16 11:36:02,189][root][INFO] - Epoch [4/5], Batch [255/300], Loss: 1.1245 (Overall: 0.5897, Change: 0.9367), TF Ratio: 0.769
[2026-06-16 11:36:02,340][root][INFO] - Epoch [4/5], Batch [256/300], Loss: 1.1242 (Overall: 0.7003, Change: 1.3895), TF Ratio: 0.769
[2026-06-16 11:36:02,497][root][INFO] - Epoch [4/5], Batch [257/300], Loss: 1.1249 (Overall: 0.9693, Change: 1.6476), TF Ratio: 0.769
[2026-06-16 11:36:02,648][root][INFO] - Epoch [4/5], Batch [258/300], Loss: 1.1254 (Overall: 0.9353, Change: 1.5320), TF Ratio: 0.768
[2026-06-16 11:36:02,801][root][INFO] - Epoch [4/5], Batch [259/300], Loss: 1.1255 (Overall: 0.8640, Change: 1.4515), TF Ratio: 0.768
[2026-06-16 11:36:02,958][root][INFO] - Epoch [4/5], Batch [260/300], Loss: 1.1247 (Overall: 0.7610, Change: 1.0710), TF Ratio: 0.768
[2026-06-16 11:36:03,110][root][INFO] - Epoch [4/5], Batch [261/300], Loss: 1.1245 (Overall: 0.6492, Change: 1.4895), TF Ratio: 0.768
[2026-06-16 11:36:03,261][root][INFO] - Epoch [4/5], Batch [262/300], Loss: 1.1241 (Overall: 0.6855, Change: 1.3592), TF Ratio: 0.768
[2026-06-16 11:36:03,412][root][INFO] - Epoch [4/5], Batch [263/300], Loss: 1.1245 (Overall: 0.8298, Change: 1.6509), TF Ratio: 0.767
[2026-06-16 11:36:03,564][root][INFO] - Epoch [4/5], Batch [264/300], Loss: 1.1244 (Overall: 0.8425, Change: 1.3613), TF Ratio: 0.767
[2026-06-16 11:36:03,714][root][INFO] - Epoch [4/5], Batch [265/300], Loss: 1.1248 (Overall: 0.7406, Change: 1.7171), TF Ratio: 0.767
[2026-06-16 11:36:03,867][root][INFO] - Epoch [4/5], Batch [266/300], Loss: 1.1250 (Overall: 0.7724, Change: 1.5752), TF Ratio: 0.767
[2026-06-16 11:36:04,018][root][INFO] - Epoch [4/5], Batch [267/300], Loss: 1.1239 (Overall: 0.6790, Change: 0.9763), TF Ratio: 0.767
[2026-06-16 11:36:04,169][root][INFO] - Epoch [4/5], Batch [268/300], Loss: 1.1239 (Overall: 0.5425, Change: 1.7121), TF Ratio: 0.766
[2026-06-16 11:36:04,320][root][INFO] - Epoch [4/5], Batch [269/300], Loss: 1.1240 (Overall: 0.7995, Change: 1.5232), TF Ratio: 0.766
[2026-06-16 11:36:04,471][root][INFO] - Epoch [4/5], Batch [270/300], Loss: 1.1229 (Overall: 0.6657, Change: 0.9520), TF Ratio: 0.766
[2026-06-16 11:36:04,622][root][INFO] - Epoch [4/5], Batch [271/300], Loss: 1.1229 (Overall: 0.7484, Change: 1.4841), TF Ratio: 0.766
[2026-06-16 11:36:04,774][root][INFO] - Epoch [4/5], Batch [272/300], Loss: 1.1231 (Overall: 0.7253, Change: 1.6423), TF Ratio: 0.766
[2026-06-16 11:36:04,925][root][INFO] - Epoch [4/5], Batch [273/300], Loss: 1.1224 (Overall: 0.7290, Change: 1.1480), TF Ratio: 0.765
[2026-06-16 11:36:05,078][root][INFO] - Epoch [4/5], Batch [274/300], Loss: 1.1214 (Overall: 0.6345, Change: 1.0392), TF Ratio: 0.765
[2026-06-16 11:36:05,229][root][INFO] - Epoch [4/5], Batch [275/300], Loss: 1.1218 (Overall: 0.8122, Change: 1.6918), TF Ratio: 0.765
[2026-06-16 11:36:05,382][root][INFO] - Epoch [4/5], Batch [276/300], Loss: 1.1214 (Overall: 0.5678, Change: 1.4230), TF Ratio: 0.765
[2026-06-16 11:36:05,532][root][INFO] - Epoch [4/5], Batch [277/300], Loss: 1.1208 (Overall: 0.6115, Change: 1.3192), TF Ratio: 0.765
[2026-06-16 11:36:05,682][root][INFO] - Epoch [4/5], Batch [278/300], Loss: 1.1215 (Overall: 1.0789, Change: 1.5259), TF Ratio: 0.764
[2026-06-16 11:36:05,833][root][INFO] - Epoch [4/5], Batch [279/300], Loss: 1.1219 (Overall: 1.0609, Change: 1.4430), TF Ratio: 0.764
[2026-06-16 11:36:05,985][root][INFO] - Epoch [4/5], Batch [280/300], Loss: 1.1222 (Overall: 0.7857, Change: 1.5950), TF Ratio: 0.764
[2026-06-16 11:36:06,138][root][INFO] - Epoch [4/5], Batch [281/300], Loss: 1.1222 (Overall: 0.6731, Change: 1.5833), TF Ratio: 0.764
[2026-06-16 11:36:06,290][root][INFO] - Epoch [4/5], Batch [282/300], Loss: 1.1216 (Overall: 0.6507, Change: 1.2646), TF Ratio: 0.764
[2026-06-16 11:36:06,441][root][INFO] - Epoch [4/5], Batch [283/300], Loss: 1.1221 (Overall: 0.8271, Change: 1.6800), TF Ratio: 0.763
[2026-06-16 11:36:06,594][root][INFO] - Epoch [4/5], Batch [284/300], Loss: 1.1213 (Overall: 0.5583, Change: 1.2642), TF Ratio: 0.763
[2026-06-16 11:36:06,748][root][INFO] - Epoch [4/5], Batch [285/300], Loss: 1.1217 (Overall: 0.8746, Change: 1.5499), TF Ratio: 0.763
[2026-06-16 11:36:06,899][root][INFO] - Epoch [4/5], Batch [286/300], Loss: 1.1213 (Overall: 0.8168, Change: 1.1930), TF Ratio: 0.763
[2026-06-16 11:36:07,059][root][INFO] - Epoch [4/5], Batch [287/300], Loss: 1.1215 (Overall: 1.0515, Change: 1.3276), TF Ratio: 0.763
[2026-06-16 11:36:07,220][root][INFO] - Epoch [4/5], Batch [288/300], Loss: 1.1214 (Overall: 0.9779, Change: 1.2028), TF Ratio: 0.762
[2026-06-16 11:36:07,370][root][INFO] - Epoch [4/5], Batch [289/300], Loss: 1.1212 (Overall: 0.9139, Change: 1.2456), TF Ratio: 0.762
[2026-06-16 11:36:07,521][root][INFO] - Epoch [4/5], Batch [290/300], Loss: 1.1215 (Overall: 1.0581, Change: 1.3454), TF Ratio: 0.762
[2026-06-16 11:36:07,673][root][INFO] - Epoch [4/5], Batch [291/300], Loss: 1.1212 (Overall: 0.7357, Change: 1.3033), TF Ratio: 0.762
[2026-06-16 11:36:07,825][root][INFO] - Epoch [4/5], Batch [292/300], Loss: 1.1207 (Overall: 0.6922, Change: 1.3045), TF Ratio: 0.762
[2026-06-16 11:36:07,976][root][INFO] - Epoch [4/5], Batch [293/300], Loss: 1.1209 (Overall: 1.0107, Change: 1.3256), TF Ratio: 0.761
[2026-06-16 11:36:08,127][root][INFO] - Epoch [4/5], Batch [294/300], Loss: 1.1207 (Overall: 0.6571, Change: 1.4764), TF Ratio: 0.761
[2026-06-16 11:36:08,278][root][INFO] - Epoch [4/5], Batch [295/300], Loss: 1.1201 (Overall: 0.7632, Change: 1.1194), TF Ratio: 0.761
[2026-06-16 11:36:08,430][root][INFO] - Epoch [4/5], Batch [296/300], Loss: 1.1203 (Overall: 0.8292, Change: 1.5161), TF Ratio: 0.761
[2026-06-16 11:36:08,580][root][INFO] - Epoch [4/5], Batch [297/300], Loss: 1.1200 (Overall: 0.5351, Change: 1.5256), TF Ratio: 0.761
[2026-06-16 11:36:08,736][root][INFO] - Epoch [4/5], Batch [298/300], Loss: 1.1201 (Overall: 0.8971, Change: 1.4280), TF Ratio: 0.760
[2026-06-16 11:36:08,902][root][INFO] - Epoch [4/5], Batch [299/300], Loss: 1.1202 (Overall: 0.7195, Change: 1.5322), TF Ratio: 0.760
[2026-06-16 11:36:09,054][root][INFO] - Epoch [4/5], Batch [300/300], Loss: 1.1198 (Overall: 0.7725, Change: 1.2467), TF Ratio: 0.760
[2026-06-16 11:36:10,002][root][INFO] - Epoch 4 done. Validating...
[2026-06-16 11:36:13,592][root][INFO] - Epoch [4/5] | Train: 1.1198 | Val: 0.6410
[2026-06-16 11:36:13,796][root][INFO] - Checkpoint saved: /gpfs/scratch/bsc32/bsc096444/ai4land-tfm/trained_models/unet_impl/41825173/model_epoch_4.pth
[2026-06-16 11:36:16,231][root][INFO] - Epoch [5/5], Batch [1/300], Loss: 1.0016 (Overall: 0.6152, Change: 1.3879), TF Ratio: 0.760
[2026-06-16 11:36:16,385][root][INFO] - Epoch [5/5], Batch [2/300], Loss: 1.0884 (Overall: 0.9679, Change: 1.3827), TF Ratio: 0.760
[2026-06-16 11:36:16,537][root][INFO] - Epoch [5/5], Batch [3/300], Loss: 1.0647 (Overall: 0.8101, Change: 1.2243), TF Ratio: 0.759
[2026-06-16 11:36:16,690][root][INFO] - Epoch [5/5], Batch [4/300], Loss: 1.0848 (Overall: 0.9438, Change: 1.3464), TF Ratio: 0.759
[2026-06-16 11:36:16,855][root][INFO] - Epoch [5/5], Batch [5/300], Loss: 1.0489 (Overall: 0.7338, Change: 1.0769), TF Ratio: 0.759
[2026-06-16 11:36:17,030][root][INFO] - Epoch [5/5], Batch [6/300], Loss: 1.0750 (Overall: 0.7545, Change: 1.6561), TF Ratio: 0.759
[2026-06-16 11:36:17,182][root][INFO] - Epoch [5/5], Batch [7/300], Loss: 1.1128 (Overall: 1.1873, Change: 1.4922), TF Ratio: 0.759
[2026-06-16 11:36:17,341][root][INFO] - Epoch [5/5], Batch [8/300], Loss: 1.1387 (Overall: 0.9428, Change: 1.6967), TF Ratio: 0.758
[2026-06-16 11:36:17,493][root][INFO] - Epoch [5/5], Batch [9/300], Loss: 1.1289 (Overall: 0.5374, Change: 1.5638), TF Ratio: 0.758
[2026-06-16 11:36:17,653][root][INFO] - Epoch [5/5], Batch [10/300], Loss: 1.1235 (Overall: 0.6595, Change: 1.4903), TF Ratio: 0.758
[2026-06-16 11:36:17,804][root][INFO] - Epoch [5/5], Batch [11/300], Loss: 1.1275 (Overall: 1.0057, Change: 1.3307), TF Ratio: 0.758
[2026-06-16 11:36:17,956][root][INFO] - Epoch [5/5], Batch [12/300], Loss: 1.1193 (Overall: 0.8192, Change: 1.2390), TF Ratio: 0.758
[2026-06-16 11:36:18,108][root][INFO] - Epoch [5/5], Batch [13/300], Loss: 1.1433 (Overall: 1.2338, Change: 1.6270), TF Ratio: 0.757
[2026-06-16 11:36:18,260][root][INFO] - Epoch [5/5], Batch [14/300], Loss: 1.1767 (Overall: 1.4187, Change: 1.8032), TF Ratio: 0.757
[2026-06-16 11:36:18,412][root][INFO] - Epoch [5/5], Batch [15/300], Loss: 1.1681 (Overall: 0.8996, Change: 1.1970), TF Ratio: 0.757
[2026-06-16 11:36:18,576][root][INFO] - Epoch [5/5], Batch [16/300], Loss: 1.1866 (Overall: 0.8736, Change: 2.0547), TF Ratio: 0.757
[2026-06-16 11:36:18,729][root][INFO] - Epoch [5/5], Batch [17/300], Loss: 1.1738 (Overall: 0.5414, Change: 1.3960), TF Ratio: 0.757
[2026-06-16 11:36:18,882][root][INFO] - Epoch [5/5], Batch [18/300], Loss: 1.1601 (Overall: 0.5751, Change: 1.2789), TF Ratio: 0.756
[2026-06-16 11:36:19,034][root][INFO] - Epoch [5/5], Batch [19/300], Loss: 1.1724 (Overall: 1.2736, Change: 1.5137), TF Ratio: 0.756
[2026-06-16 11:36:19,192][root][INFO] - Epoch [5/5], Batch [20/300], Loss: 1.1634 (Overall: 0.7284, Change: 1.2572), TF Ratio: 0.756
[2026-06-16 11:36:19,342][root][INFO] - Epoch [5/5], Batch [21/300], Loss: 1.1615 (Overall: 0.9704, Change: 1.2758), TF Ratio: 0.756
[2026-06-16 11:36:19,493][root][INFO] - Epoch [5/5], Batch [22/300], Loss: 1.1590 (Overall: 0.8528, Change: 1.3607), TF Ratio: 0.756
[2026-06-16 11:36:19,644][root][INFO] - Epoch [5/5], Batch [23/300], Loss: 1.1506 (Overall: 0.5666, Change: 1.3630), TF Ratio: 0.755
[2026-06-16 11:36:19,797][root][INFO] - Epoch [5/5], Batch [24/300], Loss: 1.1401 (Overall: 0.4985, Change: 1.3008), TF Ratio: 0.755
[2026-06-16 11:36:19,947][root][INFO] - Epoch [5/5], Batch [25/300], Loss: 1.1345 (Overall: 0.6867, Change: 1.3154), TF Ratio: 0.755
[2026-06-16 11:36:20,099][root][INFO] - Epoch [5/5], Batch [26/300], Loss: 1.1323 (Overall: 0.5959, Change: 1.5551), TF Ratio: 0.755
[2026-06-16 11:36:20,251][root][INFO] - Epoch [5/5], Batch [27/300], Loss: 1.1323 (Overall: 0.8725, Change: 1.3962), TF Ratio: 0.755
[2026-06-16 11:36:20,405][root][INFO] - Epoch [5/5], Batch [28/300], Loss: 1.1277 (Overall: 0.6480, Change: 1.3580), TF Ratio: 0.754
[2026-06-16 11:36:20,556][root][INFO] - Epoch [5/5], Batch [29/300], Loss: 1.1266 (Overall: 1.0693, Change: 1.1193), TF Ratio: 0.754
[2026-06-16 11:36:20,708][root][INFO] - Epoch [5/5], Batch [30/300], Loss: 1.1238 (Overall: 0.6185, Change: 1.4655), TF Ratio: 0.754
[2026-06-16 11:36:20,861][root][INFO] - Epoch [5/5], Batch [31/300], Loss: 1.1425 (Overall: 1.2819, Change: 2.1263), TF Ratio: 0.754
[2026-06-16 11:36:21,023][root][INFO] - Epoch [5/5], Batch [32/300], Loss: 1.1373 (Overall: 0.5392, Change: 1.4171), TF Ratio: 0.754
[2026-06-16 11:36:21,175][root][INFO] - Epoch [5/5], Batch [33/300], Loss: 1.1338 (Overall: 0.5983, Change: 1.4448), TF Ratio: 0.753
[2026-06-16 11:36:21,328][root][INFO] - Epoch [5/5], Batch [34/300], Loss: 1.1310 (Overall: 0.6600, Change: 1.4166), TF Ratio: 0.753
[2026-06-16 11:36:21,485][root][INFO] - Epoch [5/5], Batch [35/300], Loss: 1.1274 (Overall: 0.4668, Change: 1.5438), TF Ratio: 0.753
[2026-06-16 11:36:21,642][root][INFO] - Epoch [5/5], Batch [36/300], Loss: 1.1302 (Overall: 0.8492, Change: 1.6052), TF Ratio: 0.753
[2026-06-16 11:36:21,793][root][INFO] - Epoch [5/5], Batch [37/300], Loss: 1.1279 (Overall: 0.8378, Change: 1.2490), TF Ratio: 0.753
[2026-06-16 11:36:21,947][root][INFO] - Epoch [5/5], Batch [38/300], Loss: 1.1275 (Overall: 0.4954, Change: 1.7361), TF Ratio: 0.752
[2026-06-16 11:36:22,105][root][INFO] - Epoch [5/5], Batch [39/300], Loss: 1.1260 (Overall: 0.6789, Change: 1.4544), TF Ratio: 0.752
[2026-06-16 11:36:22,264][root][INFO] - Epoch [5/5], Batch [40/300], Loss: 1.1241 (Overall: 0.7151, Change: 1.3838), TF Ratio: 0.752
[2026-06-16 11:36:22,415][root][INFO] - Epoch [5/5], Batch [41/300], Loss: 1.1269 (Overall: 1.0805, Change: 1.3986), TF Ratio: 0.752
[2026-06-16 11:36:22,566][root][INFO] - Epoch [5/5], Batch [42/300], Loss: 1.1288 (Overall: 0.7291, Change: 1.6887), TF Ratio: 0.752
[2026-06-16 11:36:22,719][root][INFO] - Epoch [5/5], Batch [43/300], Loss: 1.1259 (Overall: 0.5962, Change: 1.4093), TF Ratio: 0.751
[2026-06-16 11:36:22,871][root][INFO] - Epoch [5/5], Batch [44/300], Loss: 1.1323 (Overall: 0.9694, Change: 1.8461), TF Ratio: 0.751
[2026-06-16 11:36:23,026][root][INFO] - Epoch [5/5], Batch [45/300], Loss: 1.1292 (Overall: 0.9399, Change: 1.0489), TF Ratio: 0.751
[2026-06-16 11:36:23,178][root][INFO] - Epoch [5/5], Batch [46/300], Loss: 1.1236 (Overall: 0.5207, Change: 1.2189), TF Ratio: 0.751
[2026-06-16 11:36:23,330][root][INFO] - Epoch [5/5], Batch [47/300], Loss: 1.1197 (Overall: 0.6999, Change: 1.1813), TF Ratio: 0.751
[2026-06-16 11:36:23,484][root][INFO] - Epoch [5/5], Batch [48/300], Loss: 1.1314 (Overall: 1.6438, Change: 1.7142), TF Ratio: 0.750
[2026-06-16 11:36:23,641][root][INFO] - Epoch [5/5], Batch [49/300], Loss: 1.1300 (Overall: 1.0267, Change: 1.1017), TF Ratio: 0.750
[2026-06-16 11:36:23,793][root][INFO] - Epoch [5/5], Batch [50/300], Loss: 1.1400 (Overall: 1.8678, Change: 1.3951), TF Ratio: 0.750
[2026-06-16 11:36:23,950][root][INFO] - Epoch [5/5], Batch [51/300], Loss: 1.1405 (Overall: 0.5113, Change: 1.8223), TF Ratio: 0.750
[2026-06-16 11:36:24,106][root][INFO] - Epoch [5/5], Batch [52/300], Loss: 1.1361 (Overall: 0.4956, Change: 1.3262), TF Ratio: 0.750
[2026-06-16 11:36:24,282][root][INFO] - Epoch [5/5], Batch [53/300], Loss: 1.1371 (Overall: 0.9038, Change: 1.4742), TF Ratio: 0.749
[2026-06-16 11:36:24,433][root][INFO] - Epoch [5/5], Batch [54/300], Loss: 1.1315 (Overall: 0.6883, Change: 0.9815), TF Ratio: 0.749
[2026-06-16 11:36:24,584][root][INFO] - Epoch [5/5], Batch [55/300], Loss: 1.1301 (Overall: 0.8798, Change: 1.2265), TF Ratio: 0.749
[2026-06-16 11:36:24,749][root][INFO] - Epoch [5/5], Batch [56/300], Loss: 1.1300 (Overall: 0.7478, Change: 1.4954), TF Ratio: 0.749
[2026-06-16 11:36:24,900][root][INFO] - Epoch [5/5], Batch [57/300], Loss: 1.1264 (Overall: 0.7925, Change: 1.0661), TF Ratio: 0.749
[2026-06-16 11:36:25,051][root][INFO] - Epoch [5/5], Batch [58/300], Loss: 1.1214 (Overall: 0.3693, Change: 1.2997), TF Ratio: 0.748
[2026-06-16 11:36:25,202][root][INFO] - Epoch [5/5], Batch [59/300], Loss: 1.1180 (Overall: 0.7578, Change: 1.0814), TF Ratio: 0.748
[2026-06-16 11:36:25,368][root][INFO] - Epoch [5/5], Batch [60/300], Loss: 1.1171 (Overall: 0.8321, Change: 1.2983), TF Ratio: 0.748
[2026-06-16 11:36:25,521][root][INFO] - Epoch [5/5], Batch [61/300], Loss: 1.1157 (Overall: 0.6563, Change: 1.4128), TF Ratio: 0.748
[2026-06-16 11:36:25,673][root][INFO] - Epoch [5/5], Batch [62/300], Loss: 1.1119 (Overall: 0.6092, Change: 1.1436), TF Ratio: 0.748
[2026-06-16 11:36:25,826][root][INFO] - Epoch [5/5], Batch [63/300], Loss: 1.1151 (Overall: 1.0161, Change: 1.6180), TF Ratio: 0.747
[2026-06-16 11:36:25,982][root][INFO] - Epoch [5/5], Batch [64/300], Loss: 1.1117 (Overall: 0.6005, Change: 1.1836), TF Ratio: 0.747
[2026-06-16 11:36:26,137][root][INFO] - Epoch [5/5], Batch [65/300], Loss: 1.1130 (Overall: 0.7182, Change: 1.6798), TF Ratio: 0.747
[2026-06-16 11:36:26,288][root][INFO] - Epoch [5/5], Batch [66/300], Loss: 1.1122 (Overall: 0.6619, Change: 1.4643), TF Ratio: 0.747
[2026-06-16 11:36:26,439][root][INFO] - Epoch [5/5], Batch [67/300], Loss: 1.1100 (Overall: 0.5916, Change: 1.3323), TF Ratio: 0.747
[2026-06-16 11:36:26,591][root][INFO] - Epoch [5/5], Batch [68/300], Loss: 1.1113 (Overall: 1.0334, Change: 1.3582), TF Ratio: 0.746
[2026-06-16 11:36:26,741][root][INFO] - Epoch [5/5], Batch [69/300], Loss: 1.1134 (Overall: 0.9409, Change: 1.5778), TF Ratio: 0.746
[2026-06-16 11:36:26,892][root][INFO] - Epoch [5/5], Batch [70/300], Loss: 1.1136 (Overall: 0.8859, Change: 1.3690), TF Ratio: 0.746
[2026-06-16 11:36:27,043][root][INFO] - Epoch [5/5], Batch [71/300], Loss: 1.1140 (Overall: 1.0983, Change: 1.1896), TF Ratio: 0.746
[2026-06-16 11:36:27,195][root][INFO] - Epoch [5/5], Batch [72/300], Loss: 1.1127 (Overall: 0.6998, Change: 1.3319), TF Ratio: 0.746
[2026-06-16 11:36:27,346][root][INFO] - Epoch [5/5], Batch [73/300], Loss: 1.1089 (Overall: 0.6612, Change: 1.0157), TF Ratio: 0.745
[2026-06-16 11:36:27,498][root][INFO] - Epoch [5/5], Batch [74/300], Loss: 1.1090 (Overall: 0.6776, Change: 1.5514), TF Ratio: 0.745
[2026-06-16 11:36:27,657][root][INFO] - Epoch [5/5], Batch [75/300], Loss: 1.1097 (Overall: 0.7358, Change: 1.5943), TF Ratio: 0.745
[2026-06-16 11:36:27,809][root][INFO] - Epoch [5/5], Batch [76/300], Loss: 1.1078 (Overall: 0.9313, Change: 0.9916), TF Ratio: 0.745
[2026-06-16 11:36:27,960][root][INFO] - Epoch [5/5], Batch [77/300], Loss: 1.1066 (Overall: 0.7188, Change: 1.3112), TF Ratio: 0.745
[2026-06-16 11:36:28,111][root][INFO] - Epoch [5/5], Batch [78/300], Loss: 1.1073 (Overall: 0.7845, Change: 1.5447), TF Ratio: 0.744
[2026-06-16 11:36:28,261][root][INFO] - Epoch [5/5], Batch [79/300], Loss: 1.1076 (Overall: 0.7405, Change: 1.5231), TF Ratio: 0.744
[2026-06-16 11:36:28,413][root][INFO] - Epoch [5/5], Batch [80/300], Loss: 1.1111 (Overall: 0.9673, Change: 1.7995), TF Ratio: 0.744
[2026-06-16 11:36:28,564][root][INFO] - Epoch [5/5], Batch [81/300], Loss: 1.1100 (Overall: 0.6276, Change: 1.4257), TF Ratio: 0.744
[2026-06-16 11:36:28,715][root][INFO] - Epoch [5/5], Batch [82/300], Loss: 1.1081 (Overall: 0.6534, Change: 1.2444), TF Ratio: 0.744
[2026-06-16 11:36:28,867][root][INFO] - Epoch [5/5], Batch [83/300], Loss: 1.1053 (Overall: 0.7171, Change: 1.0353), TF Ratio: 0.743
[2026-06-16 11:36:29,019][root][INFO] - Epoch [5/5], Batch [84/300], Loss: 1.1040 (Overall: 0.6405, Change: 1.3479), TF Ratio: 0.743
[2026-06-16 11:36:29,169][root][INFO] - Epoch [5/5], Batch [85/300], Loss: 1.1022 (Overall: 0.7233, Change: 1.1831), TF Ratio: 0.743
[2026-06-16 11:36:29,320][root][INFO] - Epoch [5/5], Batch [86/300], Loss: 1.0990 (Overall: 0.3630, Change: 1.2923), TF Ratio: 0.743
[2026-06-16 11:36:29,471][root][INFO] - Epoch [5/5], Batch [87/300], Loss: 1.0949 (Overall: 0.4665, Change: 1.0272), TF Ratio: 0.743
[2026-06-16 11:36:29,623][root][INFO] - Epoch [5/5], Batch [88/300], Loss: 1.0936 (Overall: 0.7309, Change: 1.2152), TF Ratio: 0.742
[2026-06-16 11:36:29,774][root][INFO] - Epoch [5/5], Batch [89/300], Loss: 1.0917 (Overall: 0.7473, Change: 1.1162), TF Ratio: 0.742
[2026-06-16 11:36:29,924][root][INFO] - Epoch [5/5], Batch [90/300], Loss: 1.0922 (Overall: 1.0605, Change: 1.2096), TF Ratio: 0.742
[2026-06-16 11:36:30,092][root][INFO] - Epoch [5/5], Batch [91/300], Loss: 1.0923 (Overall: 0.8619, Change: 1.3343), TF Ratio: 0.742
[2026-06-16 11:36:30,243][root][INFO] - Epoch [5/5], Batch [92/300], Loss: 1.0946 (Overall: 0.8680, Change: 1.7425), TF Ratio: 0.742
[2026-06-16 11:36:30,394][root][INFO] - Epoch [5/5], Batch [93/300], Loss: 1.0946 (Overall: 0.5918, Change: 1.5973), TF Ratio: 0.741
[2026-06-16 11:36:30,546][root][INFO] - Epoch [5/5], Batch [94/300], Loss: 1.0977 (Overall: 1.1333, Change: 1.6284), TF Ratio: 0.741
[2026-06-16 11:36:30,697][root][INFO] - Epoch [5/5], Batch [95/300], Loss: 1.0976 (Overall: 0.7141, Change: 1.4667), TF Ratio: 0.741
[2026-06-16 11:36:30,853][root][INFO] - Epoch [5/5], Batch [96/300], Loss: 1.0976 (Overall: 0.9336, Change: 1.2632), TF Ratio: 0.741
[2026-06-16 11:36:31,004][root][INFO] - Epoch [5/5], Batch [97/300], Loss: 1.0976 (Overall: 0.7978, Change: 1.4052), TF Ratio: 0.741
[2026-06-16 11:36:31,162][root][INFO] - Epoch [5/5], Batch [98/300], Loss: 1.0949 (Overall: 0.5584, Change: 1.0949), TF Ratio: 0.740
[2026-06-16 11:36:31,313][root][INFO] - Epoch [5/5], Batch [99/300], Loss: 1.0943 (Overall: 0.8306, Change: 1.2451), TF Ratio: 0.740
[2026-06-16 11:36:31,466][root][INFO] - Epoch [5/5], Batch [100/300], Loss: 1.0948 (Overall: 0.7547, Change: 1.5286), TF Ratio: 0.740
[2026-06-16 11:36:31,617][root][INFO] - Epoch [5/5], Batch [101/300], Loss: 1.0968 (Overall: 0.9004, Change: 1.6927), TF Ratio: 0.740
[2026-06-16 11:36:31,768][root][INFO] - Epoch [5/5], Batch [102/300], Loss: 1.1006 (Overall: 1.2433, Change: 1.7372), TF Ratio: 0.740
[2026-06-16 11:36:31,919][root][INFO] - Epoch [5/5], Batch [103/300], Loss: 1.0971 (Overall: 0.6145, Change: 0.8578), TF Ratio: 0.739
[2026-06-16 11:36:32,071][root][INFO] - Epoch [5/5], Batch [104/300], Loss: 1.0971 (Overall: 0.7442, Change: 1.4636), TF Ratio: 0.739
[2026-06-16 11:36:32,222][root][INFO] - Epoch [5/5], Batch [105/300], Loss: 1.0970 (Overall: 0.6583, Change: 1.4984), TF Ratio: 0.739
[2026-06-16 11:36:32,373][root][INFO] - Epoch [5/5], Batch [106/300], Loss: 1.0976 (Overall: 0.6246, Change: 1.7036), TF Ratio: 0.739
[2026-06-16 11:36:32,524][root][INFO] - Epoch [5/5], Batch [107/300], Loss: 1.0982 (Overall: 1.0334, Change: 1.2909), TF Ratio: 0.739
[2026-06-16 11:36:32,676][root][INFO] - Epoch [5/5], Batch [108/300], Loss: 1.0971 (Overall: 0.5591, Change: 1.3945), TF Ratio: 0.738
[2026-06-16 11:36:32,827][root][INFO] - Epoch [5/5], Batch [109/300], Loss: 1.0932 (Overall: 0.6634, Change: 0.6942), TF Ratio: 0.738
[2026-06-16 11:36:32,978][root][INFO] - Epoch [5/5], Batch [110/300], Loss: 1.0916 (Overall: 0.8214, Change: 1.0045), TF Ratio: 0.738
[2026-06-16 11:36:33,129][root][INFO] - Epoch [5/5], Batch [111/300], Loss: 1.0914 (Overall: 0.6817, Change: 1.4571), TF Ratio: 0.738
[2026-06-16 11:36:33,281][root][INFO] - Epoch [5/5], Batch [112/300], Loss: 1.0876 (Overall: 0.4542, Change: 0.8834), TF Ratio: 0.738
[2026-06-16 11:36:33,448][root][INFO] - Epoch [5/5], Batch [113/300], Loss: 1.0896 (Overall: 1.1929, Change: 1.4375), TF Ratio: 0.737
[2026-06-16 11:36:33,600][root][INFO] - Epoch [5/5], Batch [114/300], Loss: 1.0866 (Overall: 0.5968, Change: 0.8939), TF Ratio: 0.737
[2026-06-16 11:36:33,751][root][INFO] - Epoch [5/5], Batch [115/300], Loss: 1.0843 (Overall: 0.5330, Change: 1.1060), TF Ratio: 0.737
[2026-06-16 11:36:33,903][root][INFO] - Epoch [5/5], Batch [116/300], Loss: 1.0809 (Overall: 0.5570, Change: 0.8204), TF Ratio: 0.737
[2026-06-16 11:36:34,054][root][INFO] - Epoch [5/5], Batch [117/300], Loss: 1.0820 (Overall: 0.7827, Change: 1.6427), TF Ratio: 0.737
[2026-06-16 11:36:34,205][root][INFO] - Epoch [5/5], Batch [118/300], Loss: 1.0820 (Overall: 0.5971, Change: 1.5570), TF Ratio: 0.736
[2026-06-16 11:36:34,357][root][INFO] - Epoch [5/5], Batch [119/300], Loss: 1.0797 (Overall: 0.7231, Change: 0.9059), TF Ratio: 0.736
[2026-06-16 11:36:34,509][root][INFO] - Epoch [5/5], Batch [120/300], Loss: 1.0797 (Overall: 0.9108, Change: 1.2411), TF Ratio: 0.736
[2026-06-16 11:36:34,660][root][INFO] - Epoch [5/5], Batch [121/300], Loss: 1.0810 (Overall: 0.8556, Change: 1.6128), TF Ratio: 0.736
[2026-06-16 11:36:34,811][root][INFO] - Epoch [5/5], Batch [122/300], Loss: 1.0794 (Overall: 0.9297, Change: 0.8489), TF Ratio: 0.736
[2026-06-16 11:36:34,962][root][INFO] - Epoch [5/5], Batch [123/300], Loss: 1.0797 (Overall: 0.7955, Change: 1.4330), TF Ratio: 0.735
[2026-06-16 11:36:35,115][root][INFO] - Epoch [5/5], Batch [124/300], Loss: 1.0803 (Overall: 0.5619, Change: 1.7473), TF Ratio: 0.735
[2026-06-16 11:36:35,265][root][INFO] - Epoch [5/5], Batch [125/300], Loss: 1.0814 (Overall: 0.8876, Change: 1.5500), TF Ratio: 0.735
[2026-06-16 11:36:35,416][root][INFO] - Epoch [5/5], Batch [126/300], Loss: 1.0817 (Overall: 0.8402, Change: 1.3976), TF Ratio: 0.735
[2026-06-16 11:36:35,567][root][INFO] - Epoch [5/5], Batch [127/300], Loss: 1.0812 (Overall: 0.6644, Change: 1.3645), TF Ratio: 0.735
[2026-06-16 11:36:35,719][root][INFO] - Epoch [5/5], Batch [128/300], Loss: 1.0823 (Overall: 1.0259, Change: 1.4349), TF Ratio: 0.734
[2026-06-16 11:36:35,870][root][INFO] - Epoch [5/5], Batch [129/300], Loss: 1.0828 (Overall: 0.7352, Change: 1.5503), TF Ratio: 0.734
[2026-06-16 11:36:36,021][root][INFO] - Epoch [5/5], Batch [130/300], Loss: 1.0832 (Overall: 0.6334, Change: 1.6483), TF Ratio: 0.734
[2026-06-16 11:36:36,172][root][INFO] - Epoch [5/5], Batch [131/300], Loss: 1.0837 (Overall: 0.6507, Change: 1.6269), TF Ratio: 0.734
[2026-06-16 11:36:36,324][root][INFO] - Epoch [5/5], Batch [132/300], Loss: 1.0831 (Overall: 0.7769, Change: 1.2495), TF Ratio: 0.734
[2026-06-16 11:36:36,476][root][INFO] - Epoch [5/5], Batch [133/300], Loss: 1.0840 (Overall: 0.8252, Change: 1.5782), TF Ratio: 0.733
[2026-06-16 11:36:36,631][root][INFO] - Epoch [5/5], Batch [134/300], Loss: 1.0860 (Overall: 0.7444, Change: 1.9494), TF Ratio: 0.733
[2026-06-16 11:36:36,783][root][INFO] - Epoch [5/5], Batch [135/300], Loss: 1.0853 (Overall: 0.6053, Change: 1.3712), TF Ratio: 0.733
[2026-06-16 11:36:36,935][root][INFO] - Epoch [5/5], Batch [136/300], Loss: 1.0852 (Overall: 0.7424, Change: 1.3993), TF Ratio: 0.733
[2026-06-16 11:36:37,094][root][INFO] - Epoch [5/5], Batch [137/300], Loss: 1.0879 (Overall: 1.3911, Change: 1.5212), TF Ratio: 0.733
[2026-06-16 11:36:37,246][root][INFO] - Epoch [5/5], Batch [138/300], Loss: 1.0871 (Overall: 0.5473, Change: 1.4229), TF Ratio: 0.732
[2026-06-16 11:36:37,405][root][INFO] - Epoch [5/5], Batch [139/300], Loss: 1.0877 (Overall: 0.7776, Change: 1.5458), TF Ratio: 0.732
[2026-06-16 11:36:37,557][root][INFO] - Epoch [5/5], Batch [140/300], Loss: 1.0896 (Overall: 0.8666, Change: 1.8586), TF Ratio: 0.732
[2026-06-16 11:36:37,708][root][INFO] - Epoch [5/5], Batch [141/300], Loss: 1.0903 (Overall: 0.7743, Change: 1.5954), TF Ratio: 0.732
[2026-06-16 11:36:37,859][root][INFO] - Epoch [5/5], Batch [142/300], Loss: 1.0908 (Overall: 0.6303, Change: 1.6936), TF Ratio: 0.732
[2026-06-16 11:36:38,010][root][INFO] - Epoch [5/5], Batch [143/300], Loss: 1.0901 (Overall: 0.7446, Change: 1.2322), TF Ratio: 0.731
[2026-06-16 11:36:38,177][root][INFO] - Epoch [5/5], Batch [144/300], Loss: 1.0896 (Overall: 0.6243, Change: 1.4128), TF Ratio: 0.731
[2026-06-16 11:36:38,329][root][INFO] - Epoch [5/5], Batch [145/300], Loss: 1.0879 (Overall: 0.5166, Change: 1.1781), TF Ratio: 0.731
[2026-06-16 11:36:38,480][root][INFO] - Epoch [5/5], Batch [146/300], Loss: 1.0882 (Overall: 0.7966, Change: 1.4566), TF Ratio: 0.731
[2026-06-16 11:36:38,630][root][INFO] - Epoch [5/5], Batch [147/300], Loss: 1.0873 (Overall: 0.7913, Change: 1.1299), TF Ratio: 0.731
[2026-06-16 11:36:38,782][root][INFO] - Epoch [5/5], Batch [148/300], Loss: 1.0873 (Overall: 0.9105, Change: 1.2703), TF Ratio: 0.730
[2026-06-16 11:36:38,932][root][INFO] - Epoch [5/5], Batch [149/300], Loss: 1.0872 (Overall: 0.8350, Change: 1.3097), TF Ratio: 0.730
[2026-06-16 11:36:39,083][root][INFO] - Epoch [5/5], Batch [150/300], Loss: 1.0867 (Overall: 0.7039, Change: 1.3178), TF Ratio: 0.730
[2026-06-16 11:36:39,243][root][INFO] - Epoch [5/5], Batch [151/300], Loss: 1.0862 (Overall: 0.7510, Change: 1.2606), TF Ratio: 0.730
[2026-06-16 11:36:39,397][root][INFO] - Epoch [5/5], Batch [152/300], Loss: 1.0863 (Overall: 0.7478, Change: 1.4493), TF Ratio: 0.730
[2026-06-16 11:36:39,547][root][INFO] - Epoch [5/5], Batch [153/300], Loss: 1.0861 (Overall: 0.9863, Change: 1.1316), TF Ratio: 0.729
[2026-06-16 11:36:39,698][root][INFO] - Epoch [5/5], Batch [154/300], Loss: 1.0866 (Overall: 0.7852, Change: 1.5304), TF Ratio: 0.729
[2026-06-16 11:36:39,849][root][INFO] - Epoch [5/5], Batch [155/300], Loss: 1.0855 (Overall: 0.7940, Change: 1.0654), TF Ratio: 0.729
[2026-06-16 11:36:40,001][root][INFO] - Epoch [5/5], Batch [156/300], Loss: 1.0862 (Overall: 0.8924, Change: 1.4894), TF Ratio: 0.729
[2026-06-16 11:36:40,152][root][INFO] - Epoch [5/5], Batch [157/300], Loss: 1.0856 (Overall: 0.6354, Change: 1.3534), TF Ratio: 0.729
[2026-06-16 11:36:40,303][root][INFO] - Epoch [5/5], Batch [158/300], Loss: 1.0858 (Overall: 0.9222, Change: 1.2988), TF Ratio: 0.728
[2026-06-16 11:36:40,454][root][INFO] - Epoch [5/5], Batch [159/300], Loss: 1.0855 (Overall: 0.9822, Change: 1.0990), TF Ratio: 0.728
[2026-06-16 11:36:40,605][root][INFO] - Epoch [5/5], Batch [160/300], Loss: 1.0845 (Overall: 0.7778, Change: 1.0621), TF Ratio: 0.728
[2026-06-16 11:36:40,765][root][INFO] - Epoch [5/5], Batch [161/300], Loss: 1.0837 (Overall: 0.5203, Change: 1.3939), TF Ratio: 0.728
[2026-06-16 11:36:40,916][root][INFO] - Epoch [5/5], Batch [162/300], Loss: 1.0824 (Overall: 0.7436, Change: 0.9961), TF Ratio: 0.728
[2026-06-16 11:36:41,067][root][INFO] - Epoch [5/5], Batch [163/300], Loss: 1.0809 (Overall: 0.6398, Change: 1.0345), TF Ratio: 0.727
[2026-06-16 11:36:41,219][root][INFO] - Epoch [5/5], Batch [164/300], Loss: 1.0810 (Overall: 0.7800, Change: 1.4223), TF Ratio: 0.727
[2026-06-16 11:36:41,371][root][INFO] - Epoch [5/5], Batch [165/300], Loss: 1.0831 (Overall: 0.5234, Change: 2.3525), TF Ratio: 0.727
[2026-06-16 11:36:41,522][root][INFO] - Epoch [5/5], Batch [166/300], Loss: 1.0824 (Overall: 0.5442, Change: 1.3767), TF Ratio: 0.727
[2026-06-16 11:36:41,673][root][INFO] - Epoch [5/5], Batch [167/300], Loss: 1.0815 (Overall: 0.7950, Change: 1.0784), TF Ratio: 0.727
[2026-06-16 11:36:41,831][root][INFO] - Epoch [5/5], Batch [168/300], Loss: 1.0802 (Overall: 0.5160, Change: 1.1955), TF Ratio: 0.726
[2026-06-16 11:36:41,981][root][INFO] - Epoch [5/5], Batch [169/300], Loss: 1.0802 (Overall: 0.7413, Change: 1.4160), TF Ratio: 0.726
[2026-06-16 11:36:42,132][root][INFO] - Epoch [5/5], Batch [170/300], Loss: 1.0796 (Overall: 0.6090, Change: 1.3567), TF Ratio: 0.726
[2026-06-16 11:36:42,282][root][INFO] - Epoch [5/5], Batch [171/300], Loss: 1.0804 (Overall: 0.9653, Change: 1.4763), TF Ratio: 0.726
[2026-06-16 11:36:42,435][root][INFO] - Epoch [5/5], Batch [172/300], Loss: 1.0814 (Overall: 0.9203, Change: 1.5684), TF Ratio: 0.726
[2026-06-16 11:36:42,585][root][INFO] - Epoch [5/5], Batch [173/300], Loss: 1.0818 (Overall: 0.8598, Change: 1.4486), TF Ratio: 0.725
[2026-06-16 11:36:42,737][root][INFO] - Epoch [5/5], Batch [174/300], Loss: 1.0824 (Overall: 0.8502, Change: 1.5179), TF Ratio: 0.725
[2026-06-16 11:36:42,888][root][INFO] - Epoch [5/5], Batch [175/300], Loss: 1.0836 (Overall: 1.2540, Change: 1.3240), TF Ratio: 0.725
[2026-06-16 11:36:43,040][root][INFO] - Epoch [5/5], Batch [176/300], Loss: 1.0819 (Overall: 0.6574, Change: 0.9261), TF Ratio: 0.725
[2026-06-16 11:36:43,190][root][INFO] - Epoch [5/5], Batch [177/300], Loss: 1.0812 (Overall: 0.7890, Change: 1.1257), TF Ratio: 0.725
[2026-06-16 11:36:43,341][root][INFO] - Epoch [5/5], Batch [178/300], Loss: 1.0818 (Overall: 0.8550, Change: 1.5100), TF Ratio: 0.724
[2026-06-16 11:36:43,492][root][INFO] - Epoch [5/5], Batch [179/300], Loss: 1.0814 (Overall: 0.8854, Change: 1.1520), TF Ratio: 0.724
[2026-06-16 11:36:43,643][root][INFO] - Epoch [5/5], Batch [180/300], Loss: 1.0807 (Overall: 0.8355, Change: 1.0589), TF Ratio: 0.724
[2026-06-16 11:36:43,796][root][INFO] - Epoch [5/5], Batch [181/300], Loss: 1.0809 (Overall: 0.7604, Change: 1.4890), TF Ratio: 0.724
[2026-06-16 11:36:43,947][root][INFO] - Epoch [5/5], Batch [182/300], Loss: 1.0816 (Overall: 0.8475, Change: 1.5722), TF Ratio: 0.724
[2026-06-16 11:36:44,098][root][INFO] - Epoch [5/5], Batch [183/300], Loss: 1.0809 (Overall: 0.5167, Change: 1.3792), TF Ratio: 0.723
[2026-06-16 11:36:44,249][root][INFO] - Epoch [5/5], Batch [184/300], Loss: 1.0815 (Overall: 0.7870, Change: 1.6018), TF Ratio: 0.723
[2026-06-16 11:36:44,400][root][INFO] - Epoch [5/5], Batch [185/300], Loss: 1.0818 (Overall: 0.7199, Change: 1.5587), TF Ratio: 0.723
[2026-06-16 11:36:44,554][root][INFO] - Epoch [5/5], Batch [186/300], Loss: 1.0811 (Overall: 0.7530, Change: 1.1530), TF Ratio: 0.723
[2026-06-16 11:36:44,705][root][INFO] - Epoch [5/5], Batch [187/300], Loss: 1.0813 (Overall: 0.6654, Change: 1.5686), TF Ratio: 0.723
[2026-06-16 11:36:44,857][root][INFO] - Epoch [5/5], Batch [188/300], Loss: 1.0830 (Overall: 1.1007, Change: 1.6911), TF Ratio: 0.722
[2026-06-16 11:36:45,007][root][INFO] - Epoch [5/5], Batch [189/300], Loss: 1.0840 (Overall: 0.8424, Change: 1.7186), TF Ratio: 0.722
[2026-06-16 11:36:45,158][root][INFO] - Epoch [5/5], Batch [190/300], Loss: 1.0834 (Overall: 0.5366, Change: 1.4029), TF Ratio: 0.722
[2026-06-16 11:36:45,309][root][INFO] - Epoch [5/5], Batch [191/300], Loss: 1.0856 (Overall: 1.5078, Change: 1.4791), TF Ratio: 0.722
[2026-06-16 11:36:45,461][root][INFO] - Epoch [5/5], Batch [192/300], Loss: 1.0857 (Overall: 0.6832, Change: 1.5097), TF Ratio: 0.722
[2026-06-16 11:36:45,612][root][INFO] - Epoch [5/5], Batch [193/300], Loss: 1.0878 (Overall: 1.3854, Change: 1.6112), TF Ratio: 0.721
[2026-06-16 11:36:45,769][root][INFO] - Epoch [5/5], Batch [194/300], Loss: 1.0881 (Overall: 0.7800, Change: 1.5020), TF Ratio: 0.721
[2026-06-16 11:36:45,920][root][INFO] - Epoch [5/5], Batch [195/300], Loss: 1.0880 (Overall: 0.7424, Change: 1.4075), TF Ratio: 0.721
[2026-06-16 11:36:46,072][root][INFO] - Epoch [5/5], Batch [196/300], Loss: 1.0865 (Overall: 0.5456, Change: 1.0498), TF Ratio: 0.721
[2026-06-16 11:36:46,223][root][INFO] - Epoch [5/5], Batch [197/300], Loss: 1.0860 (Overall: 0.8137, Change: 1.1460), TF Ratio: 0.721
[2026-06-16 11:36:46,374][root][INFO] - Epoch [5/5], Batch [198/300], Loss: 1.0865 (Overall: 0.7846, Change: 1.5837), TF Ratio: 0.720
[2026-06-16 11:36:46,544][root][INFO] - Epoch [5/5], Batch [199/300], Loss: 1.0863 (Overall: 0.6303, Change: 1.4692), TF Ratio: 0.720
[2026-06-16 11:36:46,703][root][INFO] - Epoch [5/5], Batch [200/300], Loss: 1.0874 (Overall: 0.9689, Change: 1.6688), TF Ratio: 0.720
[2026-06-16 11:36:46,853][root][INFO] - Epoch [5/5], Batch [201/300], Loss: 1.0876 (Overall: 0.7828, Change: 1.4597), TF Ratio: 0.720
[2026-06-16 11:36:47,004][root][INFO] - Epoch [5/5], Batch [202/300], Loss: 1.0875 (Overall: 0.6162, Change: 1.5008), TF Ratio: 0.720
[2026-06-16 11:36:47,155][root][INFO] - Epoch [5/5], Batch [203/300], Loss: 1.0889 (Overall: 0.9589, Change: 1.7788), TF Ratio: 0.719
[2026-06-16 11:36:47,307][root][INFO] - Epoch [5/5], Batch [204/300], Loss: 1.0875 (Overall: 0.7245, Change: 0.8849), TF Ratio: 0.719
[2026-06-16 11:36:47,458][root][INFO] - Epoch [5/5], Batch [205/300], Loss: 1.0866 (Overall: 0.5348, Change: 1.2778), TF Ratio: 0.719
[2026-06-16 11:36:47,609][root][INFO] - Epoch [5/5], Batch [206/300], Loss: 1.0872 (Overall: 0.7361, Change: 1.7117), TF Ratio: 0.719
[2026-06-16 11:36:47,760][root][INFO] - Epoch [5/5], Batch [207/300], Loss: 1.0876 (Overall: 0.9016, Change: 1.3991), TF Ratio: 0.719
[2026-06-16 11:36:47,911][root][INFO] - Epoch [5/5], Batch [208/300], Loss: 1.0874 (Overall: 0.7331, Change: 1.3914), TF Ratio: 0.718
[2026-06-16 11:36:48,062][root][INFO] - Epoch [5/5], Batch [209/300], Loss: 1.0880 (Overall: 0.8944, Change: 1.4989), TF Ratio: 0.718
[2026-06-16 11:36:48,212][root][INFO] - Epoch [5/5], Batch [210/300], Loss: 1.0860 (Overall: 0.6819, Change: 0.6901), TF Ratio: 0.718
[2026-06-16 11:36:48,363][root][INFO] - Epoch [5/5], Batch [211/300], Loss: 1.0855 (Overall: 0.6430, Change: 1.3167), TF Ratio: 0.718
[2026-06-16 11:36:48,522][root][INFO] - Epoch [5/5], Batch [212/300], Loss: 1.0852 (Overall: 0.7979, Change: 1.2355), TF Ratio: 0.718
[2026-06-16 11:36:48,682][root][INFO] - Epoch [5/5], Batch [213/300], Loss: 1.0848 (Overall: 0.8484, Change: 1.1406), TF Ratio: 0.717
[2026-06-16 11:36:48,833][root][INFO] - Epoch [5/5], Batch [214/300], Loss: 1.0855 (Overall: 0.7130, Change: 1.7695), TF Ratio: 0.717
[2026-06-16 11:36:48,985][root][INFO] - Epoch [5/5], Batch [215/300], Loss: 1.0860 (Overall: 0.8784, Change: 1.5112), TF Ratio: 0.717
[2026-06-16 11:36:49,136][root][INFO] - Epoch [5/5], Batch [216/300], Loss: 1.0864 (Overall: 0.9774, Change: 1.3423), TF Ratio: 0.717
[2026-06-16 11:36:49,287][root][INFO] - Epoch [5/5], Batch [217/300], Loss: 1.0857 (Overall: 0.5404, Change: 1.3329), TF Ratio: 0.717
[2026-06-16 11:36:49,439][root][INFO] - Epoch [5/5], Batch [218/300], Loss: 1.0863 (Overall: 0.9660, Change: 1.4633), TF Ratio: 0.716
[2026-06-16 11:36:49,591][root][INFO] - Epoch [5/5], Batch [219/300], Loss: 1.0858 (Overall: 0.8622, Change: 1.1012), TF Ratio: 0.716
[2026-06-16 11:36:49,748][root][INFO] - Epoch [5/5], Batch [220/300], Loss: 1.0852 (Overall: 0.5922, Change: 1.3356), TF Ratio: 0.716
[2026-06-16 11:36:49,904][root][INFO] - Epoch [5/5], Batch [221/300], Loss: 1.0837 (Overall: 0.4952, Change: 1.0072), TF Ratio: 0.716
[2026-06-16 11:36:50,055][root][INFO] - Epoch [5/5], Batch [222/300], Loss: 1.0836 (Overall: 0.8154, Change: 1.2906), TF Ratio: 0.716
[2026-06-16 11:36:50,206][root][INFO] - Epoch [5/5], Batch [223/300], Loss: 1.0824 (Overall: 0.6662, Change: 0.9597), TF Ratio: 0.715
[2026-06-16 11:36:50,358][root][INFO] - Epoch [5/5], Batch [224/300], Loss: 1.0818 (Overall: 0.7586, Change: 1.1621), TF Ratio: 0.715
[2026-06-16 11:36:50,509][root][INFO] - Epoch [5/5], Batch [225/300], Loss: 1.0817 (Overall: 0.6324, Change: 1.4539), TF Ratio: 0.715
[2026-06-16 11:36:50,670][root][INFO] - Epoch [5/5], Batch [226/300], Loss: 1.0831 (Overall: 1.1185, Change: 1.6820), TF Ratio: 0.715
[2026-06-16 11:36:50,821][root][INFO] - Epoch [5/5], Batch [227/300], Loss: 1.0831 (Overall: 0.7782, Change: 1.3998), TF Ratio: 0.715
[2026-06-16 11:36:50,973][root][INFO] - Epoch [5/5], Batch [228/300], Loss: 1.0833 (Overall: 0.7363, Change: 1.5175), TF Ratio: 0.714
[2026-06-16 11:36:51,124][root][INFO] - Epoch [5/5], Batch [229/300], Loss: 1.0834 (Overall: 0.8407, Change: 1.3600), TF Ratio: 0.714
[2026-06-16 11:36:51,275][root][INFO] - Epoch [5/5], Batch [230/300], Loss: 1.0818 (Overall: 0.5868, Change: 0.8709), TF Ratio: 0.714
[2026-06-16 11:36:51,426][root][INFO] - Epoch [5/5], Batch [231/300], Loss: 1.0828 (Overall: 0.9747, Change: 1.6580), TF Ratio: 0.714
[2026-06-16 11:36:51,577][root][INFO] - Epoch [5/5], Batch [232/300], Loss: 1.0832 (Overall: 0.6470, Change: 1.6987), TF Ratio: 0.714
[2026-06-16 11:36:51,728][root][INFO] - Epoch [5/5], Batch [233/300], Loss: 1.0833 (Overall: 0.7669, Change: 1.4221), TF Ratio: 0.713
[2026-06-16 11:36:51,878][root][INFO] - Epoch [5/5], Batch [234/300], Loss: 1.0832 (Overall: 0.8771, Change: 1.2627), TF Ratio: 0.713
[2026-06-16 11:36:52,030][root][INFO] - Epoch [5/5], Batch [235/300], Loss: 1.0830 (Overall: 0.5929, Change: 1.4797), TF Ratio: 0.713
[2026-06-16 11:36:52,183][root][INFO] - Epoch [5/5], Batch [236/300], Loss: 1.0819 (Overall: 0.6664, Change: 0.9888), TF Ratio: 0.713
[2026-06-16 11:36:52,334][root][INFO] - Epoch [5/5], Batch [237/300], Loss: 1.0820 (Overall: 0.6656, Change: 1.5296), TF Ratio: 0.713
[2026-06-16 11:36:52,484][root][INFO] - Epoch [5/5], Batch [238/300], Loss: 1.0820 (Overall: 0.7362, Change: 1.4515), TF Ratio: 0.712
[2026-06-16 11:36:52,635][root][INFO] - Epoch [5/5], Batch [239/300], Loss: 1.0822 (Overall: 0.8985, Change: 1.3353), TF Ratio: 0.712
[2026-06-16 11:36:52,787][root][INFO] - Epoch [5/5], Batch [240/300], Loss: 1.0830 (Overall: 1.0910, Change: 1.4655), TF Ratio: 0.712
[2026-06-16 11:36:52,937][root][INFO] - Epoch [5/5], Batch [241/300], Loss: 1.0826 (Overall: 0.8971, Change: 1.0632), TF Ratio: 0.712
[2026-06-16 11:36:53,088][root][INFO] - Epoch [5/5], Batch [242/300], Loss: 1.0832 (Overall: 0.7375, Change: 1.7137), TF Ratio: 0.712
[2026-06-16 11:36:53,241][root][INFO] - Epoch [5/5], Batch [243/300], Loss: 1.0836 (Overall: 0.8126, Change: 1.5560), TF Ratio: 0.711
[2026-06-16 11:36:53,399][root][INFO] - Epoch [5/5], Batch [244/300], Loss: 1.0827 (Overall: 0.4751, Change: 1.2418), TF Ratio: 0.711
[2026-06-16 11:36:53,550][root][INFO] - Epoch [5/5], Batch [245/300], Loss: 1.0829 (Overall: 1.0218, Change: 1.2771), TF Ratio: 0.711
[2026-06-16 11:36:53,702][root][INFO] - Epoch [5/5], Batch [246/300], Loss: 1.0832 (Overall: 0.7984, Change: 1.5101), TF Ratio: 0.711
[2026-06-16 11:36:53,858][root][INFO] - Epoch [5/5], Batch [247/300], Loss: 1.0853 (Overall: 1.1912, Change: 1.9827), TF Ratio: 0.711
[2026-06-16 11:36:54,011][root][INFO] - Epoch [5/5], Batch [248/300], Loss: 1.0832 (Overall: 1.1512, Change: 0.0000), TF Ratio: 0.710
[2026-06-16 11:36:54,162][root][INFO] - Epoch [5/5], Batch [249/300], Loss: 1.0837 (Overall: 0.8633, Change: 1.5271), TF Ratio: 0.710
[2026-06-16 11:36:54,313][root][INFO] - Epoch [5/5], Batch [250/300], Loss: 1.0844 (Overall: 0.9871, Change: 1.5400), TF Ratio: 0.710
[2026-06-16 11:36:54,464][root][INFO] - Epoch [5/5], Batch [251/300], Loss: 1.0836 (Overall: 0.7513, Change: 1.0469), TF Ratio: 0.710
[2026-06-16 11:36:54,615][root][INFO] - Epoch [5/5], Batch [252/300], Loss: 1.0831 (Overall: 0.6224, Change: 1.2779), TF Ratio: 0.710
[2026-06-16 11:36:54,766][root][INFO] - Epoch [5/5], Batch [253/300], Loss: 1.0834 (Overall: 0.8382, Change: 1.4852), TF Ratio: 0.709
[2026-06-16 11:36:54,917][root][INFO] - Epoch [5/5], Batch [254/300], Loss: 1.0837 (Overall: 1.0137, Change: 1.2734), TF Ratio: 0.709
[2026-06-16 11:36:55,069][root][INFO] - Epoch [5/5], Batch [255/300], Loss: 1.0838 (Overall: 0.6171, Change: 1.6188), TF Ratio: 0.709
[2026-06-16 11:36:55,220][root][INFO] - Epoch [5/5], Batch [256/300], Loss: 1.0842 (Overall: 0.8132, Change: 1.5355), TF Ratio: 0.709
[2026-06-16 11:36:55,371][root][INFO] - Epoch [5/5], Batch [257/300], Loss: 1.0841 (Overall: 0.7829, Change: 1.3807), TF Ratio: 0.709
[2026-06-16 11:36:55,521][root][INFO] - Epoch [5/5], Batch [258/300], Loss: 1.0847 (Overall: 0.8635, Change: 1.6044), TF Ratio: 0.708
[2026-06-16 11:36:55,673][root][INFO] - Epoch [5/5], Batch [259/300], Loss: 1.0846 (Overall: 0.7291, Change: 1.3887), TF Ratio: 0.708
[2026-06-16 11:36:55,825][root][INFO] - Epoch [5/5], Batch [260/300], Loss: 1.0840 (Overall: 0.6434, Change: 1.1990), TF Ratio: 0.708
[2026-06-16 11:36:55,975][root][INFO] - Epoch [5/5], Batch [261/300], Loss: 1.0851 (Overall: 1.0929, Change: 1.6531), TF Ratio: 0.708
[2026-06-16 11:36:56,128][root][INFO] - Epoch [5/5], Batch [262/300], Loss: 1.0851 (Overall: 0.8099, Change: 1.3469), TF Ratio: 0.708
[2026-06-16 11:36:56,278][root][INFO] - Epoch [5/5], Batch [263/300], Loss: 1.0851 (Overall: 0.7786, Change: 1.4213), TF Ratio: 0.707
[2026-06-16 11:36:56,431][root][INFO] - Epoch [5/5], Batch [264/300], Loss: 1.0847 (Overall: 0.4197, Change: 1.5149), TF Ratio: 0.707
[2026-06-16 11:36:56,581][root][INFO] - Epoch [5/5], Batch [265/300], Loss: 1.0849 (Overall: 0.6502, Change: 1.6180), TF Ratio: 0.707
[2026-06-16 11:36:56,732][root][INFO] - Epoch [5/5], Batch [266/300], Loss: 1.0845 (Overall: 0.5999, Change: 1.3746), TF Ratio: 0.707
[2026-06-16 11:36:56,883][root][INFO] - Epoch [5/5], Batch [267/300], Loss: 1.0849 (Overall: 0.9069, Change: 1.4917), TF Ratio: 0.707
[2026-06-16 11:36:57,035][root][INFO] - Epoch [5/5], Batch [268/300], Loss: 1.0849 (Overall: 0.6634, Change: 1.5040), TF Ratio: 0.706
[2026-06-16 11:36:57,186][root][INFO] - Epoch [5/5], Batch [269/300], Loss: 1.0846 (Overall: 0.6286, Change: 1.3712), TF Ratio: 0.706
[2026-06-16 11:36:57,337][root][INFO] - Epoch [5/5], Batch [270/300], Loss: 1.0851 (Overall: 0.8123, Change: 1.5953), TF Ratio: 0.706
[2026-06-16 11:36:57,488][root][INFO] - Epoch [5/5], Batch [271/300], Loss: 1.0847 (Overall: 0.6875, Change: 1.2732), TF Ratio: 0.706
[2026-06-16 11:36:57,640][root][INFO] - Epoch [5/5], Batch [272/300], Loss: 1.0841 (Overall: 0.7519, Change: 1.1265), TF Ratio: 0.706
[2026-06-16 11:36:57,791][root][INFO] - Epoch [5/5], Batch [273/300], Loss: 1.0857 (Overall: 1.6916, Change: 1.3378), TF Ratio: 0.705
[2026-06-16 11:36:57,946][root][INFO] - Epoch [5/5], Batch [274/300], Loss: 1.0849 (Overall: 0.5235, Change: 1.1892), TF Ratio: 0.705
[2026-06-16 11:36:58,098][root][INFO] - Epoch [5/5], Batch [275/300], Loss: 1.0845 (Overall: 0.6762, Change: 1.3137), TF Ratio: 0.705
[2026-06-16 11:36:58,249][root][INFO] - Epoch [5/5], Batch [276/300], Loss: 1.0836 (Overall: 0.8212, Change: 0.8478), TF Ratio: 0.705
[2026-06-16 11:36:58,400][root][INFO] - Epoch [5/5], Batch [277/300], Loss: 1.0832 (Overall: 0.7290, Change: 1.1658), TF Ratio: 0.705
[2026-06-16 11:36:58,551][root][INFO] - Epoch [5/5], Batch [278/300], Loss: 1.0830 (Overall: 0.7178, Change: 1.3762), TF Ratio: 0.704
[2026-06-16 11:36:58,705][root][INFO] - Epoch [5/5], Batch [279/300], Loss: 1.0841 (Overall: 0.7997, Change: 1.9725), TF Ratio: 0.704
[2026-06-16 11:36:58,857][root][INFO] - Epoch [5/5], Batch [280/300], Loss: 1.0834 (Overall: 0.4628, Change: 1.3168), TF Ratio: 0.704
[2026-06-16 11:36:59,007][root][INFO] - Epoch [5/5], Batch [281/300], Loss: 1.0825 (Overall: 0.5169, Change: 1.1353), TF Ratio: 0.704
[2026-06-16 11:36:59,158][root][INFO] - Epoch [5/5], Batch [282/300], Loss: 1.0840 (Overall: 1.1050, Change: 1.9156), TF Ratio: 0.704
[2026-06-16 11:36:59,310][root][INFO] - Epoch [5/5], Batch [283/300], Loss: 1.0844 (Overall: 0.9482, Change: 1.4599), TF Ratio: 0.703
[2026-06-16 11:36:59,462][root][INFO] - Epoch [5/5], Batch [284/300], Loss: 1.0851 (Overall: 0.8277, Change: 1.7421), TF Ratio: 0.703
[2026-06-16 11:36:59,612][root][INFO] - Epoch [5/5], Batch [285/300], Loss: 1.0854 (Overall: 0.7770, Change: 1.5211), TF Ratio: 0.703
[2026-06-16 11:36:59,763][root][INFO] - Epoch [5/5], Batch [286/300], Loss: 1.0849 (Overall: 0.7753, Change: 1.1406), TF Ratio: 0.703
[2026-06-16 11:36:59,914][root][INFO] - Epoch [5/5], Batch [287/300], Loss: 1.0845 (Overall: 0.7760, Change: 1.1736), TF Ratio: 0.703
[2026-06-16 11:37:00,072][root][INFO] - Epoch [5/5], Batch [288/300], Loss: 1.0849 (Overall: 0.9014, Change: 1.4494), TF Ratio: 0.702
[2026-06-16 11:37:00,223][root][INFO] - Epoch [5/5], Batch [289/300], Loss: 1.0853 (Overall: 1.1333, Change: 1.3029), TF Ratio: 0.702
[2026-06-16 11:37:00,376][root][INFO] - Epoch [5/5], Batch [290/300], Loss: 1.0850 (Overall: 0.5548, Change: 1.4250), TF Ratio: 0.702
[2026-06-16 11:37:00,532][root][INFO] - Epoch [5/5], Batch [291/300], Loss: 1.0855 (Overall: 0.9726, Change: 1.4822), TF Ratio: 0.702
[2026-06-16 11:37:00,683][root][INFO] - Epoch [5/5], Batch [292/300], Loss: 1.0859 (Overall: 0.7099, Change: 1.7137), TF Ratio: 0.702
[2026-06-16 11:37:00,834][root][INFO] - Epoch [5/5], Batch [293/300], Loss: 1.0859 (Overall: 0.5929, Change: 1.5724), TF Ratio: 0.701
[2026-06-16 11:37:00,986][root][INFO] - Epoch [5/5], Batch [294/300], Loss: 1.0857 (Overall: 1.0573, Change: 0.9840), TF Ratio: 0.701
[2026-06-16 11:37:01,138][root][INFO] - Epoch [5/5], Batch [295/300], Loss: 1.0851 (Overall: 0.6826, Change: 1.1548), TF Ratio: 0.701
[2026-06-16 11:37:01,290][root][INFO] - Epoch [5/5], Batch [296/300], Loss: 1.0859 (Overall: 0.9717, Change: 1.6455), TF Ratio: 0.701
[2026-06-16 11:37:01,443][root][INFO] - Epoch [5/5], Batch [297/300], Loss: 1.0863 (Overall: 0.9880, Change: 1.4243), TF Ratio: 0.701
[2026-06-16 11:37:01,594][root][INFO] - Epoch [5/5], Batch [298/300], Loss: 1.0879 (Overall: 1.3802, Change: 1.7483), TF Ratio: 0.700
[2026-06-16 11:37:01,746][root][INFO] - Epoch [5/5], Batch [299/300], Loss: 1.0874 (Overall: 0.5321, Change: 1.3632), TF Ratio: 0.700
[2026-06-16 11:37:01,897][root][INFO] - Epoch [5/5], Batch [300/300], Loss: 1.0875 (Overall: 0.8168, Change: 1.3974), TF Ratio: 0.700
[2026-06-16 11:37:02,799][root][INFO] - Epoch 5 done. Validating...
[2026-06-16 11:37:05,983][root][INFO] - Epoch [5/5] | Train: 1.0875 | Val: 0.6073
[2026-06-16 11:37:06,175][root][INFO] - Checkpoint saved: /gpfs/scratch/bsc32/bsc096444/ai4land-tfm/trained_models/unet_impl/41825173/model_epoch_5.pth
[2026-06-16 11:37:06,499][root][INFO] - Training complete.
